| Run on Thu Jan 29 15:35:17 2026
| GB non-polar solvation energies calculated with gbsa=2
idecomp = 1: Per-residue decomp adding 1-4 interactions to Internal.
Energy Decomposition Analysis (All units kcal/mol): Generalized Born solvent
Complex:
Total Energy Decomposition:
Residue,Internal,,,van der Waals,,,Electrostatic,,,Polar Solvation,,,Non-Polar Solv.,,,TOTAL,,
,Avg.,Std. Dev.,Std. Err. of Mean,Avg.,Std. Dev.,Std. Err. of Mean,Avg.,Std. Dev.,Std. Err. of Mean,Avg.,Std. Dev.,Std. Err. of Mean,Avg.,Std. Dev.,Std. Err. of Mean,Avg.,Std. Dev.,Std. Err. of Mean
PRO   1,100.717,0.0,0.0,-8.052,0.0,0.0,-120.375,0.0,0.0,18.182,0.0,0.0,0.13718562,0.0,0.0,-9.390814380000009,0.0,0.0
ILE   2,93.875,0.0,0.0,-8.229,0.0,0.0,-66.545,0.0,0.0,-4.342,0.0,0.0,0.22296796,0.0,0.0,14.98196796,0.0,0.0
VAL   3,49.769,0.0,0.0,-5.658,0.0,0.0,-50.379,0.0,0.0,-2.525,0.0,0.0,0.33886382000000004,0.0,0.0,-8.45413618,0.0,0.0
GLN   4,25.258,0.0,0.0,-6.771,0.0,0.0,-56.674,0.0,0.0,-17.452,0.0,0.0,0.6902912,0.0,0.0,-54.9487088,0.0,0.0
ASN   5,31.043,0.0,0.0,-6.661,0.0,0.0,-75.88,0.0,0.0,-14.535,0.0,0.0,0.31354158,0.0,0.0,-65.71945842,0.0,0.0
LEU   6,65.787,0.0,0.0,-3.025,0.0,0.0,-64.422,0.0,0.0,-8.98,0.0,0.0,1.1027586200000001,0.0,0.0,-9.53724137999999,0.0,0.0
GLN   7,34.268,0.0,0.0,-3.591,0.0,0.0,-71.394,0.0,0.0,-18.963,0.0,0.0,0.92109648,0.0,0.0,-58.758903520000004,0.0,0.0
GLY   8,79.807,0.0,0.0,-3.485,0.0,0.0,-70.074,0.0,0.0,-6.895,0.0,0.0,0.22682158,0.0,0.0,-0.42017841999999495,0.0,0.0
GLN   9,38.102,0.0,0.0,-7.417,0.0,0.0,-69.349,0.0,0.0,-18.263,0.0,0.0,0.6684377600000001,0.0,0.0,-56.25856224,0.0,0.0
MET  10,98.412,0.0,0.0,-7.685,0.0,0.0,-77.627,0.0,0.0,-5.77,0.0,0.0,0.43226126000000004,0.0,0.0,7.762261260000009,0.0,0.0
VAL  11,51.968,0.0,0.0,-6.933,0.0,0.0,-52.986,0.0,0.0,-4.304,0.0,0.0,0.31445756,0.0,0.0,-11.940542439999994,0.0,0.0
HID  12,90.732,0.0,0.0,-9.769,0.0,0.0,-53.824,0.0,0.0,-13.558,0.0,0.0,0.38175770000000003,0.0,0.0,13.962757699999996,0.0,0.0
GLN  13,35.216,0.0,0.0,-6.3,0.0,0.0,-71.336,0.0,0.0,-11.132,0.0,0.0,0.4996698,0.0,0.0,-53.0523302,0.0,0.0
ALA  14,92.445,0.0,0.0,-3.626,0.0,0.0,-80.505,0.0,0.0,-3.254,0.0,0.0,0.40789294000000004,0.0,0.0,5.467892939999993,0.0,0.0
ILE  15,94.358,0.0,0.0,-8.778,0.0,0.0,-75.478,0.0,0.0,-3.434,0.0,0.0,0.12292018,0.0,0.0,6.790920180000004,0.0,0.0
SER  16,73.805,0.0,0.0,-5.406,0.0,0.0,-52.487,0.0,0.0,-7.189,0.0,0.0,0.19452922,0.0,0.0,8.917529219999999,0.0,0.0
PRO  17,92.684,0.0,0.0,-4.978,0.0,0.0,-60.036,0.0,0.0,-6.268,0.0,0.0,0.44690610000000003,0.0,0.0,21.8489061,0.0,0.0
ARG  18,-182.121,0.0,0.0,-4.895,0.0,0.0,64.307,0.0,0.0,-46.562,0.0,0.0,1.02904662,0.0,0.0,-168.24195338,0.0,0.0
THR  19,43.411,0.0,0.0,-8.017,0.0,0.0,-52.257,0.0,0.0,-2.513,0.0,0.0,0.15675724000000002,0.0,0.0,-19.21924275999999,0.0,0.0
LEU  20,62.215,0.0,0.0,-7.919,0.0,0.0,-59.137,0.0,0.0,-3.255,0.0,0.0,0.27628450000000004,0.0,0.0,-7.819715499999993,0.0,0.0
ASN  21,34.555,0.0,0.0,-6.582,0.0,0.0,-88.291,0.0,0.0,-13.74,0.0,0.0,0.6182594,0.0,0.0,-73.4397406,0.0,0.0
ALA  22,92.964,0.0,0.0,-4.744,0.0,0.0,-82.521,0.0,0.0,-1.136,0.0,0.0,0.19932592000000002,0.0,0.0,4.762325919999998,0.0,0.0
TRP  23,131.098,0.0,0.0,-17.297,0.0,0.0,-95.877,0.0,0.0,-5.687,0.0,0.0,0.026270740000000004,0.0,0.0,12.263270740000019,0.0,0.0
VAL  24,69.948,0.0,0.0,-6.308,0.0,0.0,-56.689,0.0,0.0,-7.018,0.0,0.0,0.39047306000000004,0.0,0.0,0.32347305999999365,0.0,0.0
LYS  25,136.888,0.0,0.0,-8.142,0.0,0.0,-123.076,0.0,0.0,-16.499,0.0,0.0,0.60406442,0.0,0.0,-10.224935579999983,0.0,0.0
VAL  26,62.052,0.0,0.0,-7.53,0.0,0.0,-65.839,0.0,0.0,-2.053,0.0,0.0,0.060324600000000006,0.0,0.0,-13.309675400000001,0.0,0.0
VAL  27,38.93,0.0,0.0,-7.93,0.0,0.0,-44.21,0.0,0.0,-3.608,0.0,0.0,0.11753812000000001,0.0,0.0,-16.700461880000002,0.0,0.0
GLU  28,96.527,0.0,0.0,-7.475,0.0,0.0,-77.98,0.0,0.0,-64.575,0.0,0.0,0.35863056000000004,0.0,0.0,-53.14436944,0.0,0.0
GLU  29,109.378,0.0,0.0,-10.408,0.0,0.0,-129.728,0.0,0.0,-15.271,0.0,0.0,0.048899240000000004,0.0,0.0,-45.98010076000001,0.0,0.0
LYS  30,118.748,0.0,0.0,-7.36,0.0,0.0,-119.725,0.0,0.0,-10.523,0.0,0.0,0.19050216000000003,0.0,0.0,-18.669497839999988,0.0,0.0
ALA  31,91.078,0.0,0.0,-5.603,0.0,0.0,-75.297,0.0,0.0,-4.522,0.0,0.0,0.0927091,0.0,0.0,5.748709100000012,0.0,0.0
PHE  32,99.684,0.0,0.0,-11.18,0.0,0.0,-73.64,0.0,0.0,-8.486,0.0,0.0,0.23616566000000003,0.0,0.0,6.61416565999999,0.0,0.0
SER  33,80.055,0.0,0.0,-6.215,0.0,0.0,-66.589,0.0,0.0,-1.041,0.0,0.0,0.024693520000000004,0.0,0.0,6.234693520000004,0.0,0.0
PRO  34,73.793,0.0,0.0,-6.065,0.0,0.0,-55.833,0.0,0.0,-2.579,0.0,0.0,0.46662406000000006,0.0,0.0,9.78262406000001,0.0,0.0
GLU  35,105.194,0.0,0.0,-7.629,0.0,0.0,-103.74,0.0,0.0,-45.978,0.0,0.0,0.36282564,0.0,0.0,-51.79017436,0.0,0.0
VAL  36,57.329,0.0,0.0,-8.212,0.0,0.0,-58.311,0.0,0.0,-0.088,0.0,0.0,0.06360912,0.0,0.0,-9.218390879999994,0.0,0.0
ILE  37,91.099,0.0,0.0,-6.887,0.0,0.0,-60.455,0.0,0.0,-1.206,0.0,0.0,0.1771798,0.0,0.0,22.728179800000007,0.0,0.0
PRO  38,80.654,0.0,0.0,-6.595,0.0,0.0,-56.773,0.0,0.0,-4.526,0.0,0.0,0.54559346,0.0,0.0,13.305593459999994,0.0,0.0
MET  39,89.959,0.0,0.0,-8.708,0.0,0.0,-69.072,0.0,0.0,-4.006,0.0,0.0,0.38893920000000004,0.0,0.0,8.561939200000001,0.0,0.0
PHE  40,99.848,0.0,0.0,-13.584,0.0,0.0,-83.152,0.0,0.0,-2.137,0.0,0.0,0.0151489,0.0,0.0,0.9901488999999948,0.0,0.0
SER  41,76.077,0.0,0.0,-4.967,0.0,0.0,-67.365,0.0,0.0,-7.123,0.0,0.0,0.2696721,0.0,0.0,-3.1083278999999955,0.0,0.0
ALA  42,83.664,0.0,0.0,-4.976,0.0,0.0,-66.872,0.0,0.0,-5.647,0.0,0.0,0.3899419,0.0,0.0,6.558941900000002,0.0,0.0
LEU  43,78.14,0.0,0.0,-9.173,0.0,0.0,-76.141,0.0,0.0,-4.405,0.0,0.0,0.16946172,0.0,0.0,-11.409538280000008,0.0,0.0
SER  44,73.248,0.0,0.0,-6.316,0.0,0.0,-74.801,0.0,0.0,0.073,0.0,0.0,0.009354920000000001,0.0,0.0,-7.7866450799999996,0.0,0.0
GLU  45,101.831,0.0,0.0,-5.495,0.0,0.0,-65.575,0.0,0.0,-81.283,0.0,0.0,0.7382636200000001,0.0,0.0,-49.78373638000001,0.0,0.0
GLY  46,67.164,0.0,0.0,-3.597,0.0,0.0,-70.002,0.0,0.0,-0.439,0.0,0.0,0.061300200000000006,0.0,0.0,-6.812699799999995,0.0,0.0
ALA  47,98.909,0.0,0.0,-7.052,0.0,0.0,-84.844,0.0,0.0,-3.491,0.0,0.0,0.03397256,0.0,0.0,3.555972560000005,0.0,0.0
THR  48,60.467,0.0,0.0,-7.796,0.0,0.0,-61.021,0.0,0.0,-1.204,0.0,0.0,0.00072086,0.0,0.0,-9.553279140000003,0.0,0.0
PRO  49,73.85,0.0,0.0,-10.942,0.0,0.0,-54.994,0.0,0.0,-1.439,0.0,0.0,0.0,0.0,0.0,6.474999999999994,0.0,0.0
GLN  50,30.687,0.0,0.0,-7.258,0.0,0.0,-67.745,0.0,0.0,-14.069,0.0,0.0,0.48719838,0.0,0.0,-57.89780162,0.0,0.0
ASP  51,88.999,0.0,0.0,-8.181,0.0,0.0,-113.453,0.0,0.0,-29.674,0.0,0.0,0.028330340000000002,0.0,0.0,-62.28066966000001,0.0,0.0
LEU  52,62.279,0.0,0.0,-12.86,0.0,0.0,-71.203,0.0,0.0,0.169,0.0,0.0,0.0,0.0,0.0,-21.615,0.0,0.0
ASN  53,29.265,0.0,0.0,-7.408,0.0,0.0,-95.964,0.0,0.0,-6.069,0.0,0.0,0.24664794,0.0,0.0,-79.92935206,0.0,0.0
THR  54,51.491,0.0,0.0,-5.98,0.0,0.0,-58.482,0.0,0.0,-2.454,0.0,0.0,0.26443096,0.0,0.0,-15.160569040000004,0.0,0.0
MET  55,80.521,0.0,0.0,-12.067,0.0,0.0,-66.23,0.0,0.0,-0.368,0.0,0.0,0.0046883,0.0,0.0,1.8606883000000038,0.0,0.0
LEU  56,59.538,0.0,0.0,-9.007,0.0,0.0,-64.939,0.0,0.0,0.005,0.0,0.0,0.13876826,0.0,0.0,-14.264231739999992,0.0,0.0
ASN  57,28.665,0.0,0.0,-6.086,0.0,0.0,-80.447,0.0,0.0,-12.415,0.0,0.0,0.5957393000000001,0.0,0.0,-69.6872607,0.0,0.0
THR  58,51.989,0.0,0.0,-7.539,0.0,0.0,-58.376,0.0,0.0,-7.698,0.0,0.0,0.15824774,0.0,0.0,-21.465752260000002,0.0,0.0
VAL  59,43.881,0.0,0.0,-7.464,0.0,0.0,-45.399,0.0,0.0,-2.585,0.0,0.0,0.07984202,0.0,0.0,-11.487157980000001,0.0,0.0
ALA  60,89.905,0.0,0.0,-3.18,0.0,0.0,-66.538,0.0,0.0,-3.14,0.0,0.0,0.33088558,0.0,0.0,17.377885579999997,0.0,0.0
PRO  61,80.225,0.0,0.0,-3.987,0.0,0.0,-61.371,0.0,0.0,-1.728,0.0,0.0,0.5979073,0.0,0.0,13.736907299999997,0.0,0.0
HID  62,97.841,0.0,0.0,-7.472,0.0,0.0,-66.032,0.0,0.0,-13.113,0.0,0.0,0.41226688,0.0,0.0,11.636266880000004,0.0,0.0
GLN  63,30.019,0.0,0.0,-5.56,0.0,0.0,-64.299,0.0,0.0,-14.422,0.0,0.0,0.83580736,0.0,0.0,-53.426192640000004,0.0,0.0
ALA  64,88.928,0.0,0.0,-4.576,0.0,0.0,-71.784,0.0,0.0,-4.125,0.0,0.0,0.32266886,0.0,0.0,8.765668859999998,0.0,0.0
ALA  65,90.56,0.0,0.0,-6.099,0.0,0.0,-76.598,0.0,0.0,-2.64,0.0,0.0,0.03328422,0.0,0.0,5.256284219999999,0.0,0.0
ALA  66,92.149,0.0,0.0,-6.947,0.0,0.0,-83.396,0.0,0.0,-1.214,0.0,0.0,0.01540906,0.0,0.0,0.6074090599999974,0.0,0.0
GLN  67,44.487,0.0,0.0,-7.7,0.0,0.0,-69.283,0.0,0.0,-21.245,0.0,0.0,0.54535498,0.0,0.0,-53.19564502,0.0,0.0
MET  68,97.13,0.0,0.0,-8.798,0.0,0.0,-75.537,0.0,0.0,-4.162,0.0,0.0,0.24001386000000002,0.0,0.0,8.873013859999988,0.0,0.0
LEU  69,96.025,0.0,0.0,-8.707,0.0,0.0,-79.336,0.0,0.0,-3.931,0.0,0.0,0.01654726,0.0,0.0,4.067547260000014,0.0,0.0
LYS  70,130.576,0.0,0.0,-8.577,0.0,0.0,-112.648,0.0,0.0,-27.187,0.0,0.0,0.73504414,0.0,0.0,-17.100955860000003,0.0,0.0
GLU  71,105.475,0.0,0.0,-7.018,0.0,0.0,-71.622,0.0,0.0,-88.309,0.0,0.0,0.55209746,0.0,0.0,-60.921902540000005,0.0,0.0
THR  72,47.732,0.0,0.0,-7.416,0.0,0.0,-64.34,0.0,0.0,-2.806,0.0,0.0,0.00976684,0.0,0.0,-26.82023316,0.0,0.0
ILE  73,73.103,0.0,0.0,-10.665,0.0,0.0,-54.729,0.0,0.0,-2.764,0.0,0.0,0.08453032,0.0,0.0,5.029530319999997,0.0,0.0
ASN  74,24.88,0.0,0.0,-7.025,0.0,0.0,-84.187,0.0,0.0,-8.523,0.0,0.0,0.5427913200000001,0.0,0.0,-74.31220867999998,0.0,0.0
GLU  75,103.274,0.0,0.0,-6.839,0.0,0.0,-49.388,0.0,0.0,-107.47,0.0,0.0,0.63011836,0.0,0.0,-59.79288164,0.0,0.0
GLU  76,90.918,0.0,0.0,-10.572,0.0,0.0,-46.591,0.0,0.0,-92.433,0.0,0.0,0.25434976,0.0,0.0,-58.42365024000001,0.0,0.0
ALA  77,82.775,0.0,0.0,-6.119,0.0,0.0,-74.58,0.0,0.0,-1.002,0.0,0.0,0.07589084000000001,0.0,0.0,1.1498908400000076,0.0,0.0
ALA  78,98.092,0.0,0.0,-5.698,0.0,0.0,-86.258,0.0,0.0,0.479,0.0,0.0,0.33081512,0.0,0.0,6.94581512000001,0.0,0.0
GLU  79,108.461,0.0,0.0,-5.956,0.0,0.0,-75.178,0.0,0.0,-79.743,0.0,0.0,0.41747008,0.0,0.0,-51.998529919999996,0.0,0.0
TRP  80,113.908,0.0,0.0,-16.46,0.0,0.0,-88.934,0.0,0.0,-1.697,0.0,0.0,0.28653372,0.0,0.0,7.10353372000001,0.0,0.0
ASP  81,109.931,0.0,0.0,-8.07,0.0,0.0,-93.26,0.0,0.0,-60.775,0.0,0.0,0.21991108,0.0,0.0,-51.95408892000001,0.0,0.0
ARG  82,-182.666,0.0,0.0,-5.863,0.0,0.0,-19.674,0.0,0.0,31.516,0.0,0.0,1.05827668,0.0,0.0,-175.62872332,0.0,0.0
LEU  83,67.526,0.0,0.0,-5.782,0.0,0.0,-68.249,0.0,0.0,-4.336,0.0,0.0,0.77735266,0.0,0.0,-10.063647339999996,0.0,0.0
HID  84,117.263,0.0,0.0,-9.887,0.0,0.0,-72.651,0.0,0.0,-13.141,0.0,0.0,0.27008944,0.0,0.0,21.85408944000001,0.0,0.0
PRO  85,94.529,0.0,0.0,-3.342,0.0,0.0,-68.343,0.0,0.0,-4.792,0.0,0.0,0.61481228,0.0,0.0,18.66681227999999,0.0,0.0
VAL  86,42.525,0.0,0.0,-2.655,0.0,0.0,-45.814,0.0,0.0,-5.09,0.0,0.0,0.7210334400000001,0.0,0.0,-10.312966560000003,0.0,0.0
HID  87,89.041,0.0,0.0,-6.199,0.0,0.0,-54.931,0.0,0.0,-14.384,0.0,0.0,0.67049736,0.0,0.0,14.197497360000002,0.0,0.0
ALA  88,91.354,0.0,0.0,-3.003,0.0,0.0,-72.303,0.0,0.0,-6.475,0.0,0.0,0.5583955,0.0,0.0,10.131395500000002,0.0,0.0
GLY  89,95.849,0.0,0.0,-2.36,0.0,0.0,-80.996,0.0,0.0,-4.803,0.0,0.0,0.15559736,0.0,0.0,7.845597360000009,0.0,0.0
PRO  90,82.546,0.0,0.0,-2.98,0.0,0.0,-56.262,0.0,0.0,-8.106,0.0,0.0,0.8268210000000001,0.0,0.0,16.024821000000003,0.0,0.0
ILE  91,84.215,0.0,0.0,-6.029,0.0,0.0,-55.056,0.0,0.0,-5.56,0.0,0.0,0.4598057,0.0,0.0,18.02980570000001,0.0,0.0
ALA  92,96.274,0.0,0.0,-2.919,0.0,0.0,-69.346,0.0,0.0,-5.558,0.0,0.0,0.35962784000000003,0.0,0.0,18.810627840000002,0.0,0.0
PRO  93,83.709,0.0,0.0,-2.316,0.0,0.0,-58.042,0.0,0.0,-6.936,0.0,0.0,0.7635425,0.0,0.0,17.1785425,0.0,0.0
GLY  94,73.078,0.0,0.0,-1.959,0.0,0.0,-66.952,0.0,0.0,-6.605,0.0,0.0,0.53823852,0.0,0.0,-1.8997614799999987,0.0,0.0
GLN  95,38.813,0.0,0.0,-4.997,0.0,0.0,-72.422,0.0,0.0,-16.022,0.0,0.0,0.7443015,0.0,0.0,-53.883698499999994,0.0,0.0
MET  96,105.057,0.0,0.0,-6.135,0.0,0.0,-77.196,0.0,0.0,-6.645,0.0,0.0,0.41447824,0.0,0.0,15.495478239999999,0.0,0.0
ARG  97,-185.823,0.0,0.0,-7.766,0.0,0.0,-17.961,0.0,0.0,28.461,0.0,0.0,0.2984523,0.0,0.0,-182.7905477,0.0,0.0
GLU  98,109.317,0.0,0.0,-4.142,0.0,0.0,-51.577,0.0,0.0,-100.227,0.0,0.0,0.69247004,0.0,0.0,-45.93652996,0.0,0.0
PRO  99,93.035,0.0,0.0,-9.308,0.0,0.0,-60.365,0.0,0.0,-4.601,0.0,0.0,0.0017886000000000002,0.0,0.0,18.762788600000004,0.0,0.0
ARG 100,-183.266,0.0,0.0,-12.382,0.0,0.0,-19.363,0.0,0.0,34.31,0.0,0.0,0.23732554,0.0,0.0,-180.46367446,0.0,0.0
GLY 101,76.699,0.0,0.0,-5.496,0.0,0.0,-82.373,0.0,0.0,-0.434,0.0,0.0,0.004807540000000001,0.0,0.0,-11.599192460000001,0.0,0.0
SER 102,70.066,0.0,0.0,-7.261,0.0,0.0,-65.112,0.0,0.0,-2.797,0.0,0.0,0.24800836000000004,0.0,0.0,-4.855991639999996,0.0,0.0
ASP 103,93.4,0.0,0.0,-6.852,0.0,0.0,-97.049,0.0,0.0,-43.19,0.0,0.0,0.00894842,0.0,0.0,-53.68205158,0.0,0.0
ILE 104,77.611,0.0,0.0,-12.893,0.0,0.0,-61.151,0.0,0.0,-0.389,0.0,0.0,0.0,0.0,0.0,3.178,0.0,0.0
ALA 105,83.007,0.0,0.0,-7.179,0.0,0.0,-75.716,0.0,0.0,-1.209,0.0,0.0,0.016129920000000002,0.0,0.0,-1.080870079999991,0.0,0.0
GLY 106,88.317,0.0,0.0,-5.54,0.0,0.0,-85.663,0.0,0.0,-3.722,0.0,0.0,0.0872349,0.0,0.0,-6.520765100000009,0.0,0.0
THR 107,49.581,0.0,0.0,-5.138,0.0,0.0,-58.85,0.0,0.0,-6.337,0.0,0.0,0.6204111400000001,0.0,0.0,-20.123588859999995,0.0,0.0
THR 108,36.749,0.0,0.0,-3.395,0.0,0.0,-55.689,0.0,0.0,-1.485,0.0,0.0,0.42321528,0.0,0.0,-23.39678472,0.0,0.0
SER 109,74.934,0.0,0.0,-6.684,0.0,0.0,-70.603,0.0,0.0,-2.699,0.0,0.0,0.08048158000000001,0.0,0.0,-4.971518419999994,0.0,0.0
THR 110,34.211,0.0,0.0,-5.424,0.0,0.0,-45.088,0.0,0.0,-3.773,0.0,0.0,0.358804,0.0,0.0,-19.715196000000002,0.0,0.0
LEU 111,63.367,0.0,0.0,-9.858,0.0,0.0,-64.373,0.0,0.0,-4.397,0.0,0.0,0.22074034,0.0,0.0,-15.040259660000004,0.0,0.0
GLN 112,40.411,0.0,0.0,-6.616,0.0,0.0,-78.928,0.0,0.0,-10.638,0.0,0.0,0.80237138,0.0,0.0,-54.96862862,0.0,0.0
GLU 113,101.825,0.0,0.0,-8.224,0.0,0.0,-104.435,0.0,0.0,-43.296,0.0,0.0,0.31623532,0.0,0.0,-53.813764680000006,0.0,0.0
GLN 114,39.438,0.0,0.0,-13.457,0.0,0.0,-85.993,0.0,0.0,-2.356,0.0,0.0,0.009354920000000001,0.0,0.0,-62.358645079999995,0.0,0.0
ILE 115,90.022,0.0,0.0,-8.896,0.0,0.0,-72.098,0.0,0.0,-1.617,0.0,0.0,0.08722406,0.0,0.0,7.498224060000005,0.0,0.0
GLY 116,79.686,0.0,0.0,-3.748,0.0,0.0,-75.428,0.0,0.0,-1.814,0.0,0.0,0.15705534000000002,0.0,0.0,-1.1469446599999948,0.0,0.0
TRP 117,124.065,0.0,0.0,-18.603,0.0,0.0,-89.622,0.0,0.0,-3.843,0.0,0.0,0.00801076,0.0,0.0,12.005010759999989,0.0,0.0
MET 118,99.102,0.0,0.0,-10.709,0.0,0.0,-81.324,0.0,0.0,-3.984,0.0,0.0,0.18380304,0.0,0.0,3.2688030400000025,0.0,0.0
THR 119,41.405,0.0,0.0,-4.769,0.0,0.0,-46.432,0.0,0.0,-6.043,0.0,0.0,0.38407746000000004,0.0,0.0,-15.454922539999998,0.0,0.0
HID 120,90.938,0.0,0.0,-7.034,0.0,0.0,-50.51,0.0,0.0,-15.577,0.0,0.0,0.42127492,0.0,0.0,18.23827492,0.0,0.0
ASN 121,46.078,0.0,0.0,-2.872,0.0,0.0,-81.958,0.0,0.0,-16.78,0.0,0.0,0.7871411800000001,0.0,0.0,-54.74485882,0.0,0.0
PRO 122,92.528,0.0,0.0,-4.341,0.0,0.0,-56.78,0.0,0.0,-5.09,0.0,0.0,0.6199450200000001,0.0,0.0,26.93694502000001,0.0,0.0
PRO 123,79.593,0.0,0.0,-6.142,0.0,0.0,-59.796,0.0,0.0,-3.467,0.0,0.0,0.43151872,0.0,0.0,10.619518720000007,0.0,0.0
ILE 124,91.397,0.0,0.0,-7.175,0.0,0.0,-65.084,0.0,0.0,-1.023,0.0,0.0,0.19832322000000002,0.0,0.0,18.313323220000004,0.0,0.0
PRO 125,91.658,0.0,0.0,-5.848,0.0,0.0,-66.301,0.0,0.0,-0.983,0.0,0.0,0.34929732,0.0,0.0,18.87529732,0.0,0.0
VAL 126,53.07,0.0,0.0,-10.193,0.0,0.0,-54.774,0.0,0.0,-1.435,0.0,0.0,0.0,0.0,0.0,-13.331999999999999,0.0,0.0
GLY 127,71.021,0.0,0.0,-5.299,0.0,0.0,-72.117,0.0,0.0,-0.907,0.0,0.0,0.00923026,0.0,0.0,-7.29276974000001,0.0,0.0
GLU 128,102.231,0.0,0.0,-8.366,0.0,0.0,-98.157,0.0,0.0,-49.319,0.0,0.0,0.37944878000000004,0.0,0.0,-53.23155122000001,0.0,0.0
ILE 129,79.09,0.0,0.0,-11.777,0.0,0.0,-63.435,0.0,0.0,-1.066,0.0,0.0,0.0308127,0.0,0.0,2.8428127,0.0,0.0
TYR 130,93.209,0.0,0.0,-16.524,0.0,0.0,-90.658,0.0,0.0,-1.337,0.0,0.0,0.05660648000000001,0.0,0.0,-15.25339352,0.0,0.0
LYS 131,143.553,0.0,0.0,-8.662,0.0,0.0,-161.998,0.0,0.0,21.124,0.0,0.0,0.12565728,0.0,0.0,-5.85734272,0.0,0.0
ARG 132,-186.785,0.0,0.0,-10.386,0.0,0.0,31.247,0.0,0.0,-3.818,0.0,0.0,0.8390160000000001,0.0,0.0,-168.902984,0.0,0.0
TRP 133,124.997,0.0,0.0,-18.643,0.0,0.0,-92.102,0.0,0.0,-6.858,0.0,0.0,0.06624866000000001,0.0,0.0,7.460248659999996,0.0,0.0
ILE 134,89.127,0.0,0.0,-11.092,0.0,0.0,-70.641,0.0,0.0,-0.456,0.0,0.0,0.0035988800000000005,0.0,0.0,6.941598879999991,0.0,0.0
ILE 135,79.119,0.0,0.0,-7.066,0.0,0.0,-62.895,0.0,0.0,-0.07,0.0,0.0,0.27804058000000004,0.0,0.0,9.366040579999995,0.0,0.0
LEU 136,71.667,0.0,0.0,-9.29,0.0,0.0,-80.707,0.0,0.0,1.603,0.0,0.0,0.37123748,0.0,0.0,-16.35576251999999,0.0,0.0
GLY 137,78.526,0.0,0.0,-6.112,0.0,0.0,-78.102,0.0,0.0,-0.006,0.0,0.0,0.0,0.0,0.0,-5.694000000000003,0.0,0.0
LEU 138,64.403,0.0,0.0,-9.986,0.0,0.0,-66.467,0.0,0.0,-1.362,0.0,0.0,0.040655420000000005,0.0,0.0,-13.371344579999997,0.0,0.0
ASN 139,46.368,0.0,0.0,-7.359,0.0,0.0,-98.375,0.0,0.0,-10.971,0.0,0.0,0.45905774000000005,0.0,0.0,-69.87794226,0.0,0.0
LYS 140,134.148,0.0,0.0,-8.051,0.0,0.0,-140.63,0.0,0.0,1.664,0.0,0.0,0.426012,0.0,0.0,-12.442988000000001,0.0,0.0
ILE 141,91.181,0.0,0.0,-9.7,0.0,0.0,-74.912,0.0,0.0,-3.353,0.0,0.0,0.07950056,0.0,0.0,3.2955005599999883,0.0,0.0
VAL 142,65.309,0.0,0.0,-7.438,0.0,0.0,-54.508,0.0,0.0,-6.513,0.0,0.0,0.19239915999999999,0.0,0.0,-2.9576008400000076,0.0,0.0
ARG 143,-188.451,0.0,0.0,-7.729,0.0,0.0,46.717,0.0,0.0,-18.087,0.0,0.0,1.01730148,0.0,0.0,-166.53269852000003,0.0,0.0
MET 144,88.777,0.0,0.0,-7.287,0.0,0.0,-73.226,0.0,0.0,-6.693,0.0,0.0,0.40305288000000006,0.0,0.0,1.9740528799999963,0.0,0.0
TYR 145,104.269,0.0,0.0,-10.372,0.0,0.0,-81.895,0.0,0.0,-12.432,0.0,0.0,0.49614680000000005,0.0,0.0,0.06614680000000922,0.0,0.0
SER 146,89.558,0.0,0.0,-4.319,0.0,0.0,-69.684,0.0,0.0,-7.33,0.0,0.0,0.51084584,0.0,0.0,8.735845840000007,0.0,0.0
PRO 147,93.745,0.0,0.0,-6.57,0.0,0.0,-63.897,0.0,0.0,-6.882,0.0,0.0,0.15096326000000002,0.0,0.0,16.546963260000016,0.0,0.0
THR 148,48.539,0.0,0.0,-4.904,0.0,0.0,-50.375,0.0,0.0,-8.456,0.0,0.0,0.47133946,0.0,0.0,-14.724660539999995,0.0,0.0
SER 149,57.807,0.0,0.0,-4.821,0.0,0.0,-49.895,0.0,0.0,-4.147,0.0,0.0,0.33626222,0.0,0.0,-0.7197377799999991,0.0,0.0
ILE 150,78.488,0.0,0.0,-10.317,0.0,0.0,-58.588,0.0,0.0,-0.167,0.0,0.0,0.053853120000000004,0.0,0.0,9.469853119999991,0.0,0.0
LEU 151,68.8,0.0,0.0,-5.012,0.0,0.0,-71.45,0.0,0.0,-5.119,0.0,0.0,0.7777374800000001,0.0,0.0,-12.003262520000005,0.0,0.0
ASP 152,102.082,0.0,0.0,-4.494,0.0,0.0,-74.707,0.0,0.0,-80.754,0.0,0.0,0.62334878,0.0,0.0,-57.249651220000004,0.0,0.0
ILE 153,108.432,0.0,0.0,-7.508,0.0,0.0,-79.999,0.0,0.0,-2.658,0.0,0.0,0.14522890000000002,0.0,0.0,18.41222890000001,0.0,0.0
ARG 154,-194.595,0.0,0.0,-6.608,0.0,0.0,30.039,0.0,0.0,-7.627,0.0,0.0,0.80716266,0.0,0.0,-177.98383734,0.0,0.0
GLN 155,34.49,0.0,0.0,-12.084,0.0,0.0,-85.186,0.0,0.0,-2.231,0.0,0.0,0.09037308000000001,0.0,0.0,-64.92062691999999,0.0,0.0
GLY 156,87.592,0.0,0.0,-3.494,0.0,0.0,-67.839,0.0,0.0,-8.639,0.0,0.0,0.056573960000000006,0.0,0.0,7.676573960000001,0.0,0.0
PRO 157,89.489,0.0,0.0,-2.571,0.0,0.0,-53.162,0.0,0.0,-10.559,0.0,0.0,0.7287461000000001,0.0,0.0,23.92574610000001,0.0,0.0
LYS 158,118.594,0.0,0.0,-3.57,0.0,0.0,-89.647,0.0,0.0,-44.13,0.0,0.0,1.19554902,0.0,0.0,-17.557450980000006,0.0,0.0
GLU 159,114.285,0.0,0.0,-8.847,0.0,0.0,-107.521,0.0,0.0,-43.774,0.0,0.0,0.20577572000000002,0.0,0.0,-45.65122428,0.0,0.0
PRO 160,79.14,0.0,0.0,-6.956,0.0,0.0,-53.684,0.0,0.0,-4.88,0.0,0.0,0.32065804000000003,0.0,0.0,13.94065804,0.0,0.0
PHE 161,100.113,0.0,0.0,-14.357,0.0,0.0,-72.9,0.0,0.0,-4.124,0.0,0.0,0.01714346,0.0,0.0,8.749143459999996,0.0,0.0
ARG 162,-202.239,0.0,0.0,-7.693,0.0,0.0,32.939,0.0,0.0,2.768,0.0,0.0,0.76902212,0.0,0.0,-173.45597788000003,0.0,0.0
ASP 163,108.346,0.0,0.0,-6.533,0.0,0.0,-67.697,0.0,0.0,-93.425,0.0,0.0,0.38951914000000004,0.0,0.0,-58.91948086,0.0,0.0
TYR 164,99.748,0.0,0.0,-15.561,0.0,0.0,-96.351,0.0,0.0,-2.499,0.0,0.0,0.0,0.0,0.0,-14.662999999999988,0.0,0.0
VAL 165,55.01,0.0,0.0,-9.271,0.0,0.0,-55.194,0.0,0.0,1.564,0.0,0.0,0.01366924,0.0,0.0,-7.877330760000006,0.0,0.0
ASP 166,92.784,0.0,0.0,-7.742,0.0,0.0,-48.61,0.0,0.0,-89.467,0.0,0.0,0.38610996000000003,0.0,0.0,-52.64889004,0.0,0.0
ARG 167,-192.446,0.0,0.0,-11.746,0.0,0.0,13.456,0.0,0.0,11.567,0.0,0.0,0.49871588,0.0,0.0,-178.67028412000002,0.0,0.0
PHE 168,96.805,0.0,0.0,-16.489,0.0,0.0,-80.538,0.0,0.0,-0.741,0.0,0.0,0.0,0.0,0.0,-0.9629999999999942,0.0,0.0
TYR 169,98.443,0.0,0.0,-10.513,0.0,0.0,-86.186,0.0,0.0,-5.322,0.0,0.0,0.5395068000000001,0.0,0.0,-3.0384932000000147,0.0,0.0
LYS 170,138.372,0.0,0.0,-10.925,0.0,0.0,-168.318,0.0,0.0,19.02,0.0,0.0,0.3883972,0.0,0.0,-21.462602799999996,0.0,0.0
THR 171,48.345,0.0,0.0,-8.491,0.0,0.0,-55.806,0.0,0.0,-3.779,0.0,0.0,0.05113770000000001,0.0,0.0,-19.679862299999996,0.0,0.0
LEU 172,73.662,0.0,0.0,-10.895,0.0,0.0,-68.427,0.0,0.0,-2.457,0.0,0.0,0.03212434,0.0,0.0,-8.084875659999998,0.0,0.0
ARG 173,-194.833,0.0,0.0,-11.71,0.0,0.0,56.676,0.0,0.0,-28.714,0.0,0.0,0.45134508,0.0,0.0,-178.12965492,0.0,0.0
ALA 174,84.761,0.0,0.0,-7.53,0.0,0.0,-79.482,0.0,0.0,-3.076,0.0,0.0,0.01936566,0.0,0.0,-5.307634340000005,0.0,0.0
GLU 175,111.798,0.0,0.0,-7.362,0.0,0.0,-51.293,0.0,0.0,-99.03,0.0,0.0,0.50325242,0.0,0.0,-45.38374757999999,0.0,0.0
GLN 176,27.152,0.0,0.0,-5.968,0.0,0.0,-62.666,0.0,0.0,-18.313,0.0,0.0,0.53214102,0.0,0.0,-59.262858980000004,0.0,0.0
ALA 177,94.935,0.0,0.0,-5.754,0.0,0.0,-89.248,0.0,0.0,1.274,0.0,0.0,0.07898024000000001,0.0,0.0,1.2859802399999927,0.0,0.0
SER 178,86.436,0.0,0.0,-4.4,0.0,0.0,-72.836,0.0,0.0,-9.557,0.0,0.0,0.4471771,0.0,0.0,0.09017710000000245,0.0,0.0
GLN 179,26.825,0.0,0.0,-4.489,0.0,0.0,-75.35,0.0,0.0,-5.378,0.0,0.0,0.6294517000000001,0.0,0.0,-57.7625483,0.0,0.0
GLU 180,113.712,0.0,0.0,-4.642,0.0,0.0,-71.273,0.0,0.0,-87.771,0.0,0.0,0.79066418,0.0,0.0,-49.18333581999999,0.0,0.0
VAL 181,60.748,0.0,0.0,-6.39,0.0,0.0,-53.595,0.0,0.0,-2.114,0.0,0.0,0.35363874,0.0,0.0,-0.9973612600000017,0.0,0.0
LYS 182,116.387,0.0,0.0,-8.405,0.0,0.0,-109.4,0.0,0.0,-15.359,0.0,0.0,0.29665828000000005,0.0,0.0,-16.48034172000001,0.0,0.0
ASN 183,22.159,0.0,0.0,-7.904,0.0,0.0,-81.605,0.0,0.0,-11.151,0.0,0.0,0.3836276,0.0,0.0,-78.11737240000001,0.0,0.0
TRP 184,127.533,0.0,0.0,-9.983,0.0,0.0,-91.703,0.0,0.0,-8.865,0.0,0.0,0.8680401000000001,0.0,0.0,17.850040099999994,0.0,0.0
MET 185,103.19,0.0,0.0,-11.977,0.0,0.0,-86.94,0.0,0.0,-0.95,0.0,0.0,0.17044274,0.0,0.0,3.493442739999996,0.0,0.0
THR 186,42.563,0.0,0.0,-9.09,0.0,0.0,-56.711,0.0,0.0,-0.262,0.0,0.0,0.027804600000000002,0.0,0.0,-23.4721954,0.0,0.0
GLU 187,100.764,0.0,0.0,-9.647,0.0,0.0,-57.225,0.0,0.0,-85.121,0.0,0.0,0.30647932,0.0,0.0,-50.922520680000005,0.0,0.0
THR 188,49.972,0.0,0.0,-5.676,0.0,0.0,-55.492,0.0,0.0,-0.161,0.0,0.0,0.26903254000000004,0.0,0.0,-11.087967459999998,0.0,0.0
LEU 189,65.041,0.0,0.0,-10.485,0.0,0.0,-68.631,0.0,0.0,0.178,0.0,0.0,0.10882818000000001,0.0,0.0,-13.788171820000002,0.0,0.0
LEU 190,84.952,0.0,0.0,-12.246,0.0,0.0,-90.084,0.0,0.0,0.442,0.0,0.0,0.0,0.0,0.0,-16.936,0.0,0.0
VAL 191,53.264,0.0,0.0,-7.867,0.0,0.0,-59.721,0.0,0.0,-0.336,0.0,0.0,0.07040038000000001,0.0,0.0,-14.58959961999999,0.0,0.0
GLN 192,22.955,0.0,0.0,-6.274,0.0,0.0,-67.043,0.0,0.0,-7.742,0.0,0.0,0.6635272400000001,0.0,0.0,-57.440472760000006,0.0,0.0
ASN 193,21.841,0.0,0.0,-9.973,0.0,0.0,-81.28,0.0,0.0,-3.712,0.0,0.0,0.04614046,0.0,0.0,-73.07785954,0.0,0.0
ALA 194,91.204,0.0,0.0,-7.568,0.0,0.0,-80.783,0.0,0.0,0.745,0.0,0.0,0.024910320000000003,0.0,0.0,3.6229103199999946,0.0,0.0
ASN 195,47.4,0.0,0.0,-6.198,0.0,0.0,-92.968,0.0,0.0,-10.688,0.0,0.0,0.24107618,0.0,0.0,-62.21292382000001,0.0,0.0
PRO 196,78.177,0.0,0.0,-6.267,0.0,0.0,-57.334,0.0,0.0,-3.295,0.0,0.0,0.54989694,0.0,0.0,11.830896940000008,0.0,0.0
ASP 197,84.163,0.0,0.0,-3.352,0.0,0.0,-55.231,0.0,0.0,-81.464,0.0,0.0,0.67135372,0.0,0.0,-55.21264628000001,0.0,0.0
CYX 198,105.26,0.0,0.0,-6.188,0.0,0.0,-85.298,0.0,0.0,-1.713,0.0,0.0,0.00762594,0.0,0.0,12.06862594,0.0,0.0
LYS 199,137.089,0.0,0.0,-9.289,0.0,0.0,-140.801,0.0,0.0,-5.891,0.0,0.0,0.45564314,0.0,0.0,-18.43635685999999,0.0,0.0
THR 200,52.7,0.0,0.0,-4.589,0.0,0.0,-58.01,0.0,0.0,-5.04,0.0,0.0,0.62539754,0.0,0.0,-14.313602459999993,0.0,0.0
ILE 201,77.232,0.0,0.0,-8.129,0.0,0.0,-55.025,0.0,0.0,-2.574,0.0,0.0,0.44497116000000003,0.0,0.0,11.948971159999996,0.0,0.0
LEU 202,76.434,0.0,0.0,-12.088,0.0,0.0,-68.789,0.0,0.0,-5.516,0.0,0.0,0.01431964,0.0,0.0,-9.944680359999998,0.0,0.0
LYS 203,120.203,0.0,0.0,-5.989,0.0,0.0,-99.2,0.0,0.0,-29.402,0.0,0.0,0.9056982600000001,0.0,0.0,-13.482301740000006,0.0,0.0
ALA 204,84.807,0.0,0.0,-4.399,0.0,0.0,-73.194,0.0,0.0,-5.911,0.0,0.0,0.43021250000000005,0.0,0.0,1.7332124999999992,0.0,0.0
LEU 205,78.116,0.0,0.0,-8.393,0.0,0.0,-70.78,0.0,0.0,-7.294,0.0,0.0,0.41806086,0.0,0.0,-7.932939140000003,0.0,0.0
GLY 206,90.793,0.0,0.0,-3.027,0.0,0.0,-73.038,0.0,0.0,-8.854,0.0,0.0,0.13287672,0.0,0.0,6.006876720000009,0.0,0.0
PRO 207,79.997,0.0,0.0,-3.058,0.0,0.0,-55.212,0.0,0.0,-7.551,0.0,0.0,0.7562634400000001,0.0,0.0,14.93226343999999,0.0,0.0
GLY 208,69.431,0.0,0.0,-3.369,0.0,0.0,-65.412,0.0,0.0,-4.611,0.0,0.0,0.2992924,0.0,0.0,-3.661707600000008,0.0,0.0
ALA 209,102.506,0.0,0.0,-5.491,0.0,0.0,-89.893,0.0,0.0,-2.507,0.0,0.0,0.03217312,0.0,0.0,4.647173120000001,0.0,0.0
THR 210,52.283,0.0,0.0,-4.946,0.0,0.0,-58.772,0.0,0.0,-2.339,0.0,0.0,0.40942680000000004,0.0,0.0,-13.364573199999995,0.0,0.0
LEU 211,63.847,0.0,0.0,-8.253,0.0,0.0,-62.222,0.0,0.0,-2.508,0.0,0.0,0.20337466000000004,0.0,0.0,-8.93262534,0.0,0.0
GLU 212,109.682,0.0,0.0,-4.614,0.0,0.0,-60.757,0.0,0.0,-97.229,0.0,0.0,0.77308712,0.0,0.0,-52.14491288,0.0,0.0
GLU 213,100.088,0.0,0.0,-6.437,0.0,0.0,-53.955,0.0,0.0,-92.544,0.0,0.0,0.48268894000000007,0.0,0.0,-52.365311059999996,0.0,0.0
MET 214,101.883,0.0,0.0,-12.443,0.0,0.0,-78.846,0.0,0.0,0.313,0.0,0.0,0.00852024,0.0,0.0,10.915520239999994,0.0,0.0
MET 215,102.262,0.0,0.0,-11.138,0.0,0.0,-84.77,0.0,0.0,-3.782,0.0,0.0,0.25509772000000003,0.0,0.0,2.8270977199999994,0.0,0.0
THR 216,46.419,0.0,0.0,-4.22,0.0,0.0,-55.938,0.0,0.0,-3.289,0.0,0.0,0.53543096,0.0,0.0,-16.492569040000006,0.0,0.0
ALA 217,80.507,0.0,0.0,-5.53,0.0,0.0,-64.834,0.0,0.0,-3.626,0.0,0.0,0.1432235,0.0,0.0,6.660223500000002,0.0,0.0
CYX 218,95.825,0.0,0.0,-8.347,0.0,0.0,-78.91,0.0,0.0,-1.645,0.0,0.0,0.06096416,0.0,0.0,6.983964160000013,0.0,0.0
GLN 219,37.243,0.0,0.0,-4.904,0.0,0.0,-75.559,0.0,0.0,-15.803,0.0,0.0,0.7434126200000001,0.0,0.0,-58.279587379999995,0.0,0.0
GLY 220,100.79,0.0,0.0,-2.55,0.0,0.0,-80.235,0.0,0.0,-12.047,0.0,0.0,0.10643254,0.0,0.0,6.064432540000009,0.0,0.0
VAL 221,29.773,0.0,0.0,-1.306,0.0,0.0,-28.338,0.0,0.0,-90.794,0.0,0.0,1.2143997800000002,0.0,0.0,-89.45060022,0.0,0.0

Receptor:
Total Energy Decomposition:
Residue,Internal,,,van der Waals,,,Electrostatic,,,Polar Solvation,,,Non-Polar Solv.,,,TOTAL,,
,Avg.,Std. Dev.,Std. Err. of Mean,Avg.,Std. Dev.,Std. Err. of Mean,Avg.,Std. Dev.,Std. Err. of Mean,Avg.,Std. Dev.,Std. Err. of Mean,Avg.,Std. Dev.,Std. Err. of Mean,Avg.,Std. Dev.,Std. Err. of Mean
PRO   1,100.717,0.0,0.0,-8.051,0.0,0.0,-115.264,0.0,0.0,13.063,0.0,0.0,0.13718562,0.0,0.0,-9.397814379999998,0.0,0.0
ILE   2,93.875,0.0,0.0,-8.229,0.0,0.0,-66.571,0.0,0.0,-4.315,0.0,0.0,0.22296796,0.0,0.0,14.982967960000002,0.0,0.0
VAL   3,49.769,0.0,0.0,-5.657,0.0,0.0,-50.348,0.0,0.0,-2.556,0.0,0.0,0.33886382000000004,0.0,0.0,-8.453136180000005,0.0,0.0
GLN   4,25.258,0.0,0.0,-6.771,0.0,0.0,-56.661,0.0,0.0,-17.464,0.0,0.0,0.6902912,0.0,0.0,-54.94770880000001,0.0,0.0
ASN   5,31.043,0.0,0.0,-6.661,0.0,0.0,-75.899,0.0,0.0,-14.515,0.0,0.0,0.31354158,0.0,0.0,-65.71845842,0.0,0.0
LEU   6,65.787,0.0,0.0,-3.024,0.0,0.0,-64.407,0.0,0.0,-8.996,0.0,0.0,1.1027586200000001,0.0,0.0,-9.537241379999992,0.0,0.0
GLN   7,34.268,0.0,0.0,-3.591,0.0,0.0,-71.381,0.0,0.0,-18.975,0.0,0.0,0.92109648,0.0,0.0,-58.75790352,0.0,0.0
GLY   8,79.807,0.0,0.0,-3.485,0.0,0.0,-70.044,0.0,0.0,-6.924,0.0,0.0,0.22682158,0.0,0.0,-0.4191784199999946,0.0,0.0
GLN   9,38.102,0.0,0.0,-7.417,0.0,0.0,-69.389,0.0,0.0,-18.224,0.0,0.0,0.6684377600000001,0.0,0.0,-56.259562239999994,0.0,0.0
MET  10,98.412,0.0,0.0,-7.685,0.0,0.0,-77.613,0.0,0.0,-5.783,0.0,0.0,0.43226126000000004,0.0,0.0,7.763261260000004,0.0,0.0
VAL  11,51.968,0.0,0.0,-6.933,0.0,0.0,-52.996,0.0,0.0,-4.293,0.0,0.0,0.31445756,0.0,0.0,-11.939542439999999,0.0,0.0
HID  12,90.732,0.0,0.0,-9.769,0.0,0.0,-53.819,0.0,0.0,-13.563,0.0,0.0,0.38175770000000003,0.0,0.0,13.96275769999999,0.0,0.0
GLN  13,35.216,0.0,0.0,-6.299,0.0,0.0,-71.357,0.0,0.0,-11.112,0.0,0.0,0.4996698,0.0,0.0,-53.0523302,0.0,0.0
ALA  14,92.445,0.0,0.0,-3.626,0.0,0.0,-80.523,0.0,0.0,-3.236,0.0,0.0,0.40789294000000004,0.0,0.0,5.467892939999992,0.0,0.0
ILE  15,94.358,0.0,0.0,-8.776,0.0,0.0,-75.557,0.0,0.0,-3.358,0.0,0.0,0.12292018,0.0,0.0,6.7899201800000055,0.0,0.0
SER  16,73.805,0.0,0.0,-5.404,0.0,0.0,-52.323,0.0,0.0,-7.352,0.0,0.0,0.19452922,0.0,0.0,8.92052922000001,0.0,0.0
PRO  17,92.684,0.0,0.0,-4.975,0.0,0.0,-59.776,0.0,0.0,-6.53,0.0,0.0,0.44690610000000003,0.0,0.0,21.8499061,0.0,0.0
ARG  18,-182.121,0.0,0.0,-4.889,0.0,0.0,70.869,0.0,0.0,-53.145,0.0,0.0,1.02904662,0.0,0.0,-168.25695338000003,0.0,0.0
THR  19,43.411,0.0,0.0,-8.012,0.0,0.0,-52.026,0.0,0.0,-2.759,2.9802322387695312e-08,2.9802322387695312e-08,0.15675724000000002,0.0,0.0,-19.22924276,0.0,0.0
LEU  20,62.215,0.0,0.0,-7.911,0.0,0.0,-58.65,0.0,0.0,-3.74,0.0,0.0,0.27628450000000004,0.0,0.0,-7.809715499999997,0.0,0.0
ASN  21,34.555,0.0,0.0,-6.563,0.0,0.0,-87.428,0.0,0.0,-14.706,0.0,0.0,0.6182594,0.0,0.0,-73.5237406,0.0,0.0
ALA  22,92.964,0.0,0.0,-4.723,0.0,0.0,-81.559,0.0,0.0,-2.109,0.0,0.0,0.19932592000000002,0.0,0.0,4.772325920000002,0.0,0.0
TRP  23,131.098,0.0,0.0,-17.257,0.0,0.0,-95.074,0.0,0.0,-6.51,0.0,0.0,0.026270740000000004,0.0,0.0,12.28327074000001,0.0,0.0
VAL  24,69.948,0.0,0.0,-6.243,0.0,0.0,-55.528,0.0,0.0,-8.372,0.0,0.0,0.39047306000000004,0.0,0.0,0.19547305999999265,0.0,0.0
LYS  25,136.888,0.0,0.0,-7.592,0.0,0.0,-131.91,0.0,0.0,-8.885,0.0,0.0,0.69009066,0.0,0.0,-10.808909340000005,0.0,0.0
VAL  26,62.052,0.0,0.0,-7.333,0.0,0.0,-65.598,0.0,0.0,-2.294,0.0,0.0,0.060324600000000006,0.0,0.0,-13.112675399999999,0.0,0.0
VAL  27,38.93,0.0,0.0,-7.782,0.0,0.0,-44.826,0.0,0.0,-3.181,0.0,0.0,0.11753812000000001,0.0,0.0,-16.741461880000003,0.0,0.0
GLU  28,96.527,0.0,0.0,-5.449,0.0,0.0,-59.316,0.0,0.0,-85.317,0.0,0.0,0.6799661,0.0,0.0,-52.87503389999999,0.0,0.0
GLU  29,109.378,0.0,0.0,-4.948,0.0,0.0,-107.808,0.0,0.0,-41.681,0.0,0.0,0.5967203200000001,0.0,0.0,-44.462279679999995,0.0,0.0
LYS  30,118.748,0.0,0.0,-5.294,0.0,0.0,-127.859,0.0,0.0,-4.678,0.0,0.0,0.36188798000000005,0.0,0.0,-18.72111201999999,0.0,0.0
ALA  31,91.078,0.0,0.0,-5.196,0.0,0.0,-77.972,0.0,0.0,-2.745,0.0,0.0,0.13927774,0.0,0.0,5.3042777400000105,0.0,0.0
PHE  32,99.684,0.0,0.0,-10.854,0.0,0.0,-74.58,0.0,0.0,-7.73,0.0,0.0,0.23616566000000003,0.0,0.0,6.75616566,0.0,0.0
SER  33,80.055,0.0,0.0,-5.564,0.0,0.0,-63.839,0.0,0.0,-3.481,0.0,0.0,0.19409562000000002,0.0,0.0,7.365095620000015,0.0,0.0
PRO  34,73.793,0.0,0.0,-5.618,0.0,0.0,-55.398,0.0,0.0,-3.069,0.0,0.0,0.5305692200000001,0.0,0.0,10.23856922000001,0.0,0.0
GLU  35,105.194,0.0,0.0,-6.245,0.0,0.0,-109.813,0.0,0.0,-41.991,0.0,0.0,0.50768598,0.0,0.0,-52.347314020000006,0.0,0.0
VAL  36,57.329,0.0,0.0,-8.129,0.0,0.0,-57.887,0.0,0.0,-0.552,0.0,0.0,0.06360912,0.0,0.0,-9.175390879999997,0.0,0.0
ILE  37,91.099,0.0,0.0,-6.867,0.0,0.0,-60.139,0.0,0.0,-1.536,0.0,0.0,0.1771798,0.0,0.0,22.734179799999996,0.0,0.0
PRO  38,80.654,0.0,0.0,-6.575,0.0,0.0,-56.632,0.0,0.0,-4.678,0.0,0.0,0.54559346,0.0,0.0,13.314593459999994,0.0,0.0
MET  39,89.959,0.0,0.0,-8.67,0.0,0.0,-69.373,0.0,0.0,-3.763,0.0,0.0,0.38893920000000004,0.0,0.0,8.541939199999996,0.0,0.0
PHE  40,99.848,0.0,0.0,-13.574,0.0,0.0,-83.062,0.0,0.0,-2.233,0.0,0.0,0.0151489,0.0,0.0,0.9941489000000032,0.0,0.0
SER  41,76.077,0.0,0.0,-4.964,0.0,0.0,-67.359,0.0,0.0,-7.148,0.0,0.0,0.2696721,0.0,0.0,-3.1243278999999946,0.0,0.0
ALA  42,83.664,0.0,0.0,-4.973,0.0,0.0,-67.021,0.0,0.0,-5.507,0.0,0.0,0.3899419,0.0,0.0,6.552941900000002,0.0,0.0
LEU  43,78.14,0.0,0.0,-9.163,0.0,0.0,-76.281,0.0,0.0,-4.275,0.0,0.0,0.16946172,0.0,0.0,-11.409538280000003,0.0,0.0
SER  44,73.248,0.0,0.0,-6.314,0.0,0.0,-74.895,0.0,0.0,0.161,0.0,0.0,0.009354920000000001,0.0,0.0,-7.790645079999999,0.0,0.0
GLU  45,101.831,0.0,0.0,-5.494,0.0,0.0,-70.85,0.0,0.0,-76.003,0.0,0.0,0.7382636200000001,0.0,0.0,-49.77773637999999,0.0,0.0
GLY  46,67.164,0.0,0.0,-3.597,0.0,0.0,-69.982,0.0,0.0,-0.459,0.0,0.0,0.061300200000000006,0.0,0.0,-6.812699799999999,0.0,0.0
ALA  47,98.909,0.0,0.0,-7.051,0.0,0.0,-84.868,0.0,0.0,-3.468,0.0,0.0,0.03397256,0.0,0.0,3.555972560000009,0.0,0.0
THR  48,60.467,0.0,0.0,-7.796,0.0,0.0,-61.013,0.0,0.0,-1.212,0.0,0.0,0.00072086,0.0,0.0,-9.553279139999999,0.0,0.0
PRO  49,73.85,0.0,0.0,-10.942,0.0,0.0,-54.991,0.0,0.0,-1.441,0.0,0.0,0.0,0.0,0.0,6.475999999999995,0.0,0.0
GLN  50,30.687,0.0,0.0,-7.258,0.0,0.0,-67.741,0.0,0.0,-14.072,0.0,0.0,0.48719838,0.0,0.0,-57.89680162,0.0,0.0
ASP  51,88.999,0.0,0.0,-8.18,0.0,0.0,-118.433,0.0,0.0,-24.687,0.0,0.0,0.028330340000000002,0.0,0.0,-62.27266966000002,0.0,0.0
LEU  52,62.279,0.0,0.0,-12.859,0.0,0.0,-71.153,0.0,0.0,0.119,0.0,0.0,0.0,0.0,0.0,-21.614000000000004,0.0,0.0
ASN  53,29.265,0.0,0.0,-7.407,0.0,0.0,-95.97,1.3486991523486091e-06,1.3486991523486091e-06,-6.063,0.0,0.0,0.24664794,0.0,0.0,-79.92835206,0.0,0.0
THR  54,51.491,0.0,0.0,-5.978,0.0,0.0,-58.455,0.0,0.0,-2.486,0.0,0.0,0.26443096,0.0,0.0,-15.16356904,0.0,0.0
MET  55,80.521,0.0,0.0,-12.062,0.0,0.0,-66.177,0.0,0.0,-0.428,0.0,0.0,0.0046883,0.0,0.0,1.8586882999999965,0.0,0.0
LEU  56,59.538,0.0,0.0,-9.003,0.0,0.0,-64.899,0.0,0.0,-0.042,0.0,0.0,0.13876826,0.0,0.0,-14.267231740000003,0.0,0.0
ASN  57,28.665,0.0,0.0,-6.082,0.0,0.0,-80.442,0.0,0.0,-12.445,0.0,0.0,0.5957393000000001,0.0,0.0,-69.7082607,0.0,0.0
THR  58,51.989,0.0,0.0,-7.524,0.0,0.0,-58.04,0.0,0.0,-8.104,0.0,0.0,0.15824774,0.0,0.0,-21.520752260000002,0.0,0.0
VAL  59,43.881,0.0,0.0,-7.451,0.0,0.0,-45.383,0.0,0.0,-2.621,0.0,0.0,0.07984202,0.0,0.0,-11.494157980000004,0.0,0.0
ALA  60,89.905,0.0,0.0,-3.174,0.0,0.0,-66.642,0.0,0.0,-3.057,0.0,0.0,0.33088558,0.0,0.0,17.36288558,0.0,0.0
PRO  61,80.225,0.0,0.0,-3.963,0.0,0.0,-61.496,0.0,0.0,-1.645,0.0,0.0,0.5979073,0.0,0.0,13.718907299999998,0.0,0.0
HID  62,97.841,0.0,0.0,-7.396,0.0,0.0,-65.449,0.0,0.0,-13.986,0.0,0.0,0.41226688,0.0,0.0,11.422266879999995,0.0,0.0
GLN  63,30.019,0.0,0.0,-5.547,0.0,0.0,-64.53,0.0,0.0,-14.262,0.0,0.0,0.83580736,0.0,0.0,-53.48419264000001,0.0,0.0
ALA  64,88.928,0.0,0.0,-4.57,0.0,0.0,-71.683,0.0,0.0,-4.24,0.0,0.0,0.32266886,0.0,0.0,8.757668859999997,0.0,0.0
ALA  65,90.56,0.0,0.0,-6.091,0.0,0.0,-76.583,0.0,0.0,-2.663,0.0,0.0,0.03328422,0.0,0.0,5.256284220000009,0.0,0.0
ALA  66,92.149,0.0,0.0,-6.943,0.0,0.0,-83.441,0.0,0.0,-1.173,0.0,0.0,0.01540906,0.0,0.0,0.6074090600000005,0.0,0.0
GLN  67,44.487,0.0,0.0,-7.697,0.0,0.0,-69.269,0.0,0.0,-21.268,0.0,0.0,0.54535498,0.0,0.0,-53.20164502000001,0.0,0.0
MET  68,97.13,0.0,0.0,-8.794,0.0,0.0,-75.275,0.0,0.0,-4.43,0.0,0.0,0.24001386000000002,0.0,0.0,8.871013859999993,0.0,0.0
LEU  69,96.025,0.0,0.0,-8.702,0.0,0.0,-79.381,0.0,0.0,-3.889,0.0,0.0,0.01654726,0.0,0.0,4.069547260000008,0.0,0.0
LYS  70,130.576,0.0,0.0,-8.575,0.0,0.0,-107.619,0.0,0.0,-32.231,0.0,0.0,0.73504414,0.0,0.0,-17.11395586000001,0.0,0.0
GLU  71,105.475,0.0,0.0,-7.017,0.0,0.0,-77.258,0.0,0.0,-82.672,0.0,0.0,0.55209746,0.0,0.0,-60.919902539999995,0.0,0.0
THR  72,47.732,0.0,0.0,-7.415,0.0,0.0,-64.387,0.0,0.0,-2.761,0.0,0.0,0.00976684,0.0,0.0,-26.82123316,0.0,0.0
ILE  73,73.103,0.0,0.0,-10.664,0.0,0.0,-54.74,0.0,0.0,-2.753,0.0,0.0,0.08453032,0.0,0.0,5.030530319999991,0.0,0.0
ASN  74,24.88,0.0,0.0,-7.025,0.0,0.0,-84.073,0.0,0.0,-8.637,0.0,0.0,0.5427913200000001,0.0,0.0,-74.31220867999998,0.0,0.0
GLU  75,103.274,0.0,0.0,-6.838,0.0,0.0,-55.253,0.0,0.0,-101.606,0.0,0.0,0.63011836,0.0,0.0,-59.79288163999999,0.0,0.0
GLU  76,90.918,0.0,0.0,-10.571,0.0,0.0,-52.71,0.0,0.0,-86.315,0.0,0.0,0.25434976,0.0,0.0,-58.42365023999999,0.0,0.0
ALA  77,82.775,0.0,0.0,-6.119,0.0,0.0,-74.535,0.0,0.0,-1.047,0.0,0.0,0.07589084000000001,0.0,0.0,1.1498908400000094,0.0,0.0
ALA  78,98.092,0.0,0.0,-5.698,0.0,0.0,-86.198,0.0,0.0,0.419,0.0,0.0,0.33081512,0.0,0.0,6.945815120000011,0.0,0.0
GLU  79,108.461,0.0,0.0,-5.956,0.0,0.0,-80.749,0.0,0.0,-74.173,0.0,0.0,0.41747008,0.0,0.0,-51.99952992,0.0,0.0
TRP  80,113.908,0.0,0.0,-16.46,0.0,0.0,-88.931,0.0,0.0,-1.7,0.0,0.0,0.28653372,0.0,0.0,7.10353372000001,0.0,0.0
ASP  81,109.931,0.0,0.0,-8.07,0.0,0.0,-98.065,0.0,0.0,-55.971,0.0,0.0,0.21991108,0.0,0.0,-51.95508892,0.0,0.0
ARG  82,-182.666,0.0,0.0,-5.863,0.0,0.0,-14.242,0.0,0.0,26.085,0.0,0.0,1.05827668,0.0,0.0,-175.62772331999997,0.0,0.0
LEU  83,67.526,0.0,0.0,-5.781,0.0,0.0,-68.208,0.0,0.0,-4.377,0.0,0.0,0.77735266,0.0,0.0,-10.06264734,0.0,0.0
HID  84,117.263,0.0,0.0,-9.887,0.0,0.0,-72.645,0.0,0.0,-13.147,0.0,0.0,0.27008944,0.0,0.0,21.85408944000001,0.0,0.0
PRO  85,94.529,0.0,0.0,-3.342,0.0,0.0,-68.394,0.0,0.0,-4.741,0.0,0.0,0.61481228,0.0,0.0,18.66681227999999,0.0,0.0
VAL  86,42.525,0.0,0.0,-2.655,0.0,0.0,-45.81,0.0,0.0,-5.095,0.0,0.0,0.7210334400000001,0.0,0.0,-10.313966560000004,0.0,0.0
HID  87,89.041,0.0,0.0,-6.199,0.0,0.0,-54.874,0.0,0.0,-14.442,0.0,0.0,0.67049736,0.0,0.0,14.196497359999997,0.0,0.0
ALA  88,91.354,0.0,0.0,-3.003,0.0,0.0,-72.276,0.0,0.0,-6.502,0.0,0.0,0.5583955,0.0,0.0,10.131395500000004,0.0,0.0
GLY  89,95.849,0.0,0.0,-2.36,0.0,0.0,-81.008,0.0,0.0,-4.791,0.0,0.0,0.15559736,0.0,0.0,7.845597360000008,0.0,0.0
PRO  90,82.546,0.0,0.0,-2.98,0.0,0.0,-56.24,0.0,0.0,-8.128,0.0,0.0,0.8268210000000001,0.0,0.0,16.024821,0.0,0.0
ILE  91,84.215,0.0,0.0,-6.029,0.0,0.0,-55.044,0.0,0.0,-5.573,0.0,0.0,0.4598057,0.0,0.0,18.02880570000001,0.0,0.0
ALA  92,96.274,0.0,0.0,-2.919,0.0,0.0,-69.377,0.0,0.0,-5.526,0.0,0.0,0.35962784000000003,0.0,0.0,18.81162784000001,0.0,0.0
PRO  93,83.709,0.0,0.0,-2.316,0.0,0.0,-58.02,0.0,0.0,-6.958,0.0,0.0,0.7635425,0.0,0.0,17.1785425,0.0,0.0
GLY  94,73.078,0.0,0.0,-1.959,0.0,0.0,-66.951,0.0,0.0,-6.606,0.0,0.0,0.53823852,0.0,0.0,-1.8997614799999933,0.0,0.0
GLN  95,38.813,0.0,0.0,-4.997,0.0,0.0,-72.39,0.0,0.0,-16.053,0.0,0.0,0.7443015,0.0,0.0,-53.8826985,0.0,0.0
MET  96,105.057,0.0,0.0,-6.135,0.0,0.0,-77.184,0.0,0.0,-6.657,0.0,0.0,0.41447824,0.0,0.0,15.495478239999999,0.0,0.0
ARG  97,-185.823,0.0,0.0,-7.765,0.0,0.0,-13.441,0.0,0.0,23.941,0.0,0.0,0.2984523,0.0,0.0,-182.78954769999999,0.0,0.0
GLU  98,109.317,0.0,0.0,-4.142,0.0,0.0,-56.039,0.0,0.0,-95.765,0.0,0.0,0.69247004,0.0,0.0,-45.93652996,0.0,0.0
PRO  99,93.035,0.0,0.0,-9.308,0.0,0.0,-60.358,0.0,0.0,-4.609,0.0,0.0,0.0017886000000000002,0.0,0.0,18.761788600000006,0.0,0.0
ARG 100,-183.266,0.0,0.0,-12.382,0.0,0.0,-14.74,0.0,0.0,29.688,0.0,0.0,0.23732554,0.0,0.0,-180.46267446000002,0.0,0.0
GLY 101,76.699,0.0,0.0,-5.496,0.0,0.0,-82.394,0.0,0.0,-0.413,0.0,0.0,0.004807540000000001,0.0,0.0,-11.599192460000003,0.0,0.0
SER 102,70.066,0.0,0.0,-7.26,0.0,0.0,-65.143,0.0,0.0,-2.766,0.0,0.0,0.24800836000000004,0.0,0.0,-4.854991639999996,0.0,0.0
ASP 103,93.4,0.0,0.0,-6.851,0.0,0.0,-101.756,0.0,0.0,-38.482,0.0,0.0,0.00894842,0.0,0.0,-53.68005157999999,0.0,0.0
ILE 104,77.611,0.0,0.0,-12.893,0.0,0.0,-61.142,0.0,0.0,-0.397,0.0,0.0,0.0,0.0,0.0,3.1790000000000003,0.0,0.0
ALA 105,83.007,0.0,0.0,-7.179,0.0,0.0,-75.707,0.0,0.0,-1.218,0.0,0.0,0.016129920000000002,0.0,0.0,-1.0808700799999906,0.0,0.0
GLY 106,88.317,0.0,0.0,-5.54,0.0,0.0,-85.651,0.0,0.0,-3.734,0.0,0.0,0.0872349,0.0,0.0,-6.520765100000009,0.0,0.0
THR 107,49.581,0.0,0.0,-5.137,0.0,0.0,-58.821,0.0,0.0,-6.367,0.0,0.0,0.6204111400000001,0.0,0.0,-20.123588859999995,0.0,0.0
THR 108,36.749,0.0,0.0,-3.395,0.0,0.0,-55.681,0.0,0.0,-1.493,0.0,0.0,0.42321528,0.0,0.0,-23.396784719999996,0.0,0.0
SER 109,74.934,0.0,0.0,-6.684,0.0,0.0,-70.615,0.0,0.0,-2.687,0.0,0.0,0.08048158000000001,0.0,0.0,-4.971518419999994,0.0,0.0
THR 110,34.211,0.0,0.0,-5.424,0.0,0.0,-45.089,0.0,0.0,-3.772,0.0,0.0,0.358804,0.0,0.0,-19.715196,0.0,0.0
LEU 111,63.367,0.0,0.0,-9.858,0.0,0.0,-64.37,0.0,0.0,-4.4,0.0,0.0,0.22074034,0.0,0.0,-15.040259660000004,0.0,0.0
GLN 112,40.411,0.0,0.0,-6.616,0.0,0.0,-78.968,0.0,0.0,-10.597,0.0,0.0,0.80237138,0.0,0.0,-54.967628620000006,0.0,0.0
GLU 113,101.825,0.0,0.0,-8.224,0.0,0.0,-109.003,0.0,0.0,-38.727,0.0,0.0,0.31623532,0.0,0.0,-53.81276468,0.0,0.0
GLN 114,39.438,0.0,0.0,-13.457,0.0,0.0,-86.016,0.0,0.0,-2.332,0.0,0.0,0.009354920000000001,0.0,0.0,-62.357645080000005,0.0,0.0
ILE 115,90.022,0.0,0.0,-8.896,0.0,0.0,-72.099,0.0,0.0,-1.616,0.0,0.0,0.08722406,0.0,0.0,7.498224060000001,0.0,0.0
GLY 116,79.686,0.0,0.0,-3.748,0.0,0.0,-75.425,0.0,0.0,-1.817,0.0,0.0,0.15705534000000002,0.0,0.0,-1.1469446599999946,0.0,0.0
TRP 117,124.065,0.0,0.0,-18.603,0.0,0.0,-89.637,0.0,0.0,-3.829,0.0,0.0,0.00801076,0.0,0.0,12.004010759999987,0.0,0.0
MET 118,99.102,0.0,0.0,-10.708,0.0,0.0,-81.326,0.0,0.0,-3.982,0.0,0.0,0.18380304,0.0,0.0,3.2698030400000118,0.0,0.0
THR 119,41.405,0.0,0.0,-4.769,0.0,0.0,-46.409,0.0,0.0,-6.066,0.0,0.0,0.38407746000000004,0.0,0.0,-15.454922539999995,0.0,0.0
HID 120,90.938,0.0,0.0,-7.034,0.0,0.0,-50.547,0.0,0.0,-15.54,0.0,0.0,0.42127492,0.0,0.0,18.23827492,0.0,0.0
ASN 121,46.078,0.0,0.0,-2.872,0.0,0.0,-81.973,0.0,0.0,-16.764,0.0,0.0,0.7871411800000001,0.0,0.0,-54.74385881999999,0.0,0.0
PRO 122,92.528,0.0,0.0,-4.341,0.0,0.0,-56.755,0.0,0.0,-5.115,0.0,0.0,0.6199450200000001,0.0,0.0,26.936945020000007,0.0,0.0
PRO 123,79.593,0.0,0.0,-6.142,0.0,0.0,-59.808,0.0,0.0,-3.455,0.0,0.0,0.43151872,0.0,0.0,10.619518720000007,0.0,0.0
ILE 124,91.397,0.0,0.0,-7.174,0.0,0.0,-65.069,0.0,0.0,-1.039,0.0,0.0,0.19832322000000002,0.0,0.0,18.313323219999994,0.0,0.0
PRO 125,91.658,0.0,0.0,-5.848,0.0,0.0,-66.322,0.0,0.0,-0.962,0.0,0.0,0.34929732,0.0,0.0,18.87529732,0.0,0.0
VAL 126,53.07,0.0,0.0,-10.192,0.0,0.0,-54.815,0.0,0.0,-1.394,0.0,0.0,0.0,0.0,0.0,-13.330999999999998,0.0,0.0
GLY 127,71.021,0.0,0.0,-5.299,0.0,0.0,-72.142,0.0,0.0,-0.881,0.0,0.0,0.00923026,0.0,0.0,-7.291769740000002,0.0,0.0
GLU 128,102.231,0.0,0.0,-8.366,0.0,0.0,-103.635,0.0,0.0,-43.837,0.0,0.0,0.37944878000000004,0.0,0.0,-53.22755122000002,0.0,0.0
ILE 129,79.09,0.0,0.0,-11.776,0.0,0.0,-63.514,0.0,0.0,-0.987,0.0,0.0,0.0308127,0.0,0.0,2.843812700000004,0.0,0.0
TYR 130,93.209,0.0,0.0,-16.523,0.0,0.0,-90.74,0.0,0.0,-1.254,0.0,0.0,0.05660648000000001,0.0,0.0,-15.251393519999988,0.0,0.0
LYS 131,143.553,0.0,0.0,-8.66,0.0,0.0,-156.664,0.0,0.0,15.779,0.0,0.0,0.12565728,0.0,0.0,-5.866342719999986,0.0,0.0
ARG 132,-186.785,0.0,0.0,-10.385,0.0,0.0,36.882,0.0,0.0,-9.456,0.0,0.0,0.8390160000000001,0.0,0.0,-168.90498399999998,0.0,0.0
TRP 133,124.997,0.0,0.0,-18.642,0.0,0.0,-92.195,0.0,0.0,-6.765,0.0,0.0,0.06624866000000001,0.0,0.0,7.461248660000011,0.0,0.0
ILE 134,89.127,0.0,0.0,-11.09,0.0,0.0,-70.786,0.0,0.0,-0.313,0.0,0.0,0.0035988800000000005,0.0,0.0,6.941598879999991,0.0,0.0
ILE 135,79.119,0.0,0.0,-7.062,0.0,0.0,-63.076,0.0,0.0,0.107,0.0,0.0,0.27804058000000004,0.0,0.0,9.366040580000002,0.0,0.0
LEU 136,71.667,0.0,0.0,-9.287,0.0,0.0,-80.937,0.0,0.0,1.832,0.0,0.0,0.37123748,0.0,0.0,-16.353762519999993,0.0,0.0
GLY 137,78.526,0.0,0.0,-6.109,0.0,0.0,-78.363,0.0,0.0,0.247,0.0,0.0,0.0,0.0,0.0,-5.698999999999998,0.0,0.0
LEU 138,64.403,0.0,0.0,-9.974,0.0,0.0,-66.874,0.0,0.0,-0.967,0.0,0.0,0.040655420000000005,0.0,0.0,-13.371344579999993,0.0,0.0
ASN 139,46.368,0.0,0.0,-7.352,0.0,0.0,-99.005,0.0,0.0,-10.368,0.0,0.0,0.45905774000000005,0.0,0.0,-69.89794225999998,0.0,0.0
LYS 140,134.148,0.0,0.0,-8.046,0.0,0.0,-133.556,0.0,0.0,-5.425,0.0,0.0,0.426012,0.0,0.0,-12.452988000000008,0.0,0.0
ILE 141,91.181,0.0,0.0,-9.681,0.0,0.0,-75.557,0.0,0.0,-2.75,0.0,0.0,0.07950056,0.0,0.0,3.272500559999998,0.0,0.0
VAL 142,65.309,0.0,0.0,-7.396,0.0,0.0,-55.362,0.0,0.0,-5.713,0.0,0.0,0.19239915999999999,0.0,0.0,-2.9696008400000053,0.0,0.0
ARG 143,-188.451,0.0,0.0,-7.715,0.0,0.0,57.644,0.0,0.0,-29.049,0.0,0.0,1.01730148,0.0,0.0,-166.55369852,0.0,0.0
MET 144,88.777,0.0,0.0,-7.276,0.0,0.0,-73.84,0.0,0.0,-6.113,0.0,0.0,0.40305288000000006,0.0,0.0,1.951052880000001,0.0,0.0
TYR 145,104.269,0.0,0.0,-10.331,0.0,0.0,-81.834,0.0,0.0,-12.639,0.0,0.0,0.49614680000000005,0.0,0.0,-0.03885320000000009,0.0,0.0
SER 146,89.558,0.0,0.0,-4.18,0.0,0.0,-68.172,0.0,0.0,-9.196,0.0,0.0,0.51084584,0.0,0.0,8.520845840000018,0.0,0.0
PRO 147,93.745,0.0,0.0,-4.646,0.0,0.0,-65.671,0.0,0.0,-5.692,0.0,0.0,0.44109044000000003,0.0,0.0,18.177090439999997,0.0,0.0
THR 148,48.539,0.0,0.0,-2.989,0.0,0.0,-51.533,0.0,0.0,-10.399,0.0,0.0,0.7383882800000001,0.0,0.0,-15.643611719999997,0.0,0.0
SER 149,57.807,0.0,0.0,-2.17,0.0,0.0,-40.364,0.0,0.0,-13.853,0.0,0.0,0.7110010200000001,0.0,0.0,2.131001020000004,0.0,0.0
ILE 150,61.302,0.0,0.0,-2.075,0.0,0.0,-29.702,0.0,0.0,-8.212,0.0,0.0,1.28475138,0.0,0.0,22.597751379999995,0.0,0.0

Ligand:
Total Energy Decomposition:
Residue,Internal,,,van der Waals,,,Electrostatic,,,Polar Solvation,,,Non-Polar Solv.,,,TOTAL,,
,Avg.,Std. Dev.,Std. Err. of Mean,Avg.,Std. Dev.,Std. Err. of Mean,Avg.,Std. Dev.,Std. Err. of Mean,Avg.,Std. Dev.,Std. Err. of Mean,Avg.,Std. Dev.,Std. Err. of Mean,Avg.,Std. Dev.,Std. Err. of Mean
LEU   1,49.94,0.0,0.0,-3.419,0.0,0.0,-46.198,0.0,0.0,-6.737,0.0,0.0,0.9819414,0.0,0.0,-5.4320585999999995,0.0,0.0
ASP   2,102.082,0.0,0.0,-2.787,0.0,0.0,-80.649,0.0,0.0,-74.842,0.0,0.0,0.73821484,0.0,0.0,-55.457785160000014,0.0,0.0
ILE   3,108.432,0.0,0.0,-5.577,0.0,0.0,-77.987,0.0,0.0,-3.352,0.0,0.0,0.40751896000000004,0.0,0.0,21.92351896000001,0.0,0.0
ARG   4,-194.595,0.0,0.0,-6.459,0.0,0.0,40.832,0.0,0.0,-18.552,0.0,0.0,0.80716266,0.0,0.0,-177.96683734,0.0,0.0
GLN   5,34.49,0.0,0.0,-12.053,0.0,0.0,-85.066,0.0,0.0,-2.394,0.0,0.0,0.09037308000000001,0.0,0.0,-64.93262692,0.0,0.0
GLY   6,87.592,0.0,0.0,-3.486,0.0,0.0,-67.827,0.0,0.0,-8.67,0.0,0.0,0.056573960000000006,0.0,0.0,7.665573959999996,0.0,0.0
PRO   7,89.489,0.0,0.0,-2.566,0.0,0.0,-53.07,0.0,0.0,-10.651,0.0,0.0,0.7287461000000001,0.0,0.0,23.9307461,0.0,0.0
LYS   8,118.594,0.0,0.0,-3.564,0.0,0.0,-81.446,0.0,0.0,-52.343,0.0,0.0,1.19554902,0.0,0.0,-17.56345098,0.0,0.0
GLU   9,114.285,0.0,0.0,-8.827,0.0,0.0,-121.096,0.0,0.0,-30.373,0.0,0.0,0.20577572000000002,0.0,0.0,-45.80522428000001,0.0,0.0
PRO  10,79.14,0.0,0.0,-6.948,0.0,0.0,-54.216,0.0,0.0,-4.362,0.0,0.0,0.32065804000000003,0.0,0.0,13.934658040000006,0.0,0.0
PHE  11,100.113,0.0,0.0,-14.342,0.0,0.0,-73.495,0.0,0.0,-3.548,0.0,0.0,0.01714346,0.0,0.0,8.745143459999996,0.0,0.0
ARG  12,-202.239,0.0,0.0,-7.681,0.0,0.0,40.969,0.0,0.0,-5.29,0.0,0.0,0.76902212,0.0,0.0,-173.47197788000003,0.0,0.0
ASP  13,108.346,0.0,0.0,-6.507,0.0,0.0,-82.926,0.0,0.0,-78.467,0.0,0.0,0.38951914000000004,0.0,0.0,-59.164480860000005,0.0,0.0
TYR  14,99.748,0.0,0.0,-15.356,0.0,0.0,-96.936,0.0,0.0,-2.06,0.0,0.0,0.0008943000000000001,0.0,0.0,-14.603105699999997,0.0,0.0
VAL  15,55.01,0.0,0.0,-9.226,0.0,0.0,-55.727,0.0,0.0,2.066,0.0,0.0,0.01366924,0.0,0.0,-7.863330759999998,0.0,0.0
ASP  16,92.784,0.0,0.0,-7.603,0.0,0.0,-66.245,0.0,0.0,-72.319,0.0,0.0,0.38610996000000003,0.0,0.0,-52.99689004,0.0,0.0
ARG  17,-192.446,0.0,0.0,-11.429,0.0,0.0,29.159,0.0,0.0,-4.554,0.0,0.0,0.49871588,0.0,0.0,-178.77128412000002,0.0,0.0
PHE  18,96.805,0.0,0.0,-15.178,0.0,0.0,-80.641,0.0,0.0,-1.002,0.0,0.0,0.0532515,0.0,0.0,0.037251500000004205,0.0,0.0
TYR  19,98.443,0.0,0.0,-9.571,0.0,0.0,-85.27,0.0,0.0,-7.128,0.0,0.0,0.67242146,0.0,0.0,-2.8535785399999964,0.0,0.0
LYS  20,138.372,0.0,0.0,-7.634,0.0,0.0,-116.933,0.0,0.0,-31.743,0.0,0.0,0.8163387200000001,0.0,0.0,-17.121661280000005,0.0,0.0
THR  21,48.345,0.0,0.0,-6.536,0.0,0.0,-55.887,0.0,0.0,-4.782,0.0,0.0,0.32018650000000004,0.0,0.0,-18.539813500000005,0.0,0.0
LEU  22,73.662,0.0,0.0,-9.908,0.0,0.0,-68.241,0.0,0.0,-2.828,0.0,0.0,0.05760918,0.0,0.0,-7.257390819999994,0.0,0.0
ARG  23,-194.833,0.0,0.0,-7.711,0.0,0.0,70.883,0.0,0.0,-44.9,0.0,0.0,0.8723435800000001,0.0,0.0,-175.68865642,0.0,0.0
ALA  24,84.761,0.0,0.0,-3.962,0.0,0.0,-78.646,0.0,0.0,-5.84,0.0,0.0,0.50152344,0.0,0.0,-3.185476560000008,0.0,0.0
GLU  25,111.798,0.0,0.0,-5.415,0.0,0.0,-62.632,0.0,0.0,-90.685,0.0,0.0,0.73405228,0.0,0.0,-46.199947720000004,0.0,0.0
GLN  26,27.152,0.0,0.0,-4.258,0.0,0.0,-61.167,0.0,0.0,-20.709,0.0,0.0,0.93502046,0.0,0.0,-58.04697954,0.0,0.0
ALA  27,94.935,0.0,0.0,-5.654,0.0,0.0,-89.176,0.0,0.0,1.117,0.0,0.0,0.07898024000000001,0.0,0.0,1.300980240000004,0.0,0.0
SER  28,86.436,0.0,0.0,-4.371,0.0,0.0,-73.257,0.0,0.0,-9.231,0.0,0.0,0.4471771,0.0,0.0,0.024177100000007057,0.0,0.0
GLN  29,26.825,0.0,0.0,-4.466,0.0,0.0,-75.711,0.0,0.0,-5.082,0.0,0.0,0.6294517000000001,0.0,0.0,-57.80454830000001,0.0,0.0
GLU  30,113.712,0.0,0.0,-4.63,0.0,0.0,-79.366,0.0,0.0,-79.751,0.0,0.0,0.79066418,0.0,0.0,-49.244335819999996,0.0,0.0
VAL  31,60.748,0.0,0.0,-6.341,0.0,0.0,-53.639,0.0,0.0,-2.137,0.0,0.0,0.35363874,0.0,0.0,-1.0153612600000064,0.0,0.0
LYS  32,116.387,0.0,0.0,-8.323,0.0,0.0,-98.956,0.0,0.0,-26.107,0.0,0.0,0.29665828000000005,0.0,0.0,-16.70234172000001,0.0,0.0
ASN  33,22.159,0.0,0.0,-7.888,0.0,0.0,-82.065,0.0,0.0,-10.733,0.0,0.0,0.3836276,0.0,0.0,-78.1433724,0.0,0.0
TRP  34,127.533,0.0,0.0,-9.932,0.0,0.0,-91.904,0.0,0.0,-8.705,0.0,0.0,0.8680401000000001,0.0,0.0,17.860040100000006,0.0,0.0
MET  35,103.19,0.0,0.0,-11.1,0.0,0.0,-87.285,0.0,0.0,-0.815,0.0,0.0,0.24163986,0.0,0.0,4.231639860000007,0.0,0.0
THR  36,42.563,0.0,0.0,-9.055,0.0,0.0,-56.911,0.0,0.0,-0.115,0.0,0.0,0.027804600000000002,0.0,0.0,-23.490195399999998,0.0,0.0
GLU  37,100.764,0.0,0.0,-9.637,0.0,0.0,-64.801,0.0,0.0,-77.596,0.0,0.0,0.30647932,0.0,0.0,-50.96352068000001,0.0,0.0
THR  38,49.972,0.0,0.0,-5.648,0.0,0.0,-55.607,0.0,0.0,-0.074,0.0,0.0,0.26903254000000004,0.0,0.0,-11.087967460000002,0.0,0.0
LEU  39,65.041,0.0,0.0,-9.19,0.0,0.0,-68.848,0.0,0.0,0.47,0.0,0.0,0.16429104000000003,0.0,0.0,-12.362708959999999,0.0,0.0
LEU  40,84.952,0.0,0.0,-12.139,0.0,0.0,-90.361,0.0,0.0,0.692,0.0,0.0,0.0,0.0,0.0,-16.856,0.0,0.0
VAL  41,53.264,0.0,0.0,-7.85,0.0,0.0,-59.802,0.0,0.0,-0.285,0.0,0.0,0.07040038000000001,0.0,0.0,-14.602599619999998,0.0,0.0
GLN  42,22.955,0.0,0.0,-6.236,0.0,0.0,-66.663,0.0,0.0,-8.187,0.0,0.0,0.6635272400000001,0.0,0.0,-57.46747276,0.0,0.0
ASN  43,21.841,0.0,0.0,-9.5,0.0,0.0,-78.757,0.0,0.0,-5.099,0.0,0.0,0.0533328,0.0,0.0,-71.4616672,0.0,0.0
ALA  44,91.204,0.0,0.0,-7.555,0.0,0.0,-80.74,0.0,0.0,0.694,0.0,0.0,0.024910320000000003,0.0,0.0,3.627910320000006,0.0,0.0
ASN  45,47.4,0.0,0.0,-6.193,0.0,0.0,-92.739,0.0,0.0,-10.924,0.0,0.0,0.24107618,0.0,0.0,-62.21492382,0.0,0.0
PRO  46,78.177,0.0,0.0,-6.264,0.0,0.0,-57.303,0.0,0.0,-3.325,0.0,0.0,0.54989694,0.0,0.0,11.834896940000014,0.0,0.0
ASP  47,84.163,0.0,0.0,-3.351,0.0,0.0,-62.223,0.0,0.0,-74.486,0.0,0.0,0.67135372,0.0,0.0,-55.22564628000001,0.0,0.0
CYX  48,105.26,0.0,0.0,-6.185,0.0,0.0,-85.162,0.0,0.0,-1.854,0.0,0.0,0.00762594,0.0,0.0,12.066625939999998,0.0,0.0
LYS  49,137.089,0.0,0.0,-9.284,0.0,0.0,-131.837,0.0,0.0,-14.881,0.0,0.0,0.45564314,0.0,0.0,-18.457356859999997,0.0,0.0
THR  50,52.7,0.0,0.0,-4.588,0.0,0.0,-58.067,0.0,0.0,-4.986,0.0,0.0,0.62539754,0.0,0.0,-14.31560246,0.0,0.0
ILE  51,77.232,0.0,0.0,-8.128,0.0,0.0,-54.936,0.0,0.0,-2.664,0.0,0.0,0.44497116000000003,0.0,0.0,11.94897116,0.0,0.0
LEU  52,76.434,0.0,0.0,-12.083,0.0,0.0,-68.651,0.0,0.0,-5.658,0.0,0.0,0.01431964,0.0,0.0,-9.943680359999998,0.0,0.0
LYS  53,120.203,0.0,0.0,-5.987,0.0,0.0,-92.367,0.0,0.0,-36.235,0.0,0.0,0.9056982600000001,0.0,0.0,-13.480301739999996,0.0,0.0
ALA  54,84.807,0.0,0.0,-4.398,0.0,0.0,-73.118,0.0,0.0,-5.988,0.0,0.0,0.43021250000000005,0.0,0.0,1.7332125000000107,0.0,0.0
LEU  55,78.116,0.0,0.0,-8.392,0.0,0.0,-70.646,0.0,0.0,-7.428,0.0,0.0,0.41806086,0.0,0.0,-7.931939139999998,0.0,0.0
GLY  56,90.793,0.0,0.0,-3.026,0.0,0.0,-73.119,0.0,0.0,-8.776,0.0,0.0,0.13287672,0.0,0.0,6.00487672000001,0.0,0.0
PRO  57,79.997,0.0,0.0,-3.057,0.0,0.0,-55.108,0.0,0.0,-7.658,0.0,0.0,0.7562634400000001,0.0,0.0,14.93026344,0.0,0.0
GLY  58,69.431,0.0,0.0,-3.367,0.0,0.0,-65.3,0.0,0.0,-4.727,0.0,0.0,0.2992924,0.0,0.0,-3.6637076000000044,0.0,0.0
ALA  59,102.506,0.0,0.0,-5.488,0.0,0.0,-90.043,0.0,0.0,-2.364,0.0,0.0,0.03217312,0.0,0.0,4.643173119999995,0.0,0.0
THR  60,52.283,0.0,0.0,-4.941,0.0,0.0,-58.73,0.0,0.0,-2.398,0.0,0.0,0.40942680000000004,0.0,0.0,-13.376573199999997,0.0,0.0
LEU  61,63.847,0.0,0.0,-8.227,0.0,0.0,-62.061,0.0,0.0,-2.685,0.0,0.0,0.20337466000000004,0.0,0.0,-8.922625339999996,0.0,0.0
GLU  62,109.682,0.0,0.0,-4.606,0.0,0.0,-67.36,0.0,0.0,-90.698,0.0,0.0,0.77308712,0.0,0.0,-52.208912879999986,0.0,0.0
GLU  63,100.088,0.0,0.0,-6.433,0.0,0.0,-60.567,0.0,0.0,-85.948,0.0,0.0,0.48268894000000007,0.0,0.0,-52.37731105999999,0.0,0.0
MET  64,101.883,0.0,0.0,-12.436,0.0,0.0,-78.695,0.0,0.0,0.153,0.0,0.0,0.00852024,0.0,0.0,10.91352024000001,0.0,0.0
MET  65,102.262,0.0,0.0,-11.128,0.0,0.0,-84.891,0.0,0.0,-3.674,0.0,0.0,0.25509772000000003,0.0,0.0,2.8240977199999953,0.0,0.0
THR  66,46.419,0.0,0.0,-4.218,0.0,0.0,-55.8,0.0,0.0,-3.432,0.0,0.0,0.53543096,0.0,0.0,-16.495569040000003,0.0,0.0
ALA  67,80.507,0.0,0.0,-5.529,0.0,0.0,-64.686,0.0,0.0,-3.775,0.0,0.0,0.1432235,0.0,0.0,6.660223500000002,0.0,0.0
CYX  68,95.825,0.0,0.0,-8.344,0.0,0.0,-79.041,0.0,0.0,-1.521,0.0,0.0,0.06096416,0.0,0.0,6.979964160000012,0.0,0.0
GLN  69,37.243,0.0,0.0,-4.902,0.0,0.0,-75.565,0.0,0.0,-15.802,0.0,0.0,0.7434126200000001,0.0,0.0,-58.282587379999995,0.0,0.0
GLY  70,100.79,0.0,0.0,-2.549,0.0,0.0,-80.059,0.0,0.0,-12.223,0.0,0.0,0.10643254,0.0,0.0,6.0654325400000015,0.0,0.0
VAL  71,29.773,0.0,0.0,-1.305,0.0,0.0,-34.822,0.0,0.0,-84.318,0.0,0.0,1.2143997800000002,0.0,0.0,-89.45760022,0.0,0.0

DELTAS:
Total Energy Decomposition:
Residue,Location,Internal,,,van der Waals,,,Electrostatic,,,Polar Solvation,,,Non-Polar Solv.,,,TOTAL,,
,,Avg.,Std. Dev.,Std. Err. of Mean,Avg.,Std. Dev.,Std. Err. of Mean,Avg.,Std. Dev.,Std. Err. of Mean,Avg.,Std. Dev.,Std. Err. of Mean,Avg.,Std. Dev.,Std. Err. of Mean
PRO   1,R PRO   1,0.0,0.0,0.0,-0.0009999999999994458,0.0,0.0,-5.111000000000004,0.0,0.0,5.118999999999998,0.0,0.0,0.0,0.0,0.0,0.006999999999989015,0.0,0.0
ILE   2,R ILE   2,0.0,0.0,0.0,0.0,0.0,0.0,0.02599999999999625,0.0,0.0,-0.026999999999999247,0.0,0.0,0.0,0.0,0.0,-0.0010000000000012221,0.0,0.0
VAL   3,R VAL   3,0.0,0.0,0.0,-0.001000000000000334,0.0,0.0,-0.030999999999998806,0.0,0.0,0.03100000000000014,0.0,0.0,0.0,0.0,0.0,-0.000999999999995893,0.0,0.0
GLN   4,R GLN   4,0.0,0.0,0.0,0.0,0.0,0.0,-0.012999999999998124,0.0,0.0,0.011999999999996902,0.0,0.0,0.0,0.0,0.0,-0.000999999999990564,0.0,0.0
ASN   5,R ASN   5,0.0,0.0,0.0,0.0,0.0,0.0,0.019000000000005457,0.0,0.0,-0.019999999999999574,0.0,0.0,0.0,0.0,0.0,-0.000999999999990564,0.0,0.0
LEU   6,R LEU   6,0.0,0.0,0.0,-0.0009999999999998899,0.0,0.0,-0.015000000000000568,0.0,0.0,0.016000000000000014,0.0,0.0,0.0,0.0,0.0,1.7763568394002505e-15,0.0,0.0
GLN   7,R GLN   7,0.0,0.0,0.0,0.0,0.0,0.0,-0.01300000000000523,0.0,0.0,0.012000000000000455,0.0,0.0,0.0,0.0,0.0,-0.0010000000000047748,0.0,0.0
GLY   8,R GLY   8,0.0,0.0,0.0,0.0,0.0,0.0,-0.030000000000001137,0.0,0.0,0.029000000000000803,0.0,0.0,0.0,0.0,0.0,-0.001000000000000334,0.0,0.0
GLN   9,R GLN   9,0.0,0.0,0.0,0.0,0.0,0.0,0.03999999999999204,0.0,0.0,-0.03900000000000148,0.0,0.0,0.0,0.0,0.0,0.000999999999990564,0.0,0.0
MET  10,R MET  10,0.0,0.0,0.0,0.0,0.0,0.0,-0.013999999999995794,0.0,0.0,0.013000000000000789,0.0,0.0,0.0,0.0,0.0,-0.0009999999999950049,0.0,0.0
VAL  11,R VAL  11,0.0,0.0,0.0,0.0,0.0,0.0,0.010000000000005116,0.0,0.0,-0.01100000000000012,0.0,0.0,0.0,0.0,0.0,-0.000999999999995893,0.0,0.0
HID  12,R HID  12,0.0,0.0,0.0,0.0,0.0,0.0,-0.0049999999999954525,0.0,0.0,0.005000000000000782,0.0,0.0,0.0,0.0,0.0,5.329070518200751e-15,0.0,0.0
GLN  13,R GLN  13,0.0,0.0,0.0,-0.0009999999999994458,0.0,0.0,0.021000000000000796,0.0,0.0,-0.019999999999999574,0.0,0.0,0.0,0.0,0.0,0.0,0.0,0.0
ALA  14,R ALA  14,0.0,0.0,0.0,0.0,0.0,0.0,0.018000000000000682,0.0,0.0,-0.017999999999999794,0.0,0.0,0.0,0.0,0.0,1.7763568394002505e-15,0.0,0.0
ILE  15,R ILE  15,0.0,0.0,0.0,-0.002000000000000668,0.0,0.0,0.07900000000000773,0.0,0.0,-0.07600000000000007,0.0,0.0,0.0,0.0,0.0,0.0009999999999985576,0.0,0.0
SER  16,R SER  16,0.0,0.0,0.0,-0.0019999999999997797,0.0,0.0,-0.16400000000000148,0.0,0.0,0.16300000000000026,0.0,0.0,0.0,0.0,0.0,-0.003000000000010772,0.0,0.0
PRO  17,R PRO  17,0.0,0.0,0.0,-0.0030000000000001137,0.0,0.0,-0.259999999999998,0.0,0.0,0.26200000000000045,0.0,0.0,0.0,0.0,0.0,-0.0009999999999976694,0.0,0.0
ARG  18,R ARG  18,0.0,0.0,0.0,-0.005999999999999339,0.0,0.0,-6.561999999999998,0.0,0.0,6.5830000000000055,0.0,0.0,0.0,0.0,0.0,0.01500000000001478,0.0,0.0
THR  19,R THR  19,0.0,0.0,0.0,-0.004999999999999005,0.0,0.0,-0.23099999999999454,0.0,0.0,0.246,0.0,0.0,0.0,0.0,0.0,0.010000000000012221,0.0,0.0
LEU  20,R LEU  20,0.0,0.0,0.0,-0.008000000000000007,0.0,0.0,-0.4870000000000019,0.0,0.0,0.4850000000000003,0.0,0.0,0.0,0.0,0.0,-0.009999999999996234,0.0,0.0
ASN  21,R ASN  21,0.0,0.0,0.0,-0.019000000000000128,0.0,0.0,-0.8629999999999995,0.0,0.0,0.9659999999999993,0.0,0.0,0.0,0.0,0.0,0.08400000000000318,0.0,0.0
ALA  22,R ALA  22,0.0,0.0,0.0,-0.020999999999999908,0.0,0.0,-0.9620000000000033,0.0,0.0,0.9730000000000001,0.0,0.0,0.0,0.0,0.0,-0.010000000000004228,0.0,0.0
TRP  23,R TRP  23,0.0,0.0,0.0,-0.03999999999999915,0.0,0.0,-0.8029999999999973,0.0,0.0,0.8229999999999995,0.0,0.0,0.0,0.0,0.0,-0.019999999999990692,0.0,0.0
VAL  24,R VAL  24,0.0,0.0,0.0,-0.0649999999999995,0.0,0.0,-1.1610000000000014,0.0,0.0,1.354,0.0,0.0,0.0,0.0,0.0,0.128000000000001,0.0,0.0
LYS  25,R LYS  25,0.0,0.0,0.0,-0.5499999999999998,0.0,0.0,8.834000000000003,0.0,0.0,-7.613999999999999,0.0,0.0,-0.08602623999999992,0.0,0.0,0.5839737600000223,0.0,0.0
VAL  26,R VAL  26,0.0,0.0,0.0,-0.19700000000000006,0.0,0.0,-0.24099999999999966,0.0,0.0,0.2410000000000001,0.0,0.0,0.0,0.0,0.0,-0.19700000000000273,0.0,0.0
VAL  27,R VAL  27,0.0,0.0,0.0,-0.1479999999999997,0.0,0.0,0.6159999999999997,0.0,0.0,-0.42700000000000005,0.0,0.0,0.0,0.0,0.0,0.04100000000000037,0.0,0.0
GLU  28,R GLU  28,0.0,0.0,0.0,-2.026,0.0,0.0,-18.664,0.0,0.0,20.74199999999999,0.0,0.0,-0.32133554,0.0,0.0,-0.26933554000000726,0.0,0.0
GLU  29,R GLU  29,0.0,0.0,0.0,-5.459999999999999,0.0,0.0,-21.92,0.0,0.0,26.409999999999997,0.0,0.0,-0.5478210800000001,0.0,0.0,-1.5178210800000187,0.0,0.0
LYS  30,R LYS  30,0.0,0.0,0.0,-2.0660000000000007,0.0,0.0,8.134,0.0,0.0,-5.845,0.0,0.0,-0.17138582000000002,0.0,0.0,0.0516141800000014,0.0,0.0
ALA  31,R ALA  31,0.0,0.0,0.0,-0.40700000000000003,0.0,0.0,2.674999999999997,0.0,0.0,-1.7770000000000001,0.0,0.0,-0.04656864000000001,0.0,0.0,0.44443136000000116,0.0,0.0
PHE  32,R PHE  32,0.0,0.0,0.0,-0.3260000000000005,0.0,0.0,0.9399999999999977,0.0,0.0,-0.7560000000000002,0.0,0.0,0.0,0.0,0.0,-0.14200000000001012,0.0,0.0
SER  33,R SER  33,0.0,0.0,0.0,-0.6509999999999998,0.0,0.0,-2.75,0.0,0.0,2.44,0.0,0.0,-0.16940210000000003,0.0,0.0,-1.130402100000011,0.0,0.0
PRO  34,R PRO  34,0.0,0.0,0.0,-0.44700000000000006,0.0,0.0,-0.43499999999999517,0.0,0.0,0.48999999999999977,0.0,0.0,-0.06394516,0.0,0.0,-0.45594515999999885,0.0,0.0
GLU  35,R GLU  35,0.0,0.0,0.0,-1.3839999999999995,0.0,0.0,6.0730000000000075,0.0,0.0,-3.987000000000002,0.0,0.0,-0.14486033999999998,0.0,0.0,0.5571396600000043,0.0,0.0
VAL  36,R VAL  36,0.0,0.0,0.0,-0.08300000000000018,0.0,0.0,-0.4239999999999995,0.0,0.0,0.4640000000000001,0.0,0.0,0.0,0.0,0.0,-0.042999999999997485,0.0,0.0
ILE  37,R ILE  37,0.0,0.0,0.0,-0.019999999999999574,0.0,0.0,-0.3159999999999954,0.0,0.0,0.33000000000000007,0.0,0.0,0.0,0.0,0.0,-0.005999999999989569,0.0,0.0
PRO  38,R PRO  38,0.0,0.0,0.0,-0.019999999999999574,0.0,0.0,-0.14100000000000534,0.0,0.0,0.15200000000000014,0.0,0.0,0.0,0.0,0.0,-0.009000000000000341,0.0,0.0
MET  39,R MET  39,0.0,0.0,0.0,-0.038000000000000256,0.0,0.0,0.30100000000000193,0.0,0.0,-0.24300000000000033,0.0,0.0,0.0,0.0,0.0,0.020000000000004903,0.0,0.0
PHE  40,R PHE  40,0.0,0.0,0.0,-0.009999999999999787,0.0,0.0,-0.09000000000000341,0.0,0.0,0.09600000000000009,0.0,0.0,0.0,0.0,0.0,-0.004000000000008441,0.0,0.0
SER  41,R SER  41,0.0,0.0,0.0,-0.0029999999999992255,0.0,0.0,-0.006000000000000227,0.0,0.0,0.024999999999999467,0.0,0.0,0.0,0.0,0.0,0.015999999999999126,0.0,0.0
ALA  42,R ALA  42,0.0,0.0,0.0,-0.0030000000000001137,0.0,0.0,0.1490000000000009,0.0,0.0,-0.14000000000000057,0.0,0.0,0.0,0.0,0.0,0.006000000000000227,0.0,0.0
LEU  43,R LEU  43,0.0,0.0,0.0,-0.009999999999999787,0.0,0.0,0.14000000000000057,0.0,0.0,-0.1299999999999999,0.0,0.0,0.0,0.0,0.0,-5.329070518200751e-15,0.0,0.0
SER  44,R SER  44,0.0,0.0,0.0,-0.0019999999999997797,0.0,0.0,0.09399999999999409,0.0,0.0,-0.08800000000000001,0.0,0.0,0.0,0.0,0.0,0.0039999999999995595,0.0,0.0
GLU  45,R GLU  45,0.0,0.0,0.0,-0.001000000000000334,0.0,0.0,5.2749999999999915,0.0,0.0,-5.280000000000001,0.0,0.0,0.0,0.0,0.0,-0.006000000000014438,0.0,0.0
GLY  46,R GLY  46,0.0,0.0,0.0,0.0,0.0,0.0,-0.01999999999999602,0.0,0.0,0.020000000000000018,0.0,0.0,0.0,0.0,0.0,3.552713678800501e-15,0.0,0.0
ALA  47,R ALA  47,0.0,0.0,0.0,-0.0009999999999994458,0.0,0.0,0.02400000000000091,0.0,0.0,-0.02300000000000013,0.0,0.0,0.0,0.0,0.0,-3.9968028886505635e-15,0.0,0.0
THR  48,R THR  48,0.0,0.0,0.0,0.0,0.0,0.0,-0.008000000000002672,0.0,0.0,0.008000000000000007,0.0,0.0,0.0,0.0,0.0,-3.552713678800501e-15,0.0,0.0
PRO  49,R PRO  49,0.0,0.0,0.0,0.0,0.0,0.0,-0.0030000000000001137,0.0,0.0,0.0020000000000000018,0.0,0.0,0.0,0.0,0.0,-0.001000000000000334,0.0,0.0
GLN  50,R GLN  50,0.0,0.0,0.0,0.0,0.0,0.0,-0.0040000000000048885,0.0,0.0,0.0029999999999983373,0.0,0.0,0.0,0.0,0.0,-0.0010000000000047748,0.0,0.0
ASP  51,R ASP  51,0.0,0.0,0.0,-0.0009999999999994458,0.0,0.0,4.980000000000004,0.0,0.0,-4.986999999999998,0.0,0.0,0.0,0.0,0.0,-0.00799999999998846,0.0,0.0
LEU  52,R LEU  52,0.0,0.0,0.0,-0.0009999999999994458,0.0,0.0,-0.04999999999999716,0.0,0.0,0.05000000000000002,0.0,0.0,0.0,0.0,0.0,-0.0009999999999941167,0.0,0.0
ASN  53,R ASN  53,0.0,0.0,0.0,-0.001000000000000334,0.0,0.0,0.006000000000000227,0.0,0.0,-0.006000000000000227,0.0,0.0,0.0,0.0,0.0,-0.0010000000000047748,0.0,0.0
THR  54,R THR  54,0.0,0.0,0.0,-0.002000000000000668,0.0,0.0,-0.027000000000001023,0.0,0.0,0.03200000000000003,0.0,0.0,0.0,0.0,0.0,0.002999999999996561,0.0,0.0
MET  55,R MET  55,0.0,0.0,0.0,-0.005000000000000782,0.0,0.0,-0.05299999999999727,0.0,0.0,0.06,0.0,0.0,0.0,0.0,0.0,0.0020000000000073292,0.0,0.0
LEU  56,R LEU  56,0.0,0.0,0.0,-0.0039999999999995595,0.0,0.0,-0.03999999999999204,0.0,0.0,0.047,0.0,0.0,0.0,0.0,0.0,0.003000000000010772,0.0,0.0
ASN  57,R ASN  57,0.0,0.0,0.0,-0.004000000000000448,0.0,0.0,-0.005000000000009663,0.0,0.0,0.030000000000001137,0.0,0.0,0.0,0.0,0.0,0.021000000000000796,0.0,0.0
THR  58,R THR  58,0.0,0.0,0.0,-0.01499999999999968,0.0,0.0,-0.3359999999999985,0.0,0.0,0.4059999999999988,0.0,0.0,0.0,0.0,0.0,0.054999999999999716,0.0,0.0
VAL  59,R VAL  59,0.0,0.0,0.0,-0.013000000000000789,0.0,0.0,-0.015999999999998238,0.0,0.0,0.03600000000000003,0.0,0.0,0.0,0.0,0.0,0.007000000000003226,0.0,0.0
ALA  60,R ALA  60,0.0,0.0,0.0,-0.006000000000000227,0.0,0.0,0.1039999999999992,0.0,0.0,-0.08300000000000018,0.0,0.0,0.0,0.0,0.0,0.014999999999997016,0.0,0.0
PRO  61,R PRO  61,0.0,0.0,0.0,-0.02400000000000002,0.0,0.0,0.125,0.0,0.0,-0.08299999999999996,0.0,0.0,0.0,0.0,0.0,0.017999999999998906,0.0,0.0
HID  62,R HID  62,0.0,0.0,0.0,-0.07600000000000051,0.0,0.0,-0.5829999999999984,0.0,0.0,0.8730000000000011,0.0,0.0,0.0,0.0,0.0,0.2140000000000093,0.0,0.0
GLN  63,R GLN  63,0.0,0.0,0.0,-0.0129999999999999,0.0,0.0,0.23099999999999454,0.0,0.0,-0.16000000000000014,0.0,0.0,0.0,0.0,0.0,0.058000000000006935,0.0,0.0
ALA  64,R ALA  64,0.0,0.0,0.0,-0.005999999999999339,0.0,0.0,-0.10099999999999909,0.0,0.0,0.11500000000000021,0.0,0.0,0.0,0.0,0.0,0.008000000000000895,0.0,0.0
ALA  65,R ALA  65,0.0,0.0,0.0,-0.008000000000000007,0.0,0.0,-0.015000000000000568,0.0,0.0,0.022999999999999687,0.0,0.0,0.0,0.0,0.0,-1.0658141036401503e-14,0.0,0.0
ALA  66,R ALA  66,0.0,0.0,0.0,-0.004000000000000448,0.0,0.0,0.045000000000001705,0.0,0.0,-0.040999999999999925,0.0,0.0,0.0,0.0,0.0,-3.1086244689504383e-15,0.0,0.0
GLN  67,R GLN  67,0.0,0.0,0.0,-0.0030000000000001137,0.0,0.0,-0.013999999999995794,0.0,0.0,0.022999999999999687,0.0,0.0,0.0,0.0,0.0,0.006000000000007333,0.0,0.0
MET  68,R MET  68,0.0,0.0,0.0,-0.0039999999999995595,0.0,0.0,-0.26200000000000045,0.0,0.0,0.2679999999999998,0.0,0.0,0.0,0.0,0.0,0.001999999999995339,0.0,0.0
LEU  69,R LEU  69,0.0,0.0,0.0,-0.005000000000000782,0.0,0.0,0.045000000000001705,0.0,0.0,-0.04200000000000026,0.0,0.0,0.0,0.0,0.0,-0.0019999999999944507,0.0,0.0
LYS  70,R LYS  70,0.0,0.0,0.0,-0.002000000000000668,0.0,0.0,-5.028999999999996,0.0,0.0,5.0440000000000005,0.0,0.0,0.0,0.0,0.0,0.013000000000008782,0.0,0.0
GLU  71,R GLU  71,0.0,0.0,0.0,-0.0009999999999994458,0.0,0.0,5.635999999999996,0.0,0.0,-5.6370000000000005,0.0,0.0,0.0,0.0,0.0,-0.0020000000000095497,0.0,0.0
THR  72,R THR  72,0.0,0.0,0.0,-0.001000000000000334,0.0,0.0,0.046999999999997044,0.0,0.0,-0.04499999999999993,0.0,0.0,0.0,0.0,0.0,0.0009999999999976694,0.0,0.0
ILE  73,R ILE  73,0.0,0.0,0.0,-0.0009999999999994458,0.0,0.0,0.011000000000002785,0.0,0.0,-0.010999999999999677,0.0,0.0,0.0,0.0,0.0,-0.0009999999999941167,0.0,0.0
ASN  74,R ASN  74,0.0,0.0,0.0,0.0,0.0,0.0,-0.11400000000000432,0.0,0.0,0.11400000000000077,0.0,0.0,0.0,0.0,0.0,0.0,0.0,0.0
GLU  75,R GLU  75,0.0,0.0,0.0,-0.001000000000000334,0.0,0.0,5.865000000000002,0.0,0.0,-5.864000000000004,0.0,0.0,0.0,0.0,0.0,-7.105427357601002e-15,0.0,0.0
GLU  76,R GLU  76,0.0,0.0,0.0,-0.0009999999999994458,0.0,0.0,6.119,0.0,0.0,-6.118000000000009,0.0,0.0,0.0,0.0,0.0,-1.4210854715202004e-14,0.0,0.0
ALA  77,R ALA  77,0.0,0.0,0.0,0.0,0.0,0.0,-0.045000000000001705,0.0,0.0,0.04499999999999993,0.0,0.0,0.0,0.0,0.0,-1.7763568394002505e-15,0.0,0.0
ALA  78,R ALA  78,0.0,0.0,0.0,0.0,0.0,0.0,-0.060000000000002274,0.0,0.0,0.06,0.0,0.0,0.0,0.0,0.0,-1.7763568394002505e-15,0.0,0.0
GLU  79,R GLU  79,0.0,0.0,0.0,0.0,0.0,0.0,5.570999999999998,0.0,0.0,-5.569999999999993,0.0,0.0,0.0,0.0,0.0,0.0010000000000047748,0.0,0.0
TRP  80,R TRP  80,0.0,0.0,0.0,0.0,0.0,0.0,-0.0030000000000001137,0.0,0.0,0.0029999999999998916,0.0,0.0,0.0,0.0,0.0,0.0,0.0,0.0
ASP  81,R ASP  81,0.0,0.0,0.0,0.0,0.0,0.0,4.804999999999993,0.0,0.0,-4.804000000000002,0.0,0.0,0.0,0.0,0.0,0.000999999999990564,0.0,0.0
ARG  82,R ARG  82,0.0,0.0,0.0,0.0,0.0,0.0,-5.431999999999999,0.0,0.0,5.430999999999997,0.0,0.0,0.0,0.0,0.0,-0.0010000000000331966,0.0,0.0
LEU  83,R LEU  83,0.0,0.0,0.0,-0.001000000000000334,0.0,0.0,-0.04099999999999682,0.0,0.0,0.04099999999999948,0.0,0.0,0.0,0.0,0.0,-0.000999999999995893,0.0,0.0
HID  84,R HID  84,0.0,0.0,0.0,0.0,0.0,0.0,-0.006000000000000227,0.0,0.0,0.006000000000000227,0.0,0.0,0.0,0.0,0.0,0.0,0.0,0.0
PRO  85,R PRO  85,0.0,0.0,0.0,0.0,0.0,0.0,0.05100000000000193,0.0,0.0,-0.051000000000000156,0.0,0.0,0.0,0.0,0.0,0.0,0.0,0.0
VAL  86,R VAL  86,0.0,0.0,0.0,0.0,0.0,0.0,-0.003999999999997783,0.0,0.0,0.004999999999999893,0.0,0.0,0.0,0.0,0.0,0.0010000000000012221,0.0,0.0
HID  87,R HID  87,0.0,0.0,0.0,0.0,0.0,0.0,-0.056999999999995055,0.0,0.0,0.05799999999999983,0.0,0.0,0.0,0.0,0.0,0.0010000000000047748,0.0,0.0
ALA  88,R ALA  88,0.0,0.0,0.0,0.0,0.0,0.0,-0.027000000000001023,0.0,0.0,0.027000000000000135,0.0,0.0,0.0,0.0,0.0,-1.7763568394002505e-15,0.0,0.0
GLY  89,R GLY  89,0.0,0.0,0.0,0.0,0.0,0.0,0.012000000000000455,0.0,0.0,-0.011999999999999567,0.0,0.0,0.0,0.0,0.0,8.881784197001252e-16,0.0,0.0
PRO  90,R PRO  90,0.0,0.0,0.0,0.0,0.0,0.0,-0.021999999999998465,0.0,0.0,0.02200000000000024,0.0,0.0,0.0,0.0,0.0,3.552713678800501e-15,0.0,0.0
ILE  91,R ILE  91,0.0,0.0,0.0,0.0,0.0,0.0,-0.012000000000000455,0.0,0.0,0.013000000000000789,0.0,0.0,0.0,0.0,0.0,0.0010000000000012221,0.0,0.0
ALA  92,R ALA  92,0.0,0.0,0.0,0.0,0.0,0.0,0.0309999999999917,0.0,0.0,-0.03200000000000003,0.0,0.0,0.0,0.0,0.0,-0.0010000000000083276,0.0,0.0
PRO  93,R PRO  93,0.0,0.0,0.0,0.0,0.0,0.0,-0.021999999999998465,0.0,0.0,0.02200000000000024,0.0,0.0,0.0,0.0,0.0,0.0,0.0,0.0
GLY  94,R GLY  94,0.0,0.0,0.0,0.0,0.0,0.0,-0.0010000000000047748,0.0,0.0,0.0009999999999994458,0.0,0.0,0.0,0.0,0.0,-5.329070518200751e-15,0.0,0.0
GLN  95,R GLN  95,0.0,0.0,0.0,0.0,0.0,0.0,-0.031999999999996476,0.0,0.0,0.03100000000000236,0.0,0.0,0.0,0.0,0.0,-0.0009999999999976694,0.0,0.0
MET  96,R MET  96,0.0,0.0,0.0,0.0,0.0,0.0,-0.012000000000000455,0.0,0.0,0.012000000000000455,0.0,0.0,0.0,0.0,0.0,0.0,0.0,0.0
ARG  97,R ARG  97,0.0,0.0,0.0,-0.001000000000000334,0.0,0.0,-4.519999999999998,0.0,0.0,4.52,0.0,0.0,0.0,0.0,0.0,-0.0010000000000047748,0.0,0.0
GLU  98,R GLU  98,0.0,0.0,0.0,0.0,0.0,0.0,4.462000000000003,0.0,0.0,-4.462000000000003,0.0,0.0,0.0,0.0,0.0,0.0,0.0,0.0
PRO  99,R PRO  99,0.0,0.0,0.0,0.0,0.0,0.0,-0.007000000000005002,0.0,0.0,0.008000000000000007,0.0,0.0,0.0,0.0,0.0,0.0009999999999976694,0.0,0.0
ARG 100,R ARG 100,0.0,0.0,0.0,0.0,0.0,0.0,-4.622999999999999,0.0,0.0,4.622000000000003,0.0,0.0,0.0,0.0,0.0,-0.0009999999999763531,0.0,0.0
GLY 101,R GLY 101,0.0,0.0,0.0,0.0,0.0,0.0,0.021000000000000796,0.0,0.0,-0.02100000000000002,0.0,0.0,0.0,0.0,0.0,1.7763568394002505e-15,0.0,0.0
SER 102,R SER 102,0.0,0.0,0.0,-0.001000000000000334,0.0,0.0,0.03100000000000591,0.0,0.0,-0.03100000000000014,0.0,0.0,0.0,0.0,0.0,-0.0009999999999994458,0.0,0.0
ASP 103,R ASP 103,0.0,0.0,0.0,-0.001000000000000334,0.0,0.0,4.706999999999994,0.0,0.0,-4.707999999999998,0.0,0.0,0.0,0.0,0.0,-0.0020000000000095497,0.0,0.0
ILE 104,R ILE 104,0.0,0.0,0.0,0.0,0.0,0.0,-0.009000000000000341,0.0,0.0,0.008000000000000007,0.0,0.0,0.0,0.0,0.0,-0.001000000000000334,0.0,0.0
ALA 105,R ALA 105,0.0,0.0,0.0,0.0,0.0,0.0,-0.009000000000000341,0.0,0.0,0.008999999999999897,0.0,0.0,0.0,0.0,0.0,-4.440892098500626e-16,0.0,0.0
GLY 106,R GLY 106,0.0,0.0,0.0,0.0,0.0,0.0,-0.012000000000000455,0.0,0.0,0.01200000000000001,0.0,0.0,0.0,0.0,0.0,0.0,0.0,0.0
THR 107,R THR 107,0.0,0.0,0.0,-0.001000000000000334,0.0,0.0,-0.029000000000003467,0.0,0.0,0.03000000000000025,0.0,0.0,0.0,0.0,0.0,0.0,0.0,0.0
THR 108,R THR 108,0.0,0.0,0.0,0.0,0.0,0.0,-0.008000000000002672,0.0,0.0,0.008000000000000007,0.0,0.0,0.0,0.0,0.0,-3.552713678800501e-15,0.0,0.0
SER 109,R SER 109,0.0,0.0,0.0,0.0,0.0,0.0,0.012000000000000455,0.0,0.0,-0.01200000000000001,0.0,0.0,0.0,0.0,0.0,0.0,0.0,0.0
THR 110,R THR 110,0.0,0.0,0.0,0.0,0.0,0.0,0.0009999999999976694,0.0,0.0,-0.001000000000000334,0.0,0.0,0.0,0.0,0.0,-3.552713678800501e-15,0.0,0.0
LEU 111,R LEU 111,0.0,0.0,0.0,0.0,0.0,0.0,-0.0030000000000001137,0.0,0.0,0.0030000000000001137,0.0,0.0,0.0,0.0,0.0,0.0,0.0,0.0
GLN 112,R GLN 112,0.0,0.0,0.0,0.0,0.0,0.0,0.04000000000000625,0.0,0.0,-0.04100000000000037,0.0,0.0,0.0,0.0,0.0,-0.000999999999990564,0.0,0.0
GLU 113,R GLU 113,0.0,0.0,0.0,0.0,0.0,0.0,4.567999999999998,0.0,0.0,-4.569000000000003,0.0,0.0,0.0,0.0,0.0,-0.0010000000000047748,0.0,0.0
GLN 114,R GLN 114,0.0,0.0,0.0,0.0,0.0,0.0,0.023000000000010346,0.0,0.0,-0.02400000000000002,0.0,0.0,0.0,0.0,0.0,-0.000999999999990564,0.0,0.0
ILE 115,R ILE 115,0.0,0.0,0.0,0.0,0.0,0.0,0.0010000000000047748,0.0,0.0,-0.0009999999999998899,0.0,0.0,0.0,0.0,0.0,4.440892098500626e-15,0.0,0.0
GLY 116,R GLY 116,0.0,0.0,0.0,0.0,0.0,0.0,-0.0030000000000001137,0.0,0.0,0.0029999999999998916,0.0,0.0,0.0,0.0,0.0,-2.220446049250313e-16,0.0,0.0
TRP 117,R TRP 117,0.0,0.0,0.0,0.0,0.0,0.0,0.015000000000000568,0.0,0.0,-0.01399999999999979,0.0,0.0,0.0,0.0,0.0,0.0010000000000012221,0.0,0.0
MET 118,R MET 118,0.0,0.0,0.0,-0.0009999999999994458,0.0,0.0,0.001999999999995339,0.0,0.0,-0.0019999999999997797,0.0,0.0,0.0,0.0,0.0,-0.0010000000000092157,0.0,0.0
THR 119,R THR 119,0.0,0.0,0.0,0.0,0.0,0.0,-0.02300000000000324,0.0,0.0,0.022999999999999687,0.0,0.0,0.0,0.0,0.0,-3.552713678800501e-15,0.0,0.0
HID 120,R HID 120,0.0,0.0,0.0,0.0,0.0,0.0,0.036999999999999034,0.0,0.0,-0.03700000000000081,0.0,0.0,0.0,0.0,0.0,0.0,0.0,0.0
ASN 121,R ASN 121,0.0,0.0,0.0,0.0,0.0,0.0,0.015000000000000568,0.0,0.0,-0.01600000000000179,0.0,0.0,0.0,0.0,0.0,-0.0010000000000047748,0.0,0.0
PRO 122,R PRO 122,0.0,0.0,0.0,0.0,0.0,0.0,-0.02499999999999858,0.0,0.0,0.025000000000000355,0.0,0.0,0.0,0.0,0.0,3.552713678800501e-15,0.0,0.0
PRO 123,R PRO 123,0.0,0.0,0.0,0.0,0.0,0.0,0.012000000000000455,0.0,0.0,-0.01200000000000001,0.0,0.0,0.0,0.0,0.0,0.0,0.0,0.0
ILE 124,R ILE 124,0.0,0.0,0.0,-0.0009999999999994458,0.0,0.0,-0.015000000000000568,0.0,0.0,0.016000000000000014,0.0,0.0,0.0,0.0,0.0,1.0658141036401503e-14,0.0,0.0
PRO 125,R PRO 125,0.0,0.0,0.0,0.0,0.0,0.0,0.021000000000000796,0.0,0.0,-0.02100000000000002,0.0,0.0,0.0,0.0,0.0,0.0,0.0,0.0
VAL 126,R VAL 126,0.0,0.0,0.0,-0.0009999999999994458,0.0,0.0,0.04099999999999682,0.0,0.0,-0.04100000000000015,0.0,0.0,0.0,0.0,0.0,-0.0010000000000012221,0.0,0.0
GLY 127,R GLY 127,0.0,0.0,0.0,0.0,0.0,0.0,0.024999999999991473,0.0,0.0,-0.026000000000000023,0.0,0.0,0.0,0.0,0.0,-0.0010000000000083276,0.0,0.0
GLU 128,R GLU 128,0.0,0.0,0.0,0.0,0.0,0.0,5.478000000000009,0.0,0.0,-5.481999999999999,0.0,0.0,0.0,0.0,0.0,-0.003999999999990678,0.0,0.0
ILE 129,R ILE 129,0.0,0.0,0.0,-0.0009999999999994458,0.0,0.0,0.07900000000000063,0.0,0.0,-0.07900000000000007,0.0,0.0,0.0,0.0,0.0,-0.0010000000000038867,0.0,0.0
TYR 130,R TYR 130,0.0,0.0,0.0,-0.0010000000000012221,0.0,0.0,0.08199999999999363,0.0,0.0,-0.08299999999999996,0.0,0.0,0.0,0.0,0.0,-0.002000000000011326,0.0,0.0
LYS 131,R LYS 131,0.0,0.0,0.0,-0.002000000000000668,0.0,0.0,-5.334000000000003,0.0,0.0,5.344999999999999,0.0,0.0,0.0,0.0,0.0,0.00899999999998613,0.0,0.0
ARG 132,R ARG 132,0.0,0.0,0.0,-0.0009999999999994458,0.0,0.0,-5.634999999999998,0.0,0.0,5.638,0.0,0.0,0.0,0.0,0.0,0.001999999999981128,0.0,0.0
TRP 133,R TRP 133,0.0,0.0,0.0,-0.0010000000000012221,0.0,0.0,0.09299999999998931,0.0,0.0,-0.09299999999999997,0.0,0.0,0.0,0.0,0.0,-0.001000000000015433,0.0,0.0
ILE 134,R ILE 134,0.0,0.0,0.0,-0.002000000000000668,0.0,0.0,0.14499999999999602,0.0,0.0,-0.14300000000000002,0.0,0.0,0.0,0.0,0.0,0.0,0.0,0.0
ILE 135,R ILE 135,0.0,0.0,0.0,-0.0039999999999995595,0.0,0.0,0.18099999999999739,0.0,0.0,-0.177,0.0,0.0,0.0,0.0,0.0,-7.105427357601002e-15,0.0,0.0
LEU 136,R LEU 136,0.0,0.0,0.0,-0.0029999999999983373,0.0,0.0,0.23000000000000398,0.0,0.0,-0.2290000000000001,0.0,0.0,0.0,0.0,0.0,-0.001999999999995339,0.0,0.0
GLY 137,R GLY 137,0.0,0.0,0.0,-0.0030000000000001137,0.0,0.0,0.2609999999999957,0.0,0.0,-0.253,0.0,0.0,0.0,0.0,0.0,0.0049999999999954525,0.0,0.0
LEU 138,R LEU 138,0.0,0.0,0.0,-0.012000000000000455,0.0,0.0,0.4069999999999965,0.0,0.0,-0.39500000000000013,0.0,0.0,0.0,0.0,0.0,-3.552713678800501e-15,0.0,0.0
ASN 139,R ASN 139,0.0,0.0,0.0,-0.006999999999999673,0.0,0.0,0.6299999999999955,0.0,0.0,-0.6029999999999998,0.0,0.0,0.0,0.0,0.0,0.01999999999998181,0.0,0.0
LYS 140,R LYS 140,0.0,0.0,0.0,-0.005000000000000782,0.0,0.0,-7.073999999999984,0.0,0.0,7.0889999999999995,0.0,0.0,0.0,0.0,0.0,0.010000000000006892,0.0,0.0
ILE 141,R ILE 141,0.0,0.0,0.0,-0.019000000000000128,0.0,0.0,0.644999999999996,0.0,0.0,-0.6030000000000002,0.0,0.0,0.0,0.0,0.0,0.02299999999999036,0.0,0.0
VAL 142,R VAL 142,0.0,0.0,0.0,-0.041999999999999815,0.0,0.0,0.8539999999999992,0.0,0.0,-0.7999999999999998,0.0,0.0,0.0,0.0,0.0,0.01199999999999779,0.0,0.0
ARG 143,R ARG 143,0.0,0.0,0.0,-0.014000000000000234,0.0,0.0,-10.927,0.0,0.0,10.962,0.0,0.0,0.0,0.0,0.0,0.020999999999986585,0.0,0.0
MET 144,R MET 144,0.0,0.0,0.0,-0.01100000000000012,0.0,0.0,0.6140000000000043,0.0,0.0,-0.5799999999999992,0.0,0.0,0.0,0.0,0.0,0.022999999999995246,0.0,0.0
TYR 145,R TYR 145,0.0,0.0,0.0,-0.04100000000000037,0.0,0.0,-0.06099999999999284,0.0,0.0,0.20699999999999896,0.0,0.0,0.0,0.0,0.0,0.10500000000000931,0.0,0.0
SER 146,R SER 146,0.0,0.0,0.0,-0.13900000000000023,0.0,0.0,-1.5120000000000005,0.0,0.0,1.8659999999999997,0.0,0.0,0.0,0.0,0.0,0.2149999999999892,0.0,0.0
PRO 147,R PRO 147,0.0,0.0,0.0,-1.9240000000000004,0.0,0.0,1.774000000000008,0.0,0.0,-1.1899999999999995,0.0,0.0,-0.29012718000000004,0.0,0.0,-1.630127179999981,0.0,0.0
THR 148,R THR 148,0.0,0.0,0.0,-1.915,0.0,0.0,1.1580000000000013,0.0,0.0,1.9429999999999996,0.0,0.0,-0.26704882000000013,0.0,0.0,0.9189511800000023,0.0,0.0
SER 149,R SER 149,0.0,0.0,0.0,-2.651,0.0,0.0,-9.531000000000006,0.0,0.0,9.706,0.0,0.0,-0.3747388000000001,0.0,0.0,-2.850738800000003,0.0,0.0
ILE 150,R ILE 150,17.186,0.0,0.0,-8.242,0.0,0.0,-28.886,0.0,0.0,8.045,0.0,0.0,-1.23089826,0.0,0.0,-13.127898260000004,0.0,0.0
LEU 151,L LEU   1,18.86,0.0,0.0,-1.5929999999999995,0.0,0.0,-25.252000000000002,0.0,0.0,1.6180000000000003,0.0,0.0,-0.20420391999999987,0.0,0.0,-6.571203920000006,0.0,0.0
ASP 152,L ASP   2,0.0,0.0,0.0,-1.7069999999999999,0.0,0.0,5.942000000000007,0.0,0.0,-5.912000000000006,0.0,0.0,-0.11486605999999999,0.0,0.0,-1.7918660599999896,0.0,0.0
ILE 153,L ILE   3,0.0,0.0,0.0,-1.931,0.0,0.0,-2.0120000000000005,0.0,0.0,0.694,0.0,0.0,-0.26229006,0.0,0.0,-3.5112900600000003,0.0,0.0
ARG 154,L ARG   4,0.0,0.0,0.0,-0.14900000000000002,0.0,0.0,-10.793,0.0,0.0,10.925,0.0,0.0,0.0,0.0,0.0,-0.016999999999995907,0.0,0.0
GLN 155,L GLN   5,0.0,0.0,0.0,-0.030999999999998806,0.0,0.0,-0.12000000000000455,0.0,0.0,0.16300000000000026,0.0,0.0,0.0,0.0,0.0,0.012000000000014666,0.0,0.0
GLY 156,L GLY   6,0.0,0.0,0.0,-0.008000000000000007,0.0,0.0,-0.012000000000000455,0.0,0.0,0.031000000000000583,0.0,0.0,0.0,0.0,0.0,0.011000000000004562,0.0,0.0
PRO 157,L PRO   7,0.0,0.0,0.0,-0.0050000000000003375,0.0,0.0,-0.09199999999999875,0.0,0.0,0.09200000000000053,0.0,0.0,0.0,0.0,0.0,-0.0049999999999919,0.0,0.0
LYS 158,L LYS   8,0.0,0.0,0.0,-0.005999999999999783,0.0,0.0,-8.201000000000008,0.0,0.0,8.213000000000001,0.0,0.0,0.0,0.0,0.0,0.005999999999993122,0.0,0.0
GLU 159,L GLU   9,0.0,0.0,0.0,-0.019999999999999574,0.0,0.0,13.575000000000003,0.0,0.0,-13.401,0.0,0.0,0.0,0.0,0.0,0.15400000000001057,0.0,0.0
PRO 160,L PRO  10,0.0,0.0,0.0,-0.008000000000000007,0.0,0.0,0.5320000000000036,0.0,0.0,-0.5179999999999998,0.0,0.0,0.0,0.0,0.0,0.005999999999994898,0.0,0.0
PHE 161,L PHE  11,0.0,0.0,0.0,-0.014999999999998792,0.0,0.0,0.5949999999999989,0.0,0.0,-0.5759999999999996,0.0,0.0,0.0,0.0,0.0,0.0039999999999995595,0.0,0.0
ARG 162,L ARG  12,0.0,0.0,0.0,-0.011999999999999567,0.0,0.0,-8.030000000000001,0.0,0.0,8.058,0.0,0.0,0.0,0.0,0.0,0.015999999999991132,0.0,0.0
ASP 163,L ASP  13,0.0,0.0,0.0,-0.02600000000000069,0.0,0.0,15.229,0.0,0.0,-14.957999999999998,0.0,0.0,0.0,0.0,0.0,0.24500000000000455,0.0,0.0
TYR 164,L TYR  14,0.0,0.0,0.0,-0.20500000000000007,0.0,0.0,0.585000000000008,0.0,0.0,-0.43900000000000006,0.0,0.0,-0.0008943000000000001,0.0,0.0,-0.05989429999999096,0.0,0.0
VAL 165,L VAL  15,0.0,0.0,0.0,-0.04499999999999993,0.0,0.0,0.5329999999999941,0.0,0.0,-0.5019999999999998,0.0,0.0,0.0,0.0,0.0,-0.01400000000000734,0.0,0.0
ASP 166,L ASP  16,0.0,0.0,0.0,-0.13900000000000023,0.0,0.0,17.635000000000005,0.0,0.0,-17.147999999999996,0.0,0.0,0.0,0.0,0.0,0.347999999999999,0.0,0.0
ARG 167,L ARG  17,0.0,0.0,0.0,-0.31700000000000017,0.0,0.0,-15.703,0.0,0.0,16.121000000000002,0.0,0.0,0.0,0.0,0.0,0.10099999999999909,0.0,0.0
PHE 168,L PHE  18,0.0,0.0,0.0,-1.311,0.0,0.0,0.10300000000000864,0.0,0.0,0.261,0.0,0.0,-0.0532515,0.0,0.0,-1.0002514999999983,0.0,0.0
TYR 169,L TYR  19,0.0,0.0,0.0,-0.9420000000000002,0.0,0.0,-0.916000000000011,0.0,0.0,1.806,0.0,0.0,-0.13291465999999996,0.0,0.0,-0.18491466000001822,0.0,0.0
LYS 170,L LYS  20,0.0,0.0,0.0,-3.2910000000000004,0.0,0.0,-51.385000000000005,0.0,0.0,50.763,0.0,0.0,-0.4279415200000001,0.0,0.0,-4.340941519999991,0.0,0.0
THR 171,L THR  21,0.0,0.0,0.0,-1.955,0.0,0.0,0.08100000000000307,0.0,0.0,1.0030000000000001,0.0,0.0,-0.26904880000000003,0.0,0.0,-1.1400487999999918,0.0,0.0
LEU 172,L LEU  22,0.0,0.0,0.0,-0.9870000000000001,0.0,0.0,-0.18600000000000705,0.0,0.0,0.371,0.0,0.0,-0.02548484,0.0,0.0,-0.8274848400000039,0.0,0.0
ARG 173,L ARG  23,0.0,0.0,0.0,-3.9990000000000006,0.0,0.0,-14.206999999999994,0.0,0.0,16.186,0.0,0.0,-0.4209985000000001,0.0,0.0,-2.4409985000000063,0.0,0.0
ALA 174,L ALA  24,0.0,0.0,0.0,-3.568,0.0,0.0,-0.8359999999999985,0.0,0.0,2.764,0.0,0.0,-0.48215778000000004,0.0,0.0,-2.122157779999997,0.0,0.0
GLU 175,L GLU  25,0.0,0.0,0.0,-1.947,0.0,0.0,11.338999999999999,0.0,0.0,-8.344999999999999,0.0,0.0,-0.23079985999999997,0.0,0.0,0.8162001400000136,0.0,0.0
GLN 176,L GLN  26,0.0,0.0,0.0,-1.71,0.0,0.0,-1.4989999999999952,0.0,0.0,2.396000000000001,0.0,0.0,-0.4028794400000001,0.0,0.0,-1.215879440000002,0.0,0.0
ALA 177,L ALA  27,0.0,0.0,0.0,-0.09999999999999964,0.0,0.0,-0.07200000000000273,0.0,0.0,0.15700000000000003,0.0,0.0,0.0,0.0,0.0,-0.015000000000011227,0.0,0.0
SER 178,L SER  28,0.0,0.0,0.0,-0.028999999999999915,0.0,0.0,0.4210000000000065,0.0,0.0,-0.3260000000000005,0.0,0.0,0.0,0.0,0.0,0.0659999999999954,0.0,0.0
GLN 179,L GLN  29,0.0,0.0,0.0,-0.022999999999999687,0.0,0.0,0.3610000000000042,0.0,0.0,-0.29600000000000026,0.0,0.0,0.0,0.0,0.0,0.0420000000000087,0.0,0.0
GLU 180,L GLU  30,0.0,0.0,0.0,-0.012000000000000455,0.0,0.0,8.093000000000004,0.0,0.0,-8.019999999999996,0.0,0.0,0.0,0.0,0.0,0.06100000000000705,0.0,0.0
VAL 181,L VAL  31,0.0,0.0,0.0,-0.04899999999999949,0.0,0.0,0.044000000000004036,0.0,0.0,0.02300000000000013,0.0,0.0,0.0,0.0,0.0,0.01800000000000468,0.0,0.0
LYS 182,L LYS  32,0.0,0.0,0.0,-0.08199999999999896,0.0,0.0,-10.444000000000003,0.0,0.0,10.748,0.0,0.0,0.0,0.0,0.0,0.2220000000000013,0.0,0.0
ASN 183,L ASN  33,0.0,0.0,0.0,-0.016000000000000014,0.0,0.0,0.45999999999999375,0.0,0.0,-0.41799999999999926,0.0,0.0,0.0,0.0,0.0,0.02599999999999625,0.0,0.0
TRP 184,L TRP  34,0.0,0.0,0.0,-0.051000000000000156,0.0,0.0,0.2009999999999934,0.0,0.0,-0.16000000000000014,0.0,0.0,0.0,0.0,0.0,-0.010000000000012221,0.0,0.0
MET 185,L MET  35,0.0,0.0,0.0,-0.8770000000000007,0.0,0.0,0.34499999999999886,0.0,0.0,-0.135,0.0,0.0,-0.07119712,0.0,0.0,-0.7381971200000108,0.0,0.0
THR 186,L THR  36,0.0,0.0,0.0,-0.03500000000000014,0.0,0.0,0.20000000000000284,0.0,0.0,-0.14700000000000002,0.0,0.0,0.0,0.0,0.0,0.01799999999999713,0.0,0.0
GLU 187,L GLU  37,0.0,0.0,0.0,-0.009999999999999787,0.0,0.0,7.5760000000000005,0.0,0.0,-7.5249999999999915,0.0,0.0,0.0,0.0,0.0,0.04100000000000392,0.0,0.0
THR 188,L THR  38,0.0,0.0,0.0,-0.02800000000000047,0.0,0.0,0.11500000000000199,0.0,0.0,-0.08700000000000001,0.0,0.0,0.0,0.0,0.0,3.552713678800501e-15,0.0,0.0
LEU 189,L LEU  39,0.0,0.0,0.0,-1.295,0.0,0.0,0.21699999999999875,0.0,0.0,-0.292,0.0,0.0,-0.05546286000000002,0.0,0.0,-1.4254628600000032,0.0,0.0
LEU 190,L LEU  40,0.0,0.0,0.0,-0.1070000000000011,0.0,0.0,0.277000000000001,0.0,0.0,-0.24999999999999994,0.0,0.0,0.0,0.0,0.0,-0.0799999999999983,0.0,0.0
VAL 191,L VAL  41,0.0,0.0,0.0,-0.017000000000000348,0.0,0.0,0.08100000000000307,0.0,0.0,-0.051000000000000045,0.0,0.0,0.0,0.0,0.0,0.013000000000007006,0.0,0.0
GLN 192,L GLN  42,0.0,0.0,0.0,-0.038000000000000256,0.0,0.0,-0.38000000000000966,0.0,0.0,0.4449999999999994,0.0,0.0,0.0,0.0,0.0,0.026999999999993918,0.0,0.0
ASN 193,L ASN  43,0.0,0.0,0.0,-0.47300000000000075,0.0,0.0,-2.522999999999996,0.0,0.0,1.387,0.0,0.0,-0.0071923399999999985,0.0,0.0,-1.616192340000012,0.0,0.0
ALA 194,L ALA  44,0.0,0.0,0.0,-0.0129999999999999,0.0,0.0,-0.043000000000006366,0.0,0.0,0.051000000000000045,0.0,0.0,0.0,0.0,0.0,-0.00500000000001144,0.0,0.0
ASN 195,L ASN  45,0.0,0.0,0.0,-0.005000000000000782,0.0,0.0,-0.2289999999999992,0.0,0.0,0.23599999999999888,0.0,0.0,0.0,0.0,0.0,0.001999999999995339,0.0,0.0
PRO 196,L PRO  46,0.0,0.0,0.0,-0.0030000000000001137,0.0,0.0,-0.03100000000000591,0.0,0.0,0.03000000000000025,0.0,0.0,0.0,0.0,0.0,-0.004000000000006665,0.0,0.0
ASP 197,L ASP  47,0.0,0.0,0.0,-0.0009999999999998899,0.0,0.0,6.991999999999997,0.0,0.0,-6.977999999999994,0.0,0.0,0.0,0.0,0.0,0.012999999999998124,0.0,0.0
CYX 198,L CYX  48,0.0,0.0,0.0,-0.0030000000000001137,0.0,0.0,-0.13599999999999568,0.0,0.0,0.14100000000000001,0.0,0.0,0.0,0.0,0.0,0.0020000000000024443,0.0,0.0
LYS 199,L LYS  49,0.0,0.0,0.0,-0.004999999999999005,0.0,0.0,-8.963999999999999,0.0,0.0,8.99,0.0,0.0,0.0,0.0,0.0,0.0210000000000079,0.0,0.0
THR 200,L THR  50,0.0,0.0,0.0,-0.001000000000000334,0.0,0.0,0.05700000000000216,0.0,0.0,-0.05400000000000027,0.0,0.0,0.0,0.0,0.0,0.002000000000005997,0.0,0.0
ILE 201,L ILE  51,0.0,0.0,0.0,-0.0009999999999994458,0.0,0.0,-0.08899999999999864,0.0,0.0,0.0900000000000003,0.0,0.0,0.0,0.0,0.0,-3.552713678800501e-15,0.0,0.0
LEU 202,L LEU  52,0.0,0.0,0.0,-0.004999999999999005,0.0,0.0,-0.13800000000000523,0.0,0.0,0.14200000000000035,0.0,0.0,0.0,0.0,0.0,-0.0009999999999994458,0.0,0.0
LYS 203,L LYS  53,0.0,0.0,0.0,-0.0019999999999997797,0.0,0.0,-6.832999999999998,0.0,0.0,6.832999999999998,0.0,0.0,0.0,0.0,0.0,-0.0020000000000095497,0.0,0.0
ALA 204,L ALA  54,0.0,0.0,0.0,-0.001000000000000334,0.0,0.0,-0.07600000000000762,0.0,0.0,0.07700000000000085,0.0,0.0,0.0,0.0,0.0,-1.1546319456101628e-14,0.0,0.0
LEU 205,L LEU  55,0.0,0.0,0.0,-0.0010000000000012221,0.0,0.0,-0.13400000000000034,0.0,0.0,0.13400000000000034,0.0,0.0,0.0,0.0,0.0,-0.0010000000000047748,0.0,0.0
GLY 206,L GLY  56,0.0,0.0,0.0,-0.001000000000000334,0.0,0.0,0.08100000000000307,0.0,0.0,-0.0779999999999994,0.0,0.0,0.0,0.0,0.0,0.0019999999999988916,0.0,0.0
PRO 207,L PRO  57,0.0,0.0,0.0,-0.0009999999999998899,0.0,0.0,-0.10400000000000631,0.0,0.0,0.1070000000000002,0.0,0.0,0.0,0.0,0.0,0.0019999999999900098,0.0,0.0
GLY 208,L GLY  58,0.0,0.0,0.0,-0.002000000000000224,0.0,0.0,-0.11200000000000898,0.0,0.0,0.11600000000000055,0.0,0.0,0.0,0.0,0.0,0.001999999999996227,0.0,0.0
ALA 209,L ALA  59,0.0,0.0,0.0,-0.0029999999999992255,0.0,0.0,0.15000000000000568,0.0,0.0,-0.14300000000000024,0.0,0.0,0.0,0.0,0.0,0.004000000000005777,0.0,0.0
THR 210,L THR  60,0.0,0.0,0.0,-0.004999999999999893,0.0,0.0,-0.04200000000000159,0.0,0.0,0.05900000000000016,0.0,0.0,0.0,0.0,0.0,0.012000000000002231,0.0,0.0
LEU 211,L LEU  61,0.0,0.0,0.0,-0.0259999999999998,0.0,0.0,-0.16100000000000136,0.0,0.0,0.17700000000000005,0.0,0.0,0.0,0.0,0.0,-0.01000000000000334,0.0,0.0
GLU 212,L GLU  62,0.0,0.0,0.0,-0.008000000000000007,0.0,0.0,6.6030000000000015,0.0,0.0,-6.531000000000006,0.0,0.0,0.0,0.0,0.0,0.06399999999998585,0.0,0.0
GLU 213,L GLU  63,0.0,0.0,0.0,-0.004000000000000448,0.0,0.0,6.612000000000002,0.0,0.0,-6.596000000000004,0.0,0.0,0.0,0.0,0.0,0.01199999999999335,0.0,0.0
MET 214,L MET  64,0.0,0.0,0.0,-0.006999999999999673,0.0,0.0,-0.15100000000001046,0.0,0.0,0.16,0.0,0.0,0.0,0.0,0.0,0.0019999999999846807,0.0,0.0
MET 215,L MET  65,0.0,0.0,0.0,-0.009999999999999787,0.0,0.0,0.12100000000000932,0.0,0.0,-0.1080000000000001,0.0,0.0,0.0,0.0,0.0,0.0030000000000041105,0.0,0.0
THR 216,L THR  66,0.0,0.0,0.0,-0.0019999999999997797,0.0,0.0,-0.13800000000000523,0.0,0.0,0.1429999999999998,0.0,0.0,0.0,0.0,0.0,0.002999999999996561,0.0,0.0
ALA 217,L ALA  67,0.0,0.0,0.0,-0.001000000000000334,0.0,0.0,-0.14799999999999613,0.0,0.0,0.14900000000000002,0.0,0.0,0.0,0.0,0.0,0.0,0.0,0.0
CYX 218,L CYX  68,0.0,0.0,0.0,-0.0030000000000001137,0.0,0.0,0.13100000000000023,0.0,0.0,-0.12400000000000011,0.0,0.0,0.0,0.0,0.0,0.004000000000000448,0.0,0.0
GLN 219,L GLN  69,0.0,0.0,0.0,-0.0019999999999997797,0.0,0.0,0.006000000000000227,0.0,0.0,-0.0010000000000012221,0.0,0.0,0.0,0.0,0.0,0.0030000000000001137,0.0,0.0
GLY 220,L GLY  70,0.0,0.0,0.0,-0.0009999999999998899,0.0,0.0,-0.17600000000000193,0.0,0.0,0.17600000000000016,0.0,0.0,0.0,0.0,0.0,-0.0009999999999923403,0.0,0.0
VAL 221,L VAL  71,0.0,0.0,0.0,-0.001000000000000112,0.0,0.0,6.484000000000002,0.0,0.0,-6.475999999999999,0.0,0.0,0.0,0.0,0.0,0.007000000000005002,0.0,0.0

idecomp = 1: Per-residue decomp adding 1-4 interactions to Internal.
Energy Decomposition Analysis (All units kcal/mol): Poisson Boltzmann solvent
Complex:
Total Energy Decomposition:
Residue,Internal,,,van der Waals,,,Electrostatic,,,Polar Solvation,,,Non-Polar Solv.,,,TOTAL,,
,Avg.,Std. Dev.,Std. Err. of Mean,Avg.,Std. Dev.,Std. Err. of Mean,Avg.,Std. Dev.,Std. Err. of Mean,Avg.,Std. Dev.,Std. Err. of Mean,Avg.,Std. Dev.,Std. Err. of Mean,Avg.,Std. Dev.,Std. Err. of Mean
PRO   1,100.717,0.0,0.0,-8.052,0.0,0.0,-120.375,0.0,0.0,19.113,0.0,0.0,0.0,0.0,0.0,-8.597000000000008,0.0,0.0
ILE   2,93.875,0.0,0.0,-8.229,0.0,0.0,-66.545,0.0,0.0,-3.628,0.0,0.0,0.0,0.0,0.0,15.472999999999999,0.0,0.0
VAL   3,49.769,0.0,0.0,-5.658,0.0,0.0,-50.379,0.0,0.0,-1.698,0.0,0.0,0.0,0.0,0.0,-7.966000000000001,0.0,0.0
GLN   4,25.258,0.0,0.0,-6.771,0.0,0.0,-56.674,0.0,0.0,-13.719,0.0,0.0,0.0,0.0,0.0,-51.906,0.0,0.0
ASN   5,31.043,0.0,0.0,-6.661,0.0,0.0,-75.88,0.0,0.0,-12.316,0.0,0.0,0.0,0.0,0.0,-63.814,0.0,0.0
LEU   6,65.787,0.0,0.0,-3.025,0.0,0.0,-64.422,0.0,0.0,-7.086,0.0,0.0,0.0,0.0,0.0,-8.74599999999999,0.0,0.0
GLN   7,34.268,0.0,0.0,-3.591,0.0,0.0,-71.394,0.0,0.0,-14.998,0.0,0.0,0.0,0.0,0.0,-55.715,0.0,0.0
GLY   8,79.807,0.0,0.0,-3.485,0.0,0.0,-70.074,0.0,0.0,-5.363,0.0,0.0,0.0,0.0,0.0,0.8850000000000042,0.0,0.0
GLN   9,38.102,0.0,0.0,-7.417,0.0,0.0,-69.349,0.0,0.0,-15.137,0.0,0.0,0.0,0.0,0.0,-53.80100000000001,0.0,0.0
MET  10,98.412,0.0,0.0,-7.685,0.0,0.0,-77.627,0.0,0.0,-4.57,0.0,0.0,0.0,0.0,0.0,8.530000000000008,0.0,0.0
VAL  11,51.968,0.0,0.0,-6.933,0.0,0.0,-52.986,0.0,0.0,-3.004,0.0,0.0,0.0,0.0,0.0,-10.954999999999993,0.0,0.0
HID  12,90.732,0.0,0.0,-9.769,0.0,0.0,-53.824,0.0,0.0,-11.464,0.0,0.0,0.0,0.0,0.0,15.674999999999995,0.0,0.0
GLN  13,35.216,0.0,0.0,-6.3,0.0,0.0,-71.336,0.0,0.0,-10.237,0.0,0.0,0.0,0.0,0.0,-52.657000000000004,0.0,0.0
ALA  14,92.445,0.0,0.0,-3.626,0.0,0.0,-80.505,0.0,0.0,-2.924,0.0,0.0,0.0,0.0,0.0,5.3899999999999935,0.0,0.0
ILE  15,94.358,0.0,0.0,-8.778,0.0,0.0,-75.478,0.0,0.0,-2.537,0.0,0.0,0.0,0.0,0.0,7.565000000000004,0.0,0.0
SER  16,73.805,0.0,0.0,-5.406,0.0,0.0,-52.487,0.0,0.0,-7.556,0.0,0.0,0.0,0.0,0.0,8.355999999999998,0.0,0.0
PRO  17,92.684,0.0,0.0,-4.978,0.0,0.0,-60.036,0.0,0.0,-4.343,0.0,0.0,0.0,0.0,0.0,23.327,0.0,0.0
ARG  18,-182.121,0.0,0.0,-4.895,0.0,0.0,64.307,0.0,0.0,-36.846,0.0,0.0,0.0,0.0,0.0,-159.555,0.0,0.0
THR  19,43.411,0.0,0.0,-8.017,0.0,0.0,-52.257,0.0,0.0,-1.552,0.0,0.0,0.0,0.0,0.0,-18.414999999999992,0.0,0.0
LEU  20,62.215,0.0,0.0,-7.919,0.0,0.0,-59.137,0.0,0.0,-2.157,0.0,0.0,0.0,0.0,0.0,-6.997999999999994,0.0,0.0
ASN  21,34.555,0.0,0.0,-6.582,0.0,0.0,-88.291,0.0,0.0,-11.356,0.0,0.0,0.0,0.0,0.0,-71.67399999999999,0.0,0.0
ALA  22,92.964,0.0,0.0,-4.744,0.0,0.0,-82.521,0.0,0.0,-0.86,0.0,0.0,0.0,0.0,0.0,4.838999999999998,0.0,0.0
TRP  23,131.098,0.0,0.0,-17.297,0.0,0.0,-95.877,0.0,0.0,-1.757,0.0,0.0,0.0,0.0,0.0,16.16700000000002,0.0,0.0
VAL  24,69.948,0.0,0.0,-6.308,0.0,0.0,-56.689,0.0,0.0,-5.837,0.0,0.0,0.0,0.0,0.0,1.1139999999999937,0.0,0.0
LYS  25,136.888,0.0,0.0,-8.142,0.0,0.0,-123.076,0.0,0.0,-10.157,0.0,0.0,0.0,0.0,0.0,-4.486999999999984,0.0,0.0
VAL  26,62.052,0.0,0.0,-7.53,0.0,0.0,-65.839,0.0,0.0,-1.588,0.0,0.0,0.0,0.0,0.0,-12.905000000000001,0.0,0.0
VAL  27,38.93,0.0,0.0,-7.93,0.0,0.0,-44.21,0.0,0.0,-2.019,0.0,0.0,0.0,0.0,0.0,-15.229000000000001,0.0,0.0
GLU  28,96.527,0.0,0.0,-7.475,0.0,0.0,-77.98,0.0,0.0,-71.967,0.0,0.0,0.0,0.0,0.0,-60.894999999999996,0.0,0.0
GLU  29,109.378,0.0,0.0,-10.408,0.0,0.0,-129.728,0.0,0.0,-14.069,0.0,0.0,0.0,0.0,0.0,-44.82700000000001,0.0,0.0
LYS  30,118.748,0.0,0.0,-7.36,0.0,0.0,-119.725,0.0,0.0,1.328,0.0,0.0,0.0,0.0,0.0,-7.008999999999989,0.0,0.0
ALA  31,91.078,0.0,0.0,-5.603,0.0,0.0,-75.297,0.0,0.0,-2.576,0.0,0.0,0.0,0.0,0.0,7.602000000000011,0.0,0.0
PHE  32,99.684,0.0,0.0,-11.18,0.0,0.0,-73.64,0.0,0.0,-6.47,0.0,0.0,0.0,0.0,0.0,8.393999999999991,0.0,0.0
SER  33,80.055,0.0,0.0,-6.215,0.0,0.0,-66.589,0.0,0.0,0.59,0.0,0.0,0.0,0.0,0.0,7.841000000000005,0.0,0.0
PRO  34,73.793,0.0,0.0,-6.065,0.0,0.0,-55.833,0.0,0.0,-0.932,0.0,0.0,0.0,0.0,0.0,10.96300000000001,0.0,0.0
GLU  35,105.194,0.0,0.0,-7.629,0.0,0.0,-103.74,0.0,0.0,-50.314,0.0,0.0,0.0,0.0,0.0,-56.489,0.0,0.0
VAL  36,57.329,0.0,0.0,-8.212,0.0,0.0,-58.311,0.0,0.0,0.442,0.0,0.0,0.0,0.0,0.0,-8.751999999999995,0.0,0.0
ILE  37,91.099,0.0,0.0,-6.887,0.0,0.0,-60.455,0.0,0.0,-0.424,0.0,0.0,0.0,0.0,0.0,23.333000000000006,0.0,0.0
PRO  38,80.654,0.0,0.0,-6.595,0.0,0.0,-56.773,0.0,0.0,-2.686,0.0,0.0,0.0,0.0,0.0,14.599999999999994,0.0,0.0
MET  39,89.959,0.0,0.0,-8.708,0.0,0.0,-69.072,0.0,0.0,-1.852,0.0,0.0,0.0,0.0,0.0,10.327000000000002,0.0,0.0
PHE  40,99.848,0.0,0.0,-13.584,0.0,0.0,-83.152,0.0,0.0,-0.706,0.0,0.0,0.0,0.0,0.0,2.405999999999995,0.0,0.0
SER  41,76.077,0.0,0.0,-4.967,0.0,0.0,-67.365,0.0,0.0,-4.387,0.0,0.0,0.0,0.0,0.0,-0.641999999999995,0.0,0.0
ALA  42,83.664,0.0,0.0,-4.976,0.0,0.0,-66.872,0.0,0.0,-4.552,0.0,0.0,0.0,0.0,0.0,7.264000000000003,0.0,0.0
LEU  43,78.14,0.0,0.0,-9.173,0.0,0.0,-76.141,0.0,0.0,-2.876,0.0,0.0,0.0,0.0,0.0,-10.050000000000006,0.0,0.0
SER  44,73.248,0.0,0.0,-6.316,0.0,0.0,-74.801,0.0,0.0,-0.503,0.0,0.0,0.0,0.0,0.0,-8.372,0.0,0.0
GLU  45,101.831,0.0,0.0,-5.495,0.0,0.0,-65.575,0.0,0.0,-89.915,0.0,0.0,0.0,0.0,0.0,-59.15400000000001,0.0,0.0
GLY  46,67.164,0.0,0.0,-3.597,0.0,0.0,-70.002,0.0,0.0,-0.035,0.0,0.0,0.0,0.0,0.0,-6.469999999999995,0.0,0.0
ALA  47,98.909,0.0,0.0,-7.052,0.0,0.0,-84.844,0.0,0.0,-1.779,0.0,0.0,0.0,0.0,0.0,5.234000000000005,0.0,0.0
THR  48,60.467,0.0,0.0,-7.796,0.0,0.0,-61.021,0.0,0.0,0.076,0.0,0.0,0.0,0.0,0.0,-8.274000000000001,0.0,0.0
PRO  49,73.85,0.0,0.0,-10.942,0.0,0.0,-54.994,0.0,0.0,0.012,0.0,0.0,0.0,0.0,0.0,7.925999999999994,0.0,0.0
GLN  50,30.687,0.0,0.0,-7.258,0.0,0.0,-67.745,0.0,0.0,-11.024,0.0,0.0,0.0,0.0,0.0,-55.34,0.0,0.0
ASP  51,88.999,0.0,0.0,-8.181,0.0,0.0,-113.453,0.0,0.0,-28.523,0.0,0.0,0.0,0.0,0.0,-61.158,0.0,0.0
LEU  52,62.279,0.0,0.0,-12.86,0.0,0.0,-71.203,0.0,0.0,0.869,0.0,0.0,0.0,0.0,0.0,-20.915,0.0,0.0
ASN  53,29.265,0.0,0.0,-7.408,0.0,0.0,-95.964,0.0,0.0,-3.757,0.0,0.0,0.0,0.0,0.0,-77.864,0.0,0.0
THR  54,51.491,0.0,0.0,-5.98,0.0,0.0,-58.482,0.0,0.0,-1.447,0.0,0.0,0.0,0.0,0.0,-14.418000000000003,0.0,0.0
MET  55,80.521,0.0,0.0,-12.067,0.0,0.0,-66.23,0.0,0.0,0.447,0.0,0.0,0.0,0.0,0.0,2.671000000000004,0.0,0.0
LEU  56,59.538,0.0,0.0,-9.007,0.0,0.0,-64.939,0.0,0.0,0.733,0.0,0.0,0.0,0.0,0.0,-13.674999999999994,0.0,0.0
ASN  57,28.665,0.0,0.0,-6.086,0.0,0.0,-80.447,0.0,0.0,-10.722,0.0,0.0,0.0,0.0,0.0,-68.59,0.0,0.0
THR  58,51.989,0.0,0.0,-7.539,0.0,0.0,-58.376,0.0,0.0,-3.988,0.0,0.0,0.0,0.0,0.0,-17.914,0.0,0.0
VAL  59,43.881,0.0,0.0,-7.464,0.0,0.0,-45.399,0.0,0.0,-0.136,0.0,0.0,0.0,0.0,0.0,-9.117999999999999,0.0,0.0
ALA  60,89.905,0.0,0.0,-3.18,0.0,0.0,-66.538,0.0,0.0,-1.501,0.0,0.0,0.0,0.0,0.0,18.685999999999996,0.0,0.0
PRO  61,80.225,0.0,0.0,-3.987,0.0,0.0,-61.371,0.0,0.0,-0.748,0.0,0.0,0.0,0.0,0.0,14.118999999999998,0.0,0.0
HID  62,97.841,0.0,0.0,-7.472,0.0,0.0,-66.032,0.0,0.0,-10.629,0.0,0.0,0.0,0.0,0.0,13.708000000000004,0.0,0.0
GLN  63,30.019,0.0,0.0,-5.56,0.0,0.0,-64.299,0.0,0.0,-10.98,0.0,0.0,0.0,0.0,0.0,-50.82000000000001,0.0,0.0
ALA  64,88.928,0.0,0.0,-4.576,0.0,0.0,-71.784,0.0,0.0,-4.127,0.0,0.0,0.0,0.0,0.0,8.440999999999999,0.0,0.0
ALA  65,90.56,0.0,0.0,-6.099,0.0,0.0,-76.598,0.0,0.0,-2.562,0.0,0.0,0.0,0.0,0.0,5.301,0.0,0.0
ALA  66,92.149,0.0,0.0,-6.947,0.0,0.0,-83.396,0.0,0.0,-1.087,0.0,0.0,0.0,0.0,0.0,0.7189999999999974,0.0,0.0
GLN  67,44.487,0.0,0.0,-7.7,0.0,0.0,-69.283,0.0,0.0,-17.654,0.0,0.0,0.0,0.0,0.0,-50.150000000000006,0.0,0.0
MET  68,97.13,0.0,0.0,-8.798,0.0,0.0,-75.537,0.0,0.0,-2.97,0.0,0.0,0.0,0.0,0.0,9.824999999999987,0.0,0.0
LEU  69,96.025,0.0,0.0,-8.707,0.0,0.0,-79.336,0.0,0.0,-2.921,0.0,0.0,0.0,0.0,0.0,5.061000000000014,0.0,0.0
LYS  70,130.576,0.0,0.0,-8.577,0.0,0.0,-112.648,0.0,0.0,-16.089,0.0,0.0,0.0,0.0,0.0,-6.7379999999999995,0.0,0.0
GLU  71,105.475,0.0,0.0,-7.018,0.0,0.0,-71.622,0.0,0.0,-95.351,0.0,0.0,0.0,0.0,0.0,-68.516,0.0,0.0
THR  72,47.732,0.0,0.0,-7.416,0.0,0.0,-64.34,0.0,0.0,-2.497,0.0,0.0,0.0,0.0,0.0,-26.521,0.0,0.0
ILE  73,73.103,0.0,0.0,-10.665,0.0,0.0,-54.729,0.0,0.0,-1.889,0.0,0.0,0.0,0.0,0.0,5.819999999999996,0.0,0.0
ASN  74,24.88,0.0,0.0,-7.025,0.0,0.0,-84.187,0.0,0.0,-6.347,0.0,0.0,0.0,0.0,0.0,-72.67899999999999,0.0,0.0
GLU  75,103.274,0.0,0.0,-6.839,0.0,0.0,-49.388,0.0,0.0,-117.528,0.0,0.0,0.0,0.0,0.0,-70.481,0.0,0.0
GLU  76,90.918,0.0,0.0,-10.572,0.0,0.0,-46.591,0.0,0.0,-99.761,0.0,0.0,0.0,0.0,0.0,-66.006,0.0,0.0
ALA  77,82.775,0.0,0.0,-6.119,0.0,0.0,-74.58,0.0,0.0,-0.735,0.0,0.0,0.0,0.0,0.0,1.3410000000000077,0.0,0.0
ALA  78,98.092,0.0,0.0,-5.698,0.0,0.0,-86.258,0.0,0.0,0.972,0.0,0.0,0.0,0.0,0.0,7.108000000000009,0.0,0.0
GLU  79,108.461,0.0,0.0,-5.956,0.0,0.0,-75.178,0.0,0.0,-81.362,0.0,0.0,0.0,0.0,0.0,-54.035,0.0,0.0
TRP  80,113.908,0.0,0.0,-16.46,0.0,0.0,-88.934,0.0,0.0,-0.409,0.0,0.0,0.0,0.0,0.0,8.10500000000001,0.0,0.0
ASP  81,109.931,0.0,0.0,-8.07,0.0,0.0,-93.26,0.0,0.0,-60.445,0.0,0.0,0.0,0.0,0.0,-51.844000000000015,0.0,0.0
ARG  82,-182.666,0.0,0.0,-5.863,0.0,0.0,-19.674,0.0,0.0,37.312,0.0,0.0,0.0,0.0,0.0,-170.89100000000002,0.0,0.0
LEU  83,67.526,0.0,0.0,-5.782,0.0,0.0,-68.249,0.0,0.0,-3.496,0.0,0.0,0.0,0.0,0.0,-10.000999999999996,0.0,0.0
HID  84,117.263,0.0,0.0,-9.887,0.0,0.0,-72.651,0.0,0.0,-11.128,0.0,0.0,0.0,0.0,0.0,23.59700000000001,0.0,0.0
PRO  85,94.529,0.0,0.0,-3.342,0.0,0.0,-68.343,0.0,0.0,-3.87,0.0,0.0,0.0,0.0,0.0,18.973999999999993,0.0,0.0
VAL  86,42.525,0.0,0.0,-2.655,0.0,0.0,-45.814,0.0,0.0,-4.43,0.0,0.0,0.0,0.0,0.0,-10.374000000000002,0.0,0.0
HID  87,89.041,0.0,0.0,-6.199,0.0,0.0,-54.931,0.0,0.0,-10.645,0.0,0.0,0.0,0.0,0.0,17.266000000000002,0.0,0.0
ALA  88,91.354,0.0,0.0,-3.003,0.0,0.0,-72.303,0.0,0.0,-5.104,0.0,0.0,0.0,0.0,0.0,10.944000000000003,0.0,0.0
GLY  89,95.849,0.0,0.0,-2.36,0.0,0.0,-80.996,0.0,0.0,-3.013,0.0,0.0,0.0,0.0,0.0,9.48000000000001,0.0,0.0
PRO  90,82.546,0.0,0.0,-2.98,0.0,0.0,-56.262,0.0,0.0,-6.81,0.0,0.0,0.0,0.0,0.0,16.494000000000003,0.0,0.0
ILE  91,84.215,0.0,0.0,-6.029,0.0,0.0,-55.056,0.0,0.0,-5.081,0.0,0.0,0.0,0.0,0.0,18.04900000000001,0.0,0.0
ALA  92,96.274,0.0,0.0,-2.919,0.0,0.0,-69.346,0.0,0.0,-2.559,0.0,0.0,0.0,0.0,0.0,21.45,0.0,0.0
PRO  93,83.709,0.0,0.0,-2.316,0.0,0.0,-58.042,0.0,0.0,-5.818,0.0,0.0,0.0,0.0,0.0,17.533,0.0,0.0
GLY  94,73.078,0.0,0.0,-1.959,0.0,0.0,-66.952,0.0,0.0,-5.444,0.0,0.0,0.0,0.0,0.0,-1.2769999999999984,0.0,0.0
GLN  95,38.813,0.0,0.0,-4.997,0.0,0.0,-72.422,0.0,0.0,-12.391,0.0,0.0,0.0,0.0,0.0,-50.99699999999999,0.0,0.0
MET  96,105.057,0.0,0.0,-6.135,0.0,0.0,-77.196,0.0,0.0,-5.711,0.0,0.0,0.0,0.0,0.0,16.015,0.0,0.0
ARG  97,-185.823,0.0,0.0,-7.766,0.0,0.0,-17.961,0.0,0.0,29.485,0.0,0.0,0.0,0.0,0.0,-182.065,0.0,0.0
GLU  98,109.317,0.0,0.0,-4.142,0.0,0.0,-51.577,0.0,0.0,-109.413,0.0,0.0,0.0,0.0,0.0,-55.815,0.0,0.0
PRO  99,93.035,0.0,0.0,-9.308,0.0,0.0,-60.365,0.0,0.0,-3.427,0.0,0.0,0.0,0.0,0.0,19.935000000000002,0.0,0.0
ARG 100,-183.266,0.0,0.0,-12.382,0.0,0.0,-19.363,0.0,0.0,36.351,0.0,0.0,0.0,0.0,0.0,-178.66,0.0,0.0
GLY 101,76.699,0.0,0.0,-5.496,0.0,0.0,-82.373,0.0,0.0,1.327,0.0,0.0,0.0,0.0,0.0,-9.843000000000002,0.0,0.0
SER 102,70.066,0.0,0.0,-7.261,0.0,0.0,-65.112,0.0,0.0,-1.517,0.0,0.0,0.0,0.0,0.0,-3.823999999999995,0.0,0.0
ASP 103,93.4,0.0,0.0,-6.852,0.0,0.0,-97.049,0.0,0.0,-36.86,0.0,0.0,0.0,0.0,0.0,-47.361000000000004,0.0,0.0
ILE 104,77.611,0.0,0.0,-12.893,0.0,0.0,-61.151,0.0,0.0,1.103,0.0,0.0,0.0,0.0,0.0,4.67,0.0,0.0
ALA 105,83.007,0.0,0.0,-7.179,0.0,0.0,-75.716,0.0,0.0,-0.379,0.0,0.0,0.0,0.0,0.0,-0.266999999999991,0.0,0.0
GLY 106,88.317,0.0,0.0,-5.54,0.0,0.0,-85.663,0.0,0.0,-2.915,0.0,0.0,0.0,0.0,0.0,-5.80100000000001,0.0,0.0
THR 107,49.581,0.0,0.0,-5.138,0.0,0.0,-58.85,0.0,0.0,-6.494,0.0,0.0,0.0,0.0,0.0,-20.900999999999996,0.0,0.0
THR 108,36.749,0.0,0.0,-3.395,0.0,0.0,-55.689,0.0,0.0,-0.986,0.0,0.0,0.0,0.0,0.0,-23.321,0.0,0.0
SER 109,74.934,0.0,0.0,-6.684,0.0,0.0,-70.603,0.0,0.0,-1.399,0.0,0.0,0.0,0.0,0.0,-3.7519999999999945,0.0,0.0
THR 110,34.211,0.0,0.0,-5.424,0.0,0.0,-45.088,0.0,0.0,-2.881,0.0,0.0,0.0,0.0,0.0,-19.182000000000002,0.0,0.0
LEU 111,63.367,0.0,0.0,-9.858,0.0,0.0,-64.373,0.0,0.0,-3.562,0.0,0.0,0.0,0.0,0.0,-14.426000000000004,0.0,0.0
GLN 112,40.411,0.0,0.0,-6.616,0.0,0.0,-78.928,0.0,0.0,-8.509,0.0,0.0,0.0,0.0,0.0,-53.641999999999996,0.0,0.0
GLU 113,101.825,0.0,0.0,-8.224,0.0,0.0,-104.435,0.0,0.0,-44.05,0.0,0.0,0.0,0.0,0.0,-54.884,0.0,0.0
GLN 114,39.438,0.0,0.0,-13.457,0.0,0.0,-85.993,0.0,0.0,-0.5,0.0,0.0,0.0,0.0,0.0,-60.51199999999999,0.0,0.0
ILE 115,90.022,0.0,0.0,-8.896,0.0,0.0,-72.098,0.0,0.0,-1.268,0.0,0.0,0.0,0.0,0.0,7.760000000000006,0.0,0.0
GLY 116,79.686,0.0,0.0,-3.748,0.0,0.0,-75.428,0.0,0.0,-1.609,0.0,0.0,0.0,0.0,0.0,-1.0989999999999949,0.0,0.0
TRP 117,124.065,0.0,0.0,-18.603,0.0,0.0,-89.622,0.0,0.0,-1.058,0.0,0.0,0.0,0.0,0.0,14.78199999999999,0.0,0.0
MET 118,99.102,0.0,0.0,-10.709,0.0,0.0,-81.324,0.0,0.0,-2.457,0.0,0.0,0.0,0.0,0.0,4.612000000000003,0.0,0.0
THR 119,41.405,0.0,0.0,-4.769,0.0,0.0,-46.432,0.0,0.0,-5.526,0.0,0.0,0.0,0.0,0.0,-15.322,0.0,0.0
HID 120,90.938,0.0,0.0,-7.034,0.0,0.0,-50.51,0.0,0.0,-13.798,0.0,0.0,0.0,0.0,0.0,19.595999999999997,0.0,0.0
ASN 121,46.078,0.0,0.0,-2.872,0.0,0.0,-81.958,0.0,0.0,-13.074,0.0,0.0,0.0,0.0,0.0,-51.82599999999999,0.0,0.0
PRO 122,92.528,0.0,0.0,-4.341,0.0,0.0,-56.78,0.0,0.0,-2.991,0.0,0.0,0.0,0.0,0.0,28.41600000000001,0.0,0.0
PRO 123,79.593,0.0,0.0,-6.142,0.0,0.0,-59.796,0.0,0.0,-2.689,0.0,0.0,0.0,0.0,0.0,10.966000000000008,0.0,0.0
ILE 124,91.397,0.0,0.0,-7.175,0.0,0.0,-65.084,0.0,0.0,-0.538,0.0,0.0,0.0,0.0,0.0,18.600000000000005,0.0,0.0
PRO 125,91.658,0.0,0.0,-5.848,0.0,0.0,-66.301,0.0,0.0,-0.287,0.0,0.0,0.0,0.0,0.0,19.222,0.0,0.0
VAL 126,53.07,0.0,0.0,-10.193,0.0,0.0,-54.774,0.0,0.0,0.144,0.0,0.0,0.0,0.0,0.0,-11.752999999999998,0.0,0.0
GLY 127,71.021,0.0,0.0,-5.299,0.0,0.0,-72.117,0.0,0.0,-0.131,0.0,0.0,0.0,0.0,0.0,-6.5260000000000105,0.0,0.0
GLU 128,102.231,0.0,0.0,-8.366,0.0,0.0,-98.157,0.0,0.0,-55.714,0.0,0.0,0.0,0.0,0.0,-60.006,0.0,0.0
ILE 129,79.09,0.0,0.0,-11.777,0.0,0.0,-63.435,0.0,0.0,0.21,0.0,0.0,0.0,0.0,0.0,4.088,0.0,0.0
TYR 130,93.209,0.0,0.0,-16.524,0.0,0.0,-90.658,0.0,0.0,-0.11,0.0,0.0,0.0,0.0,0.0,-14.082999999999998,0.0,0.0
LYS 131,143.553,0.0,0.0,-8.662,0.0,0.0,-161.998,0.0,0.0,29.662,0.0,0.0,0.0,0.0,0.0,2.5549999999999997,0.0,0.0
ARG 132,-186.785,0.0,0.0,-10.386,0.0,0.0,31.247,0.0,0.0,3.776,0.0,0.0,0.0,0.0,0.0,-162.14799999999997,0.0,0.0
TRP 133,124.997,0.0,0.0,-18.643,0.0,0.0,-92.102,0.0,0.0,-3.661,0.0,0.0,0.0,0.0,0.0,10.590999999999996,0.0,0.0
ILE 134,89.127,0.0,0.0,-11.092,0.0,0.0,-70.641,0.0,0.0,0.32,0.0,0.0,0.0,0.0,0.0,7.7139999999999915,0.0,0.0
ILE 135,79.119,0.0,0.0,-7.066,0.0,0.0,-62.895,0.0,0.0,0.654,0.0,0.0,0.0,0.0,0.0,9.811999999999994,0.0,0.0
LEU 136,71.667,0.0,0.0,-9.29,0.0,0.0,-80.707,0.0,0.0,1.889,0.0,0.0,0.0,0.0,0.0,-16.440999999999992,0.0,0.0
GLY 137,78.526,0.0,0.0,-6.112,0.0,0.0,-78.102,0.0,0.0,0.863,0.0,0.0,0.0,0.0,0.0,-4.825000000000003,0.0,0.0
LEU 138,64.403,0.0,0.0,-9.986,0.0,0.0,-66.467,0.0,0.0,-0.379,0.0,0.0,0.0,0.0,0.0,-12.428999999999997,0.0,0.0
ASN 139,46.368,0.0,0.0,-7.359,0.0,0.0,-98.375,0.0,0.0,-8.933,0.0,0.0,0.0,0.0,0.0,-68.299,0.0,0.0
LYS 140,134.148,0.0,0.0,-8.051,0.0,0.0,-140.63,0.0,0.0,10.607,0.0,0.0,0.0,0.0,0.0,-3.926000000000002,0.0,0.0
ILE 141,91.181,0.0,0.0,-9.7,0.0,0.0,-74.912,0.0,0.0,-1.272,0.0,0.0,0.0,0.0,0.0,5.296999999999988,0.0,0.0
VAL 142,65.309,0.0,0.0,-7.438,0.0,0.0,-54.508,0.0,0.0,-5.731,0.0,0.0,0.0,0.0,0.0,-2.3680000000000074,0.0,0.0
ARG 143,-188.451,0.0,0.0,-7.729,0.0,0.0,46.717,0.0,0.0,-10.415,0.0,0.0,0.0,0.0,0.0,-159.87800000000001,0.0,0.0
MET 144,88.777,0.0,0.0,-7.287,0.0,0.0,-73.226,0.0,0.0,-4.98,0.0,0.0,0.0,0.0,0.0,3.2839999999999954,0.0,0.0
TYR 145,104.269,0.0,0.0,-10.372,0.0,0.0,-81.895,0.0,0.0,-8.962,0.0,0.0,0.0,0.0,0.0,3.04000000000001,0.0,0.0
SER 146,89.558,0.0,0.0,-4.319,0.0,0.0,-69.684,0.0,0.0,-6.296,0.0,0.0,0.0,0.0,0.0,9.259000000000007,0.0,0.0
PRO 147,93.745,0.0,0.0,-6.57,0.0,0.0,-63.897,0.0,0.0,-6.198,0.0,0.0,0.0,0.0,0.0,17.080000000000013,0.0,0.0
THR 148,48.539,0.0,0.0,-4.904,0.0,0.0,-50.375,0.0,0.0,-7.273,0.0,0.0,0.0,0.0,0.0,-14.012999999999995,0.0,0.0
SER 149,57.807,0.0,0.0,-4.821,0.0,0.0,-49.895,0.0,0.0,-5.059,0.0,0.0,0.0,0.0,0.0,-1.967999999999999,0.0,0.0
ILE 150,78.488,0.0,0.0,-10.317,0.0,0.0,-58.588,0.0,0.0,1.64,0.0,0.0,0.0,0.0,0.0,11.222999999999992,0.0,0.0
LEU 151,68.8,0.0,0.0,-5.012,0.0,0.0,-71.45,0.0,0.0,-4.271,0.0,0.0,0.0,0.0,0.0,-11.933000000000007,0.0,0.0
ASP 152,102.082,0.0,0.0,-4.494,0.0,0.0,-74.707,0.0,0.0,-89.747,0.0,0.0,0.0,0.0,0.0,-66.866,0.0,0.0
ILE 153,108.432,0.0,0.0,-7.508,0.0,0.0,-79.999,0.0,0.0,-1.982,0.0,0.0,0.0,0.0,0.0,18.943000000000012,0.0,0.0
ARG 154,-194.595,0.0,0.0,-6.608,0.0,0.0,30.039,0.0,0.0,-2.851,0.0,0.0,0.0,0.0,0.0,-174.015,0.0,0.0
GLN 155,34.49,0.0,0.0,-12.084,0.0,0.0,-85.186,0.0,0.0,-1.475,0.0,0.0,0.0,0.0,0.0,-64.255,0.0,0.0
GLY 156,87.592,0.0,0.0,-3.494,0.0,0.0,-67.839,0.0,0.0,-6.334,0.0,0.0,0.0,0.0,0.0,9.925,0.0,0.0
PRO 157,89.489,0.0,0.0,-2.571,0.0,0.0,-53.162,0.0,0.0,-8.074,0.0,0.0,0.0,0.0,0.0,25.68200000000001,0.0,0.0
LYS 158,118.594,0.0,0.0,-3.57,0.0,0.0,-89.647,0.0,0.0,-33.126,0.0,0.0,0.0,0.0,0.0,-7.749000000000002,0.0,0.0
GLU 159,114.285,0.0,0.0,-8.847,0.0,0.0,-107.521,0.0,0.0,-42.431,0.0,0.0,0.0,0.0,0.0,-44.513999999999996,0.0,0.0
PRO 160,79.14,0.0,0.0,-6.956,0.0,0.0,-53.684,0.0,0.0,-3.274,0.0,0.0,0.0,0.0,0.0,15.225999999999999,0.0,0.0
PHE 161,100.113,0.0,0.0,-14.357,0.0,0.0,-72.9,0.0,0.0,-2.919,0.0,0.0,0.0,0.0,0.0,9.936999999999994,0.0,0.0
ARG 162,-202.239,0.0,0.0,-7.693,0.0,0.0,32.939,0.0,0.0,14.69,0.0,0.0,0.0,0.0,0.0,-162.30300000000003,0.0,0.0
ASP 163,108.346,0.0,0.0,-6.533,0.0,0.0,-67.697,0.0,0.0,-102.175,0.0,0.0,0.0,0.0,0.0,-68.059,0.0,0.0
TYR 164,99.748,0.0,0.0,-15.561,0.0,0.0,-96.351,0.0,0.0,-0.846,0.0,0.0,0.0,0.0,0.0,-13.009999999999987,0.0,0.0
VAL 165,55.01,0.0,0.0,-9.271,0.0,0.0,-55.194,0.0,0.0,2.437,0.0,0.0,0.0,0.0,0.0,-7.018000000000006,0.0,0.0
ASP 166,92.784,0.0,0.0,-7.742,0.0,0.0,-48.61,0.0,0.0,-99.116,0.0,0.0,0.0,0.0,0.0,-62.684,0.0,0.0
ARG 167,-192.446,0.0,0.0,-11.746,0.0,0.0,13.456,0.0,0.0,15.468,0.0,0.0,0.0,0.0,0.0,-175.26800000000003,0.0,0.0
PHE 168,96.805,0.0,0.0,-16.489,0.0,0.0,-80.538,0.0,0.0,0.742,0.0,0.0,0.0,0.0,0.0,0.5200000000000058,0.0,0.0
TYR 169,98.443,0.0,0.0,-10.513,0.0,0.0,-86.186,0.0,0.0,-1.051,0.0,0.0,0.0,0.0,0.0,0.6929999999999856,0.0,0.0
LYS 170,138.372,0.0,0.0,-10.925,0.0,0.0,-168.318,0.0,0.0,29.139,0.0,0.0,0.0,0.0,0.0,-11.731999999999996,0.0,0.0
THR 171,48.345,0.0,0.0,-8.491,0.0,0.0,-55.806,0.0,0.0,-2.003,0.0,0.0,0.0,0.0,0.0,-17.955,0.0,0.0
LEU 172,73.662,0.0,0.0,-10.895,0.0,0.0,-68.427,0.0,0.0,-1.199,0.0,0.0,0.0,0.0,0.0,-6.858999999999996,0.0,0.0
ARG 173,-194.833,0.0,0.0,-11.71,0.0,0.0,56.676,0.0,0.0,-16.171,0.0,0.0,0.0,0.0,0.0,-166.038,0.0,0.0
ALA 174,84.761,0.0,0.0,-7.53,0.0,0.0,-79.482,0.0,0.0,-2.132,0.0,0.0,0.0,0.0,0.0,-4.3830000000000044,0.0,0.0
GLU 175,111.798,0.0,0.0,-7.362,0.0,0.0,-51.293,0.0,0.0,-105.743,0.0,0.0,0.0,0.0,0.0,-52.59999999999999,0.0,0.0
GLN 176,27.152,0.0,0.0,-5.968,0.0,0.0,-62.666,0.0,0.0,-15.541,0.0,0.0,0.0,0.0,0.0,-57.022999999999996,0.0,0.0
ALA 177,94.935,0.0,0.0,-5.754,0.0,0.0,-89.248,0.0,0.0,2.507,0.0,0.0,0.0,0.0,0.0,2.439999999999993,0.0,0.0
SER 178,86.436,0.0,0.0,-4.4,0.0,0.0,-72.836,0.0,0.0,-10.111,0.0,0.0,0.0,0.0,0.0,-0.9109999999999978,0.0,0.0
GLN 179,26.825,0.0,0.0,-4.489,0.0,0.0,-75.35,0.0,0.0,-4.269,0.0,0.0,0.0,0.0,0.0,-57.282999999999994,0.0,0.0
GLU 180,113.712,0.0,0.0,-4.642,0.0,0.0,-71.273,0.0,0.0,-97.868,0.0,0.0,0.0,0.0,0.0,-60.070999999999984,0.0,0.0
VAL 181,60.748,0.0,0.0,-6.39,0.0,0.0,-53.595,0.0,0.0,-0.886,0.0,0.0,0.0,0.0,0.0,-0.12300000000000189,0.0,0.0
LYS 182,116.387,0.0,0.0,-8.405,0.0,0.0,-109.4,0.0,0.0,-3.996,0.0,0.0,0.0,0.0,0.0,-5.414000000000007,0.0,0.0
ASN 183,22.159,0.0,0.0,-7.904,0.0,0.0,-81.605,0.0,0.0,-8.48,0.0,0.0,0.0,0.0,0.0,-75.83000000000001,0.0,0.0
TRP 184,127.533,0.0,0.0,-9.983,0.0,0.0,-91.703,0.0,0.0,-5.533,0.0,0.0,0.0,0.0,0.0,20.313999999999993,0.0,0.0
MET 185,103.19,0.0,0.0,-11.977,0.0,0.0,-86.94,0.0,0.0,0.209,0.0,0.0,0.0,0.0,0.0,4.481999999999996,0.0,0.0
THR 186,42.563,0.0,0.0,-9.09,0.0,0.0,-56.711,0.0,0.0,1.104,0.0,0.0,0.0,0.0,0.0,-22.134,0.0,0.0
GLU 187,100.764,0.0,0.0,-9.647,0.0,0.0,-57.225,0.0,0.0,-91.764,0.0,0.0,0.0,0.0,0.0,-57.87200000000001,0.0,0.0
THR 188,49.972,0.0,0.0,-5.676,0.0,0.0,-55.492,0.0,0.0,0.086,0.0,0.0,0.0,0.0,0.0,-11.109999999999998,0.0,0.0
LEU 189,65.041,0.0,0.0,-10.485,0.0,0.0,-68.631,0.0,0.0,0.934,0.0,0.0,0.0,0.0,0.0,-13.141000000000004,0.0,0.0
LEU 190,84.952,0.0,0.0,-12.246,0.0,0.0,-90.084,0.0,0.0,1.014,0.0,0.0,0.0,0.0,0.0,-16.364,0.0,0.0
VAL 191,53.264,0.0,0.0,-7.867,0.0,0.0,-59.721,0.0,0.0,0.33,0.0,0.0,0.0,0.0,0.0,-13.993999999999991,0.0,0.0
GLN 192,22.955,0.0,0.0,-6.274,0.0,0.0,-67.043,0.0,0.0,-5.748,0.0,0.0,0.0,0.0,0.0,-56.11000000000001,0.0,0.0
ASN 193,21.841,0.0,0.0,-9.973,0.0,0.0,-81.28,0.0,0.0,-1.957,0.0,0.0,0.0,0.0,0.0,-71.369,0.0,0.0
ALA 194,91.204,0.0,0.0,-7.568,0.0,0.0,-80.783,0.0,0.0,1.275,0.0,0.0,0.0,0.0,0.0,4.127999999999995,0.0,0.0
ASN 195,47.4,0.0,0.0,-6.198,0.0,0.0,-92.968,0.0,0.0,-9.424,0.0,0.0,0.0,0.0,0.0,-61.190000000000005,0.0,0.0
PRO 196,78.177,0.0,0.0,-6.267,0.0,0.0,-57.334,0.0,0.0,-1.387,0.0,0.0,0.0,0.0,0.0,13.189000000000007,0.0,0.0
ASP 197,84.163,0.0,0.0,-3.352,0.0,0.0,-55.231,0.0,0.0,-90.217,0.0,0.0,0.0,0.0,0.0,-64.637,0.0,0.0
CYX 198,105.26,0.0,0.0,-6.188,0.0,0.0,-85.298,0.0,0.0,-1.367,0.0,0.0,0.0,0.0,0.0,12.407,0.0,0.0
LYS 199,137.089,0.0,0.0,-9.289,0.0,0.0,-140.801,0.0,0.0,1.768,0.0,0.0,0.0,0.0,0.0,-11.23299999999999,0.0,0.0
THR 200,52.7,0.0,0.0,-4.589,0.0,0.0,-58.01,0.0,0.0,-4.397,0.0,0.0,0.0,0.0,0.0,-14.295999999999994,0.0,0.0
ILE 201,77.232,0.0,0.0,-8.129,0.0,0.0,-55.025,0.0,0.0,-0.537,0.0,0.0,0.0,0.0,0.0,13.540999999999995,0.0,0.0
LEU 202,76.434,0.0,0.0,-12.088,0.0,0.0,-68.789,0.0,0.0,-3.405,0.0,0.0,0.0,0.0,0.0,-7.847999999999997,0.0,0.0
LYS 203,120.203,0.0,0.0,-5.989,0.0,0.0,-99.2,0.0,0.0,-18.023,0.0,0.0,0.0,0.0,0.0,-3.009000000000004,0.0,0.0
ALA 204,84.807,0.0,0.0,-4.399,0.0,0.0,-73.194,0.0,0.0,-4.827,0.0,0.0,0.0,0.0,0.0,2.3869999999999987,0.0,0.0
LEU 205,78.116,0.0,0.0,-8.393,0.0,0.0,-70.78,0.0,0.0,-5.945,0.0,0.0,0.0,0.0,0.0,-7.0020000000000024,0.0,0.0
GLY 206,90.793,0.0,0.0,-3.027,0.0,0.0,-73.038,0.0,0.0,-5.863,0.0,0.0,0.0,0.0,0.0,8.865000000000009,0.0,0.0
PRO 207,79.997,0.0,0.0,-3.058,0.0,0.0,-55.212,0.0,0.0,-5.977,0.0,0.0,0.0,0.0,0.0,15.74999999999999,0.0,0.0
GLY 208,69.431,0.0,0.0,-3.369,0.0,0.0,-65.412,0.0,0.0,-2.898,0.0,0.0,0.0,0.0,0.0,-2.2480000000000087,0.0,0.0
ALA 209,102.506,0.0,0.0,-5.491,0.0,0.0,-89.893,0.0,0.0,-1.13,0.0,0.0,0.0,0.0,0.0,5.992,0.0,0.0
THR 210,52.283,0.0,0.0,-4.946,0.0,0.0,-58.772,0.0,0.0,-1.601,0.0,0.0,0.0,0.0,0.0,-13.035999999999994,0.0,0.0
LEU 211,63.847,0.0,0.0,-8.253,0.0,0.0,-62.222,0.0,0.0,-2.834,0.0,0.0,0.0,0.0,0.0,-9.462,0.0,0.0
GLU 212,109.682,0.0,0.0,-4.614,0.0,0.0,-60.757,0.0,0.0,-107.229,0.0,0.0,0.0,0.0,0.0,-62.918,0.0,0.0
GLU 213,100.088,0.0,0.0,-6.437,0.0,0.0,-53.955,0.0,0.0,-96.434,0.0,0.0,0.0,0.0,0.0,-56.738,0.0,0.0
MET 214,101.883,0.0,0.0,-12.443,0.0,0.0,-78.846,0.0,0.0,1.341,0.0,0.0,0.0,0.0,0.0,11.934999999999993,0.0,0.0
MET 215,102.262,0.0,0.0,-11.138,0.0,0.0,-84.77,0.0,0.0,-0.693,0.0,0.0,0.0,0.0,0.0,5.661,0.0,0.0
THR 216,46.419,0.0,0.0,-4.22,0.0,0.0,-55.938,0.0,0.0,-1.541,0.0,0.0,0.0,0.0,0.0,-15.280000000000005,0.0,0.0
ALA 217,80.507,0.0,0.0,-5.53,0.0,0.0,-64.834,0.0,0.0,-2.646,0.0,0.0,0.0,0.0,0.0,7.497000000000001,0.0,0.0
CYX 218,95.825,0.0,0.0,-8.347,0.0,0.0,-78.91,0.0,0.0,0.217,0.0,0.0,0.0,0.0,0.0,8.785000000000013,0.0,0.0
GLN 219,37.243,0.0,0.0,-4.904,0.0,0.0,-75.559,0.0,0.0,-11.919,0.0,0.0,0.0,0.0,0.0,-55.138999999999996,0.0,0.0
GLY 220,100.79,0.0,0.0,-2.55,0.0,0.0,-80.235,0.0,0.0,-9.056,0.0,0.0,0.0,0.0,0.0,8.94900000000001,0.0,0.0
VAL 221,29.773,0.0,0.0,-1.306,0.0,0.0,-28.338,0.0,0.0,-100.787,0.0,0.0,0.0,0.0,0.0,-100.65800000000002,0.0,0.0

Receptor:
Total Energy Decomposition:
Residue,Internal,,,van der Waals,,,Electrostatic,,,Polar Solvation,,,Non-Polar Solv.,,,TOTAL,,
,Avg.,Std. Dev.,Std. Err. of Mean,Avg.,Std. Dev.,Std. Err. of Mean,Avg.,Std. Dev.,Std. Err. of Mean,Avg.,Std. Dev.,Std. Err. of Mean,Avg.,Std. Dev.,Std. Err. of Mean,Avg.,Std. Dev.,Std. Err. of Mean
PRO   1,100.717,0.0,0.0,-8.051,0.0,0.0,-115.264,0.0,0.0,14.116,0.0,0.0,0.0,0.0,0.0,-8.482,0.0,0.0
ILE   2,93.875,0.0,0.0,-8.229,0.0,0.0,-66.571,0.0,0.0,-3.599,0.0,0.0,0.0,0.0,0.0,15.476000000000003,0.0,0.0
VAL   3,49.769,0.0,0.0,-5.657,0.0,0.0,-50.348,0.0,0.0,-1.732,0.0,0.0,0.0,0.0,0.0,-7.968000000000004,0.0,0.0
GLN   4,25.258,0.0,0.0,-6.771,0.0,0.0,-56.661,0.0,0.0,-13.732,0.0,0.0,0.0,0.0,0.0,-51.906000000000006,0.0,0.0
ASN   5,31.043,0.0,0.0,-6.661,0.0,0.0,-75.899,0.0,0.0,-12.297,0.0,0.0,0.0,0.0,0.0,-63.81400000000001,0.0,0.0
LEU   6,65.787,0.0,0.0,-3.024,0.0,0.0,-64.407,0.0,0.0,-7.101,0.0,0.0,0.0,0.0,0.0,-8.74499999999999,0.0,0.0
GLN   7,34.268,0.0,0.0,-3.591,0.0,0.0,-71.381,0.0,0.0,-15.011,0.0,0.0,0.0,0.0,0.0,-55.715,0.0,0.0
GLY   8,79.807,0.0,0.0,-3.485,0.0,0.0,-70.044,0.0,0.0,-5.392,0.0,0.0,0.0,0.0,0.0,0.8860000000000054,0.0,0.0
GLN   9,38.102,0.0,0.0,-7.417,0.0,0.0,-69.389,0.0,0.0,-15.095,0.0,0.0,0.0,0.0,0.0,-53.799,0.0,0.0
MET  10,98.412,0.0,0.0,-7.685,0.0,0.0,-77.613,0.0,0.0,-4.582,0.0,0.0,0.0,0.0,0.0,8.532000000000004,0.0,0.0
VAL  11,51.968,0.0,0.0,-6.933,0.0,0.0,-52.996,0.0,0.0,-2.994,0.0,0.0,0.0,0.0,0.0,-10.954999999999998,0.0,0.0
HID  12,90.732,0.0,0.0,-9.769,0.0,0.0,-53.819,0.0,0.0,-11.469,0.0,0.0,0.0,0.0,0.0,15.674999999999992,0.0,0.0
GLN  13,35.216,0.0,0.0,-6.299,0.0,0.0,-71.357,0.0,0.0,-10.215,0.0,0.0,0.0,0.0,0.0,-52.655,0.0,0.0
ALA  14,92.445,0.0,0.0,-3.626,0.0,0.0,-80.523,0.0,0.0,-2.903,0.0,0.0,0.0,0.0,0.0,5.392999999999992,0.0,0.0
ILE  15,94.358,0.0,0.0,-8.776,0.0,0.0,-75.557,0.0,0.0,-2.46,0.0,0.0,0.0,0.0,0.0,7.565000000000006,0.0,0.0
SER  16,73.805,0.0,0.0,-5.404,0.0,0.0,-52.323,0.0,0.0,-7.715,0.0,0.0,0.0,0.0,0.0,8.36300000000001,0.0,0.0
PRO  17,92.684,0.0,0.0,-4.975,0.0,0.0,-59.776,0.0,0.0,-4.599,0.0,0.0,0.0,0.0,0.0,23.334,0.0,0.0
ARG  18,-182.121,0.0,0.0,-4.889,0.0,0.0,70.869,0.0,0.0,-43.308,0.0,0.0,0.0,0.0,0.0,-159.449,0.0,0.0
THR  19,43.411,0.0,0.0,-8.012,0.0,0.0,-52.026,0.0,0.0,-1.768,0.0,0.0,0.0,0.0,0.0,-18.395000000000003,0.0,0.0
LEU  20,62.215,0.0,0.0,-7.911,0.0,0.0,-58.65,0.0,0.0,-2.625,0.0,0.0,0.0,0.0,0.0,-6.9709999999999965,0.0,0.0
ASN  21,34.555,0.0,0.0,-6.563,0.0,0.0,-87.428,0.0,0.0,-12.198,0.0,0.0,0.0,0.0,0.0,-71.63399999999999,0.0,0.0
ALA  22,92.964,0.0,0.0,-4.723,0.0,0.0,-81.559,0.0,0.0,-1.776,0.0,0.0,0.0,0.0,0.0,4.906000000000002,0.0,0.0
TRP  23,131.098,0.0,0.0,-17.257,0.0,0.0,-95.074,0.0,0.0,-2.521,0.0,0.0,0.0,0.0,0.0,16.24600000000001,0.0,0.0
VAL  24,69.948,0.0,0.0,-6.243,0.0,0.0,-55.528,0.0,0.0,-7.029,0.0,0.0,0.0,0.0,0.0,1.1479999999999926,0.0,0.0
LYS  25,136.888,0.0,0.0,-7.592,0.0,0.0,-131.91,0.0,0.0,-1.788,0.0,0.0,0.0,0.0,0.0,-4.402000000000005,0.0,0.0
VAL  26,62.052,0.0,0.0,-7.333,0.0,0.0,-65.598,0.0,0.0,-1.778,0.0,0.0,0.0,0.0,0.0,-12.656999999999998,0.0,0.0
VAL  27,38.93,0.0,0.0,-7.782,0.0,0.0,-44.826,0.0,0.0,-1.381,0.0,0.0,0.0,0.0,0.0,-15.059000000000001,0.0,0.0
GLU  28,96.527,0.0,0.0,-5.449,0.0,0.0,-59.316,0.0,0.0,-95.555,0.0,0.0,0.0,0.0,0.0,-63.793000000000006,0.0,0.0
GLU  29,109.378,0.0,0.0,-4.948,0.0,0.0,-107.808,0.0,0.0,-45.347,0.0,0.0,0.0,0.0,0.0,-48.725,0.0,0.0
LYS  30,118.748,0.0,0.0,-5.294,0.0,0.0,-127.859,0.0,0.0,4.645,0.0,0.0,0.0,0.0,0.0,-9.759999999999987,0.0,0.0
ALA  31,91.078,0.0,0.0,-5.196,0.0,0.0,-77.972,0.0,0.0,-1.171,0.0,0.0,0.0,0.0,0.0,6.7390000000000105,0.0,0.0
PHE  32,99.684,0.0,0.0,-10.854,0.0,0.0,-74.58,0.0,0.0,-5.635,0.0,0.0,0.0,0.0,0.0,8.615,0.0,0.0
SER  33,80.055,0.0,0.0,-5.564,0.0,0.0,-63.839,0.0,0.0,-3.828,0.0,0.0,0.0,0.0,0.0,6.824000000000016,0.0,0.0
PRO  34,73.793,0.0,0.0,-5.618,0.0,0.0,-55.398,0.0,0.0,-1.486,0.0,0.0,0.0,0.0,0.0,11.291000000000007,0.0,0.0
GLU  35,105.194,0.0,0.0,-6.245,0.0,0.0,-109.813,0.0,0.0,-47.784,0.0,0.0,0.0,0.0,0.0,-58.648,0.0,0.0
VAL  36,57.329,0.0,0.0,-8.129,0.0,0.0,-57.887,0.0,0.0,-0.054,0.0,0.0,0.0,0.0,0.0,-8.740999999999998,0.0,0.0
ILE  37,91.099,0.0,0.0,-6.867,0.0,0.0,-60.139,0.0,0.0,-0.756,0.0,0.0,0.0,0.0,0.0,23.336999999999996,0.0,0.0
PRO  38,80.654,0.0,0.0,-6.575,0.0,0.0,-56.632,0.0,0.0,-2.839,0.0,0.0,0.0,0.0,0.0,14.607999999999995,0.0,0.0
MET  39,89.959,0.0,0.0,-8.67,0.0,0.0,-69.373,0.0,0.0,-1.625,0.0,0.0,0.0,0.0,0.0,10.290999999999997,0.0,0.0
PHE  40,99.848,0.0,0.0,-13.574,0.0,0.0,-83.062,0.0,0.0,-0.812,0.0,0.0,0.0,0.0,0.0,2.400000000000003,0.0,0.0
SER  41,76.077,0.0,0.0,-4.964,0.0,0.0,-67.359,0.0,0.0,-4.408,0.0,0.0,0.0,0.0,0.0,-0.6539999999999955,0.0,0.0
ALA  42,83.664,0.0,0.0,-4.973,0.0,0.0,-67.021,0.0,0.0,-4.421,0.0,0.0,0.0,0.0,0.0,7.249000000000001,0.0,0.0
LEU  43,78.14,0.0,0.0,-9.163,0.0,0.0,-76.281,0.0,0.0,-2.754,0.0,0.0,0.0,0.0,0.0,-10.058000000000002,0.0,0.0
SER  44,73.248,0.0,0.0,-6.314,0.0,0.0,-74.895,0.0,0.0,-0.422,0.0,0.0,0.0,0.0,0.0,-8.383,0.0,0.0
GLU  45,101.831,0.0,0.0,-5.494,0.0,0.0,-70.85,0.0,0.0,-84.752,0.0,0.0,0.0,0.0,0.0,-59.264999999999986,0.0,0.0
GLY  46,67.164,0.0,0.0,-3.597,0.0,0.0,-69.982,0.0,0.0,-0.052,0.0,0.0,0.0,0.0,0.0,-6.466999999999999,0.0,0.0
ALA  47,98.909,0.0,0.0,-7.051,0.0,0.0,-84.868,0.0,0.0,-1.76,0.0,0.0,0.0,0.0,0.0,5.230000000000009,0.0,0.0
THR  48,60.467,0.0,0.0,-7.796,0.0,0.0,-61.013,0.0,0.0,0.069,0.0,0.0,0.0,0.0,0.0,-8.272999999999998,0.0,0.0
PRO  49,73.85,0.0,0.0,-10.942,0.0,0.0,-54.991,0.0,0.0,0.011,0.0,0.0,0.0,0.0,0.0,7.927999999999995,0.0,0.0
GLN  50,30.687,0.0,0.0,-7.258,0.0,0.0,-67.741,0.0,0.0,-11.027,0.0,0.0,0.0,0.0,0.0,-55.339,0.0,0.0
ASP  51,88.999,0.0,0.0,-8.18,0.0,0.0,-118.433,0.0,0.0,-23.667,0.0,0.0,0.0,0.0,0.0,-61.28100000000002,0.0,0.0
LEU  52,62.279,0.0,0.0,-12.859,0.0,0.0,-71.153,0.0,0.0,0.824,0.0,0.0,0.0,0.0,0.0,-20.909000000000002,0.0,0.0
ASN  53,29.265,0.0,0.0,-7.407,0.0,0.0,-95.97,1.3486991523486091e-06,1.3486991523486091e-06,-3.746,0.0,0.0,0.0,0.0,0.0,-77.85799999999999,0.0,0.0
THR  54,51.491,0.0,0.0,-5.978,0.0,0.0,-58.455,0.0,0.0,-1.475,0.0,0.0,0.0,0.0,0.0,-14.417,0.0,0.0
MET  55,80.521,0.0,0.0,-12.062,0.0,0.0,-66.177,0.0,0.0,0.394,0.0,0.0,0.0,0.0,0.0,2.6759999999999966,0.0,0.0
LEU  56,59.538,0.0,0.0,-9.003,0.0,0.0,-64.899,0.0,0.0,0.698,0.0,0.0,0.0,0.0,0.0,-13.666000000000004,0.0,0.0
ASN  57,28.665,0.0,0.0,-6.082,0.0,0.0,-80.442,0.0,0.0,-10.725,0.0,0.0,0.0,0.0,0.0,-68.58399999999999,0.0,0.0
THR  58,51.989,0.0,0.0,-7.524,0.0,0.0,-58.04,0.0,0.0,-4.32,0.0,0.0,0.0,0.0,0.0,-17.895000000000003,0.0,0.0
VAL  59,43.881,0.0,0.0,-7.451,0.0,0.0,-45.383,0.0,0.0,-0.146,0.0,0.0,0.0,0.0,0.0,-9.099000000000004,0.0,0.0
ALA  60,89.905,0.0,0.0,-3.174,0.0,0.0,-66.642,0.0,0.0,-1.395,0.0,0.0,0.0,0.0,0.0,18.694,0.0,0.0
PRO  61,80.225,0.0,0.0,-3.963,0.0,0.0,-61.496,0.0,0.0,-0.62,0.0,0.0,0.0,0.0,0.0,14.145999999999999,0.0,0.0
HID  62,97.841,0.0,0.0,-7.396,0.0,0.0,-65.449,0.0,0.0,-11.202,0.0,0.0,0.0,0.0,0.0,13.793999999999995,0.0,0.0
GLN  63,30.019,0.0,0.0,-5.547,0.0,0.0,-64.53,0.0,0.0,-10.759,0.0,0.0,0.0,0.0,0.0,-50.81700000000001,0.0,0.0
ALA  64,88.928,0.0,0.0,-4.57,0.0,0.0,-71.683,0.0,0.0,-4.236,0.0,0.0,0.0,0.0,0.0,8.438999999999997,0.0,0.0
ALA  65,90.56,0.0,0.0,-6.091,0.0,0.0,-76.583,0.0,0.0,-2.587,0.0,0.0,0.0,0.0,0.0,5.29900000000001,0.0,0.0
ALA  66,92.149,0.0,0.0,-6.943,0.0,0.0,-83.441,0.0,0.0,-1.046,0.0,0.0,0.0,0.0,0.0,0.7190000000000005,0.0,0.0
GLN  67,44.487,0.0,0.0,-7.697,0.0,0.0,-69.269,0.0,0.0,-17.672,0.0,0.0,0.0,0.0,0.0,-50.15100000000001,0.0,0.0
MET  68,97.13,0.0,0.0,-8.794,0.0,0.0,-75.275,0.0,0.0,-3.232,0.0,0.0,0.0,0.0,0.0,9.828999999999994,0.0,0.0
LEU  69,96.025,0.0,0.0,-8.702,0.0,0.0,-79.381,0.0,0.0,-2.882,0.0,0.0,0.0,0.0,0.0,5.060000000000008,0.0,0.0
LYS  70,130.576,0.0,0.0,-8.575,0.0,0.0,-107.619,0.0,0.0,-21.041,0.0,0.0,0.0,0.0,0.0,-6.65900000000001,0.0,0.0
GLU  71,105.475,0.0,0.0,-7.017,0.0,0.0,-77.258,0.0,0.0,-89.795,0.0,0.0,0.0,0.0,0.0,-68.595,0.0,0.0
THR  72,47.732,0.0,0.0,-7.415,0.0,0.0,-64.387,0.0,0.0,-2.452,0.0,0.0,0.0,0.0,0.0,-26.522,0.0,0.0
ILE  73,73.103,0.0,0.0,-10.664,0.0,0.0,-54.74,0.0,0.0,-1.88,0.0,0.0,0.0,0.0,0.0,5.818999999999991,0.0,0.0
ASN  74,24.88,0.0,0.0,-7.025,0.0,0.0,-84.073,0.0,0.0,-6.465,0.0,0.0,0.0,0.0,0.0,-72.68299999999999,0.0,0.0
GLU  75,103.274,0.0,0.0,-6.838,0.0,0.0,-55.253,0.0,0.0,-111.756,0.0,0.0,0.0,0.0,0.0,-70.573,0.0,0.0
GLU  76,90.918,0.0,0.0,-10.571,0.0,0.0,-52.71,0.0,0.0,-93.763,0.0,0.0,0.0,0.0,0.0,-66.126,0.0,0.0
ALA  77,82.775,0.0,0.0,-6.119,0.0,0.0,-74.535,0.0,0.0,-0.782,0.0,0.0,0.0,0.0,0.0,1.3390000000000093,0.0,0.0
ALA  78,98.092,0.0,0.0,-5.698,0.0,0.0,-86.198,0.0,0.0,0.911,0.0,0.0,0.0,0.0,0.0,7.107000000000012,0.0,0.0
GLU  79,108.461,0.0,0.0,-5.956,0.0,0.0,-80.749,0.0,0.0,-75.899,0.0,0.0,0.0,0.0,0.0,-54.143,0.0,0.0
TRP  80,113.908,0.0,0.0,-16.46,0.0,0.0,-88.931,0.0,0.0,-0.411,0.0,0.0,0.0,0.0,0.0,8.10600000000001,0.0,0.0
ASP  81,109.931,0.0,0.0,-8.07,0.0,0.0,-98.065,0.0,0.0,-55.75,0.0,0.0,0.0,0.0,0.0,-51.95400000000001,0.0,0.0
ARG  82,-182.666,0.0,0.0,-5.863,0.0,0.0,-14.242,0.0,0.0,31.982,0.0,0.0,0.0,0.0,0.0,-170.789,0.0,0.0
LEU  83,67.526,0.0,0.0,-5.781,0.0,0.0,-68.208,0.0,0.0,-3.535,0.0,0.0,0.0,0.0,0.0,-9.998000000000001,0.0,0.0
HID  84,117.263,0.0,0.0,-9.887,0.0,0.0,-72.645,0.0,0.0,-11.137,0.0,0.0,0.0,0.0,0.0,23.59400000000001,0.0,0.0
PRO  85,94.529,0.0,0.0,-3.342,0.0,0.0,-68.394,0.0,0.0,-3.822,0.0,0.0,0.0,0.0,0.0,18.970999999999993,0.0,0.0
VAL  86,42.525,0.0,0.0,-2.655,0.0,0.0,-45.81,0.0,0.0,-4.435,0.0,0.0,0.0,0.0,0.0,-10.375000000000004,0.0,0.0
HID  87,89.041,0.0,0.0,-6.199,0.0,0.0,-54.874,0.0,0.0,-10.699,0.0,0.0,0.0,0.0,0.0,17.269,0.0,0.0
ALA  88,91.354,0.0,0.0,-3.003,0.0,0.0,-72.276,0.0,0.0,-5.131,0.0,0.0,0.0,0.0,0.0,10.944000000000003,0.0,0.0
GLY  89,95.849,0.0,0.0,-2.36,0.0,0.0,-81.008,0.0,0.0,-3.001,0.0,0.0,0.0,0.0,0.0,9.48000000000001,0.0,0.0
PRO  90,82.546,0.0,0.0,-2.98,0.0,0.0,-56.24,0.0,0.0,-6.831,0.0,0.0,0.0,0.0,0.0,16.495,0.0,0.0
ILE  91,84.215,0.0,0.0,-6.029,0.0,0.0,-55.044,0.0,0.0,-5.092,0.0,0.0,0.0,0.0,0.0,18.05000000000001,0.0,0.0
ALA  92,96.274,0.0,0.0,-2.919,0.0,0.0,-69.377,0.0,0.0,-2.531,0.0,0.0,0.0,0.0,0.0,21.44700000000001,0.0,0.0
PRO  93,83.709,0.0,0.0,-2.316,0.0,0.0,-58.02,0.0,0.0,-5.839,0.0,0.0,0.0,0.0,0.0,17.534,0.0,0.0
GLY  94,73.078,0.0,0.0,-1.959,0.0,0.0,-66.951,0.0,0.0,-5.446,0.0,0.0,0.0,0.0,0.0,-1.2779999999999934,0.0,0.0
GLN  95,38.813,0.0,0.0,-4.997,0.0,0.0,-72.39,0.0,0.0,-12.419,0.0,0.0,0.0,0.0,0.0,-50.992999999999995,0.0,0.0
MET  96,105.057,0.0,0.0,-6.135,0.0,0.0,-77.184,0.0,0.0,-5.723,0.0,0.0,0.0,0.0,0.0,16.015,0.0,0.0
ARG  97,-185.823,0.0,0.0,-7.765,0.0,0.0,-13.441,0.0,0.0,25.065,0.0,0.0,0.0,0.0,0.0,-181.964,0.0,0.0
GLU  98,109.317,0.0,0.0,-4.142,0.0,0.0,-56.039,0.0,0.0,-105.059,0.0,0.0,0.0,0.0,0.0,-55.923,0.0,0.0
PRO  99,93.035,0.0,0.0,-9.308,0.0,0.0,-60.358,0.0,0.0,-3.435,0.0,0.0,0.0,0.0,0.0,19.934000000000008,0.0,0.0
ARG 100,-183.266,0.0,0.0,-12.382,0.0,0.0,-14.74,0.0,0.0,31.826,0.0,0.0,0.0,0.0,0.0,-178.562,0.0,0.0
GLY 101,76.699,0.0,0.0,-5.496,0.0,0.0,-82.394,0.0,0.0,1.346,0.0,0.0,0.0,0.0,0.0,-9.845000000000002,0.0,0.0
SER 102,70.066,0.0,0.0,-7.26,0.0,0.0,-65.143,0.0,0.0,-1.488,0.0,0.0,0.0,0.0,0.0,-3.824999999999996,0.0,0.0
ASP 103,93.4,0.0,0.0,-6.851,0.0,0.0,-101.756,0.0,0.0,-32.269,0.0,0.0,0.0,0.0,0.0,-47.47599999999999,0.0,0.0
ILE 104,77.611,0.0,0.0,-12.893,0.0,0.0,-61.142,0.0,0.0,1.094,0.0,0.0,0.0,0.0,0.0,4.670000000000001,0.0,0.0
ALA 105,83.007,0.0,0.0,-7.179,0.0,0.0,-75.707,0.0,0.0,-0.389,0.0,0.0,0.0,0.0,0.0,-0.2679999999999907,0.0,0.0
GLY 106,88.317,0.0,0.0,-5.54,0.0,0.0,-85.651,0.0,0.0,-2.927,0.0,0.0,0.0,0.0,0.0,-5.801000000000009,0.0,0.0
THR 107,49.581,0.0,0.0,-5.137,0.0,0.0,-58.821,0.0,0.0,-6.522,0.0,0.0,0.0,0.0,0.0,-20.898999999999994,0.0,0.0
THR 108,36.749,0.0,0.0,-3.395,0.0,0.0,-55.681,0.0,0.0,-0.992,0.0,0.0,0.0,0.0,0.0,-23.319,0.0,0.0
SER 109,74.934,0.0,0.0,-6.684,0.0,0.0,-70.615,0.0,0.0,-1.39,0.0,0.0,0.0,0.0,0.0,-3.7549999999999946,0.0,0.0
THR 110,34.211,0.0,0.0,-5.424,0.0,0.0,-45.089,0.0,0.0,-2.88,0.0,0.0,0.0,0.0,0.0,-19.182,0.0,0.0
LEU 111,63.367,0.0,0.0,-9.858,0.0,0.0,-64.37,0.0,0.0,-3.565,0.0,0.0,0.0,0.0,0.0,-14.426000000000004,0.0,0.0
GLN 112,40.411,0.0,0.0,-6.616,0.0,0.0,-78.968,0.0,0.0,-8.473,0.0,0.0,0.0,0.0,0.0,-53.646,0.0,0.0
GLU 113,101.825,0.0,0.0,-8.224,0.0,0.0,-109.003,0.0,0.0,-39.594,0.0,0.0,0.0,0.0,0.0,-54.996,0.0,0.0
GLN 114,39.438,0.0,0.0,-13.457,0.0,0.0,-86.016,0.0,0.0,-0.478,0.0,0.0,0.0,0.0,0.0,-60.513000000000005,0.0,0.0
ILE 115,90.022,0.0,0.0,-8.896,0.0,0.0,-72.099,0.0,0.0,-1.267,0.0,0.0,0.0,0.0,0.0,7.760000000000002,0.0,0.0
GLY 116,79.686,0.0,0.0,-3.748,0.0,0.0,-75.425,0.0,0.0,-1.614,0.0,0.0,0.0,0.0,0.0,-1.1009999999999949,0.0,0.0
TRP 117,124.065,0.0,0.0,-18.603,0.0,0.0,-89.637,0.0,0.0,-1.045,0.0,0.0,0.0,0.0,0.0,14.779999999999989,0.0,0.0
MET 118,99.102,0.0,0.0,-10.708,0.0,0.0,-81.326,0.0,0.0,-2.455,0.0,0.0,0.0,0.0,0.0,4.613000000000012,0.0,0.0
THR 119,41.405,0.0,0.0,-4.769,0.0,0.0,-46.409,0.0,0.0,-5.549,0.0,0.0,0.0,0.0,0.0,-15.321999999999996,0.0,0.0
HID 120,90.938,0.0,0.0,-7.034,0.0,0.0,-50.547,0.0,0.0,-13.762,0.0,0.0,0.0,0.0,0.0,19.595,0.0,0.0
ASN 121,46.078,0.0,0.0,-2.872,0.0,0.0,-81.973,0.0,0.0,-13.059,0.0,0.0,0.0,0.0,0.0,-51.82599999999999,0.0,0.0
PRO 122,92.528,0.0,0.0,-4.341,0.0,0.0,-56.755,0.0,0.0,-3.018,0.0,0.0,0.0,0.0,0.0,28.41400000000001,0.0,0.0
PRO 123,79.593,0.0,0.0,-6.142,0.0,0.0,-59.808,0.0,0.0,-2.679,0.0,0.0,0.0,0.0,0.0,10.964000000000008,0.0,0.0
ILE 124,91.397,0.0,0.0,-7.174,0.0,0.0,-65.069,0.0,0.0,-0.553,0.0,0.0,0.0,0.0,0.0,18.600999999999996,0.0,0.0
PRO 125,91.658,0.0,0.0,-5.848,0.0,0.0,-66.322,0.0,0.0,-0.265,0.0,0.0,0.0,0.0,0.0,19.223,0.0,0.0
VAL 126,53.07,0.0,0.0,-10.192,0.0,0.0,-54.815,0.0,0.0,0.185,0.0,0.0,0.0,0.0,0.0,-11.751999999999997,0.0,0.0
GLY 127,71.021,0.0,0.0,-5.299,0.0,0.0,-72.142,0.0,0.0,-0.102,0.0,0.0,0.0,0.0,0.0,-6.522000000000002,0.0,0.0
GLU 128,102.231,0.0,0.0,-8.366,0.0,0.0,-103.635,0.0,0.0,-50.372,0.0,0.0,0.0,0.0,0.0,-60.14200000000001,0.0,0.0
ILE 129,79.09,0.0,0.0,-11.776,0.0,0.0,-63.514,0.0,0.0,0.29,0.0,0.0,0.0,0.0,0.0,4.090000000000004,0.0,0.0
TYR 130,93.209,0.0,0.0,-16.523,0.0,0.0,-90.74,0.0,0.0,-0.025,0.0,0.0,0.0,0.0,0.0,-14.078999999999988,0.0,0.0
LYS 131,143.553,0.0,0.0,-8.66,0.0,0.0,-156.664,0.0,0.0,24.458,0.0,0.0,0.0,0.0,0.0,2.687000000000012,0.0,0.0
ARG 132,-186.785,0.0,0.0,-10.385,0.0,0.0,36.882,0.0,0.0,-1.728,0.0,0.0,0.0,0.0,0.0,-162.016,0.0,0.0
TRP 133,124.997,0.0,0.0,-18.642,0.0,0.0,-92.195,0.0,0.0,-3.564,0.0,0.0,0.0,0.0,0.0,10.59600000000001,0.0,0.0
ILE 134,89.127,0.0,0.0,-11.09,0.0,0.0,-70.786,0.0,0.0,0.469,0.0,0.0,0.0,0.0,0.0,7.719999999999991,0.0,0.0
ILE 135,79.119,0.0,0.0,-7.062,0.0,0.0,-63.076,0.0,0.0,0.839,0.0,0.0,0.0,0.0,0.0,9.820000000000002,0.0,0.0
LEU 136,71.667,0.0,0.0,-9.287,0.0,0.0,-80.937,0.0,0.0,2.12,0.0,0.0,0.0,0.0,0.0,-16.436999999999994,0.0,0.0
GLY 137,78.526,0.0,0.0,-6.109,0.0,0.0,-78.363,0.0,0.0,1.122,0.0,0.0,0.0,0.0,0.0,-4.823999999999998,0.0,0.0
LEU 138,64.403,0.0,0.0,-9.974,0.0,0.0,-66.874,0.0,0.0,0.024,0.0,0.0,0.0,0.0,0.0,-12.420999999999994,0.0,0.0
ASN 139,46.368,0.0,0.0,-7.352,0.0,0.0,-99.005,0.0,0.0,-8.318,0.0,0.0,0.0,0.0,0.0,-68.30699999999999,0.0,0.0
LYS 140,134.148,0.0,0.0,-8.046,0.0,0.0,-133.556,0.0,0.0,3.635,0.0,0.0,0.0,0.0,0.0,-3.819000000000008,0.0,0.0
ILE 141,91.181,0.0,0.0,-9.681,0.0,0.0,-75.557,0.0,0.0,-0.659,0.0,0.0,0.0,0.0,0.0,5.283999999999998,0.0,0.0
VAL 142,65.309,0.0,0.0,-7.396,0.0,0.0,-55.362,0.0,0.0,-4.922,0.0,0.0,0.0,0.0,0.0,-2.371000000000005,0.0,0.0
ARG 143,-188.451,0.0,0.0,-7.715,0.0,0.0,57.644,0.0,0.0,-21.156,0.0,0.0,0.0,0.0,0.0,-159.678,0.0,0.0
MET 144,88.777,0.0,0.0,-7.276,0.0,0.0,-73.84,0.0,0.0,-4.381,0.0,0.0,0.0,0.0,0.0,3.280000000000001,0.0,0.0
TYR 145,104.269,0.0,0.0,-10.331,0.0,0.0,-81.834,0.0,0.0,-9.046,0.0,0.0,0.0,0.0,0.0,3.058,0.0,0.0
SER 146,89.558,0.0,0.0,-4.18,0.0,0.0,-68.172,0.0,0.0,-7.661,0.0,0.0,0.0,0.0,0.0,9.545000000000018,0.0,0.0
PRO 147,93.745,0.0,0.0,-4.646,0.0,0.0,-65.671,0.0,0.0,-4.356,0.0,0.0,0.0,0.0,0.0,19.071999999999996,0.0,0.0
THR 148,48.539,0.0,0.0,-2.989,0.0,0.0,-51.533,0.0,0.0,-9.529,0.0,0.0,0.0,0.0,0.0,-15.511999999999997,0.0,0.0
SER 149,57.807,0.0,0.0,-2.17,0.0,0.0,-40.364,0.0,0.0,-12.668,0.0,0.0,0.0,0.0,0.0,2.605000000000004,0.0,0.0
ILE 150,61.302,0.0,0.0,-2.075,0.0,0.0,-29.702,0.0,0.0,-5.593,0.0,0.0,0.0,0.0,0.0,23.931999999999995,0.0,0.0

Ligand:
Total Energy Decomposition:
Residue,Internal,,,van der Waals,,,Electrostatic,,,Polar Solvation,,,Non-Polar Solv.,,,TOTAL,,
,Avg.,Std. Dev.,Std. Err. of Mean,Avg.,Std. Dev.,Std. Err. of Mean,Avg.,Std. Dev.,Std. Err. of Mean,Avg.,Std. Dev.,Std. Err. of Mean,Avg.,Std. Dev.,Std. Err. of Mean,Avg.,Std. Dev.,Std. Err. of Mean
LEU   1,49.94,0.0,0.0,-3.419,0.0,0.0,-46.198,0.0,0.0,-6.63,0.0,0.0,0.0,0.0,0.0,-6.3069999999999995,0.0,0.0
ASP   2,102.082,0.0,0.0,-2.787,0.0,0.0,-80.649,0.0,0.0,-84.063,0.0,0.0,0.0,0.0,0.0,-65.41700000000002,0.0,0.0
ILE   3,108.432,0.0,0.0,-5.577,0.0,0.0,-77.987,0.0,0.0,-2.71,0.0,0.0,0.0,0.0,0.0,22.15800000000001,0.0,0.0
ARG   4,-194.595,0.0,0.0,-6.459,0.0,0.0,40.832,0.0,0.0,-13.582,0.0,0.0,0.0,0.0,0.0,-173.804,0.0,0.0
GLN   5,34.49,0.0,0.0,-12.053,0.0,0.0,-85.066,0.0,0.0,-1.609,0.0,0.0,0.0,0.0,0.0,-64.238,0.0,0.0
GLY   6,87.592,0.0,0.0,-3.486,0.0,0.0,-67.827,0.0,0.0,-6.353,0.0,0.0,0.0,0.0,0.0,9.925999999999997,0.0,0.0
PRO   7,89.489,0.0,0.0,-2.566,0.0,0.0,-53.07,0.0,0.0,-8.165,0.0,0.0,0.0,0.0,0.0,25.688000000000002,0.0,0.0
LYS   8,118.594,0.0,0.0,-3.564,0.0,0.0,-81.446,0.0,0.0,-41.286,0.0,0.0,0.0,0.0,0.0,-7.701999999999998,0.0,0.0
GLU   9,114.285,0.0,0.0,-8.827,0.0,0.0,-121.096,0.0,0.0,-29.003,0.0,0.0,0.0,0.0,0.0,-44.641000000000005,0.0,0.0
PRO  10,79.14,0.0,0.0,-6.948,0.0,0.0,-54.216,0.0,0.0,-2.76,0.0,0.0,0.0,0.0,0.0,15.216000000000006,0.0,0.0
PHE  11,100.113,0.0,0.0,-14.342,0.0,0.0,-73.495,0.0,0.0,-2.341,0.0,0.0,0.0,0.0,0.0,9.934999999999995,0.0,0.0
ARG  12,-202.239,0.0,0.0,-7.681,0.0,0.0,40.969,0.0,0.0,6.696,0.0,0.0,0.0,0.0,0.0,-162.25500000000002,0.0,0.0
ASP  13,108.346,0.0,0.0,-6.507,0.0,0.0,-82.926,0.0,0.0,-87.066,0.0,0.0,0.0,0.0,0.0,-68.153,0.0,0.0
TYR  14,99.748,0.0,0.0,-15.356,0.0,0.0,-96.936,0.0,0.0,-0.338,0.0,0.0,0.0,0.0,0.0,-12.881999999999996,0.0,0.0
VAL  15,55.01,0.0,0.0,-9.226,0.0,0.0,-55.727,0.0,0.0,2.979,0.0,0.0,0.0,0.0,0.0,-6.963999999999998,0.0,0.0
ASP  16,92.784,0.0,0.0,-7.603,0.0,0.0,-66.245,0.0,0.0,-81.399,0.0,0.0,0.0,0.0,0.0,-62.462999999999994,0.0,0.0
ARG  17,-192.446,0.0,0.0,-11.429,0.0,0.0,29.159,0.0,0.0,-0.061,0.0,0.0,0.0,0.0,0.0,-174.77700000000002,0.0,0.0
PHE  18,96.805,0.0,0.0,-15.178,0.0,0.0,-80.641,0.0,0.0,0.689,0.0,0.0,0.0,0.0,0.0,1.6750000000000043,0.0,0.0
TYR  19,98.443,0.0,0.0,-9.571,0.0,0.0,-85.27,0.0,0.0,-4.305,0.0,0.0,0.0,0.0,0.0,-0.7029999999999959,0.0,0.0
LYS  20,138.372,0.0,0.0,-7.634,0.0,0.0,-116.933,0.0,0.0,-20.317,0.0,0.0,0.0,0.0,0.0,-6.512000000000008,0.0,0.0
THR  21,48.345,0.0,0.0,-6.536,0.0,0.0,-55.887,0.0,0.0,-2.789,0.0,0.0,0.0,0.0,0.0,-16.867000000000004,0.0,0.0
LEU  22,73.662,0.0,0.0,-9.908,0.0,0.0,-68.241,0.0,0.0,-1.494,0.0,0.0,0.0,0.0,0.0,-5.9809999999999945,0.0,0.0
ARG  23,-194.833,0.0,0.0,-7.711,0.0,0.0,70.883,0.0,0.0,-33.588,0.0,0.0,0.0,0.0,0.0,-165.249,0.0,0.0
ALA  24,84.761,0.0,0.0,-3.962,0.0,0.0,-78.646,0.0,0.0,-4.326,0.0,0.0,0.0,0.0,0.0,-2.173000000000008,0.0,0.0
GLU  25,111.798,0.0,0.0,-5.415,0.0,0.0,-62.632,0.0,0.0,-100.271,0.0,0.0,0.0,0.0,0.0,-56.52,0.0,0.0
GLN  26,27.152,0.0,0.0,-4.258,0.0,0.0,-61.167,0.0,0.0,-17.236,0.0,0.0,0.0,0.0,0.0,-55.509,0.0,0.0
ALA  27,94.935,0.0,0.0,-5.654,0.0,0.0,-89.176,0.0,0.0,2.491,0.0,0.0,0.0,0.0,0.0,2.596000000000004,0.0,0.0
SER  28,86.436,0.0,0.0,-4.371,0.0,0.0,-73.257,0.0,0.0,-9.72,0.0,0.0,0.0,0.0,0.0,-0.9119999999999937,0.0,0.0
GLN  29,26.825,0.0,0.0,-4.466,0.0,0.0,-75.711,0.0,0.0,-3.913,0.0,0.0,0.0,0.0,0.0,-57.265,0.0,0.0
GLU  30,113.712,0.0,0.0,-4.63,0.0,0.0,-79.366,0.0,0.0,-89.839,0.0,0.0,0.0,0.0,0.0,-60.12299999999999,0.0,0.0
VAL  31,60.748,0.0,0.0,-6.341,0.0,0.0,-53.639,0.0,0.0,-0.909,0.0,0.0,0.0,0.0,0.0,-0.14100000000000645,0.0,0.0
LYS  32,116.387,0.0,0.0,-8.323,0.0,0.0,-98.956,0.0,0.0,-14.547,0.0,0.0,0.0,0.0,0.0,-5.439000000000011,0.0,0.0
ASN  33,22.159,0.0,0.0,-7.888,0.0,0.0,-82.065,0.0,0.0,-8.049,0.0,0.0,0.0,0.0,0.0,-75.84299999999999,0.0,0.0
TRP  34,127.533,0.0,0.0,-9.932,0.0,0.0,-91.904,0.0,0.0,-5.357,0.0,0.0,0.0,0.0,0.0,20.340000000000003,0.0,0.0
MET  35,103.19,0.0,0.0,-11.1,0.0,0.0,-87.285,0.0,0.0,0.191,0.0,0.0,0.0,0.0,0.0,4.996000000000007,0.0,0.0
THR  36,42.563,0.0,0.0,-9.055,0.0,0.0,-56.911,0.0,0.0,1.29,0.0,0.0,0.0,0.0,0.0,-22.113,0.0,0.0
GLU  37,100.764,0.0,0.0,-9.637,0.0,0.0,-64.801,0.0,0.0,-84.17,0.0,0.0,0.0,0.0,0.0,-57.84400000000001,0.0,0.0
THR  38,49.972,0.0,0.0,-5.648,0.0,0.0,-55.607,0.0,0.0,0.185,0.0,0.0,0.0,0.0,0.0,-11.098,0.0,0.0
LEU  39,65.041,0.0,0.0,-9.19,0.0,0.0,-68.848,0.0,0.0,1.133,0.0,0.0,0.0,0.0,0.0,-11.864,0.0,0.0
LEU  40,84.952,0.0,0.0,-12.139,0.0,0.0,-90.361,0.0,0.0,1.222,0.0,0.0,0.0,0.0,0.0,-16.326,0.0,0.0
VAL  41,53.264,0.0,0.0,-7.85,0.0,0.0,-59.802,0.0,0.0,0.408,0.0,0.0,0.0,0.0,0.0,-13.979999999999999,0.0,0.0
GLN  42,22.955,0.0,0.0,-6.236,0.0,0.0,-66.663,0.0,0.0,-6.004,0.0,0.0,0.0,0.0,0.0,-55.948,0.0,0.0
ASN  43,21.841,0.0,0.0,-9.5,0.0,0.0,-78.757,0.0,0.0,-2.242,0.0,0.0,0.0,0.0,0.0,-68.658,0.0,0.0
ALA  44,91.204,0.0,0.0,-7.555,0.0,0.0,-80.74,0.0,0.0,1.261,0.0,0.0,0.0,0.0,0.0,4.170000000000006,0.0,0.0
ASN  45,47.4,0.0,0.0,-6.193,0.0,0.0,-92.739,0.0,0.0,-9.662,0.0,0.0,0.0,0.0,0.0,-61.194,0.0,0.0
PRO  46,78.177,0.0,0.0,-6.264,0.0,0.0,-57.303,0.0,0.0,-1.419,0.0,0.0,0.0,0.0,0.0,13.191000000000013,0.0,0.0
ASP  47,84.163,0.0,0.0,-3.351,0.0,0.0,-62.223,0.0,0.0,-83.243,0.0,0.0,0.0,0.0,0.0,-64.654,0.0,0.0
CYX  48,105.26,0.0,0.0,-6.185,0.0,0.0,-85.162,0.0,0.0,-1.495,0.0,0.0,0.0,0.0,0.0,12.417999999999996,0.0,0.0
LYS  49,137.089,0.0,0.0,-9.284,0.0,0.0,-131.837,0.0,0.0,-7.159,0.0,0.0,0.0,0.0,0.0,-11.190999999999995,0.0,0.0
THR  50,52.7,0.0,0.0,-4.588,0.0,0.0,-58.067,0.0,0.0,-4.337,0.0,0.0,0.0,0.0,0.0,-14.291999999999998,0.0,0.0
ILE  51,77.232,0.0,0.0,-8.128,0.0,0.0,-54.936,0.0,0.0,-0.62,0.0,0.0,0.0,0.0,0.0,13.548,0.0,0.0
LEU  52,76.434,0.0,0.0,-12.083,0.0,0.0,-68.651,0.0,0.0,-3.532,0.0,0.0,0.0,0.0,0.0,-7.831999999999997,0.0,0.0
LYS  53,120.203,0.0,0.0,-5.987,0.0,0.0,-92.367,0.0,0.0,-24.864,0.0,0.0,0.0,0.0,0.0,-3.014999999999997,0.0,0.0
ALA  54,84.807,0.0,0.0,-4.398,0.0,0.0,-73.118,0.0,0.0,-4.901,0.0,0.0,0.0,0.0,0.0,2.3900000000000112,0.0,0.0
LEU  55,78.116,0.0,0.0,-8.392,0.0,0.0,-70.646,0.0,0.0,-6.074,0.0,0.0,0.0,0.0,0.0,-6.995999999999997,0.0,0.0
GLY  56,90.793,0.0,0.0,-3.026,0.0,0.0,-73.119,0.0,0.0,-5.779,0.0,0.0,0.0,0.0,0.0,8.86900000000001,0.0,0.0
PRO  57,79.997,0.0,0.0,-3.057,0.0,0.0,-55.108,0.0,0.0,-6.075,0.0,0.0,0.0,0.0,0.0,15.757000000000001,0.0,0.0
GLY  58,69.431,0.0,0.0,-3.367,0.0,0.0,-65.3,0.0,0.0,-3.006,0.0,0.0,0.0,0.0,0.0,-2.242000000000004,0.0,0.0
ALA  59,102.506,0.0,0.0,-5.488,0.0,0.0,-90.043,0.0,0.0,-0.983,0.0,0.0,0.0,0.0,0.0,5.991999999999995,0.0,0.0
THR  60,52.283,0.0,0.0,-4.941,0.0,0.0,-58.73,0.0,0.0,-1.655,0.0,0.0,0.0,0.0,0.0,-13.042999999999997,0.0,0.0
LEU  61,63.847,0.0,0.0,-8.227,0.0,0.0,-62.061,0.0,0.0,-3.002,0.0,0.0,0.0,0.0,0.0,-9.442999999999994,0.0,0.0
GLU  62,109.682,0.0,0.0,-4.606,0.0,0.0,-67.36,0.0,0.0,-100.585,0.0,0.0,0.0,0.0,0.0,-62.868999999999986,0.0,0.0
GLU  63,100.088,0.0,0.0,-6.433,0.0,0.0,-60.567,0.0,0.0,-89.769,0.0,0.0,0.0,0.0,0.0,-56.681000000000004,0.0,0.0
MET  64,101.883,0.0,0.0,-12.436,0.0,0.0,-78.695,0.0,0.0,1.183,0.0,0.0,0.0,0.0,0.0,11.93500000000001,0.0,0.0
MET  65,102.262,0.0,0.0,-11.128,0.0,0.0,-84.891,0.0,0.0,-0.58,0.0,0.0,0.0,0.0,0.0,5.662999999999995,0.0,0.0
THR  66,46.419,0.0,0.0,-4.218,0.0,0.0,-55.8,0.0,0.0,-1.683,0.0,0.0,0.0,0.0,0.0,-15.282000000000004,0.0,0.0
ALA  67,80.507,0.0,0.0,-5.529,0.0,0.0,-64.686,0.0,0.0,-2.791,0.0,0.0,0.0,0.0,0.0,7.501000000000001,0.0,0.0
CYX  68,95.825,0.0,0.0,-8.344,0.0,0.0,-79.041,0.0,0.0,0.348,0.0,0.0,0.0,0.0,0.0,8.788000000000013,0.0,0.0
GLN  69,37.243,0.0,0.0,-4.902,0.0,0.0,-75.565,0.0,0.0,-11.919,0.0,0.0,0.0,0.0,0.0,-55.143,0.0,0.0
GLY  70,100.79,0.0,0.0,-2.549,0.0,0.0,-80.059,0.0,0.0,-9.229,0.0,0.0,0.0,0.0,0.0,8.953000000000003,0.0,0.0
VAL  71,29.773,0.0,0.0,-1.305,0.0,0.0,-34.822,0.0,0.0,-94.33,0.0,0.0,0.0,0.0,0.0,-100.684,0.0,0.0

DELTAS:
Total Energy Decomposition:
Residue,Location,Internal,,,van der Waals,,,Electrostatic,,,Polar Solvation,,,Non-Polar Solv.,,,TOTAL,,
,,Avg.,Std. Dev.,Std. Err. of Mean,Avg.,Std. Dev.,Std. Err. of Mean,Avg.,Std. Dev.,Std. Err. of Mean,Avg.,Std. Dev.,Std. Err. of Mean,Avg.,Std. Dev.,Std. Err. of Mean
PRO   1,R PRO   1,0.0,0.0,0.0,-0.0009999999999994458,0.0,0.0,-5.111000000000004,0.0,0.0,4.997,0.0,0.0,0.0,0.0,0.0,-0.1150000000000091,0.0,0.0
ILE   2,R ILE   2,0.0,0.0,0.0,0.0,0.0,0.0,0.02599999999999625,0.0,0.0,-0.028999999999999915,0.0,0.0,0.0,0.0,0.0,-0.0030000000000036664,0.0,0.0
VAL   3,R VAL   3,0.0,0.0,0.0,-0.001000000000000334,0.0,0.0,-0.030999999999998806,0.0,0.0,0.03400000000000003,0.0,0.0,0.0,0.0,0.0,0.0020000000000033324,0.0,0.0
GLN   4,R GLN   4,0.0,0.0,0.0,0.0,0.0,0.0,-0.012999999999998124,0.0,0.0,0.0129999999999999,0.0,0.0,0.0,0.0,0.0,7.105427357601002e-15,0.0,0.0
ASN   5,R ASN   5,0.0,0.0,0.0,0.0,0.0,0.0,0.019000000000005457,0.0,0.0,-0.019000000000000128,0.0,0.0,0.0,0.0,0.0,7.105427357601002e-15,0.0,0.0
LEU   6,R LEU   6,0.0,0.0,0.0,-0.0009999999999998899,0.0,0.0,-0.015000000000000568,0.0,0.0,0.01499999999999968,0.0,0.0,0.0,0.0,0.0,-0.0009999999999994458,0.0,0.0
GLN   7,R GLN   7,0.0,0.0,0.0,0.0,0.0,0.0,-0.01300000000000523,0.0,0.0,0.0129999999999999,0.0,0.0,0.0,0.0,0.0,0.0,0.0,0.0
GLY   8,R GLY   8,0.0,0.0,0.0,0.0,0.0,0.0,-0.030000000000001137,0.0,0.0,0.028999999999999915,0.0,0.0,0.0,0.0,0.0,-0.0010000000000012221,0.0,0.0
GLN   9,R GLN   9,0.0,0.0,0.0,0.0,0.0,0.0,0.03999999999999204,0.0,0.0,-0.041999999999999815,0.0,0.0,0.0,0.0,0.0,-0.0020000000000095497,0.0,0.0
MET  10,R MET  10,0.0,0.0,0.0,0.0,0.0,0.0,-0.013999999999995794,0.0,0.0,0.011999999999999567,0.0,0.0,0.0,0.0,0.0,-0.001999999999995339,0.0,0.0
VAL  11,R VAL  11,0.0,0.0,0.0,0.0,0.0,0.0,0.010000000000005116,0.0,0.0,-0.009999999999999787,0.0,0.0,0.0,0.0,0.0,5.329070518200751e-15,0.0,0.0
HID  12,R HID  12,0.0,0.0,0.0,0.0,0.0,0.0,-0.0049999999999954525,0.0,0.0,0.004999999999999005,0.0,0.0,0.0,0.0,0.0,3.552713678800501e-15,0.0,0.0
GLN  13,R GLN  13,0.0,0.0,0.0,-0.0009999999999994458,0.0,0.0,0.021000000000000796,0.0,0.0,-0.02200000000000024,0.0,0.0,0.0,0.0,0.0,-0.0020000000000024443,0.0,0.0
ALA  14,R ALA  14,0.0,0.0,0.0,0.0,0.0,0.0,0.018000000000000682,0.0,0.0,-0.020999999999999908,0.0,0.0,0.0,0.0,0.0,-0.0029999999999983373,0.0,0.0
ILE  15,R ILE  15,0.0,0.0,0.0,-0.002000000000000668,0.0,0.0,0.07900000000000773,0.0,0.0,-0.07699999999999996,0.0,0.0,0.0,0.0,0.0,-1.7763568394002505e-15,0.0,0.0
SER  16,R SER  16,0.0,0.0,0.0,-0.0019999999999997797,0.0,0.0,-0.16400000000000148,0.0,0.0,0.1589999999999998,0.0,0.0,0.0,0.0,0.0,-0.007000000000012108,0.0,0.0
PRO  17,R PRO  17,0.0,0.0,0.0,-0.0030000000000001137,0.0,0.0,-0.259999999999998,0.0,0.0,0.2560000000000002,0.0,0.0,0.0,0.0,0.0,-0.006999999999997897,0.0,0.0
ARG  18,R ARG  18,0.0,0.0,0.0,-0.005999999999999339,0.0,0.0,-6.561999999999998,0.0,0.0,6.462000000000003,0.0,0.0,0.0,0.0,0.0,-0.10599999999999454,0.0,0.0
THR  19,R THR  19,0.0,0.0,0.0,-0.004999999999999005,0.0,0.0,-0.23099999999999454,0.0,0.0,0.21599999999999997,0.0,0.0,0.0,0.0,0.0,-0.019999999999988916,0.0,0.0
LEU  20,R LEU  20,0.0,0.0,0.0,-0.008000000000000007,0.0,0.0,-0.4870000000000019,0.0,0.0,0.46799999999999997,0.0,0.0,0.0,0.0,0.0,-0.02699999999999747,0.0,0.0
ASN  21,R ASN  21,0.0,0.0,0.0,-0.019000000000000128,0.0,0.0,-0.8629999999999995,0.0,0.0,0.8420000000000005,0.0,0.0,0.0,0.0,0.0,-0.04000000000000625,0.0,0.0
ALA  22,R ALA  22,0.0,0.0,0.0,-0.020999999999999908,0.0,0.0,-0.9620000000000033,0.0,0.0,0.916,0.0,0.0,0.0,0.0,0.0,-0.06700000000000461,0.0,0.0
TRP  23,R TRP  23,0.0,0.0,0.0,-0.03999999999999915,0.0,0.0,-0.8029999999999973,0.0,0.0,0.764,0.0,0.0,0.0,0.0,0.0,-0.07899999999998997,0.0,0.0
VAL  24,R VAL  24,0.0,0.0,0.0,-0.0649999999999995,0.0,0.0,-1.1610000000000014,0.0,0.0,1.1920000000000002,0.0,0.0,0.0,0.0,0.0,-0.03399999999999892,0.0,0.0
LYS  25,R LYS  25,0.0,0.0,0.0,-0.5499999999999998,0.0,0.0,8.834000000000003,0.0,0.0,-8.369,0.0,0.0,0.0,0.0,0.0,-0.08499999999997954,0.0,0.0
VAL  26,R VAL  26,0.0,0.0,0.0,-0.19700000000000006,0.0,0.0,-0.24099999999999966,0.0,0.0,0.18999999999999995,0.0,0.0,0.0,0.0,0.0,-0.24800000000000288,0.0,0.0
VAL  27,R VAL  27,0.0,0.0,0.0,-0.1479999999999997,0.0,0.0,0.6159999999999997,0.0,0.0,-0.6380000000000001,0.0,0.0,0.0,0.0,0.0,-0.16999999999999993,0.0,0.0
GLU  28,R GLU  28,0.0,0.0,0.0,-2.026,0.0,0.0,-18.664,0.0,0.0,23.588000000000008,0.0,0.0,0.0,0.0,0.0,2.8980000000000103,0.0,0.0
GLU  29,R GLU  29,0.0,0.0,0.0,-5.459999999999999,0.0,0.0,-21.92,0.0,0.0,31.278,0.0,0.0,0.0,0.0,0.0,3.897999999999989,0.0,0.0
LYS  30,R LYS  30,0.0,0.0,0.0,-2.0660000000000007,0.0,0.0,8.134,0.0,0.0,-3.3169999999999993,0.0,0.0,0.0,0.0,0.0,2.7509999999999986,0.0,0.0
ALA  31,R ALA  31,0.0,0.0,0.0,-0.40700000000000003,0.0,0.0,2.674999999999997,0.0,0.0,-1.405,0.0,0.0,0.0,0.0,0.0,0.8630000000000004,0.0,0.0
PHE  32,R PHE  32,0.0,0.0,0.0,-0.3260000000000005,0.0,0.0,0.9399999999999977,0.0,0.0,-0.835,0.0,0.0,0.0,0.0,0.0,-0.22100000000000897,0.0,0.0
SER  33,R SER  33,0.0,0.0,0.0,-0.6509999999999998,0.0,0.0,-2.75,0.0,0.0,4.418,0.0,0.0,0.0,0.0,0.0,1.0169999999999888,0.0,0.0
PRO  34,R PRO  34,0.0,0.0,0.0,-0.44700000000000006,0.0,0.0,-0.43499999999999517,0.0,0.0,0.5539999999999999,0.0,0.0,0.0,0.0,0.0,-0.3279999999999976,0.0,0.0
GLU  35,R GLU  35,0.0,0.0,0.0,-1.3839999999999995,0.0,0.0,6.0730000000000075,0.0,0.0,-2.530000000000001,0.0,0.0,0.0,0.0,0.0,2.159000000000006,0.0,0.0
VAL  36,R VAL  36,0.0,0.0,0.0,-0.08300000000000018,0.0,0.0,-0.4239999999999995,0.0,0.0,0.496,0.0,0.0,0.0,0.0,0.0,-0.010999999999997456,0.0,0.0
ILE  37,R ILE  37,0.0,0.0,0.0,-0.019999999999999574,0.0,0.0,-0.3159999999999954,0.0,0.0,0.332,0.0,0.0,0.0,0.0,0.0,-0.003999999999990678,0.0,0.0
PRO  38,R PRO  38,0.0,0.0,0.0,-0.019999999999999574,0.0,0.0,-0.14100000000000534,0.0,0.0,0.15300000000000002,0.0,0.0,0.0,0.0,0.0,-0.008000000000000895,0.0,0.0
MET  39,R MET  39,0.0,0.0,0.0,-0.038000000000000256,0.0,0.0,0.30100000000000193,0.0,0.0,-0.2270000000000001,0.0,0.0,0.0,0.0,0.0,0.03600000000000492,0.0,0.0
PHE  40,R PHE  40,0.0,0.0,0.0,-0.009999999999999787,0.0,0.0,-0.09000000000000341,0.0,0.0,0.1060000000000001,0.0,0.0,0.0,0.0,0.0,0.00599999999999179,0.0,0.0
SER  41,R SER  41,0.0,0.0,0.0,-0.0029999999999992255,0.0,0.0,-0.006000000000000227,0.0,0.0,0.021000000000000796,0.0,0.0,0.0,0.0,0.0,0.012000000000000455,0.0,0.0
ALA  42,R ALA  42,0.0,0.0,0.0,-0.0030000000000001137,0.0,0.0,0.1490000000000009,0.0,0.0,-0.13099999999999934,0.0,0.0,0.0,0.0,0.0,0.015000000000001457,0.0,0.0
LEU  43,R LEU  43,0.0,0.0,0.0,-0.009999999999999787,0.0,0.0,0.14000000000000057,0.0,0.0,-0.12199999999999989,0.0,0.0,0.0,0.0,0.0,0.007999999999995566,0.0,0.0
SER  44,R SER  44,0.0,0.0,0.0,-0.0019999999999997797,0.0,0.0,0.09399999999999409,0.0,0.0,-0.08100000000000002,0.0,0.0,0.0,0.0,0.0,0.010999999999999233,0.0,0.0
GLU  45,R GLU  45,0.0,0.0,0.0,-0.001000000000000334,0.0,0.0,5.2749999999999915,0.0,0.0,-5.163000000000011,0.0,0.0,0.0,0.0,0.0,0.11099999999997578,0.0,0.0
GLY  46,R GLY  46,0.0,0.0,0.0,0.0,0.0,0.0,-0.01999999999999602,0.0,0.0,0.016999999999999994,0.0,0.0,0.0,0.0,0.0,-0.002999999999996561,0.0,0.0
ALA  47,R ALA  47,0.0,0.0,0.0,-0.0009999999999994458,0.0,0.0,0.02400000000000091,0.0,0.0,-0.018999999999999906,0.0,0.0,0.0,0.0,0.0,0.003999999999996007,0.0,0.0
THR  48,R THR  48,0.0,0.0,0.0,0.0,0.0,0.0,-0.008000000000002672,0.0,0.0,0.006999999999999992,0.0,0.0,0.0,0.0,0.0,-0.0010000000000029985,0.0,0.0
PRO  49,R PRO  49,0.0,0.0,0.0,0.0,0.0,0.0,-0.0030000000000001137,0.0,0.0,0.0010000000000000009,0.0,0.0,0.0,0.0,0.0,-0.002000000000000668,0.0,0.0
GLN  50,R GLN  50,0.0,0.0,0.0,0.0,0.0,0.0,-0.0040000000000048885,0.0,0.0,0.0030000000000001137,0.0,0.0,0.0,0.0,0.0,-0.0010000000000047748,0.0,0.0
ASP  51,R ASP  51,0.0,0.0,0.0,-0.0009999999999994458,0.0,0.0,4.980000000000004,0.0,0.0,-4.855999999999998,0.0,0.0,0.0,0.0,0.0,0.12300000000001887,0.0,0.0
LEU  52,R LEU  52,0.0,0.0,0.0,-0.0009999999999994458,0.0,0.0,-0.04999999999999716,0.0,0.0,0.04500000000000004,0.0,0.0,0.0,0.0,0.0,-0.005999999999996675,0.0,0.0
ASN  53,R ASN  53,0.0,0.0,0.0,-0.001000000000000334,0.0,0.0,0.006000000000000227,0.0,0.0,-0.01100000000000012,0.0,0.0,0.0,0.0,0.0,-0.006000000000014438,0.0,0.0
THR  54,R THR  54,0.0,0.0,0.0,-0.002000000000000668,0.0,0.0,-0.027000000000001023,0.0,0.0,0.028000000000000025,0.0,0.0,0.0,0.0,0.0,-0.0010000000000029985,0.0,0.0
MET  55,R MET  55,0.0,0.0,0.0,-0.005000000000000782,0.0,0.0,-0.05299999999999727,0.0,0.0,0.05299999999999999,0.0,0.0,0.0,0.0,0.0,-0.004999999999992788,0.0,0.0
LEU  56,R LEU  56,0.0,0.0,0.0,-0.0039999999999995595,0.0,0.0,-0.03999999999999204,0.0,0.0,0.03500000000000003,0.0,0.0,0.0,0.0,0.0,-0.008999999999989683,0.0,0.0
ASN  57,R ASN  57,0.0,0.0,0.0,-0.004000000000000448,0.0,0.0,-0.005000000000009663,0.0,0.0,0.0030000000000001137,0.0,0.0,0.0,0.0,0.0,-0.006000000000014438,0.0,0.0
THR  58,R THR  58,0.0,0.0,0.0,-0.01499999999999968,0.0,0.0,-0.3359999999999985,0.0,0.0,0.3320000000000003,0.0,0.0,0.0,0.0,0.0,-0.01899999999999835,0.0,0.0
VAL  59,R VAL  59,0.0,0.0,0.0,-0.013000000000000789,0.0,0.0,-0.015999999999998238,0.0,0.0,0.009999999999999981,0.0,0.0,0.0,0.0,0.0,-0.0189999999999948,0.0,0.0
ALA  60,R ALA  60,0.0,0.0,0.0,-0.006000000000000227,0.0,0.0,0.1039999999999992,0.0,0.0,-0.10599999999999987,0.0,0.0,0.0,0.0,0.0,-0.008000000000002672,0.0,0.0
PRO  61,R PRO  61,0.0,0.0,0.0,-0.02400000000000002,0.0,0.0,0.125,0.0,0.0,-0.128,0.0,0.0,0.0,0.0,0.0,-0.027000000000001023,0.0,0.0
HID  62,R HID  62,0.0,0.0,0.0,-0.07600000000000051,0.0,0.0,-0.5829999999999984,0.0,0.0,0.5730000000000004,0.0,0.0,0.0,0.0,0.0,-0.08599999999999142,0.0,0.0
GLN  63,R GLN  63,0.0,0.0,0.0,-0.0129999999999999,0.0,0.0,0.23099999999999454,0.0,0.0,-0.22100000000000009,0.0,0.0,0.0,0.0,0.0,-0.0030000000000001137,0.0,0.0
ALA  64,R ALA  64,0.0,0.0,0.0,-0.005999999999999339,0.0,0.0,-0.10099999999999909,0.0,0.0,0.10899999999999999,0.0,0.0,0.0,0.0,0.0,0.0020000000000024443,0.0,0.0
ALA  65,R ALA  65,0.0,0.0,0.0,-0.008000000000000007,0.0,0.0,-0.015000000000000568,0.0,0.0,0.025000000000000355,0.0,0.0,0.0,0.0,0.0,0.0019999999999900098,0.0,0.0
ALA  66,R ALA  66,0.0,0.0,0.0,-0.004000000000000448,0.0,0.0,0.045000000000001705,0.0,0.0,-0.040999999999999925,0.0,0.0,0.0,0.0,0.0,-3.1086244689504383e-15,0.0,0.0
GLN  67,R GLN  67,0.0,0.0,0.0,-0.0030000000000001137,0.0,0.0,-0.013999999999995794,0.0,0.0,0.018000000000000682,0.0,0.0,0.0,0.0,0.0,0.0010000000000047748,0.0,0.0
MET  68,R MET  68,0.0,0.0,0.0,-0.0039999999999995595,0.0,0.0,-0.26200000000000045,0.0,0.0,0.262,0.0,0.0,0.0,0.0,0.0,-0.004000000000006665,0.0,0.0
LEU  69,R LEU  69,0.0,0.0,0.0,-0.005000000000000782,0.0,0.0,0.045000000000001705,0.0,0.0,-0.0389999999999997,0.0,0.0,0.0,0.0,0.0,0.0010000000000065512,0.0,0.0
LYS  70,R LYS  70,0.0,0.0,0.0,-0.002000000000000668,0.0,0.0,-5.028999999999996,0.0,0.0,4.952000000000002,0.0,0.0,0.0,0.0,0.0,-0.07899999999998997,0.0,0.0
GLU  71,R GLU  71,0.0,0.0,0.0,-0.0009999999999994458,0.0,0.0,5.635999999999996,0.0,0.0,-5.555999999999997,0.0,0.0,0.0,0.0,0.0,0.07899999999999352,0.0,0.0
THR  72,R THR  72,0.0,0.0,0.0,-0.001000000000000334,0.0,0.0,0.046999999999997044,0.0,0.0,-0.04499999999999993,0.0,0.0,0.0,0.0,0.0,0.0009999999999976694,0.0,0.0
ILE  73,R ILE  73,0.0,0.0,0.0,-0.0009999999999994458,0.0,0.0,0.011000000000002785,0.0,0.0,-0.009000000000000119,0.0,0.0,0.0,0.0,0.0,0.0010000000000047748,0.0,0.0
ASN  74,R ASN  74,0.0,0.0,0.0,0.0,0.0,0.0,-0.11400000000000432,0.0,0.0,0.11799999999999944,0.0,0.0,0.0,0.0,0.0,0.0040000000000048885,0.0,0.0
GLU  75,R GLU  75,0.0,0.0,0.0,-0.001000000000000334,0.0,0.0,5.865000000000002,0.0,0.0,-5.772000000000006,0.0,0.0,0.0,0.0,0.0,0.09199999999999875,0.0,0.0
GLU  76,R GLU  76,0.0,0.0,0.0,-0.0009999999999994458,0.0,0.0,6.119,0.0,0.0,-5.9979999999999905,0.0,0.0,0.0,0.0,0.0,0.12000000000000455,0.0,0.0
ALA  77,R ALA  77,0.0,0.0,0.0,0.0,0.0,0.0,-0.045000000000001705,0.0,0.0,0.04700000000000004,0.0,0.0,0.0,0.0,0.0,0.0019999999999984475,0.0,0.0
ALA  78,R ALA  78,0.0,0.0,0.0,0.0,0.0,0.0,-0.060000000000002274,0.0,0.0,0.06099999999999994,0.0,0.0,0.0,0.0,0.0,0.0009999999999976694,0.0,0.0
GLU  79,R GLU  79,0.0,0.0,0.0,0.0,0.0,0.0,5.570999999999998,0.0,0.0,-5.462999999999994,0.0,0.0,0.0,0.0,0.0,0.10800000000000409,0.0,0.0
TRP  80,R TRP  80,0.0,0.0,0.0,0.0,0.0,0.0,-0.0030000000000001137,0.0,0.0,0.0020000000000000018,0.0,0.0,0.0,0.0,0.0,-0.0010000000000012221,0.0,0.0
ASP  81,R ASP  81,0.0,0.0,0.0,0.0,0.0,0.0,4.804999999999993,0.0,0.0,-4.695,0.0,0.0,0.0,0.0,0.0,0.10999999999999233,0.0,0.0
ARG  82,R ARG  82,0.0,0.0,0.0,0.0,0.0,0.0,-5.431999999999999,0.0,0.0,5.329999999999998,0.0,0.0,0.0,0.0,0.0,-0.10200000000003229,0.0,0.0
LEU  83,R LEU  83,0.0,0.0,0.0,-0.001000000000000334,0.0,0.0,-0.04099999999999682,0.0,0.0,0.039000000000000146,0.0,0.0,0.0,0.0,0.0,-0.0029999999999947846,0.0,0.0
HID  84,R HID  84,0.0,0.0,0.0,0.0,0.0,0.0,-0.006000000000000227,0.0,0.0,0.009000000000000341,0.0,0.0,0.0,0.0,0.0,0.0030000000000001137,0.0,0.0
PRO  85,R PRO  85,0.0,0.0,0.0,0.0,0.0,0.0,0.05100000000000193,0.0,0.0,-0.04800000000000004,0.0,0.0,0.0,0.0,0.0,0.0030000000000001137,0.0,0.0
VAL  86,R VAL  86,0.0,0.0,0.0,0.0,0.0,0.0,-0.003999999999997783,0.0,0.0,0.004999999999999893,0.0,0.0,0.0,0.0,0.0,0.0010000000000012221,0.0,0.0
HID  87,R HID  87,0.0,0.0,0.0,0.0,0.0,0.0,-0.056999999999995055,0.0,0.0,0.05400000000000027,0.0,0.0,0.0,0.0,0.0,-0.002999999999996561,0.0,0.0
ALA  88,R ALA  88,0.0,0.0,0.0,0.0,0.0,0.0,-0.027000000000001023,0.0,0.0,0.027000000000000135,0.0,0.0,0.0,0.0,0.0,0.0,0.0,0.0
GLY  89,R GLY  89,0.0,0.0,0.0,0.0,0.0,0.0,0.012000000000000455,0.0,0.0,-0.01200000000000001,0.0,0.0,0.0,0.0,0.0,0.0,0.0,0.0
PRO  90,R PRO  90,0.0,0.0,0.0,0.0,0.0,0.0,-0.021999999999998465,0.0,0.0,0.021000000000000796,0.0,0.0,0.0,0.0,0.0,-0.0009999999999976694,0.0,0.0
ILE  91,R ILE  91,0.0,0.0,0.0,0.0,0.0,0.0,-0.012000000000000455,0.0,0.0,0.010999999999999233,0.0,0.0,0.0,0.0,0.0,-0.0010000000000012221,0.0,0.0
ALA  92,R ALA  92,0.0,0.0,0.0,0.0,0.0,0.0,0.0309999999999917,0.0,0.0,-0.028000000000000025,0.0,0.0,0.0,0.0,0.0,0.0029999999999894555,0.0,0.0
PRO  93,R PRO  93,0.0,0.0,0.0,0.0,0.0,0.0,-0.021999999999998465,0.0,0.0,0.021000000000000796,0.0,0.0,0.0,0.0,0.0,-0.0009999999999976694,0.0,0.0
GLY  94,R GLY  94,0.0,0.0,0.0,0.0,0.0,0.0,-0.0010000000000047748,0.0,0.0,0.0019999999999997797,0.0,0.0,0.0,0.0,0.0,0.0009999999999950049,0.0,0.0
GLN  95,R GLN  95,0.0,0.0,0.0,0.0,0.0,0.0,-0.031999999999996476,0.0,0.0,0.02800000000000047,0.0,0.0,0.0,0.0,0.0,-0.003999999999997783,0.0,0.0
MET  96,R MET  96,0.0,0.0,0.0,0.0,0.0,0.0,-0.012000000000000455,0.0,0.0,0.011999999999999567,0.0,0.0,0.0,0.0,0.0,0.0,0.0,0.0
ARG  97,R ARG  97,0.0,0.0,0.0,-0.001000000000000334,0.0,0.0,-4.519999999999998,0.0,0.0,4.419999999999998,0.0,0.0,0.0,0.0,0.0,-0.10099999999999909,0.0,0.0
GLU  98,R GLU  98,0.0,0.0,0.0,0.0,0.0,0.0,4.462000000000003,0.0,0.0,-4.353999999999999,0.0,0.0,0.0,0.0,0.0,0.10800000000000409,0.0,0.0
PRO  99,R PRO  99,0.0,0.0,0.0,0.0,0.0,0.0,-0.007000000000005002,0.0,0.0,0.008000000000000007,0.0,0.0,0.0,0.0,0.0,0.0009999999999941167,0.0,0.0
ARG 100,R ARG 100,0.0,0.0,0.0,0.0,0.0,0.0,-4.622999999999999,0.0,0.0,4.524999999999999,0.0,0.0,0.0,0.0,0.0,-0.09799999999998477,0.0,0.0
GLY 101,R GLY 101,0.0,0.0,0.0,0.0,0.0,0.0,0.021000000000000796,0.0,0.0,-0.019000000000000128,0.0,0.0,0.0,0.0,0.0,0.002000000000000668,0.0,0.0
SER 102,R SER 102,0.0,0.0,0.0,-0.001000000000000334,0.0,0.0,0.03100000000000591,0.0,0.0,-0.028999999999999915,0.0,0.0,0.0,0.0,0.0,0.0010000000000012221,0.0,0.0
ASP 103,R ASP 103,0.0,0.0,0.0,-0.001000000000000334,0.0,0.0,4.706999999999994,0.0,0.0,-4.591000000000001,0.0,0.0,0.0,0.0,0.0,0.11499999999998778,0.0,0.0
ILE 104,R ILE 104,0.0,0.0,0.0,0.0,0.0,0.0,-0.009000000000000341,0.0,0.0,0.008999999999999897,0.0,0.0,0.0,0.0,0.0,-8.881784197001252e-16,0.0,0.0
ALA 105,R ALA 105,0.0,0.0,0.0,0.0,0.0,0.0,-0.009000000000000341,0.0,0.0,0.010000000000000009,0.0,0.0,0.0,0.0,0.0,0.0009999999999996678,0.0,0.0
GLY 106,R GLY 106,0.0,0.0,0.0,0.0,0.0,0.0,-0.012000000000000455,0.0,0.0,0.01200000000000001,0.0,0.0,0.0,0.0,0.0,-8.881784197001252e-16,0.0,0.0
THR 107,R THR 107,0.0,0.0,0.0,-0.001000000000000334,0.0,0.0,-0.029000000000003467,0.0,0.0,0.02800000000000047,0.0,0.0,0.0,0.0,0.0,-0.0020000000000024443,0.0,0.0
THR 108,R THR 108,0.0,0.0,0.0,0.0,0.0,0.0,-0.008000000000002672,0.0,0.0,0.006000000000000005,0.0,0.0,0.0,0.0,0.0,-0.0020000000000024443,0.0,0.0
SER 109,R SER 109,0.0,0.0,0.0,0.0,0.0,0.0,0.012000000000000455,0.0,0.0,-0.009000000000000119,0.0,0.0,0.0,0.0,0.0,0.0030000000000001137,0.0,0.0
THR 110,R THR 110,0.0,0.0,0.0,0.0,0.0,0.0,0.0009999999999976694,0.0,0.0,-0.0009999999999998899,0.0,0.0,0.0,0.0,0.0,-3.552713678800501e-15,0.0,0.0
LEU 111,R LEU 111,0.0,0.0,0.0,0.0,0.0,0.0,-0.0030000000000001137,0.0,0.0,0.0030000000000001137,0.0,0.0,0.0,0.0,0.0,0.0,0.0,0.0
GLN 112,R GLN 112,0.0,0.0,0.0,0.0,0.0,0.0,0.04000000000000625,0.0,0.0,-0.03599999999999959,0.0,0.0,0.0,0.0,0.0,0.0040000000000048885,0.0,0.0
GLU 113,R GLU 113,0.0,0.0,0.0,0.0,0.0,0.0,4.567999999999998,0.0,0.0,-4.455999999999996,0.0,0.0,0.0,0.0,0.0,0.11200000000000188,0.0,0.0
GLN 114,R GLN 114,0.0,0.0,0.0,0.0,0.0,0.0,0.023000000000010346,0.0,0.0,-0.02200000000000002,0.0,0.0,0.0,0.0,0.0,0.0010000000000118803,0.0,0.0
ILE 115,R ILE 115,0.0,0.0,0.0,0.0,0.0,0.0,0.0010000000000047748,0.0,0.0,-0.001000000000000112,0.0,0.0,0.0,0.0,0.0,4.440892098500626e-15,0.0,0.0
GLY 116,R GLY 116,0.0,0.0,0.0,0.0,0.0,0.0,-0.0030000000000001137,0.0,0.0,0.0050000000000001155,0.0,0.0,0.0,0.0,0.0,0.0020000000000000018,0.0,0.0
TRP 117,R TRP 117,0.0,0.0,0.0,0.0,0.0,0.0,0.015000000000000568,0.0,0.0,-0.013000000000000123,0.0,0.0,0.0,0.0,0.0,0.002000000000000668,0.0,0.0
MET 118,R MET 118,0.0,0.0,0.0,-0.0009999999999994458,0.0,0.0,0.001999999999995339,0.0,0.0,-0.0019999999999997797,0.0,0.0,0.0,0.0,0.0,-0.0010000000000092157,0.0,0.0
THR 119,R THR 119,0.0,0.0,0.0,0.0,0.0,0.0,-0.02300000000000324,0.0,0.0,0.023000000000000576,0.0,0.0,0.0,0.0,0.0,-3.552713678800501e-15,0.0,0.0
HID 120,R HID 120,0.0,0.0,0.0,0.0,0.0,0.0,0.036999999999999034,0.0,0.0,-0.03599999999999959,0.0,0.0,0.0,0.0,0.0,0.0009999999999976694,0.0,0.0
ASN 121,R ASN 121,0.0,0.0,0.0,0.0,0.0,0.0,0.015000000000000568,0.0,0.0,-0.015000000000000568,0.0,0.0,0.0,0.0,0.0,0.0,0.0,0.0
PRO 122,R PRO 122,0.0,0.0,0.0,0.0,0.0,0.0,-0.02499999999999858,0.0,0.0,0.02699999999999969,0.0,0.0,0.0,0.0,0.0,0.0020000000000024443,0.0,0.0
PRO 123,R PRO 123,0.0,0.0,0.0,0.0,0.0,0.0,0.012000000000000455,0.0,0.0,-0.010000000000000231,0.0,0.0,0.0,0.0,0.0,0.002000000000000668,0.0,0.0
ILE 124,R ILE 124,0.0,0.0,0.0,-0.0009999999999994458,0.0,0.0,-0.015000000000000568,0.0,0.0,0.015000000000000013,0.0,0.0,0.0,0.0,0.0,-0.000999999999990564,0.0,0.0
PRO 125,R PRO 125,0.0,0.0,0.0,0.0,0.0,0.0,0.021000000000000796,0.0,0.0,-0.021999999999999964,0.0,0.0,0.0,0.0,0.0,-0.0009999999999976694,0.0,0.0
VAL 126,R VAL 126,0.0,0.0,0.0,-0.0009999999999994458,0.0,0.0,0.04099999999999682,0.0,0.0,-0.04100000000000001,0.0,0.0,0.0,0.0,0.0,-0.0010000000000012221,0.0,0.0
GLY 127,R GLY 127,0.0,0.0,0.0,0.0,0.0,0.0,0.024999999999991473,0.0,0.0,-0.029000000000000012,0.0,0.0,0.0,0.0,0.0,-0.004000000000008441,0.0,0.0
GLU 128,R GLU 128,0.0,0.0,0.0,0.0,0.0,0.0,5.478000000000009,0.0,0.0,-5.341999999999999,0.0,0.0,0.0,0.0,0.0,0.1360000000000099,0.0,0.0
ILE 129,R ILE 129,0.0,0.0,0.0,-0.0009999999999994458,0.0,0.0,0.07900000000000063,0.0,0.0,-0.07999999999999999,0.0,0.0,0.0,0.0,0.0,-0.0020000000000042206,0.0,0.0
TYR 130,R TYR 130,0.0,0.0,0.0,-0.0010000000000012221,0.0,0.0,0.08199999999999363,0.0,0.0,-0.08499999999999999,0.0,0.0,0.0,0.0,0.0,-0.004000000000010218,0.0,0.0
LYS 131,R LYS 131,0.0,0.0,0.0,-0.002000000000000668,0.0,0.0,-5.334000000000003,0.0,0.0,5.204000000000001,0.0,0.0,0.0,0.0,0.0,-0.1320000000000121,0.0,0.0
ARG 132,R ARG 132,0.0,0.0,0.0,-0.0009999999999994458,0.0,0.0,-5.634999999999998,0.0,0.0,5.504,0.0,0.0,0.0,0.0,0.0,-0.13199999999997658,0.0,0.0
TRP 133,R TRP 133,0.0,0.0,0.0,-0.0010000000000012221,0.0,0.0,0.09299999999998931,0.0,0.0,-0.09699999999999998,0.0,0.0,0.0,0.0,0.0,-0.0050000000000149925,0.0,0.0
ILE 134,R ILE 134,0.0,0.0,0.0,-0.002000000000000668,0.0,0.0,0.14499999999999602,0.0,0.0,-0.14899999999999997,0.0,0.0,0.0,0.0,0.0,-0.005999999999999339,0.0,0.0
ILE 135,R ILE 135,0.0,0.0,0.0,-0.0039999999999995595,0.0,0.0,0.18099999999999739,0.0,0.0,-0.18499999999999994,0.0,0.0,0.0,0.0,0.0,-0.008000000000008,0.0,0.0
LEU 136,R LEU 136,0.0,0.0,0.0,-0.0029999999999983373,0.0,0.0,0.23000000000000398,0.0,0.0,-0.2310000000000001,0.0,0.0,0.0,0.0,0.0,-0.003999999999997783,0.0,0.0
GLY 137,R GLY 137,0.0,0.0,0.0,-0.0030000000000001137,0.0,0.0,0.2609999999999957,0.0,0.0,-0.2590000000000001,0.0,0.0,0.0,0.0,0.0,-0.0010000000000047748,0.0,0.0
LEU 138,R LEU 138,0.0,0.0,0.0,-0.012000000000000455,0.0,0.0,0.4069999999999965,0.0,0.0,-0.403,0.0,0.0,0.0,0.0,0.0,-0.008000000000002672,0.0,0.0
ASN 139,R ASN 139,0.0,0.0,0.0,-0.006999999999999673,0.0,0.0,0.6299999999999955,0.0,0.0,-0.6150000000000002,0.0,0.0,0.0,0.0,0.0,0.007999999999981355,0.0,0.0
LYS 140,R LYS 140,0.0,0.0,0.0,-0.005000000000000782,0.0,0.0,-7.073999999999984,0.0,0.0,6.9719999999999995,0.0,0.0,0.0,0.0,0.0,-0.10699999999999399,0.0,0.0
ILE 141,R ILE 141,0.0,0.0,0.0,-0.019000000000000128,0.0,0.0,0.644999999999996,0.0,0.0,-0.613,0.0,0.0,0.0,0.0,0.0,0.01299999999999013,0.0,0.0
VAL 142,R VAL 142,0.0,0.0,0.0,-0.041999999999999815,0.0,0.0,0.8539999999999992,0.0,0.0,-0.8090000000000002,0.0,0.0,0.0,0.0,0.0,0.002999999999997449,0.0,0.0
ARG 143,R ARG 143,0.0,0.0,0.0,-0.014000000000000234,0.0,0.0,-10.927,0.0,0.0,10.741,0.0,0.0,0.0,0.0,0.0,-0.20000000000001705,0.0,0.0
MET 144,R MET 144,0.0,0.0,0.0,-0.01100000000000012,0.0,0.0,0.6140000000000043,0.0,0.0,-0.5990000000000002,0.0,0.0,0.0,0.0,0.0,0.00399999999999423,0.0,0.0
TYR 145,R TYR 145,0.0,0.0,0.0,-0.04100000000000037,0.0,0.0,-0.06099999999999284,0.0,0.0,0.08399999999999963,0.0,0.0,0.0,0.0,0.0,-0.017999999999990024,0.0,0.0
SER 146,R SER 146,0.0,0.0,0.0,-0.13900000000000023,0.0,0.0,-1.5120000000000005,0.0,0.0,1.3649999999999993,0.0,0.0,0.0,0.0,0.0,-0.28600000000001025,0.0,0.0
PRO 147,R PRO 147,0.0,0.0,0.0,-1.9240000000000004,0.0,0.0,1.774000000000008,0.0,0.0,-1.8420000000000005,0.0,0.0,0.0,0.0,0.0,-1.9919999999999831,0.0,0.0
THR 148,R THR 148,0.0,0.0,0.0,-1.915,0.0,0.0,1.1580000000000013,0.0,0.0,2.2560000000000002,0.0,0.0,0.0,0.0,0.0,1.4990000000000023,0.0,0.0
SER 149,R SER 149,0.0,0.0,0.0,-2.651,0.0,0.0,-9.531000000000006,0.0,0.0,7.608999999999999,0.0,0.0,0.0,0.0,0.0,-4.573000000000003,0.0,0.0
ILE 150,R ILE 150,17.186,0.0,0.0,-8.242,0.0,0.0,-28.886,0.0,0.0,7.233,0.0,0.0,0.0,0.0,0.0,-12.709000000000003,0.0,0.0
LEU 151,L LEU   1,18.86,0.0,0.0,-1.5929999999999995,0.0,0.0,-25.252000000000002,0.0,0.0,2.359,0.0,0.0,0.0,0.0,0.0,-5.626000000000007,0.0,0.0
ASP 152,L ASP   2,0.0,0.0,0.0,-1.7069999999999999,0.0,0.0,5.942000000000007,0.0,0.0,-5.6839999999999975,0.0,0.0,0.0,0.0,0.0,-1.4489999999999839,0.0,0.0
ILE 153,L ILE   3,0.0,0.0,0.0,-1.931,0.0,0.0,-2.0120000000000005,0.0,0.0,0.728,0.0,0.0,0.0,0.0,0.0,-3.2149999999999963,0.0,0.0
ARG 154,L ARG   4,0.0,0.0,0.0,-0.14900000000000002,0.0,0.0,-10.793,0.0,0.0,10.731000000000002,0.0,0.0,0.0,0.0,0.0,-0.2109999999999843,0.0,0.0
GLN 155,L GLN   5,0.0,0.0,0.0,-0.030999999999998806,0.0,0.0,-0.12000000000000455,0.0,0.0,0.1339999999999999,0.0,0.0,0.0,0.0,0.0,-0.016999999999995907,0.0,0.0
GLY 156,L GLY   6,0.0,0.0,0.0,-0.008000000000000007,0.0,0.0,-0.012000000000000455,0.0,0.0,0.019000000000000128,0.0,0.0,0.0,0.0,0.0,-0.000999999999995893,0.0,0.0
PRO 157,L PRO   7,0.0,0.0,0.0,-0.0050000000000003375,0.0,0.0,-0.09199999999999875,0.0,0.0,0.0909999999999993,0.0,0.0,0.0,0.0,0.0,-0.005999999999993122,0.0,0.0
LYS 158,L LYS   8,0.0,0.0,0.0,-0.005999999999999783,0.0,0.0,-8.201000000000008,0.0,0.0,8.160000000000004,0.0,0.0,0.0,0.0,0.0,-0.04700000000000415,0.0,0.0
GLU 159,L GLU   9,0.0,0.0,0.0,-0.019999999999999574,0.0,0.0,13.575000000000003,0.0,0.0,-13.427999999999997,0.0,0.0,0.0,0.0,0.0,0.12700000000000955,0.0,0.0
PRO 160,L PRO  10,0.0,0.0,0.0,-0.008000000000000007,0.0,0.0,0.5320000000000036,0.0,0.0,-0.5140000000000002,0.0,0.0,0.0,0.0,0.0,0.009999999999992681,0.0,0.0
PHE 161,L PHE  11,0.0,0.0,0.0,-0.014999999999998792,0.0,0.0,0.5949999999999989,0.0,0.0,-0.5779999999999998,0.0,0.0,0.0,0.0,0.0,0.0019999999999988916,0.0,0.0
ARG 162,L ARG  12,0.0,0.0,0.0,-0.011999999999999567,0.0,0.0,-8.030000000000001,0.0,0.0,7.994,0.0,0.0,0.0,0.0,0.0,-0.04800000000000182,0.0,0.0
ASP 163,L ASP  13,0.0,0.0,0.0,-0.02600000000000069,0.0,0.0,15.229,0.0,0.0,-15.108999999999995,0.0,0.0,0.0,0.0,0.0,0.0940000000000083,0.0,0.0
TYR 164,L TYR  14,0.0,0.0,0.0,-0.20500000000000007,0.0,0.0,0.585000000000008,0.0,0.0,-0.508,0.0,0.0,0.0,0.0,0.0,-0.12799999999999123,0.0,0.0
VAL 165,L VAL  15,0.0,0.0,0.0,-0.04499999999999993,0.0,0.0,0.5329999999999941,0.0,0.0,-0.5420000000000003,0.0,0.0,0.0,0.0,0.0,-0.054000000000008264,0.0,0.0
ASP 166,L ASP  16,0.0,0.0,0.0,-0.13900000000000023,0.0,0.0,17.635000000000005,0.0,0.0,-17.717,0.0,0.0,0.0,0.0,0.0,-0.22100000000000364,0.0,0.0
ARG 167,L ARG  17,0.0,0.0,0.0,-0.31700000000000017,0.0,0.0,-15.703,0.0,0.0,15.529,0.0,0.0,0.0,0.0,0.0,-0.49100000000001387,0.0,0.0
PHE 168,L PHE  18,0.0,0.0,0.0,-1.311,0.0,0.0,0.10300000000000864,0.0,0.0,0.05300000000000005,0.0,0.0,0.0,0.0,0.0,-1.1549999999999985,0.0,0.0
TYR 169,L TYR  19,0.0,0.0,0.0,-0.9420000000000002,0.0,0.0,-0.916000000000011,0.0,0.0,3.2539999999999996,0.0,0.0,0.0,0.0,0.0,1.3959999999999815,0.0,0.0
LYS 170,L LYS  20,0.0,0.0,0.0,-3.2910000000000004,0.0,0.0,-51.385000000000005,0.0,0.0,49.456,0.0,0.0,0.0,0.0,0.0,-5.219999999999988,0.0,0.0
THR 171,L THR  21,0.0,0.0,0.0,-1.955,0.0,0.0,0.08100000000000307,0.0,0.0,0.786,0.0,0.0,0.0,0.0,0.0,-1.0879999999999939,0.0,0.0
LEU 172,L LEU  22,0.0,0.0,0.0,-0.9870000000000001,0.0,0.0,-0.18600000000000705,0.0,0.0,0.29499999999999993,0.0,0.0,0.0,0.0,0.0,-0.8780000000000019,0.0,0.0
ARG 173,L ARG  23,0.0,0.0,0.0,-3.9990000000000006,0.0,0.0,-14.206999999999994,0.0,0.0,17.417,0.0,0.0,0.0,0.0,0.0,-0.7890000000000157,0.0,0.0
ALA 174,L ALA  24,0.0,0.0,0.0,-3.568,0.0,0.0,-0.8359999999999985,0.0,0.0,2.1939999999999995,0.0,0.0,0.0,0.0,0.0,-2.2099999999999964,0.0,0.0
GLU 175,L GLU  25,0.0,0.0,0.0,-1.947,0.0,0.0,11.338999999999999,0.0,0.0,-5.471999999999994,0.0,0.0,0.0,0.0,0.0,3.920000000000016,0.0,0.0
GLN 176,L GLN  26,0.0,0.0,0.0,-1.71,0.0,0.0,-1.4989999999999952,0.0,0.0,1.6950000000000003,0.0,0.0,0.0,0.0,0.0,-1.5139999999999958,0.0,0.0
ALA 177,L ALA  27,0.0,0.0,0.0,-0.09999999999999964,0.0,0.0,-0.07200000000000273,0.0,0.0,0.016000000000000014,0.0,0.0,0.0,0.0,0.0,-0.15600000000001124,0.0,0.0
SER 178,L SER  28,0.0,0.0,0.0,-0.028999999999999915,0.0,0.0,0.4210000000000065,0.0,0.0,-0.391,0.0,0.0,0.0,0.0,0.0,0.000999999999995893,0.0,0.0
GLN 179,L GLN  29,0.0,0.0,0.0,-0.022999999999999687,0.0,0.0,0.3610000000000042,0.0,0.0,-0.3560000000000003,0.0,0.0,0.0,0.0,0.0,-0.017999999999993577,0.0,0.0
GLU 180,L GLU  30,0.0,0.0,0.0,-0.012000000000000455,0.0,0.0,8.093000000000004,0.0,0.0,-8.028999999999996,0.0,0.0,0.0,0.0,0.0,0.05200000000000671,0.0,0.0
VAL 181,L VAL  31,0.0,0.0,0.0,-0.04899999999999949,0.0,0.0,0.044000000000004036,0.0,0.0,0.02300000000000002,0.0,0.0,0.0,0.0,0.0,0.018000000000004568,0.0,0.0
LYS 182,L LYS  32,0.0,0.0,0.0,-0.08199999999999896,0.0,0.0,-10.444000000000003,0.0,0.0,10.551,0.0,0.0,0.0,0.0,0.0,0.025000000000003908,0.0,0.0
ASN 183,L ASN  33,0.0,0.0,0.0,-0.016000000000000014,0.0,0.0,0.45999999999999375,0.0,0.0,-0.43100000000000094,0.0,0.0,0.0,0.0,0.0,0.012999999999976808,0.0,0.0
TRP 184,L TRP  34,0.0,0.0,0.0,-0.051000000000000156,0.0,0.0,0.2009999999999934,0.0,0.0,-0.17600000000000016,0.0,0.0,0.0,0.0,0.0,-0.02600000000001046,0.0,0.0
MET 185,L MET  35,0.0,0.0,0.0,-0.8770000000000007,0.0,0.0,0.34499999999999886,0.0,0.0,0.017999999999999988,0.0,0.0,0.0,0.0,0.0,-0.5140000000000109,0.0,0.0
THR 186,L THR  36,0.0,0.0,0.0,-0.03500000000000014,0.0,0.0,0.20000000000000284,0.0,0.0,-0.18599999999999994,0.0,0.0,0.0,0.0,0.0,-0.021000000000000796,0.0,0.0
GLU 187,L GLU  37,0.0,0.0,0.0,-0.009999999999999787,0.0,0.0,7.5760000000000005,0.0,0.0,-7.593999999999994,0.0,0.0,0.0,0.0,0.0,-0.027999999999998693,0.0,0.0
THR 188,L THR  38,0.0,0.0,0.0,-0.02800000000000047,0.0,0.0,0.11500000000000199,0.0,0.0,-0.099,0.0,0.0,0.0,0.0,0.0,-0.011999999999996902,0.0,0.0
LEU 189,L LEU  39,0.0,0.0,0.0,-1.295,0.0,0.0,0.21699999999999875,0.0,0.0,-0.19899999999999995,0.0,0.0,0.0,0.0,0.0,-1.2770000000000028,0.0,0.0
LEU 190,L LEU  40,0.0,0.0,0.0,-0.1070000000000011,0.0,0.0,0.277000000000001,0.0,0.0,-0.20799999999999996,0.0,0.0,0.0,0.0,0.0,-0.038000000000000256,0.0,0.0
VAL 191,L VAL  41,0.0,0.0,0.0,-0.017000000000000348,0.0,0.0,0.08100000000000307,0.0,0.0,-0.07799999999999996,0.0,0.0,0.0,0.0,0.0,-0.013999999999992241,0.0,0.0
GLN 192,L GLN  42,0.0,0.0,0.0,-0.038000000000000256,0.0,0.0,-0.38000000000000966,0.0,0.0,0.25599999999999934,0.0,0.0,0.0,0.0,0.0,-0.16200000000000614,0.0,0.0
ASN 193,L ASN  43,0.0,0.0,0.0,-0.47300000000000075,0.0,0.0,-2.522999999999996,0.0,0.0,0.2849999999999999,0.0,0.0,0.0,0.0,0.0,-2.7109999999999985,0.0,0.0
ALA 194,L ALA  44,0.0,0.0,0.0,-0.0129999999999999,0.0,0.0,-0.043000000000006366,0.0,0.0,0.014000000000000012,0.0,0.0,0.0,0.0,0.0,-0.04200000000001136,0.0,0.0
ASN 195,L ASN  45,0.0,0.0,0.0,-0.005000000000000782,0.0,0.0,-0.2289999999999992,0.0,0.0,0.23800000000000132,0.0,0.0,0.0,0.0,0.0,0.003999999999997783,0.0,0.0
PRO 196,L PRO  46,0.0,0.0,0.0,-0.0030000000000001137,0.0,0.0,-0.03100000000000591,0.0,0.0,0.03200000000000003,0.0,0.0,0.0,0.0,0.0,-0.002000000000005997,0.0,0.0
ASP 197,L ASP  47,0.0,0.0,0.0,-0.0009999999999998899,0.0,0.0,6.991999999999997,0.0,0.0,-6.974000000000004,0.0,0.0,0.0,0.0,0.0,0.016999999999995907,0.0,0.0
CYX 198,L CYX  48,0.0,0.0,0.0,-0.0030000000000001137,0.0,0.0,-0.13599999999999568,0.0,0.0,0.1280000000000001,0.0,0.0,0.0,0.0,0.0,-0.01099999999999568,0.0,0.0
LYS 199,L LYS  49,0.0,0.0,0.0,-0.004999999999999005,0.0,0.0,-8.963999999999999,0.0,0.0,8.927,0.0,0.0,0.0,0.0,0.0,-0.041999999999994486,0.0,0.0
THR 200,L THR  50,0.0,0.0,0.0,-0.001000000000000334,0.0,0.0,0.05700000000000216,0.0,0.0,-0.0600000000000005,0.0,0.0,0.0,0.0,0.0,-0.003999999999996007,0.0,0.0
ILE 201,L ILE  51,0.0,0.0,0.0,-0.0009999999999994458,0.0,0.0,-0.08899999999999864,0.0,0.0,0.08299999999999996,0.0,0.0,0.0,0.0,0.0,-0.007000000000005002,0.0,0.0
LEU 202,L LEU  52,0.0,0.0,0.0,-0.004999999999999005,0.0,0.0,-0.13800000000000523,0.0,0.0,0.12700000000000022,0.0,0.0,0.0,0.0,0.0,-0.016000000000000014,0.0,0.0
LYS 203,L LYS  53,0.0,0.0,0.0,-0.0019999999999997797,0.0,0.0,-6.832999999999998,0.0,0.0,6.841000000000001,0.0,0.0,0.0,0.0,0.0,0.005999999999993122,0.0,0.0
ALA 204,L ALA  54,0.0,0.0,0.0,-0.001000000000000334,0.0,0.0,-0.07600000000000762,0.0,0.0,0.07399999999999984,0.0,0.0,0.0,0.0,0.0,-0.003000000000012548,0.0,0.0
LEU 205,L LEU  55,0.0,0.0,0.0,-0.0010000000000012221,0.0,0.0,-0.13400000000000034,0.0,0.0,0.12899999999999956,0.0,0.0,0.0,0.0,0.0,-0.0060000000000055564,0.0,0.0
GLY 206,L GLY  56,0.0,0.0,0.0,-0.001000000000000334,0.0,0.0,0.08100000000000307,0.0,0.0,-0.08400000000000052,0.0,0.0,0.0,0.0,0.0,-0.004000000000001336,0.0,0.0
PRO 207,L PRO  57,0.0,0.0,0.0,-0.0009999999999998899,0.0,0.0,-0.10400000000000631,0.0,0.0,0.09799999999999986,0.0,0.0,0.0,0.0,0.0,-0.007000000000012108,0.0,0.0
GLY 208,L GLY  58,0.0,0.0,0.0,-0.002000000000000224,0.0,0.0,-0.11200000000000898,0.0,0.0,0.10799999999999965,0.0,0.0,0.0,0.0,0.0,-0.006000000000004668,0.0,0.0
ALA 209,L ALA  59,0.0,0.0,0.0,-0.0029999999999992255,0.0,0.0,0.15000000000000568,0.0,0.0,-0.1469999999999999,0.0,0.0,0.0,0.0,0.0,5.329070518200751e-15,0.0,0.0
THR 210,L THR  60,0.0,0.0,0.0,-0.004999999999999893,0.0,0.0,-0.04200000000000159,0.0,0.0,0.05400000000000005,0.0,0.0,0.0,0.0,0.0,0.007000000000003226,0.0,0.0
LEU 211,L LEU  61,0.0,0.0,0.0,-0.0259999999999998,0.0,0.0,-0.16100000000000136,0.0,0.0,0.1679999999999997,0.0,0.0,0.0,0.0,0.0,-0.019000000000005457,0.0,0.0
GLU 212,L GLU  62,0.0,0.0,0.0,-0.008000000000000007,0.0,0.0,6.6030000000000015,0.0,0.0,-6.6440000000000055,0.0,0.0,0.0,0.0,0.0,-0.0490000000000137,0.0,0.0
GLU 213,L GLU  63,0.0,0.0,0.0,-0.004000000000000448,0.0,0.0,6.612000000000002,0.0,0.0,-6.664999999999992,0.0,0.0,0.0,0.0,0.0,-0.056999999999995055,0.0,0.0
MET 214,L MET  64,0.0,0.0,0.0,-0.006999999999999673,0.0,0.0,-0.15100000000001046,0.0,0.0,0.15799999999999992,0.0,0.0,0.0,0.0,0.0,-1.5987211554602254e-14,0.0,0.0
MET 215,L MET  65,0.0,0.0,0.0,-0.009999999999999787,0.0,0.0,0.12100000000000932,0.0,0.0,-0.11299999999999999,0.0,0.0,0.0,0.0,0.0,-0.001999999999995339,0.0,0.0
THR 216,L THR  66,0.0,0.0,0.0,-0.0019999999999997797,0.0,0.0,-0.13800000000000523,0.0,0.0,0.14200000000000013,0.0,0.0,0.0,0.0,0.0,0.0019999999999988916,0.0,0.0
ALA 217,L ALA  67,0.0,0.0,0.0,-0.001000000000000334,0.0,0.0,-0.14799999999999613,0.0,0.0,0.14500000000000002,0.0,0.0,0.0,0.0,0.0,-0.004000000000000448,0.0,0.0
CYX 218,L CYX  68,0.0,0.0,0.0,-0.0030000000000001137,0.0,0.0,0.13100000000000023,0.0,0.0,-0.13099999999999998,0.0,0.0,0.0,0.0,0.0,-0.0030000000000001137,0.0,0.0
GLN 219,L GLN  69,0.0,0.0,0.0,-0.0019999999999997797,0.0,0.0,0.006000000000000227,0.0,0.0,0.0,0.0,0.0,0.0,0.0,0.0,0.0040000000000048885,0.0,0.0
GLY 220,L GLY  70,0.0,0.0,0.0,-0.0009999999999998899,0.0,0.0,-0.17600000000000193,0.0,0.0,0.17300000000000004,0.0,0.0,0.0,0.0,0.0,-0.003999999999992454,0.0,0.0
VAL 221,L VAL  71,0.0,0.0,0.0,-0.001000000000000112,0.0,0.0,6.484000000000002,0.0,0.0,-6.457000000000008,0.0,0.0,0.0,0.0,0.0,0.025999999999982037,0.0,0.0

