| Run on Thu Jan 29 17:46:44 2026
| GB non-polar solvation energies calculated with gbsa=2
idecomp = 1: Per-residue decomp adding 1-4 interactions to Internal.
Energy Decomposition Analysis (All units kcal/mol): Generalized Born solvent
Complex:
Total Energy Decomposition:
Residue,Internal,,,van der Waals,,,Electrostatic,,,Polar Solvation,,,Non-Polar Solv.,,,TOTAL,,
,Avg.,Std. Dev.,Std. Err. of Mean,Avg.,Std. Dev.,Std. Err. of Mean,Avg.,Std. Dev.,Std. Err. of Mean,Avg.,Std. Dev.,Std. Err. of Mean,Avg.,Std. Dev.,Std. Err. of Mean,Avg.,Std. Dev.,Std. Err. of Mean
PRO   1,102.613,0.0,0.0,-5.31,0.0,0.0,-105.33,0.0,0.0,5.621,0.0,0.0,0.20433942000000002,0.0,0.0,-2.2016605800000004,0.0,0.0
ILE   2,97.25,0.0,0.0,-8.471,0.0,0.0,-72.097,0.0,0.0,-4.237,0.0,0.0,0.29995364,0.0,0.0,12.744953640000002,0.0,0.0
VAL   3,56.402,0.0,0.0,-5.266,0.0,0.0,-51.725,0.0,0.0,-1.766,0.0,0.0,0.42196326,0.0,0.0,-1.9330367399999986,0.0,0.0
GLN   4,23.965,0.0,0.0,-5.941,0.0,0.0,-58.233,0.0,0.0,-17.459,0.0,0.0,0.7754556600000001,0.0,0.0,-56.89254433999999,0.0,0.0
ASN   5,38.865,0.0,0.0,-5.221,0.0,0.0,-87.218,0.0,0.0,-13.236,0.0,0.0,0.42444020000000005,0.0,0.0,-66.3855598,0.0,0.0
LEU   6,68.666,0.0,0.0,-2.268,0.0,0.0,-65.258,0.0,0.0,-7.767,0.0,0.0,1.05762628,0.0,0.0,-5.56937372,0.0,0.0
GLN   7,35.063,0.0,0.0,-3.3,0.0,0.0,-73.692,0.0,0.0,-17.43,0.0,0.0,0.8828529600000001,0.0,0.0,-58.47614703999999,0.0,0.0
GLY   8,78.777,0.0,0.0,-3.462,0.0,0.0,-75.558,0.0,0.0,-3.365,0.0,0.0,0.23744478,0.0,0.0,-3.3705552200000093,0.0,0.0
GLN   9,33.467,0.0,0.0,-3.788,0.0,0.0,-76.377,0.0,0.0,-10.797,0.0,0.0,0.7248762200000001,0.0,0.0,-56.77012377999999,0.0,0.0
MET  10,102.351,0.0,0.0,-9.65,0.0,0.0,-78.304,0.0,0.0,-6.2,0.0,0.0,0.27521134,0.0,0.0,8.472211339999992,0.0,0.0
VAL  11,51.889,0.0,0.0,-5.263,0.0,0.0,-55.035,0.0,0.0,-2.21,0.0,0.0,0.37747048000000005,0.0,0.0,-10.241529519999993,0.0,0.0
HID  12,90.077,0.0,0.0,-11.054,0.0,0.0,-61.009,0.0,0.0,-8.791,0.0,0.0,0.25213840000000004,0.0,0.0,9.475138399999995,0.0,0.0
GLN  13,37.167,0.0,0.0,-5.401,0.0,0.0,-71.416,0.0,0.0,-15.431,0.0,0.0,0.63471994,0.0,0.0,-54.44628005999999,0.0,0.0
ALA  14,96.794,0.0,0.0,-4.451,0.0,0.0,-84.491,0.0,0.0,-0.495,0.0,0.0,0.41486306000000006,0.0,0.0,7.771863060000004,0.0,0.0
ILE  15,95.537,0.0,0.0,-9.118,0.0,0.0,-74.699,0.0,0.0,-3.853,0.0,0.0,0.08041654000000001,0.0,0.0,7.947416540000013,0.0,0.0
SER  16,65.354,0.0,0.0,-4.978,0.0,0.0,-50.014,0.0,0.0,-6.769,0.0,0.0,0.27363412,0.0,0.0,3.8666341199999947,0.0,0.0
PRO  17,90.819,0.0,0.0,-4.985,0.0,0.0,-59.183,0.0,0.0,-3.893,0.0,0.0,0.65868718,0.0,0.0,23.416687180000004,0.0,0.0
ARG  18,-183.003,0.0,0.0,-5.345,0.0,0.0,57.889,0.0,0.0,-43.409,0.0,0.0,1.1303355800000001,0.0,0.0,-172.73766441999996,0.0,0.0
THR  19,45.447,0.0,0.0,-7.673,0.0,0.0,-57.163,0.0,0.0,-2.545,0.0,0.0,0.16365690000000002,0.0,0.0,-21.770343099999998,0.0,0.0
LEU  20,56.399,0.0,0.0,-10.055,0.0,0.0,-58.246,0.0,0.0,-3.017,0.0,0.0,0.2347131,0.0,0.0,-14.6842869,0.0,0.0
ASN  21,37.742,0.0,0.0,-6.929,0.0,0.0,-90.773,0.0,0.0,-9.927,0.0,0.0,0.45754014000000004,0.0,0.0,-69.42945986,0.0,0.0
ALA  22,93.26,0.0,0.0,-5.176,0.0,0.0,-82.578,0.0,0.0,-2.085,0.0,0.0,0.20205760000000003,0.0,0.0,3.6230576,0.0,0.0
TRP  23,134.598,0.0,0.0,-18.666,0.0,0.0,-95.497,0.0,0.0,-5.426,0.0,0.0,0.012119120000000002,0.0,0.0,15.021119120000016,0.0,0.0
VAL  24,68.314,0.0,0.0,-8.696,0.0,0.0,-52.875,0.0,0.0,-6.065,0.0,0.0,0.26262610000000003,0.0,0.0,0.9406260999999947,0.0,0.0
LYS  25,136.35,0.0,0.0,-7.485,0.0,0.0,-116.458,0.0,0.0,-20.256,0.0,0.0,0.6672833,0.0,0.0,-7.181716700000018,0.0,0.0
VAL  26,65.595,0.0,0.0,-8.903,0.0,0.0,-65.848,0.0,0.0,-2.655,0.0,0.0,0.046910099999999996,0.0,0.0,-11.764089899999998,0.0,0.0
VAL  27,47.013,0.0,0.0,-6.736,0.0,0.0,-42.514,0.0,0.0,-3.897,0.0,0.0,0.16967310000000002,0.0,0.0,-5.964326900000002,0.0,0.0
GLU  28,98.401,0.0,0.0,-5.597,0.0,0.0,-59.482,0.0,0.0,-80.569,0.0,0.0,0.6647250600000001,0.0,0.0,-46.58227494,0.0,0.0
GLU  29,110.892,0.0,0.0,-8.357,0.0,0.0,-105.714,0.0,0.0,-43.129,0.0,0.0,0.345525,0.0,0.0,-45.962475,0.0,0.0
LYS  30,114.717,0.0,0.0,-8.532,0.0,0.0,-139.747,0.0,0.0,9.156,0.0,0.0,0.12170068,0.0,0.0,-24.284299320000013,0.0,0.0
ALA  31,84.841,0.0,0.0,-4.691,0.0,0.0,-74.27,0.0,0.0,-6.562,0.0,0.0,0.25137960000000004,0.0,0.0,-0.4306204000000048,0.0,0.0
PHE  32,107.228,0.0,0.0,-8.806,0.0,0.0,-74.267,0.0,0.0,-8.483,0.0,0.0,0.45082476,0.0,0.0,16.12282476,0.0,0.0
SER  33,87.699,0.0,0.0,-6.709,0.0,0.0,-62.176,0.0,0.0,-2.072,0.0,0.0,0.01900794,0.0,0.0,16.761007939999995,0.0,0.0
PRO  34,77.831,0.0,0.0,-6.645,0.0,0.0,-58.525,0.0,0.0,-1.329,0.0,0.0,0.23926048,0.0,0.0,11.571260480000008,0.0,0.0
GLU  35,107.035,0.0,0.0,-5.499,0.0,0.0,-133.768,0.0,0.0,-22.401,0.0,0.0,0.24491354,0.0,0.0,-54.38808646,0.0,0.0
VAL  36,52.366,0.0,0.0,-10.255,0.0,0.0,-54.351,0.0,0.0,-0.084,0.0,0.0,0.03009726,0.0,0.0,-12.293902740000002,0.0,0.0
ILE  37,88.019,0.0,0.0,-9.8,0.0,0.0,-58.519,0.0,0.0,-0.326,0.0,0.0,0.15377082,0.0,0.0,19.527770820000008,0.0,0.0
PRO  38,80.208,0.0,0.0,-6.308,0.0,0.0,-57.848,0.0,0.0,-2.906,0.0,0.0,0.46799532000000005,0.0,0.0,13.613995320000006,0.0,0.0
MET  39,90.794,0.0,0.0,-10.697,0.0,0.0,-70.675,0.0,0.0,-2.8,0.0,0.0,0.38944868000000005,0.0,0.0,7.011448679999997,0.0,0.0
PHE  40,107.75,0.0,0.0,-14.825,0.0,0.0,-83.506,0.0,0.0,-1.489,0.0,0.0,0.00306772,0.0,0.0,7.933067719999997,0.0,0.0
SER  41,64.894,0.0,0.0,-7.387,0.0,0.0,-54.524,0.0,0.0,-3.645,0.0,0.0,0.1096737,0.0,0.0,-0.5523262999999959,0.0,0.0
ALA  42,84.287,0.0,0.0,-4.997,0.0,0.0,-67.395,0.0,0.0,-3.845,0.0,0.0,0.35083118,0.0,0.0,8.40083118000001,0.0,0.0
LEU  43,75.925,0.0,0.0,-9.408,0.0,0.0,-78.34,0.0,0.0,-1.752,0.0,0.0,0.24633900000000003,0.0,0.0,-13.328661000000007,0.0,0.0
SER  44,73.686,0.0,0.0,-6.522,0.0,0.0,-74.856,0.0,0.0,-0.446,0.0,0.0,0.01654726,0.0,0.0,-8.121452739999993,0.0,0.0
GLU  45,98.109,0.0,0.0,-3.828,0.0,0.0,-87.538,0.0,0.0,-60.297,0.0,0.0,0.6786653,0.0,0.0,-52.8753347,0.0,0.0
GLY  46,73.127,0.0,0.0,-4.016,0.0,0.0,-69.069,0.0,0.0,-0.201,0.0,0.0,0.08171734,0.0,0.0,-0.07728266000001263,0.0,0.0
ALA  47,100.083,0.0,0.0,-6.124,0.0,0.0,-85.918,0.0,0.0,-3.646,0.0,0.0,0.022417120000000002,0.0,0.0,4.417417119999997,0.0,0.0
THR  48,56.579,0.0,0.0,-10.602,0.0,0.0,-55.134,0.0,0.0,-1.799,0.0,0.0,0.0,0.0,0.0,-10.955999999999996,0.0,0.0
PRO  49,75.358,0.0,0.0,-10.425,0.0,0.0,-55.664,0.0,0.0,-1.235,0.0,0.0,0.0,0.0,0.0,8.034000000000006,0.0,0.0
GLN  50,33.431,0.0,0.0,-8.336,0.0,0.0,-71.316,0.0,0.0,-11.896,0.0,0.0,0.45369736,0.0,0.0,-57.663302640000005,0.0,0.0
ASP  51,90.649,0.0,0.0,-9.994,0.0,0.0,-122.314,0.0,0.0,-20.996,0.0,0.0,0.007701820000000001,0.0,0.0,-62.647298179999986,0.0,0.0
LEU  52,64.391,0.0,0.0,-14.053,0.0,0.0,-72.882,0.0,0.0,1.108,0.0,0.0,0.0,0.0,0.0,-21.435999999999996,0.0,0.0
ASN  53,36.725,0.0,0.0,-8.325,0.0,0.0,-105.44,0.0,0.0,-1.357,0.0,0.0,0.16201464000000002,0.0,0.0,-78.23498536,0.0,0.0
THR  54,53.816,0.0,0.0,-7.27,0.0,0.0,-65.405,0.0,0.0,-1.163,0.0,0.0,0.29911896000000004,0.0,0.0,-19.722881039999994,0.0,0.0
MET  55,83.214,0.0,0.0,-12.567,0.0,0.0,-67.183,0.0,0.0,-0.929,0.0,0.0,0.00725738,0.0,0.0,2.542257379999984,0.0,0.0
LEU  56,76.043,0.0,0.0,-10.704,0.0,0.0,-72.758,0.0,0.0,-0.357,0.0,0.0,0.05205368,0.0,0.0,-7.723946319999997,0.0,0.0
ASN  57,30.981,0.0,0.0,-6.626,0.0,0.0,-94.064,0.0,0.0,-7.597,0.0,0.0,0.51089462,0.0,0.0,-76.79510537999998,0.0,0.0
THR  58,57.401,0.0,0.0,-7.822,0.0,0.0,-63.421,0.0,0.0,-3.835,0.0,0.0,0.14207988,0.0,0.0,-17.53492012,0.0,0.0
VAL  59,43.545,0.0,0.0,-8.181,0.0,0.0,-43.085,0.0,0.0,-2.085,0.0,0.0,0.0034796400000000004,0.0,0.0,-9.802520359999997,0.0,0.0
ALA  60,88.475,0.0,0.0,-4.114,0.0,0.0,-62.772,0.0,0.0,-4.455,0.0,0.0,0.18840462000000002,0.0,0.0,17.322404619999993,0.0,0.0
PRO  61,78.214,0.0,0.0,-4.66,0.0,0.0,-54.813,0.0,0.0,-5.46,0.0,0.0,0.6297064400000001,0.0,0.0,13.910706439999998,0.0,0.0
HID  62,100.63,0.0,0.0,-6.822,0.0,0.0,-72.609,0.0,0.0,-10.91,0.0,0.0,0.5017402400000001,0.0,0.0,10.790740239999998,0.0,0.0
GLN  63,28.529,0.0,0.0,-2.436,0.0,0.0,-60.28,0.0,0.0,-16.971,0.0,0.0,0.9616922800000001,0.0,0.0,-50.19630772,0.0,0.0
ALA  64,81.703,0.0,0.0,-3.539,0.0,0.0,-67.351,0.0,0.0,-5.522,0.0,0.0,0.33033816000000005,0.0,0.0,5.621338160000002,0.0,0.0
ALA  65,87.241,0.0,0.0,-5.549,0.0,0.0,-71.24,0.0,0.0,-3.674,0.0,0.0,0.13580352,0.0,0.0,6.913803519999998,0.0,0.0
ALA  66,94.53,0.0,0.0,-6.73,0.0,0.0,-78.853,0.0,0.0,-3.22,0.0,0.0,0.00102438,0.0,0.0,5.728024380000002,0.0,0.0
GLN  67,41.486,0.0,0.0,-5.707,0.0,0.0,-77.272,0.0,0.0,-10.826,0.0,0.0,0.60101838,0.0,0.0,-51.71798162000001,0.0,0.0
MET  68,89.825,0.0,0.0,-9.252,0.0,0.0,-72.289,0.0,0.0,-1.108,0.0,0.0,0.08256286,0.0,0.0,7.258562860000006,0.0,0.0
LEU  69,80.6,0.0,0.0,-10.064,0.0,0.0,-75.899,0.0,0.0,-3.678,0.0,0.0,0.017983560000000003,0.0,0.0,-9.023016440000001,0.0,0.0
LYS  70,132.201,0.0,0.0,-9.837,0.0,0.0,-104.227,0.0,0.0,-34.944,0.0,0.0,0.48442334,0.0,0.0,-16.322576660000017,0.0,0.0
GLU  71,109.709,0.0,0.0,-7.39,0.0,0.0,-77.924,0.0,0.0,-81.053,0.0,0.0,0.63148962,0.0,0.0,-56.026510380000005,0.0,0.0
THR  72,50.497,0.0,0.0,-8.297,0.0,0.0,-57.186,0.0,0.0,-4.964,0.0,0.0,0.00072086,0.0,0.0,-19.949279139999994,0.0,0.0
ILE  73,68.656,0.0,0.0,-8.59,0.0,0.0,-46.739,0.0,0.0,-6.687,0.0,0.0,0.030693460000000002,0.0,0.0,6.670693460000005,0.0,0.0
ASN  74,19.027,0.0,0.0,-6.989,0.0,0.0,-72.866,0.0,0.0,-14.31,0.0,0.0,0.5454471200000001,0.0,0.0,-74.59255288,0.0,0.0
GLU  75,110.634,0.0,0.0,-6.567,0.0,0.0,-72.4,0.0,0.0,-83.77,0.0,0.0,0.49608718,0.0,0.0,-51.60691281999999,0.0,0.0
GLU  76,99.565,0.0,0.0,-9.961,0.0,0.0,-45.553,0.0,0.0,-98.321,0.0,0.0,0.20868626,0.0,0.0,-54.061313739999996,0.0,0.0
ALA  77,86.991,0.0,0.0,-8.26,0.0,0.0,-72.016,0.0,0.0,-2.141,0.0,0.0,0.05298050000000001,0.0,0.0,4.6269804999999895,0.0,0.0
ALA  78,97.181,0.0,0.0,-5.378,0.0,0.0,-85.895,0.0,0.0,-0.461,0.0,0.0,0.20268090000000002,0.0,0.0,5.649680900000001,0.0,0.0
GLU  79,111.734,0.0,0.0,-9.295,0.0,0.0,-60.332,0.0,0.0,-95.24,0.0,0.0,0.42803908000000007,0.0,0.0,-52.704960920000005,0.0,0.0
TRP  80,117.064,0.0,0.0,-15.284,0.0,0.0,-85.138,0.0,0.0,-4.141,0.0,0.0,0.27863136000000005,0.0,0.0,12.779631359999982,0.0,0.0
ASP  81,106.359,0.0,0.0,-7.146,0.0,0.0,-76.729,0.0,0.0,-73.29,0.0,0.0,0.31716214000000004,0.0,0.0,-50.48883786000001,0.0,0.0
ARG  82,-203.443,0.0,0.0,-7.693,0.0,0.0,-25.917,0.0,0.0,52.001,0.0,0.0,0.83039278,0.0,0.0,-184.22160722,0.0,0.0
LEU  83,70.279,0.0,0.0,-5.999,0.0,0.0,-74.273,0.0,0.0,-2.816,0.0,0.0,0.65817228,0.0,0.0,-12.150827719999993,0.0,0.0
HID  84,109.863,0.0,0.0,-6.907,0.0,0.0,-74.908,0.0,0.0,-11.314,0.0,0.0,0.50547462,0.0,0.0,17.239474620000003,0.0,0.0
PRO  85,91.739,0.0,0.0,-4.603,0.0,0.0,-65.183,0.0,0.0,-5.338,0.0,0.0,0.56142528,0.0,0.0,17.176425280000004,0.0,0.0
VAL  86,50.982,0.0,0.0,-3.272,0.0,0.0,-47.768,0.0,0.0,-6.571,0.0,0.0,0.6923941600000001,0.0,0.0,-5.9366058399999995,0.0,0.0
HID  87,94.583,0.0,0.0,-3.733,0.0,0.0,-61.695,0.0,0.0,-11.976,0.0,0.0,0.62022686,0.0,0.0,17.799226859999994,0.0,0.0
ALA  88,90.106,0.0,0.0,0.457,0.0,0.0,-77.568,0.0,0.0,-8.043,0.0,0.0,0.60661182,0.0,0.0,5.558611819999991,0.0,0.0
GLY  89,91.84,0.0,0.0,-2.073,0.0,0.0,-68.088,0.0,0.0,-11.286,0.0,0.0,0.32760648000000003,0.0,0.0,10.720606480000017,0.0,0.0
PRO  90,82.891,0.0,0.0,-3.181,0.0,0.0,-57.283,0.0,0.0,-7.215,0.0,0.0,0.75040442,0.0,0.0,15.962404420000007,0.0,0.0
ILE  91,76.567,0.0,0.0,-4.111,0.0,0.0,-57.672,0.0,0.0,-4.757,0.0,0.0,0.55547954,0.0,0.0,10.582479539999992,0.0,0.0
ALA  92,94.486,0.0,0.0,-3.313,0.0,0.0,-66.607,0.0,0.0,-7.236,0.0,0.0,0.33802914,0.0,0.0,17.66802914,0.0,0.0
PRO  93,83.055,0.0,0.0,-2.871,0.0,0.0,-59.178,0.0,0.0,-5.06,0.0,0.0,0.7639761000000002,0.0,0.0,16.709976100000016,0.0,0.0
GLY  94,77.289,0.0,0.0,-1.904,0.0,0.0,-68.58,0.0,0.0,-6.878,0.0,0.0,0.50643938,0.0,0.0,0.4334393800000067,0.0,0.0
GLN  95,39.601,0.0,0.0,-3.55,0.0,0.0,-70.226,0.0,0.0,-19.523,0.0,0.0,0.8135257400000001,0.0,0.0,-52.88447425999999,0.0,0.0
MET  96,106.773,0.0,0.0,-6.81,0.0,0.0,-77.915,0.0,0.0,-7.402,0.0,0.0,0.38750290000000004,0.0,0.0,15.033502899999986,0.0,0.0
ARG  97,-183.159,0.0,0.0,-5.17,0.0,0.0,-39.194,0.0,0.0,44.962,0.0,0.0,0.36478226,0.0,0.0,-182.19621773999998,0.0,0.0
GLU  98,105.485,0.0,0.0,-5.267,0.0,0.0,-48.832,0.0,0.0,-98.93,0.0,0.0,0.64871438,0.0,0.0,-46.89528562,0.0,0.0
PRO  99,95.539,0.0,0.0,-10.0,0.0,0.0,-58.572,0.0,0.0,-5.422,0.0,0.0,0.03042788,0.0,0.0,21.57542788,0.0,0.0
ARG 100,-186.006,0.0,0.0,-10.676,0.0,0.0,-21.509,0.0,0.0,43.262,0.0,0.0,0.32163364,0.0,0.0,-174.60736636,0.0,0.0
GLY 101,80.091,0.0,0.0,-6.012,0.0,0.0,-83.983,0.0,0.0,0.307,0.0,0.0,0.0,0.0,0.0,-9.59700000000001,0.0,0.0
SER 102,75.772,0.0,0.0,-7.553,0.0,0.0,-64.541,0.0,0.0,-3.612,0.0,0.0,0.27993758,0.0,0.0,0.3459375800000114,0.0,0.0
ASP 103,96.998,0.0,0.0,-9.204,0.0,0.0,-80.023,0.0,0.0,-62.369,0.0,0.0,0.04385322,0.0,0.0,-54.55414677999998,0.0,0.0
ILE 104,78.697,0.0,0.0,-9.174,0.0,0.0,-61.95,0.0,0.0,0.033,0.0,0.0,0.0,0.0,0.0,7.605999999999994,0.0,0.0
ALA 105,87.989,0.0,0.0,-7.295,0.0,0.0,-80.136,0.0,0.0,0.228,0.0,0.0,0.00976684,0.0,0.0,0.795766840000007,0.0,0.0
GLY 106,90.091,0.0,0.0,-3.81,0.0,0.0,-87.469,0.0,0.0,-0.811,0.0,0.0,0.0848772,0.0,0.0,-1.9141228000000023,0.0,0.0
THR 107,48.021,0.0,0.0,-5.998,0.0,0.0,-48.545,0.0,0.0,-11.76,0.0,0.0,0.40341060000000006,0.0,0.0,-17.878589399999996,0.0,0.0
THR 108,42.352,0.0,0.0,-2.548,0.0,0.0,-40.731,0.0,0.0,-13.591,0.0,0.0,0.86004018,0.0,0.0,-13.657959820000006,0.0,0.0
SER 109,68.314,0.0,0.0,-4.385,0.0,0.0,-65.762,0.0,0.0,-1.687,0.0,0.0,0.12438358000000002,0.0,0.0,-3.395616420000006,0.0,0.0
THR 110,30.687,0.0,0.0,-5.962,0.0,0.0,-33.386,0.0,0.0,-6.968,0.0,0.0,0.39583886,0.0,0.0,-15.233161140000002,0.0,0.0
LEU 111,59.421,0.0,0.0,-10.302,0.0,0.0,-57.521,0.0,0.0,-4.655,0.0,0.0,0.15241582,0.0,0.0,-12.904584180000002,0.0,0.0
GLN 112,34.821,0.0,0.0,-5.187,0.0,0.0,-69.301,0.0,0.0,-19.901,0.0,0.0,0.93913424,0.0,0.0,-58.62886576,0.0,0.0
GLU 113,107.409,0.0,0.0,-8.001,0.0,0.0,-79.844,0.0,0.0,-68.1,0.0,0.0,0.3164467,0.0,0.0,-48.21955329999999,0.0,0.0
GLN 114,34.712,0.0,0.0,-9.917,0.0,0.0,-81.108,0.0,0.0,-2.24,0.0,0.0,0.0014363000000000002,0.0,0.0,-58.5515637,0.0,0.0
ILE 115,85.632,0.0,0.0,-9.826,0.0,0.0,-68.697,0.0,0.0,-2.233,0.0,0.0,0.12818842,0.0,0.0,5.004188420000008,0.0,0.0
GLY 116,79.053,0.0,0.0,-5.129,0.0,0.0,-74.23,0.0,0.0,-1.363,0.0,0.0,0.11267638000000002,0.0,0.0,-1.5563236200000117,0.0,0.0
TRP 117,124.546,0.0,0.0,-17.34,0.0,0.0,-92.824,0.0,0.0,-2.853,0.0,0.0,0.009148960000000001,0.0,0.0,11.538148960000004,0.0,0.0
MET 118,101.981,0.0,0.0,-11.16,0.0,0.0,-82.731,0.0,0.0,-4.475,0.0,0.0,0.12981984000000002,0.0,0.0,3.744819840000004,0.0,0.0
THR 119,34.588,0.0,0.0,-5.809,0.0,0.0,-45.918,0.0,0.0,-6.816,0.0,0.0,0.37941083999999997,0.0,0.0,-23.57558916,0.0,0.0
HID 120,89.45,0.0,0.0,-9.319,0.0,0.0,-58.324,0.0,0.0,-8.817,0.0,0.0,0.42572474,0.0,0.0,13.415724740000002,0.0,0.0
ASN 121,45.203,0.0,0.0,-3.824,0.0,0.0,-85.655,0.0,0.0,-14.824,0.0,0.0,0.7314073200000001,0.0,0.0,-58.36859267999999,0.0,0.0
PRO 122,94.72,0.0,0.0,-4.328,0.0,0.0,-57.545,0.0,0.0,-4.701,0.0,0.0,0.59728942,0.0,0.0,28.743289419999993,0.0,0.0
PRO 123,89.207,0.0,0.0,-6.37,0.0,0.0,-56.576,0.0,0.0,-5.092,0.0,0.0,0.4719194,0.0,0.0,21.64091939999999,0.0,0.0
ILE 124,87.682,0.0,0.0,-7.123,0.0,0.0,-58.63,0.0,0.0,-1.123,0.0,0.0,0.17598198,0.0,0.0,20.981981979999993,0.0,0.0
PRO 125,90.933,0.0,0.0,-6.882,0.0,0.0,-63.852,0.0,0.0,-2.053,0.0,0.0,0.34162802000000003,0.0,0.0,18.487628020000006,0.0,0.0
VAL 126,53.531,0.0,0.0,-10.835,0.0,0.0,-53.701,0.0,0.0,-1.919,0.0,0.0,0.0,0.0,0.0,-12.924000000000003,0.0,0.0
GLY 127,69.885,0.0,0.0,-5.465,0.0,0.0,-67.984,0.0,0.0,-3.34,0.0,0.0,0.0065853000000000005,0.0,0.0,-6.897414699999993,0.0,0.0
GLU 128,110.836,0.0,0.0,-6.414,0.0,0.0,-91.487,0.0,0.0,-57.432,0.0,0.0,0.4338818400000001,0.0,0.0,-44.06311816,0.0,0.0
ILE 129,84.262,0.0,0.0,-9.663,0.0,0.0,-66.802,0.0,0.0,-0.137,0.0,0.0,0.20011724,0.0,0.0,7.860117239999997,0.0,0.0
TYR 130,104.383,0.0,0.0,-16.912,0.0,0.0,-89.069,0.0,0.0,-1.036,0.0,0.0,0.0,0.0,0.0,-2.633999999999999,0.0,0.0
LYS 131,144.371,0.0,0.0,-10.701,0.0,0.0,-165.408,0.0,0.0,25.319,0.0,0.0,0.02301874,0.0,0.0,-6.395981259999972,0.0,0.0
ARG 132,-188.692,0.0,0.0,-8.345,0.0,0.0,29.423,0.0,0.0,-6.218,0.0,0.0,0.7598569000000001,0.0,0.0,-173.0721431,0.0,0.0
TRP 133,128.463,0.0,0.0,-18.781,0.0,0.0,-96.638,0.0,0.0,-2.938,0.0,0.0,0.11391214000000001,0.0,0.0,10.219912139999982,0.0,0.0
ILE 134,85.733,0.0,0.0,-10.036,0.0,0.0,-69.244,0.0,0.0,-0.98,0.0,0.0,0.01222752,0.0,0.0,5.485227520000002,0.0,0.0
ILE 135,80.602,0.0,0.0,-10.003,0.0,0.0,-62.035,0.0,0.0,-0.812,0.0,0.0,0.09339744,0.0,0.0,7.845397440000007,0.0,0.0
LEU 136,71.81,0.0,0.0,-6.984,0.0,0.0,-82.196,0.0,0.0,1.874,0.0,0.0,0.44820148000000004,0.0,0.0,-15.04779851999999,0.0,0.0
GLY 137,80.57,0.0,0.0,-5.994,0.0,0.0,-79.02,0.0,0.0,0.21,0.0,0.0,0.0,0.0,0.0,-4.234000000000003,0.0,0.0
LEU 138,68.07,0.0,0.0,-11.855,0.0,0.0,-67.296,0.0,0.0,-0.965,0.0,0.0,0.032227320000000004,0.0,0.0,-12.013772680000017,0.0,0.0
ASN 139,46.658,0.0,0.0,-8.844,0.0,0.0,-93.056,0.0,0.0,-10.108,0.0,0.0,0.32391546,0.0,0.0,-65.02608454,0.0,0.0
LYS 140,137.038,0.0,0.0,-9.649,0.0,0.0,-141.561,0.0,0.0,2.88,0.0,0.0,0.39997974000000003,0.0,0.0,-10.892020259999999,0.0,0.0
ILE 141,91.001,0.0,0.0,-10.192,0.0,0.0,-75.036,0.0,0.0,-3.122,0.0,0.0,0.1526543,0.0,0.0,2.8036542999999963,0.0,0.0
VAL 142,68.631,0.0,0.0,-8.914,0.0,0.0,-56.989,0.0,0.0,-5.61,0.0,0.0,0.06364164000000001,0.0,0.0,-2.8183583599999986,0.0,0.0
ARG 143,-196.829,0.0,0.0,-7.677,0.0,0.0,57.942,0.0,0.0,-24.341,0.0,0.0,0.9927001000000001,0.0,0.0,-169.9122999,0.0,0.0
MET 144,92.233,0.0,0.0,-6.422,0.0,0.0,-73.889,0.0,0.0,-7.968,0.0,0.0,0.6505029800000001,0.0,0.0,4.604502980000011,0.0,0.0
TYR 145,90.774,0.0,0.0,-9.123,0.0,0.0,-83.189,0.0,0.0,-12.214,0.0,0.0,0.6133814000000001,0.0,0.0,-13.138618599999997,0.0,0.0
SER 146,98.315,0.0,0.0,-4.043,0.0,0.0,-73.499,0.0,0.0,-8.579,0.0,0.0,0.35641378,0.0,0.0,12.550413779999996,0.0,0.0
PRO 147,88.69,0.0,0.0,-7.219,0.0,0.0,-61.358,0.0,0.0,-7.48,0.0,0.0,0.23041504000000002,0.0,0.0,12.863415040000007,0.0,0.0
THR 148,49.134,0.0,0.0,-5.712,0.0,0.0,-53.824,0.0,0.0,-3.122,0.0,0.0,0.30318938,0.0,0.0,-13.220810620000002,0.0,0.0
SER 149,61.502,0.0,0.0,-5.914,0.0,0.0,-49.498,0.0,0.0,-4.878,0.0,0.0,0.19853460000000003,0.0,0.0,1.4105346000000034,0.0,0.0
ILE 150,76.362,0.0,0.0,-10.225,0.0,0.0,-53.464,0.0,0.0,-3.666,0.0,0.0,0.03282894,0.0,0.0,9.039828940000001,0.0,0.0
LEU 151,63.7,0.0,0.0,-4.622,0.0,0.0,-66.54,0.0,0.0,-3.544,0.0,0.0,0.71204708,0.0,0.0,-10.293952920000004,0.0,0.0
ASP 152,100.409,0.0,0.0,-5.167,0.0,0.0,-59.845,0.0,0.0,-90.292,0.0,0.0,0.65688232,0.0,0.0,-54.238117679999995,0.0,0.0
ILE 153,104.436,0.0,0.0,-9.687,0.0,0.0,-71.9,0.0,0.0,-5.656,0.0,0.0,0.08919694000000002,0.0,0.0,17.282196940000006,0.0,0.0
ARG 154,-187.87,0.0,0.0,-7.324,0.0,0.0,30.658,0.0,0.0,-7.775,0.0,0.0,0.9930253000000001,0.0,0.0,-171.3179747,0.0,0.0
GLN 155,35.273,0.0,0.0,-10.582,0.0,0.0,-90.58,0.0,0.0,0.017,0.0,0.0,0.06250344000000001,0.0,0.0,-65.80949656,0.0,0.0
GLY 156,87.335,0.0,0.0,-3.208,0.0,0.0,-76.254,0.0,0.0,-3.623,0.0,0.0,0.12372776,0.0,0.0,4.373727759999991,0.0,0.0
PRO 157,88.179,0.0,0.0,-4.973,0.0,0.0,-52.686,0.0,0.0,-7.814,0.0,0.0,0.6054411000000001,0.0,0.0,23.311441100000003,0.0,0.0
LYS 158,130.941,0.0,0.0,-5.312,0.0,0.0,-147.087,0.0,0.0,11.5,0.0,0.0,0.7644097000000001,0.0,0.0,-9.193590299999984,0.0,0.0
GLU 159,113.929,0.0,0.0,-6.634,0.0,0.0,-106.484,0.0,0.0,-47.155,0.0,0.0,0.19924462000000004,0.0,0.0,-46.14475537999999,0.0,0.0
PRO 160,80.565,0.0,0.0,-7.503,0.0,0.0,-59.677,0.0,0.0,-1.85,0.0,0.0,0.22661562000000002,0.0,0.0,11.761615619999999,0.0,0.0
PHE 161,108.711,0.0,0.0,-14.0,0.0,0.0,-76.959,0.0,0.0,-2.52,0.0,0.0,0.02465016,0.0,0.0,15.256650159999996,0.0,0.0
ARG 162,-198.521,0.0,0.0,-9.599,0.0,0.0,25.646,0.0,0.0,8.6,0.0,0.0,0.63352212,0.0,0.0,-173.24047788,0.0,0.0
ASP 163,89.437,0.0,0.0,-7.659,0.0,0.0,-57.765,0.0,0.0,-86.388,0.0,0.0,0.44722588,0.0,0.0,-61.92777412000002,0.0,0.0
TYR 164,97.7,0.0,0.0,-15.705,0.0,0.0,-94.899,0.0,0.0,-2.235,0.0,0.0,0.0,0.0,0.0,-15.138999999999996,0.0,0.0
VAL 165,46.433,0.0,0.0,-8.492,0.0,0.0,-53.354,0.0,0.0,0.935,0.0,0.0,0.025750420000000003,0.0,0.0,-14.452249579999997,0.0,0.0
ASP 166,112.365,0.0,0.0,-6.59,0.0,0.0,-101.199,0.0,0.0,-56.133,0.0,0.0,0.37216430000000006,0.0,0.0,-51.18483570000001,0.0,0.0
ARG 167,-186.307,0.0,0.0,-7.372,0.0,0.0,-13.516,0.0,0.0,26.293,0.0,0.0,0.53751766,0.0,0.0,-180.36448233999997,0.0,0.0
PHE 168,102.297,0.0,0.0,-16.637,0.0,0.0,-82.829,0.0,0.0,-0.807,0.0,0.0,0.0021571600000000004,0.0,0.0,2.026157160000003,0.0,0.0
TYR 169,100.036,0.0,0.0,-9.929,0.0,0.0,-89.33,0.0,0.0,-3.19,0.0,0.0,0.50208712,0.0,0.0,-1.9109128799999988,0.0,0.0
LYS 170,137.224,0.0,0.0,-10.125,0.0,0.0,-167.774,0.0,0.0,22.239,0.0,0.0,0.37297188,0.0,0.0,-18.06302812000001,0.0,0.0
THR 171,53.575,0.0,0.0,-9.004,0.0,0.0,-58.519,0.0,0.0,-3.135,0.0,0.0,0.03743052,0.0,0.0,-17.04556947999999,0.0,0.0
LEU 172,72.994,0.0,0.0,-13.224,0.0,0.0,-65.813,0.0,0.0,-1.886,0.0,0.0,0.0,0.0,0.0,-7.9290000000000065,0.0,0.0
ARG 173,-200.402,0.0,0.0,-8.847,0.0,0.0,41.025,0.0,0.0,-12.196,0.0,0.0,0.6120047200000001,0.0,0.0,-179.80799528,0.0,0.0
ALA 174,87.411,0.0,0.0,-5.994,0.0,0.0,-84.521,0.0,0.0,-0.216,0.0,0.0,0.006476900000000001,0.0,0.0,-3.3135230999999994,0.0,0.0
GLU 175,104.264,0.0,0.0,-7.399,0.0,0.0,-57.623,0.0,0.0,-95.647,0.0,0.0,0.42699844000000003,0.0,0.0,-55.97800156000001,0.0,0.0
GLN 176,35.825,0.0,0.0,-5.641,0.0,0.0,-68.202,0.0,0.0,-13.794,0.0,0.0,0.70429648,0.0,0.0,-51.10770352,0.0,0.0
ALA 177,94.494,0.0,0.0,-6.04,0.0,0.0,-86.3,0.0,0.0,0.906,0.0,0.0,0.0689153,0.0,0.0,3.1289152999999965,0.0,0.0
SER 178,75.247,0.0,0.0,-3.724,0.0,0.0,-72.809,0.0,0.0,1.402,0.0,0.0,0.31063104,0.0,0.0,0.4266310399999986,0.0,0.0
GLN 179,29.713,0.0,0.0,-6.11,0.0,0.0,-64.863,0.0,0.0,-16.893,0.0,0.0,0.7717158600000001,0.0,0.0,-57.38128414,0.0,0.0
GLU 180,109.666,0.0,0.0,-4.575,0.0,0.0,-80.225,0.0,0.0,-77.464,0.0,0.0,0.74572154,0.0,0.0,-51.85227846,0.0,0.0
VAL 181,61.997,0.0,0.0,-7.288,0.0,0.0,-57.301,0.0,0.0,-1.601,0.0,0.0,0.23475104,0.0,0.0,-3.958248959999999,0.0,0.0
LYS 182,111.005,0.0,0.0,-11.204,0.0,0.0,-98.437,0.0,0.0,-20.813,0.0,0.0,0.24160734,0.0,0.0,-19.207392660000007,0.0,0.0
ASN 183,35.943,0.0,0.0,-6.476,0.0,0.0,-90.75,0.0,0.0,-13.944,0.0,0.0,0.6258474,0.0,0.0,-74.6011526,0.0,0.0
TRP 184,128.012,0.0,0.0,-10.184,0.0,0.0,-91.594,0.0,0.0,-8.075,0.0,0.0,0.9588576200000001,0.0,0.0,19.11785762000001,0.0,0.0
MET 185,104.512,0.0,0.0,-10.769,0.0,0.0,-87.128,0.0,0.0,-1.606,0.0,0.0,0.11138100000000001,0.0,0.0,5.120380999999995,0.0,0.0
THR 186,45.54,0.0,0.0,-7.936,0.0,0.0,-53.207,0.0,0.0,-5.581,0.0,0.0,0.17389528000000004,0.0,0.0,-21.01010472,0.0,0.0
GLU 187,109.234,0.0,0.0,-4.979,0.0,0.0,-59.379,0.0,0.0,-93.405,0.0,0.0,0.6754946000000001,0.0,0.0,-47.8535054,0.0,0.0
THR 188,41.217,0.0,0.0,-7.473,0.0,0.0,-48.903,0.0,0.0,-1.122,0.0,0.0,0.22127692000000002,0.0,0.0,-16.059723079999998,0.0,0.0
LEU 189,60.814,0.0,0.0,-8.331,0.0,0.0,-65.082,0.0,0.0,0.353,0.0,0.0,0.19279482,0.0,0.0,-12.05320517999999,0.0,0.0
LEU 190,83.194,0.0,0.0,-8.932,0.0,0.0,-92.396,0.0,0.0,1.091,0.0,0.0,0.029452280000000004,0.0,0.0,-17.01354772,0.0,0.0
VAL 191,53.88,0.0,0.0,-7.402,0.0,0.0,-55.483,0.0,0.0,1.453,0.0,0.0,0.28734672,0.0,0.0,-7.264653279999995,0.0,0.0
GLN 192,22.516,0.0,0.0,-8.044,0.0,0.0,-63.671,0.0,0.0,-8.922,0.0,0.0,0.5729753000000001,0.0,0.0,-57.54802469999999,0.0,0.0
ASN 193,16.573,0.0,0.0,-8.594,0.0,0.0,-78.584,0.0,0.0,-4.254,0.0,0.0,0.15721252000000002,0.0,0.0,-74.70178748000001,0.0,0.0
ALA 194,92.849,0.0,0.0,-7.36,0.0,0.0,-81.823,0.0,0.0,0.383,0.0,0.0,0.03437906,0.0,0.0,4.083379060000011,0.0,0.0
ASN 195,41.301,0.0,0.0,-6.492,0.0,0.0,-95.59,0.0,0.0,-4.61,0.0,0.0,0.05042768,0.0,0.0,-65.34057232,0.0,0.0
PRO 196,79.148,0.0,0.0,-4.593,0.0,0.0,-60.004,0.0,0.0,-4.575,0.0,0.0,0.6279612,0.0,0.0,10.603961199999995,0.0,0.0
ASP 197,106.4,0.0,0.0,-6.747,0.0,0.0,-71.332,0.0,0.0,-86.463,0.0,0.0,0.44305790000000006,0.0,0.0,-57.69894209999998,0.0,0.0
CYX 198,101.424,0.0,0.0,-7.345,0.0,0.0,-83.389,0.0,0.0,-1.748,0.0,0.0,0.0009268200000000002,0.0,0.0,8.942926820000013,0.0,0.0
LYS 199,133.659,0.0,0.0,-9.52,0.0,0.0,-129.228,0.0,0.0,-16.477,0.0,0.0,0.4617027,0.0,0.0,-21.104297300000013,0.0,0.0
THR 200,52.547,0.0,0.0,-5.709,0.0,0.0,-69.532,0.0,0.0,-0.554,0.0,0.0,0.48696532000000003,0.0,0.0,-22.76103468,0.0,0.0
ILE 201,73.593,0.0,0.0,-6.86,0.0,0.0,-57.25,0.0,0.0,-1.387,0.0,0.0,0.24946092000000003,0.0,0.0,8.345460920000004,0.0,0.0
LEU 202,86.194,0.0,0.0,-8.289,0.0,0.0,-76.114,0.0,0.0,-6.351,0.0,0.0,0.19556444,0.0,0.0,-4.364435560000003,0.0,0.0
LYS 203,127.537,0.0,0.0,-6.044,0.0,0.0,-98.553,0.0,0.0,-33.709,0.0,0.0,1.04143674,0.0,0.0,-9.727563259999991,0.0,0.0
ALA 204,86.47,0.0,0.0,-4.217,0.0,0.0,-73.537,0.0,0.0,-5.26,0.0,0.0,0.51036346,0.0,0.0,3.966363459999994,0.0,0.0
LEU 205,76.139,0.0,0.0,-7.094,0.0,0.0,-70.608,0.0,0.0,-6.888,0.0,0.0,0.32006184000000004,0.0,0.0,-8.130938160000003,0.0,0.0
GLY 206,87.795,0.0,0.0,-3.322,0.0,0.0,-72.643,0.0,0.0,-8.544,0.0,0.0,0.1440365,0.0,0.0,3.4300364999999977,0.0,0.0
PRO 207,83.816,0.0,0.0,-2.053,0.0,0.0,-51.943,0.0,0.0,-9.678,0.0,0.0,0.8555036400000001,0.0,0.0,20.997503640000005,0.0,0.0
GLY 208,66.986,0.0,0.0,-1.909,0.0,0.0,-61.361,0.0,0.0,-7.915,0.0,0.0,0.44812018000000003,0.0,0.0,-3.750879819999999,0.0,0.0
ALA 209,102.616,0.0,0.0,-4.491,0.0,0.0,-92.561,0.0,0.0,-1.344,0.0,0.0,0.16478968000000002,0.0,0.0,4.384789679999993,0.0,0.0
THR 210,47.28,0.0,0.0,-5.119,0.0,0.0,-56.523,0.0,0.0,-3.522,0.0,0.0,0.45262420000000003,0.0,0.0,-17.4313758,0.0,0.0
LEU 211,58.97,0.0,0.0,-6.563,0.0,0.0,-68.974,0.0,0.0,-2.067,0.0,0.0,0.36924834,0.0,0.0,-18.26475166000001,0.0,0.0
GLU 212,102.956,0.0,0.0,-6.127,0.0,0.0,-65.265,0.0,0.0,-93.55,0.0,0.0,0.7104807000000001,0.0,0.0,-61.27551929999999,0.0,0.0
GLU 213,101.138,0.0,0.0,-8.153,0.0,0.0,-58.14,0.0,0.0,-90.198,0.0,0.0,0.38723732,0.0,0.0,-54.96576268,0.0,0.0
MET 214,90.349,0.0,0.0,-11.225,0.0,0.0,-75.673,0.0,0.0,-2.373,0.0,0.0,0.04106734,0.0,0.0,1.1190673400000073,0.0,0.0
MET 215,96.361,0.0,0.0,-10.688,0.0,0.0,-85.108,0.0,0.0,-1.774,0.0,0.0,0.20463210000000004,0.0,0.0,-1.0043679000000023,0.0,0.0
THR 216,34.96,0.0,0.0,-5.078,0.0,0.0,-49.025,0.0,0.0,-2.098,0.0,0.0,0.47040722,0.0,0.0,-20.770592779999998,0.0,0.0
ALA 217,80.19,0.0,0.0,-4.994,0.0,0.0,-65.895,0.0,0.0,-3.003,0.0,0.0,0.22735816,0.0,0.0,6.5253581600000015,0.0,0.0
CYX 218,92.864,0.0,0.0,-7.002,0.0,0.0,-80.097,0.0,0.0,-0.262,0.0,0.0,0.011555440000000002,0.0,0.0,5.514555440000015,0.0,0.0
GLN 219,39.118,0.0,0.0,-7.114,0.0,0.0,-72.741,0.0,0.0,-8.1,0.0,0.0,0.33169858,0.0,0.0,-48.505301419999995,0.0,0.0
GLY 220,97.774,0.0,0.0,-4.987,0.0,0.0,-86.761,0.0,0.0,-3.281,0.0,0.0,0.08225934,0.0,0.0,2.82725934000001,0.0,0.0
VAL 221,39.096,0.0,0.0,-1.804,0.0,0.0,-50.482,0.0,0.0,-73.251,0.0,0.0,0.8421379200000001,0.0,0.0,-85.59886208,0.0,0.0

Receptor:
Total Energy Decomposition:
Residue,Internal,,,van der Waals,,,Electrostatic,,,Polar Solvation,,,Non-Polar Solv.,,,TOTAL,,
,Avg.,Std. Dev.,Std. Err. of Mean,Avg.,Std. Dev.,Std. Err. of Mean,Avg.,Std. Dev.,Std. Err. of Mean,Avg.,Std. Dev.,Std. Err. of Mean,Avg.,Std. Dev.,Std. Err. of Mean,Avg.,Std. Dev.,Std. Err. of Mean
PRO   1,102.613,0.0,0.0,-5.309,0.0,0.0,-100.056,0.0,0.0,0.341,0.0,0.0,0.20433942000000002,0.0,0.0,-2.206660579999995,0.0,0.0
ILE   2,97.25,0.0,0.0,-8.471,0.0,0.0,-72.103,0.0,0.0,-4.231,0.0,0.0,0.29995364,0.0,0.0,12.744953640000002,0.0,0.0
VAL   3,56.402,0.0,0.0,-5.265,0.0,0.0,-51.726,0.0,0.0,-1.765,0.0,0.0,0.42196326,0.0,0.0,-1.9320367399999983,0.0,0.0
GLN   4,23.965,0.0,0.0,-5.941,0.0,0.0,-58.225,0.0,0.0,-17.467,0.0,0.0,0.7754556600000001,0.0,0.0,-56.89254434,0.0,0.0
ASN   5,38.865,0.0,0.0,-5.221,0.0,0.0,-87.194,0.0,0.0,-13.26,0.0,0.0,0.42444020000000005,0.0,0.0,-66.3855598,0.0,0.0
LEU   6,68.666,0.0,0.0,-2.267,0.0,0.0,-65.246,0.0,0.0,-7.779,0.0,0.0,1.05762628,0.0,0.0,-5.568373719999994,0.0,0.0
GLN   7,35.063,0.0,0.0,-3.3,0.0,0.0,-73.685,0.0,0.0,-17.437,0.0,0.0,0.8828529600000001,0.0,0.0,-58.476147039999994,0.0,0.0
GLY   8,78.777,0.0,0.0,-3.462,0.0,0.0,-75.57,0.0,0.0,-3.353,0.0,0.0,0.23744478,0.0,0.0,-3.3705552199999955,0.0,0.0
GLN   9,33.467,0.0,0.0,-3.788,0.0,0.0,-76.426,0.0,0.0,-10.747,0.0,0.0,0.7248762200000001,0.0,0.0,-56.76912378,0.0,0.0
MET  10,102.351,0.0,0.0,-9.65,0.0,0.0,-78.285,0.0,0.0,-6.219,0.0,0.0,0.27521134,0.0,0.0,8.472211339999996,0.0,0.0
VAL  11,51.889,0.0,0.0,-5.263,0.0,0.0,-55.036,0.0,0.0,-2.21,0.0,0.0,0.37747048000000005,0.0,0.0,-10.242529519999998,0.0,0.0
HID  12,90.077,0.0,0.0,-11.053,0.0,0.0,-61.024,0.0,0.0,-8.777,0.0,0.0,0.25213840000000004,0.0,0.0,9.4751384,0.0,0.0
GLN  13,37.167,0.0,0.0,-5.401,0.0,0.0,-71.356,0.0,0.0,-15.49,0.0,0.0,0.63471994,0.0,0.0,-54.445280059999995,0.0,0.0
ALA  14,96.794,0.0,0.0,-4.451,0.0,0.0,-84.465,0.0,0.0,-0.521,0.0,0.0,0.41486306000000006,0.0,0.0,7.77186306,0.0,0.0
ILE  15,95.537,0.0,0.0,-9.117,0.0,0.0,-74.755,0.0,0.0,-3.798,0.0,0.0,0.08041654000000001,0.0,0.0,7.947416540000006,0.0,0.0
SER  16,65.354,0.0,0.0,-4.977,0.0,0.0,-50.015,0.0,0.0,-6.766,0.0,0.0,0.27363412,0.0,0.0,3.869634119999995,0.0,0.0
PRO  17,90.819,0.0,0.0,-4.984,0.0,0.0,-59.204,0.0,0.0,-3.872,0.0,0.0,0.65868718,0.0,0.0,23.41768718000001,0.0,0.0
ARG  18,-183.003,0.0,0.0,-5.341,0.0,0.0,64.269,0.0,0.0,-49.811,0.0,0.0,1.1303355800000001,0.0,0.0,-172.75566442,0.0,0.0
THR  19,45.447,0.0,0.0,-7.67,0.0,0.0,-57.126,0.0,0.0,-2.589,0.0,0.0,0.16365690000000002,0.0,0.0,-21.774343099999996,0.0,0.0
LEU  20,56.399,0.0,0.0,-10.052,0.0,0.0,-58.178,0.0,0.0,-3.086,0.0,0.0,0.2347131,0.0,0.0,-14.682286899999996,0.0,0.0
ASN  21,37.742,0.0,0.0,-6.923,0.0,0.0,-90.571,0.0,0.0,-10.155,0.0,0.0,0.45754014000000004,0.0,0.0,-69.44945985999999,0.0,0.0
ALA  22,93.26,0.0,0.0,-5.168,0.0,0.0,-82.266,0.0,0.0,-2.407,0.0,0.0,0.20205760000000003,0.0,0.0,3.621057599999993,0.0,0.0
TRP  23,134.598,0.0,0.0,-18.65,0.0,0.0,-95.196,0.0,0.0,-5.744,0.0,0.0,0.012119120000000002,0.0,0.0,15.02011912000001,0.0,0.0
VAL  24,68.314,0.0,0.0,-8.685,0.0,0.0,-52.732,0.0,0.0,-6.244,0.0,0.0,0.26262610000000003,0.0,0.0,0.9156260999999917,0.0,0.0
LYS  25,136.35,0.0,0.0,-7.438,0.0,0.0,-107.963,0.0,0.0,-28.974,0.0,0.0,0.6672833,0.0,0.0,-7.357716699999988,0.0,0.0
VAL  26,65.595,0.0,0.0,-8.852,0.0,0.0,-65.522,0.0,0.0,-3.001,0.0,0.0,0.046910099999999996,0.0,0.0,-11.73308990000001,0.0,0.0
VAL  27,47.013,0.0,0.0,-6.706,0.0,0.0,-42.488,0.0,0.0,-3.977,0.0,0.0,0.16967310000000002,0.0,0.0,-5.988326900000005,0.0,0.0
GLU  28,98.401,0.0,0.0,-5.437,0.0,0.0,-66.706,0.0,0.0,-74.134,0.0,0.0,0.6647250600000001,0.0,0.0,-47.21127494,0.0,0.0
GLU  29,110.892,0.0,0.0,-6.856,0.0,0.0,-89.878,0.0,0.0,-61.319,0.0,0.0,0.64780382,0.0,0.0,-46.51319618,0.0,0.0
LYS  30,114.717,0.0,0.0,-7.733,0.0,0.0,-159.889,0.0,0.0,26.823,0.0,0.0,0.17011754,0.0,0.0,-25.911882460000015,0.0,0.0
ALA  31,84.841,0.0,0.0,-4.455,0.0,0.0,-73.355,0.0,0.0,-7.983,0.0,0.0,0.25496222,0.0,0.0,-0.6970377800000079,0.0,0.0
PHE  32,107.228,0.0,0.0,-8.865,0.0,0.0,-74.789,0.0,0.0,-8.66,0.0,0.0,0.45261878000000005,0.0,0.0,15.366618779999998,0.0,0.0
SER  33,87.699,0.0,0.0,-4.931,0.0,0.0,-63.505,0.0,0.0,-2.137,0.0,0.0,0.20584076,0.0,0.0,17.33184076,0.0,0.0
PRO  34,77.831,0.0,0.0,-5.293,0.0,0.0,-57.142,0.0,0.0,-2.712,0.0,0.0,0.44069478,0.0,0.0,13.124694779999993,0.0,0.0
GLU  35,107.035,0.0,0.0,-5.043,0.0,0.0,-97.052,0.0,0.0,-57.342,0.0,0.0,0.47575676000000006,0.0,0.0,-51.92624324000001,0.0,0.0
VAL  36,52.366,0.0,0.0,-10.175,0.0,0.0,-53.958,0.0,0.0,-0.527,0.0,0.0,0.03009726,0.0,0.0,-12.263902739999995,0.0,0.0
ILE  37,88.019,0.0,0.0,-9.761,0.0,0.0,-58.196,0.0,0.0,-0.672,0.0,0.0,0.15377082,0.0,0.0,19.54377082000001,0.0,0.0
PRO  38,80.208,0.0,0.0,-6.27,0.0,0.0,-58.24,0.0,0.0,-2.539,0.0,0.0,0.46799532000000005,0.0,0.0,13.62699532,0.0,0.0
MET  39,90.794,0.0,0.0,-10.632,0.0,0.0,-70.929,0.0,0.0,-2.622,0.0,0.0,0.38944868000000005,0.0,0.0,7.00044867999999,0.0,0.0
PHE  40,107.75,0.0,0.0,-14.815,0.0,0.0,-83.418,0.0,0.0,-1.585,0.0,0.0,0.00306772,0.0,0.0,7.935067719999996,0.0,0.0
SER  41,64.894,0.0,0.0,-7.383,0.0,0.0,-54.783,0.0,0.0,-3.406,0.0,0.0,0.1096737,0.0,0.0,-0.5683262999999986,0.0,0.0
ALA  42,84.287,0.0,0.0,-4.993,0.0,0.0,-67.69,0.0,0.0,-3.561,0.0,0.0,0.35083118,0.0,0.0,8.393831180000014,0.0,0.0
LEU  43,75.925,0.0,0.0,-9.401,0.0,0.0,-78.513,0.0,0.0,-1.588,0.0,0.0,0.24633900000000003,0.0,0.0,-13.330661000000005,0.0,0.0
SER  44,73.686,0.0,0.0,-6.52,0.0,0.0,-74.997,0.0,0.0,-0.311,0.0,0.0,0.01654726,0.0,0.0,-8.12545273999999,0.0,0.0
GLU  45,98.109,0.0,0.0,-3.826,0.0,0.0,-92.28,0.0,0.0,-55.554,0.0,0.0,0.6786653,0.0,0.0,-52.8723347,0.0,0.0
GLY  46,73.127,0.0,0.0,-4.015,0.0,0.0,-69.057,0.0,0.0,-0.213,0.0,0.0,0.08171734,0.0,0.0,-0.07628266000000739,0.0,0.0
ALA  47,100.083,0.0,0.0,-6.124,0.0,0.0,-85.942,0.0,0.0,-3.623,0.0,0.0,0.022417120000000002,0.0,0.0,4.41641712000001,0.0,0.0
THR  48,56.579,0.0,0.0,-10.601,0.0,0.0,-55.173,0.0,0.0,-1.76,0.0,0.0,0.0,0.0,0.0,-10.955,0.0,0.0
PRO  49,75.358,0.0,0.0,-10.424,0.0,0.0,-55.711,0.0,0.0,-1.188,0.0,0.0,0.0,0.0,0.0,8.034999999999998,0.0,0.0
GLN  50,33.431,0.0,0.0,-8.336,0.0,0.0,-71.387,0.0,0.0,-11.825,0.0,0.0,0.45369736,0.0,0.0,-57.663302640000005,0.0,0.0
ASP  51,90.649,0.0,0.0,-9.993,0.0,0.0,-127.833,0.0,0.0,-15.472,0.0,0.0,0.007701820000000001,0.0,0.0,-62.64129817999999,0.0,0.0
LEU  52,64.391,0.0,0.0,-14.052,0.0,0.0,-72.931,0.0,0.0,1.156,0.0,0.0,0.0,0.0,0.0,-21.435999999999993,0.0,0.0
ASN  53,36.725,0.0,0.0,-8.324,0.0,0.0,-105.575,0.0,0.0,-1.222,0.0,0.0,0.16201464000000002,0.0,0.0,-78.23398536,0.0,0.0
THR  54,53.816,0.0,0.0,-7.269,0.0,0.0,-65.484,0.0,0.0,-1.085,0.0,0.0,0.29911896000000004,0.0,0.0,-19.72288103999999,0.0,0.0
MET  55,83.214,0.0,0.0,-12.564,0.0,0.0,-67.259,0.0,0.0,-0.857,0.0,0.0,0.00725738,0.0,0.0,2.541257380000005,0.0,0.0
LEU  56,76.043,0.0,0.0,-10.702,0.0,0.0,-72.811,0.0,0.0,-0.305,0.0,0.0,0.05205368,0.0,0.0,-7.722946319999998,0.0,0.0
ASN  57,30.981,0.0,0.0,-6.624,0.0,0.0,-94.248,0.0,0.0,-7.416,0.0,0.0,0.51089462,0.0,0.0,-76.79610538,0.0,0.0
THR  58,57.401,0.0,0.0,-7.819,0.0,0.0,-63.525,0.0,0.0,-3.742,0.0,0.0,0.14207988,0.0,0.0,-17.542920119999998,0.0,0.0
VAL  59,43.545,0.0,0.0,-8.176,0.0,0.0,-43.214,0.0,0.0,-1.966,0.0,0.0,0.0034796400000000004,0.0,0.0,-9.807520359999998,0.0,0.0
ALA  60,88.475,0.0,0.0,-4.112,0.0,0.0,-62.863,0.0,0.0,-4.368,0.0,0.0,0.18840462000000002,0.0,0.0,17.320404619999998,0.0,0.0
PRO  61,78.214,0.0,0.0,-4.656,0.0,0.0,-54.934,0.0,0.0,-5.348,0.0,0.0,0.6297064400000001,0.0,0.0,13.905706439999996,0.0,0.0
HID  62,100.63,0.0,0.0,-6.812,0.0,0.0,-72.63,0.0,0.0,-10.949,0.0,0.0,0.5017402400000001,0.0,0.0,10.740740240000003,0.0,0.0
GLN  63,28.529,0.0,0.0,-2.428,0.0,0.0,-60.136,0.0,0.0,-17.161,0.0,0.0,0.9616922800000001,0.0,0.0,-50.234307720000004,0.0,0.0
ALA  64,81.703,0.0,0.0,-3.535,0.0,0.0,-67.468,0.0,0.0,-5.42,0.0,0.0,0.33033816000000005,0.0,0.0,5.610338160000003,0.0,0.0
ALA  65,87.241,0.0,0.0,-5.544,0.0,0.0,-71.26,0.0,0.0,-3.669,0.0,0.0,0.13580352,0.0,0.0,6.903803519999997,0.0,0.0
ALA  66,94.53,0.0,0.0,-6.728,0.0,0.0,-78.837,0.0,0.0,-3.238,0.0,0.0,0.00102438,0.0,0.0,5.7280243800000035,0.0,0.0
GLN  67,41.486,0.0,0.0,-5.704,0.0,0.0,-77.245,0.0,0.0,-10.858,0.0,0.0,0.60101838,0.0,0.0,-51.71998162000001,0.0,0.0
MET  68,89.825,0.0,0.0,-9.247,0.0,0.0,-72.289,0.0,0.0,-1.116,0.0,0.0,0.08256286,0.0,0.0,7.255562860000002,0.0,0.0
LEU  69,80.6,0.0,0.0,-10.06,0.0,0.0,-75.918,0.0,0.0,-3.662,0.0,0.0,0.017983560000000003,0.0,0.0,-9.022016440000014,0.0,0.0
LYS  70,132.201,0.0,0.0,-9.836,0.0,0.0,-97.108,0.0,0.0,-42.064,0.0,0.0,0.48442334,0.0,0.0,-16.32257666000001,0.0,0.0
GLU  71,109.709,0.0,0.0,-7.389,0.0,0.0,-86.276,0.0,0.0,-72.714,0.0,0.0,0.63148962,0.0,0.0,-56.03851037999999,0.0,0.0
THR  72,50.497,0.0,0.0,-8.295,0.0,0.0,-57.203,0.0,0.0,-4.949,0.0,0.0,0.00072086,0.0,0.0,-19.94927914,0.0,0.0
ILE  73,68.656,0.0,0.0,-8.589,0.0,0.0,-46.691,0.0,0.0,-6.736,0.0,0.0,0.030693460000000002,0.0,0.0,6.670693460000005,0.0,0.0
ASN  74,19.027,0.0,0.0,-6.988,0.0,0.0,-72.712,0.0,0.0,-14.464,0.0,0.0,0.5454471200000001,0.0,0.0,-74.59155288,0.0,0.0
GLU  75,110.634,0.0,0.0,-6.566,0.0,0.0,-79.264,0.0,0.0,-76.91,0.0,0.0,0.49608718,0.0,0.0,-51.60991281999999,0.0,0.0
GLU  76,99.565,0.0,0.0,-9.961,0.0,0.0,-52.833,0.0,0.0,-91.046,0.0,0.0,0.20868626,0.0,0.0,-54.066313740000005,0.0,0.0
ALA  77,86.991,0.0,0.0,-8.26,0.0,0.0,-71.961,0.0,0.0,-2.195,0.0,0.0,0.05298050000000001,0.0,0.0,4.627980499999996,0.0,0.0
ALA  78,97.181,0.0,0.0,-5.378,0.0,0.0,-85.806,0.0,0.0,-0.55,0.0,0.0,0.20268090000000002,0.0,0.0,5.6496809,0.0,0.0
GLU  79,111.734,0.0,0.0,-9.294,0.0,0.0,-66.935,0.0,0.0,-88.641,0.0,0.0,0.42803908000000007,0.0,0.0,-52.70796092000001,0.0,0.0
TRP  80,117.064,0.0,0.0,-15.283,0.0,0.0,-85.132,0.0,0.0,-4.147,0.0,0.0,0.27863136000000005,0.0,0.0,12.780631359999987,0.0,0.0
ASP  81,106.359,0.0,0.0,-7.146,0.0,0.0,-82.393,0.0,0.0,-67.626,0.0,0.0,0.31716214000000004,0.0,0.0,-50.48883786000001,0.0,0.0
ARG  82,-203.443,0.0,0.0,-7.693,0.0,0.0,-19.268,0.0,0.0,45.355,0.0,0.0,0.83039278,0.0,0.0,-184.21860722000002,0.0,0.0
LEU  83,70.279,0.0,0.0,-5.999,0.0,0.0,-74.231,0.0,0.0,-2.857,0.0,0.0,0.65817228,0.0,0.0,-12.149827719999992,0.0,0.0
HID  84,109.863,0.0,0.0,-6.907,0.0,0.0,-74.979,0.0,0.0,-11.243,0.0,0.0,0.50547462,0.0,0.0,17.239474620000003,0.0,0.0
PRO  85,91.739,0.0,0.0,-4.603,0.0,0.0,-65.167,0.0,0.0,-5.354,0.0,0.0,0.56142528,0.0,0.0,17.17642528000001,0.0,0.0
VAL  86,50.982,0.0,0.0,-3.272,0.0,0.0,-47.774,0.0,0.0,-6.566,0.0,0.0,0.6923941600000001,0.0,0.0,-5.93760584,0.0,0.0
HID  87,94.583,0.0,0.0,-3.733,0.0,0.0,-61.734,0.0,0.0,-11.937,0.0,0.0,0.62022686,0.0,0.0,17.799226859999994,0.0,0.0
ALA  88,90.106,0.0,0.0,0.457,0.0,0.0,-77.592,0.0,0.0,-8.019,0.0,0.0,0.60661182,0.0,0.0,5.55861181999999,0.0,0.0
GLY  89,91.84,0.0,0.0,-2.073,0.0,0.0,-68.145,0.0,0.0,-11.23,0.0,0.0,0.32760648000000003,0.0,0.0,10.719606480000014,0.0,0.0
PRO  90,82.891,0.0,0.0,-3.181,0.0,0.0,-57.278,0.0,0.0,-7.22,0.0,0.0,0.75040442,0.0,0.0,15.962404420000011,0.0,0.0
ILE  91,76.567,0.0,0.0,-4.111,0.0,0.0,-57.634,0.0,0.0,-4.795,0.0,0.0,0.55547954,0.0,0.0,10.582479539999989,0.0,0.0
ALA  92,94.486,0.0,0.0,-3.313,0.0,0.0,-66.644,0.0,0.0,-7.199,0.0,0.0,0.33802914,0.0,0.0,17.668029139999998,0.0,0.0
PRO  93,83.055,0.0,0.0,-2.871,0.0,0.0,-59.181,0.0,0.0,-5.057,0.0,0.0,0.7639761000000002,0.0,0.0,16.709976100000013,0.0,0.0
GLY  94,77.289,0.0,0.0,-1.904,0.0,0.0,-68.593,0.0,0.0,-6.866,0.0,0.0,0.50643938,0.0,0.0,0.4324393800000019,0.0,0.0
GLN  95,39.601,0.0,0.0,-3.55,0.0,0.0,-70.284,0.0,0.0,-19.465,0.0,0.0,0.8135257400000001,0.0,0.0,-52.884474260000005,0.0,0.0
MET  96,106.773,0.0,0.0,-6.81,0.0,0.0,-77.92,0.0,0.0,-7.397,0.0,0.0,0.38750290000000004,0.0,0.0,15.033502899999991,0.0,0.0
ARG  97,-183.159,0.0,0.0,-5.17,0.0,0.0,-34.119,0.0,0.0,39.887,0.0,0.0,0.36478226,0.0,0.0,-182.19621773999998,0.0,0.0
GLU  98,105.485,0.0,0.0,-5.267,0.0,0.0,-53.956,0.0,0.0,-93.806,0.0,0.0,0.64871438,0.0,0.0,-46.895285619999996,0.0,0.0
PRO  99,95.539,0.0,0.0,-10.0,0.0,0.0,-58.558,0.0,0.0,-5.436,0.0,0.0,0.03042788,0.0,0.0,21.575427880000003,0.0,0.0
ARG 100,-186.006,0.0,0.0,-10.676,0.0,0.0,-16.071,0.0,0.0,37.825,0.0,0.0,0.32163364,0.0,0.0,-174.60636636,0.0,0.0
GLY 101,80.091,0.0,0.0,-6.011,0.0,0.0,-83.998,0.0,0.0,0.322,0.0,0.0,0.0,0.0,0.0,-9.596000000000007,0.0,0.0
SER 102,75.772,0.0,0.0,-7.553,0.0,0.0,-64.575,0.0,0.0,-3.578,0.0,0.0,0.27993758,0.0,0.0,0.34593758000000563,0.0,0.0
ASP 103,96.998,0.0,0.0,-9.204,0.0,0.0,-85.42,0.0,0.0,-56.972,0.0,0.0,0.04385322,0.0,0.0,-54.55414677999999,0.0,0.0
ILE 104,78.697,0.0,0.0,-9.173,0.0,0.0,-61.931,0.0,0.0,0.014,0.0,0.0,0.0,0.0,0.0,7.607000000000004,0.0,0.0
ALA 105,87.989,0.0,0.0,-7.295,0.0,0.0,-80.16,0.0,0.0,0.253,0.0,0.0,0.00976684,0.0,0.0,0.7967668400000061,0.0,0.0
GLY 106,90.091,0.0,0.0,-3.81,0.0,0.0,-87.493,0.0,0.0,-0.788,0.0,0.0,0.0848772,0.0,0.0,-1.9151228000000036,0.0,0.0
THR 107,48.021,0.0,0.0,-5.997,0.0,0.0,-48.498,0.0,0.0,-11.807,0.0,0.0,0.40341060000000006,0.0,0.0,-17.877589399999998,0.0,0.0
THR 108,42.352,0.0,0.0,-2.548,0.0,0.0,-40.696,0.0,0.0,-13.627,0.0,0.0,0.86004018,0.0,0.0,-13.658959820000003,0.0,0.0
SER 109,68.314,0.0,0.0,-4.385,0.0,0.0,-65.788,0.0,0.0,-1.661,0.0,0.0,0.12438358000000002,0.0,0.0,-3.395616420000002,0.0,0.0
THR 110,30.687,0.0,0.0,-5.962,0.0,0.0,-33.369,0.0,0.0,-6.985,0.0,0.0,0.39583886,0.0,0.0,-15.233161139999998,0.0,0.0
LEU 111,59.421,0.0,0.0,-10.302,0.0,0.0,-57.507,0.0,0.0,-4.67,0.0,0.0,0.15241582,0.0,0.0,-12.905584179999998,0.0,0.0
GLN 112,34.821,0.0,0.0,-5.186,0.0,0.0,-69.245,0.0,0.0,-19.957,0.0,0.0,0.93913424,0.0,0.0,-58.627865760000006,0.0,0.0
GLU 113,107.409,0.0,0.0,-8.0,0.0,0.0,-84.886,0.0,0.0,-63.058,0.0,0.0,0.3164467,0.0,0.0,-48.21855329999999,0.0,0.0
GLN 114,34.712,0.0,0.0,-9.917,0.0,0.0,-81.073,0.0,0.0,-2.275,0.0,0.0,0.0014363000000000002,0.0,0.0,-58.55156369999999,0.0,0.0
ILE 115,85.632,0.0,0.0,-9.826,0.0,0.0,-68.697,0.0,0.0,-2.234,0.0,0.0,0.12818842,0.0,0.0,5.003188420000009,0.0,0.0
GLY 116,79.053,0.0,0.0,-5.129,0.0,0.0,-74.211,0.0,0.0,-1.382,0.0,0.0,0.11267638000000002,0.0,0.0,-1.556323620000006,0.0,0.0
TRP 117,124.546,0.0,0.0,-17.34,0.0,0.0,-92.835,0.0,0.0,-2.842,0.0,0.0,0.009148960000000001,0.0,0.0,11.538148960000008,0.0,0.0
MET 118,101.981,0.0,0.0,-11.159,0.0,0.0,-82.731,0.0,0.0,-4.475,0.0,0.0,0.12981984000000002,0.0,0.0,3.7458198399999945,0.0,0.0
THR 119,34.588,0.0,0.0,-5.809,0.0,0.0,-45.876,0.0,0.0,-6.858,0.0,0.0,0.37941083999999997,0.0,0.0,-23.57558916,0.0,0.0
HID 120,89.45,0.0,0.0,-9.318,0.0,0.0,-58.302,0.0,0.0,-8.839,0.0,0.0,0.42572474,0.0,0.0,13.416724740000005,0.0,0.0
ASN 121,45.203,0.0,0.0,-3.824,0.0,0.0,-85.669,0.0,0.0,-14.81,0.0,0.0,0.7314073200000001,0.0,0.0,-58.36859267999999,0.0,0.0
PRO 122,94.72,0.0,0.0,-4.328,0.0,0.0,-57.526,0.0,0.0,-4.719,0.0,0.0,0.59728942,0.0,0.0,28.74428941999999,0.0,0.0
PRO 123,89.207,0.0,0.0,-6.37,0.0,0.0,-56.592,0.0,0.0,-5.076,0.0,0.0,0.4719194,0.0,0.0,21.64091939999999,0.0,0.0
ILE 124,87.682,0.0,0.0,-7.122,0.0,0.0,-58.607,0.0,0.0,-1.147,0.0,0.0,0.17598198,0.0,0.0,20.981981980000004,0.0,0.0
PRO 125,90.933,0.0,0.0,-6.882,0.0,0.0,-63.893,0.0,0.0,-2.013,0.0,0.0,0.34162802000000003,0.0,0.0,18.486628020000005,0.0,0.0
VAL 126,53.531,0.0,0.0,-10.835,0.0,0.0,-53.773,0.0,0.0,-1.847,0.0,0.0,0.0,0.0,0.0,-12.924000000000005,0.0,0.0
GLY 127,69.885,0.0,0.0,-5.465,0.0,0.0,-68.021,0.0,0.0,-3.304,0.0,0.0,0.0065853000000000005,0.0,0.0,-6.898414699999999,0.0,0.0
GLU 128,110.836,0.0,0.0,-6.413,0.0,0.0,-97.096,0.0,0.0,-51.82,0.0,0.0,0.4338818400000001,0.0,0.0,-44.059118160000004,0.0,0.0
ILE 129,84.262,0.0,0.0,-9.662,0.0,0.0,-66.895,0.0,0.0,-0.043,0.0,0.0,0.20011724,0.0,0.0,7.862117239999998,0.0,0.0
TYR 130,104.383,0.0,0.0,-16.911,0.0,0.0,-89.133,0.0,0.0,-0.971,0.0,0.0,0.0,0.0,0.0,-2.6320000000000014,0.0,0.0
LYS 131,144.371,0.0,0.0,-10.699,0.0,0.0,-160.298,0.0,0.0,20.186,0.0,0.0,0.02301874,0.0,0.0,-6.4169812600000045,0.0,0.0
ARG 132,-188.692,0.0,0.0,-8.343,0.0,0.0,35.673,0.0,0.0,-12.484,0.0,0.0,0.7598569000000001,0.0,0.0,-173.08614310000002,0.0,0.0
TRP 133,128.463,0.0,0.0,-18.779,0.0,0.0,-96.795,0.0,0.0,-2.782,0.0,0.0,0.11391214000000001,0.0,0.0,10.220912139999996,0.0,0.0
ILE 134,85.733,0.0,0.0,-10.032,0.0,0.0,-69.463,0.0,0.0,-0.766,0.0,0.0,0.01222752,0.0,0.0,5.4842275200000135,0.0,0.0
ILE 135,80.602,0.0,0.0,-9.997,0.0,0.0,-62.283,0.0,0.0,-0.568,0.0,0.0,0.09339744,0.0,0.0,7.8473974400000035,0.0,0.0
LEU 136,71.81,0.0,0.0,-6.98,0.0,0.0,-82.498,0.0,0.0,2.172,0.0,0.0,0.44820148000000004,0.0,0.0,-15.047798520000006,0.0,0.0
GLY 137,80.57,0.0,0.0,-5.991,0.0,0.0,-79.347,0.0,0.0,0.529,0.0,0.0,0.0,0.0,0.0,-4.239000000000001,0.0,0.0
LEU 138,68.07,0.0,0.0,-11.838,0.0,0.0,-67.75,0.0,0.0,-0.532,0.0,0.0,0.032227320000000004,0.0,0.0,-12.017772680000007,0.0,0.0
ASN 139,46.658,0.0,0.0,-8.827,0.0,0.0,-93.574,0.0,0.0,-9.658,0.0,0.0,0.32391546,0.0,0.0,-65.07708454,0.0,0.0
LYS 140,137.038,0.0,0.0,-9.64,0.0,0.0,-133.269,0.0,0.0,-5.427,0.0,0.0,0.39997974000000003,0.0,0.0,-10.898020259999996,0.0,0.0
ILE 141,91.001,0.0,0.0,-10.169,0.0,0.0,-75.718,0.0,0.0,-2.501,0.0,0.0,0.1526543,0.0,0.0,2.7656543000000045,0.0,0.0
VAL 142,68.631,0.0,0.0,-8.793,0.0,0.0,-57.938,0.0,0.0,-4.766,0.0,0.0,0.06364164000000001,0.0,0.0,-2.8023583600000013,0.0,0.0
ARG 143,-196.829,0.0,0.0,-7.645,0.0,0.0,70.086,0.0,0.0,-36.52,0.0,0.0,0.9927001000000001,0.0,0.0,-169.91529990000004,0.0,0.0
MET 144,92.233,0.0,0.0,-6.408,0.0,0.0,-74.342,0.0,0.0,-7.556,0.0,0.0,0.6505029800000001,0.0,0.0,4.577502980000004,0.0,0.0
TYR 145,90.774,0.0,0.0,-9.085,0.0,0.0,-84.282,0.0,0.0,-11.24,0.0,0.0,0.6133814000000001,0.0,0.0,-13.219618600000004,0.0,0.0
SER 146,98.315,0.0,0.0,-3.947,0.0,0.0,-72.46,0.0,0.0,-9.917,0.0,0.0,0.35641378,0.0,0.0,12.347413780000002,0.0,0.0
PRO 147,88.69,0.0,0.0,-5.899,0.0,0.0,-63.03,0.0,0.0,-6.271,0.0,0.0,0.37139466,0.0,0.0,13.861394659999995,0.0,0.0
THR 148,49.134,0.0,0.0,-3.166,0.0,0.0,-52.085,0.0,0.0,-7.993,0.0,0.0,0.55678576,0.0,0.0,-13.553214239999997,0.0,0.0
SER 149,61.502,0.0,0.0,-1.981,0.0,0.0,-42.147,0.0,0.0,-14.428,0.0,0.0,0.6810826200000001,0.0,0.0,3.6270826200000017,0.0,0.0
ILE 150,58.367,0.0,0.0,-0.986,0.0,0.0,-27.46,0.0,0.0,-9.124,0.0,0.0,1.26774884,0.0,0.0,22.064748839999996,0.0,0.0

Ligand:
Total Energy Decomposition:
Residue,Internal,,,van der Waals,,,Electrostatic,,,Polar Solvation,,,Non-Polar Solv.,,,TOTAL,,
,Avg.,Std. Dev.,Std. Err. of Mean,Avg.,Std. Dev.,Std. Err. of Mean,Avg.,Std. Dev.,Std. Err. of Mean,Avg.,Std. Dev.,Std. Err. of Mean,Avg.,Std. Dev.,Std. Err. of Mean,Avg.,Std. Dev.,Std. Err. of Mean
LEU   1,44.167,0.0,0.0,-2.314,0.0,0.0,-41.396,0.0,0.0,-4.67,0.0,0.0,0.9854047800000001,0.0,0.0,-3.227595219999999,0.0,0.0
ASP   2,100.409,0.0,0.0,-2.848,0.0,0.0,-74.027,0.0,0.0,-77.947,0.0,0.0,0.81885902,0.0,0.0,-53.59414098,0.0,0.0
ILE   3,104.436,0.0,0.0,-7.989,0.0,0.0,-71.41,0.0,0.0,-6.461,0.0,0.0,0.14868686,0.0,0.0,18.72468686000001,0.0,0.0
ARG   4,-187.87,0.0,0.0,-7.223,0.0,0.0,43.302,0.0,0.0,-20.517,0.0,0.0,0.9930253000000001,0.0,0.0,-171.31497470000002,0.0,0.0
GLN   5,35.273,0.0,0.0,-10.562,0.0,0.0,-90.383,0.0,0.0,-0.195,0.0,0.0,0.06250344000000001,0.0,0.0,-65.80449655999999,0.0,0.0
GLY   6,87.335,0.0,0.0,-3.202,0.0,0.0,-76.173,0.0,0.0,-3.709,0.0,0.0,0.12372776,0.0,0.0,4.3747277599999945,0.0,0.0
PRO   7,88.179,0.0,0.0,-4.968,0.0,0.0,-52.572,0.0,0.0,-7.929,0.0,0.0,0.6054411000000001,0.0,0.0,23.315441099999994,0.0,0.0
LYS   8,130.941,0.0,0.0,-5.308,0.0,0.0,-138.934,0.0,0.0,3.342,0.0,0.0,0.7644097000000001,0.0,0.0,-9.194590299999987,0.0,0.0
GLU   9,113.929,0.0,0.0,-6.616,0.0,0.0,-122.612,0.0,0.0,-31.227,0.0,0.0,0.19924462000000004,0.0,0.0,-46.326755379999994,0.0,0.0
PRO  10,80.565,0.0,0.0,-7.495,0.0,0.0,-60.445,0.0,0.0,-1.089,0.0,0.0,0.22661562000000002,0.0,0.0,11.762615619999993,0.0,0.0
PHE  11,108.711,0.0,0.0,-13.987,0.0,0.0,-77.567,0.0,0.0,-1.932,0.0,0.0,0.02465016,0.0,0.0,15.24965016000001,0.0,0.0
ARG  12,-198.521,0.0,0.0,-9.584,0.0,0.0,34.05,0.0,0.0,0.16,0.0,0.0,0.63352212,0.0,0.0,-173.26147788,0.0,0.0
ASP  13,89.437,0.0,0.0,-7.628,0.0,0.0,-72.068,0.0,0.0,-72.344,0.0,0.0,0.44722588,0.0,0.0,-62.15577412,0.0,0.0
TYR  14,97.7,0.0,0.0,-15.63,0.0,0.0,-96.272,0.0,0.0,-0.916,0.0,0.0,0.0,0.0,0.0,-15.117999999999999,0.0,0.0
VAL  15,46.433,0.0,0.0,-8.452,0.0,0.0,-54.264,0.0,0.0,1.843,0.0,0.0,0.025750420000000003,0.0,0.0,-14.414249580000002,0.0,0.0
ASP  16,112.365,0.0,0.0,-6.479,0.0,0.0,-122.718,0.0,0.0,-35.12,0.0,0.0,0.37216430000000006,0.0,0.0,-51.579835700000004,0.0,0.0
ARG  17,-186.307,0.0,0.0,-7.096,0.0,0.0,6.362,0.0,0.0,6.302,0.0,0.0,0.53751766,0.0,0.0,-180.20148234,0.0,0.0
PHE  18,102.297,0.0,0.0,-15.352,0.0,0.0,-83.472,0.0,0.0,-0.445,0.0,0.0,0.05285042,0.0,0.0,3.080850419999999,0.0,0.0
TYR  19,100.036,0.0,0.0,-9.731,0.0,0.0,-89.686,0.0,0.0,-3.019,0.0,0.0,0.50208712,0.0,0.0,-1.8979128800000002,0.0,0.0
LYS  20,137.224,0.0,0.0,-8.21,0.0,0.0,-136.97,0.0,0.0,-9.863,0.0,0.0,0.67374394,0.0,0.0,-17.145256060000015,0.0,0.0
THR  21,53.575,0.0,0.0,-6.115,0.0,0.0,-58.861,0.0,0.0,-4.086,0.0,0.0,0.26176432,0.0,0.0,-15.225235679999997,0.0,0.0
LEU  22,72.994,0.0,0.0,-11.865,0.0,0.0,-65.351,0.0,0.0,-2.528,0.0,0.0,0.04930574,0.0,0.0,-6.7006942600000015,0.0,0.0
ARG  23,-200.402,0.0,0.0,-7.231,0.0,0.0,84.979,0.0,0.0,-53.137,0.0,0.0,0.99189252,0.0,0.0,-174.79910748,0.0,0.0
ALA  24,87.411,0.0,0.0,-3.409,0.0,0.0,-81.304,0.0,0.0,-4.252,0.0,0.0,0.42754586,0.0,0.0,-1.1264541400000065,0.0,0.0
GLU  25,104.264,0.0,0.0,-5.587,0.0,0.0,-66.591,0.0,0.0,-88.405,0.0,0.0,0.65650834,0.0,0.0,-55.66249166,0.0,0.0
GLN  26,35.825,0.0,0.0,-4.251,0.0,0.0,-66.144,0.0,0.0,-17.256,0.0,0.0,0.90488526,0.0,0.0,-50.92111474000001,0.0,0.0
ALA  27,94.494,0.0,0.0,-5.915,0.0,0.0,-86.808,0.0,0.0,1.268,0.0,0.0,0.0689153,0.0,0.0,3.1079152999999864,0.0,0.0
SER  28,75.247,0.0,0.0,-3.697,0.0,0.0,-73.269,0.0,0.0,1.845,0.0,0.0,0.31063104,0.0,0.0,0.4366310399999917,0.0,0.0
GLN  29,29.713,0.0,0.0,-6.089,0.0,0.0,-64.354,0.0,0.0,-17.485,0.0,0.0,0.7717158600000001,0.0,0.0,-57.443284139999996,0.0,0.0
GLU  30,109.666,0.0,0.0,-4.561,0.0,0.0,-89.759,0.0,0.0,-68.002,0.0,0.0,0.74572154,0.0,0.0,-51.91027846000001,0.0,0.0
VAL  31,61.997,0.0,0.0,-7.125,0.0,0.0,-57.258,0.0,0.0,-1.751,0.0,0.0,0.23834992000000002,0.0,0.0,-3.898650080000002,0.0,0.0
LYS  32,111.005,0.0,0.0,-11.089,0.0,0.0,-79.669,0.0,0.0,-40.051,0.0,0.0,0.24160734,0.0,0.0,-19.56239266,0.0,0.0
ASN  33,35.943,0.0,0.0,-6.46,0.0,0.0,-90.61,0.0,0.0,-14.109,0.0,0.0,0.6258474,0.0,0.0,-74.6101526,0.0,0.0
TRP  34,128.012,0.0,0.0,-10.144,0.0,0.0,-91.75,0.0,0.0,-7.955,0.0,0.0,0.9588576200000001,0.0,0.0,19.121857619999997,0.0,0.0
MET  35,104.512,0.0,0.0,-9.839,0.0,0.0,-87.332,0.0,0.0,-1.643,0.0,0.0,0.19298452000000002,0.0,0.0,5.890984520000009,0.0,0.0
THR  36,45.54,0.0,0.0,-7.884,0.0,0.0,-53.462,0.0,0.0,-5.405,0.0,0.0,0.17389528000000004,0.0,0.0,-21.037104720000006,0.0,0.0
GLU  37,109.234,0.0,0.0,-4.968,0.0,0.0,-68.543,0.0,0.0,-84.286,0.0,0.0,0.6754946000000001,0.0,0.0,-47.887505400000016,0.0,0.0
THR  38,41.217,0.0,0.0,-7.456,0.0,0.0,-48.864,0.0,0.0,-1.191,0.0,0.0,0.22127692000000002,0.0,0.0,-16.07272308,0.0,0.0
LEU  39,60.814,0.0,0.0,-8.016,0.0,0.0,-64.965,0.0,0.0,0.216,0.0,0.0,0.22288666000000001,0.0,0.0,-11.728113340000002,0.0,0.0
LEU  40,83.194,0.0,0.0,-8.874,0.0,0.0,-92.571,0.0,0.0,1.255,0.0,0.0,0.029452280000000004,0.0,0.0,-16.96654771999999,0.0,0.0
VAL  41,53.88,0.0,0.0,-7.392,0.0,0.0,-55.432,0.0,0.0,1.384,0.0,0.0,0.28734672,0.0,0.0,-7.272653280000002,0.0,0.0
GLN  42,22.516,0.0,0.0,-8.025,0.0,0.0,-63.754,0.0,0.0,-8.894,0.0,0.0,0.5729753000000001,0.0,0.0,-57.58402469999999,0.0,0.0
ASN  43,16.573,0.0,0.0,-8.513,0.0,0.0,-78.136,0.0,0.0,-4.781,0.0,0.0,0.1588602,0.0,0.0,-74.69813979999999,0.0,0.0
ALA  44,92.849,0.0,0.0,-7.353,0.0,0.0,-81.816,0.0,0.0,0.369,0.0,0.0,0.03437906,0.0,0.0,4.083379060000007,0.0,0.0
ASN  45,41.301,0.0,0.0,-6.488,0.0,0.0,-95.171,0.0,0.0,-5.035,0.0,0.0,0.05042768,0.0,0.0,-65.34257232,0.0,0.0
PRO  46,79.148,0.0,0.0,-4.591,0.0,0.0,-59.903,0.0,0.0,-4.674,0.0,0.0,0.6279612,0.0,0.0,10.607961200000004,0.0,0.0
ASP  47,106.4,0.0,0.0,-6.746,0.0,0.0,-78.903,0.0,0.0,-78.902,0.0,0.0,0.44305790000000006,0.0,0.0,-57.7079421,0.0,0.0
CYX  48,101.424,0.0,0.0,-7.343,0.0,0.0,-83.151,0.0,0.0,-1.989,0.0,0.0,0.0009268200000000002,0.0,0.0,8.941926820000006,0.0,0.0
LYS  49,133.659,0.0,0.0,-9.516,0.0,0.0,-119.405,0.0,0.0,-26.306,0.0,0.0,0.4617027,0.0,0.0,-21.106297300000016,0.0,0.0
THR  50,52.547,0.0,0.0,-5.709,0.0,0.0,-69.363,0.0,0.0,-0.724,0.0,0.0,0.48696532000000003,0.0,0.0,-22.762034680000006,0.0,0.0
ILE  51,73.593,0.0,0.0,-6.858,0.0,0.0,-57.076,0.0,0.0,-1.562,0.0,0.0,0.24946092000000003,0.0,0.0,8.34646092,0.0,0.0
LEU  52,86.194,0.0,0.0,-8.287,0.0,0.0,-75.917,0.0,0.0,-6.548,0.0,0.0,0.19556444,0.0,0.0,-4.362435560000005,0.0,0.0
LYS  53,127.537,0.0,0.0,-6.043,0.0,0.0,-91.207,0.0,0.0,-41.051,0.0,0.0,1.04143674,0.0,0.0,-9.722563259999996,0.0,0.0
ALA  54,86.47,0.0,0.0,-4.216,0.0,0.0,-73.418,0.0,0.0,-5.378,0.0,0.0,0.51036346,0.0,0.0,3.968363459999998,0.0,0.0
LEU  55,76.139,0.0,0.0,-7.093,0.0,0.0,-70.483,0.0,0.0,-7.013,0.0,0.0,0.32006184000000004,0.0,0.0,-8.129938160000012,0.0,0.0
GLY  56,87.795,0.0,0.0,-3.322,0.0,0.0,-72.779,0.0,0.0,-8.409,0.0,0.0,0.1440365,0.0,0.0,3.429036500000002,0.0,0.0
PRO  57,83.816,0.0,0.0,-2.053,0.0,0.0,-51.861,0.0,0.0,-9.761,0.0,0.0,0.8555036400000001,0.0,0.0,20.996503640000007,0.0,0.0
GLY  58,66.986,0.0,0.0,-1.909,0.0,0.0,-61.297,0.0,0.0,-7.98,0.0,0.0,0.44812018000000003,0.0,0.0,-3.751879819999999,0.0,0.0
ALA  59,102.616,0.0,0.0,-4.491,0.0,0.0,-92.719,0.0,0.0,-1.188,0.0,0.0,0.16478968000000002,0.0,0.0,4.382789680000006,0.0,0.0
THR  60,47.28,0.0,0.0,-5.118,0.0,0.0,-56.534,0.0,0.0,-3.515,0.0,0.0,0.45262420000000003,0.0,0.0,-17.4343758,0.0,0.0
LEU  61,58.97,0.0,0.0,-6.557,0.0,0.0,-68.926,0.0,0.0,-2.119,0.0,0.0,0.36924834,0.0,0.0,-18.262751660000006,0.0,0.0
GLU  62,102.956,0.0,0.0,-6.125,0.0,0.0,-72.152,0.0,0.0,-86.672,0.0,0.0,0.7104807000000001,0.0,0.0,-61.2825193,0.0,0.0
GLU  63,101.138,0.0,0.0,-8.152,0.0,0.0,-65.05,0.0,0.0,-83.295,0.0,0.0,0.38723732,0.0,0.0,-54.97176268,0.0,0.0
MET  64,90.349,0.0,0.0,-11.222,0.0,0.0,-75.401,0.0,0.0,-2.647,0.0,0.0,0.04106734,0.0,0.0,1.1200673400000134,0.0,0.0
MET  65,96.361,0.0,0.0,-10.682,0.0,0.0,-85.322,0.0,0.0,-1.57,0.0,0.0,0.20463210000000004,0.0,0.0,-1.0083679000000008,0.0,0.0
THR  66,34.96,0.0,0.0,-5.076,0.0,0.0,-48.906,0.0,0.0,-2.218,0.0,0.0,0.47040722,0.0,0.0,-20.76959278,0.0,0.0
ALA  67,80.19,0.0,0.0,-4.993,0.0,0.0,-65.817,0.0,0.0,-3.081,0.0,0.0,0.22735816,0.0,0.0,6.52635816000001,0.0,0.0
CYX  68,92.864,0.0,0.0,-6.999,0.0,0.0,-80.418,0.0,0.0,0.054,0.0,0.0,0.011555440000000002,0.0,0.0,5.512555440000003,0.0,0.0
GLN  69,39.118,0.0,0.0,-7.111,0.0,0.0,-73.052,0.0,0.0,-7.806,0.0,0.0,0.33169858,0.0,0.0,-48.51930142,0.0,0.0
GLY  70,97.774,0.0,0.0,-4.986,0.0,0.0,-86.764,0.0,0.0,-3.281,0.0,0.0,0.08225934,0.0,0.0,2.8252593400000006,0.0,0.0
VAL  71,39.096,0.0,0.0,-1.802,0.0,0.0,-58.152,0.0,0.0,-65.591,0.0,0.0,0.8421379200000001,0.0,0.0,-85.60686208,0.0,0.0

DELTAS:
Total Energy Decomposition:
Residue,Location,Internal,,,van der Waals,,,Electrostatic,,,Polar Solvation,,,Non-Polar Solv.,,,TOTAL,,
,,Avg.,Std. Dev.,Std. Err. of Mean,Avg.,Std. Dev.,Std. Err. of Mean,Avg.,Std. Dev.,Std. Err. of Mean,Avg.,Std. Dev.,Std. Err. of Mean,Avg.,Std. Dev.,Std. Err. of Mean
PRO   1,R PRO   1,0.0,0.0,0.0,-0.0009999999999994458,0.0,0.0,-5.274000000000001,0.0,0.0,5.28,0.0,0.0,0.0,0.0,0.0,0.004999999999994564,0.0,0.0
ILE   2,R ILE   2,0.0,0.0,0.0,0.0,0.0,0.0,0.006000000000000227,0.0,0.0,-0.006000000000000227,0.0,0.0,0.0,0.0,0.0,0.0,0.0,0.0
VAL   3,R VAL   3,0.0,0.0,0.0,-0.001000000000000334,0.0,0.0,0.0009999999999976694,0.0,0.0,-0.001000000000000112,0.0,0.0,0.0,0.0,0.0,-0.001000000000000334,0.0,0.0
GLN   4,R GLN   4,0.0,0.0,0.0,0.0,0.0,0.0,-0.007999999999995566,0.0,0.0,0.007999999999999119,0.0,0.0,0.0,0.0,0.0,7.105427357601002e-15,0.0,0.0
ASN   5,R ASN   5,0.0,0.0,0.0,0.0,0.0,0.0,-0.02400000000000091,0.0,0.0,0.023999999999999133,0.0,0.0,0.0,0.0,0.0,0.0,0.0,0.0
LEU   6,R LEU   6,0.0,0.0,0.0,-0.0009999999999998899,0.0,0.0,-0.012000000000000455,0.0,0.0,0.011999999999999567,0.0,0.0,0.0,0.0,0.0,-0.001000000000005663,0.0,0.0
GLN   7,R GLN   7,0.0,0.0,0.0,0.0,0.0,0.0,-0.006999999999990791,0.0,0.0,0.0070000000000014495,0.0,0.0,0.0,0.0,0.0,7.105427357601002e-15,0.0,0.0
GLY   8,R GLY   8,0.0,0.0,0.0,0.0,0.0,0.0,0.011999999999986244,0.0,0.0,-0.01200000000000001,0.0,0.0,0.0,0.0,0.0,-1.3766765505351941e-14,0.0,0.0
GLN   9,R GLN   9,0.0,0.0,0.0,0.0,0.0,0.0,0.049000000000006594,0.0,0.0,-0.05000000000000071,0.0,0.0,0.0,0.0,0.0,-0.000999999999990564,0.0,0.0
MET  10,R MET  10,0.0,0.0,0.0,0.0,0.0,0.0,-0.019000000000005457,0.0,0.0,0.019000000000000128,0.0,0.0,0.0,0.0,0.0,-3.552713678800501e-15,0.0,0.0
VAL  11,R VAL  11,0.0,0.0,0.0,0.0,0.0,0.0,0.0010000000000047748,0.0,0.0,0.0,0.0,0.0,0.0,0.0,0.0,0.0010000000000047748,0.0,0.0
HID  12,R HID  12,0.0,0.0,0.0,-0.0009999999999994458,0.0,0.0,0.015000000000000568,0.0,0.0,-0.014000000000001123,0.0,0.0,0.0,0.0,0.0,-5.329070518200751e-15,0.0,0.0
GLN  13,R GLN  13,0.0,0.0,0.0,0.0,0.0,0.0,-0.060000000000002274,0.0,0.0,0.05900000000000105,0.0,0.0,0.0,0.0,0.0,-0.0009999999999976694,0.0,0.0
ALA  14,R ALA  14,0.0,0.0,0.0,0.0,0.0,0.0,-0.02599999999999625,0.0,0.0,0.026000000000000023,0.0,0.0,0.0,0.0,0.0,3.552713678800501e-15,0.0,0.0
ILE  15,R ILE  15,0.0,0.0,0.0,-0.0009999999999994458,0.0,0.0,0.055999999999997385,0.0,0.0,-0.05500000000000016,0.0,0.0,0.0,0.0,0.0,7.105427357601002e-15,0.0,0.0
SER  16,R SER  16,0.0,0.0,0.0,-0.0009999999999994458,0.0,0.0,0.0009999999999976694,0.0,0.0,-0.0030000000000001137,0.0,0.0,0.0,0.0,0.0,-0.0030000000000001137,0.0,0.0
PRO  17,R PRO  17,0.0,0.0,0.0,-0.001000000000000334,0.0,0.0,0.021000000000000796,0.0,0.0,-0.020999999999999908,0.0,0.0,0.0,0.0,0.0,-0.0010000000000047748,0.0,0.0
ARG  18,R ARG  18,0.0,0.0,0.0,-0.0039999999999995595,0.0,0.0,-6.380000000000003,0.0,0.0,6.402000000000001,0.0,0.0,0.0,0.0,0.0,0.018000000000029104,0.0,0.0
THR  19,R THR  19,0.0,0.0,0.0,-0.0030000000000001137,0.0,0.0,-0.036999999999999034,0.0,0.0,0.04400000000000004,0.0,0.0,0.0,0.0,0.0,0.003999999999997783,0.0,0.0
LEU  20,R LEU  20,0.0,0.0,0.0,-0.0030000000000001137,0.0,0.0,-0.06800000000000495,0.0,0.0,0.06899999999999995,0.0,0.0,0.0,0.0,0.0,-0.0020000000000042206,0.0,0.0
ASN  21,R ASN  21,0.0,0.0,0.0,-0.006000000000000227,0.0,0.0,-0.20199999999999818,0.0,0.0,0.22799999999999976,0.0,0.0,0.0,0.0,0.0,0.01999999999999602,0.0,0.0
ALA  22,R ALA  22,0.0,0.0,0.0,-0.008000000000000007,0.0,0.0,-0.3119999999999976,0.0,0.0,0.32200000000000006,0.0,0.0,0.0,0.0,0.0,0.002000000000006885,0.0,0.0
TRP  23,R TRP  23,0.0,0.0,0.0,-0.01600000000000179,0.0,0.0,-0.30100000000000193,0.0,0.0,0.3179999999999996,0.0,0.0,0.0,0.0,0.0,0.0010000000000065512,0.0,0.0
VAL  24,R VAL  24,0.0,0.0,0.0,-0.010999999999999233,0.0,0.0,-0.14300000000000068,0.0,0.0,0.17899999999999938,0.0,0.0,0.0,0.0,0.0,0.02500000000000302,0.0,0.0
LYS  25,R LYS  25,0.0,0.0,0.0,-0.0470000000000006,0.0,0.0,-8.495000000000005,0.0,0.0,8.718,0.0,0.0,0.0,0.0,0.0,0.17599999999996996,0.0,0.0
VAL  26,R VAL  26,0.0,0.0,0.0,-0.051000000000000156,0.0,0.0,-0.3259999999999934,0.0,0.0,0.3460000000000001,0.0,0.0,0.0,0.0,0.0,-0.030999999999988148,0.0,0.0
VAL  27,R VAL  27,0.0,0.0,0.0,-0.02999999999999936,0.0,0.0,-0.026000000000003354,0.0,0.0,0.08000000000000007,0.0,0.0,0.0,0.0,0.0,0.024000000000002686,0.0,0.0
GLU  28,R GLU  28,0.0,0.0,0.0,-0.16000000000000014,0.0,0.0,7.224000000000004,0.0,0.0,-6.435000000000002,0.0,0.0,0.0,0.0,0.0,0.6290000000000049,0.0,0.0
GLU  29,R GLU  29,0.0,0.0,0.0,-1.5009999999999994,0.0,0.0,-15.835999999999999,0.0,0.0,18.190000000000005,0.0,0.0,-0.30227882,0.0,0.0,0.5507211800000036,0.0,0.0
LYS  30,R LYS  30,0.0,0.0,0.0,-0.7990000000000004,0.0,0.0,20.141999999999996,0.0,0.0,-17.667,0.0,0.0,-0.048416860000000006,0.0,0.0,1.6275831400000023,0.0,0.0
ALA  31,R ALA  31,0.0,0.0,0.0,-0.23599999999999977,0.0,0.0,-0.914999999999992,0.0,0.0,1.4209999999999994,0.0,0.0,-0.003582619999999981,0.0,0.0,0.26641738000000315,0.0,0.0
PHE  32,R PHE  32,0.0,0.0,0.0,0.05900000000000105,0.0,0.0,0.5220000000000056,0.0,0.0,0.1769999999999996,0.0,0.0,-0.0017940200000000628,0.0,0.0,0.7562059800000025,0.0,0.0
SER  33,R SER  33,0.0,0.0,0.0,-1.7779999999999996,0.0,0.0,1.3290000000000006,0.0,0.0,0.06499999999999995,0.0,0.0,-0.18683282,0.0,0.0,-0.5708328200000032,0.0,0.0
PRO  34,R PRO  34,0.0,0.0,0.0,-1.3519999999999994,0.0,0.0,-1.3829999999999956,0.0,0.0,1.3830000000000002,0.0,0.0,-0.2014343,0.0,0.0,-1.553434299999985,0.0,0.0
GLU  35,R GLU  35,0.0,0.0,0.0,-0.4559999999999995,0.0,0.0,-36.715999999999994,0.0,0.0,34.941,0.0,0.0,-0.23084322000000004,0.0,0.0,-2.4618432199999845,0.0,0.0
VAL  36,R VAL  36,0.0,0.0,0.0,-0.08000000000000007,0.0,0.0,-0.3930000000000007,0.0,0.0,0.443,0.0,0.0,0.0,0.0,0.0,-0.030000000000006466,0.0,0.0
ILE  37,R ILE  37,0.0,0.0,0.0,-0.03900000000000148,0.0,0.0,-0.3230000000000004,0.0,0.0,0.34600000000000003,0.0,0.0,0.0,0.0,0.0,-0.01600000000000179,0.0,0.0
PRO  38,R PRO  38,0.0,0.0,0.0,-0.038000000000000256,0.0,0.0,0.392000000000003,0.0,0.0,-0.367,0.0,0.0,0.0,0.0,0.0,-0.012999999999994571,0.0,0.0
MET  39,R MET  39,0.0,0.0,0.0,-0.0649999999999995,0.0,0.0,0.2540000000000049,0.0,0.0,-0.17799999999999994,0.0,0.0,0.0,0.0,0.0,0.011000000000007226,0.0,0.0
PHE  40,R PHE  40,0.0,0.0,0.0,-0.009999999999999787,0.0,0.0,-0.08799999999999386,0.0,0.0,0.09599999999999986,0.0,0.0,0.0,0.0,0.0,-0.0019999999999988916,0.0,0.0
SER  41,R SER  41,0.0,0.0,0.0,-0.0039999999999995595,0.0,0.0,0.25900000000000034,0.0,0.0,-0.23899999999999988,0.0,0.0,0.0,0.0,0.0,0.01600000000000268,0.0,0.0
ALA  42,R ALA  42,0.0,0.0,0.0,-0.0039999999999995595,0.0,0.0,0.2950000000000017,0.0,0.0,-0.28400000000000025,0.0,0.0,0.0,0.0,0.0,0.0069999999999961204,0.0,0.0
LEU  43,R LEU  43,0.0,0.0,0.0,-0.006999999999999673,0.0,0.0,0.17300000000000182,0.0,0.0,-0.16399999999999992,0.0,0.0,0.0,0.0,0.0,0.001999999999997115,0.0,0.0
SER  44,R SER  44,0.0,0.0,0.0,-0.002000000000000668,0.0,0.0,0.14100000000000534,0.0,0.0,-0.135,0.0,0.0,0.0,0.0,0.0,0.003999999999996007,0.0,0.0
GLU  45,R GLU  45,0.0,0.0,0.0,-0.0019999999999997797,0.0,0.0,4.742000000000004,0.0,0.0,-4.742999999999995,0.0,0.0,0.0,0.0,0.0,-0.0030000000000001137,0.0,0.0
GLY  46,R GLY  46,0.0,0.0,0.0,-0.001000000000000334,0.0,0.0,-0.012000000000000455,0.0,0.0,0.011999999999999983,0.0,0.0,0.0,0.0,0.0,-0.0010000000000052467,0.0,0.0
ALA  47,R ALA  47,0.0,0.0,0.0,0.0,0.0,0.0,0.0239999999999867,0.0,0.0,-0.022999999999999687,0.0,0.0,0.0,0.0,0.0,0.0009999999999870113,0.0,0.0
THR  48,R THR  48,0.0,0.0,0.0,-0.0009999999999994458,0.0,0.0,0.03900000000000148,0.0,0.0,-0.038999999999999924,0.0,0.0,0.0,0.0,0.0,-0.000999999999995893,0.0,0.0
PRO  49,R PRO  49,0.0,0.0,0.0,-0.0010000000000012221,0.0,0.0,0.046999999999997044,0.0,0.0,-0.04700000000000015,0.0,0.0,0.0,0.0,0.0,-0.0009999999999923403,0.0,0.0
GLN  50,R GLN  50,0.0,0.0,0.0,0.0,0.0,0.0,0.07099999999999795,0.0,0.0,-0.0710000000000015,0.0,0.0,0.0,0.0,0.0,0.0,0.0,0.0
ASP  51,R ASP  51,0.0,0.0,0.0,-0.0009999999999994458,0.0,0.0,5.5190000000000055,0.0,0.0,-5.523999999999999,0.0,0.0,0.0,0.0,0.0,-0.005999999999993122,0.0,0.0
LEU  52,R LEU  52,0.0,0.0,0.0,-0.0010000000000012221,0.0,0.0,0.04899999999999238,0.0,0.0,-0.04799999999999982,0.0,0.0,0.0,0.0,0.0,-3.552713678800501e-15,0.0,0.0
ASN  53,R ASN  53,0.0,0.0,0.0,-0.0009999999999994458,0.0,0.0,0.13500000000000512,0.0,0.0,-0.135,0.0,0.0,0.0,0.0,0.0,-0.000999999999990564,0.0,0.0
THR  54,R THR  54,0.0,0.0,0.0,-0.0009999999999994458,0.0,0.0,0.07899999999999352,0.0,0.0,-0.07800000000000007,0.0,0.0,0.0,0.0,0.0,-3.552713678800501e-15,0.0,0.0
MET  55,R MET  55,0.0,0.0,0.0,-0.0030000000000001137,0.0,0.0,0.0759999999999934,0.0,0.0,-0.07200000000000006,0.0,0.0,0.0,0.0,0.0,0.0009999999999790177,0.0,0.0
LEU  56,R LEU  56,0.0,0.0,0.0,-0.002000000000000668,0.0,0.0,0.05300000000001148,0.0,0.0,-0.05199999999999999,0.0,0.0,0.0,0.0,0.0,-0.0009999999999985576,0.0,0.0
ASN  57,R ASN  57,0.0,0.0,0.0,-0.002000000000000668,0.0,0.0,0.1840000000000117,0.0,0.0,-0.18100000000000005,0.0,0.0,0.0,0.0,0.0,0.0010000000000189857,0.0,0.0
THR  58,R THR  58,0.0,0.0,0.0,-0.0030000000000001137,0.0,0.0,0.1039999999999992,0.0,0.0,-0.09299999999999997,0.0,0.0,0.0,0.0,0.0,0.007999999999999119,0.0,0.0
VAL  59,R VAL  59,0.0,0.0,0.0,-0.004999999999999005,0.0,0.0,0.12899999999999778,0.0,0.0,-0.119,0.0,0.0,0.0,0.0,0.0,0.005000000000000782,0.0,0.0
ALA  60,R ALA  60,0.0,0.0,0.0,-0.0019999999999997797,0.0,0.0,0.09100000000000108,0.0,0.0,-0.08699999999999974,0.0,0.0,0.0,0.0,0.0,0.001999999999995339,0.0,0.0
PRO  61,R PRO  61,0.0,0.0,0.0,-0.004000000000000448,0.0,0.0,0.12099999999999511,0.0,0.0,-0.1120000000000001,0.0,0.0,0.0,0.0,0.0,0.005000000000002558,0.0,0.0
HID  62,R HID  62,0.0,0.0,0.0,-0.009999999999999787,0.0,0.0,0.021000000000000796,0.0,0.0,0.0389999999999997,0.0,0.0,0.0,0.0,0.0,0.04999999999999538,0.0,0.0
GLN  63,R GLN  63,0.0,0.0,0.0,-0.008000000000000007,0.0,0.0,-0.14399999999999835,0.0,0.0,0.19000000000000128,0.0,0.0,0.0,0.0,0.0,0.03800000000000381,0.0,0.0
ALA  64,R ALA  64,0.0,0.0,0.0,-0.0040000000000000036,0.0,0.0,0.11700000000000443,0.0,0.0,-0.10200000000000031,0.0,0.0,0.0,0.0,0.0,0.010999999999999233,0.0,0.0
ALA  65,R ALA  65,0.0,0.0,0.0,-0.005000000000000782,0.0,0.0,0.020000000000010232,0.0,0.0,-0.004999999999999893,0.0,0.0,0.0,0.0,0.0,0.010000000000001563,0.0,0.0
ALA  66,R ALA  66,0.0,0.0,0.0,-0.002000000000000668,0.0,0.0,-0.015999999999991132,0.0,0.0,0.017999999999999794,0.0,0.0,0.0,0.0,0.0,-1.7763568394002505e-15,0.0,0.0
GLN  67,R GLN  67,0.0,0.0,0.0,-0.0030000000000001137,0.0,0.0,-0.027000000000001023,0.0,0.0,0.03200000000000003,0.0,0.0,0.0,0.0,0.0,0.0020000000000024443,0.0,0.0
MET  68,R MET  68,0.0,0.0,0.0,-0.005000000000000782,0.0,0.0,0.0,0.0,0.0,0.008000000000000007,0.0,0.0,0.0,0.0,0.0,0.0030000000000036664,0.0,0.0
LEU  69,R LEU  69,0.0,0.0,0.0,-0.0039999999999995595,0.0,0.0,0.019000000000005457,0.0,0.0,-0.016000000000000014,0.0,0.0,0.0,0.0,0.0,-0.0009999999999870113,0.0,0.0
LYS  70,R LYS  70,0.0,0.0,0.0,-0.0009999999999994458,0.0,0.0,-7.119,0.0,0.0,7.119999999999997,0.0,0.0,0.0,0.0,0.0,-7.105427357601002e-15,0.0,0.0
GLU  71,R GLU  71,0.0,0.0,0.0,-0.0009999999999994458,0.0,0.0,8.35199999999999,0.0,0.0,-8.338999999999999,0.0,0.0,0.0,0.0,0.0,0.011999999999986244,0.0,0.0
THR  72,R THR  72,0.0,0.0,0.0,-0.002000000000000668,0.0,0.0,0.017000000000003013,0.0,0.0,-0.015000000000000568,0.0,0.0,0.0,0.0,0.0,7.105427357601002e-15,0.0,0.0
ILE  73,R ILE  73,0.0,0.0,0.0,-0.0009999999999994458,0.0,0.0,-0.047999999999994714,0.0,0.0,0.04899999999999949,0.0,0.0,0.0,0.0,0.0,0.0,0.0,0.0
ASN  74,R ASN  74,0.0,0.0,0.0,-0.0009999999999994458,0.0,0.0,-0.15399999999999636,0.0,0.0,0.15399999999999991,0.0,0.0,0.0,0.0,0.0,-0.0010000000000047748,0.0,0.0
GLU  75,R GLU  75,0.0,0.0,0.0,-0.001000000000000334,0.0,0.0,6.86399999999999,0.0,0.0,-6.859999999999999,0.0,0.0,0.0,0.0,0.0,0.0030000000000001137,0.0,0.0
GLU  76,R GLU  76,0.0,0.0,0.0,0.0,0.0,0.0,7.280000000000001,0.0,0.0,-7.2749999999999915,0.0,0.0,0.0,0.0,0.0,0.005000000000009663,0.0,0.0
ALA  77,R ALA  77,0.0,0.0,0.0,0.0,0.0,0.0,-0.05500000000000682,0.0,0.0,0.053999999999999826,0.0,0.0,0.0,0.0,0.0,-0.0010000000000065512,0.0,0.0
ALA  78,R ALA  78,0.0,0.0,0.0,0.0,0.0,0.0,-0.08899999999999864,0.0,0.0,0.08900000000000002,0.0,0.0,0.0,0.0,0.0,8.881784197001252e-16,0.0,0.0
GLU  79,R GLU  79,0.0,0.0,0.0,-0.0009999999999994458,0.0,0.0,6.6030000000000015,0.0,0.0,-6.5989999999999895,0.0,0.0,0.0,0.0,0.0,0.003000000000007219,0.0,0.0
TRP  80,R TRP  80,0.0,0.0,0.0,-0.0010000000000012221,0.0,0.0,-0.006000000000000227,0.0,0.0,0.006000000000000227,0.0,0.0,0.0,0.0,0.0,-0.0010000000000047748,0.0,0.0
ASP  81,R ASP  81,0.0,0.0,0.0,0.0,0.0,0.0,5.6640000000000015,0.0,0.0,-5.6640000000000015,0.0,0.0,0.0,0.0,0.0,0.0,0.0,0.0
ARG  82,R ARG  82,0.0,0.0,0.0,0.0,0.0,0.0,-6.649000000000001,0.0,0.0,6.646000000000001,0.0,0.0,0.0,0.0,0.0,-0.002999999999985903,0.0,0.0
LEU  83,R LEU  83,0.0,0.0,0.0,0.0,0.0,0.0,-0.04200000000000159,0.0,0.0,0.04100000000000037,0.0,0.0,0.0,0.0,0.0,-0.0010000000000012221,0.0,0.0
HID  84,R HID  84,0.0,0.0,0.0,0.0,0.0,0.0,0.07099999999999795,0.0,0.0,-0.07099999999999973,0.0,0.0,0.0,0.0,0.0,0.0,0.0,0.0
PRO  85,R PRO  85,0.0,0.0,0.0,0.0,0.0,0.0,-0.016000000000005343,0.0,0.0,0.016000000000000014,0.0,0.0,0.0,0.0,0.0,-7.105427357601002e-15,0.0,0.0
VAL  86,R VAL  86,0.0,0.0,0.0,0.0,0.0,0.0,0.006000000000000227,0.0,0.0,-0.004999999999999893,0.0,0.0,0.0,0.0,0.0,0.001000000000000334,0.0,0.0
HID  87,R HID  87,0.0,0.0,0.0,0.0,0.0,0.0,0.03900000000000148,0.0,0.0,-0.03900000000000148,0.0,0.0,0.0,0.0,0.0,0.0,0.0,0.0
ALA  88,R ALA  88,0.0,0.0,0.0,0.0,0.0,0.0,0.02400000000000091,0.0,0.0,-0.023999999999999133,0.0,0.0,0.0,0.0,0.0,1.7763568394002505e-15,0.0,0.0
GLY  89,R GLY  89,0.0,0.0,0.0,0.0,0.0,0.0,0.05700000000000216,0.0,0.0,-0.05599999999999916,0.0,0.0,0.0,0.0,0.0,0.0010000000000029985,0.0,0.0
PRO  90,R PRO  90,0.0,0.0,0.0,0.0,0.0,0.0,-0.005000000000002558,0.0,0.0,0.004999999999999893,0.0,0.0,0.0,0.0,0.0,-3.552713678800501e-15,0.0,0.0
ILE  91,R ILE  91,0.0,0.0,0.0,0.0,0.0,0.0,-0.0379999999999967,0.0,0.0,0.038000000000000256,0.0,0.0,0.0,0.0,0.0,3.552713678800501e-15,0.0,0.0
ALA  92,R ALA  92,0.0,0.0,0.0,0.0,0.0,0.0,0.03700000000000614,0.0,0.0,-0.03699999999999992,0.0,0.0,0.0,0.0,0.0,3.552713678800501e-15,0.0,0.0
PRO  93,R PRO  93,0.0,0.0,0.0,0.0,0.0,0.0,0.0030000000000001137,0.0,0.0,-0.0029999999999992255,0.0,0.0,0.0,0.0,0.0,3.552713678800501e-15,0.0,0.0
GLY  94,R GLY  94,0.0,0.0,0.0,0.0,0.0,0.0,0.01300000000000523,0.0,0.0,-0.012000000000000455,0.0,0.0,0.0,0.0,0.0,0.0010000000000047748,0.0,0.0
GLN  95,R GLN  95,0.0,0.0,0.0,0.0,0.0,0.0,0.058000000000006935,0.0,0.0,-0.05799999999999983,0.0,0.0,0.0,0.0,0.0,1.4210854715202004e-14,0.0,0.0
MET  96,R MET  96,0.0,0.0,0.0,0.0,0.0,0.0,0.0049999999999954525,0.0,0.0,-0.004999999999999893,0.0,0.0,0.0,0.0,0.0,-5.329070518200751e-15,0.0,0.0
ARG  97,R ARG  97,0.0,0.0,0.0,0.0,0.0,0.0,-5.075000000000003,0.0,0.0,5.075000000000003,0.0,0.0,0.0,0.0,0.0,0.0,0.0,0.0
GLU  98,R GLU  98,0.0,0.0,0.0,0.0,0.0,0.0,5.124000000000002,0.0,0.0,-5.124000000000009,0.0,0.0,0.0,0.0,0.0,-7.105427357601002e-15,0.0,0.0
PRO  99,R PRO  99,0.0,0.0,0.0,0.0,0.0,0.0,-0.014000000000002899,0.0,0.0,0.014000000000000234,0.0,0.0,0.0,0.0,0.0,-3.552713678800501e-15,0.0,0.0
ARG 100,R ARG 100,0.0,0.0,0.0,0.0,0.0,0.0,-5.437999999999999,0.0,0.0,5.436999999999998,0.0,0.0,0.0,0.0,0.0,-0.0009999999999763531,0.0,0.0
GLY 101,R GLY 101,0.0,0.0,0.0,-0.0009999999999994458,0.0,0.0,0.015000000000000568,0.0,0.0,-0.015000000000000013,0.0,0.0,0.0,0.0,0.0,-0.0010000000000029985,0.0,0.0
SER 102,R SER 102,0.0,0.0,0.0,0.0,0.0,0.0,0.034000000000006025,0.0,0.0,-0.03400000000000025,0.0,0.0,0.0,0.0,0.0,5.773159728050814e-15,0.0,0.0
ASP 103,R ASP 103,0.0,0.0,0.0,0.0,0.0,0.0,5.397000000000006,0.0,0.0,-5.3969999999999985,0.0,0.0,0.0,0.0,0.0,7.105427357601002e-15,0.0,0.0
ILE 104,R ILE 104,0.0,0.0,0.0,-0.0009999999999994458,0.0,0.0,-0.019000000000005457,0.0,0.0,0.019000000000000003,0.0,0.0,0.0,0.0,0.0,-0.001000000000010104,0.0,0.0
ALA 105,R ALA 105,0.0,0.0,0.0,0.0,0.0,0.0,0.02400000000000091,0.0,0.0,-0.024999999999999994,0.0,0.0,0.0,0.0,0.0,-0.0009999999999991127,0.0,0.0
GLY 106,R GLY 106,0.0,0.0,0.0,0.0,0.0,0.0,0.02400000000000091,0.0,0.0,-0.02300000000000002,0.0,0.0,0.0,0.0,0.0,0.0010000000000012221,0.0,0.0
THR 107,R THR 107,0.0,0.0,0.0,-0.001000000000000334,0.0,0.0,-0.04700000000000415,0.0,0.0,0.0470000000000006,0.0,0.0,0.0,0.0,0.0,-0.0009999999999976694,0.0,0.0
THR 108,R THR 108,0.0,0.0,0.0,0.0,0.0,0.0,-0.035000000000003695,0.0,0.0,0.036000000000001364,0.0,0.0,0.0,0.0,0.0,0.0009999999999976694,0.0,0.0
SER 109,R SER 109,0.0,0.0,0.0,0.0,0.0,0.0,0.02599999999999625,0.0,0.0,-0.026000000000000023,0.0,0.0,0.0,0.0,0.0,-3.9968028886505635e-15,0.0,0.0
THR 110,R THR 110,0.0,0.0,0.0,0.0,0.0,0.0,-0.017000000000003013,0.0,0.0,0.017000000000000348,0.0,0.0,0.0,0.0,0.0,-3.552713678800501e-15,0.0,0.0
LEU 111,R LEU 111,0.0,0.0,0.0,0.0,0.0,0.0,-0.014000000000002899,0.0,0.0,0.01499999999999968,0.0,0.0,0.0,0.0,0.0,0.000999999999995893,0.0,0.0
GLN 112,R GLN 112,0.0,0.0,0.0,-0.001000000000000334,0.0,0.0,-0.055999999999997385,0.0,0.0,0.05600000000000094,0.0,0.0,0.0,0.0,0.0,-0.000999999999990564,0.0,0.0
GLU 113,R GLU 113,0.0,0.0,0.0,-0.0009999999999994458,0.0,0.0,5.042000000000002,0.0,0.0,-5.0419999999999945,0.0,0.0,0.0,0.0,0.0,-0.0009999999999976694,0.0,0.0
GLN 114,R GLN 114,0.0,0.0,0.0,0.0,0.0,0.0,-0.0350000000000108,0.0,0.0,0.0349999999999997,0.0,0.0,0.0,0.0,0.0,-1.4210854715202004e-14,0.0,0.0
ILE 115,R ILE 115,0.0,0.0,0.0,0.0,0.0,0.0,0.0,0.0,0.0,0.0009999999999998899,0.0,0.0,0.0,0.0,0.0,0.0009999999999994458,0.0,0.0
GLY 116,R GLY 116,0.0,0.0,0.0,0.0,0.0,0.0,-0.019000000000005457,0.0,0.0,0.018999999999999906,0.0,0.0,0.0,0.0,0.0,-5.773159728050814e-15,0.0,0.0
TRP 117,R TRP 117,0.0,0.0,0.0,0.0,0.0,0.0,0.01099999999999568,0.0,0.0,-0.01100000000000012,0.0,0.0,0.0,0.0,0.0,-3.552713678800501e-15,0.0,0.0
MET 118,R MET 118,0.0,0.0,0.0,-0.0009999999999994458,0.0,0.0,0.0,0.0,0.0,0.0,0.0,0.0,0.0,0.0,0.0,-0.000999999999990564,0.0,0.0
THR 119,R THR 119,0.0,0.0,0.0,0.0,0.0,0.0,-0.04200000000000159,0.0,0.0,0.041999999999999815,0.0,0.0,0.0,0.0,0.0,0.0,0.0,0.0
HID 120,R HID 120,0.0,0.0,0.0,-0.0010000000000012221,0.0,0.0,-0.021999999999998465,0.0,0.0,0.02200000000000024,0.0,0.0,0.0,0.0,0.0,-0.0010000000000029985,0.0,0.0
ASN 121,R ASN 121,0.0,0.0,0.0,0.0,0.0,0.0,0.013999999999995794,0.0,0.0,-0.013999999999999346,0.0,0.0,0.0,0.0,0.0,0.0,0.0,0.0
PRO 122,R PRO 122,0.0,0.0,0.0,0.0,0.0,0.0,-0.01899999999999835,0.0,0.0,0.018000000000000682,0.0,0.0,0.0,0.0,0.0,-0.0009999999999976694,0.0,0.0
PRO 123,R PRO 123,0.0,0.0,0.0,0.0,0.0,0.0,0.015999999999998238,0.0,0.0,-0.016000000000000014,0.0,0.0,0.0,0.0,0.0,0.0,0.0,0.0
ILE 124,R ILE 124,0.0,0.0,0.0,-0.001000000000000334,0.0,0.0,-0.02300000000000324,0.0,0.0,0.02400000000000002,0.0,0.0,0.0,0.0,0.0,-1.0658141036401503e-14,0.0,0.0
PRO 125,R PRO 125,0.0,0.0,0.0,0.0,0.0,0.0,0.04100000000000392,0.0,0.0,-0.040000000000000036,0.0,0.0,0.0,0.0,0.0,0.0010000000000012221,0.0,0.0
VAL 126,R VAL 126,0.0,0.0,0.0,0.0,0.0,0.0,0.07200000000000273,0.0,0.0,-0.07200000000000006,0.0,0.0,0.0,0.0,0.0,1.7763568394002505e-15,0.0,0.0
GLY 127,R GLY 127,0.0,0.0,0.0,0.0,0.0,0.0,0.03700000000000614,0.0,0.0,-0.03600000000000003,0.0,0.0,0.0,0.0,0.0,0.0010000000000065512,0.0,0.0
GLU 128,R GLU 128,0.0,0.0,0.0,-0.0009999999999994458,0.0,0.0,5.609000000000009,0.0,0.0,-5.612000000000002,0.0,0.0,0.0,0.0,0.0,-0.003999999999997783,0.0,0.0
ILE 129,R ILE 129,0.0,0.0,0.0,-0.0009999999999994458,0.0,0.0,0.09299999999998931,0.0,0.0,-0.09400000000000001,0.0,0.0,0.0,0.0,0.0,-0.002000000000001556,0.0,0.0
TYR 130,R TYR 130,0.0,0.0,0.0,-0.0009999999999976694,0.0,0.0,0.06399999999999295,0.0,0.0,-0.06500000000000006,0.0,0.0,0.0,0.0,0.0,-0.0019999999999975593,0.0,0.0
LYS 131,R LYS 131,0.0,0.0,0.0,-0.002000000000000668,0.0,0.0,-5.109999999999985,0.0,0.0,5.132999999999999,0.0,0.0,0.0,0.0,0.0,0.02100000000003277,0.0,0.0
ARG 132,R ARG 132,0.0,0.0,0.0,-0.002000000000000668,0.0,0.0,-6.2500000000000036,0.0,0.0,6.266,0.0,0.0,0.0,0.0,0.0,0.014000000000010004,0.0,0.0
TRP 133,R TRP 133,0.0,0.0,0.0,-0.0019999999999988916,0.0,0.0,0.15699999999999648,0.0,0.0,-0.15600000000000014,0.0,0.0,0.0,0.0,0.0,-0.0010000000000136566,0.0,0.0
ILE 134,R ILE 134,0.0,0.0,0.0,-0.0039999999999995595,0.0,0.0,0.2189999999999941,0.0,0.0,-0.21399999999999997,0.0,0.0,0.0,0.0,0.0,0.0009999999999887876,0.0,0.0
ILE 135,R ILE 135,0.0,0.0,0.0,-0.006000000000000227,0.0,0.0,0.24800000000000466,0.0,0.0,-0.2440000000000001,0.0,0.0,0.0,0.0,0.0,-0.001999999999996227,0.0,0.0
LEU 136,R LEU 136,0.0,0.0,0.0,-0.0039999999999995595,0.0,0.0,0.3020000000000067,0.0,0.0,-0.29800000000000004,0.0,0.0,0.0,0.0,0.0,1.5987211554602254e-14,0.0,0.0
GLY 137,R GLY 137,0.0,0.0,0.0,-0.0030000000000001137,0.0,0.0,0.3269999999999982,0.0,0.0,-0.31900000000000006,0.0,0.0,0.0,0.0,0.0,0.004999999999998117,0.0,0.0
LEU 138,R LEU 138,0.0,0.0,0.0,-0.017000000000001236,0.0,0.0,0.4539999999999935,0.0,0.0,-0.43299999999999994,0.0,0.0,0.0,0.0,0.0,0.003999999999990678,0.0,0.0
ASN 139,R ASN 139,0.0,0.0,0.0,-0.01699999999999946,0.0,0.0,0.5180000000000007,0.0,0.0,-0.45000000000000107,0.0,0.0,0.0,0.0,0.0,0.05100000000000193,0.0,0.0
LYS 140,R LYS 140,0.0,0.0,0.0,-0.008999999999998565,0.0,0.0,-8.292000000000002,0.0,0.0,8.306999999999999,0.0,0.0,0.0,0.0,0.0,0.005999999999996675,0.0,0.0
ILE 141,R ILE 141,0.0,0.0,0.0,-0.022999999999999687,0.0,0.0,0.6820000000000022,0.0,0.0,-0.621,0.0,0.0,0.0,0.0,0.0,0.03799999999999182,0.0,0.0
VAL 142,R VAL 142,0.0,0.0,0.0,-0.12100000000000044,0.0,0.0,0.9490000000000052,0.0,0.0,-0.8440000000000003,0.0,0.0,0.0,0.0,0.0,-0.01599999999999735,0.0,0.0
ARG 143,R ARG 143,0.0,0.0,0.0,-0.03200000000000003,0.0,0.0,-12.143999999999998,0.0,0.0,12.179000000000002,0.0,0.0,0.0,0.0,0.0,0.0030000000000427463,0.0,0.0
MET 144,R MET 144,0.0,0.0,0.0,-0.013999999999999346,0.0,0.0,0.45300000000000296,0.0,0.0,-0.4119999999999999,0.0,0.0,0.0,0.0,0.0,0.02700000000000724,0.0,0.0
TYR 145,R TYR 145,0.0,0.0,0.0,-0.03799999999999848,0.0,0.0,1.0930000000000035,0.0,0.0,-0.9740000000000002,0.0,0.0,0.0,0.0,0.0,0.08100000000000662,0.0,0.0
SER 146,R SER 146,0.0,0.0,0.0,-0.09600000000000009,0.0,0.0,-1.0390000000000015,0.0,0.0,1.3379999999999992,0.0,0.0,0.0,0.0,0.0,0.20299999999999407,0.0,0.0
PRO 147,R PRO 147,0.0,0.0,0.0,-1.3200000000000003,0.0,0.0,1.6720000000000041,0.0,0.0,-1.2090000000000005,0.0,0.0,-0.14097961999999997,0.0,0.0,-0.9979796199999882,0.0,0.0
THR 148,R THR 148,0.0,0.0,0.0,-2.546,0.0,0.0,-1.7389999999999972,0.0,0.0,4.871,0.0,0.0,-0.25359638,0.0,0.0,0.33240361999999557,0.0,0.0
SER 149,R SER 149,0.0,0.0,0.0,-3.933,0.0,0.0,-7.350999999999999,0.0,0.0,9.55,0.0,0.0,-0.4825480200000001,0.0,0.0,-2.2165480199999985,0.0,0.0
ILE 150,R ILE 150,17.994999999999997,0.0,0.0,-9.238999999999999,0.0,0.0,-26.003999999999998,0.0,0.0,5.458,0.0,0.0,-1.2349199000000002,0.0,0.0,-13.024919899999995,0.0,0.0
LEU 151,L LEU   1,19.533,0.0,0.0,-2.308,0.0,0.0,-25.144000000000005,0.0,0.0,1.126,0.0,0.0,-0.27335770000000004,0.0,0.0,-7.066357700000005,0.0,0.0
ASP 152,L ASP   2,0.0,0.0,0.0,-2.319,0.0,0.0,14.182000000000002,0.0,0.0,-12.344999999999999,0.0,0.0,-0.16197669999999997,0.0,0.0,-0.6439766999999961,0.0,0.0
ILE 153,L ILE   3,0.0,0.0,0.0,-1.6979999999999995,0.0,0.0,-0.4900000000000091,0.0,0.0,0.8050000000000006,0.0,0.0,-0.05948991999999999,0.0,0.0,-1.4424899200000034,0.0,0.0
ARG 154,L ARG   4,0.0,0.0,0.0,-0.10099999999999998,0.0,0.0,-12.643999999999998,0.0,0.0,12.741999999999999,0.0,0.0,0.0,0.0,0.0,-0.002999999999985903,0.0,0.0
GLN 155,L GLN   5,0.0,0.0,0.0,-0.02000000000000135,0.0,0.0,-0.19700000000000273,0.0,0.0,0.21200000000000002,0.0,0.0,0.0,0.0,0.0,-0.005000000000009663,0.0,0.0
GLY 156,L GLY   6,0.0,0.0,0.0,-0.006000000000000227,0.0,0.0,-0.08100000000000307,0.0,0.0,0.08599999999999985,0.0,0.0,0.0,0.0,0.0,-0.0010000000000038867,0.0,0.0
PRO 157,L PRO   7,0.0,0.0,0.0,-0.004999999999999893,0.0,0.0,-0.11399999999999721,0.0,0.0,0.11500000000000021,0.0,0.0,0.0,0.0,0.0,-0.003999999999990678,0.0,0.0
LYS 158,L LYS   8,0.0,0.0,0.0,-0.004000000000000448,0.0,0.0,-8.152999999999992,0.0,0.0,8.158,0.0,0.0,0.0,0.0,0.0,0.0010000000000029985,0.0,0.0
GLU 159,L GLU   9,0.0,0.0,0.0,-0.018000000000000682,0.0,0.0,16.128,0.0,0.0,-15.928,0.0,0.0,0.0,0.0,0.0,0.18200000000000216,0.0,0.0
PRO 160,L PRO  10,0.0,0.0,0.0,-0.008000000000000007,0.0,0.0,0.7680000000000007,0.0,0.0,-0.7610000000000001,0.0,0.0,0.0,0.0,0.0,-0.0009999999999941167,0.0,0.0
PHE 161,L PHE  11,0.0,0.0,0.0,-0.0129999999999999,0.0,0.0,0.6079999999999899,0.0,0.0,-0.5880000000000001,0.0,0.0,0.0,0.0,0.0,0.006999999999985462,0.0,0.0
ARG 162,L ARG  12,0.0,0.0,0.0,-0.015000000000000568,0.0,0.0,-8.403999999999996,0.0,0.0,8.44,0.0,0.0,0.0,0.0,0.0,0.021000000000015007,0.0,0.0
ASP 163,L ASP  13,0.0,0.0,0.0,-0.030999999999999694,0.0,0.0,14.302999999999997,0.0,0.0,-14.044000000000011,0.0,0.0,0.0,0.0,0.0,0.22799999999998022,0.0,0.0
TYR 164,L TYR  14,0.0,0.0,0.0,-0.07499999999999929,0.0,0.0,1.3730000000000047,0.0,0.0,-1.319,0.0,0.0,0.0,0.0,0.0,-0.020999999999997243,0.0,0.0
VAL 165,L VAL  15,0.0,0.0,0.0,-0.040000000000000924,0.0,0.0,0.9100000000000037,0.0,0.0,-0.9079999999999999,0.0,0.0,0.0,0.0,0.0,-0.03799999999999493,0.0,0.0
ASP 166,L ASP  16,0.0,0.0,0.0,-0.11099999999999977,0.0,0.0,21.519000000000005,0.0,0.0,-21.013000000000005,0.0,0.0,0.0,0.0,0.0,0.394999999999996,0.0,0.0
ARG 167,L ARG  17,0.0,0.0,0.0,-0.2759999999999998,0.0,0.0,-19.878,0.0,0.0,19.991,0.0,0.0,0.0,0.0,0.0,-0.16299999999995407,0.0,0.0
PHE 168,L PHE  18,0.0,0.0,0.0,-1.2850000000000001,0.0,0.0,0.6430000000000007,0.0,0.0,-0.36200000000000004,0.0,0.0,-0.050693260000000004,0.0,0.0,-1.054693259999996,0.0,0.0
TYR 169,L TYR  19,0.0,0.0,0.0,-0.1980000000000004,0.0,0.0,0.35600000000000875,0.0,0.0,-0.17099999999999982,0.0,0.0,0.0,0.0,0.0,-0.012999999999998568,0.0,0.0
LYS 170,L LYS  20,0.0,0.0,0.0,-1.9149999999999991,0.0,0.0,-30.804000000000002,0.0,0.0,32.102000000000004,0.0,0.0,-0.30077206000000006,0.0,0.0,-0.9177720599999937,0.0,0.0
THR 171,L THR  21,0.0,0.0,0.0,-2.8889999999999993,0.0,0.0,0.34199999999999875,0.0,0.0,0.9510000000000005,0.0,0.0,-0.2243338,0.0,0.0,-1.8203337999999931,0.0,0.0
LEU 172,L LEU  22,0.0,0.0,0.0,-1.359,0.0,0.0,-0.4620000000000033,0.0,0.0,0.6420000000000001,0.0,0.0,-0.04930574,0.0,0.0,-1.228305740000005,0.0,0.0
ARG 173,L ARG  23,0.0,0.0,0.0,-1.6159999999999997,0.0,0.0,-43.954,0.0,0.0,40.941,0.0,0.0,-0.3798878,0.0,0.0,-5.008887799999997,0.0,0.0
ALA 174,L ALA  24,0.0,0.0,0.0,-2.585,0.0,0.0,-3.2169999999999987,0.0,0.0,4.036,0.0,0.0,-0.42106896,0.0,0.0,-2.187068959999993,0.0,0.0
GLU 175,L GLU  25,0.0,0.0,0.0,-1.8120000000000003,0.0,0.0,8.967999999999996,0.0,0.0,-7.242000000000004,0.0,0.0,-0.2295099,0.0,0.0,-0.3155099000000092,0.0,0.0
GLN 176,L GLN  26,0.0,0.0,0.0,-1.3899999999999997,0.0,0.0,-2.0579999999999927,0.0,0.0,3.4619999999999997,0.0,0.0,-0.20058878000000002,0.0,0.0,-0.1865887799999939,0.0,0.0
ALA 177,L ALA  27,0.0,0.0,0.0,-0.125,0.0,0.0,0.5080000000000098,0.0,0.0,-0.362,0.0,0.0,0.0,0.0,0.0,0.02100000000001012,0.0,0.0
SER 178,L SER  28,0.0,0.0,0.0,-0.027000000000000135,0.0,0.0,0.46000000000000796,0.0,0.0,-0.44300000000000006,0.0,0.0,0.0,0.0,0.0,-0.009999999999993125,0.0,0.0
GLN 179,L GLN  29,0.0,0.0,0.0,-0.020999999999999908,0.0,0.0,-0.5090000000000003,0.0,0.0,0.5919999999999987,0.0,0.0,0.0,0.0,0.0,0.06199999999999761,0.0,0.0
GLU 180,L GLU  30,0.0,0.0,0.0,-0.014000000000000234,0.0,0.0,9.534000000000006,0.0,0.0,-9.462000000000003,0.0,0.0,0.0,0.0,0.0,0.058000000000006935,0.0,0.0
VAL 181,L VAL  31,0.0,0.0,0.0,-0.16300000000000026,0.0,0.0,-0.04299999999999926,0.0,0.0,0.1499999999999999,0.0,0.0,-0.0035988800000000265,0.0,0.0,-0.05959887999999669,0.0,0.0
LYS 182,L LYS  32,0.0,0.0,0.0,-0.11500000000000021,0.0,0.0,-18.768,0.0,0.0,19.238000000000003,0.0,0.0,0.0,0.0,0.0,0.3549999999999933,0.0,0.0
ASN 183,L ASN  33,0.0,0.0,0.0,-0.016000000000000014,0.0,0.0,-0.14000000000000057,0.0,0.0,0.16499999999999915,0.0,0.0,0.0,0.0,0.0,0.009000000000000341,0.0,0.0
TRP 184,L TRP  34,0.0,0.0,0.0,-0.03999999999999915,0.0,0.0,0.1560000000000059,0.0,0.0,-0.11999999999999922,0.0,0.0,0.0,0.0,0.0,-0.003999999999987125,0.0,0.0
MET 185,L MET  35,0.0,0.0,0.0,-0.9299999999999997,0.0,0.0,0.20399999999999352,0.0,0.0,0.03699999999999992,0.0,0.0,-0.08160352000000001,0.0,0.0,-0.7706035200000141,0.0,0.0
THR 186,L THR  36,0.0,0.0,0.0,-0.0519999999999996,0.0,0.0,0.25500000000000256,0.0,0.0,-0.17600000000000016,0.0,0.0,0.0,0.0,0.0,0.027000000000004576,0.0,0.0
GLU 187,L GLU  37,0.0,0.0,0.0,-0.01100000000000012,0.0,0.0,9.164000000000009,0.0,0.0,-9.119,0.0,0.0,0.0,0.0,0.0,0.03400000000001313,0.0,0.0
THR 188,L THR  38,0.0,0.0,0.0,-0.01699999999999946,0.0,0.0,-0.03900000000000148,0.0,0.0,0.06899999999999995,0.0,0.0,0.0,0.0,0.0,0.013000000000001677,0.0,0.0
LEU 189,L LEU  39,0.0,0.0,0.0,-0.3149999999999995,0.0,0.0,-0.11699999999999022,0.0,0.0,0.13699999999999998,0.0,0.0,-0.03009184000000001,0.0,0.0,-0.32509183999998825,0.0,0.0
LEU 190,L LEU  40,0.0,0.0,0.0,-0.05799999999999983,0.0,0.0,0.17499999999999716,0.0,0.0,-0.16399999999999992,0.0,0.0,0.0,0.0,0.0,-0.0470000000000077,0.0,0.0
VAL 191,L VAL  41,0.0,0.0,0.0,-0.009999999999999787,0.0,0.0,-0.05099999999999483,0.0,0.0,0.06900000000000017,0.0,0.0,0.0,0.0,0.0,0.008000000000007113,0.0,0.0
GLN 192,L GLN  42,0.0,0.0,0.0,-0.019000000000000128,0.0,0.0,0.08299999999999841,0.0,0.0,-0.02800000000000047,0.0,0.0,0.0,0.0,0.0,0.036000000000001364,0.0,0.0
ASN 193,L ASN  43,0.0,0.0,0.0,-0.08099999999999952,0.0,0.0,-0.4480000000000075,0.0,0.0,0.5270000000000001,0.0,0.0,-0.0016476799999999847,0.0,0.0,-0.003647680000014475,0.0,0.0
ALA 194,L ALA  44,0.0,0.0,0.0,-0.007000000000000561,0.0,0.0,-0.006999999999990791,0.0,0.0,0.014000000000000012,0.0,0.0,0.0,0.0,0.0,4.440892098500626e-15,0.0,0.0
ASN 195,L ASN  45,0.0,0.0,0.0,-0.0039999999999995595,0.0,0.0,-0.41899999999999693,0.0,0.0,0.4249999999999998,0.0,0.0,0.0,0.0,0.0,0.001999999999995339,0.0,0.0
PRO 196,L PRO  46,0.0,0.0,0.0,-0.0019999999999997797,0.0,0.0,-0.10099999999999909,0.0,0.0,0.0990000000000002,0.0,0.0,0.0,0.0,0.0,-0.004000000000008441,0.0,0.0
ASP 197,L ASP  47,0.0,0.0,0.0,-0.0009999999999994458,0.0,0.0,7.571000000000012,0.0,0.0,-7.560999999999993,0.0,0.0,0.0,0.0,0.0,0.009000000000014552,0.0,0.0
CYX 198,L CYX  48,0.0,0.0,0.0,-0.0019999999999997797,0.0,0.0,-0.23799999999999955,0.0,0.0,0.2410000000000001,0.0,0.0,0.0,0.0,0.0,0.0010000000000065512,0.0,0.0
LYS 199,L LYS  49,0.0,0.0,0.0,-0.0039999999999995595,0.0,0.0,-9.823000000000008,0.0,0.0,9.829,0.0,0.0,0.0,0.0,0.0,0.0020000000000024443,0.0,0.0
THR 200,L THR  50,0.0,0.0,0.0,0.0,0.0,0.0,-0.16899999999999693,0.0,0.0,0.16999999999999993,0.0,0.0,0.0,0.0,0.0,0.0010000000000047748,0.0,0.0
ILE 201,L ILE  51,0.0,0.0,0.0,-0.002000000000000668,0.0,0.0,-0.1739999999999995,0.0,0.0,0.17500000000000004,0.0,0.0,0.0,0.0,0.0,-0.000999999999995893,0.0,0.0
LEU 202,L LEU  52,0.0,0.0,0.0,-0.0019999999999988916,0.0,0.0,-0.19700000000000273,0.0,0.0,0.19700000000000006,0.0,0.0,0.0,0.0,0.0,-0.0019999999999980034,0.0,0.0
LYS 203,L LYS  53,0.0,0.0,0.0,-0.0009999999999994458,0.0,0.0,-7.346000000000004,0.0,0.0,7.341999999999999,0.0,0.0,0.0,0.0,0.0,-0.0049999999999954525,0.0,0.0
ALA 204,L ALA  54,0.0,0.0,0.0,-0.0009999999999994458,0.0,0.0,-0.11899999999999977,0.0,0.0,0.11800000000000033,0.0,0.0,0.0,0.0,0.0,-0.0020000000000042206,0.0,0.0
LEU 205,L LEU  55,0.0,0.0,0.0,-0.001000000000000334,0.0,0.0,-0.125,0.0,0.0,0.125,0.0,0.0,0.0,0.0,0.0,-0.000999999999990564,0.0,0.0
GLY 206,L GLY  56,0.0,0.0,0.0,0.0,0.0,0.0,0.13599999999999568,0.0,0.0,-0.1349999999999998,0.0,0.0,0.0,0.0,0.0,0.000999999999995893,0.0,0.0
PRO 207,L PRO  57,0.0,0.0,0.0,0.0,0.0,0.0,-0.08200000000000074,0.0,0.0,0.08299999999999841,0.0,0.0,0.0,0.0,0.0,0.0009999999999976694,0.0,0.0
GLY 208,L GLY  58,0.0,0.0,0.0,0.0,0.0,0.0,-0.06400000000000006,0.0,0.0,0.06500000000000039,0.0,0.0,0.0,0.0,0.0,0.001000000000000334,0.0,0.0
ALA 209,L ALA  59,0.0,0.0,0.0,0.0,0.0,0.0,0.15799999999998704,0.0,0.0,-0.15600000000000014,0.0,0.0,0.0,0.0,0.0,0.001999999999986457,0.0,0.0
THR 210,L THR  60,0.0,0.0,0.0,-0.0009999999999994458,0.0,0.0,0.01099999999999568,0.0,0.0,-0.006999999999999673,0.0,0.0,0.0,0.0,0.0,0.0030000000000001137,0.0,0.0
LEU 211,L LEU  61,0.0,0.0,0.0,-0.005999999999999339,0.0,0.0,-0.04800000000000182,0.0,0.0,0.052000000000000046,0.0,0.0,0.0,0.0,0.0,-0.0020000000000024443,0.0,0.0
GLU 212,L GLU  62,0.0,0.0,0.0,-0.0019999999999997797,0.0,0.0,6.8870000000000005,0.0,0.0,-6.878,0.0,0.0,0.0,0.0,0.0,0.007000000000005002,0.0,0.0
GLU 213,L GLU  63,0.0,0.0,0.0,-0.0010000000000012221,0.0,0.0,6.909999999999997,0.0,0.0,-6.902999999999992,0.0,0.0,0.0,0.0,0.0,0.006000000000000227,0.0,0.0
MET 214,L MET  64,0.0,0.0,0.0,-0.0030000000000001137,0.0,0.0,-0.27200000000000557,0.0,0.0,0.2739999999999996,0.0,0.0,0.0,0.0,0.0,-0.0010000000000061071,0.0,0.0
MET 215,L MET  65,0.0,0.0,0.0,-0.006000000000000227,0.0,0.0,0.21399999999999864,0.0,0.0,-0.20399999999999996,0.0,0.0,0.0,0.0,0.0,0.003999999999998449,0.0,0.0
THR 216,L THR  66,0.0,0.0,0.0,-0.002000000000000668,0.0,0.0,-0.11899999999999977,0.0,0.0,0.1200000000000001,0.0,0.0,0.0,0.0,0.0,-0.0009999999999976694,0.0,0.0
ALA 217,L ALA  67,0.0,0.0,0.0,-0.0009999999999994458,0.0,0.0,-0.07800000000000296,0.0,0.0,0.07799999999999985,0.0,0.0,0.0,0.0,0.0,-0.0010000000000083276,0.0,0.0
CYX 218,L CYX  68,0.0,0.0,0.0,-0.0030000000000001137,0.0,0.0,0.32100000000001216,0.0,0.0,-0.316,0.0,0.0,0.0,0.0,0.0,0.002000000000011326,0.0,0.0
GLN 219,L GLN  69,0.0,0.0,0.0,-0.0030000000000001137,0.0,0.0,0.31100000000000705,0.0,0.0,-0.2939999999999996,0.0,0.0,0.0,0.0,0.0,0.014000000000002899,0.0,0.0
GLY 220,L GLY  70,0.0,0.0,0.0,-0.001000000000000334,0.0,0.0,0.0030000000000001137,0.0,0.0,0.0,0.0,0.0,0.0,0.0,0.0,0.0020000000000095497,0.0,0.0
VAL 221,L VAL  71,0.0,0.0,0.0,-0.0020000000000000018,0.0,0.0,7.670000000000002,0.0,0.0,-7.660000000000011,0.0,0.0,0.0,0.0,0.0,0.007999999999995566,0.0,0.0

idecomp = 1: Per-residue decomp adding 1-4 interactions to Internal.
Energy Decomposition Analysis (All units kcal/mol): Poisson Boltzmann solvent
Complex:
Total Energy Decomposition:
Residue,Internal,,,van der Waals,,,Electrostatic,,,Polar Solvation,,,Non-Polar Solv.,,,TOTAL,,
,Avg.,Std. Dev.,Std. Err. of Mean,Avg.,Std. Dev.,Std. Err. of Mean,Avg.,Std. Dev.,Std. Err. of Mean,Avg.,Std. Dev.,Std. Err. of Mean,Avg.,Std. Dev.,Std. Err. of Mean,Avg.,Std. Dev.,Std. Err. of Mean
PRO   1,102.613,0.0,0.0,-5.31,0.0,0.0,-105.33,0.0,0.0,7.097,0.0,0.0,0.0,0.0,0.0,-0.9300000000000006,0.0,0.0
ILE   2,97.25,0.0,0.0,-8.471,0.0,0.0,-72.097,0.0,0.0,-3.987,0.0,0.0,0.0,0.0,0.0,12.695000000000002,0.0,0.0
VAL   3,56.402,0.0,0.0,-5.266,0.0,0.0,-51.725,0.0,0.0,-1.025,0.0,0.0,0.0,0.0,0.0,-1.6139999999999985,0.0,0.0
GLN   4,23.965,0.0,0.0,-5.941,0.0,0.0,-58.233,0.0,0.0,-14.592,0.0,0.0,0.0,0.0,0.0,-54.800999999999995,0.0,0.0
ASN   5,38.865,0.0,0.0,-5.221,0.0,0.0,-87.218,0.0,0.0,-11.534,0.0,0.0,0.0,0.0,0.0,-65.108,0.0,0.0
LEU   6,68.666,0.0,0.0,-2.268,0.0,0.0,-65.258,0.0,0.0,-5.925,0.0,0.0,0.0,0.0,0.0,-4.784999999999999,0.0,0.0
GLN   7,35.063,0.0,0.0,-3.3,0.0,0.0,-73.692,0.0,0.0,-13.606,0.0,0.0,0.0,0.0,0.0,-55.53499999999999,0.0,0.0
GLY   8,78.777,0.0,0.0,-3.462,0.0,0.0,-75.558,0.0,0.0,-2.04,0.0,0.0,0.0,0.0,0.0,-2.2830000000000092,0.0,0.0
GLN   9,33.467,0.0,0.0,-3.788,0.0,0.0,-76.377,0.0,0.0,-8.042,0.0,0.0,0.0,0.0,0.0,-54.739999999999995,0.0,0.0
MET  10,102.351,0.0,0.0,-9.65,0.0,0.0,-78.304,0.0,0.0,-4.858,0.0,0.0,0.0,0.0,0.0,9.53899999999999,0.0,0.0
VAL  11,51.889,0.0,0.0,-5.263,0.0,0.0,-55.035,0.0,0.0,-2.059,0.0,0.0,0.0,0.0,0.0,-10.467999999999993,0.0,0.0
HID  12,90.077,0.0,0.0,-11.054,0.0,0.0,-61.009,0.0,0.0,-5.922,0.0,0.0,0.0,0.0,0.0,12.091999999999995,0.0,0.0
GLN  13,37.167,0.0,0.0,-5.401,0.0,0.0,-71.416,0.0,0.0,-12.971,0.0,0.0,0.0,0.0,0.0,-52.620999999999995,0.0,0.0
ALA  14,96.794,0.0,0.0,-4.451,0.0,0.0,-84.491,0.0,0.0,-0.284,0.0,0.0,0.0,0.0,0.0,7.568000000000004,0.0,0.0
ILE  15,95.537,0.0,0.0,-9.118,0.0,0.0,-74.699,0.0,0.0,-2.54,0.0,0.0,0.0,0.0,0.0,9.180000000000014,0.0,0.0
SER  16,65.354,0.0,0.0,-4.978,0.0,0.0,-50.014,0.0,0.0,-6.807,0.0,0.0,0.0,0.0,0.0,3.5549999999999944,0.0,0.0
PRO  17,90.819,0.0,0.0,-4.985,0.0,0.0,-59.183,0.0,0.0,-2.959,0.0,0.0,0.0,0.0,0.0,23.692000000000004,0.0,0.0
ARG  18,-183.003,0.0,0.0,-5.345,0.0,0.0,57.889,0.0,0.0,-34.492,0.0,0.0,0.0,0.0,0.0,-164.95099999999996,0.0,0.0
THR  19,45.447,0.0,0.0,-7.673,0.0,0.0,-57.163,0.0,0.0,-1.755,0.0,0.0,0.0,0.0,0.0,-21.143999999999995,0.0,0.0
LEU  20,56.399,0.0,0.0,-10.055,0.0,0.0,-58.246,0.0,0.0,-1.654,0.0,0.0,0.0,0.0,0.0,-13.556000000000001,0.0,0.0
ASN  21,37.742,0.0,0.0,-6.929,0.0,0.0,-90.773,0.0,0.0,-7.937,0.0,0.0,0.0,0.0,0.0,-67.897,0.0,0.0
ALA  22,93.26,0.0,0.0,-5.176,0.0,0.0,-82.578,0.0,0.0,-1.685,0.0,0.0,0.0,0.0,0.0,3.821,0.0,0.0
TRP  23,134.598,0.0,0.0,-18.666,0.0,0.0,-95.497,0.0,0.0,-2.134,0.0,0.0,0.0,0.0,0.0,18.301000000000016,0.0,0.0
VAL  24,68.314,0.0,0.0,-8.696,0.0,0.0,-52.875,0.0,0.0,-4.701,0.0,0.0,0.0,0.0,0.0,2.0419999999999954,0.0,0.0
LYS  25,136.35,0.0,0.0,-7.485,0.0,0.0,-116.458,0.0,0.0,-7.748,0.0,0.0,0.0,0.0,0.0,4.658999999999982,0.0,0.0
VAL  26,65.595,0.0,0.0,-8.903,0.0,0.0,-65.848,0.0,0.0,-2.091,0.0,0.0,0.0,0.0,0.0,-11.247,0.0,0.0
VAL  27,47.013,0.0,0.0,-6.736,0.0,0.0,-42.514,0.0,0.0,-3.287,0.0,0.0,0.0,0.0,0.0,-5.524000000000002,0.0,0.0
GLU  28,98.401,0.0,0.0,-5.597,0.0,0.0,-59.482,0.0,0.0,-89.71,0.0,0.0,0.0,0.0,0.0,-56.38799999999999,0.0,0.0
GLU  29,110.892,0.0,0.0,-8.357,0.0,0.0,-105.714,0.0,0.0,-47.139,0.0,0.0,0.0,0.0,0.0,-50.318000000000005,0.0,0.0
LYS  30,114.717,0.0,0.0,-8.532,0.0,0.0,-139.747,0.0,0.0,15.33,0.0,0.0,0.0,0.0,0.0,-18.232000000000014,0.0,0.0
ALA  31,84.841,0.0,0.0,-4.691,0.0,0.0,-74.27,0.0,0.0,-5.523,0.0,0.0,0.0,0.0,0.0,0.35699999999999577,0.0,0.0
PHE  32,107.228,0.0,0.0,-8.806,0.0,0.0,-74.267,0.0,0.0,-6.327,0.0,0.0,0.0,0.0,0.0,17.828000000000003,0.0,0.0
SER  33,87.699,0.0,0.0,-6.709,0.0,0.0,-62.176,0.0,0.0,-1.614,0.0,0.0,0.0,0.0,0.0,17.199999999999992,0.0,0.0
PRO  34,77.831,0.0,0.0,-6.645,0.0,0.0,-58.525,0.0,0.0,0.095,0.0,0.0,0.0,0.0,0.0,12.756000000000009,0.0,0.0
GLU  35,107.035,0.0,0.0,-5.499,0.0,0.0,-133.768,0.0,0.0,-25.716,0.0,0.0,0.0,0.0,0.0,-57.948,0.0,0.0
VAL  36,52.366,0.0,0.0,-10.255,0.0,0.0,-54.351,0.0,0.0,0.599,0.0,0.0,0.0,0.0,0.0,-11.641000000000002,0.0,0.0
ILE  37,88.019,0.0,0.0,-9.8,0.0,0.0,-58.519,0.0,0.0,-0.037,0.0,0.0,0.0,0.0,0.0,19.66300000000001,0.0,0.0
PRO  38,80.208,0.0,0.0,-6.308,0.0,0.0,-57.848,0.0,0.0,-1.822,0.0,0.0,0.0,0.0,0.0,14.230000000000008,0.0,0.0
MET  39,90.794,0.0,0.0,-10.697,0.0,0.0,-70.675,0.0,0.0,-0.689,0.0,0.0,0.0,0.0,0.0,8.732999999999997,0.0,0.0
PHE  40,107.75,0.0,0.0,-14.825,0.0,0.0,-83.506,0.0,0.0,-0.416,0.0,0.0,0.0,0.0,0.0,9.002999999999997,0.0,0.0
SER  41,64.894,0.0,0.0,-7.387,0.0,0.0,-54.524,0.0,0.0,-4.926,0.0,0.0,0.0,0.0,0.0,-1.942999999999996,0.0,0.0
ALA  42,84.287,0.0,0.0,-4.997,0.0,0.0,-67.395,0.0,0.0,-2.958,0.0,0.0,0.0,0.0,0.0,8.93700000000001,0.0,0.0
LEU  43,75.925,0.0,0.0,-9.408,0.0,0.0,-78.34,0.0,0.0,-0.742,0.0,0.0,0.0,0.0,0.0,-12.565000000000008,0.0,0.0
SER  44,73.686,0.0,0.0,-6.522,0.0,0.0,-74.856,0.0,0.0,-0.537,0.0,0.0,0.0,0.0,0.0,-8.228999999999994,0.0,0.0
GLU  45,98.109,0.0,0.0,-3.828,0.0,0.0,-87.538,0.0,0.0,-69.527,0.0,0.0,0.0,0.0,0.0,-62.784000000000006,0.0,0.0
GLY  46,73.127,0.0,0.0,-4.016,0.0,0.0,-69.069,0.0,0.0,0.412,0.0,0.0,0.0,0.0,0.0,0.45399999999998736,0.0,0.0
ALA  47,100.083,0.0,0.0,-6.124,0.0,0.0,-85.918,0.0,0.0,-2.33,0.0,0.0,0.0,0.0,0.0,5.710999999999997,0.0,0.0
THR  48,56.579,0.0,0.0,-10.602,0.0,0.0,-55.134,0.0,0.0,-0.148,0.0,0.0,0.0,0.0,0.0,-9.304999999999996,0.0,0.0
PRO  49,75.358,0.0,0.0,-10.425,0.0,0.0,-55.664,0.0,0.0,0.369,0.0,0.0,0.0,0.0,0.0,9.638000000000005,0.0,0.0
GLN  50,33.431,0.0,0.0,-8.336,0.0,0.0,-71.316,0.0,0.0,-8.279,0.0,0.0,0.0,0.0,0.0,-54.5,0.0,0.0
ASP  51,90.649,0.0,0.0,-9.994,0.0,0.0,-122.314,0.0,0.0,-20.553,0.0,0.0,0.0,0.0,0.0,-62.21199999999999,0.0,0.0
LEU  52,64.391,0.0,0.0,-14.053,0.0,0.0,-72.882,0.0,0.0,1.282,0.0,0.0,0.0,0.0,0.0,-21.261999999999997,0.0,0.0
ASN  53,36.725,0.0,0.0,-8.325,0.0,0.0,-105.44,0.0,0.0,-1.255,0.0,0.0,0.0,0.0,0.0,-78.29499999999999,0.0,0.0
THR  54,53.816,0.0,0.0,-7.27,0.0,0.0,-65.405,0.0,0.0,-0.699,0.0,0.0,0.0,0.0,0.0,-19.557999999999996,0.0,0.0
MET  55,83.214,0.0,0.0,-12.567,0.0,0.0,-67.183,0.0,0.0,-0.265,0.0,0.0,0.0,0.0,0.0,3.1989999999999843,0.0,0.0
LEU  56,76.043,0.0,0.0,-10.704,0.0,0.0,-72.758,0.0,0.0,0.003,0.0,0.0,0.0,0.0,0.0,-7.415999999999997,0.0,0.0
ASN  57,30.981,0.0,0.0,-6.626,0.0,0.0,-94.064,0.0,0.0,-5.128,0.0,0.0,0.0,0.0,0.0,-74.83699999999999,0.0,0.0
THR  58,57.401,0.0,0.0,-7.822,0.0,0.0,-63.421,0.0,0.0,-2.145,0.0,0.0,0.0,0.0,0.0,-15.986999999999998,0.0,0.0
VAL  59,43.545,0.0,0.0,-8.181,0.0,0.0,-43.085,0.0,0.0,-1.174,0.0,0.0,0.0,0.0,0.0,-8.894999999999996,0.0,0.0
ALA  60,88.475,0.0,0.0,-4.114,0.0,0.0,-62.772,0.0,0.0,-3.341,0.0,0.0,0.0,0.0,0.0,18.24799999999999,0.0,0.0
PRO  61,78.214,0.0,0.0,-4.66,0.0,0.0,-54.813,0.0,0.0,-3.781,0.0,0.0,0.0,0.0,0.0,14.959999999999999,0.0,0.0
HID  62,100.63,0.0,0.0,-6.822,0.0,0.0,-72.609,0.0,0.0,-7.441,0.0,0.0,0.0,0.0,0.0,13.758,0.0,0.0
GLN  63,28.529,0.0,0.0,-2.436,0.0,0.0,-60.28,0.0,0.0,-15.738,0.0,0.0,0.0,0.0,0.0,-49.925,0.0,0.0
ALA  64,81.703,0.0,0.0,-3.539,0.0,0.0,-67.351,0.0,0.0,-3.889,0.0,0.0,0.0,0.0,0.0,6.924000000000003,0.0,0.0
ALA  65,87.241,0.0,0.0,-5.549,0.0,0.0,-71.24,0.0,0.0,-1.786,0.0,0.0,0.0,0.0,0.0,8.665999999999999,0.0,0.0
ALA  66,94.53,0.0,0.0,-6.73,0.0,0.0,-78.853,0.0,0.0,-2.303,0.0,0.0,0.0,0.0,0.0,6.644000000000003,0.0,0.0
GLN  67,41.486,0.0,0.0,-5.707,0.0,0.0,-77.272,0.0,0.0,-9.4,0.0,0.0,0.0,0.0,0.0,-50.89300000000001,0.0,0.0
MET  68,89.825,0.0,0.0,-9.252,0.0,0.0,-72.289,0.0,0.0,0.1,0.0,0.0,0.0,0.0,0.0,8.384000000000006,0.0,0.0
LEU  69,80.6,0.0,0.0,-10.064,0.0,0.0,-75.899,0.0,0.0,-2.256,0.0,0.0,0.0,0.0,0.0,-7.619,0.0,0.0
LYS  70,132.201,0.0,0.0,-9.837,0.0,0.0,-104.227,0.0,0.0,-18.022,0.0,0.0,0.0,0.0,0.0,0.11499999999998778,0.0,0.0
GLU  71,109.709,0.0,0.0,-7.39,0.0,0.0,-77.924,0.0,0.0,-88.747,0.0,0.0,0.0,0.0,0.0,-64.352,0.0,0.0
THR  72,50.497,0.0,0.0,-8.297,0.0,0.0,-57.186,0.0,0.0,-3.228,0.0,0.0,0.0,0.0,0.0,-18.214,0.0,0.0
ILE  73,68.656,0.0,0.0,-8.59,0.0,0.0,-46.739,0.0,0.0,-3.201,0.0,0.0,0.0,0.0,0.0,10.126000000000005,0.0,0.0
ASN  74,19.027,0.0,0.0,-6.989,0.0,0.0,-72.866,0.0,0.0,-12.097,0.0,0.0,0.0,0.0,0.0,-72.925,0.0,0.0
GLU  75,110.634,0.0,0.0,-6.567,0.0,0.0,-72.4,0.0,0.0,-86.316,0.0,0.0,0.0,0.0,0.0,-54.649,0.0,0.0
GLU  76,99.565,0.0,0.0,-9.961,0.0,0.0,-45.553,0.0,0.0,-105.251,0.0,0.0,0.0,0.0,0.0,-61.2,0.0,0.0
ALA  77,86.991,0.0,0.0,-8.26,0.0,0.0,-72.016,0.0,0.0,-1.889,0.0,0.0,0.0,0.0,0.0,4.825999999999989,0.0,0.0
ALA  78,97.181,0.0,0.0,-5.378,0.0,0.0,-85.895,0.0,0.0,0.373,0.0,0.0,0.0,0.0,0.0,6.2810000000000015,0.0,0.0
GLU  79,111.734,0.0,0.0,-9.295,0.0,0.0,-60.332,0.0,0.0,-101.144,0.0,0.0,0.0,0.0,0.0,-59.03700000000001,0.0,0.0
TRP  80,117.064,0.0,0.0,-15.284,0.0,0.0,-85.138,0.0,0.0,-0.689,0.0,0.0,0.0,0.0,0.0,15.952999999999982,0.0,0.0
ASP  81,106.359,0.0,0.0,-7.146,0.0,0.0,-76.729,0.0,0.0,-76.381,0.0,0.0,0.0,0.0,0.0,-53.897000000000006,0.0,0.0
ARG  82,-203.443,0.0,0.0,-7.693,0.0,0.0,-25.917,0.0,0.0,54.716,0.0,0.0,0.0,0.0,0.0,-182.33700000000002,0.0,0.0
LEU  83,70.279,0.0,0.0,-5.999,0.0,0.0,-74.273,0.0,0.0,-2.203,0.0,0.0,0.0,0.0,0.0,-12.195999999999994,0.0,0.0
HID  84,109.863,0.0,0.0,-6.907,0.0,0.0,-74.908,0.0,0.0,-8.793,0.0,0.0,0.0,0.0,0.0,19.255000000000003,0.0,0.0
PRO  85,91.739,0.0,0.0,-4.603,0.0,0.0,-65.183,0.0,0.0,-4.018,0.0,0.0,0.0,0.0,0.0,17.935000000000002,0.0,0.0
VAL  86,50.982,0.0,0.0,-3.272,0.0,0.0,-47.768,0.0,0.0,-5.347,0.0,0.0,0.0,0.0,0.0,-5.405,0.0,0.0
HID  87,94.583,0.0,0.0,-3.733,0.0,0.0,-61.695,0.0,0.0,-8.681,0.0,0.0,0.0,0.0,0.0,20.473999999999997,0.0,0.0
ALA  88,90.106,0.0,0.0,0.457,0.0,0.0,-77.568,0.0,0.0,-7.503,0.0,0.0,0.0,0.0,0.0,5.49199999999999,0.0,0.0
GLY  89,91.84,0.0,0.0,-2.073,0.0,0.0,-68.088,0.0,0.0,-8.652,0.0,0.0,0.0,0.0,0.0,13.027000000000017,0.0,0.0
PRO  90,82.891,0.0,0.0,-3.181,0.0,0.0,-57.283,0.0,0.0,-5.49,0.0,0.0,0.0,0.0,0.0,16.937000000000005,0.0,0.0
ILE  91,76.567,0.0,0.0,-4.111,0.0,0.0,-57.672,0.0,0.0,-3.827,0.0,0.0,0.0,0.0,0.0,10.956999999999992,0.0,0.0
ALA  92,94.486,0.0,0.0,-3.313,0.0,0.0,-66.607,0.0,0.0,-5.421,0.0,0.0,0.0,0.0,0.0,19.145000000000003,0.0,0.0
PRO  93,83.055,0.0,0.0,-2.871,0.0,0.0,-59.178,0.0,0.0,-4.109,0.0,0.0,0.0,0.0,0.0,16.897000000000013,0.0,0.0
GLY  94,77.289,0.0,0.0,-1.904,0.0,0.0,-68.58,0.0,0.0,-5.934,0.0,0.0,0.0,0.0,0.0,0.8710000000000067,0.0,0.0
GLN  95,39.601,0.0,0.0,-3.55,0.0,0.0,-70.226,0.0,0.0,-16.246,0.0,0.0,0.0,0.0,0.0,-50.42099999999999,0.0,0.0
MET  96,106.773,0.0,0.0,-6.81,0.0,0.0,-77.915,0.0,0.0,-6.753,0.0,0.0,0.0,0.0,0.0,15.294999999999987,0.0,0.0
ARG  97,-183.159,0.0,0.0,-5.17,0.0,0.0,-39.194,0.0,0.0,46.613,0.0,0.0,0.0,0.0,0.0,-180.90999999999997,0.0,0.0
GLU  98,105.485,0.0,0.0,-5.267,0.0,0.0,-48.832,0.0,0.0,-106.466,0.0,0.0,0.0,0.0,0.0,-55.07999999999999,0.0,0.0
PRO  99,95.539,0.0,0.0,-10.0,0.0,0.0,-58.572,0.0,0.0,-3.214,0.0,0.0,0.0,0.0,0.0,23.753,0.0,0.0
ARG 100,-186.006,0.0,0.0,-10.676,0.0,0.0,-21.509,0.0,0.0,47.343,0.0,0.0,0.0,0.0,0.0,-170.84799999999996,0.0,0.0
GLY 101,80.091,0.0,0.0,-6.012,0.0,0.0,-83.983,0.0,0.0,1.798,0.0,0.0,0.0,0.0,0.0,-8.10600000000001,0.0,0.0
SER 102,75.772,0.0,0.0,-7.553,0.0,0.0,-64.541,0.0,0.0,-2.273,0.0,0.0,0.0,0.0,0.0,1.4050000000000114,0.0,0.0
ASP 103,96.998,0.0,0.0,-9.204,0.0,0.0,-80.023,0.0,0.0,-62.038,0.0,0.0,0.0,0.0,0.0,-54.26699999999998,0.0,0.0
ILE 104,78.697,0.0,0.0,-9.174,0.0,0.0,-61.95,0.0,0.0,1.887,0.0,0.0,0.0,0.0,0.0,9.459999999999994,0.0,0.0
ALA 105,87.989,0.0,0.0,-7.295,0.0,0.0,-80.136,0.0,0.0,0.1,0.0,0.0,0.0,0.0,0.0,0.6580000000000069,0.0,0.0
GLY 106,90.091,0.0,0.0,-3.81,0.0,0.0,-87.469,0.0,0.0,-0.846,0.0,0.0,0.0,0.0,0.0,-2.0340000000000025,0.0,0.0
THR 107,48.021,0.0,0.0,-5.998,0.0,0.0,-48.545,0.0,0.0,-11.198,0.0,0.0,0.0,0.0,0.0,-17.72,0.0,0.0
THR 108,42.352,0.0,0.0,-2.548,0.0,0.0,-40.731,0.0,0.0,-13.356,0.0,0.0,0.0,0.0,0.0,-14.283000000000007,0.0,0.0
SER 109,68.314,0.0,0.0,-4.385,0.0,0.0,-65.762,0.0,0.0,0.878,0.0,0.0,0.0,0.0,0.0,-0.9550000000000055,0.0,0.0
THR 110,30.687,0.0,0.0,-5.962,0.0,0.0,-33.386,0.0,0.0,-6.941,0.0,0.0,0.0,0.0,0.0,-15.602,0.0,0.0
LEU 111,59.421,0.0,0.0,-10.302,0.0,0.0,-57.521,0.0,0.0,-3.578,0.0,0.0,0.0,0.0,0.0,-11.98,0.0,0.0
GLN 112,34.821,0.0,0.0,-5.187,0.0,0.0,-69.301,0.0,0.0,-16.105,0.0,0.0,0.0,0.0,0.0,-55.772000000000006,0.0,0.0
GLU 113,107.409,0.0,0.0,-8.001,0.0,0.0,-79.844,0.0,0.0,-67.809,0.0,0.0,0.0,0.0,0.0,-48.24499999999999,0.0,0.0
GLN 114,34.712,0.0,0.0,-9.917,0.0,0.0,-81.108,0.0,0.0,0.271,0.0,0.0,0.0,0.0,0.0,-56.042,0.0,0.0
ILE 115,85.632,0.0,0.0,-9.826,0.0,0.0,-68.697,0.0,0.0,-1.885,0.0,0.0,0.0,0.0,0.0,5.224000000000009,0.0,0.0
GLY 116,79.053,0.0,0.0,-5.129,0.0,0.0,-74.23,0.0,0.0,-1.015,0.0,0.0,0.0,0.0,0.0,-1.3210000000000115,0.0,0.0
TRP 117,124.546,0.0,0.0,-17.34,0.0,0.0,-92.824,0.0,0.0,-0.574,0.0,0.0,0.0,0.0,0.0,13.808000000000005,0.0,0.0
MET 118,101.981,0.0,0.0,-11.16,0.0,0.0,-82.731,0.0,0.0,-3.29,0.0,0.0,0.0,0.0,0.0,4.800000000000003,0.0,0.0
THR 119,34.588,0.0,0.0,-5.809,0.0,0.0,-45.918,0.0,0.0,-5.572,0.0,0.0,0.0,0.0,0.0,-22.711,0.0,0.0
HID 120,89.45,0.0,0.0,-9.319,0.0,0.0,-58.324,0.0,0.0,-5.568,0.0,0.0,0.0,0.0,0.0,16.239000000000004,0.0,0.0
ASN 121,45.203,0.0,0.0,-3.824,0.0,0.0,-85.655,0.0,0.0,-11.677,0.0,0.0,0.0,0.0,0.0,-55.952999999999996,0.0,0.0
PRO 122,94.72,0.0,0.0,-4.328,0.0,0.0,-57.545,0.0,0.0,-2.427,0.0,0.0,0.0,0.0,0.0,30.419999999999995,0.0,0.0
PRO 123,89.207,0.0,0.0,-6.37,0.0,0.0,-56.576,0.0,0.0,-4.151,0.0,0.0,0.0,0.0,0.0,22.10999999999999,0.0,0.0
ILE 124,87.682,0.0,0.0,-7.123,0.0,0.0,-58.63,0.0,0.0,-0.45,0.0,0.0,0.0,0.0,0.0,21.478999999999996,0.0,0.0
PRO 125,90.933,0.0,0.0,-6.882,0.0,0.0,-63.852,0.0,0.0,-0.696,0.0,0.0,0.0,0.0,0.0,19.503000000000004,0.0,0.0
VAL 126,53.531,0.0,0.0,-10.835,0.0,0.0,-53.701,0.0,0.0,0.159,0.0,0.0,0.0,0.0,0.0,-10.846000000000002,0.0,0.0
GLY 127,69.885,0.0,0.0,-5.465,0.0,0.0,-67.984,0.0,0.0,-1.145,0.0,0.0,0.0,0.0,0.0,-4.7089999999999925,0.0,0.0
GLU 128,110.836,0.0,0.0,-6.414,0.0,0.0,-91.487,0.0,0.0,-56.864,0.0,0.0,0.0,0.0,0.0,-43.928999999999995,0.0,0.0
ILE 129,84.262,0.0,0.0,-9.663,0.0,0.0,-66.802,0.0,0.0,0.951,0.0,0.0,0.0,0.0,0.0,8.747999999999998,0.0,0.0
TYR 130,104.383,0.0,0.0,-16.912,0.0,0.0,-89.069,0.0,0.0,0.855,0.0,0.0,0.0,0.0,0.0,-0.742999999999999,0.0,0.0
LYS 131,144.371,0.0,0.0,-10.701,0.0,0.0,-165.408,0.0,0.0,27.429,0.0,0.0,0.0,0.0,0.0,-4.308999999999973,0.0,0.0
ARG 132,-188.692,0.0,0.0,-8.345,0.0,0.0,29.423,0.0,0.0,3.213,0.0,0.0,0.0,0.0,0.0,-164.401,0.0,0.0
TRP 133,128.463,0.0,0.0,-18.781,0.0,0.0,-96.638,0.0,0.0,-0.63,0.0,0.0,0.0,0.0,0.0,12.413999999999982,0.0,0.0
ILE 134,85.733,0.0,0.0,-10.036,0.0,0.0,-69.244,0.0,0.0,0.053,0.0,0.0,0.0,0.0,0.0,6.506000000000003,0.0,0.0
ILE 135,80.602,0.0,0.0,-10.003,0.0,0.0,-62.035,0.0,0.0,-0.225,0.0,0.0,0.0,0.0,0.0,8.339000000000008,0.0,0.0
LEU 136,71.81,0.0,0.0,-6.984,0.0,0.0,-82.196,0.0,0.0,1.969,0.0,0.0,0.0,0.0,0.0,-15.400999999999991,0.0,0.0
GLY 137,80.57,0.0,0.0,-5.994,0.0,0.0,-79.02,0.0,0.0,0.481,0.0,0.0,0.0,0.0,0.0,-3.9630000000000027,0.0,0.0
LEU 138,68.07,0.0,0.0,-11.855,0.0,0.0,-67.296,0.0,0.0,-0.557,0.0,0.0,0.0,0.0,0.0,-11.638000000000018,0.0,0.0
ASN 139,46.658,0.0,0.0,-8.844,0.0,0.0,-93.056,0.0,0.0,-7.541,0.0,0.0,0.0,0.0,0.0,-62.783,0.0,0.0
LYS 140,137.038,0.0,0.0,-9.649,0.0,0.0,-141.561,0.0,0.0,16.055,0.0,0.0,0.0,0.0,0.0,1.8830000000000027,0.0,0.0
ILE 141,91.001,0.0,0.0,-10.192,0.0,0.0,-75.036,0.0,0.0,-1.916,0.0,0.0,0.0,0.0,0.0,3.856999999999996,0.0,0.0
VAL 142,68.631,0.0,0.0,-8.914,0.0,0.0,-56.989,0.0,0.0,-3.439,0.0,0.0,0.0,0.0,0.0,-0.7109999999999985,0.0,0.0
ARG 143,-196.829,0.0,0.0,-7.677,0.0,0.0,57.942,0.0,0.0,-13.55,0.0,0.0,0.0,0.0,0.0,-160.114,0.0,0.0
MET 144,92.233,0.0,0.0,-6.422,0.0,0.0,-73.889,0.0,0.0,-5.981,0.0,0.0,0.0,0.0,0.0,5.941000000000011,0.0,0.0
TYR 145,90.774,0.0,0.0,-9.123,0.0,0.0,-83.189,0.0,0.0,-8.409,0.0,0.0,0.0,0.0,0.0,-9.946999999999997,0.0,0.0
SER 146,98.315,0.0,0.0,-4.043,0.0,0.0,-73.499,0.0,0.0,-6.501,0.0,0.0,0.0,0.0,0.0,14.271999999999995,0.0,0.0
PRO 147,88.69,0.0,0.0,-7.219,0.0,0.0,-61.358,0.0,0.0,-5.916,0.0,0.0,0.0,0.0,0.0,14.197000000000006,0.0,0.0
THR 148,49.134,0.0,0.0,-5.712,0.0,0.0,-53.824,0.0,0.0,-2.831,0.0,0.0,0.0,0.0,0.0,-13.233,0.0,0.0
SER 149,61.502,0.0,0.0,-5.914,0.0,0.0,-49.498,0.0,0.0,-5.476,0.0,0.0,0.0,0.0,0.0,0.6140000000000034,0.0,0.0
ILE 150,76.362,0.0,0.0,-10.225,0.0,0.0,-53.464,0.0,0.0,-0.108,0.0,0.0,0.0,0.0,0.0,12.565000000000001,0.0,0.0
LEU 151,63.7,0.0,0.0,-4.622,0.0,0.0,-66.54,0.0,0.0,-2.445,0.0,0.0,0.0,0.0,0.0,-9.907000000000004,0.0,0.0
ASP 152,100.409,0.0,0.0,-5.167,0.0,0.0,-59.845,0.0,0.0,-98.513,0.0,0.0,0.0,0.0,0.0,-63.116,0.0,0.0
ILE 153,104.436,0.0,0.0,-9.687,0.0,0.0,-71.9,0.0,0.0,-3.548,0.0,0.0,0.0,0.0,0.0,19.301000000000002,0.0,0.0
ARG 154,-187.87,0.0,0.0,-7.324,0.0,0.0,30.658,0.0,0.0,0.99,0.0,0.0,0.0,0.0,0.0,-163.546,0.0,0.0
GLN 155,35.273,0.0,0.0,-10.582,0.0,0.0,-90.58,0.0,0.0,0.776,0.0,0.0,0.0,0.0,0.0,-65.113,0.0,0.0
GLY 156,87.335,0.0,0.0,-3.208,0.0,0.0,-76.254,0.0,0.0,-2.812,0.0,0.0,0.0,0.0,0.0,5.060999999999991,0.0,0.0
PRO 157,88.179,0.0,0.0,-4.973,0.0,0.0,-52.686,0.0,0.0,-5.827,0.0,0.0,0.0,0.0,0.0,24.693000000000005,0.0,0.0
LYS 158,130.941,0.0,0.0,-5.312,0.0,0.0,-147.087,0.0,0.0,19.009,0.0,0.0,0.0,0.0,0.0,-2.448999999999984,0.0,0.0
GLU 159,113.929,0.0,0.0,-6.634,0.0,0.0,-106.484,0.0,0.0,-43.71,0.0,0.0,0.0,0.0,0.0,-42.898999999999994,0.0,0.0
PRO 160,80.565,0.0,0.0,-7.503,0.0,0.0,-59.677,0.0,0.0,-0.583,0.0,0.0,0.0,0.0,0.0,12.801999999999998,0.0,0.0
PHE 161,108.711,0.0,0.0,-14.0,0.0,0.0,-76.959,0.0,0.0,-0.69,0.0,0.0,0.0,0.0,0.0,17.061999999999994,0.0,0.0
ARG 162,-198.521,0.0,0.0,-9.599,0.0,0.0,25.646,0.0,0.0,19.153,0.0,0.0,0.0,0.0,0.0,-163.321,0.0,0.0
ASP 163,89.437,0.0,0.0,-7.659,0.0,0.0,-57.765,0.0,0.0,-94.084,0.0,0.0,0.0,0.0,0.0,-70.07100000000001,0.0,0.0
TYR 164,97.7,0.0,0.0,-15.705,0.0,0.0,-94.899,0.0,0.0,0.135,0.0,0.0,0.0,0.0,0.0,-12.768999999999997,0.0,0.0
VAL 165,46.433,0.0,0.0,-8.492,0.0,0.0,-53.354,0.0,0.0,1.467,0.0,0.0,0.0,0.0,0.0,-13.945999999999996,0.0,0.0
ASP 166,112.365,0.0,0.0,-6.59,0.0,0.0,-101.199,0.0,0.0,-64.025,0.0,0.0,0.0,0.0,0.0,-59.44900000000001,0.0,0.0
ARG 167,-186.307,0.0,0.0,-7.372,0.0,0.0,-13.516,0.0,0.0,29.077,0.0,0.0,0.0,0.0,0.0,-178.11799999999997,0.0,0.0
PHE 168,102.297,0.0,0.0,-16.637,0.0,0.0,-82.829,0.0,0.0,0.358,0.0,0.0,0.0,0.0,0.0,3.189000000000003,0.0,0.0
TYR 169,100.036,0.0,0.0,-9.929,0.0,0.0,-89.33,0.0,0.0,-1.838,0.0,0.0,0.0,0.0,0.0,-1.060999999999999,0.0,0.0
LYS 170,137.224,0.0,0.0,-10.125,0.0,0.0,-167.774,0.0,0.0,28.079,0.0,0.0,0.0,0.0,0.0,-12.59600000000001,0.0,0.0
THR 171,53.575,0.0,0.0,-9.004,0.0,0.0,-58.519,0.0,0.0,-2.779,0.0,0.0,0.0,0.0,0.0,-16.726999999999993,0.0,0.0
LEU 172,72.994,0.0,0.0,-13.224,0.0,0.0,-65.813,0.0,0.0,-1.381,0.0,0.0,0.0,0.0,0.0,-7.424000000000007,0.0,0.0
ARG 173,-200.402,0.0,0.0,-8.847,0.0,0.0,41.025,0.0,0.0,-5.733,0.0,0.0,0.0,0.0,0.0,-173.957,0.0,0.0
ALA 174,87.411,0.0,0.0,-5.994,0.0,0.0,-84.521,0.0,0.0,0.49,0.0,0.0,0.0,0.0,0.0,-2.613999999999999,0.0,0.0
GLU 175,104.264,0.0,0.0,-7.399,0.0,0.0,-57.623,0.0,0.0,-106.064,0.0,0.0,0.0,0.0,0.0,-66.822,0.0,0.0
GLN 176,35.825,0.0,0.0,-5.641,0.0,0.0,-68.202,0.0,0.0,-11.546,0.0,0.0,0.0,0.0,0.0,-49.56399999999999,0.0,0.0
ALA 177,94.494,0.0,0.0,-6.04,0.0,0.0,-86.3,0.0,0.0,1.701,0.0,0.0,0.0,0.0,0.0,3.8549999999999964,0.0,0.0
SER 178,75.247,0.0,0.0,-3.724,0.0,0.0,-72.809,0.0,0.0,1.274,0.0,0.0,0.0,0.0,0.0,-0.012000000000001343,0.0,0.0
GLN 179,29.713,0.0,0.0,-6.11,0.0,0.0,-64.863,0.0,0.0,-14.977,0.0,0.0,0.0,0.0,0.0,-56.236999999999995,0.0,0.0
GLU 180,109.666,0.0,0.0,-4.575,0.0,0.0,-80.225,0.0,0.0,-86.31,0.0,0.0,0.0,0.0,0.0,-61.444,0.0,0.0
VAL 181,61.997,0.0,0.0,-7.288,0.0,0.0,-57.301,0.0,0.0,-1.048,0.0,0.0,0.0,0.0,0.0,-3.639999999999999,0.0,0.0
LYS 182,111.005,0.0,0.0,-11.204,0.0,0.0,-98.437,0.0,0.0,-7.097,0.0,0.0,0.0,0.0,0.0,-5.73300000000001,0.0,0.0
ASN 183,35.943,0.0,0.0,-6.476,0.0,0.0,-90.75,0.0,0.0,-11.473,0.0,0.0,0.0,0.0,0.0,-72.756,0.0,0.0
TRP 184,128.012,0.0,0.0,-10.184,0.0,0.0,-91.594,0.0,0.0,-5.226,0.0,0.0,0.0,0.0,0.0,21.00800000000001,0.0,0.0
MET 185,104.512,0.0,0.0,-10.769,0.0,0.0,-87.128,0.0,0.0,-0.723,0.0,0.0,0.0,0.0,0.0,5.891999999999995,0.0,0.0
THR 186,45.54,0.0,0.0,-7.936,0.0,0.0,-53.207,0.0,0.0,-3.668,0.0,0.0,0.0,0.0,0.0,-19.271,0.0,0.0
GLU 187,109.234,0.0,0.0,-4.979,0.0,0.0,-59.379,0.0,0.0,-102.569,0.0,0.0,0.0,0.0,0.0,-57.693000000000005,0.0,0.0
THR 188,41.217,0.0,0.0,-7.473,0.0,0.0,-48.903,0.0,0.0,-0.183,0.0,0.0,0.0,0.0,0.0,-15.341999999999999,0.0,0.0
LEU 189,60.814,0.0,0.0,-8.331,0.0,0.0,-65.082,0.0,0.0,0.911,0.0,0.0,0.0,0.0,0.0,-11.68799999999999,0.0,0.0
LEU 190,83.194,0.0,0.0,-8.932,0.0,0.0,-92.396,0.0,0.0,1.291,0.0,0.0,0.0,0.0,0.0,-16.843,0.0,0.0
VAL 191,53.88,0.0,0.0,-7.402,0.0,0.0,-55.483,0.0,0.0,2.331,0.0,0.0,0.0,0.0,0.0,-6.673999999999996,0.0,0.0
GLN 192,22.516,0.0,0.0,-8.044,0.0,0.0,-63.671,0.0,0.0,-7.643,0.0,0.0,0.0,0.0,0.0,-56.842,0.0,0.0
ASN 193,16.573,0.0,0.0,-8.594,0.0,0.0,-78.584,0.0,0.0,-1.961,0.0,0.0,0.0,0.0,0.0,-72.566,0.0,0.0
ALA 194,92.849,0.0,0.0,-7.36,0.0,0.0,-81.823,0.0,0.0,1.076,0.0,0.0,0.0,0.0,0.0,4.7420000000000115,0.0,0.0
ASN 195,41.301,0.0,0.0,-6.492,0.0,0.0,-95.59,0.0,0.0,-4.496,0.0,0.0,0.0,0.0,0.0,-65.277,0.0,0.0
PRO 196,79.148,0.0,0.0,-4.593,0.0,0.0,-60.004,0.0,0.0,-3.351,0.0,0.0,0.0,0.0,0.0,11.199999999999996,0.0,0.0
ASP 197,106.4,0.0,0.0,-6.747,0.0,0.0,-71.332,0.0,0.0,-95.258,0.0,0.0,0.0,0.0,0.0,-66.93699999999998,0.0,0.0
CYX 198,101.424,0.0,0.0,-7.345,0.0,0.0,-83.389,0.0,0.0,-1.722,0.0,0.0,0.0,0.0,0.0,8.968000000000012,0.0,0.0
LYS 199,133.659,0.0,0.0,-9.52,0.0,0.0,-129.228,0.0,0.0,-8.258,0.0,0.0,0.0,0.0,0.0,-13.347000000000012,0.0,0.0
THR 200,52.547,0.0,0.0,-5.709,0.0,0.0,-69.532,0.0,0.0,0.702,0.0,0.0,0.0,0.0,0.0,-21.992000000000004,0.0,0.0
ILE 201,73.593,0.0,0.0,-6.86,0.0,0.0,-57.25,0.0,0.0,-0.656,0.0,0.0,0.0,0.0,0.0,8.827000000000004,0.0,0.0
LEU 202,86.194,0.0,0.0,-8.289,0.0,0.0,-76.114,0.0,0.0,-4.312,0.0,0.0,0.0,0.0,0.0,-2.5210000000000035,0.0,0.0
LYS 203,127.537,0.0,0.0,-6.044,0.0,0.0,-98.553,0.0,0.0,-22.16,0.0,0.0,0.0,0.0,0.0,0.7800000000000118,0.0,0.0
ALA 204,86.47,0.0,0.0,-4.217,0.0,0.0,-73.537,0.0,0.0,-4.398,0.0,0.0,0.0,0.0,0.0,4.317999999999994,0.0,0.0
LEU 205,76.139,0.0,0.0,-7.094,0.0,0.0,-70.608,0.0,0.0,-6.291,0.0,0.0,0.0,0.0,0.0,-7.854000000000003,0.0,0.0
GLY 206,87.795,0.0,0.0,-3.322,0.0,0.0,-72.643,0.0,0.0,-6.027,0.0,0.0,0.0,0.0,0.0,5.802999999999998,0.0,0.0
PRO 207,83.816,0.0,0.0,-2.053,0.0,0.0,-51.943,0.0,0.0,-8.589,0.0,0.0,0.0,0.0,0.0,21.23100000000001,0.0,0.0
GLY 208,66.986,0.0,0.0,-1.909,0.0,0.0,-61.361,0.0,0.0,-6.724,0.0,0.0,0.0,0.0,0.0,-3.007999999999999,0.0,0.0
ALA 209,102.616,0.0,0.0,-4.491,0.0,0.0,-92.561,0.0,0.0,-0.918,0.0,0.0,0.0,0.0,0.0,4.645999999999993,0.0,0.0
THR 210,47.28,0.0,0.0,-5.119,0.0,0.0,-56.523,0.0,0.0,-1.601,0.0,0.0,0.0,0.0,0.0,-15.963000000000001,0.0,0.0
LEU 211,58.97,0.0,0.0,-6.563,0.0,0.0,-68.974,0.0,0.0,-3.0,0.0,0.0,0.0,0.0,0.0,-19.567000000000007,0.0,0.0
GLU 212,102.956,0.0,0.0,-6.127,0.0,0.0,-65.265,0.0,0.0,-103.924,0.0,0.0,0.0,0.0,0.0,-72.36,0.0,0.0
GLU 213,101.138,0.0,0.0,-8.153,0.0,0.0,-58.14,0.0,0.0,-97.268,0.0,0.0,0.0,0.0,0.0,-62.423,0.0,0.0
MET 214,90.349,0.0,0.0,-11.225,0.0,0.0,-75.673,0.0,0.0,-0.963,0.0,0.0,0.0,0.0,0.0,2.4880000000000075,0.0,0.0
MET 215,96.361,0.0,0.0,-10.688,0.0,0.0,-85.108,0.0,0.0,0.366,0.0,0.0,0.0,0.0,0.0,0.9309999999999977,0.0,0.0
THR 216,34.96,0.0,0.0,-5.078,0.0,0.0,-49.025,0.0,0.0,-0.852,0.0,0.0,0.0,0.0,0.0,-19.994999999999997,0.0,0.0
ALA 217,80.19,0.0,0.0,-4.994,0.0,0.0,-65.895,0.0,0.0,-2.257,0.0,0.0,0.0,0.0,0.0,7.044000000000002,0.0,0.0
CYX 218,92.864,0.0,0.0,-7.002,0.0,0.0,-80.097,0.0,0.0,-0.453,0.0,0.0,0.0,0.0,0.0,5.3120000000000145,0.0,0.0
GLN 219,39.118,0.0,0.0,-7.114,0.0,0.0,-72.741,0.0,0.0,-5.527,0.0,0.0,0.0,0.0,0.0,-46.263999999999996,0.0,0.0
GLY 220,97.774,0.0,0.0,-4.987,0.0,0.0,-86.761,0.0,0.0,-2.271,0.0,0.0,0.0,0.0,0.0,3.7550000000000106,0.0,0.0
VAL 221,39.096,0.0,0.0,-1.804,0.0,0.0,-50.482,0.0,0.0,-80.673,0.0,0.0,0.0,0.0,0.0,-93.863,0.0,0.0

Receptor:
Total Energy Decomposition:
Residue,Internal,,,van der Waals,,,Electrostatic,,,Polar Solvation,,,Non-Polar Solv.,,,TOTAL,,
,Avg.,Std. Dev.,Std. Err. of Mean,Avg.,Std. Dev.,Std. Err. of Mean,Avg.,Std. Dev.,Std. Err. of Mean,Avg.,Std. Dev.,Std. Err. of Mean,Avg.,Std. Dev.,Std. Err. of Mean,Avg.,Std. Dev.,Std. Err. of Mean
PRO   1,102.613,0.0,0.0,-5.309,0.0,0.0,-100.056,0.0,0.0,1.871,0.0,0.0,0.0,0.0,0.0,-0.8809999999999953,0.0,0.0
ILE   2,97.25,0.0,0.0,-8.471,0.0,0.0,-72.103,0.0,0.0,-3.981,0.0,0.0,0.0,0.0,0.0,12.695000000000002,0.0,0.0
VAL   3,56.402,0.0,0.0,-5.265,0.0,0.0,-51.726,0.0,0.0,-1.024,0.0,0.0,0.0,0.0,0.0,-1.6129999999999987,0.0,0.0
GLN   4,23.965,0.0,0.0,-5.941,0.0,0.0,-58.225,0.0,0.0,-14.6,0.0,0.0,0.0,0.0,0.0,-54.801,0.0,0.0
ASN   5,38.865,0.0,0.0,-5.221,0.0,0.0,-87.194,0.0,0.0,-11.558,0.0,0.0,0.0,0.0,0.0,-65.108,0.0,0.0
LEU   6,68.666,0.0,0.0,-2.267,0.0,0.0,-65.246,0.0,0.0,-5.937,0.0,0.0,0.0,0.0,0.0,-4.7839999999999945,0.0,0.0
GLN   7,35.063,0.0,0.0,-3.3,0.0,0.0,-73.685,0.0,0.0,-13.613,0.0,0.0,0.0,0.0,0.0,-55.535,0.0,0.0
GLY   8,78.777,0.0,0.0,-3.462,0.0,0.0,-75.57,0.0,0.0,-2.028,0.0,0.0,0.0,0.0,0.0,-2.2829999999999955,0.0,0.0
GLN   9,33.467,0.0,0.0,-3.788,0.0,0.0,-76.426,0.0,0.0,-7.993,0.0,0.0,0.0,0.0,0.0,-54.74,0.0,0.0
MET  10,102.351,0.0,0.0,-9.65,0.0,0.0,-78.285,0.0,0.0,-4.876,0.0,0.0,0.0,0.0,0.0,9.539999999999996,0.0,0.0
VAL  11,51.889,0.0,0.0,-5.263,0.0,0.0,-55.036,0.0,0.0,-2.059,0.0,0.0,0.0,0.0,0.0,-10.468999999999998,0.0,0.0
HID  12,90.077,0.0,0.0,-11.053,0.0,0.0,-61.024,0.0,0.0,-5.909,0.0,0.0,0.0,0.0,0.0,12.091000000000001,0.0,0.0
GLN  13,37.167,0.0,0.0,-5.401,0.0,0.0,-71.356,0.0,0.0,-13.028,0.0,0.0,0.0,0.0,0.0,-52.61799999999999,0.0,0.0
ALA  14,96.794,0.0,0.0,-4.451,0.0,0.0,-84.465,0.0,0.0,-0.309,0.0,0.0,0.0,0.0,0.0,7.569,0.0,0.0
ILE  15,95.537,0.0,0.0,-9.117,0.0,0.0,-74.755,0.0,0.0,-2.485,0.0,0.0,0.0,0.0,0.0,9.180000000000007,0.0,0.0
SER  16,65.354,0.0,0.0,-4.977,0.0,0.0,-50.015,0.0,0.0,-6.806,0.0,0.0,0.0,0.0,0.0,3.5559999999999947,0.0,0.0
PRO  17,90.819,0.0,0.0,-4.984,0.0,0.0,-59.204,0.0,0.0,-2.94,0.0,0.0,0.0,0.0,0.0,23.691000000000006,0.0,0.0
ARG  18,-183.003,0.0,0.0,-5.341,0.0,0.0,64.269,0.0,0.0,-40.821,0.0,0.0,0.0,0.0,0.0,-164.896,0.0,0.0
THR  19,45.447,0.0,0.0,-7.67,0.0,0.0,-57.126,0.0,0.0,-1.791,0.0,0.0,0.0,0.0,0.0,-21.139999999999997,0.0,0.0
LEU  20,56.399,0.0,0.0,-10.052,0.0,0.0,-58.178,0.0,0.0,-1.721,0.0,0.0,0.0,0.0,0.0,-13.551999999999996,0.0,0.0
ASN  21,37.742,0.0,0.0,-6.923,0.0,0.0,-90.571,0.0,0.0,-8.133,0.0,0.0,0.0,0.0,0.0,-67.885,0.0,0.0
ALA  22,93.26,0.0,0.0,-5.168,0.0,0.0,-82.266,0.0,0.0,-1.992,0.0,0.0,0.0,0.0,0.0,3.8339999999999934,0.0,0.0
TRP  23,134.598,0.0,0.0,-18.65,0.0,0.0,-95.196,0.0,0.0,-2.43,0.0,0.0,0.0,0.0,0.0,18.32200000000001,0.0,0.0
VAL  24,68.314,0.0,0.0,-8.685,0.0,0.0,-52.732,0.0,0.0,-4.846,0.0,0.0,0.0,0.0,0.0,2.0509999999999913,0.0,0.0
LYS  25,136.35,0.0,0.0,-7.438,0.0,0.0,-107.963,0.0,0.0,-16.139,0.0,0.0,0.0,0.0,0.0,4.810000000000013,0.0,0.0
VAL  26,65.595,0.0,0.0,-8.852,0.0,0.0,-65.522,0.0,0.0,-2.427,0.0,0.0,0.0,0.0,0.0,-11.20600000000001,0.0,0.0
VAL  27,47.013,0.0,0.0,-6.706,0.0,0.0,-42.488,0.0,0.0,-3.315,0.0,0.0,0.0,0.0,0.0,-5.496000000000004,0.0,0.0
GLU  28,98.401,0.0,0.0,-5.437,0.0,0.0,-66.706,0.0,0.0,-82.629,0.0,0.0,0.0,0.0,0.0,-56.37100000000001,0.0,0.0
GLU  29,110.892,0.0,0.0,-6.856,0.0,0.0,-89.878,0.0,0.0,-66.159,0.0,0.0,0.0,0.0,0.0,-52.001000000000005,0.0,0.0
LYS  30,114.717,0.0,0.0,-7.733,0.0,0.0,-159.889,0.0,0.0,34.146,0.0,0.0,0.0,0.0,0.0,-18.759000000000015,0.0,0.0
ALA  31,84.841,0.0,0.0,-4.455,0.0,0.0,-73.355,0.0,0.0,-6.607,0.0,0.0,0.0,0.0,0.0,0.4239999999999915,0.0,0.0
PHE  32,107.228,0.0,0.0,-8.865,0.0,0.0,-74.789,0.0,0.0,-6.133,0.0,0.0,0.0,0.0,0.0,17.441,0.0,0.0
SER  33,87.699,0.0,0.0,-4.931,0.0,0.0,-63.505,0.0,0.0,-2.296,0.0,0.0,0.0,0.0,0.0,16.967,0.0,0.0
PRO  34,77.831,0.0,0.0,-5.293,0.0,0.0,-57.142,0.0,0.0,-1.308,0.0,0.0,0.0,0.0,0.0,14.087999999999994,0.0,0.0
GLU  35,107.035,0.0,0.0,-5.043,0.0,0.0,-97.052,0.0,0.0,-66.339,0.0,0.0,0.0,0.0,0.0,-61.399000000000015,0.0,0.0
VAL  36,52.366,0.0,0.0,-10.175,0.0,0.0,-53.958,0.0,0.0,0.187,0.0,0.0,0.0,0.0,0.0,-11.579999999999997,0.0,0.0
ILE  37,88.019,0.0,0.0,-9.761,0.0,0.0,-58.196,0.0,0.0,-0.361,0.0,0.0,0.0,0.0,0.0,19.70100000000001,0.0,0.0
PRO  38,80.208,0.0,0.0,-6.27,0.0,0.0,-58.24,0.0,0.0,-1.438,0.0,0.0,0.0,0.0,0.0,14.26,0.0,0.0
MET  39,90.794,0.0,0.0,-10.632,0.0,0.0,-70.929,0.0,0.0,-0.439,0.0,0.0,0.0,0.0,0.0,8.79399999999999,0.0,0.0
PHE  40,107.75,0.0,0.0,-14.815,0.0,0.0,-83.418,0.0,0.0,-0.504,0.0,0.0,0.0,0.0,0.0,9.012999999999996,0.0,0.0
SER  41,64.894,0.0,0.0,-7.383,0.0,0.0,-54.783,0.0,0.0,-4.675,0.0,0.0,0.0,0.0,0.0,-1.9469999999999983,0.0,0.0
ALA  42,84.287,0.0,0.0,-4.993,0.0,0.0,-67.69,0.0,0.0,-2.671,0.0,0.0,0.0,0.0,0.0,8.933000000000014,0.0,0.0
LEU  43,75.925,0.0,0.0,-9.401,0.0,0.0,-78.513,0.0,0.0,-0.573,0.0,0.0,0.0,0.0,0.0,-12.562000000000005,0.0,0.0
SER  44,73.686,0.0,0.0,-6.52,0.0,0.0,-74.997,0.0,0.0,-0.4,0.0,0.0,0.0,0.0,0.0,-8.23099999999999,0.0,0.0
GLU  45,98.109,0.0,0.0,-3.826,0.0,0.0,-92.28,0.0,0.0,-64.827,0.0,0.0,0.0,0.0,0.0,-62.824,0.0,0.0
GLY  46,73.127,0.0,0.0,-4.015,0.0,0.0,-69.057,0.0,0.0,0.403,0.0,0.0,0.0,0.0,0.0,0.45799999999999264,0.0,0.0
ALA  47,100.083,0.0,0.0,-6.124,0.0,0.0,-85.942,0.0,0.0,-2.308,0.0,0.0,0.0,0.0,0.0,5.70900000000001,0.0,0.0
THR  48,56.579,0.0,0.0,-10.601,0.0,0.0,-55.173,0.0,0.0,-0.111,0.0,0.0,0.0,0.0,0.0,-9.306000000000001,0.0,0.0
PRO  49,75.358,0.0,0.0,-10.424,0.0,0.0,-55.711,0.0,0.0,0.414,0.0,0.0,0.0,0.0,0.0,9.636999999999999,0.0,0.0
GLN  50,33.431,0.0,0.0,-8.336,0.0,0.0,-71.387,0.0,0.0,-8.211,0.0,0.0,0.0,0.0,0.0,-54.503,0.0,0.0
ASP  51,90.649,0.0,0.0,-9.993,0.0,0.0,-127.833,0.0,0.0,-15.092,0.0,0.0,0.0,0.0,0.0,-62.26899999999999,0.0,0.0
LEU  52,64.391,0.0,0.0,-14.052,0.0,0.0,-72.931,0.0,0.0,1.327,0.0,0.0,0.0,0.0,0.0,-21.264999999999993,0.0,0.0
ASN  53,36.725,0.0,0.0,-8.324,0.0,0.0,-105.575,0.0,0.0,-1.121,0.0,0.0,0.0,0.0,0.0,-78.295,0.0,0.0
THR  54,53.816,0.0,0.0,-7.269,0.0,0.0,-65.484,0.0,0.0,-0.619,0.0,0.0,0.0,0.0,0.0,-19.55599999999999,0.0,0.0
MET  55,83.214,0.0,0.0,-12.564,0.0,0.0,-67.259,0.0,0.0,-0.189,0.0,0.0,0.0,0.0,0.0,3.2020000000000053,0.0,0.0
LEU  56,76.043,0.0,0.0,-10.702,0.0,0.0,-72.811,0.0,0.0,0.055,0.0,0.0,0.0,0.0,0.0,-7.414999999999999,0.0,0.0
ASN  57,30.981,0.0,0.0,-6.624,0.0,0.0,-94.248,0.0,0.0,-4.945,0.0,0.0,0.0,0.0,0.0,-74.83600000000001,0.0,0.0
THR  58,57.401,0.0,0.0,-7.819,0.0,0.0,-63.525,0.0,0.0,-2.041,0.0,0.0,0.0,0.0,0.0,-15.983999999999998,0.0,0.0
VAL  59,43.545,0.0,0.0,-8.176,0.0,0.0,-43.214,0.0,0.0,-1.046,0.0,0.0,0.0,0.0,0.0,-8.890999999999998,0.0,0.0
ALA  60,88.475,0.0,0.0,-4.112,0.0,0.0,-62.863,0.0,0.0,-3.25,0.0,0.0,0.0,0.0,0.0,18.25,0.0,0.0
PRO  61,78.214,0.0,0.0,-4.656,0.0,0.0,-54.934,0.0,0.0,-3.662,0.0,0.0,0.0,0.0,0.0,14.961999999999996,0.0,0.0
HID  62,100.63,0.0,0.0,-6.812,0.0,0.0,-72.63,0.0,0.0,-7.421,0.0,0.0,0.0,0.0,0.0,13.767000000000003,0.0,0.0
GLN  63,28.529,0.0,0.0,-2.428,0.0,0.0,-60.136,0.0,0.0,-15.881,0.0,0.0,0.0,0.0,0.0,-49.916000000000004,0.0,0.0
ALA  64,81.703,0.0,0.0,-3.535,0.0,0.0,-67.468,0.0,0.0,-3.772,0.0,0.0,0.0,0.0,0.0,6.928000000000003,0.0,0.0
ALA  65,87.241,0.0,0.0,-5.544,0.0,0.0,-71.26,0.0,0.0,-1.764,0.0,0.0,0.0,0.0,0.0,8.672999999999998,0.0,0.0
ALA  66,94.53,0.0,0.0,-6.728,0.0,0.0,-78.837,0.0,0.0,-2.32,0.0,0.0,0.0,0.0,0.0,6.645000000000003,0.0,0.0
GLN  67,41.486,0.0,0.0,-5.704,0.0,0.0,-77.245,0.0,0.0,-9.429,0.0,0.0,0.0,0.0,0.0,-50.89200000000001,0.0,0.0
MET  68,89.825,0.0,0.0,-9.247,0.0,0.0,-72.289,0.0,0.0,0.098,0.0,0.0,0.0,0.0,0.0,8.387000000000002,0.0,0.0
LEU  69,80.6,0.0,0.0,-10.06,0.0,0.0,-75.918,0.0,0.0,-2.238,0.0,0.0,0.0,0.0,0.0,-7.616000000000014,0.0,0.0
LYS  70,132.201,0.0,0.0,-9.836,0.0,0.0,-97.108,0.0,0.0,-25.07,0.0,0.0,0.0,0.0,0.0,0.1869999999999905,0.0,0.0
GLU  71,109.709,0.0,0.0,-7.389,0.0,0.0,-86.276,0.0,0.0,-80.486,0.0,0.0,0.0,0.0,0.0,-64.442,0.0,0.0
THR  72,50.497,0.0,0.0,-8.295,0.0,0.0,-57.203,0.0,0.0,-3.212,0.0,0.0,0.0,0.0,0.0,-18.213000000000005,0.0,0.0
ILE  73,68.656,0.0,0.0,-8.589,0.0,0.0,-46.691,0.0,0.0,-3.25,0.0,0.0,0.0,0.0,0.0,10.126000000000005,0.0,0.0
ASN  74,19.027,0.0,0.0,-6.988,0.0,0.0,-72.712,0.0,0.0,-12.251,0.0,0.0,0.0,0.0,0.0,-72.924,0.0,0.0
GLU  75,110.634,0.0,0.0,-6.566,0.0,0.0,-79.264,0.0,0.0,-79.538,0.0,0.0,0.0,0.0,0.0,-54.733999999999995,0.0,0.0
GLU  76,99.565,0.0,0.0,-9.961,0.0,0.0,-52.833,0.0,0.0,-98.073,0.0,0.0,0.0,0.0,0.0,-61.30199999999999,0.0,0.0
ALA  77,86.991,0.0,0.0,-8.26,0.0,0.0,-71.961,0.0,0.0,-1.943,0.0,0.0,0.0,0.0,0.0,4.826999999999996,0.0,0.0
ALA  78,97.181,0.0,0.0,-5.378,0.0,0.0,-85.806,0.0,0.0,0.284,0.0,0.0,0.0,0.0,0.0,6.281,0.0,0.0
GLU  79,111.734,0.0,0.0,-9.294,0.0,0.0,-66.935,0.0,0.0,-94.627,0.0,0.0,0.0,0.0,0.0,-59.122,0.0,0.0
TRP  80,117.064,0.0,0.0,-15.283,0.0,0.0,-85.132,0.0,0.0,-0.695,0.0,0.0,0.0,0.0,0.0,15.953999999999986,0.0,0.0
ASP  81,106.359,0.0,0.0,-7.146,0.0,0.0,-82.393,0.0,0.0,-70.786,0.0,0.0,0.0,0.0,0.0,-53.96600000000001,0.0,0.0
ARG  82,-203.443,0.0,0.0,-7.693,0.0,0.0,-19.268,0.0,0.0,48.152,0.0,0.0,0.0,0.0,0.0,-182.252,0.0,0.0
LEU  83,70.279,0.0,0.0,-5.999,0.0,0.0,-74.231,0.0,0.0,-2.244,0.0,0.0,0.0,0.0,0.0,-12.194999999999993,0.0,0.0
HID  84,109.863,0.0,0.0,-6.907,0.0,0.0,-74.979,0.0,0.0,-8.724,0.0,0.0,0.0,0.0,0.0,19.253000000000004,0.0,0.0
PRO  85,91.739,0.0,0.0,-4.603,0.0,0.0,-65.167,0.0,0.0,-4.034,0.0,0.0,0.0,0.0,0.0,17.93500000000001,0.0,0.0
VAL  86,50.982,0.0,0.0,-3.272,0.0,0.0,-47.774,0.0,0.0,-5.342,0.0,0.0,0.0,0.0,0.0,-5.406,0.0,0.0
HID  87,94.583,0.0,0.0,-3.733,0.0,0.0,-61.734,0.0,0.0,-8.641,0.0,0.0,0.0,0.0,0.0,20.474999999999994,0.0,0.0
ALA  88,90.106,0.0,0.0,0.457,0.0,0.0,-77.592,0.0,0.0,-7.48,0.0,0.0,0.0,0.0,0.0,5.490999999999989,0.0,0.0
GLY  89,91.84,0.0,0.0,-2.073,0.0,0.0,-68.145,0.0,0.0,-8.596,0.0,0.0,0.0,0.0,0.0,13.026000000000014,0.0,0.0
PRO  90,82.891,0.0,0.0,-3.181,0.0,0.0,-57.278,0.0,0.0,-5.495,0.0,0.0,0.0,0.0,0.0,16.93700000000001,0.0,0.0
ILE  91,76.567,0.0,0.0,-4.111,0.0,0.0,-57.634,0.0,0.0,-3.864,0.0,0.0,0.0,0.0,0.0,10.957999999999988,0.0,0.0
ALA  92,94.486,0.0,0.0,-3.313,0.0,0.0,-66.644,0.0,0.0,-5.383,0.0,0.0,0.0,0.0,0.0,19.145999999999997,0.0,0.0
PRO  93,83.055,0.0,0.0,-2.871,0.0,0.0,-59.181,0.0,0.0,-4.107,0.0,0.0,0.0,0.0,0.0,16.896000000000015,0.0,0.0
GLY  94,77.289,0.0,0.0,-1.904,0.0,0.0,-68.593,0.0,0.0,-5.921,0.0,0.0,0.0,0.0,0.0,0.8710000000000013,0.0,0.0
GLN  95,39.601,0.0,0.0,-3.55,0.0,0.0,-70.284,0.0,0.0,-16.189,0.0,0.0,0.0,0.0,0.0,-50.422000000000004,0.0,0.0
MET  96,106.773,0.0,0.0,-6.81,0.0,0.0,-77.92,0.0,0.0,-6.749,0.0,0.0,0.0,0.0,0.0,15.293999999999993,0.0,0.0
ARG  97,-183.159,0.0,0.0,-5.17,0.0,0.0,-34.119,0.0,0.0,41.585,0.0,0.0,0.0,0.0,0.0,-180.86299999999997,0.0,0.0
GLU  98,105.485,0.0,0.0,-5.267,0.0,0.0,-53.956,0.0,0.0,-101.395,0.0,0.0,0.0,0.0,0.0,-55.132999999999996,0.0,0.0
PRO  99,95.539,0.0,0.0,-10.0,0.0,0.0,-58.558,0.0,0.0,-3.229,0.0,0.0,0.0,0.0,0.0,23.752000000000002,0.0,0.0
ARG 100,-186.006,0.0,0.0,-10.676,0.0,0.0,-16.071,0.0,0.0,41.968,0.0,0.0,0.0,0.0,0.0,-170.78499999999997,0.0,0.0
GLY 101,80.091,0.0,0.0,-6.011,0.0,0.0,-83.998,0.0,0.0,1.813,0.0,0.0,0.0,0.0,0.0,-8.105000000000006,0.0,0.0
SER 102,75.772,0.0,0.0,-7.553,0.0,0.0,-64.575,0.0,0.0,-2.239,0.0,0.0,0.0,0.0,0.0,1.4050000000000056,0.0,0.0
ASP 103,96.998,0.0,0.0,-9.204,0.0,0.0,-85.42,0.0,0.0,-56.698,0.0,0.0,0.0,0.0,0.0,-54.32399999999999,0.0,0.0
ILE 104,78.697,0.0,0.0,-9.173,0.0,0.0,-61.931,0.0,0.0,1.869,0.0,0.0,0.0,0.0,0.0,9.462000000000003,0.0,0.0
ALA 105,87.989,0.0,0.0,-7.295,0.0,0.0,-80.16,0.0,0.0,0.124,0.0,0.0,0.0,0.0,0.0,0.658000000000006,0.0,0.0
GLY 106,90.091,0.0,0.0,-3.81,0.0,0.0,-87.493,0.0,0.0,-0.822,0.0,0.0,0.0,0.0,0.0,-2.0340000000000034,0.0,0.0
THR 107,48.021,0.0,0.0,-5.997,0.0,0.0,-48.498,0.0,0.0,-11.244,0.0,0.0,0.0,0.0,0.0,-17.717999999999996,0.0,0.0
THR 108,42.352,0.0,0.0,-2.548,0.0,0.0,-40.696,0.0,0.0,-13.39,0.0,0.0,0.0,0.0,0.0,-14.282000000000004,0.0,0.0
SER 109,68.314,0.0,0.0,-4.385,0.0,0.0,-65.788,0.0,0.0,0.903,0.0,0.0,0.0,0.0,0.0,-0.9560000000000017,0.0,0.0
THR 110,30.687,0.0,0.0,-5.962,0.0,0.0,-33.369,0.0,0.0,-6.957,0.0,0.0,0.0,0.0,0.0,-15.600999999999999,0.0,0.0
LEU 111,59.421,0.0,0.0,-10.302,0.0,0.0,-57.507,0.0,0.0,-3.591,0.0,0.0,0.0,0.0,0.0,-11.979,0.0,0.0
GLN 112,34.821,0.0,0.0,-5.186,0.0,0.0,-69.245,0.0,0.0,-16.159,0.0,0.0,0.0,0.0,0.0,-55.769000000000005,0.0,0.0
GLU 113,107.409,0.0,0.0,-8.0,0.0,0.0,-84.886,0.0,0.0,-62.809,0.0,0.0,0.0,0.0,0.0,-48.28599999999999,0.0,0.0
GLN 114,34.712,0.0,0.0,-9.917,0.0,0.0,-81.073,0.0,0.0,0.237,0.0,0.0,0.0,0.0,0.0,-56.04099999999999,0.0,0.0
ILE 115,85.632,0.0,0.0,-9.826,0.0,0.0,-68.697,0.0,0.0,-1.886,0.0,0.0,0.0,0.0,0.0,5.223000000000009,0.0,0.0
GLY 116,79.053,0.0,0.0,-5.129,0.0,0.0,-74.211,0.0,0.0,-1.032,0.0,0.0,0.0,0.0,0.0,-1.3190000000000062,0.0,0.0
TRP 117,124.546,0.0,0.0,-17.34,0.0,0.0,-92.835,0.0,0.0,-0.563,0.0,0.0,0.0,0.0,0.0,13.808000000000009,0.0,0.0
MET 118,101.981,0.0,0.0,-11.159,0.0,0.0,-82.731,0.0,0.0,-3.29,0.0,0.0,0.0,0.0,0.0,4.800999999999994,0.0,0.0
THR 119,34.588,0.0,0.0,-5.809,0.0,0.0,-45.876,0.0,0.0,-5.614,0.0,0.0,0.0,0.0,0.0,-22.711,0.0,0.0
HID 120,89.45,0.0,0.0,-9.318,0.0,0.0,-58.302,0.0,0.0,-5.59,0.0,0.0,0.0,0.0,0.0,16.240000000000006,0.0,0.0
ASN 121,45.203,0.0,0.0,-3.824,0.0,0.0,-85.669,0.0,0.0,-11.663,0.0,0.0,0.0,0.0,0.0,-55.95299999999999,0.0,0.0
PRO 122,94.72,0.0,0.0,-4.328,0.0,0.0,-57.526,0.0,0.0,-2.444,0.0,0.0,0.0,0.0,0.0,30.421999999999993,0.0,0.0
PRO 123,89.207,0.0,0.0,-6.37,0.0,0.0,-56.592,0.0,0.0,-4.136,0.0,0.0,0.0,0.0,0.0,22.10899999999999,0.0,0.0
ILE 124,87.682,0.0,0.0,-7.122,0.0,0.0,-58.607,0.0,0.0,-0.472,0.0,0.0,0.0,0.0,0.0,21.481,0.0,0.0
PRO 125,90.933,0.0,0.0,-6.882,0.0,0.0,-63.893,0.0,0.0,-0.658,0.0,0.0,0.0,0.0,0.0,19.5,0.0,0.0
VAL 126,53.531,0.0,0.0,-10.835,0.0,0.0,-53.773,0.0,0.0,0.228,0.0,0.0,0.0,0.0,0.0,-10.849000000000006,0.0,0.0
GLY 127,69.885,0.0,0.0,-5.465,0.0,0.0,-68.021,0.0,0.0,-1.111,0.0,0.0,0.0,0.0,0.0,-4.711999999999999,0.0,0.0
GLU 128,110.836,0.0,0.0,-6.413,0.0,0.0,-97.096,0.0,0.0,-51.327,0.0,0.0,0.0,0.0,0.0,-44.0,0.0,0.0
ILE 129,84.262,0.0,0.0,-9.662,0.0,0.0,-66.895,0.0,0.0,1.042,0.0,0.0,0.0,0.0,0.0,8.746999999999998,0.0,0.0
TYR 130,104.383,0.0,0.0,-16.911,0.0,0.0,-89.133,0.0,0.0,0.916,0.0,0.0,0.0,0.0,0.0,-0.7450000000000013,0.0,0.0
LYS 131,144.371,0.0,0.0,-10.699,0.0,0.0,-160.298,0.0,0.0,22.38,0.0,0.0,0.0,0.0,0.0,-4.246000000000006,0.0,0.0
ARG 132,-188.692,0.0,0.0,-8.343,0.0,0.0,35.673,0.0,0.0,-2.952,0.0,0.0,0.0,0.0,0.0,-164.314,0.0,0.0
TRP 133,128.463,0.0,0.0,-18.779,0.0,0.0,-96.795,0.0,0.0,-0.472,0.0,0.0,0.0,0.0,0.0,12.416999999999996,0.0,0.0
ILE 134,85.733,0.0,0.0,-10.032,0.0,0.0,-69.463,0.0,0.0,0.272,0.0,0.0,0.0,0.0,0.0,6.510000000000014,0.0,0.0
ILE 135,80.602,0.0,0.0,-9.997,0.0,0.0,-62.283,0.0,0.0,0.022,0.0,0.0,0.0,0.0,0.0,8.344000000000003,0.0,0.0
LEU 136,71.81,0.0,0.0,-6.98,0.0,0.0,-82.498,0.0,0.0,2.268,0.0,0.0,0.0,0.0,0.0,-15.400000000000006,0.0,0.0
GLY 137,80.57,0.0,0.0,-5.991,0.0,0.0,-79.347,0.0,0.0,0.805,0.0,0.0,0.0,0.0,0.0,-3.9630000000000005,0.0,0.0
LEU 138,68.07,0.0,0.0,-11.838,0.0,0.0,-67.75,0.0,0.0,-0.106,0.0,0.0,0.0,0.0,0.0,-11.624000000000008,0.0,0.0
ASN 139,46.658,0.0,0.0,-8.827,0.0,0.0,-93.574,0.0,0.0,-7.037,0.0,0.0,0.0,0.0,0.0,-62.779999999999994,0.0,0.0
LYS 140,137.038,0.0,0.0,-9.64,0.0,0.0,-133.269,0.0,0.0,7.854,0.0,0.0,0.0,0.0,0.0,1.983000000000005,0.0,0.0
ILE 141,91.001,0.0,0.0,-10.169,0.0,0.0,-75.718,0.0,0.0,-1.251,0.0,0.0,0.0,0.0,0.0,3.8630000000000044,0.0,0.0
VAL 142,68.631,0.0,0.0,-8.793,0.0,0.0,-57.938,0.0,0.0,-2.521,0.0,0.0,0.0,0.0,0.0,-0.6210000000000013,0.0,0.0
ARG 143,-196.829,0.0,0.0,-7.645,0.0,0.0,70.086,0.0,0.0,-25.53,0.0,0.0,0.0,0.0,0.0,-159.91800000000003,0.0,0.0
MET 144,92.233,0.0,0.0,-6.408,0.0,0.0,-74.342,0.0,0.0,-5.535,0.0,0.0,0.0,0.0,0.0,5.948000000000004,0.0,0.0
TYR 145,90.774,0.0,0.0,-9.085,0.0,0.0,-84.282,0.0,0.0,-7.34,0.0,0.0,0.0,0.0,0.0,-9.933000000000003,0.0,0.0
SER 146,98.315,0.0,0.0,-3.947,0.0,0.0,-72.46,0.0,0.0,-7.51,0.0,0.0,0.0,0.0,0.0,14.398000000000001,0.0,0.0
PRO 147,88.69,0.0,0.0,-5.899,0.0,0.0,-63.03,0.0,0.0,-4.257,0.0,0.0,0.0,0.0,0.0,15.503999999999996,0.0,0.0
THR 148,49.134,0.0,0.0,-3.166,0.0,0.0,-52.085,0.0,0.0,-6.753,0.0,0.0,0.0,0.0,0.0,-12.869999999999997,0.0,0.0
SER 149,61.502,0.0,0.0,-1.981,0.0,0.0,-42.147,0.0,0.0,-13.551,0.0,0.0,0.0,0.0,0.0,3.823000000000002,0.0,0.0
ILE 150,58.367,0.0,0.0,-0.986,0.0,0.0,-27.46,0.0,0.0,-6.83,0.0,0.0,0.0,0.0,0.0,23.091,0.0,0.0

Ligand:
Total Energy Decomposition:
Residue,Internal,,,van der Waals,,,Electrostatic,,,Polar Solvation,,,Non-Polar Solv.,,,TOTAL,,
,Avg.,Std. Dev.,Std. Err. of Mean,Avg.,Std. Dev.,Std. Err. of Mean,Avg.,Std. Dev.,Std. Err. of Mean,Avg.,Std. Dev.,Std. Err. of Mean,Avg.,Std. Dev.,Std. Err. of Mean,Avg.,Std. Dev.,Std. Err. of Mean
LEU   1,44.167,0.0,0.0,-2.314,0.0,0.0,-41.396,0.0,0.0,-3.843,0.0,0.0,0.0,0.0,0.0,-3.3859999999999992,0.0,0.0
ASP   2,100.409,0.0,0.0,-2.848,0.0,0.0,-74.027,0.0,0.0,-85.888,0.0,0.0,0.0,0.0,0.0,-62.354,0.0,0.0
ILE   3,104.436,0.0,0.0,-7.989,0.0,0.0,-71.41,0.0,0.0,-4.395,0.0,0.0,0.0,0.0,0.0,20.642000000000007,0.0,0.0
ARG   4,-187.87,0.0,0.0,-7.223,0.0,0.0,43.302,0.0,0.0,-11.655,0.0,0.0,0.0,0.0,0.0,-163.44600000000003,0.0,0.0
GLN   5,35.273,0.0,0.0,-10.562,0.0,0.0,-90.383,0.0,0.0,0.599,0.0,0.0,0.0,0.0,0.0,-65.073,0.0,0.0
GLY   6,87.335,0.0,0.0,-3.202,0.0,0.0,-76.173,0.0,0.0,-2.894,0.0,0.0,0.0,0.0,0.0,5.065999999999994,0.0,0.0
PRO   7,88.179,0.0,0.0,-4.968,0.0,0.0,-52.572,0.0,0.0,-5.938,0.0,0.0,0.0,0.0,0.0,24.700999999999997,0.0,0.0
LYS   8,130.941,0.0,0.0,-5.308,0.0,0.0,-138.934,0.0,0.0,10.841,0.0,0.0,0.0,0.0,0.0,-2.4599999999999884,0.0,0.0
GLU   9,113.929,0.0,0.0,-6.616,0.0,0.0,-122.612,0.0,0.0,-27.708,0.0,0.0,0.0,0.0,0.0,-43.00699999999999,0.0,0.0
PRO  10,80.565,0.0,0.0,-7.495,0.0,0.0,-60.445,0.0,0.0,0.167,0.0,0.0,0.0,0.0,0.0,12.791999999999993,0.0,0.0
PHE  11,108.711,0.0,0.0,-13.987,0.0,0.0,-77.567,0.0,0.0,-0.103,0.0,0.0,0.0,0.0,0.0,17.05400000000001,0.0,0.0
ARG  12,-198.521,0.0,0.0,-9.584,0.0,0.0,34.05,0.0,0.0,10.706,0.0,0.0,0.0,0.0,0.0,-163.34900000000002,0.0,0.0
ASP  13,89.437,0.0,0.0,-7.628,0.0,0.0,-72.068,0.0,0.0,-79.852,0.0,0.0,0.0,0.0,0.0,-70.111,0.0,0.0
TYR  14,97.7,0.0,0.0,-15.63,0.0,0.0,-96.272,0.0,0.0,1.431,0.0,0.0,0.0,0.0,0.0,-12.770999999999997,0.0,0.0
VAL  15,46.433,0.0,0.0,-8.452,0.0,0.0,-54.264,0.0,0.0,2.337,0.0,0.0,0.0,0.0,0.0,-13.946000000000002,0.0,0.0
ASP  16,112.365,0.0,0.0,-6.479,0.0,0.0,-122.718,0.0,0.0,-42.548,0.0,0.0,0.0,0.0,0.0,-59.38000000000001,0.0,0.0
ARG  17,-186.307,0.0,0.0,-7.096,0.0,0.0,6.362,0.0,0.0,9.471,0.0,0.0,0.0,0.0,0.0,-177.57,0.0,0.0
PHE  18,102.297,0.0,0.0,-15.352,0.0,0.0,-83.472,0.0,0.0,0.747,0.0,0.0,0.0,0.0,0.0,4.219999999999999,0.0,0.0
TYR  19,100.036,0.0,0.0,-9.731,0.0,0.0,-89.686,0.0,0.0,-1.489,0.0,0.0,0.0,0.0,0.0,-0.8700000000000003,0.0,0.0
LYS  20,137.224,0.0,0.0,-8.21,0.0,0.0,-136.97,0.0,0.0,-2.939,0.0,0.0,0.0,0.0,0.0,-10.895000000000017,0.0,0.0
THR  21,53.575,0.0,0.0,-6.115,0.0,0.0,-58.861,0.0,0.0,-3.26,0.0,0.0,0.0,0.0,0.0,-14.660999999999996,0.0,0.0
LEU  22,72.994,0.0,0.0,-11.865,0.0,0.0,-65.351,0.0,0.0,-1.816,0.0,0.0,0.0,0.0,0.0,-6.038000000000001,0.0,0.0
ARG  23,-200.402,0.0,0.0,-7.231,0.0,0.0,84.979,0.0,0.0,-42.952,0.0,0.0,0.0,0.0,0.0,-165.606,0.0,0.0
ALA  24,87.411,0.0,0.0,-3.409,0.0,0.0,-81.304,0.0,0.0,-3.237,0.0,0.0,0.0,0.0,0.0,-0.5390000000000068,0.0,0.0
GLU  25,104.264,0.0,0.0,-5.587,0.0,0.0,-66.591,0.0,0.0,-98.737,0.0,0.0,0.0,0.0,0.0,-66.651,0.0,0.0
GLN  26,35.825,0.0,0.0,-4.251,0.0,0.0,-66.144,0.0,0.0,-13.564,0.0,0.0,0.0,0.0,0.0,-48.13400000000001,0.0,0.0
ALA  27,94.494,0.0,0.0,-5.915,0.0,0.0,-86.808,0.0,0.0,2.146,0.0,0.0,0.0,0.0,0.0,3.9169999999999865,0.0,0.0
SER  28,75.247,0.0,0.0,-3.697,0.0,0.0,-73.269,0.0,0.0,1.761,0.0,0.0,0.0,0.0,0.0,0.0419999999999916,0.0,0.0
GLN  29,29.713,0.0,0.0,-6.089,0.0,0.0,-64.354,0.0,0.0,-15.475,0.0,0.0,0.0,0.0,0.0,-56.205,0.0,0.0
GLU  30,109.666,0.0,0.0,-4.561,0.0,0.0,-89.759,0.0,0.0,-76.8,0.0,0.0,0.0,0.0,0.0,-61.45400000000001,0.0,0.0
VAL  31,61.997,0.0,0.0,-7.125,0.0,0.0,-57.258,0.0,0.0,-1.136,0.0,0.0,0.0,0.0,0.0,-3.522000000000003,0.0,0.0
LYS  32,111.005,0.0,0.0,-11.089,0.0,0.0,-79.669,0.0,0.0,-25.872,0.0,0.0,0.0,0.0,0.0,-5.625,0.0,0.0
ASN  33,35.943,0.0,0.0,-6.46,0.0,0.0,-90.61,0.0,0.0,-11.613,0.0,0.0,0.0,0.0,0.0,-72.74000000000001,0.0,0.0
TRP  34,128.012,0.0,0.0,-10.144,0.0,0.0,-91.75,0.0,0.0,-5.065,0.0,0.0,0.0,0.0,0.0,21.052999999999994,0.0,0.0
MET  35,104.512,0.0,0.0,-9.839,0.0,0.0,-87.332,0.0,0.0,-0.835,0.0,0.0,0.0,0.0,0.0,6.506000000000008,0.0,0.0
THR  36,45.54,0.0,0.0,-7.884,0.0,0.0,-53.462,0.0,0.0,-3.437,0.0,0.0,0.0,0.0,0.0,-19.243000000000006,0.0,0.0
GLU  37,109.234,0.0,0.0,-4.968,0.0,0.0,-68.543,0.0,0.0,-93.371,0.0,0.0,0.0,0.0,0.0,-57.64800000000001,0.0,0.0
THR  38,41.217,0.0,0.0,-7.456,0.0,0.0,-48.864,0.0,0.0,-0.207,0.0,0.0,0.0,0.0,0.0,-15.310000000000002,0.0,0.0
LEU  39,60.814,0.0,0.0,-8.016,0.0,0.0,-64.965,0.0,0.0,0.76,0.0,0.0,0.0,0.0,0.0,-11.407000000000002,0.0,0.0
LEU  40,83.194,0.0,0.0,-8.874,0.0,0.0,-92.571,0.0,0.0,1.483,0.0,0.0,0.0,0.0,0.0,-16.76799999999999,0.0,0.0
VAL  41,53.88,0.0,0.0,-7.392,0.0,0.0,-55.432,0.0,0.0,2.277,0.0,0.0,0.0,0.0,0.0,-6.6670000000000025,0.0,0.0
GLN  42,22.516,0.0,0.0,-8.025,0.0,0.0,-63.754,0.0,0.0,-7.567,0.0,0.0,0.0,0.0,0.0,-56.83,0.0,0.0
ASN  43,16.573,0.0,0.0,-8.513,0.0,0.0,-78.136,0.0,0.0,-2.548,0.0,0.0,0.0,0.0,0.0,-72.624,0.0,0.0
ALA  44,92.849,0.0,0.0,-7.353,0.0,0.0,-81.816,0.0,0.0,1.085,0.0,0.0,0.0,0.0,0.0,4.765000000000007,0.0,0.0
ASN  45,41.301,0.0,0.0,-6.488,0.0,0.0,-95.171,0.0,0.0,-4.906,0.0,0.0,0.0,0.0,0.0,-65.26400000000001,0.0,0.0
PRO  46,79.148,0.0,0.0,-4.591,0.0,0.0,-59.903,0.0,0.0,-3.449,0.0,0.0,0.0,0.0,0.0,11.205000000000004,0.0,0.0
ASP  47,106.4,0.0,0.0,-6.746,0.0,0.0,-78.903,0.0,0.0,-87.636,0.0,0.0,0.0,0.0,0.0,-66.88499999999999,0.0,0.0
CYX  48,101.424,0.0,0.0,-7.343,0.0,0.0,-83.151,0.0,0.0,-1.961,0.0,0.0,0.0,0.0,0.0,8.969000000000007,0.0,0.0
LYS  49,133.659,0.0,0.0,-9.516,0.0,0.0,-119.405,0.0,0.0,-18.168,0.0,0.0,0.0,0.0,0.0,-13.430000000000014,0.0,0.0
THR  50,52.547,0.0,0.0,-5.709,0.0,0.0,-69.363,0.0,0.0,0.533,0.0,0.0,0.0,0.0,0.0,-21.992000000000004,0.0,0.0
ILE  51,73.593,0.0,0.0,-6.858,0.0,0.0,-57.076,0.0,0.0,-0.831,0.0,0.0,0.0,0.0,0.0,8.828,0.0,0.0
LEU  52,86.194,0.0,0.0,-8.287,0.0,0.0,-75.917,0.0,0.0,-4.513,0.0,0.0,0.0,0.0,0.0,-2.523000000000005,0.0,0.0
LYS  53,127.537,0.0,0.0,-6.043,0.0,0.0,-91.207,0.0,0.0,-29.557,0.0,0.0,0.0,0.0,0.0,0.7300000000000075,0.0,0.0
ALA  54,86.47,0.0,0.0,-4.216,0.0,0.0,-73.418,0.0,0.0,-4.519,0.0,0.0,0.0,0.0,0.0,4.316999999999998,0.0,0.0
LEU  55,76.139,0.0,0.0,-7.093,0.0,0.0,-70.483,0.0,0.0,-6.418,0.0,0.0,0.0,0.0,0.0,-7.855000000000012,0.0,0.0
GLY  56,87.795,0.0,0.0,-3.322,0.0,0.0,-72.779,0.0,0.0,-5.891,0.0,0.0,0.0,0.0,0.0,5.803000000000003,0.0,0.0
PRO  57,83.816,0.0,0.0,-2.053,0.0,0.0,-51.861,0.0,0.0,-8.672,0.0,0.0,0.0,0.0,0.0,21.230000000000008,0.0,0.0
GLY  58,66.986,0.0,0.0,-1.909,0.0,0.0,-61.297,0.0,0.0,-6.789,0.0,0.0,0.0,0.0,0.0,-3.0089999999999986,0.0,0.0
ALA  59,102.616,0.0,0.0,-4.491,0.0,0.0,-92.719,0.0,0.0,-0.758,0.0,0.0,0.0,0.0,0.0,4.648000000000006,0.0,0.0
THR  60,47.28,0.0,0.0,-5.118,0.0,0.0,-56.534,0.0,0.0,-1.59,0.0,0.0,0.0,0.0,0.0,-15.962,0.0,0.0
LEU  61,58.97,0.0,0.0,-6.557,0.0,0.0,-68.926,0.0,0.0,-3.053,0.0,0.0,0.0,0.0,0.0,-19.566000000000006,0.0,0.0
GLU  62,102.956,0.0,0.0,-6.125,0.0,0.0,-72.152,0.0,0.0,-96.984,0.0,0.0,0.0,0.0,0.0,-72.30499999999999,0.0,0.0
GLU  63,101.138,0.0,0.0,-8.152,0.0,0.0,-65.05,0.0,0.0,-90.331,0.0,0.0,0.0,0.0,0.0,-62.394999999999996,0.0,0.0
MET  64,90.349,0.0,0.0,-11.222,0.0,0.0,-75.401,0.0,0.0,-1.238,0.0,0.0,0.0,0.0,0.0,2.4880000000000133,0.0,0.0
MET  65,96.361,0.0,0.0,-10.682,0.0,0.0,-85.322,0.0,0.0,0.578,0.0,0.0,0.0,0.0,0.0,0.9349999999999993,0.0,0.0
THR  66,34.96,0.0,0.0,-5.076,0.0,0.0,-48.906,0.0,0.0,-0.968,0.0,0.0,0.0,0.0,0.0,-19.99,0.0,0.0
ALA  67,80.19,0.0,0.0,-4.993,0.0,0.0,-65.817,0.0,0.0,-2.334,0.0,0.0,0.0,0.0,0.0,7.04600000000001,0.0,0.0
CYX  68,92.864,0.0,0.0,-6.999,0.0,0.0,-80.418,0.0,0.0,-0.138,0.0,0.0,0.0,0.0,0.0,5.309000000000003,0.0,0.0
GLN  69,39.118,0.0,0.0,-7.111,0.0,0.0,-73.052,0.0,0.0,-5.218,0.0,0.0,0.0,0.0,0.0,-46.263000000000005,0.0,0.0
GLY  70,97.774,0.0,0.0,-4.986,0.0,0.0,-86.764,0.0,0.0,-2.27,0.0,0.0,0.0,0.0,0.0,3.754000000000001,0.0,0.0
VAL  71,39.096,0.0,0.0,-1.802,0.0,0.0,-58.152,0.0,0.0,-72.976,0.0,0.0,0.0,0.0,0.0,-93.834,0.0,0.0

DELTAS:
Total Energy Decomposition:
Residue,Location,Internal,,,van der Waals,,,Electrostatic,,,Polar Solvation,,,Non-Polar Solv.,,,TOTAL,,
,,Avg.,Std. Dev.,Std. Err. of Mean,Avg.,Std. Dev.,Std. Err. of Mean,Avg.,Std. Dev.,Std. Err. of Mean,Avg.,Std. Dev.,Std. Err. of Mean,Avg.,Std. Dev.,Std. Err. of Mean
PRO   1,R PRO   1,0.0,0.0,0.0,-0.0009999999999994458,0.0,0.0,-5.274000000000001,0.0,0.0,5.226000000000001,0.0,0.0,0.0,0.0,0.0,-0.04900000000000526,0.0,0.0
ILE   2,R ILE   2,0.0,0.0,0.0,0.0,0.0,0.0,0.006000000000000227,0.0,0.0,-0.006000000000000227,0.0,0.0,0.0,0.0,0.0,0.0,0.0,0.0
VAL   3,R VAL   3,0.0,0.0,0.0,-0.001000000000000334,0.0,0.0,0.0009999999999976694,0.0,0.0,-0.0009999999999998899,0.0,0.0,0.0,0.0,0.0,-0.0009999999999998899,0.0,0.0
GLN   4,R GLN   4,0.0,0.0,0.0,0.0,0.0,0.0,-0.007999999999995566,0.0,0.0,0.007999999999999119,0.0,0.0,0.0,0.0,0.0,7.105427357601002e-15,0.0,0.0
ASN   5,R ASN   5,0.0,0.0,0.0,0.0,0.0,0.0,-0.02400000000000091,0.0,0.0,0.023999999999999133,0.0,0.0,0.0,0.0,0.0,0.0,0.0,0.0
LEU   6,R LEU   6,0.0,0.0,0.0,-0.0009999999999998899,0.0,0.0,-0.012000000000000455,0.0,0.0,0.012000000000000455,0.0,0.0,0.0,0.0,0.0,-0.0010000000000047748,0.0,0.0
GLN   7,R GLN   7,0.0,0.0,0.0,0.0,0.0,0.0,-0.006999999999990791,0.0,0.0,0.006999999999999673,0.0,0.0,0.0,0.0,0.0,7.105427357601002e-15,0.0,0.0
GLY   8,R GLY   8,0.0,0.0,0.0,0.0,0.0,0.0,0.011999999999986244,0.0,0.0,-0.01200000000000001,0.0,0.0,0.0,0.0,0.0,-1.3766765505351941e-14,0.0,0.0
GLN   9,R GLN   9,0.0,0.0,0.0,0.0,0.0,0.0,0.049000000000006594,0.0,0.0,-0.04899999999999949,0.0,0.0,0.0,0.0,0.0,7.105427357601002e-15,0.0,0.0
MET  10,R MET  10,0.0,0.0,0.0,0.0,0.0,0.0,-0.019000000000005457,0.0,0.0,0.018000000000000682,0.0,0.0,0.0,0.0,0.0,-0.0010000000000047748,0.0,0.0
VAL  11,R VAL  11,0.0,0.0,0.0,0.0,0.0,0.0,0.0010000000000047748,0.0,0.0,0.0,0.0,0.0,0.0,0.0,0.0,0.0010000000000047748,0.0,0.0
HID  12,R HID  12,0.0,0.0,0.0,-0.0009999999999994458,0.0,0.0,0.015000000000000568,0.0,0.0,-0.0129999999999999,0.0,0.0,0.0,0.0,0.0,0.0009999999999941167,0.0,0.0
GLN  13,R GLN  13,0.0,0.0,0.0,0.0,0.0,0.0,-0.060000000000002274,0.0,0.0,0.057000000000000384,0.0,0.0,0.0,0.0,0.0,-0.003000000000007219,0.0,0.0
ALA  14,R ALA  14,0.0,0.0,0.0,0.0,0.0,0.0,-0.02599999999999625,0.0,0.0,0.025000000000000022,0.0,0.0,0.0,0.0,0.0,-0.000999999999995893,0.0,0.0
ILE  15,R ILE  15,0.0,0.0,0.0,-0.0009999999999994458,0.0,0.0,0.055999999999997385,0.0,0.0,-0.05500000000000016,0.0,0.0,0.0,0.0,0.0,7.105427357601002e-15,0.0,0.0
SER  16,R SER  16,0.0,0.0,0.0,-0.0009999999999994458,0.0,0.0,0.0009999999999976694,0.0,0.0,-0.001000000000000334,0.0,0.0,0.0,0.0,0.0,-0.001000000000000334,0.0,0.0
PRO  17,R PRO  17,0.0,0.0,0.0,-0.001000000000000334,0.0,0.0,0.021000000000000796,0.0,0.0,-0.019000000000000128,0.0,0.0,0.0,0.0,0.0,0.0009999999999976694,0.0,0.0
ARG  18,R ARG  18,0.0,0.0,0.0,-0.0039999999999995595,0.0,0.0,-6.380000000000003,0.0,0.0,6.329000000000001,0.0,0.0,0.0,0.0,0.0,-0.0549999999999784,0.0,0.0
THR  19,R THR  19,0.0,0.0,0.0,-0.0030000000000001137,0.0,0.0,-0.036999999999999034,0.0,0.0,0.03600000000000003,0.0,0.0,0.0,0.0,0.0,-0.003999999999997783,0.0,0.0
LEU  20,R LEU  20,0.0,0.0,0.0,-0.0030000000000001137,0.0,0.0,-0.06800000000000495,0.0,0.0,0.06700000000000017,0.0,0.0,0.0,0.0,0.0,-0.0040000000000048885,0.0,0.0
ASN  21,R ASN  21,0.0,0.0,0.0,-0.006000000000000227,0.0,0.0,-0.20199999999999818,0.0,0.0,0.19599999999999884,0.0,0.0,0.0,0.0,0.0,-0.012000000000000455,0.0,0.0
ALA  22,R ALA  22,0.0,0.0,0.0,-0.008000000000000007,0.0,0.0,-0.3119999999999976,0.0,0.0,0.30699999999999994,0.0,0.0,0.0,0.0,0.0,-0.01299999999999324,0.0,0.0
TRP  23,R TRP  23,0.0,0.0,0.0,-0.01600000000000179,0.0,0.0,-0.30100000000000193,0.0,0.0,0.29600000000000026,0.0,0.0,0.0,0.0,0.0,-0.02099999999999369,0.0,0.0
VAL  24,R VAL  24,0.0,0.0,0.0,-0.010999999999999233,0.0,0.0,-0.14300000000000068,0.0,0.0,0.14500000000000046,0.0,0.0,0.0,0.0,0.0,-0.0089999999999959,0.0,0.0
LYS  25,R LYS  25,0.0,0.0,0.0,-0.0470000000000006,0.0,0.0,-8.495000000000005,0.0,0.0,8.390999999999998,0.0,0.0,0.0,0.0,0.0,-0.1510000000000309,0.0,0.0
VAL  26,R VAL  26,0.0,0.0,0.0,-0.051000000000000156,0.0,0.0,-0.3259999999999934,0.0,0.0,0.33599999999999985,0.0,0.0,0.0,0.0,0.0,-0.04099999999998971,0.0,0.0
VAL  27,R VAL  27,0.0,0.0,0.0,-0.02999999999999936,0.0,0.0,-0.026000000000003354,0.0,0.0,0.028000000000000025,0.0,0.0,0.0,0.0,0.0,-0.027999999999997804,0.0,0.0
GLU  28,R GLU  28,0.0,0.0,0.0,-0.16000000000000014,0.0,0.0,7.224000000000004,0.0,0.0,-7.080999999999989,0.0,0.0,0.0,0.0,0.0,-0.016999999999981696,0.0,0.0
GLU  29,R GLU  29,0.0,0.0,0.0,-1.5009999999999994,0.0,0.0,-15.835999999999999,0.0,0.0,19.020000000000003,0.0,0.0,0.0,0.0,0.0,1.6829999999999998,0.0,0.0
LYS  30,R LYS  30,0.0,0.0,0.0,-0.7990000000000004,0.0,0.0,20.141999999999996,0.0,0.0,-18.816000000000003,0.0,0.0,0.0,0.0,0.0,0.527000000000001,0.0,0.0
ALA  31,R ALA  31,0.0,0.0,0.0,-0.23599999999999977,0.0,0.0,-0.914999999999992,0.0,0.0,1.0840000000000005,0.0,0.0,0.0,0.0,0.0,-0.06699999999999573,0.0,0.0
PHE  32,R PHE  32,0.0,0.0,0.0,0.05900000000000105,0.0,0.0,0.5220000000000056,0.0,0.0,-0.19399999999999995,0.0,0.0,0.0,0.0,0.0,0.387000000000004,0.0,0.0
SER  33,R SER  33,0.0,0.0,0.0,-1.7779999999999996,0.0,0.0,1.3290000000000006,0.0,0.0,0.6819999999999997,0.0,0.0,0.0,0.0,0.0,0.23299999999999343,0.0,0.0
PRO  34,R PRO  34,0.0,0.0,0.0,-1.3519999999999994,0.0,0.0,-1.3829999999999956,0.0,0.0,1.403,0.0,0.0,0.0,0.0,0.0,-1.3319999999999848,0.0,0.0
GLU  35,R GLU  35,0.0,0.0,0.0,-0.4559999999999995,0.0,0.0,-36.715999999999994,0.0,0.0,40.623,0.0,0.0,0.0,0.0,0.0,3.4510000000000147,0.0,0.0
VAL  36,R VAL  36,0.0,0.0,0.0,-0.08000000000000007,0.0,0.0,-0.3930000000000007,0.0,0.0,0.412,0.0,0.0,0.0,0.0,0.0,-0.06100000000000527,0.0,0.0
ILE  37,R ILE  37,0.0,0.0,0.0,-0.03900000000000148,0.0,0.0,-0.3230000000000004,0.0,0.0,0.324,0.0,0.0,0.0,0.0,0.0,-0.038000000000000256,0.0,0.0
PRO  38,R PRO  38,0.0,0.0,0.0,-0.038000000000000256,0.0,0.0,0.392000000000003,0.0,0.0,-0.3840000000000001,0.0,0.0,0.0,0.0,0.0,-0.029999999999992255,0.0,0.0
MET  39,R MET  39,0.0,0.0,0.0,-0.0649999999999995,0.0,0.0,0.2540000000000049,0.0,0.0,-0.24999999999999994,0.0,0.0,0.0,0.0,0.0,-0.06099999999999284,0.0,0.0
PHE  40,R PHE  40,0.0,0.0,0.0,-0.009999999999999787,0.0,0.0,-0.08799999999999386,0.0,0.0,0.08800000000000002,0.0,0.0,0.0,0.0,0.0,-0.009999999999999787,0.0,0.0
SER  41,R SER  41,0.0,0.0,0.0,-0.0039999999999995595,0.0,0.0,0.25900000000000034,0.0,0.0,-0.25100000000000033,0.0,0.0,0.0,0.0,0.0,0.004000000000002224,0.0,0.0
ALA  42,R ALA  42,0.0,0.0,0.0,-0.0039999999999995595,0.0,0.0,0.2950000000000017,0.0,0.0,-0.28700000000000037,0.0,0.0,0.0,0.0,0.0,0.003999999999996007,0.0,0.0
LEU  43,R LEU  43,0.0,0.0,0.0,-0.006999999999999673,0.0,0.0,0.17300000000000182,0.0,0.0,-0.16900000000000004,0.0,0.0,0.0,0.0,0.0,-0.0030000000000036664,0.0,0.0
SER  44,R SER  44,0.0,0.0,0.0,-0.002000000000000668,0.0,0.0,0.14100000000000534,0.0,0.0,-0.137,0.0,0.0,0.0,0.0,0.0,0.001999999999995339,0.0,0.0
GLU  45,R GLU  45,0.0,0.0,0.0,-0.0019999999999997797,0.0,0.0,4.742000000000004,0.0,0.0,-4.700000000000003,0.0,0.0,0.0,0.0,0.0,0.03999999999999204,0.0,0.0
GLY  46,R GLY  46,0.0,0.0,0.0,-0.001000000000000334,0.0,0.0,-0.012000000000000455,0.0,0.0,0.008999999999999952,0.0,0.0,0.0,0.0,0.0,-0.004000000000005277,0.0,0.0
ALA  47,R ALA  47,0.0,0.0,0.0,0.0,0.0,0.0,0.0239999999999867,0.0,0.0,-0.02200000000000024,0.0,0.0,0.0,0.0,0.0,0.001999999999986457,0.0,0.0
THR  48,R THR  48,0.0,0.0,0.0,-0.0009999999999994458,0.0,0.0,0.03900000000000148,0.0,0.0,-0.03699999999999999,0.0,0.0,0.0,0.0,0.0,0.0010000000000047748,0.0,0.0
PRO  49,R PRO  49,0.0,0.0,0.0,-0.0010000000000012221,0.0,0.0,0.046999999999997044,0.0,0.0,-0.044999999999999984,0.0,0.0,0.0,0.0,0.0,0.0010000000000065512,0.0,0.0
GLN  50,R GLN  50,0.0,0.0,0.0,0.0,0.0,0.0,0.07099999999999795,0.0,0.0,-0.06799999999999962,0.0,0.0,0.0,0.0,0.0,0.0030000000000001137,0.0,0.0
ASP  51,R ASP  51,0.0,0.0,0.0,-0.0009999999999994458,0.0,0.0,5.5190000000000055,0.0,0.0,-5.461,0.0,0.0,0.0,0.0,0.0,0.05700000000000216,0.0,0.0
LEU  52,R LEU  52,0.0,0.0,0.0,-0.0010000000000012221,0.0,0.0,0.04899999999999238,0.0,0.0,-0.04499999999999993,0.0,0.0,0.0,0.0,0.0,0.002999999999996561,0.0,0.0
ASN  53,R ASN  53,0.0,0.0,0.0,-0.0009999999999994458,0.0,0.0,0.13500000000000512,0.0,0.0,-0.1339999999999999,0.0,0.0,0.0,0.0,0.0,1.4210854715202004e-14,0.0,0.0
THR  54,R THR  54,0.0,0.0,0.0,-0.0009999999999994458,0.0,0.0,0.07899999999999352,0.0,0.0,-0.07999999999999996,0.0,0.0,0.0,0.0,0.0,-0.002000000000005997,0.0,0.0
MET  55,R MET  55,0.0,0.0,0.0,-0.0030000000000001137,0.0,0.0,0.0759999999999934,0.0,0.0,-0.07600000000000001,0.0,0.0,0.0,0.0,0.0,-0.003000000000020986,0.0,0.0
LEU  56,R LEU  56,0.0,0.0,0.0,-0.002000000000000668,0.0,0.0,0.05300000000001148,0.0,0.0,-0.052,0.0,0.0,0.0,0.0,0.0,-0.0009999999999976694,0.0,0.0
ASN  57,R ASN  57,0.0,0.0,0.0,-0.002000000000000668,0.0,0.0,0.1840000000000117,0.0,0.0,-0.18299999999999983,0.0,0.0,0.0,0.0,0.0,-0.0009999999999763531,0.0,0.0
THR  58,R THR  58,0.0,0.0,0.0,-0.0030000000000001137,0.0,0.0,0.1039999999999992,0.0,0.0,-0.10400000000000009,0.0,0.0,0.0,0.0,0.0,-0.0030000000000001137,0.0,0.0
VAL  59,R VAL  59,0.0,0.0,0.0,-0.004999999999999005,0.0,0.0,0.12899999999999778,0.0,0.0,-0.1279999999999999,0.0,0.0,0.0,0.0,0.0,-0.003999999999997783,0.0,0.0
ALA  60,R ALA  60,0.0,0.0,0.0,-0.0019999999999997797,0.0,0.0,0.09100000000000108,0.0,0.0,-0.09100000000000019,0.0,0.0,0.0,0.0,0.0,-0.0020000000000095497,0.0,0.0
PRO  61,R PRO  61,0.0,0.0,0.0,-0.004000000000000448,0.0,0.0,0.12099999999999511,0.0,0.0,-0.11900000000000022,0.0,0.0,0.0,0.0,0.0,-0.001999999999997115,0.0,0.0
HID  62,R HID  62,0.0,0.0,0.0,-0.009999999999999787,0.0,0.0,0.021000000000000796,0.0,0.0,-0.019999999999999574,0.0,0.0,0.0,0.0,0.0,-0.009000000000003894,0.0,0.0
GLN  63,R GLN  63,0.0,0.0,0.0,-0.008000000000000007,0.0,0.0,-0.14399999999999835,0.0,0.0,0.14300000000000068,0.0,0.0,0.0,0.0,0.0,-0.008999999999993236,0.0,0.0
ALA  64,R ALA  64,0.0,0.0,0.0,-0.0040000000000000036,0.0,0.0,0.11700000000000443,0.0,0.0,-0.11699999999999999,0.0,0.0,0.0,0.0,0.0,-0.0039999999999995595,0.0,0.0
ALA  65,R ALA  65,0.0,0.0,0.0,-0.005000000000000782,0.0,0.0,0.020000000000010232,0.0,0.0,-0.02200000000000002,0.0,0.0,0.0,0.0,0.0,-0.006999999999999673,0.0,0.0
ALA  66,R ALA  66,0.0,0.0,0.0,-0.002000000000000668,0.0,0.0,-0.015999999999991132,0.0,0.0,0.016999999999999904,0.0,0.0,0.0,0.0,0.0,-0.001000000000000334,0.0,0.0
GLN  67,R GLN  67,0.0,0.0,0.0,-0.0030000000000001137,0.0,0.0,-0.027000000000001023,0.0,0.0,0.028999999999999915,0.0,0.0,0.0,0.0,0.0,-0.0009999999999976694,0.0,0.0
MET  68,R MET  68,0.0,0.0,0.0,-0.005000000000000782,0.0,0.0,0.0,0.0,0.0,0.0020000000000000018,0.0,0.0,0.0,0.0,0.0,-0.002999999999996561,0.0,0.0
LEU  69,R LEU  69,0.0,0.0,0.0,-0.0039999999999995595,0.0,0.0,0.019000000000005457,0.0,0.0,-0.017999999999999794,0.0,0.0,0.0,0.0,0.0,-0.002999999999985903,0.0,0.0
LYS  70,R LYS  70,0.0,0.0,0.0,-0.0009999999999994458,0.0,0.0,-7.119,0.0,0.0,7.048000000000002,0.0,0.0,0.0,0.0,0.0,-0.07200000000000273,0.0,0.0
GLU  71,R GLU  71,0.0,0.0,0.0,-0.0009999999999994458,0.0,0.0,8.35199999999999,0.0,0.0,-8.260999999999996,0.0,0.0,0.0,0.0,0.0,0.0899999999999892,0.0,0.0
THR  72,R THR  72,0.0,0.0,0.0,-0.002000000000000668,0.0,0.0,0.017000000000003013,0.0,0.0,-0.016000000000000014,0.0,0.0,0.0,0.0,0.0,-0.0009999999999941167,0.0,0.0
ILE  73,R ILE  73,0.0,0.0,0.0,-0.0009999999999994458,0.0,0.0,-0.047999999999994714,0.0,0.0,0.04899999999999993,0.0,0.0,0.0,0.0,0.0,0.0,0.0,0.0
ASN  74,R ASN  74,0.0,0.0,0.0,-0.0009999999999994458,0.0,0.0,-0.15399999999999636,0.0,0.0,0.15399999999999991,0.0,0.0,0.0,0.0,0.0,-0.000999999999990564,0.0,0.0
GLU  75,R GLU  75,0.0,0.0,0.0,-0.001000000000000334,0.0,0.0,6.86399999999999,0.0,0.0,-6.778000000000006,0.0,0.0,0.0,0.0,0.0,0.08499999999999375,0.0,0.0
GLU  76,R GLU  76,0.0,0.0,0.0,0.0,0.0,0.0,7.280000000000001,0.0,0.0,-7.1780000000000115,0.0,0.0,0.0,0.0,0.0,0.10199999999998965,0.0,0.0
ALA  77,R ALA  77,0.0,0.0,0.0,0.0,0.0,0.0,-0.05500000000000682,0.0,0.0,0.05400000000000005,0.0,0.0,0.0,0.0,0.0,-0.0010000000000074394,0.0,0.0
ALA  78,R ALA  78,0.0,0.0,0.0,0.0,0.0,0.0,-0.08899999999999864,0.0,0.0,0.08900000000000002,0.0,0.0,0.0,0.0,0.0,1.7763568394002505e-15,0.0,0.0
GLU  79,R GLU  79,0.0,0.0,0.0,-0.0009999999999994458,0.0,0.0,6.6030000000000015,0.0,0.0,-6.51700000000001,0.0,0.0,0.0,0.0,0.0,0.08499999999998664,0.0,0.0
TRP  80,R TRP  80,0.0,0.0,0.0,-0.0010000000000012221,0.0,0.0,-0.006000000000000227,0.0,0.0,0.006000000000000005,0.0,0.0,0.0,0.0,0.0,-0.0010000000000047748,0.0,0.0
ASP  81,R ASP  81,0.0,0.0,0.0,0.0,0.0,0.0,5.6640000000000015,0.0,0.0,-5.594999999999999,0.0,0.0,0.0,0.0,0.0,0.06900000000000261,0.0,0.0
ARG  82,R ARG  82,0.0,0.0,0.0,0.0,0.0,0.0,-6.649000000000001,0.0,0.0,6.564,0.0,0.0,0.0,0.0,0.0,-0.08500000000000796,0.0,0.0
LEU  83,R LEU  83,0.0,0.0,0.0,0.0,0.0,0.0,-0.04200000000000159,0.0,0.0,0.04100000000000037,0.0,0.0,0.0,0.0,0.0,-0.0010000000000012221,0.0,0.0
HID  84,R HID  84,0.0,0.0,0.0,0.0,0.0,0.0,0.07099999999999795,0.0,0.0,-0.06899999999999906,0.0,0.0,0.0,0.0,0.0,0.0019999999999988916,0.0,0.0
PRO  85,R PRO  85,0.0,0.0,0.0,0.0,0.0,0.0,-0.016000000000005343,0.0,0.0,0.016000000000000014,0.0,0.0,0.0,0.0,0.0,-7.105427357601002e-15,0.0,0.0
VAL  86,R VAL  86,0.0,0.0,0.0,0.0,0.0,0.0,0.006000000000000227,0.0,0.0,-0.005000000000000782,0.0,0.0,0.0,0.0,0.0,0.0009999999999994458,0.0,0.0
HID  87,R HID  87,0.0,0.0,0.0,0.0,0.0,0.0,0.03900000000000148,0.0,0.0,-0.03999999999999915,0.0,0.0,0.0,0.0,0.0,-0.0009999999999976694,0.0,0.0
ALA  88,R ALA  88,0.0,0.0,0.0,0.0,0.0,0.0,0.02400000000000091,0.0,0.0,-0.022999999999999687,0.0,0.0,0.0,0.0,0.0,0.0010000000000012221,0.0,0.0
GLY  89,R GLY  89,0.0,0.0,0.0,0.0,0.0,0.0,0.05700000000000216,0.0,0.0,-0.05599999999999916,0.0,0.0,0.0,0.0,0.0,0.0010000000000029985,0.0,0.0
PRO  90,R PRO  90,0.0,0.0,0.0,0.0,0.0,0.0,-0.005000000000002558,0.0,0.0,0.004999999999999893,0.0,0.0,0.0,0.0,0.0,-3.552713678800501e-15,0.0,0.0
ILE  91,R ILE  91,0.0,0.0,0.0,0.0,0.0,0.0,-0.0379999999999967,0.0,0.0,0.03699999999999992,0.0,0.0,0.0,0.0,0.0,-0.000999999999995893,0.0,0.0
ALA  92,R ALA  92,0.0,0.0,0.0,0.0,0.0,0.0,0.03700000000000614,0.0,0.0,-0.038000000000000256,0.0,0.0,0.0,0.0,0.0,-0.0009999999999941167,0.0,0.0
PRO  93,R PRO  93,0.0,0.0,0.0,0.0,0.0,0.0,0.0030000000000001137,0.0,0.0,-0.0019999999999997797,0.0,0.0,0.0,0.0,0.0,0.0009999999999976694,0.0,0.0
GLY  94,R GLY  94,0.0,0.0,0.0,0.0,0.0,0.0,0.01300000000000523,0.0,0.0,-0.0129999999999999,0.0,0.0,0.0,0.0,0.0,5.329070518200751e-15,0.0,0.0
GLN  95,R GLN  95,0.0,0.0,0.0,0.0,0.0,0.0,0.058000000000006935,0.0,0.0,-0.05699999999999861,0.0,0.0,0.0,0.0,0.0,0.0010000000000118803,0.0,0.0
MET  96,R MET  96,0.0,0.0,0.0,0.0,0.0,0.0,0.0049999999999954525,0.0,0.0,-0.004000000000000448,0.0,0.0,0.0,0.0,0.0,0.0009999999999941167,0.0,0.0
ARG  97,R ARG  97,0.0,0.0,0.0,0.0,0.0,0.0,-5.075000000000003,0.0,0.0,5.027999999999999,0.0,0.0,0.0,0.0,0.0,-0.046999999999997044,0.0,0.0
GLU  98,R GLU  98,0.0,0.0,0.0,0.0,0.0,0.0,5.124000000000002,0.0,0.0,-5.070999999999998,0.0,0.0,0.0,0.0,0.0,0.05300000000000438,0.0,0.0
PRO  99,R PRO  99,0.0,0.0,0.0,0.0,0.0,0.0,-0.014000000000002899,0.0,0.0,0.015000000000000124,0.0,0.0,0.0,0.0,0.0,0.0009999999999976694,0.0,0.0
ARG 100,R ARG 100,0.0,0.0,0.0,0.0,0.0,0.0,-5.437999999999999,0.0,0.0,5.375,0.0,0.0,0.0,0.0,0.0,-0.06299999999998818,0.0,0.0
GLY 101,R GLY 101,0.0,0.0,0.0,-0.0009999999999994458,0.0,0.0,0.015000000000000568,0.0,0.0,-0.014999999999999902,0.0,0.0,0.0,0.0,0.0,-0.0010000000000047748,0.0,0.0
SER 102,R SER 102,0.0,0.0,0.0,0.0,0.0,0.0,0.034000000000006025,0.0,0.0,-0.03400000000000025,0.0,0.0,0.0,0.0,0.0,5.773159728050814e-15,0.0,0.0
ASP 103,R ASP 103,0.0,0.0,0.0,0.0,0.0,0.0,5.397000000000006,0.0,0.0,-5.339999999999996,0.0,0.0,0.0,0.0,0.0,0.057000000000009265,0.0,0.0
ILE 104,R ILE 104,0.0,0.0,0.0,-0.0009999999999994458,0.0,0.0,-0.019000000000005457,0.0,0.0,0.018000000000000016,0.0,0.0,0.0,0.0,0.0,-0.0020000000000095497,0.0,0.0
ALA 105,R ALA 105,0.0,0.0,0.0,0.0,0.0,0.0,0.02400000000000091,0.0,0.0,-0.023999999999999994,0.0,0.0,0.0,0.0,0.0,8.881784197001252e-16,0.0,0.0
GLY 106,R GLY 106,0.0,0.0,0.0,0.0,0.0,0.0,0.02400000000000091,0.0,0.0,-0.02400000000000002,0.0,0.0,0.0,0.0,0.0,8.881784197001252e-16,0.0,0.0
THR 107,R THR 107,0.0,0.0,0.0,-0.001000000000000334,0.0,0.0,-0.04700000000000415,0.0,0.0,0.045999999999999375,0.0,0.0,0.0,0.0,0.0,-0.0020000000000024443,0.0,0.0
THR 108,R THR 108,0.0,0.0,0.0,0.0,0.0,0.0,-0.035000000000003695,0.0,0.0,0.034000000000000696,0.0,0.0,0.0,0.0,0.0,-0.0010000000000029985,0.0,0.0
SER 109,R SER 109,0.0,0.0,0.0,0.0,0.0,0.0,0.02599999999999625,0.0,0.0,-0.025000000000000022,0.0,0.0,0.0,0.0,0.0,0.0009999999999962261,0.0,0.0
THR 110,R THR 110,0.0,0.0,0.0,0.0,0.0,0.0,-0.017000000000003013,0.0,0.0,0.016000000000000014,0.0,0.0,0.0,0.0,0.0,-0.0010000000000012221,0.0,0.0
LEU 111,R LEU 111,0.0,0.0,0.0,0.0,0.0,0.0,-0.014000000000002899,0.0,0.0,0.013000000000000345,0.0,0.0,0.0,0.0,0.0,-0.0010000000000012221,0.0,0.0
GLN 112,R GLN 112,0.0,0.0,0.0,-0.001000000000000334,0.0,0.0,-0.055999999999997385,0.0,0.0,0.053999999999998494,0.0,0.0,0.0,0.0,0.0,-0.0030000000000001137,0.0,0.0
GLU 113,R GLU 113,0.0,0.0,0.0,-0.0009999999999994458,0.0,0.0,5.042000000000002,0.0,0.0,-5.0,0.0,0.0,0.0,0.0,0.0,0.04099999999999682,0.0,0.0
GLN 114,R GLN 114,0.0,0.0,0.0,0.0,0.0,0.0,-0.0350000000000108,0.0,0.0,0.03400000000000003,0.0,0.0,0.0,0.0,0.0,-0.0010000000000118803,0.0,0.0
ILE 115,R ILE 115,0.0,0.0,0.0,0.0,0.0,0.0,0.0,0.0,0.0,0.0009999999999998899,0.0,0.0,0.0,0.0,0.0,0.001000000000000334,0.0,0.0
GLY 116,R GLY 116,0.0,0.0,0.0,0.0,0.0,0.0,-0.019000000000005457,0.0,0.0,0.017000000000000126,0.0,0.0,0.0,0.0,0.0,-0.002000000000005331,0.0,0.0
TRP 117,R TRP 117,0.0,0.0,0.0,0.0,0.0,0.0,0.01099999999999568,0.0,0.0,-0.01100000000000001,0.0,0.0,0.0,0.0,0.0,-3.552713678800501e-15,0.0,0.0
MET 118,R MET 118,0.0,0.0,0.0,-0.0009999999999994458,0.0,0.0,0.0,0.0,0.0,0.0,0.0,0.0,0.0,0.0,0.0,-0.000999999999990564,0.0,0.0
THR 119,R THR 119,0.0,0.0,0.0,0.0,0.0,0.0,-0.04200000000000159,0.0,0.0,0.041999999999999815,0.0,0.0,0.0,0.0,0.0,0.0,0.0,0.0
HID 120,R HID 120,0.0,0.0,0.0,-0.0010000000000012221,0.0,0.0,-0.021999999999998465,0.0,0.0,0.02200000000000024,0.0,0.0,0.0,0.0,0.0,-0.0010000000000012221,0.0,0.0
ASN 121,R ASN 121,0.0,0.0,0.0,0.0,0.0,0.0,0.013999999999995794,0.0,0.0,-0.013999999999999346,0.0,0.0,0.0,0.0,0.0,-7.105427357601002e-15,0.0,0.0
PRO 122,R PRO 122,0.0,0.0,0.0,0.0,0.0,0.0,-0.01899999999999835,0.0,0.0,0.016999999999999904,0.0,0.0,0.0,0.0,0.0,-0.0019999999999988916,0.0,0.0
PRO 123,R PRO 123,0.0,0.0,0.0,0.0,0.0,0.0,0.015999999999998238,0.0,0.0,-0.01499999999999968,0.0,0.0,0.0,0.0,0.0,0.0009999999999976694,0.0,0.0
ILE 124,R ILE 124,0.0,0.0,0.0,-0.001000000000000334,0.0,0.0,-0.02300000000000324,0.0,0.0,0.021999999999999964,0.0,0.0,0.0,0.0,0.0,-0.002000000000005997,0.0,0.0
PRO 125,R PRO 125,0.0,0.0,0.0,0.0,0.0,0.0,0.04100000000000392,0.0,0.0,-0.03799999999999992,0.0,0.0,0.0,0.0,0.0,0.0030000000000036664,0.0,0.0
VAL 126,R VAL 126,0.0,0.0,0.0,0.0,0.0,0.0,0.07200000000000273,0.0,0.0,-0.069,0.0,0.0,0.0,0.0,0.0,0.0030000000000036664,0.0,0.0
GLY 127,R GLY 127,0.0,0.0,0.0,0.0,0.0,0.0,0.03700000000000614,0.0,0.0,-0.03400000000000003,0.0,0.0,0.0,0.0,0.0,0.003000000000006331,0.0,0.0
GLU 128,R GLU 128,0.0,0.0,0.0,-0.0009999999999994458,0.0,0.0,5.609000000000009,0.0,0.0,-5.536999999999999,0.0,0.0,0.0,0.0,0.0,0.07100000000000506,0.0,0.0
ILE 129,R ILE 129,0.0,0.0,0.0,-0.0009999999999994458,0.0,0.0,0.09299999999998931,0.0,0.0,-0.09100000000000008,0.0,0.0,0.0,0.0,0.0,0.0009999999999994458,0.0,0.0
TYR 130,R TYR 130,0.0,0.0,0.0,-0.0009999999999976694,0.0,0.0,0.06399999999999295,0.0,0.0,-0.061000000000000054,0.0,0.0,0.0,0.0,0.0,0.0020000000000023332,0.0,0.0
LYS 131,R LYS 131,0.0,0.0,0.0,-0.002000000000000668,0.0,0.0,-5.109999999999985,0.0,0.0,5.0489999999999995,0.0,0.0,0.0,0.0,0.0,-0.06299999999996686,0.0,0.0
ARG 132,R ARG 132,0.0,0.0,0.0,-0.002000000000000668,0.0,0.0,-6.2500000000000036,0.0,0.0,6.165,0.0,0.0,0.0,0.0,0.0,-0.08700000000001751,0.0,0.0
TRP 133,R TRP 133,0.0,0.0,0.0,-0.0019999999999988916,0.0,0.0,0.15699999999999648,0.0,0.0,-0.15800000000000003,0.0,0.0,0.0,0.0,0.0,-0.0030000000000143245,0.0,0.0
ILE 134,R ILE 134,0.0,0.0,0.0,-0.0039999999999995595,0.0,0.0,0.2189999999999941,0.0,0.0,-0.21900000000000003,0.0,0.0,0.0,0.0,0.0,-0.004000000000011106,0.0,0.0
ILE 135,R ILE 135,0.0,0.0,0.0,-0.006000000000000227,0.0,0.0,0.24800000000000466,0.0,0.0,-0.247,0.0,0.0,0.0,0.0,0.0,-0.0049999999999954525,0.0,0.0
LEU 136,R LEU 136,0.0,0.0,0.0,-0.0039999999999995595,0.0,0.0,0.3020000000000067,0.0,0.0,-0.2989999999999997,0.0,0.0,0.0,0.0,0.0,-0.000999999999985235,0.0,0.0
GLY 137,R GLY 137,0.0,0.0,0.0,-0.0030000000000001137,0.0,0.0,0.3269999999999982,0.0,0.0,-0.32400000000000007,0.0,0.0,0.0,0.0,0.0,-2.220446049250313e-15,0.0,0.0
LEU 138,R LEU 138,0.0,0.0,0.0,-0.017000000000001236,0.0,0.0,0.4539999999999935,0.0,0.0,-0.45100000000000007,0.0,0.0,0.0,0.0,0.0,-0.014000000000010004,0.0,0.0
ASN 139,R ASN 139,0.0,0.0,0.0,-0.01699999999999946,0.0,0.0,0.5180000000000007,0.0,0.0,-0.5040000000000004,0.0,0.0,0.0,0.0,0.0,-0.003000000000007219,0.0,0.0
LYS 140,R LYS 140,0.0,0.0,0.0,-0.008999999999998565,0.0,0.0,-8.292000000000002,0.0,0.0,8.201,0.0,0.0,0.0,0.0,0.0,-0.10000000000000231,0.0,0.0
ILE 141,R ILE 141,0.0,0.0,0.0,-0.022999999999999687,0.0,0.0,0.6820000000000022,0.0,0.0,-0.665,0.0,0.0,0.0,0.0,0.0,-0.006000000000008221,0.0,0.0
VAL 142,R VAL 142,0.0,0.0,0.0,-0.12100000000000044,0.0,0.0,0.9490000000000052,0.0,0.0,-0.9180000000000001,0.0,0.0,0.0,0.0,0.0,-0.0899999999999972,0.0,0.0
ARG 143,R ARG 143,0.0,0.0,0.0,-0.03200000000000003,0.0,0.0,-12.143999999999998,0.0,0.0,11.98,0.0,0.0,0.0,0.0,0.0,-0.19599999999996953,0.0,0.0
MET 144,R MET 144,0.0,0.0,0.0,-0.013999999999999346,0.0,0.0,0.45300000000000296,0.0,0.0,-0.44599999999999973,0.0,0.0,0.0,0.0,0.0,-0.006999999999992568,0.0,0.0
TYR 145,R TYR 145,0.0,0.0,0.0,-0.03799999999999848,0.0,0.0,1.0930000000000035,0.0,0.0,-1.0690000000000008,0.0,0.0,0.0,0.0,0.0,-0.013999999999994017,0.0,0.0
SER 146,R SER 146,0.0,0.0,0.0,-0.09600000000000009,0.0,0.0,-1.0390000000000015,0.0,0.0,1.0089999999999995,0.0,0.0,0.0,0.0,0.0,-0.12600000000000655,0.0,0.0
PRO 147,R PRO 147,0.0,0.0,0.0,-1.3200000000000003,0.0,0.0,1.6720000000000041,0.0,0.0,-1.6590000000000007,0.0,0.0,0.0,0.0,0.0,-1.3069999999999897,0.0,0.0
THR 148,R THR 148,0.0,0.0,0.0,-2.546,0.0,0.0,-1.7389999999999972,0.0,0.0,3.922,0.0,0.0,0.0,0.0,0.0,-0.3630000000000031,0.0,0.0
SER 149,R SER 149,0.0,0.0,0.0,-3.933,0.0,0.0,-7.350999999999999,0.0,0.0,8.075,0.0,0.0,0.0,0.0,0.0,-3.2089999999999987,0.0,0.0
ILE 150,R ILE 150,17.994999999999997,0.0,0.0,-9.238999999999999,0.0,0.0,-26.003999999999998,0.0,0.0,6.722,0.0,0.0,0.0,0.0,0.0,-10.526,0.0,0.0
LEU 151,L LEU   1,19.533,0.0,0.0,-2.308,0.0,0.0,-25.144000000000005,0.0,0.0,1.3980000000000001,0.0,0.0,0.0,0.0,0.0,-6.521000000000004,0.0,0.0
ASP 152,L ASP   2,0.0,0.0,0.0,-2.319,0.0,0.0,14.182000000000002,0.0,0.0,-12.625,0.0,0.0,0.0,0.0,0.0,-0.7620000000000005,0.0,0.0
ILE 153,L ILE   3,0.0,0.0,0.0,-1.6979999999999995,0.0,0.0,-0.4900000000000091,0.0,0.0,0.8469999999999995,0.0,0.0,0.0,0.0,0.0,-1.3410000000000046,0.0,0.0
ARG 154,L ARG   4,0.0,0.0,0.0,-0.10099999999999998,0.0,0.0,-12.643999999999998,0.0,0.0,12.645,0.0,0.0,0.0,0.0,0.0,-0.0999999999999659,0.0,0.0
GLN 155,L GLN   5,0.0,0.0,0.0,-0.02000000000000135,0.0,0.0,-0.19700000000000273,0.0,0.0,0.17700000000000005,0.0,0.0,0.0,0.0,0.0,-0.04000000000000625,0.0,0.0
GLY 156,L GLY   6,0.0,0.0,0.0,-0.006000000000000227,0.0,0.0,-0.08100000000000307,0.0,0.0,0.0820000000000003,0.0,0.0,0.0,0.0,0.0,-0.005000000000002558,0.0,0.0
PRO 157,L PRO   7,0.0,0.0,0.0,-0.004999999999999893,0.0,0.0,-0.11399999999999721,0.0,0.0,0.11099999999999977,0.0,0.0,0.0,0.0,0.0,-0.007999999999992013,0.0,0.0
LYS 158,L LYS   8,0.0,0.0,0.0,-0.004000000000000448,0.0,0.0,-8.152999999999992,0.0,0.0,8.168000000000001,0.0,0.0,0.0,0.0,0.0,0.011000000000004562,0.0,0.0
GLU 159,L GLU   9,0.0,0.0,0.0,-0.018000000000000682,0.0,0.0,16.128,0.0,0.0,-16.002000000000002,0.0,0.0,0.0,0.0,0.0,0.10799999999999699,0.0,0.0
PRO 160,L PRO  10,0.0,0.0,0.0,-0.008000000000000007,0.0,0.0,0.7680000000000007,0.0,0.0,-0.75,0.0,0.0,0.0,0.0,0.0,0.010000000000005116,0.0,0.0
PHE 161,L PHE  11,0.0,0.0,0.0,-0.0129999999999999,0.0,0.0,0.6079999999999899,0.0,0.0,-0.587,0.0,0.0,0.0,0.0,0.0,0.007999999999984908,0.0,0.0
ARG 162,L ARG  12,0.0,0.0,0.0,-0.015000000000000568,0.0,0.0,-8.403999999999996,0.0,0.0,8.447,0.0,0.0,0.0,0.0,0.0,0.02800000000002001,0.0,0.0
ASP 163,L ASP  13,0.0,0.0,0.0,-0.030999999999999694,0.0,0.0,14.302999999999997,0.0,0.0,-14.232,0.0,0.0,0.0,0.0,0.0,0.03999999999999204,0.0,0.0
TYR 164,L TYR  14,0.0,0.0,0.0,-0.07499999999999929,0.0,0.0,1.3730000000000047,0.0,0.0,-1.296,0.0,0.0,0.0,0.0,0.0,0.002000000000000668,0.0,0.0
VAL 165,L VAL  15,0.0,0.0,0.0,-0.040000000000000924,0.0,0.0,0.9100000000000037,0.0,0.0,-0.8700000000000001,0.0,0.0,0.0,0.0,0.0,5.329070518200751e-15,0.0,0.0
ASP 166,L ASP  16,0.0,0.0,0.0,-0.11099999999999977,0.0,0.0,21.519000000000005,0.0,0.0,-21.477000000000004,0.0,0.0,0.0,0.0,0.0,-0.06900000000000261,0.0,0.0
ARG 167,L ARG  17,0.0,0.0,0.0,-0.2759999999999998,0.0,0.0,-19.878,0.0,0.0,19.606,0.0,0.0,0.0,0.0,0.0,-0.5479999999999734,0.0,0.0
PHE 168,L PHE  18,0.0,0.0,0.0,-1.2850000000000001,0.0,0.0,0.6430000000000007,0.0,0.0,-0.389,0.0,0.0,0.0,0.0,0.0,-1.0309999999999957,0.0,0.0
TYR 169,L TYR  19,0.0,0.0,0.0,-0.1980000000000004,0.0,0.0,0.35600000000000875,0.0,0.0,-0.349,0.0,0.0,0.0,0.0,0.0,-0.19099999999999873,0.0,0.0
LYS 170,L LYS  20,0.0,0.0,0.0,-1.9149999999999991,0.0,0.0,-30.804000000000002,0.0,0.0,31.018,0.0,0.0,0.0,0.0,0.0,-1.7009999999999934,0.0,0.0
THR 171,L THR  21,0.0,0.0,0.0,-2.8889999999999993,0.0,0.0,0.34199999999999875,0.0,0.0,0.48099999999999987,0.0,0.0,0.0,0.0,0.0,-2.065999999999997,0.0,0.0
LEU 172,L LEU  22,0.0,0.0,0.0,-1.359,0.0,0.0,-0.4620000000000033,0.0,0.0,0.43500000000000005,0.0,0.0,0.0,0.0,0.0,-1.3860000000000054,0.0,0.0
ARG 173,L ARG  23,0.0,0.0,0.0,-1.6159999999999997,0.0,0.0,-43.954,0.0,0.0,37.219,0.0,0.0,0.0,0.0,0.0,-8.350999999999999,0.0,0.0
ALA 174,L ALA  24,0.0,0.0,0.0,-2.585,0.0,0.0,-3.2169999999999987,0.0,0.0,3.7270000000000003,0.0,0.0,0.0,0.0,0.0,-2.074999999999992,0.0,0.0
GLU 175,L GLU  25,0.0,0.0,0.0,-1.8120000000000003,0.0,0.0,8.967999999999996,0.0,0.0,-7.326999999999998,0.0,0.0,0.0,0.0,0.0,-0.17100000000000648,0.0,0.0
GLN 176,L GLN  26,0.0,0.0,0.0,-1.3899999999999997,0.0,0.0,-2.0579999999999927,0.0,0.0,2.0180000000000007,0.0,0.0,0.0,0.0,0.0,-1.4299999999999855,0.0,0.0
ALA 177,L ALA  27,0.0,0.0,0.0,-0.125,0.0,0.0,0.5080000000000098,0.0,0.0,-0.44499999999999984,0.0,0.0,0.0,0.0,0.0,-0.06199999999999006,0.0,0.0
SER 178,L SER  28,0.0,0.0,0.0,-0.027000000000000135,0.0,0.0,0.46000000000000796,0.0,0.0,-0.4869999999999999,0.0,0.0,0.0,0.0,0.0,-0.05399999999999294,0.0,0.0
GLN 179,L GLN  29,0.0,0.0,0.0,-0.020999999999999908,0.0,0.0,-0.5090000000000003,0.0,0.0,0.49799999999999933,0.0,0.0,0.0,0.0,0.0,-0.031999999999996476,0.0,0.0
GLU 180,L GLU  30,0.0,0.0,0.0,-0.014000000000000234,0.0,0.0,9.534000000000006,0.0,0.0,-9.510000000000005,0.0,0.0,0.0,0.0,0.0,0.010000000000005116,0.0,0.0
VAL 181,L VAL  31,0.0,0.0,0.0,-0.16300000000000026,0.0,0.0,-0.04299999999999926,0.0,0.0,0.08799999999999986,0.0,0.0,0.0,0.0,0.0,-0.11799999999999589,0.0,0.0
LYS 182,L LYS  32,0.0,0.0,0.0,-0.11500000000000021,0.0,0.0,-18.768,0.0,0.0,18.775,0.0,0.0,0.0,0.0,0.0,-0.10800000000001031,0.0,0.0
ASN 183,L ASN  33,0.0,0.0,0.0,-0.016000000000000014,0.0,0.0,-0.14000000000000057,0.0,0.0,0.1399999999999988,0.0,0.0,0.0,0.0,0.0,-0.015999999999991132,0.0,0.0
TRP 184,L TRP  34,0.0,0.0,0.0,-0.03999999999999915,0.0,0.0,0.1560000000000059,0.0,0.0,-0.1609999999999996,0.0,0.0,0.0,0.0,0.0,-0.04499999999998394,0.0,0.0
MET 185,L MET  35,0.0,0.0,0.0,-0.9299999999999997,0.0,0.0,0.20399999999999352,0.0,0.0,0.11199999999999999,0.0,0.0,0.0,0.0,0.0,-0.6140000000000132,0.0,0.0
THR 186,L THR  36,0.0,0.0,0.0,-0.0519999999999996,0.0,0.0,0.25500000000000256,0.0,0.0,-0.23100000000000032,0.0,0.0,0.0,0.0,0.0,-0.02799999999999514,0.0,0.0
GLU 187,L GLU  37,0.0,0.0,0.0,-0.01100000000000012,0.0,0.0,9.164000000000009,0.0,0.0,-9.198000000000008,0.0,0.0,0.0,0.0,0.0,-0.0449999999999946,0.0,0.0
THR 188,L THR  38,0.0,0.0,0.0,-0.01699999999999946,0.0,0.0,-0.03900000000000148,0.0,0.0,0.023999999999999994,0.0,0.0,0.0,0.0,0.0,-0.031999999999996476,0.0,0.0
LEU 189,L LEU  39,0.0,0.0,0.0,-0.3149999999999995,0.0,0.0,-0.11699999999999022,0.0,0.0,0.15100000000000002,0.0,0.0,0.0,0.0,0.0,-0.28099999999998815,0.0,0.0
LEU 190,L LEU  40,0.0,0.0,0.0,-0.05799999999999983,0.0,0.0,0.17499999999999716,0.0,0.0,-0.19200000000000017,0.0,0.0,0.0,0.0,0.0,-0.07500000000000995,0.0,0.0
VAL 191,L VAL  41,0.0,0.0,0.0,-0.009999999999999787,0.0,0.0,-0.05099999999999483,0.0,0.0,0.053999999999999826,0.0,0.0,0.0,0.0,0.0,-0.006999999999993456,0.0,0.0
GLN 192,L GLN  42,0.0,0.0,0.0,-0.019000000000000128,0.0,0.0,0.08299999999999841,0.0,0.0,-0.07599999999999962,0.0,0.0,0.0,0.0,0.0,-0.012000000000000455,0.0,0.0
ASN 193,L ASN  43,0.0,0.0,0.0,-0.08099999999999952,0.0,0.0,-0.4480000000000075,0.0,0.0,0.587,0.0,0.0,0.0,0.0,0.0,0.057999999999992724,0.0,0.0
ALA 194,L ALA  44,0.0,0.0,0.0,-0.007000000000000561,0.0,0.0,-0.006999999999990791,0.0,0.0,-0.008999999999999897,0.0,0.0,0.0,0.0,0.0,-0.022999999999995246,0.0,0.0
ASN 195,L ASN  45,0.0,0.0,0.0,-0.0039999999999995595,0.0,0.0,-0.41899999999999693,0.0,0.0,0.40999999999999925,0.0,0.0,0.0,0.0,0.0,-0.012999999999991019,0.0,0.0
PRO 196,L PRO  46,0.0,0.0,0.0,-0.0019999999999997797,0.0,0.0,-0.10099999999999909,0.0,0.0,0.09799999999999986,0.0,0.0,0.0,0.0,0.0,-0.005000000000007887,0.0,0.0
ASP 197,L ASP  47,0.0,0.0,0.0,-0.0009999999999994458,0.0,0.0,7.571000000000012,0.0,0.0,-7.622,0.0,0.0,0.0,0.0,0.0,-0.0519999999999925,0.0,0.0
CYX 198,L CYX  48,0.0,0.0,0.0,-0.0019999999999997797,0.0,0.0,-0.23799999999999955,0.0,0.0,0.2390000000000001,0.0,0.0,0.0,0.0,0.0,-0.0009999999999941167,0.0,0.0
LYS 199,L LYS  49,0.0,0.0,0.0,-0.0039999999999995595,0.0,0.0,-9.823000000000008,0.0,0.0,9.91,0.0,0.0,0.0,0.0,0.0,0.08300000000000196,0.0,0.0
THR 200,L THR  50,0.0,0.0,0.0,0.0,0.0,0.0,-0.16899999999999693,0.0,0.0,0.16899999999999993,0.0,0.0,0.0,0.0,0.0,0.0,0.0,0.0
ILE 201,L ILE  51,0.0,0.0,0.0,-0.002000000000000668,0.0,0.0,-0.1739999999999995,0.0,0.0,0.17499999999999993,0.0,0.0,0.0,0.0,0.0,-0.000999999999995893,0.0,0.0
LEU 202,L LEU  52,0.0,0.0,0.0,-0.0019999999999988916,0.0,0.0,-0.19700000000000273,0.0,0.0,0.20099999999999962,0.0,0.0,0.0,0.0,0.0,0.002000000000001556,0.0,0.0
LYS 203,L LYS  53,0.0,0.0,0.0,-0.0009999999999994458,0.0,0.0,-7.346000000000004,0.0,0.0,7.3969999999999985,0.0,0.0,0.0,0.0,0.0,0.05000000000000426,0.0,0.0
ALA 204,L ALA  54,0.0,0.0,0.0,-0.0009999999999994458,0.0,0.0,-0.11899999999999977,0.0,0.0,0.12100000000000044,0.0,0.0,0.0,0.0,0.0,0.000999999999995893,0.0,0.0
LEU 205,L LEU  55,0.0,0.0,0.0,-0.001000000000000334,0.0,0.0,-0.125,0.0,0.0,0.12699999999999978,0.0,0.0,0.0,0.0,0.0,0.0010000000000092157,0.0,0.0
GLY 206,L GLY  56,0.0,0.0,0.0,0.0,0.0,0.0,0.13599999999999568,0.0,0.0,-0.13600000000000012,0.0,0.0,0.0,0.0,0.0,-4.440892098500626e-15,0.0,0.0
PRO 207,L PRO  57,0.0,0.0,0.0,0.0,0.0,0.0,-0.08200000000000074,0.0,0.0,0.08300000000000018,0.0,0.0,0.0,0.0,0.0,0.0010000000000012221,0.0,0.0
GLY 208,L GLY  58,0.0,0.0,0.0,0.0,0.0,0.0,-0.06400000000000006,0.0,0.0,0.0649999999999995,0.0,0.0,0.0,0.0,0.0,0.0009999999999994458,0.0,0.0
ALA 209,L ALA  59,0.0,0.0,0.0,0.0,0.0,0.0,0.15799999999998704,0.0,0.0,-0.16000000000000003,0.0,0.0,0.0,0.0,0.0,-0.0020000000000131024,0.0,0.0
THR 210,L THR  60,0.0,0.0,0.0,-0.0009999999999994458,0.0,0.0,0.01099999999999568,0.0,0.0,-0.010999999999999899,0.0,0.0,0.0,0.0,0.0,-0.0010000000000012221,0.0,0.0
LEU 211,L LEU  61,0.0,0.0,0.0,-0.005999999999999339,0.0,0.0,-0.04800000000000182,0.0,0.0,0.052999999999999936,0.0,0.0,0.0,0.0,0.0,-0.0010000000000012221,0.0,0.0
GLU 212,L GLU  62,0.0,0.0,0.0,-0.0019999999999997797,0.0,0.0,6.8870000000000005,0.0,0.0,-6.940000000000012,0.0,0.0,0.0,0.0,0.0,-0.05500000000000682,0.0,0.0
GLU 213,L GLU  63,0.0,0.0,0.0,-0.0010000000000012221,0.0,0.0,6.909999999999997,0.0,0.0,-6.936999999999998,0.0,0.0,0.0,0.0,0.0,-0.028000000000005798,0.0,0.0
MET 214,L MET  64,0.0,0.0,0.0,-0.0030000000000001137,0.0,0.0,-0.27200000000000557,0.0,0.0,0.275,0.0,0.0,0.0,0.0,0.0,-5.773159728050814e-15,0.0,0.0
MET 215,L MET  65,0.0,0.0,0.0,-0.006000000000000227,0.0,0.0,0.21399999999999864,0.0,0.0,-0.21199999999999997,0.0,0.0,0.0,0.0,0.0,-0.004000000000001558,0.0,0.0
THR 216,L THR  66,0.0,0.0,0.0,-0.002000000000000668,0.0,0.0,-0.11899999999999977,0.0,0.0,0.11599999999999999,0.0,0.0,0.0,0.0,0.0,-0.004999999999999005,0.0,0.0
ALA 217,L ALA  67,0.0,0.0,0.0,-0.0009999999999994458,0.0,0.0,-0.07800000000000296,0.0,0.0,0.07699999999999996,0.0,0.0,0.0,0.0,0.0,-0.0020000000000077733,0.0,0.0
CYX 218,L CYX  68,0.0,0.0,0.0,-0.0030000000000001137,0.0,0.0,0.32100000000001216,0.0,0.0,-0.315,0.0,0.0,0.0,0.0,0.0,0.00300000000001166,0.0,0.0
GLN 219,L GLN  69,0.0,0.0,0.0,-0.0030000000000001137,0.0,0.0,0.31100000000000705,0.0,0.0,-0.30900000000000016,0.0,0.0,0.0,0.0,0.0,-0.000999999999990564,0.0,0.0
GLY 220,L GLY  70,0.0,0.0,0.0,-0.001000000000000334,0.0,0.0,0.0030000000000001137,0.0,0.0,-0.0009999999999998899,0.0,0.0,0.0,0.0,0.0,0.0010000000000096598,0.0,0.0
VAL 221,L VAL  71,0.0,0.0,0.0,-0.0020000000000000018,0.0,0.0,7.670000000000002,0.0,0.0,-7.697000000000003,0.0,0.0,0.0,0.0,0.0,-0.028999999999996362,0.0,0.0

