| Run on Thu Jan 29 17:46:25 2026
| GB non-polar solvation energies calculated with gbsa=2
idecomp = 1: Per-residue decomp adding 1-4 interactions to Internal.
Energy Decomposition Analysis (All units kcal/mol): Generalized Born solvent
Complex:
Total Energy Decomposition:
Residue,Internal,,,van der Waals,,,Electrostatic,,,Polar Solvation,,,Non-Polar Solv.,,,TOTAL,,
,Avg.,Std. Dev.,Std. Err. of Mean,Avg.,Std. Dev.,Std. Err. of Mean,Avg.,Std. Dev.,Std. Err. of Mean,Avg.,Std. Dev.,Std. Err. of Mean,Avg.,Std. Dev.,Std. Err. of Mean,Avg.,Std. Dev.,Std. Err. of Mean
PRO   1,103.135,0.0,0.0,-5.096,0.0,0.0,-114.39,0.0,0.0,11.184,0.0,0.0,0.16072468,0.0,0.0,-5.006275319999999,0.0,0.0
ILE   2,93.783,0.0,0.0,-7.172,0.0,0.0,-70.092,0.0,0.0,-3.007,0.0,0.0,0.06692074,0.0,0.0,13.578920740000006,0.0,0.0
VAL   3,61.377,0.0,0.0,-5.819,0.0,0.0,-60.061,0.0,0.0,-1.187,0.0,0.0,0.40062472,0.0,0.0,-5.289375280000001,0.0,0.0
GLN   4,27.242,0.0,0.0,-6.414,0.0,0.0,-59.932,0.0,0.0,-12.859,0.0,0.0,0.63608578,0.0,0.0,-51.32691422,0.0,0.0
ASN   5,34.16,0.0,0.0,-5.876,0.0,0.0,-76.804,0.0,0.0,-14.492,0.0,0.0,0.38018048000000004,0.0,0.0,-62.631819520000015,0.0,0.0
LEU   6,65.005,0.0,0.0,-3.663,0.0,0.0,-64.579,0.0,0.0,-9.836,0.0,0.0,1.04889466,0.0,0.0,-12.024105339999995,0.0,0.0
GLN   7,32.411,0.0,0.0,-4.816,0.0,0.0,-71.025,0.0,0.0,-15.878,0.0,0.0,0.8649181800000001,0.0,0.0,-58.44308182,0.0,0.0
GLY   8,75.987,0.0,0.0,-3.894,0.0,0.0,-74.937,0.0,0.0,-3.69,0.0,0.0,0.18112556000000002,0.0,0.0,-6.352874440000008,0.0,0.0
GLN   9,41.732,0.0,0.0,-5.145,0.0,0.0,-76.141,0.0,0.0,-13.652,0.0,0.0,0.7548705000000001,0.0,0.0,-52.4511295,0.0,0.0
MET  10,105.562,0.0,0.0,-9.709,0.0,0.0,-78.761,0.0,0.0,-5.988,0.0,0.0,0.30908634,0.0,0.0,11.41308634,0.0,0.0
VAL  11,49.047,0.0,0.0,-6.454,0.0,0.0,-54.273,0.0,0.0,-1.881,0.0,0.0,0.34459818000000003,0.0,0.0,-13.216401820000007,0.0,0.0
HID  12,87.204,0.0,0.0,-9.872,0.0,0.0,-60.257,0.0,0.0,-11.495,0.0,0.0,0.40074938,0.0,0.0,5.980749379999996,0.0,0.0
GLN  13,36.107,0.0,0.0,-5.305,0.0,0.0,-71.724,0.0,0.0,-15.309,0.0,0.0,0.5254310600000001,0.0,0.0,-55.70556894,0.0,0.0
ALA  14,98.45,0.0,0.0,-4.132,0.0,0.0,-81.344,0.0,0.0,-2.24,0.0,0.0,0.46234768000000004,0.0,0.0,11.196347680000004,0.0,0.0
ILE  15,95.621,0.0,0.0,-9.543,0.0,0.0,-73.574,0.0,0.0,-4.807,0.0,0.0,0.09955456,0.0,0.0,7.796554560000004,0.0,0.0
SER  16,68.935,0.0,0.0,-4.71,0.0,0.0,-51.127,0.0,0.0,-7.278,0.0,0.0,0.2502685,0.0,0.0,6.070268500000006,0.0,0.0
PRO  17,90.839,0.0,0.0,-4.754,0.0,0.0,-61.134,0.0,0.0,-4.411,0.0,0.0,0.5500216000000001,0.0,0.0,21.090021599999993,0.0,0.0
ARG  18,-176.307,0.0,0.0,-5.848,0.0,0.0,64.04,0.0,0.0,-51.229,0.0,0.0,1.1615385200000001,0.0,0.0,-168.18246148,0.0,0.0
THR  19,43.816,0.0,0.0,-8.93,0.0,0.0,-55.096,0.0,0.0,-4.184,0.0,0.0,0.19490862,0.0,0.0,-24.199091379999995,0.0,0.0
LEU  20,57.144,0.0,0.0,-10.577,0.0,0.0,-57.32,0.0,0.0,-3.114,0.0,0.0,0.14402566,0.0,0.0,-13.72297434,0.0,0.0
ASN  21,26.011,0.0,0.0,-6.623,0.0,0.0,-71.427,0.0,0.0,-19.622,0.0,0.0,0.61619438,0.0,0.0,-71.04480562,0.0,0.0
ALA  22,97.593,0.0,0.0,-5.324,0.0,0.0,-84.643,0.0,0.0,-1.866,0.0,0.0,0.19444250000000002,0.0,0.0,5.954442500000005,0.0,0.0
TRP  23,129.506,0.0,0.0,-15.889,0.0,0.0,-98.161,0.0,0.0,-3.833,0.0,0.0,0.00840642,0.0,0.0,11.631406420000003,0.0,0.0
VAL  24,60.071,0.0,0.0,-5.274,0.0,0.0,-55.881,0.0,0.0,-5.307,0.0,0.0,0.35202358,0.0,0.0,-6.038976420000004,0.0,0.0
LYS  25,134.368,0.0,0.0,-5.923,0.0,0.0,-117.083,0.0,0.0,-24.525,0.0,0.0,0.7750708400000001,0.0,0.0,-12.387929160000004,0.0,0.0
VAL  26,64.388,0.0,0.0,-8.927,0.0,0.0,-67.808,0.0,0.0,-2.984,0.0,0.0,0.060167420000000006,0.0,0.0,-15.27083258,0.0,0.0
VAL  27,45.241,0.0,0.0,-7.861,0.0,0.0,-49.719,0.0,0.0,-1.725,0.0,0.0,0.09252482000000001,0.0,0.0,-13.971475179999999,0.0,0.0
GLU  28,96.998,0.0,0.0,-6.541,0.0,0.0,-55.431,0.0,0.0,-89.402,0.0,0.0,0.6996136000000001,0.0,0.0,-53.67638639999999,0.0,0.0
GLU  29,110.504,0.0,0.0,-5.739,0.0,0.0,-82.165,0.0,0.0,-69.456,0.0,0.0,0.5426504000000001,0.0,0.0,-46.31334960000001,0.0,0.0
LYS  30,121.159,0.0,0.0,-5.559,0.0,0.0,-114.032,0.0,0.0,-14.988,0.0,0.0,0.40376832,0.0,0.0,-13.016231679999988,0.0,0.0
ALA  31,86.798,0.0,0.0,-3.341,0.0,0.0,-79.663,0.0,0.0,-0.974,0.0,0.0,0.41007720000000003,0.0,0.0,3.230077200000011,0.0,0.0
PHE  32,106.637,0.0,0.0,-9.259,0.0,0.0,-81.272,0.0,0.0,-4.939,0.0,0.0,0.2401873,0.0,0.0,11.407187299999995,0.0,0.0
SER  33,87.431,0.0,0.0,-3.577,0.0,0.0,-68.058,0.0,0.0,-2.57,0.0,0.0,0.11822104000000001,0.0,0.0,13.344221039999992,0.0,0.0
PRO  34,72.836,0.0,0.0,-6.352,0.0,0.0,-56.714,0.0,0.0,-2.336,0.0,0.0,0.27381298,0.0,0.0,7.7078129799999955,0.0,0.0
GLU  35,108.333,0.0,0.0,-8.943,0.0,0.0,-109.839,0.0,0.0,-39.915,0.0,0.0,0.15559736,0.0,0.0,-50.208402639999996,0.0,0.0
VAL  36,53.24,0.0,0.0,-8.408,0.0,0.0,-59.72,0.0,0.0,0.234,0.0,0.0,0.0,0.0,0.0,-14.653999999999998,0.0,0.0
ILE  37,83.618,0.0,0.0,-6.158,0.0,0.0,-60.715,0.0,0.0,-0.729,0.0,0.0,0.20730416,0.0,0.0,16.22330415999999,0.0,0.0
PRO  38,80.741,0.0,0.0,-5.369,0.0,0.0,-59.371,0.0,0.0,-3.068,0.0,0.0,0.5201303,0.0,0.0,13.453130299999998,0.0,0.0
MET  39,87.232,0.0,0.0,-9.122,0.0,0.0,-71.774,0.0,0.0,-3.712,0.0,0.0,0.44962152000000005,0.0,0.0,3.0736215199999983,0.0,0.0
PHE  40,102.007,0.0,0.0,-13.593,0.0,0.0,-83.241,0.0,0.0,-2.677,0.0,0.0,0.01847678,0.0,0.0,2.5144767800000016,0.0,0.0
SER  41,59.529,0.0,0.0,-3.827,0.0,0.0,-50.799,0.0,0.0,-5.968,0.0,0.0,0.26310306,0.0,0.0,-0.8018969399999942,0.0,0.0
ALA  42,83.31,0.0,0.0,-4.862,0.0,0.0,-66.07,0.0,0.0,-3.741,0.0,0.0,0.39068986,0.0,0.0,9.027689860000015,0.0,0.0
LEU  43,71.471,0.0,0.0,-10.554,0.0,0.0,-75.099,0.0,0.0,-2.964,0.0,0.0,0.20013892000000003,0.0,0.0,-16.94586108,0.0,0.0
SER  44,72.011,0.0,0.0,-7.846,0.0,0.0,-77.238,0.0,0.0,1.312,0.0,0.0,0.004314320000000001,0.0,0.0,-11.756685680000007,0.0,0.0
GLU  45,101.911,0.0,0.0,-5.699,0.0,0.0,-71.66,0.0,0.0,-74.456,0.0,0.0,0.6583023600000001,0.0,0.0,-49.245697639999996,0.0,0.0
GLY  46,67.828,0.0,0.0,-2.471,0.0,0.0,-69.033,0.0,0.0,-0.417,0.0,0.0,0.1649577,0.0,0.0,-3.9280423000000018,0.0,0.0
ALA  47,100.512,0.0,0.0,-6.601,0.0,0.0,-87.277,0.0,0.0,-2.451,0.0,0.0,0.03670966,0.0,0.0,4.2197096599999995,0.0,0.0
THR  48,58.757,0.0,0.0,-8.706,0.0,0.0,-58.715,0.0,0.0,-1.457,0.0,0.0,0.004314320000000001,0.0,0.0,-10.116685680000002,0.0,0.0
PRO  49,80.607,0.0,0.0,-11.317,0.0,0.0,-54.506,0.0,0.0,-0.365,0.0,0.0,0.0,0.0,0.0,14.418999999999992,0.0,0.0
GLN  50,27.313,0.0,0.0,-9.702,0.0,0.0,-68.905,0.0,0.0,-10.717,0.0,0.0,0.42864612,0.0,0.0,-61.58235388,0.0,0.0
ASP  51,96.14,0.0,0.0,-9.041,0.0,0.0,-121.596,0.0,0.0,-24.063,0.0,0.0,0.0,0.0,0.0,-58.56,0.0,0.0
LEU  52,66.226,0.0,0.0,-13.98,0.0,0.0,-70.096,0.0,0.0,-0.366,0.0,0.0,0.0,0.0,0.0,-18.216000000000008,0.0,0.0
ASN  53,37.888,0.0,0.0,-8.619,0.0,0.0,-99.185,0.0,0.0,-5.137,0.0,0.0,0.16345636000000002,0.0,0.0,-74.88954364,0.0,0.0
THR  54,53.478,0.0,0.0,-7.644,0.0,0.0,-65.583,0.0,0.0,-1.394,0.0,0.0,0.20280014000000002,0.0,0.0,-20.940199859999993,0.0,0.0
MET  55,85.017,0.0,0.0,-12.145,0.0,0.0,-66.047,0.0,0.0,-2.037,0.0,0.0,0.00756632,0.0,0.0,4.7955663200000025,0.0,0.0
LEU  56,64.979,0.0,0.0,-10.546,0.0,0.0,-65.459,0.0,0.0,-1.691,0.0,0.0,0.12716946,0.0,0.0,-12.589830540000005,0.0,0.0
ASN  57,37.286,0.0,0.0,-5.878,0.0,0.0,-88.695,0.0,0.0,-13.902,0.0,0.0,0.59761462,0.0,0.0,-70.59138537999999,0.0,0.0
THR  58,53.968,0.0,0.0,-6.346,0.0,0.0,-62.184,0.0,0.0,-5.53,0.0,0.0,0.18707130000000002,0.0,0.0,-19.9049287,0.0,0.0
VAL  59,43.68,0.0,0.0,-7.827,0.0,0.0,-43.091,0.0,0.0,-2.503,0.0,0.0,0.10586344,0.0,0.0,-9.63513656,0.0,0.0
ALA  60,91.416,0.0,0.0,-4.648,0.0,0.0,-64.404,0.0,0.0,-3.364,0.0,0.0,0.24378618000000002,0.0,0.0,19.243786180000004,0.0,0.0
PRO  61,80.095,0.0,0.0,-4.278,0.0,0.0,-56.422,0.0,0.0,-4.358,0.0,0.0,0.7005946200000001,0.0,0.0,15.737594619999996,0.0,0.0
HID  62,102.938,0.0,0.0,-7.065,0.0,0.0,-65.893,0.0,0.0,-15.027,0.0,0.0,0.5674198,0.0,0.0,15.520419800000004,0.0,0.0
GLN  63,30.433,0.0,0.0,-4.588,0.0,0.0,-63.843,0.0,0.0,-13.239,0.0,0.0,0.6877871600000001,0.0,0.0,-50.54921284000001,0.0,0.0
ALA  64,83.719,0.0,0.0,-4.338,0.0,0.0,-68.633,0.0,0.0,-4.246,0.0,0.0,0.32053338000000003,0.0,0.0,6.822533380000004,0.0,0.0
ALA  65,88.528,0.0,0.0,-5.882,0.0,0.0,-75.85,0.0,0.0,-1.327,0.0,0.0,0.01969086,0.0,0.0,5.488690860000006,0.0,0.0
ALA  66,93.952,0.0,0.0,-6.598,0.0,0.0,-81.458,0.0,0.0,-0.628,0.0,0.0,0.058920820000000006,0.0,0.0,5.326920820000001,0.0,0.0
GLN  67,36.073,0.0,0.0,-5.891,0.0,0.0,-68.712,0.0,0.0,-19.112,0.0,0.0,0.64447052,0.0,0.0,-56.99752948,0.0,0.0
MET  68,93.05,0.0,0.0,-11.024,0.0,0.0,-73.568,0.0,0.0,-3.674,0.0,0.0,0.25015468,0.0,0.0,5.0341546799999985,0.0,0.0
LEU  69,84.643,0.0,0.0,-11.674,0.0,0.0,-80.73,0.0,0.0,-3.125,0.0,0.0,0.03683974,0.0,0.0,-10.84916026000001,0.0,0.0
LYS  70,131.671,0.0,0.0,-8.394,0.0,0.0,-113.867,0.0,0.0,-25.211,0.0,0.0,0.80402448,0.0,0.0,-14.996975520000015,0.0,0.0
GLU  71,112.097,0.0,0.0,-7.163,0.0,0.0,-62.147,0.0,0.0,-98.543,0.0,0.0,0.65961942,0.0,0.0,-55.09638058000001,0.0,0.0
THR  72,48.219,0.0,0.0,-9.092,0.0,0.0,-57.253,0.0,0.0,-4.595,0.0,0.0,0.006476900000000001,0.0,0.0,-22.714523099999997,0.0,0.0
ILE  73,71.76,0.0,0.0,-9.629,0.0,0.0,-49.765,0.0,0.0,-5.301,0.0,0.0,0.03369072,0.0,0.0,7.098690720000007,0.0,0.0
ASN  74,25.177,0.0,0.0,-7.507,0.0,0.0,-80.436,0.0,0.0,-11.893,0.0,0.0,0.41570858,0.0,0.0,-74.24329142,0.0,0.0
GLU  75,111.686,0.0,0.0,-7.753,0.0,0.0,-49.91,0.0,0.0,-107.513,0.0,0.0,0.584276,0.0,0.0,-52.90572399999999,0.0,0.0
GLU  76,98.197,0.0,0.0,-9.025,0.0,0.0,-49.402,0.0,0.0,-93.414,0.0,0.0,0.21241522000000002,0.0,0.0,-53.43158478000001,0.0,0.0
ALA  77,84.706,0.0,0.0,-7.863,0.0,0.0,-70.307,0.0,0.0,-3.017,0.0,0.0,0.05045478,0.0,0.0,3.5694547800000014,0.0,0.0
ALA  78,95.524,0.0,0.0,-6.767,0.0,0.0,-85.288,0.0,0.0,-0.309,0.0,0.0,0.15171122,0.0,0.0,3.3117112200000083,0.0,0.0
GLU  79,105.437,0.0,0.0,-4.623,0.0,0.0,-63.726,0.0,0.0,-90.279,0.0,0.0,0.49674300000000005,0.0,0.0,-52.694257,0.0,0.0
TRP  80,114.057,0.0,0.0,-15.391,0.0,0.0,-86.271,0.0,0.0,-2.48,0.0,0.0,0.3168261,0.0,0.0,10.231826099999996,0.0,0.0
ASP  81,100.181,0.0,0.0,-7.124,0.0,0.0,-67.285,0.0,0.0,-73.855,0.0,0.0,0.32478266000000006,0.0,0.0,-47.75821734,0.0,0.0
ARG  82,-195.554,0.0,0.0,-6.44,0.0,0.0,-16.713,0.0,0.0,43.235,0.0,0.0,0.9209393,0.0,0.0,-174.5510607,0.0,0.0
LEU  83,65.409,0.0,0.0,-5.954,0.0,0.0,-74.349,0.0,0.0,-3.752,0.0,0.0,0.7362311200000001,0.0,0.0,-17.909768879999998,0.0,0.0
HID  84,119.279,0.0,0.0,-8.501,0.0,0.0,-72.994,0.0,0.0,-10.6,0.0,0.0,0.38989312000000004,0.0,0.0,27.57389311999999,0.0,0.0
PRO  85,92.909,0.0,0.0,-4.612,0.0,0.0,-62.53,0.0,0.0,-6.523,0.0,0.0,0.5312955,0.0,0.0,19.77529550000001,0.0,0.0
VAL  86,47.86,0.0,0.0,-5.036,0.0,0.0,-46.055,0.0,0.0,-5.95,0.0,0.0,0.5895876,0.0,0.0,-8.591412400000001,0.0,0.0
HID  87,82.733,0.0,0.0,-4.705,0.0,0.0,-59.134,0.0,0.0,-10.471,0.0,0.0,0.74823642,0.0,0.0,9.171236420000005,0.0,0.0
ALA  88,97.195,0.0,0.0,-2.373,0.0,0.0,-73.889,0.0,0.0,-10.749,0.0,0.0,0.38192571999999997,0.0,0.0,10.565925719999992,0.0,0.0
GLY  89,91.241,0.0,0.0,-2.187,0.0,0.0,-73.267,0.0,0.0,-7.834,0.0,0.0,0.22090294,0.0,0.0,8.173902940000007,0.0,0.0
PRO  90,83.226,0.0,0.0,-5.248,0.0,0.0,-56.186,0.0,0.0,-8.01,0.0,0.0,0.43836418000000005,0.0,0.0,14.220364179999995,0.0,0.0
ILE  91,61.688,0.0,0.0,-6.507,0.0,0.0,-48.403,0.0,0.0,-5.42,0.0,0.0,0.28031156,0.0,0.0,1.6383115600000058,0.0,0.0
ALA  92,102.681,0.0,0.0,-3.509,0.0,0.0,-79.241,0.0,0.0,-3.427,0.0,0.0,0.19642622,0.0,0.0,16.700426219999997,0.0,0.0
PRO  93,82.098,0.0,0.0,-1.575,0.0,0.0,-58.994,0.0,0.0,-6.124,0.0,0.0,0.7559816,0.0,0.0,16.160981599999996,0.0,0.0
GLY  94,72.698,0.0,0.0,-2.134,0.0,0.0,-67.961,0.0,0.0,-7.026,0.0,0.0,0.47935022000000005,0.0,0.0,-3.943649780000005,0.0,0.0
GLN  95,40.656,0.0,0.0,-4.958,0.0,0.0,-76.374,0.0,0.0,-13.812,0.0,0.0,0.54948502,0.0,0.0,-53.938514979999994,0.0,0.0
MET  96,105.254,0.0,0.0,-11.262,0.0,0.0,-81.989,0.0,0.0,-1.854,0.0,0.0,0.10786342,0.0,0.0,10.25686342,0.0,0.0
ARG  97,-198.757,0.0,0.0,-8.479,0.0,0.0,-14.601,0.0,0.0,30.791,0.0,0.0,0.47136656000000005,0.0,0.0,-190.57463343999999,0.0,0.0
GLU  98,111.667,0.0,0.0,-7.889,0.0,0.0,-95.649,0.0,0.0,-58.095,0.0,0.0,0.14638336000000002,0.0,0.0,-49.81961663999999,0.0,0.0
PRO  99,96.967,0.0,0.0,-10.154,0.0,0.0,-61.409,0.0,0.0,-4.151,0.0,0.0,0.05269866000000001,0.0,0.0,21.305698660000004,0.0,0.0
ARG 100,-187.457,0.0,0.0,-8.699,0.0,0.0,-30.271,0.0,0.0,45.666,0.0,0.0,0.2814335,0.0,0.0,-180.47956650000003,0.0,0.0
GLY 101,80.809,0.0,0.0,-5.497,0.0,0.0,-86.392,0.0,0.0,2.106,0.0,0.0,0.0,0.0,0.0,-8.973999999999998,0.0,0.0
SER 102,69.027,0.0,0.0,-6.353,0.0,0.0,-70.45,0.0,0.0,-1.381,0.0,0.0,0.18075158,0.0,0.0,-8.976248420000003,0.0,0.0
ASP 103,92.729,0.0,0.0,-8.868,0.0,0.0,-98.447,0.0,0.0,-45.552,0.0,0.0,0.01431964,0.0,0.0,-60.12368036,0.0,0.0
ILE 104,81.571,0.0,0.0,-11.648,0.0,0.0,-60.522,0.0,0.0,0.563,0.0,0.0,0.0021571600000000004,0.0,0.0,9.966157160000003,0.0,0.0
ALA 105,90.45,0.0,0.0,-7.447,0.0,0.0,-79.575,0.0,0.0,0.762,0.0,0.0,0.00624926,0.0,0.0,4.196249259999997,0.0,0.0
GLY 106,91.163,0.0,0.0,-5.294,0.0,0.0,-88.186,0.0,0.0,-2.801,0.0,0.0,0.08099648000000001,0.0,0.0,-5.037003520000008,0.0,0.0
THR 107,50.944,0.0,0.0,-5.175,0.0,0.0,-59.5,0.0,0.0,-6.323,0.0,0.0,0.4975343200000001,0.0,0.0,-19.556465679999995,0.0,0.0
THR 108,41.63,0.0,0.0,-1.932,0.0,0.0,-56.392,0.0,0.0,-3.298,0.0,0.0,0.47212536000000005,0.0,0.0,-19.519874640000005,0.0,0.0
SER 109,79.661,0.0,0.0,-6.35,0.0,0.0,-72.06,0.0,0.0,-3.094,0.0,0.0,0.06264436,0.0,0.0,-1.7803556399999951,0.0,0.0
THR 110,27.307,0.0,0.0,-6.832,0.0,0.0,-31.861,0.0,0.0,-7.424,0.0,0.0,0.47868898000000004,0.0,0.0,-18.33131102,0.0,0.0
LEU 111,64.691,0.0,0.0,-9.019,0.0,0.0,-64.387,0.0,0.0,-1.85,0.0,0.0,0.1370718,0.0,0.0,-10.427928199999997,0.0,0.0
GLN 112,34.086,0.0,0.0,-7.108,0.0,0.0,-75.112,0.0,0.0,-12.714,0.0,0.0,0.7338083800000001,0.0,0.0,-60.11419162,0.0,0.0
GLU 113,105.535,0.0,0.0,-9.95,0.0,0.0,-103.563,0.0,0.0,-42.282,0.0,0.0,0.12755428,0.0,0.0,-50.13244572000001,0.0,0.0
GLN 114,40.877,0.0,0.0,-14.843,0.0,0.0,-82.288,0.0,0.0,-2.131,0.0,0.0,0.00449318,0.0,0.0,-58.380506819999994,0.0,0.0
ILE 115,88.556,0.0,0.0,-9.596,0.0,0.0,-69.285,0.0,0.0,-0.851,0.0,0.0,0.21796530000000003,0.0,0.0,9.041965299999998,0.0,0.0
GLY 116,74.488,0.0,0.0,-5.592,0.0,0.0,-75.671,0.0,0.0,-0.248,0.0,0.0,0.02794552,0.0,0.0,-6.995054480000006,0.0,0.0
TRP 117,125.184,0.0,0.0,-19.998,0.0,0.0,-90.994,0.0,0.0,-2.863,0.0,0.0,0.0,0.0,0.0,11.328999999999994,0.0,0.0
MET 118,98.971,0.0,0.0,-9.428,0.0,0.0,-79.119,0.0,0.0,-6.519,0.0,0.0,0.26250144000000003,0.0,0.0,4.167501440000007,0.0,0.0
THR 119,44.733,0.0,0.0,-6.983,0.0,0.0,-50.442,0.0,0.0,-4.877,0.0,0.0,0.39182264000000006,0.0,0.0,-17.177177359999998,0.0,0.0
HID 120,88.437,0.0,0.0,-9.089,0.0,0.0,-57.709,0.0,0.0,-9.63,0.0,0.0,0.18438840000000004,0.0,0.0,12.193388399999995,0.0,0.0
ASN 121,41.471,0.0,0.0,-5.189,0.0,0.0,-71.915,0.0,0.0,-16.892,0.0,0.0,0.75892466,0.0,0.0,-51.76607534000001,0.0,0.0
PRO 122,90.886,0.0,0.0,-2.601,0.0,0.0,-59.731,0.0,0.0,-3.294,0.0,0.0,0.61645996,0.0,0.0,25.876459959999995,0.0,0.0
PRO 123,81.682,0.0,0.0,-5.073,0.0,0.0,-57.532,0.0,0.0,-4.493,0.0,0.0,0.44003354,0.0,0.0,15.024033540000012,0.0,0.0
ILE 124,92.748,0.0,0.0,-6.765,0.0,0.0,-59.753,0.0,0.0,-2.294,0.0,0.0,0.24958558,0.0,0.0,24.185585580000005,0.0,0.0
PRO 125,90.668,0.0,0.0,-5.569,0.0,0.0,-65.885,0.0,0.0,-0.996,0.0,0.0,0.29399164,0.0,0.0,18.51199164,0.0,0.0
VAL 126,56.459,0.0,0.0,-10.913,0.0,0.0,-55.133,0.0,0.0,-1.242,0.0,0.0,0.0020433400000000003,0.0,0.0,-10.826956659999997,0.0,0.0
GLY 127,70.905,0.0,0.0,-4.633,0.0,0.0,-72.669,0.0,0.0,-1.421,0.0,0.0,0.00503518,0.0,0.0,-7.8129648199999915,0.0,0.0
GLU 128,106.72,0.0,0.0,-6.752,0.0,0.0,-105.719,0.0,0.0,-46.677,0.0,0.0,0.32110248,0.0,0.0,-52.10689751999999,0.0,0.0
ILE 129,86.9,0.0,0.0,-10.162,0.0,0.0,-64.745,0.0,0.0,-0.52,0.0,0.0,0.05803194000000001,0.0,0.0,11.531031939999995,0.0,0.0
TYR 130,95.205,0.0,0.0,-16.829,0.0,0.0,-88.342,0.0,0.0,-2.359,0.0,0.0,0.00715982,0.0,0.0,-12.317840179999994,0.0,0.0
LYS 131,142.685,0.0,0.0,-9.6,0.0,0.0,-163.357,0.0,0.0,20.13,0.0,0.0,0.11219942000000001,0.0,0.0,-10.029800579999993,0.0,0.0
ARG 132,-195.748,0.0,0.0,-8.597,0.0,0.0,35.528,0.0,0.0,-10.825,0.0,0.0,0.8324578,0.0,0.0,-178.8095422,0.0,0.0
TRP 133,129.451,0.0,0.0,-16.943,0.0,0.0,-95.46,0.0,0.0,-5.116,0.0,0.0,0.11288776,0.0,0.0,12.044887760000002,0.0,0.0
ILE 134,94.292,0.0,0.0,-12.229,0.0,0.0,-69.407,0.0,0.0,-1.503,0.0,0.0,0.004314320000000001,0.0,0.0,11.157314320000006,0.0,0.0
ILE 135,81.751,0.0,0.0,-7.672,0.0,0.0,-61.264,0.0,0.0,-1.241,0.0,0.0,0.41745924000000006,0.0,0.0,11.991459240000005,0.0,0.0
LEU 136,71.058,0.0,0.0,-7.529,0.0,0.0,-79.774,0.0,0.0,0.929,0.0,0.0,0.38947578,0.0,0.0,-14.92652421999999,0.0,0.0
GLY 137,81.334,0.0,0.0,-5.804,0.0,0.0,-78.696,0.0,0.0,-0.337,0.0,0.0,0.0,0.0,0.0,-3.502999999999997,0.0,0.0
LEU 138,60.33,0.0,0.0,-10.345,0.0,0.0,-64.049,0.0,0.0,-1.73,0.0,0.0,0.041506360000000006,0.0,0.0,-15.752493640000008,0.0,0.0
ASN 139,48.584,0.0,0.0,-8.303,0.0,0.0,-102.237,0.0,0.0,-8.077,0.0,0.0,0.35175258000000004,0.0,0.0,-69.68124741999999,0.0,0.0
LYS 140,133.208,0.0,0.0,-10.016,0.0,0.0,-149.097,0.0,0.0,10.67,0.0,0.0,0.40943764000000005,0.0,0.0,-14.825562360000015,0.0,0.0
ILE 141,96.513,0.0,0.0,-10.648,0.0,0.0,-77.276,0.0,0.0,-1.925,0.0,0.0,0.01805402,0.0,0.0,6.682054020000013,0.0,0.0
VAL 142,64.397,0.0,0.0,-8.06,0.0,0.0,-57.391,0.0,0.0,-2.666,0.0,0.0,0.14160292000000002,0.0,0.0,-3.578397079999995,0.0,0.0
ARG 143,-190.451,0.0,0.0,-6.979,0.0,0.0,45.6,0.0,0.0,-20.605,0.0,0.0,0.9919142,0.0,0.0,-171.4430858,0.0,0.0
MET 144,92.802,0.0,0.0,-7.191,0.0,0.0,-72.099,0.0,0.0,-7.918,0.0,0.0,0.46842892,0.0,0.0,6.06242892,0.0,0.0
TYR 145,89.616,0.0,0.0,-9.541,0.0,0.0,-82.591,0.0,0.0,-10.069,0.0,0.0,0.49182706,0.0,0.0,-12.093172939999992,0.0,0.0
SER 146,87.566,0.0,0.0,-3.469,0.0,0.0,-67.839,0.0,0.0,-9.407,0.0,0.0,0.50485132,0.0,0.0,7.35585132000001,0.0,0.0
PRO 147,87.979,0.0,0.0,-4.969,0.0,0.0,-62.263,0.0,0.0,-7.973,0.0,0.0,0.47255896000000003,0.0,0.0,13.246558960000009,0.0,0.0
THR 148,47.702,0.0,0.0,-4.955,0.0,0.0,-48.437,0.0,0.0,-8.835,0.0,0.0,0.4305106000000001,0.0,0.0,-14.094489399999999,0.0,0.0
SER 149,59.764,0.0,0.0,-4.465,0.0,0.0,-52.131,0.0,0.0,-5.5,0.0,0.0,0.31888570000000005,0.0,0.0,-2.0131142999999936,0.0,0.0
ILE 150,83.604,0.0,0.0,-9.397,0.0,0.0,-58.154,0.0,0.0,-1.718,0.0,0.0,0.08250866000000001,0.0,0.0,14.41750865999999,0.0,0.0
LEU 151,58.916,0.0,0.0,-5.902,0.0,0.0,-66.608,0.0,0.0,-3.272,0.0,0.0,0.68961912,0.0,0.0,-16.176380880000007,0.0,0.0
ASP 152,116.957,0.0,0.0,-5.6,0.0,0.0,-113.033,0.0,0.0,-54.428,0.0,0.0,0.36633780000000005,0.0,0.0,-55.7376622,0.0,0.0
ILE 153,100.329,0.0,0.0,-9.763,0.0,0.0,-74.866,0.0,0.0,-1.856,0.0,0.0,0.03165822,0.0,0.0,13.87565821999999,0.0,0.0
ARG 154,-186.671,0.0,0.0,-9.171,0.0,0.0,13.087,0.0,0.0,11.108,0.0,0.0,0.7089305800000001,0.0,0.0,-170.93806942,0.0,0.0
GLN 155,32.937,0.0,0.0,-10.169,0.0,0.0,-92.796,0.0,0.0,0.559,0.0,0.0,0.10634582,0.0,0.0,-69.36265418,0.0,0.0
GLY 156,91.456,0.0,0.0,-2.401,0.0,0.0,-74.711,0.0,0.0,-5.076,0.0,0.0,0.13326696000000002,0.0,0.0,9.401266960000008,0.0,0.0
PRO 157,83.815,0.0,0.0,-2.849,0.0,0.0,-57.983,0.0,0.0,-5.773,0.0,0.0,0.7910219000000001,0.0,0.0,18.001021899999998,0.0,0.0
LYS 158,124.637,0.0,0.0,-3.539,0.0,0.0,-107.149,0.0,0.0,-27.321,0.0,0.0,1.1829692,0.0,0.0,-12.189030800000003,0.0,0.0
GLU 159,111.694,0.0,0.0,-3.69,0.0,0.0,-103.576,0.0,0.0,-46.56,0.0,0.0,0.23782418,0.0,0.0,-41.894175819999994,0.0,0.0
PRO 160,80.558,0.0,0.0,-6.047,0.0,0.0,-59.382,0.0,0.0,-1.232,0.0,0.0,0.33884756000000005,0.0,0.0,14.235847560000012,0.0,0.0
PHE 161,109.363,0.0,0.0,-14.346,0.0,0.0,-77.303,0.0,0.0,-1.795,0.0,0.0,0.0035988800000000005,0.0,0.0,15.922598879999999,0.0,0.0
ARG 162,-198.515,0.0,0.0,-10.243,0.0,0.0,11.096,0.0,0.0,15.29,0.0,0.0,0.6424813800000001,0.0,0.0,-181.72951862,0.0,0.0
ASP 163,90.682,0.0,0.0,-7.085,0.0,0.0,-60.436,0.0,0.0,-84.396,0.0,0.0,0.47065112000000003,0.0,0.0,-60.76434887999999,0.0,0.0
TYR 164,99.758,0.0,0.0,-18.382,0.0,0.0,-97.33,0.0,0.0,-1.741,0.0,0.0,0.0,0.0,0.0,-17.695000000000007,0.0,0.0
VAL 165,51.135,0.0,0.0,-10.257,0.0,0.0,-56.828,0.0,0.0,2.433,0.0,0.0,0.01571258,0.0,0.0,-13.501287420000002,0.0,0.0
ASP 166,112.728,0.0,0.0,-7.604,0.0,0.0,-106.463,0.0,0.0,-53.532,0.0,0.0,0.36256548000000005,0.0,0.0,-54.508434519999994,0.0,0.0
ARG 167,-197.425,0.0,0.0,-6.922,0.0,0.0,0.885,0.0,0.0,19.965,0.0,0.0,0.45689516,0.0,0.0,-183.04010484000003,0.0,0.0
PHE 168,96.56,0.0,0.0,-15.681,0.0,0.0,-81.198,0.0,0.0,-0.553,0.0,0.0,0.00318154,0.0,0.0,-0.8688184599999884,0.0,0.0
TYR 169,97.076,0.0,0.0,-10.36,0.0,0.0,-86.997,0.0,0.0,-4.698,0.0,0.0,0.38259238,0.0,0.0,-4.596407620000006,0.0,0.0
LYS 170,138.757,0.0,0.0,-8.06,0.0,0.0,-151.853,0.0,0.0,6.465,0.0,0.0,0.6189369,0.0,0.0,-14.072063100000006,0.0,0.0
THR 171,43.18,0.0,0.0,-7.643,0.0,0.0,-54.683,0.0,0.0,-4.991,0.0,0.0,0.11569532,0.0,0.0,-24.02130468,0.0,0.0
LEU 172,75.557,0.0,0.0,-11.262,0.0,0.0,-67.363,0.0,0.0,-4.738,0.0,0.0,0.031056600000000004,0.0,0.0,-7.774943399999998,0.0,0.0
ARG 173,-195.292,0.0,0.0,-9.592,0.0,0.0,32.015,0.0,0.0,-3.762,0.0,0.0,0.79311402,0.0,0.0,-175.83788598000004,0.0,0.0
ALA 174,86.229,0.0,0.0,-6.677,0.0,0.0,-80.08,0.0,0.0,-3.232,0.0,0.0,0.17405246000000002,0.0,0.0,-3.585947540000006,0.0,0.0
GLU 175,104.379,0.0,0.0,-7.35,0.0,0.0,-67.027,0.0,0.0,-83.452,0.0,0.0,0.48393012,0.0,0.0,-52.96606987999999,0.0,0.0
GLN 176,26.669,0.0,0.0,-6.213,0.0,0.0,-64.814,0.0,0.0,-12.751,0.0,0.0,0.68219372,0.0,0.0,-56.42680627999999,0.0,0.0
ALA 177,97.111,0.0,0.0,-4.388,0.0,0.0,-80.929,0.0,0.0,-5.453,0.0,0.0,0.13689836,0.0,0.0,6.477898359999997,0.0,0.0
SER 178,66.429,0.0,0.0,-4.427,0.0,0.0,-56.549,0.0,0.0,-8.172,0.0,0.0,0.40440246,0.0,0.0,-2.3145975399999976,0.0,0.0
GLN 179,27.387,0.0,0.0,-4.01,0.0,0.0,-69.248,0.0,0.0,-11.907,0.0,0.0,0.6505029800000001,0.0,0.0,-57.12749702000001,0.0,0.0
GLU 180,113.832,0.0,0.0,-6.023,0.0,0.0,-77.583,0.0,0.0,-78.814,0.0,0.0,0.71601994,0.0,0.0,-47.87198005999999,0.0,0.0
VAL 181,69.962,0.0,0.0,-7.125,0.0,0.0,-60.318,0.0,0.0,-2.883,0.0,0.0,0.30507554000000003,0.0,0.0,-0.058924459999994516,0.0,0.0
LYS 182,119.711,0.0,0.0,-8.265,0.0,0.0,-109.276,0.0,0.0,-18.189,0.0,0.0,0.28588874000000003,0.0,0.0,-15.733111259999998,0.0,0.0
ASN 183,27.55,0.0,0.0,-6.263,0.0,0.0,-91.235,0.0,0.0,-5.519,0.0,0.0,0.47597898000000005,0.0,0.0,-74.99102102000002,0.0,0.0
TRP 184,120.903,0.0,0.0,-8.879,0.0,0.0,-93.189,0.0,0.0,-6.867,0.0,0.0,0.9092971400000001,0.0,0.0,12.877297140000007,0.0,0.0
MET 185,105.478,0.0,0.0,-10.824,0.0,0.0,-89.1,0.0,0.0,-0.948,0.0,0.0,0.17793318000000002,0.0,0.0,4.783933180000002,0.0,0.0
THR 186,41.795,0.0,0.0,-6.954,0.0,0.0,-59.296,0.0,0.0,-0.599,0.0,0.0,0.11009646000000001,0.0,0.0,-24.943903539999997,0.0,0.0
GLU 187,101.751,0.0,0.0,-4.758,0.0,0.0,-54.727,0.0,0.0,-92.671,0.0,0.0,0.70409052,0.0,0.0,-49.70090947999999,0.0,0.0
THR 188,39.044,0.0,0.0,-3.845,0.0,0.0,-53.683,0.0,0.0,-0.211,0.0,0.0,0.3110267,0.0,0.0,-18.3839733,0.0,0.0
LEU 189,67.205,0.0,0.0,-8.801,0.0,0.0,-70.107,0.0,0.0,-0.127,0.0,0.0,0.11101244,0.0,0.0,-11.718987560000004,0.0,0.0
LEU 190,88.657,0.0,0.0,-11.06,0.0,0.0,-89.485,0.0,0.0,-0.387,0.0,0.0,0.0035988800000000005,0.0,0.0,-12.271401120000005,0.0,0.0
VAL 191,55.806,0.0,0.0,-8.719,0.0,0.0,-61.607,0.0,0.0,-0.157,0.0,0.0,0.25272376,0.0,0.0,-14.424276240000003,0.0,0.0
GLN 192,30.514,0.0,0.0,-5.36,0.0,0.0,-70.976,0.0,0.0,-6.247,0.0,0.0,0.62589618,0.0,0.0,-51.443103820000005,0.0,0.0
ASN 193,20.286,0.0,0.0,-10.222,0.0,0.0,-83.536,0.0,0.0,-3.573,0.0,0.0,0.05821622,0.0,0.0,-76.98678377999998,0.0,0.0
ALA 194,90.51,0.0,0.0,-7.605,0.0,0.0,-80.192,0.0,0.0,-0.246,0.0,0.0,0.031327600000000004,0.0,0.0,2.498327600000008,0.0,0.0
ASN 195,53.416,0.0,0.0,-7.729,0.0,0.0,-97.891,0.0,0.0,-5.196,0.0,0.0,0.22787848,0.0,0.0,-57.172121520000005,0.0,0.0
PRO 196,79.03,0.0,0.0,-5.191,0.0,0.0,-61.017,0.0,0.0,-3.15,0.0,0.0,0.56968536,0.0,0.0,10.241685359999995,0.0,0.0
ASP 197,116.531,0.0,0.0,-6.487,0.0,0.0,-60.305,0.0,0.0,-100.608,0.0,0.0,0.5332467000000001,0.0,0.0,-50.33575329999999,0.0,0.0
CYX 198,100.638,0.0,0.0,-8.298,0.0,0.0,-78.329,0.0,0.0,-3.122,0.0,0.0,0.0028780200000000002,0.0,0.0,10.89187802000001,0.0,0.0
LYS 199,139.182,0.0,0.0,-10.706,0.0,0.0,-125.962,0.0,0.0,-17.434,0.0,0.0,0.47135572,0.0,0.0,-14.448644280000005,0.0,0.0
THR 200,50.343,0.0,0.0,-5.411,0.0,0.0,-67.312,0.0,0.0,-2.428,0.0,0.0,0.57338722,0.0,0.0,-24.234612779999996,0.0,0.0
ILE 201,76.704,0.0,0.0,-8.142,0.0,0.0,-56.538,0.0,0.0,-1.011,0.0,0.0,0.23514128,0.0,0.0,11.248141280000002,0.0,0.0
LEU 202,83.173,0.0,0.0,-9.856,0.0,0.0,-73.915,0.0,0.0,-4.242,0.0,0.0,0.12734832,0.0,0.0,-4.712651679999999,0.0,0.0
LYS 203,118.826,0.0,0.0,-5.277,0.0,0.0,-103.169,0.0,0.0,-27.906,0.0,0.0,1.0642657800000002,0.0,0.0,-16.461734220000004,0.0,0.0
ALA 204,83.447,0.0,0.0,-3.948,0.0,0.0,-74.236,0.0,0.0,-5.366,0.0,0.0,0.524385,0.0,0.0,0.42138500000000556,0.0,0.0
LEU 205,77.782,0.0,0.0,-7.831,0.0,0.0,-73.056,0.0,0.0,-5.91,0.0,0.0,0.30677742,0.0,0.0,-8.708222580000005,0.0,0.0
GLY 206,88.27,0.0,0.0,-3.224,0.0,0.0,-74.715,0.0,0.0,-8.37,0.0,0.0,0.14226416000000003,0.0,0.0,2.1032641599999895,0.0,0.0
PRO 207,80.357,0.0,0.0,-2.574,0.0,0.0,-53.546,0.0,0.0,-8.895,0.0,0.0,0.8348968,0.0,0.0,16.1768968,0.0,0.0
GLY 208,64.035,0.0,0.0,-1.818,0.0,0.0,-61.463,0.0,0.0,-6.538,0.0,0.0,0.51627668,0.0,0.0,-5.267723320000003,0.0,0.0
ALA 209,101.716,0.0,0.0,-3.894,0.0,0.0,-87.678,0.0,0.0,-5.374,0.0,0.0,0.2752818,0.0,0.0,5.045281799999992,0.0,0.0
THR 210,42.181,0.0,0.0,-5.38,0.0,0.0,-42.061,0.0,0.0,-8.565,0.0,0.0,0.49981614,0.0,0.0,-13.325183860000005,0.0,0.0
LEU 211,69.299,0.0,0.0,-7.14,0.0,0.0,-67.768,0.0,0.0,-3.396,0.0,0.0,0.37445154,0.0,0.0,-8.630548459999995,0.0,0.0
GLU 212,105.481,0.0,0.0,-7.051,0.0,0.0,-67.587,0.0,0.0,-88.327,0.0,0.0,0.6595381200000001,0.0,0.0,-56.82446188000001,0.0,0.0
GLU 213,106.005,0.0,0.0,-4.42,0.0,0.0,-54.241,0.0,0.0,-98.409,0.0,0.0,0.42042398000000003,0.0,0.0,-50.64457602000001,0.0,0.0
MET 214,89.573,0.0,0.0,-10.878,0.0,0.0,-73.946,0.0,0.0,-2.12,0.0,0.0,0.07274182,0.0,0.0,2.701741819999995,0.0,0.0
MET 215,96.407,0.0,0.0,-10.812,0.0,0.0,-89.956,0.0,0.0,1.966,0.0,0.0,0.13058948,0.0,0.0,-2.264410520000004,0.0,0.0
THR 216,47.563,0.0,0.0,-5.928,0.0,0.0,-54.003,0.0,0.0,-2.011,0.0,0.0,0.43124772000000006,0.0,0.0,-13.947752279999994,0.0,0.0
ALA 217,76.907,0.0,0.0,-4.907,0.0,0.0,-61.931,0.0,0.0,-5.82,0.0,0.0,0.18535316000000002,0.0,0.0,4.434353160000002,0.0,0.0
CYX 218,92.389,0.0,0.0,-8.185,0.0,0.0,-78.858,0.0,0.0,-4.0,0.0,0.0,0.06397226,0.0,0.0,1.4099722599999893,0.0,0.0
GLN 219,38.692,0.0,0.0,-8.246,0.0,0.0,-73.656,0.0,0.0,-9.924,0.0,0.0,0.30573678,0.0,0.0,-52.82826322000001,0.0,0.0
GLY 220,98.148,0.0,0.0,-2.423,0.0,0.0,-82.205,0.0,0.0,-9.104,0.0,0.0,0.28108120000000003,0.0,0.0,4.697081199999997,0.0,0.0
VAL 221,34.076,0.0,0.0,-1.967,0.0,0.0,-11.765,0.0,0.0,-109.514,0.0,0.0,1.22726144,0.0,0.0,-87.94273855999998,0.0,0.0

Receptor:
Total Energy Decomposition:
Residue,Internal,,,van der Waals,,,Electrostatic,,,Polar Solvation,,,Non-Polar Solv.,,,TOTAL,,
,Avg.,Std. Dev.,Std. Err. of Mean,Avg.,Std. Dev.,Std. Err. of Mean,Avg.,Std. Dev.,Std. Err. of Mean,Avg.,Std. Dev.,Std. Err. of Mean,Avg.,Std. Dev.,Std. Err. of Mean,Avg.,Std. Dev.,Std. Err. of Mean
PRO   1,103.135,0.0,0.0,-5.096,0.0,0.0,-109.538,0.0,0.0,6.328,0.0,0.0,0.16072468,0.0,0.0,-5.0102753199999945,0.0,0.0
ILE   2,93.783,0.0,0.0,-7.172,0.0,0.0,-70.114,0.0,0.0,-2.984,0.0,0.0,0.06692074,0.0,0.0,13.57992074,0.0,0.0
VAL   3,61.377,0.0,0.0,-5.818,0.0,0.0,-60.047,0.0,0.0,-1.201,0.0,0.0,0.40062472,0.0,0.0,-5.288375279999993,0.0,0.0
GLN   4,27.242,0.0,0.0,-6.414,0.0,0.0,-59.947,0.0,0.0,-12.843,0.0,0.0,0.63608578,0.0,0.0,-51.32591422,0.0,0.0
ASN   5,34.16,0.0,0.0,-5.876,0.0,0.0,-76.846,0.0,0.0,-14.449,0.0,0.0,0.38018048000000004,0.0,0.0,-62.63081952000001,0.0,0.0
LEU   6,65.005,0.0,0.0,-3.663,0.0,0.0,-64.597,0.0,0.0,-9.818,0.0,0.0,1.04889466,0.0,0.0,-12.024105339999995,0.0,0.0
GLN   7,32.411,0.0,0.0,-4.816,0.0,0.0,-71.047,0.0,0.0,-15.855,0.0,0.0,0.8649181800000001,0.0,0.0,-58.44208182,0.0,0.0
GLY   8,75.987,0.0,0.0,-3.894,0.0,0.0,-74.941,0.0,0.0,-3.686,0.0,0.0,0.18112556000000002,0.0,0.0,-6.352874440000013,0.0,0.0
GLN   9,41.732,0.0,0.0,-5.145,0.0,0.0,-76.144,0.0,0.0,-13.649,0.0,0.0,0.7548705000000001,0.0,0.0,-52.4511295,0.0,0.0
MET  10,105.562,0.0,0.0,-9.709,0.0,0.0,-78.727,0.0,0.0,-6.021,0.0,0.0,0.30908634,0.0,0.0,11.41408633999999,0.0,0.0
VAL  11,49.047,0.0,0.0,-6.454,0.0,0.0,-54.294,0.0,0.0,-1.86,0.0,0.0,0.34459818000000003,0.0,0.0,-13.21640182,0.0,0.0
HID  12,87.204,0.0,0.0,-9.871,0.0,0.0,-60.224,0.0,0.0,-11.528,0.0,0.0,0.40074938,0.0,0.0,5.981749380000001,0.0,0.0
GLN  13,36.107,0.0,0.0,-5.304,0.0,0.0,-71.706,0.0,0.0,-15.327,0.0,0.0,0.5254310600000001,0.0,0.0,-55.70456894,0.0,0.0
ALA  14,98.45,0.0,0.0,-4.131,0.0,0.0,-81.347,0.0,0.0,-2.236,0.0,0.0,0.46234768000000004,0.0,0.0,11.198347680000008,0.0,0.0
ILE  15,95.621,0.0,0.0,-9.542,0.0,0.0,-73.572,0.0,0.0,-4.809,0.0,0.0,0.09955456,0.0,0.0,7.79755455999999,0.0,0.0
SER  16,68.935,0.0,0.0,-4.709,0.0,0.0,-51.126,0.0,0.0,-7.278,0.0,0.0,0.2502685,0.0,0.0,6.072268500000002,0.0,0.0
PRO  17,90.839,0.0,0.0,-4.754,0.0,0.0,-61.131,0.0,0.0,-4.413,0.0,0.0,0.5500216000000001,0.0,0.0,21.091021599999994,0.0,0.0
ARG  18,-176.307,0.0,0.0,-5.847,0.0,0.0,69.381,0.0,0.0,-56.578,0.0,0.0,1.1615385200000001,0.0,0.0,-168.18946148,0.0,0.0
THR  19,43.816,0.0,0.0,-8.928,0.0,0.0,-55.052,0.0,0.0,-4.23,0.0,0.0,0.19490862,0.0,0.0,-24.199091379999995,0.0,0.0
LEU  20,57.144,0.0,0.0,-10.576,0.0,0.0,-57.298,0.0,0.0,-3.135,0.0,0.0,0.14402566,0.0,0.0,-13.720974340000003,0.0,0.0
ASN  21,26.011,0.0,0.0,-6.621,0.0,0.0,-71.394,0.0,0.0,-19.663,0.0,0.0,0.61619438,0.0,0.0,-71.05080562,0.0,0.0
ALA  22,97.593,0.0,0.0,-5.321,0.0,0.0,-84.569,0.0,0.0,-1.939,0.0,0.0,0.19444250000000002,0.0,0.0,5.958442500000003,0.0,0.0
TRP  23,129.506,0.0,0.0,-15.88,0.0,0.0,-98.014,0.0,0.0,-3.991,0.0,0.0,0.00840642,0.0,0.0,11.62940642000001,0.0,0.0
VAL  24,60.071,0.0,0.0,-5.269,0.0,0.0,-55.844,0.0,0.0,-5.355,0.0,0.0,0.35202358,0.0,0.0,-6.044976420000002,0.0,0.0
LYS  25,134.368,0.0,0.0,-5.908,0.0,0.0,-111.623,0.0,0.0,-30.084,0.0,0.0,0.7750708400000001,0.0,0.0,-12.471929159999997,0.0,0.0
VAL  26,64.388,0.0,0.0,-8.905,0.0,0.0,-67.494,0.0,0.0,-3.326,0.0,0.0,0.060167420000000006,0.0,0.0,-15.276832579999995,0.0,0.0
VAL  27,45.241,0.0,0.0,-7.841,0.0,0.0,-49.512,0.0,0.0,-1.946,0.0,0.0,0.09252482000000001,0.0,0.0,-13.965475180000002,0.0,0.0
GLU  28,96.998,0.0,0.0,-6.504,0.0,0.0,-59.701,0.0,0.0,-85.359,0.0,0.0,0.6996136000000001,0.0,0.0,-53.866386399999996,0.0,0.0
GLU  29,110.504,0.0,0.0,-5.622,0.0,0.0,-84.36,0.0,0.0,-67.794,0.0,0.0,0.5636800000000001,0.0,0.0,-46.70831999999999,0.0,0.0
LYS  30,121.159,0.0,0.0,-5.217,0.0,0.0,-119.701,0.0,0.0,-10.344,0.0,0.0,0.46755630000000004,0.0,0.0,-13.635443699999986,0.0,0.0
ALA  31,86.798,0.0,0.0,-3.228,0.0,0.0,-79.924,0.0,0.0,-0.828,0.0,0.0,0.41007720000000003,0.0,0.0,3.228077200000001,0.0,0.0
PHE  32,106.637,0.0,0.0,-9.189,0.0,0.0,-81.817,0.0,0.0,-4.539,0.0,0.0,0.2401873,0.0,0.0,11.332187300000015,0.0,0.0
SER  33,87.431,0.0,0.0,-2.974,0.0,0.0,-66.928,0.0,0.0,-4.406,0.0,0.0,0.18951030000000002,0.0,0.0,13.312510299999998,0.0,0.0
PRO  34,72.836,0.0,0.0,-4.418,0.0,0.0,-55.41,0.0,0.0,-4.054,0.0,0.0,0.5854629800000001,0.0,0.0,9.539462979999996,0.0,0.0
GLU  35,108.333,0.0,0.0,-5.982,0.0,0.0,-87.893,0.0,0.0,-65.055,0.0,0.0,0.6381508,0.0,0.0,-49.95884920000001,0.0,0.0
VAL  36,53.24,0.0,0.0,-8.326,0.0,0.0,-59.196,0.0,0.0,-0.319,0.0,0.0,0.0,0.0,0.0,-14.600999999999997,0.0,0.0
ILE  37,83.618,0.0,0.0,-6.091,0.0,0.0,-60.537,0.0,0.0,-0.931,0.0,0.0,0.20730416,0.0,0.0,16.26630416,0.0,0.0
PRO  38,80.741,0.0,0.0,-5.284,0.0,0.0,-59.926,0.0,0.0,-2.541,0.0,0.0,0.5201303,0.0,0.0,13.510130299999991,0.0,0.0
MET  39,87.232,0.0,0.0,-9.077,0.0,0.0,-71.746,0.0,0.0,-3.773,0.0,0.0,0.44962152000000005,0.0,0.0,3.085621520000006,0.0,0.0
PHE  40,102.007,0.0,0.0,-13.581,0.0,0.0,-83.258,0.0,0.0,-2.675,0.0,0.0,0.01847678,0.0,0.0,2.5114767800000064,0.0,0.0
SER  41,59.529,0.0,0.0,-3.821,0.0,0.0,-51.021,0.0,0.0,-5.774,0.0,0.0,0.26310306,0.0,0.0,-0.8238969399999954,0.0,0.0
ALA  42,83.31,0.0,0.0,-4.858,0.0,0.0,-66.212,0.0,0.0,-3.607,0.0,0.0,0.39068986,0.0,0.0,9.023689859999996,0.0,0.0
LEU  43,71.471,0.0,0.0,-10.549,0.0,0.0,-75.152,0.0,0.0,-2.917,0.0,0.0,0.20013892000000003,0.0,0.0,-16.946861079999998,0.0,0.0
SER  44,72.011,0.0,0.0,-7.844,0.0,0.0,-77.346,0.0,0.0,1.414,0.0,0.0,0.004314320000000001,0.0,0.0,-11.760685680000002,0.0,0.0
GLU  45,101.911,0.0,0.0,-5.697,0.0,0.0,-76.429,0.0,0.0,-69.694,0.0,0.0,0.6583023600000001,0.0,0.0,-49.250697640000006,0.0,0.0
GLY  46,67.828,0.0,0.0,-2.471,0.0,0.0,-68.996,0.0,0.0,-0.455,0.0,0.0,0.1649577,0.0,0.0,-3.929042299999996,0.0,0.0
ALA  47,100.512,0.0,0.0,-6.6,0.0,0.0,-87.298,0.0,0.0,-2.43,0.0,0.0,0.03670966,0.0,0.0,4.220709660000004,0.0,0.0
THR  48,58.757,0.0,0.0,-8.705,0.0,0.0,-58.71,0.0,0.0,-1.462,0.0,0.0,0.004314320000000001,0.0,0.0,-10.11568568,0.0,0.0
PRO  49,80.607,0.0,0.0,-11.316,0.0,0.0,-54.517,0.0,0.0,-0.353,0.0,0.0,0.0,0.0,0.0,14.420999999999994,0.0,0.0
GLN  50,27.313,0.0,0.0,-9.702,0.0,0.0,-68.926,0.0,0.0,-10.696,0.0,0.0,0.42864612,0.0,0.0,-61.58235388,0.0,0.0
ASP  51,96.14,0.0,0.0,-9.041,0.0,0.0,-126.5,0.0,0.0,-19.156,0.0,0.0,0.0,0.0,0.0,-58.556999999999995,0.0,0.0
LEU  52,66.226,0.0,0.0,-13.979,0.0,0.0,-70.105,0.0,0.0,-0.357,0.0,0.0,0.0,0.0,0.0,-18.215000000000003,0.0,0.0
ASN  53,37.888,0.0,0.0,-8.619,0.0,0.0,-99.275,0.0,0.0,-5.046,0.0,0.0,0.16345636000000002,0.0,0.0,-74.88854364000001,0.0,0.0
THR  54,53.478,0.0,0.0,-7.643,0.0,0.0,-65.591,0.0,0.0,-1.386,0.0,0.0,0.20280014000000002,0.0,0.0,-20.93919985999999,0.0,0.0
MET  55,85.017,0.0,0.0,-12.143,0.0,0.0,-66.063,0.0,0.0,-2.025,0.0,0.0,0.00756632,0.0,0.0,4.793566319999992,0.0,0.0
LEU  56,64.979,0.0,0.0,-10.545,0.0,0.0,-65.458,0.0,0.0,-1.693,0.0,0.0,0.12716946,0.0,0.0,-12.589830540000001,0.0,0.0
ASN  57,37.286,0.0,0.0,-5.877,0.0,0.0,-88.768,0.0,0.0,-13.828,0.0,0.0,0.59761462,0.0,0.0,-70.58938538,0.0,0.0
THR  58,53.968,0.0,0.0,-6.344,0.0,0.0,-62.186,0.0,0.0,-5.531,0.0,0.0,0.18707130000000002,0.0,0.0,-19.905928699999997,0.0,0.0
VAL  59,43.68,0.0,0.0,-7.824,0.0,0.0,-43.122,0.0,0.0,-2.476,0.0,0.0,0.10586344,0.0,0.0,-9.636136559999997,0.0,0.0
ALA  60,91.416,0.0,0.0,-4.648,0.0,0.0,-64.453,0.0,0.0,-3.316,0.0,0.0,0.24378618000000002,0.0,0.0,19.24278618,0.0,0.0
PRO  61,80.095,0.0,0.0,-4.277,0.0,0.0,-56.436,0.0,0.0,-4.345,0.0,0.0,0.7005946200000001,0.0,0.0,15.73759462,0.0,0.0
HID  62,102.938,0.0,0.0,-7.062,0.0,0.0,-65.856,0.0,0.0,-15.076,0.0,0.0,0.5674198,0.0,0.0,15.51141980000001,0.0,0.0
GLN  63,30.433,0.0,0.0,-4.581,0.0,0.0,-63.936,0.0,0.0,-13.201,0.0,0.0,0.6877871600000001,0.0,0.0,-50.597212840000005,0.0,0.0
ALA  64,83.719,0.0,0.0,-4.335,0.0,0.0,-68.641,0.0,0.0,-4.244,0.0,0.0,0.32053338000000003,0.0,0.0,6.819533379999995,0.0,0.0
ALA  65,88.528,0.0,0.0,-5.879,0.0,0.0,-75.9,0.0,0.0,-1.281,0.0,0.0,0.01969086,0.0,0.0,5.487690859999995,0.0,0.0
ALA  66,93.952,0.0,0.0,-6.596,0.0,0.0,-81.479,0.0,0.0,-0.608,0.0,0.0,0.058920820000000006,0.0,0.0,5.327920819999996,0.0,0.0
GLN  67,36.073,0.0,0.0,-5.889,0.0,0.0,-68.723,0.0,0.0,-19.103,0.0,0.0,0.64447052,0.0,0.0,-56.997529480000004,0.0,0.0
MET  68,93.05,0.0,0.0,-11.02,0.0,0.0,-73.487,0.0,0.0,-3.761,0.0,0.0,0.25015468,0.0,0.0,5.032154680000006,0.0,0.0
LEU  69,84.643,0.0,0.0,-11.671,0.0,0.0,-80.788,0.0,0.0,-3.066,0.0,0.0,0.03683974,0.0,0.0,-10.845160259999988,0.0,0.0
LYS  70,131.671,0.0,0.0,-8.393,0.0,0.0,-108.459,0.0,0.0,-30.619,0.0,0.0,0.80402448,0.0,0.0,-14.99597552000001,0.0,0.0
GLU  71,112.097,0.0,0.0,-7.161,0.0,0.0,-68.569,0.0,0.0,-92.126,0.0,0.0,0.65961942,0.0,0.0,-55.099380580000016,0.0,0.0
THR  72,48.219,0.0,0.0,-9.09,0.0,0.0,-57.291,0.0,0.0,-4.56,0.0,0.0,0.006476900000000001,0.0,0.0,-22.71552309999999,0.0,0.0
ILE  73,71.76,0.0,0.0,-9.627,0.0,0.0,-49.78,0.0,0.0,-5.288,0.0,0.0,0.03369072,0.0,0.0,7.098690720000001,0.0,0.0
ASN  74,25.177,0.0,0.0,-7.506,0.0,0.0,-80.299,0.0,0.0,-12.031,0.0,0.0,0.41570858,0.0,0.0,-74.24329142,0.0,0.0
GLU  75,111.686,0.0,0.0,-7.752,0.0,0.0,-55.885,0.0,0.0,-101.54,0.0,0.0,0.584276,0.0,0.0,-52.90672399999999,0.0,0.0
GLU  76,98.197,0.0,0.0,-9.024,0.0,0.0,-56.377,0.0,0.0,-86.45,0.0,0.0,0.21241522000000002,0.0,0.0,-53.44158478000001,0.0,0.0
ALA  77,84.706,0.0,0.0,-7.863,0.0,0.0,-70.271,0.0,0.0,-3.053,0.0,0.0,0.05045478,0.0,0.0,3.5694547800000027,0.0,0.0
ALA  78,95.524,0.0,0.0,-6.766,0.0,0.0,-85.222,0.0,0.0,-0.375,0.0,0.0,0.15171122,0.0,0.0,3.3127112200000015,0.0,0.0
GLU  79,105.437,0.0,0.0,-4.623,0.0,0.0,-69.802,0.0,0.0,-84.206,0.0,0.0,0.49674300000000005,0.0,0.0,-52.697257000000015,0.0,0.0
TRP  80,114.057,0.0,0.0,-15.39,0.0,0.0,-86.297,0.0,0.0,-2.455,0.0,0.0,0.3168261,0.0,0.0,10.231826100000005,0.0,0.0
ASP  81,100.181,0.0,0.0,-7.124,0.0,0.0,-72.509,0.0,0.0,-68.632,0.0,0.0,0.32478266000000006,0.0,0.0,-47.759217340000006,0.0,0.0
ARG  82,-195.554,0.0,0.0,-6.439,0.0,0.0,-10.998,0.0,0.0,37.522,0.0,0.0,0.9209393,0.0,0.0,-174.5480607,0.0,0.0
LEU  83,65.409,0.0,0.0,-5.954,0.0,0.0,-74.301,0.0,0.0,-3.8,0.0,0.0,0.7362311200000001,0.0,0.0,-17.909768879999998,0.0,0.0
HID  84,119.279,0.0,0.0,-8.501,0.0,0.0,-73.008,0.0,0.0,-10.586,0.0,0.0,0.38989312000000004,0.0,0.0,27.573893119999997,0.0,0.0
PRO  85,92.909,0.0,0.0,-4.612,0.0,0.0,-62.561,0.0,0.0,-6.492,0.0,0.0,0.5312955,0.0,0.0,19.77529550000001,0.0,0.0
VAL  86,47.86,0.0,0.0,-5.036,0.0,0.0,-46.065,0.0,0.0,-5.94,0.0,0.0,0.5895876,0.0,0.0,-8.591412400000001,0.0,0.0
HID  87,82.733,0.0,0.0,-4.705,0.0,0.0,-59.093,0.0,0.0,-10.512,0.0,0.0,0.74823642,0.0,0.0,9.171236420000001,0.0,0.0
ALA  88,97.195,0.0,0.0,-2.373,0.0,0.0,-73.868,0.0,0.0,-10.77,0.0,0.0,0.38192571999999997,0.0,0.0,10.565925719999994,0.0,0.0
GLY  89,91.241,0.0,0.0,-2.187,0.0,0.0,-73.316,0.0,0.0,-7.785,0.0,0.0,0.22090294,0.0,0.0,8.17390294,0.0,0.0
PRO  90,83.226,0.0,0.0,-5.248,0.0,0.0,-56.194,0.0,0.0,-8.002,0.0,0.0,0.43836418000000005,0.0,0.0,14.220364179999992,0.0,0.0
ILE  91,61.688,0.0,0.0,-6.507,0.0,0.0,-48.394,0.0,0.0,-5.429,0.0,0.0,0.28031156,0.0,0.0,1.6383115600000058,0.0,0.0
ALA  92,102.681,0.0,0.0,-3.509,0.0,0.0,-79.264,0.0,0.0,-3.404,0.0,0.0,0.19642622,0.0,0.0,16.70042622,0.0,0.0
PRO  93,82.098,0.0,0.0,-1.575,0.0,0.0,-59.018,0.0,0.0,-6.1,0.0,0.0,0.7559816,0.0,0.0,16.160981599999996,0.0,0.0
GLY  94,72.698,0.0,0.0,-2.134,0.0,0.0,-67.965,0.0,0.0,-7.022,0.0,0.0,0.47935022000000005,0.0,0.0,-3.9436497800000105,0.0,0.0
GLN  95,40.656,0.0,0.0,-4.957,0.0,0.0,-76.382,0.0,0.0,-13.804,0.0,0.0,0.54948502,0.0,0.0,-53.93751498000001,0.0,0.0
MET  96,105.254,0.0,0.0,-11.262,0.0,0.0,-81.963,0.0,0.0,-1.881,0.0,0.0,0.10786342,0.0,0.0,10.25586342000001,0.0,0.0
ARG  97,-198.757,0.0,0.0,-8.479,0.0,0.0,-10.034,0.0,0.0,26.224,0.0,0.0,0.47136656000000005,0.0,0.0,-190.57463343999999,0.0,0.0
GLU  98,111.667,0.0,0.0,-7.889,0.0,0.0,-100.432,0.0,0.0,-53.314,0.0,0.0,0.14638336000000002,0.0,0.0,-49.821616639999995,0.0,0.0
PRO  99,96.967,0.0,0.0,-10.153,0.0,0.0,-61.428,0.0,0.0,-4.131,0.0,0.0,0.05269866000000001,0.0,0.0,21.307698659999996,0.0,0.0
ARG 100,-187.457,0.0,0.0,-8.698,0.0,0.0,-25.31,0.0,0.0,40.705,0.0,0.0,0.2814335,0.0,0.0,-180.4785665,0.0,0.0
GLY 101,80.809,0.0,0.0,-5.497,0.0,0.0,-86.403,0.0,0.0,2.117,0.0,0.0,0.0,0.0,0.0,-8.974000000000007,0.0,0.0
SER 102,69.027,0.0,0.0,-6.353,0.0,0.0,-70.472,0.0,0.0,-1.359,0.0,0.0,0.18075158,0.0,0.0,-8.976248419999994,0.0,0.0
ASP 103,92.729,0.0,0.0,-8.868,0.0,0.0,-103.284,0.0,0.0,-40.715,0.0,0.0,0.01431964,0.0,0.0,-60.12368036000001,0.0,0.0
ILE 104,81.571,0.0,0.0,-11.648,0.0,0.0,-60.498,0.0,0.0,0.538,0.0,0.0,0.0021571600000000004,0.0,0.0,9.965157160000004,0.0,0.0
ALA 105,90.45,0.0,0.0,-7.446,0.0,0.0,-79.57,0.0,0.0,0.758,0.0,0.0,0.00624926,0.0,0.0,4.198249260000011,0.0,0.0
GLY 106,91.163,0.0,0.0,-5.294,0.0,0.0,-88.164,0.0,0.0,-2.823,0.0,0.0,0.08099648000000001,0.0,0.0,-5.0370035200000025,0.0,0.0
THR 107,50.944,0.0,0.0,-5.175,0.0,0.0,-59.442,0.0,0.0,-6.381,0.0,0.0,0.4975343200000001,0.0,0.0,-19.556465679999995,0.0,0.0
THR 108,41.63,0.0,0.0,-1.932,0.0,0.0,-56.386,0.0,0.0,-3.304,0.0,0.0,0.47212536000000005,0.0,0.0,-19.51987464,0.0,0.0
SER 109,79.661,0.0,0.0,-6.35,0.0,0.0,-72.076,0.0,0.0,-3.079,0.0,0.0,0.06264436,0.0,0.0,-1.7813556399999866,0.0,0.0
THR 110,27.307,0.0,0.0,-6.832,0.0,0.0,-31.879,0.0,0.0,-7.405,0.0,0.0,0.47868898000000004,0.0,0.0,-18.330311020000003,0.0,0.0
LEU 111,64.691,0.0,0.0,-9.019,0.0,0.0,-64.404,0.0,0.0,-1.833,0.0,0.0,0.1370718,0.0,0.0,-10.427928199999993,0.0,0.0
GLN 112,34.086,0.0,0.0,-7.108,0.0,0.0,-75.142,0.0,0.0,-12.684,0.0,0.0,0.7338083800000001,0.0,0.0,-60.11419162,0.0,0.0
GLU 113,105.535,0.0,0.0,-9.95,0.0,0.0,-108.114,0.0,0.0,-37.731,0.0,0.0,0.12755428,0.0,0.0,-50.132445720000014,0.0,0.0
GLN 114,40.877,0.0,0.0,-14.843,0.0,0.0,-82.301,0.0,0.0,-2.117,0.0,0.0,0.00449318,0.0,0.0,-58.379506819999996,0.0,0.0
ILE 115,88.556,0.0,0.0,-9.596,0.0,0.0,-69.306,0.0,0.0,-0.83,0.0,0.0,0.21796530000000003,0.0,0.0,9.041965299999996,0.0,0.0
GLY 116,74.488,0.0,0.0,-5.592,0.0,0.0,-75.671,0.0,0.0,-0.248,0.0,0.0,0.02794552,0.0,0.0,-6.995054480000006,0.0,0.0
TRP 117,125.184,0.0,0.0,-19.997,0.0,0.0,-91.021,0.0,0.0,-2.836,0.0,0.0,0.0,0.0,0.0,11.329999999999997,0.0,0.0
MET 118,98.971,0.0,0.0,-9.428,0.0,0.0,-79.141,0.0,0.0,-6.497,0.0,0.0,0.26250144000000003,0.0,0.0,4.1675014400000014,0.0,0.0
THR 119,44.733,0.0,0.0,-6.983,0.0,0.0,-50.429,0.0,0.0,-4.89,0.0,0.0,0.39182264000000006,0.0,0.0,-17.17717736,0.0,0.0
HID 120,88.437,0.0,0.0,-9.089,0.0,0.0,-57.7,0.0,0.0,-9.639,0.0,0.0,0.18438840000000004,0.0,0.0,12.193388399999996,0.0,0.0
ASN 121,41.471,0.0,0.0,-5.189,0.0,0.0,-71.929,0.0,0.0,-16.878,0.0,0.0,0.75892466,0.0,0.0,-51.76607534000001,0.0,0.0
PRO 122,90.886,0.0,0.0,-2.601,0.0,0.0,-59.696,0.0,0.0,-3.329,0.0,0.0,0.61645996,0.0,0.0,25.87645996,0.0,0.0
PRO 123,81.682,0.0,0.0,-5.073,0.0,0.0,-57.549,0.0,0.0,-4.476,0.0,0.0,0.44003354,0.0,0.0,15.02403354000001,0.0,0.0
ILE 124,92.748,0.0,0.0,-6.764,0.0,0.0,-59.717,0.0,0.0,-2.331,0.0,0.0,0.24958558,0.0,0.0,24.185585580000012,0.0,0.0
PRO 125,90.668,0.0,0.0,-5.569,0.0,0.0,-65.921,0.0,0.0,-0.96,0.0,0.0,0.29399164,0.0,0.0,18.511991639999998,0.0,0.0
VAL 126,56.459,0.0,0.0,-10.913,0.0,0.0,-55.195,0.0,0.0,-1.18,0.0,0.0,0.0020433400000000003,0.0,0.0,-10.826956659999993,0.0,0.0
GLY 127,70.905,0.0,0.0,-4.632,0.0,0.0,-72.732,0.0,0.0,-1.358,0.0,0.0,0.00503518,0.0,0.0,-7.811964820000004,0.0,0.0
GLU 128,106.72,0.0,0.0,-6.751,0.0,0.0,-111.224,0.0,0.0,-41.175,0.0,0.0,0.32110248,0.0,0.0,-52.108897520000006,0.0,0.0
ILE 129,86.9,0.0,0.0,-10.161,0.0,0.0,-64.862,0.0,0.0,-0.404,0.0,0.0,0.05803194000000001,0.0,0.0,11.531031940000009,0.0,0.0
TYR 130,95.205,0.0,0.0,-16.827,0.0,0.0,-88.47,0.0,0.0,-2.232,0.0,0.0,0.00715982,0.0,0.0,-12.316840179999998,0.0,0.0
LYS 131,142.685,0.0,0.0,-9.597,0.0,0.0,-158.107,0.0,0.0,14.863,0.0,0.0,0.11219942000000001,0.0,0.0,-10.043800580000006,0.0,0.0
ARG 132,-195.748,0.0,0.0,-8.593,0.0,0.0,41.57,0.0,0.0,-16.879,0.0,0.0,0.8324578,0.0,0.0,-178.8175422,0.0,0.0
TRP 133,129.451,0.0,0.0,-16.941,0.0,0.0,-95.573,0.0,0.0,-5.005,0.0,0.0,0.11288776,0.0,0.0,12.044887759999998,0.0,0.0
ILE 134,94.292,0.0,0.0,-12.225,0.0,0.0,-69.554,0.0,0.0,-1.36,0.0,0.0,0.004314320000000001,0.0,0.0,11.157314320000006,0.0,0.0
ILE 135,81.751,0.0,0.0,-7.657,0.0,0.0,-61.447,0.0,0.0,-1.074,0.0,0.0,0.41745924000000006,0.0,0.0,11.990459240000005,0.0,0.0
LEU 136,71.058,0.0,0.0,-7.522,0.0,0.0,-79.982,0.0,0.0,1.132,0.0,0.0,0.38947578,0.0,0.0,-14.924524219999991,0.0,0.0
GLY 137,81.334,0.0,0.0,-5.8,0.0,0.0,-78.929,0.0,0.0,-0.113,0.0,0.0,0.0,0.0,0.0,-3.507999999999996,0.0,0.0
LEU 138,60.33,0.0,0.0,-10.327,0.0,0.0,-64.315,0.0,0.0,-1.495,0.0,0.0,0.041506360000000006,0.0,0.0,-15.765493639999999,0.0,0.0
ASN 139,48.584,0.0,0.0,-8.274,0.0,0.0,-101.943,0.0,0.0,-8.472,0.0,0.0,0.35175258000000004,0.0,0.0,-69.75324742,0.0,0.0
LYS 140,133.208,0.0,0.0,-10.007,0.0,0.0,-141.368,0.0,0.0,2.93,0.0,0.0,0.40943764000000005,0.0,0.0,-14.827562360000002,0.0,0.0
ILE 141,96.513,0.0,0.0,-10.633,0.0,0.0,-77.446,0.0,0.0,-1.786,0.0,0.0,0.01805402,0.0,0.0,6.666054020000012,0.0,0.0
VAL 142,64.397,0.0,0.0,-7.981,0.0,0.0,-57.404,0.0,0.0,-2.723,0.0,0.0,0.14160292000000002,0.0,0.0,-3.5693970799999994,0.0,0.0
ARG 143,-190.451,0.0,0.0,-6.944,0.0,0.0,58.981,0.0,0.0,-34.066,0.0,0.0,0.9919142,0.0,0.0,-171.4880858,0.0,0.0
MET 144,92.802,0.0,0.0,-7.18,0.0,0.0,-72.319,0.0,0.0,-7.727,0.0,0.0,0.46842892,0.0,0.0,6.044428920000011,0.0,0.0
TYR 145,89.616,0.0,0.0,-9.513,0.0,0.0,-82.642,0.0,0.0,-10.11,0.0,0.0,0.49182706,0.0,0.0,-12.15717294,0.0,0.0
SER 146,87.566,0.0,0.0,-3.423,0.0,0.0,-68.067,0.0,0.0,-9.381,0.0,0.0,0.50485132,0.0,0.0,7.199851320000008,0.0,0.0
PRO 147,87.979,0.0,0.0,-4.761,0.0,0.0,-63.908,0.0,0.0,-6.698,0.0,0.0,0.47255896000000003,0.0,0.0,13.084558960000003,0.0,0.0
THR 148,47.702,0.0,0.0,-2.476,0.0,0.0,-47.692,0.0,0.0,-11.369,0.0,0.0,0.79430642,0.0,0.0,-13.040693580000001,0.0,0.0
SER 149,59.764,0.0,0.0,-2.005,0.0,0.0,-42.492,0.0,0.0,-14.736,0.0,0.0,0.59708888,0.0,0.0,1.1280888800000024,0.0,0.0
ILE 150,64.407,0.0,0.0,-0.845,0.0,0.0,-29.67,0.0,0.0,-10.183,0.0,0.0,1.29358056,0.0,0.0,25.002580559999995,0.0,0.0

Ligand:
Total Energy Decomposition:
Residue,Internal,,,van der Waals,,,Electrostatic,,,Polar Solvation,,,Non-Polar Solv.,,,TOTAL,,
,Avg.,Std. Dev.,Std. Err. of Mean,Avg.,Std. Dev.,Std. Err. of Mean,Avg.,Std. Dev.,Std. Err. of Mean,Avg.,Std. Dev.,Std. Err. of Mean,Avg.,Std. Dev.,Std. Err. of Mean,Avg.,Std. Dev.,Std. Err. of Mean
LEU   1,39.598,0.0,0.0,-3.597,0.0,0.0,-41.328,0.0,0.0,-4.197,0.0,0.0,0.9597356600000001,0.0,0.0,-8.564264340000005,0.0,0.0
ASP   2,116.957,0.0,0.0,-3.995,0.0,0.0,-121.907,0.0,0.0,-45.673,0.0,0.0,0.5724441400000001,0.0,0.0,-54.04555586000001,0.0,0.0
ILE   3,100.329,0.0,0.0,-7.052,0.0,0.0,-73.119,0.0,0.0,-2.892,0.0,0.0,0.21148298000000001,0.0,0.0,17.477482979999987,0.0,0.0
ARG   4,-186.671,0.0,0.0,-8.929,0.0,0.0,25.064,0.0,0.0,-1.113,0.0,0.0,0.7103723000000001,0.0,0.0,-170.9386277,0.0,0.0
GLN   5,32.937,0.0,0.0,-10.146,0.0,0.0,-92.533,0.0,0.0,0.285,0.0,0.0,0.10634582,0.0,0.0,-69.35065418,0.0,0.0
GLY   6,91.456,0.0,0.0,-2.393,0.0,0.0,-74.619,0.0,0.0,-5.18,0.0,0.0,0.13326696000000002,0.0,0.0,9.397266960000003,0.0,0.0
PRO   7,83.815,0.0,0.0,-2.843,0.0,0.0,-57.819,0.0,0.0,-5.937,0.0,0.0,0.7910219000000001,0.0,0.0,18.00702189999999,0.0,0.0
LYS   8,124.637,0.0,0.0,-3.534,0.0,0.0,-97.573,0.0,0.0,-36.902,0.0,0.0,1.1829692,0.0,0.0,-12.1890308,0.0,0.0
GLU   9,111.694,0.0,0.0,-3.668,0.0,0.0,-117.76,0.0,0.0,-32.545,0.0,0.0,0.23782418,0.0,0.0,-42.041175820000014,0.0,0.0
PRO  10,80.558,0.0,0.0,-6.04,0.0,0.0,-59.81,0.0,0.0,-0.813,0.0,0.0,0.33884756000000005,0.0,0.0,14.233847559999997,0.0,0.0
PHE  11,109.363,0.0,0.0,-14.335,0.0,0.0,-77.773,0.0,0.0,-1.341,0.0,0.0,0.0035988800000000005,0.0,0.0,15.917598879999996,0.0,0.0
ARG  12,-198.515,0.0,0.0,-10.233,0.0,0.0,19.367,0.0,0.0,7.008,0.0,0.0,0.6424813800000001,0.0,0.0,-181.73051862,0.0,0.0
ASP  13,90.682,0.0,0.0,-7.067,0.0,0.0,-73.707,0.0,0.0,-71.303,0.0,0.0,0.47065112000000003,0.0,0.0,-60.92434887999998,0.0,0.0
TYR  14,99.758,0.0,0.0,-18.301,0.0,0.0,-97.397,0.0,0.0,-1.722,0.0,0.0,0.0,0.0,0.0,-17.662000000000013,0.0,0.0
VAL  15,51.135,0.0,0.0,-10.227,0.0,0.0,-57.202,0.0,0.0,2.801,0.0,0.0,0.01571258,0.0,0.0,-13.477287419999996,0.0,0.0
ASP  16,112.728,0.0,0.0,-7.542,0.0,0.0,-122.418,0.0,0.0,-37.945,0.0,0.0,0.36256548000000005,0.0,0.0,-54.81443452000001,0.0,0.0
ARG  17,-197.425,0.0,0.0,-6.598,0.0,0.0,18.215,0.0,0.0,2.15,0.0,0.0,0.48627156000000005,0.0,0.0,-183.17172844,0.0,0.0
PHE  18,96.56,0.0,0.0,-14.764,0.0,0.0,-81.1,0.0,0.0,-0.795,0.0,0.0,0.02643334,0.0,0.0,-0.07256665999998788,0.0,0.0
TYR  19,97.076,0.0,0.0,-10.234,0.0,0.0,-87.424,0.0,0.0,-4.427,0.0,0.0,0.38259238,0.0,0.0,-4.626407620000007,0.0,0.0
LYS  20,138.757,0.0,0.0,-7.376,0.0,0.0,-131.666,0.0,0.0,-14.607,0.0,0.0,0.73166206,0.0,0.0,-14.160337939999996,0.0,0.0
THR  21,43.18,0.0,0.0,-6.228,0.0,0.0,-54.628,0.0,0.0,-5.832,0.0,0.0,0.2646044,0.0,0.0,-23.243395600000003,0.0,0.0
LEU  22,75.557,0.0,0.0,-10.23,0.0,0.0,-67.099,0.0,0.0,-5.054,0.0,0.0,0.051592980000000004,0.0,0.0,-6.774407020000006,0.0,0.0
ARG  23,-195.292,0.0,0.0,-7.111,0.0,0.0,68.807,0.0,0.0,-38.86,0.0,0.0,1.0565748000000001,0.0,0.0,-171.39942520000002,0.0,0.0
ALA  24,86.229,0.0,0.0,-4.73,0.0,0.0,-79.469,0.0,0.0,-4.751,0.0,0.0,0.4582068000000001,0.0,0.0,-2.262793199999999,0.0,0.0
GLU  25,104.379,0.0,0.0,-5.758,0.0,0.0,-71.789,0.0,0.0,-80.908,0.0,0.0,0.63301264,0.0,0.0,-53.44298736,0.0,0.0
GLN  26,26.669,0.0,0.0,-5.2,0.0,0.0,-67.344,0.0,0.0,-12.261,0.0,0.0,0.8820508000000001,0.0,0.0,-57.253949199999994,0.0,0.0
ALA  27,97.111,0.0,0.0,-4.298,0.0,0.0,-81.452,0.0,0.0,-5.047,0.0,0.0,0.13689836,0.0,0.0,6.4508983600000045,0.0,0.0
SER  28,66.429,0.0,0.0,-4.408,0.0,0.0,-56.578,0.0,0.0,-8.189,0.0,0.0,0.40440246,0.0,0.0,-2.341597540000002,0.0,0.0
GLN  29,27.387,0.0,0.0,-3.993,0.0,0.0,-69.884,0.0,0.0,-11.343,0.0,0.0,0.6505029800000001,0.0,0.0,-57.18249702,0.0,0.0
GLU  30,113.832,0.0,0.0,-6.015,0.0,0.0,-86.151,0.0,0.0,-70.277,0.0,0.0,0.71601994,0.0,0.0,-47.89498006,0.0,0.0
VAL  31,69.962,0.0,0.0,-7.078,0.0,0.0,-60.273,0.0,0.0,-2.972,0.0,0.0,0.30507554000000003,0.0,0.0,-0.05592446000000284,0.0,0.0
LYS  32,119.711,0.0,0.0,-8.211,0.0,0.0,-96.668,0.0,0.0,-30.933,0.0,0.0,0.28588874000000003,0.0,0.0,-15.815111260000005,0.0,0.0
ASN  33,27.55,0.0,0.0,-6.253,0.0,0.0,-91.451,0.0,0.0,-5.325,0.0,0.0,0.47597898000000005,0.0,0.0,-75.00302102,0.0,0.0
TRP  34,120.903,0.0,0.0,-8.854,0.0,0.0,-93.256,0.0,0.0,-6.825,0.0,0.0,0.9092971400000001,0.0,0.0,12.877297140000007,0.0,0.0
MET  35,105.478,0.0,0.0,-10.059,0.0,0.0,-89.355,0.0,0.0,-0.86,0.0,0.0,0.2428431,0.0,0.0,5.446843099999993,0.0,0.0
THR  36,41.795,0.0,0.0,-6.93,0.0,0.0,-59.467,0.0,0.0,-0.469,0.0,0.0,0.11009646000000001,0.0,0.0,-24.960903539999997,0.0,0.0
GLU  37,101.751,0.0,0.0,-4.751,0.0,0.0,-62.721,0.0,0.0,-84.707,0.0,0.0,0.70409052,0.0,0.0,-49.72390947999999,0.0,0.0
THR  38,39.044,0.0,0.0,-3.829,0.0,0.0,-53.631,0.0,0.0,-0.306,0.0,0.0,0.3110267,0.0,0.0,-18.410973300000006,0.0,0.0
LEU  39,67.205,0.0,0.0,-8.242,0.0,0.0,-69.672,0.0,0.0,-0.405,0.0,0.0,0.1266112,0.0,0.0,-10.987388800000003,0.0,0.0
LEU  40,88.657,0.0,0.0,-10.999,0.0,0.0,-89.653,0.0,0.0,-0.246,0.0,0.0,0.0035988800000000005,0.0,0.0,-12.237401120000005,0.0,0.0
VAL  41,55.806,0.0,0.0,-8.709,0.0,0.0,-61.539,0.0,0.0,-0.24,0.0,0.0,0.25272376,0.0,0.0,-14.429276240000007,0.0,0.0
GLN  42,30.514,0.0,0.0,-5.341,0.0,0.0,-70.604,0.0,0.0,-6.683,0.0,0.0,0.62589618,0.0,0.0,-51.48810382,0.0,0.0
ASN  43,20.286,0.0,0.0,-10.034,0.0,0.0,-82.074,0.0,0.0,-5.153,0.0,0.0,0.05821622,0.0,0.0,-76.91678378,0.0,0.0
ALA  44,90.51,0.0,0.0,-7.596,0.0,0.0,-80.264,0.0,0.0,-0.185,0.0,0.0,0.031327600000000004,0.0,0.0,2.4963276000000056,0.0,0.0
ASN  45,53.416,0.0,0.0,-7.725,0.0,0.0,-97.634,0.0,0.0,-5.46,0.0,0.0,0.22787848,0.0,0.0,-57.175121520000005,0.0,0.0
PRO  46,79.03,0.0,0.0,-5.189,0.0,0.0,-60.943,0.0,0.0,-3.221,0.0,0.0,0.56968536,0.0,0.0,10.24668536000001,0.0,0.0
ASP  47,116.531,0.0,0.0,-6.486,0.0,0.0,-67.965,0.0,0.0,-92.959,0.0,0.0,0.5332467000000001,0.0,0.0,-50.345753300000005,0.0,0.0
CYX  48,100.638,0.0,0.0,-8.295,0.0,0.0,-78.138,0.0,0.0,-3.316,0.0,0.0,0.0028780200000000002,0.0,0.0,10.89187802,0.0,0.0
LYS  49,139.182,0.0,0.0,-10.703,0.0,0.0,-116.657,0.0,0.0,-26.757,0.0,0.0,0.47135572,0.0,0.0,-14.463644280000013,0.0,0.0
THR  50,50.343,0.0,0.0,-5.41,0.0,0.0,-67.163,0.0,0.0,-2.577,0.0,0.0,0.57338722,0.0,0.0,-24.233612779999987,0.0,0.0
ILE  51,76.704,0.0,0.0,-8.14,0.0,0.0,-56.374,0.0,0.0,-1.176,0.0,0.0,0.23514128,0.0,0.0,11.249141279999991,0.0,0.0
LEU  52,83.173,0.0,0.0,-9.854,0.0,0.0,-73.76,0.0,0.0,-4.398,0.0,0.0,0.12734832,0.0,0.0,-4.711651680000002,0.0,0.0
LYS  53,118.826,0.0,0.0,-5.276,0.0,0.0,-95.677,0.0,0.0,-35.398,0.0,0.0,1.0642657800000002,0.0,0.0,-16.460734220000013,0.0,0.0
ALA  54,83.447,0.0,0.0,-3.947,0.0,0.0,-74.138,0.0,0.0,-5.463,0.0,0.0,0.524385,0.0,0.0,0.4233849999999947,0.0,0.0
LEU  55,77.782,0.0,0.0,-7.83,0.0,0.0,-72.933,0.0,0.0,-6.033,0.0,0.0,0.30677742,0.0,0.0,-8.70722258000001,0.0,0.0
GLY  56,88.27,0.0,0.0,-3.223,0.0,0.0,-74.803,0.0,0.0,-8.283,0.0,0.0,0.14226416000000003,0.0,0.0,2.10326416,0.0,0.0
PRO  57,80.357,0.0,0.0,-2.573,0.0,0.0,-53.452,0.0,0.0,-8.99,0.0,0.0,0.8348968,0.0,0.0,16.17689680000001,0.0,0.0
GLY  58,64.035,0.0,0.0,-1.818,0.0,0.0,-61.347,0.0,0.0,-6.655,0.0,0.0,0.51627668,0.0,0.0,-5.268723320000003,0.0,0.0
ALA  59,101.716,0.0,0.0,-3.893,0.0,0.0,-87.774,0.0,0.0,-5.28,0.0,0.0,0.2752818,0.0,0.0,5.044281799999992,0.0,0.0
THR  60,42.181,0.0,0.0,-5.379,0.0,0.0,-42.155,0.0,0.0,-8.474,0.0,0.0,0.49981614,0.0,0.0,-13.327183860000002,0.0,0.0
LEU  61,69.299,0.0,0.0,-7.136,0.0,0.0,-67.78,0.0,0.0,-3.387,0.0,0.0,0.37445154,0.0,0.0,-8.629548459999997,0.0,0.0
GLU  62,105.481,0.0,0.0,-7.049,0.0,0.0,-75.605,0.0,0.0,-80.332,0.0,0.0,0.6595381200000001,0.0,0.0,-56.84546188000001,0.0,0.0
GLU  63,106.005,0.0,0.0,-4.419,0.0,0.0,-61.014,0.0,0.0,-91.641,0.0,0.0,0.42042398000000003,0.0,0.0,-50.64857602000001,0.0,0.0
MET  64,89.573,0.0,0.0,-10.874,0.0,0.0,-73.937,0.0,0.0,-2.136,0.0,0.0,0.07274182,0.0,0.0,2.6987418200000004,0.0,0.0
MET  65,96.407,0.0,0.0,-10.807,0.0,0.0,-90.074,0.0,0.0,2.079,0.0,0.0,0.13058948,0.0,0.0,-2.2644105200000038,0.0,0.0
THR  66,47.563,0.0,0.0,-5.927,0.0,0.0,-54.046,0.0,0.0,-1.97,0.0,0.0,0.43124772000000006,0.0,0.0,-13.948752279999997,0.0,0.0
ALA  67,76.907,0.0,0.0,-4.906,0.0,0.0,-61.915,0.0,0.0,-5.838,0.0,0.0,0.18535316000000002,0.0,0.0,4.433353159999991,0.0,0.0
CYX  68,92.389,0.0,0.0,-8.183,0.0,0.0,-78.886,0.0,0.0,-3.977,0.0,0.0,0.06397226,0.0,0.0,1.4069722599999932,0.0,0.0
GLN  69,38.692,0.0,0.0,-8.243,0.0,0.0,-74.0,0.0,0.0,-9.59,0.0,0.0,0.30573678,0.0,0.0,-52.83526322000001,0.0,0.0
GLY  70,98.148,0.0,0.0,-2.422,0.0,0.0,-82.401,0.0,0.0,-8.91,0.0,0.0,0.28108120000000003,0.0,0.0,4.696081200000003,0.0,0.0
VAL  71,34.076,0.0,0.0,-1.966,0.0,0.0,-18.707,0.0,0.0,-102.578,0.0,0.0,1.22726144,0.0,0.0,-87.94773856,0.0,0.0

DELTAS:
Total Energy Decomposition:
Residue,Location,Internal,,,van der Waals,,,Electrostatic,,,Polar Solvation,,,Non-Polar Solv.,,,TOTAL,,
,,Avg.,Std. Dev.,Std. Err. of Mean,Avg.,Std. Dev.,Std. Err. of Mean,Avg.,Std. Dev.,Std. Err. of Mean,Avg.,Std. Dev.,Std. Err. of Mean,Avg.,Std. Dev.,Std. Err. of Mean
PRO   1,R PRO   1,0.0,0.0,0.0,0.0,0.0,0.0,-4.852000000000004,0.0,0.0,4.855999999999999,0.0,0.0,0.0,0.0,0.0,0.003999999999995119,0.0,0.0
ILE   2,R ILE   2,0.0,0.0,0.0,0.0,0.0,0.0,0.02200000000000557,0.0,0.0,-0.02300000000000013,0.0,0.0,0.0,0.0,0.0,-0.0009999999999941167,0.0,0.0
VAL   3,R VAL   3,0.0,0.0,0.0,-0.001000000000000334,0.0,0.0,-0.014000000000002899,0.0,0.0,0.014000000000000012,0.0,0.0,0.0,0.0,0.0,-0.0010000000000074394,0.0,0.0
GLN   4,R GLN   4,0.0,0.0,0.0,0.0,0.0,0.0,0.015000000000000568,0.0,0.0,-0.016000000000000014,0.0,0.0,0.0,0.0,0.0,-0.0009999999999976694,0.0,0.0
ASN   5,R ASN   5,0.0,0.0,0.0,0.0,0.0,0.0,0.04200000000000159,0.0,0.0,-0.04300000000000104,0.0,0.0,0.0,0.0,0.0,-0.0010000000000047748,0.0,0.0
LEU   6,R LEU   6,0.0,0.0,0.0,0.0,0.0,0.0,0.018000000000000682,0.0,0.0,-0.018000000000000682,0.0,0.0,0.0,0.0,0.0,0.0,0.0,0.0
GLN   7,R GLN   7,0.0,0.0,0.0,0.0,0.0,0.0,0.02199999999999136,0.0,0.0,-0.022999999999999687,0.0,0.0,0.0,0.0,0.0,-0.0010000000000047748,0.0,0.0
GLY   8,R GLY   8,0.0,0.0,0.0,0.0,0.0,0.0,0.0040000000000048885,0.0,0.0,-0.0040000000000000036,0.0,0.0,0.0,0.0,0.0,5.329070518200751e-15,0.0,0.0
GLN   9,R GLN   9,0.0,0.0,0.0,0.0,0.0,0.0,0.0030000000000001137,0.0,0.0,-0.0030000000000001137,0.0,0.0,0.0,0.0,0.0,0.0,0.0,0.0
MET  10,R MET  10,0.0,0.0,0.0,0.0,0.0,0.0,-0.033999999999991815,0.0,0.0,0.032999999999999474,0.0,0.0,0.0,0.0,0.0,-0.000999999999990564,0.0,0.0
VAL  11,R VAL  11,0.0,0.0,0.0,0.0,0.0,0.0,0.02099999999999369,0.0,0.0,-0.020999999999999908,0.0,0.0,0.0,0.0,0.0,-7.105427357601002e-15,0.0,0.0
HID  12,R HID  12,0.0,0.0,0.0,-0.0009999999999994458,0.0,0.0,-0.03300000000000125,0.0,0.0,0.03300000000000125,0.0,0.0,0.0,0.0,0.0,-0.0010000000000047748,0.0,0.0
GLN  13,R GLN  13,0.0,0.0,0.0,-0.0009999999999994458,0.0,0.0,-0.018000000000000682,0.0,0.0,0.018000000000000682,0.0,0.0,0.0,0.0,0.0,-0.0009999999999976694,0.0,0.0
ALA  14,R ALA  14,0.0,0.0,0.0,-0.0009999999999994458,0.0,0.0,0.0030000000000001137,0.0,0.0,-0.0040000000000000036,0.0,0.0,0.0,0.0,0.0,-0.0020000000000042206,0.0,0.0
ILE  15,R ILE  15,0.0,0.0,0.0,-0.0009999999999994458,0.0,0.0,-0.001999999999995339,0.0,0.0,0.0019999999999997797,0.0,0.0,0.0,0.0,0.0,-0.000999999999986123,0.0,0.0
SER  16,R SER  16,0.0,0.0,0.0,-0.001000000000000334,0.0,0.0,-0.0010000000000047748,0.0,0.0,0.0,0.0,0.0,0.0,0.0,0.0,-0.001999999999995339,0.0,0.0
PRO  17,R PRO  17,0.0,0.0,0.0,0.0,0.0,0.0,-0.0030000000000001137,0.0,0.0,0.002000000000000668,0.0,0.0,0.0,0.0,0.0,-0.0010000000000012221,0.0,0.0
ARG  18,R ARG  18,0.0,0.0,0.0,-0.0009999999999994458,0.0,0.0,-5.340999999999994,0.0,0.0,5.349000000000004,0.0,0.0,0.0,0.0,0.0,0.007000000000005002,0.0,0.0
THR  19,R THR  19,0.0,0.0,0.0,-0.0019999999999988916,0.0,0.0,-0.04399999999999693,0.0,0.0,0.04600000000000026,0.0,0.0,0.0,0.0,0.0,0.0,0.0,0.0
LEU  20,R LEU  20,0.0,0.0,0.0,-0.0009999999999994458,0.0,0.0,-0.021999999999998465,0.0,0.0,0.020999999999999908,0.0,0.0,0.0,0.0,0.0,-0.001999999999997115,0.0,0.0
ASN  21,R ASN  21,0.0,0.0,0.0,-0.0019999999999997797,0.0,0.0,-0.03300000000000125,0.0,0.0,0.04100000000000037,0.0,0.0,0.0,0.0,0.0,0.006000000000000227,0.0,0.0
ALA  22,R ALA  22,0.0,0.0,0.0,-0.0030000000000001137,0.0,0.0,-0.07399999999999807,0.0,0.0,0.07299999999999995,0.0,0.0,0.0,0.0,0.0,-0.003999999999997783,0.0,0.0
TRP  23,R TRP  23,0.0,0.0,0.0,-0.008999999999998565,0.0,0.0,-0.14700000000000557,0.0,0.0,0.15799999999999992,0.0,0.0,0.0,0.0,0.0,0.0019999999999935625,0.0,0.0
VAL  24,R VAL  24,0.0,0.0,0.0,-0.004999999999999893,0.0,0.0,-0.036999999999999034,0.0,0.0,0.04800000000000004,0.0,0.0,0.0,0.0,0.0,0.005999999999998451,0.0,0.0
LYS  25,R LYS  25,0.0,0.0,0.0,-0.01499999999999968,0.0,0.0,-5.459999999999994,0.0,0.0,5.559000000000001,0.0,0.0,0.0,0.0,0.0,0.08399999999999253,0.0,0.0
VAL  26,R VAL  26,0.0,0.0,0.0,-0.02200000000000024,0.0,0.0,-0.31400000000000716,0.0,0.0,0.3420000000000001,0.0,0.0,0.0,0.0,0.0,0.005999999999994898,0.0,0.0
VAL  27,R VAL  27,0.0,0.0,0.0,-0.019999999999999574,0.0,0.0,-0.20700000000000074,0.0,0.0,0.22099999999999986,0.0,0.0,0.0,0.0,0.0,-0.005999999999996675,0.0,0.0
GLU  28,R GLU  28,0.0,0.0,0.0,-0.03700000000000081,0.0,0.0,4.270000000000003,0.0,0.0,-4.043000000000006,0.0,0.0,0.0,0.0,0.0,0.19000000000000483,0.0,0.0
GLU  29,R GLU  29,0.0,0.0,0.0,-0.11699999999999999,0.0,0.0,2.194999999999993,0.0,0.0,-1.6620000000000061,0.0,0.0,-0.02102959999999998,0.0,0.0,0.39497039999998407,0.0,0.0
LYS  30,R LYS  30,0.0,0.0,0.0,-0.3420000000000005,0.0,0.0,5.668999999999997,0.0,0.0,-4.644,0.0,0.0,-0.06378798000000002,0.0,0.0,0.6192120199999973,0.0,0.0
ALA  31,R ALA  31,0.0,0.0,0.0,-0.11299999999999999,0.0,0.0,0.2610000000000099,0.0,0.0,-0.14600000000000002,0.0,0.0,0.0,0.0,0.0,0.002000000000009994,0.0,0.0
PHE  32,R PHE  32,0.0,0.0,0.0,-0.07000000000000028,0.0,0.0,0.5449999999999875,0.0,0.0,-0.40000000000000036,0.0,0.0,0.0,0.0,0.0,0.07499999999997975,0.0,0.0
SER  33,R SER  33,0.0,0.0,0.0,-0.6029999999999998,0.0,0.0,-1.1300000000000097,0.0,0.0,1.8359999999999999,0.0,0.0,-0.07128926000000001,0.0,0.0,0.031710739999994075,0.0,0.0
PRO  34,R PRO  34,0.0,0.0,0.0,-1.9340000000000002,0.0,0.0,-1.304000000000002,0.0,0.0,1.7180000000000004,0.0,0.0,-0.3116500000000001,0.0,0.0,-1.8316500000000007,0.0,0.0
GLU  35,R GLU  35,0.0,0.0,0.0,-2.9609999999999994,0.0,0.0,-21.945999999999998,0.0,0.0,25.140000000000008,0.0,0.0,-0.48255344,0.0,0.0,-0.24955343999998547,0.0,0.0
VAL  36,R VAL  36,0.0,0.0,0.0,-0.08199999999999896,0.0,0.0,-0.5240000000000009,0.0,0.0,0.553,0.0,0.0,0.0,0.0,0.0,-0.053000000000000824,0.0,0.0
ILE  37,R ILE  37,0.0,0.0,0.0,-0.06700000000000017,0.0,0.0,-0.17800000000000438,0.0,0.0,0.20200000000000007,0.0,0.0,0.0,0.0,0.0,-0.04300000000000992,0.0,0.0
PRO  38,R PRO  38,0.0,0.0,0.0,-0.08499999999999996,0.0,0.0,0.5549999999999997,0.0,0.0,-0.5270000000000001,0.0,0.0,0.0,0.0,0.0,-0.05699999999999328,0.0,0.0
MET  39,R MET  39,0.0,0.0,0.0,-0.04499999999999993,0.0,0.0,-0.028000000000005798,0.0,0.0,0.06099999999999994,0.0,0.0,0.0,0.0,0.0,-0.01200000000000756,0.0,0.0
PHE  40,R PHE  40,0.0,0.0,0.0,-0.012000000000000455,0.0,0.0,0.016999999999995907,0.0,0.0,-0.002000000000000224,0.0,0.0,0.0,0.0,0.0,0.0029999999999952287,0.0,0.0
SER  41,R SER  41,0.0,0.0,0.0,-0.005999999999999783,0.0,0.0,0.2220000000000013,0.0,0.0,-0.19399999999999995,0.0,0.0,0.0,0.0,0.0,0.02200000000000113,0.0,0.0
ALA  42,R ALA  42,0.0,0.0,0.0,-0.004000000000000448,0.0,0.0,0.14200000000001012,0.0,0.0,-0.1339999999999999,0.0,0.0,0.0,0.0,0.0,0.004000000000019099,0.0,0.0
LEU  43,R LEU  43,0.0,0.0,0.0,-0.005000000000000782,0.0,0.0,0.05299999999999727,0.0,0.0,-0.04700000000000015,0.0,0.0,0.0,0.0,0.0,0.0009999999999976694,0.0,0.0
SER  44,R SER  44,0.0,0.0,0.0,-0.0019999999999997797,0.0,0.0,0.10800000000000409,0.0,0.0,-0.10199999999999987,0.0,0.0,0.0,0.0,0.0,0.00399999999999423,0.0,0.0
GLU  45,R GLU  45,0.0,0.0,0.0,-0.0019999999999997797,0.0,0.0,4.7690000000000055,0.0,0.0,-4.7620000000000005,0.0,0.0,0.0,0.0,0.0,0.005000000000009663,0.0,0.0
GLY  46,R GLY  46,0.0,0.0,0.0,0.0,0.0,0.0,-0.03700000000000614,0.0,0.0,0.038000000000000034,0.0,0.0,0.0,0.0,0.0,0.0009999999999941167,0.0,0.0
ALA  47,R ALA  47,0.0,0.0,0.0,-0.001000000000000334,0.0,0.0,0.021000000000000796,0.0,0.0,-0.020999999999999908,0.0,0.0,0.0,0.0,0.0,-0.0010000000000047748,0.0,0.0
THR  48,R THR  48,0.0,0.0,0.0,-0.0009999999999994458,0.0,0.0,-0.005000000000002558,0.0,0.0,0.004999999999999893,0.0,0.0,0.0,0.0,0.0,-0.0010000000000012221,0.0,0.0
PRO  49,R PRO  49,0.0,0.0,0.0,-0.0009999999999994458,0.0,0.0,0.011000000000002785,0.0,0.0,-0.01200000000000001,0.0,0.0,0.0,0.0,0.0,-0.0020000000000024443,0.0,0.0
GLN  50,R GLN  50,0.0,0.0,0.0,0.0,0.0,0.0,0.021000000000000796,0.0,0.0,-0.021000000000000796,0.0,0.0,0.0,0.0,0.0,0.0,0.0,0.0
ASP  51,R ASP  51,0.0,0.0,0.0,0.0,0.0,0.0,4.903999999999996,0.0,0.0,-4.907,0.0,0.0,0.0,0.0,0.0,-0.003000000000007219,0.0,0.0
LEU  52,R LEU  52,0.0,0.0,0.0,-0.0010000000000012221,0.0,0.0,0.009000000000000341,0.0,0.0,-0.009000000000000008,0.0,0.0,0.0,0.0,0.0,-0.0010000000000047748,0.0,0.0
ASN  53,R ASN  53,0.0,0.0,0.0,0.0,0.0,0.0,0.09000000000000341,0.0,0.0,-0.0909999999999993,0.0,0.0,0.0,0.0,0.0,-0.000999999999990564,0.0,0.0
THR  54,R THR  54,0.0,0.0,0.0,-0.001000000000000334,0.0,0.0,0.007999999999995566,0.0,0.0,-0.008000000000000007,0.0,0.0,0.0,0.0,0.0,-0.0010000000000012221,0.0,0.0
MET  55,R MET  55,0.0,0.0,0.0,-0.0019999999999988916,0.0,0.0,0.016000000000005343,0.0,0.0,-0.01200000000000001,0.0,0.0,0.0,0.0,0.0,0.002000000000010438,0.0,0.0
LEU  56,R LEU  56,0.0,0.0,0.0,-0.0009999999999994458,0.0,0.0,-0.0010000000000047748,0.0,0.0,0.0020000000000000018,0.0,0.0,0.0,0.0,0.0,-3.552713678800501e-15,0.0,0.0
ASN  57,R ASN  57,0.0,0.0,0.0,-0.001000000000000334,0.0,0.0,0.0730000000000075,0.0,0.0,-0.07399999999999984,0.0,0.0,0.0,0.0,0.0,-0.001999999999995339,0.0,0.0
THR  58,R THR  58,0.0,0.0,0.0,-0.0019999999999997797,0.0,0.0,0.0020000000000024443,0.0,0.0,0.0009999999999994458,0.0,0.0,0.0,0.0,0.0,0.0009999999999976694,0.0,0.0
VAL  59,R VAL  59,0.0,0.0,0.0,-0.0030000000000001137,0.0,0.0,0.030999999999998806,0.0,0.0,-0.027000000000000135,0.0,0.0,0.0,0.0,0.0,0.0009999999999976694,0.0,0.0
ALA  60,R ALA  60,0.0,0.0,0.0,0.0,0.0,0.0,0.049000000000006594,0.0,0.0,-0.04800000000000004,0.0,0.0,0.0,0.0,0.0,0.0010000000000047748,0.0,0.0
PRO  61,R PRO  61,0.0,0.0,0.0,-0.0009999999999994458,0.0,0.0,0.014000000000002899,0.0,0.0,-0.0129999999999999,0.0,0.0,0.0,0.0,0.0,-3.552713678800501e-15,0.0,0.0
HID  62,R HID  62,0.0,0.0,0.0,-0.0030000000000001137,0.0,0.0,-0.03700000000000614,0.0,0.0,0.049000000000001265,0.0,0.0,0.0,0.0,0.0,0.008999999999995012,0.0,0.0
GLN  63,R GLN  63,0.0,0.0,0.0,-0.006999999999999673,0.0,0.0,0.09299999999999642,0.0,0.0,-0.038000000000000256,0.0,0.0,0.0,0.0,0.0,0.047999999999994714,0.0,0.0
ALA  64,R ALA  64,0.0,0.0,0.0,-0.0030000000000001137,0.0,0.0,0.008000000000009777,0.0,0.0,-0.002000000000000668,0.0,0.0,0.0,0.0,0.0,0.0030000000000089955,0.0,0.0
ALA  65,R ALA  65,0.0,0.0,0.0,-0.0030000000000001137,0.0,0.0,0.05000000000001137,0.0,0.0,-0.04600000000000004,0.0,0.0,0.0,0.0,0.0,0.001000000000010992,0.0,0.0
ALA  66,R ALA  66,0.0,0.0,0.0,-0.0019999999999997797,0.0,0.0,0.021000000000000796,0.0,0.0,-0.020000000000000018,0.0,0.0,0.0,0.0,0.0,-0.0009999999999950049,0.0,0.0
GLN  67,R GLN  67,0.0,0.0,0.0,-0.0019999999999997797,0.0,0.0,0.01099999999999568,0.0,0.0,-0.008999999999996788,0.0,0.0,0.0,0.0,0.0,7.105427357601002e-15,0.0,0.0
MET  68,R MET  68,0.0,0.0,0.0,-0.0039999999999995595,0.0,0.0,-0.08100000000000307,0.0,0.0,0.08700000000000019,0.0,0.0,0.0,0.0,0.0,0.0019999999999926743,0.0,0.0
LEU  69,R LEU  69,0.0,0.0,0.0,-0.0030000000000001137,0.0,0.0,0.057999999999992724,0.0,0.0,-0.05900000000000016,0.0,0.0,0.0,0.0,0.0,-0.004000000000022652,0.0,0.0
LYS  70,R LYS  70,0.0,0.0,0.0,-0.0009999999999994458,0.0,0.0,-5.408000000000001,0.0,0.0,5.408000000000001,0.0,0.0,0.0,0.0,0.0,-0.0010000000000047748,0.0,0.0
GLU  71,R GLU  71,0.0,0.0,0.0,-0.002000000000000668,0.0,0.0,6.422000000000004,0.0,0.0,-6.417000000000002,0.0,0.0,0.0,0.0,0.0,0.003000000000007219,0.0,0.0
THR  72,R THR  72,0.0,0.0,0.0,-0.002000000000000668,0.0,0.0,0.0379999999999967,0.0,0.0,-0.03500000000000014,0.0,0.0,0.0,0.0,0.0,0.0009999999999941167,0.0,0.0
ILE  73,R ILE  73,0.0,0.0,0.0,-0.0019999999999988916,0.0,0.0,0.015000000000000568,0.0,0.0,-0.0129999999999999,0.0,0.0,0.0,0.0,0.0,5.329070518200751e-15,0.0,0.0
ASN  74,R ASN  74,0.0,0.0,0.0,-0.0009999999999994458,0.0,0.0,-0.13700000000000045,0.0,0.0,0.1379999999999999,0.0,0.0,0.0,0.0,0.0,0.0,0.0,0.0
GLU  75,R GLU  75,0.0,0.0,0.0,-0.001000000000000334,0.0,0.0,5.975000000000001,0.0,0.0,-5.972999999999999,0.0,0.0,0.0,0.0,0.0,0.0009999999999976694,0.0,0.0
GLU  76,R GLU  76,0.0,0.0,0.0,-0.0010000000000012221,0.0,0.0,6.975000000000001,0.0,0.0,-6.963999999999999,0.0,0.0,0.0,0.0,0.0,0.00999999999999801,0.0,0.0
ALA  77,R ALA  77,0.0,0.0,0.0,0.0,0.0,0.0,-0.036000000000001364,0.0,0.0,0.03600000000000003,0.0,0.0,0.0,0.0,0.0,-1.3322676295501878e-15,0.0,0.0
ALA  78,R ALA  78,0.0,0.0,0.0,-0.001000000000000334,0.0,0.0,-0.0660000000000025,0.0,0.0,0.066,0.0,0.0,0.0,0.0,0.0,-0.0009999999999932285,0.0,0.0
GLU  79,R GLU  79,0.0,0.0,0.0,0.0,0.0,0.0,6.076000000000008,0.0,0.0,-6.072999999999993,0.0,0.0,0.0,0.0,0.0,0.0030000000000143245,0.0,0.0
TRP  80,R TRP  80,0.0,0.0,0.0,-0.0009999999999994458,0.0,0.0,0.02599999999999625,0.0,0.0,-0.02499999999999991,0.0,0.0,0.0,0.0,0.0,-8.881784197001252e-15,0.0,0.0
ASP  81,R ASP  81,0.0,0.0,0.0,0.0,0.0,0.0,5.224000000000004,0.0,0.0,-5.222999999999999,0.0,0.0,0.0,0.0,0.0,0.0010000000000047748,0.0,0.0
ARG  82,R ARG  82,0.0,0.0,0.0,-0.001000000000000334,0.0,0.0,-5.715000000000002,0.0,0.0,5.713000000000001,0.0,0.0,0.0,0.0,0.0,-0.002999999999985903,0.0,0.0
LEU  83,R LEU  83,0.0,0.0,0.0,0.0,0.0,0.0,-0.04800000000000182,0.0,0.0,0.04800000000000004,0.0,0.0,0.0,0.0,0.0,0.0,0.0,0.0
HID  84,R HID  84,0.0,0.0,0.0,0.0,0.0,0.0,0.013999999999995794,0.0,0.0,-0.013999999999999346,0.0,0.0,0.0,0.0,0.0,-7.105427357601002e-15,0.0,0.0
PRO  85,R PRO  85,0.0,0.0,0.0,0.0,0.0,0.0,0.030999999999998806,0.0,0.0,-0.030999999999999694,0.0,0.0,0.0,0.0,0.0,0.0,0.0,0.0
VAL  86,R VAL  86,0.0,0.0,0.0,0.0,0.0,0.0,0.00999999999999801,0.0,0.0,-0.009999999999999787,0.0,0.0,0.0,0.0,0.0,0.0,0.0,0.0
HID  87,R HID  87,0.0,0.0,0.0,0.0,0.0,0.0,-0.04099999999999682,0.0,0.0,0.04100000000000037,0.0,0.0,0.0,0.0,0.0,3.552713678800501e-15,0.0,0.0
ALA  88,R ALA  88,0.0,0.0,0.0,0.0,0.0,0.0,-0.021000000000000796,0.0,0.0,0.02099999999999902,0.0,0.0,0.0,0.0,0.0,-1.7763568394002505e-15,0.0,0.0
GLY  89,R GLY  89,0.0,0.0,0.0,0.0,0.0,0.0,0.049000000000006594,0.0,0.0,-0.04899999999999949,0.0,0.0,0.0,0.0,0.0,7.105427357601002e-15,0.0,0.0
PRO  90,R PRO  90,0.0,0.0,0.0,0.0,0.0,0.0,0.008000000000002672,0.0,0.0,-0.007999999999999119,0.0,0.0,0.0,0.0,0.0,3.552713678800501e-15,0.0,0.0
ILE  91,R ILE  91,0.0,0.0,0.0,0.0,0.0,0.0,-0.009000000000000341,0.0,0.0,0.009000000000000341,0.0,0.0,0.0,0.0,0.0,0.0,0.0,0.0
ALA  92,R ALA  92,0.0,0.0,0.0,0.0,0.0,0.0,0.022999999999996135,0.0,0.0,-0.02300000000000013,0.0,0.0,0.0,0.0,0.0,-3.552713678800501e-15,0.0,0.0
PRO  93,R PRO  93,0.0,0.0,0.0,0.0,0.0,0.0,0.02400000000000091,0.0,0.0,-0.02400000000000002,0.0,0.0,0.0,0.0,0.0,0.0,0.0,0.0
GLY  94,R GLY  94,0.0,0.0,0.0,0.0,0.0,0.0,0.0040000000000048885,0.0,0.0,-0.0039999999999995595,0.0,0.0,0.0,0.0,0.0,5.329070518200751e-15,0.0,0.0
GLN  95,R GLN  95,0.0,0.0,0.0,-0.001000000000000334,0.0,0.0,0.008000000000009777,0.0,0.0,-0.007999999999999119,0.0,0.0,0.0,0.0,0.0,-0.0009999999999834586,0.0,0.0
MET  96,R MET  96,0.0,0.0,0.0,0.0,0.0,0.0,-0.02600000000001046,0.0,0.0,0.026999999999999913,0.0,0.0,0.0,0.0,0.0,0.000999999999990564,0.0,0.0
ARG  97,R ARG  97,0.0,0.0,0.0,0.0,0.0,0.0,-4.567,0.0,0.0,4.567,0.0,0.0,0.0,0.0,0.0,0.0,0.0,0.0
GLU  98,R GLU  98,0.0,0.0,0.0,0.0,0.0,0.0,4.783000000000001,0.0,0.0,-4.780999999999999,0.0,0.0,0.0,0.0,0.0,0.0020000000000024443,0.0,0.0
PRO  99,R PRO  99,0.0,0.0,0.0,-0.0009999999999994458,0.0,0.0,0.01899999999999835,0.0,0.0,-0.019999999999999574,0.0,0.0,0.0,0.0,0.0,-0.001999999999991786,0.0,0.0
ARG 100,R ARG 100,0.0,0.0,0.0,-0.0009999999999994458,0.0,0.0,-4.961000000000002,0.0,0.0,4.9609999999999985,0.0,0.0,0.0,0.0,0.0,-0.0010000000000331966,0.0,0.0
GLY 101,R GLY 101,0.0,0.0,0.0,0.0,0.0,0.0,0.01100000000000989,0.0,0.0,-0.01100000000000012,0.0,0.0,0.0,0.0,0.0,8.881784197001252e-15,0.0,0.0
SER 102,R SER 102,0.0,0.0,0.0,0.0,0.0,0.0,0.02199999999999136,0.0,0.0,-0.02200000000000002,0.0,0.0,0.0,0.0,0.0,-8.881784197001252e-15,0.0,0.0
ASP 103,R ASP 103,0.0,0.0,0.0,0.0,0.0,0.0,4.837000000000003,0.0,0.0,-4.836999999999996,0.0,0.0,0.0,0.0,0.0,7.105427357601002e-15,0.0,0.0
ILE 104,R ILE 104,0.0,0.0,0.0,0.0,0.0,0.0,-0.02400000000000091,0.0,0.0,0.02499999999999991,0.0,0.0,0.0,0.0,0.0,0.0009999999999994458,0.0,0.0
ALA 105,R ALA 105,0.0,0.0,0.0,-0.001000000000000334,0.0,0.0,-0.005000000000009663,0.0,0.0,0.0040000000000000036,0.0,0.0,0.0,0.0,0.0,-0.0020000000000139906,0.0,0.0
GLY 106,R GLY 106,0.0,0.0,0.0,0.0,0.0,0.0,-0.02200000000000557,0.0,0.0,0.021999999999999797,0.0,0.0,0.0,0.0,0.0,-5.329070518200751e-15,0.0,0.0
THR 107,R THR 107,0.0,0.0,0.0,0.0,0.0,0.0,-0.05799999999999983,0.0,0.0,0.05799999999999983,0.0,0.0,0.0,0.0,0.0,0.0,0.0,0.0
THR 108,R THR 108,0.0,0.0,0.0,0.0,0.0,0.0,-0.006000000000000227,0.0,0.0,0.005999999999999783,0.0,0.0,0.0,0.0,0.0,-3.552713678800501e-15,0.0,0.0
SER 109,R SER 109,0.0,0.0,0.0,0.0,0.0,0.0,0.015999999999991132,0.0,0.0,-0.01499999999999968,0.0,0.0,0.0,0.0,0.0,0.0009999999999914522,0.0,0.0
THR 110,R THR 110,0.0,0.0,0.0,0.0,0.0,0.0,0.018000000000000682,0.0,0.0,-0.019000000000000128,0.0,0.0,0.0,0.0,0.0,-0.0009999999999976694,0.0,0.0
LEU 111,R LEU 111,0.0,0.0,0.0,0.0,0.0,0.0,0.016999999999995907,0.0,0.0,-0.017000000000000126,0.0,0.0,0.0,0.0,0.0,-3.552713678800501e-15,0.0,0.0
GLN 112,R GLN 112,0.0,0.0,0.0,0.0,0.0,0.0,0.030000000000001137,0.0,0.0,-0.030000000000001137,0.0,0.0,0.0,0.0,0.0,0.0,0.0,0.0
GLU 113,R GLU 113,0.0,0.0,0.0,0.0,0.0,0.0,4.551000000000002,0.0,0.0,-4.550999999999995,0.0,0.0,0.0,0.0,0.0,7.105427357601002e-15,0.0,0.0
GLN 114,R GLN 114,0.0,0.0,0.0,0.0,0.0,0.0,0.01300000000000523,0.0,0.0,-0.01399999999999979,0.0,0.0,0.0,0.0,0.0,-0.0009999999999976694,0.0,0.0
ILE 115,R ILE 115,0.0,0.0,0.0,0.0,0.0,0.0,0.021000000000000796,0.0,0.0,-0.02100000000000002,0.0,0.0,0.0,0.0,0.0,1.7763568394002505e-15,0.0,0.0
GLY 116,R GLY 116,0.0,0.0,0.0,0.0,0.0,0.0,0.0,0.0,0.0,0.0,0.0,0.0,0.0,0.0,0.0,0.0,0.0,0.0
TRP 117,R TRP 117,0.0,0.0,0.0,-0.0010000000000012221,0.0,0.0,0.027000000000001023,0.0,0.0,-0.027000000000000135,0.0,0.0,0.0,0.0,0.0,-0.0010000000000029985,0.0,0.0
MET 118,R MET 118,0.0,0.0,0.0,0.0,0.0,0.0,0.02200000000000557,0.0,0.0,-0.02200000000000024,0.0,0.0,0.0,0.0,0.0,5.329070518200751e-15,0.0,0.0
THR 119,R THR 119,0.0,0.0,0.0,0.0,0.0,0.0,-0.012999999999998124,0.0,0.0,0.0129999999999999,0.0,0.0,0.0,0.0,0.0,3.552713678800501e-15,0.0,0.0
HID 120,R HID 120,0.0,0.0,0.0,0.0,0.0,0.0,-0.009000000000000341,0.0,0.0,0.008999999999998565,0.0,0.0,0.0,0.0,0.0,-1.7763568394002505e-15,0.0,0.0
ASN 121,R ASN 121,0.0,0.0,0.0,0.0,0.0,0.0,0.013999999999995794,0.0,0.0,-0.013999999999999346,0.0,0.0,0.0,0.0,0.0,0.0,0.0,0.0
PRO 122,R PRO 122,0.0,0.0,0.0,0.0,0.0,0.0,-0.035000000000003695,0.0,0.0,0.03500000000000014,0.0,0.0,0.0,0.0,0.0,-3.552713678800501e-15,0.0,0.0
PRO 123,R PRO 123,0.0,0.0,0.0,0.0,0.0,0.0,0.017000000000003013,0.0,0.0,-0.017000000000000348,0.0,0.0,0.0,0.0,0.0,1.7763568394002505e-15,0.0,0.0
ILE 124,R ILE 124,0.0,0.0,0.0,-0.0009999999999994458,0.0,0.0,-0.036000000000001364,0.0,0.0,0.03699999999999992,0.0,0.0,0.0,0.0,0.0,-7.105427357601002e-15,0.0,0.0
PRO 125,R PRO 125,0.0,0.0,0.0,0.0,0.0,0.0,0.036000000000001364,0.0,0.0,-0.03600000000000003,0.0,0.0,0.0,0.0,0.0,3.552713678800501e-15,0.0,0.0
VAL 126,R VAL 126,0.0,0.0,0.0,0.0,0.0,0.0,0.06199999999999761,0.0,0.0,-0.062000000000000055,0.0,0.0,0.0,0.0,0.0,-3.552713678800501e-15,0.0,0.0
GLY 127,R GLY 127,0.0,0.0,0.0,-0.001000000000000334,0.0,0.0,0.06300000000000239,0.0,0.0,-0.06299999999999994,0.0,0.0,0.0,0.0,0.0,-0.0009999999999878995,0.0,0.0
GLU 128,R GLU 128,0.0,0.0,0.0,-0.0009999999999994458,0.0,0.0,5.50500000000001,0.0,0.0,-5.5020000000000024,0.0,0.0,0.0,0.0,0.0,0.002000000000016655,0.0,0.0
ILE 129,R ILE 129,0.0,0.0,0.0,-0.0010000000000012221,0.0,0.0,0.11699999999999022,0.0,0.0,-0.11599999999999999,0.0,0.0,0.0,0.0,0.0,-1.4210854715202004e-14,0.0,0.0
TYR 130,R TYR 130,0.0,0.0,0.0,-0.0019999999999988916,0.0,0.0,0.1280000000000001,0.0,0.0,-0.12699999999999978,0.0,0.0,0.0,0.0,0.0,-0.000999999999995893,0.0,0.0
LYS 131,R LYS 131,0.0,0.0,0.0,-0.0030000000000001137,0.0,0.0,-5.25,0.0,0.0,5.2669999999999995,0.0,0.0,0.0,0.0,0.0,0.014000000000013557,0.0,0.0
ARG 132,R ARG 132,0.0,0.0,0.0,-0.0039999999999995595,0.0,0.0,-6.042000000000002,0.0,0.0,6.054000000000002,0.0,0.0,0.0,0.0,0.0,0.007999999999981355,0.0,0.0
TRP 133,R TRP 133,0.0,0.0,0.0,-0.0020000000000024443,0.0,0.0,0.11299999999999955,0.0,0.0,-0.11099999999999977,0.0,0.0,0.0,0.0,0.0,3.552713678800501e-15,0.0,0.0
ILE 134,R ILE 134,0.0,0.0,0.0,-0.0039999999999995595,0.0,0.0,0.14700000000000557,0.0,0.0,-0.1429999999999998,0.0,0.0,0.0,0.0,0.0,0.0,0.0,0.0
ILE 135,R ILE 135,0.0,0.0,0.0,-0.01499999999999968,0.0,0.0,0.18299999999999983,0.0,0.0,-0.16700000000000004,0.0,0.0,0.0,0.0,0.0,0.0009999999999994458,0.0,0.0
LEU 136,R LEU 136,0.0,0.0,0.0,-0.006999999999999673,0.0,0.0,0.2079999999999984,0.0,0.0,-0.20299999999999985,0.0,0.0,0.0,0.0,0.0,-0.0019999999999988916,0.0,0.0
GLY 137,R GLY 137,0.0,0.0,0.0,-0.004000000000000448,0.0,0.0,0.2330000000000041,0.0,0.0,-0.22400000000000003,0.0,0.0,0.0,0.0,0.0,0.004999999999999005,0.0,0.0
LEU 138,R LEU 138,0.0,0.0,0.0,-0.018000000000000682,0.0,0.0,0.26599999999999113,0.0,0.0,-0.23499999999999988,0.0,0.0,0.0,0.0,0.0,0.012999999999991019,0.0,0.0
ASN 139,R ASN 139,0.0,0.0,0.0,-0.02900000000000169,0.0,0.0,-0.29399999999999693,0.0,0.0,0.3949999999999996,0.0,0.0,0.0,0.0,0.0,0.07200000000000273,0.0,0.0
LYS 140,R LYS 140,0.0,0.0,0.0,-0.009000000000000341,0.0,0.0,-7.729000000000013,0.0,0.0,7.74,0.0,0.0,0.0,0.0,0.0,0.001999999999986457,0.0,0.0
ILE 141,R ILE 141,0.0,0.0,0.0,-0.015000000000000568,0.0,0.0,0.1700000000000017,0.0,0.0,-0.139,0.0,0.0,0.0,0.0,0.0,0.016000000000000902,0.0,0.0
VAL 142,R VAL 142,0.0,0.0,0.0,-0.07900000000000063,0.0,0.0,0.01300000000000523,0.0,0.0,0.05699999999999994,0.0,0.0,0.0,0.0,0.0,-0.008999999999995456,0.0,0.0
ARG 143,R ARG 143,0.0,0.0,0.0,-0.03500000000000014,0.0,0.0,-13.381,0.0,0.0,13.461000000000002,0.0,0.0,0.0,0.0,0.0,0.044999999999987494,0.0,0.0
MET 144,R MET 144,0.0,0.0,0.0,-0.01100000000000012,0.0,0.0,0.21999999999999886,0.0,0.0,-0.19099999999999984,0.0,0.0,0.0,0.0,0.0,0.017999999999989136,0.0,0.0
TYR 145,R TYR 145,0.0,0.0,0.0,-0.02800000000000047,0.0,0.0,0.05100000000000193,0.0,0.0,0.04099999999999859,0.0,0.0,0.0,0.0,0.0,0.06400000000000894,0.0,0.0
SER 146,R SER 146,0.0,0.0,0.0,-0.04599999999999982,0.0,0.0,0.22799999999999443,0.0,0.0,-0.0259999999999998,0.0,0.0,0.0,0.0,0.0,0.15600000000000236,0.0,0.0
PRO 147,R PRO 147,0.0,0.0,0.0,-0.20800000000000018,0.0,0.0,1.6450000000000031,0.0,0.0,-1.2749999999999995,0.0,0.0,0.0,0.0,0.0,0.16200000000000614,0.0,0.0
THR 148,R THR 148,0.0,0.0,0.0,-2.479,0.0,0.0,-0.7449999999999974,0.0,0.0,2.533999999999999,0.0,0.0,-0.3637958199999999,0.0,0.0,-1.0537958199999977,0.0,0.0
SER 149,R SER 149,0.0,0.0,0.0,-2.46,0.0,0.0,-9.639000000000003,0.0,0.0,9.236,0.0,0.0,-0.27820318,0.0,0.0,-3.141203179999996,0.0,0.0
ILE 150,R ILE 150,19.197000000000003,0.0,0.0,-8.552,0.0,0.0,-28.484,0.0,0.0,8.465,0.0,0.0,-1.2110719,0.0,0.0,-10.585071900000004,0.0,0.0
LEU 151,L LEU   1,19.317999999999998,0.0,0.0,-2.305,0.0,0.0,-25.28,0.0,0.0,0.9250000000000003,0.0,0.0,-0.27011654000000007,0.0,0.0,-7.612116540000002,0.0,0.0
ASP 152,L ASP   2,0.0,0.0,0.0,-1.6049999999999995,0.0,0.0,8.873999999999995,0.0,0.0,-8.754999999999995,0.0,0.0,-0.20610634000000005,0.0,0.0,-1.6921063399999952,0.0,0.0
ILE 153,L ILE   3,0.0,0.0,0.0,-2.7110000000000003,0.0,0.0,-1.7469999999999999,0.0,0.0,1.0359999999999998,0.0,0.0,-0.17982476000000003,0.0,0.0,-3.6018247599999977,0.0,0.0
ARG 154,L ARG   4,0.0,0.0,0.0,-0.2419999999999991,0.0,0.0,-11.977,0.0,0.0,12.221,0.0,0.0,-0.0014417199999999797,0.0,0.0,0.0005582800000070165,0.0,0.0
GLN 155,L GLN   5,0.0,0.0,0.0,-0.022999999999999687,0.0,0.0,-0.26300000000000523,0.0,0.0,0.2740000000000001,0.0,0.0,0.0,0.0,0.0,-0.012000000000000455,0.0,0.0
GLY 156,L GLY   6,0.0,0.0,0.0,-0.008000000000000007,0.0,0.0,-0.09199999999999875,0.0,0.0,0.10400000000000009,0.0,0.0,0.0,0.0,0.0,0.0040000000000048885,0.0,0.0
PRO 157,L PRO   7,0.0,0.0,0.0,-0.006000000000000227,0.0,0.0,-0.16399999999999437,0.0,0.0,0.1640000000000006,0.0,0.0,0.0,0.0,0.0,-0.005999999999993122,0.0,0.0
LYS 158,L LYS   8,0.0,0.0,0.0,-0.0050000000000003375,0.0,0.0,-9.576000000000008,0.0,0.0,9.581,0.0,0.0,0.0,0.0,0.0,-3.552713678800501e-15,0.0,0.0
GLU 159,L GLU   9,0.0,0.0,0.0,-0.021999999999999797,0.0,0.0,14.184000000000012,0.0,0.0,-14.015,0.0,0.0,0.0,0.0,0.0,0.14700000000001978,0.0,0.0
PRO 160,L PRO  10,0.0,0.0,0.0,-0.006999999999999673,0.0,0.0,0.4280000000000044,0.0,0.0,-0.41900000000000004,0.0,0.0,0.0,0.0,0.0,0.0020000000000148788,0.0,0.0
PHE 161,L PHE  11,0.0,0.0,0.0,-0.010999999999999233,0.0,0.0,0.46999999999999886,0.0,0.0,-0.45399999999999996,0.0,0.0,0.0,0.0,0.0,0.005000000000002558,0.0,0.0
ARG 162,L ARG  12,0.0,0.0,0.0,-0.009999999999999787,0.0,0.0,-8.271,0.0,0.0,8.282,0.0,0.0,0.0,0.0,0.0,0.0010000000000047748,0.0,0.0
ASP 163,L ASP  13,0.0,0.0,0.0,-0.017999999999999794,0.0,0.0,13.270999999999994,0.0,0.0,-13.093000000000004,0.0,0.0,0.0,0.0,0.0,0.15999999999998948,0.0,0.0
TYR 164,L TYR  14,0.0,0.0,0.0,-0.08100000000000307,0.0,0.0,0.06700000000000728,0.0,0.0,-0.019000000000000128,0.0,0.0,0.0,0.0,0.0,-0.032999999999994145,0.0,0.0
VAL 165,L VAL  15,0.0,0.0,0.0,-0.02999999999999936,0.0,0.0,0.3739999999999952,0.0,0.0,-0.3680000000000003,0.0,0.0,0.0,0.0,0.0,-0.02400000000000624,0.0,0.0
ASP 166,L ASP  16,0.0,0.0,0.0,-0.06200000000000028,0.0,0.0,15.955000000000013,0.0,0.0,-15.586999999999996,0.0,0.0,0.0,0.0,0.0,0.3060000000000187,0.0,0.0
ARG 167,L ARG  17,0.0,0.0,0.0,-0.32399999999999984,0.0,0.0,-17.33,0.0,0.0,17.815,0.0,0.0,-0.029376400000000025,0.0,0.0,0.1316235999999833,0.0,0.0
PHE 168,L PHE  18,0.0,0.0,0.0,-0.9169999999999998,0.0,0.0,-0.09799999999999898,0.0,0.0,0.242,0.0,0.0,-0.0232518,0.0,0.0,-0.7962518000000005,0.0,0.0
TYR 169,L TYR  19,0.0,0.0,0.0,-0.12599999999999945,0.0,0.0,0.4270000000000067,0.0,0.0,-0.2710000000000008,0.0,0.0,0.0,0.0,0.0,0.030000000000001137,0.0,0.0
LYS 170,L LYS  20,0.0,0.0,0.0,-0.6840000000000002,0.0,0.0,-20.187000000000012,0.0,0.0,21.072,0.0,0.0,-0.11272515999999999,0.0,0.0,0.08827483999998975,0.0,0.0
THR 171,L THR  21,0.0,0.0,0.0,-1.415,0.0,0.0,-0.054999999999999716,0.0,0.0,0.8410000000000002,0.0,0.0,-0.14890908000000003,0.0,0.0,-0.777909079999997,0.0,0.0
LEU 172,L LEU  22,0.0,0.0,0.0,-1.032,0.0,0.0,-0.2639999999999958,0.0,0.0,0.31599999999999984,0.0,0.0,-0.02053638,0.0,0.0,-1.0005363799999918,0.0,0.0
ARG 173,L ARG  23,0.0,0.0,0.0,-2.4810000000000008,0.0,0.0,-36.792,0.0,0.0,35.098,0.0,0.0,-0.26346078000000017,0.0,0.0,-4.438460780000014,0.0,0.0
ALA 174,L ALA  24,0.0,0.0,0.0,-1.9469999999999992,0.0,0.0,-0.6110000000000042,0.0,0.0,1.5190000000000001,0.0,0.0,-0.28415434000000006,0.0,0.0,-1.323154340000007,0.0,0.0
GLU 175,L GLU  25,0.0,0.0,0.0,-1.5919999999999996,0.0,0.0,4.7620000000000005,0.0,0.0,-2.543999999999997,0.0,0.0,-0.14908252,0.0,0.0,0.47691748000000445,0.0,0.0
GLN 176,L GLN  26,0.0,0.0,0.0,-1.013,0.0,0.0,2.530000000000001,0.0,0.0,-0.4900000000000002,0.0,0.0,-0.19985708000000013,0.0,0.0,0.8271429200000071,0.0,0.0
ALA 177,L ALA  27,0.0,0.0,0.0,-0.08999999999999986,0.0,0.0,0.5229999999999961,0.0,0.0,-0.4060000000000006,0.0,0.0,0.0,0.0,0.0,0.02699999999999214,0.0,0.0
SER 178,L SER  28,0.0,0.0,0.0,-0.01899999999999924,0.0,0.0,0.029000000000003467,0.0,0.0,0.01699999999999946,0.0,0.0,0.0,0.0,0.0,0.027000000000004576,0.0,0.0
GLN 179,L GLN  29,0.0,0.0,0.0,-0.016999999999999904,0.0,0.0,0.6359999999999957,0.0,0.0,-0.5640000000000001,0.0,0.0,0.0,0.0,0.0,0.05499999999999261,0.0,0.0
GLU 180,L GLU  30,0.0,0.0,0.0,-0.008000000000000007,0.0,0.0,8.567999999999998,0.0,0.0,-8.536999999999992,0.0,0.0,0.0,0.0,0.0,0.023000000000010346,0.0,0.0
VAL 181,L VAL  31,0.0,0.0,0.0,-0.04699999999999971,0.0,0.0,-0.0449999999999946,0.0,0.0,0.08899999999999997,0.0,0.0,0.0,0.0,0.0,-0.002999999999991676,0.0,0.0
LYS 182,L LYS  32,0.0,0.0,0.0,-0.05400000000000027,0.0,0.0,-12.60799999999999,0.0,0.0,12.744,0.0,0.0,0.0,0.0,0.0,0.08200000000000784,0.0,0.0
ASN 183,L ASN  33,0.0,0.0,0.0,-0.009999999999999787,0.0,0.0,0.21599999999999397,0.0,0.0,-0.19399999999999995,0.0,0.0,0.0,0.0,0.0,0.011999999999986244,0.0,0.0
TRP 184,L TRP  34,0.0,0.0,0.0,-0.025000000000000355,0.0,0.0,0.06700000000000728,0.0,0.0,-0.041999999999999815,0.0,0.0,0.0,0.0,0.0,0.0,0.0,0.0
MET 185,L MET  35,0.0,0.0,0.0,-0.7650000000000006,0.0,0.0,0.25500000000000966,0.0,0.0,-0.08799999999999997,0.0,0.0,-0.06490991999999998,0.0,0.0,-0.6629099199999908,0.0,0.0
THR 186,L THR  36,0.0,0.0,0.0,-0.02400000000000002,0.0,0.0,0.17099999999999937,0.0,0.0,-0.13,0.0,0.0,0.0,0.0,0.0,0.01699999999999946,0.0,0.0
GLU 187,L GLU  37,0.0,0.0,0.0,-0.006999999999999673,0.0,0.0,7.994,0.0,0.0,-7.964000000000013,0.0,0.0,0.0,0.0,0.0,0.022999999999996135,0.0,0.0
THR 188,L THR  38,0.0,0.0,0.0,-0.016000000000000014,0.0,0.0,-0.0519999999999996,0.0,0.0,0.095,0.0,0.0,0.0,0.0,0.0,0.027000000000004576,0.0,0.0
LEU 189,L LEU  39,0.0,0.0,0.0,-0.5589999999999993,0.0,0.0,-0.4350000000000023,0.0,0.0,0.278,0.0,0.0,-0.015598760000000003,0.0,0.0,-0.7315987600000007,0.0,0.0
LEU 190,L LEU  40,0.0,0.0,0.0,-0.06099999999999994,0.0,0.0,0.16800000000000637,0.0,0.0,-0.14100000000000001,0.0,0.0,0.0,0.0,0.0,-0.034000000000000696,0.0,0.0
VAL 191,L VAL  41,0.0,0.0,0.0,-0.009999999999999787,0.0,0.0,-0.06799999999999784,0.0,0.0,0.08299999999999999,0.0,0.0,0.0,0.0,0.0,0.005000000000004334,0.0,0.0
GLN 192,L GLN  42,0.0,0.0,0.0,-0.019000000000000128,0.0,0.0,-0.3719999999999999,0.0,0.0,0.43599999999999994,0.0,0.0,0.0,0.0,0.0,0.0449999999999946,0.0,0.0
ASN 193,L ASN  43,0.0,0.0,0.0,-0.18799999999999883,0.0,0.0,-1.4620000000000033,0.0,0.0,1.5799999999999996,0.0,0.0,0.0,0.0,0.0,-0.06999999999997897,0.0,0.0
ALA 194,L ALA  44,0.0,0.0,0.0,-0.009000000000000341,0.0,0.0,0.07200000000000273,0.0,0.0,-0.061,0.0,0.0,0.0,0.0,0.0,0.0020000000000024443,0.0,0.0
ASN 195,L ASN  45,0.0,0.0,0.0,-0.004000000000000448,0.0,0.0,-0.257000000000005,0.0,0.0,0.26400000000000023,0.0,0.0,0.0,0.0,0.0,0.0030000000000001137,0.0,0.0
PRO 196,L PRO  46,0.0,0.0,0.0,-0.0019999999999997797,0.0,0.0,-0.07400000000000517,0.0,0.0,0.07100000000000017,0.0,0.0,0.0,0.0,0.0,-0.0050000000000149925,0.0,0.0
ASP 197,L ASP  47,0.0,0.0,0.0,-0.001000000000000334,0.0,0.0,7.660000000000004,0.0,0.0,-7.649000000000001,0.0,0.0,0.0,0.0,0.0,0.010000000000012221,0.0,0.0
CYX 198,L CYX  48,0.0,0.0,0.0,-0.0030000000000001137,0.0,0.0,-0.1909999999999883,0.0,0.0,0.19399999999999995,0.0,0.0,0.0,0.0,0.0,1.0658141036401503e-14,0.0,0.0
LYS 199,L LYS  49,0.0,0.0,0.0,-0.0030000000000001137,0.0,0.0,-9.305000000000007,0.0,0.0,9.323,0.0,0.0,0.0,0.0,0.0,0.015000000000007674,0.0,0.0
THR 200,L THR  50,0.0,0.0,0.0,-0.0009999999999994458,0.0,0.0,-0.1490000000000009,0.0,0.0,0.14900000000000002,0.0,0.0,0.0,0.0,0.0,-0.0010000000000083276,0.0,0.0
ILE 201,L ILE  51,0.0,0.0,0.0,-0.0019999999999988916,0.0,0.0,-0.16399999999999437,0.0,0.0,0.16500000000000004,0.0,0.0,0.0,0.0,0.0,-0.0009999999999887876,0.0,0.0
LEU 202,L LEU  52,0.0,0.0,0.0,-0.002000000000000668,0.0,0.0,-0.15500000000000114,0.0,0.0,0.1559999999999997,0.0,0.0,0.0,0.0,0.0,-0.0009999999999967812,0.0,0.0
LYS 203,L LYS  53,0.0,0.0,0.0,-0.001000000000000334,0.0,0.0,-7.49199999999999,0.0,0.0,7.492000000000004,0.0,0.0,0.0,0.0,0.0,-0.000999999999990564,0.0,0.0
ALA 204,L ALA  54,0.0,0.0,0.0,-0.0009999999999998899,0.0,0.0,-0.09799999999999898,0.0,0.0,0.09700000000000042,0.0,0.0,0.0,0.0,0.0,-0.0019999999999891216,0.0,0.0
LEU 205,L LEU  55,0.0,0.0,0.0,-0.001000000000000334,0.0,0.0,-0.12299999999999045,0.0,0.0,0.12300000000000022,0.0,0.0,0.0,0.0,0.0,-0.0009999999999941167,0.0,0.0
GLY 206,L GLY  56,0.0,0.0,0.0,-0.001000000000000334,0.0,0.0,0.08799999999999386,0.0,0.0,-0.08699999999999974,0.0,0.0,0.0,0.0,0.0,-1.0658141036401503e-14,0.0,0.0
PRO 207,L PRO  57,0.0,0.0,0.0,-0.0009999999999998899,0.0,0.0,-0.0940000000000012,0.0,0.0,0.09500000000000064,0.0,0.0,0.0,0.0,0.0,-7.105427357601002e-15,0.0,0.0
GLY 208,L GLY  58,0.0,0.0,0.0,0.0,0.0,0.0,-0.11599999999999966,0.0,0.0,0.11699999999999999,0.0,0.0,0.0,0.0,0.0,0.001000000000000334,0.0,0.0
ALA 209,L ALA  59,0.0,0.0,0.0,-0.001000000000000334,0.0,0.0,0.09600000000000364,0.0,0.0,-0.09399999999999942,0.0,0.0,0.0,0.0,0.0,0.0009999999999994458,0.0,0.0
THR 210,L THR  60,0.0,0.0,0.0,-0.001000000000000334,0.0,0.0,0.0940000000000012,0.0,0.0,-0.0909999999999993,0.0,0.0,0.0,0.0,0.0,0.001999999999997115,0.0,0.0
LEU 211,L LEU  61,0.0,0.0,0.0,-0.0039999999999995595,0.0,0.0,0.012000000000000455,0.0,0.0,-0.008999999999999897,0.0,0.0,0.0,0.0,0.0,-0.0009999999999976694,0.0,0.0
GLU 212,L GLU  62,0.0,0.0,0.0,-0.0019999999999997797,0.0,0.0,8.018,0.0,0.0,-7.9950000000000045,0.0,0.0,0.0,0.0,0.0,0.021000000000000796,0.0,0.0
GLU 213,L GLU  63,0.0,0.0,0.0,-0.001000000000000334,0.0,0.0,6.773000000000003,0.0,0.0,-6.768000000000001,0.0,0.0,0.0,0.0,0.0,0.003999999999997783,0.0,0.0
MET 214,L MET  64,0.0,0.0,0.0,-0.0039999999999995595,0.0,0.0,-0.009000000000000341,0.0,0.0,0.016000000000000014,0.0,0.0,0.0,0.0,0.0,0.0029999999999947846,0.0,0.0
MET 215,L MET  65,0.0,0.0,0.0,-0.004999999999999005,0.0,0.0,0.117999999999995,0.0,0.0,-0.11300000000000021,0.0,0.0,0.0,0.0,0.0,-4.440892098500626e-16,0.0,0.0
THR 216,L THR  66,0.0,0.0,0.0,-0.001000000000000334,0.0,0.0,0.04299999999999926,0.0,0.0,-0.04100000000000015,0.0,0.0,0.0,0.0,0.0,0.0010000000000029985,0.0,0.0
ALA 217,L ALA  67,0.0,0.0,0.0,-0.001000000000000334,0.0,0.0,-0.015999999999998238,0.0,0.0,0.017999999999999794,0.0,0.0,0.0,0.0,0.0,0.001000000000010992,0.0,0.0
CYX 218,L CYX  68,0.0,0.0,0.0,-0.002000000000000668,0.0,0.0,0.027999999999991587,0.0,0.0,-0.02300000000000013,0.0,0.0,0.0,0.0,0.0,0.002999999999996117,0.0,0.0
GLN 219,L GLN  69,0.0,0.0,0.0,-0.0030000000000001137,0.0,0.0,0.3439999999999941,0.0,0.0,-0.33399999999999963,0.0,0.0,0.0,0.0,0.0,0.006999999999997897,0.0,0.0
GLY 220,L GLY  70,0.0,0.0,0.0,-0.0009999999999998899,0.0,0.0,0.19599999999999795,0.0,0.0,-0.19399999999999906,0.0,0.0,0.0,0.0,0.0,0.0009999999999941167,0.0,0.0
VAL 221,L VAL  71,0.0,0.0,0.0,-0.001000000000000112,0.0,0.0,6.942,0.0,0.0,-6.935999999999993,0.0,0.0,0.0,0.0,0.0,0.005000000000023874,0.0,0.0

idecomp = 1: Per-residue decomp adding 1-4 interactions to Internal.
Energy Decomposition Analysis (All units kcal/mol): Poisson Boltzmann solvent
Complex:
Total Energy Decomposition:
Residue,Internal,,,van der Waals,,,Electrostatic,,,Polar Solvation,,,Non-Polar Solv.,,,TOTAL,,
,Avg.,Std. Dev.,Std. Err. of Mean,Avg.,Std. Dev.,Std. Err. of Mean,Avg.,Std. Dev.,Std. Err. of Mean,Avg.,Std. Dev.,Std. Err. of Mean,Avg.,Std. Dev.,Std. Err. of Mean,Avg.,Std. Dev.,Std. Err. of Mean
PRO   1,103.135,0.0,0.0,-5.096,0.0,0.0,-114.39,0.0,0.0,10.894,0.0,0.0,0.0,0.0,0.0,-5.456999999999999,0.0,0.0
ILE   2,93.783,0.0,0.0,-7.172,0.0,0.0,-70.092,0.0,0.0,-2.362,0.0,0.0,0.0,0.0,0.0,14.157000000000005,0.0,0.0
VAL   3,61.377,0.0,0.0,-5.819,0.0,0.0,-60.061,0.0,0.0,-1.367,0.0,0.0,0.0,0.0,0.0,-5.87,0.0,0.0
GLN   4,27.242,0.0,0.0,-6.414,0.0,0.0,-59.932,0.0,0.0,-10.478,0.0,0.0,0.0,0.0,0.0,-49.582,0.0,0.0
ASN   5,34.16,0.0,0.0,-5.876,0.0,0.0,-76.804,0.0,0.0,-13.383,0.0,0.0,0.0,0.0,0.0,-61.903000000000006,0.0,0.0
LEU   6,65.005,0.0,0.0,-3.663,0.0,0.0,-64.579,0.0,0.0,-8.117,0.0,0.0,0.0,0.0,0.0,-11.353999999999996,0.0,0.0
GLN   7,32.411,0.0,0.0,-4.816,0.0,0.0,-71.025,0.0,0.0,-12.278,0.0,0.0,0.0,0.0,0.0,-55.708000000000006,0.0,0.0
GLY   8,75.987,0.0,0.0,-3.894,0.0,0.0,-74.937,0.0,0.0,-2.663,0.0,0.0,0.0,0.0,0.0,-5.5070000000000086,0.0,0.0
GLN   9,41.732,0.0,0.0,-5.145,0.0,0.0,-76.141,0.0,0.0,-10.283,0.0,0.0,0.0,0.0,0.0,-49.837,0.0,0.0
MET  10,105.562,0.0,0.0,-9.709,0.0,0.0,-78.761,0.0,0.0,-4.81,0.0,0.0,0.0,0.0,0.0,12.282,0.0,0.0
VAL  11,49.047,0.0,0.0,-6.454,0.0,0.0,-54.273,0.0,0.0,-1.446,0.0,0.0,0.0,0.0,0.0,-13.126000000000007,0.0,0.0
HID  12,87.204,0.0,0.0,-9.872,0.0,0.0,-60.257,0.0,0.0,-7.438,0.0,0.0,0.0,0.0,0.0,9.636999999999997,0.0,0.0
GLN  13,36.107,0.0,0.0,-5.305,0.0,0.0,-71.724,0.0,0.0,-12.824,0.0,0.0,0.0,0.0,0.0,-53.746,0.0,0.0
ALA  14,98.45,0.0,0.0,-4.132,0.0,0.0,-81.344,0.0,0.0,-2.183,0.0,0.0,0.0,0.0,0.0,10.791000000000004,0.0,0.0
ILE  15,95.621,0.0,0.0,-9.543,0.0,0.0,-73.574,0.0,0.0,-4.069,0.0,0.0,0.0,0.0,0.0,8.435000000000006,0.0,0.0
SER  16,68.935,0.0,0.0,-4.71,0.0,0.0,-51.127,0.0,0.0,-8.162,0.0,0.0,0.0,0.0,0.0,4.936000000000005,0.0,0.0
PRO  17,90.839,0.0,0.0,-4.754,0.0,0.0,-61.134,0.0,0.0,-2.801,0.0,0.0,0.0,0.0,0.0,22.14999999999999,0.0,0.0
ARG  18,-176.307,0.0,0.0,-5.848,0.0,0.0,64.04,0.0,0.0,-42.109,0.0,0.0,0.0,0.0,0.0,-160.224,0.0,0.0
THR  19,43.816,0.0,0.0,-8.93,0.0,0.0,-55.096,0.0,0.0,-5.073,0.0,0.0,0.0,0.0,0.0,-25.282999999999994,0.0,0.0
LEU  20,57.144,0.0,0.0,-10.577,0.0,0.0,-57.32,0.0,0.0,-2.318,0.0,0.0,0.0,0.0,0.0,-13.071,0.0,0.0
ASN  21,26.011,0.0,0.0,-6.623,0.0,0.0,-71.427,0.0,0.0,-17.043,0.0,0.0,0.0,0.0,0.0,-69.08200000000001,0.0,0.0
ALA  22,97.593,0.0,0.0,-5.324,0.0,0.0,-84.643,0.0,0.0,-1.159,0.0,0.0,0.0,0.0,0.0,6.467000000000005,0.0,0.0
TRP  23,129.506,0.0,0.0,-15.889,0.0,0.0,-98.161,0.0,0.0,-1.066,0.0,0.0,0.0,0.0,0.0,14.390000000000002,0.0,0.0
VAL  24,60.071,0.0,0.0,-5.274,0.0,0.0,-55.881,0.0,0.0,-4.372,0.0,0.0,0.0,0.0,0.0,-5.456000000000003,0.0,0.0
LYS  25,134.368,0.0,0.0,-5.923,0.0,0.0,-117.083,0.0,0.0,-13.986,0.0,0.0,0.0,0.0,0.0,-2.624000000000006,0.0,0.0
VAL  26,64.388,0.0,0.0,-8.927,0.0,0.0,-67.808,0.0,0.0,-2.027,0.0,0.0,0.0,0.0,0.0,-14.374000000000002,0.0,0.0
VAL  27,45.241,0.0,0.0,-7.861,0.0,0.0,-49.719,0.0,0.0,-1.125,0.0,0.0,0.0,0.0,0.0,-13.463999999999999,0.0,0.0
GLU  28,96.998,0.0,0.0,-6.541,0.0,0.0,-55.431,0.0,0.0,-99.598,0.0,0.0,0.0,0.0,0.0,-64.57199999999999,0.0,0.0
GLU  29,110.504,0.0,0.0,-5.739,0.0,0.0,-82.165,0.0,0.0,-78.107,0.0,0.0,0.0,0.0,0.0,-55.507000000000005,0.0,0.0
LYS  30,121.159,0.0,0.0,-5.559,0.0,0.0,-114.032,0.0,0.0,-4.649,0.0,0.0,0.0,0.0,0.0,-3.080999999999988,0.0,0.0
ALA  31,86.798,0.0,0.0,-3.341,0.0,0.0,-79.663,0.0,0.0,-0.643,0.0,0.0,0.0,0.0,0.0,3.1510000000000113,0.0,0.0
PHE  32,106.637,0.0,0.0,-9.259,0.0,0.0,-81.272,0.0,0.0,-2.464,0.0,0.0,0.0,0.0,0.0,13.641999999999994,0.0,0.0
SER  33,87.431,0.0,0.0,-3.577,0.0,0.0,-68.058,0.0,0.0,-0.911,0.0,0.0,0.0,0.0,0.0,14.884999999999993,0.0,0.0
PRO  34,72.836,0.0,0.0,-6.352,0.0,0.0,-56.714,0.0,0.0,-0.785,0.0,0.0,0.0,0.0,0.0,8.984999999999996,0.0,0.0
GLU  35,108.333,0.0,0.0,-8.943,0.0,0.0,-109.839,0.0,0.0,-36.763,0.0,0.0,0.0,0.0,0.0,-47.211999999999996,0.0,0.0
VAL  36,53.24,0.0,0.0,-8.408,0.0,0.0,-59.72,0.0,0.0,0.759,0.0,0.0,0.0,0.0,0.0,-14.128999999999998,0.0,0.0
ILE  37,83.618,0.0,0.0,-6.158,0.0,0.0,-60.715,0.0,0.0,-0.316,0.0,0.0,0.0,0.0,0.0,16.42899999999999,0.0,0.0
PRO  38,80.741,0.0,0.0,-5.369,0.0,0.0,-59.371,0.0,0.0,-2.067,0.0,0.0,0.0,0.0,0.0,13.933999999999997,0.0,0.0
MET  39,87.232,0.0,0.0,-9.122,0.0,0.0,-71.774,0.0,0.0,-1.933,0.0,0.0,0.0,0.0,0.0,4.402999999999999,0.0,0.0
PHE  40,102.007,0.0,0.0,-13.593,0.0,0.0,-83.241,0.0,0.0,-0.808,0.0,0.0,0.0,0.0,0.0,4.365000000000002,0.0,0.0
SER  41,59.529,0.0,0.0,-3.827,0.0,0.0,-50.799,0.0,0.0,-4.919,0.0,0.0,0.0,0.0,0.0,-0.015999999999993797,0.0,0.0
ALA  42,83.31,0.0,0.0,-4.862,0.0,0.0,-66.07,0.0,0.0,-3.153,0.0,0.0,0.0,0.0,0.0,9.225000000000014,0.0,0.0
LEU  43,71.471,0.0,0.0,-10.554,0.0,0.0,-75.099,0.0,0.0,-1.619,0.0,0.0,0.0,0.0,0.0,-15.801000000000002,0.0,0.0
SER  44,72.011,0.0,0.0,-7.846,0.0,0.0,-77.238,0.0,0.0,0.422,0.0,0.0,0.0,0.0,0.0,-12.651000000000007,0.0,0.0
GLU  45,101.911,0.0,0.0,-5.699,0.0,0.0,-71.66,0.0,0.0,-81.227,0.0,0.0,0.0,0.0,0.0,-56.675,0.0,0.0
GLY  46,67.828,0.0,0.0,-2.471,0.0,0.0,-69.033,0.0,0.0,0.029,0.0,0.0,0.0,0.0,0.0,-3.647000000000002,0.0,0.0
ALA  47,100.512,0.0,0.0,-6.601,0.0,0.0,-87.277,0.0,0.0,-1.735,0.0,0.0,0.0,0.0,0.0,4.899,0.0,0.0
THR  48,58.757,0.0,0.0,-8.706,0.0,0.0,-58.715,0.0,0.0,0.485,0.0,0.0,0.0,0.0,0.0,-8.179000000000002,0.0,0.0
PRO  49,80.607,0.0,0.0,-11.317,0.0,0.0,-54.506,0.0,0.0,0.798,0.0,0.0,0.0,0.0,0.0,15.581999999999992,0.0,0.0
GLN  50,27.313,0.0,0.0,-9.702,0.0,0.0,-68.905,0.0,0.0,-6.681,0.0,0.0,0.0,0.0,0.0,-57.975,0.0,0.0
ASP  51,96.14,0.0,0.0,-9.041,0.0,0.0,-121.596,0.0,0.0,-14.759,0.0,0.0,0.0,0.0,0.0,-49.256,0.0,0.0
LEU  52,66.226,0.0,0.0,-13.98,0.0,0.0,-70.096,0.0,0.0,0.295,0.0,0.0,0.0,0.0,0.0,-17.555000000000007,0.0,0.0
ASN  53,37.888,0.0,0.0,-8.619,0.0,0.0,-99.185,0.0,0.0,-4.775,0.0,0.0,0.0,0.0,0.0,-74.691,0.0,0.0
THR  54,53.478,0.0,0.0,-7.644,0.0,0.0,-65.583,0.0,0.0,-1.11,0.0,0.0,0.0,0.0,0.0,-20.858999999999995,0.0,0.0
MET  55,85.017,0.0,0.0,-12.145,0.0,0.0,-66.047,0.0,0.0,-0.701,0.0,0.0,0.0,0.0,0.0,6.124000000000003,0.0,0.0
LEU  56,64.979,0.0,0.0,-10.546,0.0,0.0,-65.459,0.0,0.0,-1.344,0.0,0.0,0.0,0.0,0.0,-12.370000000000003,0.0,0.0
ASN  57,37.286,0.0,0.0,-5.878,0.0,0.0,-88.695,0.0,0.0,-12.612,0.0,0.0,0.0,0.0,0.0,-69.89899999999999,0.0,0.0
THR  58,53.968,0.0,0.0,-6.346,0.0,0.0,-62.184,0.0,0.0,-4.016,0.0,0.0,0.0,0.0,0.0,-18.577999999999996,0.0,0.0
VAL  59,43.68,0.0,0.0,-7.827,0.0,0.0,-43.091,0.0,0.0,-1.671,0.0,0.0,0.0,0.0,0.0,-8.908999999999999,0.0,0.0
ALA  60,91.416,0.0,0.0,-4.648,0.0,0.0,-64.404,0.0,0.0,-2.802,0.0,0.0,0.0,0.0,0.0,19.562000000000005,0.0,0.0
PRO  61,80.095,0.0,0.0,-4.278,0.0,0.0,-56.422,0.0,0.0,-3.134,0.0,0.0,0.0,0.0,0.0,16.260999999999996,0.0,0.0
HID  62,102.938,0.0,0.0,-7.065,0.0,0.0,-65.893,0.0,0.0,-11.618,0.0,0.0,0.0,0.0,0.0,18.362000000000002,0.0,0.0
GLN  63,30.433,0.0,0.0,-4.588,0.0,0.0,-63.843,0.0,0.0,-11.548,0.0,0.0,0.0,0.0,0.0,-49.54600000000001,0.0,0.0
ALA  64,83.719,0.0,0.0,-4.338,0.0,0.0,-68.633,0.0,0.0,-3.617,0.0,0.0,0.0,0.0,0.0,7.131000000000005,0.0,0.0
ALA  65,88.528,0.0,0.0,-5.882,0.0,0.0,-75.85,0.0,0.0,-0.839,0.0,0.0,0.0,0.0,0.0,5.957000000000006,0.0,0.0
ALA  66,93.952,0.0,0.0,-6.598,0.0,0.0,-81.458,0.0,0.0,-0.284,0.0,0.0,0.0,0.0,0.0,5.612000000000001,0.0,0.0
GLN  67,36.073,0.0,0.0,-5.891,0.0,0.0,-68.712,0.0,0.0,-15.582,0.0,0.0,0.0,0.0,0.0,-54.112,0.0,0.0
MET  68,93.05,0.0,0.0,-11.024,0.0,0.0,-73.568,0.0,0.0,-2.867,0.0,0.0,0.0,0.0,0.0,5.590999999999998,0.0,0.0
LEU  69,84.643,0.0,0.0,-11.674,0.0,0.0,-80.73,0.0,0.0,-2.61,0.0,0.0,0.0,0.0,0.0,-10.37100000000001,0.0,0.0
LYS  70,131.671,0.0,0.0,-8.394,0.0,0.0,-113.867,0.0,0.0,-14.35,0.0,0.0,0.0,0.0,0.0,-4.940000000000017,0.0,0.0
GLU  71,112.097,0.0,0.0,-7.163,0.0,0.0,-62.147,0.0,0.0,-107.533,0.0,0.0,0.0,0.0,0.0,-64.74600000000001,0.0,0.0
THR  72,48.219,0.0,0.0,-9.092,0.0,0.0,-57.253,0.0,0.0,-3.507,0.0,0.0,0.0,0.0,0.0,-21.633,0.0,0.0
ILE  73,71.76,0.0,0.0,-9.629,0.0,0.0,-49.765,0.0,0.0,-3.357,0.0,0.0,0.0,0.0,0.0,9.009000000000007,0.0,0.0
ASN  74,25.177,0.0,0.0,-7.507,0.0,0.0,-80.436,0.0,0.0,-10.235,0.0,0.0,0.0,0.0,0.0,-73.001,0.0,0.0
GLU  75,111.686,0.0,0.0,-7.753,0.0,0.0,-49.91,0.0,0.0,-113.714,0.0,0.0,0.0,0.0,0.0,-59.69099999999999,0.0,0.0
GLU  76,98.197,0.0,0.0,-9.025,0.0,0.0,-49.402,0.0,0.0,-98.965,0.0,0.0,0.0,0.0,0.0,-59.19500000000001,0.0,0.0
ALA  77,84.706,0.0,0.0,-7.863,0.0,0.0,-70.307,0.0,0.0,-2.261,0.0,0.0,0.0,0.0,0.0,4.275000000000001,0.0,0.0
ALA  78,95.524,0.0,0.0,-6.767,0.0,0.0,-85.288,0.0,0.0,0.729,0.0,0.0,0.0,0.0,0.0,4.198000000000008,0.0,0.0
GLU  79,105.437,0.0,0.0,-4.623,0.0,0.0,-63.726,0.0,0.0,-96.882,0.0,0.0,0.0,0.0,0.0,-59.79400000000001,0.0,0.0
TRP  80,114.057,0.0,0.0,-15.391,0.0,0.0,-86.271,0.0,0.0,-1.704,0.0,0.0,0.0,0.0,0.0,10.690999999999995,0.0,0.0
ASP  81,100.181,0.0,0.0,-7.124,0.0,0.0,-67.285,0.0,0.0,-72.885,0.0,0.0,0.0,0.0,0.0,-47.113,0.0,0.0
ARG  82,-195.554,0.0,0.0,-6.44,0.0,0.0,-16.713,0.0,0.0,49.152,0.0,0.0,0.0,0.0,0.0,-169.555,0.0,0.0
LEU  83,65.409,0.0,0.0,-5.954,0.0,0.0,-74.349,0.0,0.0,-2.958,0.0,0.0,0.0,0.0,0.0,-17.851999999999997,0.0,0.0
HID  84,119.279,0.0,0.0,-8.501,0.0,0.0,-72.994,0.0,0.0,-5.842,0.0,0.0,0.0,0.0,0.0,31.941999999999993,0.0,0.0
PRO  85,92.909,0.0,0.0,-4.612,0.0,0.0,-62.53,0.0,0.0,-4.121,0.0,0.0,0.0,0.0,0.0,21.646000000000008,0.0,0.0
VAL  86,47.86,0.0,0.0,-5.036,0.0,0.0,-46.055,0.0,0.0,-5.137,0.0,0.0,0.0,0.0,0.0,-8.368000000000002,0.0,0.0
HID  87,82.733,0.0,0.0,-4.705,0.0,0.0,-59.134,0.0,0.0,-7.925,0.0,0.0,0.0,0.0,0.0,10.969000000000005,0.0,0.0
ALA  88,97.195,0.0,0.0,-2.373,0.0,0.0,-73.889,0.0,0.0,-9.743,0.0,0.0,0.0,0.0,0.0,11.189999999999992,0.0,0.0
GLY  89,91.241,0.0,0.0,-2.187,0.0,0.0,-73.267,0.0,0.0,-5.877,0.0,0.0,0.0,0.0,0.0,9.910000000000007,0.0,0.0
PRO  90,83.226,0.0,0.0,-5.248,0.0,0.0,-56.186,0.0,0.0,-6.861,0.0,0.0,0.0,0.0,0.0,14.930999999999994,0.0,0.0
ILE  91,61.688,0.0,0.0,-6.507,0.0,0.0,-48.403,0.0,0.0,-4.314,0.0,0.0,0.0,0.0,0.0,2.4640000000000057,0.0,0.0
ALA  92,102.681,0.0,0.0,-3.509,0.0,0.0,-79.241,0.0,0.0,-2.736,0.0,0.0,0.0,0.0,0.0,17.194999999999997,0.0,0.0
PRO  93,82.098,0.0,0.0,-1.575,0.0,0.0,-58.994,0.0,0.0,-4.854,0.0,0.0,0.0,0.0,0.0,16.674999999999997,0.0,0.0
GLY  94,72.698,0.0,0.0,-2.134,0.0,0.0,-67.961,0.0,0.0,-6.063,0.0,0.0,0.0,0.0,0.0,-3.4600000000000053,0.0,0.0
GLN  95,40.656,0.0,0.0,-4.958,0.0,0.0,-76.374,0.0,0.0,-11.25,0.0,0.0,0.0,0.0,0.0,-51.925999999999995,0.0,0.0
MET  96,105.254,0.0,0.0,-11.262,0.0,0.0,-81.989,0.0,0.0,-0.558,0.0,0.0,0.0,0.0,0.0,11.445,0.0,0.0
ARG  97,-198.757,0.0,0.0,-8.479,0.0,0.0,-14.601,0.0,0.0,31.45,0.0,0.0,0.0,0.0,0.0,-190.387,0.0,0.0
GLU  98,111.667,0.0,0.0,-7.889,0.0,0.0,-95.649,0.0,0.0,-52.547,0.0,0.0,0.0,0.0,0.0,-44.41799999999999,0.0,0.0
PRO  99,96.967,0.0,0.0,-10.154,0.0,0.0,-61.409,0.0,0.0,-2.914,0.0,0.0,0.0,0.0,0.0,22.490000000000002,0.0,0.0
ARG 100,-187.457,0.0,0.0,-8.699,0.0,0.0,-30.271,0.0,0.0,47.346,0.0,0.0,0.0,0.0,0.0,-179.08100000000002,0.0,0.0
GLY 101,80.809,0.0,0.0,-5.497,0.0,0.0,-86.392,0.0,0.0,2.853,0.0,0.0,0.0,0.0,0.0,-8.226999999999999,0.0,0.0
SER 102,69.027,0.0,0.0,-6.353,0.0,0.0,-70.45,0.0,0.0,-0.637,0.0,0.0,0.0,0.0,0.0,-8.413000000000004,0.0,0.0
ASP 103,92.729,0.0,0.0,-8.868,0.0,0.0,-98.447,0.0,0.0,-38.449,0.0,0.0,0.0,0.0,0.0,-53.035,0.0,0.0
ILE 104,81.571,0.0,0.0,-11.648,0.0,0.0,-60.522,0.0,0.0,1.659,0.0,0.0,0.0,0.0,0.0,11.060000000000004,0.0,0.0
ALA 105,90.45,0.0,0.0,-7.447,0.0,0.0,-79.575,0.0,0.0,1.216,0.0,0.0,0.0,0.0,0.0,4.6439999999999975,0.0,0.0
GLY 106,91.163,0.0,0.0,-5.294,0.0,0.0,-88.186,0.0,0.0,-2.601,0.0,0.0,0.0,0.0,0.0,-4.918000000000007,0.0,0.0
THR 107,50.944,0.0,0.0,-5.175,0.0,0.0,-59.5,0.0,0.0,-6.086,0.0,0.0,0.0,0.0,0.0,-19.816999999999993,0.0,0.0
THR 108,41.63,0.0,0.0,-1.932,0.0,0.0,-56.392,0.0,0.0,-3.108,0.0,0.0,0.0,0.0,0.0,-19.802000000000003,0.0,0.0
SER 109,79.661,0.0,0.0,-6.35,0.0,0.0,-72.06,0.0,0.0,-1.911,0.0,0.0,0.0,0.0,0.0,-0.6599999999999953,0.0,0.0
THR 110,27.307,0.0,0.0,-6.832,0.0,0.0,-31.861,0.0,0.0,-7.355,0.0,0.0,0.0,0.0,0.0,-18.741000000000003,0.0,0.0
LEU 111,64.691,0.0,0.0,-9.019,0.0,0.0,-64.387,0.0,0.0,-1.81,0.0,0.0,0.0,0.0,0.0,-10.524999999999997,0.0,0.0
GLN 112,34.086,0.0,0.0,-7.108,0.0,0.0,-75.112,0.0,0.0,-10.805,0.0,0.0,0.0,0.0,0.0,-58.939,0.0,0.0
GLU 113,105.535,0.0,0.0,-9.95,0.0,0.0,-103.563,0.0,0.0,-40.341,0.0,0.0,0.0,0.0,0.0,-48.31900000000001,0.0,0.0
GLN 114,40.877,0.0,0.0,-14.843,0.0,0.0,-82.288,0.0,0.0,0.503,0.0,0.0,0.0,0.0,0.0,-55.75099999999999,0.0,0.0
ILE 115,88.556,0.0,0.0,-9.596,0.0,0.0,-69.285,0.0,0.0,-0.738,0.0,0.0,0.0,0.0,0.0,8.936999999999998,0.0,0.0
GLY 116,74.488,0.0,0.0,-5.592,0.0,0.0,-75.671,0.0,0.0,-0.082,0.0,0.0,0.0,0.0,0.0,-6.8570000000000055,0.0,0.0
TRP 117,125.184,0.0,0.0,-19.998,0.0,0.0,-90.994,0.0,0.0,-0.053,0.0,0.0,0.0,0.0,0.0,14.138999999999992,0.0,0.0
MET 118,98.971,0.0,0.0,-9.428,0.0,0.0,-79.119,0.0,0.0,-4.332,0.0,0.0,0.0,0.0,0.0,6.092000000000007,0.0,0.0
THR 119,44.733,0.0,0.0,-6.983,0.0,0.0,-50.442,0.0,0.0,-2.981,0.0,0.0,0.0,0.0,0.0,-15.673,0.0,0.0
HID 120,88.437,0.0,0.0,-9.089,0.0,0.0,-57.709,0.0,0.0,-6.881,0.0,0.0,0.0,0.0,0.0,14.757999999999996,0.0,0.0
ASN 121,41.471,0.0,0.0,-5.189,0.0,0.0,-71.915,0.0,0.0,-14.39,0.0,0.0,0.0,0.0,0.0,-50.02300000000001,0.0,0.0
PRO 122,90.886,0.0,0.0,-2.601,0.0,0.0,-59.731,0.0,0.0,-1.964,0.0,0.0,0.0,0.0,0.0,26.589999999999996,0.0,0.0
PRO 123,81.682,0.0,0.0,-5.073,0.0,0.0,-57.532,0.0,0.0,-3.683,0.0,0.0,0.0,0.0,0.0,15.394000000000013,0.0,0.0
ILE 124,92.748,0.0,0.0,-6.765,0.0,0.0,-59.753,0.0,0.0,-0.914,0.0,0.0,0.0,0.0,0.0,25.316000000000003,0.0,0.0
PRO 125,90.668,0.0,0.0,-5.569,0.0,0.0,-65.885,0.0,0.0,-0.557,0.0,0.0,0.0,0.0,0.0,18.657,0.0,0.0
VAL 126,56.459,0.0,0.0,-10.913,0.0,0.0,-55.133,0.0,0.0,-0.135,0.0,0.0,0.0,0.0,0.0,-9.721999999999996,0.0,0.0
GLY 127,70.905,0.0,0.0,-4.633,0.0,0.0,-72.669,0.0,0.0,-1.125,0.0,0.0,0.0,0.0,0.0,-7.521999999999991,0.0,0.0
GLU 128,106.72,0.0,0.0,-6.752,0.0,0.0,-105.719,0.0,0.0,-52.61,0.0,0.0,0.0,0.0,0.0,-58.36099999999999,0.0,0.0
ILE 129,86.9,0.0,0.0,-10.162,0.0,0.0,-64.745,0.0,0.0,0.261,0.0,0.0,0.0,0.0,0.0,12.253999999999994,0.0,0.0
TYR 130,95.205,0.0,0.0,-16.829,0.0,0.0,-88.342,0.0,0.0,-1.007,0.0,0.0,0.0,0.0,0.0,-10.972999999999994,0.0,0.0
LYS 131,142.685,0.0,0.0,-9.6,0.0,0.0,-163.357,0.0,0.0,27.139,0.0,0.0,0.0,0.0,0.0,-3.132999999999992,0.0,0.0
ARG 132,-195.748,0.0,0.0,-8.597,0.0,0.0,35.528,0.0,0.0,-4.147,0.0,0.0,0.0,0.0,0.0,-172.964,0.0,0.0
TRP 133,129.451,0.0,0.0,-16.943,0.0,0.0,-95.46,0.0,0.0,-2.871,0.0,0.0,0.0,0.0,0.0,14.177000000000001,0.0,0.0
ILE 134,94.292,0.0,0.0,-12.229,0.0,0.0,-69.407,0.0,0.0,-0.505,0.0,0.0,0.0,0.0,0.0,12.151000000000005,0.0,0.0
ILE 135,81.751,0.0,0.0,-7.672,0.0,0.0,-61.264,0.0,0.0,-0.538,0.0,0.0,0.0,0.0,0.0,12.277000000000005,0.0,0.0
LEU 136,71.058,0.0,0.0,-7.529,0.0,0.0,-79.774,0.0,0.0,1.461,0.0,0.0,0.0,0.0,0.0,-14.78399999999999,0.0,0.0
GLY 137,81.334,0.0,0.0,-5.804,0.0,0.0,-78.696,0.0,0.0,0.481,0.0,0.0,0.0,0.0,0.0,-2.684999999999997,0.0,0.0
LEU 138,60.33,0.0,0.0,-10.345,0.0,0.0,-64.049,0.0,0.0,-0.788,0.0,0.0,0.0,0.0,0.0,-14.852000000000007,0.0,0.0
ASN 139,48.584,0.0,0.0,-8.303,0.0,0.0,-102.237,0.0,0.0,-6.408,0.0,0.0,0.0,0.0,0.0,-68.36399999999999,0.0,0.0
LYS 140,133.208,0.0,0.0,-10.016,0.0,0.0,-149.097,0.0,0.0,20.82,0.0,0.0,0.0,0.0,0.0,-5.085000000000015,0.0,0.0
ILE 141,96.513,0.0,0.0,-10.648,0.0,0.0,-77.276,0.0,0.0,-0.499,0.0,0.0,0.0,0.0,0.0,8.090000000000012,0.0,0.0
VAL 142,64.397,0.0,0.0,-8.06,0.0,0.0,-57.391,0.0,0.0,-2.081,0.0,0.0,0.0,0.0,0.0,-3.134999999999995,0.0,0.0
ARG 143,-190.451,0.0,0.0,-6.979,0.0,0.0,45.6,0.0,0.0,-11.314,0.0,0.0,0.0,0.0,0.0,-163.144,0.0,0.0
MET 144,92.802,0.0,0.0,-7.191,0.0,0.0,-72.099,0.0,0.0,-6.426,0.0,0.0,0.0,0.0,0.0,7.086,0.0,0.0
TYR 145,89.616,0.0,0.0,-9.541,0.0,0.0,-82.591,0.0,0.0,-8.826,0.0,0.0,0.0,0.0,0.0,-11.341999999999992,0.0,0.0
SER 146,87.566,0.0,0.0,-3.469,0.0,0.0,-67.839,0.0,0.0,-7.314,0.0,0.0,0.0,0.0,0.0,8.94400000000001,0.0,0.0
PRO 147,87.979,0.0,0.0,-4.969,0.0,0.0,-62.263,0.0,0.0,-6.806,0.0,0.0,0.0,0.0,0.0,13.941000000000006,0.0,0.0
THR 148,47.702,0.0,0.0,-4.955,0.0,0.0,-48.437,0.0,0.0,-9.57,0.0,0.0,0.0,0.0,0.0,-15.259999999999998,0.0,0.0
SER 149,59.764,0.0,0.0,-4.465,0.0,0.0,-52.131,0.0,0.0,-5.582,0.0,0.0,0.0,0.0,0.0,-2.4139999999999935,0.0,0.0
ILE 150,83.604,0.0,0.0,-9.397,0.0,0.0,-58.154,0.0,0.0,0.44,0.0,0.0,0.0,0.0,0.0,16.49299999999999,0.0,0.0
LEU 151,58.916,0.0,0.0,-5.902,0.0,0.0,-66.608,0.0,0.0,-2.544,0.0,0.0,0.0,0.0,0.0,-16.13800000000001,0.0,0.0
ASP 152,116.957,0.0,0.0,-5.6,0.0,0.0,-113.033,0.0,0.0,-60.328,0.0,0.0,0.0,0.0,0.0,-62.004000000000005,0.0,0.0
ILE 153,100.329,0.0,0.0,-9.763,0.0,0.0,-74.866,0.0,0.0,-1.737,0.0,0.0,0.0,0.0,0.0,13.962999999999989,0.0,0.0
ARG 154,-186.671,0.0,0.0,-9.171,0.0,0.0,13.087,0.0,0.0,15.589,0.0,0.0,0.0,0.0,0.0,-167.166,0.0,0.0
GLN 155,32.937,0.0,0.0,-10.169,0.0,0.0,-92.796,0.0,0.0,1.157,0.0,0.0,0.0,0.0,0.0,-68.87100000000001,0.0,0.0
GLY 156,91.456,0.0,0.0,-2.401,0.0,0.0,-74.711,0.0,0.0,-4.473,0.0,0.0,0.0,0.0,0.0,9.87100000000001,0.0,0.0
PRO 157,83.815,0.0,0.0,-2.849,0.0,0.0,-57.983,0.0,0.0,-3.975,0.0,0.0,0.0,0.0,0.0,19.007999999999996,0.0,0.0
LYS 158,124.637,0.0,0.0,-3.539,0.0,0.0,-107.149,0.0,0.0,-16.904,0.0,0.0,0.0,0.0,0.0,-2.955000000000002,0.0,0.0
GLU 159,111.694,0.0,0.0,-3.69,0.0,0.0,-103.576,0.0,0.0,-43.122,0.0,0.0,0.0,0.0,0.0,-38.69399999999999,0.0,0.0
PRO 160,80.558,0.0,0.0,-6.047,0.0,0.0,-59.382,0.0,0.0,0.065,0.0,0.0,0.0,0.0,0.0,15.194000000000011,0.0,0.0
PHE 161,109.363,0.0,0.0,-14.346,0.0,0.0,-77.303,0.0,0.0,0.045,0.0,0.0,0.0,0.0,0.0,17.759,0.0,0.0
ARG 162,-198.515,0.0,0.0,-10.243,0.0,0.0,11.096,0.0,0.0,24.295,0.0,0.0,0.0,0.0,0.0,-173.36699999999996,0.0,0.0
ASP 163,90.682,0.0,0.0,-7.085,0.0,0.0,-60.436,0.0,0.0,-92.572,0.0,0.0,0.0,0.0,0.0,-69.411,0.0,0.0
TYR 164,99.758,0.0,0.0,-18.382,0.0,0.0,-97.33,0.0,0.0,0.543,0.0,0.0,0.0,0.0,0.0,-15.411000000000008,0.0,0.0
VAL 165,51.135,0.0,0.0,-10.257,0.0,0.0,-56.828,0.0,0.0,2.362,0.0,0.0,0.0,0.0,0.0,-13.588000000000003,0.0,0.0
ASP 166,112.728,0.0,0.0,-7.604,0.0,0.0,-106.463,0.0,0.0,-61.652,0.0,0.0,0.0,0.0,0.0,-62.991,0.0,0.0
ARG 167,-197.425,0.0,0.0,-6.922,0.0,0.0,0.885,0.0,0.0,21.292,0.0,0.0,0.0,0.0,0.0,-182.17000000000002,0.0,0.0
PHE 168,96.56,0.0,0.0,-15.681,0.0,0.0,-81.198,0.0,0.0,0.59,0.0,0.0,0.0,0.0,0.0,0.27100000000001156,0.0,0.0
TYR 169,97.076,0.0,0.0,-10.36,0.0,0.0,-86.997,0.0,0.0,-1.227,0.0,0.0,0.0,0.0,0.0,-1.508000000000006,0.0,0.0
LYS 170,138.757,0.0,0.0,-8.06,0.0,0.0,-151.853,0.0,0.0,14.596,0.0,0.0,0.0,0.0,0.0,-6.560000000000006,0.0,0.0
THR 171,43.18,0.0,0.0,-7.643,0.0,0.0,-54.683,0.0,0.0,-3.702,0.0,0.0,0.0,0.0,0.0,-22.848,0.0,0.0
LEU 172,75.557,0.0,0.0,-11.262,0.0,0.0,-67.363,0.0,0.0,-3.7,0.0,0.0,0.0,0.0,0.0,-6.767999999999998,0.0,0.0
ARG 173,-195.292,0.0,0.0,-9.592,0.0,0.0,32.015,0.0,0.0,3.643,0.0,0.0,0.0,0.0,0.0,-169.22600000000003,0.0,0.0
ALA 174,86.229,0.0,0.0,-6.677,0.0,0.0,-80.08,0.0,0.0,-1.985,0.0,0.0,0.0,0.0,0.0,-2.513000000000006,0.0,0.0
GLU 175,104.379,0.0,0.0,-7.35,0.0,0.0,-67.027,0.0,0.0,-93.511,0.0,0.0,0.0,0.0,0.0,-63.508999999999986,0.0,0.0
GLN 176,26.669,0.0,0.0,-6.213,0.0,0.0,-64.814,0.0,0.0,-9.86,0.0,0.0,0.0,0.0,0.0,-54.21799999999999,0.0,0.0
ALA 177,97.111,0.0,0.0,-4.388,0.0,0.0,-80.929,0.0,0.0,-4.186,0.0,0.0,0.0,0.0,0.0,7.607999999999997,0.0,0.0
SER 178,66.429,0.0,0.0,-4.427,0.0,0.0,-56.549,0.0,0.0,-8.627,0.0,0.0,0.0,0.0,0.0,-3.1739999999999977,0.0,0.0
GLN 179,27.387,0.0,0.0,-4.01,0.0,0.0,-69.248,0.0,0.0,-8.756,0.0,0.0,0.0,0.0,0.0,-54.627,0.0,0.0
GLU 180,113.832,0.0,0.0,-6.023,0.0,0.0,-77.583,0.0,0.0,-84.744,0.0,0.0,0.0,0.0,0.0,-54.518,0.0,0.0
VAL 181,69.962,0.0,0.0,-7.125,0.0,0.0,-60.318,0.0,0.0,-1.806,0.0,0.0,0.0,0.0,0.0,0.7130000000000054,0.0,0.0
LYS 182,119.711,0.0,0.0,-8.265,0.0,0.0,-109.276,0.0,0.0,-2.788,0.0,0.0,0.0,0.0,0.0,-0.6179999999999981,0.0,0.0
ASN 183,27.55,0.0,0.0,-6.263,0.0,0.0,-91.235,0.0,0.0,-3.496,0.0,0.0,0.0,0.0,0.0,-73.444,0.0,0.0
TRP 184,120.903,0.0,0.0,-8.879,0.0,0.0,-93.189,0.0,0.0,-4.348,0.0,0.0,0.0,0.0,0.0,14.487000000000009,0.0,0.0
MET 185,105.478,0.0,0.0,-10.824,0.0,0.0,-89.1,0.0,0.0,-0.66,0.0,0.0,0.0,0.0,0.0,4.894000000000002,0.0,0.0
THR 186,41.795,0.0,0.0,-6.954,0.0,0.0,-59.296,0.0,0.0,0.383,0.0,0.0,0.0,0.0,0.0,-24.072,0.0,0.0
GLU 187,101.751,0.0,0.0,-4.758,0.0,0.0,-54.727,0.0,0.0,-101.795,0.0,0.0,0.0,0.0,0.0,-59.52899999999999,0.0,0.0
THR 188,39.044,0.0,0.0,-3.845,0.0,0.0,-53.683,0.0,0.0,0.772,0.0,0.0,0.0,0.0,0.0,-17.712000000000003,0.0,0.0
LEU 189,67.205,0.0,0.0,-8.801,0.0,0.0,-70.107,0.0,0.0,0.943,0.0,0.0,0.0,0.0,0.0,-10.760000000000003,0.0,0.0
LEU 190,88.657,0.0,0.0,-11.06,0.0,0.0,-89.485,0.0,0.0,1.008,0.0,0.0,0.0,0.0,0.0,-10.880000000000006,0.0,0.0
VAL 191,55.806,0.0,0.0,-8.719,0.0,0.0,-61.607,0.0,0.0,1.291,0.0,0.0,0.0,0.0,0.0,-13.229000000000003,0.0,0.0
GLN 192,30.514,0.0,0.0,-5.36,0.0,0.0,-70.976,0.0,0.0,-4.169,0.0,0.0,0.0,0.0,0.0,-49.991,0.0,0.0
ASN 193,20.286,0.0,0.0,-10.222,0.0,0.0,-83.536,0.0,0.0,-1.392,0.0,0.0,0.0,0.0,0.0,-74.86399999999999,0.0,0.0
ALA 194,90.51,0.0,0.0,-7.605,0.0,0.0,-80.192,0.0,0.0,1.311,0.0,0.0,0.0,0.0,0.0,4.024000000000008,0.0,0.0
ASN 195,53.416,0.0,0.0,-7.729,0.0,0.0,-97.891,0.0,0.0,-5.373,0.0,0.0,0.0,0.0,0.0,-57.577000000000005,0.0,0.0
PRO 196,79.03,0.0,0.0,-5.191,0.0,0.0,-61.017,0.0,0.0,-2.161,0.0,0.0,0.0,0.0,0.0,10.660999999999996,0.0,0.0
ASP 197,116.531,0.0,0.0,-6.487,0.0,0.0,-60.305,0.0,0.0,-108.91,0.0,0.0,0.0,0.0,0.0,-59.170999999999985,0.0,0.0
CYX 198,100.638,0.0,0.0,-8.298,0.0,0.0,-78.329,0.0,0.0,-2.137,0.0,0.0,0.0,0.0,0.0,11.87400000000001,0.0,0.0
LYS 199,139.182,0.0,0.0,-10.706,0.0,0.0,-125.962,0.0,0.0,-8.065,0.0,0.0,0.0,0.0,0.0,-5.551000000000004,0.0,0.0
THR 200,50.343,0.0,0.0,-5.411,0.0,0.0,-67.312,0.0,0.0,-0.776,0.0,0.0,0.0,0.0,0.0,-23.155999999999995,0.0,0.0
ILE 201,76.704,0.0,0.0,-8.142,0.0,0.0,-56.538,0.0,0.0,-0.874,0.0,0.0,0.0,0.0,0.0,11.15,0.0,0.0
LEU 202,83.173,0.0,0.0,-9.856,0.0,0.0,-73.915,0.0,0.0,-4.01,0.0,0.0,0.0,0.0,0.0,-4.607999999999999,0.0,0.0
LYS 203,118.826,0.0,0.0,-5.277,0.0,0.0,-103.169,0.0,0.0,-17.769,0.0,0.0,0.0,0.0,0.0,-7.389000000000003,0.0,0.0
ALA 204,83.447,0.0,0.0,-3.948,0.0,0.0,-74.236,0.0,0.0,-4.093,0.0,0.0,0.0,0.0,0.0,1.1700000000000053,0.0,0.0
LEU 205,77.782,0.0,0.0,-7.831,0.0,0.0,-73.056,0.0,0.0,-4.759,0.0,0.0,0.0,0.0,0.0,-7.864000000000004,0.0,0.0
GLY 206,88.27,0.0,0.0,-3.224,0.0,0.0,-74.715,0.0,0.0,-6.054,0.0,0.0,0.0,0.0,0.0,4.276999999999989,0.0,0.0
PRO 207,80.357,0.0,0.0,-2.574,0.0,0.0,-53.546,0.0,0.0,-7.621,0.0,0.0,0.0,0.0,0.0,16.616,0.0,0.0
GLY 208,64.035,0.0,0.0,-1.818,0.0,0.0,-61.463,0.0,0.0,-5.28,0.0,0.0,0.0,0.0,0.0,-4.5260000000000025,0.0,0.0
ALA 209,101.716,0.0,0.0,-3.894,0.0,0.0,-87.678,0.0,0.0,-5.307,0.0,0.0,0.0,0.0,0.0,4.836999999999991,0.0,0.0
THR 210,42.181,0.0,0.0,-5.38,0.0,0.0,-42.061,0.0,0.0,-8.599,0.0,0.0,0.0,0.0,0.0,-13.859000000000005,0.0,0.0
LEU 211,69.299,0.0,0.0,-7.14,0.0,0.0,-67.768,0.0,0.0,-3.502,0.0,0.0,0.0,0.0,0.0,-9.110999999999994,0.0,0.0
GLU 212,105.481,0.0,0.0,-7.051,0.0,0.0,-67.587,0.0,0.0,-94.426,0.0,0.0,0.0,0.0,0.0,-63.58300000000001,0.0,0.0
GLU 213,106.005,0.0,0.0,-4.42,0.0,0.0,-54.241,0.0,0.0,-109.123,0.0,0.0,0.0,0.0,0.0,-61.77900000000001,0.0,0.0
MET 214,89.573,0.0,0.0,-10.878,0.0,0.0,-73.946,0.0,0.0,-1.322,0.0,0.0,0.0,0.0,0.0,3.426999999999995,0.0,0.0
MET 215,96.407,0.0,0.0,-10.812,0.0,0.0,-89.956,0.0,0.0,1.951,0.0,0.0,0.0,0.0,0.0,-2.410000000000004,0.0,0.0
THR 216,47.563,0.0,0.0,-5.928,0.0,0.0,-54.003,0.0,0.0,-1.076,0.0,0.0,0.0,0.0,0.0,-13.443999999999996,0.0,0.0
ALA 217,76.907,0.0,0.0,-4.907,0.0,0.0,-61.931,0.0,0.0,-4.427,0.0,0.0,0.0,0.0,0.0,5.642000000000003,0.0,0.0
CYX 218,92.389,0.0,0.0,-8.185,0.0,0.0,-78.858,0.0,0.0,-2.31,0.0,0.0,0.0,0.0,0.0,3.0359999999999894,0.0,0.0
GLN 219,38.692,0.0,0.0,-8.246,0.0,0.0,-73.656,0.0,0.0,-7.968,0.0,0.0,0.0,0.0,0.0,-51.17800000000001,0.0,0.0
GLY 220,98.148,0.0,0.0,-2.423,0.0,0.0,-82.205,0.0,0.0,-7.312,0.0,0.0,0.0,0.0,0.0,6.207999999999996,0.0,0.0
VAL 221,34.076,0.0,0.0,-1.967,0.0,0.0,-11.765,0.0,0.0,-120.334,0.0,0.0,0.0,0.0,0.0,-99.99000000000001,0.0,0.0

Receptor:
Total Energy Decomposition:
Residue,Internal,,,van der Waals,,,Electrostatic,,,Polar Solvation,,,Non-Polar Solv.,,,TOTAL,,
,Avg.,Std. Dev.,Std. Err. of Mean,Avg.,Std. Dev.,Std. Err. of Mean,Avg.,Std. Dev.,Std. Err. of Mean,Avg.,Std. Dev.,Std. Err. of Mean,Avg.,Std. Dev.,Std. Err. of Mean,Avg.,Std. Dev.,Std. Err. of Mean
PRO   1,103.135,0.0,0.0,-5.096,0.0,0.0,-109.538,0.0,0.0,6.081,0.0,0.0,0.0,0.0,0.0,-5.417999999999995,0.0,0.0
ILE   2,93.783,0.0,0.0,-7.172,0.0,0.0,-70.114,0.0,0.0,-2.34,0.0,0.0,0.0,0.0,0.0,14.157,0.0,0.0
VAL   3,61.377,0.0,0.0,-5.818,0.0,0.0,-60.047,0.0,0.0,-1.379,0.0,0.0,0.0,0.0,0.0,-5.866999999999992,0.0,0.0
GLN   4,27.242,0.0,0.0,-6.414,0.0,0.0,-59.947,0.0,0.0,-10.462,0.0,0.0,0.0,0.0,0.0,-49.581,0.0,0.0
ASN   5,34.16,0.0,0.0,-5.876,0.0,0.0,-76.846,0.0,0.0,-13.343,0.0,0.0,0.0,0.0,0.0,-61.905000000000015,0.0,0.0
LEU   6,65.005,0.0,0.0,-3.663,0.0,0.0,-64.597,0.0,0.0,-8.1,0.0,0.0,0.0,0.0,0.0,-11.354999999999995,0.0,0.0
GLN   7,32.411,0.0,0.0,-4.816,0.0,0.0,-71.047,0.0,0.0,-12.256,0.0,0.0,0.0,0.0,0.0,-55.708,0.0,0.0
GLY   8,75.987,0.0,0.0,-3.894,0.0,0.0,-74.941,0.0,0.0,-2.66,0.0,0.0,0.0,0.0,0.0,-5.508000000000013,0.0,0.0
GLN   9,41.732,0.0,0.0,-5.145,0.0,0.0,-76.144,0.0,0.0,-10.28,0.0,0.0,0.0,0.0,0.0,-49.837,0.0,0.0
MET  10,105.562,0.0,0.0,-9.709,0.0,0.0,-78.727,0.0,0.0,-4.845,0.0,0.0,0.0,0.0,0.0,12.280999999999992,0.0,0.0
VAL  11,49.047,0.0,0.0,-6.454,0.0,0.0,-54.294,0.0,0.0,-1.425,0.0,0.0,0.0,0.0,0.0,-13.126000000000001,0.0,0.0
HID  12,87.204,0.0,0.0,-9.871,0.0,0.0,-60.224,0.0,0.0,-7.47,0.0,0.0,0.0,0.0,0.0,9.639000000000003,0.0,0.0
GLN  13,36.107,0.0,0.0,-5.304,0.0,0.0,-71.706,0.0,0.0,-12.842,0.0,0.0,0.0,0.0,0.0,-53.745000000000005,0.0,0.0
ALA  14,98.45,0.0,0.0,-4.131,0.0,0.0,-81.347,0.0,0.0,-2.179,0.0,0.0,0.0,0.0,0.0,10.793000000000008,0.0,0.0
ILE  15,95.621,0.0,0.0,-9.542,0.0,0.0,-73.572,0.0,0.0,-4.071,0.0,0.0,0.0,0.0,0.0,8.435999999999991,0.0,0.0
SER  16,68.935,0.0,0.0,-4.709,0.0,0.0,-51.126,0.0,0.0,-8.162,0.0,0.0,0.0,0.0,0.0,4.938000000000001,0.0,0.0
PRO  17,90.839,0.0,0.0,-4.754,0.0,0.0,-61.131,0.0,0.0,-2.804,0.0,0.0,0.0,0.0,0.0,22.149999999999995,0.0,0.0
ARG  18,-176.307,0.0,0.0,-5.847,0.0,0.0,69.381,0.0,0.0,-47.375,0.0,0.0,0.0,0.0,0.0,-160.148,0.0,0.0
THR  19,43.816,0.0,0.0,-8.928,0.0,0.0,-55.052,0.0,0.0,-5.117,0.0,0.0,0.0,0.0,0.0,-25.280999999999995,0.0,0.0
LEU  20,57.144,0.0,0.0,-10.576,0.0,0.0,-57.298,0.0,0.0,-2.34,0.0,0.0,0.0,0.0,0.0,-13.070000000000004,0.0,0.0
ASN  21,26.011,0.0,0.0,-6.621,0.0,0.0,-71.394,0.0,0.0,-17.075,0.0,0.0,0.0,0.0,0.0,-69.07900000000001,0.0,0.0
ALA  22,97.593,0.0,0.0,-5.321,0.0,0.0,-84.569,0.0,0.0,-1.232,0.0,0.0,0.0,0.0,0.0,6.471000000000003,0.0,0.0
TRP  23,129.506,0.0,0.0,-15.88,0.0,0.0,-98.014,0.0,0.0,-1.211,0.0,0.0,0.0,0.0,0.0,14.401000000000009,0.0,0.0
VAL  24,60.071,0.0,0.0,-5.269,0.0,0.0,-55.844,0.0,0.0,-4.408,0.0,0.0,0.0,0.0,0.0,-5.450000000000002,0.0,0.0
LYS  25,134.368,0.0,0.0,-5.908,0.0,0.0,-111.623,0.0,0.0,-19.358,0.0,0.0,0.0,0.0,0.0,-2.5209999999999972,0.0,0.0
VAL  26,64.388,0.0,0.0,-8.905,0.0,0.0,-67.494,0.0,0.0,-2.327,0.0,0.0,0.0,0.0,0.0,-14.337999999999996,0.0,0.0
VAL  27,45.241,0.0,0.0,-7.841,0.0,0.0,-49.512,0.0,0.0,-1.321,0.0,0.0,0.0,0.0,0.0,-13.433000000000002,0.0,0.0
GLU  28,96.998,0.0,0.0,-6.504,0.0,0.0,-59.701,0.0,0.0,-95.358,0.0,0.0,0.0,0.0,0.0,-64.565,0.0,0.0
GLU  29,110.504,0.0,0.0,-5.622,0.0,0.0,-84.36,0.0,0.0,-76.15,0.0,0.0,0.0,0.0,0.0,-55.628,0.0,0.0
LYS  30,121.159,0.0,0.0,-5.217,0.0,0.0,-119.701,0.0,0.0,0.003,0.0,0.0,0.0,0.0,0.0,-3.755999999999986,0.0,0.0
ALA  31,86.798,0.0,0.0,-3.228,0.0,0.0,-79.924,0.0,0.0,-0.377,0.0,0.0,0.0,0.0,0.0,3.269000000000001,0.0,0.0
PHE  32,106.637,0.0,0.0,-9.189,0.0,0.0,-81.817,0.0,0.0,-1.963,0.0,0.0,0.0,0.0,0.0,13.668000000000013,0.0,0.0
SER  33,87.431,0.0,0.0,-2.974,0.0,0.0,-66.928,0.0,0.0,-2.306,0.0,0.0,0.0,0.0,0.0,15.222999999999995,0.0,0.0
PRO  34,72.836,0.0,0.0,-4.418,0.0,0.0,-55.41,0.0,0.0,-2.414,0.0,0.0,0.0,0.0,0.0,10.593999999999996,0.0,0.0
GLU  35,108.333,0.0,0.0,-5.982,0.0,0.0,-87.893,0.0,0.0,-71.831,0.0,0.0,0.0,0.0,0.0,-57.373000000000005,0.0,0.0
VAL  36,53.24,0.0,0.0,-8.326,0.0,0.0,-59.196,0.0,0.0,0.214,0.0,0.0,0.0,0.0,0.0,-14.067999999999996,0.0,0.0
ILE  37,83.618,0.0,0.0,-6.091,0.0,0.0,-60.537,0.0,0.0,-0.491,0.0,0.0,0.0,0.0,0.0,16.499000000000002,0.0,0.0
PRO  38,80.741,0.0,0.0,-5.284,0.0,0.0,-59.926,0.0,0.0,-1.514,0.0,0.0,0.0,0.0,0.0,14.016999999999992,0.0,0.0
MET  39,87.232,0.0,0.0,-9.077,0.0,0.0,-71.746,0.0,0.0,-1.956,0.0,0.0,0.0,0.0,0.0,4.4530000000000065,0.0,0.0
PHE  40,102.007,0.0,0.0,-13.581,0.0,0.0,-83.258,0.0,0.0,-0.79,0.0,0.0,0.0,0.0,0.0,4.378000000000006,0.0,0.0
SER  41,59.529,0.0,0.0,-3.821,0.0,0.0,-51.021,0.0,0.0,-4.7,0.0,0.0,0.0,0.0,0.0,-0.01299999999999546,0.0,0.0
ALA  42,83.31,0.0,0.0,-4.858,0.0,0.0,-66.212,0.0,0.0,-3.012,0.0,0.0,0.0,0.0,0.0,9.227999999999994,0.0,0.0
LEU  43,71.471,0.0,0.0,-10.549,0.0,0.0,-75.152,0.0,0.0,-1.565,0.0,0.0,0.0,0.0,0.0,-15.794999999999996,0.0,0.0
SER  44,72.011,0.0,0.0,-7.844,0.0,0.0,-77.346,0.0,0.0,0.526,0.0,0.0,0.0,0.0,0.0,-12.653000000000002,0.0,0.0
GLU  45,101.911,0.0,0.0,-5.697,0.0,0.0,-76.429,0.0,0.0,-76.505,0.0,0.0,0.0,0.0,0.0,-56.72,0.0,0.0
GLY  46,67.828,0.0,0.0,-2.471,0.0,0.0,-68.996,0.0,0.0,-0.006,0.0,0.0,0.0,0.0,0.0,-3.6449999999999956,0.0,0.0
ALA  47,100.512,0.0,0.0,-6.6,0.0,0.0,-87.298,0.0,0.0,-1.717,0.0,0.0,0.0,0.0,0.0,4.897000000000004,0.0,0.0
THR  48,58.757,0.0,0.0,-8.705,0.0,0.0,-58.71,0.0,0.0,0.481,0.0,0.0,0.0,0.0,0.0,-8.177000000000001,0.0,0.0
PRO  49,80.607,0.0,0.0,-11.316,0.0,0.0,-54.517,0.0,0.0,0.81,0.0,0.0,0.0,0.0,0.0,15.583999999999994,0.0,0.0
GLN  50,27.313,0.0,0.0,-9.702,0.0,0.0,-68.926,0.0,0.0,-6.661,0.0,0.0,0.0,0.0,0.0,-57.976000000000006,0.0,0.0
ASP  51,96.14,0.0,0.0,-9.041,0.0,0.0,-126.5,0.0,0.0,-9.896,0.0,0.0,0.0,0.0,0.0,-49.297,0.0,0.0
LEU  52,66.226,0.0,0.0,-13.979,0.0,0.0,-70.105,0.0,0.0,0.305,0.0,0.0,0.0,0.0,0.0,-17.553000000000004,0.0,0.0
ASN  53,37.888,0.0,0.0,-8.619,0.0,0.0,-99.275,0.0,0.0,-4.682,0.0,0.0,0.0,0.0,0.0,-74.688,0.0,0.0
THR  54,53.478,0.0,0.0,-7.643,0.0,0.0,-65.591,0.0,0.0,-1.101,0.0,0.0,0.0,0.0,0.0,-20.856999999999992,0.0,0.0
MET  55,85.017,0.0,0.0,-12.143,0.0,0.0,-66.063,0.0,0.0,-0.685,0.0,0.0,0.0,0.0,0.0,6.125999999999992,0.0,0.0
LEU  56,64.979,0.0,0.0,-10.545,0.0,0.0,-65.458,0.0,0.0,-1.346,0.0,0.0,0.0,0.0,0.0,-12.370000000000001,0.0,0.0
ASN  57,37.286,0.0,0.0,-5.877,0.0,0.0,-88.768,0.0,0.0,-12.539,0.0,0.0,0.0,0.0,0.0,-69.898,0.0,0.0
THR  58,53.968,0.0,0.0,-6.344,0.0,0.0,-62.186,0.0,0.0,-4.018,0.0,0.0,0.0,0.0,0.0,-18.58,0.0,0.0
VAL  59,43.68,0.0,0.0,-7.824,0.0,0.0,-43.122,0.0,0.0,-1.642,0.0,0.0,0.0,0.0,0.0,-8.907999999999998,0.0,0.0
ALA  60,91.416,0.0,0.0,-4.648,0.0,0.0,-64.453,0.0,0.0,-2.754,0.0,0.0,0.0,0.0,0.0,19.560999999999996,0.0,0.0
PRO  61,80.095,0.0,0.0,-4.277,0.0,0.0,-56.436,0.0,0.0,-3.121,0.0,0.0,0.0,0.0,0.0,16.261,0.0,0.0
HID  62,102.938,0.0,0.0,-7.062,0.0,0.0,-65.856,0.0,0.0,-11.653,0.0,0.0,0.0,0.0,0.0,18.36700000000001,0.0,0.0
GLN  63,30.433,0.0,0.0,-4.581,0.0,0.0,-63.936,0.0,0.0,-11.457,0.0,0.0,0.0,0.0,0.0,-49.541000000000004,0.0,0.0
ALA  64,83.719,0.0,0.0,-4.335,0.0,0.0,-68.641,0.0,0.0,-3.609,0.0,0.0,0.0,0.0,0.0,7.133999999999995,0.0,0.0
ALA  65,88.528,0.0,0.0,-5.879,0.0,0.0,-75.9,0.0,0.0,-0.79,0.0,0.0,0.0,0.0,0.0,5.958999999999995,0.0,0.0
ALA  66,93.952,0.0,0.0,-6.596,0.0,0.0,-81.479,0.0,0.0,-0.26,0.0,0.0,0.0,0.0,0.0,5.6169999999999956,0.0,0.0
GLN  67,36.073,0.0,0.0,-5.889,0.0,0.0,-68.723,0.0,0.0,-15.572,0.0,0.0,0.0,0.0,0.0,-54.111000000000004,0.0,0.0
MET  68,93.05,0.0,0.0,-11.02,0.0,0.0,-73.487,0.0,0.0,-2.948,0.0,0.0,0.0,0.0,0.0,5.595000000000006,0.0,0.0
LEU  69,84.643,0.0,0.0,-11.671,0.0,0.0,-80.788,0.0,0.0,-2.556,0.0,0.0,0.0,0.0,0.0,-10.37199999999999,0.0,0.0
LYS  70,131.671,0.0,0.0,-8.393,0.0,0.0,-108.459,0.0,0.0,-19.714,0.0,0.0,0.0,0.0,0.0,-4.89500000000001,0.0,0.0
GLU  71,112.097,0.0,0.0,-7.161,0.0,0.0,-68.569,0.0,0.0,-101.184,0.0,0.0,0.0,0.0,0.0,-64.81700000000001,0.0,0.0
THR  72,48.219,0.0,0.0,-9.09,0.0,0.0,-57.291,0.0,0.0,-3.47,0.0,0.0,0.0,0.0,0.0,-21.63199999999999,0.0,0.0
ILE  73,71.76,0.0,0.0,-9.627,0.0,0.0,-49.78,0.0,0.0,-3.344,0.0,0.0,0.0,0.0,0.0,9.009000000000002,0.0,0.0
ASN  74,25.177,0.0,0.0,-7.506,0.0,0.0,-80.299,0.0,0.0,-10.37,0.0,0.0,0.0,0.0,0.0,-72.998,0.0,0.0
GLU  75,111.686,0.0,0.0,-7.752,0.0,0.0,-55.885,0.0,0.0,-107.794,0.0,0.0,0.0,0.0,0.0,-59.74499999999998,0.0,0.0
GLU  76,98.197,0.0,0.0,-9.024,0.0,0.0,-56.377,0.0,0.0,-92.065,0.0,0.0,0.0,0.0,0.0,-59.269,0.0,0.0
ALA  77,84.706,0.0,0.0,-7.863,0.0,0.0,-70.271,0.0,0.0,-2.296,0.0,0.0,0.0,0.0,0.0,4.276000000000003,0.0,0.0
ALA  78,95.524,0.0,0.0,-6.766,0.0,0.0,-85.222,0.0,0.0,0.664,0.0,0.0,0.0,0.0,0.0,4.200000000000001,0.0,0.0
GLU  79,105.437,0.0,0.0,-4.623,0.0,0.0,-69.802,0.0,0.0,-90.858,0.0,0.0,0.0,0.0,0.0,-59.84600000000002,0.0,0.0
TRP  80,114.057,0.0,0.0,-15.39,0.0,0.0,-86.297,0.0,0.0,-1.68,0.0,0.0,0.0,0.0,0.0,10.690000000000005,0.0,0.0
ASP  81,100.181,0.0,0.0,-7.124,0.0,0.0,-72.509,0.0,0.0,-67.701,0.0,0.0,0.0,0.0,0.0,-47.15299999999999,0.0,0.0
ARG  82,-195.554,0.0,0.0,-6.439,0.0,0.0,-10.998,0.0,0.0,43.483,0.0,0.0,0.0,0.0,0.0,-169.50799999999998,0.0,0.0
LEU  83,65.409,0.0,0.0,-5.954,0.0,0.0,-74.301,0.0,0.0,-3.006,0.0,0.0,0.0,0.0,0.0,-17.851999999999997,0.0,0.0
HID  84,119.279,0.0,0.0,-8.501,0.0,0.0,-73.008,0.0,0.0,-5.829,0.0,0.0,0.0,0.0,0.0,31.940999999999995,0.0,0.0
PRO  85,92.909,0.0,0.0,-4.612,0.0,0.0,-62.561,0.0,0.0,-4.09,0.0,0.0,0.0,0.0,0.0,21.64600000000001,0.0,0.0
VAL  86,47.86,0.0,0.0,-5.036,0.0,0.0,-46.065,0.0,0.0,-5.128,0.0,0.0,0.0,0.0,0.0,-8.369,0.0,0.0
HID  87,82.733,0.0,0.0,-4.705,0.0,0.0,-59.093,0.0,0.0,-7.966,0.0,0.0,0.0,0.0,0.0,10.969000000000001,0.0,0.0
ALA  88,97.195,0.0,0.0,-2.373,0.0,0.0,-73.868,0.0,0.0,-9.762,0.0,0.0,0.0,0.0,0.0,11.191999999999993,0.0,0.0
GLY  89,91.241,0.0,0.0,-2.187,0.0,0.0,-73.316,0.0,0.0,-5.828,0.0,0.0,0.0,0.0,0.0,9.91,0.0,0.0
PRO  90,83.226,0.0,0.0,-5.248,0.0,0.0,-56.194,0.0,0.0,-6.853,0.0,0.0,0.0,0.0,0.0,14.930999999999992,0.0,0.0
ILE  91,61.688,0.0,0.0,-6.507,0.0,0.0,-48.394,0.0,0.0,-4.323,0.0,0.0,0.0,0.0,0.0,2.4640000000000057,0.0,0.0
ALA  92,102.681,0.0,0.0,-3.509,0.0,0.0,-79.264,0.0,0.0,-2.714,0.0,0.0,0.0,0.0,0.0,17.194000000000003,0.0,0.0
PRO  93,82.098,0.0,0.0,-1.575,0.0,0.0,-59.018,0.0,0.0,-4.829,0.0,0.0,0.0,0.0,0.0,16.675999999999995,0.0,0.0
GLY  94,72.698,0.0,0.0,-2.134,0.0,0.0,-67.965,0.0,0.0,-6.058,0.0,0.0,0.0,0.0,0.0,-3.4590000000000103,0.0,0.0
GLN  95,40.656,0.0,0.0,-4.957,0.0,0.0,-76.382,0.0,0.0,-11.24,0.0,0.0,0.0,0.0,0.0,-51.92300000000001,0.0,0.0
MET  96,105.254,0.0,0.0,-11.262,0.0,0.0,-81.963,0.0,0.0,-0.582,0.0,0.0,0.0,0.0,0.0,11.44700000000001,0.0,0.0
ARG  97,-198.757,0.0,0.0,-8.479,0.0,0.0,-10.034,0.0,0.0,26.925,0.0,0.0,0.0,0.0,0.0,-190.34499999999997,0.0,0.0
GLU  98,111.667,0.0,0.0,-7.889,0.0,0.0,-100.432,0.0,0.0,-47.811,0.0,0.0,0.0,0.0,0.0,-44.464999999999996,0.0,0.0
PRO  99,96.967,0.0,0.0,-10.153,0.0,0.0,-61.428,0.0,0.0,-2.894,0.0,0.0,0.0,0.0,0.0,22.491999999999997,0.0,0.0
ARG 100,-187.457,0.0,0.0,-8.698,0.0,0.0,-25.31,0.0,0.0,42.428,0.0,0.0,0.0,0.0,0.0,-179.037,0.0,0.0
GLY 101,80.809,0.0,0.0,-5.497,0.0,0.0,-86.403,0.0,0.0,2.862,0.0,0.0,0.0,0.0,0.0,-8.229000000000008,0.0,0.0
SER 102,69.027,0.0,0.0,-6.353,0.0,0.0,-70.472,0.0,0.0,-0.615,0.0,0.0,0.0,0.0,0.0,-8.412999999999995,0.0,0.0
ASP 103,92.729,0.0,0.0,-8.868,0.0,0.0,-103.284,0.0,0.0,-33.653,0.0,0.0,0.0,0.0,0.0,-53.076,0.0,0.0
ILE 104,81.571,0.0,0.0,-11.648,0.0,0.0,-60.498,0.0,0.0,1.635,0.0,0.0,0.0,0.0,0.0,11.060000000000004,0.0,0.0
ALA 105,90.45,0.0,0.0,-7.446,0.0,0.0,-79.57,0.0,0.0,1.212,0.0,0.0,0.0,0.0,0.0,4.6460000000000115,0.0,0.0
GLY 106,91.163,0.0,0.0,-5.294,0.0,0.0,-88.164,0.0,0.0,-2.622,0.0,0.0,0.0,0.0,0.0,-4.917000000000002,0.0,0.0
THR 107,50.944,0.0,0.0,-5.175,0.0,0.0,-59.442,0.0,0.0,-6.145,0.0,0.0,0.0,0.0,0.0,-19.817999999999994,0.0,0.0
THR 108,41.63,0.0,0.0,-1.932,0.0,0.0,-56.386,0.0,0.0,-3.115,0.0,0.0,0.0,0.0,0.0,-19.803000000000004,0.0,0.0
SER 109,79.661,0.0,0.0,-6.35,0.0,0.0,-72.076,0.0,0.0,-1.895,0.0,0.0,0.0,0.0,0.0,-0.6599999999999864,0.0,0.0
THR 110,27.307,0.0,0.0,-6.832,0.0,0.0,-31.879,0.0,0.0,-7.337,0.0,0.0,0.0,0.0,0.0,-18.741000000000003,0.0,0.0
LEU 111,64.691,0.0,0.0,-9.019,0.0,0.0,-64.404,0.0,0.0,-1.794,0.0,0.0,0.0,0.0,0.0,-10.525999999999993,0.0,0.0
GLN 112,34.086,0.0,0.0,-7.108,0.0,0.0,-75.142,0.0,0.0,-10.773,0.0,0.0,0.0,0.0,0.0,-58.937,0.0,0.0
GLU 113,105.535,0.0,0.0,-9.95,0.0,0.0,-108.114,0.0,0.0,-35.822,0.0,0.0,0.0,0.0,0.0,-48.35100000000001,0.0,0.0
GLN 114,40.877,0.0,0.0,-14.843,0.0,0.0,-82.301,0.0,0.0,0.515,0.0,0.0,0.0,0.0,0.0,-55.751999999999995,0.0,0.0
ILE 115,88.556,0.0,0.0,-9.596,0.0,0.0,-69.306,0.0,0.0,-0.72,0.0,0.0,0.0,0.0,0.0,8.933999999999996,0.0,0.0
GLY 116,74.488,0.0,0.0,-5.592,0.0,0.0,-75.671,0.0,0.0,-0.082,0.0,0.0,0.0,0.0,0.0,-6.8570000000000055,0.0,0.0
TRP 117,125.184,0.0,0.0,-19.997,0.0,0.0,-91.021,0.0,0.0,-0.028,0.0,0.0,0.0,0.0,0.0,14.137999999999996,0.0,0.0
MET 118,98.971,0.0,0.0,-9.428,0.0,0.0,-79.141,0.0,0.0,-4.313,0.0,0.0,0.0,0.0,0.0,6.089000000000001,0.0,0.0
THR 119,44.733,0.0,0.0,-6.983,0.0,0.0,-50.429,0.0,0.0,-2.996,0.0,0.0,0.0,0.0,0.0,-15.675000000000002,0.0,0.0
HID 120,88.437,0.0,0.0,-9.089,0.0,0.0,-57.7,0.0,0.0,-6.889,0.0,0.0,0.0,0.0,0.0,14.758999999999997,0.0,0.0
ASN 121,41.471,0.0,0.0,-5.189,0.0,0.0,-71.929,0.0,0.0,-14.376,0.0,0.0,0.0,0.0,0.0,-50.023,0.0,0.0
PRO 122,90.886,0.0,0.0,-2.601,0.0,0.0,-59.696,0.0,0.0,-1.995,0.0,0.0,0.0,0.0,0.0,26.593999999999998,0.0,0.0
PRO 123,81.682,0.0,0.0,-5.073,0.0,0.0,-57.549,0.0,0.0,-3.669,0.0,0.0,0.0,0.0,0.0,15.391000000000009,0.0,0.0
ILE 124,92.748,0.0,0.0,-6.764,0.0,0.0,-59.717,0.0,0.0,-0.948,0.0,0.0,0.0,0.0,0.0,25.31900000000001,0.0,0.0
PRO 125,90.668,0.0,0.0,-5.569,0.0,0.0,-65.921,0.0,0.0,-0.521,0.0,0.0,0.0,0.0,0.0,18.656999999999996,0.0,0.0
VAL 126,56.459,0.0,0.0,-10.913,0.0,0.0,-55.195,0.0,0.0,-0.073,0.0,0.0,0.0,0.0,0.0,-9.721999999999994,0.0,0.0
GLY 127,70.905,0.0,0.0,-4.632,0.0,0.0,-72.732,0.0,0.0,-1.061,0.0,0.0,0.0,0.0,0.0,-7.520000000000003,0.0,0.0
GLU 128,106.72,0.0,0.0,-6.751,0.0,0.0,-111.224,0.0,0.0,-47.175,0.0,0.0,0.0,0.0,0.0,-58.43000000000001,0.0,0.0
ILE 129,86.9,0.0,0.0,-10.161,0.0,0.0,-64.862,0.0,0.0,0.376,0.0,0.0,0.0,0.0,0.0,12.253000000000009,0.0,0.0
TYR 130,95.205,0.0,0.0,-16.827,0.0,0.0,-88.47,0.0,0.0,-0.881,0.0,0.0,0.0,0.0,0.0,-10.972999999999999,0.0,0.0
LYS 131,142.685,0.0,0.0,-9.597,0.0,0.0,-158.107,0.0,0.0,21.948,0.0,0.0,0.0,0.0,0.0,-3.071000000000005,0.0,0.0
ARG 132,-195.748,0.0,0.0,-8.593,0.0,0.0,41.57,0.0,0.0,-10.1,0.0,0.0,0.0,0.0,0.0,-172.87099999999998,0.0,0.0
TRP 133,129.451,0.0,0.0,-16.941,0.0,0.0,-95.573,0.0,0.0,-2.76,0.0,0.0,0.0,0.0,0.0,14.176999999999998,0.0,0.0
ILE 134,94.292,0.0,0.0,-12.225,0.0,0.0,-69.554,0.0,0.0,-0.362,0.0,0.0,0.0,0.0,0.0,12.151000000000005,0.0,0.0
ILE 135,81.751,0.0,0.0,-7.657,0.0,0.0,-61.447,0.0,0.0,-0.362,0.0,0.0,0.0,0.0,0.0,12.285000000000005,0.0,0.0
LEU 136,71.058,0.0,0.0,-7.522,0.0,0.0,-79.982,0.0,0.0,1.664,0.0,0.0,0.0,0.0,0.0,-14.781999999999991,0.0,0.0
GLY 137,81.334,0.0,0.0,-5.8,0.0,0.0,-78.929,0.0,0.0,0.709,0.0,0.0,0.0,0.0,0.0,-2.685999999999996,0.0,0.0
LEU 138,60.33,0.0,0.0,-10.327,0.0,0.0,-64.315,0.0,0.0,-0.527,0.0,0.0,0.0,0.0,0.0,-14.838999999999997,0.0,0.0
ASN 139,48.584,0.0,0.0,-8.274,0.0,0.0,-101.943,0.0,0.0,-6.682,0.0,0.0,0.0,0.0,0.0,-68.315,0.0,0.0
LYS 140,133.208,0.0,0.0,-10.007,0.0,0.0,-141.368,0.0,0.0,13.19,0.0,0.0,0.0,0.0,0.0,-4.977000000000002,0.0,0.0
ILE 141,96.513,0.0,0.0,-10.633,0.0,0.0,-77.446,0.0,0.0,-0.33,0.0,0.0,0.0,0.0,0.0,8.104000000000012,0.0,0.0
VAL 142,64.397,0.0,0.0,-7.981,0.0,0.0,-57.404,0.0,0.0,-2.07,0.0,0.0,0.0,0.0,0.0,-3.0579999999999994,0.0,0.0
ARG 143,-190.451,0.0,0.0,-6.944,0.0,0.0,58.981,0.0,0.0,-24.457,0.0,0.0,0.0,0.0,0.0,-162.87099999999998,0.0,0.0
MET 144,92.802,0.0,0.0,-7.18,0.0,0.0,-72.319,0.0,0.0,-6.211,0.0,0.0,0.0,0.0,0.0,7.092000000000011,0.0,0.0
TYR 145,89.616,0.0,0.0,-9.513,0.0,0.0,-82.642,0.0,0.0,-8.771,0.0,0.0,0.0,0.0,0.0,-11.310000000000002,0.0,0.0
SER 146,87.566,0.0,0.0,-3.423,0.0,0.0,-68.067,0.0,0.0,-7.082,0.0,0.0,0.0,0.0,0.0,8.994000000000007,0.0,0.0
PRO 147,87.979,0.0,0.0,-4.761,0.0,0.0,-63.908,0.0,0.0,-5.238,0.0,0.0,0.0,0.0,0.0,14.072000000000003,0.0,0.0
THR 148,47.702,0.0,0.0,-2.476,0.0,0.0,-47.692,0.0,0.0,-11.221,0.0,0.0,0.0,0.0,0.0,-13.687000000000001,0.0,0.0
SER 149,59.764,0.0,0.0,-2.005,0.0,0.0,-42.492,0.0,0.0,-13.27,0.0,0.0,0.0,0.0,0.0,1.9970000000000034,0.0,0.0
ILE 150,64.407,0.0,0.0,-0.845,0.0,0.0,-29.67,0.0,0.0,-7.708,0.0,0.0,0.0,0.0,0.0,26.183999999999997,0.0,0.0

Ligand:
Total Energy Decomposition:
Residue,Internal,,,van der Waals,,,Electrostatic,,,Polar Solvation,,,Non-Polar Solv.,,,TOTAL,,
,Avg.,Std. Dev.,Std. Err. of Mean,Avg.,Std. Dev.,Std. Err. of Mean,Avg.,Std. Dev.,Std. Err. of Mean,Avg.,Std. Dev.,Std. Err. of Mean,Avg.,Std. Dev.,Std. Err. of Mean,Avg.,Std. Dev.,Std. Err. of Mean
LEU   1,39.598,0.0,0.0,-3.597,0.0,0.0,-41.328,0.0,0.0,-4.117,0.0,0.0,0.0,0.0,0.0,-9.444000000000006,0.0,0.0
ASP   2,116.957,0.0,0.0,-3.995,0.0,0.0,-121.907,0.0,0.0,-52.152,0.0,0.0,0.0,0.0,0.0,-61.09700000000001,0.0,0.0
ILE   3,100.329,0.0,0.0,-7.052,0.0,0.0,-73.119,0.0,0.0,-3.543,0.0,0.0,0.0,0.0,0.0,16.614999999999988,0.0,0.0
ARG   4,-186.671,0.0,0.0,-8.929,0.0,0.0,25.064,0.0,0.0,3.969,0.0,0.0,0.0,0.0,0.0,-166.567,0.0,0.0
GLN   5,32.937,0.0,0.0,-10.146,0.0,0.0,-92.533,0.0,0.0,0.912,0.0,0.0,0.0,0.0,0.0,-68.83,0.0,0.0
GLY   6,91.456,0.0,0.0,-2.393,0.0,0.0,-74.619,0.0,0.0,-4.57,0.0,0.0,0.0,0.0,0.0,9.874000000000002,0.0,0.0
PRO   7,83.815,0.0,0.0,-2.843,0.0,0.0,-57.819,0.0,0.0,-4.136,0.0,0.0,0.0,0.0,0.0,19.016999999999992,0.0,0.0
LYS   8,124.637,0.0,0.0,-3.534,0.0,0.0,-97.573,0.0,0.0,-26.333,0.0,0.0,0.0,0.0,0.0,-2.8029999999999973,0.0,0.0
GLU   9,111.694,0.0,0.0,-3.668,0.0,0.0,-117.76,0.0,0.0,-29.182,0.0,0.0,0.0,0.0,0.0,-38.91600000000001,0.0,0.0
PRO  10,80.558,0.0,0.0,-6.04,0.0,0.0,-59.81,0.0,0.0,0.47,0.0,0.0,0.0,0.0,0.0,15.177999999999999,0.0,0.0
PHE  11,109.363,0.0,0.0,-14.335,0.0,0.0,-77.773,0.0,0.0,0.483,0.0,0.0,0.0,0.0,0.0,17.737999999999996,0.0,0.0
ARG  12,-198.515,0.0,0.0,-10.233,0.0,0.0,19.367,0.0,0.0,16.126,0.0,0.0,0.0,0.0,0.0,-173.255,0.0,0.0
ASP  13,90.682,0.0,0.0,-7.067,0.0,0.0,-73.707,0.0,0.0,-79.501,0.0,0.0,0.0,0.0,0.0,-69.59299999999999,0.0,0.0
TYR  14,99.758,0.0,0.0,-18.301,0.0,0.0,-97.397,0.0,0.0,0.796,0.0,0.0,0.0,0.0,0.0,-15.144000000000013,0.0,0.0
VAL  15,51.135,0.0,0.0,-10.227,0.0,0.0,-57.202,0.0,0.0,2.723,0.0,0.0,0.0,0.0,0.0,-13.570999999999998,0.0,0.0
ASP  16,112.728,0.0,0.0,-7.542,0.0,0.0,-122.418,0.0,0.0,-45.912,0.0,0.0,0.0,0.0,0.0,-63.14400000000001,0.0,0.0
ARG  17,-197.425,0.0,0.0,-6.598,0.0,0.0,18.215,0.0,0.0,3.852,0.0,0.0,0.0,0.0,0.0,-181.95600000000002,0.0,0.0
PHE  18,96.56,0.0,0.0,-14.764,0.0,0.0,-81.1,0.0,0.0,0.745,0.0,0.0,0.0,0.0,0.0,1.4410000000000123,0.0,0.0
TYR  19,97.076,0.0,0.0,-10.234,0.0,0.0,-87.424,0.0,0.0,-0.83,0.0,0.0,0.0,0.0,0.0,-1.412000000000008,0.0,0.0
LYS  20,138.757,0.0,0.0,-7.376,0.0,0.0,-131.666,0.0,0.0,-5.702,0.0,0.0,0.0,0.0,0.0,-5.9869999999999965,0.0,0.0
THR  21,43.18,0.0,0.0,-6.228,0.0,0.0,-54.628,0.0,0.0,-4.095,0.0,0.0,0.0,0.0,0.0,-21.771,0.0,0.0
LEU  22,75.557,0.0,0.0,-10.23,0.0,0.0,-67.099,0.0,0.0,-3.978,0.0,0.0,0.0,0.0,0.0,-5.750000000000005,0.0,0.0
ARG  23,-195.292,0.0,0.0,-7.111,0.0,0.0,68.807,0.0,0.0,-28.48,0.0,0.0,0.0,0.0,0.0,-162.076,0.0,0.0
ALA  24,86.229,0.0,0.0,-4.73,0.0,0.0,-79.469,0.0,0.0,-3.418,0.0,0.0,0.0,0.0,0.0,-1.387999999999999,0.0,0.0
GLU  25,104.379,0.0,0.0,-5.758,0.0,0.0,-71.789,0.0,0.0,-90.919,0.0,0.0,0.0,0.0,0.0,-64.08699999999999,0.0,0.0
GLN  26,26.669,0.0,0.0,-5.2,0.0,0.0,-67.344,0.0,0.0,-9.227,0.0,0.0,0.0,0.0,0.0,-55.10199999999999,0.0,0.0
ALA  27,97.111,0.0,0.0,-4.298,0.0,0.0,-81.452,0.0,0.0,-3.682,0.0,0.0,0.0,0.0,0.0,7.679000000000004,0.0,0.0
SER  28,66.429,0.0,0.0,-4.408,0.0,0.0,-56.578,0.0,0.0,-8.613,0.0,0.0,0.0,0.0,0.0,-3.1700000000000017,0.0,0.0
GLN  29,27.387,0.0,0.0,-3.993,0.0,0.0,-69.884,0.0,0.0,-8.148,0.0,0.0,0.0,0.0,0.0,-54.63799999999999,0.0,0.0
GLU  30,113.832,0.0,0.0,-6.015,0.0,0.0,-86.151,0.0,0.0,-76.339,0.0,0.0,0.0,0.0,0.0,-54.673,0.0,0.0
VAL  31,69.962,0.0,0.0,-7.078,0.0,0.0,-60.273,0.0,0.0,-1.876,0.0,0.0,0.0,0.0,0.0,0.7349999999999972,0.0,0.0
LYS  32,119.711,0.0,0.0,-8.211,0.0,0.0,-96.668,0.0,0.0,-15.187,0.0,0.0,0.0,0.0,0.0,-0.35500000000000576,0.0,0.0
ASN  33,27.55,0.0,0.0,-6.253,0.0,0.0,-91.451,0.0,0.0,-3.294,0.0,0.0,0.0,0.0,0.0,-73.448,0.0,0.0
TRP  34,120.903,0.0,0.0,-8.854,0.0,0.0,-93.256,0.0,0.0,-4.285,0.0,0.0,0.0,0.0,0.0,14.508000000000006,0.0,0.0
MET  35,105.478,0.0,0.0,-10.059,0.0,0.0,-89.355,0.0,0.0,-0.726,0.0,0.0,0.0,0.0,0.0,5.337999999999993,0.0,0.0
THR  36,41.795,0.0,0.0,-6.93,0.0,0.0,-59.467,0.0,0.0,0.539,0.0,0.0,0.0,0.0,0.0,-24.062999999999995,0.0,0.0
GLU  37,101.751,0.0,0.0,-4.751,0.0,0.0,-62.721,0.0,0.0,-93.939,0.0,0.0,0.0,0.0,0.0,-59.65999999999999,0.0,0.0
THR  38,39.044,0.0,0.0,-3.829,0.0,0.0,-53.631,0.0,0.0,0.765,0.0,0.0,0.0,0.0,0.0,-17.651000000000003,0.0,0.0
LEU  39,67.205,0.0,0.0,-8.242,0.0,0.0,-69.672,0.0,0.0,0.834,0.0,0.0,0.0,0.0,0.0,-9.875000000000004,0.0,0.0
LEU  40,88.657,0.0,0.0,-10.999,0.0,0.0,-89.653,0.0,0.0,1.12,0.0,0.0,0.0,0.0,0.0,-10.875000000000004,0.0,0.0
VAL  41,55.806,0.0,0.0,-8.709,0.0,0.0,-61.539,0.0,0.0,1.244,0.0,0.0,0.0,0.0,0.0,-13.198000000000008,0.0,0.0
GLN  42,30.514,0.0,0.0,-5.341,0.0,0.0,-70.604,0.0,0.0,-4.417,0.0,0.0,0.0,0.0,0.0,-49.848,0.0,0.0
ASN  43,20.286,0.0,0.0,-10.034,0.0,0.0,-82.074,0.0,0.0,-1.937,0.0,0.0,0.0,0.0,0.0,-73.759,0.0,0.0
ALA  44,90.51,0.0,0.0,-7.596,0.0,0.0,-80.264,0.0,0.0,1.388,0.0,0.0,0.0,0.0,0.0,4.038000000000006,0.0,0.0
ASN  45,53.416,0.0,0.0,-7.725,0.0,0.0,-97.634,0.0,0.0,-5.635,0.0,0.0,0.0,0.0,0.0,-57.578,0.0,0.0
PRO  46,79.03,0.0,0.0,-5.189,0.0,0.0,-60.943,0.0,0.0,-2.234,0.0,0.0,0.0,0.0,0.0,10.66400000000001,0.0,0.0
ASP  47,116.531,0.0,0.0,-6.486,0.0,0.0,-67.965,0.0,0.0,-101.355,0.0,0.0,0.0,0.0,0.0,-59.275000000000006,0.0,0.0
CYX  48,100.638,0.0,0.0,-8.295,0.0,0.0,-78.138,0.0,0.0,-2.323,0.0,0.0,0.0,0.0,0.0,11.881999999999998,0.0,0.0
LYS  49,139.182,0.0,0.0,-10.703,0.0,0.0,-116.657,0.0,0.0,-17.199,0.0,0.0,0.0,0.0,0.0,-5.377000000000013,0.0,0.0
THR  50,50.343,0.0,0.0,-5.41,0.0,0.0,-67.163,0.0,0.0,-0.922,0.0,0.0,0.0,0.0,0.0,-23.15199999999999,0.0,0.0
ILE  51,76.704,0.0,0.0,-8.14,0.0,0.0,-56.374,0.0,0.0,-1.034,0.0,0.0,0.0,0.0,0.0,11.15599999999999,0.0,0.0
LEU  52,83.173,0.0,0.0,-9.854,0.0,0.0,-73.76,0.0,0.0,-4.16,0.0,0.0,0.0,0.0,0.0,-4.601000000000003,0.0,0.0
LYS  53,118.826,0.0,0.0,-5.276,0.0,0.0,-95.677,0.0,0.0,-25.143,0.0,0.0,0.0,0.0,0.0,-7.27000000000001,0.0,0.0
ALA  54,83.447,0.0,0.0,-3.947,0.0,0.0,-74.138,0.0,0.0,-4.188,0.0,0.0,0.0,0.0,0.0,1.173999999999995,0.0,0.0
LEU  55,77.782,0.0,0.0,-7.83,0.0,0.0,-72.933,0.0,0.0,-4.879,0.0,0.0,0.0,0.0,0.0,-7.860000000000008,0.0,0.0
GLY  56,88.27,0.0,0.0,-3.223,0.0,0.0,-74.803,0.0,0.0,-5.967,0.0,0.0,0.0,0.0,0.0,4.277,0.0,0.0
PRO  57,80.357,0.0,0.0,-2.573,0.0,0.0,-53.452,0.0,0.0,-7.713,0.0,0.0,0.0,0.0,0.0,16.619000000000007,0.0,0.0
GLY  58,64.035,0.0,0.0,-1.818,0.0,0.0,-61.347,0.0,0.0,-5.393,0.0,0.0,0.0,0.0,0.0,-4.523000000000002,0.0,0.0
ALA  59,101.716,0.0,0.0,-3.893,0.0,0.0,-87.774,0.0,0.0,-5.214,0.0,0.0,0.0,0.0,0.0,4.834999999999992,0.0,0.0
THR  60,42.181,0.0,0.0,-5.379,0.0,0.0,-42.155,0.0,0.0,-8.508,0.0,0.0,0.0,0.0,0.0,-13.861,0.0,0.0
LEU  61,69.299,0.0,0.0,-7.136,0.0,0.0,-67.78,0.0,0.0,-3.492,0.0,0.0,0.0,0.0,0.0,-9.108999999999998,0.0,0.0
GLU  62,105.481,0.0,0.0,-7.049,0.0,0.0,-75.605,0.0,0.0,-86.503,0.0,0.0,0.0,0.0,0.0,-63.676000000000016,0.0,0.0
GLU  63,106.005,0.0,0.0,-4.419,0.0,0.0,-61.014,0.0,0.0,-102.439,0.0,0.0,0.0,0.0,0.0,-61.867,0.0,0.0
MET  64,89.573,0.0,0.0,-10.874,0.0,0.0,-73.937,0.0,0.0,-1.334,0.0,0.0,0.0,0.0,0.0,3.4280000000000004,0.0,0.0
MET  65,96.407,0.0,0.0,-10.807,0.0,0.0,-90.074,0.0,0.0,2.058,0.0,0.0,0.0,0.0,0.0,-2.416000000000004,0.0,0.0
THR  66,47.563,0.0,0.0,-5.927,0.0,0.0,-54.046,0.0,0.0,-1.031,0.0,0.0,0.0,0.0,0.0,-13.440999999999997,0.0,0.0
ALA  67,76.907,0.0,0.0,-4.906,0.0,0.0,-61.915,0.0,0.0,-4.44,0.0,0.0,0.0,0.0,0.0,5.645999999999991,0.0,0.0
CYX  68,92.389,0.0,0.0,-8.183,0.0,0.0,-78.886,0.0,0.0,-2.277,0.0,0.0,0.0,0.0,0.0,3.042999999999993,0.0,0.0
GLN  69,38.692,0.0,0.0,-8.243,0.0,0.0,-74.0,0.0,0.0,-7.635,0.0,0.0,0.0,0.0,0.0,-51.186,0.0,0.0
GLY  70,98.148,0.0,0.0,-2.422,0.0,0.0,-82.401,0.0,0.0,-7.12,0.0,0.0,0.0,0.0,0.0,6.205000000000003,0.0,0.0
VAL  71,34.076,0.0,0.0,-1.966,0.0,0.0,-18.707,0.0,0.0,-113.482,0.0,0.0,0.0,0.0,0.0,-100.07900000000001,0.0,0.0

DELTAS:
Total Energy Decomposition:
Residue,Location,Internal,,,van der Waals,,,Electrostatic,,,Polar Solvation,,,Non-Polar Solv.,,,TOTAL,,
,,Avg.,Std. Dev.,Std. Err. of Mean,Avg.,Std. Dev.,Std. Err. of Mean,Avg.,Std. Dev.,Std. Err. of Mean,Avg.,Std. Dev.,Std. Err. of Mean,Avg.,Std. Dev.,Std. Err. of Mean
PRO   1,R PRO   1,0.0,0.0,0.0,0.0,0.0,0.0,-4.852000000000004,0.0,0.0,4.813,0.0,0.0,0.0,0.0,0.0,-0.03900000000000414,0.0,0.0
ILE   2,R ILE   2,0.0,0.0,0.0,0.0,0.0,0.0,0.02200000000000557,0.0,0.0,-0.02200000000000024,0.0,0.0,0.0,0.0,0.0,5.329070518200751e-15,0.0,0.0
VAL   3,R VAL   3,0.0,0.0,0.0,-0.001000000000000334,0.0,0.0,-0.014000000000002899,0.0,0.0,0.01200000000000001,0.0,0.0,0.0,0.0,0.0,-0.0030000000000081073,0.0,0.0
GLN   4,R GLN   4,0.0,0.0,0.0,0.0,0.0,0.0,0.015000000000000568,0.0,0.0,-0.016000000000000014,0.0,0.0,0.0,0.0,0.0,-0.0009999999999976694,0.0,0.0
ASN   5,R ASN   5,0.0,0.0,0.0,0.0,0.0,0.0,0.04200000000000159,0.0,0.0,-0.03999999999999915,0.0,0.0,0.0,0.0,0.0,0.0020000000000095497,0.0,0.0
LEU   6,R LEU   6,0.0,0.0,0.0,0.0,0.0,0.0,0.018000000000000682,0.0,0.0,-0.017000000000001236,0.0,0.0,0.0,0.0,0.0,0.0009999999999994458,0.0,0.0
GLN   7,R GLN   7,0.0,0.0,0.0,0.0,0.0,0.0,0.02199999999999136,0.0,0.0,-0.02200000000000024,0.0,0.0,0.0,0.0,0.0,-7.105427357601002e-15,0.0,0.0
GLY   8,R GLY   8,0.0,0.0,0.0,0.0,0.0,0.0,0.0040000000000048885,0.0,0.0,-0.0029999999999996696,0.0,0.0,0.0,0.0,0.0,0.0010000000000047748,0.0,0.0
GLN   9,R GLN   9,0.0,0.0,0.0,0.0,0.0,0.0,0.0030000000000001137,0.0,0.0,-0.0030000000000001137,0.0,0.0,0.0,0.0,0.0,0.0,0.0,0.0
MET  10,R MET  10,0.0,0.0,0.0,0.0,0.0,0.0,-0.033999999999991815,0.0,0.0,0.03500000000000014,0.0,0.0,0.0,0.0,0.0,0.0010000000000083276,0.0,0.0
VAL  11,R VAL  11,0.0,0.0,0.0,0.0,0.0,0.0,0.02099999999999369,0.0,0.0,-0.020999999999999908,0.0,0.0,0.0,0.0,0.0,-5.329070518200751e-15,0.0,0.0
HID  12,R HID  12,0.0,0.0,0.0,-0.0009999999999994458,0.0,0.0,-0.03300000000000125,0.0,0.0,0.03200000000000003,0.0,0.0,0.0,0.0,0.0,-0.002000000000005997,0.0,0.0
GLN  13,R GLN  13,0.0,0.0,0.0,-0.0009999999999994458,0.0,0.0,-0.018000000000000682,0.0,0.0,0.018000000000000682,0.0,0.0,0.0,0.0,0.0,-0.0009999999999976694,0.0,0.0
ALA  14,R ALA  14,0.0,0.0,0.0,-0.0009999999999994458,0.0,0.0,0.0030000000000001137,0.0,0.0,-0.0040000000000000036,0.0,0.0,0.0,0.0,0.0,-0.0020000000000042206,0.0,0.0
ILE  15,R ILE  15,0.0,0.0,0.0,-0.0009999999999994458,0.0,0.0,-0.001999999999995339,0.0,0.0,0.0019999999999997797,0.0,0.0,0.0,0.0,0.0,-0.000999999999985235,0.0,0.0
SER  16,R SER  16,0.0,0.0,0.0,-0.001000000000000334,0.0,0.0,-0.0010000000000047748,0.0,0.0,0.0,0.0,0.0,0.0,0.0,0.0,-0.001999999999995339,0.0,0.0
PRO  17,R PRO  17,0.0,0.0,0.0,0.0,0.0,0.0,-0.0030000000000001137,0.0,0.0,0.0029999999999996696,0.0,0.0,0.0,0.0,0.0,-3.552713678800501e-15,0.0,0.0
ARG  18,R ARG  18,0.0,0.0,0.0,-0.0009999999999994458,0.0,0.0,-5.340999999999994,0.0,0.0,5.265999999999998,0.0,0.0,0.0,0.0,0.0,-0.0759999999999934,0.0,0.0
THR  19,R THR  19,0.0,0.0,0.0,-0.0019999999999988916,0.0,0.0,-0.04399999999999693,0.0,0.0,0.043999999999999595,0.0,0.0,0.0,0.0,0.0,-0.0019999999999988916,0.0,0.0
LEU  20,R LEU  20,0.0,0.0,0.0,-0.0009999999999994458,0.0,0.0,-0.021999999999998465,0.0,0.0,0.021999999999999797,0.0,0.0,0.0,0.0,0.0,-0.000999999999995893,0.0,0.0
ASN  21,R ASN  21,0.0,0.0,0.0,-0.0019999999999997797,0.0,0.0,-0.03300000000000125,0.0,0.0,0.03200000000000003,0.0,0.0,0.0,0.0,0.0,-0.0030000000000001137,0.0,0.0
ALA  22,R ALA  22,0.0,0.0,0.0,-0.0030000000000001137,0.0,0.0,-0.07399999999999807,0.0,0.0,0.07299999999999995,0.0,0.0,0.0,0.0,0.0,-0.003999999999997783,0.0,0.0
TRP  23,R TRP  23,0.0,0.0,0.0,-0.008999999999998565,0.0,0.0,-0.14700000000000557,0.0,0.0,0.14500000000000002,0.0,0.0,0.0,0.0,0.0,-0.011000000000006338,0.0,0.0
VAL  24,R VAL  24,0.0,0.0,0.0,-0.004999999999999893,0.0,0.0,-0.036999999999999034,0.0,0.0,0.036000000000000476,0.0,0.0,0.0,0.0,0.0,-0.0060000000000011156,0.0,0.0
LYS  25,R LYS  25,0.0,0.0,0.0,-0.01499999999999968,0.0,0.0,-5.459999999999994,0.0,0.0,5.372,0.0,0.0,0.0,0.0,0.0,-0.10300000000000864,0.0,0.0
VAL  26,R VAL  26,0.0,0.0,0.0,-0.02200000000000024,0.0,0.0,-0.31400000000000716,0.0,0.0,0.2999999999999998,0.0,0.0,0.0,0.0,0.0,-0.03600000000000669,0.0,0.0
VAL  27,R VAL  27,0.0,0.0,0.0,-0.019999999999999574,0.0,0.0,-0.20700000000000074,0.0,0.0,0.19599999999999995,0.0,0.0,0.0,0.0,0.0,-0.03099999999999703,0.0,0.0
GLU  28,R GLU  28,0.0,0.0,0.0,-0.03700000000000081,0.0,0.0,4.270000000000003,0.0,0.0,-4.239999999999995,0.0,0.0,0.0,0.0,0.0,-0.006999999999990791,0.0,0.0
GLU  29,R GLU  29,0.0,0.0,0.0,-0.11699999999999999,0.0,0.0,2.194999999999993,0.0,0.0,-1.9569999999999936,0.0,0.0,0.0,0.0,0.0,0.12099999999999511,0.0,0.0
LYS  30,R LYS  30,0.0,0.0,0.0,-0.3420000000000005,0.0,0.0,5.668999999999997,0.0,0.0,-4.652,0.0,0.0,0.0,0.0,0.0,0.674999999999998,0.0,0.0
ALA  31,R ALA  31,0.0,0.0,0.0,-0.11299999999999999,0.0,0.0,0.2610000000000099,0.0,0.0,-0.266,0.0,0.0,0.0,0.0,0.0,-0.11799999999998967,0.0,0.0
PHE  32,R PHE  32,0.0,0.0,0.0,-0.07000000000000028,0.0,0.0,0.5449999999999875,0.0,0.0,-0.5009999999999999,0.0,0.0,0.0,0.0,0.0,-0.02600000000001934,0.0,0.0
SER  33,R SER  33,0.0,0.0,0.0,-0.6029999999999998,0.0,0.0,-1.1300000000000097,0.0,0.0,1.395,0.0,0.0,0.0,0.0,0.0,-0.33800000000000274,0.0,0.0
PRO  34,R PRO  34,0.0,0.0,0.0,-1.9340000000000002,0.0,0.0,-1.304000000000002,0.0,0.0,1.629,0.0,0.0,0.0,0.0,0.0,-1.609,0.0,0.0
GLU  35,R GLU  35,0.0,0.0,0.0,-2.9609999999999994,0.0,0.0,-21.945999999999998,0.0,0.0,35.068000000000005,0.0,0.0,0.0,0.0,0.0,10.161000000000008,0.0,0.0
VAL  36,R VAL  36,0.0,0.0,0.0,-0.08199999999999896,0.0,0.0,-0.5240000000000009,0.0,0.0,0.545,0.0,0.0,0.0,0.0,0.0,-0.06100000000000172,0.0,0.0
ILE  37,R ILE  37,0.0,0.0,0.0,-0.06700000000000017,0.0,0.0,-0.17800000000000438,0.0,0.0,0.175,0.0,0.0,0.0,0.0,0.0,-0.07000000000001094,0.0,0.0
PRO  38,R PRO  38,0.0,0.0,0.0,-0.08499999999999996,0.0,0.0,0.5549999999999997,0.0,0.0,-0.5530000000000002,0.0,0.0,0.0,0.0,0.0,-0.08299999999999486,0.0,0.0
MET  39,R MET  39,0.0,0.0,0.0,-0.04499999999999993,0.0,0.0,-0.028000000000005798,0.0,0.0,0.02299999999999991,0.0,0.0,0.0,0.0,0.0,-0.050000000000007816,0.0,0.0
PHE  40,R PHE  40,0.0,0.0,0.0,-0.012000000000000455,0.0,0.0,0.016999999999995907,0.0,0.0,-0.018000000000000016,0.0,0.0,0.0,0.0,0.0,-0.013000000000004341,0.0,0.0
SER  41,R SER  41,0.0,0.0,0.0,-0.005999999999999783,0.0,0.0,0.2220000000000013,0.0,0.0,-0.21899999999999942,0.0,0.0,0.0,0.0,0.0,-0.0029999999999983373,0.0,0.0
ALA  42,R ALA  42,0.0,0.0,0.0,-0.004000000000000448,0.0,0.0,0.14200000000001012,0.0,0.0,-0.14100000000000001,0.0,0.0,0.0,0.0,0.0,-0.0029999999999805738,0.0,0.0
LEU  43,R LEU  43,0.0,0.0,0.0,-0.005000000000000782,0.0,0.0,0.05299999999999727,0.0,0.0,-0.05400000000000005,0.0,0.0,0.0,0.0,0.0,-0.0060000000000055564,0.0,0.0
SER  44,R SER  44,0.0,0.0,0.0,-0.0019999999999997797,0.0,0.0,0.10800000000000409,0.0,0.0,-0.10400000000000004,0.0,0.0,0.0,0.0,0.0,0.001999999999995339,0.0,0.0
GLU  45,R GLU  45,0.0,0.0,0.0,-0.0019999999999997797,0.0,0.0,4.7690000000000055,0.0,0.0,-4.722000000000008,0.0,0.0,0.0,0.0,0.0,0.045000000000001705,0.0,0.0
GLY  46,R GLY  46,0.0,0.0,0.0,0.0,0.0,0.0,-0.03700000000000614,0.0,0.0,0.035,0.0,0.0,0.0,0.0,0.0,-0.002000000000006441,0.0,0.0
ALA  47,R ALA  47,0.0,0.0,0.0,-0.001000000000000334,0.0,0.0,0.021000000000000796,0.0,0.0,-0.018000000000000016,0.0,0.0,0.0,0.0,0.0,0.001999999999996227,0.0,0.0
THR  48,R THR  48,0.0,0.0,0.0,-0.0009999999999994458,0.0,0.0,-0.005000000000002558,0.0,0.0,0.0040000000000000036,0.0,0.0,0.0,0.0,0.0,-0.002000000000000668,0.0,0.0
PRO  49,R PRO  49,0.0,0.0,0.0,-0.0009999999999994458,0.0,0.0,0.011000000000002785,0.0,0.0,-0.01200000000000001,0.0,0.0,0.0,0.0,0.0,-0.0020000000000024443,0.0,0.0
GLN  50,R GLN  50,0.0,0.0,0.0,0.0,0.0,0.0,0.021000000000000796,0.0,0.0,-0.020000000000000462,0.0,0.0,0.0,0.0,0.0,0.0010000000000047748,0.0,0.0
ASP  51,R ASP  51,0.0,0.0,0.0,0.0,0.0,0.0,4.903999999999996,0.0,0.0,-4.8629999999999995,0.0,0.0,0.0,0.0,0.0,0.04099999999999682,0.0,0.0
LEU  52,R LEU  52,0.0,0.0,0.0,-0.0010000000000012221,0.0,0.0,0.009000000000000341,0.0,0.0,-0.010000000000000009,0.0,0.0,0.0,0.0,0.0,-0.0020000000000024443,0.0,0.0
ASN  53,R ASN  53,0.0,0.0,0.0,0.0,0.0,0.0,0.09000000000000341,0.0,0.0,-0.09299999999999997,0.0,0.0,0.0,0.0,0.0,-0.0030000000000001137,0.0,0.0
THR  54,R THR  54,0.0,0.0,0.0,-0.001000000000000334,0.0,0.0,0.007999999999995566,0.0,0.0,-0.009000000000000119,0.0,0.0,0.0,0.0,0.0,-0.0020000000000024443,0.0,0.0
MET  55,R MET  55,0.0,0.0,0.0,-0.0019999999999988916,0.0,0.0,0.016000000000005343,0.0,0.0,-0.015999999999999903,0.0,0.0,0.0,0.0,0.0,-0.0019999999999891216,0.0,0.0
LEU  56,R LEU  56,0.0,0.0,0.0,-0.0009999999999994458,0.0,0.0,-0.0010000000000047748,0.0,0.0,0.0020000000000000018,0.0,0.0,0.0,0.0,0.0,-1.7763568394002505e-15,0.0,0.0
ASN  57,R ASN  57,0.0,0.0,0.0,-0.001000000000000334,0.0,0.0,0.0730000000000075,0.0,0.0,-0.0730000000000004,0.0,0.0,0.0,0.0,0.0,-0.000999999999990564,0.0,0.0
THR  58,R THR  58,0.0,0.0,0.0,-0.0019999999999997797,0.0,0.0,0.0020000000000024443,0.0,0.0,0.0019999999999997797,0.0,0.0,0.0,0.0,0.0,0.0020000000000024443,0.0,0.0
VAL  59,R VAL  59,0.0,0.0,0.0,-0.0030000000000001137,0.0,0.0,0.030999999999998806,0.0,0.0,-0.029000000000000137,0.0,0.0,0.0,0.0,0.0,-0.0010000000000012221,0.0,0.0
ALA  60,R ALA  60,0.0,0.0,0.0,0.0,0.0,0.0,0.049000000000006594,0.0,0.0,-0.04800000000000004,0.0,0.0,0.0,0.0,0.0,0.0010000000000083276,0.0,0.0
PRO  61,R PRO  61,0.0,0.0,0.0,-0.0009999999999994458,0.0,0.0,0.014000000000002899,0.0,0.0,-0.0129999999999999,0.0,0.0,0.0,0.0,0.0,-3.552713678800501e-15,0.0,0.0
HID  62,R HID  62,0.0,0.0,0.0,-0.0030000000000001137,0.0,0.0,-0.03700000000000614,0.0,0.0,0.03500000000000014,0.0,0.0,0.0,0.0,0.0,-0.005000000000009663,0.0,0.0
GLN  63,R GLN  63,0.0,0.0,0.0,-0.006999999999999673,0.0,0.0,0.09299999999999642,0.0,0.0,-0.0909999999999993,0.0,0.0,0.0,0.0,0.0,-0.005000000000002558,0.0,0.0
ALA  64,R ALA  64,0.0,0.0,0.0,-0.0030000000000001137,0.0,0.0,0.008000000000009777,0.0,0.0,-0.008000000000000007,0.0,0.0,0.0,0.0,0.0,-0.0029999999999903437,0.0,0.0
ALA  65,R ALA  65,0.0,0.0,0.0,-0.0030000000000001137,0.0,0.0,0.05000000000001137,0.0,0.0,-0.04899999999999993,0.0,0.0,0.0,0.0,0.0,-0.0019999999999891216,0.0,0.0
ALA  66,R ALA  66,0.0,0.0,0.0,-0.0019999999999997797,0.0,0.0,0.021000000000000796,0.0,0.0,-0.023999999999999966,0.0,0.0,0.0,0.0,0.0,-0.004999999999994564,0.0,0.0
GLN  67,R GLN  67,0.0,0.0,0.0,-0.0019999999999997797,0.0,0.0,0.01099999999999568,0.0,0.0,-0.010000000000001563,0.0,0.0,0.0,0.0,0.0,-0.0009999999999976694,0.0,0.0
MET  68,R MET  68,0.0,0.0,0.0,-0.0039999999999995595,0.0,0.0,-0.08100000000000307,0.0,0.0,0.08099999999999996,0.0,0.0,0.0,0.0,0.0,-0.004000000000007553,0.0,0.0
LEU  69,R LEU  69,0.0,0.0,0.0,-0.0030000000000001137,0.0,0.0,0.057999999999992724,0.0,0.0,-0.053999999999999826,0.0,0.0,0.0,0.0,0.0,0.0009999999999799059,0.0,0.0
LYS  70,R LYS  70,0.0,0.0,0.0,-0.0009999999999994458,0.0,0.0,-5.408000000000001,0.0,0.0,5.363999999999999,0.0,0.0,0.0,0.0,0.0,-0.045000000000007034,0.0,0.0
GLU  71,R GLU  71,0.0,0.0,0.0,-0.002000000000000668,0.0,0.0,6.422000000000004,0.0,0.0,-6.349000000000004,0.0,0.0,0.0,0.0,0.0,0.07099999999999795,0.0,0.0
THR  72,R THR  72,0.0,0.0,0.0,-0.002000000000000668,0.0,0.0,0.0379999999999967,0.0,0.0,-0.03699999999999992,0.0,0.0,0.0,0.0,0.0,-0.0010000000000083276,0.0,0.0
ILE  73,R ILE  73,0.0,0.0,0.0,-0.0019999999999988916,0.0,0.0,0.015000000000000568,0.0,0.0,-0.013000000000000345,0.0,0.0,0.0,0.0,0.0,5.329070518200751e-15,0.0,0.0
ASN  74,R ASN  74,0.0,0.0,0.0,-0.0009999999999994458,0.0,0.0,-0.13700000000000045,0.0,0.0,0.1349999999999998,0.0,0.0,0.0,0.0,0.0,-0.0030000000000001137,0.0,0.0
GLU  75,R GLU  75,0.0,0.0,0.0,-0.001000000000000334,0.0,0.0,5.975000000000001,0.0,0.0,-5.920000000000002,0.0,0.0,0.0,0.0,0.0,0.05399999999999494,0.0,0.0
GLU  76,R GLU  76,0.0,0.0,0.0,-0.0010000000000012221,0.0,0.0,6.975000000000001,0.0,0.0,-6.900000000000006,0.0,0.0,0.0,0.0,0.0,0.07399999999999096,0.0,0.0
ALA  77,R ALA  77,0.0,0.0,0.0,0.0,0.0,0.0,-0.036000000000001364,0.0,0.0,0.0349999999999997,0.0,0.0,0.0,0.0,0.0,-0.0010000000000021103,0.0,0.0
ALA  78,R ALA  78,0.0,0.0,0.0,-0.001000000000000334,0.0,0.0,-0.0660000000000025,0.0,0.0,0.06499999999999995,0.0,0.0,0.0,0.0,0.0,-0.0019999999999926743,0.0,0.0
GLU  79,R GLU  79,0.0,0.0,0.0,0.0,0.0,0.0,6.076000000000008,0.0,0.0,-6.024000000000001,0.0,0.0,0.0,0.0,0.0,0.05200000000000671,0.0,0.0
TRP  80,R TRP  80,0.0,0.0,0.0,-0.0009999999999994458,0.0,0.0,0.02599999999999625,0.0,0.0,-0.02400000000000002,0.0,0.0,0.0,0.0,0.0,0.000999999999990564,0.0,0.0
ASP  81,R ASP  81,0.0,0.0,0.0,0.0,0.0,0.0,5.224000000000004,0.0,0.0,-5.184000000000012,0.0,0.0,0.0,0.0,0.0,0.03999999999999204,0.0,0.0
ARG  82,R ARG  82,0.0,0.0,0.0,-0.001000000000000334,0.0,0.0,-5.715000000000002,0.0,0.0,5.669000000000004,0.0,0.0,0.0,0.0,0.0,-0.047000000000025466,0.0,0.0
LEU  83,R LEU  83,0.0,0.0,0.0,0.0,0.0,0.0,-0.04800000000000182,0.0,0.0,0.0479999999999996,0.0,0.0,0.0,0.0,0.0,0.0,0.0,0.0
HID  84,R HID  84,0.0,0.0,0.0,0.0,0.0,0.0,0.013999999999995794,0.0,0.0,-0.0129999999999999,0.0,0.0,0.0,0.0,0.0,0.0009999999999976694,0.0,0.0
PRO  85,R PRO  85,0.0,0.0,0.0,0.0,0.0,0.0,0.030999999999998806,0.0,0.0,-0.031000000000000583,0.0,0.0,0.0,0.0,0.0,-3.552713678800501e-15,0.0,0.0
VAL  86,R VAL  86,0.0,0.0,0.0,0.0,0.0,0.0,0.00999999999999801,0.0,0.0,-0.008999999999999453,0.0,0.0,0.0,0.0,0.0,0.0009999999999976694,0.0,0.0
HID  87,R HID  87,0.0,0.0,0.0,0.0,0.0,0.0,-0.04099999999999682,0.0,0.0,0.04100000000000037,0.0,0.0,0.0,0.0,0.0,3.552713678800501e-15,0.0,0.0
ALA  88,R ALA  88,0.0,0.0,0.0,0.0,0.0,0.0,-0.021000000000000796,0.0,0.0,0.019000000000000128,0.0,0.0,0.0,0.0,0.0,-0.002000000000000668,0.0,0.0
GLY  89,R GLY  89,0.0,0.0,0.0,0.0,0.0,0.0,0.049000000000006594,0.0,0.0,-0.04899999999999949,0.0,0.0,0.0,0.0,0.0,7.105427357601002e-15,0.0,0.0
PRO  90,R PRO  90,0.0,0.0,0.0,0.0,0.0,0.0,0.008000000000002672,0.0,0.0,-0.008000000000000007,0.0,0.0,0.0,0.0,0.0,1.7763568394002505e-15,0.0,0.0
ILE  91,R ILE  91,0.0,0.0,0.0,0.0,0.0,0.0,-0.009000000000000341,0.0,0.0,0.009000000000000341,0.0,0.0,0.0,0.0,0.0,0.0,0.0,0.0
ALA  92,R ALA  92,0.0,0.0,0.0,0.0,0.0,0.0,0.022999999999996135,0.0,0.0,-0.02200000000000024,0.0,0.0,0.0,0.0,0.0,0.0009999999999941167,0.0,0.0
PRO  93,R PRO  93,0.0,0.0,0.0,0.0,0.0,0.0,0.02400000000000091,0.0,0.0,-0.025000000000000355,0.0,0.0,0.0,0.0,0.0,-0.0009999999999976694,0.0,0.0
GLY  94,R GLY  94,0.0,0.0,0.0,0.0,0.0,0.0,0.0040000000000048885,0.0,0.0,-0.004999999999999893,0.0,0.0,0.0,0.0,0.0,-0.0009999999999950049,0.0,0.0
GLN  95,R GLN  95,0.0,0.0,0.0,-0.001000000000000334,0.0,0.0,0.008000000000009777,0.0,0.0,-0.009999999999999787,0.0,0.0,0.0,0.0,0.0,-0.002999999999985903,0.0,0.0
MET  96,R MET  96,0.0,0.0,0.0,0.0,0.0,0.0,-0.02600000000001046,0.0,0.0,0.02399999999999991,0.0,0.0,0.0,0.0,0.0,-0.0020000000000095497,0.0,0.0
ARG  97,R ARG  97,0.0,0.0,0.0,0.0,0.0,0.0,-4.567,0.0,0.0,4.524999999999999,0.0,0.0,0.0,0.0,0.0,-0.04200000000003001,0.0,0.0
GLU  98,R GLU  98,0.0,0.0,0.0,0.0,0.0,0.0,4.783000000000001,0.0,0.0,-4.735999999999997,0.0,0.0,0.0,0.0,0.0,0.04700000000000415,0.0,0.0
PRO  99,R PRO  99,0.0,0.0,0.0,-0.0009999999999994458,0.0,0.0,0.01899999999999835,0.0,0.0,-0.020000000000000018,0.0,0.0,0.0,0.0,0.0,-0.001999999999995339,0.0,0.0
ARG 100,R ARG 100,0.0,0.0,0.0,-0.0009999999999994458,0.0,0.0,-4.961000000000002,0.0,0.0,4.917999999999999,0.0,0.0,0.0,0.0,0.0,-0.04400000000001114,0.0,0.0
GLY 101,R GLY 101,0.0,0.0,0.0,0.0,0.0,0.0,0.01100000000000989,0.0,0.0,-0.008999999999999897,0.0,0.0,0.0,0.0,0.0,0.0020000000000095497,0.0,0.0
SER 102,R SER 102,0.0,0.0,0.0,0.0,0.0,0.0,0.02199999999999136,0.0,0.0,-0.02200000000000002,0.0,0.0,0.0,0.0,0.0,-8.881784197001252e-15,0.0,0.0
ASP 103,R ASP 103,0.0,0.0,0.0,0.0,0.0,0.0,4.837000000000003,0.0,0.0,-4.795999999999999,0.0,0.0,0.0,0.0,0.0,0.04100000000000392,0.0,0.0
ILE 104,R ILE 104,0.0,0.0,0.0,0.0,0.0,0.0,-0.02400000000000091,0.0,0.0,0.02400000000000002,0.0,0.0,0.0,0.0,0.0,0.0,0.0,0.0
ALA 105,R ALA 105,0.0,0.0,0.0,-0.001000000000000334,0.0,0.0,-0.005000000000009663,0.0,0.0,0.0040000000000000036,0.0,0.0,0.0,0.0,0.0,-0.0020000000000139906,0.0,0.0
GLY 106,R GLY 106,0.0,0.0,0.0,0.0,0.0,0.0,-0.02200000000000557,0.0,0.0,0.020999999999999908,0.0,0.0,0.0,0.0,0.0,-0.001000000000005663,0.0,0.0
THR 107,R THR 107,0.0,0.0,0.0,0.0,0.0,0.0,-0.05799999999999983,0.0,0.0,0.058999999999999275,0.0,0.0,0.0,0.0,0.0,0.0010000000000012221,0.0,0.0
THR 108,R THR 108,0.0,0.0,0.0,0.0,0.0,0.0,-0.006000000000000227,0.0,0.0,0.007000000000000117,0.0,0.0,0.0,0.0,0.0,0.0010000000000012221,0.0,0.0
SER 109,R SER 109,0.0,0.0,0.0,0.0,0.0,0.0,0.015999999999991132,0.0,0.0,-0.016000000000000014,0.0,0.0,0.0,0.0,0.0,-8.881784197001252e-15,0.0,0.0
THR 110,R THR 110,0.0,0.0,0.0,0.0,0.0,0.0,0.018000000000000682,0.0,0.0,-0.018000000000000682,0.0,0.0,0.0,0.0,0.0,0.0,0.0,0.0
LEU 111,R LEU 111,0.0,0.0,0.0,0.0,0.0,0.0,0.016999999999995907,0.0,0.0,-0.016000000000000014,0.0,0.0,0.0,0.0,0.0,0.000999999999995893,0.0,0.0
GLN 112,R GLN 112,0.0,0.0,0.0,0.0,0.0,0.0,0.030000000000001137,0.0,0.0,-0.03200000000000003,0.0,0.0,0.0,0.0,0.0,-0.0020000000000024443,0.0,0.0
GLU 113,R GLU 113,0.0,0.0,0.0,0.0,0.0,0.0,4.551000000000002,0.0,0.0,-4.518999999999998,0.0,0.0,0.0,0.0,0.0,0.03200000000000358,0.0,0.0
GLN 114,R GLN 114,0.0,0.0,0.0,0.0,0.0,0.0,0.01300000000000523,0.0,0.0,-0.01200000000000001,0.0,0.0,0.0,0.0,0.0,0.0010000000000047748,0.0,0.0
ILE 115,R ILE 115,0.0,0.0,0.0,0.0,0.0,0.0,0.021000000000000796,0.0,0.0,-0.018000000000000016,0.0,0.0,0.0,0.0,0.0,0.00300000000000189,0.0,0.0
GLY 116,R GLY 116,0.0,0.0,0.0,0.0,0.0,0.0,0.0,0.0,0.0,0.0,0.0,0.0,0.0,0.0,0.0,0.0,0.0,0.0
TRP 117,R TRP 117,0.0,0.0,0.0,-0.0010000000000012221,0.0,0.0,0.027000000000001023,0.0,0.0,-0.024999999999999998,0.0,0.0,0.0,0.0,0.0,0.000999999999995893,0.0,0.0
MET 118,R MET 118,0.0,0.0,0.0,0.0,0.0,0.0,0.02200000000000557,0.0,0.0,-0.019000000000000128,0.0,0.0,0.0,0.0,0.0,0.0030000000000054428,0.0,0.0
THR 119,R THR 119,0.0,0.0,0.0,0.0,0.0,0.0,-0.012999999999998124,0.0,0.0,0.015000000000000124,0.0,0.0,0.0,0.0,0.0,0.0020000000000024443,0.0,0.0
HID 120,R HID 120,0.0,0.0,0.0,0.0,0.0,0.0,-0.009000000000000341,0.0,0.0,0.008000000000000007,0.0,0.0,0.0,0.0,0.0,-0.0010000000000012221,0.0,0.0
ASN 121,R ASN 121,0.0,0.0,0.0,0.0,0.0,0.0,0.013999999999995794,0.0,0.0,-0.014000000000001123,0.0,0.0,0.0,0.0,0.0,-7.105427357601002e-15,0.0,0.0
PRO 122,R PRO 122,0.0,0.0,0.0,0.0,0.0,0.0,-0.035000000000003695,0.0,0.0,0.03100000000000014,0.0,0.0,0.0,0.0,0.0,-0.004000000000001336,0.0,0.0
PRO 123,R PRO 123,0.0,0.0,0.0,0.0,0.0,0.0,0.017000000000003013,0.0,0.0,-0.01399999999999979,0.0,0.0,0.0,0.0,0.0,0.0030000000000036664,0.0,0.0
ILE 124,R ILE 124,0.0,0.0,0.0,-0.0009999999999994458,0.0,0.0,-0.036000000000001364,0.0,0.0,0.03399999999999992,0.0,0.0,0.0,0.0,0.0,-0.003000000000007219,0.0,0.0
PRO 125,R PRO 125,0.0,0.0,0.0,0.0,0.0,0.0,0.036000000000001364,0.0,0.0,-0.03600000000000003,0.0,0.0,0.0,0.0,0.0,3.552713678800501e-15,0.0,0.0
VAL 126,R VAL 126,0.0,0.0,0.0,0.0,0.0,0.0,0.06199999999999761,0.0,0.0,-0.06200000000000001,0.0,0.0,0.0,0.0,0.0,-1.7763568394002505e-15,0.0,0.0
GLY 127,R GLY 127,0.0,0.0,0.0,-0.001000000000000334,0.0,0.0,0.06300000000000239,0.0,0.0,-0.06400000000000006,0.0,0.0,0.0,0.0,0.0,-0.0019999999999882334,0.0,0.0
GLU 128,R GLU 128,0.0,0.0,0.0,-0.0009999999999994458,0.0,0.0,5.50500000000001,0.0,0.0,-5.435000000000002,0.0,0.0,0.0,0.0,0.0,0.06900000000001683,0.0,0.0
ILE 129,R ILE 129,0.0,0.0,0.0,-0.0010000000000012221,0.0,0.0,0.11699999999999022,0.0,0.0,-0.11499999999999999,0.0,0.0,0.0,0.0,0.0,0.000999999999985235,0.0,0.0
TYR 130,R TYR 130,0.0,0.0,0.0,-0.0019999999999988916,0.0,0.0,0.1280000000000001,0.0,0.0,-0.1259999999999999,0.0,0.0,0.0,0.0,0.0,5.329070518200751e-15,0.0,0.0
LYS 131,R LYS 131,0.0,0.0,0.0,-0.0030000000000001137,0.0,0.0,-5.25,0.0,0.0,5.190999999999999,0.0,0.0,0.0,0.0,0.0,-0.061999999999986954,0.0,0.0
ARG 132,R ARG 132,0.0,0.0,0.0,-0.0039999999999995595,0.0,0.0,-6.042000000000002,0.0,0.0,5.952999999999999,0.0,0.0,0.0,0.0,0.0,-0.09300000000001774,0.0,0.0
TRP 133,R TRP 133,0.0,0.0,0.0,-0.0020000000000024443,0.0,0.0,0.11299999999999955,0.0,0.0,-0.11100000000000021,0.0,0.0,0.0,0.0,0.0,3.552713678800501e-15,0.0,0.0
ILE 134,R ILE 134,0.0,0.0,0.0,-0.0039999999999995595,0.0,0.0,0.14700000000000557,0.0,0.0,-0.14300000000000002,0.0,0.0,0.0,0.0,0.0,0.0,0.0,0.0
ILE 135,R ILE 135,0.0,0.0,0.0,-0.01499999999999968,0.0,0.0,0.18299999999999983,0.0,0.0,-0.17600000000000005,0.0,0.0,0.0,0.0,0.0,-0.008000000000000895,0.0,0.0
LEU 136,R LEU 136,0.0,0.0,0.0,-0.006999999999999673,0.0,0.0,0.2079999999999984,0.0,0.0,-0.20299999999999985,0.0,0.0,0.0,0.0,0.0,-0.0019999999999988916,0.0,0.0
GLY 137,R GLY 137,0.0,0.0,0.0,-0.004000000000000448,0.0,0.0,0.2330000000000041,0.0,0.0,-0.22799999999999998,0.0,0.0,0.0,0.0,0.0,0.0009999999999990017,0.0,0.0
LEU 138,R LEU 138,0.0,0.0,0.0,-0.018000000000000682,0.0,0.0,0.26599999999999113,0.0,0.0,-0.261,0.0,0.0,0.0,0.0,0.0,-0.013000000000010559,0.0,0.0
ASN 139,R ASN 139,0.0,0.0,0.0,-0.02900000000000169,0.0,0.0,-0.29399999999999693,0.0,0.0,0.274,0.0,0.0,0.0,0.0,0.0,-0.04899999999999238,0.0,0.0
LYS 140,R LYS 140,0.0,0.0,0.0,-0.009000000000000341,0.0,0.0,-7.729000000000013,0.0,0.0,7.630000000000001,0.0,0.0,0.0,0.0,0.0,-0.10800000000001297,0.0,0.0
ILE 141,R ILE 141,0.0,0.0,0.0,-0.015000000000000568,0.0,0.0,0.1700000000000017,0.0,0.0,-0.16899999999999998,0.0,0.0,0.0,0.0,0.0,-0.013999999999999346,0.0,0.0
VAL 142,R VAL 142,0.0,0.0,0.0,-0.07900000000000063,0.0,0.0,0.01300000000000523,0.0,0.0,-0.01100000000000012,0.0,0.0,0.0,0.0,0.0,-0.07699999999999552,0.0,0.0
ARG 143,R ARG 143,0.0,0.0,0.0,-0.03500000000000014,0.0,0.0,-13.381,0.0,0.0,13.143,0.0,0.0,0.0,0.0,0.0,-0.27300000000002456,0.0,0.0
MET 144,R MET 144,0.0,0.0,0.0,-0.01100000000000012,0.0,0.0,0.21999999999999886,0.0,0.0,-0.21499999999999986,0.0,0.0,0.0,0.0,0.0,-0.0060000000000108855,0.0,0.0
TYR 145,R TYR 145,0.0,0.0,0.0,-0.02800000000000047,0.0,0.0,0.05100000000000193,0.0,0.0,-0.054999999999999716,0.0,0.0,0.0,0.0,0.0,-0.03199999999998937,0.0,0.0
SER 146,R SER 146,0.0,0.0,0.0,-0.04599999999999982,0.0,0.0,0.22799999999999443,0.0,0.0,-0.2320000000000002,0.0,0.0,0.0,0.0,0.0,-0.04999999999999716,0.0,0.0
PRO 147,R PRO 147,0.0,0.0,0.0,-0.20800000000000018,0.0,0.0,1.6450000000000031,0.0,0.0,-1.5679999999999996,0.0,0.0,0.0,0.0,0.0,-0.13099999999999667,0.0,0.0
THR 148,R THR 148,0.0,0.0,0.0,-2.479,0.0,0.0,-0.7449999999999974,0.0,0.0,1.6509999999999998,0.0,0.0,0.0,0.0,0.0,-1.5729999999999968,0.0,0.0
SER 149,R SER 149,0.0,0.0,0.0,-2.46,0.0,0.0,-9.639000000000003,0.0,0.0,7.688,0.0,0.0,0.0,0.0,0.0,-4.410999999999997,0.0,0.0
ILE 150,R ILE 150,19.197000000000003,0.0,0.0,-8.552,0.0,0.0,-28.484,0.0,0.0,8.148,0.0,0.0,0.0,0.0,0.0,-9.691000000000006,0.0,0.0
LEU 151,L LEU   1,19.317999999999998,0.0,0.0,-2.305,0.0,0.0,-25.28,0.0,0.0,1.573,0.0,0.0,0.0,0.0,0.0,-6.694000000000003,0.0,0.0
ASP 152,L ASP   2,0.0,0.0,0.0,-1.6049999999999995,0.0,0.0,8.873999999999995,0.0,0.0,-8.176000000000002,0.0,0.0,0.0,0.0,0.0,-0.9069999999999965,0.0,0.0
ILE 153,L ILE   3,0.0,0.0,0.0,-2.7110000000000003,0.0,0.0,-1.7469999999999999,0.0,0.0,1.806,0.0,0.0,0.0,0.0,0.0,-2.6519999999999992,0.0,0.0
ARG 154,L ARG   4,0.0,0.0,0.0,-0.2419999999999991,0.0,0.0,-11.977,0.0,0.0,11.620000000000001,0.0,0.0,0.0,0.0,0.0,-0.5989999999999895,0.0,0.0
GLN 155,L GLN   5,0.0,0.0,0.0,-0.022999999999999687,0.0,0.0,-0.26300000000000523,0.0,0.0,0.245,0.0,0.0,0.0,0.0,0.0,-0.04100000000001103,0.0,0.0
GLY 156,L GLY   6,0.0,0.0,0.0,-0.008000000000000007,0.0,0.0,-0.09199999999999875,0.0,0.0,0.09700000000000042,0.0,0.0,0.0,0.0,0.0,-0.0029999999999930083,0.0,0.0
PRO 157,L PRO   7,0.0,0.0,0.0,-0.006000000000000227,0.0,0.0,-0.16399999999999437,0.0,0.0,0.16100000000000003,0.0,0.0,0.0,0.0,0.0,-0.008999999999996788,0.0,0.0
LYS 158,L LYS   8,0.0,0.0,0.0,-0.0050000000000003375,0.0,0.0,-9.576000000000008,0.0,0.0,9.428999999999998,0.0,0.0,0.0,0.0,0.0,-0.15200000000000458,0.0,0.0
GLU 159,L GLU   9,0.0,0.0,0.0,-0.021999999999999797,0.0,0.0,14.184000000000012,0.0,0.0,-13.940000000000001,0.0,0.0,0.0,0.0,0.0,0.22200000000002262,0.0,0.0
PRO 160,L PRO  10,0.0,0.0,0.0,-0.006999999999999673,0.0,0.0,0.4280000000000044,0.0,0.0,-0.40499999999999997,0.0,0.0,0.0,0.0,0.0,0.01600000000001245,0.0,0.0
PHE 161,L PHE  11,0.0,0.0,0.0,-0.010999999999999233,0.0,0.0,0.46999999999999886,0.0,0.0,-0.438,0.0,0.0,0.0,0.0,0.0,0.02100000000000435,0.0,0.0
ARG 162,L ARG  12,0.0,0.0,0.0,-0.009999999999999787,0.0,0.0,-8.271,0.0,0.0,8.169,0.0,0.0,0.0,0.0,0.0,-0.11199999999996635,0.0,0.0
ASP 163,L ASP  13,0.0,0.0,0.0,-0.017999999999999794,0.0,0.0,13.270999999999994,0.0,0.0,-13.070999999999998,0.0,0.0,0.0,0.0,0.0,0.18199999999998795,0.0,0.0
TYR 164,L TYR  14,0.0,0.0,0.0,-0.08100000000000307,0.0,0.0,0.06700000000000728,0.0,0.0,-0.253,0.0,0.0,0.0,0.0,0.0,-0.2669999999999959,0.0,0.0
VAL 165,L VAL  15,0.0,0.0,0.0,-0.02999999999999936,0.0,0.0,0.3739999999999952,0.0,0.0,-0.36099999999999977,0.0,0.0,0.0,0.0,0.0,-0.01700000000000479,0.0,0.0
ASP 166,L ASP  16,0.0,0.0,0.0,-0.06200000000000028,0.0,0.0,15.955000000000013,0.0,0.0,-15.740000000000002,0.0,0.0,0.0,0.0,0.0,0.1530000000000129,0.0,0.0
ARG 167,L ARG  17,0.0,0.0,0.0,-0.32399999999999984,0.0,0.0,-17.33,0.0,0.0,17.44,0.0,0.0,0.0,0.0,0.0,-0.21399999999999864,0.0,0.0
PHE 168,L PHE  18,0.0,0.0,0.0,-0.9169999999999998,0.0,0.0,-0.09799999999999898,0.0,0.0,-0.15500000000000003,0.0,0.0,0.0,0.0,0.0,-1.1700000000000008,0.0,0.0
TYR 169,L TYR  19,0.0,0.0,0.0,-0.12599999999999945,0.0,0.0,0.4270000000000067,0.0,0.0,-0.39700000000000013,0.0,0.0,0.0,0.0,0.0,-0.09599999999999809,0.0,0.0
LYS 170,L LYS  20,0.0,0.0,0.0,-0.6840000000000002,0.0,0.0,-20.187000000000012,0.0,0.0,20.298000000000002,0.0,0.0,0.0,0.0,0.0,-0.5730000000000093,0.0,0.0
THR 171,L THR  21,0.0,0.0,0.0,-1.415,0.0,0.0,-0.054999999999999716,0.0,0.0,0.3929999999999998,0.0,0.0,0.0,0.0,0.0,-1.0769999999999982,0.0,0.0
LEU 172,L LEU  22,0.0,0.0,0.0,-1.032,0.0,0.0,-0.2639999999999958,0.0,0.0,0.278,0.0,0.0,0.0,0.0,0.0,-1.0179999999999927,0.0,0.0
ARG 173,L ARG  23,0.0,0.0,0.0,-2.4810000000000008,0.0,0.0,-36.792,0.0,0.0,32.123,0.0,0.0,0.0,0.0,0.0,-7.150000000000034,0.0,0.0
ALA 174,L ALA  24,0.0,0.0,0.0,-1.9469999999999992,0.0,0.0,-0.6110000000000042,0.0,0.0,1.433,0.0,0.0,0.0,0.0,0.0,-1.125000000000007,0.0,0.0
GLU 175,L GLU  25,0.0,0.0,0.0,-1.5919999999999996,0.0,0.0,4.7620000000000005,0.0,0.0,-2.5919999999999987,0.0,0.0,0.0,0.0,0.0,0.578000000000003,0.0,0.0
GLN 176,L GLN  26,0.0,0.0,0.0,-1.013,0.0,0.0,2.530000000000001,0.0,0.0,-0.6329999999999991,0.0,0.0,0.0,0.0,0.0,0.8840000000000003,0.0,0.0
ALA 177,L ALA  27,0.0,0.0,0.0,-0.08999999999999986,0.0,0.0,0.5229999999999961,0.0,0.0,-0.504,0.0,0.0,0.0,0.0,0.0,-0.07100000000000684,0.0,0.0
SER 178,L SER  28,0.0,0.0,0.0,-0.01899999999999924,0.0,0.0,0.029000000000003467,0.0,0.0,-0.014000000000001123,0.0,0.0,0.0,0.0,0.0,-0.003999999999996007,0.0,0.0
GLN 179,L GLN  29,0.0,0.0,0.0,-0.016999999999999904,0.0,0.0,0.6359999999999957,0.0,0.0,-0.6080000000000005,0.0,0.0,0.0,0.0,0.0,0.010999999999988574,0.0,0.0
GLU 180,L GLU  30,0.0,0.0,0.0,-0.008000000000000007,0.0,0.0,8.567999999999998,0.0,0.0,-8.405000000000001,0.0,0.0,0.0,0.0,0.0,0.15500000000000114,0.0,0.0
VAL 181,L VAL  31,0.0,0.0,0.0,-0.04699999999999971,0.0,0.0,-0.0449999999999946,0.0,0.0,0.06999999999999984,0.0,0.0,0.0,0.0,0.0,-0.021999999999991804,0.0,0.0
LYS 182,L LYS  32,0.0,0.0,0.0,-0.05400000000000027,0.0,0.0,-12.60799999999999,0.0,0.0,12.399,0.0,0.0,0.0,0.0,0.0,-0.26299999999999235,0.0,0.0
ASN 183,L ASN  33,0.0,0.0,0.0,-0.009999999999999787,0.0,0.0,0.21599999999999397,0.0,0.0,-0.20199999999999996,0.0,0.0,0.0,0.0,0.0,0.003999999999990678,0.0,0.0
TRP 184,L TRP  34,0.0,0.0,0.0,-0.025000000000000355,0.0,0.0,0.06700000000000728,0.0,0.0,-0.06299999999999972,0.0,0.0,0.0,0.0,0.0,-0.020999999999997243,0.0,0.0
MET 185,L MET  35,0.0,0.0,0.0,-0.7650000000000006,0.0,0.0,0.25500000000000966,0.0,0.0,0.06599999999999995,0.0,0.0,0.0,0.0,0.0,-0.44399999999999107,0.0,0.0
THR 186,L THR  36,0.0,0.0,0.0,-0.02400000000000002,0.0,0.0,0.17099999999999937,0.0,0.0,-0.15600000000000003,0.0,0.0,0.0,0.0,0.0,-0.009000000000003894,0.0,0.0
GLU 187,L GLU  37,0.0,0.0,0.0,-0.006999999999999673,0.0,0.0,7.994,0.0,0.0,-7.856000000000009,0.0,0.0,0.0,0.0,0.0,0.13100000000000023,0.0,0.0
THR 188,L THR  38,0.0,0.0,0.0,-0.016000000000000014,0.0,0.0,-0.0519999999999996,0.0,0.0,0.007000000000000006,0.0,0.0,0.0,0.0,0.0,-0.06099999999999994,0.0,0.0
LEU 189,L LEU  39,0.0,0.0,0.0,-0.5589999999999993,0.0,0.0,-0.4350000000000023,0.0,0.0,0.10899999999999999,0.0,0.0,0.0,0.0,0.0,-0.8849999999999998,0.0,0.0
LEU 190,L LEU  40,0.0,0.0,0.0,-0.06099999999999994,0.0,0.0,0.16800000000000637,0.0,0.0,-0.1120000000000001,0.0,0.0,0.0,0.0,0.0,-0.005000000000002558,0.0,0.0
VAL 191,L VAL  41,0.0,0.0,0.0,-0.009999999999999787,0.0,0.0,-0.06799999999999784,0.0,0.0,0.04699999999999993,0.0,0.0,0.0,0.0,0.0,-0.030999999999995254,0.0,0.0
GLN 192,L GLN  42,0.0,0.0,0.0,-0.019000000000000128,0.0,0.0,-0.3719999999999999,0.0,0.0,0.24800000000000022,0.0,0.0,0.0,0.0,0.0,-0.14300000000000068,0.0,0.0
ASN 193,L ASN  43,0.0,0.0,0.0,-0.18799999999999883,0.0,0.0,-1.4620000000000033,0.0,0.0,0.5450000000000002,0.0,0.0,0.0,0.0,0.0,-1.1049999999999898,0.0,0.0
ALA 194,L ALA  44,0.0,0.0,0.0,-0.009000000000000341,0.0,0.0,0.07200000000000273,0.0,0.0,-0.07699999999999996,0.0,0.0,0.0,0.0,0.0,-0.01399999999999757,0.0,0.0
ASN 195,L ASN  45,0.0,0.0,0.0,-0.004000000000000448,0.0,0.0,-0.257000000000005,0.0,0.0,0.26199999999999957,0.0,0.0,0.0,0.0,0.0,0.0009999999999976694,0.0,0.0
PRO 196,L PRO  46,0.0,0.0,0.0,-0.0019999999999997797,0.0,0.0,-0.07400000000000517,0.0,0.0,0.07299999999999995,0.0,0.0,0.0,0.0,0.0,-0.0030000000000143245,0.0,0.0
ASP 197,L ASP  47,0.0,0.0,0.0,-0.001000000000000334,0.0,0.0,7.660000000000004,0.0,0.0,-7.554999999999993,0.0,0.0,0.0,0.0,0.0,0.10400000000002052,0.0,0.0
CYX 198,L CYX  48,0.0,0.0,0.0,-0.0030000000000001137,0.0,0.0,-0.1909999999999883,0.0,0.0,0.18599999999999994,0.0,0.0,0.0,0.0,0.0,-0.00799999999998846,0.0,0.0
LYS 199,L LYS  49,0.0,0.0,0.0,-0.0030000000000001137,0.0,0.0,-9.305000000000007,0.0,0.0,9.134000000000002,0.0,0.0,0.0,0.0,0.0,-0.1739999999999906,0.0,0.0
THR 200,L THR  50,0.0,0.0,0.0,-0.0009999999999994458,0.0,0.0,-0.1490000000000009,0.0,0.0,0.14600000000000002,0.0,0.0,0.0,0.0,0.0,-0.0040000000000048885,0.0,0.0
ILE 201,L ILE  51,0.0,0.0,0.0,-0.0019999999999988916,0.0,0.0,-0.16399999999999437,0.0,0.0,0.16000000000000003,0.0,0.0,0.0,0.0,0.0,-0.005999999999989569,0.0,0.0
LEU 202,L LEU  52,0.0,0.0,0.0,-0.002000000000000668,0.0,0.0,-0.15500000000000114,0.0,0.0,0.15000000000000036,0.0,0.0,0.0,0.0,0.0,-0.0069999999999961204,0.0,0.0
LYS 203,L LYS  53,0.0,0.0,0.0,-0.001000000000000334,0.0,0.0,-7.49199999999999,0.0,0.0,7.374000000000002,0.0,0.0,0.0,0.0,0.0,-0.11899999999999267,0.0,0.0
ALA 204,L ALA  54,0.0,0.0,0.0,-0.0009999999999998899,0.0,0.0,-0.09799999999999898,0.0,0.0,0.09499999999999975,0.0,0.0,0.0,0.0,0.0,-0.0039999999999897895,0.0,0.0
LEU 205,L LEU  55,0.0,0.0,0.0,-0.001000000000000334,0.0,0.0,-0.12299999999999045,0.0,0.0,0.11999999999999922,0.0,0.0,0.0,0.0,0.0,-0.003999999999996007,0.0,0.0
GLY 206,L GLY  56,0.0,0.0,0.0,-0.001000000000000334,0.0,0.0,0.08799999999999386,0.0,0.0,-0.08700000000000063,0.0,0.0,0.0,0.0,0.0,-1.1546319456101628e-14,0.0,0.0
PRO 207,L PRO  57,0.0,0.0,0.0,-0.0009999999999998899,0.0,0.0,-0.0940000000000012,0.0,0.0,0.09199999999999964,0.0,0.0,0.0,0.0,0.0,-0.003000000000007219,0.0,0.0
GLY 208,L GLY  58,0.0,0.0,0.0,0.0,0.0,0.0,-0.11599999999999966,0.0,0.0,0.11299999999999955,0.0,0.0,0.0,0.0,0.0,-0.0030000000000001137,0.0,0.0
ALA 209,L ALA  59,0.0,0.0,0.0,-0.001000000000000334,0.0,0.0,0.09600000000000364,0.0,0.0,-0.09299999999999997,0.0,0.0,0.0,0.0,0.0,0.0019999999999988916,0.0,0.0
THR 210,L THR  60,0.0,0.0,0.0,-0.001000000000000334,0.0,0.0,0.0940000000000012,0.0,0.0,-0.09100000000000108,0.0,0.0,0.0,0.0,0.0,0.001999999999995339,0.0,0.0
LEU 211,L LEU  61,0.0,0.0,0.0,-0.0039999999999995595,0.0,0.0,0.012000000000000455,0.0,0.0,-0.009999999999999787,0.0,0.0,0.0,0.0,0.0,-0.001999999999995339,0.0,0.0
GLU 212,L GLU  62,0.0,0.0,0.0,-0.0019999999999997797,0.0,0.0,8.018,0.0,0.0,-7.923000000000002,0.0,0.0,0.0,0.0,0.0,0.09300000000000352,0.0,0.0
GLU 213,L GLU  63,0.0,0.0,0.0,-0.001000000000000334,0.0,0.0,6.773000000000003,0.0,0.0,-6.684000000000012,0.0,0.0,0.0,0.0,0.0,0.08799999999998676,0.0,0.0
MET 214,L MET  64,0.0,0.0,0.0,-0.0039999999999995595,0.0,0.0,-0.009000000000000341,0.0,0.0,0.01200000000000001,0.0,0.0,0.0,0.0,0.0,-0.001000000000005219,0.0,0.0
MET 215,L MET  65,0.0,0.0,0.0,-0.004999999999999005,0.0,0.0,0.117999999999995,0.0,0.0,-0.10699999999999976,0.0,0.0,0.0,0.0,0.0,0.005999999999999783,0.0,0.0
THR 216,L THR  66,0.0,0.0,0.0,-0.001000000000000334,0.0,0.0,0.04299999999999926,0.0,0.0,-0.04500000000000015,0.0,0.0,0.0,0.0,0.0,-0.0029999999999983373,0.0,0.0
ALA 217,L ALA  67,0.0,0.0,0.0,-0.001000000000000334,0.0,0.0,-0.015999999999998238,0.0,0.0,0.013000000000000789,0.0,0.0,0.0,0.0,0.0,-0.003999999999988013,0.0,0.0
CYX 218,L CYX  68,0.0,0.0,0.0,-0.002000000000000668,0.0,0.0,0.027999999999991587,0.0,0.0,-0.03299999999999992,0.0,0.0,0.0,0.0,0.0,-0.00700000000000367,0.0,0.0
GLN 219,L GLN  69,0.0,0.0,0.0,-0.0030000000000001137,0.0,0.0,0.3439999999999941,0.0,0.0,-0.3330000000000002,0.0,0.0,0.0,0.0,0.0,0.00799999999998846,0.0,0.0
GLY 220,L GLY  70,0.0,0.0,0.0,-0.0009999999999998899,0.0,0.0,0.19599999999999795,0.0,0.0,-0.19200000000000017,0.0,0.0,0.0,0.0,0.0,0.0029999999999930083,0.0,0.0
VAL 221,L VAL  71,0.0,0.0,0.0,-0.001000000000000112,0.0,0.0,6.942,0.0,0.0,-6.852000000000004,0.0,0.0,0.0,0.0,0.0,0.08899999999999864,0.0,0.0

