| Run on Thu Jan 29 15:32:29 2026
| GB non-polar solvation energies calculated with gbsa=2
idecomp = 1: Per-residue decomp adding 1-4 interactions to Internal.
Energy Decomposition Analysis (All units kcal/mol): Generalized Born solvent
Complex:
Total Energy Decomposition:
Residue,Internal,,,van der Waals,,,Electrostatic,,,Polar Solvation,,,Non-Polar Solv.,,,TOTAL,,
,Avg.,Std. Dev.,Std. Err. of Mean,Avg.,Std. Dev.,Std. Err. of Mean,Avg.,Std. Dev.,Std. Err. of Mean,Avg.,Std. Dev.,Std. Err. of Mean,Avg.,Std. Dev.,Std. Err. of Mean,Avg.,Std. Dev.,Std. Err. of Mean
PRO   1,100.382,0.0,0.0,-4.361,0.0,0.0,-114.334,0.0,0.0,12.332,0.0,0.0,0.16985196000000002,0.0,0.0,-5.811148040000002,0.0,0.0
ILE   2,90.931,0.0,0.0,-8.379,0.0,0.0,-67.469,0.0,0.0,-3.537,0.0,0.0,0.13506098000000002,0.0,0.0,11.68106098,0.0,0.0
VAL   3,55.211,0.0,0.0,-7.016,0.0,0.0,-56.09,0.0,0.0,-2.672,0.0,0.0,0.29834390000000005,0.0,0.0,-10.268656100000003,0.0,0.0
GLN   4,23.555,0.0,0.0,-6.645,0.0,0.0,-58.632,0.0,0.0,-15.25,0.0,0.0,0.65743516,0.0,0.0,-56.314564839999996,0.0,0.0
ASN   5,34.817,0.0,0.0,-5.769,0.0,0.0,-92.654,0.0,0.0,-8.791,0.0,0.0,0.33066878,0.0,0.0,-72.06633122,0.0,0.0
LEU   6,66.954,0.0,0.0,-2.197,0.0,0.0,-68.215,0.0,0.0,-4.87,0.0,0.0,1.03915492,0.0,0.0,-7.288845080000014,0.0,0.0
GLN   7,34.948,0.0,0.0,-4.827,0.0,0.0,-74.217,0.0,0.0,-12.362,0.0,0.0,0.70098486,0.0,0.0,-55.75701514,0.0,0.0
GLY   8,73.416,0.0,0.0,-2.793,0.0,0.0,-71.311,0.0,0.0,-5.771,0.0,0.0,0.30801860000000003,0.0,0.0,-6.150981400000017,0.0,0.0
GLN   9,31.924,0.0,0.0,-6.625,0.0,0.0,-73.113,0.0,0.0,-13.415,0.0,0.0,0.67058408,0.0,0.0,-60.55841592,0.0,0.0
MET  10,98.931,0.0,0.0,-6.629,0.0,0.0,-76.774,0.0,0.0,-6.538,0.0,0.0,0.39528060000000004,0.0,0.0,9.38528059999999,0.0,0.0
VAL  11,53.958,0.0,0.0,-7.632,0.0,0.0,-55.568,0.0,0.0,-2.208,0.0,0.0,0.32479892000000005,0.0,0.0,-11.125201079999998,0.0,0.0
HID  12,93.116,0.0,0.0,-7.013,0.0,0.0,-64.398,0.0,0.0,-8.652,0.0,0.0,0.45727998000000003,0.0,0.0,13.51027998,0.0,0.0
GLN  13,37.055,0.0,0.0,-3.764,0.0,0.0,-77.066,0.0,0.0,-11.969,0.0,0.0,0.57813514,0.0,0.0,-55.165864860000006,0.0,0.0
ALA  14,96.893,0.0,0.0,-2.77,0.0,0.0,-80.705,0.0,0.0,-3.306,0.0,0.0,0.5402764400000001,0.0,0.0,10.652276440000005,0.0,0.0
ILE  15,98.035,0.0,0.0,-8.901,0.0,0.0,-71.426,0.0,0.0,-5.258,0.0,0.0,0.11695276,0.0,0.0,12.56695276,0.0,0.0
SER  16,70.012,0.0,0.0,-5.157,0.0,0.0,-52.132,0.0,0.0,-7.005,0.0,0.0,0.29123828,0.0,0.0,6.009238280000006,0.0,0.0
PRO  17,91.631,0.0,0.0,-4.283,0.0,0.0,-60.743,0.0,0.0,-4.044,0.0,0.0,0.6228176200000001,0.0,0.0,23.183817619999996,0.0,0.0
ARG  18,-181.086,0.0,0.0,-4.515,0.0,0.0,58.036,0.0,0.0,-47.922,0.0,0.0,1.18779842,0.0,0.0,-174.29920158,0.0,0.0
THR  19,47.562,0.0,0.0,-6.903,0.0,0.0,-54.512,0.0,0.0,-2.505,0.0,0.0,0.17617710000000003,0.0,0.0,-16.1818229,0.0,0.0
LEU  20,61.457,0.0,0.0,-10.635,0.0,0.0,-56.905,0.0,0.0,-3.978,0.0,0.0,0.1919222,0.0,0.0,-9.869077799999998,0.0,0.0
ASN  21,35.592,0.0,0.0,-5.406,0.0,0.0,-82.342,0.0,0.0,-18.898,0.0,0.0,0.6451426,0.0,0.0,-70.4088574,0.0,0.0
ALA  22,97.183,0.0,0.0,-4.096,0.0,0.0,-82.278,0.0,0.0,-2.707,0.0,0.0,0.20631772000000004,0.0,0.0,8.308317719999996,0.0,0.0
TRP  23,132.464,0.0,0.0,-16.593,0.0,0.0,-98.567,0.0,0.0,-3.256,0.0,0.0,0.004314320000000001,0.0,0.0,14.052314320000002,0.0,0.0
VAL  24,58.838,0.0,0.0,-7.679,0.0,0.0,-56.863,0.0,0.0,-2.151,0.0,0.0,0.26363964,0.0,0.0,-7.59136036,0.0,0.0
LYS  25,131.998,0.0,0.0,-6.662,0.0,0.0,-142.103,0.0,0.0,4.501,0.0,0.0,0.66531584,0.0,0.0,-11.600684160000023,0.0,0.0
VAL  26,65.331,0.0,0.0,-9.483,0.0,0.0,-71.894,0.0,0.0,-1.32,0.0,0.0,0.11610182000000001,0.0,0.0,-17.249898180000006,0.0,0.0
VAL  27,45.732,0.0,0.0,-9.39,0.0,0.0,-52.594,0.0,0.0,-0.583,0.0,0.0,0.09053568000000001,0.0,0.0,-16.744464320000002,0.0,0.0
GLU  28,102.985,0.0,0.0,-4.258,0.0,0.0,-81.174,0.0,0.0,-65.806,0.0,0.0,0.50358846,0.0,0.0,-47.74941154,0.0,0.0
GLU  29,117.102,0.0,0.0,-6.672,0.0,0.0,-89.666,0.0,0.0,-63.368,0.0,0.0,0.51498672,0.0,0.0,-42.08901327999999,0.0,0.0
LYS  30,116.023,0.0,0.0,-10.418,0.0,0.0,-124.418,0.0,0.0,-3.892,0.0,0.0,0.27502706000000005,0.0,0.0,-22.429972940000017,0.0,0.0
ALA  31,87.394,0.0,0.0,-2.617,0.0,0.0,-87.649,0.0,0.0,0.822,0.0,0.0,0.16908232,0.0,0.0,-1.8809176799999998,0.0,0.0
PHE  32,99.51,0.0,0.0,-9.05,0.0,0.0,-76.407,0.0,0.0,-5.629,0.0,0.0,0.3513244,0.0,0.0,8.775324400000011,0.0,0.0
SER  33,75.044,0.0,0.0,-5.822,0.0,0.0,-62.124,0.0,0.0,-1.071,0.0,0.0,0.0,0.0,0.0,6.026999999999992,0.0,0.0
PRO  34,76.931,0.0,0.0,-8.037,0.0,0.0,-55.456,0.0,0.0,-2.089,0.0,0.0,0.19871345999999998,0.0,0.0,11.547713459999988,0.0,0.0
GLU  35,106.854,0.0,0.0,-8.015,0.0,0.0,-125.71,0.0,0.0,-26.741,0.0,0.0,0.30577472,0.0,0.0,-53.30622527999999,0.0,0.0
VAL  36,50.62,0.0,0.0,-7.998,0.0,0.0,-54.373,0.0,0.0,-0.638,0.0,0.0,0.03656874,0.0,0.0,-12.352431259999998,0.0,0.0
ILE  37,85.636,0.0,0.0,-5.699,0.0,0.0,-56.269,0.0,0.0,-1.629,0.0,0.0,0.20186248,0.0,0.0,22.240862479999997,0.0,0.0
PRO  38,81.631,0.0,0.0,-6.709,0.0,0.0,-57.04,0.0,0.0,-3.512,0.0,0.0,0.46281380000000005,0.0,0.0,14.832813799999997,0.0,0.0
MET  39,89.588,0.0,0.0,-9.62,0.0,0.0,-69.118,0.0,0.0,-5.362,0.0,0.0,0.39431584,0.0,0.0,5.882315839999994,0.0,0.0
PHE  40,103.552,0.0,0.0,-13.629,0.0,0.0,-85.901,0.0,0.0,-2.501,0.0,0.0,0.0014363000000000002,0.0,0.0,1.5224363000000056,0.0,0.0
SER  41,61.759,0.0,0.0,-6.89,0.0,0.0,-43.731,0.0,0.0,-12.892,0.0,0.0,0.22403028000000003,0.0,0.0,-1.5299697200000013,0.0,0.0
ALA  42,85.836,0.0,0.0,-4.463,0.0,0.0,-67.117,0.0,0.0,-3.957,0.0,0.0,0.35362790000000005,0.0,0.0,10.652627899999999,0.0,0.0
LEU  43,78.775,0.0,0.0,-8.035,0.0,0.0,-76.337,0.0,0.0,-3.228,0.0,0.0,0.31223536,0.0,0.0,-8.512764639999993,0.0,0.0
SER  44,74.809,0.0,0.0,-7.223,0.0,0.0,-71.427,0.0,0.0,-0.826,0.0,0.0,0.0,0.0,0.0,-4.667000000000008,0.0,0.0
GLU  45,100.804,0.0,0.0,-6.125,0.0,0.0,-65.702,0.0,0.0,-81.289,0.0,0.0,0.6822641800000001,0.0,0.0,-51.62973582,0.0,0.0
GLY  46,67.701,0.0,0.0,-3.377,0.0,0.0,-68.694,0.0,0.0,-0.787,0.0,0.0,0.22516848,0.0,0.0,-4.931831520000005,0.0,0.0
ALA  47,98.178,0.0,0.0,-5.77,0.0,0.0,-85.707,0.0,0.0,-4.053,0.0,0.0,0.031978000000000006,0.0,0.0,2.6799780000000077,0.0,0.0
THR  48,65.399,0.0,0.0,-7.522,0.0,0.0,-58.796,0.0,0.0,-1.198,0.0,0.0,0.0057560400000000005,0.0,0.0,-2.111243959999997,0.0,0.0
PRO  49,73.558,0.0,0.0,-10.153,0.0,0.0,-53.55,0.0,0.0,-0.926,0.0,0.0,0.0,0.0,0.0,8.929000000000011,0.0,0.0
GLN  50,27.23,0.0,0.0,-8.597,0.0,0.0,-72.166,0.0,0.0,-9.105,0.0,0.0,0.38743786,0.0,0.0,-62.25056213999999,0.0,0.0
ASP  51,90.727,0.0,0.0,-8.823,0.0,0.0,-115.216,0.0,0.0,-25.361,0.0,0.0,0.044248880000000004,0.0,0.0,-58.628751120000004,0.0,0.0
LEU  52,64.989,0.0,0.0,-13.266,0.0,0.0,-70.525,0.0,0.0,-0.127,0.0,0.0,0.0,0.0,0.0,-18.929,0.0,0.0
ASN  53,34.601,0.0,0.0,-6.174,0.0,0.0,-102.743,0.0,0.0,-4.172,0.0,0.0,0.15186298,0.0,0.0,-78.33613702,0.0,0.0
THR  54,54.353,0.0,0.0,-4.977,0.0,0.0,-69.015,0.0,0.0,-2.122,0.0,0.0,0.262328,0.0,0.0,-21.498671999999996,0.0,0.0
MET  55,85.755,0.0,0.0,-12.604,0.0,0.0,-67.5,0.0,0.0,-1.467,0.0,0.0,0.00072086,0.0,0.0,4.184720859999996,0.0,0.0
LEU  56,62.072,0.0,0.0,-9.395,0.0,0.0,-67.121,0.0,0.0,-1.051,0.0,0.0,0.15412312,0.0,0.0,-15.340876879999989,0.0,0.0
ASN  57,38.413,0.0,0.0,-6.375,0.0,0.0,-90.846,0.0,0.0,-13.137,0.0,0.0,0.59207538,0.0,0.0,-71.35292462000001,0.0,0.0
THR  58,53.132,0.0,0.0,-3.636,0.0,0.0,-64.391,0.0,0.0,-5.452,0.0,0.0,0.20289228,0.0,0.0,-20.144107720000008,0.0,0.0
VAL  59,42.958,0.0,0.0,-9.568,0.0,0.0,-47.464,0.0,0.0,-1.242,0.0,0.0,0.04082886,0.0,0.0,-15.27517114,0.0,0.0
ALA  60,89.719,0.0,0.0,-5.143,0.0,0.0,-65.307,0.0,0.0,-2.579,0.0,0.0,0.20912528000000002,0.0,0.0,16.89912527999999,0.0,0.0
PRO  61,81.366,0.0,0.0,-4.25,0.0,0.0,-60.168,0.0,0.0,-2.6,0.0,0.0,0.59778264,0.0,0.0,14.945782640000001,0.0,0.0
HID  62,103.629,0.0,0.0,-6.965,0.0,0.0,-69.267,0.0,0.0,-12.202,0.0,0.0,0.42032642000000003,0.0,0.0,15.615326420000006,0.0,0.0
GLN  63,30.158,0.0,0.0,-3.913,0.0,0.0,-66.482,0.0,0.0,-15.791,0.0,0.0,0.7822360800000001,0.0,0.0,-55.245763919999995,0.0,0.0
ALA  64,83.046,0.0,0.0,-4.247,0.0,0.0,-67.733,0.0,0.0,-5.48,0.0,0.0,0.34965504000000003,0.0,0.0,5.935655040000002,0.0,0.0
ALA  65,89.462,0.0,0.0,-5.779,0.0,0.0,-75.189,0.0,0.0,-2.938,0.0,0.0,0.08906143999999999,0.0,0.0,5.645061440000013,0.0,0.0
ALA  66,93.722,0.0,0.0,-4.03,0.0,0.0,-82.275,0.0,0.0,-1.756,0.0,0.0,0.09287170000000002,0.0,0.0,5.753871699999987,0.0,0.0
GLN  67,36.763,0.0,0.0,-6.77,0.0,0.0,-76.81,0.0,0.0,-10.57,0.0,0.0,0.5954954,0.0,0.0,-56.79150460000001,0.0,0.0
MET  68,92.068,0.0,0.0,-8.728,0.0,0.0,-72.969,0.0,0.0,-3.796,0.0,0.0,0.26853932,0.0,0.0,6.84353932000001,0.0,0.0
LEU  69,86.311,0.0,0.0,-10.766,0.0,0.0,-81.824,0.0,0.0,-2.496,0.0,0.0,0.06625408,0.0,0.0,-8.708745919999997,0.0,0.0
LYS  70,131.417,0.0,0.0,-8.444,0.0,0.0,-129.029,0.0,0.0,-11.98,0.0,0.0,0.7875205800000001,0.0,0.0,-17.24847942,0.0,0.0
GLU  71,110.49,0.0,0.0,-8.223,0.0,0.0,-71.694,0.0,0.0,-89.801,0.0,0.0,0.54790238,0.0,0.0,-58.68009762000001,0.0,0.0
THR  72,54.096,0.0,0.0,-7.903,0.0,0.0,-58.355,0.0,0.0,-5.272,0.0,0.0,0.13616124000000002,0.0,0.0,-17.297838759999998,0.0,0.0
ILE  73,76.571,0.0,0.0,-9.78,0.0,0.0,-51.011,0.0,0.0,-3.824,0.0,0.0,0.04751714,0.0,0.0,12.003517139999994,0.0,0.0
ASN  74,24.041,0.0,0.0,-6.908,0.0,0.0,-78.496,0.0,0.0,-14.584,0.0,0.0,0.46791944,0.0,0.0,-75.47908056,0.0,0.0
GLU  75,116.275,0.0,0.0,-6.879,0.0,0.0,-45.12,0.0,0.0,-114.866,0.0,0.0,0.68168424,0.0,0.0,-49.90831575999999,0.0,0.0
GLU  76,98.268,0.0,0.0,-9.477,0.0,0.0,-68.04,0.0,0.0,-76.275,0.0,0.0,0.22071866,0.0,0.0,-55.30328134000001,0.0,0.0
ALA  77,81.769,0.0,0.0,-6.514,0.0,0.0,-71.188,0.0,0.0,-1.646,0.0,0.0,0.07106704000000001,0.0,0.0,2.4920670400000073,0.0,0.0
ALA  78,95.889,0.0,0.0,-4.954,0.0,0.0,-87.845,0.0,0.0,0.674,0.0,0.0,0.31046302000000003,0.0,0.0,4.074463020000003,0.0,0.0
GLU  79,113.902,0.0,0.0,-5.133,0.0,0.0,-82.685,0.0,0.0,-76.863,0.0,0.0,0.34366052,0.0,0.0,-50.435339479999996,0.0,0.0
TRP  80,113.45,0.0,0.0,-17.325,0.0,0.0,-87.172,0.0,0.0,-2.083,0.0,0.0,0.16874628000000003,0.0,0.0,7.0387462800000025,0.0,0.0
ASP  81,106.26,0.0,0.0,-6.553,0.0,0.0,-85.848,0.0,0.0,-63.883,0.0,0.0,0.30857686,0.0,0.0,-49.71542313999999,0.0,0.0
ARG  82,-196.012,0.0,0.0,-4.523,0.0,0.0,-8.596,0.0,0.0,30.068,0.0,0.0,0.8664737200000001,0.0,0.0,-178.19652628,0.0,0.0
LEU  83,62.043,0.0,0.0,-7.356,0.0,0.0,-69.235,0.0,0.0,-4.333,0.0,0.0,0.60345196,0.0,0.0,-18.27754804,0.0,0.0
HID  84,113.125,0.0,0.0,-6.574,0.0,0.0,-79.377,0.0,0.0,-6.805,0.0,0.0,0.40594174000000005,0.0,0.0,20.774941740000006,0.0,0.0
PRO  85,94.531,0.0,0.0,-4.013,0.0,0.0,-62.397,0.0,0.0,-8.141,0.0,0.0,0.56932222,0.0,0.0,20.549322220000004,0.0,0.0
VAL  86,47.748,0.0,0.0,-3.944,0.0,0.0,-50.485,0.0,0.0,-5.785,0.0,0.0,0.5747097,0.0,0.0,-11.891290300000005,0.0,0.0
HID  87,88.963,0.0,0.0,-6.763,0.0,0.0,-59.13,0.0,0.0,-10.21,0.0,0.0,0.52021702,0.0,0.0,13.380217019999986,0.0,0.0
ALA  88,90.082,0.0,0.0,-2.283,0.0,0.0,-74.546,0.0,0.0,-8.306,0.0,0.0,0.58529496,0.0,0.0,5.532294959999986,0.0,0.0
GLY  89,89.299,0.0,0.0,-1.649,0.0,0.0,-72.771,0.0,0.0,-9.246,0.0,0.0,0.37911816,0.0,0.0,6.012118160000004,0.0,0.0
PRO  90,85.703,0.0,0.0,-2.788,0.0,0.0,-57.258,0.0,0.0,-8.619,0.0,0.0,0.75566182,0.0,0.0,17.793661820000004,0.0,0.0
ILE  91,80.408,0.0,0.0,-3.632,0.0,0.0,-62.982,0.0,0.0,-5.45,0.0,0.0,0.7613365599999999,0.0,0.0,9.105336559999998,0.0,0.0
ALA  92,93.036,0.0,0.0,-2.435,0.0,0.0,-64.309,0.0,0.0,-8.379,0.0,0.0,0.34600196000000005,0.0,0.0,18.259001960000003,0.0,0.0
PRO  93,77.528,0.0,0.0,-2.444,0.0,0.0,-57.072,0.0,0.0,-6.387,0.0,0.0,0.81150408,0.0,0.0,12.43650408,0.0,0.0
GLY  94,75.414,0.0,0.0,-3.392,0.0,0.0,-68.396,0.0,0.0,-7.429,0.0,0.0,0.10966286000000001,0.0,0.0,-3.6933371399999957,0.0,0.0
GLN  95,31.806,0.0,0.0,-4.148,0.0,0.0,-68.172,0.0,0.0,-15.717,0.0,0.0,0.89384472,0.0,0.0,-55.33715528,0.0,0.0
MET  96,107.523,0.0,0.0,-9.833,0.0,0.0,-79.377,0.0,0.0,-9.236,0.0,0.0,0.31372586,0.0,0.0,9.390725860000002,0.0,0.0
ARG  97,-196.532,0.0,0.0,-5.817,0.0,0.0,-21.138,0.0,0.0,32.361,0.0,0.0,0.61703448,0.0,0.0,-190.50896552000003,0.0,0.0
GLU  98,103.175,0.0,0.0,-6.056,0.0,0.0,-59.099,0.0,0.0,-83.145,0.0,0.0,0.35764954,0.0,0.0,-44.767350459999996,0.0,0.0
PRO  99,92.626,0.0,0.0,-8.878,0.0,0.0,-61.753,0.0,0.0,-3.251,0.0,0.0,0.05862814,0.0,0.0,18.802628140000003,0.0,0.0
ARG 100,-187.532,0.0,0.0,-7.41,0.0,0.0,-25.62,0.0,0.0,39.622,0.0,0.0,0.3816222,0.0,0.0,-180.5583778,0.0,0.0
GLY 101,80.671,0.0,0.0,-5.606,0.0,0.0,-85.624,0.0,0.0,1.051,0.0,0.0,0.011360320000000002,0.0,0.0,-9.496639679999983,0.0,0.0
SER 102,71.194,0.0,0.0,-6.931,0.0,0.0,-69.275,0.0,0.0,-0.873,0.0,0.0,0.17850227999999999,0.0,0.0,-5.706497720000001,0.0,0.0
ASP 103,95.486,0.0,0.0,-8.674,0.0,0.0,-102.613,0.0,0.0,-41.896,0.0,0.0,0.01163674,0.0,0.0,-57.68536325999999,0.0,0.0
ILE 104,78.3,0.0,0.0,-11.705,0.0,0.0,-58.303,0.0,0.0,-0.882,0.0,0.0,0.0,0.0,0.0,7.410000000000002,0.0,0.0
ALA 105,86.723,0.0,0.0,-6.491,0.0,0.0,-77.143,0.0,0.0,-0.509,0.0,0.0,0.08026478000000001,0.0,0.0,2.6602647799999986,0.0,0.0
GLY 106,91.488,0.0,0.0,-4.692,0.0,0.0,-85.711,0.0,0.0,-3.529,0.0,0.0,0.11321838000000001,0.0,0.0,-2.330781620000006,0.0,0.0
THR 107,47.814,0.0,0.0,-4.963,0.0,0.0,-52.815,0.0,0.0,-6.827,0.0,0.0,0.56864472,0.0,0.0,-16.222355279999995,0.0,0.0
THR 108,42.513,0.0,0.0,-4.855,0.0,0.0,-54.484,0.0,0.0,-4.081,0.0,0.0,0.51992976,0.0,0.0,-20.38707024,0.0,0.0
SER 109,83.229,0.0,0.0,-7.09,0.0,0.0,-73.721,0.0,0.0,-0.948,0.0,0.0,0.0490781,0.0,0.0,1.5190780999999922,0.0,0.0
THR 110,38.227,0.0,0.0,-6.324,0.0,0.0,-44.28,0.0,0.0,-2.54,0.0,0.0,0.39084704,0.0,0.0,-14.526152960000001,0.0,0.0
LEU 111,64.409,0.0,0.0,-9.62,0.0,0.0,-65.116,0.0,0.0,-3.082,0.0,0.0,0.16645362,0.0,0.0,-13.242546379999991,0.0,0.0
GLN 112,37.717,0.0,0.0,-8.04,0.0,0.0,-76.847,0.0,0.0,-12.793,0.0,0.0,0.6723618400000001,0.0,0.0,-59.29063815999999,0.0,0.0
GLU 113,103.596,0.0,0.0,-6.503,0.0,0.0,-103.797,0.0,0.0,-47.186,0.0,0.0,0.21597074000000002,0.0,0.0,-53.67402925999999,0.0,0.0
GLN 114,40.247,0.0,0.0,-13.855,0.0,0.0,-83.064,0.0,0.0,-1.954,0.0,0.0,0.0,0.0,0.0,-58.626,0.0,0.0
ILE 115,83.735,0.0,0.0,-8.353,0.0,0.0,-69.944,0.0,0.0,-1.928,0.0,0.0,0.12637814,0.0,0.0,3.6363781400000024,0.0,0.0
GLY 116,80.112,0.0,0.0,-5.712,0.0,0.0,-75.958,0.0,0.0,-1.734,0.0,0.0,0.09247062,0.0,0.0,-3.199529380000007,0.0,0.0
TRP 117,128.405,0.0,0.0,-16.676,0.0,0.0,-93.52,0.0,0.0,-3.002,0.0,0.0,0.00719234,0.0,0.0,15.214192340000004,0.0,0.0
MET 118,102.513,0.0,0.0,-10.489,0.0,0.0,-80.89,0.0,0.0,-3.72,0.0,0.0,0.19284902000000004,0.0,0.0,7.606849019999999,0.0,0.0
THR 119,38.359,0.0,0.0,-4.458,0.0,0.0,-43.856,0.0,0.0,-6.415,0.0,0.0,0.35016452,0.0,0.0,-16.019835479999998,0.0,0.0
HID 120,95.066,0.0,0.0,-10.468,0.0,0.0,-61.816,0.0,0.0,-6.682,0.0,0.0,0.13984142,0.0,0.0,16.239841419999994,0.0,0.0
ASN 121,32.462,0.0,0.0,-4.602,0.0,0.0,-70.629,0.0,0.0,-15.017,0.0,0.0,0.7211310000000001,0.0,0.0,-57.064869,0.0,0.0
PRO 122,90.147,0.0,0.0,-3.086,0.0,0.0,-60.435,0.0,0.0,-3.163,0.0,0.0,0.63274706,0.0,0.0,24.095747060000004,0.0,0.0
PRO 123,80.678,0.0,0.0,-6.124,0.0,0.0,-56.35,0.0,0.0,-4.864,0.0,0.0,0.43323144,0.0,0.0,13.77323144,0.0,0.0
ILE 124,90.915,0.0,0.0,-4.682,0.0,0.0,-61.333,0.0,0.0,-0.842,0.0,0.0,0.34084754,0.0,0.0,24.398847540000006,0.0,0.0
PRO 125,90.707,0.0,0.0,-6.703,0.0,0.0,-65.999,0.0,0.0,-1.235,0.0,0.0,0.3507011,0.0,0.0,17.120701099999994,0.0,0.0
VAL 126,52.59,0.0,0.0,-9.219,0.0,0.0,-55.283,0.0,0.0,-1.654,0.0,0.0,0.0,0.0,0.0,-13.565999999999999,0.0,0.0
GLY 127,71.775,0.0,0.0,-6.145,0.0,0.0,-69.716,0.0,0.0,-1.956,0.0,0.0,0.00503518,0.0,0.0,-6.036964819999984,0.0,0.0
GLU 128,104.44,0.0,0.0,-4.884,0.0,0.0,-98.864,0.0,0.0,-51.931,0.0,0.0,0.47703588,0.0,0.0,-50.76196412,0.0,0.0
ILE 129,81.523,0.0,0.0,-9.658,0.0,0.0,-65.946,0.0,0.0,-0.303,0.0,0.0,0.16877338,0.0,0.0,5.784773379999997,0.0,0.0
TYR 130,93.062,0.0,0.0,-13.648,0.0,0.0,-89.981,0.0,0.0,-1.67,0.0,0.0,0.0490781,0.0,0.0,-12.187921899999994,0.0,0.0
LYS 131,141.916,0.0,0.0,-9.86,0.0,0.0,-170.881,0.0,0.0,26.672,0.0,0.0,0.12538628000000002,0.0,0.0,-12.027613720000016,0.0,0.0
ARG 132,-188.378,0.0,0.0,-9.385,0.0,0.0,5.026,0.0,0.0,11.19,0.0,0.0,0.69095786,0.0,0.0,-180.85604213999997,0.0,0.0
TRP 133,130.337,0.0,0.0,-19.101,0.0,0.0,-92.818,0.0,0.0,-7.201,0.0,0.0,0.04442232,0.0,0.0,11.261422319999992,0.0,0.0
ILE 134,86.985,0.0,0.0,-10.887,0.0,0.0,-70.61,0.0,0.0,-1.034,0.0,0.0,0.00072086,0.0,0.0,4.45472086,0.0,0.0
ILE 135,81.723,0.0,0.0,-8.451,0.0,0.0,-59.8,0.0,0.0,-1.3,0.0,0.0,0.23465348,0.0,0.0,12.406653479999994,0.0,0.0
LEU 136,75.446,0.0,0.0,-8.888,0.0,0.0,-74.345,0.0,0.0,-1.664,0.0,0.0,0.34624044,0.0,0.0,-9.104759560000005,0.0,0.0
GLY 137,78.634,0.0,0.0,-5.368,0.0,0.0,-78.318,0.0,0.0,-0.091,0.0,0.0,0.0,0.0,0.0,-5.142999999999993,0.0,0.0
LEU 138,62.682,0.0,0.0,-10.444,0.0,0.0,-65.982,0.0,0.0,-1.109,0.0,0.0,0.04719736,0.0,0.0,-14.80580264,0.0,0.0
ASN 139,43.465,0.0,0.0,-8.108,0.0,0.0,-94.704,0.0,0.0,-9.844,0.0,0.0,0.42231556000000003,0.0,0.0,-68.76868443999999,0.0,0.0
LYS 140,133.277,0.0,0.0,-8.83,0.0,0.0,-121.687,0.0,0.0,-17.069,0.0,0.0,0.54653112,0.0,0.0,-13.762468880000007,0.0,0.0
ILE 141,88.434,0.0,0.0,-8.683,0.0,0.0,-77.963,0.0,0.0,-0.777,0.0,0.0,0.03717036,0.0,0.0,1.0481703600000107,0.0,0.0
VAL 142,63.482,0.0,0.0,-8.467,0.0,0.0,-54.631,0.0,0.0,-2.121,0.0,0.0,0.02009194,0.0,0.0,-1.7169080599999997,0.0,0.0
ARG 143,-194.375,0.0,0.0,-11.867,0.0,0.0,13.891,0.0,0.0,13.488,0.0,0.0,0.39863016,0.0,0.0,-178.46436984,0.0,0.0
MET 144,89.205,0.0,0.0,-9.903,0.0,0.0,-72.993,0.0,0.0,-4.514,0.0,0.0,0.26083208,0.0,0.0,2.0558320799999974,0.0,0.0
TYR 145,91.113,0.0,0.0,-7.834,0.0,0.0,-79.913,0.0,0.0,-9.961,0.0,0.0,0.5997501000000001,0.0,0.0,-5.995249900000001,0.0,0.0
SER 146,74.107,0.0,0.0,-6.729,0.0,0.0,-58.207,0.0,0.0,-3.744,0.0,0.0,0.03985326,0.0,0.0,5.46685326,0.0,0.0
PRO 147,87.339,0.0,0.0,-5.468,0.0,0.0,-60.119,0.0,0.0,-7.272,0.0,0.0,0.59508348,0.0,0.0,15.075083479999995,0.0,0.0
THR 148,47.725,0.0,0.0,-6.395,0.0,0.0,-52.37,0.0,0.0,-9.425,0.0,0.0,0.34586104,0.0,0.0,-20.11913896,0.0,0.0
SER 149,61.747,0.0,0.0,-4.905,0.0,0.0,-46.414,0.0,0.0,-6.234,0.0,0.0,0.34198574000000004,0.0,0.0,4.535985739999997,0.0,0.0
ILE 150,79.582,0.0,0.0,-9.49,0.0,0.0,-58.024,0.0,0.0,-2.009,0.0,0.0,0.06833536000000001,0.0,0.0,10.127335359999998,0.0,0.0
LEU 151,62.742,0.0,0.0,-5.323,0.0,0.0,-64.007,0.0,0.0,-2.033,0.0,0.0,0.6142052400000001,0.0,0.0,-8.006794760000007,0.0,0.0
ASP 152,116.087,0.0,0.0,-5.305,0.0,0.0,-115.511,0.0,0.0,-55.658,0.0,0.0,0.43214202,0.0,0.0,-59.954857979999986,0.0,0.0
ILE 153,98.573,0.0,0.0,-10.208,0.0,0.0,-72.486,0.0,0.0,-3.192,0.0,0.0,0.025143380000000003,0.0,0.0,12.71214337999999,0.0,0.0
ARG 154,-191.351,0.0,0.0,-9.81,0.0,0.0,15.166,0.0,0.0,7.057,0.0,0.0,0.66656786,0.0,0.0,-178.27143214000003,0.0,0.0
GLN 155,32.836,0.0,0.0,-12.811,0.0,0.0,-83.4,0.0,0.0,-2.497,0.0,0.0,0.08412382000000002,0.0,0.0,-65.78787618000001,0.0,0.0
GLY 156,84.841,0.0,0.0,-2.491,0.0,0.0,-74.738,0.0,0.0,-4.65,0.0,0.0,0.12959762000000002,0.0,0.0,3.0915976199999946,0.0,0.0
PRO 157,90.156,0.0,0.0,-3.609,0.0,0.0,-52.616,0.0,0.0,-9.986,0.0,0.0,0.7946966599999999,0.0,0.0,24.73969666000001,0.0,0.0
LYS 158,119.72,0.0,0.0,-3.621,0.0,0.0,-92.188,0.0,0.0,-39.202,0.0,0.0,1.2346489,0.0,0.0,-14.056351099999997,0.0,0.0
GLU 159,110.882,0.0,0.0,-8.071,0.0,0.0,-112.128,0.0,0.0,-39.645,0.0,0.0,0.22813322000000003,0.0,0.0,-48.73386678,0.0,0.0
PRO 160,78.424,0.0,0.0,-7.394,0.0,0.0,-58.107,0.0,0.0,-1.797,0.0,0.0,0.33415384000000004,0.0,0.0,11.460153840000002,0.0,0.0
PHE 161,103.066,0.0,0.0,-15.128,0.0,0.0,-73.575,0.0,0.0,-2.713,0.0,0.0,0.0079132,0.0,0.0,11.6579132,0.0,0.0
ARG 162,-198.62,0.0,0.0,-7.979,0.0,0.0,0.371,0.0,0.0,26.113,0.0,0.0,0.6531967200000001,0.0,0.0,-179.46180328,0.0,0.0
ASP 163,89.78,0.0,0.0,-6.643,0.0,0.0,-81.426,0.0,0.0,-67.471,0.0,0.0,0.34343288,0.0,0.0,-65.41656712000001,0.0,0.0
TYR 164,94.417,0.0,0.0,-18.394,0.0,0.0,-94.842,0.0,0.0,-0.848,0.0,0.0,0.0,0.0,0.0,-19.667,0.0,0.0
VAL 165,46.653,0.0,0.0,-8.985,0.0,0.0,-55.186,0.0,0.0,1.219,0.0,0.0,0.03944676,0.0,0.0,-16.25955324,0.0,0.0
ASP 166,117.632,0.0,0.0,-5.174,0.0,0.0,-121.471,0.0,0.0,-42.046,0.0,0.0,0.33776898000000005,0.0,0.0,-50.721231020000005,0.0,0.0
ARG 167,-195.997,0.0,0.0,-8.495,0.0,0.0,1.078,0.0,0.0,15.956,0.0,0.0,0.47771338,0.0,0.0,-186.98028662000002,0.0,0.0
PHE 168,95.177,0.0,0.0,-15.95,0.0,0.0,-82.384,0.0,0.0,0.574,0.0,0.0,0.0,0.0,0.0,-2.5829999999999966,0.0,0.0
TYR 169,99.257,0.0,0.0,-10.239,0.0,0.0,-88.278,0.0,0.0,-6.258,0.0,0.0,0.60433,0.0,0.0,-4.913670000000005,0.0,0.0
LYS 170,136.436,0.0,0.0,-6.36,0.0,0.0,-152.078,0.0,0.0,1.812,0.0,0.0,0.53697566,0.0,0.0,-19.65302434000001,0.0,0.0
THR 171,48.341,0.0,0.0,-6.87,0.0,0.0,-65.968,0.0,0.0,0.209,0.0,0.0,0.0,0.0,0.0,-24.288,0.0,0.0
LEU 172,68.403,0.0,0.0,-11.534,0.0,0.0,-66.804,0.0,0.0,-0.257,0.0,0.0,0.020325000000000003,0.0,0.0,-10.171674999999995,0.0,0.0
ARG 173,-200.016,0.0,0.0,-10.044,0.0,0.0,37.415,0.0,0.0,-0.429,0.0,0.0,0.42392530000000006,0.0,0.0,-172.6500747,0.0,0.0
ALA 174,86.166,0.0,0.0,-8.089,0.0,0.0,-78.878,0.0,0.0,-2.546,0.0,0.0,0.02153366,0.0,0.0,-3.325466340000002,0.0,0.0
GLU 175,109.312,0.0,0.0,-7.796,0.0,0.0,-98.585,0.0,0.0,-55.324,0.0,0.0,0.36155193999999996,0.0,0.0,-52.03144806,0.0,0.0
GLN 176,33.072,0.0,0.0,-8.001,0.0,0.0,-71.978,0.0,0.0,-8.428,0.0,0.0,0.36016442,0.0,0.0,-54.97483558,0.0,0.0
ALA 177,94.862,0.0,0.0,-5.209,0.0,0.0,-78.788,0.0,0.0,-5.737,0.0,0.0,0.16091980000000003,0.0,0.0,5.288919799999995,0.0,0.0
SER 178,64.635,0.0,0.0,-4.532,0.0,0.0,-54.567,0.0,0.0,-7.733,0.0,0.0,0.40738888,0.0,0.0,-1.7896111199999911,0.0,0.0
GLN 179,32.063,0.0,0.0,-3.979,0.0,0.0,-69.048,0.0,0.0,-9.314,0.0,0.0,0.6978087400000001,0.0,0.0,-49.58019126,0.0,0.0
GLU 180,111.658,0.0,0.0,-5.495,0.0,0.0,-71.528,0.0,0.0,-88.958,0.0,0.0,0.7257651,0.0,0.0,-53.59723490000001,0.0,0.0
VAL 181,65.999,0.0,0.0,-6.599,0.0,0.0,-59.298,0.0,0.0,-2.681,0.0,0.0,0.27289158,0.0,0.0,-2.3061084200000104,0.0,0.0
LYS 182,110.905,0.0,0.0,-7.48,0.0,0.0,-122.959,0.0,0.0,-3.486,0.0,0.0,0.17107146,0.0,0.0,-22.848928540000006,0.0,0.0
ASN 183,25.545,0.0,0.0,-7.015,0.0,0.0,-84.76,0.0,0.0,-8.861,0.0,0.0,0.6101510800000001,0.0,0.0,-74.48084892000001,0.0,0.0
TRP 184,121.467,0.0,0.0,-11.38,0.0,0.0,-92.84,0.0,0.0,-7.192,0.0,0.0,0.80612744,0.0,0.0,10.86112744,0.0,0.0
MET 185,100.638,0.0,0.0,-12.7,0.0,0.0,-86.621,0.0,0.0,-1.582,0.0,0.0,0.09976594000000001,0.0,0.0,-0.1652340599999928,0.0,0.0
THR 186,42.382,0.0,0.0,-6.105,0.0,0.0,-56.79,0.0,0.0,-2.296,0.0,0.0,0.13008542,0.0,0.0,-22.678914579999997,0.0,0.0
GLU 187,100.859,0.0,0.0,-5.875,0.0,0.0,-42.863,0.0,0.0,-102.986,0.0,0.0,0.44478688,0.0,0.0,-50.42021312000001,0.0,0.0
THR 188,43.15,0.0,0.0,-5.761,0.0,0.0,-54.072,0.0,0.0,0.332,0.0,0.0,0.28692938,0.0,0.0,-16.064070620000006,0.0,0.0
LEU 189,67.152,0.0,0.0,-9.412,0.0,0.0,-67.717,0.0,0.0,-0.63,0.0,0.0,0.13885498000000002,0.0,0.0,-10.468145019999998,0.0,0.0
LEU 190,81.965,0.0,0.0,-10.229,0.0,0.0,-91.027,0.0,0.0,0.317,0.0,0.0,0.0,0.0,0.0,-18.973999999999997,0.0,0.0
VAL 191,62.077,0.0,0.0,-9.511,0.0,0.0,-59.109,0.0,0.0,1.253,0.0,0.0,0.05875822,0.0,0.0,-5.2312417799999995,0.0,0.0
GLN 192,20.549,0.0,0.0,-7.209,0.0,0.0,-76.961,0.0,0.0,0.075,0.0,0.0,0.50634182,0.0,0.0,-63.03965817999999,0.0,0.0
ASN 193,14.237,0.0,0.0,-9.2,0.0,0.0,-83.108,0.0,0.0,-1.318,0.0,0.0,0.0784003,0.0,0.0,-79.3105997,0.0,0.0
ALA 194,92.035,0.0,0.0,-8.45,0.0,0.0,-86.375,0.0,0.0,2.844,0.0,0.0,0.01969086,0.0,0.0,0.07369085999999361,0.0,0.0
ASN 195,38.273,0.0,0.0,-7.883,0.0,0.0,-88.787,0.0,0.0,-5.662,0.0,0.0,0.12720198000000002,0.0,0.0,-63.93179802000001,0.0,0.0
PRO 196,78.71,0.0,0.0,-5.357,0.0,0.0,-60.978,0.0,0.0,-2.021,0.0,0.0,0.54757718,0.0,0.0,10.901577179999991,0.0,0.0
ASP 197,81.567,0.0,0.0,-4.138,0.0,0.0,-67.648,0.0,0.0,-69.301,0.0,0.0,0.6823129600000001,0.0,0.0,-58.83768704000001,0.0,0.0
CYX 198,98.31,0.0,0.0,-7.99,0.0,0.0,-78.001,0.0,0.0,-3.664,0.0,0.0,0.045614720000000004,0.0,0.0,8.700614720000003,0.0,0.0
LYS 199,144.689,0.0,0.0,-11.56,0.0,0.0,-128.095,0.0,0.0,-18.256,0.0,0.0,0.31686946000000005,0.0,0.0,-12.905130540000009,0.0,0.0
THR 200,54.249,0.0,0.0,-6.127,0.0,0.0,-67.001,0.0,0.0,-2.927,0.0,0.0,0.52035252,0.0,0.0,-21.285647480000005,0.0,0.0
ILE 201,82.781,0.0,0.0,-7.712,0.0,0.0,-59.787,0.0,0.0,-1.46,0.0,0.0,0.40284692,0.0,0.0,14.224846920000003,0.0,0.0
LEU 202,84.275,0.0,0.0,-12.033,0.0,0.0,-71.938,0.0,0.0,-5.328,0.0,0.0,0.01610824,0.0,0.0,-5.007891759999998,0.0,0.0
LYS 203,118.721,0.0,0.0,-7.487,0.0,0.0,-105.884,0.0,0.0,-25.819,0.0,0.0,0.75976476,0.0,0.0,-19.70923523999999,0.0,0.0
ALA 204,82.383,0.0,0.0,-3.912,0.0,0.0,-72.43,0.0,0.0,-5.348,0.0,0.0,0.46716064,0.0,0.0,1.1601606399999826,0.0,0.0
LEU 205,73.127,0.0,0.0,-7.136,0.0,0.0,-73.532,0.0,0.0,-4.82,0.0,0.0,0.45221228,0.0,0.0,-11.908787719999998,0.0,0.0
GLY 206,88.372,0.0,0.0,-3.433,0.0,0.0,-72.544,0.0,0.0,-9.071,0.0,0.0,0.1231424,0.0,0.0,3.447142399999996,0.0,0.0
PRO 207,78.199,0.0,0.0,-3.689,0.0,0.0,-52.311,0.0,0.0,-8.551,0.0,0.0,0.5714251800000001,0.0,0.0,14.219425179999991,0.0,0.0
GLY 208,66.704,0.0,0.0,-2.21,0.0,0.0,-62.372,0.0,0.0,-8.773,0.0,0.0,0.42727486000000003,0.0,0.0,-6.22372514,0.0,0.0
ALA 209,104.66,0.0,0.0,-6.053,0.0,0.0,-88.434,0.0,0.0,-3.661,0.0,0.0,0.04917024,0.0,0.0,6.561170240000002,0.0,0.0
THR 210,44.967,0.0,0.0,-2.589,0.0,0.0,-57.181,0.0,0.0,-3.309,0.0,0.0,0.49092192,0.0,0.0,-17.621078079999997,0.0,0.0
LEU 211,69.286,0.0,0.0,-6.058,0.0,0.0,-68.475,0.0,0.0,-3.278,0.0,0.0,0.25211130000000004,0.0,0.0,-8.272888699999994,0.0,0.0
GLU 212,106.763,0.0,0.0,-6.724,0.0,0.0,-39.512,0.0,0.0,-116.483,0.0,0.0,0.69627488,0.0,0.0,-55.259725120000006,0.0,0.0
GLU 213,102.904,0.0,0.0,-5.865,0.0,0.0,-50.233,0.0,0.0,-100.509,0.0,0.0,0.4473505400000001,0.0,0.0,-53.255649459999994,0.0,0.0
MET 214,92.387,0.0,0.0,-12.958,0.0,0.0,-75.604,0.0,0.0,-2.266,0.0,0.0,0.0559344,0.0,0.0,1.6149344000000028,0.0,0.0
MET 215,102.53,0.0,0.0,-10.219,0.0,0.0,-83.344,0.0,0.0,-4.154,0.0,0.0,0.22286498000000002,0.0,0.0,5.035864980000013,0.0,0.0
THR 216,41.399,0.0,0.0,-6.154,0.0,0.0,-51.604,0.0,0.0,-1.663,0.0,0.0,0.45772984,0.0,0.0,-17.564270159999996,0.0,0.0
ALA 217,77.562,0.0,0.0,-5.826,0.0,0.0,-66.201,0.0,0.0,-2.347,0.0,0.0,0.14549448,0.0,0.0,3.333494480000011,0.0,0.0
CYX 218,93.924,0.0,0.0,-6.368,0.0,0.0,-77.864,0.0,0.0,-3.524,0.0,0.0,0.13551084,0.0,0.0,6.3035108400000075,0.0,0.0
GLN 219,42.265,0.0,0.0,-3.791,0.0,0.0,-71.492,0.0,0.0,-16.499,0.0,0.0,0.75377024,0.0,0.0,-48.763229759999994,0.0,0.0
GLY 220,96.084,0.0,0.0,-2.134,0.0,0.0,-82.609,0.0,0.0,-7.12,0.0,0.0,0.36968736,0.0,0.0,4.590687360000008,0.0,0.0
VAL 221,36.078,0.0,0.0,-4.247,0.0,0.0,-18.252,0.0,0.0,-102.7,0.0,0.0,0.7599056800000001,0.0,0.0,-88.36109431999999,0.0,0.0

Receptor:
Total Energy Decomposition:
Residue,Internal,,,van der Waals,,,Electrostatic,,,Polar Solvation,,,Non-Polar Solv.,,,TOTAL,,
,Avg.,Std. Dev.,Std. Err. of Mean,Avg.,Std. Dev.,Std. Err. of Mean,Avg.,Std. Dev.,Std. Err. of Mean,Avg.,Std. Dev.,Std. Err. of Mean,Avg.,Std. Dev.,Std. Err. of Mean,Avg.,Std. Dev.,Std. Err. of Mean
PRO   1,100.382,0.0,0.0,-4.361,0.0,0.0,-109.938,0.0,0.0,7.932,0.0,0.0,0.16985196000000002,0.0,0.0,-5.815148040000001,0.0,0.0
ILE   2,90.931,0.0,0.0,-8.379,0.0,0.0,-67.478,0.0,0.0,-3.528,0.0,0.0,0.13506098000000002,0.0,0.0,11.681060979999998,0.0,0.0
VAL   3,55.211,0.0,0.0,-7.016,0.0,0.0,-56.077,0.0,0.0,-2.685,0.0,0.0,0.29834390000000005,0.0,0.0,-10.268656099999998,0.0,0.0
GLN   4,23.555,0.0,0.0,-6.645,0.0,0.0,-58.618,0.0,0.0,-15.265,0.0,0.0,0.65743516,0.0,0.0,-56.31556484,0.0,0.0
ASN   5,34.817,0.0,0.0,-5.769,0.0,0.0,-92.685,0.0,0.0,-8.76,0.0,0.0,0.33066878,0.0,0.0,-72.06633122000001,0.0,0.0
LEU   6,66.954,0.0,0.0,-2.197,0.0,0.0,-68.22,0.0,0.0,-4.865,0.0,0.0,1.03915492,0.0,0.0,-7.288845080000009,0.0,0.0
GLN   7,34.948,0.0,0.0,-4.827,0.0,0.0,-74.244,0.0,0.0,-12.334,0.0,0.0,0.70098486,0.0,0.0,-55.756015139999995,0.0,0.0
GLY   8,73.416,0.0,0.0,-2.793,0.0,0.0,-71.323,0.0,0.0,-5.759,0.0,0.0,0.30801860000000003,0.0,0.0,-6.150981400000003,0.0,0.0
GLN   9,31.924,0.0,0.0,-6.625,0.0,0.0,-73.118,0.0,0.0,-13.41,0.0,0.0,0.67058408,0.0,0.0,-60.55841592,0.0,0.0
MET  10,98.931,0.0,0.0,-6.629,0.0,0.0,-76.762,0.0,0.0,-6.551,0.0,0.0,0.39528060000000004,0.0,0.0,9.384280599999991,0.0,0.0
VAL  11,53.958,0.0,0.0,-7.632,0.0,0.0,-55.589,0.0,0.0,-2.188,0.0,0.0,0.32479892000000005,0.0,0.0,-11.12620108,0.0,0.0
HID  12,93.116,0.0,0.0,-7.013,0.0,0.0,-64.374,0.0,0.0,-8.677,0.0,0.0,0.45727998000000003,0.0,0.0,13.509279979999999,0.0,0.0
GLN  13,37.055,0.0,0.0,-3.764,0.0,0.0,-77.087,0.0,0.0,-11.948,0.0,0.0,0.57813514,0.0,0.0,-55.165864860000006,0.0,0.0
ALA  14,96.893,0.0,0.0,-2.77,0.0,0.0,-80.72,0.0,0.0,-3.291,0.0,0.0,0.5402764400000001,0.0,0.0,10.652276440000005,0.0,0.0
ILE  15,98.035,0.0,0.0,-8.9,0.0,0.0,-71.43,0.0,0.0,-5.254,0.0,0.0,0.11695276,0.0,0.0,12.567952759999985,0.0,0.0
SER  16,70.012,0.0,0.0,-5.157,0.0,0.0,-52.071,0.0,0.0,-7.065,0.0,0.0,0.29123828,0.0,0.0,6.010238280000006,0.0,0.0
PRO  17,91.631,0.0,0.0,-4.283,0.0,0.0,-60.675,0.0,0.0,-4.112,0.0,0.0,0.6228176200000001,0.0,0.0,23.18381762,0.0,0.0
ARG  18,-181.086,0.0,0.0,-4.514,0.0,0.0,62.731,0.0,0.0,-52.623,0.0,0.0,1.18779842,0.0,0.0,-174.30420158,0.0,0.0
THR  19,47.562,0.0,0.0,-6.902,0.0,0.0,-54.413,0.0,0.0,-2.605,0.0,0.0,0.17617710000000003,0.0,0.0,-16.1818229,0.0,0.0
LEU  20,61.457,0.0,0.0,-10.633,0.0,0.0,-56.743,0.0,0.0,-4.138,0.0,0.0,0.1919222,0.0,0.0,-9.865077800000003,0.0,0.0
ASN  21,35.592,0.0,0.0,-5.404,0.0,0.0,-82.047,0.0,0.0,-19.197,0.0,0.0,0.6451426,0.0,0.0,-70.4108574,0.0,0.0
ALA  22,97.183,0.0,0.0,-4.094,0.0,0.0,-81.963,0.0,0.0,-3.021,0.0,0.0,0.20631772000000004,0.0,0.0,8.311317720000018,0.0,0.0
TRP  23,132.464,0.0,0.0,-16.583,0.0,0.0,-98.037,0.0,0.0,-3.781,0.0,0.0,0.004314320000000001,0.0,0.0,14.067314319999994,0.0,0.0
VAL  24,58.838,0.0,0.0,-7.673,0.0,0.0,-56.29,0.0,0.0,-2.722,0.0,0.0,0.26363964,0.0,0.0,-7.5833603599999995,0.0,0.0
LYS  25,131.998,0.0,0.0,-6.649,0.0,0.0,-140.5,0.0,0.0,2.76,0.0,0.0,0.66531584,0.0,0.0,-11.72568416000001,0.0,0.0
VAL  26,65.331,0.0,0.0,-9.457,0.0,0.0,-70.382,0.0,0.0,-2.777,0.0,0.0,0.11610182000000001,0.0,0.0,-17.168898180000003,0.0,0.0
VAL  27,45.732,0.0,0.0,-9.349,0.0,0.0,-50.873,0.0,0.0,-2.273,0.0,0.0,0.09053568000000001,0.0,0.0,-16.672464320000003,0.0,0.0
GLU  28,102.985,0.0,0.0,-4.222,0.0,0.0,-82.343,0.0,0.0,-64.695,0.0,0.0,0.50358846,0.0,0.0,-47.77141153999999,0.0,0.0
GLU  29,117.102,0.0,0.0,-6.428,0.0,0.0,-71.087,0.0,0.0,-81.784,0.0,0.0,0.61090446,0.0,0.0,-41.58609554,0.0,0.0
LYS  30,116.023,0.0,0.0,-9.601,0.0,0.0,-135.704,0.0,0.0,5.489,0.0,0.0,0.2878562,0.0,0.0,-23.50514380000001,0.0,0.0
ALA  31,87.394,0.0,0.0,-2.968,0.0,0.0,-76.358,0.0,0.0,-6.169,0.0,0.0,0.23160744,0.0,0.0,2.130607439999998,0.0,0.0
PHE  32,99.51,0.0,0.0,-7.9,0.0,0.0,-77.595,0.0,0.0,-5.312,0.0,0.0,0.43472194,0.0,0.0,9.137721939999999,0.0,0.0
SER  33,75.044,0.0,0.0,-3.675,0.0,0.0,-65.901,0.0,0.0,1.14,0.0,0.0,0.11985246000000001,0.0,0.0,6.727852460000003,0.0,0.0
PRO  34,76.931,0.0,0.0,-5.577,0.0,0.0,-54.297,0.0,0.0,-3.36,0.0,0.0,0.46709560000000006,0.0,0.0,14.164095600000003,0.0,0.0
GLU  35,106.854,0.0,0.0,-7.397,0.0,0.0,-110.146,0.0,0.0,-41.886,0.0,0.0,0.44854836,0.0,0.0,-52.12645164000001,0.0,0.0
VAL  36,50.62,0.0,0.0,-7.914,0.0,0.0,-54.464,0.0,0.0,-0.599,0.0,0.0,0.03656874,0.0,0.0,-12.320431260000003,0.0,0.0
ILE  37,85.636,0.0,0.0,-5.652,0.0,0.0,-55.912,0.0,0.0,-2.005,0.0,0.0,0.20186248,0.0,0.0,22.268862479999996,0.0,0.0
PRO  38,81.631,0.0,0.0,-6.681,0.0,0.0,-57.02,0.0,0.0,-3.539,0.0,0.0,0.46281380000000005,0.0,0.0,14.8538138,0.0,0.0
MET  39,89.588,0.0,0.0,-9.588,0.0,0.0,-68.987,0.0,0.0,-5.511,0.0,0.0,0.39431584,0.0,0.0,5.896315840000005,0.0,0.0
PHE  40,103.552,0.0,0.0,-13.62,0.0,0.0,-85.858,0.0,0.0,-2.553,0.0,0.0,0.0014363000000000002,0.0,0.0,1.522436299999998,0.0,0.0
SER  41,61.759,0.0,0.0,-6.887,0.0,0.0,-43.585,0.0,0.0,-13.05,0.0,0.0,0.22403028000000003,0.0,0.0,-1.5389697200000017,0.0,0.0
ALA  42,85.836,0.0,0.0,-4.461,0.0,0.0,-67.157,0.0,0.0,-3.923,0.0,0.0,0.35362790000000005,0.0,0.0,10.648627900000003,0.0,0.0
LEU  43,78.775,0.0,0.0,-8.031,0.0,0.0,-76.435,0.0,0.0,-3.135,0.0,0.0,0.31223536,0.0,0.0,-8.513764640000002,0.0,0.0
SER  44,74.809,0.0,0.0,-7.222,0.0,0.0,-71.566,0.0,0.0,-0.693,0.0,0.0,0.0,0.0,0.0,-4.671999999999999,0.0,0.0
GLU  45,100.804,0.0,0.0,-6.123,0.0,0.0,-70.819,0.0,0.0,-76.175,0.0,0.0,0.6822641800000001,0.0,0.0,-51.630735820000005,0.0,0.0
GLY  46,67.701,0.0,0.0,-3.377,0.0,0.0,-68.65,0.0,0.0,-0.832,0.0,0.0,0.22516848,0.0,0.0,-4.932831520000008,0.0,0.0
ALA  47,98.178,0.0,0.0,-5.769,0.0,0.0,-85.756,0.0,0.0,-4.005,0.0,0.0,0.031978000000000006,0.0,0.0,2.6799779999999918,0.0,0.0
THR  48,65.399,0.0,0.0,-7.522,0.0,0.0,-58.767,0.0,0.0,-1.226,0.0,0.0,0.0057560400000000005,0.0,0.0,-2.1102439600000005,0.0,0.0
PRO  49,73.558,0.0,0.0,-10.153,0.0,0.0,-53.527,0.0,0.0,-0.948,0.0,0.0,0.0,0.0,0.0,8.930000000000007,0.0,0.0
GLN  50,27.23,0.0,0.0,-8.597,0.0,0.0,-72.135,0.0,0.0,-9.136,0.0,0.0,0.38743786,0.0,0.0,-62.25056214000001,0.0,0.0
ASP  51,90.727,0.0,0.0,-8.822,0.0,0.0,-119.506,0.0,0.0,-21.067,0.0,0.0,0.044248880000000004,0.0,0.0,-58.62375112,0.0,0.0
LEU  52,64.989,0.0,0.0,-13.265,0.0,0.0,-70.435,0.0,0.0,-0.217,0.0,0.0,0.0,0.0,0.0,-18.927999999999997,0.0,0.0
ASN  53,34.601,0.0,0.0,-6.174,0.0,0.0,-102.706,0.0,0.0,-4.208,0.0,0.0,0.15186298,0.0,0.0,-78.33513701999999,0.0,0.0
THR  54,54.353,0.0,0.0,-4.976,0.0,0.0,-68.969,0.0,0.0,-2.168,0.0,0.0,0.262328,0.0,0.0,-21.49767199999999,0.0,0.0
MET  55,85.755,0.0,0.0,-12.602,0.0,0.0,-67.409,0.0,0.0,-1.561,0.0,0.0,0.00072086,0.0,0.0,4.183720859999986,0.0,0.0
LEU  56,62.072,0.0,0.0,-9.392,0.0,0.0,-66.951,0.0,0.0,-1.221,0.0,0.0,0.15412312,0.0,0.0,-15.337876879999987,0.0,0.0
ASN  57,38.413,0.0,0.0,-6.374,0.0,0.0,-90.83,0.0,0.0,-13.155,0.0,0.0,0.59207538,0.0,0.0,-71.35392462,0.0,0.0
THR  58,53.132,0.0,0.0,-3.634,0.0,0.0,-64.368,0.0,0.0,-5.483,0.0,0.0,0.20289228,0.0,0.0,-20.150107719999998,0.0,0.0
VAL  59,42.958,0.0,0.0,-9.563,0.0,0.0,-47.364,0.0,0.0,-1.351,0.0,0.0,0.04082886,0.0,0.0,-15.27917114,0.0,0.0
ALA  60,89.719,0.0,0.0,-5.141,0.0,0.0,-65.28,0.0,0.0,-2.61,0.0,0.0,0.20912528000000002,0.0,0.0,16.897125279999987,0.0,0.0
PRO  61,81.366,0.0,0.0,-4.247,0.0,0.0,-60.233,0.0,0.0,-2.542,0.0,0.0,0.59778264,0.0,0.0,14.941782640000003,0.0,0.0
HID  62,103.629,0.0,0.0,-6.95,0.0,0.0,-69.372,0.0,0.0,-12.156,0.0,0.0,0.42032642000000003,0.0,0.0,15.571326420000002,0.0,0.0
GLN  63,30.158,0.0,0.0,-3.908,0.0,0.0,-66.596,0.0,0.0,-15.698,0.0,0.0,0.7822360800000001,0.0,0.0,-55.26176392000001,0.0,0.0
ALA  64,83.046,0.0,0.0,-4.236,0.0,0.0,-68.08,0.0,0.0,-5.162,0.0,0.0,0.34965504000000003,0.0,0.0,5.917655040000004,0.0,0.0
ALA  65,89.462,0.0,0.0,-5.764,0.0,0.0,-75.585,0.0,0.0,-2.562,0.0,0.0,0.08906143999999999,0.0,0.0,5.640061440000014,0.0,0.0
ALA  66,93.722,0.0,0.0,-4.026,0.0,0.0,-82.413,0.0,0.0,-1.623,0.0,0.0,0.09287170000000002,0.0,0.0,5.752871700000001,0.0,0.0
GLN  67,36.763,0.0,0.0,-6.765,0.0,0.0,-76.845,0.0,0.0,-10.554,0.0,0.0,0.5954954,0.0,0.0,-56.805504600000006,0.0,0.0
MET  68,92.068,0.0,0.0,-8.71,0.0,0.0,-73.215,0.0,0.0,-3.567,0.0,0.0,0.26853932,0.0,0.0,6.844539320000001,0.0,0.0
LEU  69,86.311,0.0,0.0,-10.757,0.0,0.0,-82.101,0.0,0.0,-2.219,0.0,0.0,0.06625408,0.0,0.0,-8.699745919999996,0.0,0.0
LYS  70,131.417,0.0,0.0,-8.441,0.0,0.0,-124.624,0.0,0.0,-16.393,0.0,0.0,0.7875205800000001,0.0,0.0,-17.253479419999998,0.0,0.0
GLU  71,110.49,0.0,0.0,-8.22,0.0,0.0,-76.771,0.0,0.0,-84.731,0.0,0.0,0.54790238,0.0,0.0,-58.68409762,0.0,0.0
THR  72,54.096,0.0,0.0,-7.898,0.0,0.0,-58.578,0.0,0.0,-5.076,0.0,0.0,0.13616124000000002,0.0,0.0,-17.31983876000001,0.0,0.0
ILE  73,76.571,0.0,0.0,-9.778,0.0,0.0,-51.094,0.0,0.0,-3.743,0.0,0.0,0.04751714,0.0,0.0,12.00351713999999,0.0,0.0
ASN  74,24.041,0.0,0.0,-6.907,0.0,0.0,-78.484,0.0,0.0,-14.599,0.0,0.0,0.46791944,0.0,0.0,-75.48108056,0.0,0.0
GLU  75,116.275,0.0,0.0,-6.878,0.0,0.0,-50.766,0.0,0.0,-109.223,0.0,0.0,0.68168424,0.0,0.0,-49.91031575999999,0.0,0.0
GLU  76,98.268,0.0,0.0,-9.475,0.0,0.0,-74.522,0.0,0.0,-69.806,0.0,0.0,0.22071866,0.0,0.0,-55.314281339999994,0.0,0.0
ALA  77,81.769,0.0,0.0,-6.514,0.0,0.0,-71.161,0.0,0.0,-1.673,0.0,0.0,0.07106704000000001,0.0,0.0,2.4920670400000082,0.0,0.0
ALA  78,95.889,0.0,0.0,-4.953,0.0,0.0,-87.784,0.0,0.0,0.612,0.0,0.0,0.31046302000000003,0.0,0.0,4.074463019999987,0.0,0.0
GLU  79,113.902,0.0,0.0,-5.132,0.0,0.0,-88.51,0.0,0.0,-71.041,0.0,0.0,0.34366052,0.0,0.0,-50.437339480000006,0.0,0.0
TRP  80,113.45,0.0,0.0,-17.324,0.0,0.0,-87.183,0.0,0.0,-2.071,0.0,0.0,0.16874628000000003,0.0,0.0,7.040746279999998,0.0,0.0
ASP  81,106.26,0.0,0.0,-6.553,0.0,0.0,-90.611,0.0,0.0,-59.121,0.0,0.0,0.30857686,0.0,0.0,-49.716423139999996,0.0,0.0
ARG  82,-196.012,0.0,0.0,-4.522,0.0,0.0,-2.871,0.0,0.0,24.345,0.0,0.0,0.8664737200000001,0.0,0.0,-178.19352628000001,0.0,0.0
LEU  83,62.043,0.0,0.0,-7.356,0.0,0.0,-69.182,0.0,0.0,-4.386,0.0,0.0,0.60345196,0.0,0.0,-18.277548040000003,0.0,0.0
HID  84,113.125,0.0,0.0,-6.574,0.0,0.0,-79.376,0.0,0.0,-6.806,0.0,0.0,0.40594174000000005,0.0,0.0,20.774941739999996,0.0,0.0
PRO  85,94.531,0.0,0.0,-4.013,0.0,0.0,-62.413,0.0,0.0,-8.126,0.0,0.0,0.56932222,0.0,0.0,20.548322220000006,0.0,0.0
VAL  86,47.748,0.0,0.0,-3.943,0.0,0.0,-50.503,0.0,0.0,-5.766,0.0,0.0,0.5747097,0.0,0.0,-11.8892903,0.0,0.0
HID  87,88.963,0.0,0.0,-6.763,0.0,0.0,-59.128,0.0,0.0,-10.213,0.0,0.0,0.52021702,0.0,0.0,13.37921701999999,0.0,0.0
ALA  88,90.082,0.0,0.0,-2.283,0.0,0.0,-74.562,0.0,0.0,-8.29,0.0,0.0,0.58529496,0.0,0.0,5.532294959999995,0.0,0.0
GLY  89,89.299,0.0,0.0,-1.649,0.0,0.0,-72.801,0.0,0.0,-9.216,0.0,0.0,0.37911816,0.0,0.0,6.012118160000004,0.0,0.0
PRO  90,85.703,0.0,0.0,-2.788,0.0,0.0,-57.296,0.0,0.0,-8.582,0.0,0.0,0.75566182,0.0,0.0,17.792661820000006,0.0,0.0
ILE  91,80.408,0.0,0.0,-3.632,0.0,0.0,-62.956,0.0,0.0,-5.475,0.0,0.0,0.7613365599999999,0.0,0.0,9.106336559999994,0.0,0.0
ALA  92,93.036,0.0,0.0,-2.435,0.0,0.0,-64.278,0.0,0.0,-8.409,0.0,0.0,0.34600196000000005,0.0,0.0,18.260001959999993,0.0,0.0
PRO  93,77.528,0.0,0.0,-2.444,0.0,0.0,-57.05,0.0,0.0,-6.409,0.0,0.0,0.81150408,0.0,0.0,12.436504080000008,0.0,0.0
GLY  94,75.414,0.0,0.0,-3.392,0.0,0.0,-68.364,0.0,0.0,-7.461,0.0,0.0,0.10966286000000001,0.0,0.0,-3.6933371399999992,0.0,0.0
GLN  95,31.806,0.0,0.0,-4.148,0.0,0.0,-68.205,0.0,0.0,-15.685,0.0,0.0,0.89384472,0.0,0.0,-55.33815528,0.0,0.0
MET  96,107.523,0.0,0.0,-9.833,0.0,0.0,-79.35,0.0,0.0,-9.264,0.0,0.0,0.31372586,0.0,0.0,9.389725860000004,0.0,0.0
ARG  97,-196.532,0.0,0.0,-5.817,0.0,0.0,-16.896,0.0,0.0,28.117,0.0,0.0,0.61703448,0.0,0.0,-190.51096552,0.0,0.0
GLU  98,103.175,0.0,0.0,-6.056,0.0,0.0,-63.423,0.0,0.0,-78.821,0.0,0.0,0.35764954,0.0,0.0,-44.76735046,0.0,0.0
PRO  99,92.626,0.0,0.0,-8.878,0.0,0.0,-61.774,0.0,0.0,-3.229,0.0,0.0,0.05862814,0.0,0.0,18.803628140000004,0.0,0.0
ARG 100,-187.532,0.0,0.0,-7.41,0.0,0.0,-21.018,0.0,0.0,35.02,0.0,0.0,0.3816222,0.0,0.0,-180.5583778,0.0,0.0
GLY 101,80.671,0.0,0.0,-5.606,0.0,0.0,-85.619,0.0,0.0,1.046,0.0,0.0,0.011360320000000002,0.0,0.0,-9.496639679999989,0.0,0.0
SER 102,71.194,0.0,0.0,-6.931,0.0,0.0,-69.281,0.0,0.0,-0.867,0.0,0.0,0.17850227999999999,0.0,0.0,-5.706497720000001,0.0,0.0
ASP 103,95.486,0.0,0.0,-8.674,0.0,0.0,-107.033,0.0,0.0,-37.476,0.0,0.0,0.01163674,0.0,0.0,-57.68536325999999,0.0,0.0
ILE 104,78.3,0.0,0.0,-11.705,0.0,0.0,-58.269,0.0,0.0,-0.916,0.0,0.0,0.0,0.0,0.0,7.41,0.0,0.0
ALA 105,86.723,0.0,0.0,-6.491,0.0,0.0,-77.12,0.0,0.0,-0.531,0.0,0.0,0.08026478000000001,0.0,0.0,2.6612647799999944,0.0,0.0
GLY 106,91.488,0.0,0.0,-4.692,0.0,0.0,-85.697,0.0,0.0,-3.543,0.0,0.0,0.11321838000000001,0.0,0.0,-2.3307816200000104,0.0,0.0
THR 107,47.814,0.0,0.0,-4.962,0.0,0.0,-52.815,0.0,0.0,-6.828,0.0,0.0,0.56864472,0.0,0.0,-16.222355279999995,0.0,0.0
THR 108,42.513,0.0,0.0,-4.855,0.0,0.0,-54.477,0.0,0.0,-4.088,0.0,0.0,0.51992976,0.0,0.0,-20.387070239999996,0.0,0.0
SER 109,83.229,0.0,0.0,-7.09,0.0,0.0,-73.712,0.0,0.0,-0.957,0.0,0.0,0.0490781,0.0,0.0,1.5190780999999927,0.0,0.0
THR 110,38.227,0.0,0.0,-6.323,0.0,0.0,-44.299,0.0,0.0,-2.522,0.0,0.0,0.39084704,0.0,0.0,-14.526152960000003,0.0,0.0
LEU 111,64.409,0.0,0.0,-9.62,0.0,0.0,-65.132,0.0,0.0,-3.066,0.0,0.0,0.16645362,0.0,0.0,-13.242546379999995,0.0,0.0
GLN 112,37.717,0.0,0.0,-8.04,0.0,0.0,-76.851,0.0,0.0,-12.789,0.0,0.0,0.6723618400000001,0.0,0.0,-59.29063816,0.0,0.0
GLU 113,103.596,0.0,0.0,-6.503,0.0,0.0,-108.022,0.0,0.0,-42.961,0.0,0.0,0.21597074000000002,0.0,0.0,-53.67402926,0.0,0.0
GLN 114,40.247,0.0,0.0,-13.854,0.0,0.0,-83.085,0.0,0.0,-1.933,0.0,0.0,0.0,0.0,0.0,-58.62499999999999,0.0,0.0
ILE 115,83.735,0.0,0.0,-8.353,0.0,0.0,-69.961,0.0,0.0,-1.911,0.0,0.0,0.12637814,0.0,0.0,3.6363781400000064,0.0,0.0
GLY 116,80.112,0.0,0.0,-5.712,0.0,0.0,-75.965,0.0,0.0,-1.727,0.0,0.0,0.09247062,0.0,0.0,-3.1995293800000124,0.0,0.0
TRP 117,128.405,0.0,0.0,-16.676,0.0,0.0,-93.539,0.0,0.0,-2.983,0.0,0.0,0.00719234,0.0,0.0,15.214192339999997,0.0,0.0
MET 118,102.513,0.0,0.0,-10.489,0.0,0.0,-80.899,0.0,0.0,-3.711,0.0,0.0,0.19284902000000004,0.0,0.0,7.606849019999999,0.0,0.0
THR 119,38.359,0.0,0.0,-4.458,0.0,0.0,-43.816,0.0,0.0,-6.456,0.0,0.0,0.35016452,0.0,0.0,-16.02083548,0.0,0.0
HID 120,95.066,0.0,0.0,-10.468,0.0,0.0,-61.812,0.0,0.0,-6.686,0.0,0.0,0.13984142,0.0,0.0,16.23984142,0.0,0.0
ASN 121,32.462,0.0,0.0,-4.601,0.0,0.0,-70.636,0.0,0.0,-15.01,0.0,0.0,0.7211310000000001,0.0,0.0,-57.06386899999999,0.0,0.0
PRO 122,90.147,0.0,0.0,-3.085,0.0,0.0,-60.402,0.0,0.0,-3.196,0.0,0.0,0.63274706,0.0,0.0,24.09674706000001,0.0,0.0
PRO 123,80.678,0.0,0.0,-6.124,0.0,0.0,-56.375,0.0,0.0,-4.839,0.0,0.0,0.43323144,0.0,0.0,13.773231440000002,0.0,0.0
ILE 124,90.915,0.0,0.0,-4.682,0.0,0.0,-61.3,0.0,0.0,-0.874,0.0,0.0,0.34084754,0.0,0.0,24.399847540000007,0.0,0.0
PRO 125,90.707,0.0,0.0,-6.703,0.0,0.0,-66.03,0.0,0.0,-1.204,0.0,0.0,0.3507011,0.0,0.0,17.120701099999987,0.0,0.0
VAL 126,52.59,0.0,0.0,-9.218,0.0,0.0,-55.332,0.0,0.0,-1.605,0.0,0.0,0.0,0.0,0.0,-13.565000000000001,0.0,0.0
GLY 127,71.775,0.0,0.0,-6.144,0.0,0.0,-69.731,0.0,0.0,-1.941,0.0,0.0,0.00503518,0.0,0.0,-6.035964819999994,0.0,0.0
GLU 128,104.44,0.0,0.0,-4.883,0.0,0.0,-104.134,0.0,0.0,-46.661,0.0,0.0,0.47703588,0.0,0.0,-50.76096412,0.0,0.0
ILE 129,81.523,0.0,0.0,-9.658,0.0,0.0,-66.036,0.0,0.0,-0.213,0.0,0.0,0.16877338,0.0,0.0,5.784773379999994,0.0,0.0
TYR 130,93.062,0.0,0.0,-13.647,0.0,0.0,-90.042,0.0,0.0,-1.609,0.0,0.0,0.0490781,0.0,0.0,-12.18692190000001,0.0,0.0
LYS 131,141.916,0.0,0.0,-9.858,0.0,0.0,-165.77,0.0,0.0,21.552,0.0,0.0,0.12538628000000002,0.0,0.0,-12.034613720000017,0.0,0.0
ARG 132,-188.378,0.0,0.0,-9.382,0.0,0.0,11.614,0.0,0.0,4.595,0.0,0.0,0.69095786,0.0,0.0,-180.86004214,0.0,0.0
TRP 133,130.337,0.0,0.0,-19.099,0.0,0.0,-92.876,0.0,0.0,-7.147,0.0,0.0,0.04442232,0.0,0.0,11.259422319999981,0.0,0.0
ILE 134,86.985,0.0,0.0,-10.882,0.0,0.0,-70.677,0.0,0.0,-0.97,0.0,0.0,0.00072086,0.0,0.0,4.456720859999988,0.0,0.0
ILE 135,81.723,0.0,0.0,-8.442,0.0,0.0,-59.769,0.0,0.0,-1.334,0.0,0.0,0.23465348,0.0,0.0,12.412653480000008,0.0,0.0
LEU 136,75.446,0.0,0.0,-8.878,0.0,0.0,-74.51,0.0,0.0,-1.515,0.0,0.0,0.34624044,0.0,0.0,-9.110759560000007,0.0,0.0
GLY 137,78.634,0.0,0.0,-5.361,0.0,0.0,-78.455,0.0,0.0,0.039,0.0,0.0,0.0,0.0,0.0,-5.1430000000000025,0.0,0.0
LEU 138,62.682,0.0,0.0,-10.411,0.0,0.0,-65.991,0.0,0.0,-1.101,0.0,0.0,0.04719736,0.0,0.0,-14.773802639999998,0.0,0.0
ASN 139,43.465,0.0,0.0,-8.041,0.0,0.0,-95.795,0.0,0.0,-8.947,0.0,0.0,0.42231556000000003,0.0,0.0,-68.89568444,0.0,0.0
LYS 140,133.277,0.0,0.0,-8.784,0.0,0.0,-114.543,0.0,0.0,-24.391,0.0,0.0,0.54653112,0.0,0.0,-13.894468880000023,0.0,0.0
ILE 141,88.434,0.0,0.0,-8.576,0.0,0.0,-77.506,0.0,0.0,-1.38,0.0,0.0,0.03717036,0.0,0.0,1.009170360000004,0.0,0.0
VAL 142,63.482,0.0,0.0,-6.973,0.0,0.0,-53.874,0.0,0.0,-3.748,0.0,0.0,0.1208931,0.0,0.0,-0.9921069000000022,0.0,0.0
ARG 143,-194.375,0.0,0.0,-10.141,0.0,0.0,55.309,0.0,0.0,-25.36,0.0,0.0,0.72524478,0.0,0.0,-173.84175522,0.0,0.0
MET 144,89.205,0.0,0.0,-9.752,0.0,0.0,-73.257,0.0,0.0,-4.43,0.0,0.0,0.26083208,0.0,0.0,2.0268320799999984,0.0,0.0
TYR 145,91.113,0.0,0.0,-6.455,0.0,0.0,-78.91,0.0,0.0,-12.04,0.0,0.0,0.83885882,0.0,0.0,-5.453141179999994,0.0,0.0
SER 146,74.107,0.0,0.0,-4.753,0.0,0.0,-56.232,0.0,0.0,-6.221,0.0,0.0,0.3493461,0.0,0.0,7.2503461,0.0,0.0
PRO 147,87.339,0.0,0.0,-5.106,0.0,0.0,-61.857,0.0,0.0,-5.805,0.0,0.0,0.59508348,0.0,0.0,15.166083480000005,0.0,0.0
THR 148,47.725,0.0,0.0,-3.94,0.0,0.0,-54.463,0.0,0.0,-9.512,0.0,0.0,0.57846034,0.0,0.0,-19.61153966,0.0,0.0
SER 149,61.747,0.0,0.0,-1.887,0.0,0.0,-40.343,0.0,0.0,-15.25,0.0,0.0,0.61501282,0.0,0.0,4.882012819999996,0.0,0.0
ILE 150,59.666,0.0,0.0,-0.6,0.0,0.0,-29.555,0.0,0.0,-10.516,0.0,0.0,1.2376949400000001,0.0,0.0,20.23269494,0.0,0.0

Ligand:
Total Energy Decomposition:
Residue,Internal,,,van der Waals,,,Electrostatic,,,Polar Solvation,,,Non-Polar Solv.,,,TOTAL,,
,Avg.,Std. Dev.,Std. Err. of Mean,Avg.,Std. Dev.,Std. Err. of Mean,Avg.,Std. Dev.,Std. Err. of Mean,Avg.,Std. Dev.,Std. Err. of Mean,Avg.,Std. Dev.,Std. Err. of Mean,Avg.,Std. Dev.,Std. Err. of Mean
LEU   1,42.681,0.0,0.0,-3.19,0.0,0.0,-40.623,0.0,0.0,-1.781,0.0,0.0,0.83010552,0.0,0.0,-2.0828944799999976,0.0,0.0
ASP   2,116.087,0.0,0.0,-3.46,0.0,0.0,-121.465,0.0,0.0,-49.935,0.0,0.0,0.6409692,0.0,0.0,-58.132030799999995,0.0,0.0
ILE   3,98.573,0.0,0.0,-6.897,0.0,0.0,-71.76,0.0,0.0,-3.349,0.0,0.0,0.22831208000000003,0.0,0.0,16.79531207999998,0.0,0.0
ARG   4,-191.351,0.0,0.0,-9.615,0.0,0.0,23.117,0.0,0.0,-1.183,0.0,0.0,0.66656786,0.0,0.0,-178.36543214000002,0.0,0.0
GLN   5,32.836,0.0,0.0,-12.791,0.0,0.0,-83.316,0.0,0.0,-2.605,0.0,0.0,0.08412382000000002,0.0,0.0,-65.79187618,0.0,0.0
GLY   6,84.841,0.0,0.0,-2.485,0.0,0.0,-74.739,0.0,0.0,-4.652,0.0,0.0,0.12959762000000002,0.0,0.0,3.0945976199999903,0.0,0.0
PRO   7,90.156,0.0,0.0,-3.605,0.0,0.0,-52.596,0.0,0.0,-10.009,0.0,0.0,0.7946966599999999,0.0,0.0,24.740696660000005,0.0,0.0
LYS   8,119.72,0.0,0.0,-3.617,0.0,0.0,-84.335,0.0,0.0,-47.072,0.0,0.0,1.2346489,0.0,0.0,-14.069351100000002,0.0,0.0
GLU   9,110.882,0.0,0.0,-8.053,0.0,0.0,-120.488,0.0,0.0,-31.393,0.0,0.0,0.22813322000000003,0.0,0.0,-48.823866779999996,0.0,0.0
PRO  10,78.424,0.0,0.0,-7.388,0.0,0.0,-58.203,0.0,0.0,-1.71,0.0,0.0,0.33415384000000004,0.0,0.0,11.457153839999998,0.0,0.0
PHE  11,103.066,0.0,0.0,-15.116,0.0,0.0,-73.7,0.0,0.0,-2.603,0.0,0.0,0.0079132,0.0,0.0,11.654913200000001,0.0,0.0
ARG  12,-198.62,0.0,0.0,-7.964,8.429369702178807e-08,8.429369702178807e-08,9.401,0.0,0.0,17.015,0.0,0.0,0.6531967200000001,0.0,0.0,-179.51480328,0.0,0.0
ASP  13,89.78,0.0,0.0,-6.619,0.0,0.0,-90.446,0.0,0.0,-58.58,0.0,0.0,0.34343288,0.0,0.0,-65.52156712,0.0,0.0
TYR  14,94.417,0.0,0.0,-18.301,0.0,0.0,-95.022,0.0,0.0,-0.762,0.0,0.0,0.0,0.0,0.0,-19.668000000000006,0.0,0.0
VAL  15,46.653,0.0,0.0,-8.945,0.0,0.0,-55.215,0.0,0.0,1.229,0.0,0.0,0.03944676,0.0,0.0,-16.238553240000005,0.0,0.0
ASP  16,117.632,0.0,0.0,-5.047,0.0,0.0,-132.75,0.0,0.0,-31.157,0.0,0.0,0.33776898000000005,0.0,0.0,-50.98423101999999,0.0,0.0
ARG  17,-195.997,0.0,0.0,-7.918,0.0,0.0,10.58,0.0,0.0,6.038,0.0,0.0,0.53353938,0.0,0.0,-186.76346062,0.0,0.0
PHE  18,95.177,0.0,0.0,-14.587,0.0,0.0,-81.477,0.0,0.0,-0.524,0.0,0.0,0.01738736,0.0,0.0,-1.3936126400000004,0.0,0.0
TYR  19,99.257,0.0,0.0,-10.062,0.0,0.0,-87.97,0.0,0.0,-6.787,0.0,0.0,0.60433,0.0,0.0,-4.957669999999991,0.0,0.0
LYS  20,136.436,0.0,0.0,-4.804,0.0,0.0,-139.918,0.0,0.0,-11.57,0.0,0.0,0.80605698,0.0,0.0,-19.04994302,0.0,0.0
THR  21,48.341,0.0,0.0,-4.334,0.0,0.0,-61.88,0.0,0.0,-2.588,0.0,0.0,0.22055064000000002,0.0,0.0,-20.24044936,0.0,0.0
LEU  22,68.403,0.0,0.0,-10.427,0.0,0.0,-66.166,0.0,0.0,-1.073,0.0,0.0,0.07165782000000001,0.0,0.0,-9.19134217999999,0.0,0.0
ARG  23,-200.016,0.0,0.0,-6.085,0.0,0.0,79.507,0.0,0.0,-44.957,0.0,0.0,1.0386833800000002,0.0,0.0,-170.51231661999998,0.0,0.0
ALA  24,86.166,0.0,0.0,-4.272,0.0,0.0,-77.401,0.0,0.0,-6.653,0.0,0.0,0.4948568400000001,0.0,0.0,-1.6651431600000044,0.0,0.0
GLU  25,109.312,0.0,0.0,-5.876,0.0,0.0,-72.729,0.0,0.0,-81.115,0.0,0.0,0.73724466,0.0,0.0,-49.67075534,0.0,0.0
GLN  26,33.072,0.0,0.0,-5.783,0.0,0.0,-65.642,0.0,0.0,-15.1,0.0,0.0,0.6832452000000001,0.0,0.0,-52.769754799999994,0.0,0.0
ALA  27,94.862,0.0,0.0,-5.066,0.0,0.0,-80.108,0.0,0.0,-4.544,0.0,0.0,0.17878412,0.0,0.0,5.322784119999989,0.0,0.0
SER  28,64.635,0.0,0.0,-4.497,0.0,0.0,-54.554,0.0,0.0,-7.809,0.0,0.0,0.40738888,0.0,0.0,-1.817611119999997,0.0,0.0
GLN  29,32.063,0.0,0.0,-3.919,0.0,0.0,-68.559,0.0,0.0,-9.944,0.0,0.0,0.6978087400000001,0.0,0.0,-49.661191259999995,0.0,0.0
GLU  30,111.658,0.0,0.0,-5.483,0.0,0.0,-78.705,0.0,0.0,-81.817,0.0,0.0,0.7257651,0.0,0.0,-53.6212349,0.0,0.0
VAL  31,65.999,0.0,0.0,-6.551,0.0,0.0,-59.223,0.0,0.0,-2.808,0.0,0.0,0.27289158,0.0,0.0,-2.3101084200000055,0.0,0.0
LYS  32,110.905,0.0,0.0,-7.359,0.0,0.0,-109.498,0.0,0.0,-17.528,0.0,0.0,0.17107146,0.0,0.0,-23.308928539999997,0.0,0.0
ASN  33,25.545,0.0,0.0,-7.001,0.0,0.0,-85.104,0.0,0.0,-8.564,0.0,0.0,0.6101510800000001,0.0,0.0,-74.51384892,0.0,0.0
TRP  34,121.467,0.0,0.0,-11.344,0.0,0.0,-92.917,0.0,0.0,-7.151,0.0,0.0,0.80612744,0.0,0.0,10.861127440000004,0.0,0.0
MET  35,100.638,0.0,0.0,-12.027,0.0,0.0,-86.678,0.0,0.0,-1.637,0.0,0.0,0.17055114000000002,0.0,0.0,0.46655114000000697,0.0,0.0
THR  36,42.382,0.0,0.0,-6.075,0.0,0.0,-56.826,0.0,0.0,-2.316,0.0,0.0,0.13008542,0.0,0.0,-22.704914580000004,0.0,0.0
GLU  37,100.859,0.0,0.0,-5.867,0.0,0.0,-49.596,0.0,0.0,-96.285,0.0,0.0,0.44478688,0.0,0.0,-50.44421312,0.0,0.0
THR  38,43.15,0.0,0.0,-5.745,0.0,0.0,-54.093,0.0,0.0,0.32,0.0,0.0,0.28692938,0.0,0.0,-16.081070620000002,0.0,0.0
LEU  39,67.152,0.0,0.0,-8.654,0.0,0.0,-67.737,0.0,0.0,-0.511,0.0,0.0,0.15588462,0.0,0.0,-9.59411537999999,0.0,0.0
LEU  40,81.965,0.0,0.0,-10.164,0.0,0.0,-91.067,0.0,0.0,0.346,0.0,0.0,0.0,0.0,0.0,-18.91999999999999,0.0,0.0
VAL  41,62.077,0.0,0.0,-9.501,0.0,0.0,-59.18,0.0,0.0,1.304,0.0,0.0,0.05875822,0.0,0.0,-5.241241779999999,0.0,0.0
GLN  42,20.549,0.0,0.0,-7.195,0.0,0.0,-76.854,0.0,0.0,-0.073,0.0,0.0,0.50634182,0.0,0.0,-63.06665818,0.0,0.0
ASN  43,14.237,0.0,0.0,-9.079,0.0,0.0,-82.129,0.0,0.0,-2.263,0.0,0.0,0.0784003,0.0,0.0,-79.15559970000001,0.0,0.0
ALA  44,92.035,0.0,0.0,-8.443,0.0,0.0,-86.355,0.0,0.0,2.817,0.0,0.0,0.01969086,0.0,0.0,0.07369085999999495,0.0,0.0
ASN  45,38.273,0.0,0.0,-7.879,0.0,0.0,-88.793,0.0,0.0,-5.671,0.0,0.0,0.12720198000000002,0.0,0.0,-63.942798020000005,0.0,0.0
PRO  46,78.71,0.0,0.0,-5.355,0.0,0.0,-60.968,0.0,0.0,-2.03,0.0,0.0,0.54757718,0.0,0.0,10.904577179999986,0.0,0.0
ASP  47,81.567,0.0,0.0,-4.137,0.0,0.0,-74.024,0.0,0.0,-62.931,0.0,0.0,0.6823129600000001,0.0,0.0,-58.84268704000001,0.0,0.0
CYX  48,98.31,0.0,0.0,-7.988,0.0,0.0,-77.953,0.0,0.0,-3.717,0.0,0.0,0.045614720000000004,0.0,0.0,8.697614719999999,0.0,0.0
LYS  49,144.689,0.0,0.0,-11.556,0.0,0.0,-121.3,0.0,0.0,-25.083,0.0,0.0,0.31686946000000005,0.0,0.0,-12.933130540000015,0.0,0.0
THR  50,54.249,0.0,0.0,-6.126,0.0,0.0,-66.946,0.0,0.0,-2.984,0.0,0.0,0.52035252,0.0,0.0,-21.286647479999996,0.0,0.0
ILE  51,82.781,0.0,0.0,-7.711,0.0,0.0,-59.732,0.0,0.0,-1.515,0.0,0.0,0.40284692,0.0,0.0,14.225846920000008,0.0,0.0
LEU  52,84.275,0.0,0.0,-12.03,0.0,0.0,-71.886,0.0,0.0,-5.383,0.0,0.0,0.01610824,0.0,0.0,-5.007891759999991,0.0,0.0
LYS  53,118.721,0.0,0.0,-7.485,0.0,0.0,-99.858,0.0,0.0,-31.852,0.0,0.0,0.75976476,0.0,0.0,-19.71423524,0.0,0.0
ALA  54,82.383,0.0,0.0,-3.912,0.0,0.0,-72.376,0.0,0.0,-5.403,0.0,0.0,0.46716064,0.0,0.0,1.159160639999985,0.0,0.0
LEU  55,73.127,0.0,0.0,-7.135,0.0,0.0,-73.465,0.0,0.0,-4.887,0.0,0.0,0.45221228,0.0,0.0,-11.907787720000014,0.0,0.0
GLY  56,88.372,0.0,0.0,-3.432,0.0,0.0,-72.618,0.0,0.0,-9.0,0.0,0.0,0.1231424,0.0,0.0,3.4451424000000026,0.0,0.0
PRO  57,78.199,0.0,0.0,-3.687,0.0,0.0,-52.428,0.0,0.0,-8.436,0.0,0.0,0.5714251800000001,0.0,0.0,14.219425180000004,0.0,0.0
GLY  58,66.704,0.0,0.0,-2.209,0.0,0.0,-62.461,0.0,0.0,-8.685,0.0,0.0,0.42727486000000003,0.0,0.0,-6.223725140000009,0.0,0.0
ALA  59,104.66,0.0,0.0,-6.052,0.0,0.0,-88.449,0.0,0.0,-3.648,0.0,0.0,0.04917024,0.0,0.0,6.560170240000006,0.0,0.0
THR  60,44.967,0.0,0.0,-2.587,0.0,0.0,-57.113,0.0,0.0,-3.383,0.0,0.0,0.49092192,0.0,0.0,-17.62507808,0.0,0.0
LEU  61,69.286,0.0,0.0,-6.049,0.0,0.0,-68.308,0.0,0.0,-3.453,0.0,0.0,0.25211130000000004,0.0,0.0,-8.271888700000005,0.0,0.0
GLU  62,106.763,0.0,0.0,-6.722,0.0,0.0,-47.075,0.0,0.0,-108.928,0.0,0.0,0.69627488,0.0,0.0,-55.26572511999999,0.0,0.0
GLU  63,102.904,0.0,0.0,-5.864,0.0,0.0,-57.203,0.0,0.0,-93.544,0.0,0.0,0.4473505400000001,0.0,0.0,-53.259649460000006,0.0,0.0
MET  64,92.387,0.0,0.0,-12.954,0.0,0.0,-75.451,0.0,0.0,-2.425,0.0,0.0,0.0559344,0.0,0.0,1.6129343999999994,0.0,0.0
MET  65,102.53,0.0,0.0,-10.213,0.0,0.0,-83.259,0.0,0.0,-4.249,0.0,0.0,0.22286498000000002,0.0,0.0,5.031864980000007,0.0,0.0
THR  66,41.399,0.0,0.0,-6.152,0.0,0.0,-51.578,0.0,0.0,-1.69,0.0,0.0,0.45772984,0.0,0.0,-17.563270160000005,0.0,0.0
ALA  67,77.562,0.0,0.0,-5.825,0.0,0.0,-66.143,0.0,0.0,-2.405,0.0,0.0,0.14549448,0.0,0.0,3.3344944799999943,0.0,0.0
CYX  68,93.924,0.0,0.0,-6.366,0.0,0.0,-77.836,0.0,0.0,-3.556,0.0,0.0,0.13551084,0.0,0.0,6.301510840000009,0.0,0.0
GLN  69,42.265,0.0,0.0,-3.79,0.0,0.0,-71.63,0.0,0.0,-16.365,0.0,0.0,0.75377024,0.0,0.0,-48.766229759999995,0.0,0.0
GLY  70,96.084,0.0,0.0,-2.133,0.0,0.0,-82.727,0.0,0.0,-7.006,0.0,0.0,0.36968736,0.0,0.0,4.587687360000004,0.0,0.0
VAL  71,36.078,0.0,0.0,-4.245,0.0,0.0,-26.196,0.0,0.0,-94.772,0.0,0.0,0.7599056800000001,0.0,0.0,-88.37509432,0.0,0.0

DELTAS:
Total Energy Decomposition:
Residue,Location,Internal,,,van der Waals,,,Electrostatic,,,Polar Solvation,,,Non-Polar Solv.,,,TOTAL,,
,,Avg.,Std. Dev.,Std. Err. of Mean,Avg.,Std. Dev.,Std. Err. of Mean,Avg.,Std. Dev.,Std. Err. of Mean,Avg.,Std. Dev.,Std. Err. of Mean,Avg.,Std. Dev.,Std. Err. of Mean
PRO   1,R PRO   1,0.0,0.0,0.0,0.0,0.0,0.0,-4.396000000000001,0.0,0.0,4.4,0.0,0.0,0.0,0.0,0.0,0.0039999999999995595,0.0,0.0
ILE   2,R ILE   2,0.0,0.0,0.0,0.0,0.0,0.0,0.009000000000000341,0.0,0.0,-0.008999999999999897,0.0,0.0,0.0,0.0,0.0,1.7763568394002505e-15,0.0,0.0
VAL   3,R VAL   3,0.0,0.0,0.0,0.0,0.0,0.0,-0.01300000000000523,0.0,0.0,0.0129999999999999,0.0,0.0,0.0,0.0,0.0,-5.329070518200751e-15,0.0,0.0
GLN   4,R GLN   4,0.0,0.0,0.0,0.0,0.0,0.0,-0.013999999999995794,0.0,0.0,0.015000000000000568,0.0,0.0,0.0,0.0,0.0,0.0010000000000047748,0.0,0.0
ASN   5,R ASN   5,0.0,0.0,0.0,0.0,0.0,0.0,0.03100000000000591,0.0,0.0,-0.031000000000000583,0.0,0.0,0.0,0.0,0.0,1.4210854715202004e-14,0.0,0.0
LEU   6,R LEU   6,0.0,0.0,0.0,0.0,0.0,0.0,0.0049999999999954525,0.0,0.0,-0.004999999999999893,0.0,0.0,0.0,0.0,0.0,-5.329070518200751e-15,0.0,0.0
GLN   7,R GLN   7,0.0,0.0,0.0,0.0,0.0,0.0,0.027000000000001023,0.0,0.0,-0.02800000000000047,0.0,0.0,0.0,0.0,0.0,-0.0010000000000047748,0.0,0.0
GLY   8,R GLY   8,0.0,0.0,0.0,0.0,0.0,0.0,0.011999999999986244,0.0,0.0,-0.011999999999999567,0.0,0.0,0.0,0.0,0.0,-1.4210854715202004e-14,0.0,0.0
GLN   9,R GLN   9,0.0,0.0,0.0,0.0,0.0,0.0,0.0049999999999954525,0.0,0.0,-0.004999999999999005,0.0,0.0,0.0,0.0,0.0,0.0,0.0,0.0
MET  10,R MET  10,0.0,0.0,0.0,0.0,0.0,0.0,-0.012000000000000455,0.0,0.0,0.0129999999999999,0.0,0.0,0.0,0.0,0.0,0.0009999999999994458,0.0,0.0
VAL  11,R VAL  11,0.0,0.0,0.0,0.0,0.0,0.0,0.021000000000000796,0.0,0.0,-0.020000000000000018,0.0,0.0,0.0,0.0,0.0,0.0010000000000012221,0.0,0.0
HID  12,R HID  12,0.0,0.0,0.0,0.0,0.0,0.0,-0.02400000000000091,0.0,0.0,0.025000000000000355,0.0,0.0,0.0,0.0,0.0,0.0010000000000012221,0.0,0.0
GLN  13,R GLN  13,0.0,0.0,0.0,0.0,0.0,0.0,0.021000000000000796,0.0,0.0,-0.02099999999999902,0.0,0.0,0.0,0.0,0.0,0.0,0.0,0.0
ALA  14,R ALA  14,0.0,0.0,0.0,0.0,0.0,0.0,0.015000000000000568,0.0,0.0,-0.015000000000000124,0.0,0.0,0.0,0.0,0.0,0.0,0.0,0.0
ILE  15,R ILE  15,0.0,0.0,0.0,-0.0009999999999994458,0.0,0.0,0.0040000000000048885,0.0,0.0,-0.004000000000000448,0.0,0.0,0.0,0.0,0.0,-0.000999999999985235,0.0,0.0
SER  16,R SER  16,0.0,0.0,0.0,0.0,0.0,0.0,-0.06099999999999994,0.0,0.0,0.0600000000000005,0.0,0.0,0.0,0.0,0.0,-0.0009999999999994458,0.0,0.0
PRO  17,R PRO  17,0.0,0.0,0.0,0.0,0.0,0.0,-0.06800000000000495,0.0,0.0,0.0680000000000005,0.0,0.0,0.0,0.0,0.0,-3.552713678800501e-15,0.0,0.0
ARG  18,R ARG  18,0.0,0.0,0.0,-0.0009999999999994458,0.0,0.0,-4.695,0.0,0.0,4.7010000000000005,0.0,0.0,0.0,0.0,0.0,0.005000000000023874,0.0,0.0
THR  19,R THR  19,0.0,0.0,0.0,-0.0009999999999994458,0.0,0.0,-0.09900000000000375,0.0,0.0,0.10000000000000009,0.0,0.0,0.0,0.0,0.0,0.0,0.0,0.0
LEU  20,R LEU  20,0.0,0.0,0.0,-0.002000000000000668,0.0,0.0,-0.16199999999999903,0.0,0.0,0.1599999999999997,0.0,0.0,0.0,0.0,0.0,-0.00399999999999423,0.0,0.0
ASN  21,R ASN  21,0.0,0.0,0.0,-0.0019999999999997797,0.0,0.0,-0.2950000000000017,0.0,0.0,0.2989999999999995,0.0,0.0,0.0,0.0,0.0,0.001999999999995339,0.0,0.0
ALA  22,R ALA  22,0.0,0.0,0.0,-0.0019999999999997797,0.0,0.0,-0.31500000000001194,0.0,0.0,0.31400000000000006,0.0,0.0,0.0,0.0,0.0,-0.00300000000002143,0.0,0.0
TRP  23,R TRP  23,0.0,0.0,0.0,-0.010000000000001563,0.0,0.0,-0.5299999999999869,0.0,0.0,0.5250000000000004,0.0,0.0,0.0,0.0,0.0,-0.014999999999991687,0.0,0.0
VAL  24,R VAL  24,0.0,0.0,0.0,-0.006000000000000227,0.0,0.0,-0.5730000000000004,0.0,0.0,0.5710000000000002,0.0,0.0,0.0,0.0,0.0,-0.008000000000000895,0.0,0.0
LYS  25,R LYS  25,0.0,0.0,0.0,-0.0129999999999999,0.0,0.0,-1.6030000000000086,0.0,0.0,1.7410000000000005,0.0,0.0,0.0,0.0,0.0,0.12499999999998757,0.0,0.0
VAL  26,R VAL  26,0.0,0.0,0.0,-0.0259999999999998,0.0,0.0,-1.5120000000000005,0.0,0.0,1.457,0.0,0.0,0.0,0.0,0.0,-0.08100000000000307,0.0,0.0
VAL  27,R VAL  27,0.0,0.0,0.0,-0.04100000000000037,0.0,0.0,-1.7210000000000036,0.0,0.0,1.6900000000000002,0.0,0.0,0.0,0.0,0.0,-0.07199999999999918,0.0,0.0
GLU  28,R GLU  28,0.0,0.0,0.0,-0.03599999999999959,0.0,0.0,1.168999999999997,0.0,0.0,-1.1110000000000042,0.0,0.0,0.0,0.0,0.0,0.02199999999999136,0.0,0.0
GLU  29,R GLU  29,0.0,0.0,0.0,-0.24399999999999977,0.0,0.0,-18.578999999999994,0.0,0.0,18.416000000000004,0.0,0.0,-0.09591773999999997,0.0,0.0,-0.5029177399999867,0.0,0.0
LYS  30,R LYS  30,0.0,0.0,0.0,-0.8169999999999984,0.0,0.0,11.286000000000001,0.0,0.0,-9.381,0.0,0.0,-0.012829139999999961,0.0,0.0,1.075170859999993,0.0,0.0
ALA  31,R ALA  31,0.0,0.0,0.0,0.351,0.0,0.0,-11.290999999999997,0.0,0.0,6.991,0.0,0.0,-0.06252511999999999,0.0,0.0,-4.011525119999998,0.0,0.0
PHE  32,R PHE  32,0.0,0.0,0.0,-1.1500000000000004,0.0,0.0,1.1880000000000024,0.0,0.0,-0.3169999999999993,0.0,0.0,-0.08339753999999999,0.0,0.0,-0.3623975399999875,0.0,0.0
SER  33,R SER  33,0.0,0.0,0.0,-2.1470000000000002,0.0,0.0,3.776999999999994,0.0,0.0,-2.211,0.0,0.0,-0.11985246000000001,0.0,0.0,-0.7008524600000108,0.0,0.0
PRO  34,R PRO  34,0.0,0.0,0.0,-2.460000000000001,0.0,0.0,-1.159000000000006,0.0,0.0,1.271,0.0,0.0,-0.26838214000000005,0.0,0.0,-2.616382140000015,0.0,0.0
GLU  35,R GLU  35,0.0,0.0,0.0,-0.6180000000000003,0.0,0.0,-15.563999999999993,0.0,0.0,15.145000000000003,0.0,0.0,-0.14277363999999998,0.0,0.0,-1.1797736399999792,0.0,0.0
VAL  36,R VAL  36,0.0,0.0,0.0,-0.08400000000000052,0.0,0.0,0.09100000000000108,0.0,0.0,-0.039000000000000035,0.0,0.0,0.0,0.0,0.0,-0.0319999999999947,0.0,0.0
ILE  37,R ILE  37,0.0,0.0,0.0,-0.04699999999999971,0.0,0.0,-0.3569999999999993,0.0,0.0,0.3759999999999999,0.0,0.0,0.0,0.0,0.0,-0.027999999999998693,0.0,0.0
PRO  38,R PRO  38,0.0,0.0,0.0,-0.02799999999999958,0.0,0.0,-0.01999999999999602,0.0,0.0,0.027000000000000135,0.0,0.0,0.0,0.0,0.0,-0.021000000000002572,0.0,0.0
MET  39,R MET  39,0.0,0.0,0.0,-0.03200000000000003,0.0,0.0,-0.13100000000000023,0.0,0.0,0.14900000000000002,0.0,0.0,0.0,0.0,0.0,-0.014000000000010893,0.0,0.0
PHE  40,R PHE  40,0.0,0.0,0.0,-0.009000000000000341,0.0,0.0,-0.042999999999992156,0.0,0.0,0.052000000000000046,0.0,0.0,0.0,0.0,0.0,7.549516567451064e-15,0.0,0.0
SER  41,R SER  41,0.0,0.0,0.0,-0.0030000000000001137,0.0,0.0,-0.1460000000000008,0.0,0.0,0.15800000000000125,0.0,0.0,0.0,0.0,0.0,0.009000000000000341,0.0,0.0
ALA  42,R ALA  42,0.0,0.0,0.0,-0.0019999999999997797,0.0,0.0,0.03999999999999204,0.0,0.0,-0.03399999999999981,0.0,0.0,0.0,0.0,0.0,0.003999999999996007,0.0,0.0
LEU  43,R LEU  43,0.0,0.0,0.0,-0.0039999999999995595,0.0,0.0,0.09799999999999898,0.0,0.0,-0.09300000000000042,0.0,0.0,0.0,0.0,0.0,0.0010000000000083276,0.0,0.0
SER  44,R SER  44,0.0,0.0,0.0,-0.0009999999999994458,0.0,0.0,0.1389999999999958,0.0,0.0,-0.133,0.0,0.0,0.0,0.0,0.0,0.004999999999991012,0.0,0.0
GLU  45,R GLU  45,0.0,0.0,0.0,-0.0019999999999997797,0.0,0.0,5.117000000000004,0.0,0.0,-5.114000000000004,0.0,0.0,0.0,0.0,0.0,0.0010000000000047748,0.0,0.0
GLY  46,R GLY  46,0.0,0.0,0.0,0.0,0.0,0.0,-0.04399999999999693,0.0,0.0,0.04499999999999993,0.0,0.0,0.0,0.0,0.0,0.0010000000000029985,0.0,0.0
ALA  47,R ALA  47,0.0,0.0,0.0,-0.0009999999999994458,0.0,0.0,0.049000000000006594,0.0,0.0,-0.04800000000000004,0.0,0.0,0.0,0.0,0.0,1.5987211554602254e-14,0.0,0.0
THR  48,R THR  48,0.0,0.0,0.0,0.0,0.0,0.0,-0.028999999999996362,0.0,0.0,0.028000000000000025,0.0,0.0,0.0,0.0,0.0,-0.0009999999999963372,0.0,0.0
PRO  49,R PRO  49,0.0,0.0,0.0,0.0,0.0,0.0,-0.022999999999996135,0.0,0.0,0.02199999999999991,0.0,0.0,0.0,0.0,0.0,-0.000999999999995893,0.0,0.0
GLN  50,R GLN  50,0.0,0.0,0.0,0.0,0.0,0.0,-0.0309999999999917,0.0,0.0,0.030999999999998806,0.0,0.0,0.0,0.0,0.0,1.4210854715202004e-14,0.0,0.0
ASP  51,R ASP  51,0.0,0.0,0.0,-0.0010000000000012221,0.0,0.0,4.290000000000006,0.0,0.0,-4.2940000000000005,0.0,0.0,0.0,0.0,0.0,-0.005000000000002558,0.0,0.0
LEU  52,R LEU  52,0.0,0.0,0.0,-0.0009999999999994458,0.0,0.0,-0.09000000000000341,0.0,0.0,0.09,0.0,0.0,0.0,0.0,0.0,-0.0010000000000012221,0.0,0.0
ASN  53,R ASN  53,0.0,0.0,0.0,0.0,0.0,0.0,-0.03699999999999193,0.0,0.0,0.036000000000000476,0.0,0.0,0.0,0.0,0.0,-0.0010000000000047748,0.0,0.0
THR  54,R THR  54,0.0,0.0,0.0,-0.001000000000000334,0.0,0.0,-0.04600000000000648,0.0,0.0,0.04600000000000026,0.0,0.0,0.0,0.0,0.0,-0.0010000000000047748,0.0,0.0
MET  55,R MET  55,0.0,0.0,0.0,-0.0019999999999988916,0.0,0.0,-0.09099999999999397,0.0,0.0,0.09399999999999986,0.0,0.0,0.0,0.0,0.0,0.001000000000010104,0.0,0.0
LEU  56,R LEU  56,0.0,0.0,0.0,-0.0030000000000001137,0.0,0.0,-0.1700000000000017,0.0,0.0,0.17000000000000015,0.0,0.0,0.0,0.0,0.0,-0.00300000000000189,0.0,0.0
ASN  57,R ASN  57,0.0,0.0,0.0,-0.001000000000000334,0.0,0.0,-0.016000000000005343,0.0,0.0,0.017999999999998906,0.0,0.0,0.0,0.0,0.0,0.000999999999990564,0.0,0.0
THR  58,R THR  58,0.0,0.0,0.0,-0.002000000000000224,0.0,0.0,-0.023000000000010346,0.0,0.0,0.030999999999999694,0.0,0.0,0.0,0.0,0.0,0.005999999999989569,0.0,0.0
VAL  59,R VAL  59,0.0,0.0,0.0,-0.004999999999999005,0.0,0.0,-0.10000000000000142,0.0,0.0,0.10899999999999999,0.0,0.0,0.0,0.0,0.0,0.004000000000001336,0.0,0.0
ALA  60,R ALA  60,0.0,0.0,0.0,-0.0019999999999997797,0.0,0.0,-0.027000000000001023,0.0,0.0,0.030999999999999694,0.0,0.0,0.0,0.0,0.0,0.0020000000000024443,0.0,0.0
PRO  61,R PRO  61,0.0,0.0,0.0,-0.0030000000000001137,0.0,0.0,0.06499999999999773,0.0,0.0,-0.058000000000000274,0.0,0.0,0.0,0.0,0.0,0.003999999999997783,0.0,0.0
HID  62,R HID  62,0.0,0.0,0.0,-0.01499999999999968,0.0,0.0,0.10500000000000398,0.0,0.0,-0.045999999999999375,0.0,0.0,0.0,0.0,0.0,0.044000000000004036,0.0,0.0
GLN  63,R GLN  63,0.0,0.0,0.0,-0.004999999999999893,0.0,0.0,0.11400000000000432,0.0,0.0,-0.09299999999999997,0.0,0.0,0.0,0.0,0.0,0.01600000000001245,0.0,0.0
ALA  64,R ALA  64,0.0,0.0,0.0,-0.01100000000000012,0.0,0.0,0.3469999999999942,0.0,0.0,-0.3180000000000005,0.0,0.0,0.0,0.0,0.0,0.017999999999998018,0.0,0.0
ALA  65,R ALA  65,0.0,0.0,0.0,-0.01499999999999968,0.0,0.0,0.3960000000000008,0.0,0.0,-0.37600000000000033,0.0,0.0,0.0,0.0,0.0,0.004999999999999005,0.0,0.0
ALA  66,R ALA  66,0.0,0.0,0.0,-0.004000000000000448,0.0,0.0,0.13799999999999102,0.0,0.0,-0.133,0.0,0.0,0.0,0.0,0.0,0.000999999999986123,0.0,0.0
GLN  67,R GLN  67,0.0,0.0,0.0,-0.004999999999999893,0.0,0.0,0.03499999999999659,0.0,0.0,-0.016000000000000014,0.0,0.0,0.0,0.0,0.0,0.013999999999995794,0.0,0.0
MET  68,R MET  68,0.0,0.0,0.0,-0.017999999999998906,0.0,0.0,0.24600000000000932,0.0,0.0,-0.22899999999999965,0.0,0.0,0.0,0.0,0.0,-0.000999999999990564,0.0,0.0
LEU  69,R LEU  69,0.0,0.0,0.0,-0.009000000000000341,0.0,0.0,0.277000000000001,0.0,0.0,-0.27700000000000014,0.0,0.0,0.0,0.0,0.0,-0.009000000000000341,0.0,0.0
LYS  70,R LYS  70,0.0,0.0,0.0,-0.0030000000000001137,0.0,0.0,-4.405000000000001,0.0,0.0,4.413,0.0,0.0,0.0,0.0,0.0,0.004999999999999005,0.0,0.0
GLU  71,R GLU  71,0.0,0.0,0.0,-0.0030000000000001137,0.0,0.0,5.076999999999998,0.0,0.0,-5.070000000000007,0.0,0.0,0.0,0.0,0.0,0.003999999999990678,0.0,0.0
THR  72,R THR  72,0.0,0.0,0.0,-0.004999999999999893,0.0,0.0,0.22300000000000608,0.0,0.0,-0.19600000000000062,0.0,0.0,0.0,0.0,0.0,0.022000000000012676,0.0,0.0
ILE  73,R ILE  73,0.0,0.0,0.0,-0.0019999999999988916,0.0,0.0,0.08299999999999841,0.0,0.0,-0.08099999999999996,0.0,0.0,0.0,0.0,0.0,3.552713678800501e-15,0.0,0.0
ASN  74,R ASN  74,0.0,0.0,0.0,-0.001000000000000334,0.0,0.0,-0.012000000000000455,0.0,0.0,0.015000000000000568,0.0,0.0,0.0,0.0,0.0,0.001999999999995339,0.0,0.0
GLU  75,R GLU  75,0.0,0.0,0.0,-0.0009999999999994458,0.0,0.0,5.646000000000001,0.0,0.0,-5.643000000000001,0.0,0.0,0.0,0.0,0.0,0.0020000000000024443,0.0,0.0
GLU  76,R GLU  76,0.0,0.0,0.0,-0.002000000000000668,0.0,0.0,6.481999999999999,0.0,0.0,-6.469000000000008,0.0,0.0,0.0,0.0,0.0,0.010999999999981469,0.0,0.0
ALA  77,R ALA  77,0.0,0.0,0.0,0.0,0.0,0.0,-0.027000000000001023,0.0,0.0,0.027000000000000135,0.0,0.0,0.0,0.0,0.0,-8.881784197001252e-16,0.0,0.0
ALA  78,R ALA  78,0.0,0.0,0.0,-0.0009999999999994458,0.0,0.0,-0.06099999999999284,0.0,0.0,0.062000000000000055,0.0,0.0,0.0,0.0,0.0,1.5987211554602254e-14,0.0,0.0
GLU  79,R GLU  79,0.0,0.0,0.0,-0.001000000000000334,0.0,0.0,5.825000000000003,0.0,0.0,-5.822000000000003,0.0,0.0,0.0,0.0,0.0,0.0020000000000095497,0.0,0.0
TRP  80,R TRP  80,0.0,0.0,0.0,-0.0009999999999976694,0.0,0.0,0.01100000000000989,0.0,0.0,-0.01200000000000001,0.0,0.0,0.0,0.0,0.0,-0.001999999999995339,0.0,0.0
ASP  81,R ASP  81,0.0,0.0,0.0,0.0,0.0,0.0,4.763000000000005,0.0,0.0,-4.7620000000000005,0.0,0.0,0.0,0.0,0.0,0.0010000000000047748,0.0,0.0
ARG  82,R ARG  82,0.0,0.0,0.0,-0.0009999999999994458,0.0,0.0,-5.725,0.0,0.0,5.7230000000000025,0.0,0.0,0.0,0.0,0.0,-0.002999999999985903,0.0,0.0
LEU  83,R LEU  83,0.0,0.0,0.0,0.0,0.0,0.0,-0.05299999999999727,0.0,0.0,0.052999999999999936,0.0,0.0,0.0,0.0,0.0,3.552713678800501e-15,0.0,0.0
HID  84,R HID  84,0.0,0.0,0.0,0.0,0.0,0.0,-0.000999999999990564,0.0,0.0,0.001000000000000334,0.0,0.0,0.0,0.0,0.0,1.0658141036401503e-14,0.0,0.0
PRO  85,R PRO  85,0.0,0.0,0.0,0.0,0.0,0.0,0.015999999999998238,0.0,0.0,-0.015000000000000568,0.0,0.0,0.0,0.0,0.0,0.0009999999999976694,0.0,0.0
VAL  86,R VAL  86,0.0,0.0,0.0,-0.0009999999999998899,0.0,0.0,0.018000000000000682,0.0,0.0,-0.019000000000000128,0.0,0.0,0.0,0.0,0.0,-0.0020000000000042206,0.0,0.0
HID  87,R HID  87,0.0,0.0,0.0,0.0,0.0,0.0,-0.0020000000000024443,0.0,0.0,0.0029999999999983373,0.0,0.0,0.0,0.0,0.0,0.000999999999995893,0.0,0.0
ALA  88,R ALA  88,0.0,0.0,0.0,0.0,0.0,0.0,0.015999999999991132,0.0,0.0,-0.016000000000000014,0.0,0.0,0.0,0.0,0.0,-8.881784197001252e-15,0.0,0.0
GLY  89,R GLY  89,0.0,0.0,0.0,0.0,0.0,0.0,0.030000000000001137,0.0,0.0,-0.030000000000001137,0.0,0.0,0.0,0.0,0.0,0.0,0.0,0.0
PRO  90,R PRO  90,0.0,0.0,0.0,0.0,0.0,0.0,0.0379999999999967,0.0,0.0,-0.036999999999999034,0.0,0.0,0.0,0.0,0.0,0.0009999999999976694,0.0,0.0
ILE  91,R ILE  91,0.0,0.0,0.0,0.0,0.0,0.0,-0.02599999999999625,0.0,0.0,0.024999999999999467,0.0,0.0,0.0,0.0,0.0,-0.000999999999995893,0.0,0.0
ALA  92,R ALA  92,0.0,0.0,0.0,0.0,0.0,0.0,-0.0309999999999917,0.0,0.0,0.030000000000001137,0.0,0.0,0.0,0.0,0.0,-0.000999999999990564,0.0,0.0
PRO  93,R PRO  93,0.0,0.0,0.0,0.0,0.0,0.0,-0.02200000000000557,0.0,0.0,0.02200000000000024,0.0,0.0,0.0,0.0,0.0,-7.105427357601002e-15,0.0,0.0
GLY  94,R GLY  94,0.0,0.0,0.0,0.0,0.0,0.0,-0.031999999999996476,0.0,0.0,0.03200000000000003,0.0,0.0,0.0,0.0,0.0,3.552713678800501e-15,0.0,0.0
GLN  95,R GLN  95,0.0,0.0,0.0,0.0,0.0,0.0,0.03300000000000125,0.0,0.0,-0.03200000000000003,0.0,0.0,0.0,0.0,0.0,0.0010000000000047748,0.0,0.0
MET  96,R MET  96,0.0,0.0,0.0,0.0,0.0,0.0,-0.027000000000001023,0.0,0.0,0.027999999999998693,0.0,0.0,0.0,0.0,0.0,0.0009999999999976694,0.0,0.0
ARG  97,R ARG  97,0.0,0.0,0.0,0.0,0.0,0.0,-4.242000000000001,0.0,0.0,4.243999999999996,0.0,0.0,0.0,0.0,0.0,0.001999999999981128,0.0,0.0
GLU  98,R GLU  98,0.0,0.0,0.0,0.0,0.0,0.0,4.324000000000005,0.0,0.0,-4.323999999999998,0.0,0.0,0.0,0.0,0.0,7.105427357601002e-15,0.0,0.0
PRO  99,R PRO  99,0.0,0.0,0.0,0.0,0.0,0.0,0.021000000000000796,0.0,0.0,-0.021999999999999797,0.0,0.0,0.0,0.0,0.0,-0.0010000000000012221,0.0,0.0
ARG 100,R ARG 100,0.0,0.0,0.0,0.0,0.0,0.0,-4.602,0.0,0.0,4.601999999999997,0.0,0.0,0.0,0.0,0.0,0.0,0.0,0.0
GLY 101,R GLY 101,0.0,0.0,0.0,0.0,0.0,0.0,-0.0049999999999954525,0.0,0.0,0.004999999999999893,0.0,0.0,0.0,0.0,0.0,5.329070518200751e-15,0.0,0.0
SER 102,R SER 102,0.0,0.0,0.0,0.0,0.0,0.0,0.006000000000000227,0.0,0.0,-0.006000000000000005,0.0,0.0,0.0,0.0,0.0,0.0,0.0,0.0
ASP 103,R ASP 103,0.0,0.0,0.0,0.0,0.0,0.0,4.420000000000002,0.0,0.0,-4.420000000000002,0.0,0.0,0.0,0.0,0.0,0.0,0.0,0.0
ILE 104,R ILE 104,0.0,0.0,0.0,0.0,0.0,0.0,-0.03399999999999892,0.0,0.0,0.03400000000000003,0.0,0.0,0.0,0.0,0.0,1.7763568394002505e-15,0.0,0.0
ALA 105,R ALA 105,0.0,0.0,0.0,0.0,0.0,0.0,-0.022999999999996135,0.0,0.0,0.02200000000000002,0.0,0.0,0.0,0.0,0.0,-0.000999999999995893,0.0,0.0
GLY 106,R GLY 106,0.0,0.0,0.0,0.0,0.0,0.0,-0.013999999999995794,0.0,0.0,0.014000000000000234,0.0,0.0,0.0,0.0,0.0,4.440892098500626e-15,0.0,0.0
THR 107,R THR 107,0.0,0.0,0.0,-0.001000000000000334,0.0,0.0,0.0,0.0,0.0,0.001000000000000334,0.0,0.0,0.0,0.0,0.0,0.0,0.0,0.0
THR 108,R THR 108,0.0,0.0,0.0,0.0,0.0,0.0,-0.007000000000005002,0.0,0.0,0.006999999999999673,0.0,0.0,0.0,0.0,0.0,-3.552713678800501e-15,0.0,0.0
SER 109,R SER 109,0.0,0.0,0.0,0.0,0.0,0.0,-0.009000000000000341,0.0,0.0,0.009000000000000008,0.0,0.0,0.0,0.0,0.0,-4.440892098500626e-16,0.0,0.0
THR 110,R THR 110,0.0,0.0,0.0,-0.0009999999999994458,0.0,0.0,0.01899999999999835,0.0,0.0,-0.018000000000000238,0.0,0.0,0.0,0.0,0.0,1.7763568394002505e-15,0.0,0.0
LEU 111,R LEU 111,0.0,0.0,0.0,0.0,0.0,0.0,0.016000000000005343,0.0,0.0,-0.016000000000000014,0.0,0.0,0.0,0.0,0.0,3.552713678800501e-15,0.0,0.0
GLN 112,R GLN 112,0.0,0.0,0.0,0.0,0.0,0.0,0.0040000000000048885,0.0,0.0,-0.0039999999999995595,0.0,0.0,0.0,0.0,0.0,7.105427357601002e-15,0.0,0.0
GLU 113,R GLU 113,0.0,0.0,0.0,0.0,0.0,0.0,4.2250000000000085,0.0,0.0,-4.225000000000001,0.0,0.0,0.0,0.0,0.0,7.105427357601002e-15,0.0,0.0
GLN 114,R GLN 114,0.0,0.0,0.0,-0.0010000000000012221,0.0,0.0,0.021000000000000796,0.0,0.0,-0.020999999999999908,0.0,0.0,0.0,0.0,0.0,-0.0010000000000047748,0.0,0.0
ILE 115,R ILE 115,0.0,0.0,0.0,0.0,0.0,0.0,0.016999999999995907,0.0,0.0,-0.016999999999999904,0.0,0.0,0.0,0.0,0.0,-3.9968028886505635e-15,0.0,0.0
GLY 116,R GLY 116,0.0,0.0,0.0,0.0,0.0,0.0,0.007000000000005002,0.0,0.0,-0.006999999999999895,0.0,0.0,0.0,0.0,0.0,5.329070518200751e-15,0.0,0.0
TRP 117,R TRP 117,0.0,0.0,0.0,0.0,0.0,0.0,0.019000000000005457,0.0,0.0,-0.018999999999999684,0.0,0.0,0.0,0.0,0.0,7.105427357601002e-15,0.0,0.0
MET 118,R MET 118,0.0,0.0,0.0,0.0,0.0,0.0,0.009000000000000341,0.0,0.0,-0.009000000000000341,0.0,0.0,0.0,0.0,0.0,0.0,0.0,0.0
THR 119,R THR 119,0.0,0.0,0.0,0.0,0.0,0.0,-0.03999999999999915,0.0,0.0,0.04100000000000037,0.0,0.0,0.0,0.0,0.0,0.0010000000000012221,0.0,0.0
HID 120,R HID 120,0.0,0.0,0.0,0.0,0.0,0.0,-0.0040000000000048885,0.0,0.0,0.0039999999999995595,0.0,0.0,0.0,0.0,0.0,-7.105427357601002e-15,0.0,0.0
ASN 121,R ASN 121,0.0,0.0,0.0,-0.001000000000000334,0.0,0.0,0.006999999999990791,0.0,0.0,-0.006999999999999673,0.0,0.0,0.0,0.0,0.0,-0.0010000000000118803,0.0,0.0
PRO 122,R PRO 122,0.0,0.0,0.0,-0.0009999999999998899,0.0,0.0,-0.03300000000000125,0.0,0.0,0.03300000000000036,0.0,0.0,0.0,0.0,0.0,-0.0010000000000047748,0.0,0.0
PRO 123,R PRO 123,0.0,0.0,0.0,0.0,0.0,0.0,0.02499999999999858,0.0,0.0,-0.024999999999999467,0.0,0.0,0.0,0.0,0.0,-1.7763568394002505e-15,0.0,0.0
ILE 124,R ILE 124,0.0,0.0,0.0,0.0,0.0,0.0,-0.03300000000000125,0.0,0.0,0.03200000000000003,0.0,0.0,0.0,0.0,0.0,-0.0010000000000012221,0.0,0.0
PRO 125,R PRO 125,0.0,0.0,0.0,0.0,0.0,0.0,0.03100000000000591,0.0,0.0,-0.03100000000000014,0.0,0.0,0.0,0.0,0.0,7.105427357601002e-15,0.0,0.0
VAL 126,R VAL 126,0.0,0.0,0.0,-0.0009999999999994458,0.0,0.0,0.04899999999999949,0.0,0.0,-0.04899999999999993,0.0,0.0,0.0,0.0,0.0,-0.0009999999999976694,0.0,0.0
GLY 127,R GLY 127,0.0,0.0,0.0,-0.0009999999999994458,0.0,0.0,0.015000000000000568,0.0,0.0,-0.014999999999999902,0.0,0.0,0.0,0.0,0.0,-0.0009999999999896758,0.0,0.0
GLU 128,R GLU 128,0.0,0.0,0.0,-0.001000000000000334,0.0,0.0,5.269999999999996,0.0,0.0,-5.269999999999996,0.0,0.0,0.0,0.0,0.0,-0.0010000000000047748,0.0,0.0
ILE 129,R ILE 129,0.0,0.0,0.0,0.0,0.0,0.0,0.09000000000000341,0.0,0.0,-0.09,0.0,0.0,0.0,0.0,0.0,3.552713678800501e-15,0.0,0.0
TYR 130,R TYR 130,0.0,0.0,0.0,-0.0009999999999994458,0.0,0.0,0.06100000000000705,0.0,0.0,-0.06099999999999994,0.0,0.0,0.0,0.0,0.0,-0.0009999999999834586,0.0,0.0
LYS 131,R LYS 131,0.0,0.0,0.0,-0.0019999999999988916,0.0,0.0,-5.11099999999999,0.0,0.0,5.120000000000001,0.0,0.0,0.0,0.0,0.0,0.0070000000000014495,0.0,0.0
ARG 132,R ARG 132,0.0,0.0,0.0,-0.0030000000000001137,0.0,0.0,-6.588000000000001,0.0,0.0,6.595,0.0,0.0,0.0,0.0,0.0,0.004000000000019099,0.0,0.0
TRP 133,R TRP 133,0.0,0.0,0.0,-0.0019999999999988916,0.0,0.0,0.058000000000006935,0.0,0.0,-0.05399999999999938,0.0,0.0,0.0,0.0,0.0,0.002000000000011326,0.0,0.0
ILE 134,R ILE 134,0.0,0.0,0.0,-0.005000000000000782,0.0,0.0,0.06700000000000728,0.0,0.0,-0.06400000000000006,0.0,0.0,0.0,0.0,0.0,-0.0019999999999882334,0.0,0.0
ILE 135,R ILE 135,0.0,0.0,0.0,-0.009000000000000341,0.0,0.0,-0.030999999999998806,0.0,0.0,0.03400000000000003,0.0,0.0,0.0,0.0,0.0,-0.006000000000014438,0.0,0.0
LEU 136,R LEU 136,0.0,0.0,0.0,-0.009999999999999787,0.0,0.0,0.16500000000000625,0.0,0.0,-0.14900000000000002,0.0,0.0,0.0,0.0,0.0,0.006000000000002004,0.0,0.0
GLY 137,R GLY 137,0.0,0.0,0.0,-0.007000000000000561,0.0,0.0,0.13700000000000045,0.0,0.0,-0.13,0.0,0.0,0.0,0.0,0.0,9.769962616701378e-15,0.0,0.0
LEU 138,R LEU 138,0.0,0.0,0.0,-0.03300000000000125,0.0,0.0,0.009000000000000341,0.0,0.0,-0.008000000000000007,0.0,0.0,0.0,0.0,0.0,-0.032000000000001805,0.0,0.0
ASN 139,R ASN 139,0.0,0.0,0.0,-0.06700000000000017,0.0,0.0,1.0910000000000082,0.0,0.0,-0.8970000000000002,0.0,0.0,0.0,0.0,0.0,0.12700000000000955,0.0,0.0
LYS 140,R LYS 140,0.0,0.0,0.0,-0.045999999999999375,0.0,0.0,-7.143999999999991,0.0,0.0,7.321999999999999,0.0,0.0,0.0,0.0,0.0,0.13200000000001566,0.0,0.0
ILE 141,R ILE 141,0.0,0.0,0.0,-0.10699999999999932,0.0,0.0,-0.45699999999999363,0.0,0.0,0.6029999999999999,0.0,0.0,0.0,0.0,0.0,0.03900000000000681,0.0,0.0
VAL 142,R VAL 142,0.0,0.0,0.0,-1.4940000000000007,0.0,0.0,-0.7569999999999979,0.0,0.0,1.6270000000000002,0.0,0.0,-0.10080116,0.0,0.0,-0.7248011599999975,0.0,0.0
ARG 143,R ARG 143,0.0,0.0,0.0,-1.7260000000000009,0.0,0.0,-41.418,0.0,0.0,38.848,0.0,0.0,-0.32661462,0.0,0.0,-4.622614619999979,0.0,0.0
MET 144,R MET 144,0.0,0.0,0.0,-0.1509999999999998,0.0,0.0,0.26400000000001,0.0,0.0,-0.08400000000000052,0.0,0.0,0.0,0.0,0.0,0.028999999999999027,0.0,0.0
TYR 145,R TYR 145,0.0,0.0,0.0,-1.3789999999999996,0.0,0.0,-1.0030000000000001,0.0,0.0,2.078999999999999,0.0,0.0,-0.23910871999999994,0.0,0.0,-0.542108720000007,0.0,0.0
SER 146,R SER 146,0.0,0.0,0.0,-1.976,0.0,0.0,-1.9750000000000014,0.0,0.0,2.477,0.0,0.0,-0.30949284,0.0,0.0,-1.78349284,0.0,0.0
PRO 147,R PRO 147,0.0,0.0,0.0,-0.3620000000000001,0.0,0.0,1.7379999999999995,0.0,0.0,-1.4670000000000005,0.0,0.0,0.0,0.0,0.0,-0.09100000000000996,0.0,0.0
THR 148,R THR 148,0.0,0.0,0.0,-2.4549999999999996,0.0,0.0,2.0930000000000035,0.0,0.0,0.08699999999999974,0.0,0.0,-0.2325993,0.0,0.0,-0.5075993000000025,0.0,0.0
SER 149,R SER 149,0.0,0.0,0.0,-3.0180000000000002,0.0,0.0,-6.070999999999998,0.0,0.0,9.016,0.0,0.0,-0.27302708,0.0,0.0,-0.34602707999999893,0.0,0.0
ILE 150,R ILE 150,19.915999999999997,0.0,0.0,-8.89,0.0,0.0,-28.469,0.0,0.0,8.507,0.0,0.0,-1.16935958,0.0,0.0,-10.10535958,0.0,0.0
LEU 151,L LEU   1,20.061,0.0,0.0,-2.1330000000000005,0.0,0.0,-23.384000000000007,0.0,0.0,-0.252,0.0,0.0,-0.21590027999999994,0.0,0.0,-5.92390028000001,0.0,0.0
ASP 152,L ASP   2,0.0,0.0,0.0,-1.8449999999999998,0.0,0.0,5.954000000000008,0.0,0.0,-5.722999999999999,0.0,0.0,-0.20882718,0.0,0.0,-1.8228271799999902,0.0,0.0
ILE 153,L ILE   3,0.0,0.0,0.0,-3.311,0.0,0.0,-0.7259999999999991,0.0,0.0,0.15700000000000003,0.0,0.0,-0.20316870000000004,0.0,0.0,-4.083168699999991,0.0,0.0
ARG 154,L ARG   4,0.0,0.0,0.0,-0.19500000000000028,0.0,0.0,-7.9510000000000005,0.0,0.0,8.24,0.0,0.0,0.0,0.0,0.0,0.09399999999999409,0.0,0.0
GLN 155,L GLN   5,0.0,0.0,0.0,-0.019999999999999574,0.0,0.0,-0.08400000000000318,0.0,0.0,0.1080000000000001,0.0,0.0,0.0,0.0,0.0,0.003999999999990678,0.0,0.0
GLY 156,L GLY   6,0.0,0.0,0.0,-0.006000000000000227,0.0,0.0,0.0010000000000047748,0.0,0.0,0.0019999999999997797,0.0,0.0,0.0,0.0,0.0,-0.002999999999995673,0.0,0.0
PRO 157,L PRO   7,0.0,0.0,0.0,-0.0040000000000000036,0.0,0.0,-0.020000000000003126,0.0,0.0,0.022999999999999687,0.0,0.0,0.0,0.0,0.0,-0.0009999999999941167,0.0,0.0
LYS 158,L LYS   8,0.0,0.0,0.0,-0.0040000000000000036,0.0,0.0,-7.853000000000009,0.0,0.0,7.8700000000000045,0.0,0.0,0.0,0.0,0.0,0.01300000000000523,0.0,0.0
GLU 159,L GLU   9,0.0,0.0,0.0,-0.017999999999998906,0.0,0.0,8.36,0.0,0.0,-8.252000000000002,0.0,0.0,0.0,0.0,0.0,0.0899999999999963,0.0,0.0
PRO 160,L PRO  10,0.0,0.0,0.0,-0.006000000000000227,0.0,0.0,0.09600000000000364,0.0,0.0,-0.08699999999999997,0.0,0.0,0.0,0.0,0.0,0.0030000000000036664,0.0,0.0
PHE 161,L PHE  11,0.0,0.0,0.0,-0.012000000000000455,0.0,0.0,0.125,0.0,0.0,-0.10999999999999988,0.0,0.0,0.0,0.0,0.0,0.0029999999999983373,0.0,0.0
ARG 162,L ARG  12,0.0,0.0,0.0,-0.01499999999999968,0.0,0.0,-9.03,0.0,0.0,9.097999999999999,0.0,0.0,0.0,0.0,0.0,0.05299999999999727,0.0,0.0
ASP 163,L ASP  13,0.0,0.0,0.0,-0.02400000000000002,0.0,0.0,9.019999999999996,0.0,0.0,-8.891000000000005,0.0,0.0,0.0,0.0,0.0,0.10499999999998977,0.0,0.0
TYR 164,L TYR  14,0.0,0.0,0.0,-0.09299999999999997,0.0,0.0,0.18000000000000682,0.0,0.0,-0.08599999999999997,0.0,0.0,0.0,0.0,0.0,0.0010000000000047748,0.0,0.0
VAL 165,L VAL  15,0.0,0.0,0.0,-0.03999999999999915,0.0,0.0,0.029000000000003467,0.0,0.0,-0.010000000000000009,0.0,0.0,0.0,0.0,0.0,-0.02099999999999369,0.0,0.0
ASP 166,L ASP  16,0.0,0.0,0.0,-0.12700000000000067,0.0,0.0,11.278999999999996,0.0,0.0,-10.889,0.0,0.0,0.0,0.0,0.0,0.2629999999999839,0.0,0.0
ARG 167,L ARG  17,0.0,0.0,0.0,-0.5769999999999991,0.0,0.0,-9.502,0.0,0.0,9.918,0.0,0.0,-0.05582599999999999,0.0,0.0,-0.21682600000002594,0.0,0.0
PHE 168,L PHE  18,0.0,0.0,0.0,-1.3629999999999995,0.0,0.0,-0.9069999999999965,0.0,0.0,1.0979999999999999,0.0,0.0,-0.01738736,0.0,0.0,-1.1893873599999962,0.0,0.0
TYR 169,L TYR  19,0.0,0.0,0.0,-0.17700000000000138,0.0,0.0,-0.30800000000000693,0.0,0.0,0.5289999999999999,0.0,0.0,0.0,0.0,0.0,0.04399999999998627,0.0,0.0
LYS 170,L LYS  20,0.0,0.0,0.0,-1.556,0.0,0.0,-12.159999999999997,0.0,0.0,13.382,0.0,0.0,-0.26908132000000007,0.0,0.0,-0.6030813200000082,0.0,0.0
THR 171,L THR  21,0.0,0.0,0.0,-2.5360000000000005,0.0,0.0,-4.088000000000001,0.0,0.0,2.797,0.0,0.0,-0.22055064000000002,0.0,0.0,-4.047550640000001,0.0,0.0
LEU 172,L LEU  22,0.0,0.0,0.0,-1.107000000000001,0.0,0.0,-0.6380000000000052,0.0,0.0,0.816,0.0,0.0,-0.05133282000000001,0.0,0.0,-0.9803328200000045,0.0,0.0
ARG 173,L ARG  23,0.0,0.0,0.0,-3.9590000000000005,0.0,0.0,-42.092000000000006,0.0,0.0,44.528,0.0,0.0,-0.6147580800000001,0.0,0.0,-2.137758080000026,0.0,0.0
ALA 174,L ALA  24,0.0,0.0,0.0,-3.817,0.0,0.0,-1.4770000000000039,0.0,0.0,4.106999999999999,0.0,0.0,-0.47332318000000007,0.0,0.0,-1.6603231799999976,0.0,0.0
GLU 175,L GLU  25,0.0,0.0,0.0,-1.92,0.0,0.0,-25.855999999999995,0.0,0.0,25.790999999999997,0.0,0.0,-0.37569272000000004,0.0,0.0,-2.360692720000003,0.0,0.0
GLN 176,L GLN  26,0.0,0.0,0.0,-2.217999999999999,0.0,0.0,-6.3359999999999985,0.0,0.0,6.671999999999999,0.0,0.0,-0.3230807800000001,0.0,0.0,-2.205080780000003,0.0,0.0
ALA 177,L ALA  27,0.0,0.0,0.0,-0.1429999999999998,0.0,0.0,1.3200000000000074,0.0,0.0,-1.1930000000000005,0.0,0.0,-0.01786431999999996,0.0,0.0,-0.03386431999999395,0.0,0.0
SER 178,L SER  28,0.0,0.0,0.0,-0.03500000000000014,0.0,0.0,-0.012999999999998124,0.0,0.0,0.07600000000000051,0.0,0.0,0.0,0.0,0.0,0.028000000000005798,0.0,0.0
GLN 179,L GLN  29,0.0,0.0,0.0,-0.06000000000000005,0.0,0.0,-0.4890000000000043,0.0,0.0,0.6300000000000008,0.0,0.0,0.0,0.0,0.0,0.08099999999999596,0.0,0.0
GLU 180,L GLU  30,0.0,0.0,0.0,-0.012000000000000455,0.0,0.0,7.1769999999999925,0.0,0.0,-7.141000000000005,0.0,0.0,0.0,0.0,0.0,0.0239999999999867,0.0,0.0
VAL 181,L VAL  31,0.0,0.0,0.0,-0.04800000000000004,0.0,0.0,-0.07500000000000284,0.0,0.0,0.12699999999999978,0.0,0.0,0.0,0.0,0.0,0.003999999999995119,0.0,0.0
LYS 182,L LYS  32,0.0,0.0,0.0,-0.12100000000000044,0.0,0.0,-13.460999999999999,0.0,0.0,14.041999999999998,0.0,0.0,0.0,0.0,0.0,0.4599999999999902,0.0,0.0
ASN 183,L ASN  33,0.0,0.0,0.0,-0.013999999999999346,0.0,0.0,0.3439999999999941,0.0,0.0,-0.2970000000000006,0.0,0.0,0.0,0.0,0.0,0.03299999999998704,0.0,0.0
TRP 184,L TRP  34,0.0,0.0,0.0,-0.036000000000001364,0.0,0.0,0.07699999999999818,0.0,0.0,-0.04100000000000037,0.0,0.0,0.0,0.0,0.0,-3.552713678800501e-15,0.0,0.0
MET 185,L MET  35,0.0,0.0,0.0,-0.673,0.0,0.0,0.05700000000000216,0.0,0.0,0.05499999999999994,0.0,0.0,-0.0707852,0.0,0.0,-0.6317851999999997,0.0,0.0
THR 186,L THR  36,0.0,0.0,0.0,-0.03000000000000025,0.0,0.0,0.036000000000001364,0.0,0.0,0.020000000000000018,0.0,0.0,0.0,0.0,0.0,0.026000000000006906,0.0,0.0
GLU 187,L GLU  37,0.0,0.0,0.0,-0.008000000000000007,0.0,0.0,6.732999999999997,0.0,0.0,-6.701000000000008,0.0,0.0,0.0,0.0,0.0,0.023999999999993804,0.0,0.0
THR 188,L THR  38,0.0,0.0,0.0,-0.016000000000000014,0.0,0.0,0.021000000000000796,0.0,0.0,0.01200000000000001,0.0,0.0,0.0,0.0,0.0,0.016999999999995907,0.0,0.0
LEU 189,L LEU  39,0.0,0.0,0.0,-0.7580000000000009,0.0,0.0,0.01999999999999602,0.0,0.0,-0.119,0.0,0.0,-0.017029639999999985,0.0,0.0,-0.8740296400000087,0.0,0.0
LEU 190,L LEU  40,0.0,0.0,0.0,-0.0649999999999995,0.0,0.0,0.03999999999999204,0.0,0.0,-0.02899999999999997,0.0,0.0,0.0,0.0,0.0,-0.0540000000000056,0.0,0.0
VAL 191,L VAL  41,0.0,0.0,0.0,-0.009999999999999787,0.0,0.0,0.07099999999999795,0.0,0.0,-0.051000000000000156,0.0,0.0,0.0,0.0,0.0,0.009999999999999787,0.0,0.0
GLN 192,L GLN  42,0.0,0.0,0.0,-0.013999999999999346,0.0,0.0,-0.10699999999999932,0.0,0.0,0.148,0.0,0.0,0.0,0.0,0.0,0.02700000000000813,0.0,0.0
ASN 193,L ASN  43,0.0,0.0,0.0,-0.12099999999999866,0.0,0.0,-0.9789999999999992,0.0,0.0,0.9449999999999998,0.0,0.0,0.0,0.0,0.0,-0.15499999999998693,0.0,0.0
ALA 194,L ALA  44,0.0,0.0,0.0,-0.006999999999999673,0.0,0.0,-0.01999999999999602,0.0,0.0,0.02699999999999969,0.0,0.0,0.0,0.0,0.0,-1.3322676295501878e-15,0.0,0.0
ASN 195,L ASN  45,0.0,0.0,0.0,-0.004000000000000448,0.0,0.0,0.006000000000000227,0.0,0.0,0.009000000000000341,0.0,0.0,0.0,0.0,0.0,0.01099999999999568,0.0,0.0
PRO 196,L PRO  46,0.0,0.0,0.0,-0.0019999999999997797,0.0,0.0,-0.00999999999999801,0.0,0.0,0.008999999999999897,0.0,0.0,0.0,0.0,0.0,-0.0029999999999947846,0.0,0.0
ASP 197,L ASP  47,0.0,0.0,0.0,-0.001000000000000334,0.0,0.0,6.376000000000005,0.0,0.0,-6.3700000000000045,0.0,0.0,0.0,0.0,0.0,0.0049999999999954525,0.0,0.0
CYX 198,L CYX  48,0.0,0.0,0.0,-0.0019999999999997797,0.0,0.0,-0.04800000000000182,0.0,0.0,0.052999999999999936,0.0,0.0,0.0,0.0,0.0,0.0030000000000036664,0.0,0.0
LYS 199,L LYS  49,0.0,0.0,0.0,-0.004000000000001336,0.0,0.0,-6.795000000000002,0.0,0.0,6.826999999999998,0.0,0.0,0.0,0.0,0.0,0.028000000000005798,0.0,0.0
THR 200,L THR  50,0.0,0.0,0.0,-0.0009999999999994458,0.0,0.0,-0.05500000000000682,0.0,0.0,0.05699999999999994,0.0,0.0,0.0,0.0,0.0,0.000999999999990564,0.0,0.0
ILE 201,L ILE  51,0.0,0.0,0.0,-0.0009999999999994458,0.0,0.0,-0.054999999999999716,0.0,0.0,0.05499999999999994,0.0,0.0,0.0,0.0,0.0,-0.0010000000000047748,0.0,0.0
LEU 202,L LEU  52,0.0,0.0,0.0,-0.0030000000000001137,0.0,0.0,-0.05200000000000671,0.0,0.0,0.054999999999999716,0.0,0.0,0.0,0.0,0.0,-7.105427357601002e-15,0.0,0.0
LYS 203,L LYS  53,0.0,0.0,0.0,-0.0019999999999997797,0.0,0.0,-6.025999999999996,0.0,0.0,6.033000000000001,0.0,0.0,0.0,0.0,0.0,0.005000000000009663,0.0,0.0
ALA 204,L ALA  54,0.0,0.0,0.0,0.0,0.0,0.0,-0.054000000000002046,0.0,0.0,0.054999999999999716,0.0,0.0,0.0,0.0,0.0,0.0009999999999976694,0.0,0.0
LEU 205,L LEU  55,0.0,0.0,0.0,-0.001000000000000334,0.0,0.0,-0.06699999999999307,0.0,0.0,0.06699999999999928,0.0,0.0,0.0,0.0,0.0,-0.0009999999999834586,0.0,0.0
GLY 206,L GLY  56,0.0,0.0,0.0,-0.0009999999999998899,0.0,0.0,0.07399999999999807,0.0,0.0,-0.07099999999999973,0.0,0.0,0.0,0.0,0.0,0.0019999999999935625,0.0,0.0
PRO 207,L PRO  57,0.0,0.0,0.0,-0.002000000000000224,0.0,0.0,0.11699999999999733,0.0,0.0,-0.11500000000000021,0.0,0.0,0.0,0.0,0.0,-1.2434497875801753e-14,0.0,0.0
GLY 208,L GLY  58,0.0,0.0,0.0,-0.0009999999999998899,0.0,0.0,0.08899999999999864,0.0,0.0,-0.08799999999999919,0.0,0.0,0.0,0.0,0.0,8.881784197001252e-15,0.0,0.0
ALA 209,L ALA  59,0.0,0.0,0.0,-0.001000000000000334,0.0,0.0,0.015000000000000568,0.0,0.0,-0.0129999999999999,0.0,0.0,0.0,0.0,0.0,0.000999999999995893,0.0,0.0
THR 210,L THR  60,0.0,0.0,0.0,-0.0019999999999997797,0.0,0.0,-0.06799999999999784,0.0,0.0,0.07399999999999984,0.0,0.0,0.0,0.0,0.0,0.0040000000000048885,0.0,0.0
LEU 211,L LEU  61,0.0,0.0,0.0,-0.008999999999999453,0.0,0.0,-0.16699999999998738,0.0,0.0,0.17499999999999982,0.0,0.0,0.0,0.0,0.0,-0.0009999999999887876,0.0,0.0
GLU 212,L GLU  62,0.0,0.0,0.0,-0.0019999999999997797,0.0,0.0,7.563000000000002,0.0,0.0,-7.555000000000007,0.0,0.0,0.0,0.0,0.0,0.0059999999999860165,0.0,0.0
GLU 213,L GLU  63,0.0,0.0,0.0,-0.001000000000000334,0.0,0.0,6.970000000000006,0.0,0.0,-6.965000000000003,0.0,0.0,0.0,0.0,0.0,0.004000000000011994,0.0,0.0
MET 214,L MET  64,0.0,0.0,0.0,-0.0039999999999995595,0.0,0.0,-0.1530000000000058,0.0,0.0,0.1589999999999998,0.0,0.0,0.0,0.0,0.0,0.0020000000000033324,0.0,0.0
MET 215,L MET  65,0.0,0.0,0.0,-0.006000000000000227,0.0,0.0,-0.08499999999999375,0.0,0.0,0.09499999999999975,0.0,0.0,0.0,0.0,0.0,0.004000000000005777,0.0,0.0
THR 216,L THR  66,0.0,0.0,0.0,-0.0019999999999997797,0.0,0.0,-0.02599999999999625,0.0,0.0,0.026999999999999913,0.0,0.0,0.0,0.0,0.0,-0.000999999999990564,0.0,0.0
ALA 217,L ALA  67,0.0,0.0,0.0,-0.0009999999999994458,0.0,0.0,-0.057999999999992724,0.0,0.0,0.05799999999999983,0.0,0.0,0.0,0.0,0.0,-0.0009999999999834586,0.0,0.0
CYX 218,L CYX  68,0.0,0.0,0.0,-0.002000000000000668,0.0,0.0,-0.028000000000005798,0.0,0.0,0.03200000000000003,0.0,0.0,0.0,0.0,0.0,0.0019999999999988916,0.0,0.0
GLN 219,L GLN  69,0.0,0.0,0.0,-0.0009999999999998899,0.0,0.0,0.13799999999999102,0.0,0.0,-0.13400000000000034,0.0,0.0,0.0,0.0,0.0,0.0030000000000001137,0.0,0.0
GLY 220,L GLY  70,0.0,0.0,0.0,-0.0009999999999998899,0.0,0.0,0.11800000000000921,0.0,0.0,-0.11399999999999988,0.0,0.0,0.0,0.0,0.0,0.0030000000000045546,0.0,0.0
VAL 221,L VAL  71,0.0,0.0,0.0,-0.0019999999999997797,0.0,0.0,7.944000000000003,0.0,0.0,-7.927999999999997,0.0,0.0,0.0,0.0,0.0,0.014000000000010004,0.0,0.0

idecomp = 1: Per-residue decomp adding 1-4 interactions to Internal.
Energy Decomposition Analysis (All units kcal/mol): Poisson Boltzmann solvent
Complex:
Total Energy Decomposition:
Residue,Internal,,,van der Waals,,,Electrostatic,,,Polar Solvation,,,Non-Polar Solv.,,,TOTAL,,
,Avg.,Std. Dev.,Std. Err. of Mean,Avg.,Std. Dev.,Std. Err. of Mean,Avg.,Std. Dev.,Std. Err. of Mean,Avg.,Std. Dev.,Std. Err. of Mean,Avg.,Std. Dev.,Std. Err. of Mean,Avg.,Std. Dev.,Std. Err. of Mean
PRO   1,100.382,0.0,0.0,-4.361,0.0,0.0,-114.334,0.0,0.0,14.213,0.0,0.0,0.0,0.0,0.0,-4.100000000000003,0.0,0.0
ILE   2,90.931,0.0,0.0,-8.379,0.0,0.0,-67.469,0.0,0.0,-2.716,0.0,0.0,0.0,0.0,0.0,12.366999999999997,0.0,0.0
VAL   3,55.211,0.0,0.0,-7.016,0.0,0.0,-56.09,0.0,0.0,-2.289,0.0,0.0,0.0,0.0,0.0,-10.184000000000003,0.0,0.0
GLN   4,23.555,0.0,0.0,-6.645,0.0,0.0,-58.632,0.0,0.0,-12.691,0.0,0.0,0.0,0.0,0.0,-54.413,0.0,0.0
ASN   5,34.817,0.0,0.0,-5.769,0.0,0.0,-92.654,0.0,0.0,-7.061,0.0,0.0,0.0,0.0,0.0,-70.667,0.0,0.0
LEU   6,66.954,0.0,0.0,-2.197,0.0,0.0,-68.215,0.0,0.0,-3.686,0.0,0.0,0.0,0.0,0.0,-7.144000000000013,0.0,0.0
GLN   7,34.948,0.0,0.0,-4.827,0.0,0.0,-74.217,0.0,0.0,-8.779,0.0,0.0,0.0,0.0,0.0,-52.875,0.0,0.0
GLY   8,73.416,0.0,0.0,-2.793,0.0,0.0,-71.311,0.0,0.0,-4.146,0.0,0.0,0.0,0.0,0.0,-4.8340000000000165,0.0,0.0
GLN   9,31.924,0.0,0.0,-6.625,0.0,0.0,-73.113,0.0,0.0,-9.953,0.0,0.0,0.0,0.0,0.0,-57.766999999999996,0.0,0.0
MET  10,98.931,0.0,0.0,-6.629,0.0,0.0,-76.774,0.0,0.0,-5.083,0.0,0.0,0.0,0.0,0.0,10.444999999999991,0.0,0.0
VAL  11,53.958,0.0,0.0,-7.632,0.0,0.0,-55.568,0.0,0.0,-1.461,0.0,0.0,0.0,0.0,0.0,-10.702999999999998,0.0,0.0
HID  12,93.116,0.0,0.0,-7.013,0.0,0.0,-64.398,0.0,0.0,-5.662,0.0,0.0,0.0,0.0,0.0,16.043,0.0,0.0
GLN  13,37.055,0.0,0.0,-3.764,0.0,0.0,-77.066,0.0,0.0,-11.118,0.0,0.0,0.0,0.0,0.0,-54.89300000000001,0.0,0.0
ALA  14,96.893,0.0,0.0,-2.77,0.0,0.0,-80.705,0.0,0.0,-3.32,0.0,0.0,0.0,0.0,0.0,10.098000000000006,0.0,0.0
ILE  15,98.035,0.0,0.0,-8.901,0.0,0.0,-71.426,0.0,0.0,-4.208,0.0,0.0,0.0,0.0,0.0,13.499999999999998,0.0,0.0
SER  16,70.012,0.0,0.0,-5.157,0.0,0.0,-52.132,0.0,0.0,-7.497,0.0,0.0,0.0,0.0,0.0,5.226000000000006,0.0,0.0
PRO  17,91.631,0.0,0.0,-4.283,0.0,0.0,-60.743,0.0,0.0,-3.093,0.0,0.0,0.0,0.0,0.0,23.511999999999997,0.0,0.0
ARG  18,-181.086,0.0,0.0,-4.515,0.0,0.0,58.036,0.0,0.0,-38.595,0.0,0.0,0.0,0.0,0.0,-166.16,0.0,0.0
THR  19,47.562,0.0,0.0,-6.903,0.0,0.0,-54.512,0.0,0.0,-2.369,0.0,0.0,0.0,0.0,0.0,-16.222,0.0,0.0
LEU  20,61.457,0.0,0.0,-10.635,0.0,0.0,-56.905,0.0,0.0,-2.688,0.0,0.0,0.0,0.0,0.0,-8.770999999999999,0.0,0.0
ASN  21,35.592,0.0,0.0,-5.406,0.0,0.0,-82.342,0.0,0.0,-15.614,0.0,0.0,0.0,0.0,0.0,-67.77,0.0,0.0
ALA  22,97.183,0.0,0.0,-4.096,0.0,0.0,-82.278,0.0,0.0,-1.822,0.0,0.0,0.0,0.0,0.0,8.986999999999998,0.0,0.0
TRP  23,132.464,0.0,0.0,-16.593,0.0,0.0,-98.567,0.0,0.0,-0.476,0.0,0.0,0.0,0.0,0.0,16.828000000000003,0.0,0.0
VAL  24,58.838,0.0,0.0,-7.679,0.0,0.0,-56.863,0.0,0.0,-0.874,0.0,0.0,0.0,0.0,0.0,-6.578,0.0,0.0
LYS  25,131.998,0.0,0.0,-6.662,0.0,0.0,-142.103,0.0,0.0,12.56,0.0,0.0,0.0,0.0,0.0,-4.207000000000024,0.0,0.0
VAL  26,65.331,0.0,0.0,-9.483,0.0,0.0,-71.894,0.0,0.0,-0.924,0.0,0.0,0.0,0.0,0.0,-16.970000000000006,0.0,0.0
VAL  27,45.732,0.0,0.0,-9.39,0.0,0.0,-52.594,0.0,0.0,0.305,0.0,0.0,0.0,0.0,0.0,-15.947000000000003,0.0,0.0
GLU  28,102.985,0.0,0.0,-4.258,0.0,0.0,-81.174,0.0,0.0,-73.21,0.0,0.0,0.0,0.0,0.0,-55.657,0.0,0.0
GLU  29,117.102,0.0,0.0,-6.672,0.0,0.0,-89.666,0.0,0.0,-72.48,0.0,0.0,0.0,0.0,0.0,-51.715999999999994,0.0,0.0
LYS  30,116.023,0.0,0.0,-10.418,0.0,0.0,-124.418,0.0,0.0,7.946,0.0,0.0,0.0,0.0,0.0,-10.867000000000017,0.0,0.0
ALA  31,87.394,0.0,0.0,-2.617,0.0,0.0,-87.649,0.0,0.0,-0.235,0.0,0.0,0.0,0.0,0.0,-3.1069999999999998,0.0,0.0
PHE  32,99.51,0.0,0.0,-9.05,0.0,0.0,-76.407,0.0,0.0,-3.603,0.0,0.0,0.0,0.0,0.0,10.450000000000012,0.0,0.0
SER  33,75.044,0.0,0.0,-5.822,0.0,0.0,-62.124,0.0,0.0,0.31,0.0,0.0,0.0,0.0,0.0,7.4079999999999915,0.0,0.0
PRO  34,76.931,0.0,0.0,-8.037,0.0,0.0,-55.456,0.0,0.0,-1.079,0.0,0.0,0.0,0.0,0.0,12.358999999999988,0.0,0.0
GLU  35,106.854,0.0,0.0,-8.015,0.0,0.0,-125.71,0.0,0.0,-28.718,0.0,0.0,0.0,0.0,0.0,-55.589,0.0,0.0
VAL  36,50.62,0.0,0.0,-7.998,0.0,0.0,-54.373,0.0,0.0,-0.209,0.0,0.0,0.0,0.0,0.0,-11.959999999999997,0.0,0.0
ILE  37,85.636,0.0,0.0,-5.699,0.0,0.0,-56.269,0.0,0.0,-0.505,0.0,0.0,0.0,0.0,0.0,23.163,0.0,0.0
PRO  38,81.631,0.0,0.0,-6.709,0.0,0.0,-57.04,0.0,0.0,-2.494,0.0,0.0,0.0,0.0,0.0,15.387999999999998,0.0,0.0
MET  39,89.588,0.0,0.0,-9.62,0.0,0.0,-69.118,0.0,0.0,-2.577,0.0,0.0,0.0,0.0,0.0,8.272999999999994,0.0,0.0
PHE  40,103.552,0.0,0.0,-13.629,0.0,0.0,-85.901,0.0,0.0,-1.103,0.0,0.0,0.0,0.0,0.0,2.919000000000006,0.0,0.0
SER  41,61.759,0.0,0.0,-6.89,0.0,0.0,-43.731,0.0,0.0,-10.074,0.0,0.0,0.0,0.0,0.0,1.0639999999999983,0.0,0.0
ALA  42,85.836,0.0,0.0,-4.463,0.0,0.0,-67.117,0.0,0.0,-3.285,0.0,0.0,0.0,0.0,0.0,10.971,0.0,0.0
LEU  43,78.775,0.0,0.0,-8.035,0.0,0.0,-76.337,0.0,0.0,-2.674,0.0,0.0,0.0,0.0,0.0,-8.270999999999994,0.0,0.0
SER  44,74.809,0.0,0.0,-7.223,0.0,0.0,-71.427,0.0,0.0,-0.577,0.0,0.0,0.0,0.0,0.0,-4.418000000000008,0.0,0.0
GLU  45,100.804,0.0,0.0,-6.125,0.0,0.0,-65.702,0.0,0.0,-88.897,0.0,0.0,0.0,0.0,0.0,-59.92,0.0,0.0
GLY  46,67.701,0.0,0.0,-3.377,0.0,0.0,-68.694,0.0,0.0,-0.632,0.0,0.0,0.0,0.0,0.0,-5.002000000000004,0.0,0.0
ALA  47,98.178,0.0,0.0,-5.77,0.0,0.0,-85.707,0.0,0.0,-2.367,0.0,0.0,0.0,0.0,0.0,4.334000000000008,0.0,0.0
THR  48,65.399,0.0,0.0,-7.522,0.0,0.0,-58.796,0.0,0.0,0.034,0.0,0.0,0.0,0.0,0.0,-0.8849999999999969,0.0,0.0
PRO  49,73.558,0.0,0.0,-10.153,0.0,0.0,-53.55,0.0,0.0,0.706,0.0,0.0,0.0,0.0,0.0,10.56100000000001,0.0,0.0
GLN  50,27.23,0.0,0.0,-8.597,0.0,0.0,-72.166,0.0,0.0,-6.3,0.0,0.0,0.0,0.0,0.0,-59.83299999999999,0.0,0.0
ASP  51,90.727,0.0,0.0,-8.823,0.0,0.0,-115.216,0.0,0.0,-27.828,0.0,0.0,0.0,0.0,0.0,-61.14,0.0,0.0
LEU  52,64.989,0.0,0.0,-13.266,0.0,0.0,-70.525,0.0,0.0,0.72,0.0,0.0,0.0,0.0,0.0,-18.082,0.0,0.0
ASN  53,34.601,0.0,0.0,-6.174,0.0,0.0,-102.743,0.0,0.0,-3.667,0.0,0.0,0.0,0.0,0.0,-77.983,0.0,0.0
THR  54,54.353,0.0,0.0,-4.977,0.0,0.0,-69.015,0.0,0.0,-1.672,0.0,0.0,0.0,0.0,0.0,-21.310999999999996,0.0,0.0
MET  55,85.755,0.0,0.0,-12.604,0.0,0.0,-67.5,0.0,0.0,-0.366,0.0,0.0,0.0,0.0,0.0,5.284999999999997,0.0,0.0
LEU  56,62.072,0.0,0.0,-9.395,0.0,0.0,-67.121,0.0,0.0,-1.225,0.0,0.0,0.0,0.0,0.0,-15.668999999999988,0.0,0.0
ASN  57,38.413,0.0,0.0,-6.375,0.0,0.0,-90.846,0.0,0.0,-10.702,0.0,0.0,0.0,0.0,0.0,-69.51,0.0,0.0
THR  58,53.132,0.0,0.0,-3.636,0.0,0.0,-64.391,0.0,0.0,-3.432,0.0,0.0,0.0,0.0,0.0,-18.32700000000001,0.0,0.0
VAL  59,42.958,0.0,0.0,-9.568,0.0,0.0,-47.464,0.0,0.0,-0.434,0.0,0.0,0.0,0.0,0.0,-14.507999999999997,0.0,0.0
ALA  60,89.719,0.0,0.0,-5.143,0.0,0.0,-65.307,0.0,0.0,-1.363,0.0,0.0,0.0,0.0,0.0,17.90599999999999,0.0,0.0
PRO  61,81.366,0.0,0.0,-4.25,0.0,0.0,-60.168,0.0,0.0,-1.59,0.0,0.0,0.0,0.0,0.0,15.358,0.0,0.0
HID  62,103.629,0.0,0.0,-6.965,0.0,0.0,-69.267,0.0,0.0,-9.224,0.0,0.0,0.0,0.0,0.0,18.173000000000005,0.0,0.0
GLN  63,30.158,0.0,0.0,-3.913,0.0,0.0,-66.482,0.0,0.0,-13.091,0.0,0.0,0.0,0.0,0.0,-53.327999999999996,0.0,0.0
ALA  64,83.046,0.0,0.0,-4.247,0.0,0.0,-67.733,0.0,0.0,-3.943,0.0,0.0,0.0,0.0,0.0,7.123000000000003,0.0,0.0
ALA  65,89.462,0.0,0.0,-5.779,0.0,0.0,-75.189,0.0,0.0,-1.557,0.0,0.0,0.0,0.0,0.0,6.937000000000014,0.0,0.0
ALA  66,93.722,0.0,0.0,-4.03,0.0,0.0,-82.275,0.0,0.0,-0.958,0.0,0.0,0.0,0.0,0.0,6.458999999999987,0.0,0.0
GLN  67,36.763,0.0,0.0,-6.77,0.0,0.0,-76.81,0.0,0.0,-8.786,0.0,0.0,0.0,0.0,0.0,-55.60300000000001,0.0,0.0
MET  68,92.068,0.0,0.0,-8.728,0.0,0.0,-72.969,0.0,0.0,-2.907,0.0,0.0,0.0,0.0,0.0,7.464000000000009,0.0,0.0
LEU  69,86.311,0.0,0.0,-10.766,0.0,0.0,-81.824,0.0,0.0,-2.217,0.0,0.0,0.0,0.0,0.0,-8.495999999999997,0.0,0.0
LYS  70,131.417,0.0,0.0,-8.444,0.0,0.0,-129.029,0.0,0.0,-1.883,0.0,0.0,0.0,0.0,0.0,-7.938999999999997,0.0,0.0
GLU  71,110.49,0.0,0.0,-8.223,0.0,0.0,-71.694,0.0,0.0,-98.404,0.0,0.0,0.0,0.0,0.0,-67.831,0.0,0.0
THR  72,54.096,0.0,0.0,-7.903,0.0,0.0,-58.355,0.0,0.0,-4.163,0.0,0.0,0.0,0.0,0.0,-16.325,0.0,0.0
ILE  73,76.571,0.0,0.0,-9.78,0.0,0.0,-51.011,0.0,0.0,-3.071,0.0,0.0,0.0,0.0,0.0,12.708999999999994,0.0,0.0
ASN  74,24.041,0.0,0.0,-6.908,0.0,0.0,-78.496,0.0,0.0,-11.168,0.0,0.0,0.0,0.0,0.0,-72.531,0.0,0.0
GLU  75,116.275,0.0,0.0,-6.879,0.0,0.0,-45.12,0.0,0.0,-125.243,0.0,0.0,0.0,0.0,0.0,-60.966999999999985,0.0,0.0
GLU  76,98.268,0.0,0.0,-9.477,0.0,0.0,-68.04,0.0,0.0,-80.929,0.0,0.0,0.0,0.0,0.0,-60.17800000000001,0.0,0.0
ALA  77,81.769,0.0,0.0,-6.514,0.0,0.0,-71.188,0.0,0.0,-0.92,0.0,0.0,0.0,0.0,0.0,3.1470000000000073,0.0,0.0
ALA  78,95.889,0.0,0.0,-4.954,0.0,0.0,-87.845,0.0,0.0,0.763,0.0,0.0,0.0,0.0,0.0,3.8530000000000033,0.0,0.0
GLU  79,113.902,0.0,0.0,-5.133,0.0,0.0,-82.685,0.0,0.0,-81.487,0.0,0.0,0.0,0.0,0.0,-55.40299999999999,0.0,0.0
TRP  80,113.45,0.0,0.0,-17.325,0.0,0.0,-87.172,0.0,0.0,-0.073,0.0,0.0,0.0,0.0,0.0,8.880000000000003,0.0,0.0
ASP  81,106.26,0.0,0.0,-6.553,0.0,0.0,-85.848,0.0,0.0,-67.292,0.0,0.0,0.0,0.0,0.0,-53.43299999999999,0.0,0.0
ARG  82,-196.012,0.0,0.0,-4.523,0.0,0.0,-8.596,0.0,0.0,35.313,0.0,0.0,0.0,0.0,0.0,-173.81799999999998,0.0,0.0
LEU  83,62.043,0.0,0.0,-7.356,0.0,0.0,-69.235,0.0,0.0,-3.219,0.0,0.0,0.0,0.0,0.0,-17.767000000000003,0.0,0.0
HID  84,113.125,0.0,0.0,-6.574,0.0,0.0,-79.377,0.0,0.0,-4.578,0.0,0.0,0.0,0.0,0.0,22.596000000000007,0.0,0.0
PRO  85,94.531,0.0,0.0,-4.013,0.0,0.0,-62.397,0.0,0.0,-6.991,0.0,0.0,0.0,0.0,0.0,21.130000000000003,0.0,0.0
VAL  86,47.748,0.0,0.0,-3.944,0.0,0.0,-50.485,0.0,0.0,-4.254,0.0,0.0,0.0,0.0,0.0,-10.935000000000004,0.0,0.0
HID  87,88.963,0.0,0.0,-6.763,0.0,0.0,-59.13,0.0,0.0,-7.052,0.0,0.0,0.0,0.0,0.0,16.017999999999986,0.0,0.0
ALA  88,90.082,0.0,0.0,-2.283,0.0,0.0,-74.546,0.0,0.0,-7.715,0.0,0.0,0.0,0.0,0.0,5.537999999999986,0.0,0.0
GLY  89,89.299,0.0,0.0,-1.649,0.0,0.0,-72.771,0.0,0.0,-6.825,0.0,0.0,0.0,0.0,0.0,8.054000000000006,0.0,0.0
PRO  90,85.703,0.0,0.0,-2.788,0.0,0.0,-57.258,0.0,0.0,-7.117,0.0,0.0,0.0,0.0,0.0,18.540000000000003,0.0,0.0
ILE  91,80.408,0.0,0.0,-3.632,0.0,0.0,-62.982,0.0,0.0,-3.86,0.0,0.0,0.0,0.0,0.0,9.933999999999997,0.0,0.0
ALA  92,93.036,0.0,0.0,-2.435,0.0,0.0,-64.309,0.0,0.0,-5.884,0.0,0.0,0.0,0.0,0.0,20.408,0.0,0.0
PRO  93,77.528,0.0,0.0,-2.444,0.0,0.0,-57.072,0.0,0.0,-4.351,0.0,0.0,0.0,0.0,0.0,13.661000000000001,0.0,0.0
GLY  94,75.414,0.0,0.0,-3.392,0.0,0.0,-68.396,0.0,0.0,-5.444,0.0,0.0,0.0,0.0,0.0,-1.8179999999999952,0.0,0.0
GLN  95,31.806,0.0,0.0,-4.148,0.0,0.0,-68.172,0.0,0.0,-11.479,0.0,0.0,0.0,0.0,0.0,-51.992999999999995,0.0,0.0
MET  96,107.523,0.0,0.0,-9.833,0.0,0.0,-79.377,0.0,0.0,-7.128,0.0,0.0,0.0,0.0,0.0,11.185000000000002,0.0,0.0
ARG  97,-196.532,0.0,0.0,-5.817,0.0,0.0,-21.138,0.0,0.0,33.848,0.0,0.0,0.0,0.0,0.0,-189.639,0.0,0.0
GLU  98,103.175,0.0,0.0,-6.056,0.0,0.0,-59.099,0.0,0.0,-80.755,0.0,0.0,0.0,0.0,0.0,-42.73499999999999,0.0,0.0
PRO  99,92.626,0.0,0.0,-8.878,0.0,0.0,-61.753,0.0,0.0,-2.303,0.0,0.0,0.0,0.0,0.0,19.692000000000004,0.0,0.0
ARG 100,-187.532,0.0,0.0,-7.41,0.0,0.0,-25.62,0.0,0.0,43.892,0.0,0.0,0.0,0.0,0.0,-176.67000000000002,0.0,0.0
GLY 101,80.671,0.0,0.0,-5.606,0.0,0.0,-85.624,0.0,0.0,2.239,0.0,0.0,0.0,0.0,0.0,-8.319999999999983,0.0,0.0
SER 102,71.194,0.0,0.0,-6.931,0.0,0.0,-69.275,0.0,0.0,-0.693,0.0,0.0,0.0,0.0,0.0,-5.705,0.0,0.0
ASP 103,95.486,0.0,0.0,-8.674,0.0,0.0,-102.613,0.0,0.0,-38.952,0.0,0.0,0.0,0.0,0.0,-54.752999999999986,0.0,0.0
ILE 104,78.3,0.0,0.0,-11.705,0.0,0.0,-58.303,0.0,0.0,1.298,0.0,0.0,0.0,0.0,0.0,9.590000000000002,0.0,0.0
ALA 105,86.723,0.0,0.0,-6.491,0.0,0.0,-77.143,0.0,0.0,0.695,0.0,0.0,0.0,0.0,0.0,3.7839999999999985,0.0,0.0
GLY 106,91.488,0.0,0.0,-4.692,0.0,0.0,-85.711,0.0,0.0,-1.722,0.0,0.0,0.0,0.0,0.0,-0.6370000000000062,0.0,0.0
THR 107,47.814,0.0,0.0,-4.963,0.0,0.0,-52.815,0.0,0.0,-6.629,0.0,0.0,0.0,0.0,0.0,-16.592999999999996,0.0,0.0
THR 108,42.513,0.0,0.0,-4.855,0.0,0.0,-54.484,0.0,0.0,-3.323,0.0,0.0,0.0,0.0,0.0,-20.149,0.0,0.0
SER 109,83.229,0.0,0.0,-7.09,0.0,0.0,-73.721,0.0,0.0,0.314,0.0,0.0,0.0,0.0,0.0,2.731999999999992,0.0,0.0
THR 110,38.227,0.0,0.0,-6.324,0.0,0.0,-44.28,0.0,0.0,-1.936,0.0,0.0,0.0,0.0,0.0,-14.313000000000002,0.0,0.0
LEU 111,64.409,0.0,0.0,-9.62,0.0,0.0,-65.116,0.0,0.0,-2.463,0.0,0.0,0.0,0.0,0.0,-12.789999999999992,0.0,0.0
GLN 112,37.717,0.0,0.0,-8.04,0.0,0.0,-76.847,0.0,0.0,-10.043,0.0,0.0,0.0,0.0,0.0,-57.212999999999994,0.0,0.0
GLU 113,103.596,0.0,0.0,-6.503,0.0,0.0,-103.797,0.0,0.0,-50.274,0.0,0.0,0.0,0.0,0.0,-56.977999999999994,0.0,0.0
GLN 114,40.247,0.0,0.0,-13.855,0.0,0.0,-83.064,0.0,0.0,0.352,0.0,0.0,0.0,0.0,0.0,-56.32,0.0,0.0
ILE 115,83.735,0.0,0.0,-8.353,0.0,0.0,-69.944,0.0,0.0,-1.331,0.0,0.0,0.0,0.0,0.0,4.107000000000003,0.0,0.0
GLY 116,80.112,0.0,0.0,-5.712,0.0,0.0,-75.958,0.0,0.0,-1.35,0.0,0.0,0.0,0.0,0.0,-2.908000000000007,0.0,0.0
TRP 117,128.405,0.0,0.0,-16.676,0.0,0.0,-93.52,0.0,0.0,-0.578,0.0,0.0,0.0,0.0,0.0,17.631000000000004,0.0,0.0
MET 118,102.513,0.0,0.0,-10.489,0.0,0.0,-80.89,0.0,0.0,-2.61,0.0,0.0,0.0,0.0,0.0,8.524000000000001,0.0,0.0
THR 119,38.359,0.0,0.0,-4.458,0.0,0.0,-43.856,0.0,0.0,-5.248,0.0,0.0,0.0,0.0,0.0,-15.203,0.0,0.0
HID 120,95.066,0.0,0.0,-10.468,0.0,0.0,-61.816,0.0,0.0,-4.452,0.0,0.0,0.0,0.0,0.0,18.33,0.0,0.0
ASN 121,32.462,0.0,0.0,-4.602,0.0,0.0,-70.629,0.0,0.0,-12.436,0.0,0.0,0.0,0.0,0.0,-55.205000000000005,0.0,0.0
PRO 122,90.147,0.0,0.0,-3.086,0.0,0.0,-60.435,0.0,0.0,-2.796,0.0,0.0,0.0,0.0,0.0,23.830000000000005,0.0,0.0
PRO 123,80.678,0.0,0.0,-6.124,0.0,0.0,-56.35,0.0,0.0,-3.8,0.0,0.0,0.0,0.0,0.0,14.404,0.0,0.0
ILE 124,90.915,0.0,0.0,-4.682,0.0,0.0,-61.333,0.0,0.0,-0.706,0.0,0.0,0.0,0.0,0.0,24.194000000000006,0.0,0.0
PRO 125,90.707,0.0,0.0,-6.703,0.0,0.0,-65.999,0.0,0.0,-0.582,0.0,0.0,0.0,0.0,0.0,17.422999999999995,0.0,0.0
VAL 126,52.59,0.0,0.0,-9.219,0.0,0.0,-55.283,0.0,0.0,0.162,0.0,0.0,0.0,0.0,0.0,-11.749999999999998,0.0,0.0
GLY 127,71.775,0.0,0.0,-6.145,0.0,0.0,-69.716,0.0,0.0,-0.021,0.0,0.0,0.0,0.0,0.0,-4.106999999999984,0.0,0.0
GLU 128,104.44,0.0,0.0,-4.884,0.0,0.0,-98.864,0.0,0.0,-57.454,0.0,0.0,0.0,0.0,0.0,-56.76200000000001,0.0,0.0
ILE 129,81.523,0.0,0.0,-9.658,0.0,0.0,-65.946,0.0,0.0,0.489,0.0,0.0,0.0,0.0,0.0,6.407999999999997,0.0,0.0
TYR 130,93.062,0.0,0.0,-13.648,0.0,0.0,-89.981,0.0,0.0,0.039,0.0,0.0,0.0,0.0,0.0,-10.527999999999993,0.0,0.0
LYS 131,141.916,0.0,0.0,-9.86,0.0,0.0,-170.881,0.0,0.0,34.203,0.0,0.0,0.0,0.0,0.0,-4.622000000000014,0.0,0.0
ARG 132,-188.378,0.0,0.0,-9.385,0.0,0.0,5.026,0.0,0.0,16.742,0.0,0.0,0.0,0.0,0.0,-175.99499999999998,0.0,0.0
TRP 133,130.337,0.0,0.0,-19.101,0.0,0.0,-92.818,0.0,0.0,-3.922,0.0,0.0,0.0,0.0,0.0,14.495999999999992,0.0,0.0
ILE 134,86.985,0.0,0.0,-10.887,0.0,0.0,-70.61,0.0,0.0,-0.181,0.0,0.0,0.0,0.0,0.0,5.3069999999999995,0.0,0.0
ILE 135,81.723,0.0,0.0,-8.451,0.0,0.0,-59.8,0.0,0.0,-0.695,0.0,0.0,0.0,0.0,0.0,12.776999999999994,0.0,0.0
LEU 136,75.446,0.0,0.0,-8.888,0.0,0.0,-74.345,0.0,0.0,0.102,0.0,0.0,0.0,0.0,0.0,-7.685000000000006,0.0,0.0
GLY 137,78.634,0.0,0.0,-5.368,0.0,0.0,-78.318,0.0,0.0,0.645,0.0,0.0,0.0,0.0,0.0,-4.406999999999993,0.0,0.0
LEU 138,62.682,0.0,0.0,-10.444,0.0,0.0,-65.982,0.0,0.0,-0.012,0.0,0.0,0.0,0.0,0.0,-13.756,0.0,0.0
ASN 139,43.465,0.0,0.0,-8.108,0.0,0.0,-94.704,0.0,0.0,-6.401,0.0,0.0,0.0,0.0,0.0,-65.74799999999999,0.0,0.0
LYS 140,133.277,0.0,0.0,-8.83,0.0,0.0,-121.687,0.0,0.0,-7.084,0.0,0.0,0.0,0.0,0.0,-4.324000000000009,0.0,0.0
ILE 141,88.434,0.0,0.0,-8.683,0.0,0.0,-77.963,0.0,0.0,0.209,0.0,0.0,0.0,0.0,0.0,1.997000000000011,0.0,0.0
VAL 142,63.482,0.0,0.0,-8.467,0.0,0.0,-54.631,0.0,0.0,-1.832,0.0,0.0,0.0,0.0,0.0,-1.4479999999999997,0.0,0.0
ARG 143,-194.375,0.0,0.0,-11.867,0.0,0.0,13.891,0.0,0.0,18.716,0.0,0.0,0.0,0.0,0.0,-173.635,0.0,0.0
MET 144,89.205,0.0,0.0,-9.903,0.0,0.0,-72.993,0.0,0.0,-3.369,0.0,0.0,0.0,0.0,0.0,2.9399999999999973,0.0,0.0
TYR 145,91.113,0.0,0.0,-7.834,0.0,0.0,-79.913,0.0,0.0,-7.92,0.0,0.0,0.0,0.0,0.0,-4.554,0.0,0.0
SER 146,74.107,0.0,0.0,-6.729,0.0,0.0,-58.207,0.0,0.0,-1.409,0.0,0.0,0.0,0.0,0.0,7.762,0.0,0.0
PRO 147,87.339,0.0,0.0,-5.468,0.0,0.0,-60.119,0.0,0.0,-5.408,0.0,0.0,0.0,0.0,0.0,16.343999999999994,0.0,0.0
THR 148,47.725,0.0,0.0,-6.395,0.0,0.0,-52.37,0.0,0.0,-6.366,0.0,0.0,0.0,0.0,0.0,-17.406,0.0,0.0
SER 149,61.747,0.0,0.0,-4.905,0.0,0.0,-46.414,0.0,0.0,-6.152,0.0,0.0,0.0,0.0,0.0,4.275999999999997,0.0,0.0
ILE 150,79.582,0.0,0.0,-9.49,0.0,0.0,-58.024,0.0,0.0,0.169,0.0,0.0,0.0,0.0,0.0,12.236999999999998,0.0,0.0
LEU 151,62.742,0.0,0.0,-5.323,0.0,0.0,-64.007,0.0,0.0,-0.53,0.0,0.0,0.0,0.0,0.0,-7.118000000000008,0.0,0.0
ASP 152,116.087,0.0,0.0,-5.305,0.0,0.0,-115.511,0.0,0.0,-62.871,0.0,0.0,0.0,0.0,0.0,-67.6,0.0,0.0
ILE 153,98.573,0.0,0.0,-10.208,0.0,0.0,-72.486,0.0,0.0,-1.425,0.0,0.0,0.0,0.0,0.0,14.45399999999999,0.0,0.0
ARG 154,-191.351,0.0,0.0,-9.81,0.0,0.0,15.166,0.0,0.0,11.072,0.0,0.0,0.0,0.0,0.0,-174.923,0.0,0.0
GLN 155,32.836,0.0,0.0,-12.811,0.0,0.0,-83.4,0.0,0.0,-1.966,0.0,0.0,0.0,0.0,0.0,-65.34100000000001,0.0,0.0
GLY 156,84.841,0.0,0.0,-2.491,0.0,0.0,-74.738,0.0,0.0,-3.099,0.0,0.0,0.0,0.0,0.0,4.512999999999995,0.0,0.0
PRO 157,90.156,0.0,0.0,-3.609,0.0,0.0,-52.616,0.0,0.0,-8.272,0.0,0.0,0.0,0.0,0.0,25.659000000000013,0.0,0.0
LYS 158,119.72,0.0,0.0,-3.621,0.0,0.0,-92.188,0.0,0.0,-28.083,0.0,0.0,0.0,0.0,0.0,-4.171999999999997,0.0,0.0
GLU 159,110.882,0.0,0.0,-8.071,0.0,0.0,-112.128,0.0,0.0,-36.4,0.0,0.0,0.0,0.0,0.0,-45.71699999999999,0.0,0.0
PRO 160,78.424,0.0,0.0,-7.394,0.0,0.0,-58.107,0.0,0.0,-0.39,0.0,0.0,0.0,0.0,0.0,12.533000000000001,0.0,0.0
PHE 161,103.066,0.0,0.0,-15.128,0.0,0.0,-73.575,0.0,0.0,-0.959,0.0,0.0,0.0,0.0,0.0,13.404,0.0,0.0
ARG 162,-198.62,0.0,0.0,-7.979,0.0,0.0,0.371,0.0,0.0,33.937,0.0,0.0,0.0,0.0,0.0,-172.291,0.0,0.0
ASP 163,89.78,0.0,0.0,-6.643,0.0,0.0,-81.426,0.0,0.0,-70.627,0.0,0.0,0.0,0.0,0.0,-68.916,0.0,0.0
TYR 164,94.417,0.0,0.0,-18.394,0.0,0.0,-94.842,0.0,0.0,1.164,0.0,0.0,0.0,0.0,0.0,-17.655,0.0,0.0
VAL 165,46.653,0.0,0.0,-8.985,0.0,0.0,-55.186,0.0,0.0,1.723,0.0,0.0,0.0,0.0,0.0,-15.795,0.0,0.0
ASP 166,117.632,0.0,0.0,-5.174,0.0,0.0,-121.471,0.0,0.0,-46.406,0.0,0.0,0.0,0.0,0.0,-55.419000000000004,0.0,0.0
ARG 167,-195.997,0.0,0.0,-8.495,0.0,0.0,1.078,0.0,0.0,17.7,0.0,0.0,0.0,0.0,0.0,-185.71400000000003,0.0,0.0
PHE 168,95.177,0.0,0.0,-15.95,0.0,0.0,-82.384,0.0,0.0,1.534,0.0,0.0,0.0,0.0,0.0,-1.6229999999999964,0.0,0.0
TYR 169,99.257,0.0,0.0,-10.239,0.0,0.0,-88.278,0.0,0.0,-4.268,0.0,0.0,0.0,0.0,0.0,-3.528000000000005,0.0,0.0
LYS 170,136.436,0.0,0.0,-6.36,0.0,0.0,-152.078,0.0,0.0,8.006,0.0,0.0,0.0,0.0,0.0,-13.99600000000001,0.0,0.0
THR 171,48.341,0.0,0.0,-6.87,0.0,0.0,-65.968,0.0,0.0,0.019,0.0,0.0,0.0,0.0,0.0,-24.478,0.0,0.0
LEU 172,68.403,0.0,0.0,-11.534,0.0,0.0,-66.804,0.0,0.0,-0.705,0.0,0.0,0.0,0.0,0.0,-10.639999999999995,0.0,0.0
ARG 173,-200.016,0.0,0.0,-10.044,0.0,0.0,37.415,0.0,0.0,7.917,0.0,0.0,0.0,0.0,0.0,-164.728,0.0,0.0
ALA 174,86.166,0.0,0.0,-8.089,0.0,0.0,-78.878,0.0,0.0,0.153,0.0,0.0,0.0,0.0,0.0,-0.6480000000000019,0.0,0.0
GLU 175,109.312,0.0,0.0,-7.796,0.0,0.0,-98.585,0.0,0.0,-60.205,0.0,0.0,0.0,0.0,0.0,-57.274,0.0,0.0
GLN 176,33.072,0.0,0.0,-8.001,0.0,0.0,-71.978,0.0,0.0,-6.061,0.0,0.0,0.0,0.0,0.0,-52.96799999999999,0.0,0.0
ALA 177,94.862,0.0,0.0,-5.209,0.0,0.0,-78.788,0.0,0.0,-4.257,0.0,0.0,0.0,0.0,0.0,6.607999999999995,0.0,0.0
SER 178,64.635,0.0,0.0,-4.532,0.0,0.0,-54.567,0.0,0.0,-8.512,0.0,0.0,0.0,0.0,0.0,-2.975999999999992,0.0,0.0
GLN 179,32.063,0.0,0.0,-3.979,0.0,0.0,-69.048,0.0,0.0,-9.126,0.0,0.0,0.0,0.0,0.0,-50.089999999999996,0.0,0.0
GLU 180,111.658,0.0,0.0,-5.495,0.0,0.0,-71.528,0.0,0.0,-97.226,0.0,0.0,0.0,0.0,0.0,-62.59100000000001,0.0,0.0
VAL 181,65.999,0.0,0.0,-6.599,0.0,0.0,-59.298,0.0,0.0,-2.712,0.0,0.0,0.0,0.0,0.0,-2.6100000000000105,0.0,0.0
LYS 182,110.905,0.0,0.0,-7.48,0.0,0.0,-122.959,0.0,0.0,4.554,0.0,0.0,0.0,0.0,0.0,-14.980000000000006,0.0,0.0
ASN 183,25.545,0.0,0.0,-7.015,0.0,0.0,-84.76,0.0,0.0,-7.081,0.0,0.0,0.0,0.0,0.0,-73.311,0.0,0.0
TRP 184,121.467,0.0,0.0,-11.38,0.0,0.0,-92.84,0.0,0.0,-4.496,0.0,0.0,0.0,0.0,0.0,12.751,0.0,0.0
MET 185,100.638,0.0,0.0,-12.7,0.0,0.0,-86.621,0.0,0.0,-0.299,0.0,0.0,0.0,0.0,0.0,1.0180000000000073,0.0,0.0
THR 186,42.382,0.0,0.0,-6.105,0.0,0.0,-56.79,0.0,0.0,0.808,0.0,0.0,0.0,0.0,0.0,-19.705,0.0,0.0
GLU 187,100.859,0.0,0.0,-5.875,0.0,0.0,-42.863,0.0,0.0,-112.147,0.0,0.0,0.0,0.0,0.0,-60.02600000000001,0.0,0.0
THR 188,43.15,0.0,0.0,-5.761,0.0,0.0,-54.072,0.0,0.0,0.741,0.0,0.0,0.0,0.0,0.0,-15.942000000000007,0.0,0.0
LEU 189,67.152,0.0,0.0,-9.412,0.0,0.0,-67.717,0.0,0.0,1.068,0.0,0.0,0.0,0.0,0.0,-8.908999999999997,0.0,0.0
LEU 190,81.965,0.0,0.0,-10.229,0.0,0.0,-91.027,0.0,0.0,1.149,0.0,0.0,0.0,0.0,0.0,-18.141999999999996,0.0,0.0
VAL 191,62.077,0.0,0.0,-9.511,0.0,0.0,-59.109,0.0,0.0,1.429,0.0,0.0,0.0,0.0,0.0,-5.113999999999999,0.0,0.0
GLN 192,20.549,0.0,0.0,-7.209,0.0,0.0,-76.961,0.0,0.0,0.201,0.0,0.0,0.0,0.0,0.0,-63.419999999999995,0.0,0.0
ASN 193,14.237,0.0,0.0,-9.2,0.0,0.0,-83.108,0.0,0.0,-1.274,0.0,0.0,0.0,0.0,0.0,-79.345,0.0,0.0
ALA 194,92.035,0.0,0.0,-8.45,0.0,0.0,-86.375,0.0,0.0,3.08,0.0,0.0,0.0,0.0,0.0,0.2899999999999938,0.0,0.0
ASN 195,38.273,0.0,0.0,-7.883,0.0,0.0,-88.787,0.0,0.0,-4.386,0.0,0.0,0.0,0.0,0.0,-62.78300000000001,0.0,0.0
PRO 196,78.71,0.0,0.0,-5.357,0.0,0.0,-60.978,0.0,0.0,-0.946,0.0,0.0,0.0,0.0,0.0,11.428999999999993,0.0,0.0
ASP 197,81.567,0.0,0.0,-4.138,0.0,0.0,-67.648,0.0,0.0,-77.811,0.0,0.0,0.0,0.0,0.0,-68.03000000000002,0.0,0.0
CYX 198,98.31,0.0,0.0,-7.99,0.0,0.0,-78.001,0.0,0.0,-2.742,0.0,0.0,0.0,0.0,0.0,9.577000000000002,0.0,0.0
LYS 199,144.689,0.0,0.0,-11.56,0.0,0.0,-128.095,0.0,0.0,-9.441,0.0,0.0,0.0,0.0,0.0,-4.407000000000009,0.0,0.0
THR 200,54.249,0.0,0.0,-6.127,0.0,0.0,-67.001,0.0,0.0,-1.335,0.0,0.0,0.0,0.0,0.0,-20.214000000000006,0.0,0.0
ILE 201,82.781,0.0,0.0,-7.712,0.0,0.0,-59.787,0.0,0.0,-0.722,0.0,0.0,0.0,0.0,0.0,14.560000000000004,0.0,0.0
LEU 202,84.275,0.0,0.0,-12.033,0.0,0.0,-71.938,0.0,0.0,-4.245,0.0,0.0,0.0,0.0,0.0,-3.940999999999998,0.0,0.0
LYS 203,118.721,0.0,0.0,-7.487,0.0,0.0,-105.884,0.0,0.0,-16.59,0.0,0.0,0.0,0.0,0.0,-11.239999999999991,0.0,0.0
ALA 204,82.383,0.0,0.0,-3.912,0.0,0.0,-72.43,0.0,0.0,-4.428,0.0,0.0,0.0,0.0,0.0,1.6129999999999827,0.0,0.0
LEU 205,73.127,0.0,0.0,-7.136,0.0,0.0,-73.532,0.0,0.0,-3.689,0.0,0.0,0.0,0.0,0.0,-11.229999999999997,0.0,0.0
GLY 206,88.372,0.0,0.0,-3.433,0.0,0.0,-72.544,0.0,0.0,-5.891,0.0,0.0,0.0,0.0,0.0,6.503999999999996,0.0,0.0
PRO 207,78.199,0.0,0.0,-3.689,0.0,0.0,-52.311,0.0,0.0,-7.077,0.0,0.0,0.0,0.0,0.0,15.121999999999991,0.0,0.0
GLY 208,66.704,0.0,0.0,-2.21,0.0,0.0,-62.372,0.0,0.0,-7.71,0.0,0.0,0.0,0.0,0.0,-5.588,0.0,0.0
ALA 209,104.66,0.0,0.0,-6.053,0.0,0.0,-88.434,0.0,0.0,-2.154,0.0,0.0,0.0,0.0,0.0,8.019000000000002,0.0,0.0
THR 210,44.967,0.0,0.0,-2.589,0.0,0.0,-57.181,0.0,0.0,-2.039,0.0,0.0,0.0,0.0,0.0,-16.842,0.0,0.0
LEU 211,69.286,0.0,0.0,-6.058,0.0,0.0,-68.475,0.0,0.0,-2.94,0.0,0.0,0.0,0.0,0.0,-8.186999999999992,0.0,0.0
GLU 212,106.763,0.0,0.0,-6.724,0.0,0.0,-39.512,0.0,0.0,-124.673,0.0,0.0,0.0,0.0,0.0,-64.146,0.0,0.0
GLU 213,102.904,0.0,0.0,-5.865,0.0,0.0,-50.233,0.0,0.0,-106.071,0.0,0.0,0.0,0.0,0.0,-59.26499999999999,0.0,0.0
MET 214,92.387,0.0,0.0,-12.958,0.0,0.0,-75.604,0.0,0.0,0.258,0.0,0.0,0.0,0.0,0.0,4.083000000000003,0.0,0.0
MET 215,102.53,0.0,0.0,-10.219,0.0,0.0,-83.344,0.0,0.0,-1.667,0.0,0.0,0.0,0.0,0.0,7.300000000000013,0.0,0.0
THR 216,41.399,0.0,0.0,-6.154,0.0,0.0,-51.604,0.0,0.0,-0.466,0.0,0.0,0.0,0.0,0.0,-16.824999999999996,0.0,0.0
ALA 217,77.562,0.0,0.0,-5.826,0.0,0.0,-66.201,0.0,0.0,-1.213,0.0,0.0,0.0,0.0,0.0,4.322000000000011,0.0,0.0
CYX 218,93.924,0.0,0.0,-6.368,0.0,0.0,-77.864,0.0,0.0,-2.526,0.0,0.0,0.0,0.0,0.0,7.1660000000000075,0.0,0.0
GLN 219,42.265,0.0,0.0,-3.791,0.0,0.0,-71.492,0.0,0.0,-12.937,0.0,0.0,0.0,0.0,0.0,-45.955,0.0,0.0
GLY 220,96.084,0.0,0.0,-2.134,0.0,0.0,-82.609,0.0,0.0,-5.127,0.0,0.0,0.0,0.0,0.0,6.214000000000008,0.0,0.0
VAL 221,36.078,0.0,0.0,-4.247,0.0,0.0,-18.252,0.0,0.0,-112.612,0.0,0.0,0.0,0.0,0.0,-99.03299999999999,0.0,0.0

Receptor:
Total Energy Decomposition:
Residue,Internal,,,van der Waals,,,Electrostatic,,,Polar Solvation,,,Non-Polar Solv.,,,TOTAL,,
,Avg.,Std. Dev.,Std. Err. of Mean,Avg.,Std. Dev.,Std. Err. of Mean,Avg.,Std. Dev.,Std. Err. of Mean,Avg.,Std. Dev.,Std. Err. of Mean,Avg.,Std. Dev.,Std. Err. of Mean,Avg.,Std. Dev.,Std. Err. of Mean
PRO   1,100.382,0.0,0.0,-4.361,0.0,0.0,-109.938,0.0,0.0,9.895,0.0,0.0,0.0,0.0,0.0,-4.022000000000002,0.0,0.0
ILE   2,90.931,0.0,0.0,-8.379,0.0,0.0,-67.478,0.0,0.0,-2.707,0.0,0.0,0.0,0.0,0.0,12.366999999999997,0.0,0.0
VAL   3,55.211,0.0,0.0,-7.016,0.0,0.0,-56.077,0.0,0.0,-2.303,0.0,0.0,0.0,0.0,0.0,-10.184999999999999,0.0,0.0
GLN   4,23.555,0.0,0.0,-6.645,0.0,0.0,-58.618,0.0,0.0,-12.705,0.0,0.0,0.0,0.0,0.0,-54.413,0.0,0.0
ASN   5,34.817,0.0,0.0,-5.769,0.0,0.0,-92.685,0.0,0.0,-7.028,0.0,0.0,0.0,0.0,0.0,-70.665,0.0,0.0
LEU   6,66.954,0.0,0.0,-2.197,0.0,0.0,-68.22,0.0,0.0,-3.68,0.0,0.0,0.0,0.0,0.0,-7.143000000000008,0.0,0.0
GLN   7,34.948,0.0,0.0,-4.827,0.0,0.0,-74.244,0.0,0.0,-8.752,0.0,0.0,0.0,0.0,0.0,-52.875,0.0,0.0
GLY   8,73.416,0.0,0.0,-2.793,0.0,0.0,-71.323,0.0,0.0,-4.135,0.0,0.0,0.0,0.0,0.0,-4.835000000000003,0.0,0.0
GLN   9,31.924,0.0,0.0,-6.625,0.0,0.0,-73.118,0.0,0.0,-9.948,0.0,0.0,0.0,0.0,0.0,-57.766999999999996,0.0,0.0
MET  10,98.931,0.0,0.0,-6.629,0.0,0.0,-76.762,0.0,0.0,-5.098,0.0,0.0,0.0,0.0,0.0,10.441999999999993,0.0,0.0
VAL  11,53.958,0.0,0.0,-7.632,0.0,0.0,-55.589,0.0,0.0,-1.44,0.0,0.0,0.0,0.0,0.0,-10.702999999999998,0.0,0.0
HID  12,93.116,0.0,0.0,-7.013,0.0,0.0,-64.374,0.0,0.0,-5.686,0.0,0.0,0.0,0.0,0.0,16.043,0.0,0.0
GLN  13,37.055,0.0,0.0,-3.764,0.0,0.0,-77.087,0.0,0.0,-11.099,0.0,0.0,0.0,0.0,0.0,-54.89500000000001,0.0,0.0
ALA  14,96.893,0.0,0.0,-2.77,0.0,0.0,-80.72,0.0,0.0,-3.305,0.0,0.0,0.0,0.0,0.0,10.098000000000006,0.0,0.0
ILE  15,98.035,0.0,0.0,-8.9,0.0,0.0,-71.43,0.0,0.0,-4.205,0.0,0.0,0.0,0.0,0.0,13.499999999999984,0.0,0.0
SER  16,70.012,0.0,0.0,-5.157,0.0,0.0,-52.071,0.0,0.0,-7.555,0.0,0.0,0.0,0.0,0.0,5.229000000000006,0.0,0.0
PRO  17,91.631,0.0,0.0,-4.283,0.0,0.0,-60.675,0.0,0.0,-3.16,0.0,0.0,0.0,0.0,0.0,23.513,0.0,0.0
ARG  18,-181.086,0.0,0.0,-4.514,0.0,0.0,62.731,0.0,0.0,-43.219,0.0,0.0,0.0,0.0,0.0,-166.08800000000002,0.0,0.0
THR  19,47.562,0.0,0.0,-6.902,0.0,0.0,-54.413,0.0,0.0,-2.459,0.0,0.0,0.0,0.0,0.0,-16.212,0.0,0.0
LEU  20,61.457,0.0,0.0,-10.633,0.0,0.0,-56.743,0.0,0.0,-2.841,0.0,0.0,0.0,0.0,0.0,-8.760000000000005,0.0,0.0
ASN  21,35.592,0.0,0.0,-5.404,0.0,0.0,-82.047,0.0,0.0,-15.906,0.0,0.0,0.0,0.0,0.0,-67.765,0.0,0.0
ALA  22,97.183,0.0,0.0,-4.094,0.0,0.0,-81.963,0.0,0.0,-2.118,0.0,0.0,0.0,0.0,0.0,9.008000000000019,0.0,0.0
TRP  23,132.464,0.0,0.0,-16.583,0.0,0.0,-98.037,0.0,0.0,-0.934,0.0,0.0,0.0,0.0,0.0,16.909999999999993,0.0,0.0
VAL  24,58.838,0.0,0.0,-7.673,0.0,0.0,-56.29,0.0,0.0,-1.374,0.0,0.0,0.0,0.0,0.0,-6.4990000000000006,0.0,0.0
LYS  25,131.998,0.0,0.0,-6.649,0.0,0.0,-140.5,0.0,0.0,10.968,0.0,0.0,0.0,0.0,0.0,-4.1830000000000105,0.0,0.0
VAL  26,65.331,0.0,0.0,-9.457,0.0,0.0,-70.382,0.0,0.0,-2.069,0.0,0.0,0.0,0.0,0.0,-16.577,0.0,0.0
VAL  27,45.732,0.0,0.0,-9.349,0.0,0.0,-50.873,0.0,0.0,-1.08,0.0,0.0,0.0,0.0,0.0,-15.570000000000002,0.0,0.0
GLU  28,102.985,0.0,0.0,-4.222,0.0,0.0,-82.343,0.0,0.0,-72.11,0.0,0.0,0.0,0.0,0.0,-55.69,0.0,0.0
GLU  29,117.102,0.0,0.0,-6.428,0.0,0.0,-71.087,0.0,0.0,-90.831,0.0,0.0,0.0,0.0,0.0,-51.244,0.0,0.0
LYS  30,116.023,0.0,0.0,-9.601,0.0,0.0,-135.704,0.0,0.0,16.207,0.0,0.0,0.0,0.0,0.0,-13.07500000000001,0.0,0.0
ALA  31,87.394,0.0,0.0,-2.968,0.0,0.0,-76.358,0.0,0.0,-5.844,0.0,0.0,0.0,0.0,0.0,2.2239999999999975,0.0,0.0
PHE  32,99.51,0.0,0.0,-7.9,0.0,0.0,-77.595,0.0,0.0,-3.673,0.0,0.0,0.0,0.0,0.0,10.342,0.0,0.0
SER  33,75.044,0.0,0.0,-3.675,0.0,0.0,-65.901,0.0,0.0,2.96,0.0,0.0,0.0,0.0,0.0,8.428000000000004,0.0,0.0
PRO  34,76.931,0.0,0.0,-5.577,0.0,0.0,-54.297,0.0,0.0,-1.953,0.0,0.0,0.0,0.0,0.0,15.104000000000003,0.0,0.0
GLU  35,106.854,0.0,0.0,-7.397,0.0,0.0,-110.146,0.0,0.0,-47.827,0.0,0.0,0.0,0.0,0.0,-58.516000000000005,0.0,0.0
VAL  36,50.62,0.0,0.0,-7.914,0.0,0.0,-54.464,0.0,0.0,-0.144,0.0,0.0,0.0,0.0,0.0,-11.902000000000003,0.0,0.0
ILE  37,85.636,0.0,0.0,-5.652,0.0,0.0,-55.912,0.0,0.0,-0.837,0.0,0.0,0.0,0.0,0.0,23.234999999999996,0.0,0.0
PRO  38,81.631,0.0,0.0,-6.681,0.0,0.0,-57.02,0.0,0.0,-2.517,0.0,0.0,0.0,0.0,0.0,15.413,0.0,0.0
MET  39,89.588,0.0,0.0,-9.588,0.0,0.0,-68.987,0.0,0.0,-2.685,0.0,0.0,0.0,0.0,0.0,8.328000000000005,0.0,0.0
PHE  40,103.552,0.0,0.0,-13.62,0.0,0.0,-85.858,0.0,0.0,-1.159,0.0,0.0,0.0,0.0,0.0,2.9149999999999983,0.0,0.0
SER  41,61.759,0.0,0.0,-6.887,0.0,0.0,-43.585,0.0,0.0,-10.217,0.0,0.0,0.0,0.0,0.0,1.0699999999999985,0.0,0.0
ALA  42,85.836,0.0,0.0,-4.461,0.0,0.0,-67.157,0.0,0.0,-3.249,0.0,0.0,0.0,0.0,0.0,10.969000000000003,0.0,0.0
LEU  43,78.775,0.0,0.0,-8.031,0.0,0.0,-76.435,0.0,0.0,-2.589,0.0,0.0,0.0,0.0,0.0,-8.280000000000003,0.0,0.0
SER  44,74.809,0.0,0.0,-7.222,0.0,0.0,-71.566,0.0,0.0,-0.445,0.0,0.0,0.0,0.0,0.0,-4.4239999999999995,0.0,0.0
GLU  45,100.804,0.0,0.0,-6.123,0.0,0.0,-70.819,0.0,0.0,-83.857,0.0,0.0,0.0,0.0,0.0,-59.995000000000005,0.0,0.0
GLY  46,67.701,0.0,0.0,-3.377,0.0,0.0,-68.65,0.0,0.0,-0.676,0.0,0.0,0.0,0.0,0.0,-5.002000000000008,0.0,0.0
ALA  47,98.178,0.0,0.0,-5.769,0.0,0.0,-85.756,0.0,0.0,-2.319,0.0,0.0,0.0,0.0,0.0,4.333999999999992,0.0,0.0
THR  48,65.399,0.0,0.0,-7.522,0.0,0.0,-58.767,0.0,0.0,0.007,0.0,0.0,0.0,0.0,0.0,-0.8830000000000006,0.0,0.0
PRO  49,73.558,0.0,0.0,-10.153,0.0,0.0,-53.527,0.0,0.0,0.684,0.0,0.0,0.0,0.0,0.0,10.562000000000006,0.0,0.0
GLN  50,27.23,0.0,0.0,-8.597,0.0,0.0,-72.135,0.0,0.0,-6.329,0.0,0.0,0.0,0.0,0.0,-59.831,0.0,0.0
ASP  51,90.727,0.0,0.0,-8.822,0.0,0.0,-119.506,0.0,0.0,-23.614,0.0,0.0,0.0,0.0,0.0,-61.215,0.0,0.0
LEU  52,64.989,0.0,0.0,-13.265,0.0,0.0,-70.435,0.0,0.0,0.634,0.0,0.0,0.0,0.0,0.0,-18.076999999999998,0.0,0.0
ASN  53,34.601,0.0,0.0,-6.174,0.0,0.0,-102.706,0.0,0.0,-3.701,0.0,0.0,0.0,0.0,0.0,-77.97999999999999,0.0,0.0
THR  54,54.353,0.0,0.0,-4.976,0.0,0.0,-68.969,0.0,0.0,-1.719,0.0,0.0,0.0,0.0,0.0,-21.310999999999993,0.0,0.0
MET  55,85.755,0.0,0.0,-12.602,0.0,0.0,-67.409,0.0,0.0,-0.453,0.0,0.0,0.0,0.0,0.0,5.290999999999985,0.0,0.0
LEU  56,62.072,0.0,0.0,-9.392,0.0,0.0,-66.951,0.0,0.0,-1.384,0.0,0.0,0.0,0.0,0.0,-15.654999999999987,0.0,0.0
ASN  57,38.413,0.0,0.0,-6.374,0.0,0.0,-90.83,0.0,0.0,-10.721,0.0,0.0,0.0,0.0,0.0,-69.512,0.0,0.0
THR  58,53.132,0.0,0.0,-3.634,0.0,0.0,-64.368,0.0,0.0,-3.467,0.0,0.0,0.0,0.0,0.0,-18.336999999999996,0.0,0.0
VAL  59,42.958,0.0,0.0,-9.563,0.0,0.0,-47.364,0.0,0.0,-0.525,0.0,0.0,0.0,0.0,0.0,-14.494000000000002,0.0,0.0
ALA  60,89.719,0.0,0.0,-5.141,0.0,0.0,-65.28,0.0,0.0,-1.386,0.0,0.0,0.0,0.0,0.0,17.91199999999999,0.0,0.0
PRO  61,81.366,0.0,0.0,-4.247,0.0,0.0,-60.233,0.0,0.0,-1.524,0.0,0.0,0.0,0.0,0.0,15.362000000000002,0.0,0.0
HID  62,103.629,0.0,0.0,-6.95,0.0,0.0,-69.372,0.0,0.0,-9.113,0.0,0.0,0.0,0.0,0.0,18.194000000000003,0.0,0.0
GLN  63,30.158,0.0,0.0,-3.908,0.0,0.0,-66.596,0.0,0.0,-12.978,0.0,0.0,0.0,0.0,0.0,-53.324000000000005,0.0,0.0
ALA  64,83.046,0.0,0.0,-4.236,0.0,0.0,-68.08,0.0,0.0,-3.613,0.0,0.0,0.0,0.0,0.0,7.117000000000004,0.0,0.0
ALA  65,89.462,0.0,0.0,-5.764,0.0,0.0,-75.585,0.0,0.0,-1.184,0.0,0.0,0.0,0.0,0.0,6.929000000000014,0.0,0.0
ALA  66,93.722,0.0,0.0,-4.026,0.0,0.0,-82.413,0.0,0.0,-0.825,0.0,0.0,0.0,0.0,0.0,6.458000000000001,0.0,0.0
GLN  67,36.763,0.0,0.0,-6.765,0.0,0.0,-76.845,0.0,0.0,-8.755,0.0,0.0,0.0,0.0,0.0,-55.602000000000004,0.0,0.0
MET  68,92.068,0.0,0.0,-8.71,0.0,0.0,-73.215,0.0,0.0,-2.674,0.0,0.0,0.0,0.0,0.0,7.469000000000001,0.0,0.0
LEU  69,86.311,0.0,0.0,-10.757,0.0,0.0,-82.101,0.0,0.0,-1.953,0.0,0.0,0.0,0.0,0.0,-8.499999999999996,0.0,0.0
LYS  70,131.417,0.0,0.0,-8.441,0.0,0.0,-124.624,0.0,0.0,-6.205,0.0,0.0,0.0,0.0,0.0,-7.852999999999996,0.0,0.0
GLU  71,110.49,0.0,0.0,-8.22,0.0,0.0,-76.771,0.0,0.0,-93.402,0.0,0.0,0.0,0.0,0.0,-67.903,0.0,0.0
THR  72,54.096,0.0,0.0,-7.898,0.0,0.0,-58.578,0.0,0.0,-3.946,0.0,0.0,0.0,0.0,0.0,-16.32600000000001,0.0,0.0
ILE  73,76.571,0.0,0.0,-9.778,0.0,0.0,-51.094,0.0,0.0,-2.989,0.0,0.0,0.0,0.0,0.0,12.70999999999999,0.0,0.0
ASN  74,24.041,0.0,0.0,-6.907,0.0,0.0,-78.484,0.0,0.0,-11.179,0.0,0.0,0.0,0.0,0.0,-72.529,0.0,0.0
GLU  75,116.275,0.0,0.0,-6.878,0.0,0.0,-50.766,0.0,0.0,-119.676,0.0,0.0,0.0,0.0,0.0,-61.044999999999995,0.0,0.0
GLU  76,98.268,0.0,0.0,-9.475,0.0,0.0,-74.522,0.0,0.0,-74.538,0.0,0.0,0.0,0.0,0.0,-60.266999999999996,0.0,0.0
ALA  77,81.769,0.0,0.0,-6.514,0.0,0.0,-71.161,0.0,0.0,-0.945,0.0,0.0,0.0,0.0,0.0,3.1490000000000085,0.0,0.0
ALA  78,95.889,0.0,0.0,-4.953,0.0,0.0,-87.784,0.0,0.0,0.704,0.0,0.0,0.0,0.0,0.0,3.8559999999999865,0.0,0.0
GLU  79,113.902,0.0,0.0,-5.132,0.0,0.0,-88.51,0.0,0.0,-75.744,0.0,0.0,0.0,0.0,0.0,-55.48400000000001,0.0,0.0
TRP  80,113.45,0.0,0.0,-17.324,0.0,0.0,-87.183,0.0,0.0,-0.062,0.0,0.0,0.0,0.0,0.0,8.880999999999998,0.0,0.0
ASP  81,106.26,0.0,0.0,-6.553,0.0,0.0,-90.611,0.0,0.0,-62.583,0.0,0.0,0.0,0.0,0.0,-53.486999999999995,0.0,0.0
ARG  82,-196.012,0.0,0.0,-4.522,0.0,0.0,-2.871,0.0,0.0,29.666,0.0,0.0,0.0,0.0,0.0,-173.739,0.0,0.0
LEU  83,62.043,0.0,0.0,-7.356,0.0,0.0,-69.182,0.0,0.0,-3.272,0.0,0.0,0.0,0.0,0.0,-17.767000000000003,0.0,0.0
HID  84,113.125,0.0,0.0,-6.574,0.0,0.0,-79.376,0.0,0.0,-4.579,0.0,0.0,0.0,0.0,0.0,22.595999999999997,0.0,0.0
PRO  85,94.531,0.0,0.0,-4.013,0.0,0.0,-62.413,0.0,0.0,-6.976,0.0,0.0,0.0,0.0,0.0,21.129000000000005,0.0,0.0
VAL  86,47.748,0.0,0.0,-3.943,0.0,0.0,-50.503,0.0,0.0,-4.234,0.0,0.0,0.0,0.0,0.0,-10.932,0.0,0.0
HID  87,88.963,0.0,0.0,-6.763,0.0,0.0,-59.128,0.0,0.0,-7.056,0.0,0.0,0.0,0.0,0.0,16.015999999999988,0.0,0.0
ALA  88,90.082,0.0,0.0,-2.283,0.0,0.0,-74.562,0.0,0.0,-7.699,0.0,0.0,0.0,0.0,0.0,5.537999999999995,0.0,0.0
GLY  89,89.299,0.0,0.0,-1.649,0.0,0.0,-72.801,0.0,0.0,-6.796,0.0,0.0,0.0,0.0,0.0,8.053000000000004,0.0,0.0
PRO  90,85.703,0.0,0.0,-2.788,0.0,0.0,-57.296,0.0,0.0,-7.079,0.0,0.0,0.0,0.0,0.0,18.540000000000006,0.0,0.0
ILE  91,80.408,0.0,0.0,-3.632,0.0,0.0,-62.956,0.0,0.0,-3.884,0.0,0.0,0.0,0.0,0.0,9.935999999999993,0.0,0.0
ALA  92,93.036,0.0,0.0,-2.435,0.0,0.0,-64.278,0.0,0.0,-5.916,0.0,0.0,0.0,0.0,0.0,20.406999999999993,0.0,0.0
PRO  93,77.528,0.0,0.0,-2.444,0.0,0.0,-57.05,0.0,0.0,-4.374,0.0,0.0,0.0,0.0,0.0,13.660000000000007,0.0,0.0
GLY  94,75.414,0.0,0.0,-3.392,0.0,0.0,-68.364,0.0,0.0,-5.475,0.0,0.0,0.0,0.0,0.0,-1.8169999999999984,0.0,0.0
GLN  95,31.806,0.0,0.0,-4.148,0.0,0.0,-68.205,0.0,0.0,-11.449,0.0,0.0,0.0,0.0,0.0,-51.995999999999995,0.0,0.0
MET  96,107.523,0.0,0.0,-9.833,0.0,0.0,-79.35,0.0,0.0,-7.156,0.0,0.0,0.0,0.0,0.0,11.184000000000005,0.0,0.0
ARG  97,-196.532,0.0,0.0,-5.817,0.0,0.0,-16.896,0.0,0.0,29.679,0.0,0.0,0.0,0.0,0.0,-189.566,0.0,0.0
GLU  98,103.175,0.0,0.0,-6.056,0.0,0.0,-63.423,0.0,0.0,-76.488,0.0,0.0,0.0,0.0,0.0,-42.792,0.0,0.0
PRO  99,92.626,0.0,0.0,-8.878,0.0,0.0,-61.774,0.0,0.0,-2.279,0.0,0.0,0.0,0.0,0.0,19.695000000000004,0.0,0.0
ARG 100,-187.532,0.0,0.0,-7.41,0.0,0.0,-21.018,0.0,0.0,39.342,0.0,0.0,0.0,0.0,0.0,-176.618,0.0,0.0
GLY 101,80.671,0.0,0.0,-5.606,0.0,0.0,-85.619,0.0,0.0,2.232,0.0,0.0,0.0,0.0,0.0,-8.321999999999989,0.0,0.0
SER 102,71.194,0.0,0.0,-6.931,0.0,0.0,-69.281,0.0,0.0,-0.689,0.0,0.0,0.0,0.0,0.0,-5.707000000000001,0.0,0.0
ASP 103,95.486,0.0,0.0,-8.674,0.0,0.0,-107.033,0.0,0.0,-34.6,0.0,0.0,0.0,0.0,0.0,-54.82099999999999,0.0,0.0
ILE 104,78.3,0.0,0.0,-11.705,0.0,0.0,-58.269,0.0,0.0,1.262,0.0,0.0,0.0,0.0,0.0,9.588000000000001,0.0,0.0
ALA 105,86.723,0.0,0.0,-6.491,0.0,0.0,-77.12,0.0,0.0,0.669,0.0,0.0,0.0,0.0,0.0,3.780999999999995,0.0,0.0
GLY 106,91.488,0.0,0.0,-4.692,0.0,0.0,-85.697,0.0,0.0,-1.737,0.0,0.0,0.0,0.0,0.0,-0.6380000000000106,0.0,0.0
THR 107,47.814,0.0,0.0,-4.962,0.0,0.0,-52.815,0.0,0.0,-6.629,0.0,0.0,0.0,0.0,0.0,-16.59199999999999,0.0,0.0
THR 108,42.513,0.0,0.0,-4.855,0.0,0.0,-54.477,0.0,0.0,-3.33,0.0,0.0,0.0,0.0,0.0,-20.148999999999994,0.0,0.0
SER 109,83.229,0.0,0.0,-7.09,0.0,0.0,-73.712,0.0,0.0,0.304,0.0,0.0,0.0,0.0,0.0,2.7309999999999923,0.0,0.0
THR 110,38.227,0.0,0.0,-6.323,0.0,0.0,-44.299,0.0,0.0,-1.917,0.0,0.0,0.0,0.0,0.0,-14.312000000000003,0.0,0.0
LEU 111,64.409,0.0,0.0,-9.62,0.0,0.0,-65.132,0.0,0.0,-2.446,0.0,0.0,0.0,0.0,0.0,-12.788999999999996,0.0,0.0
GLN 112,37.717,0.0,0.0,-8.04,0.0,0.0,-76.851,0.0,0.0,-10.04,0.0,0.0,0.0,0.0,0.0,-57.214,0.0,0.0
GLU 113,103.596,0.0,0.0,-6.503,0.0,0.0,-108.022,0.0,0.0,-46.138,0.0,0.0,0.0,0.0,0.0,-57.067,0.0,0.0
GLN 114,40.247,0.0,0.0,-13.854,0.0,0.0,-83.085,0.0,0.0,0.373,0.0,0.0,0.0,0.0,0.0,-56.318999999999996,0.0,0.0
ILE 115,83.735,0.0,0.0,-8.353,0.0,0.0,-69.961,0.0,0.0,-1.313,0.0,0.0,0.0,0.0,0.0,4.108000000000007,0.0,0.0
GLY 116,80.112,0.0,0.0,-5.712,0.0,0.0,-75.965,0.0,0.0,-1.343,0.0,0.0,0.0,0.0,0.0,-2.908000000000012,0.0,0.0
TRP 117,128.405,0.0,0.0,-16.676,0.0,0.0,-93.539,0.0,0.0,-0.56,0.0,0.0,0.0,0.0,0.0,17.63,0.0,0.0
MET 118,102.513,0.0,0.0,-10.489,0.0,0.0,-80.899,0.0,0.0,-2.601,0.0,0.0,0.0,0.0,0.0,8.524000000000001,0.0,0.0
THR 119,38.359,0.0,0.0,-4.458,0.0,0.0,-43.816,0.0,0.0,-5.29,0.0,0.0,0.0,0.0,0.0,-15.204999999999998,0.0,0.0
HID 120,95.066,0.0,0.0,-10.468,0.0,0.0,-61.812,0.0,0.0,-4.457,0.0,0.0,0.0,0.0,0.0,18.329,0.0,0.0
ASN 121,32.462,0.0,0.0,-4.601,0.0,0.0,-70.636,0.0,0.0,-12.428,0.0,0.0,0.0,0.0,0.0,-55.20299999999999,0.0,0.0
PRO 122,90.147,0.0,0.0,-3.085,0.0,0.0,-60.402,0.0,0.0,-2.83,0.0,0.0,0.0,0.0,0.0,23.830000000000013,0.0,0.0
PRO 123,80.678,0.0,0.0,-6.124,0.0,0.0,-56.375,0.0,0.0,-3.772,0.0,0.0,0.0,0.0,0.0,14.407000000000002,0.0,0.0
ILE 124,90.915,0.0,0.0,-4.682,0.0,0.0,-61.3,0.0,0.0,-0.74,0.0,0.0,0.0,0.0,0.0,24.19300000000001,0.0,0.0
PRO 125,90.707,0.0,0.0,-6.703,0.0,0.0,-66.03,0.0,0.0,-0.549,0.0,0.0,0.0,0.0,0.0,17.42499999999999,0.0,0.0
VAL 126,52.59,0.0,0.0,-9.218,0.0,0.0,-55.332,0.0,0.0,0.212,0.0,0.0,0.0,0.0,0.0,-11.748000000000001,0.0,0.0
GLY 127,71.775,0.0,0.0,-6.144,0.0,0.0,-69.731,0.0,0.0,-0.004,0.0,0.0,0.0,0.0,0.0,-4.103999999999994,0.0,0.0
GLU 128,104.44,0.0,0.0,-4.883,0.0,0.0,-104.134,0.0,0.0,-52.254,0.0,0.0,0.0,0.0,0.0,-56.830999999999996,0.0,0.0
ILE 129,81.523,0.0,0.0,-9.658,0.0,0.0,-66.036,0.0,0.0,0.578,0.0,0.0,0.0,0.0,0.0,6.406999999999994,0.0,0.0
TYR 130,93.062,0.0,0.0,-13.647,0.0,0.0,-90.042,0.0,0.0,0.102,0.0,0.0,0.0,0.0,0.0,-10.52500000000001,0.0,0.0
LYS 131,141.916,0.0,0.0,-9.858,0.0,0.0,-165.77,0.0,0.0,29.157,0.0,0.0,0.0,0.0,0.0,-4.5550000000000175,0.0,0.0
ARG 132,-188.378,0.0,0.0,-9.382,0.0,0.0,11.614,0.0,0.0,10.243,0.0,0.0,0.0,0.0,0.0,-175.903,0.0,0.0
TRP 133,130.337,0.0,0.0,-19.099,0.0,0.0,-92.876,0.0,0.0,-3.869,0.0,0.0,0.0,0.0,0.0,14.49299999999998,0.0,0.0
ILE 134,86.985,0.0,0.0,-10.882,0.0,0.0,-70.677,0.0,0.0,-0.116,0.0,0.0,0.0,0.0,0.0,5.309999999999988,0.0,0.0
ILE 135,81.723,0.0,0.0,-8.442,0.0,0.0,-59.769,0.0,0.0,-0.729,0.0,0.0,0.0,0.0,0.0,12.783000000000008,0.0,0.0
LEU 136,75.446,0.0,0.0,-8.878,0.0,0.0,-74.51,0.0,0.0,0.256,0.0,0.0,0.0,0.0,0.0,-7.686000000000007,0.0,0.0
GLY 137,78.634,0.0,0.0,-5.361,0.0,0.0,-78.455,0.0,0.0,0.768,0.0,0.0,0.0,0.0,0.0,-4.414000000000002,0.0,0.0
LEU 138,62.682,0.0,0.0,-10.411,0.0,0.0,-65.991,0.0,0.0,-0.062,0.0,0.0,0.0,0.0,0.0,-13.781999999999998,0.0,0.0
ASN 139,43.465,0.0,0.0,-8.041,0.0,0.0,-95.795,0.0,0.0,-5.437,0.0,0.0,0.0,0.0,0.0,-65.80799999999999,0.0,0.0
LYS 140,133.277,0.0,0.0,-8.784,0.0,0.0,-114.543,0.0,0.0,-14.136,0.0,0.0,0.0,0.0,0.0,-4.186000000000025,0.0,0.0
ILE 141,88.434,0.0,0.0,-8.576,0.0,0.0,-77.506,0.0,0.0,-0.235,0.0,0.0,0.0,0.0,0.0,2.117000000000004,0.0,0.0
VAL 142,63.482,0.0,0.0,-6.973,0.0,0.0,-53.874,0.0,0.0,-3.226,0.0,0.0,0.0,0.0,0.0,-0.591000000000002,0.0,0.0
ARG 143,-194.375,0.0,0.0,-10.141,0.0,0.0,55.309,0.0,0.0,-16.535,0.0,0.0,0.0,0.0,0.0,-165.742,0.0,0.0
MET 144,89.205,0.0,0.0,-9.752,0.0,0.0,-73.257,0.0,0.0,-3.113,0.0,0.0,0.0,0.0,0.0,3.082999999999998,0.0,0.0
TYR 145,91.113,0.0,0.0,-6.455,0.0,0.0,-78.91,0.0,0.0,-9.274,0.0,0.0,0.0,0.0,0.0,-3.5259999999999945,0.0,0.0
SER 146,74.107,0.0,0.0,-4.753,0.0,0.0,-56.232,0.0,0.0,-5.072,0.0,0.0,0.0,0.0,0.0,8.05,0.0,0.0
PRO 147,87.339,0.0,0.0,-5.106,0.0,0.0,-61.857,0.0,0.0,-3.628,0.0,0.0,0.0,0.0,0.0,16.748000000000005,0.0,0.0
THR 148,47.725,0.0,0.0,-3.94,0.0,0.0,-54.463,0.0,0.0,-6.096,0.0,0.0,0.0,0.0,0.0,-16.773999999999997,0.0,0.0
SER 149,61.747,0.0,0.0,-1.887,0.0,0.0,-40.343,0.0,0.0,-14.329,0.0,0.0,0.0,0.0,0.0,5.187999999999995,0.0,0.0
ILE 150,59.666,0.0,0.0,-0.6,0.0,0.0,-29.555,0.0,0.0,-8.384,0.0,0.0,0.0,0.0,0.0,21.126999999999995,0.0,0.0

Ligand:
Total Energy Decomposition:
Residue,Internal,,,van der Waals,,,Electrostatic,,,Polar Solvation,,,Non-Polar Solv.,,,TOTAL,,
,Avg.,Std. Dev.,Std. Err. of Mean,Avg.,Std. Dev.,Std. Err. of Mean,Avg.,Std. Dev.,Std. Err. of Mean,Avg.,Std. Dev.,Std. Err. of Mean,Avg.,Std. Dev.,Std. Err. of Mean,Avg.,Std. Dev.,Std. Err. of Mean
LEU   1,42.681,0.0,0.0,-3.19,0.0,0.0,-40.623,0.0,0.0,-1.027,0.0,0.0,0.0,0.0,0.0,-2.158999999999998,0.0,0.0
ASP   2,116.087,0.0,0.0,-3.46,0.0,0.0,-121.465,0.0,0.0,-57.032,0.0,0.0,0.0,0.0,0.0,-65.86999999999999,0.0,0.0
ILE   3,98.573,0.0,0.0,-6.897,0.0,0.0,-71.76,0.0,0.0,-1.515,0.0,0.0,0.0,0.0,0.0,18.400999999999982,0.0,0.0
ARG   4,-191.351,0.0,0.0,-9.615,0.0,0.0,23.117,0.0,0.0,3.373,0.0,0.0,0.0,0.0,0.0,-174.47600000000003,0.0,0.0
GLN   5,32.836,0.0,0.0,-12.791,0.0,0.0,-83.316,0.0,0.0,-2.06,0.0,0.0,0.0,0.0,0.0,-65.331,0.0,0.0
GLY   6,84.841,0.0,0.0,-2.485,0.0,0.0,-74.739,0.0,0.0,-3.114,0.0,0.0,0.0,0.0,0.0,4.50299999999999,0.0,0.0
PRO   7,90.156,0.0,0.0,-3.605,0.0,0.0,-52.596,0.0,0.0,-8.296,0.0,0.0,0.0,0.0,0.0,25.659000000000006,0.0,0.0
LYS   8,119.72,0.0,0.0,-3.617,0.0,0.0,-84.335,0.0,0.0,-35.931,0.0,0.0,0.0,0.0,0.0,-4.162999999999997,0.0,0.0
GLU   9,110.882,0.0,0.0,-8.053,0.0,0.0,-120.488,0.0,0.0,-28.14,0.0,0.0,0.0,0.0,0.0,-45.79899999999999,0.0,0.0
PRO  10,78.424,0.0,0.0,-7.388,0.0,0.0,-58.203,0.0,0.0,-0.305,0.0,0.0,0.0,0.0,0.0,12.527999999999999,0.0,0.0
PHE  11,103.066,0.0,0.0,-15.116,0.0,0.0,-73.7,0.0,0.0,-0.847,0.0,0.0,0.0,0.0,0.0,13.403,0.0,0.0
ARG  12,-198.62,0.0,0.0,-7.964,8.429369702178807e-08,8.429369702178807e-08,9.401,0.0,0.0,24.924,0.0,0.0,0.0,0.0,0.0,-172.259,0.0,0.0
ASP  13,89.78,0.0,0.0,-6.619,0.0,0.0,-90.446,0.0,0.0,-61.59,0.0,0.0,0.0,0.0,0.0,-68.875,0.0,0.0
TYR  14,94.417,0.0,0.0,-18.301,0.0,0.0,-95.022,0.0,0.0,1.177,0.0,0.0,0.0,0.0,0.0,-17.729000000000006,0.0,0.0
VAL  15,46.653,0.0,0.0,-8.945,0.0,0.0,-55.215,0.0,0.0,1.711,0.0,0.0,0.0,0.0,0.0,-15.796000000000005,0.0,0.0
ASP  16,117.632,0.0,0.0,-5.047,0.0,0.0,-132.75,0.0,0.0,-35.04,0.0,0.0,0.0,0.0,0.0,-55.20499999999999,0.0,0.0
ARG  17,-195.997,0.0,0.0,-7.918,0.0,0.0,10.58,0.0,0.0,8.32,0.0,0.0,0.0,0.0,0.0,-185.01500000000001,0.0,0.0
PHE  18,95.177,0.0,0.0,-14.587,0.0,0.0,-81.477,0.0,0.0,0.958,0.0,0.0,0.0,0.0,0.0,0.07099999999999951,0.0,0.0
TYR  19,99.257,0.0,0.0,-10.062,0.0,0.0,-87.97,0.0,0.0,-4.611,0.0,0.0,0.0,0.0,0.0,-3.3859999999999912,0.0,0.0
LYS  20,136.436,0.0,0.0,-4.804,0.0,0.0,-139.918,0.0,0.0,-5.074,0.0,0.0,0.0,0.0,0.0,-13.360000000000001,0.0,0.0
THR  21,48.341,0.0,0.0,-4.334,0.0,0.0,-61.88,0.0,0.0,-2.427,0.0,0.0,0.0,0.0,0.0,-20.299999999999997,0.0,0.0
LEU  22,68.403,0.0,0.0,-10.427,0.0,0.0,-66.166,0.0,0.0,-1.252,0.0,0.0,0.0,0.0,0.0,-9.441999999999991,0.0,0.0
ARG  23,-200.016,0.0,0.0,-6.085,0.0,0.0,79.507,0.0,0.0,-34.977,0.0,0.0,0.0,0.0,0.0,-161.571,0.0,0.0
ALA  24,86.166,0.0,0.0,-4.272,0.0,0.0,-77.401,0.0,0.0,-4.864,0.0,0.0,0.0,0.0,0.0,-0.3710000000000049,0.0,0.0
GLU  25,109.312,0.0,0.0,-5.876,0.0,0.0,-72.729,0.0,0.0,-90.026,0.0,0.0,0.0,0.0,0.0,-59.319,0.0,0.0
GLN  26,33.072,0.0,0.0,-5.783,0.0,0.0,-65.642,0.0,0.0,-12.018,0.0,0.0,0.0,0.0,0.0,-50.370999999999995,0.0,0.0
ALA  27,94.862,0.0,0.0,-5.066,0.0,0.0,-80.108,0.0,0.0,-3.044,0.0,0.0,0.0,0.0,0.0,6.643999999999988,0.0,0.0
SER  28,64.635,0.0,0.0,-4.497,0.0,0.0,-54.554,0.0,0.0,-8.523,0.0,0.0,0.0,0.0,0.0,-2.9389999999999965,0.0,0.0
GLN  29,32.063,0.0,0.0,-3.919,0.0,0.0,-68.559,0.0,0.0,-9.62,0.0,0.0,0.0,0.0,0.0,-50.03499999999999,0.0,0.0
GLU  30,111.658,0.0,0.0,-5.483,0.0,0.0,-78.705,0.0,0.0,-90.126,0.0,0.0,0.0,0.0,0.0,-62.656000000000006,0.0,0.0
VAL  31,65.999,0.0,0.0,-6.551,0.0,0.0,-59.223,0.0,0.0,-2.827,0.0,0.0,0.0,0.0,0.0,-2.6020000000000056,0.0,0.0
LYS  32,110.905,0.0,0.0,-7.359,0.0,0.0,-109.498,0.0,0.0,-8.78,0.0,0.0,0.0,0.0,0.0,-14.731999999999998,0.0,0.0
ASN  33,25.545,0.0,0.0,-7.001,0.0,0.0,-85.104,0.0,0.0,-6.768,0.0,0.0,0.0,0.0,0.0,-73.328,0.0,0.0
TRP  34,121.467,0.0,0.0,-11.344,0.0,0.0,-92.917,0.0,0.0,-4.436,0.0,0.0,0.0,0.0,0.0,12.770000000000003,0.0,0.0
MET  35,100.638,0.0,0.0,-12.027,0.0,0.0,-86.678,0.0,0.0,-0.538,0.0,0.0,0.0,0.0,0.0,1.395000000000007,0.0,0.0
THR  36,42.382,0.0,0.0,-6.075,0.0,0.0,-56.826,0.0,0.0,0.797,0.0,0.0,0.0,0.0,0.0,-19.722000000000005,0.0,0.0
GLU  37,100.859,0.0,0.0,-5.867,0.0,0.0,-49.596,0.0,0.0,-105.431,0.0,0.0,0.0,0.0,0.0,-60.035000000000004,0.0,0.0
THR  38,43.15,0.0,0.0,-5.745,0.0,0.0,-54.093,0.0,0.0,0.766,0.0,0.0,0.0,0.0,0.0,-15.922000000000002,0.0,0.0
LEU  39,67.152,0.0,0.0,-8.654,0.0,0.0,-67.737,0.0,0.0,1.229,0.0,0.0,0.0,0.0,0.0,-8.009999999999991,0.0,0.0
LEU  40,81.965,0.0,0.0,-10.164,0.0,0.0,-91.067,0.0,0.0,1.182,0.0,0.0,0.0,0.0,0.0,-18.083999999999993,0.0,0.0
VAL  41,62.077,0.0,0.0,-9.501,0.0,0.0,-59.18,0.0,0.0,1.474,0.0,0.0,0.0,0.0,0.0,-5.129999999999999,0.0,0.0
GLN  42,20.549,0.0,0.0,-7.195,0.0,0.0,-76.854,0.0,0.0,0.161,0.0,0.0,0.0,0.0,0.0,-63.339,0.0,0.0
ASN  43,14.237,0.0,0.0,-9.079,0.0,0.0,-82.129,0.0,0.0,-1.207,0.0,0.0,0.0,0.0,0.0,-78.178,0.0,0.0
ALA  44,92.035,0.0,0.0,-8.443,0.0,0.0,-86.355,0.0,0.0,3.066,0.0,0.0,0.0,0.0,0.0,0.3029999999999946,0.0,0.0
ASN  45,38.273,0.0,0.0,-7.879,0.0,0.0,-88.793,0.0,0.0,-4.391,0.0,0.0,0.0,0.0,0.0,-62.79,0.0,0.0
PRO  46,78.71,0.0,0.0,-5.355,0.0,0.0,-60.968,0.0,0.0,-0.959,0.0,0.0,0.0,0.0,0.0,11.427999999999987,0.0,0.0
ASP  47,81.567,0.0,0.0,-4.137,0.0,0.0,-74.024,0.0,0.0,-71.49,0.0,0.0,0.0,0.0,0.0,-68.084,0.0,0.0
CYX  48,98.31,0.0,0.0,-7.988,0.0,0.0,-77.953,0.0,0.0,-2.787,0.0,0.0,0.0,0.0,0.0,9.582,0.0,0.0
LYS  49,144.689,0.0,0.0,-11.556,0.0,0.0,-121.3,0.0,0.0,-16.15,0.0,0.0,0.0,0.0,0.0,-4.317000000000014,0.0,0.0
THR  50,54.249,0.0,0.0,-6.126,0.0,0.0,-66.946,0.0,0.0,-1.386,0.0,0.0,0.0,0.0,0.0,-20.208999999999993,0.0,0.0
ILE  51,82.781,0.0,0.0,-7.711,0.0,0.0,-59.732,0.0,0.0,-0.771,0.0,0.0,0.0,0.0,0.0,14.567000000000007,0.0,0.0
LEU  52,84.275,0.0,0.0,-12.03,0.0,0.0,-71.886,0.0,0.0,-4.285,0.0,0.0,0.0,0.0,0.0,-3.9259999999999913,0.0,0.0
LYS  53,118.721,0.0,0.0,-7.485,0.0,0.0,-99.858,0.0,0.0,-22.587,0.0,0.0,0.0,0.0,0.0,-11.209,0.0,0.0
ALA  54,82.383,0.0,0.0,-3.912,0.0,0.0,-72.376,0.0,0.0,-4.479,0.0,0.0,0.0,0.0,0.0,1.6159999999999846,0.0,0.0
LEU  55,73.127,0.0,0.0,-7.135,0.0,0.0,-73.465,0.0,0.0,-3.751,0.0,0.0,0.0,0.0,0.0,-11.224000000000013,0.0,0.0
GLY  56,88.372,0.0,0.0,-3.432,0.0,0.0,-72.618,0.0,0.0,-5.818,0.0,0.0,0.0,0.0,0.0,6.504000000000003,0.0,0.0
PRO  57,78.199,0.0,0.0,-3.687,0.0,0.0,-52.428,0.0,0.0,-6.963,0.0,0.0,0.0,0.0,0.0,15.121000000000002,0.0,0.0
GLY  58,66.704,0.0,0.0,-2.209,0.0,0.0,-62.461,0.0,0.0,-7.621,0.0,0.0,0.0,0.0,0.0,-5.587000000000009,0.0,0.0
ALA  59,104.66,0.0,0.0,-6.052,0.0,0.0,-88.449,0.0,0.0,-2.142,0.0,0.0,0.0,0.0,0.0,8.017000000000007,0.0,0.0
THR  60,44.967,0.0,0.0,-2.587,0.0,0.0,-57.113,0.0,0.0,-2.109,0.0,0.0,0.0,0.0,0.0,-16.842000000000006,0.0,0.0
LEU  61,69.286,0.0,0.0,-6.049,0.0,0.0,-68.308,0.0,0.0,-3.117,0.0,0.0,0.0,0.0,0.0,-8.188000000000006,0.0,0.0
GLU  62,106.763,0.0,0.0,-6.722,0.0,0.0,-47.075,0.0,0.0,-117.088,0.0,0.0,0.0,0.0,0.0,-64.12199999999999,0.0,0.0
GLU  63,102.904,0.0,0.0,-5.864,0.0,0.0,-57.203,0.0,0.0,-99.096,0.0,0.0,0.0,0.0,0.0,-59.259000000000015,0.0,0.0
MET  64,92.387,0.0,0.0,-12.954,0.0,0.0,-75.451,0.0,0.0,0.099,0.0,0.0,0.0,0.0,0.0,4.0809999999999995,0.0,0.0
MET  65,102.53,0.0,0.0,-10.213,0.0,0.0,-83.259,0.0,0.0,-1.754,0.0,0.0,0.0,0.0,0.0,7.304000000000007,0.0,0.0
THR  66,41.399,0.0,0.0,-6.152,0.0,0.0,-51.578,0.0,0.0,-0.493,0.0,0.0,0.0,0.0,0.0,-16.824,0.0,0.0
ALA  67,77.562,0.0,0.0,-5.825,0.0,0.0,-66.143,0.0,0.0,-1.266,0.0,0.0,0.0,0.0,0.0,4.327999999999994,0.0,0.0
CYX  68,93.924,0.0,0.0,-6.366,0.0,0.0,-77.836,0.0,0.0,-2.54,0.0,0.0,0.0,0.0,0.0,7.182000000000008,0.0,0.0
GLN  69,42.265,0.0,0.0,-3.79,0.0,0.0,-71.63,0.0,0.0,-12.837,0.0,0.0,0.0,0.0,0.0,-45.99199999999999,0.0,0.0
GLY  70,96.084,0.0,0.0,-2.133,0.0,0.0,-82.727,0.0,0.0,-5.01,0.0,0.0,0.0,0.0,0.0,6.214000000000004,0.0,0.0
VAL  71,36.078,0.0,0.0,-4.245,0.0,0.0,-26.196,0.0,0.0,-104.656,0.0,0.0,0.0,0.0,0.0,-99.019,0.0,0.0

DELTAS:
Total Energy Decomposition:
Residue,Location,Internal,,,van der Waals,,,Electrostatic,,,Polar Solvation,,,Non-Polar Solv.,,,TOTAL,,
,,Avg.,Std. Dev.,Std. Err. of Mean,Avg.,Std. Dev.,Std. Err. of Mean,Avg.,Std. Dev.,Std. Err. of Mean,Avg.,Std. Dev.,Std. Err. of Mean,Avg.,Std. Dev.,Std. Err. of Mean
PRO   1,R PRO   1,0.0,0.0,0.0,0.0,0.0,0.0,-4.396000000000001,0.0,0.0,4.318,0.0,0.0,0.0,0.0,0.0,-0.07800000000000118,0.0,0.0
ILE   2,R ILE   2,0.0,0.0,0.0,0.0,0.0,0.0,0.009000000000000341,0.0,0.0,-0.009000000000000341,0.0,0.0,0.0,0.0,0.0,0.0,0.0,0.0
VAL   3,R VAL   3,0.0,0.0,0.0,0.0,0.0,0.0,-0.01300000000000523,0.0,0.0,0.01399999999999979,0.0,0.0,0.0,0.0,0.0,0.000999999999995893,0.0,0.0
GLN   4,R GLN   4,0.0,0.0,0.0,0.0,0.0,0.0,-0.013999999999995794,0.0,0.0,0.013999999999999346,0.0,0.0,0.0,0.0,0.0,0.0,0.0,0.0
ASN   5,R ASN   5,0.0,0.0,0.0,0.0,0.0,0.0,0.03100000000000591,0.0,0.0,-0.03300000000000036,0.0,0.0,0.0,0.0,0.0,-0.001999999999995339,0.0,0.0
LEU   6,R LEU   6,0.0,0.0,0.0,0.0,0.0,0.0,0.0049999999999954525,0.0,0.0,-0.005999999999999783,0.0,0.0,0.0,0.0,0.0,-0.0010000000000047748,0.0,0.0
GLN   7,R GLN   7,0.0,0.0,0.0,0.0,0.0,0.0,0.027000000000001023,0.0,0.0,-0.026999999999999247,0.0,0.0,0.0,0.0,0.0,0.0,0.0,0.0
GLY   8,R GLY   8,0.0,0.0,0.0,0.0,0.0,0.0,0.011999999999986244,0.0,0.0,-0.01100000000000012,0.0,0.0,0.0,0.0,0.0,0.000999999999986123,0.0,0.0
GLN   9,R GLN   9,0.0,0.0,0.0,0.0,0.0,0.0,0.0049999999999954525,0.0,0.0,-0.004999999999999005,0.0,0.0,0.0,0.0,0.0,0.0,0.0,0.0
MET  10,R MET  10,0.0,0.0,0.0,0.0,0.0,0.0,-0.012000000000000455,0.0,0.0,0.01499999999999968,0.0,0.0,0.0,0.0,0.0,0.0029999999999983373,0.0,0.0
VAL  11,R VAL  11,0.0,0.0,0.0,0.0,0.0,0.0,0.021000000000000796,0.0,0.0,-0.02100000000000013,0.0,0.0,0.0,0.0,0.0,0.0,0.0,0.0
HID  12,R HID  12,0.0,0.0,0.0,0.0,0.0,0.0,-0.02400000000000091,0.0,0.0,0.02400000000000002,0.0,0.0,0.0,0.0,0.0,0.0,0.0,0.0
GLN  13,R GLN  13,0.0,0.0,0.0,0.0,0.0,0.0,0.021000000000000796,0.0,0.0,-0.019000000000000128,0.0,0.0,0.0,0.0,0.0,0.0020000000000024443,0.0,0.0
ALA  14,R ALA  14,0.0,0.0,0.0,0.0,0.0,0.0,0.015000000000000568,0.0,0.0,-0.01499999999999968,0.0,0.0,0.0,0.0,0.0,0.0,0.0,0.0
ILE  15,R ILE  15,0.0,0.0,0.0,-0.0009999999999994458,0.0,0.0,0.0040000000000048885,0.0,0.0,-0.0030000000000001137,0.0,0.0,0.0,0.0,0.0,1.4210854715202004e-14,0.0,0.0
SER  16,R SER  16,0.0,0.0,0.0,0.0,0.0,0.0,-0.06099999999999994,0.0,0.0,0.05799999999999983,0.0,0.0,0.0,0.0,0.0,-0.0030000000000001137,0.0,0.0
PRO  17,R PRO  17,0.0,0.0,0.0,0.0,0.0,0.0,-0.06800000000000495,0.0,0.0,0.06700000000000017,0.0,0.0,0.0,0.0,0.0,-0.0010000000000047748,0.0,0.0
ARG  18,R ARG  18,0.0,0.0,0.0,-0.0009999999999994458,0.0,0.0,-4.695,0.0,0.0,4.624000000000002,0.0,0.0,0.0,0.0,0.0,-0.0719999999999743,0.0,0.0
THR  19,R THR  19,0.0,0.0,0.0,-0.0009999999999994458,0.0,0.0,-0.09900000000000375,0.0,0.0,0.08999999999999986,0.0,0.0,0.0,0.0,0.0,-0.010000000000001563,0.0,0.0
LEU  20,R LEU  20,0.0,0.0,0.0,-0.002000000000000668,0.0,0.0,-0.16199999999999903,0.0,0.0,0.15300000000000002,0.0,0.0,0.0,0.0,0.0,-0.010999999999993904,0.0,0.0
ASN  21,R ASN  21,0.0,0.0,0.0,-0.0019999999999997797,0.0,0.0,-0.2950000000000017,0.0,0.0,0.2919999999999998,0.0,0.0,0.0,0.0,0.0,-0.0049999999999954525,0.0,0.0
ALA  22,R ALA  22,0.0,0.0,0.0,-0.0019999999999997797,0.0,0.0,-0.31500000000001194,0.0,0.0,0.2959999999999998,0.0,0.0,0.0,0.0,0.0,-0.021000000000020336,0.0,0.0
TRP  23,R TRP  23,0.0,0.0,0.0,-0.010000000000001563,0.0,0.0,-0.5299999999999869,0.0,0.0,0.4580000000000001,0.0,0.0,0.0,0.0,0.0,-0.08199999999999008,0.0,0.0
VAL  24,R VAL  24,0.0,0.0,0.0,-0.006000000000000227,0.0,0.0,-0.5730000000000004,0.0,0.0,0.5000000000000001,0.0,0.0,0.0,0.0,0.0,-0.07899999999999974,0.0,0.0
LYS  25,R LYS  25,0.0,0.0,0.0,-0.0129999999999999,0.0,0.0,-1.6030000000000086,0.0,0.0,1.5920000000000005,0.0,0.0,0.0,0.0,0.0,-0.024000000000013344,0.0,0.0
VAL  26,R VAL  26,0.0,0.0,0.0,-0.0259999999999998,0.0,0.0,-1.5120000000000005,0.0,0.0,1.145,0.0,0.0,0.0,0.0,0.0,-0.39300000000000423,0.0,0.0
VAL  27,R VAL  27,0.0,0.0,0.0,-0.04100000000000037,0.0,0.0,-1.7210000000000036,0.0,0.0,1.385,0.0,0.0,0.0,0.0,0.0,-0.37700000000000067,0.0,0.0
GLU  28,R GLU  28,0.0,0.0,0.0,-0.03599999999999959,0.0,0.0,1.168999999999997,0.0,0.0,-1.0999999999999943,0.0,0.0,0.0,0.0,0.0,0.03300000000000125,0.0,0.0
GLU  29,R GLU  29,0.0,0.0,0.0,-0.24399999999999977,0.0,0.0,-18.578999999999994,0.0,0.0,18.351,0.0,0.0,0.0,0.0,0.0,-0.4719999999999942,0.0,0.0
LYS  30,R LYS  30,0.0,0.0,0.0,-0.8169999999999984,0.0,0.0,11.286000000000001,0.0,0.0,-8.261000000000001,0.0,0.0,0.0,0.0,0.0,2.207999999999993,0.0,0.0
ALA  31,R ALA  31,0.0,0.0,0.0,0.351,0.0,0.0,-11.290999999999997,0.0,0.0,5.609,0.0,0.0,0.0,0.0,0.0,-5.330999999999998,0.0,0.0
PHE  32,R PHE  32,0.0,0.0,0.0,-1.1500000000000004,0.0,0.0,1.1880000000000024,0.0,0.0,0.06999999999999984,0.0,0.0,0.0,0.0,0.0,0.1080000000000112,0.0,0.0
SER  33,R SER  33,0.0,0.0,0.0,-2.1470000000000002,0.0,0.0,3.776999999999994,0.0,0.0,-2.65,0.0,0.0,0.0,0.0,0.0,-1.020000000000013,0.0,0.0
PRO  34,R PRO  34,0.0,0.0,0.0,-2.460000000000001,0.0,0.0,-1.159000000000006,0.0,0.0,0.8740000000000001,0.0,0.0,0.0,0.0,0.0,-2.745000000000015,0.0,0.0
GLU  35,R GLU  35,0.0,0.0,0.0,-0.6180000000000003,0.0,0.0,-15.563999999999993,0.0,0.0,19.108999999999998,0.0,0.0,0.0,0.0,0.0,2.9270000000000067,0.0,0.0
VAL  36,R VAL  36,0.0,0.0,0.0,-0.08400000000000052,0.0,0.0,0.09100000000000108,0.0,0.0,-0.065,0.0,0.0,0.0,0.0,0.0,-0.0579999999999945,0.0,0.0
ILE  37,R ILE  37,0.0,0.0,0.0,-0.04699999999999971,0.0,0.0,-0.3569999999999993,0.0,0.0,0.33199999999999996,0.0,0.0,0.0,0.0,0.0,-0.07199999999999562,0.0,0.0
PRO  38,R PRO  38,0.0,0.0,0.0,-0.02799999999999958,0.0,0.0,-0.01999999999999602,0.0,0.0,0.022999999999999687,0.0,0.0,0.0,0.0,0.0,-0.02500000000000213,0.0,0.0
MET  39,R MET  39,0.0,0.0,0.0,-0.03200000000000003,0.0,0.0,-0.13100000000000023,0.0,0.0,0.1080000000000001,0.0,0.0,0.0,0.0,0.0,-0.055000000000010374,0.0,0.0
PHE  40,R PHE  40,0.0,0.0,0.0,-0.009000000000000341,0.0,0.0,-0.042999999999992156,0.0,0.0,0.05600000000000005,0.0,0.0,0.0,0.0,0.0,0.004000000000007553,0.0,0.0
SER  41,R SER  41,0.0,0.0,0.0,-0.0030000000000001137,0.0,0.0,-0.1460000000000008,0.0,0.0,0.14300000000000068,0.0,0.0,0.0,0.0,0.0,-0.006000000000000227,0.0,0.0
ALA  42,R ALA  42,0.0,0.0,0.0,-0.0019999999999997797,0.0,0.0,0.03999999999999204,0.0,0.0,-0.03600000000000003,0.0,0.0,0.0,0.0,0.0,0.001999999999997115,0.0,0.0
LEU  43,R LEU  43,0.0,0.0,0.0,-0.0039999999999995595,0.0,0.0,0.09799999999999898,0.0,0.0,-0.08499999999999996,0.0,0.0,0.0,0.0,0.0,0.009000000000009223,0.0,0.0
SER  44,R SER  44,0.0,0.0,0.0,-0.0009999999999994458,0.0,0.0,0.1389999999999958,0.0,0.0,-0.13199999999999995,0.0,0.0,0.0,0.0,0.0,0.005999999999991346,0.0,0.0
GLU  45,R GLU  45,0.0,0.0,0.0,-0.0019999999999997797,0.0,0.0,5.117000000000004,0.0,0.0,-5.040000000000006,0.0,0.0,0.0,0.0,0.0,0.07500000000000284,0.0,0.0
GLY  46,R GLY  46,0.0,0.0,0.0,0.0,0.0,0.0,-0.04399999999999693,0.0,0.0,0.04400000000000004,0.0,0.0,0.0,0.0,0.0,3.552713678800501e-15,0.0,0.0
ALA  47,R ALA  47,0.0,0.0,0.0,-0.0009999999999994458,0.0,0.0,0.049000000000006594,0.0,0.0,-0.04800000000000004,0.0,0.0,0.0,0.0,0.0,1.5987211554602254e-14,0.0,0.0
THR  48,R THR  48,0.0,0.0,0.0,0.0,0.0,0.0,-0.028999999999996362,0.0,0.0,0.027000000000000003,0.0,0.0,0.0,0.0,0.0,-0.001999999999996338,0.0,0.0
PRO  49,R PRO  49,0.0,0.0,0.0,0.0,0.0,0.0,-0.022999999999996135,0.0,0.0,0.02199999999999991,0.0,0.0,0.0,0.0,0.0,-0.000999999999995893,0.0,0.0
GLN  50,R GLN  50,0.0,0.0,0.0,0.0,0.0,0.0,-0.0309999999999917,0.0,0.0,0.028999999999999915,0.0,0.0,0.0,0.0,0.0,-0.0019999999999882334,0.0,0.0
ASP  51,R ASP  51,0.0,0.0,0.0,-0.0010000000000012221,0.0,0.0,4.290000000000006,0.0,0.0,-4.213999999999999,0.0,0.0,0.0,0.0,0.0,0.07500000000000284,0.0,0.0
LEU  52,R LEU  52,0.0,0.0,0.0,-0.0009999999999994458,0.0,0.0,-0.09000000000000341,0.0,0.0,0.08599999999999997,0.0,0.0,0.0,0.0,0.0,-0.005000000000002558,0.0,0.0
ASN  53,R ASN  53,0.0,0.0,0.0,0.0,0.0,0.0,-0.03699999999999193,0.0,0.0,0.03400000000000025,0.0,0.0,0.0,0.0,0.0,-0.0030000000000143245,0.0,0.0
THR  54,R THR  54,0.0,0.0,0.0,-0.001000000000000334,0.0,0.0,-0.04600000000000648,0.0,0.0,0.04700000000000015,0.0,0.0,0.0,0.0,0.0,-3.552713678800501e-15,0.0,0.0
MET  55,R MET  55,0.0,0.0,0.0,-0.0019999999999988916,0.0,0.0,-0.09099999999999397,0.0,0.0,0.08700000000000002,0.0,0.0,0.0,0.0,0.0,-0.005999999999988681,0.0,0.0
LEU  56,R LEU  56,0.0,0.0,0.0,-0.0030000000000001137,0.0,0.0,-0.1700000000000017,0.0,0.0,0.1589999999999998,0.0,0.0,0.0,0.0,0.0,-0.014000000000001123,0.0,0.0
ASN  57,R ASN  57,0.0,0.0,0.0,-0.001000000000000334,0.0,0.0,-0.016000000000005343,0.0,0.0,0.019000000000000128,0.0,0.0,0.0,0.0,0.0,0.001999999999995339,0.0,0.0
THR  58,R THR  58,0.0,0.0,0.0,-0.002000000000000224,0.0,0.0,-0.023000000000010346,0.0,0.0,0.03500000000000014,0.0,0.0,0.0,0.0,0.0,0.009999999999987352,0.0,0.0
VAL  59,R VAL  59,0.0,0.0,0.0,-0.004999999999999005,0.0,0.0,-0.10000000000000142,0.0,0.0,0.09100000000000003,0.0,0.0,0.0,0.0,0.0,-0.013999999999995794,0.0,0.0
ALA  60,R ALA  60,0.0,0.0,0.0,-0.0019999999999997797,0.0,0.0,-0.027000000000001023,0.0,0.0,0.02299999999999991,0.0,0.0,0.0,0.0,0.0,-0.005999999999996675,0.0,0.0
PRO  61,R PRO  61,0.0,0.0,0.0,-0.0030000000000001137,0.0,0.0,0.06499999999999773,0.0,0.0,-0.06600000000000006,0.0,0.0,0.0,0.0,0.0,-0.004000000000001336,0.0,0.0
HID  62,R HID  62,0.0,0.0,0.0,-0.01499999999999968,0.0,0.0,0.10500000000000398,0.0,0.0,-0.11100000000000065,0.0,0.0,0.0,0.0,0.0,-0.020999999999997243,0.0,0.0
GLN  63,R GLN  63,0.0,0.0,0.0,-0.004999999999999893,0.0,0.0,0.11400000000000432,0.0,0.0,-0.11299999999999955,0.0,0.0,0.0,0.0,0.0,-0.003999999999990678,0.0,0.0
ALA  64,R ALA  64,0.0,0.0,0.0,-0.01100000000000012,0.0,0.0,0.3469999999999942,0.0,0.0,-0.33000000000000007,0.0,0.0,0.0,0.0,0.0,0.005999999999998451,0.0,0.0
ALA  65,R ALA  65,0.0,0.0,0.0,-0.01499999999999968,0.0,0.0,0.3960000000000008,0.0,0.0,-0.373,0.0,0.0,0.0,0.0,0.0,0.008000000000000007,0.0,0.0
ALA  66,R ALA  66,0.0,0.0,0.0,-0.004000000000000448,0.0,0.0,0.13799999999999102,0.0,0.0,-0.133,0.0,0.0,0.0,0.0,0.0,0.000999999999986123,0.0,0.0
GLN  67,R GLN  67,0.0,0.0,0.0,-0.004999999999999893,0.0,0.0,0.03499999999999659,0.0,0.0,-0.030999999999998806,0.0,0.0,0.0,0.0,0.0,-0.0010000000000047748,0.0,0.0
MET  68,R MET  68,0.0,0.0,0.0,-0.017999999999998906,0.0,0.0,0.24600000000000932,0.0,0.0,-0.2330000000000001,0.0,0.0,0.0,0.0,0.0,-0.0049999999999919,0.0,0.0
LEU  69,R LEU  69,0.0,0.0,0.0,-0.009000000000000341,0.0,0.0,0.277000000000001,0.0,0.0,-0.264,0.0,0.0,0.0,0.0,0.0,0.0039999999999995595,0.0,0.0
LYS  70,R LYS  70,0.0,0.0,0.0,-0.0030000000000001137,0.0,0.0,-4.405000000000001,0.0,0.0,4.322,0.0,0.0,0.0,0.0,0.0,-0.08600000000000119,0.0,0.0
GLU  71,R GLU  71,0.0,0.0,0.0,-0.0030000000000001137,0.0,0.0,5.076999999999998,0.0,0.0,-5.001999999999995,0.0,0.0,0.0,0.0,0.0,0.07200000000000273,0.0,0.0
THR  72,R THR  72,0.0,0.0,0.0,-0.004999999999999893,0.0,0.0,0.22300000000000608,0.0,0.0,-0.21700000000000008,0.0,0.0,0.0,0.0,0.0,0.0010000000000118803,0.0,0.0
ILE  73,R ILE  73,0.0,0.0,0.0,-0.0019999999999988916,0.0,0.0,0.08299999999999841,0.0,0.0,-0.0820000000000003,0.0,0.0,0.0,0.0,0.0,-0.000999999999995893,0.0,0.0
ASN  74,R ASN  74,0.0,0.0,0.0,-0.001000000000000334,0.0,0.0,-0.012000000000000455,0.0,0.0,0.011000000000001009,0.0,0.0,0.0,0.0,0.0,-0.0020000000000095497,0.0,0.0
GLU  75,R GLU  75,0.0,0.0,0.0,-0.0009999999999994458,0.0,0.0,5.646000000000001,0.0,0.0,-5.566999999999993,0.0,0.0,0.0,0.0,0.0,0.07800000000001006,0.0,0.0
GLU  76,R GLU  76,0.0,0.0,0.0,-0.002000000000000668,0.0,0.0,6.481999999999999,0.0,0.0,-6.391000000000005,0.0,0.0,0.0,0.0,0.0,0.08899999999998442,0.0,0.0
ALA  77,R ALA  77,0.0,0.0,0.0,0.0,0.0,0.0,-0.027000000000001023,0.0,0.0,0.02499999999999991,0.0,0.0,0.0,0.0,0.0,-0.002000000000001112,0.0,0.0
ALA  78,R ALA  78,0.0,0.0,0.0,-0.0009999999999994458,0.0,0.0,-0.06099999999999284,0.0,0.0,0.05900000000000005,0.0,0.0,0.0,0.0,0.0,-0.0029999999999832383,0.0,0.0
GLU  79,R GLU  79,0.0,0.0,0.0,-0.001000000000000334,0.0,0.0,5.825000000000003,0.0,0.0,-5.742999999999995,0.0,0.0,0.0,0.0,0.0,0.08100000000001728,0.0,0.0
TRP  80,R TRP  80,0.0,0.0,0.0,-0.0009999999999976694,0.0,0.0,0.01100000000000989,0.0,0.0,-0.010999999999999996,0.0,0.0,0.0,0.0,0.0,-0.000999999999995893,0.0,0.0
ASP  81,R ASP  81,0.0,0.0,0.0,0.0,0.0,0.0,4.763000000000005,0.0,0.0,-4.709000000000003,0.0,0.0,0.0,0.0,0.0,0.054000000000002046,0.0,0.0
ARG  82,R ARG  82,0.0,0.0,0.0,-0.0009999999999994458,0.0,0.0,-5.725,0.0,0.0,5.647000000000002,0.0,0.0,0.0,0.0,0.0,-0.07899999999997931,0.0,0.0
LEU  83,R LEU  83,0.0,0.0,0.0,0.0,0.0,0.0,-0.05299999999999727,0.0,0.0,0.052999999999999936,0.0,0.0,0.0,0.0,0.0,0.0,0.0,0.0
HID  84,R HID  84,0.0,0.0,0.0,0.0,0.0,0.0,-0.000999999999990564,0.0,0.0,0.0009999999999994458,0.0,0.0,0.0,0.0,0.0,1.0658141036401503e-14,0.0,0.0
PRO  85,R PRO  85,0.0,0.0,0.0,0.0,0.0,0.0,0.015999999999998238,0.0,0.0,-0.01499999999999968,0.0,0.0,0.0,0.0,0.0,0.0009999999999976694,0.0,0.0
VAL  86,R VAL  86,0.0,0.0,0.0,-0.0009999999999998899,0.0,0.0,0.018000000000000682,0.0,0.0,-0.019999999999999574,0.0,0.0,0.0,0.0,0.0,-0.0030000000000036664,0.0,0.0
HID  87,R HID  87,0.0,0.0,0.0,0.0,0.0,0.0,-0.0020000000000024443,0.0,0.0,0.004000000000000448,0.0,0.0,0.0,0.0,0.0,0.0019999999999988916,0.0,0.0
ALA  88,R ALA  88,0.0,0.0,0.0,0.0,0.0,0.0,0.015999999999991132,0.0,0.0,-0.016000000000000014,0.0,0.0,0.0,0.0,0.0,-8.881784197001252e-15,0.0,0.0
GLY  89,R GLY  89,0.0,0.0,0.0,0.0,0.0,0.0,0.030000000000001137,0.0,0.0,-0.028999999999999915,0.0,0.0,0.0,0.0,0.0,0.0010000000000012221,0.0,0.0
PRO  90,R PRO  90,0.0,0.0,0.0,0.0,0.0,0.0,0.0379999999999967,0.0,0.0,-0.038000000000000256,0.0,0.0,0.0,0.0,0.0,-3.552713678800501e-15,0.0,0.0
ILE  91,R ILE  91,0.0,0.0,0.0,0.0,0.0,0.0,-0.02599999999999625,0.0,0.0,0.02400000000000002,0.0,0.0,0.0,0.0,0.0,-0.001999999999995339,0.0,0.0
ALA  92,R ALA  92,0.0,0.0,0.0,0.0,0.0,0.0,-0.0309999999999917,0.0,0.0,0.03200000000000003,0.0,0.0,0.0,0.0,0.0,0.0010000000000083276,0.0,0.0
PRO  93,R PRO  93,0.0,0.0,0.0,0.0,0.0,0.0,-0.02200000000000557,0.0,0.0,0.022999999999999687,0.0,0.0,0.0,0.0,0.0,0.0009999999999941167,0.0,0.0
GLY  94,R GLY  94,0.0,0.0,0.0,0.0,0.0,0.0,-0.031999999999996476,0.0,0.0,0.030999999999999694,0.0,0.0,0.0,0.0,0.0,-0.0009999999999967812,0.0,0.0
GLN  95,R GLN  95,0.0,0.0,0.0,0.0,0.0,0.0,0.03300000000000125,0.0,0.0,-0.02999999999999936,0.0,0.0,0.0,0.0,0.0,0.0030000000000001137,0.0,0.0
MET  96,R MET  96,0.0,0.0,0.0,0.0,0.0,0.0,-0.027000000000001023,0.0,0.0,0.02799999999999958,0.0,0.0,0.0,0.0,0.0,0.0009999999999976694,0.0,0.0
ARG  97,R ARG  97,0.0,0.0,0.0,0.0,0.0,0.0,-4.242000000000001,0.0,0.0,4.1690000000000005,0.0,0.0,0.0,0.0,0.0,-0.0730000000000075,0.0,0.0
GLU  98,R GLU  98,0.0,0.0,0.0,0.0,0.0,0.0,4.324000000000005,0.0,0.0,-4.266999999999996,0.0,0.0,0.0,0.0,0.0,0.057000000000009265,0.0,0.0
PRO  99,R PRO  99,0.0,0.0,0.0,0.0,0.0,0.0,0.021000000000000796,0.0,0.0,-0.02400000000000002,0.0,0.0,0.0,0.0,0.0,-0.0030000000000001137,0.0,0.0
ARG 100,R ARG 100,0.0,0.0,0.0,0.0,0.0,0.0,-4.602,0.0,0.0,4.550000000000004,0.0,0.0,0.0,0.0,0.0,-0.05200000000002092,0.0,0.0
GLY 101,R GLY 101,0.0,0.0,0.0,0.0,0.0,0.0,-0.0049999999999954525,0.0,0.0,0.006999999999999673,0.0,0.0,0.0,0.0,0.0,0.002000000000005997,0.0,0.0
SER 102,R SER 102,0.0,0.0,0.0,0.0,0.0,0.0,0.006000000000000227,0.0,0.0,-0.0040000000000000036,0.0,0.0,0.0,0.0,0.0,0.002000000000000668,0.0,0.0
ASP 103,R ASP 103,0.0,0.0,0.0,0.0,0.0,0.0,4.420000000000002,0.0,0.0,-4.351999999999997,0.0,0.0,0.0,0.0,0.0,0.06800000000000495,0.0,0.0
ILE 104,R ILE 104,0.0,0.0,0.0,0.0,0.0,0.0,-0.03399999999999892,0.0,0.0,0.03600000000000003,0.0,0.0,0.0,0.0,0.0,0.002000000000000668,0.0,0.0
ALA 105,R ALA 105,0.0,0.0,0.0,0.0,0.0,0.0,-0.022999999999996135,0.0,0.0,0.025999999999999912,0.0,0.0,0.0,0.0,0.0,0.0030000000000036664,0.0,0.0
GLY 106,R GLY 106,0.0,0.0,0.0,0.0,0.0,0.0,-0.013999999999995794,0.0,0.0,0.015000000000000124,0.0,0.0,0.0,0.0,0.0,0.0010000000000043308,0.0,0.0
THR 107,R THR 107,0.0,0.0,0.0,-0.001000000000000334,0.0,0.0,0.0,0.0,0.0,0.0,0.0,0.0,0.0,0.0,0.0,-0.0010000000000047748,0.0,0.0
THR 108,R THR 108,0.0,0.0,0.0,0.0,0.0,0.0,-0.007000000000005002,0.0,0.0,0.007000000000000117,0.0,0.0,0.0,0.0,0.0,-7.105427357601002e-15,0.0,0.0
SER 109,R SER 109,0.0,0.0,0.0,0.0,0.0,0.0,-0.009000000000000341,0.0,0.0,0.010000000000000009,0.0,0.0,0.0,0.0,0.0,0.0009999999999998899,0.0,0.0
THR 110,R THR 110,0.0,0.0,0.0,-0.0009999999999994458,0.0,0.0,0.01899999999999835,0.0,0.0,-0.018999999999999906,0.0,0.0,0.0,0.0,0.0,-0.0009999999999994458,0.0,0.0
LEU 111,R LEU 111,0.0,0.0,0.0,0.0,0.0,0.0,0.016000000000005343,0.0,0.0,-0.016999999999999904,0.0,0.0,0.0,0.0,0.0,-0.000999999999995893,0.0,0.0
GLN 112,R GLN 112,0.0,0.0,0.0,0.0,0.0,0.0,0.0040000000000048885,0.0,0.0,-0.0030000000000001137,0.0,0.0,0.0,0.0,0.0,0.0010000000000047748,0.0,0.0
GLU 113,R GLU 113,0.0,0.0,0.0,0.0,0.0,0.0,4.2250000000000085,0.0,0.0,-4.136000000000003,0.0,0.0,0.0,0.0,0.0,0.08900000000000574,0.0,0.0
GLN 114,R GLN 114,0.0,0.0,0.0,-0.0010000000000012221,0.0,0.0,0.021000000000000796,0.0,0.0,-0.02100000000000002,0.0,0.0,0.0,0.0,0.0,-0.0010000000000047748,0.0,0.0
ILE 115,R ILE 115,0.0,0.0,0.0,0.0,0.0,0.0,0.016999999999995907,0.0,0.0,-0.018000000000000016,0.0,0.0,0.0,0.0,0.0,-0.0010000000000038867,0.0,0.0
GLY 116,R GLY 116,0.0,0.0,0.0,0.0,0.0,0.0,0.007000000000005002,0.0,0.0,-0.007000000000000117,0.0,0.0,0.0,0.0,0.0,4.884981308350689e-15,0.0,0.0
TRP 117,R TRP 117,0.0,0.0,0.0,0.0,0.0,0.0,0.019000000000005457,0.0,0.0,-0.017999999999999905,0.0,0.0,0.0,0.0,0.0,0.0010000000000047748,0.0,0.0
MET 118,R MET 118,0.0,0.0,0.0,0.0,0.0,0.0,0.009000000000000341,0.0,0.0,-0.008999999999999897,0.0,0.0,0.0,0.0,0.0,0.0,0.0,0.0
THR 119,R THR 119,0.0,0.0,0.0,0.0,0.0,0.0,-0.03999999999999915,0.0,0.0,0.041999999999999815,0.0,0.0,0.0,0.0,0.0,0.0019999999999988916,0.0,0.0
HID 120,R HID 120,0.0,0.0,0.0,0.0,0.0,0.0,-0.0040000000000048885,0.0,0.0,0.004999999999999893,0.0,0.0,0.0,0.0,0.0,0.0009999999999976694,0.0,0.0
ASN 121,R ASN 121,0.0,0.0,0.0,-0.001000000000000334,0.0,0.0,0.006999999999990791,0.0,0.0,-0.007999999999999119,0.0,0.0,0.0,0.0,0.0,-0.002000000000016655,0.0,0.0
PRO 122,R PRO 122,0.0,0.0,0.0,-0.0009999999999998899,0.0,0.0,-0.03300000000000125,0.0,0.0,0.03400000000000025,0.0,0.0,0.0,0.0,0.0,-7.105427357601002e-15,0.0,0.0
PRO 123,R PRO 123,0.0,0.0,0.0,0.0,0.0,0.0,0.02499999999999858,0.0,0.0,-0.028000000000000025,0.0,0.0,0.0,0.0,0.0,-0.00300000000000189,0.0,0.0
ILE 124,R ILE 124,0.0,0.0,0.0,0.0,0.0,0.0,-0.03300000000000125,0.0,0.0,0.03400000000000003,0.0,0.0,0.0,0.0,0.0,0.0009999999999976694,0.0,0.0
PRO 125,R PRO 125,0.0,0.0,0.0,0.0,0.0,0.0,0.03100000000000591,0.0,0.0,-0.03299999999999992,0.0,0.0,0.0,0.0,0.0,-0.001999999999995339,0.0,0.0
VAL 126,R VAL 126,0.0,0.0,0.0,-0.0009999999999994458,0.0,0.0,0.04899999999999949,0.0,0.0,-0.04999999999999999,0.0,0.0,0.0,0.0,0.0,-0.001999999999997115,0.0,0.0
GLY 127,R GLY 127,0.0,0.0,0.0,-0.0009999999999994458,0.0,0.0,0.015000000000000568,0.0,0.0,-0.017,0.0,0.0,0.0,0.0,0.0,-0.0029999999999903437,0.0,0.0
GLU 128,R GLU 128,0.0,0.0,0.0,-0.001000000000000334,0.0,0.0,5.269999999999996,0.0,0.0,-5.200000000000003,0.0,0.0,0.0,0.0,0.0,0.0689999999999884,0.0,0.0
ILE 129,R ILE 129,0.0,0.0,0.0,0.0,0.0,0.0,0.09000000000000341,0.0,0.0,-0.08899999999999997,0.0,0.0,0.0,0.0,0.0,0.0010000000000029985,0.0,0.0
TYR 130,R TYR 130,0.0,0.0,0.0,-0.0009999999999994458,0.0,0.0,0.06100000000000705,0.0,0.0,-0.063,0.0,0.0,0.0,0.0,0.0,-0.0029999999999841265,0.0,0.0
LYS 131,R LYS 131,0.0,0.0,0.0,-0.0019999999999988916,0.0,0.0,-5.11099999999999,0.0,0.0,5.046000000000003,0.0,0.0,0.0,0.0,0.0,-0.06699999999999662,0.0,0.0
ARG 132,R ARG 132,0.0,0.0,0.0,-0.0030000000000001137,0.0,0.0,-6.588000000000001,0.0,0.0,6.4990000000000006,0.0,0.0,0.0,0.0,0.0,-0.09199999999998454,0.0,0.0
TRP 133,R TRP 133,0.0,0.0,0.0,-0.0019999999999988916,0.0,0.0,0.058000000000006935,0.0,0.0,-0.052999999999999936,0.0,0.0,0.0,0.0,0.0,0.003000000000010772,0.0,0.0
ILE 134,R ILE 134,0.0,0.0,0.0,-0.005000000000000782,0.0,0.0,0.06700000000000728,0.0,0.0,-0.06499999999999999,0.0,0.0,0.0,0.0,0.0,-0.0029999999999885674,0.0,0.0
ILE 135,R ILE 135,0.0,0.0,0.0,-0.009000000000000341,0.0,0.0,-0.030999999999998806,0.0,0.0,0.03400000000000003,0.0,0.0,0.0,0.0,0.0,-0.006000000000014438,0.0,0.0
LEU 136,R LEU 136,0.0,0.0,0.0,-0.009999999999999787,0.0,0.0,0.16500000000000625,0.0,0.0,-0.15400000000000003,0.0,0.0,0.0,0.0,0.0,0.0010000000000012221,0.0,0.0
GLY 137,R GLY 137,0.0,0.0,0.0,-0.007000000000000561,0.0,0.0,0.13700000000000045,0.0,0.0,-0.123,0.0,0.0,0.0,0.0,0.0,0.007000000000009443,0.0,0.0
LEU 138,R LEU 138,0.0,0.0,0.0,-0.03300000000000125,0.0,0.0,0.009000000000000341,0.0,0.0,0.05,0.0,0.0,0.0,0.0,0.0,0.025999999999998025,0.0,0.0
ASN 139,R ASN 139,0.0,0.0,0.0,-0.06700000000000017,0.0,0.0,1.0910000000000082,0.0,0.0,-0.9639999999999995,0.0,0.0,0.0,0.0,0.0,0.060000000000002274,0.0,0.0
LYS 140,R LYS 140,0.0,0.0,0.0,-0.045999999999999375,0.0,0.0,-7.143999999999991,0.0,0.0,7.052,0.0,0.0,0.0,0.0,0.0,-0.1379999999999839,0.0,0.0
ILE 141,R ILE 141,0.0,0.0,0.0,-0.10699999999999932,0.0,0.0,-0.45699999999999363,0.0,0.0,0.44399999999999995,0.0,0.0,0.0,0.0,0.0,-0.119999999999993,0.0,0.0
VAL 142,R VAL 142,0.0,0.0,0.0,-1.4940000000000007,0.0,0.0,-0.7569999999999979,0.0,0.0,1.394,0.0,0.0,0.0,0.0,0.0,-0.8569999999999978,0.0,0.0
ARG 143,R ARG 143,0.0,0.0,0.0,-1.7260000000000009,0.0,0.0,-41.418,0.0,0.0,35.251000000000005,0.0,0.0,0.0,0.0,0.0,-7.893000000000001,0.0,0.0
MET 144,R MET 144,0.0,0.0,0.0,-0.1509999999999998,0.0,0.0,0.26400000000001,0.0,0.0,-0.2560000000000002,0.0,0.0,0.0,0.0,0.0,-0.14300000000000068,0.0,0.0
TYR 145,R TYR 145,0.0,0.0,0.0,-1.3789999999999996,0.0,0.0,-1.0030000000000001,0.0,0.0,1.3539999999999992,0.0,0.0,0.0,0.0,0.0,-1.0280000000000058,0.0,0.0
SER 146,R SER 146,0.0,0.0,0.0,-1.976,0.0,0.0,-1.9750000000000014,0.0,0.0,3.6630000000000003,0.0,0.0,0.0,0.0,0.0,-0.28800000000000114,0.0,0.0
PRO 147,R PRO 147,0.0,0.0,0.0,-0.3620000000000001,0.0,0.0,1.7379999999999995,0.0,0.0,-1.7800000000000002,0.0,0.0,0.0,0.0,0.0,-0.4040000000000106,0.0,0.0
THR 148,R THR 148,0.0,0.0,0.0,-2.4549999999999996,0.0,0.0,2.0930000000000035,0.0,0.0,-0.2699999999999996,0.0,0.0,0.0,0.0,0.0,-0.6320000000000014,0.0,0.0
SER 149,R SER 149,0.0,0.0,0.0,-3.0180000000000002,0.0,0.0,-6.070999999999998,0.0,0.0,8.177,0.0,0.0,0.0,0.0,0.0,-0.9119999999999981,0.0,0.0
ILE 150,R ILE 150,19.915999999999997,0.0,0.0,-8.89,0.0,0.0,-28.469,0.0,0.0,8.553,0.0,0.0,0.0,0.0,0.0,-8.889999999999997,0.0,0.0
LEU 151,L LEU   1,20.061,0.0,0.0,-2.1330000000000005,0.0,0.0,-23.384000000000007,0.0,0.0,0.4969999999999999,0.0,0.0,0.0,0.0,0.0,-4.95900000000001,0.0,0.0
ASP 152,L ASP   2,0.0,0.0,0.0,-1.8449999999999998,0.0,0.0,5.954000000000008,0.0,0.0,-5.839000000000006,0.0,0.0,0.0,0.0,0.0,-1.730000000000004,0.0,0.0
ILE 153,L ILE   3,0.0,0.0,0.0,-3.311,0.0,0.0,-0.7259999999999991,0.0,0.0,0.08999999999999986,0.0,0.0,0.0,0.0,0.0,-3.946999999999992,0.0,0.0
ARG 154,L ARG   4,0.0,0.0,0.0,-0.19500000000000028,0.0,0.0,-7.9510000000000005,0.0,0.0,7.698999999999999,0.0,0.0,0.0,0.0,0.0,-0.4469999999999743,0.0,0.0
GLN 155,L GLN   5,0.0,0.0,0.0,-0.019999999999999574,0.0,0.0,-0.08400000000000318,0.0,0.0,0.09400000000000008,0.0,0.0,0.0,0.0,0.0,-0.010000000000005116,0.0,0.0
GLY 156,L GLY   6,0.0,0.0,0.0,-0.006000000000000227,0.0,0.0,0.0010000000000047748,0.0,0.0,0.01499999999999968,0.0,0.0,0.0,0.0,0.0,0.010000000000004228,0.0,0.0
PRO 157,L PRO   7,0.0,0.0,0.0,-0.0040000000000000036,0.0,0.0,-0.020000000000003126,0.0,0.0,0.023999999999999133,0.0,0.0,0.0,0.0,0.0,7.105427357601002e-15,0.0,0.0
LYS 158,L LYS   8,0.0,0.0,0.0,-0.0040000000000000036,0.0,0.0,-7.853000000000009,0.0,0.0,7.847999999999999,0.0,0.0,0.0,0.0,0.0,-0.009000000000000341,0.0,0.0
GLU 159,L GLU   9,0.0,0.0,0.0,-0.017999999999998906,0.0,0.0,8.36,0.0,0.0,-8.259999999999998,0.0,0.0,0.0,0.0,0.0,0.08200000000000074,0.0,0.0
PRO 160,L PRO  10,0.0,0.0,0.0,-0.006000000000000227,0.0,0.0,0.09600000000000364,0.0,0.0,-0.08500000000000002,0.0,0.0,0.0,0.0,0.0,0.005000000000002558,0.0,0.0
PHE 161,L PHE  11,0.0,0.0,0.0,-0.012000000000000455,0.0,0.0,0.125,0.0,0.0,-0.11199999999999999,0.0,0.0,0.0,0.0,0.0,0.0009999999999994458,0.0,0.0
ARG 162,L ARG  12,0.0,0.0,0.0,-0.01499999999999968,0.0,0.0,-9.03,0.0,0.0,9.012999999999998,0.0,0.0,0.0,0.0,0.0,-0.03200000000001069,0.0,0.0
ASP 163,L ASP  13,0.0,0.0,0.0,-0.02400000000000002,0.0,0.0,9.019999999999996,0.0,0.0,-9.036999999999992,0.0,0.0,0.0,0.0,0.0,-0.04099999999999682,0.0,0.0
TYR 164,L TYR  14,0.0,0.0,0.0,-0.09299999999999997,0.0,0.0,0.18000000000000682,0.0,0.0,-0.013000000000000123,0.0,0.0,0.0,0.0,0.0,0.07400000000000517,0.0,0.0
VAL 165,L VAL  15,0.0,0.0,0.0,-0.03999999999999915,0.0,0.0,0.029000000000003467,0.0,0.0,0.01200000000000001,0.0,0.0,0.0,0.0,0.0,0.0010000000000047748,0.0,0.0
ASP 166,L ASP  16,0.0,0.0,0.0,-0.12700000000000067,0.0,0.0,11.278999999999996,0.0,0.0,-11.366,0.0,0.0,0.0,0.0,0.0,-0.21400000000001285,0.0,0.0
ARG 167,L ARG  17,0.0,0.0,0.0,-0.5769999999999991,0.0,0.0,-9.502,0.0,0.0,9.379999999999999,0.0,0.0,0.0,0.0,0.0,-0.6990000000000123,0.0,0.0
PHE 168,L PHE  18,0.0,0.0,0.0,-1.3629999999999995,0.0,0.0,-0.9069999999999965,0.0,0.0,0.5760000000000001,0.0,0.0,0.0,0.0,0.0,-1.693999999999996,0.0,0.0
TYR 169,L TYR  19,0.0,0.0,0.0,-0.17700000000000138,0.0,0.0,-0.30800000000000693,0.0,0.0,0.34299999999999997,0.0,0.0,0.0,0.0,0.0,-0.14200000000001367,0.0,0.0
LYS 170,L LYS  20,0.0,0.0,0.0,-1.556,0.0,0.0,-12.159999999999997,0.0,0.0,13.08,0.0,0.0,0.0,0.0,0.0,-0.6360000000000081,0.0,0.0
THR 171,L THR  21,0.0,0.0,0.0,-2.5360000000000005,0.0,0.0,-4.088000000000001,0.0,0.0,2.446,0.0,0.0,0.0,0.0,0.0,-4.178000000000004,0.0,0.0
LEU 172,L LEU  22,0.0,0.0,0.0,-1.107000000000001,0.0,0.0,-0.6380000000000052,0.0,0.0,0.547,0.0,0.0,0.0,0.0,0.0,-1.198000000000004,0.0,0.0
ARG 173,L ARG  23,0.0,0.0,0.0,-3.9590000000000005,0.0,0.0,-42.092000000000006,0.0,0.0,42.894,0.0,0.0,0.0,0.0,0.0,-3.1570000000000107,0.0,0.0
ALA 174,L ALA  24,0.0,0.0,0.0,-3.817,0.0,0.0,-1.4770000000000039,0.0,0.0,5.0169999999999995,0.0,0.0,0.0,0.0,0.0,-0.276999999999997,0.0,0.0
GLU 175,L GLU  25,0.0,0.0,0.0,-1.92,0.0,0.0,-25.855999999999995,0.0,0.0,29.820999999999998,0.0,0.0,0.0,0.0,0.0,2.0450000000000017,0.0,0.0
GLN 176,L GLN  26,0.0,0.0,0.0,-2.217999999999999,0.0,0.0,-6.3359999999999985,0.0,0.0,5.957000000000001,0.0,0.0,0.0,0.0,0.0,-2.596999999999994,0.0,0.0
ALA 177,L ALA  27,0.0,0.0,0.0,-0.1429999999999998,0.0,0.0,1.3200000000000074,0.0,0.0,-1.2129999999999996,0.0,0.0,0.0,0.0,0.0,-0.03599999999999248,0.0,0.0
SER 178,L SER  28,0.0,0.0,0.0,-0.03500000000000014,0.0,0.0,-0.012999999999998124,0.0,0.0,0.010999999999999233,0.0,0.0,0.0,0.0,0.0,-0.03699999999999548,0.0,0.0
GLN 179,L GLN  29,0.0,0.0,0.0,-0.06000000000000005,0.0,0.0,-0.4890000000000043,0.0,0.0,0.4939999999999998,0.0,0.0,0.0,0.0,0.0,-0.05500000000000682,0.0,0.0
GLU 180,L GLU  30,0.0,0.0,0.0,-0.012000000000000455,0.0,0.0,7.1769999999999925,0.0,0.0,-7.099999999999994,0.0,0.0,0.0,0.0,0.0,0.06499999999999773,0.0,0.0
VAL 181,L VAL  31,0.0,0.0,0.0,-0.04800000000000004,0.0,0.0,-0.07500000000000284,0.0,0.0,0.11499999999999977,0.0,0.0,0.0,0.0,0.0,-0.008000000000004892,0.0,0.0
LYS 182,L LYS  32,0.0,0.0,0.0,-0.12100000000000044,0.0,0.0,-13.460999999999999,0.0,0.0,13.334,0.0,0.0,0.0,0.0,0.0,-0.2480000000000082,0.0,0.0
ASN 183,L ASN  33,0.0,0.0,0.0,-0.013999999999999346,0.0,0.0,0.3439999999999941,0.0,0.0,-0.3130000000000006,0.0,0.0,0.0,0.0,0.0,0.016999999999995907,0.0,0.0
TRP 184,L TRP  34,0.0,0.0,0.0,-0.036000000000001364,0.0,0.0,0.07699999999999818,0.0,0.0,-0.0600000000000005,0.0,0.0,0.0,0.0,0.0,-0.01900000000000368,0.0,0.0
MET 185,L MET  35,0.0,0.0,0.0,-0.673,0.0,0.0,0.05700000000000216,0.0,0.0,0.23900000000000005,0.0,0.0,0.0,0.0,0.0,-0.37699999999999956,0.0,0.0
THR 186,L THR  36,0.0,0.0,0.0,-0.03000000000000025,0.0,0.0,0.036000000000001364,0.0,0.0,0.01100000000000001,0.0,0.0,0.0,0.0,0.0,0.017000000000006565,0.0,0.0
GLU 187,L GLU  37,0.0,0.0,0.0,-0.008000000000000007,0.0,0.0,6.732999999999997,0.0,0.0,-6.716000000000008,0.0,0.0,0.0,0.0,0.0,0.008999999999993236,0.0,0.0
THR 188,L THR  38,0.0,0.0,0.0,-0.016000000000000014,0.0,0.0,0.021000000000000796,0.0,0.0,-0.025000000000000022,0.0,0.0,0.0,0.0,0.0,-0.020000000000004903,0.0,0.0
LEU 189,L LEU  39,0.0,0.0,0.0,-0.7580000000000009,0.0,0.0,0.01999999999999602,0.0,0.0,-0.16100000000000003,0.0,0.0,0.0,0.0,0.0,-0.8990000000000062,0.0,0.0
LEU 190,L LEU  40,0.0,0.0,0.0,-0.0649999999999995,0.0,0.0,0.03999999999999204,0.0,0.0,-0.03299999999999992,0.0,0.0,0.0,0.0,0.0,-0.05800000000000338,0.0,0.0
VAL 191,L VAL  41,0.0,0.0,0.0,-0.009999999999999787,0.0,0.0,0.07099999999999795,0.0,0.0,-0.04499999999999993,0.0,0.0,0.0,0.0,0.0,0.016000000000000014,0.0,0.0
GLN 192,L GLN  42,0.0,0.0,0.0,-0.013999999999999346,0.0,0.0,-0.10699999999999932,0.0,0.0,0.04000000000000001,0.0,0.0,0.0,0.0,0.0,-0.08099999999999596,0.0,0.0
ASN 193,L ASN  43,0.0,0.0,0.0,-0.12099999999999866,0.0,0.0,-0.9789999999999992,0.0,0.0,-0.06699999999999995,0.0,0.0,0.0,0.0,0.0,-1.1670000000000016,0.0,0.0
ALA 194,L ALA  44,0.0,0.0,0.0,-0.006999999999999673,0.0,0.0,-0.01999999999999602,0.0,0.0,0.014000000000000234,0.0,0.0,0.0,0.0,0.0,-0.013000000000000789,0.0,0.0
ASN 195,L ASN  45,0.0,0.0,0.0,-0.004000000000000448,0.0,0.0,0.006000000000000227,0.0,0.0,0.004999999999999893,0.0,0.0,0.0,0.0,0.0,0.006999999999990791,0.0,0.0
PRO 196,L PRO  46,0.0,0.0,0.0,-0.0019999999999997797,0.0,0.0,-0.00999999999999801,0.0,0.0,0.013000000000000012,0.0,0.0,0.0,0.0,0.0,0.0010000000000065512,0.0,0.0
ASP 197,L ASP  47,0.0,0.0,0.0,-0.001000000000000334,0.0,0.0,6.376000000000005,0.0,0.0,-6.321000000000012,0.0,0.0,0.0,0.0,0.0,0.053999999999987836,0.0,0.0
CYX 198,L CYX  48,0.0,0.0,0.0,-0.0019999999999997797,0.0,0.0,-0.04800000000000182,0.0,0.0,0.04499999999999993,0.0,0.0,0.0,0.0,0.0,-0.004999999999999005,0.0,0.0
LYS 199,L LYS  49,0.0,0.0,0.0,-0.004000000000001336,0.0,0.0,-6.795000000000002,0.0,0.0,6.708999999999998,0.0,0.0,0.0,0.0,0.0,-0.08999999999999453,0.0,0.0
THR 200,L THR  50,0.0,0.0,0.0,-0.0009999999999994458,0.0,0.0,-0.05500000000000682,0.0,0.0,0.050999999999999934,0.0,0.0,0.0,0.0,0.0,-0.005000000000013216,0.0,0.0
ILE 201,L ILE  51,0.0,0.0,0.0,-0.0009999999999994458,0.0,0.0,-0.054999999999999716,0.0,0.0,0.049000000000000044,0.0,0.0,0.0,0.0,0.0,-0.007000000000003226,0.0,0.0
LEU 202,L LEU  52,0.0,0.0,0.0,-0.0030000000000001137,0.0,0.0,-0.05200000000000671,0.0,0.0,0.040000000000000036,0.0,0.0,0.0,0.0,0.0,-0.015000000000006786,0.0,0.0
LYS 203,L LYS  53,0.0,0.0,0.0,-0.0019999999999997797,0.0,0.0,-6.025999999999996,0.0,0.0,5.997,0.0,0.0,0.0,0.0,0.0,-0.0309999999999917,0.0,0.0
ALA 204,L ALA  54,0.0,0.0,0.0,0.0,0.0,0.0,-0.054000000000002046,0.0,0.0,0.051000000000000156,0.0,0.0,0.0,0.0,0.0,-0.00300000000000189,0.0,0.0
LEU 205,L LEU  55,0.0,0.0,0.0,-0.001000000000000334,0.0,0.0,-0.06699999999999307,0.0,0.0,0.06199999999999983,0.0,0.0,0.0,0.0,0.0,-0.00599999999998424,0.0,0.0
GLY 206,L GLY  56,0.0,0.0,0.0,-0.0009999999999998899,0.0,0.0,0.07399999999999807,0.0,0.0,-0.0730000000000004,0.0,0.0,0.0,0.0,0.0,-7.105427357601002e-15,0.0,0.0
PRO 207,L PRO  57,0.0,0.0,0.0,-0.002000000000000224,0.0,0.0,0.11699999999999733,0.0,0.0,-0.11399999999999988,0.0,0.0,0.0,0.0,0.0,0.0009999999999887876,0.0,0.0
GLY 208,L GLY  58,0.0,0.0,0.0,-0.0009999999999998899,0.0,0.0,0.08899999999999864,0.0,0.0,-0.08899999999999952,0.0,0.0,0.0,0.0,0.0,-0.0009999999999914522,0.0,0.0
ALA 209,L ALA  59,0.0,0.0,0.0,-0.001000000000000334,0.0,0.0,0.015000000000000568,0.0,0.0,-0.01200000000000001,0.0,0.0,0.0,0.0,0.0,0.001999999999995339,0.0,0.0
THR 210,L THR  60,0.0,0.0,0.0,-0.0019999999999997797,0.0,0.0,-0.06799999999999784,0.0,0.0,0.06999999999999984,0.0,0.0,0.0,0.0,0.0,7.105427357601002e-15,0.0,0.0
LEU 211,L LEU  61,0.0,0.0,0.0,-0.008999999999999453,0.0,0.0,-0.16699999999998738,0.0,0.0,0.17700000000000005,0.0,0.0,0.0,0.0,0.0,0.0010000000000136566,0.0,0.0
GLU 212,L GLU  62,0.0,0.0,0.0,-0.0019999999999997797,0.0,0.0,7.563000000000002,0.0,0.0,-7.585000000000008,0.0,0.0,0.0,0.0,0.0,-0.02400000000001512,0.0,0.0
GLU 213,L GLU  63,0.0,0.0,0.0,-0.001000000000000334,0.0,0.0,6.970000000000006,0.0,0.0,-6.974999999999994,0.0,0.0,0.0,0.0,0.0,-0.005999999999978911,0.0,0.0
MET 214,L MET  64,0.0,0.0,0.0,-0.0039999999999995595,0.0,0.0,-0.1530000000000058,0.0,0.0,0.159,0.0,0.0,0.0,0.0,0.0,0.0020000000000033324,0.0,0.0
MET 215,L MET  65,0.0,0.0,0.0,-0.006000000000000227,0.0,0.0,-0.08499999999999375,0.0,0.0,0.08699999999999997,0.0,0.0,0.0,0.0,0.0,-0.00399999999999423,0.0,0.0
THR 216,L THR  66,0.0,0.0,0.0,-0.0019999999999997797,0.0,0.0,-0.02599999999999625,0.0,0.0,0.02699999999999997,0.0,0.0,0.0,0.0,0.0,-0.0009999999999941167,0.0,0.0
ALA 217,L ALA  67,0.0,0.0,0.0,-0.0009999999999994458,0.0,0.0,-0.057999999999992724,0.0,0.0,0.052999999999999936,0.0,0.0,0.0,0.0,0.0,-0.005999999999983352,0.0,0.0
CYX 218,L CYX  68,0.0,0.0,0.0,-0.002000000000000668,0.0,0.0,-0.028000000000005798,0.0,0.0,0.014000000000000234,0.0,0.0,0.0,0.0,0.0,-0.016000000000000902,0.0,0.0
GLN 219,L GLN  69,0.0,0.0,0.0,-0.0009999999999998899,0.0,0.0,0.13799999999999102,0.0,0.0,-0.09999999999999964,0.0,0.0,0.0,0.0,0.0,0.03699999999999193,0.0,0.0
GLY 220,L GLY  70,0.0,0.0,0.0,-0.0009999999999998899,0.0,0.0,0.11800000000000921,0.0,0.0,-0.11699999999999999,0.0,0.0,0.0,0.0,0.0,4.440892098500626e-15,0.0,0.0
VAL 221,L VAL  71,0.0,0.0,0.0,-0.0019999999999997797,0.0,0.0,7.944000000000003,0.0,0.0,-7.955999999999989,0.0,0.0,0.0,0.0,0.0,-0.013999999999981583,0.0,0.0

