| Run on Thu Jan 29 17:46:07 2026
| GB non-polar solvation energies calculated with gbsa=2
idecomp = 1: Per-residue decomp adding 1-4 interactions to Internal.
Energy Decomposition Analysis (All units kcal/mol): Generalized Born solvent
Complex:
Total Energy Decomposition:
Residue,Internal,,,van der Waals,,,Electrostatic,,,Polar Solvation,,,Non-Polar Solv.,,,TOTAL,,
,Avg.,Std. Dev.,Std. Err. of Mean,Avg.,Std. Dev.,Std. Err. of Mean,Avg.,Std. Dev.,Std. Err. of Mean,Avg.,Std. Dev.,Std. Err. of Mean,Avg.,Std. Dev.,Std. Err. of Mean,Avg.,Std. Dev.,Std. Err. of Mean
PRO   1,98.712,0.0,0.0,-4.514,0.0,0.0,-101.669,0.0,0.0,3.597,0.0,0.0,0.26101094,0.0,0.0,-3.6129890599999896,0.0,0.0
ILE   2,94.448,0.0,0.0,-8.201,0.0,0.0,-69.977,0.0,0.0,-4.062,0.0,0.0,0.11261134000000002,0.0,0.0,12.320611339999981,0.0,0.0
VAL   3,51.789,0.0,0.0,-6.078,0.0,0.0,-52.43,0.0,0.0,-1.625,0.0,0.0,0.40284692,0.0,0.0,-7.941153080000001,0.0,0.0
GLN   4,23.682,0.0,0.0,-5.78,0.0,0.0,-59.098,0.0,0.0,-17.085,0.0,0.0,0.64302338,0.0,0.0,-57.637976619999996,0.0,0.0
ASN   5,28.927,0.0,0.0,-6.274,0.0,0.0,-79.583,0.0,0.0,-11.369,0.0,0.0,0.2989943,0.0,0.0,-68.0000057,0.0,0.0
LEU   6,78.189,0.0,0.0,-3.923,0.0,0.0,-72.095,0.0,0.0,-8.367,0.0,0.0,0.9663589,0.0,0.0,-5.229641100000008,0.0,0.0
GLN   7,37.816,0.0,0.0,-4.513,0.0,0.0,-72.739,0.0,0.0,-13.662,0.0,0.0,0.7029469,0.0,0.0,-52.3950531,0.0,0.0
GLY   8,73.42,0.0,0.0,-3.478,0.0,0.0,-68.288,0.0,0.0,-6.808,0.0,0.0,0.2622738,0.0,0.0,-4.891726199999989,0.0,0.0
GLN   9,39.027,0.0,0.0,-6.121,0.0,0.0,-79.636,0.0,0.0,-11.008,0.0,0.0,0.6299937,0.0,0.0,-57.1080063,0.0,0.0
MET  10,103.701,0.0,0.0,-9.938,0.0,0.0,-78.245,0.0,0.0,-6.225,0.0,0.0,0.19620400000000002,0.0,0.0,9.489203999999987,0.0,0.0
VAL  11,60.642,0.0,0.0,-7.421,0.0,0.0,-58.072,0.0,0.0,-2.274,0.0,0.0,0.32191548000000003,0.0,0.0,-6.803084519999999,0.0,0.0
HID  12,95.826,0.0,0.0,-10.563,0.0,0.0,-62.292,0.0,0.0,-8.679,0.0,0.0,0.27518966000000006,0.0,0.0,14.56718965999999,0.0,0.0
GLN  13,36.539,0.0,0.0,-3.757,0.0,0.0,-79.229,0.0,0.0,-11.088,0.0,0.0,0.58613506,0.0,0.0,-56.94886494,0.0,0.0
ALA  14,95.547,0.0,0.0,-4.377,0.0,0.0,-78.995,0.0,0.0,-3.205,0.0,0.0,0.46423384,0.0,0.0,9.434233839999997,0.0,0.0
ILE  15,92.37,0.0,0.0,-7.888,0.0,0.0,-72.11,0.0,0.0,-4.963,0.0,0.0,0.07714286000000001,0.0,0.0,7.48614286,0.0,0.0
SER  16,66.463,0.0,0.0,-4.594,0.0,0.0,-51.212,0.0,0.0,-6.402,0.0,0.0,0.29643606,0.0,0.0,4.55143605999999,0.0,0.0
PRO  17,92.119,0.0,0.0,-4.806,0.0,0.0,-62.887,0.0,0.0,-2.777,0.0,0.0,0.60130564,0.0,0.0,22.25030564,0.0,0.0
ARG  18,-187.573,0.0,0.0,-6.638,0.0,0.0,68.372,0.0,0.0,-46.783,0.0,0.0,1.1137503800000002,0.0,0.0,-171.50824962000002,0.0,0.0
THR  19,45.289,0.0,0.0,-8.291,0.0,0.0,-53.23,0.0,0.0,-4.364,0.0,0.0,0.16592788000000003,0.0,0.0,-20.43007211999999,0.0,0.0
LEU  20,62.624,0.0,0.0,-8.292,0.0,0.0,-56.816,0.0,0.0,-3.77,0.0,0.0,0.24409512000000003,0.0,0.0,-6.0099048800000014,0.0,0.0
ASN  21,20.35,0.0,0.0,-4.949,0.0,0.0,-71.952,0.0,0.0,-17.357,0.0,0.0,0.61516458,0.0,0.0,-73.29283541999999,0.0,0.0
ALA  22,95.339,0.0,0.0,-5.0,0.0,0.0,-79.869,0.0,0.0,-4.909,0.0,0.0,0.13199868,0.0,0.0,5.692998679999999,0.0,0.0
TRP  23,132.82,0.0,0.0,-17.03,0.0,0.0,-100.352,0.0,0.0,-4.353,0.0,0.0,0.0079132,0.0,0.0,11.09291319999999,0.0,0.0
VAL  24,65.88,0.0,0.0,-6.737,0.0,0.0,-57.042,0.0,0.0,-6.377,0.0,0.0,0.31720008000000005,0.0,0.0,-3.9587999200000077,0.0,0.0
LYS  25,130.729,0.0,0.0,-4.861,0.0,0.0,-103.16,0.0,0.0,-36.025,0.0,0.0,0.9567655,0.0,0.0,-12.360234499999986,0.0,0.0
VAL  26,62.715,0.0,0.0,-9.181,0.0,0.0,-64.767,0.0,0.0,-3.404,0.0,0.0,0.12424808000000001,0.0,0.0,-14.51275191999999,0.0,0.0
VAL  27,38.838,0.0,0.0,-8.505,0.0,0.0,-45.918,0.0,0.0,-2.576,0.0,0.0,0.1089149,0.0,0.0,-18.052085100000003,0.0,0.0
GLU  28,95.609,0.0,0.0,-6.382,0.0,0.0,-40.647,0.0,0.0,-103.244,0.0,0.0,0.64457892,0.0,0.0,-54.01942108000001,0.0,0.0
GLU  29,115.058,0.0,0.0,-6.325,0.0,0.0,-57.825,0.0,0.0,-94.665,0.0,0.0,0.67860568,0.0,0.0,-43.07839432000001,0.0,0.0
LYS  30,120.413,0.0,0.0,-8.497,0.0,0.0,-118.871,0.0,0.0,-7.668,0.0,0.0,0.37616968,0.0,0.0,-14.246830319999997,0.0,0.0
ALA  31,86.638,0.0,0.0,-2.725,0.0,0.0,-80.556,0.0,0.0,-2.359,0.0,0.0,0.24207888000000002,0.0,0.0,1.2400788800000135,0.0,0.0
PHE  32,105.129,0.0,0.0,-8.582,0.0,0.0,-75.335,0.0,0.0,-7.363,0.0,0.0,0.60320806,0.0,0.0,14.452208060000004,0.0,0.0
SER  33,75.681,0.0,0.0,-3.935,0.0,0.0,-61.301,0.0,0.0,-2.424,0.0,0.0,0.08044364000000001,0.0,0.0,8.101443639999994,0.0,0.0
PRO  34,75.82,0.0,0.0,-7.013,0.0,0.0,-60.033,0.0,0.0,0.474,0.0,0.0,0.21877830000000004,0.0,0.0,9.466778299999987,0.0,0.0
GLU  35,107.446,0.0,0.0,-7.727,0.0,0.0,-135.615,0.0,0.0,-16.324,0.0,0.0,0.12328332,0.0,0.0,-52.096716680000014,0.0,0.0
VAL  36,57.375,0.0,0.0,-8.846,0.0,0.0,-58.43,0.0,0.0,0.426,0.0,0.0,0.03297528,0.0,0.0,-9.442024720000003,0.0,0.0
ILE  37,88.82,0.0,0.0,-10.076,0.0,0.0,-60.066,0.0,0.0,-0.33,0.0,0.0,0.14018288,0.0,0.0,18.48818288,0.0,0.0
PRO  38,82.659,0.0,0.0,-6.17,0.0,0.0,-59.419,0.0,0.0,-3.145,0.0,0.0,0.47613616000000003,0.0,0.0,14.401136160000007,0.0,0.0
MET  39,88.676,0.0,0.0,-7.988,0.0,0.0,-73.495,0.0,0.0,-2.859,0.0,0.0,0.33390452000000004,0.0,0.0,4.667904519999998,0.0,0.0
PHE  40,102.572,0.0,0.0,-12.312,0.0,0.0,-84.747,0.0,0.0,-1.888,0.0,0.0,0.0035988800000000005,0.0,0.0,3.6285988800000055,0.0,0.0
SER  41,75.117,0.0,0.0,-5.878,0.0,0.0,-63.859,0.0,0.0,-8.416,0.0,0.0,0.3248477,0.0,0.0,-2.711152299999998,0.0,0.0
ALA  42,81.714,0.0,0.0,-4.034,0.0,0.0,-66.266,0.0,0.0,-5.332,0.0,0.0,0.44281400000000004,0.0,0.0,6.524813999999988,0.0,0.0
LEU  43,77.027,0.0,0.0,-7.501,0.0,0.0,-76.412,0.0,0.0,-3.931,0.0,0.0,0.21870784,0.0,0.0,-10.59829216000001,0.0,0.0
SER  44,70.275,0.0,0.0,-5.207,0.0,0.0,-74.916,0.0,0.0,0.662,0.0,0.0,0.006059560000000001,0.0,0.0,-9.179940439999983,0.0,0.0
GLU  45,113.227,0.0,0.0,-4.688,0.0,0.0,-71.143,0.0,0.0,-80.015,0.0,0.0,0.81956904,0.0,0.0,-41.79943096,0.0,0.0
GLY  46,65.831,0.0,0.0,-3.241,0.0,0.0,-66.909,0.0,0.0,-2.247,0.0,0.0,0.21652900000000003,0.0,0.0,-6.349471000000002,0.0,0.0
ALA  47,99.986,0.0,0.0,-5.445,0.0,0.0,-87.553,0.0,0.0,-2.062,0.0,0.0,0.01416246,0.0,0.0,4.94016246,0.0,0.0
THR  48,60.28,0.0,0.0,-9.492,0.0,0.0,-62.022,0.0,0.0,-1.117,0.0,0.0,0.0,0.0,0.0,-12.351000000000003,0.0,0.0
PRO  49,76.948,0.0,0.0,-11.123,0.0,0.0,-55.844,0.0,0.0,-1.409,0.0,0.0,0.0,0.0,0.0,8.571999999999987,0.0,0.0
GLN  50,32.003,0.0,0.0,-9.817,0.0,0.0,-66.624,0.0,0.0,-12.046,0.0,0.0,0.44555652000000007,0.0,0.0,-56.03844348,0.0,0.0
ASP  51,93.937,0.0,0.0,-9.587,0.0,0.0,-127.71,0.0,0.0,-17.219,0.0,0.0,0.00611376,0.0,0.0,-60.57288624,0.0,0.0
LEU  52,63.065,0.0,0.0,-13.25,0.0,0.0,-68.202,0.0,0.0,-0.399,0.0,0.0,0.0,0.0,0.0,-18.786,0.0,0.0
ASN  53,37.709,0.0,0.0,-9.214,0.0,0.0,-98.683,0.0,0.0,-4.283,0.0,0.0,0.16517450000000003,0.0,0.0,-74.3058255,0.0,0.0
THR  54,51.336,0.0,0.0,-8.678,0.0,0.0,-57.406,0.0,0.0,-3.587,0.0,0.0,0.19295742000000002,0.0,0.0,-18.14204258,0.0,0.0
MET  55,89.286,0.0,0.0,-13.251,0.0,0.0,-67.319,0.0,0.0,-1.445,0.0,0.0,0.00503518,0.0,0.0,7.276035179999994,0.0,0.0
LEU  56,64.994,0.0,0.0,-8.584,0.0,0.0,-69.097,0.0,0.0,-0.43,0.0,0.0,0.06501832,0.0,0.0,-13.051981679999997,0.0,0.0
ASN  57,31.165,0.0,0.0,-6.985,0.0,0.0,-89.677,0.0,0.0,-11.745,0.0,0.0,0.53878594,0.0,0.0,-76.70321406000002,0.0,0.0
THR  58,59.769,0.0,0.0,-7.141,0.0,0.0,-62.738,0.0,0.0,-7.411,0.0,0.0,0.23082696000000003,0.0,0.0,-17.29017304,0.0,0.0
VAL  59,49.805,0.0,0.0,-7.085,0.0,0.0,-44.517,0.0,0.0,-0.731,0.0,0.0,0.031744940000000006,0.0,0.0,-2.496255060000004,0.0,0.0
ALA  60,88.675,0.0,0.0,-4.012,0.0,0.0,-65.512,0.0,0.0,-2.98,0.0,0.0,0.21535828,0.0,0.0,16.386358279999996,0.0,0.0
PRO  61,82.034,0.0,0.0,-3.31,0.0,0.0,-58.517,0.0,0.0,-1.23,0.0,0.0,0.5281519,0.0,0.0,19.5051519,0.0,0.0
HID  62,103.046,0.0,0.0,-7.667,0.0,0.0,-64.078,0.0,0.0,-13.34,0.0,0.0,0.2729241,0.0,0.0,18.233924100000003,0.0,0.0
GLN  63,41.049,0.0,0.0,-4.393,0.0,0.0,-70.896,0.0,0.0,-12.664,0.0,0.0,0.8333521,0.0,0.0,-46.070647900000004,0.0,0.0
ALA  64,86.206,0.0,0.0,-4.984,0.0,0.0,-68.626,0.0,0.0,-2.533,0.0,0.0,0.30838174,0.0,0.0,10.371381740000004,0.0,0.0
ALA  65,90.151,0.0,0.0,-6.813,0.0,0.0,-75.554,0.0,0.0,-1.8,0.0,0.0,0.07068764000000001,0.0,0.0,6.054687639999992,0.0,0.0
ALA  66,94.766,0.0,0.0,-5.691,0.0,0.0,-81.856,0.0,0.0,-1.045,0.0,0.0,0.01510554,0.0,0.0,6.189105540000009,0.0,0.0
GLN  67,42.471,0.0,0.0,-7.158,0.0,0.0,-71.257,0.0,0.0,-17.949,0.0,0.0,0.5973490400000001,0.0,0.0,-53.29565096000002,0.0,0.0
MET  68,90.003,0.0,0.0,-10.559,0.0,0.0,-79.501,0.0,0.0,-1.351,0.0,0.0,0.24205178000000002,0.0,0.0,-1.1659482200000022,0.0,0.0
LEU  69,91.386,0.0,0.0,-11.223,0.0,0.0,-80.426,0.0,0.0,-3.417,0.0,0.0,0.021885960000000003,0.0,0.0,-3.658114040000005,0.0,0.0
LYS  70,131.954,0.0,0.0,-7.912,0.0,0.0,-123.68,0.0,0.0,-14.936,0.0,0.0,0.5101466600000001,0.0,0.0,-14.063853340000005,0.0,0.0
GLU  71,108.734,0.0,0.0,-6.922,0.0,0.0,-73.77,0.0,0.0,-88.422,0.0,0.0,0.53476972,0.0,0.0,-59.845230279999996,0.0,0.0
THR  72,45.532,0.0,0.0,-8.206,0.0,0.0,-56.102,0.0,0.0,-4.982,0.0,0.0,0.03472052,0.0,0.0,-23.723279480000002,0.0,0.0
ILE  73,70.859,0.0,0.0,-10.739,0.0,0.0,-49.469,0.0,0.0,-4.326,0.0,0.0,0.05863898000000001,0.0,0.0,6.38363897999999,0.0,0.0
ASN  74,15.969,0.0,0.0,-7.564,0.0,0.0,-82.755,0.0,0.0,-6.056,0.0,0.0,0.43994140000000004,0.0,0.0,-79.9660586,0.0,0.0
GLU  75,105.337,0.0,0.0,-7.585,0.0,0.0,-46.595,0.0,0.0,-108.239,0.0,0.0,0.6273379000000001,0.0,0.0,-56.45466209999999,0.0,0.0
GLU  76,96.269,0.0,0.0,-10.395,0.0,0.0,-34.836,0.0,0.0,-105.323,0.0,0.0,0.17715812,0.0,0.0,-54.10784187999998,0.0,0.0
ALA  77,85.904,0.0,0.0,-7.216,0.0,0.0,-71.932,0.0,0.0,-2.999,0.0,0.0,0.0621403,0.0,0.0,3.8191403,0.0,0.0
ALA  78,95.724,0.0,0.0,-6.004,0.0,0.0,-86.289,0.0,0.0,0.273,0.0,0.0,0.24931458000000004,0.0,0.0,3.9533145799999976,0.0,0.0
GLU  79,108.181,0.0,0.0,-5.731,0.0,0.0,-63.999,0.0,0.0,-92.457,0.0,0.0,0.3478881200000001,0.0,0.0,-53.65811187999999,0.0,0.0
TRP  80,114.201,0.0,0.0,-15.813,0.0,0.0,-90.905,0.0,0.0,0.227,0.0,0.0,0.21815500000000002,0.0,0.0,7.9281549999999905,0.0,0.0
ASP  81,96.127,0.0,0.0,-8.298,0.0,0.0,-53.926,0.0,0.0,-83.695,0.0,0.0,0.29993196,0.0,0.0,-49.49206804,0.0,0.0
ARG  82,-190.314,0.0,0.0,-5.806,0.0,0.0,-8.941,0.0,0.0,33.455,0.0,0.0,0.9777138,0.0,0.0,-170.6282862,0.0,0.0
LEU  83,69.098,0.0,0.0,-4.963,0.0,0.0,-77.793,0.0,0.0,-3.383,0.0,0.0,0.74008474,0.0,0.0,-16.30091526,0.0,0.0
HID  84,110.151,0.0,0.0,-8.27,0.0,0.0,-73.61,0.0,0.0,-9.873,0.0,0.0,0.34386648000000003,0.0,0.0,18.741866480000002,0.0,0.0
PRO  85,93.078,0.0,0.0,-4.358,0.0,0.0,-60.271,0.0,0.0,-6.512,0.0,0.0,0.49421728000000004,0.0,0.0,22.43121728,0.0,0.0
VAL  86,43.827,0.0,0.0,-4.681,0.0,0.0,-42.317,0.0,0.0,-6.082,0.0,0.0,0.5361193000000001,0.0,0.0,-8.7168807,0.0,0.0
HID  87,85.785,0.0,0.0,-6.404,0.0,0.0,-53.998,0.0,0.0,-13.021,0.0,0.0,0.77327682,0.0,0.0,13.135276820000001,0.0,0.0
ALA  88,95.717,0.0,0.0,-3.657,0.0,0.0,-72.628,0.0,0.0,-10.288,0.0,0.0,0.38858148000000003,0.0,0.0,9.532581480000001,0.0,0.0
GLY  89,91.571,0.0,0.0,-3.119,0.0,0.0,-73.757,0.0,0.0,-7.516,0.0,0.0,0.18942900000000001,0.0,0.0,7.368428999999993,0.0,0.0
PRO  90,80.784,0.0,0.0,-5.323,0.0,0.0,-57.594,0.0,0.0,-6.715,0.0,0.0,0.49827144000000007,0.0,0.0,11.650271440000012,0.0,0.0
ILE  91,80.287,0.0,0.0,-7.5,0.0,0.0,-56.097,0.0,0.0,-6.393,0.0,0.0,0.49047748,0.0,0.0,10.787477480000003,0.0,0.0
ALA  92,101.051,0.0,0.0,-3.574,0.0,0.0,-77.838,0.0,0.0,-2.86,0.0,0.0,0.25423594,0.0,0.0,17.03323594000001,0.0,0.0
PRO  93,86.038,0.0,0.0,-1.95,0.0,0.0,-57.886,0.0,0.0,-6.871,0.0,0.0,0.8200676800000001,0.0,0.0,20.15106767999999,0.0,0.0
GLY  94,71.787,0.0,0.0,-2.027,0.0,0.0,-66.474,0.0,0.0,-7.384,0.0,0.0,0.50165352,0.0,0.0,-3.596346479999999,0.0,0.0
GLN  95,34.957,0.0,0.0,-6.998,0.0,0.0,-75.014,0.0,0.0,-12.183,0.0,0.0,0.44703618,0.0,0.0,-58.790963819999995,0.0,0.0
MET  96,103.305,0.0,0.0,-9.031,0.0,0.0,-79.637,0.0,0.0,-4.173,0.0,0.0,0.1033865,0.0,0.0,10.5673865,0.0,0.0
ARG  97,-195.238,0.0,0.0,-6.504,0.0,0.0,-9.261,0.0,0.0,28.366,0.0,0.0,0.38301514000000003,0.0,0.0,-182.25398486,0.0,0.0
GLU  98,118.574,0.0,0.0,-7.481,0.0,0.0,-93.471,0.0,0.0,-58.478,0.0,0.0,0.15826400000000002,0.0,0.0,-40.697736,0.0,0.0
PRO  99,94.693,0.0,0.0,-9.809,0.0,0.0,-63.983,0.0,0.0,-3.15,0.0,0.0,0.03649828,0.0,0.0,17.787498280000005,0.0,0.0
ARG 100,-186.498,0.0,0.0,-6.654,0.0,0.0,-34.787,0.0,0.0,46.096,0.0,0.0,0.27755278000000005,0.0,0.0,-181.56544721999998,0.0,0.0
GLY 101,78.422,0.0,0.0,-6.089,0.0,0.0,-88.233,0.0,0.0,2.787,0.0,0.0,0.0,0.0,0.0,-13.113000000000007,0.0,0.0
SER 102,68.906,0.0,0.0,-3.846,0.0,0.0,-67.98,0.0,0.0,-2.142,0.0,0.0,0.15933716,0.0,0.0,-4.902662840000001,0.0,0.0
ASP 103,93.209,0.0,0.0,-6.893,0.0,0.0,-91.037,0.0,0.0,-49.723,0.0,0.0,0.01253104,0.0,0.0,-54.431468960000004,0.0,0.0
ILE 104,78.754,0.0,0.0,-11.582,0.0,0.0,-62.265,0.0,0.0,0.401,0.0,0.0,0.0017398200000000002,0.0,0.0,5.309739819999996,0.0,0.0
ALA 105,86.121,0.0,0.0,-7.36,0.0,0.0,-77.708,0.0,0.0,0.291,0.0,0.0,0.0158535,0.0,0.0,1.3598534999999972,0.0,0.0
GLY 106,88.441,0.0,0.0,-5.36,0.0,0.0,-85.67,0.0,0.0,-2.933,0.0,0.0,0.06754404,0.0,0.0,-5.454455959999999,0.0,0.0
THR 107,53.481,0.0,0.0,-5.601,0.0,0.0,-56.977,0.0,0.0,-6.031,0.0,0.0,0.5886553600000001,0.0,0.0,-14.539344639999992,0.0,0.0
THR 108,44.4,0.0,0.0,1.319,0.0,0.0,-60.851,0.0,0.0,-1.664,0.0,0.0,0.42523152000000003,0.0,0.0,-16.37076848,0.0,0.0
SER 109,75.814,0.0,0.0,-7.78,0.0,0.0,-68.791,0.0,0.0,-3.152,0.0,0.0,0.08003172,0.0,0.0,-3.828968280000005,0.0,0.0
THR 110,37.454,0.0,0.0,-5.459,0.0,0.0,-47.828,0.0,0.0,-3.835,0.0,0.0,0.44969198,0.0,0.0,-19.218308020000002,0.0,0.0
LEU 111,57.968,0.0,0.0,-9.158,0.0,0.0,-58.382,0.0,0.0,-4.603,0.0,0.0,0.22226878000000003,0.0,0.0,-13.952731219999995,0.0,0.0
GLN 112,34.49,0.0,0.0,-5.968,0.0,0.0,-72.333,0.0,0.0,-17.572,0.0,0.0,0.76647472,0.0,0.0,-60.61652528,0.0,0.0
GLU 113,104.912,0.0,0.0,-5.518,0.0,0.0,-111.262,0.0,0.0,-41.928,0.0,0.0,0.20172156000000002,0.0,0.0,-53.59427843999999,0.0,0.0
GLN 114,41.869,0.0,0.0,-12.988,0.0,0.0,-83.816,0.0,0.0,-1.682,0.0,0.0,0.018704420000000003,0.0,0.0,-56.598295580000006,0.0,0.0
ILE 115,82.644,0.0,0.0,-9.548,0.0,0.0,-70.353,0.0,0.0,-1.516,0.0,0.0,0.08930534000000001,0.0,0.0,1.3163053400000093,0.0,0.0
GLY 116,76.015,0.0,0.0,-3.365,0.0,0.0,-75.611,0.0,0.0,-2.033,0.0,0.0,0.06848712,0.0,0.0,-4.925512879999998,0.0,0.0
TRP 117,123.538,0.0,0.0,-19.468,0.0,0.0,-89.039,0.0,0.0,-4.083,0.0,0.0,0.0039024000000000003,0.0,0.0,10.951902399999991,0.0,0.0
MET 118,101.866,0.0,0.0,-10.042,0.0,0.0,-80.73,0.0,0.0,-5.327,0.0,0.0,0.23363452,0.0,0.0,6.000634519999994,0.0,0.0
THR 119,30.986,0.0,0.0,-6.404,0.0,0.0,-35.471,0.0,0.0,-6.029,0.0,0.0,0.29000252000000004,0.0,0.0,-16.627997479999994,0.0,0.0
HID 120,88.976,0.0,0.0,-10.403,0.0,0.0,-56.127,0.0,0.0,-10.821,0.0,0.0,0.25924402,0.0,0.0,11.884244019999992,0.0,0.0
ASN 121,28.538,0.0,0.0,-4.773,0.0,0.0,-67.955,0.0,0.0,-15.62,0.0,0.0,0.7367460200000001,0.0,0.0,-59.07325398,0.0,0.0
PRO 122,92.169,0.0,0.0,-3.882,0.0,0.0,-59.669,0.0,0.0,-3.103,0.0,0.0,0.63111022,0.0,0.0,26.146110219999994,0.0,0.0
PRO 123,85.474,0.0,0.0,-6.471,0.0,0.0,-58.752,0.0,0.0,-4.01,0.0,0.0,0.41270048000000004,0.0,0.0,16.65370048,0.0,0.0
ILE 124,90.621,0.0,0.0,-7.216,0.0,0.0,-63.559,0.0,0.0,-1.546,0.0,0.0,0.2898074,0.0,0.0,18.589807400000005,0.0,0.0
PRO 125,91.417,0.0,0.0,-5.735,0.0,0.0,-65.988,0.0,0.0,-1.757,0.0,0.0,0.31680442000000003,0.0,0.0,18.25380442,0.0,0.0
VAL 126,54.266,0.0,0.0,-8.792,0.0,0.0,-56.079,0.0,0.0,-1.614,0.0,0.0,0.0,0.0,0.0,-12.219000000000005,0.0,0.0
GLY 127,72.511,0.0,0.0,-4.879,0.0,0.0,-70.927,0.0,0.0,-2.162,0.0,0.0,0.01786432,0.0,0.0,-5.439135680000016,0.0,0.0
GLU 128,106.378,0.0,0.0,-6.871,0.0,0.0,-108.919,0.0,0.0,-41.805,0.0,0.0,0.46777852000000003,0.0,0.0,-50.74922147999999,0.0,0.0
ILE 129,87.472,0.0,0.0,-10.535,0.0,0.0,-65.96,0.0,0.0,-1.518,0.0,0.0,0.0383194,0.0,0.0,9.497319400000004,0.0,0.0
TYR 130,97.16,0.0,0.0,-15.931,0.0,0.0,-89.941,0.0,0.0,-2.072,0.0,0.0,0.024726040000000005,0.0,0.0,-10.759273960000002,0.0,0.0
LYS 131,145.002,0.0,0.0,-11.656,0.0,0.0,-149.851,0.0,0.0,9.04,0.0,0.0,0.0810561,0.0,0.0,-7.383943899999997,0.0,0.0
ARG 132,-184.344,0.0,0.0,-8.656,0.0,0.0,36.06,0.0,0.0,-9.205,0.0,0.0,0.77011154,0.0,0.0,-165.37488846000002,0.0,0.0
TRP 133,124.901,0.0,0.0,-18.568,0.0,0.0,-96.782,0.0,0.0,-4.453,0.0,0.0,0.10121850000000002,0.0,0.0,5.1992185000000015,0.0,0.0
ILE 134,86.482,0.0,0.0,-12.643,0.0,0.0,-71.285,0.0,0.0,-0.849,0.0,0.0,0.004314320000000001,0.0,0.0,1.709314320000002,0.0,0.0
ILE 135,84.993,0.0,0.0,-9.281,0.0,0.0,-65.151,0.0,0.0,0.263,0.0,0.0,0.2174233,0.0,0.0,11.041423299999993,0.0,0.0
LEU 136,77.949,0.0,0.0,-7.769,0.0,0.0,-83.235,0.0,0.0,3.035,0.0,0.0,0.34088548,0.0,0.0,-9.679114520000006,0.0,0.0
GLY 137,77.514,0.0,0.0,-5.509,0.0,0.0,-79.618,0.0,0.0,0.815,0.0,0.0,0.0,0.0,0.0,-6.798,0.0,0.0
LEU 138,59.377,0.0,0.0,-10.451,0.0,0.0,-66.042,0.0,0.0,-0.699,0.0,0.0,0.05001576,0.0,0.0,-17.76498424,0.0,0.0
ASN 139,32.482,0.0,0.0,-7.16,0.0,0.0,-86.533,0.0,0.0,-7.422,0.0,0.0,0.31800224,0.0,0.0,-68.31499776,0.0,0.0
LYS 140,131.999,0.0,0.0,-10.027,0.0,0.0,-130.509,0.0,0.0,-5.088,0.0,0.0,0.23389468000000002,0.0,0.0,-13.391105319999992,0.0,0.0
ILE 141,87.425,0.0,0.0,-10.714,0.0,0.0,-76.611,0.0,0.0,-1.644,0.0,0.0,0.1149311,0.0,0.0,-1.4290689000000056,0.0,0.0
VAL 142,62.112,0.0,0.0,-9.148,0.0,0.0,-58.028,0.0,0.0,-3.69,0.0,0.0,0.12549468,0.0,0.0,-8.62850532,0.0,0.0
ARG 143,-196.839,0.0,0.0,-7.834,0.0,0.0,53.409,0.0,0.0,-24.994,0.0,0.0,0.93888492,0.0,0.0,-175.31911508000002,0.0,0.0
MET 144,89.812,0.0,0.0,-9.118,0.0,0.0,-69.688,0.0,0.0,-8.252,0.0,0.0,0.37646236,0.0,0.0,3.1304623599999997,0.0,0.0
TYR 145,91.358,0.0,0.0,-8.371,0.0,0.0,-83.04,0.0,0.0,-11.449,0.0,0.0,0.52033626,0.0,0.0,-10.981663739999997,0.0,0.0
SER 146,92.294,0.0,0.0,-2.561,0.0,0.0,-68.218,0.0,0.0,-11.672,0.0,0.0,0.46699804000000006,0.0,0.0,10.30999804,0.0,0.0
PRO 147,92.771,0.0,0.0,-6.285,0.0,0.0,-64.349,0.0,0.0,-7.857,0.0,0.0,0.16043200000000002,0.0,0.0,14.440432000000001,0.0,0.0
THR 148,43.75,0.0,0.0,-5.622,0.0,0.0,-45.625,0.0,0.0,-10.953,0.0,0.0,0.34277164,0.0,0.0,-18.10722836,0.0,0.0
SER 149,60.292,0.0,0.0,-6.564,0.0,0.0,-59.482,0.0,0.0,-0.024,0.0,0.0,0.20080016000000003,0.0,0.0,-5.577199839999998,0.0,0.0
ILE 150,75.453,0.0,0.0,-8.178,0.0,0.0,-57.848,0.0,0.0,-1.414,0.0,0.0,0.07461172,0.0,0.0,8.087611720000007,0.0,0.0
LEU 151,61.919,0.0,0.0,-4.569,0.0,0.0,-67.056,0.0,0.0,-2.463,0.0,0.0,0.8721918200000001,0.0,0.0,-11.296808180000005,0.0,0.0
ASP 152,97.979,0.0,0.0,-4.723,0.0,0.0,-64.08,0.0,0.0,-85.346,0.0,0.0,0.55672614,0.0,0.0,-55.61327386,0.0,0.0
ILE 153,101.748,0.0,0.0,-8.646,0.0,0.0,-74.446,0.0,0.0,-1.809,0.0,0.0,0.00863406,0.0,0.0,16.855634060000003,0.0,0.0
ARG 154,-189.949,0.0,0.0,-7.431,0.0,0.0,34.93,0.0,0.0,-9.31,0.0,0.0,0.9090261400000001,0.0,0.0,-170.85097386,0.0,0.0
GLN 155,31.939,0.0,0.0,-8.771,0.0,0.0,-86.271,0.0,0.0,-3.301,0.0,0.0,0.08763056,0.0,0.0,-66.31636944,0.0,0.0
GLY 156,89.413,0.0,0.0,-3.489,0.0,0.0,-71.734,0.0,0.0,-6.438,0.0,0.0,0.0937931,0.0,0.0,7.845793099999998,0.0,0.0
PRO 157,88.835,0.0,0.0,-2.743,0.0,0.0,-54.469,0.0,0.0,-7.614,0.0,0.0,0.8502679200000001,0.0,0.0,24.859267919999997,0.0,0.0
LYS 158,121.997,0.0,0.0,-2.986,0.0,0.0,-95.688,0.0,0.0,-37.425,0.0,0.0,1.23566244,0.0,0.0,-12.866337560000003,0.0,0.0
GLU 159,108.093,0.0,0.0,-6.767,0.0,0.0,-110.578,0.0,0.0,-39.446,0.0,0.0,0.19362408,0.0,0.0,-48.504375919999994,0.0,0.0
PRO 160,79.064,0.0,0.0,-6.113,0.0,0.0,-57.109,0.0,0.0,-3.304,0.0,0.0,0.40300952,0.0,0.0,12.94100951999999,0.0,0.0
PHE 161,103.365,0.0,0.0,-14.255,0.0,0.0,-72.003,0.0,0.0,-3.714,0.0,0.0,0.0035988800000000005,0.0,0.0,13.396598879999999,0.0,0.0
ARG 162,-204.473,0.0,0.0,-5.281,0.0,0.0,-11.586,0.0,0.0,33.269,0.0,0.0,0.47821744000000005,0.0,0.0,-187.59278256000002,0.0,0.0
ASP 163,90.252,0.0,0.0,-7.745,0.0,0.0,-65.125,0.0,0.0,-82.634,0.0,0.0,0.43158918000000007,0.0,0.0,-64.82041082,0.0,0.0
TYR 164,97.274,0.0,0.0,-17.277,0.0,0.0,-94.517,0.0,0.0,-2.912,0.0,0.0,0.0,0.0,0.0,-17.431999999999995,0.0,0.0
VAL 165,56.859,0.0,0.0,-10.313,0.0,0.0,-55.42,0.0,0.0,0.644,0.0,0.0,0.0420863,0.0,0.0,-8.187913700000003,0.0,0.0
ASP 166,115.967,0.0,0.0,-7.369,0.0,0.0,-104.898,0.0,0.0,-56.163,0.0,0.0,0.40315044000000005,0.0,0.0,-52.059849559999996,0.0,0.0
ARG 167,-198.505,0.0,0.0,-10.185,0.0,0.0,4.97,0.0,0.0,16.035,0.0,0.0,0.4282071,0.0,0.0,-187.2567929,0.0,0.0
PHE 168,94.161,0.0,0.0,-15.671,0.0,0.0,-81.521,0.0,0.0,-0.433,0.0,0.0,0.0,0.0,0.0,-3.4639999999999915,0.0,0.0
TYR 169,96.609,0.0,0.0,-10.594,0.0,0.0,-93.246,0.0,0.0,-2.74,0.0,0.0,0.30967712000000003,0.0,0.0,-9.661322879999995,0.0,0.0
LYS 170,136.617,0.0,0.0,-7.751,0.0,0.0,-146.716,0.0,0.0,-1.284,0.0,0.0,0.72248058,0.0,0.0,-18.411519420000023,0.0,0.0
THR 171,43.585,0.0,0.0,-9.344,0.0,0.0,-53.853,0.0,0.0,-4.575,0.0,0.0,0.031799140000000004,0.0,0.0,-24.15520086,0.0,0.0
LEU 172,69.764,0.0,0.0,-11.483,0.0,0.0,-66.143,0.0,0.0,-3.603,0.0,0.0,0.01590228,0.0,0.0,-11.449097720000008,0.0,0.0
ARG 173,-198.833,0.0,0.0,-7.948,0.0,0.0,47.777,0.0,0.0,-18.442,0.0,0.0,0.8934111200000001,0.0,0.0,-176.55258888000003,0.0,0.0
ALA 174,90.079,0.0,0.0,-5.858,0.0,0.0,-79.899,0.0,0.0,-3.26,0.0,0.0,0.09338660000000001,0.0,0.0,1.1553865999999888,0.0,0.0
GLU 175,105.253,0.0,0.0,-6.712,0.0,0.0,-65.552,0.0,0.0,-81.857,0.0,0.0,0.40190926000000005,0.0,0.0,-48.46609074000001,0.0,0.0
GLN 176,25.527,0.0,0.0,-2.959,0.0,0.0,-64.792,0.0,0.0,-15.019,0.0,0.0,0.97429378,0.0,0.0,-56.26870622,0.0,0.0
ALA 177,100.717,0.0,0.0,-4.695,0.0,0.0,-87.423,0.0,0.0,-3.452,0.0,0.0,0.16943462,0.0,0.0,5.316434619999989,0.0,0.0
SER 178,72.455,0.0,0.0,-5.174,0.0,0.0,-66.127,0.0,0.0,-3.127,0.0,0.0,0.29205128,0.0,0.0,-1.6809487200000035,0.0,0.0
GLN 179,30.132,0.0,0.0,-6.203,0.0,0.0,-72.242,0.0,0.0,-8.21,0.0,0.0,0.7135972,0.0,0.0,-55.8094028,0.0,0.0
GLU 180,110.702,0.0,0.0,-4.739,0.0,0.0,-105.653,0.0,0.0,-54.372,0.0,0.0,0.7378408600000002,0.0,0.0,-53.32415914000001,0.0,0.0
VAL 181,65.28,0.0,0.0,-6.739,0.0,0.0,-61.908,0.0,0.0,-0.992,0.0,0.0,0.28377494000000003,0.0,0.0,-4.0752250599999975,0.0,0.0
LYS 182,117.584,0.0,0.0,-8.711,0.0,0.0,-120.237,0.0,0.0,-8.526,0.0,0.0,0.39615864,0.0,0.0,-19.49384135999999,0.0,0.0
ASN 183,18.063,0.0,0.0,-6.253,0.0,0.0,-84.758,0.0,0.0,-6.997,0.0,0.0,0.51036888,0.0,0.0,-79.43463111999999,0.0,0.0
TRP 184,125.673,0.0,0.0,-9.779,0.0,0.0,-90.556,0.0,0.0,-8.684,0.0,0.0,0.9642993,0.0,0.0,17.61829930000001,0.0,0.0
MET 185,100.888,0.0,0.0,-11.516,0.0,0.0,-86.622,0.0,0.0,-2.824,0.0,0.0,0.16404172,0.0,0.0,0.09004172000000016,0.0,0.0
THR 186,44.999,0.0,0.0,-6.285,0.0,0.0,-59.655,0.0,0.0,-3.649,0.0,0.0,0.18126648000000004,0.0,0.0,-24.408733520000002,0.0,0.0
GLU 187,101.292,0.0,0.0,-4.385,0.0,0.0,-60.953,0.0,0.0,-85.421,0.0,0.0,0.6241617800000001,0.0,0.0,-48.84283822000001,0.0,0.0
THR 188,34.915,0.0,0.0,-5.394,0.0,0.0,-43.861,0.0,0.0,-3.497,0.0,0.0,0.33253326000000005,0.0,0.0,-17.504466739999994,0.0,0.0
LEU 189,63.803,0.0,0.0,-9.005,0.0,0.0,-68.039,0.0,0.0,-0.063,0.0,0.0,0.21891380000000002,0.0,0.0,-13.085086200000008,0.0,0.0
LEU 190,83.718,0.0,0.0,-10.251,0.0,0.0,-90.116,0.0,0.0,0.987,0.0,0.0,0.0014363000000000002,0.0,0.0,-15.6605637,0.0,0.0
VAL 191,52.963,0.0,0.0,-8.227,0.0,0.0,-58.292,0.0,0.0,1.041,0.0,0.0,0.17513646000000002,0.0,0.0,-12.339863539999998,0.0,0.0
GLN 192,23.168,0.0,0.0,-6.693,0.0,0.0,-76.087,0.0,0.0,-0.205,0.0,0.0,0.47677030000000004,0.0,0.0,-59.3402297,0.0,0.0
ASN 193,17.397,0.0,0.0,-7.951,0.0,0.0,-79.521,0.0,0.0,-4.643,0.0,0.0,0.07055756,0.0,0.0,-74.64744244,0.0,0.0
ALA 194,90.685,0.0,0.0,-8.289,0.0,0.0,-81.469,0.0,0.0,0.717,0.0,0.0,0.033116200000000005,0.0,0.0,1.6771162000000068,0.0,0.0
ASN 195,47.895,0.0,0.0,-4.782,0.0,0.0,-92.84,0.0,0.0,-7.114,0.0,0.0,0.23855046,0.0,0.0,-56.60244954,0.0,0.0
PRO 196,80.683,0.0,0.0,-4.583,0.0,0.0,-59.592,0.0,0.0,-3.134,0.0,0.0,0.56263936,0.0,0.0,13.93663936000001,0.0,0.0
ASP 197,88.569,0.0,0.0,-6.532,0.0,0.0,-63.901,0.0,0.0,-74.528,0.0,0.0,0.57501864,0.0,0.0,-55.81698136,0.0,0.0
CYX 198,97.53,0.0,0.0,-7.161,0.0,0.0,-82.049,0.0,0.0,-1.629,0.0,0.0,0.022184060000000002,0.0,0.0,6.7131840599999935,0.0,0.0
LYS 199,135.624,0.0,0.0,-7.777,0.0,0.0,-134.685,0.0,0.0,-10.705,0.0,0.0,0.4871225,0.0,0.0,-17.055877500000005,0.0,0.0
THR 200,50.919,0.0,0.0,-5.664,0.0,0.0,-60.918,0.0,0.0,-3.655,0.0,0.0,0.5329757,0.0,0.0,-18.785024300000003,0.0,0.0
ILE 201,74.284,0.0,0.0,-6.484,0.0,0.0,-55.671,0.0,0.0,-1.426,0.0,0.0,0.36859794000000007,0.0,0.0,11.071597940000013,0.0,0.0
LEU 202,72.371,0.0,0.0,-10.625,0.0,0.0,-70.757,0.0,0.0,-4.163,0.0,0.0,0.029755800000000002,0.0,0.0,-13.14424420000001,0.0,0.0
LYS 203,120.013,0.0,0.0,-5.991,0.0,0.0,-102.577,0.0,0.0,-26.5,0.0,0.0,0.9615134200000001,0.0,0.0,-14.093486579999993,0.0,0.0
ALA 204,83.353,0.0,0.0,-3.291,0.0,0.0,-73.427,0.0,0.0,-5.664,0.0,0.0,0.5069326000000001,0.0,0.0,1.4779325999999913,0.0,0.0
LEU 205,81.213,0.0,0.0,-7.425,0.0,0.0,-77.553,0.0,0.0,-6.795,0.0,0.0,0.34003996000000003,0.0,0.0,-10.21996004,0.0,0.0
GLY 206,89.909,0.0,0.0,-3.5,0.0,0.0,-74.662,0.0,0.0,-8.929,0.0,0.0,0.0946874,0.0,0.0,2.9126874,0.0,0.0
PRO 207,77.272,0.0,0.0,-2.945,0.0,0.0,-52.926,0.0,0.0,-8.534,0.0,0.0,0.7567078800000001,0.0,0.0,13.62370788000001,0.0,0.0
GLY 208,68.296,0.0,0.0,-1.921,0.0,0.0,-61.816,0.0,0.0,-6.31,0.0,0.0,0.47624998,0.0,0.0,-1.2747500200000021,0.0,0.0
ALA 209,104.647,0.0,0.0,-5.101,0.0,0.0,-91.877,0.0,0.0,-1.241,0.0,0.0,0.13452982000000002,0.0,0.0,6.5625298200000115,0.0,0.0
THR 210,50.01,0.0,0.0,-4.294,0.0,0.0,-57.119,0.0,0.0,-3.428,0.0,0.0,0.47208742000000004,0.0,0.0,-14.35891258,0.0,0.0
LEU 211,68.018,0.0,0.0,-6.116,0.0,0.0,-68.706,0.0,0.0,-3.457,0.0,0.0,0.30200782,0.0,0.0,-9.958992180000003,0.0,0.0
GLU 212,106.461,0.0,0.0,-2.27,0.0,0.0,-92.317,0.0,0.0,-67.913,0.0,0.0,0.54078592,0.0,0.0,-55.49821407999999,0.0,0.0
GLU 213,111.2,0.0,0.0,-8.037,0.0,0.0,-62.623,0.0,0.0,-86.041,0.0,0.0,0.43812028000000003,0.0,0.0,-45.06287972,0.0,0.0
MET 214,96.729,0.0,0.0,-12.009,0.0,0.0,-75.649,0.0,0.0,-2.221,0.0,0.0,0.12768436,0.0,0.0,6.977684359999998,0.0,0.0
MET 215,99.998,0.0,0.0,-10.575,0.0,0.0,-85.154,0.0,0.0,-1.731,0.0,0.0,0.12288766,0.0,0.0,2.6608876600000055,0.0,0.0
THR 216,35.591,0.0,0.0,-4.142,0.0,0.0,-49.887,0.0,0.0,-4.583,0.0,0.0,0.4792580800000001,0.0,0.0,-22.54174192,0.0,0.0
ALA 217,80.15,0.0,0.0,-5.124,0.0,0.0,-64.841,0.0,0.0,-3.517,0.0,0.0,0.15717458,0.0,0.0,6.825174580000017,0.0,0.0
CYX 218,95.044,0.0,0.0,-6.823,0.0,0.0,-80.533,0.0,0.0,-1.277,0.0,0.0,0.0709207,0.0,0.0,6.4819207000000025,0.0,0.0
GLN 219,45.336,0.0,0.0,-3.606,0.0,0.0,-85.711,0.0,0.0,-8.839,0.0,0.0,0.44688984000000004,0.0,0.0,-52.37311016,0.0,0.0
GLY 220,102.299,0.0,0.0,-1.595,0.0,0.0,-86.214,0.0,0.0,-7.519,0.0,0.0,0.46692216000000003,0.0,0.0,7.437922160000009,0.0,0.0
VAL 221,39.919,0.0,0.0,-1.406,0.0,0.0,-22.623,0.0,0.0,-99.855,0.0,0.0,1.2404049400000001,0.0,0.0,-82.72459506,0.0,0.0

Receptor:
Total Energy Decomposition:
Residue,Internal,,,van der Waals,,,Electrostatic,,,Polar Solvation,,,Non-Polar Solv.,,,TOTAL,,
,Avg.,Std. Dev.,Std. Err. of Mean,Avg.,Std. Dev.,Std. Err. of Mean,Avg.,Std. Dev.,Std. Err. of Mean,Avg.,Std. Dev.,Std. Err. of Mean,Avg.,Std. Dev.,Std. Err. of Mean,Avg.,Std. Dev.,Std. Err. of Mean
PRO   1,98.712,0.0,0.0,-4.514,0.0,0.0,-96.144,0.0,0.0,-1.931,0.0,0.0,0.26101094,0.0,0.0,-3.6159890599999978,0.0,0.0
ILE   2,94.448,0.0,0.0,-8.2,0.0,0.0,-70.001,0.0,0.0,-4.038,0.0,0.0,0.11261134000000002,0.0,0.0,12.321611339999986,0.0,0.0
VAL   3,51.789,0.0,0.0,-6.077,0.0,0.0,-52.416,0.0,0.0,-1.639,0.0,0.0,0.40284692,0.0,0.0,-7.940153079999993,0.0,0.0
GLN   4,23.682,0.0,0.0,-5.78,0.0,0.0,-59.143,0.0,0.0,-17.039,0.0,0.0,0.64302338,0.0,0.0,-57.63697662,0.0,0.0
ASN   5,28.927,0.0,0.0,-6.274,0.0,0.0,-79.623,0.0,0.0,-11.329,0.0,0.0,0.2989943,0.0,0.0,-68.0000057,0.0,0.0
LEU   6,78.189,0.0,0.0,-3.923,0.0,0.0,-72.11,0.0,0.0,-8.352,0.0,0.0,0.9663589,0.0,0.0,-5.229641100000008,0.0,0.0
GLN   7,37.816,0.0,0.0,-4.513,0.0,0.0,-72.758,0.0,0.0,-13.644,0.0,0.0,0.7029469,0.0,0.0,-52.39605309999999,0.0,0.0
GLY   8,73.42,0.0,0.0,-3.478,0.0,0.0,-68.294,0.0,0.0,-6.802,0.0,0.0,0.2622738,0.0,0.0,-4.891726199999989,0.0,0.0
GLN   9,39.027,0.0,0.0,-6.12,0.0,0.0,-79.646,0.0,0.0,-10.998,0.0,0.0,0.6299937,0.0,0.0,-57.107006299999995,0.0,0.0
MET  10,103.701,0.0,0.0,-9.938,0.0,0.0,-78.202,0.0,0.0,-6.268,0.0,0.0,0.19620400000000002,0.0,0.0,9.489203999999992,0.0,0.0
VAL  11,60.642,0.0,0.0,-7.421,0.0,0.0,-58.104,0.0,0.0,-2.243,0.0,0.0,0.32191548000000003,0.0,0.0,-6.8040845199999955,0.0,0.0
HID  12,95.826,0.0,0.0,-10.563,0.0,0.0,-62.218,0.0,0.0,-8.753,0.0,0.0,0.27518966000000006,0.0,0.0,14.567189659999988,0.0,0.0
GLN  13,36.539,0.0,0.0,-3.757,0.0,0.0,-79.271,0.0,0.0,-11.046,0.0,0.0,0.58613506,0.0,0.0,-56.94886494,0.0,0.0
ALA  14,95.547,0.0,0.0,-4.377,0.0,0.0,-78.988,0.0,0.0,-3.212,0.0,0.0,0.46423384,0.0,0.0,9.434233840000003,0.0,0.0
ILE  15,92.37,0.0,0.0,-7.887,0.0,0.0,-72.089,0.0,0.0,-4.985,0.0,0.0,0.07714286000000001,0.0,0.0,7.4861428600000055,0.0,0.0
SER  16,66.463,0.0,0.0,-4.593,0.0,0.0,-51.228,0.0,0.0,-6.386,0.0,0.0,0.29643606,0.0,0.0,4.552436059999989,0.0,0.0
PRO  17,92.119,0.0,0.0,-4.806,0.0,0.0,-62.901,0.0,0.0,-2.762,0.0,0.0,0.60130564,0.0,0.0,22.251305639999998,0.0,0.0
ARG  18,-187.573,0.0,0.0,-6.636,0.0,0.0,73.628,0.0,0.0,-52.061,0.0,0.0,1.1137503800000002,0.0,0.0,-171.52824962,0.0,0.0
THR  19,45.289,0.0,0.0,-8.289,0.0,0.0,-53.224,0.0,0.0,-4.375,0.0,0.0,0.16592788000000003,0.0,0.0,-20.433072119999995,0.0,0.0
LEU  20,62.624,0.0,0.0,-8.291,0.0,0.0,-56.802,0.0,0.0,-3.784,0.0,0.0,0.24409512000000003,0.0,0.0,-6.008904880000001,0.0,0.0
ASN  21,20.35,0.0,0.0,-4.947,0.0,0.0,-71.983,0.0,0.0,-17.331,0.0,0.0,0.61516458,0.0,0.0,-73.29583542,0.0,0.0
ALA  22,95.339,0.0,0.0,-4.997,0.0,0.0,-79.798,0.0,0.0,-4.982,0.0,0.0,0.13199868,0.0,0.0,5.693998679999996,0.0,0.0
TRP  23,132.82,0.0,0.0,-17.021,0.0,0.0,-100.213,0.0,0.0,-4.499,0.0,0.0,0.0079132,0.0,0.0,11.0949132,0.0,0.0
VAL  24,65.88,0.0,0.0,-6.733,0.0,0.0,-56.998,0.0,0.0,-6.429,0.0,0.0,0.31720008000000005,0.0,0.0,-3.9627999199999993,0.0,0.0
LYS  25,130.729,0.0,0.0,-4.85,0.0,0.0,-97.3,0.0,0.0,-41.965,0.0,0.0,0.9567655,0.0,0.0,-12.429234499999982,0.0,0.0
VAL  26,62.715,0.0,0.0,-9.16,0.0,0.0,-64.59,0.0,0.0,-3.603,0.0,0.0,0.12424808000000001,0.0,0.0,-14.513751919999997,0.0,0.0
VAL  27,38.838,0.0,0.0,-8.492,0.0,0.0,-45.865,0.0,0.0,-2.655,0.0,0.0,0.1089149,0.0,0.0,-18.065085100000005,0.0,0.0
GLU  28,95.609,0.0,0.0,-6.369,0.0,0.0,-46.434,0.0,0.0,-97.519,0.0,0.0,0.64457892,0.0,0.0,-54.06842108000001,0.0,0.0
GLU  29,115.058,0.0,0.0,-6.282,0.0,0.0,-62.345,0.0,0.0,-90.379,0.0,0.0,0.67860568,0.0,0.0,-43.269394319999996,0.0,0.0
LYS  30,120.413,0.0,0.0,-8.217,0.0,0.0,-124.843,0.0,0.0,-2.903,0.0,0.0,0.39955156000000003,0.0,0.0,-15.150448440000005,0.0,0.0
ALA  31,86.638,0.0,0.0,-2.684,0.0,0.0,-80.265,0.0,0.0,-2.76,0.0,0.0,0.24207888000000002,0.0,0.0,1.1710788800000074,0.0,0.0
PHE  32,105.129,0.0,0.0,-8.471,0.0,0.0,-76.352,0.0,0.0,-6.549,0.0,0.0,0.60320806,0.0,0.0,14.360208059999998,0.0,0.0
SER  33,75.681,0.0,0.0,-3.554,0.0,0.0,-61.998,0.0,0.0,-1.878,0.0,0.0,0.09279582,0.0,0.0,8.343795819999997,0.0,0.0
PRO  34,75.82,0.0,0.0,-5.921,0.0,0.0,-58.131,0.0,0.0,-1.507,0.0,0.0,0.3993293400000001,0.0,0.0,10.660329339999986,0.0,0.0
GLU  35,107.446,0.0,0.0,-5.847,0.0,0.0,-123.05,0.0,0.0,-30.233,0.0,0.0,0.47591936000000007,0.0,0.0,-51.20808064,0.0,0.0
VAL  36,57.375,0.0,0.0,-8.782,0.0,0.0,-57.759,0.0,0.0,-0.249,0.0,0.0,0.03297528,0.0,0.0,-9.382024719999997,0.0,0.0
ILE  37,88.82,0.0,0.0,-10.003,0.0,0.0,-59.253,0.0,0.0,-1.176,0.0,0.0,0.14018288,0.0,0.0,18.528182879999996,0.0,0.0
PRO  38,82.659,0.0,0.0,-6.019,0.0,0.0,-59.579,0.0,0.0,-3.028,0.0,0.0,0.48477022000000003,0.0,0.0,14.51777022,0.0,0.0
MET  39,88.676,0.0,0.0,-7.877,0.0,0.0,-73.762,0.0,0.0,-2.659,0.0,0.0,0.35915088,0.0,0.0,4.737150880000006,0.0,0.0
PHE  40,102.572,0.0,0.0,-12.3,0.0,0.0,-84.563,0.0,0.0,-2.085,0.0,0.0,0.0035988800000000005,0.0,0.0,3.6275988800000034,0.0,0.0
SER  41,75.117,0.0,0.0,-5.869,0.0,0.0,-64.043,0.0,0.0,-8.275,0.0,0.0,0.3248477,0.0,0.0,-2.745152300000002,0.0,0.0
ALA  42,81.714,0.0,0.0,-4.029,0.0,0.0,-66.44,0.0,0.0,-5.168,0.0,0.0,0.44281400000000004,0.0,0.0,6.519814000000005,0.0,0.0
LEU  43,77.027,0.0,0.0,-7.494,0.0,0.0,-76.494,0.0,0.0,-3.857,0.0,0.0,0.21870784,0.0,0.0,-10.599292159999997,0.0,0.0
SER  44,70.275,0.0,0.0,-5.204,0.0,0.0,-74.993,0.0,0.0,0.732,0.0,0.0,0.006059560000000001,0.0,0.0,-9.183940439999983,0.0,0.0
GLU  45,113.227,0.0,0.0,-4.686,0.0,0.0,-76.75,0.0,0.0,-74.414,0.0,0.0,0.81956904,0.0,0.0,-41.80343096000001,0.0,0.0
GLY  46,65.831,0.0,0.0,-3.24,0.0,0.0,-66.856,0.0,0.0,-2.3,0.0,0.0,0.21652900000000003,0.0,0.0,-6.348470999999993,0.0,0.0
ALA  47,99.986,0.0,0.0,-5.445,0.0,0.0,-87.606,0.0,0.0,-2.01,0.0,0.0,0.01416246,0.0,0.0,4.939162460000002,0.0,0.0
THR  48,60.28,0.0,0.0,-9.491,0.0,0.0,-62.053,0.0,0.0,-1.086,0.0,0.0,0.0,0.0,0.0,-12.349999999999996,0.0,0.0
PRO  49,76.948,0.0,0.0,-11.122,0.0,0.0,-55.865,0.0,0.0,-1.388,0.0,0.0,0.0,0.0,0.0,8.572999999999992,0.0,0.0
GLN  50,32.003,0.0,0.0,-9.816,0.0,0.0,-66.675,0.0,0.0,-11.994,0.0,0.0,0.44555652000000007,0.0,0.0,-56.03644348,0.0,0.0
ASP  51,93.937,0.0,0.0,-9.587,0.0,0.0,-133.32,0.0,0.0,-11.607,0.0,0.0,0.00611376,0.0,0.0,-60.57088624,0.0,0.0
LEU  52,63.065,0.0,0.0,-13.249,0.0,0.0,-68.208,0.0,0.0,-0.393,0.0,0.0,0.0,0.0,0.0,-18.785000000000004,0.0,0.0
ASN  53,37.709,0.0,0.0,-9.213,0.0,0.0,-98.841,0.0,0.0,-4.125,0.0,0.0,0.16517450000000003,0.0,0.0,-74.30482549999999,0.0,0.0
THR  54,51.336,0.0,0.0,-8.677,0.0,0.0,-57.43,0.0,0.0,-3.563,0.0,0.0,0.19295742000000002,0.0,0.0,-18.14104258,0.0,0.0
MET  55,89.286,0.0,0.0,-13.248,0.0,0.0,-67.328,0.0,0.0,-1.438,0.0,0.0,0.00503518,0.0,0.0,7.277035179999994,0.0,0.0
LEU  56,64.994,0.0,0.0,-8.583,0.0,0.0,-69.086,0.0,0.0,-0.441,0.0,0.0,0.06501832,0.0,0.0,-13.050981679999998,0.0,0.0
ASN  57,31.165,0.0,0.0,-6.985,0.0,0.0,-89.792,0.0,0.0,-11.631,0.0,0.0,0.53878594,0.0,0.0,-76.70421406,0.0,0.0
THR  58,59.769,0.0,0.0,-7.14,0.0,0.0,-62.675,0.0,0.0,-7.476,0.0,0.0,0.23082696000000003,0.0,0.0,-17.291173039999997,0.0,0.0
VAL  59,49.805,0.0,0.0,-7.083,0.0,0.0,-44.555,0.0,0.0,-0.695,0.0,0.0,0.031744940000000006,0.0,0.0,-2.4962550599999984,0.0,0.0
ALA  60,88.675,0.0,0.0,-4.011,0.0,0.0,-65.557,0.0,0.0,-2.936,0.0,0.0,0.21535828,0.0,0.0,16.38635828,0.0,0.0
PRO  61,82.034,0.0,0.0,-3.309,0.0,0.0,-58.533,0.0,0.0,-1.214,0.0,0.0,0.5281519,0.0,0.0,19.50615190000001,0.0,0.0
HID  62,103.046,0.0,0.0,-7.663,0.0,0.0,-64.064,0.0,0.0,-13.373,0.0,0.0,0.2729241,0.0,0.0,18.21892410000002,0.0,0.0
GLN  63,41.049,0.0,0.0,-4.39,0.0,0.0,-71.055,0.0,0.0,-12.512,0.0,0.0,0.8333521,0.0,0.0,-46.07464790000001,0.0,0.0
ALA  64,86.206,0.0,0.0,-4.982,0.0,0.0,-68.725,0.0,0.0,-2.44,0.0,0.0,0.30838174,0.0,0.0,10.36738174000001,0.0,0.0
ALA  65,90.151,0.0,0.0,-6.81,0.0,0.0,-75.727,0.0,0.0,-1.633,0.0,0.0,0.07068764000000001,0.0,0.0,6.05168763999999,0.0,0.0
ALA  66,94.766,0.0,0.0,-5.689,0.0,0.0,-81.947,0.0,0.0,-0.955,0.0,0.0,0.01510554,0.0,0.0,6.190105539999996,0.0,0.0
GLN  67,42.471,0.0,0.0,-7.157,0.0,0.0,-71.34,0.0,0.0,-17.867,0.0,0.0,0.5973490400000001,0.0,0.0,-53.29565096000002,0.0,0.0
MET  68,90.003,0.0,0.0,-10.555,0.0,0.0,-79.389,0.0,0.0,-1.467,0.0,0.0,0.24205178000000002,0.0,0.0,-1.1659482199999884,0.0,0.0
LEU  69,91.386,0.0,0.0,-11.22,0.0,0.0,-80.519,0.0,0.0,-3.324,0.0,0.0,0.021885960000000003,0.0,0.0,-3.6551140400000084,0.0,0.0
LYS  70,131.954,0.0,0.0,-7.911,0.0,0.0,-117.07,0.0,0.0,-21.544,0.0,0.0,0.5101466600000001,0.0,0.0,-14.060853339999987,0.0,0.0
GLU  71,108.734,0.0,0.0,-6.921,0.0,0.0,-80.948,0.0,0.0,-81.25,0.0,0.0,0.53476972,0.0,0.0,-59.850230280000005,0.0,0.0
THR  72,45.532,0.0,0.0,-8.204,0.0,0.0,-56.207,0.0,0.0,-4.878,0.0,0.0,0.03472052,0.0,0.0,-23.722279480000005,0.0,0.0
ILE  73,70.859,0.0,0.0,-10.738,0.0,0.0,-49.485,0.0,0.0,-4.311,0.0,0.0,0.05863898000000001,0.0,0.0,6.383638979999995,0.0,0.0
ASN  74,15.969,0.0,0.0,-7.563,0.0,0.0,-82.632,0.0,0.0,-6.179,0.0,0.0,0.43994140000000004,0.0,0.0,-79.9650586,0.0,0.0
GLU  75,105.337,0.0,0.0,-7.585,0.0,0.0,-53.975,0.0,0.0,-100.865,0.0,0.0,0.6273379000000001,0.0,0.0,-56.460662099999986,0.0,0.0
GLU  76,96.269,0.0,0.0,-10.394,0.0,0.0,-43.638,0.0,0.0,-96.54,0.0,0.0,0.17715812,0.0,0.0,-54.12584188,0.0,0.0
ALA  77,85.904,0.0,0.0,-7.216,0.0,0.0,-71.872,0.0,0.0,-3.058,0.0,0.0,0.0621403,0.0,0.0,3.8201403000000025,0.0,0.0
ALA  78,95.724,0.0,0.0,-6.004,0.0,0.0,-86.179,0.0,0.0,0.163,0.0,0.0,0.24931458000000004,0.0,0.0,3.9533145799999967,0.0,0.0
GLU  79,108.181,0.0,0.0,-5.73,0.0,0.0,-72.433,0.0,0.0,-84.035,0.0,0.0,0.3478881200000001,0.0,0.0,-53.66911188000001,0.0,0.0
TRP  80,114.201,0.0,0.0,-15.812,0.0,0.0,-90.942,0.0,0.0,0.264,0.0,0.0,0.21815500000000002,0.0,0.0,7.929155000000003,0.0,0.0
ASP  81,96.127,0.0,0.0,-8.298,0.0,0.0,-60.181,0.0,0.0,-77.443,0.0,0.0,0.29993196,0.0,0.0,-49.49506804,0.0,0.0
ARG  82,-190.314,0.0,0.0,-5.805,0.0,0.0,-1.237,0.0,0.0,25.758,0.0,0.0,0.9777138,0.0,0.0,-170.62028619999998,0.0,0.0
LEU  83,69.098,0.0,0.0,-4.963,0.0,0.0,-77.712,0.0,0.0,-3.464,0.0,0.0,0.74008474,0.0,0.0,-16.300915259999996,0.0,0.0
HID  84,110.151,0.0,0.0,-8.27,0.0,0.0,-73.631,0.0,0.0,-9.852,0.0,0.0,0.34386648000000003,0.0,0.0,18.74186648,0.0,0.0
PRO  85,93.078,0.0,0.0,-4.358,0.0,0.0,-60.321,0.0,0.0,-6.462,0.0,0.0,0.49421728000000004,0.0,0.0,22.431217280000002,0.0,0.0
VAL  86,43.827,0.0,0.0,-4.681,0.0,0.0,-42.291,0.0,0.0,-6.108,0.0,0.0,0.5361193000000001,0.0,0.0,-8.716880699999997,0.0,0.0
HID  87,85.785,0.0,0.0,-6.404,0.0,0.0,-53.902,0.0,0.0,-13.117,0.0,0.0,0.77327682,0.0,0.0,13.135276819999998,0.0,0.0
ALA  88,95.717,0.0,0.0,-3.657,0.0,0.0,-72.585,0.0,0.0,-10.331,0.0,0.0,0.38858148000000003,0.0,0.0,9.532581480000008,0.0,0.0
GLY  89,91.571,0.0,0.0,-3.119,0.0,0.0,-73.815,0.0,0.0,-7.458,0.0,0.0,0.18942900000000001,0.0,0.0,7.368429,0.0,0.0
PRO  90,80.784,0.0,0.0,-5.323,0.0,0.0,-57.577,0.0,0.0,-6.731,0.0,0.0,0.49827144000000007,0.0,0.0,11.651271440000015,0.0,0.0
ILE  91,80.287,0.0,0.0,-7.5,0.0,0.0,-56.063,0.0,0.0,-6.427,0.0,0.0,0.49047748,0.0,0.0,10.787477480000003,0.0,0.0
ALA  92,101.051,0.0,0.0,-3.574,0.0,0.0,-77.872,0.0,0.0,-2.826,0.0,0.0,0.25423594,0.0,0.0,17.033235940000004,0.0,0.0
PRO  93,86.038,0.0,0.0,-1.95,0.0,0.0,-57.903,0.0,0.0,-6.855,0.0,0.0,0.8200676800000001,0.0,0.0,20.150067679999996,0.0,0.0
GLY  94,71.787,0.0,0.0,-2.027,0.0,0.0,-66.481,0.0,0.0,-7.377,0.0,0.0,0.50165352,0.0,0.0,-3.596346479999989,0.0,0.0
GLN  95,34.957,0.0,0.0,-6.998,0.0,0.0,-75.005,0.0,0.0,-12.191,0.0,0.0,0.44703618,0.0,0.0,-58.78996382,0.0,0.0
MET  96,103.305,0.0,0.0,-9.031,0.0,0.0,-79.572,0.0,0.0,-4.238,0.0,0.0,0.1033865,0.0,0.0,10.567386499999998,0.0,0.0
ARG  97,-195.238,0.0,0.0,-6.504,0.0,0.0,-4.051,0.0,0.0,23.156,0.0,0.0,0.38301514000000003,0.0,0.0,-182.25398485999997,0.0,0.0
GLU  98,118.574,0.0,0.0,-7.481,0.0,0.0,-99.041,0.0,0.0,-52.91,0.0,0.0,0.15826400000000002,0.0,0.0,-40.69973599999999,0.0,0.0
PRO  99,94.693,0.0,0.0,-9.809,0.0,0.0,-64.02,0.0,0.0,-3.113,0.0,0.0,0.03649828,0.0,0.0,17.787498280000005,0.0,0.0
ARG 100,-186.498,0.0,0.0,-6.654,0.0,0.0,-29.004,0.0,0.0,40.315,0.0,0.0,0.27755278000000005,0.0,0.0,-181.56344721999997,0.0,0.0
GLY 101,78.422,0.0,0.0,-6.089,0.0,0.0,-88.225,0.0,0.0,2.78,0.0,0.0,0.0,0.0,0.0,-13.111999999999997,0.0,0.0
SER 102,68.906,0.0,0.0,-3.846,0.0,0.0,-68.01,0.0,0.0,-2.112,0.0,0.0,0.15933716,0.0,0.0,-4.902662840000003,0.0,0.0
ASP 103,93.209,0.0,0.0,-6.893,0.0,0.0,-96.669,0.0,0.0,-44.092,0.0,0.0,0.01253104,0.0,0.0,-54.432468959999994,0.0,0.0
ILE 104,78.754,0.0,0.0,-11.581,0.0,0.0,-62.207,0.0,0.0,0.343,0.0,0.0,0.0017398200000000002,0.0,0.0,5.310739820000001,0.0,0.0
ALA 105,86.121,0.0,0.0,-7.359,0.0,0.0,-77.676,0.0,0.0,0.26,0.0,0.0,0.0158535,0.0,0.0,1.3618534999999985,0.0,0.0
GLY 106,88.441,0.0,0.0,-5.36,0.0,0.0,-85.619,0.0,0.0,-2.984,0.0,0.0,0.06754404,0.0,0.0,-5.454455959999997,0.0,0.0
THR 107,53.481,0.0,0.0,-5.601,0.0,0.0,-56.901,0.0,0.0,-6.107,0.0,0.0,0.5886553600000001,0.0,0.0,-14.53934464,0.0,0.0
THR 108,44.4,0.0,0.0,1.319,0.0,0.0,-60.87,0.0,0.0,-1.645,0.0,0.0,0.42523152000000003,0.0,0.0,-16.370768479999995,0.0,0.0
SER 109,75.814,0.0,0.0,-7.78,0.0,0.0,-68.79,0.0,0.0,-3.154,0.0,0.0,0.08003172,0.0,0.0,-3.8299682800000143,0.0,0.0
THR 110,37.454,0.0,0.0,-5.459,0.0,0.0,-47.849,0.0,0.0,-3.815,0.0,0.0,0.44969198,0.0,0.0,-19.219308019999996,0.0,0.0
LEU 111,57.968,0.0,0.0,-9.158,0.0,0.0,-58.409,0.0,0.0,-4.576,0.0,0.0,0.22226878000000003,0.0,0.0,-13.952731219999997,0.0,0.0
GLN 112,34.49,0.0,0.0,-5.968,0.0,0.0,-72.337,0.0,0.0,-17.567,0.0,0.0,0.76647472,0.0,0.0,-60.61552528,0.0,0.0
GLU 113,104.912,0.0,0.0,-5.517,0.0,0.0,-116.432,0.0,0.0,-36.759,0.0,0.0,0.20172156000000002,0.0,0.0,-53.59427843999999,0.0,0.0
GLN 114,41.869,0.0,0.0,-12.988,0.0,0.0,-83.838,0.0,0.0,-1.66,0.0,0.0,0.018704420000000003,0.0,0.0,-56.59829557999999,0.0,0.0
ILE 115,82.644,0.0,0.0,-9.548,0.0,0.0,-70.39,0.0,0.0,-1.478,0.0,0.0,0.08930534000000001,0.0,0.0,1.317305340000003,0.0,0.0
GLY 116,76.015,0.0,0.0,-3.365,0.0,0.0,-75.611,0.0,0.0,-2.033,0.0,0.0,0.06848712,0.0,0.0,-4.925512879999998,0.0,0.0
TRP 117,123.538,0.0,0.0,-19.467,0.0,0.0,-89.057,0.0,0.0,-4.065,0.0,0.0,0.0039024000000000003,0.0,0.0,10.952902399999994,0.0,0.0
MET 118,101.866,0.0,0.0,-10.042,0.0,0.0,-80.75,0.0,0.0,-5.307,0.0,0.0,0.23363452,0.0,0.0,6.0006345199999975,0.0,0.0
THR 119,30.986,0.0,0.0,-6.404,0.0,0.0,-35.43,0.0,0.0,-6.069,0.0,0.0,0.29000252000000004,0.0,0.0,-16.626997479999996,0.0,0.0
HID 120,88.976,0.0,0.0,-10.403,0.0,0.0,-56.113,0.0,0.0,-10.835,0.0,0.0,0.25924402,0.0,0.0,11.884244019999993,0.0,0.0
ASN 121,28.538,0.0,0.0,-4.773,0.0,0.0,-67.965,0.0,0.0,-15.61,0.0,0.0,0.7367460200000001,0.0,0.0,-59.073253980000004,0.0,0.0
PRO 122,92.169,0.0,0.0,-3.882,0.0,0.0,-59.606,0.0,0.0,-3.165,0.0,0.0,0.63111022,0.0,0.0,26.14711021999999,0.0,0.0
PRO 123,85.474,0.0,0.0,-6.471,0.0,0.0,-58.775,0.0,0.0,-3.987,0.0,0.0,0.41270048000000004,0.0,0.0,16.65370048,0.0,0.0
ILE 124,90.621,0.0,0.0,-7.215,0.0,0.0,-63.503,0.0,0.0,-1.602,0.0,0.0,0.2898074,0.0,0.0,18.590807399999992,0.0,0.0
PRO 125,91.417,0.0,0.0,-5.735,0.0,0.0,-66.073,0.0,0.0,-1.673,0.0,0.0,0.31680442000000003,0.0,0.0,18.252804420000007,0.0,0.0
VAL 126,54.266,0.0,0.0,-8.792,0.0,0.0,-56.2,0.0,0.0,-1.493,0.0,0.0,0.0,0.0,0.0,-12.219000000000007,0.0,0.0
GLY 127,72.511,0.0,0.0,-4.879,0.0,0.0,-71.025,0.0,0.0,-2.066,0.0,0.0,0.01786432,0.0,0.0,-5.441135680000015,0.0,0.0
GLU 128,106.378,0.0,0.0,-6.87,0.0,0.0,-116.046,0.0,0.0,-34.692,0.0,0.0,0.46777852000000003,0.0,0.0,-50.76222148000001,0.0,0.0
ILE 129,87.472,0.0,0.0,-10.534,0.0,0.0,-66.147,0.0,0.0,-1.332,0.0,0.0,0.0383194,0.0,0.0,9.497319399999983,0.0,0.0
TYR 130,97.16,0.0,0.0,-15.929,0.0,0.0,-90.169,0.0,0.0,-1.845,0.0,0.0,0.024726040000000005,0.0,0.0,-10.758273960000004,0.0,0.0
LYS 131,145.002,0.0,0.0,-11.653,0.0,0.0,-143.317,0.0,0.0,2.496,0.0,0.0,0.0810561,0.0,0.0,-7.390943899999989,0.0,0.0
ARG 132,-184.344,0.0,0.0,-8.652,0.0,0.0,43.626,0.0,0.0,-16.776,0.0,0.0,0.77011154,0.0,0.0,-165.37588846,0.0,0.0
TRP 133,124.901,0.0,0.0,-18.565,0.0,0.0,-96.936,0.0,0.0,-4.3,0.0,0.0,0.10121850000000002,0.0,0.0,5.2012184999999915,0.0,0.0
ILE 134,86.482,0.0,0.0,-12.64,0.0,0.0,-71.548,0.0,0.0,-0.59,0.0,0.0,0.004314320000000001,0.0,0.0,1.708314319999997,0.0,0.0
ILE 135,84.993,0.0,0.0,-9.268,0.0,0.0,-65.594,0.0,0.0,0.704,0.0,0.0,0.2174233,0.0,0.0,11.052423300000001,0.0,0.0
LEU 136,77.949,0.0,0.0,-7.762,0.0,0.0,-83.72,0.0,0.0,3.517,0.0,0.0,0.34088548,0.0,0.0,-9.675114520000001,0.0,0.0
GLY 137,77.514,0.0,0.0,-5.506,0.0,0.0,-79.951,0.0,0.0,1.141,0.0,0.0,0.0,0.0,0.0,-6.801999999999998,0.0,0.0
LEU 138,59.377,0.0,0.0,-10.434,0.0,0.0,-66.414,0.0,0.0,-0.34,0.0,0.0,0.05001576,0.0,0.0,-17.760984239999996,0.0,0.0
ASN 139,32.482,0.0,0.0,-7.125,0.0,0.0,-88.444,0.0,0.0,-5.644,0.0,0.0,0.31800224,0.0,0.0,-68.41299776000001,0.0,0.0
LYS 140,131.999,0.0,0.0,-10.017,0.0,0.0,-119.934,0.0,0.0,-15.678,0.0,0.0,0.23389468000000002,0.0,0.0,-13.396105319999998,0.0,0.0
ILE 141,87.425,0.0,0.0,-10.696,0.0,0.0,-76.904,0.0,0.0,-1.388,0.0,0.0,0.1149311,0.0,0.0,-1.448068899999997,0.0,0.0
VAL 142,62.112,0.0,0.0,-9.065,0.0,0.0,-58.202,0.0,0.0,-3.584,0.0,0.0,0.12549468,0.0,0.0,-8.613505319999994,0.0,0.0
ARG 143,-196.839,0.0,0.0,-7.806,0.0,0.0,67.203,0.0,0.0,-38.827,0.0,0.0,0.93888492,0.0,0.0,-175.33011508,0.0,0.0
MET 144,89.812,0.0,0.0,-9.104,0.0,0.0,-69.811,0.0,0.0,-8.169,0.0,0.0,0.37646236,0.0,0.0,3.104462359999991,0.0,0.0
TYR 145,91.358,0.0,0.0,-8.335,0.0,0.0,-82.879,0.0,0.0,-11.735,0.0,0.0,0.52033626,0.0,0.0,-11.070663740000008,0.0,0.0
SER 146,92.294,0.0,0.0,-2.471,0.0,0.0,-66.33,0.0,0.0,-13.832,0.0,0.0,0.46699804000000006,0.0,0.0,10.127998039999994,0.0,0.0
PRO 147,92.771,0.0,0.0,-5.773,0.0,0.0,-67.448,0.0,0.0,-5.212,0.0,0.0,0.20822014000000003,0.0,0.0,14.546220140000012,0.0,0.0
THR 148,43.75,0.0,0.0,-2.454,0.0,0.0,-48.012,0.0,0.0,-11.201,0.0,0.0,0.8076884000000001,0.0,0.0,-17.1093116,0.0,0.0
SER 149,60.292,0.0,0.0,-2.625,0.0,0.0,-45.001,0.0,0.0,-13.111,0.0,0.0,0.60185306,0.0,0.0,0.15685306000000332,0.0,0.0
ILE 150,57.365,0.0,0.0,-0.236,0.0,0.0,-27.209,0.0,0.0,-9.479,0.0,0.0,1.2535755400000002,0.0,0.0,21.694575540000006,0.0,0.0

Ligand:
Total Energy Decomposition:
Residue,Internal,,,van der Waals,,,Electrostatic,,,Polar Solvation,,,Non-Polar Solv.,,,TOTAL,,
,Avg.,Std. Dev.,Std. Err. of Mean,Avg.,Std. Dev.,Std. Err. of Mean,Avg.,Std. Dev.,Std. Err. of Mean,Avg.,Std. Dev.,Std. Err. of Mean,Avg.,Std. Dev.,Std. Err. of Mean,Avg.,Std. Dev.,Std. Err. of Mean
LEU   1,42.864,0.0,0.0,-1.862,0.0,0.0,-41.9,0.0,0.0,-3.419,0.0,0.0,1.1266283000000001,0.0,0.0,-3.1903717000000036,0.0,0.0
ASP   2,97.979,0.0,0.0,-2.911,0.0,0.0,-73.032,0.0,0.0,-77.541,0.0,0.0,0.71529908,0.0,0.0,-54.789700919999994,0.0,0.0
ILE   3,101.748,0.0,0.0,-6.173,0.0,0.0,-73.676,0.0,0.0,-2.618,0.0,0.0,0.1066656,0.0,0.0,19.387665600000002,0.0,0.0
ARG   4,-189.949,0.0,0.0,-7.272,0.0,0.0,45.953,0.0,0.0,-20.426,0.0,0.0,0.9090261400000001,0.0,0.0,-170.78497385999998,0.0,0.0
GLN   5,31.939,0.0,0.0,-8.747,0.0,0.0,-86.185,0.0,0.0,-3.405,0.0,0.0,0.08763056,0.0,0.0,-66.31036944,0.0,0.0
GLY   6,89.413,0.0,0.0,-3.479,0.0,0.0,-71.403,0.0,0.0,-6.791,0.0,0.0,0.0937931,0.0,0.0,7.833793099999991,0.0,0.0
PRO   7,88.835,0.0,0.0,-2.735,0.0,0.0,-54.234,0.0,0.0,-7.847,0.0,0.0,0.8502679200000001,0.0,0.0,24.86926791999999,0.0,0.0
LYS   8,121.997,0.0,0.0,-2.981,0.0,0.0,-86.055,0.0,0.0,-47.066,0.0,0.0,1.23566244,0.0,0.0,-12.869337560000004,0.0,0.0
GLU   9,108.093,0.0,0.0,-6.744,0.0,0.0,-121.681,0.0,0.0,-28.476,0.0,0.0,0.19362408,0.0,0.0,-48.61437591999999,0.0,0.0
PRO  10,79.064,0.0,0.0,-6.108,0.0,0.0,-57.355,0.0,0.0,-3.059,0.0,0.0,0.40300952,0.0,0.0,12.94500951999999,0.0,0.0
PHE  11,103.365,0.0,0.0,-14.246,0.0,0.0,-72.143,0.0,0.0,-3.59,0.0,0.0,0.0035988800000000005,0.0,0.0,13.38959888,0.0,0.0
ARG  12,-204.473,0.0,0.0,-5.273,0.0,0.0,-4.658,0.0,0.0,26.331,0.0,0.0,0.47821744000000005,0.0,0.0,-187.59478256,0.0,0.0
ASP  13,90.252,0.0,0.0,-7.728,0.0,0.0,-75.234,0.0,0.0,-72.65,0.0,0.0,0.43158918000000007,0.0,0.0,-64.92841082,0.0,0.0
TYR  14,97.274,0.0,0.0,-17.204,0.0,0.0,-94.878,0.0,0.0,-2.598,0.0,0.0,0.0,0.0,0.0,-17.406000000000006,0.0,0.0
VAL  15,56.859,0.0,0.0,-10.289,0.0,0.0,-55.6,0.0,0.0,0.827,0.0,0.0,0.0420863,0.0,0.0,-8.160913700000002,0.0,0.0
ASP  16,115.967,0.0,0.0,-7.32,0.0,0.0,-114.867,0.0,0.0,-46.497,0.0,0.0,0.40315044000000005,0.0,0.0,-52.313849560000016,0.0,0.0
ARG  17,-198.505,0.0,0.0,-9.697,0.0,0.0,16.489,0.0,0.0,3.635,0.0,0.0,0.52281862,0.0,0.0,-187.55518138,0.0,0.0
PHE  18,94.161,0.0,0.0,-14.941,0.0,0.0,-81.511,0.0,0.0,-0.501,0.0,0.0,0.0040921,0.0,0.0,-2.787907899999997,0.0,0.0
TYR  19,96.609,0.0,0.0,-10.476,0.0,0.0,-93.41,0.0,0.0,-2.655,0.0,0.0,0.30967712000000003,0.0,0.0,-9.62232288,0.0,0.0
LYS  20,136.617,0.0,0.0,-7.279,0.0,0.0,-135.356,0.0,0.0,-13.448,0.0,0.0,0.7533474800000001,0.0,0.0,-18.712652520000002,0.0,0.0
THR  21,43.585,0.0,0.0,-6.61,0.0,0.0,-53.755,0.0,0.0,-5.616,0.0,0.0,0.23346108000000002,0.0,0.0,-22.16253892,0.0,0.0
LEU  22,69.764,0.0,0.0,-10.456,0.0,0.0,-65.951,0.0,0.0,-3.97,0.0,0.0,0.07001014,0.0,0.0,-10.54298986,0.0,0.0
ARG  23,-198.833,0.0,0.0,-6.253,0.0,0.0,65.901,0.0,0.0,-35.663,0.0,0.0,1.1775492,0.0,0.0,-173.67045080000003,0.0,0.0
ALA  24,90.079,0.0,0.0,-3.987,0.0,0.0,-78.793,0.0,0.0,-5.383,0.0,0.0,0.48494908000000003,0.0,0.0,2.400949079999992,0.0,0.0
GLU  25,105.253,0.0,0.0,-5.329,0.0,0.0,-63.269,0.0,0.0,-87.601,0.0,0.0,0.6216198000000001,0.0,0.0,-50.32438019999999,0.0,0.0
GLN  26,25.527,0.0,0.0,-2.563,0.0,0.0,-64.214,0.0,0.0,-16.438,0.0,0.0,0.9759956600000002,0.0,0.0,-56.71200434,0.0,0.0
ALA  27,100.717,0.0,0.0,-4.598,0.0,0.0,-87.513,0.0,0.0,-3.468,0.0,0.0,0.17015548,0.0,0.0,5.308155479999995,0.0,0.0
SER  28,72.455,0.0,0.0,-5.151,0.0,0.0,-66.193,0.0,0.0,-3.1,0.0,0.0,0.29205128,0.0,0.0,-1.696948719999996,0.0,0.0
GLN  29,30.132,0.0,0.0,-6.186,0.0,0.0,-72.267,0.0,0.0,-8.258,0.0,0.0,0.7135972,0.0,0.0,-55.86540279999999,0.0,0.0
GLU  30,110.702,0.0,0.0,-4.729,0.0,0.0,-112.556,0.0,0.0,-47.515,0.0,0.0,0.7378408600000002,0.0,0.0,-53.36015914,0.0,0.0
VAL  31,65.28,0.0,0.0,-6.671,0.0,0.0,-61.948,0.0,0.0,-0.999,0.0,0.0,0.28377494000000003,0.0,0.0,-4.0542250599999985,0.0,0.0
LYS  32,117.584,0.0,0.0,-8.668,0.0,0.0,-113.309,0.0,0.0,-15.508,0.0,0.0,0.39615864,0.0,0.0,-19.50484136,0.0,0.0
ASN  33,18.063,0.0,0.0,-6.242,0.0,0.0,-84.925,0.0,0.0,-6.843,0.0,0.0,0.51036888,0.0,0.0,-79.43663112,0.0,0.0
TRP  34,125.673,0.0,0.0,-9.741,0.0,0.0,-90.65,0.0,0.0,-8.635,0.0,0.0,0.9642993,0.0,0.0,17.6112993,0.0,0.0
MET  35,100.888,0.0,0.0,-10.917,0.0,0.0,-86.98,0.0,0.0,-2.606,0.0,0.0,0.23579710000000004,0.0,0.0,0.6207970999999999,0.0,0.0
THR  36,44.999,0.0,0.0,-6.264,0.0,0.0,-59.729,0.0,0.0,-3.597,0.0,0.0,0.18126648000000004,0.0,0.0,-24.40973352,0.0,0.0
GLU  37,101.292,0.0,0.0,-4.377,0.0,0.0,-67.818,0.0,0.0,-78.584,0.0,0.0,0.6241617800000001,0.0,0.0,-48.86283821999999,0.0,0.0
THR  38,34.915,0.0,0.0,-5.373,0.0,0.0,-44.023,0.0,0.0,-3.385,0.0,0.0,0.33253326000000005,0.0,0.0,-17.533466740000005,0.0,0.0
LEU  39,63.803,0.0,0.0,-8.217,0.0,0.0,-68.024,0.0,0.0,-0.181,0.0,0.0,0.29705394,0.0,0.0,-12.321946060000002,0.0,0.0
LEU  40,83.718,0.0,0.0,-10.207,0.0,0.0,-90.399,0.0,0.0,1.253,0.0,0.0,0.0014363000000000002,0.0,0.0,-15.633563700000005,0.0,0.0
VAL  41,52.963,0.0,0.0,-8.218,0.0,0.0,-58.396,0.0,0.0,1.132,0.0,0.0,0.17513646000000002,0.0,0.0,-12.343863539999997,0.0,0.0
GLN  42,23.168,0.0,0.0,-6.675,0.0,0.0,-75.833,0.0,0.0,-0.498,0.0,0.0,0.47677030000000004,0.0,0.0,-59.3612297,0.0,0.0
ASN  43,17.397,0.0,0.0,-7.808,0.0,0.0,-78.855,0.0,0.0,-5.465,0.0,0.0,0.07312664,0.0,0.0,-74.65787336000001,0.0,0.0
ALA  44,90.685,0.0,0.0,-8.281,0.0,0.0,-81.614,0.0,0.0,0.854,0.0,0.0,0.033116200000000005,0.0,0.0,1.6771161999999922,0.0,0.0
ASN  45,47.895,0.0,0.0,-4.778,0.0,0.0,-92.539,0.0,0.0,-7.423,0.0,0.0,0.23855046,0.0,0.0,-56.60644954,0.0,0.0
PRO  46,80.683,0.0,0.0,-4.581,0.0,0.0,-59.497,0.0,0.0,-3.228,0.0,0.0,0.56263936,0.0,0.0,13.939639360000005,0.0,0.0
ASP  47,88.569,0.0,0.0,-6.53,0.0,0.0,-71.265,0.0,0.0,-67.176,0.0,0.0,0.57501864,0.0,0.0,-55.82698136,0.0,0.0
CYX  48,97.53,0.0,0.0,-7.159,0.0,0.0,-81.863,0.0,0.0,-1.818,0.0,0.0,0.022184060000000002,0.0,0.0,6.712184059999996,0.0,0.0
LYS  49,135.624,0.0,0.0,-7.773,0.0,0.0,-126.112,0.0,0.0,-19.299,0.0,0.0,0.4871225,0.0,0.0,-17.072877499999993,0.0,0.0
THR  50,50.919,0.0,0.0,-5.663,0.0,0.0,-60.807,0.0,0.0,-3.767,0.0,0.0,0.5329757,0.0,0.0,-18.7850243,0.0,0.0
ILE  51,74.284,0.0,0.0,-6.483,0.0,0.0,-55.539,0.0,0.0,-1.558,0.0,0.0,0.36859794000000007,0.0,0.0,11.072597940000001,0.0,0.0
LEU  52,72.371,0.0,0.0,-10.622,0.0,0.0,-70.616,0.0,0.0,-4.306,0.0,0.0,0.029755800000000002,0.0,0.0,-13.143244200000005,0.0,0.0
LYS  53,120.013,0.0,0.0,-5.99,0.0,0.0,-96.213,0.0,0.0,-32.864,0.0,0.0,0.9615134200000001,0.0,0.0,-14.092486579999981,0.0,0.0
ALA  54,83.353,0.0,0.0,-3.291,0.0,0.0,-73.351,0.0,0.0,-5.74,0.0,0.0,0.5069326000000001,0.0,0.0,1.4779325999999984,0.0,0.0
LEU  55,81.213,0.0,0.0,-7.424,0.0,0.0,-77.437,0.0,0.0,-6.911,0.0,0.0,0.34003996000000003,0.0,0.0,-10.21896004000001,0.0,0.0
GLY  56,89.909,0.0,0.0,-3.5,0.0,0.0,-74.651,0.0,0.0,-8.942,0.0,0.0,0.0946874,0.0,0.0,2.91068740000001,0.0,0.0
PRO  57,77.272,0.0,0.0,-2.944,0.0,0.0,-52.836,0.0,0.0,-8.624,0.0,0.0,0.7567078800000001,0.0,0.0,13.624707880000004,0.0,0.0
GLY  58,68.296,0.0,0.0,-1.92,0.0,0.0,-61.735,0.0,0.0,-6.391,0.0,0.0,0.47624998,0.0,0.0,-1.2737500199999947,0.0,0.0
ALA  59,104.647,0.0,0.0,-5.1,0.0,0.0,-91.922,0.0,0.0,-1.198,0.0,0.0,0.13452982000000002,0.0,0.0,6.561529820000014,0.0,0.0
THR  60,50.01,0.0,0.0,-4.293,0.0,0.0,-57.187,0.0,0.0,-3.363,0.0,0.0,0.47208742000000004,0.0,0.0,-14.360912579999999,0.0,0.0
LEU  61,68.018,0.0,0.0,-6.111,0.0,0.0,-68.752,0.0,0.0,-3.416,0.0,0.0,0.30200782,0.0,0.0,-9.958992179999992,0.0,0.0
GLU  62,106.461,0.0,0.0,-2.268,0.0,0.0,-98.625,0.0,0.0,-61.617,0.0,0.0,0.54078592,0.0,0.0,-55.50821408,0.0,0.0
GLU  63,111.2,0.0,0.0,-8.036,0.0,0.0,-68.23,0.0,0.0,-80.437,0.0,0.0,0.43812028000000003,0.0,0.0,-45.06487972,0.0,0.0
MET  64,96.729,0.0,0.0,-12.006,0.0,0.0,-75.704,0.0,0.0,-2.171,0.0,0.0,0.12768436,0.0,0.0,6.975684360000006,0.0,0.0
MET  65,99.998,0.0,0.0,-10.571,0.0,0.0,-85.289,0.0,0.0,-1.601,0.0,0.0,0.12288766,0.0,0.0,2.659887660000005,0.0,0.0
THR  66,35.591,0.0,0.0,-4.141,0.0,0.0,-49.875,0.0,0.0,-4.596,0.0,0.0,0.4792580800000001,0.0,0.0,-22.541741919999996,0.0,0.0
ALA  67,80.15,0.0,0.0,-5.123,0.0,0.0,-64.795,0.0,0.0,-3.564,0.0,0.0,0.15717458,0.0,0.0,6.82517458,0.0,0.0
CYX  68,95.044,0.0,0.0,-6.822,0.0,0.0,-80.609,0.0,0.0,-1.205,0.0,0.0,0.0709207,0.0,0.0,6.4789207,0.0,0.0
GLN  69,45.336,0.0,0.0,-3.605,0.0,0.0,-85.758,0.0,0.0,-8.795,0.0,0.0,0.44688984000000004,0.0,0.0,-52.37511016,0.0,0.0
GLY  70,102.299,0.0,0.0,-1.594,0.0,0.0,-86.224,0.0,0.0,-7.509,0.0,0.0,0.46692216000000003,0.0,0.0,7.438922160000009,0.0,0.0
VAL  71,39.919,0.0,0.0,-1.406,0.0,0.0,-28.529,0.0,0.0,-93.951,0.0,0.0,1.2404049400000001,0.0,0.0,-82.72659506,0.0,0.0

DELTAS:
Total Energy Decomposition:
Residue,Location,Internal,,,van der Waals,,,Electrostatic,,,Polar Solvation,,,Non-Polar Solv.,,,TOTAL,,
,,Avg.,Std. Dev.,Std. Err. of Mean,Avg.,Std. Dev.,Std. Err. of Mean,Avg.,Std. Dev.,Std. Err. of Mean,Avg.,Std. Dev.,Std. Err. of Mean,Avg.,Std. Dev.,Std. Err. of Mean
PRO   1,R PRO   1,0.0,0.0,0.0,0.0,0.0,0.0,-5.5249999999999915,0.0,0.0,5.5280000000000005,0.0,0.0,0.0,0.0,0.0,0.0030000000000081073,0.0,0.0
ILE   2,R ILE   2,0.0,0.0,0.0,-0.0010000000000012221,0.0,0.0,0.02400000000000091,0.0,0.0,-0.02400000000000002,0.0,0.0,0.0,0.0,0.0,-0.0010000000000047748,0.0,0.0
VAL   3,R VAL   3,0.0,0.0,0.0,-0.001000000000000334,0.0,0.0,-0.014000000000002899,0.0,0.0,0.014000000000000012,0.0,0.0,0.0,0.0,0.0,-0.0010000000000083276,0.0,0.0
GLN   4,R GLN   4,0.0,0.0,0.0,0.0,0.0,0.0,0.045000000000001705,0.0,0.0,-0.045999999999999375,0.0,0.0,0.0,0.0,0.0,-0.0009999999999976694,0.0,0.0
ASN   5,R ASN   5,0.0,0.0,0.0,0.0,0.0,0.0,0.04000000000000625,0.0,0.0,-0.03999999999999915,0.0,0.0,0.0,0.0,0.0,0.0,0.0,0.0
LEU   6,R LEU   6,0.0,0.0,0.0,0.0,0.0,0.0,0.015000000000000568,0.0,0.0,-0.015000000000000568,0.0,0.0,0.0,0.0,0.0,0.0,0.0,0.0
GLN   7,R GLN   7,0.0,0.0,0.0,0.0,0.0,0.0,0.018999999999991246,0.0,0.0,-0.018000000000000682,0.0,0.0,0.0,0.0,0.0,0.000999999999990564,0.0,0.0
GLY   8,R GLY   8,0.0,0.0,0.0,0.0,0.0,0.0,0.006000000000000227,0.0,0.0,-0.006000000000000227,0.0,0.0,0.0,0.0,0.0,0.0,0.0,0.0
GLN   9,R GLN   9,0.0,0.0,0.0,-0.001000000000000334,0.0,0.0,0.010000000000005116,0.0,0.0,-0.009999999999999787,0.0,0.0,0.0,0.0,0.0,-0.0010000000000047748,0.0,0.0
MET  10,R MET  10,0.0,0.0,0.0,0.0,0.0,0.0,-0.043000000000006366,0.0,0.0,0.04300000000000015,0.0,0.0,0.0,0.0,0.0,-5.329070518200751e-15,0.0,0.0
VAL  11,R VAL  11,0.0,0.0,0.0,0.0,0.0,0.0,0.031999999999996476,0.0,0.0,-0.03100000000000014,0.0,0.0,0.0,0.0,0.0,0.0009999999999967812,0.0,0.0
HID  12,R HID  12,0.0,0.0,0.0,0.0,0.0,0.0,-0.07399999999999807,0.0,0.0,0.07399999999999984,0.0,0.0,0.0,0.0,0.0,1.7763568394002505e-15,0.0,0.0
GLN  13,R GLN  13,0.0,0.0,0.0,0.0,0.0,0.0,0.04200000000000159,0.0,0.0,-0.041999999999999815,0.0,0.0,0.0,0.0,0.0,0.0,0.0,0.0
ALA  14,R ALA  14,0.0,0.0,0.0,0.0,0.0,0.0,-0.007000000000005002,0.0,0.0,0.007000000000000117,0.0,0.0,0.0,0.0,0.0,-5.329070518200751e-15,0.0,0.0
ILE  15,R ILE  15,0.0,0.0,0.0,-0.001000000000000334,0.0,0.0,-0.021000000000000796,0.0,0.0,0.02200000000000024,0.0,0.0,0.0,0.0,0.0,-5.329070518200751e-15,0.0,0.0
SER  16,R SER  16,0.0,0.0,0.0,-0.001000000000000334,0.0,0.0,0.015999999999998238,0.0,0.0,-0.016000000000000014,0.0,0.0,0.0,0.0,0.0,-0.0009999999999994458,0.0,0.0
PRO  17,R PRO  17,0.0,0.0,0.0,0.0,0.0,0.0,0.014000000000002899,0.0,0.0,-0.015000000000000124,0.0,0.0,0.0,0.0,0.0,-0.0009999999999976694,0.0,0.0
ARG  18,R ARG  18,0.0,0.0,0.0,-0.0019999999999997797,0.0,0.0,-5.256,0.0,0.0,5.277999999999999,0.0,0.0,0.0,0.0,0.0,0.01999999999998181,0.0,0.0
THR  19,R THR  19,0.0,0.0,0.0,-0.002000000000000668,0.0,0.0,-0.006000000000000227,0.0,0.0,0.01100000000000012,0.0,0.0,0.0,0.0,0.0,0.0030000000000036664,0.0,0.0
LEU  20,R LEU  20,0.0,0.0,0.0,-0.0009999999999994458,0.0,0.0,-0.014000000000002899,0.0,0.0,0.01399999999999979,0.0,0.0,0.0,0.0,0.0,-0.001000000000000334,0.0,0.0
ASN  21,R ASN  21,0.0,0.0,0.0,-0.0019999999999997797,0.0,0.0,0.03100000000000591,0.0,0.0,-0.0259999999999998,0.0,0.0,0.0,0.0,0.0,0.0030000000000143245,0.0,0.0
ALA  22,R ALA  22,0.0,0.0,0.0,-0.0030000000000001137,0.0,0.0,-0.07099999999999795,0.0,0.0,0.0730000000000004,0.0,0.0,0.0,0.0,0.0,-0.0009999999999976694,0.0,0.0
TRP  23,R TRP  23,0.0,0.0,0.0,-0.009000000000000341,0.0,0.0,-0.13900000000001,0.0,0.0,0.1459999999999999,0.0,0.0,0.0,0.0,0.0,-0.002000000000011326,0.0,0.0
VAL  24,R VAL  24,0.0,0.0,0.0,-0.004000000000000448,0.0,0.0,-0.044000000000004036,0.0,0.0,0.05200000000000049,0.0,0.0,0.0,0.0,0.0,0.003999999999991566,0.0,0.0
LYS  25,R LYS  25,0.0,0.0,0.0,-0.01100000000000012,0.0,0.0,-5.859999999999999,0.0,0.0,5.940000000000005,0.0,0.0,0.0,0.0,0.0,0.06899999999999551,0.0,0.0
VAL  26,R VAL  26,0.0,0.0,0.0,-0.02099999999999902,0.0,0.0,-0.1769999999999925,0.0,0.0,0.1990000000000003,0.0,0.0,0.0,0.0,0.0,0.0010000000000065512,0.0,0.0
VAL  27,R VAL  27,0.0,0.0,0.0,-0.0129999999999999,0.0,0.0,-0.05299999999999727,0.0,0.0,0.07899999999999974,0.0,0.0,0.0,0.0,0.0,0.013000000000001677,0.0,0.0
GLU  28,R GLU  28,0.0,0.0,0.0,-0.0129999999999999,0.0,0.0,5.786999999999999,0.0,0.0,-5.724999999999994,0.0,0.0,0.0,0.0,0.0,0.04899999999999949,0.0,0.0
GLU  29,R GLU  29,0.0,0.0,0.0,-0.04300000000000015,0.0,0.0,4.519999999999996,0.0,0.0,-4.286000000000001,0.0,0.0,0.0,0.0,0.0,0.1909999999999883,0.0,0.0
LYS  30,R LYS  30,0.0,0.0,0.0,-0.27999999999999936,0.0,0.0,5.972000000000008,0.0,0.0,-4.765000000000001,0.0,0.0,-0.02338188000000002,0.0,0.0,0.903618120000008,0.0,0.0
ALA  31,R ALA  31,0.0,0.0,0.0,-0.040999999999999925,0.0,0.0,-0.2909999999999968,0.0,0.0,0.4009999999999998,0.0,0.0,0.0,0.0,0.0,0.06900000000000617,0.0,0.0
PHE  32,R PHE  32,0.0,0.0,0.0,-0.11100000000000065,0.0,0.0,1.0170000000000101,0.0,0.0,-0.8140000000000001,0.0,0.0,0.0,0.0,0.0,0.09200000000000585,0.0,0.0
SER  33,R SER  33,0.0,0.0,0.0,-0.3810000000000002,0.0,0.0,0.6969999999999956,0.0,0.0,-0.546,0.0,0.0,-0.01235217999999999,0.0,0.0,-0.2423521800000028,0.0,0.0
PRO  34,R PRO  34,0.0,0.0,0.0,-1.0919999999999996,0.0,0.0,-1.902000000000001,0.0,0.0,1.9809999999999999,0.0,0.0,-0.18055104000000005,0.0,0.0,-1.1935510399999991,0.0,0.0
GLU  35,R GLU  35,0.0,0.0,0.0,-1.88,0.0,0.0,-12.565000000000012,0.0,0.0,13.908999999999999,0.0,0.0,-0.35263604000000004,0.0,0.0,-0.8886360400000157,0.0,0.0
VAL  36,R VAL  36,0.0,0.0,0.0,-0.06400000000000006,0.0,0.0,-0.6709999999999994,0.0,0.0,0.675,0.0,0.0,0.0,0.0,0.0,-0.060000000000005826,0.0,0.0
ILE  37,R ILE  37,0.0,0.0,0.0,-0.0730000000000004,0.0,0.0,-0.8130000000000024,0.0,0.0,0.8459999999999999,0.0,0.0,0.0,0.0,0.0,-0.039999999999995595,0.0,0.0
PRO  38,R PRO  38,0.0,0.0,0.0,-0.1509999999999998,0.0,0.0,0.1600000000000037,0.0,0.0,-0.11699999999999999,0.0,0.0,-0.008634059999999999,0.0,0.0,-0.11663405999999199,0.0,0.0
MET  39,R MET  39,0.0,0.0,0.0,-0.11100000000000065,0.0,0.0,0.2669999999999959,0.0,0.0,-0.20000000000000018,0.0,0.0,-0.025246359999999968,0.0,0.0,-0.06924636000000817,0.0,0.0
PHE  40,R PHE  40,0.0,0.0,0.0,-0.011999999999998678,0.0,0.0,-0.1839999999999975,0.0,0.0,0.19700000000000006,0.0,0.0,0.0,0.0,0.0,0.0010000000000021103,0.0,0.0
SER  41,R SER  41,0.0,0.0,0.0,-0.009000000000000341,0.0,0.0,0.1840000000000046,0.0,0.0,-0.14100000000000001,0.0,0.0,0.0,0.0,0.0,0.03400000000000425,0.0,0.0
ALA  42,R ALA  42,0.0,0.0,0.0,-0.004999999999999893,0.0,0.0,0.17399999999999238,0.0,0.0,-0.1639999999999997,0.0,0.0,0.0,0.0,0.0,0.004999999999983018,0.0,0.0
LEU  43,R LEU  43,0.0,0.0,0.0,-0.007000000000000561,0.0,0.0,0.08199999999999363,0.0,0.0,-0.07399999999999984,0.0,0.0,0.0,0.0,0.0,0.0009999999999870113,0.0,0.0
SER  44,R SER  44,0.0,0.0,0.0,-0.0030000000000001137,0.0,0.0,0.07699999999999818,0.0,0.0,-0.06999999999999995,0.0,0.0,0.0,0.0,0.0,0.0039999999999995595,0.0,0.0
GLU  45,R GLU  45,0.0,0.0,0.0,-0.0019999999999997797,0.0,0.0,5.606999999999999,0.0,0.0,-5.600999999999999,0.0,0.0,0.0,0.0,0.0,0.0040000000000048885,0.0,0.0
GLY  46,R GLY  46,0.0,0.0,0.0,-0.0009999999999998899,0.0,0.0,-0.05300000000001148,0.0,0.0,0.052999999999999936,0.0,0.0,0.0,0.0,0.0,-0.0010000000000092157,0.0,0.0
ALA  47,R ALA  47,0.0,0.0,0.0,0.0,0.0,0.0,0.05299999999999727,0.0,0.0,-0.052000000000000046,0.0,0.0,0.0,0.0,0.0,0.0009999999999976694,0.0,0.0
THR  48,R THR  48,0.0,0.0,0.0,-0.0010000000000012221,0.0,0.0,0.030999999999998806,0.0,0.0,-0.030999999999999917,0.0,0.0,0.0,0.0,0.0,-0.0010000000000065512,0.0,0.0
PRO  49,R PRO  49,0.0,0.0,0.0,-0.0009999999999994458,0.0,0.0,0.021000000000000796,0.0,0.0,-0.02100000000000013,0.0,0.0,0.0,0.0,0.0,-0.0010000000000047748,0.0,0.0
GLN  50,R GLN  50,0.0,0.0,0.0,-0.0009999999999994458,0.0,0.0,0.05100000000000193,0.0,0.0,-0.0519999999999996,0.0,0.0,0.0,0.0,0.0,-0.001999999999995339,0.0,0.0
ASP  51,R ASP  51,0.0,0.0,0.0,0.0,0.0,0.0,5.609999999999999,0.0,0.0,-5.612000000000002,0.0,0.0,0.0,0.0,0.0,-0.0020000000000024443,0.0,0.0
LEU  52,R LEU  52,0.0,0.0,0.0,-0.0009999999999994458,0.0,0.0,0.006000000000000227,0.0,0.0,-0.006000000000000005,0.0,0.0,0.0,0.0,0.0,-0.0009999999999976694,0.0,0.0
ASN  53,R ASN  53,0.0,0.0,0.0,-0.0010000000000012221,0.0,0.0,0.15799999999998704,0.0,0.0,-0.15800000000000036,0.0,0.0,0.0,0.0,0.0,-0.0010000000000047748,0.0,0.0
THR  54,R THR  54,0.0,0.0,0.0,-0.0010000000000012221,0.0,0.0,0.02400000000000091,0.0,0.0,-0.02400000000000002,0.0,0.0,0.0,0.0,0.0,-0.0009999999999976694,0.0,0.0
MET  55,R MET  55,0.0,0.0,0.0,-0.0030000000000001137,0.0,0.0,0.009000000000000341,0.0,0.0,-0.007000000000000117,0.0,0.0,0.0,0.0,0.0,-0.001000000000000334,0.0,0.0
LEU  56,R LEU  56,0.0,0.0,0.0,-0.0009999999999994458,0.0,0.0,-0.01099999999999568,0.0,0.0,0.01100000000000001,0.0,0.0,0.0,0.0,0.0,-0.0009999999999994458,0.0,0.0
ASN  57,R ASN  57,0.0,0.0,0.0,0.0,0.0,0.0,0.11499999999999488,0.0,0.0,-0.11399999999999899,0.0,0.0,0.0,0.0,0.0,0.0009999999999763531,0.0,0.0
THR  58,R THR  58,0.0,0.0,0.0,-0.001000000000000334,0.0,0.0,-0.06300000000000239,0.0,0.0,0.06500000000000039,0.0,0.0,0.0,0.0,0.0,0.0009999999999976694,0.0,0.0
VAL  59,R VAL  59,0.0,0.0,0.0,-0.0019999999999997797,0.0,0.0,0.0379999999999967,0.0,0.0,-0.03600000000000003,0.0,0.0,0.0,0.0,0.0,-5.773159728050814e-15,0.0,0.0
ALA  60,R ALA  60,0.0,0.0,0.0,-0.0009999999999994458,0.0,0.0,0.045000000000001705,0.0,0.0,-0.04400000000000004,0.0,0.0,0.0,0.0,0.0,-3.552713678800501e-15,0.0,0.0
PRO  61,R PRO  61,0.0,0.0,0.0,-0.0009999999999998899,0.0,0.0,0.015999999999998238,0.0,0.0,-0.016000000000000014,0.0,0.0,0.0,0.0,0.0,-0.0010000000000083276,0.0,0.0
HID  62,R HID  62,0.0,0.0,0.0,-0.0039999999999995595,0.0,0.0,-0.014000000000010004,0.0,0.0,0.032999999999999474,0.0,0.0,0.0,0.0,0.0,0.014999999999982805,0.0,0.0
GLN  63,R GLN  63,0.0,0.0,0.0,-0.0030000000000001137,0.0,0.0,0.15900000000000603,0.0,0.0,-0.15199999999999925,0.0,0.0,0.0,0.0,0.0,0.0040000000000048885,0.0,0.0
ALA  64,R ALA  64,0.0,0.0,0.0,-0.0019999999999997797,0.0,0.0,0.09899999999998954,0.0,0.0,-0.09299999999999997,0.0,0.0,0.0,0.0,0.0,0.00399999999999423,0.0,0.0
ALA  65,R ALA  65,0.0,0.0,0.0,-0.0030000000000001137,0.0,0.0,0.17300000000000182,0.0,0.0,-0.16700000000000004,0.0,0.0,0.0,0.0,0.0,0.00300000000000189,0.0,0.0
ALA  66,R ALA  66,0.0,0.0,0.0,-0.0019999999999997797,0.0,0.0,0.09100000000000819,0.0,0.0,-0.08999999999999997,0.0,0.0,0.0,0.0,0.0,-0.0009999999999870113,0.0,0.0
GLN  67,R GLN  67,0.0,0.0,0.0,-0.001000000000000334,0.0,0.0,0.08299999999999841,0.0,0.0,-0.08200000000000074,0.0,0.0,0.0,0.0,0.0,0.0,0.0,0.0
MET  68,R MET  68,0.0,0.0,0.0,-0.0039999999999995595,0.0,0.0,-0.11200000000000898,0.0,0.0,0.1160000000000001,0.0,0.0,0.0,0.0,0.0,-1.3766765505351941e-14,0.0,0.0
LEU  69,R LEU  69,0.0,0.0,0.0,-0.0030000000000001137,0.0,0.0,0.09300000000000352,0.0,0.0,-0.09299999999999997,0.0,0.0,0.0,0.0,0.0,-0.002999999999996561,0.0,0.0
LYS  70,R LYS  70,0.0,0.0,0.0,-0.001000000000000334,0.0,0.0,-6.610000000000014,0.0,0.0,6.6080000000000005,0.0,0.0,0.0,0.0,0.0,-0.0030000000000178773,0.0,0.0
GLU  71,R GLU  71,0.0,0.0,0.0,-0.0009999999999994458,0.0,0.0,7.177999999999997,0.0,0.0,-7.171999999999997,0.0,0.0,0.0,0.0,0.0,0.005000000000009663,0.0,0.0
THR  72,R THR  72,0.0,0.0,0.0,-0.0019999999999988916,0.0,0.0,0.10500000000000398,0.0,0.0,-0.10400000000000009,0.0,0.0,0.0,0.0,0.0,-0.0009999999999976694,0.0,0.0
ILE  73,R ILE  73,0.0,0.0,0.0,-0.0010000000000012221,0.0,0.0,0.015999999999998238,0.0,0.0,-0.01499999999999968,0.0,0.0,0.0,0.0,0.0,-5.329070518200751e-15,0.0,0.0
ASN  74,R ASN  74,0.0,0.0,0.0,-0.001000000000000334,0.0,0.0,-0.12299999999999045,0.0,0.0,0.12300000000000022,0.0,0.0,0.0,0.0,0.0,-0.000999999999990564,0.0,0.0
GLU  75,R GLU  75,0.0,0.0,0.0,0.0,0.0,0.0,7.380000000000003,0.0,0.0,-7.374000000000009,0.0,0.0,0.0,0.0,0.0,0.005999999999993122,0.0,0.0
GLU  76,R GLU  76,0.0,0.0,0.0,-0.0009999999999994458,0.0,0.0,8.802,0.0,0.0,-8.782999999999987,0.0,0.0,0.0,0.0,0.0,0.018000000000022,0.0,0.0
ALA  77,R ALA  77,0.0,0.0,0.0,0.0,0.0,0.0,-0.060000000000002274,0.0,0.0,0.05899999999999972,0.0,0.0,0.0,0.0,0.0,-0.0010000000000025544,0.0,0.0
ALA  78,R ALA  78,0.0,0.0,0.0,0.0,0.0,0.0,-0.10999999999999943,0.0,0.0,0.11000000000000001,0.0,0.0,0.0,0.0,0.0,8.881784197001252e-16,0.0,0.0
GLU  79,R GLU  79,0.0,0.0,0.0,-0.0009999999999994458,0.0,0.0,8.434000000000005,0.0,0.0,-8.421999999999997,0.0,0.0,0.0,0.0,0.0,0.011000000000016996,0.0,0.0
TRP  80,R TRP  80,0.0,0.0,0.0,-0.0010000000000012221,0.0,0.0,0.03699999999999193,0.0,0.0,-0.037000000000000005,0.0,0.0,0.0,0.0,0.0,-0.0010000000000127685,0.0,0.0
ASP  81,R ASP  81,0.0,0.0,0.0,0.0,0.0,0.0,6.2549999999999955,0.0,0.0,-6.251999999999995,0.0,0.0,0.0,0.0,0.0,0.0030000000000001137,0.0,0.0
ARG  82,R ARG  82,0.0,0.0,0.0,-0.001000000000000334,0.0,0.0,-7.704000000000001,0.0,0.0,7.696999999999999,0.0,0.0,0.0,0.0,0.0,-0.008000000000009777,0.0,0.0
LEU  83,R LEU  83,0.0,0.0,0.0,0.0,0.0,0.0,-0.08100000000000307,0.0,0.0,0.08099999999999996,0.0,0.0,0.0,0.0,0.0,-3.552713678800501e-15,0.0,0.0
HID  84,R HID  84,0.0,0.0,0.0,0.0,0.0,0.0,0.021000000000000796,0.0,0.0,-0.02099999999999902,0.0,0.0,0.0,0.0,0.0,3.552713678800501e-15,0.0,0.0
PRO  85,R PRO  85,0.0,0.0,0.0,0.0,0.0,0.0,0.04999999999999716,0.0,0.0,-0.04999999999999982,0.0,0.0,0.0,0.0,0.0,-3.552713678800501e-15,0.0,0.0
VAL  86,R VAL  86,0.0,0.0,0.0,0.0,0.0,0.0,-0.026000000000003354,0.0,0.0,0.0259999999999998,0.0,0.0,0.0,0.0,0.0,-3.552713678800501e-15,0.0,0.0
HID  87,R HID  87,0.0,0.0,0.0,0.0,0.0,0.0,-0.09599999999999653,0.0,0.0,0.09600000000000009,0.0,0.0,0.0,0.0,0.0,3.552713678800501e-15,0.0,0.0
ALA  88,R ALA  88,0.0,0.0,0.0,0.0,0.0,0.0,-0.043000000000006366,0.0,0.0,0.04299999999999926,0.0,0.0,0.0,0.0,0.0,-7.105427357601002e-15,0.0,0.0
GLY  89,R GLY  89,0.0,0.0,0.0,0.0,0.0,0.0,0.057999999999992724,0.0,0.0,-0.05799999999999983,0.0,0.0,0.0,0.0,0.0,-7.105427357601002e-15,0.0,0.0
PRO  90,R PRO  90,0.0,0.0,0.0,0.0,0.0,0.0,-0.017000000000003013,0.0,0.0,0.016000000000000014,0.0,0.0,0.0,0.0,0.0,-0.0010000000000029985,0.0,0.0
ILE  91,R ILE  91,0.0,0.0,0.0,0.0,0.0,0.0,-0.03399999999999892,0.0,0.0,0.03399999999999981,0.0,0.0,0.0,0.0,0.0,0.0,0.0,0.0
ALA  92,R ALA  92,0.0,0.0,0.0,0.0,0.0,0.0,0.034000000000006025,0.0,0.0,-0.03399999999999981,0.0,0.0,0.0,0.0,0.0,7.105427357601002e-15,0.0,0.0
PRO  93,R PRO  93,0.0,0.0,0.0,0.0,0.0,0.0,0.016999999999995907,0.0,0.0,-0.016000000000000014,0.0,0.0,0.0,0.0,0.0,0.0009999999999941167,0.0,0.0
GLY  94,R GLY  94,0.0,0.0,0.0,0.0,0.0,0.0,0.006999999999990791,0.0,0.0,-0.007000000000000561,0.0,0.0,0.0,0.0,0.0,-9.769962616701378e-15,0.0,0.0
GLN  95,R GLN  95,0.0,0.0,0.0,0.0,0.0,0.0,-0.009000000000000341,0.0,0.0,0.008000000000000895,0.0,0.0,0.0,0.0,0.0,-0.0009999999999976694,0.0,0.0
MET  96,R MET  96,0.0,0.0,0.0,0.0,0.0,0.0,-0.06499999999999773,0.0,0.0,0.06500000000000039,0.0,0.0,0.0,0.0,0.0,1.7763568394002505e-15,0.0,0.0
ARG  97,R ARG  97,0.0,0.0,0.0,0.0,0.0,0.0,-5.209999999999999,0.0,0.0,5.210000000000001,0.0,0.0,0.0,0.0,0.0,-2.842170943040401e-14,0.0,0.0
GLU  98,R GLU  98,0.0,0.0,0.0,0.0,0.0,0.0,5.569999999999993,0.0,0.0,-5.568000000000005,0.0,0.0,0.0,0.0,0.0,0.0019999999999882334,0.0,0.0
PRO  99,R PRO  99,0.0,0.0,0.0,0.0,0.0,0.0,0.036999999999999034,0.0,0.0,-0.03699999999999992,0.0,0.0,0.0,0.0,0.0,0.0,0.0,0.0
ARG 100,R ARG 100,0.0,0.0,0.0,0.0,0.0,0.0,-5.782999999999998,0.0,0.0,5.780999999999999,0.0,0.0,0.0,0.0,0.0,-0.0020000000000095497,0.0,0.0
GLY 101,R GLY 101,0.0,0.0,0.0,0.0,0.0,0.0,-0.008000000000009777,0.0,0.0,0.007000000000000117,0.0,0.0,0.0,0.0,0.0,-0.001000000000010104,0.0,0.0
SER 102,R SER 102,0.0,0.0,0.0,0.0,0.0,0.0,0.030000000000001137,0.0,0.0,-0.029999999999999805,0.0,0.0,0.0,0.0,0.0,1.7763568394002505e-15,0.0,0.0
ASP 103,R ASP 103,0.0,0.0,0.0,0.0,0.0,0.0,5.631999999999991,0.0,0.0,-5.631,0.0,0.0,0.0,0.0,0.0,0.000999999999990564,0.0,0.0
ILE 104,R ILE 104,0.0,0.0,0.0,-0.0010000000000012221,0.0,0.0,-0.05799999999999983,0.0,0.0,0.057999999999999996,0.0,0.0,0.0,0.0,0.0,-0.0010000000000047748,0.0,0.0
ALA 105,R ALA 105,0.0,0.0,0.0,-0.001000000000000334,0.0,0.0,-0.031999999999996476,0.0,0.0,0.030999999999999972,0.0,0.0,0.0,0.0,0.0,-0.002000000000001334,0.0,0.0
GLY 106,R GLY 106,0.0,0.0,0.0,0.0,0.0,0.0,-0.05100000000000193,0.0,0.0,0.051000000000000156,0.0,0.0,0.0,0.0,0.0,-1.7763568394002505e-15,0.0,0.0
THR 107,R THR 107,0.0,0.0,0.0,0.0,0.0,0.0,-0.0759999999999934,0.0,0.0,0.07600000000000051,0.0,0.0,0.0,0.0,0.0,7.105427357601002e-15,0.0,0.0
THR 108,R THR 108,0.0,0.0,0.0,0.0,0.0,0.0,0.01899999999999835,0.0,0.0,-0.018999999999999906,0.0,0.0,0.0,0.0,0.0,-3.552713678800501e-15,0.0,0.0
SER 109,R SER 109,0.0,0.0,0.0,0.0,0.0,0.0,-0.000999999999990564,0.0,0.0,0.0019999999999997797,0.0,0.0,0.0,0.0,0.0,0.0010000000000092157,0.0,0.0
THR 110,R THR 110,0.0,0.0,0.0,0.0,0.0,0.0,0.02099999999999369,0.0,0.0,-0.020000000000000018,0.0,0.0,0.0,0.0,0.0,0.0009999999999941167,0.0,0.0
LEU 111,R LEU 111,0.0,0.0,0.0,0.0,0.0,0.0,0.027000000000001023,0.0,0.0,-0.027000000000000135,0.0,0.0,0.0,0.0,0.0,1.7763568394002505e-15,0.0,0.0
GLN 112,R GLN 112,0.0,0.0,0.0,0.0,0.0,0.0,0.0040000000000048885,0.0,0.0,-0.004999999999999005,0.0,0.0,0.0,0.0,0.0,-0.0009999999999976694,0.0,0.0
GLU 113,R GLU 113,0.0,0.0,0.0,-0.0009999999999994458,0.0,0.0,5.170000000000002,0.0,0.0,-5.168999999999997,0.0,0.0,0.0,0.0,0.0,0.0,0.0,0.0
GLN 114,R GLN 114,0.0,0.0,0.0,0.0,0.0,0.0,0.02199999999999136,0.0,0.0,-0.02200000000000002,0.0,0.0,0.0,0.0,0.0,-1.4210854715202004e-14,0.0,0.0
ILE 115,R ILE 115,0.0,0.0,0.0,0.0,0.0,0.0,0.03700000000000614,0.0,0.0,-0.038000000000000034,0.0,0.0,0.0,0.0,0.0,-0.0009999999999936726,0.0,0.0
GLY 116,R GLY 116,0.0,0.0,0.0,0.0,0.0,0.0,0.0,0.0,0.0,0.0,0.0,0.0,0.0,0.0,0.0,0.0,0.0,0.0
TRP 117,R TRP 117,0.0,0.0,0.0,-0.0010000000000012221,0.0,0.0,0.018000000000000682,0.0,0.0,-0.017999999999999794,0.0,0.0,0.0,0.0,0.0,-0.0010000000000029985,0.0,0.0
MET 118,R MET 118,0.0,0.0,0.0,0.0,0.0,0.0,0.01999999999999602,0.0,0.0,-0.019999999999999574,0.0,0.0,0.0,0.0,0.0,-3.552713678800501e-15,0.0,0.0
THR 119,R THR 119,0.0,0.0,0.0,0.0,0.0,0.0,-0.04099999999999682,0.0,0.0,0.040000000000000036,0.0,0.0,0.0,0.0,0.0,-0.0009999999999976694,0.0,0.0
HID 120,R HID 120,0.0,0.0,0.0,0.0,0.0,0.0,-0.014000000000002899,0.0,0.0,0.014000000000001123,0.0,0.0,0.0,0.0,0.0,-1.7763568394002505e-15,0.0,0.0
ASN 121,R ASN 121,0.0,0.0,0.0,0.0,0.0,0.0,0.010000000000005116,0.0,0.0,-0.009999999999999787,0.0,0.0,0.0,0.0,0.0,7.105427357601002e-15,0.0,0.0
PRO 122,R PRO 122,0.0,0.0,0.0,0.0,0.0,0.0,-0.06299999999999528,0.0,0.0,0.06199999999999983,0.0,0.0,0.0,0.0,0.0,-0.0009999999999976694,0.0,0.0
PRO 123,R PRO 123,0.0,0.0,0.0,0.0,0.0,0.0,0.022999999999996135,0.0,0.0,-0.022999999999999687,0.0,0.0,0.0,0.0,0.0,0.0,0.0,0.0
ILE 124,R ILE 124,0.0,0.0,0.0,-0.001000000000000334,0.0,0.0,-0.055999999999997385,0.0,0.0,0.05600000000000005,0.0,0.0,0.0,0.0,0.0,-0.0009999999999870113,0.0,0.0
PRO 125,R PRO 125,0.0,0.0,0.0,0.0,0.0,0.0,0.08499999999999375,0.0,0.0,-0.08399999999999985,0.0,0.0,0.0,0.0,0.0,0.0009999999999941167,0.0,0.0
VAL 126,R VAL 126,0.0,0.0,0.0,0.0,0.0,0.0,0.12100000000000222,0.0,0.0,-0.121,0.0,0.0,0.0,0.0,0.0,1.7763568394002505e-15,0.0,0.0
GLY 127,R GLY 127,0.0,0.0,0.0,0.0,0.0,0.0,0.09799999999999898,0.0,0.0,-0.09600000000000009,0.0,0.0,0.0,0.0,0.0,0.0019999999999988916,0.0,0.0
GLU 128,R GLU 128,0.0,0.0,0.0,-0.001000000000000334,0.0,0.0,7.1270000000000095,0.0,0.0,-7.1129999999999995,0.0,0.0,0.0,0.0,0.0,0.01300000000001944,0.0,0.0
ILE 129,R ILE 129,0.0,0.0,0.0,-0.0009999999999994458,0.0,0.0,0.18700000000001182,0.0,0.0,-0.18599999999999994,0.0,0.0,0.0,0.0,0.0,2.1316282072803006e-14,0.0,0.0
TYR 130,R TYR 130,0.0,0.0,0.0,-0.0019999999999988916,0.0,0.0,0.22799999999999443,0.0,0.0,-0.2270000000000001,0.0,0.0,0.0,0.0,0.0,-0.0009999999999976694,0.0,0.0
LYS 131,R LYS 131,0.0,0.0,0.0,-0.0030000000000001137,0.0,0.0,-6.533999999999992,0.0,0.0,6.543999999999999,0.0,0.0,0.0,0.0,0.0,0.006999999999992568,0.0,0.0
ARG 132,R ARG 132,0.0,0.0,0.0,-0.004000000000001336,0.0,0.0,-7.565999999999995,0.0,0.0,7.571,0.0,0.0,0.0,0.0,0.0,0.0009999999999763531,0.0,0.0
TRP 133,R TRP 133,0.0,0.0,0.0,-0.0030000000000001137,0.0,0.0,0.15400000000001057,0.0,0.0,-0.15300000000000047,0.0,0.0,0.0,0.0,0.0,-0.0019999999999900098,0.0,0.0
ILE 134,R ILE 134,0.0,0.0,0.0,-0.0030000000000001137,0.0,0.0,0.26300000000000523,0.0,0.0,-0.259,0.0,0.0,0.0,0.0,0.0,0.001000000000004997,0.0,0.0
ILE 135,R ILE 135,0.0,0.0,0.0,-0.0129999999999999,0.0,0.0,0.44299999999999784,0.0,0.0,-0.44099999999999995,0.0,0.0,0.0,0.0,0.0,-0.011000000000008114,0.0,0.0
LEU 136,R LEU 136,0.0,0.0,0.0,-0.007000000000000561,0.0,0.0,0.48499999999999943,0.0,0.0,-0.48199999999999976,0.0,0.0,0.0,0.0,0.0,-0.0040000000000048885,0.0,0.0
GLY 137,R GLY 137,0.0,0.0,0.0,-0.0030000000000001137,0.0,0.0,0.3329999999999984,0.0,0.0,-0.32600000000000007,0.0,0.0,0.0,0.0,0.0,0.003999999999997783,0.0,0.0
LEU 138,R LEU 138,0.0,0.0,0.0,-0.017000000000001236,0.0,0.0,0.3719999999999999,0.0,0.0,-0.35899999999999993,0.0,0.0,0.0,0.0,0.0,-0.0040000000000048885,0.0,0.0
ASN 139,R ASN 139,0.0,0.0,0.0,-0.03500000000000014,0.0,0.0,1.9110000000000014,0.0,0.0,-1.7779999999999996,0.0,0.0,0.0,0.0,0.0,0.09800000000001319,0.0,0.0
LYS 140,R LYS 140,0.0,0.0,0.0,-0.009999999999999787,0.0,0.0,-10.574999999999989,0.0,0.0,10.59,0.0,0.0,0.0,0.0,0.0,0.005000000000006111,0.0,0.0
ILE 141,R ILE 141,0.0,0.0,0.0,-0.018000000000000682,0.0,0.0,0.29299999999999216,0.0,0.0,-0.256,0.0,0.0,0.0,0.0,0.0,0.018999999999991468,0.0,0.0
VAL 142,R VAL 142,0.0,0.0,0.0,-0.08300000000000018,0.0,0.0,0.1739999999999995,0.0,0.0,-0.10599999999999987,0.0,0.0,0.0,0.0,0.0,-0.015000000000005898,0.0,0.0
ARG 143,R ARG 143,0.0,0.0,0.0,-0.02799999999999958,0.0,0.0,-13.794000000000004,0.0,0.0,13.832999999999998,0.0,0.0,0.0,0.0,0.0,0.01099999999999568,0.0,0.0
MET 144,R MET 144,0.0,0.0,0.0,-0.014000000000001123,0.0,0.0,0.12300000000000466,0.0,0.0,-0.08300000000000018,0.0,0.0,0.0,0.0,0.0,0.026000000000008683,0.0,0.0
TYR 145,R TYR 145,0.0,0.0,0.0,-0.03599999999999959,0.0,0.0,-0.16100000000000136,0.0,0.0,0.2859999999999996,0.0,0.0,0.0,0.0,0.0,0.08900000000001107,0.0,0.0
SER 146,R SER 146,0.0,0.0,0.0,-0.08999999999999986,0.0,0.0,-1.8880000000000052,0.0,0.0,2.16,0.0,0.0,0.0,0.0,0.0,0.1820000000000057,0.0,0.0
PRO 147,R PRO 147,0.0,0.0,0.0,-0.5120000000000005,0.0,0.0,3.0989999999999895,0.0,0.0,-2.6450000000000005,0.0,0.0,-0.04778814000000001,0.0,0.0,-0.10578814000001024,0.0,0.0
THR 148,R THR 148,0.0,0.0,0.0,-3.1679999999999997,0.0,0.0,2.3870000000000005,0.0,0.0,0.2480000000000011,0.0,0.0,-0.4649167600000001,0.0,0.0,-0.997916759999999,0.0,0.0
SER 149,R SER 149,0.0,0.0,0.0,-3.939,0.0,0.0,-14.481000000000002,0.0,0.0,13.087000000000002,0.0,0.0,-0.40105290000000005,0.0,0.0,-5.734052900000001,0.0,0.0
ILE 150,R ILE 150,18.088,0.0,0.0,-7.942000000000001,0.0,0.0,-30.639,0.0,0.0,8.065,0.0,0.0,-1.17896382,0.0,0.0,-13.606963819999999,0.0,0.0
LEU 151,L LEU   1,19.055,0.0,0.0,-2.707,0.0,0.0,-25.156,0.0,0.0,0.956,0.0,0.0,-0.2544364800000001,0.0,0.0,-8.106436480000001,0.0,0.0
ASP 152,L ASP   2,0.0,0.0,0.0,-1.8119999999999998,0.0,0.0,8.951999999999998,0.0,0.0,-7.805000000000007,0.0,0.0,-0.15857294,0.0,0.0,-0.8235729400000054,0.0,0.0
ILE 153,L ILE   3,0.0,0.0,0.0,-2.4730000000000008,0.0,0.0,-0.769999999999996,0.0,0.0,0.8089999999999999,0.0,0.0,-0.09803154,0.0,0.0,-2.5320315399999984,0.0,0.0
ARG 154,L ARG   4,0.0,0.0,0.0,-0.1589999999999998,0.0,0.0,-11.023000000000003,0.0,0.0,11.115999999999998,0.0,0.0,0.0,0.0,0.0,-0.06600000000003092,0.0,0.0
GLN 155,L GLN   5,0.0,0.0,0.0,-0.02400000000000091,0.0,0.0,-0.08599999999999852,0.0,0.0,0.10399999999999965,0.0,0.0,0.0,0.0,0.0,-0.006000000000000227,0.0,0.0
GLY 156,L GLY   6,0.0,0.0,0.0,-0.009999999999999787,0.0,0.0,-0.33099999999998886,0.0,0.0,0.35300000000000065,0.0,0.0,0.0,0.0,0.0,0.012000000000006672,0.0,0.0
PRO 157,L PRO   7,0.0,0.0,0.0,-0.008000000000000007,0.0,0.0,-0.23499999999999943,0.0,0.0,0.23300000000000054,0.0,0.0,0.0,0.0,0.0,-0.009999999999994458,0.0,0.0
LYS 158,L LYS   8,0.0,0.0,0.0,-0.0050000000000003375,0.0,0.0,-9.632999999999996,0.0,0.0,9.641000000000005,0.0,0.0,0.0,0.0,0.0,0.0030000000000001137,0.0,0.0
GLU 159,L GLU   9,0.0,0.0,0.0,-0.023000000000000576,0.0,0.0,11.102999999999994,0.0,0.0,-10.969999999999999,0.0,0.0,0.0,0.0,0.0,0.10999999999999943,0.0,0.0
PRO 160,L PRO  10,0.0,0.0,0.0,-0.005000000000000782,0.0,0.0,0.2459999999999951,0.0,0.0,-0.24499999999999966,0.0,0.0,0.0,0.0,0.0,-0.0039999999999995595,0.0,0.0
PHE 161,L PHE  11,0.0,0.0,0.0,-0.009000000000000341,0.0,0.0,0.14000000000000057,0.0,0.0,-0.12400000000000011,0.0,0.0,0.0,0.0,0.0,0.006999999999999673,0.0,0.0
ARG 162,L ARG  12,0.0,0.0,0.0,-0.008000000000000007,0.0,0.0,-6.928,0.0,0.0,6.937999999999999,0.0,0.0,0.0,0.0,0.0,0.001999999999981128,0.0,0.0
ASP 163,L ASP  13,0.0,0.0,0.0,-0.017000000000000348,0.0,0.0,10.108999999999995,0.0,0.0,-9.983999999999995,0.0,0.0,0.0,0.0,0.0,0.10799999999998988,0.0,0.0
TYR 164,L TYR  14,0.0,0.0,0.0,-0.0730000000000004,0.0,0.0,0.3610000000000042,0.0,0.0,-0.31400000000000006,0.0,0.0,0.0,0.0,0.0,-0.025999999999989143,0.0,0.0
VAL 165,L VAL  15,0.0,0.0,0.0,-0.02400000000000091,0.0,0.0,0.17999999999999972,0.0,0.0,-0.18299999999999994,0.0,0.0,0.0,0.0,0.0,-0.027000000000001023,0.0,0.0
ASP 166,L ASP  16,0.0,0.0,0.0,-0.04899999999999949,0.0,0.0,9.969000000000008,0.0,0.0,-9.665999999999997,0.0,0.0,0.0,0.0,0.0,0.2540000000000191,0.0,0.0
ARG 167,L ARG  17,0.0,0.0,0.0,-0.4880000000000013,0.0,0.0,-11.519000000000002,0.0,0.0,12.4,0.0,0.0,-0.09461152,0.0,0.0,0.29838847999999984,0.0,0.0
PHE 168,L PHE  18,0.0,0.0,0.0,-0.7299999999999986,0.0,0.0,-0.010000000000005116,0.0,0.0,0.068,0.0,0.0,-0.0040921,0.0,0.0,-0.6760920999999946,0.0,0.0
TYR 169,L TYR  19,0.0,0.0,0.0,-0.11799999999999855,0.0,0.0,0.16400000000000148,0.0,0.0,-0.08500000000000041,0.0,0.0,0.0,0.0,0.0,-0.03899999999999437,0.0,0.0
LYS 170,L LYS  20,0.0,0.0,0.0,-0.4720000000000004,0.0,0.0,-11.360000000000014,0.0,0.0,12.164,0.0,0.0,-0.03086690000000003,0.0,0.0,0.30113309999997995,0.0,0.0
THR 171,L THR  21,0.0,0.0,0.0,-2.733999999999999,0.0,0.0,-0.09799999999999898,0.0,0.0,1.0409999999999995,0.0,0.0,-0.20166194,0.0,0.0,-1.9926619400000014,0.0,0.0
LEU 172,L LEU  22,0.0,0.0,0.0,-1.027000000000001,0.0,0.0,-0.19200000000000728,0.0,0.0,0.367,0.0,0.0,-0.054107859999999994,0.0,0.0,-0.9061078600000076,0.0,0.0
ARG 173,L ARG  23,0.0,0.0,0.0,-1.6950000000000003,0.0,0.0,-18.123999999999995,0.0,0.0,17.220999999999997,0.0,0.0,-0.28413807999999996,0.0,0.0,-2.8821380800000043,0.0,0.0
ALA 174,L ALA  24,0.0,0.0,0.0,-1.8709999999999996,0.0,0.0,-1.1059999999999945,0.0,0.0,2.123,0.0,0.0,-0.39156248000000005,0.0,0.0,-1.2455624800000034,0.0,0.0
GLU 175,L GLU  25,0.0,0.0,0.0,-1.383,0.0,0.0,-2.2830000000000084,0.0,0.0,5.744,0.0,0.0,-0.21971054,0.0,0.0,1.8582894599999804,0.0,0.0
GLN 176,L GLN  26,0.0,0.0,0.0,-0.3959999999999999,0.0,0.0,-0.578000000000003,0.0,0.0,1.4189999999999987,0.0,0.0,-0.0017018800000001555,0.0,0.0,0.44329812000000146,0.0,0.0
ALA 177,L ALA  27,0.0,0.0,0.0,-0.09700000000000042,0.0,0.0,0.09000000000000341,0.0,0.0,0.016000000000000014,0.0,0.0,-0.0007208599999999898,0.0,0.0,0.008279139999994634,0.0,0.0
SER 178,L SER  28,0.0,0.0,0.0,-0.023000000000000576,0.0,0.0,0.0660000000000025,0.0,0.0,-0.02699999999999969,0.0,0.0,0.0,0.0,0.0,0.015999999999992465,0.0,0.0
GLN 179,L GLN  29,0.0,0.0,0.0,-0.017000000000000348,0.0,0.0,0.024999999999991473,0.0,0.0,0.047999999999998266,0.0,0.0,0.0,0.0,0.0,0.05599999999999028,0.0,0.0
GLU 180,L GLU  30,0.0,0.0,0.0,-0.009999999999999787,0.0,0.0,6.902999999999992,0.0,0.0,-6.856999999999999,0.0,0.0,0.0,0.0,0.0,0.03599999999998715,0.0,0.0
VAL 181,L VAL  31,0.0,0.0,0.0,-0.06799999999999962,0.0,0.0,0.03999999999999915,0.0,0.0,0.007000000000000006,0.0,0.0,0.0,0.0,0.0,-0.02099999999999902,0.0,0.0
LYS 182,L LYS  32,0.0,0.0,0.0,-0.04300000000000104,0.0,0.0,-6.927999999999997,0.0,0.0,6.981999999999999,0.0,0.0,0.0,0.0,0.0,0.01100000000000989,0.0,0.0
ASN 183,L ASN  33,0.0,0.0,0.0,-0.01100000000000012,0.0,0.0,0.1670000000000016,0.0,0.0,-0.15399999999999991,0.0,0.0,0.0,0.0,0.0,0.0020000000000095497,0.0,0.0
TRP 184,L TRP  34,0.0,0.0,0.0,-0.038000000000000256,0.0,0.0,0.0940000000000083,0.0,0.0,-0.04899999999999949,0.0,0.0,0.0,0.0,0.0,0.007000000000012108,0.0,0.0
MET 185,L MET  35,0.0,0.0,0.0,-0.5990000000000002,0.0,0.0,0.3580000000000041,0.0,0.0,-0.21799999999999997,0.0,0.0,-0.07175538000000004,0.0,0.0,-0.5307553799999998,0.0,0.0
THR 186,L THR  36,0.0,0.0,0.0,-0.020999999999999908,0.0,0.0,0.07399999999999807,0.0,0.0,-0.052000000000000046,0.0,0.0,0.0,0.0,0.0,0.0009999999999976694,0.0,0.0
GLU 187,L GLU  37,0.0,0.0,0.0,-0.008000000000000007,0.0,0.0,6.864999999999995,0.0,0.0,-6.837000000000003,0.0,0.0,0.0,0.0,0.0,0.01999999999998181,0.0,0.0
THR 188,L THR  38,0.0,0.0,0.0,-0.020999999999999908,0.0,0.0,0.16200000000000614,0.0,0.0,-0.1120000000000001,0.0,0.0,0.0,0.0,0.0,0.029000000000010573,0.0,0.0
LEU 189,L LEU  39,0.0,0.0,0.0,-0.7880000000000003,0.0,0.0,-0.015000000000000568,0.0,0.0,0.118,0.0,0.0,-0.07814014,0.0,0.0,-0.7631401400000062,0.0,0.0
LEU 190,L LEU  40,0.0,0.0,0.0,-0.04399999999999871,0.0,0.0,0.28300000000000125,0.0,0.0,-0.2659999999999999,0.0,0.0,0.0,0.0,0.0,-0.026999999999995694,0.0,0.0
VAL 191,L VAL  41,0.0,0.0,0.0,-0.009000000000000341,0.0,0.0,0.1039999999999992,0.0,0.0,-0.09099999999999997,0.0,0.0,0.0,0.0,0.0,0.0039999999999995595,0.0,0.0
GLN 192,L GLN  42,0.0,0.0,0.0,-0.017999999999999794,0.0,0.0,-0.2540000000000049,0.0,0.0,0.29300000000000004,0.0,0.0,0.0,0.0,0.0,0.021000000000000796,0.0,0.0
ASN 193,L ASN  43,0.0,0.0,0.0,-0.1429999999999998,0.0,0.0,-0.6659999999999968,0.0,0.0,0.8220000000000001,0.0,0.0,-0.0025690800000000014,0.0,0.0,0.010430920000004562,0.0,0.0
ALA 194,L ALA  44,0.0,0.0,0.0,-0.007999999999999119,0.0,0.0,0.14500000000001023,0.0,0.0,-0.137,0.0,0.0,0.0,0.0,0.0,1.4654943925052066e-14,0.0,0.0
ASN 195,L ASN  45,0.0,0.0,0.0,-0.004000000000000448,0.0,0.0,-0.30100000000000193,0.0,0.0,0.30900000000000016,0.0,0.0,0.0,0.0,0.0,0.003999999999997783,0.0,0.0
PRO 196,L PRO  46,0.0,0.0,0.0,-0.0019999999999997797,0.0,0.0,-0.09499999999999886,0.0,0.0,0.0940000000000003,0.0,0.0,0.0,0.0,0.0,-0.0029999999999947846,0.0,0.0
ASP 197,L ASP  47,0.0,0.0,0.0,-0.0019999999999997797,0.0,0.0,7.363999999999997,0.0,0.0,-7.352000000000004,0.0,0.0,0.0,0.0,0.0,0.00999999999999801,0.0,0.0
CYX 198,L CYX  48,0.0,0.0,0.0,-0.0019999999999997797,0.0,0.0,-0.18600000000000705,0.0,0.0,0.18900000000000006,0.0,0.0,0.0,0.0,0.0,0.0009999999999976694,0.0,0.0
LYS 199,L LYS  49,0.0,0.0,0.0,-0.004000000000000448,0.0,0.0,-8.573000000000008,0.0,0.0,8.594,0.0,0.0,0.0,0.0,0.0,0.016999999999988802,0.0,0.0
THR 200,L THR  50,0.0,0.0,0.0,-0.0009999999999994458,0.0,0.0,-0.1109999999999971,0.0,0.0,0.1120000000000001,0.0,0.0,0.0,0.0,0.0,-3.552713678800501e-15,0.0,0.0
ILE 201,L ILE  51,0.0,0.0,0.0,-0.001000000000000334,0.0,0.0,-0.1319999999999979,0.0,0.0,0.13200000000000012,0.0,0.0,0.0,0.0,0.0,-0.0009999999999887876,0.0,0.0
LEU 202,L LEU  52,0.0,0.0,0.0,-0.0030000000000001137,0.0,0.0,-0.14100000000000534,0.0,0.0,0.1429999999999998,0.0,0.0,0.0,0.0,0.0,-0.0010000000000047748,0.0,0.0
LYS 203,L LYS  53,0.0,0.0,0.0,-0.0009999999999994458,0.0,0.0,-6.364000000000004,0.0,0.0,6.363999999999997,0.0,0.0,0.0,0.0,0.0,-0.0010000000000118803,0.0,0.0
ALA 204,L ALA  54,0.0,0.0,0.0,0.0,0.0,0.0,-0.07600000000000762,0.0,0.0,0.07600000000000051,0.0,0.0,0.0,0.0,0.0,-7.105427357601002e-15,0.0,0.0
LEU 205,L LEU  55,0.0,0.0,0.0,-0.0009999999999994458,0.0,0.0,-0.11599999999999966,0.0,0.0,0.11599999999999966,0.0,0.0,0.0,0.0,0.0,-0.000999999999990564,0.0,0.0
GLY 206,L GLY  56,0.0,0.0,0.0,0.0,0.0,0.0,-0.01100000000000989,0.0,0.0,0.0129999999999999,0.0,0.0,0.0,0.0,0.0,0.0019999999999900098,0.0,0.0
PRO 207,L PRO  57,0.0,0.0,0.0,-0.0009999999999998899,0.0,0.0,-0.09000000000000341,0.0,0.0,0.08999999999999986,0.0,0.0,0.0,0.0,0.0,-0.0009999999999941167,0.0,0.0
GLY 208,L GLY  58,0.0,0.0,0.0,-0.001000000000000112,0.0,0.0,-0.08100000000000307,0.0,0.0,0.0810000000000004,0.0,0.0,0.0,0.0,0.0,-0.0010000000000074394,0.0,0.0
ALA 209,L ALA  59,0.0,0.0,0.0,-0.001000000000000334,0.0,0.0,0.045000000000001705,0.0,0.0,-0.04300000000000015,0.0,0.0,0.0,0.0,0.0,0.0009999999999976694,0.0,0.0
THR 210,L THR  60,0.0,0.0,0.0,-0.0009999999999994458,0.0,0.0,0.06799999999999784,0.0,0.0,-0.06499999999999995,0.0,0.0,0.0,0.0,0.0,0.0019999999999988916,0.0,0.0
LEU 211,L LEU  61,0.0,0.0,0.0,-0.004999999999999893,0.0,0.0,0.04599999999999227,0.0,0.0,-0.040999999999999925,0.0,0.0,0.0,0.0,0.0,-1.0658141036401503e-14,0.0,0.0
GLU 212,L GLU  62,0.0,0.0,0.0,-0.002000000000000224,0.0,0.0,6.308000000000007,0.0,0.0,-6.295999999999999,0.0,0.0,0.0,0.0,0.0,0.010000000000012221,0.0,0.0
GLU 213,L GLU  63,0.0,0.0,0.0,-0.0010000000000012221,0.0,0.0,5.607000000000006,0.0,0.0,-5.603999999999999,0.0,0.0,0.0,0.0,0.0,0.0020000000000024443,0.0,0.0
MET 214,L MET  64,0.0,0.0,0.0,-0.0030000000000001137,0.0,0.0,0.05499999999999261,0.0,0.0,-0.050000000000000266,0.0,0.0,0.0,0.0,0.0,0.001999999999991786,0.0,0.0
MET 215,L MET  65,0.0,0.0,0.0,-0.0039999999999995595,0.0,0.0,0.13500000000000512,0.0,0.0,-0.13000000000000012,0.0,0.0,0.0,0.0,0.0,0.001000000000000334,0.0,0.0
THR 216,L THR  66,0.0,0.0,0.0,-0.001000000000000334,0.0,0.0,-0.012000000000000455,0.0,0.0,0.0129999999999999,0.0,0.0,0.0,0.0,0.0,-3.552713678800501e-15,0.0,0.0
ALA 217,L ALA  67,0.0,0.0,0.0,-0.0009999999999994458,0.0,0.0,-0.04599999999999227,0.0,0.0,0.04700000000000015,0.0,0.0,0.0,0.0,0.0,1.7763568394002505e-14,0.0,0.0
CYX 218,L CYX  68,0.0,0.0,0.0,-0.001000000000000334,0.0,0.0,0.0759999999999934,0.0,0.0,-0.07199999999999984,0.0,0.0,0.0,0.0,0.0,0.0030000000000027782,0.0,0.0
GLN 219,L GLN  69,0.0,0.0,0.0,-0.0009999999999998899,0.0,0.0,0.046999999999997044,0.0,0.0,-0.04400000000000048,0.0,0.0,0.0,0.0,0.0,0.001999999999995339,0.0,0.0
GLY 220,L GLY  70,0.0,0.0,0.0,-0.0009999999999998899,0.0,0.0,0.010000000000005116,0.0,0.0,-0.009999999999999787,0.0,0.0,0.0,0.0,0.0,-0.0009999999999994458,0.0,0.0
VAL 221,L VAL  71,0.0,0.0,0.0,0.0,0.0,0.0,5.905999999999999,0.0,0.0,-5.904000000000011,0.0,0.0,0.0,0.0,0.0,0.001999999999995339,0.0,0.0

idecomp = 1: Per-residue decomp adding 1-4 interactions to Internal.
Energy Decomposition Analysis (All units kcal/mol): Poisson Boltzmann solvent
Complex:
Total Energy Decomposition:
Residue,Internal,,,van der Waals,,,Electrostatic,,,Polar Solvation,,,Non-Polar Solv.,,,TOTAL,,
,Avg.,Std. Dev.,Std. Err. of Mean,Avg.,Std. Dev.,Std. Err. of Mean,Avg.,Std. Dev.,Std. Err. of Mean,Avg.,Std. Dev.,Std. Err. of Mean,Avg.,Std. Dev.,Std. Err. of Mean,Avg.,Std. Dev.,Std. Err. of Mean
PRO   1,98.712,0.0,0.0,-4.514,0.0,0.0,-101.669,0.0,0.0,5.804,0.0,0.0,0.0,0.0,0.0,-1.6669999999999892,0.0,0.0
ILE   2,94.448,0.0,0.0,-8.201,0.0,0.0,-69.977,0.0,0.0,-2.979,0.0,0.0,0.0,0.0,0.0,13.290999999999983,0.0,0.0
VAL   3,51.789,0.0,0.0,-6.078,0.0,0.0,-52.43,0.0,0.0,-1.259,0.0,0.0,0.0,0.0,0.0,-7.9780000000000015,0.0,0.0
GLN   4,23.682,0.0,0.0,-5.78,0.0,0.0,-59.098,0.0,0.0,-14.851,0.0,0.0,0.0,0.0,0.0,-56.047,0.0,0.0
ASN   5,28.927,0.0,0.0,-6.274,0.0,0.0,-79.583,0.0,0.0,-9.264,0.0,0.0,0.0,0.0,0.0,-66.194,0.0,0.0
LEU   6,78.189,0.0,0.0,-3.923,0.0,0.0,-72.095,0.0,0.0,-6.914,0.0,0.0,0.0,0.0,0.0,-4.743000000000007,0.0,0.0
GLN   7,37.816,0.0,0.0,-4.513,0.0,0.0,-72.739,0.0,0.0,-10.343,0.0,0.0,0.0,0.0,0.0,-49.778999999999996,0.0,0.0
GLY   8,73.42,0.0,0.0,-3.478,0.0,0.0,-68.288,0.0,0.0,-4.78,0.0,0.0,0.0,0.0,0.0,-3.1259999999999897,0.0,0.0
GLN   9,39.027,0.0,0.0,-6.121,0.0,0.0,-79.636,0.0,0.0,-8.013,0.0,0.0,0.0,0.0,0.0,-54.742999999999995,0.0,0.0
MET  10,103.701,0.0,0.0,-9.938,0.0,0.0,-78.245,0.0,0.0,-4.625,0.0,0.0,0.0,0.0,0.0,10.892999999999986,0.0,0.0
VAL  11,60.642,0.0,0.0,-7.421,0.0,0.0,-58.072,0.0,0.0,-1.134,0.0,0.0,0.0,0.0,0.0,-5.984999999999999,0.0,0.0
HID  12,95.826,0.0,0.0,-10.563,0.0,0.0,-62.292,0.0,0.0,-5.019,0.0,0.0,0.0,0.0,0.0,17.95199999999999,0.0,0.0
GLN  13,36.539,0.0,0.0,-3.757,0.0,0.0,-79.229,0.0,0.0,-8.857,0.0,0.0,0.0,0.0,0.0,-55.303999999999995,0.0,0.0
ALA  14,95.547,0.0,0.0,-4.377,0.0,0.0,-78.995,0.0,0.0,-2.764,0.0,0.0,0.0,0.0,0.0,9.410999999999998,0.0,0.0
ILE  15,92.37,0.0,0.0,-7.888,0.0,0.0,-72.11,0.0,0.0,-4.019,0.0,0.0,0.0,0.0,0.0,8.353,0.0,0.0
SER  16,66.463,0.0,0.0,-4.594,0.0,0.0,-51.212,0.0,0.0,-7.171,0.0,0.0,0.0,0.0,0.0,3.485999999999989,0.0,0.0
PRO  17,92.119,0.0,0.0,-4.806,0.0,0.0,-62.887,0.0,0.0,-2.002,0.0,0.0,0.0,0.0,0.0,22.424000000000003,0.0,0.0
ARG  18,-187.573,0.0,0.0,-6.638,0.0,0.0,68.372,0.0,0.0,-37.13,0.0,0.0,0.0,0.0,0.0,-162.96900000000002,0.0,0.0
THR  19,45.289,0.0,0.0,-8.291,0.0,0.0,-53.23,0.0,0.0,-4.458,0.0,0.0,0.0,0.0,0.0,-20.68999999999999,0.0,0.0
LEU  20,62.624,0.0,0.0,-8.292,0.0,0.0,-56.816,0.0,0.0,-2.439,0.0,0.0,0.0,0.0,0.0,-4.923000000000002,0.0,0.0
ASN  21,20.35,0.0,0.0,-4.949,0.0,0.0,-71.952,0.0,0.0,-14.642,0.0,0.0,0.0,0.0,0.0,-71.193,0.0,0.0
ALA  22,95.339,0.0,0.0,-5.0,0.0,0.0,-79.869,0.0,0.0,-3.912,0.0,0.0,0.0,0.0,0.0,6.557999999999999,0.0,0.0
TRP  23,132.82,0.0,0.0,-17.03,0.0,0.0,-100.352,0.0,0.0,-1.455,0.0,0.0,0.0,0.0,0.0,13.982999999999988,0.0,0.0
VAL  24,65.88,0.0,0.0,-6.737,0.0,0.0,-57.042,0.0,0.0,-4.753,0.0,0.0,0.0,0.0,0.0,-2.652000000000008,0.0,0.0
LYS  25,130.729,0.0,0.0,-4.861,0.0,0.0,-103.16,0.0,0.0,-24.845,0.0,0.0,0.0,0.0,0.0,-2.1369999999999862,0.0,0.0
VAL  26,62.715,0.0,0.0,-9.181,0.0,0.0,-64.767,0.0,0.0,-2.663,0.0,0.0,0.0,0.0,0.0,-13.89599999999999,0.0,0.0
VAL  27,38.838,0.0,0.0,-8.505,0.0,0.0,-45.918,0.0,0.0,-0.874,0.0,0.0,0.0,0.0,0.0,-16.459,0.0,0.0
GLU  28,95.609,0.0,0.0,-6.382,0.0,0.0,-40.647,0.0,0.0,-111.863,0.0,0.0,0.0,0.0,0.0,-63.28300000000001,0.0,0.0
GLU  29,115.058,0.0,0.0,-6.325,0.0,0.0,-57.825,0.0,0.0,-104.228,0.0,0.0,0.0,0.0,0.0,-53.31999999999999,0.0,0.0
LYS  30,120.413,0.0,0.0,-8.497,0.0,0.0,-118.871,0.0,0.0,1.294,0.0,0.0,0.0,0.0,0.0,-5.660999999999998,0.0,0.0
ALA  31,86.638,0.0,0.0,-2.725,0.0,0.0,-80.556,0.0,0.0,-2.165,0.0,0.0,0.0,0.0,0.0,1.1920000000000135,0.0,0.0
PHE  32,105.129,0.0,0.0,-8.582,0.0,0.0,-75.335,0.0,0.0,-4.8,0.0,0.0,0.0,0.0,0.0,16.412000000000003,0.0,0.0
SER  33,75.681,0.0,0.0,-3.935,0.0,0.0,-61.301,0.0,0.0,-1.242,0.0,0.0,0.0,0.0,0.0,9.202999999999992,0.0,0.0
PRO  34,75.82,0.0,0.0,-7.013,0.0,0.0,-60.033,0.0,0.0,1.104,0.0,0.0,0.0,0.0,0.0,9.877999999999986,0.0,0.0
GLU  35,107.446,0.0,0.0,-7.727,0.0,0.0,-135.615,0.0,0.0,-18.402,0.0,0.0,0.0,0.0,0.0,-54.298000000000016,0.0,0.0
VAL  36,57.375,0.0,0.0,-8.846,0.0,0.0,-58.43,0.0,0.0,1.145,0.0,0.0,0.0,0.0,0.0,-8.756000000000004,0.0,0.0
ILE  37,88.82,0.0,0.0,-10.076,0.0,0.0,-60.066,0.0,0.0,-0.137,0.0,0.0,0.0,0.0,0.0,18.540999999999997,0.0,0.0
PRO  38,82.659,0.0,0.0,-6.17,0.0,0.0,-59.419,0.0,0.0,-2.355,0.0,0.0,0.0,0.0,0.0,14.715000000000007,0.0,0.0
MET  39,88.676,0.0,0.0,-7.988,0.0,0.0,-73.495,0.0,0.0,-1.068,0.0,0.0,0.0,0.0,0.0,6.124999999999998,0.0,0.0
PHE  40,102.572,0.0,0.0,-12.312,0.0,0.0,-84.747,0.0,0.0,-0.265,0.0,0.0,0.0,0.0,0.0,5.2480000000000055,0.0,0.0
SER  41,75.117,0.0,0.0,-5.878,0.0,0.0,-63.859,0.0,0.0,-5.416,0.0,0.0,0.0,0.0,0.0,-0.03599999999999781,0.0,0.0
ALA  42,81.714,0.0,0.0,-4.034,0.0,0.0,-66.266,0.0,0.0,-4.394,0.0,0.0,0.0,0.0,0.0,7.019999999999987,0.0,0.0
LEU  43,77.027,0.0,0.0,-7.501,0.0,0.0,-76.412,0.0,0.0,-1.213,0.0,0.0,0.0,0.0,0.0,-8.09900000000001,0.0,0.0
SER  44,70.275,0.0,0.0,-5.207,0.0,0.0,-74.916,0.0,0.0,1.097,0.0,0.0,0.0,0.0,0.0,-8.750999999999985,0.0,0.0
GLU  45,113.227,0.0,0.0,-4.688,0.0,0.0,-71.143,0.0,0.0,-90.043,0.0,0.0,0.0,0.0,0.0,-52.647000000000006,0.0,0.0
GLY  46,65.831,0.0,0.0,-3.241,0.0,0.0,-66.909,0.0,0.0,-1.949,0.0,0.0,0.0,0.0,0.0,-6.2680000000000025,0.0,0.0
ALA  47,99.986,0.0,0.0,-5.445,0.0,0.0,-87.553,0.0,0.0,-0.605,0.0,0.0,0.0,0.0,0.0,6.382999999999999,0.0,0.0
THR  48,60.28,0.0,0.0,-9.492,0.0,0.0,-62.022,0.0,0.0,-0.022,0.0,0.0,0.0,0.0,0.0,-11.256000000000002,0.0,0.0
PRO  49,76.948,0.0,0.0,-11.123,0.0,0.0,-55.844,0.0,0.0,0.167,0.0,0.0,0.0,0.0,0.0,10.147999999999987,0.0,0.0
GLN  50,32.003,0.0,0.0,-9.817,0.0,0.0,-66.624,0.0,0.0,-9.136,0.0,0.0,0.0,0.0,0.0,-53.574,0.0,0.0
ASP  51,93.937,0.0,0.0,-9.587,0.0,0.0,-127.71,0.0,0.0,-16.062,0.0,0.0,0.0,0.0,0.0,-59.422,0.0,0.0
LEU  52,63.065,0.0,0.0,-13.25,0.0,0.0,-68.202,0.0,0.0,0.309,0.0,0.0,0.0,0.0,0.0,-18.078,0.0,0.0
ASN  53,37.709,0.0,0.0,-9.214,0.0,0.0,-98.683,0.0,0.0,-3.258,0.0,0.0,0.0,0.0,0.0,-73.446,0.0,0.0
THR  54,51.336,0.0,0.0,-8.678,0.0,0.0,-57.406,0.0,0.0,-4.591,0.0,0.0,0.0,0.0,0.0,-19.339,0.0,0.0
MET  55,89.286,0.0,0.0,-13.251,0.0,0.0,-67.319,0.0,0.0,-0.603,0.0,0.0,0.0,0.0,0.0,8.112999999999994,0.0,0.0
LEU  56,64.994,0.0,0.0,-8.584,0.0,0.0,-69.097,0.0,0.0,-0.684,0.0,0.0,0.0,0.0,0.0,-13.370999999999997,0.0,0.0
ASN  57,31.165,0.0,0.0,-6.985,0.0,0.0,-89.677,0.0,0.0,-9.479,0.0,0.0,0.0,0.0,0.0,-74.97600000000001,0.0,0.0
THR  58,59.769,0.0,0.0,-7.141,0.0,0.0,-62.738,0.0,0.0,-4.835,0.0,0.0,0.0,0.0,0.0,-14.945,0.0,0.0
VAL  59,49.805,0.0,0.0,-7.085,0.0,0.0,-44.517,0.0,0.0,-0.147,0.0,0.0,0.0,0.0,0.0,-1.9440000000000042,0.0,0.0
ALA  60,88.675,0.0,0.0,-4.012,0.0,0.0,-65.512,0.0,0.0,-1.779,0.0,0.0,0.0,0.0,0.0,17.371999999999996,0.0,0.0
PRO  61,82.034,0.0,0.0,-3.31,0.0,0.0,-58.517,0.0,0.0,-0.104,0.0,0.0,0.0,0.0,0.0,20.103,0.0,0.0
HID  62,103.046,0.0,0.0,-7.667,0.0,0.0,-64.078,0.0,0.0,-10.309,0.0,0.0,0.0,0.0,0.0,20.992000000000004,0.0,0.0
GLN  63,41.049,0.0,0.0,-4.393,0.0,0.0,-70.896,0.0,0.0,-11.168,0.0,0.0,0.0,0.0,0.0,-45.408,0.0,0.0
ALA  64,86.206,0.0,0.0,-4.984,0.0,0.0,-68.626,0.0,0.0,-1.475,0.0,0.0,0.0,0.0,0.0,11.121000000000004,0.0,0.0
ALA  65,90.151,0.0,0.0,-6.813,0.0,0.0,-75.554,0.0,0.0,-0.654,0.0,0.0,0.0,0.0,0.0,7.129999999999992,0.0,0.0
ALA  66,94.766,0.0,0.0,-5.691,0.0,0.0,-81.856,0.0,0.0,-0.45,0.0,0.0,0.0,0.0,0.0,6.769000000000008,0.0,0.0
GLN  67,42.471,0.0,0.0,-7.158,0.0,0.0,-71.257,0.0,0.0,-14.761,0.0,0.0,0.0,0.0,0.0,-50.70500000000001,0.0,0.0
MET  68,90.003,0.0,0.0,-10.559,0.0,0.0,-79.501,0.0,0.0,-1.124,0.0,0.0,0.0,0.0,0.0,-1.1810000000000023,0.0,0.0
LEU  69,91.386,0.0,0.0,-11.223,0.0,0.0,-80.426,0.0,0.0,-2.379,0.0,0.0,0.0,0.0,0.0,-2.6420000000000052,0.0,0.0
LYS  70,131.954,0.0,0.0,-7.912,0.0,0.0,-123.68,0.0,0.0,-2.208,0.0,0.0,0.0,0.0,0.0,-1.8460000000000054,0.0,0.0
GLU  71,108.734,0.0,0.0,-6.922,0.0,0.0,-73.77,0.0,0.0,-95.839,0.0,0.0,0.0,0.0,0.0,-67.797,0.0,0.0
THR  72,45.532,0.0,0.0,-8.206,0.0,0.0,-56.102,0.0,0.0,-4.58,0.0,0.0,0.0,0.0,0.0,-23.356,0.0,0.0
ILE  73,70.859,0.0,0.0,-10.739,0.0,0.0,-49.469,0.0,0.0,-2.724,0.0,0.0,0.0,0.0,0.0,7.926999999999989,0.0,0.0
ASN  74,15.969,0.0,0.0,-7.564,0.0,0.0,-82.755,0.0,0.0,-4.007,0.0,0.0,0.0,0.0,0.0,-78.357,0.0,0.0
GLU  75,105.337,0.0,0.0,-7.585,0.0,0.0,-46.595,0.0,0.0,-114.973,0.0,0.0,0.0,0.0,0.0,-63.81599999999999,0.0,0.0
GLU  76,96.269,0.0,0.0,-10.395,0.0,0.0,-34.836,0.0,0.0,-112.903,0.0,0.0,0.0,0.0,0.0,-61.864999999999995,0.0,0.0
ALA  77,85.904,0.0,0.0,-7.216,0.0,0.0,-71.932,0.0,0.0,-1.679,0.0,0.0,0.0,0.0,0.0,5.077,0.0,0.0
ALA  78,95.724,0.0,0.0,-6.004,0.0,0.0,-86.289,0.0,0.0,0.503,0.0,0.0,0.0,0.0,0.0,3.9339999999999975,0.0,0.0
GLU  79,108.181,0.0,0.0,-5.731,0.0,0.0,-63.999,0.0,0.0,-100.467,0.0,0.0,0.0,0.0,0.0,-62.016,0.0,0.0
TRP  80,114.201,0.0,0.0,-15.813,0.0,0.0,-90.905,0.0,0.0,0.603,0.0,0.0,0.0,0.0,0.0,8.08599999999999,0.0,0.0
ASP  81,96.127,0.0,0.0,-8.298,0.0,0.0,-53.926,0.0,0.0,-82.357,0.0,0.0,0.0,0.0,0.0,-48.45400000000001,0.0,0.0
ARG  82,-190.314,0.0,0.0,-5.806,0.0,0.0,-8.941,0.0,0.0,40.399,0.0,0.0,0.0,0.0,0.0,-164.662,0.0,0.0
LEU  83,69.098,0.0,0.0,-4.963,0.0,0.0,-77.793,0.0,0.0,-2.214,0.0,0.0,0.0,0.0,0.0,-15.872000000000002,0.0,0.0
HID  84,110.151,0.0,0.0,-8.27,0.0,0.0,-73.61,0.0,0.0,-6.939,0.0,0.0,0.0,0.0,0.0,21.332,0.0,0.0
PRO  85,93.078,0.0,0.0,-4.358,0.0,0.0,-60.271,0.0,0.0,-4.656,0.0,0.0,0.0,0.0,0.0,23.793,0.0,0.0
VAL  86,43.827,0.0,0.0,-4.681,0.0,0.0,-42.317,0.0,0.0,-4.918,0.0,0.0,0.0,0.0,0.0,-8.088999999999999,0.0,0.0
HID  87,85.785,0.0,0.0,-6.404,0.0,0.0,-53.998,0.0,0.0,-8.674,0.0,0.0,0.0,0.0,0.0,16.709000000000003,0.0,0.0
ALA  88,95.717,0.0,0.0,-3.657,0.0,0.0,-72.628,0.0,0.0,-8.742,0.0,0.0,0.0,0.0,0.0,10.690000000000001,0.0,0.0
GLY  89,91.571,0.0,0.0,-3.119,0.0,0.0,-73.757,0.0,0.0,-6.041,0.0,0.0,0.0,0.0,0.0,8.653999999999993,0.0,0.0
PRO  90,80.784,0.0,0.0,-5.323,0.0,0.0,-57.594,0.0,0.0,-5.785,0.0,0.0,0.0,0.0,0.0,12.082000000000011,0.0,0.0
ILE  91,80.287,0.0,0.0,-7.5,0.0,0.0,-56.097,0.0,0.0,-4.929,0.0,0.0,0.0,0.0,0.0,11.761000000000005,0.0,0.0
ALA  92,101.051,0.0,0.0,-3.574,0.0,0.0,-77.838,0.0,0.0,-1.953,0.0,0.0,0.0,0.0,0.0,17.68600000000001,0.0,0.0
PRO  93,86.038,0.0,0.0,-1.95,0.0,0.0,-57.886,0.0,0.0,-5.538,0.0,0.0,0.0,0.0,0.0,20.66399999999999,0.0,0.0
GLY  94,71.787,0.0,0.0,-2.027,0.0,0.0,-66.474,0.0,0.0,-6.038,0.0,0.0,0.0,0.0,0.0,-2.751999999999999,0.0,0.0
GLN  95,34.957,0.0,0.0,-6.998,0.0,0.0,-75.014,0.0,0.0,-9.332,0.0,0.0,0.0,0.0,0.0,-56.38699999999999,0.0,0.0
MET  96,103.305,0.0,0.0,-9.031,0.0,0.0,-79.637,0.0,0.0,-2.545,0.0,0.0,0.0,0.0,0.0,12.092,0.0,0.0
ARG  97,-195.238,0.0,0.0,-6.504,0.0,0.0,-9.261,0.0,0.0,30.109,0.0,0.0,0.0,0.0,0.0,-180.89399999999998,0.0,0.0
GLU  98,118.574,0.0,0.0,-7.481,0.0,0.0,-93.471,0.0,0.0,-57.759,0.0,0.0,0.0,0.0,0.0,-40.137,0.0,0.0
PRO  99,94.693,0.0,0.0,-9.809,0.0,0.0,-63.983,0.0,0.0,-2.73,0.0,0.0,0.0,0.0,0.0,18.171000000000003,0.0,0.0
ARG 100,-186.498,0.0,0.0,-6.654,0.0,0.0,-34.787,0.0,0.0,49.386,0.0,0.0,0.0,0.0,0.0,-178.553,0.0,0.0
GLY 101,78.422,0.0,0.0,-6.089,0.0,0.0,-88.233,0.0,0.0,3.328,0.0,0.0,0.0,0.0,0.0,-12.572000000000006,0.0,0.0
SER 102,68.906,0.0,0.0,-3.846,0.0,0.0,-67.98,0.0,0.0,-0.879,0.0,0.0,0.0,0.0,0.0,-3.7990000000000017,0.0,0.0
ASP 103,93.209,0.0,0.0,-6.893,0.0,0.0,-91.037,0.0,0.0,-39.841,0.0,0.0,0.0,0.0,0.0,-44.562000000000005,0.0,0.0
ILE 104,78.754,0.0,0.0,-11.582,0.0,0.0,-62.265,0.0,0.0,1.889,0.0,0.0,0.0,0.0,0.0,6.795999999999997,0.0,0.0
ALA 105,86.121,0.0,0.0,-7.36,0.0,0.0,-77.708,0.0,0.0,0.784,0.0,0.0,0.0,0.0,0.0,1.8369999999999973,0.0,0.0
GLY 106,88.441,0.0,0.0,-5.36,0.0,0.0,-85.67,0.0,0.0,-3.591,0.0,0.0,0.0,0.0,0.0,-6.179999999999999,0.0,0.0
THR 107,53.481,0.0,0.0,-5.601,0.0,0.0,-56.977,0.0,0.0,-6.194,0.0,0.0,0.0,0.0,0.0,-15.290999999999993,0.0,0.0
THR 108,44.4,0.0,0.0,1.319,0.0,0.0,-60.851,0.0,0.0,-1.848,0.0,0.0,0.0,0.0,0.0,-16.979999999999997,0.0,0.0
SER 109,75.814,0.0,0.0,-7.78,0.0,0.0,-68.791,0.0,0.0,-2.554,0.0,0.0,0.0,0.0,0.0,-3.311000000000005,0.0,0.0
THR 110,37.454,0.0,0.0,-5.459,0.0,0.0,-47.828,0.0,0.0,-3.406,0.0,0.0,0.0,0.0,0.0,-19.239,0.0,0.0
LEU 111,57.968,0.0,0.0,-9.158,0.0,0.0,-58.382,0.0,0.0,-4.064,0.0,0.0,0.0,0.0,0.0,-13.635999999999996,0.0,0.0
GLN 112,34.49,0.0,0.0,-5.968,0.0,0.0,-72.333,0.0,0.0,-14.082,0.0,0.0,0.0,0.0,0.0,-57.892999999999994,0.0,0.0
GLU 113,104.912,0.0,0.0,-5.518,0.0,0.0,-111.262,0.0,0.0,-44.151,0.0,0.0,0.0,0.0,0.0,-56.019,0.0,0.0
GLN 114,41.869,0.0,0.0,-12.988,0.0,0.0,-83.816,0.0,0.0,0.754,0.0,0.0,0.0,0.0,0.0,-54.181000000000004,0.0,0.0
ILE 115,82.644,0.0,0.0,-9.548,0.0,0.0,-70.353,0.0,0.0,-0.635,0.0,0.0,0.0,0.0,0.0,2.1080000000000094,0.0,0.0
GLY 116,76.015,0.0,0.0,-3.365,0.0,0.0,-75.611,0.0,0.0,-1.115,0.0,0.0,0.0,0.0,0.0,-4.075999999999999,0.0,0.0
TRP 117,123.538,0.0,0.0,-19.468,0.0,0.0,-89.039,0.0,0.0,-0.678,0.0,0.0,0.0,0.0,0.0,14.35299999999999,0.0,0.0
MET 118,101.866,0.0,0.0,-10.042,0.0,0.0,-80.73,0.0,0.0,-4.442,0.0,0.0,0.0,0.0,0.0,6.651999999999994,0.0,0.0
THR 119,30.986,0.0,0.0,-6.404,0.0,0.0,-35.471,0.0,0.0,-6.07,0.0,0.0,0.0,0.0,0.0,-16.958999999999996,0.0,0.0
HID 120,88.976,0.0,0.0,-10.403,0.0,0.0,-56.127,0.0,0.0,-8.186,0.0,0.0,0.0,0.0,0.0,14.259999999999991,0.0,0.0
ASN 121,28.538,0.0,0.0,-4.773,0.0,0.0,-67.955,0.0,0.0,-12.85,0.0,0.0,0.0,0.0,0.0,-57.04,0.0,0.0
PRO 122,92.169,0.0,0.0,-3.882,0.0,0.0,-59.669,0.0,0.0,-1.983,0.0,0.0,0.0,0.0,0.0,26.634999999999994,0.0,0.0
PRO 123,85.474,0.0,0.0,-6.471,0.0,0.0,-58.752,0.0,0.0,-2.913,0.0,0.0,0.0,0.0,0.0,17.337999999999997,0.0,0.0
ILE 124,90.621,0.0,0.0,-7.216,0.0,0.0,-63.559,0.0,0.0,-0.525,0.0,0.0,0.0,0.0,0.0,19.321000000000005,0.0,0.0
PRO 125,91.417,0.0,0.0,-5.735,0.0,0.0,-65.988,0.0,0.0,-1.506,0.0,0.0,0.0,0.0,0.0,18.188000000000002,0.0,0.0
VAL 126,54.266,0.0,0.0,-8.792,0.0,0.0,-56.079,0.0,0.0,-0.229,0.0,0.0,0.0,0.0,0.0,-10.834000000000003,0.0,0.0
GLY 127,72.511,0.0,0.0,-4.879,0.0,0.0,-70.927,0.0,0.0,-1.931,0.0,0.0,0.0,0.0,0.0,-5.226000000000016,0.0,0.0
GLU 128,106.378,0.0,0.0,-6.871,0.0,0.0,-108.919,0.0,0.0,-48.549,0.0,0.0,0.0,0.0,0.0,-57.96099999999999,0.0,0.0
ILE 129,87.472,0.0,0.0,-10.535,0.0,0.0,-65.96,0.0,0.0,-0.739,0.0,0.0,0.0,0.0,0.0,10.238000000000003,0.0,0.0
TYR 130,97.16,0.0,0.0,-15.931,0.0,0.0,-89.941,0.0,0.0,-0.752,0.0,0.0,0.0,0.0,0.0,-9.464000000000004,0.0,0.0
LYS 131,145.002,0.0,0.0,-11.656,0.0,0.0,-149.851,0.0,0.0,17.165,0.0,0.0,0.0,0.0,0.0,0.6600000000000037,0.0,0.0
ARG 132,-184.344,0.0,0.0,-8.656,0.0,0.0,36.06,0.0,0.0,-2.482,0.0,0.0,0.0,0.0,0.0,-159.422,0.0,0.0
TRP 133,124.901,0.0,0.0,-18.568,0.0,0.0,-96.782,0.0,0.0,-2.493,0.0,0.0,0.0,0.0,0.0,7.058000000000002,0.0,0.0
ILE 134,86.482,0.0,0.0,-12.643,0.0,0.0,-71.285,0.0,0.0,-0.158,0.0,0.0,0.0,0.0,0.0,2.396000000000002,0.0,0.0
ILE 135,84.993,0.0,0.0,-9.281,0.0,0.0,-65.151,0.0,0.0,0.307,0.0,0.0,0.0,0.0,0.0,10.867999999999993,0.0,0.0
LEU 136,77.949,0.0,0.0,-7.769,0.0,0.0,-83.235,0.0,0.0,2.408,0.0,0.0,0.0,0.0,0.0,-10.647000000000007,0.0,0.0
GLY 137,77.514,0.0,0.0,-5.509,0.0,0.0,-79.618,0.0,0.0,0.98,0.0,0.0,0.0,0.0,0.0,-6.632999999999999,0.0,0.0
LEU 138,59.377,0.0,0.0,-10.451,0.0,0.0,-66.042,0.0,0.0,-0.347,0.0,0.0,0.0,0.0,0.0,-17.463,0.0,0.0
ASN 139,32.482,0.0,0.0,-7.16,0.0,0.0,-86.533,0.0,0.0,-6.217,0.0,0.0,0.0,0.0,0.0,-67.428,0.0,0.0
LYS 140,131.999,0.0,0.0,-10.027,0.0,0.0,-130.509,0.0,0.0,3.54,0.0,0.0,0.0,0.0,0.0,-4.996999999999992,0.0,0.0
ILE 141,87.425,0.0,0.0,-10.714,0.0,0.0,-76.611,0.0,0.0,-1.023,0.0,0.0,0.0,0.0,0.0,-0.9230000000000056,0.0,0.0
VAL 142,62.112,0.0,0.0,-9.148,0.0,0.0,-58.028,0.0,0.0,-2.458,0.0,0.0,0.0,0.0,0.0,-7.522,0.0,0.0
ARG 143,-196.839,0.0,0.0,-7.834,0.0,0.0,53.409,0.0,0.0,-14.73,0.0,0.0,0.0,0.0,0.0,-165.994,0.0,0.0
MET 144,89.812,0.0,0.0,-9.118,0.0,0.0,-69.688,0.0,0.0,-6.091,0.0,0.0,0.0,0.0,0.0,4.915,0.0,0.0
TYR 145,91.358,0.0,0.0,-8.371,0.0,0.0,-83.04,0.0,0.0,-8.834,0.0,0.0,0.0,0.0,0.0,-8.886999999999997,0.0,0.0
SER 146,92.294,0.0,0.0,-2.561,0.0,0.0,-68.218,0.0,0.0,-11.145,0.0,0.0,0.0,0.0,0.0,10.370000000000001,0.0,0.0
PRO 147,92.771,0.0,0.0,-6.285,0.0,0.0,-64.349,0.0,0.0,-7.172,0.0,0.0,0.0,0.0,0.0,14.965,0.0,0.0
THR 148,43.75,0.0,0.0,-5.622,0.0,0.0,-45.625,0.0,0.0,-9.647,0.0,0.0,0.0,0.0,0.0,-17.144,0.0,0.0
SER 149,60.292,0.0,0.0,-6.564,0.0,0.0,-59.482,0.0,0.0,0.075,0.0,0.0,0.0,0.0,0.0,-5.678999999999998,0.0,0.0
ILE 150,75.453,0.0,0.0,-8.178,0.0,0.0,-57.848,0.0,0.0,0.413,0.0,0.0,0.0,0.0,0.0,9.840000000000007,0.0,0.0
LEU 151,61.919,0.0,0.0,-4.569,0.0,0.0,-67.056,0.0,0.0,-1.145,0.0,0.0,0.0,0.0,0.0,-10.851000000000003,0.0,0.0
ASP 152,97.979,0.0,0.0,-4.723,0.0,0.0,-64.08,0.0,0.0,-93.149,0.0,0.0,0.0,0.0,0.0,-63.973,0.0,0.0
ILE 153,101.748,0.0,0.0,-8.646,0.0,0.0,-74.446,0.0,0.0,-0.899,0.0,0.0,0.0,0.0,0.0,17.757000000000005,0.0,0.0
ARG 154,-189.949,0.0,0.0,-7.431,0.0,0.0,34.93,0.0,0.0,-1.133,0.0,0.0,0.0,0.0,0.0,-163.58300000000003,0.0,0.0
GLN 155,31.939,0.0,0.0,-8.771,0.0,0.0,-86.271,0.0,0.0,-2.863,0.0,0.0,0.0,0.0,0.0,-65.96600000000001,0.0,0.0
GLY 156,89.413,0.0,0.0,-3.489,0.0,0.0,-71.734,0.0,0.0,-4.11,0.0,0.0,0.0,0.0,0.0,10.079999999999998,0.0,0.0
PRO 157,88.835,0.0,0.0,-2.743,0.0,0.0,-54.469,0.0,0.0,-5.803,0.0,0.0,0.0,0.0,0.0,25.819999999999997,0.0,0.0
LYS 158,121.997,0.0,0.0,-2.986,0.0,0.0,-95.688,0.0,0.0,-26.408,0.0,0.0,0.0,0.0,0.0,-3.085000000000008,0.0,0.0
GLU 159,108.093,0.0,0.0,-6.767,0.0,0.0,-110.578,0.0,0.0,-37.078,0.0,0.0,0.0,0.0,0.0,-46.33,0.0,0.0
PRO 160,79.064,0.0,0.0,-6.113,0.0,0.0,-57.109,0.0,0.0,-2.231,0.0,0.0,0.0,0.0,0.0,13.610999999999992,0.0,0.0
PHE 161,103.365,0.0,0.0,-14.255,0.0,0.0,-72.003,0.0,0.0,-1.849,0.0,0.0,0.0,0.0,0.0,15.258,0.0,0.0
ARG 162,-204.473,0.0,0.0,-5.281,0.0,0.0,-11.586,0.0,0.0,37.989,0.0,0.0,0.0,0.0,0.0,-183.35100000000003,0.0,0.0
ASP 163,90.252,0.0,0.0,-7.745,0.0,0.0,-65.125,0.0,0.0,-91.289,0.0,0.0,0.0,0.0,0.0,-73.90700000000001,0.0,0.0
TYR 164,97.274,0.0,0.0,-17.277,0.0,0.0,-94.517,0.0,0.0,0.2,0.0,0.0,0.0,0.0,0.0,-14.319999999999997,0.0,0.0
VAL 165,56.859,0.0,0.0,-10.313,0.0,0.0,-55.42,0.0,0.0,1.649,0.0,0.0,0.0,0.0,0.0,-7.225000000000002,0.0,0.0
ASP 166,115.967,0.0,0.0,-7.369,0.0,0.0,-104.898,0.0,0.0,-60.873,0.0,0.0,0.0,0.0,0.0,-57.172999999999995,0.0,0.0
ARG 167,-198.505,0.0,0.0,-10.185,0.0,0.0,4.97,0.0,0.0,18.477,0.0,0.0,0.0,0.0,0.0,-185.243,0.0,0.0
PHE 168,94.161,0.0,0.0,-15.671,0.0,0.0,-81.521,0.0,0.0,0.512,0.0,0.0,0.0,0.0,0.0,-2.5189999999999917,0.0,0.0
TYR 169,96.609,0.0,0.0,-10.594,0.0,0.0,-93.246,0.0,0.0,-1.064,0.0,0.0,0.0,0.0,0.0,-8.294999999999995,0.0,0.0
LYS 170,136.617,0.0,0.0,-7.751,0.0,0.0,-146.716,0.0,0.0,7.389,0.0,0.0,0.0,0.0,0.0,-10.461000000000023,0.0,0.0
THR 171,43.585,0.0,0.0,-9.344,0.0,0.0,-53.853,0.0,0.0,-2.852,0.0,0.0,0.0,0.0,0.0,-22.464000000000002,0.0,0.0
LEU 172,69.764,0.0,0.0,-11.483,0.0,0.0,-66.143,0.0,0.0,-2.317,0.0,0.0,0.0,0.0,0.0,-10.17900000000001,0.0,0.0
ARG 173,-198.833,0.0,0.0,-7.948,0.0,0.0,47.777,0.0,0.0,-11.1,0.0,0.0,0.0,0.0,0.0,-170.104,0.0,0.0
ALA 174,90.079,0.0,0.0,-5.858,0.0,0.0,-79.899,0.0,0.0,-2.443,0.0,0.0,0.0,0.0,0.0,1.8789999999999885,0.0,0.0
GLU 175,105.253,0.0,0.0,-6.712,0.0,0.0,-65.552,0.0,0.0,-87.678,0.0,0.0,0.0,0.0,0.0,-54.68900000000001,0.0,0.0
GLN 176,25.527,0.0,0.0,-2.959,0.0,0.0,-64.792,0.0,0.0,-12.761,0.0,0.0,0.0,0.0,0.0,-54.985,0.0,0.0
ALA 177,100.717,0.0,0.0,-4.695,0.0,0.0,-87.423,0.0,0.0,-3.075,0.0,0.0,0.0,0.0,0.0,5.523999999999989,0.0,0.0
SER 178,72.455,0.0,0.0,-5.174,0.0,0.0,-66.127,0.0,0.0,-1.832,0.0,0.0,0.0,0.0,0.0,-0.6780000000000037,0.0,0.0
GLN 179,30.132,0.0,0.0,-6.203,0.0,0.0,-72.242,0.0,0.0,-5.632,0.0,0.0,0.0,0.0,0.0,-53.945,0.0,0.0
GLU 180,110.702,0.0,0.0,-4.739,0.0,0.0,-105.653,0.0,0.0,-61.467,0.0,0.0,0.0,0.0,0.0,-61.15700000000001,0.0,0.0
VAL 181,65.28,0.0,0.0,-6.739,0.0,0.0,-61.908,0.0,0.0,-0.692,0.0,0.0,0.0,0.0,0.0,-4.0589999999999975,0.0,0.0
LYS 182,117.584,0.0,0.0,-8.711,0.0,0.0,-120.237,0.0,0.0,-1.254,0.0,0.0,0.0,0.0,0.0,-12.61799999999999,0.0,0.0
ASN 183,18.063,0.0,0.0,-6.253,0.0,0.0,-84.758,0.0,0.0,-6.475,0.0,0.0,0.0,0.0,0.0,-79.42299999999999,0.0,0.0
TRP 184,125.673,0.0,0.0,-9.779,0.0,0.0,-90.556,0.0,0.0,-6.155,0.0,0.0,0.0,0.0,0.0,19.183000000000007,0.0,0.0
MET 185,100.888,0.0,0.0,-11.516,0.0,0.0,-86.622,0.0,0.0,-1.992,0.0,0.0,0.0,0.0,0.0,0.758,0.0,0.0
THR 186,44.999,0.0,0.0,-6.285,0.0,0.0,-59.655,0.0,0.0,-2.908,0.0,0.0,0.0,0.0,0.0,-23.849000000000004,0.0,0.0
GLU 187,101.292,0.0,0.0,-4.385,0.0,0.0,-60.953,0.0,0.0,-94.162,0.0,0.0,0.0,0.0,0.0,-58.20800000000001,0.0,0.0
THR 188,34.915,0.0,0.0,-5.394,0.0,0.0,-43.861,0.0,0.0,-2.804,0.0,0.0,0.0,0.0,0.0,-17.143999999999995,0.0,0.0
LEU 189,63.803,0.0,0.0,-9.005,0.0,0.0,-68.039,0.0,0.0,1.086,0.0,0.0,0.0,0.0,0.0,-12.155000000000006,0.0,0.0
LEU 190,83.718,0.0,0.0,-10.251,0.0,0.0,-90.116,0.0,0.0,1.48,0.0,0.0,0.0,0.0,0.0,-15.169,0.0,0.0
VAL 191,52.963,0.0,0.0,-8.227,0.0,0.0,-58.292,0.0,0.0,2.255,0.0,0.0,0.0,0.0,0.0,-11.300999999999998,0.0,0.0
GLN 192,23.168,0.0,0.0,-6.693,0.0,0.0,-76.087,0.0,0.0,1.224,0.0,0.0,0.0,0.0,0.0,-58.388000000000005,0.0,0.0
ASN 193,17.397,0.0,0.0,-7.951,0.0,0.0,-79.521,0.0,0.0,-1.847,0.0,0.0,0.0,0.0,0.0,-71.922,0.0,0.0
ALA 194,90.685,0.0,0.0,-8.289,0.0,0.0,-81.469,0.0,0.0,1.648,0.0,0.0,0.0,0.0,0.0,2.5750000000000064,0.0,0.0
ASN 195,47.895,0.0,0.0,-4.782,0.0,0.0,-92.84,0.0,0.0,-6.038,0.0,0.0,0.0,0.0,0.0,-55.765,0.0,0.0
PRO 196,80.683,0.0,0.0,-4.583,0.0,0.0,-59.592,0.0,0.0,-1.866,0.0,0.0,0.0,0.0,0.0,14.64200000000001,0.0,0.0
ASP 197,88.569,0.0,0.0,-6.532,0.0,0.0,-63.901,0.0,0.0,-83.769,0.0,0.0,0.0,0.0,0.0,-65.63300000000001,0.0,0.0
CYX 198,97.53,0.0,0.0,-7.161,0.0,0.0,-82.049,0.0,0.0,-1.913,0.0,0.0,0.0,0.0,0.0,6.406999999999993,0.0,0.0
LYS 199,135.624,0.0,0.0,-7.777,0.0,0.0,-134.685,0.0,0.0,-2.051,0.0,0.0,0.0,0.0,0.0,-8.889000000000008,0.0,0.0
THR 200,50.919,0.0,0.0,-5.664,0.0,0.0,-60.918,0.0,0.0,-2.351,0.0,0.0,0.0,0.0,0.0,-18.014000000000003,0.0,0.0
ILE 201,74.284,0.0,0.0,-6.484,0.0,0.0,-55.671,0.0,0.0,-1.102,0.0,0.0,0.0,0.0,0.0,11.027000000000012,0.0,0.0
LEU 202,72.371,0.0,0.0,-10.625,0.0,0.0,-70.757,0.0,0.0,-2.901,0.0,0.0,0.0,0.0,0.0,-11.91200000000001,0.0,0.0
LYS 203,120.013,0.0,0.0,-5.991,0.0,0.0,-102.577,0.0,0.0,-14.391,0.0,0.0,0.0,0.0,0.0,-2.9459999999999926,0.0,0.0
ALA 204,83.353,0.0,0.0,-3.291,0.0,0.0,-73.427,0.0,0.0,-4.394,0.0,0.0,0.0,0.0,0.0,2.2409999999999908,0.0,0.0
LEU 205,81.213,0.0,0.0,-7.425,0.0,0.0,-77.553,0.0,0.0,-5.326,0.0,0.0,0.0,0.0,0.0,-9.091000000000001,0.0,0.0
GLY 206,89.909,0.0,0.0,-3.5,0.0,0.0,-74.662,0.0,0.0,-6.187,0.0,0.0,0.0,0.0,0.0,5.56,0.0,0.0
PRO 207,77.272,0.0,0.0,-2.945,0.0,0.0,-52.926,0.0,0.0,-7.077,0.0,0.0,0.0,0.0,0.0,14.32400000000001,0.0,0.0
GLY 208,68.296,0.0,0.0,-1.921,0.0,0.0,-61.816,0.0,0.0,-5.239,0.0,0.0,0.0,0.0,0.0,-0.6800000000000024,0.0,0.0
ALA 209,104.647,0.0,0.0,-5.101,0.0,0.0,-91.877,0.0,0.0,-0.221,0.0,0.0,0.0,0.0,0.0,7.448000000000011,0.0,0.0
THR 210,50.01,0.0,0.0,-4.294,0.0,0.0,-57.119,0.0,0.0,-3.345,0.0,0.0,0.0,0.0,0.0,-14.748,0.0,0.0
LEU 211,68.018,0.0,0.0,-6.116,0.0,0.0,-68.706,0.0,0.0,-3.988,0.0,0.0,0.0,0.0,0.0,-10.792000000000002,0.0,0.0
GLU 212,106.461,0.0,0.0,-2.27,0.0,0.0,-92.317,0.0,0.0,-70.021,0.0,0.0,0.0,0.0,0.0,-58.14699999999999,0.0,0.0
GLU 213,111.2,0.0,0.0,-8.037,0.0,0.0,-62.623,0.0,0.0,-93.741,0.0,0.0,0.0,0.0,0.0,-53.201,0.0,0.0
MET 214,96.729,0.0,0.0,-12.009,0.0,0.0,-75.649,0.0,0.0,-0.446,0.0,0.0,0.0,0.0,0.0,8.624999999999998,0.0,0.0
MET 215,99.998,0.0,0.0,-10.575,0.0,0.0,-85.154,0.0,0.0,0.384,0.0,0.0,0.0,0.0,0.0,4.653000000000006,0.0,0.0
THR 216,35.591,0.0,0.0,-4.142,0.0,0.0,-49.887,0.0,0.0,-3.117,0.0,0.0,0.0,0.0,0.0,-21.555,0.0,0.0
ALA 217,80.15,0.0,0.0,-5.124,0.0,0.0,-64.841,0.0,0.0,-3.012,0.0,0.0,0.0,0.0,0.0,7.173000000000016,0.0,0.0
CYX 218,95.044,0.0,0.0,-6.823,0.0,0.0,-80.533,0.0,0.0,-0.396,0.0,0.0,0.0,0.0,0.0,7.2920000000000025,0.0,0.0
GLN 219,45.336,0.0,0.0,-3.606,0.0,0.0,-85.711,0.0,0.0,-7.089,0.0,0.0,0.0,0.0,0.0,-51.07,0.0,0.0
GLY 220,102.299,0.0,0.0,-1.595,0.0,0.0,-86.214,0.0,0.0,-6.378,0.0,0.0,0.0,0.0,0.0,8.112000000000009,0.0,0.0
VAL 221,39.919,0.0,0.0,-1.406,0.0,0.0,-22.623,0.0,0.0,-110.799,0.0,0.0,0.0,0.0,0.0,-94.909,0.0,0.0

Receptor:
Total Energy Decomposition:
Residue,Internal,,,van der Waals,,,Electrostatic,,,Polar Solvation,,,Non-Polar Solv.,,,TOTAL,,
,Avg.,Std. Dev.,Std. Err. of Mean,Avg.,Std. Dev.,Std. Err. of Mean,Avg.,Std. Dev.,Std. Err. of Mean,Avg.,Std. Dev.,Std. Err. of Mean,Avg.,Std. Dev.,Std. Err. of Mean,Avg.,Std. Dev.,Std. Err. of Mean
PRO   1,98.712,0.0,0.0,-4.514,0.0,0.0,-96.144,0.0,0.0,0.306,0.0,0.0,0.0,0.0,0.0,-1.639999999999998,0.0,0.0
ILE   2,94.448,0.0,0.0,-8.2,0.0,0.0,-70.001,0.0,0.0,-2.953,0.0,0.0,0.0,0.0,0.0,13.293999999999986,0.0,0.0
VAL   3,51.789,0.0,0.0,-6.077,0.0,0.0,-52.416,0.0,0.0,-1.273,0.0,0.0,0.0,0.0,0.0,-7.976999999999993,0.0,0.0
GLN   4,23.682,0.0,0.0,-5.78,0.0,0.0,-59.143,0.0,0.0,-14.805,0.0,0.0,0.0,0.0,0.0,-56.046,0.0,0.0
ASN   5,28.927,0.0,0.0,-6.274,0.0,0.0,-79.623,0.0,0.0,-9.224,0.0,0.0,0.0,0.0,0.0,-66.194,0.0,0.0
LEU   6,78.189,0.0,0.0,-3.923,0.0,0.0,-72.11,0.0,0.0,-6.9,0.0,0.0,0.0,0.0,0.0,-4.744000000000009,0.0,0.0
GLN   7,37.816,0.0,0.0,-4.513,0.0,0.0,-72.758,0.0,0.0,-10.325,0.0,0.0,0.0,0.0,0.0,-49.77999999999999,0.0,0.0
GLY   8,73.42,0.0,0.0,-3.478,0.0,0.0,-68.294,0.0,0.0,-4.775,0.0,0.0,0.0,0.0,0.0,-3.12699999999999,0.0,0.0
GLN   9,39.027,0.0,0.0,-6.12,0.0,0.0,-79.646,0.0,0.0,-8.004,0.0,0.0,0.0,0.0,0.0,-54.742999999999995,0.0,0.0
MET  10,103.701,0.0,0.0,-9.938,0.0,0.0,-78.202,0.0,0.0,-4.668,0.0,0.0,0.0,0.0,0.0,10.892999999999994,0.0,0.0
VAL  11,60.642,0.0,0.0,-7.421,0.0,0.0,-58.104,0.0,0.0,-1.102,0.0,0.0,0.0,0.0,0.0,-5.984999999999996,0.0,0.0
HID  12,95.826,0.0,0.0,-10.563,0.0,0.0,-62.218,0.0,0.0,-5.093,0.0,0.0,0.0,0.0,0.0,17.951999999999988,0.0,0.0
GLN  13,36.539,0.0,0.0,-3.757,0.0,0.0,-79.271,0.0,0.0,-8.814,0.0,0.0,0.0,0.0,0.0,-55.303,0.0,0.0
ALA  14,95.547,0.0,0.0,-4.377,0.0,0.0,-78.988,0.0,0.0,-2.771,0.0,0.0,0.0,0.0,0.0,9.411000000000001,0.0,0.0
ILE  15,92.37,0.0,0.0,-7.887,0.0,0.0,-72.089,0.0,0.0,-4.041,0.0,0.0,0.0,0.0,0.0,8.353000000000005,0.0,0.0
SER  16,66.463,0.0,0.0,-4.593,0.0,0.0,-51.228,0.0,0.0,-7.154,0.0,0.0,0.0,0.0,0.0,3.487999999999989,0.0,0.0
PRO  17,92.119,0.0,0.0,-4.806,0.0,0.0,-62.901,0.0,0.0,-1.988,0.0,0.0,0.0,0.0,0.0,22.424,0.0,0.0
ARG  18,-187.573,0.0,0.0,-6.636,0.0,0.0,73.628,0.0,0.0,-42.383,0.0,0.0,0.0,0.0,0.0,-162.964,0.0,0.0
THR  19,45.289,0.0,0.0,-8.289,0.0,0.0,-53.224,0.0,0.0,-4.464,0.0,0.0,0.0,0.0,0.0,-20.687999999999995,0.0,0.0
LEU  20,62.624,0.0,0.0,-8.291,0.0,0.0,-56.802,0.0,0.0,-2.45,0.0,0.0,0.0,0.0,0.0,-4.919000000000001,0.0,0.0
ASN  21,20.35,0.0,0.0,-4.947,0.0,0.0,-71.983,0.0,0.0,-14.611,0.0,0.0,0.0,0.0,0.0,-71.191,0.0,0.0
ALA  22,95.339,0.0,0.0,-4.997,0.0,0.0,-79.798,0.0,0.0,-3.979,0.0,0.0,0.0,0.0,0.0,6.564999999999997,0.0,0.0
TRP  23,132.82,0.0,0.0,-17.021,0.0,0.0,-100.213,0.0,0.0,-1.581,0.0,0.0,0.0,0.0,0.0,14.004999999999999,0.0,0.0
VAL  24,65.88,0.0,0.0,-6.733,0.0,0.0,-56.998,0.0,0.0,-4.794,0.0,0.0,0.0,0.0,0.0,-2.6449999999999987,0.0,0.0
LYS  25,130.729,0.0,0.0,-4.85,0.0,0.0,-97.3,0.0,0.0,-30.713,0.0,0.0,0.0,0.0,0.0,-2.133999999999979,0.0,0.0
VAL  26,62.715,0.0,0.0,-9.16,0.0,0.0,-64.59,0.0,0.0,-2.827,0.0,0.0,0.0,0.0,0.0,-13.861999999999997,0.0,0.0
VAL  27,38.838,0.0,0.0,-8.492,0.0,0.0,-45.865,0.0,0.0,-0.921,0.0,0.0,0.0,0.0,0.0,-16.44,0.0,0.0
GLU  28,95.609,0.0,0.0,-6.369,0.0,0.0,-46.434,0.0,0.0,-106.078,0.0,0.0,0.0,0.0,0.0,-63.272000000000006,0.0,0.0
GLU  29,115.058,0.0,0.0,-6.282,0.0,0.0,-62.345,0.0,0.0,-99.644,0.0,0.0,0.0,0.0,0.0,-53.212999999999994,0.0,0.0
LYS  30,120.413,0.0,0.0,-8.217,0.0,0.0,-124.843,0.0,0.0,6.902,0.0,0.0,0.0,0.0,0.0,-5.745000000000005,0.0,0.0
ALA  31,86.638,0.0,0.0,-2.684,0.0,0.0,-80.265,0.0,0.0,-2.397,0.0,0.0,0.0,0.0,0.0,1.2920000000000074,0.0,0.0
PHE  32,105.129,0.0,0.0,-8.471,0.0,0.0,-76.352,0.0,0.0,-3.807,0.0,0.0,0.0,0.0,0.0,16.499,0.0,0.0
SER  33,75.681,0.0,0.0,-3.554,0.0,0.0,-61.998,0.0,0.0,-0.509,0.0,0.0,0.0,0.0,0.0,9.619999999999997,0.0,0.0
PRO  34,75.82,0.0,0.0,-5.921,0.0,0.0,-58.131,0.0,0.0,-0.75,0.0,0.0,0.0,0.0,0.0,11.017999999999986,0.0,0.0
GLU  35,107.446,0.0,0.0,-5.847,0.0,0.0,-123.05,0.0,0.0,-37.813,0.0,0.0,0.0,0.0,0.0,-59.263999999999996,0.0,0.0
VAL  36,57.375,0.0,0.0,-8.782,0.0,0.0,-57.759,0.0,0.0,0.475,0.0,0.0,0.0,0.0,0.0,-8.690999999999997,0.0,0.0
ILE  37,88.82,0.0,0.0,-10.003,0.0,0.0,-59.253,0.0,0.0,-0.908,0.0,0.0,0.0,0.0,0.0,18.65599999999999,0.0,0.0
PRO  38,82.659,0.0,0.0,-6.019,0.0,0.0,-59.579,0.0,0.0,-2.172,0.0,0.0,0.0,0.0,0.0,14.889,0.0,0.0
MET  39,88.676,0.0,0.0,-7.877,0.0,0.0,-73.762,0.0,0.0,-0.814,0.0,0.0,0.0,0.0,0.0,6.223000000000006,0.0,0.0
PHE  40,102.572,0.0,0.0,-12.3,0.0,0.0,-84.563,0.0,0.0,-0.435,0.0,0.0,0.0,0.0,0.0,5.274000000000004,0.0,0.0
SER  41,75.117,0.0,0.0,-5.869,0.0,0.0,-64.043,0.0,0.0,-5.235,0.0,0.0,0.0,0.0,0.0,-0.030000000000002025,0.0,0.0
ALA  42,81.714,0.0,0.0,-4.029,0.0,0.0,-66.44,0.0,0.0,-4.227,0.0,0.0,0.0,0.0,0.0,7.018000000000004,0.0,0.0
LEU  43,77.027,0.0,0.0,-7.494,0.0,0.0,-76.494,0.0,0.0,-1.135,0.0,0.0,0.0,0.0,0.0,-8.095999999999998,0.0,0.0
SER  44,70.275,0.0,0.0,-5.204,0.0,0.0,-74.993,0.0,0.0,1.173,0.0,0.0,0.0,0.0,0.0,-8.748999999999983,0.0,0.0
GLU  45,113.227,0.0,0.0,-4.686,0.0,0.0,-76.75,0.0,0.0,-84.458,0.0,0.0,0.0,0.0,0.0,-52.667,0.0,0.0
GLY  46,65.831,0.0,0.0,-3.24,0.0,0.0,-66.856,0.0,0.0,-2.001,0.0,0.0,0.0,0.0,0.0,-6.265999999999993,0.0,0.0
ALA  47,99.986,0.0,0.0,-5.445,0.0,0.0,-87.606,0.0,0.0,-0.553,0.0,0.0,0.0,0.0,0.0,6.382000000000002,0.0,0.0
THR  48,60.28,0.0,0.0,-9.491,0.0,0.0,-62.053,0.0,0.0,0.008,0.0,0.0,0.0,0.0,0.0,-11.255999999999997,0.0,0.0
PRO  49,76.948,0.0,0.0,-11.122,0.0,0.0,-55.865,0.0,0.0,0.187,0.0,0.0,0.0,0.0,0.0,10.14799999999999,0.0,0.0
GLN  50,32.003,0.0,0.0,-9.816,0.0,0.0,-66.675,0.0,0.0,-9.085,0.0,0.0,0.0,0.0,0.0,-53.573,0.0,0.0
ASP  51,93.937,0.0,0.0,-9.587,0.0,0.0,-133.32,0.0,0.0,-10.486,0.0,0.0,0.0,0.0,0.0,-59.456,0.0,0.0
LEU  52,63.065,0.0,0.0,-13.249,0.0,0.0,-68.208,0.0,0.0,0.308,0.0,0.0,0.0,0.0,0.0,-18.084000000000003,0.0,0.0
ASN  53,37.709,0.0,0.0,-9.213,0.0,0.0,-98.841,0.0,0.0,-3.104,0.0,0.0,0.0,0.0,0.0,-73.449,0.0,0.0
THR  54,51.336,0.0,0.0,-8.677,0.0,0.0,-57.43,0.0,0.0,-4.566,0.0,0.0,0.0,0.0,0.0,-19.337,0.0,0.0
MET  55,89.286,0.0,0.0,-13.248,0.0,0.0,-67.328,0.0,0.0,-0.589,0.0,0.0,0.0,0.0,0.0,8.120999999999993,0.0,0.0
LEU  56,64.994,0.0,0.0,-8.583,0.0,0.0,-69.086,0.0,0.0,-0.704,0.0,0.0,0.0,0.0,0.0,-13.378999999999998,0.0,0.0
ASN  57,31.165,0.0,0.0,-6.985,0.0,0.0,-89.792,0.0,0.0,-9.366,0.0,0.0,0.0,0.0,0.0,-74.978,0.0,0.0
THR  58,59.769,0.0,0.0,-7.14,0.0,0.0,-62.675,0.0,0.0,-4.89,0.0,0.0,0.0,0.0,0.0,-14.936,0.0,0.0
VAL  59,49.805,0.0,0.0,-7.083,0.0,0.0,-44.555,0.0,0.0,-0.102,0.0,0.0,0.0,0.0,0.0,-1.9349999999999985,0.0,0.0
ALA  60,88.675,0.0,0.0,-4.011,0.0,0.0,-65.557,0.0,0.0,-1.729,0.0,0.0,0.0,0.0,0.0,17.378,0.0,0.0
PRO  61,82.034,0.0,0.0,-3.309,0.0,0.0,-58.533,0.0,0.0,-0.087,0.0,0.0,0.0,0.0,0.0,20.105000000000008,0.0,0.0
HID  62,103.046,0.0,0.0,-7.663,0.0,0.0,-64.064,0.0,0.0,-10.319,0.0,0.0,0.0,0.0,0.0,21.000000000000014,2.384185791015625e-07,2.384185791015625e-07
GLN  63,41.049,0.0,0.0,-4.39,0.0,0.0,-71.055,0.0,0.0,-11.008,0.0,0.0,0.0,0.0,0.0,-45.40400000000001,0.0,0.0
ALA  64,86.206,0.0,0.0,-4.982,0.0,0.0,-68.725,0.0,0.0,-1.38,0.0,0.0,0.0,0.0,0.0,11.11900000000001,0.0,0.0
ALA  65,90.151,0.0,0.0,-6.81,0.0,0.0,-75.727,0.0,0.0,-0.488,0.0,0.0,0.0,0.0,0.0,7.125999999999991,0.0,0.0
ALA  66,94.766,0.0,0.0,-5.689,0.0,0.0,-81.947,0.0,0.0,-0.366,0.0,0.0,0.0,0.0,0.0,6.763999999999996,0.0,0.0
GLN  67,42.471,0.0,0.0,-7.157,0.0,0.0,-71.34,0.0,0.0,-14.684,0.0,0.0,0.0,0.0,0.0,-50.71000000000001,0.0,0.0
MET  68,90.003,0.0,0.0,-10.555,0.0,0.0,-79.389,0.0,0.0,-1.237,0.0,0.0,0.0,0.0,0.0,-1.1779999999999884,0.0,0.0
LEU  69,91.386,0.0,0.0,-11.22,0.0,0.0,-80.519,0.0,0.0,-2.283,0.0,0.0,0.0,0.0,0.0,-2.6360000000000086,0.0,0.0
LYS  70,131.954,0.0,0.0,-7.911,0.0,0.0,-117.07,0.0,0.0,-8.772,0.0,0.0,0.0,0.0,0.0,-1.798999999999987,0.0,0.0
GLU  71,108.734,0.0,0.0,-6.921,0.0,0.0,-80.948,0.0,0.0,-88.719,0.0,0.0,0.0,0.0,0.0,-67.854,0.0,0.0
THR  72,45.532,0.0,0.0,-8.204,0.0,0.0,-56.207,0.0,0.0,-4.478,0.0,0.0,0.0,0.0,0.0,-23.357000000000006,0.0,0.0
ILE  73,70.859,0.0,0.0,-10.738,0.0,0.0,-49.485,0.0,0.0,-2.711,0.0,0.0,0.0,0.0,0.0,7.924999999999995,0.0,0.0
ASN  74,15.969,0.0,0.0,-7.563,0.0,0.0,-82.632,0.0,0.0,-4.127,0.0,0.0,0.0,0.0,0.0,-78.353,0.0,0.0
GLU  75,105.337,0.0,0.0,-7.585,0.0,0.0,-53.975,0.0,0.0,-107.668,0.0,0.0,0.0,0.0,0.0,-63.891,0.0,0.0
GLU  76,96.269,0.0,0.0,-10.394,0.0,0.0,-43.638,0.0,0.0,-104.212,0.0,0.0,0.0,0.0,0.0,-61.975,0.0,0.0
ALA  77,85.904,0.0,0.0,-7.216,0.0,0.0,-71.872,0.0,0.0,-1.739,0.0,0.0,0.0,0.0,0.0,5.077000000000003,0.0,0.0
ALA  78,95.724,0.0,0.0,-6.004,0.0,0.0,-86.179,0.0,0.0,0.394,0.0,0.0,0.0,0.0,0.0,3.934999999999997,0.0,0.0
GLU  79,108.181,0.0,0.0,-5.73,0.0,0.0,-72.433,0.0,0.0,-92.142,0.0,0.0,0.0,0.0,0.0,-62.12400000000001,0.0,0.0
TRP  80,114.201,0.0,0.0,-15.812,0.0,0.0,-90.942,0.0,0.0,0.639,0.0,0.0,0.0,0.0,0.0,8.086000000000002,0.0,0.0
ASP  81,96.127,0.0,0.0,-8.298,0.0,0.0,-60.181,0.0,0.0,-76.166,0.0,0.0,0.0,0.0,0.0,-48.518,0.0,0.0
ARG  82,-190.314,0.0,0.0,-5.805,0.0,0.0,-1.237,0.0,0.0,32.789,0.0,0.0,0.0,0.0,0.0,-164.567,0.0,0.0
LEU  83,69.098,0.0,0.0,-4.963,0.0,0.0,-77.712,0.0,0.0,-2.293,0.0,0.0,0.0,0.0,0.0,-15.869999999999997,0.0,0.0
HID  84,110.151,0.0,0.0,-8.27,0.0,0.0,-73.631,0.0,0.0,-6.919,0.0,0.0,0.0,0.0,0.0,21.331,0.0,0.0
PRO  85,93.078,0.0,0.0,-4.358,0.0,0.0,-60.321,0.0,0.0,-4.607,0.0,0.0,0.0,0.0,0.0,23.792,0.0,0.0
VAL  86,43.827,0.0,0.0,-4.681,0.0,0.0,-42.291,0.0,0.0,-4.945,0.0,0.0,0.0,0.0,0.0,-8.089999999999996,0.0,0.0
HID  87,85.785,0.0,0.0,-6.404,0.0,0.0,-53.902,0.0,0.0,-8.769,0.0,0.0,0.0,0.0,0.0,16.71,0.0,0.0
ALA  88,95.717,0.0,0.0,-3.657,0.0,0.0,-72.585,0.0,0.0,-8.785,0.0,0.0,0.0,0.0,0.0,10.690000000000008,0.0,0.0
GLY  89,91.571,0.0,0.0,-3.119,0.0,0.0,-73.815,0.0,0.0,-5.984,0.0,0.0,0.0,0.0,0.0,8.653,0.0,0.0
PRO  90,80.784,0.0,0.0,-5.323,0.0,0.0,-57.577,0.0,0.0,-5.802,0.0,0.0,0.0,0.0,0.0,12.082000000000015,0.0,0.0
ILE  91,80.287,0.0,0.0,-7.5,0.0,0.0,-56.063,0.0,0.0,-4.963,0.0,0.0,0.0,0.0,0.0,11.761000000000003,0.0,0.0
ALA  92,101.051,0.0,0.0,-3.574,0.0,0.0,-77.872,0.0,0.0,-1.919,0.0,0.0,0.0,0.0,0.0,17.686000000000003,0.0,0.0
PRO  93,86.038,0.0,0.0,-1.95,0.0,0.0,-57.903,0.0,0.0,-5.521,0.0,0.0,0.0,0.0,0.0,20.663999999999994,0.0,0.0
GLY  94,71.787,0.0,0.0,-2.027,0.0,0.0,-66.481,0.0,0.0,-6.031,0.0,0.0,0.0,0.0,0.0,-2.751999999999989,0.0,0.0
GLN  95,34.957,0.0,0.0,-6.998,0.0,0.0,-75.005,0.0,0.0,-9.34,0.0,0.0,0.0,0.0,0.0,-56.385999999999996,0.0,0.0
MET  96,103.305,0.0,0.0,-9.031,0.0,0.0,-79.572,0.0,0.0,-2.61,0.0,0.0,0.0,0.0,0.0,12.091999999999999,0.0,0.0
ARG  97,-195.238,0.0,0.0,-6.504,0.0,0.0,-4.051,0.0,0.0,24.944,0.0,0.0,0.0,0.0,0.0,-180.849,0.0,0.0
GLU  98,118.574,0.0,0.0,-7.481,0.0,0.0,-99.041,0.0,0.0,-52.249,0.0,0.0,0.0,0.0,0.0,-40.196999999999996,0.0,0.0
PRO  99,94.693,0.0,0.0,-9.809,0.0,0.0,-64.02,0.0,0.0,-2.695,0.0,0.0,0.0,0.0,0.0,18.169000000000004,0.0,0.0
ARG 100,-186.498,0.0,0.0,-6.654,0.0,0.0,-29.004,0.0,0.0,43.663,0.0,0.0,0.0,0.0,0.0,-178.493,0.0,0.0
GLY 101,78.422,0.0,0.0,-6.089,0.0,0.0,-88.225,0.0,0.0,3.321,0.0,0.0,0.0,0.0,0.0,-12.570999999999996,0.0,0.0
SER 102,68.906,0.0,0.0,-3.846,0.0,0.0,-68.01,0.0,0.0,-0.849,0.0,0.0,0.0,0.0,0.0,-3.799000000000003,0.0,0.0
ASP 103,93.209,0.0,0.0,-6.893,0.0,0.0,-96.669,0.0,0.0,-34.259,0.0,0.0,0.0,0.0,0.0,-44.611999999999995,0.0,0.0
ILE 104,78.754,0.0,0.0,-11.581,0.0,0.0,-62.207,0.0,0.0,1.832,0.0,0.0,0.0,0.0,0.0,6.798000000000001,0.0,0.0
ALA 105,86.121,0.0,0.0,-7.359,0.0,0.0,-77.676,0.0,0.0,0.755,0.0,0.0,0.0,0.0,0.0,1.8409999999999984,0.0,0.0
GLY 106,88.441,0.0,0.0,-5.36,0.0,0.0,-85.619,0.0,0.0,-3.642,0.0,0.0,0.0,0.0,0.0,-6.179999999999996,0.0,0.0
THR 107,53.481,0.0,0.0,-5.601,0.0,0.0,-56.901,0.0,0.0,-6.27,0.0,0.0,0.0,0.0,0.0,-15.291,0.0,0.0
THR 108,44.4,0.0,0.0,1.319,0.0,0.0,-60.87,0.0,0.0,-1.83,0.0,0.0,0.0,0.0,0.0,-16.980999999999995,0.0,0.0
SER 109,75.814,0.0,0.0,-7.78,0.0,0.0,-68.79,0.0,0.0,-2.553,0.0,0.0,0.0,0.0,0.0,-3.3090000000000144,0.0,0.0
THR 110,37.454,0.0,0.0,-5.459,0.0,0.0,-47.849,0.0,0.0,-3.387,0.0,0.0,0.0,0.0,0.0,-19.240999999999996,0.0,0.0
LEU 111,57.968,0.0,0.0,-9.158,0.0,0.0,-58.409,0.0,0.0,-4.038,0.0,0.0,0.0,0.0,0.0,-13.636999999999997,0.0,0.0
GLN 112,34.49,0.0,0.0,-5.968,0.0,0.0,-72.337,0.0,0.0,-14.077,0.0,0.0,0.0,0.0,0.0,-57.891999999999996,0.0,0.0
GLU 113,104.912,0.0,0.0,-5.517,0.0,0.0,-116.432,0.0,0.0,-39.02,0.0,0.0,0.0,0.0,0.0,-56.056999999999995,0.0,0.0
GLN 114,41.869,0.0,0.0,-12.988,0.0,0.0,-83.838,0.0,0.0,0.776,0.0,0.0,0.0,0.0,0.0,-54.18099999999999,0.0,0.0
ILE 115,82.644,0.0,0.0,-9.548,0.0,0.0,-70.39,0.0,0.0,-0.598,0.0,0.0,0.0,0.0,0.0,2.108000000000003,0.0,0.0
GLY 116,76.015,0.0,0.0,-3.365,0.0,0.0,-75.611,0.0,0.0,-1.115,0.0,0.0,0.0,0.0,0.0,-4.075999999999999,0.0,0.0
TRP 117,123.538,0.0,0.0,-19.467,0.0,0.0,-89.057,0.0,0.0,-0.66,0.0,0.0,0.0,0.0,0.0,14.353999999999996,0.0,0.0
MET 118,101.866,0.0,0.0,-10.042,0.0,0.0,-80.75,0.0,0.0,-4.422,0.0,0.0,0.0,0.0,0.0,6.651999999999998,0.0,0.0
THR 119,30.986,0.0,0.0,-6.404,0.0,0.0,-35.43,0.0,0.0,-6.112,0.0,0.0,0.0,0.0,0.0,-16.96,0.0,0.0
HID 120,88.976,0.0,0.0,-10.403,0.0,0.0,-56.113,0.0,0.0,-8.2,0.0,0.0,0.0,0.0,0.0,14.259999999999994,0.0,0.0
ASN 121,28.538,0.0,0.0,-4.773,0.0,0.0,-67.965,0.0,0.0,-12.84,0.0,0.0,0.0,0.0,0.0,-57.040000000000006,0.0,0.0
PRO 122,92.169,0.0,0.0,-3.882,0.0,0.0,-59.606,0.0,0.0,-2.044,0.0,0.0,0.0,0.0,0.0,26.63699999999999,0.0,0.0
PRO 123,85.474,0.0,0.0,-6.471,0.0,0.0,-58.775,0.0,0.0,-2.892,0.0,0.0,0.0,0.0,0.0,17.336000000000002,0.0,0.0
ILE 124,90.621,0.0,0.0,-7.215,0.0,0.0,-63.503,0.0,0.0,-0.579,0.0,0.0,0.0,0.0,0.0,19.32399999999999,0.0,0.0
PRO 125,91.417,0.0,0.0,-5.735,0.0,0.0,-66.073,0.0,0.0,-1.424,0.0,0.0,0.0,0.0,0.0,18.18500000000001,0.0,0.0
VAL 126,54.266,0.0,0.0,-8.792,0.0,0.0,-56.2,0.0,0.0,-0.111,0.0,0.0,0.0,0.0,0.0,-10.837000000000007,0.0,0.0
GLY 127,72.511,0.0,0.0,-4.879,0.0,0.0,-71.025,0.0,0.0,-1.837,0.0,0.0,0.0,0.0,0.0,-5.230000000000015,0.0,0.0
GLU 128,106.378,0.0,0.0,-6.87,0.0,0.0,-116.046,0.0,0.0,-41.491,0.0,0.0,0.0,0.0,0.0,-58.02900000000001,0.0,0.0
ILE 129,87.472,0.0,0.0,-10.534,0.0,0.0,-66.147,0.0,0.0,-0.557,0.0,0.0,0.0,0.0,0.0,10.233999999999982,0.0,0.0
TYR 130,97.16,0.0,0.0,-15.929,0.0,0.0,-90.169,0.0,0.0,-0.531,0.0,0.0,0.0,0.0,0.0,-9.469000000000003,0.0,0.0
LYS 131,145.002,0.0,0.0,-11.653,0.0,0.0,-143.317,0.0,0.0,10.68,0.0,0.0,0.0,0.0,0.0,0.7120000000000104,0.0,0.0
ARG 132,-184.344,0.0,0.0,-8.652,0.0,0.0,43.626,0.0,0.0,-9.957,0.0,0.0,0.0,0.0,0.0,-159.32699999999997,0.0,0.0
TRP 133,124.901,0.0,0.0,-18.565,0.0,0.0,-96.936,0.0,0.0,-2.34,0.0,0.0,0.0,0.0,0.0,7.059999999999992,0.0,0.0
ILE 134,86.482,0.0,0.0,-12.64,0.0,0.0,-71.548,0.0,0.0,0.102,0.0,0.0,0.0,0.0,0.0,2.395999999999997,0.0,0.0
ILE 135,84.993,0.0,0.0,-9.268,0.0,0.0,-65.594,0.0,0.0,0.737,0.0,0.0,0.0,0.0,0.0,10.868,0.0,0.0
LEU 136,77.949,0.0,0.0,-7.762,0.0,0.0,-83.72,0.0,0.0,2.88,0.0,0.0,0.0,0.0,0.0,-10.653000000000002,0.0,0.0
GLY 137,77.514,0.0,0.0,-5.506,0.0,0.0,-79.951,0.0,0.0,1.309,0.0,0.0,0.0,0.0,0.0,-6.633999999999998,0.0,0.0
LEU 138,59.377,0.0,0.0,-10.434,0.0,0.0,-66.414,0.0,0.0,0.024,0.0,0.0,0.0,0.0,0.0,-17.446999999999996,0.0,0.0
ASN 139,32.482,0.0,0.0,-7.125,0.0,0.0,-88.444,0.0,0.0,-4.373,0.0,0.0,0.0,0.0,0.0,-67.46000000000001,0.0,0.0
LYS 140,131.999,0.0,0.0,-10.017,0.0,0.0,-119.934,0.0,0.0,-6.914,0.0,0.0,0.0,0.0,0.0,-4.865999999999998,0.0,0.0
ILE 141,87.425,0.0,0.0,-10.696,0.0,0.0,-76.904,0.0,0.0,-0.733,0.0,0.0,0.0,0.0,0.0,-0.9079999999999971,0.0,0.0
VAL 142,62.112,0.0,0.0,-9.065,0.0,0.0,-58.202,0.0,0.0,-2.285,0.0,0.0,0.0,0.0,0.0,-7.439999999999994,0.0,0.0
ARG 143,-196.839,0.0,0.0,-7.806,0.0,0.0,67.203,0.0,0.0,-28.301,0.0,0.0,0.0,0.0,0.0,-165.743,0.0,0.0
MET 144,89.812,0.0,0.0,-9.104,0.0,0.0,-69.811,0.0,0.0,-5.964,0.0,0.0,0.0,0.0,0.0,4.932999999999991,0.0,0.0
TYR 145,91.358,0.0,0.0,-8.335,0.0,0.0,-82.879,0.0,0.0,-8.966,0.0,0.0,0.0,0.0,0.0,-8.822000000000008,0.0,0.0
SER 146,92.294,0.0,0.0,-2.471,0.0,0.0,-66.33,0.0,0.0,-12.9,0.0,0.0,0.0,0.0,0.0,10.592999999999995,0.0,0.0
PRO 147,92.771,0.0,0.0,-5.773,0.0,0.0,-67.448,0.0,0.0,-4.309,0.0,0.0,0.0,0.0,0.0,15.24100000000001,0.0,0.0
THR 148,43.75,0.0,0.0,-2.454,0.0,0.0,-48.012,0.0,0.0,-10.841,0.0,0.0,0.0,0.0,0.0,-17.557000000000002,0.0,0.0
SER 149,60.292,0.0,0.0,-2.625,0.0,0.0,-45.001,0.0,0.0,-12.075,0.0,0.0,0.0,0.0,0.0,0.5910000000000046,0.0,0.0
ILE 150,57.365,0.0,0.0,-0.236,0.0,0.0,-27.209,0.0,0.0,-7.233,0.0,0.0,0.0,0.0,0.0,22.687000000000005,0.0,0.0

Ligand:
Total Energy Decomposition:
Residue,Internal,,,van der Waals,,,Electrostatic,,,Polar Solvation,,,Non-Polar Solv.,,,TOTAL,,
,Avg.,Std. Dev.,Std. Err. of Mean,Avg.,Std. Dev.,Std. Err. of Mean,Avg.,Std. Dev.,Std. Err. of Mean,Avg.,Std. Dev.,Std. Err. of Mean,Avg.,Std. Dev.,Std. Err. of Mean,Avg.,Std. Dev.,Std. Err. of Mean
LEU   1,42.864,0.0,0.0,-1.862,0.0,0.0,-41.9,0.0,0.0,-2.31,0.0,0.0,0.0,0.0,0.0,-3.2080000000000033,0.0,0.0
ASP   2,97.979,0.0,0.0,-2.911,0.0,0.0,-73.032,0.0,0.0,-86.09,0.0,0.0,0.0,0.0,0.0,-64.054,0.0,0.0
ILE   3,101.748,0.0,0.0,-6.173,0.0,0.0,-73.676,0.0,0.0,-1.747,0.0,0.0,0.0,0.0,0.0,20.152,0.0,0.0
ARG   4,-189.949,0.0,0.0,-7.272,0.0,0.0,45.953,0.0,0.0,-12.122,0.0,0.0,0.0,0.0,0.0,-163.39,0.0,0.0
GLN   5,31.939,0.0,0.0,-8.747,0.0,0.0,-86.185,0.0,0.0,-2.97,0.0,0.0,0.0,0.0,0.0,-65.96300000000001,0.0,0.0
GLY   6,89.413,0.0,0.0,-3.479,0.0,0.0,-71.403,0.0,0.0,-4.443,0.0,0.0,0.0,0.0,0.0,10.087999999999992,0.0,0.0
PRO   7,88.835,0.0,0.0,-2.735,0.0,0.0,-54.234,0.0,0.0,-6.035,0.0,0.0,0.0,0.0,0.0,25.830999999999992,0.0,0.0
LYS   8,121.997,0.0,0.0,-2.981,0.0,0.0,-86.055,0.0,0.0,-36.088,0.0,0.0,0.0,0.0,0.0,-3.1270000000000024,0.0,0.0
GLU   9,108.093,0.0,0.0,-6.744,0.0,0.0,-121.681,0.0,0.0,-25.639,0.0,0.0,0.0,0.0,0.0,-45.97099999999999,0.0,0.0
PRO  10,79.064,0.0,0.0,-6.108,0.0,0.0,-57.355,0.0,0.0,-1.967,0.0,0.0,0.0,0.0,0.0,13.633999999999991,0.0,0.0
PHE  11,103.365,0.0,0.0,-14.246,0.0,0.0,-72.143,0.0,0.0,-1.691,0.0,0.0,0.0,0.0,0.0,15.284999999999998,0.0,0.0
ARG  12,-204.473,0.0,0.0,-5.273,0.0,0.0,-4.658,0.0,0.0,30.895,0.0,0.0,0.0,0.0,0.0,-183.509,0.0,0.0
ASP  13,90.252,0.0,0.0,-7.728,0.0,0.0,-75.234,0.0,0.0,-80.967,0.0,0.0,0.0,0.0,0.0,-73.67699999999999,0.0,0.0
TYR  14,97.274,0.0,0.0,-17.204,0.0,0.0,-94.878,0.0,0.0,0.607,0.0,0.0,0.0,0.0,0.0,-14.201000000000008,0.0,0.0
VAL  15,56.859,0.0,0.0,-10.289,0.0,0.0,-55.6,0.0,0.0,1.852,0.0,0.0,0.0,0.0,0.0,-7.178000000000001,0.0,0.0
ASP  16,115.967,0.0,0.0,-7.32,0.0,0.0,-114.867,0.0,0.0,-50.634,0.0,0.0,0.0,0.0,0.0,-56.85400000000001,0.0,0.0
ARG  17,-198.505,0.0,0.0,-9.697,0.0,0.0,16.489,0.0,0.0,5.42,0.0,0.0,0.0,0.0,0.0,-186.293,0.0,0.0
PHE  18,94.161,0.0,0.0,-14.941,0.0,0.0,-81.511,0.0,0.0,0.536,0.0,0.0,0.0,0.0,0.0,-1.7549999999999968,0.0,0.0
TYR  19,96.609,0.0,0.0,-10.476,0.0,0.0,-93.41,0.0,0.0,-0.901,0.0,0.0,0.0,0.0,0.0,-8.178,0.0,0.0
LYS  20,136.617,0.0,0.0,-7.279,0.0,0.0,-135.356,0.0,0.0,-4.572,0.0,0.0,0.0,0.0,0.0,-10.59,0.0,0.0
THR  21,43.585,0.0,0.0,-6.61,0.0,0.0,-53.755,0.0,0.0,-4.02,0.0,0.0,0.0,0.0,0.0,-20.8,0.0,0.0
LEU  22,69.764,0.0,0.0,-10.456,0.0,0.0,-65.951,0.0,0.0,-2.625,0.0,0.0,0.0,0.0,0.0,-9.268,0.0,0.0
ARG  23,-198.833,0.0,0.0,-6.253,0.0,0.0,65.901,0.0,0.0,-27.078,0.0,0.0,0.0,0.0,0.0,-166.263,0.0,0.0
ALA  24,90.079,0.0,0.0,-3.987,0.0,0.0,-78.793,0.0,0.0,-4.477,0.0,0.0,0.0,0.0,0.0,2.821999999999992,0.0,0.0
GLU  25,105.253,0.0,0.0,-5.329,0.0,0.0,-63.269,0.0,0.0,-95.108,0.0,0.0,0.0,0.0,0.0,-58.452999999999996,0.0,0.0
GLN  26,25.527,0.0,0.0,-2.563,0.0,0.0,-64.214,0.0,0.0,-13.382,0.0,0.0,0.0,0.0,0.0,-54.632,0.0,0.0
ALA  27,100.717,0.0,0.0,-4.598,0.0,0.0,-87.513,0.0,0.0,-2.979,0.0,0.0,0.0,0.0,0.0,5.6269999999999945,0.0,0.0
SER  28,72.455,0.0,0.0,-5.151,0.0,0.0,-66.193,0.0,0.0,-1.753,0.0,0.0,0.0,0.0,0.0,-0.6419999999999957,0.0,0.0
GLN  29,30.132,0.0,0.0,-6.186,0.0,0.0,-72.267,0.0,0.0,-5.601,0.0,0.0,0.0,0.0,0.0,-53.922,0.0,0.0
GLU  30,110.702,0.0,0.0,-4.729,0.0,0.0,-112.556,0.0,0.0,-54.482,0.0,0.0,0.0,0.0,0.0,-61.065,0.0,0.0
VAL  31,65.28,0.0,0.0,-6.671,0.0,0.0,-61.948,0.0,0.0,-0.643,0.0,0.0,0.0,0.0,0.0,-3.9819999999999984,0.0,0.0
LYS  32,117.584,0.0,0.0,-8.668,0.0,0.0,-113.309,0.0,0.0,-8.303,0.0,0.0,0.0,0.0,0.0,-12.696000000000002,0.0,0.0
ASN  33,18.063,0.0,0.0,-6.242,0.0,0.0,-84.925,0.0,0.0,-6.297,0.0,0.0,0.0,0.0,0.0,-79.401,0.0,0.0
TRP  34,125.673,0.0,0.0,-9.741,0.0,0.0,-90.65,0.0,0.0,-6.067,0.0,0.0,0.0,0.0,0.0,19.214999999999996,0.0,0.0
MET  35,100.888,0.0,0.0,-10.917,0.0,0.0,-86.98,0.0,0.0,-1.723,0.0,0.0,0.0,0.0,0.0,1.2679999999999996,0.0,0.0
THR  36,44.999,0.0,0.0,-6.264,0.0,0.0,-59.729,0.0,0.0,-2.829,0.0,0.0,0.0,0.0,0.0,-23.823,0.0,0.0
GLU  37,101.292,0.0,0.0,-4.377,0.0,0.0,-67.818,0.0,0.0,-87.211,0.0,0.0,0.0,0.0,0.0,-58.11399999999999,0.0,0.0
THR  38,34.915,0.0,0.0,-5.373,0.0,0.0,-44.023,0.0,0.0,-2.65,0.0,0.0,0.0,0.0,0.0,-17.131000000000004,0.0,0.0
LEU  39,63.803,0.0,0.0,-8.217,0.0,0.0,-68.024,0.0,0.0,1.059,0.0,0.0,0.0,0.0,0.0,-11.379000000000003,0.0,0.0
LEU  40,83.718,0.0,0.0,-10.207,0.0,0.0,-90.399,0.0,0.0,1.752,0.0,0.0,0.0,0.0,0.0,-15.136000000000005,0.0,0.0
VAL  41,52.963,0.0,0.0,-8.218,0.0,0.0,-58.396,0.0,0.0,2.359,0.0,0.0,0.0,0.0,0.0,-11.291999999999996,0.0,0.0
GLN  42,23.168,0.0,0.0,-6.675,0.0,0.0,-75.833,0.0,0.0,0.99,0.0,0.0,0.0,0.0,0.0,-58.35,0.0,0.0
ASN  43,17.397,0.0,0.0,-7.808,0.0,0.0,-78.855,0.0,0.0,-2.377,0.0,0.0,0.0,0.0,0.0,-71.643,0.0,0.0
ALA  44,90.685,0.0,0.0,-8.281,0.0,0.0,-81.614,0.0,0.0,1.789,0.0,0.0,0.0,0.0,0.0,2.5789999999999917,0.0,0.0
ASN  45,47.895,0.0,0.0,-4.778,0.0,0.0,-92.539,0.0,0.0,-6.346,0.0,0.0,0.0,0.0,0.0,-55.768,0.0,0.0
PRO  46,80.683,0.0,0.0,-4.581,0.0,0.0,-59.497,0.0,0.0,-1.961,0.0,0.0,0.0,0.0,0.0,14.644000000000004,0.0,0.0
ASP  47,88.569,0.0,0.0,-6.53,0.0,0.0,-71.265,0.0,0.0,-76.364,0.0,0.0,0.0,0.0,0.0,-65.59,0.0,0.0
CYX  48,97.53,0.0,0.0,-7.159,0.0,0.0,-81.863,0.0,0.0,-2.1,0.0,0.0,0.0,0.0,0.0,6.407999999999996,0.0,0.0
LYS  49,135.624,0.0,0.0,-7.773,0.0,0.0,-126.112,0.0,0.0,-10.716,0.0,0.0,0.0,0.0,0.0,-8.976999999999995,0.0,0.0
THR  50,50.919,0.0,0.0,-5.663,0.0,0.0,-60.807,0.0,0.0,-2.461,0.0,0.0,0.0,0.0,0.0,-18.012,0.0,0.0
ILE  51,74.284,0.0,0.0,-6.483,0.0,0.0,-55.539,0.0,0.0,-1.237,0.0,0.0,0.0,0.0,0.0,11.025,0.0,0.0
LEU  52,72.371,0.0,0.0,-10.622,0.0,0.0,-70.616,0.0,0.0,-3.045,0.0,0.0,0.0,0.0,0.0,-11.912000000000004,0.0,0.0
LYS  53,120.013,0.0,0.0,-5.99,0.0,0.0,-96.213,0.0,0.0,-20.811,0.0,0.0,0.0,0.0,0.0,-3.0009999999999835,0.0,0.0
ALA  54,83.353,0.0,0.0,-3.291,0.0,0.0,-73.351,0.0,0.0,-4.467,0.0,0.0,0.0,0.0,0.0,2.243999999999999,0.0,0.0
LEU  55,81.213,0.0,0.0,-7.424,0.0,0.0,-77.437,0.0,0.0,-5.443,0.0,0.0,0.0,0.0,0.0,-9.09100000000001,0.0,0.0
GLY  56,89.909,0.0,0.0,-3.5,0.0,0.0,-74.651,0.0,0.0,-6.197,0.0,0.0,0.0,0.0,0.0,5.56100000000001,0.0,0.0
PRO  57,77.272,0.0,0.0,-2.944,0.0,0.0,-52.836,0.0,0.0,-7.168,0.0,0.0,0.0,0.0,0.0,14.324000000000005,0.0,0.0
GLY  58,68.296,0.0,0.0,-1.92,0.0,0.0,-61.735,0.0,0.0,-5.32,0.0,0.0,0.0,0.0,0.0,-0.6789999999999949,0.0,0.0
ALA  59,104.647,0.0,0.0,-5.1,0.0,0.0,-91.922,0.0,0.0,-0.174,0.0,0.0,0.0,0.0,0.0,7.451000000000014,0.0,0.0
THR  60,50.01,0.0,0.0,-4.293,0.0,0.0,-57.187,0.0,0.0,-3.278,0.0,0.0,0.0,0.0,0.0,-14.748,0.0,0.0
LEU  61,68.018,0.0,0.0,-6.111,0.0,0.0,-68.752,0.0,0.0,-3.947,0.0,0.0,0.0,0.0,0.0,-10.791999999999991,0.0,0.0
GLU  62,106.461,0.0,0.0,-2.268,0.0,0.0,-98.625,0.0,0.0,-63.539,0.0,0.0,0.0,0.0,0.0,-57.971000000000004,0.0,0.0
GLU  63,111.2,0.0,0.0,-8.036,0.0,0.0,-68.23,0.0,0.0,-88.053,0.0,0.0,0.0,0.0,0.0,-53.119,0.0,0.0
MET  64,96.729,0.0,0.0,-12.006,0.0,0.0,-75.704,0.0,0.0,-0.399,0.0,0.0,0.0,0.0,0.0,8.620000000000005,0.0,0.0
MET  65,99.998,0.0,0.0,-10.571,0.0,0.0,-85.289,0.0,0.0,0.522,0.0,0.0,0.0,0.0,0.0,4.6600000000000055,0.0,0.0
THR  66,35.591,0.0,0.0,-4.141,0.0,0.0,-49.875,0.0,0.0,-3.13,0.0,0.0,0.0,0.0,0.0,-21.554999999999996,0.0,0.0
ALA  67,80.15,0.0,0.0,-5.123,0.0,0.0,-64.795,0.0,0.0,-3.066,0.0,0.0,0.0,0.0,0.0,7.1659999999999995,0.0,0.0
CYX  68,95.044,0.0,0.0,-6.822,0.0,0.0,-80.609,0.0,0.0,-0.314,0.0,0.0,0.0,0.0,0.0,7.2989999999999995,0.0,0.0
GLN  69,45.336,0.0,0.0,-3.605,0.0,0.0,-85.758,0.0,0.0,-7.035,0.0,0.0,0.0,0.0,0.0,-51.062,0.0,0.0
GLY  70,102.299,0.0,0.0,-1.594,0.0,0.0,-86.224,0.0,0.0,-6.364,0.0,0.0,0.0,0.0,0.0,8.117000000000008,0.0,0.0
VAL  71,39.919,0.0,0.0,-1.406,0.0,0.0,-28.529,0.0,0.0,-104.838,0.0,0.0,0.0,0.0,0.0,-94.854,0.0,0.0

DELTAS:
Total Energy Decomposition:
Residue,Location,Internal,,,van der Waals,,,Electrostatic,,,Polar Solvation,,,Non-Polar Solv.,,,TOTAL,,
,,Avg.,Std. Dev.,Std. Err. of Mean,Avg.,Std. Dev.,Std. Err. of Mean,Avg.,Std. Dev.,Std. Err. of Mean,Avg.,Std. Dev.,Std. Err. of Mean,Avg.,Std. Dev.,Std. Err. of Mean
PRO   1,R PRO   1,0.0,0.0,0.0,0.0,0.0,0.0,-5.5249999999999915,0.0,0.0,5.498,0.0,0.0,0.0,0.0,0.0,-0.026999999999991253,0.0,0.0
ILE   2,R ILE   2,0.0,0.0,0.0,-0.0010000000000012221,0.0,0.0,0.02400000000000091,0.0,0.0,-0.026000000000000245,0.0,0.0,0.0,0.0,0.0,-0.0030000000000036664,0.0,0.0
VAL   3,R VAL   3,0.0,0.0,0.0,-0.001000000000000334,0.0,0.0,-0.014000000000002899,0.0,0.0,0.014000000000000012,0.0,0.0,0.0,0.0,0.0,-0.0010000000000083276,0.0,0.0
GLN   4,R GLN   4,0.0,0.0,0.0,0.0,0.0,0.0,0.045000000000001705,0.0,0.0,-0.04600000000000115,0.0,0.0,0.0,0.0,0.0,-0.0009999999999976694,0.0,0.0
ASN   5,R ASN   5,0.0,0.0,0.0,0.0,0.0,0.0,0.04000000000000625,0.0,0.0,-0.03999999999999915,0.0,0.0,0.0,0.0,0.0,0.0,0.0,0.0
LEU   6,R LEU   6,0.0,0.0,0.0,0.0,0.0,0.0,0.015000000000000568,0.0,0.0,-0.013999999999999346,0.0,0.0,0.0,0.0,0.0,0.0010000000000012221,0.0,0.0
GLN   7,R GLN   7,0.0,0.0,0.0,0.0,0.0,0.0,0.018999999999991246,0.0,0.0,-0.018000000000000682,0.0,0.0,0.0,0.0,0.0,0.000999999999990564,0.0,0.0
GLY   8,R GLY   8,0.0,0.0,0.0,0.0,0.0,0.0,0.006000000000000227,0.0,0.0,-0.004999999999999893,0.0,0.0,0.0,0.0,0.0,0.001000000000000334,0.0,0.0
GLN   9,R GLN   9,0.0,0.0,0.0,-0.001000000000000334,0.0,0.0,0.010000000000005116,0.0,0.0,-0.009000000000000341,0.0,0.0,0.0,0.0,0.0,0.0,0.0,0.0
MET  10,R MET  10,0.0,0.0,0.0,0.0,0.0,0.0,-0.043000000000006366,0.0,0.0,0.04300000000000015,0.0,0.0,0.0,0.0,0.0,-7.105427357601002e-15,0.0,0.0
VAL  11,R VAL  11,0.0,0.0,0.0,0.0,0.0,0.0,0.031999999999996476,0.0,0.0,-0.031999999999999806,0.0,0.0,0.0,0.0,0.0,-3.552713678800501e-15,0.0,0.0
HID  12,R HID  12,0.0,0.0,0.0,0.0,0.0,0.0,-0.07399999999999807,0.0,0.0,0.07399999999999984,0.0,0.0,0.0,0.0,0.0,3.552713678800501e-15,0.0,0.0
GLN  13,R GLN  13,0.0,0.0,0.0,0.0,0.0,0.0,0.04200000000000159,0.0,0.0,-0.04299999999999926,0.0,0.0,0.0,0.0,0.0,-0.0009999999999976694,0.0,0.0
ALA  14,R ALA  14,0.0,0.0,0.0,0.0,0.0,0.0,-0.007000000000005002,0.0,0.0,0.007000000000000117,0.0,0.0,0.0,0.0,0.0,-3.552713678800501e-15,0.0,0.0
ILE  15,R ILE  15,0.0,0.0,0.0,-0.001000000000000334,0.0,0.0,-0.021000000000000796,0.0,0.0,0.02200000000000024,0.0,0.0,0.0,0.0,0.0,-5.329070518200751e-15,0.0,0.0
SER  16,R SER  16,0.0,0.0,0.0,-0.001000000000000334,0.0,0.0,0.015999999999998238,0.0,0.0,-0.017000000000000348,0.0,0.0,0.0,0.0,0.0,-0.0019999999999997797,0.0,0.0
PRO  17,R PRO  17,0.0,0.0,0.0,0.0,0.0,0.0,0.014000000000002899,0.0,0.0,-0.01399999999999979,0.0,0.0,0.0,0.0,0.0,3.552713678800501e-15,0.0,0.0
ARG  18,R ARG  18,0.0,0.0,0.0,-0.0019999999999997797,0.0,0.0,-5.256,0.0,0.0,5.253,0.0,0.0,0.0,0.0,0.0,-0.005000000000023874,0.0,0.0
THR  19,R THR  19,0.0,0.0,0.0,-0.002000000000000668,0.0,0.0,-0.006000000000000227,0.0,0.0,0.006000000000000227,0.0,0.0,0.0,0.0,0.0,-0.001999999999995339,0.0,0.0
LEU  20,R LEU  20,0.0,0.0,0.0,-0.0009999999999994458,0.0,0.0,-0.014000000000002899,0.0,0.0,0.01100000000000012,0.0,0.0,0.0,0.0,0.0,-0.004000000000000448,0.0,0.0
ASN  21,R ASN  21,0.0,0.0,0.0,-0.0019999999999997797,0.0,0.0,0.03100000000000591,0.0,0.0,-0.030999999999998806,0.0,0.0,0.0,0.0,0.0,-0.001999999999995339,0.0,0.0
ALA  22,R ALA  22,0.0,0.0,0.0,-0.0030000000000001137,0.0,0.0,-0.07099999999999795,0.0,0.0,0.06700000000000017,0.0,0.0,0.0,0.0,0.0,-0.006999999999997897,0.0,0.0
TRP  23,R TRP  23,0.0,0.0,0.0,-0.009000000000000341,0.0,0.0,-0.13900000000001,0.0,0.0,0.1259999999999999,0.0,0.0,0.0,0.0,0.0,-0.0220000000000109,0.0,0.0
VAL  24,R VAL  24,0.0,0.0,0.0,-0.004000000000000448,0.0,0.0,-0.044000000000004036,0.0,0.0,0.04099999999999948,0.0,0.0,0.0,0.0,0.0,-0.007000000000009443,0.0,0.0
LYS  25,R LYS  25,0.0,0.0,0.0,-0.01100000000000012,0.0,0.0,-5.859999999999999,0.0,0.0,5.868000000000002,0.0,0.0,0.0,0.0,0.0,-0.003000000000007219,0.0,0.0
VAL  26,R VAL  26,0.0,0.0,0.0,-0.02099999999999902,0.0,0.0,-0.1769999999999925,0.0,0.0,0.16400000000000015,0.0,0.0,0.0,0.0,0.0,-0.03399999999999359,0.0,0.0
VAL  27,R VAL  27,0.0,0.0,0.0,-0.0129999999999999,0.0,0.0,-0.05299999999999727,0.0,0.0,0.04700000000000004,0.0,0.0,0.0,0.0,0.0,-0.01899999999999835,0.0,0.0
GLU  28,R GLU  28,0.0,0.0,0.0,-0.0129999999999999,0.0,0.0,5.786999999999999,0.0,0.0,-5.784999999999997,0.0,0.0,0.0,0.0,0.0,-0.011000000000002785,0.0,0.0
GLU  29,R GLU  29,0.0,0.0,0.0,-0.04300000000000015,0.0,0.0,4.519999999999996,0.0,0.0,-4.583999999999989,0.0,0.0,0.0,0.0,0.0,-0.10699999999999932,0.0,0.0
LYS  30,R LYS  30,0.0,0.0,0.0,-0.27999999999999936,0.0,0.0,5.972000000000008,0.0,0.0,-5.6080000000000005,0.0,0.0,0.0,0.0,0.0,0.08400000000000762,0.0,0.0
ALA  31,R ALA  31,0.0,0.0,0.0,-0.040999999999999925,0.0,0.0,-0.2909999999999968,0.0,0.0,0.23199999999999976,0.0,0.0,0.0,0.0,0.0,-0.09999999999999387,0.0,0.0
PHE  32,R PHE  32,0.0,0.0,0.0,-0.11100000000000065,0.0,0.0,1.0170000000000101,0.0,0.0,-0.9929999999999999,0.0,0.0,0.0,0.0,0.0,-0.08699999999999619,0.0,0.0
SER  33,R SER  33,0.0,0.0,0.0,-0.3810000000000002,0.0,0.0,0.6969999999999956,0.0,0.0,-0.733,0.0,0.0,0.0,0.0,0.0,-0.41700000000000514,0.0,0.0
PRO  34,R PRO  34,0.0,0.0,0.0,-1.0919999999999996,0.0,0.0,-1.902000000000001,0.0,0.0,1.854,0.0,0.0,0.0,0.0,0.0,-1.1400000000000006,0.0,0.0
GLU  35,R GLU  35,0.0,0.0,0.0,-1.88,0.0,0.0,-12.565000000000012,0.0,0.0,19.411,0.0,0.0,0.0,0.0,0.0,4.96599999999998,0.0,0.0
VAL  36,R VAL  36,0.0,0.0,0.0,-0.06400000000000006,0.0,0.0,-0.6709999999999994,0.0,0.0,0.67,0.0,0.0,0.0,0.0,0.0,-0.06500000000000661,0.0,0.0
ILE  37,R ILE  37,0.0,0.0,0.0,-0.0730000000000004,0.0,0.0,-0.8130000000000024,0.0,0.0,0.771,0.0,0.0,0.0,0.0,0.0,-0.11499999999999488,0.0,0.0
PRO  38,R PRO  38,0.0,0.0,0.0,-0.1509999999999998,0.0,0.0,0.1600000000000037,0.0,0.0,-0.18299999999999983,0.0,0.0,0.0,0.0,0.0,-0.17399999999999238,0.0,0.0
MET  39,R MET  39,0.0,0.0,0.0,-0.11100000000000065,0.0,0.0,0.2669999999999959,0.0,0.0,-0.2540000000000001,0.0,0.0,0.0,0.0,0.0,-0.09800000000000786,0.0,0.0
PHE  40,R PHE  40,0.0,0.0,0.0,-0.011999999999998678,0.0,0.0,-0.1839999999999975,0.0,0.0,0.16999999999999998,0.0,0.0,0.0,0.0,0.0,-0.025999999999998025,0.0,0.0
SER  41,R SER  41,0.0,0.0,0.0,-0.009000000000000341,0.0,0.0,0.1840000000000046,0.0,0.0,-0.18100000000000005,0.0,0.0,0.0,0.0,0.0,-0.0059999999999957865,0.0,0.0
ALA  42,R ALA  42,0.0,0.0,0.0,-0.004999999999999893,0.0,0.0,0.17399999999999238,0.0,0.0,-0.16699999999999982,0.0,0.0,0.0,0.0,0.0,0.0019999999999829043,0.0,0.0
LEU  43,R LEU  43,0.0,0.0,0.0,-0.007000000000000561,0.0,0.0,0.08199999999999363,0.0,0.0,-0.07800000000000007,0.0,0.0,0.0,0.0,0.0,-0.003000000000012548,0.0,0.0
SER  44,R SER  44,0.0,0.0,0.0,-0.0030000000000001137,0.0,0.0,0.07699999999999818,0.0,0.0,-0.07600000000000007,0.0,0.0,0.0,0.0,0.0,-0.0020000000000024443,0.0,0.0
GLU  45,R GLU  45,0.0,0.0,0.0,-0.0019999999999997797,0.0,0.0,5.606999999999999,0.0,0.0,-5.585000000000008,0.0,0.0,0.0,0.0,0.0,0.01999999999999602,0.0,0.0
GLY  46,R GLY  46,0.0,0.0,0.0,-0.0009999999999998899,0.0,0.0,-0.05300000000001148,0.0,0.0,0.051999999999999824,0.0,0.0,0.0,0.0,0.0,-0.0020000000000095497,0.0,0.0
ALA  47,R ALA  47,0.0,0.0,0.0,0.0,0.0,0.0,0.05299999999999727,0.0,0.0,-0.051999999999999935,0.0,0.0,0.0,0.0,0.0,0.0009999999999967812,0.0,0.0
THR  48,R THR  48,0.0,0.0,0.0,-0.0010000000000012221,0.0,0.0,0.030999999999998806,0.0,0.0,-0.03,0.0,0.0,0.0,0.0,0.0,-5.329070518200751e-15,0.0,0.0
PRO  49,R PRO  49,0.0,0.0,0.0,-0.0009999999999994458,0.0,0.0,0.021000000000000796,0.0,0.0,-0.01999999999999999,0.0,0.0,0.0,0.0,0.0,-3.552713678800501e-15,0.0,0.0
GLN  50,R GLN  50,0.0,0.0,0.0,-0.0009999999999994458,0.0,0.0,0.05100000000000193,0.0,0.0,-0.05099999999999838,0.0,0.0,0.0,0.0,0.0,-0.0009999999999976694,0.0,0.0
ASP  51,R ASP  51,0.0,0.0,0.0,0.0,0.0,0.0,5.609999999999999,0.0,0.0,-5.5760000000000005,0.0,0.0,0.0,0.0,0.0,0.034000000000006025,0.0,0.0
LEU  52,R LEU  52,0.0,0.0,0.0,-0.0009999999999994458,0.0,0.0,0.006000000000000227,0.0,0.0,0.0010000000000000009,0.0,0.0,0.0,0.0,0.0,0.00600000000000378,0.0,0.0
ASN  53,R ASN  53,0.0,0.0,0.0,-0.0010000000000012221,0.0,0.0,0.15799999999998704,0.0,0.0,-0.15399999999999991,0.0,0.0,0.0,0.0,0.0,0.0030000000000001137,0.0,0.0
THR  54,R THR  54,0.0,0.0,0.0,-0.0010000000000012221,0.0,0.0,0.02400000000000091,0.0,0.0,-0.025000000000000355,0.0,0.0,0.0,0.0,0.0,-0.0019999999999988916,0.0,0.0
MET  55,R MET  55,0.0,0.0,0.0,-0.0030000000000001137,0.0,0.0,0.009000000000000341,0.0,0.0,-0.014000000000000012,0.0,0.0,0.0,0.0,0.0,-0.007999999999999119,0.0,0.0
LEU  56,R LEU  56,0.0,0.0,0.0,-0.0009999999999994458,0.0,0.0,-0.01099999999999568,0.0,0.0,0.019999999999999907,0.0,0.0,0.0,0.0,0.0,0.008000000000000895,0.0,0.0
ASN  57,R ASN  57,0.0,0.0,0.0,0.0,0.0,0.0,0.11499999999999488,0.0,0.0,-0.11299999999999955,0.0,0.0,0.0,0.0,0.0,0.001999999999981128,0.0,0.0
THR  58,R THR  58,0.0,0.0,0.0,-0.001000000000000334,0.0,0.0,-0.06300000000000239,0.0,0.0,0.054999999999999716,0.0,0.0,0.0,0.0,0.0,-0.009000000000000341,0.0,0.0
VAL  59,R VAL  59,0.0,0.0,0.0,-0.0019999999999997797,0.0,0.0,0.0379999999999967,0.0,0.0,-0.045,0.0,0.0,0.0,0.0,0.0,-0.00900000000000567,0.0,0.0
ALA  60,R ALA  60,0.0,0.0,0.0,-0.0009999999999994458,0.0,0.0,0.045000000000001705,0.0,0.0,-0.04999999999999982,0.0,0.0,0.0,0.0,0.0,-0.00600000000000378,0.0,0.0
PRO  61,R PRO  61,0.0,0.0,0.0,-0.0009999999999998899,0.0,0.0,0.015999999999998238,0.0,0.0,-0.017,0.0,0.0,0.0,0.0,0.0,-0.002000000000005997,0.0,0.0
HID  62,R HID  62,0.0,0.0,0.0,-0.0039999999999995595,0.0,0.0,-0.014000000000010004,0.0,0.0,0.010000000000001563,0.0,0.0,0.0,0.0,0.0,-0.008000000000009777,0.0,0.0
GLN  63,R GLN  63,0.0,0.0,0.0,-0.0030000000000001137,0.0,0.0,0.15900000000000603,0.0,0.0,-0.16000000000000014,0.0,0.0,0.0,0.0,0.0,-0.003999999999990678,0.0,0.0
ALA  64,R ALA  64,0.0,0.0,0.0,-0.0019999999999997797,0.0,0.0,0.09899999999998954,0.0,0.0,-0.0950000000000002,0.0,0.0,0.0,0.0,0.0,0.0019999999999935625,0.0,0.0
ALA  65,R ALA  65,0.0,0.0,0.0,-0.0030000000000001137,0.0,0.0,0.17300000000000182,0.0,0.0,-0.16600000000000004,0.0,0.0,0.0,0.0,0.0,0.004000000000001336,0.0,0.0
ALA  66,R ALA  66,0.0,0.0,0.0,-0.0019999999999997797,0.0,0.0,0.09100000000000819,0.0,0.0,-0.08400000000000002,0.0,0.0,0.0,0.0,0.0,0.005000000000012328,0.0,0.0
GLN  67,R GLN  67,0.0,0.0,0.0,-0.001000000000000334,0.0,0.0,0.08299999999999841,0.0,0.0,-0.07699999999999996,0.0,0.0,0.0,0.0,0.0,0.0049999999999954525,0.0,0.0
MET  68,R MET  68,0.0,0.0,0.0,-0.0039999999999995595,0.0,0.0,-0.11200000000000898,0.0,0.0,0.11299999999999999,0.0,0.0,0.0,0.0,0.0,-0.0030000000000138805,0.0,0.0
LEU  69,R LEU  69,0.0,0.0,0.0,-0.0030000000000001137,0.0,0.0,0.09300000000000352,0.0,0.0,-0.09600000000000009,0.0,0.0,0.0,0.0,0.0,-0.005999999999996675,0.0,0.0
LYS  70,R LYS  70,0.0,0.0,0.0,-0.001000000000000334,0.0,0.0,-6.610000000000014,0.0,0.0,6.564,0.0,0.0,0.0,0.0,0.0,-0.04700000000001836,0.0,0.0
GLU  71,R GLU  71,0.0,0.0,0.0,-0.0009999999999994458,0.0,0.0,7.177999999999997,0.0,0.0,-7.1200000000000045,0.0,0.0,0.0,0.0,0.0,0.05700000000000216,0.0,0.0
THR  72,R THR  72,0.0,0.0,0.0,-0.0019999999999988916,0.0,0.0,0.10500000000000398,0.0,0.0,-0.10200000000000031,0.0,0.0,0.0,0.0,0.0,0.0010000000000047748,0.0,0.0
ILE  73,R ILE  73,0.0,0.0,0.0,-0.0010000000000012221,0.0,0.0,0.015999999999998238,0.0,0.0,-0.013000000000000345,0.0,0.0,0.0,0.0,0.0,0.0019999999999935625,0.0,0.0
ASN  74,R ASN  74,0.0,0.0,0.0,-0.001000000000000334,0.0,0.0,-0.12299999999999045,0.0,0.0,0.1200000000000001,0.0,0.0,0.0,0.0,0.0,-0.0040000000000048885,0.0,0.0
GLU  75,R GLU  75,0.0,0.0,0.0,0.0,0.0,0.0,7.380000000000003,0.0,0.0,-7.304999999999993,0.0,0.0,0.0,0.0,0.0,0.07500000000000995,0.0,0.0
GLU  76,R GLU  76,0.0,0.0,0.0,-0.0009999999999994458,0.0,0.0,8.802,0.0,0.0,-8.691000000000003,0.0,0.0,0.0,0.0,0.0,0.11000000000000654,0.0,0.0
ALA  77,R ALA  77,0.0,0.0,0.0,0.0,0.0,0.0,-0.060000000000002274,0.0,0.0,0.06000000000000005,0.0,0.0,0.0,0.0,0.0,-2.6645352591003757e-15,0.0,0.0
ALA  78,R ALA  78,0.0,0.0,0.0,0.0,0.0,0.0,-0.10999999999999943,0.0,0.0,0.10899999999999999,0.0,0.0,0.0,0.0,0.0,-0.0009999999999994458,0.0,0.0
GLU  79,R GLU  79,0.0,0.0,0.0,-0.0009999999999994458,0.0,0.0,8.434000000000005,0.0,0.0,-8.325000000000003,0.0,0.0,0.0,0.0,0.0,0.1080000000000112,0.0,0.0
TRP  80,R TRP  80,0.0,0.0,0.0,-0.0010000000000012221,0.0,0.0,0.03699999999999193,0.0,0.0,-0.03600000000000003,0.0,0.0,0.0,0.0,0.0,-1.2434497875801753e-14,0.0,0.0
ASP  81,R ASP  81,0.0,0.0,0.0,0.0,0.0,0.0,6.2549999999999955,0.0,0.0,-6.1910000000000025,0.0,0.0,0.0,0.0,0.0,0.06399999999999295,0.0,0.0
ARG  82,R ARG  82,0.0,0.0,0.0,-0.001000000000000334,0.0,0.0,-7.704000000000001,0.0,0.0,7.609999999999999,0.0,0.0,0.0,0.0,0.0,-0.09499999999999886,0.0,0.0
LEU  83,R LEU  83,0.0,0.0,0.0,0.0,0.0,0.0,-0.08100000000000307,0.0,0.0,0.07900000000000018,0.0,0.0,0.0,0.0,0.0,-0.0020000000000042206,0.0,0.0
HID  84,R HID  84,0.0,0.0,0.0,0.0,0.0,0.0,0.021000000000000796,0.0,0.0,-0.020000000000000462,0.0,0.0,0.0,0.0,0.0,0.0010000000000012221,0.0,0.0
PRO  85,R PRO  85,0.0,0.0,0.0,0.0,0.0,0.0,0.04999999999999716,0.0,0.0,-0.04899999999999949,0.0,0.0,0.0,0.0,0.0,0.0009999999999976694,0.0,0.0
VAL  86,R VAL  86,0.0,0.0,0.0,0.0,0.0,0.0,-0.026000000000003354,0.0,0.0,0.027000000000000135,0.0,0.0,0.0,0.0,0.0,0.0009999999999976694,0.0,0.0
HID  87,R HID  87,0.0,0.0,0.0,0.0,0.0,0.0,-0.09599999999999653,0.0,0.0,0.09500000000000064,0.0,0.0,0.0,0.0,0.0,-0.0009999999999976694,0.0,0.0
ALA  88,R ALA  88,0.0,0.0,0.0,0.0,0.0,0.0,-0.043000000000006366,0.0,0.0,0.04299999999999926,0.0,0.0,0.0,0.0,0.0,-7.105427357601002e-15,0.0,0.0
GLY  89,R GLY  89,0.0,0.0,0.0,0.0,0.0,0.0,0.057999999999992724,0.0,0.0,-0.057000000000000384,0.0,0.0,0.0,0.0,0.0,0.0009999999999923403,0.0,0.0
PRO  90,R PRO  90,0.0,0.0,0.0,0.0,0.0,0.0,-0.017000000000003013,0.0,0.0,0.01699999999999946,0.0,0.0,0.0,0.0,0.0,-3.552713678800501e-15,0.0,0.0
ILE  91,R ILE  91,0.0,0.0,0.0,0.0,0.0,0.0,-0.03399999999999892,0.0,0.0,0.03399999999999981,0.0,0.0,0.0,0.0,0.0,1.7763568394002505e-15,0.0,0.0
ALA  92,R ALA  92,0.0,0.0,0.0,0.0,0.0,0.0,0.034000000000006025,0.0,0.0,-0.03400000000000003,0.0,0.0,0.0,0.0,0.0,7.105427357601002e-15,0.0,0.0
PRO  93,R PRO  93,0.0,0.0,0.0,0.0,0.0,0.0,0.016999999999995907,0.0,0.0,-0.017000000000000348,0.0,0.0,0.0,0.0,0.0,-3.552713678800501e-15,0.0,0.0
GLY  94,R GLY  94,0.0,0.0,0.0,0.0,0.0,0.0,0.006999999999990791,0.0,0.0,-0.007000000000000561,0.0,0.0,0.0,0.0,0.0,-9.769962616701378e-15,0.0,0.0
GLN  95,R GLN  95,0.0,0.0,0.0,0.0,0.0,0.0,-0.009000000000000341,0.0,0.0,0.007999999999999119,0.0,0.0,0.0,0.0,0.0,-0.0009999999999976694,0.0,0.0
MET  96,R MET  96,0.0,0.0,0.0,0.0,0.0,0.0,-0.06499999999999773,0.0,0.0,0.06499999999999995,0.0,0.0,0.0,0.0,0.0,1.7763568394002505e-15,0.0,0.0
ARG  97,R ARG  97,0.0,0.0,0.0,0.0,0.0,0.0,-5.209999999999999,0.0,0.0,5.165000000000003,0.0,0.0,0.0,0.0,0.0,-0.044999999999987494,0.0,0.0
GLU  98,R GLU  98,0.0,0.0,0.0,0.0,0.0,0.0,5.569999999999993,0.0,0.0,-5.509999999999998,0.0,0.0,0.0,0.0,0.0,0.05999999999999517,0.0,0.0
PRO  99,R PRO  99,0.0,0.0,0.0,0.0,0.0,0.0,0.036999999999999034,0.0,0.0,-0.03500000000000014,0.0,0.0,0.0,0.0,0.0,0.0019999999999988916,0.0,0.0
ARG 100,R ARG 100,0.0,0.0,0.0,0.0,0.0,0.0,-5.782999999999998,0.0,0.0,5.723000000000006,0.0,0.0,0.0,0.0,0.0,-0.060000000000002274,0.0,0.0
GLY 101,R GLY 101,0.0,0.0,0.0,0.0,0.0,0.0,-0.008000000000009777,0.0,0.0,0.006999999999999673,0.0,0.0,0.0,0.0,0.0,-0.001000000000010104,0.0,0.0
SER 102,R SER 102,0.0,0.0,0.0,0.0,0.0,0.0,0.030000000000001137,0.0,0.0,-0.030000000000000027,0.0,0.0,0.0,0.0,0.0,1.3322676295501878e-15,0.0,0.0
ASP 103,R ASP 103,0.0,0.0,0.0,0.0,0.0,0.0,5.631999999999991,0.0,0.0,-5.582000000000001,0.0,0.0,0.0,0.0,0.0,0.04999999999999005,0.0,0.0
ILE 104,R ILE 104,0.0,0.0,0.0,-0.0010000000000012221,0.0,0.0,-0.05799999999999983,0.0,0.0,0.05699999999999994,0.0,0.0,0.0,0.0,0.0,-0.0020000000000042206,0.0,0.0
ALA 105,R ALA 105,0.0,0.0,0.0,-0.001000000000000334,0.0,0.0,-0.031999999999996476,0.0,0.0,0.029000000000000026,0.0,0.0,0.0,0.0,0.0,-0.004000000000001114,0.0,0.0
GLY 106,R GLY 106,0.0,0.0,0.0,0.0,0.0,0.0,-0.05100000000000193,0.0,0.0,0.05099999999999971,0.0,0.0,0.0,0.0,0.0,-2.6645352591003757e-15,0.0,0.0
THR 107,R THR 107,0.0,0.0,0.0,0.0,0.0,0.0,-0.0759999999999934,0.0,0.0,0.07599999999999962,0.0,0.0,0.0,0.0,0.0,7.105427357601002e-15,0.0,0.0
THR 108,R THR 108,0.0,0.0,0.0,0.0,0.0,0.0,0.01899999999999835,0.0,0.0,-0.018000000000000016,0.0,0.0,0.0,0.0,0.0,0.0009999999999976694,0.0,0.0
SER 109,R SER 109,0.0,0.0,0.0,0.0,0.0,0.0,-0.000999999999990564,0.0,0.0,-0.0009999999999998899,0.0,0.0,0.0,0.0,0.0,-0.001999999999990454,0.0,0.0
THR 110,R THR 110,0.0,0.0,0.0,0.0,0.0,0.0,0.02099999999999369,0.0,0.0,-0.019000000000000128,0.0,0.0,0.0,0.0,0.0,0.001999999999995339,0.0,0.0
LEU 111,R LEU 111,0.0,0.0,0.0,0.0,0.0,0.0,0.027000000000001023,0.0,0.0,-0.0259999999999998,0.0,0.0,0.0,0.0,0.0,0.0010000000000012221,0.0,0.0
GLN 112,R GLN 112,0.0,0.0,0.0,0.0,0.0,0.0,0.0040000000000048885,0.0,0.0,-0.005000000000000782,0.0,0.0,0.0,0.0,0.0,-0.0009999999999976694,0.0,0.0
GLU 113,R GLU 113,0.0,0.0,0.0,-0.0009999999999994458,0.0,0.0,5.170000000000002,0.0,0.0,-5.131,0.0,0.0,0.0,0.0,0.0,0.0379999999999967,0.0,0.0
GLN 114,R GLN 114,0.0,0.0,0.0,0.0,0.0,0.0,0.02199999999999136,0.0,0.0,-0.02200000000000002,0.0,0.0,0.0,0.0,0.0,-1.4210854715202004e-14,0.0,0.0
ILE 115,R ILE 115,0.0,0.0,0.0,0.0,0.0,0.0,0.03700000000000614,0.0,0.0,-0.03700000000000003,0.0,0.0,0.0,0.0,0.0,6.217248937900877e-15,0.0,0.0
GLY 116,R GLY 116,0.0,0.0,0.0,0.0,0.0,0.0,0.0,0.0,0.0,0.0,0.0,0.0,0.0,0.0,0.0,0.0,0.0,0.0
TRP 117,R TRP 117,0.0,0.0,0.0,-0.0010000000000012221,0.0,0.0,0.018000000000000682,0.0,0.0,-0.018000000000000016,0.0,0.0,0.0,0.0,0.0,-0.0010000000000047748,0.0,0.0
MET 118,R MET 118,0.0,0.0,0.0,0.0,0.0,0.0,0.01999999999999602,0.0,0.0,-0.020000000000000462,0.0,0.0,0.0,0.0,0.0,-4.440892098500626e-15,0.0,0.0
THR 119,R THR 119,0.0,0.0,0.0,0.0,0.0,0.0,-0.04099999999999682,0.0,0.0,0.041999999999999815,0.0,0.0,0.0,0.0,0.0,0.0010000000000047748,0.0,0.0
HID 120,R HID 120,0.0,0.0,0.0,0.0,0.0,0.0,-0.014000000000002899,0.0,0.0,0.013999999999999346,0.0,0.0,0.0,0.0,0.0,-3.552713678800501e-15,0.0,0.0
ASN 121,R ASN 121,0.0,0.0,0.0,0.0,0.0,0.0,0.010000000000005116,0.0,0.0,-0.009999999999999787,0.0,0.0,0.0,0.0,0.0,7.105427357601002e-15,0.0,0.0
PRO 122,R PRO 122,0.0,0.0,0.0,0.0,0.0,0.0,-0.06299999999999528,0.0,0.0,0.06099999999999994,0.0,0.0,0.0,0.0,0.0,-0.001999999999995339,0.0,0.0
PRO 123,R PRO 123,0.0,0.0,0.0,0.0,0.0,0.0,0.022999999999996135,0.0,0.0,-0.020999999999999908,0.0,0.0,0.0,0.0,0.0,0.001999999999995339,0.0,0.0
ILE 124,R ILE 124,0.0,0.0,0.0,-0.001000000000000334,0.0,0.0,-0.055999999999997385,0.0,0.0,0.05399999999999994,0.0,0.0,0.0,0.0,0.0,-0.002999999999985903,0.0,0.0
PRO 125,R PRO 125,0.0,0.0,0.0,0.0,0.0,0.0,0.08499999999999375,0.0,0.0,-0.08200000000000007,0.0,0.0,0.0,0.0,0.0,0.0029999999999930083,0.0,0.0
VAL 126,R VAL 126,0.0,0.0,0.0,0.0,0.0,0.0,0.12100000000000222,0.0,0.0,-0.11800000000000001,0.0,0.0,0.0,0.0,0.0,0.0030000000000036664,0.0,0.0
GLY 127,R GLY 127,0.0,0.0,0.0,0.0,0.0,0.0,0.09799999999999898,0.0,0.0,-0.09400000000000008,0.0,0.0,0.0,0.0,0.0,0.003999999999998671,0.0,0.0
GLU 128,R GLU 128,0.0,0.0,0.0,-0.001000000000000334,0.0,0.0,7.1270000000000095,0.0,0.0,-7.058,0.0,0.0,0.0,0.0,0.0,0.06800000000001916,0.0,0.0
ILE 129,R ILE 129,0.0,0.0,0.0,-0.0009999999999994458,0.0,0.0,0.18700000000001182,0.0,0.0,-0.18199999999999994,0.0,0.0,0.0,0.0,0.0,0.004000000000020876,0.0,0.0
TYR 130,R TYR 130,0.0,0.0,0.0,-0.0019999999999988916,0.0,0.0,0.22799999999999443,0.0,0.0,-0.22099999999999997,0.0,0.0,0.0,0.0,0.0,0.004999999999999005,0.0,0.0
LYS 131,R LYS 131,0.0,0.0,0.0,-0.0030000000000001137,0.0,0.0,-6.533999999999992,0.0,0.0,6.484999999999999,0.0,0.0,0.0,0.0,0.0,-0.05200000000000671,0.0,0.0
ARG 132,R ARG 132,0.0,0.0,0.0,-0.004000000000001336,0.0,0.0,-7.565999999999995,0.0,0.0,7.4750000000000005,0.0,0.0,0.0,0.0,0.0,-0.09500000000002728,0.0,0.0
TRP 133,R TRP 133,0.0,0.0,0.0,-0.0030000000000001137,0.0,0.0,0.15400000000001057,0.0,0.0,-0.15300000000000002,0.0,0.0,0.0,0.0,0.0,-0.0019999999999900098,0.0,0.0
ILE 134,R ILE 134,0.0,0.0,0.0,-0.0030000000000001137,0.0,0.0,0.26300000000000523,0.0,0.0,-0.26,0.0,0.0,0.0,0.0,0.0,5.329070518200751e-15,0.0,0.0
ILE 135,R ILE 135,0.0,0.0,0.0,-0.0129999999999999,0.0,0.0,0.44299999999999784,0.0,0.0,-0.43,0.0,0.0,0.0,0.0,0.0,-7.105427357601002e-15,0.0,0.0
LEU 136,R LEU 136,0.0,0.0,0.0,-0.007000000000000561,0.0,0.0,0.48499999999999943,0.0,0.0,-0.472,0.0,0.0,0.0,0.0,0.0,0.005999999999994898,0.0,0.0
GLY 137,R GLY 137,0.0,0.0,0.0,-0.0030000000000001137,0.0,0.0,0.3329999999999984,0.0,0.0,-0.32899999999999996,0.0,0.0,0.0,0.0,0.0,0.0009999999999985576,0.0,0.0
LEU 138,R LEU 138,0.0,0.0,0.0,-0.017000000000001236,0.0,0.0,0.3719999999999999,0.0,0.0,-0.371,0.0,0.0,0.0,0.0,0.0,-0.016000000000005343,0.0,0.0
ASN 139,R ASN 139,0.0,0.0,0.0,-0.03500000000000014,0.0,0.0,1.9110000000000014,0.0,0.0,-1.8439999999999994,0.0,0.0,0.0,0.0,0.0,0.03200000000001069,0.0,0.0
LYS 140,R LYS 140,0.0,0.0,0.0,-0.009999999999999787,0.0,0.0,-10.574999999999989,0.0,0.0,10.454,0.0,0.0,0.0,0.0,0.0,-0.130999999999994,0.0,0.0
ILE 141,R ILE 141,0.0,0.0,0.0,-0.018000000000000682,0.0,0.0,0.29299999999999216,0.0,0.0,-0.2899999999999999,0.0,0.0,0.0,0.0,0.0,-0.015000000000008451,0.0,0.0
VAL 142,R VAL 142,0.0,0.0,0.0,-0.08300000000000018,0.0,0.0,0.1739999999999995,0.0,0.0,-0.17300000000000004,0.0,0.0,0.0,0.0,0.0,-0.08200000000000607,0.0,0.0
ARG 143,R ARG 143,0.0,0.0,0.0,-0.02799999999999958,0.0,0.0,-13.794000000000004,0.0,0.0,13.570999999999998,0.0,0.0,0.0,0.0,0.0,-0.2510000000000048,0.0,0.0
MET 144,R MET 144,0.0,0.0,0.0,-0.014000000000001123,0.0,0.0,0.12300000000000466,0.0,0.0,-0.12699999999999978,0.0,0.0,0.0,0.0,0.0,-0.017999999999990912,0.0,0.0
TYR 145,R TYR 145,0.0,0.0,0.0,-0.03599999999999959,0.0,0.0,-0.16100000000000136,0.0,0.0,0.13199999999999967,0.0,0.0,0.0,0.0,0.0,-0.06499999999998884,0.0,0.0
SER 146,R SER 146,0.0,0.0,0.0,-0.08999999999999986,0.0,0.0,-1.8880000000000052,0.0,0.0,1.7550000000000008,0.0,0.0,0.0,0.0,0.0,-0.22299999999999365,0.0,0.0
PRO 147,R PRO 147,0.0,0.0,0.0,-0.5120000000000005,0.0,0.0,3.0989999999999895,0.0,0.0,-2.8629999999999995,0.0,0.0,0.0,0.0,0.0,-0.27600000000001046,0.0,0.0
THR 148,R THR 148,0.0,0.0,0.0,-3.1679999999999997,0.0,0.0,2.3870000000000005,0.0,0.0,1.193999999999999,0.0,0.0,0.0,0.0,0.0,0.4130000000000038,0.0,0.0
SER 149,R SER 149,0.0,0.0,0.0,-3.939,0.0,0.0,-14.481000000000002,0.0,0.0,12.149999999999999,0.0,0.0,0.0,0.0,0.0,-6.270000000000002,0.0,0.0
ILE 150,R ILE 150,18.088,0.0,0.0,-7.942000000000001,0.0,0.0,-30.639,0.0,0.0,7.646,0.0,0.0,0.0,0.0,0.0,-12.846999999999998,0.0,0.0
LEU 151,L LEU   1,19.055,0.0,0.0,-2.707,0.0,0.0,-25.156,0.0,0.0,1.165,0.0,0.0,0.0,0.0,0.0,-7.642999999999999,0.0,0.0
ASP 152,L ASP   2,0.0,0.0,0.0,-1.8119999999999998,0.0,0.0,8.951999999999998,0.0,0.0,-7.0589999999999975,0.0,0.0,0.0,0.0,0.0,0.08100000000000307,0.0,0.0
ILE 153,L ILE   3,0.0,0.0,0.0,-2.4730000000000008,0.0,0.0,-0.769999999999996,0.0,0.0,0.8480000000000001,0.0,0.0,0.0,0.0,0.0,-2.394999999999996,0.0,0.0
ARG 154,L ARG   4,0.0,0.0,0.0,-0.1589999999999998,0.0,0.0,-11.023000000000003,0.0,0.0,10.989,0.0,0.0,0.0,0.0,0.0,-0.19300000000004047,0.0,0.0
GLN 155,L GLN   5,0.0,0.0,0.0,-0.02400000000000091,0.0,0.0,-0.08599999999999852,0.0,0.0,0.1070000000000002,0.0,0.0,0.0,0.0,0.0,-0.0030000000000001137,0.0,0.0
GLY 156,L GLY   6,0.0,0.0,0.0,-0.009999999999999787,0.0,0.0,-0.33099999999998886,0.0,0.0,0.3329999999999993,0.0,0.0,0.0,0.0,0.0,-0.00799999999999379,0.0,0.0
PRO 157,L PRO   7,0.0,0.0,0.0,-0.008000000000000007,0.0,0.0,-0.23499999999999943,0.0,0.0,0.2320000000000002,0.0,0.0,0.0,0.0,0.0,-0.01099999999999568,0.0,0.0
LYS 158,L LYS   8,0.0,0.0,0.0,-0.0050000000000003375,0.0,0.0,-9.632999999999996,0.0,0.0,9.68,0.0,0.0,0.0,0.0,0.0,0.041999999999994486,0.0,0.0
GLU 159,L GLU   9,0.0,0.0,0.0,-0.023000000000000576,0.0,0.0,11.102999999999994,0.0,0.0,-11.439000000000004,0.0,0.0,0.0,0.0,0.0,-0.35900000000000887,0.0,0.0
PRO 160,L PRO  10,0.0,0.0,0.0,-0.005000000000000782,0.0,0.0,0.2459999999999951,0.0,0.0,-0.2639999999999998,0.0,0.0,0.0,0.0,0.0,-0.022999999999999687,0.0,0.0
PHE 161,L PHE  11,0.0,0.0,0.0,-0.009000000000000341,0.0,0.0,0.14000000000000057,0.0,0.0,-0.15799999999999992,0.0,0.0,0.0,0.0,0.0,-0.026999999999999247,0.0,0.0
ARG 162,L ARG  12,0.0,0.0,0.0,-0.008000000000000007,0.0,0.0,-6.928,0.0,0.0,7.093999999999998,0.0,0.0,0.0,0.0,0.0,0.15799999999995862,0.0,0.0
ASP 163,L ASP  13,0.0,0.0,0.0,-0.017000000000000348,0.0,0.0,10.108999999999995,0.0,0.0,-10.322000000000003,0.0,0.0,0.0,0.0,0.0,-0.2300000000000182,0.0,0.0
TYR 164,L TYR  14,0.0,0.0,0.0,-0.0730000000000004,0.0,0.0,0.3610000000000042,0.0,0.0,-0.407,0.0,0.0,0.0,0.0,0.0,-0.11899999999998911,0.0,0.0
VAL 165,L VAL  15,0.0,0.0,0.0,-0.02400000000000091,0.0,0.0,0.17999999999999972,0.0,0.0,-0.20300000000000007,0.0,0.0,0.0,0.0,0.0,-0.047000000000001485,0.0,0.0
ASP 166,L ASP  16,0.0,0.0,0.0,-0.04899999999999949,0.0,0.0,9.969000000000008,0.0,0.0,-10.238999999999997,0.0,0.0,0.0,0.0,0.0,-0.3189999999999813,0.0,0.0
ARG 167,L ARG  17,0.0,0.0,0.0,-0.4880000000000013,0.0,0.0,-11.519000000000002,0.0,0.0,13.057,0.0,0.0,0.0,0.0,0.0,1.0500000000000114,0.0,0.0
PHE 168,L PHE  18,0.0,0.0,0.0,-0.7299999999999986,0.0,0.0,-0.010000000000005116,0.0,0.0,-0.02400000000000002,0.0,0.0,0.0,0.0,0.0,-0.7639999999999949,0.0,0.0
TYR 169,L TYR  19,0.0,0.0,0.0,-0.11799999999999855,0.0,0.0,0.16400000000000148,0.0,0.0,-0.16300000000000003,0.0,0.0,0.0,0.0,0.0,-0.11699999999999378,0.0,0.0
LYS 170,L LYS  20,0.0,0.0,0.0,-0.4720000000000004,0.0,0.0,-11.360000000000014,0.0,0.0,11.961,0.0,0.0,0.0,0.0,0.0,0.12899999999997647,0.0,0.0
THR 171,L THR  21,0.0,0.0,0.0,-2.733999999999999,0.0,0.0,-0.09799999999999898,0.0,0.0,1.1679999999999997,0.0,0.0,0.0,0.0,0.0,-1.6640000000000015,0.0,0.0
LEU 172,L LEU  22,0.0,0.0,0.0,-1.027000000000001,0.0,0.0,-0.19200000000000728,0.0,0.0,0.30799999999999983,0.0,0.0,0.0,0.0,0.0,-0.9110000000000085,0.0,0.0
ARG 173,L ARG  23,0.0,0.0,0.0,-1.6950000000000003,0.0,0.0,-18.123999999999995,0.0,0.0,15.978,0.0,0.0,0.0,0.0,0.0,-3.841000000000008,0.0,0.0
ALA 174,L ALA  24,0.0,0.0,0.0,-1.8709999999999996,0.0,0.0,-1.1059999999999945,0.0,0.0,2.0340000000000003,0.0,0.0,0.0,0.0,0.0,-0.9430000000000036,0.0,0.0
GLU 175,L GLU  25,0.0,0.0,0.0,-1.383,0.0,0.0,-2.2830000000000084,0.0,0.0,7.430000000000007,0.0,0.0,0.0,0.0,0.0,3.7639999999999887,0.0,0.0
GLN 176,L GLN  26,0.0,0.0,0.0,-0.3959999999999999,0.0,0.0,-0.578000000000003,0.0,0.0,0.6210000000000004,0.0,0.0,0.0,0.0,0.0,-0.35300000000000153,0.0,0.0
ALA 177,L ALA  27,0.0,0.0,0.0,-0.09700000000000042,0.0,0.0,0.09000000000000341,0.0,0.0,-0.09600000000000009,0.0,0.0,0.0,0.0,0.0,-0.10300000000000509,0.0,0.0
SER 178,L SER  28,0.0,0.0,0.0,-0.023000000000000576,0.0,0.0,0.0660000000000025,0.0,0.0,-0.07900000000000018,0.0,0.0,0.0,0.0,0.0,-0.036000000000008026,0.0,0.0
GLN 179,L GLN  29,0.0,0.0,0.0,-0.017000000000000348,0.0,0.0,0.024999999999991473,0.0,0.0,-0.030999999999999694,0.0,0.0,0.0,0.0,0.0,-0.02300000000000324,0.0,0.0
GLU 180,L GLU  30,0.0,0.0,0.0,-0.009999999999999787,0.0,0.0,6.902999999999992,0.0,0.0,-6.984999999999999,0.0,0.0,0.0,0.0,0.0,-0.09200000000001296,0.0,0.0
VAL 181,L VAL  31,0.0,0.0,0.0,-0.06799999999999962,0.0,0.0,0.03999999999999915,0.0,0.0,-0.04899999999999993,0.0,0.0,0.0,0.0,0.0,-0.07699999999999907,0.0,0.0
LYS 182,L LYS  32,0.0,0.0,0.0,-0.04300000000000104,0.0,0.0,-6.927999999999997,0.0,0.0,7.049000000000001,0.0,0.0,0.0,0.0,0.0,0.07800000000001184,0.0,0.0
ASN 183,L ASN  33,0.0,0.0,0.0,-0.01100000000000012,0.0,0.0,0.1670000000000016,0.0,0.0,-0.17799999999999994,0.0,0.0,0.0,0.0,0.0,-0.02199999999999136,0.0,0.0
TRP 184,L TRP  34,0.0,0.0,0.0,-0.038000000000000256,0.0,0.0,0.0940000000000083,0.0,0.0,-0.08800000000000008,0.0,0.0,0.0,0.0,0.0,-0.03199999999998937,0.0,0.0
MET 185,L MET  35,0.0,0.0,0.0,-0.5990000000000002,0.0,0.0,0.3580000000000041,0.0,0.0,-0.2689999999999999,0.0,0.0,0.0,0.0,0.0,-0.5099999999999996,0.0,0.0
THR 186,L THR  36,0.0,0.0,0.0,-0.020999999999999908,0.0,0.0,0.07399999999999807,0.0,0.0,-0.07899999999999974,0.0,0.0,0.0,0.0,0.0,-0.026000000000003354,0.0,0.0
GLU 187,L GLU  37,0.0,0.0,0.0,-0.008000000000000007,0.0,0.0,6.864999999999995,0.0,0.0,-6.951000000000008,0.0,0.0,0.0,0.0,0.0,-0.09400000000002251,0.0,0.0
THR 188,L THR  38,0.0,0.0,0.0,-0.020999999999999908,0.0,0.0,0.16200000000000614,0.0,0.0,-0.15399999999999991,0.0,0.0,0.0,0.0,0.0,-0.012999999999991019,0.0,0.0
LEU 189,L LEU  39,0.0,0.0,0.0,-0.7880000000000003,0.0,0.0,-0.015000000000000568,0.0,0.0,0.027000000000000135,0.0,0.0,0.0,0.0,0.0,-0.7760000000000034,0.0,0.0
LEU 190,L LEU  40,0.0,0.0,0.0,-0.04399999999999871,0.0,0.0,0.28300000000000125,0.0,0.0,-0.272,0.0,0.0,0.0,0.0,0.0,-0.03299999999999592,0.0,0.0
VAL 191,L VAL  41,0.0,0.0,0.0,-0.009000000000000341,0.0,0.0,0.1039999999999992,0.0,0.0,-0.10400000000000009,0.0,0.0,0.0,0.0,0.0,-0.009000000000002117,0.0,0.0
GLN 192,L GLN  42,0.0,0.0,0.0,-0.017999999999999794,0.0,0.0,-0.2540000000000049,0.0,0.0,0.23399999999999999,0.0,0.0,0.0,0.0,0.0,-0.03800000000000381,0.0,0.0
ASN 193,L ASN  43,0.0,0.0,0.0,-0.1429999999999998,0.0,0.0,-0.6659999999999968,0.0,0.0,0.5299999999999998,0.0,0.0,0.0,0.0,0.0,-0.27899999999999636,0.0,0.0
ALA 194,L ALA  44,0.0,0.0,0.0,-0.007999999999999119,0.0,0.0,0.14500000000001023,0.0,0.0,-0.14100000000000001,0.0,0.0,0.0,0.0,0.0,-0.003999999999985349,0.0,0.0
ASN 195,L ASN  45,0.0,0.0,0.0,-0.004000000000000448,0.0,0.0,-0.30100000000000193,0.0,0.0,0.30799999999999983,0.0,0.0,0.0,0.0,0.0,0.0030000000000001137,0.0,0.0
PRO 196,L PRO  46,0.0,0.0,0.0,-0.0019999999999997797,0.0,0.0,-0.09499999999999886,0.0,0.0,0.09499999999999997,0.0,0.0,0.0,0.0,0.0,-0.0019999999999935625,0.0,0.0
ASP 197,L ASP  47,0.0,0.0,0.0,-0.0019999999999997797,0.0,0.0,7.363999999999997,0.0,0.0,-7.405000000000001,0.0,0.0,0.0,0.0,0.0,-0.043000000000006366,0.0,0.0
CYX 198,L CYX  48,0.0,0.0,0.0,-0.0019999999999997797,0.0,0.0,-0.18600000000000705,0.0,0.0,0.18700000000000006,0.0,0.0,0.0,0.0,0.0,-0.0010000000000029985,0.0,0.0
LYS 199,L LYS  49,0.0,0.0,0.0,-0.004000000000000448,0.0,0.0,-8.573000000000008,0.0,0.0,8.665,0.0,0.0,0.0,0.0,0.0,0.08799999999998676,0.0,0.0
THR 200,L THR  50,0.0,0.0,0.0,-0.0009999999999994458,0.0,0.0,-0.1109999999999971,0.0,0.0,0.10999999999999988,0.0,0.0,0.0,0.0,0.0,-0.0020000000000024443,0.0,0.0
ILE 201,L ILE  51,0.0,0.0,0.0,-0.001000000000000334,0.0,0.0,-0.1319999999999979,0.0,0.0,0.135,0.0,0.0,0.0,0.0,0.0,0.002000000000011326,0.0,0.0
LEU 202,L LEU  52,0.0,0.0,0.0,-0.0030000000000001137,0.0,0.0,-0.14100000000000534,0.0,0.0,0.14400000000000013,0.0,0.0,0.0,0.0,0.0,-5.329070518200751e-15,0.0,0.0
LYS 203,L LYS  53,0.0,0.0,0.0,-0.0009999999999994458,0.0,0.0,-6.364000000000004,0.0,0.0,6.42,0.0,0.0,0.0,0.0,0.0,0.054999999999990834,0.0,0.0
ALA 204,L ALA  54,0.0,0.0,0.0,0.0,0.0,0.0,-0.07600000000000762,0.0,0.0,0.07299999999999951,0.0,0.0,0.0,0.0,0.0,-0.0030000000000081073,0.0,0.0
LEU 205,L LEU  55,0.0,0.0,0.0,-0.0009999999999994458,0.0,0.0,-0.11599999999999966,0.0,0.0,0.11699999999999999,0.0,0.0,0.0,0.0,0.0,8.881784197001252e-15,0.0,0.0
GLY 206,L GLY  56,0.0,0.0,0.0,0.0,0.0,0.0,-0.01100000000000989,0.0,0.0,0.009999999999999787,0.0,0.0,0.0,0.0,0.0,-0.001000000000010104,0.0,0.0
PRO 207,L PRO  57,0.0,0.0,0.0,-0.0009999999999998899,0.0,0.0,-0.09000000000000341,0.0,0.0,0.09100000000000019,0.0,0.0,0.0,0.0,0.0,5.329070518200751e-15,0.0,0.0
GLY 208,L GLY  58,0.0,0.0,0.0,-0.001000000000000112,0.0,0.0,-0.08100000000000307,0.0,0.0,0.0810000000000004,0.0,0.0,0.0,0.0,0.0,-0.0010000000000074394,0.0,0.0
ALA 209,L ALA  59,0.0,0.0,0.0,-0.001000000000000334,0.0,0.0,0.045000000000001705,0.0,0.0,-0.047000000000000014,0.0,0.0,0.0,0.0,0.0,-0.0030000000000027782,0.0,0.0
THR 210,L THR  60,0.0,0.0,0.0,-0.0009999999999994458,0.0,0.0,0.06799999999999784,0.0,0.0,-0.06700000000000017,0.0,0.0,0.0,0.0,0.0,0.0,0.0,0.0
LEU 211,L LEU  61,0.0,0.0,0.0,-0.004999999999999893,0.0,0.0,0.04599999999999227,0.0,0.0,-0.040999999999999925,0.0,0.0,0.0,0.0,0.0,-1.0658141036401503e-14,0.0,0.0
GLU 212,L GLU  62,0.0,0.0,0.0,-0.002000000000000224,0.0,0.0,6.308000000000007,0.0,0.0,-6.481999999999999,0.0,0.0,0.0,0.0,0.0,-0.17599999999998772,0.0,0.0
GLU 213,L GLU  63,0.0,0.0,0.0,-0.0010000000000012221,0.0,0.0,5.607000000000006,0.0,0.0,-5.688000000000002,0.0,0.0,0.0,0.0,0.0,-0.08200000000000074,0.0,0.0
MET 214,L MET  64,0.0,0.0,0.0,-0.0030000000000001137,0.0,0.0,0.05499999999999261,0.0,0.0,-0.046999999999999986,0.0,0.0,0.0,0.0,0.0,0.004999999999993676,0.0,0.0
MET 215,L MET  65,0.0,0.0,0.0,-0.0039999999999995595,0.0,0.0,0.13500000000000512,0.0,0.0,-0.138,0.0,0.0,0.0,0.0,0.0,-0.006999999999999673,0.0,0.0
THR 216,L THR  66,0.0,0.0,0.0,-0.001000000000000334,0.0,0.0,-0.012000000000000455,0.0,0.0,0.0129999999999999,0.0,0.0,0.0,0.0,0.0,-3.552713678800501e-15,0.0,0.0
ALA 217,L ALA  67,0.0,0.0,0.0,-0.0009999999999994458,0.0,0.0,-0.04599999999999227,0.0,0.0,0.053999999999999826,0.0,0.0,0.0,0.0,0.0,0.0070000000000165485,0.0,0.0
CYX 218,L CYX  68,0.0,0.0,0.0,-0.001000000000000334,0.0,0.0,0.0759999999999934,0.0,0.0,-0.08200000000000002,0.0,0.0,0.0,0.0,0.0,-0.006999999999997009,0.0,0.0
GLN 219,L GLN  69,0.0,0.0,0.0,-0.0009999999999998899,0.0,0.0,0.046999999999997044,0.0,0.0,-0.05400000000000027,0.0,0.0,0.0,0.0,0.0,-0.008000000000002672,0.0,0.0
GLY 220,L GLY  70,0.0,0.0,0.0,-0.0009999999999998899,0.0,0.0,0.010000000000005116,0.0,0.0,-0.014000000000000234,0.0,0.0,0.0,0.0,0.0,-0.004999999999999005,0.0,0.0
VAL 221,L VAL  71,0.0,0.0,0.0,0.0,0.0,0.0,5.905999999999999,0.0,0.0,-5.961000000000013,0.0,0.0,0.0,0.0,0.0,-0.05500000000000682,0.0,0.0

