| Run on Thu Jan 29 15:39:04 2026
| GB non-polar solvation energies calculated with gbsa=2
idecomp = 1: Per-residue decomp adding 1-4 interactions to Internal.
Energy Decomposition Analysis (All units kcal/mol): Generalized Born solvent
Complex:
Total Energy Decomposition:
Residue,Internal,,,van der Waals,,,Electrostatic,,,Polar Solvation,,,Non-Polar Solv.,,,TOTAL,,
,Avg.,Std. Dev.,Std. Err. of Mean,Avg.,Std. Dev.,Std. Err. of Mean,Avg.,Std. Dev.,Std. Err. of Mean,Avg.,Std. Dev.,Std. Err. of Mean,Avg.,Std. Dev.,Std. Err. of Mean,Avg.,Std. Dev.,Std. Err. of Mean
PRO   1,101.726,0.0,0.0,-8.263,0.0,0.0,-107.105,0.0,0.0,7.584,0.0,0.0,0.09415082,0.0,0.0,-5.96384918000001,0.0,0.0
ILE   2,96.961,0.0,0.0,-9.237,0.0,0.0,-75.39,0.0,0.0,-2.768,0.0,0.0,0.09783100000000002,0.0,0.0,9.663831000000002,0.0,0.0
VAL   3,60.248,0.0,0.0,-5.321,0.0,0.0,-50.976,0.0,0.0,-6.375,0.0,0.0,0.24684306,0.0,0.0,-2.1771569399999997,0.0,0.0
GLN   4,16.691,0.0,0.0,-3.435,0.0,0.0,-55.124,0.0,0.0,-17.284,0.0,0.0,0.94084154,0.0,0.0,-58.21115846,0.0,0.0
ASN   5,37.879,0.0,0.0,-6.605,0.0,0.0,-88.48,0.0,0.0,-10.966,0.0,0.0,0.3797523,0.0,0.0,-67.79224769999999,0.0,0.0
LEU   6,69.193,0.0,0.0,-7.218,0.0,0.0,-66.357,0.0,0.0,-4.662,0.0,0.0,0.19158616,0.0,0.0,-8.852413840000004,0.0,0.0
GLN   7,39.479,0.0,0.0,-4.167,0.0,0.0,-76.942,0.0,0.0,-14.754,0.0,0.0,0.7820030200000001,0.0,0.0,-55.601996979999996,0.0,0.0
GLY   8,84.149,0.0,0.0,-2.311,0.0,0.0,-70.623,0.0,0.0,-9.775,0.0,0.0,0.42380064,0.0,0.0,1.863800639999989,0.0,0.0
GLN   9,37.486,0.0,0.0,-4.22,0.0,0.0,-67.194,0.0,0.0,-17.64,0.0,0.0,0.9473780600000001,0.0,0.0,-50.62062194000001,0.0,0.0
MET  10,100.902,0.0,0.0,-7.243,0.0,0.0,-77.806,0.0,0.0,-6.69,0.0,0.0,0.17735866,0.0,0.0,9.340358660000007,0.0,0.0
VAL  11,47.628,0.0,0.0,-5.092,0.0,0.0,-50.372,0.0,0.0,-3.27,0.0,0.0,0.4526404600000001,0.0,0.0,-10.653359539999999,0.0,0.0
HID  12,91.872,0.0,0.0,-7.406,0.0,0.0,-57.631,0.0,0.0,-15.708,0.0,0.0,0.5647911,0.0,0.0,11.691791099999994,0.0,0.0
GLN  13,32.706,0.0,0.0,-4.88,0.0,0.0,-66.278,0.0,0.0,-13.587,0.0,0.0,0.6363622,0.0,0.0,-51.4026378,0.0,0.0
ALA  14,95.84,0.0,0.0,-3.19,0.0,0.0,-73.64,0.0,0.0,-7.914,0.0,0.0,0.5507641400000001,0.0,0.0,11.646764140000005,0.0,0.0
ILE  15,90.818,0.0,0.0,-5.219,0.0,0.0,-71.502,0.0,0.0,-3.926,0.0,0.0,0.26568298,0.0,0.0,10.436682980000008,0.0,0.0
SER  16,74.43,0.0,0.0,-3.821,0.0,0.0,-53.164,0.0,0.0,-7.939,0.0,0.0,0.27623572,0.0,0.0,9.782235720000008,0.0,0.0
PRO  17,87.802,0.0,0.0,-4.361,0.0,0.0,-58.937,0.0,0.0,-5.017,0.0,0.0,0.59735446,0.0,0.0,20.084354460000007,0.0,0.0
ARG  18,-182.808,0.0,0.0,-5.872,0.0,0.0,60.174,0.0,0.0,-46.827,0.0,0.0,1.1861128,0.0,0.0,-174.1468872,0.0,0.0
THR  19,47.556,0.0,0.0,-6.194,0.0,0.0,-56.559,0.0,0.0,-6.161,0.0,0.0,0.15987374000000001,0.0,0.0,-21.198126260000006,0.0,0.0
LEU  20,60.07,0.0,0.0,-10.026,0.0,0.0,-62.837,0.0,0.0,-4.38,0.0,0.0,0.32109164,0.0,0.0,-16.851908360000007,0.0,0.0
ASN  21,33.202,0.0,0.0,-5.781,0.0,0.0,-78.202,0.0,0.0,-19.579,0.0,0.0,0.5999452200000001,0.0,0.0,-69.76005478,0.0,0.0
ALA  22,94.605,0.0,0.0,-5.598,0.0,0.0,-79.053,0.0,0.0,-4.311,0.0,0.0,0.1967731,0.0,0.0,5.8397731000000075,0.0,0.0
TRP  23,131.838,0.0,0.0,-18.112,0.0,0.0,-94.462,0.0,0.0,-4.478,0.0,0.0,0.0,0.0,0.0,14.785999999999996,0.0,0.0
VAL  24,65.397,0.0,0.0,-7.564,0.0,0.0,-56.889,0.0,0.0,-4.571,0.0,0.0,0.29073422,0.0,0.0,-3.336265779999997,0.0,0.0
LYS  25,135.646,0.0,0.0,-7.531,0.0,0.0,-139.692,0.0,0.0,-4.762,0.0,0.0,0.6624215600000001,0.0,0.0,-15.676578440000027,0.0,0.0
VAL  26,64.805,0.0,0.0,-11.329,0.0,0.0,-70.654,0.0,0.0,-2.714,0.0,0.0,0.0589154,0.0,0.0,-19.83308459999999,0.0,0.0
VAL  27,53.018,0.0,0.0,-11.049,0.0,0.0,-49.567,0.0,0.0,-3.511,0.0,0.0,0.00519236,0.0,0.0,-11.103807639999998,0.0,0.0
GLU  28,94.477,0.0,0.0,-6.572,0.0,0.0,-38.864,0.0,0.0,-100.62,0.0,0.0,0.5278429600000001,0.0,0.0,-51.05115704,0.0,0.0
GLU  29,111.238,0.0,0.0,-7.935,0.0,0.0,-89.42,0.0,0.0,-61.939,0.0,0.0,0.3180998,0.0,0.0,-47.737900200000006,0.0,0.0
LYS  30,118.522,0.0,0.0,-8.338,0.0,0.0,-115.808,0.0,0.0,-8.303,0.0,0.0,0.5249161600000001,0.0,0.0,-13.402083839999996,0.0,0.0
ALA  31,85.655,0.0,0.0,-6.104,0.0,0.0,-74.04,0.0,0.0,-5.747,0.0,0.0,0.10335398,0.0,0.0,-0.1326460200000042,0.0,0.0
PHE  32,106.266,0.0,0.0,-13.117,0.0,0.0,-78.528,0.0,0.0,-7.762,0.0,0.0,0.08673626000000001,0.0,0.0,6.945736259999996,0.0,0.0
SER  33,88.664,0.0,0.0,-5.184,0.0,0.0,-68.906,0.0,0.0,-0.734,0.0,0.0,0.09941906,0.0,0.0,13.939419059999999,0.0,0.0
PRO  34,76.859,0.0,0.0,-5.646,0.0,0.0,-57.267,0.0,0.0,-1.457,0.0,0.0,0.53900816,0.0,0.0,13.02800815999999,0.0,0.0
GLU  35,105.449,0.0,0.0,-6.788,0.0,0.0,-92.149,0.0,0.0,-57.826,0.0,0.0,0.48672684000000005,0.0,0.0,-50.82727316,0.0,0.0
VAL  36,57.893,0.0,0.0,-9.911,0.0,0.0,-58.201,0.0,0.0,1.019,0.0,0.0,0.0,0.0,0.0,-9.200000000000001,0.0,0.0
ILE  37,88.618,0.0,0.0,-9.653,0.0,0.0,-59.71,0.0,0.0,-0.994,0.0,0.0,0.15237246000000002,0.0,0.0,18.413372459999987,0.0,0.0
PRO  38,83.196,0.0,0.0,-5.958,0.0,0.0,-60.146,0.0,0.0,-2.599,0.0,0.0,0.46087344,0.0,0.0,14.953873439999999,0.0,0.0
MET  39,92.397,0.0,0.0,-10.681,0.0,0.0,-73.86,0.0,0.0,-1.522,0.0,0.0,0.18487078,0.0,0.0,6.518870780000008,0.0,0.0
PHE  40,100.827,0.0,0.0,-13.544,0.0,0.0,-86.616,0.0,0.0,-0.62,0.0,0.0,0.0,0.0,0.0,0.047000000000001596,0.0,0.0
SER  41,76.184,0.0,0.0,-6.872,0.0,0.0,-63.937,0.0,0.0,-8.638,0.0,0.0,0.24117374000000003,0.0,0.0,-3.02182626,0.0,0.0
ALA  42,85.542,0.0,0.0,-5.482,0.0,0.0,-66.949,0.0,0.0,-5.83,0.0,0.0,0.35186098,0.0,0.0,7.632860980000004,0.0,0.0
LEU  43,82.322,0.0,0.0,-10.642,0.0,0.0,-82.042,0.0,0.0,-4.276,0.0,0.0,0.05215666,0.0,0.0,-14.585843339999995,0.0,0.0
SER  44,71.458,0.0,0.0,-5.223,0.0,0.0,-74.851,0.0,0.0,0.129,0.0,0.0,0.0,0.0,0.0,-8.487,0.0,0.0
GLU  45,100.045,0.0,0.0,-5.55,0.0,0.0,-72.76,0.0,0.0,-74.081,0.0,0.0,0.57171786,0.0,0.0,-51.774282140000004,0.0,0.0
GLY  46,73.622,0.0,0.0,-4.941,0.0,0.0,-71.862,0.0,0.0,0.98,0.0,0.0,0.09229718,0.0,0.0,-2.1087028199999973,0.0,0.0
ALA  47,100.766,0.0,0.0,-7.567,0.0,0.0,-85.024,0.0,0.0,-3.723,0.0,0.0,0.00473166,0.0,0.0,4.4567316600000115,0.0,0.0
THR  48,60.858,0.0,0.0,-6.741,0.0,0.0,-56.691,0.0,0.0,-0.429,0.0,0.0,0.005962000000000001,0.0,0.0,-2.997038000000005,0.0,0.0
PRO  49,84.045,0.0,0.0,-12.17,0.0,0.0,-54.616,0.0,0.0,0.301,0.0,0.0,0.0,0.0,0.0,17.56,0.0,0.0
GLN  50,32.042,0.0,0.0,-8.775,0.0,0.0,-74.578,0.0,0.0,-4.958,0.0,0.0,0.22821994,0.0,0.0,-56.040780059999996,0.0,0.0
ASP  51,99.397,0.0,0.0,-8.416,0.0,0.0,-117.751,0.0,0.0,-27.161,0.0,0.0,0.08635686000000001,0.0,0.0,-53.844643139999995,0.0,0.0
LEU  52,58.05,0.0,0.0,-11.484,0.0,0.0,-69.199,0.0,0.0,0.53,0.0,0.0,0.0,0.0,0.0,-22.103,0.0,0.0
ASN  53,29.069,0.0,0.0,-8.936,0.0,0.0,-89.576,0.0,0.0,-8.187,0.0,0.0,0.338208,0.0,0.0,-77.291792,0.0,0.0
THR  54,54.884,0.0,0.0,-4.67,0.0,0.0,-59.759,0.0,0.0,-5.076,0.0,0.0,0.5180815400000001,0.0,0.0,-14.102918460000001,0.0,0.0
MET  55,85.107,0.0,0.0,-9.029,0.0,0.0,-69.043,0.0,0.0,-1.66,0.0,0.0,0.00719234,0.0,0.0,5.382192339999996,0.0,0.0
LEU  56,65.621,0.0,0.0,-8.233,0.0,0.0,-66.971,0.0,0.0,-1.391,0.0,0.0,0.07132720000000001,0.0,0.0,-10.902672800000012,0.0,0.0
ASN  57,44.897,0.0,0.0,-6.162,0.0,0.0,-99.853,0.0,0.0,-11.518,0.0,0.0,0.56157704,0.0,0.0,-72.07442295999999,0.0,0.0
THR  58,56.691,0.0,0.0,-4.863,0.0,0.0,-61.977,0.0,0.0,-5.093,0.0,0.0,0.18290874000000001,0.0,0.0,-15.059091259999994,0.0,0.0
VAL  59,43.875,0.0,0.0,-7.278,0.0,0.0,-42.782,0.0,0.0,-1.432,0.0,0.0,0.008401,0.0,0.0,-7.6085989999999954,0.0,0.0
ALA  60,88.852,0.0,0.0,-4.479,0.0,0.0,-66.528,0.0,0.0,-1.666,0.0,0.0,0.30378016,0.0,0.0,16.482780159999997,0.0,0.0
PRO  61,81.941,0.0,0.0,-5.639,0.0,0.0,-57.284,0.0,0.0,-3.368,0.0,0.0,0.49713866,0.0,0.0,16.147138660000007,0.0,0.0
HID  62,103.946,0.0,0.0,-10.907,0.0,0.0,-65.636,0.0,0.0,-11.764,0.0,0.0,0.29438188000000004,0.0,0.0,15.933381880000006,0.0,0.0
GLN  63,30.269,0.0,0.0,-6.501,0.0,0.0,-67.628,0.0,0.0,-10.611,0.0,0.0,0.6941123,0.0,0.0,-53.7768877,0.0,0.0
ALA  64,84.492,0.0,0.0,-4.238,0.0,0.0,-67.113,0.0,0.0,-6.086,0.0,0.0,0.47363212,0.0,0.0,7.528632120000005,0.0,0.0
ALA  65,88.203,0.0,0.0,-7.07,0.0,0.0,-77.023,0.0,0.0,-1.888,0.0,0.0,0.05135992000000001,0.0,0.0,2.2733599200000136,0.0,0.0
ALA  66,96.03,1.3486991523486091e-06,1.3486991523486091e-06,-5.524,0.0,0.0,-82.87,0.0,0.0,-1.239,0.0,0.0,0.045804420000000005,0.0,0.0,6.442804419999995,0.0,0.0
GLN  67,37.948,0.0,0.0,-2.595,0.0,0.0,-74.194,0.0,0.0,-15.314,0.0,0.0,0.61397218,0.0,0.0,-53.541027820000004,0.0,0.0
MET  68,90.88,0.0,0.0,-9.007,0.0,0.0,-73.175,0.0,0.0,-4.35,0.0,0.0,0.32099950000000005,0.0,0.0,4.668999499999994,0.0,0.0
LEU  69,86.376,0.0,0.0,-10.729,0.0,0.0,-78.346,0.0,0.0,-4.069,0.0,0.0,0.06050346,0.0,0.0,-6.707496539999998,0.0,0.0
LYS  70,129.547,0.0,0.0,-6.881,0.0,0.0,-115.448,0.0,0.0,-23.393,0.0,0.0,0.68080078,0.0,0.0,-15.494199219999997,0.0,0.0
GLU  71,109.307,0.0,0.0,-7.326,0.0,0.0,-58.647,0.0,0.0,-100.577,0.0,0.0,0.55453646,0.0,0.0,-56.68846353999999,0.0,0.0
THR  72,47.515,0.0,0.0,-9.189,0.0,0.0,-55.411,0.0,0.0,-5.407,0.0,0.0,0.0,0.0,0.0,-22.492,0.0,0.0
ILE  73,65.963,0.0,0.0,-9.016,0.0,0.0,-48.499,0.0,0.0,-5.35,0.0,0.0,0.1273429,0.0,0.0,3.2253428999999936,0.0,0.0
ASN  74,22.728,0.0,0.0,-5.636,0.0,0.0,-81.571,0.0,0.0,-10.998,0.0,0.0,0.6104979600000001,0.0,0.0,-74.86650204,0.0,0.0
GLU  75,117.461,0.0,0.0,-7.135,0.0,0.0,-39.225,0.0,0.0,-119.048,0.0,0.0,0.4526404600000001,0.0,0.0,-47.494359540000005,0.0,0.0
GLU  76,93.979,0.0,0.0,-8.889,0.0,0.0,-26.654,0.0,0.0,-114.479,0.0,0.0,0.22381890000000002,0.0,0.0,-55.819181099999994,0.0,0.0
ALA  77,85.014,0.0,0.0,-7.546,0.0,0.0,-69.07,0.0,0.0,-3.823,0.0,0.0,0.07306702000000001,0.0,0.0,4.648067019999996,0.0,0.0
ALA  78,95.085,0.0,0.0,-6.401,0.0,0.0,-85.974,0.0,0.0,-0.023,0.0,0.0,0.21114694,0.0,0.0,2.8981469399999935,0.0,0.0
GLU  79,118.676,0.0,0.0,-7.971,0.0,0.0,-57.287,0.0,0.0,-97.436,0.0,0.0,0.41274926000000006,0.0,0.0,-43.60525074000001,0.0,0.0
TRP  80,112.456,0.0,0.0,-14.99,0.0,0.0,-86.53,0.0,0.0,-3.186,0.0,0.0,0.43481949999999997,0.0,0.0,8.184819500000007,0.0,0.0
ASP  81,104.15,0.0,0.0,-9.814,0.0,0.0,-61.601,0.0,0.0,-82.537,0.0,0.0,0.23212776000000004,0.0,0.0,-49.569872239999995,0.0,0.0
ARG  82,-194.007,0.0,0.0,-8.106,0.0,0.0,-16.461,0.0,0.0,40.599,0.0,0.0,0.90090156,0.0,0.0,-177.07409844000003,0.0,0.0
LEU  83,60.209,0.0,0.0,-7.012,0.0,0.0,-67.557,0.0,0.0,-3.83,0.0,0.0,0.7645126800000001,0.0,0.0,-17.42548732,0.0,0.0
HID  84,109.774,0.0,0.0,-7.689,0.0,0.0,-72.746,0.0,0.0,-10.105,0.0,0.0,0.53669924,0.0,0.0,19.770699240000013,0.0,0.0
PRO  85,85.974,0.0,0.0,-5.11,0.0,0.0,-67.19,0.0,0.0,-3.338,0.0,0.0,0.4500497,0.0,0.0,10.786049700000005,0.0,0.0
VAL  86,41.388,0.0,0.0,-3.435,0.0,0.0,-41.318,0.0,0.0,-4.723,0.0,0.0,0.45486266000000003,0.0,0.0,-7.633137340000001,0.0,0.0
HID  87,90.897,0.0,0.0,-4.092,0.0,0.0,-57.346,0.0,0.0,-12.037,0.0,0.0,0.95652702,0.0,0.0,18.37852702000001,0.0,0.0
ALA  88,95.008,0.0,0.0,-2.809,0.0,0.0,-79.777,0.0,0.0,-4.002,0.0,0.0,0.38621294000000006,0.0,0.0,8.806212939999998,0.0,0.0
GLY  89,93.768,0.0,0.0,-1.725,0.0,0.0,-78.993,0.0,0.0,-5.34,0.0,0.0,0.2229517,0.0,0.0,7.932951700000012,0.0,0.0
PRO  90,85.35,0.0,0.0,-5.116,0.0,0.0,-59.329,0.0,0.0,-5.335,0.0,0.0,0.35099920000000007,0.0,0.0,15.920999199999994,0.0,0.0
ILE  91,78.207,0.0,0.0,-3.259,0.0,0.0,-56.991,0.0,0.0,-5.218,0.0,0.0,0.95644572,0.0,0.0,13.695445719999993,0.0,0.0
ALA  92,98.383,0.0,0.0,-3.363,0.0,0.0,-73.11,0.0,0.0,-4.94,0.0,0.0,0.23028496,0.0,0.0,17.200284959999994,0.0,0.0
PRO  93,86.396,0.0,0.0,-2.137,0.0,0.0,-55.739,0.0,0.0,-8.184,0.0,0.0,0.78362902,0.0,0.0,21.119629020000005,0.0,0.0
GLY  94,73.342,0.0,0.0,-1.357,0.0,0.0,-64.647,0.0,0.0,-7.434,0.0,0.0,0.54123578,0.0,0.0,0.44523577999999375,0.0,0.0
GLN  95,34.116,0.0,0.0,-5.988,0.0,0.0,-72.267,0.0,0.0,-13.445,0.0,0.0,0.55987516,0.0,0.0,-57.02412484,0.0,0.0
MET  96,101.287,0.0,0.0,-9.337,0.0,0.0,-73.208,0.0,0.0,-8.384,0.0,0.0,0.30523814000000005,0.0,0.0,10.663238140000004,0.0,0.0
ARG  97,-188.921,0.0,0.0,-7.367,0.0,0.0,-5.765,0.0,0.0,22.73,0.0,0.0,0.45594666000000006,0.0,0.0,-178.86705333999998,0.0,0.0
GLU  98,110.31,0.0,0.0,-6.878,0.0,0.0,-47.884,0.0,0.0,-98.012,0.0,0.0,0.45268382,0.0,0.0,-42.01131618,0.0,0.0
PRO  99,94.159,0.0,0.0,-8.71,0.0,0.0,-58.022,0.0,0.0,-7.109,0.0,0.0,0.12055706,0.0,0.0,20.43855706000001,0.0,0.0
ARG 100,-183.419,0.0,0.0,-6.483,0.0,0.0,-2.823,0.0,0.0,16.224,0.0,0.0,0.55201616,0.0,0.0,-175.94898384000004,0.0,0.0
GLY 101,81.786,0.0,0.0,-5.234,0.0,0.0,-88.37,0.0,0.0,2.689,0.0,0.0,0.0014363000000000002,0.0,0.0,-9.127563699999998,0.0,0.0
SER 102,60.286,0.0,0.0,-6.062,0.0,0.0,-56.184,0.0,0.0,-3.631,0.0,0.0,0.23074566000000002,0.0,0.0,-5.360254339999994,0.0,0.0
ASP 103,96.942,0.0,0.0,-8.741,0.0,0.0,-116.55,0.0,0.0,-31.777,0.0,0.0,0.0,0.0,0.0,-60.126000000000005,0.0,0.0
ILE 104,78.484,0.0,0.0,-11.227,0.0,0.0,-61.657,0.0,0.0,-0.199,0.0,0.0,0.0028780200000000002,0.0,0.0,5.403878019999994,0.0,0.0
ALA 105,83.728,0.0,0.0,-7.51,0.0,0.0,-78.283,0.0,0.0,-0.646,0.0,0.0,0.051349080000000005,0.0,0.0,-2.659650920000012,0.0,0.0
GLY 106,89.773,0.0,0.0,-5.39,0.0,0.0,-86.242,0.0,0.0,-1.733,0.0,0.0,0.06656844,0.0,0.0,-3.525431560000009,0.0,0.0
THR 107,55.736,0.0,0.0,-4.692,0.0,0.0,-60.368,0.0,0.0,-5.954,0.0,0.0,0.6361291400000001,0.0,0.0,-14.641870860000006,0.0,0.0
THR 108,42.404,0.0,0.0,-5.483,0.0,0.0,-57.045,0.0,0.0,-2.466,0.0,0.0,0.34602906000000005,0.0,0.0,-22.243970939999997,0.0,0.0
SER 109,71.029,0.0,0.0,-7.892,0.0,0.0,-64.871,0.0,0.0,-1.526,0.0,0.0,0.044048340000000005,0.0,0.0,-3.2159516600000018,0.0,0.0
THR 110,29.528,0.0,0.0,-5.537,0.0,0.0,-28.949,0.0,0.0,-6.765,0.0,0.0,0.48352904,0.0,0.0,-11.239470960000002,0.0,0.0
LEU 111,64.298,0.0,0.0,-6.467,0.0,0.0,-63.149,0.0,0.0,-4.15,0.0,0.0,0.4326515,0.0,0.0,-9.035348499999998,0.0,0.0
GLN 112,38.385,0.0,0.0,-4.211,0.0,0.0,-75.869,0.0,0.0,-11.624,0.0,0.0,0.7250225600000001,0.0,0.0,-52.59397744,0.0,0.0
GLU 113,106.389,0.0,0.0,-7.557,0.0,0.0,-95.773,0.0,0.0,-54.194,0.0,0.0,0.31131938000000003,0.0,0.0,-50.823680620000005,0.0,0.0
GLN 114,40.251,0.0,0.0,-13.541,0.0,0.0,-82.053,0.0,0.0,-4.57,0.0,0.0,0.0,0.0,0.0,-59.913000000000004,0.0,0.0
ILE 115,87.836,0.0,0.0,-8.922,0.0,0.0,-71.473,0.0,0.0,-2.28,0.0,0.0,0.11325632000000001,0.0,0.0,5.274256320000003,0.0,0.0
GLY 116,78.199,0.0,0.0,-4.678,0.0,0.0,-73.402,0.0,0.0,-3.857,0.0,0.0,0.089159,0.0,0.0,-3.6488410000000004,0.0,0.0
TRP 117,128.028,0.0,0.0,-18.025,0.0,0.0,-87.827,0.0,0.0,-2.759,2.9802322387695312e-08,2.9802322387695312e-08,0.010671980000000001,0.0,0.0,19.42767197999999,0.0,0.0
MET 118,99.522,0.0,0.0,-12.004,0.0,0.0,-80.897,0.0,0.0,-3.757,0.0,0.0,0.037181200000000005,0.0,0.0,2.901181199999995,0.0,0.0
THR 119,39.101,0.0,0.0,-5.602,0.0,0.0,-47.974,0.0,0.0,-5.237,0.0,0.0,0.4437896,0.0,0.0,-19.268210400000005,0.0,0.0
HID 120,95.939,0.0,0.0,-7.722,0.0,0.0,-60.249,0.0,0.0,-10.215,0.0,0.0,0.3485656200000001,0.0,0.0,18.101565619999995,0.0,0.0
ASN 121,45.812,0.0,0.0,-3.372,0.0,0.0,-83.966,0.0,0.0,-15.134,0.0,0.0,0.8158780200000001,0.0,0.0,-55.84412198,0.0,0.0
PRO 122,95.928,0.0,0.0,-2.186,0.0,0.0,-60.718,0.0,0.0,-3.754,0.0,0.0,0.52542022,0.0,0.0,29.795420219999986,0.0,0.0
PRO 123,87.214,0.0,0.0,-6.26,0.0,0.0,-58.747,0.0,0.0,-5.251,0.0,0.0,0.34015378,0.0,0.0,17.296153779999994,0.0,0.0
ILE 124,94.684,0.0,0.0,-8.704,0.0,0.0,-62.14,0.0,0.0,-2.102,0.0,0.0,0.25850148,0.0,0.0,21.99650147999999,0.0,0.0
PRO 125,89.943,0.0,0.0,-5.794,0.0,0.0,-65.736,0.0,0.0,-0.992,0.0,0.0,0.29069628000000003,0.0,0.0,17.711696279999995,0.0,0.0
VAL 126,54.29,0.0,0.0,-10.159,0.0,0.0,-54.953,0.0,0.0,-1.488,0.0,0.0,0.0,0.0,0.0,-12.310000000000002,0.0,0.0
GLY 127,71.856,0.0,0.0,-6.045,0.0,0.0,-73.855,0.0,0.0,-1.513,0.0,0.0,0.009354920000000001,0.0,0.0,-9.547645080000011,0.0,0.0
GLU 128,106.539,0.0,0.0,-9.603,0.0,0.0,-95.593,0.0,0.0,-49.696,0.0,0.0,0.31320554,0.0,0.0,-48.039794459999996,0.0,0.0
ILE 129,83.916,0.0,0.0,-9.985,0.0,0.0,-64.28,0.0,0.0,-1.781,0.0,0.0,0.09070912,0.0,0.0,7.960709119999996,0.0,0.0
TYR 130,96.427,0.0,0.0,-14.086,0.0,0.0,-89.146,0.0,0.0,-2.794,0.0,0.0,0.02774498,0.0,0.0,-9.571255019999994,0.0,0.0
LYS 131,138.788,0.0,0.0,-9.768,0.0,0.0,-166.397,0.0,0.0,25.242,0.0,0.0,0.13510976000000002,0.0,0.0,-11.99989023999998,0.0,0.0
ARG 132,-186.048,0.0,0.0,-9.526,0.0,0.0,30.539,0.0,0.0,-5.665,0.0,0.0,0.89761162,0.0,0.0,-169.80238838000002,0.0,0.0
TRP 133,128.757,0.0,0.0,-15.727,0.0,0.0,-97.181,0.0,0.0,-4.055,0.0,0.0,0.0918419,0.0,0.0,11.885841900000004,0.0,0.0
ILE 134,91.766,0.0,0.0,-12.627,0.0,0.0,-68.243,0.0,0.0,-1.181,0.0,0.0,0.0,0.0,0.0,9.715000000000014,0.0,0.0
ILE 135,80.558,0.0,0.0,-9.928,0.0,0.0,-63.319,0.0,0.0,-1.032,0.0,0.0,0.29408378,0.0,0.0,6.573083780000007,0.0,0.0
LEU 136,73.435,0.0,0.0,-6.056,0.0,0.0,-79.343,0.0,0.0,0.444,0.0,0.0,0.42604452,0.0,0.0,-11.093955479999998,0.0,0.0
GLY 137,77.296,0.0,0.0,-5.974,0.0,0.0,-76.883,0.0,0.0,-0.943,0.0,0.0,0.0,0.0,0.0,-6.5039999999999925,0.0,0.0
LEU 138,64.968,0.0,0.0,-11.233,0.0,0.0,-66.641,0.0,0.0,-1.629,0.0,0.0,0.0,0.0,0.0,-14.535000000000005,0.0,0.0
ASN 139,37.631,0.0,0.0,-8.273,0.0,0.0,-88.792,0.0,0.0,-8.157,0.0,0.0,0.31104838,0.0,0.0,-67.27995161999999,0.0,0.0
LYS 140,138.102,0.0,0.0,-9.29,0.0,0.0,-168.489,0.0,0.0,26.094,0.0,0.0,0.39417492000000004,0.0,0.0,-13.188825079999992,0.0,0.0
ILE 141,89.665,0.0,0.0,-10.204,0.0,0.0,-75.64,0.0,0.0,-4.189,0.0,0.0,0.0,0.0,0.0,-0.3679999999999879,0.0,0.0
VAL 142,58.695,0.0,0.0,-8.277,0.0,0.0,-51.928,0.0,0.0,-5.702,0.0,0.0,0.0996196,0.0,0.0,-7.112380399999998,0.0,0.0
ARG 143,-192.617,0.0,0.0,-5.646,0.0,0.0,31.03,0.0,0.0,-4.108,0.0,0.0,1.1319073800000001,0.0,0.0,-170.20909261999998,0.0,0.0
MET 144,88.51,0.0,0.0,-8.283,0.0,0.0,-73.002,0.0,0.0,-9.48,0.0,0.0,0.33522700000000005,0.0,0.0,-1.9197729999999917,0.0,0.0
TYR 145,94.75,0.0,0.0,-5.419,0.0,0.0,-87.072,0.0,0.0,-9.341,0.0,0.0,1.13148462,0.0,0.0,-5.950515379999999,0.0,0.0
SER 146,73.238,0.0,0.0,-6.243,0.0,0.0,-54.873,0.0,0.0,-3.457,0.0,0.0,0.0132519,0.0,0.0,8.678251900000006,0.0,0.0
PRO 147,88.094,0.0,0.0,-3.62,0.0,0.0,-59.873,0.0,0.0,-7.239,0.0,0.0,0.7781277200000001,0.0,0.0,18.14012771999999,0.0,0.0
THR 148,45.568,0.0,0.0,-4.764,0.0,0.0,-48.309,0.0,0.0,-8.74,0.0,0.0,0.42539412000000004,0.0,0.0,-15.819605880000005,0.0,0.0
SER 149,71.398,0.0,0.0,-5.061,0.0,0.0,-53.431,0.0,0.0,-3.563,0.0,0.0,0.20875130000000003,0.0,0.0,9.55175129999999,0.0,0.0
ILE 150,82.335,0.0,0.0,-10.348,0.0,0.0,-62.34,0.0,0.0,-0.136,0.0,0.0,0.056113260000000005,0.0,0.0,9.567113259999992,0.0,0.0
LEU 151,62.614,0.0,0.0,-6.152,0.0,0.0,-66.266,0.0,0.0,-2.848,0.0,0.0,0.69361908,0.0,0.0,-11.958380920000009,0.0,0.0
ASP 152,94.325,0.0,0.0,-5.468,0.0,0.0,-73.261,0.0,0.0,-75.535,0.0,0.0,0.5331979200000001,0.0,0.0,-59.405802079999994,0.0,0.0
ILE 153,100.219,0.0,0.0,-10.284,0.0,0.0,-69.273,0.0,0.0,-3.671,0.0,0.0,0.0665305,0.0,0.0,17.05753049999999,0.0,0.0
ARG 154,-188.868,0.0,0.0,-7.312,0.0,0.0,44.631,0.0,0.0,-17.105,0.0,0.0,0.9858329600000001,0.0,0.0,-167.66816704,0.0,0.0
GLN 155,31.413,0.0,0.0,-11.795,0.0,0.0,-85.063,0.0,0.0,-1.886,0.0,0.0,0.04603748,0.0,0.0,-67.28496252,0.0,0.0
GLY 156,86.461,0.0,0.0,-4.519,0.0,0.0,-73.567,0.0,0.0,-5.254,0.0,0.0,0.09451938,0.0,0.0,3.2155193800000004,0.0,0.0
PRO 157,82.631,0.0,0.0,-4.623,0.0,0.0,-53.929,0.0,0.0,-7.689,0.0,0.0,0.5938097800000001,0.0,0.0,16.983809779999994,0.0,0.0
LYS 158,124.988,0.0,0.0,-4.978,0.0,0.0,-146.662,0.0,0.0,9.703,0.0,0.0,0.77168334,0.0,0.0,-16.177316660000002,0.0,0.0
GLU 159,114.319,0.0,0.0,-6.376,0.0,0.0,-118.859,0.0,0.0,-36.602,0.0,0.0,0.22971586000000002,0.0,0.0,-47.288284139999995,0.0,0.0
PRO 160,88.165,0.0,0.0,-8.562,0.0,0.0,-56.604,0.0,0.0,-3.509,0.0,0.0,0.19594926000000001,0.0,0.0,19.685949260000008,0.0,0.0
PHE 161,106.703,0.0,0.0,-15.21,0.0,0.0,-75.068,0.0,0.0,-3.163,0.0,0.0,0.0021571600000000004,0.0,0.0,13.264157159999996,0.0,0.0
ARG 162,-187.181,0.0,0.0,-10.145,0.0,0.0,23.698,0.0,0.0,4.337,0.0,0.0,0.6642752000000001,0.0,0.0,-168.62672480000003,0.0,0.0
ASP 163,88.599,0.0,0.0,-7.847,0.0,0.0,-64.817,0.0,0.0,-77.972,0.0,0.0,0.42345918000000005,0.0,0.0,-61.613540819999976,0.0,0.0
TYR 164,105.021,0.0,0.0,-17.08,0.0,0.0,-95.819,0.0,0.0,-1.745,0.0,0.0,0.0,0.0,0.0,-9.623000000000001,0.0,0.0
VAL 165,47.263,0.0,0.0,-8.879,0.0,0.0,-57.131,0.0,0.0,2.16,0.0,0.0,0.08041654000000001,0.0,0.0,-16.506583459999998,0.0,0.0
ASP 166,101.318,0.0,0.0,-7.768,0.0,0.0,-66.46,0.0,0.0,-71.798,0.0,0.0,0.43632084,0.0,0.0,-44.27167916,0.0,0.0
ARG 167,-191.944,0.0,0.0,-9.651,0.0,0.0,3.894,0.0,0.0,14.498,0.0,0.0,0.46730156000000006,0.0,0.0,-182.73569844,0.0,0.0
PHE 168,90.555,0.0,0.0,-14.968,0.0,0.0,-79.534,0.0,0.0,-0.961,0.0,0.0,0.0214632,0.0,0.0,-4.886536800000003,0.0,0.0
TYR 169,97.962,0.0,0.0,-11.049,0.0,0.0,-91.25,0.0,0.0,-4.681,0.0,0.0,0.5575770800000001,0.0,0.0,-8.46042291999999,0.0,0.0
LYS 170,143.641,0.0,0.0,-7.574,0.0,0.0,-109.075,0.0,0.0,-37.243,0.0,0.0,0.8510375600000001,0.0,0.0,-9.399962440000026,0.0,0.0
THR 171,45.18,0.0,0.0,-8.046,0.0,0.0,-58.551,0.0,0.0,-3.383,0.0,0.0,0.09128364,0.0,0.0,-24.70871636,0.0,0.0
LEU 172,82.736,0.0,0.0,-8.645,0.0,0.0,-71.699,0.0,0.0,-4.735,0.0,0.0,0.01782096,0.0,0.0,-2.3251790399999903,0.0,0.0
ARG 173,-196.744,0.0,0.0,-10.2,0.0,0.0,52.31,0.0,0.0,-20.382,0.0,0.0,0.71143462,0.0,0.0,-174.30456537999999,0.0,0.0
ALA 174,86.806,0.0,0.0,-4.787,0.0,0.0,-77.087,0.0,0.0,-5.971,0.0,0.0,0.19365118,0.0,0.0,-0.8453488200000121,0.0,0.0
GLU 175,109.6,0.0,0.0,-8.907,0.0,0.0,-62.69,0.0,0.0,-87.048,0.0,0.0,0.36961689999999997,0.0,0.0,-48.675383100000005,0.0,0.0
GLN 176,28.053,0.0,0.0,-8.794,0.0,0.0,-56.132,0.0,0.0,-20.24,0.0,0.0,0.20193836000000004,0.0,0.0,-56.91106164,0.0,0.0
ALA 177,96.077,0.0,0.0,-5.362,0.0,0.0,-80.639,0.0,0.0,-5.781,0.0,0.0,0.11437826000000001,0.0,0.0,4.4093782600000075,0.0,0.0
SER 178,68.329,0.0,0.0,-6.11,0.0,0.0,-59.283,0.0,0.0,-5.168,0.0,0.0,0.06470938000000001,0.0,0.0,-2.1672906200000073,0.0,0.0
GLN 179,33.087,0.0,0.0,-6.794,0.0,0.0,-62.797,0.0,0.0,-16.685,0.0,0.0,0.52166416,0.0,0.0,-52.66733583999999,0.0,0.0
GLU 180,114.487,0.0,0.0,-6.192,0.0,0.0,-83.789,0.0,0.0,-73.263,0.0,0.0,0.67279002,0.0,0.0,-48.08420998000002,0.0,0.0
VAL 181,70.539,0.0,0.0,-6.169,0.0,0.0,-62.762,0.0,0.0,-1.457,0.0,0.0,0.38372516,0.0,0.0,0.534725160000004,0.0,0.0
LYS 182,115.341,0.0,0.0,-8.472,0.0,0.0,-119.305,0.0,0.0,-4.413,0.0,0.0,0.40949726000000003,0.0,0.0,-16.43950274000001,0.0,0.0
ASN 183,22.576,0.0,0.0,-7.742,0.0,0.0,-79.504,0.0,0.0,-9.84,0.0,0.0,0.43759996,0.0,0.0,-74.07240004,0.0,0.0
TRP 184,126.982,0.0,0.0,-10.404,0.0,0.0,-88.678,0.0,0.0,-9.565,0.0,0.0,0.79826302,0.0,0.0,19.13326302000001,0.0,0.0
MET 185,101.04,0.0,0.0,-11.415,0.0,0.0,-84.934,0.0,0.0,-1.351,0.0,0.0,0.1536028,0.0,0.0,3.4936028000000023,0.0,0.0
THR 186,41.472,0.0,0.0,-6.317,0.0,0.0,-55.349,0.0,0.0,-1.007,0.0,0.0,0.16307696000000002,0.0,0.0,-21.037923039999995,0.0,0.0
GLU 187,102.158,0.0,0.0,-5.782,0.0,0.0,-51.211,0.0,0.0,-93.749,0.0,0.0,0.6884917600000001,0.0,0.0,-47.89550823999999,0.0,0.0
THR 188,46.45,0.0,0.0,-7.911,0.0,0.0,-55.203,0.0,0.0,-0.072,0.0,0.0,0.1369905,0.0,0.0,-16.5990095,0.0,0.0
LEU 189,68.596,0.0,0.0,-10.513,0.0,0.0,-66.805,0.0,0.0,-0.431,0.0,0.0,0.09248688000000001,0.0,0.0,-9.060513120000001,0.0,0.0
LEU 190,82.289,0.0,0.0,-10.771,0.0,0.0,-92.434,0.0,0.0,0.549,0.0,0.0,0.0214632,0.0,0.0,-20.345536799999998,0.0,0.0
VAL 191,59.132,0.0,0.0,-9.564,0.0,0.0,-62.265,0.0,0.0,0.871,0.0,0.0,0.10173882000000001,0.0,0.0,-11.724261180000003,0.0,0.0
GLN 192,23.889,0.0,0.0,-6.7,0.0,0.0,-67.784,0.0,0.0,-7.734,0.0,0.0,0.5361355600000001,0.0,0.0,-57.79286444000001,0.0,0.0
ASN 193,19.989,0.0,0.0,-7.34,0.0,0.0,-79.284,0.0,0.0,-4.46,0.0,0.0,0.16188456,0.0,0.0,-70.93311544,0.0,0.0
ALA 194,89.66,0.0,0.0,-7.541,0.0,0.0,-79.499,0.0,0.0,0.651,0.0,0.0,0.032964440000000005,0.0,0.0,3.3039644400000046,0.0,0.0
ASN 195,47.824,0.0,0.0,-9.32,0.0,0.0,-93.963,0.0,0.0,-4.766,0.0,0.0,0.01605946,0.0,0.0,-60.20894053999999,0.0,0.0
PRO 196,80.09,0.0,0.0,-5.932,0.0,0.0,-56.866,0.0,0.0,-3.109,0.0,0.0,0.5601353200000001,0.0,0.0,14.743135320000002,0.0,0.0
ASP 197,80.869,0.0,0.0,-7.31,0.0,0.0,-61.503,0.0,0.0,-72.836,0.0,0.0,0.49807632,0.0,0.0,-60.28192368,0.0,0.0
CYX 198,100.581,0.0,0.0,-7.68,0.0,0.0,-81.975,0.0,0.0,-1.625,0.0,0.0,0.0028780200000000002,0.0,0.0,9.303878020000017,0.0,0.0
LYS 199,139.36,0.0,0.0,-8.324,0.0,0.0,-135.789,0.0,0.0,-13.133,0.0,0.0,0.47133946,0.0,0.0,-17.414660539999986,0.0,0.0
THR 200,55.261,0.0,0.0,-6.726,0.0,0.0,-62.108,0.0,0.0,-5.968,0.0,0.0,0.52977248,0.0,0.0,-19.011227519999995,0.0,0.0
ILE 201,74.238,0.0,0.0,-10.32,0.0,0.0,-56.743,0.0,0.0,-1.591,0.0,0.0,0.21540706,0.0,0.0,5.799407059999997,0.0,0.0
LEU 202,91.518,0.0,0.0,-7.924,0.0,0.0,-77.1,0.0,0.0,-5.801,0.0,0.0,0.24023608,0.0,0.0,0.9332360799999996,0.0,0.0
LYS 203,128.658,0.0,0.0,-5.733,0.0,0.0,-94.706,0.0,0.0,-38.033,0.0,0.0,1.02575668,0.0,0.0,-8.78824332000002,0.0,0.0
ALA 204,82.739,0.0,0.0,-3.854,0.0,0.0,-72.348,0.0,0.0,-5.088,0.0,0.0,0.47659686000000007,0.0,0.0,1.9255968600000062,0.0,0.0
LEU 205,71.768,0.0,0.0,-8.053,0.0,0.0,-71.445,0.0,0.0,-6.139,0.0,0.0,0.41169236000000003,0.0,0.0,-13.45730763999999,0.0,0.0
GLY 206,90.305,0.0,0.0,-3.041,0.0,0.0,-73.481,0.0,0.0,-7.756,0.0,0.0,0.14857846000000002,0.0,0.0,6.175578460000016,0.0,0.0
PRO 207,78.36,0.0,0.0,-2.336,0.0,0.0,-53.037,0.0,0.0,-10.116,0.0,0.0,0.79095686,0.0,0.0,13.661956860000002,0.0,0.0
GLY 208,68.901,0.0,0.0,-1.686,0.0,0.0,-62.147,0.0,0.0,-7.147,0.0,0.0,0.44017988,0.0,0.0,-1.6388201199999952,0.0,0.0
ALA 209,97.717,0.0,0.0,-4.413,0.0,0.0,-83.506,0.0,0.0,-6.53,0.0,0.0,0.1866648,0.0,0.0,3.4546648000000015,0.0,0.0
THR 210,47.846,0.0,0.0,-5.591,0.0,0.0,-51.216,0.0,0.0,-7.539,0.0,0.0,0.45855910000000005,0.0,0.0,-16.04144090000001,0.0,0.0
LEU 211,65.832,0.0,0.0,-6.808,0.0,0.0,-66.485,0.0,0.0,-2.665,0.0,0.0,0.39354078,0.0,0.0,-9.732459220000004,0.0,0.0
GLU 212,107.976,0.0,0.0,-5.636,0.0,0.0,-47.436,0.0,0.0,-108.143,0.0,0.0,0.64459518,0.0,0.0,-52.594404819999994,0.0,0.0
GLU 213,101.071,0.0,0.0,-8.026,0.0,0.0,-37.708,0.0,0.0,-110.429,0.0,0.0,0.45054292000000007,0.0,0.0,-54.64145708,0.0,0.0
MET 214,97.31,0.0,0.0,-12.511,0.0,0.0,-76.306,0.0,0.0,-2.456,0.0,0.0,0.019783000000000002,0.0,0.0,6.05678300000001,0.0,0.0
MET 215,103.164,0.0,0.0,-9.858,0.0,0.0,-81.933,0.0,0.0,-2.244,0.0,0.0,0.2828969,0.0,0.0,9.411896899999991,0.0,0.0
THR 216,26.483,0.0,0.0,-4.52,0.0,0.0,-37.125,0.0,0.0,-1.864,0.0,0.0,0.40483606,0.0,0.0,-16.62116394,0.0,0.0
ALA 217,82.466,0.0,0.0,-4.442,0.0,0.0,-67.766,0.0,0.0,-1.297,0.0,0.0,0.28138472,0.0,0.0,9.242384719999995,0.0,0.0
CYX 218,96.708,0.0,0.0,-7.948,0.0,0.0,-83.129,0.0,0.0,-0.705,0.0,0.0,0.017441560000000002,0.0,0.0,4.943441559999986,0.0,0.0
GLN 219,37.72,0.0,0.0,-5.215,0.0,0.0,-75.061,0.0,0.0,-10.899,0.0,0.0,0.46828800000000004,0.0,0.0,-52.98671200000001,0.0,0.0
GLY 220,96.182,0.0,0.0,-4.179,0.0,0.0,-88.241,0.0,0.0,-2.048,0.0,0.0,0.06629744,0.0,0.0,1.7802974400000005,0.0,0.0
VAL 221,39.013,0.0,0.0,-1.964,0.0,0.0,-58.78,0.0,0.0,-66.637,0.0,0.0,0.9388524,0.0,0.0,-87.4291476,0.0,0.0

Receptor:
Total Energy Decomposition:
Residue,Internal,,,van der Waals,,,Electrostatic,,,Polar Solvation,,,Non-Polar Solv.,,,TOTAL,,
,Avg.,Std. Dev.,Std. Err. of Mean,Avg.,Std. Dev.,Std. Err. of Mean,Avg.,Std. Dev.,Std. Err. of Mean,Avg.,Std. Dev.,Std. Err. of Mean,Avg.,Std. Dev.,Std. Err. of Mean,Avg.,Std. Dev.,Std. Err. of Mean
PRO   1,101.726,0.0,0.0,-8.263,0.0,0.0,-99.871,0.0,0.0,0.352,0.0,0.0,0.09415082,0.0,0.0,-5.961849180000001,0.0,0.0
ILE   2,96.961,0.0,0.0,-9.237,0.0,0.0,-75.516,0.0,0.0,-2.642,0.0,0.0,0.09783100000000002,0.0,0.0,9.663830999999998,0.0,0.0
VAL   3,60.248,0.0,0.0,-5.321,0.0,0.0,-50.938,0.0,0.0,-6.413,0.0,0.0,0.24684306,0.0,0.0,-2.1771569400000033,0.0,0.0
GLN   4,16.691,0.0,0.0,-3.435,0.0,0.0,-54.938,0.0,0.0,-17.47,0.0,0.0,0.94084154,0.0,0.0,-58.21115846,0.0,0.0
ASN   5,37.879,0.0,0.0,-6.604,0.0,0.0,-88.48,0.0,0.0,-10.967,0.0,0.0,0.3797523,0.0,0.0,-67.7922477,0.0,0.0
LEU   6,69.193,0.0,0.0,-7.218,0.0,0.0,-66.319,0.0,0.0,-4.7,0.0,0.0,0.19158616,0.0,0.0,-8.852413840000008,0.0,0.0
GLN   7,39.479,0.0,0.0,-4.167,0.0,0.0,-77.056,0.0,0.0,-14.64,0.0,0.0,0.7820030200000001,0.0,0.0,-55.60199698,0.0,0.0
GLY   8,84.149,0.0,0.0,-2.311,0.0,0.0,-70.654,0.0,0.0,-9.744,0.0,0.0,0.42380064,0.0,0.0,1.8638006399999978,0.0,0.0
GLN   9,37.486,0.0,0.0,-4.22,0.0,0.0,-67.268,0.0,0.0,-17.567,0.0,0.0,0.9473780600000001,0.0,0.0,-50.621621940000004,0.0,0.0
MET  10,100.902,0.0,0.0,-7.243,0.0,0.0,-77.722,0.0,0.0,-6.774,0.0,0.0,0.17735866,0.0,0.0,9.34035866000001,0.0,0.0
VAL  11,47.628,0.0,0.0,-5.092,0.0,0.0,-50.395,0.0,0.0,-3.247,0.0,0.0,0.4526404600000001,0.0,0.0,-10.653359540000002,0.0,0.0
HID  12,91.872,0.0,0.0,-7.406,0.0,0.0,-57.501,0.0,0.0,-15.838,0.0,0.0,0.5647911,0.0,0.0,11.691791099999998,0.0,0.0
GLN  13,32.706,0.0,0.0,-4.88,0.0,0.0,-66.229,0.0,0.0,-13.637,0.0,0.0,0.6363622,0.0,0.0,-51.40363779999999,0.0,0.0
ALA  14,95.84,0.0,0.0,-3.189,0.0,0.0,-73.658,0.0,0.0,-7.897,0.0,0.0,0.5507641400000001,0.0,0.0,11.646764140000009,0.0,0.0
ILE  15,90.818,0.0,0.0,-5.218,0.0,0.0,-71.478,0.0,0.0,-3.951,0.0,0.0,0.26568298,0.0,0.0,10.436682979999999,0.0,0.0
SER  16,74.43,0.0,0.0,-3.82,0.0,0.0,-53.331,0.0,0.0,-7.772,0.0,0.0,0.27623572,0.0,0.0,9.783235720000011,0.0,0.0
PRO  17,87.802,0.0,0.0,-4.36,0.0,0.0,-59.089,0.0,0.0,-4.868,0.0,0.0,0.59735446,0.0,0.0,20.082354460000005,0.0,0.0
ARG  18,-182.808,0.0,0.0,-5.869,0.0,0.0,70.026,0.0,0.0,-56.681,0.0,0.0,1.1861128,0.0,0.0,-174.1458872,0.0,0.0
THR  19,47.556,0.0,0.0,-6.191,0.0,0.0,-56.789,0.0,0.0,-5.94,0.0,0.0,0.15987374000000001,0.0,0.0,-21.20412626000001,0.0,0.0
LEU  20,60.07,0.0,0.0,-10.022,0.0,0.0,-62.952,0.0,0.0,-4.271,0.0,0.0,0.32109164,0.0,0.0,-16.85390836,0.0,0.0
ASN  21,33.202,0.0,0.0,-5.772,0.0,0.0,-78.35,0.0,0.0,-19.474,0.0,0.0,0.5999452200000001,0.0,0.0,-69.79405478,0.0,0.0
ALA  22,94.605,0.0,0.0,-5.59,0.0,0.0,-79.318,0.0,0.0,-4.068,0.0,0.0,0.1967731,0.0,0.0,5.825773100000003,0.0,0.0
TRP  23,131.838,0.0,0.0,-18.089,0.0,0.0,-94.816,0.0,0.0,-4.15,0.0,0.0,0.0,0.0,0.0,14.782999999999992,0.0,0.0
VAL  24,65.397,0.0,0.0,-7.532,0.0,0.0,-56.927,0.0,0.0,-4.559,0.0,0.0,0.29073422,0.0,0.0,-3.3302657799999906,0.0,0.0
LYS  25,135.646,0.0,0.0,-7.418,0.0,0.0,-122.783,0.0,0.0,-21.811,0.0,0.0,0.6624215600000001,0.0,0.0,-15.70357844000002,0.0,0.0
VAL  26,64.805,0.0,0.0,-11.245,0.0,0.0,-70.976,0.0,0.0,-2.381,0.0,0.0,0.0589154,0.0,0.0,-19.73808459999999,0.0,0.0
VAL  27,53.018,0.0,0.0,-10.936,0.0,0.0,-49.788,0.0,0.0,-3.373,0.0,0.0,0.00519236,0.0,0.0,-11.073807639999997,0.0,0.0
GLU  28,94.477,0.0,0.0,-6.153,0.0,0.0,-50.776,0.0,0.0,-90.051,0.0,0.0,0.58318116,0.0,0.0,-51.919818840000005,0.0,0.0
GLU  29,111.238,0.0,0.0,-6.027,0.0,0.0,-100.718,0.0,0.0,-51.893,0.0,0.0,0.63073082,0.0,0.0,-46.76926918000001,0.0,0.0
LYS  30,118.522,0.0,0.0,-5.982,0.0,0.0,-91.231,0.0,0.0,-34.862,0.0,0.0,0.78898398,0.0,0.0,-12.76401601999999,0.0,0.0
ALA  31,85.655,0.0,0.0,-3.738,0.0,0.0,-76.775,0.0,0.0,-4.301,0.0,0.0,0.42610956,0.0,0.0,1.2671095599999957,0.0,0.0
PHE  32,106.266,0.0,0.0,-11.94,0.0,0.0,-80.54,0.0,0.0,-6.23,0.0,0.0,0.18670816,0.0,0.0,7.742708160000001,0.0,0.0
SER  33,88.664,0.0,0.0,-5.022,0.0,0.0,-68.091,0.0,0.0,-1.676,0.0,0.0,0.09941906,0.0,0.0,13.974419060000002,0.0,0.0
PRO  34,76.859,0.0,0.0,-5.59,0.0,0.0,-56.691,0.0,0.0,-2.05,0.0,0.0,0.53900816,0.0,0.0,13.067008159999988,0.0,0.0
GLU  35,105.449,0.0,0.0,-6.755,0.0,0.0,-108.139,0.0,0.0,-42.099,0.0,0.0,0.48672684000000005,0.0,0.0,-51.05727315999999,0.0,0.0
VAL  36,57.893,0.0,0.0,-9.871,0.0,0.0,-57.734,0.0,0.0,0.522,0.0,0.0,0.0,0.0,0.0,-9.190000000000003,0.0,0.0
ILE  37,88.618,0.0,0.0,-9.639,0.0,0.0,-59.346,0.0,0.0,-1.365,0.0,0.0,0.15237246000000002,0.0,0.0,18.420372460000003,0.0,0.0
PRO  38,83.196,0.0,0.0,-5.952,0.0,0.0,-59.771,0.0,0.0,-2.975,0.0,0.0,0.46087344,0.0,0.0,14.95887344,0.0,0.0
MET  39,92.397,0.0,0.0,-10.672,0.0,0.0,-73.731,0.0,0.0,-1.665,0.0,0.0,0.18487078,0.0,0.0,6.513870780000014,0.0,0.0
PHE  40,100.827,0.0,0.0,-13.538,0.0,0.0,-86.445,0.0,0.0,-0.792,0.0,0.0,0.0,0.0,0.0,0.05200000000000826,0.0,0.0
SER  41,76.184,0.0,0.0,-6.871,0.0,0.0,-63.632,0.0,0.0,-8.948,0.0,0.0,0.24117374000000003,0.0,0.0,-3.025826259999996,0.0,0.0
ALA  42,85.542,0.0,0.0,-5.481,0.0,0.0,-66.736,0.0,0.0,-6.044,0.0,0.0,0.35186098,0.0,0.0,7.632860980000003,0.0,0.0
LEU  43,82.322,0.0,0.0,-10.639,0.0,0.0,-81.868,0.0,0.0,-4.451,0.0,0.0,0.05215666,0.0,0.0,-14.583843339999989,0.0,0.0
SER  44,71.458,0.0,0.0,-5.222,0.0,0.0,-74.693,0.0,0.0,-0.03,0.0,0.0,0.0,0.0,0.0,-8.486999999999993,0.0,0.0
GLU  45,100.045,0.0,0.0,-5.549,0.0,0.0,-80.843,0.0,0.0,-66.003,0.0,0.0,0.57171786,0.0,0.0,-51.77828214000001,0.0,0.0
GLY  46,73.622,0.0,0.0,-4.941,0.0,0.0,-71.822,0.0,0.0,0.94,0.0,0.0,0.09229718,0.0,0.0,-2.1087028200000053,0.0,0.0
ALA  47,100.766,0.0,0.0,-7.567,0.0,0.0,-84.986,0.0,0.0,-3.762,0.0,0.0,0.00473166,0.0,0.0,4.455731660000008,0.0,0.0
THR  48,60.858,0.0,0.0,-6.741,0.0,0.0,-56.777,0.0,0.0,-0.344,0.0,0.0,0.005962000000000001,0.0,0.0,-2.9980380000000038,0.0,0.0
PRO  49,84.045,0.0,0.0,-12.17,0.0,0.0,-54.681,0.0,0.0,0.366,0.0,0.0,0.0,0.0,0.0,17.560000000000002,0.0,0.0
GLN  50,32.042,0.0,0.0,-8.775,0.0,0.0,-74.648,0.0,0.0,-4.889,0.0,0.0,0.22821994,0.0,0.0,-56.041780059999994,0.0,0.0
ASP  51,99.397,0.0,0.0,-8.415,0.0,0.0,-124.808,0.0,0.0,-20.104,0.0,0.0,0.08635686000000001,0.0,0.0,-53.843643140000005,0.0,0.0
LEU  52,58.05,0.0,0.0,-11.483,0.0,0.0,-69.284,0.0,0.0,0.616,0.0,0.0,0.0,0.0,0.0,-22.101000000000013,0.0,0.0
ASN  53,29.069,0.0,0.0,-8.935,0.0,0.0,-89.663,0.0,0.0,-8.103,0.0,0.0,0.338208,0.0,0.0,-77.293792,0.0,0.0
THR  54,54.884,0.0,0.0,-4.669,0.0,0.0,-59.764,0.0,0.0,-5.076,0.0,0.0,0.5180815400000001,0.0,0.0,-14.10691846,0.0,0.0
MET  55,85.107,0.0,0.0,-9.026,0.0,0.0,-69.135,0.0,0.0,-1.57,0.0,0.0,0.00719234,0.0,0.0,5.383192339999997,0.0,0.0
LEU  56,65.621,0.0,0.0,-8.227,0.0,0.0,-66.866,0.0,0.0,-1.505,0.0,0.0,0.07132720000000001,0.0,0.0,-10.905672800000007,0.0,0.0
ASN  57,44.897,0.0,0.0,-6.158,0.0,0.0,-99.507,0.0,0.0,-11.894,0.0,0.0,0.56157704,0.0,0.0,-72.10042296,0.0,0.0
THR  58,56.691,0.0,0.0,-4.852,0.0,0.0,-61.937,0.0,0.0,-5.186,0.0,0.0,0.18290874000000001,0.0,0.0,-15.101091259999999,0.0,0.0
VAL  59,43.875,0.0,0.0,-7.254,0.0,0.0,-42.439,0.0,0.0,-1.816,0.0,0.0,0.008401,0.0,0.0,-7.625598999999998,0.0,0.0
ALA  60,88.852,0.0,0.0,-4.467,0.0,0.0,-66.027,0.0,0.0,-2.198,0.0,0.0,0.30378016,0.0,0.0,16.463780160000002,0.0,0.0
PRO  61,81.941,0.0,0.0,-5.594,0.0,0.0,-56.25,0.0,0.0,-4.501,0.0,0.0,0.49713866,0.0,0.0,16.093138660000008,0.0,0.0
HID  62,103.946,0.0,0.0,-10.733,0.0,0.0,-67.678,0.0,0.0,-10.149,0.0,0.0,0.29438188000000004,0.0,0.0,15.680381879999997,0.0,0.0
GLN  63,30.269,0.0,0.0,-6.412,0.0,0.0,-66.843,0.0,0.0,-11.635,0.0,0.0,0.6941123,0.0,0.0,-53.9268877,0.0,0.0
ALA  64,84.492,0.0,0.0,-4.103,0.0,0.0,-68.212,0.0,0.0,-5.142,0.0,0.0,0.47363212,0.0,0.0,7.508632120000007,0.0,0.0
ALA  65,88.203,0.0,0.0,-6.972,0.0,0.0,-77.395,0.0,0.0,-1.528,0.0,0.0,0.062872,0.0,0.0,2.3708720000000127,0.0,0.0
ALA  66,96.03,1.3486991523486091e-06,1.3486991523486091e-06,-5.506,0.0,0.0,-83.284,0.0,0.0,-0.839,0.0,0.0,0.045804420000000005,0.0,0.0,6.446804419999994,0.0,0.0
GLN  67,37.948,0.0,0.0,-2.576,0.0,0.0,-75.085,0.0,0.0,-14.495,0.0,0.0,0.61397218,0.0,0.0,-53.594027819999994,0.0,0.0
MET  68,90.88,0.0,0.0,-8.973,0.0,0.0,-73.352,0.0,0.0,-4.204,0.0,0.0,0.32099950000000005,0.0,0.0,4.671999499999993,0.0,0.0
LEU  69,86.376,0.0,0.0,-10.717,0.0,0.0,-78.49,0.0,0.0,-3.93,0.0,0.0,0.06050346,0.0,0.0,-6.700496539999989,0.0,0.0
LYS  70,129.547,0.0,0.0,-6.875,0.0,0.0,-110.133,0.0,0.0,-28.75,0.0,0.0,0.68080078,0.0,0.0,-15.530199219999998,0.0,0.0
GLU  71,109.307,0.0,0.0,-7.32,0.0,0.0,-64.675,0.0,0.0,-94.575,0.0,0.0,0.55453646,0.0,0.0,-56.708463540000004,0.0,0.0
THR  72,47.515,0.0,0.0,-9.185,0.0,0.0,-55.516,0.0,0.0,-5.315,0.0,0.0,0.0,0.0,0.0,-22.501,0.0,0.0
ILE  73,65.963,0.0,0.0,-9.013,0.0,0.0,-48.507,0.0,0.0,-5.344,0.0,0.0,0.1273429,0.0,0.0,3.2263428999999975,0.0,0.0
ASN  74,22.728,0.0,0.0,-5.634,0.0,0.0,-81.575,0.0,0.0,-11.003,0.0,0.0,0.6104979600000001,0.0,0.0,-74.87350203999999,0.0,0.0
GLU  75,117.461,0.0,0.0,-7.133,0.0,0.0,-46.637,0.0,0.0,-111.652,0.0,0.0,0.4526404600000001,0.0,0.0,-47.50835954,0.0,0.0
GLU  76,93.979,0.0,0.0,-8.887,0.0,0.0,-34.135,0.0,0.0,-107.008,0.0,0.0,0.22381890000000002,0.0,0.0,-55.8271811,0.0,0.0
ALA  77,85.014,0.0,0.0,-7.546,0.0,0.0,-69.036,0.0,0.0,-3.858,0.0,0.0,0.07306702000000001,0.0,0.0,4.647067019999987,0.0,0.0
ALA  78,95.085,0.0,0.0,-6.401,0.0,0.0,-85.91,0.0,0.0,-0.087,0.0,0.0,0.21114694,0.0,0.0,2.8981469400000006,0.0,0.0
GLU  79,118.676,0.0,0.0,-7.97,0.0,0.0,-63.799,0.0,0.0,-90.926,0.0,0.0,0.41274926000000006,0.0,0.0,-43.60625074,0.0,0.0
TRP  80,112.456,0.0,0.0,-14.99,0.0,0.0,-86.499,0.0,0.0,-3.216,0.0,0.0,0.43481949999999997,0.0,0.0,8.185819500000013,0.0,0.0
ASP  81,104.15,0.0,0.0,-9.814,0.0,0.0,-67.361,0.0,0.0,-76.776,0.0,0.0,0.23212776000000004,0.0,0.0,-49.56887223999999,0.0,0.0
ARG  82,-194.007,0.0,0.0,-8.105,0.0,0.0,-10.329,0.0,0.0,34.467,0.0,0.0,0.90090156,0.0,0.0,-177.07309844,0.0,0.0
LEU  83,60.209,0.0,0.0,-7.012,0.0,0.0,-67.471,0.0,0.0,-3.917,0.0,0.0,0.7645126800000001,0.0,0.0,-17.426487320000003,0.0,0.0
HID  84,109.774,0.0,0.0,-7.688,0.0,0.0,-72.727,0.0,0.0,-10.125,0.0,0.0,0.53669924,0.0,0.0,19.770699239999995,0.0,0.0
PRO  85,85.974,0.0,0.0,-5.11,0.0,0.0,-67.18,0.0,0.0,-3.348,0.0,0.0,0.4500497,0.0,0.0,10.786049699999998,0.0,0.0
VAL  86,41.388,0.0,0.0,-3.435,0.0,0.0,-41.298,0.0,0.0,-4.742,0.0,0.0,0.45486266000000003,0.0,0.0,-7.632137340000007,0.0,0.0
HID  87,90.897,0.0,0.0,-4.092,0.0,0.0,-57.28,0.0,0.0,-12.103,0.0,0.0,0.95652702,0.0,0.0,18.378527020000003,0.0,0.0
ALA  88,95.008,0.0,0.0,-2.809,0.0,0.0,-79.802,0.0,0.0,-3.977,0.0,0.0,0.38621294000000006,0.0,0.0,8.806212939999991,0.0,0.0
GLY  89,93.768,0.0,0.0,-1.725,0.0,0.0,-78.973,0.0,0.0,-5.361,0.0,0.0,0.2229517,0.0,0.0,7.931951700000008,0.0,0.0
PRO  90,85.35,0.0,0.0,-5.116,0.0,0.0,-59.303,0.0,0.0,-5.361,0.0,0.0,0.35099920000000007,0.0,0.0,15.920999199999997,0.0,0.0
ILE  91,78.207,0.0,0.0,-3.259,0.0,0.0,-56.96,0.0,0.0,-5.249,0.0,0.0,0.95644572,0.0,0.0,13.695445719999993,0.0,0.0
ALA  92,98.383,0.0,0.0,-3.363,0.0,0.0,-73.141,0.0,0.0,-4.909,0.0,0.0,0.23028496,0.0,0.0,17.20028495999999,0.0,0.0
PRO  93,86.396,0.0,0.0,-2.137,0.0,0.0,-55.746,0.0,0.0,-8.178,0.0,0.0,0.78362902,0.0,0.0,21.118629019999997,0.0,0.0
GLY  94,73.342,0.0,0.0,-1.357,0.0,0.0,-64.659,0.0,0.0,-7.422,0.0,0.0,0.54123578,0.0,0.0,0.44523577999999375,0.0,0.0
GLN  95,34.116,0.0,0.0,-5.988,0.0,0.0,-72.294,0.0,0.0,-13.418,0.0,0.0,0.55987516,0.0,0.0,-57.02412484,0.0,0.0
MET  96,101.287,0.0,0.0,-9.337,0.0,0.0,-73.15,0.0,0.0,-8.443,0.0,0.0,0.30523814000000005,0.0,0.0,10.662238139999998,0.0,0.0
ARG  97,-188.921,0.0,0.0,-7.367,0.0,0.0,-0.384,0.0,0.0,17.348,0.0,0.0,0.45594666000000006,0.0,0.0,-178.86805333999996,0.0,0.0
GLU  98,110.31,0.0,0.0,-6.878,0.0,0.0,-53.16,0.0,0.0,-92.736,0.0,0.0,0.45268382,0.0,0.0,-42.01131618,0.0,0.0
PRO  99,94.159,0.0,0.0,-8.71,0.0,0.0,-58.012,0.0,0.0,-7.12,0.0,0.0,0.12055706,0.0,0.0,20.43755706000001,0.0,0.0
ARG 100,-183.419,0.0,0.0,-6.483,0.0,0.0,2.585,0.0,0.0,10.815,0.0,0.0,0.55201616,0.0,0.0,-175.94998384000002,0.0,0.0
GLY 101,81.786,0.0,0.0,-5.234,0.0,0.0,-88.41,0.0,0.0,2.728,0.0,0.0,0.0014363000000000002,0.0,0.0,-9.12856369999999,0.0,0.0
SER 102,60.286,0.0,0.0,-6.062,0.0,0.0,-56.241,0.0,0.0,-3.573,0.0,0.0,0.23074566000000002,0.0,0.0,-5.359254339999996,0.0,0.0
ASP 103,96.942,0.0,0.0,-8.741,0.0,0.0,-122.194,0.0,0.0,-26.132,0.0,0.0,0.0,0.0,0.0,-60.125000000000014,0.0,0.0
ILE 104,78.484,0.0,0.0,-11.226,0.0,0.0,-61.705,0.0,0.0,-0.152,0.0,0.0,0.0028780200000000002,0.0,0.0,5.403878019999997,0.0,0.0
ALA 105,83.728,0.0,0.0,-7.51,0.0,0.0,-78.305,0.0,0.0,-0.623,0.0,0.0,0.051349080000000005,0.0,0.0,-2.6586509200000177,0.0,0.0
GLY 106,89.773,0.0,0.0,-5.39,0.0,0.0,-86.246,0.0,0.0,-1.729,0.0,0.0,0.06656844,0.0,0.0,-3.5254315599999995,0.0,0.0
THR 107,55.736,0.0,0.0,-4.692,0.0,0.0,-60.376,0.0,0.0,-5.945,0.0,0.0,0.6361291400000001,0.0,0.0,-14.640870860000001,0.0,0.0
THR 108,42.404,0.0,0.0,-5.483,0.0,0.0,-57.014,0.0,0.0,-2.497,0.0,0.0,0.34602906000000005,0.0,0.0,-22.243970939999997,0.0,0.0
SER 109,71.029,0.0,0.0,-7.892,0.0,0.0,-64.9,0.0,0.0,-1.497,0.0,0.0,0.044048340000000005,0.0,0.0,-3.2159516600000124,0.0,0.0
THR 110,29.528,0.0,0.0,-5.537,0.0,0.0,-28.923,0.0,0.0,-6.791,0.0,0.0,0.48352904,0.0,0.0,-11.239470959999998,0.0,0.0
LEU 111,64.298,0.0,0.0,-6.466,0.0,0.0,-63.13,0.0,0.0,-4.169,0.0,0.0,0.4326515,0.0,0.0,-9.034348500000002,0.0,0.0
GLN 112,38.385,0.0,0.0,-4.211,0.0,0.0,-75.953,0.0,0.0,-11.54,0.0,0.0,0.7250225600000001,0.0,0.0,-52.59397744,0.0,0.0
GLU 113,106.389,0.0,0.0,-7.557,0.0,0.0,-101.282,0.0,0.0,-48.685,0.0,0.0,0.31131938000000003,0.0,0.0,-50.823680620000005,0.0,0.0
GLN 114,40.251,0.0,0.0,-13.54,0.0,0.0,-82.007,0.0,0.0,-4.616,0.0,0.0,0.0,0.0,0.0,-59.912000000000006,0.0,0.0
ILE 115,87.836,0.0,0.0,-8.922,0.0,0.0,-71.466,0.0,0.0,-2.286,0.0,0.0,0.11325632000000001,0.0,0.0,5.2752563200000075,0.0,0.0
GLY 116,78.199,0.0,0.0,-4.678,0.0,0.0,-73.378,0.0,0.0,-3.881,0.0,0.0,0.089159,0.0,0.0,-3.648840999999999,0.0,0.0
TRP 117,128.028,0.0,0.0,-18.025,0.0,0.0,-87.822,0.0,0.0,-2.764,0.0,0.0,0.010671980000000001,0.0,0.0,19.427671979999985,0.0,0.0
MET 118,99.522,0.0,0.0,-12.004,0.0,0.0,-80.904,0.0,0.0,-3.75,0.0,0.0,0.037181200000000005,0.0,0.0,2.9011812000000043,0.0,0.0
THR 119,39.101,0.0,0.0,-5.601,0.0,0.0,-47.901,0.0,0.0,-5.31,0.0,0.0,0.4437896,0.0,0.0,-19.267210400000003,0.0,0.0
HID 120,95.939,0.0,0.0,-7.721,0.0,0.0,-60.245,0.0,0.0,-10.218,0.0,0.0,0.3485656200000001,0.0,0.0,18.10356561999999,0.0,0.0
ASN 121,45.812,0.0,0.0,-3.372,0.0,0.0,-83.97,0.0,0.0,-15.13,0.0,0.0,0.8158780200000001,0.0,0.0,-55.844121980000004,0.0,0.0
PRO 122,95.928,0.0,0.0,-2.186,0.0,0.0,-60.712,0.0,0.0,-3.76,0.0,0.0,0.52542022,0.0,0.0,29.79542021999999,0.0,0.0
PRO 123,87.214,0.0,0.0,-6.26,0.0,0.0,-58.73,0.0,0.0,-5.268,0.0,0.0,0.34015378,0.0,0.0,17.296153779999997,0.0,0.0
ILE 124,94.684,0.0,0.0,-8.704,0.0,0.0,-62.129,0.0,0.0,-2.112,0.0,0.0,0.25850148,0.0,0.0,21.99750147999999,0.0,0.0
PRO 125,89.943,0.0,0.0,-5.794,0.0,0.0,-65.78,0.0,0.0,-0.948,0.0,0.0,0.29069628000000003,0.0,0.0,17.711696279999998,0.0,0.0
VAL 126,54.29,0.0,0.0,-10.158,0.0,0.0,-55.023,0.0,0.0,-1.418,0.0,0.0,0.0,0.0,0.0,-12.309000000000005,0.0,0.0
GLY 127,71.856,0.0,0.0,-6.045,0.0,0.0,-73.927,0.0,0.0,-1.441,0.0,0.0,0.009354920000000001,0.0,0.0,-9.547645080000015,0.0,0.0
GLU 128,106.539,0.0,0.0,-9.602,0.0,0.0,-103.073,0.0,0.0,-42.218,0.0,0.0,0.31320554,0.0,0.0,-48.04079446,0.0,0.0
ILE 129,83.916,0.0,0.0,-9.985,0.0,0.0,-64.402,0.0,0.0,-1.659,0.0,0.0,0.09070912,0.0,0.0,7.960709119999996,0.0,0.0
TYR 130,96.427,0.0,0.0,-14.084,0.0,0.0,-89.236,0.0,0.0,-2.705,0.0,0.0,0.02774498,0.0,0.0,-9.570255020000001,0.0,0.0
LYS 131,138.788,0.0,0.0,-9.767,0.0,0.0,-158.576,0.0,0.0,17.422,0.0,0.0,0.13510976000000002,0.0,0.0,-11.997890239999977,0.0,0.0
ARG 132,-186.048,0.0,0.0,-9.524,0.0,0.0,37.618,0.0,0.0,-12.745,0.0,0.0,0.89761162,0.0,0.0,-169.80138838000002,0.0,0.0
TRP 133,128.757,0.0,0.0,-15.725,0.0,0.0,-97.336,0.0,0.0,-3.9,0.0,0.0,0.0918419,0.0,0.0,11.887841900000012,0.0,0.0
ILE 134,91.766,0.0,0.0,-12.623,0.0,0.0,-68.429,0.0,0.0,-0.995,0.0,0.0,0.0,0.0,0.0,9.719,0.0,0.0
ILE 135,80.558,0.0,0.0,-9.923,0.0,0.0,-63.637,0.0,0.0,-0.71,0.0,0.0,0.29408378,0.0,0.0,6.582083780000005,0.0,0.0
LEU 136,73.435,0.0,0.0,-6.051,0.0,0.0,-79.763,0.0,0.0,0.863,0.0,0.0,0.42604452,0.0,0.0,-11.089955480000006,0.0,0.0
GLY 137,77.296,0.0,0.0,-5.966,0.0,0.0,-77.194,0.0,0.0,-0.626,0.0,0.0,0.0,0.0,0.0,-6.48999999999999,0.0,0.0
LEU 138,64.968,0.0,0.0,-11.205,0.0,0.0,-67.017,0.0,0.0,-1.25,0.0,0.0,0.0,0.0,0.0,-14.50399999999999,0.0,0.0
ASN 139,37.631,0.0,0.0,-8.25,0.0,0.0,-90.081,0.0,0.0,-6.925,0.0,0.0,0.31104838,0.0,0.0,-67.31395162,0.0,0.0
LYS 140,138.102,0.0,0.0,-9.237,0.0,0.0,-160.413,0.0,0.0,17.894,0.0,0.0,0.39417492000000004,0.0,0.0,-13.259825080000004,0.0,0.0
ILE 141,89.665,0.0,0.0,-9.793,0.0,0.0,-75.272,0.0,0.0,-3.833,0.0,0.0,0.04940872,0.0,0.0,0.8164087200000083,0.0,0.0
VAL 142,58.695,0.0,0.0,-7.732,0.0,0.0,-53.901,0.0,0.0,-3.87,0.0,0.0,0.14378718000000001,0.0,0.0,-6.664212820000002,0.0,0.0
ARG 143,-192.617,0.0,0.0,-5.414,0.0,0.0,48.168,0.0,0.0,-21.42,0.0,0.0,1.1319073800000001,0.0,0.0,-170.15109261999996,0.0,0.0
MET 144,88.51,0.0,0.0,-6.941,0.0,0.0,-77.032,0.0,0.0,-6.571,0.0,0.0,0.5162279000000001,0.0,0.0,-1.5177720999999935,0.0,0.0
TYR 145,94.75,0.0,0.0,-4.617,0.0,0.0,-83.904,0.0,0.0,-13.127,0.0,0.0,1.18379304,0.0,0.0,-5.714206960000001,0.0,0.0
SER 146,73.238,0.0,0.0,-3.573,0.0,0.0,-52.027,0.0,0.0,-7.812,0.0,0.0,0.35634332,0.0,0.0,10.182343320000005,0.0,0.0
PRO 147,88.094,0.0,0.0,-3.129,0.0,0.0,-60.988,0.0,0.0,-6.245,0.0,0.0,0.81530892,0.0,0.0,18.54730891999999,0.0,0.0
THR 148,45.568,0.0,0.0,-3.051,0.0,0.0,-50.747,0.0,0.0,-8.64,0.0,0.0,0.60418908,0.0,0.0,-16.265810920000003,0.0,0.0
SER 149,71.398,0.0,0.0,-1.173,0.0,0.0,-44.587,0.0,0.0,-14.566,0.0,0.0,0.60615112,0.0,0.0,11.67815111999999,0.0,0.0
ILE 150,63.214,0.0,0.0,-0.799,0.0,0.0,-30.816,0.0,0.0,-9.195,0.0,0.0,1.2710008400000001,0.0,0.0,23.67500084,0.0,0.0

Ligand:
Total Energy Decomposition:
Residue,Internal,,,van der Waals,,,Electrostatic,,,Polar Solvation,,,Non-Polar Solv.,,,TOTAL,,
,Avg.,Std. Dev.,Std. Err. of Mean,Avg.,Std. Dev.,Std. Err. of Mean,Avg.,Std. Dev.,Std. Err. of Mean,Avg.,Std. Dev.,Std. Err. of Mean,Avg.,Std. Dev.,Std. Err. of Mean,Avg.,Std. Dev.,Std. Err. of Mean
LEU   1,42.919,0.0,0.0,-3.729,0.0,0.0,-41.953,0.0,0.0,-3.22,0.0,0.0,0.90791504,0.0,0.0,-5.075084960000006,0.0,0.0
ASP   2,94.325,0.0,0.0,-3.439,0.0,0.0,-79.988,0.0,0.0,-70.103,0.0,0.0,0.7156784800000001,0.0,0.0,-58.48932152,0.0,0.0
ILE   3,100.219,0.0,0.0,-8.186,0.0,0.0,-67.909,0.0,0.0,-4.242,0.0,0.0,0.15239414,0.0,0.0,20.03439413999998,0.0,0.0
ARG   4,-188.868,0.0,0.0,-7.216,0.0,0.0,53.521,0.0,0.0,-26.111,0.0,0.0,0.9858329600000001,0.0,0.0,-167.68816703999997,0.0,0.0
GLN   5,31.413,0.0,0.0,-11.78,0.0,0.0,-84.982,0.0,0.0,-1.98,0.0,0.0,0.04603748,0.0,0.0,-67.28296252,0.0,0.0
GLY   6,86.461,0.0,0.0,-4.516,0.0,0.0,-73.566,0.0,0.0,-5.257,0.0,0.0,0.09451938,0.0,0.0,3.216519379999991,0.0,0.0
PRO   7,82.631,0.0,0.0,-4.621,0.0,0.0,-53.877,0.0,0.0,-7.742,0.0,0.0,0.5938097800000001,0.0,0.0,16.984809780000003,0.0,0.0
LYS   8,124.988,0.0,0.0,-4.976,0.0,0.0,-139.786,0.0,0.0,2.824,0.0,0.0,0.77168334,0.0,0.0,-16.178316660000004,0.0,0.0
GLU   9,114.319,0.0,0.0,-6.367,0.0,0.0,-128.274,0.0,0.0,-27.24,0.0,0.0,0.22971586000000002,0.0,0.0,-47.33228414,0.0,0.0
PRO  10,88.165,0.0,0.0,-8.558,0.0,0.0,-56.776,0.0,0.0,-3.344,0.0,0.0,0.19594926000000001,0.0,0.0,19.682949259999994,0.0,0.0
PHE  11,106.703,0.0,0.0,-15.2,0.0,0.0,-75.296,0.0,0.0,-2.949,0.0,0.0,0.0021571600000000004,0.0,0.0,13.260157159999993,0.0,0.0
ARG  12,-187.181,0.0,0.0,-10.138,0.0,0.0,31.758,0.0,0.0,-3.733,0.0,0.0,0.6642752000000001,0.0,0.0,-168.62972480000002,0.0,0.0
ASP  13,88.599,0.0,0.0,-7.836,0.0,0.0,-74.45,0.0,0.0,-68.397,0.0,0.0,0.42345918000000005,0.0,0.0,-61.66054082,0.0,0.0
TYR  14,105.021,0.0,0.0,-17.004,0.0,0.0,-96.277,0.0,0.0,-1.32,0.0,0.0,0.0,0.0,0.0,-9.580000000000005,0.0,0.0
VAL  15,47.263,0.0,0.0,-8.845,0.0,0.0,-57.43,0.0,0.0,2.453,0.0,0.0,0.08041654000000001,0.0,0.0,-16.47858346,0.0,0.0
ASP  16,101.318,0.0,0.0,-7.734,0.0,0.0,-77.97,0.0,0.0,-60.415,0.0,0.0,0.43632084,0.0,0.0,-44.364679159999994,0.0,0.0
ARG  17,-191.944,0.0,0.0,-9.447,0.0,0.0,14.341,0.0,0.0,3.785,0.0,0.0,0.46730156000000006,0.0,0.0,-182.79769843999998,0.0,0.0
PHE  18,90.555,0.0,0.0,-13.476,0.0,0.0,-79.285,0.0,0.0,-1.767,0.0,0.0,0.0587528,0.0,0.0,-3.9142471999999886,0.0,0.0
TYR  19,97.962,0.0,0.0,-10.812,0.0,0.0,-91.897,0.0,0.0,-4.238,0.0,0.0,0.5575770800000001,0.0,0.0,-8.42742292,0.0,0.0
LYS  20,143.641,0.0,0.0,-7.332,0.0,0.0,-97.534,0.0,0.0,-49.311,0.0,0.0,0.8510375600000001,0.0,0.0,-9.684962440000008,0.0,0.0
THR  21,45.18,0.0,0.0,-5.386,0.0,0.0,-58.701,0.0,0.0,-4.17,0.0,0.0,0.29599704000000004,0.0,0.0,-22.781002960000006,0.0,0.0
LEU  22,82.736,0.0,0.0,-7.525,0.0,0.0,-72.187,0.0,0.0,-4.36,0.0,0.0,0.06802642,0.0,0.0,-1.2679735799999994,0.0,0.0
ARG  23,-196.744,0.0,0.0,-9.593,0.0,0.0,66.585,0.0,0.0,-35.668,0.0,0.0,0.71143462,0.0,0.0,-174.70856538,0.0,0.0
ALA  24,86.806,0.0,0.0,-2.872,0.0,0.0,-79.383,0.0,0.0,-5.395,0.0,0.0,0.4671498,0.0,0.0,-0.37685019999999764,0.0,0.0
GLU  25,109.6,0.0,0.0,-5.177,0.0,0.0,-64.231,0.0,0.0,-90.228,0.0,0.0,0.7581821200000001,0.0,0.0,-49.277817879999986,0.0,0.0
GLN  26,28.053,0.0,0.0,-4.468,0.0,0.0,-57.973,0.0,0.0,-22.056,0.0,0.0,0.9132537400000001,0.0,0.0,-55.53074626,0.0,0.0
ALA  27,96.077,0.0,0.0,-4.454,0.0,0.0,-82.789,0.0,0.0,-4.639,0.0,0.0,0.17430178000000002,0.0,0.0,4.369301780000003,0.0,0.0
SER  28,68.329,0.0,0.0,-3.132,0.0,0.0,-60.839,0.0,0.0,-4.606,0.0,0.0,0.37946504000000003,0.0,0.0,0.13146503999999004,0.0,0.0
GLN  29,33.087,0.0,0.0,-5.061,0.0,0.0,-64.777,0.0,0.0,-14.877,0.0,0.0,0.85034922,0.0,0.0,-50.77765078,0.0,0.0
GLU  30,114.487,0.0,0.0,-5.67,0.0,0.0,-78.966,0.0,0.0,-78.809,0.0,0.0,0.7625235400000001,0.0,0.0,-48.195476459999995,0.0,0.0
VAL  31,70.539,0.0,0.0,-5.958,0.0,0.0,-62.144,0.0,0.0,-2.183,0.0,0.0,0.38372516,0.0,0.0,0.6377251600000049,0.0,0.0
LYS  32,115.341,0.0,0.0,-8.32,0.0,0.0,-100.693,0.0,0.0,-23.217,0.0,0.0,0.40949726000000003,0.0,0.0,-16.47950274000001,0.0,0.0
ASN  33,22.576,0.0,0.0,-7.681,0.0,0.0,-79.908,0.0,0.0,-9.646,0.0,0.0,0.43759996,0.0,0.0,-74.22140004,0.0,0.0
TRP  34,126.982,0.0,0.0,-10.341,0.0,0.0,-88.774,0.0,0.0,-9.556,0.0,0.0,0.79826302,0.0,0.0,19.109263020000007,0.0,0.0
MET  35,101.04,0.0,0.0,-11.05,0.0,0.0,-84.492,0.0,0.0,-1.916,0.0,0.0,0.22043682,0.0,0.0,3.802436820000005,0.0,0.0
THR  36,41.472,0.0,0.0,-6.292,0.0,0.0,-55.316,0.0,0.0,-1.12,0.0,0.0,0.16307696000000002,0.0,0.0,-21.092923040000002,0.0,0.0
GLU  37,102.158,0.0,0.0,-5.771,0.0,0.0,-58.607,0.0,0.0,-86.432,0.0,0.0,0.6884917600000001,0.0,0.0,-47.96350824,0.0,0.0
THR  38,46.45,0.0,0.0,-7.892,0.0,0.0,-55.257,0.0,0.0,-0.052,0.0,0.0,0.1369905,0.0,0.0,-16.614009499999998,0.0,0.0
LEU  39,68.596,0.0,0.0,-9.789,0.0,0.0,-66.787,0.0,0.0,-0.47,0.0,0.0,0.14411238,0.0,0.0,-8.305887620000005,0.0,0.0
LEU  40,82.289,0.0,0.0,-10.698,0.0,0.0,-92.422,0.0,0.0,0.525,0.0,0.0,0.0214632,0.0,0.0,-20.28453679999999,0.0,0.0
VAL  41,59.132,0.0,0.0,-9.553,0.0,0.0,-62.25,0.0,0.0,0.837,0.0,0.0,0.10173882000000001,0.0,0.0,-11.732261180000007,0.0,0.0
GLN  42,23.889,0.0,0.0,-6.679,0.0,0.0,-67.858,0.0,0.0,-7.721,0.0,0.0,0.5361355600000001,0.0,0.0,-57.83286444,0.0,0.0
ASN  43,19.989,0.0,0.0,-7.2,0.0,0.0,-78.404,0.0,0.0,-5.444,0.0,0.0,0.16281138,0.0,0.0,-70.89618862,0.0,0.0
ALA  44,89.66,0.0,0.0,-7.533,0.0,0.0,-79.492,0.0,0.0,0.633,0.0,0.0,0.032964440000000005,0.0,0.0,3.300964439999991,0.0,0.0
ASN  45,47.824,0.0,0.0,-9.317,0.0,0.0,-93.871,0.0,0.0,-4.862,0.0,0.0,0.01605946,0.0,0.0,-60.20994054,0.0,0.0
PRO  46,80.09,0.0,0.0,-5.931,0.0,0.0,-56.835,0.0,0.0,-3.141,0.0,0.0,0.5601353200000001,0.0,0.0,14.743135320000006,0.0,0.0
ASP  47,80.869,0.0,0.0,-7.309,0.0,0.0,-68.011,0.0,0.0,-66.334,0.0,0.0,0.49807632,0.0,0.0,-60.286923679999994,0.0,0.0
CYX  48,100.581,0.0,0.0,-7.678,0.0,0.0,-81.907,0.0,0.0,-1.696,0.0,0.0,0.0028780200000000002,0.0,0.0,9.30287802000001,0.0,0.0
LYS  49,139.36,0.0,0.0,-8.32,0.0,0.0,-128.293,0.0,0.0,-20.647,0.0,0.0,0.47133946,0.0,0.0,-17.428660539999985,0.0,0.0
THR  50,55.261,0.0,0.0,-6.725,0.0,0.0,-62.074,0.0,0.0,-6.004,0.0,0.0,0.52977248,0.0,0.0,-19.012227519999996,0.0,0.0
ILE  51,74.238,0.0,0.0,-10.319,0.0,0.0,-56.615,0.0,0.0,-1.72,0.0,0.0,0.21540706,0.0,0.0,5.799407059999996,0.0,0.0
LEU  52,91.518,0.0,0.0,-7.921,0.0,0.0,-77.014,0.0,0.0,-5.888,0.0,0.0,0.24023608,0.0,0.0,0.9352360799999985,0.0,0.0
LYS  53,128.658,0.0,0.0,-5.732,0.0,0.0,-88.861,0.0,0.0,-43.877,0.0,0.0,1.02575668,0.0,0.0,-8.786243320000018,0.0,0.0
ALA  54,82.739,0.0,0.0,-3.854,0.0,0.0,-72.262,0.0,0.0,-5.173,0.0,0.0,0.47659686000000007,0.0,0.0,1.9265968600000047,0.0,0.0
LEU  55,71.768,0.0,0.0,-8.052,0.0,0.0,-71.374,0.0,0.0,-6.21,0.0,0.0,0.41169236000000003,0.0,0.0,-13.456307639999995,0.0,0.0
GLY  56,90.305,0.0,0.0,-3.041,0.0,0.0,-73.65,0.0,0.0,-7.589,0.0,0.0,0.14857846000000002,0.0,0.0,6.173578460000004,0.0,0.0
PRO  57,78.36,0.0,0.0,-2.335,0.0,0.0,-53.063,0.0,0.0,-10.092,0.0,0.0,0.79095686,0.0,0.0,13.660956860000002,0.0,0.0
GLY  58,68.901,0.0,0.0,-1.685,0.0,0.0,-62.126,0.0,0.0,-7.171,0.0,0.0,0.44017988,0.0,0.0,-1.6408201200000039,0.0,0.0
ALA  59,97.717,0.0,0.0,-4.412,0.0,0.0,-83.703,0.0,0.0,-6.34,0.0,0.0,0.1866648,0.0,0.0,3.4486647999999898,0.0,0.0
THR  60,47.846,0.0,0.0,-5.589,0.0,0.0,-51.127,0.0,0.0,-7.634,0.0,0.0,0.45855910000000005,0.0,0.0,-16.045440900000006,0.0,0.0
LEU  61,65.832,0.0,0.0,-6.8,0.0,0.0,-66.257,0.0,0.0,-2.899,0.0,0.0,0.39354078,0.0,0.0,-9.730459220000009,0.0,0.0
GLU  62,107.976,0.0,0.0,-5.633,0.0,0.0,-55.655,0.0,0.0,-99.943,0.0,0.0,0.64459518,0.0,0.0,-52.61040481999999,0.0,0.0
GLU  63,101.071,0.0,0.0,-8.025,0.0,0.0,-44.714,0.0,0.0,-103.431,0.0,0.0,0.45054292000000007,0.0,0.0,-54.64845708000001,0.0,0.0
MET  64,97.31,0.0,0.0,-12.508,0.0,0.0,-76.206,0.0,0.0,-2.558,0.0,0.0,0.019783000000000002,0.0,0.0,6.057783000000004,0.0,0.0
MET  65,103.164,0.0,0.0,-9.853,0.0,0.0,-81.799,0.0,0.0,-2.385,0.0,0.0,0.2828969,0.0,0.0,9.409896900000001,0.0,0.0
THR  66,26.483,0.0,0.0,-4.519,0.0,0.0,-37.073,0.0,0.0,-1.916,0.0,0.0,0.40483606,0.0,0.0,-16.62016394,0.0,0.0
ALA  67,82.466,0.0,0.0,-4.441,0.0,0.0,-67.696,0.0,0.0,-1.367,0.0,0.0,0.28138472,0.0,0.0,9.243384719999993,0.0,0.0
CYX  68,96.708,0.0,0.0,-7.947,0.0,0.0,-83.209,0.0,0.0,-0.629,0.0,0.0,0.017441560000000002,0.0,0.0,4.940441559999993,0.0,0.0
GLN  69,37.72,0.0,0.0,-5.214,0.0,0.0,-75.131,0.0,0.0,-10.832,0.0,0.0,0.46828800000000004,0.0,0.0,-52.988712,0.0,0.0
GLY  70,96.182,0.0,0.0,-4.178,0.0,0.0,-88.252,0.0,0.0,-2.038,0.0,0.0,0.06629744,0.0,0.0,1.7802974400000098,0.0,0.0
VAL  71,39.013,0.0,0.0,-1.963,0.0,0.0,-65.42,0.0,0.0,-60.001,0.0,0.0,0.9388524,0.0,0.0,-87.43214760000001,0.0,0.0

DELTAS:
Total Energy Decomposition:
Residue,Location,Internal,,,van der Waals,,,Electrostatic,,,Polar Solvation,,,Non-Polar Solv.,,,TOTAL,,
,,Avg.,Std. Dev.,Std. Err. of Mean,Avg.,Std. Dev.,Std. Err. of Mean,Avg.,Std. Dev.,Std. Err. of Mean,Avg.,Std. Dev.,Std. Err. of Mean,Avg.,Std. Dev.,Std. Err. of Mean
PRO   1,R PRO   1,0.0,0.0,0.0,0.0,0.0,0.0,-7.234000000000009,0.0,0.0,7.231999999999999,0.0,0.0,0.0,0.0,0.0,-0.0020000000000095497,0.0,0.0
ILE   2,R ILE   2,0.0,0.0,0.0,0.0,0.0,0.0,0.12600000000000477,0.0,0.0,-0.1259999999999999,0.0,0.0,0.0,0.0,0.0,3.552713678800501e-15,0.0,0.0
VAL   3,R VAL   3,0.0,0.0,0.0,0.0,0.0,0.0,-0.0379999999999967,0.0,0.0,0.038000000000000256,0.0,0.0,0.0,0.0,0.0,3.552713678800501e-15,0.0,0.0
GLN   4,R GLN   4,0.0,0.0,0.0,0.0,0.0,0.0,-0.18599999999999994,0.0,0.0,0.18599999999999994,0.0,0.0,0.0,0.0,0.0,0.0,0.0,0.0
ASN   5,R ASN   5,0.0,0.0,0.0,-0.001000000000000334,0.0,0.0,0.0,0.0,0.0,0.0010000000000012221,0.0,0.0,0.0,0.0,0.0,1.4210854715202004e-14,0.0,0.0
LEU   6,R LEU   6,0.0,0.0,0.0,0.0,0.0,0.0,-0.0379999999999967,0.0,0.0,0.038000000000000256,0.0,0.0,0.0,0.0,0.0,3.552713678800501e-15,0.0,0.0
GLN   7,R GLN   7,0.0,0.0,0.0,0.0,0.0,0.0,0.11400000000000432,0.0,0.0,-0.11399999999999899,0.0,0.0,0.0,0.0,0.0,7.105427357601002e-15,0.0,0.0
GLY   8,R GLY   8,0.0,0.0,0.0,0.0,0.0,0.0,0.0309999999999917,0.0,0.0,-0.031000000000000583,0.0,0.0,0.0,0.0,0.0,-8.881784197001252e-15,0.0,0.0
GLN   9,R GLN   9,0.0,0.0,0.0,0.0,0.0,0.0,0.07399999999999807,0.0,0.0,-0.0730000000000004,0.0,0.0,0.0,0.0,0.0,0.0009999999999976694,0.0,0.0
MET  10,R MET  10,0.0,0.0,0.0,0.0,0.0,0.0,-0.08400000000000318,0.0,0.0,0.08399999999999963,0.0,0.0,0.0,0.0,0.0,-3.552713678800501e-15,0.0,0.0
VAL  11,R VAL  11,0.0,0.0,0.0,0.0,0.0,0.0,0.02300000000000324,0.0,0.0,-0.02300000000000013,0.0,0.0,0.0,0.0,0.0,3.552713678800501e-15,0.0,0.0
HID  12,R HID  12,0.0,0.0,0.0,0.0,0.0,0.0,-0.13000000000000256,0.0,0.0,0.129999999999999,0.0,0.0,0.0,0.0,0.0,-3.552713678800501e-15,0.0,0.0
GLN  13,R GLN  13,0.0,0.0,0.0,0.0,0.0,0.0,-0.049000000000006594,0.0,0.0,0.05000000000000071,0.0,0.0,0.0,0.0,0.0,0.000999999999990564,0.0,0.0
ALA  14,R ALA  14,0.0,0.0,0.0,-0.0009999999999998899,0.0,0.0,0.018000000000000682,0.0,0.0,-0.01699999999999946,0.0,0.0,0.0,0.0,0.0,-3.552713678800501e-15,0.0,0.0
ILE  15,R ILE  15,0.0,0.0,0.0,-0.001000000000000334,0.0,0.0,-0.02400000000000091,0.0,0.0,0.02499999999999991,0.0,0.0,0.0,0.0,0.0,8.881784197001252e-15,0.0,0.0
SER  16,R SER  16,0.0,0.0,0.0,-0.001000000000000334,0.0,0.0,0.1670000000000016,0.0,0.0,-0.16699999999999982,0.0,0.0,0.0,0.0,0.0,-0.0010000000000029985,0.0,0.0
PRO  17,R PRO  17,0.0,0.0,0.0,-0.0009999999999994458,0.0,0.0,0.15200000000000102,0.0,0.0,-0.14900000000000002,0.0,0.0,0.0,0.0,0.0,0.0020000000000024443,0.0,0.0
ARG  18,R ARG  18,0.0,0.0,0.0,-0.0030000000000001137,0.0,0.0,-9.851999999999997,0.0,0.0,9.854,0.0,0.0,0.0,0.0,0.0,-0.0010000000000047748,0.0,0.0
THR  19,R THR  19,0.0,0.0,0.0,-0.0030000000000001137,0.0,0.0,0.23000000000000398,0.0,0.0,-0.2209999999999992,0.0,0.0,0.0,0.0,0.0,0.00600000000000378,0.0,0.0
LEU  20,R LEU  20,0.0,0.0,0.0,-0.0039999999999995595,0.0,0.0,0.11499999999999488,0.0,0.0,-0.10899999999999999,0.0,0.0,0.0,0.0,0.0,0.001999999999991786,0.0,0.0
ASN  21,R ASN  21,0.0,0.0,0.0,-0.008999999999999453,0.0,0.0,0.14799999999999613,0.0,0.0,-0.10500000000000043,0.0,0.0,0.0,0.0,0.0,0.033999999999991815,0.0,0.0
ALA  22,R ALA  22,0.0,0.0,0.0,-0.008000000000000007,0.0,0.0,0.26500000000000057,0.0,0.0,-0.24300000000000033,0.0,0.0,0.0,0.0,0.0,0.014000000000004675,0.0,0.0
TRP  23,R TRP  23,0.0,0.0,0.0,-0.022999999999999687,0.0,0.0,0.3539999999999992,0.0,0.0,-0.3279999999999994,0.0,0.0,0.0,0.0,0.0,0.0030000000000036664,0.0,0.0
VAL  24,R VAL  24,0.0,0.0,0.0,-0.03200000000000003,0.0,0.0,0.0379999999999967,0.0,0.0,-0.011999999999999567,0.0,0.0,0.0,0.0,0.0,-0.006000000000006445,0.0,0.0
LYS  25,R LYS  25,0.0,0.0,0.0,-0.11299999999999955,0.0,0.0,-16.909000000000006,0.0,0.0,17.049,0.0,0.0,0.0,0.0,0.0,0.026999999999993918,0.0,0.0
VAL  26,R VAL  26,0.0,0.0,0.0,-0.0840000000000014,0.0,0.0,0.32200000000000273,0.0,0.0,-0.3330000000000002,0.0,0.0,0.0,0.0,0.0,-0.09499999999999886,0.0,0.0
VAL  27,R VAL  27,0.0,0.0,0.0,-0.11299999999999955,0.0,0.0,0.22099999999999653,0.0,0.0,-0.1379999999999999,0.0,0.0,0.0,0.0,0.0,-0.030000000000001137,0.0,0.0
GLU  28,R GLU  28,0.0,0.0,0.0,-0.4190000000000005,0.0,0.0,11.912000000000006,0.0,0.0,-10.569000000000003,0.0,0.0,-0.05533819999999989,0.0,0.0,0.8686618000000053,0.0,0.0
GLU  29,R GLU  29,0.0,0.0,0.0,-1.9079999999999995,0.0,0.0,11.298000000000002,0.0,0.0,-10.046,0.0,0.0,-0.31263102000000004,0.0,0.0,-0.9686310199999966,0.0,0.0
LYS  30,R LYS  30,0.0,0.0,0.0,-2.355999999999999,0.0,0.0,-24.577000000000012,0.0,0.0,26.559,0.0,0.0,-0.26406781999999995,0.0,0.0,-0.6380678200000052,0.0,0.0
ALA  31,R ALA  31,0.0,0.0,0.0,-2.366,0.0,0.0,2.7349999999999994,0.0,0.0,-1.4459999999999997,0.0,0.0,-0.32275558,0.0,0.0,-1.3997555799999999,0.0,0.0
PHE  32,R PHE  32,0.0,0.0,0.0,-1.1770000000000014,0.0,0.0,2.0120000000000005,0.0,0.0,-1.5319999999999991,0.0,0.0,-0.0999719,0.0,0.0,-0.7969719000000053,0.0,0.0
SER  33,R SER  33,0.0,0.0,0.0,-0.16199999999999992,0.0,0.0,-0.8150000000000119,0.0,0.0,0.942,0.0,0.0,0.0,0.0,0.0,-0.035000000000003695,0.0,0.0
PRO  34,R PRO  34,0.0,0.0,0.0,-0.05600000000000005,0.0,0.0,-0.5760000000000005,0.0,0.0,0.5929999999999997,0.0,0.0,0.0,0.0,0.0,-0.038999999999997925,0.0,0.0
GLU  35,R GLU  35,0.0,0.0,0.0,-0.03300000000000036,0.0,0.0,15.989999999999995,0.0,0.0,-15.727000000000004,0.0,0.0,0.0,0.0,0.0,0.22999999999998977,0.0,0.0
VAL  36,R VAL  36,0.0,0.0,0.0,-0.03999999999999915,0.0,0.0,-0.46699999999999875,0.0,0.0,0.4969999999999999,0.0,0.0,0.0,0.0,0.0,-0.00999999999999801,0.0,0.0
ILE  37,R ILE  37,0.0,0.0,0.0,-0.014000000000001123,0.0,0.0,-0.3640000000000043,0.0,0.0,0.371,0.0,0.0,0.0,0.0,0.0,-0.00700000000001566,0.0,0.0
PRO  38,R PRO  38,0.0,0.0,0.0,-0.006000000000000227,0.0,0.0,-0.375,0.0,0.0,0.3759999999999999,0.0,0.0,0.0,0.0,0.0,-0.005000000000000782,0.0,0.0
MET  39,R MET  39,0.0,0.0,0.0,-0.008999999999998565,0.0,0.0,-0.1290000000000049,0.0,0.0,0.14300000000000002,0.0,0.0,0.0,0.0,0.0,0.004999999999994564,0.0,0.0
PHE  40,R PHE  40,0.0,0.0,0.0,-0.006000000000000227,0.0,0.0,-0.17100000000000648,0.0,0.0,0.17200000000000004,0.0,0.0,0.0,0.0,0.0,-0.005000000000006666,0.0,0.0
SER  41,R SER  41,0.0,0.0,0.0,-0.0009999999999994458,0.0,0.0,-0.3049999999999997,0.0,0.0,0.3100000000000005,0.0,0.0,0.0,0.0,0.0,0.003999999999996007,0.0,0.0
ALA  42,R ALA  42,0.0,0.0,0.0,-0.001000000000000334,0.0,0.0,-0.21299999999999386,0.0,0.0,0.21399999999999952,0.0,0.0,0.0,0.0,0.0,8.881784197001252e-16,0.0,0.0
LEU  43,R LEU  43,0.0,0.0,0.0,-0.0030000000000001137,0.0,0.0,-0.1740000000000066,0.0,0.0,0.17499999999999982,0.0,0.0,0.0,0.0,0.0,-0.002000000000005997,0.0,0.0
SER  44,R SER  44,0.0,0.0,0.0,-0.0009999999999994458,0.0,0.0,-0.15800000000000125,0.0,0.0,0.159,0.0,0.0,0.0,0.0,0.0,-7.105427357601002e-15,0.0,0.0
GLU  45,R GLU  45,0.0,0.0,0.0,-0.0009999999999994458,0.0,0.0,8.082999999999998,0.0,0.0,-8.078000000000003,0.0,0.0,0.0,0.0,0.0,0.0040000000000048885,0.0,0.0
GLY  46,R GLY  46,0.0,0.0,0.0,0.0,0.0,0.0,-0.03999999999999204,0.0,0.0,0.040000000000000036,0.0,0.0,0.0,0.0,0.0,7.993605777301127e-15,0.0,0.0
ALA  47,R ALA  47,0.0,0.0,0.0,0.0,0.0,0.0,-0.0379999999999967,0.0,0.0,0.039000000000000146,0.0,0.0,0.0,0.0,0.0,0.0010000000000038867,0.0,0.0
THR  48,R THR  48,0.0,0.0,0.0,0.0,0.0,0.0,0.08599999999999852,0.0,0.0,-0.08500000000000002,0.0,0.0,0.0,0.0,0.0,0.0009999999999985576,0.0,0.0
PRO  49,R PRO  49,0.0,0.0,0.0,0.0,0.0,0.0,0.06499999999999773,0.0,0.0,-0.065,0.0,0.0,0.0,0.0,0.0,-3.552713678800501e-15,0.0,0.0
GLN  50,R GLN  50,0.0,0.0,0.0,0.0,0.0,0.0,0.06999999999999318,0.0,0.0,-0.06899999999999995,0.0,0.0,0.0,0.0,0.0,0.0009999999999976694,0.0,0.0
ASP  51,R ASP  51,0.0,0.0,0.0,-0.0010000000000012221,0.0,0.0,7.057000000000002,0.0,0.0,-7.057000000000002,0.0,0.0,0.0,0.0,0.0,-0.000999999999990564,0.0,0.0
LEU  52,R LEU  52,0.0,0.0,0.0,-0.0009999999999994458,0.0,0.0,0.08500000000000796,0.0,0.0,-0.08599999999999997,0.0,0.0,0.0,0.0,0.0,-0.0019999999999882334,0.0,0.0
ASN  53,R ASN  53,0.0,0.0,0.0,-0.0009999999999994458,0.0,0.0,0.0870000000000033,0.0,0.0,-0.08399999999999963,0.0,0.0,0.0,0.0,0.0,0.001999999999995339,0.0,0.0
THR  54,R THR  54,0.0,0.0,0.0,-0.001000000000000334,0.0,0.0,0.005000000000002558,0.0,0.0,0.0,0.0,0.0,0.0,0.0,0.0,0.003999999999997783,0.0,0.0
MET  55,R MET  55,0.0,0.0,0.0,-0.0030000000000001137,0.0,0.0,0.09199999999999875,0.0,0.0,-0.08999999999999986,0.0,0.0,0.0,0.0,0.0,-0.0010000000000012221,0.0,0.0
LEU  56,R LEU  56,0.0,0.0,0.0,-0.006000000000000227,0.0,0.0,-0.10500000000000398,0.0,0.0,0.11399999999999988,0.0,0.0,0.0,0.0,0.0,0.0029999999999947846,0.0,0.0
ASN  57,R ASN  57,0.0,0.0,0.0,-0.0039999999999995595,0.0,0.0,-0.3459999999999894,0.0,0.0,0.37599999999999945,0.0,0.0,0.0,0.0,0.0,0.02600000000001046,0.0,0.0
THR  58,R THR  58,0.0,0.0,0.0,-0.01100000000000012,0.0,0.0,-0.03999999999999915,0.0,0.0,0.09299999999999997,0.0,0.0,0.0,0.0,0.0,0.042000000000005144,0.0,0.0
VAL  59,R VAL  59,0.0,0.0,0.0,-0.02400000000000002,0.0,0.0,-0.3429999999999964,0.0,0.0,0.3840000000000001,0.0,0.0,0.0,0.0,0.0,0.017000000000002125,0.0,0.0
ALA  60,R ALA  60,0.0,0.0,0.0,-0.012000000000000455,0.0,0.0,-0.5010000000000048,0.0,0.0,0.532,0.0,0.0,0.0,0.0,0.0,0.0189999999999948,0.0,0.0
PRO  61,R PRO  61,0.0,0.0,0.0,-0.04499999999999993,0.0,0.0,-1.033999999999999,0.0,0.0,1.1330000000000005,0.0,0.0,0.0,0.0,0.0,0.053999999999998494,0.0,0.0
HID  62,R HID  62,0.0,0.0,0.0,-0.1739999999999995,0.0,0.0,2.0420000000000016,0.0,0.0,-1.6150000000000002,0.0,0.0,0.0,0.0,0.0,0.253000000000009,0.0,0.0
GLN  63,R GLN  63,0.0,0.0,0.0,-0.08900000000000041,0.0,0.0,-0.7849999999999966,0.0,0.0,1.0239999999999991,0.0,0.0,0.0,0.0,0.0,0.14999999999999858,0.0,0.0
ALA  64,R ALA  64,0.0,0.0,0.0,-0.13500000000000068,0.0,0.0,1.0990000000000038,0.0,0.0,-0.944,0.0,0.0,0.0,0.0,0.0,0.019999999999997797,0.0,0.0
ALA  65,R ALA  65,0.0,0.0,0.0,-0.09799999999999986,0.0,0.0,0.3719999999999999,0.0,0.0,-0.3599999999999999,0.0,0.0,-0.011512079999999987,0.0,0.0,-0.09751207999999911,0.0,0.0
ALA  66,R ALA  66,0.0,0.0,0.0,-0.017999999999999794,0.0,0.0,0.4140000000000015,0.0,0.0,-0.40000000000000013,0.0,0.0,0.0,0.0,0.0,-0.003999999999998671,0.0,0.0
GLN  67,R GLN  67,0.0,0.0,0.0,-0.019000000000000128,0.0,0.0,0.8909999999999911,0.0,0.0,-0.8190000000000008,0.0,0.0,0.0,0.0,0.0,0.052999999999990166,0.0,0.0
MET  68,R MET  68,0.0,0.0,0.0,-0.03399999999999892,0.0,0.0,0.1770000000000067,0.0,0.0,-0.1459999999999999,0.0,0.0,0.0,0.0,0.0,-0.0029999999999992255,0.0,0.0
LEU  69,R LEU  69,0.0,0.0,0.0,-0.011999999999998678,0.0,0.0,0.14399999999999125,0.0,0.0,-0.1389999999999998,0.0,0.0,0.0,0.0,0.0,-0.007000000000009443,0.0,0.0
LYS  70,R LYS  70,0.0,0.0,0.0,-0.006000000000000227,0.0,0.0,-5.314999999999998,0.0,0.0,5.356999999999999,0.0,0.0,0.0,0.0,0.0,0.036000000000001364,0.0,0.0
GLU  71,R GLU  71,0.0,0.0,0.0,-0.005999999999999339,0.0,0.0,6.027999999999999,0.0,0.0,-6.001999999999995,0.0,0.0,0.0,0.0,0.0,0.020000000000017337,0.0,0.0
THR  72,R THR  72,0.0,0.0,0.0,-0.0039999999999995595,0.0,0.0,0.10499999999999687,0.0,0.0,-0.09199999999999964,0.0,0.0,0.0,0.0,0.0,0.009000000000000341,0.0,0.0
ILE  73,R ILE  73,0.0,0.0,0.0,-0.0030000000000001137,0.0,0.0,0.007999999999995566,0.0,0.0,-0.005999999999999339,0.0,0.0,0.0,0.0,0.0,-0.0010000000000038867,0.0,0.0
ASN  74,R ASN  74,0.0,0.0,0.0,-0.0019999999999997797,0.0,0.0,0.0040000000000048885,0.0,0.0,0.005000000000000782,0.0,0.0,0.0,0.0,0.0,0.006999999999990791,0.0,0.0
GLU  75,R GLU  75,0.0,0.0,0.0,-0.0019999999999997797,0.0,0.0,7.411999999999999,0.0,0.0,-7.396000000000001,0.0,0.0,0.0,0.0,0.0,0.013999999999995794,0.0,0.0
GLU  76,R GLU  76,0.0,0.0,0.0,-0.0019999999999988916,0.0,0.0,7.480999999999998,0.0,0.0,-7.471000000000004,0.0,0.0,0.0,0.0,0.0,0.008000000000002672,0.0,0.0
ALA  77,R ALA  77,0.0,0.0,0.0,0.0,0.0,0.0,-0.033999999999991815,0.0,0.0,0.03500000000000014,0.0,0.0,0.0,0.0,0.0,0.0010000000000083276,0.0,0.0
ALA  78,R ALA  78,0.0,0.0,0.0,0.0,0.0,0.0,-0.06400000000000716,0.0,0.0,0.064,0.0,0.0,0.0,0.0,0.0,-7.105427357601002e-15,0.0,0.0
GLU  79,R GLU  79,0.0,0.0,0.0,-0.001000000000000334,0.0,0.0,6.5120000000000005,0.0,0.0,-6.510000000000005,0.0,0.0,0.0,0.0,0.0,0.000999999999990564,0.0,0.0
TRP  80,R TRP  80,0.0,0.0,0.0,0.0,0.0,0.0,-0.03100000000000591,0.0,0.0,0.03000000000000025,0.0,0.0,0.0,0.0,0.0,-0.0010000000000065512,0.0,0.0
ASP  81,R ASP  81,0.0,0.0,0.0,0.0,0.0,0.0,5.760000000000005,0.0,0.0,-5.76100000000001,0.0,0.0,0.0,0.0,0.0,-0.0010000000000047748,0.0,0.0
ARG  82,R ARG  82,0.0,0.0,0.0,-0.0009999999999994458,0.0,0.0,-6.131999999999998,0.0,0.0,6.131999999999998,0.0,0.0,0.0,0.0,0.0,-0.0010000000000331966,0.0,0.0
LEU  83,R LEU  83,0.0,0.0,0.0,0.0,0.0,0.0,-0.08599999999999852,0.0,0.0,0.08699999999999974,0.0,0.0,0.0,0.0,0.0,0.0010000000000047748,0.0,0.0
HID  84,R HID  84,0.0,0.0,0.0,-0.001000000000000334,0.0,0.0,-0.018999999999991246,0.0,0.0,0.019999999999999574,0.0,0.0,0.0,0.0,0.0,1.7763568394002505e-14,0.0,0.0
PRO  85,R PRO  85,0.0,0.0,0.0,0.0,0.0,0.0,-0.009999999999990905,0.0,0.0,0.009999999999999787,0.0,0.0,0.0,0.0,0.0,7.105427357601002e-15,0.0,0.0
VAL  86,R VAL  86,0.0,0.0,0.0,0.0,0.0,0.0,-0.01999999999999602,0.0,0.0,0.019000000000000128,0.0,0.0,0.0,0.0,0.0,-0.0009999999999941167,0.0,0.0
HID  87,R HID  87,0.0,0.0,0.0,0.0,0.0,0.0,-0.0659999999999954,0.0,0.0,0.06599999999999895,0.0,0.0,0.0,0.0,0.0,7.105427357601002e-15,0.0,0.0
ALA  88,R ALA  88,0.0,0.0,0.0,0.0,0.0,0.0,0.025000000000005684,0.0,0.0,-0.02499999999999991,0.0,0.0,0.0,0.0,0.0,7.105427357601002e-15,0.0,0.0
GLY  89,R GLY  89,0.0,0.0,0.0,0.0,0.0,0.0,-0.01999999999999602,0.0,0.0,0.020999999999999908,0.0,0.0,0.0,0.0,0.0,0.0010000000000038867,0.0,0.0
PRO  90,R PRO  90,0.0,0.0,0.0,0.0,0.0,0.0,-0.026000000000003354,0.0,0.0,0.0259999999999998,0.0,0.0,0.0,0.0,0.0,-3.552713678800501e-15,0.0,0.0
ILE  91,R ILE  91,0.0,0.0,0.0,0.0,0.0,0.0,-0.030999999999998806,0.0,0.0,0.030999999999999694,0.0,0.0,0.0,0.0,0.0,0.0,0.0,0.0
ALA  92,R ALA  92,0.0,0.0,0.0,0.0,0.0,0.0,0.03100000000000591,0.0,0.0,-0.031000000000000583,0.0,0.0,0.0,0.0,0.0,3.552713678800501e-15,0.0,0.0
PRO  93,R PRO  93,0.0,0.0,0.0,0.0,0.0,0.0,0.007000000000005002,0.0,0.0,-0.005999999999998451,0.0,0.0,0.0,0.0,0.0,0.0010000000000083276,0.0,0.0
GLY  94,R GLY  94,0.0,0.0,0.0,0.0,0.0,0.0,0.012000000000000455,0.0,0.0,-0.012000000000000455,0.0,0.0,0.0,0.0,0.0,0.0,0.0,0.0
GLN  95,R GLN  95,0.0,0.0,0.0,0.0,0.0,0.0,0.027000000000001023,0.0,0.0,-0.027000000000001023,0.0,0.0,0.0,0.0,0.0,0.0,0.0,0.0
MET  96,R MET  96,0.0,0.0,0.0,0.0,0.0,0.0,-0.057999999999992724,0.0,0.0,0.058999999999999275,0.0,0.0,0.0,0.0,0.0,0.0010000000000065512,0.0,0.0
ARG  97,R ARG  97,0.0,0.0,0.0,0.0,0.0,0.0,-5.380999999999999,0.0,0.0,5.3820000000000014,0.0,0.0,0.0,0.0,0.0,0.0009999999999763531,0.0,0.0
GLU  98,R GLU  98,0.0,0.0,0.0,0.0,0.0,0.0,5.275999999999996,0.0,0.0,-5.275999999999996,0.0,0.0,0.0,0.0,0.0,0.0,0.0,0.0
PRO  99,R PRO  99,0.0,0.0,0.0,0.0,0.0,0.0,-0.00999999999999801,0.0,0.0,0.01100000000000012,0.0,0.0,0.0,0.0,0.0,0.0010000000000012221,0.0,0.0
ARG 100,R ARG 100,0.0,0.0,0.0,0.0,0.0,0.0,-5.4079999999999995,0.0,0.0,5.409000000000001,0.0,0.0,0.0,0.0,0.0,0.0009999999999763531,0.0,0.0
GLY 101,R GLY 101,0.0,0.0,0.0,0.0,0.0,0.0,0.03999999999999204,0.0,0.0,-0.039000000000000146,0.0,0.0,0.0,0.0,0.0,0.0009999999999923403,0.0,0.0
SER 102,R SER 102,0.0,0.0,0.0,0.0,0.0,0.0,0.05700000000000216,0.0,0.0,-0.05799999999999983,0.0,0.0,0.0,0.0,0.0,-0.0009999999999976694,0.0,0.0
ASP 103,R ASP 103,0.0,0.0,0.0,0.0,0.0,0.0,5.6440000000000055,0.0,0.0,-5.645,0.0,0.0,0.0,0.0,0.0,-0.000999999999990564,0.0,0.0
ILE 104,R ILE 104,0.0,0.0,0.0,-0.0009999999999994458,0.0,0.0,0.04800000000000182,0.0,0.0,-0.047000000000000014,0.0,0.0,0.0,0.0,0.0,-2.6645352591003757e-15,0.0,0.0
ALA 105,R ALA 105,0.0,0.0,0.0,0.0,0.0,0.0,0.02200000000000557,0.0,0.0,-0.02300000000000002,0.0,0.0,0.0,0.0,0.0,-0.0009999999999941167,0.0,0.0
GLY 106,R GLY 106,0.0,0.0,0.0,0.0,0.0,0.0,0.003999999999990678,0.0,0.0,-0.0040000000000000036,0.0,0.0,0.0,0.0,0.0,-9.325873406851315e-15,0.0,0.0
THR 107,R THR 107,0.0,0.0,0.0,0.0,0.0,0.0,0.007999999999995566,0.0,0.0,-0.008999999999999453,0.0,0.0,0.0,0.0,0.0,-0.0010000000000047748,0.0,0.0
THR 108,R THR 108,0.0,0.0,0.0,0.0,0.0,0.0,-0.030999999999998806,0.0,0.0,0.030999999999999694,0.0,0.0,0.0,0.0,0.0,0.0,0.0,0.0
SER 109,R SER 109,0.0,0.0,0.0,0.0,0.0,0.0,0.029000000000010573,0.0,0.0,-0.028999999999999915,0.0,0.0,0.0,0.0,0.0,1.0658141036401503e-14,0.0,0.0
THR 110,R THR 110,0.0,0.0,0.0,0.0,0.0,0.0,-0.026000000000003354,0.0,0.0,0.02600000000000069,0.0,0.0,0.0,0.0,0.0,-3.552713678800501e-15,0.0,0.0
LEU 111,R LEU 111,0.0,0.0,0.0,-0.0009999999999994458,0.0,0.0,-0.01899999999999835,0.0,0.0,0.01899999999999924,0.0,0.0,0.0,0.0,0.0,-0.000999999999995893,0.0,0.0
GLN 112,R GLN 112,0.0,0.0,0.0,0.0,0.0,0.0,0.08400000000000318,0.0,0.0,-0.0840000000000014,0.0,0.0,0.0,0.0,0.0,0.0,0.0,0.0
GLU 113,R GLU 113,0.0,0.0,0.0,0.0,0.0,0.0,5.509,0.0,0.0,-5.509,0.0,0.0,0.0,0.0,0.0,0.0,0.0,0.0
GLN 114,R GLN 114,0.0,0.0,0.0,-0.0010000000000012221,0.0,0.0,-0.04599999999999227,0.0,0.0,0.045999999999999375,0.0,0.0,0.0,0.0,0.0,-0.0009999999999976694,0.0,0.0
ILE 115,R ILE 115,0.0,0.0,0.0,0.0,0.0,0.0,-0.007000000000005002,0.0,0.0,0.006000000000000227,0.0,0.0,0.0,0.0,0.0,-0.0010000000000047748,0.0,0.0
GLY 116,R GLY 116,0.0,0.0,0.0,0.0,0.0,0.0,-0.02400000000000091,0.0,0.0,0.023999999999999577,0.0,0.0,0.0,0.0,0.0,-1.3322676295501878e-15,0.0,0.0
TRP 117,R TRP 117,0.0,0.0,0.0,0.0,0.0,0.0,-0.0049999999999954525,0.0,0.0,0.004999999999999893,0.0,0.0,0.0,0.0,0.0,3.552713678800501e-15,0.0,0.0
MET 118,R MET 118,0.0,0.0,0.0,0.0,0.0,0.0,0.006999999999990791,0.0,0.0,-0.007000000000000117,0.0,0.0,0.0,0.0,0.0,-9.325873406851315e-15,0.0,0.0
THR 119,R THR 119,0.0,0.0,0.0,-0.001000000000000334,0.0,0.0,-0.07299999999999329,0.0,0.0,0.07299999999999951,0.0,0.0,0.0,0.0,0.0,-0.0010000000000012221,0.0,0.0
HID 120,R HID 120,0.0,0.0,0.0,-0.001000000000000334,0.0,0.0,-0.0040000000000048885,0.0,0.0,0.0030000000000001137,0.0,0.0,0.0,0.0,0.0,-0.001999999999995339,0.0,0.0
ASN 121,R ASN 121,0.0,0.0,0.0,0.0,0.0,0.0,0.0040000000000048885,0.0,0.0,-0.0039999999999995595,0.0,0.0,0.0,0.0,0.0,7.105427357601002e-15,0.0,0.0
PRO 122,R PRO 122,0.0,0.0,0.0,0.0,0.0,0.0,-0.006000000000000227,0.0,0.0,0.005999999999999783,0.0,0.0,0.0,0.0,0.0,-3.552713678800501e-15,0.0,0.0
PRO 123,R PRO 123,0.0,0.0,0.0,0.0,0.0,0.0,-0.017000000000003013,0.0,0.0,0.01699999999999946,0.0,0.0,0.0,0.0,0.0,-3.552713678800501e-15,0.0,0.0
ILE 124,R ILE 124,0.0,0.0,0.0,0.0,0.0,0.0,-0.011000000000002785,0.0,0.0,0.010000000000000231,0.0,0.0,0.0,0.0,0.0,-0.0010000000000012221,0.0,0.0
PRO 125,R PRO 125,0.0,0.0,0.0,0.0,0.0,0.0,0.04399999999999693,0.0,0.0,-0.04400000000000004,0.0,0.0,0.0,0.0,0.0,-3.552713678800501e-15,0.0,0.0
VAL 126,R VAL 126,0.0,0.0,0.0,-0.0010000000000012221,0.0,0.0,0.07000000000000028,0.0,0.0,-0.07000000000000006,0.0,0.0,0.0,0.0,0.0,-0.0009999999999976694,0.0,0.0
GLY 127,R GLY 127,0.0,0.0,0.0,0.0,0.0,0.0,0.07200000000000273,0.0,0.0,-0.07199999999999984,0.0,0.0,0.0,0.0,0.0,3.552713678800501e-15,0.0,0.0
GLU 128,R GLU 128,0.0,0.0,0.0,-0.0009999999999994458,0.0,0.0,7.47999999999999,0.0,0.0,-7.477999999999994,0.0,0.0,0.0,0.0,0.0,0.0010000000000047748,0.0,0.0
ILE 129,R ILE 129,0.0,0.0,0.0,0.0,0.0,0.0,0.12199999999999989,0.0,0.0,-0.12199999999999989,0.0,0.0,0.0,0.0,0.0,0.0,0.0,0.0
TYR 130,R TYR 130,0.0,0.0,0.0,-0.002000000000000668,0.0,0.0,0.09000000000000341,0.0,0.0,-0.08899999999999997,0.0,0.0,0.0,0.0,0.0,-0.0009999999999923403,0.0,0.0
LYS 131,R LYS 131,0.0,0.0,0.0,-0.0010000000000012221,0.0,0.0,-7.820999999999998,0.0,0.0,7.82,0.0,0.0,0.0,0.0,0.0,-0.0020000000000024443,0.0,0.0
ARG 132,R ARG 132,0.0,0.0,0.0,-0.002000000000000668,0.0,0.0,-7.079000000000001,0.0,0.0,7.079999999999999,0.0,0.0,0.0,0.0,0.0,-0.0010000000000047748,0.0,0.0
TRP 133,R TRP 133,0.0,0.0,0.0,-0.002000000000000668,0.0,0.0,0.15500000000000114,0.0,0.0,-0.1549999999999998,0.0,0.0,0.0,0.0,0.0,-0.0020000000000077733,0.0,0.0
ILE 134,R ILE 134,0.0,0.0,0.0,-0.004000000000001336,0.0,0.0,0.18600000000000705,0.0,0.0,-0.18600000000000005,0.0,0.0,0.0,0.0,0.0,-0.003999999999985349,0.0,0.0
ILE 135,R ILE 135,0.0,0.0,0.0,-0.005000000000000782,0.0,0.0,0.31799999999999784,0.0,0.0,-0.32200000000000006,0.0,0.0,0.0,0.0,0.0,-0.008999999999997677,0.0,0.0
LEU 136,R LEU 136,0.0,0.0,0.0,-0.004999999999999893,0.0,0.0,0.4200000000000017,0.0,0.0,-0.419,0.0,0.0,0.0,0.0,0.0,-0.003999999999992454,0.0,0.0
GLY 137,R GLY 137,0.0,0.0,0.0,-0.008000000000000007,0.0,0.0,0.31100000000000705,0.0,0.0,-0.31699999999999995,0.0,0.0,0.0,0.0,0.0,-0.01400000000000201,0.0,0.0
LEU 138,R LEU 138,0.0,0.0,0.0,-0.02800000000000047,0.0,0.0,0.37599999999999056,0.0,0.0,-0.379,0.0,0.0,0.0,0.0,0.0,-0.031000000000014793,0.0,0.0
ASN 139,R ASN 139,0.0,0.0,0.0,-0.022999999999999687,0.0,0.0,1.2890000000000015,0.0,0.0,-1.2320000000000002,0.0,0.0,0.0,0.0,0.0,0.034000000000006025,0.0,0.0
LYS 140,R LYS 140,0.0,0.0,0.0,-0.05299999999999905,0.0,0.0,-8.075999999999993,0.0,0.0,8.200000000000003,0.0,0.0,0.0,0.0,0.0,0.07100000000001216,0.0,0.0
ILE 141,R ILE 141,0.0,0.0,0.0,-0.41100000000000136,0.0,0.0,-0.367999999999995,0.0,0.0,-0.35599999999999987,0.0,0.0,-0.04940872,0.0,0.0,-1.1844087199999962,0.0,0.0
VAL 142,R VAL 142,0.0,0.0,0.0,-0.544999999999999,0.0,0.0,1.973000000000006,0.0,0.0,-1.8319999999999999,0.0,0.0,-0.04416758000000001,0.0,0.0,-0.44816757999999624,0.0,0.0
ARG 143,R ARG 143,0.0,0.0,0.0,-0.2320000000000002,0.0,0.0,-17.137999999999998,0.0,0.0,17.312,0.0,0.0,0.0,0.0,0.0,-0.058000000000021146,0.0,0.0
MET 144,R MET 144,0.0,0.0,0.0,-1.3419999999999996,0.0,0.0,4.030000000000001,0.0,0.0,-2.9090000000000007,0.0,0.0,-0.18100090000000002,0.0,0.0,-0.4020008999999982,0.0,0.0
TYR 145,R TYR 145,0.0,0.0,0.0,-0.8019999999999996,0.0,0.0,-3.1680000000000064,0.0,0.0,3.7860000000000014,0.0,0.0,-0.05230842000000013,0.0,0.0,-0.23630841999999763,0.0,0.0
SER 146,R SER 146,0.0,0.0,0.0,-2.6700000000000004,0.0,0.0,-2.8459999999999965,0.0,0.0,4.355,0.0,0.0,-0.34309142000000004,0.0,0.0,-1.5040914199999982,0.0,0.0
PRO 147,R PRO 147,0.0,0.0,0.0,-0.4910000000000001,0.0,0.0,1.115000000000002,0.0,0.0,-0.9939999999999998,0.0,0.0,-0.037181199999999914,0.0,0.0,-0.4071811999999966,0.0,0.0
THR 148,R THR 148,0.0,0.0,0.0,-1.713,0.0,0.0,2.4380000000000024,0.0,0.0,-0.09999999999999964,0.0,0.0,-0.17879496,0.0,0.0,0.44620503999999883,0.0,0.0
SER 149,R SER 149,0.0,0.0,0.0,-3.888,0.0,0.0,-8.843999999999994,0.0,0.0,11.003,0.0,0.0,-0.39739982,0.0,0.0,-2.1263998199999996,0.0,0.0
ILE 150,R ILE 150,19.120999999999995,0.0,0.0,-9.549000000000001,0.0,0.0,-31.524000000000004,0.0,0.0,9.059000000000001,0.0,0.0,-1.21488758,0.0,0.0,-14.107887580000007,0.0,0.0
LEU 151,L LEU   1,19.695,0.0,0.0,-2.423,0.0,0.0,-24.313000000000002,0.0,0.0,0.37200000000000033,0.0,0.0,-0.21429595999999995,0.0,0.0,-6.8832959600000025,0.0,0.0
ASP 152,L ASP   2,0.0,0.0,0.0,-2.029,0.0,0.0,6.727000000000004,0.0,0.0,-5.432000000000002,0.0,0.0,-0.18248056,0.0,0.0,-0.9164805599999966,0.0,0.0
ILE 153,L ILE   3,0.0,0.0,0.0,-2.0980000000000008,0.0,0.0,-1.36399999999999,0.0,0.0,0.5710000000000002,0.0,0.0,-0.08586364,0.0,0.0,-2.976863639999987,0.0,0.0
ARG 154,L ARG   4,0.0,0.0,0.0,-0.09600000000000009,0.0,0.0,-8.89,0.0,0.0,9.006,0.0,0.0,0.0,0.0,0.0,0.01999999999998181,0.0,0.0
GLN 155,L GLN   5,0.0,0.0,0.0,-0.015000000000000568,0.0,0.0,-0.08100000000000307,0.0,0.0,0.09400000000000008,0.0,0.0,0.0,0.0,0.0,-0.001999999999995339,0.0,0.0
GLY 156,L GLY   6,0.0,0.0,0.0,-0.0030000000000001137,0.0,0.0,-0.000999999999990564,0.0,0.0,0.0030000000000001137,0.0,0.0,0.0,0.0,0.0,-0.000999999999990564,0.0,0.0
PRO 157,L PRO   7,0.0,0.0,0.0,-0.0019999999999997797,0.0,0.0,-0.0519999999999996,0.0,0.0,0.052999999999999936,0.0,0.0,0.0,0.0,0.0,-0.0010000000000083276,0.0,0.0
LYS 158,L LYS   8,0.0,0.0,0.0,-0.0019999999999997797,0.0,0.0,-6.876000000000005,0.0,0.0,6.879,0.0,0.0,0.0,0.0,0.0,0.0010000000000012221,0.0,0.0
GLU 159,L GLU   9,0.0,0.0,0.0,-0.009000000000000341,0.0,0.0,9.415000000000006,0.0,0.0,-9.361999999999998,0.0,0.0,0.0,0.0,0.0,0.044000000000004036,0.0,0.0
PRO 160,L PRO  10,0.0,0.0,0.0,-0.0039999999999995595,0.0,0.0,0.17200000000000415,0.0,0.0,-0.16500000000000004,0.0,0.0,0.0,0.0,0.0,0.0030000000000143245,0.0,0.0
PHE 161,L PHE  11,0.0,0.0,0.0,-0.010000000000001563,0.0,0.0,0.22800000000000864,0.0,0.0,-0.21399999999999997,0.0,0.0,0.0,0.0,0.0,0.004000000000003112,0.0,0.0
ARG 162,L ARG  12,0.0,0.0,0.0,-0.006999999999999673,0.0,0.0,-8.059999999999999,0.0,0.0,8.07,0.0,0.0,0.0,0.0,0.0,0.002999999999985903,0.0,0.0
ASP 163,L ASP  13,0.0,0.0,0.0,-0.01100000000000012,0.0,0.0,9.63300000000001,0.0,0.0,-9.574999999999989,0.0,0.0,0.0,0.0,0.0,0.047000000000025466,0.0,0.0
TYR 164,L TYR  14,0.0,0.0,0.0,-0.07599999999999696,0.0,0.0,0.4579999999999984,0.0,0.0,-0.42500000000000004,0.0,0.0,0.0,0.0,0.0,-0.04299999999999571,0.0,0.0
VAL 165,L VAL  15,0.0,0.0,0.0,-0.03399999999999892,0.0,0.0,0.2989999999999995,0.0,0.0,-0.2929999999999997,0.0,0.0,0.0,0.0,0.0,-0.027999999999998693,0.0,0.0
ASP 166,L ASP  16,0.0,0.0,0.0,-0.03399999999999981,0.0,0.0,11.510000000000005,0.0,0.0,-11.383000000000003,0.0,0.0,0.0,0.0,0.0,0.09299999999999642,0.0,0.0
ARG 167,L ARG  17,0.0,0.0,0.0,-0.20400000000000063,0.0,0.0,-10.447,0.0,0.0,10.713,0.0,0.0,0.0,0.0,0.0,0.0619999999999834,0.0,0.0
PHE 168,L PHE  18,0.0,0.0,0.0,-1.491999999999999,0.0,0.0,-0.24900000000000944,0.0,0.0,0.8059999999999999,0.0,0.0,-0.0372896,0.0,0.0,-0.9722896000000141,0.0,0.0
TYR 169,L TYR  19,0.0,0.0,0.0,-0.2370000000000001,0.0,0.0,0.6470000000000056,0.0,0.0,-0.4429999999999996,0.0,0.0,0.0,0.0,0.0,-0.03299999999999059,0.0,0.0
LYS 170,L LYS  20,0.0,0.0,0.0,-0.242,0.0,0.0,-11.540999999999997,0.0,0.0,12.067999999999998,0.0,0.0,0.0,0.0,0.0,0.2849999999999824,0.0,0.0
THR 171,L THR  21,0.0,0.0,0.0,-2.6599999999999993,0.0,0.0,0.14999999999999858,0.0,0.0,0.7869999999999999,0.0,0.0,-0.20471340000000005,0.0,0.0,-1.9277133999999947,0.0,0.0
LEU 172,L LEU  22,0.0,0.0,0.0,-1.1199999999999992,0.0,0.0,0.48799999999999955,0.0,0.0,-0.375,0.0,0.0,-0.05020546000000001,0.0,0.0,-1.057205459999991,0.0,0.0
ARG 173,L ARG  23,0.0,0.0,0.0,-0.6069999999999993,0.0,0.0,-14.274999999999991,0.0,0.0,15.285999999999998,0.0,0.0,0.0,0.0,0.0,0.4040000000000248,0.0,0.0
ALA 174,L ALA  24,0.0,0.0,0.0,-1.915,0.0,0.0,2.2959999999999923,0.0,0.0,-0.5760000000000005,0.0,0.0,-0.27349862,0.0,0.0,-0.46849862000001447,0.0,0.0
GLU 175,L GLU  25,0.0,0.0,0.0,-3.7300000000000004,0.0,0.0,1.5409999999999968,0.0,0.0,3.1799999999999926,0.0,0.0,-0.3885652200000001,0.0,0.0,0.6024347799999816,0.0,0.0
GLN 176,L GLN  26,0.0,0.0,0.0,-4.3260000000000005,0.0,0.0,1.841000000000001,0.0,0.0,1.8160000000000025,0.0,0.0,-0.71131538,0.0,0.0,-1.380315379999999,0.0,0.0
ALA 177,L ALA  27,0.0,0.0,0.0,-0.9080000000000004,0.0,0.0,2.1500000000000057,0.0,0.0,-1.1419999999999995,0.0,0.0,-0.05992352000000001,0.0,0.0,0.04007648000000419,0.0,0.0
SER 178,L SER  28,0.0,0.0,0.0,-2.978,0.0,0.0,1.5559999999999974,0.0,0.0,-0.5620000000000003,0.0,0.0,-0.31475566,0.0,0.0,-2.298755659999997,0.0,0.0
GLN 179,L GLN  29,0.0,0.0,0.0,-1.7329999999999997,0.0,0.0,1.980000000000004,0.0,0.0,-1.807999999999998,0.0,0.0,-0.32868506,0.0,0.0,-1.8896850599999908,0.0,0.0
GLU 180,L GLU  30,0.0,0.0,0.0,-0.5220000000000002,0.0,0.0,-4.8230000000000075,0.0,0.0,5.545999999999992,0.0,0.0,-0.08973352000000012,0.0,0.0,0.1112664799999763,0.0,0.0
VAL 181,L VAL  31,0.0,0.0,0.0,-0.2109999999999994,0.0,0.0,-0.6180000000000021,0.0,0.0,0.7259999999999998,0.0,0.0,0.0,0.0,0.0,-0.10300000000000087,0.0,0.0
LYS 182,L LYS  32,0.0,0.0,0.0,-0.15199999999999925,0.0,0.0,-18.61200000000001,0.0,0.0,18.804,0.0,0.0,0.0,0.0,0.0,0.0400000000000027,0.0,0.0
ASN 183,L ASN  33,0.0,0.0,0.0,-0.06099999999999994,0.0,0.0,0.40399999999999636,0.0,0.0,-0.19399999999999906,0.0,0.0,0.0,0.0,0.0,0.1490000000000009,0.0,0.0
TRP 184,L TRP  34,0.0,0.0,0.0,-0.06300000000000061,0.0,0.0,0.09600000000000364,0.0,0.0,-0.009000000000000341,0.0,0.0,0.0,0.0,0.0,0.02400000000000091,0.0,0.0
MET 185,L MET  35,0.0,0.0,0.0,-0.36499999999999844,0.0,0.0,-0.44199999999999307,0.0,0.0,0.565,0.0,0.0,-0.06683402,0.0,0.0,-0.3088340200000026,0.0,0.0
THR 186,L THR  36,0.0,0.0,0.0,-0.025000000000000355,0.0,0.0,-0.032999999999994145,0.0,0.0,0.11300000000000021,0.0,0.0,0.0,0.0,0.0,0.05500000000000682,0.0,0.0
GLU 187,L GLU  37,0.0,0.0,0.0,-0.01100000000000012,0.0,0.0,7.396000000000001,0.0,0.0,-7.316999999999993,0.0,0.0,0.0,0.0,0.0,0.06800000000001205,0.0,0.0
THR 188,L THR  38,0.0,0.0,0.0,-0.01899999999999924,0.0,0.0,0.05399999999999494,0.0,0.0,-0.019999999999999997,0.0,0.0,0.0,0.0,0.0,0.014999999999997016,0.0,0.0
LEU 189,L LEU  39,0.0,0.0,0.0,-0.7240000000000002,0.0,0.0,-0.018000000000000682,0.0,0.0,0.03899999999999998,0.0,0.0,-0.051625500000000005,0.0,0.0,-0.754625499999996,0.0,0.0
LEU 190,L LEU  40,0.0,0.0,0.0,-0.0730000000000004,0.0,0.0,-0.012000000000000455,0.0,0.0,0.02400000000000002,0.0,0.0,0.0,0.0,0.0,-0.06100000000000705,0.0,0.0
VAL 191,L VAL  41,0.0,0.0,0.0,-0.010999999999999233,0.0,0.0,-0.015000000000000568,0.0,0.0,0.03400000000000003,0.0,0.0,0.0,0.0,0.0,0.008000000000004448,0.0,0.0
GLN 192,L GLN  42,0.0,0.0,0.0,-0.020999999999999908,0.0,0.0,0.07399999999999807,0.0,0.0,-0.0129999999999999,0.0,0.0,0.0,0.0,0.0,0.03999999999999204,0.0,0.0
ASN 193,L ASN  43,0.0,0.0,0.0,-0.13999999999999968,0.0,0.0,-0.8800000000000097,0.0,0.0,0.984,0.0,0.0,-0.0009268199999999949,0.0,0.0,-0.03692681999999081,0.0,0.0
ALA 194,L ALA  44,0.0,0.0,0.0,-0.008000000000000007,0.0,0.0,-0.006999999999990791,0.0,0.0,0.018000000000000016,0.0,0.0,0.0,0.0,0.0,0.0030000000000134364,0.0,0.0
ASN 195,L ASN  45,0.0,0.0,0.0,-0.0030000000000001137,0.0,0.0,-0.09199999999999875,0.0,0.0,0.09600000000000009,0.0,0.0,0.0,0.0,0.0,0.0010000000000047748,0.0,0.0
PRO 196,L PRO  46,0.0,0.0,0.0,-0.001000000000000334,0.0,0.0,-0.030999999999998806,0.0,0.0,0.03200000000000003,0.0,0.0,0.0,0.0,0.0,-3.552713678800501e-15,0.0,0.0
ASP 197,L ASP  47,0.0,0.0,0.0,-0.0009999999999994458,0.0,0.0,6.507999999999996,0.0,0.0,-6.501999999999995,0.0,0.0,0.0,0.0,0.0,0.0049999999999954525,0.0,0.0
CYX 198,L CYX  48,0.0,0.0,0.0,-0.0019999999999997797,0.0,0.0,-0.06799999999999784,0.0,0.0,0.07099999999999995,0.0,0.0,0.0,0.0,0.0,0.0010000000000065512,0.0,0.0
LYS 199,L LYS  49,0.0,0.0,0.0,-0.0039999999999995595,0.0,0.0,-7.495999999999981,0.0,0.0,7.513999999999999,0.0,0.0,0.0,0.0,0.0,0.013999999999999346,0.0,0.0
THR 200,L THR  50,0.0,0.0,0.0,-0.001000000000000334,0.0,0.0,-0.03399999999999892,0.0,0.0,0.03599999999999959,0.0,0.0,0.0,0.0,0.0,0.0010000000000012221,0.0,0.0
ILE 201,L ILE  51,0.0,0.0,0.0,-0.0009999999999994458,0.0,0.0,-0.1280000000000001,0.0,0.0,0.129,0.0,0.0,0.0,0.0,0.0,1.7763568394002505e-15,0.0,0.0
LEU 202,L LEU  52,0.0,0.0,0.0,-0.0030000000000001137,0.0,0.0,-0.08599999999999852,0.0,0.0,0.08699999999999974,0.0,0.0,0.0,0.0,0.0,-0.0019999999999988916,0.0,0.0
LYS 203,L LYS  53,0.0,0.0,0.0,-0.0009999999999994458,0.0,0.0,-5.844999999999999,0.0,0.0,5.844000000000001,0.0,0.0,0.0,0.0,0.0,-0.0020000000000024443,0.0,0.0
ALA 204,L ALA  54,0.0,0.0,0.0,0.0,0.0,0.0,-0.08599999999999852,0.0,0.0,0.08499999999999996,0.0,0.0,0.0,0.0,0.0,-0.0009999999999985576,0.0,0.0
LEU 205,L LEU  55,0.0,0.0,0.0,-0.0010000000000012221,0.0,0.0,-0.07099999999999795,0.0,0.0,0.07099999999999973,0.0,0.0,0.0,0.0,0.0,-0.0009999999999941167,0.0,0.0
GLY 206,L GLY  56,0.0,0.0,0.0,0.0,0.0,0.0,0.16900000000001114,0.0,0.0,-0.16699999999999982,0.0,0.0,0.0,0.0,0.0,0.002000000000011326,0.0,0.0
PRO 207,L PRO  57,0.0,0.0,0.0,-0.0009999999999998899,0.0,0.0,0.026000000000003354,0.0,0.0,-0.023999999999999133,0.0,0.0,0.0,0.0,0.0,0.0009999999999994458,0.0,0.0
GLY 208,L GLY  58,0.0,0.0,0.0,-0.0009999999999998899,0.0,0.0,-0.021000000000000796,0.0,0.0,0.02400000000000002,0.0,0.0,0.0,0.0,0.0,0.0020000000000086615,0.0,0.0
ALA 209,L ALA  59,0.0,0.0,0.0,-0.001000000000000334,0.0,0.0,0.19700000000000273,0.0,0.0,-0.1900000000000004,0.0,0.0,0.0,0.0,0.0,0.006000000000011774,0.0,0.0
THR 210,L THR  60,0.0,0.0,0.0,-0.0019999999999997797,0.0,0.0,-0.08899999999999864,0.0,0.0,0.09500000000000064,0.0,0.0,0.0,0.0,0.0,0.003999999999997783,0.0,0.0
LEU 211,L LEU  61,0.0,0.0,0.0,-0.008000000000000007,0.0,0.0,-0.22799999999999443,0.0,0.0,0.23399999999999999,0.0,0.0,0.0,0.0,0.0,-0.001999999999995339,0.0,0.0
GLU 212,L GLU  62,0.0,0.0,0.0,-0.0030000000000001137,0.0,0.0,8.219000000000001,0.0,0.0,-8.200000000000003,0.0,0.0,0.0,0.0,0.0,0.015999999999998238,0.0,0.0
GLU 213,L GLU  63,0.0,0.0,0.0,-0.0009999999999994458,0.0,0.0,7.006,0.0,0.0,-6.998000000000005,0.0,0.0,0.0,0.0,0.0,0.007000000000005002,0.0,0.0
MET 214,L MET  64,0.0,0.0,0.0,-0.0030000000000001137,0.0,0.0,-0.09999999999999432,0.0,0.0,0.10199999999999987,0.0,0.0,0.0,0.0,0.0,-0.0009999999999941167,0.0,0.0
MET 215,L MET  65,0.0,0.0,0.0,-0.005000000000000782,0.0,0.0,-0.13400000000000034,0.0,0.0,0.14099999999999957,0.0,0.0,0.0,0.0,0.0,0.0019999999999900098,0.0,0.0
THR 216,L THR  66,0.0,0.0,0.0,-0.0009999999999994458,0.0,0.0,-0.0519999999999996,0.0,0.0,0.051999999999999824,0.0,0.0,0.0,0.0,0.0,-0.0009999999999976694,0.0,0.0
ALA 217,L ALA  67,0.0,0.0,0.0,-0.001000000000000334,0.0,0.0,-0.07000000000000739,0.0,0.0,0.07000000000000006,0.0,0.0,0.0,0.0,0.0,-0.0009999999999976694,0.0,0.0
CYX 218,L CYX  68,0.0,0.0,0.0,-0.001000000000000334,0.0,0.0,0.0799999999999983,0.0,0.0,-0.07599999999999996,0.0,0.0,0.0,0.0,0.0,0.0029999999999930083,0.0,0.0
GLN 219,L GLN  69,0.0,0.0,0.0,-0.0009999999999994458,0.0,0.0,0.06999999999999318,0.0,0.0,-0.0669999999999984,0.0,0.0,0.0,0.0,0.0,0.0019999999999882334,0.0,0.0
GLY 220,L GLY  70,0.0,0.0,0.0,-0.001000000000000334,0.0,0.0,0.01099999999999568,0.0,0.0,-0.010000000000000231,0.0,0.0,0.0,0.0,0.0,-9.325873406851315e-15,0.0,0.0
VAL 221,L VAL  71,0.0,0.0,0.0,-0.0009999999999998899,0.0,0.0,6.640000000000001,0.0,0.0,-6.636000000000003,0.0,0.0,0.0,0.0,0.0,0.0030000000000143245,0.0,0.0

idecomp = 1: Per-residue decomp adding 1-4 interactions to Internal.
Energy Decomposition Analysis (All units kcal/mol): Poisson Boltzmann solvent
Complex:
Total Energy Decomposition:
Residue,Internal,,,van der Waals,,,Electrostatic,,,Polar Solvation,,,Non-Polar Solv.,,,TOTAL,,
,Avg.,Std. Dev.,Std. Err. of Mean,Avg.,Std. Dev.,Std. Err. of Mean,Avg.,Std. Dev.,Std. Err. of Mean,Avg.,Std. Dev.,Std. Err. of Mean,Avg.,Std. Dev.,Std. Err. of Mean,Avg.,Std. Dev.,Std. Err. of Mean
PRO   1,101.726,0.0,0.0,-8.263,0.0,0.0,-107.105,0.0,0.0,15.173,0.0,0.0,0.0,0.0,0.0,1.53099999999999,0.0,0.0
ILE   2,96.961,0.0,0.0,-9.237,0.0,0.0,-75.39,0.0,0.0,-2.386,0.0,0.0,0.0,0.0,0.0,9.948000000000004,0.0,0.0
VAL   3,60.248,0.0,0.0,-5.321,0.0,0.0,-50.976,0.0,0.0,-3.768,0.0,0.0,0.0,0.0,0.0,0.18300000000000072,0.0,0.0
GLN   4,16.691,0.0,0.0,-3.435,0.0,0.0,-55.124,0.0,0.0,-13.711,0.0,0.0,0.0,0.0,0.0,-55.579,0.0,0.0
ASN   5,37.879,0.0,0.0,-6.605,0.0,0.0,-88.48,0.0,0.0,-5.915,0.0,0.0,0.0,0.0,0.0,-63.121,0.0,0.0
LEU   6,69.193,0.0,0.0,-7.218,0.0,0.0,-66.357,0.0,0.0,-3.724,0.0,0.0,0.0,0.0,0.0,-8.106000000000005,0.0,0.0
GLN   7,39.479,0.0,0.0,-4.167,0.0,0.0,-76.942,0.0,0.0,-12.142,0.0,0.0,0.0,0.0,0.0,-53.77199999999999,0.0,0.0
GLY   8,84.149,0.0,0.0,-2.311,0.0,0.0,-70.623,0.0,0.0,-8.521,0.0,0.0,0.0,0.0,0.0,2.6939999999999884,0.0,0.0
GLN   9,37.486,0.0,0.0,-4.22,0.0,0.0,-67.194,0.0,0.0,-13.748,0.0,0.0,0.0,0.0,0.0,-47.676,0.0,0.0
MET  10,100.902,0.0,0.0,-7.243,0.0,0.0,-77.806,0.0,0.0,-4.116,0.0,0.0,0.0,0.0,0.0,11.737000000000009,0.0,0.0
VAL  11,47.628,0.0,0.0,-5.092,0.0,0.0,-50.372,0.0,0.0,-1.848,0.0,0.0,0.0,0.0,0.0,-9.684,0.0,0.0
HID  12,91.872,0.0,0.0,-7.406,0.0,0.0,-57.631,0.0,0.0,-10.539,0.0,0.0,0.0,0.0,0.0,16.295999999999992,0.0,0.0
GLN  13,32.706,0.0,0.0,-4.88,0.0,0.0,-66.278,0.0,0.0,-11.216,0.0,0.0,0.0,0.0,0.0,-49.668,0.0,0.0
ALA  14,95.84,0.0,0.0,-3.19,0.0,0.0,-73.64,0.0,0.0,-6.977,0.0,0.0,0.0,0.0,0.0,12.033000000000005,0.0,0.0
ILE  15,90.818,0.0,0.0,-5.219,0.0,0.0,-71.502,0.0,0.0,-3.602,0.0,0.0,0.0,0.0,0.0,10.495000000000008,0.0,0.0
SER  16,74.43,0.0,0.0,-3.821,0.0,0.0,-53.164,0.0,0.0,-9.999,0.0,0.0,0.0,0.0,0.0,7.446000000000007,0.0,0.0
PRO  17,87.802,0.0,0.0,-4.361,0.0,0.0,-58.937,0.0,0.0,-3.992,0.0,0.0,0.0,0.0,0.0,20.512000000000004,0.0,0.0
ARG  18,-182.808,0.0,0.0,-5.872,0.0,0.0,60.174,0.0,0.0,-38.112,0.0,0.0,0.0,0.0,0.0,-166.618,0.0,0.0
THR  19,47.556,0.0,0.0,-6.194,0.0,0.0,-56.559,0.0,0.0,-4.165,0.0,0.0,0.0,0.0,0.0,-19.362000000000002,0.0,0.0
LEU  20,60.07,0.0,0.0,-10.026,0.0,0.0,-62.837,0.0,0.0,-2.883,0.0,0.0,0.0,0.0,0.0,-15.676000000000005,0.0,0.0
ASN  21,33.202,0.0,0.0,-5.781,0.0,0.0,-78.202,0.0,0.0,-17.338,0.0,0.0,0.0,0.0,0.0,-68.119,0.0,0.0
ALA  22,94.605,0.0,0.0,-5.598,0.0,0.0,-79.053,0.0,0.0,-3.57,0.0,0.0,0.0,0.0,0.0,6.3840000000000074,0.0,0.0
TRP  23,131.838,0.0,0.0,-18.112,0.0,0.0,-94.462,0.0,0.0,-2.358,0.0,0.0,0.0,0.0,0.0,16.905999999999995,0.0,0.0
VAL  24,65.397,0.0,0.0,-7.564,0.0,0.0,-56.889,0.0,0.0,-3.807,0.0,0.0,0.0,0.0,0.0,-2.8629999999999973,0.0,0.0
LYS  25,135.646,0.0,0.0,-7.531,0.0,0.0,-139.692,0.0,0.0,2.295,0.0,0.0,0.0,0.0,0.0,-9.282000000000027,0.0,0.0
VAL  26,64.805,0.0,0.0,-11.329,0.0,0.0,-70.654,0.0,0.0,-1.881,0.0,0.0,0.0,0.0,0.0,-19.05899999999999,0.0,0.0
VAL  27,53.018,0.0,0.0,-11.049,0.0,0.0,-49.567,0.0,0.0,-2.513,0.0,0.0,0.0,0.0,0.0,-10.110999999999999,0.0,0.0
GLU  28,94.477,0.0,0.0,-6.572,0.0,0.0,-38.864,0.0,0.0,-107.71,0.0,0.0,0.0,0.0,0.0,-58.66899999999999,0.0,0.0
GLU  29,111.238,0.0,0.0,-7.935,0.0,0.0,-89.42,0.0,0.0,-65.147,0.0,0.0,0.0,0.0,0.0,-51.26400000000001,0.0,0.0
LYS  30,118.522,0.0,0.0,-8.338,0.0,0.0,-115.808,0.0,0.0,4.894,0.0,0.0,0.0,0.0,0.0,-0.7299999999999951,0.0,0.0
ALA  31,85.655,0.0,0.0,-6.104,0.0,0.0,-74.04,0.0,0.0,-4.209,0.0,0.0,0.0,0.0,0.0,1.301999999999996,0.0,0.0
PHE  32,106.266,0.0,0.0,-13.117,0.0,0.0,-78.528,0.0,0.0,-4.84,0.0,0.0,0.0,0.0,0.0,9.780999999999995,0.0,0.0
SER  33,88.664,0.0,0.0,-5.184,0.0,0.0,-68.906,0.0,0.0,1.672,0.0,0.0,0.0,0.0,0.0,16.246,0.0,0.0
PRO  34,76.859,0.0,0.0,-5.646,0.0,0.0,-57.267,0.0,0.0,-0.322,0.0,0.0,0.0,0.0,0.0,13.623999999999992,0.0,0.0
GLU  35,105.449,0.0,0.0,-6.788,0.0,0.0,-92.149,0.0,0.0,-63.873,0.0,0.0,0.0,0.0,0.0,-57.361,0.0,0.0
VAL  36,57.893,0.0,0.0,-9.911,0.0,0.0,-58.201,0.0,0.0,1.25,0.0,0.0,0.0,0.0,0.0,-8.969000000000001,0.0,0.0
ILE  37,88.618,0.0,0.0,-9.653,0.0,0.0,-59.71,0.0,0.0,-0.577,0.0,0.0,0.0,0.0,0.0,18.67799999999999,0.0,0.0
PRO  38,83.196,0.0,0.0,-5.958,0.0,0.0,-60.146,0.0,0.0,-1.68,0.0,0.0,0.0,0.0,0.0,15.411999999999999,0.0,0.0
MET  39,92.397,0.0,0.0,-10.681,0.0,0.0,-73.86,0.0,0.0,-0.602,0.0,0.0,0.0,0.0,0.0,7.254000000000008,0.0,0.0
PHE  40,100.827,0.0,0.0,-13.544,0.0,0.0,-86.616,0.0,0.0,-0.351,0.0,0.0,0.0,0.0,0.0,0.3160000000000016,0.0,0.0
SER  41,76.184,0.0,0.0,-6.872,0.0,0.0,-63.937,0.0,0.0,-6.421,0.0,0.0,0.0,0.0,0.0,-1.0460000000000003,0.0,0.0
ALA  42,85.542,0.0,0.0,-5.482,0.0,0.0,-66.949,0.0,0.0,-4.726,0.0,0.0,0.0,0.0,0.0,8.385000000000005,0.0,0.0
LEU  43,82.322,0.0,0.0,-10.642,0.0,0.0,-82.042,0.0,0.0,-2.948,0.0,0.0,0.0,0.0,0.0,-13.309999999999995,0.0,0.0
SER  44,71.458,0.0,0.0,-5.223,0.0,0.0,-74.851,0.0,0.0,-0.133,0.0,0.0,0.0,0.0,0.0,-8.748999999999999,0.0,0.0
GLU  45,100.045,0.0,0.0,-5.55,0.0,0.0,-72.76,0.0,0.0,-81.932,0.0,0.0,0.0,0.0,0.0,-60.197,0.0,0.0
GLY  46,73.622,0.0,0.0,-4.941,0.0,0.0,-71.862,0.0,0.0,0.868,0.0,0.0,0.0,0.0,0.0,-2.3129999999999975,0.0,0.0
ALA  47,100.766,0.0,0.0,-7.567,0.0,0.0,-85.024,0.0,0.0,-1.304,0.0,0.0,0.0,0.0,0.0,6.871000000000011,0.0,0.0
THR  48,60.858,0.0,0.0,-6.741,0.0,0.0,-56.691,0.0,0.0,-0.027,0.0,0.0,0.0,0.0,0.0,-2.6010000000000053,0.0,0.0
PRO  49,84.045,0.0,0.0,-12.17,0.0,0.0,-54.616,0.0,0.0,0.448,0.0,0.0,0.0,0.0,0.0,17.707,0.0,0.0
GLN  50,32.042,0.0,0.0,-8.775,0.0,0.0,-74.578,0.0,0.0,-3.554,0.0,0.0,0.0,0.0,0.0,-54.865,0.0,0.0
ASP  51,99.397,0.0,0.0,-8.416,0.0,0.0,-117.751,0.0,0.0,-31.503,0.0,0.0,0.0,0.0,0.0,-58.272999999999996,0.0,0.0
LEU  52,58.05,0.0,0.0,-11.484,0.0,0.0,-69.199,0.0,0.0,0.697,0.0,0.0,0.0,0.0,0.0,-21.936000000000003,0.0,0.0
ASN  53,29.069,0.0,0.0,-8.936,0.0,0.0,-89.576,0.0,0.0,-6.342,0.0,0.0,0.0,0.0,0.0,-75.785,0.0,0.0
THR  54,54.884,0.0,0.0,-4.67,0.0,0.0,-59.759,0.0,0.0,-3.467,0.0,0.0,0.0,0.0,0.0,-13.012000000000002,0.0,0.0
MET  55,85.107,0.0,0.0,-9.029,0.0,0.0,-69.043,0.0,0.0,-0.055,0.0,0.0,0.0,0.0,0.0,6.979999999999997,0.0,0.0
LEU  56,65.621,0.0,0.0,-8.233,0.0,0.0,-66.971,0.0,0.0,-0.402,0.0,0.0,0.0,0.0,0.0,-9.985000000000012,0.0,0.0
ASN  57,44.897,0.0,0.0,-6.162,0.0,0.0,-99.853,0.0,0.0,-8.868,0.0,0.0,0.0,0.0,0.0,-69.98599999999999,0.0,0.0
THR  58,56.691,0.0,0.0,-4.863,0.0,0.0,-61.977,0.0,0.0,-3.909,0.0,0.0,0.0,0.0,0.0,-14.057999999999993,0.0,0.0
VAL  59,43.875,0.0,0.0,-7.278,0.0,0.0,-42.782,0.0,0.0,0.421,0.0,0.0,0.0,0.0,0.0,-5.763999999999995,0.0,0.0
ALA  60,88.852,0.0,0.0,-4.479,0.0,0.0,-66.528,0.0,0.0,-0.026,0.0,0.0,0.0,0.0,0.0,17.819,0.0,0.0
PRO  61,81.941,0.0,0.0,-5.639,0.0,0.0,-57.284,0.0,0.0,-2.301,0.0,0.0,0.0,0.0,0.0,16.717000000000006,0.0,0.0
HID  62,103.946,0.0,0.0,-10.907,0.0,0.0,-65.636,0.0,0.0,-9.381,0.0,0.0,0.0,0.0,0.0,18.022000000000006,0.0,0.0
GLN  63,30.269,0.0,0.0,-6.501,0.0,0.0,-67.628,0.0,0.0,-8.927,0.0,0.0,0.0,0.0,0.0,-52.787,0.0,0.0
ALA  64,84.492,0.0,0.0,-4.238,0.0,0.0,-67.113,0.0,0.0,-4.932,0.0,0.0,0.0,0.0,0.0,8.209000000000005,0.0,0.0
ALA  65,88.203,0.0,0.0,-7.07,0.0,0.0,-77.023,0.0,0.0,-1.942,0.0,0.0,0.0,0.0,0.0,2.1680000000000135,0.0,0.0
ALA  66,96.03,1.3486991523486091e-06,1.3486991523486091e-06,-5.524,0.0,0.0,-82.87,0.0,0.0,-1.561,0.0,0.0,0.0,0.0,0.0,6.074999999999996,0.0,0.0
GLN  67,37.948,0.0,0.0,-2.595,0.0,0.0,-74.194,0.0,0.0,-13.699,0.0,0.0,0.0,0.0,0.0,-52.54,0.0,0.0
MET  68,90.88,0.0,0.0,-9.007,0.0,0.0,-73.175,0.0,0.0,-4.142,0.0,0.0,0.0,0.0,0.0,4.555999999999993,0.0,0.0
LEU  69,86.376,0.0,0.0,-10.729,0.0,0.0,-78.346,0.0,0.0,-3.515,0.0,0.0,0.0,0.0,0.0,-6.213999999999999,0.0,0.0
LYS  70,129.547,0.0,0.0,-6.881,0.0,0.0,-115.448,0.0,0.0,-13.584,0.0,0.0,0.0,0.0,0.0,-6.365999999999996,0.0,0.0
GLU  71,109.307,0.0,0.0,-7.326,0.0,0.0,-58.647,0.0,0.0,-108.406,0.0,0.0,0.0,0.0,0.0,-65.072,0.0,0.0
THR  72,47.515,0.0,0.0,-9.189,0.0,0.0,-55.411,0.0,0.0,-4.582,0.0,0.0,0.0,0.0,0.0,-21.667,0.0,0.0
ILE  73,65.963,0.0,0.0,-9.016,0.0,0.0,-48.499,0.0,0.0,-3.688,0.0,0.0,0.0,0.0,0.0,4.759999999999993,0.0,0.0
ASN  74,22.728,0.0,0.0,-5.636,0.0,0.0,-81.571,0.0,0.0,-9.091,0.0,0.0,0.0,0.0,0.0,-73.57,0.0,0.0
GLU  75,117.461,0.0,0.0,-7.135,0.0,0.0,-39.225,0.0,0.0,-126.858,0.0,0.0,0.0,0.0,0.0,-55.757000000000005,0.0,0.0
GLU  76,93.979,0.0,0.0,-8.889,0.0,0.0,-26.654,0.0,0.0,-118.091,0.0,0.0,0.0,0.0,0.0,-59.65499999999999,0.0,0.0
ALA  77,85.014,0.0,0.0,-7.546,0.0,0.0,-69.07,0.0,0.0,-1.877,0.0,0.0,0.0,0.0,0.0,6.520999999999996,0.0,0.0
ALA  78,95.085,0.0,0.0,-6.401,0.0,0.0,-85.974,0.0,0.0,0.609,0.0,0.0,0.0,0.0,0.0,3.3189999999999937,0.0,0.0
GLU  79,118.676,0.0,0.0,-7.971,0.0,0.0,-57.287,0.0,0.0,-104.554,0.0,0.0,0.0,0.0,0.0,-51.136,0.0,0.0
TRP  80,112.456,0.0,0.0,-14.99,0.0,0.0,-86.53,0.0,0.0,-1.587,0.0,0.0,0.0,0.0,0.0,9.349000000000007,0.0,0.0
ASP  81,104.15,0.0,0.0,-9.814,0.0,0.0,-61.601,0.0,0.0,-82.34,0.0,0.0,0.0,0.0,0.0,-49.60499999999999,0.0,0.0
ARG  82,-194.007,0.0,0.0,-8.106,0.0,0.0,-16.461,0.0,0.0,45.746,0.0,0.0,0.0,0.0,0.0,-172.828,0.0,0.0
LEU  83,60.209,0.0,0.0,-7.012,0.0,0.0,-67.557,0.0,0.0,-2.861,0.0,0.0,0.0,0.0,0.0,-17.221,0.0,0.0
HID  84,109.774,0.0,0.0,-7.689,0.0,0.0,-72.746,0.0,0.0,-7.157,0.0,0.0,0.0,0.0,0.0,22.182000000000013,0.0,0.0
PRO  85,85.974,0.0,0.0,-5.11,0.0,0.0,-67.19,0.0,0.0,-2.224,0.0,0.0,0.0,0.0,0.0,11.450000000000006,0.0,0.0
VAL  86,41.388,0.0,0.0,-3.435,0.0,0.0,-41.318,0.0,0.0,-3.617,0.0,0.0,0.0,0.0,0.0,-6.982000000000002,0.0,0.0
HID  87,90.897,0.0,0.0,-4.092,0.0,0.0,-57.346,0.0,0.0,-7.422,0.0,0.0,0.0,0.0,0.0,22.03700000000001,0.0,0.0
ALA  88,95.008,0.0,0.0,-2.809,0.0,0.0,-79.777,0.0,0.0,-2.494,0.0,0.0,0.0,0.0,0.0,9.927999999999997,0.0,0.0
GLY  89,93.768,0.0,0.0,-1.725,0.0,0.0,-78.993,0.0,0.0,-3.797,0.0,0.0,0.0,0.0,0.0,9.25300000000001,0.0,0.0
PRO  90,85.35,0.0,0.0,-5.116,0.0,0.0,-59.329,0.0,0.0,-4.128,0.0,0.0,0.0,0.0,0.0,16.776999999999994,0.0,0.0
ILE  91,78.207,0.0,0.0,-3.259,0.0,0.0,-56.991,0.0,0.0,-3.664,0.0,0.0,0.0,0.0,0.0,14.292999999999994,0.0,0.0
ALA  92,98.383,0.0,0.0,-3.363,0.0,0.0,-73.11,0.0,0.0,-3.22,0.0,0.0,0.0,0.0,0.0,18.689999999999998,0.0,0.0
PRO  93,86.396,0.0,0.0,-2.137,0.0,0.0,-55.739,0.0,0.0,-6.543,0.0,0.0,0.0,0.0,0.0,21.977000000000004,0.0,0.0
GLY  94,73.342,0.0,0.0,-1.357,0.0,0.0,-64.647,0.0,0.0,-6.647,0.0,0.0,0.0,0.0,0.0,0.6909999999999936,0.0,0.0
GLN  95,34.116,0.0,0.0,-5.988,0.0,0.0,-72.267,0.0,0.0,-10.798,0.0,0.0,0.0,0.0,0.0,-54.937,0.0,0.0
MET  96,101.287,0.0,0.0,-9.337,0.0,0.0,-73.208,0.0,0.0,-7.199,0.0,0.0,0.0,0.0,0.0,11.543000000000005,0.0,0.0
ARG  97,-188.921,0.0,0.0,-7.367,0.0,0.0,-5.765,0.0,0.0,26.706,0.0,0.0,0.0,0.0,0.0,-175.34699999999998,0.0,0.0
GLU  98,110.31,0.0,0.0,-6.878,0.0,0.0,-47.884,0.0,0.0,-106.884,0.0,0.0,0.0,0.0,0.0,-51.336,0.0,0.0
PRO  99,94.159,0.0,0.0,-8.71,0.0,0.0,-58.022,0.0,0.0,-5.963,0.0,0.0,0.0,0.0,0.0,21.464000000000013,0.0,0.0
ARG 100,-183.419,0.0,0.0,-6.483,0.0,0.0,-2.823,0.0,0.0,20.763,0.0,0.0,0.0,0.0,0.0,-171.96200000000002,0.0,0.0
GLY 101,81.786,0.0,0.0,-5.234,0.0,0.0,-88.37,0.0,0.0,3.051,0.0,0.0,0.0,0.0,0.0,-8.766999999999998,0.0,0.0
SER 102,60.286,0.0,0.0,-6.062,0.0,0.0,-56.184,0.0,0.0,-1.972,0.0,0.0,0.0,0.0,0.0,-3.9319999999999937,0.0,0.0
ASP 103,96.942,0.0,0.0,-8.741,0.0,0.0,-116.55,0.0,0.0,-30.006,0.0,0.0,0.0,0.0,0.0,-58.355000000000004,0.0,0.0
ILE 104,78.484,0.0,0.0,-11.227,0.0,0.0,-61.657,0.0,0.0,1.639,0.0,0.0,0.0,0.0,0.0,7.2389999999999946,0.0,0.0
ALA 105,83.728,0.0,0.0,-7.51,0.0,0.0,-78.283,0.0,0.0,-0.684,0.0,0.0,0.0,0.0,0.0,-2.749000000000012,0.0,0.0
GLY 106,89.773,0.0,0.0,-5.39,0.0,0.0,-86.242,0.0,0.0,-1.331,0.0,0.0,0.0,0.0,0.0,-3.190000000000009,0.0,0.0
THR 107,55.736,0.0,0.0,-4.692,0.0,0.0,-60.368,0.0,0.0,-5.844,0.0,0.0,0.0,0.0,0.0,-15.168000000000006,0.0,0.0
THR 108,42.404,0.0,0.0,-5.483,0.0,0.0,-57.045,0.0,0.0,-2.037,0.0,0.0,0.0,0.0,0.0,-22.160999999999994,0.0,0.0
SER 109,71.029,0.0,0.0,-7.892,0.0,0.0,-64.871,0.0,0.0,0.322,0.0,0.0,0.0,0.0,0.0,-1.4120000000000017,0.0,0.0
THR 110,29.528,0.0,0.0,-5.537,0.0,0.0,-28.949,0.0,0.0,-7.046,0.0,0.0,0.0,0.0,0.0,-12.004000000000001,0.0,0.0
LEU 111,64.298,0.0,0.0,-6.467,0.0,0.0,-63.149,0.0,0.0,-3.289,0.0,0.0,0.0,0.0,0.0,-8.606999999999998,0.0,0.0
GLN 112,38.385,0.0,0.0,-4.211,0.0,0.0,-75.869,0.0,0.0,-10.585,0.0,0.0,0.0,0.0,0.0,-52.28,0.0,0.0
GLU 113,106.389,0.0,0.0,-7.557,0.0,0.0,-95.773,0.0,0.0,-57.548,0.0,0.0,0.0,0.0,0.0,-54.489000000000004,0.0,0.0
GLN 114,40.251,0.0,0.0,-13.541,0.0,0.0,-82.053,0.0,0.0,-2.279,0.0,0.0,0.0,0.0,0.0,-57.622,0.0,0.0
ILE 115,87.836,0.0,0.0,-8.922,0.0,0.0,-71.473,0.0,0.0,-1.513,0.0,0.0,0.0,0.0,0.0,5.928000000000003,0.0,0.0
GLY 116,78.199,0.0,0.0,-4.678,0.0,0.0,-73.402,0.0,0.0,-2.932,0.0,0.0,0.0,0.0,0.0,-2.813,0.0,0.0
TRP 117,128.028,0.0,0.0,-18.025,0.0,0.0,-87.827,0.0,0.0,-0.71,0.0,0.0,0.0,0.0,0.0,21.465999999999987,0.0,0.0
MET 118,99.522,0.0,0.0,-12.004,0.0,0.0,-80.897,0.0,0.0,-1.983,0.0,0.0,0.0,0.0,0.0,4.637999999999995,0.0,0.0
THR 119,39.101,0.0,0.0,-5.602,0.0,0.0,-47.974,0.0,0.0,-5.207,0.0,0.0,0.0,0.0,0.0,-19.682000000000002,0.0,0.0
HID 120,95.939,0.0,0.0,-7.722,0.0,0.0,-60.249,0.0,0.0,-8.402,0.0,0.0,0.0,0.0,0.0,19.565999999999995,0.0,0.0
ASN 121,45.812,0.0,0.0,-3.372,0.0,0.0,-83.966,0.0,0.0,-12.997,0.0,0.0,0.0,0.0,0.0,-54.522999999999996,0.0,0.0
PRO 122,95.928,0.0,0.0,-2.186,0.0,0.0,-60.718,0.0,0.0,-2.665,0.0,0.0,0.0,0.0,0.0,30.358999999999988,0.0,0.0
PRO 123,87.214,0.0,0.0,-6.26,0.0,0.0,-58.747,0.0,0.0,-4.145,0.0,0.0,0.0,0.0,0.0,18.061999999999994,0.0,0.0
ILE 124,94.684,0.0,0.0,-8.704,0.0,0.0,-62.14,0.0,0.0,-0.676,0.0,0.0,0.0,0.0,0.0,23.16399999999999,0.0,0.0
PRO 125,89.943,0.0,0.0,-5.794,0.0,0.0,-65.736,0.0,0.0,-0.792,0.0,0.0,0.0,0.0,0.0,17.620999999999995,0.0,0.0
VAL 126,54.29,0.0,0.0,-10.159,0.0,0.0,-54.953,0.0,0.0,-0.026,0.0,0.0,0.0,0.0,0.0,-10.848000000000003,0.0,0.0
GLY 127,71.856,0.0,0.0,-6.045,0.0,0.0,-73.855,0.0,0.0,-0.756,0.0,0.0,0.0,0.0,0.0,-8.800000000000011,0.0,0.0
GLU 128,106.539,0.0,0.0,-9.603,0.0,0.0,-95.593,0.0,0.0,-47.867,0.0,0.0,0.0,0.0,0.0,-46.523999999999994,0.0,0.0
ILE 129,83.916,0.0,0.0,-9.985,0.0,0.0,-64.28,0.0,0.0,0.214,0.0,0.0,0.0,0.0,0.0,9.864999999999997,0.0,0.0
TYR 130,96.427,0.0,0.0,-14.086,0.0,0.0,-89.146,0.0,0.0,-0.941,0.0,0.0,0.0,0.0,0.0,-7.7459999999999924,0.0,0.0
LYS 131,138.788,0.0,0.0,-9.768,0.0,0.0,-166.397,0.0,0.0,31.133,0.0,0.0,0.0,0.0,0.0,-6.243999999999982,0.0,0.0
ARG 132,-186.048,0.0,0.0,-9.526,0.0,0.0,30.539,0.0,0.0,1.957,0.0,0.0,0.0,0.0,0.0,-163.07800000000003,0.0,0.0
TRP 133,128.757,0.0,0.0,-15.727,0.0,0.0,-97.181,0.0,0.0,-2.161,0.0,0.0,0.0,0.0,0.0,13.688000000000004,0.0,0.0
ILE 134,91.766,0.0,0.0,-12.627,0.0,0.0,-68.243,0.0,0.0,-0.511,0.0,0.0,0.0,0.0,0.0,10.385000000000016,0.0,0.0
ILE 135,80.558,0.0,0.0,-9.928,0.0,0.0,-63.319,0.0,0.0,-0.743,0.0,0.0,0.0,0.0,0.0,6.568000000000007,0.0,0.0
LEU 136,73.435,0.0,0.0,-6.056,0.0,0.0,-79.343,0.0,0.0,1.34,0.0,0.0,0.0,0.0,0.0,-10.623999999999999,0.0,0.0
GLY 137,77.296,0.0,0.0,-5.974,0.0,0.0,-76.883,0.0,0.0,0.115,0.0,0.0,0.0,0.0,0.0,-5.445999999999993,0.0,0.0
LEU 138,64.968,0.0,0.0,-11.233,0.0,0.0,-66.641,0.0,0.0,-1.183,0.0,0.0,0.0,0.0,0.0,-14.089000000000006,0.0,0.0
ASN 139,37.631,0.0,0.0,-8.273,0.0,0.0,-88.792,0.0,0.0,-5.911,0.0,0.0,0.0,0.0,0.0,-65.345,0.0,0.0
LYS 140,138.102,0.0,0.0,-9.29,0.0,0.0,-168.489,0.0,0.0,39.543,0.0,0.0,0.0,0.0,0.0,-0.13399999999999324,0.0,0.0
ILE 141,89.665,0.0,0.0,-10.204,0.0,0.0,-75.64,0.0,0.0,-2.275,0.0,0.0,0.0,0.0,0.0,1.5460000000000123,0.0,0.0
VAL 142,58.695,0.0,0.0,-8.277,0.0,0.0,-51.928,0.0,0.0,-5.392,0.0,0.0,0.0,0.0,0.0,-6.901999999999998,0.0,0.0
ARG 143,-192.617,0.0,0.0,-5.646,0.0,0.0,31.03,0.0,0.0,3.047,0.0,0.0,0.0,0.0,0.0,-164.18599999999998,0.0,0.0
MET 144,88.51,0.0,0.0,-8.283,0.0,0.0,-73.002,0.0,0.0,-7.318,0.0,0.0,0.0,0.0,0.0,-0.09299999999999109,0.0,0.0
TYR 145,94.75,0.0,0.0,-5.419,0.0,0.0,-87.072,0.0,0.0,-7.142,0.0,0.0,0.0,0.0,0.0,-4.883,0.0,0.0
SER 146,73.238,0.0,0.0,-6.243,0.0,0.0,-54.873,0.0,0.0,-1.487,0.0,0.0,0.0,0.0,0.0,10.635000000000007,0.0,0.0
PRO 147,88.094,0.0,0.0,-3.62,0.0,0.0,-59.873,0.0,0.0,-5.474,0.0,0.0,0.0,0.0,0.0,19.126999999999992,0.0,0.0
THR 148,45.568,0.0,0.0,-4.764,0.0,0.0,-48.309,0.0,0.0,-7.416,0.0,0.0,0.0,0.0,0.0,-14.921000000000003,0.0,0.0
SER 149,71.398,0.0,0.0,-5.061,0.0,0.0,-53.431,0.0,0.0,-1.597,0.0,0.0,0.0,0.0,0.0,11.308999999999992,0.0,0.0
ILE 150,82.335,0.0,0.0,-10.348,0.0,0.0,-62.34,0.0,0.0,2.001,0.0,0.0,0.0,0.0,0.0,11.64799999999999,0.0,0.0
LEU 151,62.614,0.0,0.0,-6.152,0.0,0.0,-66.266,0.0,0.0,-1.136,0.0,0.0,0.0,0.0,0.0,-10.940000000000008,0.0,0.0
ASP 152,94.325,0.0,0.0,-5.468,0.0,0.0,-73.261,0.0,0.0,-83.764,0.0,0.0,0.0,0.0,0.0,-68.16799999999999,0.0,0.0
ILE 153,100.219,0.0,0.0,-10.284,0.0,0.0,-69.273,0.0,0.0,-1.458,0.0,0.0,0.0,0.0,0.0,19.203999999999994,0.0,0.0
ARG 154,-188.868,0.0,0.0,-7.312,0.0,0.0,44.631,0.0,0.0,-8.066,0.0,0.0,0.0,0.0,0.0,-159.615,0.0,0.0
GLN 155,31.413,0.0,0.0,-11.795,0.0,0.0,-85.063,0.0,0.0,-0.472,0.0,0.0,0.0,0.0,0.0,-65.91699999999999,0.0,0.0
GLY 156,86.461,0.0,0.0,-4.519,0.0,0.0,-73.567,0.0,0.0,-4.201,0.0,0.0,0.0,0.0,0.0,4.174,0.0,0.0
PRO 157,82.631,0.0,0.0,-4.623,0.0,0.0,-53.929,0.0,0.0,-5.824,0.0,0.0,0.0,0.0,0.0,18.254999999999995,0.0,0.0
LYS 158,124.988,0.0,0.0,-4.978,0.0,0.0,-146.662,0.0,0.0,17.206,0.0,0.0,0.0,0.0,0.0,-9.446000000000002,0.0,0.0
GLU 159,114.319,0.0,0.0,-6.376,0.0,0.0,-118.859,0.0,0.0,-36.437,0.0,0.0,0.0,0.0,0.0,-47.352999999999994,0.0,0.0
PRO 160,88.165,0.0,0.0,-8.562,0.0,0.0,-56.604,0.0,0.0,-0.988,0.0,0.0,0.0,0.0,0.0,22.01100000000001,0.0,0.0
PHE 161,106.703,0.0,0.0,-15.21,0.0,0.0,-75.068,0.0,0.0,-0.629,0.0,0.0,0.0,0.0,0.0,15.795999999999998,0.0,0.0
ARG 162,-187.181,0.0,0.0,-10.145,0.0,0.0,23.698,0.0,0.0,17.99,0.0,0.0,0.0,0.0,0.0,-155.638,0.0,0.0
ASP 163,88.599,0.0,0.0,-7.847,0.0,0.0,-64.817,0.0,0.0,-84.81,0.0,0.0,0.0,0.0,0.0,-68.87499999999999,0.0,0.0
TYR 164,105.021,0.0,0.0,-17.08,0.0,0.0,-95.819,0.0,0.0,0.772,0.0,0.0,0.0,0.0,0.0,-7.106,0.0,0.0
VAL 165,47.263,0.0,0.0,-8.879,0.0,0.0,-57.131,0.0,0.0,3.332,0.0,0.0,0.0,0.0,0.0,-15.415,0.0,0.0
ASP 166,101.318,0.0,0.0,-7.768,0.0,0.0,-66.46,0.0,0.0,-80.426,0.0,0.0,0.0,0.0,0.0,-53.336,0.0,0.0
ARG 167,-191.944,0.0,0.0,-9.651,0.0,0.0,3.894,0.0,0.0,17.98,0.0,0.0,0.0,0.0,0.0,-179.721,0.0,0.0
PHE 168,90.555,0.0,0.0,-14.968,0.0,0.0,-79.534,0.0,0.0,0.059,0.0,0.0,0.0,0.0,0.0,-3.8880000000000026,0.0,0.0
TYR 169,97.962,0.0,0.0,-11.049,0.0,0.0,-91.25,0.0,0.0,-3.816,0.0,0.0,0.0,0.0,0.0,-8.152999999999988,0.0,0.0
LYS 170,143.641,0.0,0.0,-7.574,0.0,0.0,-109.075,0.0,0.0,-25.882,0.0,0.0,0.0,0.0,0.0,1.1099999999999746,0.0,0.0
THR 171,45.18,0.0,0.0,-8.046,0.0,0.0,-58.551,0.0,0.0,-2.381,0.0,0.0,0.0,0.0,0.0,-23.798000000000002,0.0,0.0
LEU 172,82.736,0.0,0.0,-8.645,0.0,0.0,-71.699,0.0,0.0,-3.384,0.0,0.0,0.0,0.0,0.0,-0.9919999999999898,0.0,0.0
ARG 173,-196.744,0.0,0.0,-10.2,0.0,0.0,52.31,0.0,0.0,-13.822,0.0,0.0,0.0,0.0,0.0,-168.456,0.0,0.0
ALA 174,86.806,0.0,0.0,-4.787,0.0,0.0,-77.087,0.0,0.0,-3.31,0.0,0.0,0.0,0.0,0.0,1.621999999999988,0.0,0.0
GLU 175,109.6,0.0,0.0,-8.907,0.0,0.0,-62.69,0.0,0.0,-91.863,0.0,0.0,0.0,0.0,0.0,-53.86,0.0,0.0
GLN 176,28.053,0.0,0.0,-8.794,0.0,0.0,-56.132,0.0,0.0,-17.852,0.0,0.0,0.0,0.0,0.0,-54.724999999999994,0.0,0.0
ALA 177,96.077,0.0,0.0,-5.362,0.0,0.0,-80.639,0.0,0.0,-4.875,0.0,0.0,0.0,0.0,0.0,5.201000000000008,0.0,0.0
SER 178,68.329,0.0,0.0,-6.11,0.0,0.0,-59.283,0.0,0.0,-2.698,0.0,0.0,0.0,0.0,0.0,0.23799999999999288,0.0,0.0
GLN 179,33.087,0.0,0.0,-6.794,0.0,0.0,-62.797,0.0,0.0,-13.122,0.0,0.0,0.0,0.0,0.0,-49.62599999999999,0.0,0.0
GLU 180,114.487,0.0,0.0,-6.192,0.0,0.0,-83.789,0.0,0.0,-79.546,0.0,0.0,0.0,0.0,0.0,-55.04000000000002,0.0,0.0
VAL 181,70.539,0.0,0.0,-6.169,0.0,0.0,-62.762,0.0,0.0,-0.766,0.0,0.0,0.0,0.0,0.0,0.8420000000000041,0.0,0.0
LYS 182,115.341,0.0,0.0,-8.472,0.0,0.0,-119.305,0.0,0.0,6.382,0.0,0.0,0.0,0.0,0.0,-6.054000000000007,0.0,0.0
ASN 183,22.576,0.0,0.0,-7.742,0.0,0.0,-79.504,0.0,0.0,-6.637,0.0,0.0,0.0,0.0,0.0,-71.307,0.0,0.0
TRP 184,126.982,0.0,0.0,-10.404,0.0,0.0,-88.678,0.0,0.0,-6.077,0.0,0.0,0.0,0.0,0.0,21.823000000000008,0.0,0.0
MET 185,101.04,0.0,0.0,-11.415,0.0,0.0,-84.934,0.0,0.0,-0.417,0.0,0.0,0.0,0.0,0.0,4.274000000000003,0.0,0.0
THR 186,41.472,0.0,0.0,-6.317,0.0,0.0,-55.349,0.0,0.0,0.043,0.0,0.0,0.0,0.0,0.0,-20.150999999999996,0.0,0.0
GLU 187,102.158,0.0,0.0,-5.782,0.0,0.0,-51.211,0.0,0.0,-102.911,0.0,0.0,0.0,0.0,0.0,-57.745999999999995,0.0,0.0
THR 188,46.45,0.0,0.0,-7.911,0.0,0.0,-55.203,0.0,0.0,0.367,0.0,0.0,0.0,0.0,0.0,-16.297,0.0,0.0
LEU 189,68.596,0.0,0.0,-10.513,0.0,0.0,-66.805,0.0,0.0,0.962,0.0,0.0,0.0,0.0,0.0,-7.760000000000002,0.0,0.0
LEU 190,82.289,0.0,0.0,-10.771,0.0,0.0,-92.434,0.0,0.0,0.932,0.0,0.0,0.0,0.0,0.0,-19.983999999999998,0.0,0.0
VAL 191,59.132,0.0,0.0,-9.564,0.0,0.0,-62.265,0.0,0.0,1.558,0.0,0.0,0.0,0.0,0.0,-11.139000000000003,0.0,0.0
GLN 192,23.889,0.0,0.0,-6.7,0.0,0.0,-67.784,0.0,0.0,-7.097,0.0,0.0,0.0,0.0,0.0,-57.69200000000001,0.0,0.0
ASN 193,19.989,0.0,0.0,-7.34,0.0,0.0,-79.284,0.0,0.0,-3.623,0.0,0.0,0.0,0.0,0.0,-70.25800000000001,0.0,0.0
ALA 194,89.66,0.0,0.0,-7.541,0.0,0.0,-79.499,0.0,0.0,1.349,0.0,0.0,0.0,0.0,0.0,3.9690000000000047,0.0,0.0
ASN 195,47.824,0.0,0.0,-9.32,0.0,0.0,-93.963,0.0,0.0,-3.522,0.0,0.0,0.0,0.0,0.0,-58.980999999999995,0.0,0.0
PRO 196,80.09,0.0,0.0,-5.932,0.0,0.0,-56.866,0.0,0.0,-1.189,0.0,0.0,0.0,0.0,0.0,16.103,0.0,0.0
ASP 197,80.869,0.0,0.0,-7.31,0.0,0.0,-61.503,0.0,0.0,-81.76,0.0,0.0,0.0,0.0,0.0,-69.70400000000001,0.0,0.0
CYX 198,100.581,0.0,0.0,-7.68,0.0,0.0,-81.975,0.0,0.0,-1.333,0.0,0.0,0.0,0.0,0.0,9.593000000000016,0.0,0.0
LYS 199,139.36,0.0,0.0,-8.324,0.0,0.0,-135.789,0.0,0.0,-6.277,0.0,0.0,0.0,0.0,0.0,-11.029999999999987,0.0,0.0
THR 200,55.261,0.0,0.0,-6.726,0.0,0.0,-62.108,0.0,0.0,-6.1,0.0,0.0,0.0,0.0,0.0,-19.672999999999995,0.0,0.0
ILE 201,74.238,0.0,0.0,-10.32,0.0,0.0,-56.743,0.0,0.0,-0.458,0.0,0.0,0.0,0.0,0.0,6.716999999999997,0.0,0.0
LEU 202,91.518,0.0,0.0,-7.924,0.0,0.0,-77.1,0.0,0.0,-3.478,0.0,0.0,0.0,0.0,0.0,3.0159999999999996,0.0,0.0
LYS 203,128.658,0.0,0.0,-5.733,0.0,0.0,-94.706,0.0,0.0,-26.458,0.0,0.0,0.0,0.0,0.0,1.7609999999999815,0.0,0.0
ALA 204,82.739,0.0,0.0,-3.854,0.0,0.0,-72.348,0.0,0.0,-4.253,0.0,0.0,0.0,0.0,0.0,2.284000000000006,0.0,0.0
LEU 205,71.768,0.0,0.0,-8.053,0.0,0.0,-71.445,0.0,0.0,-5.254,0.0,0.0,0.0,0.0,0.0,-12.98399999999999,0.0,0.0
GLY 206,90.305,0.0,0.0,-3.041,0.0,0.0,-73.481,0.0,0.0,-4.271,0.0,0.0,0.0,0.0,0.0,9.512000000000015,0.0,0.0
PRO 207,78.36,0.0,0.0,-2.336,0.0,0.0,-53.037,0.0,0.0,-8.533,0.0,0.0,0.0,0.0,0.0,14.454000000000002,0.0,0.0
GLY 208,68.901,0.0,0.0,-1.686,0.0,0.0,-62.147,0.0,0.0,-5.94,0.0,0.0,0.0,0.0,0.0,-0.8719999999999954,0.0,0.0
ALA 209,97.717,0.0,0.0,-4.413,0.0,0.0,-83.506,0.0,0.0,-6.246,0.0,0.0,0.0,0.0,0.0,3.5520000000000014,0.0,0.0
THR 210,47.846,0.0,0.0,-5.591,0.0,0.0,-51.216,0.0,0.0,-7.685,0.0,0.0,0.0,0.0,0.0,-16.646000000000004,0.0,0.0
LEU 211,65.832,0.0,0.0,-6.808,0.0,0.0,-66.485,0.0,0.0,-2.339,0.0,0.0,0.0,0.0,0.0,-9.800000000000006,0.0,0.0
GLU 212,107.976,0.0,0.0,-5.636,0.0,0.0,-47.436,0.0,0.0,-116.73,0.0,0.0,0.0,0.0,0.0,-61.826,0.0,0.0
GLU 213,101.071,0.0,0.0,-8.026,0.0,0.0,-37.708,0.0,0.0,-117.431,0.0,0.0,0.0,0.0,0.0,-62.093999999999994,0.0,0.0
MET 214,97.31,0.0,0.0,-12.511,0.0,0.0,-76.306,0.0,0.0,-1.193,0.0,0.0,0.0,0.0,0.0,7.30000000000001,0.0,0.0
MET 215,103.164,0.0,0.0,-9.858,0.0,0.0,-81.933,0.0,0.0,0.62,0.0,0.0,0.0,0.0,0.0,11.99299999999999,0.0,0.0
THR 216,26.483,0.0,0.0,-4.52,0.0,0.0,-37.125,0.0,0.0,-0.898,0.0,0.0,0.0,0.0,0.0,-16.06,0.0,0.0
ALA 217,82.466,0.0,0.0,-4.442,0.0,0.0,-67.766,0.0,0.0,-1.225,0.0,0.0,0.0,0.0,0.0,9.032999999999996,0.0,0.0
CYX 218,96.708,0.0,0.0,-7.948,0.0,0.0,-83.129,0.0,0.0,-1.312,0.0,0.0,0.0,0.0,0.0,4.318999999999986,0.0,0.0
GLN 219,37.72,0.0,0.0,-5.215,0.0,0.0,-75.061,0.0,0.0,-7.964,8.429369702178807e-08,8.429369702178807e-08,0.0,0.0,0.0,-50.52000000000001,0.0,0.0
GLY 220,96.182,0.0,0.0,-4.179,0.0,0.0,-88.241,0.0,0.0,-1.297,0.0,0.0,0.0,0.0,0.0,2.4650000000000007,0.0,0.0
VAL 221,39.013,0.0,0.0,-1.964,0.0,0.0,-58.78,0.0,0.0,-75.893,0.0,0.0,0.0,0.0,0.0,-97.624,0.0,0.0

Receptor:
Total Energy Decomposition:
Residue,Internal,,,van der Waals,,,Electrostatic,,,Polar Solvation,,,Non-Polar Solv.,,,TOTAL,,
,Avg.,Std. Dev.,Std. Err. of Mean,Avg.,Std. Dev.,Std. Err. of Mean,Avg.,Std. Dev.,Std. Err. of Mean,Avg.,Std. Dev.,Std. Err. of Mean,Avg.,Std. Dev.,Std. Err. of Mean,Avg.,Std. Dev.,Std. Err. of Mean
PRO   1,101.726,0.0,0.0,-8.263,0.0,0.0,-99.871,0.0,0.0,8.029,0.0,0.0,0.0,0.0,0.0,1.6209999999999987,0.0,0.0
ILE   2,96.961,0.0,0.0,-9.237,0.0,0.0,-75.516,0.0,0.0,-2.261,0.0,0.0,0.0,0.0,0.0,9.947,0.0,0.0
VAL   3,60.248,0.0,0.0,-5.321,0.0,0.0,-50.938,0.0,0.0,-3.804,0.0,0.0,0.0,0.0,0.0,0.1849999999999974,0.0,0.0
GLN   4,16.691,0.0,0.0,-3.435,0.0,0.0,-54.938,0.0,0.0,-13.896,0.0,0.0,0.0,0.0,0.0,-55.578,0.0,0.0
ASN   5,37.879,0.0,0.0,-6.604,0.0,0.0,-88.48,0.0,0.0,-5.914,0.0,0.0,0.0,0.0,0.0,-63.11900000000001,0.0,0.0
LEU   6,69.193,0.0,0.0,-7.218,0.0,0.0,-66.319,0.0,0.0,-3.762,0.0,0.0,0.0,0.0,0.0,-8.106000000000009,0.0,0.0
GLN   7,39.479,0.0,0.0,-4.167,0.0,0.0,-77.056,0.0,0.0,-12.031,0.0,0.0,0.0,0.0,0.0,-53.775,0.0,0.0
GLY   8,84.149,0.0,0.0,-2.311,0.0,0.0,-70.654,0.0,0.0,-8.49,0.0,0.0,0.0,0.0,0.0,2.6939999999999973,0.0,0.0
GLN   9,37.486,0.0,0.0,-4.22,0.0,0.0,-67.268,0.0,0.0,-13.676,0.0,0.0,0.0,0.0,0.0,-47.678000000000004,0.0,0.0
MET  10,100.902,0.0,0.0,-7.243,0.0,0.0,-77.722,0.0,0.0,-4.2,0.0,0.0,0.0,0.0,0.0,11.737000000000013,0.0,0.0
VAL  11,47.628,0.0,0.0,-5.092,0.0,0.0,-50.395,0.0,0.0,-1.825,0.0,0.0,0.0,0.0,0.0,-9.684000000000001,0.0,0.0
HID  12,91.872,0.0,0.0,-7.406,0.0,0.0,-57.501,0.0,0.0,-10.668,0.0,0.0,0.0,0.0,0.0,16.296999999999997,0.0,0.0
GLN  13,32.706,0.0,0.0,-4.88,0.0,0.0,-66.229,0.0,0.0,-11.264,0.0,0.0,0.0,0.0,0.0,-49.66699999999999,0.0,0.0
ALA  14,95.84,0.0,0.0,-3.189,0.0,0.0,-73.658,0.0,0.0,-6.959,0.0,0.0,0.0,0.0,0.0,12.03400000000001,0.0,0.0
ILE  15,90.818,0.0,0.0,-5.218,0.0,0.0,-71.478,0.0,0.0,-3.627,0.0,0.0,0.0,0.0,0.0,10.495000000000001,0.0,0.0
SER  16,74.43,0.0,0.0,-3.82,0.0,0.0,-53.331,0.0,0.0,-9.838,0.0,0.0,0.0,0.0,0.0,7.441000000000011,0.0,0.0
PRO  17,87.802,0.0,0.0,-4.36,0.0,0.0,-59.089,0.0,0.0,-3.844,0.0,0.0,0.0,0.0,0.0,20.509000000000007,0.0,0.0
ARG  18,-182.808,0.0,0.0,-5.869,0.0,0.0,70.026,0.0,0.0,-47.815,0.0,0.0,0.0,0.0,0.0,-166.466,0.0,0.0
THR  19,47.556,0.0,0.0,-6.191,0.0,0.0,-56.789,0.0,0.0,-3.945,0.0,0.0,0.0,0.0,0.0,-19.369000000000007,0.0,0.0
LEU  20,60.07,0.0,0.0,-10.022,0.0,0.0,-62.952,0.0,0.0,-2.776,0.0,0.0,0.0,0.0,0.0,-15.679999999999996,0.0,0.0
ASN  21,33.202,0.0,0.0,-5.772,0.0,0.0,-78.35,0.0,0.0,-17.204,0.0,0.0,0.0,0.0,0.0,-68.124,0.0,0.0
ALA  22,94.605,0.0,0.0,-5.59,0.0,0.0,-79.318,0.0,0.0,-3.316,0.0,0.0,0.0,0.0,0.0,6.381000000000003,0.0,0.0
TRP  23,131.838,0.0,0.0,-18.089,0.0,0.0,-94.816,0.0,0.0,-2.043,0.0,0.0,0.0,0.0,0.0,16.889999999999993,0.0,0.0
VAL  24,65.397,0.0,0.0,-7.532,0.0,0.0,-56.927,0.0,0.0,-3.793,0.0,0.0,0.0,0.0,0.0,-2.8549999999999907,0.0,0.0
LYS  25,135.646,0.0,0.0,-7.418,0.0,0.0,-122.783,0.0,0.0,-14.306,0.0,0.0,0.0,0.0,0.0,-8.86100000000002,0.0,0.0
VAL  26,64.805,0.0,0.0,-11.245,0.0,0.0,-70.976,0.0,0.0,-1.653,0.0,0.0,0.0,0.0,0.0,-19.06899999999999,0.0,0.0
VAL  27,53.018,0.0,0.0,-10.936,0.0,0.0,-49.788,0.0,0.0,-2.302,0.0,0.0,0.0,0.0,0.0,-10.007999999999996,0.0,0.0
GLU  28,94.477,0.0,0.0,-6.153,0.0,0.0,-50.776,0.0,0.0,-97.521,0.0,0.0,0.0,0.0,0.0,-59.973000000000006,0.0,0.0
GLU  29,111.238,0.0,0.0,-6.027,0.0,0.0,-100.718,0.0,0.0,-55.208,0.0,0.0,0.0,0.0,0.0,-50.715,0.0,0.0
LYS  30,118.522,0.0,0.0,-5.982,0.0,0.0,-91.231,0.0,0.0,-23.293,0.0,0.0,0.0,0.0,0.0,-1.9839999999999876,0.0,0.0
ALA  31,85.655,0.0,0.0,-3.738,0.0,0.0,-76.775,0.0,0.0,-3.471,0.0,0.0,0.0,0.0,0.0,1.6709999999999958,0.0,0.0
PHE  32,106.266,0.0,0.0,-11.94,0.0,0.0,-80.54,0.0,0.0,-3.777,0.0,0.0,0.0,0.0,0.0,10.009,0.0,0.0
SER  33,88.664,0.0,0.0,-5.022,0.0,0.0,-68.091,0.0,0.0,0.652,0.0,0.0,0.0,0.0,0.0,16.203000000000003,0.0,0.0
PRO  34,76.859,0.0,0.0,-5.59,0.0,0.0,-56.691,0.0,0.0,-0.884,0.0,0.0,0.0,0.0,0.0,13.693999999999988,0.0,0.0
GLU  35,105.449,0.0,0.0,-6.755,0.0,0.0,-108.139,0.0,0.0,-48.23,0.0,0.0,0.0,0.0,0.0,-57.67499999999999,0.0,0.0
VAL  36,57.893,0.0,0.0,-9.871,0.0,0.0,-57.734,0.0,0.0,0.866,0.0,0.0,0.0,0.0,0.0,-8.846000000000004,0.0,0.0
ILE  37,88.618,0.0,0.0,-9.639,0.0,0.0,-59.346,0.0,0.0,-0.928,0.0,0.0,0.0,0.0,0.0,18.705000000000002,0.0,0.0
PRO  38,83.196,0.0,0.0,-5.952,0.0,0.0,-59.771,0.0,0.0,-2.043,0.0,0.0,0.0,0.0,0.0,15.43,0.0,0.0
MET  39,92.397,0.0,0.0,-10.672,0.0,0.0,-73.731,0.0,0.0,-0.712,0.0,0.0,0.0,0.0,0.0,7.282000000000014,0.0,0.0
PHE  40,100.827,0.0,0.0,-13.538,0.0,0.0,-86.445,0.0,0.0,-0.506,0.0,0.0,0.0,0.0,0.0,0.3380000000000083,0.0,0.0
SER  41,76.184,0.0,0.0,-6.871,0.0,0.0,-63.632,0.0,0.0,-6.713,0.0,0.0,0.0,0.0,0.0,-1.0319999999999956,0.0,0.0
ALA  42,85.542,0.0,0.0,-5.481,0.0,0.0,-66.736,0.0,0.0,-4.928,0.0,0.0,0.0,0.0,0.0,8.397000000000002,0.0,0.0
LEU  43,82.322,0.0,0.0,-10.639,0.0,0.0,-81.868,0.0,0.0,-3.111,0.0,0.0,0.0,0.0,0.0,-13.295999999999989,0.0,0.0
SER  44,71.458,0.0,0.0,-5.222,0.0,0.0,-74.693,0.0,0.0,-0.285,0.0,0.0,0.0,0.0,0.0,-8.741999999999994,0.0,0.0
GLU  45,100.045,0.0,0.0,-5.549,0.0,0.0,-80.843,0.0,0.0,-73.958,0.0,0.0,0.0,0.0,0.0,-60.30500000000001,0.0,0.0
GLY  46,73.622,0.0,0.0,-4.941,0.0,0.0,-71.822,0.0,0.0,0.829,0.0,0.0,0.0,0.0,0.0,-2.3120000000000056,0.0,0.0
ALA  47,100.766,0.0,0.0,-7.567,0.0,0.0,-84.986,0.0,0.0,-1.341,0.0,0.0,0.0,0.0,0.0,6.872000000000008,0.0,0.0
THR  48,60.858,0.0,0.0,-6.741,0.0,0.0,-56.777,0.0,0.0,0.056,0.0,0.0,0.0,0.0,0.0,-2.6040000000000036,0.0,0.0
PRO  49,84.045,0.0,0.0,-12.17,0.0,0.0,-54.681,0.0,0.0,0.512,0.0,0.0,0.0,0.0,0.0,17.706000000000003,0.0,0.0
GLN  50,32.042,0.0,0.0,-8.775,0.0,0.0,-74.648,0.0,0.0,-3.486,0.0,0.0,0.0,0.0,0.0,-54.86699999999999,0.0,0.0
ASP  51,99.397,0.0,0.0,-8.415,0.0,0.0,-124.808,0.0,0.0,-24.531,0.0,0.0,0.0,0.0,0.0,-58.357000000000006,0.0,0.0
LEU  52,58.05,0.0,0.0,-11.483,0.0,0.0,-69.284,0.0,0.0,0.779,0.0,0.0,0.0,0.0,0.0,-21.938000000000013,0.0,0.0
ASN  53,29.069,0.0,0.0,-8.935,0.0,0.0,-89.663,0.0,0.0,-6.257,0.0,0.0,0.0,0.0,0.0,-75.786,0.0,0.0
THR  54,54.884,0.0,0.0,-4.669,0.0,0.0,-59.764,0.0,0.0,-3.461,0.0,0.0,0.0,0.0,0.0,-13.01,0.0,0.0
MET  55,85.107,0.0,0.0,-9.026,0.0,0.0,-69.135,0.0,0.0,0.033,0.0,0.0,0.0,0.0,0.0,6.978999999999998,0.0,0.0
LEU  56,65.621,0.0,0.0,-8.227,0.0,0.0,-66.866,0.0,0.0,-0.506,0.0,0.0,0.0,0.0,0.0,-9.978000000000009,0.0,0.0
ASN  57,44.897,0.0,0.0,-6.158,0.0,0.0,-99.507,0.0,0.0,-9.208,0.0,0.0,0.0,0.0,0.0,-69.97600000000001,0.0,0.0
THR  58,56.691,0.0,0.0,-4.852,0.0,0.0,-61.937,0.0,0.0,-3.956,0.0,0.0,0.0,0.0,0.0,-14.053999999999998,0.0,0.0
VAL  59,43.875,0.0,0.0,-7.254,0.0,0.0,-42.439,0.0,0.0,0.1,0.0,0.0,0.0,0.0,0.0,-5.717999999999998,0.0,0.0
ALA  60,88.852,0.0,0.0,-4.467,0.0,0.0,-66.027,0.0,0.0,-0.515,0.0,0.0,0.0,0.0,0.0,17.843000000000004,0.0,0.0
PRO  61,81.941,0.0,0.0,-5.594,0.0,0.0,-56.25,0.0,0.0,-3.292,0.0,0.0,0.0,0.0,0.0,16.805000000000007,0.0,0.0
HID  62,103.946,0.0,0.0,-10.733,0.0,0.0,-67.678,0.0,0.0,-7.453,0.0,0.0,0.0,0.0,0.0,18.081999999999997,0.0,0.0
GLN  63,30.269,0.0,0.0,-6.412,0.0,0.0,-66.843,0.0,0.0,-9.671,0.0,0.0,0.0,0.0,0.0,-52.657000000000004,0.0,0.0
ALA  64,84.492,0.0,0.0,-4.103,0.0,0.0,-68.212,0.0,0.0,-3.909,0.0,0.0,0.0,0.0,0.0,8.268000000000008,0.0,0.0
ALA  65,88.203,0.0,0.0,-6.972,0.0,0.0,-77.395,0.0,0.0,-1.614,0.0,0.0,0.0,0.0,0.0,2.222000000000013,0.0,0.0
ALA  66,96.03,1.3486991523486091e-06,1.3486991523486091e-06,-5.506,0.0,0.0,-83.284,0.0,0.0,-1.167,0.0,0.0,0.0,0.0,0.0,6.072999999999995,0.0,0.0
GLN  67,37.948,0.0,0.0,-2.576,0.0,0.0,-75.085,0.0,0.0,-12.84,0.0,0.0,0.0,0.0,0.0,-52.553,0.0,0.0
MET  68,90.88,0.0,0.0,-8.973,0.0,0.0,-73.352,0.0,0.0,-3.965,0.0,0.0,0.0,0.0,0.0,4.589999999999993,0.0,0.0
LEU  69,86.376,0.0,0.0,-10.717,0.0,0.0,-78.49,0.0,0.0,-3.373,0.0,0.0,0.0,0.0,0.0,-6.203999999999989,0.0,0.0
LYS  70,129.547,0.0,0.0,-6.875,0.0,0.0,-110.133,0.0,0.0,-18.833,0.0,0.0,0.0,0.0,0.0,-6.293999999999997,0.0,0.0
GLU  71,109.307,0.0,0.0,-7.32,0.0,0.0,-64.675,0.0,0.0,-102.436,0.0,0.0,0.0,0.0,0.0,-65.12400000000001,0.0,0.0
THR  72,47.515,0.0,0.0,-9.185,0.0,0.0,-55.516,0.0,0.0,-4.477,0.0,0.0,0.0,0.0,0.0,-21.663,0.0,0.0
ILE  73,65.963,0.0,0.0,-9.013,0.0,0.0,-48.507,0.0,0.0,-3.678,0.0,0.0,0.0,0.0,0.0,4.764999999999998,0.0,0.0
ASN  74,22.728,0.0,0.0,-5.634,0.0,0.0,-81.575,0.0,0.0,-9.088,0.0,0.0,0.0,0.0,0.0,-73.56899999999999,0.0,0.0
GLU  75,117.461,0.0,0.0,-7.133,0.0,0.0,-46.637,0.0,0.0,-119.539,0.0,0.0,0.0,0.0,0.0,-55.848,0.0,0.0
GLU  76,93.979,0.0,0.0,-8.887,0.0,0.0,-34.135,0.0,0.0,-110.71,0.0,0.0,0.0,0.0,0.0,-59.75299999999999,0.0,0.0
ALA  77,85.014,0.0,0.0,-7.546,0.0,0.0,-69.036,0.0,0.0,-1.912,0.0,0.0,0.0,0.0,0.0,6.519999999999988,0.0,0.0
ALA  78,95.085,0.0,0.0,-6.401,0.0,0.0,-85.91,0.0,0.0,0.546,0.0,0.0,0.0,0.0,0.0,3.320000000000001,0.0,0.0
GLU  79,118.676,0.0,0.0,-7.97,0.0,0.0,-63.799,0.0,0.0,-98.125,0.0,0.0,0.0,0.0,0.0,-51.217999999999996,0.0,0.0
TRP  80,112.456,0.0,0.0,-14.99,0.0,0.0,-86.499,0.0,0.0,-1.618,0.0,0.0,0.0,0.0,0.0,9.349000000000013,0.0,0.0
ASP  81,104.15,0.0,0.0,-9.814,0.0,0.0,-67.361,0.0,0.0,-76.65,0.0,0.0,0.0,0.0,0.0,-49.675,0.0,0.0
ARG  82,-194.007,0.0,0.0,-8.105,0.0,0.0,-10.329,0.0,0.0,39.689,0.0,0.0,0.0,0.0,0.0,-172.752,0.0,0.0
LEU  83,60.209,0.0,0.0,-7.012,0.0,0.0,-67.471,0.0,0.0,-2.947,0.0,0.0,0.0,0.0,0.0,-17.221,0.0,0.0
HID  84,109.774,0.0,0.0,-7.688,0.0,0.0,-72.727,0.0,0.0,-7.176,0.0,0.0,0.0,0.0,0.0,22.182999999999993,0.0,0.0
PRO  85,85.974,0.0,0.0,-5.11,0.0,0.0,-67.18,0.0,0.0,-2.234,0.0,0.0,0.0,0.0,0.0,11.449999999999998,0.0,0.0
VAL  86,41.388,0.0,0.0,-3.435,0.0,0.0,-41.298,0.0,0.0,-3.636,0.0,0.0,0.0,0.0,0.0,-6.981000000000006,0.0,0.0
HID  87,90.897,0.0,0.0,-4.092,0.0,0.0,-57.28,0.0,0.0,-7.488,0.0,0.0,0.0,0.0,0.0,22.037000000000006,0.0,0.0
ALA  88,95.008,0.0,0.0,-2.809,0.0,0.0,-79.802,0.0,0.0,-2.469,0.0,0.0,0.0,0.0,0.0,9.927999999999992,0.0,0.0
GLY  89,93.768,0.0,0.0,-1.725,0.0,0.0,-78.973,0.0,0.0,-3.817,0.0,0.0,0.0,0.0,0.0,9.253000000000007,0.0,0.0
PRO  90,85.35,0.0,0.0,-5.116,0.0,0.0,-59.303,0.0,0.0,-4.153,0.0,0.0,0.0,0.0,0.0,16.778,0.0,0.0
ILE  91,78.207,0.0,0.0,-3.259,0.0,0.0,-56.96,0.0,0.0,-3.694,0.0,0.0,0.0,0.0,0.0,14.293999999999993,0.0,0.0
ALA  92,98.383,0.0,0.0,-3.363,0.0,0.0,-73.141,0.0,0.0,-3.189,0.0,0.0,0.0,0.0,0.0,18.68999999999999,0.0,0.0
PRO  93,86.396,0.0,0.0,-2.137,0.0,0.0,-55.746,0.0,0.0,-6.537,0.0,0.0,0.0,0.0,0.0,21.976,0.0,0.0
GLY  94,73.342,0.0,0.0,-1.357,0.0,0.0,-64.659,0.0,0.0,-6.635,0.0,0.0,0.0,0.0,0.0,0.6909999999999936,0.0,0.0
GLN  95,34.116,0.0,0.0,-5.988,0.0,0.0,-72.294,0.0,0.0,-10.771,0.0,0.0,0.0,0.0,0.0,-54.937,0.0,0.0
MET  96,101.287,0.0,0.0,-9.337,0.0,0.0,-73.15,0.0,0.0,-7.258,0.0,0.0,0.0,0.0,0.0,11.541999999999998,0.0,0.0
ARG  97,-188.921,0.0,0.0,-7.367,0.0,0.0,-0.384,0.0,0.0,21.391,0.0,0.0,0.0,0.0,0.0,-175.28099999999998,0.0,0.0
GLU  98,110.31,0.0,0.0,-6.878,0.0,0.0,-53.16,0.0,0.0,-101.68,0.0,0.0,0.0,0.0,0.0,-51.408,0.0,0.0
PRO  99,94.159,0.0,0.0,-8.71,0.0,0.0,-58.012,0.0,0.0,-5.974,0.0,0.0,0.0,0.0,0.0,21.46300000000001,0.0,0.0
ARG 100,-183.419,0.0,0.0,-6.483,0.0,0.0,2.585,0.0,0.0,15.418,0.0,0.0,0.0,0.0,0.0,-171.899,0.0,0.0
GLY 101,81.786,0.0,0.0,-5.234,0.0,0.0,-88.41,0.0,0.0,3.09,0.0,0.0,0.0,0.0,0.0,-8.76799999999999,0.0,0.0
SER 102,60.286,0.0,0.0,-6.062,0.0,0.0,-56.241,0.0,0.0,-1.915,0.0,0.0,0.0,0.0,0.0,-3.931999999999996,0.0,0.0
ASP 103,96.942,0.0,0.0,-8.741,0.0,0.0,-122.194,0.0,0.0,-24.43,0.0,0.0,0.0,0.0,0.0,-58.42300000000001,0.0,0.0
ILE 104,78.484,0.0,0.0,-11.226,0.0,0.0,-61.705,0.0,0.0,1.685,0.0,0.0,0.0,0.0,0.0,7.237999999999998,0.0,0.0
ALA 105,83.728,0.0,0.0,-7.51,0.0,0.0,-78.305,0.0,0.0,-0.662,0.0,0.0,0.0,0.0,0.0,-2.7490000000000174,0.0,0.0
GLY 106,89.773,0.0,0.0,-5.39,0.0,0.0,-86.246,0.0,0.0,-1.326,0.0,0.0,0.0,0.0,0.0,-3.1889999999999996,0.0,0.0
THR 107,55.736,0.0,0.0,-4.692,0.0,0.0,-60.376,0.0,0.0,-5.836,0.0,0.0,0.0,0.0,0.0,-15.168000000000001,0.0,0.0
THR 108,42.404,0.0,0.0,-5.483,0.0,0.0,-57.014,0.0,0.0,-2.068,0.0,0.0,0.0,0.0,0.0,-22.160999999999998,0.0,0.0
SER 109,71.029,0.0,0.0,-7.892,0.0,0.0,-64.9,0.0,0.0,0.351,0.0,0.0,0.0,0.0,0.0,-1.4120000000000124,0.0,0.0
THR 110,29.528,0.0,0.0,-5.537,0.0,0.0,-28.923,0.0,0.0,-7.072,0.0,0.0,0.0,0.0,0.0,-12.003999999999998,0.0,0.0
LEU 111,64.298,0.0,0.0,-6.466,0.0,0.0,-63.13,0.0,0.0,-3.308,0.0,0.0,0.0,0.0,0.0,-8.606000000000002,0.0,0.0
GLN 112,38.385,0.0,0.0,-4.211,0.0,0.0,-75.953,0.0,0.0,-10.502,0.0,0.0,0.0,0.0,0.0,-52.281000000000006,0.0,0.0
GLU 113,106.389,0.0,0.0,-7.557,0.0,0.0,-101.282,0.0,0.0,-52.108,0.0,0.0,0.0,0.0,0.0,-54.558,0.0,0.0
GLN 114,40.251,0.0,0.0,-13.54,0.0,0.0,-82.007,0.0,0.0,-2.325,0.0,0.0,0.0,0.0,0.0,-57.62100000000001,0.0,0.0
ILE 115,87.836,0.0,0.0,-8.922,0.0,0.0,-71.466,0.0,0.0,-1.52,0.0,0.0,0.0,0.0,0.0,5.928000000000008,0.0,0.0
GLY 116,78.199,0.0,0.0,-4.678,0.0,0.0,-73.378,0.0,0.0,-2.956,0.0,0.0,0.0,0.0,0.0,-2.8129999999999993,0.0,0.0
TRP 117,128.028,0.0,0.0,-18.025,0.0,0.0,-87.822,0.0,0.0,-0.715,0.0,0.0,0.0,0.0,0.0,21.465999999999983,0.0,0.0
MET 118,99.522,0.0,0.0,-12.004,0.0,0.0,-80.904,0.0,0.0,-1.977,0.0,0.0,0.0,0.0,0.0,4.637000000000004,0.0,0.0
THR 119,39.101,0.0,0.0,-5.601,0.0,0.0,-47.901,0.0,0.0,-5.279,0.0,0.0,0.0,0.0,0.0,-19.680000000000003,0.0,0.0
HID 120,95.939,0.0,0.0,-7.721,0.0,0.0,-60.245,0.0,0.0,-8.406,0.0,0.0,0.0,0.0,0.0,19.566999999999993,0.0,0.0
ASN 121,45.812,0.0,0.0,-3.372,0.0,0.0,-83.97,0.0,0.0,-12.993,0.0,0.0,0.0,0.0,0.0,-54.523,0.0,0.0
PRO 122,95.928,0.0,0.0,-2.186,0.0,0.0,-60.712,0.0,0.0,-2.671,0.0,0.0,0.0,0.0,0.0,30.358999999999988,0.0,0.0
PRO 123,87.214,0.0,0.0,-6.26,0.0,0.0,-58.73,0.0,0.0,-4.162,0.0,0.0,0.0,0.0,0.0,18.061999999999998,0.0,0.0
ILE 124,94.684,0.0,0.0,-8.704,0.0,0.0,-62.129,0.0,0.0,-0.686,0.0,0.0,0.0,0.0,0.0,23.164999999999992,0.0,0.0
PRO 125,89.943,0.0,0.0,-5.794,0.0,0.0,-65.78,0.0,0.0,-0.75,0.0,0.0,0.0,0.0,0.0,17.619,0.0,0.0
VAL 126,54.29,0.0,0.0,-10.158,0.0,0.0,-55.023,0.0,0.0,0.042,0.0,0.0,0.0,0.0,0.0,-10.849000000000006,0.0,0.0
GLY 127,71.856,0.0,0.0,-6.045,0.0,0.0,-73.927,0.0,0.0,-0.687,0.0,0.0,0.0,0.0,0.0,-8.803000000000013,0.0,0.0
GLU 128,106.539,0.0,0.0,-9.602,0.0,0.0,-103.073,0.0,0.0,-40.478,0.0,0.0,0.0,0.0,0.0,-46.614,0.0,0.0
ILE 129,83.916,0.0,0.0,-9.985,0.0,0.0,-64.402,0.0,0.0,0.334,0.0,0.0,0.0,0.0,0.0,9.862999999999996,0.0,0.0
TYR 130,96.427,0.0,0.0,-14.084,0.0,0.0,-89.236,0.0,0.0,-0.855,0.0,0.0,0.0,0.0,0.0,-7.748000000000001,0.0,0.0
LYS 131,138.788,0.0,0.0,-9.767,0.0,0.0,-158.576,0.0,0.0,23.412,0.0,0.0,0.0,0.0,0.0,-6.142999999999979,0.0,0.0
ARG 132,-186.048,0.0,0.0,-9.524,0.0,0.0,37.618,0.0,0.0,-5.032,0.0,0.0,0.0,0.0,0.0,-162.98600000000002,0.0,0.0
TRP 133,128.757,0.0,0.0,-15.725,0.0,0.0,-97.336,0.0,0.0,-2.016,0.0,0.0,0.0,0.0,0.0,13.680000000000012,0.0,0.0
ILE 134,91.766,0.0,0.0,-12.623,0.0,0.0,-68.429,0.0,0.0,-0.349,0.0,0.0,0.0,0.0,0.0,10.364999999999998,0.0,0.0
ILE 135,80.558,0.0,0.0,-9.923,0.0,0.0,-63.637,0.0,0.0,-0.459,0.0,0.0,0.0,0.0,0.0,6.539000000000005,0.0,0.0
LEU 136,73.435,0.0,0.0,-6.051,0.0,0.0,-79.763,0.0,0.0,1.732,0.0,0.0,0.0,0.0,0.0,-10.647000000000006,0.0,0.0
GLY 137,77.296,0.0,0.0,-5.966,0.0,0.0,-77.194,0.0,0.0,0.378,0.0,0.0,0.0,0.0,0.0,-5.48599999999999,0.0,0.0
LEU 138,64.968,0.0,0.0,-11.205,0.0,0.0,-67.017,0.0,0.0,-0.944,0.0,0.0,0.0,0.0,0.0,-14.19799999999999,0.0,0.0
ASN 139,37.631,0.0,0.0,-8.25,0.0,0.0,-90.081,0.0,0.0,-4.72,0.0,0.0,0.0,0.0,0.0,-65.42,0.0,0.0
LYS 140,138.102,0.0,0.0,-9.237,0.0,0.0,-160.413,0.0,0.0,31.521,0.0,0.0,0.0,0.0,0.0,-0.027000000000001023,0.0,0.0
ILE 141,89.665,0.0,0.0,-9.793,0.0,0.0,-75.272,0.0,0.0,-2.969,0.0,0.0,0.0,0.0,0.0,1.6310000000000087,0.0,0.0
VAL 142,58.695,0.0,0.0,-7.732,0.0,0.0,-53.901,0.0,0.0,-3.464,0.0,0.0,0.0,0.0,0.0,-6.402000000000003,0.0,0.0
ARG 143,-192.617,0.0,0.0,-5.414,0.0,0.0,48.168,0.0,0.0,-13.381,0.0,0.0,0.0,0.0,0.0,-163.24399999999997,0.0,0.0
MET 144,88.51,0.0,0.0,-6.941,0.0,0.0,-77.032,0.0,0.0,-5.649,0.0,0.0,0.0,0.0,0.0,-1.1119999999999939,0.0,0.0
TYR 145,94.75,0.0,0.0,-4.617,0.0,0.0,-83.904,0.0,0.0,-10.428,0.0,0.0,0.0,0.0,0.0,-4.199000000000002,0.0,0.0
SER 146,73.238,0.0,0.0,-3.573,0.0,0.0,-52.027,0.0,0.0,-5.334,0.0,0.0,0.0,0.0,0.0,12.304000000000006,0.0,0.0
PRO 147,88.094,0.0,0.0,-3.129,0.0,0.0,-60.988,0.0,0.0,-4.398,0.0,0.0,0.0,0.0,0.0,19.57899999999999,0.0,0.0
THR 148,45.568,0.0,0.0,-3.051,0.0,0.0,-50.747,0.0,0.0,-8.202,0.0,0.0,0.0,0.0,0.0,-16.432000000000002,0.0,0.0
SER 149,71.398,0.0,0.0,-1.173,0.0,0.0,-44.587,0.0,0.0,-13.093,0.0,0.0,0.0,0.0,0.0,12.544999999999991,0.0,0.0
ILE 150,63.214,0.0,0.0,-0.799,0.0,0.0,-30.816,0.0,0.0,-7.303,0.0,0.0,0.0,0.0,0.0,24.296,0.0,0.0

Ligand:
Total Energy Decomposition:
Residue,Internal,,,van der Waals,,,Electrostatic,,,Polar Solvation,,,Non-Polar Solv.,,,TOTAL,,
,Avg.,Std. Dev.,Std. Err. of Mean,Avg.,Std. Dev.,Std. Err. of Mean,Avg.,Std. Dev.,Std. Err. of Mean,Avg.,Std. Dev.,Std. Err. of Mean,Avg.,Std. Dev.,Std. Err. of Mean,Avg.,Std. Dev.,Std. Err. of Mean
LEU   1,42.919,0.0,0.0,-3.729,0.0,0.0,-41.953,0.0,0.0,-1.958,0.0,0.0,0.0,0.0,0.0,-4.721000000000005,0.0,0.0
ASP   2,94.325,0.0,0.0,-3.439,0.0,0.0,-79.988,0.0,0.0,-79.615,0.0,0.0,0.0,0.0,0.0,-68.717,0.0,0.0
ILE   3,100.219,0.0,0.0,-8.186,0.0,0.0,-67.909,0.0,0.0,-1.692,0.0,0.0,0.0,0.0,0.0,22.43199999999998,0.0,0.0
ARG   4,-188.868,0.0,0.0,-7.216,0.0,0.0,53.521,0.0,0.0,-16.881,0.0,0.0,0.0,0.0,0.0,-159.444,0.0,0.0
GLN   5,31.413,0.0,0.0,-11.78,0.0,0.0,-84.982,0.0,0.0,-0.538,0.0,0.0,0.0,0.0,0.0,-65.88699999999999,0.0,0.0
GLY   6,86.461,0.0,0.0,-4.516,0.0,0.0,-73.566,0.0,0.0,-4.223,0.0,0.0,0.0,0.0,0.0,4.155999999999991,0.0,0.0
PRO   7,82.631,0.0,0.0,-4.621,0.0,0.0,-53.877,0.0,0.0,-5.879,0.0,0.0,0.0,0.0,0.0,18.254000000000005,0.0,0.0
LYS   8,124.988,0.0,0.0,-4.976,0.0,0.0,-139.786,0.0,0.0,10.468,0.0,0.0,0.0,0.0,0.0,-9.306000000000001,0.0,0.0
GLU   9,114.319,0.0,0.0,-6.367,0.0,0.0,-128.274,0.0,0.0,-27.288,0.0,0.0,0.0,0.0,0.0,-47.61,0.0,0.0
PRO  10,88.165,0.0,0.0,-8.558,0.0,0.0,-56.776,0.0,0.0,-0.833,0.0,0.0,0.0,0.0,0.0,21.997999999999998,0.0,0.0
PHE  11,106.703,0.0,0.0,-15.2,0.0,0.0,-75.296,0.0,0.0,-0.442,0.0,0.0,0.0,0.0,0.0,15.764999999999993,0.0,0.0
ARG  12,-187.181,0.0,0.0,-10.138,0.0,0.0,31.758,0.0,0.0,10.044,0.0,0.0,0.0,0.0,0.0,-155.517,0.0,0.0
ASP  13,88.599,0.0,0.0,-7.836,0.0,0.0,-74.45,0.0,0.0,-75.304,0.0,0.0,0.0,0.0,0.0,-68.991,0.0,0.0
TYR  14,105.021,0.0,0.0,-17.004,0.0,0.0,-96.277,0.0,0.0,1.014,0.0,0.0,0.0,0.0,0.0,-7.246000000000005,0.0,0.0
VAL  15,47.263,0.0,0.0,-8.845,0.0,0.0,-57.43,0.0,0.0,3.562,0.0,0.0,0.0,0.0,0.0,-15.450000000000001,0.0,0.0
ASP  16,101.318,0.0,0.0,-7.734,0.0,0.0,-77.97,0.0,0.0,-69.133,0.0,0.0,0.0,0.0,0.0,-53.51899999999999,0.0,0.0
ARG  17,-191.944,0.0,0.0,-9.447,0.0,0.0,14.341,0.0,0.0,8.045,0.0,0.0,0.0,0.0,0.0,-179.005,0.0,0.0
PHE  18,90.555,0.0,0.0,-13.476,0.0,0.0,-79.285,0.0,0.0,-0.704,0.0,0.0,0.0,0.0,0.0,-2.9099999999999886,0.0,0.0
TYR  19,97.962,0.0,0.0,-10.812,0.0,0.0,-91.897,0.0,0.0,-3.241,0.0,0.0,0.0,0.0,0.0,-7.9879999999999995,0.0,0.0
LYS  20,143.641,0.0,0.0,-7.332,0.0,0.0,-97.534,0.0,0.0,-37.272,0.0,0.0,0.0,0.0,0.0,1.502999999999993,0.0,0.0
THR  21,45.18,0.0,0.0,-5.386,0.0,0.0,-58.701,0.0,0.0,-2.849,0.0,0.0,0.0,0.0,0.0,-21.756000000000004,0.0,0.0
LEU  22,82.736,0.0,0.0,-7.525,0.0,0.0,-72.187,0.0,0.0,-2.961,0.0,0.0,0.0,0.0,0.0,0.06300000000000106,0.0,0.0
ARG  23,-196.744,0.0,0.0,-9.593,0.0,0.0,66.585,0.0,0.0,-27.898,0.0,0.0,0.0,0.0,0.0,-167.65,0.0,0.0
ALA  24,86.806,0.0,0.0,-2.872,0.0,0.0,-79.383,0.0,0.0,-4.351,0.0,0.0,0.0,0.0,0.0,0.20000000000000195,0.0,0.0
GLU  25,109.6,0.0,0.0,-5.177,0.0,0.0,-64.231,0.0,0.0,-99.423,0.0,0.0,0.0,0.0,0.0,-59.230999999999995,0.0,0.0
GLN  26,28.053,0.0,0.0,-4.468,0.0,0.0,-57.973,0.0,0.0,-18.595,0.0,0.0,0.0,0.0,0.0,-52.983,0.0,0.0
ALA  27,96.077,0.0,0.0,-4.454,0.0,0.0,-82.789,0.0,0.0,-3.344,0.0,0.0,0.0,0.0,0.0,5.490000000000004,0.0,0.0
SER  28,68.329,0.0,0.0,-3.132,0.0,0.0,-60.839,0.0,0.0,-5.804,0.0,0.0,0.0,0.0,0.0,-1.4460000000000104,0.0,0.0
GLN  29,33.087,0.0,0.0,-5.061,0.0,0.0,-64.777,0.0,0.0,-11.471,0.0,0.0,0.0,0.0,0.0,-48.221999999999994,0.0,0.0
GLU  30,114.487,0.0,0.0,-5.67,0.0,0.0,-78.966,0.0,0.0,-87.902,0.0,0.0,0.0,0.0,0.0,-58.051,0.0,0.0
VAL  31,70.539,0.0,0.0,-5.958,0.0,0.0,-62.144,0.0,0.0,-1.529,0.0,0.0,0.0,0.0,0.0,0.9080000000000048,0.0,0.0
LYS  32,115.341,0.0,0.0,-8.32,0.0,0.0,-100.693,0.0,0.0,-11.802,0.0,0.0,0.0,0.0,0.0,-5.474000000000011,0.0,0.0
ASN  33,22.576,0.0,0.0,-7.681,0.0,0.0,-79.908,0.0,0.0,-6.27,0.0,0.0,0.0,0.0,0.0,-71.283,0.0,0.0
TRP  34,126.982,0.0,0.0,-10.341,0.0,0.0,-88.774,0.0,0.0,-6.002,0.0,0.0,0.0,0.0,0.0,21.865000000000006,0.0,0.0
MET  35,101.04,0.0,0.0,-11.05,0.0,0.0,-84.492,0.0,0.0,-0.982,0.0,0.0,0.0,0.0,0.0,4.5160000000000045,0.0,0.0
THR  36,41.472,0.0,0.0,-6.292,0.0,0.0,-55.316,0.0,0.0,0.027,0.0,0.0,0.0,0.0,0.0,-20.109,0.0,0.0
GLU  37,102.158,0.0,0.0,-5.771,0.0,0.0,-58.607,0.0,0.0,-95.655,0.0,0.0,0.0,0.0,0.0,-57.875,0.0,0.0
THR  38,46.45,0.0,0.0,-7.892,0.0,0.0,-55.257,0.0,0.0,0.414,0.0,0.0,0.0,0.0,0.0,-16.284999999999997,0.0,0.0
LEU  39,68.596,0.0,0.0,-9.789,0.0,0.0,-66.787,0.0,0.0,0.961,0.0,0.0,0.0,0.0,0.0,-7.019000000000004,0.0,0.0
LEU  40,82.289,0.0,0.0,-10.698,0.0,0.0,-92.422,0.0,0.0,0.858,0.0,0.0,0.0,0.0,0.0,-19.97299999999999,0.0,0.0
VAL  41,59.132,0.0,0.0,-9.553,0.0,0.0,-62.25,0.0,0.0,1.542,0.0,0.0,0.0,0.0,0.0,-11.129000000000007,0.0,0.0
GLN  42,23.889,0.0,0.0,-6.679,0.0,0.0,-67.858,0.0,0.0,-6.979,0.0,0.0,0.0,0.0,0.0,-57.627,0.0,0.0
ASN  43,19.989,0.0,0.0,-7.2,0.0,0.0,-78.404,0.0,0.0,-3.889,0.0,0.0,0.0,0.0,0.0,-69.50399999999999,0.0,0.0
ALA  44,89.66,0.0,0.0,-7.533,0.0,0.0,-79.492,0.0,0.0,1.362,0.0,0.0,0.0,0.0,0.0,3.996999999999991,0.0,0.0
ASN  45,47.824,0.0,0.0,-9.317,0.0,0.0,-93.871,0.0,0.0,-3.617,0.0,0.0,0.0,0.0,0.0,-58.980999999999995,0.0,0.0
PRO  46,80.09,0.0,0.0,-5.931,0.0,0.0,-56.835,0.0,0.0,-1.218,0.0,0.0,0.0,0.0,0.0,16.106000000000005,0.0,0.0
ASP  47,80.869,0.0,0.0,-7.309,0.0,0.0,-68.011,0.0,0.0,-75.357,0.0,0.0,0.0,0.0,0.0,-69.80799999999999,0.0,0.0
CYX  48,100.581,0.0,0.0,-7.678,0.0,0.0,-81.907,0.0,0.0,-1.392,0.0,0.0,0.0,0.0,0.0,9.60400000000001,0.0,0.0
LYS  49,139.36,0.0,0.0,-8.32,0.0,0.0,-128.293,0.0,0.0,-13.642,0.0,0.0,0.0,0.0,0.0,-10.894999999999985,0.0,0.0
THR  50,55.261,0.0,0.0,-6.725,0.0,0.0,-62.074,0.0,0.0,-6.131,0.0,0.0,0.0,0.0,0.0,-19.668999999999997,0.0,0.0
ILE  51,74.238,0.0,0.0,-10.319,0.0,0.0,-56.615,0.0,0.0,-0.58,0.0,0.0,0.0,0.0,0.0,6.723999999999995,0.0,0.0
LEU  52,91.518,0.0,0.0,-7.921,0.0,0.0,-77.014,0.0,0.0,-3.561,0.0,0.0,0.0,0.0,0.0,3.0219999999999985,0.0,0.0
LYS  53,128.658,0.0,0.0,-5.732,0.0,0.0,-88.861,0.0,0.0,-32.227,0.0,0.0,0.0,0.0,0.0,1.8379999999999868,0.0,0.0
ALA  54,82.739,0.0,0.0,-3.854,0.0,0.0,-72.262,0.0,0.0,-4.337,0.0,0.0,0.0,0.0,0.0,2.286000000000005,0.0,0.0
LEU  55,71.768,0.0,0.0,-8.052,0.0,0.0,-71.374,0.0,0.0,-5.327,0.0,0.0,0.0,0.0,0.0,-12.984999999999994,0.0,0.0
GLY  56,90.305,0.0,0.0,-3.041,0.0,0.0,-73.65,0.0,0.0,-4.098,0.0,0.0,0.0,0.0,0.0,9.516000000000005,0.0,0.0
PRO  57,78.36,0.0,0.0,-2.335,0.0,0.0,-53.063,0.0,0.0,-8.508,0.0,0.0,0.0,0.0,0.0,14.454000000000004,0.0,0.0
GLY  58,68.901,0.0,0.0,-1.685,0.0,0.0,-62.126,0.0,0.0,-5.963,0.0,0.0,0.0,0.0,0.0,-0.8730000000000038,0.0,0.0
ALA  59,97.717,0.0,0.0,-4.412,0.0,0.0,-83.703,0.0,0.0,-6.053,0.0,0.0,0.0,0.0,0.0,3.5489999999999897,0.0,0.0
THR  60,47.846,0.0,0.0,-5.589,0.0,0.0,-51.127,0.0,0.0,-7.776,0.0,0.0,0.0,0.0,0.0,-16.646000000000004,0.0,0.0
LEU  61,65.832,0.0,0.0,-6.8,0.0,0.0,-66.257,0.0,0.0,-2.568,0.0,0.0,0.0,0.0,0.0,-9.793000000000008,0.0,0.0
GLU  62,107.976,0.0,0.0,-5.633,0.0,0.0,-55.655,0.0,0.0,-108.652,0.0,0.0,0.0,0.0,0.0,-61.964,0.0,0.0
GLU  63,101.071,0.0,0.0,-8.025,0.0,0.0,-44.714,0.0,0.0,-110.54,0.0,0.0,0.0,0.0,0.0,-62.20800000000001,0.0,0.0
MET  64,97.31,0.0,0.0,-12.508,0.0,0.0,-76.206,0.0,0.0,-1.281,0.0,0.0,0.0,0.0,0.0,7.315000000000004,0.0,0.0
MET  65,103.164,0.0,0.0,-9.853,0.0,0.0,-81.799,0.0,0.0,0.494,0.0,0.0,0.0,0.0,0.0,12.006,0.0,0.0
THR  66,26.483,0.0,0.0,-4.519,0.0,0.0,-37.073,0.0,0.0,-0.951,0.0,0.0,0.0,0.0,0.0,-16.060000000000002,0.0,0.0
ALA  67,82.466,0.0,0.0,-4.441,0.0,0.0,-67.696,0.0,0.0,-1.294,0.0,0.0,0.0,0.0,0.0,9.034999999999993,0.0,0.0
CYX  68,96.708,0.0,0.0,-7.947,0.0,0.0,-83.209,0.0,0.0,-1.236,0.0,0.0,0.0,0.0,0.0,4.315999999999993,0.0,0.0
GLN  69,37.72,0.0,0.0,-5.214,0.0,0.0,-75.131,0.0,0.0,-7.889,0.0,0.0,0.0,0.0,0.0,-50.514,0.0,0.0
GLY  70,96.182,0.0,0.0,-4.178,0.0,0.0,-88.252,0.0,0.0,-1.285,0.0,0.0,0.0,0.0,0.0,2.4670000000000094,0.0,0.0
VAL  71,39.013,0.0,0.0,-1.963,0.0,0.0,-65.42,0.0,0.0,-69.379,0.0,0.0,0.0,0.0,0.0,-97.74900000000001,0.0,0.0

DELTAS:
Total Energy Decomposition:
Residue,Location,Internal,,,van der Waals,,,Electrostatic,,,Polar Solvation,,,Non-Polar Solv.,,,TOTAL,,
,,Avg.,Std. Dev.,Std. Err. of Mean,Avg.,Std. Dev.,Std. Err. of Mean,Avg.,Std. Dev.,Std. Err. of Mean,Avg.,Std. Dev.,Std. Err. of Mean,Avg.,Std. Dev.,Std. Err. of Mean
PRO   1,R PRO   1,0.0,0.0,0.0,0.0,0.0,0.0,-7.234000000000009,0.0,0.0,7.144,0.0,0.0,0.0,0.0,0.0,-0.09000000000000874,0.0,0.0
ILE   2,R ILE   2,0.0,0.0,0.0,0.0,0.0,0.0,0.12600000000000477,0.0,0.0,-0.125,0.0,0.0,0.0,0.0,0.0,0.0010000000000047748,0.0,0.0
VAL   3,R VAL   3,0.0,0.0,0.0,0.0,0.0,0.0,-0.0379999999999967,0.0,0.0,0.03600000000000003,0.0,0.0,0.0,0.0,0.0,-0.001999999999996671,0.0,0.0
GLN   4,R GLN   4,0.0,0.0,0.0,0.0,0.0,0.0,-0.18599999999999994,0.0,0.0,0.1850000000000005,0.0,0.0,0.0,0.0,0.0,-0.0009999999999976694,0.0,0.0
ASN   5,R ASN   5,0.0,0.0,0.0,-0.001000000000000334,0.0,0.0,0.0,0.0,0.0,-0.001000000000000334,0.0,0.0,0.0,0.0,0.0,-0.001999999999995339,0.0,0.0
LEU   6,R LEU   6,0.0,0.0,0.0,0.0,0.0,0.0,-0.0379999999999967,0.0,0.0,0.03799999999999981,0.0,0.0,0.0,0.0,0.0,3.552713678800501e-15,0.0,0.0
GLN   7,R GLN   7,0.0,0.0,0.0,0.0,0.0,0.0,0.11400000000000432,0.0,0.0,-0.11099999999999888,0.0,0.0,0.0,0.0,0.0,0.003000000000007219,0.0,0.0
GLY   8,R GLY   8,0.0,0.0,0.0,0.0,0.0,0.0,0.0309999999999917,0.0,0.0,-0.031000000000000583,0.0,0.0,0.0,0.0,0.0,-8.881784197001252e-15,0.0,0.0
GLN   9,R GLN   9,0.0,0.0,0.0,0.0,0.0,0.0,0.07399999999999807,0.0,0.0,-0.07199999999999918,0.0,0.0,0.0,0.0,0.0,0.0020000000000024443,0.0,0.0
MET  10,R MET  10,0.0,0.0,0.0,0.0,0.0,0.0,-0.08400000000000318,0.0,0.0,0.08400000000000052,0.0,0.0,0.0,0.0,0.0,-3.552713678800501e-15,0.0,0.0
VAL  11,R VAL  11,0.0,0.0,0.0,0.0,0.0,0.0,0.02300000000000324,0.0,0.0,-0.02300000000000013,0.0,0.0,0.0,0.0,0.0,1.7763568394002505e-15,0.0,0.0
HID  12,R HID  12,0.0,0.0,0.0,0.0,0.0,0.0,-0.13000000000000256,0.0,0.0,0.12899999999999956,0.0,0.0,0.0,0.0,0.0,-0.0010000000000047748,0.0,0.0
GLN  13,R GLN  13,0.0,0.0,0.0,0.0,0.0,0.0,-0.049000000000006594,0.0,0.0,0.04800000000000004,0.0,0.0,0.0,0.0,0.0,-0.0010000000000118803,0.0,0.0
ALA  14,R ALA  14,0.0,0.0,0.0,-0.0009999999999998899,0.0,0.0,0.018000000000000682,0.0,0.0,-0.018000000000000682,0.0,0.0,0.0,0.0,0.0,-0.0010000000000047748,0.0,0.0
ILE  15,R ILE  15,0.0,0.0,0.0,-0.001000000000000334,0.0,0.0,-0.02400000000000091,0.0,0.0,0.02499999999999991,0.0,0.0,0.0,0.0,0.0,7.105427357601002e-15,0.0,0.0
SER  16,R SER  16,0.0,0.0,0.0,-0.001000000000000334,0.0,0.0,0.1670000000000016,0.0,0.0,-0.16100000000000136,0.0,0.0,0.0,0.0,0.0,0.0049999999999954525,0.0,0.0
PRO  17,R PRO  17,0.0,0.0,0.0,-0.0009999999999994458,0.0,0.0,0.15200000000000102,0.0,0.0,-0.14800000000000013,0.0,0.0,0.0,0.0,0.0,0.002999999999996561,0.0,0.0
ARG  18,R ARG  18,0.0,0.0,0.0,-0.0030000000000001137,0.0,0.0,-9.851999999999997,0.0,0.0,9.702999999999996,0.0,0.0,0.0,0.0,0.0,-0.1519999999999868,0.0,0.0
THR  19,R THR  19,0.0,0.0,0.0,-0.0030000000000001137,0.0,0.0,0.23000000000000398,0.0,0.0,-0.2200000000000002,0.0,0.0,0.0,0.0,0.0,0.007000000000005002,0.0,0.0
LEU  20,R LEU  20,0.0,0.0,0.0,-0.0039999999999995595,0.0,0.0,0.11499999999999488,0.0,0.0,-0.1070000000000002,0.0,0.0,0.0,0.0,0.0,0.003999999999990678,0.0,0.0
ASN  21,R ASN  21,0.0,0.0,0.0,-0.008999999999999453,0.0,0.0,0.14799999999999613,0.0,0.0,-0.13400000000000034,0.0,0.0,0.0,0.0,0.0,0.0049999999999954525,0.0,0.0
ALA  22,R ALA  22,0.0,0.0,0.0,-0.008000000000000007,0.0,0.0,0.26500000000000057,0.0,0.0,-0.254,0.0,0.0,0.0,0.0,0.0,0.0030000000000045546,0.0,0.0
TRP  23,R TRP  23,0.0,0.0,0.0,-0.022999999999999687,0.0,0.0,0.3539999999999992,0.0,0.0,-0.31499999999999995,0.0,0.0,0.0,0.0,0.0,0.01600000000000179,0.0,0.0
VAL  24,R VAL  24,0.0,0.0,0.0,-0.03200000000000003,0.0,0.0,0.0379999999999967,0.0,0.0,-0.01399999999999979,0.0,0.0,0.0,0.0,0.0,-0.008000000000006668,0.0,0.0
LYS  25,R LYS  25,0.0,0.0,0.0,-0.11299999999999955,0.0,0.0,-16.909000000000006,0.0,0.0,16.601,0.0,0.0,0.0,0.0,0.0,-0.4210000000000065,0.0,0.0
VAL  26,R VAL  26,0.0,0.0,0.0,-0.0840000000000014,0.0,0.0,0.32200000000000273,0.0,0.0,-0.22799999999999998,0.0,0.0,0.0,0.0,0.0,0.00999999999999801,0.0,0.0
VAL  27,R VAL  27,0.0,0.0,0.0,-0.11299999999999955,0.0,0.0,0.22099999999999653,0.0,0.0,-0.21099999999999985,0.0,0.0,0.0,0.0,0.0,-0.10300000000000331,0.0,0.0
GLU  28,R GLU  28,0.0,0.0,0.0,-0.4190000000000005,0.0,0.0,11.912000000000006,0.0,0.0,-10.188999999999993,0.0,0.0,0.0,0.0,0.0,1.3040000000000163,0.0,0.0
GLU  29,R GLU  29,0.0,0.0,0.0,-1.9079999999999995,0.0,0.0,11.298000000000002,0.0,0.0,-9.939000000000007,0.0,0.0,0.0,0.0,0.0,-0.5490000000000066,0.0,0.0
LYS  30,R LYS  30,0.0,0.0,0.0,-2.355999999999999,0.0,0.0,-24.577000000000012,0.0,0.0,28.186999999999998,0.0,0.0,0.0,0.0,0.0,1.2539999999999925,0.0,0.0
ALA  31,R ALA  31,0.0,0.0,0.0,-2.366,0.0,0.0,2.7349999999999994,0.0,0.0,-0.7379999999999995,0.0,0.0,0.0,0.0,0.0,-0.3689999999999998,0.0,0.0
PHE  32,R PHE  32,0.0,0.0,0.0,-1.1770000000000014,0.0,0.0,2.0120000000000005,0.0,0.0,-1.0629999999999997,0.0,0.0,0.0,0.0,0.0,-0.2280000000000051,0.0,0.0
SER  33,R SER  33,0.0,0.0,0.0,-0.16199999999999992,0.0,0.0,-0.8150000000000119,0.0,0.0,1.02,0.0,0.0,0.0,0.0,0.0,0.04299999999999571,0.0,0.0
PRO  34,R PRO  34,0.0,0.0,0.0,-0.05600000000000005,0.0,0.0,-0.5760000000000005,0.0,0.0,0.562,0.0,0.0,0.0,0.0,0.0,-0.06999999999999673,0.0,0.0
GLU  35,R GLU  35,0.0,0.0,0.0,-0.03300000000000036,0.0,0.0,15.989999999999995,0.0,0.0,-15.643,0.0,0.0,0.0,0.0,0.0,0.31399999999999295,0.0,0.0
VAL  36,R VAL  36,0.0,0.0,0.0,-0.03999999999999915,0.0,0.0,-0.46699999999999875,0.0,0.0,0.384,0.0,0.0,0.0,0.0,0.0,-0.12299999999999756,0.0,0.0
ILE  37,R ILE  37,0.0,0.0,0.0,-0.014000000000001123,0.0,0.0,-0.3640000000000043,0.0,0.0,0.3510000000000001,0.0,0.0,0.0,0.0,0.0,-0.02700000000001168,0.0,0.0
PRO  38,R PRO  38,0.0,0.0,0.0,-0.006000000000000227,0.0,0.0,-0.375,0.0,0.0,0.3630000000000002,0.0,0.0,0.0,0.0,0.0,-0.018000000000000682,0.0,0.0
MET  39,R MET  39,0.0,0.0,0.0,-0.008999999999998565,0.0,0.0,-0.1290000000000049,0.0,0.0,0.10999999999999999,0.0,0.0,0.0,0.0,0.0,-0.028000000000005798,0.0,0.0
PHE  40,R PHE  40,0.0,0.0,0.0,-0.006000000000000227,0.0,0.0,-0.17100000000000648,0.0,0.0,0.15500000000000003,0.0,0.0,0.0,0.0,0.0,-0.02200000000000668,0.0,0.0
SER  41,R SER  41,0.0,0.0,0.0,-0.0009999999999994458,0.0,0.0,-0.3049999999999997,0.0,0.0,0.2919999999999998,0.0,0.0,0.0,0.0,0.0,-0.014000000000004675,0.0,0.0
ALA  42,R ALA  42,0.0,0.0,0.0,-0.001000000000000334,0.0,0.0,-0.21299999999999386,0.0,0.0,0.20199999999999996,0.0,0.0,0.0,0.0,0.0,-0.011999999999996902,0.0,0.0
LEU  43,R LEU  43,0.0,0.0,0.0,-0.0030000000000001137,0.0,0.0,-0.1740000000000066,0.0,0.0,0.16300000000000026,0.0,0.0,0.0,0.0,0.0,-0.014000000000006452,0.0,0.0
SER  44,R SER  44,0.0,0.0,0.0,-0.0009999999999994458,0.0,0.0,-0.15800000000000125,0.0,0.0,0.15199999999999997,0.0,0.0,0.0,0.0,0.0,-0.007000000000005002,0.0,0.0
GLU  45,R GLU  45,0.0,0.0,0.0,-0.0009999999999994458,0.0,0.0,8.082999999999998,0.0,0.0,-7.974000000000004,0.0,0.0,0.0,0.0,0.0,0.10800000000000409,0.0,0.0
GLY  46,R GLY  46,0.0,0.0,0.0,0.0,0.0,0.0,-0.03999999999999204,0.0,0.0,0.039000000000000035,0.0,0.0,0.0,0.0,0.0,-0.0009999999999918963,0.0,0.0
ALA  47,R ALA  47,0.0,0.0,0.0,0.0,0.0,0.0,-0.0379999999999967,0.0,0.0,0.03699999999999992,0.0,0.0,0.0,0.0,0.0,-0.0009999999999967812,0.0,0.0
THR  48,R THR  48,0.0,0.0,0.0,0.0,0.0,0.0,0.08599999999999852,0.0,0.0,-0.083,0.0,0.0,0.0,0.0,0.0,0.0029999999999983373,0.0,0.0
PRO  49,R PRO  49,0.0,0.0,0.0,0.0,0.0,0.0,0.06499999999999773,0.0,0.0,-0.064,0.0,0.0,0.0,0.0,0.0,0.0009999999999976694,0.0,0.0
GLN  50,R GLN  50,0.0,0.0,0.0,0.0,0.0,0.0,0.06999999999999318,0.0,0.0,-0.06799999999999962,0.0,0.0,0.0,0.0,0.0,0.0019999999999882334,0.0,0.0
ASP  51,R ASP  51,0.0,0.0,0.0,-0.0010000000000012221,0.0,0.0,7.057000000000002,0.0,0.0,-6.972000000000001,0.0,0.0,0.0,0.0,0.0,0.08400000000001029,0.0,0.0
LEU  52,R LEU  52,0.0,0.0,0.0,-0.0009999999999994458,0.0,0.0,0.08500000000000796,0.0,0.0,-0.08200000000000007,0.0,0.0,0.0,0.0,0.0,0.0020000000000095497,0.0,0.0
ASN  53,R ASN  53,0.0,0.0,0.0,-0.0009999999999994458,0.0,0.0,0.0870000000000033,0.0,0.0,-0.08499999999999996,0.0,0.0,0.0,0.0,0.0,0.0010000000000047748,0.0,0.0
THR  54,R THR  54,0.0,0.0,0.0,-0.001000000000000334,0.0,0.0,0.005000000000002558,0.0,0.0,-0.006000000000000227,0.0,0.0,0.0,0.0,0.0,-0.0020000000000024443,0.0,0.0
MET  55,R MET  55,0.0,0.0,0.0,-0.0030000000000001137,0.0,0.0,0.09199999999999875,0.0,0.0,-0.088,0.0,0.0,0.0,0.0,0.0,0.0009999999999985576,0.0,0.0
LEU  56,R LEU  56,0.0,0.0,0.0,-0.006000000000000227,0.0,0.0,-0.10500000000000398,0.0,0.0,0.10399999999999998,0.0,0.0,0.0,0.0,0.0,-0.007000000000003226,0.0,0.0
ASN  57,R ASN  57,0.0,0.0,0.0,-0.0039999999999995595,0.0,0.0,-0.3459999999999894,0.0,0.0,0.33999999999999986,0.0,0.0,0.0,0.0,0.0,-0.009999999999976694,0.0,0.0
THR  58,R THR  58,0.0,0.0,0.0,-0.01100000000000012,0.0,0.0,-0.03999999999999915,0.0,0.0,0.04700000000000015,0.0,0.0,0.0,0.0,0.0,-0.00399999999999423,0.0,0.0
VAL  59,R VAL  59,0.0,0.0,0.0,-0.02400000000000002,0.0,0.0,-0.3429999999999964,0.0,0.0,0.32099999999999995,0.0,0.0,0.0,0.0,0.0,-0.04599999999999671,0.0,0.0
ALA  60,R ALA  60,0.0,0.0,0.0,-0.012000000000000455,0.0,0.0,-0.5010000000000048,0.0,0.0,0.489,0.0,0.0,0.0,0.0,0.0,-0.024000000000004462,0.0,0.0
PRO  61,R PRO  61,0.0,0.0,0.0,-0.04499999999999993,0.0,0.0,-1.033999999999999,0.0,0.0,0.9909999999999997,0.0,0.0,0.0,0.0,0.0,-0.08800000000000097,0.0,0.0
HID  62,R HID  62,0.0,0.0,0.0,-0.1739999999999995,0.0,0.0,2.0420000000000016,0.0,0.0,-1.928,0.0,0.0,0.0,0.0,0.0,-0.059999999999991616,0.0,0.0
GLN  63,R GLN  63,0.0,0.0,0.0,-0.08900000000000041,0.0,0.0,-0.7849999999999966,0.0,0.0,0.7439999999999998,0.0,0.0,0.0,0.0,0.0,-0.12999999999999545,0.0,0.0
ALA  64,R ALA  64,0.0,0.0,0.0,-0.13500000000000068,0.0,0.0,1.0990000000000038,0.0,0.0,-1.0230000000000006,0.0,0.0,0.0,0.0,0.0,-0.05900000000000283,0.0,0.0
ALA  65,R ALA  65,0.0,0.0,0.0,-0.09799999999999986,0.0,0.0,0.3719999999999999,0.0,0.0,-0.32799999999999985,0.0,0.0,0.0,0.0,0.0,-0.05399999999999938,0.0,0.0
ALA  66,R ALA  66,0.0,0.0,0.0,-0.017999999999999794,0.0,0.0,0.4140000000000015,0.0,0.0,-0.3939999999999999,0.0,0.0,0.0,0.0,0.0,0.002000000000000668,0.0,0.0
GLN  67,R GLN  67,0.0,0.0,0.0,-0.019000000000000128,0.0,0.0,0.8909999999999911,0.0,0.0,-0.859,0.0,0.0,0.0,0.0,0.0,0.012999999999998124,0.0,0.0
MET  68,R MET  68,0.0,0.0,0.0,-0.03399999999999892,0.0,0.0,0.1770000000000067,0.0,0.0,-0.1770000000000005,0.0,0.0,0.0,0.0,0.0,-0.03399999999999981,0.0,0.0
LEU  69,R LEU  69,0.0,0.0,0.0,-0.011999999999998678,0.0,0.0,0.14399999999999125,0.0,0.0,-0.1419999999999999,0.0,0.0,0.0,0.0,0.0,-0.010000000000009557,0.0,0.0
LYS  70,R LYS  70,0.0,0.0,0.0,-0.006000000000000227,0.0,0.0,-5.314999999999998,0.0,0.0,5.248999999999999,0.0,0.0,0.0,0.0,0.0,-0.07199999999999918,0.0,0.0
GLU  71,R GLU  71,0.0,0.0,0.0,-0.005999999999999339,0.0,0.0,6.027999999999999,0.0,0.0,-5.969999999999999,0.0,0.0,0.0,0.0,0.0,0.05200000000000671,0.0,0.0
THR  72,R THR  72,0.0,0.0,0.0,-0.0039999999999995595,0.0,0.0,0.10499999999999687,0.0,0.0,-0.10499999999999954,0.0,0.0,0.0,0.0,0.0,-0.004000000000001336,0.0,0.0
ILE  73,R ILE  73,0.0,0.0,0.0,-0.0030000000000001137,0.0,0.0,0.007999999999995566,0.0,0.0,-0.010000000000000231,0.0,0.0,0.0,0.0,0.0,-0.0050000000000052225,0.0,0.0
ASN  74,R ASN  74,0.0,0.0,0.0,-0.0019999999999997797,0.0,0.0,0.0040000000000048885,0.0,0.0,-0.0030000000000001137,0.0,0.0,0.0,0.0,0.0,-0.0010000000000047748,0.0,0.0
GLU  75,R GLU  75,0.0,0.0,0.0,-0.0019999999999997797,0.0,0.0,7.411999999999999,0.0,0.0,-7.319000000000003,0.0,0.0,0.0,0.0,0.0,0.09099999999999397,0.0,0.0
GLU  76,R GLU  76,0.0,0.0,0.0,-0.0019999999999988916,0.0,0.0,7.480999999999998,0.0,0.0,-7.381,0.0,0.0,0.0,0.0,0.0,0.09800000000000608,0.0,0.0
ALA  77,R ALA  77,0.0,0.0,0.0,0.0,0.0,0.0,-0.033999999999991815,0.0,0.0,0.03499999999999992,0.0,0.0,0.0,0.0,0.0,0.0010000000000083276,0.0,0.0
ALA  78,R ALA  78,0.0,0.0,0.0,0.0,0.0,0.0,-0.06400000000000716,0.0,0.0,0.06299999999999994,0.0,0.0,0.0,0.0,0.0,-0.0010000000000074394,0.0,0.0
GLU  79,R GLU  79,0.0,0.0,0.0,-0.001000000000000334,0.0,0.0,6.5120000000000005,0.0,0.0,-6.429000000000002,0.0,0.0,0.0,0.0,0.0,0.08199999999999363,0.0,0.0
TRP  80,R TRP  80,0.0,0.0,0.0,0.0,0.0,0.0,-0.03100000000000591,0.0,0.0,0.03100000000000014,0.0,0.0,0.0,0.0,0.0,-5.329070518200751e-15,0.0,0.0
ASP  81,R ASP  81,0.0,0.0,0.0,0.0,0.0,0.0,5.760000000000005,0.0,0.0,-5.689999999999998,0.0,0.0,0.0,0.0,0.0,0.07000000000000739,0.0,0.0
ARG  82,R ARG  82,0.0,0.0,0.0,-0.0009999999999994458,0.0,0.0,-6.131999999999998,0.0,0.0,6.057000000000002,0.0,0.0,0.0,0.0,0.0,-0.0759999999999934,0.0,0.0
LEU  83,R LEU  83,0.0,0.0,0.0,0.0,0.0,0.0,-0.08599999999999852,0.0,0.0,0.08599999999999985,0.0,0.0,0.0,0.0,0.0,0.0,0.0,0.0
HID  84,R HID  84,0.0,0.0,0.0,-0.001000000000000334,0.0,0.0,-0.018999999999991246,0.0,0.0,0.019000000000000128,0.0,0.0,0.0,0.0,0.0,-0.0009999999999799059,0.0,0.0
PRO  85,R PRO  85,0.0,0.0,0.0,0.0,0.0,0.0,-0.009999999999990905,0.0,0.0,0.009999999999999787,0.0,0.0,0.0,0.0,0.0,8.881784197001252e-15,0.0,0.0
VAL  86,R VAL  86,0.0,0.0,0.0,0.0,0.0,0.0,-0.01999999999999602,0.0,0.0,0.019000000000000128,0.0,0.0,0.0,0.0,0.0,-0.000999999999995893,0.0,0.0
HID  87,R HID  87,0.0,0.0,0.0,0.0,0.0,0.0,-0.0659999999999954,0.0,0.0,0.06600000000000072,0.0,0.0,0.0,0.0,0.0,3.552713678800501e-15,0.0,0.0
ALA  88,R ALA  88,0.0,0.0,0.0,0.0,0.0,0.0,0.025000000000005684,0.0,0.0,-0.025000000000000355,0.0,0.0,0.0,0.0,0.0,5.329070518200751e-15,0.0,0.0
GLY  89,R GLY  89,0.0,0.0,0.0,0.0,0.0,0.0,-0.01999999999999602,0.0,0.0,0.020000000000000018,0.0,0.0,0.0,0.0,0.0,3.552713678800501e-15,0.0,0.0
PRO  90,R PRO  90,0.0,0.0,0.0,0.0,0.0,0.0,-0.026000000000003354,0.0,0.0,0.024999999999999467,0.0,0.0,0.0,0.0,0.0,-0.0010000000000047748,0.0,0.0
ILE  91,R ILE  91,0.0,0.0,0.0,0.0,0.0,0.0,-0.030999999999998806,0.0,0.0,0.029999999999999805,0.0,0.0,0.0,0.0,0.0,-0.0009999999999994458,0.0,0.0
ALA  92,R ALA  92,0.0,0.0,0.0,0.0,0.0,0.0,0.03100000000000591,0.0,0.0,-0.03100000000000014,0.0,0.0,0.0,0.0,0.0,7.105427357601002e-15,0.0,0.0
PRO  93,R PRO  93,0.0,0.0,0.0,0.0,0.0,0.0,0.007000000000005002,0.0,0.0,-0.006000000000000227,0.0,0.0,0.0,0.0,0.0,0.0010000000000047748,0.0,0.0
GLY  94,R GLY  94,0.0,0.0,0.0,0.0,0.0,0.0,0.012000000000000455,0.0,0.0,-0.012000000000000455,0.0,0.0,0.0,0.0,0.0,0.0,0.0,0.0
GLN  95,R GLN  95,0.0,0.0,0.0,0.0,0.0,0.0,0.027000000000001023,0.0,0.0,-0.026999999999999247,0.0,0.0,0.0,0.0,0.0,0.0,0.0,0.0
MET  96,R MET  96,0.0,0.0,0.0,0.0,0.0,0.0,-0.057999999999992724,0.0,0.0,0.05900000000000016,0.0,0.0,0.0,0.0,0.0,0.0010000000000065512,0.0,0.0
ARG  97,R ARG  97,0.0,0.0,0.0,0.0,0.0,0.0,-5.380999999999999,0.0,0.0,5.315000000000001,0.0,0.0,0.0,0.0,0.0,-0.0660000000000025,0.0,0.0
GLU  98,R GLU  98,0.0,0.0,0.0,0.0,0.0,0.0,5.275999999999996,0.0,0.0,-5.2039999999999935,0.0,0.0,0.0,0.0,0.0,0.07200000000000273,0.0,0.0
PRO  99,R PRO  99,0.0,0.0,0.0,0.0,0.0,0.0,-0.00999999999999801,0.0,0.0,0.01100000000000012,0.0,0.0,0.0,0.0,0.0,0.0010000000000012221,0.0,0.0
ARG 100,R ARG 100,0.0,0.0,0.0,0.0,0.0,0.0,-5.4079999999999995,0.0,0.0,5.345000000000002,0.0,0.0,0.0,0.0,0.0,-0.0630000000000166,0.0,0.0
GLY 101,R GLY 101,0.0,0.0,0.0,0.0,0.0,0.0,0.03999999999999204,0.0,0.0,-0.0389999999999997,0.0,0.0,0.0,0.0,0.0,0.0009999999999923403,0.0,0.0
SER 102,R SER 102,0.0,0.0,0.0,0.0,0.0,0.0,0.05700000000000216,0.0,0.0,-0.05699999999999994,0.0,0.0,0.0,0.0,0.0,2.220446049250313e-15,0.0,0.0
ASP 103,R ASP 103,0.0,0.0,0.0,0.0,0.0,0.0,5.6440000000000055,0.0,0.0,-5.5760000000000005,0.0,0.0,0.0,0.0,0.0,0.06800000000000495,0.0,0.0
ILE 104,R ILE 104,0.0,0.0,0.0,-0.0009999999999994458,0.0,0.0,0.04800000000000182,0.0,0.0,-0.04600000000000004,0.0,0.0,0.0,0.0,0.0,0.0009999999999967812,0.0,0.0
ALA 105,R ALA 105,0.0,0.0,0.0,0.0,0.0,0.0,0.02200000000000557,0.0,0.0,-0.02200000000000002,0.0,0.0,0.0,0.0,0.0,5.329070518200751e-15,0.0,0.0
GLY 106,R GLY 106,0.0,0.0,0.0,0.0,0.0,0.0,0.003999999999990678,0.0,0.0,-0.004999999999999893,0.0,0.0,0.0,0.0,0.0,-0.0010000000000092157,0.0,0.0
THR 107,R THR 107,0.0,0.0,0.0,0.0,0.0,0.0,0.007999999999995566,0.0,0.0,-0.008000000000000007,0.0,0.0,0.0,0.0,0.0,-5.329070518200751e-15,0.0,0.0
THR 108,R THR 108,0.0,0.0,0.0,0.0,0.0,0.0,-0.030999999999998806,0.0,0.0,0.03100000000000014,0.0,0.0,0.0,0.0,0.0,3.552713678800501e-15,0.0,0.0
SER 109,R SER 109,0.0,0.0,0.0,0.0,0.0,0.0,0.029000000000010573,0.0,0.0,-0.02899999999999997,0.0,0.0,0.0,0.0,0.0,1.0658141036401503e-14,0.0,0.0
THR 110,R THR 110,0.0,0.0,0.0,0.0,0.0,0.0,-0.026000000000003354,0.0,0.0,0.0259999999999998,0.0,0.0,0.0,0.0,0.0,-3.552713678800501e-15,0.0,0.0
LEU 111,R LEU 111,0.0,0.0,0.0,-0.0009999999999994458,0.0,0.0,-0.01899999999999835,0.0,0.0,0.018999999999999684,0.0,0.0,0.0,0.0,0.0,-0.000999999999995893,0.0,0.0
GLN 112,R GLN 112,0.0,0.0,0.0,0.0,0.0,0.0,0.08400000000000318,0.0,0.0,-0.08300000000000018,0.0,0.0,0.0,0.0,0.0,0.0010000000000047748,0.0,0.0
GLU 113,R GLU 113,0.0,0.0,0.0,0.0,0.0,0.0,5.509,0.0,0.0,-5.440000000000005,0.0,0.0,0.0,0.0,0.0,0.06899999999999551,0.0,0.0
GLN 114,R GLN 114,0.0,0.0,0.0,-0.0010000000000012221,0.0,0.0,-0.04599999999999227,0.0,0.0,0.04600000000000026,0.0,0.0,0.0,0.0,0.0,-0.000999999999990564,0.0,0.0
ILE 115,R ILE 115,0.0,0.0,0.0,0.0,0.0,0.0,-0.007000000000005002,0.0,0.0,0.007000000000000117,0.0,0.0,0.0,0.0,0.0,-5.329070518200751e-15,0.0,0.0
GLY 116,R GLY 116,0.0,0.0,0.0,0.0,0.0,0.0,-0.02400000000000091,0.0,0.0,0.02400000000000002,0.0,0.0,0.0,0.0,0.0,-8.881784197001252e-16,0.0,0.0
TRP 117,R TRP 117,0.0,0.0,0.0,0.0,0.0,0.0,-0.0049999999999954525,0.0,0.0,0.0050000000000000044,0.0,0.0,0.0,0.0,0.0,3.552713678800501e-15,0.0,0.0
MET 118,R MET 118,0.0,0.0,0.0,0.0,0.0,0.0,0.006999999999990791,0.0,0.0,-0.006000000000000005,0.0,0.0,0.0,0.0,0.0,0.000999999999990564,0.0,0.0
THR 119,R THR 119,0.0,0.0,0.0,-0.001000000000000334,0.0,0.0,-0.07299999999999329,0.0,0.0,0.07200000000000006,0.0,0.0,0.0,0.0,0.0,-0.0019999999999988916,0.0,0.0
HID 120,R HID 120,0.0,0.0,0.0,-0.001000000000000334,0.0,0.0,-0.0040000000000048885,0.0,0.0,0.004000000000001336,0.0,0.0,0.0,0.0,0.0,-0.0009999999999976694,0.0,0.0
ASN 121,R ASN 121,0.0,0.0,0.0,0.0,0.0,0.0,0.0040000000000048885,0.0,0.0,-0.0039999999999995595,0.0,0.0,0.0,0.0,0.0,7.105427357601002e-15,0.0,0.0
PRO 122,R PRO 122,0.0,0.0,0.0,0.0,0.0,0.0,-0.006000000000000227,0.0,0.0,0.005999999999999783,0.0,0.0,0.0,0.0,0.0,0.0,0.0,0.0
PRO 123,R PRO 123,0.0,0.0,0.0,0.0,0.0,0.0,-0.017000000000003013,0.0,0.0,0.017000000000000348,0.0,0.0,0.0,0.0,0.0,-3.552713678800501e-15,0.0,0.0
ILE 124,R ILE 124,0.0,0.0,0.0,0.0,0.0,0.0,-0.011000000000002785,0.0,0.0,0.010000000000000009,0.0,0.0,0.0,0.0,0.0,-0.0010000000000012221,0.0,0.0
PRO 125,R PRO 125,0.0,0.0,0.0,0.0,0.0,0.0,0.04399999999999693,0.0,0.0,-0.04200000000000004,0.0,0.0,0.0,0.0,0.0,0.001999999999995339,0.0,0.0
VAL 126,R VAL 126,0.0,0.0,0.0,-0.0010000000000012221,0.0,0.0,0.07000000000000028,0.0,0.0,-0.068,0.0,0.0,0.0,0.0,0.0,0.0010000000000029985,0.0,0.0
GLY 127,R GLY 127,0.0,0.0,0.0,0.0,0.0,0.0,0.07200000000000273,0.0,0.0,-0.06899999999999995,0.0,0.0,0.0,0.0,0.0,0.00300000000000189,0.0,0.0
GLU 128,R GLU 128,0.0,0.0,0.0,-0.0009999999999994458,0.0,0.0,7.47999999999999,0.0,0.0,-7.388999999999996,0.0,0.0,0.0,0.0,0.0,0.09000000000000341,0.0,0.0
ILE 129,R ILE 129,0.0,0.0,0.0,0.0,0.0,0.0,0.12199999999999989,0.0,0.0,-0.12000000000000002,0.0,0.0,0.0,0.0,0.0,0.002000000000000668,0.0,0.0
TYR 130,R TYR 130,0.0,0.0,0.0,-0.002000000000000668,0.0,0.0,0.09000000000000341,0.0,0.0,-0.08599999999999997,0.0,0.0,0.0,0.0,0.0,0.0020000000000086615,0.0,0.0
LYS 131,R LYS 131,0.0,0.0,0.0,-0.0010000000000012221,0.0,0.0,-7.820999999999998,0.0,0.0,7.721,0.0,0.0,0.0,0.0,0.0,-0.10100000000000264,0.0,0.0
ARG 132,R ARG 132,0.0,0.0,0.0,-0.002000000000000668,0.0,0.0,-7.079000000000001,0.0,0.0,6.989,0.0,0.0,0.0,0.0,0.0,-0.09200000000001296,0.0,0.0
TRP 133,R TRP 133,0.0,0.0,0.0,-0.002000000000000668,0.0,0.0,0.15500000000000114,0.0,0.0,-0.14500000000000002,0.0,0.0,0.0,0.0,0.0,0.007999999999992013,0.0,0.0
ILE 134,R ILE 134,0.0,0.0,0.0,-0.004000000000001336,0.0,0.0,0.18600000000000705,0.0,0.0,-0.16200000000000003,0.0,0.0,0.0,0.0,0.0,0.020000000000017337,0.0,0.0
ILE 135,R ILE 135,0.0,0.0,0.0,-0.005000000000000782,0.0,0.0,0.31799999999999784,0.0,0.0,-0.284,0.0,0.0,0.0,0.0,0.0,0.02900000000000169,0.0,0.0
LEU 136,R LEU 136,0.0,0.0,0.0,-0.004999999999999893,0.0,0.0,0.4200000000000017,0.0,0.0,-0.3919999999999999,0.0,0.0,0.0,0.0,0.0,0.023000000000006793,0.0,0.0
GLY 137,R GLY 137,0.0,0.0,0.0,-0.008000000000000007,0.0,0.0,0.31100000000000705,0.0,0.0,-0.263,0.0,0.0,0.0,0.0,0.0,0.03999999999999737,0.0,0.0
LEU 138,R LEU 138,0.0,0.0,0.0,-0.02800000000000047,0.0,0.0,0.37599999999999056,0.0,0.0,-0.2390000000000001,0.0,0.0,0.0,0.0,0.0,0.108999999999984,0.0,0.0
ASN 139,R ASN 139,0.0,0.0,0.0,-0.022999999999999687,0.0,0.0,1.2890000000000015,0.0,0.0,-1.1909999999999998,0.0,0.0,0.0,0.0,0.0,0.07500000000000284,0.0,0.0
LYS 140,R LYS 140,0.0,0.0,0.0,-0.05299999999999905,0.0,0.0,-8.075999999999993,0.0,0.0,8.021999999999998,0.0,0.0,0.0,0.0,0.0,-0.10699999999999221,0.0,0.0
ILE 141,R ILE 141,0.0,0.0,0.0,-0.41100000000000136,0.0,0.0,-0.367999999999995,0.0,0.0,0.694,0.0,0.0,0.0,0.0,0.0,-0.08499999999999641,0.0,0.0
VAL 142,R VAL 142,0.0,0.0,0.0,-0.544999999999999,0.0,0.0,1.973000000000006,0.0,0.0,-1.9280000000000004,0.0,0.0,0.0,0.0,0.0,-0.49999999999999556,0.0,0.0
ARG 143,R ARG 143,0.0,0.0,0.0,-0.2320000000000002,0.0,0.0,-17.137999999999998,0.0,0.0,16.428,0.0,0.0,0.0,0.0,0.0,-0.9420000000000073,0.0,0.0
MET 144,R MET 144,0.0,0.0,0.0,-1.3419999999999996,0.0,0.0,4.030000000000001,0.0,0.0,-1.6689999999999996,0.0,0.0,0.0,0.0,0.0,1.0190000000000028,0.0,0.0
TYR 145,R TYR 145,0.0,0.0,0.0,-0.8019999999999996,0.0,0.0,-3.1680000000000064,0.0,0.0,3.2860000000000005,0.0,0.0,0.0,0.0,0.0,-0.6839999999999984,0.0,0.0
SER 146,R SER 146,0.0,0.0,0.0,-2.6700000000000004,0.0,0.0,-2.8459999999999965,0.0,0.0,3.8469999999999995,0.0,0.0,0.0,0.0,0.0,-1.6689999999999987,0.0,0.0
PRO 147,R PRO 147,0.0,0.0,0.0,-0.4910000000000001,0.0,0.0,1.115000000000002,0.0,0.0,-1.0760000000000005,0.0,0.0,0.0,0.0,0.0,-0.4519999999999982,0.0,0.0
THR 148,R THR 148,0.0,0.0,0.0,-1.713,0.0,0.0,2.4380000000000024,0.0,0.0,0.7859999999999996,0.0,0.0,0.0,0.0,0.0,1.5109999999999992,0.0,0.0
SER 149,R SER 149,0.0,0.0,0.0,-3.888,0.0,0.0,-8.843999999999994,0.0,0.0,11.496,0.0,0.0,0.0,0.0,0.0,-1.2359999999999989,0.0,0.0
ILE 150,R ILE 150,19.120999999999995,0.0,0.0,-9.549000000000001,0.0,0.0,-31.524000000000004,0.0,0.0,9.304,0.0,0.0,0.0,0.0,0.0,-12.648000000000009,0.0,0.0
LEU 151,L LEU   1,19.695,0.0,0.0,-2.423,0.0,0.0,-24.313000000000002,0.0,0.0,0.8220000000000001,0.0,0.0,0.0,0.0,0.0,-6.219000000000003,0.0,0.0
ASP 152,L ASP   2,0.0,0.0,0.0,-2.029,0.0,0.0,6.727000000000004,0.0,0.0,-4.149000000000001,0.0,0.0,0.0,0.0,0.0,0.5490000000000066,0.0,0.0
ILE 153,L ILE   3,0.0,0.0,0.0,-2.0980000000000008,0.0,0.0,-1.36399999999999,0.0,0.0,0.23399999999999999,0.0,0.0,0.0,0.0,0.0,-3.2279999999999873,0.0,0.0
ARG 154,L ARG   4,0.0,0.0,0.0,-0.09600000000000009,0.0,0.0,-8.89,0.0,0.0,8.815,0.0,0.0,0.0,0.0,0.0,-0.1710000000000207,0.0,0.0
GLN 155,L GLN   5,0.0,0.0,0.0,-0.015000000000000568,0.0,0.0,-0.08100000000000307,0.0,0.0,0.06600000000000006,0.0,0.0,0.0,0.0,0.0,-0.030000000000001137,0.0,0.0
GLY 156,L GLY   6,0.0,0.0,0.0,-0.0030000000000001137,0.0,0.0,-0.000999999999990564,0.0,0.0,0.02200000000000024,0.0,0.0,0.0,0.0,0.0,0.018000000000009564,0.0,0.0
PRO 157,L PRO   7,0.0,0.0,0.0,-0.0019999999999997797,0.0,0.0,-0.0519999999999996,0.0,0.0,0.054999999999999716,0.0,0.0,0.0,0.0,0.0,0.000999999999990564,0.0,0.0
LYS 158,L LYS   8,0.0,0.0,0.0,-0.0019999999999997797,0.0,0.0,-6.876000000000005,0.0,0.0,6.7379999999999995,0.0,0.0,0.0,0.0,0.0,-0.14000000000000057,0.0,0.0
GLU 159,L GLU   9,0.0,0.0,0.0,-0.009000000000000341,0.0,0.0,9.415000000000006,0.0,0.0,-9.148999999999997,0.0,0.0,0.0,0.0,0.0,0.257000000000005,0.0,0.0
PRO 160,L PRO  10,0.0,0.0,0.0,-0.0039999999999995595,0.0,0.0,0.17200000000000415,0.0,0.0,-0.15500000000000003,0.0,0.0,0.0,0.0,0.0,0.013000000000012335,0.0,0.0
PHE 161,L PHE  11,0.0,0.0,0.0,-0.010000000000001563,0.0,0.0,0.22800000000000864,0.0,0.0,-0.187,0.0,0.0,0.0,0.0,0.0,0.031000000000004135,0.0,0.0
ARG 162,L ARG  12,0.0,0.0,0.0,-0.006999999999999673,0.0,0.0,-8.059999999999999,0.0,0.0,7.945999999999998,0.0,0.0,0.0,0.0,0.0,-0.12100000000000932,0.0,0.0
ASP 163,L ASP  13,0.0,0.0,0.0,-0.01100000000000012,0.0,0.0,9.63300000000001,0.0,0.0,-9.506,0.0,0.0,0.0,0.0,0.0,0.11600000000001387,0.0,0.0
TYR 164,L TYR  14,0.0,0.0,0.0,-0.07599999999999696,0.0,0.0,0.4579999999999984,0.0,0.0,-0.242,0.0,0.0,0.0,0.0,0.0,0.140000000000005,0.0,0.0
VAL 165,L VAL  15,0.0,0.0,0.0,-0.03399999999999892,0.0,0.0,0.2989999999999995,0.0,0.0,-0.22999999999999998,0.0,0.0,0.0,0.0,0.0,0.03500000000000192,0.0,0.0
ASP 166,L ASP  16,0.0,0.0,0.0,-0.03399999999999981,0.0,0.0,11.510000000000005,0.0,0.0,-11.293000000000006,0.0,0.0,0.0,0.0,0.0,0.18299999999999272,0.0,0.0
ARG 167,L ARG  17,0.0,0.0,0.0,-0.20400000000000063,0.0,0.0,-10.447,0.0,0.0,9.935,0.0,0.0,0.0,0.0,0.0,-0.7160000000000082,0.0,0.0
PHE 168,L PHE  18,0.0,0.0,0.0,-1.491999999999999,0.0,0.0,-0.24900000000000944,0.0,0.0,0.7629999999999999,0.0,0.0,0.0,0.0,0.0,-0.978000000000014,0.0,0.0
TYR 169,L TYR  19,0.0,0.0,0.0,-0.2370000000000001,0.0,0.0,0.6470000000000056,0.0,0.0,-0.5749999999999997,0.0,0.0,0.0,0.0,0.0,-0.1649999999999885,0.0,0.0
LYS 170,L LYS  20,0.0,0.0,0.0,-0.242,0.0,0.0,-11.540999999999997,0.0,0.0,11.389999999999997,0.0,0.0,0.0,0.0,0.0,-0.39300000000001845,0.0,0.0
THR 171,L THR  21,0.0,0.0,0.0,-2.6599999999999993,0.0,0.0,0.14999999999999858,0.0,0.0,0.4680000000000004,0.0,0.0,0.0,0.0,0.0,-2.041999999999998,0.0,0.0
LEU 172,L LEU  22,0.0,0.0,0.0,-1.1199999999999992,0.0,0.0,0.48799999999999955,0.0,0.0,-0.42300000000000004,0.0,0.0,0.0,0.0,0.0,-1.0549999999999908,0.0,0.0
ARG 173,L ARG  23,0.0,0.0,0.0,-0.6069999999999993,0.0,0.0,-14.274999999999991,0.0,0.0,14.076,0.0,0.0,0.0,0.0,0.0,-0.8059999999999832,0.0,0.0
ALA 174,L ALA  24,0.0,0.0,0.0,-1.915,0.0,0.0,2.2959999999999923,0.0,0.0,1.041,0.0,0.0,0.0,0.0,0.0,1.421999999999986,0.0,0.0
GLU 175,L GLU  25,0.0,0.0,0.0,-3.7300000000000004,0.0,0.0,1.5409999999999968,0.0,0.0,7.560000000000002,0.0,0.0,0.0,0.0,0.0,5.370999999999995,0.0,0.0
GLN 176,L GLN  26,0.0,0.0,0.0,-4.3260000000000005,0.0,0.0,1.841000000000001,0.0,0.0,0.7429999999999986,0.0,0.0,0.0,0.0,0.0,-1.7419999999999973,0.0,0.0
ALA 177,L ALA  27,0.0,0.0,0.0,-0.9080000000000004,0.0,0.0,2.1500000000000057,0.0,0.0,-1.5310000000000001,0.0,0.0,0.0,0.0,0.0,-0.28899999999999615,0.0,0.0
SER 178,L SER  28,0.0,0.0,0.0,-2.978,0.0,0.0,1.5559999999999974,0.0,0.0,3.1060000000000003,0.0,0.0,0.0,0.0,0.0,1.6840000000000033,0.0,0.0
GLN 179,L GLN  29,0.0,0.0,0.0,-1.7329999999999997,0.0,0.0,1.980000000000004,0.0,0.0,-1.6509999999999998,0.0,0.0,0.0,0.0,0.0,-1.4039999999999964,0.0,0.0
GLU 180,L GLU  30,0.0,0.0,0.0,-0.5220000000000002,0.0,0.0,-4.8230000000000075,0.0,0.0,8.355999999999995,0.0,0.0,0.0,0.0,0.0,3.0109999999999815,0.0,0.0
VAL 181,L VAL  31,0.0,0.0,0.0,-0.2109999999999994,0.0,0.0,-0.6180000000000021,0.0,0.0,0.7629999999999999,0.0,0.0,0.0,0.0,0.0,-0.06600000000000072,0.0,0.0
LYS 182,L LYS  32,0.0,0.0,0.0,-0.15199999999999925,0.0,0.0,-18.61200000000001,0.0,0.0,18.183999999999997,0.0,0.0,0.0,0.0,0.0,-0.5799999999999965,0.0,0.0
ASN 183,L ASN  33,0.0,0.0,0.0,-0.06099999999999994,0.0,0.0,0.40399999999999636,0.0,0.0,-0.367,0.0,0.0,0.0,0.0,0.0,-0.02400000000000091,0.0,0.0
TRP 184,L TRP  34,0.0,0.0,0.0,-0.06300000000000061,0.0,0.0,0.09600000000000364,0.0,0.0,-0.07500000000000018,0.0,0.0,0.0,0.0,0.0,-0.04199999999999804,0.0,0.0
MET 185,L MET  35,0.0,0.0,0.0,-0.36499999999999844,0.0,0.0,-0.44199999999999307,0.0,0.0,0.565,0.0,0.0,0.0,0.0,0.0,-0.24200000000000177,0.0,0.0
THR 186,L THR  36,0.0,0.0,0.0,-0.025000000000000355,0.0,0.0,-0.032999999999994145,0.0,0.0,0.015999999999999997,0.0,0.0,0.0,0.0,0.0,-0.041999999999994486,0.0,0.0
GLU 187,L GLU  37,0.0,0.0,0.0,-0.01100000000000012,0.0,0.0,7.396000000000001,0.0,0.0,-7.256,0.0,0.0,0.0,0.0,0.0,0.1290000000000049,0.0,0.0
THR 188,L THR  38,0.0,0.0,0.0,-0.01899999999999924,0.0,0.0,0.05399999999999494,0.0,0.0,-0.046999999999999986,0.0,0.0,0.0,0.0,0.0,-0.012000000000004007,0.0,0.0
LEU 189,L LEU  39,0.0,0.0,0.0,-0.7240000000000002,0.0,0.0,-0.018000000000000682,0.0,0.0,0.0010000000000000009,0.0,0.0,0.0,0.0,0.0,-0.7409999999999979,0.0,0.0
LEU 190,L LEU  40,0.0,0.0,0.0,-0.0730000000000004,0.0,0.0,-0.012000000000000455,0.0,0.0,0.07400000000000007,0.0,0.0,0.0,0.0,0.0,-0.01100000000000989,0.0,0.0
VAL 191,L VAL  41,0.0,0.0,0.0,-0.010999999999999233,0.0,0.0,-0.015000000000000568,0.0,0.0,0.016000000000000014,0.0,0.0,0.0,0.0,0.0,-0.009999999999996234,0.0,0.0
GLN 192,L GLN  42,0.0,0.0,0.0,-0.020999999999999908,0.0,0.0,0.07399999999999807,0.0,0.0,-0.11800000000000033,0.0,0.0,0.0,0.0,0.0,-0.06500000000000483,0.0,0.0
ASN 193,L ASN  43,0.0,0.0,0.0,-0.13999999999999968,0.0,0.0,-0.8800000000000097,0.0,0.0,0.26599999999999957,0.0,0.0,0.0,0.0,0.0,-0.7540000000000191,0.0,0.0
ALA 194,L ALA  44,0.0,0.0,0.0,-0.008000000000000007,0.0,0.0,-0.006999999999990791,0.0,0.0,-0.013000000000000123,0.0,0.0,0.0,0.0,0.0,-0.027999999999986258,0.0,0.0
ASN 195,L ASN  45,0.0,0.0,0.0,-0.0030000000000001137,0.0,0.0,-0.09199999999999875,0.0,0.0,0.0950000000000002,0.0,0.0,0.0,0.0,0.0,0.0,0.0,0.0
PRO 196,L PRO  46,0.0,0.0,0.0,-0.001000000000000334,0.0,0.0,-0.030999999999998806,0.0,0.0,0.028999999999999915,0.0,0.0,0.0,0.0,0.0,-0.0030000000000036664,0.0,0.0
ASP 197,L ASP  47,0.0,0.0,0.0,-0.0009999999999994458,0.0,0.0,6.507999999999996,0.0,0.0,-6.403000000000006,0.0,0.0,0.0,0.0,0.0,0.103999999999985,0.0,0.0
CYX 198,L CYX  48,0.0,0.0,0.0,-0.0019999999999997797,0.0,0.0,-0.06799999999999784,0.0,0.0,0.05899999999999994,0.0,0.0,0.0,0.0,0.0,-0.010999999999993904,0.0,0.0
LYS 199,L LYS  49,0.0,0.0,0.0,-0.0039999999999995595,0.0,0.0,-7.495999999999981,0.0,0.0,7.364999999999999,0.0,0.0,0.0,0.0,0.0,-0.13500000000000156,0.0,0.0
THR 200,L THR  50,0.0,0.0,0.0,-0.001000000000000334,0.0,0.0,-0.03399999999999892,0.0,0.0,0.031000000000000583,0.0,0.0,0.0,0.0,0.0,-0.003999999999997783,0.0,0.0
ILE 201,L ILE  51,0.0,0.0,0.0,-0.0009999999999994458,0.0,0.0,-0.1280000000000001,0.0,0.0,0.12199999999999994,0.0,0.0,0.0,0.0,0.0,-0.006999999999997897,0.0,0.0
LEU 202,L LEU  52,0.0,0.0,0.0,-0.0030000000000001137,0.0,0.0,-0.08599999999999852,0.0,0.0,0.08299999999999974,0.0,0.0,0.0,0.0,0.0,-0.005999999999998895,0.0,0.0
LYS 203,L LYS  53,0.0,0.0,0.0,-0.0009999999999994458,0.0,0.0,-5.844999999999999,0.0,0.0,5.768999999999998,0.0,0.0,0.0,0.0,0.0,-0.07700000000000529,0.0,0.0
ALA 204,L ALA  54,0.0,0.0,0.0,0.0,0.0,0.0,-0.08599999999999852,0.0,0.0,0.08399999999999963,0.0,0.0,0.0,0.0,0.0,-0.0019999999999988916,0.0,0.0
LEU 205,L LEU  55,0.0,0.0,0.0,-0.0010000000000012221,0.0,0.0,-0.07099999999999795,0.0,0.0,0.0730000000000004,0.0,0.0,0.0,0.0,0.0,0.0010000000000047748,0.0,0.0
GLY 206,L GLY  56,0.0,0.0,0.0,0.0,0.0,0.0,0.16900000000001114,0.0,0.0,-0.17300000000000004,0.0,0.0,0.0,0.0,0.0,-0.003999999999990678,0.0,0.0
PRO 207,L PRO  57,0.0,0.0,0.0,-0.0009999999999998899,0.0,0.0,0.026000000000003354,0.0,0.0,-0.025000000000000355,0.0,0.0,0.0,0.0,0.0,-1.7763568394002505e-15,0.0,0.0
GLY 208,L GLY  58,0.0,0.0,0.0,-0.0009999999999998899,0.0,0.0,-0.021000000000000796,0.0,0.0,0.022999999999999687,0.0,0.0,0.0,0.0,0.0,0.0010000000000083276,0.0,0.0
ALA 209,L ALA  59,0.0,0.0,0.0,-0.001000000000000334,0.0,0.0,0.19700000000000273,0.0,0.0,-0.1930000000000005,0.0,0.0,0.0,0.0,0.0,0.00300000000001166,0.0,0.0
THR 210,L THR  60,0.0,0.0,0.0,-0.0019999999999997797,0.0,0.0,-0.08899999999999864,0.0,0.0,0.09100000000000019,0.0,0.0,0.0,0.0,0.0,0.0,0.0,0.0
LEU 211,L LEU  61,0.0,0.0,0.0,-0.008000000000000007,0.0,0.0,-0.22799999999999443,0.0,0.0,0.2290000000000001,0.0,0.0,0.0,0.0,0.0,-0.006999999999997897,0.0,0.0
GLU 212,L GLU  62,0.0,0.0,0.0,-0.0030000000000001137,0.0,0.0,8.219000000000001,0.0,0.0,-8.078000000000003,0.0,0.0,0.0,0.0,0.0,0.13799999999999812,0.0,0.0
GLU 213,L GLU  63,0.0,0.0,0.0,-0.0009999999999994458,0.0,0.0,7.006,0.0,0.0,-6.890999999999991,0.0,0.0,0.0,0.0,0.0,0.11400000000001853,0.0,0.0
MET 214,L MET  64,0.0,0.0,0.0,-0.0030000000000001137,0.0,0.0,-0.09999999999999432,0.0,0.0,0.08799999999999986,0.0,0.0,0.0,0.0,0.0,-0.014999999999994351,0.0,0.0
MET 215,L MET  65,0.0,0.0,0.0,-0.005000000000000782,0.0,0.0,-0.13400000000000034,0.0,0.0,0.126,0.0,0.0,0.0,0.0,0.0,-0.013000000000010559,0.0,0.0
THR 216,L THR  66,0.0,0.0,0.0,-0.0009999999999994458,0.0,0.0,-0.0519999999999996,0.0,0.0,0.052999999999999936,0.0,0.0,0.0,0.0,0.0,3.552713678800501e-15,0.0,0.0
ALA 217,L ALA  67,0.0,0.0,0.0,-0.001000000000000334,0.0,0.0,-0.07000000000000739,0.0,0.0,0.06899999999999995,0.0,0.0,0.0,0.0,0.0,-0.001999999999997115,0.0,0.0
CYX 218,L CYX  68,0.0,0.0,0.0,-0.001000000000000334,0.0,0.0,0.0799999999999983,0.0,0.0,-0.07600000000000007,0.0,0.0,0.0,0.0,0.0,0.0029999999999930083,0.0,0.0
GLN 219,L GLN  69,0.0,0.0,0.0,-0.0009999999999994458,0.0,0.0,0.06999999999999318,0.0,0.0,-0.07500000000000018,0.0,0.0,0.0,0.0,0.0,-0.006000000000007333,0.0,0.0
GLY 220,L GLY  70,0.0,0.0,0.0,-0.001000000000000334,0.0,0.0,0.01099999999999568,0.0,0.0,-0.01200000000000001,0.0,0.0,0.0,0.0,0.0,-0.0020000000000086615,0.0,0.0
VAL 221,L VAL  71,0.0,0.0,0.0,-0.0009999999999998899,0.0,0.0,6.640000000000001,0.0,0.0,-6.513999999999996,0.0,0.0,0.0,0.0,0.0,0.1250000000000142,0.0,0.0

