| Run on Thu Jan 29 15:36:32 2026
| GB non-polar solvation energies calculated with gbsa=2
idecomp = 1: Per-residue decomp adding 1-4 interactions to Internal.
Energy Decomposition Analysis (All units kcal/mol): Generalized Born solvent
Complex:
Total Energy Decomposition:
Residue,Internal,,,van der Waals,,,Electrostatic,,,Polar Solvation,,,Non-Polar Solv.,,,TOTAL,,
,Avg.,Std. Dev.,Std. Err. of Mean,Avg.,Std. Dev.,Std. Err. of Mean,Avg.,Std. Dev.,Std. Err. of Mean,Avg.,Std. Dev.,Std. Err. of Mean,Avg.,Std. Dev.,Std. Err. of Mean,Avg.,Std. Dev.,Std. Err. of Mean
PRO   1,110.639,0.0,0.0,-6.738,0.0,0.0,-108.264,0.0,0.0,9.447,0.0,0.0,0.14656764000000003,0.0,0.0,5.230567639999999,0.0,0.0
ILE   2,106.089,0.0,0.0,-8.845,0.0,0.0,-74.53,0.0,0.0,-2.166,0.0,0.0,0.1961498,0.0,0.0,20.7441498,0.0,0.0
VAL   3,53.419,0.0,0.0,-4.362,0.0,0.0,-57.591,0.0,0.0,-1.747,0.0,0.0,0.32866338000000006,0.0,0.0,-9.952336620000006,0.0,0.0
GLN   4,26.284,0.0,0.0,-6.914,0.0,0.0,-61.035,0.0,0.0,-10.831,0.0,0.0,0.6044980200000001,0.0,0.0,-51.891501979999994,0.0,0.0
ASN   5,32.883,0.0,0.0,-5.779,0.0,0.0,-77.886,0.0,0.0,-13.534,0.0,0.0,0.32739510000000005,0.0,0.0,-63.988604900000006,0.0,0.0
LEU   6,66.032,0.0,0.0,-1.52,0.0,0.0,-61.198,0.0,0.0,-8.522,0.0,0.0,1.0943251,0.0,0.0,-4.1136749,0.0,0.0
GLN   7,38.956,0.0,0.0,-2.585,0.0,0.0,-73.019,0.0,0.0,-17.661,0.0,0.0,0.91196378,0.0,0.0,-53.397036220000004,0.0,0.0
GLY   8,79.995,0.0,0.0,-2.706,0.0,0.0,-72.842,0.0,0.0,-5.338,0.0,0.0,0.28905402,0.0,0.0,-0.6019459799999973,0.0,0.0
GLN   9,35.533,0.0,0.0,-4.012,0.0,0.0,-79.487,0.0,0.0,-11.957,0.0,0.0,0.70688182,0.0,0.0,-59.216118179999995,0.0,0.0
MET  10,95.418,0.0,0.0,-9.488,0.0,0.0,-79.043,0.0,0.0,-4.79,0.0,0.0,0.24638778000000003,0.0,0.0,2.3433877800000005,0.0,0.0
VAL  11,49.843,0.0,0.0,-5.832,0.0,0.0,-52.597,0.0,0.0,-2.753,0.0,0.0,0.3380725,0.0,0.0,-11.0009275,0.0,0.0
HID  12,89.443,0.0,0.0,-11.723,0.0,0.0,-60.592,0.0,0.0,-8.315,0.0,0.0,0.24746636000000002,0.0,0.0,9.060466360000001,0.0,0.0
GLN  13,34.966,0.0,0.0,-6.555,0.0,0.0,-76.287,0.0,0.0,-10.786,0.0,0.0,0.5829481000000001,0.0,0.0,-58.0790519,0.0,0.0
ALA  14,94.71,0.0,0.0,-3.767,0.0,0.0,-82.701,0.0,0.0,-2.084,0.0,0.0,0.45408218,0.0,0.0,6.612082180000005,0.0,0.0
ILE  15,98.213,0.0,0.0,-9.025,0.0,0.0,-73.619,0.0,0.0,-5.428,0.0,0.0,0.07795044000000001,0.0,0.0,10.218950439999988,0.0,0.0
SER  16,70.397,0.0,0.0,-5.784,0.0,0.0,-55.32,0.0,0.0,-6.312,0.0,0.0,0.2475043,0.0,0.0,3.228504299999999,0.0,0.0
PRO  17,94.021,0.0,0.0,-4.841,0.0,0.0,-61.79,0.0,0.0,-2.989,0.0,0.0,0.6304815,0.0,0.0,25.031481500000005,0.0,0.0
ARG  18,-189.323,0.0,0.0,-5.905,0.0,0.0,69.279,0.0,0.0,-49.285,0.0,0.0,1.20398796,0.0,0.0,-174.03001204,0.0,0.0
THR  19,44.985,0.0,0.0,-7.072,0.0,0.0,-56.428,0.0,0.0,-2.062,0.0,0.0,0.19384088000000002,0.0,0.0,-20.383159120000002,0.0,0.0
LEU  20,53.016,0.0,0.0,-10.959,0.0,0.0,-56.384,0.0,0.0,-2.859,0.0,0.0,0.16645362,0.0,0.0,-17.01954638,0.0,0.0
ASN  21,33.683,0.0,0.0,-7.969,0.0,0.0,-96.082,0.0,0.0,-5.966,0.0,0.0,0.4393723,0.0,0.0,-75.89462769999999,0.0,0.0
ALA  22,93.055,0.0,0.0,-5.468,0.0,0.0,-83.489,0.0,0.0,-1.679,0.0,0.0,0.18961328000000002,0.0,0.0,2.608613279999999,0.0,0.0
TRP  23,129.977,0.0,0.0,-17.954,0.0,0.0,-96.879,0.0,0.0,-4.423,0.0,0.0,0.0035988800000000005,0.0,0.0,10.724598879999991,0.0,0.0
VAL  24,63.245,0.0,0.0,-7.574,0.0,0.0,-51.743,0.0,0.0,-4.981,0.0,0.0,0.24258294,0.0,0.0,-0.8104170600000026,0.0,0.0
LYS  25,131.617,0.0,0.0,-9.065,0.0,0.0,-102.248,0.0,0.0,-39.148,0.0,0.0,0.62370108,0.0,0.0,-18.220298920000015,0.0,0.0
VAL  26,65.693,0.0,0.0,-9.56,0.0,0.0,-64.58,0.0,0.0,-3.385,0.0,0.0,0.09938654000000001,0.0,0.0,-11.732613460000003,0.0,0.0
VAL  27,44.074,0.0,0.0,-9.237,0.0,0.0,-47.37,0.0,0.0,-4.356,0.0,0.0,0.12118036000000001,0.0,0.0,-16.767819640000003,0.0,0.0
GLU  28,94.892,0.0,0.0,-9.384,0.0,0.0,-75.478,0.0,0.0,-63.318,0.0,0.0,0.13459486,0.0,0.0,-53.15340514,0.0,0.0
GLU  29,102.777,0.0,0.0,-8.813,0.0,0.0,-110.593,0.0,0.0,-39.985,0.0,0.0,0.32607262000000004,0.0,0.0,-56.287927380000006,0.0,0.0
LYS  30,124.26,0.0,0.0,-9.875,0.0,0.0,-123.281,0.0,0.0,-5.211,0.0,0.0,0.27567204,0.0,0.0,-13.831327960000001,0.0,0.0
ALA  31,90.394,0.0,0.0,-5.643,0.0,0.0,-77.295,0.0,0.0,-4.237,0.0,0.0,0.07722958,0.0,0.0,3.296229580000003,0.0,0.0
PHE  32,104.492,0.0,0.0,-9.74,0.0,0.0,-78.232,0.0,0.0,-6.251,0.0,0.0,0.38721563999999997,0.0,0.0,10.65621564000001,0.0,0.0
SER  33,81.321,0.0,0.0,-6.453,0.0,0.0,-61.401,0.0,0.0,-5.031,0.0,0.0,0.14693620000000002,0.0,0.0,8.582936199999994,0.0,0.0
PRO  34,76.591,0.0,0.0,-5.841,0.0,0.0,-58.38,0.0,0.0,-1.047,0.0,0.0,0.45274344,0.0,0.0,11.775743439999998,0.0,0.0
GLU  35,104.589,0.0,0.0,-6.742,0.0,0.0,-79.309,0.0,0.0,-70.891,0.0,0.0,0.5400488,0.0,0.0,-51.81295120000001,0.0,0.0
VAL  36,49.454,0.0,0.0,-8.661,0.0,0.0,-52.134,0.0,0.0,0.236,0.0,0.0,0.0316528,0.0,0.0,-11.0733472,0.0,0.0
ILE  37,86.941,0.0,0.0,-7.701,0.0,0.0,-60.399,0.0,0.0,0.388,0.0,0.0,0.18055646000000003,0.0,0.0,19.40955646000001,0.0,0.0
PRO  38,84.445,0.0,0.0,-6.024,0.0,0.0,-57.826,0.0,0.0,-3.305,0.0,0.0,0.45767564,0.0,0.0,17.747675639999994,0.0,0.0
MET  39,94.193,0.0,0.0,-8.632,0.0,0.0,-71.712,0.0,0.0,-4.09,0.0,0.0,0.42699844000000003,0.0,0.0,10.18599843999999,0.0,0.0
PHE  40,99.686,0.0,0.0,-13.926,0.0,0.0,-85.032,0.0,0.0,-0.879,0.0,0.0,0.0014363000000000002,0.0,0.0,-0.14956369999999136,0.0,0.0
SER  41,58.133,0.0,0.0,-6.049,0.0,0.0,-44.183,0.0,0.0,-12.615,0.0,0.0,0.29232228,0.0,0.0,-4.421677719999997,0.0,0.0
ALA  42,83.229,0.0,0.0,-4.182,0.0,0.0,-67.367,0.0,0.0,-4.979,0.0,0.0,0.33773104,0.0,0.0,7.038731039999993,0.0,0.0
LEU  43,79.296,0.0,0.0,-10.787,0.0,0.0,-75.732,0.0,0.0,-4.708,0.0,0.0,0.14122894,0.0,0.0,-11.78977106,0.0,0.0
SER  44,72.213,0.0,0.0,-5.923,0.0,0.0,-77.243,0.0,0.0,1.503,0.0,0.0,0.0017886000000000002,0.0,0.0,-9.448211400000003,0.0,0.0
GLU  45,98.471,0.0,0.0,-5.613,0.0,0.0,-67.665,0.0,0.0,-80.121,0.0,0.0,0.68697958,0.0,0.0,-54.24102042,0.0,0.0
GLY  46,69.738,0.0,0.0,-2.144,0.0,0.0,-69.882,0.0,0.0,-1.441,0.0,0.0,0.16194418000000002,0.0,0.0,-3.567055820000011,0.0,0.0
ALA  47,100.678,0.0,0.0,-6.666,0.0,0.0,-86.543,0.0,0.0,-3.184,0.0,0.0,0.015463260000000001,0.0,0.0,4.300463259999994,0.0,0.0
THR  48,56.443,0.0,0.0,-10.547,0.0,0.0,-56.431,0.0,0.0,-0.834,0.0,0.0,0.0,0.0,0.0,-11.368999999999996,0.0,0.0
PRO  49,80.241,0.0,0.0,-11.837,0.0,0.0,-55.919,0.0,0.0,-0.198,0.0,0.0,0.0,0.0,0.0,12.286999999999999,0.0,0.0
GLN  50,31.283,0.0,0.0,-9.351,0.0,0.0,-73.14,0.0,0.0,-9.265,0.0,0.0,0.31635456,0.0,0.0,-60.15664544,0.0,0.0
ASP  51,91.161,0.0,0.0,-8.806,0.0,0.0,-128.583,0.0,0.0,-18.846,0.0,0.0,0.01461774,0.0,0.0,-65.05938225999999,0.0,0.0
LEU  52,71.469,0.0,0.0,-11.625,0.0,0.0,-71.682,0.0,0.0,0.575,0.0,0.0,0.0,0.0,0.0,-11.263000000000009,0.0,0.0
ASN  53,31.971,0.0,0.0,-6.647,0.0,0.0,-101.757,0.0,0.0,-3.013,0.0,0.0,0.20224188,0.0,0.0,-79.24375812000001,0.0,0.0
THR  54,52.535,0.0,0.0,-7.353,0.0,0.0,-63.653,0.0,0.0,-1.329,0.0,0.0,0.2831137,0.0,0.0,-19.516886300000003,0.0,0.0
MET  55,79.679,0.0,0.0,-13.253,0.0,0.0,-67.821,0.0,0.0,-0.868,0.0,0.0,0.00737662,0.0,0.0,-2.255623379999996,0.0,0.0
LEU  56,63.665,0.0,0.0,-8.727,0.0,0.0,-67.143,0.0,0.0,0.342,0.0,0.0,0.11375496,0.0,0.0,-11.749245039999998,0.0,0.0
ASN  57,35.636,0.0,0.0,-5.664,0.0,0.0,-92.593,0.0,0.0,-11.805,0.0,0.0,0.6016471,0.0,0.0,-73.82435290000001,0.0,0.0
THR  58,58.379,0.0,0.0,-8.501,0.0,0.0,-63.338,0.0,0.0,-6.108,0.0,0.0,0.1965021,0.0,0.0,-19.3714979,0.0,0.0
VAL  59,33.61,0.0,0.0,-8.345,0.0,0.0,-37.734,0.0,0.0,-1.653,0.0,0.0,0.01385894,0.0,0.0,-14.108141060000001,0.0,0.0
ALA  60,90.213,0.0,0.0,-4.452,0.0,0.0,-65.293,0.0,0.0,-3.04,0.0,0.0,0.08643274,0.0,0.0,17.51443273999999,0.0,0.0
PRO  61,75.089,0.0,0.0,-5.071,0.0,0.0,-60.424,0.0,0.0,-2.073,0.0,0.0,0.5098919199999999,0.0,0.0,8.03089192,0.0,0.0
HID  62,104.141,0.0,0.0,-7.542,0.0,0.0,-80.391,0.0,0.0,-3.107,0.0,0.0,0.2742249,0.0,0.0,13.3752249,0.0,0.0
GLN  63,33.356,0.0,0.0,-5.644,0.0,0.0,-72.696,0.0,0.0,-8.932,0.0,0.0,0.57224902,0.0,0.0,-53.343750979999996,0.0,0.0
ALA  64,82.294,0.0,0.0,-2.57,0.0,0.0,-68.503,0.0,0.0,-6.122,0.0,0.0,0.43115016000000006,0.0,0.0,5.530150160000003,0.0,0.0
ALA  65,88.76,0.0,0.0,-4.687,0.0,0.0,-75.574,0.0,0.0,-1.769,0.0,0.0,0.1364485,0.0,0.0,6.8664485000000095,0.0,0.0
ALA  66,89.416,0.0,0.0,-6.175,0.0,0.0,-81.894,0.0,0.0,-0.281,0.0,0.0,0.00072086,0.0,0.0,1.066720859999994,0.0,0.0
GLN  67,37.41,0.0,0.0,-7.162,0.0,0.0,-73.898,0.0,0.0,-15.069,0.0,0.0,0.55086712,0.0,0.0,-58.16813288,0.0,0.0
MET  68,89.845,0.0,0.0,-9.499,0.0,0.0,-74.582,0.0,0.0,-2.674,0.0,0.0,0.21382442000000002,0.0,0.0,3.30382442000001,0.0,0.0
LEU  69,94.831,0.0,0.0,-11.033,0.0,0.0,-79.534,0.0,0.0,-3.291,0.0,0.0,0.006476900000000001,0.0,0.0,0.9794768999999959,0.0,0.0
LYS  70,126.224,0.0,0.0,-7.82,0.0,0.0,-113.534,0.0,0.0,-24.188,0.0,0.0,0.5859236800000001,0.0,0.0,-18.732076320000008,0.0,0.0
GLU  71,109.236,0.0,0.0,-8.523,0.0,0.0,-68.189,0.0,0.0,-91.066,0.0,0.0,0.50325242,0.0,0.0,-58.038747579999985,0.0,0.0
THR  72,52.334,0.0,0.0,-9.04,0.0,0.0,-58.909,0.0,0.0,-3.886,0.0,0.0,0.0,0.0,0.0,-19.500999999999994,0.0,0.0
ILE  73,74.2,0.0,0.0,-10.055,0.0,0.0,-47.808,0.0,0.0,-5.195,0.0,0.0,0.10963034,0.0,0.0,11.25163034000001,0.0,0.0
ASN  74,32.323,0.0,0.0,-6.155,0.0,0.0,-83.648,0.0,0.0,-16.536,0.0,0.0,0.6194843200000001,0.0,0.0,-73.39651568,0.0,0.0
GLU  75,105.851,0.0,0.0,-7.952,0.0,0.0,-55.453,0.0,0.0,-100.297,0.0,0.0,0.49873756,0.0,0.0,-57.35226244,0.0,0.0
GLU  76,96.149,0.0,0.0,-9.303,0.0,0.0,-43.252,0.0,0.0,-96.634,0.0,0.0,0.31131396000000006,0.0,0.0,-52.72868604,0.0,0.0
ALA  77,84.294,0.0,0.0,-7.475,0.0,0.0,-69.606,0.0,0.0,-1.967,0.0,0.0,0.06670936000000001,0.0,0.0,5.3127093600000075,0.0,0.0
ALA  78,95.501,0.0,0.0,-6.493,0.0,0.0,-84.465,0.0,0.0,-0.832,0.0,0.0,0.22309804,0.0,0.0,3.9340980400000065,0.0,0.0
GLU  79,106.653,0.0,0.0,-8.587,0.0,0.0,-70.689,0.0,0.0,-85.077,0.0,0.0,0.45829894000000004,0.0,0.0,-57.24170105999999,0.0,0.0
TRP  80,114.562,0.0,0.0,-16.049,0.0,0.0,-86.843,0.0,0.0,-1.782,0.0,0.0,0.29415424,0.0,0.0,10.182154240000001,0.0,0.0
ASP  81,98.597,0.0,0.0,-7.561,0.0,0.0,-72.032,0.0,0.0,-68.375,0.0,0.0,0.30875030000000003,0.0,0.0,-49.062249699999995,0.0,0.0
ARG  82,-190.757,0.0,0.0,-8.495,0.0,0.0,-17.392,0.0,0.0,39.021,0.0,0.0,0.95374656,0.0,0.0,-176.66925343999998,0.0,0.0
LEU  83,70.679,0.0,0.0,-4.726,0.0,0.0,-74.436,0.0,0.0,-3.356,0.0,0.0,0.64963578,0.0,0.0,-11.189364220000003,0.0,0.0
HID  84,110.955,0.0,0.0,-8.032,0.0,0.0,-77.382,0.0,0.0,-8.958,0.0,0.0,0.3761209,0.0,0.0,16.9591209,0.0,0.0
PRO  85,95.143,0.0,0.0,-2.3,0.0,0.0,-69.132,0.0,0.0,-4.063,0.0,0.0,0.69391718,0.0,0.0,20.34191718,0.0,0.0
VAL  86,51.009,0.0,0.0,-2.218,0.0,0.0,-46.522,0.0,0.0,-6.479,0.0,0.0,0.7141934000000001,0.0,0.0,-3.4958066000000017,0.0,0.0
HID  87,87.842,0.0,0.0,-7.666,0.0,0.0,-60.739,0.0,0.0,-9.614,0.0,0.0,0.49590290000000004,0.0,0.0,10.318902900000005,0.0,0.0
ALA  88,94.16,0.0,0.0,-2.588,0.0,0.0,-74.907,0.0,0.0,-6.119,0.0,0.0,0.56337106,0.0,0.0,11.109371060000006,0.0,0.0
GLY  89,91.575,0.0,0.0,-2.405,0.0,0.0,-77.941,0.0,0.0,-5.659,0.0,0.0,0.30564464,0.0,0.0,5.875644639999999,0.0,0.0
PRO  90,83.443,0.0,0.0,-3.577,0.0,0.0,-57.324,0.0,0.0,-6.72,0.0,0.0,0.7325943,0.0,0.0,16.5545943,0.0,0.0
ILE  91,75.12,0.0,0.0,-5.226,0.0,0.0,-55.618,0.0,0.0,-5.373,0.0,0.0,0.3743323,0.0,0.0,9.277332300000003,0.0,0.0
ALA  92,100.244,0.0,0.0,-3.388,0.0,0.0,-66.733,0.0,0.0,-6.385,0.0,0.0,0.2575855,0.0,0.0,23.995585499999994,0.0,0.0
PRO  93,84.191,0.0,0.0,-2.746,0.0,0.0,-56.262,0.0,0.0,-7.883,0.0,0.0,0.7585777800000001,0.0,0.0,18.058577780000007,0.0,0.0
GLY  94,71.38,0.0,0.0,-1.823,0.0,0.0,-64.82,0.0,0.0,-7.669,0.0,0.0,0.55217876,0.0,0.0,-2.3798212399999907,0.0,0.0
GLN  95,38.856,0.0,0.0,-4.675,0.0,0.0,-70.597,0.0,0.0,-16.293,0.0,0.0,0.7444803600000001,0.0,0.0,-51.96451963999999,0.0,0.0
MET  96,105.744,0.0,0.0,-8.011,0.0,0.0,-74.662,0.0,0.0,-7.951,0.0,0.0,0.33454408,0.0,0.0,15.454544079999998,0.0,0.0
ARG  97,-193.207,0.0,0.0,-6.897,0.0,0.0,-18.549,0.0,0.0,32.933,0.0,0.0,0.42332910000000007,0.0,0.0,-185.2966709,0.0,0.0
GLU  98,109.666,0.0,0.0,-5.608,0.0,0.0,-58.267,0.0,0.0,-91.824,0.0,0.0,0.6528661,0.0,0.0,-45.38013390000001,0.0,0.0
PRO  99,90.401,0.0,0.0,-9.646,0.0,0.0,-61.924,0.0,0.0,-3.981,0.0,0.0,0.03828688,0.0,0.0,14.888286879999995,0.0,0.0
ARG 100,-185.242,0.0,0.0,-8.096,0.0,0.0,-18.599,0.0,0.0,35.407,0.0,0.0,0.34195322,0.0,0.0,-176.18804677999998,0.0,0.0
GLY 101,78.061,0.0,0.0,-4.588,0.0,0.0,-82.841,0.0,0.0,0.237,0.0,0.0,0.00072086,0.0,0.0,-9.130279139999981,0.0,0.0
SER 102,72.552,0.0,0.0,-6.442,0.0,0.0,-68.301,0.0,0.0,-3.95,0.0,0.0,0.2599974,0.0,0.0,-5.881002599999989,0.0,0.0
ASP 103,88.993,0.0,0.0,-9.027,0.0,0.0,-96.153,0.0,0.0,-44.915,0.0,0.0,0.00894842,0.0,0.0,-61.09305158000001,0.0,0.0
ILE 104,81.12,0.0,0.0,-11.061,0.0,0.0,-59.151,0.0,0.0,-0.119,0.0,0.0,0.0,0.0,0.0,10.788999999999994,0.0,0.0
ALA 105,84.84,0.0,0.0,-5.874,0.0,0.0,-79.189,0.0,0.0,-0.077,0.0,0.0,0.05953328,0.0,0.0,-0.24046671999998478,0.0,0.0
GLY 106,91.758,0.0,0.0,-5.443,0.0,0.0,-86.627,0.0,0.0,-3.01,0.0,0.0,0.055641720000000006,0.0,0.0,-3.2663582799999973,0.0,0.0
THR 107,49.138,0.0,0.0,-4.426,0.0,0.0,-57.723,0.0,0.0,-6.759,0.0,0.0,0.6127743600000001,0.0,0.0,-19.157225640000004,0.0,0.0
THR 108,39.834,0.0,0.0,-4.795,0.0,0.0,-52.296,0.0,0.0,-4.349,0.0,0.0,0.51426586,0.0,0.0,-21.09173414,0.0,0.0
SER 109,79.781,0.0,0.0,-6.809,0.0,0.0,-76.084,0.0,0.0,-2.264,0.0,0.0,0.06961448,0.0,0.0,-5.306385519999994,0.0,0.0
THR 110,28.024,0.0,0.0,-5.133,0.0,0.0,-32.561,0.0,0.0,-5.731,0.0,0.0,0.43062442,0.0,0.0,-14.970375579999999,0.0,0.0
LEU 111,58.139,0.0,0.0,-8.088,0.0,0.0,-58.467,0.0,0.0,-4.444,0.0,0.0,0.25681586,0.0,0.0,-12.603184139999996,0.0,0.0
GLN 112,43.799,0.0,0.0,-5.458,0.0,0.0,-71.691,0.0,0.0,-18.661,0.0,0.0,0.9453564,0.0,0.0,-51.0656436,0.0,0.0
GLU 113,104.025,0.0,0.0,-9.09,0.0,0.0,-95.276,0.0,0.0,-52.065,0.0,0.0,0.18716344,0.0,0.0,-52.21883655999999,0.0,0.0
GLN 114,40.32,0.0,0.0,-12.321,0.0,0.0,-85.382,0.0,0.0,-1.169,0.0,0.0,0.0,0.0,0.0,-58.552,0.0,0.0
ILE 115,85.576,0.0,0.0,-5.76,0.0,0.0,-73.357,0.0,0.0,-2.277,0.0,0.0,0.16342384000000001,0.0,0.0,4.345423839999989,0.0,0.0
GLY 116,76.817,0.0,0.0,-5.347,0.0,0.0,-72.639,0.0,0.0,-3.772,0.0,0.0,0.13484418,0.0,0.0,-4.806155819999997,0.0,0.0
TRP 117,127.835,0.0,0.0,-18.996,0.0,0.0,-92.179,0.0,0.0,-2.591,0.0,0.0,0.0028780200000000002,0.0,0.0,14.071878019999996,0.0,0.0
MET 118,97.106,0.0,0.0,-11.788,0.0,0.0,-83.941,0.0,0.0,-3.191,0.0,0.0,0.0564493,0.0,0.0,-1.7575507000000046,0.0,0.0
THR 119,42.754,0.0,0.0,-4.194,0.0,0.0,-52.039,0.0,0.0,-6.194,0.0,0.0,0.38656524000000003,0.0,0.0,-19.286434760000006,0.0,0.0
HID 120,92.035,0.0,0.0,-9.311,0.0,0.0,-62.575,0.0,0.0,-7.929,0.0,0.0,0.41442945999999997,0.0,0.0,12.634429459999986,0.0,0.0
ASN 121,44.706,0.0,0.0,-4.549,0.0,0.0,-81.163,0.0,0.0,-15.295,0.0,0.0,0.7854935000000001,0.0,0.0,-55.515506499999994,0.0,0.0
PRO 122,95.357,0.0,0.0,-4.104,0.0,0.0,-58.279,0.0,0.0,-4.99,0.0,0.0,0.60819446,0.0,0.0,28.592194459999995,0.0,0.0
PRO 123,84.177,0.0,0.0,-5.954,0.0,0.0,-56.756,0.0,0.0,-5.133,0.0,0.0,0.45414722,0.0,0.0,16.788147220000013,0.0,0.0
ILE 124,93.699,0.0,0.0,-8.408,0.0,0.0,-60.987,0.0,0.0,-0.327,0.0,0.0,0.21751544,0.0,0.0,24.194515439999993,0.0,0.0
PRO 125,88.456,0.0,0.0,-6.588,0.0,0.0,-65.564,0.0,0.0,-0.83,0.0,0.0,0.25900554000000003,0.0,0.0,15.733005540000017,0.0,0.0
VAL 126,54.721,0.0,0.0,-10.505,0.0,0.0,-53.664,0.0,0.0,-1.706,0.0,0.0,0.0,0.0,0.0,-11.154000000000007,0.0,0.0
GLY 127,70.525,0.0,0.0,-5.942,0.0,0.0,-70.062,0.0,0.0,-2.082,0.0,0.0,0.014568960000000002,0.0,0.0,-7.546431039999999,0.0,0.0
GLU 128,110.843,0.0,0.0,-6.631,0.0,0.0,-109.823,0.0,0.0,-41.144,0.0,0.0,0.42626132000000005,0.0,0.0,-46.32873867999999,0.0,0.0
ILE 129,81.372,0.0,0.0,-11.094,0.0,0.0,-66.066,0.0,0.0,-0.555,0.0,0.0,0.050839600000000006,0.0,0.0,3.7078396000000033,0.0,0.0
TYR 130,94.978,0.0,0.0,-15.923,0.0,0.0,-88.991,0.0,0.0,-1.773,0.0,0.0,0.0017886000000000002,0.0,0.0,-11.707211400000007,0.0,0.0
LYS 131,140.397,0.0,0.0,-7.788,0.0,0.0,-161.275,0.0,0.0,12.967,0.0,0.0,0.07557106000000001,0.0,0.0,-15.623428940000025,0.0,0.0
ARG 132,-184.724,0.0,0.0,-9.275,0.0,0.0,25.901,0.0,0.0,-7.38,0.0,0.0,0.7899487400000001,0.0,0.0,-174.68805125999998,0.0,0.0
TRP 133,129.117,0.0,0.0,-19.641,0.0,0.0,-93.588,0.0,0.0,-5.274,0.0,0.0,0.07862794000000001,0.0,0.0,10.692627940000005,0.0,0.0
ILE 134,85.83,0.0,0.0,-12.915,0.0,0.0,-68.44,0.0,0.0,-1.205,0.0,0.0,0.00719234,0.0,0.0,3.2771923399999943,0.0,0.0
ILE 135,86.277,0.0,0.0,-9.038,0.0,0.0,-67.517,0.0,0.0,-0.032,0.0,0.0,0.25193244000000004,0.0,0.0,9.94193244000001,0.0,0.0
LEU 136,77.125,0.0,0.0,-7.884,0.0,0.0,-82.141,0.0,0.0,1.97,0.0,0.0,0.3884785,0.0,0.0,-10.541521500000005,0.0,0.0
GLY 137,77.022,0.0,0.0,-6.914,0.0,0.0,-75.507,0.0,0.0,-0.964,0.0,0.0,0.0,0.0,0.0,-6.363000000000001,0.0,0.0
LEU 138,63.372,0.0,0.0,-10.772,0.0,0.0,-65.509,0.0,0.0,-2.241,0.0,0.0,0.062059,0.0,0.0,-15.087940999999999,0.0,0.0
ASN 139,39.364,0.0,0.0,-9.3,0.0,0.0,-89.469,0.0,0.0,-7.644,0.0,0.0,0.20810632,0.0,0.0,-66.84089368000001,0.0,0.0
LYS 140,135.019,0.0,0.0,-9.046,0.0,0.0,-154.898,0.0,0.0,18.131,0.0,0.0,0.34956832,0.0,0.0,-10.444431679999983,0.0,0.0
ILE 141,91.131,0.0,0.0,-10.125,0.0,0.0,-73.617,0.0,0.0,-3.531,0.0,0.0,0.03676386,0.0,0.0,3.894763859999996,0.0,0.0
VAL 142,66.318,0.0,0.0,-8.114,0.0,0.0,-56.406,0.0,0.0,-5.278,0.0,0.0,0.14286578000000003,0.0,0.0,-3.3371342200000047,0.0,0.0
ARG 143,-185.609,0.0,0.0,-6.961,0.0,0.0,38.674,0.0,0.0,-16.018,0.0,0.0,1.03609262,0.0,0.0,-168.87790738,0.0,0.0
MET 144,87.504,0.0,0.0,-5.335,0.0,0.0,-73.946,0.0,0.0,-5.658,0.0,0.0,0.6512509400000001,0.0,0.0,3.216250940000013,0.0,0.0
TYR 145,88.307,0.0,0.0,-11.751,0.0,0.0,-79.682,0.0,0.0,-11.623,0.0,0.0,0.39556244,0.0,0.0,-14.353437560000003,0.0,0.0
SER 146,91.381,0.0,0.0,-3.297,0.0,0.0,-67.258,0.0,0.0,-10.687,0.0,0.0,0.49521998,5.268356063861754e-09,5.268356063861754e-09,10.634219980000008,0.0,0.0
PRO 147,85.121,0.0,0.0,-3.05,0.0,0.0,-61.133,0.0,0.0,-7.288,0.0,0.0,0.7351959000000001,0.0,0.0,14.385195899999996,0.0,0.0
THR 148,38.592,0.0,0.0,-3.567,0.0,0.0,-51.061,0.0,0.0,-2.271,0.0,0.0,0.38919394,0.0,0.0,-17.917806060000004,0.0,0.0
SER 149,65.167,0.0,0.0,-3.898,0.0,0.0,-63.167,0.0,0.0,-1.454,0.0,0.0,0.20044786,0.0,0.0,-3.151552140000003,0.0,0.0
ILE 150,79.012,0.0,0.0,-9.936,0.0,0.0,-58.939,0.0,0.0,-0.222,0.0,0.0,0.0057560400000000005,0.0,0.0,9.920756039999993,0.0,0.0
LEU 151,70.655,0.0,0.0,-6.718,0.0,0.0,-74.513,0.0,0.0,-2.173,0.0,0.0,0.7321607000000001,0.0,0.0,-12.016839300000008,0.0,0.0
ASP 152,93.369,0.0,0.0,-3.602,0.0,0.0,-65.918,0.0,0.0,-80.824,0.0,0.0,0.4721362,0.0,0.0,-56.50286380000001,0.0,0.0
ILE 153,97.523,0.0,0.0,-8.818,0.0,0.0,-68.371,0.0,0.0,-5.045,0.0,0.0,0.06682318000000001,0.0,0.0,15.355823180000003,0.0,0.0
ARG 154,-192.453,0.0,0.0,-8.887,0.0,0.0,54.204,0.0,0.0,-23.277,0.0,0.0,0.84960126,0.0,0.0,-169.56339874000003,0.0,0.0
GLN 155,29.235,0.0,0.0,-11.722,0.0,0.0,-90.739,0.0,0.0,4.065,0.0,0.0,0.00894842,0.0,0.0,-69.15205158,0.0,0.0
GLY 156,86.744,0.0,0.0,-3.665,0.0,0.0,-69.303,0.0,0.0,-6.896,0.0,0.0,0.06960364000000001,0.0,0.0,6.949603639999997,0.0,0.0
PRO 157,89.231,0.0,0.0,-3.497,0.0,0.0,-52.068,0.0,0.0,-10.378,0.0,0.0,0.67211794,0.0,0.0,23.960117939999996,0.0,0.0
LYS 158,122.317,0.0,0.0,-3.599,0.0,0.0,-89.713,0.0,0.0,-41.258,0.0,0.0,1.09309476,0.0,0.0,-11.159905240000008,0.0,0.0
GLU 159,106.755,0.0,0.0,-7.589,0.0,0.0,-115.02,0.0,0.0,-35.686,0.0,0.0,0.15402014000000003,0.0,0.0,-51.38597986,0.0,0.0
PRO 160,78.362,0.0,0.0,-7.104,0.0,0.0,-61.005,0.0,0.0,-0.979,0.0,0.0,0.24520080000000002,0.0,0.0,9.519200799999993,0.0,0.0
PHE 161,101.987,0.0,0.0,-14.763,0.0,0.0,-76.321,0.0,0.0,-1.725,0.0,0.0,0.0,0.0,0.0,9.177999999999992,0.0,0.0
ARG 162,-190.349,0.0,0.0,-7.97,0.0,0.0,-27.646,0.0,0.0,41.803,0.0,0.0,0.50868868,0.0,0.0,-183.65331131999997,0.0,0.0
ASP 163,91.734,0.0,0.0,-7.14,0.0,0.0,-87.98,0.0,0.0,-60.551,0.0,0.0,0.29107026,0.0,0.0,-63.645929740000014,0.0,0.0
TYR 164,95.893,0.0,0.0,-18.168,0.0,0.0,-96.534,0.0,0.0,-2.936,0.0,0.0,0.0,0.0,0.0,-21.74500000000001,0.0,0.0
VAL 165,49.332,0.0,0.0,-8.9,0.0,0.0,-55.196,0.0,0.0,0.038,0.0,0.0,0.05841134,0.0,0.0,-14.667588659999996,0.0,0.0
ASP 166,116.28,0.0,0.0,-7.68,0.0,0.0,-103.884,0.0,0.0,-56.253,0.0,0.0,0.34009958,0.0,0.0,-51.196900420000006,0.0,0.0
ARG 167,-195.145,0.0,0.0,-7.976,0.0,0.0,2.192,0.0,0.0,14.929,0.0,0.0,0.5523684600000001,0.0,0.0,-185.44763154,0.0,0.0
PHE 168,98.437,0.0,0.0,-16.165,0.0,0.0,-81.255,0.0,0.0,-1.028,0.0,0.0,0.0,0.0,0.0,-0.011000000000004118,0.0,0.0
TYR 169,98.78,0.0,0.0,-10.704,0.0,0.0,-88.373,0.0,0.0,-4.746,0.0,0.0,0.54324118,0.0,0.0,-4.499758820000012,0.0,0.0
LYS 170,131.13,0.0,0.0,-7.099,0.0,0.0,-162.558,0.0,0.0,15.602,0.0,0.0,0.6771964800000001,0.0,0.0,-22.24780352,0.0,0.0
THR 171,41.571,0.0,0.0,-4.758,0.0,0.0,-54.287,0.0,0.0,-5.658,0.0,0.0,0.16876796000000002,0.0,0.0,-22.963232040000005,0.0,0.0
LEU 172,75.367,0.0,0.0,-13.162,0.0,0.0,-72.464,0.0,0.0,-1.138,0.0,0.0,0.03141974,0.0,0.0,-11.365580259999993,0.0,0.0
ARG 173,-198.767,0.0,0.0,-11.129,0.0,0.0,26.894,0.0,0.0,7.768,0.0,0.0,0.39008824,0.0,0.0,-174.84391175999997,0.0,0.0
ALA 174,89.144,0.0,0.0,-5.161,0.0,0.0,-85.821,0.0,0.0,-0.677,0.0,0.0,0.15127220000000002,0.0,0.0,-2.3637277999999937,0.0,0.0
GLU 175,109.21,0.0,0.0,-7.451,0.0,0.0,-84.439,0.0,0.0,-71.835,0.0,0.0,0.15954312,0.0,0.0,-54.355456879999984,0.0,0.0
GLN 176,25.455,0.0,0.0,-3.896,0.0,0.0,-76.502,0.0,0.0,-2.762,0.0,0.0,0.6472022000000001,0.0,0.0,-57.057797799999996,0.0,0.0
ALA 177,101.809,0.0,0.0,-4.487,0.0,0.0,-84.933,0.0,0.0,-3.479,0.0,0.0,0.22285956,0.0,0.0,9.132859559999996,0.0,0.0
SER 178,68.651,0.0,0.0,-3.63,0.0,0.0,-60.674,0.0,0.0,-6.107,0.0,0.0,0.39171424000000005,0.0,0.0,-1.368285759999999,0.0,0.0
GLN 179,29.028,0.0,0.0,-4.994,0.0,0.0,-64.963,0.0,0.0,-14.72,0.0,0.0,0.8648694,0.0,0.0,-54.78413059999999,0.0,0.0
GLU 180,113.216,0.0,0.0,-5.177,0.0,0.0,-68.697,0.0,0.0,-87.452,0.0,0.0,0.7721386200000001,0.0,0.0,-47.337861380000014,0.0,0.0
VAL 181,65.567,0.0,0.0,-6.476,0.0,0.0,-56.996,0.0,0.0,-3.625,0.0,0.0,0.34863066,0.0,0.0,-1.1813693400000083,0.0,0.0
LYS 182,123.214,0.0,0.0,-10.941,0.0,0.0,-142.947,0.0,0.0,15.151,0.0,0.0,0.14280074,0.0,0.0,-15.380199260000007,0.0,0.0
ASN 183,24.249,0.0,0.0,-5.997,0.0,0.0,-82.38,0.0,0.0,-9.345,0.0,0.0,0.48537726000000003,0.0,0.0,-72.98762273999999,0.0,0.0
TRP 184,117.152,0.0,0.0,-9.387,0.0,0.0,-89.277,0.0,0.0,-9.821,0.0,0.0,0.97458646,0.0,0.0,9.64158646,0.0,0.0
MET 185,108.818,0.0,0.0,-11.447,0.0,0.0,-85.195,0.0,0.0,-2.998,0.0,0.0,0.1422479,0.0,0.0,9.3202479,0.0,0.0
THR 186,43.542,0.0,0.0,-8.729,0.0,0.0,-55.797,0.0,0.0,-2.331,0.0,0.0,0.12945128,0.0,0.0,-23.185548719999993,0.0,0.0
GLU 187,101.75,0.0,0.0,-5.574,0.0,0.0,-47.566,0.0,0.0,-102.339,0.0,0.0,0.7716454,0.0,0.0,-52.9573546,0.0,0.0
THR 188,41.374,0.0,0.0,-5.27,0.0,0.0,-49.169,0.0,0.0,-4.104,0.0,0.0,0.36025114,0.0,0.0,-16.808748859999998,0.0,0.0
LEU 189,55.031,0.0,0.0,-9.456,0.0,0.0,-60.881,0.0,0.0,-0.199,0.0,0.0,0.11973864000000001,0.0,0.0,-15.385261359999998,0.0,0.0
LEU 190,86.353,0.0,0.0,-11.979,0.0,0.0,-88.673,0.0,0.0,1.406,0.0,0.0,0.028959060000000002,0.0,0.0,-12.864040940000006,0.0,0.0
VAL 191,56.034,0.0,0.0,-7.296,0.0,0.0,-60.945,0.0,0.0,1.408,0.0,0.0,0.15874096000000001,0.0,0.0,-10.640259040000002,0.0,0.0
GLN 192,21.705,0.0,0.0,-7.373,0.0,0.0,-64.437,0.0,0.0,-10.09,0.0,0.0,0.6327741600000001,0.0,0.0,-59.56222584000001,0.0,0.0
ASN 193,15.89,0.0,0.0,-7.571,0.0,0.0,-80.233,0.0,0.0,-4.137,0.0,0.0,0.25507062,0.0,0.0,-75.79592938,0.0,0.0
ALA 194,87.393,0.0,0.0,-7.292,0.0,0.0,-80.529,0.0,0.0,1.13,0.0,0.0,0.029598620000000003,0.0,0.0,0.7315986200000026,0.0,0.0
ASN 195,46.54,0.0,0.0,-7.112,0.0,0.0,-86.714,0.0,0.0,-12.696,0.0,0.0,0.17497928000000001,0.0,0.0,-59.80702072,0.0,0.0
PRO 196,79.385,0.0,0.0,-4.513,0.0,0.0,-61.855,0.0,0.0,-3.794,0.0,0.0,0.54462328,0.0,0.0,9.767623280000002,0.0,0.0
ASP 197,103.314,0.0,0.0,-5.414,0.0,0.0,-77.96,0.0,0.0,-77.251,0.0,0.0,0.40731842,0.0,0.0,-56.903681580000004,0.0,0.0
CYX 198,104.818,0.0,0.0,-9.278,0.0,0.0,-80.672,0.0,0.0,-4.623,0.0,0.0,0.0,0.0,0.0,10.244999999999994,0.0,0.0
LYS 199,141.618,0.0,0.0,-9.825,0.0,0.0,-129.476,0.0,0.0,-17.402,0.0,0.0,0.49924704,0.0,0.0,-14.585752959999994,0.0,0.0
THR 200,56.514,0.0,0.0,-5.37,0.0,0.0,-70.932,0.0,0.0,-2.251,0.0,0.0,0.46268914000000005,0.0,0.0,-21.57631086,0.0,0.0
ILE 201,77.46,0.0,0.0,-5.114,0.0,0.0,-56.946,0.0,0.0,-1.083,0.0,0.0,0.25218176000000003,0.0,0.0,14.569181759999992,0.0,0.0
LEU 202,83.482,0.0,0.0,-7.009,0.0,0.0,-77.298,0.0,0.0,-5.787,0.0,0.0,0.48403310000000005,0.0,0.0,-6.127966900000002,0.0,0.0
LYS 203,116.725,0.0,0.0,-4.973,0.0,0.0,-97.995,0.0,0.0,-32.338,0.0,0.0,1.14345198,0.0,0.0,-17.43754802000001,0.0,0.0
ALA 204,84.616,0.0,0.0,-2.967,0.0,0.0,-73.067,0.0,0.0,-3.72,0.0,0.0,0.44099288000000003,0.0,0.0,5.302992880000007,0.0,0.0
LEU 205,74.084,0.0,0.0,-7.111,0.0,0.0,-74.609,0.0,0.0,-3.928,0.0,0.0,0.20498982,0.0,0.0,-11.359010179999997,0.0,0.0
GLY 206,88.556,0.0,0.0,-1.548,0.0,0.0,-74.573,0.0,0.0,-6.173,0.0,0.0,0.23080528000000003,0.0,0.0,6.4928052800000025,0.0,0.0
PRO 207,82.337,0.0,0.0,-1.583,0.0,0.0,-53.966,0.0,0.0,-8.966,0.0,0.0,0.85415406,0.0,0.0,18.676154060000002,0.0,0.0
GLY 208,65.162,0.0,0.0,-1.591,0.0,0.0,-62.649,0.0,0.0,-6.469,0.0,0.0,0.5095884,0.0,0.0,-5.037411599999996,0.0,0.0
ALA 209,96.436,0.0,0.0,-3.398,0.0,0.0,-85.779,0.0,0.0,-4.496,0.0,0.0,0.21597074000000002,0.0,0.0,2.978970740000014,0.0,0.0
THR 210,39.817,0.0,0.0,-5.491,0.0,0.0,-37.879,0.0,0.0,-9.592,0.0,0.0,0.49342596,0.0,0.0,-12.651574039999998,0.0,0.0
LEU 211,62.8,0.0,0.0,-6.22,0.0,0.0,-66.768,0.0,0.0,-3.283,0.0,0.0,0.3334655,0.0,0.0,-13.137534500000001,0.0,0.0
GLU 212,103.826,0.0,0.0,-5.983,0.0,0.0,-50.504,0.0,0.0,-101.256,0.0,0.0,0.75017136,0.0,0.0,-53.166828640000006,0.0,0.0
GLU 213,105.447,0.0,0.0,-6.654,0.0,0.0,-53.265,0.0,0.0,-97.11,0.0,0.0,0.49168072,0.0,0.0,-51.090319279999996,0.0,0.0
MET 214,96.394,0.0,0.0,-12.605,0.0,0.0,-74.26,0.0,0.0,-3.047,0.0,0.0,0.02793468,0.0,0.0,6.509934679999996,0.0,0.0
MET 215,99.09,0.0,0.0,-10.571,0.0,0.0,-80.706,0.0,0.0,-4.158,0.0,0.0,0.19114172000000001,0.0,0.0,3.846141720000002,0.0,0.0
THR 216,43.054,0.0,0.0,-6.407,0.0,0.0,-47.77,0.0,0.0,-4.834,0.0,0.0,0.48724174000000003,0.0,0.0,-15.469758259999997,0.0,0.0
ALA 217,78.602,0.0,0.0,-4.783,0.0,0.0,-65.421,0.0,0.0,-3.145,0.0,0.0,0.18872982,0.0,0.0,5.441729819999996,0.0,0.0
CYX 218,97.453,0.0,0.0,-7.335,0.0,0.0,-77.943,0.0,0.0,-3.049,0.0,0.0,0.0021571600000000004,0.0,0.0,9.128157160000011,0.0,0.0
GLN 219,40.93,0.0,0.0,-6.766,0.0,0.0,-72.222,0.0,0.0,-11.175,0.0,0.0,0.48146402000000005,0.0,0.0,-48.75153597999999,0.0,0.0
GLY 220,102.489,0.0,0.0,-3.417,0.0,0.0,-89.406,0.0,0.0,-3.881,0.0,0.0,0.14719636000000003,0.0,0.0,5.932196359999996,0.0,0.0
VAL 221,36.153,0.0,0.0,-3.039,0.0,0.0,-30.182,0.0,0.0,-90.65,0.0,0.0,0.66944588,0.0,0.0,-87.04855412,0.0,0.0

Receptor:
Total Energy Decomposition:
Residue,Internal,,,van der Waals,,,Electrostatic,,,Polar Solvation,,,Non-Polar Solv.,,,TOTAL,,
,Avg.,Std. Dev.,Std. Err. of Mean,Avg.,Std. Dev.,Std. Err. of Mean,Avg.,Std. Dev.,Std. Err. of Mean,Avg.,Std. Dev.,Std. Err. of Mean,Avg.,Std. Dev.,Std. Err. of Mean,Avg.,Std. Dev.,Std. Err. of Mean
PRO   1,110.639,0.0,0.0,-6.737,0.0,0.0,-102.347,0.0,0.0,3.523,0.0,0.0,0.14656764000000003,0.0,0.0,5.224567640000006,0.0,0.0
ILE   2,106.089,0.0,0.0,-8.844,0.0,0.0,-74.574,0.0,0.0,-2.123,0.0,0.0,0.1961498,0.0,0.0,20.744149800000006,0.0,0.0
VAL   3,53.419,0.0,0.0,-4.362,0.0,0.0,-57.551,0.0,0.0,-1.787,0.0,0.0,0.32866338000000006,0.0,0.0,-9.952336620000006,0.0,0.0
GLN   4,26.284,0.0,0.0,-6.914,0.0,0.0,-61.12,0.0,0.0,-10.745,0.0,0.0,0.6044980200000001,0.0,0.0,-51.890501979999996,0.0,0.0
ASN   5,32.883,0.0,0.0,-5.779,0.0,0.0,-77.851,0.0,0.0,-13.57,0.0,0.0,0.32739510000000005,0.0,0.0,-63.98960490000001,0.0,0.0
LEU   6,66.032,0.0,0.0,-1.519,0.0,0.0,-61.167,0.0,0.0,-8.552,0.0,0.0,1.0943251,0.0,0.0,-4.11167490000001,0.0,0.0
GLN   7,38.956,0.0,0.0,-2.585,0.0,0.0,-72.989,0.0,0.0,-17.691,0.0,0.0,0.91196378,0.0,0.0,-53.39703622,0.0,0.0
GLY   8,79.995,0.0,0.0,-2.706,0.0,0.0,-72.793,0.0,0.0,-5.387,0.0,0.0,0.28905402,0.0,0.0,-0.6019459800000044,0.0,0.0
GLN   9,35.533,0.0,0.0,-4.012,0.0,0.0,-79.541,0.0,0.0,-11.904,0.0,0.0,0.70688182,0.0,0.0,-59.21711817999999,0.0,0.0
MET  10,95.418,0.0,0.0,-9.488,0.0,0.0,-79.008,0.0,0.0,-4.825,0.0,0.0,0.24638778000000003,0.0,0.0,2.343387780000011,0.0,0.0
VAL  11,49.843,0.0,0.0,-5.831,0.0,0.0,-52.603,0.0,0.0,-2.747,0.0,0.0,0.3380725,0.0,0.0,-10.999927500000002,0.0,0.0
HID  12,89.443,0.0,0.0,-11.722,0.0,0.0,-60.643,0.0,0.0,-8.265,0.0,0.0,0.24746636000000002,0.0,0.0,9.060466360000003,0.0,0.0
GLN  13,34.966,0.0,0.0,-6.555,0.0,0.0,-76.315,0.0,0.0,-10.757,0.0,0.0,0.5829481000000001,0.0,0.0,-58.07805189999999,0.0,0.0
ALA  14,94.71,0.0,0.0,-3.766,0.0,0.0,-82.73,0.0,0.0,-2.056,0.0,0.0,0.45408218,0.0,0.0,6.612082179999985,0.0,0.0
ILE  15,98.213,0.0,0.0,-9.023,0.0,0.0,-73.697,0.0,0.0,-5.353,0.0,0.0,0.07795044000000001,0.0,0.0,10.217950439999996,0.0,0.0
SER  16,70.397,0.0,0.0,-5.782,0.0,0.0,-55.174,0.0,0.0,-6.456,0.0,0.0,0.2475043,0.0,0.0,3.2325043000000093,0.0,0.0
PRO  17,94.021,0.0,0.0,-4.838,0.0,0.0,-61.551,0.0,0.0,-3.232,0.0,0.0,0.6304815,0.0,0.0,25.030481500000004,0.0,0.0
ARG  18,-189.323,0.0,0.0,-5.9,0.0,0.0,77.242,0.0,0.0,-57.268,0.0,0.0,1.20398796,0.0,0.0,-174.04501204000002,0.0,0.0
THR  19,44.985,0.0,0.0,-7.067,0.0,0.0,-56.199,0.0,0.0,-2.298,0.0,0.0,0.19384088000000002,0.0,0.0,-20.38515912,0.0,0.0
LEU  20,53.016,0.0,0.0,-10.952,0.0,0.0,-55.854,0.0,0.0,-3.396,0.0,0.0,0.16645362,0.0,0.0,-17.01954638,0.0,0.0
ASN  21,33.683,0.0,0.0,-7.948,0.0,0.0,-95.334,0.0,0.0,-6.811,0.0,0.0,0.4393723,0.0,0.0,-75.9706277,0.0,0.0
ALA  22,93.055,0.0,0.0,-5.451,0.0,0.0,-82.524,0.0,0.0,-2.651,0.0,0.0,0.18961328000000002,0.0,0.0,2.618613280000013,0.0,0.0
TRP  23,129.977,0.0,0.0,-17.92,0.0,0.0,-96.044,0.0,0.0,-5.29,0.0,0.0,0.0035988800000000005,0.0,0.0,10.726598880000006,0.0,0.0
VAL  24,63.245,0.0,0.0,-7.454,0.0,0.0,-49.921,0.0,0.0,-7.036,0.0,0.0,0.24616014000000003,0.0,0.0,-0.9198398600000022,0.0,0.0
LYS  25,131.617,0.0,0.0,-8.559,0.0,0.0,-99.047,0.0,0.0,-42.623,0.0,0.0,0.68389018,0.0,0.0,-17.928109820000003,0.0,0.0
VAL  26,65.693,0.0,0.0,-9.453,0.0,0.0,-64.156,0.0,0.0,-3.876,0.0,0.0,0.09938654000000001,0.0,0.0,-11.692613460000011,0.0,0.0
VAL  27,44.074,0.0,0.0,-9.083,0.0,0.0,-48.055,0.0,0.0,-3.871,0.0,0.0,0.12118036000000001,0.0,0.0,-16.81381964,0.0,0.0
GLU  28,94.892,0.0,0.0,-6.575,0.0,0.0,-67.989,0.0,0.0,-74.905,0.0,0.0,0.547149,0.0,0.0,-54.029851000000015,0.0,0.0
GLU  29,102.777,0.0,0.0,-5.796,0.0,0.0,-77.685,0.0,0.0,-72.565,0.0,0.0,0.7544369,0.0,0.0,-52.514563100000004,0.0,0.0
LYS  30,124.26,0.0,0.0,-8.854,0.0,0.0,-106.533,0.0,0.0,-21.95,0.0,0.0,0.45423394000000006,0.0,0.0,-12.622766059999995,0.0,0.0
ALA  31,90.394,0.0,0.0,-4.863,0.0,0.0,-78.925,0.0,0.0,-3.385,0.0,0.0,0.25000834000000005,0.0,0.0,3.471008340000009,0.0,0.0
PHE  32,104.492,0.0,0.0,-9.249,0.0,0.0,-78.876,0.0,0.0,-5.93,0.0,0.0,0.45388164000000003,0.0,0.0,10.890881640000005,0.0,0.0
SER  33,81.321,0.0,0.0,-6.185,0.0,0.0,-60.495,0.0,0.0,-6.278,0.0,0.0,0.20232318000000002,0.0,0.0,8.56532318,0.0,0.0
PRO  34,76.591,0.0,0.0,-5.798,0.0,0.0,-57.923,0.0,0.0,-1.504,0.0,0.0,0.45274344,0.0,0.0,11.818743439999992,0.0,0.0
GLU  35,104.589,0.0,0.0,-6.624,0.0,0.0,-89.542,0.0,0.0,-60.924,0.0,0.0,0.5400488,0.0,0.0,-51.9609512,0.0,0.0
VAL  36,49.454,0.0,0.0,-8.612,0.0,0.0,-52.033,0.0,0.0,0.102,0.0,0.0,0.0316528,0.0,0.0,-11.057347200000002,0.0,0.0
ILE  37,86.941,0.0,0.0,-7.688,0.0,0.0,-60.132,0.0,0.0,0.117,0.0,0.0,0.18055646000000003,0.0,0.0,19.418556460000005,0.0,0.0
PRO  38,84.445,0.0,0.0,-6.012,0.0,0.0,-57.6,0.0,0.0,-3.54,0.0,0.0,0.45767564,0.0,0.0,17.750675639999994,0.0,0.0
MET  39,94.193,0.0,0.0,-8.579,0.0,0.0,-71.63,0.0,0.0,-4.201,0.0,0.0,0.42699844000000003,0.0,0.0,10.209998440000009,0.0,0.0
PHE  40,99.686,0.0,0.0,-13.917,0.0,0.0,-84.987,0.0,0.0,-0.93,0.0,0.0,0.0014363000000000002,0.0,0.0,-0.14656369999998936,0.0,0.0
SER  41,58.133,0.0,0.0,-6.046,0.0,0.0,-44.135,0.0,0.0,-12.672,0.0,0.0,0.29232228,0.0,0.0,-4.427677719999996,0.0,0.0
ALA  42,83.229,0.0,0.0,-4.179,0.0,0.0,-67.371,0.0,0.0,-4.982,0.0,0.0,0.33773104,0.0,0.0,7.034731040000002,0.0,0.0
LEU  43,79.296,0.0,0.0,-10.779,0.0,0.0,-75.804,0.0,0.0,-4.643,0.0,0.0,0.14122894,0.0,0.0,-11.788771059999993,0.0,0.0
SER  44,72.213,0.0,0.0,-5.922,0.0,0.0,-77.248,0.0,0.0,1.505,0.0,0.0,0.0017886000000000002,0.0,0.0,-9.45021140000001,0.0,0.0
GLU  45,98.471,0.0,0.0,-5.612,0.0,0.0,-74.034,0.0,0.0,-73.753,0.0,0.0,0.68697958,0.0,0.0,-54.24102042,0.0,0.0
GLY  46,69.738,0.0,0.0,-2.144,0.0,0.0,-69.877,0.0,0.0,-1.446,0.0,0.0,0.16194418000000002,0.0,0.0,-3.567055820000001,0.0,0.0
ALA  47,100.678,0.0,0.0,-6.666,0.0,0.0,-86.529,0.0,0.0,-3.199,0.0,0.0,0.015463260000000001,0.0,0.0,4.299463260000004,0.0,0.0
THR  48,56.443,0.0,0.0,-10.546,0.0,0.0,-56.441,0.0,0.0,-0.823,0.0,0.0,0.0,0.0,0.0,-11.367000000000004,0.0,0.0
PRO  49,80.241,0.0,0.0,-11.837,0.0,0.0,-55.934,0.0,0.0,-0.183,0.0,0.0,0.0,0.0,0.0,12.286999999999999,0.0,0.0
GLN  50,31.283,0.0,0.0,-9.35,0.0,0.0,-73.107,0.0,0.0,-9.297,0.0,0.0,0.31635456,0.0,0.0,-60.15464544,0.0,0.0
ASP  51,91.161,0.0,0.0,-8.805,0.0,0.0,-134.407,0.0,0.0,-13.014,0.0,0.0,0.01461774,0.0,0.0,-65.05038226,0.0,0.0
LEU  52,71.469,0.0,0.0,-11.623,0.0,0.0,-71.641,0.0,0.0,0.536,0.0,0.0,0.0,0.0,0.0,-11.25900000000001,0.0,0.0
ASN  53,31.971,0.0,0.0,-6.645,0.0,0.0,-101.698,0.0,0.0,-3.07,0.0,0.0,0.20224188,0.0,0.0,-79.23975811999998,0.0,0.0
THR  54,52.535,0.0,0.0,-7.351,0.0,0.0,-63.653,0.0,0.0,-1.329,0.0,0.0,0.2831137,0.0,0.0,-19.5148863,0.0,0.0
MET  55,79.679,0.0,0.0,-13.248,0.0,0.0,-67.757,0.0,0.0,-0.933,0.0,0.0,0.00737662,0.0,0.0,-2.2516233800000074,0.0,0.0
LEU  56,63.665,0.0,0.0,-8.723,0.0,0.0,-67.035,0.0,0.0,0.233,0.0,0.0,0.11375496,0.0,0.0,-11.746245039999996,0.0,0.0
ASN  57,35.636,0.0,0.0,-5.66,0.0,0.0,-92.681,0.0,0.0,-11.74,0.0,0.0,0.6016471,0.0,0.0,-73.8433529,0.0,0.0
THR  58,58.379,0.0,0.0,-8.49,0.0,0.0,-63.202,0.0,0.0,-6.296,0.0,0.0,0.1965021,0.0,0.0,-19.4124979,0.0,0.0
VAL  59,33.61,0.0,0.0,-8.326,0.0,0.0,-37.534,0.0,0.0,-1.87,0.0,0.0,0.01385894,0.0,0.0,-14.10614106,0.0,0.0
ALA  60,90.213,0.0,0.0,-4.443,0.0,0.0,-65.155,0.0,0.0,-3.212,0.0,0.0,0.08643274,0.0,0.0,17.489432739999994,0.0,0.0
PRO  61,75.089,0.0,0.0,-5.033,0.0,0.0,-60.2,0.0,0.0,-2.372,0.0,0.0,0.5098919199999999,0.0,0.0,7.993891919999995,0.0,0.0
HID  62,104.141,0.0,0.0,-7.375,0.0,0.0,-81.976,0.0,0.0,-1.804,0.0,0.0,0.27607854,0.0,0.0,13.262078540000006,0.0,0.0
GLN  63,33.356,0.0,0.0,-5.588,0.0,0.0,-72.746,0.0,0.0,-9.002,0.0,0.0,0.57224902,0.0,0.0,-53.407750979999996,0.0,0.0
ALA  64,82.294,0.0,0.0,-2.487,0.0,0.0,-69.066,0.0,0.0,-5.635,0.0,0.0,0.43115016000000006,0.0,0.0,5.5371501599999995,0.0,0.0
ALA  65,88.76,0.0,0.0,-4.66,0.0,0.0,-75.859,0.0,0.0,-1.519,0.0,0.0,0.1364485,0.0,0.0,6.858448500000014,0.0,0.0
ALA  66,89.416,0.0,0.0,-6.165,0.0,0.0,-82.063,0.0,0.0,-0.127,0.0,0.0,0.00072086,0.0,0.0,1.061720859999988,0.0,0.0
GLN  67,37.41,0.0,0.0,-7.151,0.0,0.0,-74.021,0.0,0.0,-14.994,0.0,0.0,0.55086712,0.0,0.0,-58.20513288,0.0,0.0
MET  68,89.845,0.0,0.0,-9.492,0.0,0.0,-74.607,0.0,0.0,-2.662,0.0,0.0,0.21382442000000002,0.0,0.0,3.297824419999995,0.0,0.0
LEU  69,94.831,0.0,0.0,-11.027,0.0,0.0,-79.601,0.0,0.0,-3.232,0.0,0.0,0.006476900000000001,0.0,0.0,0.9774769000000028,0.0,0.0
LYS  70,126.224,0.0,0.0,-7.815,0.0,0.0,-108.091,0.0,0.0,-29.683,0.0,0.0,0.5859236800000001,0.0,0.0,-18.779076319999987,0.0,0.0
GLU  71,109.236,0.0,0.0,-8.521,0.0,0.0,-73.203,0.0,0.0,-86.062,0.0,0.0,0.50325242,0.0,0.0,-58.046747579999995,0.0,0.0
THR  72,52.334,0.0,0.0,-9.038,0.0,0.0,-58.937,0.0,0.0,-3.861,0.0,0.0,0.0,0.0,0.0,-19.501999999999992,0.0,0.0
ILE  73,74.2,0.0,0.0,-10.053,0.0,0.0,-47.811,0.0,0.0,-5.193,0.0,0.0,0.10963034,0.0,0.0,11.252630340000007,0.0,0.0
ASN  74,32.323,0.0,0.0,-6.155,0.0,0.0,-83.633,0.0,0.0,-16.552,0.0,0.0,0.6194843200000001,0.0,0.0,-73.39751568,0.0,0.0
GLU  75,105.851,0.0,0.0,-7.951,0.0,0.0,-60.437,0.0,0.0,-95.31,0.0,0.0,0.49873756,0.0,0.0,-57.34826243999999,0.0,0.0
GLU  76,96.149,0.0,0.0,-9.303,0.0,0.0,-48.654,0.0,0.0,-91.23,0.0,0.0,0.31131396000000006,0.0,0.0,-52.726686040000004,0.0,0.0
ALA  77,84.294,0.0,0.0,-7.474,0.0,0.0,-69.581,0.0,0.0,-1.992,0.0,0.0,0.06670936000000001,0.0,0.0,5.31370935999999,0.0,0.0
ALA  78,95.501,0.0,0.0,-6.493,0.0,0.0,-84.438,0.0,0.0,-0.859,0.0,0.0,0.22309804,0.0,0.0,3.9340980400000074,0.0,0.0
GLU  79,106.653,0.0,0.0,-8.586,0.0,0.0,-75.61,0.0,0.0,-80.156,0.0,0.0,0.45829894000000004,0.0,0.0,-57.24070106,0.0,0.0
TRP  80,114.562,0.0,0.0,-16.049,0.0,0.0,-86.829,0.0,0.0,-1.796,0.0,0.0,0.29415424,0.0,0.0,10.182154240000012,0.0,0.0
ASP  81,98.597,0.0,0.0,-7.561,0.0,0.0,-76.89,0.0,0.0,-63.516,0.0,0.0,0.30875030000000003,0.0,0.0,-49.0612497,0.0,0.0
ARG  82,-190.757,0.0,0.0,-8.495,0.0,0.0,-12.518,0.0,0.0,34.146,0.0,0.0,0.95374656,0.0,0.0,-176.67025344,0.0,0.0
LEU  83,70.679,0.0,0.0,-4.726,0.0,0.0,-74.4,0.0,0.0,-3.392,0.0,0.0,0.64963578,0.0,0.0,-11.189364220000002,0.0,0.0
HID  84,110.955,0.0,0.0,-8.032,0.0,0.0,-77.391,0.0,0.0,-8.949,0.0,0.0,0.3761209,0.0,0.0,16.9591209,0.0,0.0
PRO  85,95.143,0.0,0.0,-2.3,0.0,0.0,-69.173,0.0,0.0,-4.021,0.0,0.0,0.69391718,0.0,0.0,20.34291718,0.0,0.0
VAL  86,51.009,0.0,0.0,-2.218,0.0,0.0,-46.5,0.0,0.0,-6.501,0.0,0.0,0.7141934000000001,0.0,0.0,-3.4958066000000034,0.0,0.0
HID  87,87.842,0.0,0.0,-7.666,0.0,0.0,-60.735,0.0,0.0,-9.619,0.0,0.0,0.49590290000000004,0.0,0.0,10.317902900000004,0.0,0.0
ALA  88,94.16,0.0,0.0,-2.588,0.0,0.0,-74.909,0.0,0.0,-6.118,0.0,0.0,0.56337106,0.0,0.0,11.108371059999996,0.0,0.0
GLY  89,91.575,0.0,0.0,-2.405,0.0,0.0,-77.96,0.0,0.0,-5.64,0.0,0.0,0.30564464,0.0,0.0,5.875644640000008,0.0,0.0
PRO  90,83.443,0.0,0.0,-3.577,0.0,0.0,-57.299,0.0,0.0,-6.745,0.0,0.0,0.7325943,0.0,0.0,16.554594299999998,0.0,0.0
ILE  91,75.12,0.0,0.0,-5.226,0.0,0.0,-55.598,0.0,0.0,-5.394,0.0,0.0,0.3743323,0.0,0.0,9.276332300000007,0.0,0.0
ALA  92,100.244,0.0,0.0,-3.387,0.0,0.0,-66.777,0.0,0.0,-6.34,0.0,0.0,0.2575855,0.0,0.0,23.9975855,0.0,0.0
PRO  93,84.191,0.0,0.0,-2.746,0.0,0.0,-56.262,0.0,0.0,-7.882,0.0,0.0,0.7585777800000001,0.0,0.0,18.05957778000001,0.0,0.0
GLY  94,71.38,0.0,0.0,-1.823,0.0,0.0,-64.843,0.0,0.0,-7.645,0.0,0.0,0.55217876,0.0,0.0,-2.378821240000001,0.0,0.0
GLN  95,38.856,0.0,0.0,-4.675,0.0,0.0,-70.573,0.0,0.0,-16.317,0.0,0.0,0.7444803600000001,0.0,0.0,-51.96451963999999,0.0,0.0
MET  96,105.744,0.0,0.0,-8.011,0.0,0.0,-74.634,0.0,0.0,-7.979,0.0,0.0,0.33454408,0.0,0.0,15.454544080000005,0.0,0.0
ARG  97,-193.207,0.0,0.0,-6.896,0.0,0.0,-13.637,0.0,0.0,28.02,0.0,0.0,0.42332910000000007,0.0,0.0,-185.29667089999998,0.0,0.0
GLU  98,109.666,0.0,0.0,-5.608,0.0,0.0,-62.944,0.0,0.0,-87.146,0.0,0.0,0.6528661,0.0,0.0,-45.379133900000014,0.0,0.0
PRO  99,90.401,0.0,0.0,-9.646,0.0,0.0,-61.896,0.0,0.0,-4.009,0.0,0.0,0.03828688,0.0,0.0,14.888286879999994,0.0,0.0
ARG 100,-185.242,0.0,0.0,-8.096,0.0,0.0,-13.909,0.0,0.0,30.717,0.0,0.0,0.34195322,0.0,0.0,-176.18804677999998,0.0,0.0
GLY 101,78.061,0.0,0.0,-4.587,0.0,0.0,-82.873,0.0,0.0,0.27,0.0,0.0,0.00072086,0.0,0.0,-9.128279140000002,0.0,0.0
SER 102,72.552,0.0,0.0,-6.442,0.0,0.0,-68.346,0.0,0.0,-3.904,0.0,0.0,0.2599974,0.0,0.0,-5.88000259999999,0.0,0.0
ASP 103,88.993,0.0,0.0,-9.027,0.0,0.0,-101.235,0.0,0.0,-39.831,0.0,0.0,0.00894842,0.0,0.0,-61.091051580000006,0.0,0.0
ILE 104,81.12,0.0,0.0,-11.06,0.0,0.0,-59.178,0.0,0.0,-0.091,0.0,0.0,0.0,0.0,0.0,10.791000000000006,0.0,0.0
ALA 105,84.84,0.0,0.0,-5.873,0.0,0.0,-79.221,0.0,0.0,-0.045,0.0,0.0,0.05953328,0.0,0.0,-0.23946672000000488,0.0,0.0
GLY 106,91.758,0.0,0.0,-5.443,0.0,0.0,-86.665,0.0,0.0,-2.972,0.0,0.0,0.055641720000000006,0.0,0.0,-3.2663582800000084,0.0,0.0
THR 107,49.138,0.0,0.0,-4.426,0.0,0.0,-57.726,0.0,0.0,-6.756,0.0,0.0,0.6127743600000001,0.0,0.0,-19.157225640000004,0.0,0.0
THR 108,39.834,0.0,0.0,-4.794,0.0,0.0,-52.276,0.0,0.0,-4.369,0.0,0.0,0.51426586,0.0,0.0,-21.09073414,0.0,0.0
SER 109,79.781,0.0,0.0,-6.809,0.0,0.0,-76.141,0.0,0.0,-2.208,0.0,0.0,0.06961448,0.0,0.0,-5.307385519999997,0.0,0.0
THR 110,28.024,0.0,0.0,-5.132,0.0,0.0,-32.524,0.0,0.0,-5.768,0.0,0.0,0.43062442,0.0,0.0,-14.969375579999998,0.0,0.0
LEU 111,58.139,0.0,0.0,-8.088,0.0,0.0,-58.425,0.0,0.0,-4.485,0.0,0.0,0.25681586,0.0,0.0,-12.602184139999995,0.0,0.0
GLN 112,43.799,0.0,0.0,-5.458,0.0,0.0,-71.603,0.0,0.0,-18.749,0.0,0.0,0.9453564,0.0,0.0,-51.065643599999994,0.0,0.0
GLU 113,104.025,0.0,0.0,-9.09,0.0,0.0,-100.304,0.0,0.0,-47.036,0.0,0.0,0.18716344,0.0,0.0,-52.21783656,0.0,0.0
GLN 114,40.32,0.0,0.0,-12.321,0.0,0.0,-85.391,0.0,0.0,-1.161,0.0,0.0,0.0,0.0,0.0,-58.553000000000004,0.0,0.0
ILE 115,85.576,0.0,0.0,-5.76,0.0,0.0,-73.344,0.0,0.0,-2.29,0.0,0.0,0.16342384000000001,0.0,0.0,4.345423839999994,0.0,0.0
GLY 116,76.817,0.0,0.0,-5.347,0.0,0.0,-72.627,0.0,0.0,-3.785,0.0,0.0,0.13484418,0.0,0.0,-4.807155819999997,0.0,0.0
TRP 117,127.835,0.0,0.0,-18.996,0.0,0.0,-92.19,0.0,0.0,-2.581,0.0,0.0,0.0028780200000000002,0.0,0.0,14.070878020000002,0.0,0.0
MET 118,97.106,0.0,0.0,-11.788,0.0,0.0,-83.948,0.0,0.0,-3.183,0.0,0.0,0.0564493,0.0,0.0,-1.7565506999999954,0.0,0.0
THR 119,42.754,0.0,0.0,-4.194,0.0,0.0,-51.995,0.0,0.0,-6.238,0.0,0.0,0.38656524000000003,0.0,0.0,-19.286434760000002,0.0,0.0
HID 120,92.035,0.0,0.0,-9.311,0.0,0.0,-62.578,0.0,0.0,-7.926,0.0,0.0,0.41442945999999997,0.0,0.0,12.634429459999986,0.0,0.0
ASN 121,44.706,0.0,0.0,-4.549,0.0,0.0,-81.184,0.0,0.0,-15.274,0.0,0.0,0.7854935000000001,0.0,0.0,-55.515506499999994,0.0,0.0
PRO 122,95.357,0.0,0.0,-4.104,0.0,0.0,-58.247,0.0,0.0,-5.022,0.0,0.0,0.60819446,0.0,0.0,28.59219446,0.0,0.0
PRO 123,84.177,0.0,0.0,-5.954,0.0,0.0,-56.729,0.0,0.0,-5.16,0.0,0.0,0.45414722,0.0,0.0,16.788147220000013,0.0,0.0
ILE 124,93.699,0.0,0.0,-8.408,0.0,0.0,-61.001,0.0,0.0,-0.312,0.0,0.0,0.21751544,0.0,0.0,24.195515439999998,0.0,0.0
PRO 125,88.456,0.0,0.0,-6.588,0.0,0.0,-65.566,0.0,0.0,-0.828,0.0,0.0,0.25900554000000003,0.0,0.0,15.733005540000008,0.0,0.0
VAL 126,54.721,0.0,0.0,-10.505,0.0,0.0,-53.674,0.0,0.0,-1.695,0.0,0.0,0.0,0.0,0.0,-11.153000000000006,0.0,0.0
GLY 127,70.525,0.0,0.0,-5.942,0.0,0.0,-70.062,0.0,0.0,-2.083,0.0,0.0,0.014568960000000002,0.0,0.0,-7.547431039999999,0.0,0.0
GLU 128,110.843,0.0,0.0,-6.631,0.0,0.0,-115.703,0.0,0.0,-35.261,0.0,0.0,0.42626132000000005,0.0,0.0,-46.32573868,0.0,0.0
ILE 129,81.372,0.0,0.0,-11.093,0.0,0.0,-66.11,0.0,0.0,-0.51,0.0,0.0,0.050839600000000006,0.0,0.0,3.7098395999999974,0.0,0.0
TYR 130,94.978,0.0,0.0,-15.921,0.0,0.0,-88.979,0.0,0.0,-1.785,0.0,0.0,0.0017886000000000002,0.0,0.0,-11.705211400000012,0.0,0.0
LYS 131,140.397,0.0,0.0,-7.786,0.0,0.0,-155.367,0.0,0.0,7.052,0.0,0.0,0.07557106000000001,0.0,0.0,-15.628428940000001,0.0,0.0
ARG 132,-184.724,0.0,0.0,-9.274,0.0,0.0,31.45,0.0,0.0,-12.932,0.0,0.0,0.7899487400000001,0.0,0.0,-174.69005126,0.0,0.0
TRP 133,129.117,0.0,0.0,-19.639,0.0,0.0,-93.614,0.0,0.0,-5.248,0.0,0.0,0.07862794000000001,0.0,0.0,10.69462793999999,0.0,0.0
ILE 134,85.83,0.0,0.0,-12.912,0.0,0.0,-68.466,0.0,0.0,-1.182,0.0,0.0,0.00719234,0.0,0.0,3.2771923399999983,0.0,0.0
ILE 135,86.277,0.0,0.0,-9.035,0.0,0.0,-67.571,0.0,0.0,0.024,0.0,0.0,0.25193244000000004,0.0,0.0,9.946932440000005,0.0,0.0
LEU 136,77.125,0.0,0.0,-7.881,0.0,0.0,-82.228,0.0,0.0,2.054,0.0,0.0,0.3884785,0.0,0.0,-10.541521499999995,0.0,0.0
GLY 137,77.022,0.0,0.0,-6.911,0.0,0.0,-75.578,0.0,0.0,-0.902,0.0,0.0,0.0,0.0,0.0,-6.368999999999999,0.0,0.0
LEU 138,63.372,0.0,0.0,-10.758,0.0,0.0,-65.682,0.0,0.0,-2.082,0.0,0.0,0.062059,0.0,0.0,-15.087940999999999,0.0,0.0
ASN 139,39.364,0.0,0.0,-9.293,0.0,0.0,-89.903,0.0,0.0,-7.238,0.0,0.0,0.20810632,0.0,0.0,-66.86189368000001,0.0,0.0
LYS 140,135.019,0.0,0.0,-9.04,0.0,0.0,-149.357,0.0,0.0,12.559,0.0,0.0,0.34956832,0.0,0.0,-10.469431679999987,0.0,0.0
ILE 141,91.131,0.0,0.0,-10.101,0.0,0.0,-73.937,0.0,0.0,-3.26,0.0,0.0,0.03676386,0.0,0.0,3.869763860000004,0.0,0.0
VAL 142,66.318,0.0,0.0,-8.089,0.0,0.0,-56.728,0.0,0.0,-5.0,0.0,0.0,0.14286578000000003,0.0,0.0,-3.356134220000002,0.0,0.0
ARG 143,-185.609,0.0,0.0,-6.951,0.0,0.0,46.197,0.0,0.0,-23.575,0.0,0.0,1.03609262,0.0,0.0,-168.90190737999998,0.0,0.0
MET 144,87.504,0.0,0.0,-5.315,0.0,0.0,-73.916,0.0,0.0,-5.744,0.0,0.0,0.6512509400000001,0.0,0.0,3.1802509400000107,0.0,0.0
TYR 145,88.307,0.0,0.0,-11.507,0.0,0.0,-79.534,0.0,0.0,-12.168,0.0,0.0,0.39556244,0.0,0.0,-14.506437560000007,0.0,0.0
SER 146,91.381,0.0,0.0,-3.245,0.0,0.0,-67.645,0.0,0.0,-10.53,0.0,0.0,0.49521998,5.268356063861754e-09,5.268356063861754e-09,10.45621998,0.0,0.0
PRO 147,85.121,0.0,0.0,-2.882,0.0,0.0,-61.511,0.0,0.0,-7.162,0.0,0.0,0.7351959000000001,0.0,0.0,14.301195899999989,0.0,0.0
THR 148,38.592,0.0,0.0,-3.414,0.0,0.0,-37.802,0.0,0.0,-11.555,0.0,0.0,0.5933328200000001,0.0,0.0,-13.585667180000002,0.0,0.0
SER 149,65.167,0.0,0.0,-2.035,0.0,0.0,-46.007,0.0,0.0,-13.589,0.0,0.0,0.59519188,0.0,0.0,4.1311918800000065,0.0,0.0
ILE 150,60.323,0.0,0.0,0.568,0.0,0.0,-27.534,0.0,0.0,-9.358,0.0,0.0,1.24861624,0.0,0.0,25.24761624,0.0,0.0

Ligand:
Total Energy Decomposition:
Residue,Internal,,,van der Waals,,,Electrostatic,,,Polar Solvation,,,Non-Polar Solv.,,,TOTAL,,
,Avg.,Std. Dev.,Std. Err. of Mean,Avg.,Std. Dev.,Std. Err. of Mean,Avg.,Std. Dev.,Std. Err. of Mean,Avg.,Std. Dev.,Std. Err. of Mean,Avg.,Std. Dev.,Std. Err. of Mean,Avg.,Std. Dev.,Std. Err. of Mean
LEU   1,51.002,0.0,0.0,-4.595,0.0,0.0,-49.639,0.0,0.0,-2.806,0.0,0.0,0.9171561400000001,0.0,0.0,-5.120843859999999,0.0,0.0
ASP   2,93.369,0.0,0.0,-2.772,0.0,0.0,-67.299,0.0,0.0,-78.935,0.0,0.0,0.7828106000000001,0.0,0.0,-54.85418940000002,0.0,0.0
ILE   3,97.523,0.0,0.0,-7.116,0.0,0.0,-66.831,0.0,0.0,-6.048,0.0,0.0,0.09751664000000002,0.0,0.0,17.62551663999999,0.0,0.0
ARG   4,-192.453,0.0,0.0,-8.81,0.0,0.0,66.374,0.0,0.0,-35.509,0.0,0.0,0.84960126,0.0,0.0,-169.54839874000004,0.0,0.0
GLN   5,29.235,0.0,0.0,-11.705,0.0,0.0,-90.605,0.0,0.0,3.912,0.0,0.0,0.00894842,0.0,0.0,-69.15405158,0.0,0.0
GLY   6,86.744,0.0,0.0,-3.66,0.0,0.0,-69.11,0.0,0.0,-7.101,0.0,0.0,0.06960364000000001,0.0,0.0,6.942603640000004,0.0,0.0
PRO   7,89.231,0.0,0.0,-3.493,0.0,0.0,-51.867,0.0,0.0,-10.58,0.0,0.0,0.67211794,0.0,0.0,23.963117940000004,0.0,0.0
LYS   8,122.317,0.0,0.0,-3.593,0.0,0.0,-77.45,0.0,0.0,-53.561,0.0,0.0,1.09309476,0.0,0.0,-11.193905240000014,0.0,0.0
GLU   9,106.755,0.0,0.0,-7.572,0.0,0.0,-129.602,0.0,0.0,-21.265,0.0,0.0,0.15402014000000003,0.0,0.0,-51.52997986000001,0.0,0.0
PRO  10,78.362,0.0,0.0,-7.096,0.0,0.0,-61.475,0.0,0.0,-0.51,0.0,0.0,0.24520080000000002,0.0,0.0,9.52620079999999,0.0,0.0
PHE  11,101.987,0.0,0.0,-14.752,0.0,0.0,-76.805,0.0,0.0,-1.26,0.0,0.0,0.0,0.0,0.0,9.169999999999993,0.0,0.0
ARG  12,-190.349,0.0,0.0,-7.954,0.0,0.0,-17.803,0.0,0.0,31.948,0.0,0.0,0.50868868,0.0,0.0,-183.64931131999998,0.0,0.0
ASP  13,91.734,0.0,0.0,-7.116,0.0,0.0,-100.707,0.0,0.0,-47.982,0.0,0.0,0.29107026,0.0,0.0,-63.77992974,0.0,0.0
TYR  14,95.893,0.0,0.0,-18.094,0.0,0.0,-97.548,0.0,0.0,-1.979,0.0,0.0,0.0,0.0,0.0,-21.727999999999994,0.0,0.0
VAL  15,49.332,0.0,0.0,-8.859,0.0,0.0,-56.056,0.0,0.0,0.879,0.0,0.0,0.05841134,0.0,0.0,-14.64558866,0.0,0.0
ASP  16,116.28,0.0,0.0,-7.586,0.0,0.0,-123.796,0.0,0.0,-36.876,0.0,0.0,0.34009958,0.0,0.0,-51.63790042,0.0,0.0
ARG  17,-195.145,0.0,0.0,-7.729,0.0,0.0,19.45,0.0,0.0,-2.554,0.0,0.0,0.5523684600000001,0.0,0.0,-185.42563154000004,0.0,0.0
PHE  18,98.437,0.0,0.0,-14.509,0.0,0.0,-82.086,0.0,0.0,-0.432,0.0,0.0,0.028254460000000002,0.0,0.0,1.438254459999999,0.0,0.0
TYR  19,98.78,0.0,0.0,-10.396,0.0,0.0,-89.789,0.0,0.0,-3.544,0.0,0.0,0.54324118,0.0,0.0,-4.405758820000002,0.0,0.0
LYS  20,131.13,0.0,0.0,-6.035,0.0,0.0,-140.638,0.0,0.0,-7.51,0.0,0.0,0.91580656,0.0,0.0,-22.137193440000004,0.0,0.0
THR  21,41.571,0.0,0.0,-2.52,0.0,0.0,-54.431,0.0,0.0,-7.077,0.0,0.0,0.3675031000000001,0.0,0.0,-22.0894969,0.0,0.0
LEU  22,75.367,0.0,0.0,-11.57,0.0,0.0,-71.508,0.0,0.0,-2.263,0.0,0.0,0.08237858,0.0,0.0,-9.891621419999991,0.0,0.0
ARG  23,-198.767,0.0,0.0,-6.304,0.0,0.0,73.668,0.0,0.0,-38.54,0.0,0.0,1.0181307400000001,0.0,0.0,-168.92486925999998,0.0,0.0
ALA  24,89.144,0.0,0.0,-3.07,0.0,0.0,-84.204,0.0,0.0,-2.651,0.0,0.0,0.45137760000000005,0.0,0.0,-0.329622399999981,0.0,0.0
GLU  25,109.21,0.0,0.0,-6.955,0.0,0.0,-84.704,0.0,0.0,-71.427,0.0,0.0,0.35253848,0.0,0.0,-53.523461520000005,0.0,0.0
GLN  26,25.455,0.0,0.0,-3.178,0.0,0.0,-61.467,0.0,0.0,-15.69,0.0,0.0,0.9679036000000001,0.0,0.0,-53.912096399999996,0.0,0.0
ALA  27,101.809,0.0,0.0,-4.399,0.0,0.0,-85.796,0.0,0.0,-2.77,0.0,0.0,0.22285956,0.0,0.0,9.06685955999999,0.0,0.0
SER  28,68.651,0.0,0.0,-3.593,0.0,0.0,-61.381,0.0,0.0,-5.463,0.0,0.0,0.39171424000000005,0.0,0.0,-1.3942857600000076,0.0,0.0
GLN  29,29.028,0.0,0.0,-4.924,0.0,0.0,-64.171,0.0,0.0,-15.709,0.0,0.0,0.8648694,0.0,0.0,-54.91113060000001,0.0,0.0
GLU  30,113.216,0.0,0.0,-5.163,0.0,0.0,-75.313,0.0,0.0,-80.891,0.0,0.0,0.7721386200000001,0.0,0.0,-47.37886138000001,0.0,0.0
VAL  31,65.567,0.0,0.0,-6.436,0.0,0.0,-56.946,0.0,0.0,-3.746,0.0,0.0,0.34863066,0.0,0.0,-1.2123693400000048,0.0,0.0
LYS  32,123.214,0.0,0.0,-10.429,0.0,0.0,-112.475,0.0,0.0,-15.449,0.0,0.0,0.22365630000000003,0.0,0.0,-14.915343699999998,0.0,0.0
ASN  33,24.249,0.0,0.0,-5.967,0.0,0.0,-83.418,0.0,0.0,-8.376,0.0,0.0,0.48537726000000003,0.0,0.0,-73.02662274000001,0.0,0.0
TRP  34,117.152,0.0,0.0,-9.336,0.0,0.0,-89.419,0.0,0.0,-9.728,0.0,0.0,0.97458646,0.0,0.0,9.643586460000005,0.0,0.0
MET  35,108.818,0.0,0.0,-10.642,0.0,0.0,-85.24,0.0,0.0,-3.201,0.0,0.0,0.18209032,0.0,0.0,9.917090320000007,0.0,0.0
THR  36,43.542,0.0,0.0,-8.609,0.0,0.0,-56.211,0.0,0.0,-2.038,0.0,0.0,0.12945128,0.0,0.0,-23.186548719999998,0.0,0.0
GLU  37,101.75,0.0,0.0,-5.554,0.0,0.0,-55.923,0.0,0.0,-94.042,0.0,0.0,0.7716454,0.0,0.0,-52.99735460000001,0.0,0.0
THR  38,41.374,0.0,0.0,-5.235,0.0,0.0,-48.936,0.0,0.0,-4.395,0.0,0.0,0.36025114,0.0,0.0,-16.831748859999998,0.0,0.0
LEU  39,55.031,0.0,0.0,-8.533,0.0,0.0,-60.701,0.0,0.0,-0.381,0.0,0.0,0.15286568,0.0,0.0,-14.431134320000004,0.0,0.0
LEU  40,86.353,0.0,0.0,-11.896,0.0,0.0,-88.894,0.0,0.0,1.611,0.0,0.0,0.028959060000000002,0.0,0.0,-12.797040940000011,0.0,0.0
VAL  41,56.034,0.0,0.0,-7.286,0.0,0.0,-61.068,0.0,0.0,1.514,0.0,0.0,0.15874096000000001,0.0,0.0,-10.647259040000002,0.0,0.0
GLN  42,21.705,0.0,0.0,-7.36,0.0,0.0,-64.194,0.0,0.0,-10.359,0.0,0.0,0.6327741600000001,0.0,0.0,-59.57522584000001,0.0,0.0
ASN  43,15.89,0.0,0.0,-7.489,0.0,0.0,-78.988,0.0,0.0,-5.425,0.0,0.0,0.25507062,0.0,0.0,-75.75692938,0.0,0.0
ALA  44,87.393,0.0,0.0,-7.284,0.0,0.0,-80.5,0.0,0.0,1.093,0.0,0.0,0.029598620000000003,0.0,0.0,0.7315986199999946,0.0,0.0
ASN  45,46.54,0.0,0.0,-7.108,0.0,0.0,-86.323,0.0,0.0,-13.097,0.0,0.0,0.17497928000000001,0.0,0.0,-59.81302071999999,0.0,0.0
PRO  46,79.385,0.0,0.0,-4.511,0.0,0.0,-61.754,0.0,0.0,-3.894,0.0,0.0,0.54462328,0.0,0.0,9.770623280000011,0.0,0.0
ASP  47,103.314,0.0,0.0,-5.413,0.0,0.0,-85.826,0.0,0.0,-69.394,0.0,0.0,0.40731842,0.0,0.0,-56.91168158,0.0,0.0
CYX  48,104.818,0.0,0.0,-9.275,0.0,0.0,-80.459,0.0,0.0,-4.838,0.0,0.0,0.0,0.0,0.0,10.245999999999988,0.0,0.0
LYS  49,141.618,0.0,0.0,-9.822,0.0,0.0,-119.738,0.0,0.0,-27.148,0.0,0.0,0.49924704,0.0,0.0,-14.590752960000007,0.0,0.0
THR  50,56.514,0.0,0.0,-5.37,0.0,0.0,-70.716,0.0,0.0,-2.468,0.0,0.0,0.46268914000000005,0.0,0.0,-21.57731085999999,0.0,0.0
ILE  51,77.46,0.0,0.0,-5.113,0.0,0.0,-56.762,0.0,0.0,-1.268,0.0,0.0,0.25218176000000003,0.0,0.0,14.569181759999992,0.0,0.0
LEU  52,83.482,0.0,0.0,-7.008,0.0,0.0,-77.114,0.0,0.0,-5.971,0.0,0.0,0.48403310000000005,0.0,0.0,-6.1269669,0.0,0.0
LYS  53,116.725,0.0,0.0,-4.972,0.0,0.0,-91.22,0.0,0.0,-39.109,0.0,0.0,1.14345198,0.0,0.0,-17.43254802,0.0,0.0
ALA  54,84.616,0.0,0.0,-2.967,0.0,0.0,-72.967,0.0,0.0,-3.82,0.0,0.0,0.44099288000000003,0.0,0.0,5.3029928800000015,0.0,0.0
LEU  55,74.084,0.0,0.0,-7.11,0.0,0.0,-74.52,0.0,0.0,-4.017,0.0,0.0,0.20498982,0.0,0.0,-11.358010179999992,0.0,0.0
GLY  56,88.556,0.0,0.0,-1.548,0.0,0.0,-74.724,0.0,0.0,-6.023,0.0,0.0,0.23080528000000003,0.0,0.0,6.491805279999992,0.0,0.0
PRO  57,82.337,0.0,0.0,-1.583,0.0,0.0,-53.918,0.0,0.0,-9.014,0.0,0.0,0.85415406,0.0,0.0,18.676154060000005,0.0,0.0
GLY  58,65.162,0.0,0.0,-1.591,0.0,0.0,-62.606,0.0,0.0,-6.513,0.0,0.0,0.5095884,0.0,0.0,-5.038411599999996,0.0,0.0
ALA  59,96.436,0.0,0.0,-3.397,0.0,0.0,-85.968,0.0,0.0,-4.31,0.0,0.0,0.21597074000000002,0.0,0.0,2.9769707399999983,0.0,0.0
THR  60,39.817,0.0,0.0,-5.488,0.0,0.0,-37.998,0.0,0.0,-9.479,0.0,0.0,0.49342596,0.0,0.0,-12.654574039999996,0.0,0.0
LEU  61,62.8,0.0,0.0,-6.21,0.0,0.0,-66.757,0.0,0.0,-3.303,0.0,0.0,0.3334655,0.0,0.0,-13.136534500000009,0.0,0.0
GLU  62,103.826,0.0,0.0,-5.978,0.0,0.0,-57.297,0.0,0.0,-94.504,0.0,0.0,0.75017136,0.0,0.0,-53.20282864,0.0,0.0
GLU  63,105.447,0.0,0.0,-6.652,0.0,0.0,-59.421,0.0,0.0,-90.959,0.0,0.0,0.49168072,0.0,0.0,-51.09331928,0.0,0.0
MET  64,96.394,0.0,0.0,-12.602,0.0,0.0,-74.126,0.0,0.0,-3.183,0.0,0.0,0.02793468,0.0,0.0,6.510934679999997,0.0,0.0
MET  65,99.09,0.0,0.0,-10.564,0.0,0.0,-80.734,0.0,0.0,-4.141,0.0,0.0,0.19114172000000001,0.0,0.0,3.842141720000016,0.0,0.0
THR  66,43.054,0.0,0.0,-6.405,0.0,0.0,-47.86,0.0,0.0,-4.746,0.0,0.0,0.48724174000000003,0.0,0.0,-15.469758259999999,0.0,0.0
ALA  67,78.602,0.0,0.0,-4.782,0.0,0.0,-65.408,0.0,0.0,-3.159,0.0,0.0,0.18872982,0.0,0.0,5.441729820000006,0.0,0.0
CYX  68,97.453,0.0,0.0,-7.333,0.0,0.0,-78.045,0.0,0.0,-2.95,0.0,0.0,0.0021571600000000004,0.0,0.0,9.127157160000003,0.0,0.0
GLN  69,40.93,0.0,0.0,-6.763,0.0,0.0,-72.531,0.0,0.0,-10.878,0.0,0.0,0.48146402000000005,0.0,0.0,-48.76053598000001,0.0,0.0
GLY  70,102.489,0.0,0.0,-3.415,0.0,0.0,-89.693,0.0,0.0,-3.599,0.0,0.0,0.14719636000000003,0.0,0.0,5.92919636,0.0,0.0
VAL  71,36.153,0.0,0.0,-3.034,0.0,0.0,-38.632,0.0,0.0,-82.234,0.0,0.0,0.66944588,0.0,0.0,-87.07755411999999,0.0,0.0

DELTAS:
Total Energy Decomposition:
Residue,Location,Internal,,,van der Waals,,,Electrostatic,,,Polar Solvation,,,Non-Polar Solv.,,,TOTAL,,
,,Avg.,Std. Dev.,Std. Err. of Mean,Avg.,Std. Dev.,Std. Err. of Mean,Avg.,Std. Dev.,Std. Err. of Mean,Avg.,Std. Dev.,Std. Err. of Mean,Avg.,Std. Dev.,Std. Err. of Mean
PRO   1,R PRO   1,0.0,0.0,0.0,-0.001000000000000334,0.0,0.0,-5.917000000000002,0.0,0.0,5.9239999999999995,0.0,0.0,0.0,0.0,0.0,0.005999999999993122,0.0,0.0
ILE   2,R ILE   2,0.0,0.0,0.0,-0.0010000000000012221,0.0,0.0,0.04399999999999693,0.0,0.0,-0.042999999999999705,0.0,0.0,0.0,0.0,0.0,-7.105427357601002e-15,0.0,0.0
VAL   3,R VAL   3,0.0,0.0,0.0,0.0,0.0,0.0,-0.03999999999999915,0.0,0.0,0.039999999999999813,0.0,0.0,0.0,0.0,0.0,0.0,0.0,0.0
GLN   4,R GLN   4,0.0,0.0,0.0,0.0,0.0,0.0,0.08500000000000085,0.0,0.0,-0.0860000000000003,0.0,0.0,0.0,0.0,0.0,-0.0009999999999976694,0.0,0.0
ASN   5,R ASN   5,0.0,0.0,0.0,0.0,0.0,0.0,-0.03499999999999659,0.0,0.0,0.03599999999999959,0.0,0.0,0.0,0.0,0.0,0.0010000000000047748,0.0,0.0
LEU   6,R LEU   6,0.0,0.0,0.0,-0.001000000000000112,0.0,0.0,-0.030999999999998806,0.0,0.0,0.02999999999999936,0.0,0.0,0.0,0.0,0.0,-0.0019999999999900098,0.0,0.0
GLN   7,R GLN   7,0.0,0.0,0.0,0.0,0.0,0.0,-0.030000000000001137,0.0,0.0,0.029999999999997584,0.0,0.0,0.0,0.0,0.0,-7.105427357601002e-15,0.0,0.0
GLY   8,R GLY   8,0.0,0.0,0.0,0.0,0.0,0.0,-0.04899999999999238,0.0,0.0,0.04899999999999949,0.0,0.0,0.0,0.0,0.0,7.105427357601002e-15,0.0,0.0
GLN   9,R GLN   9,0.0,0.0,0.0,0.0,0.0,0.0,0.054000000000002046,0.0,0.0,-0.053000000000000824,0.0,0.0,0.0,0.0,0.0,0.0009999999999976694,0.0,0.0
MET  10,R MET  10,0.0,0.0,0.0,0.0,0.0,0.0,-0.0350000000000108,0.0,0.0,0.03500000000000014,0.0,0.0,0.0,0.0,0.0,-1.0658141036401503e-14,0.0,0.0
VAL  11,R VAL  11,0.0,0.0,0.0,-0.0009999999999994458,0.0,0.0,0.006000000000000227,0.0,0.0,-0.006000000000000227,0.0,0.0,0.0,0.0,0.0,-0.0009999999999976694,0.0,0.0
HID  12,R HID  12,0.0,0.0,0.0,-0.0010000000000012221,0.0,0.0,0.05100000000000193,0.0,0.0,-0.049999999999998934,0.0,0.0,0.0,0.0,0.0,-1.7763568394002505e-15,0.0,0.0
GLN  13,R GLN  13,0.0,0.0,0.0,0.0,0.0,0.0,0.027999999999991587,0.0,0.0,-0.028999999999999915,0.0,0.0,0.0,0.0,0.0,-0.0010000000000118803,0.0,0.0
ALA  14,R ALA  14,0.0,0.0,0.0,-0.0009999999999998899,0.0,0.0,0.029000000000010573,0.0,0.0,-0.028000000000000025,0.0,0.0,0.0,0.0,0.0,2.042810365310288e-14,0.0,0.0
ILE  15,R ILE  15,0.0,0.0,0.0,-0.002000000000000668,0.0,0.0,0.07800000000000296,0.0,0.0,-0.07500000000000018,0.0,0.0,0.0,0.0,0.0,0.0009999999999923403,0.0,0.0
SER  16,R SER  16,0.0,0.0,0.0,-0.0019999999999997797,0.0,0.0,-0.1460000000000008,0.0,0.0,0.14400000000000013,0.0,0.0,0.0,0.0,0.0,-0.004000000000010218,0.0,0.0
PRO  17,R PRO  17,0.0,0.0,0.0,-0.0030000000000001137,0.0,0.0,-0.23899999999999721,0.0,0.0,0.24300000000000033,0.0,0.0,0.0,0.0,0.0,0.0010000000000012221,0.0,0.0
ARG  18,R ARG  18,0.0,0.0,0.0,-0.004999999999999893,0.0,0.0,-7.963000000000008,0.0,0.0,7.983000000000004,0.0,0.0,0.0,0.0,0.0,0.01500000000001478,0.0,0.0
THR  19,R THR  19,0.0,0.0,0.0,-0.004999999999999893,0.0,0.0,-0.2289999999999992,0.0,0.0,0.2360000000000002,0.0,0.0,0.0,0.0,0.0,0.0019999999999988916,0.0,0.0
LEU  20,R LEU  20,0.0,0.0,0.0,-0.006999999999999673,0.0,0.0,-0.5300000000000011,0.0,0.0,0.5369999999999999,0.0,0.0,0.0,0.0,0.0,0.0,0.0,0.0
ASN  21,R ASN  21,0.0,0.0,0.0,-0.020999999999999908,0.0,0.0,-0.7479999999999905,0.0,0.0,0.8449999999999998,0.0,0.0,0.0,0.0,0.0,0.07600000000000762,0.0,0.0
ALA  22,R ALA  22,0.0,0.0,0.0,-0.017000000000000348,0.0,0.0,-0.9650000000000034,0.0,0.0,0.9719999999999998,0.0,0.0,0.0,0.0,0.0,-0.010000000000013998,0.0,0.0
TRP  23,R TRP  23,0.0,0.0,0.0,-0.03399999999999892,0.0,0.0,-0.835000000000008,0.0,0.0,0.867,0.0,0.0,0.0,0.0,0.0,-0.0020000000000148788,0.0,0.0
VAL  24,R VAL  24,0.0,0.0,0.0,-0.1200000000000001,0.0,0.0,-1.8220000000000027,0.0,0.0,2.0549999999999997,0.0,0.0,-0.0035772000000000304,0.0,0.0,0.1094227999999996,0.0,0.0
LYS  25,R LYS  25,0.0,0.0,0.0,-0.5060000000000002,0.0,0.0,-3.2010000000000076,0.0,0.0,3.4749999999999943,0.0,0.0,-0.060189099999999995,0.0,0.0,-0.2921891000000123,0.0,0.0
VAL  26,R VAL  26,0.0,0.0,0.0,-0.1070000000000011,0.0,0.0,-0.4239999999999924,0.0,0.0,0.4910000000000001,0.0,0.0,0.0,0.0,0.0,-0.03999999999999204,0.0,0.0
VAL  27,R VAL  27,0.0,0.0,0.0,-0.15399999999999991,0.0,0.0,0.6850000000000023,0.0,0.0,-0.4849999999999999,0.0,0.0,0.0,0.0,0.0,0.04599999999999582,0.0,0.0
GLU  28,R GLU  28,0.0,0.0,0.0,-2.809,0.0,0.0,-7.48899999999999,0.0,0.0,11.587000000000003,0.0,0.0,-0.41255414,0.0,0.0,0.8764458600000182,0.0,0.0
GLU  29,R GLU  29,0.0,0.0,0.0,-3.0170000000000003,0.0,0.0,-32.908,0.0,0.0,32.58,0.0,0.0,-0.42836427999999993,0.0,0.0,-3.7733642800000027,0.0,0.0
LYS  30,R LYS  30,0.0,0.0,0.0,-1.0210000000000008,0.0,0.0,-16.748000000000005,0.0,0.0,16.738999999999997,0.0,0.0,-0.17856190000000005,0.0,0.0,-1.2085619000000065,0.0,0.0
ALA  31,R ALA  31,0.0,0.0,0.0,-0.7799999999999994,0.0,0.0,1.6299999999999955,0.0,0.0,-0.8520000000000003,0.0,0.0,-0.17277876000000003,0.0,0.0,-0.17477876000000592,0.0,0.0
PHE  32,R PHE  32,0.0,0.0,0.0,-0.49099999999999966,0.0,0.0,0.6440000000000055,0.0,0.0,-0.3210000000000006,0.0,0.0,-0.06666600000000006,0.0,0.0,-0.23466599999999538,0.0,0.0
SER  33,R SER  33,0.0,0.0,0.0,-0.2680000000000007,0.0,0.0,-0.9060000000000059,0.0,0.0,1.2469999999999999,0.0,0.0,-0.05538698,0.0,0.0,0.01761301999999354,0.0,0.0
PRO  34,R PRO  34,0.0,0.0,0.0,-0.04300000000000015,0.0,0.0,-0.45700000000000074,0.0,0.0,0.4570000000000001,0.0,0.0,0.0,0.0,0.0,-0.04299999999999393,0.0,0.0
GLU  35,R GLU  35,0.0,0.0,0.0,-0.11800000000000033,0.0,0.0,10.233000000000004,0.0,0.0,-9.967000000000006,0.0,0.0,0.0,0.0,0.0,0.14799999999998903,0.0,0.0
VAL  36,R VAL  36,0.0,0.0,0.0,-0.04899999999999949,0.0,0.0,-0.10099999999999909,0.0,0.0,0.134,0.0,0.0,0.0,0.0,0.0,-0.015999999999998238,0.0,0.0
ILE  37,R ILE  37,0.0,0.0,0.0,-0.0129999999999999,0.0,0.0,-0.267000000000003,0.0,0.0,0.271,0.0,0.0,0.0,0.0,0.0,-0.008999999999993236,0.0,0.0
PRO  38,R PRO  38,0.0,0.0,0.0,-0.012000000000000455,0.0,0.0,-0.2259999999999991,0.0,0.0,0.23499999999999988,0.0,0.0,0.0,0.0,0.0,-0.0030000000000001137,0.0,0.0
MET  39,R MET  39,0.0,0.0,0.0,-0.05299999999999905,0.0,0.0,-0.08200000000000784,0.0,0.0,0.11099999999999977,0.0,0.0,0.0,0.0,0.0,-0.024000000000018673,0.0,0.0
PHE  40,R PHE  40,0.0,0.0,0.0,-0.009000000000000341,0.0,0.0,-0.045000000000001705,0.0,0.0,0.051000000000000045,0.0,0.0,0.0,0.0,0.0,-0.003000000000002001,0.0,0.0
SER  41,R SER  41,0.0,0.0,0.0,-0.0030000000000001137,0.0,0.0,-0.04800000000000182,0.0,0.0,0.057000000000000384,0.0,0.0,0.0,0.0,0.0,0.005999999999998451,0.0,0.0
ALA  42,R ALA  42,0.0,0.0,0.0,-0.0030000000000001137,0.0,0.0,0.003999999999990678,0.0,0.0,0.0030000000000001137,0.0,0.0,0.0,0.0,0.0,0.003999999999990678,0.0,0.0
LEU  43,R LEU  43,0.0,0.0,0.0,-0.008000000000000895,0.0,0.0,0.07200000000000273,0.0,0.0,-0.06500000000000039,0.0,0.0,0.0,0.0,0.0,-0.0010000000000065512,0.0,0.0
SER  44,R SER  44,0.0,0.0,0.0,-0.001000000000000334,0.0,0.0,0.005000000000009663,0.0,0.0,-0.0020000000000000018,0.0,0.0,0.0,0.0,0.0,0.002000000000005997,0.0,0.0
GLU  45,R GLU  45,0.0,0.0,0.0,-0.001000000000000334,0.0,0.0,6.369,0.0,0.0,-6.367999999999995,0.0,0.0,0.0,0.0,0.0,0.0,0.0,0.0
GLY  46,R GLY  46,0.0,0.0,0.0,0.0,0.0,0.0,-0.005000000000009663,0.0,0.0,0.004999999999999893,0.0,0.0,0.0,0.0,0.0,-9.769962616701378e-15,0.0,0.0
ALA  47,R ALA  47,0.0,0.0,0.0,0.0,0.0,0.0,-0.014000000000010004,0.0,0.0,0.01499999999999968,0.0,0.0,0.0,0.0,0.0,0.0009999999999896758,0.0,0.0
THR  48,R THR  48,0.0,0.0,0.0,-0.0010000000000012221,0.0,0.0,0.010000000000005116,0.0,0.0,-0.01100000000000001,0.0,0.0,0.0,0.0,0.0,-0.001999999999991786,0.0,0.0
PRO  49,R PRO  49,0.0,0.0,0.0,0.0,0.0,0.0,0.015000000000000568,0.0,0.0,-0.015000000000000013,0.0,0.0,0.0,0.0,0.0,0.0,0.0,0.0
GLN  50,R GLN  50,0.0,0.0,0.0,-0.0010000000000012221,0.0,0.0,-0.03300000000000125,0.0,0.0,0.03200000000000003,0.0,0.0,0.0,0.0,0.0,-0.001999999999995339,0.0,0.0
ASP  51,R ASP  51,0.0,0.0,0.0,-0.0009999999999994458,0.0,0.0,5.824000000000012,0.0,0.0,-5.832000000000001,0.0,0.0,0.0,0.0,0.0,-0.00899999999998613,0.0,0.0
LEU  52,R LEU  52,0.0,0.0,0.0,-0.002000000000000668,0.0,0.0,-0.04099999999999682,0.0,0.0,0.038999999999999924,0.0,0.0,0.0,0.0,0.0,-0.0039999999999995595,0.0,0.0
ASN  53,R ASN  53,0.0,0.0,0.0,-0.002000000000000668,0.0,0.0,-0.05900000000001171,0.0,0.0,0.05699999999999994,0.0,0.0,0.0,0.0,0.0,-0.00400000000003331,0.0,0.0
THR  54,R THR  54,0.0,0.0,0.0,-0.0019999999999997797,0.0,0.0,0.0,0.0,0.0,0.0,0.0,0.0,0.0,0.0,0.0,-0.0020000000000024443,0.0,0.0
MET  55,R MET  55,0.0,0.0,0.0,-0.005000000000000782,0.0,0.0,-0.06399999999999295,0.0,0.0,0.06500000000000006,0.0,0.0,0.0,0.0,0.0,-0.003999999999988457,0.0,0.0
LEU  56,R LEU  56,0.0,0.0,0.0,-0.0039999999999995595,0.0,0.0,-0.10800000000000409,0.0,0.0,0.10900000000000001,0.0,0.0,0.0,0.0,0.0,-0.00300000000000189,0.0,0.0
ASN  57,R ASN  57,0.0,0.0,0.0,-0.0039999999999995595,0.0,0.0,0.08799999999999386,0.0,0.0,-0.0649999999999995,0.0,0.0,0.0,0.0,0.0,0.018999999999991246,0.0,0.0
THR  58,R THR  58,0.0,0.0,0.0,-0.010999999999999233,0.0,0.0,-0.13600000000000279,0.0,0.0,0.1880000000000006,0.0,0.0,0.0,0.0,0.0,0.04100000000000037,0.0,0.0
VAL  59,R VAL  59,0.0,0.0,0.0,-0.019000000000000128,0.0,0.0,-0.20000000000000284,0.0,0.0,0.21700000000000008,0.0,0.0,0.0,0.0,0.0,-0.002000000000000668,0.0,0.0
ALA  60,R ALA  60,0.0,0.0,0.0,-0.009000000000000341,0.0,0.0,-0.13800000000000523,0.0,0.0,0.17200000000000015,0.0,0.0,0.0,0.0,0.0,0.024999999999995026,0.0,0.0
PRO  61,R PRO  61,0.0,0.0,0.0,-0.03799999999999937,0.0,0.0,-0.22399999999999665,0.0,0.0,0.29899999999999993,0.0,0.0,0.0,0.0,0.0,0.03700000000000525,0.0,0.0
HID  62,R HID  62,0.0,0.0,0.0,-0.16699999999999982,0.0,0.0,1.5849999999999937,0.0,0.0,-1.3030000000000002,0.0,0.0,-0.0018536399999999897,0.0,0.0,0.1131463599999929,0.0,0.0
GLN  63,R GLN  63,0.0,0.0,0.0,-0.05600000000000005,0.0,0.0,0.04999999999999716,0.0,0.0,0.07000000000000028,0.0,0.0,0.0,0.0,0.0,0.06400000000000006,0.0,0.0
ALA  64,R ALA  64,0.0,0.0,0.0,-0.08299999999999974,0.0,0.0,0.5630000000000024,0.0,0.0,-0.4870000000000001,0.0,0.0,0.0,0.0,0.0,-0.0069999999999961204,0.0,0.0
ALA  65,R ALA  65,0.0,0.0,0.0,-0.027000000000000135,0.0,0.0,0.2849999999999966,0.0,0.0,-0.25,0.0,0.0,0.0,0.0,0.0,0.007999999999995566,0.0,0.0
ALA  66,R ALA  66,0.0,0.0,0.0,-0.009999999999999787,0.0,0.0,0.16899999999999693,0.0,0.0,-0.15400000000000003,0.0,0.0,0.0,0.0,0.0,0.005000000000005889,0.0,0.0
GLN  67,R GLN  67,0.0,0.0,0.0,-0.01100000000000012,0.0,0.0,0.12300000000000466,0.0,0.0,-0.07500000000000107,0.0,0.0,0.0,0.0,0.0,0.036999999999999034,0.0,0.0
MET  68,R MET  68,0.0,0.0,0.0,-0.006999999999999673,0.0,0.0,0.025000000000005684,0.0,0.0,-0.01200000000000001,0.0,0.0,0.0,0.0,0.0,0.006000000000014882,0.0,0.0
LEU  69,R LEU  69,0.0,0.0,0.0,-0.006000000000000227,0.0,0.0,0.06699999999999307,0.0,0.0,-0.05899999999999972,0.0,0.0,0.0,0.0,0.0,0.0019999999999931184,0.0,0.0
LYS  70,R LYS  70,0.0,0.0,0.0,-0.004999999999999893,0.0,0.0,-5.443000000000012,0.0,0.0,5.495000000000001,0.0,0.0,0.0,0.0,0.0,0.04699999999997928,0.0,0.0
GLU  71,R GLU  71,0.0,0.0,0.0,-0.0019999999999988916,0.0,0.0,5.01400000000001,0.0,0.0,-5.004000000000005,0.0,0.0,0.0,0.0,0.0,0.008000000000009777,0.0,0.0
THR  72,R THR  72,0.0,0.0,0.0,-0.0019999999999988916,0.0,0.0,0.027999999999998693,0.0,0.0,-0.02499999999999991,0.0,0.0,0.0,0.0,0.0,0.0009999999999976694,0.0,0.0
ILE  73,R ILE  73,0.0,0.0,0.0,-0.0019999999999988916,0.0,0.0,0.0030000000000001137,0.0,0.0,-0.002000000000000668,0.0,0.0,0.0,0.0,0.0,-0.000999999999995893,0.0,0.0
ASN  74,R ASN  74,0.0,0.0,0.0,0.0,0.0,0.0,-0.015000000000000568,0.0,0.0,0.015999999999998238,0.0,0.0,0.0,0.0,0.0,0.0010000000000047748,0.0,0.0
GLU  75,R GLU  75,0.0,0.0,0.0,-0.001000000000000334,0.0,0.0,4.983999999999995,0.0,0.0,-4.986999999999995,0.0,0.0,0.0,0.0,0.0,-0.0040000000000048885,0.0,0.0
GLU  76,R GLU  76,0.0,0.0,0.0,0.0,0.0,0.0,5.402000000000001,0.0,0.0,-5.403999999999996,0.0,0.0,0.0,0.0,0.0,-0.001999999999995339,0.0,0.0
ALA  77,R ALA  77,0.0,0.0,0.0,-0.0009999999999994458,0.0,0.0,-0.024999999999991473,0.0,0.0,0.02499999999999991,0.0,0.0,0.0,0.0,0.0,-0.0009999999999825704,0.0,0.0
ALA  78,R ALA  78,0.0,0.0,0.0,0.0,0.0,0.0,-0.027000000000001023,0.0,0.0,0.027000000000000024,0.0,0.0,0.0,0.0,0.0,-8.881784197001252e-16,0.0,0.0
GLU  79,R GLU  79,0.0,0.0,0.0,-0.0009999999999994458,0.0,0.0,4.9210000000000065,0.0,0.0,-4.920999999999992,0.0,0.0,0.0,0.0,0.0,-0.000999999999990564,0.0,0.0
TRP  80,R TRP  80,0.0,0.0,0.0,0.0,0.0,0.0,-0.014000000000010004,0.0,0.0,0.014000000000000012,0.0,0.0,0.0,0.0,0.0,-1.0658141036401503e-14,0.0,0.0
ASP  81,R ASP  81,0.0,0.0,0.0,0.0,0.0,0.0,4.858000000000004,0.0,0.0,-4.859000000000002,0.0,0.0,0.0,0.0,0.0,-0.0009999999999976694,0.0,0.0
ARG  82,R ARG  82,0.0,0.0,0.0,0.0,0.0,0.0,-4.873999999999999,0.0,0.0,4.875,0.0,0.0,0.0,0.0,0.0,0.0010000000000331966,0.0,0.0
LEU  83,R LEU  83,0.0,0.0,0.0,0.0,0.0,0.0,-0.036000000000001364,0.0,0.0,0.03600000000000003,0.0,0.0,0.0,0.0,0.0,-1.7763568394002505e-15,0.0,0.0
HID  84,R HID  84,0.0,0.0,0.0,0.0,0.0,0.0,0.009000000000000341,0.0,0.0,-0.009000000000000341,0.0,0.0,0.0,0.0,0.0,0.0,0.0,0.0
PRO  85,R PRO  85,0.0,0.0,0.0,0.0,0.0,0.0,0.04099999999999682,0.0,0.0,-0.041999999999999815,0.0,0.0,0.0,0.0,0.0,-0.0010000000000012221,0.0,0.0
VAL  86,R VAL  86,0.0,0.0,0.0,0.0,0.0,0.0,-0.021999999999998465,0.0,0.0,0.02200000000000024,0.0,0.0,0.0,0.0,0.0,1.7763568394002505e-15,0.0,0.0
HID  87,R HID  87,0.0,0.0,0.0,0.0,0.0,0.0,-0.003999999999997783,0.0,0.0,0.004999999999999005,0.0,0.0,0.0,0.0,0.0,0.0010000000000012221,0.0,0.0
ALA  88,R ALA  88,0.0,0.0,0.0,0.0,0.0,0.0,0.0020000000000095497,0.0,0.0,-0.0009999999999994458,0.0,0.0,0.0,0.0,0.0,0.001000000000010104,0.0,0.0
GLY  89,R GLY  89,0.0,0.0,0.0,0.0,0.0,0.0,0.018999999999991246,0.0,0.0,-0.019000000000000128,0.0,0.0,0.0,0.0,0.0,-8.881784197001252e-15,0.0,0.0
PRO  90,R PRO  90,0.0,0.0,0.0,0.0,0.0,0.0,-0.02499999999999858,0.0,0.0,0.025000000000000355,0.0,0.0,0.0,0.0,0.0,3.552713678800501e-15,0.0,0.0
ILE  91,R ILE  91,0.0,0.0,0.0,0.0,0.0,0.0,-0.020000000000003126,0.0,0.0,0.020999999999999908,0.0,0.0,0.0,0.0,0.0,0.000999999999995893,0.0,0.0
ALA  92,R ALA  92,0.0,0.0,0.0,-0.0009999999999998899,0.0,0.0,0.04399999999999693,0.0,0.0,-0.04499999999999993,0.0,0.0,0.0,0.0,0.0,-0.002000000000005997,0.0,0.0
PRO  93,R PRO  93,0.0,0.0,0.0,0.0,0.0,0.0,0.0,0.0,0.0,-0.001000000000000334,0.0,0.0,0.0,0.0,0.0,-0.0010000000000012221,0.0,0.0
GLY  94,R GLY  94,0.0,0.0,0.0,0.0,0.0,0.0,0.023000000000010346,0.0,0.0,-0.02400000000000002,0.0,0.0,0.0,0.0,0.0,-0.0009999999999896758,0.0,0.0
GLN  95,R GLN  95,0.0,0.0,0.0,0.0,0.0,0.0,-0.02400000000000091,0.0,0.0,0.02400000000000091,0.0,0.0,0.0,0.0,0.0,0.0,0.0,0.0
MET  96,R MET  96,0.0,0.0,0.0,0.0,0.0,0.0,-0.028000000000005798,0.0,0.0,0.02800000000000047,0.0,0.0,0.0,0.0,0.0,-7.105427357601002e-15,0.0,0.0
ARG  97,R ARG  97,0.0,0.0,0.0,-0.001000000000000334,0.0,0.0,-4.911999999999999,0.0,0.0,4.913,0.0,0.0,0.0,0.0,0.0,-2.842170943040401e-14,0.0,0.0
GLU  98,R GLU  98,0.0,0.0,0.0,0.0,0.0,0.0,4.677,0.0,0.0,-4.677999999999997,0.0,0.0,0.0,0.0,0.0,-0.0009999999999976694,0.0,0.0
PRO  99,R PRO  99,0.0,0.0,0.0,0.0,0.0,0.0,-0.027999999999998693,0.0,0.0,0.02800000000000047,0.0,0.0,0.0,0.0,0.0,1.7763568394002505e-15,0.0,0.0
ARG 100,R ARG 100,0.0,0.0,0.0,0.0,0.0,0.0,-4.6899999999999995,0.0,0.0,4.689999999999998,0.0,0.0,0.0,0.0,0.0,0.0,0.0,0.0
GLY 101,R GLY 101,0.0,0.0,0.0,-0.001000000000000334,0.0,0.0,0.03200000000001069,0.0,0.0,-0.03300000000000003,0.0,0.0,0.0,0.0,0.0,-0.0019999999999793516,0.0,0.0
SER 102,R SER 102,0.0,0.0,0.0,0.0,0.0,0.0,0.045000000000001705,0.0,0.0,-0.04600000000000026,0.0,0.0,0.0,0.0,0.0,-0.0009999999999985576,0.0,0.0
ASP 103,R ASP 103,0.0,0.0,0.0,0.0,0.0,0.0,5.081999999999994,0.0,0.0,-5.083999999999996,0.0,0.0,0.0,0.0,0.0,-0.0020000000000024443,0.0,0.0
ILE 104,R ILE 104,0.0,0.0,0.0,-0.0009999999999994458,0.0,0.0,0.026999999999993918,0.0,0.0,-0.027999999999999997,0.0,0.0,0.0,0.0,0.0,-0.002000000000011326,0.0,0.0
ALA 105,R ALA 105,0.0,0.0,0.0,-0.0009999999999994458,0.0,0.0,0.03200000000001069,0.0,0.0,-0.032,0.0,0.0,0.0,0.0,0.0,-0.0009999999999799059,0.0,0.0
GLY 106,R GLY 106,0.0,0.0,0.0,0.0,0.0,0.0,0.038000000000010914,0.0,0.0,-0.03799999999999981,0.0,0.0,0.0,0.0,0.0,1.1102230246251565e-14,0.0,0.0
THR 107,R THR 107,0.0,0.0,0.0,0.0,0.0,0.0,0.0030000000000001137,0.0,0.0,-0.0030000000000001137,0.0,0.0,0.0,0.0,0.0,0.0,0.0,0.0
THR 108,R THR 108,0.0,0.0,0.0,-0.001000000000000334,0.0,0.0,-0.01999999999999602,0.0,0.0,0.019999999999999574,0.0,0.0,0.0,0.0,0.0,-0.0010000000000012221,0.0,0.0
SER 109,R SER 109,0.0,0.0,0.0,0.0,0.0,0.0,0.05700000000000216,0.0,0.0,-0.055999999999999606,0.0,0.0,0.0,0.0,0.0,0.0010000000000029985,0.0,0.0
THR 110,R THR 110,0.0,0.0,0.0,-0.001000000000000334,0.0,0.0,-0.036999999999999034,0.0,0.0,0.03699999999999992,0.0,0.0,0.0,0.0,0.0,-0.0010000000000012221,0.0,0.0
LEU 111,R LEU 111,0.0,0.0,0.0,0.0,0.0,0.0,-0.04200000000000159,0.0,0.0,0.04100000000000037,0.0,0.0,0.0,0.0,0.0,-0.0010000000000012221,0.0,0.0
GLN 112,R GLN 112,0.0,0.0,0.0,0.0,0.0,0.0,-0.08800000000000807,0.0,0.0,0.08799999999999741,0.0,0.0,0.0,0.0,0.0,-7.105427357601002e-15,0.0,0.0
GLU 113,R GLU 113,0.0,0.0,0.0,0.0,0.0,0.0,5.028000000000006,0.0,0.0,-5.028999999999996,0.0,0.0,0.0,0.0,0.0,-0.000999999999990564,0.0,0.0
GLN 114,R GLN 114,0.0,0.0,0.0,0.0,0.0,0.0,0.009000000000000341,0.0,0.0,-0.008000000000000007,0.0,0.0,0.0,0.0,0.0,0.0010000000000047748,0.0,0.0
ILE 115,R ILE 115,0.0,0.0,0.0,0.0,0.0,0.0,-0.01300000000000523,0.0,0.0,0.0129999999999999,0.0,0.0,0.0,0.0,0.0,-5.329070518200751e-15,0.0,0.0
GLY 116,R GLY 116,0.0,0.0,0.0,0.0,0.0,0.0,-0.012000000000000455,0.0,0.0,0.013000000000000345,0.0,0.0,0.0,0.0,0.0,0.0009999999999994458,0.0,0.0
TRP 117,R TRP 117,0.0,0.0,0.0,0.0,0.0,0.0,0.01099999999999568,0.0,0.0,-0.010000000000000231,0.0,0.0,0.0,0.0,0.0,0.0009999999999941167,0.0,0.0
MET 118,R MET 118,0.0,0.0,0.0,0.0,0.0,0.0,0.006999999999990791,0.0,0.0,-0.008000000000000007,0.0,0.0,0.0,0.0,0.0,-0.0010000000000092157,0.0,0.0
THR 119,R THR 119,0.0,0.0,0.0,0.0,0.0,0.0,-0.044000000000004036,0.0,0.0,0.04400000000000048,0.0,0.0,0.0,0.0,0.0,-3.552713678800501e-15,0.0,0.0
HID 120,R HID 120,0.0,0.0,0.0,0.0,0.0,0.0,0.0030000000000001137,0.0,0.0,-0.0030000000000001137,0.0,0.0,0.0,0.0,0.0,0.0,0.0,0.0
ASN 121,R ASN 121,0.0,0.0,0.0,0.0,0.0,0.0,0.021000000000000796,0.0,0.0,-0.021000000000000796,0.0,0.0,0.0,0.0,0.0,0.0,0.0,0.0
PRO 122,R PRO 122,0.0,0.0,0.0,0.0,0.0,0.0,-0.03200000000000358,0.0,0.0,0.03200000000000003,0.0,0.0,0.0,0.0,0.0,-7.105427357601002e-15,0.0,0.0
PRO 123,R PRO 123,0.0,0.0,0.0,0.0,0.0,0.0,-0.027000000000001023,0.0,0.0,0.027000000000000135,0.0,0.0,0.0,0.0,0.0,0.0,0.0,0.0
ILE 124,R ILE 124,0.0,0.0,0.0,0.0,0.0,0.0,0.013999999999995794,0.0,0.0,-0.015000000000000013,0.0,0.0,0.0,0.0,0.0,-0.0010000000000047748,0.0,0.0
PRO 125,R PRO 125,0.0,0.0,0.0,0.0,0.0,0.0,0.0020000000000095497,0.0,0.0,-0.0020000000000000018,0.0,0.0,0.0,0.0,0.0,8.881784197001252e-15,0.0,0.0
VAL 126,R VAL 126,0.0,0.0,0.0,0.0,0.0,0.0,0.00999999999999801,0.0,0.0,-0.010999999999999899,0.0,0.0,0.0,0.0,0.0,-0.0010000000000012221,0.0,0.0
GLY 127,R GLY 127,0.0,0.0,0.0,0.0,0.0,0.0,0.0,0.0,0.0,0.001000000000000334,0.0,0.0,0.0,0.0,0.0,0.001000000000000334,0.0,0.0
GLU 128,R GLU 128,0.0,0.0,0.0,0.0,0.0,0.0,5.88000000000001,0.0,0.0,-5.882999999999996,0.0,0.0,0.0,0.0,0.0,-0.002999999999985903,0.0,0.0
ILE 129,R ILE 129,0.0,0.0,0.0,-0.0009999999999994458,0.0,0.0,0.04399999999999693,0.0,0.0,-0.04500000000000004,0.0,0.0,0.0,0.0,0.0,-0.0019999999999940066,0.0,0.0
TYR 130,R TYR 130,0.0,0.0,0.0,-0.002000000000000668,0.0,0.0,-0.012000000000000455,0.0,0.0,0.01200000000000001,0.0,0.0,0.0,0.0,0.0,-0.001999999999995339,0.0,0.0
LYS 131,R LYS 131,0.0,0.0,0.0,-0.002000000000000668,0.0,0.0,-5.9080000000000155,0.0,0.0,5.915000000000001,0.0,0.0,0.0,0.0,0.0,0.004999999999975913,0.0,0.0
ARG 132,R ARG 132,0.0,0.0,0.0,-0.0010000000000012221,0.0,0.0,-5.5489999999999995,0.0,0.0,5.5520000000000005,0.0,0.0,0.0,0.0,0.0,0.0020000000000095497,0.0,0.0
TRP 133,R TRP 133,0.0,0.0,0.0,-0.0019999999999988916,0.0,0.0,0.02600000000001046,0.0,0.0,-0.0259999999999998,0.0,0.0,0.0,0.0,0.0,-0.0019999999999846807,0.0,0.0
ILE 134,R ILE 134,0.0,0.0,0.0,-0.0029999999999983373,0.0,0.0,0.02599999999999625,0.0,0.0,-0.02300000000000013,0.0,0.0,0.0,0.0,0.0,-3.9968028886505635e-15,0.0,0.0
ILE 135,R ILE 135,0.0,0.0,0.0,-0.0030000000000001137,0.0,0.0,0.054000000000002046,0.0,0.0,-0.056,0.0,0.0,0.0,0.0,0.0,-0.0049999999999954525,0.0,0.0
LEU 136,R LEU 136,0.0,0.0,0.0,-0.0030000000000001137,0.0,0.0,0.08699999999998909,0.0,0.0,-0.08399999999999985,0.0,0.0,0.0,0.0,0.0,-1.0658141036401503e-14,0.0,0.0
GLY 137,R GLY 137,0.0,0.0,0.0,-0.0030000000000001137,0.0,0.0,0.07099999999999795,0.0,0.0,-0.061999999999999944,0.0,0.0,0.0,0.0,0.0,0.005999999999997563,0.0,0.0
LEU 138,R LEU 138,0.0,0.0,0.0,-0.014000000000001123,0.0,0.0,0.17300000000000182,0.0,0.0,-0.15900000000000025,0.0,0.0,0.0,0.0,0.0,0.0,0.0,0.0
ASN 139,R ASN 139,0.0,0.0,0.0,-0.0070000000000014495,0.0,0.0,0.4340000000000117,0.0,0.0,-0.4059999999999997,0.0,0.0,0.0,0.0,0.0,0.021000000000000796,0.0,0.0
LYS 140,R LYS 140,0.0,0.0,0.0,-0.006000000000000227,0.0,0.0,-5.540999999999997,0.0,0.0,5.572000000000001,0.0,0.0,0.0,0.0,0.0,0.025000000000003908,0.0,0.0
ILE 141,R ILE 141,0.0,0.0,0.0,-0.023999999999999133,0.0,0.0,0.3199999999999932,0.0,0.0,-0.27100000000000035,0.0,0.0,0.0,0.0,0.0,0.024999999999991918,0.0,0.0
VAL 142,R VAL 142,0.0,0.0,0.0,-0.025000000000000355,0.0,0.0,0.32200000000000273,0.0,0.0,-0.2779999999999996,0.0,0.0,0.0,0.0,0.0,0.018999999999997463,0.0,0.0
ARG 143,R ARG 143,0.0,0.0,0.0,-0.010000000000000675,0.0,0.0,-7.523000000000003,0.0,0.0,7.556999999999999,0.0,0.0,0.0,0.0,0.0,0.023999999999972488,0.0,0.0
MET 144,R MET 144,0.0,0.0,0.0,-0.019999999999999574,0.0,0.0,-0.030000000000001137,0.0,0.0,0.08599999999999941,0.0,0.0,0.0,0.0,0.0,0.03600000000000225,0.0,0.0
TYR 145,R TYR 145,0.0,0.0,0.0,-0.24399999999999977,0.0,0.0,-0.14799999999999613,0.0,0.0,0.5449999999999999,0.0,0.0,0.0,0.0,0.0,0.15300000000000402,0.0,0.0
SER 146,R SER 146,0.0,0.0,0.0,-0.052000000000000046,0.0,0.0,0.38700000000000045,0.0,0.0,-0.15700000000000003,0.0,0.0,0.0,0.0,0.0,0.17800000000000793,0.0,0.0
PRO 147,R PRO 147,0.0,0.0,0.0,-0.1679999999999997,0.0,0.0,0.3780000000000001,0.0,0.0,-0.12600000000000033,0.0,0.0,0.0,0.0,0.0,0.08400000000000674,0.0,0.0
THR 148,R THR 148,0.0,0.0,0.0,-0.15300000000000002,0.0,0.0,-13.259,0.0,0.0,9.283999999999999,0.0,0.0,-0.20413888000000008,0.0,0.0,-4.332138880000002,0.0,0.0
SER 149,R SER 149,0.0,0.0,0.0,-1.863,0.0,0.0,-17.160000000000004,0.0,0.0,12.135,0.0,0.0,-0.39474402,0.0,0.0,-7.28274402000001,0.0,0.0
ILE 150,R ILE 150,18.689,0.0,0.0,-10.504,0.0,0.0,-31.405,0.0,0.0,9.136000000000001,0.0,0.0,-1.2428602,0.0,0.0,-15.326860200000006,0.0,0.0
LEU 151,L LEU   1,19.653,0.0,0.0,-2.123,0.0,0.0,-24.874000000000002,0.0,0.0,0.633,0.0,0.0,-0.18499544,0.0,0.0,-6.895995440000009,0.0,0.0
ASP 152,L ASP   2,0.0,0.0,0.0,-0.8300000000000001,0.0,0.0,1.3810000000000002,0.0,0.0,-1.8889999999999958,0.0,0.0,-0.31067440000000013,0.0,0.0,-1.6486743999999902,0.0,0.0
ILE 153,L ILE   3,0.0,0.0,0.0,-1.702,0.0,0.0,-1.539999999999992,0.0,0.0,1.0030000000000001,0.0,0.0,-0.030693460000000006,0.0,0.0,-2.2696934599999867,0.0,0.0
ARG 154,L ARG   4,0.0,0.0,0.0,-0.07699999999999996,0.0,0.0,-12.169999999999995,0.0,0.0,12.232,0.0,0.0,0.0,0.0,0.0,-0.014999999999986358,0.0,0.0
GLN 155,L GLN   5,0.0,0.0,0.0,-0.01699999999999946,0.0,0.0,-0.13400000000000034,0.0,0.0,0.15300000000000047,0.0,0.0,0.0,0.0,0.0,0.001999999999995339,0.0,0.0
GLY 156,L GLY   6,0.0,0.0,0.0,-0.004999999999999893,0.0,0.0,-0.19299999999999784,0.0,0.0,0.20500000000000007,0.0,0.0,0.0,0.0,0.0,0.006999999999992568,0.0,0.0
PRO 157,L PRO   7,0.0,0.0,0.0,-0.0040000000000000036,0.0,0.0,-0.2010000000000005,0.0,0.0,0.20199999999999996,0.0,0.0,0.0,0.0,0.0,-0.003000000000007219,0.0,0.0
LYS 158,L LYS   8,0.0,0.0,0.0,-0.006000000000000227,0.0,0.0,-12.262999999999991,0.0,0.0,12.302999999999997,0.0,0.0,0.0,0.0,0.0,0.034000000000006025,0.0,0.0
GLU 159,L GLU   9,0.0,0.0,0.0,-0.017000000000000348,0.0,0.0,14.582000000000008,0.0,0.0,-14.421,0.0,0.0,0.0,0.0,0.0,0.14400000000001256,0.0,0.0
PRO 160,L PRO  10,0.0,0.0,0.0,-0.008000000000000007,0.0,0.0,0.46999999999999886,0.0,0.0,-0.469,0.0,0.0,0.0,0.0,0.0,-0.0069999999999961204,0.0,0.0
PHE 161,L PHE  11,0.0,0.0,0.0,-0.010999999999999233,0.0,0.0,0.48400000000000887,0.0,0.0,-0.4650000000000001,0.0,0.0,0.0,0.0,0.0,0.007999999999999119,0.0,0.0
ARG 162,L ARG  12,0.0,0.0,0.0,-0.016000000000000014,0.0,0.0,-9.843,0.0,0.0,9.854999999999997,0.0,0.0,0.0,0.0,0.0,-0.003999999999990678,0.0,0.0
ASP 163,L ASP  13,0.0,0.0,0.0,-0.02400000000000002,0.0,0.0,12.72699999999999,0.0,0.0,-12.569000000000003,0.0,0.0,0.0,0.0,0.0,0.13399999999998613,0.0,0.0
TYR 164,L TYR  14,0.0,0.0,0.0,-0.07399999999999807,0.0,0.0,1.0139999999999958,0.0,0.0,-0.9569999999999999,0.0,0.0,0.0,0.0,0.0,-0.017000000000017224,0.0,0.0
VAL 165,L VAL  15,0.0,0.0,0.0,-0.04100000000000037,0.0,0.0,0.8599999999999994,0.0,0.0,-0.841,0.0,0.0,0.0,0.0,0.0,-0.02199999999999669,0.0,0.0
ASP 166,L ASP  16,0.0,0.0,0.0,-0.09399999999999942,0.0,0.0,19.912000000000006,0.0,0.0,-19.377000000000002,0.0,0.0,0.0,0.0,0.0,0.4409999999999954,0.0,0.0
ARG 167,L ARG  17,0.0,0.0,0.0,-0.2469999999999999,0.0,0.0,-17.258,0.0,0.0,17.483,0.0,0.0,0.0,0.0,0.0,-0.021999999999962938,0.0,0.0
PHE 168,L PHE  18,0.0,0.0,0.0,-1.6559999999999988,0.0,0.0,0.8310000000000031,0.0,0.0,-0.5960000000000001,0.0,0.0,-0.028254460000000002,0.0,0.0,-1.449254460000003,0.0,0.0
TYR 169,L TYR  19,0.0,0.0,0.0,-0.30799999999999983,0.0,0.0,1.4159999999999968,0.0,0.0,-1.2020000000000004,0.0,0.0,0.0,0.0,0.0,-0.09400000000001008,0.0,0.0
LYS 170,L LYS  20,0.0,0.0,0.0,-1.064,0.0,0.0,-21.919999999999987,0.0,0.0,23.112000000000002,0.0,0.0,-0.23861007999999995,0.0,0.0,-0.11061007999999717,0.0,0.0
THR 171,L THR  21,0.0,0.0,0.0,-2.238,0.0,0.0,0.14399999999999835,0.0,0.0,1.4189999999999996,0.0,0.0,-0.19873514000000006,0.0,0.0,-0.8737351400000044,0.0,0.0
LEU 172,L LEU  22,0.0,0.0,0.0,-1.5920000000000005,0.0,0.0,-0.9560000000000031,0.0,0.0,1.125,0.0,0.0,-0.050958840000000005,0.0,0.0,-1.4739588400000017,0.0,0.0
ARG 173,L ARG  23,0.0,0.0,0.0,-4.824999999999999,0.0,0.0,-46.77400000000001,0.0,0.0,46.308,0.0,0.0,-0.6280425000000002,0.0,0.0,-5.919042499999989,0.0,0.0
ALA 174,L ALA  24,0.0,0.0,0.0,-2.0909999999999997,0.0,0.0,-1.6170000000000044,0.0,0.0,1.9739999999999998,0.0,0.0,-0.3001054,0.0,0.0,-2.034105400000013,0.0,0.0
GLU 175,L GLU  25,0.0,0.0,0.0,-0.49599999999999955,0.0,0.0,0.26500000000000057,0.0,0.0,-0.40799999999998704,0.0,0.0,-0.19299535999999998,0.0,0.0,-0.8319953599999792,0.0,0.0
GLN 176,L GLN  26,0.0,0.0,0.0,-0.718,0.0,0.0,-15.034999999999997,0.0,0.0,12.927999999999999,0.0,0.0,-0.3207014,0.0,0.0,-3.1457014,0.0,0.0
ALA 177,L ALA  27,0.0,0.0,0.0,-0.08800000000000008,0.0,0.0,0.8629999999999995,0.0,0.0,-0.7090000000000001,0.0,0.0,0.0,0.0,0.0,0.06600000000000605,0.0,0.0
SER 178,L SER  28,0.0,0.0,0.0,-0.03699999999999992,0.0,0.0,0.7070000000000007,0.0,0.0,-0.6440000000000001,0.0,0.0,0.0,0.0,0.0,0.026000000000008683,0.0,0.0
GLN 179,L GLN  29,0.0,0.0,0.0,-0.0699999999999994,0.0,0.0,-0.7919999999999874,0.0,0.0,0.988999999999999,0.0,0.0,0.0,0.0,0.0,0.12700000000001666,0.0,0.0
GLU 180,L GLU  30,0.0,0.0,0.0,-0.013999999999999346,0.0,0.0,6.616,0.0,0.0,-6.560999999999993,0.0,0.0,0.0,0.0,0.0,0.04099999999999682,0.0,0.0
VAL 181,L VAL  31,0.0,0.0,0.0,-0.040000000000000036,0.0,0.0,-0.05000000000000426,0.0,0.0,0.121,0.0,0.0,0.0,0.0,0.0,0.030999999999996586,0.0,0.0
LYS 182,L LYS  32,0.0,0.0,0.0,-0.5120000000000005,0.0,0.0,-30.47200000000001,0.0,0.0,30.6,0.0,0.0,-0.08085556000000002,0.0,0.0,-0.46485556000000905,0.0,0.0
ASN 183,L ASN  33,0.0,0.0,0.0,-0.03000000000000025,0.0,0.0,1.038000000000011,0.0,0.0,-0.9690000000000012,0.0,0.0,0.0,0.0,0.0,0.03900000000001569,0.0,0.0
TRP 184,L TRP  34,0.0,0.0,0.0,-0.051000000000000156,0.0,0.0,0.1419999999999959,0.0,0.0,-0.09299999999999997,0.0,0.0,0.0,0.0,0.0,-0.002000000000005997,0.0,0.0
MET 185,L MET  35,0.0,0.0,0.0,-0.8049999999999997,0.0,0.0,0.045000000000001705,0.0,0.0,0.20299999999999985,0.0,0.0,-0.03984241999999999,0.0,0.0,-0.5968424200000069,0.0,0.0
THR 186,L THR  36,0.0,0.0,0.0,-0.11999999999999922,0.0,0.0,0.4140000000000015,0.0,0.0,-0.29300000000000015,0.0,0.0,0.0,0.0,0.0,0.0010000000000047748,0.0,0.0
GLU 187,L GLU  37,0.0,0.0,0.0,-0.019999999999999574,0.0,0.0,8.357,0.0,0.0,-8.296999999999997,0.0,0.0,0.0,0.0,0.0,0.04000000000000625,0.0,0.0
THR 188,L THR  38,0.0,0.0,0.0,-0.034999999999999254,0.0,0.0,-0.232999999999997,0.0,0.0,0.2909999999999995,0.0,0.0,0.0,0.0,0.0,0.022999999999999687,0.0,0.0
LEU 189,L LEU  39,0.0,0.0,0.0,-0.923,0.0,0.0,-0.17999999999999972,0.0,0.0,0.182,0.0,0.0,-0.033127039999999996,0.0,0.0,-0.9541270399999942,0.0,0.0
LEU 190,L LEU  40,0.0,0.0,0.0,-0.08299999999999841,0.0,0.0,0.22100000000000364,0.0,0.0,-0.20500000000000007,0.0,0.0,0.0,0.0,0.0,-0.06699999999999484,0.0,0.0
VAL 191,L VAL  41,0.0,0.0,0.0,-0.010000000000000675,0.0,0.0,0.12299999999999756,0.0,0.0,-0.1060000000000001,0.0,0.0,0.0,0.0,0.0,0.006999999999999673,0.0,0.0
GLN 192,L GLN  42,0.0,0.0,0.0,-0.0129999999999999,0.0,0.0,-0.242999999999995,0.0,0.0,0.26900000000000013,0.0,0.0,0.0,0.0,0.0,0.012999999999998124,0.0,0.0
ASN 193,L ASN  43,0.0,0.0,0.0,-0.08199999999999985,0.0,0.0,-1.2450000000000045,0.0,0.0,1.2880000000000003,0.0,0.0,0.0,0.0,0.0,-0.03900000000000148,0.0,0.0
ALA 194,L ALA  44,0.0,0.0,0.0,-0.008000000000000007,0.0,0.0,-0.028999999999996362,0.0,0.0,0.03699999999999992,0.0,0.0,0.0,0.0,0.0,7.993605777301127e-15,0.0,0.0
ASN 195,L ASN  45,0.0,0.0,0.0,-0.004000000000000448,0.0,0.0,-0.39100000000000534,0.0,0.0,0.4009999999999998,0.0,0.0,0.0,0.0,0.0,0.005999999999993122,0.0,0.0
PRO 196,L PRO  46,0.0,0.0,0.0,-0.0019999999999997797,0.0,0.0,-0.10099999999999909,0.0,0.0,0.10000000000000009,0.0,0.0,0.0,0.0,0.0,-0.0030000000000089955,0.0,0.0
ASP 197,L ASP  47,0.0,0.0,0.0,-0.0009999999999994458,0.0,0.0,7.866,0.0,0.0,-7.856999999999999,0.0,0.0,0.0,0.0,0.0,0.007999999999995566,0.0,0.0
CYX 198,L CYX  48,0.0,0.0,0.0,-0.0030000000000001137,0.0,0.0,-0.21299999999999386,0.0,0.0,0.21499999999999986,0.0,0.0,0.0,0.0,0.0,-0.0009999999999941167,0.0,0.0
LYS 199,L LYS  49,0.0,0.0,0.0,-0.0030000000000001137,0.0,0.0,-9.738,0.0,0.0,9.745999999999999,0.0,0.0,0.0,0.0,0.0,0.005000000000013216,0.0,0.0
THR 200,L THR  50,0.0,0.0,0.0,0.0,0.0,0.0,-0.21600000000000819,0.0,0.0,0.21700000000000008,0.0,0.0,0.0,0.0,0.0,0.000999999999990564,0.0,0.0
ILE 201,L ILE  51,0.0,0.0,0.0,-0.0009999999999994458,0.0,0.0,-0.1839999999999975,0.0,0.0,0.18500000000000005,0.0,0.0,0.0,0.0,0.0,0.0,0.0,0.0
LEU 202,L LEU  52,0.0,0.0,0.0,-0.001000000000000334,0.0,0.0,-0.1839999999999975,0.0,0.0,0.18400000000000016,0.0,0.0,0.0,0.0,0.0,-0.0010000000000021103,0.0,0.0
LYS 203,L LYS  53,0.0,0.0,0.0,-0.0009999999999994458,0.0,0.0,-6.775000000000006,0.0,0.0,6.771000000000001,0.0,0.0,0.0,0.0,0.0,-0.005000000000009663,0.0,0.0
ALA 204,L ALA  54,0.0,0.0,0.0,0.0,0.0,0.0,-0.09999999999999432,0.0,0.0,0.09999999999999964,0.0,0.0,0.0,0.0,0.0,5.329070518200751e-15,0.0,0.0
LEU 205,L LEU  55,0.0,0.0,0.0,-0.0009999999999994458,0.0,0.0,-0.08899999999999864,0.0,0.0,0.08900000000000041,0.0,0.0,0.0,0.0,0.0,-0.0010000000000047748,0.0,0.0
GLY 206,L GLY  56,0.0,0.0,0.0,0.0,0.0,0.0,0.15100000000001046,0.0,0.0,-0.15000000000000036,0.0,0.0,0.0,0.0,0.0,0.001000000000010104,0.0,0.0
PRO 207,L PRO  57,0.0,0.0,0.0,0.0,0.0,0.0,-0.04800000000000182,0.0,0.0,0.04800000000000004,0.0,0.0,0.0,0.0,0.0,-3.552713678800501e-15,0.0,0.0
GLY 208,L GLY  58,0.0,0.0,0.0,0.0,0.0,0.0,-0.04299999999999926,0.0,0.0,0.043999999999999595,0.0,0.0,0.0,0.0,0.0,0.001000000000000334,0.0,0.0
ALA 209,L ALA  59,0.0,0.0,0.0,-0.001000000000000334,0.0,0.0,0.18900000000000716,0.0,0.0,-0.18600000000000083,0.0,0.0,0.0,0.0,0.0,0.002000000000015767,0.0,0.0
THR 210,L THR  60,0.0,0.0,0.0,-0.0029999999999992255,0.0,0.0,0.11899999999999977,0.0,0.0,-0.11300000000000132,0.0,0.0,0.0,0.0,0.0,0.0029999999999983373,0.0,0.0
LEU 211,L LEU  61,0.0,0.0,0.0,-0.009999999999999787,0.0,0.0,-0.01099999999999568,0.0,0.0,0.020000000000000018,0.0,0.0,0.0,0.0,0.0,-0.0009999999999923403,0.0,0.0
GLU 212,L GLU  62,0.0,0.0,0.0,-0.004999999999999893,0.0,0.0,6.792999999999999,0.0,0.0,-6.751999999999995,0.0,0.0,0.0,0.0,0.0,0.03599999999999426,0.0,0.0
GLU 213,L GLU  63,0.0,0.0,0.0,-0.0019999999999997797,0.0,0.0,6.155999999999999,0.0,0.0,-6.150999999999996,0.0,0.0,0.0,0.0,0.0,0.003000000000007219,0.0,0.0
MET 214,L MET  64,0.0,0.0,0.0,-0.0030000000000001137,0.0,0.0,-0.13400000000000034,0.0,0.0,0.13599999999999968,0.0,0.0,0.0,0.0,0.0,-0.0010000000000012221,0.0,0.0
MET 215,L MET  65,0.0,0.0,0.0,-0.006999999999999673,0.0,0.0,0.027999999999991587,0.0,0.0,-0.017000000000000348,0.0,0.0,0.0,0.0,0.0,0.003999999999986237,0.0,0.0
THR 216,L THR  66,0.0,0.0,0.0,-0.0019999999999997797,0.0,0.0,0.0899999999999963,0.0,0.0,-0.08799999999999919,0.0,0.0,0.0,0.0,0.0,1.7763568394002505e-15,0.0,0.0
ALA 217,L ALA  67,0.0,0.0,0.0,-0.001000000000000334,0.0,0.0,-0.01300000000000523,0.0,0.0,0.01399999999999979,0.0,0.0,0.0,0.0,0.0,-9.769962616701378e-15,0.0,0.0
CYX 218,L CYX  68,0.0,0.0,0.0,-0.0019999999999997797,0.0,0.0,0.10200000000000387,0.0,0.0,-0.09899999999999975,0.0,0.0,0.0,0.0,0.0,0.0010000000000083276,0.0,0.0
GLN 219,L GLN  69,0.0,0.0,0.0,-0.0030000000000001137,0.0,0.0,0.3090000000000117,0.0,0.0,-0.2970000000000006,0.0,0.0,0.0,0.0,0.0,0.009000000000014552,0.0,0.0
GLY 220,L GLY  70,0.0,0.0,0.0,-0.0019999999999997797,0.0,0.0,0.28699999999999193,0.0,0.0,-0.2819999999999996,0.0,0.0,0.0,0.0,0.0,0.002999999999996561,0.0,0.0
VAL 221,L VAL  71,0.0,0.0,0.0,-0.0050000000000003375,0.0,0.0,8.45,0.0,0.0,-8.416000000000011,0.0,0.0,0.0,0.0,0.0,0.02899999999998215,0.0,0.0

idecomp = 1: Per-residue decomp adding 1-4 interactions to Internal.
Energy Decomposition Analysis (All units kcal/mol): Poisson Boltzmann solvent
Complex:
Total Energy Decomposition:
Residue,Internal,,,van der Waals,,,Electrostatic,,,Polar Solvation,,,Non-Polar Solv.,,,TOTAL,,
,Avg.,Std. Dev.,Std. Err. of Mean,Avg.,Std. Dev.,Std. Err. of Mean,Avg.,Std. Dev.,Std. Err. of Mean,Avg.,Std. Dev.,Std. Err. of Mean,Avg.,Std. Dev.,Std. Err. of Mean,Avg.,Std. Dev.,Std. Err. of Mean
PRO   1,110.639,0.0,0.0,-6.738,0.0,0.0,-108.264,0.0,0.0,12.783,0.0,0.0,0.0,0.0,0.0,8.42,0.0,0.0
ILE   2,106.089,0.0,0.0,-8.845,0.0,0.0,-74.53,0.0,0.0,-1.923,0.0,0.0,0.0,0.0,0.0,20.790999999999997,0.0,0.0
VAL   3,53.419,0.0,0.0,-4.362,0.0,0.0,-57.591,0.0,0.0,-0.902,0.0,0.0,0.0,0.0,0.0,-9.436000000000005,0.0,0.0
GLN   4,26.284,0.0,0.0,-6.914,0.0,0.0,-61.035,0.0,0.0,-8.05,0.0,0.0,0.0,0.0,0.0,-49.715,0.0,0.0
ASN   5,32.883,0.0,0.0,-5.779,0.0,0.0,-77.886,0.0,0.0,-10.622,0.0,0.0,0.0,0.0,0.0,-61.403999999999996,0.0,0.0
LEU   6,66.032,0.0,0.0,-1.52,0.0,0.0,-61.198,0.0,0.0,-6.848,0.0,0.0,0.0,0.0,0.0,-3.534,0.0,0.0
GLN   7,38.956,0.0,0.0,-2.585,0.0,0.0,-73.019,0.0,0.0,-14.21,0.0,0.0,0.0,0.0,0.0,-50.858000000000004,0.0,0.0
GLY   8,79.995,0.0,0.0,-2.706,0.0,0.0,-72.842,0.0,0.0,-4.491,0.0,0.0,0.0,0.0,0.0,-0.04399999999999693,0.0,0.0
GLN   9,35.533,0.0,0.0,-4.012,0.0,0.0,-79.487,0.0,0.0,-9.285,0.0,0.0,0.0,0.0,0.0,-57.25099999999999,0.0,0.0
MET  10,95.418,0.0,0.0,-9.488,0.0,0.0,-79.043,0.0,0.0,-4.537,0.0,0.0,0.0,0.0,0.0,2.3500000000000005,0.0,0.0
VAL  11,49.843,0.0,0.0,-5.832,0.0,0.0,-52.597,0.0,0.0,-1.641,0.0,0.0,0.0,0.0,0.0,-10.226999999999999,0.0,0.0
HID  12,89.443,0.0,0.0,-11.723,0.0,0.0,-60.592,0.0,0.0,-3.604,0.0,0.0,0.0,0.0,0.0,13.524000000000001,0.0,0.0
GLN  13,34.966,0.0,0.0,-6.555,0.0,0.0,-76.287,0.0,0.0,-8.705,0.0,0.0,0.0,0.0,0.0,-56.581,0.0,0.0
ALA  14,94.71,0.0,0.0,-3.767,0.0,0.0,-82.701,0.0,0.0,-1.759,0.0,0.0,0.0,0.0,0.0,6.483000000000004,0.0,0.0
ILE  15,98.213,0.0,0.0,-9.025,0.0,0.0,-73.619,0.0,0.0,-4.182,0.0,0.0,0.0,0.0,0.0,11.386999999999988,0.0,0.0
SER  16,70.397,0.0,0.0,-5.784,0.0,0.0,-55.32,0.0,0.0,-7.252,0.0,0.0,0.0,0.0,0.0,2.0409999999999995,0.0,0.0
PRO  17,94.021,0.0,0.0,-4.841,0.0,0.0,-61.79,0.0,0.0,-2.19,0.0,0.0,0.0,0.0,0.0,25.200000000000006,0.0,0.0
ARG  18,-189.323,0.0,0.0,-5.905,0.0,0.0,69.279,0.0,0.0,-40.727,0.0,0.0,0.0,0.0,0.0,-166.67600000000002,0.0,0.0
THR  19,44.985,0.0,0.0,-7.072,0.0,0.0,-56.428,0.0,0.0,-3.063,0.0,0.0,0.0,0.0,0.0,-21.578,0.0,0.0
LEU  20,53.016,0.0,0.0,-10.959,0.0,0.0,-56.384,0.0,0.0,-1.33,0.0,0.0,0.0,0.0,0.0,-15.656999999999998,0.0,0.0
ASN  21,33.683,0.0,0.0,-7.969,0.0,0.0,-96.082,0.0,0.0,-3.95,0.0,0.0,0.0,0.0,0.0,-74.318,0.0,0.0
ALA  22,93.055,0.0,0.0,-5.468,0.0,0.0,-83.489,0.0,0.0,-0.952,0.0,0.0,0.0,0.0,0.0,3.145999999999999,0.0,0.0
TRP  23,129.977,0.0,0.0,-17.954,0.0,0.0,-96.879,0.0,0.0,-1.228,0.0,0.0,0.0,0.0,0.0,13.915999999999991,0.0,0.0
VAL  24,63.245,0.0,0.0,-7.574,0.0,0.0,-51.743,0.0,0.0,-3.503,0.0,0.0,0.0,0.0,0.0,0.42499999999999716,0.0,0.0
LYS  25,131.617,0.0,0.0,-9.065,0.0,0.0,-102.248,0.0,0.0,-29.609,0.0,0.0,0.0,0.0,0.0,-9.305000000000014,0.0,0.0
VAL  26,65.693,0.0,0.0,-9.56,0.0,0.0,-64.58,0.0,0.0,-1.844,0.0,0.0,0.0,0.0,0.0,-10.291000000000002,0.0,0.0
VAL  27,44.074,0.0,0.0,-9.237,0.0,0.0,-47.37,0.0,0.0,-3.805,0.0,0.0,0.0,0.0,0.0,-16.338,0.0,0.0
GLU  28,94.892,0.0,0.0,-9.384,0.0,0.0,-75.478,0.0,0.0,-66.809,0.0,0.0,0.0,0.0,0.0,-56.778999999999996,0.0,0.0
GLU  29,102.777,0.0,0.0,-8.813,0.0,0.0,-110.593,0.0,0.0,-44.77,0.0,0.0,0.0,0.0,0.0,-61.39900000000001,0.0,0.0
LYS  30,124.26,0.0,0.0,-9.875,0.0,0.0,-123.281,0.0,0.0,3.276,0.0,0.0,0.0,0.0,0.0,-5.620000000000001,0.0,0.0
ALA  31,90.394,0.0,0.0,-5.643,0.0,0.0,-77.295,0.0,0.0,-3.07,0.0,0.0,0.0,0.0,0.0,4.386000000000003,0.0,0.0
PHE  32,104.492,0.0,0.0,-9.74,0.0,0.0,-78.232,0.0,0.0,-4.8,0.0,0.0,0.0,0.0,0.0,11.72000000000001,0.0,0.0
SER  33,81.321,0.0,0.0,-6.453,0.0,0.0,-61.401,0.0,0.0,-3.875,0.0,0.0,0.0,0.0,0.0,9.591999999999992,0.0,0.0
PRO  34,76.591,0.0,0.0,-5.841,0.0,0.0,-58.38,0.0,0.0,0.634,0.0,0.0,0.0,0.0,0.0,13.003999999999998,0.0,0.0
GLU  35,104.589,0.0,0.0,-6.742,0.0,0.0,-79.309,0.0,0.0,-77.693,0.0,0.0,0.0,0.0,0.0,-59.155,0.0,0.0
VAL  36,49.454,0.0,0.0,-8.661,0.0,0.0,-52.134,0.0,0.0,1.008,0.0,0.0,0.0,0.0,0.0,-10.333000000000002,0.0,0.0
ILE  37,86.941,0.0,0.0,-7.701,0.0,0.0,-60.399,0.0,0.0,0.578,0.0,0.0,0.0,0.0,0.0,19.419000000000008,0.0,0.0
PRO  38,84.445,0.0,0.0,-6.024,0.0,0.0,-57.826,0.0,0.0,-2.194,0.0,0.0,0.0,0.0,0.0,18.400999999999993,0.0,0.0
MET  39,94.193,0.0,0.0,-8.632,0.0,0.0,-71.712,0.0,0.0,-2.844,0.0,0.0,0.0,0.0,0.0,11.00499999999999,0.0,0.0
PHE  40,99.686,0.0,0.0,-13.926,0.0,0.0,-85.032,0.0,0.0,-0.361,0.0,0.0,0.0,0.0,0.0,0.36700000000000865,0.0,0.0
SER  41,58.133,0.0,0.0,-6.049,0.0,0.0,-44.183,0.0,0.0,-10.333,0.0,0.0,0.0,0.0,0.0,-2.431999999999997,0.0,0.0
ALA  42,83.229,0.0,0.0,-4.182,0.0,0.0,-67.367,0.0,0.0,-4.39,0.0,0.0,0.0,0.0,0.0,7.289999999999993,0.0,0.0
LEU  43,79.296,0.0,0.0,-10.787,0.0,0.0,-75.732,0.0,0.0,-2.059,0.0,0.0,0.0,0.0,0.0,-9.282,0.0,0.0
SER  44,72.213,0.0,0.0,-5.923,0.0,0.0,-77.243,0.0,0.0,1.214,0.0,0.0,0.0,0.0,0.0,-9.739000000000003,0.0,0.0
GLU  45,98.471,0.0,0.0,-5.613,0.0,0.0,-67.665,0.0,0.0,-89.644,0.0,0.0,0.0,0.0,0.0,-64.45100000000001,0.0,0.0
GLY  46,69.738,0.0,0.0,-2.144,0.0,0.0,-69.882,0.0,0.0,-1.558,0.0,0.0,0.0,0.0,0.0,-3.8460000000000107,0.0,0.0
ALA  47,100.678,0.0,0.0,-6.666,0.0,0.0,-86.543,0.0,0.0,-1.195,0.0,0.0,0.0,0.0,0.0,6.273999999999994,0.0,0.0
THR  48,56.443,0.0,0.0,-10.547,0.0,0.0,-56.431,0.0,0.0,0.275,0.0,0.0,0.0,0.0,0.0,-10.259999999999996,0.0,0.0
PRO  49,80.241,0.0,0.0,-11.837,0.0,0.0,-55.919,0.0,0.0,0.572,0.0,0.0,0.0,0.0,0.0,13.056999999999999,0.0,0.0
GLN  50,31.283,0.0,0.0,-9.351,0.0,0.0,-73.14,0.0,0.0,-6.056,0.0,0.0,0.0,0.0,0.0,-57.263999999999996,0.0,0.0
ASP  51,91.161,0.0,0.0,-8.806,0.0,0.0,-128.583,0.0,0.0,-21.332,0.0,0.0,0.0,0.0,0.0,-67.56,0.0,0.0
LEU  52,71.469,0.0,0.0,-11.625,0.0,0.0,-71.682,0.0,0.0,1.087,0.0,0.0,0.0,0.0,0.0,-10.751000000000008,0.0,0.0
ASN  53,31.971,0.0,0.0,-6.647,0.0,0.0,-101.757,0.0,0.0,-3.254,0.0,0.0,0.0,0.0,0.0,-79.68700000000001,0.0,0.0
THR  54,52.535,0.0,0.0,-7.353,0.0,0.0,-63.653,0.0,0.0,-1.296,0.0,0.0,0.0,0.0,0.0,-19.767000000000003,0.0,0.0
MET  55,79.679,0.0,0.0,-13.253,0.0,0.0,-67.821,0.0,0.0,-0.095,0.0,0.0,0.0,0.0,0.0,-1.489999999999996,0.0,0.0
LEU  56,63.665,0.0,0.0,-8.727,0.0,0.0,-67.143,0.0,0.0,0.613,0.0,0.0,0.0,0.0,0.0,-11.591999999999999,0.0,0.0
ASN  57,35.636,0.0,0.0,-5.664,0.0,0.0,-92.593,0.0,0.0,-9.136,0.0,0.0,0.0,0.0,0.0,-71.757,0.0,0.0
THR  58,58.379,0.0,0.0,-8.501,0.0,0.0,-63.338,0.0,0.0,-3.343,0.0,0.0,0.0,0.0,0.0,-16.803,0.0,0.0
VAL  59,33.61,0.0,0.0,-8.345,0.0,0.0,-37.734,0.0,0.0,-0.322,0.0,0.0,0.0,0.0,0.0,-12.791,0.0,0.0
ALA  60,90.213,0.0,0.0,-4.452,0.0,0.0,-65.293,0.0,0.0,-0.078,0.0,0.0,0.0,0.0,0.0,20.38999999999999,0.0,0.0
PRO  61,75.089,0.0,0.0,-5.071,0.0,0.0,-60.424,0.0,0.0,-0.861,0.0,0.0,0.0,0.0,0.0,8.733,0.0,0.0
HID  62,104.141,0.0,0.0,-7.542,0.0,0.0,-80.391,0.0,0.0,-0.851,0.0,0.0,0.0,0.0,0.0,15.357,0.0,0.0
GLN  63,33.356,0.0,0.0,-5.644,0.0,0.0,-72.696,0.0,0.0,-6.325,0.0,0.0,0.0,0.0,0.0,-51.309,0.0,0.0
ALA  64,82.294,0.0,0.0,-2.57,0.0,0.0,-68.503,0.0,0.0,-3.914,0.0,0.0,0.0,0.0,0.0,7.307000000000004,0.0,0.0
ALA  65,88.76,0.0,0.0,-4.687,0.0,0.0,-75.574,0.0,0.0,-1.235,0.0,0.0,0.0,0.0,0.0,7.264000000000009,0.0,0.0
ALA  66,89.416,0.0,0.0,-6.175,0.0,0.0,-81.894,0.0,0.0,-0.572,0.0,0.0,0.0,0.0,0.0,0.7749999999999942,0.0,0.0
GLN  67,37.41,0.0,0.0,-7.162,0.0,0.0,-73.898,0.0,0.0,-12.469,0.0,0.0,0.0,0.0,0.0,-56.119,0.0,0.0
MET  68,89.845,0.0,0.0,-9.499,0.0,0.0,-74.582,0.0,0.0,-3.343,0.0,0.0,0.0,0.0,0.0,2.42100000000001,0.0,0.0
LEU  69,94.831,0.0,0.0,-11.033,0.0,0.0,-79.534,0.0,0.0,-2.355,0.0,0.0,0.0,0.0,0.0,1.9089999999999958,0.0,0.0
LYS  70,126.224,0.0,0.0,-7.82,0.0,0.0,-113.534,0.0,0.0,-10.141,0.0,0.0,0.0,0.0,0.0,-5.27100000000001,0.0,0.0
GLU  71,109.236,0.0,0.0,-8.523,0.0,0.0,-68.189,0.0,0.0,-98.381,0.0,0.0,0.0,0.0,0.0,-65.85699999999999,0.0,0.0
THR  72,52.334,0.0,0.0,-9.04,0.0,0.0,-58.909,0.0,0.0,-2.394,0.0,0.0,0.0,0.0,0.0,-18.008999999999993,0.0,0.0
ILE  73,74.2,0.0,0.0,-10.055,0.0,0.0,-47.808,0.0,0.0,-3.537,0.0,0.0,0.0,0.0,0.0,12.800000000000011,0.0,0.0
ASN  74,32.323,0.0,0.0,-6.155,0.0,0.0,-83.648,0.0,0.0,-13.627,0.0,0.0,0.0,0.0,0.0,-71.107,0.0,0.0
GLU  75,105.851,0.0,0.0,-7.952,0.0,0.0,-55.453,0.0,0.0,-105.142,0.0,0.0,0.0,0.0,0.0,-62.696,0.0,0.0
GLU  76,96.149,0.0,0.0,-9.303,0.0,0.0,-43.252,0.0,0.0,-105.012,0.0,0.0,0.0,0.0,0.0,-61.418,0.0,0.0
ALA  77,84.294,0.0,0.0,-7.475,0.0,0.0,-69.606,0.0,0.0,-1.159,0.0,0.0,0.0,0.0,0.0,6.054000000000008,0.0,0.0
ALA  78,95.501,0.0,0.0,-6.493,0.0,0.0,-84.465,0.0,0.0,0.13,0.0,0.0,0.0,0.0,0.0,4.673000000000006,0.0,0.0
GLU  79,106.653,0.0,0.0,-8.587,0.0,0.0,-70.689,0.0,0.0,-92.056,0.0,0.0,0.0,0.0,0.0,-64.67899999999999,0.0,0.0
TRP  80,114.562,0.0,0.0,-16.049,0.0,0.0,-86.843,0.0,0.0,-0.126,0.0,0.0,0.0,0.0,0.0,11.544000000000002,0.0,0.0
ASP  81,98.597,0.0,0.0,-7.561,0.0,0.0,-72.032,0.0,0.0,-68.478,0.0,0.0,0.0,0.0,0.0,-49.47399999999999,0.0,0.0
ARG  82,-190.757,0.0,0.0,-8.495,0.0,0.0,-17.392,0.0,0.0,46.383,0.0,0.0,0.0,0.0,0.0,-170.261,0.0,0.0
LEU  83,70.679,0.0,0.0,-4.726,0.0,0.0,-74.436,0.0,0.0,-2.316,0.0,0.0,0.0,0.0,0.0,-10.799000000000003,0.0,0.0
HID  84,110.955,0.0,0.0,-8.032,0.0,0.0,-77.382,0.0,0.0,-6.737,0.0,0.0,0.0,0.0,0.0,18.803999999999995,0.0,0.0
PRO  85,95.143,0.0,0.0,-2.3,0.0,0.0,-69.132,0.0,0.0,-3.765,0.0,0.0,0.0,0.0,0.0,19.945999999999998,0.0,0.0
VAL  86,51.009,0.0,0.0,-2.218,0.0,0.0,-46.522,0.0,0.0,-5.525,0.0,0.0,0.0,0.0,0.0,-3.256000000000002,0.0,0.0
HID  87,87.842,0.0,0.0,-7.666,0.0,0.0,-60.739,0.0,0.0,-6.588,0.0,0.0,0.0,0.0,0.0,12.849000000000004,0.0,0.0
ALA  88,94.16,0.0,0.0,-2.588,0.0,0.0,-74.907,0.0,0.0,-4.856,0.0,0.0,0.0,0.0,0.0,11.809000000000006,0.0,0.0
GLY  89,91.575,0.0,0.0,-2.405,0.0,0.0,-77.941,0.0,0.0,-4.179,0.0,0.0,0.0,0.0,0.0,7.049999999999999,0.0,0.0
PRO  90,83.443,0.0,0.0,-3.577,0.0,0.0,-57.324,0.0,0.0,-5.034,0.0,0.0,0.0,0.0,0.0,17.508000000000003,0.0,0.0
ILE  91,75.12,0.0,0.0,-5.226,0.0,0.0,-55.618,0.0,0.0,-4.551,0.0,0.0,0.0,0.0,0.0,9.725000000000003,0.0,0.0
ALA  92,100.244,0.0,0.0,-3.388,0.0,0.0,-66.733,0.0,0.0,-3.758,0.0,0.0,0.0,0.0,0.0,26.36499999999999,0.0,0.0
PRO  93,84.191,0.0,0.0,-2.746,0.0,0.0,-56.262,0.0,0.0,-6.624,0.0,0.0,0.0,0.0,0.0,18.559000000000008,0.0,0.0
GLY  94,71.38,0.0,0.0,-1.823,0.0,0.0,-64.82,0.0,0.0,-6.709,0.0,0.0,0.0,0.0,0.0,-1.9719999999999906,0.0,0.0
GLN  95,38.856,0.0,0.0,-4.675,0.0,0.0,-70.597,0.0,0.0,-13.735,0.0,0.0,0.0,0.0,0.0,-50.15099999999999,0.0,0.0
MET  96,105.744,0.0,0.0,-8.011,0.0,0.0,-74.662,0.0,0.0,-6.863,0.0,0.0,0.0,0.0,0.0,16.208,0.0,0.0
ARG  97,-193.207,0.0,0.0,-6.897,0.0,0.0,-18.549,0.0,0.0,33.667,0.0,0.0,0.0,0.0,0.0,-184.986,0.0,0.0
GLU  98,109.666,0.0,0.0,-5.608,0.0,0.0,-58.267,0.0,0.0,-101.494,0.0,0.0,0.0,0.0,0.0,-55.70300000000001,0.0,0.0
PRO  99,90.401,0.0,0.0,-9.646,0.0,0.0,-61.924,0.0,0.0,-3.157,0.0,0.0,0.0,0.0,0.0,15.673999999999996,0.0,0.0
ARG 100,-185.242,0.0,0.0,-8.096,0.0,0.0,-18.599,0.0,0.0,38.292,0.0,0.0,0.0,0.0,0.0,-173.64499999999998,0.0,0.0
GLY 101,78.061,0.0,0.0,-4.588,0.0,0.0,-82.841,0.0,0.0,0.957,0.0,0.0,0.0,0.0,0.0,-8.41099999999998,0.0,0.0
SER 102,72.552,0.0,0.0,-6.442,0.0,0.0,-68.301,0.0,0.0,-3.229,0.0,0.0,0.0,0.0,0.0,-5.419999999999988,0.0,0.0
ASP 103,88.993,0.0,0.0,-9.027,0.0,0.0,-96.153,0.0,0.0,-42.829,0.0,0.0,0.0,0.0,0.0,-59.01600000000001,0.0,0.0
ILE 104,81.12,0.0,0.0,-11.061,0.0,0.0,-59.151,0.0,0.0,1.611,0.0,0.0,0.0,0.0,0.0,12.518999999999995,0.0,0.0
ALA 105,84.84,0.0,0.0,-5.874,0.0,0.0,-79.189,0.0,0.0,0.533,0.0,0.0,0.0,0.0,0.0,0.31000000000001526,0.0,0.0
GLY 106,91.758,0.0,0.0,-5.443,0.0,0.0,-86.627,0.0,0.0,-2.028,0.0,0.0,0.0,0.0,0.0,-2.3399999999999976,0.0,0.0
THR 107,49.138,0.0,0.0,-4.426,0.0,0.0,-57.723,0.0,0.0,-6.412,0.0,0.0,0.0,0.0,0.0,-19.423000000000002,0.0,0.0
THR 108,39.834,0.0,0.0,-4.795,0.0,0.0,-52.296,0.0,0.0,-3.105,0.0,0.0,0.0,0.0,0.0,-20.362,0.0,0.0
SER 109,79.781,0.0,0.0,-6.809,0.0,0.0,-76.084,0.0,0.0,-0.806,0.0,0.0,0.0,0.0,0.0,-3.917999999999995,0.0,0.0
THR 110,28.024,0.0,0.0,-5.133,0.0,0.0,-32.561,0.0,0.0,-6.734,0.0,0.0,0.0,0.0,0.0,-16.403999999999996,0.0,0.0
LEU 111,58.139,0.0,0.0,-8.088,0.0,0.0,-58.467,0.0,0.0,-3.968,0.0,0.0,0.0,0.0,0.0,-12.383999999999997,0.0,0.0
GLN 112,43.799,0.0,0.0,-5.458,0.0,0.0,-71.691,0.0,0.0,-15.646,0.0,0.0,0.0,0.0,0.0,-48.996,0.0,0.0
GLU 113,104.025,0.0,0.0,-9.09,0.0,0.0,-95.276,0.0,0.0,-53.254,0.0,0.0,0.0,0.0,0.0,-53.59499999999999,0.0,0.0
GLN 114,40.32,0.0,0.0,-12.321,0.0,0.0,-85.382,0.0,0.0,0.472,0.0,0.0,0.0,0.0,0.0,-56.911,0.0,0.0
ILE 115,85.576,0.0,0.0,-5.76,0.0,0.0,-73.357,0.0,0.0,-1.639,0.0,0.0,0.0,0.0,0.0,4.819999999999989,0.0,0.0
GLY 116,76.817,0.0,0.0,-5.347,0.0,0.0,-72.639,0.0,0.0,-2.471,0.0,0.0,0.0,0.0,0.0,-3.639999999999997,0.0,0.0
TRP 117,127.835,0.0,0.0,-18.996,0.0,0.0,-92.179,0.0,0.0,-0.822,0.0,0.0,0.0,0.0,0.0,15.837999999999997,0.0,0.0
MET 118,97.106,0.0,0.0,-11.788,0.0,0.0,-83.941,0.0,0.0,-1.804,0.0,0.0,0.0,0.0,0.0,-0.4270000000000047,0.0,0.0
THR 119,42.754,0.0,0.0,-4.194,0.0,0.0,-52.039,0.0,0.0,-5.319,0.0,0.0,0.0,0.0,0.0,-18.798000000000005,0.0,0.0
HID 120,92.035,0.0,0.0,-9.311,0.0,0.0,-62.575,0.0,0.0,-5.573,0.0,0.0,0.0,0.0,0.0,14.575999999999986,0.0,0.0
ASN 121,44.706,0.0,0.0,-4.549,0.0,0.0,-81.163,0.0,0.0,-12.353,0.0,0.0,0.0,0.0,0.0,-53.358999999999995,0.0,0.0
PRO 122,95.357,0.0,0.0,-4.104,0.0,0.0,-58.279,0.0,0.0,-3.954,0.0,0.0,0.0,0.0,0.0,29.019999999999996,0.0,0.0
PRO 123,84.177,0.0,0.0,-5.954,0.0,0.0,-56.756,0.0,0.0,-4.151,0.0,0.0,0.0,0.0,0.0,17.316000000000013,0.0,0.0
ILE 124,93.699,0.0,0.0,-8.408,0.0,0.0,-60.987,0.0,0.0,-0.074,0.0,0.0,0.0,0.0,0.0,24.229999999999993,0.0,0.0
PRO 125,88.456,0.0,0.0,-6.588,0.0,0.0,-65.564,0.0,0.0,-0.508,0.0,0.0,0.0,0.0,0.0,15.796000000000017,0.0,0.0
VAL 126,54.721,0.0,0.0,-10.505,0.0,0.0,-53.664,0.0,0.0,0.064,0.0,0.0,0.0,0.0,0.0,-9.384000000000007,0.0,0.0
GLY 127,70.525,0.0,0.0,-5.942,0.0,0.0,-70.062,0.0,0.0,-1.566,0.0,0.0,0.0,0.0,0.0,-7.044999999999999,0.0,0.0
GLU 128,110.843,0.0,0.0,-6.631,0.0,0.0,-109.823,0.0,0.0,-46.848,0.0,0.0,0.0,0.0,0.0,-52.45899999999999,0.0,0.0
ILE 129,81.372,0.0,0.0,-11.094,0.0,0.0,-66.066,0.0,0.0,0.244,0.0,0.0,0.0,0.0,0.0,4.456000000000003,0.0,0.0
TYR 130,94.978,0.0,0.0,-15.923,0.0,0.0,-88.991,0.0,0.0,-0.91,0.0,0.0,0.0,0.0,0.0,-10.846000000000007,0.0,0.0
LYS 131,140.397,0.0,0.0,-7.788,0.0,0.0,-161.275,0.0,0.0,19.682,0.0,0.0,0.0,0.0,0.0,-8.984000000000027,0.0,0.0
ARG 132,-184.724,0.0,0.0,-9.275,0.0,0.0,25.901,0.0,0.0,-0.404,0.0,0.0,0.0,0.0,0.0,-168.50199999999998,0.0,0.0
TRP 133,129.117,0.0,0.0,-19.641,0.0,0.0,-93.588,0.0,0.0,-2.516,0.0,0.0,0.0,0.0,0.0,13.372000000000005,0.0,0.0
ILE 134,85.83,0.0,0.0,-12.915,0.0,0.0,-68.44,0.0,0.0,-0.442,0.0,0.0,0.0,0.0,0.0,4.032999999999994,0.0,0.0
ILE 135,86.277,0.0,0.0,-9.038,0.0,0.0,-67.517,0.0,0.0,-0.372,0.0,0.0,0.0,0.0,0.0,9.350000000000009,0.0,0.0
LEU 136,77.125,0.0,0.0,-7.884,0.0,0.0,-82.141,0.0,0.0,1.338,0.0,0.0,0.0,0.0,0.0,-11.562000000000005,0.0,0.0
GLY 137,77.022,0.0,0.0,-6.914,0.0,0.0,-75.507,0.0,0.0,-0.081,0.0,0.0,0.0,0.0,0.0,-5.480000000000001,0.0,0.0
LEU 138,63.372,0.0,0.0,-10.772,0.0,0.0,-65.509,0.0,0.0,-0.987,0.0,0.0,0.0,0.0,0.0,-13.895999999999999,0.0,0.0
ASN 139,39.364,0.0,0.0,-9.3,0.0,0.0,-89.469,0.0,0.0,-4.122,0.0,0.0,0.0,0.0,0.0,-63.527,0.0,0.0
LYS 140,135.019,0.0,0.0,-9.046,0.0,0.0,-154.898,0.0,0.0,28.938,0.0,0.0,0.0,0.0,0.0,0.013000000000015888,0.0,0.0
ILE 141,91.131,0.0,0.0,-10.125,0.0,0.0,-73.617,0.0,0.0,-1.393,0.0,0.0,0.0,0.0,0.0,5.995999999999996,0.0,0.0
VAL 142,66.318,0.0,0.0,-8.114,0.0,0.0,-56.406,0.0,0.0,-4.032,0.0,0.0,0.0,0.0,0.0,-2.2340000000000053,0.0,0.0
ARG 143,-185.609,0.0,0.0,-6.961,0.0,0.0,38.674,0.0,0.0,-7.328,0.0,0.0,0.0,0.0,0.0,-161.22400000000002,0.0,0.0
MET 144,87.504,0.0,0.0,-5.335,0.0,0.0,-73.946,0.0,0.0,-4.261,0.0,0.0,0.0,0.0,0.0,3.962000000000013,0.0,0.0
TYR 145,88.307,0.0,0.0,-11.751,0.0,0.0,-79.682,0.0,0.0,-10.117,0.0,0.0,0.0,0.0,0.0,-13.243000000000006,0.0,0.0
SER 146,91.381,0.0,0.0,-3.297,0.0,0.0,-67.258,0.0,0.0,-8.127,0.0,0.0,0.0,0.0,0.0,12.699000000000007,0.0,0.0
PRO 147,85.121,0.0,0.0,-3.05,0.0,0.0,-61.133,0.0,0.0,-6.634,0.0,0.0,0.0,0.0,0.0,14.303999999999995,0.0,0.0
THR 148,38.592,0.0,0.0,-3.567,0.0,0.0,-51.061,0.0,0.0,-1.146,0.0,0.0,0.0,0.0,0.0,-17.182000000000002,0.0,0.0
SER 149,65.167,0.0,0.0,-3.898,0.0,0.0,-63.167,0.0,0.0,0.259,0.0,0.0,0.0,0.0,0.0,-1.6390000000000033,0.0,0.0
ILE 150,79.012,0.0,0.0,-9.936,0.0,0.0,-58.939,0.0,0.0,1.358,0.0,0.0,0.0,0.0,0.0,11.494999999999994,0.0,0.0
LEU 151,70.655,0.0,0.0,-6.718,0.0,0.0,-74.513,0.0,0.0,-0.495,0.0,0.0,0.0,0.0,0.0,-11.071000000000007,0.0,0.0
ASP 152,93.369,0.0,0.0,-3.602,0.0,0.0,-65.918,0.0,0.0,-84.206,0.0,0.0,0.0,0.0,0.0,-60.35700000000001,0.0,0.0
ILE 153,97.523,0.0,0.0,-8.818,0.0,0.0,-68.371,0.0,0.0,-4.034,0.0,0.0,0.0,0.0,0.0,16.300000000000004,0.0,0.0
ARG 154,-192.453,0.0,0.0,-8.887,0.0,0.0,54.204,0.0,0.0,-15.303,0.0,0.0,0.0,0.0,0.0,-162.439,0.0,0.0
GLN 155,29.235,0.0,0.0,-11.722,0.0,0.0,-90.739,0.0,0.0,4.062,0.0,0.0,0.0,0.0,0.0,-69.164,0.0,0.0
GLY 156,86.744,0.0,0.0,-3.665,0.0,0.0,-69.303,0.0,0.0,-4.327,0.0,0.0,0.0,0.0,0.0,9.448999999999996,0.0,0.0
PRO 157,89.231,0.0,0.0,-3.497,0.0,0.0,-52.068,0.0,0.0,-7.68,0.0,0.0,0.0,0.0,0.0,25.985999999999997,0.0,0.0
LYS 158,122.317,0.0,0.0,-3.599,0.0,0.0,-89.713,0.0,0.0,-29.224,0.0,0.0,0.0,0.0,0.0,-0.21900000000000475,0.0,0.0
GLU 159,106.755,0.0,0.0,-7.589,0.0,0.0,-115.02,0.0,0.0,-32.227,0.0,0.0,0.0,0.0,0.0,-48.080999999999996,0.0,0.0
PRO 160,78.362,0.0,0.0,-7.104,0.0,0.0,-61.005,0.0,0.0,0.337,0.0,0.0,0.0,0.0,0.0,10.589999999999993,0.0,0.0
PHE 161,101.987,0.0,0.0,-14.763,0.0,0.0,-76.321,0.0,0.0,0.514,0.0,0.0,0.0,0.0,0.0,11.416999999999991,0.0,0.0
ARG 162,-190.349,0.0,0.0,-7.97,0.0,0.0,-27.646,0.0,0.0,47.505,0.0,0.0,0.0,0.0,0.0,-178.45999999999998,0.0,0.0
ASP 163,91.734,0.0,0.0,-7.14,0.0,0.0,-87.98,0.0,0.0,-64.975,0.0,0.0,0.0,0.0,0.0,-68.361,0.0,0.0
TYR 164,95.893,0.0,0.0,-18.168,0.0,0.0,-96.534,0.0,0.0,-0.05,0.0,0.0,0.0,0.0,0.0,-18.859000000000012,0.0,0.0
VAL 165,49.332,0.0,0.0,-8.9,0.0,0.0,-55.196,0.0,0.0,0.915,0.0,0.0,0.0,0.0,0.0,-13.848999999999997,0.0,0.0
ASP 166,116.28,0.0,0.0,-7.68,0.0,0.0,-103.884,0.0,0.0,-61.027,0.0,0.0,0.0,0.0,0.0,-56.31100000000001,0.0,0.0
ARG 167,-195.145,0.0,0.0,-7.976,0.0,0.0,2.192,0.0,0.0,17.212,0.0,0.0,0.0,0.0,0.0,-183.717,0.0,0.0
PHE 168,98.437,0.0,0.0,-16.165,0.0,0.0,-81.255,0.0,0.0,-0.42,0.0,0.0,0.0,0.0,0.0,0.596999999999996,0.0,0.0
TYR 169,98.78,0.0,0.0,-10.704,0.0,0.0,-88.373,0.0,0.0,-3.355,0.0,0.0,0.0,0.0,0.0,-3.6520000000000112,0.0,0.0
LYS 170,131.13,0.0,0.0,-7.099,0.0,0.0,-162.558,0.0,0.0,21.733,0.0,0.0,0.0,0.0,0.0,-16.794,0.0,0.0
THR 171,41.571,0.0,0.0,-4.758,0.0,0.0,-54.287,0.0,0.0,-4.955,0.0,0.0,0.0,0.0,0.0,-22.429000000000002,0.0,0.0
LEU 172,75.367,0.0,0.0,-13.162,0.0,0.0,-72.464,0.0,0.0,-0.907,0.0,0.0,0.0,0.0,0.0,-11.165999999999993,0.0,0.0
ARG 173,-198.767,0.0,0.0,-11.129,0.0,0.0,26.894,0.0,0.0,16.178,0.0,0.0,0.0,0.0,0.0,-166.82399999999998,0.0,0.0
ALA 174,89.144,0.0,0.0,-5.161,0.0,0.0,-85.821,0.0,0.0,0.194,0.0,0.0,0.0,0.0,0.0,-1.643999999999994,0.0,0.0
GLU 175,109.21,0.0,0.0,-7.451,0.0,0.0,-84.439,0.0,0.0,-77.617,0.0,0.0,0.0,0.0,0.0,-60.297,0.0,0.0
GLN 176,25.455,0.0,0.0,-3.896,0.0,0.0,-76.502,0.0,0.0,-1.596,0.0,0.0,0.0,0.0,0.0,-56.539,0.0,0.0
ALA 177,101.809,0.0,0.0,-4.487,0.0,0.0,-84.933,0.0,0.0,-1.939,0.0,0.0,0.0,0.0,0.0,10.449999999999996,0.0,0.0
SER 178,68.651,0.0,0.0,-3.63,0.0,0.0,-60.674,0.0,0.0,-7.187,0.0,0.0,0.0,0.0,0.0,-2.839999999999999,0.0,0.0
GLN 179,29.028,0.0,0.0,-4.994,0.0,0.0,-64.963,0.0,0.0,-11.68,0.0,0.0,0.0,0.0,0.0,-52.608999999999995,0.0,0.0
GLU 180,113.216,0.0,0.0,-5.177,0.0,0.0,-68.697,0.0,0.0,-95.725,0.0,0.0,0.0,0.0,0.0,-56.38300000000001,0.0,0.0
VAL 181,65.567,0.0,0.0,-6.476,0.0,0.0,-56.996,0.0,0.0,-2.801,0.0,0.0,0.0,0.0,0.0,-0.7060000000000084,0.0,0.0
LYS 182,123.214,0.0,0.0,-10.941,0.0,0.0,-142.947,0.0,0.0,21.529,0.0,0.0,0.0,0.0,0.0,-9.145000000000007,0.0,0.0
ASN 183,24.249,0.0,0.0,-5.997,0.0,0.0,-82.38,0.0,0.0,-7.568,0.0,0.0,0.0,0.0,0.0,-71.696,0.0,0.0
TRP 184,117.152,0.0,0.0,-9.387,0.0,0.0,-89.277,0.0,0.0,-6.0,0.0,0.0,0.0,0.0,0.0,12.488,0.0,0.0
MET 185,108.818,0.0,0.0,-11.447,0.0,0.0,-85.195,0.0,0.0,-1.788,0.0,0.0,0.0,0.0,0.0,10.388000000000002,0.0,0.0
THR 186,43.542,0.0,0.0,-8.729,0.0,0.0,-55.797,0.0,0.0,-1.355,0.0,0.0,0.0,0.0,0.0,-22.338999999999995,0.0,0.0
GLU 187,101.75,0.0,0.0,-5.574,0.0,0.0,-47.566,0.0,0.0,-111.078,0.0,0.0,0.0,0.0,0.0,-62.468,0.0,0.0
THR 188,41.374,0.0,0.0,-5.27,0.0,0.0,-49.169,0.0,0.0,-3.157,0.0,0.0,0.0,0.0,0.0,-16.221999999999998,0.0,0.0
LEU 189,55.031,0.0,0.0,-9.456,0.0,0.0,-60.881,0.0,0.0,1.079,0.0,0.0,0.0,0.0,0.0,-14.226999999999997,0.0,0.0
LEU 190,86.353,0.0,0.0,-11.979,0.0,0.0,-88.673,0.0,0.0,1.436,0.0,0.0,0.0,0.0,0.0,-12.863000000000007,0.0,0.0
VAL 191,56.034,0.0,0.0,-7.296,0.0,0.0,-60.945,0.0,0.0,2.45,0.0,0.0,0.0,0.0,0.0,-9.757000000000001,0.0,0.0
GLN 192,21.705,0.0,0.0,-7.373,0.0,0.0,-64.437,0.0,0.0,-7.494,0.0,0.0,0.0,0.0,0.0,-57.599000000000004,0.0,0.0
ASN 193,15.89,0.0,0.0,-7.571,0.0,0.0,-80.233,0.0,0.0,-1.638,0.0,0.0,0.0,0.0,0.0,-73.552,0.0,0.0
ALA 194,87.393,0.0,0.0,-7.292,0.0,0.0,-80.529,0.0,0.0,2.685,0.0,0.0,0.0,0.0,0.0,2.257000000000003,0.0,0.0
ASN 195,46.54,0.0,0.0,-7.112,0.0,0.0,-86.714,0.0,0.0,-10.552,0.0,0.0,0.0,0.0,0.0,-57.838,0.0,0.0
PRO 196,79.385,0.0,0.0,-4.513,0.0,0.0,-61.855,0.0,0.0,-2.728,0.0,0.0,0.0,0.0,0.0,10.289000000000003,0.0,0.0
ASP 197,103.314,0.0,0.0,-5.414,0.0,0.0,-77.96,0.0,0.0,-84.15,0.0,0.0,0.0,0.0,0.0,-64.21000000000001,0.0,0.0
CYX 198,104.818,0.0,0.0,-9.278,0.0,0.0,-80.672,0.0,0.0,-2.233,0.0,0.0,0.0,0.0,0.0,12.634999999999994,0.0,0.0
LYS 199,141.618,0.0,0.0,-9.825,0.0,0.0,-129.476,0.0,0.0,-7.693,0.0,0.0,0.0,0.0,0.0,-5.375999999999992,0.0,0.0
THR 200,56.514,0.0,0.0,-5.37,0.0,0.0,-70.932,0.0,0.0,-0.555,0.0,0.0,0.0,0.0,0.0,-20.342999999999996,0.0,0.0
ILE 201,77.46,0.0,0.0,-5.114,0.0,0.0,-56.946,0.0,0.0,-0.398,0.0,0.0,0.0,0.0,0.0,15.001999999999992,0.0,0.0
LEU 202,83.482,0.0,0.0,-7.009,0.0,0.0,-77.298,0.0,0.0,-4.815,0.0,0.0,0.0,0.0,0.0,-5.640000000000003,0.0,0.0
LYS 203,116.725,0.0,0.0,-4.973,0.0,0.0,-97.995,0.0,0.0,-21.145,0.0,0.0,0.0,0.0,0.0,-7.388000000000009,0.0,0.0
ALA 204,84.616,0.0,0.0,-2.967,0.0,0.0,-73.067,0.0,0.0,-3.241,0.0,0.0,0.0,0.0,0.0,5.341000000000008,0.0,0.0
LEU 205,74.084,0.0,0.0,-7.111,0.0,0.0,-74.609,0.0,0.0,-2.738,0.0,0.0,0.0,0.0,0.0,-10.373999999999995,0.0,0.0
GLY 206,88.556,0.0,0.0,-1.548,0.0,0.0,-74.573,0.0,0.0,-4.241,0.0,0.0,0.0,0.0,0.0,8.194000000000003,0.0,0.0
PRO 207,82.337,0.0,0.0,-1.583,0.0,0.0,-53.966,0.0,0.0,-7.841,0.0,0.0,0.0,0.0,0.0,18.947000000000003,0.0,0.0
GLY 208,65.162,0.0,0.0,-1.591,0.0,0.0,-62.649,0.0,0.0,-5.168,0.0,0.0,0.0,0.0,0.0,-4.245999999999996,0.0,0.0
ALA 209,96.436,0.0,0.0,-3.398,0.0,0.0,-85.779,0.0,0.0,-3.494,0.0,0.0,0.0,0.0,0.0,3.7650000000000143,0.0,0.0
THR 210,39.817,0.0,0.0,-5.491,0.0,0.0,-37.879,0.0,0.0,-9.432,0.0,0.0,0.0,0.0,0.0,-12.984999999999998,0.0,0.0
LEU 211,62.8,0.0,0.0,-6.22,0.0,0.0,-66.768,0.0,0.0,-2.721,0.0,0.0,0.0,0.0,0.0,-12.909000000000002,0.0,0.0
GLU 212,103.826,0.0,0.0,-5.983,0.0,0.0,-50.504,0.0,0.0,-110.483,0.0,0.0,0.0,0.0,0.0,-63.14400000000001,0.0,0.0
GLU 213,105.447,0.0,0.0,-6.654,0.0,0.0,-53.265,0.0,0.0,-104.259,0.0,0.0,0.0,0.0,0.0,-58.730999999999995,0.0,0.0
MET 214,96.394,0.0,0.0,-12.605,0.0,0.0,-74.26,0.0,0.0,-0.202,0.0,0.0,0.0,0.0,0.0,9.326999999999996,0.0,0.0
MET 215,99.09,0.0,0.0,-10.571,0.0,0.0,-80.706,0.0,0.0,-0.99,0.0,0.0,0.0,0.0,0.0,6.823000000000002,0.0,0.0
THR 216,43.054,0.0,0.0,-6.407,0.0,0.0,-47.77,0.0,0.0,-3.018,0.0,0.0,0.0,0.0,0.0,-14.140999999999998,0.0,0.0
ALA 217,78.602,0.0,0.0,-4.783,0.0,0.0,-65.421,0.0,0.0,-2.296,0.0,0.0,0.0,0.0,0.0,6.101999999999997,0.0,0.0
CYX 218,97.453,0.0,0.0,-7.335,0.0,0.0,-77.943,0.0,0.0,-0.872,0.0,0.0,0.0,0.0,0.0,11.303000000000011,0.0,0.0
GLN 219,40.93,0.0,0.0,-6.766,0.0,0.0,-72.222,0.0,0.0,-8.037,0.0,0.0,0.0,0.0,0.0,-46.09499999999999,0.0,0.0
GLY 220,102.489,0.0,0.0,-3.417,0.0,0.0,-89.406,0.0,0.0,-1.468,0.0,0.0,0.0,0.0,0.0,8.197999999999997,0.0,0.0
VAL 221,36.153,0.0,0.0,-3.039,0.0,0.0,-30.182,0.0,0.0,-97.551,0.0,0.0,0.0,0.0,0.0,-94.619,0.0,0.0

Receptor:
Total Energy Decomposition:
Residue,Internal,,,van der Waals,,,Electrostatic,,,Polar Solvation,,,Non-Polar Solv.,,,TOTAL,,
,Avg.,Std. Dev.,Std. Err. of Mean,Avg.,Std. Dev.,Std. Err. of Mean,Avg.,Std. Dev.,Std. Err. of Mean,Avg.,Std. Dev.,Std. Err. of Mean,Avg.,Std. Dev.,Std. Err. of Mean,Avg.,Std. Dev.,Std. Err. of Mean
PRO   1,110.639,0.0,0.0,-6.737,0.0,0.0,-102.347,0.0,0.0,6.896,0.0,0.0,0.0,0.0,0.0,8.451000000000008,0.0,0.0
ILE   2,106.089,0.0,0.0,-8.844,0.0,0.0,-74.574,0.0,0.0,-1.878,0.0,0.0,0.0,0.0,0.0,20.793000000000006,0.0,0.0
VAL   3,53.419,0.0,0.0,-4.362,0.0,0.0,-57.551,0.0,0.0,-0.942,0.0,0.0,0.0,0.0,0.0,-9.436000000000007,0.0,0.0
GLN   4,26.284,0.0,0.0,-6.914,0.0,0.0,-61.12,0.0,0.0,-7.963,0.0,0.0,0.0,0.0,0.0,-49.713,0.0,0.0
ASN   5,32.883,0.0,0.0,-5.779,0.0,0.0,-77.851,0.0,0.0,-10.657,0.0,0.0,0.0,0.0,0.0,-61.403999999999996,0.0,0.0
LEU   6,66.032,0.0,0.0,-1.519,0.0,0.0,-61.167,0.0,0.0,-6.879,0.0,0.0,0.0,0.0,0.0,-3.53300000000001,0.0,0.0
GLN   7,38.956,0.0,0.0,-2.585,0.0,0.0,-72.989,0.0,0.0,-14.241,0.0,0.0,0.0,0.0,0.0,-50.859,0.0,0.0
GLY   8,79.995,0.0,0.0,-2.706,0.0,0.0,-72.793,0.0,0.0,-4.539,0.0,0.0,0.0,0.0,0.0,-0.04300000000000459,0.0,0.0
GLN   9,35.533,0.0,0.0,-4.012,0.0,0.0,-79.541,0.0,0.0,-9.232,0.0,0.0,0.0,0.0,0.0,-57.251999999999995,0.0,0.0
MET  10,95.418,0.0,0.0,-9.488,0.0,0.0,-79.008,0.0,0.0,-4.574,0.0,0.0,0.0,0.0,0.0,2.3480000000000114,0.0,0.0
VAL  11,49.843,0.0,0.0,-5.831,0.0,0.0,-52.603,0.0,0.0,-1.634,0.0,0.0,0.0,0.0,0.0,-10.225000000000001,0.0,0.0
HID  12,89.443,0.0,0.0,-11.722,0.0,0.0,-60.643,0.0,0.0,-3.557,0.0,0.0,0.0,0.0,0.0,13.521000000000003,0.0,0.0
GLN  13,34.966,0.0,0.0,-6.555,0.0,0.0,-76.315,0.0,0.0,-8.673,0.0,0.0,0.0,0.0,0.0,-56.577,0.0,0.0
ALA  14,94.71,0.0,0.0,-3.766,0.0,0.0,-82.73,0.0,0.0,-1.732,0.0,0.0,0.0,0.0,0.0,6.481999999999984,0.0,0.0
ILE  15,98.213,0.0,0.0,-9.023,0.0,0.0,-73.697,0.0,0.0,-4.105,0.0,0.0,0.0,0.0,0.0,11.387999999999995,0.0,0.0
SER  16,70.397,0.0,0.0,-5.782,0.0,0.0,-55.174,0.0,0.0,-7.391,0.0,0.0,0.0,0.0,0.0,2.0500000000000096,0.0,0.0
PRO  17,94.021,0.0,0.0,-4.838,0.0,0.0,-61.551,0.0,0.0,-2.422,0.0,0.0,0.0,0.0,0.0,25.210000000000004,0.0,0.0
ARG  18,-189.323,0.0,0.0,-5.9,0.0,0.0,77.242,0.0,0.0,-48.622,0.0,0.0,0.0,0.0,0.0,-166.603,0.0,0.0
THR  19,44.985,0.0,0.0,-7.067,0.0,0.0,-56.199,0.0,0.0,-3.279,0.0,0.0,0.0,0.0,0.0,-21.56,0.0,0.0
LEU  20,53.016,0.0,0.0,-10.952,0.0,0.0,-55.854,0.0,0.0,-1.834,0.0,0.0,0.0,0.0,0.0,-15.623999999999999,0.0,0.0
ASN  21,33.683,0.0,0.0,-7.948,0.0,0.0,-95.334,0.0,0.0,-4.626,0.0,0.0,0.0,0.0,0.0,-74.22500000000001,0.0,0.0
ALA  22,93.055,0.0,0.0,-5.451,0.0,0.0,-82.524,0.0,0.0,-1.832,0.0,0.0,0.0,0.0,0.0,3.2480000000000127,0.0,0.0
TRP  23,129.977,0.0,0.0,-17.92,0.0,0.0,-96.044,0.0,0.0,-2.011,0.0,0.0,0.0,0.0,0.0,14.002000000000006,0.0,0.0
VAL  24,63.245,0.0,0.0,-7.454,0.0,0.0,-49.921,0.0,0.0,-5.356,0.0,0.0,0.0,0.0,0.0,0.5139999999999976,0.0,0.0
LYS  25,131.617,0.0,0.0,-8.559,0.0,0.0,-99.047,0.0,0.0,-32.953,0.0,0.0,0.0,0.0,0.0,-8.942000000000007,0.0,0.0
VAL  26,65.693,0.0,0.0,-9.453,0.0,0.0,-64.156,0.0,0.0,-2.181,0.0,0.0,0.0,0.0,0.0,-10.097000000000012,0.0,0.0
VAL  27,44.074,0.0,0.0,-9.083,0.0,0.0,-48.055,0.0,0.0,-3.276,0.0,0.0,0.0,0.0,0.0,-16.34,0.0,0.0
GLU  28,94.892,0.0,0.0,-6.575,0.0,0.0,-67.989,0.0,0.0,-83.406,0.0,0.0,0.0,0.0,0.0,-63.07800000000002,0.0,0.0
GLU  29,102.777,0.0,0.0,-5.796,0.0,0.0,-77.685,0.0,0.0,-82.566,0.0,0.0,0.0,0.0,0.0,-63.27000000000001,0.0,0.0
LYS  30,124.26,0.0,0.0,-8.854,0.0,0.0,-106.533,0.0,0.0,-11.007,0.0,0.0,0.0,0.0,0.0,-2.133999999999995,0.0,0.0
ALA  31,90.394,0.0,0.0,-4.863,0.0,0.0,-78.925,0.0,0.0,-2.629,0.0,0.0,0.0,0.0,0.0,3.9770000000000088,0.0,0.0
PHE  32,104.492,0.0,0.0,-9.249,0.0,0.0,-78.876,0.0,0.0,-4.278,0.0,0.0,0.0,0.0,0.0,12.089000000000006,0.0,0.0
SER  33,81.321,0.0,0.0,-6.185,0.0,0.0,-60.495,0.0,0.0,-4.854,0.0,0.0,0.0,0.0,0.0,9.786999999999999,0.0,0.0
PRO  34,76.591,0.0,0.0,-5.798,0.0,0.0,-57.923,0.0,0.0,0.186,0.0,0.0,0.0,0.0,0.0,13.05599999999999,0.0,0.0
GLU  35,104.589,0.0,0.0,-6.624,0.0,0.0,-89.542,0.0,0.0,-67.603,0.0,0.0,0.0,0.0,0.0,-59.17999999999999,0.0,0.0
VAL  36,49.454,0.0,0.0,-8.612,0.0,0.0,-52.033,0.0,0.0,0.916,0.0,0.0,0.0,0.0,0.0,-10.275000000000002,0.0,0.0
ILE  37,86.941,0.0,0.0,-7.688,0.0,0.0,-60.132,0.0,0.0,0.319,0.0,0.0,0.0,0.0,0.0,19.44,0.0,0.0
PRO  38,84.445,0.0,0.0,-6.012,0.0,0.0,-57.6,0.0,0.0,-2.416,0.0,0.0,0.0,0.0,0.0,18.41699999999999,0.0,0.0
MET  39,94.193,0.0,0.0,-8.579,0.0,0.0,-71.63,0.0,0.0,-2.917,0.0,0.0,0.0,0.0,0.0,11.067000000000009,0.0,0.0
PHE  40,99.686,0.0,0.0,-13.917,0.0,0.0,-84.987,0.0,0.0,-0.406,0.0,0.0,0.0,0.0,0.0,0.37600000000001066,0.0,0.0
SER  41,58.133,0.0,0.0,-6.046,0.0,0.0,-44.135,0.0,0.0,-10.382,0.0,0.0,0.0,0.0,0.0,-2.4299999999999944,0.0,0.0
ALA  42,83.229,0.0,0.0,-4.179,0.0,0.0,-67.371,0.0,0.0,-4.387,0.0,0.0,0.0,0.0,0.0,7.2920000000000025,0.0,0.0
LEU  43,79.296,0.0,0.0,-10.779,0.0,0.0,-75.804,0.0,0.0,-1.989,0.0,0.0,0.0,0.0,0.0,-9.275999999999993,0.0,0.0
SER  44,72.213,0.0,0.0,-5.922,0.0,0.0,-77.248,0.0,0.0,1.22,0.0,0.0,0.0,0.0,0.0,-9.737000000000007,0.0,0.0
GLU  45,98.471,0.0,0.0,-5.612,0.0,0.0,-74.034,0.0,0.0,-83.31,0.0,0.0,0.0,0.0,0.0,-64.485,0.0,0.0
GLY  46,69.738,0.0,0.0,-2.144,0.0,0.0,-69.877,0.0,0.0,-1.565,0.0,0.0,0.0,0.0,0.0,-3.848000000000001,0.0,0.0
ALA  47,100.678,0.0,0.0,-6.666,0.0,0.0,-86.529,0.0,0.0,-1.207,0.0,0.0,0.0,0.0,0.0,6.276000000000004,0.0,0.0
THR  48,56.443,0.0,0.0,-10.546,0.0,0.0,-56.441,0.0,0.0,0.288,0.0,0.0,0.0,0.0,0.0,-10.256000000000004,0.0,0.0
PRO  49,80.241,0.0,0.0,-11.837,0.0,0.0,-55.934,0.0,0.0,0.589,0.0,0.0,0.0,0.0,0.0,13.059,0.0,0.0
GLN  50,31.283,0.0,0.0,-9.35,0.0,0.0,-73.107,0.0,0.0,-6.086,0.0,0.0,0.0,0.0,0.0,-57.26,0.0,0.0
ASP  51,91.161,0.0,0.0,-8.805,0.0,0.0,-134.407,0.0,0.0,-15.531,0.0,0.0,0.0,0.0,0.0,-67.58200000000002,0.0,0.0
LEU  52,71.469,0.0,0.0,-11.623,0.0,0.0,-71.641,0.0,0.0,1.048,0.0,0.0,0.0,0.0,0.0,-10.747000000000009,0.0,0.0
ASN  53,31.971,0.0,0.0,-6.645,0.0,0.0,-101.698,0.0,0.0,-3.308,0.0,0.0,0.0,0.0,0.0,-79.67999999999998,0.0,0.0
THR  54,52.535,0.0,0.0,-7.351,0.0,0.0,-63.653,0.0,0.0,-1.296,0.0,0.0,0.0,0.0,0.0,-19.765,0.0,0.0
MET  55,79.679,0.0,0.0,-13.248,0.0,0.0,-67.757,0.0,0.0,-0.16,0.0,0.0,0.0,0.0,0.0,-1.4860000000000075,0.0,0.0
LEU  56,63.665,0.0,0.0,-8.723,0.0,0.0,-67.035,0.0,0.0,0.512,0.0,0.0,0.0,0.0,0.0,-11.580999999999996,0.0,0.0
ASN  57,35.636,0.0,0.0,-5.66,0.0,0.0,-92.681,0.0,0.0,-9.055,0.0,0.0,0.0,0.0,0.0,-71.75999999999999,0.0,0.0
THR  58,58.379,0.0,0.0,-8.49,0.0,0.0,-63.202,0.0,0.0,-3.478,0.0,0.0,0.0,0.0,0.0,-16.791000000000004,0.0,0.0
VAL  59,33.61,0.0,0.0,-8.326,0.0,0.0,-37.534,0.0,0.0,-0.535,0.0,0.0,0.0,0.0,0.0,-12.785,0.0,0.0
ALA  60,90.213,0.0,0.0,-4.443,0.0,0.0,-65.155,0.0,0.0,-0.223,0.0,0.0,0.0,0.0,0.0,20.391999999999996,0.0,0.0
PRO  61,75.089,0.0,0.0,-5.033,0.0,0.0,-60.2,0.0,0.0,-1.077,0.0,0.0,0.0,0.0,0.0,8.778999999999995,0.0,0.0
HID  62,104.141,0.0,0.0,-7.375,0.0,0.0,-81.976,0.0,0.0,0.841,0.0,0.0,0.0,0.0,0.0,15.631000000000006,0.0,0.0
GLN  63,33.356,0.0,0.0,-5.588,0.0,0.0,-72.746,0.0,0.0,-6.287,0.0,0.0,0.0,0.0,0.0,-51.26499999999999,0.0,0.0
ALA  64,82.294,0.0,0.0,-2.487,0.0,0.0,-69.066,0.0,0.0,-3.34,0.0,0.0,0.0,0.0,0.0,7.401,0.0,0.0
ALA  65,88.76,0.0,0.0,-4.66,0.0,0.0,-75.859,0.0,0.0,-0.935,0.0,0.0,0.0,0.0,0.0,7.306000000000013,0.0,0.0
ALA  66,89.416,0.0,0.0,-6.165,0.0,0.0,-82.063,0.0,0.0,-0.394,0.0,0.0,0.0,0.0,0.0,0.7939999999999882,0.0,0.0
GLN  67,37.41,0.0,0.0,-7.151,0.0,0.0,-74.021,0.0,0.0,-12.342,0.0,0.0,0.0,0.0,0.0,-56.104,0.0,0.0
MET  68,89.845,0.0,0.0,-9.492,0.0,0.0,-74.607,0.0,0.0,-3.309,0.0,0.0,0.0,0.0,0.0,2.436999999999995,0.0,0.0
LEU  69,94.831,0.0,0.0,-11.027,0.0,0.0,-79.601,0.0,0.0,-2.294,0.0,0.0,0.0,0.0,0.0,1.909000000000003,0.0,0.0
LYS  70,126.224,0.0,0.0,-7.815,0.0,0.0,-108.091,0.0,0.0,-15.559,0.0,0.0,0.0,0.0,0.0,-5.240999999999987,0.0,0.0
GLU  71,109.236,0.0,0.0,-8.521,0.0,0.0,-73.203,0.0,0.0,-93.419,0.0,0.0,0.0,0.0,0.0,-65.907,0.0,0.0
THR  72,52.334,0.0,0.0,-9.038,0.0,0.0,-58.937,0.0,0.0,-2.364,0.0,0.0,0.0,0.0,0.0,-18.004999999999992,0.0,0.0
ILE  73,74.2,0.0,0.0,-10.053,0.0,0.0,-47.811,0.0,0.0,-3.534,0.0,0.0,0.0,0.0,0.0,12.802000000000007,0.0,0.0
ASN  74,32.323,0.0,0.0,-6.155,0.0,0.0,-83.633,0.0,0.0,-13.638,0.0,0.0,0.0,0.0,0.0,-71.103,0.0,0.0
GLU  75,105.851,0.0,0.0,-7.951,0.0,0.0,-60.437,0.0,0.0,-100.19,0.0,0.0,0.0,0.0,0.0,-62.72699999999999,0.0,0.0
GLU  76,96.149,0.0,0.0,-9.303,0.0,0.0,-48.654,0.0,0.0,-99.642,0.0,0.0,0.0,0.0,0.0,-61.449999999999996,0.0,0.0
ALA  77,84.294,0.0,0.0,-7.474,0.0,0.0,-69.581,0.0,0.0,-1.185,0.0,0.0,0.0,0.0,0.0,6.05399999999999,0.0,0.0
ALA  78,95.501,0.0,0.0,-6.493,0.0,0.0,-84.438,0.0,0.0,0.103,0.0,0.0,0.0,0.0,0.0,4.673000000000007,0.0,0.0
GLU  79,106.653,0.0,0.0,-8.586,0.0,0.0,-75.61,0.0,0.0,-87.18,0.0,0.0,0.0,0.0,0.0,-64.723,0.0,0.0
TRP  80,114.562,0.0,0.0,-16.049,0.0,0.0,-86.829,0.0,0.0,-0.141,0.0,0.0,0.0,0.0,0.0,11.543000000000012,0.0,0.0
ASP  81,98.597,0.0,0.0,-7.561,0.0,0.0,-76.89,0.0,0.0,-63.652,0.0,0.0,0.0,0.0,0.0,-49.506,0.0,0.0
ARG  82,-190.757,0.0,0.0,-8.495,0.0,0.0,-12.518,0.0,0.0,41.546,0.0,0.0,0.0,0.0,0.0,-170.22400000000002,0.0,0.0
LEU  83,70.679,0.0,0.0,-4.726,0.0,0.0,-74.4,0.0,0.0,-2.353,0.0,0.0,0.0,0.0,0.0,-10.800000000000002,0.0,0.0
HID  84,110.955,0.0,0.0,-8.032,0.0,0.0,-77.391,0.0,0.0,-6.728,0.0,0.0,0.0,0.0,0.0,18.803999999999995,0.0,0.0
PRO  85,95.143,0.0,0.0,-2.3,0.0,0.0,-69.173,0.0,0.0,-3.724,0.0,0.0,0.0,0.0,0.0,19.946,0.0,0.0
VAL  86,51.009,0.0,0.0,-2.218,0.0,0.0,-46.5,0.0,0.0,-5.547,0.0,0.0,0.0,0.0,0.0,-3.256000000000003,0.0,0.0
HID  87,87.842,0.0,0.0,-7.666,0.0,0.0,-60.735,0.0,0.0,-6.593,0.0,0.0,0.0,0.0,0.0,12.848000000000003,0.0,0.0
ALA  88,94.16,0.0,0.0,-2.588,0.0,0.0,-74.909,0.0,0.0,-4.854,0.0,0.0,0.0,0.0,0.0,11.808999999999997,0.0,0.0
GLY  89,91.575,0.0,0.0,-2.405,0.0,0.0,-77.96,0.0,0.0,-4.162,0.0,0.0,0.0,0.0,0.0,7.048000000000008,0.0,0.0
PRO  90,83.443,0.0,0.0,-3.577,0.0,0.0,-57.299,0.0,0.0,-5.058,0.0,0.0,0.0,0.0,0.0,17.509,0.0,0.0
ILE  91,75.12,0.0,0.0,-5.226,0.0,0.0,-55.598,0.0,0.0,-4.568,0.0,0.0,0.0,0.0,0.0,9.728000000000007,0.0,0.0
ALA  92,100.244,0.0,0.0,-3.387,0.0,0.0,-66.777,0.0,0.0,-3.716,0.0,0.0,0.0,0.0,0.0,26.363999999999997,0.0,0.0
PRO  93,84.191,0.0,0.0,-2.746,0.0,0.0,-56.262,0.0,0.0,-6.624,0.0,0.0,0.0,0.0,0.0,18.559000000000008,0.0,0.0
GLY  94,71.38,0.0,0.0,-1.823,0.0,0.0,-64.843,0.0,0.0,-6.686,0.0,0.0,0.0,0.0,0.0,-1.9720000000000013,0.0,0.0
GLN  95,38.856,0.0,0.0,-4.675,0.0,0.0,-70.573,0.0,0.0,-13.756,0.0,0.0,0.0,0.0,0.0,-50.14799999999999,0.0,0.0
MET  96,105.744,0.0,0.0,-8.011,0.0,0.0,-74.634,0.0,0.0,-6.89,0.0,0.0,0.0,0.0,0.0,16.209000000000003,0.0,0.0
ARG  97,-193.207,0.0,0.0,-6.896,0.0,0.0,-13.637,0.0,0.0,28.816,0.0,0.0,0.0,0.0,0.0,-184.92399999999998,0.0,0.0
GLU  98,109.666,0.0,0.0,-5.608,0.0,0.0,-62.944,0.0,0.0,-96.877,0.0,0.0,0.0,0.0,0.0,-55.763000000000005,0.0,0.0
PRO  99,90.401,0.0,0.0,-9.646,0.0,0.0,-61.896,0.0,0.0,-3.185,0.0,0.0,0.0,0.0,0.0,15.673999999999994,0.0,0.0
ARG 100,-185.242,0.0,0.0,-8.096,0.0,0.0,-13.909,0.0,0.0,33.653,0.0,0.0,0.0,0.0,0.0,-173.594,0.0,0.0
GLY 101,78.061,0.0,0.0,-4.587,0.0,0.0,-82.873,0.0,0.0,0.99,0.0,0.0,0.0,0.0,0.0,-8.409,0.0,0.0
SER 102,72.552,0.0,0.0,-6.442,0.0,0.0,-68.346,0.0,0.0,-3.184,0.0,0.0,0.0,0.0,0.0,-5.41999999999999,0.0,0.0
ASP 103,88.993,0.0,0.0,-9.027,0.0,0.0,-101.235,0.0,0.0,-37.784,0.0,0.0,0.0,0.0,0.0,-59.053000000000004,0.0,0.0
ILE 104,81.12,0.0,0.0,-11.06,0.0,0.0,-59.178,0.0,0.0,1.639,0.0,0.0,0.0,0.0,0.0,12.521000000000004,0.0,0.0
ALA 105,84.84,0.0,0.0,-5.873,0.0,0.0,-79.221,0.0,0.0,0.566,0.0,0.0,0.0,0.0,0.0,0.31199999999999506,0.0,0.0
GLY 106,91.758,0.0,0.0,-5.443,0.0,0.0,-86.665,0.0,0.0,-1.99,0.0,0.0,0.0,0.0,0.0,-2.3400000000000087,0.0,0.0
THR 107,49.138,0.0,0.0,-4.426,0.0,0.0,-57.726,0.0,0.0,-6.41,0.0,0.0,0.0,0.0,0.0,-19.424000000000003,0.0,0.0
THR 108,39.834,0.0,0.0,-4.794,0.0,0.0,-52.276,0.0,0.0,-3.125,0.0,0.0,0.0,0.0,0.0,-20.360999999999997,0.0,0.0
SER 109,79.781,0.0,0.0,-6.809,0.0,0.0,-76.141,0.0,0.0,-0.747,0.0,0.0,0.0,0.0,0.0,-3.915999999999997,0.0,0.0
THR 110,28.024,0.0,0.0,-5.132,0.0,0.0,-32.524,0.0,0.0,-6.773,0.0,0.0,0.0,0.0,0.0,-16.404999999999998,0.0,0.0
LEU 111,58.139,0.0,0.0,-8.088,0.0,0.0,-58.425,0.0,0.0,-4.01,0.0,0.0,0.0,0.0,0.0,-12.383999999999995,0.0,0.0
GLN 112,43.799,0.0,0.0,-5.458,0.0,0.0,-71.603,0.0,0.0,-15.735,0.0,0.0,0.0,0.0,0.0,-48.99699999999999,0.0,0.0
GLU 113,104.025,0.0,0.0,-9.09,0.0,0.0,-100.304,0.0,0.0,-48.286,0.0,0.0,0.0,0.0,0.0,-53.655,0.0,0.0
GLN 114,40.32,0.0,0.0,-12.321,0.0,0.0,-85.391,0.0,0.0,0.481,0.0,0.0,0.0,0.0,0.0,-56.911,0.0,0.0
ILE 115,85.576,0.0,0.0,-5.76,0.0,0.0,-73.344,0.0,0.0,-1.65,0.0,0.0,0.0,0.0,0.0,4.821999999999994,0.0,0.0
GLY 116,76.817,0.0,0.0,-5.347,0.0,0.0,-72.627,0.0,0.0,-2.483,0.0,0.0,0.0,0.0,0.0,-3.6399999999999966,0.0,0.0
TRP 117,127.835,0.0,0.0,-18.996,0.0,0.0,-92.19,0.0,0.0,-0.809,0.0,0.0,0.0,0.0,0.0,15.840000000000002,0.0,0.0
MET 118,97.106,0.0,0.0,-11.788,0.0,0.0,-83.948,0.0,0.0,-1.794,0.0,0.0,0.0,0.0,0.0,-0.4239999999999955,0.0,0.0
THR 119,42.754,0.0,0.0,-4.194,0.0,0.0,-51.995,0.0,0.0,-5.364,0.0,0.0,0.0,0.0,0.0,-18.799000000000003,0.0,0.0
HID 120,92.035,0.0,0.0,-9.311,0.0,0.0,-62.578,0.0,0.0,-5.57,0.0,0.0,0.0,0.0,0.0,14.575999999999986,0.0,0.0
ASN 121,44.706,0.0,0.0,-4.549,0.0,0.0,-81.184,0.0,0.0,-12.332,0.0,0.0,0.0,0.0,0.0,-53.358999999999995,0.0,0.0
PRO 122,95.357,0.0,0.0,-4.104,0.0,0.0,-58.247,0.0,0.0,-3.987,0.0,0.0,0.0,0.0,0.0,29.019,0.0,0.0
PRO 123,84.177,0.0,0.0,-5.954,0.0,0.0,-56.729,0.0,0.0,-4.179,0.0,0.0,0.0,0.0,0.0,17.315000000000012,0.0,0.0
ILE 124,93.699,0.0,0.0,-8.408,0.0,0.0,-61.001,0.0,0.0,-0.059,0.0,0.0,0.0,0.0,0.0,24.230999999999998,0.0,0.0
PRO 125,88.456,0.0,0.0,-6.588,0.0,0.0,-65.566,0.0,0.0,-0.506,0.0,0.0,0.0,0.0,0.0,15.796000000000006,0.0,0.0
VAL 126,54.721,0.0,0.0,-10.505,0.0,0.0,-53.674,0.0,0.0,0.075,0.0,0.0,0.0,0.0,0.0,-9.383000000000006,0.0,0.0
GLY 127,70.525,0.0,0.0,-5.942,0.0,0.0,-70.062,0.0,0.0,-1.568,0.0,0.0,0.0,0.0,0.0,-7.046999999999999,0.0,0.0
GLU 128,110.843,0.0,0.0,-6.631,0.0,0.0,-115.703,0.0,0.0,-40.98,0.0,0.0,0.0,0.0,0.0,-52.471,0.0,0.0
ILE 129,81.372,0.0,0.0,-11.093,0.0,0.0,-66.11,0.0,0.0,0.289,0.0,0.0,0.0,0.0,0.0,4.457999999999997,0.0,0.0
TYR 130,94.978,0.0,0.0,-15.921,0.0,0.0,-88.979,0.0,0.0,-0.923,0.0,0.0,0.0,0.0,0.0,-10.845000000000011,0.0,0.0
LYS 131,140.397,0.0,0.0,-7.786,0.0,0.0,-155.367,0.0,0.0,13.778,0.0,0.0,0.0,0.0,0.0,-8.978,0.0,0.0
ARG 132,-184.724,0.0,0.0,-9.274,0.0,0.0,31.45,0.0,0.0,-5.928,0.0,0.0,0.0,0.0,0.0,-168.476,0.0,0.0
TRP 133,129.117,0.0,0.0,-19.639,0.0,0.0,-93.614,0.0,0.0,-2.494,0.0,0.0,0.0,0.0,0.0,13.36999999999999,0.0,0.0
ILE 134,85.83,0.0,0.0,-12.912,0.0,0.0,-68.466,0.0,0.0,-0.428,0.0,0.0,0.0,0.0,0.0,4.023999999999998,0.0,0.0
ILE 135,86.277,0.0,0.0,-9.035,0.0,0.0,-67.571,0.0,0.0,-0.331,0.0,0.0,0.0,0.0,0.0,9.340000000000007,0.0,0.0
LEU 136,77.125,0.0,0.0,-7.881,0.0,0.0,-82.228,0.0,0.0,1.417,0.0,0.0,0.0,0.0,0.0,-11.566999999999995,0.0,0.0
GLY 137,77.022,0.0,0.0,-6.911,0.0,0.0,-75.578,0.0,0.0,-0.02,0.0,0.0,0.0,0.0,0.0,-5.486999999999998,0.0,0.0
LEU 138,63.372,0.0,0.0,-10.758,0.0,0.0,-65.682,0.0,0.0,-0.833,0.0,0.0,0.0,0.0,0.0,-13.900999999999998,0.0,0.0
ASN 139,39.364,0.0,0.0,-9.293,0.0,0.0,-89.903,0.0,0.0,-3.704,0.0,0.0,0.0,0.0,0.0,-63.53600000000001,0.0,0.0
LYS 140,135.019,0.0,0.0,-9.04,0.0,0.0,-149.357,0.0,0.0,23.467,0.0,0.0,0.0,0.0,0.0,0.08900000000001285,0.0,0.0
ILE 141,91.131,0.0,0.0,-10.101,0.0,0.0,-73.937,0.0,0.0,-1.067,0.0,0.0,0.0,0.0,0.0,6.026000000000003,0.0,0.0
VAL 142,66.318,0.0,0.0,-8.089,0.0,0.0,-56.728,0.0,0.0,-3.715,0.0,0.0,0.0,0.0,0.0,-2.214000000000002,0.0,0.0
ARG 143,-185.609,0.0,0.0,-6.951,0.0,0.0,46.197,0.0,0.0,-14.739,0.0,0.0,0.0,0.0,0.0,-161.102,0.0,0.0
MET 144,87.504,0.0,0.0,-5.315,0.0,0.0,-73.916,0.0,0.0,-4.274,0.0,0.0,0.0,0.0,0.0,3.9990000000000103,0.0,0.0
TYR 145,88.307,0.0,0.0,-11.507,0.0,0.0,-79.534,0.0,0.0,-10.383,0.0,0.0,0.0,0.0,0.0,-13.117000000000008,0.0,0.0
SER 146,91.381,0.0,0.0,-3.245,0.0,0.0,-67.645,0.0,0.0,-7.761,0.0,0.0,0.0,0.0,0.0,12.73,0.0,0.0
PRO 147,85.121,0.0,0.0,-2.882,0.0,0.0,-61.511,0.0,0.0,-6.168,0.0,0.0,0.0,0.0,0.0,14.559999999999988,0.0,0.0
THR 148,38.592,0.0,0.0,-3.414,0.0,0.0,-37.802,0.0,0.0,-10.481,0.0,0.0,0.0,0.0,0.0,-13.105000000000002,0.0,0.0
SER 149,65.167,0.0,0.0,-2.035,0.0,0.0,-46.007,0.0,0.0,-12.246,0.0,0.0,0.0,0.0,0.0,4.879000000000007,0.0,0.0
ILE 150,60.323,0.0,0.0,0.568,0.0,0.0,-27.534,0.0,0.0,-7.529,0.0,0.0,0.0,0.0,0.0,25.828,0.0,0.0

Ligand:
Total Energy Decomposition:
Residue,Internal,,,van der Waals,,,Electrostatic,,,Polar Solvation,,,Non-Polar Solv.,,,TOTAL,,
,Avg.,Std. Dev.,Std. Err. of Mean,Avg.,Std. Dev.,Std. Err. of Mean,Avg.,Std. Dev.,Std. Err. of Mean,Avg.,Std. Dev.,Std. Err. of Mean,Avg.,Std. Dev.,Std. Err. of Mean,Avg.,Std. Dev.,Std. Err. of Mean
LEU   1,51.002,0.0,0.0,-4.595,0.0,0.0,-49.639,0.0,0.0,-1.198,0.0,0.0,0.0,0.0,0.0,-4.43,0.0,0.0
ASP   2,93.369,0.0,0.0,-2.772,0.0,0.0,-67.299,0.0,0.0,-84.86,0.0,0.0,0.0,0.0,0.0,-61.56200000000001,0.0,0.0
ILE   3,97.523,0.0,0.0,-7.116,0.0,0.0,-66.831,0.0,0.0,-4.473,0.0,0.0,0.0,0.0,0.0,19.102999999999994,0.0,0.0
ARG   4,-192.453,0.0,0.0,-8.81,0.0,0.0,66.374,0.0,0.0,-27.364,0.0,0.0,0.0,0.0,0.0,-162.25300000000001,0.0,0.0
GLN   5,29.235,0.0,0.0,-11.705,0.0,0.0,-90.605,0.0,0.0,3.912,0.0,0.0,0.0,0.0,0.0,-69.163,0.0,0.0
GLY   6,86.744,0.0,0.0,-3.66,0.0,0.0,-69.11,0.0,0.0,-4.523,0.0,0.0,0.0,0.0,0.0,9.451000000000004,0.0,0.0
PRO   7,89.231,0.0,0.0,-3.493,0.0,0.0,-51.867,0.0,0.0,-7.878,0.0,0.0,0.0,0.0,0.0,25.993000000000002,0.0,0.0
LYS   8,122.317,0.0,0.0,-3.593,0.0,0.0,-77.45,0.0,0.0,-41.324,0.0,0.0,0.0,0.0,0.0,-0.05000000000001137,0.0,0.0
GLU   9,106.755,0.0,0.0,-7.572,0.0,0.0,-129.602,0.0,0.0,-17.895,0.0,0.0,0.0,0.0,0.0,-48.31400000000001,0.0,0.0
PRO  10,78.362,0.0,0.0,-7.096,0.0,0.0,-61.475,0.0,0.0,0.788,0.0,0.0,0.0,0.0,0.0,10.57899999999999,0.0,0.0
PHE  11,101.987,0.0,0.0,-14.752,0.0,0.0,-76.805,0.0,0.0,0.976,0.0,0.0,0.0,0.0,0.0,11.405999999999992,0.0,0.0
ARG  12,-190.349,0.0,0.0,-7.954,0.0,0.0,-17.803,0.0,0.0,37.719,0.0,0.0,0.0,0.0,0.0,-178.387,0.0,0.0
ASP  13,91.734,0.0,0.0,-7.116,0.0,0.0,-100.707,0.0,0.0,-52.354,0.0,0.0,0.0,0.0,0.0,-68.443,0.0,0.0
TYR  14,95.893,0.0,0.0,-18.094,0.0,0.0,-97.548,0.0,0.0,0.884,0.0,0.0,0.0,0.0,0.0,-18.864999999999995,0.0,0.0
VAL  15,49.332,0.0,0.0,-8.859,0.0,0.0,-56.056,0.0,0.0,1.729,0.0,0.0,0.0,0.0,0.0,-13.854,0.0,0.0
ASP  16,116.28,0.0,0.0,-7.586,0.0,0.0,-123.796,0.0,0.0,-41.348,0.0,0.0,0.0,0.0,0.0,-56.45,0.0,0.0
ARG  17,-195.145,0.0,0.0,-7.729,0.0,0.0,19.45,0.0,0.0,0.38,0.0,0.0,0.0,0.0,0.0,-183.04400000000004,0.0,0.0
PHE  18,98.437,0.0,0.0,-14.509,0.0,0.0,-82.086,0.0,0.0,0.052,0.0,0.0,0.0,0.0,0.0,1.8939999999999988,0.0,0.0
TYR  19,98.78,0.0,0.0,-10.396,0.0,0.0,-89.789,0.0,0.0,-1.944,0.0,0.0,0.0,0.0,0.0,-3.349000000000001,0.0,0.0
LYS  20,131.13,0.0,0.0,-6.035,0.0,0.0,-140.638,0.0,0.0,-0.827,0.0,0.0,0.0,0.0,0.0,-16.370000000000005,0.0,0.0
THR  21,41.571,0.0,0.0,-2.52,0.0,0.0,-54.431,0.0,0.0,-5.367,0.0,0.0,0.0,0.0,0.0,-20.747000000000003,0.0,0.0
LEU  22,75.367,0.0,0.0,-11.57,0.0,0.0,-71.508,0.0,0.0,-1.967,0.0,0.0,0.0,0.0,0.0,-9.677999999999992,0.0,0.0
ARG  23,-198.767,0.0,0.0,-6.304,0.0,0.0,73.668,0.0,0.0,-28.173,0.0,0.0,0.0,0.0,0.0,-159.576,0.0,0.0
ALA  24,89.144,0.0,0.0,-3.07,0.0,0.0,-84.204,0.0,0.0,-1.64,0.0,0.0,0.0,0.0,0.0,0.23000000000001886,0.0,0.0
GLU  25,109.21,0.0,0.0,-6.955,0.0,0.0,-84.704,0.0,0.0,-81.664,0.0,0.0,0.0,0.0,0.0,-64.113,0.0,0.0
GLN  26,25.455,0.0,0.0,-3.178,0.0,0.0,-61.467,0.0,0.0,-12.728,0.0,0.0,0.0,0.0,0.0,-51.918,0.0,0.0
ALA  27,101.809,0.0,0.0,-4.399,0.0,0.0,-85.796,0.0,0.0,-1.084,0.0,0.0,0.0,0.0,0.0,10.52999999999999,0.0,0.0
SER  28,68.651,0.0,0.0,-3.593,0.0,0.0,-61.381,0.0,0.0,-6.512,0.0,0.0,0.0,0.0,0.0,-2.835000000000007,0.0,0.0
GLN  29,29.028,0.0,0.0,-4.924,0.0,0.0,-64.171,0.0,0.0,-12.458,0.0,0.0,0.0,0.0,0.0,-52.525000000000006,0.0,0.0
GLU  30,113.216,0.0,0.0,-5.163,0.0,0.0,-75.313,0.0,0.0,-89.166,0.0,0.0,0.0,0.0,0.0,-56.426,0.0,0.0
VAL  31,65.567,0.0,0.0,-6.436,0.0,0.0,-56.946,0.0,0.0,-2.845,0.0,0.0,0.0,0.0,0.0,-0.660000000000005,0.0,0.0
LYS  32,123.214,0.0,0.0,-10.429,0.0,0.0,-112.475,0.0,0.0,-7.479,0.0,0.0,0.0,0.0,0.0,-7.168999999999998,0.0,0.0
ASN  33,24.249,0.0,0.0,-5.967,0.0,0.0,-83.418,0.0,0.0,-6.554,0.0,0.0,0.0,0.0,0.0,-71.69000000000001,0.0,0.0
TRP  34,117.152,0.0,0.0,-9.336,0.0,0.0,-89.419,0.0,0.0,-5.857,0.0,0.0,0.0,0.0,0.0,12.540000000000006,0.0,0.0
MET  35,108.818,0.0,0.0,-10.642,0.0,0.0,-85.24,0.0,0.0,-2.077,0.0,0.0,0.0,0.0,0.0,10.859000000000007,0.0,0.0
THR  36,43.542,0.0,0.0,-8.609,0.0,0.0,-56.211,0.0,0.0,-0.962,0.0,0.0,0.0,0.0,0.0,-22.24,0.0,0.0
GLU  37,101.75,0.0,0.0,-5.554,0.0,0.0,-55.923,0.0,0.0,-102.803,0.0,0.0,0.0,0.0,0.0,-62.53,0.0,0.0
THR  38,41.374,0.0,0.0,-5.235,0.0,0.0,-48.936,0.0,0.0,-3.367,0.0,0.0,0.0,0.0,0.0,-16.163999999999998,0.0,0.0
LEU  39,55.031,0.0,0.0,-8.533,0.0,0.0,-60.701,0.0,0.0,0.974,0.0,0.0,0.0,0.0,0.0,-13.229000000000003,0.0,0.0
LEU  40,86.353,0.0,0.0,-11.896,0.0,0.0,-88.894,0.0,0.0,1.583,0.0,0.0,0.0,0.0,0.0,-12.854000000000012,0.0,0.0
VAL  41,56.034,0.0,0.0,-7.286,0.0,0.0,-61.068,0.0,0.0,2.546,0.0,0.0,0.0,0.0,0.0,-9.774000000000001,0.0,0.0
GLN  42,21.705,0.0,0.0,-7.36,0.0,0.0,-64.194,0.0,0.0,-7.69,0.0,0.0,0.0,0.0,0.0,-57.539,0.0,0.0
ASN  43,15.89,0.0,0.0,-7.489,0.0,0.0,-78.988,0.0,0.0,-2.318,0.0,0.0,0.0,0.0,0.0,-72.905,0.0,0.0
ALA  44,87.393,0.0,0.0,-7.284,0.0,0.0,-80.5,0.0,0.0,2.664,0.0,0.0,0.0,0.0,0.0,2.272999999999995,0.0,0.0
ASN  45,46.54,0.0,0.0,-7.108,0.0,0.0,-86.323,0.0,0.0,-10.938,0.0,0.0,0.0,0.0,0.0,-57.82899999999999,0.0,0.0
PRO  46,79.385,0.0,0.0,-4.511,0.0,0.0,-61.754,0.0,0.0,-2.828,0.0,0.0,0.0,0.0,0.0,10.292000000000012,0.0,0.0
ASP  47,103.314,0.0,0.0,-5.413,0.0,0.0,-85.826,0.0,0.0,-76.366,0.0,0.0,0.0,0.0,0.0,-64.291,0.0,0.0
CYX  48,104.818,0.0,0.0,-9.275,0.0,0.0,-80.459,0.0,0.0,-2.436,0.0,0.0,0.0,0.0,0.0,12.647999999999989,0.0,0.0
LYS  49,141.618,0.0,0.0,-9.822,0.0,0.0,-119.738,0.0,0.0,-17.296,0.0,0.0,0.0,0.0,0.0,-5.238000000000007,0.0,0.0
THR  50,56.514,0.0,0.0,-5.37,0.0,0.0,-70.716,0.0,0.0,-0.766,0.0,0.0,0.0,0.0,0.0,-20.337999999999987,0.0,0.0
ILE  51,77.46,0.0,0.0,-5.113,0.0,0.0,-56.762,0.0,0.0,-0.58,0.0,0.0,0.0,0.0,0.0,15.004999999999994,0.0,0.0
LEU  52,83.482,0.0,0.0,-7.008,0.0,0.0,-77.114,0.0,0.0,-4.995,0.0,0.0,0.0,0.0,0.0,-5.635000000000001,0.0,0.0
LYS  53,116.725,0.0,0.0,-4.972,0.0,0.0,-91.22,0.0,0.0,-27.854,0.0,0.0,0.0,0.0,0.0,-7.320999999999998,0.0,0.0
ALA  54,84.616,0.0,0.0,-2.967,0.0,0.0,-72.967,0.0,0.0,-3.339,0.0,0.0,0.0,0.0,0.0,5.343000000000002,0.0,0.0
LEU  55,74.084,0.0,0.0,-7.11,0.0,0.0,-74.52,0.0,0.0,-2.828,0.0,0.0,0.0,0.0,0.0,-10.373999999999992,0.0,0.0
GLY  56,88.556,0.0,0.0,-1.548,0.0,0.0,-74.724,0.0,0.0,-4.09,0.0,0.0,0.0,0.0,0.0,8.193999999999992,0.0,0.0
PRO  57,82.337,0.0,0.0,-1.583,0.0,0.0,-53.918,0.0,0.0,-7.888,0.0,0.0,0.0,0.0,0.0,18.948000000000008,0.0,0.0
GLY  58,65.162,0.0,0.0,-1.591,0.0,0.0,-62.606,0.0,0.0,-5.207,0.0,0.0,0.0,0.0,0.0,-4.241999999999996,0.0,0.0
ALA  59,96.436,0.0,0.0,-3.397,0.0,0.0,-85.968,0.0,0.0,-3.307,0.0,0.0,0.0,0.0,0.0,3.763999999999998,0.0,0.0
THR  60,39.817,0.0,0.0,-5.488,0.0,0.0,-37.998,0.0,0.0,-9.318,0.0,0.0,0.0,0.0,0.0,-12.986999999999997,0.0,0.0
LEU  61,62.8,0.0,0.0,-6.21,0.0,0.0,-66.757,0.0,0.0,-2.738,0.0,0.0,0.0,0.0,0.0,-12.905000000000008,0.0,0.0
GLU  62,103.826,0.0,0.0,-5.978,0.0,0.0,-57.297,0.0,0.0,-103.709,0.0,0.0,0.0,0.0,0.0,-63.158,0.0,0.0
GLU  63,105.447,0.0,0.0,-6.652,0.0,0.0,-59.421,0.0,0.0,-98.127,0.0,0.0,0.0,0.0,0.0,-58.75299999999999,0.0,0.0
MET  64,96.394,0.0,0.0,-12.602,0.0,0.0,-74.126,0.0,0.0,-0.337,0.0,0.0,0.0,0.0,0.0,9.328999999999997,0.0,0.0
MET  65,99.09,0.0,0.0,-10.564,0.0,0.0,-80.734,0.0,0.0,-0.959,0.0,0.0,0.0,0.0,0.0,6.833000000000016,0.0,0.0
THR  66,43.054,0.0,0.0,-6.405,0.0,0.0,-47.86,0.0,0.0,-2.929,0.0,0.0,0.0,0.0,0.0,-14.139999999999999,0.0,0.0
ALA  67,78.602,0.0,0.0,-4.782,0.0,0.0,-65.408,0.0,0.0,-2.311,0.0,0.0,0.0,0.0,0.0,6.101000000000006,0.0,0.0
CYX  68,97.453,0.0,0.0,-7.333,0.0,0.0,-78.045,0.0,0.0,-0.771,0.0,0.0,0.0,0.0,0.0,11.304000000000002,0.0,0.0
GLN  69,40.93,0.0,0.0,-6.763,0.0,0.0,-72.531,0.0,0.0,-7.73,0.0,0.0,0.0,0.0,0.0,-46.09400000000001,0.0,0.0
GLY  70,102.489,0.0,0.0,-3.415,0.0,0.0,-89.693,0.0,0.0,-1.182,0.0,0.0,0.0,0.0,0.0,8.199,0.0,0.0
VAL  71,36.153,0.0,0.0,-3.034,0.0,0.0,-38.632,0.0,0.0,-89.142,0.0,0.0,0.0,0.0,0.0,-94.655,0.0,0.0

DELTAS:
Total Energy Decomposition:
Residue,Location,Internal,,,van der Waals,,,Electrostatic,,,Polar Solvation,,,Non-Polar Solv.,,,TOTAL,,
,,Avg.,Std. Dev.,Std. Err. of Mean,Avg.,Std. Dev.,Std. Err. of Mean,Avg.,Std. Dev.,Std. Err. of Mean,Avg.,Std. Dev.,Std. Err. of Mean,Avg.,Std. Dev.,Std. Err. of Mean
PRO   1,R PRO   1,0.0,0.0,0.0,-0.001000000000000334,0.0,0.0,-5.917000000000002,0.0,0.0,5.887,0.0,0.0,0.0,0.0,0.0,-0.031000000000007688,0.0,0.0
ILE   2,R ILE   2,0.0,0.0,0.0,-0.0010000000000012221,0.0,0.0,0.04399999999999693,0.0,0.0,-0.04500000000000015,0.0,0.0,0.0,0.0,0.0,-0.0020000000000095497,0.0,0.0
VAL   3,R VAL   3,0.0,0.0,0.0,0.0,0.0,0.0,-0.03999999999999915,0.0,0.0,0.039999999999999925,0.0,0.0,0.0,0.0,0.0,1.7763568394002505e-15,0.0,0.0
GLN   4,R GLN   4,0.0,0.0,0.0,0.0,0.0,0.0,0.08500000000000085,0.0,0.0,-0.08700000000000063,0.0,0.0,0.0,0.0,0.0,-0.0020000000000024443,0.0,0.0
ASN   5,R ASN   5,0.0,0.0,0.0,0.0,0.0,0.0,-0.03499999999999659,0.0,0.0,0.03500000000000014,0.0,0.0,0.0,0.0,0.0,0.0,0.0,0.0
LEU   6,R LEU   6,0.0,0.0,0.0,-0.001000000000000112,0.0,0.0,-0.030999999999998806,0.0,0.0,0.030999999999999694,0.0,0.0,0.0,0.0,0.0,-0.0009999999999896758,0.0,0.0
GLN   7,R GLN   7,0.0,0.0,0.0,0.0,0.0,0.0,-0.030000000000001137,0.0,0.0,0.030999999999998806,0.0,0.0,0.0,0.0,0.0,0.0009999999999976694,0.0,0.0
GLY   8,R GLY   8,0.0,0.0,0.0,0.0,0.0,0.0,-0.04899999999999238,0.0,0.0,0.04800000000000004,0.0,0.0,0.0,0.0,0.0,-0.0009999999999923403,0.0,0.0
GLN   9,R GLN   9,0.0,0.0,0.0,0.0,0.0,0.0,0.054000000000002046,0.0,0.0,-0.053000000000000824,0.0,0.0,0.0,0.0,0.0,0.0010000000000047748,0.0,0.0
MET  10,R MET  10,0.0,0.0,0.0,0.0,0.0,0.0,-0.0350000000000108,0.0,0.0,0.03699999999999992,0.0,0.0,0.0,0.0,0.0,0.0019999999999891216,0.0,0.0
VAL  11,R VAL  11,0.0,0.0,0.0,-0.0009999999999994458,0.0,0.0,0.006000000000000227,0.0,0.0,-0.007000000000000117,0.0,0.0,0.0,0.0,0.0,-0.001999999999997115,0.0,0.0
HID  12,R HID  12,0.0,0.0,0.0,-0.0010000000000012221,0.0,0.0,0.05100000000000193,0.0,0.0,-0.04700000000000015,0.0,0.0,0.0,0.0,0.0,0.0029999999999983373,0.0,0.0
GLN  13,R GLN  13,0.0,0.0,0.0,0.0,0.0,0.0,0.027999999999991587,0.0,0.0,-0.03200000000000003,0.0,0.0,0.0,0.0,0.0,-0.0040000000000048885,0.0,0.0
ALA  14,R ALA  14,0.0,0.0,0.0,-0.0009999999999998899,0.0,0.0,0.029000000000010573,0.0,0.0,-0.026999999999999913,0.0,0.0,0.0,0.0,0.0,0.0010000000000198739,0.0,0.0
ILE  15,R ILE  15,0.0,0.0,0.0,-0.002000000000000668,0.0,0.0,0.07800000000000296,0.0,0.0,-0.07699999999999996,0.0,0.0,0.0,0.0,0.0,-0.0010000000000065512,0.0,0.0
SER  16,R SER  16,0.0,0.0,0.0,-0.0019999999999997797,0.0,0.0,-0.1460000000000008,0.0,0.0,0.13900000000000023,0.0,0.0,0.0,0.0,0.0,-0.009000000000010111,0.0,0.0
PRO  17,R PRO  17,0.0,0.0,0.0,-0.0030000000000001137,0.0,0.0,-0.23899999999999721,0.0,0.0,0.2320000000000002,0.0,0.0,0.0,0.0,0.0,-0.00999999999999801,0.0,0.0
ARG  18,R ARG  18,0.0,0.0,0.0,-0.004999999999999893,0.0,0.0,-7.963000000000008,0.0,0.0,7.895000000000003,0.0,0.0,0.0,0.0,0.0,-0.0730000000000075,0.0,0.0
THR  19,R THR  19,0.0,0.0,0.0,-0.004999999999999893,0.0,0.0,-0.2289999999999992,0.0,0.0,0.21599999999999975,0.0,0.0,0.0,0.0,0.0,-0.018000000000000682,0.0,0.0
LEU  20,R LEU  20,0.0,0.0,0.0,-0.006999999999999673,0.0,0.0,-0.5300000000000011,0.0,0.0,0.504,0.0,0.0,0.0,0.0,0.0,-0.032999999999999474,0.0,0.0
ASN  21,R ASN  21,0.0,0.0,0.0,-0.020999999999999908,0.0,0.0,-0.7479999999999905,0.0,0.0,0.6760000000000002,0.0,0.0,0.0,0.0,0.0,-0.09299999999998931,0.0,0.0
ALA  22,R ALA  22,0.0,0.0,0.0,-0.017000000000000348,0.0,0.0,-0.9650000000000034,0.0,0.0,0.8800000000000001,0.0,0.0,0.0,0.0,0.0,-0.10200000000001364,0.0,0.0
TRP  23,R TRP  23,0.0,0.0,0.0,-0.03399999999999892,0.0,0.0,-0.835000000000008,0.0,0.0,0.7830000000000001,0.0,0.0,0.0,0.0,0.0,-0.08600000000001451,0.0,0.0
VAL  24,R VAL  24,0.0,0.0,0.0,-0.1200000000000001,0.0,0.0,-1.8220000000000027,0.0,0.0,1.8529999999999998,0.0,0.0,0.0,0.0,0.0,-0.08900000000000041,0.0,0.0
LYS  25,R LYS  25,0.0,0.0,0.0,-0.5060000000000002,0.0,0.0,-3.2010000000000076,0.0,0.0,3.344000000000001,0.0,0.0,0.0,0.0,0.0,-0.36300000000000665,0.0,0.0
VAL  26,R VAL  26,0.0,0.0,0.0,-0.1070000000000011,0.0,0.0,-0.4239999999999924,0.0,0.0,0.33699999999999997,0.0,0.0,0.0,0.0,0.0,-0.19399999999999018,0.0,0.0
VAL  27,R VAL  27,0.0,0.0,0.0,-0.15399999999999991,0.0,0.0,0.6850000000000023,0.0,0.0,-0.5290000000000004,0.0,0.0,0.0,0.0,0.0,0.0019999999999988916,0.0,0.0
GLU  28,R GLU  28,0.0,0.0,0.0,-2.809,0.0,0.0,-7.48899999999999,0.0,0.0,16.59700000000001,0.0,0.0,0.0,0.0,0.0,6.299000000000021,0.0,0.0
GLU  29,R GLU  29,0.0,0.0,0.0,-3.0170000000000003,0.0,0.0,-32.908,0.0,0.0,37.796,0.0,0.0,0.0,0.0,0.0,1.8710000000000022,0.0,0.0
LYS  30,R LYS  30,0.0,0.0,0.0,-1.0210000000000008,0.0,0.0,-16.748000000000005,0.0,0.0,14.283,0.0,0.0,0.0,0.0,0.0,-3.486000000000006,0.0,0.0
ALA  31,R ALA  31,0.0,0.0,0.0,-0.7799999999999994,0.0,0.0,1.6299999999999955,0.0,0.0,-0.44099999999999984,0.0,0.0,0.0,0.0,0.0,0.40899999999999403,0.0,0.0
PHE  32,R PHE  32,0.0,0.0,0.0,-0.49099999999999966,0.0,0.0,0.6440000000000055,0.0,0.0,-0.5220000000000002,0.0,0.0,0.0,0.0,0.0,-0.3689999999999962,0.0,0.0
SER  33,R SER  33,0.0,0.0,0.0,-0.2680000000000007,0.0,0.0,-0.9060000000000059,0.0,0.0,0.9790000000000001,0.0,0.0,0.0,0.0,0.0,-0.1950000000000074,0.0,0.0
PRO  34,R PRO  34,0.0,0.0,0.0,-0.04300000000000015,0.0,0.0,-0.45700000000000074,0.0,0.0,0.448,0.0,0.0,0.0,0.0,0.0,-0.0519999999999925,0.0,0.0
GLU  35,R GLU  35,0.0,0.0,0.0,-0.11800000000000033,0.0,0.0,10.233000000000004,0.0,0.0,-10.090000000000003,0.0,0.0,0.0,0.0,0.0,0.024999999999991473,0.0,0.0
VAL  36,R VAL  36,0.0,0.0,0.0,-0.04899999999999949,0.0,0.0,-0.10099999999999909,0.0,0.0,0.09199999999999997,0.0,0.0,0.0,0.0,0.0,-0.05799999999999983,0.0,0.0
ILE  37,R ILE  37,0.0,0.0,0.0,-0.0129999999999999,0.0,0.0,-0.267000000000003,0.0,0.0,0.25899999999999995,0.0,0.0,0.0,0.0,0.0,-0.02099999999999369,0.0,0.0
PRO  38,R PRO  38,0.0,0.0,0.0,-0.012000000000000455,0.0,0.0,-0.2259999999999991,0.0,0.0,0.22199999999999998,0.0,0.0,0.0,0.0,0.0,-0.015999999999998238,0.0,0.0
MET  39,R MET  39,0.0,0.0,0.0,-0.05299999999999905,0.0,0.0,-0.08200000000000784,0.0,0.0,0.07299999999999995,0.0,0.0,0.0,0.0,0.0,-0.06200000000001893,0.0,0.0
PHE  40,R PHE  40,0.0,0.0,0.0,-0.009000000000000341,0.0,0.0,-0.045000000000001705,0.0,0.0,0.04500000000000004,0.0,0.0,0.0,0.0,0.0,-0.009000000000002006,0.0,0.0
SER  41,R SER  41,0.0,0.0,0.0,-0.0030000000000001137,0.0,0.0,-0.04800000000000182,0.0,0.0,0.04899999999999949,0.0,0.0,0.0,0.0,0.0,-0.0020000000000024443,0.0,0.0
ALA  42,R ALA  42,0.0,0.0,0.0,-0.0030000000000001137,0.0,0.0,0.003999999999990678,0.0,0.0,-0.0030000000000001137,0.0,0.0,0.0,0.0,0.0,-0.0020000000000095497,0.0,0.0
LEU  43,R LEU  43,0.0,0.0,0.0,-0.008000000000000895,0.0,0.0,0.07200000000000273,0.0,0.0,-0.07000000000000006,0.0,0.0,0.0,0.0,0.0,-0.006000000000007333,0.0,0.0
SER  44,R SER  44,0.0,0.0,0.0,-0.001000000000000334,0.0,0.0,0.005000000000009663,0.0,0.0,-0.006000000000000005,0.0,0.0,0.0,0.0,0.0,-0.001999999999995339,0.0,0.0
GLU  45,R GLU  45,0.0,0.0,0.0,-0.001000000000000334,0.0,0.0,6.369,0.0,0.0,-6.334000000000003,0.0,0.0,0.0,0.0,0.0,0.033999999999991815,0.0,0.0
GLY  46,R GLY  46,0.0,0.0,0.0,0.0,0.0,0.0,-0.005000000000009663,0.0,0.0,0.006999999999999895,0.0,0.0,0.0,0.0,0.0,0.001999999999990454,0.0,0.0
ALA  47,R ALA  47,0.0,0.0,0.0,0.0,0.0,0.0,-0.014000000000010004,0.0,0.0,0.01200000000000001,0.0,0.0,0.0,0.0,0.0,-0.002000000000010438,0.0,0.0
THR  48,R THR  48,0.0,0.0,0.0,-0.0010000000000012221,0.0,0.0,0.010000000000005116,0.0,0.0,-0.012999999999999956,0.0,0.0,0.0,0.0,0.0,-0.003999999999992454,0.0,0.0
PRO  49,R PRO  49,0.0,0.0,0.0,0.0,0.0,0.0,0.015000000000000568,0.0,0.0,-0.017000000000000015,0.0,0.0,0.0,0.0,0.0,-0.002000000000000668,0.0,0.0
GLN  50,R GLN  50,0.0,0.0,0.0,-0.0010000000000012221,0.0,0.0,-0.03300000000000125,0.0,0.0,0.03000000000000025,0.0,0.0,0.0,0.0,0.0,-0.003999999999997783,0.0,0.0
ASP  51,R ASP  51,0.0,0.0,0.0,-0.0009999999999994458,0.0,0.0,5.824000000000012,0.0,0.0,-5.801,0.0,0.0,0.0,0.0,0.0,0.02200000000001978,0.0,0.0
LEU  52,R LEU  52,0.0,0.0,0.0,-0.002000000000000668,0.0,0.0,-0.04099999999999682,0.0,0.0,0.038999999999999924,0.0,0.0,0.0,0.0,0.0,-0.0039999999999995595,0.0,0.0
ASN  53,R ASN  53,0.0,0.0,0.0,-0.002000000000000668,0.0,0.0,-0.05900000000001171,0.0,0.0,0.053999999999999826,0.0,0.0,0.0,0.0,0.0,-0.007000000000033424,0.0,0.0
THR  54,R THR  54,0.0,0.0,0.0,-0.0019999999999997797,0.0,0.0,0.0,0.0,0.0,0.0,0.0,0.0,0.0,0.0,0.0,-0.0020000000000024443,0.0,0.0
MET  55,R MET  55,0.0,0.0,0.0,-0.005000000000000782,0.0,0.0,-0.06399999999999295,0.0,0.0,0.065,0.0,0.0,0.0,0.0,0.0,-0.003999999999988457,0.0,0.0
LEU  56,R LEU  56,0.0,0.0,0.0,-0.0039999999999995595,0.0,0.0,-0.10800000000000409,0.0,0.0,0.10099999999999998,0.0,0.0,0.0,0.0,0.0,-0.011000000000002785,0.0,0.0
ASN  57,R ASN  57,0.0,0.0,0.0,-0.0039999999999995595,0.0,0.0,0.08799999999999386,0.0,0.0,-0.08099999999999952,0.0,0.0,0.0,0.0,0.0,0.002999999999985903,0.0,0.0
THR  58,R THR  58,0.0,0.0,0.0,-0.010999999999999233,0.0,0.0,-0.13600000000000279,0.0,0.0,0.13500000000000023,0.0,0.0,0.0,0.0,0.0,-0.011999999999996902,0.0,0.0
VAL  59,R VAL  59,0.0,0.0,0.0,-0.019000000000000128,0.0,0.0,-0.20000000000000284,0.0,0.0,0.21300000000000002,0.0,0.0,0.0,0.0,0.0,-0.006000000000000227,0.0,0.0
ALA  60,R ALA  60,0.0,0.0,0.0,-0.009000000000000341,0.0,0.0,-0.13800000000000523,0.0,0.0,0.14500000000000002,0.0,0.0,0.0,0.0,0.0,-0.002000000000005997,0.0,0.0
PRO  61,R PRO  61,0.0,0.0,0.0,-0.03799999999999937,0.0,0.0,-0.22399999999999665,0.0,0.0,0.21599999999999997,0.0,0.0,0.0,0.0,0.0,-0.045999999999994046,0.0,0.0
HID  62,R HID  62,0.0,0.0,0.0,-0.16699999999999982,0.0,0.0,1.5849999999999937,0.0,0.0,-1.692,0.0,0.0,0.0,0.0,0.0,-0.27400000000000624,0.0,0.0
GLN  63,R GLN  63,0.0,0.0,0.0,-0.05600000000000005,0.0,0.0,0.04999999999999716,0.0,0.0,-0.038000000000000256,0.0,0.0,0.0,0.0,0.0,-0.044000000000004036,0.0,0.0
ALA  64,R ALA  64,0.0,0.0,0.0,-0.08299999999999974,0.0,0.0,0.5630000000000024,0.0,0.0,-0.5740000000000003,0.0,0.0,0.0,0.0,0.0,-0.09399999999999586,0.0,0.0
ALA  65,R ALA  65,0.0,0.0,0.0,-0.027000000000000135,0.0,0.0,0.2849999999999966,0.0,0.0,-0.30000000000000004,0.0,0.0,0.0,0.0,0.0,-0.042000000000004256,0.0,0.0
ALA  66,R ALA  66,0.0,0.0,0.0,-0.009999999999999787,0.0,0.0,0.16899999999999693,0.0,0.0,-0.17799999999999994,0.0,0.0,0.0,0.0,0.0,-0.01899999999999391,0.0,0.0
GLN  67,R GLN  67,0.0,0.0,0.0,-0.01100000000000012,0.0,0.0,0.12300000000000466,0.0,0.0,-0.1269999999999989,0.0,0.0,0.0,0.0,0.0,-0.015000000000000568,0.0,0.0
MET  68,R MET  68,0.0,0.0,0.0,-0.006999999999999673,0.0,0.0,0.025000000000005684,0.0,0.0,-0.03399999999999981,0.0,0.0,0.0,0.0,0.0,-0.015999999999984915,0.0,0.0
LEU  69,R LEU  69,0.0,0.0,0.0,-0.006000000000000227,0.0,0.0,0.06699999999999307,0.0,0.0,-0.06099999999999994,0.0,0.0,0.0,0.0,0.0,-7.105427357601002e-15,0.0,0.0
LYS  70,R LYS  70,0.0,0.0,0.0,-0.004999999999999893,0.0,0.0,-5.443000000000012,0.0,0.0,5.417999999999999,0.0,0.0,0.0,0.0,0.0,-0.030000000000022453,0.0,0.0
GLU  71,R GLU  71,0.0,0.0,0.0,-0.0019999999999988916,0.0,0.0,5.01400000000001,0.0,0.0,-4.962000000000003,0.0,0.0,0.0,0.0,0.0,0.05000000000001137,0.0,0.0
THR  72,R THR  72,0.0,0.0,0.0,-0.0019999999999988916,0.0,0.0,0.027999999999998693,0.0,0.0,-0.03000000000000025,0.0,0.0,0.0,0.0,0.0,-0.004000000000001336,0.0,0.0
ILE  73,R ILE  73,0.0,0.0,0.0,-0.0019999999999988916,0.0,0.0,0.0030000000000001137,0.0,0.0,-0.0030000000000001137,0.0,0.0,0.0,0.0,0.0,-0.001999999999995339,0.0,0.0
ASN  74,R ASN  74,0.0,0.0,0.0,0.0,0.0,0.0,-0.015000000000000568,0.0,0.0,0.010999999999999233,0.0,0.0,0.0,0.0,0.0,-0.0040000000000048885,0.0,0.0
GLU  75,R GLU  75,0.0,0.0,0.0,-0.001000000000000334,0.0,0.0,4.983999999999995,0.0,0.0,-4.951999999999998,0.0,0.0,0.0,0.0,0.0,0.0309999999999917,0.0,0.0
GLU  76,R GLU  76,0.0,0.0,0.0,0.0,0.0,0.0,5.402000000000001,0.0,0.0,-5.3700000000000045,0.0,0.0,0.0,0.0,0.0,0.031999999999996476,0.0,0.0
ALA  77,R ALA  77,0.0,0.0,0.0,-0.0009999999999994458,0.0,0.0,-0.024999999999991473,0.0,0.0,0.026000000000000023,0.0,0.0,0.0,0.0,0.0,1.865174681370263e-14,0.0,0.0
ALA  78,R ALA  78,0.0,0.0,0.0,0.0,0.0,0.0,-0.027000000000001023,0.0,0.0,0.02700000000000001,0.0,0.0,0.0,0.0,0.0,-8.881784197001252e-16,0.0,0.0
GLU  79,R GLU  79,0.0,0.0,0.0,-0.0009999999999994458,0.0,0.0,4.9210000000000065,0.0,0.0,-4.875999999999991,0.0,0.0,0.0,0.0,0.0,0.04400000000001114,0.0,0.0
TRP  80,R TRP  80,0.0,0.0,0.0,0.0,0.0,0.0,-0.014000000000010004,0.0,0.0,0.014999999999999986,0.0,0.0,0.0,0.0,0.0,0.000999999999990564,0.0,0.0
ASP  81,R ASP  81,0.0,0.0,0.0,0.0,0.0,0.0,4.858000000000004,0.0,0.0,-4.825999999999993,0.0,0.0,0.0,0.0,0.0,0.03200000000001069,0.0,0.0
ARG  82,R ARG  82,0.0,0.0,0.0,0.0,0.0,0.0,-4.873999999999999,0.0,0.0,4.837000000000003,0.0,0.0,0.0,0.0,0.0,-0.03699999999997772,0.0,0.0
LEU  83,R LEU  83,0.0,0.0,0.0,0.0,0.0,0.0,-0.036000000000001364,0.0,0.0,0.037000000000000366,0.0,0.0,0.0,0.0,0.0,0.0009999999999994458,0.0,0.0
HID  84,R HID  84,0.0,0.0,0.0,0.0,0.0,0.0,0.009000000000000341,0.0,0.0,-0.009000000000000341,0.0,0.0,0.0,0.0,0.0,0.0,0.0,0.0
PRO  85,R PRO  85,0.0,0.0,0.0,0.0,0.0,0.0,0.04099999999999682,0.0,0.0,-0.040999999999999925,0.0,0.0,0.0,0.0,0.0,-3.552713678800501e-15,0.0,0.0
VAL  86,R VAL  86,0.0,0.0,0.0,0.0,0.0,0.0,-0.021999999999998465,0.0,0.0,0.021999999999999353,0.0,0.0,0.0,0.0,0.0,8.881784197001252e-16,0.0,0.0
HID  87,R HID  87,0.0,0.0,0.0,0.0,0.0,0.0,-0.003999999999997783,0.0,0.0,0.004999999999999893,0.0,0.0,0.0,0.0,0.0,0.0010000000000012221,0.0,0.0
ALA  88,R ALA  88,0.0,0.0,0.0,0.0,0.0,0.0,0.0020000000000095497,0.0,0.0,-0.0019999999999997797,0.0,0.0,0.0,0.0,0.0,8.881784197001252e-15,0.0,0.0
GLY  89,R GLY  89,0.0,0.0,0.0,0.0,0.0,0.0,0.018999999999991246,0.0,0.0,-0.017000000000000348,0.0,0.0,0.0,0.0,0.0,0.001999999999990898,0.0,0.0
PRO  90,R PRO  90,0.0,0.0,0.0,0.0,0.0,0.0,-0.02499999999999858,0.0,0.0,0.02400000000000002,0.0,0.0,0.0,0.0,0.0,-0.0009999999999976694,0.0,0.0
ILE  91,R ILE  91,0.0,0.0,0.0,0.0,0.0,0.0,-0.020000000000003126,0.0,0.0,0.01699999999999946,0.0,0.0,0.0,0.0,0.0,-0.0030000000000036664,0.0,0.0
ALA  92,R ALA  92,0.0,0.0,0.0,-0.0009999999999998899,0.0,0.0,0.04399999999999693,0.0,0.0,-0.041999999999999815,0.0,0.0,0.0,0.0,0.0,0.0009999999999941167,0.0,0.0
PRO  93,R PRO  93,0.0,0.0,0.0,0.0,0.0,0.0,0.0,0.0,0.0,0.0,0.0,0.0,0.0,0.0,0.0,0.0,0.0,0.0
GLY  94,R GLY  94,0.0,0.0,0.0,0.0,0.0,0.0,0.023000000000010346,0.0,0.0,-0.022999999999999687,0.0,0.0,0.0,0.0,0.0,1.0658141036401503e-14,0.0,0.0
GLN  95,R GLN  95,0.0,0.0,0.0,0.0,0.0,0.0,-0.02400000000000091,0.0,0.0,0.021000000000000796,0.0,0.0,0.0,0.0,0.0,-0.0030000000000001137,0.0,0.0
MET  96,R MET  96,0.0,0.0,0.0,0.0,0.0,0.0,-0.028000000000005798,0.0,0.0,0.026999999999999247,0.0,0.0,0.0,0.0,0.0,-0.0010000000000047748,0.0,0.0
ARG  97,R ARG  97,0.0,0.0,0.0,-0.001000000000000334,0.0,0.0,-4.911999999999999,0.0,0.0,4.851000000000003,0.0,0.0,0.0,0.0,0.0,-0.06200000000001182,0.0,0.0
GLU  98,R GLU  98,0.0,0.0,0.0,0.0,0.0,0.0,4.677,0.0,0.0,-4.617000000000004,0.0,0.0,0.0,0.0,0.0,0.05999999999999517,0.0,0.0
PRO  99,R PRO  99,0.0,0.0,0.0,0.0,0.0,0.0,-0.027999999999998693,0.0,0.0,0.028000000000000025,0.0,0.0,0.0,0.0,0.0,1.7763568394002505e-15,0.0,0.0
ARG 100,R ARG 100,0.0,0.0,0.0,0.0,0.0,0.0,-4.6899999999999995,0.0,0.0,4.639000000000003,0.0,0.0,0.0,0.0,0.0,-0.05099999999998772,0.0,0.0
GLY 101,R GLY 101,0.0,0.0,0.0,-0.001000000000000334,0.0,0.0,0.03200000000001069,0.0,0.0,-0.03300000000000003,0.0,0.0,0.0,0.0,0.0,-0.0019999999999793516,0.0,0.0
SER 102,R SER 102,0.0,0.0,0.0,0.0,0.0,0.0,0.045000000000001705,0.0,0.0,-0.04499999999999993,0.0,0.0,0.0,0.0,0.0,1.7763568394002505e-15,0.0,0.0
ASP 103,R ASP 103,0.0,0.0,0.0,0.0,0.0,0.0,5.081999999999994,0.0,0.0,-5.045000000000002,0.0,0.0,0.0,0.0,0.0,0.03699999999999193,0.0,0.0
ILE 104,R ILE 104,0.0,0.0,0.0,-0.0009999999999994458,0.0,0.0,0.026999999999993918,0.0,0.0,-0.028000000000000025,0.0,0.0,0.0,0.0,0.0,-0.0020000000000095497,0.0,0.0
ALA 105,R ALA 105,0.0,0.0,0.0,-0.0009999999999994458,0.0,0.0,0.03200000000001069,0.0,0.0,-0.03299999999999992,0.0,0.0,0.0,0.0,0.0,-0.0019999999999797957,0.0,0.0
GLY 106,R GLY 106,0.0,0.0,0.0,0.0,0.0,0.0,0.038000000000010914,0.0,0.0,-0.038000000000000034,0.0,0.0,0.0,0.0,0.0,1.1102230246251565e-14,0.0,0.0
THR 107,R THR 107,0.0,0.0,0.0,0.0,0.0,0.0,0.0030000000000001137,0.0,0.0,-0.0019999999999997797,0.0,0.0,0.0,0.0,0.0,0.0010000000000012221,0.0,0.0
THR 108,R THR 108,0.0,0.0,0.0,-0.001000000000000334,0.0,0.0,-0.01999999999999602,0.0,0.0,0.020000000000000018,0.0,0.0,0.0,0.0,0.0,-0.0010000000000012221,0.0,0.0
SER 109,R SER 109,0.0,0.0,0.0,0.0,0.0,0.0,0.05700000000000216,0.0,0.0,-0.05900000000000005,0.0,0.0,0.0,0.0,0.0,-0.0019999999999980034,0.0,0.0
THR 110,R THR 110,0.0,0.0,0.0,-0.001000000000000334,0.0,0.0,-0.036999999999999034,0.0,0.0,0.0389999999999997,0.0,0.0,0.0,0.0,0.0,0.0010000000000012221,0.0,0.0
LEU 111,R LEU 111,0.0,0.0,0.0,0.0,0.0,0.0,-0.04200000000000159,0.0,0.0,0.041999999999999815,0.0,0.0,0.0,0.0,0.0,-1.7763568394002505e-15,0.0,0.0
GLN 112,R GLN 112,0.0,0.0,0.0,0.0,0.0,0.0,-0.08800000000000807,0.0,0.0,0.08899999999999864,0.0,0.0,0.0,0.0,0.0,0.000999999999990564,0.0,0.0
GLU 113,R GLU 113,0.0,0.0,0.0,0.0,0.0,0.0,5.028000000000006,0.0,0.0,-4.967999999999996,0.0,0.0,0.0,0.0,0.0,0.06000000000000938,0.0,0.0
GLN 114,R GLN 114,0.0,0.0,0.0,0.0,0.0,0.0,0.009000000000000341,0.0,0.0,-0.009000000000000008,0.0,0.0,0.0,0.0,0.0,0.0,0.0,0.0
ILE 115,R ILE 115,0.0,0.0,0.0,0.0,0.0,0.0,-0.01300000000000523,0.0,0.0,0.010999999999999899,0.0,0.0,0.0,0.0,0.0,-0.002000000000005109,0.0,0.0
GLY 116,R GLY 116,0.0,0.0,0.0,0.0,0.0,0.0,-0.012000000000000455,0.0,0.0,0.01200000000000001,0.0,0.0,0.0,0.0,0.0,-4.440892098500626e-16,0.0,0.0
TRP 117,R TRP 117,0.0,0.0,0.0,0.0,0.0,0.0,0.01099999999999568,0.0,0.0,-0.0129999999999999,0.0,0.0,0.0,0.0,0.0,-0.0020000000000042206,0.0,0.0
MET 118,R MET 118,0.0,0.0,0.0,0.0,0.0,0.0,0.006999999999990791,0.0,0.0,-0.010000000000000009,0.0,0.0,0.0,0.0,0.0,-0.0030000000000092175,0.0,0.0
THR 119,R THR 119,0.0,0.0,0.0,0.0,0.0,0.0,-0.044000000000004036,0.0,0.0,0.04499999999999993,0.0,0.0,0.0,0.0,0.0,0.0009999999999976694,0.0,0.0
HID 120,R HID 120,0.0,0.0,0.0,0.0,0.0,0.0,0.0030000000000001137,0.0,0.0,-0.0030000000000001137,0.0,0.0,0.0,0.0,0.0,0.0,0.0,0.0
ASN 121,R ASN 121,0.0,0.0,0.0,0.0,0.0,0.0,0.021000000000000796,0.0,0.0,-0.02099999999999902,0.0,0.0,0.0,0.0,0.0,0.0,0.0,0.0
PRO 122,R PRO 122,0.0,0.0,0.0,0.0,0.0,0.0,-0.03200000000000358,0.0,0.0,0.03299999999999992,0.0,0.0,0.0,0.0,0.0,0.0009999999999976694,0.0,0.0
PRO 123,R PRO 123,0.0,0.0,0.0,0.0,0.0,0.0,-0.027000000000001023,0.0,0.0,0.02800000000000047,0.0,0.0,0.0,0.0,0.0,0.0010000000000012221,0.0,0.0
ILE 124,R ILE 124,0.0,0.0,0.0,0.0,0.0,0.0,0.013999999999995794,0.0,0.0,-0.015,0.0,0.0,0.0,0.0,0.0,-0.0010000000000047748,0.0,0.0
PRO 125,R PRO 125,0.0,0.0,0.0,0.0,0.0,0.0,0.0020000000000095497,0.0,0.0,-0.0020000000000000018,0.0,0.0,0.0,0.0,0.0,1.0658141036401503e-14,0.0,0.0
VAL 126,R VAL 126,0.0,0.0,0.0,0.0,0.0,0.0,0.00999999999999801,0.0,0.0,-0.010999999999999996,0.0,0.0,0.0,0.0,0.0,-0.0010000000000012221,0.0,0.0
GLY 127,R GLY 127,0.0,0.0,0.0,0.0,0.0,0.0,0.0,0.0,0.0,0.0020000000000000018,0.0,0.0,0.0,0.0,0.0,0.0019999999999997797,0.0,0.0
GLU 128,R GLU 128,0.0,0.0,0.0,0.0,0.0,0.0,5.88000000000001,0.0,0.0,-5.868000000000002,0.0,0.0,0.0,0.0,0.0,0.01200000000000756,0.0,0.0
ILE 129,R ILE 129,0.0,0.0,0.0,-0.0009999999999994458,0.0,0.0,0.04399999999999693,0.0,0.0,-0.044999999999999984,0.0,0.0,0.0,0.0,0.0,-0.0019999999999935625,0.0,0.0
TYR 130,R TYR 130,0.0,0.0,0.0,-0.002000000000000668,0.0,0.0,-0.012000000000000455,0.0,0.0,0.013000000000000012,0.0,0.0,0.0,0.0,0.0,-0.000999999999995893,0.0,0.0
LYS 131,R LYS 131,0.0,0.0,0.0,-0.002000000000000668,0.0,0.0,-5.9080000000000155,0.0,0.0,5.903999999999998,0.0,0.0,0.0,0.0,0.0,-0.006000000000026873,0.0,0.0
ARG 132,R ARG 132,0.0,0.0,0.0,-0.0010000000000012221,0.0,0.0,-5.5489999999999995,0.0,0.0,5.524,0.0,0.0,0.0,0.0,0.0,-0.025999999999982037,0.0,0.0
TRP 133,R TRP 133,0.0,0.0,0.0,-0.0019999999999988916,0.0,0.0,0.02600000000001046,0.0,0.0,-0.021999999999999797,0.0,0.0,0.0,0.0,0.0,0.0020000000000148788,0.0,0.0
ILE 134,R ILE 134,0.0,0.0,0.0,-0.0029999999999983373,0.0,0.0,0.02599999999999625,0.0,0.0,-0.014000000000000012,0.0,0.0,0.0,0.0,0.0,0.0089999999999959,0.0,0.0
ILE 135,R ILE 135,0.0,0.0,0.0,-0.0030000000000001137,0.0,0.0,0.054000000000002046,0.0,0.0,-0.04099999999999998,0.0,0.0,0.0,0.0,0.0,0.010000000000001563,0.0,0.0
LEU 136,R LEU 136,0.0,0.0,0.0,-0.0030000000000001137,0.0,0.0,0.08699999999998909,0.0,0.0,-0.07899999999999996,0.0,0.0,0.0,0.0,0.0,0.0049999999999901235,0.0,0.0
GLY 137,R GLY 137,0.0,0.0,0.0,-0.0030000000000001137,0.0,0.0,0.07099999999999795,0.0,0.0,-0.061,0.0,0.0,0.0,0.0,0.0,0.006999999999997009,0.0,0.0
LEU 138,R LEU 138,0.0,0.0,0.0,-0.014000000000001123,0.0,0.0,0.17300000000000182,0.0,0.0,-0.15400000000000003,0.0,0.0,0.0,0.0,0.0,0.004999999999999005,0.0,0.0
ASN 139,R ASN 139,0.0,0.0,0.0,-0.0070000000000014495,0.0,0.0,0.4340000000000117,0.0,0.0,-0.4179999999999997,0.0,0.0,0.0,0.0,0.0,0.009000000000007446,0.0,0.0
LYS 140,R LYS 140,0.0,0.0,0.0,-0.006000000000000227,0.0,0.0,-5.540999999999997,0.0,0.0,5.471,0.0,0.0,0.0,0.0,0.0,-0.07599999999999696,0.0,0.0
ILE 141,R ILE 141,0.0,0.0,0.0,-0.023999999999999133,0.0,0.0,0.3199999999999932,0.0,0.0,-0.32600000000000007,0.0,0.0,0.0,0.0,0.0,-0.030000000000007354,0.0,0.0
VAL 142,R VAL 142,0.0,0.0,0.0,-0.025000000000000355,0.0,0.0,0.32200000000000273,0.0,0.0,-0.31700000000000017,0.0,0.0,0.0,0.0,0.0,-0.020000000000003126,0.0,0.0
ARG 143,R ARG 143,0.0,0.0,0.0,-0.010000000000000675,0.0,0.0,-7.523000000000003,0.0,0.0,7.4110000000000005,0.0,0.0,0.0,0.0,0.0,-0.1220000000000141,0.0,0.0
MET 144,R MET 144,0.0,0.0,0.0,-0.019999999999999574,0.0,0.0,-0.030000000000001137,0.0,0.0,0.0129999999999999,0.0,0.0,0.0,0.0,0.0,-0.03699999999999726,0.0,0.0
TYR 145,R TYR 145,0.0,0.0,0.0,-0.24399999999999977,0.0,0.0,-0.14799999999999613,0.0,0.0,0.26599999999999824,0.0,0.0,0.0,0.0,0.0,-0.12599999999999767,0.0,0.0
SER 146,R SER 146,0.0,0.0,0.0,-0.052000000000000046,0.0,0.0,0.38700000000000045,0.0,0.0,-0.36600000000000055,0.0,0.0,0.0,0.0,0.0,-0.030999999999993477,0.0,0.0
PRO 147,R PRO 147,0.0,0.0,0.0,-0.1679999999999997,0.0,0.0,0.3780000000000001,0.0,0.0,-0.4660000000000002,0.0,0.0,0.0,0.0,0.0,-0.2559999999999931,0.0,0.0
THR 148,R THR 148,0.0,0.0,0.0,-0.15300000000000002,0.0,0.0,-13.259,0.0,0.0,9.335,0.0,0.0,0.0,0.0,0.0,-4.077,0.0,0.0
SER 149,R SER 149,0.0,0.0,0.0,-1.863,0.0,0.0,-17.160000000000004,0.0,0.0,12.505,0.0,0.0,0.0,0.0,0.0,-6.51800000000001,0.0,0.0
ILE 150,R ILE 150,18.689,0.0,0.0,-10.504,0.0,0.0,-31.405,0.0,0.0,8.887,0.0,0.0,0.0,0.0,0.0,-14.333000000000006,0.0,0.0
LEU 151,L LEU   1,19.653,0.0,0.0,-2.123,0.0,0.0,-24.874000000000002,0.0,0.0,0.703,0.0,0.0,0.0,0.0,0.0,-6.641000000000007,0.0,0.0
ASP 152,L ASP   2,0.0,0.0,0.0,-0.8300000000000001,0.0,0.0,1.3810000000000002,0.0,0.0,0.6539999999999964,0.0,0.0,0.0,0.0,0.0,1.2049999999999983,0.0,0.0
ILE 153,L ILE   3,0.0,0.0,0.0,-1.702,0.0,0.0,-1.539999999999992,0.0,0.0,0.43900000000000006,0.0,0.0,0.0,0.0,0.0,-2.80299999999999,0.0,0.0
ARG 154,L ARG   4,0.0,0.0,0.0,-0.07699999999999996,0.0,0.0,-12.169999999999995,0.0,0.0,12.061,0.0,0.0,0.0,0.0,0.0,-0.18599999999997863,0.0,0.0
GLN 155,L GLN   5,0.0,0.0,0.0,-0.01699999999999946,0.0,0.0,-0.13400000000000034,0.0,0.0,0.15000000000000036,0.0,0.0,0.0,0.0,0.0,-0.0010000000000047748,0.0,0.0
GLY 156,L GLY   6,0.0,0.0,0.0,-0.004999999999999893,0.0,0.0,-0.19299999999999784,0.0,0.0,0.19599999999999973,0.0,0.0,0.0,0.0,0.0,-0.0020000000000077733,0.0,0.0
PRO 157,L PRO   7,0.0,0.0,0.0,-0.0040000000000000036,0.0,0.0,-0.2010000000000005,0.0,0.0,0.1980000000000004,0.0,0.0,0.0,0.0,0.0,-0.007000000000005002,0.0,0.0
LYS 158,L LYS   8,0.0,0.0,0.0,-0.006000000000000227,0.0,0.0,-12.262999999999991,0.0,0.0,12.099999999999998,0.0,0.0,0.0,0.0,0.0,-0.16899999999999338,0.0,0.0
GLU 159,L GLU   9,0.0,0.0,0.0,-0.017000000000000348,0.0,0.0,14.582000000000008,0.0,0.0,-14.331999999999997,0.0,0.0,0.0,0.0,0.0,0.2330000000000112,0.0,0.0
PRO 160,L PRO  10,0.0,0.0,0.0,-0.008000000000000007,0.0,0.0,0.46999999999999886,0.0,0.0,-0.451,0.0,0.0,0.0,0.0,0.0,0.011000000000002785,0.0,0.0
PHE 161,L PHE  11,0.0,0.0,0.0,-0.010999999999999233,0.0,0.0,0.48400000000000887,0.0,0.0,-0.46199999999999997,0.0,0.0,0.0,0.0,0.0,0.010999999999999233,0.0,0.0
ARG 162,L ARG  12,0.0,0.0,0.0,-0.016000000000000014,0.0,0.0,-9.843,0.0,0.0,9.786000000000001,0.0,0.0,0.0,0.0,0.0,-0.07299999999997908,0.0,0.0
ASP 163,L ASP  13,0.0,0.0,0.0,-0.02400000000000002,0.0,0.0,12.72699999999999,0.0,0.0,-12.620999999999995,0.0,0.0,0.0,0.0,0.0,0.08199999999999363,0.0,0.0
TYR 164,L TYR  14,0.0,0.0,0.0,-0.07399999999999807,0.0,0.0,1.0139999999999958,0.0,0.0,-0.934,0.0,0.0,0.0,0.0,0.0,0.005999999999982464,0.0,0.0
VAL 165,L VAL  15,0.0,0.0,0.0,-0.04100000000000037,0.0,0.0,0.8599999999999994,0.0,0.0,-0.8140000000000001,0.0,0.0,0.0,0.0,0.0,0.005000000000002558,0.0,0.0
ASP 166,L ASP  16,0.0,0.0,0.0,-0.09399999999999942,0.0,0.0,19.912000000000006,0.0,0.0,-19.679000000000002,0.0,0.0,0.0,0.0,0.0,0.1389999999999958,0.0,0.0
ARG 167,L ARG  17,0.0,0.0,0.0,-0.2469999999999999,0.0,0.0,-17.258,0.0,0.0,16.832,0.0,0.0,0.0,0.0,0.0,-0.6729999999999734,0.0,0.0
PHE 168,L PHE  18,0.0,0.0,0.0,-1.6559999999999988,0.0,0.0,0.8310000000000031,0.0,0.0,-0.472,0.0,0.0,0.0,0.0,0.0,-1.2970000000000028,0.0,0.0
TYR 169,L TYR  19,0.0,0.0,0.0,-0.30799999999999983,0.0,0.0,1.4159999999999968,0.0,0.0,-1.411,0.0,0.0,0.0,0.0,0.0,-0.30300000000001015,0.0,0.0
LYS 170,L LYS  20,0.0,0.0,0.0,-1.064,0.0,0.0,-21.919999999999987,0.0,0.0,22.560000000000002,0.0,0.0,0.0,0.0,0.0,-0.42399999999999594,0.0,0.0
THR 171,L THR  21,0.0,0.0,0.0,-2.238,0.0,0.0,0.14399999999999835,0.0,0.0,0.4119999999999999,0.0,0.0,0.0,0.0,0.0,-1.6819999999999986,0.0,0.0
LEU 172,L LEU  22,0.0,0.0,0.0,-1.5920000000000005,0.0,0.0,-0.9560000000000031,0.0,0.0,1.06,0.0,0.0,0.0,0.0,0.0,-1.4880000000000013,0.0,0.0
ARG 173,L ARG  23,0.0,0.0,0.0,-4.824999999999999,0.0,0.0,-46.77400000000001,0.0,0.0,44.351,0.0,0.0,0.0,0.0,0.0,-7.2479999999999905,0.0,0.0
ALA 174,L ALA  24,0.0,0.0,0.0,-2.0909999999999997,0.0,0.0,-1.6170000000000044,0.0,0.0,1.8339999999999999,0.0,0.0,0.0,0.0,0.0,-1.8740000000000128,0.0,0.0
GLU 175,L GLU  25,0.0,0.0,0.0,-0.49599999999999955,0.0,0.0,0.26500000000000057,0.0,0.0,4.046999999999997,0.0,0.0,0.0,0.0,0.0,3.8160000000000025,0.0,0.0
GLN 176,L GLN  26,0.0,0.0,0.0,-0.718,0.0,0.0,-15.034999999999997,0.0,0.0,11.132,0.0,0.0,0.0,0.0,0.0,-4.621000000000002,0.0,0.0
ALA 177,L ALA  27,0.0,0.0,0.0,-0.08800000000000008,0.0,0.0,0.8629999999999995,0.0,0.0,-0.855,0.0,0.0,0.0,0.0,0.0,-0.07999999999999474,0.0,0.0
SER 178,L SER  28,0.0,0.0,0.0,-0.03699999999999992,0.0,0.0,0.7070000000000007,0.0,0.0,-0.6750000000000007,0.0,0.0,0.0,0.0,0.0,-0.0049999999999919,0.0,0.0
GLN 179,L GLN  29,0.0,0.0,0.0,-0.0699999999999994,0.0,0.0,-0.7919999999999874,0.0,0.0,0.7780000000000005,0.0,0.0,0.0,0.0,0.0,-0.08399999999998897,0.0,0.0
GLU 180,L GLU  30,0.0,0.0,0.0,-0.013999999999999346,0.0,0.0,6.616,0.0,0.0,-6.5589999999999975,0.0,0.0,0.0,0.0,0.0,0.042999999999992156,0.0,0.0
VAL 181,L VAL  31,0.0,0.0,0.0,-0.040000000000000036,0.0,0.0,-0.05000000000000426,0.0,0.0,0.04400000000000004,0.0,0.0,0.0,0.0,0.0,-0.04600000000000337,0.0,0.0
LYS 182,L LYS  32,0.0,0.0,0.0,-0.5120000000000005,0.0,0.0,-30.47200000000001,0.0,0.0,29.008,0.0,0.0,0.0,0.0,0.0,-1.9760000000000089,0.0,0.0
ASN 183,L ASN  33,0.0,0.0,0.0,-0.03000000000000025,0.0,0.0,1.038000000000011,0.0,0.0,-1.0139999999999993,0.0,0.0,0.0,0.0,0.0,-0.0059999999999860165,0.0,0.0
TRP 184,L TRP  34,0.0,0.0,0.0,-0.051000000000000156,0.0,0.0,0.1419999999999959,0.0,0.0,-0.1429999999999998,0.0,0.0,0.0,0.0,0.0,-0.05200000000000671,0.0,0.0
MET 185,L MET  35,0.0,0.0,0.0,-0.8049999999999997,0.0,0.0,0.045000000000001705,0.0,0.0,0.2889999999999999,0.0,0.0,0.0,0.0,0.0,-0.4710000000000054,0.0,0.0
THR 186,L THR  36,0.0,0.0,0.0,-0.11999999999999922,0.0,0.0,0.4140000000000015,0.0,0.0,-0.393,0.0,0.0,0.0,0.0,0.0,-0.09899999999999665,0.0,0.0
GLU 187,L GLU  37,0.0,0.0,0.0,-0.019999999999999574,0.0,0.0,8.357,0.0,0.0,-8.275000000000006,0.0,0.0,0.0,0.0,0.0,0.06199999999999761,0.0,0.0
THR 188,L THR  38,0.0,0.0,0.0,-0.034999999999999254,0.0,0.0,-0.232999999999997,0.0,0.0,0.20999999999999996,0.0,0.0,0.0,0.0,0.0,-0.05799999999999983,0.0,0.0
LEU 189,L LEU  39,0.0,0.0,0.0,-0.923,0.0,0.0,-0.17999999999999972,0.0,0.0,0.10499999999999998,0.0,0.0,0.0,0.0,0.0,-0.997999999999994,0.0,0.0
LEU 190,L LEU  40,0.0,0.0,0.0,-0.08299999999999841,0.0,0.0,0.22100000000000364,0.0,0.0,-0.14700000000000002,0.0,0.0,0.0,0.0,0.0,-0.008999999999995012,0.0,0.0
VAL 191,L VAL  41,0.0,0.0,0.0,-0.010000000000000675,0.0,0.0,0.12299999999999756,0.0,0.0,-0.09599999999999964,0.0,0.0,0.0,0.0,0.0,0.01699999999999946,0.0,0.0
GLN 192,L GLN  42,0.0,0.0,0.0,-0.0129999999999999,0.0,0.0,-0.242999999999995,0.0,0.0,0.19600000000000062,0.0,0.0,0.0,0.0,0.0,-0.060000000000002274,0.0,0.0
ASN 193,L ASN  43,0.0,0.0,0.0,-0.08199999999999985,0.0,0.0,-1.2450000000000045,0.0,0.0,0.6800000000000002,0.0,0.0,0.0,0.0,0.0,-0.6470000000000056,0.0,0.0
ALA 194,L ALA  44,0.0,0.0,0.0,-0.008000000000000007,0.0,0.0,-0.028999999999996362,0.0,0.0,0.020999999999999908,0.0,0.0,0.0,0.0,0.0,-0.01599999999999202,0.0,0.0
ASN 195,L ASN  45,0.0,0.0,0.0,-0.004000000000000448,0.0,0.0,-0.39100000000000534,0.0,0.0,0.386000000000001,0.0,0.0,0.0,0.0,0.0,-0.009000000000007446,0.0,0.0
PRO 196,L PRO  46,0.0,0.0,0.0,-0.0019999999999997797,0.0,0.0,-0.10099999999999909,0.0,0.0,0.09999999999999964,0.0,0.0,0.0,0.0,0.0,-0.0030000000000089955,0.0,0.0
ASP 197,L ASP  47,0.0,0.0,0.0,-0.0009999999999994458,0.0,0.0,7.866,0.0,0.0,-7.784000000000006,0.0,0.0,0.0,0.0,0.0,0.08099999999998886,0.0,0.0
CYX 198,L CYX  48,0.0,0.0,0.0,-0.0030000000000001137,0.0,0.0,-0.21299999999999386,0.0,0.0,0.20299999999999985,0.0,0.0,0.0,0.0,0.0,-0.012999999999994571,0.0,0.0
LYS 199,L LYS  49,0.0,0.0,0.0,-0.0030000000000001137,0.0,0.0,-9.738,0.0,0.0,9.603,0.0,0.0,0.0,0.0,0.0,-0.1379999999999857,0.0,0.0
THR 200,L THR  50,0.0,0.0,0.0,0.0,0.0,0.0,-0.21600000000000819,0.0,0.0,0.21099999999999997,0.0,0.0,0.0,0.0,0.0,-0.005000000000009663,0.0,0.0
ILE 201,L ILE  51,0.0,0.0,0.0,-0.0009999999999994458,0.0,0.0,-0.1839999999999975,0.0,0.0,0.18199999999999994,0.0,0.0,0.0,0.0,0.0,-0.00300000000000189,0.0,0.0
LEU 202,L LEU  52,0.0,0.0,0.0,-0.001000000000000334,0.0,0.0,-0.1839999999999975,0.0,0.0,0.17999999999999972,0.0,0.0,0.0,0.0,0.0,-0.005000000000002558,0.0,0.0
LYS 203,L LYS  53,0.0,0.0,0.0,-0.0009999999999994458,0.0,0.0,-6.775000000000006,0.0,0.0,6.709,0.0,0.0,0.0,0.0,0.0,-0.06700000000001083,0.0,0.0
ALA 204,L ALA  54,0.0,0.0,0.0,0.0,0.0,0.0,-0.09999999999999432,0.0,0.0,0.09799999999999986,0.0,0.0,0.0,0.0,0.0,-0.0019999999999935625,0.0,0.0
LEU 205,L LEU  55,0.0,0.0,0.0,-0.0009999999999994458,0.0,0.0,-0.08899999999999864,0.0,0.0,0.08999999999999986,0.0,0.0,0.0,0.0,0.0,-3.552713678800501e-15,0.0,0.0
GLY 206,L GLY  56,0.0,0.0,0.0,0.0,0.0,0.0,0.15100000000001046,0.0,0.0,-0.1509999999999998,0.0,0.0,0.0,0.0,0.0,1.0658141036401503e-14,0.0,0.0
PRO 207,L PRO  57,0.0,0.0,0.0,0.0,0.0,0.0,-0.04800000000000182,0.0,0.0,0.04699999999999971,0.0,0.0,0.0,0.0,0.0,-0.0010000000000047748,0.0,0.0
GLY 208,L GLY  58,0.0,0.0,0.0,0.0,0.0,0.0,-0.04299999999999926,0.0,0.0,0.0389999999999997,0.0,0.0,0.0,0.0,0.0,-0.0039999999999995595,0.0,0.0
ALA 209,L ALA  59,0.0,0.0,0.0,-0.001000000000000334,0.0,0.0,0.18900000000000716,0.0,0.0,-0.18700000000000028,0.0,0.0,0.0,0.0,0.0,0.0010000000000163212,0.0,0.0
THR 210,L THR  60,0.0,0.0,0.0,-0.0029999999999992255,0.0,0.0,0.11899999999999977,0.0,0.0,-0.11400000000000077,0.0,0.0,0.0,0.0,0.0,0.0019999999999988916,0.0,0.0
LEU 211,L LEU  61,0.0,0.0,0.0,-0.009999999999999787,0.0,0.0,-0.01099999999999568,0.0,0.0,0.016999999999999904,0.0,0.0,0.0,0.0,0.0,-0.00399999999999423,0.0,0.0
GLU 212,L GLU  62,0.0,0.0,0.0,-0.004999999999999893,0.0,0.0,6.792999999999999,0.0,0.0,-6.774000000000001,0.0,0.0,0.0,0.0,0.0,0.013999999999988688,0.0,0.0
GLU 213,L GLU  63,0.0,0.0,0.0,-0.0019999999999997797,0.0,0.0,6.155999999999999,0.0,0.0,-6.132000000000005,0.0,0.0,0.0,0.0,0.0,0.021999999999998465,0.0,0.0
MET 214,L MET  64,0.0,0.0,0.0,-0.0030000000000001137,0.0,0.0,-0.13400000000000034,0.0,0.0,0.135,0.0,0.0,0.0,0.0,0.0,-0.002000000000000668,0.0,0.0
MET 215,L MET  65,0.0,0.0,0.0,-0.006999999999999673,0.0,0.0,0.027999999999991587,0.0,0.0,-0.031000000000000028,0.0,0.0,0.0,0.0,0.0,-0.010000000000013998,0.0,0.0
THR 216,L THR  66,0.0,0.0,0.0,-0.0019999999999997797,0.0,0.0,0.0899999999999963,0.0,0.0,-0.08899999999999997,0.0,0.0,0.0,0.0,0.0,-0.0009999999999994458,0.0,0.0
ALA 217,L ALA  67,0.0,0.0,0.0,-0.001000000000000334,0.0,0.0,-0.01300000000000523,0.0,0.0,0.015000000000000124,0.0,0.0,0.0,0.0,0.0,0.000999999999990564,0.0,0.0
CYX 218,L CYX  68,0.0,0.0,0.0,-0.0019999999999997797,0.0,0.0,0.10200000000000387,0.0,0.0,-0.10099999999999998,0.0,0.0,0.0,0.0,0.0,-0.000999999999990564,0.0,0.0
GLN 219,L GLN  69,0.0,0.0,0.0,-0.0030000000000001137,0.0,0.0,0.3090000000000117,0.0,0.0,-0.3070000000000004,0.0,0.0,0.0,0.0,0.0,-0.0009999999999834586,0.0,0.0
GLY 220,L GLY  70,0.0,0.0,0.0,-0.0019999999999997797,0.0,0.0,0.28699999999999193,0.0,0.0,-0.28600000000000003,0.0,0.0,0.0,0.0,0.0,-0.0010000000000029985,0.0,0.0
VAL 221,L VAL  71,0.0,0.0,0.0,-0.0050000000000003375,0.0,0.0,8.45,0.0,0.0,-8.409000000000006,0.0,0.0,0.0,0.0,0.0,0.036000000000001364,0.0,0.0

