| Run on Thu Jan 29 17:44:35 2026
| GB non-polar solvation energies calculated with gbsa=2
idecomp = 1: Per-residue decomp adding 1-4 interactions to Internal.
Energy Decomposition Analysis (All units kcal/mol): Generalized Born solvent
Complex:
Total Energy Decomposition:
Residue,Internal,,,van der Waals,,,Electrostatic,,,Polar Solvation,,,Non-Polar Solv.,,,TOTAL,,
,Avg.,Std. Dev.,Std. Err. of Mean,Avg.,Std. Dev.,Std. Err. of Mean,Avg.,Std. Dev.,Std. Err. of Mean,Avg.,Std. Dev.,Std. Err. of Mean,Avg.,Std. Dev.,Std. Err. of Mean,Avg.,Std. Dev.,Std. Err. of Mean
PRO   1,104.533,0.0,0.0,-7.221,0.0,0.0,-119.128,0.0,0.0,15.577,0.0,0.0,0.11451918000000001,0.0,0.0,-6.124480820000002,0.0,0.0
ILE   2,88.094,0.0,0.0,-7.925,0.0,0.0,-66.463,0.0,0.0,-3.118,0.0,0.0,0.17454568,0.0,0.0,10.762545680000002,0.0,0.0
VAL   3,56.925,0.0,0.0,-6.827,0.0,0.0,-56.17,0.0,0.0,-4.786,0.0,0.0,0.25914646,0.0,0.0,-10.598853540000002,0.0,0.0
GLN   4,18.741,0.0,0.0,-4.176,0.0,0.0,-56.414,0.0,0.0,-14.864,0.0,0.0,1.02543148,0.0,0.0,-55.687568520000006,0.0,0.0
ASN   5,31.354,0.0,0.0,-7.047,0.0,0.0,-85.941,0.0,0.0,-6.739,0.0,0.0,0.20650742,0.0,0.0,-68.16649258000001,0.0,0.0
LEU   6,72.493,0.0,0.0,-3.446,0.0,0.0,-72.307,0.0,0.0,-7.52,0.0,0.0,1.0445857600000001,0.0,0.0,-9.735414240000004,0.0,0.0
GLN   7,32.424,0.0,0.0,-6.742,0.0,0.0,-80.448,0.0,0.0,-11.086,0.0,0.0,0.64678486,0.0,0.0,-65.20521513999999,0.0,0.0
GLY   8,74.219,0.0,0.0,-3.295,0.0,0.0,-72.11,0.0,0.0,-5.323,0.0,0.0,0.2716775,0.0,0.0,-6.237322500000007,0.0,0.0
GLN   9,37.315,0.0,0.0,-4.733,0.0,0.0,-79.343,0.0,0.0,-11.196,0.0,0.0,0.6147906000000001,0.0,0.0,-57.3422094,0.0,0.0
MET  10,104.247,0.0,0.0,-7.952,0.0,0.0,-79.809,0.0,0.0,-4.219,0.0,0.0,0.34451146000000005,0.0,0.0,12.611511460000003,0.0,0.0
VAL  11,53.643,0.0,0.0,-4.524,0.0,0.0,-54.325,0.0,0.0,-2.31,0.0,0.0,0.28022484000000003,0.0,0.0,-7.235775160000004,0.0,0.0
HID  12,98.234,0.0,0.0,-11.348,0.0,0.0,-62.583,0.0,0.0,-8.978,0.0,0.0,0.23588382000000002,0.0,0.0,15.560883819999997,0.0,0.0
GLN  13,31.077,0.0,0.0,-6.227,0.0,0.0,-72.451,0.0,0.0,-13.927,0.0,0.0,0.6494352400000001,7.450580596923828e-09,7.450580596923828e-09,-60.87856475999999,0.0,0.0
ALA  14,93.956,0.0,0.0,-2.507,0.0,0.0,-77.7,0.0,0.0,-5.678,0.0,0.0,0.49386498,0.0,0.0,8.564864979999994,0.0,0.0
ILE  15,103.06,0.0,0.0,-7.454,0.0,0.0,-75.781,0.0,0.0,-4.376,0.0,0.0,0.08552218,0.0,0.0,15.534522180000002,0.0,0.0
SER  16,70.845,0.0,0.0,-5.545,0.0,0.0,-54.62,0.0,0.0,-5.506,0.0,0.0,0.30244142,0.0,0.0,5.47644142,0.0,0.0
PRO  17,86.429,0.0,0.0,-4.021,0.0,0.0,-62.724,0.0,0.0,-2.865,0.0,0.0,0.49104658000000007,0.0,0.0,17.31004658,0.0,0.0
ARG  18,-176.148,0.0,0.0,-6.277,0.0,0.0,61.572,0.0,0.0,-48.416,0.0,0.0,1.18796644,0.0,0.0,-168.08103355999998,0.0,0.0
THR  19,48.015,0.0,0.0,-9.333,0.0,0.0,-54.13,0.0,0.0,-5.694,0.0,0.0,0.18213368000000002,0.0,0.0,-20.95986632,0.0,0.0
LEU  20,51.36,0.0,0.0,-10.207,0.0,0.0,-55.788,0.0,0.0,-3.715,0.0,0.0,0.20424728,0.0,0.0,-18.145752719999997,0.0,0.0
ASN  21,19.336,0.0,0.0,-4.714,0.0,0.0,-72.656,0.0,0.0,-16.882,0.0,0.0,0.6337606000000001,0.0,0.0,-74.28223940000001,0.0,0.0
ALA  22,98.399,0.0,0.0,-5.946,0.0,0.0,-81.265,0.0,0.0,-2.033,0.0,0.0,0.19423654000000004,0.0,0.0,9.349236540000003,0.0,0.0
TRP  23,131.818,0.0,0.0,-17.773,0.0,0.0,-97.067,0.0,0.0,-4.832,0.0,0.0,0.01007036,0.0,0.0,12.156070360000022,0.0,0.0
VAL  24,63.075,0.0,0.0,-7.539,0.0,0.0,-57.595,0.0,0.0,-3.854,0.0,0.0,0.39106384000000005,0.0,0.0,-5.521936159999997,0.0,0.0
LYS  25,130.553,0.0,0.0,-8.033,0.0,0.0,-145.955,0.0,0.0,4.162,0.0,0.0,0.63028096,0.0,0.0,-18.642719040000017,0.0,0.0
VAL  26,66.301,0.0,0.0,-8.694,0.0,0.0,-69.882,0.0,0.0,-2.223,0.0,0.0,0.0494304,0.0,0.0,-14.448569600000004,0.0,0.0
VAL  27,42.847,0.0,0.0,-8.281,0.0,0.0,-49.195,0.0,0.0,-2.289,0.0,0.0,0.15514208000000002,0.0,0.0,-16.76285792,0.0,0.0
GLU  28,98.911,0.0,0.0,-6.213,0.0,0.0,-88.69,0.0,0.0,-58.483,0.0,0.0,0.6261726000000001,0.0,0.0,-53.84882739999999,0.0,0.0
GLU  29,114.591,0.0,0.0,-6.259,0.0,0.0,-76.451,0.0,0.0,-73.623,0.0,0.0,0.6546113400000001,0.0,0.0,-41.08738866,0.0,0.0
LYS  30,115.069,0.0,0.0,-7.077,0.0,0.0,-114.363,0.0,0.0,-12.949,0.0,0.0,0.42347544000000004,0.0,0.0,-18.896524559999992,0.0,0.0
ALA  31,86.988,0.0,0.0,-4.779,0.0,0.0,-77.394,0.0,0.0,-4.628,0.0,0.0,0.23620902000000002,0.0,0.0,0.4232090199999976,0.0,0.0
PHE  32,100.326,0.0,0.0,-9.394,0.0,0.0,-75.577,0.0,0.0,-5.746,0.0,0.0,0.38554086,0.0,0.0,9.99454085999999,0.0,0.0
SER  33,82.477,0.0,0.0,-6.639,0.0,0.0,-59.678,0.0,0.0,-3.407,0.0,0.0,0.07527838,0.0,0.0,12.828278380000011,0.0,0.0
PRO  34,77.117,0.0,0.0,-7.918,0.0,0.0,-57.28,0.0,0.0,-1.457,0.0,0.0,0.08025936,0.0,0.0,10.542259359999996,0.0,0.0
GLU  35,105.964,0.0,0.0,-8.12,0.0,0.0,-137.454,0.0,0.0,-13.56,0.0,0.0,0.051506260000000005,0.0,0.0,-53.11849374000002,0.0,0.0
VAL  36,51.279,0.0,0.0,-8.854,0.0,0.0,-56.742,0.0,0.0,0.109,0.0,0.0,0.019425280000000003,0.0,0.0,-14.188574719999993,0.0,0.0
ILE  37,85.059,0.0,0.0,-10.439,0.0,0.0,-58.575,0.0,0.0,-0.775,0.0,0.0,0.1484809,0.0,0.0,15.4184809,0.0,0.0
PRO  38,79.098,0.0,0.0,-7.702,0.0,0.0,-57.37,0.0,0.0,-3.84,0.0,0.0,0.31764994,0.0,0.0,10.503649940000004,0.0,0.0
MET  39,89.779,0.0,0.0,-8.26,0.0,0.0,-70.363,0.0,0.0,-3.877,0.0,0.0,0.46185988,0.0,0.0,7.7408598799999915,0.0,0.0
PHE  40,104.982,0.0,0.0,-14.048,0.0,0.0,-83.389,0.0,0.0,-1.422,0.0,0.0,0.0079132,0.0,0.0,6.130913200000002,0.0,0.0
SER  41,63.598,0.0,0.0,-7.121,0.0,0.0,-43.544,0.0,0.0,-12.356,0.0,0.0,0.24553684,0.0,0.0,0.8225368399999999,0.0,0.0
ALA  42,84.086,0.0,0.0,-4.962,0.0,0.0,-67.634,0.0,0.0,-4.558,0.0,0.0,0.34575806000000003,0.0,0.0,7.277758059999995,0.0,0.0
LEU  43,88.185,0.0,0.0,-10.121,0.0,0.0,-77.748,0.0,0.0,-4.752,0.0,0.0,0.15589546,0.0,0.0,-4.280104539999997,0.0,0.0
SER  44,75.044,0.0,0.0,-6.788,0.0,0.0,-76.056,0.0,0.0,-0.04,0.0,0.0,0.0,0.0,0.0,-7.839999999999997,0.0,0.0
GLU  45,99.178,0.0,0.0,-4.928,0.0,0.0,-63.221,0.0,0.0,-83.166,0.0,0.0,0.7171473,0.0,0.0,-51.41985269999999,0.0,0.0
GLY  46,70.086,0.0,0.0,-3.565,0.0,0.0,-66.88,0.0,0.0,-1.381,0.0,0.0,0.17613374,0.0,0.0,-1.5638662599999946,0.0,0.0
ALA  47,98.131,0.0,0.0,-6.77,0.0,0.0,-88.19,0.0,0.0,-2.862,0.0,0.0,0.021479460000000002,0.0,0.0,0.3304794600000064,0.0,0.0
THR  48,57.854,0.0,0.0,-7.515,0.0,0.0,-61.354,0.0,0.0,0.11,0.0,0.0,0.01210828,0.0,0.0,-10.892891720000001,0.0,0.0
PRO  49,71.348,0.0,0.0,-10.545,0.0,0.0,-53.622,0.0,0.0,-0.562,0.0,0.0,0.0014363000000000002,0.0,0.0,6.620436299999997,0.0,0.0
GLN  50,26.874,0.0,0.0,-10.23,0.0,0.0,-74.248,0.0,0.0,-6.232,0.0,0.0,0.31644128000000005,0.0,0.0,-63.519558720000006,0.0,0.0
ASP  51,92.395,0.0,0.0,-7.577,0.0,0.0,-123.779,0.0,0.0,-18.5,0.0,0.0,0.01687788,0.0,0.0,-57.444122119999996,0.0,0.0
LEU  52,64.981,0.0,0.0,-13.723,0.0,0.0,-71.024,0.0,0.0,0.357,0.0,0.0,0.0008943000000000001,0.0,0.0,-19.408105700000007,0.0,0.0
ASN  53,37.838,0.0,0.0,-6.343,0.0,0.0,-103.813,0.0,0.0,-2.457,0.0,0.0,0.21045318000000002,0.0,0.0,-74.56454681999999,0.0,0.0
THR  54,57.534,0.0,0.0,-6.256,0.0,0.0,-67.798,0.0,0.0,-2.099,0.0,0.0,0.33735164,0.0,0.0,-18.281648360000002,0.0,0.0
MET  55,96.383,0.0,0.0,-11.827,0.0,0.0,-70.677,0.0,0.0,-1.113,0.0,0.0,0.0017398200000000002,0.0,0.0,12.76773981999999,0.0,0.0
LEU  56,72.04,0.0,0.0,-7.982,0.0,0.0,-71.615,0.0,0.0,-0.943,0.0,0.0,0.049788120000000005,0.0,0.0,-8.450211879999987,0.0,0.0
ASN  57,36.518,0.0,0.0,-7.225,0.0,0.0,-91.166,0.0,0.0,-11.445,0.0,0.0,0.59101848,0.0,0.0,-72.72698152,0.0,0.0
THR  58,57.791,0.0,0.0,-5.992,0.0,0.0,-64.783,0.0,0.0,-5.501,0.0,0.0,0.24206262000000003,0.0,0.0,-18.242937380000004,0.0,0.0
VAL  59,37.826,0.0,0.0,-7.755,0.0,0.0,-44.339,0.0,0.0,-1.315,0.0,0.0,0.07169034,0.0,0.0,-15.511309659999997,0.0,0.0
ALA  60,87.48,0.0,0.0,-4.429,0.0,0.0,-64.651,0.0,0.0,-2.364,0.0,0.0,0.10472524,0.0,0.0,16.140725240000005,0.0,0.0
PRO  61,87.103,0.0,0.0,-3.534,0.0,0.0,-58.672,0.0,0.0,-3.306,0.0,0.0,0.6081348400000001,0.0,0.0,22.199134839999992,0.0,0.0
HID  62,97.733,0.0,0.0,-6.161,0.0,0.0,-68.733,0.0,0.0,-11.024,0.0,0.0,0.59044938,0.0,0.0,12.40544938,0.0,0.0
GLN  63,27.726,0.0,0.0,-6.638,0.0,0.0,-61.831,0.0,0.0,-16.932,0.0,0.0,0.7551089799999999,0.0,0.0,-56.919891019999994,0.0,0.0
ALA  64,88.517,0.0,0.0,-4.582,0.0,0.0,-68.821,0.0,0.0,-5.608,0.0,0.0,0.45696020000000004,0.0,0.0,9.962960200000003,0.0,0.0
ALA  65,90.312,0.0,0.0,-5.199,0.0,0.0,-75.782,0.0,0.0,-2.691,0.0,0.0,0.07724584000000001,0.0,0.0,6.717245840000003,0.0,0.0
ALA  66,91.678,0.0,0.0,-5.64,0.0,0.0,-84.257,0.0,0.0,-0.392,0.0,0.0,0.036986080000000005,0.0,0.0,1.4259860799999917,0.0,0.0
GLN  67,38.329,0.0,0.0,-7.197,0.0,0.0,-75.573,0.0,0.0,-12.611,0.0,0.0,0.6937871,0.0,0.0,-56.35821289999999,0.0,0.0
MET  68,89.255,0.0,0.0,-9.254,0.0,0.0,-72.065,0.0,0.0,-3.687,0.0,0.0,0.29357972,0.0,0.0,4.542579719999994,0.0,0.0
LEU  69,83.768,0.0,0.0,-11.851,0.0,0.0,-75.594,0.0,0.0,-4.13,0.0,0.0,0.034417,0.0,0.0,-7.772582999999992,0.0,0.0
LYS  70,128.576,0.0,0.0,-8.663,0.0,0.0,-119.912,0.0,0.0,-18.771,0.0,0.0,0.6577115800000001,0.0,0.0,-18.11228842000001,0.0,0.0
GLU  71,109.144,0.0,0.0,-7.005,0.0,0.0,-65.089,0.0,0.0,-94.692,0.0,0.0,0.60852508,0.0,0.0,-57.03347491999998,0.0,0.0
THR  72,48.588,0.0,0.0,-8.179,0.0,0.0,-52.352,0.0,0.0,-8.107,0.0,0.0,0.10013450000000002,0.0,0.0,-19.949865499999998,0.0,0.0
ILE  73,70.599,0.0,0.0,-9.891,0.0,0.0,-52.84,0.0,0.0,-4.712,0.0,0.0,0.03891018,0.0,0.0,3.194910180000002,0.0,0.0
ASN  74,31.361,0.0,0.0,-6.585,0.0,0.0,-86.716,0.0,0.0,-7.58,0.0,0.0,0.5156371200000001,0.0,0.0,-69.00436288,0.0,0.0
GLU  75,107.467,0.0,0.0,-7.333,0.0,0.0,-52.701,0.0,0.0,-103.256,0.0,0.0,0.60621074,0.0,0.0,-55.21678926,0.0,0.0
GLU  76,96.478,0.0,0.0,-10.457,0.0,0.0,-21.209,0.0,0.0,-117.001,0.0,0.0,0.19580834000000003,0.0,0.0,-51.99319166000002,0.0,0.0
ALA  77,84.411,0.0,0.0,-8.07,0.0,0.0,-72.014,0.0,0.0,-1.98,0.0,0.0,0.06947898000000001,0.0,0.0,2.4164789800000124,0.0,0.0
ALA  78,92.488,0.0,0.0,-4.916,0.0,0.0,-87.548,0.0,0.0,1.953,0.0,0.0,0.20583534,0.0,0.0,2.182835340000001,0.0,0.0
GLU  79,106.665,0.0,0.0,-8.61,0.0,0.0,-40.194,0.0,0.0,-111.735,0.0,0.0,0.35270650000000003,0.0,0.0,-53.5212935,0.0,0.0
TRP  80,120.181,0.0,0.0,-18.151,0.0,0.0,-91.744,0.0,0.0,-0.617,0.0,0.0,0.23097872000000003,0.0,0.0,9.89997872,0.0,0.0
ASP  81,109.419,0.0,0.0,-6.31,0.0,0.0,-80.807,0.0,0.0,-68.577,0.0,0.0,0.29128164,0.0,0.0,-45.983718360000005,0.0,0.0
ARG  82,-190.023,0.0,0.0,-8.341,0.0,0.0,-1.239,0.0,0.0,28.743,0.0,0.0,0.96587652,0.0,0.0,-169.89412348000002,0.0,0.0
LEU  83,60.558,0.0,0.0,-6.518,0.0,0.0,-69.646,0.0,0.0,-4.115,0.0,0.0,0.6628876800000001,0.0,0.0,-19.058112320000003,0.0,0.0
HID  84,117.3,0.0,0.0,-7.665,0.0,0.0,-75.476,0.0,0.0,-9.824,0.0,0.0,0.28498902000000004,0.0,0.0,24.619989019999995,0.0,0.0
PRO  85,89.793,0.0,0.0,-3.869,0.0,0.0,-64.48,0.0,0.0,-5.427,0.0,0.0,0.7245835400000001,0.0,0.0,16.741583540000004,0.0,0.0
VAL  86,56.758,0.0,0.0,-5.043,0.0,0.0,-50.099,0.0,0.0,-8.532,0.0,0.0,0.60895326,0.0,0.0,-6.307046739999993,0.0,0.0
HID  87,82.197,0.0,0.0,-5.212,0.0,0.0,-46.963,0.0,0.0,-17.369,0.0,0.0,0.6740203600000001,0.0,0.0,13.327020359999999,0.0,0.0
ALA  88,84.498,0.0,0.0,-1.508,0.0,0.0,-68.044,0.0,0.0,-7.904,0.0,0.0,0.64470358,0.0,0.0,7.686703580000012,0.0,0.0
GLY  89,93.269,0.0,0.0,-1.565,0.0,0.0,-78.613,0.0,0.0,-5.528,0.0,0.0,0.271,0.0,0.0,7.8340000000000085,0.0,0.0
PRO  90,82.718,0.0,0.0,-1.812,0.0,0.0,-60.379,0.0,0.0,-6.53,0.0,0.0,0.78447454,0.0,0.0,14.781474540000007,0.0,0.0
ILE  91,83.902,0.0,0.0,-3.634,0.0,0.0,-57.957,0.0,0.0,-5.499,0.0,0.0,0.68992264,0.0,0.0,17.50192264,0.0,0.0
ALA  92,96.073,0.0,0.0,-3.242,0.0,0.0,-68.29,0.0,0.0,-7.198,0.0,0.0,0.3726304200000001,0.0,0.0,17.715630419999982,0.0,0.0
PRO  93,84.045,0.0,0.0,-2.518,0.0,0.0,-54.947,0.0,0.0,-9.486,0.0,0.0,0.8094282200000001,0.0,0.0,17.90342822,0.0,0.0
GLY  94,75.013,0.0,0.0,-1.772,0.0,0.0,-64.166,0.0,0.0,-11.05,0.0,0.0,0.36114002,0.0,0.0,-1.6138599799999978,0.0,0.0
GLN  95,35.106,0.0,0.0,-4.06,0.0,0.0,-72.609,0.0,0.0,-12.249,0.0,0.0,0.73864302,0.0,0.0,-53.07335697999999,0.0,0.0
MET  96,102.603,0.0,0.0,-8.162,0.0,0.0,-74.457,0.0,0.0,-9.469,0.0,0.0,0.3537634,0.0,0.0,10.868763399999995,0.0,0.0
ARG  97,-191.254,0.0,0.0,-6.857,0.0,0.0,-26.917,0.0,0.0,35.537,0.0,0.0,0.29428974,0.0,0.0,-189.19671025999997,0.0,0.0
GLU  98,106.689,0.0,0.0,-5.322,0.0,0.0,-52.693,0.0,0.0,-95.566,0.0,0.0,0.6137553800000001,0.0,0.0,-46.27824462000001,0.0,0.0
PRO  99,93.726,0.0,0.0,-9.975,0.0,0.0,-62.221,0.0,0.0,-3.869,0.0,0.0,0.011316960000000001,0.0,0.0,17.672316960000007,0.0,0.0
ARG 100,-190.416,0.0,0.0,-12.617,0.0,0.0,-10.191,0.0,0.0,33.412,0.0,0.0,0.12914234000000002,0.0,0.0,-179.68285766,0.0,0.0
GLY 101,77.426,0.0,0.0,-4.845,0.0,0.0,-85.729,0.0,0.0,1.404,0.0,0.0,0.0,0.0,0.0,-11.743999999999996,0.0,0.0
SER 102,75.974,0.0,0.0,-6.22,0.0,0.0,-69.096,0.0,0.0,-4.838,0.0,0.0,0.22959120000000002,0.0,0.0,-3.9504087999999986,0.0,0.0
ASP 103,88.961,0.0,0.0,-9.03,0.0,0.0,-97.34,0.0,0.0,-47.391,0.0,0.0,0.013425340000000001,0.0,0.0,-64.78657466000001,0.0,0.0
ILE 104,77.026,0.0,0.0,-12.098,0.0,0.0,-60.533,0.0,0.0,0.037,0.0,0.0,0.0,0.0,0.0,4.431999999999996,0.0,0.0
ALA 105,86.76,0.0,0.0,-4.623,0.0,0.0,-80.823,0.0,0.0,1.394,0.0,0.0,0.05790186,0.0,0.0,2.765901860000007,0.0,0.0
GLY 106,92.589,0.0,0.0,-5.224,0.0,0.0,-86.724,0.0,0.0,-3.125,0.0,0.0,0.0652568,0.0,0.0,-2.4187432000000086,0.0,0.0
THR 107,56.433,0.0,0.0,-4.66,0.0,0.0,-59.573,0.0,0.0,-8.247,0.0,0.0,0.65150026,0.0,0.0,-15.395499740000004,0.0,0.0
THR 108,41.944,0.0,0.0,-4.617,0.0,0.0,-49.234,0.0,0.0,-3.91,0.0,0.0,0.49912780000000007,0.0,0.0,-15.317872199999996,0.0,0.0
SER 109,67.964,0.0,0.0,-6.804,0.0,0.0,-67.337,0.0,0.0,-0.53,0.0,0.0,0.05730024,0.0,0.0,-6.649699760000007,0.0,0.0
THR 110,28.314,0.0,0.0,-5.785,0.0,0.0,-33.199,0.0,0.0,-6.62,0.0,0.0,0.5192251600000001,0.0,0.0,-16.770774839999998,0.0,0.0
LEU 111,69.755,0.0,0.0,-7.925,0.0,0.0,-64.233,0.0,0.0,-4.636,0.0,0.0,0.2765826,0.0,0.0,-6.762417400000006,0.0,0.0
GLN 112,31.291,0.0,0.0,-5.785,0.0,0.0,-68.581,0.0,0.0,-19.745,0.0,0.0,0.82908656,0.0,0.0,-61.99091344000001,0.0,0.0
GLU 113,98.997,0.0,0.0,-7.173,0.0,0.0,-95.57,0.0,0.0,-54.594,0.0,0.0,0.21763468000000002,0.0,0.0,-58.12236531999999,0.0,0.0
GLN 114,41.717,0.0,0.0,-13.997,0.0,0.0,-84.454,0.0,0.0,-0.875,0.0,0.0,0.00072086,0.0,0.0,-57.60827913999999,0.0,0.0
ILE 115,86.717,0.0,0.0,-8.702,0.0,0.0,-69.499,0.0,0.0,-2.08,0.0,0.0,0.12137548,0.0,0.0,6.5573754800000055,0.0,0.0
GLY 116,76.659,0.0,0.0,-5.337,0.0,0.0,-76.849,0.0,0.0,-1.745,0.0,0.0,0.09963586,0.0,0.0,-7.172364140000001,0.0,0.0
TRP 117,124.235,0.0,0.0,-18.802,0.0,0.0,-90.012,0.0,0.0,-3.511,0.0,0.0,0.0079132,0.0,0.0,11.917913199999994,0.0,0.0
MET 118,98.683,0.0,0.0,-10.297,0.0,0.0,-80.761,0.0,0.0,-4.865,0.0,0.0,0.25984022,0.0,0.0,3.019840220000014,0.0,0.0
THR 119,38.119,0.0,0.0,-4.141,0.0,0.0,-55.769,0.0,0.0,-3.035,0.0,0.0,0.47476490000000005,0.0,0.0,-24.351235099999997,0.0,0.0
HID 120,88.278,0.0,0.0,-9.906,0.0,0.0,-61.313,0.0,0.0,-7.729,0.0,0.0,0.23856672,0.0,0.0,9.568566719999998,0.0,0.0
ASN 121,44.204,0.0,0.0,-3.875,0.0,0.0,-85.276,0.0,0.0,-14.782,0.0,0.0,0.7219494200000001,0.0,0.0,-59.00705058,0.0,0.0
PRO 122,97.482,0.0,0.0,-3.304,0.0,0.0,-60.665,0.0,0.0,-3.289,0.0,0.0,0.5931702200000001,0.0,0.0,30.817170219999998,0.0,0.0
PRO 123,87.721,0.0,0.0,-6.151,0.0,0.0,-58.411,0.0,0.0,-3.444,0.0,0.0,0.4106192000000001,0.0,0.0,20.125619200000006,0.0,0.0
ILE 124,90.813,0.0,0.0,-5.774,0.0,0.0,-63.597,0.0,0.0,-2.243,0.0,0.0,0.24656122000000003,0.0,0.0,19.445561220000002,0.0,0.0
PRO 125,88.199,0.0,0.0,-5.278,0.0,0.0,-65.836,0.0,0.0,-0.254,0.0,0.0,0.3443868,0.0,0.0,17.17538679999999,0.0,0.0
VAL 126,53.418,0.0,0.0,-8.939,0.0,0.0,-55.442,0.0,0.0,-1.249,0.0,0.0,0.0030081000000000005,0.0,0.0,-12.208991900000001,0.0,0.0
GLY 127,75.516,0.0,0.0,-5.532,0.0,0.0,-71.983,0.0,0.0,-2.05,0.0,0.0,0.02535476,0.0,0.0,-4.023645239999995,0.0,0.0
GLU 128,101.057,0.0,0.0,-6.317,0.0,0.0,-97.916,0.0,0.0,-52.91,0.0,0.0,0.41970312000000004,0.0,0.0,-55.66629687999998,0.0,0.0
ILE 129,88.298,0.0,0.0,-11.418,0.0,0.0,-63.695,0.0,0.0,-1.122,0.0,0.0,0.04880168,0.0,0.0,12.111801679999996,0.0,0.0
TYR 130,96.567,0.0,0.0,-16.242,0.0,0.0,-88.113,0.0,0.0,-3.143,0.0,0.0,0.03833566000000001,0.0,0.0,-10.892664340000012,0.0,0.0
LYS 131,147.77,0.0,0.0,-11.112,0.0,0.0,-163.244,0.0,0.0,22.446,0.0,0.0,0.07949514,0.0,0.0,-4.060504859999983,0.0,0.0
ARG 132,-183.386,0.0,0.0,-9.977,0.0,0.0,21.892,0.0,0.0,-3.31,0.0,0.0,0.8014879200000001,0.0,0.0,-173.97951208,0.0,0.0
TRP 133,125.437,0.0,0.0,-20.158,0.0,0.0,-97.733,0.0,0.0,-2.623,0.0,0.0,0.07038412000000001,0.0,0.0,4.993384119999992,0.0,0.0
ILE 134,86.241,0.0,0.0,-9.952,0.0,0.0,-70.514,0.0,0.0,-0.214,0.0,0.0,0.010563580000000001,0.0,0.0,5.571563580000006,0.0,0.0
ILE 135,76.795,0.0,0.0,-8.509,0.0,0.0,-62.473,0.0,0.0,0.957,0.0,0.0,0.23789464000000002,0.0,0.0,7.007894640000003,0.0,0.0
LEU 136,68.256,0.0,0.0,-7.752,0.0,0.0,-75.134,0.0,0.0,2.598,0.0,0.0,0.41232108,0.0,0.0,-11.619678920000004,0.0,0.0
GLY 137,82.429,0.0,0.0,-6.564,0.0,0.0,-78.525,0.0,0.0,0.474,0.0,0.0,0.0,0.0,0.0,-2.1859999999999964,0.0,0.0
LEU 138,61.178,0.0,0.0,-10.647,0.0,0.0,-62.795,0.0,0.0,-1.706,0.0,0.0,0.04027602,0.0,0.0,-13.929723980000002,0.0,0.0
ASN 139,37.474,0.0,0.0,-7.26,0.0,0.0,-91.422,0.0,0.0,-6.033,0.0,0.0,0.28846866,0.0,0.0,-66.95253134,0.0,0.0
LYS 140,134.029,0.0,0.0,-7.665,0.0,0.0,-129.759,0.0,0.0,-13.238,0.0,0.0,0.6246604200000001,0.0,0.0,-16.008339579999994,0.0,0.0
ILE 141,96.701,0.0,0.0,-7.726,0.0,0.0,-80.482,0.0,0.0,-1.764,0.0,0.0,0.09193404000000001,0.0,0.0,6.820934039999995,0.0,0.0
VAL 142,66.471,0.0,0.0,-8.282,0.0,0.0,-60.959,0.0,0.0,-1.614,0.0,0.0,0.0,0.0,0.0,-4.383999999999996,0.0,0.0
ARG 143,-193.16,0.0,0.0,-8.712,0.0,0.0,26.585,0.0,0.0,3.526,0.0,0.0,0.6864917800000001,0.0,0.0,-171.07450821999996,0.0,0.0
MET 144,89.027,0.0,0.0,-7.651,0.0,0.0,-73.702,0.0,0.0,-8.547,0.0,0.0,0.57066096,0.0,0.0,-0.302339039999994,0.0,0.0
TYR 145,92.891,0.0,0.0,-9.399,0.0,0.0,-81.955,0.0,0.0,-14.136,0.0,0.0,0.7762578200000001,0.0,0.0,-11.822742179999993,0.0,0.0
SER 146,86.206,0.0,0.0,-3.399,0.0,0.0,-54.768,0.0,0.0,-12.057,0.0,0.0,0.44408228,0.0,0.0,16.426082280000003,0.0,0.0
PRO 147,88.998,0.0,0.0,-6.094,0.0,0.0,-65.33,0.0,0.0,-5.864,0.0,0.0,0.30231134000000004,0.0,0.0,12.01231134000001,0.0,0.0
THR 148,53.102,0.0,0.0,-4.374,0.0,0.0,-55.084,0.0,0.0,-9.073,0.0,0.0,0.53653664,0.0,0.0,-14.89246336000001,0.0,0.0
SER 149,62.412,0.0,0.0,-6.052,0.0,0.0,-53.016,0.0,0.0,-3.875,0.0,0.0,0.21179192000000002,0.0,0.0,-0.3192080799999988,0.0,0.0
ILE 150,78.965,0.0,0.0,-9.426,0.0,0.0,-52.62,0.0,0.0,-4.104,0.0,0.0,0.08185284000000001,0.0,0.0,12.896852840000005,0.0,0.0
LEU 151,59.287,0.0,0.0,-5.89,0.0,0.0,-65.535,0.0,0.0,-4.1,0.0,0.0,0.69894694,0.0,0.0,-15.539053059999999,0.0,0.0
ASP 152,100.249,0.0,0.0,-5.847,0.0,0.0,-98.55,0.0,0.0,-53.755,0.0,0.0,0.39699874,0.0,0.0,-57.50600126,0.0,0.0
ILE 153,97.796,0.0,0.0,-9.604,0.0,0.0,-67.259,0.0,0.0,-5.131,0.0,0.0,0.02228162,0.0,0.0,15.824281620000006,0.0,0.0
ARG 154,-187.146,0.0,0.0,-7.051,0.0,0.0,14.712,0.0,0.0,6.124,0.0,0.0,0.7459817,0.0,0.0,-172.6150183,0.0,0.0
GLN 155,32.639,0.0,0.0,-11.381,0.0,0.0,-85.745,0.0,0.0,-2.032,0.0,0.0,0.15161908000000002,0.0,0.0,-66.36738091999999,0.0,0.0
GLY 156,83.393,0.0,0.0,-3.264,0.0,0.0,-69.447,0.0,0.0,-7.398,0.0,0.0,0.13165722000000002,0.0,0.0,3.4156572200000026,0.0,0.0
PRO 157,88.305,0.0,0.0,-3.183,0.0,0.0,-50.722,0.0,0.0,-11.556,0.0,0.0,0.8273901,0.0,0.0,23.671390100000014,0.0,0.0
LYS 158,122.589,0.0,0.0,-3.663,0.0,0.0,-97.759,0.0,0.0,-35.09,0.0,0.0,1.01983262,0.0,0.0,-12.903167380000001,0.0,0.0
GLU 159,109.807,0.0,0.0,-7.631,0.0,0.0,-111.5,0.0,0.0,-40.922,0.0,0.0,0.21345586000000003,0.0,0.0,-50.03254413999999,0.0,0.0
PRO 160,74.948,0.0,0.0,-7.914,0.0,0.0,-57.762,0.0,0.0,-1.388,0.0,0.0,0.11361946,0.0,0.0,7.997619459999991,0.0,0.0
PHE 161,102.901,0.0,0.0,-14.663,0.0,0.0,-75.02,0.0,0.0,-2.198,0.0,0.0,0.0021571600000000004,0.0,0.0,11.022157160000003,0.0,0.0
ARG 162,-201.867,0.0,0.0,-7.882,0.0,0.0,28.992,0.0,0.0,1.781,0.0,0.0,0.78856664,0.0,0.0,-178.18743336,0.0,0.0
ASP 163,85.762,0.0,0.0,-7.221,0.0,0.0,-65.896,0.0,0.0,-77.218,0.0,0.0,0.34512392000000003,0.0,0.0,-64.22787608,0.0,0.0
TYR 164,105.879,0.0,0.0,-17.384,0.0,0.0,-99.071,0.0,0.0,-0.269,0.0,0.0,0.0,0.0,0.0,-10.844999999999994,0.0,0.0
VAL 165,50.458,0.0,0.0,-8.599,0.0,0.0,-59.508,0.0,0.0,3.434,0.0,0.0,0.0374793,0.0,0.0,-14.177520700000008,0.0,0.0
ASP 166,99.147,0.0,0.0,-7.631,0.0,0.0,-57.695,0.0,0.0,-84.751,0.0,0.0,0.48646126,0.0,0.0,-50.44353874,0.0,0.0
ARG 167,-191.314,0.0,0.0,-10.728,0.0,0.0,2.896,0.0,0.0,12.225,0.0,0.0,0.44837492,0.0,0.0,-186.47262508000003,0.0,0.0
PHE 168,103.059,0.0,0.0,-14.361,0.0,0.0,-84.025,0.0,0.0,2.087,0.0,0.0,0.004314320000000001,0.0,0.0,6.764314319999987,0.0,0.0
TYR 169,97.576,0.0,0.0,-10.623,0.0,0.0,-94.096,0.0,0.0,-1.261,0.0,0.0,0.31882066000000003,0.0,0.0,-8.085179340000014,0.0,0.0
LYS 170,138.407,0.0,0.0,-7.783,0.0,0.0,-114.991,0.0,0.0,-31.117,0.0,0.0,0.70694144,0.0,0.0,-14.777058559999977,0.0,0.0
THR 171,46.027,0.0,0.0,-10.162,0.0,0.0,-58.36,0.0,0.0,-2.682,0.0,0.0,0.07141934,0.0,0.0,-25.105580659999998,0.0,0.0
LEU 172,75.896,0.0,0.0,-11.93,0.0,0.0,-70.358,0.0,0.0,-0.674,0.0,0.0,0.006476900000000001,0.0,0.0,-7.059523100000003,0.0,0.0
ARG 173,-197.26,0.0,0.0,-7.631,0.0,0.0,51.184,0.0,0.0,-19.841,0.0,0.0,0.595387,0.0,0.0,-172.952613,0.0,0.0
ALA 174,85.7,0.0,0.0,-6.54,0.0,0.0,-80.145,0.0,0.0,-2.8,0.0,0.0,0.1504321,0.0,0.0,-3.634567899999999,0.0,0.0
GLU 175,107.404,0.0,0.0,-5.752,0.0,0.0,-109.008,0.0,0.0,-46.523,0.0,0.0,0.33566060000000003,0.0,0.0,-53.5433394,0.0,0.0
GLN 176,34.418,0.0,0.0,-5.851,0.0,0.0,-65.746,0.0,0.0,-16.711,0.0,0.0,0.5414688400000001,0.0,0.0,-53.34853115999999,0.0,0.0
ALA 177,99.267,0.0,0.0,-5.321,0.0,0.0,-85.513,0.0,0.0,-2.508,0.0,0.0,0.14577632000000001,0.0,0.0,6.070776319999993,0.0,0.0
SER 178,84.091,0.0,0.0,-3.94,0.0,0.0,-72.756,0.0,0.0,-9.755,0.0,0.0,0.44756192,0.0,0.0,-1.9124380800000047,0.0,0.0
GLN 179,32.77,0.0,0.0,-3.632,0.0,0.0,-62.212,0.0,0.0,-17.689,0.0,0.0,0.7306485200000001,0.0,0.0,-50.032351479999996,0.0,0.0
GLU 180,112.141,0.0,0.0,-4.505,0.0,0.0,-68.975,0.0,0.0,-90.087,0.0,0.0,0.7341606800000001,0.0,0.0,-50.691839319999985,0.0,0.0
VAL 181,66.355,0.0,0.0,-6.511,0.0,0.0,-57.835,0.0,0.0,-4.168,0.0,0.0,0.34895586,0.0,0.0,-1.8100441399999998,0.0,0.0
LYS 182,118.161,0.0,0.0,-11.306,0.0,0.0,-109.732,0.0,0.0,-14.834,0.0,0.0,0.20431774000000003,0.0,0.0,-17.506682259999994,0.0,0.0
ASN 183,21.914,0.0,0.0,-7.863,0.0,0.0,-86.288,0.0,0.0,-4.13,0.0,0.0,0.44613104000000003,0.0,0.0,-75.92086895999999,0.0,0.0
TRP 184,124.41,0.0,0.0,-11.298,0.0,0.0,-91.087,0.0,0.0,-6.193,0.0,0.0,0.84782892,0.0,0.0,16.67982891999999,0.0,0.0
MET 185,100.252,0.0,0.0,-11.759,0.0,0.0,-86.253,0.0,0.0,-0.189,0.0,0.0,0.17294678,0.0,0.0,2.223946779999995,0.0,0.0
THR 186,41.644,0.0,0.0,-7.652,0.0,0.0,-57.549,0.0,0.0,-0.756,0.0,0.0,0.11778744000000001,0.0,0.0,-24.19521256,0.0,0.0
GLU 187,100.341,0.0,0.0,-6.442,0.0,0.0,-49.652,0.0,0.0,-94.252,0.0,0.0,0.56291036,0.0,0.0,-49.44208963999999,0.0,0.0
THR 188,46.45,0.0,0.0,-6.025,0.0,0.0,-54.376,0.0,0.0,0.43,0.0,0.0,0.25367226,0.0,0.0,-13.267327739999994,0.0,0.0
LEU 189,64.747,0.0,0.0,-8.744,0.0,0.0,-67.326,0.0,0.0,-0.154,0.0,0.0,0.20037198000000003,0.0,0.0,-11.276628019999993,0.0,0.0
LEU 190,89.209,0.0,0.0,-12.453,0.0,0.0,-91.183,0.0,0.0,0.022,0.0,0.0,0.00072086,0.0,0.0,-14.404279140000007,0.0,0.0
VAL 191,51.429,0.0,0.0,-8.755,0.0,0.0,-58.85,0.0,0.0,0.334,0.0,0.0,0.09663859999999999,0.0,0.0,-15.745361400000002,0.0,0.0
GLN 192,20.107,0.0,0.0,-7.657,0.0,0.0,-62.168,0.0,0.0,-9.899,0.0,0.0,0.5526503,0.0,0.0,-59.0643497,0.0,0.0
ASN 193,24.723,0.0,0.0,-8.675,0.0,0.0,-75.867,0.0,0.0,-5.93,0.0,0.0,0.18350494,0.0,0.0,-65.56549505999999,0.0,0.0
ALA 194,97.397,0.0,0.0,-7.678,0.0,0.0,-87.442,0.0,0.0,2.728,0.0,0.0,0.011484980000000002,0.0,0.0,5.016484980000015,0.0,0.0
ASN 195,53.917,0.0,0.0,-8.265,0.0,0.0,-98.919,0.0,0.0,-7.747,0.0,0.0,0.2039004,0.0,0.0,-60.810099599999994,0.0,0.0
PRO 196,80.097,0.0,0.0,-6.926,0.0,0.0,-58.518,0.0,0.0,-2.224,0.0,0.0,0.46171896000000007,0.0,0.0,12.890718959999992,0.0,0.0
ASP 197,80.732,0.0,0.0,-6.43,0.0,0.0,-53.18,0.0,0.0,-77.818,0.0,0.0,0.59139246,0.0,0.0,-56.10460754,0.0,0.0
CYX 198,96.923,0.0,0.0,-8.095,0.0,0.0,-78.158,0.0,0.0,-1.969,0.0,0.0,0.05311600000000001,0.0,0.0,8.754116000000002,0.0,0.0
LYS 199,144.993,0.0,0.0,-11.505,0.0,0.0,-127.807,0.0,0.0,-12.468,0.0,0.0,0.27219782,0.0,0.0,-6.514802180000003,0.0,0.0
THR 200,36.9,0.0,0.0,-6.721,0.0,0.0,-41.83,0.0,0.0,-10.171,0.0,0.0,0.5225638800000001,0.0,0.0,-21.29943612,0.0,0.0
ILE 201,78.136,0.0,0.0,-7.073,0.0,0.0,-57.383,0.0,0.0,-0.617,0.0,0.0,0.42187112000000004,0.0,0.0,13.484871119999985,0.0,0.0
LEU 202,75.092,0.0,0.0,-13.388,0.0,0.0,-66.351,0.0,0.0,-5.981,0.0,0.0,0.0324658,0.0,0.0,-10.595534199999998,0.0,0.0
LYS 203,119.222,0.0,0.0,-7.84,0.0,0.0,-91.628,0.0,0.0,-36.622,0.0,0.0,0.74875674,0.0,0.0,-16.119243260000008,0.0,0.0
ALA 204,84.09,0.0,0.0,-3.183,0.0,0.0,-72.208,0.0,0.0,-6.134,0.0,0.0,0.50098686,0.0,0.0,3.065986860000012,0.0,0.0
LEU 205,72.639,0.0,0.0,-8.323,0.0,0.0,-71.55,0.0,0.0,-7.163,0.0,0.0,0.32851704000000004,0.0,0.0,-14.068482959999995,0.0,0.0
GLY 206,90.924,0.0,0.0,-3.177,0.0,0.0,-71.318,0.0,0.0,-10.471,0.0,0.0,0.16212846,0.0,0.0,6.120128460000002,0.0,0.0
PRO 207,77.5,0.0,0.0,-2.354,0.0,0.0,-51.685,0.0,0.0,-9.385,0.0,0.0,0.7747022800000001,0.0,0.0,14.850702279999998,0.0,0.0
GLY 208,68.557,0.0,0.0,-1.751,0.0,0.0,-63.515,0.0,0.0,-6.08,0.0,0.0,0.44795758,0.0,0.0,-2.341042420000003,0.0,0.0
ALA 209,99.671,0.0,0.0,-4.489,0.0,0.0,-92.274,0.0,0.0,-0.421,0.0,0.0,0.12833476000000002,0.0,0.0,2.6153347600000014,0.0,0.0
THR 210,45.965,0.0,0.0,-4.599,0.0,0.0,-57.981,0.0,0.0,-3.688,0.0,0.0,0.41669502,0.0,0.0,-19.886304980000002,0.0,0.0
LEU 211,64.809,0.0,0.0,-8.563,0.0,0.0,-67.59,0.0,0.0,-3.69,0.0,0.0,0.27892946,0.0,0.0,-14.755070540000007,0.0,0.0
GLU 212,105.033,0.0,0.0,-6.5,0.0,0.0,-52.087,0.0,0.0,-101.687,0.0,0.0,0.63959252,0.0,0.0,-54.60140748,0.0,0.0
GLU 213,104.445,0.0,0.0,-7.929,0.0,0.0,-50.046,0.0,0.0,-97.413,0.0,0.0,0.43663520000000006,0.0,0.0,-50.50636480000001,0.0,0.0
MET 214,91.061,0.0,0.0,-12.889,0.0,0.0,-78.167,0.0,0.0,-1.225,0.0,0.0,0.03481808,0.0,0.0,-1.1851819199999905,0.0,0.0
MET 215,97.601,0.0,0.0,-10.353,0.0,0.0,-87.116,0.0,0.0,-1.733,0.0,0.0,0.26615994000000004,0.0,0.0,-1.334840059999995,0.0,0.0
THR 216,42.236,0.0,0.0,-4.739,0.0,0.0,-51.588,0.0,0.0,-3.097,0.0,0.0,0.44624486,0.0,0.0,-16.741755140000002,0.0,0.0
ALA 217,80.093,0.0,0.0,-5.71,0.0,0.0,-64.985,0.0,0.0,-3.704,0.0,0.0,0.18327188,0.0,0.0,5.87727188000001,0.0,0.0
CYX 218,96.56,0.0,0.0,-7.427,0.0,0.0,-82.969,0.0,0.0,-0.723,0.0,0.0,0.05547912000000001,0.0,0.0,5.496479120000016,0.0,0.0
GLN 219,35.257,0.0,0.0,-5.089,0.0,0.0,-76.055,0.0,0.0,-15.001,0.0,0.0,0.7138953,0.0,0.0,-60.17410470000001,0.0,0.0
GLY 220,98.078,0.0,0.0,-3.446,0.0,0.0,-81.209,0.0,0.0,-8.019,0.0,0.0,0.13034558000000002,0.0,0.0,5.534345580000002,0.0,0.0
VAL 221,35.21,0.0,0.0,-3.787,0.0,0.0,-21.928,0.0,0.0,-95.734,0.0,0.0,0.8138401000000001,0.0,0.0,-85.4251599,0.0,0.0

Receptor:
Total Energy Decomposition:
Residue,Internal,,,van der Waals,,,Electrostatic,,,Polar Solvation,,,Non-Polar Solv.,,,TOTAL,,
,Avg.,Std. Dev.,Std. Err. of Mean,Avg.,Std. Dev.,Std. Err. of Mean,Avg.,Std. Dev.,Std. Err. of Mean,Avg.,Std. Dev.,Std. Err. of Mean,Avg.,Std. Dev.,Std. Err. of Mean,Avg.,Std. Dev.,Std. Err. of Mean
PRO   1,104.533,0.0,0.0,-7.22,0.0,0.0,-112.9,0.0,0.0,9.348,0.0,0.0,0.11451918000000001,0.0,0.0,-6.124480820000002,0.0,0.0
ILE   2,88.094,0.0,0.0,-7.924,0.0,0.0,-66.498,0.0,0.0,-3.083,0.0,0.0,0.17454568,0.0,0.0,10.763545679999982,0.0,0.0
VAL   3,56.925,0.0,0.0,-6.827,0.0,0.0,-56.193,0.0,0.0,-4.763,0.0,0.0,0.25914646,0.0,0.0,-10.598853539999999,0.0,0.0
GLN   4,18.741,0.0,0.0,-4.175,0.0,0.0,-56.248,0.0,0.0,-15.03,0.0,0.0,1.02543148,0.0,0.0,-55.68656852,0.0,0.0
ASN   5,31.354,0.0,0.0,-7.047,0.0,0.0,-85.981,0.0,0.0,-6.699,0.0,0.0,0.20650742,0.0,0.0,-68.16649258,0.0,0.0
LEU   6,72.493,0.0,0.0,-3.445,0.0,0.0,-72.36,0.0,0.0,-7.467,0.0,0.0,1.0445857600000001,0.0,0.0,-9.734414239999996,0.0,0.0
GLN   7,32.424,0.0,0.0,-6.742,0.0,0.0,-80.486,0.0,0.0,-11.048,0.0,0.0,0.64678486,0.0,0.0,-65.20521514,0.0,0.0
GLY   8,74.219,0.0,0.0,-3.295,0.0,0.0,-72.15,0.0,0.0,-5.283,0.0,0.0,0.2716775,0.0,0.0,-6.237322500000014,0.0,0.0
GLN   9,37.315,0.0,0.0,-4.732,0.0,0.0,-79.409,0.0,0.0,-11.131,0.0,0.0,0.6147906000000001,0.0,0.0,-57.34220940000001,0.0,0.0
MET  10,104.247,0.0,0.0,-7.952,0.0,0.0,-79.824,0.0,0.0,-4.205,0.0,0.0,0.34451146000000005,0.0,0.0,12.610511460000003,0.0,0.0
VAL  11,53.643,0.0,0.0,-4.524,0.0,0.0,-54.392,0.0,0.0,-2.243,0.0,0.0,0.28022484000000003,0.0,0.0,-7.235775160000004,0.0,0.0
HID  12,98.234,0.0,0.0,-11.347,0.0,0.0,-62.628,0.0,0.0,-8.933,0.0,0.0,0.23588382000000002,0.0,0.0,15.56188382,0.0,0.0
GLN  13,31.077,0.0,0.0,-6.227,0.0,0.0,-72.53,0.0,0.0,-13.848,0.0,0.0,0.6494352400000001,7.450580596923828e-09,7.450580596923828e-09,-60.878564759999996,0.0,0.0
ALA  14,93.956,0.0,0.0,-2.506,0.0,0.0,-77.695,0.0,0.0,-5.683,0.0,0.0,0.49386498,0.0,0.0,8.56586498000001,0.0,0.0
ILE  15,103.06,0.0,0.0,-7.454,0.0,0.0,-75.688,0.0,0.0,-4.47,0.0,0.0,0.08552218,0.0,0.0,15.533522180000007,0.0,0.0
SER  16,70.845,0.0,0.0,-5.544,0.0,0.0,-54.601,0.0,0.0,-5.524,0.0,0.0,0.30244142,0.0,0.0,5.478441420000003,0.0,0.0
PRO  17,86.429,0.0,0.0,-4.02,0.0,0.0,-62.709,0.0,0.0,-2.88,0.0,0.0,0.49104658000000007,0.0,0.0,17.311046580000003,0.0,0.0
ARG  18,-176.148,0.0,0.0,-6.276,0.0,0.0,66.766,0.0,0.0,-53.617,0.0,0.0,1.18796644,0.0,0.0,-168.08703356,0.0,0.0
THR  19,48.015,0.0,0.0,-9.331,0.0,0.0,-54.144,0.0,0.0,-5.685,0.0,0.0,0.18213368000000002,0.0,0.0,-20.96286632,0.0,0.0
LEU  20,51.36,0.0,0.0,-10.206,0.0,0.0,-55.752,0.0,0.0,-3.75,0.0,0.0,0.20424728,0.0,0.0,-18.143752720000005,0.0,0.0
ASN  21,19.336,0.0,0.0,-4.713,0.0,0.0,-72.497,0.0,0.0,-17.045,0.0,0.0,0.6337606000000001,0.0,0.0,-74.28523940000001,0.0,0.0
ALA  22,98.399,0.0,0.0,-5.944,0.0,0.0,-81.076,0.0,0.0,-2.223,0.0,0.0,0.19423654000000004,0.0,0.0,9.350236540000006,0.0,0.0
TRP  23,131.818,0.0,0.0,-17.764,0.0,0.0,-96.989,0.0,0.0,-4.92,0.0,0.0,0.01007036,0.0,0.0,12.155070360000012,0.0,0.0
VAL  24,63.075,0.0,0.0,-7.535,0.0,0.0,-57.488,0.0,0.0,-3.966,0.0,0.0,0.39106384000000005,0.0,0.0,-5.522936159999993,0.0,0.0
LYS  25,130.553,0.0,0.0,-8.025,0.0,0.0,-142.93,0.0,0.0,1.078,0.0,0.0,0.63028096,0.0,0.0,-18.693719040000015,0.0,0.0
VAL  26,66.301,0.0,0.0,-8.674,0.0,0.0,-69.321,0.0,0.0,-2.806,0.0,0.0,0.0494304,0.0,0.0,-14.450569599999996,0.0,0.0
VAL  27,42.847,0.0,0.0,-8.269,0.0,0.0,-49.039,0.0,0.0,-2.458,0.0,0.0,0.15514208000000002,0.0,0.0,-16.763857919999996,0.0,0.0
GLU  28,98.911,0.0,0.0,-6.201,0.0,0.0,-90.79,0.0,0.0,-56.414,0.0,0.0,0.6261726000000001,0.0,0.0,-53.8678274,0.0,0.0
GLU  29,114.591,0.0,0.0,-6.213,0.0,0.0,-73.036,0.0,0.0,-77.225,0.0,0.0,0.6546113400000001,0.0,0.0,-41.22838865999999,0.0,0.0
LYS  30,115.069,0.0,0.0,-6.466,0.0,0.0,-135.201,0.0,0.0,4.195,0.0,0.0,0.5162008,0.0,0.0,-21.886799199999984,0.0,0.0
ALA  31,86.988,0.0,0.0,-4.745,0.0,0.0,-76.682,0.0,0.0,-5.438,0.0,0.0,0.23620902000000002,0.0,0.0,0.3592090199999931,0.0,0.0
PHE  32,100.326,0.0,0.0,-9.32,0.0,0.0,-75.927,0.0,0.0,-5.586,0.0,0.0,0.38554086,0.0,0.0,9.878540859999994,0.0,0.0
SER  33,82.477,0.0,0.0,-6.052,0.0,0.0,-56.652,0.0,0.0,-7.109,0.0,0.0,0.14157582,0.0,0.0,12.80557582000001,0.0,0.0
PRO  34,77.117,0.0,0.0,-5.946,0.0,0.0,-54.763,0.0,0.0,-4.127,0.0,0.0,0.29465830000000004,0.0,0.0,12.57565830000001,0.0,0.0
GLU  35,105.964,0.0,0.0,-6.314,0.0,0.0,-101.855,0.0,0.0,-47.523,0.0,0.0,0.48065102000000004,0.0,0.0,-49.24734898,0.0,0.0
VAL  36,51.279,0.0,0.0,-8.752,0.0,0.0,-55.981,0.0,0.0,-0.695,0.0,0.0,0.019425280000000003,0.0,0.0,-14.12957472,0.0,0.0
ILE  37,85.059,0.0,0.0,-10.298,0.0,0.0,-57.633,0.0,0.0,-1.761,0.0,0.0,0.1484809,0.0,0.0,15.515480899999993,0.0,0.0
PRO  38,79.098,0.0,0.0,-7.018,0.0,0.0,-57.091,0.0,0.0,-4.152,0.0,0.0,0.45554558000000006,0.0,0.0,11.292545579999997,0.0,0.0
MET  39,89.779,0.0,0.0,-8.187,0.0,0.0,-70.451,0.0,0.0,-3.855,0.0,0.0,0.46185988,0.0,0.0,7.747859880000005,0.0,0.0
PHE  40,104.982,0.0,0.0,-14.03,0.0,0.0,-83.099,0.0,0.0,-1.727,0.0,0.0,0.0079132,0.0,0.0,6.133913199999994,0.0,0.0
SER  41,63.598,0.0,0.0,-7.11,0.0,0.0,-43.195,0.0,0.0,-12.741,0.0,0.0,0.24553684,0.0,0.0,0.7975368399999996,0.0,0.0
ALA  42,84.086,0.0,0.0,-4.955,0.0,0.0,-67.628,0.0,0.0,-4.573,0.0,0.0,0.34575806000000003,0.0,0.0,7.275758059999999,0.0,0.0
LEU  43,88.185,0.0,0.0,-10.114,0.0,0.0,-77.727,0.0,0.0,-4.779,0.0,0.0,0.15589546,0.0,0.0,-4.279104540000006,0.0,0.0
SER  44,75.044,0.0,0.0,-6.786,0.0,0.0,-76.15,0.0,0.0,0.049,0.0,0.0,0.0,0.0,0.0,-7.84300000000001,0.0,0.0
GLU  45,99.178,0.0,0.0,-4.925,0.0,0.0,-70.945,0.0,0.0,-75.474,0.0,0.0,0.7171473,0.0,0.0,-51.448852699999996,0.0,0.0
GLY  46,70.086,0.0,0.0,-3.564,0.0,0.0,-66.75,0.0,0.0,-1.512,0.0,0.0,0.17613374,0.0,0.0,-1.5638662600000086,0.0,0.0
ALA  47,98.131,0.0,0.0,-6.77,0.0,0.0,-88.296,0.0,0.0,-2.757,0.0,0.0,0.021479460000000002,0.0,0.0,0.3294794599999976,0.0,0.0
THR  48,57.854,0.0,0.0,-7.514,0.0,0.0,-61.359,0.0,0.0,0.115,0.0,0.0,0.01210828,0.0,0.0,-10.891891720000006,0.0,0.0
PRO  49,71.348,0.0,0.0,-10.545,0.0,0.0,-53.61,0.0,0.0,-0.574,0.0,0.0,0.0014363000000000002,0.0,0.0,6.620436299999998,0.0,0.0
GLN  50,26.874,0.0,0.0,-10.23,0.0,0.0,-74.195,0.0,0.0,-6.285,0.0,0.0,0.31644128000000005,0.0,0.0,-63.51955872,0.0,0.0
ASP  51,92.395,0.0,0.0,-7.576,0.0,0.0,-129.873,0.0,0.0,-12.405,0.0,0.0,0.01687788,0.0,0.0,-57.442122119999986,0.0,0.0
LEU  52,64.981,0.0,0.0,-13.722,0.0,0.0,-70.982,0.0,0.0,0.314,0.0,0.0,0.0008943000000000001,0.0,0.0,-19.408105700000007,0.0,0.0
ASN  53,37.838,0.0,0.0,-6.342,0.0,0.0,-103.934,0.0,0.0,-2.336,0.0,0.0,0.21045318000000002,0.0,0.0,-74.56354681999998,0.0,0.0
THR  54,57.534,0.0,0.0,-6.256,0.0,0.0,-67.71,0.0,0.0,-2.188,0.0,0.0,0.33735164,0.0,0.0,-18.282648359999992,0.0,0.0
MET  55,96.383,0.0,0.0,-11.825,0.0,0.0,-70.573,0.0,0.0,-1.219,0.0,0.0,0.0017398200000000002,0.0,0.0,12.76773982,0.0,0.0
LEU  56,72.04,0.0,0.0,-7.981,0.0,0.0,-71.51,0.0,0.0,-1.048,0.0,0.0,0.049788120000000005,0.0,0.0,-8.449211879999993,0.0,0.0
ASN  57,36.518,0.0,0.0,-7.224,0.0,0.0,-91.133,0.0,0.0,-11.478,0.0,0.0,0.59101848,0.0,0.0,-72.72598151999999,0.0,0.0
THR  58,57.791,0.0,0.0,-5.991,0.0,0.0,-64.627,0.0,0.0,-5.66,0.0,0.0,0.24206262000000003,0.0,0.0,-18.24493738,0.0,0.0
VAL  59,37.826,0.0,0.0,-7.753,0.0,0.0,-44.324,0.0,0.0,-1.333,0.0,0.0,0.07169034,0.0,0.0,-15.512309659999998,0.0,0.0
ALA  60,87.48,0.0,0.0,-4.428,0.0,0.0,-64.686,0.0,0.0,-2.33,0.0,0.0,0.10472524,0.0,0.0,16.140725240000002,0.0,0.0
PRO  61,87.103,0.0,0.0,-3.533,0.0,0.0,-58.696,0.0,0.0,-3.282,0.0,0.0,0.6081348400000001,0.0,0.0,22.200134839999997,0.0,0.0
HID  62,97.733,0.0,0.0,-6.158,0.0,0.0,-68.804,0.0,0.0,-10.966,0.0,0.0,0.59044938,0.0,0.0,12.395449380000002,0.0,0.0
GLN  63,27.726,0.0,0.0,-6.637,0.0,0.0,-62.105,0.0,0.0,-16.661,0.0,0.0,0.7551089799999999,0.0,0.0,-56.92189102,0.0,0.0
ALA  64,88.517,0.0,0.0,-4.58,0.0,0.0,-69.005,0.0,0.0,-5.43,0.0,0.0,0.45696020000000004,0.0,0.0,9.958960200000002,0.0,0.0
ALA  65,90.312,0.0,0.0,-5.197,0.0,0.0,-76.013,0.0,0.0,-2.464,0.0,0.0,0.07724584000000001,0.0,0.0,6.715245839999989,0.0,0.0
ALA  66,91.678,0.0,0.0,-5.639,0.0,0.0,-84.41,0.0,0.0,-0.241,0.0,0.0,0.036986080000000005,0.0,0.0,1.4249860800000047,0.0,0.0
GLN  67,38.329,0.0,0.0,-7.196,0.0,0.0,-75.473,0.0,0.0,-12.714,0.0,0.0,0.6937871,0.0,0.0,-56.36021289999999,0.0,0.0
MET  68,89.255,0.0,0.0,-9.25,0.0,0.0,-72.231,0.0,0.0,-3.53,0.0,0.0,0.29357972,0.0,0.0,4.537579720000002,0.0,0.0
LEU  69,83.768,0.0,0.0,-11.846,0.0,0.0,-75.778,0.0,0.0,-3.948,0.0,0.0,0.034417,0.0,0.0,-7.769583000000009,0.0,0.0
LYS  70,128.576,0.0,0.0,-8.661,0.0,0.0,-113.452,0.0,0.0,-25.227,0.0,0.0,0.6577115800000001,0.0,0.0,-18.106288420000006,0.0,0.0
GLU  71,109.144,0.0,0.0,-7.004,0.0,0.0,-72.204,0.0,0.0,-87.583,0.0,0.0,0.60852508,0.0,0.0,-57.03847491999999,0.0,0.0
THR  72,48.588,0.0,0.0,-8.177,0.0,0.0,-52.365,0.0,0.0,-8.104,0.0,0.0,0.10013450000000002,0.0,0.0,-19.9578655,0.0,0.0
ILE  73,70.599,0.0,0.0,-9.89,0.0,0.0,-52.887,0.0,0.0,-4.665,0.0,0.0,0.03891018,0.0,0.0,3.1959101800000025,0.0,0.0
ASN  74,31.361,0.0,0.0,-6.585,0.0,0.0,-86.716,0.0,0.0,-7.579,0.0,0.0,0.5156371200000001,0.0,0.0,-69.00336288,0.0,0.0
GLU  75,107.467,0.0,0.0,-7.332,0.0,0.0,-60.453,0.0,0.0,-95.51,0.0,0.0,0.60621074,0.0,0.0,-55.22178926,0.0,0.0
GLU  76,96.478,0.0,0.0,-10.455,0.0,0.0,-30.544,0.0,0.0,-107.689,0.0,0.0,0.19580834000000003,0.0,0.0,-52.014191659999994,0.0,0.0
ALA  77,84.411,0.0,0.0,-8.07,0.0,0.0,-71.971,0.0,0.0,-2.023,0.0,0.0,0.06947898000000001,0.0,0.0,2.4164789800000044,0.0,0.0
ALA  78,92.488,0.0,0.0,-4.916,0.0,0.0,-87.439,0.0,0.0,1.845,0.0,0.0,0.20583534,0.0,0.0,2.1838353400000097,0.0,0.0
GLU  79,106.665,0.0,0.0,-8.609,0.0,0.0,-49.074,0.0,0.0,-102.87,0.0,0.0,0.35270650000000003,0.0,0.0,-53.535293499999995,0.0,0.0
TRP  80,120.181,0.0,0.0,-18.15,0.0,0.0,-91.772,0.0,0.0,-0.588,0.0,0.0,0.23097872000000003,0.0,0.0,9.90197872,0.0,0.0
ASP  81,109.419,0.0,0.0,-6.309,0.0,0.0,-87.274,0.0,0.0,-62.113,0.0,0.0,0.29128164,0.0,0.0,-45.98571836,0.0,0.0
ARG  82,-190.023,0.0,0.0,-8.34,0.0,0.0,6.536,0.0,0.0,20.974,0.0,0.0,0.96587652,0.0,0.0,-169.88712348,0.0,0.0
LEU  83,60.558,0.0,0.0,-6.518,0.0,0.0,-69.586,0.0,0.0,-4.175,0.0,0.0,0.6628876800000001,0.0,0.0,-19.05811232,0.0,0.0
HID  84,117.3,0.0,0.0,-7.664,0.0,0.0,-75.538,0.0,0.0,-9.762,0.0,0.0,0.28498902000000004,0.0,0.0,24.62098902,0.0,0.0
PRO  85,89.793,0.0,0.0,-3.869,0.0,0.0,-64.515,0.0,0.0,-5.391,0.0,0.0,0.7245835400000001,0.0,0.0,16.74258354000001,0.0,0.0
VAL  86,56.758,0.0,0.0,-5.043,0.0,0.0,-50.113,0.0,0.0,-8.519,0.0,0.0,0.60895326,0.0,0.0,-6.308046739999996,0.0,0.0
HID  87,82.197,0.0,0.0,-5.212,0.0,0.0,-46.953,0.0,0.0,-17.379,0.0,0.0,0.6740203600000001,0.0,0.0,13.327020359999995,0.0,0.0
ALA  88,84.498,0.0,0.0,-1.508,0.0,0.0,-68.013,0.0,0.0,-7.935,0.0,0.0,0.64470358,0.0,0.0,7.686703580000004,0.0,0.0
GLY  89,93.269,0.0,0.0,-1.565,0.0,0.0,-78.656,0.0,0.0,-5.485,0.0,0.0,0.271,0.0,0.0,7.834000000000001,0.0,0.0
PRO  90,82.718,0.0,0.0,-1.811,0.0,0.0,-60.411,0.0,0.0,-6.498,0.0,0.0,0.78447454,0.0,0.0,14.782474540000008,0.0,0.0
ILE  91,83.902,0.0,0.0,-3.634,0.0,0.0,-57.884,0.0,0.0,-5.572,0.0,0.0,0.68992264,0.0,0.0,17.50192264,0.0,0.0
ALA  92,96.073,0.0,0.0,-3.242,0.0,0.0,-68.332,0.0,0.0,-7.156,0.0,0.0,0.3726304200000001,0.0,0.0,17.715630419999997,0.0,0.0
PRO  93,84.045,0.0,0.0,-2.518,0.0,0.0,-54.983,0.0,0.0,-9.45,0.0,0.0,0.8094282200000001,0.0,0.0,17.903428220000006,0.0,0.0
GLY  94,75.013,0.0,0.0,-1.772,0.0,0.0,-64.158,0.0,0.0,-11.058,0.0,0.0,0.36114002,0.0,0.0,-1.6138599800000013,0.0,0.0
GLN  95,35.106,0.0,0.0,-4.059,0.0,0.0,-72.496,0.0,0.0,-12.362,0.0,0.0,0.73864302,0.0,0.0,-53.07235698,0.0,0.0
MET  96,102.603,0.0,0.0,-8.162,0.0,0.0,-74.495,0.0,0.0,-9.431,0.0,0.0,0.3537634,0.0,0.0,10.868763399999985,0.0,0.0
ARG  97,-191.254,0.0,0.0,-6.857,0.0,0.0,-21.21,0.0,0.0,29.832,0.0,0.0,0.29428974,0.0,0.0,-189.19471026,0.0,0.0
GLU  98,106.689,0.0,0.0,-5.321,0.0,0.0,-58.961,0.0,0.0,-89.3,0.0,0.0,0.6137553800000001,0.0,0.0,-46.27924462,0.0,0.0
PRO  99,93.726,0.0,0.0,-9.975,0.0,0.0,-62.276,0.0,0.0,-3.815,0.0,0.0,0.011316960000000001,0.0,0.0,17.67131696,0.0,0.0
ARG 100,-190.416,0.0,0.0,-12.617,0.0,0.0,-3.964,0.0,0.0,27.186,0.0,0.0,0.12914234000000002,0.0,0.0,-179.68185766,0.0,0.0
GLY 101,77.426,0.0,0.0,-4.844,0.0,0.0,-85.779,0.0,0.0,1.453,0.0,0.0,0.0,0.0,0.0,-11.74399999999999,0.0,0.0
SER 102,75.974,0.0,0.0,-6.219,0.0,0.0,-69.09,0.0,0.0,-4.845,0.0,0.0,0.22959120000000002,0.0,0.0,-3.9504087999999933,0.0,0.0
ASP 103,88.961,0.0,0.0,-9.03,0.0,0.0,-103.302,0.0,0.0,-41.43,0.0,0.0,0.013425340000000001,0.0,0.0,-64.78757466000002,0.0,0.0
ILE 104,77.026,0.0,0.0,-12.098,0.0,0.0,-60.49,0.0,0.0,-0.006,0.0,0.0,0.0,0.0,0.0,4.431999999999995,0.0,0.0
ALA 105,86.76,0.0,0.0,-4.622,0.0,0.0,-80.78,0.0,0.0,1.35,0.0,0.0,0.05790186,0.0,0.0,2.765901860000004,0.0,0.0
GLY 106,92.589,0.0,0.0,-5.224,0.0,0.0,-86.66,0.0,0.0,-3.188,0.0,0.0,0.0652568,0.0,0.0,-2.417743200000002,0.0,0.0
THR 107,56.433,0.0,0.0,-4.66,0.0,0.0,-59.536,0.0,0.0,-8.283,0.0,0.0,0.65150026,0.0,0.0,-15.394499740000006,0.0,0.0
THR 108,41.944,0.0,0.0,-4.617,0.0,0.0,-49.221,0.0,0.0,-3.923,0.0,0.0,0.49912780000000007,0.0,0.0,-15.317872199999991,0.0,0.0
SER 109,67.964,0.0,0.0,-6.804,0.0,0.0,-67.382,0.0,0.0,-0.485,0.0,0.0,0.05730024,0.0,0.0,-6.649699760000009,0.0,0.0
THR 110,28.314,0.0,0.0,-5.785,0.0,0.0,-33.25,0.0,0.0,-6.569,0.0,0.0,0.5192251600000001,0.0,0.0,-16.770774839999998,0.0,0.0
LEU 111,69.755,0.0,0.0,-7.925,0.0,0.0,-64.299,0.0,0.0,-4.569,0.0,0.0,0.2765826,0.0,0.0,-6.761417400000008,0.0,0.0
GLN 112,31.291,0.0,0.0,-5.785,0.0,0.0,-68.665,0.0,0.0,-19.661,0.0,0.0,0.82908656,0.0,0.0,-61.99091344000001,0.0,0.0
GLU 113,98.997,0.0,0.0,-7.172,0.0,0.0,-101.211,0.0,0.0,-48.954,0.0,0.0,0.21763468000000002,0.0,0.0,-58.12236531999999,0.0,0.0
GLN 114,41.717,0.0,0.0,-13.996,0.0,0.0,-84.465,0.0,0.0,-0.864,0.0,0.0,0.00072086,0.0,0.0,-57.60727914,0.0,0.0
ILE 115,86.717,0.0,0.0,-8.702,0.0,0.0,-69.568,0.0,0.0,-2.011,0.0,0.0,0.12137548,0.0,0.0,6.557375480000003,0.0,0.0
GLY 116,76.659,0.0,0.0,-5.337,0.0,0.0,-76.892,0.0,0.0,-1.702,0.0,0.0,0.09963586,0.0,0.0,-7.172364139999993,0.0,0.0
TRP 117,124.235,0.0,0.0,-18.801,0.0,0.0,-90.063,0.0,0.0,-3.46,0.0,0.0,0.0079132,0.0,0.0,11.918913199999995,0.0,0.0
MET 118,98.683,0.0,0.0,-10.296,0.0,0.0,-80.853,0.0,0.0,-4.774,0.0,0.0,0.25984022,0.0,0.0,3.019840220000006,0.0,0.0
THR 119,38.119,0.0,0.0,-4.141,0.0,0.0,-55.746,0.0,0.0,-3.058,0.0,0.0,0.47476490000000005,0.0,0.0,-24.3512351,0.0,0.0
HID 120,88.278,0.0,0.0,-9.906,0.0,0.0,-61.294,0.0,0.0,-7.748,0.0,0.0,0.23856672,0.0,0.0,9.568566720000002,0.0,0.0
ASN 121,44.204,0.0,0.0,-3.875,0.0,0.0,-85.339,0.0,0.0,-14.72,0.0,0.0,0.7219494200000001,0.0,0.0,-59.008050579999995,0.0,0.0
PRO 122,97.482,0.0,0.0,-3.303,0.0,0.0,-60.57,0.0,0.0,-3.384,0.0,0.0,0.5931702200000001,0.0,0.0,30.818170220000003,0.0,0.0
PRO 123,87.721,0.0,0.0,-6.15,0.0,0.0,-58.486,0.0,0.0,-3.37,0.0,0.0,0.4106192000000001,0.0,0.0,20.1256192,0.0,0.0
ILE 124,90.813,0.0,0.0,-5.774,0.0,0.0,-63.518,0.0,0.0,-2.321,0.0,0.0,0.24656122000000003,0.0,0.0,19.44656122,0.0,0.0
PRO 125,88.199,0.0,0.0,-5.277,0.0,0.0,-65.901,0.0,0.0,-0.189,0.0,0.0,0.3443868,0.0,0.0,17.1763868,0.0,0.0
VAL 126,53.418,0.0,0.0,-8.939,0.0,0.0,-55.514,0.0,0.0,-1.177,0.0,0.0,0.0030081000000000005,0.0,0.0,-12.208991900000003,0.0,0.0
GLY 127,75.516,0.0,0.0,-5.531,0.0,0.0,-72.026,0.0,0.0,-2.009,0.0,0.0,0.02535476,0.0,0.0,-4.024645239999997,0.0,0.0
GLU 128,101.057,0.0,0.0,-6.315,0.0,0.0,-106.511,0.0,0.0,-44.335,0.0,0.0,0.41970312000000004,0.0,0.0,-55.68429687999999,0.0,0.0
ILE 129,88.298,0.0,0.0,-11.417,0.0,0.0,-63.939,0.0,0.0,-0.88,0.0,0.0,0.04880168,0.0,0.0,12.11080168,0.0,0.0
TYR 130,96.567,0.0,0.0,-16.24,0.0,0.0,-88.358,0.0,0.0,-2.899,0.0,0.0,0.03833566000000001,0.0,0.0,-10.891664340000007,0.0,0.0
LYS 131,147.77,0.0,0.0,-11.108,0.0,0.0,-155.094,0.0,0.0,14.283,0.0,0.0,0.07949514,0.0,0.0,-4.069504859999989,0.0,0.0
ARG 132,-183.386,0.0,0.0,-9.972,0.0,0.0,31.313,0.0,0.0,-12.742,0.0,0.0,0.8014879200000001,0.0,0.0,-173.98551208,0.0,0.0
TRP 133,125.437,0.0,0.0,-20.155,0.0,0.0,-97.844,0.0,0.0,-2.516,0.0,0.0,0.07038412000000001,0.0,0.0,4.992384120000002,0.0,0.0
ILE 134,86.241,0.0,0.0,-9.947,0.0,0.0,-70.627,0.0,0.0,-0.11,0.0,0.0,0.010563580000000001,0.0,0.0,5.567563580000002,0.0,0.0
ILE 135,76.795,0.0,0.0,-8.488,0.0,0.0,-62.922,0.0,0.0,1.396,0.0,0.0,0.23789464000000002,0.0,0.0,7.018894640000005,0.0,0.0
LEU 136,68.256,0.0,0.0,-7.742,0.0,0.0,-75.657,0.0,0.0,3.106,0.0,0.0,0.41232108,0.0,0.0,-11.624678919999994,0.0,0.0
GLY 137,82.429,0.0,0.0,-6.56,0.0,0.0,-78.85,0.0,0.0,0.783,0.0,0.0,0.0,0.0,0.0,-2.1979999999999946,0.0,0.0
LEU 138,61.178,0.0,0.0,-10.622,0.0,0.0,-63.259,0.0,0.0,-1.304,0.0,0.0,0.04027602,0.0,0.0,-13.966723980000003,0.0,0.0
ASN 139,37.474,0.0,0.0,-7.191,0.0,0.0,-93.835,0.0,0.0,-3.819,0.0,0.0,0.28846866,0.0,0.0,-67.08253133999999,0.0,0.0
LYS 140,134.029,0.0,0.0,-7.649,0.0,0.0,-118.166,0.0,0.0,-24.85,0.0,0.0,0.6246604200000001,0.0,0.0,-16.01133958,0.0,0.0
ILE 141,96.701,0.0,0.0,-7.705,0.0,0.0,-80.453,0.0,0.0,-1.844,0.0,0.0,0.09193404000000001,0.0,0.0,6.790934039999992,0.0,0.0
VAL 142,66.471,0.0,0.0,-8.081,0.0,0.0,-60.202,0.0,0.0,-2.45,0.0,0.0,0.0,0.0,0.0,-4.261999999999998,0.0,0.0
ARG 143,-193.16,0.0,0.0,-8.833,0.0,0.0,77.482,0.0,0.0,-40.474,0.0,0.0,0.8735088799999999,0.0,0.0,-164.11149111999998,0.0,0.0
MET 144,89.027,0.0,0.0,-7.636,0.0,0.0,-73.57,0.0,0.0,-8.709,0.0,0.0,0.57066096,0.0,0.0,-0.31733903999998747,0.0,0.0
TYR 145,92.891,0.0,0.0,-9.356,0.0,0.0,-81.579,0.0,0.0,-14.642,0.0,0.0,0.7762578200000001,0.0,0.0,-11.909742179999983,0.0,0.0
SER 146,86.206,0.0,0.0,-3.333,0.0,0.0,-53.017,0.0,0.0,-14.108,0.0,0.0,0.44408228,0.0,0.0,16.19208228,0.0,0.0
PRO 147,88.998,0.0,0.0,-5.738,0.0,0.0,-68.068,0.0,0.0,-3.456,0.0,0.0,0.30231134000000004,0.0,0.0,12.038311340000007,0.0,0.0
THR 148,53.102,0.0,0.0,-2.462,0.0,0.0,-56.596,0.0,0.0,-9.245,0.0,0.0,0.83309194,0.0,0.0,-14.367908060000003,0.0,0.0
SER 149,62.412,0.0,0.0,-2.223,0.0,0.0,-45.469,0.0,0.0,-13.465,0.0,0.0,0.61719166,0.0,0.0,1.872191659999999,0.0,0.0
ILE 150,60.091,0.0,0.0,-1.245,0.0,0.0,-26.319,0.0,0.0,-10.211,0.0,0.0,1.2852175000000001,0.0,0.0,23.601217500000004,0.0,0.0

Ligand:
Total Energy Decomposition:
Residue,Internal,,,van der Waals,,,Electrostatic,,,Polar Solvation,,,Non-Polar Solv.,,,TOTAL,,
,Avg.,Std. Dev.,Std. Err. of Mean,Avg.,Std. Dev.,Std. Err. of Mean,Avg.,Std. Dev.,Std. Err. of Mean,Avg.,Std. Dev.,Std. Err. of Mean,Avg.,Std. Dev.,Std. Err. of Mean,Avg.,Std. Dev.,Std. Err. of Mean
LEU   1,39.623,0.0,0.0,-3.47,0.0,0.0,-40.477,0.0,0.0,-4.677,0.0,0.0,0.9737138399999999,0.0,0.0,-8.027286159999997,0.0,0.0
ASP   2,100.249,0.0,0.0,-3.533,0.0,0.0,-101.369,0.0,0.0,-51.865,0.0,0.0,0.58062292,0.0,0.0,-55.937377080000005,0.0,0.0
ILE   3,97.796,0.0,0.0,-7.113,0.0,0.0,-67.208,0.0,0.0,-5.708,0.0,0.0,0.22806818,0.0,0.0,17.99506818000001,0.0,0.0
ARG   4,-187.146,0.0,0.0,-6.851,0.0,0.0,22.543,0.0,0.0,-1.931,0.0,0.0,0.7459817,0.0,0.0,-172.6390183,0.0,0.0
GLN   5,32.639,0.0,0.0,-11.361,0.0,0.0,-85.783,0.0,0.0,-2.012,0.0,0.0,0.15161908000000002,0.0,0.0,-66.36538091999999,0.0,0.0
GLY   6,83.393,0.0,0.0,-3.259,0.0,0.0,-69.395,0.0,0.0,-7.456,0.0,0.0,0.13165722000000002,0.0,0.0,3.414657220000004,0.0,0.0
PRO   7,88.305,0.0,0.0,-3.179,0.0,0.0,-50.647,0.0,0.0,-11.631,0.0,0.0,0.8273901,0.0,0.0,23.675390100000005,0.0,0.0
LYS   8,122.589,0.0,0.0,-3.661,0.0,0.0,-91.047,0.0,0.0,-41.806,0.0,0.0,1.01983262,0.0,0.0,-12.905167379999996,0.0,0.0
GLU   9,109.807,0.0,0.0,-7.619,0.0,0.0,-119.939,0.0,0.0,-32.558,0.0,0.0,0.21345586000000003,0.0,0.0,-50.09554413999999,0.0,0.0
PRO  10,74.948,0.0,0.0,-7.91,0.0,0.0,-57.91,0.0,0.0,-1.24,0.0,0.0,0.11361946,0.0,0.0,8.00161946,0.0,0.0
PHE  11,102.901,0.0,0.0,-14.655,0.0,0.0,-75.168,0.0,0.0,-2.063,0.0,0.0,0.0021571600000000004,0.0,0.0,11.017157159999988,0.0,0.0
ARG  12,-201.867,0.0,0.0,-7.877,0.0,0.0,36.214,0.0,0.0,-5.452,0.0,0.0,0.78856664,0.0,0.0,-178.19343336,0.0,0.0
ASP  13,85.762,0.0,0.0,-7.212,0.0,0.0,-74.478,0.0,0.0,-68.689,0.0,0.0,0.34512392000000003,0.0,0.0,-64.27187607999998,0.0,0.0
TYR  14,105.879,0.0,0.0,-17.296,0.0,0.0,-99.371,0.0,0.0,-0.008,0.0,0.0,0.0,0.0,0.0,-10.795999999999996,0.0,0.0
VAL  15,50.458,0.0,0.0,-8.571,0.0,0.0,-59.653,0.0,0.0,3.588,0.0,0.0,0.0374793,0.0,0.0,-14.140520699999998,0.0,0.0
ASP  16,99.147,0.0,0.0,-7.604,0.0,0.0,-67.184,0.0,0.0,-75.386,0.0,0.0,0.48646126,0.0,0.0,-50.54053873999999,0.0,0.0
ARG  17,-191.314,0.0,0.0,-10.485,0.0,0.0,11.847,0.0,0.0,2.987,0.0,0.0,0.45844528000000007,0.0,0.0,-186.50655471999997,0.0,0.0
PHE  18,103.059,0.0,0.0,-14.081,0.0,0.0,-83.678,0.0,0.0,1.458,0.0,0.0,0.04278548,0.0,0.0,6.800785479999997,0.0,0.0
TYR  19,97.576,0.0,0.0,-10.479,0.0,0.0,-94.402,0.0,0.0,-1.066,0.0,0.0,0.31882066000000003,0.0,0.0,-8.052179340000007,0.0,0.0
LYS  20,138.407,0.0,0.0,-7.544,0.0,0.0,-103.236,0.0,0.0,-43.2,0.0,0.0,0.70694144,0.0,0.0,-14.866058560000008,0.0,0.0
THR  21,46.027,0.0,0.0,-7.973,0.0,0.0,-57.983,0.0,0.0,-4.0,0.0,0.0,0.27789424,0.0,0.0,-23.651105759999997,0.0,0.0
LEU  22,75.896,0.0,0.0,-10.741,0.0,0.0,-70.124,0.0,0.0,-1.018,0.0,0.0,0.07327840000000001,0.0,0.0,-5.9137215999999935,0.0,0.0
ARG  23,-197.26,0.0,0.0,-7.599,0.0,0.0,82.65,0.0,0.0,-46.886,0.0,0.0,0.81699454,0.0,0.0,-168.27800545999997,0.0,0.0
ALA  24,85.7,0.0,0.0,-4.236,0.0,0.0,-78.095,0.0,0.0,-6.848,0.0,0.0,0.37179574,0.0,0.0,-3.10720426,0.0,0.0
GLU  25,107.404,0.0,0.0,-4.024,0.0,0.0,-76.553,0.0,0.0,-78.024,0.0,0.0,0.75073504,0.0,0.0,-50.44626496,0.0,0.0
GLN  26,34.418,0.0,0.0,-3.192,0.0,0.0,-59.33,0.0,0.0,-24.443,0.0,0.0,0.88099932,0.0,0.0,-51.666000679999996,0.0,0.0
ALA  27,99.267,0.0,0.0,-5.193,0.0,0.0,-86.535,0.0,0.0,-1.643,0.0,0.0,0.14577632000000001,0.0,0.0,6.041776320000002,0.0,0.0
SER  28,84.091,0.0,0.0,-3.903,0.0,0.0,-72.525,0.0,0.0,-10.12,0.0,0.0,0.44756192,0.0,0.0,-2.0094380800000167,0.0,0.0
GLN  29,32.77,0.0,0.0,-3.61,0.0,0.0,-61.726,0.0,0.0,-18.241,0.0,0.0,0.7306485200000001,0.0,0.0,-50.07635147999999,0.0,0.0
GLU  30,112.141,0.0,0.0,-4.493,0.0,0.0,-76.881,0.0,0.0,-82.213,0.0,0.0,0.7341606800000001,0.0,0.0,-50.71183931999998,0.0,0.0
VAL  31,66.355,0.0,0.0,-6.459,0.0,0.0,-57.899,0.0,0.0,-4.164,0.0,0.0,0.34895586,0.0,0.0,-1.8180441399999998,0.0,0.0
LYS  32,118.161,0.0,0.0,-11.222,0.0,0.0,-99.83,0.0,0.0,-25.083,0.0,0.0,0.20431774000000003,0.0,0.0,-17.76968225999999,0.0,0.0
ASN  33,21.914,0.0,0.0,-7.849,0.0,0.0,-86.291,0.0,0.0,-4.157,0.0,0.0,0.44613104000000003,0.0,0.0,-75.93686896,0.0,0.0
TRP  34,124.41,0.0,0.0,-11.26,0.0,0.0,-91.122,0.0,0.0,-6.203,0.0,0.0,0.84782892,0.0,0.0,16.672828919999994,0.0,0.0
MET  35,100.252,0.0,0.0,-10.997,0.0,0.0,-86.415,0.0,0.0,-0.195,0.0,0.0,0.24796500000000002,0.0,0.0,2.8929649999999896,0.0,0.0
THR  36,41.644,0.0,0.0,-7.624,0.0,0.0,-57.61,0.0,0.0,-0.731,0.0,0.0,0.11778744000000001,0.0,0.0,-24.203212560000004,0.0,0.0
GLU  37,100.341,0.0,0.0,-6.433,0.0,0.0,-56.574,0.0,0.0,-87.359,0.0,0.0,0.56291036,0.0,0.0,-49.46208964,0.0,0.0
THR  38,46.45,0.0,0.0,-6.003,0.0,0.0,-54.404,0.0,0.0,0.426,0.0,0.0,0.25367226,0.0,0.0,-13.27732774,0.0,0.0
LEU  39,64.747,0.0,0.0,-7.888,0.0,0.0,-67.324,0.0,0.0,-0.127,0.0,0.0,0.26076704,0.0,0.0,-10.331232959999998,0.0,0.0
LEU  40,89.209,0.0,0.0,-12.357,0.0,0.0,-91.267,0.0,0.0,0.106,0.0,0.0,0.00072086,0.0,0.0,-14.308279139999993,0.0,0.0
VAL  41,51.429,0.0,0.0,-8.741,0.0,0.0,-58.888,0.0,0.0,0.35,0.0,0.0,0.09663859999999999,0.0,0.0,-15.753361399999996,0.0,0.0
GLN  42,20.107,0.0,0.0,-7.639,0.0,0.0,-62.08,0.0,0.0,-10.038,0.0,0.0,0.5526503,0.0,0.0,-59.09734969999999,0.0,0.0
ASN  43,24.723,0.0,0.0,-8.58,0.0,0.0,-75.791,0.0,0.0,-6.112,0.0,0.0,0.18452932,0.0,0.0,-65.57547068,0.0,0.0
ALA  44,97.397,0.0,0.0,-7.669,0.0,0.0,-87.46,0.0,0.0,2.742,0.0,0.0,0.011484980000000002,0.0,0.0,5.0214849800000145,0.0,0.0
ASN  45,53.917,0.0,0.0,-8.261,0.0,0.0,-98.844,0.0,0.0,-7.828,0.0,0.0,0.2039004,0.0,0.0,-60.81209959999999,0.0,0.0
PRO  46,80.097,0.0,0.0,-6.924,0.0,0.0,-58.515,0.0,0.0,-2.225,0.0,0.0,0.46171896000000007,0.0,0.0,12.894718959999988,0.0,0.0
ASP  47,80.732,0.0,0.0,-6.429,0.0,0.0,-59.438,0.0,0.0,-71.569,0.0,0.0,0.59139246,0.0,0.0,-56.112607540000006,0.0,0.0
CYX  48,96.923,0.0,0.0,-8.093,0.0,0.0,-78.071,0.0,0.0,-2.059,0.0,0.0,0.05311600000000001,0.0,0.0,8.753115999999999,0.0,0.0
LYS  49,144.993,0.0,0.0,-11.501,0.0,0.0,-120.702,0.0,0.0,-19.603,0.0,0.0,0.27219782,0.0,0.0,-6.54080218000001,0.0,0.0
THR  50,36.9,0.0,0.0,-6.721,0.0,0.0,-41.757,0.0,0.0,-10.246,0.0,0.0,0.5225638800000001,0.0,0.0,-21.301436119999998,0.0,0.0
ILE  51,78.136,0.0,0.0,-7.072,0.0,0.0,-57.333,0.0,0.0,-0.668,0.0,0.0,0.42187112000000004,0.0,0.0,13.484871119999996,0.0,0.0
LEU  52,75.092,0.0,0.0,-13.385,0.0,0.0,-66.307,0.0,0.0,-6.029,0.0,0.0,0.0324658,0.0,0.0,-10.5965342,0.0,0.0
LYS  53,119.222,0.0,0.0,-7.838,0.0,0.0,-85.23,0.0,0.0,-43.027,0.0,0.0,0.74875674,0.0,0.0,-16.124243260000004,0.0,0.0
ALA  54,84.09,0.0,0.0,-3.183,0.0,0.0,-72.194,0.0,0.0,-6.148,0.0,0.0,0.50098686,0.0,0.0,3.0659868600000086,0.0,0.0
LEU  55,72.639,0.0,0.0,-8.322,0.0,0.0,-71.52,0.0,0.0,-7.194,0.0,0.0,0.32851704000000004,0.0,0.0,-14.068482960000003,0.0,0.0
GLY  56,90.924,0.0,0.0,-3.176,0.0,0.0,-71.37,0.0,0.0,-10.422,0.0,0.0,0.16212846,0.0,0.0,6.118128459999999,0.0,0.0
PRO  57,77.5,0.0,0.0,-2.354,0.0,0.0,-51.635,0.0,0.0,-9.436,0.0,0.0,0.7747022800000001,0.0,0.0,14.849702280000002,0.0,0.0
GLY  58,68.557,0.0,0.0,-1.75,0.0,0.0,-63.529,0.0,0.0,-6.067,0.0,0.0,0.44795758,0.0,0.0,-2.3410424200000013,0.0,0.0
ALA  59,99.671,0.0,0.0,-4.488,0.0,0.0,-92.357,0.0,0.0,-0.341,0.0,0.0,0.12833476000000002,0.0,0.0,2.6133347600000074,0.0,0.0
THR  60,45.965,0.0,0.0,-4.598,0.0,0.0,-57.935,0.0,0.0,-3.738,0.0,0.0,0.41669502,0.0,0.0,-19.88930498,0.0,0.0
LEU  61,64.809,0.0,0.0,-8.556,0.0,0.0,-67.517,0.0,0.0,-3.767,0.0,0.0,0.27892946,0.0,0.0,-14.752070539999995,0.0,0.0
GLU  62,105.033,0.0,0.0,-6.498,0.0,0.0,-59.076,0.0,0.0,-94.706,0.0,0.0,0.63959252,0.0,0.0,-54.607407480000006,0.0,0.0
GLU  63,104.445,0.0,0.0,-7.928,0.0,0.0,-56.482,0.0,0.0,-90.98,0.0,0.0,0.43663520000000006,0.0,0.0,-50.50836480000001,0.0,0.0
MET  64,91.061,0.0,0.0,-12.885,0.0,0.0,-78.081,0.0,0.0,-1.315,0.0,0.0,0.03481808,0.0,0.0,-1.185181920000001,0.0,0.0
MET  65,97.601,0.0,0.0,-10.349,0.0,0.0,-87.133,0.0,0.0,-1.72,0.0,0.0,0.26615994000000004,0.0,0.0,-1.33484006,0.0,0.0
THR  66,42.236,0.0,0.0,-4.738,0.0,0.0,-51.501,0.0,0.0,-3.186,0.0,0.0,0.44624486,0.0,0.0,-16.74275514,0.0,0.0
ALA  67,80.093,0.0,0.0,-5.71,0.0,0.0,-64.908,0.0,0.0,-3.783,0.0,0.0,0.18327188,0.0,0.0,5.875271880000009,0.0,0.0
CYX  68,96.56,0.0,0.0,-7.425,0.0,0.0,-83.008,0.0,0.0,-0.687,0.0,0.0,0.05547912000000001,0.0,0.0,5.4954791200000095,0.0,0.0
GLN  69,35.257,0.0,0.0,-5.088,0.0,0.0,-76.132,0.0,0.0,-14.927,0.0,0.0,0.7138953,0.0,0.0,-60.17610470000001,0.0,0.0
GLY  70,98.078,0.0,0.0,-3.446,0.0,0.0,-81.238,0.0,0.0,-7.992,0.0,0.0,0.13034558000000002,0.0,0.0,5.532345580000006,0.0,0.0
VAL  71,35.21,0.0,0.0,-3.786,0.0,0.0,-28.361,0.0,0.0,-89.309,0.0,0.0,0.8138401000000001,0.0,0.0,-85.4321599,0.0,0.0

DELTAS:
Total Energy Decomposition:
Residue,Location,Internal,,,van der Waals,,,Electrostatic,,,Polar Solvation,,,Non-Polar Solv.,,,TOTAL,,
,,Avg.,Std. Dev.,Std. Err. of Mean,Avg.,Std. Dev.,Std. Err. of Mean,Avg.,Std. Dev.,Std. Err. of Mean,Avg.,Std. Dev.,Std. Err. of Mean,Avg.,Std. Dev.,Std. Err. of Mean
PRO   1,R PRO   1,0.0,0.0,0.0,-0.001000000000000334,0.0,0.0,-6.227999999999994,0.0,0.0,6.228999999999999,0.0,0.0,0.0,0.0,0.0,0.0,0.0,0.0
ILE   2,R ILE   2,0.0,0.0,0.0,-0.0009999999999994458,0.0,0.0,0.0350000000000108,0.0,0.0,-0.0349999999999997,0.0,0.0,0.0,0.0,0.0,-0.0009999999999799059,0.0,0.0
VAL   3,R VAL   3,0.0,0.0,0.0,0.0,0.0,0.0,0.022999999999996135,0.0,0.0,-0.022999999999999687,0.0,0.0,0.0,0.0,0.0,-3.552713678800501e-15,0.0,0.0
GLN   4,R GLN   4,0.0,0.0,0.0,-0.001000000000000334,0.0,0.0,-0.16600000000000392,0.0,0.0,0.1659999999999986,0.0,0.0,0.0,0.0,0.0,-0.0010000000000047748,0.0,0.0
ASN   5,R ASN   5,0.0,0.0,0.0,0.0,0.0,0.0,0.03999999999999204,0.0,0.0,-0.040000000000000036,0.0,0.0,0.0,0.0,0.0,-1.4210854715202004e-14,0.0,0.0
LEU   6,R LEU   6,0.0,0.0,0.0,-0.001000000000000334,0.0,0.0,0.05299999999999727,0.0,0.0,-0.052999999999999936,0.0,0.0,0.0,0.0,0.0,-0.0010000000000083276,0.0,0.0
GLN   7,R GLN   7,0.0,0.0,0.0,0.0,0.0,0.0,0.038000000000010914,0.0,0.0,-0.038000000000000256,0.0,0.0,0.0,0.0,0.0,1.4210854715202004e-14,0.0,0.0
GLY   8,R GLY   8,0.0,0.0,0.0,0.0,0.0,0.0,0.04000000000000625,0.0,0.0,-0.040000000000000036,0.0,0.0,0.0,0.0,0.0,6.217248937900877e-15,0.0,0.0
GLN   9,R GLN   9,0.0,0.0,0.0,-0.0009999999999994458,0.0,0.0,0.0660000000000025,0.0,0.0,-0.0649999999999995,0.0,0.0,0.0,0.0,0.0,7.105427357601002e-15,0.0,0.0
MET  10,R MET  10,0.0,0.0,0.0,0.0,0.0,0.0,0.015000000000000568,0.0,0.0,-0.014000000000000234,0.0,0.0,0.0,0.0,0.0,0.0009999999999994458,0.0,0.0
VAL  11,R VAL  11,0.0,0.0,0.0,0.0,0.0,0.0,0.06700000000000017,0.0,0.0,-0.06700000000000017,0.0,0.0,0.0,0.0,0.0,0.0,0.0,0.0
HID  12,R HID  12,0.0,0.0,0.0,-0.0010000000000012221,0.0,0.0,0.045000000000001705,0.0,0.0,-0.04499999999999993,0.0,0.0,0.0,0.0,0.0,-0.0010000000000029985,0.0,0.0
GLN  13,R GLN  13,0.0,0.0,0.0,0.0,0.0,0.0,0.07900000000000773,0.0,0.0,-0.07899999999999885,0.0,0.0,0.0,0.0,0.0,7.105427357601002e-15,0.0,0.0
ALA  14,R ALA  14,0.0,0.0,0.0,-0.001000000000000334,0.0,0.0,-0.005000000000009663,0.0,0.0,0.004999999999999893,0.0,0.0,0.0,0.0,0.0,-0.001000000000015433,0.0,0.0
ILE  15,R ILE  15,0.0,0.0,0.0,0.0,0.0,0.0,-0.09300000000000352,0.0,0.0,0.09399999999999942,0.0,0.0,0.0,0.0,0.0,0.0009999999999941167,0.0,0.0
SER  16,R SER  16,0.0,0.0,0.0,-0.001000000000000334,0.0,0.0,-0.01899999999999835,0.0,0.0,0.017999999999999794,0.0,0.0,0.0,0.0,0.0,-0.0020000000000033324,0.0,0.0
PRO  17,R PRO  17,0.0,0.0,0.0,-0.001000000000000334,0.0,0.0,-0.014999999999993463,0.0,0.0,0.01499999999999968,0.0,0.0,0.0,0.0,0.0,-0.0010000000000012221,0.0,0.0
ARG  18,R ARG  18,0.0,0.0,0.0,-0.001000000000000334,0.0,0.0,-5.194000000000003,0.0,0.0,5.2010000000000005,0.0,0.0,0.0,0.0,0.0,0.006000000000028649,0.0,0.0
THR  19,R THR  19,0.0,0.0,0.0,-0.002000000000000668,0.0,0.0,0.013999999999995794,0.0,0.0,-0.009000000000000341,0.0,0.0,0.0,0.0,0.0,0.0030000000000001137,0.0,0.0
LEU  20,R LEU  20,0.0,0.0,0.0,-0.0010000000000012221,0.0,0.0,-0.03599999999999426,0.0,0.0,0.03500000000000014,0.0,0.0,0.0,0.0,0.0,-0.001999999999991786,0.0,0.0
ASN  21,R ASN  21,0.0,0.0,0.0,-0.001000000000000334,0.0,0.0,-0.15900000000000603,0.0,0.0,0.16300000000000026,0.0,0.0,0.0,0.0,0.0,0.0030000000000001137,0.0,0.0
ALA  22,R ALA  22,0.0,0.0,0.0,-0.0019999999999997797,0.0,0.0,-0.18900000000000716,0.0,0.0,0.18999999999999995,0.0,0.0,0.0,0.0,0.0,-0.0010000000000029985,0.0,0.0
TRP  23,R TRP  23,0.0,0.0,0.0,-0.009000000000000341,0.0,0.0,-0.07799999999998875,0.0,0.0,0.08800000000000008,0.0,0.0,0.0,0.0,0.0,0.001000000000010104,0.0,0.0
VAL  24,R VAL  24,0.0,0.0,0.0,-0.0039999999999995595,0.0,0.0,-0.10699999999999932,0.0,0.0,0.1120000000000001,0.0,0.0,0.0,0.0,0.0,0.000999999999995893,0.0,0.0
LYS  25,R LYS  25,0.0,0.0,0.0,-0.007999999999999119,0.0,0.0,-3.0250000000000057,0.0,0.0,3.0839999999999996,0.0,0.0,0.0,0.0,0.0,0.05099999999999838,0.0,0.0
VAL  26,R VAL  26,0.0,0.0,0.0,-0.02000000000000135,0.0,0.0,-0.561000000000007,0.0,0.0,0.5830000000000002,0.0,0.0,0.0,0.0,0.0,0.001999999999991786,0.0,0.0
VAL  27,R VAL  27,0.0,0.0,0.0,-0.012000000000000455,0.0,0.0,-0.1559999999999988,0.0,0.0,0.16900000000000004,0.0,0.0,0.0,0.0,0.0,0.0009999999999976694,0.0,0.0
GLU  28,R GLU  28,0.0,0.0,0.0,-0.012000000000000455,0.0,0.0,2.1000000000000085,0.0,0.0,-2.0689999999999955,0.0,0.0,0.0,0.0,0.0,0.019000000000012562,0.0,0.0
GLU  29,R GLU  29,0.0,0.0,0.0,-0.04600000000000026,0.0,0.0,-3.414999999999992,0.0,0.0,3.6019999999999897,0.0,0.0,0.0,0.0,0.0,0.14099999999999113,0.0,0.0
LYS  30,R LYS  30,0.0,0.0,0.0,-0.6109999999999998,0.0,0.0,20.837999999999994,0.0,0.0,-17.144,0.0,0.0,-0.09272535999999998,0.0,0.0,2.990274639999992,0.0,0.0
ALA  31,R ALA  31,0.0,0.0,0.0,-0.03399999999999981,0.0,0.0,-0.7120000000000033,0.0,0.0,0.8099999999999996,0.0,0.0,0.0,0.0,0.0,0.0640000000000045,0.0,0.0
PHE  32,R PHE  32,0.0,0.0,0.0,-0.07399999999999984,0.0,0.0,0.3500000000000085,0.0,0.0,-0.16000000000000014,0.0,0.0,0.0,0.0,0.0,0.1159999999999961,0.0,0.0
SER  33,R SER  33,0.0,0.0,0.0,-0.5870000000000006,0.0,0.0,-3.0259999999999962,0.0,0.0,3.702,0.0,0.0,-0.06629743999999999,0.0,0.0,0.022702560000000815,0.0,0.0
PRO  34,R PRO  34,0.0,0.0,0.0,-1.9720000000000004,0.0,0.0,-2.517000000000003,0.0,0.0,2.67,0.0,0.0,-0.21439894000000004,0.0,0.0,-2.033398940000014,0.0,0.0
GLU  35,R GLU  35,0.0,0.0,0.0,-1.8059999999999992,0.0,0.0,-35.599000000000004,0.0,0.0,33.963,0.0,0.0,-0.42914476,0.0,0.0,-3.8711447600000213,0.0,0.0
VAL  36,R VAL  36,0.0,0.0,0.0,-0.10199999999999854,0.0,0.0,-0.7609999999999957,0.0,0.0,0.8039999999999999,0.0,0.0,0.0,0.0,0.0,-0.05899999999999217,0.0,0.0
ILE  37,R ILE  37,0.0,0.0,0.0,-0.14100000000000001,0.0,0.0,-0.9420000000000002,0.0,0.0,0.9859999999999999,0.0,0.0,0.0,0.0,0.0,-0.09699999999999243,0.0,0.0
PRO  38,R PRO  38,0.0,0.0,0.0,-0.6840000000000002,0.0,0.0,-0.27899999999999636,0.0,0.0,0.3120000000000003,0.0,0.0,-0.13789564000000004,0.0,0.0,-0.7888956399999927,0.0,0.0
MET  39,R MET  39,0.0,0.0,0.0,-0.0730000000000004,0.0,0.0,0.08799999999999386,0.0,0.0,-0.021999999999999797,0.0,0.0,0.0,0.0,0.0,-0.007000000000013884,0.0,0.0
PHE  40,R PHE  40,0.0,0.0,0.0,-0.018000000000000682,0.0,0.0,-0.28999999999999204,0.0,0.0,0.30500000000000016,0.0,0.0,0.0,0.0,0.0,-0.00299999999999212,0.0,0.0
SER  41,R SER  41,0.0,0.0,0.0,-0.01100000000000012,0.0,0.0,-0.34899999999999665,0.0,0.0,0.3849999999999998,0.0,0.0,0.0,0.0,0.0,0.025000000000000355,0.0,0.0
ALA  42,R ALA  42,0.0,0.0,0.0,-0.006999999999999673,0.0,0.0,-0.006000000000000227,0.0,0.0,0.015000000000000568,0.0,0.0,0.0,0.0,0.0,0.001999999999995339,0.0,0.0
LEU  43,R LEU  43,0.0,0.0,0.0,-0.006999999999999673,0.0,0.0,-0.021000000000000796,0.0,0.0,0.027000000000000135,0.0,0.0,0.0,0.0,0.0,-0.0009999999999914522,0.0,0.0
SER  44,R SER  44,0.0,0.0,0.0,-0.002000000000000668,0.0,0.0,0.0940000000000083,0.0,0.0,-0.089,0.0,0.0,0.0,0.0,0.0,0.003000000000012548,0.0,0.0
GLU  45,R GLU  45,0.0,0.0,0.0,-0.0030000000000001137,0.0,0.0,7.723999999999997,0.0,0.0,-7.691999999999993,0.0,0.0,0.0,0.0,0.0,0.029000000000003467,0.0,0.0
GLY  46,R GLY  46,0.0,0.0,0.0,-0.0009999999999998899,0.0,0.0,-0.12999999999999545,0.0,0.0,0.131,0.0,0.0,0.0,0.0,0.0,1.3988810110276972e-14,0.0,0.0
ALA  47,R ALA  47,0.0,0.0,0.0,0.0,0.0,0.0,0.10600000000000875,0.0,0.0,-0.10499999999999998,0.0,0.0,0.0,0.0,0.0,0.0010000000000087717,0.0,0.0
THR  48,R THR  48,0.0,0.0,0.0,-0.0009999999999994458,0.0,0.0,0.005000000000002558,0.0,0.0,-0.0050000000000000044,0.0,0.0,0.0,0.0,0.0,-0.000999999999995893,0.0,0.0
PRO  49,R PRO  49,0.0,0.0,0.0,0.0,0.0,0.0,-0.012000000000000455,0.0,0.0,0.0119999999999999,0.0,0.0,0.0,0.0,0.0,-8.881784197001252e-16,0.0,0.0
GLN  50,R GLN  50,0.0,0.0,0.0,0.0,0.0,0.0,-0.05300000000001148,0.0,0.0,0.052999999999999936,0.0,0.0,0.0,0.0,0.0,-7.105427357601002e-15,0.0,0.0
ASP  51,R ASP  51,0.0,0.0,0.0,-0.001000000000000334,0.0,0.0,6.093999999999994,0.0,0.0,-6.095000000000001,0.0,0.0,0.0,0.0,0.0,-0.0020000000000095497,0.0,0.0
LEU  52,R LEU  52,0.0,0.0,0.0,-0.0010000000000012221,0.0,0.0,-0.04200000000000159,0.0,0.0,0.04299999999999998,0.0,0.0,0.0,0.0,0.0,0.0,0.0,0.0
ASN  53,R ASN  53,0.0,0.0,0.0,-0.001000000000000334,0.0,0.0,0.12099999999999511,0.0,0.0,-0.121,0.0,0.0,0.0,0.0,0.0,-0.0010000000000047748,0.0,0.0
THR  54,R THR  54,0.0,0.0,0.0,0.0,0.0,0.0,-0.08800000000000807,0.0,0.0,0.08899999999999997,0.0,0.0,0.0,0.0,0.0,0.000999999999990564,0.0,0.0
MET  55,R MET  55,0.0,0.0,0.0,-0.002000000000000668,0.0,0.0,-0.10400000000001342,0.0,0.0,0.1060000000000001,0.0,0.0,0.0,0.0,0.0,-8.881784197001252e-15,0.0,0.0
LEU  56,R LEU  56,0.0,0.0,0.0,-0.001000000000000334,0.0,0.0,-0.10499999999998977,0.0,0.0,0.1050000000000001,0.0,0.0,0.0,0.0,0.0,-0.0009999999999941167,0.0,0.0
ASN  57,R ASN  57,0.0,0.0,0.0,-0.0009999999999994458,0.0,0.0,-0.03300000000000125,0.0,0.0,0.032999999999999474,0.0,0.0,0.0,0.0,0.0,-0.0010000000000047748,0.0,0.0
THR  58,R THR  58,0.0,0.0,0.0,-0.001000000000000334,0.0,0.0,-0.1560000000000059,0.0,0.0,0.1589999999999998,0.0,0.0,0.0,0.0,0.0,0.001999999999995339,0.0,0.0
VAL  59,R VAL  59,0.0,0.0,0.0,-0.0019999999999997797,0.0,0.0,-0.015000000000000568,0.0,0.0,0.018000000000000016,0.0,0.0,0.0,0.0,0.0,0.0010000000000012221,0.0,0.0
ALA  60,R ALA  60,0.0,0.0,0.0,-0.001000000000000334,0.0,0.0,0.0350000000000108,0.0,0.0,-0.03399999999999981,0.0,0.0,0.0,0.0,0.0,3.552713678800501e-15,0.0,0.0
PRO  61,R PRO  61,0.0,0.0,0.0,-0.0009999999999998899,0.0,0.0,0.02400000000000091,0.0,0.0,-0.02400000000000002,0.0,0.0,0.0,0.0,0.0,-0.0010000000000047748,0.0,0.0
HID  62,R HID  62,0.0,0.0,0.0,-0.0029999999999992255,0.0,0.0,0.07099999999999795,0.0,0.0,-0.05799999999999983,0.0,0.0,0.0,0.0,0.0,0.00999999999999801,0.0,0.0
GLN  63,R GLN  63,0.0,0.0,0.0,-0.001000000000000334,0.0,0.0,0.2739999999999938,0.0,0.0,-0.27099999999999724,0.0,0.0,0.0,0.0,0.0,0.0020000000000024443,0.0,0.0
ALA  64,R ALA  64,0.0,0.0,0.0,-0.0019999999999997797,0.0,0.0,0.1839999999999975,0.0,0.0,-0.17799999999999994,0.0,0.0,0.0,0.0,0.0,0.004000000000001336,0.0,0.0
ALA  65,R ALA  65,0.0,0.0,0.0,-0.0019999999999997797,0.0,0.0,0.23100000000000875,0.0,0.0,-0.22699999999999987,0.0,0.0,0.0,0.0,0.0,0.0020000000000139906,0.0,0.0
ALA  66,R ALA  66,0.0,0.0,0.0,-0.0009999999999994458,0.0,0.0,0.1529999999999916,0.0,0.0,-0.15100000000000002,0.0,0.0,0.0,0.0,0.0,0.0009999999999870113,0.0,0.0
GLN  67,R GLN  67,0.0,0.0,0.0,-0.001000000000000334,0.0,0.0,-0.09999999999999432,0.0,0.0,0.10299999999999976,0.0,0.0,0.0,0.0,0.0,0.0020000000000024443,0.0,0.0
MET  68,R MET  68,0.0,0.0,0.0,-0.0039999999999995595,0.0,0.0,0.16599999999999682,0.0,0.0,-0.15700000000000003,0.0,0.0,0.0,0.0,0.0,0.0049999999999919,0.0,0.0
LEU  69,R LEU  69,0.0,0.0,0.0,-0.005000000000000782,0.0,0.0,0.1840000000000117,0.0,0.0,-0.18199999999999994,0.0,0.0,0.0,0.0,0.0,-0.0029999999999832383,0.0,0.0
LYS  70,R LYS  70,0.0,0.0,0.0,-0.002000000000000668,0.0,0.0,-6.460000000000008,0.0,0.0,6.4559999999999995,0.0,0.0,0.0,0.0,0.0,-0.00600000000000378,0.0,0.0
GLU  71,R GLU  71,0.0,0.0,0.0,-0.001000000000000334,0.0,0.0,7.114999999999995,0.0,0.0,-7.108999999999995,0.0,0.0,0.0,0.0,0.0,0.005000000000009663,0.0,0.0
THR  72,R THR  72,0.0,0.0,0.0,-0.002000000000000668,0.0,0.0,0.01300000000000523,0.0,0.0,-0.0030000000000001137,0.0,0.0,0.0,0.0,0.0,0.008000000000002672,0.0,0.0
ILE  73,R ILE  73,0.0,0.0,0.0,-0.0009999999999994458,0.0,0.0,0.046999999999997044,0.0,0.0,-0.04699999999999971,0.0,0.0,0.0,0.0,0.0,-0.001000000000000334,0.0,0.0
ASN  74,R ASN  74,0.0,0.0,0.0,0.0,0.0,0.0,0.0,0.0,0.0,-0.001000000000000334,0.0,0.0,0.0,0.0,0.0,-0.0010000000000047748,0.0,0.0
GLU  75,R GLU  75,0.0,0.0,0.0,-0.001000000000000334,0.0,0.0,7.7520000000000024,0.0,0.0,-7.745999999999995,0.0,0.0,0.0,0.0,0.0,0.005000000000002558,0.0,0.0
GLU  76,R GLU  76,0.0,0.0,0.0,-0.002000000000000668,0.0,0.0,9.335,0.0,0.0,-9.312000000000012,0.0,0.0,0.0,0.0,0.0,0.020999999999972374,0.0,0.0
ALA  77,R ALA  77,0.0,0.0,0.0,0.0,0.0,0.0,-0.042999999999992156,0.0,0.0,0.04300000000000015,0.0,0.0,0.0,0.0,0.0,7.993605777301127e-15,0.0,0.0
ALA  78,R ALA  78,0.0,0.0,0.0,0.0,0.0,0.0,-0.10900000000000887,0.0,0.0,0.1080000000000001,0.0,0.0,0.0,0.0,0.0,-0.0010000000000087717,0.0,0.0
GLU  79,R GLU  79,0.0,0.0,0.0,-0.0009999999999994458,0.0,0.0,8.879999999999995,0.0,0.0,-8.864999999999995,0.0,0.0,0.0,0.0,0.0,0.013999999999995794,0.0,0.0
TRP  80,R TRP  80,0.0,0.0,0.0,-0.0010000000000012221,0.0,0.0,0.028000000000005798,0.0,0.0,-0.029000000000000026,0.0,0.0,0.0,0.0,0.0,-0.002000000000000668,0.0,0.0
ASP  81,R ASP  81,0.0,0.0,0.0,-0.0009999999999994458,0.0,0.0,6.466999999999999,0.0,0.0,-6.463999999999999,0.0,0.0,0.0,0.0,0.0,0.001999999999995339,0.0,0.0
ARG  82,R ARG  82,0.0,0.0,0.0,-0.0009999999999994458,0.0,0.0,-7.7749999999999995,0.0,0.0,7.768999999999998,0.0,0.0,0.0,0.0,0.0,-0.007000000000005002,0.0,0.0
LEU  83,R LEU  83,0.0,0.0,0.0,0.0,0.0,0.0,-0.060000000000002274,0.0,0.0,0.05999999999999961,0.0,0.0,0.0,0.0,0.0,-3.552713678800501e-15,0.0,0.0
HID  84,R HID  84,0.0,0.0,0.0,-0.001000000000000334,0.0,0.0,0.06199999999999761,0.0,0.0,-0.06199999999999939,0.0,0.0,0.0,0.0,0.0,-0.0010000000000047748,0.0,0.0
PRO  85,R PRO  85,0.0,0.0,0.0,0.0,0.0,0.0,0.03499999999999659,0.0,0.0,-0.03599999999999959,0.0,0.0,0.0,0.0,0.0,-0.0010000000000047748,0.0,0.0
VAL  86,R VAL  86,0.0,0.0,0.0,0.0,0.0,0.0,0.014000000000002899,0.0,0.0,-0.0129999999999999,0.0,0.0,0.0,0.0,0.0,0.0010000000000029985,0.0,0.0
HID  87,R HID  87,0.0,0.0,0.0,0.0,0.0,0.0,-0.00999999999999801,0.0,0.0,0.010000000000001563,0.0,0.0,0.0,0.0,0.0,3.552713678800501e-15,0.0,0.0
ALA  88,R ALA  88,0.0,0.0,0.0,0.0,0.0,0.0,-0.0309999999999917,0.0,0.0,0.030999999999999694,0.0,0.0,0.0,0.0,0.0,7.993605777301127e-15,0.0,0.0
GLY  89,R GLY  89,0.0,0.0,0.0,0.0,0.0,0.0,0.043000000000006366,0.0,0.0,-0.04299999999999926,0.0,0.0,0.0,0.0,0.0,7.105427357601002e-15,0.0,0.0
PRO  90,R PRO  90,0.0,0.0,0.0,-0.001000000000000112,0.0,0.0,0.03200000000000358,0.0,0.0,-0.03200000000000003,0.0,0.0,0.0,0.0,0.0,-0.0010000000000012221,0.0,0.0
ILE  91,R ILE  91,0.0,0.0,0.0,0.0,0.0,0.0,-0.0730000000000004,0.0,0.0,0.0730000000000004,0.0,0.0,0.0,0.0,0.0,0.0,0.0,0.0
ALA  92,R ALA  92,0.0,0.0,0.0,0.0,0.0,0.0,0.04199999999998738,0.0,0.0,-0.0420000000000007,0.0,0.0,0.0,0.0,0.0,-1.4210854715202004e-14,0.0,0.0
PRO  93,R PRO  93,0.0,0.0,0.0,0.0,0.0,0.0,0.03599999999999426,0.0,0.0,-0.036000000000001364,0.0,0.0,0.0,0.0,0.0,-7.105427357601002e-15,0.0,0.0
GLY  94,R GLY  94,0.0,0.0,0.0,0.0,0.0,0.0,-0.007999999999995566,0.0,0.0,0.007999999999999119,0.0,0.0,0.0,0.0,0.0,3.552713678800501e-15,0.0,0.0
GLN  95,R GLN  95,0.0,0.0,0.0,-0.0009999999999994458,0.0,0.0,-0.11299999999999955,0.0,0.0,0.11299999999999955,0.0,0.0,0.0,0.0,0.0,-0.000999999999990564,0.0,0.0
MET  96,R MET  96,0.0,0.0,0.0,0.0,0.0,0.0,0.038000000000010914,0.0,0.0,-0.038000000000000256,0.0,0.0,0.0,0.0,0.0,1.0658141036401503e-14,0.0,0.0
ARG  97,R ARG  97,0.0,0.0,0.0,0.0,0.0,0.0,-5.707000000000001,0.0,0.0,5.704999999999998,0.0,0.0,0.0,0.0,0.0,-0.001999999999981128,0.0,0.0
GLU  98,R GLU  98,0.0,0.0,0.0,-0.001000000000000334,0.0,0.0,6.268000000000001,0.0,0.0,-6.266000000000005,0.0,0.0,0.0,0.0,0.0,0.000999999999990564,0.0,0.0
PRO  99,R PRO  99,0.0,0.0,0.0,0.0,0.0,0.0,0.05500000000000682,0.0,0.0,-0.05400000000000027,0.0,0.0,0.0,0.0,0.0,0.0010000000000083276,0.0,0.0
ARG 100,R ARG 100,0.0,0.0,0.0,0.0,0.0,0.0,-6.227,0.0,0.0,6.225999999999999,0.0,0.0,0.0,0.0,0.0,-0.0010000000000047748,0.0,0.0
GLY 101,R GLY 101,0.0,0.0,0.0,-0.0009999999999994458,0.0,0.0,0.04999999999999716,0.0,0.0,-0.049000000000000155,0.0,0.0,0.0,0.0,0.0,-7.105427357601002e-15,0.0,0.0
SER 102,R SER 102,0.0,0.0,0.0,-0.0009999999999994458,0.0,0.0,-0.006000000000000227,0.0,0.0,0.006999999999999673,0.0,0.0,0.0,0.0,0.0,-5.329070518200751e-15,0.0,0.0
ASP 103,R ASP 103,0.0,0.0,0.0,0.0,0.0,0.0,5.962000000000003,0.0,0.0,-5.9609999999999985,0.0,0.0,0.0,0.0,0.0,0.0010000000000047748,0.0,0.0
ILE 104,R ILE 104,0.0,0.0,0.0,0.0,0.0,0.0,-0.04299999999999926,0.0,0.0,0.043,0.0,0.0,0.0,0.0,0.0,8.881784197001252e-16,0.0,0.0
ALA 105,R ALA 105,0.0,0.0,0.0,-0.001000000000000334,0.0,0.0,-0.042999999999992156,0.0,0.0,0.04399999999999982,0.0,0.0,0.0,0.0,0.0,3.1086244689504383e-15,0.0,0.0
GLY 106,R GLY 106,0.0,0.0,0.0,0.0,0.0,0.0,-0.06400000000000716,0.0,0.0,0.06300000000000017,0.0,0.0,0.0,0.0,0.0,-0.0010000000000065512,0.0,0.0
THR 107,R THR 107,0.0,0.0,0.0,0.0,0.0,0.0,-0.036999999999999034,0.0,0.0,0.03599999999999959,0.0,0.0,0.0,0.0,0.0,-0.0009999999999976694,0.0,0.0
THR 108,R THR 108,0.0,0.0,0.0,0.0,0.0,0.0,-0.01300000000000523,0.0,0.0,0.0129999999999999,0.0,0.0,0.0,0.0,0.0,-5.329070518200751e-15,0.0,0.0
SER 109,R SER 109,0.0,0.0,0.0,0.0,0.0,0.0,0.045000000000001705,0.0,0.0,-0.04500000000000004,0.0,0.0,0.0,0.0,0.0,1.7763568394002505e-15,0.0,0.0
THR 110,R THR 110,0.0,0.0,0.0,0.0,0.0,0.0,0.05100000000000193,0.0,0.0,-0.051000000000000156,0.0,0.0,0.0,0.0,0.0,0.0,0.0,0.0
LEU 111,R LEU 111,0.0,0.0,0.0,0.0,0.0,0.0,0.0660000000000025,0.0,0.0,-0.06700000000000017,0.0,0.0,0.0,0.0,0.0,-0.0009999999999976694,0.0,0.0
GLN 112,R GLN 112,0.0,0.0,0.0,0.0,0.0,0.0,0.08400000000000318,0.0,0.0,-0.08399999999999963,0.0,0.0,0.0,0.0,0.0,0.0,0.0,0.0
GLU 113,R GLU 113,0.0,0.0,0.0,-0.001000000000000334,0.0,0.0,5.641000000000005,0.0,0.0,-5.640000000000001,0.0,0.0,0.0,0.0,0.0,0.0,0.0,0.0
GLN 114,R GLN 114,0.0,0.0,0.0,-0.0009999999999994458,0.0,0.0,0.01100000000000989,0.0,0.0,-0.01100000000000001,0.0,0.0,0.0,0.0,0.0,-0.000999999999990564,0.0,0.0
ILE 115,R ILE 115,0.0,0.0,0.0,0.0,0.0,0.0,0.06900000000000261,0.0,0.0,-0.06899999999999995,0.0,0.0,0.0,0.0,0.0,2.6645352591003757e-15,0.0,0.0
GLY 116,R GLY 116,0.0,0.0,0.0,0.0,0.0,0.0,0.042999999999992156,0.0,0.0,-0.04300000000000015,0.0,0.0,0.0,0.0,0.0,-7.993605777301127e-15,0.0,0.0
TRP 117,R TRP 117,0.0,0.0,0.0,-0.0010000000000012221,0.0,0.0,0.05100000000000193,0.0,0.0,-0.051000000000000156,0.0,0.0,0.0,0.0,0.0,-0.0010000000000012221,0.0,0.0
MET 118,R MET 118,0.0,0.0,0.0,-0.0010000000000012221,0.0,0.0,0.09199999999999875,0.0,0.0,-0.09100000000000019,0.0,0.0,0.0,0.0,0.0,7.993605777301127e-15,0.0,0.0
THR 119,R THR 119,0.0,0.0,0.0,0.0,0.0,0.0,-0.022999999999996135,0.0,0.0,0.022999999999999687,0.0,0.0,0.0,0.0,0.0,3.552713678800501e-15,0.0,0.0
HID 120,R HID 120,0.0,0.0,0.0,0.0,0.0,0.0,-0.019000000000005457,0.0,0.0,0.019000000000000128,0.0,0.0,0.0,0.0,0.0,-3.552713678800501e-15,0.0,0.0
ASN 121,R ASN 121,0.0,0.0,0.0,0.0,0.0,0.0,0.06300000000000239,0.0,0.0,-0.06199999999999939,0.0,0.0,0.0,0.0,0.0,0.0009999999999976694,0.0,0.0
PRO 122,R PRO 122,0.0,0.0,0.0,-0.0009999999999998899,0.0,0.0,-0.09499999999999886,0.0,0.0,0.09499999999999975,0.0,0.0,0.0,0.0,0.0,-0.0010000000000047748,0.0,0.0
PRO 123,R PRO 123,0.0,0.0,0.0,-0.0009999999999994458,0.0,0.0,0.07499999999999574,0.0,0.0,-0.07399999999999984,0.0,0.0,0.0,0.0,0.0,7.105427357601002e-15,0.0,0.0
ILE 124,R ILE 124,0.0,0.0,0.0,0.0,0.0,0.0,-0.07900000000000063,0.0,0.0,0.07800000000000029,0.0,0.0,0.0,0.0,0.0,-0.0009999999999976694,0.0,0.0
PRO 125,R PRO 125,0.0,0.0,0.0,-0.0009999999999994458,0.0,0.0,0.06499999999999773,0.0,0.0,-0.065,0.0,0.0,0.0,0.0,0.0,-0.0010000000000083276,0.0,0.0
VAL 126,R VAL 126,0.0,0.0,0.0,0.0,0.0,0.0,0.07200000000000273,0.0,0.0,-0.07200000000000006,0.0,0.0,0.0,0.0,0.0,1.7763568394002505e-15,0.0,0.0
GLY 127,R GLY 127,0.0,0.0,0.0,-0.001000000000000334,0.0,0.0,0.042999999999992156,0.0,0.0,-0.040999999999999925,0.0,0.0,0.0,0.0,0.0,0.0010000000000021103,0.0,0.0
GLU 128,R GLU 128,0.0,0.0,0.0,-0.0019999999999997797,0.0,0.0,8.594999999999999,0.0,0.0,-8.574999999999996,0.0,0.0,0.0,0.0,0.0,0.018000000000007788,0.0,0.0
ILE 129,R ILE 129,0.0,0.0,0.0,-0.0009999999999994458,0.0,0.0,0.24399999999999977,0.0,0.0,-0.2420000000000001,0.0,0.0,0.0,0.0,0.0,0.000999999999995893,0.0,0.0
TYR 130,R TYR 130,0.0,0.0,0.0,-0.0020000000000024443,0.0,0.0,0.24500000000000455,0.0,0.0,-0.24399999999999977,0.0,0.0,0.0,0.0,0.0,-0.0010000000000047748,0.0,0.0
LYS 131,R LYS 131,0.0,0.0,0.0,-0.0039999999999995595,0.0,0.0,-8.150000000000006,0.0,0.0,8.163000000000002,0.0,0.0,0.0,0.0,0.0,0.00900000000000567,0.0,0.0
ARG 132,R ARG 132,0.0,0.0,0.0,-0.005000000000000782,0.0,0.0,-9.421,0.0,0.0,9.432,0.0,0.0,0.0,0.0,0.0,0.006000000000000227,0.0,0.0
TRP 133,R TRP 133,0.0,0.0,0.0,-0.0030000000000001137,0.0,0.0,0.11099999999999,0.0,0.0,-0.1070000000000002,0.0,0.0,0.0,0.0,0.0,0.0009999999999896758,0.0,0.0
ILE 134,R ILE 134,0.0,0.0,0.0,-0.005000000000000782,0.0,0.0,0.11299999999999955,0.0,0.0,-0.104,0.0,0.0,0.0,0.0,0.0,0.004000000000004,0.0,0.0
ILE 135,R ILE 135,0.0,0.0,0.0,-0.021000000000000796,0.0,0.0,0.44899999999999807,0.0,0.0,-0.43899999999999995,0.0,0.0,0.0,0.0,0.0,-0.011000000000002785,0.0,0.0
LEU 136,R LEU 136,0.0,0.0,0.0,-0.009999999999999787,0.0,0.0,0.5229999999999961,0.0,0.0,-0.508,0.0,0.0,0.0,0.0,0.0,0.0049999999999901235,0.0,0.0
GLY 137,R GLY 137,0.0,0.0,0.0,-0.004000000000000448,0.0,0.0,0.32499999999998863,0.0,0.0,-0.30900000000000005,0.0,0.0,0.0,0.0,0.0,0.011999999999998234,0.0,0.0
LEU 138,R LEU 138,0.0,0.0,0.0,-0.025000000000000355,0.0,0.0,0.46399999999999864,0.0,0.0,-0.4019999999999999,0.0,0.0,0.0,0.0,0.0,0.03700000000000081,0.0,0.0
ASN 139,R ASN 139,0.0,0.0,0.0,-0.06899999999999995,0.0,0.0,2.4129999999999967,0.0,0.0,-2.2140000000000004,0.0,0.0,0.0,0.0,0.0,0.12999999999999545,0.0,0.0
LYS 140,R LYS 140,0.0,0.0,0.0,-0.016000000000000014,0.0,0.0,-11.59299999999999,0.0,0.0,11.612000000000002,0.0,0.0,0.0,0.0,0.0,0.003000000000007219,0.0,0.0
ILE 141,R ILE 141,0.0,0.0,0.0,-0.020999999999999908,0.0,0.0,-0.028999999999996362,0.0,0.0,0.08000000000000007,0.0,0.0,0.0,0.0,0.0,0.030000000000002913,0.0,0.0
VAL 142,R VAL 142,0.0,0.0,0.0,-0.2010000000000005,0.0,0.0,-0.757000000000005,0.0,0.0,0.8360000000000001,0.0,0.0,0.0,0.0,0.0,-0.12199999999999811,0.0,0.0
ARG 143,R ARG 143,0.0,0.0,0.0,0.12100000000000044,0.0,0.0,-50.897,0.0,0.0,44.0,0.0,0.0,-0.18701709999999983,0.0,0.0,-6.963017099999973,0.0,0.0
MET 144,R MET 144,0.0,0.0,0.0,-0.01499999999999968,0.0,0.0,-0.132000000000005,0.0,0.0,0.16199999999999903,0.0,0.0,0.0,0.0,0.0,0.014999999999993463,0.0,0.0
TYR 145,R TYR 145,0.0,0.0,0.0,-0.04299999999999926,0.0,0.0,-0.3760000000000048,0.0,0.0,0.5060000000000002,0.0,0.0,0.0,0.0,0.0,0.08699999999998909,0.0,0.0
SER 146,R SER 146,0.0,0.0,0.0,-0.06599999999999984,0.0,0.0,-1.7509999999999977,0.0,0.0,2.051,0.0,0.0,0.0,0.0,0.0,0.23400000000000176,0.0,0.0
PRO 147,R PRO 147,0.0,0.0,0.0,-0.35599999999999987,0.0,0.0,2.7379999999999995,0.0,0.0,-2.408,0.0,0.0,0.0,0.0,0.0,-0.02599999999999625,0.0,0.0
THR 148,R THR 148,0.0,0.0,0.0,-1.9119999999999995,0.0,0.0,1.5119999999999933,0.0,0.0,0.17199999999999882,0.0,0.0,-0.29655529999999997,0.0,0.0,-0.5245553000000065,0.0,0.0
SER 149,R SER 149,0.0,0.0,0.0,-3.8289999999999997,0.0,0.0,-7.546999999999997,0.0,0.0,9.59,0.0,0.0,-0.40539974,0.0,0.0,-2.191399739999998,0.0,0.0
ILE 150,R ILE 150,18.874000000000002,0.0,0.0,-8.181000000000001,0.0,0.0,-26.301,0.0,0.0,6.107,0.0,0.0,-1.20336466,0.0,0.0,-10.70436466,0.0,0.0
LEU 151,L LEU   1,19.664,0.0,0.0,-2.4199999999999995,0.0,0.0,-25.058,0.0,0.0,0.577,0.0,0.0,-0.2747668999999999,0.0,0.0,-7.511766900000001,0.0,0.0
ASP 152,L ASP   2,0.0,0.0,0.0,-2.3140000000000005,0.0,0.0,2.8190000000000026,0.0,0.0,-1.8900000000000006,0.0,0.0,-0.18362418000000003,0.0,0.0,-1.5686241799999934,0.0,0.0
ILE 153,L ILE   3,0.0,0.0,0.0,-2.4909999999999988,0.0,0.0,-0.05100000000000193,0.0,0.0,0.577,0.0,0.0,-0.20578656,0.0,0.0,-2.170786560000005,0.0,0.0
ARG 154,L ARG   4,0.0,0.0,0.0,-0.20000000000000018,0.0,0.0,-7.8309999999999995,0.0,0.0,8.055,0.0,0.0,0.0,0.0,0.0,0.02400000000000091,0.0,0.0
GLN 155,L GLN   5,0.0,0.0,0.0,-0.019999999999999574,0.0,0.0,0.0379999999999967,0.0,0.0,-0.020000000000000018,0.0,0.0,0.0,0.0,0.0,-0.001999999999995339,0.0,0.0
GLY 156,L GLY   6,0.0,0.0,0.0,-0.004999999999999893,0.0,0.0,-0.05200000000000671,0.0,0.0,0.05800000000000072,0.0,0.0,0.0,0.0,0.0,0.0009999999999985576,0.0,0.0
PRO 157,L PRO   7,0.0,0.0,0.0,-0.0040000000000000036,0.0,0.0,-0.07500000000000284,0.0,0.0,0.07500000000000107,0.0,0.0,0.0,0.0,0.0,-0.003999999999990678,0.0,0.0
LYS 158,L LYS   8,0.0,0.0,0.0,-0.0019999999999997797,0.0,0.0,-6.712000000000003,0.0,0.0,6.715999999999994,0.0,0.0,0.0,0.0,0.0,0.001999999999995339,0.0,0.0
GLU 159,L GLU   9,0.0,0.0,0.0,-0.012000000000000455,0.0,0.0,8.438999999999993,0.0,0.0,-8.363999999999997,0.0,0.0,0.0,0.0,0.0,0.06299999999999528,0.0,0.0
PRO 160,L PRO  10,0.0,0.0,0.0,-0.0039999999999995595,0.0,0.0,0.14799999999999613,0.0,0.0,-0.1479999999999999,0.0,0.0,0.0,0.0,0.0,-0.004000000000009329,0.0,0.0
PHE 161,L PHE  11,0.0,0.0,0.0,-0.008000000000000895,0.0,0.0,0.14800000000001035,0.0,0.0,-0.1349999999999998,0.0,0.0,0.0,0.0,0.0,0.0050000000000149925,0.0,0.0
ARG 162,L ARG  12,0.0,0.0,0.0,-0.004999999999999893,0.0,0.0,-7.221999999999998,0.0,0.0,7.233,0.0,0.0,0.0,0.0,0.0,0.006000000000000227,0.0,0.0
ASP 163,L ASP  13,0.0,0.0,0.0,-0.009000000000000341,0.0,0.0,8.581999999999994,0.0,0.0,-8.52900000000001,0.0,0.0,0.0,0.0,0.0,0.04399999999998272,0.0,0.0
TYR 164,L TYR  14,0.0,0.0,0.0,-0.08800000000000097,0.0,0.0,0.29999999999999716,0.0,0.0,-0.261,0.0,0.0,0.0,0.0,0.0,-0.04899999999999771,0.0,0.0
VAL 165,L VAL  15,0.0,0.0,0.0,-0.02800000000000047,0.0,0.0,0.14499999999999602,0.0,0.0,-0.15399999999999991,0.0,0.0,0.0,0.0,0.0,-0.03700000000000969,0.0,0.0
ASP 166,L ASP  16,0.0,0.0,0.0,-0.027000000000000135,0.0,0.0,9.488999999999997,0.0,0.0,-9.365000000000009,0.0,0.0,0.0,0.0,0.0,0.0969999999999871,0.0,0.0
ARG 167,L ARG  17,0.0,0.0,0.0,-0.24300000000000033,0.0,0.0,-8.951,0.0,0.0,9.238,0.0,0.0,-0.010070360000000056,0.0,0.0,0.03392963999993981,0.0,0.0
PHE 168,L PHE  18,0.0,0.0,0.0,-0.28000000000000114,0.0,0.0,-0.3470000000000084,0.0,0.0,0.6290000000000002,0.0,0.0,-0.03847116,0.0,0.0,-0.03647116000001027,0.0,0.0
TYR 169,L TYR  19,0.0,0.0,0.0,-0.14400000000000013,0.0,0.0,0.3059999999999974,0.0,0.0,-0.19499999999999984,0.0,0.0,0.0,0.0,0.0,-0.03300000000000658,0.0,0.0
LYS 170,L LYS  20,0.0,0.0,0.0,-0.23900000000000077,0.0,0.0,-11.754999999999995,0.0,0.0,12.083000000000002,0.0,0.0,0.0,0.0,0.0,0.08900000000003061,0.0,0.0
THR 171,L THR  21,0.0,0.0,0.0,-2.189000000000001,0.0,0.0,-0.37700000000000244,0.0,0.0,1.318,0.0,0.0,-0.20647490000000002,0.0,0.0,-1.454474900000001,0.0,0.0
LEU 172,L LEU  22,0.0,0.0,0.0,-1.189,0.0,0.0,-0.23400000000000887,0.0,0.0,0.344,0.0,0.0,-0.06680150000000001,0.0,0.0,-1.14580150000001,0.0,0.0
ARG 173,L ARG  23,0.0,0.0,0.0,-0.03200000000000003,0.0,0.0,-31.466000000000008,0.0,0.0,27.045,0.0,0.0,-0.22160754000000005,0.0,0.0,-4.674607540000039,0.0,0.0
ALA 174,L ALA  24,0.0,0.0,0.0,-2.3040000000000003,0.0,0.0,-2.049999999999997,0.0,0.0,4.048,0.0,0.0,-0.22136363999999997,0.0,0.0,-0.527363639999999,0.0,0.0
GLU 175,L GLU  25,0.0,0.0,0.0,-1.7279999999999998,0.0,0.0,-32.455,0.0,0.0,31.500999999999998,0.0,0.0,-0.41507444,0.0,0.0,-3.09707444,0.0,0.0
GLN 176,L GLN  26,0.0,0.0,0.0,-2.659,0.0,0.0,-6.415999999999997,0.0,0.0,7.732000000000003,0.0,0.0,-0.33953047999999997,0.0,0.0,-1.682530479999997,0.0,0.0
ALA 177,L ALA  27,0.0,0.0,0.0,-0.1280000000000001,0.0,0.0,1.0219999999999914,0.0,0.0,-0.865,0.0,0.0,0.0,0.0,0.0,0.028999999999991033,0.0,0.0
SER 178,L SER  28,0.0,0.0,0.0,-0.03699999999999992,0.0,0.0,-0.23099999999999454,0.0,0.0,0.36499999999999844,0.0,0.0,0.0,0.0,0.0,0.09700000000001197,0.0,0.0
GLN 179,L GLN  29,0.0,0.0,0.0,-0.02200000000000024,0.0,0.0,-0.4860000000000042,0.0,0.0,0.5519999999999996,0.0,0.0,0.0,0.0,0.0,0.04399999999999693,0.0,0.0
GLU 180,L GLU  30,0.0,0.0,0.0,-0.011999999999999567,0.0,0.0,7.906000000000006,0.0,0.0,-7.874000000000009,0.0,0.0,0.0,0.0,0.0,0.01999999999999602,0.0,0.0
VAL 181,L VAL  31,0.0,0.0,0.0,-0.05200000000000049,0.0,0.0,0.06400000000000006,0.0,0.0,-0.004000000000000448,0.0,0.0,0.0,0.0,0.0,0.008000000000000007,0.0,0.0
LYS 182,L LYS  32,0.0,0.0,0.0,-0.08399999999999963,0.0,0.0,-9.902000000000001,0.0,0.0,10.248999999999999,0.0,0.0,0.0,0.0,0.0,0.26299999999999457,0.0,0.0
ASN 183,L ASN  33,0.0,0.0,0.0,-0.014000000000000234,0.0,0.0,0.0030000000000001137,0.0,0.0,0.027000000000000135,0.0,0.0,0.0,0.0,0.0,0.016000000000005343,0.0,0.0
TRP 184,L TRP  34,0.0,0.0,0.0,-0.038000000000000256,0.0,0.0,0.03499999999999659,0.0,0.0,0.010000000000000675,0.0,0.0,0.0,0.0,0.0,0.006999999999997897,0.0,0.0
MET 185,L MET  35,0.0,0.0,0.0,-0.7620000000000005,0.0,0.0,0.16200000000000614,0.0,0.0,0.006000000000000005,0.0,0.0,-0.07501822000000002,0.0,0.0,-0.6690182199999946,0.0,0.0
THR 186,L THR  36,0.0,0.0,0.0,-0.02800000000000047,0.0,0.0,0.06099999999999994,0.0,0.0,-0.025000000000000022,0.0,0.0,0.0,0.0,0.0,0.008000000000002672,0.0,0.0
GLU 187,L GLU  37,0.0,0.0,0.0,-0.009000000000000341,0.0,0.0,6.921999999999997,0.0,0.0,-6.893000000000001,0.0,0.0,0.0,0.0,0.0,0.020000000000010232,0.0,0.0
THR 188,L THR  38,0.0,0.0,0.0,-0.02200000000000024,0.0,0.0,0.028000000000005798,0.0,0.0,0.0040000000000000036,0.0,0.0,0.0,0.0,0.0,0.010000000000006892,0.0,0.0
LEU 189,L LEU  39,0.0,0.0,0.0,-0.8559999999999999,0.0,0.0,-0.001999999999995339,0.0,0.0,-0.026999999999999996,0.0,0.0,-0.06039505999999997,0.0,0.0,-0.9453950599999956,0.0,0.0
LEU 190,L LEU  40,0.0,0.0,0.0,-0.09600000000000009,0.0,0.0,0.08399999999998897,0.0,0.0,-0.08399999999999999,0.0,0.0,0.0,0.0,0.0,-0.0960000000000143,0.0,0.0
VAL 191,L VAL  41,0.0,0.0,0.0,-0.014000000000001123,0.0,0.0,0.0379999999999967,0.0,0.0,-0.01599999999999996,0.0,0.0,0.0,0.0,0.0,0.00799999999999379,0.0,0.0
GLN 192,L GLN  42,0.0,0.0,0.0,-0.017999999999999794,0.0,0.0,-0.08800000000000097,0.0,0.0,0.13900000000000112,0.0,0.0,0.0,0.0,0.0,0.03299999999998704,0.0,0.0
ASN 193,L ASN  43,0.0,0.0,0.0,-0.09500000000000064,0.0,0.0,-0.07600000000000762,0.0,0.0,0.18200000000000038,0.0,0.0,-0.0010243799999999914,0.0,0.0,0.009975620000005847,0.0,0.0
ALA 194,L ALA  44,0.0,0.0,0.0,-0.009000000000000341,0.0,0.0,0.018000000000000682,0.0,0.0,-0.01399999999999979,0.0,0.0,0.0,0.0,0.0,-0.004999999999999893,0.0,0.0
ASN 195,L ASN  45,0.0,0.0,0.0,-0.004000000000001336,0.0,0.0,-0.07500000000000284,0.0,0.0,0.0810000000000004,0.0,0.0,0.0,0.0,0.0,0.001999999999995339,0.0,0.0
PRO 196,L PRO  46,0.0,0.0,0.0,-0.0019999999999997797,0.0,0.0,-0.0030000000000001137,0.0,0.0,0.0009999999999998899,0.0,0.0,0.0,0.0,0.0,-0.003999999999996007,0.0,0.0
ASP 197,L ASP  47,0.0,0.0,0.0,-0.0009999999999994458,0.0,0.0,6.258000000000003,0.0,0.0,-6.248999999999995,0.0,0.0,0.0,0.0,0.0,0.008000000000002672,0.0,0.0
CYX 198,L CYX  48,0.0,0.0,0.0,-0.002000000000000668,0.0,0.0,-0.0870000000000033,0.0,0.0,0.09000000000000008,0.0,0.0,0.0,0.0,0.0,0.0010000000000029985,0.0,0.0
LYS 199,L LYS  49,0.0,0.0,0.0,-0.004000000000001336,0.0,0.0,-7.105000000000004,0.0,0.0,7.135000000000002,0.0,0.0,0.0,0.0,0.0,0.026000000000006906,0.0,0.0
THR 200,L THR  50,0.0,0.0,0.0,0.0,0.0,0.0,-0.0730000000000004,0.0,0.0,0.07500000000000107,0.0,0.0,0.0,0.0,0.0,0.0019999999999988916,0.0,0.0
ILE 201,L ILE  51,0.0,0.0,0.0,-0.001000000000000334,0.0,0.0,-0.05000000000000426,0.0,0.0,0.051000000000000045,0.0,0.0,0.0,0.0,0.0,-1.0658141036401503e-14,0.0,0.0
LEU 202,L LEU  52,0.0,0.0,0.0,-0.0030000000000001137,0.0,0.0,-0.04399999999999693,0.0,0.0,0.04800000000000004,0.0,0.0,0.0,0.0,0.0,0.0010000000000029985,0.0,0.0
LYS 203,L LYS  53,0.0,0.0,0.0,-0.0019999999999997797,0.0,0.0,-6.397999999999996,0.0,0.0,6.405000000000001,0.0,0.0,0.0,0.0,0.0,0.0049999999999954525,0.0,0.0
ALA 204,L ALA  54,0.0,0.0,0.0,0.0,0.0,0.0,-0.013999999999995794,0.0,0.0,0.013999999999999346,0.0,0.0,0.0,0.0,0.0,3.552713678800501e-15,0.0,0.0
LEU 205,L LEU  55,0.0,0.0,0.0,-0.0010000000000012221,0.0,0.0,-0.030000000000001137,0.0,0.0,0.030999999999999694,0.0,0.0,0.0,0.0,0.0,7.105427357601002e-15,0.0,0.0
GLY 206,L GLY  56,0.0,0.0,0.0,-0.0009999999999998899,0.0,0.0,0.05200000000000671,0.0,0.0,-0.04899999999999949,0.0,0.0,0.0,0.0,0.0,0.0020000000000024443,0.0,0.0
PRO 207,L PRO  57,0.0,0.0,0.0,0.0,0.0,0.0,-0.05000000000000426,0.0,0.0,0.051000000000000156,0.0,0.0,0.0,0.0,0.0,0.000999999999995893,0.0,0.0
GLY 208,L GLY  58,0.0,0.0,0.0,-0.0009999999999998899,0.0,0.0,0.014000000000002899,0.0,0.0,-0.0129999999999999,0.0,0.0,0.0,0.0,0.0,-1.7763568394002505e-15,0.0,0.0
ALA 209,L ALA  59,0.0,0.0,0.0,-0.0009999999999994458,0.0,0.0,0.08299999999999841,0.0,0.0,-0.07999999999999996,0.0,0.0,0.0,0.0,0.0,0.0019999999999940066,0.0,0.0
THR 210,L THR  60,0.0,0.0,0.0,-0.001000000000000334,0.0,0.0,-0.045999999999999375,0.0,0.0,0.04999999999999982,0.0,0.0,0.0,0.0,0.0,0.002999999999996561,0.0,0.0
LEU 211,L LEU  61,0.0,0.0,0.0,-0.0070000000000014495,0.0,0.0,-0.0730000000000075,0.0,0.0,0.07699999999999996,0.0,0.0,0.0,0.0,0.0,-0.003000000000012548,0.0,0.0
GLU 212,L GLU  62,0.0,0.0,0.0,-0.0019999999999997797,0.0,0.0,6.988999999999997,0.0,0.0,-6.9809999999999945,0.0,0.0,0.0,0.0,0.0,0.006000000000007333,0.0,0.0
GLU 213,L GLU  63,0.0,0.0,0.0,-0.001000000000000334,0.0,0.0,6.436,0.0,0.0,-6.432999999999993,0.0,0.0,0.0,0.0,0.0,0.0020000000000024443,0.0,0.0
MET 214,L MET  64,0.0,0.0,0.0,-0.0039999999999995595,0.0,0.0,-0.08599999999999852,0.0,0.0,0.08999999999999986,0.0,0.0,0.0,0.0,0.0,1.0658141036401503e-14,0.0,0.0
MET 215,L MET  65,0.0,0.0,0.0,-0.0039999999999995595,0.0,0.0,0.016999999999995907,0.0,0.0,-0.013000000000000123,0.0,0.0,0.0,0.0,0.0,5.10702591327572e-15,0.0,0.0
THR 216,L THR  66,0.0,0.0,0.0,-0.0009999999999994458,0.0,0.0,-0.0870000000000033,0.0,0.0,0.08899999999999997,0.0,0.0,0.0,0.0,0.0,0.0009999999999976694,0.0,0.0
ALA 217,L ALA  67,0.0,0.0,0.0,0.0,0.0,0.0,-0.07699999999999818,0.0,0.0,0.07899999999999974,0.0,0.0,0.0,0.0,0.0,0.002000000000000668,0.0,0.0
CYX 218,L CYX  68,0.0,0.0,0.0,-0.0019999999999997797,0.0,0.0,0.03900000000000148,0.0,0.0,-0.03599999999999992,0.0,0.0,0.0,0.0,0.0,0.0010000000000065512,0.0,0.0
GLN 219,L GLN  69,0.0,0.0,0.0,-0.001000000000000334,0.0,0.0,0.07699999999999818,0.0,0.0,-0.07399999999999984,0.0,0.0,0.0,0.0,0.0,0.0020000000000024443,0.0,0.0
GLY 220,L GLY  70,0.0,0.0,0.0,0.0,0.0,0.0,0.028999999999996362,0.0,0.0,-0.027000000000000135,0.0,0.0,0.0,0.0,0.0,0.001999999999996227,0.0,0.0
VAL 221,L VAL  71,0.0,0.0,0.0,-0.0009999999999998899,0.0,0.0,6.433,0.0,0.0,-6.424999999999997,0.0,0.0,0.0,0.0,0.0,0.007000000000005002,0.0,0.0

idecomp = 1: Per-residue decomp adding 1-4 interactions to Internal.
Energy Decomposition Analysis (All units kcal/mol): Poisson Boltzmann solvent
Complex:
Total Energy Decomposition:
Residue,Internal,,,van der Waals,,,Electrostatic,,,Polar Solvation,,,Non-Polar Solv.,,,TOTAL,,
,Avg.,Std. Dev.,Std. Err. of Mean,Avg.,Std. Dev.,Std. Err. of Mean,Avg.,Std. Dev.,Std. Err. of Mean,Avg.,Std. Dev.,Std. Err. of Mean,Avg.,Std. Dev.,Std. Err. of Mean,Avg.,Std. Dev.,Std. Err. of Mean
PRO   1,104.533,0.0,0.0,-7.221,0.0,0.0,-119.128,0.0,0.0,16.911,0.0,0.0,0.0,0.0,0.0,-4.905000000000001,0.0,0.0
ILE   2,88.094,0.0,0.0,-7.925,0.0,0.0,-66.463,0.0,0.0,-2.812,0.0,0.0,0.0,0.0,0.0,10.894000000000004,0.0,0.0
VAL   3,56.925,0.0,0.0,-6.827,0.0,0.0,-56.17,0.0,0.0,-3.855,0.0,0.0,0.0,0.0,0.0,-9.927000000000003,0.0,0.0
GLN   4,18.741,0.0,0.0,-4.176,0.0,0.0,-56.414,0.0,0.0,-12.005,0.0,0.0,0.0,0.0,0.0,-53.854000000000006,0.0,0.0
ASN   5,31.354,0.0,0.0,-7.047,0.0,0.0,-85.941,0.0,0.0,-5.388,0.0,0.0,0.0,0.0,0.0,-67.022,0.0,0.0
LEU   6,72.493,0.0,0.0,-3.446,0.0,0.0,-72.307,0.0,0.0,-6.333,0.0,0.0,0.0,0.0,0.0,-9.593000000000005,0.0,0.0
GLN   7,32.424,0.0,0.0,-6.742,0.0,0.0,-80.448,0.0,0.0,-8.093,0.0,0.0,0.0,0.0,0.0,-62.858999999999995,0.0,0.0
GLY   8,74.219,0.0,0.0,-3.295,0.0,0.0,-72.11,0.0,0.0,-3.904,0.0,0.0,0.0,0.0,0.0,-5.090000000000007,0.0,0.0
GLN   9,37.315,0.0,0.0,-4.733,0.0,0.0,-79.343,0.0,0.0,-9.151,0.0,0.0,0.0,0.0,0.0,-55.912000000000006,0.0,0.0
MET  10,104.247,0.0,0.0,-7.952,0.0,0.0,-79.809,0.0,0.0,-3.019,0.0,0.0,0.0,0.0,0.0,13.467000000000004,0.0,0.0
VAL  11,53.643,0.0,0.0,-4.524,0.0,0.0,-54.325,0.0,0.0,-1.739,0.0,0.0,0.0,0.0,0.0,-6.945000000000003,0.0,0.0
HID  12,98.234,0.0,0.0,-11.348,0.0,0.0,-62.583,0.0,0.0,-7.839,0.0,0.0,0.0,0.0,0.0,16.464,0.0,0.0
GLN  13,31.077,0.0,0.0,-6.227,0.0,0.0,-72.451,0.0,0.0,-11.568,0.0,0.0,0.0,0.0,0.0,-59.16899999999999,0.0,0.0
ALA  14,93.956,0.0,0.0,-2.507,0.0,0.0,-77.7,0.0,0.0,-5.152,0.0,0.0,0.0,0.0,0.0,8.596999999999994,0.0,0.0
ILE  15,103.06,0.0,0.0,-7.454,0.0,0.0,-75.781,0.0,0.0,-3.498,0.0,0.0,0.0,0.0,0.0,16.327,0.0,0.0
SER  16,70.845,0.0,0.0,-5.545,0.0,0.0,-54.62,0.0,0.0,-6.894,0.0,0.0,0.0,0.0,0.0,3.7859999999999996,0.0,0.0
PRO  17,86.429,0.0,0.0,-4.021,0.0,0.0,-62.724,0.0,0.0,-2.552,0.0,0.0,0.0,0.0,0.0,17.132000000000005,0.0,0.0
ARG  18,-176.148,0.0,0.0,-6.277,0.0,0.0,61.572,0.0,0.0,-38.678,0.0,0.0,0.0,0.0,0.0,-159.53099999999998,0.0,0.0
THR  19,48.015,0.0,0.0,-9.333,0.0,0.0,-54.13,0.0,0.0,-5.523,0.0,0.0,0.0,0.0,0.0,-20.971,0.0,0.0
LEU  20,51.36,0.0,0.0,-10.207,0.0,0.0,-55.788,0.0,0.0,-2.285,0.0,0.0,0.0,0.0,0.0,-16.919999999999998,0.0,0.0
ASN  21,19.336,0.0,0.0,-4.714,0.0,0.0,-72.656,0.0,0.0,-13.228,0.0,0.0,0.0,0.0,0.0,-71.262,0.0,0.0
ALA  22,98.399,0.0,0.0,-5.946,0.0,0.0,-81.265,0.0,0.0,-1.462,0.0,0.0,0.0,0.0,0.0,9.726000000000003,0.0,0.0
TRP  23,131.818,0.0,0.0,-17.773,0.0,0.0,-97.067,0.0,0.0,-1.197,0.0,0.0,0.0,0.0,0.0,15.781000000000024,0.0,0.0
VAL  24,63.075,0.0,0.0,-7.539,0.0,0.0,-57.595,0.0,0.0,-2.946,0.0,0.0,0.0,0.0,0.0,-5.004999999999997,0.0,0.0
LYS  25,130.553,0.0,0.0,-8.033,0.0,0.0,-145.955,0.0,0.0,13.838,0.0,0.0,0.0,0.0,0.0,-9.597000000000017,0.0,0.0
VAL  26,66.301,0.0,0.0,-8.694,0.0,0.0,-69.882,0.0,0.0,-1.241,0.0,0.0,0.0,0.0,0.0,-13.516000000000005,0.0,0.0
VAL  27,42.847,0.0,0.0,-8.281,0.0,0.0,-49.195,0.0,0.0,-1.297,0.0,0.0,0.0,0.0,0.0,-15.925999999999998,0.0,0.0
GLU  28,98.911,0.0,0.0,-6.213,0.0,0.0,-88.69,0.0,0.0,-64.064,0.0,0.0,0.0,0.0,0.0,-60.05599999999998,0.0,0.0
GLU  29,114.591,0.0,0.0,-6.259,0.0,0.0,-76.451,0.0,0.0,-83.498,0.0,0.0,0.0,0.0,0.0,-51.617000000000004,0.0,0.0
LYS  30,115.069,0.0,0.0,-7.077,0.0,0.0,-114.363,0.0,0.0,-4.383,0.0,0.0,0.0,0.0,0.0,-10.753999999999994,0.0,0.0
ALA  31,86.988,0.0,0.0,-4.779,0.0,0.0,-77.394,0.0,0.0,-3.841,0.0,0.0,0.0,0.0,0.0,0.9739999999999975,0.0,0.0
PHE  32,100.326,0.0,0.0,-9.394,0.0,0.0,-75.577,0.0,0.0,-3.543,0.0,0.0,0.0,0.0,0.0,11.81199999999999,0.0,0.0
SER  33,82.477,0.0,0.0,-6.639,0.0,0.0,-59.678,0.0,0.0,-1.675,0.0,0.0,0.0,0.0,0.0,14.48500000000001,0.0,0.0
PRO  34,77.117,0.0,0.0,-7.918,0.0,0.0,-57.28,0.0,0.0,-0.768,0.0,0.0,0.0,0.0,0.0,11.150999999999996,0.0,0.0
GLU  35,105.964,0.0,0.0,-8.12,0.0,0.0,-137.454,0.0,0.0,-9.431,0.0,0.0,0.0,0.0,0.0,-49.04100000000001,0.0,0.0
VAL  36,51.279,0.0,0.0,-8.854,0.0,0.0,-56.742,0.0,0.0,-0.22,0.0,0.0,0.0,0.0,0.0,-14.536999999999994,0.0,0.0
ILE  37,85.059,0.0,0.0,-10.439,0.0,0.0,-58.575,0.0,0.0,-0.443,0.0,0.0,0.0,0.0,0.0,15.602000000000002,0.0,0.0
PRO  38,79.098,0.0,0.0,-7.702,0.0,0.0,-57.37,0.0,0.0,-2.456,0.0,0.0,0.0,0.0,0.0,11.570000000000004,0.0,0.0
MET  39,89.779,0.0,0.0,-8.26,0.0,0.0,-70.363,0.0,0.0,-2.611,0.0,0.0,0.0,0.0,0.0,8.544999999999991,0.0,0.0
PHE  40,104.982,0.0,0.0,-14.048,0.0,0.0,-83.389,0.0,0.0,-0.715,0.0,0.0,0.0,0.0,0.0,6.830000000000002,0.0,0.0
SER  41,63.598,0.0,0.0,-7.121,0.0,0.0,-43.544,0.0,0.0,-11.036,0.0,0.0,0.0,0.0,0.0,1.8970000000000002,0.0,0.0
ALA  42,84.086,0.0,0.0,-4.962,0.0,0.0,-67.634,0.0,0.0,-4.064,0.0,0.0,0.0,0.0,0.0,7.425999999999995,0.0,0.0
LEU  43,88.185,0.0,0.0,-10.121,0.0,0.0,-77.748,0.0,0.0,-2.578,0.0,0.0,0.0,0.0,0.0,-2.2619999999999973,0.0,0.0
SER  44,75.044,0.0,0.0,-6.788,0.0,0.0,-76.056,0.0,0.0,-0.016,0.0,0.0,0.0,0.0,0.0,-7.815999999999997,0.0,0.0
GLU  45,99.178,0.0,0.0,-4.928,0.0,0.0,-63.221,0.0,0.0,-92.714,0.0,0.0,0.0,0.0,0.0,-61.684999999999995,0.0,0.0
GLY  46,70.086,0.0,0.0,-3.565,0.0,0.0,-66.88,0.0,0.0,-0.552,0.0,0.0,0.0,0.0,0.0,-0.9109999999999947,0.0,0.0
ALA  47,98.131,0.0,0.0,-6.77,0.0,0.0,-88.19,0.0,0.0,-1.201,0.0,0.0,0.0,0.0,0.0,1.9700000000000064,0.0,0.0
THR  48,57.854,0.0,0.0,-7.515,0.0,0.0,-61.354,0.0,0.0,0.449,0.0,0.0,0.0,0.0,0.0,-10.566,0.0,0.0
PRO  49,71.348,0.0,0.0,-10.545,0.0,0.0,-53.622,0.0,0.0,0.895,0.0,0.0,0.0,0.0,0.0,8.075999999999997,0.0,0.0
GLN  50,26.874,0.0,0.0,-10.23,0.0,0.0,-74.248,0.0,0.0,-4.432,0.0,0.0,0.0,0.0,0.0,-62.03600000000001,0.0,0.0
ASP  51,92.395,0.0,0.0,-7.577,0.0,0.0,-123.779,0.0,0.0,-20.289,0.0,0.0,0.0,0.0,0.0,-59.25,0.0,0.0
LEU  52,64.981,0.0,0.0,-13.723,0.0,0.0,-71.024,0.0,0.0,0.402,0.0,0.0,0.0,0.0,0.0,-19.364000000000004,0.0,0.0
ASN  53,37.838,0.0,0.0,-6.343,0.0,0.0,-103.813,0.0,0.0,-1.22,0.0,0.0,0.0,0.0,0.0,-73.538,0.0,0.0
THR  54,57.534,0.0,0.0,-6.256,0.0,0.0,-67.798,0.0,0.0,-1.063,0.0,0.0,0.0,0.0,0.0,-17.583000000000002,0.0,0.0
MET  55,96.383,0.0,0.0,-11.827,0.0,0.0,-70.677,0.0,0.0,-0.04,0.0,0.0,0.0,0.0,0.0,13.838999999999992,0.0,0.0
LEU  56,72.04,0.0,0.0,-7.982,0.0,0.0,-71.615,0.0,0.0,-0.107,0.0,0.0,0.0,0.0,0.0,-7.663999999999988,0.0,0.0
ASN  57,36.518,0.0,0.0,-7.225,0.0,0.0,-91.166,0.0,0.0,-8.871,0.0,0.0,0.0,0.0,0.0,-70.744,0.0,0.0
THR  58,57.791,0.0,0.0,-5.992,0.0,0.0,-64.783,0.0,0.0,-3.274,0.0,0.0,0.0,0.0,0.0,-16.258000000000003,0.0,0.0
VAL  59,37.826,0.0,0.0,-7.755,0.0,0.0,-44.339,0.0,0.0,-0.619,0.0,0.0,0.0,0.0,0.0,-14.886999999999997,0.0,0.0
ALA  60,87.48,0.0,0.0,-4.429,0.0,0.0,-64.651,0.0,0.0,-0.104,0.0,0.0,0.0,0.0,0.0,18.296000000000006,0.0,0.0
PRO  61,87.103,0.0,0.0,-3.534,0.0,0.0,-58.672,0.0,0.0,-2.14,0.0,0.0,0.0,0.0,0.0,22.75699999999999,0.0,0.0
HID  62,97.733,0.0,0.0,-6.161,0.0,0.0,-68.733,0.0,0.0,-9.094,0.0,0.0,0.0,0.0,0.0,13.745,0.0,0.0
GLN  63,27.726,0.0,0.0,-6.638,0.0,0.0,-61.831,0.0,0.0,-14.2,0.0,0.0,0.0,0.0,0.0,-54.943,0.0,0.0
ALA  64,88.517,0.0,0.0,-4.582,0.0,0.0,-68.821,0.0,0.0,-5.251,0.0,0.0,0.0,0.0,0.0,9.863000000000003,0.0,0.0
ALA  65,90.312,0.0,0.0,-5.199,0.0,0.0,-75.782,0.0,0.0,-2.612,0.0,0.0,0.0,0.0,0.0,6.719000000000003,0.0,0.0
ALA  66,91.678,0.0,0.0,-5.64,0.0,0.0,-84.257,0.0,0.0,-0.179,0.0,0.0,0.0,0.0,0.0,1.6019999999999917,0.0,0.0
GLN  67,38.329,0.0,0.0,-7.197,0.0,0.0,-75.573,0.0,0.0,-9.926,0.0,0.0,0.0,0.0,0.0,-54.36699999999999,0.0,0.0
MET  68,89.255,0.0,0.0,-9.254,0.0,0.0,-72.065,0.0,0.0,-2.348,0.0,0.0,0.0,0.0,0.0,5.587999999999993,0.0,0.0
LEU  69,83.768,0.0,0.0,-11.851,0.0,0.0,-75.594,0.0,0.0,-2.851,0.0,0.0,0.0,0.0,0.0,-6.5279999999999925,0.0,0.0
LYS  70,128.576,0.0,0.0,-8.663,0.0,0.0,-119.912,0.0,0.0,-6.06,0.0,0.0,0.0,0.0,0.0,-6.059000000000009,0.0,0.0
GLU  71,109.144,0.0,0.0,-7.005,0.0,0.0,-65.089,0.0,0.0,-103.421,0.0,0.0,0.0,0.0,0.0,-66.371,0.0,0.0
THR  72,48.588,0.0,0.0,-8.179,0.0,0.0,-52.352,0.0,0.0,-6.461,0.0,0.0,0.0,0.0,0.0,-18.403999999999996,0.0,0.0
ILE  73,70.599,0.0,0.0,-9.891,0.0,0.0,-52.84,0.0,0.0,-3.619,0.0,0.0,0.0,0.0,0.0,4.249000000000002,0.0,0.0
ASN  74,31.361,0.0,0.0,-6.585,0.0,0.0,-86.716,0.0,0.0,-6.292,0.0,0.0,0.0,0.0,0.0,-68.232,0.0,0.0
GLU  75,107.467,0.0,0.0,-7.333,0.0,0.0,-52.701,0.0,0.0,-110.904,0.0,0.0,0.0,0.0,0.0,-63.471,0.0,0.0
GLU  76,96.478,0.0,0.0,-10.457,0.0,0.0,-21.209,0.0,0.0,-124.817,0.0,0.0,0.0,0.0,0.0,-60.00500000000001,0.0,0.0
ALA  77,84.411,0.0,0.0,-8.07,0.0,0.0,-72.014,0.0,0.0,-1.231,0.0,0.0,0.0,0.0,0.0,3.0960000000000125,0.0,0.0
ALA  78,92.488,0.0,0.0,-4.916,0.0,0.0,-87.548,0.0,0.0,2.186,0.0,0.0,0.0,0.0,0.0,2.210000000000001,0.0,0.0
GLU  79,106.665,0.0,0.0,-8.61,0.0,0.0,-40.194,0.0,0.0,-120.281,0.0,0.0,0.0,0.0,0.0,-62.42,0.0,0.0
TRP  80,120.181,0.0,0.0,-18.151,0.0,0.0,-91.744,0.0,0.0,0.226,0.0,0.0,0.0,0.0,0.0,10.512000000000002,0.0,0.0
ASP  81,109.419,0.0,0.0,-6.31,0.0,0.0,-80.807,0.0,0.0,-74.255,0.0,0.0,0.0,0.0,0.0,-51.953,0.0,0.0
ARG  82,-190.023,0.0,0.0,-8.341,0.0,0.0,-1.239,0.0,0.0,36.67,0.0,0.0,0.0,0.0,0.0,-162.933,0.0,0.0
LEU  83,60.558,0.0,0.0,-6.518,0.0,0.0,-69.646,0.0,0.0,-3.172,0.0,0.0,0.0,0.0,0.0,-18.778000000000002,0.0,0.0
HID  84,117.3,0.0,0.0,-7.665,0.0,0.0,-75.476,0.0,0.0,-8.032,0.0,0.0,0.0,0.0,0.0,26.126999999999992,0.0,0.0
PRO  85,89.793,0.0,0.0,-3.869,0.0,0.0,-64.48,0.0,0.0,-4.658,0.0,0.0,0.0,0.0,0.0,16.786,0.0,0.0
VAL  86,56.758,0.0,0.0,-5.043,0.0,0.0,-50.099,0.0,0.0,-6.479,0.0,0.0,0.0,0.0,0.0,-4.862999999999993,0.0,0.0
HID  87,82.197,0.0,0.0,-5.212,0.0,0.0,-46.963,0.0,0.0,-13.084,0.0,0.0,0.0,0.0,0.0,16.938,0.0,0.0
ALA  88,84.498,0.0,0.0,-1.508,0.0,0.0,-68.044,0.0,0.0,-6.981,0.0,0.0,0.0,0.0,0.0,7.965000000000012,0.0,0.0
GLY  89,93.269,0.0,0.0,-1.565,0.0,0.0,-78.613,0.0,0.0,-3.868,0.0,0.0,0.0,0.0,0.0,9.223000000000008,0.0,0.0
PRO  90,82.718,0.0,0.0,-1.812,0.0,0.0,-60.379,0.0,0.0,-5.325,0.0,0.0,0.0,0.0,0.0,15.202000000000009,0.0,0.0
ILE  91,83.902,0.0,0.0,-3.634,0.0,0.0,-57.957,0.0,0.0,-4.312,0.0,0.0,0.0,0.0,0.0,17.999,0.0,0.0
ALA  92,96.073,0.0,0.0,-3.242,0.0,0.0,-68.29,0.0,0.0,-4.747,0.0,0.0,0.0,0.0,0.0,19.793999999999983,0.0,0.0
PRO  93,84.045,0.0,0.0,-2.518,0.0,0.0,-54.947,0.0,0.0,-7.913,0.0,0.0,0.0,0.0,0.0,18.666999999999998,0.0,0.0
GLY  94,75.013,0.0,0.0,-1.772,0.0,0.0,-64.166,0.0,0.0,-9.328,0.0,0.0,0.0,0.0,0.0,-0.25299999999999656,0.0,0.0
GLN  95,35.106,0.0,0.0,-4.06,0.0,0.0,-72.609,0.0,0.0,-8.77,0.0,0.0,0.0,0.0,0.0,-50.332999999999984,0.0,0.0
MET  96,102.603,0.0,0.0,-8.162,0.0,0.0,-74.457,0.0,0.0,-7.471,0.0,0.0,0.0,0.0,0.0,12.512999999999995,0.0,0.0
ARG  97,-191.254,0.0,0.0,-6.857,0.0,0.0,-26.917,0.0,0.0,38.163,0.0,0.0,0.0,0.0,0.0,-186.865,0.0,0.0
GLU  98,106.689,0.0,0.0,-5.322,0.0,0.0,-52.693,0.0,0.0,-103.078,0.0,0.0,0.0,0.0,0.0,-54.40400000000001,0.0,0.0
PRO  99,93.726,0.0,0.0,-9.975,0.0,0.0,-62.221,0.0,0.0,-1.73,0.0,0.0,0.0,0.0,0.0,19.800000000000008,0.0,0.0
ARG 100,-190.416,0.0,0.0,-12.617,0.0,0.0,-10.191,0.0,0.0,37.6,0.0,0.0,0.0,0.0,0.0,-175.624,0.0,0.0
GLY 101,77.426,0.0,0.0,-4.845,0.0,0.0,-85.729,0.0,0.0,2.243,0.0,0.0,0.0,0.0,0.0,-10.904999999999996,0.0,0.0
SER 102,75.974,0.0,0.0,-6.22,0.0,0.0,-69.096,0.0,0.0,-5.369,0.0,0.0,0.0,0.0,0.0,-4.7109999999999985,0.0,0.0
ASP 103,88.961,0.0,0.0,-9.03,0.0,0.0,-97.34,0.0,0.0,-42.909,0.0,0.0,0.0,0.0,0.0,-60.318000000000005,0.0,0.0
ILE 104,77.026,0.0,0.0,-12.098,0.0,0.0,-60.533,0.0,0.0,1.59,0.0,0.0,0.0,0.0,0.0,5.984999999999996,0.0,0.0
ALA 105,86.76,0.0,0.0,-4.623,0.0,0.0,-80.823,0.0,0.0,1.326,0.0,0.0,0.0,0.0,0.0,2.6400000000000072,0.0,0.0
GLY 106,92.589,0.0,0.0,-5.224,0.0,0.0,-86.724,0.0,0.0,-3.237,0.0,0.0,0.0,0.0,0.0,-2.596000000000009,0.0,0.0
THR 107,56.433,0.0,0.0,-4.66,0.0,0.0,-59.573,0.0,0.0,-8.222,0.0,0.0,0.0,0.0,0.0,-16.022000000000006,0.0,0.0
THR 108,41.944,0.0,0.0,-4.617,0.0,0.0,-49.234,0.0,0.0,-3.706,0.0,0.0,0.0,0.0,0.0,-15.612999999999996,0.0,0.0
SER 109,67.964,0.0,0.0,-6.804,0.0,0.0,-67.337,0.0,0.0,0.552,0.0,0.0,0.0,0.0,0.0,-5.625000000000007,0.0,0.0
THR 110,28.314,0.0,0.0,-5.785,0.0,0.0,-33.199,0.0,0.0,-6.962,0.0,0.0,0.0,0.0,0.0,-17.631999999999998,0.0,0.0
LEU 111,69.755,0.0,0.0,-7.925,0.0,0.0,-64.233,0.0,0.0,-4.357,0.0,0.0,0.0,0.0,0.0,-6.760000000000006,0.0,0.0
GLN 112,31.291,0.0,0.0,-5.785,0.0,0.0,-68.581,0.0,0.0,-16.782,0.0,0.0,0.0,0.0,0.0,-59.857,0.0,0.0
GLU 113,98.997,0.0,0.0,-7.173,0.0,0.0,-95.57,0.0,0.0,-57.542,0.0,0.0,0.0,0.0,0.0,-61.288,0.0,0.0
GLN 114,41.717,0.0,0.0,-13.997,0.0,0.0,-84.454,0.0,0.0,0.612,0.0,0.0,0.0,0.0,0.0,-56.12199999999999,0.0,0.0
ILE 115,86.717,0.0,0.0,-8.702,0.0,0.0,-69.499,0.0,0.0,-1.406,0.0,0.0,0.0,0.0,0.0,7.110000000000006,0.0,0.0
GLY 116,76.659,0.0,0.0,-5.337,0.0,0.0,-76.849,0.0,0.0,-1.419,0.0,0.0,0.0,0.0,0.0,-6.9460000000000015,0.0,0.0
TRP 117,124.235,0.0,0.0,-18.802,0.0,0.0,-90.012,0.0,0.0,-0.781,0.0,0.0,0.0,0.0,0.0,14.639999999999992,0.0,0.0
MET 118,98.683,0.0,0.0,-10.297,0.0,0.0,-80.761,0.0,0.0,-3.652,0.0,0.0,0.0,0.0,0.0,3.973000000000014,0.0,0.0
THR 119,38.119,0.0,0.0,-4.141,0.0,0.0,-55.769,0.0,0.0,-2.199,0.0,0.0,0.0,0.0,0.0,-23.989999999999995,0.0,0.0
HID 120,88.278,0.0,0.0,-9.906,0.0,0.0,-61.313,0.0,0.0,-4.798,0.0,0.0,0.0,0.0,0.0,12.260999999999997,0.0,0.0
ASN 121,44.204,0.0,0.0,-3.875,0.0,0.0,-85.276,0.0,0.0,-11.431,0.0,0.0,0.0,0.0,0.0,-56.37799999999999,0.0,0.0
PRO 122,97.482,0.0,0.0,-3.304,0.0,0.0,-60.665,0.0,0.0,-2.437,0.0,0.0,0.0,0.0,0.0,31.075999999999997,0.0,0.0
PRO 123,87.721,0.0,0.0,-6.151,0.0,0.0,-58.411,0.0,0.0,-2.733,0.0,0.0,0.0,0.0,0.0,20.426000000000005,0.0,0.0
ILE 124,90.813,0.0,0.0,-5.774,0.0,0.0,-63.597,0.0,0.0,-0.865,0.0,0.0,0.0,0.0,0.0,20.577,0.0,0.0
PRO 125,88.199,0.0,0.0,-5.278,0.0,0.0,-65.836,0.0,0.0,0.058,0.0,0.0,0.0,0.0,0.0,17.142999999999994,0.0,0.0
VAL 126,53.418,0.0,0.0,-8.939,0.0,0.0,-55.442,0.0,0.0,0.468,0.0,0.0,0.0,0.0,0.0,-10.495000000000001,0.0,0.0
GLY 127,75.516,0.0,0.0,-5.532,0.0,0.0,-71.983,0.0,0.0,-0.868,0.0,0.0,0.0,0.0,0.0,-2.866999999999995,0.0,0.0
GLU 128,101.057,0.0,0.0,-6.317,0.0,0.0,-97.916,0.0,0.0,-59.748,0.0,0.0,0.0,0.0,0.0,-62.923999999999985,0.0,0.0
ILE 129,88.298,0.0,0.0,-11.418,0.0,0.0,-63.695,0.0,0.0,0.411,0.0,0.0,0.0,0.0,0.0,13.595999999999995,0.0,0.0
TYR 130,96.567,0.0,0.0,-16.242,0.0,0.0,-88.113,0.0,0.0,-0.628,0.0,0.0,0.0,0.0,0.0,-8.416000000000011,0.0,0.0
LYS 131,147.77,0.0,0.0,-11.112,0.0,0.0,-163.244,0.0,0.0,31.096,0.0,0.0,0.0,0.0,0.0,4.510000000000016,0.0,0.0
ARG 132,-183.386,0.0,0.0,-9.977,0.0,0.0,21.892,0.0,0.0,4.837,0.0,0.0,0.0,0.0,0.0,-166.63400000000001,0.0,0.0
TRP 133,125.437,0.0,0.0,-20.158,0.0,0.0,-97.733,0.0,0.0,-0.833,0.0,0.0,0.0,0.0,0.0,6.712999999999992,0.0,0.0
ILE 134,86.241,0.0,0.0,-9.952,0.0,0.0,-70.514,0.0,0.0,0.173,0.0,0.0,0.0,0.0,0.0,5.948000000000006,0.0,0.0
ILE 135,76.795,0.0,0.0,-8.509,0.0,0.0,-62.473,0.0,0.0,0.969,0.0,0.0,0.0,0.0,0.0,6.782000000000003,0.0,0.0
LEU 136,68.256,0.0,0.0,-7.752,0.0,0.0,-75.134,0.0,0.0,2.816,0.0,0.0,0.0,0.0,0.0,-11.814000000000004,0.0,0.0
GLY 137,82.429,0.0,0.0,-6.564,0.0,0.0,-78.525,0.0,0.0,1.06,0.0,0.0,0.0,0.0,0.0,-1.5999999999999965,0.0,0.0
LEU 138,61.178,0.0,0.0,-10.647,0.0,0.0,-62.795,0.0,0.0,0.29,0.0,0.0,0.0,0.0,0.0,-11.974000000000004,0.0,0.0
ASN 139,37.474,0.0,0.0,-7.26,0.0,0.0,-91.422,0.0,0.0,-3.953,0.0,0.0,0.0,0.0,0.0,-65.161,0.0,0.0
LYS 140,134.029,0.0,0.0,-7.665,0.0,0.0,-129.759,0.0,0.0,-2.867,0.0,0.0,0.0,0.0,0.0,-6.261999999999996,0.0,0.0
ILE 141,96.701,0.0,0.0,-7.726,0.0,0.0,-80.482,0.0,0.0,-0.481,0.0,0.0,0.0,0.0,0.0,8.011999999999995,0.0,0.0
VAL 142,66.471,0.0,0.0,-8.282,0.0,0.0,-60.959,0.0,0.0,-1.487,0.0,0.0,0.0,0.0,0.0,-4.256999999999996,0.0,0.0
ARG 143,-193.16,0.0,0.0,-8.712,0.0,0.0,26.585,0.0,0.0,8.996,0.0,0.0,0.0,0.0,0.0,-166.29099999999997,0.0,0.0
MET 144,89.027,0.0,0.0,-7.651,0.0,0.0,-73.702,0.0,0.0,-6.554,0.0,0.0,0.0,0.0,0.0,1.1200000000000063,0.0,0.0
TYR 145,92.891,0.0,0.0,-9.399,0.0,0.0,-81.955,0.0,0.0,-11.343,0.0,0.0,0.0,0.0,0.0,-9.805999999999994,0.0,0.0
SER 146,86.206,0.0,0.0,-3.399,0.0,0.0,-54.768,0.0,0.0,-10.772,0.0,0.0,0.0,0.0,0.0,17.267000000000003,0.0,0.0
PRO 147,88.998,0.0,0.0,-6.094,0.0,0.0,-65.33,0.0,0.0,-4.511,0.0,0.0,0.0,0.0,0.0,13.063000000000013,0.0,0.0
THR 148,53.102,0.0,0.0,-4.374,0.0,0.0,-55.084,0.0,0.0,-9.419,0.0,0.0,0.0,0.0,0.0,-15.77500000000001,0.0,0.0
SER 149,62.412,0.0,0.0,-6.052,0.0,0.0,-53.016,0.0,0.0,-3.556,0.0,0.0,0.0,0.0,0.0,-0.21199999999999886,0.0,0.0
ILE 150,78.965,0.0,0.0,-9.426,0.0,0.0,-52.62,0.0,0.0,-1.135,0.0,0.0,0.0,0.0,0.0,15.784000000000004,0.0,0.0
LEU 151,59.287,0.0,0.0,-5.89,0.0,0.0,-65.535,0.0,0.0,-1.448,0.0,0.0,0.0,0.0,0.0,-13.585999999999999,0.0,0.0
ASP 152,100.249,0.0,0.0,-5.847,0.0,0.0,-98.55,0.0,0.0,-61.455,0.0,0.0,0.0,0.0,0.0,-65.603,0.0,0.0
ILE 153,97.796,0.0,0.0,-9.604,0.0,0.0,-67.259,0.0,0.0,-2.322,0.0,0.0,0.0,0.0,0.0,18.611000000000008,0.0,0.0
ARG 154,-187.146,0.0,0.0,-7.051,0.0,0.0,14.712,0.0,0.0,11.689,0.0,0.0,0.0,0.0,0.0,-167.796,0.0,0.0
GLN 155,32.639,0.0,0.0,-11.381,0.0,0.0,-85.745,0.0,0.0,-0.874,0.0,0.0,0.0,0.0,0.0,-65.36099999999999,0.0,0.0
GLY 156,83.393,0.0,0.0,-3.264,0.0,0.0,-69.447,0.0,0.0,-5.955,0.0,0.0,0.0,0.0,0.0,4.727000000000002,0.0,0.0
PRO 157,88.305,0.0,0.0,-3.183,0.0,0.0,-50.722,0.0,0.0,-9.003,0.0,0.0,0.0,0.0,0.0,25.397000000000013,0.0,0.0
LYS 158,122.589,0.0,0.0,-3.663,0.0,0.0,-97.759,0.0,0.0,-23.834,0.0,0.0,0.0,0.0,0.0,-2.666999999999998,0.0,0.0
GLU 159,109.807,0.0,0.0,-7.631,0.0,0.0,-111.5,0.0,0.0,-37.405,0.0,0.0,0.0,0.0,0.0,-46.729,0.0,0.0
PRO 160,74.948,0.0,0.0,-7.914,0.0,0.0,-57.762,0.0,0.0,-0.246,0.0,0.0,0.0,0.0,0.0,9.025999999999991,0.0,0.0
PHE 161,102.901,0.0,0.0,-14.663,0.0,0.0,-75.02,0.0,0.0,-0.162,0.0,0.0,0.0,0.0,0.0,13.056000000000003,0.0,0.0
ARG 162,-201.867,0.0,0.0,-7.882,0.0,0.0,28.992,0.0,0.0,14.693,0.0,0.0,0.0,0.0,0.0,-166.064,0.0,0.0
ASP 163,85.762,0.0,0.0,-7.221,0.0,0.0,-65.896,0.0,0.0,-83.352,0.0,0.0,0.0,0.0,0.0,-70.70700000000001,0.0,0.0
TYR 164,105.879,0.0,0.0,-17.384,0.0,0.0,-99.071,0.0,0.0,1.784,0.0,0.0,0.0,0.0,0.0,-8.791999999999993,0.0,0.0
VAL 165,50.458,0.0,0.0,-8.599,0.0,0.0,-59.508,0.0,0.0,4.04,0.0,0.0,0.0,0.0,0.0,-13.609000000000009,0.0,0.0
ASP 166,99.147,0.0,0.0,-7.631,0.0,0.0,-57.695,0.0,0.0,-94.142,0.0,0.0,0.0,0.0,0.0,-60.32099999999999,0.0,0.0
ARG 167,-191.314,0.0,0.0,-10.728,0.0,0.0,2.896,0.0,0.0,14.672,0.0,0.0,0.0,0.0,0.0,-184.47400000000002,0.0,0.0
PHE 168,103.059,0.0,0.0,-14.361,0.0,0.0,-84.025,0.0,0.0,2.602,0.0,0.0,0.0,0.0,0.0,7.274999999999988,0.0,0.0
TYR 169,97.576,0.0,0.0,-10.623,0.0,0.0,-94.096,0.0,0.0,0.231,0.0,0.0,0.0,0.0,0.0,-6.912000000000015,0.0,0.0
LYS 170,138.407,0.0,0.0,-7.783,0.0,0.0,-114.991,0.0,0.0,-19.514,0.0,0.0,0.0,0.0,0.0,-3.8809999999999754,0.0,0.0
THR 171,46.027,0.0,0.0,-10.162,0.0,0.0,-58.36,0.0,0.0,-1.09,0.0,0.0,0.0,0.0,0.0,-23.584999999999997,0.0,0.0
LEU 172,75.896,0.0,0.0,-11.93,0.0,0.0,-70.358,0.0,0.0,-0.024,0.0,0.0,0.0,0.0,0.0,-6.416000000000003,0.0,0.0
ARG 173,-197.26,0.0,0.0,-7.631,0.0,0.0,51.184,0.0,0.0,-15.621,0.0,0.0,0.0,0.0,0.0,-169.328,0.0,0.0
ALA 174,85.7,0.0,0.0,-6.54,0.0,0.0,-80.145,0.0,0.0,-1.193,0.0,0.0,0.0,0.0,0.0,-2.1779999999999995,0.0,0.0
GLU 175,107.404,0.0,0.0,-5.752,0.0,0.0,-109.008,0.0,0.0,-45.61,0.0,0.0,0.0,0.0,0.0,-52.965999999999994,0.0,0.0
GLN 176,34.418,0.0,0.0,-5.851,0.0,0.0,-65.746,0.0,0.0,-15.008,0.0,0.0,0.0,0.0,0.0,-52.187,0.0,0.0
ALA 177,99.267,0.0,0.0,-5.321,0.0,0.0,-85.513,0.0,0.0,-1.457,0.0,0.0,0.0,0.0,0.0,6.975999999999993,0.0,0.0
SER 178,84.091,0.0,0.0,-3.94,0.0,0.0,-72.756,0.0,0.0,-10.419,0.0,0.0,0.0,0.0,0.0,-3.0240000000000045,0.0,0.0
GLN 179,32.77,0.0,0.0,-3.632,0.0,0.0,-62.212,0.0,0.0,-15.335,0.0,0.0,0.0,0.0,0.0,-48.409,0.0,0.0
GLU 180,112.141,0.0,0.0,-4.505,0.0,0.0,-68.975,0.0,0.0,-98.173,0.0,0.0,0.0,0.0,0.0,-59.511999999999986,0.0,0.0
VAL 181,66.355,0.0,0.0,-6.511,0.0,0.0,-57.835,0.0,0.0,-2.924,0.0,0.0,0.0,0.0,0.0,-0.9149999999999996,0.0,0.0
LYS 182,118.161,0.0,0.0,-11.306,0.0,0.0,-109.732,0.0,0.0,-0.96,0.0,0.0,0.0,0.0,0.0,-3.8369999999999953,0.0,0.0
ASN 183,21.914,0.0,0.0,-7.863,0.0,0.0,-86.288,0.0,0.0,-2.748,0.0,0.0,0.0,0.0,0.0,-74.985,0.0,0.0
TRP 184,124.41,0.0,0.0,-11.298,0.0,0.0,-91.087,0.0,0.0,-2.534,0.0,0.0,0.0,0.0,0.0,19.490999999999993,0.0,0.0
MET 185,100.252,0.0,0.0,-11.759,0.0,0.0,-86.253,0.0,0.0,0.219,0.0,0.0,0.0,0.0,0.0,2.4589999999999947,0.0,0.0
THR 186,41.644,0.0,0.0,-7.652,0.0,0.0,-57.549,0.0,0.0,0.375,0.0,0.0,0.0,0.0,0.0,-23.182000000000002,0.0,0.0
GLU 187,100.341,0.0,0.0,-6.442,0.0,0.0,-49.652,0.0,0.0,-101.084,0.0,0.0,0.0,0.0,0.0,-56.837,0.0,0.0
THR 188,46.45,0.0,0.0,-6.025,0.0,0.0,-54.376,0.0,0.0,0.347,0.0,0.0,0.0,0.0,0.0,-13.603999999999994,0.0,0.0
LEU 189,64.747,0.0,0.0,-8.744,0.0,0.0,-67.326,0.0,0.0,0.691,0.0,0.0,0.0,0.0,0.0,-10.631999999999993,0.0,0.0
LEU 190,89.209,0.0,0.0,-12.453,0.0,0.0,-91.183,0.0,0.0,0.796,0.0,0.0,0.0,0.0,0.0,-13.631000000000007,0.0,0.0
VAL 191,51.429,0.0,0.0,-8.755,0.0,0.0,-58.85,0.0,0.0,0.611,0.0,0.0,0.0,0.0,0.0,-15.565000000000001,0.0,0.0
GLN 192,20.107,0.0,0.0,-7.657,0.0,0.0,-62.168,0.0,0.0,-7.696,0.0,0.0,0.0,0.0,0.0,-57.414,0.0,0.0
ASN 193,24.723,0.0,0.0,-8.675,0.0,0.0,-75.867,0.0,0.0,-3.923,0.0,0.0,0.0,0.0,0.0,-63.742000000000004,0.0,0.0
ALA 194,97.397,0.0,0.0,-7.678,0.0,0.0,-87.442,0.0,0.0,3.025,0.0,0.0,0.0,0.0,0.0,5.302000000000016,0.0,0.0
ASN 195,53.917,0.0,0.0,-8.265,0.0,0.0,-98.919,0.0,0.0,-6.148,0.0,0.0,0.0,0.0,0.0,-59.41499999999999,0.0,0.0
PRO 196,80.097,0.0,0.0,-6.926,0.0,0.0,-58.518,0.0,0.0,-0.432,0.0,0.0,0.0,0.0,0.0,14.220999999999991,0.0,0.0
ASP 197,80.732,0.0,0.0,-6.43,0.0,0.0,-53.18,0.0,0.0,-84.325,0.0,0.0,0.0,0.0,0.0,-63.20300000000001,0.0,0.0
CYX 198,96.923,0.0,0.0,-8.095,0.0,0.0,-78.158,0.0,0.0,-1.831,0.0,0.0,0.0,0.0,0.0,8.839000000000002,0.0,0.0
LYS 199,144.993,0.0,0.0,-11.505,0.0,0.0,-127.807,0.0,0.0,-3.895,0.0,0.0,0.0,0.0,0.0,1.7859999999999974,0.0,0.0
THR 200,36.9,0.0,0.0,-6.721,0.0,0.0,-41.83,0.0,0.0,-8.697,0.0,0.0,0.0,0.0,0.0,-20.348,0.0,0.0
ILE 201,78.136,0.0,0.0,-7.073,0.0,0.0,-57.383,0.0,0.0,-0.032,0.0,0.0,0.0,0.0,0.0,13.647999999999985,1.6858739404357614e-07,1.6858739404357614e-07
LEU 202,75.092,0.0,0.0,-13.388,0.0,0.0,-66.351,0.0,0.0,-4.913,0.0,0.0,0.0,0.0,0.0,-9.559999999999999,0.0,0.0
LYS 203,119.222,0.0,0.0,-7.84,0.0,0.0,-91.628,0.0,0.0,-23.866,0.0,0.0,0.0,0.0,0.0,-4.112000000000009,0.0,0.0
ALA 204,84.09,0.0,0.0,-3.183,0.0,0.0,-72.208,0.0,0.0,-4.826,0.0,0.0,0.0,0.0,0.0,3.8730000000000127,0.0,0.0
LEU 205,72.639,0.0,0.0,-8.323,0.0,0.0,-71.55,0.0,0.0,-5.517,0.0,0.0,0.0,0.0,0.0,-12.750999999999994,0.0,0.0
GLY 206,90.924,0.0,0.0,-3.177,0.0,0.0,-71.318,0.0,0.0,-8.151,0.0,0.0,0.0,0.0,0.0,8.278000000000002,0.0,0.0
PRO 207,77.5,0.0,0.0,-2.354,0.0,0.0,-51.685,0.0,0.0,-8.15,0.0,0.0,0.0,0.0,0.0,15.310999999999998,0.0,0.0
GLY 208,68.557,0.0,0.0,-1.751,0.0,0.0,-63.515,0.0,0.0,-4.337,0.0,0.0,0.0,0.0,0.0,-1.046000000000003,0.0,0.0
ALA 209,99.671,0.0,0.0,-4.489,0.0,0.0,-92.274,0.0,0.0,0.176,0.0,0.0,0.0,0.0,0.0,3.0840000000000014,0.0,0.0
THR 210,45.965,0.0,0.0,-4.599,0.0,0.0,-57.981,0.0,0.0,-2.443,0.0,0.0,0.0,0.0,0.0,-19.058000000000003,0.0,0.0
LEU 211,64.809,0.0,0.0,-8.563,0.0,0.0,-67.59,0.0,0.0,-3.746,0.0,0.0,0.0,0.0,0.0,-15.090000000000009,0.0,0.0
GLU 212,105.033,0.0,0.0,-6.5,0.0,0.0,-52.087,0.0,0.0,-109.197,0.0,0.0,0.0,0.0,0.0,-62.751000000000005,0.0,0.0
GLU 213,104.445,0.0,0.0,-7.929,0.0,0.0,-50.046,0.0,0.0,-103.958,0.0,0.0,0.0,0.0,0.0,-57.48800000000001,0.0,0.0
MET 214,91.061,0.0,0.0,-12.889,0.0,0.0,-78.167,0.0,0.0,0.052,0.0,0.0,0.0,0.0,0.0,0.05700000000000966,0.0,0.0
MET 215,97.601,0.0,0.0,-10.353,0.0,0.0,-87.116,0.0,0.0,1.429,0.0,0.0,0.0,0.0,0.0,1.561000000000005,0.0,0.0
THR 216,42.236,0.0,0.0,-4.739,0.0,0.0,-51.588,0.0,0.0,-2.225,0.0,0.0,0.0,0.0,0.0,-16.316000000000003,0.0,0.0
ALA 217,80.093,0.0,0.0,-5.71,0.0,0.0,-64.985,0.0,0.0,-2.992,0.0,0.0,0.0,0.0,0.0,6.40600000000001,0.0,0.0
CYX 218,96.56,0.0,0.0,-7.427,0.0,0.0,-82.969,0.0,0.0,0.586,0.0,0.0,0.0,0.0,0.0,6.750000000000016,0.0,0.0
GLN 219,35.257,0.0,0.0,-5.089,0.0,0.0,-76.055,0.0,0.0,-11.008,0.0,0.0,0.0,0.0,0.0,-56.89500000000001,0.0,0.0
GLY 220,98.078,0.0,0.0,-3.446,0.0,0.0,-81.209,0.0,0.0,-4.936,0.0,0.0,0.0,0.0,0.0,8.487000000000002,0.0,0.0
VAL 221,35.21,0.0,0.0,-3.787,0.0,0.0,-21.928,0.0,0.0,-108.207,0.0,0.0,0.0,0.0,0.0,-98.71199999999999,0.0,0.0

Receptor:
Total Energy Decomposition:
Residue,Internal,,,van der Waals,,,Electrostatic,,,Polar Solvation,,,Non-Polar Solv.,,,TOTAL,,
,Avg.,Std. Dev.,Std. Err. of Mean,Avg.,Std. Dev.,Std. Err. of Mean,Avg.,Std. Dev.,Std. Err. of Mean,Avg.,Std. Dev.,Std. Err. of Mean,Avg.,Std. Dev.,Std. Err. of Mean,Avg.,Std. Dev.,Std. Err. of Mean
PRO   1,104.533,0.0,0.0,-7.22,0.0,0.0,-112.9,0.0,0.0,10.736,0.0,0.0,0.0,0.0,0.0,-4.851000000000003,0.0,0.0
ILE   2,88.094,0.0,0.0,-7.924,0.0,0.0,-66.498,0.0,0.0,-2.777,0.0,0.0,0.0,0.0,0.0,10.894999999999982,0.0,0.0
VAL   3,56.925,0.0,0.0,-6.827,0.0,0.0,-56.193,0.0,0.0,-3.832,0.0,0.0,0.0,0.0,0.0,-9.927,0.0,0.0
GLN   4,18.741,0.0,0.0,-4.175,0.0,0.0,-56.248,0.0,0.0,-12.169,0.0,0.0,0.0,0.0,0.0,-53.851,0.0,0.0
ASN   5,31.354,0.0,0.0,-7.047,0.0,0.0,-85.981,0.0,0.0,-5.349,0.0,0.0,0.0,0.0,0.0,-67.023,0.0,0.0
LEU   6,72.493,0.0,0.0,-3.445,0.0,0.0,-72.36,0.0,0.0,-6.28,0.0,0.0,0.0,0.0,0.0,-9.591999999999999,0.0,0.0
GLN   7,32.424,0.0,0.0,-6.742,0.0,0.0,-80.486,0.0,0.0,-8.056,0.0,0.0,0.0,0.0,0.0,-62.86,0.0,0.0
GLY   8,74.219,0.0,0.0,-3.295,0.0,0.0,-72.15,0.0,0.0,-3.864,0.0,0.0,0.0,0.0,0.0,-5.090000000000013,0.0,0.0
GLN   9,37.315,0.0,0.0,-4.732,0.0,0.0,-79.409,0.0,0.0,-9.087,0.0,0.0,0.0,0.0,0.0,-55.91300000000001,0.0,0.0
MET  10,104.247,0.0,0.0,-7.952,0.0,0.0,-79.824,0.0,0.0,-3.004,0.0,0.0,0.0,0.0,0.0,13.467000000000004,0.0,0.0
VAL  11,53.643,0.0,0.0,-4.524,0.0,0.0,-54.392,0.0,0.0,-1.673,0.0,0.0,0.0,0.0,0.0,-6.946000000000003,0.0,0.0
HID  12,98.234,0.0,0.0,-11.347,0.0,0.0,-62.628,0.0,0.0,-7.795,0.0,0.0,0.0,0.0,0.0,16.464,0.0,0.0
GLN  13,31.077,0.0,0.0,-6.227,0.0,0.0,-72.53,0.0,0.0,-11.49,0.0,0.0,0.0,0.0,0.0,-59.17,0.0,0.0
ALA  14,93.956,0.0,0.0,-2.506,0.0,0.0,-77.695,0.0,0.0,-5.158,0.0,0.0,0.0,0.0,0.0,8.597000000000008,0.0,0.0
ILE  15,103.06,0.0,0.0,-7.454,0.0,0.0,-75.688,0.0,0.0,-3.591,0.0,0.0,0.0,0.0,0.0,16.327000000000005,0.0,0.0
SER  16,70.845,0.0,0.0,-5.544,0.0,0.0,-54.601,0.0,0.0,-6.911,0.0,0.0,0.0,0.0,0.0,3.7890000000000033,0.0,0.0
PRO  17,86.429,0.0,0.0,-4.02,0.0,0.0,-62.709,0.0,0.0,-2.566,0.0,0.0,0.0,0.0,0.0,17.134000000000004,0.0,0.0
ARG  18,-176.148,0.0,0.0,-6.276,0.0,0.0,66.766,0.0,0.0,-43.834,0.0,0.0,0.0,0.0,0.0,-159.49200000000002,0.0,0.0
THR  19,48.015,0.0,0.0,-9.331,0.0,0.0,-54.144,0.0,0.0,-5.51,0.0,0.0,0.0,0.0,0.0,-20.97,0.0,0.0
LEU  20,51.36,0.0,0.0,-10.206,0.0,0.0,-55.752,0.0,0.0,-2.319,0.0,0.0,0.0,0.0,0.0,-16.917000000000005,0.0,0.0
ASN  21,19.336,0.0,0.0,-4.713,0.0,0.0,-72.497,0.0,0.0,-13.384,0.0,0.0,0.0,0.0,0.0,-71.25800000000001,0.0,0.0
ALA  22,98.399,0.0,0.0,-5.944,0.0,0.0,-81.076,0.0,0.0,-1.647,0.0,0.0,0.0,0.0,0.0,9.732000000000005,0.0,0.0
TRP  23,131.818,0.0,0.0,-17.764,0.0,0.0,-96.989,0.0,0.0,-1.274,0.0,0.0,0.0,0.0,0.0,15.791000000000011,0.0,0.0
VAL  24,63.075,0.0,0.0,-7.535,0.0,0.0,-57.488,0.0,0.0,-3.05,0.0,0.0,0.0,0.0,0.0,-4.997999999999993,0.0,0.0
LYS  25,130.553,0.0,0.0,-8.025,0.0,0.0,-142.93,0.0,0.0,10.797,0.0,0.0,0.0,0.0,0.0,-9.605000000000015,0.0,0.0
VAL  26,66.301,0.0,0.0,-8.674,0.0,0.0,-69.321,0.0,0.0,-1.792,0.0,0.0,0.0,0.0,0.0,-13.485999999999995,0.0,0.0
VAL  27,42.847,0.0,0.0,-8.269,0.0,0.0,-49.039,0.0,0.0,-1.447,0.0,0.0,0.0,0.0,0.0,-15.907999999999998,0.0,0.0
GLU  28,98.911,0.0,0.0,-6.201,0.0,0.0,-90.79,0.0,0.0,-61.91,0.0,0.0,0.0,0.0,0.0,-59.989999999999995,0.0,0.0
GLU  29,114.591,0.0,0.0,-6.213,0.0,0.0,-73.036,0.0,0.0,-86.716,0.0,0.0,0.0,0.0,0.0,-51.373999999999995,0.0,0.0
LYS  30,115.069,0.0,0.0,-6.466,0.0,0.0,-135.201,0.0,0.0,13.377,0.0,0.0,0.0,0.0,0.0,-13.220999999999984,0.0,0.0
ALA  31,86.988,0.0,0.0,-4.745,0.0,0.0,-76.682,0.0,0.0,-4.503,0.0,0.0,0.0,0.0,0.0,1.0579999999999927,0.0,0.0
PHE  32,100.326,0.0,0.0,-9.32,0.0,0.0,-75.927,0.0,0.0,-3.162,0.0,0.0,0.0,0.0,0.0,11.916999999999994,0.0,0.0
SER  33,82.477,0.0,0.0,-6.052,0.0,0.0,-56.652,0.0,0.0,-6.08,0.0,0.0,0.0,0.0,0.0,13.69300000000001,0.0,0.0
PRO  34,77.117,0.0,0.0,-5.946,0.0,0.0,-54.763,0.0,0.0,-2.743,0.0,0.0,0.0,0.0,0.0,13.665000000000008,0.0,0.0
GLU  35,105.964,0.0,0.0,-6.314,0.0,0.0,-101.855,0.0,0.0,-52.492,0.0,0.0,0.0,0.0,0.0,-54.696999999999996,0.0,0.0
VAL  36,51.279,0.0,0.0,-8.752,0.0,0.0,-55.981,0.0,0.0,-0.902,0.0,0.0,0.0,0.0,0.0,-14.356,0.0,0.0
ILE  37,85.059,0.0,0.0,-10.298,0.0,0.0,-57.633,0.0,0.0,-1.327,0.0,0.0,0.0,0.0,0.0,15.800999999999993,0.0,0.0
PRO  38,79.098,0.0,0.0,-7.018,0.0,0.0,-57.091,0.0,0.0,-2.675,0.0,0.0,0.0,0.0,0.0,12.313999999999997,0.0,0.0
MET  39,89.779,0.0,0.0,-8.187,0.0,0.0,-70.451,0.0,0.0,-2.505,0.0,0.0,0.0,0.0,0.0,8.636000000000006,0.0,0.0
PHE  40,104.982,0.0,0.0,-14.03,0.0,0.0,-83.099,0.0,0.0,-0.99,0.0,0.0,0.0,0.0,0.0,6.862999999999994,0.0,0.0
SER  41,63.598,0.0,0.0,-7.11,0.0,0.0,-43.195,0.0,0.0,-11.37,0.0,0.0,0.0,0.0,0.0,1.923,0.0,0.0
ALA  42,84.086,0.0,0.0,-4.955,0.0,0.0,-67.628,0.0,0.0,-4.067,0.0,0.0,0.0,0.0,0.0,7.436,0.0,0.0
LEU  43,88.185,0.0,0.0,-10.114,0.0,0.0,-77.727,0.0,0.0,-2.596,0.0,0.0,0.0,0.0,0.0,-2.252000000000006,0.0,0.0
SER  44,75.044,0.0,0.0,-6.786,0.0,0.0,-76.15,0.0,0.0,0.078,0.0,0.0,0.0,0.0,0.0,-7.81400000000001,0.0,0.0
GLU  45,99.178,0.0,0.0,-4.925,0.0,0.0,-70.945,0.0,0.0,-85.067,0.0,0.0,0.0,0.0,0.0,-61.758999999999986,0.0,0.0
GLY  46,70.086,0.0,0.0,-3.564,0.0,0.0,-66.75,0.0,0.0,-0.681,0.0,0.0,0.0,0.0,0.0,-0.9090000000000087,0.0,0.0
ALA  47,98.131,0.0,0.0,-6.77,0.0,0.0,-88.296,0.0,0.0,-1.096,0.0,0.0,0.0,0.0,0.0,1.9689999999999976,0.0,0.0
THR  48,57.854,0.0,0.0,-7.514,0.0,0.0,-61.359,0.0,0.0,0.454,0.0,0.0,0.0,0.0,0.0,-10.565000000000005,0.0,0.0
PRO  49,71.348,0.0,0.0,-10.545,0.0,0.0,-53.61,0.0,0.0,0.884,0.0,0.0,0.0,0.0,0.0,8.076999999999998,0.0,0.0
GLN  50,26.874,0.0,0.0,-10.23,0.0,0.0,-74.195,0.0,0.0,-4.483,0.0,0.0,0.0,0.0,0.0,-62.03399999999999,0.0,0.0
ASP  51,92.395,0.0,0.0,-7.576,0.0,0.0,-129.873,0.0,0.0,-14.246,0.0,0.0,0.0,0.0,0.0,-59.29999999999999,0.0,0.0
LEU  52,64.981,0.0,0.0,-13.722,0.0,0.0,-70.982,0.0,0.0,0.361,0.0,0.0,0.0,0.0,0.0,-19.362000000000005,0.0,0.0
ASN  53,37.838,0.0,0.0,-6.342,0.0,0.0,-103.934,0.0,0.0,-1.1,0.0,0.0,0.0,0.0,0.0,-73.53799999999998,0.0,0.0
THR  54,57.534,0.0,0.0,-6.256,0.0,0.0,-67.71,0.0,0.0,-1.149,0.0,0.0,0.0,0.0,0.0,-17.580999999999996,0.0,0.0
MET  55,96.383,0.0,0.0,-11.825,0.0,0.0,-70.573,0.0,0.0,-0.14,0.0,0.0,0.0,0.0,0.0,13.844999999999999,0.0,0.0
LEU  56,72.04,0.0,0.0,-7.981,0.0,0.0,-71.51,0.0,0.0,-0.209,0.0,0.0,0.0,0.0,0.0,-7.659999999999993,0.0,0.0
ASN  57,36.518,0.0,0.0,-7.224,0.0,0.0,-91.133,0.0,0.0,-8.902,0.0,0.0,0.0,0.0,0.0,-70.741,0.0,0.0
THR  58,57.791,0.0,0.0,-5.991,0.0,0.0,-64.627,0.0,0.0,-3.427,0.0,0.0,0.0,0.0,0.0,-16.253999999999998,0.0,0.0
VAL  59,37.826,0.0,0.0,-7.753,0.0,0.0,-44.324,0.0,0.0,-0.633,0.0,0.0,0.0,0.0,0.0,-14.883999999999997,0.0,0.0
ALA  60,87.48,0.0,0.0,-4.428,0.0,0.0,-64.686,0.0,0.0,-0.069,0.0,0.0,0.0,0.0,0.0,18.297,0.0,0.0
PRO  61,87.103,0.0,0.0,-3.533,0.0,0.0,-58.696,0.0,0.0,-2.115,0.0,0.0,0.0,0.0,0.0,22.758999999999993,0.0,0.0
HID  62,97.733,0.0,0.0,-6.158,0.0,0.0,-68.804,0.0,0.0,-9.025,0.0,0.0,0.0,0.0,0.0,13.746,0.0,0.0
GLN  63,27.726,0.0,0.0,-6.637,0.0,0.0,-62.105,0.0,0.0,-13.931,0.0,0.0,0.0,0.0,0.0,-54.946999999999996,0.0,0.0
ALA  64,88.517,0.0,0.0,-4.58,0.0,0.0,-69.005,0.0,0.0,-5.073,0.0,0.0,0.0,0.0,0.0,9.859000000000002,0.0,0.0
ALA  65,90.312,0.0,0.0,-5.197,0.0,0.0,-76.013,0.0,0.0,-2.388,0.0,0.0,0.0,0.0,0.0,6.71399999999999,0.0,0.0
ALA  66,91.678,0.0,0.0,-5.639,0.0,0.0,-84.41,0.0,0.0,-0.03,0.0,0.0,0.0,0.0,0.0,1.5990000000000049,0.0,0.0
GLN  67,38.329,0.0,0.0,-7.196,0.0,0.0,-75.473,0.0,0.0,-10.025,0.0,0.0,0.0,0.0,0.0,-54.364999999999995,0.0,0.0
MET  68,89.255,0.0,0.0,-9.25,0.0,0.0,-72.231,0.0,0.0,-2.185,0.0,0.0,0.0,0.0,0.0,5.589,0.0,0.0
LEU  69,83.768,0.0,0.0,-11.846,0.0,0.0,-75.778,0.0,0.0,-2.67,0.0,0.0,0.0,0.0,0.0,-6.526000000000009,0.0,0.0
LYS  70,128.576,0.0,0.0,-8.661,0.0,0.0,-113.452,0.0,0.0,-12.471,0.0,0.0,0.0,0.0,0.0,-6.008000000000006,0.0,0.0
GLU  71,109.144,0.0,0.0,-7.004,0.0,0.0,-72.204,0.0,0.0,-96.365,0.0,0.0,0.0,0.0,0.0,-66.42899999999999,0.0,0.0
THR  72,48.588,0.0,0.0,-8.177,0.0,0.0,-52.365,0.0,0.0,-6.445,0.0,0.0,0.0,0.0,0.0,-18.399,0.0,0.0
ILE  73,70.599,0.0,0.0,-9.89,0.0,0.0,-52.887,0.0,0.0,-3.573,0.0,0.0,0.0,0.0,0.0,4.249000000000002,0.0,0.0
ASN  74,31.361,0.0,0.0,-6.585,0.0,0.0,-86.716,0.0,0.0,-6.291,0.0,0.0,0.0,0.0,0.0,-68.231,0.0,0.0
GLU  75,107.467,0.0,0.0,-7.332,0.0,0.0,-60.453,0.0,0.0,-103.227,0.0,0.0,0.0,0.0,0.0,-63.545,0.0,0.0
GLU  76,96.478,0.0,0.0,-10.455,0.0,0.0,-30.544,0.0,0.0,-115.588,0.0,0.0,0.0,0.0,0.0,-60.108999999999995,0.0,0.0
ALA  77,84.411,0.0,0.0,-8.07,0.0,0.0,-71.971,0.0,0.0,-1.275,0.0,0.0,0.0,0.0,0.0,3.0950000000000046,0.0,0.0
ALA  78,92.488,0.0,0.0,-4.916,0.0,0.0,-87.439,0.0,0.0,2.079,0.0,0.0,0.0,0.0,0.0,2.21200000000001,0.0,0.0
GLU  79,106.665,0.0,0.0,-8.609,0.0,0.0,-49.074,0.0,0.0,-111.502,0.0,0.0,0.0,0.0,0.0,-62.51999999999998,0.0,0.0
TRP  80,120.181,0.0,0.0,-18.15,0.0,0.0,-91.772,0.0,0.0,0.254,0.0,0.0,0.0,0.0,0.0,10.513,0.0,0.0
ASP  81,109.419,0.0,0.0,-6.309,0.0,0.0,-87.274,0.0,0.0,-67.852,0.0,0.0,0.0,0.0,0.0,-52.016000000000005,0.0,0.0
ARG  82,-190.023,0.0,0.0,-8.34,0.0,0.0,6.536,0.0,0.0,28.976,0.0,0.0,0.0,0.0,0.0,-162.851,0.0,0.0
LEU  83,60.558,0.0,0.0,-6.518,0.0,0.0,-69.586,0.0,0.0,-3.231,0.0,0.0,0.0,0.0,0.0,-18.777,0.0,0.0
HID  84,117.3,0.0,0.0,-7.664,0.0,0.0,-75.538,0.0,0.0,-7.971,0.0,0.0,0.0,0.0,0.0,26.127,0.0,0.0
PRO  85,89.793,0.0,0.0,-3.869,0.0,0.0,-64.515,0.0,0.0,-4.623,0.0,0.0,0.0,0.0,0.0,16.786000000000005,0.0,0.0
VAL  86,56.758,0.0,0.0,-5.043,0.0,0.0,-50.113,0.0,0.0,-6.466,0.0,0.0,0.0,0.0,0.0,-4.863999999999996,0.0,0.0
HID  87,82.197,0.0,0.0,-5.212,0.0,0.0,-46.953,0.0,0.0,-13.094,0.0,0.0,0.0,0.0,0.0,16.937999999999995,0.0,0.0
ALA  88,84.498,0.0,0.0,-1.508,0.0,0.0,-68.013,0.0,0.0,-7.012,0.0,0.0,0.0,0.0,0.0,7.965000000000004,0.0,0.0
GLY  89,93.269,0.0,0.0,-1.565,0.0,0.0,-78.656,0.0,0.0,-3.825,0.0,0.0,0.0,0.0,0.0,9.223000000000003,0.0,0.0
PRO  90,82.718,0.0,0.0,-1.811,0.0,0.0,-60.411,0.0,0.0,-5.293,0.0,0.0,0.0,0.0,0.0,15.20300000000001,0.0,0.0
ILE  91,83.902,0.0,0.0,-3.634,0.0,0.0,-57.884,0.0,0.0,-4.384,0.0,0.0,0.0,0.0,0.0,18.0,0.0,0.0
ALA  92,96.073,0.0,0.0,-3.242,0.0,0.0,-68.332,0.0,0.0,-4.705,0.0,0.0,0.0,0.0,0.0,19.793999999999997,0.0,0.0
PRO  93,84.045,0.0,0.0,-2.518,0.0,0.0,-54.983,0.0,0.0,-7.878,0.0,0.0,0.0,0.0,0.0,18.666000000000004,0.0,0.0
GLY  94,75.013,0.0,0.0,-1.772,0.0,0.0,-64.158,0.0,0.0,-9.336,0.0,0.0,0.0,0.0,0.0,-0.2530000000000019,0.0,0.0
GLN  95,35.106,0.0,0.0,-4.059,0.0,0.0,-72.496,0.0,0.0,-8.882,0.0,0.0,0.0,0.0,0.0,-50.330999999999996,0.0,0.0
MET  96,102.603,0.0,0.0,-8.162,0.0,0.0,-74.495,0.0,0.0,-7.433,0.0,0.0,0.0,0.0,0.0,12.512999999999984,0.0,0.0
ARG  97,-191.254,0.0,0.0,-6.857,0.0,0.0,-21.21,0.0,0.0,32.511,0.0,0.0,0.0,0.0,0.0,-186.81,0.0,0.0
GLU  98,106.689,0.0,0.0,-5.321,0.0,0.0,-58.961,0.0,0.0,-96.874,0.0,0.0,0.0,0.0,0.0,-54.467,0.0,0.0
PRO  99,93.726,0.0,0.0,-9.975,0.0,0.0,-62.276,0.0,0.0,-1.676,0.0,0.0,0.0,0.0,0.0,19.799000000000003,0.0,0.0
ARG 100,-190.416,0.0,0.0,-12.617,0.0,0.0,-3.964,0.0,0.0,31.435,0.0,0.0,0.0,0.0,0.0,-175.56199999999998,0.0,0.0
GLY 101,77.426,0.0,0.0,-4.844,0.0,0.0,-85.779,0.0,0.0,2.291,0.0,0.0,0.0,0.0,0.0,-10.905999999999988,0.0,0.0
SER 102,75.974,0.0,0.0,-6.219,0.0,0.0,-69.09,0.0,0.0,-5.375,0.0,0.0,0.0,0.0,0.0,-4.709999999999994,0.0,0.0
ASP 103,88.961,0.0,0.0,-9.03,0.0,0.0,-103.302,0.0,0.0,-37.002,0.0,0.0,0.0,0.0,0.0,-60.37300000000001,0.0,0.0
ILE 104,77.026,0.0,0.0,-12.098,0.0,0.0,-60.49,0.0,0.0,1.548,0.0,0.0,0.0,0.0,0.0,5.985999999999995,0.0,0.0
ALA 105,86.76,0.0,0.0,-4.622,0.0,0.0,-80.78,0.0,0.0,1.284,0.0,0.0,0.0,0.0,0.0,2.642000000000004,0.0,0.0
GLY 106,92.589,0.0,0.0,-5.224,0.0,0.0,-86.66,0.0,0.0,-3.3,0.0,0.0,0.0,0.0,0.0,-2.5950000000000015,0.0,0.0
THR 107,56.433,0.0,0.0,-4.66,0.0,0.0,-59.536,0.0,0.0,-8.258,0.0,0.0,0.0,0.0,0.0,-16.021000000000004,0.0,0.0
THR 108,41.944,0.0,0.0,-4.617,0.0,0.0,-49.221,0.0,0.0,-3.719,0.0,0.0,0.0,0.0,0.0,-15.61299999999999,0.0,0.0
SER 109,67.964,0.0,0.0,-6.804,0.0,0.0,-67.382,0.0,0.0,0.597,0.0,0.0,0.0,0.0,0.0,-5.625000000000009,0.0,0.0
THR 110,28.314,0.0,0.0,-5.785,0.0,0.0,-33.25,0.0,0.0,-6.911,0.0,0.0,0.0,0.0,0.0,-17.631999999999998,0.0,0.0
LEU 111,69.755,0.0,0.0,-7.925,0.0,0.0,-64.299,0.0,0.0,-4.292,0.0,0.0,0.0,0.0,0.0,-6.761000000000008,0.0,0.0
GLN 112,31.291,0.0,0.0,-5.785,0.0,0.0,-68.665,0.0,0.0,-16.699,0.0,0.0,0.0,0.0,0.0,-59.858000000000004,0.0,0.0
GLU 113,98.997,0.0,0.0,-7.172,0.0,0.0,-101.211,0.0,0.0,-51.951,0.0,0.0,0.0,0.0,0.0,-61.336999999999996,0.0,0.0
GLN 114,41.717,0.0,0.0,-13.996,0.0,0.0,-84.465,0.0,0.0,0.623,0.0,0.0,0.0,0.0,0.0,-56.12100000000001,0.0,0.0
ILE 115,86.717,0.0,0.0,-8.702,0.0,0.0,-69.568,0.0,0.0,-1.338,0.0,0.0,0.0,0.0,0.0,7.109000000000003,0.0,0.0
GLY 116,76.659,0.0,0.0,-5.337,0.0,0.0,-76.892,0.0,0.0,-1.377,0.0,0.0,0.0,0.0,0.0,-6.946999999999993,0.0,0.0
TRP 117,124.235,0.0,0.0,-18.801,0.0,0.0,-90.063,0.0,0.0,-0.731,0.0,0.0,0.0,0.0,0.0,14.639999999999995,0.0,0.0
MET 118,98.683,0.0,0.0,-10.296,0.0,0.0,-80.853,0.0,0.0,-3.562,0.0,0.0,0.0,0.0,0.0,3.972000000000006,0.0,0.0
THR 119,38.119,0.0,0.0,-4.141,0.0,0.0,-55.746,0.0,0.0,-2.221,0.0,0.0,0.0,0.0,0.0,-23.989,0.0,0.0
HID 120,88.278,0.0,0.0,-9.906,0.0,0.0,-61.294,0.0,0.0,-4.817,0.0,0.0,0.0,0.0,0.0,12.261000000000003,0.0,0.0
ASN 121,44.204,0.0,0.0,-3.875,0.0,0.0,-85.339,0.0,0.0,-11.369,0.0,0.0,0.0,0.0,0.0,-56.379,0.0,0.0
PRO 122,97.482,0.0,0.0,-3.303,0.0,0.0,-60.57,0.0,0.0,-2.531,0.0,0.0,0.0,0.0,0.0,31.078000000000003,0.0,0.0
PRO 123,87.721,0.0,0.0,-6.15,0.0,0.0,-58.486,0.0,0.0,-2.66,0.0,0.0,0.0,0.0,0.0,20.425,0.0,0.0
ILE 124,90.813,0.0,0.0,-5.774,0.0,0.0,-63.518,0.0,0.0,-0.943,0.0,0.0,0.0,0.0,0.0,20.578,0.0,0.0
PRO 125,88.199,0.0,0.0,-5.277,0.0,0.0,-65.901,0.0,0.0,0.122,0.0,0.0,0.0,0.0,0.0,17.143,0.0,0.0
VAL 126,53.418,0.0,0.0,-8.939,0.0,0.0,-55.514,0.0,0.0,0.539,0.0,0.0,0.0,0.0,0.0,-10.496000000000004,0.0,0.0
GLY 127,75.516,0.0,0.0,-5.531,0.0,0.0,-72.026,0.0,0.0,-0.826,0.0,0.0,0.0,0.0,0.0,-2.866999999999997,0.0,0.0
GLU 128,101.057,0.0,0.0,-6.315,0.0,0.0,-106.511,0.0,0.0,-51.253,0.0,0.0,0.0,0.0,0.0,-63.02199999999999,0.0,0.0
ILE 129,88.298,0.0,0.0,-11.417,0.0,0.0,-63.939,0.0,0.0,0.65,0.0,0.0,0.0,0.0,0.0,13.592,0.0,0.0
TYR 130,96.567,0.0,0.0,-16.24,0.0,0.0,-88.358,0.0,0.0,-0.388,0.0,0.0,0.0,0.0,0.0,-8.419000000000006,0.0,0.0
LYS 131,147.77,0.0,0.0,-11.108,0.0,0.0,-155.094,0.0,0.0,23.036,0.0,0.0,0.0,0.0,0.0,4.604000000000013,0.0,0.0
ARG 132,-183.386,0.0,0.0,-9.972,0.0,0.0,31.313,0.0,0.0,-4.474,0.0,0.0,0.0,0.0,0.0,-166.519,0.0,0.0
TRP 133,125.437,0.0,0.0,-20.155,0.0,0.0,-97.844,0.0,0.0,-0.726,0.0,0.0,0.0,0.0,0.0,6.712000000000002,0.0,0.0
ILE 134,86.241,0.0,0.0,-9.947,0.0,0.0,-70.627,0.0,0.0,0.278,0.0,0.0,0.0,0.0,0.0,5.945000000000002,0.0,0.0
ILE 135,76.795,0.0,0.0,-8.488,0.0,0.0,-62.922,0.0,0.0,1.394,0.0,0.0,0.0,0.0,0.0,6.779000000000005,0.0,0.0
LEU 136,68.256,0.0,0.0,-7.742,0.0,0.0,-75.657,0.0,0.0,3.32,0.0,0.0,0.0,0.0,0.0,-11.822999999999993,0.0,0.0
GLY 137,82.429,0.0,0.0,-6.56,0.0,0.0,-78.85,0.0,0.0,1.372,0.0,0.0,0.0,0.0,0.0,-1.6089999999999944,0.0,0.0
LEU 138,61.178,0.0,0.0,-10.622,0.0,0.0,-63.259,0.0,0.0,0.681,0.0,0.0,0.0,0.0,0.0,-12.022000000000002,0.0,0.0
ASN 139,37.474,0.0,0.0,-7.191,0.0,0.0,-93.835,0.0,0.0,-1.691,0.0,0.0,0.0,0.0,0.0,-65.243,0.0,0.0
LYS 140,134.029,0.0,0.0,-7.649,0.0,0.0,-118.166,0.0,0.0,-14.329,0.0,0.0,0.0,0.0,0.0,-6.115000000000002,0.0,0.0
ILE 141,96.701,0.0,0.0,-7.705,0.0,0.0,-80.453,0.0,0.0,-0.485,0.0,0.0,0.0,0.0,0.0,8.057999999999993,0.0,0.0
VAL 142,66.471,0.0,0.0,-8.081,0.0,0.0,-60.202,0.0,0.0,-2.111,0.0,0.0,0.0,0.0,0.0,-3.922999999999998,0.0,0.0
ARG 143,-193.16,0.0,0.0,-8.833,0.0,0.0,77.482,0.0,0.0,-30.54,0.0,0.0,0.0,0.0,0.0,-155.051,0.0,0.0
MET 144,89.027,0.0,0.0,-7.636,0.0,0.0,-73.57,0.0,0.0,-6.667,0.0,0.0,0.0,0.0,0.0,1.1540000000000123,0.0,0.0
TYR 145,92.891,0.0,0.0,-9.356,0.0,0.0,-81.579,0.0,0.0,-11.678,0.0,0.0,0.0,0.0,0.0,-9.721999999999984,0.0,0.0
SER 146,86.206,0.0,0.0,-3.333,0.0,0.0,-53.017,0.0,0.0,-12.422,0.0,0.0,0.0,0.0,0.0,17.434,0.0,0.0
PRO 147,88.998,0.0,0.0,-5.738,0.0,0.0,-68.068,0.0,0.0,-1.824,0.0,0.0,0.0,0.0,0.0,13.368000000000007,0.0,0.0
THR 148,53.102,0.0,0.0,-2.462,0.0,0.0,-56.596,0.0,0.0,-9.044,0.0,0.0,0.0,0.0,0.0,-15.000000000000004,0.0,0.0
SER 149,62.412,0.0,0.0,-2.223,0.0,0.0,-45.469,0.0,0.0,-11.989,0.0,0.0,0.0,0.0,0.0,2.730999999999998,0.0,0.0
ILE 150,60.091,0.0,0.0,-1.245,0.0,0.0,-26.319,0.0,0.0,-7.397,0.0,0.0,0.0,0.0,0.0,25.130000000000003,0.0,0.0

Ligand:
Total Energy Decomposition:
Residue,Internal,,,van der Waals,,,Electrostatic,,,Polar Solvation,,,Non-Polar Solv.,,,TOTAL,,
,Avg.,Std. Dev.,Std. Err. of Mean,Avg.,Std. Dev.,Std. Err. of Mean,Avg.,Std. Dev.,Std. Err. of Mean,Avg.,Std. Dev.,Std. Err. of Mean,Avg.,Std. Dev.,Std. Err. of Mean,Avg.,Std. Dev.,Std. Err. of Mean
LEU   1,39.623,0.0,0.0,-3.47,0.0,0.0,-40.477,0.0,0.0,-2.732,0.0,0.0,0.0,0.0,0.0,-7.055999999999998,0.0,0.0
ASP   2,100.249,0.0,0.0,-3.533,0.0,0.0,-101.369,0.0,0.0,-59.705,0.0,0.0,0.0,0.0,0.0,-64.358,0.0,0.0
ILE   3,97.796,0.0,0.0,-7.113,0.0,0.0,-67.208,0.0,0.0,-3.901,0.0,0.0,0.0,0.0,0.0,19.57400000000001,0.0,0.0
ARG   4,-187.146,0.0,0.0,-6.851,0.0,0.0,22.543,0.0,0.0,3.979,0.0,0.0,0.0,0.0,0.0,-167.47499999999997,0.0,0.0
GLN   5,32.639,0.0,0.0,-11.361,0.0,0.0,-85.783,0.0,0.0,-0.932,0.0,0.0,0.0,0.0,0.0,-65.437,0.0,0.0
GLY   6,83.393,0.0,0.0,-3.259,0.0,0.0,-69.395,0.0,0.0,-6.019,0.0,0.0,0.0,0.0,0.0,4.720000000000004,0.0,0.0
PRO   7,88.305,0.0,0.0,-3.179,0.0,0.0,-50.647,0.0,0.0,-9.081,0.0,0.0,0.0,0.0,0.0,25.398000000000007,0.0,0.0
LYS   8,122.589,0.0,0.0,-3.661,0.0,0.0,-91.047,0.0,0.0,-30.612,0.0,0.0,0.0,0.0,0.0,-2.730999999999998,0.0,0.0
GLU   9,109.807,0.0,0.0,-7.619,0.0,0.0,-119.939,0.0,0.0,-28.986,0.0,0.0,0.0,0.0,0.0,-46.736999999999995,0.0,0.0
PRO  10,74.948,0.0,0.0,-7.91,0.0,0.0,-57.91,0.0,0.0,-0.119,0.0,0.0,0.0,0.0,0.0,9.009,0.0,0.0
PHE  11,102.901,0.0,0.0,-14.655,0.0,0.0,-75.168,0.0,0.0,-0.051,0.0,0.0,0.0,0.0,0.0,13.026999999999989,0.0,0.0
ARG  12,-201.867,0.0,0.0,-7.877,0.0,0.0,36.214,0.0,0.0,7.331,0.0,0.0,0.0,0.0,0.0,-166.199,0.0,0.0
ASP  13,85.762,0.0,0.0,-7.212,0.0,0.0,-74.478,0.0,0.0,-74.608,0.0,0.0,0.0,0.0,0.0,-70.536,0.0,0.0
TYR  14,105.879,0.0,0.0,-17.296,0.0,0.0,-99.371,0.0,0.0,1.821,0.0,0.0,0.0,0.0,0.0,-8.966999999999997,0.0,0.0
VAL  15,50.458,0.0,0.0,-8.571,0.0,0.0,-59.653,0.0,0.0,4.159,0.0,0.0,0.0,0.0,0.0,-13.607,0.0,0.0
ASP  16,99.147,0.0,0.0,-7.604,0.0,0.0,-67.184,0.0,0.0,-84.512,0.0,0.0,0.0,0.0,0.0,-60.15299999999999,0.0,0.0
ARG  17,-191.314,0.0,0.0,-10.485,0.0,0.0,11.847,0.0,0.0,5.813,0.0,0.0,0.0,0.0,0.0,-184.13899999999998,0.0,0.0
PHE  18,103.059,0.0,0.0,-14.081,0.0,0.0,-83.678,0.0,0.0,2.503,0.0,0.0,0.0,0.0,0.0,7.802999999999997,0.0,0.0
TYR  19,97.576,0.0,0.0,-10.479,0.0,0.0,-94.402,0.0,0.0,0.47,0.0,0.0,0.0,0.0,0.0,-6.835000000000007,0.0,0.0
LYS  20,138.407,0.0,0.0,-7.544,0.0,0.0,-103.236,0.0,0.0,-31.784,0.0,0.0,0.0,0.0,0.0,-4.157000000000004,0.0,0.0
THR  21,46.027,0.0,0.0,-7.973,0.0,0.0,-57.983,0.0,0.0,-2.518,0.0,0.0,0.0,0.0,0.0,-22.446999999999996,0.0,0.0
LEU  22,75.896,0.0,0.0,-10.741,0.0,0.0,-70.124,0.0,0.0,-0.284,0.0,0.0,0.0,0.0,0.0,-5.252999999999994,0.0,0.0
ARG  23,-197.26,0.0,0.0,-7.599,0.0,0.0,82.65,0.0,0.0,-37.167,0.0,0.0,0.0,0.0,0.0,-159.37599999999998,0.0,0.0
ALA  24,85.7,0.0,0.0,-4.236,0.0,0.0,-78.095,0.0,0.0,-5.67,0.0,0.0,0.0,0.0,0.0,-2.301,0.0,0.0
GLU  25,107.404,0.0,0.0,-4.024,0.0,0.0,-76.553,0.0,0.0,-87.301,0.0,0.0,0.0,0.0,0.0,-60.474000000000004,0.0,0.0
GLN  26,34.418,0.0,0.0,-3.192,0.0,0.0,-59.33,0.0,0.0,-20.656,0.0,0.0,0.0,0.0,0.0,-48.76,0.0,0.0
ALA  27,99.267,0.0,0.0,-5.193,0.0,0.0,-86.535,0.0,0.0,-0.441,0.0,0.0,0.0,0.0,0.0,7.098000000000002,0.0,0.0
SER  28,84.091,0.0,0.0,-3.903,0.0,0.0,-72.525,0.0,0.0,-10.656,0.0,0.0,0.0,0.0,0.0,-2.993000000000018,0.0,0.0
GLN  29,32.77,0.0,0.0,-3.61,0.0,0.0,-61.726,0.0,0.0,-15.823,0.0,0.0,0.0,0.0,0.0,-48.388999999999996,0.0,0.0
GLU  30,112.141,0.0,0.0,-4.493,0.0,0.0,-76.881,0.0,0.0,-90.207,0.0,0.0,0.0,0.0,0.0,-59.43999999999998,0.0,0.0
VAL  31,66.355,0.0,0.0,-6.459,0.0,0.0,-57.899,0.0,0.0,-2.891,0.0,0.0,0.0,0.0,0.0,-0.8940000000000001,0.0,0.0
LYS  32,118.161,0.0,0.0,-11.222,0.0,0.0,-99.83,0.0,0.0,-10.853,0.0,0.0,0.0,0.0,0.0,-3.743999999999991,0.0,0.0
ASN  33,21.914,0.0,0.0,-7.849,0.0,0.0,-86.291,0.0,0.0,-2.761,0.0,0.0,0.0,0.0,0.0,-74.987,0.0,0.0
TRP  34,124.41,0.0,0.0,-11.26,0.0,0.0,-91.122,0.0,0.0,-2.512,0.0,0.0,0.0,0.0,0.0,19.51599999999999,0.0,0.0
MET  35,100.252,0.0,0.0,-10.997,0.0,0.0,-86.415,0.0,0.0,0.102,0.0,0.0,0.0,0.0,0.0,2.941999999999989,0.0,0.0
THR  36,41.644,0.0,0.0,-7.624,0.0,0.0,-57.61,0.0,0.0,0.397,0.0,0.0,0.0,0.0,0.0,-23.193000000000005,0.0,0.0
GLU  37,100.341,0.0,0.0,-6.433,0.0,0.0,-56.574,0.0,0.0,-94.035,0.0,0.0,0.0,0.0,0.0,-56.70100000000001,0.0,0.0
THR  38,46.45,0.0,0.0,-6.003,0.0,0.0,-54.404,0.0,0.0,0.321,0.0,0.0,0.0,0.0,0.0,-13.636000000000001,0.0,0.0
LEU  39,64.747,0.0,0.0,-7.888,0.0,0.0,-67.324,0.0,0.0,0.597,0.0,0.0,0.0,0.0,0.0,-9.867999999999997,0.0,0.0
LEU  40,89.209,0.0,0.0,-12.357,0.0,0.0,-91.267,0.0,0.0,0.813,0.0,0.0,0.0,0.0,0.0,-13.601999999999991,0.0,0.0
VAL  41,51.429,0.0,0.0,-8.741,0.0,0.0,-58.888,0.0,0.0,0.599,0.0,0.0,0.0,0.0,0.0,-15.600999999999996,0.0,0.0
GLN  42,20.107,0.0,0.0,-7.639,0.0,0.0,-62.08,0.0,0.0,-7.605,0.0,0.0,0.0,0.0,0.0,-57.217,0.0,0.0
ASN  43,24.723,0.0,0.0,-8.58,0.0,0.0,-75.791,0.0,0.0,-3.313,0.0,0.0,0.0,0.0,0.0,-62.961,0.0,0.0
ALA  44,97.397,0.0,0.0,-7.669,0.0,0.0,-87.46,0.0,0.0,3.029,0.0,0.0,0.0,0.0,0.0,5.297000000000015,0.0,0.0
ASN  45,53.917,0.0,0.0,-8.261,0.0,0.0,-98.844,0.0,0.0,-6.254,0.0,0.0,0.0,0.0,0.0,-59.441999999999986,0.0,0.0
PRO  46,80.097,0.0,0.0,-6.924,0.0,0.0,-58.515,0.0,0.0,-0.443,0.0,0.0,0.0,0.0,0.0,14.214999999999987,0.0,0.0
ASP  47,80.732,0.0,0.0,-6.429,0.0,0.0,-59.438,0.0,0.0,-78.023,0.0,0.0,0.0,0.0,0.0,-63.158,0.0,0.0
CYX  48,96.923,0.0,0.0,-8.093,0.0,0.0,-78.071,0.0,0.0,-1.905,0.0,0.0,0.0,0.0,0.0,8.854000000000001,0.0,0.0
LYS  49,144.993,0.0,0.0,-11.501,0.0,0.0,-120.702,0.0,0.0,-10.963,0.0,0.0,0.0,0.0,0.0,1.8269999999999929,0.0,0.0
THR  50,36.9,0.0,0.0,-6.721,0.0,0.0,-41.757,0.0,0.0,-8.77,0.0,0.0,0.0,0.0,0.0,-20.348,0.0,0.0
ILE  51,78.136,0.0,0.0,-7.072,0.0,0.0,-57.333,0.0,0.0,-0.075,0.0,0.0,0.0,0.0,0.0,13.655999999999995,0.0,0.0
LEU  52,75.092,0.0,0.0,-13.385,0.0,0.0,-66.307,0.0,0.0,-4.942,0.0,0.0,0.0,0.0,0.0,-9.542000000000002,0.0,0.0
LYS  53,119.222,0.0,0.0,-7.838,0.0,0.0,-85.23,0.0,0.0,-30.329,0.0,0.0,0.0,0.0,0.0,-4.175000000000004,0.0,0.0
ALA  54,84.09,0.0,0.0,-3.183,0.0,0.0,-72.194,0.0,0.0,-4.837,0.0,0.0,0.0,0.0,0.0,3.8760000000000083,0.0,0.0
LEU  55,72.639,0.0,0.0,-8.322,0.0,0.0,-71.52,0.0,0.0,-5.541,0.0,0.0,0.0,0.0,0.0,-12.744000000000003,0.0,0.0
GLY  56,90.924,0.0,0.0,-3.176,0.0,0.0,-71.37,0.0,0.0,-8.099,0.0,0.0,0.0,0.0,0.0,8.279,0.0,0.0
PRO  57,77.5,0.0,0.0,-2.354,0.0,0.0,-51.635,0.0,0.0,-8.199,0.0,0.0,0.0,0.0,0.0,15.312000000000003,0.0,0.0
GLY  58,68.557,0.0,0.0,-1.75,0.0,0.0,-63.529,0.0,0.0,-4.319,0.0,0.0,0.0,0.0,0.0,-1.0410000000000013,0.0,0.0
ALA  59,99.671,0.0,0.0,-4.488,0.0,0.0,-92.357,0.0,0.0,0.261,0.0,0.0,0.0,0.0,0.0,3.0870000000000077,0.0,0.0
THR  60,45.965,0.0,0.0,-4.598,0.0,0.0,-57.935,0.0,0.0,-2.5,0.0,0.0,0.0,0.0,0.0,-19.067999999999998,0.0,0.0
LEU  61,64.809,0.0,0.0,-8.556,0.0,0.0,-67.517,0.0,0.0,-3.831,0.0,0.0,0.0,0.0,0.0,-15.094999999999995,0.0,0.0
GLU  62,105.033,0.0,0.0,-6.498,0.0,0.0,-59.076,0.0,0.0,-102.03,0.0,0.0,0.0,0.0,0.0,-62.571000000000005,0.0,0.0
GLU  63,104.445,0.0,0.0,-7.928,0.0,0.0,-56.482,0.0,0.0,-97.386,0.0,0.0,0.0,0.0,0.0,-57.351,0.0,0.0
MET  64,91.061,0.0,0.0,-12.885,0.0,0.0,-78.081,0.0,0.0,-0.033,0.0,0.0,0.0,0.0,0.0,0.06199999999999886,0.0,0.0
MET  65,97.601,0.0,0.0,-10.349,0.0,0.0,-87.133,0.0,0.0,1.447,0.0,0.0,0.0,0.0,0.0,1.5659999999999998,0.0,0.0
THR  66,42.236,0.0,0.0,-4.738,0.0,0.0,-51.501,0.0,0.0,-2.309,0.0,0.0,0.0,0.0,0.0,-16.312,0.0,0.0
ALA  67,80.093,0.0,0.0,-5.71,0.0,0.0,-64.908,0.0,0.0,-3.063,0.0,0.0,0.0,0.0,0.0,6.412000000000008,0.0,0.0
CYX  68,96.56,0.0,0.0,-7.425,0.0,0.0,-83.008,0.0,0.0,0.623,0.0,0.0,0.0,0.0,0.0,6.75000000000001,0.0,0.0
GLN  69,35.257,0.0,0.0,-5.088,0.0,0.0,-76.132,0.0,0.0,-10.928,0.0,0.0,0.0,0.0,0.0,-56.891000000000005,0.0,0.0
GLY  70,98.078,0.0,0.0,-3.446,0.0,0.0,-81.238,0.0,0.0,-4.906,0.0,0.0,0.0,0.0,0.0,8.488000000000007,0.0,0.0
VAL  71,35.21,0.0,0.0,-3.786,0.0,0.0,-28.361,0.0,0.0,-101.689,0.0,0.0,0.0,0.0,0.0,-98.62599999999999,0.0,0.0

DELTAS:
Total Energy Decomposition:
Residue,Location,Internal,,,van der Waals,,,Electrostatic,,,Polar Solvation,,,Non-Polar Solv.,,,TOTAL,,
,,Avg.,Std. Dev.,Std. Err. of Mean,Avg.,Std. Dev.,Std. Err. of Mean,Avg.,Std. Dev.,Std. Err. of Mean,Avg.,Std. Dev.,Std. Err. of Mean,Avg.,Std. Dev.,Std. Err. of Mean
PRO   1,R PRO   1,0.0,0.0,0.0,-0.001000000000000334,0.0,0.0,-6.227999999999994,0.0,0.0,6.175000000000001,0.0,0.0,0.0,0.0,0.0,-0.053999999999998494,0.0,0.0
ILE   2,R ILE   2,0.0,0.0,0.0,-0.0009999999999994458,0.0,0.0,0.0350000000000108,0.0,0.0,-0.0349999999999997,0.0,0.0,0.0,0.0,0.0,-0.0009999999999781295,0.0,0.0
VAL   3,R VAL   3,0.0,0.0,0.0,0.0,0.0,0.0,0.022999999999996135,0.0,0.0,-0.02300000000000013,0.0,0.0,0.0,0.0,0.0,-3.552713678800501e-15,0.0,0.0
GLN   4,R GLN   4,0.0,0.0,0.0,-0.001000000000000334,0.0,0.0,-0.16600000000000392,0.0,0.0,0.1639999999999997,0.0,0.0,0.0,0.0,0.0,-0.003000000000007219,0.0,0.0
ASN   5,R ASN   5,0.0,0.0,0.0,0.0,0.0,0.0,0.03999999999999204,0.0,0.0,-0.0389999999999997,0.0,0.0,0.0,0.0,0.0,0.000999999999990564,0.0,0.0
LEU   6,R LEU   6,0.0,0.0,0.0,-0.001000000000000334,0.0,0.0,0.05299999999999727,0.0,0.0,-0.052999999999999936,0.0,0.0,0.0,0.0,0.0,-0.0010000000000065512,0.0,0.0
GLN   7,R GLN   7,0.0,0.0,0.0,0.0,0.0,0.0,0.038000000000010914,0.0,0.0,-0.03700000000000081,0.0,0.0,0.0,0.0,0.0,0.0010000000000047748,0.0,0.0
GLY   8,R GLY   8,0.0,0.0,0.0,0.0,0.0,0.0,0.04000000000000625,0.0,0.0,-0.040000000000000036,0.0,0.0,0.0,0.0,0.0,6.217248937900877e-15,0.0,0.0
GLN   9,R GLN   9,0.0,0.0,0.0,-0.0009999999999994458,0.0,0.0,0.0660000000000025,0.0,0.0,-0.06400000000000006,0.0,0.0,0.0,0.0,0.0,0.0010000000000047748,0.0,0.0
MET  10,R MET  10,0.0,0.0,0.0,0.0,0.0,0.0,0.015000000000000568,0.0,0.0,-0.015000000000000124,0.0,0.0,0.0,0.0,0.0,0.0,0.0,0.0
VAL  11,R VAL  11,0.0,0.0,0.0,0.0,0.0,0.0,0.06700000000000017,0.0,0.0,-0.06600000000000006,0.0,0.0,0.0,0.0,0.0,0.001000000000000334,0.0,0.0
HID  12,R HID  12,0.0,0.0,0.0,-0.0010000000000012221,0.0,0.0,0.045000000000001705,0.0,0.0,-0.04400000000000048,0.0,0.0,0.0,0.0,0.0,0.0,0.0,0.0
GLN  13,R GLN  13,0.0,0.0,0.0,0.0,0.0,0.0,0.07900000000000773,0.0,0.0,-0.0779999999999994,0.0,0.0,0.0,0.0,0.0,0.0010000000000118803,0.0,0.0
ALA  14,R ALA  14,0.0,0.0,0.0,-0.001000000000000334,0.0,0.0,-0.005000000000009663,0.0,0.0,0.006000000000000227,0.0,0.0,0.0,0.0,0.0,-1.4210854715202004e-14,0.0,0.0
ILE  15,R ILE  15,0.0,0.0,0.0,0.0,0.0,0.0,-0.09300000000000352,0.0,0.0,0.09299999999999997,0.0,0.0,0.0,0.0,0.0,-3.552713678800501e-15,0.0,0.0
SER  16,R SER  16,0.0,0.0,0.0,-0.001000000000000334,0.0,0.0,-0.01899999999999835,0.0,0.0,0.01699999999999946,0.0,0.0,0.0,0.0,0.0,-0.0030000000000036664,0.0,0.0
PRO  17,R PRO  17,0.0,0.0,0.0,-0.001000000000000334,0.0,0.0,-0.014999999999993463,0.0,0.0,0.01399999999999979,0.0,0.0,0.0,0.0,0.0,-0.0019999999999988916,0.0,0.0
ARG  18,R ARG  18,0.0,0.0,0.0,-0.001000000000000334,0.0,0.0,-5.194000000000003,0.0,0.0,5.156000000000006,0.0,0.0,0.0,0.0,0.0,-0.038999999999958845,0.0,0.0
THR  19,R THR  19,0.0,0.0,0.0,-0.002000000000000668,0.0,0.0,0.013999999999995794,0.0,0.0,-0.0129999999999999,0.0,0.0,0.0,0.0,0.0,-0.0010000000000012221,0.0,0.0
LEU  20,R LEU  20,0.0,0.0,0.0,-0.0010000000000012221,0.0,0.0,-0.03599999999999426,0.0,0.0,0.03399999999999981,0.0,0.0,0.0,0.0,0.0,-0.0029999999999930083,0.0,0.0
ASN  21,R ASN  21,0.0,0.0,0.0,-0.001000000000000334,0.0,0.0,-0.15900000000000603,0.0,0.0,0.15600000000000058,0.0,0.0,0.0,0.0,0.0,-0.003999999999990678,0.0,0.0
ALA  22,R ALA  22,0.0,0.0,0.0,-0.0019999999999997797,0.0,0.0,-0.18900000000000716,0.0,0.0,0.18500000000000005,0.0,0.0,0.0,0.0,0.0,-0.006000000000002004,0.0,0.0
TRP  23,R TRP  23,0.0,0.0,0.0,-0.009000000000000341,0.0,0.0,-0.07799999999998875,0.0,0.0,0.07699999999999996,0.0,0.0,0.0,0.0,0.0,-0.009999999999987352,0.0,0.0
VAL  24,R VAL  24,0.0,0.0,0.0,-0.0039999999999995595,0.0,0.0,-0.10699999999999932,0.0,0.0,0.10399999999999965,0.0,0.0,0.0,0.0,0.0,-0.007000000000004114,0.0,0.0
LYS  25,R LYS  25,0.0,0.0,0.0,-0.007999999999999119,0.0,0.0,-3.0250000000000057,0.0,0.0,3.0409999999999986,0.0,0.0,0.0,0.0,0.0,0.007999999999997343,0.0,0.0
VAL  26,R VAL  26,0.0,0.0,0.0,-0.02000000000000135,0.0,0.0,-0.561000000000007,0.0,0.0,0.5509999999999999,0.0,0.0,0.0,0.0,0.0,-0.03000000000001002,0.0,0.0
VAL  27,R VAL  27,0.0,0.0,0.0,-0.012000000000000455,0.0,0.0,-0.1559999999999988,0.0,0.0,0.15000000000000013,0.0,0.0,0.0,0.0,0.0,-0.018000000000000682,0.0,0.0
GLU  28,R GLU  28,0.0,0.0,0.0,-0.012000000000000455,0.0,0.0,2.1000000000000085,0.0,0.0,-2.1539999999999964,0.0,0.0,0.0,0.0,0.0,-0.06599999999998829,0.0,0.0
GLU  29,R GLU  29,0.0,0.0,0.0,-0.04600000000000026,0.0,0.0,-3.414999999999992,0.0,0.0,3.2179999999999893,0.0,0.0,0.0,0.0,0.0,-0.2430000000000092,0.0,0.0
LYS  30,R LYS  30,0.0,0.0,0.0,-0.6109999999999998,0.0,0.0,20.837999999999994,0.0,0.0,-17.76,0.0,0.0,0.0,0.0,0.0,2.46699999999999,0.0,0.0
ALA  31,R ALA  31,0.0,0.0,0.0,-0.03399999999999981,0.0,0.0,-0.7120000000000033,0.0,0.0,0.6619999999999999,0.0,0.0,0.0,0.0,0.0,-0.08399999999999519,0.0,0.0
PHE  32,R PHE  32,0.0,0.0,0.0,-0.07399999999999984,0.0,0.0,0.3500000000000085,0.0,0.0,-0.3810000000000002,0.0,0.0,0.0,0.0,0.0,-0.10500000000000398,0.0,0.0
SER  33,R SER  33,0.0,0.0,0.0,-0.5870000000000006,0.0,0.0,-3.0259999999999962,0.0,0.0,4.405,0.0,0.0,0.0,0.0,0.0,0.7919999999999998,0.0,0.0
PRO  34,R PRO  34,0.0,0.0,0.0,-1.9720000000000004,0.0,0.0,-2.517000000000003,0.0,0.0,1.9749999999999999,0.0,0.0,0.0,0.0,0.0,-2.514000000000012,0.0,0.0
GLU  35,R GLU  35,0.0,0.0,0.0,-1.8059999999999992,0.0,0.0,-35.599000000000004,0.0,0.0,43.061,0.0,0.0,0.0,0.0,0.0,5.655999999999985,0.0,0.0
VAL  36,R VAL  36,0.0,0.0,0.0,-0.10199999999999854,0.0,0.0,-0.7609999999999957,0.0,0.0,0.682,0.0,0.0,0.0,0.0,0.0,-0.18099999999999383,0.0,0.0
ILE  37,R ILE  37,0.0,0.0,0.0,-0.14100000000000001,0.0,0.0,-0.9420000000000002,0.0,0.0,0.8839999999999999,0.0,0.0,0.0,0.0,0.0,-0.19899999999999096,0.0,0.0
PRO  38,R PRO  38,0.0,0.0,0.0,-0.6840000000000002,0.0,0.0,-0.27899999999999636,0.0,0.0,0.21899999999999986,0.0,0.0,0.0,0.0,0.0,-0.7439999999999927,0.0,0.0
MET  39,R MET  39,0.0,0.0,0.0,-0.0730000000000004,0.0,0.0,0.08799999999999386,0.0,0.0,-0.10600000000000032,0.0,0.0,0.0,0.0,0.0,-0.09100000000001529,0.0,0.0
PHE  40,R PHE  40,0.0,0.0,0.0,-0.018000000000000682,0.0,0.0,-0.28999999999999204,0.0,0.0,0.275,0.0,0.0,0.0,0.0,0.0,-0.03299999999999237,0.0,0.0
SER  41,R SER  41,0.0,0.0,0.0,-0.01100000000000012,0.0,0.0,-0.34899999999999665,0.0,0.0,0.33399999999999963,0.0,0.0,0.0,0.0,0.0,-0.0259999999999998,0.0,0.0
ALA  42,R ALA  42,0.0,0.0,0.0,-0.006999999999999673,0.0,0.0,-0.006000000000000227,0.0,0.0,0.0030000000000001137,0.0,0.0,0.0,0.0,0.0,-0.010000000000005116,0.0,0.0
LEU  43,R LEU  43,0.0,0.0,0.0,-0.006999999999999673,0.0,0.0,-0.021000000000000796,0.0,0.0,0.018000000000000238,0.0,0.0,0.0,0.0,0.0,-0.00999999999999135,0.0,0.0
SER  44,R SER  44,0.0,0.0,0.0,-0.002000000000000668,0.0,0.0,0.0940000000000083,0.0,0.0,-0.094,0.0,0.0,0.0,0.0,0.0,-0.0019999999999873452,0.0,0.0
GLU  45,R GLU  45,0.0,0.0,0.0,-0.0030000000000001137,0.0,0.0,7.723999999999997,0.0,0.0,-7.647000000000006,0.0,0.0,0.0,0.0,0.0,0.07399999999999096,0.0,0.0
GLY  46,R GLY  46,0.0,0.0,0.0,-0.0009999999999998899,0.0,0.0,-0.12999999999999545,0.0,0.0,0.129,0.0,0.0,0.0,0.0,0.0,-0.001999999999986013,0.0,0.0
ALA  47,R ALA  47,0.0,0.0,0.0,0.0,0.0,0.0,0.10600000000000875,0.0,0.0,-0.10499999999999998,0.0,0.0,0.0,0.0,0.0,0.0010000000000087717,0.0,0.0
THR  48,R THR  48,0.0,0.0,0.0,-0.0009999999999994458,0.0,0.0,0.005000000000002558,0.0,0.0,-0.0050000000000000044,0.0,0.0,0.0,0.0,0.0,-0.000999999999995893,0.0,0.0
PRO  49,R PRO  49,0.0,0.0,0.0,0.0,0.0,0.0,-0.012000000000000455,0.0,0.0,0.01100000000000001,0.0,0.0,0.0,0.0,0.0,-0.0010000000000012221,0.0,0.0
GLN  50,R GLN  50,0.0,0.0,0.0,0.0,0.0,0.0,-0.05300000000001148,0.0,0.0,0.05099999999999927,0.0,0.0,0.0,0.0,0.0,-0.002000000000016655,0.0,0.0
ASP  51,R ASP  51,0.0,0.0,0.0,-0.001000000000000334,0.0,0.0,6.093999999999994,0.0,0.0,-6.043000000000001,0.0,0.0,0.0,0.0,0.0,0.04999999999999005,0.0,0.0
LEU  52,R LEU  52,0.0,0.0,0.0,-0.0010000000000012221,0.0,0.0,-0.04200000000000159,0.0,0.0,0.041000000000000036,0.0,0.0,0.0,0.0,0.0,-0.0019999999999988916,0.0,0.0
ASN  53,R ASN  53,0.0,0.0,0.0,-0.001000000000000334,0.0,0.0,0.12099999999999511,0.0,0.0,-0.11999999999999988,0.0,0.0,0.0,0.0,0.0,-1.4210854715202004e-14,0.0,0.0
THR  54,R THR  54,0.0,0.0,0.0,0.0,0.0,0.0,-0.08800000000000807,0.0,0.0,0.08600000000000008,0.0,0.0,0.0,0.0,0.0,-0.002000000000005997,0.0,0.0
MET  55,R MET  55,0.0,0.0,0.0,-0.002000000000000668,0.0,0.0,-0.10400000000001342,0.0,0.0,0.1,0.0,0.0,0.0,0.0,0.0,-0.006000000000007333,0.0,0.0
LEU  56,R LEU  56,0.0,0.0,0.0,-0.001000000000000334,0.0,0.0,-0.10499999999998977,0.0,0.0,0.102,0.0,0.0,0.0,0.0,0.0,-0.003999999999995119,0.0,0.0
ASN  57,R ASN  57,0.0,0.0,0.0,-0.0009999999999994458,0.0,0.0,-0.03300000000000125,0.0,0.0,0.030999999999998806,0.0,0.0,0.0,0.0,0.0,-0.0030000000000001137,0.0,0.0
THR  58,R THR  58,0.0,0.0,0.0,-0.001000000000000334,0.0,0.0,-0.1560000000000059,0.0,0.0,0.15300000000000002,0.0,0.0,0.0,0.0,0.0,-0.0040000000000048885,0.0,0.0
VAL  59,R VAL  59,0.0,0.0,0.0,-0.0019999999999997797,0.0,0.0,-0.015000000000000568,0.0,0.0,0.014000000000000012,0.0,0.0,0.0,0.0,0.0,-0.0030000000000001137,0.0,0.0
ALA  60,R ALA  60,0.0,0.0,0.0,-0.001000000000000334,0.0,0.0,0.0350000000000108,0.0,0.0,-0.03499999999999999,0.0,0.0,0.0,0.0,0.0,-0.0009999999999941167,0.0,0.0
PRO  61,R PRO  61,0.0,0.0,0.0,-0.0009999999999998899,0.0,0.0,0.02400000000000091,0.0,0.0,-0.02499999999999991,0.0,0.0,0.0,0.0,0.0,-0.0020000000000024443,0.0,0.0
HID  62,R HID  62,0.0,0.0,0.0,-0.0029999999999992255,0.0,0.0,0.07099999999999795,0.0,0.0,-0.06899999999999906,0.0,0.0,0.0,0.0,0.0,-0.0010000000000012221,0.0,0.0
GLN  63,R GLN  63,0.0,0.0,0.0,-0.001000000000000334,0.0,0.0,0.2739999999999938,0.0,0.0,-0.26900000000000013,0.0,0.0,0.0,0.0,0.0,0.003999999999997783,0.0,0.0
ALA  64,R ALA  64,0.0,0.0,0.0,-0.0019999999999997797,0.0,0.0,0.1839999999999975,0.0,0.0,-0.17799999999999994,0.0,0.0,0.0,0.0,0.0,0.004000000000001336,0.0,0.0
ALA  65,R ALA  65,0.0,0.0,0.0,-0.0019999999999997797,0.0,0.0,0.23100000000000875,0.0,0.0,-0.2240000000000002,0.0,0.0,0.0,0.0,0.0,0.005000000000013216,0.0,0.0
ALA  66,R ALA  66,0.0,0.0,0.0,-0.0009999999999994458,0.0,0.0,0.1529999999999916,0.0,0.0,-0.149,0.0,0.0,0.0,0.0,0.0,0.002999999999986791,0.0,0.0
GLN  67,R GLN  67,0.0,0.0,0.0,-0.001000000000000334,0.0,0.0,-0.09999999999999432,0.0,0.0,0.0990000000000002,0.0,0.0,0.0,0.0,0.0,-0.001999999999995339,0.0,0.0
MET  68,R MET  68,0.0,0.0,0.0,-0.0039999999999995595,0.0,0.0,0.16599999999999682,0.0,0.0,-0.1629999999999998,0.0,0.0,0.0,0.0,0.0,-0.0010000000000074394,0.0,0.0
LEU  69,R LEU  69,0.0,0.0,0.0,-0.005000000000000782,0.0,0.0,0.1840000000000117,0.0,0.0,-0.18100000000000005,0.0,0.0,0.0,0.0,0.0,-0.0019999999999837925,0.0,0.0
LYS  70,R LYS  70,0.0,0.0,0.0,-0.002000000000000668,0.0,0.0,-6.460000000000008,0.0,0.0,6.4110000000000005,0.0,0.0,0.0,0.0,0.0,-0.05100000000000282,0.0,0.0
GLU  71,R GLU  71,0.0,0.0,0.0,-0.001000000000000334,0.0,0.0,7.114999999999995,0.0,0.0,-7.056000000000012,0.0,0.0,0.0,0.0,0.0,0.057999999999992724,0.0,0.0
THR  72,R THR  72,0.0,0.0,0.0,-0.002000000000000668,0.0,0.0,0.01300000000000523,0.0,0.0,-0.016000000000000014,0.0,0.0,0.0,0.0,0.0,-0.0049999999999954525,0.0,0.0
ILE  73,R ILE  73,0.0,0.0,0.0,-0.0009999999999994458,0.0,0.0,0.046999999999997044,0.0,0.0,-0.04600000000000026,0.0,0.0,0.0,0.0,0.0,0.0,0.0,0.0
ASN  74,R ASN  74,0.0,0.0,0.0,0.0,0.0,0.0,0.0,0.0,0.0,-0.0009999999999994458,0.0,0.0,0.0,0.0,0.0,-0.0010000000000047748,0.0,0.0
GLU  75,R GLU  75,0.0,0.0,0.0,-0.001000000000000334,0.0,0.0,7.7520000000000024,0.0,0.0,-7.6769999999999925,0.0,0.0,0.0,0.0,0.0,0.07400000000000517,0.0,0.0
GLU  76,R GLU  76,0.0,0.0,0.0,-0.002000000000000668,0.0,0.0,9.335,0.0,0.0,-9.229,0.0,0.0,0.0,0.0,0.0,0.103999999999985,0.0,0.0
ALA  77,R ALA  77,0.0,0.0,0.0,0.0,0.0,0.0,-0.042999999999992156,0.0,0.0,0.04399999999999982,0.0,0.0,0.0,0.0,0.0,0.0010000000000078835,0.0,0.0
ALA  78,R ALA  78,0.0,0.0,0.0,0.0,0.0,0.0,-0.10900000000000887,0.0,0.0,0.10699999999999976,0.0,0.0,0.0,0.0,0.0,-0.0020000000000091056,0.0,0.0
GLU  79,R GLU  79,0.0,0.0,0.0,-0.0009999999999994458,0.0,0.0,8.879999999999995,0.0,0.0,-8.77900000000001,0.0,0.0,0.0,0.0,0.0,0.0999999999999801,0.0,0.0
TRP  80,R TRP  80,0.0,0.0,0.0,-0.0010000000000012221,0.0,0.0,0.028000000000005798,0.0,0.0,-0.027999999999999997,0.0,0.0,0.0,0.0,0.0,-0.0009999999999976694,0.0,0.0
ASP  81,R ASP  81,0.0,0.0,0.0,-0.0009999999999994458,0.0,0.0,6.466999999999999,0.0,0.0,-6.402999999999992,0.0,0.0,0.0,0.0,0.0,0.06300000000000239,0.0,0.0
ARG  82,R ARG  82,0.0,0.0,0.0,-0.0009999999999994458,0.0,0.0,-7.7749999999999995,0.0,0.0,7.694000000000003,0.0,0.0,0.0,0.0,0.0,-0.08199999999999363,0.0,0.0
LEU  83,R LEU  83,0.0,0.0,0.0,0.0,0.0,0.0,-0.060000000000002274,0.0,0.0,0.05899999999999972,0.0,0.0,0.0,0.0,0.0,-0.0010000000000012221,0.0,0.0
HID  84,R HID  84,0.0,0.0,0.0,-0.001000000000000334,0.0,0.0,0.06199999999999761,0.0,0.0,-0.06099999999999994,0.0,0.0,0.0,0.0,0.0,-7.105427357601002e-15,0.0,0.0
PRO  85,R PRO  85,0.0,0.0,0.0,0.0,0.0,0.0,0.03499999999999659,0.0,0.0,-0.03500000000000014,0.0,0.0,0.0,0.0,0.0,-3.552713678800501e-15,0.0,0.0
VAL  86,R VAL  86,0.0,0.0,0.0,0.0,0.0,0.0,0.014000000000002899,0.0,0.0,-0.0129999999999999,0.0,0.0,0.0,0.0,0.0,0.0010000000000029985,0.0,0.0
HID  87,R HID  87,0.0,0.0,0.0,0.0,0.0,0.0,-0.00999999999999801,0.0,0.0,0.009999999999999787,0.0,0.0,0.0,0.0,0.0,3.552713678800501e-15,0.0,0.0
ALA  88,R ALA  88,0.0,0.0,0.0,0.0,0.0,0.0,-0.0309999999999917,0.0,0.0,0.030999999999999694,0.0,0.0,0.0,0.0,0.0,7.993605777301127e-15,0.0,0.0
GLY  89,R GLY  89,0.0,0.0,0.0,0.0,0.0,0.0,0.043000000000006366,0.0,0.0,-0.042999999999999705,0.0,0.0,0.0,0.0,0.0,5.329070518200751e-15,0.0,0.0
PRO  90,R PRO  90,0.0,0.0,0.0,-0.001000000000000112,0.0,0.0,0.03200000000000358,0.0,0.0,-0.03200000000000003,0.0,0.0,0.0,0.0,0.0,-0.0010000000000012221,0.0,0.0
ILE  91,R ILE  91,0.0,0.0,0.0,0.0,0.0,0.0,-0.0730000000000004,0.0,0.0,0.07200000000000006,0.0,0.0,0.0,0.0,0.0,-0.0010000000000012221,0.0,0.0
ALA  92,R ALA  92,0.0,0.0,0.0,0.0,0.0,0.0,0.04199999999998738,0.0,0.0,-0.041999999999999815,0.0,0.0,0.0,0.0,0.0,-1.4210854715202004e-14,0.0,0.0
PRO  93,R PRO  93,0.0,0.0,0.0,0.0,0.0,0.0,0.03599999999999426,0.0,0.0,-0.03500000000000014,0.0,0.0,0.0,0.0,0.0,0.0009999999999941167,0.0,0.0
GLY  94,R GLY  94,0.0,0.0,0.0,0.0,0.0,0.0,-0.007999999999995566,0.0,0.0,0.008000000000000895,0.0,0.0,0.0,0.0,0.0,5.329070518200751e-15,0.0,0.0
GLN  95,R GLN  95,0.0,0.0,0.0,-0.0009999999999994458,0.0,0.0,-0.11299999999999955,0.0,0.0,0.1120000000000001,0.0,0.0,0.0,0.0,0.0,-0.0019999999999882334,0.0,0.0
MET  96,R MET  96,0.0,0.0,0.0,0.0,0.0,0.0,0.038000000000010914,0.0,0.0,-0.038000000000000256,0.0,0.0,0.0,0.0,0.0,1.0658141036401503e-14,0.0,0.0
ARG  97,R ARG  97,0.0,0.0,0.0,0.0,0.0,0.0,-5.707000000000001,0.0,0.0,5.651999999999994,0.0,0.0,0.0,0.0,0.0,-0.05500000000000682,0.0,0.0
GLU  98,R GLU  98,0.0,0.0,0.0,-0.001000000000000334,0.0,0.0,6.268000000000001,0.0,0.0,-6.204000000000008,0.0,0.0,0.0,0.0,0.0,0.06299999999998818,0.0,0.0
PRO  99,R PRO  99,0.0,0.0,0.0,0.0,0.0,0.0,0.05500000000000682,0.0,0.0,-0.05400000000000005,0.0,0.0,0.0,0.0,0.0,0.0010000000000047748,0.0,0.0
ARG 100,R ARG 100,0.0,0.0,0.0,0.0,0.0,0.0,-6.227,0.0,0.0,6.165000000000003,0.0,0.0,0.0,0.0,0.0,-0.06200000000001182,0.0,0.0
GLY 101,R GLY 101,0.0,0.0,0.0,-0.0009999999999994458,0.0,0.0,0.04999999999999716,0.0,0.0,-0.04800000000000004,0.0,0.0,0.0,0.0,0.0,0.0009999999999923403,0.0,0.0
SER 102,R SER 102,0.0,0.0,0.0,-0.0009999999999994458,0.0,0.0,-0.006000000000000227,0.0,0.0,0.006000000000000227,0.0,0.0,0.0,0.0,0.0,-0.0010000000000047748,0.0,0.0
ASP 103,R ASP 103,0.0,0.0,0.0,0.0,0.0,0.0,5.962000000000003,0.0,0.0,-5.9069999999999965,0.0,0.0,0.0,0.0,0.0,0.05500000000000682,0.0,0.0
ILE 104,R ILE 104,0.0,0.0,0.0,0.0,0.0,0.0,-0.04299999999999926,0.0,0.0,0.04200000000000004,0.0,0.0,0.0,0.0,0.0,-0.0009999999999994458,0.0,0.0
ALA 105,R ALA 105,0.0,0.0,0.0,-0.001000000000000334,0.0,0.0,-0.042999999999992156,0.0,0.0,0.04200000000000004,0.0,0.0,0.0,0.0,0.0,-0.001999999999996671,0.0,0.0
GLY 106,R GLY 106,0.0,0.0,0.0,0.0,0.0,0.0,-0.06400000000000716,0.0,0.0,0.06299999999999972,0.0,0.0,0.0,0.0,0.0,-0.0010000000000074394,0.0,0.0
THR 107,R THR 107,0.0,0.0,0.0,0.0,0.0,0.0,-0.036999999999999034,0.0,0.0,0.03599999999999959,0.0,0.0,0.0,0.0,0.0,-0.0010000000000012221,0.0,0.0
THR 108,R THR 108,0.0,0.0,0.0,0.0,0.0,0.0,-0.01300000000000523,0.0,0.0,0.0129999999999999,0.0,0.0,0.0,0.0,0.0,-5.329070518200751e-15,0.0,0.0
SER 109,R SER 109,0.0,0.0,0.0,0.0,0.0,0.0,0.045000000000001705,0.0,0.0,-0.04499999999999993,0.0,0.0,0.0,0.0,0.0,1.7763568394002505e-15,0.0,0.0
THR 110,R THR 110,0.0,0.0,0.0,0.0,0.0,0.0,0.05100000000000193,0.0,0.0,-0.051000000000000156,0.0,0.0,0.0,0.0,0.0,0.0,0.0,0.0
LEU 111,R LEU 111,0.0,0.0,0.0,0.0,0.0,0.0,0.0660000000000025,0.0,0.0,-0.06500000000000039,0.0,0.0,0.0,0.0,0.0,0.0010000000000021103,0.0,0.0
GLN 112,R GLN 112,0.0,0.0,0.0,0.0,0.0,0.0,0.08400000000000318,0.0,0.0,-0.08299999999999841,0.0,0.0,0.0,0.0,0.0,0.0010000000000047748,0.0,0.0
GLU 113,R GLU 113,0.0,0.0,0.0,-0.001000000000000334,0.0,0.0,5.641000000000005,0.0,0.0,-5.591000000000001,0.0,0.0,0.0,0.0,0.0,0.04899999999999949,0.0,0.0
GLN 114,R GLN 114,0.0,0.0,0.0,-0.0009999999999994458,0.0,0.0,0.01100000000000989,0.0,0.0,-0.01100000000000001,0.0,0.0,0.0,0.0,0.0,-0.0009999999999834586,0.0,0.0
ILE 115,R ILE 115,0.0,0.0,0.0,0.0,0.0,0.0,0.06900000000000261,0.0,0.0,-0.06799999999999984,0.0,0.0,0.0,0.0,0.0,0.0010000000000029985,0.0,0.0
GLY 116,R GLY 116,0.0,0.0,0.0,0.0,0.0,0.0,0.042999999999992156,0.0,0.0,-0.04200000000000004,0.0,0.0,0.0,0.0,0.0,0.0009999999999914522,0.0,0.0
TRP 117,R TRP 117,0.0,0.0,0.0,-0.0010000000000012221,0.0,0.0,0.05100000000000193,0.0,0.0,-0.050000000000000044,0.0,0.0,0.0,0.0,0.0,-3.552713678800501e-15,0.0,0.0
MET 118,R MET 118,0.0,0.0,0.0,-0.0010000000000012221,0.0,0.0,0.09199999999999875,0.0,0.0,-0.0900000000000003,0.0,0.0,0.0,0.0,0.0,0.0010000000000078835,0.0,0.0
THR 119,R THR 119,0.0,0.0,0.0,0.0,0.0,0.0,-0.022999999999996135,0.0,0.0,0.02200000000000024,0.0,0.0,0.0,0.0,0.0,-0.0009999999999941167,0.0,0.0
HID 120,R HID 120,0.0,0.0,0.0,0.0,0.0,0.0,-0.019000000000005457,0.0,0.0,0.019000000000000128,0.0,0.0,0.0,0.0,0.0,-5.329070518200751e-15,0.0,0.0
ASN 121,R ASN 121,0.0,0.0,0.0,0.0,0.0,0.0,0.06300000000000239,0.0,0.0,-0.06199999999999939,0.0,0.0,0.0,0.0,0.0,0.0010000000000047748,0.0,0.0
PRO 122,R PRO 122,0.0,0.0,0.0,-0.0009999999999998899,0.0,0.0,-0.09499999999999886,0.0,0.0,0.0940000000000003,0.0,0.0,0.0,0.0,0.0,-0.002000000000005997,0.0,0.0
PRO 123,R PRO 123,0.0,0.0,0.0,-0.0009999999999994458,0.0,0.0,0.07499999999999574,0.0,0.0,-0.07299999999999995,0.0,0.0,0.0,0.0,0.0,0.0010000000000047748,0.0,0.0
ILE 124,R ILE 124,0.0,0.0,0.0,0.0,0.0,0.0,-0.07900000000000063,0.0,0.0,0.07799999999999996,0.0,0.0,0.0,0.0,0.0,-0.0009999999999976694,0.0,0.0
PRO 125,R PRO 125,0.0,0.0,0.0,-0.0009999999999994458,0.0,0.0,0.06499999999999773,0.0,0.0,-0.064,0.0,0.0,0.0,0.0,0.0,-7.105427357601002e-15,0.0,0.0
VAL 126,R VAL 126,0.0,0.0,0.0,0.0,0.0,0.0,0.07200000000000273,0.0,0.0,-0.07100000000000001,0.0,0.0,0.0,0.0,0.0,0.0010000000000029985,0.0,0.0
GLY 127,R GLY 127,0.0,0.0,0.0,-0.001000000000000334,0.0,0.0,0.042999999999992156,0.0,0.0,-0.04200000000000004,0.0,0.0,0.0,0.0,0.0,1.7763568394002505e-15,0.0,0.0
GLU 128,R GLU 128,0.0,0.0,0.0,-0.0019999999999997797,0.0,0.0,8.594999999999999,0.0,0.0,-8.494999999999997,0.0,0.0,0.0,0.0,0.0,0.09800000000000608,0.0,0.0
ILE 129,R ILE 129,0.0,0.0,0.0,-0.0009999999999994458,0.0,0.0,0.24399999999999977,0.0,0.0,-0.23900000000000005,0.0,0.0,0.0,0.0,0.0,0.00399999999999423,0.0,0.0
TYR 130,R TYR 130,0.0,0.0,0.0,-0.0020000000000024443,0.0,0.0,0.24500000000000455,0.0,0.0,-0.24,0.0,0.0,0.0,0.0,0.0,0.0029999999999947846,0.0,0.0
LYS 131,R LYS 131,0.0,0.0,0.0,-0.0039999999999995595,0.0,0.0,-8.150000000000006,0.0,0.0,8.059999999999999,0.0,0.0,0.0,0.0,0.0,-0.09399999999999764,0.0,0.0
ARG 132,R ARG 132,0.0,0.0,0.0,-0.005000000000000782,0.0,0.0,-9.421,0.0,0.0,9.311,0.0,0.0,0.0,0.0,0.0,-0.1150000000000091,0.0,0.0
TRP 133,R TRP 133,0.0,0.0,0.0,-0.0030000000000001137,0.0,0.0,0.11099999999999,0.0,0.0,-0.10699999999999998,0.0,0.0,0.0,0.0,0.0,0.0009999999999896758,0.0,0.0
ILE 134,R ILE 134,0.0,0.0,0.0,-0.005000000000000782,0.0,0.0,0.11299999999999955,0.0,0.0,-0.10500000000000004,0.0,0.0,0.0,0.0,0.0,0.0030000000000036664,0.0,0.0
ILE 135,R ILE 135,0.0,0.0,0.0,-0.021000000000000796,0.0,0.0,0.44899999999999807,0.0,0.0,-0.42499999999999993,0.0,0.0,0.0,0.0,0.0,0.002999999999997449,0.0,0.0
LEU 136,R LEU 136,0.0,0.0,0.0,-0.009999999999999787,0.0,0.0,0.5229999999999961,0.0,0.0,-0.504,0.0,0.0,0.0,0.0,0.0,0.008999999999989683,0.0,0.0
GLY 137,R GLY 137,0.0,0.0,0.0,-0.004000000000000448,0.0,0.0,0.32499999999998863,0.0,0.0,-0.31200000000000006,0.0,0.0,0.0,0.0,0.0,0.008999999999997899,0.0,0.0
LEU 138,R LEU 138,0.0,0.0,0.0,-0.025000000000000355,0.0,0.0,0.46399999999999864,0.0,0.0,-0.39100000000000007,0.0,0.0,0.0,0.0,0.0,0.047999999999998266,0.0,0.0
ASN 139,R ASN 139,0.0,0.0,0.0,-0.06899999999999995,0.0,0.0,2.4129999999999967,0.0,0.0,-2.2619999999999996,0.0,0.0,0.0,0.0,0.0,0.08199999999999363,0.0,0.0
LYS 140,R LYS 140,0.0,0.0,0.0,-0.016000000000000014,0.0,0.0,-11.59299999999999,0.0,0.0,11.462,0.0,0.0,0.0,0.0,0.0,-0.14699999999999402,0.0,0.0
ILE 141,R ILE 141,0.0,0.0,0.0,-0.020999999999999908,0.0,0.0,-0.028999999999996362,0.0,0.0,0.0040000000000000036,0.0,0.0,0.0,0.0,0.0,-0.0459999999999976,0.0,0.0
VAL 142,R VAL 142,0.0,0.0,0.0,-0.2010000000000005,0.0,0.0,-0.757000000000005,0.0,0.0,0.6240000000000001,0.0,0.0,0.0,0.0,0.0,-0.3339999999999983,0.0,0.0
ARG 143,R ARG 143,0.0,0.0,0.0,0.12100000000000044,0.0,0.0,-50.897,0.0,0.0,39.536,0.0,0.0,0.0,0.0,0.0,-11.23999999999998,0.0,0.0
MET 144,R MET 144,0.0,0.0,0.0,-0.01499999999999968,0.0,0.0,-0.132000000000005,0.0,0.0,0.11299999999999955,0.0,0.0,0.0,0.0,0.0,-0.034000000000006025,0.0,0.0
TYR 145,R TYR 145,0.0,0.0,0.0,-0.04299999999999926,0.0,0.0,-0.3760000000000048,0.0,0.0,0.33500000000000085,0.0,0.0,0.0,0.0,0.0,-0.08400000000001029,0.0,0.0
SER 146,R SER 146,0.0,0.0,0.0,-0.06599999999999984,0.0,0.0,-1.7509999999999977,0.0,0.0,1.6500000000000004,0.0,0.0,0.0,0.0,0.0,-0.16699999999999804,0.0,0.0
PRO 147,R PRO 147,0.0,0.0,0.0,-0.35599999999999987,0.0,0.0,2.7379999999999995,0.0,0.0,-2.6870000000000003,0.0,0.0,0.0,0.0,0.0,-0.3049999999999944,0.0,0.0
THR 148,R THR 148,0.0,0.0,0.0,-1.9119999999999995,0.0,0.0,1.5119999999999933,0.0,0.0,-0.375,0.0,0.0,0.0,0.0,0.0,-0.7750000000000057,0.0,0.0
SER 149,R SER 149,0.0,0.0,0.0,-3.8289999999999997,0.0,0.0,-7.546999999999997,0.0,0.0,8.433,0.0,0.0,0.0,0.0,0.0,-2.942999999999997,0.0,0.0
ILE 150,R ILE 150,18.874000000000002,0.0,0.0,-8.181000000000001,0.0,0.0,-26.301,0.0,0.0,6.2620000000000005,0.0,0.0,0.0,0.0,0.0,-9.345999999999998,0.0,0.0
LEU 151,L LEU   1,19.664,0.0,0.0,-2.4199999999999995,0.0,0.0,-25.058,0.0,0.0,1.2840000000000003,0.0,0.0,0.0,0.0,0.0,-6.53,0.0,0.0
ASP 152,L ASP   2,0.0,0.0,0.0,-2.3140000000000005,0.0,0.0,2.8190000000000026,0.0,0.0,-1.75,0.0,0.0,0.0,0.0,0.0,-1.2449999999999903,0.0,0.0
ILE 153,L ILE   3,0.0,0.0,0.0,-2.4909999999999988,0.0,0.0,-0.05100000000000193,0.0,0.0,1.5789999999999997,0.0,0.0,0.0,0.0,0.0,-0.963000000000001,0.0,0.0
ARG 154,L ARG   4,0.0,0.0,0.0,-0.20000000000000018,0.0,0.0,-7.8309999999999995,0.0,0.0,7.71,0.0,0.0,0.0,0.0,0.0,-0.3210000000000264,0.0,0.0
GLN 155,L GLN   5,0.0,0.0,0.0,-0.019999999999999574,0.0,0.0,0.0379999999999967,0.0,0.0,0.05800000000000005,0.0,0.0,0.0,0.0,0.0,0.07600000000000762,0.0,0.0
GLY 156,L GLY   6,0.0,0.0,0.0,-0.004999999999999893,0.0,0.0,-0.05200000000000671,0.0,0.0,0.06400000000000006,0.0,0.0,0.0,0.0,0.0,0.006999999999997897,0.0,0.0
PRO 157,L PRO   7,0.0,0.0,0.0,-0.0040000000000000036,0.0,0.0,-0.07500000000000284,0.0,0.0,0.0779999999999994,0.0,0.0,0.0,0.0,0.0,-0.0009999999999941167,0.0,0.0
LYS 158,L LYS   8,0.0,0.0,0.0,-0.0019999999999997797,0.0,0.0,-6.712000000000003,0.0,0.0,6.777999999999999,0.0,0.0,0.0,0.0,0.0,0.06400000000000006,0.0,0.0
GLU 159,L GLU   9,0.0,0.0,0.0,-0.012000000000000455,0.0,0.0,8.438999999999993,0.0,0.0,-8.419,0.0,0.0,0.0,0.0,0.0,0.007999999999995566,0.0,0.0
PRO 160,L PRO  10,0.0,0.0,0.0,-0.0039999999999995595,0.0,0.0,0.14799999999999613,0.0,0.0,-0.127,0.0,0.0,0.0,0.0,0.0,0.016999999999990578,0.0,0.0
PHE 161,L PHE  11,0.0,0.0,0.0,-0.008000000000000895,0.0,0.0,0.14800000000001035,0.0,0.0,-0.11100000000000002,0.0,0.0,0.0,0.0,0.0,0.029000000000014126,0.0,0.0
ARG 162,L ARG  12,0.0,0.0,0.0,-0.004999999999999893,0.0,0.0,-7.221999999999998,0.0,0.0,7.361999999999999,0.0,0.0,0.0,0.0,0.0,0.13500000000001933,0.0,0.0
ASP 163,L ASP  13,0.0,0.0,0.0,-0.009000000000000341,0.0,0.0,8.581999999999994,0.0,0.0,-8.744,0.0,0.0,0.0,0.0,0.0,-0.17100000000000648,0.0,0.0
TYR 164,L TYR  14,0.0,0.0,0.0,-0.08800000000000097,0.0,0.0,0.29999999999999716,0.0,0.0,-0.03699999999999992,0.0,0.0,0.0,0.0,0.0,0.17500000000000426,0.0,0.0
VAL 165,L VAL  15,0.0,0.0,0.0,-0.02800000000000047,0.0,0.0,0.14499999999999602,0.0,0.0,-0.11899999999999977,0.0,0.0,0.0,0.0,0.0,-0.0020000000000095497,0.0,0.0
ASP 166,L ASP  16,0.0,0.0,0.0,-0.027000000000000135,0.0,0.0,9.488999999999997,0.0,0.0,-9.629999999999995,0.0,0.0,0.0,0.0,0.0,-0.16799999999999926,0.0,0.0
ARG 167,L ARG  17,0.0,0.0,0.0,-0.24300000000000033,0.0,0.0,-8.951,0.0,0.0,8.859000000000002,0.0,0.0,0.0,0.0,0.0,-0.3350000000000364,0.0,0.0
PHE 168,L PHE  18,0.0,0.0,0.0,-0.28000000000000114,0.0,0.0,-0.3470000000000084,0.0,0.0,0.09899999999999975,0.0,0.0,0.0,0.0,0.0,-0.5280000000000094,0.0,0.0
TYR 169,L TYR  19,0.0,0.0,0.0,-0.14400000000000013,0.0,0.0,0.3059999999999974,0.0,0.0,-0.23899999999999996,0.0,0.0,0.0,0.0,0.0,-0.07700000000000795,0.0,0.0
LYS 170,L LYS  20,0.0,0.0,0.0,-0.23900000000000077,0.0,0.0,-11.754999999999995,0.0,0.0,12.27,0.0,0.0,0.0,0.0,0.0,0.2760000000000282,0.0,0.0
THR 171,L THR  21,0.0,0.0,0.0,-2.189000000000001,0.0,0.0,-0.37700000000000244,0.0,0.0,1.4279999999999997,0.0,0.0,0.0,0.0,0.0,-1.1380000000000017,0.0,0.0
LEU 172,L LEU  22,0.0,0.0,0.0,-1.189,0.0,0.0,-0.23400000000000887,0.0,0.0,0.25999999999999995,0.0,0.0,0.0,0.0,0.0,-1.1630000000000091,0.0,0.0
ARG 173,L ARG  23,0.0,0.0,0.0,-0.03200000000000003,0.0,0.0,-31.466000000000008,0.0,0.0,21.546,0.0,0.0,0.0,0.0,0.0,-9.952000000000027,0.0,0.0
ALA 174,L ALA  24,0.0,0.0,0.0,-2.3040000000000003,0.0,0.0,-2.049999999999997,0.0,0.0,4.477,0.0,0.0,0.0,0.0,0.0,0.12300000000000066,0.0,0.0
GLU 175,L GLU  25,0.0,0.0,0.0,-1.7279999999999998,0.0,0.0,-32.455,0.0,0.0,41.691,0.0,0.0,0.0,0.0,0.0,7.50800000000001,0.0,0.0
GLN 176,L GLN  26,0.0,0.0,0.0,-2.659,0.0,0.0,-6.415999999999997,0.0,0.0,5.648,0.0,0.0,0.0,0.0,0.0,-3.4269999999999996,0.0,0.0
ALA 177,L ALA  27,0.0,0.0,0.0,-0.1280000000000001,0.0,0.0,1.0219999999999914,0.0,0.0,-1.016,0.0,0.0,0.0,0.0,0.0,-0.12200000000000877,0.0,0.0
SER 178,L SER  28,0.0,0.0,0.0,-0.03699999999999992,0.0,0.0,-0.23099999999999454,0.0,0.0,0.2370000000000001,0.0,0.0,0.0,0.0,0.0,-0.030999999999986372,0.0,0.0
GLN 179,L GLN  29,0.0,0.0,0.0,-0.02200000000000024,0.0,0.0,-0.4860000000000042,0.0,0.0,0.48799999999999955,0.0,0.0,0.0,0.0,0.0,-0.020000000000003126,0.0,0.0
GLU 180,L GLU  30,0.0,0.0,0.0,-0.011999999999999567,0.0,0.0,7.906000000000006,0.0,0.0,-7.966000000000008,0.0,0.0,0.0,0.0,0.0,-0.07200000000000273,0.0,0.0
VAL 181,L VAL  31,0.0,0.0,0.0,-0.05200000000000049,0.0,0.0,0.06400000000000006,0.0,0.0,-0.03299999999999992,0.0,0.0,0.0,0.0,0.0,-0.020999999999999464,0.0,0.0
LYS 182,L LYS  32,0.0,0.0,0.0,-0.08399999999999963,0.0,0.0,-9.902000000000001,0.0,0.0,9.893,0.0,0.0,0.0,0.0,0.0,-0.09300000000000441,0.0,0.0
ASN 183,L ASN  33,0.0,0.0,0.0,-0.014000000000000234,0.0,0.0,0.0030000000000001137,0.0,0.0,0.0129999999999999,0.0,0.0,0.0,0.0,0.0,0.001999999999995339,0.0,0.0
TRP 184,L TRP  34,0.0,0.0,0.0,-0.038000000000000256,0.0,0.0,0.03499999999999659,0.0,0.0,-0.021999999999999797,0.0,0.0,0.0,0.0,0.0,-0.02499999999999858,0.0,0.0
MET 185,L MET  35,0.0,0.0,0.0,-0.7620000000000005,0.0,0.0,0.16200000000000614,0.0,0.0,0.117,0.0,0.0,0.0,0.0,0.0,-0.4829999999999943,0.0,0.0
THR 186,L THR  36,0.0,0.0,0.0,-0.02800000000000047,0.0,0.0,0.06099999999999994,0.0,0.0,-0.02200000000000002,0.0,0.0,0.0,0.0,0.0,0.011000000000002785,0.0,0.0
GLU 187,L GLU  37,0.0,0.0,0.0,-0.009000000000000341,0.0,0.0,6.921999999999997,0.0,0.0,-7.049000000000007,0.0,0.0,0.0,0.0,0.0,-0.13599999999999568,0.0,0.0
THR 188,L THR  38,0.0,0.0,0.0,-0.02200000000000024,0.0,0.0,0.028000000000005798,0.0,0.0,0.025999999999999968,0.0,0.0,0.0,0.0,0.0,0.032000000000007134,0.0,0.0
LEU 189,L LEU  39,0.0,0.0,0.0,-0.8559999999999999,0.0,0.0,-0.001999999999995339,0.0,0.0,0.09399999999999997,0.0,0.0,0.0,0.0,0.0,-0.7639999999999958,0.0,0.0
LEU 190,L LEU  40,0.0,0.0,0.0,-0.09600000000000009,0.0,0.0,0.08399999999998897,0.0,0.0,-0.016999999999999904,0.0,0.0,0.0,0.0,0.0,-0.029000000000015902,0.0,0.0
VAL 191,L VAL  41,0.0,0.0,0.0,-0.014000000000001123,0.0,0.0,0.0379999999999967,0.0,0.0,0.01200000000000001,0.0,0.0,0.0,0.0,0.0,0.03599999999999426,0.0,0.0
GLN 192,L GLN  42,0.0,0.0,0.0,-0.017999999999999794,0.0,0.0,-0.08800000000000097,0.0,0.0,-0.0909999999999993,0.0,0.0,0.0,0.0,0.0,-0.19700000000000273,0.0,0.0
ASN 193,L ASN  43,0.0,0.0,0.0,-0.09500000000000064,0.0,0.0,-0.07600000000000762,0.0,0.0,-0.6099999999999999,0.0,0.0,0.0,0.0,0.0,-0.7810000000000059,0.0,0.0
ALA 194,L ALA  44,0.0,0.0,0.0,-0.009000000000000341,0.0,0.0,0.018000000000000682,0.0,0.0,-0.0040000000000000036,0.0,0.0,0.0,0.0,0.0,0.005000000000000782,0.0,0.0
ASN 195,L ASN  45,0.0,0.0,0.0,-0.004000000000001336,0.0,0.0,-0.07500000000000284,0.0,0.0,0.10599999999999987,0.0,0.0,0.0,0.0,0.0,0.026999999999993918,0.0,0.0
PRO 196,L PRO  46,0.0,0.0,0.0,-0.0019999999999997797,0.0,0.0,-0.0030000000000001137,0.0,0.0,0.01100000000000001,0.0,0.0,0.0,0.0,0.0,0.00600000000000378,0.0,0.0
ASP 197,L ASP  47,0.0,0.0,0.0,-0.0009999999999994458,0.0,0.0,6.258000000000003,0.0,0.0,-6.302000000000007,0.0,0.0,0.0,0.0,0.0,-0.04500000000000881,0.0,0.0
CYX 198,L CYX  48,0.0,0.0,0.0,-0.002000000000000668,0.0,0.0,-0.0870000000000033,0.0,0.0,0.07400000000000007,0.0,0.0,0.0,0.0,0.0,-0.014999999999998792,0.0,0.0
LYS 199,L LYS  49,0.0,0.0,0.0,-0.004000000000001336,0.0,0.0,-7.105000000000004,0.0,0.0,7.068,0.0,0.0,0.0,0.0,0.0,-0.040999999999995485,0.0,0.0
THR 200,L THR  50,0.0,0.0,0.0,0.0,0.0,0.0,-0.0730000000000004,0.0,0.0,0.0730000000000004,0.0,0.0,0.0,0.0,0.0,0.0,0.0,0.0
ILE 201,L ILE  51,0.0,0.0,0.0,-0.001000000000000334,0.0,0.0,-0.05000000000000426,0.0,0.0,0.043,0.0,0.0,0.0,0.0,0.0,-0.008000000000009777,0.0,0.0
LEU 202,L LEU  52,0.0,0.0,0.0,-0.0030000000000001137,0.0,0.0,-0.04399999999999693,0.0,0.0,0.028999999999999915,0.0,0.0,0.0,0.0,0.0,-0.01799999999999713,0.0,0.0
LYS 203,L LYS  53,0.0,0.0,0.0,-0.0019999999999997797,0.0,0.0,-6.397999999999996,0.0,0.0,6.463000000000001,0.0,0.0,0.0,0.0,0.0,0.06299999999999528,0.0,0.0
ALA 204,L ALA  54,0.0,0.0,0.0,0.0,0.0,0.0,-0.013999999999995794,0.0,0.0,0.01100000000000012,0.0,0.0,0.0,0.0,0.0,-0.002999999999995673,0.0,0.0
LEU 205,L LEU  55,0.0,0.0,0.0,-0.0010000000000012221,0.0,0.0,-0.030000000000001137,0.0,0.0,0.02400000000000002,0.0,0.0,0.0,0.0,0.0,-0.006999999999990791,0.0,0.0
GLY 206,L GLY  56,0.0,0.0,0.0,-0.0009999999999998899,0.0,0.0,0.05200000000000671,0.0,0.0,-0.0519999999999996,0.0,0.0,0.0,0.0,0.0,-0.0009999999999976694,0.0,0.0
PRO 207,L PRO  57,0.0,0.0,0.0,0.0,0.0,0.0,-0.05000000000000426,0.0,0.0,0.04899999999999949,0.0,0.0,0.0,0.0,0.0,-0.0010000000000047748,0.0,0.0
GLY 208,L GLY  58,0.0,0.0,0.0,-0.0009999999999998899,0.0,0.0,0.014000000000002899,0.0,0.0,-0.017999999999999794,0.0,0.0,0.0,0.0,0.0,-0.00500000000000167,0.0,0.0
ALA 209,L ALA  59,0.0,0.0,0.0,-0.0009999999999994458,0.0,0.0,0.08299999999999841,0.0,0.0,-0.08500000000000002,0.0,0.0,0.0,0.0,0.0,-0.003000000000006331,0.0,0.0
THR 210,L THR  60,0.0,0.0,0.0,-0.001000000000000334,0.0,0.0,-0.045999999999999375,0.0,0.0,0.05699999999999994,0.0,0.0,0.0,0.0,0.0,0.009999999999994458,0.0,0.0
LEU 211,L LEU  61,0.0,0.0,0.0,-0.0070000000000014495,0.0,0.0,-0.0730000000000075,0.0,0.0,0.08499999999999996,0.0,0.0,0.0,0.0,0.0,0.004999999999986571,0.0,0.0
GLU 212,L GLU  62,0.0,0.0,0.0,-0.0019999999999997797,0.0,0.0,6.988999999999997,0.0,0.0,-7.167000000000002,0.0,0.0,0.0,0.0,0.0,-0.17999999999999972,0.0,0.0
GLU 213,L GLU  63,0.0,0.0,0.0,-0.001000000000000334,0.0,0.0,6.436,0.0,0.0,-6.572000000000003,0.0,0.0,0.0,0.0,0.0,-0.13700000000000756,0.0,0.0
MET 214,L MET  64,0.0,0.0,0.0,-0.0039999999999995595,0.0,0.0,-0.08599999999999852,0.0,0.0,0.08499999999999999,0.0,0.0,0.0,0.0,0.0,-0.004999999999989201,0.0,0.0
MET 215,L MET  65,0.0,0.0,0.0,-0.0039999999999995595,0.0,0.0,0.016999999999995907,0.0,0.0,-0.018000000000000016,0.0,0.0,0.0,0.0,0.0,-0.004999999999994786,0.0,0.0
THR 216,L THR  66,0.0,0.0,0.0,-0.0009999999999994458,0.0,0.0,-0.0870000000000033,0.0,0.0,0.08400000000000007,0.0,0.0,0.0,0.0,0.0,-0.004000000000001336,0.0,0.0
ALA 217,L ALA  67,0.0,0.0,0.0,0.0,0.0,0.0,-0.07699999999999818,0.0,0.0,0.07100000000000017,0.0,0.0,0.0,0.0,0.0,-0.005999999999997563,0.0,0.0
CYX 218,L CYX  68,0.0,0.0,0.0,-0.0019999999999997797,0.0,0.0,0.03900000000000148,0.0,0.0,-0.03700000000000003,0.0,0.0,0.0,0.0,0.0,6.217248937900877e-15,0.0,0.0
GLN 219,L GLN  69,0.0,0.0,0.0,-0.001000000000000334,0.0,0.0,0.07699999999999818,0.0,0.0,-0.0799999999999983,0.0,0.0,0.0,0.0,0.0,-0.0040000000000048885,0.0,0.0
GLY 220,L GLY  70,0.0,0.0,0.0,0.0,0.0,0.0,0.028999999999996362,0.0,0.0,-0.03000000000000025,0.0,0.0,0.0,0.0,0.0,-0.0010000000000047748,0.0,0.0
VAL 221,L VAL  71,0.0,0.0,0.0,-0.0009999999999998899,0.0,0.0,6.433,0.0,0.0,-6.518000000000001,0.0,0.0,0.0,0.0,0.0,-0.08599999999999852,0.0,0.0

