| Run on Thu Jan 29 17:50:12 2026
| GB non-polar solvation energies calculated with gbsa=2
idecomp = 1: Per-residue decomp adding 1-4 interactions to Internal.
Energy Decomposition Analysis (All units kcal/mol): Generalized Born solvent
Complex:
Total Energy Decomposition:
Residue,Internal,,,van der Waals,,,Electrostatic,,,Polar Solvation,,,Non-Polar Solv.,,,TOTAL,,
,Avg.,Std. Dev.,Std. Err. of Mean,Avg.,Std. Dev.,Std. Err. of Mean,Avg.,Std. Dev.,Std. Err. of Mean,Avg.,Std. Dev.,Std. Err. of Mean,Avg.,Std. Dev.,Std. Err. of Mean,Avg.,Std. Dev.,Std. Err. of Mean
PRO   1,98.122,0.0,0.0,-8.235,0.0,0.0,-108.976,0.0,0.0,11.59,0.0,0.0,0.17855648000000002,0.0,0.0,-7.320443519999999,0.0,0.0
ILE   2,99.076,0.0,0.0,-9.094,0.0,0.0,-71.894,0.0,0.0,-4.427,0.0,0.0,0.26581306,0.0,0.0,13.926813059999994,0.0,0.0
VAL   3,48.946,0.0,0.0,-4.28,0.0,0.0,-55.606,0.0,0.0,-0.971,0.0,0.0,0.29960676,0.0,0.0,-11.611393240000005,0.0,0.0
GLN   4,25.711,0.0,0.0,-4.981,0.0,0.0,-63.854,0.0,0.0,-12.843,0.0,0.0,0.6117554000000001,0.0,0.0,-55.3552446,0.0,0.0
ASN   5,34.423,0.0,0.0,-5.015,0.0,0.0,-73.533,0.0,0.0,-17.189,0.0,0.0,0.40942138000000006,0.0,0.0,-60.90457862,0.0,0.0
LEU   6,74.304,0.0,0.0,-2.961,0.0,0.0,-68.855,0.0,0.0,-10.136,0.0,0.0,1.0853658400000001,0.0,0.0,-6.56263416,0.0,0.0
GLN   7,32.959,0.0,0.0,-4.454,0.0,0.0,-67.635,0.0,0.0,-21.184,0.0,0.0,0.94251632,0.0,0.0,-59.371483680000004,0.0,0.0
GLY   8,75.441,0.0,0.0,-2.743,0.0,0.0,-71.199,0.0,0.0,-6.894,0.0,0.0,0.26907590000000003,0.0,0.0,-5.125924099999991,0.0,0.0
GLN   9,38.579,0.0,0.0,-6.954,0.0,0.0,-74.726,0.0,0.0,-14.031,0.0,0.0,0.58975562,0.0,0.0,-56.54224438,0.0,0.0
MET  10,99.991,0.0,0.0,-10.216,0.0,0.0,-76.7,0.0,0.0,-5.85,0.0,0.0,0.23667514000000003,0.0,0.0,7.461675140000003,0.0,0.0
VAL  11,51.734,0.0,0.0,-4.537,0.0,0.0,-53.101,0.0,0.0,-2.593,0.0,0.0,0.33371482,0.0,0.0,-8.163285179999995,0.0,0.0
HID  12,93.896,0.0,0.0,-10.362,0.0,0.0,-63.989,0.0,0.0,-7.688,0.0,0.0,0.29211632000000004,0.0,0.0,12.14911632000001,0.0,0.0
GLN  13,31.491,0.0,0.0,-5.215,0.0,0.0,-70.461,0.0,0.0,-14.235,0.0,0.0,0.62982568,0.0,0.0,-57.79017432,0.0,0.0
ALA  14,96.33,0.0,0.0,-3.787,0.0,0.0,-81.39,0.0,0.0,-3.274,0.0,0.0,0.42012046000000003,0.0,0.0,8.299120459999992,0.0,0.0
ILE  15,92.584,0.0,0.0,-5.736,0.0,0.0,-73.3,0.0,0.0,-3.98,0.0,0.0,0.12686594,0.0,0.0,9.694865940000001,0.0,0.0
SER  16,75.855,0.0,0.0,-4.885,0.0,0.0,-55.241,0.0,0.0,-5.452,0.0,0.0,0.26806236,0.0,0.0,10.54506236,0.0,0.0
PRO  17,91.314,0.0,0.0,-5.436,0.0,0.0,-60.444,0.0,0.0,-3.205,0.0,0.0,0.59306724,0.0,0.0,22.822067239999985,0.0,0.0
ARG  18,-186.305,0.0,0.0,-7.226,0.0,0.0,58.395,0.0,0.0,-45.194,0.0,0.0,1.0190358800000001,0.0,0.0,-179.31096412,0.0,0.0
THR  19,52.126,0.0,0.0,-7.838,0.0,0.0,-55.988,0.0,0.0,-4.688,0.0,0.0,0.16757014,0.0,0.0,-16.220429860000003,0.0,0.0
LEU  20,61.833,0.0,0.0,-9.624,0.0,0.0,-56.77,0.0,0.0,-3.648,0.0,0.0,0.18837210000000001,0.0,0.0,-8.020627900000006,0.0,0.0
ASN  21,35.082,0.0,0.0,-7.136,0.0,0.0,-91.543,0.0,0.0,-10.679,0.0,0.0,0.39507464,0.0,0.0,-73.88092536,0.0,0.0
ALA  22,92.052,0.0,0.0,-5.871,0.0,0.0,-81.414,0.0,0.0,-2.458,0.0,0.0,0.18078952,0.0,0.0,2.4897895200000097,0.0,0.0
TRP  23,135.314,0.0,0.0,-19.444,0.0,0.0,-96.343,0.0,0.0,-5.15,0.0,0.0,0.0,0.0,0.0,14.376999999999986,0.0,0.0
VAL  24,67.981,0.0,0.0,-7.729,0.0,0.0,-56.377,0.0,0.0,-4.426,0.0,0.0,0.22862644000000001,0.0,0.0,-0.3223735600000073,0.0,0.0
LYS  25,133.862,0.0,0.0,-7.547,0.0,0.0,-98.797,0.0,0.0,-41.786,0.0,0.0,0.7467947,0.0,0.0,-13.5212053,0.0,0.0
VAL  26,65.132,0.0,0.0,-8.472,0.0,0.0,-68.166,0.0,0.0,-1.919,0.0,0.0,0.07243288,0.0,0.0,-13.352567119999994,0.0,0.0
VAL  27,42.857,0.0,0.0,-9.896,0.0,0.0,-49.707,0.0,0.0,-1.923,0.0,0.0,0.00447692,0.0,0.0,-18.664523080000006,0.0,0.0
GLU  28,96.957,0.0,0.0,-7.811,0.0,0.0,-67.68,0.0,0.0,-73.43,0.0,0.0,0.37657618000000004,0.0,0.0,-51.587423820000026,0.0,0.0
GLU  29,105.416,0.0,0.0,-3.281,0.0,0.0,-104.259,0.0,0.0,-52.122,0.0,0.0,0.48878644000000004,0.0,0.0,-53.75721356000001,0.0,0.0
LYS  30,121.408,0.0,0.0,-7.949,0.0,0.0,-125.716,0.0,0.0,-4.921,0.0,0.0,0.48892736000000003,0.0,0.0,-16.68907263999999,0.0,0.0
ALA  31,88.211,0.0,0.0,-5.821,0.0,0.0,-73.257,0.0,0.0,-6.195,0.0,0.0,0.11580372,0.0,0.0,3.0538037199999954,0.0,0.0
PHE  32,105.759,0.0,0.0,-8.625,0.0,0.0,-77.174,0.0,0.0,-6.008,0.0,0.0,0.18941816,0.0,0.0,14.141418159999995,0.0,0.0
SER  33,82.071,0.0,0.0,-4.136,0.0,0.0,-66.026,0.0,0.0,-1.615,0.0,0.0,0.18881112,0.0,0.0,10.482811120000006,0.0,0.0
PRO  34,79.944,0.0,0.0,-5.275,0.0,0.0,-56.826,0.0,0.0,-3.376,0.0,0.0,0.4834911,0.0,0.0,14.950491099999997,0.0,0.0
GLU  35,105.18,0.0,0.0,-4.244,0.0,0.0,-104.386,0.0,0.0,-49.13,0.0,0.0,0.5540486600000001,0.0,0.0,-52.02595133999999,0.0,0.0
VAL  36,54.566,0.0,0.0,-8.65,0.0,0.0,-60.652,0.0,0.0,-0.182,0.0,0.0,0.004314320000000001,0.0,0.0,-14.913685679999997,0.0,0.0
ILE  37,98.458,0.0,0.0,-7.207,0.0,0.0,-59.469,0.0,0.0,-1.661,0.0,0.0,0.19378126,0.0,0.0,30.314781260000004,0.0,0.0
PRO  38,88.255,0.0,0.0,-5.123,0.0,0.0,-59.711,0.0,0.0,-3.27,0.0,0.0,0.5035071600000001,0.0,0.0,20.654507159999994,0.0,0.0
MET  39,87.754,0.0,0.0,-8.497,0.0,0.0,-73.194,0.0,0.0,-2.253,0.0,0.0,0.48994632000000005,0.0,0.0,4.299946320000002,0.0,0.0
PHE  40,106.278,0.0,0.0,-14.114,0.0,0.0,-82.064,0.0,0.0,-2.027,0.0,0.0,0.0,0.0,0.0,8.073000000000008,0.0,0.0
SER  41,62.288,0.0,0.0,-7.169,0.0,0.0,-45.395,0.0,0.0,-11.18,0.0,0.0,0.24075640000000004,0.0,0.0,-1.215243600000003,0.0,0.0
ALA  42,84.346,0.0,0.0,-5.057,0.0,0.0,-67.227,0.0,0.0,-5.343,0.0,0.0,0.36415896000000003,0.0,0.0,7.083158959999998,0.0,0.0
LEU  43,80.712,0.0,0.0,-9.544,0.0,0.0,-77.051,0.0,0.0,-3.083,0.0,0.0,0.16420974000000002,0.0,0.0,-8.801790259999995,0.0,0.0
SER  44,75.378,0.0,0.0,-6.213,0.0,0.0,-78.599,0.0,0.0,1.306,0.0,0.0,0.0,0.0,0.0,-8.127999999999997,0.0,0.0
GLU  45,103.64,0.0,0.0,-6.374,0.0,0.0,-65.508,0.0,0.0,-81.375,0.0,0.0,0.7354181200000001,0.0,0.0,-48.88158187999999,0.0,0.0
GLY  46,68.031,0.0,0.0,-4.032,0.0,0.0,-70.321,0.0,0.0,1.255,0.0,0.0,0.10520220000000001,0.0,0.0,-4.961797799999989,0.0,0.0
ALA  47,98.597,0.0,0.0,-6.508,0.0,0.0,-83.431,0.0,0.0,-3.881,0.0,0.0,0.0334143,0.0,0.0,4.810414300000001,0.0,0.0
THR  48,56.572,0.0,0.0,-5.437,0.0,0.0,-64.696,0.0,0.0,-0.059,0.0,0.0,0.0,0.0,0.0,-13.619999999999992,0.0,0.0
PRO  49,78.355,0.0,0.0,-11.35,0.0,0.0,-56.016,0.0,0.0,-0.505,0.0,0.0,0.0,0.0,0.0,10.48400000000001,0.0,0.0
GLN  50,31.188,0.0,0.0,-8.888,0.0,0.0,-68.443,0.0,0.0,-13.263,0.0,0.0,0.41163816,0.0,0.0,-58.994361839999996,0.0,0.0
ASP  51,91.906,0.0,0.0,-7.583,0.0,0.0,-122.348,0.0,0.0,-21.847,0.0,0.0,0.01259066,0.0,0.0,-59.85940933999999,0.0,0.0
LEU  52,66.683,0.0,0.0,-11.04,0.0,0.0,-70.587,0.0,0.0,0.806,0.0,0.0,0.0,0.0,0.0,-14.137999999999995,0.0,0.0
ASN  53,35.986,0.0,0.0,-6.897,0.0,0.0,-102.131,0.0,0.0,-3.587,0.0,0.0,0.28185626,0.0,0.0,-76.34714374,0.0,0.0
THR  54,49.107,0.0,0.0,-6.4,0.0,0.0,-64.002,0.0,0.0,-1.509,0.0,0.0,0.28575324,0.0,0.0,-22.518246759999997,0.0,0.0
MET  55,82.91,0.0,0.0,-13.629,0.0,0.0,-69.014,0.0,0.0,-0.996,0.0,0.0,0.0032682600000000003,0.0,0.0,-0.7257317400000041,0.0,0.0
LEU  56,66.054,0.0,0.0,-10.454,0.0,0.0,-67.404,0.0,0.0,-1.67,0.0,0.0,0.18077868,0.0,0.0,-13.293221319999995,0.0,0.0
ASN  57,44.263,0.0,0.0,-6.817,0.0,0.0,-99.458,0.0,0.0,-13.289,0.0,0.0,0.61242748,0.0,0.0,-74.68857252000001,0.0,0.0
THR  58,59.681,0.0,0.0,-7.553,0.0,0.0,-65.495,0.0,0.0,-4.783,0.0,0.0,0.18481116,0.0,0.0,-17.965188840000007,0.0,0.0
VAL  59,37.721,0.0,0.0,-9.675,0.0,0.0,-37.404,0.0,0.0,-1.053,0.0,0.0,0.006476900000000001,0.0,0.0,-10.40452310000001,0.0,0.0
ALA  60,87.836,0.0,0.0,-4.056,0.0,0.0,-64.296,0.0,0.0,-2.654,0.0,0.0,0.24562356,0.0,0.0,17.075623559999993,0.0,0.0
PRO  61,80.849,0.0,0.0,-5.04,0.0,0.0,-60.017,0.0,0.0,-2.592,0.0,0.0,0.55740906,0.0,0.0,13.757409059999993,0.0,0.0
HID  62,99.93,0.0,0.0,-8.068,0.0,0.0,-68.455,0.0,0.0,-11.087,0.0,0.0,0.30667986,0.0,0.0,12.62667986000001,0.0,0.0
GLN  63,28.413,0.0,0.0,-4.884,0.0,0.0,-66.48,0.0,0.0,-14.455,0.0,0.0,0.8468424800000001,0.0,0.0,-56.55915752000001,0.0,0.0
ALA  64,84.673,0.0,0.0,-3.876,0.0,0.0,-68.616,0.0,0.0,-4.558,0.0,0.0,0.45667836,0.0,0.0,8.079678359999997,0.0,0.0
ALA  65,87.319,0.0,0.0,-6.404,0.0,0.0,-76.394,0.0,0.0,-2.004,0.0,0.0,0.050221720000000004,0.0,0.0,2.567221720000001,0.0,0.0
ALA  66,92.716,0.0,0.0,-6.21,0.0,0.0,-82.945,0.0,0.0,-0.722,0.0,0.0,0.11501782,0.0,0.0,2.954017820000007,0.0,0.0
GLN  67,38.808,0.0,0.0,-7.212,0.0,0.0,-80.648,0.0,0.0,-9.82,0.0,0.0,0.6247092000000001,0.0,0.0,-58.247290799999995,0.0,0.0
MET  68,94.06,0.0,0.0,-8.916,0.0,0.0,-75.776,0.0,0.0,-1.912,0.0,0.0,0.37035944,0.0,0.0,7.826359440000009,0.0,0.0
LEU  69,84.239,0.0,0.0,-11.362,0.0,0.0,-81.67,0.0,0.0,-2.154,0.0,0.0,0.014986300000000001,0.0,0.0,-10.932013699999992,0.0,0.0
LYS  70,127.755,0.0,0.0,-7.63,0.0,0.0,-114.184,0.0,0.0,-24.489,0.0,0.0,0.86084234,0.0,0.0,-17.687157659999997,0.0,0.0
GLU  71,109.992,0.0,0.0,-6.866,0.0,0.0,-76.161,0.0,0.0,-81.939,0.0,0.0,0.62022144,0.0,0.0,-54.35377855999999,0.0,0.0
THR  72,43.47,0.0,0.0,-7.364,0.0,0.0,-59.614,0.0,0.0,-2.061,0.0,0.0,0.04150094,0.0,0.0,-25.527499059999997,0.0,0.0
ILE  73,74.444,0.0,0.0,-9.642,0.0,0.0,-51.471,0.0,0.0,-3.539,0.0,0.0,0.06038964,0.0,0.0,9.85238964000001,0.0,0.0
ASN  74,20.685,0.0,0.0,-6.853,0.0,0.0,-78.602,0.0,0.0,-11.759,0.0,0.0,0.5458265200000001,0.0,0.0,-75.98317348,0.0,0.0
GLU  75,107.911,0.0,0.0,-4.421,0.0,0.0,-69.95,0.0,0.0,-87.186,0.0,0.0,0.5097510000000001,0.0,0.0,-53.136249000000014,0.0,0.0
GLU  76,102.235,0.0,0.0,-10.237,0.0,0.0,-57.741,0.0,0.0,-85.185,0.0,0.0,0.26179142000000005,0.0,0.0,-50.666208579999996,0.0,0.0
ALA  77,82.364,0.0,0.0,-7.833,0.0,0.0,-70.109,0.0,0.0,-2.786,0.0,0.0,0.05913762,0.0,0.0,1.6951376200000112,0.0,0.0
ALA  78,93.193,0.0,0.0,-6.61,0.0,0.0,-85.904,0.0,0.0,0.659,0.0,0.0,0.17960254,0.0,0.0,1.5176025400000022,0.0,0.0
GLU  79,106.799,0.0,0.0,-7.306,0.0,0.0,-68.582,0.0,0.0,-87.918,0.0,0.0,0.46314984000000003,0.0,0.0,-56.54385015999999,0.0,0.0
TRP  80,115.846,0.0,0.0,-16.18,0.0,0.0,-87.699,0.0,0.0,-2.847,0.0,0.0,0.2852004,0.0,0.0,9.4052004,0.0,0.0
ASP  81,104.985,0.0,0.0,-8.041,0.0,0.0,-86.129,0.0,0.0,-61.126,0.0,0.0,0.27526554000000003,0.0,0.0,-50.03573446,0.0,0.0
ARG  82,-182.462,0.0,0.0,-6.405,0.0,0.0,-27.63,0.0,0.0,45.226,0.0,0.0,0.83624638,0.0,0.0,-170.43475361999998,0.0,0.0
LEU  83,68.119,0.0,0.0,-5.599,0.0,0.0,-75.298,0.0,0.0,-3.36,0.0,0.0,0.7490060600000001,0.0,0.0,-15.388993940000006,0.0,0.0
HID  84,113.27,0.0,0.0,-8.022,0.0,0.0,-73.951,0.0,0.0,-12.232,0.0,0.0,0.45759434000000004,0.0,0.0,19.522594339999998,0.0,0.0
PRO  85,90.524,0.0,0.0,-3.349,0.0,0.0,-62.589,0.0,0.0,-8.471,0.0,0.0,0.72894664,0.0,0.0,16.84394664,0.0,0.0
VAL  86,48.788,0.0,0.0,-3.306,0.0,0.0,-47.507,0.0,0.0,-7.93,0.0,0.0,0.8538342800000001,0.0,0.0,-9.101165719999997,0.0,0.0
HID  87,86.765,0.0,0.0,-5.989,0.0,0.0,-53.068,0.0,0.0,-13.388,0.0,0.0,0.52806518,0.0,0.0,14.848065179999999,0.0,0.0
ALA  88,90.879,0.0,0.0,-2.17,0.0,0.0,-72.785,0.0,0.0,-9.579,0.0,0.0,0.54913272,0.0,0.0,6.894132720000006,0.0,0.0
GLY  89,92.272,0.0,0.0,-1.341,0.0,0.0,-72.984,0.0,0.0,-9.013,0.0,0.0,0.3148207,0.0,0.0,9.248820700000017,0.0,0.0
PRO  90,88.269,0.0,0.0,-3.073,0.0,0.0,-58.03,0.0,0.0,-7.96,0.0,0.0,0.7581333400000001,0.0,0.0,19.96413334000001,0.0,0.0
ILE  91,77.592,0.0,0.0,-5.076,0.0,0.0,-56.594,0.0,0.0,-4.47,0.0,0.0,0.36247876,0.0,0.0,11.814478760000005,0.0,0.0
ALA  92,91.545,0.0,0.0,-3.019,0.0,0.0,-67.904,0.0,0.0,-5.267,0.0,0.0,0.21760216000000004,0.0,0.0,15.57260216,0.0,0.0
PRO  93,86.059,0.0,0.0,-1.756,0.0,0.0,-56.881,0.0,0.0,-7.792,0.0,0.0,0.76834462,0.0,0.0,20.398344619999996,0.0,0.0
GLY  94,70.761,0.0,0.0,-1.704,0.0,0.0,-64.727,0.0,0.0,-8.127,0.0,0.0,0.5267969,0.0,0.0,-3.2702031000000025,0.0,0.0
GLN  95,36.197,0.0,0.0,-6.749,0.0,0.0,-75.986,0.0,0.0,-14.425,0.0,0.0,0.5943680400000001,0.0,0.0,-60.368631959999995,0.0,0.0
MET  96,107.136,0.0,0.0,-10.282,0.0,0.0,-75.743,0.0,0.0,-9.635,0.0,0.0,0.24927664,0.0,0.0,11.725276640000004,0.0,0.0
ARG  97,-194.911,0.0,0.0,-5.061,0.0,0.0,-16.231,0.0,0.0,30.253,0.0,0.0,0.43806608,0.0,0.0,-185.51193392,0.0,0.0
GLU  98,107.109,0.0,0.0,-5.481,0.0,0.0,-50.979,0.0,0.0,-96.116,0.0,0.0,0.55604322,0.0,0.0,-44.91095678,0.0,0.0
PRO  99,90.446,0.0,0.0,-9.773,0.0,0.0,-60.68,0.0,0.0,-4.85,0.0,0.0,0.0452299,0.0,0.0,15.188229900000003,0.0,0.0
ARG 100,-185.924,0.0,0.0,-8.219,0.0,0.0,4.424,0.0,0.0,14.857,0.0,0.0,0.76691916,0.0,0.0,-174.09508084,0.0,0.0
GLY 101,81.408,0.0,0.0,-5.979,0.0,0.0,-82.772,0.0,0.0,0.269,0.0,0.0,0.0,0.0,0.0,-7.074000000000003,0.0,0.0
SER 102,65.245,0.0,0.0,-5.518,0.0,0.0,-63.694,0.0,0.0,-2.31,0.0,0.0,0.21412794,0.0,0.0,-6.062872059999999,0.0,0.0
ASP 103,90.635,0.0,0.0,-4.976,0.0,0.0,-109.061,0.0,0.0,-40.892,0.0,0.0,0.00447692,0.0,0.0,-64.28952308000001,0.0,0.0
ILE 104,80.061,0.0,0.0,-13.032,0.0,0.0,-59.012,0.0,0.0,-1.64,0.0,0.0,0.0,0.0,0.0,6.37700000000001,0.0,0.0
ALA 105,84.535,0.0,0.0,-6.573,0.0,0.0,-77.291,0.0,0.0,-1.543,0.0,0.0,0.03462838,0.0,0.0,-0.8373716200000076,0.0,0.0
GLY 106,89.36,0.0,0.0,-5.797,0.0,0.0,-84.798,0.0,0.0,-4.011,0.0,0.0,0.0375877,0.0,0.0,-5.208412299999999,0.0,0.0
THR 107,57.58,0.0,0.0,-5.583,0.0,0.0,-55.541,0.0,0.0,-8.466,0.0,0.0,0.57057966,0.0,0.0,-11.439420339999996,0.0,0.0
THR 108,40.89,0.0,0.0,-0.426,0.0,0.0,-57.688,0.0,0.0,-4.326,0.0,0.0,0.48472144000000006,0.0,0.0,-21.065278560000003,0.0,0.0
SER 109,79.413,0.0,0.0,-6.677,0.0,0.0,-72.034,0.0,0.0,-4.329,0.0,0.0,0.04792364,0.0,0.0,-3.5790763600000157,0.0,0.0
THR 110,34.008,0.0,0.0,-7.16,0.0,0.0,-33.703,0.0,0.0,-8.867,0.0,0.0,0.44157824,0.0,0.0,-15.280421760000001,0.0,0.0
LEU 111,65.847,0.0,0.0,-10.188,0.0,0.0,-62.036,0.0,0.0,-5.566,0.0,0.0,0.18788971999999998,0.0,0.0,-11.75511028000001,0.0,0.0
GLN 112,38.081,0.0,0.0,-6.511,0.0,0.0,-73.528,0.0,0.0,-15.633,0.0,0.0,0.75659406,0.0,0.0,-56.834405939999996,0.0,0.0
GLU 113,108.005,0.0,0.0,-9.966,0.0,0.0,-93.567,0.0,0.0,-53.651,0.0,0.0,0.21703306,0.0,0.0,-48.961966939999996,0.0,0.0
GLN 114,42.077,0.0,0.0,-13.287,0.0,0.0,-86.532,0.0,0.0,-0.547,0.0,0.0,0.0,0.0,0.0,-58.288999999999994,0.0,0.0
ILE 115,85.106,0.0,0.0,-9.862,0.0,0.0,-67.507,0.0,0.0,-2.055,0.0,0.0,0.10216158,0.0,0.0,5.784161579999995,0.0,0.0
GLY 116,75.605,0.0,0.0,-5.19,0.0,0.0,-73.96,0.0,0.0,-2.007,0.0,0.0,0.07442202,0.0,0.0,-5.477577979999987,0.0,0.0
TRP 117,124.911,0.0,0.0,-20.068,0.0,0.0,-92.2,0.0,0.0,-1.793,0.0,0.0,0.00719234,0.0,0.0,10.857192340000001,0.0,0.0
MET 118,101.59,0.0,0.0,-10.738,0.0,0.0,-82.04,0.0,0.0,-3.704,0.0,0.0,0.11984704,0.0,0.0,5.227847039999997,0.0,0.0
THR 119,24.588,0.0,0.0,-5.196,0.0,0.0,-38.284,0.0,0.0,-3.873,0.0,0.0,0.32082606,0.0,0.0,-22.444173939999995,0.0,0.0
HID 120,91.624,0.0,0.0,-11.067,0.0,0.0,-60.541,0.0,0.0,-7.514,0.0,0.0,0.20827434,0.0,0.0,12.710274339999991,0.0,0.0
ASN 121,32.437,0.0,0.0,-4.43,0.0,0.0,-71.099,0.0,0.0,-16.528,0.0,0.0,0.74570528,0.0,0.0,-58.87429472,0.0,0.0
PRO 122,92.094,0.0,0.0,-4.534,0.0,0.0,-59.82,0.0,0.0,-3.128,0.0,0.0,0.64887698,0.0,0.0,25.26087697999999,0.0,0.0
PRO 123,84.414,0.0,0.0,-6.557,0.0,0.0,-57.526,0.0,0.0,-4.617,0.0,0.0,0.41761642000000004,0.0,0.0,16.131616419999997,0.0,0.0
ILE 124,101.094,0.0,0.0,-7.269,0.0,0.0,-66.811,0.0,0.0,-1.259,0.0,0.0,0.28062592000000003,0.0,0.0,26.03562591999998,0.0,0.0
PRO 125,89.798,0.0,0.0,-6.664,0.0,0.0,-66.038,0.0,0.0,-0.933,0.0,0.0,0.2974767,0.0,0.0,16.460476700000005,0.0,0.0
VAL 126,53.689,0.0,0.0,-11.481,0.0,0.0,-55.497,0.0,0.0,-1.642,0.0,0.0,0.0,0.0,0.0,-14.931000000000001,0.0,0.0
GLY 127,70.757,0.0,0.0,-5.44,0.0,0.0,-72.934,0.0,0.0,-1.282,0.0,0.0,0.0014363000000000002,0.0,0.0,-8.89756369999999,0.0,0.0
GLU 128,109.531,0.0,0.0,-6.639,0.0,0.0,-87.256,0.0,0.0,-64.192,0.0,0.0,0.46922024000000007,0.0,0.0,-48.086779759999985,0.0,0.0
ILE 129,87.543,0.0,0.0,-10.226,0.0,0.0,-69.422,0.0,0.0,-0.247,0.0,0.0,0.19593842000000003,0.0,0.0,7.84393842000001,0.0,0.0
TYR 130,95.217,0.0,0.0,-15.075,0.0,0.0,-91.298,0.0,0.0,-0.365,0.0,0.0,0.00447692,0.0,0.0,-11.516523080000006,0.0,0.0
LYS 131,145.329,0.0,0.0,-12.384,0.0,0.0,-165.853,0.0,0.0,23.65,0.0,0.0,0.06613484,0.0,0.0,-9.191865160000017,0.0,0.0
ARG 132,-186.621,0.0,0.0,-9.526,0.0,0.0,38.871,0.0,0.0,-16.685,0.0,0.0,0.83344966,0.0,0.0,-173.12755034,0.0,0.0
TRP 133,126.875,0.0,0.0,-18.368,0.0,0.0,-95.777,0.0,0.0,-4.096,0.0,0.0,0.08670916000000001,0.0,0.0,8.720709160000004,0.0,0.0
ILE 134,89.681,0.0,0.0,-12.669,0.0,0.0,-70.385,0.0,0.0,-0.582,0.0,0.0,0.0,0.0,0.0,6.0449999999999955,0.0,0.0
ILE 135,77.977,0.0,0.0,-7.409,0.0,0.0,-61.922,0.0,0.0,-0.921,0.0,0.0,0.16507152,0.0,0.0,7.89007152,0.0,0.0
LEU 136,70.309,0.0,0.0,-7.627,0.0,0.0,-74.018,0.0,0.0,1.606,0.0,0.0,0.24946634,0.0,0.0,-9.480533660000006,0.0,0.0
GLY 137,84.996,0.0,0.0,-6.345,0.0,0.0,-78.196,0.0,0.0,-0.77,0.0,0.0,0.00161516,0.0,0.0,-0.3133848400000017,0.0,0.0
LEU 138,60.581,0.0,0.0,-11.074,0.0,0.0,-64.212,0.0,0.0,-2.479,0.0,0.0,0.01012998,0.0,0.0,-17.17387002,0.0,0.0
ASN 139,50.985,0.0,0.0,-7.145,0.0,0.0,-96.39,0.0,0.0,-11.837,0.0,0.0,0.19622568,0.0,0.0,-64.19077432,0.0,0.0
LYS 140,136.772,0.0,0.0,-7.752,0.0,0.0,-134.336,0.0,0.0,-4.933,0.0,0.0,0.56509462,0.0,0.0,-9.68390538000003,0.0,0.0
ILE 141,91.552,0.0,0.0,-9.931,0.0,0.0,-74.412,0.0,0.0,-3.781,0.0,0.0,0.035305880000000005,0.0,0.0,3.463305880000003,0.0,0.0
VAL 142,62.925,0.0,0.0,-8.534,0.0,0.0,-57.728,0.0,0.0,-4.322,0.0,0.0,0.05543034000000001,0.0,0.0,-7.603569660000003,0.0,0.0
ARG 143,-199.998,0.0,0.0,-8.843,0.0,0.0,57.922,0.0,0.0,-27.496,0.0,0.0,0.8423493,0.0,0.0,-177.5726507,0.0,0.0
MET 144,90.938,0.0,0.0,-6.126,0.0,0.0,-72.736,0.0,0.0,-5.382,0.0,0.0,0.32039246,0.0,0.0,7.014392459999994,0.0,0.0
TYR 145,96.776,0.0,0.0,-5.322,0.0,0.0,-80.182,0.0,0.0,-16.155,0.0,0.0,0.9648304600000001,0.0,0.0,-3.91816954000001,0.0,0.0
SER 146,74.53,0.0,0.0,-4.148,0.0,0.0,-42.288,0.0,0.0,-15.453,0.0,0.0,0.28918952000000003,0.0,0.0,12.93018952000001,0.0,0.0
PRO 147,87.844,0.0,0.0,-4.852,0.0,0.0,-59.819,0.0,0.0,-7.482,0.0,0.0,0.5006562400000001,0.0,0.0,16.19165623999999,0.0,0.0
THR 148,50.258,0.0,0.0,-4.743,0.0,0.0,-55.303,0.0,0.0,-4.492,0.0,0.0,0.35068484,0.0,0.0,-13.929315159999998,0.0,0.0
SER 149,63.773,0.0,0.0,-4.553,0.0,0.0,-50.775,0.0,0.0,-6.711,0.0,0.0,0.34608326,0.0,0.0,2.080083260000007,0.0,0.0
ILE 150,80.733,0.0,0.0,-6.187,0.0,0.0,-56.952,0.0,0.0,-1.955,0.0,0.0,0.08024852,0.0,0.0,15.719248520000008,0.0,0.0
LEU 151,64.897,0.0,0.0,-4.747,0.0,0.0,-65.804,0.0,0.0,-3.972,0.0,0.0,0.69277898,0.0,0.0,-8.933221019999996,0.0,0.0
ASP 152,101.913,0.0,0.0,-4.519,0.0,0.0,-65.12,0.0,0.0,-87.944,0.0,0.0,0.6224761600000001,0.0,0.0,-55.04752384000002,0.0,0.0
ILE 153,94.796,0.0,0.0,-7.608,0.0,0.0,-71.748,0.0,0.0,-2.653,0.0,0.0,0.14314762,0.0,0.0,12.930147619999998,0.0,0.0
ARG 154,-191.001,0.0,0.0,-7.208,0.0,0.0,26.439,0.0,0.0,-5.065,0.0,0.0,0.80437136,0.0,0.0,-176.03062864,0.0,0.0
GLN 155,29.161,0.0,0.0,-13.21,0.0,0.0,-84.81,0.0,0.0,-3.456,0.0,0.0,0.0590509,0.0,0.0,-72.25594910000001,0.0,0.0
GLY 156,87.624,0.0,0.0,-2.602,0.0,0.0,-75.842,0.0,0.0,-5.098,0.0,0.0,0.1365027,0.0,0.0,4.218502699999993,0.0,0.0
PRO 157,90.138,0.0,0.0,-4.184,0.0,0.0,-55.72,0.0,0.0,-7.505,0.0,0.0,0.6608877000000001,0.0,0.0,23.38988770000001,0.0,0.0
LYS 158,125.65,0.0,0.0,-3.711,0.0,0.0,-113.745,0.0,0.0,-19.891,0.0,0.0,1.0262444800000001,0.0,0.0,-10.670755519999995,0.0,0.0
GLU 159,113.587,0.0,0.0,-4.874,0.0,0.0,-108.299,0.0,0.0,-47.771,0.0,0.0,0.23178630000000003,0.0,0.0,-47.125213699999996,0.0,0.0
PRO 160,78.38,0.0,0.0,-6.544,0.0,0.0,-57.292,0.0,0.0,-2.563,0.0,0.0,0.41185496000000005,0.0,0.0,12.392854959999996,0.0,0.0
PHE 161,102.305,0.0,0.0,-13.473,0.0,0.0,-73.287,0.0,0.0,-2.745,0.0,0.0,0.02733848,0.0,0.0,12.82733848,0.0,0.0
ARG 162,-190.815,0.0,0.0,-10.561,0.0,0.0,2.568,0.0,0.0,23.902,0.0,0.0,0.54411922,0.0,0.0,-174.36188078,0.0,0.0
ASP 163,83.638,0.0,0.0,-8.014,0.0,0.0,-60.053,0.0,0.0,-82.374,0.0,0.0,0.39368712,0.0,0.0,-66.40931287999999,0.0,0.0
TYR 164,108.629,0.0,0.0,-19.349,0.0,0.0,-97.092,0.0,0.0,0.151,0.0,0.0,0.0,0.0,0.0,-7.660999999999998,0.0,0.0
VAL 165,50.638,0.0,0.0,-8.605,0.0,0.0,-56.235,0.0,0.0,1.055,0.0,0.0,0.0,0.0,0.0,-13.146999999999998,0.0,0.0
ASP 166,93.781,0.0,0.0,-8.525,0.0,0.0,-81.234,0.0,0.0,-59.016,0.0,0.0,0.28436572000000004,0.0,0.0,-54.709634279999996,0.0,0.0
ARG 167,-187.058,0.0,0.0,-7.498,0.0,0.0,-7.951,0.0,0.0,20.827,0.0,0.0,0.48606018000000006,0.0,0.0,-181.19393981999997,0.0,0.0
PHE 168,94.573,0.0,0.0,-16.195,0.0,0.0,-80.34,0.0,0.0,-1.567,0.0,0.0,0.0,0.0,0.0,-3.5290000000000177,0.0,0.0
TYR 169,100.47,0.0,0.0,-11.288,0.0,0.0,-91.288,0.0,0.0,-3.788,0.0,0.0,0.24498942,0.0,0.0,-5.649010579999995,0.0,0.0
LYS 170,141.61,0.0,0.0,-7.409,0.0,0.0,-128.816,0.0,0.0,-16.988,0.0,0.0,0.866387,0.0,0.0,-10.73661299999998,0.0,0.0
THR 171,42.448,0.0,0.0,-8.289,0.0,0.0,-52.186,0.0,0.0,-6.719,0.0,0.0,0.07182042,0.0,0.0,-24.67417958,0.0,0.0
LEU 172,69.716,0.0,0.0,-8.952,0.0,0.0,-65.103,0.0,0.0,-5.964,0.0,0.0,0.0079132,0.0,0.0,-10.295086799999998,0.0,0.0
ARG 173,-202.481,0.0,0.0,-7.445,0.0,0.0,3.115,0.0,0.0,21.82,0.0,0.0,0.63671992,0.0,0.0,-184.35428008,0.0,0.0
ALA 174,82.869,0.0,0.0,-5.022,0.0,0.0,-76.447,0.0,0.0,-4.788,0.0,0.0,0.28735756,0.0,0.0,-3.1006424400000085,0.0,0.0
GLU 175,104.876,0.0,0.0,-5.213,0.0,0.0,-44.716,0.0,0.0,-103.024,0.0,0.0,0.48322010000000004,0.0,0.0,-47.593779899999994,0.0,0.0
GLN 176,28.39,0.0,0.0,-6.233,0.0,0.0,-66.284,0.0,0.0,-11.382,0.0,0.0,0.36469554000000004,0.0,0.0,-55.14430446000001,0.0,0.0
ALA 177,95.51,0.0,0.0,-4.579,0.0,0.0,-82.552,0.0,0.0,-4.133,0.0,0.0,0.18824744000000002,0.0,0.0,4.4342474400000045,0.0,0.0
SER 178,76.636,0.0,0.0,-4.977,0.0,0.0,-64.552,0.0,0.0,-8.865,0.0,0.0,0.36658170000000007,0.0,0.0,-1.391418300000015,0.0,0.0
GLN 179,30.805,0.0,0.0,-4.904,0.0,0.0,-74.095,0.0,0.0,-9.059,0.0,0.0,0.65034038,0.0,0.0,-56.60265962,0.0,0.0
GLU 180,109.307,0.0,0.0,-4.707,0.0,0.0,-70.77,0.0,0.0,-87.122,0.0,0.0,0.71804702,0.0,0.0,-52.57395297999999,0.0,0.0
VAL 181,60.017,0.0,0.0,-7.612,0.0,0.0,-57.766,0.0,0.0,-3.495,0.0,0.0,0.24223064000000002,0.0,0.0,-8.613769359999997,0.0,0.0
LYS 182,118.853,0.0,0.0,-9.53,0.0,0.0,-120.646,0.0,0.0,-5.725,0.0,0.0,0.36588252000000004,0.0,0.0,-16.68211748000001,0.0,0.0
ASN 183,21.447,0.0,0.0,-7.412,0.0,0.0,-83.414,0.0,0.0,-7.838,0.0,0.0,0.51391356,0.0,0.0,-76.70308643999999,0.0,0.0
TRP 184,128.275,0.0,0.0,-10.268,0.0,0.0,-92.417,0.0,0.0,-7.528,0.0,0.0,0.8606526400000001,0.0,0.0,18.922652640000006,0.0,0.0
MET 185,101.812,0.0,0.0,-11.249,0.0,0.0,-85.551,0.0,0.0,-2.468,0.0,0.0,0.13017214,0.0,0.0,2.6741721400000005,0.0,0.0
THR 186,43.143,0.0,0.0,-9.44,0.0,0.0,-57.395,0.0,0.0,-1.607,0.0,0.0,0.036948140000000004,0.0,0.0,-25.26205186,0.0,0.0
GLU 187,100.438,0.0,0.0,-7.831,0.0,0.0,-43.489,0.0,0.0,-102.614,0.0,0.0,0.4942769,0.0,0.0,-53.0017231,0.0,0.0
THR 188,46.338,0.0,0.0,-6.188,0.0,0.0,-51.024,0.0,0.0,-1.192,0.0,0.0,0.31377464000000005,0.0,0.0,-11.752225360000002,0.0,0.0
LEU 189,66.466,0.0,0.0,-9.116,0.0,0.0,-65.262,0.0,0.0,-1.185,0.0,0.0,0.17918520000000002,0.0,0.0,-8.917814800000007,0.0,0.0
LEU 190,84.182,0.0,0.0,-10.798,0.0,0.0,-90.188,0.0,0.0,0.444,0.0,0.0,0.0,0.0,0.0,-16.360000000000003,0.0,0.0
VAL 191,51.002,0.0,0.0,-10.127,0.0,0.0,-54.998,0.0,0.0,-0.491,0.0,0.0,0.057511620000000006,0.0,0.0,-14.556488379999998,0.0,0.0
GLN 192,21.845,0.0,0.0,-9.142,0.0,0.0,-68.261,0.0,0.0,-3.022,0.0,0.0,0.45077056000000004,0.0,0.0,-58.12922943999999,0.0,0.0
ASN 193,18.549,0.0,0.0,-9.724,0.0,0.0,-83.986,0.0,0.0,-2.118,0.0,0.0,0.0544439,0.0,0.0,-77.2245561,0.0,0.0
ALA 194,93.736,0.0,0.0,-8.536,0.0,0.0,-82.432,0.0,0.0,1.258,0.0,0.0,0.005495880000000001,0.0,0.0,4.0314958800000005,0.0,0.0
ASN 195,35.147,0.0,0.0,-7.779,0.0,0.0,-85.009,0.0,0.0,-5.295,0.0,0.0,0.07490982,0.0,0.0,-62.861090180000005,0.0,0.0
PRO 196,81.618,0.0,0.0,-4.198,0.0,0.0,-62.991,0.0,0.0,-2.475,0.0,0.0,0.5073662,0.0,0.0,12.461366199999988,0.0,0.0
ASP 197,85.186,0.0,0.0,-5.798,0.0,0.0,-50.785,0.0,0.0,-88.004,0.0,0.0,0.55363132,0.0,0.0,-58.847368679999995,0.0,0.0
CYX 198,98.572,0.0,0.0,-9.337,0.0,0.0,-76.885,0.0,0.0,-3.248,0.0,0.0,0.022184060000000002,0.0,0.0,9.124184059999994,0.0,0.0
LYS 199,141.068,0.0,0.0,-10.529,0.0,0.0,-118.862,0.0,0.0,-27.305,0.0,0.0,0.3433299,0.0,0.0,-15.284670099999978,0.0,0.0
THR 200,55.574,0.0,0.0,-5.489,0.0,0.0,-68.507,0.0,0.0,-0.746,0.0,0.0,0.50312776,0.0,0.0,-18.66487224,0.0,0.0
ILE 201,80.084,0.0,0.0,-8.545,0.0,0.0,-58.229,0.0,0.0,-1.237,0.0,0.0,0.47482994,0.0,0.0,12.547829940000002,0.0,0.0
LEU 202,74.165,0.0,0.0,-12.588,0.0,0.0,-68.391,0.0,0.0,-5.11,0.0,0.0,0.039056520000000004,0.0,0.0,-11.884943479999999,0.0,0.0
LYS 203,125.981,0.0,0.0,-7.935,0.0,0.0,-97.133,0.0,0.0,-33.978,0.0,0.0,0.7963714399999999,0.0,0.0,-12.268628560000005,0.0,0.0
ALA 204,83.756,0.0,0.0,-3.85,0.0,0.0,-74.532,0.0,0.0,-4.98,0.0,0.0,0.50171856,0.0,0.0,0.895718560000009,0.0,0.0
LEU 205,82.003,0.0,0.0,-7.71,0.0,0.0,-75.342,0.0,0.0,-6.238,0.0,0.0,0.31696702000000004,0.0,0.0,-6.970032979999993,0.0,0.0
GLY 206,87.281,0.0,0.0,-2.414,0.0,0.0,-71.35,0.0,0.0,-10.681,0.0,0.0,0.21220384000000003,0.0,0.0,3.048203840000011,0.0,0.0
PRO 207,81.322,0.0,0.0,-1.981,0.0,0.0,-49.453,0.0,0.0,-11.255,0.0,0.0,0.8002684200000001,0.0,0.0,19.433268420000005,0.0,0.0
GLY 208,65.429,0.0,0.0,-2.521,0.0,0.0,-60.974,0.0,0.0,-6.765,0.0,0.0,0.32643034,0.0,0.0,-4.504569659999995,0.0,0.0
ALA 209,96.652,0.0,0.0,-4.878,0.0,0.0,-85.497,0.0,0.0,-2.258,0.0,0.0,0.05940320000000001,0.0,0.0,4.078403200000001,0.0,0.0
THR 210,47.948,0.0,0.0,-2.804,0.0,0.0,-57.888,0.0,0.0,-4.234,0.0,0.0,0.42125866,0.0,0.0,-16.556741340000002,0.0,0.0
LEU 211,62.895,0.0,0.0,-8.134,0.0,0.0,-67.82,0.0,0.0,-3.568,0.0,0.0,0.19221488,0.0,0.0,-16.43478511999999,0.0,0.0
GLU 212,104.798,0.0,0.0,-5.696,0.0,0.0,-54.111,0.0,0.0,-99.334,0.0,0.0,0.8013253200000001,0.0,0.0,-53.54167468,0.0,0.0
GLU 213,101.005,0.0,0.0,-4.958,0.0,0.0,-44.242,0.0,0.0,-105.122,0.0,0.0,0.42872742,0.0,0.0,-52.88827258,0.0,0.0
MET 214,93.089,0.0,0.0,-13.229,0.0,0.0,-76.08,0.0,0.0,-2.977,0.0,0.0,0.00756632,0.0,0.0,0.8105663200000013,0.0,0.0
MET 215,103.344,0.0,0.0,-9.321,0.0,0.0,-83.824,0.0,0.0,-2.957,0.0,0.0,0.41794704,0.0,0.0,7.659947039999998,0.0,0.0
THR 216,33.917,0.0,0.0,-5.684,0.0,0.0,-40.257,0.0,0.0,-7.296,0.0,0.0,0.5661732,0.0,0.0,-18.753826799999995,0.0,0.0
ALA 217,79.9,0.0,0.0,-6.366,0.0,0.0,-65.16,0.0,0.0,-2.87,0.0,0.0,0.054162060000000005,0.0,0.0,5.55816206000001,0.0,0.0
CYX 218,94.851,0.0,0.0,-7.172,0.0,0.0,-77.265,0.0,0.0,-3.18,0.0,0.0,0.041208260000000003,0.0,0.0,7.275208260000002,0.0,0.0
GLN 219,39.791,0.0,0.0,-4.672,0.0,0.0,-67.964,0.0,0.0,-20.267,0.0,0.0,0.7777754200000001,0.0,0.0,-52.33422458,0.0,0.0
GLY 220,97.378,0.0,0.0,-1.686,0.0,0.0,-82.276,0.0,0.0,-8.37,0.0,0.0,0.34135702,0.0,0.0,5.387357020000012,0.0,0.0
VAL 221,32.116,0.0,0.0,-4.44,0.0,0.0,-15.937,0.0,0.0,-101.368,0.0,0.0,0.48283528000000003,0.0,0.0,-89.14616471999999,0.0,0.0

Receptor:
Total Energy Decomposition:
Residue,Internal,,,van der Waals,,,Electrostatic,,,Polar Solvation,,,Non-Polar Solv.,,,TOTAL,,
,Avg.,Std. Dev.,Std. Err. of Mean,Avg.,Std. Dev.,Std. Err. of Mean,Avg.,Std. Dev.,Std. Err. of Mean,Avg.,Std. Dev.,Std. Err. of Mean,Avg.,Std. Dev.,Std. Err. of Mean,Avg.,Std. Dev.,Std. Err. of Mean
PRO   1,98.122,0.0,0.0,-8.234,0.0,0.0,-104.584,0.0,0.0,7.192,0.0,0.0,0.17855648000000002,0.0,0.0,-7.325443519999998,0.0,0.0
ILE   2,99.076,0.0,0.0,-9.093,0.0,0.0,-71.899,0.0,0.0,-4.423,0.0,0.0,0.26581306,0.0,0.0,13.926813059999988,0.0,0.0
VAL   3,48.946,0.0,0.0,-4.28,0.0,0.0,-55.61,0.0,0.0,-0.967,0.0,0.0,0.29960676,0.0,0.0,-11.611393240000004,0.0,0.0
GLN   4,25.711,0.0,0.0,-4.981,0.0,0.0,-63.854,0.0,0.0,-12.844,0.0,0.0,0.6117554000000001,0.0,0.0,-55.356244600000004,0.0,0.0
ASN   5,34.423,0.0,0.0,-5.015,0.0,0.0,-73.543,0.0,0.0,-17.18,0.0,0.0,0.40942138000000006,0.0,0.0,-60.90557862000001,0.0,0.0
LEU   6,74.304,0.0,0.0,-2.961,0.0,0.0,-68.862,0.0,0.0,-10.129,0.0,0.0,1.0853658400000001,0.0,0.0,-6.562634159999991,0.0,0.0
GLN   7,32.959,0.0,0.0,-4.454,0.0,0.0,-67.64,0.0,0.0,-21.179,2.384185791015625e-07,2.384185791015625e-07,0.94251632,0.0,0.0,-59.37148367999999,0.0,0.0
GLY   8,75.441,0.0,0.0,-2.743,0.0,0.0,-71.198,0.0,0.0,-6.895,0.0,0.0,0.26907590000000003,0.0,0.0,-5.1259240999999856,0.0,0.0
GLN   9,38.579,0.0,0.0,-6.954,0.0,0.0,-74.744,0.0,0.0,-14.012,0.0,0.0,0.58975562,0.0,0.0,-56.54124438,0.0,0.0
MET  10,99.991,0.0,0.0,-10.216,0.0,0.0,-76.687,0.0,0.0,-5.863,0.0,0.0,0.23667514000000003,0.0,0.0,7.461675140000008,0.0,0.0
VAL  11,51.734,0.0,0.0,-4.536,5.960464477539063e-08,5.960464477539063e-08,-53.113,0.0,0.0,-2.581,0.0,0.0,0.33371482,0.0,0.0,-8.162285179999998,0.0,0.0
HID  12,93.896,0.0,0.0,-10.362,0.0,0.0,-63.96,0.0,0.0,-7.717,0.0,0.0,0.29211632000000004,0.0,0.0,12.149116320000006,0.0,0.0
GLN  13,31.491,0.0,0.0,-5.215,0.0,0.0,-70.477,0.0,0.0,-14.219,0.0,0.0,0.62982568,0.0,0.0,-57.790174320000006,0.0,0.0
ALA  14,96.33,0.0,0.0,-3.787,0.0,0.0,-81.388,0.0,0.0,-3.277,0.0,0.0,0.42012046000000003,0.0,0.0,8.298120459999987,0.0,0.0
ILE  15,92.584,0.0,0.0,-5.735,0.0,0.0,-73.28,0.0,0.0,-4.0,0.0,0.0,0.12686594,0.0,0.0,9.695865940000003,0.0,0.0
SER  16,75.855,0.0,0.0,-4.884,0.0,0.0,-55.149,0.0,0.0,-5.542,0.0,0.0,0.26806236,0.0,0.0,10.548062360000003,0.0,0.0
PRO  17,91.314,0.0,0.0,-5.434,0.0,0.0,-60.291,0.0,0.0,-3.358,0.0,0.0,0.59306724,0.0,0.0,22.824067239999998,0.0,0.0
ARG  18,-186.305,0.0,0.0,-7.224,0.0,0.0,61.667,0.0,0.0,-48.5,0.0,0.0,1.0190358800000001,0.0,0.0,-179.34296412,0.0,0.0
THR  19,52.126,0.0,0.0,-7.836,0.0,0.0,-55.839,0.0,0.0,-4.84,0.0,0.0,0.16757014,0.0,0.0,-16.22142986,0.0,0.0
LEU  20,61.833,0.0,0.0,-9.62,0.0,0.0,-56.546,0.0,0.0,-3.876,0.0,0.0,0.18837210000000001,0.0,0.0,-8.020627899999997,0.0,0.0
ASN  21,35.082,0.0,0.0,-7.129,0.0,0.0,-91.246,0.0,0.0,-11.013,0.0,0.0,0.39507464,0.0,0.0,-73.91092536,0.0,0.0
ALA  22,92.052,0.0,0.0,-5.865,0.0,0.0,-81.099,0.0,0.0,-2.773,0.0,0.0,0.18078952,0.0,0.0,2.4957895200000078,0.0,0.0
TRP  23,135.314,0.0,0.0,-19.428,0.0,0.0,-96.194,0.0,0.0,-5.317,0.0,0.0,0.0,0.0,0.0,14.374999999999993,0.0,0.0
VAL  24,67.981,0.0,0.0,-7.69,0.0,0.0,-55.818,0.0,0.0,-5.006,0.0,0.0,0.22862644000000001,0.0,0.0,-0.30437356000000126,0.0,0.0
LYS  25,133.862,0.0,0.0,-7.472,0.0,0.0,-98.418,0.0,0.0,-42.316,0.0,0.0,0.7467947,0.0,0.0,-13.597205300000008,0.0,0.0
VAL  26,65.132,0.0,0.0,-8.417,0.0,0.0,-67.957,0.0,0.0,-2.142,0.0,0.0,0.07243288,0.0,0.0,-13.31156711999999,0.0,0.0
VAL  27,42.857,0.0,0.0,-9.765,0.0,0.0,-50.394,0.0,0.0,-1.443,0.0,0.0,0.00447692,0.0,0.0,-18.740523080000003,0.0,0.0
GLU  28,96.957,0.0,0.0,-6.954,0.0,0.0,-57.47,0.0,0.0,-85.003,0.0,0.0,0.5125694,0.0,0.0,-51.9574306,0.0,0.0
GLU  29,105.416,0.0,0.0,-3.309,0.0,0.0,-69.501,0.0,0.0,-83.883,0.0,0.0,0.7517214799999999,0.0,0.0,-50.52527852,0.0,0.0
LYS  30,121.408,0.0,0.0,-7.485,0.0,0.0,-122.083,0.0,0.0,-8.981,0.0,0.0,0.49271052000000004,0.0,0.0,-16.64828948,0.0,0.0
ALA  31,88.211,0.0,0.0,-4.137,0.0,0.0,-76.716,0.0,0.0,-3.131,0.0,0.0,0.44623944,0.0,0.0,4.673239440000004,0.0,0.0
PHE  32,105.759,0.0,0.0,-8.391,0.0,0.0,-78.212,0.0,0.0,-5.126,0.0,0.0,0.19301162,0.0,0.0,14.22301161999999,0.0,0.0
SER  33,82.071,0.0,0.0,-4.065,0.0,0.0,-64.552,0.0,0.0,-3.163,0.0,0.0,0.18881112,0.0,0.0,10.479811119999994,0.0,0.0
PRO  34,79.944,0.0,0.0,-5.255,0.0,0.0,-56.317,0.0,0.0,-3.883,0.0,0.0,0.4834911,0.0,0.0,14.972491100000008,0.0,0.0
GLU  35,105.18,0.0,0.0,-4.218,0.0,0.0,-112.645,0.0,0.0,-41.039,0.0,0.0,0.5540486600000001,0.0,0.0,-52.167951339999995,0.0,0.0
VAL  36,54.566,0.0,0.0,-8.628,0.0,0.0,-60.278,0.0,0.0,-0.569,0.0,0.0,0.004314320000000001,0.0,0.0,-14.904685679999995,0.0,0.0
ILE  37,98.458,0.0,0.0,-7.201,0.0,0.0,-59.133,0.0,0.0,-2.002,0.0,0.0,0.19378126,0.0,0.0,30.315781260000005,0.0,0.0
PRO  38,88.255,0.0,0.0,-5.12,0.0,0.0,-59.543,0.0,0.0,-3.439,0.0,0.0,0.5035071600000001,0.0,0.0,20.656507159999993,0.0,0.0
MET  39,87.754,0.0,0.0,-8.492,0.0,0.0,-72.979,0.0,0.0,-2.477,0.0,0.0,0.48994632000000005,0.0,0.0,4.295946320000001,0.0,0.0
PHE  40,106.278,0.0,0.0,-14.111,0.0,0.0,-81.939,0.0,0.0,-2.155,0.0,0.0,0.0,0.0,0.0,8.07300000000001,0.0,0.0
SER  41,62.288,0.0,0.0,-7.168,0.0,0.0,-45.238,0.0,0.0,-11.339,0.0,0.0,0.24075640000000004,0.0,0.0,-1.2162436000000025,0.0,0.0
ALA  42,84.346,0.0,0.0,-5.057,0.0,0.0,-67.18,0.0,0.0,-5.392,0.0,0.0,0.36415896000000003,0.0,0.0,7.0811589599999945,0.0,0.0
LEU  43,80.712,0.0,0.0,-9.541,0.0,0.0,-77.019,0.0,0.0,-3.117,0.0,0.0,0.16420974000000002,0.0,0.0,-8.80079026,0.0,0.0
SER  44,75.378,0.0,0.0,-6.213,0.0,0.0,-78.612,0.0,0.0,1.318,0.0,0.0,0.0,0.0,0.0,-8.128999999999989,0.0,0.0
GLU  45,103.64,0.0,0.0,-6.373,0.0,0.0,-70.378,0.0,0.0,-76.502,0.0,0.0,0.7354181200000001,0.0,0.0,-48.87758188,0.0,0.0
GLY  46,68.031,0.0,0.0,-4.031,0.0,0.0,-70.284,0.0,0.0,1.218,0.0,0.0,0.10520220000000001,0.0,0.0,-4.960797800000006,0.0,0.0
ALA  47,98.597,0.0,0.0,-6.507,0.0,0.0,-83.459,0.0,0.0,-3.854,0.0,0.0,0.0334143,0.0,0.0,4.8104142999999855,0.0,0.0
THR  48,56.572,0.0,0.0,-5.437,0.0,0.0,-64.696,0.0,0.0,-0.059,0.0,0.0,0.0,0.0,0.0,-13.619999999999992,0.0,0.0
PRO  49,78.355,0.0,0.0,-11.35,0.0,0.0,-56.026,0.0,0.0,-0.494,0.0,0.0,0.0,0.0,0.0,10.485000000000007,0.0,0.0
GLN  50,31.188,0.0,0.0,-8.888,0.0,0.0,-68.474,0.0,0.0,-13.231,0.0,0.0,0.41163816,0.0,0.0,-58.993361840000006,0.0,0.0
ASP  51,91.906,0.0,0.0,-7.582,0.0,0.0,-126.726,0.0,0.0,-17.464,0.0,0.0,0.01259066,0.0,0.0,-59.853409339999985,0.0,0.0
LEU  52,66.683,0.0,0.0,-11.039,0.0,0.0,-70.524,0.0,0.0,0.745,0.0,0.0,0.0,0.0,0.0,-14.134999999999996,0.0,0.0
ASN  53,35.986,0.0,0.0,-6.896,0.0,0.0,-102.182,0.0,0.0,-3.537,0.0,0.0,0.28185626,0.0,0.0,-76.34714374000002,0.0,0.0
THR  54,49.107,0.0,0.0,-6.399,0.0,0.0,-63.931,0.0,0.0,-1.58,0.0,0.0,0.28575324,0.0,0.0,-22.51724676,0.0,0.0
MET  55,82.91,0.0,0.0,-13.626,0.0,0.0,-68.91,0.0,0.0,-1.099,0.0,0.0,0.0032682600000000003,0.0,0.0,-0.7217317400000047,0.0,0.0
LEU  56,66.054,0.0,0.0,-10.45,0.0,0.0,-67.325,0.0,0.0,-1.753,0.0,0.0,0.18077868,0.0,0.0,-13.293221320000004,0.0,0.0
ASN  57,44.263,0.0,0.0,-6.813,0.0,0.0,-99.433,0.0,0.0,-13.331,0.0,0.0,0.61242748,0.0,0.0,-74.70157252000001,0.0,0.0
THR  58,59.681,0.0,0.0,-7.547,0.0,0.0,-65.148,0.0,0.0,-5.161,0.0,0.0,0.18481116,0.0,0.0,-17.99018884,0.0,0.0
VAL  59,37.721,0.0,0.0,-9.661,0.0,0.0,-37.242,0.0,0.0,-1.237,0.0,0.0,0.006476900000000001,0.0,0.0,-10.412523100000003,0.0,0.0
ALA  60,87.836,0.0,0.0,-4.046,0.0,0.0,-64.344,0.0,0.0,-2.641,0.0,0.0,0.24562356,0.0,0.0,17.05062356,0.0,0.0
PRO  61,80.849,0.0,0.0,-4.998,0.0,0.0,-59.924,0.0,0.0,-2.768,0.0,0.0,0.55740906,0.0,0.0,13.716409059999998,0.0,0.0
HID  62,99.93,0.0,0.0,-7.911,0.0,0.0,-67.947,0.0,0.0,-11.97,0.0,0.0,0.30667986,0.0,0.0,12.408679860000003,0.0,0.0
GLN  63,28.413,0.0,0.0,-4.833,0.0,0.0,-67.142,0.0,0.0,-14.005,0.0,0.0,0.8468424800000001,0.0,0.0,-56.72015752,0.0,0.0
ALA  64,84.673,0.0,0.0,-3.845,0.0,0.0,-68.69,0.0,0.0,-4.53,0.0,0.0,0.45667836,0.0,0.0,8.064678360000006,0.0,0.0
ALA  65,87.319,0.0,0.0,-6.382,0.0,0.0,-76.692,0.0,0.0,-1.722,0.0,0.0,0.050221720000000004,0.0,0.0,2.5732217200000047,0.0,0.0
ALA  66,92.716,0.0,0.0,-6.202,0.0,0.0,-83.102,0.0,0.0,-0.575,0.0,0.0,0.11501782,0.0,0.0,2.9520178199999916,0.0,0.0
GLN  67,38.808,0.0,0.0,-7.203,0.0,0.0,-80.641,0.0,0.0,-9.874,0.0,0.0,0.6247092000000001,0.0,0.0,-58.285290800000006,0.0,0.0
MET  68,94.06,0.0,0.0,-8.904,0.0,0.0,-75.734,0.0,0.0,-1.968,0.0,0.0,0.37035944,0.0,0.0,7.824359440000011,0.0,0.0
LEU  69,84.239,0.0,0.0,-11.356,0.0,0.0,-81.729,0.0,0.0,-2.099,0.0,0.0,0.014986300000000001,0.0,0.0,-10.93001369999999,0.0,0.0
LYS  70,127.755,0.0,0.0,-7.627,0.0,0.0,-108.621,0.0,0.0,-30.068,0.0,0.0,0.86084234,0.0,0.0,-17.700157659999995,0.0,0.0
GLU  71,109.992,0.0,0.0,-6.863,0.0,0.0,-83.285,0.0,0.0,-74.844,0.0,0.0,0.62022144,0.0,0.0,-54.379778559999984,0.0,0.0
THR  72,43.47,0.0,0.0,-7.362,0.0,0.0,-59.626,0.0,0.0,-2.053,0.0,0.0,0.04150094,0.0,0.0,-25.529499060000003,0.0,0.0
ILE  73,74.444,0.0,0.0,-9.641,0.0,0.0,-51.456,0.0,0.0,-3.555,0.0,0.0,0.06038964,0.0,0.0,9.852389639999995,0.0,0.0
ASN  74,20.685,0.0,0.0,-6.852,0.0,0.0,-78.578,0.0,0.0,-11.783,0.0,0.0,0.5458265200000001,0.0,0.0,-75.98217348,0.0,0.0
GLU  75,107.911,0.0,0.0,-4.42,0.0,0.0,-76.196,0.0,0.0,-80.942,0.0,0.0,0.5097510000000001,0.0,0.0,-53.13724899999999,0.0,0.0
GLU  76,102.235,0.0,0.0,-10.237,0.0,0.0,-64.245,0.0,0.0,-78.685,0.0,0.0,0.26179142000000005,0.0,0.0,-50.67020858,0.0,0.0
ALA  77,82.364,0.0,0.0,-7.833,0.0,0.0,-70.051,0.0,0.0,-2.845,0.0,0.0,0.05913762,0.0,0.0,1.6941376200000038,0.0,0.0
ALA  78,93.193,0.0,0.0,-6.61,0.0,0.0,-85.82,0.0,0.0,0.575,0.0,0.0,0.17960254,0.0,0.0,1.5176025400000053,0.0,0.0
GLU  79,106.799,0.0,0.0,-7.305,0.0,0.0,-74.443,0.0,0.0,-82.058,0.0,0.0,0.46314984000000003,0.0,0.0,-56.543850160000005,0.0,0.0
TRP  80,115.846,0.0,0.0,-16.179,0.0,0.0,-87.698,0.0,0.0,-2.847,0.0,0.0,0.2852004,0.0,0.0,9.40720040000001,0.0,0.0
ASP  81,104.985,0.0,0.0,-8.041,0.0,0.0,-91.1,0.0,0.0,-56.155,0.0,0.0,0.27526554000000003,0.0,0.0,-50.03573445999999,0.0,0.0
ARG  82,-182.462,0.0,0.0,-6.405,0.0,0.0,-21.847,0.0,0.0,39.444,0.0,0.0,0.83624638,0.0,0.0,-170.43375361999998,0.0,0.0
LEU  83,68.119,0.0,0.0,-5.598,0.0,0.0,-75.251,0.0,0.0,-3.407,0.0,0.0,0.7490060600000001,0.0,0.0,-15.387993940000005,0.0,0.0
HID  84,113.27,0.0,0.0,-8.022,0.0,0.0,-73.948,0.0,0.0,-12.234,0.0,0.0,0.45759434000000004,0.0,0.0,19.523594339999995,0.0,0.0
PRO  85,90.524,0.0,0.0,-3.349,0.0,0.0,-62.622,0.0,0.0,-8.438,0.0,0.0,0.72894664,0.0,0.0,16.843946639999995,0.0,0.0
VAL  86,48.788,0.0,0.0,-3.306,0.0,0.0,-47.483,0.0,0.0,-7.954,0.0,0.0,0.8538342800000001,0.0,0.0,-9.101165719999997,0.0,0.0
HID  87,86.765,0.0,0.0,-5.989,0.0,0.0,-53.077,0.0,0.0,-13.379,0.0,0.0,0.52806518,0.0,0.0,14.848065179999999,0.0,0.0
ALA  88,90.879,0.0,0.0,-2.17,0.0,0.0,-72.799,0.0,0.0,-9.565,0.0,0.0,0.54913272,0.0,0.0,6.894132719999997,0.0,0.0
GLY  89,92.272,0.0,0.0,-1.341,0.0,0.0,-73.027,0.0,0.0,-8.969,0.0,0.0,0.3148207,0.0,0.0,9.249820700000011,0.0,0.0
PRO  90,88.269,0.0,0.0,-3.073,0.0,0.0,-58.037,0.0,0.0,-7.953,0.0,0.0,0.7581333400000001,0.0,0.0,19.964133340000014,0.0,0.0
ILE  91,77.592,0.0,0.0,-5.076,0.0,0.0,-56.557,0.0,0.0,-4.507,0.0,0.0,0.36247876,0.0,0.0,11.814478760000004,0.0,0.0
ALA  92,91.545,0.0,0.0,-3.019,0.0,0.0,-67.92,0.0,0.0,-5.251,0.0,0.0,0.21760216000000004,0.0,0.0,15.572602159999994,0.0,0.0
PRO  93,86.059,0.0,0.0,-1.756,0.0,0.0,-56.896,0.0,0.0,-7.777,0.0,0.0,0.76834462,0.0,0.0,20.398344619999996,0.0,0.0
GLY  94,70.761,0.0,0.0,-1.704,0.0,0.0,-64.73,0.0,0.0,-8.123,0.0,0.0,0.5267969,0.0,0.0,-3.2692031000000012,0.0,0.0
GLN  95,36.197,0.0,0.0,-6.749,0.0,0.0,-76.011,0.0,0.0,-14.4,0.0,0.0,0.5943680400000001,0.0,0.0,-60.36863195999999,0.0,0.0
MET  96,107.136,0.0,0.0,-10.281,0.0,0.0,-75.709,0.0,0.0,-9.669,0.0,0.0,0.24927664,0.0,0.0,11.726276639999986,0.0,0.0
ARG  97,-194.911,0.0,0.0,-5.061,0.0,0.0,-11.791,0.0,0.0,25.812,0.0,0.0,0.43806608,0.0,0.0,-185.51293392,0.0,0.0
GLU  98,107.109,0.0,0.0,-5.481,0.0,0.0,-55.36,0.0,0.0,-91.736,0.0,0.0,0.55604322,0.0,0.0,-44.911956780000004,0.0,0.0
PRO  99,90.446,0.0,0.0,-9.773,0.0,0.0,-60.699,0.0,0.0,-4.831,0.0,0.0,0.0452299,0.0,0.0,15.188229900000005,0.0,0.0
ARG 100,-185.924,0.0,0.0,-8.218,0.0,0.0,9.194,0.0,0.0,10.086,0.0,0.0,0.76691916,0.0,0.0,-174.09508084,0.0,0.0
GLY 101,81.408,0.0,0.0,-5.979,0.0,0.0,-82.772,0.0,0.0,0.269,0.0,0.0,0.0,0.0,0.0,-7.074000000000003,0.0,0.0
SER 102,65.245,0.0,0.0,-5.517,0.0,0.0,-63.692,0.0,0.0,-2.311,0.0,0.0,0.21412794,0.0,0.0,-6.060872059999999,0.0,0.0
ASP 103,90.635,0.0,0.0,-4.975,0.0,0.0,-113.715,0.0,0.0,-36.237,0.0,0.0,0.00447692,0.0,0.0,-64.28752308,0.0,0.0
ILE 104,80.061,0.0,0.0,-13.031,0.0,0.0,-58.995,0.0,0.0,-1.658,0.0,0.0,0.0,0.0,0.0,6.377000000000004,0.0,0.0
ALA 105,84.535,0.0,0.0,-6.572,0.0,0.0,-77.279,0.0,0.0,-1.554,0.0,0.0,0.03462838,0.0,0.0,-0.8353716200000025,0.0,0.0
GLY 106,89.36,0.0,0.0,-5.797,0.0,0.0,-84.786,0.0,0.0,-4.023,0.0,0.0,0.0375877,0.0,0.0,-5.208412299999999,0.0,0.0
THR 107,57.58,0.0,0.0,-5.582,0.0,0.0,-55.499,0.0,0.0,-8.508,0.0,0.0,0.57057966,0.0,0.0,-11.438420340000004,0.0,0.0
THR 108,40.89,0.0,0.0,-0.426,0.0,0.0,-57.682,0.0,0.0,-4.333,0.0,0.0,0.48472144000000006,0.0,0.0,-21.06627856,0.0,0.0
SER 109,79.413,0.0,0.0,-6.676,0.0,0.0,-72.043,0.0,0.0,-4.319,0.0,0.0,0.04792364,0.0,0.0,-3.5770763600000115,0.0,0.0
THR 110,34.008,0.0,0.0,-7.16,0.0,0.0,-33.729,0.0,0.0,-8.841,0.0,0.0,0.44157824,0.0,0.0,-15.280421759999996,0.0,0.0
LEU 111,65.847,0.0,0.0,-10.187,0.0,0.0,-62.042,0.0,0.0,-5.561,0.0,0.0,0.18788971999999998,0.0,0.0,-11.755110280000006,0.0,0.0
GLN 112,38.081,0.0,0.0,-6.511,0.0,0.0,-73.508,0.0,0.0,-15.654,0.0,0.0,0.75659406,0.0,0.0,-56.83540593999999,0.0,0.0
GLU 113,108.005,0.0,0.0,-9.966,0.0,0.0,-97.951,0.0,0.0,-49.267,0.0,0.0,0.21703306,0.0,0.0,-48.961966939999996,0.0,0.0
GLN 114,42.077,0.0,0.0,-13.286,0.0,0.0,-86.52,0.0,0.0,-0.559,0.0,0.0,0.0,0.0,0.0,-58.288,0.0,0.0
ILE 115,85.106,0.0,0.0,-9.862,0.0,0.0,-67.518,0.0,0.0,-2.044,0.0,0.0,0.10216158,0.0,0.0,5.784161579999998,0.0,0.0
GLY 116,75.605,0.0,0.0,-5.19,0.0,0.0,-73.946,0.0,0.0,-2.021,0.0,0.0,0.07442202,0.0,0.0,-5.4775779799999915,0.0,0.0
TRP 117,124.911,0.0,0.0,-20.068,0.0,0.0,-92.203,0.0,0.0,-1.79,0.0,0.0,0.00719234,0.0,0.0,10.857192340000001,0.0,0.0
MET 118,101.59,0.0,0.0,-10.738,0.0,0.0,-82.048,0.0,0.0,-3.696,0.0,0.0,0.11984704,0.0,0.0,5.227847040000002,0.0,0.0
THR 119,24.588,0.0,0.0,-5.196,0.0,0.0,-38.264,0.0,0.0,-3.893,0.0,0.0,0.32082606,0.0,0.0,-22.44417394,0.0,0.0
HID 120,91.624,0.0,0.0,-11.067,0.0,0.0,-60.521,0.0,0.0,-7.534,0.0,0.0,0.20827434,0.0,0.0,12.710274339999987,0.0,0.0
ASN 121,32.437,0.0,0.0,-4.43,0.0,0.0,-71.093,0.0,0.0,-16.534,0.0,0.0,0.74570528,0.0,0.0,-58.87429472,0.0,0.0
PRO 122,92.094,0.0,0.0,-4.533,0.0,0.0,-59.807,0.0,0.0,-3.141,0.0,0.0,0.64887698,0.0,0.0,25.261876979999993,0.0,0.0
PRO 123,84.414,0.0,0.0,-6.557,0.0,0.0,-57.522,0.0,0.0,-4.621,0.0,0.0,0.41761642000000004,0.0,0.0,16.13161642,0.0,0.0
ILE 124,101.094,0.0,0.0,-7.269,0.0,0.0,-66.788,0.0,0.0,-1.282,0.0,0.0,0.28062592000000003,0.0,0.0,26.03562591999999,0.0,0.0
PRO 125,89.798,0.0,0.0,-6.664,0.0,0.0,-66.08,0.0,0.0,-0.89,0.0,0.0,0.2974767,0.0,0.0,16.461476700000002,0.0,0.0
VAL 126,53.689,0.0,0.0,-11.481,0.0,0.0,-55.553,0.0,0.0,-1.587,0.0,0.0,0.0,0.0,0.0,-14.931999999999999,0.0,0.0
GLY 127,70.757,0.0,0.0,-5.44,0.0,0.0,-73.007,0.0,0.0,-1.21,0.0,0.0,0.0014363000000000002,0.0,0.0,-8.898563699999999,0.0,0.0
GLU 128,109.531,0.0,0.0,-6.639,0.0,0.0,-92.35,0.0,0.0,-59.097,0.0,0.0,0.46922024000000007,0.0,0.0,-48.08577975999999,0.0,0.0
ILE 129,87.543,0.0,0.0,-10.226,0.0,0.0,-69.527,0.0,0.0,-0.143,0.0,0.0,0.19593842000000003,0.0,0.0,7.8429384200000065,0.0,0.0
TYR 130,95.217,0.0,0.0,-15.074,0.0,0.0,-91.442,0.0,0.0,-0.221,0.0,0.0,0.00447692,0.0,0.0,-11.515523079999992,0.0,0.0
LYS 131,145.329,0.0,0.0,-12.383,0.0,0.0,-160.832,0.0,0.0,18.627,0.0,0.0,0.06613484,0.0,0.0,-9.192865159999997,0.0,0.0
ARG 132,-186.621,0.0,0.0,-9.525,0.0,0.0,45.347,0.0,0.0,-23.16,0.0,0.0,0.83344966,0.0,0.0,-173.12555034,0.0,0.0
TRP 133,126.875,0.0,0.0,-18.367,0.0,0.0,-95.948,0.0,0.0,-3.926,0.0,0.0,0.08670916000000001,0.0,0.0,8.720709160000002,0.0,0.0
ILE 134,89.681,0.0,0.0,-12.667,0.0,0.0,-70.602,0.0,0.0,-0.367,0.0,0.0,0.0,0.0,0.0,6.044999999999992,0.0,0.0
ILE 135,77.977,0.0,0.0,-7.407,0.0,0.0,-62.166,0.0,0.0,-0.679,0.0,0.0,0.16507152,0.0,0.0,7.89007152000001,0.0,0.0
LEU 136,70.309,0.0,0.0,-7.625,0.0,0.0,-74.316,0.0,0.0,1.903,0.0,0.0,0.24946634,0.0,0.0,-9.479533660000005,0.0,0.0
GLY 137,84.996,0.0,0.0,-6.343,0.0,0.0,-78.558,0.0,0.0,-0.416,0.0,0.0,0.00161516,0.0,0.0,-0.3193848400000153,0.0,0.0
LEU 138,60.581,0.0,0.0,-11.066,0.0,0.0,-64.73,0.0,0.0,-1.97,0.0,0.0,0.01012998,0.0,0.0,-17.174870020000004,0.0,0.0
ASN 139,50.985,0.0,0.0,-7.14,0.0,0.0,-97.113,0.0,0.0,-11.13,0.0,0.0,0.19622568,0.0,0.0,-64.20177432,0.0,0.0
LYS 140,136.772,0.0,0.0,-7.746,0.0,0.0,-126.366,0.0,0.0,-12.925,0.0,0.0,0.56509462,0.0,0.0,-9.699905380000018,0.0,0.0
ILE 141,91.552,0.0,0.0,-9.903,0.0,0.0,-75.363,0.0,0.0,-2.875,0.0,0.0,0.035305880000000005,0.0,0.0,3.4463058800000015,0.0,0.0
VAL 142,62.925,0.0,0.0,-8.511,0.0,0.0,-58.796,0.0,0.0,-3.298,0.0,0.0,0.05543034000000001,0.0,0.0,-7.624569659999998,0.0,0.0
ARG 143,-199.998,0.0,0.0,-8.832,0.0,0.0,67.691,0.0,0.0,-37.286,0.0,0.0,0.8423493,0.0,0.0,-177.5826507,0.0,0.0
MET 144,90.938,0.0,0.0,-6.08,0.0,0.0,-73.222,0.0,0.0,-4.99,0.0,0.0,0.32039246,0.0,0.0,6.96639246000001,0.0,0.0
TYR 145,96.776,0.0,0.0,-5.251,0.0,0.0,-81.048,0.0,0.0,-15.477,0.0,0.0,0.9648304600000001,0.0,0.0,-4.035169540000011,0.0,0.0
SER 146,74.53,0.0,0.0,-3.566,0.0,0.0,-43.334,0.0,0.0,-15.336,0.0,0.0,0.47065654000000007,0.0,0.0,12.764656539999995,0.0,0.0
PRO 147,87.844,0.0,0.0,-4.642,0.0,0.0,-60.876,0.0,0.0,-6.72,0.0,0.0,0.5006562400000001,0.0,0.0,16.106656240000003,0.0,0.0
THR 148,50.258,0.0,0.0,-2.973,0.0,0.0,-55.72,0.0,0.0,-5.976,0.0,0.0,0.6434082,0.0,0.0,-13.767591799999995,0.0,0.0
SER 149,63.773,0.0,0.0,-2.206,0.0,0.0,-46.36,0.0,0.0,-13.505,0.0,0.0,0.64787428,0.0,0.0,2.34987428,0.0,0.0
ILE 150,60.45,0.0,0.0,2.096,0.0,0.0,-27.931,0.0,0.0,-9.728,0.0,0.0,1.27345068,0.0,0.0,26.160450680000007,0.0,0.0

Ligand:
Total Energy Decomposition:
Residue,Internal,,,van der Waals,,,Electrostatic,,,Polar Solvation,,,Non-Polar Solv.,,,TOTAL,,
,Avg.,Std. Dev.,Std. Err. of Mean,Avg.,Std. Dev.,Std. Err. of Mean,Avg.,Std. Dev.,Std. Err. of Mean,Avg.,Std. Dev.,Std. Err. of Mean,Avg.,Std. Dev.,Std. Err. of Mean,Avg.,Std. Dev.,Std. Err. of Mean
LEU   1,43.546,0.0,0.0,-2.918,0.0,0.0,-39.882,0.0,0.0,-4.601,0.0,0.0,0.94017488,0.0,0.0,-2.914825119999998,0.0,0.0
ASP   2,101.913,0.0,0.0,-3.293,0.0,0.0,-80.703,0.0,0.0,-72.727,0.0,0.0,0.7240307000000001,0.0,0.0,-54.085969300000016,0.0,0.0
ILE   3,94.796,0.0,0.0,-5.3,0.0,0.0,-71.731,0.0,0.0,-2.892,0.0,0.0,0.28114624,0.0,0.0,15.154146240000015,0.0,0.0
ARG   4,-191.001,0.0,0.0,-7.102,0.0,0.0,38.693,0.0,0.0,-17.403,0.0,0.0,0.80437136,0.0,0.0,-176.00862864,0.0,0.0
GLN   5,29.161,0.0,0.0,-13.193,0.0,0.0,-84.966,0.0,0.0,-3.324,0.0,0.0,0.0590509,0.0,0.0,-72.26294909999999,0.0,0.0
GLY   6,87.624,0.0,0.0,-2.597,0.0,0.0,-75.722,0.0,0.0,-5.22,0.0,0.0,0.1365027,0.0,0.0,4.221502700000007,0.0,0.0
PRO   7,90.138,0.0,0.0,-4.18,0.0,0.0,-55.578,0.0,0.0,-7.648,0.0,0.0,0.6608877000000001,0.0,0.0,23.392887699999996,0.0,0.0
LYS   8,125.65,0.0,0.0,-3.709,0.0,0.0,-104.678,0.0,0.0,-28.957,0.0,0.0,1.0262444800000001,0.0,0.0,-10.667755519999995,0.0,0.0
GLU   9,113.587,0.0,0.0,-4.864,0.0,0.0,-121.094,0.0,0.0,-35.072,0.0,0.0,0.23178630000000003,0.0,0.0,-47.211213699999995,0.0,0.0
PRO  10,78.38,0.0,0.0,-6.54,0.0,0.0,-57.65,0.0,0.0,-2.21,0.0,0.0,0.41185496000000005,0.0,0.0,12.39185495999999,0.0,0.0
PHE  11,102.305,0.0,0.0,-13.465,0.0,0.0,-73.654,0.0,0.0,-2.395,0.0,0.0,0.02733848,0.0,0.0,12.818338480000007,0.0,0.0
ARG  12,-190.815,0.0,0.0,-10.552,0.0,0.0,13.74,0.0,0.0,12.727,0.0,0.0,0.54411922,0.0,0.0,-174.35588077999998,0.0,0.0
ASP  13,83.638,0.0,0.0,-8.004,0.0,0.0,-71.552,0.0,0.0,-70.949,0.0,0.0,0.39368712,0.0,0.0,-66.47331288000001,0.0,0.0
TYR  14,108.629,0.0,0.0,-19.275,0.0,0.0,-97.772,0.0,0.0,0.782,0.0,0.0,0.0,0.0,0.0,-7.635999999999992,0.0,0.0
VAL  15,50.638,0.0,0.0,-8.58,0.0,0.0,-56.672,0.0,0.0,1.477,0.0,0.0,0.0,0.0,0.0,-13.136999999999997,0.0,0.0
ASP  16,93.781,0.0,0.0,-8.499,0.0,0.0,-94.719,0.0,0.0,-45.678,0.0,0.0,0.28436572000000004,0.0,0.0,-54.830634279999984,0.0,0.0
ARG  17,-187.058,0.0,0.0,-7.364,0.0,0.0,6.505,0.0,0.0,6.295,0.0,0.0,0.48606018000000006,0.0,0.0,-181.13593982,0.0,0.0
PHE  18,94.573,0.0,0.0,-14.718,0.0,0.0,-80.368,0.0,0.0,-2.018,0.0,0.0,0.040265180000000005,0.0,0.0,-2.490734820000005,0.0,0.0
TYR  19,100.47,0.0,0.0,-11.149,0.0,0.0,-91.965,0.0,0.0,-3.263,0.0,0.0,0.24498942,0.0,0.0,-5.662010580000006,0.0,0.0
LYS  20,141.61,0.0,0.0,-7.207,0.0,0.0,-112.731,0.0,0.0,-33.495,0.0,0.0,0.866387,0.0,0.0,-10.956612999999972,0.0,0.0
THR  21,42.448,0.0,0.0,-6.301,0.0,0.0,-52.679,0.0,0.0,-7.111,0.0,0.0,0.28624104,0.0,0.0,-23.356758960000004,0.0,0.0
LEU  22,69.716,0.0,0.0,-7.758,0.0,0.0,-65.801,0.0,0.0,-5.385,0.0,0.0,0.07004266,0.0,0.0,-9.15795734000001,0.0,0.0
ARG  23,-202.481,0.0,0.0,-6.707,0.0,0.0,64.635,0.0,0.0,-33.654,0.0,0.0,1.0038056800000001,0.0,0.0,-177.20319432,0.0,0.0
ALA  24,82.869,0.0,0.0,-3.79,0.0,0.0,-76.769,0.0,0.0,-5.689,0.0,0.0,0.50592448,0.0,0.0,-2.873075520000012,0.0,0.0
GLU  25,104.876,0.0,0.0,-3.77,0.0,0.0,-60.486,0.0,0.0,-89.587,0.0,0.0,0.7313477,0.0,0.0,-48.23565229999999,0.0,0.0
GLN  26,28.39,0.0,0.0,-4.767,0.0,0.0,-62.116,0.0,0.0,-16.772,0.0,0.0,0.6807628400000001,0.0,0.0,-54.584237159999994,0.0,0.0
ALA  27,95.51,0.0,0.0,-4.511,0.0,0.0,-83.358,0.0,0.0,-3.428,0.0,0.0,0.18824744000000002,0.0,0.0,4.401247440000005,0.0,0.0
SER  28,76.636,0.0,0.0,-4.956,0.0,0.0,-64.837,0.0,0.0,-8.63,0.0,0.0,0.36658170000000007,0.0,0.0,-1.4204183000000115,0.0,0.0
GLN  29,30.805,0.0,0.0,-4.887,0.0,0.0,-73.853,0.0,0.0,-9.355,0.0,0.0,0.65034038,0.0,0.0,-56.63965961999999,0.0,0.0
GLU  30,109.307,0.0,0.0,-4.698,0.0,0.0,-80.498,0.0,0.0,-77.445,0.0,0.0,0.71804702,0.0,0.0,-52.61595297999999,0.0,0.0
VAL  31,60.017,0.0,0.0,-7.556,0.0,0.0,-57.397,0.0,0.0,-3.906,0.0,0.0,0.24223064000000002,0.0,0.0,-8.599769359999993,0.0,0.0
LYS  32,118.853,0.0,0.0,-9.485,0.0,0.0,-105.5,0.0,0.0,-20.918,0.0,0.0,0.36588252000000004,0.0,0.0,-16.684117480000005,0.0,0.0
ASN  33,21.447,0.0,0.0,-7.402,0.0,0.0,-83.682,0.0,0.0,-7.595,0.0,0.0,0.51391356,0.0,0.0,-76.71808644,0.0,0.0
TRP  34,128.275,0.0,0.0,-10.214,0.0,0.0,-92.442,0.0,0.0,-7.559,0.0,0.0,0.8606526400000001,0.0,0.0,18.920652640000014,0.0,0.0
MET  35,101.812,0.0,0.0,-10.489,0.0,0.0,-85.619,0.0,0.0,-2.546,0.0,0.0,0.20201966000000002,0.0,0.0,3.3600196599999936,0.0,0.0
THR  36,43.143,0.0,0.0,-9.42,0.0,0.0,-57.44,0.0,0.0,-1.585,0.0,0.0,0.036948140000000004,0.0,0.0,-25.26505186,0.0,0.0
GLU  37,100.438,0.0,0.0,-7.824,0.0,0.0,-52.294,0.0,0.0,-93.847,0.0,0.0,0.4942769,0.0,0.0,-53.032723099999984,0.0,0.0
THR  38,46.338,0.0,0.0,-6.164,0.0,0.0,-51.086,0.0,0.0,-1.168,0.0,0.0,0.31377464000000005,0.0,0.0,-11.766225359999998,0.0,0.0
LEU  39,66.466,0.0,0.0,-8.855,0.0,0.0,-65.155,0.0,0.0,-1.138,0.0,0.0,0.21212796,0.0,0.0,-8.469872040000011,0.0,0.0
LEU  40,84.182,0.0,0.0,-10.718,0.0,0.0,-90.332,0.0,0.0,0.566,0.0,0.0,0.0,0.0,0.0,-16.301999999999996,0.0,0.0
VAL  41,51.002,0.0,0.0,-10.114,0.0,0.0,-55.07,0.0,0.0,-0.447,0.0,0.0,0.057511620000000006,0.0,0.0,-14.571488379999995,0.0,0.0
GLN  42,21.845,0.0,0.0,-9.123,0.0,0.0,-68.09,0.0,0.0,-3.24,0.0,0.0,0.45077056000000004,0.0,0.0,-58.15722944,0.0,0.0
ASN  43,18.549,0.0,0.0,-9.393,0.0,0.0,-81.906,0.0,0.0,-3.794,0.0,0.0,0.0544439,0.0,0.0,-76.4895561,0.0,0.0
ALA  44,93.736,0.0,0.0,-8.527,0.0,0.0,-82.545,0.0,0.0,1.358,0.0,0.0,0.005495880000000001,0.0,0.0,4.027495880000002,0.0,0.0
ASN  45,35.147,0.0,0.0,-7.774,0.0,0.0,-85.269,0.0,0.0,-5.05,0.0,0.0,0.07490982,0.0,0.0,-62.87109018,0.0,0.0
PRO  46,81.618,0.0,0.0,-4.196,0.0,0.0,-62.953,0.0,0.0,-2.51,0.0,0.0,0.5073662,0.0,0.0,12.466366199999994,0.0,0.0
ASP  47,85.186,0.0,0.0,-5.797,0.0,0.0,-59.114,0.0,0.0,-79.686,0.0,0.0,0.55363132,0.0,0.0,-58.85736867999999,0.0,0.0
CYX  48,98.572,0.0,0.0,-9.335,0.0,0.0,-76.721,0.0,0.0,-3.418,0.0,0.0,0.022184060000000002,0.0,0.0,9.120184059999993,0.0,0.0
LYS  49,141.068,0.0,0.0,-10.525,0.0,0.0,-108.93,0.0,0.0,-37.243,0.0,0.0,0.3433299,0.0,0.0,-15.286670100000002,0.0,0.0
THR  50,55.574,0.0,0.0,-5.488,0.0,0.0,-68.433,0.0,0.0,-0.822,0.0,0.0,0.50312776,0.0,0.0,-18.665872240000006,0.0,0.0
ILE  51,80.084,0.0,0.0,-8.544,0.0,0.0,-58.144,0.0,0.0,-1.322,0.0,0.0,0.47482994,0.0,0.0,12.548829940000008,0.0,0.0
LEU  52,74.165,0.0,0.0,-12.585,0.0,0.0,-68.254,0.0,0.0,-5.251,0.0,0.0,0.039056520000000004,0.0,0.0,-11.88594348,0.0,0.0
LYS  53,125.981,0.0,0.0,-7.934,0.0,0.0,-88.732,0.0,0.0,-42.379,0.0,0.0,0.7963714399999999,0.0,0.0,-12.26762856,0.0,0.0
ALA  54,83.756,0.0,0.0,-3.85,0.0,0.0,-74.426,0.0,0.0,-5.086,0.0,0.0,0.50171856,0.0,0.0,0.8957185600000037,0.0,0.0
LEU  55,82.003,0.0,0.0,-7.709,0.0,0.0,-75.201,0.0,0.0,-6.38,0.0,0.0,0.31696702000000004,0.0,0.0,-6.9700329799999965,0.0,0.0
GLY  56,87.281,0.0,0.0,-2.414,0.0,0.0,-71.485,0.0,0.0,-10.548,0.0,0.0,0.21220384000000003,0.0,0.0,3.046203840000005,0.0,0.0
PRO  57,81.322,0.0,0.0,-1.98,0.0,0.0,-49.45,0.0,0.0,-11.26,0.0,0.0,0.8002684200000001,0.0,0.0,19.43226842,0.0,0.0
GLY  58,65.429,0.0,0.0,-2.52,0.0,0.0,-60.967,0.0,0.0,-6.774,0.0,0.0,0.32643034,0.0,0.0,-4.50556966,0.0,0.0
ALA  59,96.652,0.0,0.0,-4.877,0.0,0.0,-85.665,0.0,0.0,-2.094,0.0,0.0,0.05940320000000001,0.0,0.0,4.0754032,0.0,0.0
THR  60,47.948,0.0,0.0,-2.802,0.0,0.0,-57.699,0.0,0.0,-4.426,0.0,0.0,0.42125866,0.0,0.0,-16.55774134,0.0,0.0
LEU  61,62.895,0.0,0.0,-8.129,0.0,0.0,-67.625,0.0,0.0,-3.764,0.0,0.0,0.19221488,0.0,0.0,-16.430785119999992,0.0,0.0
GLU  62,104.798,0.0,0.0,-5.694,0.0,0.0,-62.68,0.0,0.0,-90.782,0.0,0.0,0.8013253200000001,0.0,0.0,-53.55667468,0.0,0.0
GLU  63,101.005,0.0,0.0,-4.956,0.0,0.0,-51.952,0.0,0.0,-97.422,0.0,0.0,0.42872742,0.0,0.0,-52.89627258,0.0,0.0
MET  64,93.089,0.0,0.0,-13.225,0.0,0.0,-75.96,0.0,0.0,-3.101,0.0,0.0,0.00756632,0.0,0.0,0.8105663200000106,0.0,0.0
MET  65,103.344,0.0,0.0,-9.319,0.0,0.0,-83.886,0.0,0.0,-2.897,0.0,0.0,0.41794704,0.0,0.0,7.659947039999995,0.0,0.0
THR  66,33.917,0.0,0.0,-5.684,0.0,0.0,-40.193,0.0,0.0,-7.361,0.0,0.0,0.5661732,0.0,0.0,-18.754826799999996,0.0,0.0
ALA  67,79.9,0.0,0.0,-6.366,0.0,0.0,-65.021,0.0,0.0,-3.01,0.0,0.0,0.054162060000000005,0.0,0.0,5.557162060000006,0.0,0.0
CYX  68,94.851,0.0,0.0,-7.171,0.0,0.0,-77.355,0.0,0.0,-3.092,0.0,0.0,0.041208260000000003,0.0,0.0,7.274208259999988,0.0,0.0
GLN  69,39.791,0.0,0.0,-4.672,0.0,0.0,-67.993,0.0,0.0,-20.24,0.0,0.0,0.7777754200000001,0.0,0.0,-52.33622457999999,0.0,0.0
GLY  70,97.378,0.0,0.0,-1.686,0.0,0.0,-82.424,0.0,0.0,-8.225,0.0,0.0,0.34135702,0.0,0.0,5.384357020000001,0.0,0.0
VAL  71,32.116,0.0,0.0,-4.438,0.0,0.0,-24.41,0.0,0.0,-92.905,0.0,0.0,0.48283528000000003,0.0,0.0,-89.15416472,0.0,0.0

DELTAS:
Total Energy Decomposition:
Residue,Location,Internal,,,van der Waals,,,Electrostatic,,,Polar Solvation,,,Non-Polar Solv.,,,TOTAL,,
,,Avg.,Std. Dev.,Std. Err. of Mean,Avg.,Std. Dev.,Std. Err. of Mean,Avg.,Std. Dev.,Std. Err. of Mean,Avg.,Std. Dev.,Std. Err. of Mean,Avg.,Std. Dev.,Std. Err. of Mean
PRO   1,R PRO   1,0.0,0.0,0.0,-0.0009999999999994458,0.0,0.0,-4.391999999999996,0.0,0.0,4.398,0.0,0.0,0.0,0.0,0.0,0.004999999999999005,0.0,0.0
ILE   2,R ILE   2,0.0,0.0,0.0,-0.0009999999999994458,0.0,0.0,0.0049999999999954525,0.0,0.0,-0.0039999999999995595,0.0,0.0,0.0,0.0,0.0,5.329070518200751e-15,0.0,0.0
VAL   3,R VAL   3,0.0,0.0,0.0,0.0,0.0,0.0,0.003999999999997783,0.0,0.0,-0.0040000000000000036,0.0,0.0,0.0,0.0,0.0,-1.7763568394002505e-15,0.0,0.0
GLN   4,R GLN   4,0.0,0.0,0.0,0.0,0.0,0.0,0.0,0.0,0.0,0.0009999999999994458,0.0,0.0,0.0,0.0,0.0,0.0010000000000047748,0.0,0.0
ASN   5,R ASN   5,0.0,0.0,0.0,0.0,0.0,0.0,0.010000000000005116,0.0,0.0,-0.009000000000000341,0.0,0.0,0.0,0.0,0.0,0.0010000000000047748,0.0,0.0
LEU   6,R LEU   6,0.0,0.0,0.0,0.0,0.0,0.0,0.006999999999990791,0.0,0.0,-0.006999999999999673,0.0,0.0,0.0,0.0,0.0,-8.881784197001252e-15,0.0,0.0
GLN   7,R GLN   7,0.0,0.0,0.0,0.0,0.0,0.0,0.0049999999999954525,0.0,0.0,-0.005000000000002558,0.0,0.0,0.0,0.0,0.0,-1.4210854715202004e-14,0.0,0.0
GLY   8,R GLY   8,0.0,0.0,0.0,0.0,0.0,0.0,-0.0010000000000047748,0.0,0.0,0.0009999999999994458,0.0,0.0,0.0,0.0,0.0,-5.329070518200751e-15,0.0,0.0
GLN   9,R GLN   9,0.0,0.0,0.0,0.0,0.0,0.0,0.018000000000000682,0.0,0.0,-0.019000000000000128,0.0,0.0,0.0,0.0,0.0,-0.0009999999999976694,0.0,0.0
MET  10,R MET  10,0.0,0.0,0.0,0.0,0.0,0.0,-0.01300000000000523,0.0,0.0,0.013000000000000789,0.0,0.0,0.0,0.0,0.0,-4.440892098500626e-15,0.0,0.0
VAL  11,R VAL  11,0.0,0.0,0.0,-0.001000000000000334,0.0,0.0,0.012000000000000455,0.0,0.0,-0.01200000000000001,0.0,0.0,0.0,0.0,0.0,-0.0009999999999976694,0.0,0.0
HID  12,R HID  12,0.0,0.0,0.0,0.0,0.0,0.0,-0.028999999999996362,0.0,0.0,0.028999999999999915,0.0,0.0,0.0,0.0,0.0,3.552713678800501e-15,0.0,0.0
GLN  13,R GLN  13,0.0,0.0,0.0,0.0,0.0,0.0,0.016000000000005343,0.0,0.0,-0.016000000000000014,0.0,0.0,0.0,0.0,0.0,7.105427357601002e-15,0.0,0.0
ALA  14,R ALA  14,0.0,0.0,0.0,0.0,0.0,0.0,-0.001999999999995339,0.0,0.0,0.0030000000000001137,0.0,0.0,0.0,0.0,0.0,0.0010000000000047748,0.0,0.0
ILE  15,R ILE  15,0.0,0.0,0.0,-0.0009999999999994458,0.0,0.0,-0.01999999999999602,0.0,0.0,0.020000000000000018,0.0,0.0,0.0,0.0,0.0,-0.0010000000000012221,0.0,0.0
SER  16,R SER  16,0.0,0.0,0.0,-0.0009999999999994458,0.0,0.0,-0.09199999999999875,0.0,0.0,0.08999999999999986,0.0,0.0,0.0,0.0,0.0,-0.0030000000000036664,0.0,0.0
PRO  17,R PRO  17,0.0,0.0,0.0,-0.0019999999999997797,0.0,0.0,-0.1530000000000058,0.0,0.0,0.15300000000000002,0.0,0.0,0.0,0.0,0.0,-0.0020000000000131024,0.0,0.0
ARG  18,R ARG  18,0.0,0.0,0.0,-0.0019999999999997797,0.0,0.0,-3.2719999999999985,0.0,0.0,3.3059999999999974,0.0,0.0,0.0,0.0,0.0,0.03200000000001069,0.0,0.0
THR  19,R THR  19,0.0,0.0,0.0,-0.0019999999999997797,0.0,0.0,-0.1490000000000009,0.0,0.0,0.15200000000000014,0.0,0.0,0.0,0.0,0.0,0.0009999999999976694,0.0,0.0
LEU  20,R LEU  20,0.0,0.0,0.0,-0.004000000000001336,0.0,0.0,-0.22400000000000375,0.0,0.0,0.22799999999999976,0.0,0.0,0.0,0.0,0.0,-8.881784197001252e-15,0.0,0.0
ASN  21,R ASN  21,0.0,0.0,0.0,-0.007000000000000561,0.0,0.0,-0.29700000000001125,0.0,0.0,0.33399999999999963,0.0,0.0,0.0,0.0,0.0,0.029999999999986926,0.0,0.0
ALA  22,R ALA  22,0.0,0.0,0.0,-0.006000000000000227,0.0,0.0,-0.3149999999999977,0.0,0.0,0.31499999999999995,0.0,0.0,0.0,0.0,0.0,-0.005999999999998007,0.0,0.0
TRP  23,R TRP  23,0.0,0.0,0.0,-0.015999999999998238,0.0,0.0,-0.1490000000000009,0.0,0.0,0.16699999999999982,0.0,0.0,0.0,0.0,0.0,0.0019999999999935625,0.0,0.0
VAL  24,R VAL  24,0.0,0.0,0.0,-0.0389999999999997,0.0,0.0,-0.5590000000000046,0.0,0.0,0.5800000000000001,0.0,0.0,0.0,0.0,0.0,-0.01800000000000601,0.0,0.0
LYS  25,R LYS  25,0.0,0.0,0.0,-0.07499999999999929,0.0,0.0,-0.3789999999999907,0.0,0.0,0.5300000000000011,0.0,0.0,0.0,0.0,0.0,0.07600000000000762,0.0,0.0
VAL  26,R VAL  26,0.0,0.0,0.0,-0.054999999999999716,0.0,0.0,-0.20900000000000318,0.0,0.0,0.22299999999999986,0.0,0.0,0.0,0.0,0.0,-0.04100000000000392,0.0,0.0
VAL  27,R VAL  27,0.0,0.0,0.0,-0.13100000000000023,0.0,0.0,0.6869999999999976,0.0,0.0,-0.48,0.0,0.0,0.0,0.0,0.0,0.07599999999999696,0.0,0.0
GLU  28,R GLU  28,0.0,0.0,0.0,-0.8570000000000002,0.0,0.0,-10.210000000000008,0.0,0.0,11.572999999999993,0.0,0.0,-0.13599321999999991,0.0,0.0,0.3700067799999758,0.0,0.0
GLU  29,R GLU  29,0.0,0.0,0.0,0.028000000000000025,0.0,0.0,-34.757999999999996,0.0,0.0,31.760999999999996,0.0,0.0,-0.2629350399999999,0.0,0.0,-3.2319350400000104,0.0,0.0
LYS  30,R LYS  30,0.0,0.0,0.0,-0.4639999999999995,0.0,0.0,-3.6329999999999956,0.0,0.0,4.06,0.0,0.0,-0.0037831600000000076,0.0,0.0,-0.04078315999998949,0.0,0.0
ALA  31,R ALA  31,0.0,0.0,0.0,-1.6840000000000002,0.0,0.0,3.458999999999989,0.0,0.0,-3.0640000000000005,0.0,0.0,-0.33043572,0.0,0.0,-1.6194357200000087,0.0,0.0
PHE  32,R PHE  32,0.0,0.0,0.0,-0.23399999999999999,0.0,0.0,1.0379999999999967,0.0,0.0,-0.8819999999999997,0.0,0.0,-0.0035934599999999928,0.0,0.0,-0.08159345999999523,0.0,0.0
SER  33,R SER  33,0.0,0.0,0.0,-0.07099999999999973,0.0,0.0,-1.4739999999999895,0.0,0.0,1.5479999999999998,0.0,0.0,0.0,0.0,0.0,0.003000000000012548,0.0,0.0
PRO  34,R PRO  34,0.0,0.0,0.0,-0.020000000000000462,0.0,0.0,-0.5090000000000003,0.0,0.0,0.5070000000000001,0.0,0.0,0.0,0.0,0.0,-0.0220000000000109,0.0,0.0
GLU  35,R GLU  35,0.0,0.0,0.0,-0.0259999999999998,0.0,0.0,8.259,0.0,0.0,-8.091000000000001,0.0,0.0,0.0,0.0,0.0,0.142000000000003,0.0,0.0
VAL  36,R VAL  36,0.0,0.0,0.0,-0.02200000000000024,0.0,0.0,-0.37400000000000233,0.0,0.0,0.38699999999999996,0.0,0.0,0.0,0.0,0.0,-0.009000000000002117,0.0,0.0
ILE  37,R ILE  37,0.0,0.0,0.0,-0.006000000000000227,0.0,0.0,-0.3359999999999985,0.0,0.0,0.34099999999999975,0.0,0.0,0.0,0.0,0.0,-0.0010000000000012221,0.0,0.0
PRO  38,R PRO  38,0.0,0.0,0.0,-0.0030000000000001137,0.0,0.0,-0.16799999999999926,0.0,0.0,0.16900000000000004,0.0,0.0,0.0,0.0,0.0,-0.0019999999999988916,0.0,0.0
MET  39,R MET  39,0.0,0.0,0.0,-0.004999999999999005,0.0,0.0,-0.2150000000000034,0.0,0.0,0.22399999999999975,0.0,0.0,0.0,0.0,0.0,0.004000000000000448,0.0,0.0
PHE  40,R PHE  40,0.0,0.0,0.0,-0.0030000000000001137,0.0,0.0,-0.125,0.0,0.0,0.12799999999999967,0.0,0.0,0.0,0.0,0.0,-1.7763568394002505e-15,0.0,0.0
SER  41,R SER  41,0.0,0.0,0.0,-0.0009999999999994458,0.0,0.0,-0.15700000000000358,0.0,0.0,0.1590000000000007,0.0,0.0,0.0,0.0,0.0,0.0009999999999994458,0.0,0.0
ALA  42,R ALA  42,0.0,0.0,0.0,0.0,0.0,0.0,-0.046999999999997044,0.0,0.0,0.04900000000000038,0.0,0.0,0.0,0.0,0.0,0.0020000000000033324,0.0,0.0
LEU  43,R LEU  43,0.0,0.0,0.0,-0.0030000000000001137,0.0,0.0,-0.031999999999996476,0.0,0.0,0.03399999999999981,0.0,0.0,0.0,0.0,0.0,-0.000999999999995893,0.0,0.0
SER  44,R SER  44,0.0,0.0,0.0,0.0,0.0,0.0,0.012999999999991019,0.0,0.0,-0.01200000000000001,0.0,0.0,0.0,0.0,0.0,0.0009999999999923403,0.0,0.0
GLU  45,R GLU  45,0.0,0.0,0.0,-0.0009999999999994458,0.0,0.0,4.8700000000000045,0.0,0.0,-4.873000000000005,0.0,0.0,0.0,0.0,0.0,-0.003999999999990678,0.0,0.0
GLY  46,R GLY  46,0.0,0.0,0.0,-0.001000000000000334,0.0,0.0,-0.03699999999999193,0.0,0.0,0.03699999999999992,0.0,0.0,0.0,0.0,0.0,-0.0009999999999825704,0.0,0.0
ALA  47,R ALA  47,0.0,0.0,0.0,-0.001000000000000334,0.0,0.0,0.028000000000005798,0.0,0.0,-0.02699999999999969,0.0,0.0,0.0,0.0,0.0,1.509903313490213e-14,0.0,0.0
THR  48,R THR  48,0.0,0.0,0.0,0.0,0.0,0.0,0.0,0.0,0.0,0.0,0.0,0.0,0.0,0.0,0.0,0.0,0.0,0.0
PRO  49,R PRO  49,0.0,0.0,0.0,0.0,0.0,0.0,0.010000000000005116,0.0,0.0,-0.01100000000000001,0.0,0.0,0.0,0.0,0.0,-0.000999999999995893,0.0,0.0
GLN  50,R GLN  50,0.0,0.0,0.0,0.0,0.0,0.0,0.03100000000000591,0.0,0.0,-0.03200000000000003,0.0,0.0,0.0,0.0,0.0,-0.000999999999990564,0.0,0.0
ASP  51,R ASP  51,0.0,0.0,0.0,-0.001000000000000334,0.0,0.0,4.378,0.0,0.0,-4.383000000000003,0.0,0.0,0.0,0.0,0.0,-0.006000000000007333,0.0,0.0
LEU  52,R LEU  52,0.0,0.0,0.0,-0.0009999999999994458,0.0,0.0,-0.06300000000000239,0.0,0.0,0.061000000000000054,0.0,0.0,0.0,0.0,0.0,-0.0029999999999983373,0.0,0.0
ASN  53,R ASN  53,0.0,0.0,0.0,-0.001000000000000334,0.0,0.0,0.05100000000000193,0.0,0.0,-0.050000000000000266,0.0,0.0,0.0,0.0,0.0,1.4210854715202004e-14,0.0,0.0
THR  54,R THR  54,0.0,0.0,0.0,-0.001000000000000334,0.0,0.0,-0.07099999999999795,0.0,0.0,0.07100000000000017,0.0,0.0,0.0,0.0,0.0,-0.0009999999999976694,0.0,0.0
MET  55,R MET  55,0.0,0.0,0.0,-0.0030000000000001137,0.0,0.0,-0.1039999999999992,0.0,0.0,0.10299999999999998,0.0,0.0,0.0,0.0,0.0,-0.003999999999999337,0.0,0.0
LEU  56,R LEU  56,0.0,0.0,0.0,-0.004000000000001336,0.0,0.0,-0.07899999999999352,0.0,0.0,0.08299999999999996,0.0,0.0,0.0,0.0,0.0,8.881784197001252e-15,0.0,0.0
ASN  57,R ASN  57,0.0,0.0,0.0,-0.004000000000000448,0.0,0.0,-0.024999999999991473,0.0,0.0,0.041999999999999815,0.0,0.0,0.0,0.0,0.0,0.01300000000000523,0.0,0.0
THR  58,R THR  58,0.0,0.0,0.0,-0.006000000000000227,0.0,0.0,-0.3470000000000084,0.0,0.0,0.3779999999999992,0.0,0.0,0.0,0.0,0.0,0.024999999999991473,0.0,0.0
VAL  59,R VAL  59,0.0,0.0,0.0,-0.014000000000001123,0.0,0.0,-0.16200000000000614,0.0,0.0,0.18400000000000016,0.0,0.0,0.0,0.0,0.0,0.00799999999999379,0.0,0.0
ALA  60,R ALA  60,0.0,0.0,0.0,-0.009999999999999787,0.0,0.0,0.04799999999998761,0.0,0.0,-0.0129999999999999,0.0,0.0,0.0,0.0,0.0,0.024999999999995026,0.0,0.0
PRO  61,R PRO  61,0.0,0.0,0.0,-0.041999999999999815,0.0,0.0,-0.09300000000000352,0.0,0.0,0.1759999999999997,0.0,0.0,0.0,0.0,0.0,0.04099999999999504,0.0,0.0
HID  62,R HID  62,0.0,0.0,0.0,-0.15700000000000003,0.0,0.0,-0.5079999999999956,0.0,0.0,0.8830000000000009,0.0,0.0,0.0,0.0,0.0,0.21800000000000708,0.0,0.0
GLN  63,R GLN  63,0.0,0.0,0.0,-0.051000000000000156,0.0,0.0,0.6619999999999919,0.0,0.0,-0.4499999999999993,0.0,0.0,0.0,0.0,0.0,0.16099999999999426,0.0,0.0
ALA  64,R ALA  64,0.0,0.0,0.0,-0.030999999999999694,0.0,0.0,0.07399999999999807,0.0,0.0,-0.02799999999999958,0.0,0.0,0.0,0.0,0.0,0.014999999999991687,0.0,0.0
ALA  65,R ALA  65,0.0,0.0,0.0,-0.02200000000000024,0.0,0.0,0.2979999999999876,0.0,0.0,-0.28200000000000003,0.0,0.0,0.0,0.0,0.0,-0.00600000000000378,0.0,0.0
ALA  66,R ALA  66,0.0,0.0,0.0,-0.008000000000000007,0.0,0.0,0.1570000000000107,0.0,0.0,-0.14700000000000002,0.0,0.0,0.0,0.0,0.0,0.002000000000015323,0.0,0.0
GLN  67,R GLN  67,0.0,0.0,0.0,-0.008999999999999453,0.0,0.0,-0.006999999999990791,0.0,0.0,0.05400000000000027,0.0,0.0,0.0,0.0,0.0,0.038000000000010914,0.0,0.0
MET  68,R MET  68,0.0,0.0,0.0,-0.012000000000000455,0.0,0.0,-0.04200000000000159,0.0,0.0,0.05600000000000005,0.0,0.0,0.0,0.0,0.0,0.0019999999999980034,0.0,0.0
LEU  69,R LEU  69,0.0,0.0,0.0,-0.006000000000000227,0.0,0.0,0.0589999999999975,0.0,0.0,-0.054999999999999716,0.0,0.0,0.0,0.0,0.0,-0.0020000000000024443,0.0,0.0
LYS  70,R LYS  70,0.0,0.0,0.0,-0.0030000000000001137,0.0,0.0,-5.563000000000002,0.0,0.0,5.579000000000001,0.0,0.0,0.0,0.0,0.0,0.012999999999998124,0.0,0.0
GLU  71,R GLU  71,0.0,0.0,0.0,-0.0029999999999992255,0.0,0.0,7.123999999999995,0.0,0.0,-7.094999999999999,0.0,0.0,0.0,0.0,0.0,0.02599999999999625,0.0,0.0
THR  72,R THR  72,0.0,0.0,0.0,-0.0019999999999997797,0.0,0.0,0.012000000000000455,0.0,0.0,-0.008000000000000007,0.0,0.0,0.0,0.0,0.0,0.002000000000005997,0.0,0.0
ILE  73,R ILE  73,0.0,0.0,0.0,-0.0009999999999994458,0.0,0.0,-0.014999999999993463,0.0,0.0,0.016000000000000014,0.0,0.0,0.0,0.0,0.0,1.5987211554602254e-14,0.0,0.0
ASN  74,R ASN  74,0.0,0.0,0.0,-0.0009999999999994458,0.0,0.0,-0.02400000000000091,0.0,0.0,0.023999999999999133,0.0,0.0,0.0,0.0,0.0,-0.0010000000000047748,0.0,0.0
GLU  75,R GLU  75,0.0,0.0,0.0,-0.001000000000000334,0.0,0.0,6.245999999999995,0.0,0.0,-6.244000000000014,0.0,0.0,0.0,0.0,0.0,0.0009999999999763531,0.0,0.0
GLU  76,R GLU  76,0.0,0.0,0.0,0.0,0.0,0.0,6.504000000000005,0.0,0.0,-6.5,0.0,0.0,0.0,0.0,0.0,0.0040000000000048885,0.0,0.0
ALA  77,R ALA  77,0.0,0.0,0.0,0.0,0.0,0.0,-0.057999999999992724,0.0,0.0,0.05900000000000016,0.0,0.0,0.0,0.0,0.0,0.0010000000000074394,0.0,0.0
ALA  78,R ALA  78,0.0,0.0,0.0,0.0,0.0,0.0,-0.08400000000000318,0.0,0.0,0.08400000000000007,0.0,0.0,0.0,0.0,0.0,-3.1086244689504383e-15,0.0,0.0
GLU  79,R GLU  79,0.0,0.0,0.0,-0.001000000000000334,0.0,0.0,5.861000000000004,0.0,0.0,-5.859999999999999,0.0,0.0,0.0,0.0,0.0,1.4210854715202004e-14,0.0,0.0
TRP  80,R TRP  80,0.0,0.0,0.0,-0.0010000000000012221,0.0,0.0,-0.0010000000000047748,0.0,0.0,0.0,0.0,0.0,0.0,0.0,0.0,-0.0020000000000095497,0.0,0.0
ASP  81,R ASP  81,0.0,0.0,0.0,0.0,0.0,0.0,4.970999999999989,0.0,0.0,-4.9709999999999965,0.0,0.0,0.0,0.0,0.0,-7.105427357601002e-15,0.0,0.0
ARG  82,R ARG  82,0.0,0.0,0.0,0.0,0.0,0.0,-5.782999999999998,0.0,0.0,5.7819999999999965,0.0,0.0,0.0,0.0,0.0,-0.0010000000000047748,0.0,0.0
LEU  83,R LEU  83,0.0,0.0,0.0,-0.001000000000000334,0.0,0.0,-0.046999999999997044,0.0,0.0,0.04700000000000015,0.0,0.0,0.0,0.0,0.0,-0.0010000000000012221,0.0,0.0
HID  84,R HID  84,0.0,0.0,0.0,0.0,0.0,0.0,-0.0030000000000001137,0.0,0.0,0.002000000000000668,0.0,0.0,0.0,0.0,0.0,-0.0009999999999976694,0.0,0.0
PRO  85,R PRO  85,0.0,0.0,0.0,0.0,0.0,0.0,0.03300000000000125,0.0,0.0,-0.032999999999999474,0.0,0.0,0.0,0.0,0.0,3.552713678800501e-15,0.0,0.0
VAL  86,R VAL  86,0.0,0.0,0.0,0.0,0.0,0.0,-0.02400000000000091,0.0,0.0,0.02400000000000002,0.0,0.0,0.0,0.0,0.0,0.0,0.0,0.0
HID  87,R HID  87,0.0,0.0,0.0,0.0,0.0,0.0,0.009000000000000341,0.0,0.0,-0.009000000000000341,0.0,0.0,0.0,0.0,0.0,0.0,0.0,0.0
ALA  88,R ALA  88,0.0,0.0,0.0,0.0,0.0,0.0,0.014000000000010004,0.0,0.0,-0.014000000000001123,0.0,0.0,0.0,0.0,0.0,8.881784197001252e-15,0.0,0.0
GLY  89,R GLY  89,0.0,0.0,0.0,0.0,0.0,0.0,0.043000000000006366,0.0,0.0,-0.04400000000000048,0.0,0.0,0.0,0.0,0.0,-0.0009999999999941167,0.0,0.0
PRO  90,R PRO  90,0.0,0.0,0.0,0.0,0.0,0.0,0.006999999999997897,0.0,0.0,-0.006999999999999673,0.0,0.0,0.0,0.0,0.0,-3.552713678800501e-15,0.0,0.0
ILE  91,R ILE  91,0.0,0.0,0.0,0.0,0.0,0.0,-0.036999999999999034,0.0,0.0,0.03699999999999992,0.0,0.0,0.0,0.0,0.0,1.7763568394002505e-15,0.0,0.0
ALA  92,R ALA  92,0.0,0.0,0.0,0.0,0.0,0.0,0.016000000000005343,0.0,0.0,-0.016000000000000014,0.0,0.0,0.0,0.0,0.0,7.105427357601002e-15,0.0,0.0
PRO  93,R PRO  93,0.0,0.0,0.0,0.0,0.0,0.0,0.015000000000000568,0.0,0.0,-0.01499999999999968,0.0,0.0,0.0,0.0,0.0,0.0,0.0,0.0
GLY  94,R GLY  94,0.0,0.0,0.0,0.0,0.0,0.0,0.0030000000000001137,0.0,0.0,-0.004000000000001336,0.0,0.0,0.0,0.0,0.0,-0.0010000000000012221,0.0,0.0
GLN  95,R GLN  95,0.0,0.0,0.0,0.0,0.0,0.0,0.024999999999991473,0.0,0.0,-0.025000000000000355,0.0,0.0,0.0,0.0,0.0,-7.105427357601002e-15,0.0,0.0
MET  96,R MET  96,0.0,0.0,0.0,-0.0009999999999994458,0.0,0.0,-0.033999999999991815,0.0,0.0,0.034000000000000696,0.0,0.0,0.0,0.0,0.0,-0.0009999999999816822,0.0,0.0
ARG  97,R ARG  97,0.0,0.0,0.0,0.0,0.0,0.0,-4.440000000000001,0.0,0.0,4.440999999999999,0.0,0.0,0.0,0.0,0.0,0.0010000000000047748,0.0,0.0
GLU  98,R GLU  98,0.0,0.0,0.0,0.0,0.0,0.0,4.381,0.0,0.0,-4.3799999999999955,0.0,0.0,0.0,0.0,0.0,0.0010000000000047748,0.0,0.0
PRO  99,R PRO  99,0.0,0.0,0.0,0.0,0.0,0.0,0.01899999999999835,0.0,0.0,-0.01899999999999924,0.0,0.0,0.0,0.0,0.0,-1.7763568394002505e-15,0.0,0.0
ARG 100,R ARG 100,0.0,0.0,0.0,-0.0009999999999994458,0.0,0.0,-4.7700000000000005,0.0,0.0,4.770999999999999,0.0,0.0,0.0,0.0,0.0,0.0,0.0,0.0
GLY 101,R GLY 101,0.0,0.0,0.0,0.0,0.0,0.0,0.0,0.0,0.0,0.0,0.0,0.0,0.0,0.0,0.0,0.0,0.0,0.0
SER 102,R SER 102,0.0,0.0,0.0,-0.0009999999999994458,0.0,0.0,-0.0020000000000024443,0.0,0.0,0.0009999999999998899,0.0,0.0,0.0,0.0,0.0,-0.002000000000000668,0.0,0.0
ASP 103,R ASP 103,0.0,0.0,0.0,-0.001000000000000334,0.0,0.0,4.653999999999996,0.0,0.0,-4.655000000000001,0.0,0.0,0.0,0.0,0.0,-0.0020000000000095497,0.0,0.0
ILE 104,R ILE 104,0.0,0.0,0.0,-0.0009999999999994458,0.0,0.0,-0.017000000000003013,0.0,0.0,0.018000000000000016,0.0,0.0,0.0,0.0,0.0,6.217248937900877e-15,0.0,0.0
ALA 105,R ALA 105,0.0,0.0,0.0,-0.001000000000000334,0.0,0.0,-0.012000000000000455,0.0,0.0,0.01100000000000012,0.0,0.0,0.0,0.0,0.0,-0.002000000000005109,0.0,0.0
GLY 106,R GLY 106,0.0,0.0,0.0,0.0,0.0,0.0,-0.012000000000000455,0.0,0.0,0.011999999999999567,0.0,0.0,0.0,0.0,0.0,0.0,0.0,0.0
THR 107,R THR 107,0.0,0.0,0.0,-0.001000000000000334,0.0,0.0,-0.041999999999994486,0.0,0.0,0.041999999999999815,0.0,0.0,0.0,0.0,0.0,-0.0009999999999923403,0.0,0.0
THR 108,R THR 108,0.0,0.0,0.0,0.0,0.0,0.0,-0.006000000000000227,0.0,0.0,0.007000000000000561,0.0,0.0,0.0,0.0,0.0,0.0009999999999976694,0.0,0.0
SER 109,R SER 109,0.0,0.0,0.0,-0.0009999999999994458,0.0,0.0,0.009000000000000341,0.0,0.0,-0.009999999999999787,0.0,0.0,0.0,0.0,0.0,-0.0020000000000042206,0.0,0.0
THR 110,R THR 110,0.0,0.0,0.0,0.0,0.0,0.0,0.02599999999999625,0.0,0.0,-0.026000000000001577,0.0,0.0,0.0,0.0,0.0,-5.329070518200751e-15,0.0,0.0
LEU 111,R LEU 111,0.0,0.0,0.0,-0.0010000000000012221,0.0,0.0,0.006000000000000227,0.0,0.0,-0.004999999999999893,0.0,0.0,0.0,0.0,0.0,-3.552713678800501e-15,0.0,0.0
GLN 112,R GLN 112,0.0,0.0,0.0,0.0,0.0,0.0,-0.020000000000010232,0.0,0.0,0.021000000000000796,0.0,0.0,0.0,0.0,0.0,0.000999999999990564,0.0,0.0
GLU 113,R GLU 113,0.0,0.0,0.0,0.0,0.0,0.0,4.384,0.0,0.0,-4.384,0.0,0.0,0.0,0.0,0.0,0.0,0.0,0.0
GLN 114,R GLN 114,0.0,0.0,0.0,-0.0010000000000012221,0.0,0.0,-0.012000000000000455,0.0,0.0,0.01200000000000001,0.0,0.0,0.0,0.0,0.0,-0.0009999999999976694,0.0,0.0
ILE 115,R ILE 115,0.0,0.0,0.0,0.0,0.0,0.0,0.01099999999999568,0.0,0.0,-0.01100000000000012,0.0,0.0,0.0,0.0,0.0,-3.552713678800501e-15,0.0,0.0
GLY 116,R GLY 116,0.0,0.0,0.0,0.0,0.0,0.0,-0.013999999999995794,0.0,0.0,0.01399999999999979,0.0,0.0,0.0,0.0,0.0,4.440892098500626e-15,0.0,0.0
TRP 117,R TRP 117,0.0,0.0,0.0,0.0,0.0,0.0,0.0030000000000001137,0.0,0.0,-0.0029999999999998916,0.0,0.0,0.0,0.0,0.0,0.0,0.0,0.0
MET 118,R MET 118,0.0,0.0,0.0,0.0,0.0,0.0,0.007999999999995566,0.0,0.0,-0.008000000000000007,0.0,0.0,0.0,0.0,0.0,-5.329070518200751e-15,0.0,0.0
THR 119,R THR 119,0.0,0.0,0.0,0.0,0.0,0.0,-0.01999999999999602,0.0,0.0,0.019999999999999574,0.0,0.0,0.0,0.0,0.0,3.552713678800501e-15,0.0,0.0
HID 120,R HID 120,0.0,0.0,0.0,0.0,0.0,0.0,-0.01999999999999602,0.0,0.0,0.019999999999999574,0.0,0.0,0.0,0.0,0.0,3.552713678800501e-15,0.0,0.0
ASN 121,R ASN 121,0.0,0.0,0.0,0.0,0.0,0.0,-0.006000000000000227,0.0,0.0,0.006000000000000227,0.0,0.0,0.0,0.0,0.0,0.0,0.0,0.0
PRO 122,R PRO 122,0.0,0.0,0.0,-0.0009999999999994458,0.0,0.0,-0.012999999999998124,0.0,0.0,0.0129999999999999,0.0,0.0,0.0,0.0,0.0,-0.0010000000000047748,0.0,0.0
PRO 123,R PRO 123,0.0,0.0,0.0,0.0,0.0,0.0,-0.0040000000000048885,0.0,0.0,0.004000000000000448,0.0,0.0,0.0,0.0,0.0,-3.552713678800501e-15,0.0,0.0
ILE 124,R ILE 124,0.0,0.0,0.0,0.0,0.0,0.0,-0.023000000000010346,0.0,0.0,0.02300000000000013,0.0,0.0,0.0,0.0,0.0,-1.0658141036401503e-14,0.0,0.0
PRO 125,R PRO 125,0.0,0.0,0.0,0.0,0.0,0.0,0.04200000000000159,0.0,0.0,-0.04300000000000004,0.0,0.0,0.0,0.0,0.0,-0.0009999999999976694,0.0,0.0
VAL 126,R VAL 126,0.0,0.0,0.0,0.0,0.0,0.0,0.055999999999997385,0.0,0.0,-0.05499999999999994,0.0,0.0,0.0,0.0,0.0,0.0009999999999976694,0.0,0.0
GLY 127,R GLY 127,0.0,0.0,0.0,0.0,0.0,0.0,0.0730000000000075,0.0,0.0,-0.07200000000000006,0.0,0.0,0.0,0.0,0.0,0.0010000000000083276,0.0,0.0
GLU 128,R GLU 128,0.0,0.0,0.0,0.0,0.0,0.0,5.093999999999994,0.0,0.0,-5.094999999999992,0.0,0.0,0.0,0.0,0.0,-0.0009999999999976694,0.0,0.0
ILE 129,R ILE 129,0.0,0.0,0.0,0.0,0.0,0.0,0.10500000000000398,0.0,0.0,-0.10400000000000001,0.0,0.0,0.0,0.0,0.0,0.0010000000000038867,0.0,0.0
TYR 130,R TYR 130,0.0,0.0,0.0,-0.0009999999999994458,0.0,0.0,0.14399999999999125,0.0,0.0,-0.144,0.0,0.0,0.0,0.0,0.0,-0.0010000000000136566,0.0,0.0
LYS 131,R LYS 131,0.0,0.0,0.0,-0.0010000000000012221,0.0,0.0,-5.021000000000015,0.0,0.0,5.023,0.0,0.0,0.0,0.0,0.0,0.0009999999999799059,0.0,0.0
ARG 132,R ARG 132,0.0,0.0,0.0,-0.0009999999999994458,0.0,0.0,-6.475999999999999,0.0,0.0,6.475000000000001,0.0,0.0,0.0,0.0,0.0,-0.0020000000000095497,0.0,0.0
TRP 133,R TRP 133,0.0,0.0,0.0,-0.0009999999999976694,0.0,0.0,0.17099999999999227,0.0,0.0,-0.16999999999999993,0.0,0.0,0.0,0.0,0.0,1.7763568394002505e-15,0.0,0.0
ILE 134,R ILE 134,0.0,0.0,0.0,-0.002000000000000668,0.0,0.0,0.21699999999999875,0.0,0.0,-0.21499999999999997,0.0,0.0,0.0,0.0,0.0,3.552713678800501e-15,0.0,0.0
ILE 135,R ILE 135,0.0,0.0,0.0,-0.0019999999999997797,0.0,0.0,0.24399999999999977,0.0,0.0,-0.242,0.0,0.0,0.0,0.0,0.0,-9.769962616701378e-15,0.0,0.0
LEU 136,R LEU 136,0.0,0.0,0.0,-0.0019999999999997797,0.0,0.0,0.2980000000000018,0.0,0.0,-0.29699999999999993,0.0,0.0,0.0,0.0,0.0,-0.0010000000000012221,0.0,0.0
GLY 137,R GLY 137,0.0,0.0,0.0,-0.0019999999999997797,0.0,0.0,0.362000000000009,0.0,0.0,-0.35400000000000004,0.0,0.0,0.0,0.0,0.0,0.0060000000000136056,0.0,0.0
LEU 138,R LEU 138,0.0,0.0,0.0,-0.007999999999999119,0.0,0.0,0.5180000000000007,0.0,0.0,-0.5090000000000001,0.0,0.0,0.0,0.0,0.0,0.0010000000000047748,0.0,0.0
ASN 139,R ASN 139,0.0,0.0,0.0,-0.004999999999999893,0.0,0.0,0.722999999999999,0.0,0.0,-0.706999999999999,0.0,0.0,0.0,0.0,0.0,0.01099999999999568,0.0,0.0
LYS 140,R LYS 140,0.0,0.0,0.0,-0.005999999999999339,0.0,0.0,-7.970000000000013,0.0,0.0,7.992000000000001,0.0,0.0,0.0,0.0,0.0,0.01599999999998758,0.0,0.0
ILE 141,R ILE 141,0.0,0.0,0.0,-0.027999999999998693,0.0,0.0,0.9509999999999934,0.0,0.0,-0.9060000000000001,0.0,0.0,0.0,0.0,0.0,0.01700000000000168,0.0,0.0
VAL 142,R VAL 142,0.0,0.0,0.0,-0.023000000000001464,0.0,0.0,1.0679999999999978,0.0,0.0,-1.024,0.0,0.0,0.0,0.0,0.0,0.02099999999999458,0.0,0.0
ARG 143,R ARG 143,0.0,0.0,0.0,-0.010999999999999233,0.0,0.0,-9.769000000000005,0.0,0.0,9.790000000000003,0.0,0.0,0.0,0.0,0.0,0.009999999999990905,0.0,0.0
MET 144,R MET 144,0.0,0.0,0.0,-0.04600000000000026,0.0,0.0,0.48599999999999,0.0,0.0,-0.39199999999999946,0.0,0.0,0.0,0.0,0.0,0.047999999999984055,0.0,0.0
TYR 145,R TYR 145,0.0,0.0,0.0,-0.07099999999999973,0.0,0.0,0.8659999999999997,0.0,0.0,-0.6780000000000008,0.0,0.0,0.0,0.0,0.0,0.11700000000000088,0.0,0.0
SER 146,R SER 146,0.0,0.0,0.0,-0.5819999999999999,0.0,0.0,1.0460000000000065,0.0,0.0,-0.1169999999999991,0.0,0.0,-0.18146702000000003,0.0,0.0,0.16553298000001426,0.0,0.0
PRO 147,R PRO 147,0.0,0.0,0.0,-0.20999999999999996,0.0,0.0,1.056999999999995,0.0,0.0,-0.7620000000000005,0.0,0.0,0.0,0.0,0.0,0.08499999999998664,0.0,0.0
THR 148,R THR 148,0.0,0.0,0.0,-1.7700000000000005,0.0,0.0,0.4170000000000016,0.0,0.0,1.484,0.0,0.0,-0.29272336,0.0,0.0,-0.16172336000000342,0.0,0.0
SER 149,R SER 149,0.0,0.0,0.0,-2.347,0.0,0.0,-4.414999999999999,0.0,0.0,6.7940000000000005,0.0,0.0,-0.30179102,0.0,0.0,-0.2697910199999929,0.0,0.0
ILE 150,R ILE 150,20.283,0.0,0.0,-8.283000000000001,0.0,0.0,-29.020999999999997,0.0,0.0,7.773,0.0,0.0,-1.19320216,0.0,0.0,-10.44120216,0.0,0.0
LEU 151,L LEU   1,21.351000000000006,0.0,0.0,-1.8289999999999997,0.0,0.0,-25.922000000000004,0.0,0.0,0.629,0.0,0.0,-0.2473959,0.0,0.0,-6.018395899999998,0.0,0.0
ASP 152,L ASP   2,0.0,0.0,0.0,-1.226,0.0,0.0,15.582999999999998,0.0,0.0,-15.216999999999999,0.0,0.0,-0.10155454000000008,0.0,0.0,-0.9615545400000016,0.0,0.0
ILE 153,L ILE   3,0.0,0.0,0.0,-2.308,0.0,0.0,-0.017000000000010118,0.0,0.0,0.23899999999999988,0.0,0.0,-0.13799862,0.0,0.0,-2.2239986200000175,0.0,0.0
ARG 154,L ARG   4,0.0,0.0,0.0,-0.10599999999999987,0.0,0.0,-12.253999999999998,0.0,0.0,12.337999999999997,0.0,0.0,0.0,0.0,0.0,-0.02199999999999136,0.0,0.0
GLN 155,L GLN   5,0.0,0.0,0.0,-0.017000000000001236,0.0,0.0,0.1559999999999917,0.0,0.0,-0.13200000000000012,0.0,0.0,0.0,0.0,0.0,0.0069999999999765805,0.0,0.0
GLY 156,L GLY   6,0.0,0.0,0.0,-0.004999999999999893,0.0,0.0,-0.12000000000000455,0.0,0.0,0.12199999999999989,0.0,0.0,0.0,0.0,0.0,-0.0030000000000143245,0.0,0.0
PRO 157,L PRO   7,0.0,0.0,0.0,-0.004000000000000448,0.0,0.0,-0.1419999999999959,0.0,0.0,0.1429999999999998,0.0,0.0,0.0,0.0,0.0,-0.002999999999985903,0.0,0.0
LYS 158,L LYS   8,0.0,0.0,0.0,-0.0019999999999997797,0.0,0.0,-9.067000000000007,0.0,0.0,9.066000000000003,0.0,0.0,0.0,0.0,0.0,-0.0030000000000001137,0.0,0.0
GLU 159,L GLU   9,0.0,0.0,0.0,-0.009999999999999787,0.0,0.0,12.794999999999987,0.0,0.0,-12.698999999999998,0.0,0.0,0.0,0.0,0.0,0.08599999999999852,0.0,0.0
PRO 160,L PRO  10,0.0,0.0,0.0,-0.0039999999999995595,0.0,0.0,0.357999999999997,0.0,0.0,-0.3530000000000002,0.0,0.0,0.0,0.0,0.0,0.0010000000000065512,0.0,0.0
PHE 161,L PHE  11,0.0,0.0,0.0,-0.008000000000000895,0.0,0.0,0.3669999999999902,0.0,0.0,-0.3500000000000001,0.0,0.0,0.0,0.0,0.0,0.008999999999993236,0.0,0.0
ARG 162,L ARG  12,0.0,0.0,0.0,-0.009000000000000341,0.0,0.0,-11.172,0.0,0.0,11.175,0.0,0.0,0.0,0.0,0.0,-0.006000000000028649,0.0,0.0
ASP 163,L ASP  13,0.0,0.0,0.0,-0.009999999999999787,0.0,0.0,11.49900000000001,0.0,0.0,-11.424999999999997,0.0,0.0,0.0,0.0,0.0,0.06400000000002137,0.0,0.0
TYR 164,L TYR  14,0.0,0.0,0.0,-0.07400000000000162,0.0,0.0,0.6800000000000068,0.0,0.0,-0.631,0.0,0.0,0.0,0.0,0.0,-0.025000000000005684,0.0,0.0
VAL 165,L VAL  15,0.0,0.0,0.0,-0.025000000000000355,0.0,0.0,0.4369999999999976,0.0,0.0,-0.42200000000000015,0.0,0.0,0.0,0.0,0.0,-0.010000000000001563,0.0,0.0
ASP 166,L ASP  16,0.0,0.0,0.0,-0.0259999999999998,0.0,0.0,13.485,0.0,0.0,-13.338000000000001,0.0,0.0,0.0,0.0,0.0,0.120999999999988,0.0,0.0
ARG 167,L ARG  17,0.0,0.0,0.0,-0.13400000000000034,0.0,0.0,-14.456,0.0,0.0,14.532000000000002,0.0,0.0,0.0,0.0,0.0,-0.0579999999999643,0.0,0.0
PHE 168,L PHE  18,0.0,0.0,0.0,-1.4770000000000003,0.0,0.0,0.027999999999991587,0.0,0.0,0.45099999999999985,0.0,0.0,-0.040265180000000005,0.0,0.0,-1.0382651800000127,0.0,0.0
TYR 169,L TYR  19,0.0,0.0,0.0,-0.13900000000000112,0.0,0.0,0.6770000000000067,0.0,0.0,-0.5249999999999999,0.0,0.0,0.0,0.0,0.0,0.013000000000010559,0.0,0.0
LYS 170,L LYS  20,0.0,0.0,0.0,-0.20199999999999996,0.0,0.0,-16.085000000000008,0.0,0.0,16.506999999999998,0.0,0.0,0.0,0.0,0.0,0.21999999999999176,0.0,0.0
THR 171,L THR  21,0.0,0.0,0.0,-1.9879999999999995,0.0,0.0,0.4930000000000021,0.0,0.0,0.39199999999999946,0.0,0.0,-0.21442062,0.0,0.0,-1.3174206199999965,0.0,0.0
LEU 172,L LEU  22,0.0,0.0,0.0,-1.194,0.0,0.0,0.6980000000000075,0.0,0.0,-0.5790000000000006,0.0,0.0,-0.062129460000000004,0.0,0.0,-1.1371294599999882,0.0,0.0
ARG 173,L ARG  23,0.0,0.0,0.0,-0.7380000000000004,0.0,0.0,-61.52,0.0,0.0,55.474000000000004,0.0,0.0,-0.36708576000000015,0.0,0.0,-7.151085760000001,0.0,0.0
ALA 174,L ALA  24,0.0,0.0,0.0,-1.2320000000000002,0.0,0.0,0.32200000000000273,0.0,0.0,0.9009999999999998,0.0,0.0,-0.21856692,0.0,0.0,-0.22756691999999656,0.0,0.0
GLU 175,L GLU  25,0.0,0.0,0.0,-1.443,0.0,0.0,15.769999999999996,0.0,0.0,-13.436999999999998,0.0,0.0,-0.2481276,0.0,0.0,0.6418723999999969,0.0,0.0
GLN 176,L GLN  26,0.0,0.0,0.0,-1.4659999999999993,0.0,0.0,-4.168000000000006,0.0,0.0,5.389999999999999,0.0,0.0,-0.31606730000000005,0.0,0.0,-0.5600673000000143,0.0,0.0
ALA 177,L ALA  27,0.0,0.0,0.0,-0.06799999999999962,0.0,0.0,0.8059999999999974,0.0,0.0,-0.7050000000000001,0.0,0.0,0.0,0.0,0.0,0.032999999999999474,0.0,0.0
SER 178,L SER  28,0.0,0.0,0.0,-0.020999999999999908,0.0,0.0,0.2849999999999966,0.0,0.0,-0.23499999999999943,0.0,0.0,0.0,0.0,0.0,0.028999999999996362,0.0,0.0
GLN 179,L GLN  29,0.0,0.0,0.0,-0.017000000000000348,0.0,0.0,-0.24200000000000443,0.0,0.0,0.29600000000000115,0.0,0.0,0.0,0.0,0.0,0.03699999999999193,0.0,0.0
GLU 180,L GLU  30,0.0,0.0,0.0,-0.008999999999999453,0.0,0.0,9.728000000000009,0.0,0.0,-9.677000000000007,0.0,0.0,0.0,0.0,0.0,0.04200000000000159,0.0,0.0
VAL 181,L VAL  31,0.0,0.0,0.0,-0.05600000000000005,0.0,0.0,-0.3689999999999998,0.0,0.0,0.41100000000000003,0.0,0.0,0.0,0.0,0.0,-0.014000000000004675,0.0,0.0
LYS 182,L LYS  32,0.0,0.0,0.0,-0.04499999999999993,0.0,0.0,-15.146,0.0,0.0,15.193,0.0,0.0,0.0,0.0,0.0,0.001999999999995339,0.0,0.0
ASN 183,L ASN  33,0.0,0.0,0.0,-0.009999999999999787,0.0,0.0,0.2680000000000007,0.0,0.0,-0.24300000000000033,0.0,0.0,0.0,0.0,0.0,0.015000000000000568,0.0,0.0
TRP 184,L TRP  34,0.0,0.0,0.0,-0.05400000000000027,0.0,0.0,0.024999999999991473,0.0,0.0,0.031000000000000583,0.0,0.0,0.0,0.0,0.0,0.001999999999991786,0.0,0.0
MET 185,L MET  35,0.0,0.0,0.0,-0.7599999999999998,0.0,0.0,0.06799999999999784,0.0,0.0,0.07799999999999985,0.0,0.0,-0.07184752000000003,0.0,0.0,-0.6858475199999932,0.0,0.0
THR 186,L THR  36,0.0,0.0,0.0,-0.019999999999999574,0.0,0.0,0.0449999999999946,0.0,0.0,-0.02200000000000002,0.0,0.0,0.0,0.0,0.0,0.0030000000000001137,0.0,0.0
GLU 187,L GLU  37,0.0,0.0,0.0,-0.007000000000000561,0.0,0.0,8.805,0.0,0.0,-8.76700000000001,0.0,0.0,0.0,0.0,0.0,0.030999999999984595,0.0,0.0
THR 188,L THR  38,0.0,0.0,0.0,-0.02400000000000002,0.0,0.0,0.06199999999999761,0.0,0.0,-0.02400000000000002,0.0,0.0,0.0,0.0,0.0,0.013999999999995794,0.0,0.0
LEU 189,L LEU  39,0.0,0.0,0.0,-0.26099999999999923,0.0,0.0,-0.10699999999999932,0.0,0.0,-0.04700000000000015,0.0,0.0,-0.03294275999999999,0.0,0.0,-0.44794275999999655,0.0,0.0
LEU 190,L LEU  40,0.0,0.0,0.0,-0.08000000000000007,0.0,0.0,0.14399999999999125,0.0,0.0,-0.12199999999999994,0.0,0.0,0.0,0.0,0.0,-0.058000000000006935,0.0,0.0
VAL 191,L VAL  41,0.0,0.0,0.0,-0.0129999999999999,0.0,0.0,0.07200000000000273,0.0,0.0,-0.043999999999999984,0.0,0.0,0.0,0.0,0.0,0.014999999999997016,0.0,0.0
GLN 192,L GLN  42,0.0,0.0,0.0,-0.019000000000000128,0.0,0.0,-0.17099999999999227,0.0,0.0,0.21800000000000042,0.0,0.0,0.0,0.0,0.0,0.028000000000012903,0.0,0.0
ASN 193,L ASN  43,0.0,0.0,0.0,-0.3309999999999995,0.0,0.0,-2.0799999999999983,0.0,0.0,1.6760000000000002,0.0,0.0,0.0,0.0,0.0,-0.7349999999999994,0.0,0.0
ALA 194,L ALA  44,0.0,0.0,0.0,-0.009000000000000341,0.0,0.0,0.11299999999999955,0.0,0.0,-0.10000000000000009,0.0,0.0,0.0,0.0,0.0,0.003999999999998671,0.0,0.0
ASN 195,L ASN  45,0.0,0.0,0.0,-0.004999999999999893,0.0,0.0,0.2600000000000051,0.0,0.0,-0.2450000000000001,0.0,0.0,0.0,0.0,0.0,0.00999999999999801,0.0,0.0
PRO 196,L PRO  46,0.0,0.0,0.0,-0.002000000000000668,0.0,0.0,-0.0379999999999967,0.0,0.0,0.0349999999999997,0.0,0.0,0.0,0.0,0.0,-0.005000000000006111,0.0,0.0
ASP 197,L ASP  47,0.0,0.0,0.0,-0.001000000000000334,0.0,0.0,8.329,0.0,0.0,-8.317999999999998,0.0,0.0,0.0,0.0,0.0,0.00999999999999801,0.0,0.0
CYX 198,L CYX  48,0.0,0.0,0.0,-0.0019999999999988916,0.0,0.0,-0.16400000000000148,0.0,0.0,0.16999999999999993,0.0,0.0,0.0,0.0,0.0,0.004000000000001336,0.0,0.0
LYS 199,L LYS  49,0.0,0.0,0.0,-0.0039999999999995595,0.0,0.0,-9.931999999999988,0.0,0.0,9.938000000000002,0.0,0.0,0.0,0.0,0.0,0.0020000000000237605,0.0,0.0
THR 200,L THR  50,0.0,0.0,0.0,-0.0009999999999994458,0.0,0.0,-0.07399999999999807,0.0,0.0,0.07599999999999996,0.0,0.0,0.0,0.0,0.0,0.0010000000000047748,0.0,0.0
ILE 201,L ILE  51,0.0,0.0,0.0,-0.0009999999999994458,0.0,0.0,-0.08500000000000085,0.0,0.0,0.08499999999999996,0.0,0.0,0.0,0.0,0.0,-0.0010000000000065512,0.0,0.0
LEU 202,L LEU  52,0.0,0.0,0.0,-0.0029999999999983373,0.0,0.0,-0.13700000000000045,0.0,0.0,0.14100000000000001,0.0,0.0,0.0,0.0,0.0,0.0010000000000012221,0.0,0.0
LYS 203,L LYS  53,0.0,0.0,0.0,-0.0009999999999994458,0.0,0.0,-8.400999999999996,0.0,0.0,8.400999999999996,0.0,0.0,0.0,0.0,0.0,-0.0010000000000047748,0.0,0.0
ALA 204,L ALA  54,0.0,0.0,0.0,0.0,0.0,0.0,-0.10599999999999454,0.0,0.0,0.10599999999999987,0.0,0.0,0.0,0.0,0.0,5.329070518200751e-15,0.0,0.0
LEU 205,L LEU  55,0.0,0.0,0.0,-0.001000000000000334,0.0,0.0,-0.14100000000000534,0.0,0.0,0.14199999999999946,0.0,0.0,0.0,0.0,0.0,3.552713678800501e-15,0.0,0.0
GLY 206,L GLY  56,0.0,0.0,0.0,0.0,0.0,0.0,0.13500000000000512,0.0,0.0,-0.13299999999999912,0.0,0.0,0.0,0.0,0.0,0.002000000000005997,0.0,0.0
PRO 207,L PRO  57,0.0,0.0,0.0,-0.001000000000000112,0.0,0.0,-0.0030000000000001137,0.0,0.0,0.004999999999999005,0.0,0.0,0.0,0.0,0.0,0.0010000000000047748,0.0,0.0
GLY 208,L GLY  58,0.0,0.0,0.0,-0.0009999999999998899,0.0,0.0,-0.006999999999997897,0.0,0.0,0.009000000000000341,0.0,0.0,0.0,0.0,0.0,0.0010000000000047748,0.0,0.0
ALA 209,L ALA  59,0.0,0.0,0.0,-0.001000000000000334,0.0,0.0,0.16800000000000637,0.0,0.0,-0.16400000000000015,0.0,0.0,0.0,0.0,0.0,0.003000000000001002,0.0,0.0
THR 210,L THR  60,0.0,0.0,0.0,-0.0019999999999997797,0.0,0.0,-0.18900000000000006,0.0,0.0,0.19200000000000017,0.0,0.0,0.0,0.0,0.0,0.0009999999999976694,0.0,0.0
LEU 211,L LEU  61,0.0,0.0,0.0,-0.005000000000000782,0.0,0.0,-0.19499999999999318,0.0,0.0,0.19599999999999973,0.0,0.0,0.0,0.0,0.0,-0.003999999999997783,0.0,0.0
GLU 212,L GLU  62,0.0,0.0,0.0,-0.0019999999999997797,0.0,0.0,8.569000000000003,0.0,0.0,-8.552000000000007,0.0,0.0,0.0,0.0,0.0,0.015000000000000568,0.0,0.0
GLU 213,L GLU  63,0.0,0.0,0.0,-0.0019999999999997797,0.0,0.0,7.710000000000001,0.0,0.0,-7.700000000000003,0.0,0.0,0.0,0.0,0.0,0.008000000000002672,0.0,0.0
MET 214,L MET  64,0.0,0.0,0.0,-0.0039999999999995595,0.0,0.0,-0.12000000000000455,0.0,0.0,0.12400000000000011,0.0,0.0,0.0,0.0,0.0,-9.325873406851315e-15,0.0,0.0
MET 215,L MET  65,0.0,0.0,0.0,-0.0019999999999988916,0.0,0.0,0.06199999999999761,0.0,0.0,-0.06000000000000005,0.0,0.0,0.0,0.0,0.0,2.6645352591003757e-15,0.0,0.0
THR 216,L THR  66,0.0,0.0,0.0,0.0,0.0,0.0,-0.06400000000000006,0.0,0.0,0.0649999999999995,0.0,0.0,0.0,0.0,0.0,0.0010000000000012221,0.0,0.0
ALA 217,L ALA  67,0.0,0.0,0.0,0.0,0.0,0.0,-0.1389999999999958,0.0,0.0,0.13999999999999968,0.0,0.0,0.0,0.0,0.0,0.0010000000000038867,0.0,0.0
CYX 218,L CYX  68,0.0,0.0,0.0,-0.0009999999999994458,0.0,0.0,0.09000000000000341,0.0,0.0,-0.08800000000000008,0.0,0.0,0.0,0.0,0.0,0.0010000000000136566,0.0,0.0
GLN 219,L GLN  69,0.0,0.0,0.0,0.0,0.0,0.0,0.028999999999996362,0.0,0.0,-0.027000000000001023,0.0,0.0,0.0,0.0,0.0,0.001999999999995339,0.0,0.0
GLY 220,L GLY  70,0.0,0.0,0.0,0.0,0.0,0.0,0.14800000000001035,0.0,0.0,-0.14499999999999957,0.0,0.0,0.0,0.0,0.0,0.003000000000010772,0.0,0.0
VAL 221,L VAL  71,0.0,0.0,0.0,-0.002000000000000668,0.0,0.0,8.473,0.0,0.0,-8.462999999999994,0.0,0.0,0.0,0.0,0.0,0.008000000000009777,0.0,0.0

idecomp = 1: Per-residue decomp adding 1-4 interactions to Internal.
Energy Decomposition Analysis (All units kcal/mol): Poisson Boltzmann solvent
Complex:
Total Energy Decomposition:
Residue,Internal,,,van der Waals,,,Electrostatic,,,Polar Solvation,,,Non-Polar Solv.,,,TOTAL,,
,Avg.,Std. Dev.,Std. Err. of Mean,Avg.,Std. Dev.,Std. Err. of Mean,Avg.,Std. Dev.,Std. Err. of Mean,Avg.,Std. Dev.,Std. Err. of Mean,Avg.,Std. Dev.,Std. Err. of Mean,Avg.,Std. Dev.,Std. Err. of Mean
PRO   1,98.122,0.0,0.0,-8.235,0.0,0.0,-108.976,0.0,0.0,14.271,0.0,0.0,0.0,0.0,0.0,-4.817999999999998,0.0,0.0
ILE   2,99.076,0.0,0.0,-9.094,0.0,0.0,-71.894,0.0,0.0,-3.359,0.0,0.0,0.0,0.0,0.0,14.728999999999994,0.0,0.0
VAL   3,48.946,0.0,0.0,-4.28,0.0,0.0,-55.606,0.0,0.0,-0.38,0.0,0.0,0.0,0.0,0.0,-11.320000000000006,0.0,0.0
GLN   4,25.711,0.0,0.0,-4.981,0.0,0.0,-63.854,0.0,0.0,-11.011,0.0,0.0,0.0,0.0,0.0,-54.135000000000005,0.0,0.0
ASN   5,34.423,0.0,0.0,-5.015,0.0,0.0,-73.533,0.0,0.0,-14.277,0.0,0.0,0.0,0.0,0.0,-58.402,0.0,0.0
LEU   6,74.304,0.0,0.0,-2.961,0.0,0.0,-68.855,0.0,0.0,-8.729,0.0,0.0,0.0,0.0,0.0,-6.241,0.0,0.0
GLN   7,32.959,0.0,0.0,-4.454,0.0,0.0,-67.635,0.0,0.0,-17.509,0.0,0.0,0.0,0.0,0.0,-56.639,0.0,0.0
GLY   8,75.441,0.0,0.0,-2.743,0.0,0.0,-71.199,0.0,0.0,-5.894,0.0,0.0,0.0,0.0,0.0,-4.394999999999991,0.0,0.0
GLN   9,38.579,0.0,0.0,-6.954,0.0,0.0,-74.726,0.0,0.0,-12.036,0.0,0.0,0.0,0.0,0.0,-55.137,0.0,0.0
MET  10,99.991,0.0,0.0,-10.216,0.0,0.0,-76.7,0.0,0.0,-3.981,0.0,0.0,0.0,0.0,0.0,9.094000000000003,0.0,0.0
VAL  11,51.734,0.0,0.0,-4.537,0.0,0.0,-53.101,0.0,0.0,-2.453,0.0,0.0,0.0,0.0,0.0,-8.356999999999996,0.0,0.0
HID  12,93.896,0.0,0.0,-10.362,0.0,0.0,-63.989,0.0,0.0,-4.557,0.0,0.0,0.0,0.0,0.0,14.988000000000008,0.0,0.0
GLN  13,31.491,0.0,0.0,-5.215,0.0,0.0,-70.461,0.0,0.0,-12.549,0.0,0.0,0.0,0.0,0.0,-56.734,0.0,0.0
ALA  14,96.33,0.0,0.0,-3.787,0.0,0.0,-81.39,0.0,0.0,-2.732,0.0,0.0,0.0,0.0,0.0,8.420999999999992,0.0,0.0
ILE  15,92.584,0.0,0.0,-5.736,0.0,0.0,-73.3,0.0,0.0,-3.151,0.0,0.0,0.0,0.0,0.0,10.397000000000002,0.0,0.0
SER  16,75.855,0.0,0.0,-4.885,0.0,0.0,-55.241,0.0,0.0,-6.976,0.0,0.0,0.0,0.0,0.0,8.753,0.0,0.0
PRO  17,91.314,0.0,0.0,-5.436,0.0,0.0,-60.444,0.0,0.0,-2.333,0.0,0.0,0.0,0.0,0.0,23.100999999999985,0.0,0.0
ARG  18,-186.305,0.0,0.0,-7.226,0.0,0.0,58.395,0.0,0.0,-36.616,0.0,0.0,0.0,0.0,0.0,-171.752,0.0,0.0
THR  19,52.126,0.0,0.0,-7.838,0.0,0.0,-55.988,0.0,0.0,-4.08,0.0,0.0,0.0,0.0,0.0,-15.780000000000003,0.0,0.0
LEU  20,61.833,0.0,0.0,-9.624,0.0,0.0,-56.77,0.0,0.0,-2.29,0.0,0.0,0.0,0.0,0.0,-6.851000000000007,0.0,0.0
ASN  21,35.082,0.0,0.0,-7.136,0.0,0.0,-91.543,0.0,0.0,-7.341,0.0,0.0,0.0,0.0,0.0,-70.938,0.0,0.0
ALA  22,92.052,0.0,0.0,-5.871,0.0,0.0,-81.414,0.0,0.0,-1.055,0.0,0.0,0.0,0.0,0.0,3.7120000000000104,0.0,0.0
TRP  23,135.314,0.0,0.0,-19.444,0.0,0.0,-96.343,0.0,0.0,-0.92,0.0,0.0,0.0,0.0,0.0,18.606999999999985,0.0,0.0
VAL  24,67.981,0.0,0.0,-7.729,0.0,0.0,-56.377,0.0,0.0,-2.911,0.0,0.0,0.0,0.0,0.0,0.9639999999999929,0.0,0.0
LYS  25,133.862,0.0,0.0,-7.547,0.0,0.0,-98.797,0.0,0.0,-30.433,0.0,0.0,0.0,0.0,0.0,-2.914999999999999,0.0,0.0
VAL  26,65.132,0.0,0.0,-8.472,0.0,0.0,-68.166,0.0,0.0,-1.529,0.0,0.0,0.0,0.0,0.0,-13.034999999999993,0.0,0.0
VAL  27,42.857,0.0,0.0,-9.896,0.0,0.0,-49.707,0.0,0.0,-1.917,0.0,0.0,0.0,0.0,0.0,-18.663000000000004,0.0,0.0
GLU  28,96.957,0.0,0.0,-7.811,0.0,0.0,-67.68,0.0,0.0,-82.296,0.0,0.0,0.0,0.0,0.0,-60.83000000000003,0.0,0.0
GLU  29,105.416,0.0,0.0,-3.281,0.0,0.0,-104.259,0.0,0.0,-57.062,0.0,0.0,0.0,0.0,0.0,-59.18600000000001,0.0,0.0
LYS  30,121.408,0.0,0.0,-7.949,0.0,0.0,-125.716,0.0,0.0,3.646,0.0,0.0,0.0,0.0,0.0,-8.61099999999999,0.0,0.0
ALA  31,88.211,0.0,0.0,-5.821,0.0,0.0,-73.257,0.0,0.0,-5.527,0.0,0.0,0.0,0.0,0.0,3.6059999999999954,0.0,0.0
PHE  32,105.759,0.0,0.0,-8.625,0.0,0.0,-77.174,0.0,0.0,-3.195,0.0,0.0,0.0,0.0,0.0,16.764999999999993,0.0,0.0
SER  33,82.071,0.0,0.0,-4.136,0.0,0.0,-66.026,0.0,0.0,-1.421,0.0,0.0,0.0,0.0,0.0,10.488000000000007,0.0,0.0
PRO  34,79.944,0.0,0.0,-5.275,0.0,0.0,-56.826,0.0,0.0,-1.772,0.0,0.0,0.0,0.0,0.0,16.070999999999998,0.0,0.0
GLU  35,105.18,0.0,0.0,-4.244,0.0,0.0,-104.386,0.0,0.0,-55.168,0.0,0.0,0.0,0.0,0.0,-58.61799999999999,0.0,0.0
VAL  36,54.566,0.0,0.0,-8.65,0.0,0.0,-60.652,0.0,0.0,0.682,0.0,0.0,0.0,0.0,0.0,-14.053999999999997,0.0,0.0
ILE  37,98.458,0.0,0.0,-7.207,0.0,0.0,-59.469,0.0,0.0,-0.605,0.0,0.0,0.0,0.0,0.0,31.177000000000003,0.0,0.0
PRO  38,88.255,0.0,0.0,-5.123,0.0,0.0,-59.711,0.0,0.0,-2.379,0.0,0.0,0.0,0.0,0.0,21.04199999999999,0.0,0.0
MET  39,87.754,0.0,0.0,-8.497,0.0,0.0,-73.194,0.0,0.0,-0.508,0.0,0.0,0.0,0.0,0.0,5.555000000000002,0.0,0.0
PHE  40,106.278,0.0,0.0,-14.114,0.0,0.0,-82.064,0.0,0.0,-0.976,0.0,0.0,0.0,0.0,0.0,9.12400000000001,0.0,0.0
SER  41,62.288,0.0,0.0,-7.169,0.0,0.0,-45.395,0.0,0.0,-9.243,0.0,0.0,0.0,0.0,0.0,0.4809999999999963,0.0,0.0
ALA  42,84.346,0.0,0.0,-5.057,0.0,0.0,-67.227,0.0,0.0,-4.433,0.0,0.0,0.0,0.0,0.0,7.628999999999998,0.0,0.0
LEU  43,80.712,0.0,0.0,-9.544,0.0,0.0,-77.051,0.0,0.0,-2.091,0.0,0.0,0.0,0.0,0.0,-7.973999999999996,0.0,0.0
SER  44,75.378,0.0,0.0,-6.213,0.0,0.0,-78.599,0.0,0.0,0.023,0.0,0.0,0.0,0.0,0.0,-9.410999999999998,0.0,0.0
GLU  45,103.64,0.0,0.0,-6.374,0.0,0.0,-65.508,0.0,0.0,-89.012,0.0,0.0,0.0,0.0,0.0,-57.25399999999999,0.0,0.0
GLY  46,68.031,0.0,0.0,-4.032,0.0,0.0,-70.321,0.0,0.0,1.732,0.0,0.0,0.0,0.0,0.0,-4.589999999999988,0.0,0.0
ALA  47,98.597,0.0,0.0,-6.508,0.0,0.0,-83.431,0.0,0.0,-1.931,0.0,0.0,0.0,0.0,0.0,6.727000000000001,0.0,0.0
THR  48,56.572,0.0,0.0,-5.437,0.0,0.0,-64.696,0.0,0.0,0.53,0.0,0.0,0.0,0.0,0.0,-13.030999999999993,0.0,0.0
PRO  49,78.355,0.0,0.0,-11.35,0.0,0.0,-56.016,0.0,0.0,0.527,0.0,0.0,0.0,0.0,0.0,11.51600000000001,0.0,0.0
GLN  50,31.188,0.0,0.0,-8.888,0.0,0.0,-68.443,0.0,0.0,-9.362,0.0,0.0,0.0,0.0,0.0,-55.505,0.0,0.0
ASP  51,91.906,0.0,0.0,-7.583,0.0,0.0,-122.348,0.0,0.0,-22.821,0.0,0.0,0.0,0.0,0.0,-60.84599999999999,0.0,0.0
LEU  52,66.683,0.0,0.0,-11.04,0.0,0.0,-70.587,0.0,0.0,0.983,0.0,0.0,0.0,0.0,0.0,-13.960999999999995,0.0,0.0
ASN  53,35.986,0.0,0.0,-6.897,0.0,0.0,-102.131,0.0,0.0,-3.213,0.0,0.0,0.0,0.0,0.0,-76.255,0.0,0.0
THR  54,49.107,0.0,0.0,-6.4,0.0,0.0,-64.002,0.0,0.0,-0.963,0.0,0.0,0.0,0.0,0.0,-22.257999999999996,0.0,0.0
MET  55,82.91,0.0,0.0,-13.629,0.0,0.0,-69.014,0.0,0.0,-0.311,0.0,0.0,0.0,0.0,0.0,-0.04400000000000409,0.0,0.0
LEU  56,66.054,0.0,0.0,-10.454,0.0,0.0,-67.404,0.0,0.0,-1.075,0.0,0.0,0.0,0.0,0.0,-12.878999999999994,0.0,0.0
ASN  57,44.263,0.0,0.0,-6.817,0.0,0.0,-99.458,0.0,0.0,-10.66,0.0,0.0,0.0,0.0,0.0,-72.672,0.0,0.0
THR  58,59.681,0.0,0.0,-7.553,0.0,0.0,-65.495,0.0,0.0,-1.973,0.0,0.0,0.0,0.0,0.0,-15.340000000000005,0.0,0.0
VAL  59,37.721,0.0,0.0,-9.675,0.0,0.0,-37.404,0.0,0.0,-0.044,0.0,0.0,0.0,0.0,0.0,-9.402000000000008,0.0,0.0
ALA  60,87.836,0.0,0.0,-4.056,0.0,0.0,-64.296,0.0,0.0,-1.153,0.0,0.0,0.0,0.0,0.0,18.330999999999996,0.0,0.0
PRO  61,80.849,0.0,0.0,-5.04,0.0,0.0,-60.017,0.0,0.0,-1.385,0.0,0.0,0.0,0.0,0.0,14.406999999999995,0.0,0.0
HID  62,99.93,0.0,0.0,-8.068,0.0,0.0,-68.455,0.0,0.0,-8.681,0.0,0.0,0.0,0.0,0.0,14.726000000000012,0.0,0.0
GLN  63,28.413,0.0,0.0,-4.884,0.0,0.0,-66.48,0.0,0.0,-11.927,0.0,0.0,0.0,0.0,0.0,-54.87800000000001,0.0,0.0
ALA  64,84.673,0.0,0.0,-3.876,0.0,0.0,-68.616,0.0,0.0,-4.019,0.0,0.0,0.0,0.0,0.0,8.161999999999997,0.0,0.0
ALA  65,87.319,0.0,0.0,-6.404,0.0,0.0,-76.394,0.0,0.0,-1.534,0.0,0.0,0.0,0.0,0.0,2.987000000000001,0.0,0.0
ALA  66,92.716,0.0,0.0,-6.21,0.0,0.0,-82.945,0.0,0.0,-0.828,0.0,0.0,0.0,0.0,0.0,2.733000000000007,0.0,0.0
GLN  67,38.808,0.0,0.0,-7.212,0.0,0.0,-80.648,0.0,0.0,-6.482,0.0,0.0,0.0,0.0,0.0,-55.53399999999999,0.0,0.0
MET  68,94.06,0.0,0.0,-8.916,0.0,0.0,-75.776,0.0,0.0,-1.218,0.0,0.0,0.0,0.0,0.0,8.15000000000001,0.0,0.0
LEU  69,84.239,0.0,0.0,-11.362,0.0,0.0,-81.67,0.0,0.0,-1.478,0.0,0.0,0.0,0.0,0.0,-10.270999999999992,0.0,0.0
LYS  70,127.755,0.0,0.0,-7.63,0.0,0.0,-114.184,0.0,0.0,-12.975,0.0,0.0,0.0,0.0,0.0,-7.033999999999997,0.0,0.0
GLU  71,109.992,0.0,0.0,-6.866,0.0,0.0,-76.161,0.0,0.0,-89.528,0.0,0.0,0.0,0.0,0.0,-62.563,0.0,0.0
THR  72,43.47,0.0,0.0,-7.364,0.0,0.0,-59.614,0.0,0.0,-1.921,0.0,0.0,0.0,0.0,0.0,-25.428999999999995,0.0,0.0
ILE  73,74.444,0.0,0.0,-9.642,0.0,0.0,-51.471,0.0,0.0,-2.134,0.0,0.0,0.0,0.0,0.0,11.19700000000001,0.0,0.0
ASN  74,20.685,0.0,0.0,-6.853,0.0,0.0,-78.602,0.0,0.0,-9.273,0.0,0.0,0.0,0.0,0.0,-74.043,0.0,0.0
GLU  75,107.911,0.0,0.0,-4.421,0.0,0.0,-69.95,0.0,0.0,-91.347,0.0,0.0,0.0,0.0,0.0,-57.807,0.0,0.0
GLU  76,102.235,0.0,0.0,-10.237,0.0,0.0,-57.741,0.0,0.0,-94.055,0.0,0.0,0.0,0.0,0.0,-59.798,0.0,0.0
ALA  77,82.364,0.0,0.0,-7.833,0.0,0.0,-70.109,0.0,0.0,-2.476,0.0,0.0,0.0,0.0,0.0,1.9460000000000113,0.0,0.0
ALA  78,93.193,0.0,0.0,-6.61,0.0,0.0,-85.904,0.0,0.0,0.638,0.0,0.0,0.0,0.0,0.0,1.317000000000002,0.0,0.0
GLU  79,106.799,0.0,0.0,-7.306,0.0,0.0,-68.582,0.0,0.0,-95.457,0.0,0.0,0.0,0.0,0.0,-64.54599999999998,0.0,0.0
TRP  80,115.846,0.0,0.0,-16.18,0.0,0.0,-87.699,0.0,0.0,-1.565,0.0,0.0,0.0,0.0,0.0,10.402,0.0,0.0
ASP  81,104.985,0.0,0.0,-8.041,0.0,0.0,-86.129,0.0,0.0,-62.235,0.0,0.0,0.0,0.0,0.0,-51.42,0.0,0.0
ARG  82,-182.462,0.0,0.0,-6.405,0.0,0.0,-27.63,0.0,0.0,49.168,0.0,0.0,0.0,0.0,0.0,-167.32899999999998,0.0,0.0
LEU  83,68.119,0.0,0.0,-5.599,0.0,0.0,-75.298,0.0,0.0,-2.285,0.0,0.0,0.0,0.0,0.0,-15.063000000000006,0.0,0.0
HID  84,113.27,0.0,0.0,-8.022,0.0,0.0,-73.951,0.0,0.0,-8.648,0.0,0.0,0.0,0.0,0.0,22.648999999999997,0.0,0.0
PRO  85,90.524,0.0,0.0,-3.349,0.0,0.0,-62.589,0.0,0.0,-7.285,0.0,0.0,0.0,0.0,0.0,17.301,0.0,0.0
VAL  86,48.788,0.0,0.0,-3.306,0.0,0.0,-47.507,0.0,0.0,-6.911,0.0,0.0,0.0,0.0,0.0,-8.935999999999998,0.0,0.0
HID  87,86.765,0.0,0.0,-5.989,0.0,0.0,-53.068,0.0,0.0,-10.432,0.0,0.0,0.0,0.0,0.0,17.275999999999996,0.0,0.0
ALA  88,90.879,0.0,0.0,-2.17,0.0,0.0,-72.785,0.0,0.0,-8.814,0.0,0.0,0.0,0.0,0.0,7.1100000000000065,0.0,0.0
GLY  89,92.272,0.0,0.0,-1.341,0.0,0.0,-72.984,0.0,0.0,-6.662,0.0,0.0,0.0,0.0,0.0,11.285000000000018,0.0,0.0
PRO  90,88.269,0.0,0.0,-3.073,0.0,0.0,-58.03,0.0,0.0,-6.597,0.0,0.0,0.0,0.0,0.0,20.56900000000001,0.0,0.0
ILE  91,77.592,0.0,0.0,-5.076,0.0,0.0,-56.594,0.0,0.0,-3.65,0.0,0.0,0.0,0.0,0.0,12.272000000000004,0.0,0.0
ALA  92,91.545,0.0,0.0,-3.019,0.0,0.0,-67.904,0.0,0.0,-4.061,0.0,0.0,0.0,0.0,0.0,16.561,0.0,0.0
PRO  93,86.059,0.0,0.0,-1.756,0.0,0.0,-56.881,0.0,0.0,-6.464,0.0,0.0,0.0,0.0,0.0,20.958,0.0,0.0
GLY  94,70.761,0.0,0.0,-1.704,0.0,0.0,-64.727,0.0,0.0,-7.09,0.0,0.0,0.0,0.0,0.0,-2.7600000000000016,0.0,0.0
GLN  95,36.197,0.0,0.0,-6.749,0.0,0.0,-75.986,0.0,0.0,-11.555,0.0,0.0,0.0,0.0,0.0,-58.092999999999996,0.0,0.0
MET  96,107.136,0.0,0.0,-10.282,0.0,0.0,-75.743,0.0,0.0,-7.836,0.0,0.0,0.0,0.0,0.0,13.275000000000004,0.0,0.0
ARG  97,-194.911,0.0,0.0,-5.061,0.0,0.0,-16.231,0.0,0.0,30.432,0.0,0.0,0.0,0.0,0.0,-185.77100000000002,0.0,0.0
GLU  98,107.109,0.0,0.0,-5.481,0.0,0.0,-50.979,0.0,0.0,-103.762,0.0,0.0,0.0,0.0,0.0,-53.113,0.0,0.0
PRO  99,90.446,0.0,0.0,-9.773,0.0,0.0,-60.68,0.0,0.0,-3.782,0.0,0.0,0.0,0.0,0.0,16.211000000000002,0.0,0.0
ARG 100,-185.924,0.0,0.0,-8.219,0.0,0.0,4.424,0.0,0.0,20.875,0.0,0.0,0.0,0.0,0.0,-168.844,0.0,0.0
GLY 101,81.408,0.0,0.0,-5.979,0.0,0.0,-82.772,0.0,0.0,0.961,0.0,0.0,0.0,0.0,0.0,-6.382000000000003,0.0,0.0
SER 102,65.245,0.0,0.0,-5.518,0.0,0.0,-63.694,0.0,0.0,-2.425,0.0,0.0,0.0,0.0,0.0,-6.391999999999999,0.0,0.0
ASP 103,90.635,0.0,0.0,-4.976,0.0,0.0,-109.061,0.0,0.0,-34.628,0.0,0.0,0.0,0.0,0.0,-58.03,0.0,0.0
ILE 104,80.061,0.0,0.0,-13.032,0.0,0.0,-59.012,0.0,0.0,0.795,0.0,0.0,0.0,0.0,0.0,8.81200000000001,0.0,0.0
ALA 105,84.535,0.0,0.0,-6.573,0.0,0.0,-77.291,0.0,0.0,-0.853,0.0,0.0,0.0,0.0,0.0,-0.1820000000000077,0.0,0.0
GLY 106,89.36,0.0,0.0,-5.797,0.0,0.0,-84.798,0.0,0.0,-3.192,0.0,0.0,0.0,0.0,0.0,-4.427,0.0,0.0
THR 107,57.58,0.0,0.0,-5.583,0.0,0.0,-55.541,0.0,0.0,-6.838,0.0,0.0,0.0,0.0,0.0,-10.381999999999998,0.0,0.0
THR 108,40.89,0.0,0.0,-0.426,0.0,0.0,-57.688,0.0,0.0,-3.724,0.0,0.0,0.0,0.0,0.0,-20.948000000000004,0.0,0.0
SER 109,79.413,0.0,0.0,-6.677,0.0,0.0,-72.034,0.0,0.0,-2.42,0.0,0.0,0.0,0.0,0.0,-1.718000000000016,0.0,0.0
THR 110,34.008,0.0,0.0,-7.16,0.0,0.0,-33.703,0.0,0.0,-8.08,0.0,0.0,0.0,0.0,0.0,-14.935,0.0,0.0
LEU 111,65.847,0.0,0.0,-10.188,0.0,0.0,-62.036,0.0,0.0,-4.655,0.0,0.0,0.0,0.0,0.0,-11.03200000000001,0.0,0.0
GLN 112,38.081,0.0,0.0,-6.511,0.0,0.0,-73.528,0.0,0.0,-13.596,0.0,0.0,0.0,0.0,0.0,-55.554,0.0,0.0
GLU 113,108.005,0.0,0.0,-9.966,0.0,0.0,-93.567,0.0,0.0,-54.744,0.0,0.0,0.0,0.0,0.0,-50.27199999999999,0.0,0.0
GLN 114,42.077,0.0,0.0,-13.287,0.0,0.0,-86.532,0.0,0.0,1.088,0.0,0.0,0.0,0.0,0.0,-56.653999999999996,0.0,0.0
ILE 115,85.106,0.0,0.0,-9.862,0.0,0.0,-67.507,0.0,0.0,-1.265,0.0,0.0,0.0,0.0,0.0,6.471999999999995,0.0,0.0
GLY 116,75.605,0.0,0.0,-5.19,0.0,0.0,-73.96,0.0,0.0,-1.421,0.0,0.0,0.0,0.0,0.0,-4.965999999999988,0.0,0.0
TRP 117,124.911,0.0,0.0,-20.068,0.0,0.0,-92.2,0.0,0.0,-0.296,0.0,0.0,0.0,0.0,0.0,12.347000000000001,0.0,0.0
MET 118,101.59,0.0,0.0,-10.738,0.0,0.0,-82.04,0.0,0.0,-3.081,0.0,0.0,0.0,0.0,0.0,5.730999999999998,0.0,0.0
THR 119,24.588,0.0,0.0,-5.196,0.0,0.0,-38.284,0.0,0.0,-2.876,0.0,0.0,0.0,0.0,0.0,-21.767999999999997,0.0,0.0
HID 120,91.624,0.0,0.0,-11.067,0.0,0.0,-60.541,0.0,0.0,-5.322,0.0,0.0,0.0,0.0,0.0,14.693999999999992,0.0,0.0
ASN 121,32.437,0.0,0.0,-4.43,0.0,0.0,-71.099,0.0,0.0,-13.773,0.0,0.0,0.0,0.0,0.0,-56.86500000000001,0.0,0.0
PRO 122,92.094,0.0,0.0,-4.534,0.0,0.0,-59.82,0.0,0.0,-2.511,0.0,0.0,0.0,0.0,0.0,25.22899999999999,0.0,0.0
PRO 123,84.414,0.0,0.0,-6.557,0.0,0.0,-57.526,0.0,0.0,-3.743,0.0,0.0,0.0,0.0,0.0,16.587999999999997,0.0,0.0
ILE 124,101.094,0.0,0.0,-7.269,0.0,0.0,-66.811,0.0,0.0,-0.552,0.0,0.0,0.0,0.0,0.0,26.461999999999982,0.0,0.0
PRO 125,89.798,0.0,0.0,-6.664,0.0,0.0,-66.038,0.0,0.0,-0.396,0.0,0.0,0.0,0.0,0.0,16.700000000000003,0.0,0.0
VAL 126,53.689,0.0,0.0,-11.481,0.0,0.0,-55.497,0.0,0.0,0.401,0.0,0.0,0.0,0.0,0.0,-12.888000000000002,0.0,0.0
GLY 127,70.757,0.0,0.0,-5.44,0.0,0.0,-72.934,0.0,0.0,0.287,0.0,0.0,0.0,0.0,0.0,-7.32999999999999,0.0,0.0
GLU 128,109.531,0.0,0.0,-6.639,0.0,0.0,-87.256,0.0,0.0,-69.686,0.0,0.0,0.0,0.0,0.0,-54.05,0.0,0.0
ILE 129,87.543,0.0,0.0,-10.226,0.0,0.0,-69.422,0.0,0.0,0.824,0.0,0.0,0.0,0.0,0.0,8.71900000000001,0.0,0.0
TYR 130,95.217,0.0,0.0,-15.075,0.0,0.0,-91.298,0.0,0.0,0.582,0.0,0.0,0.0,0.0,0.0,-10.574000000000005,0.0,0.0
LYS 131,145.329,0.0,0.0,-12.384,0.0,0.0,-165.853,0.0,0.0,32.754,0.0,0.0,0.0,0.0,0.0,-0.15400000000001768,0.0,0.0
ARG 132,-186.621,0.0,0.0,-9.526,0.0,0.0,38.871,0.0,0.0,-9.506,0.0,0.0,0.0,0.0,0.0,-166.782,0.0,0.0
TRP 133,126.875,0.0,0.0,-18.368,0.0,0.0,-95.777,0.0,0.0,-1.21,0.0,0.0,0.0,0.0,0.0,11.520000000000003,0.0,0.0
ILE 134,89.681,0.0,0.0,-12.669,0.0,0.0,-70.385,0.0,0.0,0.004,0.0,0.0,0.0,0.0,0.0,6.630999999999995,0.0,0.0
ILE 135,77.977,0.0,0.0,-7.409,0.0,0.0,-61.922,0.0,0.0,-0.244,0.0,0.0,0.0,0.0,0.0,8.402000000000001,0.0,0.0
LEU 136,70.309,0.0,0.0,-7.627,0.0,0.0,-74.018,0.0,0.0,1.869,0.0,0.0,0.0,0.0,0.0,-9.467000000000006,0.0,0.0
GLY 137,84.996,0.0,0.0,-6.345,0.0,0.0,-78.196,0.0,0.0,0.36,0.0,0.0,0.0,0.0,0.0,0.8149999999999983,0.0,0.0
LEU 138,60.581,0.0,0.0,-11.074,0.0,0.0,-64.212,0.0,0.0,-1.407,0.0,0.0,0.0,0.0,0.0,-16.112,0.0,0.0
ASN 139,50.985,0.0,0.0,-7.145,0.0,0.0,-96.39,0.0,0.0,-8.689,0.0,0.0,0.0,0.0,0.0,-61.239,0.0,0.0
LYS 140,136.772,0.0,0.0,-7.752,0.0,0.0,-134.336,0.0,0.0,5.063,0.0,0.0,0.0,0.0,0.0,-0.2530000000000312,0.0,0.0
ILE 141,91.552,0.0,0.0,-9.931,0.0,0.0,-74.412,0.0,0.0,-3.109,0.0,0.0,0.0,0.0,0.0,4.100000000000003,0.0,0.0
VAL 142,62.925,0.0,0.0,-8.534,0.0,0.0,-57.728,0.0,0.0,-4.041,0.0,0.0,0.0,0.0,0.0,-7.378000000000004,0.0,0.0
ARG 143,-199.998,0.0,0.0,-8.843,0.0,0.0,57.922,0.0,0.0,-17.432,0.0,0.0,0.0,0.0,0.0,-168.35099999999997,0.0,0.0
MET 144,90.938,0.0,0.0,-6.126,0.0,0.0,-72.736,0.0,0.0,-5.111,0.0,0.0,0.0,0.0,0.0,6.964999999999994,0.0,0.0
TYR 145,96.776,0.0,0.0,-5.322,0.0,0.0,-80.182,0.0,0.0,-13.663,0.0,0.0,0.0,0.0,0.0,-2.391000000000009,0.0,0.0
SER 146,74.53,0.0,0.0,-4.148,0.0,0.0,-42.288,0.0,0.0,-14.137,0.0,0.0,0.0,0.0,0.0,13.957000000000008,0.0,0.0
PRO 147,87.844,0.0,0.0,-4.852,0.0,0.0,-59.819,0.0,0.0,-5.56,0.0,0.0,0.0,0.0,0.0,17.61299999999999,0.0,0.0
THR 148,50.258,0.0,0.0,-4.743,0.0,0.0,-55.303,0.0,0.0,-3.431,0.0,0.0,0.0,0.0,0.0,-13.218999999999998,0.0,0.0
SER 149,63.773,0.0,0.0,-4.553,0.0,0.0,-50.775,0.0,0.0,-7.137,0.0,0.0,0.0,0.0,0.0,1.3080000000000078,0.0,0.0
ILE 150,80.733,0.0,0.0,-6.187,0.0,0.0,-56.952,0.0,0.0,-0.752,0.0,0.0,0.0,0.0,0.0,16.84200000000001,0.0,0.0
LEU 151,64.897,0.0,0.0,-4.747,0.0,0.0,-65.804,0.0,0.0,-2.618,0.0,0.0,0.0,0.0,0.0,-8.271999999999997,0.0,0.0
ASP 152,101.913,0.0,0.0,-4.519,0.0,0.0,-65.12,0.0,0.0,-97.654,0.0,0.0,0.0,0.0,0.0,-65.38000000000001,0.0,0.0
ILE 153,94.796,0.0,0.0,-7.608,0.0,0.0,-71.748,0.0,0.0,-1.687,0.0,0.0,0.0,0.0,0.0,13.752999999999998,0.0,0.0
ARG 154,-191.001,0.0,0.0,-7.208,0.0,0.0,26.439,0.0,0.0,3.204,0.0,0.0,0.0,0.0,0.0,-168.566,0.0,0.0
GLN 155,29.161,0.0,0.0,-13.21,0.0,0.0,-84.81,0.0,0.0,-1.831,0.0,0.0,0.0,0.0,0.0,-70.69000000000001,0.0,0.0
GLY 156,87.624,0.0,0.0,-2.602,0.0,0.0,-75.842,0.0,0.0,-3.703,0.0,0.0,0.0,0.0,0.0,5.476999999999993,0.0,0.0
PRO 157,90.138,0.0,0.0,-4.184,0.0,0.0,-55.72,0.0,0.0,-5.804,0.0,0.0,0.0,0.0,0.0,24.430000000000007,0.0,0.0
LYS 158,125.65,0.0,0.0,-3.711,0.0,0.0,-113.745,0.0,0.0,-9.859,0.0,0.0,0.0,0.0,0.0,-1.6649999999999974,0.0,0.0
GLU 159,113.587,0.0,0.0,-4.874,0.0,0.0,-108.299,0.0,0.0,-45.379,0.0,0.0,0.0,0.0,0.0,-44.964999999999996,0.0,0.0
PRO 160,78.38,0.0,0.0,-6.544,0.0,0.0,-57.292,0.0,0.0,-1.184,0.0,0.0,0.0,0.0,0.0,13.359999999999998,0.0,0.0
PHE 161,102.305,0.0,0.0,-13.473,0.0,0.0,-73.287,0.0,0.0,-0.878,0.0,0.0,0.0,0.0,0.0,14.667000000000002,0.0,0.0
ARG 162,-190.815,0.0,0.0,-10.561,0.0,0.0,2.568,0.0,0.0,30.569,0.0,0.0,0.0,0.0,0.0,-168.239,0.0,0.0
ASP 163,83.638,0.0,0.0,-8.014,0.0,0.0,-60.053,0.0,0.0,-88.808,0.0,0.0,0.0,0.0,0.0,-73.237,0.0,0.0
TYR 164,108.629,0.0,0.0,-19.349,0.0,0.0,-97.092,0.0,0.0,1.417,0.0,0.0,0.0,0.0,0.0,-6.394999999999998,0.0,0.0
VAL 165,50.638,0.0,0.0,-8.605,0.0,0.0,-56.235,0.0,0.0,1.866,0.0,0.0,0.0,0.0,0.0,-12.335999999999999,0.0,0.0
ASP 166,93.781,0.0,0.0,-8.525,0.0,0.0,-81.234,0.0,0.0,-62.581,0.0,0.0,0.0,0.0,0.0,-58.559,0.0,0.0
ARG 167,-187.058,0.0,0.0,-7.498,0.0,0.0,-7.951,0.0,0.0,22.74,0.0,0.0,0.0,0.0,0.0,-179.76699999999997,0.0,0.0
PHE 168,94.573,0.0,0.0,-16.195,0.0,0.0,-80.34,0.0,0.0,-0.267,0.0,0.0,0.0,0.0,0.0,-2.2290000000000174,0.0,0.0
TYR 169,100.47,0.0,0.0,-11.288,0.0,0.0,-91.288,0.0,0.0,-0.877,0.0,0.0,0.0,0.0,0.0,-2.9829999999999943,0.0,0.0
LYS 170,141.61,0.0,0.0,-7.409,0.0,0.0,-128.816,0.0,0.0,-6.952,0.0,0.0,0.0,0.0,0.0,-1.5669999999999806,0.0,0.0
THR 171,42.448,0.0,0.0,-8.289,0.0,0.0,-52.186,0.0,0.0,-4.526,0.0,0.0,0.0,0.0,0.0,-22.553,0.0,0.0
LEU 172,69.716,0.0,0.0,-8.952,0.0,0.0,-65.103,0.0,0.0,-3.998,0.0,0.0,0.0,0.0,0.0,-8.337,0.0,0.0
ARG 173,-202.481,0.0,0.0,-7.445,0.0,0.0,3.115,0.0,0.0,26.169,0.0,0.0,0.0,0.0,0.0,-180.64199999999997,0.0,0.0
ALA 174,82.869,0.0,0.0,-5.022,0.0,0.0,-76.447,0.0,0.0,-4.113,0.0,0.0,0.0,0.0,0.0,-2.713000000000009,0.0,0.0
GLU 175,104.876,0.0,0.0,-5.213,0.0,0.0,-44.716,0.0,0.0,-110.57,0.0,0.0,0.0,0.0,0.0,-55.62299999999998,0.0,0.0
GLN 176,28.39,0.0,0.0,-6.233,0.0,0.0,-66.284,0.0,0.0,-9.538,0.0,0.0,0.0,0.0,0.0,-53.665000000000006,0.0,0.0
ALA 177,95.51,0.0,0.0,-4.579,0.0,0.0,-82.552,0.0,0.0,-3.494,0.0,0.0,0.0,0.0,0.0,4.885000000000005,0.0,0.0
SER 178,76.636,0.0,0.0,-4.977,0.0,0.0,-64.552,0.0,0.0,-9.326,0.0,0.0,0.0,0.0,0.0,-2.2190000000000154,0.0,0.0
GLN 179,30.805,0.0,0.0,-4.904,0.0,0.0,-74.095,0.0,0.0,-8.431,0.0,0.0,0.0,0.0,0.0,-56.625,0.0,0.0
GLU 180,109.307,0.0,0.0,-4.707,0.0,0.0,-70.77,0.0,0.0,-95.14,0.0,0.0,0.0,0.0,0.0,-61.30999999999999,0.0,0.0
VAL 181,60.017,0.0,0.0,-7.612,0.0,0.0,-57.766,0.0,0.0,-2.72,0.0,0.0,0.0,0.0,0.0,-8.080999999999998,0.0,0.0
LYS 182,118.853,0.0,0.0,-9.53,0.0,0.0,-120.646,0.0,0.0,4.416,0.0,0.0,0.0,0.0,0.0,-6.907000000000007,0.0,0.0
ASN 183,21.447,0.0,0.0,-7.412,0.0,0.0,-83.414,0.0,0.0,-6.077,0.0,0.0,0.0,0.0,0.0,-75.456,0.0,0.0
TRP 184,128.275,0.0,0.0,-10.268,0.0,0.0,-92.417,0.0,0.0,-4.485,0.0,0.0,0.0,0.0,0.0,21.105000000000004,0.0,0.0
MET 185,101.812,0.0,0.0,-11.249,0.0,0.0,-85.551,0.0,0.0,-0.693,0.0,0.0,0.0,0.0,0.0,4.319000000000001,0.0,0.0
THR 186,43.143,0.0,0.0,-9.44,0.0,0.0,-57.395,0.0,0.0,1.207,0.0,0.0,0.0,0.0,0.0,-22.485,0.0,0.0
GLU 187,100.438,0.0,0.0,-7.831,0.0,0.0,-43.489,0.0,0.0,-111.389,0.0,0.0,0.0,0.0,0.0,-62.270999999999994,0.0,0.0
THR 188,46.338,0.0,0.0,-6.188,0.0,0.0,-51.024,0.0,0.0,-0.495,0.0,0.0,0.0,0.0,0.0,-11.369000000000002,0.0,0.0
LEU 189,66.466,0.0,0.0,-9.116,0.0,0.0,-65.262,0.0,0.0,0.585,0.0,0.0,0.0,0.0,0.0,-7.327000000000006,0.0,0.0
LEU 190,84.182,0.0,0.0,-10.798,0.0,0.0,-90.188,0.0,0.0,0.659,0.0,0.0,0.0,0.0,0.0,-16.145000000000003,0.0,0.0
VAL 191,51.002,0.0,0.0,-10.127,0.0,0.0,-54.998,0.0,0.0,0.59,0.0,0.0,0.0,0.0,0.0,-13.532999999999998,0.0,0.0
GLN 192,21.845,0.0,0.0,-9.142,0.0,0.0,-68.261,0.0,0.0,1.555,0.0,0.0,0.0,0.0,0.0,-54.00299999999999,0.0,0.0
ASN 193,18.549,0.0,0.0,-9.724,0.0,0.0,-83.986,0.0,0.0,-1.297,0.0,0.0,0.0,0.0,0.0,-76.458,0.0,0.0
ALA 194,93.736,0.0,0.0,-8.536,0.0,0.0,-82.432,0.0,0.0,3.885,0.0,0.0,0.0,0.0,0.0,6.6530000000000005,0.0,0.0
ASN 195,35.147,0.0,0.0,-7.779,0.0,0.0,-85.009,0.0,0.0,-2.155,0.0,0.0,0.0,0.0,0.0,-59.79600000000001,0.0,0.0
PRO 196,81.618,0.0,0.0,-4.198,0.0,0.0,-62.991,0.0,0.0,-0.988,0.0,0.0,0.0,0.0,0.0,13.440999999999988,0.0,0.0
ASP 197,85.186,0.0,0.0,-5.798,0.0,0.0,-50.785,0.0,0.0,-96.915,0.0,0.0,0.0,0.0,0.0,-68.312,0.0,0.0
CYX 198,98.572,0.0,0.0,-9.337,0.0,0.0,-76.885,0.0,0.0,-1.44,0.0,0.0,0.0,0.0,0.0,10.909999999999995,0.0,0.0
LYS 199,141.068,0.0,0.0,-10.529,0.0,0.0,-118.862,0.0,0.0,-13.552,0.0,0.0,0.0,0.0,0.0,-1.8749999999999787,0.0,0.0
THR 200,55.574,0.0,0.0,-5.489,0.0,0.0,-68.507,0.0,0.0,0.751,0.0,0.0,0.0,0.0,0.0,-17.671000000000003,0.0,0.0
ILE 201,80.084,0.0,0.0,-8.545,0.0,0.0,-58.229,0.0,0.0,-0.111,0.0,0.0,0.0,0.0,0.0,13.199000000000002,0.0,0.0
LEU 202,74.165,0.0,0.0,-12.588,0.0,0.0,-68.391,0.0,0.0,-4.47,0.0,0.0,0.0,0.0,0.0,-11.283999999999999,0.0,0.0
LYS 203,125.981,0.0,0.0,-7.935,0.0,0.0,-97.133,0.0,0.0,-21.661,0.0,0.0,0.0,0.0,0.0,-0.7480000000000047,0.0,0.0
ALA 204,83.756,0.0,0.0,-3.85,0.0,0.0,-74.532,0.0,0.0,-3.863,0.0,0.0,0.0,0.0,0.0,1.5110000000000094,0.0,0.0
LEU 205,82.003,0.0,0.0,-7.71,0.0,0.0,-75.342,0.0,0.0,-5.053,0.0,0.0,0.0,0.0,0.0,-6.101999999999992,0.0,0.0
GLY 206,87.281,0.0,0.0,-2.414,0.0,0.0,-71.35,0.0,0.0,-7.819,0.0,0.0,0.0,0.0,0.0,5.69800000000001,0.0,0.0
PRO 207,81.322,0.0,0.0,-1.981,0.0,0.0,-49.453,0.0,0.0,-9.94,0.0,0.0,0.0,0.0,0.0,19.948000000000008,0.0,0.0
GLY 208,65.429,0.0,0.0,-2.521,0.0,0.0,-60.974,0.0,0.0,-5.169,0.0,0.0,0.0,0.0,0.0,-3.234999999999995,0.0,0.0
ALA 209,96.652,0.0,0.0,-4.878,0.0,0.0,-85.497,0.0,0.0,-0.274,0.0,0.0,0.0,0.0,0.0,6.003000000000001,0.0,0.0
THR 210,47.948,0.0,0.0,-2.804,0.0,0.0,-57.888,0.0,0.0,-2.736,0.0,0.0,0.0,0.0,0.0,-15.48,0.0,0.0
LEU 211,62.895,0.0,0.0,-8.134,0.0,0.0,-67.82,0.0,0.0,-3.073,0.0,0.0,0.0,0.0,0.0,-16.13199999999999,0.0,0.0
GLU 212,104.798,0.0,0.0,-5.696,0.0,0.0,-54.111,0.0,0.0,-108.889,0.0,0.0,0.0,0.0,0.0,-63.89799999999999,0.0,0.0
GLU 213,101.005,0.0,0.0,-4.958,0.0,0.0,-44.242,0.0,0.0,-111.027,0.0,0.0,0.0,0.0,0.0,-59.222,0.0,0.0
MET 214,93.089,0.0,0.0,-13.229,0.0,0.0,-76.08,0.0,0.0,-1.023,0.0,0.0,0.0,0.0,0.0,2.7570000000000014,0.0,0.0
MET 215,103.344,0.0,0.0,-9.321,0.0,0.0,-83.824,0.0,0.0,-1.225,0.0,0.0,0.0,0.0,0.0,8.973999999999998,0.0,0.0
THR 216,33.917,0.0,0.0,-5.684,0.0,0.0,-40.257,0.0,0.0,-6.458,0.0,0.0,0.0,0.0,0.0,-18.482,0.0,0.0
ALA 217,79.9,0.0,0.0,-6.366,0.0,0.0,-65.16,0.0,0.0,-1.907,0.0,0.0,0.0,0.0,0.0,6.467000000000009,0.0,0.0
CYX 218,94.851,0.0,0.0,-7.172,0.0,0.0,-77.265,0.0,0.0,-1.795,0.0,0.0,0.0,0.0,0.0,8.619000000000002,0.0,0.0
GLN 219,39.791,0.0,0.0,-4.672,0.0,0.0,-67.964,0.0,0.0,-17.795,0.0,0.0,0.0,0.0,0.0,-50.64,0.0,0.0
GLY 220,97.378,0.0,0.0,-1.686,0.0,0.0,-82.276,0.0,0.0,-6.468,0.0,0.0,0.0,0.0,0.0,6.948000000000011,0.0,0.0
VAL 221,32.116,0.0,0.0,-4.44,0.0,0.0,-15.937,0.0,0.0,-110.384,0.0,0.0,0.0,0.0,0.0,-98.645,0.0,0.0

Receptor:
Total Energy Decomposition:
Residue,Internal,,,van der Waals,,,Electrostatic,,,Polar Solvation,,,Non-Polar Solv.,,,TOTAL,,
,Avg.,Std. Dev.,Std. Err. of Mean,Avg.,Std. Dev.,Std. Err. of Mean,Avg.,Std. Dev.,Std. Err. of Mean,Avg.,Std. Dev.,Std. Err. of Mean,Avg.,Std. Dev.,Std. Err. of Mean,Avg.,Std. Dev.,Std. Err. of Mean
PRO   1,98.122,0.0,0.0,-8.234,0.0,0.0,-104.584,0.0,0.0,9.886,0.0,0.0,0.0,0.0,0.0,-4.809999999999999,0.0,0.0
ILE   2,99.076,0.0,0.0,-9.093,0.0,0.0,-71.899,0.0,0.0,-3.354,0.0,0.0,0.0,0.0,0.0,14.72999999999999,0.0,0.0
VAL   3,48.946,0.0,0.0,-4.28,0.0,0.0,-55.61,0.0,0.0,-0.375,0.0,0.0,0.0,0.0,0.0,-11.319000000000003,0.0,0.0
GLN   4,25.711,0.0,0.0,-4.981,0.0,0.0,-63.854,0.0,0.0,-11.012,0.0,0.0,0.0,0.0,0.0,-54.136,0.0,0.0
ASN   5,34.423,0.0,0.0,-5.015,0.0,0.0,-73.543,0.0,0.0,-14.268,0.0,0.0,0.0,0.0,0.0,-58.403000000000006,0.0,0.0
LEU   6,74.304,0.0,0.0,-2.961,0.0,0.0,-68.862,0.0,0.0,-8.723,0.0,0.0,0.0,0.0,0.0,-6.241999999999992,0.0,0.0
GLN   7,32.959,0.0,0.0,-4.454,0.0,0.0,-67.64,0.0,0.0,-17.505,0.0,0.0,0.0,0.0,0.0,-56.64,0.0,0.0
GLY   8,75.441,0.0,0.0,-2.743,0.0,0.0,-71.198,0.0,0.0,-5.895,0.0,0.0,0.0,0.0,0.0,-4.394999999999985,0.0,0.0
GLN   9,38.579,0.0,0.0,-6.954,0.0,0.0,-74.744,0.0,0.0,-12.017,0.0,0.0,0.0,0.0,0.0,-55.135999999999996,0.0,0.0
MET  10,99.991,0.0,0.0,-10.216,0.0,0.0,-76.687,0.0,0.0,-3.995,0.0,0.0,0.0,0.0,0.0,9.093000000000007,0.0,0.0
VAL  11,51.734,0.0,0.0,-4.536,5.960464477539063e-08,5.960464477539063e-08,-53.113,0.0,0.0,-2.44,0.0,0.0,0.0,0.0,0.0,-8.354999999999999,0.0,0.0
HID  12,93.896,0.0,0.0,-10.362,0.0,0.0,-63.96,0.0,0.0,-4.586,0.0,0.0,0.0,0.0,0.0,14.988000000000005,0.0,0.0
GLN  13,31.491,0.0,0.0,-5.215,0.0,0.0,-70.477,0.0,0.0,-12.532,0.0,0.0,0.0,0.0,0.0,-56.733000000000004,0.0,0.0
ALA  14,96.33,0.0,0.0,-3.787,0.0,0.0,-81.388,0.0,0.0,-2.735,0.0,0.0,0.0,0.0,0.0,8.419999999999987,0.0,0.0
ILE  15,92.584,0.0,0.0,-5.735,0.0,0.0,-73.28,0.0,0.0,-3.17,0.0,0.0,0.0,0.0,0.0,10.399000000000003,0.0,0.0
SER  16,75.855,0.0,0.0,-4.884,0.0,0.0,-55.149,0.0,0.0,-7.064,0.0,0.0,0.0,0.0,0.0,8.758000000000003,0.0,0.0
PRO  17,91.314,0.0,0.0,-5.434,0.0,0.0,-60.291,0.0,0.0,-2.48,0.0,0.0,0.0,0.0,0.0,23.108999999999998,0.0,0.0
ARG  18,-186.305,0.0,0.0,-7.224,0.0,0.0,61.667,0.0,0.0,-39.891,0.0,0.0,0.0,0.0,0.0,-171.753,0.0,0.0
THR  19,52.126,0.0,0.0,-7.836,0.0,0.0,-55.839,0.0,0.0,-4.227,0.0,0.0,0.0,0.0,0.0,-15.776,0.0,0.0
LEU  20,61.833,0.0,0.0,-9.62,0.0,0.0,-56.546,0.0,0.0,-2.507,0.0,0.0,0.0,0.0,0.0,-6.839999999999998,0.0,0.0
ASN  21,35.082,0.0,0.0,-7.129,0.0,0.0,-91.246,0.0,0.0,-7.634,0.0,0.0,0.0,0.0,0.0,-70.92699999999999,0.0,0.0
ALA  22,92.052,0.0,0.0,-5.865,0.0,0.0,-81.099,0.0,0.0,-1.36,0.0,0.0,0.0,0.0,0.0,3.7280000000000078,0.0,0.0
TRP  23,135.314,0.0,0.0,-19.428,0.0,0.0,-96.194,0.0,0.0,-1.06,0.0,0.0,0.0,0.0,0.0,18.631999999999994,0.0,0.0
VAL  24,67.981,0.0,0.0,-7.69,0.0,0.0,-55.818,0.0,0.0,-3.447,0.0,0.0,0.0,0.0,0.0,1.025999999999999,0.0,0.0
LYS  25,133.862,0.0,0.0,-7.472,0.0,0.0,-98.418,0.0,0.0,-30.805,0.0,0.0,0.0,0.0,0.0,-2.8330000000000055,0.0,0.0
VAL  26,65.132,0.0,0.0,-8.417,0.0,0.0,-67.957,0.0,0.0,-1.706,0.0,0.0,0.0,0.0,0.0,-12.94799999999999,0.0,0.0
VAL  27,42.857,0.0,0.0,-9.765,0.0,0.0,-50.394,0.0,0.0,-1.262,0.0,0.0,0.0,0.0,0.0,-18.564,0.0,0.0
GLU  28,96.957,0.0,0.0,-6.954,0.0,0.0,-57.47,0.0,0.0,-94.011,0.0,0.0,0.0,0.0,0.0,-61.477999999999994,0.0,0.0
GLU  29,105.416,0.0,0.0,-3.309,0.0,0.0,-69.501,0.0,0.0,-93.387,0.0,0.0,0.0,0.0,0.0,-60.781000000000006,0.0,0.0
LYS  30,121.408,0.0,0.0,-7.485,0.0,0.0,-122.083,0.0,0.0,-0.091,0.0,0.0,0.0,0.0,0.0,-8.250999999999996,0.0,0.0
ALA  31,88.211,0.0,0.0,-4.137,0.0,0.0,-76.716,0.0,0.0,-2.449,0.0,0.0,0.0,0.0,0.0,4.909000000000004,0.0,0.0
PHE  32,105.759,0.0,0.0,-8.391,0.0,0.0,-78.212,0.0,0.0,-2.254,0.0,0.0,0.0,0.0,0.0,16.90199999999999,0.0,0.0
SER  33,82.071,0.0,0.0,-4.065,0.0,0.0,-64.552,0.0,0.0,-2.829,0.0,0.0,0.0,0.0,0.0,10.624999999999993,0.0,0.0
PRO  34,79.944,0.0,0.0,-5.255,0.0,0.0,-56.317,0.0,0.0,-2.265,0.0,0.0,0.0,0.0,0.0,16.107000000000006,0.0,0.0
GLU  35,105.18,0.0,0.0,-4.218,0.0,0.0,-112.645,0.0,0.0,-47.015,0.0,0.0,0.0,0.0,0.0,-58.69799999999999,0.0,0.0
VAL  36,54.566,0.0,0.0,-8.628,0.0,0.0,-60.278,0.0,0.0,0.316,0.0,0.0,0.0,0.0,0.0,-14.023999999999996,0.0,0.0
ILE  37,98.458,0.0,0.0,-7.201,0.0,0.0,-59.133,0.0,0.0,-0.931,0.0,0.0,0.0,0.0,0.0,31.193,0.0,0.0
PRO  38,88.255,0.0,0.0,-5.12,0.0,0.0,-59.543,0.0,0.0,-2.541,0.0,0.0,0.0,0.0,0.0,21.05099999999999,0.0,0.0
MET  39,87.754,0.0,0.0,-8.492,0.0,0.0,-72.979,0.0,0.0,-0.721,0.0,0.0,0.0,0.0,0.0,5.562000000000001,0.0,0.0
PHE  40,106.278,0.0,0.0,-14.111,0.0,0.0,-81.939,0.0,0.0,-1.1,0.0,0.0,0.0,0.0,0.0,9.128000000000009,0.0,0.0
SER  41,62.288,0.0,0.0,-7.168,0.0,0.0,-45.238,0.0,0.0,-9.398,0.0,0.0,0.0,0.0,0.0,0.4839999999999982,0.0,0.0
ALA  42,84.346,0.0,0.0,-5.057,0.0,0.0,-67.18,0.0,0.0,-4.48,0.0,0.0,0.0,0.0,0.0,7.628999999999994,0.0,0.0
LEU  43,80.712,0.0,0.0,-9.541,0.0,0.0,-77.019,0.0,0.0,-2.124,0.0,0.0,0.0,0.0,0.0,-7.9719999999999995,0.0,0.0
SER  44,75.378,0.0,0.0,-6.213,0.0,0.0,-78.612,0.0,0.0,0.036,0.0,0.0,0.0,0.0,0.0,-9.410999999999989,0.0,0.0
GLU  45,103.64,0.0,0.0,-6.373,0.0,0.0,-70.378,0.0,0.0,-84.146,0.0,0.0,0.0,0.0,0.0,-57.257000000000005,0.0,0.0
GLY  46,68.031,0.0,0.0,-4.031,0.0,0.0,-70.284,0.0,0.0,1.693,0.0,0.0,0.0,0.0,0.0,-4.591000000000006,0.0,0.0
ALA  47,98.597,0.0,0.0,-6.507,0.0,0.0,-83.459,0.0,0.0,-1.902,0.0,0.0,0.0,0.0,0.0,6.728999999999986,0.0,0.0
THR  48,56.572,0.0,0.0,-5.437,0.0,0.0,-64.696,0.0,0.0,0.531,0.0,0.0,0.0,0.0,0.0,-13.029999999999992,0.0,0.0
PRO  49,78.355,0.0,0.0,-11.35,0.0,0.0,-56.026,0.0,0.0,0.539,0.0,0.0,0.0,0.0,0.0,11.518000000000006,0.0,0.0
GLN  50,31.188,0.0,0.0,-8.888,0.0,0.0,-68.474,0.0,0.0,-9.327,0.0,0.0,0.0,0.0,0.0,-55.501000000000005,0.0,0.0
ASP  51,91.906,0.0,0.0,-7.582,0.0,0.0,-126.726,0.0,0.0,-18.447,0.0,0.0,0.0,0.0,0.0,-60.84899999999999,0.0,0.0
LEU  52,66.683,0.0,0.0,-11.039,0.0,0.0,-70.524,0.0,0.0,0.922,0.0,0.0,0.0,0.0,0.0,-13.957999999999995,0.0,0.0
ASN  53,35.986,0.0,0.0,-6.896,0.0,0.0,-102.182,0.0,0.0,-3.159,0.0,0.0,0.0,0.0,0.0,-76.25100000000002,0.0,0.0
THR  54,49.107,0.0,0.0,-6.399,0.0,0.0,-63.931,0.0,0.0,-1.031,0.0,0.0,0.0,0.0,0.0,-22.253999999999998,0.0,0.0
MET  55,82.91,0.0,0.0,-13.626,0.0,0.0,-68.91,0.0,0.0,-0.412,0.0,0.0,0.0,0.0,0.0,-0.03800000000000475,0.0,0.0
LEU  56,66.054,0.0,0.0,-10.45,0.0,0.0,-67.325,0.0,0.0,-1.149,0.0,0.0,0.0,0.0,0.0,-12.870000000000005,0.0,0.0
ASN  57,44.263,0.0,0.0,-6.813,0.0,0.0,-99.433,0.0,0.0,-10.681,0.0,0.0,0.0,0.0,0.0,-72.66400000000002,0.0,0.0
THR  58,59.681,0.0,0.0,-7.547,0.0,0.0,-65.148,0.0,0.0,-2.311,0.0,0.0,0.0,0.0,0.0,-15.324999999999996,0.0,0.0
VAL  59,37.721,0.0,0.0,-9.661,0.0,0.0,-37.242,0.0,0.0,-0.198,0.0,0.0,0.0,0.0,0.0,-9.380000000000003,0.0,0.0
ALA  60,87.836,0.0,0.0,-4.046,0.0,0.0,-64.344,0.0,0.0,-1.105,0.0,0.0,0.0,0.0,0.0,18.340999999999998,0.0,0.0
PRO  61,80.849,0.0,0.0,-4.998,0.0,0.0,-59.924,0.0,0.0,-1.465,0.0,0.0,0.0,0.0,0.0,14.462,0.0,0.0
HID  62,99.93,0.0,0.0,-7.911,0.0,0.0,-67.947,0.0,0.0,-9.188,0.0,0.0,0.0,0.0,0.0,14.884000000000002,0.0,0.0
GLN  63,28.413,0.0,0.0,-4.833,0.0,0.0,-67.142,0.0,0.0,-11.281,0.0,0.0,0.0,0.0,0.0,-54.842999999999996,0.0,0.0
ALA  64,84.673,0.0,0.0,-3.845,0.0,0.0,-68.69,0.0,0.0,-3.958,0.0,0.0,0.0,0.0,0.0,8.180000000000005,0.0,0.0
ALA  65,87.319,0.0,0.0,-6.382,0.0,0.0,-76.692,0.0,0.0,-1.247,0.0,0.0,0.0,0.0,0.0,2.9980000000000047,0.0,0.0
ALA  66,92.716,0.0,0.0,-6.202,0.0,0.0,-83.102,0.0,0.0,-0.676,0.0,0.0,0.0,0.0,0.0,2.7359999999999918,0.0,0.0
GLN  67,38.808,0.0,0.0,-7.203,0.0,0.0,-80.641,0.0,0.0,-6.486,0.0,0.0,0.0,0.0,0.0,-55.522,0.0,0.0
MET  68,94.06,0.0,0.0,-8.904,0.0,0.0,-75.734,0.0,0.0,-1.26,0.0,0.0,0.0,0.0,0.0,8.162000000000011,0.0,0.0
LEU  69,84.239,0.0,0.0,-11.356,0.0,0.0,-81.729,0.0,0.0,-1.421,0.0,0.0,0.0,0.0,0.0,-10.266999999999989,0.0,0.0
LYS  70,127.755,0.0,0.0,-7.627,0.0,0.0,-108.621,0.0,0.0,-18.537,0.0,0.0,0.0,0.0,0.0,-7.029999999999994,0.0,0.0
GLU  71,109.992,0.0,0.0,-6.863,0.0,0.0,-83.285,0.0,0.0,-82.437,0.0,0.0,0.0,0.0,0.0,-62.59299999999999,0.0,0.0
THR  72,43.47,0.0,0.0,-7.362,0.0,0.0,-59.626,0.0,0.0,-1.909,0.0,0.0,0.0,0.0,0.0,-25.427,0.0,0.0
ILE  73,74.444,0.0,0.0,-9.641,0.0,0.0,-51.456,0.0,0.0,-2.15,0.0,0.0,0.0,0.0,0.0,11.196999999999994,0.0,0.0
ASN  74,20.685,0.0,0.0,-6.852,0.0,0.0,-78.578,0.0,0.0,-9.296,0.0,0.0,0.0,0.0,0.0,-74.041,0.0,0.0
GLU  75,107.911,0.0,0.0,-4.42,0.0,0.0,-76.196,0.0,0.0,-85.118,0.0,0.0,0.0,0.0,0.0,-57.82299999999999,0.0,0.0
GLU  76,102.235,0.0,0.0,-10.237,0.0,0.0,-64.245,0.0,0.0,-87.552,0.0,0.0,0.0,0.0,0.0,-59.79900000000001,0.0,0.0
ALA  77,82.364,0.0,0.0,-7.833,0.0,0.0,-70.051,0.0,0.0,-2.535,0.0,0.0,0.0,0.0,0.0,1.9450000000000038,0.0,0.0
ALA  78,93.193,0.0,0.0,-6.61,0.0,0.0,-85.82,0.0,0.0,0.554,0.0,0.0,0.0,0.0,0.0,1.3170000000000053,0.0,0.0
GLU  79,106.799,0.0,0.0,-7.305,0.0,0.0,-74.443,0.0,0.0,-89.614,0.0,0.0,0.0,0.0,0.0,-64.563,0.0,0.0
TRP  80,115.846,0.0,0.0,-16.179,0.0,0.0,-87.698,0.0,0.0,-1.568,0.0,0.0,0.0,0.0,0.0,10.401000000000009,0.0,0.0
ASP  81,104.985,0.0,0.0,-8.041,0.0,0.0,-91.1,0.0,0.0,-57.258,0.0,0.0,0.0,0.0,0.0,-51.413999999999994,0.0,0.0
ARG  82,-182.462,0.0,0.0,-6.405,0.0,0.0,-21.847,0.0,0.0,43.4,0.0,0.0,0.0,0.0,0.0,-167.314,0.0,0.0
LEU  83,68.119,0.0,0.0,-5.598,0.0,0.0,-75.251,0.0,0.0,-2.334,0.0,0.0,0.0,0.0,0.0,-15.064000000000004,0.0,0.0
HID  84,113.27,0.0,0.0,-8.022,0.0,0.0,-73.948,0.0,0.0,-8.651,0.0,0.0,0.0,0.0,0.0,22.648999999999997,0.0,0.0
PRO  85,90.524,0.0,0.0,-3.349,0.0,0.0,-62.622,0.0,0.0,-7.252,0.0,0.0,0.0,0.0,0.0,17.301,0.0,0.0
VAL  86,48.788,0.0,0.0,-3.306,0.0,0.0,-47.483,0.0,0.0,-6.936,0.0,0.0,0.0,0.0,0.0,-8.936999999999998,0.0,0.0
HID  87,86.765,0.0,0.0,-5.989,0.0,0.0,-53.077,0.0,0.0,-10.423,0.0,0.0,0.0,0.0,0.0,17.275999999999996,0.0,0.0
ALA  88,90.879,0.0,0.0,-2.17,0.0,0.0,-72.799,0.0,0.0,-8.8,0.0,0.0,0.0,0.0,0.0,7.109999999999996,0.0,0.0
GLY  89,92.272,0.0,0.0,-1.341,0.0,0.0,-73.027,0.0,0.0,-6.619,0.0,0.0,0.0,0.0,0.0,11.28500000000001,0.0,0.0
PRO  90,88.269,0.0,0.0,-3.073,0.0,0.0,-58.037,0.0,0.0,-6.59,0.0,0.0,0.0,0.0,0.0,20.569000000000013,0.0,0.0
ILE  91,77.592,0.0,0.0,-5.076,0.0,0.0,-56.557,0.0,0.0,-3.686,0.0,0.0,0.0,0.0,0.0,12.273000000000003,0.0,0.0
ALA  92,91.545,0.0,0.0,-3.019,0.0,0.0,-67.92,0.0,0.0,-4.047,0.0,0.0,0.0,0.0,0.0,16.558999999999994,0.0,0.0
PRO  93,86.059,0.0,0.0,-1.756,0.0,0.0,-56.896,0.0,0.0,-6.449,0.0,0.0,0.0,0.0,0.0,20.958,0.0,0.0
GLY  94,70.761,0.0,0.0,-1.704,0.0,0.0,-64.73,0.0,0.0,-7.086,0.0,0.0,0.0,0.0,0.0,-2.759000000000002,0.0,0.0
GLN  95,36.197,0.0,0.0,-6.749,0.0,0.0,-76.011,0.0,0.0,-11.531,0.0,0.0,0.0,0.0,0.0,-58.09399999999999,0.0,0.0
MET  96,107.136,0.0,0.0,-10.281,0.0,0.0,-75.709,0.0,0.0,-7.871,0.0,0.0,0.0,0.0,0.0,13.274999999999986,0.0,0.0
ARG  97,-194.911,0.0,0.0,-5.061,0.0,0.0,-11.791,0.0,0.0,26.002,0.0,0.0,0.0,0.0,0.0,-185.761,0.0,0.0
GLU  98,107.109,0.0,0.0,-5.481,0.0,0.0,-55.36,0.0,0.0,-99.397,0.0,0.0,0.0,0.0,0.0,-53.129000000000005,0.0,0.0
PRO  99,90.446,0.0,0.0,-9.773,0.0,0.0,-60.699,0.0,0.0,-3.763,0.0,0.0,0.0,0.0,0.0,16.211000000000006,0.0,0.0
ARG 100,-185.924,0.0,0.0,-8.218,0.0,0.0,9.194,0.0,0.0,16.101,0.0,0.0,0.0,0.0,0.0,-168.847,0.0,0.0
GLY 101,81.408,0.0,0.0,-5.979,0.0,0.0,-82.772,0.0,0.0,0.961,0.0,0.0,0.0,0.0,0.0,-6.382000000000003,0.0,0.0
SER 102,65.245,0.0,0.0,-5.517,0.0,0.0,-63.692,0.0,0.0,-2.428,0.0,0.0,0.0,0.0,0.0,-6.391999999999999,0.0,0.0
ASP 103,90.635,0.0,0.0,-4.975,0.0,0.0,-113.715,0.0,0.0,-29.968,0.0,0.0,0.0,0.0,0.0,-58.022999999999996,0.0,0.0
ILE 104,80.061,0.0,0.0,-13.031,0.0,0.0,-58.995,0.0,0.0,0.777,0.0,0.0,0.0,0.0,0.0,8.812000000000003,0.0,0.0
ALA 105,84.535,0.0,0.0,-6.572,0.0,0.0,-77.279,0.0,0.0,-0.864,0.0,0.0,0.0,0.0,0.0,-0.1800000000000025,0.0,0.0
GLY 106,89.36,0.0,0.0,-5.797,0.0,0.0,-84.786,0.0,0.0,-3.203,0.0,0.0,0.0,0.0,0.0,-4.425999999999998,0.0,0.0
THR 107,57.58,0.0,0.0,-5.582,0.0,0.0,-55.499,0.0,0.0,-6.882,0.0,0.0,0.0,0.0,0.0,-10.383000000000004,0.0,0.0
THR 108,40.89,0.0,0.0,-0.426,0.0,0.0,-57.682,0.0,0.0,-3.73,0.0,0.0,0.0,0.0,0.0,-20.948000000000004,0.0,0.0
SER 109,79.413,0.0,0.0,-6.676,0.0,0.0,-72.043,0.0,0.0,-2.408,0.0,0.0,0.0,0.0,0.0,-1.7140000000000115,0.0,0.0
THR 110,34.008,0.0,0.0,-7.16,0.0,0.0,-33.729,0.0,0.0,-8.052,0.0,0.0,0.0,0.0,0.0,-14.932999999999996,0.0,0.0
LEU 111,65.847,0.0,0.0,-10.187,0.0,0.0,-62.042,0.0,0.0,-4.65,0.0,0.0,0.0,0.0,0.0,-11.032000000000005,0.0,0.0
GLN 112,38.081,0.0,0.0,-6.511,0.0,0.0,-73.508,0.0,0.0,-13.622,0.0,0.0,0.0,0.0,0.0,-55.55999999999999,0.0,0.0
GLU 113,108.005,0.0,0.0,-9.966,0.0,0.0,-97.951,0.0,0.0,-50.378,0.0,0.0,0.0,0.0,0.0,-50.28999999999999,0.0,0.0
GLN 114,42.077,0.0,0.0,-13.286,0.0,0.0,-86.52,0.0,0.0,1.076,0.0,0.0,0.0,0.0,0.0,-56.653,0.0,0.0
ILE 115,85.106,0.0,0.0,-9.862,0.0,0.0,-67.518,0.0,0.0,-1.252,0.0,0.0,0.0,0.0,0.0,6.473999999999999,0.0,0.0
GLY 116,75.605,0.0,0.0,-5.19,0.0,0.0,-73.946,0.0,0.0,-1.435,0.0,0.0,0.0,0.0,0.0,-4.965999999999992,0.0,0.0
TRP 117,124.911,0.0,0.0,-20.068,0.0,0.0,-92.203,0.0,0.0,-0.292,0.0,0.0,0.0,0.0,0.0,12.348,0.0,0.0
MET 118,101.59,0.0,0.0,-10.738,0.0,0.0,-82.048,0.0,0.0,-3.072,0.0,0.0,0.0,0.0,0.0,5.732000000000002,0.0,0.0
THR 119,24.588,0.0,0.0,-5.196,0.0,0.0,-38.264,0.0,0.0,-2.897,0.0,0.0,0.0,0.0,0.0,-21.769,0.0,0.0
HID 120,91.624,0.0,0.0,-11.067,0.0,0.0,-60.521,0.0,0.0,-5.343,0.0,0.0,0.0,0.0,0.0,14.692999999999987,0.0,0.0
ASN 121,32.437,0.0,0.0,-4.43,0.0,0.0,-71.093,0.0,0.0,-13.779,0.0,0.0,0.0,0.0,0.0,-56.86500000000001,0.0,0.0
PRO 122,92.094,0.0,0.0,-4.533,0.0,0.0,-59.807,0.0,0.0,-2.524,0.0,0.0,0.0,0.0,0.0,25.22999999999999,0.0,0.0
PRO 123,84.414,0.0,0.0,-6.557,0.0,0.0,-57.522,0.0,0.0,-3.747,0.0,0.0,0.0,0.0,0.0,16.588,0.0,0.0
ILE 124,101.094,0.0,0.0,-7.269,0.0,0.0,-66.788,0.0,0.0,-0.576,0.0,0.0,0.0,0.0,0.0,26.46099999999999,0.0,0.0
PRO 125,89.798,0.0,0.0,-6.664,0.0,0.0,-66.08,0.0,0.0,-0.352,0.0,0.0,0.0,0.0,0.0,16.702,0.0,0.0
VAL 126,53.689,0.0,0.0,-11.481,0.0,0.0,-55.553,0.0,0.0,0.457,0.0,0.0,0.0,0.0,0.0,-12.887999999999998,0.0,0.0
GLY 127,70.757,0.0,0.0,-5.44,0.0,0.0,-73.007,0.0,0.0,0.359,0.0,0.0,0.0,0.0,0.0,-7.330999999999998,0.0,0.0
GLU 128,109.531,0.0,0.0,-6.639,0.0,0.0,-92.35,0.0,0.0,-64.586,0.0,0.0,0.0,0.0,0.0,-54.04399999999998,0.0,0.0
ILE 129,87.543,0.0,0.0,-10.226,0.0,0.0,-69.527,0.0,0.0,0.93,0.0,0.0,0.0,0.0,0.0,8.720000000000006,0.0,0.0
TYR 130,95.217,0.0,0.0,-15.074,0.0,0.0,-91.442,0.0,0.0,0.725,0.0,0.0,0.0,0.0,0.0,-10.573999999999993,0.0,0.0
LYS 131,145.329,0.0,0.0,-12.383,0.0,0.0,-160.832,0.0,0.0,27.719,0.0,0.0,0.0,0.0,0.0,-0.1669999999999945,0.0,0.0
ARG 132,-186.621,0.0,0.0,-9.525,0.0,0.0,45.347,0.0,0.0,-15.958,0.0,0.0,0.0,0.0,0.0,-166.757,0.0,0.0
TRP 133,126.875,0.0,0.0,-18.367,0.0,0.0,-95.948,0.0,0.0,-1.045,0.0,0.0,0.0,0.0,0.0,11.515000000000002,0.0,0.0
ILE 134,89.681,0.0,0.0,-12.667,0.0,0.0,-70.602,0.0,0.0,0.216,0.0,0.0,0.0,0.0,0.0,6.627999999999992,0.0,0.0
ILE 135,77.977,0.0,0.0,-7.407,0.0,0.0,-62.166,0.0,0.0,-0.007,0.0,0.0,0.0,0.0,0.0,8.397000000000011,0.0,0.0
LEU 136,70.309,0.0,0.0,-7.625,0.0,0.0,-74.316,0.0,0.0,2.157,0.0,0.0,0.0,0.0,0.0,-9.475000000000005,0.0,0.0
GLY 137,84.996,0.0,0.0,-6.343,0.0,0.0,-78.558,0.0,0.0,0.712,0.0,0.0,0.0,0.0,0.0,0.8069999999999846,0.0,0.0
LEU 138,60.581,0.0,0.0,-11.066,0.0,0.0,-64.73,0.0,0.0,-0.902,0.0,0.0,0.0,0.0,0.0,-16.117000000000004,0.0,0.0
ASN 139,50.985,0.0,0.0,-7.14,0.0,0.0,-97.113,0.0,0.0,-7.986,0.0,0.0,0.0,0.0,0.0,-61.254,0.0,0.0
LYS 140,136.772,0.0,0.0,-7.746,0.0,0.0,-126.366,0.0,0.0,-2.845,0.0,0.0,0.0,0.0,0.0,-0.18500000000001782,0.0,0.0
ILE 141,91.552,0.0,0.0,-9.903,0.0,0.0,-75.363,0.0,0.0,-2.206,0.0,0.0,0.0,0.0,0.0,4.080000000000002,0.0,0.0
VAL 142,62.925,0.0,0.0,-8.511,0.0,0.0,-58.796,0.0,0.0,-3.018,0.0,0.0,0.0,0.0,0.0,-7.399999999999998,0.0,0.0
ARG 143,-199.998,0.0,0.0,-8.832,0.0,0.0,67.691,0.0,0.0,-27.082,0.0,0.0,0.0,0.0,0.0,-168.22099999999998,0.0,0.0
MET 144,90.938,0.0,0.0,-6.08,0.0,0.0,-73.222,0.0,0.0,-4.615,0.0,0.0,0.0,0.0,0.0,7.02100000000001,0.0,0.0
TYR 145,96.776,0.0,0.0,-5.251,0.0,0.0,-81.048,0.0,0.0,-12.81,0.0,0.0,0.0,0.0,0.0,-2.333000000000011,0.0,0.0
SER 146,74.53,0.0,0.0,-3.566,0.0,0.0,-43.334,0.0,0.0,-14.365,0.0,0.0,0.0,0.0,0.0,13.264999999999995,0.0,0.0
PRO 147,87.844,0.0,0.0,-4.642,0.0,0.0,-60.876,0.0,0.0,-4.517,0.0,0.0,0.0,0.0,0.0,17.809,0.0,0.0
THR 148,50.258,0.0,0.0,-2.973,0.0,0.0,-55.72,0.0,0.0,-4.56,0.0,0.0,0.0,0.0,0.0,-12.994999999999994,0.0,0.0
SER 149,63.773,0.0,0.0,-2.206,0.0,0.0,-46.36,0.0,0.0,-12.343,0.0,0.0,0.0,0.0,0.0,2.8640000000000008,0.0,0.0
ILE 150,60.45,0.0,0.0,2.096,0.0,0.0,-27.931,0.0,0.0,-7.458,0.0,0.0,0.0,0.0,0.0,27.15700000000001,0.0,0.0

Ligand:
Total Energy Decomposition:
Residue,Internal,,,van der Waals,,,Electrostatic,,,Polar Solvation,,,Non-Polar Solv.,,,TOTAL,,
,Avg.,Std. Dev.,Std. Err. of Mean,Avg.,Std. Dev.,Std. Err. of Mean,Avg.,Std. Dev.,Std. Err. of Mean,Avg.,Std. Dev.,Std. Err. of Mean,Avg.,Std. Dev.,Std. Err. of Mean,Avg.,Std. Dev.,Std. Err. of Mean
LEU   1,43.546,0.0,0.0,-2.918,0.0,0.0,-39.882,0.0,0.0,-4.186,0.0,0.0,0.0,0.0,0.0,-3.4399999999999977,0.0,0.0
ASP   2,101.913,0.0,0.0,-3.293,0.0,0.0,-80.703,0.0,0.0,-82.442,0.0,0.0,0.0,0.0,0.0,-64.525,0.0,0.0
ILE   3,94.796,0.0,0.0,-5.3,0.0,0.0,-71.731,0.0,0.0,-2.021,0.0,0.0,0.0,0.0,0.0,15.744000000000014,0.0,0.0
ARG   4,-191.001,0.0,0.0,-7.102,0.0,0.0,38.693,0.0,0.0,-8.796,0.0,0.0,0.0,0.0,0.0,-168.20600000000002,0.0,0.0
GLN   5,29.161,0.0,0.0,-13.193,0.0,0.0,-84.966,0.0,0.0,-1.71,0.0,0.0,0.0,0.0,0.0,-70.70799999999998,0.0,0.0
GLY   6,87.624,0.0,0.0,-2.597,0.0,0.0,-75.722,0.0,0.0,-3.838,0.0,0.0,0.0,0.0,0.0,5.467000000000007,0.0,0.0
PRO   7,90.138,0.0,0.0,-4.18,0.0,0.0,-55.578,0.0,0.0,-5.946,0.0,0.0,0.0,0.0,0.0,24.433999999999997,0.0,0.0
LYS   8,125.65,0.0,0.0,-3.709,0.0,0.0,-104.678,0.0,0.0,-18.801,0.0,0.0,0.0,0.0,0.0,-1.5379999999999932,0.0,0.0
GLU   9,113.587,0.0,0.0,-4.864,0.0,0.0,-121.094,0.0,0.0,-32.805,0.0,0.0,0.0,0.0,0.0,-45.175999999999995,0.0,0.0
PRO  10,78.38,0.0,0.0,-6.54,0.0,0.0,-57.65,0.0,0.0,-0.849,0.0,0.0,0.0,0.0,0.0,13.34099999999999,0.0,0.0
PHE  11,102.305,0.0,0.0,-13.465,0.0,0.0,-73.654,0.0,0.0,-0.557,0.0,0.0,0.0,0.0,0.0,14.629000000000007,0.0,0.0
ARG  12,-190.815,0.0,0.0,-10.552,0.0,0.0,13.74,0.0,0.0,19.486,0.0,0.0,0.0,0.0,0.0,-168.141,0.0,0.0
ASP  13,83.638,0.0,0.0,-8.004,0.0,0.0,-71.552,0.0,0.0,-77.41,0.0,0.0,0.0,0.0,0.0,-73.328,0.0,0.0
TYR  14,108.629,0.0,0.0,-19.275,0.0,0.0,-97.772,0.0,0.0,1.94,0.0,0.0,0.0,0.0,0.0,-6.477999999999993,0.0,0.0
VAL  15,50.638,0.0,0.0,-8.58,0.0,0.0,-56.672,0.0,0.0,2.235,0.0,0.0,0.0,0.0,0.0,-12.378999999999998,0.0,0.0
ASP  16,93.781,0.0,0.0,-8.499,0.0,0.0,-94.719,0.0,0.0,-49.257,0.0,0.0,0.0,0.0,0.0,-58.69399999999998,0.0,0.0
ARG  17,-187.058,0.0,0.0,-7.364,0.0,0.0,6.505,0.0,0.0,8.558,0.0,0.0,0.0,0.0,0.0,-179.359,0.0,0.0
PHE  18,94.573,0.0,0.0,-14.718,0.0,0.0,-80.368,0.0,0.0,-0.377,0.0,0.0,0.0,0.0,0.0,-0.8900000000000052,0.0,0.0
TYR  19,100.47,0.0,0.0,-11.149,0.0,0.0,-91.965,0.0,0.0,-0.25,0.0,0.0,0.0,0.0,0.0,-2.8940000000000055,0.0,0.0
LYS  20,141.61,0.0,0.0,-7.207,0.0,0.0,-112.731,0.0,0.0,-22.899,0.0,0.0,0.0,0.0,0.0,-1.2269999999999754,0.0,0.0
THR  21,42.448,0.0,0.0,-6.301,0.0,0.0,-52.679,0.0,0.0,-4.65,0.0,0.0,0.0,0.0,0.0,-21.182000000000002,0.0,0.0
LEU  22,69.716,0.0,0.0,-7.758,0.0,0.0,-65.801,0.0,0.0,-3.45,0.0,0.0,0.0,0.0,0.0,-7.293000000000011,0.0,0.0
ARG  23,-202.481,0.0,0.0,-6.707,0.0,0.0,64.635,0.0,0.0,-25.983,0.0,0.0,0.0,0.0,0.0,-170.536,0.0,0.0
ALA  24,82.869,0.0,0.0,-3.79,0.0,0.0,-76.769,0.0,0.0,-4.64,0.0,0.0,0.0,0.0,0.0,-2.3300000000000116,0.0,0.0
GLU  25,104.876,0.0,0.0,-3.77,0.0,0.0,-60.486,0.0,0.0,-98.254,0.0,0.0,0.0,0.0,0.0,-57.63399999999999,0.0,0.0
GLN  26,28.39,0.0,0.0,-4.767,0.0,0.0,-62.116,0.0,0.0,-13.834,0.0,0.0,0.0,0.0,0.0,-52.327,0.0,0.0
ALA  27,95.51,0.0,0.0,-4.511,0.0,0.0,-83.358,0.0,0.0,-2.712,0.0,0.0,0.0,0.0,0.0,4.929000000000006,0.0,0.0
SER  28,76.636,0.0,0.0,-4.956,0.0,0.0,-64.837,0.0,0.0,-9.069,0.0,0.0,0.0,0.0,0.0,-2.2260000000000115,0.0,0.0
GLN  29,30.805,0.0,0.0,-4.887,0.0,0.0,-73.853,0.0,0.0,-8.675,0.0,0.0,0.0,0.0,0.0,-56.61,0.0,0.0
GLU  30,109.307,0.0,0.0,-4.698,0.0,0.0,-80.498,0.0,0.0,-85.541,0.0,0.0,0.0,0.0,0.0,-61.42999999999999,0.0,0.0
VAL  31,60.017,0.0,0.0,-7.556,0.0,0.0,-57.397,0.0,0.0,-3.099,0.0,0.0,0.0,0.0,0.0,-8.034999999999993,0.0,0.0
LYS  32,118.853,0.0,0.0,-9.485,0.0,0.0,-105.5,0.0,0.0,-10.528,0.0,0.0,0.0,0.0,0.0,-6.6600000000000055,0.0,0.0
ASN  33,21.447,0.0,0.0,-7.402,0.0,0.0,-83.682,0.0,0.0,-5.82,0.0,0.0,0.0,0.0,0.0,-75.457,0.0,0.0
TRP  34,128.275,0.0,0.0,-10.214,0.0,0.0,-92.442,0.0,0.0,-4.465,0.0,0.0,0.0,0.0,0.0,21.154000000000014,0.0,0.0
MET  35,101.812,0.0,0.0,-10.489,0.0,0.0,-85.619,0.0,0.0,-0.709,0.0,0.0,0.0,0.0,0.0,4.994999999999994,0.0,0.0
THR  36,43.143,0.0,0.0,-9.42,0.0,0.0,-57.44,0.0,0.0,1.2,0.0,0.0,0.0,0.0,0.0,-22.517,0.0,0.0
GLU  37,100.438,0.0,0.0,-7.824,0.0,0.0,-52.294,0.0,0.0,-102.693,0.0,0.0,0.0,0.0,0.0,-62.37299999999999,0.0,0.0
THR  38,46.338,0.0,0.0,-6.164,0.0,0.0,-51.086,0.0,0.0,-0.455,0.0,0.0,0.0,0.0,0.0,-11.366999999999999,0.0,0.0
LEU  39,66.466,0.0,0.0,-8.855,0.0,0.0,-65.155,0.0,0.0,0.564,0.0,0.0,0.0,0.0,0.0,-6.980000000000011,0.0,0.0
LEU  40,84.182,0.0,0.0,-10.718,0.0,0.0,-90.332,0.0,0.0,0.736,0.0,0.0,0.0,0.0,0.0,-16.131999999999994,0.0,0.0
VAL  41,51.002,0.0,0.0,-10.114,0.0,0.0,-55.07,0.0,0.0,0.636,0.0,0.0,0.0,0.0,0.0,-13.545999999999996,0.0,0.0
GLN  42,21.845,0.0,0.0,-9.123,0.0,0.0,-68.09,0.0,0.0,1.458,0.0,0.0,0.0,0.0,0.0,-53.910000000000004,0.0,0.0
ASN  43,18.549,0.0,0.0,-9.393,0.0,0.0,-81.906,0.0,0.0,-1.542,0.0,0.0,0.0,0.0,0.0,-74.292,0.0,0.0
ALA  44,93.736,0.0,0.0,-8.527,0.0,0.0,-82.545,0.0,0.0,3.984,0.0,0.0,0.0,0.0,0.0,6.6480000000000015,0.0,0.0
ASN  45,35.147,0.0,0.0,-7.774,0.0,0.0,-85.269,0.0,0.0,-1.92,0.0,0.0,0.0,0.0,0.0,-59.81600000000001,0.0,0.0
PRO  46,81.618,0.0,0.0,-4.196,0.0,0.0,-62.953,0.0,0.0,-1.035,0.0,0.0,0.0,0.0,0.0,13.433999999999994,0.0,0.0
ASP  47,85.186,0.0,0.0,-5.797,0.0,0.0,-59.114,0.0,0.0,-88.739,0.0,0.0,0.0,0.0,0.0,-68.464,0.0,0.0
CYX  48,98.572,0.0,0.0,-9.335,0.0,0.0,-76.721,0.0,0.0,-1.598,0.0,0.0,0.0,0.0,0.0,10.91799999999999,0.0,0.0
LYS  49,141.068,0.0,0.0,-10.525,0.0,0.0,-108.93,0.0,0.0,-23.239,0.0,0.0,0.0,0.0,0.0,-1.6260000000000012,0.0,0.0
THR  50,55.574,0.0,0.0,-5.488,0.0,0.0,-68.433,0.0,0.0,0.676,0.0,0.0,0.0,0.0,0.0,-17.67100000000001,0.0,0.0
ILE  51,80.084,0.0,0.0,-8.544,0.0,0.0,-58.144,0.0,0.0,-0.194,0.0,0.0,0.0,0.0,0.0,13.202000000000007,0.0,0.0
LEU  52,74.165,0.0,0.0,-12.585,0.0,0.0,-68.254,0.0,0.0,-4.594,0.0,0.0,0.0,0.0,0.0,-11.268,0.0,0.0
LYS  53,125.981,0.0,0.0,-7.934,0.0,0.0,-88.732,0.0,0.0,-29.873,0.0,0.0,0.0,0.0,0.0,-0.5580000000000034,0.0,0.0
ALA  54,83.756,0.0,0.0,-3.85,0.0,0.0,-74.426,0.0,0.0,-3.964,0.0,0.0,0.0,0.0,0.0,1.516000000000004,0.0,0.0
LEU  55,82.003,0.0,0.0,-7.709,0.0,0.0,-75.201,0.0,0.0,-5.188,0.0,0.0,0.0,0.0,0.0,-6.094999999999996,0.0,0.0
GLY  56,87.281,0.0,0.0,-2.414,0.0,0.0,-71.485,0.0,0.0,-7.686,0.0,0.0,0.0,0.0,0.0,5.696000000000005,0.0,0.0
PRO  57,81.322,0.0,0.0,-1.98,0.0,0.0,-49.45,0.0,0.0,-9.944,0.0,0.0,0.0,0.0,0.0,19.947999999999993,0.0,0.0
GLY  58,65.429,0.0,0.0,-2.52,0.0,0.0,-60.967,0.0,0.0,-5.172,0.0,0.0,0.0,0.0,0.0,-3.2299999999999995,0.0,0.0
ALA  59,96.652,0.0,0.0,-4.877,0.0,0.0,-85.665,0.0,0.0,-0.107,0.0,0.0,0.0,0.0,0.0,6.002999999999999,0.0,0.0
THR  60,47.948,0.0,0.0,-2.802,0.0,0.0,-57.699,0.0,0.0,-2.927,0.0,0.0,0.0,0.0,0.0,-15.479999999999997,0.0,0.0
LEU  61,62.895,0.0,0.0,-8.129,0.0,0.0,-67.625,0.0,0.0,-3.269,0.0,0.0,0.0,0.0,0.0,-16.127999999999993,0.0,0.0
GLU  62,104.798,0.0,0.0,-5.694,0.0,0.0,-62.68,0.0,0.0,-100.379,0.0,0.0,0.0,0.0,0.0,-63.955000000000005,0.0,0.0
GLU  63,101.005,0.0,0.0,-4.956,0.0,0.0,-51.952,0.0,0.0,-103.383,0.0,0.0,0.0,0.0,0.0,-59.286,0.0,0.0
MET  64,93.089,0.0,0.0,-13.225,0.0,0.0,-75.96,0.0,0.0,-1.129,0.0,0.0,0.0,0.0,0.0,2.7750000000000106,0.0,0.0
MET  65,103.344,0.0,0.0,-9.319,0.0,0.0,-83.886,0.0,0.0,-1.175,0.0,0.0,0.0,0.0,0.0,8.963999999999995,0.0,0.0
THR  66,33.917,0.0,0.0,-5.684,0.0,0.0,-40.193,0.0,0.0,-6.519,0.0,0.0,0.0,0.0,0.0,-18.479,0.0,0.0
ALA  67,79.9,0.0,0.0,-6.366,0.0,0.0,-65.021,0.0,0.0,-2.04,0.0,0.0,0.0,0.0,0.0,6.473000000000005,0.0,0.0
CYX  68,94.851,0.0,0.0,-7.171,0.0,0.0,-77.355,0.0,0.0,-1.697,0.0,0.0,0.0,0.0,0.0,8.62799999999999,0.0,0.0
GLN  69,39.791,0.0,0.0,-4.672,0.0,0.0,-67.993,0.0,0.0,-17.777,0.0,0.0,0.0,0.0,0.0,-50.650999999999996,0.0,0.0
GLY  70,97.378,0.0,0.0,-1.686,0.0,0.0,-82.424,0.0,0.0,-6.325,0.0,0.0,0.0,0.0,0.0,6.9430000000000005,0.0,0.0
VAL  71,32.116,0.0,0.0,-4.438,0.0,0.0,-24.41,0.0,0.0,-102.031,0.0,0.0,0.0,0.0,0.0,-98.763,0.0,0.0

DELTAS:
Total Energy Decomposition:
Residue,Location,Internal,,,van der Waals,,,Electrostatic,,,Polar Solvation,,,Non-Polar Solv.,,,TOTAL,,
,,Avg.,Std. Dev.,Std. Err. of Mean,Avg.,Std. Dev.,Std. Err. of Mean,Avg.,Std. Dev.,Std. Err. of Mean,Avg.,Std. Dev.,Std. Err. of Mean,Avg.,Std. Dev.,Std. Err. of Mean
PRO   1,R PRO   1,0.0,0.0,0.0,-0.0009999999999994458,0.0,0.0,-4.391999999999996,0.0,0.0,4.385000000000002,0.0,0.0,0.0,0.0,0.0,-0.007999999999999119,0.0,0.0
ILE   2,R ILE   2,0.0,0.0,0.0,-0.0009999999999994458,0.0,0.0,0.0049999999999954525,0.0,0.0,-0.004999999999999893,0.0,0.0,0.0,0.0,0.0,-0.000999999999995893,0.0,0.0
VAL   3,R VAL   3,0.0,0.0,0.0,0.0,0.0,0.0,0.003999999999997783,0.0,0.0,-0.0050000000000000044,0.0,0.0,0.0,0.0,0.0,-0.0010000000000029985,0.0,0.0
GLN   4,R GLN   4,0.0,0.0,0.0,0.0,0.0,0.0,0.0,0.0,0.0,0.0010000000000012221,0.0,0.0,0.0,0.0,0.0,0.0009999999999976694,0.0,0.0
ASN   5,R ASN   5,0.0,0.0,0.0,0.0,0.0,0.0,0.010000000000005116,0.0,0.0,-0.008999999999998565,0.0,0.0,0.0,0.0,0.0,0.0010000000000047748,0.0,0.0
LEU   6,R LEU   6,0.0,0.0,0.0,0.0,0.0,0.0,0.006999999999990791,0.0,0.0,-0.005999999999998451,0.0,0.0,0.0,0.0,0.0,0.0009999999999923403,0.0,0.0
GLN   7,R GLN   7,0.0,0.0,0.0,0.0,0.0,0.0,0.0049999999999954525,0.0,0.0,-0.004000000000001336,0.0,0.0,0.0,0.0,0.0,0.0009999999999976694,0.0,0.0
GLY   8,R GLY   8,0.0,0.0,0.0,0.0,0.0,0.0,-0.0010000000000047748,0.0,0.0,0.0009999999999994458,0.0,0.0,0.0,0.0,0.0,-5.329070518200751e-15,0.0,0.0
GLN   9,R GLN   9,0.0,0.0,0.0,0.0,0.0,0.0,0.018000000000000682,0.0,0.0,-0.019000000000000128,0.0,0.0,0.0,0.0,0.0,-0.0010000000000047748,0.0,0.0
MET  10,R MET  10,0.0,0.0,0.0,0.0,0.0,0.0,-0.01300000000000523,0.0,0.0,0.014000000000000234,0.0,0.0,0.0,0.0,0.0,0.000999999999995893,0.0,0.0
VAL  11,R VAL  11,0.0,0.0,0.0,-0.001000000000000334,0.0,0.0,0.012000000000000455,0.0,0.0,-0.0129999999999999,0.0,0.0,0.0,0.0,0.0,-0.001999999999997115,0.0,0.0
HID  12,R HID  12,0.0,0.0,0.0,0.0,0.0,0.0,-0.028999999999996362,0.0,0.0,0.028999999999999915,0.0,0.0,0.0,0.0,0.0,3.552713678800501e-15,0.0,0.0
GLN  13,R GLN  13,0.0,0.0,0.0,0.0,0.0,0.0,0.016000000000005343,0.0,0.0,-0.01699999999999946,0.0,0.0,0.0,0.0,0.0,-0.0009999999999976694,0.0,0.0
ALA  14,R ALA  14,0.0,0.0,0.0,0.0,0.0,0.0,-0.001999999999995339,0.0,0.0,0.0029999999999996696,0.0,0.0,0.0,0.0,0.0,0.0010000000000047748,0.0,0.0
ILE  15,R ILE  15,0.0,0.0,0.0,-0.0009999999999994458,0.0,0.0,-0.01999999999999602,0.0,0.0,0.019000000000000128,0.0,0.0,0.0,0.0,0.0,-0.002000000000000668,0.0,0.0
SER  16,R SER  16,0.0,0.0,0.0,-0.0009999999999994458,0.0,0.0,-0.09199999999999875,0.0,0.0,0.08800000000000008,0.0,0.0,0.0,0.0,0.0,-0.005000000000002558,0.0,0.0
PRO  17,R PRO  17,0.0,0.0,0.0,-0.0019999999999997797,0.0,0.0,-0.1530000000000058,0.0,0.0,0.1469999999999998,0.0,0.0,0.0,0.0,0.0,-0.00800000000001333,0.0,0.0
ARG  18,R ARG  18,0.0,0.0,0.0,-0.0019999999999997797,0.0,0.0,-3.2719999999999985,0.0,0.0,3.2749999999999986,0.0,0.0,0.0,0.0,0.0,0.0009999999999763531,0.0,0.0
THR  19,R THR  19,0.0,0.0,0.0,-0.0019999999999997797,0.0,0.0,-0.1490000000000009,0.0,0.0,0.14700000000000024,0.0,0.0,0.0,0.0,0.0,-0.004000000000003112,0.0,0.0
LEU  20,R LEU  20,0.0,0.0,0.0,-0.004000000000001336,0.0,0.0,-0.22400000000000375,0.0,0.0,0.21700000000000008,0.0,0.0,0.0,0.0,0.0,-0.011000000000009003,0.0,0.0
ASN  21,R ASN  21,0.0,0.0,0.0,-0.007000000000000561,0.0,0.0,-0.29700000000001125,0.0,0.0,0.29300000000000015,0.0,0.0,0.0,0.0,0.0,-0.01100000000000989,0.0,0.0
ALA  22,R ALA  22,0.0,0.0,0.0,-0.006000000000000227,0.0,0.0,-0.3149999999999977,0.0,0.0,0.30500000000000016,0.0,0.0,0.0,0.0,0.0,-0.01599999999999735,0.0,0.0
TRP  23,R TRP  23,0.0,0.0,0.0,-0.015999999999998238,0.0,0.0,-0.1490000000000009,0.0,0.0,0.14,0.0,0.0,0.0,0.0,0.0,-0.025000000000009237,0.0,0.0
VAL  24,R VAL  24,0.0,0.0,0.0,-0.0389999999999997,0.0,0.0,-0.5590000000000046,0.0,0.0,0.536,0.0,0.0,0.0,0.0,0.0,-0.06200000000000605,0.0,0.0
LYS  25,R LYS  25,0.0,0.0,0.0,-0.07499999999999929,0.0,0.0,-0.3789999999999907,0.0,0.0,0.3719999999999999,0.0,0.0,0.0,0.0,0.0,-0.08199999999999363,0.0,0.0
VAL  26,R VAL  26,0.0,0.0,0.0,-0.054999999999999716,0.0,0.0,-0.20900000000000318,0.0,0.0,0.17700000000000005,0.0,0.0,0.0,0.0,0.0,-0.0870000000000033,0.0,0.0
VAL  27,R VAL  27,0.0,0.0,0.0,-0.13100000000000023,0.0,0.0,0.6869999999999976,0.0,0.0,-0.655,0.0,0.0,0.0,0.0,0.0,-0.09900000000000375,0.0,0.0
GLU  28,R GLU  28,0.0,0.0,0.0,-0.8570000000000002,0.0,0.0,-10.210000000000008,0.0,0.0,11.71499999999999,0.0,0.0,0.0,0.0,0.0,0.6479999999999677,0.0,0.0
GLU  29,R GLU  29,0.0,0.0,0.0,0.028000000000000025,0.0,0.0,-34.757999999999996,0.0,0.0,36.325,0.0,0.0,0.0,0.0,0.0,1.5949999999999989,0.0,0.0
LYS  30,R LYS  30,0.0,0.0,0.0,-0.4639999999999995,0.0,0.0,-3.6329999999999956,0.0,0.0,3.737,0.0,0.0,0.0,0.0,0.0,-0.3599999999999941,0.0,0.0
ALA  31,R ALA  31,0.0,0.0,0.0,-1.6840000000000002,0.0,0.0,3.458999999999989,0.0,0.0,-3.0780000000000003,0.0,0.0,0.0,0.0,0.0,-1.3030000000000088,0.0,0.0
PHE  32,R PHE  32,0.0,0.0,0.0,-0.23399999999999999,0.0,0.0,1.0379999999999967,0.0,0.0,-0.9409999999999998,0.0,0.0,0.0,0.0,0.0,-0.1369999999999969,0.0,0.0
SER  33,R SER  33,0.0,0.0,0.0,-0.07099999999999973,0.0,0.0,-1.4739999999999895,0.0,0.0,1.4080000000000001,0.0,0.0,0.0,0.0,0.0,-0.13699999999998624,0.0,0.0
PRO  34,R PRO  34,0.0,0.0,0.0,-0.020000000000000462,0.0,0.0,-0.5090000000000003,0.0,0.0,0.4930000000000001,0.0,0.0,0.0,0.0,0.0,-0.03600000000000847,0.0,0.0
GLU  35,R GLU  35,0.0,0.0,0.0,-0.0259999999999998,0.0,0.0,8.259,0.0,0.0,-8.152999999999999,0.0,0.0,0.0,0.0,0.0,0.0800000000000054,0.0,0.0
VAL  36,R VAL  36,0.0,0.0,0.0,-0.02200000000000024,0.0,0.0,-0.37400000000000233,0.0,0.0,0.36600000000000005,0.0,0.0,0.0,0.0,0.0,-0.030000000000001137,0.0,0.0
ILE  37,R ILE  37,0.0,0.0,0.0,-0.006000000000000227,0.0,0.0,-0.3359999999999985,0.0,0.0,0.32600000000000007,0.0,0.0,0.0,0.0,0.0,-0.015999999999998238,0.0,0.0
PRO  38,R PRO  38,0.0,0.0,0.0,-0.0030000000000001137,0.0,0.0,-0.16799999999999926,0.0,0.0,0.16199999999999992,0.0,0.0,0.0,0.0,0.0,-0.009000000000000341,0.0,0.0
MET  39,R MET  39,0.0,0.0,0.0,-0.004999999999999005,0.0,0.0,-0.2150000000000034,0.0,0.0,0.21299999999999997,0.0,0.0,0.0,0.0,0.0,-0.006999999999998785,0.0,0.0
PHE  40,R PHE  40,0.0,0.0,0.0,-0.0030000000000001137,0.0,0.0,-0.125,0.0,0.0,0.12400000000000011,0.0,0.0,0.0,0.0,0.0,-0.0039999999999995595,0.0,0.0
SER  41,R SER  41,0.0,0.0,0.0,-0.0009999999999994458,0.0,0.0,-0.15700000000000358,0.0,0.0,0.15499999999999936,0.0,0.0,0.0,0.0,0.0,-0.00300000000000189,0.0,0.0
ALA  42,R ALA  42,0.0,0.0,0.0,0.0,0.0,0.0,-0.046999999999997044,0.0,0.0,0.0470000000000006,0.0,0.0,0.0,0.0,0.0,3.552713678800501e-15,0.0,0.0
LEU  43,R LEU  43,0.0,0.0,0.0,-0.0030000000000001137,0.0,0.0,-0.031999999999996476,0.0,0.0,0.03299999999999992,0.0,0.0,0.0,0.0,0.0,-0.001999999999996227,0.0,0.0
SER  44,R SER  44,0.0,0.0,0.0,0.0,0.0,0.0,0.012999999999991019,0.0,0.0,-0.012999999999999998,0.0,0.0,0.0,0.0,0.0,-8.881784197001252e-15,0.0,0.0
GLU  45,R GLU  45,0.0,0.0,0.0,-0.0009999999999994458,0.0,0.0,4.8700000000000045,0.0,0.0,-4.866,0.0,0.0,0.0,0.0,0.0,0.0030000000000143245,0.0,0.0
GLY  46,R GLY  46,0.0,0.0,0.0,-0.001000000000000334,0.0,0.0,-0.03699999999999193,0.0,0.0,0.038999999999999924,0.0,0.0,0.0,0.0,0.0,0.0010000000000180975,0.0,0.0
ALA  47,R ALA  47,0.0,0.0,0.0,-0.001000000000000334,0.0,0.0,0.028000000000005798,0.0,0.0,-0.029000000000000137,0.0,0.0,0.0,0.0,0.0,-0.0019999999999846807,0.0,0.0
THR  48,R THR  48,0.0,0.0,0.0,0.0,0.0,0.0,0.0,0.0,0.0,-0.0010000000000000009,0.0,0.0,0.0,0.0,0.0,-0.0010000000000012221,0.0,0.0
PRO  49,R PRO  49,0.0,0.0,0.0,0.0,0.0,0.0,0.010000000000005116,0.0,0.0,-0.01200000000000001,0.0,0.0,0.0,0.0,0.0,-0.001999999999995339,0.0,0.0
GLN  50,R GLN  50,0.0,0.0,0.0,0.0,0.0,0.0,0.03100000000000591,0.0,0.0,-0.03500000000000014,0.0,0.0,0.0,0.0,0.0,-0.003999999999997783,0.0,0.0
ASP  51,R ASP  51,0.0,0.0,0.0,-0.001000000000000334,0.0,0.0,4.378,0.0,0.0,-4.374000000000002,0.0,0.0,0.0,0.0,0.0,0.0030000000000001137,0.0,0.0
LEU  52,R LEU  52,0.0,0.0,0.0,-0.0009999999999994458,0.0,0.0,-0.06300000000000239,0.0,0.0,0.06099999999999994,0.0,0.0,0.0,0.0,0.0,-0.0030000000000001137,0.0,0.0
ASN  53,R ASN  53,0.0,0.0,0.0,-0.001000000000000334,0.0,0.0,0.05100000000000193,0.0,0.0,-0.05400000000000027,0.0,0.0,0.0,0.0,0.0,-0.003999999999976467,0.0,0.0
THR  54,R THR  54,0.0,0.0,0.0,-0.001000000000000334,0.0,0.0,-0.07099999999999795,0.0,0.0,0.06799999999999995,0.0,0.0,0.0,0.0,0.0,-0.003999999999997783,0.0,0.0
MET  55,R MET  55,0.0,0.0,0.0,-0.0030000000000001137,0.0,0.0,-0.1039999999999992,0.0,0.0,0.10099999999999998,0.0,0.0,0.0,0.0,0.0,-0.005999999999999339,0.0,0.0
LEU  56,R LEU  56,0.0,0.0,0.0,-0.004000000000001336,0.0,0.0,-0.07899999999999352,0.0,0.0,0.07400000000000007,0.0,0.0,0.0,0.0,0.0,-0.008999999999989683,0.0,0.0
ASN  57,R ASN  57,0.0,0.0,0.0,-0.004000000000000448,0.0,0.0,-0.024999999999991473,0.0,0.0,0.02099999999999902,0.0,0.0,0.0,0.0,0.0,-0.007999999999981355,0.0,0.0
THR  58,R THR  58,0.0,0.0,0.0,-0.006000000000000227,0.0,0.0,-0.3470000000000084,0.0,0.0,0.33799999999999986,0.0,0.0,0.0,0.0,0.0,-0.01500000000000945,0.0,0.0
VAL  59,R VAL  59,0.0,0.0,0.0,-0.014000000000001123,0.0,0.0,-0.16200000000000614,0.0,0.0,0.15400000000000003,0.0,0.0,0.0,0.0,0.0,-0.02200000000000557,0.0,0.0
ALA  60,R ALA  60,0.0,0.0,0.0,-0.009999999999999787,0.0,0.0,0.04799999999998761,0.0,0.0,-0.04800000000000004,0.0,0.0,0.0,0.0,0.0,-0.010000000000001563,0.0,0.0
PRO  61,R PRO  61,0.0,0.0,0.0,-0.041999999999999815,0.0,0.0,-0.09300000000000352,0.0,0.0,0.08000000000000007,0.0,0.0,0.0,0.0,0.0,-0.055000000000005045,0.0,0.0
HID  62,R HID  62,0.0,0.0,0.0,-0.15700000000000003,0.0,0.0,-0.5079999999999956,0.0,0.0,0.5070000000000014,0.0,0.0,0.0,0.0,0.0,-0.1579999999999906,0.0,0.0
GLN  63,R GLN  63,0.0,0.0,0.0,-0.051000000000000156,0.0,0.0,0.6619999999999919,0.0,0.0,-0.645999999999999,0.0,0.0,0.0,0.0,0.0,-0.0350000000000108,0.0,0.0
ALA  64,R ALA  64,0.0,0.0,0.0,-0.030999999999999694,0.0,0.0,0.07399999999999807,0.0,0.0,-0.06099999999999994,0.0,0.0,0.0,0.0,0.0,-0.018000000000007788,0.0,0.0
ALA  65,R ALA  65,0.0,0.0,0.0,-0.02200000000000024,0.0,0.0,0.2979999999999876,0.0,0.0,-0.2869999999999999,0.0,0.0,0.0,0.0,0.0,-0.011000000000003674,0.0,0.0
ALA  66,R ALA  66,0.0,0.0,0.0,-0.008000000000000007,0.0,0.0,0.1570000000000107,0.0,0.0,-0.1519999999999999,0.0,0.0,0.0,0.0,0.0,-0.0029999999999845706,0.0,0.0
GLN  67,R GLN  67,0.0,0.0,0.0,-0.008999999999999453,0.0,0.0,-0.006999999999990791,0.0,0.0,0.0039999999999995595,0.0,0.0,0.0,0.0,0.0,-0.01199999999999335,0.0,0.0
MET  68,R MET  68,0.0,0.0,0.0,-0.012000000000000455,0.0,0.0,-0.04200000000000159,0.0,0.0,0.04200000000000004,0.0,0.0,0.0,0.0,0.0,-0.012000000000002231,0.0,0.0
LEU  69,R LEU  69,0.0,0.0,0.0,-0.006000000000000227,0.0,0.0,0.0589999999999975,0.0,0.0,-0.05699999999999994,0.0,0.0,0.0,0.0,0.0,-0.004000000000003112,0.0,0.0
LYS  70,R LYS  70,0.0,0.0,0.0,-0.0030000000000001137,0.0,0.0,-5.563000000000002,0.0,0.0,5.561999999999999,0.0,0.0,0.0,0.0,0.0,-0.004000000000003112,0.0,0.0
GLU  71,R GLU  71,0.0,0.0,0.0,-0.0029999999999992255,0.0,0.0,7.123999999999995,0.0,0.0,-7.091000000000008,0.0,0.0,0.0,0.0,0.0,0.029999999999986926,0.0,0.0
THR  72,R THR  72,0.0,0.0,0.0,-0.0019999999999997797,0.0,0.0,0.012000000000000455,0.0,0.0,-0.01200000000000001,0.0,0.0,0.0,0.0,0.0,-0.001999999999995339,0.0,0.0
ILE  73,R ILE  73,0.0,0.0,0.0,-0.0009999999999994458,0.0,0.0,-0.014999999999993463,0.0,0.0,0.016000000000000014,0.0,0.0,0.0,0.0,0.0,1.5987211554602254e-14,0.0,0.0
ASN  74,R ASN  74,0.0,0.0,0.0,-0.0009999999999994458,0.0,0.0,-0.02400000000000091,0.0,0.0,0.022999999999999687,0.0,0.0,0.0,0.0,0.0,-0.0020000000000095497,0.0,0.0
GLU  75,R GLU  75,0.0,0.0,0.0,-0.001000000000000334,0.0,0.0,6.245999999999995,0.0,0.0,-6.228999999999999,0.0,0.0,0.0,0.0,0.0,0.015999999999991132,0.0,0.0
GLU  76,R GLU  76,0.0,0.0,0.0,0.0,0.0,0.0,6.504000000000005,0.0,0.0,-6.503,0.0,0.0,0.0,0.0,0.0,0.0010000000000047748,0.0,0.0
ALA  77,R ALA  77,0.0,0.0,0.0,0.0,0.0,0.0,-0.057999999999992724,0.0,0.0,0.05900000000000016,0.0,0.0,0.0,0.0,0.0,0.0010000000000074394,0.0,0.0
ALA  78,R ALA  78,0.0,0.0,0.0,0.0,0.0,0.0,-0.08400000000000318,0.0,0.0,0.08399999999999996,0.0,0.0,0.0,0.0,0.0,-3.3306690738754696e-15,0.0,0.0
GLU  79,R GLU  79,0.0,0.0,0.0,-0.001000000000000334,0.0,0.0,5.861000000000004,0.0,0.0,-5.842999999999989,0.0,0.0,0.0,0.0,0.0,0.01700000000002433,0.0,0.0
TRP  80,R TRP  80,0.0,0.0,0.0,-0.0010000000000012221,0.0,0.0,-0.0010000000000047748,0.0,0.0,0.0030000000000001137,0.0,0.0,0.0,0.0,0.0,0.000999999999990564,0.0,0.0
ASP  81,R ASP  81,0.0,0.0,0.0,0.0,0.0,0.0,4.970999999999989,0.0,0.0,-4.976999999999997,0.0,0.0,0.0,0.0,0.0,-0.006000000000007333,0.0,0.0
ARG  82,R ARG  82,0.0,0.0,0.0,0.0,0.0,0.0,-5.782999999999998,0.0,0.0,5.768000000000001,0.0,0.0,0.0,0.0,0.0,-0.014999999999986358,0.0,0.0
LEU  83,R LEU  83,0.0,0.0,0.0,-0.001000000000000334,0.0,0.0,-0.046999999999997044,0.0,0.0,0.04899999999999993,0.0,0.0,0.0,0.0,0.0,0.0009999999999976694,0.0,0.0
HID  84,R HID  84,0.0,0.0,0.0,0.0,0.0,0.0,-0.0030000000000001137,0.0,0.0,0.0030000000000001137,0.0,0.0,0.0,0.0,0.0,0.0,0.0,0.0
PRO  85,R PRO  85,0.0,0.0,0.0,0.0,0.0,0.0,0.03300000000000125,0.0,0.0,-0.03300000000000036,0.0,0.0,0.0,0.0,0.0,0.0,0.0,0.0
VAL  86,R VAL  86,0.0,0.0,0.0,0.0,0.0,0.0,-0.02400000000000091,0.0,0.0,0.025000000000000355,0.0,0.0,0.0,0.0,0.0,0.0009999999999994458,0.0,0.0
HID  87,R HID  87,0.0,0.0,0.0,0.0,0.0,0.0,0.009000000000000341,0.0,0.0,-0.009000000000000341,0.0,0.0,0.0,0.0,0.0,0.0,0.0,0.0
ALA  88,R ALA  88,0.0,0.0,0.0,0.0,0.0,0.0,0.014000000000010004,0.0,0.0,-0.013999999999999346,0.0,0.0,0.0,0.0,0.0,1.0658141036401503e-14,0.0,0.0
GLY  89,R GLY  89,0.0,0.0,0.0,0.0,0.0,0.0,0.043000000000006366,0.0,0.0,-0.04300000000000015,0.0,0.0,0.0,0.0,0.0,7.105427357601002e-15,0.0,0.0
PRO  90,R PRO  90,0.0,0.0,0.0,0.0,0.0,0.0,0.006999999999997897,0.0,0.0,-0.007000000000000561,0.0,0.0,0.0,0.0,0.0,-3.552713678800501e-15,0.0,0.0
ILE  91,R ILE  91,0.0,0.0,0.0,0.0,0.0,0.0,-0.036999999999999034,0.0,0.0,0.03600000000000003,0.0,0.0,0.0,0.0,0.0,-0.0009999999999994458,0.0,0.0
ALA  92,R ALA  92,0.0,0.0,0.0,0.0,0.0,0.0,0.016000000000005343,0.0,0.0,-0.014000000000000234,0.0,0.0,0.0,0.0,0.0,0.002000000000005997,0.0,0.0
PRO  93,R PRO  93,0.0,0.0,0.0,0.0,0.0,0.0,0.015000000000000568,0.0,0.0,-0.015000000000000568,0.0,0.0,0.0,0.0,0.0,0.0,0.0,0.0
GLY  94,R GLY  94,0.0,0.0,0.0,0.0,0.0,0.0,0.0030000000000001137,0.0,0.0,-0.0039999999999995595,0.0,0.0,0.0,0.0,0.0,-0.0009999999999994458,0.0,0.0
GLN  95,R GLN  95,0.0,0.0,0.0,0.0,0.0,0.0,0.024999999999991473,0.0,0.0,-0.023999999999999133,0.0,0.0,0.0,0.0,0.0,0.000999999999990564,0.0,0.0
MET  96,R MET  96,0.0,0.0,0.0,-0.0009999999999994458,0.0,0.0,-0.033999999999991815,0.0,0.0,0.03500000000000014,0.0,0.0,0.0,0.0,0.0,1.7763568394002505e-14,0.0,0.0
ARG  97,R ARG  97,0.0,0.0,0.0,0.0,0.0,0.0,-4.440000000000001,0.0,0.0,4.43,0.0,0.0,0.0,0.0,0.0,-0.010000000000019327,0.0,0.0
GLU  98,R GLU  98,0.0,0.0,0.0,0.0,0.0,0.0,4.381,0.0,0.0,-4.364999999999995,0.0,0.0,0.0,0.0,0.0,0.016000000000005343,0.0,0.0
PRO  99,R PRO  99,0.0,0.0,0.0,0.0,0.0,0.0,0.01899999999999835,0.0,0.0,-0.019000000000000128,0.0,0.0,0.0,0.0,0.0,-3.552713678800501e-15,0.0,0.0
ARG 100,R ARG 100,0.0,0.0,0.0,-0.0009999999999994458,0.0,0.0,-4.7700000000000005,0.0,0.0,4.774000000000001,0.0,0.0,0.0,0.0,0.0,0.0030000000000143245,0.0,0.0
GLY 101,R GLY 101,0.0,0.0,0.0,0.0,0.0,0.0,0.0,0.0,0.0,0.0,0.0,0.0,0.0,0.0,0.0,0.0,0.0,0.0
SER 102,R SER 102,0.0,0.0,0.0,-0.0009999999999994458,0.0,0.0,-0.0020000000000024443,0.0,0.0,0.0030000000000001137,0.0,0.0,0.0,0.0,0.0,0.0,0.0,0.0
ASP 103,R ASP 103,0.0,0.0,0.0,-0.001000000000000334,0.0,0.0,4.653999999999996,0.0,0.0,-4.66,0.0,0.0,0.0,0.0,0.0,-0.007000000000005002,0.0,0.0
ILE 104,R ILE 104,0.0,0.0,0.0,-0.0009999999999994458,0.0,0.0,-0.017000000000003013,0.0,0.0,0.018000000000000016,0.0,0.0,0.0,0.0,0.0,7.105427357601002e-15,0.0,0.0
ALA 105,R ALA 105,0.0,0.0,0.0,-0.001000000000000334,0.0,0.0,-0.012000000000000455,0.0,0.0,0.01100000000000001,0.0,0.0,0.0,0.0,0.0,-0.00200000000000522,0.0,0.0
GLY 106,R GLY 106,0.0,0.0,0.0,0.0,0.0,0.0,-0.012000000000000455,0.0,0.0,0.010999999999999677,0.0,0.0,0.0,0.0,0.0,-0.0010000000000012221,0.0,0.0
THR 107,R THR 107,0.0,0.0,0.0,-0.001000000000000334,0.0,0.0,-0.041999999999994486,0.0,0.0,0.043999999999999595,0.0,0.0,0.0,0.0,0.0,0.0010000000000065512,0.0,0.0
THR 108,R THR 108,0.0,0.0,0.0,0.0,0.0,0.0,-0.006000000000000227,0.0,0.0,0.005999999999999783,0.0,0.0,0.0,0.0,0.0,0.0,0.0,0.0
SER 109,R SER 109,0.0,0.0,0.0,-0.0009999999999994458,0.0,0.0,0.009000000000000341,0.0,0.0,-0.01200000000000001,0.0,0.0,0.0,0.0,0.0,-0.0040000000000044444,0.0,0.0
THR 110,R THR 110,0.0,0.0,0.0,0.0,0.0,0.0,0.02599999999999625,0.0,0.0,-0.02800000000000047,0.0,0.0,0.0,0.0,0.0,-0.0020000000000042206,0.0,0.0
LEU 111,R LEU 111,0.0,0.0,0.0,-0.0010000000000012221,0.0,0.0,0.006000000000000227,0.0,0.0,-0.004999999999999893,0.0,0.0,0.0,0.0,0.0,-5.329070518200751e-15,0.0,0.0
GLN 112,R GLN 112,0.0,0.0,0.0,0.0,0.0,0.0,-0.020000000000010232,0.0,0.0,0.0259999999999998,0.0,0.0,0.0,0.0,0.0,0.0059999999999860165,0.0,0.0
GLU 113,R GLU 113,0.0,0.0,0.0,0.0,0.0,0.0,4.384,0.0,0.0,-4.366,0.0,0.0,0.0,0.0,0.0,0.018000000000000682,0.0,0.0
GLN 114,R GLN 114,0.0,0.0,0.0,-0.0010000000000012221,0.0,0.0,-0.012000000000000455,0.0,0.0,0.01200000000000001,0.0,0.0,0.0,0.0,0.0,-0.0009999999999976694,0.0,0.0
ILE 115,R ILE 115,0.0,0.0,0.0,0.0,0.0,0.0,0.01099999999999568,0.0,0.0,-0.0129999999999999,0.0,0.0,0.0,0.0,0.0,-0.0020000000000042206,0.0,0.0
GLY 116,R GLY 116,0.0,0.0,0.0,0.0,0.0,0.0,-0.013999999999995794,0.0,0.0,0.014000000000000012,0.0,0.0,0.0,0.0,0.0,4.440892098500626e-15,0.0,0.0
TRP 117,R TRP 117,0.0,0.0,0.0,0.0,0.0,0.0,0.0030000000000001137,0.0,0.0,-0.0040000000000000036,0.0,0.0,0.0,0.0,0.0,-0.0009999999999994458,0.0,0.0
MET 118,R MET 118,0.0,0.0,0.0,0.0,0.0,0.0,0.007999999999995566,0.0,0.0,-0.008999999999999897,0.0,0.0,0.0,0.0,0.0,-0.0010000000000038867,0.0,0.0
THR 119,R THR 119,0.0,0.0,0.0,0.0,0.0,0.0,-0.01999999999999602,0.0,0.0,0.020999999999999908,0.0,0.0,0.0,0.0,0.0,0.0010000000000012221,0.0,0.0
HID 120,R HID 120,0.0,0.0,0.0,0.0,0.0,0.0,-0.01999999999999602,0.0,0.0,0.020999999999999908,0.0,0.0,0.0,0.0,0.0,0.0010000000000047748,0.0,0.0
ASN 121,R ASN 121,0.0,0.0,0.0,0.0,0.0,0.0,-0.006000000000000227,0.0,0.0,0.006000000000000227,0.0,0.0,0.0,0.0,0.0,0.0,0.0,0.0
PRO 122,R PRO 122,0.0,0.0,0.0,-0.0009999999999994458,0.0,0.0,-0.012999999999998124,0.0,0.0,0.0129999999999999,0.0,0.0,0.0,0.0,0.0,-0.0010000000000012221,0.0,0.0
PRO 123,R PRO 123,0.0,0.0,0.0,0.0,0.0,0.0,-0.0040000000000048885,0.0,0.0,0.0040000000000000036,0.0,0.0,0.0,0.0,0.0,-3.552713678800501e-15,0.0,0.0
ILE 124,R ILE 124,0.0,0.0,0.0,0.0,0.0,0.0,-0.023000000000010346,0.0,0.0,0.02399999999999991,0.0,0.0,0.0,0.0,0.0,0.000999999999990564,0.0,0.0
PRO 125,R PRO 125,0.0,0.0,0.0,0.0,0.0,0.0,0.04200000000000159,0.0,0.0,-0.04400000000000004,0.0,0.0,0.0,0.0,0.0,-0.0019999999999988916,0.0,0.0
VAL 126,R VAL 126,0.0,0.0,0.0,0.0,0.0,0.0,0.055999999999997385,0.0,0.0,-0.055999999999999994,0.0,0.0,0.0,0.0,0.0,-3.552713678800501e-15,0.0,0.0
GLY 127,R GLY 127,0.0,0.0,0.0,0.0,0.0,0.0,0.0730000000000075,0.0,0.0,-0.07200000000000001,0.0,0.0,0.0,0.0,0.0,0.0010000000000074394,0.0,0.0
GLU 128,R GLU 128,0.0,0.0,0.0,0.0,0.0,0.0,5.093999999999994,0.0,0.0,-5.1000000000000085,0.0,0.0,0.0,0.0,0.0,-0.006000000000014438,0.0,0.0
ILE 129,R ILE 129,0.0,0.0,0.0,0.0,0.0,0.0,0.10500000000000398,0.0,0.0,-0.1060000000000001,0.0,0.0,0.0,0.0,0.0,-0.000999999999995893,0.0,0.0
TYR 130,R TYR 130,0.0,0.0,0.0,-0.0009999999999994458,0.0,0.0,0.14399999999999125,0.0,0.0,-0.14300000000000002,0.0,0.0,0.0,0.0,0.0,-1.2434497875801753e-14,0.0,0.0
LYS 131,R LYS 131,0.0,0.0,0.0,-0.0010000000000012221,0.0,0.0,-5.021000000000015,0.0,0.0,5.034999999999997,0.0,0.0,0.0,0.0,0.0,0.012999999999976808,0.0,0.0
ARG 132,R ARG 132,0.0,0.0,0.0,-0.0009999999999994458,0.0,0.0,-6.475999999999999,0.0,0.0,6.452,0.0,0.0,0.0,0.0,0.0,-0.025000000000005684,0.0,0.0
TRP 133,R TRP 133,0.0,0.0,0.0,-0.0009999999999976694,0.0,0.0,0.17099999999999227,0.0,0.0,-0.16500000000000004,0.0,0.0,0.0,0.0,0.0,0.005000000000000782,0.0,0.0
ILE 134,R ILE 134,0.0,0.0,0.0,-0.002000000000000668,0.0,0.0,0.21699999999999875,0.0,0.0,-0.212,0.0,0.0,0.0,0.0,0.0,0.0030000000000027782,0.0,0.0
ILE 135,R ILE 135,0.0,0.0,0.0,-0.0019999999999997797,0.0,0.0,0.24399999999999977,0.0,0.0,-0.237,0.0,0.0,0.0,0.0,0.0,0.0049999999999901235,0.0,0.0
LEU 136,R LEU 136,0.0,0.0,0.0,-0.0019999999999997797,0.0,0.0,0.2980000000000018,0.0,0.0,-0.28800000000000003,0.0,0.0,0.0,0.0,0.0,0.007999999999999119,0.0,0.0
GLY 137,R GLY 137,0.0,0.0,0.0,-0.0019999999999997797,0.0,0.0,0.362000000000009,0.0,0.0,-0.352,0.0,0.0,0.0,0.0,0.0,0.008000000000013663,0.0,0.0
LEU 138,R LEU 138,0.0,0.0,0.0,-0.007999999999999119,0.0,0.0,0.5180000000000007,0.0,0.0,-0.505,0.0,0.0,0.0,0.0,0.0,0.005000000000006111,0.0,0.0
ASN 139,R ASN 139,0.0,0.0,0.0,-0.004999999999999893,0.0,0.0,0.722999999999999,0.0,0.0,-0.7030000000000003,0.0,0.0,0.0,0.0,0.0,0.015000000000000568,0.0,0.0
LYS 140,R LYS 140,0.0,0.0,0.0,-0.005999999999999339,0.0,0.0,-7.970000000000013,0.0,0.0,7.9079999999999995,0.0,0.0,0.0,0.0,0.0,-0.06800000000001338,0.0,0.0
ILE 141,R ILE 141,0.0,0.0,0.0,-0.027999999999998693,0.0,0.0,0.9509999999999934,0.0,0.0,-0.903,0.0,0.0,0.0,0.0,0.0,0.02000000000000135,0.0,0.0
VAL 142,R VAL 142,0.0,0.0,0.0,-0.023000000000001464,0.0,0.0,1.0679999999999978,0.0,0.0,-1.0230000000000006,0.0,0.0,0.0,0.0,0.0,0.021999999999994024,0.0,0.0
ARG 143,R ARG 143,0.0,0.0,0.0,-0.010999999999999233,0.0,0.0,-9.769000000000005,0.0,0.0,9.650000000000002,0.0,0.0,0.0,0.0,0.0,-0.12999999999999545,0.0,0.0
MET 144,R MET 144,0.0,0.0,0.0,-0.04600000000000026,0.0,0.0,0.48599999999999,0.0,0.0,-0.49599999999999955,0.0,0.0,0.0,0.0,0.0,-0.05600000000001604,0.0,0.0
TYR 145,R TYR 145,0.0,0.0,0.0,-0.07099999999999973,0.0,0.0,0.8659999999999997,0.0,0.0,-0.8529999999999998,0.0,0.0,0.0,0.0,0.0,-0.05799999999999805,0.0,0.0
SER 146,R SER 146,0.0,0.0,0.0,-0.5819999999999999,0.0,0.0,1.0460000000000065,0.0,0.0,0.22799999999999976,0.0,0.0,0.0,0.0,0.0,0.6920000000000126,0.0,0.0
PRO 147,R PRO 147,0.0,0.0,0.0,-0.20999999999999996,0.0,0.0,1.056999999999995,0.0,0.0,-1.0429999999999993,0.0,0.0,0.0,0.0,0.0,-0.19600000000001216,0.0,0.0
THR 148,R THR 148,0.0,0.0,0.0,-1.7700000000000005,0.0,0.0,0.4170000000000016,0.0,0.0,1.1289999999999996,0.0,0.0,0.0,0.0,0.0,-0.22400000000000375,0.0,0.0
SER 149,R SER 149,0.0,0.0,0.0,-2.347,0.0,0.0,-4.414999999999999,0.0,0.0,5.206,0.0,0.0,0.0,0.0,0.0,-1.555999999999993,0.0,0.0
ILE 150,R ILE 150,20.283,0.0,0.0,-8.283000000000001,0.0,0.0,-29.020999999999997,0.0,0.0,6.706,0.0,0.0,0.0,0.0,0.0,-10.315000000000001,0.0,0.0
LEU 151,L LEU   1,21.351000000000006,0.0,0.0,-1.8289999999999997,0.0,0.0,-25.922000000000004,0.0,0.0,1.568,0.0,0.0,0.0,0.0,0.0,-4.831999999999999,0.0,0.0
ASP 152,L ASP   2,0.0,0.0,0.0,-1.226,0.0,0.0,15.582999999999998,0.0,0.0,-15.212000000000003,0.0,0.0,0.0,0.0,0.0,-0.855000000000004,0.0,0.0
ILE 153,L ILE   3,0.0,0.0,0.0,-2.308,0.0,0.0,-0.017000000000010118,0.0,0.0,0.33399999999999985,0.0,0.0,0.0,0.0,0.0,-1.9910000000000156,0.0,0.0
ARG 154,L ARG   4,0.0,0.0,0.0,-0.10599999999999987,0.0,0.0,-12.253999999999998,0.0,0.0,12.0,0.0,0.0,0.0,0.0,0.0,-0.3599999999999852,0.0,0.0
GLN 155,L GLN   5,0.0,0.0,0.0,-0.017000000000001236,0.0,0.0,0.1559999999999917,0.0,0.0,-0.121,0.0,0.0,0.0,0.0,0.0,0.01799999999997226,0.0,0.0
GLY 156,L GLY   6,0.0,0.0,0.0,-0.004999999999999893,0.0,0.0,-0.12000000000000455,0.0,0.0,0.13500000000000023,0.0,0.0,0.0,0.0,0.0,0.009999999999986464,0.0,0.0
PRO 157,L PRO   7,0.0,0.0,0.0,-0.004000000000000448,0.0,0.0,-0.1419999999999959,0.0,0.0,0.14199999999999946,0.0,0.0,0.0,0.0,0.0,-0.003999999999990678,0.0,0.0
LYS 158,L LYS   8,0.0,0.0,0.0,-0.0019999999999997797,0.0,0.0,-9.067000000000007,0.0,0.0,8.941999999999998,0.0,0.0,0.0,0.0,0.0,-0.12700000000000422,0.0,0.0
GLU 159,L GLU   9,0.0,0.0,0.0,-0.009999999999999787,0.0,0.0,12.794999999999987,0.0,0.0,-12.573999999999998,0.0,0.0,0.0,0.0,0.0,0.21099999999999852,0.0,0.0
PRO 160,L PRO  10,0.0,0.0,0.0,-0.0039999999999995595,0.0,0.0,0.357999999999997,0.0,0.0,-0.33499999999999996,0.0,0.0,0.0,0.0,0.0,0.019000000000007233,0.0,0.0
PHE 161,L PHE  11,0.0,0.0,0.0,-0.008000000000000895,0.0,0.0,0.3669999999999902,0.0,0.0,-0.32099999999999995,0.0,0.0,0.0,0.0,0.0,0.03799999999999493,0.0,0.0
ARG 162,L ARG  12,0.0,0.0,0.0,-0.009000000000000341,0.0,0.0,-11.172,0.0,0.0,11.082999999999998,0.0,0.0,0.0,0.0,0.0,-0.09800000000001319,0.0,0.0
ASP 163,L ASP  13,0.0,0.0,0.0,-0.009999999999999787,0.0,0.0,11.49900000000001,0.0,0.0,-11.39800000000001,0.0,0.0,0.0,0.0,0.0,0.09100000000000819,0.0,0.0
TYR 164,L TYR  14,0.0,0.0,0.0,-0.07400000000000162,0.0,0.0,0.6800000000000068,0.0,0.0,-0.5229999999999999,0.0,0.0,0.0,0.0,0.0,0.08299999999999486,0.0,0.0
VAL 165,L VAL  15,0.0,0.0,0.0,-0.025000000000000355,0.0,0.0,0.4369999999999976,0.0,0.0,-0.3689999999999998,0.0,0.0,0.0,0.0,0.0,0.04299999999999926,0.0,0.0
ASP 166,L ASP  16,0.0,0.0,0.0,-0.0259999999999998,0.0,0.0,13.485,0.0,0.0,-13.324000000000005,0.0,0.0,0.0,0.0,0.0,0.1349999999999838,0.0,0.0
ARG 167,L ARG  17,0.0,0.0,0.0,-0.13400000000000034,0.0,0.0,-14.456,0.0,0.0,14.181999999999999,0.0,0.0,0.0,0.0,0.0,-0.4079999999999586,0.0,0.0
PHE 168,L PHE  18,0.0,0.0,0.0,-1.4770000000000003,0.0,0.0,0.027999999999991587,0.0,0.0,0.10999999999999999,0.0,0.0,0.0,0.0,0.0,-1.3390000000000122,0.0,0.0
TYR 169,L TYR  19,0.0,0.0,0.0,-0.13900000000000112,0.0,0.0,0.6770000000000067,0.0,0.0,-0.627,0.0,0.0,0.0,0.0,0.0,-0.08899999999998887,0.0,0.0
LYS 170,L LYS  20,0.0,0.0,0.0,-0.20199999999999996,0.0,0.0,-16.085000000000008,0.0,0.0,15.947000000000001,0.0,0.0,0.0,0.0,0.0,-0.3400000000000052,0.0,0.0
THR 171,L THR  21,0.0,0.0,0.0,-1.9879999999999995,0.0,0.0,0.4930000000000021,0.0,0.0,0.12400000000000055,0.0,0.0,0.0,0.0,0.0,-1.3709999999999987,0.0,0.0
LEU 172,L LEU  22,0.0,0.0,0.0,-1.194,0.0,0.0,0.6980000000000075,0.0,0.0,-0.548,0.0,0.0,0.0,0.0,0.0,-1.043999999999989,0.0,0.0
ARG 173,L ARG  23,0.0,0.0,0.0,-0.7380000000000004,0.0,0.0,-61.52,0.0,0.0,52.152,0.0,0.0,0.0,0.0,0.0,-10.105999999999966,0.0,0.0
ALA 174,L ALA  24,0.0,0.0,0.0,-1.2320000000000002,0.0,0.0,0.32200000000000273,0.0,0.0,0.5269999999999992,0.0,0.0,0.0,0.0,0.0,-0.38299999999999734,0.0,0.0
GLU 175,L GLU  25,0.0,0.0,0.0,-1.443,0.0,0.0,15.769999999999996,0.0,0.0,-12.315999999999988,0.0,0.0,0.0,0.0,0.0,2.01100000000001,0.0,0.0
GLN 176,L GLN  26,0.0,0.0,0.0,-1.4659999999999993,0.0,0.0,-4.168000000000006,0.0,0.0,4.295999999999999,0.0,0.0,0.0,0.0,0.0,-1.338000000000008,0.0,0.0
ALA 177,L ALA  27,0.0,0.0,0.0,-0.06799999999999962,0.0,0.0,0.8059999999999974,0.0,0.0,-0.782,0.0,0.0,0.0,0.0,0.0,-0.04400000000000048,0.0,0.0
SER 178,L SER  28,0.0,0.0,0.0,-0.020999999999999908,0.0,0.0,0.2849999999999966,0.0,0.0,-0.2569999999999997,0.0,0.0,0.0,0.0,0.0,0.0069999999999961204,0.0,0.0
GLN 179,L GLN  29,0.0,0.0,0.0,-0.017000000000000348,0.0,0.0,-0.24200000000000443,0.0,0.0,0.24400000000000155,0.0,0.0,0.0,0.0,0.0,-0.015000000000000568,0.0,0.0
GLU 180,L GLU  30,0.0,0.0,0.0,-0.008999999999999453,0.0,0.0,9.728000000000009,0.0,0.0,-9.599000000000004,0.0,0.0,0.0,0.0,0.0,0.12000000000000455,0.0,0.0
VAL 181,L VAL  31,0.0,0.0,0.0,-0.05600000000000005,0.0,0.0,-0.3689999999999998,0.0,0.0,0.379,0.0,0.0,0.0,0.0,0.0,-0.046000000000004704,0.0,0.0
LYS 182,L LYS  32,0.0,0.0,0.0,-0.04499999999999993,0.0,0.0,-15.146,0.0,0.0,14.944,0.0,0.0,0.0,0.0,0.0,-0.24700000000000166,0.0,0.0
ASN 183,L ASN  33,0.0,0.0,0.0,-0.009999999999999787,0.0,0.0,0.2680000000000007,0.0,0.0,-0.2569999999999997,0.0,0.0,0.0,0.0,0.0,0.000999999999990564,0.0,0.0
TRP 184,L TRP  34,0.0,0.0,0.0,-0.05400000000000027,0.0,0.0,0.024999999999991473,0.0,0.0,-0.020000000000000462,0.0,0.0,0.0,0.0,0.0,-0.04900000000001015,0.0,0.0
MET 185,L MET  35,0.0,0.0,0.0,-0.7599999999999998,0.0,0.0,0.06799999999999784,0.0,0.0,0.016000000000000014,0.0,0.0,0.0,0.0,0.0,-0.675999999999993,0.0,0.0
THR 186,L THR  36,0.0,0.0,0.0,-0.019999999999999574,0.0,0.0,0.0449999999999946,0.0,0.0,0.007000000000000117,0.0,0.0,0.0,0.0,0.0,0.03200000000000003,0.0,0.0
GLU 187,L GLU  37,0.0,0.0,0.0,-0.007000000000000561,0.0,0.0,8.805,0.0,0.0,-8.695999999999998,0.0,0.0,0.0,0.0,0.0,0.10199999999999676,0.0,0.0
THR 188,L THR  38,0.0,0.0,0.0,-0.02400000000000002,0.0,0.0,0.06199999999999761,0.0,0.0,-0.03999999999999998,0.0,0.0,0.0,0.0,0.0,-0.0020000000000024443,0.0,0.0
LEU 189,L LEU  39,0.0,0.0,0.0,-0.26099999999999923,0.0,0.0,-0.10699999999999932,0.0,0.0,0.02100000000000002,0.0,0.0,0.0,0.0,0.0,-0.3469999999999951,0.0,0.0
LEU 190,L LEU  40,0.0,0.0,0.0,-0.08000000000000007,0.0,0.0,0.14399999999999125,0.0,0.0,-0.07699999999999996,0.0,0.0,0.0,0.0,0.0,-0.013000000000008782,0.0,0.0
VAL 191,L VAL  41,0.0,0.0,0.0,-0.0129999999999999,0.0,0.0,0.07200000000000273,0.0,0.0,-0.04600000000000004,0.0,0.0,0.0,0.0,0.0,0.012999999999998124,0.0,0.0
GLN 192,L GLN  42,0.0,0.0,0.0,-0.019000000000000128,0.0,0.0,-0.17099999999999227,0.0,0.0,0.09699999999999998,0.0,0.0,0.0,0.0,0.0,-0.09299999999998931,0.0,0.0
ASN 193,L ASN  43,0.0,0.0,0.0,-0.3309999999999995,0.0,0.0,-2.0799999999999983,0.0,0.0,0.2450000000000001,0.0,0.0,0.0,0.0,0.0,-2.165999999999997,0.0,0.0
ALA 194,L ALA  44,0.0,0.0,0.0,-0.009000000000000341,0.0,0.0,0.11299999999999955,0.0,0.0,-0.0990000000000002,0.0,0.0,0.0,0.0,0.0,0.004999999999999005,0.0,0.0
ASN 195,L ASN  45,0.0,0.0,0.0,-0.004999999999999893,0.0,0.0,0.2600000000000051,0.0,0.0,-0.23499999999999988,0.0,0.0,0.0,0.0,0.0,0.020000000000003126,0.0,0.0
PRO 196,L PRO  46,0.0,0.0,0.0,-0.002000000000000668,0.0,0.0,-0.0379999999999967,0.0,0.0,0.04699999999999993,0.0,0.0,0.0,0.0,0.0,0.006999999999994344,0.0,0.0
ASP 197,L ASP  47,0.0,0.0,0.0,-0.001000000000000334,0.0,0.0,8.329,0.0,0.0,-8.176000000000002,0.0,0.0,0.0,0.0,0.0,0.15200000000000102,0.0,0.0
CYX 198,L CYX  48,0.0,0.0,0.0,-0.0019999999999988916,0.0,0.0,-0.16400000000000148,0.0,0.0,0.15800000000000014,0.0,0.0,0.0,0.0,0.0,-0.007999999999995566,0.0,0.0
LYS 199,L LYS  49,0.0,0.0,0.0,-0.0039999999999995595,0.0,0.0,-9.931999999999988,0.0,0.0,9.687000000000001,0.0,0.0,0.0,0.0,0.0,-0.24899999999997746,0.0,0.0
THR 200,L THR  50,0.0,0.0,0.0,-0.0009999999999994458,0.0,0.0,-0.07399999999999807,0.0,0.0,0.07499999999999996,0.0,0.0,0.0,0.0,0.0,7.105427357601002e-15,0.0,0.0
ILE 201,L ILE  51,0.0,0.0,0.0,-0.0009999999999994458,0.0,0.0,-0.08500000000000085,0.0,0.0,0.083,0.0,0.0,0.0,0.0,0.0,-0.0030000000000054428,0.0,0.0
LEU 202,L LEU  52,0.0,0.0,0.0,-0.0029999999999983373,0.0,0.0,-0.13700000000000045,0.0,0.0,0.12400000000000055,0.0,0.0,0.0,0.0,0.0,-0.015999999999998238,0.0,0.0
LYS 203,L LYS  53,0.0,0.0,0.0,-0.0009999999999994458,0.0,0.0,-8.400999999999996,0.0,0.0,8.212,0.0,0.0,0.0,0.0,0.0,-0.19000000000000128,0.0,0.0
ALA 204,L ALA  54,0.0,0.0,0.0,0.0,0.0,0.0,-0.10599999999999454,0.0,0.0,0.10099999999999998,0.0,0.0,0.0,0.0,0.0,-0.004999999999994564,0.0,0.0
LEU 205,L LEU  55,0.0,0.0,0.0,-0.001000000000000334,0.0,0.0,-0.14100000000000534,0.0,0.0,0.1349999999999998,0.0,0.0,0.0,0.0,0.0,-0.0069999999999961204,0.0,0.0
GLY 206,L GLY  56,0.0,0.0,0.0,0.0,0.0,0.0,0.13500000000000512,0.0,0.0,-0.133,0.0,0.0,0.0,0.0,0.0,0.002000000000005109,0.0,0.0
PRO 207,L PRO  57,0.0,0.0,0.0,-0.001000000000000112,0.0,0.0,-0.0030000000000001137,0.0,0.0,0.004000000000001336,0.0,0.0,0.0,0.0,0.0,1.4210854715202004e-14,0.0,0.0
GLY 208,L GLY  58,0.0,0.0,0.0,-0.0009999999999998899,0.0,0.0,-0.006999999999997897,0.0,0.0,0.0030000000000001137,0.0,0.0,0.0,0.0,0.0,-0.0049999999999954525,0.0,0.0
ALA 209,L ALA  59,0.0,0.0,0.0,-0.001000000000000334,0.0,0.0,0.16800000000000637,0.0,0.0,-0.16700000000000004,0.0,0.0,0.0,0.0,0.0,1.7763568394002505e-15,0.0,0.0
THR 210,L THR  60,0.0,0.0,0.0,-0.0019999999999997797,0.0,0.0,-0.18900000000000006,0.0,0.0,0.19099999999999984,0.0,0.0,0.0,0.0,0.0,-3.552713678800501e-15,0.0,0.0
LEU 211,L LEU  61,0.0,0.0,0.0,-0.005000000000000782,0.0,0.0,-0.19499999999999318,0.0,0.0,0.19600000000000017,0.0,0.0,0.0,0.0,0.0,-0.003999999999997783,0.0,0.0
GLU 212,L GLU  62,0.0,0.0,0.0,-0.0019999999999997797,0.0,0.0,8.569000000000003,0.0,0.0,-8.509999999999991,0.0,0.0,0.0,0.0,0.0,0.05700000000001637,0.0,0.0
GLU 213,L GLU  63,0.0,0.0,0.0,-0.0019999999999997797,0.0,0.0,7.710000000000001,0.0,0.0,-7.6440000000000055,0.0,0.0,0.0,0.0,0.0,0.06400000000000006,0.0,0.0
MET 214,L MET  64,0.0,0.0,0.0,-0.0039999999999995595,0.0,0.0,-0.12000000000000455,0.0,0.0,0.1060000000000001,0.0,0.0,0.0,0.0,0.0,-0.01800000000000912,0.0,0.0
MET 215,L MET  65,0.0,0.0,0.0,-0.0019999999999988916,0.0,0.0,0.06199999999999761,0.0,0.0,-0.050000000000000044,0.0,0.0,0.0,0.0,0.0,0.01000000000000334,0.0,0.0
THR 216,L THR  66,0.0,0.0,0.0,0.0,0.0,0.0,-0.06400000000000006,0.0,0.0,0.06099999999999994,0.0,0.0,0.0,0.0,0.0,-0.0030000000000001137,0.0,0.0
ALA 217,L ALA  67,0.0,0.0,0.0,0.0,0.0,0.0,-0.1389999999999958,0.0,0.0,0.133,0.0,0.0,0.0,0.0,0.0,-0.0059999999999957865,0.0,0.0
CYX 218,L CYX  68,0.0,0.0,0.0,-0.0009999999999994458,0.0,0.0,0.09000000000000341,0.0,0.0,-0.09799999999999986,0.0,0.0,0.0,0.0,0.0,-0.008999999999987907,0.0,0.0
GLN 219,L GLN  69,0.0,0.0,0.0,0.0,0.0,0.0,0.028999999999996362,0.0,0.0,-0.018000000000000682,0.0,0.0,0.0,0.0,0.0,0.01099999999999568,0.0,0.0
GLY 220,L GLY  70,0.0,0.0,0.0,0.0,0.0,0.0,0.14800000000001035,0.0,0.0,-0.1429999999999998,0.0,0.0,0.0,0.0,0.0,0.0050000000000105516,0.0,0.0
VAL 221,L VAL  71,0.0,0.0,0.0,-0.002000000000000668,0.0,0.0,8.473,0.0,0.0,-8.352999999999994,0.0,0.0,0.0,0.0,0.0,0.11800000000000921,0.0,0.0

