| Run on Thu Jan 29 17:42:27 2026
| GB non-polar solvation energies calculated with gbsa=2
idecomp = 1: Per-residue decomp adding 1-4 interactions to Internal.
Energy Decomposition Analysis (All units kcal/mol): Generalized Born solvent
Complex:
Total Energy Decomposition:
Residue,Internal,,,van der Waals,,,Electrostatic,,,Polar Solvation,,,Non-Polar Solv.,,,TOTAL,,
,Avg.,Std. Dev.,Std. Err. of Mean,Avg.,Std. Dev.,Std. Err. of Mean,Avg.,Std. Dev.,Std. Err. of Mean,Avg.,Std. Dev.,Std. Err. of Mean,Avg.,Std. Dev.,Std. Err. of Mean,Avg.,Std. Dev.,Std. Err. of Mean
PRO   1,96.091,0.0,0.0,-6.463,0.0,0.0,-101.234,0.0,0.0,3.615,0.0,0.0,0.31007278000000005,0.0,0.0,-7.680927219999994,0.0,0.0
ILE   2,93.099,0.0,0.0,-8.406,0.0,0.0,-69.379,0.0,0.0,-3.907,0.0,0.0,0.09597736,0.0,0.0,11.502977359999992,0.0,0.0
VAL   3,47.585,0.0,0.0,-4.827,0.0,0.0,-54.401,0.0,0.0,-1.17,0.0,0.0,0.52307336,0.0,0.0,-12.289926640000001,0.0,0.0
GLN   4,24.885,0.0,0.0,-5.915,0.0,0.0,-60.743,0.0,0.0,-14.171,0.0,0.0,0.62879046,0.0,0.0,-55.31520954,0.0,0.0
ASN   5,29.635,0.0,0.0,-6.207,0.0,0.0,-80.011,0.0,0.0,-13.995,0.0,0.0,0.34951412000000004,0.0,0.0,-70.22848588000001,0.0,0.0
LEU   6,72.309,0.0,0.0,-3.207,0.0,0.0,-69.611,0.0,0.0,-9.26,0.0,0.0,1.05168054,0.0,0.0,-8.71731946,0.0,0.0
GLN   7,30.566,0.0,0.0,-3.961,0.0,0.0,-68.469,0.0,0.0,-20.69,0.0,0.0,0.85033296,0.0,0.0,-61.703667039999985,0.0,0.0
GLY   8,78.162,0.0,0.0,-3.851,0.0,0.0,-75.131,0.0,0.0,-3.454,0.0,0.0,0.24511950000000002,0.0,0.0,-4.028880499999993,0.0,0.0
GLN   9,35.667,0.0,0.0,-6.808,0.0,0.0,-72.789,0.0,0.0,-13.871,1.6858739404357614e-07,1.6858739404357614e-07,0.67846476,0.0,0.0,-57.122535240000005,0.0,0.0
MET  10,102.011,0.0,0.0,-9.965,0.0,0.0,-80.373,0.0,0.0,-4.751,0.0,0.0,0.1969086,0.0,0.0,7.118908599999987,0.0,0.0
VAL  11,51.009,0.0,0.0,-3.797,0.0,0.0,-54.868,0.0,0.0,-2.395,0.0,0.0,0.40050006000000005,0.0,0.0,-9.650499939999998,0.0,0.0
HID  12,92.73,0.0,0.0,-9.882,0.0,0.0,-61.645,0.0,0.0,-10.895,0.0,0.0,0.34470658,0.0,0.0,10.652706579999997,0.0,0.0
GLN  13,26.797,0.0,0.0,-5.056,0.0,0.0,-69.351,0.0,0.0,-14.082,0.0,0.0,0.8323927600000001,0.0,0.0,-60.85960724,0.0,0.0
ALA  14,92.143,0.0,0.0,-3.654,0.0,0.0,-82.151,0.0,0.0,-0.726,0.0,0.0,0.36196386,0.0,0.0,5.9739638600000085,0.0,0.0
ILE  15,95.334,0.0,0.0,-8.037,0.0,0.0,-75.437,0.0,0.0,-5.421,0.0,0.0,0.09129448000000001,0.0,0.0,6.530294479999999,0.0,0.0
SER  16,73.739,0.0,0.0,-4.131,0.0,0.0,-54.508,0.0,0.0,-7.651,0.0,0.0,0.26654476,0.0,0.0,7.715544760000002,0.0,0.0
PRO  17,91.776,0.0,0.0,-5.345,0.0,0.0,-60.587,0.0,0.0,-3.512,0.0,0.0,0.63442726,0.0,0.0,22.966427259999993,0.0,0.0
ARG  18,-180.082,0.0,0.0,-5.323,0.0,0.0,63.988,0.0,0.0,-49.887,0.0,0.0,1.2093917,0.0,0.0,-170.0946083,0.0,0.0
THR  19,45.815,0.0,0.0,-7.038,0.0,0.0,-54.769,0.0,0.0,-5.22,0.0,0.0,0.33529746,0.0,0.0,-20.876702539999997,0.0,0.0
LEU  20,57.678,0.0,0.0,-10.233,0.0,0.0,-57.476,0.0,0.0,-3.273,0.0,0.0,0.13827504000000002,0.0,0.0,-13.165724960000006,0.0,0.0
ASN  21,29.145,0.0,0.0,-5.995,0.0,0.0,-81.99,0.0,0.0,-17.216,0.0,0.0,0.60234086,0.0,0.0,-75.45365914,0.0,0.0
ALA  22,100.027,0.0,0.0,-3.625,0.0,0.0,-79.038,0.0,0.0,-3.871,0.0,0.0,0.32522168,0.0,0.0,13.818221680000004,0.0,0.0
TRP  23,137.373,0.0,0.0,-17.848,0.0,0.0,-94.065,0.0,0.0,-6.296,0.0,0.0,0.0344983,0.0,0.0,19.198498299999994,0.0,0.0
VAL  24,58.464,0.0,0.0,-6.87,0.0,0.0,-54.423,0.0,0.0,-6.797,0.0,0.0,0.30376932,0.0,0.0,-9.32223068,0.0,0.0
LYS  25,134.339,0.0,0.0,-7.537,0.0,0.0,-122.625,0.0,0.0,-19.465,0.0,0.0,0.80960166,0.0,0.0,-14.478398340000007,0.0,0.0
VAL  26,63.963,0.0,0.0,-5.848,0.0,0.0,-69.633,0.0,0.0,-2.641,0.0,0.0,0.25262078000000004,0.0,0.0,-13.906379219999993,0.0,0.0
VAL  27,45.973,0.0,0.0,-10.491,0.0,0.0,-52.086,0.0,0.0,-2.648,0.0,0.0,0.009148960000000001,0.0,0.0,-19.242851039999998,0.0,0.0
GLU  28,97.537,0.0,0.0,-6.868,0.0,0.0,-68.718,0.0,0.0,-73.282,0.0,0.0,0.56572334,0.0,0.0,-50.76527665999999,0.0,0.0
GLU  29,108.644,0.0,0.0,-4.41,0.0,0.0,-62.5,0.0,0.0,-88.633,0.0,0.0,0.82756896,0.0,0.0,-46.071431039999986,0.0,0.0
LYS  30,114.182,0.0,0.0,-7.243,0.0,0.0,-138.049,0.0,0.0,6.673,0.0,0.0,0.35947608000000003,0.0,0.0,-24.077523919999997,0.0,0.0
ALA  31,88.019,0.0,0.0,-4.626,0.0,0.0,-77.196,0.0,0.0,-2.609,0.0,0.0,0.30670696000000003,0.0,0.0,3.894706960000003,0.0,0.0
PHE  32,108.493,0.0,0.0,-11.263,0.0,0.0,-82.098,0.0,0.0,-4.235,0.0,0.0,0.022536360000000002,0.0,0.0,10.919536359999992,0.0,0.0
SER  33,88.87,0.0,0.0,-5.661,0.0,0.0,-65.806,0.0,0.0,-6.123,0.0,0.0,0.12688762,0.0,0.0,11.406887620000004,0.0,0.0
PRO  34,80.361,0.0,0.0,-9.012,0.0,0.0,-55.349,0.0,0.0,-3.427,0.0,0.0,0.06354408,0.0,0.0,12.636544080000007,0.0,0.0
GLU  35,111.081,0.0,0.0,-7.611,0.0,0.0,-113.021,0.0,0.0,-39.085,0.0,0.0,0.43425040000000004,0.0,0.0,-48.2017496,0.0,0.0
VAL  36,50.504,0.0,0.0,-9.771,0.0,0.0,-52.964,0.0,0.0,-1.862,0.0,0.0,0.0,0.0,0.0,-14.093000000000002,0.0,0.0
ILE  37,90.732,0.0,0.0,-8.169,0.0,0.0,-56.734,0.0,0.0,-3.202,0.0,0.0,0.09918600000000001,0.0,0.0,22.726186000000002,0.0,0.0
PRO  38,84.5,0.0,0.0,-5.477,0.0,0.0,-59.338,0.0,0.0,-5.09,0.0,0.0,0.34204536,0.0,0.0,14.937045359999995,0.0,0.0
MET  39,94.412,0.0,0.0,-8.396,0.0,0.0,-73.553,0.0,0.0,-3.826,0.0,0.0,0.31656052,0.0,0.0,8.953560520000007,0.0,0.0
PHE  40,104.353,0.0,0.0,-14.095,0.0,0.0,-82.99,0.0,0.0,-1.89,0.0,0.0,0.0,0.0,0.0,5.378000000000001,0.0,0.0
SER  41,60.546,0.0,0.0,-6.581,0.0,0.0,-46.265,0.0,0.0,-10.92,0.0,0.0,0.27258264000000004,0.0,0.0,-2.947417360000004,0.0,0.0
ALA  42,82.252,0.0,0.0,-4.784,0.0,0.0,-67.471,0.0,0.0,-4.799,0.0,0.0,0.39852718,0.0,0.0,5.596527179999986,0.0,0.0
LEU  43,83.743,0.0,0.0,-7.858,0.0,0.0,-81.426,0.0,0.0,-3.926,0.0,0.0,0.38136746000000005,0.0,0.0,-9.085632540000011,0.0,0.0
SER  44,71.486,0.0,0.0,-6.007,0.0,0.0,-74.77,0.0,0.0,-0.76,0.0,0.0,0.0,0.0,0.0,-10.050999999999997,0.0,0.0
GLU  45,104.132,0.0,0.0,-5.908,0.0,0.0,-70.011,0.0,0.0,-79.786,0.0,0.0,0.81289702,0.0,0.0,-50.76010297999999,0.0,0.0
GLY  46,69.954,0.0,0.0,-2.686,0.0,0.0,-70.332,0.0,0.0,0.491,0.0,0.0,0.1872068,0.0,0.0,-2.385793199999993,0.0,0.0
ALA  47,105.802,0.0,0.0,-6.743,0.0,0.0,-86.357,0.0,0.0,-4.909,0.0,0.0,0.03042788,0.0,0.0,7.823427880000013,0.0,0.0
THR  48,57.899,0.0,0.0,-8.193,0.0,0.0,-62.345,0.0,0.0,-1.309,0.0,0.0,0.005636800000000001,0.0,0.0,-13.942363199999996,0.0,0.0
PRO  49,78.67,0.0,0.0,-8.565,0.0,0.0,-54.82,0.0,0.0,-1.47,0.0,0.0,0.055766380000000004,0.0,0.0,13.870766380000003,0.0,0.0
GLN  50,26.046,0.0,0.0,-8.206,0.0,0.0,-74.995,0.0,0.0,-7.436,0.0,0.0,0.41926410000000003,0.0,0.0,-64.1717359,0.0,0.0
ASP  51,90.937,0.0,0.0,-9.314,0.0,0.0,-126.583,0.0,0.0,-17.29,0.0,0.0,0.02264476,0.0,0.0,-62.22735524000001,0.0,0.0
LEU  52,60.799,0.0,0.0,-13.263,0.0,0.0,-69.366,0.0,0.0,-0.06,0.0,0.0,0.0,0.0,0.0,-21.889999999999997,0.0,0.0
ASN  53,45.259,0.0,0.0,-7.676,0.0,0.0,-108.224,0.0,0.0,-9.268,0.0,0.0,0.40877640000000004,0.0,0.0,-79.50022360000001,0.0,0.0
THR  54,53.507,0.0,0.0,-8.242,0.0,0.0,-65.744,0.0,0.0,-2.763,0.0,0.0,0.25115738,0.0,0.0,-22.99084262,0.0,0.0
MET  55,85.649,0.0,0.0,-12.072,0.0,0.0,-66.699,0.0,0.0,-1.993,0.0,0.0,0.0021788400000000005,0.0,0.0,4.88717884,0.0,0.0
LEU  56,69.199,0.0,0.0,-11.047,0.0,0.0,-68.61,0.0,0.0,-3.569,0.0,0.0,0.15962442000000002,0.0,0.0,-13.867375579999997,0.0,0.0
ASN  57,41.301,0.0,0.0,-5.006,0.0,0.0,-91.851,0.0,0.0,-19.432,0.0,0.0,0.6852831200000001,0.0,0.0,-74.30271688,0.0,0.0
THR  58,56.618,0.0,0.0,-7.458,0.0,0.0,-59.241,0.0,0.0,-4.139,0.0,0.0,0.1560689,0.0,0.0,-14.063931099999996,0.0,0.0
VAL  59,34.85,0.0,0.0,-9.411,0.0,0.0,-36.749,0.0,0.0,-2.814,0.0,0.0,0.0,0.0,0.0,-14.124000000000002,0.0,0.0
ALA  60,92.518,0.0,0.0,-5.854,0.0,0.0,-64.076,0.0,0.0,-6.475,0.0,0.0,0.05016210000000001,0.0,0.0,16.163162100000008,0.0,0.0
PRO  61,80.356,0.0,0.0,-5.842,0.0,0.0,-56.642,0.0,0.0,-4.42,0.0,0.0,0.30463652,0.0,0.0,13.756636519999994,0.0,0.0
HID  62,99.287,0.0,0.0,-6.597,0.0,0.0,-63.95,0.0,0.0,-15.7,0.0,0.0,0.6161293400000001,0.0,0.0,13.65612934000001,0.0,0.0
GLN  63,30.434,0.0,0.0,-6.068,0.0,0.0,-67.492,0.0,0.0,-11.266,0.0,0.0,0.73720672,0.0,0.0,-53.65479328,0.0,0.0
ALA  64,83.749,0.0,0.0,-4.548,0.0,0.0,-71.259,0.0,0.0,-4.053,0.0,0.0,0.3791832,0.0,0.0,4.268183199999993,0.0,0.0
ALA  65,88.112,0.0,0.0,-6.81,0.0,0.0,-76.731,0.0,0.0,-2.258,0.0,0.0,0.02115426,0.0,0.0,2.334154259999998,0.0,0.0
ALA  66,94.228,0.0,0.0,-6.876,0.0,0.0,-83.567,0.0,0.0,-1.614,0.0,0.0,0.20069176,0.0,0.0,2.3716917599999965,0.0,0.0
GLN  67,41.853,0.0,0.0,-8.422,0.0,0.0,-75.856,0.0,0.0,-13.616,0.0,0.0,0.6117391400000001,0.0,0.0,-55.42926086,0.0,0.0
MET  68,97.591,0.0,0.0,-9.44,0.0,0.0,-74.126,0.0,0.0,-2.567,0.0,0.0,0.32402386000000005,0.0,0.0,11.782023859999992,0.0,0.0
LEU  69,84.617,0.0,0.0,-12.335,0.0,0.0,-77.223,0.0,0.0,-3.051,0.0,0.0,0.0035988800000000005,0.0,0.0,-7.988401119999988,0.0,0.0
LYS  70,123.194,0.0,0.0,-8.011,0.0,0.0,-119.945,0.0,0.0,-15.878,0.0,0.0,0.7614124400000001,0.0,0.0,-19.878587559999986,0.0,0.0
GLU  71,107.021,0.0,0.0,-7.325,0.0,0.0,-86.946,0.0,0.0,-71.614,0.0,0.0,0.5877664800000001,0.0,0.0,-58.276233520000005,0.0,0.0
THR  72,47.627,0.0,0.0,-7.252,0.0,0.0,-59.788,0.0,0.0,-4.972,0.0,0.0,0.00867742,0.0,0.0,-24.376322579999997,0.0,0.0
ILE  73,68.846,0.0,0.0,-9.888,0.0,0.0,-50.179,0.0,0.0,-4.489,0.0,0.0,0.054628180000000005,0.0,0.0,4.3446281800000035,0.0,0.0
ASN  74,21.644,0.0,0.0,-7.022,0.0,0.0,-76.324,0.0,0.0,-11.961,0.0,0.0,0.52660178,0.0,0.0,-73.13639821999999,0.0,0.0
GLU  75,112.833,0.0,0.0,-6.547,0.0,0.0,-75.541,0.0,0.0,-82.651,0.0,0.0,0.5178268,0.0,0.0,-51.38817319999999,0.0,0.0
GLU  76,96.541,0.0,0.0,-10.614,0.0,0.0,-44.012,0.0,0.0,-95.042,0.0,0.0,0.14976544000000003,0.0,0.0,-52.97723456000001,0.0,0.0
ALA  77,83.869,0.0,0.0,-7.887,0.0,0.0,-72.789,0.0,0.0,-2.107,0.0,0.0,0.0952294,0.0,0.0,1.1812293999999977,0.0,0.0
ALA  78,96.105,0.0,0.0,-5.437,0.0,0.0,-84.905,0.0,0.0,-1.017,0.0,0.0,0.36381208,0.0,0.0,5.1098120800000055,0.0,0.0
GLU  79,106.51,0.0,0.0,-7.136,0.0,0.0,-84.563,0.0,0.0,-72.228,0.0,0.0,0.40905824,0.0,0.0,-57.00794175999999,0.0,0.0
TRP  80,120.286,0.0,0.0,-16.509,0.0,0.0,-90.679,0.0,0.0,-0.16,0.0,0.0,0.18657808,0.0,0.0,13.12457808,0.0,0.0
ASP  81,101.652,0.0,0.0,-8.66,0.0,0.0,-79.672,0.0,0.0,-66.02,0.0,0.0,0.34248438000000003,0.0,0.0,-52.35751561999999,0.0,0.0
ARG  82,-192.907,0.0,0.0,-7.776,0.0,0.0,-3.573,0.0,0.0,28.291,0.0,0.0,0.89838126,0.0,0.0,-175.06661874000002,0.0,0.0
LEU  83,71.658,0.0,0.0,-7.742,0.0,0.0,-79.344,0.0,0.0,-1.539,0.0,0.0,0.52917086,0.0,0.0,-16.43782913999999,0.0,0.0
HID  84,113.886,0.0,0.0,-9.168,0.0,0.0,-76.257,0.0,0.0,-7.912,0.0,0.0,0.2744959,0.0,0.0,20.823495899999987,0.0,0.0
PRO  85,94.955,0.0,0.0,-4.59,0.0,0.0,-64.124,0.0,0.0,-5.954,0.0,0.0,0.59358214,0.0,0.0,20.880582139999998,0.0,0.0
VAL  86,50.243,0.0,0.0,-3.095,0.0,0.0,-49.104,0.0,0.0,-6.763,0.0,0.0,0.8419102800000001,0.0,0.0,-7.877089719999995,0.0,0.0
HID  87,92.745,0.0,0.0,-6.266,0.0,0.0,-59.911,0.0,0.0,-10.799,0.0,0.0,0.57958228,0.0,0.0,16.34858228,0.0,0.0
ALA  88,92.807,0.0,0.0,-1.943,0.0,0.0,-72.868,0.0,0.0,-9.381,0.0,0.0,0.59328404,0.0,0.0,9.20828404000001,0.0,0.0
GLY  89,89.895,0.0,0.0,-1.704,0.0,0.0,-71.196,0.0,0.0,-9.939,0.0,0.0,0.35846796000000003,0.0,0.0,7.414467960000005,0.0,0.0
PRO  90,86.575,0.0,0.0,-3.104,0.0,0.0,-54.856,0.0,0.0,-9.172,0.0,0.0,0.7811846,0.0,0.0,20.2241846,0.0,0.0
ILE  91,75.286,0.0,0.0,-5.066,0.0,0.0,-57.605,0.0,0.0,-2.845,0.0,0.0,0.61647622,0.0,0.0,10.386476220000002,0.0,0.0
ALA  92,93.785,0.0,0.0,-1.865,0.0,0.0,-72.71,0.0,0.0,-4.387,0.0,0.0,0.28530338000000005,0.0,0.0,15.108303380000008,0.0,0.0
PRO  93,85.335,0.0,0.0,-2.899,0.0,0.0,-56.221,0.0,0.0,-8.558,0.0,0.0,0.8074174000000001,0.0,0.0,18.464417399999995,0.0,0.0
GLY  94,69.748,0.0,0.0,-2.252,0.0,0.0,-64.887,0.0,0.0,-7.517,0.0,0.0,0.50047196,0.0,0.0,-4.407528039999992,0.0,0.0
GLN  95,35.108,0.0,0.0,-5.61,0.0,0.0,-80.711,0.0,0.0,-6.015,0.0,0.0,0.2597535,0.0,0.0,-56.9682465,0.0,0.0
MET  96,107.626,0.0,0.0,-10.173,0.0,0.0,-79.953,0.0,0.0,-6.054,0.0,0.0,0.1987785,0.0,0.0,11.6447785,0.0,0.0
ARG  97,-193.358,0.0,0.0,-4.287,0.0,0.0,-30.573,0.0,0.0,42.997,0.0,0.0,0.51054774,0.0,0.0,-184.71045226,0.0,0.0
GLU  98,101.463,0.0,0.0,-5.94,0.0,0.0,-54.804,0.0,0.0,-90.465,0.0,0.0,0.41755138,0.0,0.0,-49.32844862000001,0.0,0.0
PRO  99,94.475,0.0,0.0,-9.027,0.0,0.0,-63.239,0.0,0.0,-1.552,0.0,0.0,0.036482020000000004,0.0,0.0,20.693482019999998,0.0,0.0
ARG 100,-192.877,0.0,0.0,-9.851,0.0,0.0,-19.916,0.0,0.0,42.542,0.0,0.0,0.32651164,0.0,0.0,-179.77548836,0.0,0.0
GLY 101,77.358,0.0,0.0,-5.917,0.0,0.0,-84.718,0.0,0.0,0.347,0.0,0.0,0.0039024000000000003,0.0,0.0,-12.926097600000002,0.0,0.0
SER 102,66.851,0.0,0.0,-7.118,0.0,0.0,-63.655,0.0,0.0,-2.363,0.0,0.0,0.24520622,0.0,0.0,-6.039793780000004,0.0,0.0
ASP 103,93.846,0.0,0.0,-7.844,0.0,0.0,-89.787,0.0,0.0,-53.855,0.0,0.0,0.02058516,0.0,0.0,-57.61941483999999,0.0,0.0
ILE 104,88.525,0.0,0.0,-12.116,0.0,0.0,-62.839,0.0,0.0,-1.433,0.0,0.0,0.012195000000000001,0.0,0.0,12.149195000000008,0.0,0.0
ALA 105,86.682,0.0,0.0,-5.492,0.0,0.0,-76.132,0.0,0.0,-2.7,0.0,0.0,0.16325582,0.0,0.0,2.5212558199999924,0.0,0.0
GLY 106,87.802,0.0,0.0,-4.241,0.0,0.0,-85.992,0.0,0.0,-4.002,0.0,0.0,0.18804148000000004,0.0,0.0,-6.244958519999997,0.0,0.0
THR 107,48.508,0.0,0.0,-4.663,0.0,0.0,-55.772,0.0,0.0,-7.713,0.0,0.0,0.6358039400000001,0.0,0.0,-19.00419606,0.0,0.0
THR 108,36.286,0.0,0.0,-4.499,0.0,0.0,-51.88,0.0,0.0,-2.536,0.0,0.0,0.4159308,0.0,0.0,-22.2130692,0.0,0.0
SER 109,74.568,0.0,0.0,-6.372,0.0,0.0,-63.581,0.0,0.0,-5.601,0.0,0.0,0.10922926,0.0,0.0,-0.8767707400000051,0.0,0.0
THR 110,32.054,0.0,0.0,-4.92,0.0,0.0,-36.835,0.0,0.0,-4.805,0.0,0.0,0.42319902000000004,0.0,0.0,-14.08280098,0.0,0.0
LEU 111,65.514,0.0,0.0,-7.947,0.0,0.0,-64.749,0.0,0.0,-3.188,0.0,0.0,0.24723330000000002,0.0,0.0,-10.122766700000003,0.0,0.0
GLN 112,36.171,0.0,0.0,-7.236,0.0,0.0,-72.392,0.0,0.0,-16.314,0.0,0.0,0.6549853200000001,0.0,0.0,-59.11601467999999,0.0,0.0
GLU 113,103.477,0.0,0.0,-7.516,0.0,0.0,-82.432,0.0,0.0,-64.892,0.0,0.0,0.30213248000000004,0.0,0.0,-51.06086752,0.0,0.0
GLN 114,38.572,0.0,0.0,-10.229,0.0,0.0,-84.997,0.0,0.0,-3.149,0.0,0.0,0.014270860000000002,0.0,0.0,-59.788729139999994,0.0,0.0
ILE 115,85.394,0.0,0.0,-9.677,0.0,0.0,-70.457,0.0,0.0,-2.041,0.0,0.0,0.11865464,0.0,0.0,3.3376546400000193,0.0,0.0
GLY 116,78.541,0.0,0.0,-5.369,0.0,0.0,-76.65,0.0,0.0,-2.071,0.0,0.0,0.09695296000000002,0.0,0.0,-5.452047040000008,0.0,0.0
TRP 117,121.714,0.0,0.0,-19.215,0.0,0.0,-92.659,0.0,0.0,-1.816,0.0,0.0,0.00719234,0.0,0.0,8.031192339999988,0.0,0.0
MET 118,96.15,0.0,0.0,-9.9,0.0,0.0,-82.088,0.0,0.0,-4.208,0.0,0.0,0.36789334,0.0,0.0,0.32189334000000597,0.0,0.0
THR 119,36.818,0.0,0.0,-5.884,0.0,0.0,-45.155,0.0,0.0,-7.605,0.0,0.0,0.38404494,0.0,0.0,-21.441955060000005,0.0,0.0
HID 120,93.368,0.0,0.0,-9.666,0.0,0.0,-62.162,0.0,0.0,-5.718,0.0,0.0,0.2015698,0.0,0.0,16.0235698,0.0,0.0
ASN 121,29.89,0.0,0.0,-3.933,0.0,0.0,-68.039,0.0,0.0,-19.473,0.0,0.0,0.75166186,0.0,0.0,-60.80333814,0.0,0.0
PRO 122,97.661,0.0,0.0,-4.665,0.0,0.0,-57.878,0.0,0.0,-5.889,0.0,0.0,0.68480074,0.0,0.0,29.913800739999996,0.0,0.0
PRO 123,82.137,0.0,0.0,-6.404,0.0,0.0,-55.985,0.0,0.0,-5.104,0.0,0.0,0.4322504200000001,0.0,0.0,15.076250420000006,0.0,0.0
ILE 124,97.003,0.0,0.0,-6.128,0.0,0.0,-60.833,0.0,0.0,-1.972,0.0,0.0,0.25918982,0.0,0.0,28.32918982,0.0,0.0
PRO 125,90.055,0.0,0.0,-5.669,0.0,0.0,-64.293,0.0,0.0,-1.729,0.0,0.0,0.3520019,0.0,0.0,18.716001900000006,0.0,0.0
VAL 126,53.416,0.0,0.0,-9.356,0.0,0.0,-55.272,0.0,0.0,-1.641,0.0,0.0,0.00985898,0.0,0.0,-12.843141020000003,0.0,0.0
GLY 127,71.69,0.0,0.0,-5.172,0.0,0.0,-72.053,0.0,0.0,-2.101,0.0,0.0,0.04724072,0.0,0.0,-7.588759279999997,0.0,0.0
GLU 128,102.755,0.0,0.0,-7.955,0.0,0.0,-97.366,0.0,0.0,-51.112,0.0,0.0,0.45557268000000006,0.0,0.0,-53.22242732,0.0,0.0
ILE 129,86.231,0.0,0.0,-10.19,0.0,0.0,-65.251,0.0,0.0,-0.452,0.0,0.0,0.13031306,0.0,0.0,10.468313059999993,0.0,0.0
TYR 130,94.502,0.0,0.0,-15.904,0.0,0.0,-85.93,0.0,0.0,-3.6,0.0,0.0,0.05726772000000001,0.0,0.0,-10.874732280000007,0.0,0.0
LYS 131,143.647,0.0,0.0,-12.39,0.0,0.0,-170.801,0.0,0.0,27.672,0.0,0.0,0.07752226000000001,0.0,0.0,-11.794477739999982,0.0,0.0
ARG 132,-189.588,0.0,0.0,-9.384,0.0,0.0,26.436,0.0,0.0,-9.228,0.0,0.0,0.9184461000000002,0.0,0.0,-180.84555389999997,0.0,0.0
TRP 133,124.326,0.0,0.0,-17.609,0.0,0.0,-93.018,0.0,0.0,-5.403,0.0,0.0,0.04160392,0.0,0.0,8.337603919999985,0.0,0.0
ILE 134,85.827,0.0,0.0,-12.94,0.0,0.0,-70.105,0.0,0.0,-1.173,0.0,0.0,0.0,0.0,0.0,1.6089999999999964,0.0,0.0
ILE 135,79.758,0.0,0.0,-8.372,0.0,0.0,-62.493,0.0,0.0,-0.706,0.0,0.0,0.15737512,0.0,0.0,8.344375119999993,0.0,0.0
LEU 136,67.903,0.0,0.0,-6.734,0.0,0.0,-72.518,0.0,0.0,0.371,0.0,0.0,0.35749778000000004,0.0,0.0,-10.620502219999997,0.0,0.0
GLY 137,76.268,0.0,0.0,-7.338,0.0,0.0,-76.452,0.0,0.0,-0.376,0.0,0.0,0.0,0.0,0.0,-7.897999999999992,0.0,0.0
LEU 138,65.798,0.0,0.0,-11.894,0.0,0.0,-69.406,0.0,0.0,-1.096,0.0,0.0,0.0,0.0,0.0,-16.598000000000003,0.0,0.0
ASN 139,52.916,0.0,0.0,-9.437,0.0,0.0,-102.474,0.0,0.0,-11.571,0.0,0.0,0.0924652,0.0,0.0,-70.4735348,0.0,0.0
LYS 140,137.513,0.0,0.0,-8.439,0.0,0.0,-170.338,0.0,0.0,25.451,0.0,0.0,0.40065182000000005,0.0,0.0,-15.41234817999998,0.0,0.0
ILE 141,94.753,0.0,0.0,-11.662,0.0,0.0,-79.453,0.0,0.0,-1.232,0.0,0.0,0.0,0.0,0.0,2.405999999999991,0.0,0.0
VAL 142,68.686,0.0,0.0,-11.253,0.0,0.0,-60.199,0.0,0.0,-2.276,0.0,0.0,0.00538748,0.0,0.0,-5.036612519999991,0.0,0.0
ARG 143,-190.035,0.0,0.0,-10.412,0.0,0.0,19.32,0.0,0.0,6.523,0.0,0.0,0.67818292,0.0,0.0,-173.92581708,0.0,0.0
MET 144,96.418,0.0,0.0,-7.506,0.0,0.0,-74.095,0.0,0.0,-6.427,0.0,0.0,0.55543076,0.0,0.0,8.945430760000008,0.0,0.0
TYR 145,92.186,0.0,0.0,-8.605,0.0,0.0,-85.021,0.0,0.0,-8.106,0.0,0.0,0.5174040400000001,0.0,0.0,-9.028595959999997,0.0,0.0
SER 146,72.807,0.0,0.0,-5.997,0.0,0.0,-48.789,0.0,0.0,-10.229,0.0,0.0,0.1562586,0.0,0.0,7.948258600000002,0.0,0.0
PRO 147,84.377,0.0,0.0,-3.994,0.0,0.0,-59.543,0.0,0.0,-7.402,0.0,0.0,0.6837655200000001,0.0,0.0,14.121765519999995,0.0,0.0
THR 148,48.464,0.0,0.0,-7.361,0.0,0.0,-58.591,0.0,0.0,-1.683,0.0,0.0,0.1286979,0.0,0.0,-19.0423021,0.0,0.0
SER 149,64.423,0.0,0.0,-6.313,0.0,0.0,-51.7,0.0,0.0,-5.73,0.0,0.0,0.28351478,0.0,0.0,0.9635147799999961,0.0,0.0
ILE 150,81.205,0.0,0.0,-9.563,0.0,0.0,-53.089,0.0,0.0,-3.808,0.0,0.0,0.06977708,0.0,0.0,14.814777079999997,0.0,0.0
LEU 151,58.384,0.0,0.0,-5.235,0.0,0.0,-59.833,0.0,0.0,-6.204,0.0,0.0,0.78434988,0.0,0.0,-12.103650119999998,0.0,0.0
ASP 152,113.984,0.0,0.0,-5.595,0.0,0.0,-116.315,0.0,0.0,-50.692,0.0,0.0,0.35232168,0.0,0.0,-58.26567832,0.0,0.0
ILE 153,102.416,0.0,0.0,-7.939,0.0,0.0,-75.894,0.0,0.0,-2.666,0.0,0.0,0.0,0.0,0.0,15.916999999999998,0.0,0.0
ARG 154,-195.288,0.0,0.0,-6.649,0.0,0.0,20.359,0.0,0.0,0.809,0.0,0.0,0.8182736600000001,0.0,0.0,-179.95072634000002,0.0,0.0
GLN 155,30.611,0.0,0.0,-11.564,0.0,0.0,-86.157,0.0,0.0,-2.024,0.0,0.0,0.09504512000000001,0.0,0.0,-69.03895488,0.0,0.0
GLY 156,89.116,0.0,0.0,-1.245,0.0,0.0,-71.601,0.0,0.0,-7.02,0.0,0.0,0.10549488,0.0,0.0,9.355494879999997,0.0,0.0
PRO 157,87.695,0.0,0.0,-3.081,0.0,0.0,-53.606,0.0,0.0,-11.021,0.0,0.0,0.7686915,0.0,0.0,20.755691499999987,0.0,0.0
LYS 158,119.029,0.0,0.0,-3.073,0.0,0.0,-96.462,0.0,0.0,-37.355,0.0,0.0,1.25026934,0.0,0.0,-16.610730659999998,0.0,0.0
GLU 159,110.232,0.0,0.0,-3.803,0.0,0.0,-115.422,0.0,0.0,-39.452,0.0,0.0,0.23225784,0.0,0.0,-48.21274215999999,0.0,0.0
PRO 160,81.139,0.0,0.0,-5.82,0.0,0.0,-53.873,0.0,0.0,-2.808,0.0,0.0,0.45783282000000003,0.0,0.0,19.09583281999999,0.0,0.0
PHE 161,102.568,0.0,0.0,-12.513,0.0,0.0,-74.739,0.0,0.0,-2.347,0.0,0.0,0.12947296000000003,0.0,0.0,13.098472959999988,0.0,0.0
ARG 162,-187.464,0.0,0.0,-8.15,0.0,0.0,2.689,0.0,0.0,18.101,0.0,0.0,0.65827526,0.0,0.0,-174.16572474,0.0,0.0
ASP 163,86.842,0.0,0.0,-8.149,0.0,0.0,-61.16,0.0,0.0,-83.748,0.0,0.0,0.41339966,0.0,0.0,-65.80160034000001,0.0,0.0
TYR 164,100.347,0.0,0.0,-17.031,0.0,0.0,-99.025,0.0,0.0,-0.466,0.0,0.0,0.0,0.0,0.0,-16.175000000000004,0.0,0.0
VAL 165,53.643,0.0,0.0,-10.313,0.0,0.0,-58.236,0.0,0.0,1.514,0.0,0.0,0.04074756,0.0,0.0,-13.35125244,0.0,0.0
ASP 166,96.893,0.0,0.0,-6.454,0.0,0.0,-90.356,0.0,0.0,-53.404,0.0,0.0,0.3328422,0.0,0.0,-52.98815779999999,0.0,0.0
ARG 167,-190.474,0.0,0.0,-10.112,0.0,0.0,7.274,0.0,0.0,9.561,0.0,0.0,0.36464676000000007,0.0,0.0,-183.38635323999998,0.0,0.0
PHE 168,95.199,0.0,0.0,-15.528,0.0,0.0,-82.859,0.0,0.0,0.367,0.0,0.0,0.01858518,0.0,0.0,-2.8024148200000023,0.0,0.0
TYR 169,97.811,0.0,0.0,-10.23,0.0,0.0,-96.048,0.0,0.0,-2.203,0.0,0.0,0.66920198,0.0,0.0,-10.000798019999998,0.0,0.0
LYS 170,147.553,0.0,0.0,-9.674,0.0,0.0,-119.415,0.0,0.0,-25.0,0.0,0.0,0.5658751000000001,0.0,0.0,-5.970124900000015,0.0,0.0
THR 171,41.916,0.0,0.0,-10.096,0.0,0.0,-53.6,0.0,0.0,-3.844,0.0,0.0,0.02004316,0.0,0.0,-25.603956840000006,0.0,0.0
LEU 172,77.12,0.0,0.0,-9.735,0.0,0.0,-67.731,0.0,0.0,-1.652,0.0,0.0,0.061040040000000004,0.0,0.0,-1.9369599599999894,0.0,0.0
ARG 173,-195.634,0.0,0.0,-11.495,0.0,0.0,67.077,0.0,0.0,-40.39,0.0,0.0,0.5191276,0.0,0.0,-179.92287240000002,0.0,0.0
ALA 174,88.268,0.0,0.0,-7.741,0.0,0.0,-82.632,0.0,0.0,-1.502,0.0,0.0,0.009354920000000001,0.0,0.0,-3.597645080000004,0.0,0.0
GLU 175,106.609,0.0,0.0,-8.842,0.0,0.0,-101.724,0.0,0.0,-49.843,0.0,0.0,0.23588382000000002,0.0,0.0,-53.56411618000001,0.0,0.0
GLN 176,34.033,0.0,0.0,-5.878,0.0,0.0,-56.585,0.0,0.0,-23.483,0.0,0.0,0.55966378,0.0,0.0,-51.353336219999996,0.0,0.0
ALA 177,95.306,0.0,0.0,-3.974,0.0,0.0,-85.528,0.0,0.0,0.134,0.0,0.0,0.10933766,0.0,0.0,6.047337659999988,0.0,0.0
SER 178,66.381,0.0,0.0,-4.501,0.0,0.0,-58.557,0.0,0.0,-5.308,0.0,0.0,0.38164388000000005,0.0,0.0,-1.6033561199999995,0.0,0.0
GLN 179,30.159,0.0,0.0,-6.111,0.0,0.0,-74.084,0.0,0.0,-5.122,0.0,0.0,0.68929392,0.0,0.0,-54.468706080000004,0.0,0.0
GLU 180,112.501,0.0,0.0,-5.342,0.0,0.0,-75.059,0.0,0.0,-82.017,0.0,0.0,0.76850722,0.0,0.0,-49.148492779999984,0.0,0.0
VAL 181,64.858,0.0,0.0,-6.333,0.0,0.0,-55.248,0.0,0.0,-3.703,0.0,0.0,0.23202478,0.0,0.0,-0.1939752199999917,0.0,0.0
LYS 182,118.541,0.0,0.0,-8.609,0.0,0.0,-92.85,0.0,0.0,-32.93,0.0,0.0,0.25391616,0.0,0.0,-15.594083839999993,0.0,0.0
ASN 183,24.08,0.0,0.0,-7.054,0.0,0.0,-83.618,0.0,0.0,-10.116,0.0,0.0,0.6101294,0.0,0.0,-76.0978706,0.0,0.0
TRP 184,123.622,0.0,0.0,-10.232,0.0,0.0,-90.121,0.0,0.0,-7.414,0.0,0.0,0.8906360800000002,0.0,0.0,16.745636080000004,0.0,0.0
MET 185,103.093,0.0,0.0,-10.951,0.0,0.0,-84.183,0.0,0.0,-3.459,0.0,0.0,0.15225864,0.0,0.0,4.65225863999999,0.0,0.0
THR 186,44.199,0.0,0.0,-6.115,0.0,0.0,-54.346,0.0,0.0,-3.114,0.0,0.0,0.21293554,0.0,0.0,-19.16306446,0.0,0.0
GLU 187,102.187,0.0,0.0,-6.414,0.0,0.0,-44.602,0.0,0.0,-100.777,0.0,0.0,0.5308022800000001,0.0,0.0,-49.07519772,0.0,0.0
THR 188,39.57,0.0,0.0,-5.607,0.0,0.0,-45.422,0.0,0.0,-3.23,0.0,0.0,0.37363312000000004,0.0,0.0,-14.315366879999996,0.0,0.0
LEU 189,68.444,0.0,0.0,-9.761,0.0,0.0,-65.24,0.0,0.0,-0.574,0.0,0.0,0.17004166,0.0,0.0,-6.960958339999988,0.0,0.0
LEU 190,87.276,0.0,0.0,-9.947,0.0,0.0,-90.86,0.0,0.0,0.623,0.0,0.0,0.0035988800000000005,0.0,0.0,-12.904401120000006,0.0,0.0
VAL 191,49.731,0.0,0.0,-7.821,0.0,0.0,-55.055,0.0,0.0,1.069,0.0,0.0,0.09871446000000002,0.0,0.0,-11.977285539999997,0.0,0.0
GLN 192,20.959,0.0,0.0,-6.145,0.0,0.0,-69.355,0.0,0.0,-2.017,0.0,0.0,0.47751825999999997,0.0,0.0,-56.08048174000001,6.743495761743046e-07,6.743495761743046e-07
ASN 193,19.046,0.0,0.0,-7.167,0.0,0.0,-83.035,0.0,0.0,-3.319,0.0,0.0,0.08193956000000001,0.0,0.0,-74.39306044,0.0,0.0
ALA 194,93.959,0.0,0.0,-7.569,0.0,0.0,-86.112,0.0,0.0,2.82,0.0,0.0,0.010563580000000001,0.0,0.0,3.1085635800000055,0.0,0.0
ASN 195,50.812,0.0,0.0,-6.876,0.0,0.0,-92.771,0.0,0.0,-11.162,0.0,0.0,0.15084944,0.0,0.0,-59.84615056,0.0,0.0
PRO 196,81.457,0.0,0.0,-4.806,0.0,0.0,-53.858,0.0,0.0,-5.682,0.0,0.0,0.54392952,0.0,0.0,17.654929519999996,0.0,0.0
ASP 197,88.96,0.0,0.0,-4.822,0.0,0.0,-51.59,0.0,0.0,-90.327,0.0,0.0,0.51916012,0.0,0.0,-57.25983988000001,0.0,0.0
CYX 198,103.611,0.0,0.0,-5.59,0.0,0.0,-80.193,0.0,0.0,-4.346,0.0,0.0,0.04603748,0.0,0.0,13.528037480000004,0.0,0.0
LYS 199,140.609,0.0,0.0,-10.783,0.0,0.0,-116.699,0.0,0.0,-24.791,0.0,0.0,0.24168864,0.0,0.0,-11.422311359999977,0.0,0.0
THR 200,48.992,0.0,0.0,-5.541,0.0,0.0,-56.685,0.0,0.0,-8.322,0.0,0.0,0.5737991400000001,0.0,0.0,-20.98220086000001,0.0,0.0
ILE 201,72.436,0.0,0.0,-5.777,0.0,0.0,-51.51,0.0,0.0,-3.403,0.0,0.0,0.5121954200000001,0.0,0.0,12.258195420000007,0.0,0.0
LEU 202,79.878,0.0,0.0,-11.598,0.0,0.0,-68.599,0.0,0.0,-5.776,0.0,0.0,0.01423292,0.0,0.0,-6.080767080000002,0.0,0.0
LYS 203,119.326,0.0,0.0,-6.883,0.0,0.0,-96.88,0.0,0.0,-34.186,0.0,0.0,0.6597115600000001,0.0,0.0,-17.963288439999996,0.0,0.0
ALA 204,85.431,0.0,0.0,-3.485,0.0,0.0,-73.884,0.0,0.0,-5.234,0.0,0.0,0.48110088,0.0,0.0,3.3091008799999977,0.0,0.0
LEU 205,70.055,0.0,0.0,-7.36,0.0,0.0,-72.756,0.0,0.0,-5.04,0.0,0.0,0.43550242,0.0,0.0,-14.665497579999991,0.0,0.0
GLY 206,89.551,0.0,0.0,-2.407,0.0,0.0,-72.327,0.0,0.0,-10.522,0.0,0.0,0.16433440000000002,0.0,0.0,4.4593344000000075,0.0,0.0
PRO 207,84.077,0.0,0.0,-2.868,0.0,0.0,-50.679,0.0,0.0,-10.843,0.0,0.0,0.7185077200000001,0.0,0.0,20.405507720000003,0.0,0.0
GLY 208,66.976,0.0,0.0,-1.849,0.0,0.0,-63.204,0.0,0.0,-7.693,0.0,0.0,0.42621796000000006,0.0,0.0,-5.343782040000005,0.0,0.0
ALA 209,101.764,0.0,0.0,-4.918,0.0,0.0,-87.669,0.0,0.0,-2.811,0.0,0.0,0.08150596,0.0,0.0,6.447505959999993,0.0,0.0
THR 210,54.527,0.0,0.0,-5.124,0.0,0.0,-52.33,0.0,0.0,-5.268,0.0,0.0,0.46563762000000003,0.0,0.0,-7.72936238,0.0,0.0
LEU 211,62.904,0.0,0.0,-6.344,0.0,0.0,-61.849,0.0,0.0,-4.913,0.0,0.0,0.2610543,0.0,0.0,-9.940945699999995,0.0,0.0
GLU 212,108.076,0.0,0.0,-6.507,0.0,0.0,-50.34,0.0,0.0,-104.181,0.0,0.0,0.7294127600000001,0.0,0.0,-52.22258724000001,0.0,0.0
GLU 213,104.084,0.0,0.0,-7.059,0.0,0.0,-50.187,0.0,0.0,-98.334,0.0,0.0,0.48441792000000006,0.0,0.0,-51.01158208,0.0,0.0
MET 214,94.586,0.0,0.0,-11.214,0.0,0.0,-78.608,0.0,0.0,-1.193,0.0,0.0,0.04571228,0.0,0.0,3.616712279999996,0.0,0.0
MET 215,100.179,0.0,0.0,-8.721,0.0,0.0,-81.682,0.0,0.0,-4.983,0.0,0.0,0.29178570000000004,0.0,0.0,5.084785699999997,0.0,0.0
THR 216,40.417,0.0,0.0,-4.656,0.0,0.0,-42.283,0.0,0.0,-4.891,0.0,0.0,0.6053598,0.0,0.0,-10.807640199999998,0.0,0.0
ALA 217,77.938,0.0,0.0,-5.013,0.0,0.0,-63.824,0.0,0.0,-3.031,0.0,0.0,0.15507704,0.0,0.0,6.225077039999999,0.0,0.0
CYX 218,93.604,0.0,0.0,-4.75,0.0,0.0,-74.831,0.0,0.0,-5.867,0.0,0.0,0.19193304,0.0,0.0,8.347933039999996,0.0,0.0
GLN 219,39.505,0.0,0.0,-2.885,0.0,0.0,-72.577,0.0,0.0,-19.95,0.0,0.0,0.9554430200000001,0.0,0.0,-54.95155698,0.0,0.0
GLY 220,97.171,0.0,0.0,-1.642,0.0,0.0,-81.878,0.0,0.0,-8.028,0.0,0.0,0.45076514000000006,0.0,0.0,6.07376514000001,0.0,0.0
VAL 221,35.463,0.0,0.0,-2.131,0.0,0.0,-21.17,0.0,0.0,-102.544,0.0,0.0,1.0358812400000001,0.0,0.0,-89.34611876000001,0.0,0.0

Receptor:
Total Energy Decomposition:
Residue,Internal,,,van der Waals,,,Electrostatic,,,Polar Solvation,,,Non-Polar Solv.,,,TOTAL,,
,Avg.,Std. Dev.,Std. Err. of Mean,Avg.,Std. Dev.,Std. Err. of Mean,Avg.,Std. Dev.,Std. Err. of Mean,Avg.,Std. Dev.,Std. Err. of Mean,Avg.,Std. Dev.,Std. Err. of Mean,Avg.,Std. Dev.,Std. Err. of Mean
PRO   1,96.091,0.0,0.0,-6.462,0.0,0.0,-98.044,0.0,0.0,0.413,0.0,0.0,0.31007278000000005,0.0,0.0,-7.6919272200000055,0.0,0.0
ILE   2,93.099,0.0,0.0,-8.405,0.0,0.0,-69.343,0.0,0.0,-3.942,0.0,0.0,0.09597736,0.0,0.0,11.504977359999998,0.0,0.0
VAL   3,47.585,0.0,0.0,-4.826,0.0,0.0,-54.381,0.0,0.0,-1.19,0.0,0.0,0.52307336,0.0,0.0,-12.28892664,0.0,0.0
GLN   4,24.885,0.0,0.0,-5.914,0.0,0.0,-60.765,0.0,0.0,-14.149,0.0,0.0,0.62879046,0.0,0.0,-55.31420954,0.0,0.0
ASN   5,29.635,0.0,0.0,-6.206,0.0,0.0,-80.059,0.0,0.0,-13.947,0.0,0.0,0.34951412000000004,0.0,0.0,-70.22748588,0.0,0.0
LEU   6,72.309,0.0,0.0,-3.207,0.0,0.0,-69.634,0.0,0.0,-9.238,0.0,0.0,1.05168054,0.0,0.0,-8.718319459999996,0.0,0.0
GLN   7,30.566,0.0,0.0,-3.961,0.0,0.0,-68.47,0.0,0.0,-20.689,0.0,0.0,0.85033296,0.0,0.0,-61.70366703999999,0.0,0.0
GLY   8,78.162,0.0,0.0,-3.851,0.0,0.0,-75.133,0.0,0.0,-3.453,0.0,0.0,0.24511950000000002,0.0,0.0,-4.0298804999999875,0.0,0.0
GLN   9,35.667,0.0,0.0,-6.808,0.0,0.0,-72.776,0.0,0.0,-13.884,0.0,0.0,0.67846476,0.0,0.0,-57.12253524,0.0,0.0
MET  10,102.011,0.0,0.0,-9.965,0.0,0.0,-80.36,0.0,0.0,-4.763,0.0,0.0,0.1969086,0.0,0.0,7.119908599999993,0.0,0.0
VAL  11,51.009,0.0,0.0,-3.796,0.0,0.0,-54.866,0.0,0.0,-2.396,0.0,0.0,0.40050006000000005,0.0,0.0,-9.648499939999999,0.0,0.0
HID  12,92.73,0.0,0.0,-9.882,0.0,0.0,-61.682,0.0,0.0,-10.859,0.0,0.0,0.34470658,0.0,0.0,10.651706579999997,0.0,0.0
GLN  13,26.797,0.0,0.0,-5.056,0.0,0.0,-69.352,0.0,0.0,-14.08,0.0,0.0,0.8323927600000001,0.0,0.0,-60.858607240000005,0.0,0.0
ALA  14,92.143,0.0,0.0,-3.654,0.0,0.0,-82.168,0.0,0.0,-0.71,0.0,0.0,0.36196386,0.0,0.0,5.972963859999998,0.0,0.0
ILE  15,95.334,0.0,0.0,-8.036,0.0,0.0,-75.482,0.0,0.0,-5.377,0.0,0.0,0.09129448000000001,0.0,0.0,6.530294480000003,0.0,0.0
SER  16,73.739,0.0,0.0,-4.13,0.0,0.0,-54.433,0.0,0.0,-7.725,0.0,0.0,0.26654476,0.0,0.0,7.71754476000001,0.0,0.0
PRO  17,91.776,0.0,0.0,-5.345,0.0,0.0,-60.536,0.0,0.0,-3.563,0.0,0.0,0.63442726,0.0,0.0,22.966427259999996,0.0,0.0
ARG  18,-180.082,0.0,0.0,-5.322,0.0,0.0,67.85,0.0,0.0,-53.754,0.0,0.0,1.2093917,0.0,0.0,-170.0986083,0.0,0.0
THR  19,45.815,0.0,0.0,-7.037,0.0,0.0,-54.737,0.0,0.0,-5.253,0.0,0.0,0.33529746,0.0,0.0,-20.876702540000004,0.0,0.0
LEU  20,57.678,0.0,0.0,-10.232,0.0,0.0,-57.39,0.0,0.0,-3.359,0.0,0.0,0.13827504000000002,0.0,0.0,-13.164724960000003,0.0,0.0
ASN  21,29.145,0.0,0.0,-5.994,0.0,0.0,-81.876,0.0,0.0,-17.33,0.0,0.0,0.60234086,0.0,0.0,-75.45265914000001,0.0,0.0
ALA  22,100.027,0.0,0.0,-3.624,0.0,0.0,-78.948,0.0,0.0,-3.962,0.0,0.0,0.32522168,0.0,0.0,13.818221680000013,0.0,0.0
TRP  23,137.373,0.0,0.0,-17.839,0.0,0.0,-93.792,0.0,0.0,-6.58,0.0,0.0,0.0344983,0.0,0.0,19.19649829999999,0.0,0.0
VAL  24,58.464,0.0,0.0,-6.867,0.0,0.0,-54.257,0.0,0.0,-6.968,0.0,0.0,0.30376932,0.0,0.0,-9.324230679999996,0.0,0.0
LYS  25,134.339,0.0,0.0,-7.534,0.0,0.0,-119.475,0.0,0.0,-22.637,0.0,0.0,0.80960166,0.0,0.0,-14.497398340000002,0.0,0.0
VAL  26,63.963,0.0,0.0,-5.839,0.0,0.0,-69.305,0.0,0.0,-2.978,0.0,0.0,0.25262078000000004,0.0,0.0,-13.906379220000003,0.0,0.0
VAL  27,45.973,0.0,0.0,-10.48,0.0,0.0,-51.956,0.0,0.0,-2.802,0.0,0.0,0.009148960000000001,0.0,0.0,-19.255851040000007,0.0,0.0
GLU  28,97.537,0.0,0.0,-6.859,0.0,0.0,-70.371,0.0,0.0,-71.651,0.0,0.0,0.56572334,0.0,0.0,-50.77827665999998,0.0,0.0
GLU  29,108.644,0.0,0.0,-4.386,0.0,0.0,-62.719,0.0,0.0,-88.558,0.0,0.0,0.82756896,0.0,0.0,-46.19143104,0.0,0.0
LYS  30,114.182,0.0,0.0,-7.169,0.0,0.0,-139.4,0.0,0.0,7.809,0.0,0.0,0.35947608000000003,0.0,0.0,-24.21852392,0.0,0.0
ALA  31,88.019,0.0,0.0,-4.573,0.0,0.0,-76.087,0.0,0.0,-3.842,0.0,0.0,0.30670696000000003,0.0,0.0,3.8237069599999947,0.0,0.0
PHE  32,108.493,0.0,0.0,-11.13,0.0,0.0,-82.467,0.0,0.0,-4.146,0.0,0.0,0.022536360000000002,0.0,0.0,10.77253636,0.0,0.0
SER  33,88.87,0.0,0.0,-4.902,0.0,0.0,-68.415,0.0,0.0,-4.785,0.0,0.0,0.27488614,0.0,0.0,11.042886139999997,0.0,0.0
PRO  34,80.361,0.0,0.0,-5.538,0.0,0.0,-55.919,0.0,0.0,-3.223,0.0,0.0,0.5219405800000001,0.0,0.0,16.20294058000001,0.0,0.0
GLU  35,111.081,0.0,0.0,-7.282,0.0,0.0,-107.258,0.0,0.0,-45.136,0.0,0.0,0.43425040000000004,0.0,0.0,-48.16074959999999,0.0,0.0
VAL  36,50.504,0.0,0.0,-9.681,0.0,0.0,-53.476,0.0,0.0,-1.43,0.0,0.0,0.0,0.0,0.0,-14.082999999999998,0.0,0.0
ILE  37,90.732,0.0,0.0,-7.754,0.0,0.0,-58.305,0.0,0.0,-1.788,0.0,0.0,0.1602152,0.0,0.0,23.045215199999994,0.0,0.0
PRO  38,84.5,0.0,0.0,-5.136,0.0,0.0,-61.429,0.0,0.0,-3.036,0.0,0.0,0.47531232,0.0,0.0,15.374312320000003,0.0,0.0
MET  39,94.412,0.0,0.0,-8.358,0.0,0.0,-73.726,0.0,0.0,-3.675,0.0,0.0,0.31656052,0.0,0.0,8.969560520000002,0.0,0.0
PHE  40,104.353,0.0,0.0,-14.075,0.0,0.0,-83.469,0.0,0.0,-1.432,0.0,0.0,0.0,0.0,0.0,5.376999999999997,0.0,0.0
SER  41,60.546,0.0,0.0,-6.563,0.0,0.0,-46.856,0.0,0.0,-10.406,0.0,0.0,0.27258264000000004,0.0,0.0,-3.0064173600000053,0.0,0.0
ALA  42,82.252,0.0,0.0,-4.777,0.0,0.0,-67.94,0.0,0.0,-4.345,0.0,0.0,0.39852718,0.0,0.0,5.588527179999997,0.0,0.0
LEU  43,83.743,0.0,0.0,-7.853,0.0,0.0,-81.69,0.0,0.0,-3.671,0.0,0.0,0.38136746000000005,0.0,0.0,-9.089632539999997,0.0,0.0
SER  44,71.486,0.0,0.0,-6.003,0.0,0.0,-75.009,0.0,0.0,-0.527,0.0,0.0,0.0,0.0,0.0,-10.052999999999995,0.0,0.0
GLU  45,104.132,0.0,0.0,-5.905,0.0,0.0,-72.05,0.0,0.0,-77.752,0.0,0.0,0.81289702,0.0,0.0,-50.76210297999999,0.0,0.0
GLY  46,69.954,0.0,0.0,-2.685,0.0,0.0,-70.392,0.0,0.0,0.548,0.0,0.0,0.1872068,0.0,0.0,-2.3877932000000044,0.0,0.0
ALA  47,105.802,0.0,0.0,-6.742,0.0,0.0,-86.375,0.0,0.0,-4.892,0.0,0.0,0.03042788,0.0,0.0,7.823427880000002,0.0,0.0
THR  48,57.899,0.0,0.0,-8.192,0.0,0.0,-62.272,0.0,0.0,-1.382,0.0,0.0,0.005636800000000001,0.0,0.0,-13.941363199999998,0.0,0.0
PRO  49,78.67,0.0,0.0,-8.564,0.0,0.0,-54.769,0.0,0.0,-1.52,0.0,0.0,0.055766380000000004,0.0,0.0,13.872766379999996,0.0,0.0
GLN  50,26.046,0.0,0.0,-8.205,0.0,0.0,-75.02,0.0,0.0,-7.411,0.0,0.0,0.41926410000000003,0.0,0.0,-64.17073589999998,0.0,0.0
ASP  51,90.937,0.0,0.0,-9.313,0.0,0.0,-129.819,0.0,0.0,-14.047,0.0,0.0,0.02264476,0.0,0.0,-62.21935523999999,0.0,0.0
LEU  52,60.799,0.0,0.0,-13.26,0.0,0.0,-69.309,0.0,0.0,-0.12,0.0,0.0,0.0,0.0,0.0,-21.889999999999997,0.0,0.0
ASN  53,45.259,0.0,0.0,-7.675,0.0,0.0,-108.147,0.0,0.0,-9.346,0.0,0.0,0.40877640000000004,0.0,0.0,-79.50022360000001,0.0,0.0
THR  54,53.507,0.0,0.0,-8.241,0.0,0.0,-65.763,0.0,0.0,-2.746,0.0,0.0,0.25115738,0.0,0.0,-22.991842620000007,0.0,0.0
MET  55,85.649,0.0,0.0,-12.068,0.0,0.0,-66.762,0.0,0.0,-1.936,0.0,0.0,0.0021788400000000005,0.0,0.0,4.885178840000003,0.0,0.0
LEU  56,69.199,0.0,0.0,-11.044,0.0,0.0,-68.563,0.0,0.0,-3.618,0.0,0.0,0.15962442000000002,0.0,0.0,-13.866375580000001,0.0,0.0
ASN  57,41.301,0.0,0.0,-5.005,0.0,0.0,-91.837,0.0,0.0,-19.449,0.0,0.0,0.6852831200000001,0.0,0.0,-74.30471688000002,0.0,0.0
THR  58,56.618,0.0,0.0,-7.456,0.0,0.0,-59.122,0.0,0.0,-4.265,0.0,0.0,0.1560689,0.0,0.0,-14.068931100000002,0.0,0.0
VAL  59,34.85,0.0,0.0,-9.403,0.0,0.0,-36.572,0.0,0.0,-3.009,0.0,0.0,0.0,0.0,0.0,-14.134,0.0,0.0
ALA  60,92.518,0.0,0.0,-5.851,0.0,0.0,-64.111,0.0,0.0,-6.449,0.0,0.0,0.05016210000000001,0.0,0.0,16.1571621,0.0,0.0
PRO  61,80.356,0.0,0.0,-5.838,0.0,0.0,-56.831,0.0,0.0,-4.235,0.0,0.0,0.30463652,0.0,0.0,13.756636519999999,0.0,0.0
HID  62,99.287,0.0,0.0,-6.592,0.0,0.0,-63.79,0.0,0.0,-15.883,0.0,0.0,0.6161293400000001,0.0,0.0,13.63812934000001,0.0,0.0
GLN  63,30.434,0.0,0.0,-6.066,0.0,0.0,-67.578,0.0,0.0,-11.183,0.0,0.0,0.73720672,0.0,0.0,-53.65579328,0.0,0.0
ALA  64,83.749,0.0,0.0,-4.546,0.0,0.0,-71.427,0.0,0.0,-3.896,0.0,0.0,0.3791832,0.0,0.0,4.259183199999982,0.0,0.0
ALA  65,88.112,0.0,0.0,-6.805,0.0,0.0,-76.965,0.0,0.0,-2.03,0.0,0.0,0.02115426,0.0,0.0,2.3331542599999846,0.0,0.0
ALA  66,94.228,0.0,0.0,-6.874,0.0,0.0,-83.649,0.0,0.0,-1.536,0.0,0.0,0.20069176,0.0,0.0,2.3696917599999985,0.0,0.0
GLN  67,41.853,0.0,0.0,-8.419,0.0,0.0,-76.021,0.0,0.0,-13.461,0.0,0.0,0.6117391400000001,0.0,0.0,-55.436260860000004,0.0,0.0
MET  68,97.591,0.0,0.0,-9.421,0.0,0.0,-74.195,0.0,0.0,-2.505,0.0,0.0,0.32402386000000005,0.0,0.0,11.794023859999996,0.0,0.0
LEU  69,84.617,0.0,0.0,-12.325,0.0,0.0,-77.504,0.0,0.0,-2.774,0.0,0.0,0.0035988800000000005,0.0,0.0,-7.982401120000003,0.0,0.0
LYS  70,123.194,0.0,0.0,-8.008,0.0,0.0,-115.145,0.0,0.0,-20.68,0.0,0.0,0.7614124400000001,0.0,0.0,-19.877587559999988,0.0,0.0
GLU  71,107.021,0.0,0.0,-7.322,0.0,0.0,-92.683,0.0,0.0,-65.893,0.0,0.0,0.5877664800000001,0.0,0.0,-58.28923352000001,0.0,0.0
THR  72,47.627,0.0,0.0,-7.244,0.0,0.0,-60.105,0.0,0.0,-4.66,0.0,0.0,0.00867742,0.0,0.0,-24.373322579999993,0.0,0.0
ILE  73,68.846,0.0,0.0,-9.884,0.0,0.0,-50.258,0.0,0.0,-4.411,0.0,0.0,0.054628180000000005,0.0,0.0,4.347628180000001,0.0,0.0
ASN  74,21.644,0.0,0.0,-7.02,0.0,0.0,-76.213,0.0,0.0,-12.075,0.0,0.0,0.52660178,0.0,0.0,-73.13739822,0.0,0.0
GLU  75,112.833,0.0,0.0,-6.541,0.0,0.0,-84.248,0.0,0.0,-74.019,0.0,0.0,0.5178268,0.0,0.0,-51.45717320000001,0.0,0.0
GLU  76,96.541,0.0,0.0,-10.607,0.0,0.0,-51.43,0.0,0.0,-87.703,0.0,0.0,0.14976544000000003,0.0,0.0,-53.04923456,0.0,0.0
ALA  77,83.869,0.0,0.0,-7.886,0.0,0.0,-72.78,0.0,0.0,-2.117,0.0,0.0,0.0952294,0.0,0.0,1.181229400000003,0.0,0.0
ALA  78,96.105,0.0,0.0,-5.436,0.0,0.0,-84.84,0.0,0.0,-1.083,0.0,0.0,0.36381208,0.0,0.0,5.109812080000007,0.0,0.0
GLU  79,106.51,0.0,0.0,-7.133,0.0,0.0,-91.702,0.0,0.0,-65.115,0.0,0.0,0.40905824,0.0,0.0,-57.03094175999998,0.0,0.0
TRP  80,120.286,0.0,0.0,-16.507,0.0,0.0,-90.773,0.0,0.0,-0.069,0.0,0.0,0.18657808,0.0,0.0,13.12357808,0.0,0.0
ASP  81,101.652,0.0,0.0,-8.659,0.0,0.0,-84.879,0.0,0.0,-60.814,0.0,0.0,0.34248438000000003,0.0,0.0,-52.35751562000001,0.0,0.0
ARG  82,-192.907,0.0,0.0,-7.774,0.0,0.0,3.38,0.0,0.0,21.34,0.0,0.0,0.89838126,0.0,0.0,-175.06261874,0.0,0.0
LEU  83,71.658,0.0,0.0,-7.741,0.0,0.0,-79.349,0.0,0.0,-1.535,0.0,0.0,0.52917086,0.0,0.0,-16.43782914,0.0,0.0
HID  84,113.886,0.0,0.0,-9.167,0.0,0.0,-76.252,0.0,0.0,-7.918,0.0,0.0,0.2744959,0.0,0.0,20.8234959,0.0,0.0
PRO  85,94.955,0.0,0.0,-4.59,0.0,0.0,-64.064,0.0,0.0,-6.014,0.0,0.0,0.59358214,0.0,0.0,20.88058214,0.0,0.0
VAL  86,50.243,0.0,0.0,-3.095,0.0,0.0,-49.138,0.0,0.0,-6.729,0.0,0.0,0.8419102800000001,0.0,0.0,-7.877089719999994,0.0,0.0
HID  87,92.745,0.0,0.0,-6.266,0.0,0.0,-59.896,0.0,0.0,-10.814,0.0,0.0,0.57958228,0.0,0.0,16.34858228,0.0,0.0
ALA  88,92.807,0.0,0.0,-1.943,0.0,0.0,-72.888,0.0,0.0,-9.361,0.0,0.0,0.59328404,0.0,0.0,9.208284039999999,0.0,0.0
GLY  89,89.895,0.0,0.0,-1.704,0.0,0.0,-71.219,0.0,0.0,-9.917,0.0,0.0,0.35846796000000003,0.0,0.0,7.413467960000009,0.0,0.0
PRO  90,86.575,0.0,0.0,-3.104,0.0,0.0,-54.915,0.0,0.0,-9.113,0.0,0.0,0.7811846,0.0,0.0,20.224184600000005,0.0,0.0
ILE  91,75.286,0.0,0.0,-5.066,0.0,0.0,-57.581,0.0,0.0,-2.869,0.0,0.0,0.61647622,0.0,0.0,10.386476219999995,0.0,0.0
ALA  92,93.785,0.0,0.0,-1.865,0.0,0.0,-72.69,0.0,0.0,-4.407,0.0,0.0,0.28530338000000005,0.0,0.0,15.108303380000004,0.0,0.0
PRO  93,85.335,0.0,0.0,-2.899,0.0,0.0,-56.269,0.0,0.0,-8.51,0.0,0.0,0.8074174000000001,0.0,0.0,18.464417399999995,0.0,0.0
GLY  94,69.748,0.0,0.0,-2.252,0.0,0.0,-64.897,0.0,0.0,-7.506,0.0,0.0,0.50047196,0.0,0.0,-4.406528039999996,0.0,0.0
GLN  95,35.108,0.0,0.0,-5.609,0.0,0.0,-80.673,0.0,0.0,-6.053,0.0,0.0,0.2597535,0.0,0.0,-56.9672465,0.0,0.0
MET  96,107.626,0.0,0.0,-10.173,0.0,0.0,-79.973,0.0,0.0,-6.035,0.0,0.0,0.1987785,0.0,0.0,11.643778500000003,0.0,0.0
ARG  97,-193.358,0.0,0.0,-4.287,0.0,0.0,-26.309,0.0,0.0,38.733,0.0,0.0,0.51054774,0.0,0.0,-184.71045226,0.0,0.0
GLU  98,101.463,0.0,0.0,-5.94,0.0,0.0,-59.534,0.0,0.0,-85.734,0.0,0.0,0.41755138,0.0,0.0,-49.32744862,0.0,0.0
PRO  99,94.475,0.0,0.0,-9.027,0.0,0.0,-63.31,0.0,0.0,-1.481,0.0,0.0,0.036482020000000004,0.0,0.0,20.69348201999999,0.0,0.0
ARG 100,-192.877,0.0,0.0,-9.85,0.0,0.0,-14.728,0.0,0.0,37.356,0.0,0.0,0.32651164,0.0,0.0,-179.77248836,0.0,0.0
GLY 101,77.358,0.0,0.0,-5.917,0.0,0.0,-84.66,0.0,0.0,0.289,0.0,0.0,0.0039024000000000003,0.0,0.0,-12.926097599999995,0.0,0.0
SER 102,66.851,0.0,0.0,-7.118,0.0,0.0,-63.644,0.0,0.0,-2.373,0.0,0.0,0.24520622,0.0,0.0,-6.0387937800000016,0.0,0.0
ASP 103,93.846,0.0,0.0,-7.843,0.0,0.0,-94.153,0.0,0.0,-49.489,0.0,0.0,0.02058516,0.0,0.0,-57.61841484,0.0,0.0
ILE 104,88.525,0.0,0.0,-12.115,0.0,0.0,-62.74,0.0,0.0,-1.533,0.0,0.0,0.012195000000000001,0.0,0.0,12.14919500000001,0.0,0.0
ALA 105,86.682,0.0,0.0,-5.491,0.0,0.0,-76.091,0.0,0.0,-2.741,0.0,0.0,0.16325582,0.0,0.0,2.5222558200000083,0.0,0.0
GLY 106,87.802,0.0,0.0,-4.241,0.0,0.0,-85.967,0.0,0.0,-4.027,0.0,0.0,0.18804148000000004,0.0,0.0,-6.244958519999992,0.0,0.0
THR 107,48.508,0.0,0.0,-4.663,0.0,0.0,-55.702,0.0,0.0,-7.783,0.0,0.0,0.6358039400000001,0.0,0.0,-19.00419606,0.0,0.0
THR 108,36.286,0.0,0.0,-4.498,0.0,0.0,-51.908,0.0,0.0,-2.507,0.0,0.0,0.4159308,0.0,0.0,-22.2110692,0.0,0.0
SER 109,74.568,0.0,0.0,-6.372,0.0,0.0,-63.551,0.0,0.0,-5.63,0.0,0.0,0.10922926,0.0,0.0,-0.8757707400000039,0.0,0.0
THR 110,32.054,0.0,0.0,-4.92,0.0,0.0,-36.855,0.0,0.0,-4.785,0.0,0.0,0.42319902000000004,0.0,0.0,-14.082800979999996,0.0,0.0
LEU 111,65.514,0.0,0.0,-7.946,0.0,0.0,-64.772,0.0,0.0,-3.166,0.0,0.0,0.24723330000000002,0.0,0.0,-10.122766700000009,0.0,0.0
GLN 112,36.171,0.0,0.0,-7.236,0.0,0.0,-72.432,0.0,0.0,-16.274,0.0,0.0,0.6549853200000001,0.0,0.0,-59.11601468,0.0,0.0
GLU 113,103.477,0.0,0.0,-7.515,0.0,0.0,-86.519,0.0,0.0,-60.804,0.0,0.0,0.30213248000000004,0.0,0.0,-51.05886752000001,0.0,0.0
GLN 114,38.572,0.0,0.0,-10.229,0.0,0.0,-84.977,0.0,0.0,-3.169,0.0,0.0,0.014270860000000002,0.0,0.0,-59.788729139999994,0.0,0.0
ILE 115,85.394,0.0,0.0,-9.677,0.0,0.0,-70.484,0.0,0.0,-2.014,0.0,0.0,0.11865464,0.0,0.0,3.3376546400000184,0.0,0.0
GLY 116,78.541,0.0,0.0,-5.369,0.0,0.0,-76.671,0.0,0.0,-2.05,0.0,0.0,0.09695296000000002,0.0,0.0,-5.452047040000009,0.0,0.0
TRP 117,121.714,0.0,0.0,-19.215,0.0,0.0,-92.661,0.0,0.0,-1.814,0.0,0.0,0.00719234,0.0,0.0,8.031192339999993,0.0,0.0
MET 118,96.15,0.0,0.0,-9.899,0.0,0.0,-82.115,0.0,0.0,-4.181,0.0,0.0,0.36789334,0.0,0.0,0.32289334000000985,0.0,0.0
THR 119,36.818,0.0,0.0,-5.884,0.0,0.0,-45.174,0.0,0.0,-7.586,0.0,0.0,0.38404494,0.0,0.0,-21.44195506,0.0,0.0
HID 120,93.368,0.0,0.0,-9.665,0.0,0.0,-62.131,0.0,0.0,-5.749,0.0,0.0,0.2015698,0.0,0.0,16.024569800000005,0.0,0.0
ASN 121,29.89,0.0,0.0,-3.933,0.0,0.0,-67.962,0.0,0.0,-19.55,0.0,0.0,0.75166186,0.0,0.0,-60.80333814000001,0.0,0.0
PRO 122,97.661,0.0,0.0,-4.665,0.0,0.0,-57.835,0.0,0.0,-5.933,0.0,0.0,0.68480074,0.0,0.0,29.912800739999994,0.0,0.0
PRO 123,82.137,0.0,0.0,-6.403,0.0,0.0,-56.068,0.0,0.0,-5.022,0.0,0.0,0.4322504200000001,0.0,0.0,15.076250419999997,0.0,0.0
ILE 124,97.003,0.0,0.0,-6.128,0.0,0.0,-60.811,0.0,0.0,-1.995,0.0,0.0,0.25918982,0.0,0.0,28.32818982,0.0,0.0
PRO 125,90.055,0.0,0.0,-5.667,0.0,0.0,-64.288,0.0,0.0,-1.736,0.0,0.0,0.3520019,0.0,0.0,18.71600190000001,0.0,0.0
VAL 126,53.416,0.0,0.0,-9.355,0.0,0.0,-55.271,0.0,0.0,-1.644,0.0,0.0,0.00985898,0.0,0.0,-12.844141020000007,0.0,0.0
GLY 127,71.69,0.0,0.0,-5.171,0.0,0.0,-72.008,0.0,0.0,-2.146,0.0,0.0,0.04724072,0.0,0.0,-7.587759280000005,0.0,0.0
GLU 128,102.755,0.0,0.0,-7.951,0.0,0.0,-99.77,0.0,0.0,-48.711,0.0,0.0,0.45557268000000006,0.0,0.0,-53.22142731999999,0.0,0.0
ILE 129,86.231,0.0,0.0,-10.186,0.0,0.0,-65.225,0.0,0.0,-0.478,0.0,0.0,0.13031306,0.0,0.0,10.472313059999994,0.0,0.0
TYR 130,94.502,0.0,0.0,-15.9,0.0,0.0,-85.919,0.0,0.0,-3.613,0.0,0.0,0.05726772000000001,0.0,0.0,-10.872732280000006,0.0,0.0
LYS 131,143.647,0.0,0.0,-12.381,0.0,0.0,-168.947,0.0,0.0,25.76,0.0,0.0,0.07752226000000001,0.0,0.0,-11.84347774000001,0.0,0.0
ARG 132,-189.588,0.0,0.0,-9.349,0.0,0.0,31.651,0.0,0.0,-14.575,0.0,0.0,0.9184461000000002,0.0,0.0,-180.94255389999995,0.0,0.0
TRP 133,124.326,0.0,0.0,-17.597,0.0,0.0,-93.134,0.0,0.0,-5.299,0.0,0.0,0.04160392,0.0,0.0,8.337603919999985,0.0,0.0
ILE 134,85.827,0.0,0.0,-12.926,0.0,0.0,-70.343,0.0,0.0,-0.945,0.0,0.0,0.0,0.0,0.0,1.6129999999999929,0.0,0.0
ILE 135,79.758,0.0,0.0,-8.246,0.0,0.0,-62.909,0.0,0.0,-0.289,0.0,0.0,0.17919604,0.0,0.0,8.493196040000003,0.0,0.0
LEU 136,67.903,0.0,0.0,-6.625,0.0,0.0,-73.068,0.0,0.0,0.875,0.0,0.0,0.35893949999999997,0.0,0.0,-10.556060499999992,0.0,0.0
GLY 137,76.268,0.0,0.0,-7.315,0.0,0.0,-76.835,0.0,0.0,-0.02,0.0,0.0,0.0,0.0,0.0,-7.90199999999999,0.0,0.0
LEU 138,65.798,0.0,0.0,-11.805,0.0,0.0,-70.044,0.0,0.0,-0.529,0.0,0.0,0.0,0.0,0.0,-16.579999999999995,0.0,0.0
ASN 139,52.916,0.0,0.0,-7.314,0.0,0.0,-105.076,0.0,0.0,-9.316,0.0,0.0,0.38182274000000005,0.0,0.0,-68.40817725999999,0.0,0.0
LYS 140,137.513,0.0,0.0,-8.32,0.0,0.0,-161.613,0.0,0.0,16.597,0.0,0.0,0.40065182000000005,0.0,0.0,-15.422348179999986,0.0,0.0
ILE 141,94.753,0.0,0.0,-11.595,0.0,0.0,-79.762,0.0,0.0,-0.965,0.0,0.0,0.0,0.0,0.0,2.431000000000001,0.0,0.0
VAL 142,68.686,0.0,0.0,-10.202,0.0,0.0,-59.619,0.0,0.0,-3.147,0.0,0.0,0.03302948000000001,0.0,0.0,-4.248970519999991,0.0,0.0
ARG 143,-190.035,0.0,0.0,-8.241,0.0,0.0,66.545,0.0,0.0,-35.894,0.0,0.0,1.01610908,0.0,0.0,-166.60889092,0.0,0.0
MET 144,96.418,0.0,0.0,-7.418,0.0,0.0,-74.363,0.0,0.0,-6.262,0.0,0.0,0.55543076,0.0,0.0,8.93043076,0.0,0.0
TYR 145,92.186,0.0,0.0,-8.476,0.0,0.0,-84.834,0.0,0.0,-8.512,0.0,0.0,0.5174040400000001,0.0,0.0,-9.118595959999995,0.0,0.0
SER 146,72.807,0.0,0.0,-4.93,0.0,0.0,-48.832,0.0,0.0,-11.422,0.0,0.0,0.29532496,0.0,0.0,7.9183249600000085,0.0,0.0
PRO 147,84.377,0.0,0.0,-3.272,0.0,0.0,-61.842,0.0,0.0,-5.508,0.0,0.0,0.7712660000000001,0.0,0.0,14.526265999999993,0.0,0.0
THR 148,48.464,0.0,0.0,-3.823,0.0,0.0,-54.368,0.0,0.0,-8.224,0.0,0.0,0.59461194,0.0,0.0,-17.356388060000004,0.0,0.0
SER 149,64.423,0.0,0.0,-2.265,0.0,0.0,-45.54,0.0,0.0,-13.693,0.0,0.0,0.6524325000000001,0.0,0.0,3.5774325000000027,0.0,0.0
ILE 150,62.957,0.0,0.0,-1.073,0.0,0.0,-28.107,0.0,0.0,-11.112,0.0,0.0,1.29418218,0.0,0.0,23.95918218,0.0,0.0

Ligand:
Total Energy Decomposition:
Residue,Internal,,,van der Waals,,,Electrostatic,,,Polar Solvation,,,Non-Polar Solv.,,,TOTAL,,
,Avg.,Std. Dev.,Std. Err. of Mean,Avg.,Std. Dev.,Std. Err. of Mean,Avg.,Std. Dev.,Std. Err. of Mean,Avg.,Std. Dev.,Std. Err. of Mean,Avg.,Std. Dev.,Std. Err. of Mean,Avg.,Std. Dev.,Std. Err. of Mean
LEU   1,39.526,0.0,0.0,-2.622,0.0,0.0,-36.445,0.0,0.0,-6.147,0.0,0.0,1.09134952,0.0,0.0,-4.596650479999997,0.0,0.0
ASP   2,113.984,0.0,0.0,-3.461,0.0,0.0,-124.008,0.0,0.0,-43.864,0.0,0.0,0.5522709,0.0,0.0,-56.79672909999999,0.0,0.0
ILE   3,102.416,0.0,0.0,-5.123,0.0,0.0,-74.716,0.0,0.0,-3.815,0.0,0.0,0.11088778,0.0,0.0,18.872887779999996,0.0,0.0
ARG   4,-195.288,0.0,0.0,-6.333,0.0,0.0,30.389,0.0,0.0,-9.509,0.0,0.0,0.8247505600000001,0.0,0.0,-179.91624943999997,0.0,0.0
GLN   5,30.611,0.0,0.0,-11.531,0.0,0.0,-85.822,0.0,0.0,-2.389,0.0,0.0,0.09504512000000001,0.0,0.0,-69.03595488,0.0,0.0
GLY   6,89.116,0.0,0.0,-1.232,0.0,0.0,-71.325,0.0,0.0,-7.319,0.0,0.0,0.10549488,0.0,0.0,9.345494879999999,0.0,0.0
PRO   7,87.695,0.0,0.0,-3.072,0.0,0.0,-53.462,0.0,0.0,-11.164,0.0,0.0,0.7686915,0.0,0.0,20.765691499999985,0.0,0.0
LYS   8,119.029,0.0,0.0,-3.066,0.0,0.0,-85.888,0.0,0.0,-47.943,0.0,0.0,1.25026934,0.0,0.0,-16.61773066000001,0.0,0.0
GLU   9,110.232,0.0,0.0,-3.774,0.0,0.0,-128.273,0.0,0.0,-26.759,0.0,0.0,0.23225784,0.0,0.0,-48.341742159999995,0.0,0.0
PRO  10,81.139,0.0,0.0,-5.812,0.0,0.0,-54.123,0.0,0.0,-2.576,0.0,0.0,0.45783282000000003,0.0,0.0,19.08583282,0.0,0.0
PHE  11,102.568,0.0,0.0,-12.502,0.0,0.0,-74.952,0.0,0.0,-2.147,0.0,0.0,0.12947296000000003,0.0,0.0,13.096472960000003,0.0,0.0
ARG  12,-187.464,0.0,0.0,-8.124,0.0,0.0,13.826,0.0,0.0,6.903,0.0,0.0,0.65827526,0.0,0.0,-174.20072474,0.0,0.0
ASP  13,86.842,0.0,0.0,-8.123,0.0,0.0,-74.553,0.0,0.0,-70.55,0.0,0.0,0.41339966,0.0,0.0,-65.97060034,0.0,0.0
TYR  14,100.347,0.0,0.0,-16.953,0.0,0.0,-99.347,0.0,0.0,-0.21,0.0,0.0,0.0,0.0,0.0,-16.163000000000004,0.0,0.0
VAL  15,53.643,0.0,0.0,-10.277,0.0,0.0,-58.153,0.0,0.0,1.406,0.0,0.0,0.04074756,0.0,0.0,-13.340252439999999,0.0,0.0
ASP  16,96.893,0.0,0.0,-6.364,0.0,0.0,-103.304,0.0,0.0,-40.758,0.0,0.0,0.3328422,0.0,0.0,-53.20015780000001,0.0,0.0
ARG  17,-190.474,0.0,0.0,-9.406,0.0,0.0,22.706,0.0,0.0,-6.57,0.0,0.0,0.49953430000000004,0.0,0.0,-183.2444657,0.0,0.0
PHE  18,95.199,0.0,0.0,-14.767,0.0,0.0,-82.217,0.0,0.0,-0.46,0.0,0.0,0.02881272,0.0,0.0,-2.2161872799999967,0.0,0.0
TYR  19,97.811,0.0,0.0,-9.874,0.0,0.0,-95.038,0.0,0.0,-3.464,0.0,0.0,0.66920198,0.0,0.0,-9.895798019999985,0.0,0.0
LYS  20,147.553,0.0,0.0,-7.457,0.0,0.0,-99.549,0.0,0.0,-47.421,0.0,0.0,0.835222,0.0,0.0,-6.038778000000002,0.0,0.0
THR  21,41.916,0.0,0.0,-7.108,0.0,0.0,-50.709,0.0,0.0,-7.073,0.0,0.0,0.28041454000000005,0.0,0.0,-22.693585460000005,0.0,0.0
LEU  22,77.12,0.0,0.0,-8.874,0.0,0.0,-66.633,0.0,0.0,-3.08,0.0,0.0,0.12256246000000001,0.0,0.0,-1.3444375399999864,0.0,0.0
ARG  23,-195.634,0.0,0.0,-9.143,0.0,0.0,73.992,0.0,0.0,-50.143,0.0,0.0,0.79954214,0.0,0.0,-180.12845785999997,0.0,0.0
ALA  24,88.268,0.0,0.0,-4.466,0.0,0.0,-78.727,0.0,0.0,-5.78,0.0,0.0,0.44822858000000004,0.0,0.0,-0.25677141999999736,0.0,0.0
GLU  25,106.609,0.0,0.0,-5.694,0.0,0.0,-74.604,0.0,0.0,-79.523,0.0,0.0,0.7539978800000001,0.0,0.0,-52.45800212,0.0,0.0
GLN  26,34.033,0.0,0.0,-3.61,0.0,0.0,-58.612,0.0,0.0,-24.521,0.0,0.0,0.87209426,0.0,0.0,-51.837905740000004,0.0,0.0
ALA  27,95.306,0.0,0.0,-3.773,0.0,0.0,-85.86,0.0,0.0,0.354,0.0,0.0,0.14373298,0.0,0.0,6.170732980000002,0.0,0.0
SER  28,66.381,0.0,0.0,-4.463,0.0,0.0,-58.427,0.0,0.0,-5.519,0.0,0.0,0.38164388000000005,0.0,0.0,-1.6463561200000005,0.0,0.0
GLN  29,30.159,0.0,0.0,-6.081,0.0,0.0,-73.835,0.0,0.0,-5.471,0.0,0.0,0.68929392,0.0,0.0,-54.53870608,0.0,0.0
GLU  30,112.501,0.0,0.0,-5.325,0.0,0.0,-82.527,0.0,0.0,-74.599,0.0,0.0,0.76850722,0.0,0.0,-49.18149278,0.0,0.0
VAL  31,64.858,0.0,0.0,-6.112,0.0,0.0,-55.508,0.0,0.0,-3.536,0.0,0.0,0.26716264,0.0,0.0,-0.03083736000000048,0.0,0.0
LYS  32,118.541,0.0,0.0,-8.484,0.0,0.0,-87.532,0.0,0.0,-38.749,0.0,0.0,0.25391616,0.0,0.0,-15.970083839999997,0.0,0.0
ASN  33,24.08,0.0,0.0,-7.034,0.0,0.0,-83.718,0.0,0.0,-10.064,0.0,0.0,0.6101294,0.0,0.0,-76.12587059999998,0.0,0.0
TRP  34,123.622,0.0,0.0,-10.181,0.0,0.0,-90.253,0.0,0.0,-7.34,0.0,0.0,0.8906360800000002,0.0,0.0,16.738636080000003,0.0,0.0
MET  35,103.093,0.0,0.0,-9.961,0.0,0.0,-84.911,0.0,0.0,-2.958,0.0,0.0,0.23043672,0.0,0.0,5.493436720000004,0.0,0.0
THR  36,44.199,0.0,0.0,-6.065,0.0,0.0,-54.542,0.0,0.0,-2.977,0.0,0.0,0.21293554,0.0,0.0,-19.17206446,0.0,0.0
GLU  37,102.187,0.0,0.0,-6.402,0.0,0.0,-51.939,0.0,0.0,-93.475,0.0,0.0,0.5308022800000001,0.0,0.0,-49.098197719999995,0.0,0.0
THR  38,39.57,0.0,0.0,-5.585,0.0,0.0,-45.47,0.0,0.0,-3.243,0.0,0.0,0.37363312000000004,0.0,0.0,-14.35436688,0.0,0.0
LEU  39,68.444,0.0,0.0,-9.012,0.0,0.0,-65.358,0.0,0.0,-0.645,0.0,0.0,0.18862684000000002,0.0,0.0,-6.382373160000001,0.0,0.0
LEU  40,87.276,0.0,0.0,-9.883,0.0,0.0,-91.04,0.0,0.0,0.786,0.0,0.0,0.0035988800000000005,0.0,0.0,-12.857401120000006,0.0,0.0
VAL  41,49.731,0.0,0.0,-7.809,0.0,0.0,-55.107,0.0,0.0,1.104,0.0,0.0,0.09871446000000002,0.0,0.0,-11.982285539999996,0.0,0.0
GLN  42,20.959,0.0,0.0,-6.127,0.0,0.0,-69.199,0.0,0.0,-2.214,0.0,0.0,0.47751825999999997,0.0,0.0,-56.10348174,0.0,0.0
ASN  43,19.046,0.0,0.0,-7.008,0.0,0.0,-82.226,0.0,0.0,-4.209,0.0,0.0,0.08193956000000001,0.0,0.0,-74.31506044000001,0.0,0.0
ALA  44,93.959,0.0,0.0,-7.56,0.0,0.0,-86.111,0.0,0.0,2.809,0.0,0.0,0.010563580000000001,0.0,0.0,3.1075635799999968,0.0,0.0
ASN  45,50.812,0.0,0.0,-6.87,0.0,0.0,-92.403,0.0,0.0,-11.548,0.0,0.0,0.15084944,0.0,0.0,-59.858150560000006,0.0,0.0
PRO  46,81.457,0.0,0.0,-4.802,0.0,0.0,-53.728,0.0,0.0,-5.81,0.0,0.0,0.54392952,0.0,0.0,17.66092952,0.0,0.0
ASP  47,88.96,0.0,0.0,-4.821,0.0,0.0,-59.073,0.0,0.0,-82.857,0.0,0.0,0.51916012,0.0,0.0,-57.27183988,0.0,0.0
CYX  48,103.611,0.0,0.0,-5.589,0.0,0.0,-80.076,0.0,0.0,-4.468,0.0,0.0,0.04603748,0.0,0.0,13.524037480000013,0.0,0.0
LYS  49,140.609,0.0,0.0,-10.777,0.0,0.0,-108.354,0.0,0.0,-33.179,0.0,0.0,0.24168864,0.0,0.0,-11.45931135999998,0.0,0.0
THR  50,48.992,0.0,0.0,-5.54,0.0,0.0,-56.713,0.0,0.0,-8.295,0.0,0.0,0.5737991400000001,0.0,0.0,-20.982200860000006,0.0,0.0
ILE  51,72.436,0.0,0.0,-5.776,0.0,0.0,-51.438,0.0,0.0,-3.477,0.0,0.0,0.5121954200000001,0.0,0.0,12.257195420000008,0.0,0.0
LEU  52,79.878,0.0,0.0,-11.596,0.0,0.0,-68.511,0.0,0.0,-5.867,0.0,0.0,0.01423292,0.0,0.0,-6.081767079999999,0.0,0.0
LYS  53,119.326,0.0,0.0,-6.881,0.0,0.0,-89.687,0.0,0.0,-41.388,0.0,0.0,0.6597115600000001,0.0,0.0,-17.97028844,0.0,0.0
ALA  54,85.431,0.0,0.0,-3.485,0.0,0.0,-73.828,0.0,0.0,-5.29,0.0,0.0,0.48110088,0.0,0.0,3.309100879999995,0.0,0.0
LEU  55,70.055,0.0,0.0,-7.359,0.0,0.0,-72.693,0.0,0.0,-5.103,0.0,0.0,0.43550242,0.0,0.0,-14.664497579999992,0.0,0.0
GLY  56,89.551,0.0,0.0,-2.406,0.0,0.0,-72.412,0.0,0.0,-10.439,0.0,0.0,0.16433440000000002,0.0,0.0,4.45833439999999,0.0,0.0
PRO  57,84.077,0.0,0.0,-2.866,0.0,0.0,-50.773,0.0,0.0,-10.752,0.0,0.0,0.7185077200000001,0.0,0.0,20.404507719999994,0.0,0.0
GLY  58,66.976,0.0,0.0,-1.849,0.0,0.0,-63.266,0.0,0.0,-7.632,0.0,0.0,0.42621796000000006,0.0,0.0,-5.344782040000003,0.0,0.0
ALA  59,101.764,0.0,0.0,-4.917,0.0,0.0,-87.738,0.0,0.0,-2.746,0.0,0.0,0.08150596,0.0,0.0,6.4445059599999945,0.0,0.0
THR  60,54.527,0.0,0.0,-5.122,0.0,0.0,-52.319,0.0,0.0,-5.286,0.0,0.0,0.46563762000000003,0.0,0.0,-7.734362380000001,0.0,0.0
LEU  61,62.904,0.0,0.0,-6.336,0.0,0.0,-61.803,0.0,0.0,-4.966,0.0,0.0,0.2610543,0.0,0.0,-9.939945699999994,0.0,0.0
GLU  62,108.076,0.0,0.0,-6.504,0.0,0.0,-58.797,0.0,0.0,-95.74,0.0,0.0,0.7294127600000001,0.0,0.0,-52.23558724,0.0,0.0
GLU  63,104.084,0.0,0.0,-7.058,0.0,0.0,-57.429,0.0,0.0,-91.097,0.0,0.0,0.48441792000000006,0.0,0.0,-51.01558207999999,0.0,0.0
MET  64,94.586,0.0,0.0,-11.209,0.0,0.0,-78.633,0.0,0.0,-1.175,0.0,0.0,0.04571228,0.0,0.0,3.61471228,0.0,0.0
MET  65,100.179,0.0,0.0,-8.716,0.0,0.0,-81.774,0.0,0.0,-4.9,0.0,0.0,0.29178570000000004,0.0,0.0,5.080785700000007,0.0,0.0
THR  66,40.417,0.0,0.0,-4.655,0.0,0.0,-42.204,0.0,0.0,-4.971,0.0,0.0,0.6053598,0.0,0.0,-10.8076402,0.0,0.0
ALA  67,77.938,0.0,0.0,-5.012,0.0,0.0,-63.715,0.0,0.0,-3.141,0.0,0.0,0.15507704,0.0,0.0,6.225077039999999,0.0,0.0
CYX  68,93.604,0.0,0.0,-4.749,0.0,0.0,-74.867,0.0,0.0,-5.834,0.0,0.0,0.19193304,0.0,0.0,8.34593304,0.0,0.0
GLN  69,39.505,0.0,0.0,-2.884,0.0,0.0,-72.581,0.0,0.0,-19.948,0.0,0.0,0.9554430200000001,0.0,0.0,-54.952556980000004,0.0,0.0
GLY  70,97.171,0.0,0.0,-1.641,0.0,0.0,-81.716,0.0,0.0,-8.189,0.0,0.0,0.45076514000000006,0.0,0.0,6.075765140000007,0.0,0.0
VAL  71,35.463,0.0,0.0,-2.13,0.0,0.0,-28.624,0.0,0.0,-95.096,0.0,0.0,1.0358812400000001,0.0,0.0,-89.35111876,0.0,0.0

DELTAS:
Total Energy Decomposition:
Residue,Location,Internal,,,van der Waals,,,Electrostatic,,,Polar Solvation,,,Non-Polar Solv.,,,TOTAL,,
,,Avg.,Std. Dev.,Std. Err. of Mean,Avg.,Std. Dev.,Std. Err. of Mean,Avg.,Std. Dev.,Std. Err. of Mean,Avg.,Std. Dev.,Std. Err. of Mean,Avg.,Std. Dev.,Std. Err. of Mean
PRO   1,R PRO   1,0.0,0.0,0.0,-0.001000000000000334,0.0,0.0,-3.1899999999999977,0.0,0.0,3.2020000000000004,0.0,0.0,0.0,0.0,0.0,0.011000000000011667,0.0,0.0
ILE   2,R ILE   2,0.0,0.0,0.0,-0.0010000000000012221,0.0,0.0,-0.036000000000001364,0.0,0.0,0.03500000000000014,0.0,0.0,0.0,0.0,0.0,-0.002000000000005997,0.0,0.0
VAL   3,R VAL   3,0.0,0.0,0.0,-0.001000000000000334,0.0,0.0,-0.020000000000003126,0.0,0.0,0.020000000000000018,0.0,0.0,0.0,0.0,0.0,-0.0010000000000012221,0.0,0.0
GLN   4,R GLN   4,0.0,0.0,0.0,-0.001000000000000334,0.0,0.0,0.021999999999998465,0.0,0.0,-0.02200000000000024,0.0,0.0,0.0,0.0,0.0,-0.0009999999999976694,0.0,0.0
ASN   5,R ASN   5,0.0,0.0,0.0,-0.0009999999999994458,0.0,0.0,0.04800000000000182,0.0,0.0,-0.04800000000000004,0.0,0.0,0.0,0.0,0.0,-0.0010000000000047748,0.0,0.0
LEU   6,R LEU   6,0.0,0.0,0.0,0.0,0.0,0.0,0.022999999999996135,0.0,0.0,-0.02200000000000024,0.0,0.0,0.0,0.0,0.0,0.000999999999995893,0.0,0.0
GLN   7,R GLN   7,0.0,0.0,0.0,0.0,0.0,0.0,0.0010000000000047748,0.0,0.0,-0.0010000000000012221,0.0,0.0,0.0,0.0,0.0,7.105427357601002e-15,0.0,0.0
GLY   8,R GLY   8,0.0,0.0,0.0,0.0,0.0,0.0,0.001999999999995339,0.0,0.0,-0.001000000000000334,0.0,0.0,0.0,0.0,0.0,0.0009999999999941167,0.0,0.0
GLN   9,R GLN   9,0.0,0.0,0.0,0.0,0.0,0.0,-0.01300000000000523,0.0,0.0,0.0129999999999999,0.0,0.0,0.0,0.0,0.0,-7.105427357601002e-15,0.0,0.0
MET  10,R MET  10,0.0,0.0,0.0,0.0,0.0,0.0,-0.01300000000000523,0.0,0.0,0.011999999999999567,0.0,0.0,0.0,0.0,0.0,-0.0010000000000065512,0.0,0.0
VAL  11,R VAL  11,0.0,0.0,0.0,-0.001000000000000334,0.0,0.0,-0.0020000000000024443,0.0,0.0,0.0009999999999998899,0.0,0.0,0.0,0.0,0.0,-0.0019999999999988916,0.0,0.0
HID  12,R HID  12,0.0,0.0,0.0,0.0,0.0,0.0,0.036999999999999034,0.0,0.0,-0.03599999999999959,0.0,0.0,0.0,0.0,0.0,0.0009999999999994458,0.0,0.0
GLN  13,R GLN  13,0.0,0.0,0.0,0.0,0.0,0.0,0.0010000000000047748,0.0,0.0,-0.002000000000000668,0.0,0.0,0.0,0.0,0.0,-0.0009999999999976694,0.0,0.0
ALA  14,R ALA  14,0.0,0.0,0.0,0.0,0.0,0.0,0.017000000000010118,0.0,0.0,-0.016000000000000014,0.0,0.0,0.0,0.0,0.0,0.001000000000010104,0.0,0.0
ILE  15,R ILE  15,0.0,0.0,0.0,-0.0010000000000012221,0.0,0.0,0.045000000000001705,0.0,0.0,-0.04400000000000048,0.0,0.0,0.0,0.0,0.0,-3.552713678800501e-15,0.0,0.0
SER  16,R SER  16,0.0,0.0,0.0,-0.001000000000000334,0.0,0.0,-0.07500000000000284,0.0,0.0,0.07399999999999984,0.0,0.0,0.0,0.0,0.0,-0.0020000000000077733,0.0,0.0
PRO  17,R PRO  17,0.0,0.0,0.0,0.0,0.0,0.0,-0.05100000000000193,0.0,0.0,0.051000000000000156,0.0,0.0,0.0,0.0,0.0,-3.552713678800501e-15,0.0,0.0
ARG  18,R ARG  18,0.0,0.0,0.0,-0.001000000000000334,0.0,0.0,-3.8619999999999948,0.0,0.0,3.8669999999999973,0.0,0.0,0.0,0.0,0.0,0.003999999999990678,0.0,0.0
THR  19,R THR  19,0.0,0.0,0.0,-0.001000000000000334,0.0,0.0,-0.031999999999996476,0.0,0.0,0.03300000000000036,0.0,0.0,0.0,0.0,0.0,7.105427357601002e-15,0.0,0.0
LEU  20,R LEU  20,0.0,0.0,0.0,-0.0010000000000012221,0.0,0.0,-0.08599999999999852,0.0,0.0,0.08599999999999985,0.0,0.0,0.0,0.0,0.0,-0.0010000000000029985,0.0,0.0
ASN  21,R ASN  21,0.0,0.0,0.0,-0.001000000000000334,0.0,0.0,-0.11399999999999011,0.0,0.0,0.11399999999999721,0.0,0.0,0.0,0.0,0.0,-0.000999999999990564,0.0,0.0
ALA  22,R ALA  22,0.0,0.0,0.0,-0.0009999999999998899,0.0,0.0,-0.09000000000000341,0.0,0.0,0.09100000000000019,0.0,0.0,0.0,0.0,0.0,-8.881784197001252e-15,0.0,0.0
TRP  23,R TRP  23,0.0,0.0,0.0,-0.009000000000000341,0.0,0.0,-0.27299999999999613,0.0,0.0,0.2839999999999998,0.0,0.0,0.0,0.0,0.0,0.0020000000000024443,0.0,0.0
VAL  24,R VAL  24,0.0,0.0,0.0,-0.0030000000000001137,0.0,0.0,-0.16600000000000392,0.0,0.0,0.17100000000000026,0.0,0.0,0.0,0.0,0.0,0.001999999999995339,0.0,0.0
LYS  25,R LYS  25,0.0,0.0,0.0,-0.0030000000000001137,0.0,0.0,-3.1500000000000057,0.0,0.0,3.1720000000000006,0.0,0.0,0.0,0.0,0.0,0.0189999999999948,0.0,0.0
VAL  26,R VAL  26,0.0,0.0,0.0,-0.008999999999999453,0.0,0.0,-0.32799999999998875,0.0,0.0,0.3370000000000002,0.0,0.0,0.0,0.0,0.0,1.0658141036401503e-14,0.0,0.0
VAL  27,R VAL  27,0.0,0.0,0.0,-0.010999999999999233,0.0,0.0,-0.12999999999999545,0.0,0.0,0.15399999999999991,0.0,0.0,0.0,0.0,0.0,0.013000000000008782,0.0,0.0
GLU  28,R GLU  28,0.0,0.0,0.0,-0.009000000000000341,0.0,0.0,1.6529999999999916,0.0,0.0,-1.6310000000000002,0.0,0.0,0.0,0.0,0.0,0.012999999999991019,0.0,0.0
GLU  29,R GLU  29,0.0,0.0,0.0,-0.02400000000000002,0.0,0.0,0.2190000000000012,0.0,0.0,-0.07499999999998863,0.0,0.0,0.0,0.0,0.0,0.12000000000001165,0.0,0.0
LYS  30,R LYS  30,0.0,0.0,0.0,-0.07400000000000073,0.0,0.0,1.350999999999999,0.0,0.0,-1.1360000000000001,0.0,0.0,0.0,0.0,0.0,0.1410000000000018,0.0,0.0
ALA  31,R ALA  31,0.0,0.0,0.0,-0.052999999999999936,0.0,0.0,-1.1089999999999947,0.0,0.0,1.233,0.0,0.0,0.0,0.0,0.0,0.07100000000000817,0.0,0.0
PHE  32,R PHE  32,0.0,0.0,0.0,-0.13299999999999912,0.0,0.0,0.3689999999999998,0.0,0.0,-0.08900000000000041,0.0,0.0,0.0,0.0,0.0,0.14699999999999136,0.0,0.0
SER  33,R SER  33,0.0,0.0,0.0,-0.7589999999999995,0.0,0.0,2.609000000000009,0.0,0.0,-1.338,0.0,0.0,-0.14799852,0.0,0.0,0.36400148000000776,0.0,0.0
PRO  34,R PRO  34,0.0,0.0,0.0,-3.474,0.0,0.0,0.5700000000000003,0.0,0.0,-0.20400000000000018,0.0,0.0,-0.4583965000000001,0.0,0.0,-3.5663965000000033,0.0,0.0
GLU  35,R GLU  35,0.0,0.0,0.0,-0.32899999999999974,0.0,0.0,-5.763000000000005,0.0,0.0,6.051000000000002,0.0,0.0,0.0,0.0,0.0,-0.04100000000001103,0.0,0.0
VAL  36,R VAL  36,0.0,0.0,0.0,-0.09000000000000163,0.0,0.0,0.5120000000000005,0.0,0.0,-0.43200000000000016,0.0,0.0,0.0,0.0,0.0,-0.01000000000000334,0.0,0.0
ILE  37,R ILE  37,0.0,0.0,0.0,-0.4150000000000009,0.0,0.0,1.570999999999998,0.0,0.0,-1.414,0.0,0.0,-0.06102919999999999,0.0,0.0,-0.31902919999999213,0.0,0.0
PRO  38,R PRO  38,0.0,0.0,0.0,-0.3410000000000002,0.0,0.0,2.091000000000001,0.0,0.0,-2.054,0.0,0.0,-0.13326696,0.0,0.0,-0.43726696000000764,0.0,0.0
MET  39,R MET  39,0.0,0.0,0.0,-0.038000000000000256,0.0,0.0,0.17300000000000182,0.0,0.0,-0.15100000000000025,0.0,0.0,0.0,0.0,0.0,-0.015999999999994685,0.0,0.0
PHE  40,R PHE  40,0.0,0.0,0.0,-0.02000000000000135,0.0,0.0,0.4789999999999992,0.0,0.0,-0.45799999999999996,0.0,0.0,0.0,0.0,0.0,0.0010000000000038867,0.0,0.0
SER  41,R SER  41,0.0,0.0,0.0,-0.018000000000000682,0.0,0.0,0.5910000000000011,0.0,0.0,-0.5139999999999993,0.0,0.0,0.0,0.0,0.0,0.05900000000000105,0.0,0.0
ALA  42,R ALA  42,0.0,0.0,0.0,-0.006999999999999673,0.0,0.0,0.4689999999999941,0.0,0.0,-0.4540000000000006,0.0,0.0,0.0,0.0,0.0,0.00799999999998846,0.0,0.0
LEU  43,R LEU  43,0.0,0.0,0.0,-0.004999999999999893,0.0,0.0,0.2639999999999958,0.0,0.0,-0.25500000000000034,0.0,0.0,0.0,0.0,0.0,0.003999999999985349,0.0,0.0
SER  44,R SER  44,0.0,0.0,0.0,-0.0039999999999995595,0.0,0.0,0.23900000000000432,0.0,0.0,-0.23299999999999998,0.0,0.0,0.0,0.0,0.0,0.0019999999999988916,0.0,0.0
GLU  45,R GLU  45,0.0,0.0,0.0,-0.0030000000000001137,0.0,0.0,2.0390000000000015,0.0,0.0,-2.034000000000006,0.0,0.0,0.0,0.0,0.0,0.001999999999995339,0.0,0.0
GLY  46,R GLY  46,0.0,0.0,0.0,-0.0009999999999998899,0.0,0.0,0.060000000000002274,0.0,0.0,-0.05700000000000005,0.0,0.0,0.0,0.0,0.0,0.002000000000011326,0.0,0.0
ALA  47,R ALA  47,0.0,0.0,0.0,-0.001000000000000334,0.0,0.0,0.018000000000000682,0.0,0.0,-0.01699999999999946,0.0,0.0,0.0,0.0,0.0,1.0658141036401503e-14,0.0,0.0
THR  48,R THR  48,0.0,0.0,0.0,-0.0009999999999994458,0.0,0.0,-0.0730000000000004,0.0,0.0,0.07299999999999995,0.0,0.0,0.0,0.0,0.0,-0.0009999999999976694,0.0,0.0
PRO  49,R PRO  49,0.0,0.0,0.0,-0.0009999999999994458,0.0,0.0,-0.05100000000000193,0.0,0.0,0.050000000000000044,0.0,0.0,0.0,0.0,0.0,-0.0019999999999935625,0.0,0.0
GLN  50,R GLN  50,0.0,0.0,0.0,-0.0009999999999994458,0.0,0.0,0.024999999999991473,0.0,0.0,-0.025000000000000355,0.0,0.0,0.0,0.0,0.0,-0.0010000000000189857,0.0,0.0
ASP  51,R ASP  51,0.0,0.0,0.0,-0.0009999999999994458,0.0,0.0,3.23599999999999,0.0,0.0,-3.2429999999999986,0.0,0.0,0.0,0.0,0.0,-0.008000000000016882,0.0,0.0
LEU  52,R LEU  52,0.0,0.0,0.0,-0.0030000000000001137,0.0,0.0,-0.05700000000000216,0.0,0.0,0.06,0.0,0.0,0.0,0.0,0.0,0.0,0.0,0.0
ASN  53,R ASN  53,0.0,0.0,0.0,-0.001000000000000334,0.0,0.0,-0.07699999999999818,0.0,0.0,0.0779999999999994,0.0,0.0,0.0,0.0,0.0,0.0,0.0,0.0
THR  54,R THR  54,0.0,0.0,0.0,-0.0010000000000012221,0.0,0.0,0.019000000000005457,0.0,0.0,-0.016999999999999904,0.0,0.0,0.0,0.0,0.0,0.0010000000000083276,0.0,0.0
MET  55,R MET  55,0.0,0.0,0.0,-0.0039999999999995595,0.0,0.0,0.06300000000000239,0.0,0.0,-0.05700000000000016,0.0,0.0,0.0,0.0,0.0,0.001999999999997115,0.0,0.0
LEU  56,R LEU  56,0.0,0.0,0.0,-0.0030000000000001137,0.0,0.0,-0.046999999999997044,0.0,0.0,0.04899999999999993,0.0,0.0,0.0,0.0,0.0,-0.000999999999995893,0.0,0.0
ASN  57,R ASN  57,0.0,0.0,0.0,-0.001000000000000334,0.0,0.0,-0.013999999999995794,0.0,0.0,0.017000000000003013,0.0,0.0,0.0,0.0,0.0,0.0020000000000095497,0.0,0.0
THR  58,R THR  58,0.0,0.0,0.0,-0.0019999999999997797,0.0,0.0,-0.11899999999999977,0.0,0.0,0.12599999999999945,0.0,0.0,0.0,0.0,0.0,0.005000000000006111,0.0,0.0
VAL  59,R VAL  59,0.0,0.0,0.0,-0.007999999999999119,0.0,0.0,-0.1769999999999996,0.0,0.0,0.19499999999999984,0.0,0.0,0.0,0.0,0.0,0.00999999999999801,0.0,0.0
ALA  60,R ALA  60,0.0,0.0,0.0,-0.0030000000000001137,0.0,0.0,0.0350000000000108,0.0,0.0,-0.0259999999999998,0.0,0.0,0.0,0.0,0.0,0.006000000000007333,0.0,0.0
PRO  61,R PRO  61,0.0,0.0,0.0,-0.0039999999999995595,0.0,0.0,0.18900000000000006,0.0,0.0,-0.1849999999999996,0.0,0.0,0.0,0.0,0.0,-5.329070518200751e-15,0.0,0.0
HID  62,R HID  62,0.0,0.0,0.0,-0.005000000000000782,0.0,0.0,-0.1600000000000037,0.0,0.0,0.18299999999999983,0.0,0.0,0.0,0.0,0.0,0.018000000000000682,0.0,0.0
GLN  63,R GLN  63,0.0,0.0,0.0,-0.0019999999999997797,0.0,0.0,0.08599999999999852,0.0,0.0,-0.08300000000000018,0.0,0.0,0.0,0.0,0.0,0.0009999999999976694,0.0,0.0
ALA  64,R ALA  64,0.0,0.0,0.0,-0.0019999999999997797,0.0,0.0,0.16800000000000637,0.0,0.0,-0.15700000000000003,0.0,0.0,0.0,0.0,0.0,0.009000000000011,0.0,0.0
ALA  65,R ALA  65,0.0,0.0,0.0,-0.004999999999999893,0.0,0.0,0.23400000000000887,0.0,0.0,-0.2280000000000002,0.0,0.0,0.0,0.0,0.0,0.0010000000000132125,0.0,0.0
ALA  66,R ALA  66,0.0,0.0,0.0,-0.002000000000000668,0.0,0.0,0.08200000000000784,0.0,0.0,-0.07800000000000007,0.0,0.0,0.0,0.0,0.0,0.0019999999999980034,0.0,0.0
GLN  67,R GLN  67,0.0,0.0,0.0,-0.0030000000000001137,0.0,0.0,0.16500000000000625,0.0,0.0,-0.15499999999999936,0.0,0.0,0.0,0.0,0.0,0.007000000000005002,0.0,0.0
MET  68,R MET  68,0.0,0.0,0.0,-0.019000000000000128,0.0,0.0,0.0689999999999884,0.0,0.0,-0.06200000000000028,0.0,0.0,0.0,0.0,0.0,-0.012000000000004007,0.0,0.0
LEU  69,R LEU  69,0.0,0.0,0.0,-0.010000000000001563,0.0,0.0,0.2810000000000059,0.0,0.0,-0.27700000000000014,0.0,0.0,0.0,0.0,0.0,-0.005999999999985128,0.0,0.0
LYS  70,R LYS  70,0.0,0.0,0.0,-0.0030000000000001137,0.0,0.0,-4.799999999999997,0.0,0.0,4.802,0.0,0.0,0.0,0.0,0.0,-0.0009999999999976694,0.0,0.0
GLU  71,R GLU  71,0.0,0.0,0.0,-0.0030000000000001137,0.0,0.0,5.737000000000009,0.0,0.0,-5.721000000000004,0.0,0.0,0.0,0.0,0.0,0.01300000000000523,0.0,0.0
THR  72,R THR  72,0.0,0.0,0.0,-0.008000000000000007,0.0,0.0,0.31700000000000017,0.0,0.0,-0.3120000000000003,0.0,0.0,0.0,0.0,0.0,-0.0030000000000036664,0.0,0.0
ILE  73,R ILE  73,0.0,0.0,0.0,-0.0039999999999995595,0.0,0.0,0.07900000000000063,0.0,0.0,-0.07800000000000029,0.0,0.0,0.0,0.0,0.0,-0.002999999999997449,0.0,0.0
ASN  74,R ASN  74,0.0,0.0,0.0,-0.002000000000000668,0.0,0.0,-0.1110000000000042,0.0,0.0,0.11399999999999899,0.0,0.0,0.0,0.0,0.0,0.0010000000000047748,0.0,0.0
GLU  75,R GLU  75,0.0,0.0,0.0,-0.005999999999999339,0.0,0.0,8.707000000000008,0.0,0.0,-8.63199999999999,0.0,0.0,0.0,0.0,0.0,0.06900000000001683,0.0,0.0
GLU  76,R GLU  76,0.0,0.0,0.0,-0.0070000000000014495,0.0,0.0,7.417999999999999,0.0,0.0,-7.338999999999999,0.0,0.0,0.0,0.0,0.0,0.07199999999999562,0.0,0.0
ALA  77,R ALA  77,0.0,0.0,0.0,-0.0009999999999994458,0.0,0.0,-0.009000000000000341,0.0,0.0,0.009999999999999787,0.0,0.0,0.0,0.0,0.0,-5.329070518200751e-15,0.0,0.0
ALA  78,R ALA  78,0.0,0.0,0.0,-0.001000000000000334,0.0,0.0,-0.06499999999999773,0.0,0.0,0.06600000000000006,0.0,0.0,0.0,0.0,0.0,-1.7763568394002505e-15,0.0,0.0
GLU  79,R GLU  79,0.0,0.0,0.0,-0.0030000000000001137,0.0,0.0,7.138999999999996,0.0,0.0,-7.1129999999999995,0.0,0.0,0.0,0.0,0.0,0.022999999999996135,0.0,0.0
TRP  80,R TRP  80,0.0,0.0,0.0,-0.0019999999999988916,0.0,0.0,0.09399999999999409,0.0,0.0,-0.091,0.0,0.0,0.0,0.0,0.0,0.0009999999999994458,0.0,0.0
ASP  81,R ASP  81,0.0,0.0,0.0,-0.0009999999999994458,0.0,0.0,5.207000000000008,0.0,0.0,-5.205999999999996,0.0,0.0,0.0,0.0,0.0,2.1316282072803006e-14,0.0,0.0
ARG  82,R ARG  82,0.0,0.0,0.0,-0.0019999999999997797,0.0,0.0,-6.952999999999999,0.0,0.0,6.9510000000000005,0.0,0.0,0.0,0.0,0.0,-0.004000000000019099,0.0,0.0
LEU  83,R LEU  83,0.0,0.0,0.0,-0.001000000000000334,0.0,0.0,0.005000000000009663,0.0,0.0,-0.0040000000000000036,0.0,0.0,0.0,0.0,0.0,1.0658141036401503e-14,0.0,0.0
HID  84,R HID  84,0.0,0.0,0.0,-0.0009999999999994458,0.0,0.0,-0.005000000000009663,0.0,0.0,0.006000000000000227,0.0,0.0,0.0,0.0,0.0,-1.4210854715202004e-14,0.0,0.0
PRO  85,R PRO  85,0.0,0.0,0.0,0.0,0.0,0.0,-0.060000000000002274,0.0,0.0,0.0600000000000005,0.0,0.0,0.0,0.0,0.0,-3.552713678800501e-15,0.0,0.0
VAL  86,R VAL  86,0.0,0.0,0.0,0.0,0.0,0.0,0.03399999999999892,0.0,0.0,-0.03399999999999981,0.0,0.0,0.0,0.0,0.0,-1.7763568394002505e-15,0.0,0.0
HID  87,R HID  87,0.0,0.0,0.0,0.0,0.0,0.0,-0.015000000000000568,0.0,0.0,0.015000000000000568,0.0,0.0,0.0,0.0,0.0,0.0,0.0,0.0
ALA  88,R ALA  88,0.0,0.0,0.0,0.0,0.0,0.0,0.020000000000010232,0.0,0.0,-0.019999999999999574,0.0,0.0,0.0,0.0,0.0,1.0658141036401503e-14,0.0,0.0
GLY  89,R GLY  89,0.0,0.0,0.0,0.0,0.0,0.0,0.022999999999996135,0.0,0.0,-0.02200000000000024,0.0,0.0,0.0,0.0,0.0,0.000999999999995893,0.0,0.0
PRO  90,R PRO  90,0.0,0.0,0.0,0.0,0.0,0.0,0.0589999999999975,0.0,0.0,-0.05900000000000105,0.0,0.0,0.0,0.0,0.0,-3.552713678800501e-15,0.0,0.0
ILE  91,R ILE  91,0.0,0.0,0.0,0.0,0.0,0.0,-0.023999999999993804,0.0,0.0,0.02400000000000002,0.0,0.0,0.0,0.0,0.0,7.105427357601002e-15,0.0,0.0
ALA  92,R ALA  92,0.0,0.0,0.0,0.0,0.0,0.0,-0.01999999999999602,0.0,0.0,0.020000000000000462,0.0,0.0,0.0,0.0,0.0,3.552713678800501e-15,0.0,0.0
PRO  93,R PRO  93,0.0,0.0,0.0,0.0,0.0,0.0,0.04800000000000182,0.0,0.0,-0.04800000000000004,0.0,0.0,0.0,0.0,0.0,0.0,0.0,0.0
GLY  94,R GLY  94,0.0,0.0,0.0,0.0,0.0,0.0,0.010000000000005116,0.0,0.0,-0.01100000000000012,0.0,0.0,0.0,0.0,0.0,-0.000999999999995893,0.0,0.0
GLN  95,R GLN  95,0.0,0.0,0.0,-0.001000000000000334,0.0,0.0,-0.0379999999999967,0.0,0.0,0.038000000000000256,0.0,0.0,0.0,0.0,0.0,-0.0009999999999976694,0.0,0.0
MET  96,R MET  96,0.0,0.0,0.0,0.0,0.0,0.0,0.01999999999999602,0.0,0.0,-0.019000000000000128,0.0,0.0,0.0,0.0,0.0,0.000999999999995893,0.0,0.0
ARG  97,R ARG  97,0.0,0.0,0.0,0.0,0.0,0.0,-4.263999999999999,0.0,0.0,4.264000000000003,0.0,0.0,0.0,0.0,0.0,0.0,0.0,0.0
GLU  98,R GLU  98,0.0,0.0,0.0,0.0,0.0,0.0,4.729999999999997,0.0,0.0,-4.731000000000009,0.0,0.0,0.0,0.0,0.0,-0.0010000000000118803,0.0,0.0
PRO  99,R PRO  99,0.0,0.0,0.0,0.0,0.0,0.0,0.07100000000000506,0.0,0.0,-0.07099999999999995,0.0,0.0,0.0,0.0,0.0,7.105427357601002e-15,0.0,0.0
ARG 100,R ARG 100,0.0,0.0,0.0,-0.0010000000000012221,0.0,0.0,-5.188000000000001,0.0,0.0,5.186,0.0,0.0,0.0,0.0,0.0,-0.002999999999985903,0.0,0.0
GLY 101,R GLY 101,0.0,0.0,0.0,0.0,0.0,0.0,-0.058000000000006935,0.0,0.0,0.057999999999999996,0.0,0.0,0.0,0.0,0.0,-7.105427357601002e-15,0.0,0.0
SER 102,R SER 102,0.0,0.0,0.0,0.0,0.0,0.0,-0.011000000000002785,0.0,0.0,0.010000000000000231,0.0,0.0,0.0,0.0,0.0,-0.0010000000000021103,0.0,0.0
ASP 103,R ASP 103,0.0,0.0,0.0,-0.001000000000000334,0.0,0.0,4.366,0.0,0.0,-4.366,0.0,0.0,0.0,0.0,0.0,-0.000999999999990564,0.0,0.0
ILE 104,R ILE 104,0.0,0.0,0.0,-0.0009999999999994458,0.0,0.0,-0.09899999999999665,0.0,0.0,0.09999999999999987,0.0,0.0,0.0,0.0,0.0,-1.7763568394002505e-15,0.0,0.0
ALA 105,R ALA 105,0.0,0.0,0.0,-0.001000000000000334,0.0,0.0,-0.04100000000001103,0.0,0.0,0.040999999999999925,0.0,0.0,0.0,0.0,0.0,-0.001000000000015877,0.0,0.0
GLY 106,R GLY 106,0.0,0.0,0.0,0.0,0.0,0.0,-0.025000000000005684,0.0,0.0,0.025000000000000355,0.0,0.0,0.0,0.0,0.0,-5.329070518200751e-15,0.0,0.0
THR 107,R THR 107,0.0,0.0,0.0,0.0,0.0,0.0,-0.07000000000000028,0.0,0.0,0.07000000000000028,0.0,0.0,0.0,0.0,0.0,0.0,0.0,0.0
THR 108,R THR 108,0.0,0.0,0.0,-0.0009999999999994458,0.0,0.0,0.027999999999998693,0.0,0.0,-0.028999999999999915,0.0,0.0,0.0,0.0,0.0,-0.0019999999999988916,0.0,0.0
SER 109,R SER 109,0.0,0.0,0.0,0.0,0.0,0.0,-0.030000000000001137,0.0,0.0,0.028999999999999915,0.0,0.0,0.0,0.0,0.0,-0.0010000000000012221,0.0,0.0
THR 110,R THR 110,0.0,0.0,0.0,0.0,0.0,0.0,0.01999999999999602,0.0,0.0,-0.019999999999999574,0.0,0.0,0.0,0.0,0.0,-3.552713678800501e-15,0.0,0.0
LEU 111,R LEU 111,0.0,0.0,0.0,-0.001000000000000334,0.0,0.0,0.023000000000010346,0.0,0.0,-0.02200000000000024,0.0,0.0,0.0,0.0,0.0,5.329070518200751e-15,0.0,0.0
GLN 112,R GLN 112,0.0,0.0,0.0,0.0,0.0,0.0,0.04000000000000625,0.0,0.0,-0.03999999999999915,0.0,0.0,0.0,0.0,0.0,7.105427357601002e-15,0.0,0.0
GLU 113,R GLU 113,0.0,0.0,0.0,-0.001000000000000334,0.0,0.0,4.087000000000003,0.0,0.0,-4.087999999999994,0.0,0.0,0.0,0.0,0.0,-0.001999999999995339,0.0,0.0
GLN 114,R GLN 114,0.0,0.0,0.0,0.0,0.0,0.0,-0.01999999999999602,0.0,0.0,0.020000000000000018,0.0,0.0,0.0,0.0,0.0,0.0,0.0,0.0
ILE 115,R ILE 115,0.0,0.0,0.0,0.0,0.0,0.0,0.027000000000001023,0.0,0.0,-0.027000000000000135,0.0,0.0,0.0,0.0,0.0,8.881784197001252e-16,0.0,0.0
GLY 116,R GLY 116,0.0,0.0,0.0,0.0,0.0,0.0,0.021000000000000796,0.0,0.0,-0.02100000000000035,0.0,0.0,0.0,0.0,0.0,8.881784197001252e-16,0.0,0.0
TRP 117,R TRP 117,0.0,0.0,0.0,0.0,0.0,0.0,0.001999999999995339,0.0,0.0,-0.0020000000000000018,0.0,0.0,0.0,0.0,0.0,-5.329070518200751e-15,0.0,0.0
MET 118,R MET 118,0.0,0.0,0.0,-0.0010000000000012221,0.0,0.0,0.027000000000001023,0.0,0.0,-0.027000000000000135,0.0,0.0,0.0,0.0,0.0,-0.0010000000000038867,0.0,0.0
THR 119,R THR 119,0.0,0.0,0.0,0.0,0.0,0.0,0.01899999999999835,0.0,0.0,-0.019000000000000128,0.0,0.0,0.0,0.0,0.0,-3.552713678800501e-15,0.0,0.0
HID 120,R HID 120,0.0,0.0,0.0,-0.0010000000000012221,0.0,0.0,-0.030999999999998806,0.0,0.0,0.030999999999999694,0.0,0.0,0.0,0.0,0.0,-0.0010000000000047748,0.0,0.0
ASN 121,R ASN 121,0.0,0.0,0.0,0.0,0.0,0.0,-0.07699999999999818,0.0,0.0,0.07700000000000173,0.0,0.0,0.0,0.0,0.0,7.105427357601002e-15,0.0,0.0
PRO 122,R PRO 122,0.0,0.0,0.0,0.0,0.0,0.0,-0.04299999999999926,0.0,0.0,0.043999999999999595,0.0,0.0,0.0,0.0,0.0,0.0010000000000012221,0.0,0.0
PRO 123,R PRO 123,0.0,0.0,0.0,-0.001000000000000334,0.0,0.0,0.08299999999999841,0.0,0.0,-0.08199999999999985,0.0,0.0,0.0,0.0,0.0,8.881784197001252e-15,0.0,0.0
ILE 124,R ILE 124,0.0,0.0,0.0,0.0,0.0,0.0,-0.021999999999998465,0.0,0.0,0.02300000000000013,0.0,0.0,0.0,0.0,0.0,0.0010000000000012221,0.0,0.0
PRO 125,R PRO 125,0.0,0.0,0.0,-0.0019999999999997797,0.0,0.0,-0.005000000000009663,0.0,0.0,0.006999999999999895,0.0,0.0,0.0,0.0,0.0,-3.552713678800501e-15,0.0,0.0
VAL 126,R VAL 126,0.0,0.0,0.0,-0.0009999999999994458,0.0,0.0,-0.0009999999999976694,0.0,0.0,0.0029999999999998916,0.0,0.0,0.0,0.0,0.0,0.0010000000000047748,0.0,0.0
GLY 127,R GLY 127,0.0,0.0,0.0,-0.0009999999999994458,0.0,0.0,-0.045000000000001705,0.0,0.0,0.04499999999999993,0.0,0.0,0.0,0.0,0.0,-0.0009999999999923403,0.0,0.0
GLU 128,R GLU 128,0.0,0.0,0.0,-0.004000000000000448,0.0,0.0,2.4039999999999964,0.0,0.0,-2.4010000000000034,0.0,0.0,0.0,0.0,0.0,-0.0010000000000118803,0.0,0.0
ILE 129,R ILE 129,0.0,0.0,0.0,-0.0039999999999995595,0.0,0.0,-0.02600000000001046,0.0,0.0,0.025999999999999968,0.0,0.0,0.0,0.0,0.0,-0.004000000000001336,0.0,0.0
TYR 130,R TYR 130,0.0,0.0,0.0,-0.0039999999999995595,0.0,0.0,-0.01100000000000989,0.0,0.0,0.0129999999999999,0.0,0.0,0.0,0.0,0.0,-0.002000000000000668,0.0,0.0
LYS 131,R LYS 131,0.0,0.0,0.0,-0.009000000000000341,0.0,0.0,-1.853999999999985,0.0,0.0,1.911999999999999,0.0,0.0,0.0,0.0,0.0,0.04900000000002791,0.0,0.0
ARG 132,R ARG 132,0.0,0.0,0.0,-0.03500000000000014,0.0,0.0,-5.215,0.0,0.0,5.3469999999999995,0.0,0.0,0.0,0.0,0.0,0.09699999999997999,0.0,0.0
TRP 133,R TRP 133,0.0,0.0,0.0,-0.012000000000000455,0.0,0.0,0.11599999999999966,0.0,0.0,-0.1039999999999992,0.0,0.0,0.0,0.0,0.0,0.0,0.0,0.0
ILE 134,R ILE 134,0.0,0.0,0.0,-0.013999999999999346,0.0,0.0,0.23799999999999955,0.0,0.0,-0.2280000000000001,0.0,0.0,0.0,0.0,0.0,-0.003999999999996451,0.0,0.0
ILE 135,R ILE 135,0.0,0.0,0.0,-0.12599999999999945,0.0,0.0,0.4159999999999968,0.0,0.0,-0.417,0.0,0.0,-0.021820919999999994,0.0,0.0,-0.14882092000000924,0.0,0.0
LEU 136,R LEU 136,0.0,0.0,0.0,-0.10899999999999999,0.0,0.0,0.5499999999999972,0.0,0.0,-0.504,0.0,0.0,-0.0014417199999999242,0.0,0.0,-0.06444172000000492,0.0,0.0
GLY 137,R GLY 137,0.0,0.0,0.0,-0.022999999999999687,0.0,0.0,0.38299999999999557,0.0,0.0,-0.356,0.0,0.0,0.0,0.0,0.0,0.003999999999998671,0.0,0.0
LEU 138,R LEU 138,0.0,0.0,0.0,-0.08900000000000041,0.0,0.0,0.637999999999991,0.0,0.0,-0.5670000000000001,0.0,0.0,0.0,0.0,0.0,-0.018000000000007788,0.0,0.0
ASN 139,R ASN 139,0.0,0.0,0.0,-2.1229999999999993,0.0,0.0,2.6019999999999897,0.0,0.0,-2.254999999999999,0.0,0.0,-0.28935754,0.0,0.0,-2.065357540000008,0.0,0.0
LYS 140,R LYS 140,0.0,0.0,0.0,-0.11899999999999977,0.0,0.0,-8.724999999999994,0.0,0.0,8.854,0.0,0.0,0.0,0.0,0.0,0.010000000000005116,0.0,0.0
ILE 141,R ILE 141,0.0,0.0,0.0,-0.06700000000000017,0.0,0.0,0.3089999999999975,0.0,0.0,-0.267,0.0,0.0,0.0,0.0,0.0,-0.025000000000010125,0.0,0.0
VAL 142,R VAL 142,0.0,0.0,0.0,-1.0510000000000002,0.0,0.0,-0.5799999999999983,0.0,0.0,0.871,0.0,0.0,-0.027642000000000007,0.0,0.0,-0.787642,0.0,0.0
ARG 143,R ARG 143,0.0,0.0,0.0,-2.171000000000001,0.0,0.0,-47.225,0.0,0.0,42.417,0.0,0.0,-0.3379261600000001,0.0,0.0,-7.316926160000008,0.0,0.0
MET 144,R MET 144,0.0,0.0,0.0,-0.08800000000000008,0.0,0.0,0.2680000000000007,0.0,0.0,-0.16500000000000004,0.0,0.0,0.0,0.0,0.0,0.015000000000007674,0.0,0.0
TYR 145,R TYR 145,0.0,0.0,0.0,-0.12899999999999956,0.0,0.0,-0.1869999999999976,0.0,0.0,0.4060000000000006,0.0,0.0,0.0,0.0,0.0,0.08999999999999808,0.0,0.0
SER 146,R SER 146,0.0,0.0,0.0,-1.0670000000000002,0.0,0.0,0.04299999999999926,0.0,0.0,1.1930000000000014,0.0,0.0,-0.13906636000000003,0.0,0.0,0.02993363999999321,0.0,0.0
PRO 147,R PRO 147,0.0,0.0,0.0,-0.7220000000000004,0.0,0.0,2.2989999999999995,0.0,0.0,-1.8940000000000001,0.0,0.0,-0.08750047999999999,0.0,0.0,-0.4045004799999976,0.0,0.0
THR 148,R THR 148,0.0,0.0,0.0,-3.538,0.0,0.0,-4.222999999999999,0.0,0.0,6.541,0.0,0.0,-0.4659140399999999,0.0,0.0,-1.6859140399999966,0.0,0.0
SER 149,R SER 149,0.0,0.0,0.0,-4.048,0.0,0.0,-6.160000000000004,0.0,0.0,7.962999999999999,0.0,0.0,-0.36891772000000006,0.0,0.0,-2.6139177200000066,0.0,0.0
ILE 150,R ILE 150,18.247999999999998,0.0,0.0,-8.49,0.0,0.0,-24.982,0.0,0.0,7.304,0.0,0.0,-1.2244051,0.0,0.0,-9.144405100000002,0.0,0.0
LEU 151,L LEU   1,18.857999999999997,0.0,0.0,-2.6130000000000004,0.0,0.0,-23.387999999999998,0.0,0.0,-0.056999999999999496,0.0,0.0,-0.30699964,0.0,0.0,-7.50699964,0.0,0.0
ASP 152,L ASP   2,0.0,0.0,0.0,-2.134,0.0,0.0,7.692999999999998,0.0,0.0,-6.828000000000003,0.0,0.0,-0.19994921999999998,0.0,0.0,-1.468949220000006,0.0,0.0
ILE 153,L ILE   3,0.0,0.0,0.0,-2.816,0.0,0.0,-1.1780000000000115,0.0,0.0,1.149,0.0,0.0,-0.11088778,0.0,0.0,-2.9558877799999976,0.0,0.0
ARG 154,L ARG   4,0.0,0.0,0.0,-0.31599999999999984,0.0,0.0,-10.029999999999998,0.0,0.0,10.318,0.0,0.0,-0.006476900000000008,0.0,0.0,-0.034476900000044,0.0,0.0
GLN 155,L GLN   5,0.0,0.0,0.0,-0.032999999999999474,0.0,0.0,-0.33499999999999375,0.0,0.0,0.36499999999999977,0.0,0.0,0.0,0.0,0.0,-0.0030000000000001137,0.0,0.0
GLY 156,L GLY   6,0.0,0.0,0.0,-0.013000000000000123,0.0,0.0,-0.27599999999999625,0.0,0.0,0.2990000000000004,0.0,0.0,0.0,0.0,0.0,0.00999999999999801,0.0,0.0
PRO 157,L PRO   7,0.0,0.0,0.0,-0.008999999999999897,0.0,0.0,-0.14399999999999835,0.0,0.0,0.1429999999999989,0.0,0.0,0.0,0.0,0.0,-0.00999999999999801,0.0,0.0
LYS 158,L LYS   8,0.0,0.0,0.0,-0.007000000000000117,0.0,0.0,-10.573999999999998,0.0,0.0,10.588000000000001,0.0,0.0,0.0,0.0,0.0,0.007000000000012108,0.0,0.0
GLU 159,L GLU   9,0.0,0.0,0.0,-0.028999999999999915,0.0,0.0,12.850999999999999,0.0,0.0,-12.692999999999998,0.0,0.0,0.0,0.0,0.0,0.1290000000000049,0.0,0.0
PRO 160,L PRO  10,0.0,0.0,0.0,-0.008000000000000007,0.0,0.0,0.25,0.0,0.0,-0.23199999999999976,0.0,0.0,0.0,0.0,0.0,0.009999999999990905,0.0,0.0
PHE 161,L PHE  11,0.0,0.0,0.0,-0.010999999999999233,0.0,0.0,0.21299999999999386,0.0,0.0,-0.20000000000000018,0.0,0.0,0.0,0.0,0.0,0.0019999999999846807,0.0,0.0
ARG 162,L ARG  12,0.0,0.0,0.0,-0.0259999999999998,0.0,0.0,-11.137,0.0,0.0,11.198,0.0,0.0,0.0,0.0,0.0,0.03499999999999659,0.0,0.0
ASP 163,L ASP  13,0.0,0.0,0.0,-0.0259999999999998,0.0,0.0,13.393,0.0,0.0,-13.198000000000008,0.0,0.0,0.0,0.0,0.0,0.16899999999999693,0.0,0.0
TYR 164,L TYR  14,0.0,0.0,0.0,-0.0779999999999994,0.0,0.0,0.3219999999999885,0.0,0.0,-0.256,0.0,0.0,0.0,0.0,0.0,-0.012000000000000455,0.0,0.0
VAL 165,L VAL  15,0.0,0.0,0.0,-0.036000000000001364,0.0,0.0,-0.08299999999999841,0.0,0.0,0.1080000000000001,0.0,0.0,0.0,0.0,0.0,-0.011000000000001009,0.0,0.0
ASP 166,L ASP  16,0.0,0.0,0.0,-0.08999999999999986,0.0,0.0,12.948000000000008,0.0,0.0,-12.646,0.0,0.0,0.0,0.0,0.0,0.2120000000000175,0.0,0.0
ARG 167,L ARG  17,0.0,0.0,0.0,-0.7059999999999995,0.0,0.0,-15.431999999999999,0.0,0.0,16.131,0.0,0.0,-0.13488753999999997,0.0,0.0,-0.1418875399999706,0.0,0.0
PHE 168,L PHE  18,0.0,0.0,0.0,-0.761000000000001,0.0,0.0,-0.6419999999999959,0.0,0.0,0.827,0.0,0.0,-0.01022754,0.0,0.0,-0.5862275400000057,0.0,0.0
TYR 169,L TYR  19,0.0,0.0,0.0,-0.35599999999999987,0.0,0.0,-1.0100000000000051,0.0,0.0,1.2610000000000001,0.0,0.0,0.0,0.0,0.0,-0.10500000000001286,0.0,0.0
LYS 170,L LYS  20,0.0,0.0,0.0,-2.2169999999999996,0.0,0.0,-19.866,0.0,0.0,22.421,0.0,0.0,-0.26934689999999994,0.0,0.0,0.06865309999998725,0.0,0.0
THR 171,L THR  21,0.0,0.0,0.0,-2.9880000000000004,0.0,0.0,-2.8909999999999982,0.0,0.0,3.2290000000000005,0.0,0.0,-0.26037138000000004,0.0,0.0,-2.910371380000001,0.0,0.0
LEU 172,L LEU  22,0.0,0.0,0.0,-0.8609999999999989,0.0,0.0,-1.097999999999999,0.0,0.0,1.4280000000000002,0.0,0.0,-0.06152242000000001,0.0,0.0,-0.592522420000003,0.0,0.0
ARG 173,L ARG  23,0.0,0.0,0.0,-2.3519999999999985,0.0,0.0,-6.915000000000006,0.0,0.0,9.753,0.0,0.0,-0.28041454,0.0,0.0,0.20558545999995204,0.0,0.0
ALA 174,L ALA  24,0.0,0.0,0.0,-3.2749999999999995,0.0,0.0,-3.905000000000001,0.0,0.0,4.2780000000000005,0.0,0.0,-0.43887366000000005,0.0,0.0,-3.3408736600000064,0.0,0.0
GLU 175,L GLU  25,0.0,0.0,0.0,-3.1480000000000006,0.0,0.0,-27.120000000000005,0.0,0.0,29.679999999999993,0.0,0.0,-0.51811406,0.0,0.0,-1.1061140600000101,0.0,0.0
GLN 176,L GLN  26,0.0,0.0,0.0,-2.2680000000000002,0.0,0.0,2.027000000000001,0.0,0.0,1.0380000000000003,0.0,0.0,-0.31243047999999995,0.0,0.0,0.48456952000000797,0.0,0.0
ALA 177,L ALA  27,0.0,0.0,0.0,-0.20100000000000007,0.0,0.0,0.33199999999999363,0.0,0.0,-0.21999999999999997,0.0,0.0,-0.03439532000000001,0.0,0.0,-0.12339532000001441,0.0,0.0
SER 178,L SER  28,0.0,0.0,0.0,-0.038000000000000256,0.0,0.0,-0.13000000000000256,0.0,0.0,0.2110000000000003,0.0,0.0,0.0,0.0,0.0,0.04300000000000104,0.0,0.0
GLN 179,L GLN  29,0.0,0.0,0.0,-0.02999999999999936,0.0,0.0,-0.24900000000000944,0.0,0.0,0.3490000000000002,0.0,0.0,0.0,0.0,0.0,0.06999999999999318,0.0,0.0
GLU 180,L GLU  30,0.0,0.0,0.0,-0.01699999999999946,0.0,0.0,7.4680000000000035,0.0,0.0,-7.417999999999992,0.0,0.0,0.0,0.0,0.0,0.03300000000001546,0.0,0.0
VAL 181,L VAL  31,0.0,0.0,0.0,-0.22100000000000009,0.0,0.0,0.2600000000000051,0.0,0.0,-0.16699999999999982,0.0,0.0,-0.03513785999999999,0.0,0.0,-0.16313785999999122,0.0,0.0
LYS 182,L LYS  32,0.0,0.0,0.0,-0.125,0.0,0.0,-5.317999999999998,0.0,0.0,5.819000000000003,0.0,0.0,0.0,0.0,0.0,0.3760000000000048,0.0,0.0
ASN 183,L ASN  33,0.0,0.0,0.0,-0.020000000000000462,0.0,0.0,0.10000000000000853,0.0,0.0,-0.0519999999999996,0.0,0.0,0.0,0.0,0.0,0.027999999999991587,0.0,0.0
TRP 184,L TRP  34,0.0,0.0,0.0,-0.051000000000000156,0.0,0.0,0.132000000000005,0.0,0.0,-0.07399999999999984,0.0,0.0,0.0,0.0,0.0,0.0070000000000014495,0.0,0.0
MET 185,L MET  35,0.0,0.0,0.0,-0.9900000000000002,0.0,0.0,0.7279999999999944,0.0,0.0,-0.5009999999999999,0.0,0.0,-0.07817808000000001,0.0,0.0,-0.8411780800000139,0.0,0.0
THR 186,L THR  36,0.0,0.0,0.0,-0.04999999999999982,0.0,0.0,0.19600000000000506,0.0,0.0,-0.137,0.0,0.0,0.0,0.0,0.0,0.009000000000000341,0.0,0.0
GLU 187,L GLU  37,0.0,0.0,0.0,-0.011999999999999567,0.0,0.0,7.337000000000003,0.0,0.0,-7.302000000000007,0.0,0.0,0.0,0.0,0.0,0.022999999999996135,0.0,0.0
THR 188,L THR  38,0.0,0.0,0.0,-0.02200000000000024,0.0,0.0,0.04800000000000182,0.0,0.0,0.0129999999999999,0.0,0.0,0.0,0.0,0.0,0.03900000000000503,0.0,0.0
LEU 189,L LEU  39,0.0,0.0,0.0,-0.7489999999999988,0.0,0.0,0.11800000000000921,0.0,0.0,0.07100000000000006,0.0,0.0,-0.018585180000000007,0.0,0.0,-0.5785851799999868,0.0,0.0
LEU 190,L LEU  40,0.0,0.0,0.0,-0.06400000000000006,0.0,0.0,0.18000000000000682,0.0,0.0,-0.16300000000000003,0.0,0.0,0.0,0.0,0.0,-0.0470000000000006,0.0,0.0
VAL 191,L VAL  41,0.0,0.0,0.0,-0.011999999999999567,0.0,0.0,0.0519999999999996,0.0,0.0,-0.03500000000000014,0.0,0.0,0.0,0.0,0.0,0.004999999999999005,0.0,0.0
GLN 192,L GLN  42,0.0,0.0,0.0,-0.017999999999999794,0.0,0.0,-0.1560000000000059,0.0,0.0,0.19700000000000006,0.0,0.0,0.0,0.0,0.0,0.02299999999998903,0.0,0.0
ASN 193,L ASN  43,0.0,0.0,0.0,-0.1589999999999998,0.0,0.0,-0.8089999999999975,0.0,0.0,0.8899999999999997,0.0,0.0,0.0,0.0,0.0,-0.07799999999998875,0.0,0.0
ALA 194,L ALA  44,0.0,0.0,0.0,-0.009000000000000341,0.0,0.0,-0.000999999999990564,0.0,0.0,0.010999999999999677,0.0,0.0,0.0,0.0,0.0,0.0010000000000087717,0.0,0.0
ASN 195,L ASN  45,0.0,0.0,0.0,-0.006000000000000227,0.0,0.0,-0.367999999999995,0.0,0.0,0.38599999999999923,0.0,0.0,0.0,0.0,0.0,0.01200000000000756,0.0,0.0
PRO 196,L PRO  46,0.0,0.0,0.0,-0.004000000000000448,0.0,0.0,-0.12999999999999545,0.0,0.0,0.12799999999999923,0.0,0.0,0.0,0.0,0.0,-0.00600000000000378,0.0,0.0
ASP 197,L ASP  47,0.0,0.0,0.0,-0.001000000000000334,0.0,0.0,7.482999999999997,0.0,0.0,-7.469999999999999,0.0,0.0,0.0,0.0,0.0,0.01199999999999335,0.0,0.0
CYX 198,L CYX  48,0.0,0.0,0.0,-0.0009999999999994458,0.0,0.0,-0.11700000000000443,0.0,0.0,0.12199999999999989,0.0,0.0,0.0,0.0,0.0,0.003999999999990678,0.0,0.0
LYS 199,L LYS  49,0.0,0.0,0.0,-0.006000000000000227,0.0,0.0,-8.344999999999999,0.0,0.0,8.388000000000002,0.0,0.0,0.0,0.0,0.0,0.037000000000002586,0.0,0.0
THR 200,L THR  50,0.0,0.0,0.0,-0.001000000000000334,0.0,0.0,0.027999999999998693,0.0,0.0,-0.026999999999999247,0.0,0.0,0.0,0.0,0.0,-3.552713678800501e-15,0.0,0.0
ILE 201,L ILE  51,0.0,0.0,0.0,-0.001000000000000334,0.0,0.0,-0.07199999999999562,0.0,0.0,0.07399999999999984,0.0,0.0,0.0,0.0,0.0,0.0009999999999994458,0.0,0.0
LEU 202,L LEU  52,0.0,0.0,0.0,-0.002000000000000668,0.0,0.0,-0.08800000000000807,0.0,0.0,0.09100000000000019,0.0,0.0,0.0,0.0,0.0,0.0009999999999967812,0.0,0.0
LYS 203,L LYS  53,0.0,0.0,0.0,-0.0019999999999997797,0.0,0.0,-7.192999999999998,0.0,0.0,7.201999999999998,0.0,0.0,0.0,0.0,0.0,0.007000000000005002,0.0,0.0
ALA 204,L ALA  54,0.0,0.0,0.0,0.0,0.0,0.0,-0.055999999999997385,0.0,0.0,0.05600000000000005,0.0,0.0,0.0,0.0,0.0,2.6645352591003757e-15,0.0,0.0
LEU 205,L LEU  55,0.0,0.0,0.0,-0.001000000000000334,0.0,0.0,-0.06300000000000239,0.0,0.0,0.06299999999999972,0.0,0.0,0.0,0.0,0.0,-0.0009999999999994458,0.0,0.0
GLY 206,L GLY  56,0.0,0.0,0.0,-0.0009999999999998899,0.0,0.0,0.08500000000000796,0.0,0.0,-0.08300000000000018,0.0,0.0,0.0,0.0,0.0,0.0010000000000172093,0.0,0.0
PRO 207,L PRO  57,0.0,0.0,0.0,-0.0019999999999997797,0.0,0.0,0.0940000000000012,0.0,0.0,-0.0909999999999993,0.0,0.0,0.0,0.0,0.0,0.0010000000000083276,0.0,0.0
GLY 208,L GLY  58,0.0,0.0,0.0,0.0,0.0,0.0,0.06199999999999761,0.0,0.0,-0.06099999999999994,0.0,0.0,0.0,0.0,0.0,0.0009999999999976694,0.0,0.0
ALA 209,L ALA  59,0.0,0.0,0.0,-0.001000000000000334,0.0,0.0,0.06900000000000261,0.0,0.0,-0.06499999999999995,0.0,0.0,0.0,0.0,0.0,0.0029999999999983373,0.0,0.0
THR 210,L THR  60,0.0,0.0,0.0,-0.0019999999999997797,0.0,0.0,-0.01099999999999568,0.0,0.0,0.017999999999999794,0.0,0.0,0.0,0.0,0.0,0.005000000000000782,0.0,0.0
LEU 211,L LEU  61,0.0,0.0,0.0,-0.008000000000000007,0.0,0.0,-0.045999999999999375,0.0,0.0,0.052999999999999936,0.0,0.0,0.0,0.0,0.0,-0.0010000000000012221,0.0,0.0
GLU 212,L GLU  62,0.0,0.0,0.0,-0.0030000000000001137,0.0,0.0,8.456999999999994,0.0,0.0,-8.441000000000003,0.0,0.0,0.0,0.0,0.0,0.012999999999991019,0.0,0.0
GLU 213,L GLU  63,0.0,0.0,0.0,-0.001000000000000334,0.0,0.0,7.242000000000004,0.0,0.0,-7.237000000000009,0.0,0.0,0.0,0.0,0.0,0.003999999999990678,0.0,0.0
MET 214,L MET  64,0.0,0.0,0.0,-0.005000000000000782,0.0,0.0,0.024999999999991473,0.0,0.0,-0.018000000000000016,0.0,0.0,0.0,0.0,0.0,0.001999999999995783,0.0,0.0
MET 215,L MET  65,0.0,0.0,0.0,-0.005000000000000782,0.0,0.0,0.09199999999999875,0.0,0.0,-0.0829999999999993,0.0,0.0,0.0,0.0,0.0,0.0039999999999897895,0.0,0.0
THR 216,L THR  66,0.0,0.0,0.0,-0.0009999999999994458,0.0,0.0,-0.07900000000000063,0.0,0.0,0.08000000000000007,0.0,0.0,0.0,0.0,0.0,1.7763568394002505e-15,0.0,0.0
ALA 217,L ALA  67,0.0,0.0,0.0,-0.001000000000000334,0.0,0.0,-0.10899999999999466,0.0,0.0,0.10999999999999988,0.0,0.0,0.0,0.0,0.0,0.0,0.0,0.0
CYX 218,L CYX  68,0.0,0.0,0.0,-0.001000000000000334,0.0,0.0,0.036000000000001364,0.0,0.0,-0.03300000000000036,0.0,0.0,0.0,0.0,0.0,0.001999999999995339,0.0,0.0
GLN 219,L GLN  69,0.0,0.0,0.0,-0.0009999999999998899,0.0,0.0,0.0040000000000048885,0.0,0.0,-0.0019999999999988916,0.0,0.0,0.0,0.0,0.0,0.0010000000000047748,0.0,0.0
GLY 220,L GLY  70,0.0,0.0,0.0,-0.0009999999999998899,0.0,0.0,-0.16200000000000614,0.0,0.0,0.1609999999999996,0.0,0.0,0.0,0.0,0.0,-0.001999999999997115,0.0,0.0
VAL 221,L VAL  71,0.0,0.0,0.0,-0.0009999999999998899,0.0,0.0,7.453999999999997,0.0,0.0,-7.447999999999993,0.0,0.0,0.0,0.0,0.0,0.0049999999999954525,0.0,0.0

idecomp = 1: Per-residue decomp adding 1-4 interactions to Internal.
Energy Decomposition Analysis (All units kcal/mol): Poisson Boltzmann solvent
Complex:
Total Energy Decomposition:
Residue,Internal,,,van der Waals,,,Electrostatic,,,Polar Solvation,,,Non-Polar Solv.,,,TOTAL,,
,Avg.,Std. Dev.,Std. Err. of Mean,Avg.,Std. Dev.,Std. Err. of Mean,Avg.,Std. Dev.,Std. Err. of Mean,Avg.,Std. Dev.,Std. Err. of Mean,Avg.,Std. Dev.,Std. Err. of Mean,Avg.,Std. Dev.,Std. Err. of Mean
PRO   1,96.091,0.0,0.0,-6.463,0.0,0.0,-101.234,0.0,0.0,7.661,0.0,0.0,0.0,0.0,0.0,-3.944999999999995,0.0,0.0
ILE   2,93.099,0.0,0.0,-8.406,0.0,0.0,-69.379,0.0,0.0,-3.826,0.0,0.0,0.0,0.0,0.0,11.487999999999992,0.0,0.0
VAL   3,47.585,0.0,0.0,-4.827,0.0,0.0,-54.401,0.0,0.0,-0.187,0.0,0.0,0.0,0.0,0.0,-11.83,0.0,0.0
GLN   4,24.885,0.0,0.0,-5.915,0.0,0.0,-60.743,0.0,0.0,-11.762,0.0,0.0,0.0,0.0,0.0,-53.535,0.0,0.0
ASN   5,29.635,0.0,0.0,-6.207,0.0,0.0,-80.011,0.0,0.0,-12.225,0.0,0.0,0.0,0.0,0.0,-68.80799999999999,0.0,0.0
LEU   6,72.309,0.0,0.0,-3.207,0.0,0.0,-69.611,0.0,0.0,-7.432,0.0,0.0,0.0,0.0,0.0,-7.941000000000001,0.0,0.0
GLN   7,30.566,0.0,0.0,-3.961,0.0,0.0,-68.469,0.0,0.0,-15.84,0.0,0.0,0.0,0.0,0.0,-57.70399999999999,0.0,0.0
GLY   8,78.162,0.0,0.0,-3.851,0.0,0.0,-75.131,0.0,0.0,-2.049,0.0,0.0,0.0,0.0,0.0,-2.868999999999993,0.0,0.0
GLN   9,35.667,0.0,0.0,-6.808,0.0,0.0,-72.789,0.0,0.0,-10.223,0.0,0.0,0.0,0.0,0.0,-54.153,0.0,0.0
MET  10,102.011,0.0,0.0,-9.965,0.0,0.0,-80.373,0.0,0.0,-4.182,0.0,0.0,0.0,0.0,0.0,7.490999999999987,0.0,0.0
VAL  11,51.009,0.0,0.0,-3.797,0.0,0.0,-54.868,0.0,0.0,-2.069,0.0,0.0,0.0,0.0,0.0,-9.724999999999998,0.0,0.0
HID  12,92.73,0.0,0.0,-9.882,0.0,0.0,-61.645,0.0,0.0,-7.407,0.0,0.0,0.0,0.0,0.0,13.795999999999996,0.0,0.0
GLN  13,26.797,0.0,0.0,-5.056,0.0,0.0,-69.351,0.0,0.0,-12.14,0.0,0.0,0.0,0.0,0.0,-59.75,0.0,0.0
ALA  14,92.143,0.0,0.0,-3.654,0.0,0.0,-82.151,0.0,0.0,-0.3,0.0,0.0,0.0,0.0,0.0,6.038000000000008,0.0,0.0
ILE  15,95.334,0.0,0.0,-8.037,0.0,0.0,-75.437,0.0,0.0,-4.298,0.0,0.0,0.0,0.0,0.0,7.561999999999999,0.0,0.0
SER  16,73.739,0.0,0.0,-4.131,0.0,0.0,-54.508,0.0,0.0,-8.183,0.0,0.0,0.0,0.0,0.0,6.917000000000002,0.0,0.0
PRO  17,91.776,0.0,0.0,-5.345,0.0,0.0,-60.587,0.0,0.0,-2.531,0.0,0.0,0.0,0.0,0.0,23.312999999999995,0.0,0.0
ARG  18,-180.082,0.0,0.0,-5.323,0.0,0.0,63.988,0.0,0.0,-39.496,0.0,0.0,0.0,0.0,0.0,-160.913,0.0,0.0
THR  19,45.815,0.0,0.0,-7.038,0.0,0.0,-54.769,0.0,0.0,-5.178,0.0,0.0,0.0,0.0,0.0,-21.169999999999998,0.0,0.0
LEU  20,57.678,0.0,0.0,-10.233,0.0,0.0,-57.476,0.0,0.0,-1.764,0.0,0.0,0.0,0.0,0.0,-11.795000000000005,0.0,0.0
ASN  21,29.145,0.0,0.0,-5.995,0.0,0.0,-81.99,0.0,0.0,-12.83,0.0,0.0,0.0,0.0,0.0,-71.67,0.0,0.0
ALA  22,100.027,0.0,0.0,-3.625,0.0,0.0,-79.038,0.0,0.0,-2.851,0.0,0.0,0.0,0.0,0.0,14.513000000000005,0.0,0.0
TRP  23,137.373,0.0,0.0,-17.848,0.0,0.0,-94.065,0.0,0.0,-2.234,0.0,0.0,0.0,0.0,0.0,23.225999999999992,0.0,0.0
VAL  24,58.464,0.0,0.0,-6.87,0.0,0.0,-54.423,0.0,0.0,-3.882,0.0,0.0,0.0,0.0,0.0,-6.711,0.0,0.0
LYS  25,134.339,0.0,0.0,-7.537,0.0,0.0,-122.625,0.0,0.0,-8.767,0.0,0.0,0.0,0.0,0.0,-4.590000000000007,0.0,0.0
VAL  26,63.963,0.0,0.0,-5.848,0.0,0.0,-69.633,0.0,0.0,-2.895,0.0,0.0,0.0,0.0,0.0,-14.412999999999993,0.0,0.0
VAL  27,45.973,0.0,0.0,-10.491,0.0,0.0,-52.086,0.0,0.0,-1.268,0.0,0.0,0.0,0.0,0.0,-17.872,0.0,0.0
GLU  28,97.537,0.0,0.0,-6.868,0.0,0.0,-68.718,0.0,0.0,-77.756,0.0,0.0,0.0,0.0,0.0,-55.80499999999999,0.0,0.0
GLU  29,108.644,0.0,0.0,-4.41,0.0,0.0,-62.5,0.0,0.0,-97.077,0.0,0.0,0.0,0.0,0.0,-55.34299999999999,0.0,0.0
LYS  30,114.182,0.0,0.0,-7.243,0.0,0.0,-138.049,0.0,0.0,14.349,0.0,0.0,0.0,0.0,0.0,-16.761,0.0,0.0
ALA  31,88.019,0.0,0.0,-4.626,0.0,0.0,-77.196,0.0,0.0,-1.061,0.0,0.0,0.0,0.0,0.0,5.136000000000003,0.0,0.0
PHE  32,108.493,0.0,0.0,-11.263,0.0,0.0,-82.098,0.0,0.0,-0.923,0.0,0.0,0.0,0.0,0.0,14.20899999999999,0.0,0.0
SER  33,88.87,0.0,0.0,-5.661,0.0,0.0,-65.806,0.0,0.0,-4.077,0.0,0.0,0.0,0.0,0.0,13.326000000000006,0.0,0.0
PRO  34,80.361,0.0,0.0,-9.012,0.0,0.0,-55.349,0.0,0.0,-2.215,0.0,0.0,0.0,0.0,0.0,13.785000000000007,0.0,0.0
GLU  35,111.081,0.0,0.0,-7.611,0.0,0.0,-113.021,0.0,0.0,-45.401,0.0,0.0,0.0,0.0,0.0,-54.952000000000005,0.0,0.0
VAL  36,50.504,0.0,0.0,-9.771,0.0,0.0,-52.964,0.0,0.0,-0.437,0.0,0.0,0.0,0.0,0.0,-12.668000000000001,0.0,0.0
ILE  37,90.732,0.0,0.0,-8.169,0.0,0.0,-56.734,0.0,0.0,-2.717,0.0,0.0,0.0,0.0,0.0,23.112000000000002,0.0,0.0
PRO  38,84.5,0.0,0.0,-5.477,0.0,0.0,-59.338,0.0,0.0,-4.014,0.0,0.0,0.0,0.0,0.0,15.670999999999996,0.0,0.0
MET  39,94.412,0.0,0.0,-8.396,0.0,0.0,-73.553,0.0,0.0,-2.82,0.0,0.0,0.0,0.0,0.0,9.643000000000008,0.0,0.0
PHE  40,104.353,0.0,0.0,-14.095,0.0,0.0,-82.99,0.0,0.0,-1.251,0.0,0.0,0.0,0.0,0.0,6.017000000000001,0.0,0.0
SER  41,60.546,0.0,0.0,-6.581,0.0,0.0,-46.265,0.0,0.0,-9.186,0.0,0.0,0.0,0.0,0.0,-1.4860000000000042,0.0,0.0
ALA  42,82.252,0.0,0.0,-4.784,0.0,0.0,-67.471,0.0,0.0,-4.254,0.0,0.0,0.0,0.0,0.0,5.742999999999986,0.0,0.0
LEU  43,83.743,0.0,0.0,-7.858,0.0,0.0,-81.426,0.0,0.0,-2.848,0.0,0.0,0.0,0.0,0.0,-8.38900000000001,0.0,0.0
SER  44,71.486,0.0,0.0,-6.007,0.0,0.0,-74.77,0.0,0.0,-1.323,0.0,0.0,0.0,0.0,0.0,-10.613999999999997,0.0,0.0
GLU  45,104.132,0.0,0.0,-5.908,0.0,0.0,-70.011,0.0,0.0,-88.642,0.0,0.0,0.0,0.0,0.0,-60.42899999999999,0.0,0.0
GLY  46,69.954,0.0,0.0,-2.686,0.0,0.0,-70.332,0.0,0.0,0.773,0.0,0.0,0.0,0.0,0.0,-2.290999999999993,0.0,0.0
ALA  47,105.802,0.0,0.0,-6.743,0.0,0.0,-86.357,0.0,0.0,-3.325,0.0,0.0,0.0,0.0,0.0,9.377000000000013,0.0,0.0
THR  48,57.899,0.0,0.0,-8.193,0.0,0.0,-62.345,0.0,0.0,-1.203,0.0,0.0,0.0,0.0,0.0,-13.841999999999995,0.0,0.0
PRO  49,78.67,0.0,0.0,-8.565,0.0,0.0,-54.82,0.0,0.0,-0.381,0.0,0.0,0.0,0.0,0.0,14.904000000000003,0.0,0.0
GLN  50,26.046,0.0,0.0,-8.206,0.0,0.0,-74.995,0.0,0.0,-5.284,0.0,0.0,0.0,0.0,0.0,-62.439,0.0,0.0
ASP  51,90.937,0.0,0.0,-9.314,0.0,0.0,-126.583,0.0,0.0,-18.294,0.0,0.0,0.0,0.0,0.0,-63.254000000000005,0.0,0.0
LEU  52,60.799,0.0,0.0,-13.263,0.0,0.0,-69.366,0.0,0.0,0.498,0.0,0.0,0.0,0.0,0.0,-21.331999999999997,0.0,0.0
ASN  53,45.259,0.0,0.0,-7.676,0.0,0.0,-108.224,0.0,0.0,-6.858,0.0,0.0,0.0,0.0,0.0,-77.49900000000001,0.0,0.0
THR  54,53.507,0.0,0.0,-8.242,0.0,0.0,-65.744,0.0,0.0,-2.122,0.0,0.0,0.0,0.0,0.0,-22.601,0.0,0.0
MET  55,85.649,0.0,0.0,-12.072,0.0,0.0,-66.699,0.0,0.0,-0.756,0.0,0.0,0.0,0.0,0.0,6.122,0.0,0.0
LEU  56,69.199,0.0,0.0,-11.047,0.0,0.0,-68.61,0.0,0.0,-2.635,0.0,0.0,0.0,0.0,0.0,-13.092999999999998,0.0,0.0
ASN  57,41.301,0.0,0.0,-5.006,0.0,0.0,-91.851,0.0,0.0,-16.805,0.0,0.0,0.0,0.0,0.0,-72.36099999999999,0.0,0.0
THR  58,56.618,0.0,0.0,-7.458,0.0,0.0,-59.241,0.0,0.0,-2.867,0.0,0.0,0.0,0.0,0.0,-12.947999999999997,0.0,0.0
VAL  59,34.85,0.0,0.0,-9.411,0.0,0.0,-36.749,0.0,0.0,-0.25,0.0,0.0,0.0,0.0,0.0,-11.560000000000002,0.0,0.0
ALA  60,92.518,0.0,0.0,-5.854,0.0,0.0,-64.076,0.0,0.0,-3.944,0.0,0.0,0.0,0.0,0.0,18.64400000000001,0.0,0.0
PRO  61,80.356,0.0,0.0,-5.842,0.0,0.0,-56.642,0.0,0.0,-1.826,0.0,0.0,0.0,0.0,0.0,16.045999999999992,0.0,0.0
HID  62,99.287,0.0,0.0,-6.597,0.0,0.0,-63.95,0.0,0.0,-11.647,0.0,0.0,0.0,0.0,0.0,17.09300000000001,0.0,0.0
GLN  63,30.434,0.0,0.0,-6.068,0.0,0.0,-67.492,0.0,0.0,-8.76,0.0,0.0,0.0,0.0,0.0,-51.886,0.0,0.0
ALA  64,83.749,0.0,0.0,-4.548,0.0,0.0,-71.259,0.0,0.0,-3.689,0.0,0.0,0.0,0.0,0.0,4.252999999999993,0.0,0.0
ALA  65,88.112,0.0,0.0,-6.81,0.0,0.0,-76.731,0.0,0.0,-1.232,0.0,0.0,0.0,0.0,0.0,3.3389999999999977,0.0,0.0
ALA  66,94.228,0.0,0.0,-6.876,0.0,0.0,-83.567,0.0,0.0,-1.328,0.0,0.0,0.0,0.0,0.0,2.4569999999999963,0.0,0.0
GLN  67,41.853,0.0,0.0,-8.422,0.0,0.0,-75.856,0.0,0.0,-11.265,0.0,0.0,0.0,0.0,0.0,-53.69,0.0,0.0
MET  68,97.591,0.0,0.0,-9.44,0.0,0.0,-74.126,0.0,0.0,-2.019,0.0,0.0,0.0,0.0,0.0,12.005999999999991,0.0,0.0
LEU  69,84.617,0.0,0.0,-12.335,0.0,0.0,-77.223,0.0,0.0,-1.743,0.0,0.0,0.0,0.0,0.0,-6.683999999999989,0.0,0.0
LYS  70,123.194,0.0,0.0,-8.011,0.0,0.0,-119.945,0.0,0.0,-4.23,0.0,0.0,0.0,0.0,0.0,-8.991999999999987,0.0,0.0
GLU  71,107.021,0.0,0.0,-7.325,0.0,0.0,-86.946,0.0,0.0,-77.413,0.0,0.0,0.0,0.0,0.0,-64.663,0.0,0.0
THR  72,47.627,0.0,0.0,-7.252,0.0,0.0,-59.788,0.0,0.0,-3.703,0.0,0.0,0.0,0.0,0.0,-23.115999999999996,0.0,0.0
ILE  73,68.846,0.0,0.0,-9.888,0.0,0.0,-50.179,0.0,0.0,-2.344,0.0,0.0,0.0,0.0,0.0,6.435000000000004,0.0,0.0
ASN  74,21.644,0.0,0.0,-7.022,0.0,0.0,-76.324,0.0,0.0,-9.745,0.0,0.0,0.0,0.0,0.0,-71.447,0.0,0.0
GLU  75,112.833,0.0,0.0,-6.547,0.0,0.0,-75.541,0.0,0.0,-85.619,0.0,0.0,0.0,0.0,0.0,-54.873999999999995,0.0,0.0
GLU  76,96.541,0.0,0.0,-10.614,0.0,0.0,-44.012,0.0,0.0,-100.319,0.0,0.0,0.0,0.0,0.0,-58.40400000000001,0.0,0.0
ALA  77,83.869,0.0,0.0,-7.887,0.0,0.0,-72.789,0.0,0.0,-1.85,0.0,0.0,0.0,0.0,0.0,1.3429999999999978,0.0,0.0
ALA  78,96.105,0.0,0.0,-5.437,0.0,0.0,-84.905,0.0,0.0,-0.679,0.0,0.0,0.0,0.0,0.0,5.084000000000005,0.0,0.0
GLU  79,106.51,0.0,0.0,-7.136,0.0,0.0,-84.563,0.0,0.0,-73.127,0.0,0.0,0.0,0.0,0.0,-58.31599999999999,0.0,0.0
TRP  80,120.286,0.0,0.0,-16.509,0.0,0.0,-90.679,0.0,0.0,0.334,0.0,0.0,0.0,0.0,0.0,13.431999999999999,0.0,0.0
ASP  81,101.652,0.0,0.0,-8.66,0.0,0.0,-79.672,0.0,0.0,-69.679,0.0,0.0,0.0,0.0,0.0,-56.358999999999995,0.0,0.0
ARG  82,-192.907,0.0,0.0,-7.776,0.0,0.0,-3.573,0.0,0.0,33.406,0.0,0.0,0.0,0.0,0.0,-170.85000000000002,0.0,0.0
LEU  83,71.658,0.0,0.0,-7.742,0.0,0.0,-79.344,0.0,0.0,-0.301,0.0,0.0,0.0,0.0,0.0,-15.72899999999999,0.0,0.0
HID  84,113.886,0.0,0.0,-9.168,0.0,0.0,-76.257,0.0,0.0,-5.52,0.0,0.0,0.0,0.0,0.0,22.940999999999985,0.0,0.0
PRO  85,94.955,0.0,0.0,-4.59,0.0,0.0,-64.124,0.0,0.0,-3.52,0.0,0.0,0.0,0.0,0.0,22.721,0.0,0.0
VAL  86,50.243,0.0,0.0,-3.095,0.0,0.0,-49.104,0.0,0.0,-5.211,0.0,0.0,0.0,0.0,0.0,-7.166999999999996,0.0,0.0
HID  87,92.745,0.0,0.0,-6.266,0.0,0.0,-59.911,0.0,0.0,-8.041,0.0,0.0,0.0,0.0,0.0,18.526999999999997,0.0,0.0
ALA  88,92.807,0.0,0.0,-1.943,0.0,0.0,-72.868,0.0,0.0,-8.412,0.0,0.0,0.0,0.0,0.0,9.584000000000009,0.0,0.0
GLY  89,89.895,0.0,0.0,-1.704,0.0,0.0,-71.196,0.0,0.0,-7.894,0.0,0.0,0.0,0.0,0.0,9.101000000000004,0.0,0.0
PRO  90,86.575,0.0,0.0,-3.104,0.0,0.0,-54.856,0.0,0.0,-7.423,0.0,0.0,0.0,0.0,0.0,21.192,0.0,0.0
ILE  91,75.286,0.0,0.0,-5.066,0.0,0.0,-57.605,0.0,0.0,-2.503,0.0,0.0,0.0,0.0,0.0,10.112000000000002,0.0,0.0
ALA  92,93.785,0.0,0.0,-1.865,0.0,0.0,-72.71,0.0,0.0,-2.984,0.0,0.0,0.0,0.0,0.0,16.226000000000006,0.0,0.0
PRO  93,85.335,0.0,0.0,-2.899,0.0,0.0,-56.221,0.0,0.0,-7.472,0.0,0.0,0.0,0.0,0.0,18.742999999999995,0.0,0.0
GLY  94,69.748,0.0,0.0,-2.252,0.0,0.0,-64.887,0.0,0.0,-6.309,0.0,0.0,0.0,0.0,0.0,-3.6999999999999913,0.0,0.0
GLN  95,35.108,0.0,0.0,-5.61,0.0,0.0,-80.711,0.0,0.0,-3.457,0.0,0.0,0.0,0.0,0.0,-54.67,0.0,0.0
MET  96,107.626,0.0,0.0,-10.173,0.0,0.0,-79.953,0.0,0.0,-5.178,0.0,0.0,0.0,0.0,0.0,12.322,0.0,0.0
ARG  97,-193.358,0.0,0.0,-4.287,0.0,0.0,-30.573,0.0,0.0,42.546,0.0,0.0,0.0,0.0,0.0,-185.67200000000003,0.0,0.0
GLU  98,101.463,0.0,0.0,-5.94,0.0,0.0,-54.804,0.0,0.0,-97.128,0.0,0.0,0.0,0.0,0.0,-56.409000000000006,0.0,0.0
PRO  99,94.475,0.0,0.0,-9.027,0.0,0.0,-63.239,0.0,0.0,-0.634,0.0,0.0,0.0,0.0,0.0,21.574999999999996,0.0,0.0
ARG 100,-192.877,0.0,0.0,-9.851,0.0,0.0,-19.916,0.0,0.0,43.615,0.0,0.0,0.0,0.0,0.0,-179.029,0.0,0.0
GLY 101,77.358,0.0,0.0,-5.917,0.0,0.0,-84.718,0.0,0.0,1.61,0.0,0.0,0.0,0.0,0.0,-11.667000000000002,0.0,0.0
SER 102,66.851,0.0,0.0,-7.118,0.0,0.0,-63.655,0.0,0.0,-1.843,0.0,0.0,0.0,0.0,0.0,-5.765000000000004,0.0,0.0
ASP 103,93.846,0.0,0.0,-7.844,0.0,0.0,-89.787,0.0,0.0,-44.942,0.0,0.0,0.0,0.0,0.0,-48.727,0.0,0.0
ILE 104,88.525,0.0,0.0,-12.116,0.0,0.0,-62.839,0.0,0.0,1.212,0.0,0.0,0.0,0.0,0.0,14.782000000000007,0.0,0.0
ALA 105,86.682,0.0,0.0,-5.492,0.0,0.0,-76.132,0.0,0.0,-2.45,0.0,0.0,0.0,0.0,0.0,2.6079999999999925,0.0,0.0
GLY 106,87.802,0.0,0.0,-4.241,0.0,0.0,-85.992,0.0,0.0,-3.347,0.0,0.0,0.0,0.0,0.0,-5.777999999999997,0.0,0.0
THR 107,48.508,0.0,0.0,-4.663,0.0,0.0,-55.772,0.0,0.0,-7.926,0.0,0.0,0.0,0.0,0.0,-19.853,0.0,0.0
THR 108,36.286,0.0,0.0,-4.499,0.0,0.0,-51.88,0.0,0.0,-2.3,0.0,0.0,0.0,0.0,0.0,-22.393,0.0,0.0
SER 109,74.568,0.0,0.0,-6.372,0.0,0.0,-63.581,0.0,0.0,-3.336,0.0,0.0,0.0,0.0,0.0,1.278999999999995,0.0,0.0
THR 110,32.054,0.0,0.0,-4.92,0.0,0.0,-36.835,0.0,0.0,-5.449,0.0,0.0,0.0,0.0,0.0,-15.15,0.0,0.0
LEU 111,65.514,0.0,0.0,-7.947,0.0,0.0,-64.749,0.0,0.0,-3.154,0.0,0.0,0.0,0.0,0.0,-10.336000000000002,0.0,0.0
GLN 112,36.171,0.0,0.0,-7.236,0.0,0.0,-72.392,0.0,0.0,-13.174,0.0,0.0,0.0,0.0,0.0,-56.63099999999999,0.0,0.0
GLU 113,103.477,0.0,0.0,-7.516,0.0,0.0,-82.432,0.0,0.0,-65.914,0.0,0.0,0.0,0.0,0.0,-52.385000000000005,0.0,0.0
GLN 114,38.572,0.0,0.0,-10.229,0.0,0.0,-84.997,0.0,0.0,0.632,0.0,0.0,0.0,0.0,0.0,-56.022,0.0,0.0
ILE 115,85.394,0.0,0.0,-9.677,0.0,0.0,-70.457,0.0,0.0,-1.175,0.0,0.0,0.0,0.0,0.0,4.0850000000000195,0.0,0.0
GLY 116,78.541,0.0,0.0,-5.369,0.0,0.0,-76.65,0.0,0.0,-1.259,0.0,0.0,0.0,0.0,0.0,-4.737000000000009,0.0,0.0
TRP 117,121.714,0.0,0.0,-19.215,0.0,0.0,-92.659,0.0,0.0,-0.234,0.0,0.0,0.0,0.0,0.0,9.60599999999999,0.0,0.0
MET 118,96.15,0.0,0.0,-9.9,0.0,0.0,-82.088,0.0,0.0,-3.453,0.0,0.0,0.0,0.0,0.0,0.7090000000000063,0.0,0.0
THR 119,36.818,0.0,0.0,-5.884,0.0,0.0,-45.155,0.0,0.0,-6.583,0.0,0.0,0.0,0.0,0.0,-20.804000000000002,0.0,0.0
HID 120,93.368,0.0,0.0,-9.666,0.0,0.0,-62.162,0.0,0.0,-3.696,0.0,0.0,0.0,0.0,0.0,17.843999999999998,0.0,0.0
ASN 121,29.89,0.0,0.0,-3.933,0.0,0.0,-68.039,0.0,0.0,-16.394,0.0,0.0,0.0,0.0,0.0,-58.476,0.0,0.0
PRO 122,97.661,0.0,0.0,-4.665,0.0,0.0,-57.878,0.0,0.0,-4.628,0.0,0.0,0.0,0.0,0.0,30.489999999999995,0.0,0.0
PRO 123,82.137,0.0,0.0,-6.404,0.0,0.0,-55.985,0.0,0.0,-3.804,0.0,0.0,0.0,0.0,0.0,15.944000000000004,0.0,0.0
ILE 124,97.003,0.0,0.0,-6.128,0.0,0.0,-60.833,0.0,0.0,-0.831,0.0,0.0,0.0,0.0,0.0,29.211000000000002,0.0,0.0
PRO 125,90.055,0.0,0.0,-5.669,0.0,0.0,-64.293,0.0,0.0,-1.107,0.0,0.0,0.0,0.0,0.0,18.986000000000004,0.0,0.0
VAL 126,53.416,0.0,0.0,-9.356,0.0,0.0,-55.272,0.0,0.0,-0.414,0.0,0.0,0.0,0.0,0.0,-11.626000000000003,0.0,0.0
GLY 127,71.69,0.0,0.0,-5.172,0.0,0.0,-72.053,0.0,0.0,-1.57,0.0,0.0,0.0,0.0,0.0,-7.104999999999997,0.0,0.0
GLU 128,102.755,0.0,0.0,-7.955,0.0,0.0,-97.366,0.0,0.0,-57.001,0.0,0.0,0.0,0.0,0.0,-59.567,0.0,0.0
ILE 129,86.231,0.0,0.0,-10.19,0.0,0.0,-65.251,0.0,0.0,0.113,0.0,0.0,0.0,0.0,0.0,10.902999999999992,0.0,0.0
TYR 130,94.502,0.0,0.0,-15.904,0.0,0.0,-85.93,0.0,0.0,-1.832,0.0,0.0,0.0,0.0,0.0,-9.164000000000009,0.0,0.0
LYS 131,143.647,0.0,0.0,-12.39,0.0,0.0,-170.801,0.0,0.0,33.484,0.0,0.0,0.0,0.0,0.0,-6.059999999999981,0.0,0.0
ARG 132,-189.588,0.0,0.0,-9.384,0.0,0.0,26.436,0.0,0.0,-0.935,0.0,0.0,0.0,0.0,0.0,-173.47099999999998,0.0,0.0
TRP 133,124.326,0.0,0.0,-17.609,0.0,0.0,-93.018,0.0,0.0,-2.338,0.0,0.0,0.0,0.0,0.0,11.360999999999983,0.0,0.0
ILE 134,85.827,0.0,0.0,-12.94,0.0,0.0,-70.105,0.0,0.0,-0.408,0.0,0.0,0.0,0.0,0.0,2.3739999999999966,0.0,0.0
ILE 135,79.758,0.0,0.0,-8.372,0.0,0.0,-62.493,0.0,0.0,-0.585,0.0,0.0,0.0,0.0,0.0,8.307999999999993,0.0,0.0
LEU 136,67.903,0.0,0.0,-6.734,0.0,0.0,-72.518,0.0,0.0,0.529,0.0,0.0,0.0,0.0,0.0,-10.819999999999997,0.0,0.0
GLY 137,76.268,0.0,0.0,-7.338,0.0,0.0,-76.452,0.0,0.0,0.341,0.0,0.0,0.0,0.0,0.0,-7.180999999999991,0.0,0.0
LEU 138,65.798,0.0,0.0,-11.894,0.0,0.0,-69.406,0.0,0.0,-0.532,0.0,0.0,0.0,0.0,0.0,-16.034000000000002,0.0,0.0
ASN 139,52.916,0.0,0.0,-9.437,0.0,0.0,-102.474,0.0,0.0,-7.177,0.0,0.0,0.0,0.0,0.0,-66.172,0.0,0.0
LYS 140,137.513,0.0,0.0,-8.439,0.0,0.0,-170.338,0.0,0.0,29.767,0.0,0.0,0.0,0.0,0.0,-11.496999999999982,0.0,0.0
ILE 141,94.753,0.0,0.0,-11.662,0.0,0.0,-79.453,0.0,0.0,-0.9,0.0,0.0,0.0,0.0,0.0,2.737999999999991,0.0,0.0
VAL 142,68.686,0.0,0.0,-11.253,0.0,0.0,-60.199,0.0,0.0,-1.727,0.0,0.0,0.0,0.0,0.0,-4.4929999999999914,0.0,0.0
ARG 143,-190.035,0.0,0.0,-10.412,0.0,0.0,19.32,0.0,0.0,11.369,0.0,0.0,0.0,0.0,0.0,-169.758,0.0,0.0
MET 144,96.418,0.0,0.0,-7.506,0.0,0.0,-74.095,0.0,0.0,-5.521,0.0,0.0,0.0,0.0,0.0,9.296000000000006,0.0,0.0
TYR 145,92.186,0.0,0.0,-8.605,0.0,0.0,-85.021,0.0,0.0,-6.879,0.0,0.0,0.0,0.0,0.0,-8.318999999999997,0.0,0.0
SER 146,72.807,0.0,0.0,-5.997,0.0,0.0,-48.789,0.0,0.0,-7.577,0.0,0.0,0.0,0.0,0.0,10.444,0.0,0.0
PRO 147,84.377,0.0,0.0,-3.994,0.0,0.0,-59.543,0.0,0.0,-6.006,0.0,0.0,0.0,0.0,0.0,14.833999999999996,0.0,0.0
THR 148,48.464,0.0,0.0,-7.361,0.0,0.0,-58.591,0.0,0.0,-0.937,0.0,0.0,0.0,0.0,0.0,-18.425,0.0,0.0
SER 149,64.423,0.0,0.0,-6.313,0.0,0.0,-51.7,0.0,0.0,-5.136,0.0,0.0,0.0,0.0,0.0,1.2739999999999965,0.0,0.0
ILE 150,81.205,0.0,0.0,-9.563,0.0,0.0,-53.089,0.0,0.0,-0.807,0.0,0.0,0.0,0.0,0.0,17.746,0.0,0.0
LEU 151,58.384,0.0,0.0,-5.235,0.0,0.0,-59.833,0.0,0.0,-4.731,0.0,0.0,0.0,0.0,0.0,-11.414999999999997,0.0,0.0
ASP 152,113.984,0.0,0.0,-5.595,0.0,0.0,-116.315,0.0,0.0,-55.703,0.0,0.0,0.0,0.0,0.0,-63.629000000000005,0.0,0.0
ILE 153,102.416,0.0,0.0,-7.939,0.0,0.0,-75.894,0.0,0.0,-1.93,0.0,0.0,0.0,0.0,0.0,16.653,0.0,0.0
ARG 154,-195.288,0.0,0.0,-6.649,0.0,0.0,20.359,0.0,0.0,5.097,0.0,0.0,0.0,0.0,0.0,-176.481,0.0,0.0
GLN 155,30.611,0.0,0.0,-11.564,0.0,0.0,-86.157,0.0,0.0,-0.832,0.0,0.0,0.0,0.0,0.0,-67.942,0.0,0.0
GLY 156,89.116,0.0,0.0,-1.245,0.0,0.0,-71.601,0.0,0.0,-6.213,0.0,0.0,0.0,0.0,0.0,10.056999999999995,0.0,0.0
PRO 157,87.695,0.0,0.0,-3.081,0.0,0.0,-53.606,0.0,0.0,-8.934,0.0,0.0,0.0,0.0,0.0,22.07399999999999,0.0,0.0
LYS 158,119.029,0.0,0.0,-3.073,0.0,0.0,-96.462,0.0,0.0,-26.486,0.0,0.0,0.0,0.0,0.0,-6.992000000000001,0.0,0.0
GLU 159,110.232,0.0,0.0,-3.803,0.0,0.0,-115.422,0.0,0.0,-38.407,0.0,0.0,0.0,0.0,0.0,-47.39999999999999,0.0,0.0
PRO 160,81.139,0.0,0.0,-5.82,0.0,0.0,-53.873,0.0,0.0,-1.346,0.0,0.0,0.0,0.0,0.0,20.09999999999999,0.0,0.0
PHE 161,102.568,0.0,0.0,-12.513,0.0,0.0,-74.739,0.0,0.0,-1.895,0.0,0.0,0.0,0.0,0.0,13.420999999999989,0.0,0.0
ARG 162,-187.464,0.0,0.0,-8.15,0.0,0.0,2.689,0.0,0.0,23.197,0.0,0.0,0.0,0.0,0.0,-169.728,0.0,0.0
ASP 163,86.842,0.0,0.0,-8.149,0.0,0.0,-61.16,0.0,0.0,-90.8,0.0,0.0,0.0,0.0,0.0,-73.267,0.0,0.0
TYR 164,100.347,0.0,0.0,-17.031,0.0,0.0,-99.025,0.0,0.0,2.105,0.0,0.0,0.0,0.0,0.0,-13.604000000000003,0.0,0.0
VAL 165,53.643,0.0,0.0,-10.313,0.0,0.0,-58.236,0.0,0.0,2.803,0.0,0.0,0.0,0.0,0.0,-12.102999999999998,0.0,0.0
ASP 166,96.893,0.0,0.0,-6.454,0.0,0.0,-90.356,0.0,0.0,-60.254,0.0,0.0,0.0,0.0,0.0,-60.170999999999985,0.0,0.0
ARG 167,-190.474,0.0,0.0,-10.112,0.0,0.0,7.274,0.0,0.0,12.798,0.0,0.0,0.0,0.0,0.0,-180.51399999999998,0.0,0.0
PHE 168,95.199,0.0,0.0,-15.528,0.0,0.0,-82.859,0.0,0.0,1.482,0.0,0.0,0.0,0.0,0.0,-1.7060000000000024,0.0,0.0
TYR 169,97.811,0.0,0.0,-10.23,0.0,0.0,-96.048,0.0,0.0,-2.324,0.0,0.0,0.0,0.0,0.0,-10.790999999999999,0.0,0.0
LYS 170,147.553,0.0,0.0,-9.674,0.0,0.0,-119.415,0.0,0.0,-13.945,0.0,0.0,0.0,0.0,0.0,4.518999999999984,0.0,0.0
THR 171,41.916,0.0,0.0,-10.096,0.0,0.0,-53.6,0.0,0.0,-3.039,0.0,0.0,0.0,0.0,0.0,-24.819000000000006,0.0,0.0
LEU 172,77.12,0.0,0.0,-9.735,0.0,0.0,-67.731,0.0,0.0,-1.632,0.0,0.0,0.0,0.0,0.0,-1.9779999999999893,0.0,0.0
ARG 173,-195.634,0.0,0.0,-11.495,0.0,0.0,67.077,0.0,0.0,-28.609,0.0,0.0,0.0,0.0,0.0,-168.661,0.0,0.0
ALA 174,88.268,0.0,0.0,-7.741,0.0,0.0,-82.632,0.0,0.0,-0.772,0.0,0.0,0.0,0.0,0.0,-2.877000000000004,0.0,0.0
GLU 175,106.609,0.0,0.0,-8.842,0.0,0.0,-101.724,0.0,0.0,-50.648,0.0,0.0,0.0,0.0,0.0,-54.60500000000001,0.0,0.0
GLN 176,34.033,0.0,0.0,-5.878,0.0,0.0,-56.585,0.0,0.0,-19.702,0.0,0.0,0.0,0.0,0.0,-48.132000000000005,0.0,0.0
ALA 177,95.306,0.0,0.0,-3.974,0.0,0.0,-85.528,0.0,0.0,0.711,0.0,0.0,0.0,0.0,0.0,6.514999999999988,0.0,0.0
SER 178,66.381,0.0,0.0,-4.501,0.0,0.0,-58.557,0.0,0.0,-6.437,0.0,0.0,0.0,0.0,0.0,-3.114,0.0,0.0
GLN 179,30.159,0.0,0.0,-6.111,0.0,0.0,-74.084,0.0,0.0,-2.778,0.0,0.0,0.0,0.0,0.0,-52.814,0.0,0.0
GLU 180,112.501,0.0,0.0,-5.342,0.0,0.0,-75.059,0.0,0.0,-90.733,0.0,0.0,0.0,0.0,0.0,-58.632999999999996,0.0,0.0
VAL 181,64.858,0.0,0.0,-6.333,0.0,0.0,-55.248,0.0,0.0,-2.74,0.0,0.0,0.0,0.0,0.0,0.5370000000000079,0.0,0.0
LYS 182,118.541,0.0,0.0,-8.609,0.0,0.0,-92.85,0.0,0.0,-20.224,0.0,0.0,0.0,0.0,0.0,-3.1419999999999924,0.0,0.0
ASN 183,24.08,0.0,0.0,-7.054,0.0,0.0,-83.618,0.0,0.0,-6.999,0.0,0.0,0.0,0.0,0.0,-73.591,0.0,0.0
TRP 184,123.622,0.0,0.0,-10.232,0.0,0.0,-90.121,0.0,0.0,-4.503,0.0,0.0,0.0,0.0,0.0,18.766000000000005,0.0,0.0
MET 185,103.093,0.0,0.0,-10.951,0.0,0.0,-84.183,0.0,0.0,-2.801,0.0,0.0,0.0,0.0,0.0,5.157999999999989,0.0,0.0
THR 186,44.199,0.0,0.0,-6.115,0.0,0.0,-54.346,0.0,0.0,-1.205,0.0,0.0,0.0,0.0,0.0,-17.467,0.0,0.0
GLU 187,102.187,0.0,0.0,-6.414,0.0,0.0,-44.602,0.0,0.0,-109.017,0.0,0.0,0.0,0.0,0.0,-57.846,0.0,0.0
THR 188,39.57,0.0,0.0,-5.607,0.0,0.0,-45.422,0.0,0.0,-1.264,0.0,0.0,0.0,0.0,0.0,-12.722999999999995,0.0,0.0
LEU 189,68.444,0.0,0.0,-9.761,0.0,0.0,-65.24,0.0,0.0,0.935,0.0,0.0,0.0,0.0,0.0,-5.6219999999999875,0.0,0.0
LEU 190,87.276,0.0,0.0,-9.947,0.0,0.0,-90.86,0.0,0.0,1.403,0.0,0.0,0.0,0.0,0.0,-12.128000000000005,0.0,0.0
VAL 191,49.731,0.0,0.0,-7.821,0.0,0.0,-55.055,0.0,0.0,2.165,0.0,0.0,0.0,0.0,0.0,-10.979999999999997,0.0,0.0
GLN 192,20.959,0.0,0.0,-6.145,0.0,0.0,-69.355,0.0,0.0,-1.275,0.0,0.0,0.0,0.0,0.0,-55.816,0.0,0.0
ASN 193,19.046,0.0,0.0,-7.167,0.0,0.0,-83.035,0.0,0.0,-2.302,0.0,0.0,0.0,0.0,0.0,-73.458,0.0,0.0
ALA 194,93.959,0.0,0.0,-7.569,0.0,0.0,-86.112,0.0,0.0,3.382,0.0,0.0,0.0,0.0,0.0,3.660000000000006,0.0,0.0
ASN 195,50.812,0.0,0.0,-6.876,0.0,0.0,-92.771,0.0,0.0,-10.404,0.0,0.0,0.0,0.0,0.0,-59.239000000000004,0.0,0.0
PRO 196,81.457,0.0,0.0,-4.806,0.0,0.0,-53.858,0.0,0.0,-3.692,0.0,0.0,0.0,0.0,0.0,19.101,0.0,0.0
ASP 197,88.96,0.0,0.0,-4.822,0.0,0.0,-51.59,0.0,0.0,-98.264,0.0,0.0,0.0,0.0,0.0,-65.71600000000001,0.0,0.0
CYX 198,103.611,0.0,0.0,-5.59,0.0,0.0,-80.193,0.0,0.0,-3.325,0.0,0.0,0.0,0.0,0.0,14.503000000000004,0.0,0.0
LYS 199,140.609,0.0,0.0,-10.783,0.0,0.0,-116.699,0.0,0.0,-16.84,0.0,0.0,0.0,0.0,0.0,-3.712999999999976,0.0,0.0
THR 200,48.992,0.0,0.0,-5.541,0.0,0.0,-56.685,0.0,0.0,-7.871,0.0,0.0,0.0,0.0,0.0,-21.10500000000001,0.0,0.0
ILE 201,72.436,0.0,0.0,-5.777,0.0,0.0,-51.51,0.0,0.0,-1.411,0.0,0.0,0.0,0.0,0.0,13.738000000000008,0.0,0.0
LEU 202,79.878,0.0,0.0,-11.598,0.0,0.0,-68.599,0.0,0.0,-3.937,0.0,0.0,0.0,0.0,0.0,-4.256000000000002,0.0,0.0
LYS 203,119.326,0.0,0.0,-6.883,0.0,0.0,-96.88,0.0,0.0,-20.605,0.0,0.0,0.0,0.0,0.0,-5.041999999999998,0.0,0.0
ALA 204,85.431,0.0,0.0,-3.485,0.0,0.0,-73.884,0.0,0.0,-4.211,0.0,0.0,0.0,0.0,0.0,3.8509999999999973,0.0,0.0
LEU 205,70.055,0.0,0.0,-7.36,0.0,0.0,-72.756,0.0,0.0,-3.748,0.0,0.0,0.0,0.0,0.0,-13.808999999999994,0.0,0.0
GLY 206,89.551,0.0,0.0,-2.407,0.0,0.0,-72.327,0.0,0.0,-8.047,0.0,0.0,0.0,0.0,0.0,6.770000000000007,0.0,0.0
PRO 207,84.077,0.0,0.0,-2.868,0.0,0.0,-50.679,0.0,0.0,-8.023,0.0,0.0,0.0,0.0,0.0,22.507,0.0,0.0
GLY 208,66.976,0.0,0.0,-1.849,0.0,0.0,-63.204,0.0,0.0,-6.61,0.0,0.0,0.0,0.0,0.0,-4.687000000000006,0.0,0.0
ALA 209,101.764,0.0,0.0,-4.918,0.0,0.0,-87.669,0.0,0.0,-1.14,0.0,0.0,0.0,0.0,0.0,8.036999999999992,0.0,0.0
THR 210,54.527,0.0,0.0,-5.124,0.0,0.0,-52.33,0.0,0.0,-3.661,0.0,0.0,0.0,0.0,0.0,-6.587999999999999,0.0,0.0
LEU 211,62.904,0.0,0.0,-6.344,0.0,0.0,-61.849,0.0,0.0,-5.099,0.0,0.0,0.0,0.0,0.0,-10.387999999999995,0.0,0.0
GLU 212,108.076,0.0,0.0,-6.507,0.0,0.0,-50.34,0.0,0.0,-112.279,0.0,0.0,0.0,0.0,0.0,-61.05000000000001,0.0,0.0
GLU 213,104.084,0.0,0.0,-7.059,0.0,0.0,-50.187,0.0,0.0,-104.362,0.0,0.0,0.0,0.0,0.0,-57.52399999999999,0.0,0.0
MET 214,94.586,0.0,0.0,-11.214,0.0,0.0,-78.608,0.0,0.0,0.042,0.0,0.0,0.0,0.0,0.0,4.805999999999996,0.0,0.0
MET 215,100.179,0.0,0.0,-8.721,0.0,0.0,-81.682,0.0,0.0,-3.455,0.0,0.0,0.0,0.0,0.0,6.320999999999996,0.0,0.0
THR 216,40.417,0.0,0.0,-4.656,0.0,0.0,-42.283,0.0,0.0,-4.032,0.0,0.0,0.0,0.0,0.0,-10.553999999999998,0.0,0.0
ALA 217,77.938,0.0,0.0,-5.013,0.0,0.0,-63.824,0.0,0.0,-1.834,0.0,0.0,0.0,0.0,0.0,7.2669999999999995,0.0,0.0
CYX 218,93.604,0.0,0.0,-4.75,0.0,0.0,-74.831,0.0,0.0,-5.644,0.0,0.0,0.0,0.0,0.0,8.378999999999996,0.0,0.0
GLN 219,39.505,0.0,0.0,-2.885,0.0,0.0,-72.577,0.0,0.0,-16.58,0.0,0.0,0.0,0.0,0.0,-52.53699999999999,0.0,0.0
GLY 220,97.171,0.0,0.0,-1.642,0.0,0.0,-81.878,0.0,0.0,-6.733,0.0,0.0,0.0,0.0,0.0,6.918000000000011,0.0,0.0
VAL 221,35.463,0.0,0.0,-2.131,0.0,0.0,-21.17,0.0,0.0,-113.533,0.0,0.0,0.0,0.0,0.0,-101.37100000000001,0.0,0.0

Receptor:
Total Energy Decomposition:
Residue,Internal,,,van der Waals,,,Electrostatic,,,Polar Solvation,,,Non-Polar Solv.,,,TOTAL,,
,Avg.,Std. Dev.,Std. Err. of Mean,Avg.,Std. Dev.,Std. Err. of Mean,Avg.,Std. Dev.,Std. Err. of Mean,Avg.,Std. Dev.,Std. Err. of Mean,Avg.,Std. Dev.,Std. Err. of Mean,Avg.,Std. Dev.,Std. Err. of Mean
PRO   1,96.091,0.0,0.0,-6.462,0.0,0.0,-98.044,0.0,0.0,4.522,0.0,0.0,0.0,0.0,0.0,-3.893000000000006,0.0,0.0
ILE   2,93.099,0.0,0.0,-8.405,0.0,0.0,-69.343,0.0,0.0,-3.86,0.0,0.0,0.0,0.0,0.0,11.491,0.0,0.0
VAL   3,47.585,0.0,0.0,-4.826,0.0,0.0,-54.381,0.0,0.0,-0.208,0.0,0.0,0.0,0.0,0.0,-11.83,0.0,0.0
GLN   4,24.885,0.0,0.0,-5.914,0.0,0.0,-60.765,0.0,0.0,-11.738,0.0,0.0,0.0,0.0,0.0,-53.532,0.0,0.0
ASN   5,29.635,0.0,0.0,-6.206,0.0,0.0,-80.059,0.0,0.0,-12.178,0.0,0.0,0.0,0.0,0.0,-68.80799999999999,0.0,0.0
LEU   6,72.309,0.0,0.0,-3.207,0.0,0.0,-69.634,0.0,0.0,-7.409,0.0,0.0,0.0,0.0,0.0,-7.940999999999996,0.0,0.0
GLN   7,30.566,0.0,0.0,-3.961,0.0,0.0,-68.47,0.0,0.0,-15.84,0.0,0.0,0.0,0.0,0.0,-57.705,0.0,0.0
GLY   8,78.162,0.0,0.0,-3.851,0.0,0.0,-75.133,0.0,0.0,-2.049,0.0,0.0,0.0,0.0,0.0,-2.8709999999999885,0.0,0.0
GLN   9,35.667,0.0,0.0,-6.808,0.0,0.0,-72.776,0.0,0.0,-10.235,0.0,0.0,0.0,0.0,0.0,-54.151999999999994,0.0,0.0
MET  10,102.011,0.0,0.0,-9.965,0.0,0.0,-80.36,0.0,0.0,-4.195,0.0,0.0,0.0,0.0,0.0,7.4909999999999926,0.0,0.0
VAL  11,51.009,0.0,0.0,-3.796,0.0,0.0,-54.866,0.0,0.0,-2.07,0.0,0.0,0.0,0.0,0.0,-9.722999999999999,0.0,0.0
HID  12,92.73,0.0,0.0,-9.882,0.0,0.0,-61.682,0.0,0.0,-7.371,0.0,0.0,0.0,0.0,0.0,13.794999999999996,0.0,0.0
GLN  13,26.797,0.0,0.0,-5.056,0.0,0.0,-69.352,0.0,0.0,-12.139,0.0,0.0,0.0,0.0,0.0,-59.75,0.0,0.0
ALA  14,92.143,0.0,0.0,-3.654,0.0,0.0,-82.168,0.0,0.0,-0.283,0.0,0.0,0.0,0.0,0.0,6.037999999999998,0.0,0.0
ILE  15,95.334,0.0,0.0,-8.036,0.0,0.0,-75.482,0.0,0.0,-4.255,0.0,0.0,0.0,0.0,0.0,7.561000000000003,0.0,0.0
SER  16,73.739,0.0,0.0,-4.13,0.0,0.0,-54.433,0.0,0.0,-8.256,0.0,0.0,0.0,0.0,0.0,6.920000000000009,0.0,0.0
PRO  17,91.776,0.0,0.0,-5.345,0.0,0.0,-60.536,0.0,0.0,-2.58,0.0,0.0,0.0,0.0,0.0,23.314999999999998,0.0,0.0
ARG  18,-180.082,0.0,0.0,-5.322,0.0,0.0,67.85,0.0,0.0,-43.308,0.0,0.0,0.0,0.0,0.0,-160.862,0.0,0.0
THR  19,45.815,0.0,0.0,-7.037,0.0,0.0,-54.737,0.0,0.0,-5.209,0.0,0.0,0.0,0.0,0.0,-21.168000000000003,0.0,0.0
LEU  20,57.678,0.0,0.0,-10.232,0.0,0.0,-57.39,0.0,0.0,-1.847,0.0,0.0,0.0,0.0,0.0,-11.791000000000002,0.0,0.0
ASN  21,29.145,0.0,0.0,-5.994,0.0,0.0,-81.876,0.0,0.0,-12.941,0.0,0.0,0.0,0.0,0.0,-71.66600000000001,0.0,0.0
ALA  22,100.027,0.0,0.0,-3.624,0.0,0.0,-78.948,0.0,0.0,-2.939,0.0,0.0,0.0,0.0,0.0,14.516000000000012,0.0,0.0
TRP  23,137.373,0.0,0.0,-17.839,0.0,0.0,-93.792,0.0,0.0,-2.496,0.0,0.0,0.0,0.0,0.0,23.24599999999999,0.0,0.0
VAL  24,58.464,0.0,0.0,-6.867,0.0,0.0,-54.257,0.0,0.0,-4.04,0.0,0.0,0.0,0.0,0.0,-6.699999999999997,0.0,0.0
LYS  25,134.339,0.0,0.0,-7.534,0.0,0.0,-119.475,0.0,0.0,-11.886,0.0,0.0,0.0,0.0,0.0,-4.556000000000001,0.0,0.0
VAL  26,63.963,0.0,0.0,-5.839,0.0,0.0,-69.305,0.0,0.0,-3.21,0.0,0.0,0.0,0.0,0.0,-14.391000000000005,0.0,0.0
VAL  27,45.973,0.0,0.0,-10.48,0.0,0.0,-51.956,0.0,0.0,-1.401,0.0,0.0,0.0,0.0,0.0,-17.864000000000008,0.0,0.0
GLU  28,97.537,0.0,0.0,-6.859,0.0,0.0,-70.371,0.0,0.0,-76.084,0.0,0.0,0.0,0.0,0.0,-55.77699999999999,0.0,0.0
GLU  29,108.644,0.0,0.0,-4.386,0.0,0.0,-62.719,0.0,0.0,-96.792,0.0,0.0,0.0,0.0,0.0,-55.25299999999999,0.0,0.0
LYS  30,114.182,0.0,0.0,-7.169,0.0,0.0,-139.4,0.0,0.0,15.64,0.0,0.0,0.0,0.0,0.0,-16.747,0.0,0.0
ALA  31,88.019,0.0,0.0,-4.573,0.0,0.0,-76.087,0.0,0.0,-2.103,0.0,0.0,0.0,0.0,0.0,5.255999999999995,0.0,0.0
PHE  32,108.493,0.0,0.0,-11.13,0.0,0.0,-82.467,0.0,0.0,-0.494,0.0,0.0,0.0,0.0,0.0,14.402000000000001,0.0,0.0
SER  33,88.87,0.0,0.0,-4.902,0.0,0.0,-68.415,0.0,0.0,-2.515,0.0,0.0,0.0,0.0,0.0,13.037999999999997,0.0,0.0
PRO  34,80.361,0.0,0.0,-5.538,0.0,0.0,-55.919,0.0,0.0,-2.091,0.0,0.0,0.0,0.0,0.0,16.81300000000001,0.0,0.0
GLU  35,111.081,0.0,0.0,-7.282,0.0,0.0,-107.258,0.0,0.0,-50.802,0.0,0.0,0.0,0.0,0.0,-54.26099999999999,0.0,0.0
VAL  36,50.504,0.0,0.0,-9.681,0.0,0.0,-53.476,0.0,0.0,-0.08,0.0,0.0,0.0,0.0,0.0,-12.732999999999999,0.0,0.0
ILE  37,90.732,0.0,0.0,-7.754,0.0,0.0,-58.305,0.0,0.0,-1.397,0.0,0.0,0.0,0.0,0.0,23.275999999999996,0.0,0.0
PRO  38,84.5,0.0,0.0,-5.136,0.0,0.0,-61.429,0.0,0.0,-2.115,0.0,0.0,0.0,0.0,0.0,15.820000000000002,0.0,0.0
MET  39,94.412,0.0,0.0,-8.358,0.0,0.0,-73.726,0.0,0.0,-2.69,0.0,0.0,0.0,0.0,0.0,9.638000000000003,0.0,0.0
PHE  40,104.353,0.0,0.0,-14.075,0.0,0.0,-83.469,0.0,0.0,-0.837,0.0,0.0,0.0,0.0,0.0,5.971999999999998,0.0,0.0
SER  41,60.546,0.0,0.0,-6.563,0.0,0.0,-46.856,0.0,0.0,-8.649,0.0,0.0,0.0,0.0,0.0,-1.5220000000000038,0.0,0.0
ALA  42,82.252,0.0,0.0,-4.777,0.0,0.0,-67.94,0.0,0.0,-3.805,0.0,0.0,0.0,0.0,0.0,5.729999999999997,0.0,0.0
LEU  43,83.743,0.0,0.0,-7.853,0.0,0.0,-81.69,0.0,0.0,-2.608,0.0,0.0,0.0,0.0,0.0,-8.407999999999998,0.0,0.0
SER  44,71.486,0.0,0.0,-6.003,0.0,0.0,-75.009,0.0,0.0,-1.103,0.0,0.0,0.0,0.0,0.0,-10.628999999999996,0.0,0.0
GLU  45,104.132,0.0,0.0,-5.905,0.0,0.0,-72.05,0.0,0.0,-86.59,0.0,0.0,0.0,0.0,0.0,-60.413,0.0,0.0
GLY  46,69.954,0.0,0.0,-2.685,0.0,0.0,-70.392,0.0,0.0,0.829,0.0,0.0,0.0,0.0,0.0,-2.294000000000005,0.0,0.0
ALA  47,105.802,0.0,0.0,-6.742,0.0,0.0,-86.375,0.0,0.0,-3.31,0.0,0.0,0.0,0.0,0.0,9.375000000000002,0.0,0.0
THR  48,57.899,0.0,0.0,-8.192,0.0,0.0,-62.272,0.0,0.0,-1.266,0.0,0.0,0.0,0.0,0.0,-13.830999999999998,0.0,0.0
PRO  49,78.67,0.0,0.0,-8.564,0.0,0.0,-54.769,0.0,0.0,-0.427,0.0,0.0,0.0,0.0,0.0,14.909999999999997,0.0,0.0
GLN  50,26.046,0.0,0.0,-8.205,0.0,0.0,-75.02,0.0,0.0,-5.258,0.0,0.0,0.0,0.0,0.0,-62.437,0.0,0.0
ASP  51,90.937,0.0,0.0,-9.313,0.0,0.0,-129.819,0.0,0.0,-15.104,0.0,0.0,0.0,0.0,0.0,-63.29899999999999,0.0,0.0
LEU  52,60.799,0.0,0.0,-13.26,0.0,0.0,-69.309,0.0,0.0,0.453,0.0,0.0,0.0,0.0,0.0,-21.316999999999997,0.0,0.0
ASN  53,45.259,0.0,0.0,-7.675,0.0,0.0,-108.147,0.0,0.0,-6.929,0.0,0.0,0.0,0.0,0.0,-77.492,0.0,0.0
THR  54,53.507,0.0,0.0,-8.241,0.0,0.0,-65.763,0.0,0.0,-2.103,0.0,0.0,0.0,0.0,0.0,-22.60000000000001,0.0,0.0
MET  55,85.649,0.0,0.0,-12.068,0.0,0.0,-66.762,0.0,0.0,-0.699,0.0,0.0,0.0,0.0,0.0,6.120000000000003,0.0,0.0
LEU  56,69.199,0.0,0.0,-11.044,0.0,0.0,-68.563,0.0,0.0,-2.679,0.0,0.0,0.0,0.0,0.0,-13.087000000000002,0.0,0.0
ASN  57,41.301,0.0,0.0,-5.005,0.0,0.0,-91.837,0.0,0.0,-16.816,0.0,0.0,0.0,0.0,0.0,-72.357,0.0,0.0
THR  58,56.618,0.0,0.0,-7.456,0.0,0.0,-59.122,0.0,0.0,-2.986,0.0,0.0,0.0,0.0,0.0,-12.946000000000002,0.0,0.0
VAL  59,34.85,0.0,0.0,-9.403,0.0,0.0,-36.572,0.0,0.0,-0.413,0.0,0.0,0.0,0.0,0.0,-11.538,0.0,0.0
ALA  60,92.518,0.0,0.0,-5.851,0.0,0.0,-64.111,0.0,0.0,-3.924,0.0,0.0,0.0,0.0,0.0,18.631999999999998,0.0,0.0
PRO  61,80.356,0.0,0.0,-5.838,0.0,0.0,-56.831,0.0,0.0,-1.647,0.0,0.0,0.0,0.0,0.0,16.04,0.0,0.0
HID  62,99.287,0.0,0.0,-6.592,0.0,0.0,-63.79,0.0,0.0,-11.794,0.0,0.0,0.0,0.0,0.0,17.111000000000008,0.0,0.0
GLN  63,30.434,0.0,0.0,-6.066,0.0,0.0,-67.578,0.0,0.0,-8.672,0.0,0.0,0.0,0.0,0.0,-51.882000000000005,0.0,0.0
ALA  64,83.749,0.0,0.0,-4.546,0.0,0.0,-71.427,0.0,0.0,-3.524,0.0,0.0,0.0,0.0,0.0,4.251999999999982,0.0,0.0
ALA  65,88.112,0.0,0.0,-6.805,0.0,0.0,-76.965,0.0,0.0,-0.992,0.0,0.0,0.0,0.0,0.0,3.3499999999999845,0.0,0.0
ALA  66,94.228,0.0,0.0,-6.874,0.0,0.0,-83.649,0.0,0.0,-1.246,0.0,0.0,0.0,0.0,0.0,2.4589999999999983,0.0,0.0
GLN  67,41.853,0.0,0.0,-8.419,0.0,0.0,-76.021,0.0,0.0,-11.106,0.0,0.0,0.0,0.0,0.0,-53.693000000000005,0.0,0.0
MET  68,97.591,0.0,0.0,-9.421,0.0,0.0,-74.195,0.0,0.0,-1.931,0.0,0.0,0.0,0.0,0.0,12.043999999999993,0.0,0.0
LEU  69,84.617,0.0,0.0,-12.325,0.0,0.0,-77.504,0.0,0.0,-1.479,0.0,0.0,0.0,0.0,0.0,-6.691000000000003,0.0,0.0
LYS  70,123.194,0.0,0.0,-8.008,0.0,0.0,-115.145,0.0,0.0,-8.977,0.0,0.0,0.0,0.0,0.0,-8.93599999999999,0.0,0.0
GLU  71,107.021,0.0,0.0,-7.322,0.0,0.0,-92.683,0.0,0.0,-71.752,0.0,0.0,0.0,0.0,0.0,-64.736,0.0,0.0
THR  72,47.627,0.0,0.0,-7.244,0.0,0.0,-60.105,0.0,0.0,-3.412,0.0,0.0,0.0,0.0,0.0,-23.133999999999993,0.0,0.0
ILE  73,68.846,0.0,0.0,-9.884,0.0,0.0,-50.258,0.0,0.0,-2.268,0.0,0.0,0.0,0.0,0.0,6.436000000000001,0.0,0.0
ASN  74,21.644,0.0,0.0,-7.02,0.0,0.0,-76.213,0.0,0.0,-9.855,0.0,0.0,0.0,0.0,0.0,-71.444,0.0,0.0
GLU  75,112.833,0.0,0.0,-6.541,0.0,0.0,-84.248,0.0,0.0,-77.066,0.0,0.0,0.0,0.0,0.0,-55.022000000000006,0.0,0.0
GLU  76,96.541,0.0,0.0,-10.607,0.0,0.0,-51.43,0.0,0.0,-93.034,0.0,0.0,0.0,0.0,0.0,-58.53000000000001,0.0,0.0
ALA  77,83.869,0.0,0.0,-7.886,0.0,0.0,-72.78,0.0,0.0,-1.86,0.0,0.0,0.0,0.0,0.0,1.3430000000000029,0.0,0.0
ALA  78,96.105,0.0,0.0,-5.436,0.0,0.0,-84.84,0.0,0.0,-0.743,0.0,0.0,0.0,0.0,0.0,5.086000000000007,0.0,0.0
GLU  79,106.51,0.0,0.0,-7.133,0.0,0.0,-91.702,0.0,0.0,-66.103,0.0,0.0,0.0,0.0,0.0,-58.42799999999998,0.0,0.0
TRP  80,120.286,0.0,0.0,-16.507,0.0,0.0,-90.773,0.0,0.0,0.427,0.0,0.0,0.0,0.0,0.0,13.433,0.0,0.0
ASP  81,101.652,0.0,0.0,-8.659,0.0,0.0,-84.879,0.0,0.0,-64.553,0.0,0.0,0.0,0.0,0.0,-56.43900000000001,0.0,0.0
ARG  82,-192.907,0.0,0.0,-7.774,0.0,0.0,3.38,0.0,0.0,26.559,0.0,0.0,0.0,0.0,0.0,-170.74200000000002,0.0,0.0
LEU  83,71.658,0.0,0.0,-7.741,0.0,0.0,-79.349,0.0,0.0,-0.296,0.0,0.0,0.0,0.0,0.0,-15.728000000000002,0.0,0.0
HID  84,113.886,0.0,0.0,-9.167,0.0,0.0,-76.252,0.0,0.0,-5.525,0.0,0.0,0.0,0.0,0.0,22.942,0.0,0.0
PRO  85,94.955,0.0,0.0,-4.59,0.0,0.0,-64.064,0.0,0.0,-3.579,0.0,0.0,0.0,0.0,0.0,22.722,0.0,0.0
VAL  86,50.243,0.0,0.0,-3.095,0.0,0.0,-49.138,0.0,0.0,-5.177,0.0,0.0,0.0,0.0,0.0,-7.1669999999999945,0.0,0.0
HID  87,92.745,0.0,0.0,-6.266,0.0,0.0,-59.896,0.0,0.0,-8.057,0.0,0.0,0.0,0.0,0.0,18.525999999999996,0.0,0.0
ALA  88,92.807,0.0,0.0,-1.943,0.0,0.0,-72.888,0.0,0.0,-8.393,0.0,0.0,0.0,0.0,0.0,9.582999999999998,0.0,0.0
GLY  89,89.895,0.0,0.0,-1.704,0.0,0.0,-71.219,0.0,0.0,-7.872,0.0,0.0,0.0,0.0,0.0,9.100000000000009,0.0,0.0
PRO  90,86.575,0.0,0.0,-3.104,0.0,0.0,-54.915,0.0,0.0,-7.365,0.0,0.0,0.0,0.0,0.0,21.191000000000003,0.0,0.0
ILE  91,75.286,0.0,0.0,-5.066,0.0,0.0,-57.581,0.0,0.0,-2.527,0.0,0.0,0.0,0.0,0.0,10.111999999999995,0.0,0.0
ALA  92,93.785,0.0,0.0,-1.865,0.0,0.0,-72.69,0.0,0.0,-3.006,0.0,0.0,0.0,0.0,0.0,16.224000000000004,0.0,0.0
PRO  93,85.335,0.0,0.0,-2.899,0.0,0.0,-56.269,0.0,0.0,-7.422,0.0,0.0,0.0,0.0,0.0,18.744999999999994,0.0,0.0
GLY  94,69.748,0.0,0.0,-2.252,0.0,0.0,-64.897,0.0,0.0,-6.299,0.0,0.0,0.0,0.0,0.0,-3.6999999999999966,0.0,0.0
GLN  95,35.108,0.0,0.0,-5.609,0.0,0.0,-80.673,0.0,0.0,-3.495,0.0,0.0,0.0,0.0,0.0,-54.669000000000004,0.0,0.0
MET  96,107.626,0.0,0.0,-10.173,0.0,0.0,-79.973,0.0,0.0,-5.156,0.0,0.0,0.0,0.0,0.0,12.324000000000005,0.0,0.0
ARG  97,-193.358,0.0,0.0,-4.287,0.0,0.0,-26.309,0.0,0.0,38.362,0.0,0.0,0.0,0.0,0.0,-185.592,0.0,0.0
GLU  98,101.463,0.0,0.0,-5.94,0.0,0.0,-59.534,0.0,0.0,-92.47,0.0,0.0,0.0,0.0,0.0,-56.481,0.0,0.0
PRO  99,94.475,0.0,0.0,-9.027,0.0,0.0,-63.31,0.0,0.0,-0.563,0.0,0.0,0.0,0.0,0.0,21.574999999999992,0.0,0.0
ARG 100,-192.877,0.0,0.0,-9.85,0.0,0.0,-14.728,0.0,0.0,38.508,0.0,0.0,0.0,0.0,0.0,-178.947,0.0,0.0
GLY 101,77.358,0.0,0.0,-5.917,0.0,0.0,-84.66,0.0,0.0,1.554,0.0,0.0,0.0,0.0,0.0,-11.664999999999994,0.0,0.0
SER 102,66.851,0.0,0.0,-7.118,0.0,0.0,-63.644,0.0,0.0,-1.853,0.0,0.0,0.0,0.0,0.0,-5.764000000000001,0.0,0.0
ASP 103,93.846,0.0,0.0,-7.843,0.0,0.0,-94.153,0.0,0.0,-40.65,0.0,0.0,0.0,0.0,0.0,-48.800000000000004,0.0,0.0
ILE 104,88.525,0.0,0.0,-12.115,0.0,0.0,-62.74,0.0,0.0,1.115,0.0,0.0,0.0,0.0,0.0,14.785000000000009,0.0,0.0
ALA 105,86.682,0.0,0.0,-5.491,0.0,0.0,-76.091,0.0,0.0,-2.49,0.0,0.0,0.0,0.0,0.0,2.6100000000000083,0.0,0.0
GLY 106,87.802,0.0,0.0,-4.241,0.0,0.0,-85.967,0.0,0.0,-3.371,0.0,0.0,0.0,0.0,0.0,-5.776999999999992,0.0,0.0
THR 107,48.508,0.0,0.0,-4.663,0.0,0.0,-55.702,0.0,0.0,-7.997,0.0,0.0,0.0,0.0,0.0,-19.854,0.0,0.0
THR 108,36.286,0.0,0.0,-4.498,0.0,0.0,-51.908,0.0,0.0,-2.272,0.0,0.0,0.0,0.0,0.0,-22.392,0.0,0.0
SER 109,74.568,0.0,0.0,-6.372,0.0,0.0,-63.551,0.0,0.0,-3.364,0.0,0.0,0.0,0.0,0.0,1.2809999999999961,0.0,0.0
THR 110,32.054,0.0,0.0,-4.92,0.0,0.0,-36.855,0.0,0.0,-5.43,0.0,0.0,0.0,0.0,0.0,-15.150999999999996,0.0,0.0
LEU 111,65.514,0.0,0.0,-7.946,0.0,0.0,-64.772,0.0,0.0,-3.132,0.0,0.0,0.0,0.0,0.0,-10.336000000000007,0.0,0.0
GLN 112,36.171,0.0,0.0,-7.236,0.0,0.0,-72.432,0.0,0.0,-13.136,0.0,0.0,0.0,0.0,0.0,-56.632999999999996,0.0,0.0
GLU 113,103.477,0.0,0.0,-7.515,0.0,0.0,-86.519,0.0,0.0,-61.901,0.0,0.0,0.0,0.0,0.0,-52.458000000000006,0.0,0.0
GLN 114,38.572,0.0,0.0,-10.229,0.0,0.0,-84.977,0.0,0.0,0.614,0.0,0.0,0.0,0.0,0.0,-56.02,0.0,0.0
ILE 115,85.394,0.0,0.0,-9.677,0.0,0.0,-70.484,0.0,0.0,-1.146,0.0,0.0,0.0,0.0,0.0,4.087000000000018,0.0,0.0
GLY 116,78.541,0.0,0.0,-5.369,0.0,0.0,-76.671,0.0,0.0,-1.237,0.0,0.0,0.0,0.0,0.0,-4.7360000000000095,0.0,0.0
TRP 117,121.714,0.0,0.0,-19.215,0.0,0.0,-92.661,0.0,0.0,-0.231,0.0,0.0,0.0,0.0,0.0,9.606999999999994,0.0,0.0
MET 118,96.15,0.0,0.0,-9.899,0.0,0.0,-82.115,0.0,0.0,-3.426,0.0,0.0,0.0,0.0,0.0,0.7100000000000097,0.0,0.0
THR 119,36.818,0.0,0.0,-5.884,0.0,0.0,-45.174,0.0,0.0,-6.563,0.0,0.0,0.0,0.0,0.0,-20.803,0.0,0.0
HID 120,93.368,0.0,0.0,-9.665,0.0,0.0,-62.131,0.0,0.0,-3.726,0.0,0.0,0.0,0.0,0.0,17.846000000000004,0.0,0.0
ASN 121,29.89,0.0,0.0,-3.933,0.0,0.0,-67.962,0.0,0.0,-16.471,0.0,0.0,0.0,0.0,0.0,-58.476,0.0,0.0
PRO 122,97.661,0.0,0.0,-4.665,0.0,0.0,-57.835,0.0,0.0,-4.671,0.0,0.0,0.0,0.0,0.0,30.489999999999995,0.0,0.0
PRO 123,82.137,0.0,0.0,-6.403,0.0,0.0,-56.068,0.0,0.0,-3.723,0.0,0.0,0.0,0.0,0.0,15.942999999999998,0.0,0.0
ILE 124,97.003,0.0,0.0,-6.128,0.0,0.0,-60.811,0.0,0.0,-0.855,0.0,0.0,0.0,0.0,0.0,29.209,0.0,0.0
PRO 125,90.055,0.0,0.0,-5.667,0.0,0.0,-64.288,0.0,0.0,-1.109,0.0,0.0,0.0,0.0,0.0,18.991000000000007,0.0,0.0
VAL 126,53.416,0.0,0.0,-9.355,0.0,0.0,-55.271,0.0,0.0,-0.411,0.0,0.0,0.0,0.0,0.0,-11.621000000000008,0.0,0.0
GLY 127,71.69,0.0,0.0,-5.171,0.0,0.0,-72.008,0.0,0.0,-1.601,0.0,0.0,0.0,0.0,0.0,-7.090000000000004,0.0,0.0
GLU 128,102.755,0.0,0.0,-7.951,0.0,0.0,-99.77,0.0,0.0,-54.567,0.0,0.0,0.0,0.0,0.0,-59.532999999999994,0.0,0.0
ILE 129,86.231,0.0,0.0,-10.186,0.0,0.0,-65.225,0.0,0.0,0.1,0.0,0.0,0.0,0.0,0.0,10.919999999999993,0.0,0.0
TYR 130,94.502,0.0,0.0,-15.9,0.0,0.0,-85.919,0.0,0.0,-1.821,0.0,0.0,0.0,0.0,0.0,-9.138000000000007,0.0,0.0
LYS 131,143.647,0.0,0.0,-12.381,0.0,0.0,-168.947,0.0,0.0,31.602,0.0,0.0,0.0,0.0,0.0,-6.079000000000011,0.0,0.0
ARG 132,-189.588,0.0,0.0,-9.349,0.0,0.0,31.651,0.0,0.0,-6.113,0.0,0.0,0.0,0.0,0.0,-173.39899999999997,0.0,0.0
TRP 133,124.326,0.0,0.0,-17.597,0.0,0.0,-93.134,0.0,0.0,-2.202,0.0,0.0,0.0,0.0,0.0,11.392999999999985,0.0,0.0
ILE 134,85.827,0.0,0.0,-12.926,0.0,0.0,-70.343,0.0,0.0,-0.123,0.0,0.0,0.0,0.0,0.0,2.4349999999999925,0.0,0.0
ILE 135,79.758,0.0,0.0,-8.246,0.0,0.0,-62.909,0.0,0.0,0.018,0.0,0.0,0.0,0.0,0.0,8.621000000000002,0.0,0.0
LEU 136,67.903,0.0,0.0,-6.625,0.0,0.0,-73.068,0.0,0.0,1.107,0.0,0.0,0.0,0.0,0.0,-10.682999999999993,0.0,0.0
GLY 137,76.268,0.0,0.0,-7.315,0.0,0.0,-76.835,0.0,0.0,0.715,0.0,0.0,0.0,0.0,0.0,-7.166999999999991,0.0,0.0
LEU 138,65.798,0.0,0.0,-11.805,0.0,0.0,-70.044,0.0,0.0,0.06,0.0,0.0,0.0,0.0,0.0,-15.990999999999994,0.0,0.0
ASN 139,52.916,0.0,0.0,-7.314,0.0,0.0,-105.076,0.0,0.0,-6.047,0.0,0.0,0.0,0.0,0.0,-65.521,0.0,0.0
LYS 140,137.513,0.0,0.0,-8.32,0.0,0.0,-161.613,0.0,0.0,21.147,0.0,0.0,0.0,0.0,0.0,-11.272999999999989,0.0,0.0
ILE 141,94.753,0.0,0.0,-11.595,0.0,0.0,-79.762,0.0,0.0,-0.676,0.0,0.0,0.0,0.0,0.0,2.7200000000000006,0.0,0.0
VAL 142,68.686,0.0,0.0,-10.202,0.0,0.0,-59.619,0.0,0.0,-2.474,0.0,0.0,0.0,0.0,0.0,-3.608999999999991,0.0,0.0
ARG 143,-190.035,0.0,0.0,-8.241,0.0,0.0,66.545,0.0,0.0,-27.012,0.0,0.0,0.0,0.0,0.0,-158.743,0.0,0.0
MET 144,96.418,0.0,0.0,-7.418,0.0,0.0,-74.363,0.0,0.0,-5.343,0.0,0.0,0.0,0.0,0.0,9.294,0.0,0.0
TYR 145,92.186,0.0,0.0,-8.476,0.0,0.0,-84.834,0.0,0.0,-7.213,0.0,0.0,0.0,0.0,0.0,-8.336999999999996,0.0,0.0
SER 146,72.807,0.0,0.0,-4.93,0.0,0.0,-48.832,0.0,0.0,-10.309,0.0,0.0,0.0,0.0,0.0,8.73600000000001,0.0,0.0
PRO 147,84.377,0.0,0.0,-3.272,0.0,0.0,-61.842,0.0,0.0,-3.817,0.0,0.0,0.0,0.0,0.0,15.44599999999999,0.0,0.0
THR 148,48.464,0.0,0.0,-3.823,0.0,0.0,-54.368,0.0,0.0,-7.239,0.0,0.0,0.0,0.0,0.0,-16.966000000000005,0.0,0.0
SER 149,64.423,0.0,0.0,-2.265,0.0,0.0,-45.54,0.0,0.0,-12.394,0.0,0.0,0.0,0.0,0.0,4.224000000000002,0.0,0.0
ILE 150,62.957,0.0,0.0,-1.073,0.0,0.0,-28.107,0.0,0.0,-8.104,0.0,0.0,0.0,0.0,0.0,25.673000000000002,0.0,0.0

Ligand:
Total Energy Decomposition:
Residue,Internal,,,van der Waals,,,Electrostatic,,,Polar Solvation,,,Non-Polar Solv.,,,TOTAL,,
,Avg.,Std. Dev.,Std. Err. of Mean,Avg.,Std. Dev.,Std. Err. of Mean,Avg.,Std. Dev.,Std. Err. of Mean,Avg.,Std. Dev.,Std. Err. of Mean,Avg.,Std. Dev.,Std. Err. of Mean,Avg.,Std. Dev.,Std. Err. of Mean
LEU   1,39.526,0.0,0.0,-2.622,0.0,0.0,-36.445,0.0,0.0,-4.861,0.0,0.0,0.0,0.0,0.0,-4.401999999999997,0.0,0.0
ASP   2,113.984,0.0,0.0,-3.461,0.0,0.0,-124.008,0.0,0.0,-49.688,0.0,0.0,0.0,0.0,0.0,-63.173,0.0,0.0
ILE   3,102.416,0.0,0.0,-5.123,0.0,0.0,-74.716,0.0,0.0,-3.427,0.0,0.0,0.0,0.0,0.0,19.15,0.0,0.0
ARG   4,-195.288,0.0,0.0,-6.333,0.0,0.0,30.389,0.0,0.0,-4.498,0.0,0.0,0.0,0.0,0.0,-175.73,0.0,0.0
GLN   5,30.611,0.0,0.0,-11.531,0.0,0.0,-85.822,0.0,0.0,-1.18,0.0,0.0,0.0,0.0,0.0,-67.92200000000001,0.0,0.0
GLY   6,89.116,0.0,0.0,-1.232,0.0,0.0,-71.325,0.0,0.0,-6.498,0.0,0.0,0.0,0.0,0.0,10.060999999999996,0.0,0.0
PRO   7,87.695,0.0,0.0,-3.072,0.0,0.0,-53.462,0.0,0.0,-9.078,0.0,0.0,0.0,0.0,0.0,22.082999999999988,0.0,0.0
LYS   8,119.029,0.0,0.0,-3.066,0.0,0.0,-85.888,0.0,0.0,-36.862,0.0,0.0,0.0,0.0,0.0,-6.787000000000013,0.0,0.0
GLU   9,110.232,0.0,0.0,-3.774,0.0,0.0,-128.273,0.0,0.0,-25.71,0.0,0.0,0.0,0.0,0.0,-47.525,0.0,0.0
PRO  10,81.139,0.0,0.0,-5.812,0.0,0.0,-54.123,0.0,0.0,-1.098,0.0,0.0,0.0,0.0,0.0,20.106,0.0,0.0
PHE  11,102.568,0.0,0.0,-12.502,0.0,0.0,-74.952,0.0,0.0,-1.69,0.0,0.0,0.0,0.0,0.0,13.424000000000005,0.0,0.0
ARG  12,-187.464,0.0,0.0,-8.124,0.0,0.0,13.826,0.0,0.0,12.225,0.0,0.0,0.0,0.0,0.0,-169.537,0.0,0.0
ASP  13,86.842,0.0,0.0,-8.123,0.0,0.0,-74.553,0.0,0.0,-77.611,0.0,0.0,0.0,0.0,0.0,-73.44500000000001,0.0,0.0
TYR  14,100.347,0.0,0.0,-16.953,0.0,0.0,-99.347,0.0,0.0,2.363,0.0,0.0,0.0,0.0,0.0,-13.590000000000003,0.0,0.0
VAL  15,53.643,0.0,0.0,-10.277,0.0,0.0,-58.153,0.0,0.0,2.742,0.0,0.0,0.0,0.0,0.0,-12.044999999999998,0.0,0.0
ASP  16,96.893,0.0,0.0,-6.364,0.0,0.0,-103.304,0.0,0.0,-47.375,0.0,0.0,0.0,0.0,0.0,-60.150000000000006,0.0,0.0
ARG  17,-190.474,0.0,0.0,-9.406,0.0,0.0,22.706,0.0,0.0,-4.012,0.0,0.0,0.0,0.0,0.0,-181.186,0.0,0.0
PHE  18,95.199,0.0,0.0,-14.767,0.0,0.0,-82.217,0.0,0.0,0.852,0.0,0.0,0.0,0.0,0.0,-0.9329999999999966,0.0,0.0
TYR  19,97.811,0.0,0.0,-9.874,0.0,0.0,-95.038,0.0,0.0,-3.091,0.0,0.0,0.0,0.0,0.0,-10.191999999999986,0.0,0.0
LYS  20,147.553,0.0,0.0,-7.457,0.0,0.0,-99.549,0.0,0.0,-35.926,0.0,0.0,0.0,0.0,0.0,4.620999999999995,0.0,0.0
THR  21,41.916,0.0,0.0,-7.108,0.0,0.0,-50.709,0.0,0.0,-6.133,0.0,0.0,0.0,0.0,0.0,-22.034000000000002,0.0,0.0
LEU  22,77.12,0.0,0.0,-8.874,0.0,0.0,-66.633,0.0,0.0,-2.784,0.0,0.0,0.0,0.0,0.0,-1.170999999999986,0.0,0.0
ARG  23,-195.634,0.0,0.0,-9.143,0.0,0.0,73.992,0.0,0.0,-37.833,0.0,0.0,0.0,0.0,0.0,-168.61799999999997,0.0,0.0
ALA  24,88.268,0.0,0.0,-4.466,0.0,0.0,-78.727,0.0,0.0,-4.708,0.0,0.0,0.0,0.0,0.0,0.36700000000000266,0.0,0.0
GLU  25,106.609,0.0,0.0,-5.694,0.0,0.0,-74.604,0.0,0.0,-88.669,0.0,0.0,0.0,0.0,0.0,-62.358000000000004,0.0,0.0
GLN  26,34.033,0.0,0.0,-3.61,0.0,0.0,-58.612,0.0,0.0,-19.901,0.0,0.0,0.0,0.0,0.0,-48.09,0.0,0.0
ALA  27,95.306,0.0,0.0,-3.773,0.0,0.0,-85.86,0.0,0.0,0.9,0.0,0.0,0.0,0.0,0.0,6.573000000000002,0.0,0.0
SER  28,66.381,0.0,0.0,-4.463,0.0,0.0,-58.427,0.0,0.0,-6.393,0.0,0.0,0.0,0.0,0.0,-2.902,0.0,0.0
GLN  29,30.159,0.0,0.0,-6.081,0.0,0.0,-73.835,0.0,0.0,-2.977,0.0,0.0,0.0,0.0,0.0,-52.73399999999999,0.0,0.0
GLU  30,112.501,0.0,0.0,-5.325,0.0,0.0,-82.527,0.0,0.0,-83.438,0.0,0.0,0.0,0.0,0.0,-58.789,0.0,0.0
VAL  31,64.858,0.0,0.0,-6.112,0.0,0.0,-55.508,0.0,0.0,-2.41,0.0,0.0,0.0,0.0,0.0,0.8279999999999994,0.0,0.0
LYS  32,118.541,0.0,0.0,-8.484,0.0,0.0,-87.532,0.0,0.0,-25.773,0.0,0.0,0.0,0.0,0.0,-3.247999999999994,0.0,0.0
ASN  33,24.08,0.0,0.0,-7.034,0.0,0.0,-83.718,0.0,0.0,-6.9,0.0,0.0,0.0,0.0,0.0,-73.572,0.0,0.0
TRP  34,123.622,0.0,0.0,-10.181,0.0,0.0,-90.253,0.0,0.0,-4.428,0.0,0.0,0.0,0.0,0.0,18.76,0.0,0.0
MET  35,103.093,0.0,0.0,-9.961,0.0,0.0,-84.911,0.0,0.0,-2.69,0.0,0.0,0.0,0.0,0.0,5.531000000000004,0.0,0.0
THR  36,44.199,0.0,0.0,-6.065,0.0,0.0,-54.542,0.0,0.0,-1.05,0.0,0.0,0.0,0.0,0.0,-17.458000000000002,0.0,0.0
GLU  37,102.187,0.0,0.0,-6.402,0.0,0.0,-51.939,0.0,0.0,-101.851,0.0,0.0,0.0,0.0,0.0,-58.005,0.0,0.0
THR  38,39.57,0.0,0.0,-5.585,0.0,0.0,-45.47,0.0,0.0,-1.225,0.0,0.0,0.0,0.0,0.0,-12.709999999999999,0.0,0.0
LEU  39,68.444,0.0,0.0,-9.012,0.0,0.0,-65.358,0.0,0.0,0.938,0.0,0.0,0.0,0.0,0.0,-4.988000000000002,0.0,0.0
LEU  40,87.276,0.0,0.0,-9.883,0.0,0.0,-91.04,0.0,0.0,1.532,0.0,0.0,0.0,0.0,0.0,-12.115000000000006,0.0,0.0
VAL  41,49.731,0.0,0.0,-7.809,0.0,0.0,-55.107,0.0,0.0,2.212,0.0,0.0,0.0,0.0,0.0,-10.972999999999995,0.0,0.0
GLN  42,20.959,0.0,0.0,-6.127,0.0,0.0,-69.199,0.0,0.0,-1.381,0.0,0.0,0.0,0.0,0.0,-55.748,0.0,0.0
ASN  43,19.046,0.0,0.0,-7.008,0.0,0.0,-82.226,0.0,0.0,-2.394,0.0,0.0,0.0,0.0,0.0,-72.58200000000001,0.0,0.0
ALA  44,93.959,0.0,0.0,-7.56,0.0,0.0,-86.111,0.0,0.0,3.383,0.0,0.0,0.0,0.0,0.0,3.6709999999999967,0.0,0.0
ASN  45,50.812,0.0,0.0,-6.87,0.0,0.0,-92.403,0.0,0.0,-10.779,0.0,0.0,0.0,0.0,0.0,-59.24000000000001,0.0,0.0
PRO  46,81.457,0.0,0.0,-4.802,0.0,0.0,-53.728,0.0,0.0,-3.825,0.0,0.0,0.0,0.0,0.0,19.102,0.0,0.0
ASP  47,88.96,0.0,0.0,-4.821,0.0,0.0,-59.073,0.0,0.0,-90.973,0.0,0.0,0.0,0.0,0.0,-65.90700000000001,0.0,0.0
CYX  48,103.611,0.0,0.0,-5.589,0.0,0.0,-80.076,0.0,0.0,-3.435,0.0,0.0,0.0,0.0,0.0,14.511000000000012,0.0,0.0
LYS  49,140.609,0.0,0.0,-10.777,0.0,0.0,-108.354,0.0,0.0,-24.934,0.0,0.0,0.0,0.0,0.0,-3.455999999999978,0.0,0.0
THR  50,48.992,0.0,0.0,-5.54,0.0,0.0,-56.713,0.0,0.0,-7.845,0.0,0.0,0.0,0.0,0.0,-21.106,0.0,0.0
ILE  51,72.436,0.0,0.0,-5.776,0.0,0.0,-51.438,0.0,0.0,-1.48,0.0,0.0,0.0,0.0,0.0,13.742000000000008,0.0,0.0
LEU  52,79.878,0.0,0.0,-11.596,0.0,0.0,-68.511,0.0,0.0,-4.019,0.0,0.0,0.0,0.0,0.0,-4.247999999999999,0.0,0.0
LYS  53,119.326,0.0,0.0,-6.881,0.0,0.0,-89.687,0.0,0.0,-27.585,0.0,0.0,0.0,0.0,0.0,-4.827000000000005,0.0,0.0
ALA  54,85.431,0.0,0.0,-3.485,0.0,0.0,-73.828,0.0,0.0,-4.264,0.0,0.0,0.0,0.0,0.0,3.8539999999999948,0.0,0.0
LEU  55,70.055,0.0,0.0,-7.359,0.0,0.0,-72.693,0.0,0.0,-3.805,0.0,0.0,0.0,0.0,0.0,-13.801999999999992,0.0,0.0
GLY  56,89.551,0.0,0.0,-2.406,0.0,0.0,-72.412,0.0,0.0,-7.965,0.0,0.0,0.0,0.0,0.0,6.76799999999999,0.0,0.0
PRO  57,84.077,0.0,0.0,-2.866,0.0,0.0,-50.773,0.0,0.0,-7.931,0.0,0.0,0.0,0.0,0.0,22.506999999999994,0.0,0.0
GLY  58,66.976,0.0,0.0,-1.849,0.0,0.0,-63.266,0.0,0.0,-6.547,0.0,0.0,0.0,0.0,0.0,-4.686000000000003,0.0,0.0
ALA  59,101.764,0.0,0.0,-4.917,0.0,0.0,-87.738,0.0,0.0,-1.071,0.0,0.0,0.0,0.0,0.0,8.037999999999995,0.0,0.0
THR  60,54.527,0.0,0.0,-5.122,0.0,0.0,-52.319,0.0,0.0,-3.678,0.0,0.0,0.0,0.0,0.0,-6.592000000000001,0.0,0.0
LEU  61,62.904,0.0,0.0,-6.336,0.0,0.0,-61.803,0.0,0.0,-5.152,0.0,0.0,0.0,0.0,0.0,-10.386999999999993,0.0,0.0
GLU  62,108.076,0.0,0.0,-6.504,0.0,0.0,-58.797,0.0,0.0,-103.95,0.0,0.0,0.0,0.0,0.0,-61.17500000000001,0.0,0.0
GLU  63,104.084,0.0,0.0,-7.058,0.0,0.0,-57.429,0.0,0.0,-97.263,0.0,0.0,0.0,0.0,0.0,-57.666,0.0,0.0
MET  64,94.586,0.0,0.0,-11.209,0.0,0.0,-78.633,0.0,0.0,0.055,0.0,0.0,0.0,0.0,0.0,4.7989999999999995,0.0,0.0
MET  65,100.179,0.0,0.0,-8.716,0.0,0.0,-81.774,0.0,0.0,-3.363,0.0,0.0,0.0,0.0,0.0,6.326000000000008,0.0,0.0
THR  66,40.417,0.0,0.0,-4.655,0.0,0.0,-42.204,0.0,0.0,-4.111,0.0,0.0,0.0,0.0,0.0,-10.553,0.0,0.0
ALA  67,77.938,0.0,0.0,-5.012,0.0,0.0,-63.715,0.0,0.0,-1.942,0.0,0.0,0.0,0.0,0.0,7.268999999999998,0.0,0.0
CYX  68,93.604,0.0,0.0,-4.749,0.0,0.0,-74.867,0.0,0.0,-5.604,0.0,0.0,0.0,0.0,0.0,8.384,0.0,0.0
GLN  69,39.505,0.0,0.0,-2.884,0.0,0.0,-72.581,0.0,0.0,-16.576,0.0,0.0,0.0,0.0,0.0,-52.536,0.0,0.0
GLY  70,97.171,0.0,0.0,-1.641,0.0,0.0,-81.716,0.0,0.0,-6.893,0.0,0.0,0.0,0.0,0.0,6.921000000000007,0.0,0.0
VAL  71,35.463,0.0,0.0,-2.13,0.0,0.0,-28.624,0.0,0.0,-106.243,0.0,0.0,0.0,0.0,0.0,-101.53399999999999,0.0,0.0

DELTAS:
Total Energy Decomposition:
Residue,Location,Internal,,,van der Waals,,,Electrostatic,,,Polar Solvation,,,Non-Polar Solv.,,,TOTAL,,
,,Avg.,Std. Dev.,Std. Err. of Mean,Avg.,Std. Dev.,Std. Err. of Mean,Avg.,Std. Dev.,Std. Err. of Mean,Avg.,Std. Dev.,Std. Err. of Mean,Avg.,Std. Dev.,Std. Err. of Mean
PRO   1,R PRO   1,0.0,0.0,0.0,-0.001000000000000334,0.0,0.0,-3.1899999999999977,0.0,0.0,3.1389999999999993,0.0,0.0,0.0,0.0,0.0,-0.051999999999988944,0.0,0.0
ILE   2,R ILE   2,0.0,0.0,0.0,-0.0010000000000012221,0.0,0.0,-0.036000000000001364,0.0,0.0,0.03399999999999981,0.0,0.0,0.0,0.0,0.0,-0.003000000000007219,0.0,0.0
VAL   3,R VAL   3,0.0,0.0,0.0,-0.001000000000000334,0.0,0.0,-0.020000000000003126,0.0,0.0,0.02099999999999999,0.0,0.0,0.0,0.0,0.0,0.0,0.0,0.0
GLN   4,R GLN   4,0.0,0.0,0.0,-0.001000000000000334,0.0,0.0,0.021999999999998465,0.0,0.0,-0.02400000000000091,0.0,0.0,0.0,0.0,0.0,-0.0030000000000001137,0.0,0.0
ASN   5,R ASN   5,0.0,0.0,0.0,-0.0009999999999994458,0.0,0.0,0.04800000000000182,0.0,0.0,-0.04699999999999882,0.0,0.0,0.0,0.0,0.0,0.0,0.0,0.0
LEU   6,R LEU   6,0.0,0.0,0.0,0.0,0.0,0.0,0.022999999999996135,0.0,0.0,-0.023000000000000576,0.0,0.0,0.0,0.0,0.0,-4.440892098500626e-15,0.0,0.0
GLN   7,R GLN   7,0.0,0.0,0.0,0.0,0.0,0.0,0.0010000000000047748,0.0,0.0,0.0,0.0,0.0,0.0,0.0,0.0,0.0010000000000047748,0.0,0.0
GLY   8,R GLY   8,0.0,0.0,0.0,0.0,0.0,0.0,0.001999999999995339,0.0,0.0,0.0,0.0,0.0,0.0,0.0,0.0,0.001999999999995339,0.0,0.0
GLN   9,R GLN   9,0.0,0.0,0.0,0.0,0.0,0.0,-0.01300000000000523,0.0,0.0,0.011999999999998678,0.0,0.0,0.0,0.0,0.0,-0.0010000000000047748,0.0,0.0
MET  10,R MET  10,0.0,0.0,0.0,0.0,0.0,0.0,-0.01300000000000523,0.0,0.0,0.0129999999999999,0.0,0.0,0.0,0.0,0.0,-5.329070518200751e-15,0.0,0.0
VAL  11,R VAL  11,0.0,0.0,0.0,-0.001000000000000334,0.0,0.0,-0.0020000000000024443,0.0,0.0,0.0009999999999998899,0.0,0.0,0.0,0.0,0.0,-0.0019999999999988916,0.0,0.0
HID  12,R HID  12,0.0,0.0,0.0,0.0,0.0,0.0,0.036999999999999034,0.0,0.0,-0.03599999999999959,0.0,0.0,0.0,0.0,0.0,0.0009999999999994458,0.0,0.0
GLN  13,R GLN  13,0.0,0.0,0.0,0.0,0.0,0.0,0.0010000000000047748,0.0,0.0,-0.0010000000000012221,0.0,0.0,0.0,0.0,0.0,0.0,0.0,0.0
ALA  14,R ALA  14,0.0,0.0,0.0,0.0,0.0,0.0,0.017000000000010118,0.0,0.0,-0.017000000000000015,0.0,0.0,0.0,0.0,0.0,1.0658141036401503e-14,0.0,0.0
ILE  15,R ILE  15,0.0,0.0,0.0,-0.0010000000000012221,0.0,0.0,0.045000000000001705,0.0,0.0,-0.04300000000000015,0.0,0.0,0.0,0.0,0.0,0.0009999999999967812,0.0,0.0
SER  16,R SER  16,0.0,0.0,0.0,-0.001000000000000334,0.0,0.0,-0.07500000000000284,0.0,0.0,0.0730000000000004,0.0,0.0,0.0,0.0,0.0,-0.003000000000007219,0.0,0.0
PRO  17,R PRO  17,0.0,0.0,0.0,0.0,0.0,0.0,-0.05100000000000193,0.0,0.0,0.04899999999999993,0.0,0.0,0.0,0.0,0.0,-0.0020000000000024443,0.0,0.0
ARG  18,R ARG  18,0.0,0.0,0.0,-0.001000000000000334,0.0,0.0,-3.8619999999999948,0.0,0.0,3.8119999999999976,0.0,0.0,0.0,0.0,0.0,-0.051000000000016144,0.0,0.0
THR  19,R THR  19,0.0,0.0,0.0,-0.001000000000000334,0.0,0.0,-0.031999999999996476,0.0,0.0,0.030999999999999694,0.0,0.0,0.0,0.0,0.0,-0.001999999999995339,0.0,0.0
LEU  20,R LEU  20,0.0,0.0,0.0,-0.0010000000000012221,0.0,0.0,-0.08599999999999852,0.0,0.0,0.08299999999999996,0.0,0.0,0.0,0.0,0.0,-0.004000000000003112,0.0,0.0
ASN  21,R ASN  21,0.0,0.0,0.0,-0.001000000000000334,0.0,0.0,-0.11399999999999011,0.0,0.0,0.11100000000000065,0.0,0.0,0.0,0.0,0.0,-0.003999999999990678,0.0,0.0
ALA  22,R ALA  22,0.0,0.0,0.0,-0.0009999999999998899,0.0,0.0,-0.09000000000000341,0.0,0.0,0.08800000000000008,0.0,0.0,0.0,0.0,0.0,-0.003000000000007219,0.0,0.0
TRP  23,R TRP  23,0.0,0.0,0.0,-0.009000000000000341,0.0,0.0,-0.27299999999999613,0.0,0.0,0.262,0.0,0.0,0.0,0.0,0.0,-0.019999999999999574,0.0,0.0
VAL  24,R VAL  24,0.0,0.0,0.0,-0.0030000000000001137,0.0,0.0,-0.16600000000000392,0.0,0.0,0.15799999999999992,0.0,0.0,0.0,0.0,0.0,-0.011000000000003674,0.0,0.0
LYS  25,R LYS  25,0.0,0.0,0.0,-0.0030000000000001137,0.0,0.0,-3.1500000000000057,0.0,0.0,3.1189999999999998,0.0,0.0,0.0,0.0,0.0,-0.034000000000006025,0.0,0.0
VAL  26,R VAL  26,0.0,0.0,0.0,-0.008999999999999453,0.0,0.0,-0.32799999999998875,0.0,0.0,0.31499999999999995,0.0,0.0,0.0,0.0,0.0,-0.021999999999987807,0.0,0.0
VAL  27,R VAL  27,0.0,0.0,0.0,-0.010999999999999233,0.0,0.0,-0.12999999999999545,0.0,0.0,0.133,0.0,0.0,0.0,0.0,0.0,-0.007999999999992013,0.0,0.0
GLU  28,R GLU  28,0.0,0.0,0.0,-0.009000000000000341,0.0,0.0,1.6529999999999916,0.0,0.0,-1.671999999999997,0.0,0.0,0.0,0.0,0.0,-0.028000000000005798,0.0,0.0
GLU  29,R GLU  29,0.0,0.0,0.0,-0.02400000000000002,0.0,0.0,0.2190000000000012,0.0,0.0,-0.2849999999999966,0.0,0.0,0.0,0.0,0.0,-0.0899999999999963,0.0,0.0
LYS  30,R LYS  30,0.0,0.0,0.0,-0.07400000000000073,0.0,0.0,1.350999999999999,0.0,0.0,-1.2910000000000004,0.0,0.0,0.0,0.0,0.0,-0.013999999999999346,0.0,0.0
ALA  31,R ALA  31,0.0,0.0,0.0,-0.052999999999999936,0.0,0.0,-1.1089999999999947,0.0,0.0,1.0420000000000003,0.0,0.0,0.0,0.0,0.0,-0.11999999999999211,0.0,0.0
PHE  32,R PHE  32,0.0,0.0,0.0,-0.13299999999999912,0.0,0.0,0.3689999999999998,0.0,0.0,-0.42900000000000005,0.0,0.0,0.0,0.0,0.0,-0.19300000000001027,0.0,0.0
SER  33,R SER  33,0.0,0.0,0.0,-0.7589999999999995,0.0,0.0,2.609000000000009,0.0,0.0,-1.5619999999999998,0.0,0.0,0.0,0.0,0.0,0.28800000000000914,0.0,0.0
PRO  34,R PRO  34,0.0,0.0,0.0,-3.474,0.0,0.0,0.5700000000000003,0.0,0.0,-0.12399999999999967,0.0,0.0,0.0,0.0,0.0,-3.0280000000000022,0.0,0.0
GLU  35,R GLU  35,0.0,0.0,0.0,-0.32899999999999974,0.0,0.0,-5.763000000000005,0.0,0.0,5.400999999999996,0.0,0.0,0.0,0.0,0.0,-0.6910000000000167,0.0,0.0
VAL  36,R VAL  36,0.0,0.0,0.0,-0.09000000000000163,0.0,0.0,0.5120000000000005,0.0,0.0,-0.357,0.0,0.0,0.0,0.0,0.0,0.06499999999999773,0.0,0.0
ILE  37,R ILE  37,0.0,0.0,0.0,-0.4150000000000009,0.0,0.0,1.570999999999998,0.0,0.0,-1.32,0.0,0.0,0.0,0.0,0.0,-0.16399999999999437,0.0,0.0
PRO  38,R PRO  38,0.0,0.0,0.0,-0.3410000000000002,0.0,0.0,2.091000000000001,0.0,0.0,-1.899,0.0,0.0,0.0,0.0,0.0,-0.14900000000000624,0.0,0.0
MET  39,R MET  39,0.0,0.0,0.0,-0.038000000000000256,0.0,0.0,0.17300000000000182,0.0,0.0,-0.1299999999999999,0.0,0.0,0.0,0.0,0.0,0.005000000000004334,0.0,0.0
PHE  40,R PHE  40,0.0,0.0,0.0,-0.02000000000000135,0.0,0.0,0.4789999999999992,0.0,0.0,-0.4139999999999999,0.0,0.0,0.0,0.0,0.0,0.04500000000000348,0.0,0.0
SER  41,R SER  41,0.0,0.0,0.0,-0.018000000000000682,0.0,0.0,0.5910000000000011,0.0,0.0,-0.5370000000000008,0.0,0.0,0.0,0.0,0.0,0.03599999999999959,0.0,0.0
ALA  42,R ALA  42,0.0,0.0,0.0,-0.006999999999999673,0.0,0.0,0.4689999999999941,0.0,0.0,-0.4489999999999994,0.0,0.0,0.0,0.0,0.0,0.012999999999989242,0.0,0.0
LEU  43,R LEU  43,0.0,0.0,0.0,-0.004999999999999893,0.0,0.0,0.2639999999999958,0.0,0.0,-0.23999999999999977,0.0,0.0,0.0,0.0,0.0,0.018999999999987693,0.0,0.0
SER  44,R SER  44,0.0,0.0,0.0,-0.0039999999999995595,0.0,0.0,0.23900000000000432,0.0,0.0,-0.21999999999999997,0.0,0.0,0.0,0.0,0.0,0.014999999999998792,0.0,0.0
GLU  45,R GLU  45,0.0,0.0,0.0,-0.0030000000000001137,0.0,0.0,2.0390000000000015,0.0,0.0,-2.0519999999999925,0.0,0.0,0.0,0.0,0.0,-0.015999999999991132,0.0,0.0
GLY  46,R GLY  46,0.0,0.0,0.0,-0.0009999999999998899,0.0,0.0,0.060000000000002274,0.0,0.0,-0.05599999999999994,0.0,0.0,0.0,0.0,0.0,0.003000000000012104,0.0,0.0
ALA  47,R ALA  47,0.0,0.0,0.0,-0.001000000000000334,0.0,0.0,0.018000000000000682,0.0,0.0,-0.015000000000000124,0.0,0.0,0.0,0.0,0.0,0.002000000000011326,0.0,0.0
THR  48,R THR  48,0.0,0.0,0.0,-0.0009999999999994458,0.0,0.0,-0.0730000000000004,0.0,0.0,0.06299999999999994,0.0,0.0,0.0,0.0,0.0,-0.010999999999997456,0.0,0.0
PRO  49,R PRO  49,0.0,0.0,0.0,-0.0009999999999994458,0.0,0.0,-0.05100000000000193,0.0,0.0,0.045999999999999985,0.0,0.0,0.0,0.0,0.0,-0.005999999999993122,0.0,0.0
GLN  50,R GLN  50,0.0,0.0,0.0,-0.0009999999999994458,0.0,0.0,0.024999999999991473,0.0,0.0,-0.0259999999999998,0.0,0.0,0.0,0.0,0.0,-0.0020000000000024443,0.0,0.0
ASP  51,R ASP  51,0.0,0.0,0.0,-0.0009999999999994458,0.0,0.0,3.23599999999999,0.0,0.0,-3.1900000000000013,0.0,0.0,0.0,0.0,0.0,0.044999999999987494,0.0,0.0
LEU  52,R LEU  52,0.0,0.0,0.0,-0.0030000000000001137,0.0,0.0,-0.05700000000000216,0.0,0.0,0.044999999999999984,0.0,0.0,0.0,0.0,0.0,-0.015000000000000568,0.0,0.0
ASN  53,R ASN  53,0.0,0.0,0.0,-0.001000000000000334,0.0,0.0,-0.07699999999999818,0.0,0.0,0.07100000000000062,0.0,0.0,0.0,0.0,0.0,-0.007000000000005002,0.0,0.0
THR  54,R THR  54,0.0,0.0,0.0,-0.0010000000000012221,0.0,0.0,0.019000000000005457,0.0,0.0,-0.018999999999999684,0.0,0.0,0.0,0.0,0.0,-0.000999999999990564,0.0,0.0
MET  55,R MET  55,0.0,0.0,0.0,-0.0039999999999995595,0.0,0.0,0.06300000000000239,0.0,0.0,-0.05700000000000005,0.0,0.0,0.0,0.0,0.0,0.001999999999997115,0.0,0.0
LEU  56,R LEU  56,0.0,0.0,0.0,-0.0030000000000001137,0.0,0.0,-0.046999999999997044,0.0,0.0,0.04400000000000004,0.0,0.0,0.0,0.0,0.0,-0.005999999999996675,0.0,0.0
ASN  57,R ASN  57,0.0,0.0,0.0,-0.001000000000000334,0.0,0.0,-0.013999999999995794,0.0,0.0,0.010999999999999233,0.0,0.0,0.0,0.0,0.0,-0.003999999999990678,0.0,0.0
THR  58,R THR  58,0.0,0.0,0.0,-0.0019999999999997797,0.0,0.0,-0.11899999999999977,0.0,0.0,0.11900000000000022,0.0,0.0,0.0,0.0,0.0,-0.001999999999995339,0.0,0.0
VAL  59,R VAL  59,0.0,0.0,0.0,-0.007999999999999119,0.0,0.0,-0.1769999999999996,0.0,0.0,0.16299999999999998,0.0,0.0,0.0,0.0,0.0,-0.022000000000002018,0.0,0.0
ALA  60,R ALA  60,0.0,0.0,0.0,-0.0030000000000001137,0.0,0.0,0.0350000000000108,0.0,0.0,-0.020000000000000018,0.0,0.0,0.0,0.0,0.0,0.012000000000011113,0.0,0.0
PRO  61,R PRO  61,0.0,0.0,0.0,-0.0039999999999995595,0.0,0.0,0.18900000000000006,0.0,0.0,-0.17900000000000005,0.0,0.0,0.0,0.0,0.0,0.005999999999993122,0.0,0.0
HID  62,R HID  62,0.0,0.0,0.0,-0.005000000000000782,0.0,0.0,-0.1600000000000037,0.0,0.0,0.14700000000000024,0.0,0.0,0.0,0.0,0.0,-0.01799999999999713,0.0,0.0
GLN  63,R GLN  63,0.0,0.0,0.0,-0.0019999999999997797,0.0,0.0,0.08599999999999852,0.0,0.0,-0.08799999999999919,0.0,0.0,0.0,0.0,0.0,-0.003999999999997783,0.0,0.0
ALA  64,R ALA  64,0.0,0.0,0.0,-0.0019999999999997797,0.0,0.0,0.16800000000000637,0.0,0.0,-0.16500000000000004,0.0,0.0,0.0,0.0,0.0,0.001000000000010992,0.0,0.0
ALA  65,R ALA  65,0.0,0.0,0.0,-0.004999999999999893,0.0,0.0,0.23400000000000887,0.0,0.0,-0.24,0.0,0.0,0.0,0.0,0.0,-0.010999999999986798,0.0,0.0
ALA  66,R ALA  66,0.0,0.0,0.0,-0.002000000000000668,0.0,0.0,0.08200000000000784,0.0,0.0,-0.08200000000000007,0.0,0.0,0.0,0.0,0.0,-0.002000000000002,0.0,0.0
GLN  67,R GLN  67,0.0,0.0,0.0,-0.0030000000000001137,0.0,0.0,0.16500000000000625,0.0,0.0,-0.1590000000000007,0.0,0.0,0.0,0.0,0.0,0.003000000000007219,0.0,0.0
MET  68,R MET  68,0.0,0.0,0.0,-0.019000000000000128,0.0,0.0,0.0689999999999884,0.0,0.0,-0.08800000000000008,0.0,0.0,0.0,0.0,0.0,-0.03800000000000203,0.0,0.0
LEU  69,R LEU  69,0.0,0.0,0.0,-0.010000000000001563,0.0,0.0,0.2810000000000059,0.0,0.0,-0.264,0.0,0.0,0.0,0.0,0.0,0.007000000000014772,0.0,0.0
LYS  70,R LYS  70,0.0,0.0,0.0,-0.0030000000000001137,0.0,0.0,-4.799999999999997,0.0,0.0,4.747,0.0,0.0,0.0,0.0,0.0,-0.055999999999997385,0.0,0.0
GLU  71,R GLU  71,0.0,0.0,0.0,-0.0030000000000001137,0.0,0.0,5.737000000000009,0.0,0.0,-5.661000000000001,0.0,0.0,0.0,0.0,0.0,0.0730000000000075,0.0,0.0
THR  72,R THR  72,0.0,0.0,0.0,-0.008000000000000007,0.0,0.0,0.31700000000000017,0.0,0.0,-0.2909999999999999,0.0,0.0,0.0,0.0,0.0,0.01799999999999713,0.0,0.0
ILE  73,R ILE  73,0.0,0.0,0.0,-0.0039999999999995595,0.0,0.0,0.07900000000000063,0.0,0.0,-0.07600000000000007,0.0,0.0,0.0,0.0,0.0,-0.0009999999999967812,0.0,0.0
ASN  74,R ASN  74,0.0,0.0,0.0,-0.002000000000000668,0.0,0.0,-0.1110000000000042,0.0,0.0,0.11000000000000121,0.0,0.0,0.0,0.0,0.0,-0.0030000000000001137,0.0,0.0
GLU  75,R GLU  75,0.0,0.0,0.0,-0.005999999999999339,0.0,0.0,8.707000000000008,0.0,0.0,-8.552999999999997,0.0,0.0,0.0,0.0,0.0,0.14800000000001035,0.0,0.0
GLU  76,R GLU  76,0.0,0.0,0.0,-0.0070000000000014495,0.0,0.0,7.417999999999999,0.0,0.0,-7.284999999999997,0.0,0.0,0.0,0.0,0.0,0.12599999999999767,0.0,0.0
ALA  77,R ALA  77,0.0,0.0,0.0,-0.0009999999999994458,0.0,0.0,-0.009000000000000341,0.0,0.0,0.010000000000000009,0.0,0.0,0.0,0.0,0.0,-5.10702591327572e-15,0.0,0.0
ALA  78,R ALA  78,0.0,0.0,0.0,-0.001000000000000334,0.0,0.0,-0.06499999999999773,0.0,0.0,0.06399999999999995,0.0,0.0,0.0,0.0,0.0,-0.0020000000000024443,0.0,0.0
GLU  79,R GLU  79,0.0,0.0,0.0,-0.0030000000000001137,0.0,0.0,7.138999999999996,0.0,0.0,-7.024000000000001,0.0,0.0,0.0,0.0,0.0,0.11199999999999477,0.0,0.0
TRP  80,R TRP  80,0.0,0.0,0.0,-0.0019999999999988916,0.0,0.0,0.09399999999999409,0.0,0.0,-0.09299999999999997,0.0,0.0,0.0,0.0,0.0,-0.0010000000000012221,0.0,0.0
ASP  81,R ASP  81,0.0,0.0,0.0,-0.0009999999999994458,0.0,0.0,5.207000000000008,0.0,0.0,-5.126000000000005,0.0,0.0,0.0,0.0,0.0,0.0800000000000125,0.0,0.0
ARG  82,R ARG  82,0.0,0.0,0.0,-0.0019999999999997797,0.0,0.0,-6.952999999999999,0.0,0.0,6.846999999999998,0.0,0.0,0.0,0.0,0.0,-0.10800000000000409,0.0,0.0
LEU  83,R LEU  83,0.0,0.0,0.0,-0.001000000000000334,0.0,0.0,0.005000000000009663,0.0,0.0,-0.0050000000000000044,0.0,0.0,0.0,0.0,0.0,-0.0009999999999887876,0.0,0.0
HID  84,R HID  84,0.0,0.0,0.0,-0.0009999999999994458,0.0,0.0,-0.005000000000009663,0.0,0.0,0.005000000000000782,0.0,0.0,0.0,0.0,0.0,-0.001000000000015433,0.0,0.0
PRO  85,R PRO  85,0.0,0.0,0.0,0.0,0.0,0.0,-0.060000000000002274,0.0,0.0,0.05900000000000016,0.0,0.0,0.0,0.0,0.0,-0.0010000000000012221,0.0,0.0
VAL  86,R VAL  86,0.0,0.0,0.0,0.0,0.0,0.0,0.03399999999999892,0.0,0.0,-0.034000000000000696,0.0,0.0,0.0,0.0,0.0,-1.7763568394002505e-15,0.0,0.0
HID  87,R HID  87,0.0,0.0,0.0,0.0,0.0,0.0,-0.015000000000000568,0.0,0.0,0.016000000000000014,0.0,0.0,0.0,0.0,0.0,0.0010000000000012221,0.0,0.0
ALA  88,R ALA  88,0.0,0.0,0.0,0.0,0.0,0.0,0.020000000000010232,0.0,0.0,-0.019000000000000128,0.0,0.0,0.0,0.0,0.0,0.001000000000010104,0.0,0.0
GLY  89,R GLY  89,0.0,0.0,0.0,0.0,0.0,0.0,0.022999999999996135,0.0,0.0,-0.02200000000000024,0.0,0.0,0.0,0.0,0.0,0.000999999999995893,0.0,0.0
PRO  90,R PRO  90,0.0,0.0,0.0,0.0,0.0,0.0,0.0589999999999975,0.0,0.0,-0.05799999999999983,0.0,0.0,0.0,0.0,0.0,0.0009999999999976694,0.0,0.0
ILE  91,R ILE  91,0.0,0.0,0.0,0.0,0.0,0.0,-0.023999999999993804,0.0,0.0,0.02400000000000002,0.0,0.0,0.0,0.0,0.0,7.105427357601002e-15,0.0,0.0
ALA  92,R ALA  92,0.0,0.0,0.0,0.0,0.0,0.0,-0.01999999999999602,0.0,0.0,0.021999999999999797,0.0,0.0,0.0,0.0,0.0,0.0020000000000024443,0.0,0.0
PRO  93,R PRO  93,0.0,0.0,0.0,0.0,0.0,0.0,0.04800000000000182,0.0,0.0,-0.05000000000000071,0.0,0.0,0.0,0.0,0.0,-0.0019999999999988916,0.0,0.0
GLY  94,R GLY  94,0.0,0.0,0.0,0.0,0.0,0.0,0.010000000000005116,0.0,0.0,-0.009999999999999787,0.0,0.0,0.0,0.0,0.0,5.329070518200751e-15,0.0,0.0
GLN  95,R GLN  95,0.0,0.0,0.0,-0.001000000000000334,0.0,0.0,-0.0379999999999967,0.0,0.0,0.038000000000000256,0.0,0.0,0.0,0.0,0.0,-0.0009999999999976694,0.0,0.0
MET  96,R MET  96,0.0,0.0,0.0,0.0,0.0,0.0,0.01999999999999602,0.0,0.0,-0.02200000000000024,0.0,0.0,0.0,0.0,0.0,-0.002000000000005997,0.0,0.0
ARG  97,R ARG  97,0.0,0.0,0.0,0.0,0.0,0.0,-4.263999999999999,0.0,0.0,4.1839999999999975,0.0,0.0,0.0,0.0,0.0,-0.0800000000000125,0.0,0.0
GLU  98,R GLU  98,0.0,0.0,0.0,0.0,0.0,0.0,4.729999999999997,0.0,0.0,-4.658000000000001,0.0,0.0,0.0,0.0,0.0,0.07199999999999562,0.0,0.0
PRO  99,R PRO  99,0.0,0.0,0.0,0.0,0.0,0.0,0.07100000000000506,0.0,0.0,-0.07100000000000006,0.0,0.0,0.0,0.0,0.0,3.552713678800501e-15,0.0,0.0
ARG 100,R ARG 100,0.0,0.0,0.0,-0.0010000000000012221,0.0,0.0,-5.188000000000001,0.0,0.0,5.106999999999999,0.0,0.0,0.0,0.0,0.0,-0.08199999999999363,0.0,0.0
GLY 101,R GLY 101,0.0,0.0,0.0,0.0,0.0,0.0,-0.058000000000006935,0.0,0.0,0.05600000000000005,0.0,0.0,0.0,0.0,0.0,-0.0020000000000077733,0.0,0.0
SER 102,R SER 102,0.0,0.0,0.0,0.0,0.0,0.0,-0.011000000000002785,0.0,0.0,0.010000000000000009,0.0,0.0,0.0,0.0,0.0,-0.0010000000000029985,0.0,0.0
ASP 103,R ASP 103,0.0,0.0,0.0,-0.001000000000000334,0.0,0.0,4.366,0.0,0.0,-4.292000000000002,0.0,0.0,0.0,0.0,0.0,0.0730000000000075,0.0,0.0
ILE 104,R ILE 104,0.0,0.0,0.0,-0.0009999999999994458,0.0,0.0,-0.09899999999999665,0.0,0.0,0.09699999999999998,0.0,0.0,0.0,0.0,0.0,-0.00300000000000189,0.0,0.0
ALA 105,R ALA 105,0.0,0.0,0.0,-0.001000000000000334,0.0,0.0,-0.04100000000001103,0.0,0.0,0.040000000000000036,0.0,0.0,0.0,0.0,0.0,-0.002000000000015767,0.0,0.0
GLY 106,R GLY 106,0.0,0.0,0.0,0.0,0.0,0.0,-0.025000000000005684,0.0,0.0,0.02400000000000002,0.0,0.0,0.0,0.0,0.0,-0.0010000000000047748,0.0,0.0
THR 107,R THR 107,0.0,0.0,0.0,0.0,0.0,0.0,-0.07000000000000028,0.0,0.0,0.07099999999999973,0.0,0.0,0.0,0.0,0.0,0.0009999999999976694,0.0,0.0
THR 108,R THR 108,0.0,0.0,0.0,-0.0009999999999994458,0.0,0.0,0.027999999999998693,0.0,0.0,-0.028000000000000025,0.0,0.0,0.0,0.0,0.0,-0.0010000000000012221,0.0,0.0
SER 109,R SER 109,0.0,0.0,0.0,0.0,0.0,0.0,-0.030000000000001137,0.0,0.0,0.028000000000000025,0.0,0.0,0.0,0.0,0.0,-0.002000000000001112,0.0,0.0
THR 110,R THR 110,0.0,0.0,0.0,0.0,0.0,0.0,0.01999999999999602,0.0,0.0,-0.019000000000000128,0.0,0.0,0.0,0.0,0.0,0.000999999999995893,0.0,0.0
LEU 111,R LEU 111,0.0,0.0,0.0,-0.001000000000000334,0.0,0.0,0.023000000000010346,0.0,0.0,-0.021999999999999797,0.0,0.0,0.0,0.0,0.0,5.329070518200751e-15,0.0,0.0
GLN 112,R GLN 112,0.0,0.0,0.0,0.0,0.0,0.0,0.04000000000000625,0.0,0.0,-0.038000000000000256,0.0,0.0,0.0,0.0,0.0,0.0020000000000024443,0.0,0.0
GLU 113,R GLU 113,0.0,0.0,0.0,-0.001000000000000334,0.0,0.0,4.087000000000003,0.0,0.0,-4.012999999999998,0.0,0.0,0.0,0.0,0.0,0.0730000000000004,0.0,0.0
GLN 114,R GLN 114,0.0,0.0,0.0,0.0,0.0,0.0,-0.01999999999999602,0.0,0.0,0.018000000000000016,0.0,0.0,0.0,0.0,0.0,-0.001999999999995339,0.0,0.0
ILE 115,R ILE 115,0.0,0.0,0.0,0.0,0.0,0.0,0.027000000000001023,0.0,0.0,-0.029000000000000137,0.0,0.0,0.0,0.0,0.0,-0.0019999999999988916,0.0,0.0
GLY 116,R GLY 116,0.0,0.0,0.0,0.0,0.0,0.0,0.021000000000000796,0.0,0.0,-0.021999999999999797,0.0,0.0,0.0,0.0,0.0,-0.0009999999999994458,0.0,0.0
TRP 117,R TRP 117,0.0,0.0,0.0,0.0,0.0,0.0,0.001999999999995339,0.0,0.0,-0.0030000000000000027,0.0,0.0,0.0,0.0,0.0,-0.0010000000000047748,0.0,0.0
MET 118,R MET 118,0.0,0.0,0.0,-0.0010000000000012221,0.0,0.0,0.027000000000001023,0.0,0.0,-0.02699999999999969,0.0,0.0,0.0,0.0,0.0,-0.0010000000000034426,0.0,0.0
THR 119,R THR 119,0.0,0.0,0.0,0.0,0.0,0.0,0.01899999999999835,0.0,0.0,-0.020000000000000462,0.0,0.0,0.0,0.0,0.0,-0.0010000000000012221,0.0,0.0
HID 120,R HID 120,0.0,0.0,0.0,-0.0010000000000012221,0.0,0.0,-0.030999999999998806,0.0,0.0,0.029999999999999805,0.0,0.0,0.0,0.0,0.0,-0.002000000000005997,0.0,0.0
ASN 121,R ASN 121,0.0,0.0,0.0,0.0,0.0,0.0,-0.07699999999999818,0.0,0.0,0.07700000000000173,0.0,0.0,0.0,0.0,0.0,0.0,0.0,0.0
PRO 122,R PRO 122,0.0,0.0,0.0,0.0,0.0,0.0,-0.04299999999999926,0.0,0.0,0.04300000000000015,0.0,0.0,0.0,0.0,0.0,0.0,0.0,0.0
PRO 123,R PRO 123,0.0,0.0,0.0,-0.001000000000000334,0.0,0.0,0.08299999999999841,0.0,0.0,-0.08099999999999996,0.0,0.0,0.0,0.0,0.0,0.0010000000000065512,0.0,0.0
ILE 124,R ILE 124,0.0,0.0,0.0,0.0,0.0,0.0,-0.021999999999998465,0.0,0.0,0.02400000000000002,0.0,0.0,0.0,0.0,0.0,0.0020000000000024443,0.0,0.0
PRO 125,R PRO 125,0.0,0.0,0.0,-0.0019999999999997797,0.0,0.0,-0.005000000000009663,0.0,0.0,0.0020000000000000018,0.0,0.0,0.0,0.0,0.0,-0.005000000000002558,0.0,0.0
VAL 126,R VAL 126,0.0,0.0,0.0,-0.0009999999999994458,0.0,0.0,-0.0009999999999976694,0.0,0.0,-0.0030000000000000027,0.0,0.0,0.0,0.0,0.0,-0.0049999999999954525,0.0,0.0
GLY 127,R GLY 127,0.0,0.0,0.0,-0.0009999999999994458,0.0,0.0,-0.045000000000001705,0.0,0.0,0.030999999999999917,0.0,0.0,0.0,0.0,0.0,-0.014999999999992575,0.0,0.0
GLU 128,R GLU 128,0.0,0.0,0.0,-0.004000000000000448,0.0,0.0,2.4039999999999964,0.0,0.0,-2.4339999999999975,0.0,0.0,0.0,0.0,0.0,-0.034000000000006025,0.0,0.0
ILE 129,R ILE 129,0.0,0.0,0.0,-0.0039999999999995595,0.0,0.0,-0.02600000000001046,0.0,0.0,0.012999999999999998,0.0,0.0,0.0,0.0,0.0,-0.017000000000001236,0.0,0.0
TYR 130,R TYR 130,0.0,0.0,0.0,-0.0039999999999995595,0.0,0.0,-0.01100000000000989,0.0,0.0,-0.01100000000000012,0.0,0.0,0.0,0.0,0.0,-0.026000000000001577,0.0,0.0
LYS 131,R LYS 131,0.0,0.0,0.0,-0.009000000000000341,0.0,0.0,-1.853999999999985,0.0,0.0,1.8820000000000014,0.0,0.0,0.0,0.0,0.0,0.019000000000030326,0.0,0.0
ARG 132,R ARG 132,0.0,0.0,0.0,-0.03500000000000014,0.0,0.0,-5.215,0.0,0.0,5.178000000000001,0.0,0.0,0.0,0.0,0.0,-0.07200000000000273,0.0,0.0
TRP 133,R TRP 133,0.0,0.0,0.0,-0.012000000000000455,0.0,0.0,0.11599999999999966,0.0,0.0,-0.13600000000000012,0.0,0.0,0.0,0.0,0.0,-0.032000000000001805,0.0,0.0
ILE 134,R ILE 134,0.0,0.0,0.0,-0.013999999999999346,0.0,0.0,0.23799999999999955,0.0,0.0,-0.285,0.0,0.0,0.0,0.0,0.0,-0.060999999999995946,0.0,0.0
ILE 135,R ILE 135,0.0,0.0,0.0,-0.12599999999999945,0.0,0.0,0.4159999999999968,0.0,0.0,-0.603,0.0,0.0,0.0,0.0,0.0,-0.3130000000000095,0.0,0.0
LEU 136,R LEU 136,0.0,0.0,0.0,-0.10899999999999999,0.0,0.0,0.5499999999999972,0.0,0.0,-0.578,0.0,0.0,0.0,0.0,0.0,-0.137000000000004,0.0,0.0
GLY 137,R GLY 137,0.0,0.0,0.0,-0.022999999999999687,0.0,0.0,0.38299999999999557,0.0,0.0,-0.37399999999999994,0.0,0.0,0.0,0.0,0.0,-0.014000000000000234,0.0,0.0
LEU 138,R LEU 138,0.0,0.0,0.0,-0.08900000000000041,0.0,0.0,0.637999999999991,0.0,0.0,-0.5920000000000001,0.0,0.0,0.0,0.0,0.0,-0.04300000000000814,0.0,0.0
ASN 139,R ASN 139,0.0,0.0,0.0,-2.1229999999999993,0.0,0.0,2.6019999999999897,0.0,0.0,-1.13,0.0,0.0,0.0,0.0,0.0,-0.6509999999999962,0.0,0.0
LYS 140,R LYS 140,0.0,0.0,0.0,-0.11899999999999977,0.0,0.0,-8.724999999999994,0.0,0.0,8.620000000000001,0.0,0.0,0.0,0.0,0.0,-0.2239999999999931,0.0,0.0
ILE 141,R ILE 141,0.0,0.0,0.0,-0.06700000000000017,0.0,0.0,0.3089999999999975,0.0,0.0,-0.22399999999999998,0.0,0.0,0.0,0.0,0.0,0.017999999999990468,0.0,0.0
VAL 142,R VAL 142,0.0,0.0,0.0,-1.0510000000000002,0.0,0.0,-0.5799999999999983,0.0,0.0,0.7470000000000001,0.0,0.0,0.0,0.0,0.0,-0.8840000000000003,0.0,0.0
ARG 143,R ARG 143,0.0,0.0,0.0,-2.171000000000001,0.0,0.0,-47.225,0.0,0.0,38.381,0.0,0.0,0.0,0.0,0.0,-11.015000000000015,0.0,0.0
MET 144,R MET 144,0.0,0.0,0.0,-0.08800000000000008,0.0,0.0,0.2680000000000007,0.0,0.0,-0.17799999999999994,0.0,0.0,0.0,0.0,0.0,0.002000000000005997,0.0,0.0
TYR 145,R TYR 145,0.0,0.0,0.0,-0.12899999999999956,0.0,0.0,-0.1869999999999976,0.0,0.0,0.3340000000000005,0.0,0.0,0.0,0.0,0.0,0.017999999999998906,0.0,0.0
SER 146,R SER 146,0.0,0.0,0.0,-1.0670000000000002,0.0,0.0,0.04299999999999926,0.0,0.0,2.7319999999999993,0.0,0.0,0.0,0.0,0.0,1.7079999999999913,0.0,0.0
PRO 147,R PRO 147,0.0,0.0,0.0,-0.7220000000000004,0.0,0.0,2.2989999999999995,0.0,0.0,-2.189,0.0,0.0,0.0,0.0,0.0,-0.6119999999999948,0.0,0.0
THR 148,R THR 148,0.0,0.0,0.0,-3.538,0.0,0.0,-4.222999999999999,0.0,0.0,6.302,0.0,0.0,0.0,0.0,0.0,-1.458999999999996,0.0,0.0
SER 149,R SER 149,0.0,0.0,0.0,-4.048,0.0,0.0,-6.160000000000004,0.0,0.0,7.258,0.0,0.0,0.0,0.0,0.0,-2.9500000000000055,0.0,0.0
ILE 150,R ILE 150,18.247999999999998,0.0,0.0,-8.49,0.0,0.0,-24.982,0.0,0.0,7.296999999999999,0.0,0.0,0.0,0.0,0.0,-7.927000000000003,0.0,0.0
LEU 151,L LEU   1,18.857999999999997,0.0,0.0,-2.6130000000000004,0.0,0.0,-23.387999999999998,0.0,0.0,0.1299999999999999,0.0,0.0,0.0,0.0,0.0,-7.013000000000001,0.0,0.0
ASP 152,L ASP   2,0.0,0.0,0.0,-2.134,0.0,0.0,7.692999999999998,0.0,0.0,-6.015000000000001,0.0,0.0,0.0,0.0,0.0,-0.45600000000000307,0.0,0.0
ILE 153,L ILE   3,0.0,0.0,0.0,-2.816,0.0,0.0,-1.1780000000000115,0.0,0.0,1.497,0.0,0.0,0.0,0.0,0.0,-2.497,0.0,0.0
ARG 154,L ARG   4,0.0,0.0,0.0,-0.31599999999999984,0.0,0.0,-10.029999999999998,0.0,0.0,9.595,0.0,0.0,0.0,0.0,0.0,-0.7510000000000048,0.0,0.0
GLN 155,L GLN   5,0.0,0.0,0.0,-0.032999999999999474,0.0,0.0,-0.33499999999999375,0.0,0.0,0.348,0.0,0.0,0.0,0.0,0.0,-0.01999999999998181,0.0,0.0
GLY 156,L GLY   6,0.0,0.0,0.0,-0.013000000000000123,0.0,0.0,-0.27599999999999625,0.0,0.0,0.28500000000000014,0.0,0.0,0.0,0.0,0.0,-0.004000000000001336,0.0,0.0
PRO 157,L PRO   7,0.0,0.0,0.0,-0.008999999999999897,0.0,0.0,-0.14399999999999835,0.0,0.0,0.14400000000000013,0.0,0.0,0.0,0.0,0.0,-0.008999999999996788,0.0,0.0
LYS 158,L LYS   8,0.0,0.0,0.0,-0.007000000000000117,0.0,0.0,-10.573999999999998,0.0,0.0,10.376000000000001,0.0,0.0,0.0,0.0,0.0,-0.20499999999998764,0.0,0.0
GLU 159,L GLU   9,0.0,0.0,0.0,-0.028999999999999915,0.0,0.0,12.850999999999999,0.0,0.0,-12.696999999999996,0.0,0.0,0.0,0.0,0.0,0.1250000000000071,0.0,0.0
PRO 160,L PRO  10,0.0,0.0,0.0,-0.008000000000000007,0.0,0.0,0.25,0.0,0.0,-0.248,0.0,0.0,0.0,0.0,0.0,-0.0060000000000108855,0.0,0.0
PHE 161,L PHE  11,0.0,0.0,0.0,-0.010999999999999233,0.0,0.0,0.21299999999999386,0.0,0.0,-0.20500000000000007,0.0,0.0,0.0,0.0,0.0,-0.003000000000016101,0.0,0.0
ARG 162,L ARG  12,0.0,0.0,0.0,-0.0259999999999998,0.0,0.0,-11.137,0.0,0.0,10.972,0.0,0.0,0.0,0.0,0.0,-0.1910000000000025,0.0,0.0
ASP 163,L ASP  13,0.0,0.0,0.0,-0.0259999999999998,0.0,0.0,13.393,0.0,0.0,-13.188999999999993,0.0,0.0,0.0,0.0,0.0,0.17800000000001148,0.0,0.0
TYR 164,L TYR  14,0.0,0.0,0.0,-0.0779999999999994,0.0,0.0,0.3219999999999885,0.0,0.0,-0.258,0.0,0.0,0.0,0.0,0.0,-0.013999999999999346,0.0,0.0
VAL 165,L VAL  15,0.0,0.0,0.0,-0.036000000000001364,0.0,0.0,-0.08299999999999841,0.0,0.0,0.06099999999999994,0.0,0.0,0.0,0.0,0.0,-0.05799999999999983,0.0,0.0
ASP 166,L ASP  16,0.0,0.0,0.0,-0.08999999999999986,0.0,0.0,12.948000000000008,0.0,0.0,-12.878999999999998,0.0,0.0,0.0,0.0,0.0,-0.02099999999997948,0.0,0.0
ARG 167,L ARG  17,0.0,0.0,0.0,-0.7059999999999995,0.0,0.0,-15.431999999999999,0.0,0.0,16.81,0.0,0.0,0.0,0.0,0.0,0.6720000000000255,0.0,0.0
PHE 168,L PHE  18,0.0,0.0,0.0,-0.761000000000001,0.0,0.0,-0.6419999999999959,0.0,0.0,0.63,0.0,0.0,0.0,0.0,0.0,-0.7730000000000058,0.0,0.0
TYR 169,L TYR  19,0.0,0.0,0.0,-0.35599999999999987,0.0,0.0,-1.0100000000000051,0.0,0.0,0.7670000000000003,0.0,0.0,0.0,0.0,0.0,-0.5990000000000126,0.0,0.0
LYS 170,L LYS  20,0.0,0.0,0.0,-2.2169999999999996,0.0,0.0,-19.866,0.0,0.0,21.981,0.0,0.0,0.0,0.0,0.0,-0.10200000000001097,0.0,0.0
THR 171,L THR  21,0.0,0.0,0.0,-2.9880000000000004,0.0,0.0,-2.8909999999999982,0.0,0.0,3.094,0.0,0.0,0.0,0.0,0.0,-2.7850000000000037,0.0,0.0
LEU 172,L LEU  22,0.0,0.0,0.0,-0.8609999999999989,0.0,0.0,-1.097999999999999,0.0,0.0,1.152,0.0,0.0,0.0,0.0,0.0,-0.8070000000000033,0.0,0.0
ARG 173,L ARG  23,0.0,0.0,0.0,-2.3519999999999985,0.0,0.0,-6.915000000000006,0.0,0.0,9.223999999999997,0.0,0.0,0.0,0.0,0.0,-0.04300000000003479,0.0,0.0
ALA 174,L ALA  24,0.0,0.0,0.0,-3.2749999999999995,0.0,0.0,-3.905000000000001,0.0,0.0,3.936,0.0,0.0,0.0,0.0,0.0,-3.244000000000007,0.0,0.0
GLU 175,L GLU  25,0.0,0.0,0.0,-3.1480000000000006,0.0,0.0,-27.120000000000005,0.0,0.0,38.020999999999994,0.0,0.0,0.0,0.0,0.0,7.752999999999993,0.0,0.0
GLN 176,L GLN  26,0.0,0.0,0.0,-2.2680000000000002,0.0,0.0,2.027000000000001,0.0,0.0,0.19899999999999807,0.0,0.0,0.0,0.0,0.0,-0.04200000000000159,0.0,0.0
ALA 177,L ALA  27,0.0,0.0,0.0,-0.20100000000000007,0.0,0.0,0.33199999999999363,0.0,0.0,-0.18900000000000006,0.0,0.0,0.0,0.0,0.0,-0.05800000000001404,0.0,0.0
SER 178,L SER  28,0.0,0.0,0.0,-0.038000000000000256,0.0,0.0,-0.13000000000000256,0.0,0.0,-0.04400000000000048,0.0,0.0,0.0,0.0,0.0,-0.21199999999999974,0.0,0.0
GLN 179,L GLN  29,0.0,0.0,0.0,-0.02999999999999936,0.0,0.0,-0.24900000000000944,0.0,0.0,0.19899999999999984,0.0,0.0,0.0,0.0,0.0,-0.0800000000000125,0.0,0.0
GLU 180,L GLU  30,0.0,0.0,0.0,-0.01699999999999946,0.0,0.0,7.4680000000000035,0.0,0.0,-7.295000000000002,0.0,0.0,0.0,0.0,0.0,0.1560000000000059,0.0,0.0
VAL 181,L VAL  31,0.0,0.0,0.0,-0.22100000000000009,0.0,0.0,0.2600000000000051,0.0,0.0,-0.33000000000000007,0.0,0.0,0.0,0.0,0.0,-0.2909999999999915,0.0,0.0
LYS 182,L LYS  32,0.0,0.0,0.0,-0.125,0.0,0.0,-5.317999999999998,0.0,0.0,5.5489999999999995,0.0,0.0,0.0,0.0,0.0,0.10600000000000165,0.0,0.0
ASN 183,L ASN  33,0.0,0.0,0.0,-0.020000000000000462,0.0,0.0,0.10000000000000853,0.0,0.0,-0.09899999999999931,0.0,0.0,0.0,0.0,0.0,-0.018999999999991246,0.0,0.0
TRP 184,L TRP  34,0.0,0.0,0.0,-0.051000000000000156,0.0,0.0,0.132000000000005,0.0,0.0,-0.07500000000000018,0.0,0.0,0.0,0.0,0.0,0.00600000000000378,0.0,0.0
MET 185,L MET  35,0.0,0.0,0.0,-0.9900000000000002,0.0,0.0,0.7279999999999944,0.0,0.0,-0.11100000000000021,0.0,0.0,0.0,0.0,0.0,-0.3730000000000153,0.0,0.0
THR 186,L THR  36,0.0,0.0,0.0,-0.04999999999999982,0.0,0.0,0.19600000000000506,0.0,0.0,-0.15500000000000003,0.0,0.0,0.0,0.0,0.0,-0.008999999999996788,0.0,0.0
GLU 187,L GLU  37,0.0,0.0,0.0,-0.011999999999999567,0.0,0.0,7.337000000000003,0.0,0.0,-7.165999999999997,0.0,0.0,0.0,0.0,0.0,0.15900000000000603,0.0,0.0
THR 188,L THR  38,0.0,0.0,0.0,-0.02200000000000024,0.0,0.0,0.04800000000000182,0.0,0.0,-0.038999999999999924,0.0,0.0,0.0,0.0,0.0,-0.012999999999996348,0.0,0.0
LEU 189,L LEU  39,0.0,0.0,0.0,-0.7489999999999988,0.0,0.0,0.11800000000000921,0.0,0.0,-0.0029999999999998916,0.0,0.0,0.0,0.0,0.0,-0.6339999999999852,0.0,0.0
LEU 190,L LEU  40,0.0,0.0,0.0,-0.06400000000000006,0.0,0.0,0.18000000000000682,0.0,0.0,-0.129,0.0,0.0,0.0,0.0,0.0,-0.0129999999999999,0.0,0.0
VAL 191,L VAL  41,0.0,0.0,0.0,-0.011999999999999567,0.0,0.0,0.0519999999999996,0.0,0.0,-0.04700000000000015,0.0,0.0,0.0,0.0,0.0,-0.0070000000000014495,0.0,0.0
GLN 192,L GLN  42,0.0,0.0,0.0,-0.017999999999999794,0.0,0.0,-0.1560000000000059,0.0,0.0,0.1060000000000001,0.0,0.0,0.0,0.0,0.0,-0.06800000000000495,0.0,0.0
ASN 193,L ASN  43,0.0,0.0,0.0,-0.1589999999999998,0.0,0.0,-0.8089999999999975,0.0,0.0,0.09200000000000008,0.0,0.0,0.0,0.0,0.0,-0.8759999999999906,0.0,0.0
ALA 194,L ALA  44,0.0,0.0,0.0,-0.009000000000000341,0.0,0.0,-0.000999999999990564,0.0,0.0,-0.0009999999999998899,0.0,0.0,0.0,0.0,0.0,-0.010999999999990795,0.0,0.0
ASN 195,L ASN  45,0.0,0.0,0.0,-0.006000000000000227,0.0,0.0,-0.367999999999995,0.0,0.0,0.375,0.0,0.0,0.0,0.0,0.0,0.0010000000000047748,0.0,0.0
PRO 196,L PRO  46,0.0,0.0,0.0,-0.004000000000000448,0.0,0.0,-0.12999999999999545,0.0,0.0,0.133,0.0,0.0,0.0,0.0,0.0,-0.0010000000000012221,0.0,0.0
ASP 197,L ASP  47,0.0,0.0,0.0,-0.001000000000000334,0.0,0.0,7.482999999999997,0.0,0.0,-7.290999999999997,0.0,0.0,0.0,0.0,0.0,0.1910000000000025,0.0,0.0
CYX 198,L CYX  48,0.0,0.0,0.0,-0.0009999999999994458,0.0,0.0,-0.11700000000000443,0.0,0.0,0.10999999999999988,0.0,0.0,0.0,0.0,0.0,-0.008000000000008,0.0,0.0
LYS 199,L LYS  49,0.0,0.0,0.0,-0.006000000000000227,0.0,0.0,-8.344999999999999,0.0,0.0,8.094000000000001,0.0,0.0,0.0,0.0,0.0,-0.2569999999999979,0.0,0.0
THR 200,L THR  50,0.0,0.0,0.0,-0.001000000000000334,0.0,0.0,0.027999999999998693,0.0,0.0,-0.02600000000000069,0.0,0.0,0.0,0.0,0.0,0.000999999999990564,0.0,0.0
ILE 201,L ILE  51,0.0,0.0,0.0,-0.001000000000000334,0.0,0.0,-0.07199999999999562,0.0,0.0,0.06899999999999995,0.0,0.0,0.0,0.0,0.0,-0.0039999999999995595,0.0,0.0
LEU 202,L LEU  52,0.0,0.0,0.0,-0.002000000000000668,0.0,0.0,-0.08800000000000807,0.0,0.0,0.0820000000000003,0.0,0.0,0.0,0.0,0.0,-0.008000000000002672,0.0,0.0
LYS 203,L LYS  53,0.0,0.0,0.0,-0.0019999999999997797,0.0,0.0,-7.192999999999998,0.0,0.0,6.98,0.0,0.0,0.0,0.0,0.0,-0.21499999999999275,0.0,0.0
ALA 204,L ALA  54,0.0,0.0,0.0,0.0,0.0,0.0,-0.055999999999997385,0.0,0.0,0.052999999999999936,0.0,0.0,0.0,0.0,0.0,-0.002999999999997449,0.0,0.0
LEU 205,L LEU  55,0.0,0.0,0.0,-0.001000000000000334,0.0,0.0,-0.06300000000000239,0.0,0.0,0.05699999999999994,0.0,0.0,0.0,0.0,0.0,-0.0070000000000014495,0.0,0.0
GLY 206,L GLY  56,0.0,0.0,0.0,-0.0009999999999998899,0.0,0.0,0.08500000000000796,0.0,0.0,-0.08200000000000074,0.0,0.0,0.0,0.0,0.0,0.002000000000016655,0.0,0.0
PRO 207,L PRO  57,0.0,0.0,0.0,-0.0019999999999997797,0.0,0.0,0.0940000000000012,0.0,0.0,-0.09199999999999964,0.0,0.0,0.0,0.0,0.0,7.105427357601002e-15,0.0,0.0
GLY 208,L GLY  58,0.0,0.0,0.0,0.0,0.0,0.0,0.06199999999999761,0.0,0.0,-0.06300000000000061,0.0,0.0,0.0,0.0,0.0,-0.0010000000000029985,0.0,0.0
ALA 209,L ALA  59,0.0,0.0,0.0,-0.001000000000000334,0.0,0.0,0.06900000000000261,0.0,0.0,-0.06899999999999995,0.0,0.0,0.0,0.0,0.0,-0.0010000000000029985,0.0,0.0
THR 210,L THR  60,0.0,0.0,0.0,-0.0019999999999997797,0.0,0.0,-0.01099999999999568,0.0,0.0,0.016999999999999904,0.0,0.0,0.0,0.0,0.0,0.004000000000002224,0.0,0.0
LEU 211,L LEU  61,0.0,0.0,0.0,-0.008000000000000007,0.0,0.0,-0.045999999999999375,0.0,0.0,0.052999999999999936,0.0,0.0,0.0,0.0,0.0,-0.0010000000000012221,0.0,0.0
GLU 212,L GLU  62,0.0,0.0,0.0,-0.0030000000000001137,0.0,0.0,8.456999999999994,0.0,0.0,-8.328999999999994,0.0,0.0,0.0,0.0,0.0,0.125,0.0,0.0
GLU 213,L GLU  63,0.0,0.0,0.0,-0.001000000000000334,0.0,0.0,7.242000000000004,0.0,0.0,-7.0989999999999895,0.0,0.0,0.0,0.0,0.0,0.14200000000001012,0.0,0.0
MET 214,L MET  64,0.0,0.0,0.0,-0.005000000000000782,0.0,0.0,0.024999999999991473,0.0,0.0,-0.012999999999999998,0.0,0.0,0.0,0.0,0.0,0.0069999999999961204,0.0,0.0
MET 215,L MET  65,0.0,0.0,0.0,-0.005000000000000782,0.0,0.0,0.09199999999999875,0.0,0.0,-0.09200000000000008,0.0,0.0,0.0,0.0,0.0,-0.00500000000001144,0.0,0.0
THR 216,L THR  66,0.0,0.0,0.0,-0.0009999999999994458,0.0,0.0,-0.07900000000000063,0.0,0.0,0.07899999999999974,0.0,0.0,0.0,0.0,0.0,-0.0009999999999976694,0.0,0.0
ALA 217,L ALA  67,0.0,0.0,0.0,-0.001000000000000334,0.0,0.0,-0.10899999999999466,0.0,0.0,0.10799999999999987,0.0,0.0,0.0,0.0,0.0,-0.0019999999999988916,0.0,0.0
CYX 218,L CYX  68,0.0,0.0,0.0,-0.001000000000000334,0.0,0.0,0.036000000000001364,0.0,0.0,-0.040000000000000036,0.0,0.0,0.0,0.0,0.0,-0.005000000000004334,0.0,0.0
GLN 219,L GLN  69,0.0,0.0,0.0,-0.0009999999999998899,0.0,0.0,0.0040000000000048885,0.0,0.0,-0.003999999999997783,0.0,0.0,0.0,0.0,0.0,-0.000999999999990564,0.0,0.0
GLY 220,L GLY  70,0.0,0.0,0.0,-0.0009999999999998899,0.0,0.0,-0.16200000000000614,0.0,0.0,0.16000000000000014,0.0,0.0,0.0,0.0,0.0,-0.002999999999996561,0.0,0.0
VAL 221,L VAL  71,0.0,0.0,0.0,-0.0009999999999998899,0.0,0.0,7.453999999999997,0.0,0.0,-7.290000000000006,0.0,0.0,0.0,0.0,0.0,0.1629999999999825,0.0,0.0

