| Run on Thu Jan 29 15:38:26 2026
| GB non-polar solvation energies calculated with gbsa=2
idecomp = 1: Per-residue decomp adding 1-4 interactions to Internal.
Energy Decomposition Analysis (All units kcal/mol): Generalized Born solvent
Complex:
Total Energy Decomposition:
Residue,Internal,,,van der Waals,,,Electrostatic,,,Polar Solvation,,,Non-Polar Solv.,,,TOTAL,,
,Avg.,Std. Dev.,Std. Err. of Mean,Avg.,Std. Dev.,Std. Err. of Mean,Avg.,Std. Dev.,Std. Err. of Mean,Avg.,Std. Dev.,Std. Err. of Mean,Avg.,Std. Dev.,Std. Err. of Mean,Avg.,Std. Dev.,Std. Err. of Mean
PRO   1,105.355,0.0,0.0,-7.735,0.0,0.0,-108.881,0.0,0.0,10.671,0.0,0.0,0.14958658,0.0,0.0,-0.4404134199999963,0.0,0.0
ILE   2,99.891,0.0,0.0,-9.606,0.0,0.0,-69.427,0.0,0.0,-2.811,0.0,0.0,0.11077938000000001,0.0,0.0,18.157779380000004,0.0,0.0
VAL   3,58.093,0.0,0.0,-6.839,0.0,0.0,-59.937,0.0,0.0,-2.799,0.0,0.0,0.34415374000000004,0.0,0.0,-11.137846259999993,0.0,0.0
GLN   4,27.171,0.0,0.0,-5.864,0.0,0.0,-60.641,0.0,0.0,-13.213,0.0,0.0,0.63521316,0.0,0.0,-51.911786840000005,0.0,0.0
ASN   5,35.658,0.0,0.0,-4.259,0.0,0.0,-86.403,0.0,0.0,-10.31,0.0,0.0,0.28076684,0.0,0.0,-65.03323316000001,0.0,0.0
LEU   6,65.277,0.0,0.0,-2.004,0.0,0.0,-63.355,0.0,0.0,-9.252,0.0,0.0,1.06816276,0.0,0.0,-8.265837239999994,0.0,0.0
GLN   7,35.778,0.0,0.0,-4.718,0.0,0.0,-68.888,0.0,0.0,-18.762,0.0,0.0,0.8714059200000001,0.0,0.0,-55.71859408,0.0,0.0
GLY   8,79.115,0.0,0.0,-1.254,0.0,0.0,-73.758,0.0,0.0,-6.199,0.0,0.0,0.29374232,0.0,0.0,-1.8022576800000054,0.0,0.0
GLN   9,36.321,0.0,0.0,-6.865,0.0,0.0,-80.556,0.0,0.0,-9.319,0.0,0.0,0.6106334600000001,0.0,0.0,-59.80836654,0.0,0.0
MET  10,100.079,0.0,0.0,-6.851,0.0,0.0,-78.026,0.0,0.0,-7.254,0.0,0.0,0.5060599800000001,0.0,0.0,8.454059979999998,0.0,0.0
VAL  11,54.884,0.0,0.0,-5.941,0.0,0.0,-51.617,0.0,0.0,-2.661,0.0,0.0,0.35773084,0.0,0.0,-4.977269159999999,0.0,0.0
HID  12,87.743,0.0,0.0,-9.476,0.0,0.0,-59.165,0.0,0.0,-10.381,0.0,0.0,0.33590992000000003,0.0,0.0,9.056909919999997,0.0,0.0
GLN  13,33.235,0.0,0.0,-6.573,0.0,0.0,-72.817,0.0,0.0,-10.847,0.0,0.0,0.6389909,0.0,0.0,-56.36300909999999,0.0,0.0
ALA  14,95.58,0.0,0.0,-4.555,0.0,0.0,-79.278,0.0,0.0,-2.725,0.0,0.0,0.4277464,0.0,0.0,9.4497464,0.0,0.0
ILE  15,97.507,0.0,0.0,-9.325,0.0,0.0,-73.827,0.0,0.0,-3.958,0.0,0.0,0.07269304000000001,0.0,0.0,10.469693040000005,0.0,0.0
SER  16,70.113,0.0,0.0,-4.391,0.0,0.0,-54.066,0.0,0.0,-6.229,0.0,0.0,0.27750942,0.0,0.0,5.704509419999992,0.0,0.0
PRO  17,93.819,0.0,0.0,-5.074,0.0,0.0,-61.289,0.0,0.0,-3.411,0.0,0.0,0.56293204,0.0,0.0,24.60793204,0.0,0.0
ARG  18,-186.779,0.0,0.0,-6.147,0.0,0.0,68.462,0.0,0.0,-51.559,0.0,0.0,1.1392081200000002,0.0,0.0,-174.88379187999996,0.0,0.0
THR  19,42.597,0.0,0.0,-6.889,0.0,0.0,-55.714,0.0,0.0,-2.948,0.0,0.0,0.20910902000000003,0.0,0.0,-22.74489098,0.0,0.0
LEU  20,59.723,6.743495761743046e-07,6.743495761743046e-07,-10.664,0.0,0.0,-59.782,0.0,0.0,-2.334,0.0,0.0,0.15876264,0.0,0.0,-12.898237359999998,0.0,0.0
ASN  21,15.153,0.0,0.0,-6.916,0.0,0.0,-70.101,0.0,0.0,-16.375,0.0,0.0,0.52710584,0.0,0.0,-77.71189416,0.0,0.0
ALA  22,96.727,0.0,0.0,-6.467,0.0,0.0,-79.314,0.0,0.0,-3.57,0.0,0.0,0.1992663,0.0,0.0,7.5752663000000116,0.0,0.0
TRP  23,134.371,0.0,0.0,-17.276,0.0,0.0,-97.09,0.0,0.0,-5.246,0.0,0.0,0.0017398200000000002,0.0,0.0,14.760739820000008,0.0,0.0
VAL  24,64.972,0.0,0.0,-4.877,0.0,0.0,-53.476,0.0,0.0,-6.385,0.0,0.0,0.37438108000000003,0.0,0.0,0.6083810799999929,0.0,0.0
LYS  25,132.152,0.0,0.0,-5.906,0.0,0.0,-103.373,0.0,0.0,-35.569,0.0,0.0,0.83002422,0.0,0.0,-11.865975780000026,0.0,0.0
VAL  26,65.807,0.0,0.0,-9.372,0.0,0.0,-63.728,0.0,0.0,-3.731,0.0,0.0,0.0970993,0.0,0.0,-10.9269007,0.0,0.0
VAL  27,45.738,0.0,0.0,-6.423,0.0,0.0,-48.237,0.0,0.0,-3.843,0.0,0.0,0.19310918,0.0,0.0,-12.571890820000004,0.0,0.0
GLU  28,101.413,0.0,0.0,-6.943,0.0,0.0,-87.623,0.0,0.0,-57.886,0.0,0.0,0.22054522000000001,0.0,0.0,-50.81845478000001,0.0,0.0
GLU  29,115.06,0.0,0.0,-4.687,0.0,0.0,-59.417,0.0,0.0,-89.884,0.0,0.0,0.67915852,0.0,0.0,-38.248841479999996,0.0,0.0
LYS  30,122.774,0.0,0.0,-7.986,0.0,0.0,-134.213,0.0,0.0,8.104,0.0,0.0,0.39293374000000003,0.0,0.0,-10.928066259999998,0.0,0.0
ALA  31,86.7,0.0,0.0,-4.766,0.0,0.0,-75.714,0.0,0.0,-6.248,0.0,0.0,0.16865414,0.0,0.0,0.14065413999999865,0.0,0.0
PHE  32,96.897,0.0,0.0,-6.885,0.0,0.0,-74.622,0.0,0.0,-8.939,0.0,0.0,0.5175666400000001,0.0,0.0,6.968566640000001,0.0,0.0
SER  33,75.016,0.0,0.0,-5.788,0.0,0.0,-57.57,0.0,0.0,-4.115,0.0,0.0,0.19276772000000003,0.0,0.0,7.735767720000008,0.0,0.0
PRO  34,76.927,0.0,0.0,-4.893,0.0,0.0,-57.004,0.0,0.0,-1.531,0.0,0.0,0.451486,0.0,0.0,13.950486000000007,0.0,0.0
GLU  35,103.954,0.0,0.0,-7.594,0.0,0.0,-72.404,0.0,0.0,-78.113,0.0,0.0,0.5648398800000001,0.0,0.0,-53.592160119999996,0.0,0.0
VAL  36,58.165,0.0,0.0,-9.961,0.0,0.0,-56.586,0.0,0.0,0.314,0.0,0.0,0.05527316000000001,0.0,0.0,-8.012726839999997,0.0,0.0
ILE  37,90.953,0.0,0.0,-6.06,0.0,0.0,-64.083,0.0,0.0,0.685,0.0,0.0,0.14295792000000002,0.0,0.0,21.63795792,0.0,0.0
PRO  38,84.614,0.0,0.0,-6.872,0.0,0.0,-58.461,0.0,0.0,-2.599,0.0,0.0,0.43654848,0.0,0.0,17.118548480000005,0.0,0.0
MET  39,92.566,0.0,0.0,-7.871,0.0,0.0,-73.598,0.0,0.0,-2.372,0.0,0.0,0.40793088,0.0,0.0,9.132930880000009,0.0,0.0
PHE  40,104.524,0.0,0.0,-13.916,0.0,0.0,-85.956,0.0,0.0,-1.887,0.0,0.0,0.00072086,0.0,0.0,2.765720860000001,0.0,0.0
SER  41,76.908,0.0,0.0,-6.915,0.0,0.0,-66.211,0.0,0.0,-4.375,0.0,0.0,0.18193856,0.0,0.0,-0.41106144000000355,0.0,0.0
ALA  42,83.609,0.0,0.0,-5.447,0.0,0.0,-66.621,0.0,0.0,-3.478,0.0,0.0,0.33134628000000005,0.0,0.0,8.394346279999997,0.0,0.0
LEU  43,71.958,0.0,0.0,-8.397,0.0,0.0,-77.055,0.0,0.0,-3.676,0.0,0.0,0.24463712000000004,0.0,0.0,-16.92536288000001,0.0,0.0
SER  44,74.228,0.0,0.0,-6.736,0.0,0.0,-78.387,0.0,0.0,1.826,0.0,0.0,0.0,0.0,0.0,-9.06900000000001,0.0,0.0
GLU  45,102.723,0.0,0.0,-6.134,0.0,0.0,-66.703,0.0,0.0,-79.879,0.0,0.0,0.74076224,0.0,0.0,-49.25223776000001,0.0,0.0
GLY  46,67.867,0.0,0.0,-3.693,0.0,0.0,-69.014,0.0,0.0,-0.675,0.0,0.0,0.17156468,0.0,0.0,-5.343435319999989,0.0,0.0
ALA  47,96.634,0.0,0.0,-7.761,0.0,0.0,-84.653,0.0,0.0,-3.669,0.0,0.0,0.0,0.0,0.0,0.5509999999999988,0.0,0.0
THR  48,62.882,0.0,0.0,-7.193,0.0,0.0,-59.062,0.0,0.0,-0.797,0.0,0.0,0.0,0.0,0.0,-4.169999999999997,0.0,0.0
PRO  49,74.726,0.0,0.0,-10.521,0.0,0.0,-54.184,0.0,0.0,-1.43,0.0,0.0,0.0,0.0,0.0,8.591000000000001,0.0,0.0
GLN  50,29.907,0.0,0.0,-8.496,0.0,0.0,-74.925,0.0,0.0,-5.907,0.0,0.0,0.3589666,0.0,0.0,-59.06203339999999,0.0,0.0
ASP  51,93.456,0.0,0.0,-7.059,0.0,0.0,-125.92,0.0,0.0,-21.315,0.0,0.0,0.027040380000000003,0.0,0.0,-60.81095961999999,0.0,0.0
LEU  52,68.835,0.0,0.0,-14.19,0.0,0.0,-69.425,0.0,0.0,0.347,0.0,0.0,0.0,0.0,0.0,-14.433000000000002,0.0,0.0
ASN  53,35.988,0.0,0.0,-6.579,0.0,0.0,-102.813,0.0,0.0,-3.016,0.0,0.0,0.13758128,0.0,0.0,-76.28241872,0.0,0.0
THR  54,54.087,0.0,0.0,-6.5,0.0,0.0,-67.339,0.0,0.0,-0.658,0.0,0.0,0.26628460000000004,0.0,0.0,-20.143715399999998,0.0,0.0
MET  55,86.352,0.0,0.0,-13.408,0.0,0.0,-69.029,0.0,0.0,-0.347,0.0,0.0,0.00072086,0.0,0.0,3.568720860000006,0.0,0.0
LEU  56,59.062,0.0,0.0,-9.132,0.0,0.0,-68.215,0.0,0.0,0.448,0.0,0.0,0.0450673,0.0,0.0,-17.791932700000004,0.0,0.0
ASN  57,32.278,0.0,0.0,-6.42,0.0,0.0,-91.414,0.0,0.0,-9.626,0.0,0.0,0.52963156,0.0,0.0,-74.65236844000002,0.0,0.0
THR  58,58.173,0.0,0.0,-7.443,0.0,0.0,-63.436,0.0,0.0,-4.108,0.0,0.0,0.18172176,0.0,0.0,-16.632278239999998,0.0,0.0
VAL  59,43.252,0.0,0.0,-6.739,0.0,0.0,-46.215,0.0,0.0,-1.366,0.0,0.0,0.08790698000000001,0.0,0.0,-10.980093019999998,0.0,0.0
ALA  60,88.186,0.0,0.0,-2.448,0.0,0.0,-66.972,0.0,0.0,-2.293,0.0,0.0,0.07155484000000001,0.0,0.0,16.54455484000002,0.0,0.0
PRO  61,85.073,0.0,0.0,-3.264,0.0,0.0,-62.548,0.0,0.0,-2.114,0.0,0.0,0.5298266800000001,0.0,0.0,17.676826679999994,0.0,0.0
HID  62,96.783,0.0,0.0,-7.882,0.0,0.0,-65.041,0.0,0.0,-13.597,0.0,0.0,0.50607082,0.0,0.0,10.76907082,0.0,0.0
GLN  63,32.783,0.0,0.0,-6.662,0.0,0.0,-69.698,0.0,0.0,-9.546,0.0,0.0,0.5392412200000001,0.0,0.0,-52.58375877999999,0.0,0.0
ALA  64,88.436,0.0,0.0,-4.452,0.0,0.0,-71.0,0.0,0.0,-4.607,0.0,0.0,0.41719366,0.0,0.0,8.79419366000001,0.0,0.0
ALA  65,89.076,0.0,0.0,-6.27,0.0,0.0,-74.282,0.0,0.0,-2.942,0.0,0.0,0.17003624,0.0,0.0,5.752036240000001,0.0,0.0
ALA  66,95.254,0.0,0.0,-7.07,0.0,0.0,-80.684,0.0,0.0,-0.562,0.0,0.0,0.00832512,0.0,0.0,6.94632512,0.0,0.0
GLN  67,45.212,0.0,0.0,-7.011,0.0,0.0,-78.798,0.0,0.0,-14.793,0.0,0.0,0.55394568,0.0,0.0,-54.83605432,0.0,0.0
MET  68,91.086,0.0,0.0,-9.556,0.0,0.0,-74.112,0.0,0.0,-3.26,0.0,0.0,0.302707,0.0,0.0,4.460707000000006,0.0,0.0
LEU  69,84.711,0.0,0.0,-12.709,0.0,0.0,-78.315,0.0,0.0,-4.239,0.0,0.0,0.013550000000000001,0.0,0.0,-10.538450000000003,0.0,0.0
LYS  70,133.934,0.0,0.0,-9.649,0.0,0.0,-117.352,0.0,0.0,-17.935,0.0,0.0,0.38080920000000007,0.0,0.0,-10.621190800000006,0.0,0.0
GLU  71,106.104,0.0,0.0,-7.376,0.0,0.0,-64.484,0.0,0.0,-96.313,0.0,0.0,0.57070432,0.0,0.0,-61.498295680000005,0.0,0.0
THR  72,48.546,0.0,0.0,-9.125,0.0,0.0,-53.448,0.0,0.0,-6.77,0.0,0.0,0.07334886,0.0,0.0,-20.72365114,0.0,0.0
ILE  73,73.343,0.0,0.0,-10.71,0.0,0.0,-51.874,0.0,0.0,-3.496,0.0,0.0,0.06746816000000001,0.0,0.0,7.33046816,0.0,0.0
ASN  74,24.945,0.0,0.0,-8.1,0.0,0.0,-85.338,0.0,0.0,-5.08,0.0,0.0,0.45589788000000003,0.0,0.0,-73.11710212,0.0,0.0
GLU  75,108.63,0.0,0.0,-7.273,0.0,0.0,-42.608,0.0,0.0,-111.798,0.0,0.0,0.6239991800000001,0.0,0.0,-52.42500082,0.0,0.0
GLU  76,97.428,0.0,0.0,-11.187,0.0,0.0,-45.412,0.0,0.0,-95.291,0.0,0.0,0.24970482,0.0,0.0,-54.21229518,0.0,0.0
ALA  77,83.847,0.0,0.0,-6.519,0.0,0.0,-74.038,0.0,0.0,-0.637,0.0,0.0,0.08830806000000001,0.0,0.0,2.741308059999992,0.0,0.0
ALA  78,95.01,0.0,0.0,-5.417,0.0,0.0,-87.48,0.0,0.0,0.733,0.0,0.0,0.29162852,0.0,0.0,3.13762852,0.0,0.0
GLU  79,117.149,0.0,0.0,-7.449,0.0,0.0,-79.526,0.0,0.0,-76.843,0.0,0.0,0.4124565800000001,0.0,0.0,-46.25654342,0.0,0.0
TRP  80,116.586,0.0,0.0,-14.401,0.0,0.0,-87.671,0.0,0.0,-2.873,0.0,0.0,0.31413236,0.0,0.0,11.955132359999995,0.0,0.0
ASP  81,105.706,0.0,0.0,-7.465,0.0,0.0,-69.186,0.0,0.0,-76.932,0.0,0.0,0.2698347,0.0,0.0,-47.60716530000001,0.0,0.0
ARG  82,-199.678,0.0,0.0,-6.014,0.0,0.0,-2.487,0.0,0.0,29.819,0.0,0.0,0.9480880800000001,0.0,0.0,-177.41191192000002,0.0,0.0
LEU  83,69.474,0.0,0.0,-6.461,0.0,0.0,-72.503,0.0,0.0,-3.33,0.0,0.0,0.7277705000000001,0.0,0.0,-12.092229499999995,0.0,0.0
HID  84,111.181,0.0,0.0,-10.929,0.0,0.0,-71.449,0.0,0.0,-9.792,0.0,0.0,0.14348366,0.0,0.0,19.154483659999997,0.0,0.0
PRO  85,91.088,0.0,0.0,-4.58,0.0,0.0,-67.977,0.0,0.0,-3.786,0.0,0.0,0.4988297,0.0,0.0,15.243829699999992,0.0,0.0
VAL  86,46.961,0.0,0.0,-3.779,0.0,0.0,-48.275,0.0,0.0,-7.587,0.0,0.0,0.7618135200000001,0.0,0.0,-11.918186479999996,0.0,0.0
HID  87,90.145,0.0,0.0,-7.97,0.0,0.0,-66.899,0.0,0.0,-4.489,0.0,0.0,0.19980830000000002,0.0,0.0,10.986808299999996,0.0,0.0
ALA  88,86.937,0.0,0.0,-1.693,0.0,0.0,-75.014,0.0,0.0,-4.589,0.0,0.0,0.6282105200000001,0.0,0.0,6.269210520000003,0.0,0.0
GLY  89,92.728,0.0,0.0,-1.943,0.0,0.0,-76.568,0.0,0.0,-6.647,0.0,0.0,0.27979124,0.0,0.0,7.849791239999998,0.0,0.0
PRO  90,82.327,0.0,0.0,-3.512,0.0,0.0,-51.92,0.0,0.0,-10.402,0.0,0.0,0.6940201600000001,0.0,0.0,17.187020159999996,0.0,0.0
ILE  91,75.004,0.0,0.0,-5.085,0.0,0.0,-52.022,0.0,0.0,-6.349,0.0,0.0,0.5789915000000001,0.0,0.0,12.126991500000013,0.0,0.0
ALA  92,96.121,0.0,0.0,-3.89,0.0,0.0,-67.371,0.0,0.0,-8.246,0.0,0.0,0.35907500000000003,0.0,0.0,16.973074999999998,0.0,0.0
PRO  93,80.744,0.0,0.0,-4.396,0.0,0.0,-58.141,0.0,0.0,-4.761,0.0,0.0,0.60287744,0.0,0.0,14.048877440000002,0.0,0.0
GLY  94,75.005,0.0,0.0,-2.491,0.0,0.0,-65.969,0.0,0.0,-9.15,0.0,0.0,0.13811244,0.0,0.0,-2.4668875599999986,0.0,0.0
GLN  95,32.042,0.0,0.0,-1.733,0.0,0.0,-57.104,0.0,0.0,-27.532,0.0,0.0,1.12025438,0.0,0.0,-53.20674562,0.0,0.0
MET  96,106.411,0.0,0.0,-6.045,0.0,0.0,-73.524,0.0,0.0,-10.147,0.0,0.0,0.4609439,0.0,0.0,17.1559439,0.0,0.0
ARG  97,-182.696,0.0,0.0,-11.24,0.0,0.0,-34.646,0.0,0.0,47.638,0.0,0.0,0.12190122,0.0,0.0,-180.82209877999998,0.0,0.0
GLU  98,114.695,0.0,0.0,-6.908,0.0,0.0,-60.192,0.0,0.0,-88.365,0.0,0.0,0.4284239,0.0,0.0,-40.341576100000005,0.0,0.0
PRO  99,91.983,0.0,0.0,-9.206,0.0,0.0,-58.884,0.0,0.0,-3.611,0.0,0.0,0.05599402,0.0,0.0,20.33799402,0.0,0.0
ARG 100,-184.571,0.0,0.0,-12.084,0.0,0.0,-12.713,0.0,0.0,35.253,0.0,0.0,0.37635396000000004,0.0,0.0,-173.73864604000002,0.0,0.0
GLY 101,82.405,0.0,0.0,-3.37,0.0,0.0,-89.178,0.0,0.0,1.31,0.0,0.0,0.013409080000000002,0.0,0.0,-8.81959092,0.0,0.0
SER 102,71.453,0.0,0.0,-5.992,0.0,0.0,-70.029,0.0,0.0,-1.945,0.0,0.0,0.23190012000000002,0.0,0.0,-6.281099879999998,0.0,0.0
ASP 103,87.339,0.0,0.0,-11.174,0.0,0.0,-78.186,0.0,0.0,-58.317,0.0,0.0,0.02863928,0.0,0.0,-60.309360720000015,0.0,0.0
ILE 104,81.748,0.0,0.0,-11.664,0.0,0.0,-61.885,0.0,0.0,-0.129,0.0,0.0,0.0014363000000000002,0.0,0.0,8.071436300000006,0.0,0.0
ALA 105,85.594,0.0,0.0,-6.686,0.0,0.0,-77.227,0.0,0.0,-0.401,0.0,0.0,0.12571148000000001,0.0,0.0,1.4057114799999832,0.0,0.0
GLY 106,89.867,0.0,0.0,-4.63,0.0,0.0,-86.619,0.0,0.0,-2.339,0.0,0.0,0.06784756,0.0,0.0,-3.6531524399999906,0.0,0.0
THR 107,55.67,0.0,0.0,-5.248,0.0,0.0,-58.493,0.0,0.0,-7.362,0.0,0.0,0.62548968,0.0,0.0,-14.807510319999999,0.0,0.0
THR 108,37.368,0.0,0.0,-4.131,0.0,0.0,-46.544,0.0,0.0,-4.107,0.0,0.0,0.4792635,0.0,0.0,-16.934736499999996,0.0,0.0
SER 109,70.855,0.0,0.0,-7.898,0.0,0.0,-64.04,0.0,0.0,-3.334,0.0,0.0,0.06842208000000001,0.0,0.0,-4.348577919999998,0.0,0.0
THR 110,41.246,0.0,0.0,-5.887,0.0,0.0,-40.924,0.0,0.0,-6.325,0.0,0.0,0.49378910000000004,0.0,0.0,-11.396210899999996,0.0,0.0
LEU 111,66.921,0.0,0.0,-7.021,0.0,0.0,-65.196,0.0,0.0,-3.7,0.0,0.0,0.29320574000000005,0.0,0.0,-8.702794259999992,0.0,0.0
GLN 112,40.046,0.0,0.0,-4.641,0.0,0.0,-79.077,0.0,0.0,-10.231,0.0,0.0,0.7257325800000001,0.0,0.0,-53.17726742,0.0,0.0
GLU 113,99.442,0.0,0.0,-11.221,0.0,0.0,-106.301,0.0,0.0,-43.646,0.0,0.0,0.10081200000000001,0.0,0.0,-61.625188000000016,0.0,0.0
GLN 114,39.571,0.0,0.0,-12.147,0.0,0.0,-86.796,0.0,0.0,-1.773,0.0,0.0,0.0,0.0,0.0,-61.14500000000001,0.0,0.0
ILE 115,99.514,0.0,0.0,-7.381,0.0,0.0,-79.494,0.0,0.0,-2.018,0.0,0.0,0.1700796,0.0,0.0,10.791079599999994,0.0,0.0
GLY 116,76.257,0.0,0.0,-4.487,0.0,0.0,-73.747,0.0,0.0,-3.023,0.0,0.0,0.11164116,0.0,0.0,-4.88835883999999,0.0,0.0
TRP 117,127.119,0.0,0.0,-17.12,0.0,0.0,-90.624,0.0,0.0,-2.032,0.0,0.0,0.00102438,0.0,0.0,17.34402438,0.0,0.0
MET 118,97.001,0.0,0.0,-9.959,0.0,0.0,-82.216,0.0,0.0,-3.412,0.0,0.0,0.09326194000000002,0.0,0.0,1.5072619400000078,0.0,0.0
THR 119,35.485,0.0,0.0,-5.932,0.0,0.0,-45.851,0.0,0.0,-7.062,0.0,0.0,0.25446358,0.0,0.0,-23.105536420000004,0.0,0.0
HID 120,85.522,0.0,0.0,-9.718,0.0,0.0,-56.865,0.0,0.0,-10.435,0.0,0.0,0.36620230000000004,0.0,0.0,8.870202299999999,0.0,0.0
ASN 121,44.897,0.0,0.0,-3.974,0.0,0.0,-83.953,0.0,0.0,-15.747,0.0,0.0,0.82060426,0.0,0.0,-57.95639574,0.0,0.0
PRO 122,90.633,0.0,0.0,-3.473,0.0,0.0,-60.931,0.0,0.0,-2.786,0.0,0.0,0.59934902,0.0,0.0,24.042349019999996,0.0,0.0
PRO 123,89.612,0.0,0.0,-5.546,0.0,0.0,-61.06,0.0,0.0,-3.213,0.0,0.0,0.46408208,0.0,0.0,20.257082079999986,0.0,0.0
ILE 124,93.381,0.0,0.0,-5.928,0.0,0.0,-60.318,0.0,0.0,-3.013,0.0,0.0,0.26168302,0.0,0.0,24.383683020000007,0.0,0.0
PRO 125,88.619,0.0,0.0,-5.015,0.0,0.0,-65.244,0.0,0.0,-1.348,0.0,0.0,0.37631602000000003,0.0,0.0,17.38831602,0.0,0.0
VAL 126,49.782,0.0,0.0,-8.656,0.0,0.0,-49.794,0.0,0.0,-1.28,0.0,0.0,0.004915940000000001,0.0,0.0,-9.943084059999999,0.0,0.0
GLY 127,70.593,0.0,0.0,-5.701,0.0,0.0,-73.99,0.0,0.0,-0.444,0.0,0.0,0.0021571600000000004,0.0,0.0,-9.539842839999986,0.0,0.0
GLU 128,107.139,0.0,0.0,-8.634,0.0,0.0,-96.83,0.0,0.0,-51.587,0.0,0.0,0.45201716000000003,0.0,0.0,-49.45998284000001,0.0,0.0
ILE 129,84.088,0.0,0.0,-10.676,0.0,0.0,-63.483,0.0,0.0,-1.647,0.0,0.0,0.02176672,0.0,0.0,8.303766719999995,0.0,0.0
TYR 130,93.315,0.0,0.0,-13.259,0.0,0.0,-89.252,0.0,0.0,-2.792,0.0,0.0,0.03603216,0.0,0.0,-11.951967839999998,0.0,0.0
LYS 131,150.257,0.0,0.0,-12.023,0.0,0.0,-164.789,0.0,0.0,22.616,0.0,0.0,0.08803706,0.0,0.0,-3.8509629399999787,0.0,0.0
ARG 132,-188.623,0.0,0.0,-10.757,0.0,0.0,35.585,0.0,0.0,-5.001,0.0,0.0,0.6911313,0.0,0.0,-168.1048687,0.0,0.0
TRP 133,125.512,0.0,0.0,-18.995,0.0,0.0,-91.097,0.0,0.0,-5.777,0.0,0.0,0.0522759,0.0,0.0,9.6952759,0.0,0.0
ILE 134,91.994,0.0,0.0,-10.844,0.0,0.0,-69.151,0.0,0.0,-1.028,0.0,0.0,0.0,0.0,0.0,10.971000000000009,0.0,0.0
ILE 135,80.961,0.0,0.0,-9.49,0.0,0.0,-64.114,0.0,0.0,0.228,0.0,0.0,0.2639269,0.0,0.0,7.8489268999999995,0.0,0.0
LEU 136,65.318,0.0,0.0,-9.452,0.0,0.0,-73.325,0.0,0.0,1.294,0.0,0.0,0.38453274000000004,0.0,0.0,-15.780467260000002,0.0,0.0
GLY 137,77.826,0.0,0.0,-6.344,0.0,0.0,-77.952,0.0,0.0,0.172,0.0,0.0,0.0,0.0,0.0,-6.297999999999999,0.0,0.0
LEU 138,67.889,0.0,0.0,-10.979,0.0,0.0,-66.222,0.0,0.0,-2.051,0.0,0.0,0.040503660000000004,0.0,0.0,-11.322496339999997,0.0,0.0
ASN 139,44.368,0.0,0.0,-7.827,0.0,0.0,-95.19,0.0,0.0,-7.055,0.0,0.0,0.28975862,0.0,0.0,-65.41424137999999,0.0,0.0
LYS 140,135.571,0.0,0.0,-9.984,0.0,0.0,-139.633,0.0,0.0,-3.656,0.0,0.0,0.5192468400000001,0.0,0.0,-17.182753160000004,0.0,0.0
ILE 141,104.277,0.0,0.0,-10.883,0.0,0.0,-86.034,0.0,0.0,-2.178,0.0,0.0,0.15565698000000003,0.0,0.0,5.337656979999999,0.0,0.0
VAL 142,69.649,0.0,0.0,-8.29,0.0,0.0,-55.769,0.0,0.0,-6.223,0.0,0.0,0.18328814000000002,0.0,0.0,-0.4497118599999964,0.0,0.0
ARG 143,-198.112,0.0,0.0,-6.524,0.0,0.0,53.649,0.0,0.0,-22.263,0.0,0.0,1.22002574,0.0,0.0,-172.02997426,0.0,0.0
MET 144,87.677,0.0,0.0,-7.476,0.0,0.0,-73.585,0.0,0.0,-6.871,0.0,0.0,0.6315438200000001,0.0,0.0,0.3765438200000135,0.0,0.0
TYR 145,90.682,0.0,0.0,-9.403,0.0,0.0,-82.767,0.0,0.0,-10.291,0.0,0.0,0.39309634000000004,0.0,0.0,-11.38590366,0.0,0.0
SER 146,77.868,0.0,0.0,-3.386,0.0,0.0,-53.73,0.0,0.0,-10.258,0.0,0.0,0.5746880200000001,0.0,0.0,11.068688020000003,0.0,0.0
PRO 147,93.292,0.0,0.0,-3.171,0.0,0.0,-64.352,0.0,0.0,-3.452,0.0,0.0,0.4258006200000001,0.0,0.0,22.742800619999993,0.0,0.0
THR 148,43.902,0.0,0.0,-4.019,0.0,0.0,-50.964,0.0,0.0,-6.424,0.0,0.0,0.26295672000000003,0.0,0.0,-17.242043279999997,0.0,0.0
SER 149,65.307,0.0,0.0,-5.729,0.0,0.0,-50.278,0.0,0.0,-6.079,0.0,0.0,0.27955818000000004,0.0,0.0,3.5005581800000045,0.0,0.0
ILE 150,81.204,0.0,0.0,-10.111,0.0,0.0,-57.566,0.0,0.0,-2.278,0.0,0.0,0.00863406,0.0,0.0,11.257634059999987,0.0,0.0
LEU 151,66.674,0.0,0.0,-5.122,0.0,0.0,-68.126,0.0,0.0,-3.672,0.0,0.0,0.5706176000000001,0.0,0.0,-9.675382399999998,0.0,0.0
ASP 152,119.25,0.0,0.0,-5.712,0.0,0.0,-78.007,0.0,0.0,-89.236,0.0,0.0,0.59565258,0.0,0.0,-53.10934742000001,0.0,0.0
ILE 153,97.482,0.0,0.0,-10.779,0.0,0.0,-68.566,0.0,0.0,-4.374,0.0,0.0,0.10339734000000002,0.0,0.0,13.866397340000002,0.0,0.0
ARG 154,-194.544,0.0,0.0,-8.455,0.0,0.0,29.47,0.0,0.0,-5.549,0.0,0.0,0.8558559400000001,0.0,0.0,-178.22214406000003,0.0,0.0
GLN 155,32.993,0.0,0.0,-10.665,0.0,0.0,-88.828,0.0,0.0,-0.272,0.0,0.0,0.06432456,0.0,0.0,-66.70767544,0.0,0.0
GLY 156,88.325,0.0,0.0,-3.845,0.0,0.0,-73.863,0.0,0.0,-4.12,0.0,0.0,0.14167338000000002,0.0,0.0,6.638673380000005,0.0,0.0
PRO 157,85.279,0.0,0.0,-4.099,0.0,0.0,-54.367,0.0,0.0,-7.69,0.0,0.0,0.6141402,0.0,0.0,19.737140199999995,0.0,0.0
LYS 158,125.543,0.0,0.0,-5.051,0.0,0.0,-153.469,0.0,0.0,17.619,0.0,0.0,0.7958944800000001,0.0,0.0,-14.56210551999999,0.0,0.0
GLU 159,108.474,0.0,0.0,-6.829,0.0,0.0,-108.824,0.0,0.0,-45.58,0.0,0.0,0.17205248,0.0,0.0,-52.58694751999999,0.0,0.0
PRO 160,77.124,0.0,0.0,-8.828,0.0,0.0,-56.15,0.0,0.0,-2.101,0.0,0.0,0.2540354,0.0,0.0,10.299035399999994,0.0,0.0
PHE 161,109.765,0.0,0.0,-14.702,0.0,0.0,-73.335,0.0,0.0,-3.353,0.0,0.0,0.0035988800000000005,0.0,0.0,18.378598880000006,0.0,0.0
ARG 162,-195.775,0.0,0.0,-8.528,0.0,0.0,-9.719,0.0,0.0,34.313,0.0,0.0,0.5236533,0.0,0.0,-179.1853467,0.0,0.0
ASP 163,86.477,0.0,0.0,-7.213,0.0,0.0,-51.535,0.0,0.0,-90.986,0.0,0.0,0.43864060000000005,0.0,0.0,-62.81835939999999,0.0,0.0
TYR 164,97.758,0.0,0.0,-18.101,0.0,0.0,-97.566,0.0,0.0,-0.997,0.0,0.0,0.0,0.0,0.0,-18.906000000000006,0.0,0.0
VAL 165,53.239,0.0,0.0,-8.441,0.0,0.0,-57.472,0.0,0.0,2.023,0.0,0.0,0.02794552,0.0,0.0,-10.623054480000008,0.0,0.0
ASP 166,99.821,0.0,0.0,-7.586,0.0,0.0,-63.302,0.0,0.0,-78.91,0.0,0.0,0.44092784000000007,0.0,0.0,-49.536072159999996,0.0,0.0
ARG 167,-188.788,0.0,0.0,-8.988,0.0,0.0,-1.259,0.0,0.0,21.513,0.0,0.0,0.43213118,0.0,0.0,-177.08986882,0.0,0.0
PHE 168,99.348,0.0,0.0,-15.077,0.0,0.0,-80.923,0.0,0.0,-1.152,0.0,0.0,0.0,0.0,0.0,2.195999999999999,0.0,0.0
TYR 169,98.137,0.0,0.0,-11.252,0.0,0.0,-93.379,0.0,0.0,-1.825,0.0,0.0,0.23208982,0.0,0.0,-8.086910179999999,0.0,0.0
LYS 170,138.905,0.0,0.0,-7.732,0.0,0.0,-131.523,0.0,0.0,-15.542,0.0,0.0,0.83155266,0.0,0.0,-15.060447339999994,0.0,0.0
THR 171,49.808,0.0,0.0,-8.892,0.0,0.0,-61.304,0.0,0.0,-4.828,0.0,0.0,0.09728358000000001,0.0,0.0,-25.118716420000005,0.0,0.0
LEU 172,79.657,0.0,0.0,-11.453,0.0,0.0,-69.27,0.0,0.0,-6.136,0.0,0.0,0.02859592,0.0,0.0,-7.173404080000003,0.0,0.0
ARG 173,-202.419,0.0,0.0,-8.744,0.0,0.0,23.027,0.0,0.0,8.054,0.0,0.0,0.6949036200000002,0.0,0.0,-179.38709638000003,0.0,0.0
ALA 174,88.223,0.0,0.0,-5.699,0.0,0.0,-78.54,0.0,0.0,-5.264,0.0,0.0,0.08782026,0.0,0.0,-1.1921797400000056,0.0,0.0
GLU 175,116.037,0.0,0.0,-7.547,0.0,0.0,-51.533,0.0,0.0,-99.746,0.0,0.0,0.47609280000000004,0.0,0.0,-42.312907199999984,0.0,0.0
GLN 176,28.175,0.0,0.0,-6.175,0.0,0.0,-68.91,0.0,0.0,-10.737,0.0,0.0,0.43891160000000007,0.0,0.0,-57.2080884,0.0,0.0
ALA 177,96.964,0.0,0.0,-4.717,0.0,0.0,-81.593,0.0,0.0,-4.421,0.0,0.0,0.17625298,0.0,0.0,6.409252979999996,0.0,0.0
SER 178,70.761,0.0,0.0,-2.156,0.0,0.0,-70.967,0.0,0.0,-2.737,0.0,0.0,0.39947568,0.0,0.0,-4.699524320000009,0.0,0.0
GLN 179,22.545,0.0,0.0,-6.707,0.0,0.0,-72.083,0.0,0.0,-5.892,0.0,0.0,0.6121835800000001,0.0,0.0,-61.52481642,0.0,0.0
GLU 180,111.128,0.0,0.0,-3.295,0.0,0.0,-97.857,0.0,0.0,-61.247,0.0,0.0,0.64511008,0.0,0.0,-50.62588992,0.0,0.0
VAL 181,64.223,0.0,0.0,-6.773,0.0,0.0,-62.787,0.0,0.0,0.002,0.0,0.0,0.29570978,0.0,0.0,-5.039290219999996,0.0,0.0
LYS 182,115.487,0.0,0.0,-9.813,0.0,0.0,-110.515,0.0,0.0,-13.546,0.0,0.0,0.4058929600000001,0.0,0.0,-17.98110704000001,0.0,0.0
ASN 183,23.735,0.0,0.0,-8.191,0.0,0.0,-83.385,0.0,0.0,-9.445,0.0,0.0,0.48845582,0.0,0.0,-76.79754418,0.0,0.0
TRP 184,127.307,0.0,0.0,-10.543,0.0,0.0,-92.977,0.0,0.0,-7.232,0.0,0.0,0.8153956400000001,0.0,0.0,17.370395640000005,0.0,0.0
MET 185,106.868,0.0,0.0,-11.742,0.0,0.0,-86.588,0.0,0.0,-1.243,0.0,0.0,0.07019984,0.0,0.0,7.365199839999996,0.0,0.0
THR 186,43.54,0.0,0.0,-7.234,0.0,0.0,-56.981,0.0,0.0,-2.622,0.0,0.0,0.17778684,0.0,0.0,-23.119213160000005,0.0,0.0
GLU 187,103.548,0.0,0.0,-5.296,0.0,0.0,-62.139,0.0,0.0,-87.915,0.0,0.0,0.7428055800000001,0.0,0.0,-51.05919442000001,0.0,0.0
THR 188,41.468,0.0,0.0,-4.776,0.0,0.0,-50.514,0.0,0.0,-1.077,0.0,0.0,0.3324357,0.0,0.0,-14.566564299999996,0.0,0.0
LEU 189,62.49,0.0,0.0,-9.704,0.0,0.0,-65.575,0.0,0.0,-0.546,0.0,0.0,0.11809638000000001,0.0,0.0,-13.21690362,0.0,0.0
LEU 190,87.089,0.0,0.0,-10.801,0.0,0.0,-90.599,0.0,0.0,0.421,0.0,0.0,0.00852024,0.0,0.0,-13.881479760000008,0.0,0.0
VAL 191,61.473,0.0,0.0,-7.27,0.0,0.0,-66.175,0.0,0.0,2.177,0.0,0.0,0.16771648,0.0,0.0,-9.627283519999995,0.0,0.0
GLN 192,19.373,0.0,0.0,-5.559,0.0,0.0,-65.111,0.0,0.0,-7.236,0.0,0.0,0.65649208,0.0,0.0,-57.87650792,0.0,0.0
ASN 193,16.458,0.0,0.0,-10.169,0.0,0.0,-86.534,0.0,0.0,0.604,0.0,0.0,0.038693380000000006,0.0,0.0,-79.60230662000001,0.0,0.0
ALA 194,91.804,0.0,0.0,-7.344,0.0,0.0,-84.059,0.0,0.0,0.864,0.0,0.0,0.017257280000000003,0.0,0.0,1.2822572800000103,0.0,0.0
ASN 195,47.854,0.0,0.0,-8.799,0.0,0.0,-93.711,0.0,0.0,-7.911,0.0,0.0,0.13012878,0.0,0.0,-62.43687122,0.0,0.0
PRO 196,80.262,0.0,0.0,-5.881,0.0,0.0,-58.634,0.0,0.0,-2.876,0.0,0.0,0.5165693600000001,0.0,0.0,13.38756936,0.0,0.0
ASP 197,89.633,0.0,0.0,-5.744,0.0,0.0,-64.306,0.0,0.0,-77.476,0.0,0.0,0.48270520000000006,0.0,0.0,-57.4102948,0.0,0.0
CYX 198,100.581,0.0,0.0,-8.307,0.0,0.0,-79.361,0.0,0.0,-2.438,0.0,0.0,0.02443336,0.0,0.0,10.499433359999996,0.0,0.0
LYS 199,137.381,0.0,0.0,-9.593,0.0,0.0,-129.145,0.0,0.0,-15.966,0.0,0.0,0.42332368000000004,0.0,0.0,-16.899676320000015,0.0,0.0
THR 200,52.505,0.0,0.0,-6.558,0.0,0.0,-65.048,0.0,0.0,-1.744,0.0,0.0,0.54628722,0.0,0.0,-20.29871278,0.0,0.0
ILE 201,73.548,0.0,0.0,-8.799,0.0,0.0,-54.874,0.0,0.0,-1.652,0.0,0.0,0.24211682,0.0,0.0,8.465116819999993,0.0,0.0
LEU 202,81.685,0.0,0.0,-7.961,0.0,0.0,-73.845,0.0,0.0,-5.054,0.0,0.0,0.30446850000000003,0.0,0.0,-4.870531499999995,0.0,0.0
LYS 203,124.798,0.0,0.0,-5.493,0.0,0.0,-100.707,0.0,0.0,-30.007,0.0,0.0,0.97436966,0.0,0.0,-10.434630339999988,0.0,0.0
ALA 204,85.489,0.0,0.0,-3.728,0.0,0.0,-72.314,0.0,0.0,-6.054,0.0,0.0,0.47014706,0.0,0.0,3.8631470600000166,0.0,0.0
LEU 205,70.067,0.0,0.0,-5.852,0.0,0.0,-71.694,0.0,0.0,-6.597,0.0,0.0,0.46784898,0.0,0.0,-13.608151020000015,0.0,0.0
GLY 206,91.239,0.0,0.0,-2.994,0.0,0.0,-71.177,0.0,0.0,-9.6,0.0,0.0,0.08575524,0.0,0.0,7.553755239999998,0.0,0.0
PRO 207,82.145,0.0,0.0,-2.295,0.0,0.0,-52.429,0.0,0.0,-9.765,0.0,0.0,0.8601485800000002,0.0,0.0,18.516148579999992,0.0,0.0
GLY 208,67.198,0.0,0.0,-1.589,0.0,0.0,-62.997,0.0,0.0,-6.679,0.0,0.0,0.46770264000000006,0.0,0.0,-3.5992973600000053,0.0,0.0
ALA 209,101.874,0.0,0.0,-4.41,0.0,0.0,-92.234,0.0,0.0,-1.928,0.0,0.0,0.20358604,0.0,0.0,3.505586040000004,0.0,0.0
THR 210,46.566,0.0,0.0,-2.78,0.0,0.0,-58.329,0.0,0.0,-2.98,0.0,0.0,0.45153478,0.0,0.0,-17.07146522,0.0,0.0
LEU 211,63.827,0.0,0.0,-7.964,8.429369702178807e-08,8.429369702178807e-08,-65.914,0.0,0.0,-3.47,0.0,0.0,0.33230562,0.0,0.0,-13.188694380000003,0.0,0.0
GLU 212,103.572,0.0,0.0,-5.104,0.0,0.0,-94.093,0.0,0.0,-65.558,0.0,0.0,0.5251112800000001,0.0,0.0,-60.65788872000001,0.0,0.0
GLU 213,110.953,0.0,0.0,-4.634,0.0,0.0,-70.672,0.0,0.0,-81.691,0.0,0.0,0.44638578,0.0,0.0,-45.59761422,0.0,0.0
MET 214,93.925,0.0,0.0,-13.074,0.0,0.0,-76.335,0.0,0.0,-1.755,0.0,0.0,0.0453925,0.0,0.0,2.8063925000000056,0.0,0.0
MET 215,102.715,0.0,0.0,-10.732,0.0,0.0,-82.767,0.0,0.0,-3.162,0.0,0.0,0.1817597,0.0,0.0,6.235759700000008,0.0,0.0
THR 216,39.87,0.0,0.0,-4.443,0.0,0.0,-52.969,0.0,0.0,-3.11,0.0,0.0,0.43922596,0.0,0.0,-20.21277404,0.0,0.0
ALA 217,77.32,0.0,0.0,-5.186,0.0,0.0,-65.869,0.0,0.0,-2.658,0.0,0.0,0.21463200000000002,0.0,0.0,3.8216319999999864,0.0,0.0
CYX 218,96.96,0.0,0.0,-8.422,0.0,0.0,-77.63,0.0,0.0,-2.997,0.0,0.0,0.00719234,0.0,0.0,7.918192340000001,0.0,0.0
GLN 219,32.01,0.0,0.0,-6.739,0.0,0.0,-67.297,0.0,0.0,-14.852,0.0,0.0,0.51161548,0.0,0.0,-56.36638452,0.0,0.0
GLY 220,101.507,0.0,0.0,-4.505,0.0,0.0,-84.675,0.0,0.0,-6.721,0.0,0.0,0.12224810000000001,0.0,0.0,5.7282481000000125,0.0,0.0
VAL 221,34.225,0.0,0.0,-3.158,0.0,0.0,-44.376,0.0,0.0,-75.964,0.0,0.0,0.85306464,0.0,0.0,-88.41993536,0.0,0.0

Receptor:
Total Energy Decomposition:
Residue,Internal,,,van der Waals,,,Electrostatic,,,Polar Solvation,,,Non-Polar Solv.,,,TOTAL,,
,Avg.,Std. Dev.,Std. Err. of Mean,Avg.,Std. Dev.,Std. Err. of Mean,Avg.,Std. Dev.,Std. Err. of Mean,Avg.,Std. Dev.,Std. Err. of Mean,Avg.,Std. Dev.,Std. Err. of Mean,Avg.,Std. Dev.,Std. Err. of Mean
PRO   1,105.355,0.0,0.0,-7.735,0.0,0.0,-102.845,0.0,0.0,4.631,0.0,0.0,0.14958658,0.0,0.0,-0.44441341999999406,0.0,0.0
ILE   2,99.891,0.0,0.0,-9.605,0.0,0.0,-69.487,0.0,0.0,-2.751,0.0,0.0,0.11077938000000001,0.0,0.0,18.158779380000006,0.0,0.0
VAL   3,58.093,0.0,0.0,-6.839,0.0,0.0,-59.9,0.0,0.0,-2.836,0.0,0.0,0.34415374000000004,0.0,0.0,-11.137846259999995,0.0,0.0
GLN   4,27.171,0.0,0.0,-5.864,0.0,0.0,-60.616,0.0,0.0,-13.238,0.0,0.0,0.63521316,0.0,0.0,-51.91178684,0.0,0.0
ASN   5,35.658,0.0,0.0,-4.259,0.0,0.0,-86.414,0.0,0.0,-10.299,0.0,0.0,0.28076684,0.0,0.0,-65.03323316,0.0,0.0
LEU   6,65.277,0.0,0.0,-2.004,0.0,0.0,-63.328,0.0,0.0,-9.279,0.0,0.0,1.06816276,0.0,0.0,-8.26583724,0.0,0.0
GLN   7,35.778,0.0,0.0,-4.718,0.0,0.0,-68.823,0.0,0.0,-18.827,0.0,0.0,0.8714059200000001,0.0,0.0,-55.71859407999999,0.0,0.0
GLY   8,79.115,0.0,0.0,-1.254,0.0,0.0,-73.733,0.0,0.0,-6.223,0.0,0.0,0.29374232,0.0,0.0,-1.801257680000014,0.0,0.0
GLN   9,36.321,0.0,0.0,-6.865,0.0,0.0,-80.595,0.0,0.0,-9.28,0.0,0.0,0.6106334600000001,0.0,0.0,-59.80836654,0.0,0.0
MET  10,100.079,0.0,0.0,-6.851,0.0,0.0,-77.959,0.0,0.0,-7.321,0.0,0.0,0.5060599800000001,0.0,0.0,8.454059979999991,0.0,0.0
VAL  11,54.884,0.0,0.0,-5.941,0.0,0.0,-51.657,0.0,0.0,-2.621,0.0,0.0,0.35773084,0.0,0.0,-4.977269159999999,0.0,0.0
HID  12,87.743,0.0,0.0,-9.476,0.0,0.0,-59.139,0.0,0.0,-10.407,0.0,0.0,0.33590992000000003,0.0,0.0,9.056909919999994,0.0,0.0
GLN  13,33.235,0.0,0.0,-6.572,0.0,0.0,-72.866,0.0,0.0,-10.797,0.0,0.0,0.6389909,0.0,0.0,-56.3610091,0.0,0.0
ALA  14,95.58,0.0,0.0,-4.554,0.0,0.0,-79.305,0.0,0.0,-2.699,0.0,0.0,0.4277464,0.0,0.0,9.44974639999999,0.0,0.0
ILE  15,97.507,0.0,0.0,-9.324,0.0,0.0,-73.791,0.0,0.0,-3.996,0.0,0.0,0.07269304000000001,0.0,0.0,10.46869304000001,0.0,0.0
SER  16,70.113,0.0,0.0,-4.39,0.0,0.0,-54.031,0.0,0.0,-6.262,0.0,0.0,0.27750942,0.0,0.0,5.707509420000001,0.0,0.0
PRO  17,93.819,0.0,0.0,-5.072,0.0,0.0,-61.255,0.0,0.0,-3.445,0.0,0.0,0.56293204,0.0,0.0,24.609932039999997,0.0,0.0
ARG  18,-186.779,0.0,0.0,-6.144,0.0,0.0,75.682,0.0,0.0,-58.789,0.0,0.0,1.1392081200000002,0.0,0.0,-174.89079188,0.0,0.0
THR  19,42.597,0.0,0.0,-6.886,0.0,0.0,-55.713,0.0,0.0,-2.955,0.0,0.0,0.20910902000000003,0.0,0.0,-22.74789098,0.0,0.0
LEU  20,59.723,6.743495761743046e-07,6.743495761743046e-07,-10.658,0.0,0.0,-59.651,0.0,0.0,-2.462,0.0,0.0,0.15876264,0.0,0.0,-12.889237360000005,0.0,0.0
ASN  21,15.153,0.0,0.0,-6.906,0.0,0.0,-69.694,0.0,0.0,-16.815,0.0,0.0,0.52710584,0.0,0.0,-77.73489416,0.0,0.0
ALA  22,96.727,0.0,0.0,-6.46,0.0,0.0,-79.507,0.0,0.0,-3.396,0.0,0.0,0.1992663,0.0,0.0,7.563266300000005,0.0,0.0
TRP  23,134.371,0.0,0.0,-17.25,0.0,0.0,-97.147,0.0,0.0,-5.191,0.0,0.0,0.0017398200000000002,0.0,0.0,14.784739820000004,0.0,0.0
VAL  24,64.972,0.0,0.0,-4.789,0.0,0.0,-52.833,0.0,0.0,-7.108,0.0,0.0,0.37438108000000003,0.0,0.0,0.6163810799999947,0.0,0.0
LYS  25,132.152,0.0,0.0,-5.814,0.0,0.0,-94.278,0.0,0.0,-44.807,0.0,0.0,0.83002422,0.0,0.0,-11.916975780000014,0.0,0.0
VAL  26,65.807,0.0,0.0,-9.317,0.0,0.0,-64.306,0.0,0.0,-3.195,0.0,0.0,0.0970993,0.0,0.0,-10.913900699999996,0.0,0.0
VAL  27,45.738,0.0,0.0,-6.203,0.0,0.0,-48.712,0.0,0.0,-3.589,0.0,0.0,0.19310918,0.0,0.0,-12.572890820000007,0.0,0.0
GLU  28,101.413,0.0,0.0,-6.77,0.0,0.0,-59.115,0.0,0.0,-85.215,0.0,0.0,0.65038916,0.0,0.0,-49.03661084,0.0,0.0
GLU  29,115.06,0.0,0.0,-4.155,0.0,0.0,-77.809,0.0,0.0,-72.347,0.0,0.0,0.7128004600000001,0.0,0.0,-38.538199539999994,0.0,0.0
LYS  30,122.774,0.0,0.0,-7.828,0.0,0.0,-120.007,0.0,0.0,-6.278,0.0,0.0,0.39293374000000003,0.0,0.0,-10.946066260000006,0.0,0.0
ALA  31,86.7,0.0,0.0,-3.978,0.0,0.0,-77.916,0.0,0.0,-4.336,0.0,0.0,0.28607302,0.0,0.0,0.7560730200000113,0.0,0.0
PHE  32,96.897,0.0,0.0,-5.818,0.0,0.0,-76.272,0.0,0.0,-7.783,0.0,0.0,0.7195592,0.0,0.0,7.743559200000002,0.0,0.0
SER  33,75.016,0.0,0.0,-5.745,0.0,0.0,-56.883,0.0,0.0,-4.88,0.0,0.0,0.19276772000000003,0.0,0.0,7.700767719999998,0.0,0.0
PRO  34,76.927,0.0,0.0,-4.881,0.0,0.0,-56.686,0.0,0.0,-1.849,0.0,0.0,0.451486,0.0,0.0,13.962486000000006,0.0,0.0
GLU  35,103.954,0.0,0.0,-7.58,0.0,0.0,-83.7,0.0,0.0,-66.909,0.0,0.0,0.5648398800000001,0.0,0.0,-53.67016012000001,0.0,0.0
VAL  36,58.165,0.0,0.0,-9.941,0.0,0.0,-56.435,0.0,0.0,0.152,0.0,0.0,0.05527316000000001,0.0,0.0,-8.003726840000006,0.0,0.0
ILE  37,90.953,0.0,0.0,-6.055,0.0,0.0,-63.814,0.0,0.0,0.415,0.0,0.0,0.14295792000000002,0.0,0.0,21.641957919999996,0.0,0.0
PRO  38,84.614,0.0,0.0,-6.868,0.0,0.0,-58.242,0.0,0.0,-2.82,0.0,0.0,0.43654848,0.0,0.0,17.12054848000001,0.0,0.0
MET  39,92.566,0.0,0.0,-7.859,0.0,0.0,-73.396,0.0,0.0,-2.585,0.0,0.0,0.40793088,0.0,0.0,9.133930880000007,0.0,0.0
PHE  40,104.524,0.0,0.0,-13.91,0.0,0.0,-85.85,0.0,0.0,-1.996,0.0,0.0,0.00072086,0.0,0.0,2.76872086000001,0.0,0.0
SER  41,76.908,0.0,0.0,-6.914,0.0,0.0,-65.943,0.0,0.0,-4.65,0.0,0.0,0.18193856,0.0,0.0,-0.41706143999999845,0.0,0.0
ALA  42,83.609,0.0,0.0,-5.446,0.0,0.0,-66.462,0.0,0.0,-3.639,0.0,0.0,0.33134628000000005,0.0,0.0,8.393346279999994,0.0,0.0
LEU  43,71.958,0.0,0.0,-8.393,0.0,0.0,-76.946,0.0,0.0,-3.786,0.0,0.0,0.24463712000000004,0.0,0.0,-16.92236288,0.0,0.0
SER  44,74.228,0.0,0.0,-6.735,0.0,0.0,-78.298,0.0,0.0,1.735,0.0,0.0,0.0,0.0,0.0,-9.070000000000007,0.0,0.0
GLU  45,102.723,0.0,0.0,-6.133,0.0,0.0,-73.517,0.0,0.0,-73.066,0.0,0.0,0.74076224,0.0,0.0,-49.25223775999999,0.0,0.0
GLY  46,67.867,0.0,0.0,-3.693,0.0,0.0,-68.978,0.0,0.0,-0.711,0.0,0.0,0.17156468,0.0,0.0,-5.343435319999988,0.0,0.0
ALA  47,96.634,0.0,0.0,-7.76,0.0,0.0,-84.649,0.0,0.0,-3.674,0.0,0.0,0.0,0.0,0.0,0.5509999999999944,0.0,0.0
THR  48,62.882,0.0,0.0,-7.192,0.0,0.0,-59.076,0.0,0.0,-0.783,0.0,0.0,0.0,0.0,0.0,-4.169000000000003,0.0,0.0
PRO  49,74.726,0.0,0.0,-10.52,0.0,0.0,-54.196,0.0,0.0,-1.417,0.0,0.0,0.0,0.0,0.0,8.593000000000005,0.0,0.0
GLN  50,29.907,0.0,0.0,-8.496,0.0,0.0,-74.921,0.0,0.0,-5.91,0.0,0.0,0.3589666,0.0,0.0,-59.0610334,0.0,0.0
ASP  51,93.456,0.0,0.0,-7.059,0.0,0.0,-131.789,0.0,0.0,-15.439,0.0,0.0,0.027040380000000003,0.0,0.0,-60.80395961999998,0.0,0.0
LEU  52,68.835,0.0,0.0,-14.189,0.0,0.0,-69.368,0.0,0.0,0.291,0.0,0.0,0.0,0.0,0.0,-14.431000000000001,0.0,0.0
ASN  53,35.988,0.0,0.0,-6.577,0.0,0.0,-102.768,0.0,0.0,-3.059,0.0,0.0,0.13758128,0.0,0.0,-76.27841871999999,0.0,0.0
THR  54,54.087,0.0,0.0,-6.498,0.0,0.0,-67.201,0.0,0.0,-0.796,0.0,0.0,0.26628460000000004,0.0,0.0,-20.14171539999999,0.0,0.0
MET  55,86.352,0.0,0.0,-13.403,0.0,0.0,-68.808,0.0,0.0,-0.57,0.0,0.0,0.00072086,0.0,0.0,3.5717208599999912,0.0,0.0
LEU  56,59.062,0.0,0.0,-9.127,0.0,0.0,-67.938,0.0,0.0,0.173,0.0,0.0,0.0450673,0.0,0.0,-17.78493270000001,0.0,0.0
ASN  57,32.278,0.0,0.0,-6.416,0.0,0.0,-91.212,0.0,0.0,-9.847,0.0,0.0,0.52963156,0.0,0.0,-74.66736844,0.0,0.0
THR  58,58.173,0.0,0.0,-7.429,0.0,0.0,-62.863,0.0,0.0,-4.724,0.0,0.0,0.18172176,0.0,0.0,-16.66127824,0.0,0.0
VAL  59,43.252,0.0,0.0,-6.71,0.0,0.0,-45.916,0.0,0.0,-1.695,0.0,0.0,0.08790698000000001,0.0,0.0,-10.981093019999996,0.0,0.0
ALA  60,88.186,0.0,0.0,-2.438,0.0,0.0,-66.914,0.0,0.0,-2.373,0.0,0.0,0.07155484000000001,0.0,0.0,16.532554840000003,0.0,0.0
PRO  61,85.073,0.0,0.0,-3.226,0.0,0.0,-62.926,0.0,0.0,-1.792,0.0,0.0,0.5298266800000001,0.0,0.0,17.65882667999999,0.0,0.0
HID  62,96.783,0.0,0.0,-7.152,0.0,0.0,-64.163,0.0,0.0,-15.377,0.0,0.0,0.65977118,0.0,0.0,10.750771180000003,0.0,0.0
GLN  63,32.783,0.0,0.0,-6.636,0.0,0.0,-69.941,0.0,0.0,-9.368,0.0,0.0,0.5392412200000001,0.0,0.0,-52.62275878,0.0,0.0
ALA  64,88.436,0.0,0.0,-4.423,0.0,0.0,-71.627,0.0,0.0,-4.015,0.0,0.0,0.41719366,0.0,0.0,8.78819366000001,0.0,0.0
ALA  65,89.076,0.0,0.0,-6.245,0.0,0.0,-74.858,0.0,0.0,-2.396,0.0,0.0,0.17003624,0.0,0.0,5.747036239999985,0.0,0.0
ALA  66,95.254,0.0,0.0,-7.06,0.0,0.0,-80.973,0.0,0.0,-0.284,0.0,0.0,0.00832512,0.0,0.0,6.945325120000004,0.0,0.0
GLN  67,45.212,0.0,0.0,-7.003,0.0,0.0,-79.131,0.0,0.0,-14.502,0.0,0.0,0.55394568,0.0,0.0,-54.87005432,0.0,0.0
MET  68,91.086,0.0,0.0,-9.546,0.0,0.0,-74.251,0.0,0.0,-3.134,0.0,0.0,0.302707,0.0,0.0,4.457706999999987,0.0,0.0
LEU  69,84.711,0.0,0.0,-12.703,0.0,0.0,-78.464,0.0,0.0,-4.096,0.0,0.0,0.013550000000000001,0.0,0.0,-10.538450000000003,0.0,0.0
LYS  70,133.934,0.0,0.0,-9.645,0.0,0.0,-111.624,0.0,0.0,-23.72,0.0,0.0,0.38080920000000007,0.0,0.0,-10.674190799999993,0.0,0.0
GLU  71,106.104,0.0,0.0,-7.374,0.0,0.0,-71.484,0.0,0.0,-89.313,0.0,0.0,0.57070432,0.0,0.0,-61.496295679999996,0.0,0.0
THR  72,48.546,0.0,0.0,-9.123,0.0,0.0,-53.49,0.0,0.0,-6.735,0.0,0.0,0.07334886,0.0,0.0,-20.72865114,0.0,0.0
ILE  73,73.343,0.0,0.0,-10.708,0.0,0.0,-51.872,0.0,0.0,-3.499,0.0,0.0,0.06746816000000001,0.0,0.0,7.3314681600000045,0.0,0.0
ASN  74,24.945,0.0,0.0,-8.099,0.0,0.0,-85.215,0.0,0.0,-5.205,0.0,0.0,0.45589788000000003,0.0,0.0,-73.11810212,0.0,0.0
GLU  75,108.63,0.0,0.0,-7.272,0.0,0.0,-49.529,0.0,0.0,-104.877,0.0,0.0,0.6239991800000001,0.0,0.0,-52.42400082000001,0.0,0.0
GLU  76,97.428,0.0,0.0,-11.186,0.0,0.0,-52.245,0.0,0.0,-88.459,0.0,0.0,0.24970482,0.0,0.0,-54.21229518000001,0.0,0.0
ALA  77,83.847,0.0,0.0,-6.519,0.0,0.0,-73.987,0.0,0.0,-0.689,0.0,0.0,0.08830806000000001,0.0,0.0,2.740308059999994,0.0,0.0
ALA  78,95.01,0.0,0.0,-5.417,0.0,0.0,-87.412,0.0,0.0,0.665,0.0,0.0,0.29162852,0.0,0.0,3.1376285199999976,0.0,0.0
GLU  79,117.149,0.0,0.0,-7.449,0.0,0.0,-85.735,0.0,0.0,-70.634,0.0,0.0,0.4124565800000001,0.0,0.0,-46.25654342,0.0,0.0
TRP  80,116.586,0.0,0.0,-14.401,0.0,0.0,-87.626,0.0,0.0,-2.918,0.0,0.0,0.31413236,0.0,0.0,11.955132359999999,0.0,0.0
ASP  81,105.706,0.0,0.0,-7.464,0.0,0.0,-75.018,0.0,0.0,-71.099,0.0,0.0,0.2698347,0.0,0.0,-47.6051653,0.0,0.0
ARG  82,-199.678,0.0,0.0,-6.014,0.0,0.0,3.54,0.0,0.0,23.792,0.0,0.0,0.9480880800000001,0.0,0.0,-177.41191192000002,0.0,0.0
LEU  83,69.474,0.0,0.0,-6.461,0.0,0.0,-72.442,0.0,0.0,-3.391,0.0,0.0,0.7277705000000001,0.0,0.0,-12.092229499999988,0.0,0.0
HID  84,111.181,0.0,0.0,-10.929,0.0,0.0,-71.458,0.0,0.0,-9.782,0.0,0.0,0.14348366,0.0,0.0,19.155483659999998,0.0,0.0
PRO  85,91.088,0.0,0.0,-4.58,0.0,0.0,-68.032,0.0,0.0,-3.732,0.0,0.0,0.4988297,0.0,0.0,15.2428297,0.0,0.0
VAL  86,46.961,0.0,0.0,-3.779,0.0,0.0,-48.271,0.0,0.0,-7.591,0.0,0.0,0.7618135200000001,0.0,0.0,-11.91818648,0.0,0.0
HID  87,90.145,0.0,0.0,-7.97,0.0,0.0,-66.936,0.0,0.0,-4.452,0.0,0.0,0.19980830000000002,0.0,0.0,10.986808299999991,0.0,0.0
ALA  88,86.937,0.0,0.0,-1.693,0.0,0.0,-74.985,0.0,0.0,-4.617,0.0,0.0,0.6282105200000001,0.0,0.0,6.270210520000001,0.0,0.0
GLY  89,92.728,0.0,0.0,-1.942,0.0,0.0,-76.586,0.0,0.0,-6.629,0.0,0.0,0.27979124,0.0,0.0,7.850791240000003,0.0,0.0
PRO  90,82.327,0.0,0.0,-3.512,0.0,0.0,-51.922,0.0,0.0,-10.399,0.0,0.0,0.6940201600000001,0.0,0.0,17.18802016,0.0,0.0
ILE  91,75.004,0.0,0.0,-5.085,0.0,0.0,-52.045,0.0,0.0,-6.326,0.0,0.0,0.5789915000000001,0.0,0.0,12.12699150000001,0.0,0.0
ALA  92,96.121,0.0,0.0,-3.89,0.0,0.0,-67.365,0.0,0.0,-8.251,0.0,0.0,0.35907500000000003,0.0,0.0,16.974075000000003,0.0,0.0
PRO  93,80.744,0.0,0.0,-4.396,0.0,0.0,-58.091,0.0,0.0,-4.811,0.0,0.0,0.60287744,0.0,0.0,14.048877439999998,0.0,0.0
GLY  94,75.005,0.0,0.0,-2.491,0.0,0.0,-65.975,0.0,0.0,-9.144,0.0,0.0,0.13811244,0.0,0.0,-2.4668875599999986,0.0,0.0
GLN  95,32.042,0.0,0.0,-1.733,0.0,0.0,-57.095,0.0,0.0,-27.542,0.0,0.0,1.12025438,0.0,0.0,-53.207745620000004,0.0,0.0
MET  96,106.411,0.0,0.0,-6.045,0.0,0.0,-73.518,0.0,0.0,-10.153,0.0,0.0,0.4609439,0.0,0.0,17.1559439,0.0,0.0
ARG  97,-182.696,0.0,0.0,-11.24,0.0,0.0,-29.342,0.0,0.0,42.334,0.0,0.0,0.12190122,0.0,0.0,-180.82209878,0.0,0.0
GLU  98,114.695,0.0,0.0,-6.908,0.0,0.0,-65.21,0.0,0.0,-83.347,0.0,0.0,0.4284239,0.0,0.0,-40.3415761,0.0,0.0
PRO  99,91.983,0.0,0.0,-9.206,0.0,0.0,-58.873,0.0,0.0,-3.622,0.0,0.0,0.05599402,0.0,0.0,20.337994020000004,0.0,0.0
ARG 100,-184.571,0.0,0.0,-12.084,0.0,0.0,-7.163,0.0,0.0,29.703,0.0,0.0,0.37635396000000004,0.0,0.0,-173.73864604000002,0.0,0.0
GLY 101,82.405,0.0,0.0,-3.369,0.0,0.0,-89.169,0.0,0.0,1.3,0.0,0.0,0.013409080000000002,0.0,0.0,-8.819590919999994,0.0,0.0
SER 102,71.453,0.0,0.0,-5.992,0.0,0.0,-70.029,0.0,0.0,-1.944,0.0,0.0,0.23190012000000002,0.0,0.0,-6.280099879999998,0.0,0.0
ASP 103,87.339,0.0,0.0,-11.174,0.0,0.0,-83.758,0.0,0.0,-52.744,0.0,0.0,0.02863928,0.0,0.0,-60.30836072,0.0,0.0
ILE 104,81.748,0.0,0.0,-11.664,0.0,0.0,-61.86,0.0,0.0,-0.155,0.0,0.0,0.0014363000000000002,0.0,0.0,8.070436300000004,0.0,0.0
ALA 105,85.594,0.0,0.0,-6.686,0.0,0.0,-77.215,0.0,0.0,-0.413,0.0,0.0,0.12571148000000001,0.0,0.0,1.4057114799999837,0.0,0.0
GLY 106,89.867,0.0,0.0,-4.63,0.0,0.0,-86.62,0.0,0.0,-2.338,0.0,0.0,0.06784756,0.0,0.0,-3.6531524399999955,0.0,0.0
THR 107,55.67,0.0,0.0,-5.248,0.0,0.0,-58.456,0.0,0.0,-7.399,0.0,0.0,0.62548968,0.0,0.0,-14.80751032,0.0,0.0
THR 108,37.368,0.0,0.0,-4.131,0.0,0.0,-46.544,0.0,0.0,-4.106,0.0,0.0,0.4792635,0.0,0.0,-16.9337365,0.0,0.0
SER 109,70.855,0.0,0.0,-7.898,0.0,0.0,-64.08,0.0,0.0,-3.294,0.0,0.0,0.06842208000000001,0.0,0.0,-4.3485779199999905,0.0,0.0
THR 110,41.246,0.0,0.0,-5.887,0.0,0.0,-40.908,0.0,0.0,-6.341,0.0,0.0,0.49378910000000004,0.0,0.0,-11.3962109,0.0,0.0
LEU 111,66.921,0.0,0.0,-7.021,0.0,0.0,-65.184,0.0,0.0,-3.712,0.0,0.0,0.29320574000000005,0.0,0.0,-8.702794259999992,0.0,0.0
GLN 112,40.046,0.0,0.0,-4.641,0.0,0.0,-79.056,0.0,0.0,-10.252,0.0,0.0,0.7257325800000001,0.0,0.0,-53.17726742,0.0,0.0
GLU 113,99.442,0.0,0.0,-11.221,0.0,0.0,-111.575,0.0,0.0,-38.372,0.0,0.0,0.10081200000000001,0.0,0.0,-61.625188000000016,0.0,0.0
GLN 114,39.571,0.0,0.0,-12.147,0.0,0.0,-86.78,0.0,0.0,-1.789,0.0,0.0,0.0,0.0,0.0,-61.145,0.0,0.0
ILE 115,99.514,0.0,0.0,-7.38,0.0,0.0,-79.488,0.0,0.0,-2.024,0.0,0.0,0.1700796,0.0,0.0,10.7920796,0.0,0.0
GLY 116,76.257,0.0,0.0,-4.487,0.0,0.0,-73.731,0.0,0.0,-3.039,0.0,0.0,0.11164116,0.0,0.0,-4.888358839999984,0.0,0.0
TRP 117,127.119,0.0,0.0,-17.12,0.0,0.0,-90.629,0.0,0.0,-2.028,0.0,0.0,0.00102438,0.0,0.0,17.343024379999992,0.0,0.0
MET 118,97.001,0.0,0.0,-9.959,0.0,0.0,-82.215,0.0,0.0,-3.414,0.0,0.0,0.09326194000000002,0.0,0.0,1.5062619399999981,0.0,0.0
THR 119,35.485,0.0,0.0,-5.932,0.0,0.0,-45.804,0.0,0.0,-7.109,0.0,0.0,0.25446358,0.0,0.0,-23.105536420000007,0.0,0.0
HID 120,85.522,0.0,0.0,-9.718,0.0,0.0,-56.857,0.0,0.0,-10.443,0.0,0.0,0.36620230000000004,0.0,0.0,8.870202300000003,0.0,0.0
ASN 121,44.897,0.0,0.0,-3.973,0.0,0.0,-83.963,0.0,0.0,-15.737,0.0,0.0,0.82060426,0.0,0.0,-57.95539573999999,0.0,0.0
PRO 122,90.633,0.0,0.0,-3.473,0.0,0.0,-60.912,0.0,0.0,-2.805,0.0,0.0,0.59934902,0.0,0.0,24.042349019999996,0.0,0.0
PRO 123,89.612,0.0,0.0,-5.546,0.0,0.0,-61.066,0.0,0.0,-3.207,0.0,0.0,0.46408208,0.0,0.0,20.257082079999986,0.0,0.0
ILE 124,93.381,0.0,0.0,-5.928,0.0,0.0,-60.334,0.0,0.0,-2.997,0.0,0.0,0.26168302,0.0,0.0,24.38368302,0.0,0.0
PRO 125,88.619,0.0,0.0,-5.015,0.0,0.0,-65.286,0.0,0.0,-1.307,0.0,0.0,0.37631602000000003,0.0,0.0,17.38731602,0.0,0.0
VAL 126,49.782,0.0,0.0,-8.656,0.0,0.0,-49.84,0.0,0.0,-1.235,0.0,0.0,0.004915940000000001,0.0,0.0,-9.944084060000005,0.0,0.0
GLY 127,70.593,0.0,0.0,-5.701,0.0,0.0,-74.035,0.0,0.0,-0.399,0.0,0.0,0.0021571600000000004,0.0,0.0,-9.539842839999988,0.0,0.0
GLU 128,107.139,0.0,0.0,-8.633,0.0,0.0,-103.2,0.0,0.0,-45.216,0.0,0.0,0.45201716000000003,0.0,0.0,-49.45798284000001,0.0,0.0
ILE 129,84.088,0.0,0.0,-10.675,0.0,0.0,-63.562,0.0,0.0,-1.568,0.0,0.0,0.02176672,0.0,0.0,8.30476672,0.0,0.0
TYR 130,93.315,0.0,0.0,-13.258,0.0,0.0,-89.323,0.0,0.0,-2.722,0.0,0.0,0.03603216,0.0,0.0,-11.951967839999991,0.0,0.0
LYS 131,150.257,0.0,0.0,-12.022,0.0,0.0,-158.261,0.0,0.0,16.086,0.0,0.0,0.08803706,0.0,0.0,-3.8519629399999835,0.0,0.0
ARG 132,-188.623,0.0,0.0,-10.756,0.0,0.0,41.816,0.0,0.0,-11.232,0.0,0.0,0.6911313,0.0,0.0,-168.1038687,0.0,0.0
TRP 133,125.512,0.0,0.0,-18.994,0.0,0.0,-91.176,0.0,0.0,-5.698,0.0,0.0,0.0522759,0.0,0.0,9.696275899999998,0.0,0.0
ILE 134,91.994,0.0,0.0,-10.841,0.0,0.0,-69.226,0.0,0.0,-0.955,0.0,0.0,0.0,0.0,0.0,10.972000000000007,0.0,0.0
ILE 135,80.961,0.0,0.0,-9.488,0.0,0.0,-64.232,0.0,0.0,0.348,0.0,0.0,0.2639269,0.0,0.0,7.8529269,0.0,0.0
LEU 136,65.318,0.0,0.0,-9.45,0.0,0.0,-73.481,0.0,0.0,1.449,0.0,0.0,0.38453274000000004,0.0,0.0,-15.779467259999997,0.0,0.0
GLY 137,77.826,0.0,0.0,-6.342,0.0,0.0,-78.13,0.0,0.0,0.345,0.0,0.0,0.0,0.0,0.0,-6.301000000000001,0.0,0.0
LEU 138,67.889,0.0,0.0,-10.969,0.0,0.0,-66.446,0.0,0.0,-1.842,0.0,0.0,0.040503660000000004,0.0,0.0,-11.327496340000003,0.0,0.0
ASN 139,44.368,0.0,0.0,-7.822,0.0,0.0,-95.667,0.0,0.0,-6.595,0.0,0.0,0.28975862,0.0,0.0,-65.42624138000001,0.0,0.0
LYS 140,135.571,0.0,0.0,-9.978,0.0,0.0,-131.879,0.0,0.0,-11.427,0.0,0.0,0.5192468400000001,0.0,0.0,-17.193753159999986,0.0,0.0
ILE 141,104.277,0.0,0.0,-10.862,0.0,0.0,-86.295,0.0,0.0,-1.946,0.0,0.0,0.15565698000000003,0.0,0.0,5.329656980000005,0.0,0.0
VAL 142,69.649,0.0,0.0,-8.267,0.0,0.0,-56.045,0.0,0.0,-5.993,0.0,0.0,0.18328814000000002,0.0,0.0,-0.472711859999997,0.0,0.0
ARG 143,-198.112,0.0,0.0,-6.514,0.0,0.0,62.786,0.0,0.0,-31.427,0.0,0.0,1.22002574,0.0,0.0,-172.04697425999998,0.0,0.0
MET 144,87.677,0.0,0.0,-7.461,0.0,0.0,-74.018,0.0,0.0,-6.493,0.0,0.0,0.6315438200000001,0.0,0.0,0.33654382000000727,0.0,0.0
TYR 145,90.682,0.0,0.0,-9.319,0.0,0.0,-83.191,0.0,0.0,-10.078,0.0,0.0,0.39309634000000004,0.0,0.0,-11.512903660000003,0.0,0.0
SER 146,77.868,0.0,0.0,-3.28,0.0,0.0,-53.307,0.0,0.0,-11.031,0.0,0.0,0.5746880200000001,0.0,0.0,10.824688019999991,0.0,0.0
PRO 147,93.292,0.0,0.0,-2.927,0.0,0.0,-64.084,0.0,0.0,-4.002,0.0,0.0,0.4258006200000001,0.0,0.0,22.704800619999993,0.0,0.0
THR 148,43.902,0.0,0.0,-1.859,0.0,0.0,-51.095,0.0,0.0,-8.723,0.0,0.0,0.7043940399999999,0.0,0.0,-17.070605959999998,0.0,0.0
SER 149,65.307,0.0,0.0,-1.706,0.0,0.0,-46.142,0.0,0.0,-13.593,0.0,0.0,0.6069587000000001,0.0,0.0,4.472958699999996,0.0,0.0
ILE 150,60.714,0.0,0.0,0.46,0.0,0.0,-30.429,0.0,0.0,-8.624,0.0,0.0,1.2466650400000001,0.0,0.0,23.367665040000002,0.0,0.0

Ligand:
Total Energy Decomposition:
Residue,Internal,,,van der Waals,,,Electrostatic,,,Polar Solvation,,,Non-Polar Solv.,,,TOTAL,,
,Avg.,Std. Dev.,Std. Err. of Mean,Avg.,Std. Dev.,Std. Err. of Mean,Avg.,Std. Dev.,Std. Err. of Mean,Avg.,Std. Dev.,Std. Err. of Mean,Avg.,Std. Dev.,Std. Err. of Mean,Avg.,Std. Dev.,Std. Err. of Mean
LEU   1,46.425,0.0,0.0,-2.752,0.0,0.0,-42.76,0.0,0.0,-4.236,0.0,0.0,0.79705436,0.0,0.0,-2.5259456400000033,0.0,0.0
ASP   2,119.25,0.0,0.0,-3.62,0.0,0.0,-92.834,0.0,0.0,-75.707,0.0,0.0,0.7939053400000001,0.0,0.0,-52.11709466,0.0,0.0
ILE   3,97.482,0.0,0.0,-8.147,0.0,0.0,-67.453,0.0,0.0,-5.298,0.0,0.0,0.20651826,0.0,0.0,16.79051825999999,0.0,0.0
ARG   4,-194.544,0.0,0.0,-8.341,0.0,0.0,40.398,0.0,0.0,-16.662,0.0,0.0,0.8558559400000001,0.0,0.0,-178.29314406000003,0.0,0.0
GLN   5,32.993,0.0,0.0,-10.644,0.0,0.0,-88.906,0.0,0.0,-0.224,0.0,0.0,0.06432456,0.0,0.0,-66.71667544,0.0,0.0
GLY   6,88.325,0.0,0.0,-3.839,0.0,0.0,-73.809,0.0,0.0,-4.182,0.0,0.0,0.14167338000000002,0.0,0.0,6.636673380000007,0.0,0.0
PRO   7,85.279,0.0,0.0,-4.095,0.0,0.0,-54.27,0.0,0.0,-7.787,0.0,0.0,0.6141402,0.0,0.0,19.741140199999997,0.0,0.0
LYS   8,125.543,0.0,0.0,-5.048,0.0,0.0,-145.559,0.0,0.0,9.706,0.0,0.0,0.7958944800000001,0.0,0.0,-14.562105519999994,0.0,0.0
GLU   9,108.474,0.0,0.0,-6.817,0.0,0.0,-120.073,0.0,0.0,-34.405,0.0,0.0,0.17205248,0.0,0.0,-52.648947519999986,0.0,0.0
PRO  10,77.124,0.0,0.0,-8.823,0.0,0.0,-56.425,0.0,0.0,-1.832,0.0,0.0,0.2540354,0.0,0.0,10.29803539999999,0.0,0.0
PHE  11,109.765,0.0,0.0,-14.692,0.0,0.0,-73.624,0.0,0.0,-3.079,0.0,0.0,0.0035988800000000005,0.0,0.0,18.37359888000001,0.0,0.0
ARG  12,-195.775,0.0,0.0,-8.519,0.0,0.0,-2.097,0.0,0.0,26.68,0.0,0.0,0.5236533,0.0,0.0,-179.1873467,0.0,0.0
ASP  13,86.477,0.0,0.0,-7.199,0.0,0.0,-61.443,0.0,0.0,-81.181,0.0,0.0,0.43864060000000005,0.0,0.0,-62.90735939999999,0.0,0.0
TYR  14,97.758,0.0,0.0,-18.02,0.0,0.0,-98.26,0.0,0.0,-0.347,0.0,0.0,0.0,0.0,0.0,-18.869000000000007,0.0,0.0
VAL  15,53.239,0.0,0.0,-8.407,0.0,0.0,-57.843,0.0,0.0,2.376,0.0,0.0,0.02794552,0.0,0.0,-10.607054480000011,0.0,0.0
ASP  16,99.821,0.0,0.0,-7.543,0.0,0.0,-73.98,0.0,0.0,-68.441,0.0,0.0,0.44092784000000007,0.0,0.0,-49.702072160000014,0.0,0.0
ARG  17,-188.788,0.0,0.0,-8.768,0.0,0.0,11.801,0.0,0.0,8.204,0.0,0.0,0.43213118,0.0,0.0,-177.11886882000002,0.0,0.0
PHE  18,99.348,0.0,0.0,-13.964,0.0,0.0,-81.428,0.0,0.0,-1.059,0.0,0.0,0.035609400000000006,0.0,0.0,2.9326094000000027,0.0,0.0
TYR  19,98.137,0.0,0.0,-10.999,0.0,0.0,-94.233,0.0,0.0,-1.125,0.0,0.0,0.23208982,0.0,0.0,-7.987910179999999,0.0,0.0
LYS  20,138.905,0.0,0.0,-7.406,0.0,0.0,-120.67,0.0,0.0,-27.13,0.0,0.0,0.83155266,0.0,0.0,-15.469447340000006,0.0,0.0
THR  21,49.808,0.0,0.0,-6.62,0.0,0.0,-62.667,0.0,0.0,-4.451,0.0,0.0,0.30665276,0.0,0.0,-23.62334724,0.0,0.0
LEU  22,79.657,0.0,0.0,-9.912,0.0,0.0,-70.212,0.0,0.0,-5.114,0.0,0.0,0.07592878,0.0,0.0,-5.505071220000013,0.0,0.0
ARG  23,-202.419,0.0,0.0,-7.389,0.0,0.0,69.943,0.0,0.0,-34.121,0.0,0.0,1.0302281800000002,0.0,0.0,-172.95577182000002,0.0,0.0
ALA  24,88.223,0.0,0.0,-4.342,0.0,0.0,-80.331,0.0,0.0,-4.273,0.0,0.0,0.4086842600000001,0.0,0.0,-0.31431574000000245,0.0,0.0
GLU  25,116.037,0.0,0.0,-5.266,0.0,0.0,-67.065,0.0,0.0,-86.723,0.0,0.0,0.69775454,0.0,0.0,-42.31924546,0.0,0.0
GLN  26,28.175,0.0,0.0,-5.082,0.0,0.0,-58.55,0.0,0.0,-18.785,0.0,0.0,0.8156287000000001,0.0,0.0,-53.42637129999999,0.0,0.0
ALA  27,96.964,0.0,0.0,-4.602,0.0,0.0,-82.257,0.0,0.0,-3.879,0.0,0.0,0.17625298,0.0,0.0,6.40225297999999,0.0,0.0
SER  28,70.761,0.0,0.0,-2.121,0.0,0.0,-71.258,0.0,0.0,-2.528,0.0,0.0,0.39947568,0.0,0.0,-4.746524319999995,0.0,0.0
GLN  29,22.545,0.0,0.0,-6.686,0.0,0.0,-72.749,0.0,0.0,-5.29,0.0,0.0,0.6121835800000001,0.0,0.0,-61.56781641999999,0.0,0.0
GLU  30,111.128,0.0,0.0,-3.281,0.0,0.0,-106.345,0.0,0.0,-52.866,0.0,0.0,0.64511008,0.0,0.0,-50.71888992,0.0,0.0
VAL  31,64.223,0.0,0.0,-6.707,0.0,0.0,-62.451,0.0,0.0,-0.385,0.0,0.0,0.29570978,0.0,0.0,-5.024290220000002,0.0,0.0
LYS  32,115.487,0.0,0.0,-9.749,0.0,0.0,-98.259,0.0,0.0,-25.931,0.0,0.0,0.4058929600000001,0.0,0.0,-18.046107040000003,0.0,0.0
ASN  33,23.735,0.0,0.0,-8.178,0.0,0.0,-83.585,0.0,0.0,-9.276,0.0,0.0,0.48845582,0.0,0.0,-76.81554417999999,0.0,0.0
TRP  34,127.307,0.0,0.0,-10.476,0.0,0.0,-93.01,0.0,0.0,-7.263,0.0,0.0,0.8153956400000001,0.0,0.0,17.37339564,0.0,0.0
MET  35,106.868,0.0,0.0,-10.926,0.0,0.0,-86.576,0.0,0.0,-1.42,0.0,0.0,0.11450834,0.0,0.0,8.06050834,0.0,0.0
THR  36,43.54,0.0,0.0,-7.205,0.0,0.0,-57.119,0.0,0.0,-2.521,0.0,0.0,0.17778684,0.0,0.0,-23.12721316,0.0,0.0
GLU  37,103.548,0.0,0.0,-5.287,0.0,0.0,-69.376,0.0,0.0,-80.714,0.0,0.0,0.7428055800000001,0.0,0.0,-51.086194420000005,0.0,0.0
THR  38,41.468,0.0,0.0,-4.759,0.0,0.0,-50.59,0.0,0.0,-1.024,0.0,0.0,0.3324357,0.0,0.0,-14.572564300000002,0.0,0.0
LEU  39,62.49,0.0,0.0,-8.895,0.0,0.0,-65.55,0.0,0.0,-0.561,0.0,0.0,0.14305006,0.0,0.0,-12.372949939999998,0.0,0.0
LEU  40,87.089,0.0,0.0,-10.719,0.0,0.0,-90.735,0.0,0.0,0.558,0.0,0.0,0.00852024,0.0,0.0,-13.798479759999996,0.0,0.0
VAL  41,61.473,0.0,0.0,-7.258,0.0,0.0,-66.273,0.0,0.0,2.257,0.0,0.0,0.16771648,0.0,0.0,-9.63328352,0.0,0.0
GLN  42,19.373,0.0,0.0,-5.539,0.0,0.0,-64.778,0.0,0.0,-7.607,0.0,0.0,0.65649208,0.0,0.0,-57.89450792,0.0,0.0
ASN  43,16.458,0.0,0.0,-10.045,0.0,0.0,-85.49,0.0,0.0,-0.457,0.0,0.0,0.0415714,0.0,0.0,-79.4924286,0.0,0.0
ALA  44,91.804,0.0,0.0,-7.335,0.0,0.0,-84.21,0.0,0.0,1.001,0.0,0.0,0.017257280000000003,0.0,0.0,1.2772572800000144,0.0,0.0
ASN  45,47.854,0.0,0.0,-8.795,0.0,0.0,-93.432,0.0,0.0,-8.2,0.0,0.0,0.13012878,0.0,0.0,-62.44287122000001,0.0,0.0
PRO  46,80.262,0.0,0.0,-5.879,0.0,0.0,-58.565,0.0,0.0,-2.943,0.0,0.0,0.5165693600000001,0.0,0.0,13.391569359999998,0.0,0.0
ASP  47,89.633,0.0,0.0,-5.743,0.0,0.0,-71.635,0.0,0.0,-70.156,0.0,0.0,0.48270520000000006,0.0,0.0,-57.41829480000001,0.0,0.0
CYX  48,100.581,0.0,0.0,-8.305,0.0,0.0,-79.194,0.0,0.0,-2.61,0.0,0.0,0.02443336,0.0,0.0,10.496433360000008,0.0,0.0
LYS  49,137.381,0.0,0.0,-9.589,0.0,0.0,-120.478,0.0,0.0,-24.65,0.0,0.0,0.42332368000000004,0.0,0.0,-16.912676319999992,0.0,0.0
THR  50,52.505,0.0,0.0,-6.558,0.0,0.0,-64.957,0.0,0.0,-1.837,0.0,0.0,0.54628722,0.0,0.0,-20.30071277999999,0.0,0.0
ILE  51,73.548,0.0,0.0,-8.798,0.0,0.0,-54.731,0.0,0.0,-1.796,0.0,0.0,0.24211682,0.0,0.0,8.465116819999999,0.0,0.0
LEU  52,81.685,0.0,0.0,-7.959,0.0,0.0,-73.724,0.0,0.0,-5.175,0.0,0.0,0.30446850000000003,0.0,0.0,-4.868531500000005,0.0,0.0
LYS  53,124.798,0.0,0.0,-5.492,0.0,0.0,-94.253,0.0,0.0,-36.46,0.0,0.0,0.97436966,0.0,0.0,-10.432630340000003,0.0,0.0
ALA  54,85.489,0.0,0.0,-3.728,0.0,0.0,-72.206,0.0,0.0,-6.162,0.0,0.0,0.47014706,0.0,0.0,3.863147060000007,0.0,0.0
LEU  55,70.067,0.0,0.0,-5.851,0.0,0.0,-71.585,0.0,0.0,-6.706,0.0,0.0,0.46784898,0.0,0.0,-13.60715102,0.0,0.0
GLY  56,91.239,0.0,0.0,-2.994,0.0,0.0,-71.253,0.0,0.0,-9.525,0.0,0.0,0.08575524,0.0,0.0,7.552755240000004,0.0,0.0
PRO  57,82.145,0.0,0.0,-2.295,0.0,0.0,-52.374,0.0,0.0,-9.82,0.0,0.0,0.8601485800000002,0.0,0.0,18.516148579999992,0.0,0.0
GLY  58,67.198,0.0,0.0,-1.589,0.0,0.0,-62.945,0.0,0.0,-6.731,0.0,0.0,0.46770264000000006,0.0,0.0,-3.5992973600000053,0.0,0.0
ALA  59,101.874,0.0,0.0,-4.409,0.0,0.0,-92.316,0.0,0.0,-1.847,0.0,0.0,0.20358604,0.0,0.0,3.5055860399999865,0.0,0.0
THR  60,46.566,0.0,0.0,-2.778,0.0,0.0,-58.364,0.0,0.0,-2.948,0.0,0.0,0.45153478,0.0,0.0,-17.072465219999994,0.0,0.0
LEU  61,63.827,0.0,0.0,-7.957,0.0,0.0,-65.934,0.0,0.0,-3.455,0.0,0.0,0.33230562,0.0,0.0,-13.18669438,0.0,0.0
GLU  62,103.572,0.0,0.0,-5.101,0.0,0.0,-101.43,0.0,0.0,-58.232,0.0,0.0,0.5251112800000001,0.0,0.0,-60.665888720000005,0.0,0.0
GLU  63,110.953,0.0,0.0,-4.633,0.0,0.0,-76.898,0.0,0.0,-75.469,0.0,0.0,0.44638578,0.0,0.0,-45.60061421999998,0.0,0.0
MET  64,93.925,0.0,0.0,-13.072,0.0,0.0,-76.27,0.0,0.0,-1.822,0.0,0.0,0.0453925,0.0,0.0,2.8063924999999985,0.0,0.0
MET  65,102.715,0.0,0.0,-10.727,0.0,0.0,-82.881,0.0,0.0,-3.052,0.0,0.0,0.1817597,0.0,0.0,6.2367596999999995,0.0,0.0
THR  66,39.87,0.0,0.0,-4.441,0.0,0.0,-53.009,0.0,0.0,-3.071,0.0,0.0,0.43922596,0.0,0.0,-20.211774040000005,0.0,0.0
ALA  67,77.32,0.0,0.0,-5.185,0.0,0.0,-65.832,0.0,0.0,-2.695,0.0,0.0,0.21463200000000002,0.0,0.0,3.8226319999999974,0.0,0.0
CYX  68,96.96,0.0,0.0,-8.42,0.0,0.0,-77.654,0.0,0.0,-2.975,0.0,0.0,0.00719234,0.0,0.0,7.918192339999996,0.0,0.0
GLN  69,32.01,0.0,0.0,-6.737,0.0,0.0,-67.519,0.0,0.0,-14.637,0.0,0.0,0.51161548,0.0,0.0,-56.37138452000001,0.0,0.0
GLY  70,101.507,0.0,0.0,-4.504,0.0,0.0,-84.68,0.0,0.0,-6.718,0.0,0.0,0.12224810000000001,0.0,0.0,5.7272480999999935,0.0,0.0
VAL  71,34.225,0.0,0.0,-3.157,0.0,0.0,-52.042,0.0,0.0,-68.304,0.0,0.0,0.85306464,0.0,0.0,-88.42493536,0.0,0.0

DELTAS:
Total Energy Decomposition:
Residue,Location,Internal,,,van der Waals,,,Electrostatic,,,Polar Solvation,,,Non-Polar Solv.,,,TOTAL,,
,,Avg.,Std. Dev.,Std. Err. of Mean,Avg.,Std. Dev.,Std. Err. of Mean,Avg.,Std. Dev.,Std. Err. of Mean,Avg.,Std. Dev.,Std. Err. of Mean,Avg.,Std. Dev.,Std. Err. of Mean
PRO   1,R PRO   1,0.0,0.0,0.0,0.0,0.0,0.0,-6.036000000000001,0.0,0.0,6.039999999999999,0.0,0.0,0.0,0.0,0.0,0.003999999999997783,0.0,0.0
ILE   2,R ILE   2,0.0,0.0,0.0,-0.0009999999999994458,0.0,0.0,0.05999999999998806,0.0,0.0,-0.06000000000000005,0.0,0.0,0.0,0.0,0.0,-0.0010000000000012221,0.0,0.0
VAL   3,R VAL   3,0.0,0.0,0.0,0.0,0.0,0.0,-0.036999999999999034,0.0,0.0,0.03699999999999992,0.0,0.0,0.0,0.0,0.0,1.7763568394002505e-15,0.0,0.0
GLN   4,R GLN   4,0.0,0.0,0.0,0.0,0.0,0.0,-0.02499999999999858,0.0,0.0,0.025000000000000355,0.0,0.0,0.0,0.0,0.0,-7.105427357601002e-15,0.0,0.0
ASN   5,R ASN   5,0.0,0.0,0.0,0.0,0.0,0.0,0.01099999999999568,0.0,0.0,-0.011000000000001009,0.0,0.0,0.0,0.0,0.0,-1.4210854715202004e-14,0.0,0.0
LEU   6,R LEU   6,0.0,0.0,0.0,0.0,0.0,0.0,-0.026999999999993918,0.0,0.0,0.026999999999999247,0.0,0.0,0.0,0.0,0.0,5.329070518200751e-15,0.0,0.0
GLN   7,R GLN   7,0.0,0.0,0.0,0.0,0.0,0.0,-0.06500000000001194,0.0,0.0,0.06500000000000128,0.0,0.0,0.0,0.0,0.0,-1.4210854715202004e-14,0.0,0.0
GLY   8,R GLY   8,0.0,0.0,0.0,0.0,0.0,0.0,-0.024999999999991473,0.0,0.0,0.02400000000000002,0.0,0.0,0.0,0.0,0.0,-0.0009999999999914522,0.0,0.0
GLN   9,R GLN   9,0.0,0.0,0.0,0.0,0.0,0.0,0.03900000000000148,0.0,0.0,-0.03900000000000148,0.0,0.0,0.0,0.0,0.0,0.0,0.0,0.0
MET  10,R MET  10,0.0,0.0,0.0,0.0,0.0,0.0,-0.06699999999999307,0.0,0.0,0.06700000000000017,0.0,0.0,0.0,0.0,0.0,7.105427357601002e-15,0.0,0.0
VAL  11,R VAL  11,0.0,0.0,0.0,0.0,0.0,0.0,0.03999999999999915,0.0,0.0,-0.040000000000000036,0.0,0.0,0.0,0.0,0.0,0.0,0.0,0.0
HID  12,R HID  12,0.0,0.0,0.0,0.0,0.0,0.0,-0.02599999999999625,0.0,0.0,0.0259999999999998,0.0,0.0,0.0,0.0,0.0,3.552713678800501e-15,0.0,0.0
GLN  13,R GLN  13,0.0,0.0,0.0,-0.001000000000000334,0.0,0.0,0.049000000000006594,0.0,0.0,-0.049999999999998934,0.0,0.0,0.0,0.0,0.0,-0.001999999999995339,0.0,0.0
ALA  14,R ALA  14,0.0,0.0,0.0,-0.0009999999999994458,0.0,0.0,0.027000000000001023,0.0,0.0,-0.026000000000000245,0.0,0.0,0.0,0.0,0.0,1.0658141036401503e-14,0.0,0.0
ILE  15,R ILE  15,0.0,0.0,0.0,-0.0009999999999994458,0.0,0.0,-0.036000000000001364,0.0,0.0,0.03799999999999981,0.0,0.0,0.0,0.0,0.0,0.0009999999999941167,0.0,0.0
SER  16,R SER  16,0.0,0.0,0.0,-0.001000000000000334,0.0,0.0,-0.035000000000003695,0.0,0.0,0.032999999999999474,0.0,0.0,0.0,0.0,0.0,-0.0030000000000089955,0.0,0.0
PRO  17,R PRO  17,0.0,0.0,0.0,-0.0019999999999997797,0.0,0.0,-0.03399999999999892,0.0,0.0,0.03399999999999981,0.0,0.0,0.0,0.0,0.0,-0.001999999999995339,0.0,0.0
ARG  18,R ARG  18,0.0,0.0,0.0,-0.0030000000000001137,0.0,0.0,-7.219999999999999,0.0,0.0,7.230000000000004,0.0,0.0,0.0,0.0,0.0,0.007000000000033424,0.0,0.0
THR  19,R THR  19,0.0,0.0,0.0,-0.0030000000000001137,0.0,0.0,-0.0009999999999976694,0.0,0.0,0.007000000000000117,0.0,0.0,0.0,0.0,0.0,0.0030000000000001137,0.0,0.0
LEU  20,R LEU  20,0.0,0.0,0.0,-0.006000000000000227,0.0,0.0,-0.13099999999999312,0.0,0.0,0.1280000000000001,0.0,0.0,0.0,0.0,0.0,-0.008999999999993236,0.0,0.0
ASN  21,R ASN  21,0.0,0.0,0.0,-0.010000000000000675,0.0,0.0,-0.4069999999999965,0.0,0.0,0.4400000000000013,0.0,0.0,0.0,0.0,0.0,0.022999999999996135,0.0,0.0
ALA  22,R ALA  22,0.0,0.0,0.0,-0.006999999999999673,0.0,0.0,0.19300000000001205,0.0,0.0,-0.17399999999999993,0.0,0.0,0.0,0.0,0.0,0.012000000000006672,0.0,0.0
TRP  23,R TRP  23,0.0,0.0,0.0,-0.0259999999999998,0.0,0.0,0.05700000000000216,0.0,0.0,-0.055000000000000604,0.0,0.0,0.0,0.0,0.0,-0.02399999999999558,0.0,0.0
VAL  24,R VAL  24,0.0,0.0,0.0,-0.08800000000000008,0.0,0.0,-0.6430000000000007,0.0,0.0,0.7229999999999999,0.0,0.0,0.0,0.0,0.0,-0.008000000000001783,0.0,0.0
LYS  25,R LYS  25,0.0,0.0,0.0,-0.09199999999999964,0.0,0.0,-9.094999999999999,0.0,0.0,9.238,0.0,0.0,0.0,0.0,0.0,0.05099999999998772,0.0,0.0
VAL  26,R VAL  26,0.0,0.0,0.0,-0.054999999999999716,0.0,0.0,0.5779999999999959,0.0,0.0,-0.536,0.0,0.0,0.0,0.0,0.0,-0.013000000000003453,0.0,0.0
VAL  27,R VAL  27,0.0,0.0,0.0,-0.21999999999999975,0.0,0.0,0.4750000000000014,0.0,0.0,-0.254,0.0,0.0,0.0,0.0,0.0,0.0010000000000029985,0.0,0.0
GLU  28,R GLU  28,0.0,0.0,0.0,-0.17300000000000004,0.0,0.0,-28.508000000000003,0.0,0.0,27.329,0.0,0.0,-0.42984394000000004,0.0,0.0,-1.7818439400000088,0.0,0.0
GLU  29,R GLU  29,0.0,0.0,0.0,-0.532,0.0,0.0,18.391999999999996,0.0,0.0,-17.537000000000006,0.0,0.0,-0.03364194000000009,0.0,0.0,0.28935805999999786,0.0,0.0
LYS  30,R LYS  30,0.0,0.0,0.0,-0.15799999999999947,0.0,0.0,-14.205999999999989,0.0,0.0,14.381999999999998,0.0,0.0,0.0,0.0,0.0,0.018000000000007788,0.0,0.0
ALA  31,R ALA  31,0.0,0.0,0.0,-0.7879999999999998,0.0,0.0,2.201999999999998,0.0,0.0,-1.912,0.0,0.0,-0.11741888,0.0,0.0,-0.6154188800000127,0.0,0.0
PHE  32,R PHE  32,0.0,0.0,0.0,-1.0670000000000002,0.0,0.0,1.6500000000000057,0.0,0.0,-1.1559999999999997,0.0,0.0,-0.20199255999999988,0.0,0.0,-0.7749925600000012,0.0,0.0
SER  33,R SER  33,0.0,0.0,0.0,-0.04300000000000015,0.0,0.0,-0.6869999999999976,0.0,0.0,0.7649999999999997,0.0,0.0,0.0,0.0,0.0,0.03500000000000991,0.0,0.0
PRO  34,R PRO  34,0.0,0.0,0.0,-0.011999999999999567,0.0,0.0,-0.31799999999999784,0.0,0.0,0.31800000000000006,0.0,0.0,0.0,0.0,0.0,-0.011999999999998678,0.0,0.0
GLU  35,R GLU  35,0.0,0.0,0.0,-0.014000000000000234,0.0,0.0,11.296000000000006,0.0,0.0,-11.203999999999994,0.0,0.0,0.0,0.0,0.0,0.07800000000001717,0.0,0.0
VAL  36,R VAL  36,0.0,0.0,0.0,-0.019999999999999574,0.0,0.0,-0.15099999999999625,0.0,0.0,0.162,0.0,0.0,0.0,0.0,0.0,-0.00899999999999146,0.0,0.0
ILE  37,R ILE  37,0.0,0.0,0.0,-0.004999999999999893,0.0,0.0,-0.26899999999999835,0.0,0.0,0.2700000000000001,0.0,0.0,0.0,0.0,0.0,-0.00399999999999423,0.0,0.0
PRO  38,R PRO  38,0.0,0.0,0.0,-0.0039999999999995595,0.0,0.0,-0.2190000000000012,0.0,0.0,0.22099999999999964,0.0,0.0,0.0,0.0,0.0,-0.002000000000005997,0.0,0.0
MET  39,R MET  39,0.0,0.0,0.0,-0.012000000000000455,0.0,0.0,-0.20199999999999818,0.0,0.0,0.21300000000000008,0.0,0.0,0.0,0.0,0.0,-0.0009999999999976694,0.0,0.0
PHE  40,R PHE  40,0.0,0.0,0.0,-0.006000000000000227,0.0,0.0,-0.10600000000000875,0.0,0.0,0.10899999999999999,0.0,0.0,0.0,0.0,0.0,-0.0030000000000089955,0.0,0.0
SER  41,R SER  41,0.0,0.0,0.0,-0.001000000000000334,0.0,0.0,-0.2680000000000007,0.0,0.0,0.27500000000000036,0.0,0.0,0.0,0.0,0.0,0.005999999999994898,0.0,0.0
ALA  42,R ALA  42,0.0,0.0,0.0,-0.001000000000000334,0.0,0.0,-0.15899999999999181,0.0,0.0,0.1609999999999996,0.0,0.0,0.0,0.0,0.0,0.0010000000000029985,0.0,0.0
LEU  43,R LEU  43,0.0,0.0,0.0,-0.0039999999999995595,0.0,0.0,-0.10900000000000887,0.0,0.0,0.10999999999999988,0.0,0.0,0.0,0.0,0.0,-0.003000000000007219,0.0,0.0
SER  44,R SER  44,0.0,0.0,0.0,-0.0009999999999994458,0.0,0.0,-0.08899999999999864,0.0,0.0,0.09099999999999997,0.0,0.0,0.0,0.0,0.0,0.0009999999999976694,0.0,0.0
GLU  45,R GLU  45,0.0,0.0,0.0,-0.001000000000000334,0.0,0.0,6.813999999999993,0.0,0.0,-6.813000000000002,0.0,0.0,0.0,0.0,0.0,-1.4210854715202004e-14,0.0,0.0
GLY  46,R GLY  46,0.0,0.0,0.0,0.0,0.0,0.0,-0.036000000000001364,0.0,0.0,0.03599999999999992,0.0,0.0,0.0,0.0,0.0,-8.881784197001252e-16,0.0,0.0
ALA  47,R ALA  47,0.0,0.0,0.0,-0.001000000000000334,0.0,0.0,-0.0040000000000048885,0.0,0.0,0.004999999999999893,0.0,0.0,0.0,0.0,0.0,4.440892098500626e-15,0.0,0.0
THR  48,R THR  48,0.0,0.0,0.0,-0.0009999999999994458,0.0,0.0,0.014000000000002899,0.0,0.0,-0.014000000000000012,0.0,0.0,0.0,0.0,0.0,-0.0009999999999941167,0.0,0.0
PRO  49,R PRO  49,0.0,0.0,0.0,-0.0010000000000012221,0.0,0.0,0.012000000000000455,0.0,0.0,-0.0129999999999999,0.0,0.0,0.0,0.0,0.0,-0.0020000000000042206,0.0,0.0
GLN  50,R GLN  50,0.0,0.0,0.0,0.0,0.0,0.0,-0.003999999999990678,0.0,0.0,0.0030000000000001137,0.0,0.0,0.0,0.0,0.0,-0.000999999999990564,0.0,0.0
ASP  51,R ASP  51,0.0,0.0,0.0,0.0,0.0,0.0,5.868999999999986,0.0,0.0,-5.876000000000001,0.0,0.0,0.0,0.0,0.0,-0.007000000000012108,0.0,0.0
LEU  52,R LEU  52,0.0,0.0,0.0,-0.0009999999999994458,0.0,0.0,-0.05700000000000216,0.0,0.0,0.055999999999999994,0.0,0.0,0.0,0.0,0.0,-0.002000000000000668,0.0,0.0
ASN  53,R ASN  53,0.0,0.0,0.0,-0.0019999999999997797,0.0,0.0,-0.045000000000001705,0.0,0.0,0.04300000000000015,0.0,0.0,0.0,0.0,0.0,-0.0040000000000048885,0.0,0.0
THR  54,R THR  54,0.0,0.0,0.0,-0.0019999999999997797,0.0,0.0,-0.13800000000000523,0.0,0.0,0.138,0.0,0.0,0.0,0.0,0.0,-0.0020000000000095497,0.0,0.0
MET  55,R MET  55,0.0,0.0,0.0,-0.004999999999999005,0.0,0.0,-0.22099999999998943,0.0,0.0,0.22299999999999998,0.0,0.0,0.0,0.0,0.0,-0.0029999999999850147,0.0,0.0
LEU  56,R LEU  56,0.0,0.0,0.0,-0.004999999999999005,0.0,0.0,-0.277000000000001,0.0,0.0,0.275,0.0,0.0,0.0,0.0,0.0,-0.006999999999994344,0.0,0.0
ASN  57,R ASN  57,0.0,0.0,0.0,-0.0039999999999995595,0.0,0.0,-0.20199999999999818,0.0,0.0,0.22100000000000009,0.0,0.0,0.0,0.0,0.0,0.014999999999986358,0.0,0.0
THR  58,R THR  58,0.0,0.0,0.0,-0.013999999999999346,0.0,0.0,-0.5730000000000004,0.0,0.0,0.6160000000000005,0.0,0.0,0.0,0.0,0.0,0.029000000000003467,0.0,0.0
VAL  59,R VAL  59,0.0,0.0,0.0,-0.028999999999999915,0.0,0.0,-0.2990000000000066,0.0,0.0,0.32899999999999996,0.0,0.0,0.0,0.0,0.0,0.0009999999999976694,0.0,0.0
ALA  60,R ALA  60,0.0,0.0,0.0,-0.009999999999999787,0.0,0.0,-0.057999999999992724,0.0,0.0,0.08000000000000007,0.0,0.0,0.0,0.0,0.0,0.012000000000018218,0.0,0.0
PRO  61,R PRO  61,0.0,0.0,0.0,-0.03799999999999981,0.0,0.0,0.3780000000000001,0.0,0.0,-0.32199999999999984,0.0,0.0,0.0,0.0,0.0,0.018000000000004235,0.0,0.0
HID  62,R HID  62,0.0,0.0,0.0,-0.7299999999999995,0.0,0.0,-0.8780000000000001,0.0,0.0,1.7800000000000011,0.0,0.0,-0.15370035999999998,0.0,0.0,0.018299639999996842,0.0,0.0
GLN  63,R GLN  63,0.0,0.0,0.0,-0.0259999999999998,0.0,0.0,0.2430000000000092,0.0,0.0,-0.17799999999999905,0.0,0.0,0.0,0.0,0.0,0.03900000000000858,0.0,0.0
ALA  64,R ALA  64,0.0,0.0,0.0,-0.028999999999999915,0.0,0.0,0.6269999999999953,0.0,0.0,-0.5920000000000005,0.0,0.0,0.0,0.0,0.0,0.006000000000000227,0.0,0.0
ALA  65,R ALA  65,0.0,0.0,0.0,-0.024999999999999467,0.0,0.0,0.5760000000000076,0.0,0.0,-0.5460000000000003,0.0,0.0,0.0,0.0,0.0,0.005000000000015881,0.0,0.0
ALA  66,R ALA  66,0.0,0.0,0.0,-0.010000000000000675,0.0,0.0,0.2890000000000015,0.0,0.0,-0.2780000000000001,0.0,0.0,0.0,0.0,0.0,0.000999999999995893,0.0,0.0
GLN  67,R GLN  67,0.0,0.0,0.0,-0.008000000000000007,0.0,0.0,0.3329999999999984,0.0,0.0,-0.2909999999999986,0.0,0.0,0.0,0.0,0.0,0.03399999999999892,0.0,0.0
MET  68,R MET  68,0.0,0.0,0.0,-0.009999999999999787,0.0,0.0,0.13900000000001,0.0,0.0,-0.1259999999999999,0.0,0.0,0.0,0.0,0.0,0.0030000000000196536,0.0,0.0
LEU  69,R LEU  69,0.0,0.0,0.0,-0.006000000000000227,0.0,0.0,0.1490000000000009,0.0,0.0,-0.1429999999999998,0.0,0.0,0.0,0.0,0.0,0.0,0.0,0.0
LYS  70,R LYS  70,0.0,0.0,0.0,-0.0039999999999995595,0.0,0.0,-5.728000000000009,0.0,0.0,5.785,0.0,0.0,0.0,0.0,0.0,0.05299999999998661,0.0,0.0
GLU  71,R GLU  71,0.0,0.0,0.0,-0.002000000000000668,0.0,0.0,7.0,0.0,0.0,-7.0,0.0,0.0,0.0,0.0,0.0,-0.0020000000000095497,0.0,0.0
THR  72,R THR  72,0.0,0.0,0.0,-0.002000000000000668,0.0,0.0,0.04200000000000159,0.0,0.0,-0.034999999999999254,0.0,0.0,0.0,0.0,0.0,0.004999999999999005,0.0,0.0
ILE  73,R ILE  73,0.0,0.0,0.0,-0.002000000000000668,0.0,0.0,-0.0020000000000024443,0.0,0.0,0.0030000000000001137,0.0,0.0,0.0,0.0,0.0,-0.0010000000000047748,0.0,0.0
ASN  74,R ASN  74,0.0,0.0,0.0,-0.0009999999999994458,0.0,0.0,-0.12299999999999045,0.0,0.0,0.125,0.0,0.0,0.0,0.0,0.0,0.0010000000000047748,0.0,0.0
GLU  75,R GLU  75,0.0,0.0,0.0,-0.0009999999999994458,0.0,0.0,6.9210000000000065,0.0,0.0,-6.9210000000000065,0.0,0.0,0.0,0.0,0.0,-0.000999999999990564,0.0,0.0
GLU  76,R GLU  76,0.0,0.0,0.0,-0.0009999999999994458,0.0,0.0,6.832999999999998,0.0,0.0,-6.831999999999994,0.0,0.0,0.0,0.0,0.0,1.4210854715202004e-14,0.0,0.0
ALA  77,R ALA  77,0.0,0.0,0.0,0.0,0.0,0.0,-0.05100000000000193,0.0,0.0,0.051999999999999935,0.0,0.0,0.0,0.0,0.0,0.0009999999999981135,0.0,0.0
ALA  78,R ALA  78,0.0,0.0,0.0,0.0,0.0,0.0,-0.06799999999999784,0.0,0.0,0.06799999999999995,0.0,0.0,0.0,0.0,0.0,2.220446049250313e-15,0.0,0.0
GLU  79,R GLU  79,0.0,0.0,0.0,0.0,0.0,0.0,6.209000000000003,0.0,0.0,-6.209000000000003,0.0,0.0,0.0,0.0,0.0,0.0,0.0,0.0
TRP  80,R TRP  80,0.0,0.0,0.0,0.0,0.0,0.0,-0.045000000000001705,0.0,0.0,0.04499999999999993,0.0,0.0,0.0,0.0,0.0,-3.552713678800501e-15,0.0,0.0
ASP  81,R ASP  81,0.0,0.0,0.0,-0.0009999999999994458,0.0,0.0,5.831999999999994,0.0,0.0,-5.832999999999998,0.0,0.0,0.0,0.0,0.0,-0.0020000000000095497,0.0,0.0
ARG  82,R ARG  82,0.0,0.0,0.0,0.0,0.0,0.0,-6.027,0.0,0.0,6.0269999999999975,0.0,0.0,0.0,0.0,0.0,0.0,0.0,0.0
LEU  83,R LEU  83,0.0,0.0,0.0,0.0,0.0,0.0,-0.06100000000000705,0.0,0.0,0.06099999999999994,0.0,0.0,0.0,0.0,0.0,-7.105427357601002e-15,0.0,0.0
HID  84,R HID  84,0.0,0.0,0.0,0.0,0.0,0.0,0.009000000000000341,0.0,0.0,-0.009999999999999787,0.0,0.0,0.0,0.0,0.0,-0.0010000000000012221,0.0,0.0
PRO  85,R PRO  85,0.0,0.0,0.0,0.0,0.0,0.0,0.05499999999999261,0.0,0.0,-0.053999999999999826,0.0,0.0,0.0,0.0,0.0,0.0009999999999923403,0.0,0.0
VAL  86,R VAL  86,0.0,0.0,0.0,0.0,0.0,0.0,-0.003999999999997783,0.0,0.0,0.004000000000000448,0.0,0.0,0.0,0.0,0.0,3.552713678800501e-15,0.0,0.0
HID  87,R HID  87,0.0,0.0,0.0,0.0,0.0,0.0,0.03700000000000614,0.0,0.0,-0.03699999999999992,0.0,0.0,0.0,0.0,0.0,5.329070518200751e-15,0.0,0.0
ALA  88,R ALA  88,0.0,0.0,0.0,0.0,0.0,0.0,-0.028999999999996362,0.0,0.0,0.02799999999999958,0.0,0.0,0.0,0.0,0.0,-0.0009999999999976694,0.0,0.0
GLY  89,R GLY  89,0.0,0.0,0.0,-0.001000000000000112,0.0,0.0,0.018000000000000682,0.0,0.0,-0.018000000000000682,0.0,0.0,0.0,0.0,0.0,-0.0010000000000047748,0.0,0.0
PRO  90,R PRO  90,0.0,0.0,0.0,0.0,0.0,0.0,0.001999999999995339,0.0,0.0,-0.0030000000000001137,0.0,0.0,0.0,0.0,0.0,-0.0010000000000047748,0.0,0.0
ILE  91,R ILE  91,0.0,0.0,0.0,0.0,0.0,0.0,0.02300000000000324,0.0,0.0,-0.023000000000000576,0.0,0.0,0.0,0.0,0.0,3.552713678800501e-15,0.0,0.0
ALA  92,R ALA  92,0.0,0.0,0.0,0.0,0.0,0.0,-0.006000000000000227,0.0,0.0,0.004999999999999005,0.0,0.0,0.0,0.0,0.0,-0.0010000000000047748,0.0,0.0
PRO  93,R PRO  93,0.0,0.0,0.0,0.0,0.0,0.0,-0.04999999999999716,0.0,0.0,0.04999999999999982,0.0,0.0,0.0,0.0,0.0,3.552713678800501e-15,0.0,0.0
GLY  94,R GLY  94,0.0,0.0,0.0,0.0,0.0,0.0,0.006000000000000227,0.0,0.0,-0.006000000000000227,0.0,0.0,0.0,0.0,0.0,0.0,0.0,0.0
GLN  95,R GLN  95,0.0,0.0,0.0,0.0,0.0,0.0,-0.009000000000000341,0.0,0.0,0.010000000000001563,0.0,0.0,0.0,0.0,0.0,0.0010000000000047748,0.0,0.0
MET  96,R MET  96,0.0,0.0,0.0,0.0,0.0,0.0,-0.006000000000000227,0.0,0.0,0.006000000000000227,0.0,0.0,0.0,0.0,0.0,0.0,0.0,0.0
ARG  97,R ARG  97,0.0,0.0,0.0,0.0,0.0,0.0,-5.304000000000002,0.0,0.0,5.303999999999995,0.0,0.0,0.0,0.0,0.0,2.842170943040401e-14,0.0,0.0
GLU  98,R GLU  98,0.0,0.0,0.0,0.0,0.0,0.0,5.017999999999994,0.0,0.0,-5.018000000000001,0.0,0.0,0.0,0.0,0.0,-7.105427357601002e-15,0.0,0.0
PRO  99,R PRO  99,0.0,0.0,0.0,0.0,0.0,0.0,-0.011000000000002785,0.0,0.0,0.010999999999999677,0.0,0.0,0.0,0.0,0.0,-3.552713678800501e-15,0.0,0.0
ARG 100,R ARG 100,0.0,0.0,0.0,0.0,0.0,0.0,-5.549999999999999,0.0,0.0,5.550000000000001,0.0,0.0,0.0,0.0,0.0,0.0,0.0,0.0
GLY 101,R GLY 101,0.0,0.0,0.0,-0.0009999999999998899,0.0,0.0,-0.009000000000000341,0.0,0.0,0.010000000000000009,0.0,0.0,0.0,0.0,0.0,-5.329070518200751e-15,0.0,0.0
SER 102,R SER 102,0.0,0.0,0.0,0.0,0.0,0.0,0.0,0.0,0.0,-0.001000000000000112,0.0,0.0,0.0,0.0,0.0,-0.001000000000000334,0.0,0.0
ASP 103,R ASP 103,0.0,0.0,0.0,0.0,0.0,0.0,5.5719999999999885,0.0,0.0,-5.573,0.0,0.0,0.0,0.0,0.0,-0.0010000000000118803,0.0,0.0
ILE 104,R ILE 104,0.0,0.0,0.0,0.0,0.0,0.0,-0.02499999999999858,0.0,0.0,0.025999999999999995,0.0,0.0,0.0,0.0,0.0,0.0010000000000012221,0.0,0.0
ALA 105,R ALA 105,0.0,0.0,0.0,0.0,0.0,0.0,-0.012000000000000455,0.0,0.0,0.011999999999999955,0.0,0.0,0.0,0.0,0.0,-4.440892098500626e-16,0.0,0.0
GLY 106,R GLY 106,0.0,0.0,0.0,0.0,0.0,0.0,0.0010000000000047748,0.0,0.0,-0.0009999999999998899,0.0,0.0,0.0,0.0,0.0,4.884981308350689e-15,0.0,0.0
THR 107,R THR 107,0.0,0.0,0.0,0.0,0.0,0.0,-0.036999999999999034,0.0,0.0,0.03699999999999992,0.0,0.0,0.0,0.0,0.0,1.7763568394002505e-15,0.0,0.0
THR 108,R THR 108,0.0,0.0,0.0,0.0,0.0,0.0,0.0,0.0,0.0,-0.001000000000000334,0.0,0.0,0.0,0.0,0.0,-0.0009999999999976694,0.0,0.0
SER 109,R SER 109,0.0,0.0,0.0,0.0,0.0,0.0,0.03999999999999204,0.0,0.0,-0.040000000000000036,0.0,0.0,0.0,0.0,0.0,-7.105427357601002e-15,0.0,0.0
THR 110,R THR 110,0.0,0.0,0.0,0.0,0.0,0.0,-0.015999999999998238,0.0,0.0,0.016000000000000014,0.0,0.0,0.0,0.0,0.0,3.552713678800501e-15,0.0,0.0
LEU 111,R LEU 111,0.0,0.0,0.0,0.0,0.0,0.0,-0.012000000000000455,0.0,0.0,0.01200000000000001,0.0,0.0,0.0,0.0,0.0,0.0,0.0,0.0
GLN 112,R GLN 112,0.0,0.0,0.0,0.0,0.0,0.0,-0.021000000000000796,0.0,0.0,0.021000000000000796,0.0,0.0,0.0,0.0,0.0,0.0,0.0,0.0
GLU 113,R GLU 113,0.0,0.0,0.0,0.0,0.0,0.0,5.274000000000001,0.0,0.0,-5.274000000000001,0.0,0.0,0.0,0.0,0.0,0.0,0.0,0.0
GLN 114,R GLN 114,0.0,0.0,0.0,0.0,0.0,0.0,-0.016000000000005343,0.0,0.0,0.016000000000000014,0.0,0.0,0.0,0.0,0.0,-7.105427357601002e-15,0.0,0.0
ILE 115,R ILE 115,0.0,0.0,0.0,-0.001000000000000334,0.0,0.0,-0.006000000000000227,0.0,0.0,0.006000000000000227,0.0,0.0,0.0,0.0,0.0,-0.0010000000000047748,0.0,0.0
GLY 116,R GLY 116,0.0,0.0,0.0,0.0,0.0,0.0,-0.016000000000005343,0.0,0.0,0.016000000000000014,0.0,0.0,0.0,0.0,0.0,-5.329070518200751e-15,0.0,0.0
TRP 117,R TRP 117,0.0,0.0,0.0,0.0,0.0,0.0,0.005000000000009663,0.0,0.0,-0.0040000000000000036,0.0,0.0,0.0,0.0,0.0,0.0010000000000083276,0.0,0.0
MET 118,R MET 118,0.0,0.0,0.0,0.0,0.0,0.0,-0.000999999999990564,0.0,0.0,0.002000000000000224,0.0,0.0,0.0,0.0,0.0,0.0010000000000096598,0.0,0.0
THR 119,R THR 119,0.0,0.0,0.0,0.0,0.0,0.0,-0.046999999999997044,0.0,0.0,0.04699999999999971,0.0,0.0,0.0,0.0,0.0,3.552713678800501e-15,0.0,0.0
HID 120,R HID 120,0.0,0.0,0.0,0.0,0.0,0.0,-0.008000000000002672,0.0,0.0,0.007999999999999119,0.0,0.0,0.0,0.0,0.0,-3.552713678800501e-15,0.0,0.0
ASN 121,R ASN 121,0.0,0.0,0.0,-0.001000000000000334,0.0,0.0,0.009999999999990905,0.0,0.0,-0.009999999999999787,0.0,0.0,0.0,0.0,0.0,-0.0010000000000047748,0.0,0.0
PRO 122,R PRO 122,0.0,0.0,0.0,0.0,0.0,0.0,-0.01899999999999835,0.0,0.0,0.019000000000000128,0.0,0.0,0.0,0.0,0.0,0.0,0.0,0.0
PRO 123,R PRO 123,0.0,0.0,0.0,0.0,0.0,0.0,0.006000000000000227,0.0,0.0,-0.006000000000000227,0.0,0.0,0.0,0.0,0.0,0.0,0.0,0.0
ILE 124,R ILE 124,0.0,0.0,0.0,0.0,0.0,0.0,0.016000000000005343,0.0,0.0,-0.016000000000000014,0.0,0.0,0.0,0.0,0.0,7.105427357601002e-15,0.0,0.0
PRO 125,R PRO 125,0.0,0.0,0.0,0.0,0.0,0.0,0.04200000000000159,0.0,0.0,-0.04100000000000015,0.0,0.0,0.0,0.0,0.0,0.0010000000000012221,0.0,0.0
VAL 126,R VAL 126,0.0,0.0,0.0,0.0,0.0,0.0,0.04600000000000648,0.0,0.0,-0.04499999999999993,0.0,0.0,0.0,0.0,0.0,0.0010000000000065512,0.0,0.0
GLY 127,R GLY 127,0.0,0.0,0.0,0.0,0.0,0.0,0.045000000000001705,0.0,0.0,-0.044999999999999984,0.0,0.0,0.0,0.0,0.0,1.7763568394002505e-15,0.0,0.0
GLU 128,R GLU 128,0.0,0.0,0.0,-0.0010000000000012221,0.0,0.0,6.3700000000000045,0.0,0.0,-6.371000000000002,0.0,0.0,0.0,0.0,0.0,-0.0020000000000024443,0.0,0.0
ILE 129,R ILE 129,0.0,0.0,0.0,-0.0009999999999994458,0.0,0.0,0.07900000000000063,0.0,0.0,-0.07899999999999996,0.0,0.0,0.0,0.0,0.0,-0.0010000000000047748,0.0,0.0
TYR 130,R TYR 130,0.0,0.0,0.0,-0.0010000000000012221,0.0,0.0,0.07099999999999795,0.0,0.0,-0.06999999999999984,0.0,0.0,0.0,0.0,0.0,-7.105427357601002e-15,0.0,0.0
LYS 131,R LYS 131,0.0,0.0,0.0,-0.0009999999999994458,0.0,0.0,-6.527999999999992,0.0,0.0,6.530000000000001,0.0,0.0,0.0,0.0,0.0,0.0010000000000047748,0.0,0.0
ARG 132,R ARG 132,0.0,0.0,0.0,-0.0009999999999994458,0.0,0.0,-6.231000000000002,0.0,0.0,6.230999999999999,0.0,0.0,0.0,0.0,0.0,-0.0010000000000047748,0.0,0.0
TRP 133,R TRP 133,0.0,0.0,0.0,-0.0010000000000012221,0.0,0.0,0.07900000000000773,0.0,0.0,-0.07899999999999974,0.0,0.0,0.0,0.0,0.0,-0.0009999999999976694,0.0,0.0
ILE 134,R ILE 134,0.0,0.0,0.0,-0.0030000000000001137,0.0,0.0,0.07500000000000284,0.0,0.0,-0.07300000000000006,0.0,0.0,0.0,0.0,0.0,-0.0009999999999976694,0.0,0.0
ILE 135,R ILE 135,0.0,0.0,0.0,-0.002000000000000668,0.0,0.0,0.117999999999995,0.0,0.0,-0.11999999999999997,0.0,0.0,0.0,0.0,0.0,-0.004000000000000448,0.0,0.0
LEU 136,R LEU 136,0.0,0.0,0.0,-0.002000000000000668,0.0,0.0,0.1559999999999917,0.0,0.0,-0.15500000000000003,0.0,0.0,0.0,0.0,0.0,-0.0010000000000047748,0.0,0.0
GLY 137,R GLY 137,0.0,0.0,0.0,-0.002000000000000668,0.0,0.0,0.17799999999999727,0.0,0.0,-0.173,0.0,0.0,0.0,0.0,0.0,0.00300000000000189,0.0,0.0
LEU 138,R LEU 138,0.0,0.0,0.0,-0.009999999999999787,0.0,0.0,0.22400000000000375,0.0,0.0,-0.20900000000000007,0.0,0.0,0.0,0.0,0.0,0.005000000000006111,0.0,0.0
ASN 139,R ASN 139,0.0,0.0,0.0,-0.004999999999999893,0.0,0.0,0.47700000000000387,0.0,0.0,-0.45999999999999996,0.0,0.0,0.0,0.0,0.0,0.012000000000014666,0.0,0.0
LYS 140,R LYS 140,0.0,0.0,0.0,-0.006000000000000227,0.0,0.0,-7.754000000000019,0.0,0.0,7.770999999999999,0.0,0.0,0.0,0.0,0.0,0.010999999999981469,0.0,0.0
ILE 141,R ILE 141,0.0,0.0,0.0,-0.02099999999999902,0.0,0.0,0.2609999999999957,0.0,0.0,-0.23199999999999998,0.0,0.0,0.0,0.0,0.0,0.007999999999994678,0.0,0.0
VAL 142,R VAL 142,0.0,0.0,0.0,-0.022999999999999687,0.0,0.0,0.27600000000000335,0.0,0.0,-0.22999999999999954,0.0,0.0,0.0,0.0,0.0,0.023000000000000576,0.0,0.0
ARG 143,R ARG 143,0.0,0.0,0.0,-0.009999999999999787,0.0,0.0,-9.137,0.0,0.0,9.163999999999998,0.0,0.0,0.0,0.0,0.0,0.016999999999995907,0.0,0.0
MET 144,R MET 144,0.0,0.0,0.0,-0.01499999999999968,0.0,0.0,0.43300000000000693,0.0,0.0,-0.3780000000000001,0.0,0.0,0.0,0.0,0.0,0.04000000000000625,0.0,0.0
TYR 145,R TYR 145,0.0,0.0,0.0,-0.08399999999999963,0.0,0.0,0.4240000000000066,0.0,0.0,-0.21300000000000097,0.0,0.0,0.0,0.0,0.0,0.12700000000000244,0.0,0.0
SER 146,R SER 146,0.0,0.0,0.0,-0.10600000000000032,0.0,0.0,-0.4229999999999947,0.0,0.0,0.7730000000000015,0.0,0.0,0.0,0.0,0.0,0.2440000000000122,0.0,0.0
PRO 147,R PRO 147,0.0,0.0,0.0,-0.24399999999999977,0.0,0.0,-0.2680000000000007,0.0,0.0,0.5499999999999998,0.0,0.0,0.0,0.0,0.0,0.038000000000000256,0.0,0.0
THR 148,R THR 148,0.0,0.0,0.0,-2.16,0.0,0.0,0.13100000000000023,0.0,0.0,2.2990000000000004,0.0,0.0,-0.4414373199999999,0.0,0.0,-0.171437319999999,0.0,0.0
SER 149,R SER 149,0.0,0.0,0.0,-4.023,0.0,0.0,-4.135999999999996,0.0,0.0,7.514,0.0,0.0,-0.32740052000000003,0.0,0.0,-0.9724005199999914,0.0,0.0
ILE 150,R ILE 150,20.489999999999995,0.0,0.0,-10.571000000000002,0.0,0.0,-27.137000000000004,0.0,0.0,6.346,0.0,0.0,-1.23803098,0.0,0.0,-12.110030980000015,0.0,0.0
LEU 151,L LEU   1,20.24900000000001,0.0,0.0,-2.37,0.0,0.0,-25.366000000000007,0.0,0.0,0.5639999999999996,0.0,0.0,-0.2264367599999999,0.0,0.0,-7.149436759999995,0.0,0.0
ASP 152,L ASP   2,0.0,0.0,0.0,-2.0919999999999996,0.0,0.0,14.826999999999998,0.0,0.0,-13.52900000000001,0.0,0.0,-0.19825276000000014,0.0,0.0,-0.9922527600000137,0.0,0.0
ILE 153,L ILE   3,0.0,0.0,0.0,-2.6319999999999997,0.0,0.0,-1.1129999999999995,0.0,0.0,0.9240000000000004,0.0,0.0,-0.10312091999999999,0.0,0.0,-2.924120919999986,0.0,0.0
ARG 154,L ARG   4,0.0,0.0,0.0,-0.11400000000000077,0.0,0.0,-10.928000000000004,0.0,0.0,11.113,0.0,0.0,0.0,0.0,0.0,0.07099999999999795,0.0,0.0
GLN 155,L GLN   5,0.0,0.0,0.0,-0.02099999999999902,0.0,0.0,0.07800000000000296,0.0,0.0,-0.048000000000000015,0.0,0.0,0.0,0.0,0.0,0.009000000000000341,0.0,0.0
GLY 156,L GLY   6,0.0,0.0,0.0,-0.006000000000000227,0.0,0.0,-0.054000000000002046,0.0,0.0,0.06200000000000028,0.0,0.0,0.0,0.0,0.0,0.0019999999999980034,0.0,0.0
PRO 157,L PRO   7,0.0,0.0,0.0,-0.004000000000000448,0.0,0.0,-0.0969999999999942,0.0,0.0,0.09699999999999953,0.0,0.0,0.0,0.0,0.0,-0.004000000000001336,0.0,0.0
LYS 158,L LYS   8,0.0,0.0,0.0,-0.0030000000000001137,0.0,0.0,-7.909999999999997,0.0,0.0,7.913,0.0,0.0,0.0,0.0,0.0,3.552713678800501e-15,0.0,0.0
GLU 159,L GLU   9,0.0,0.0,0.0,-0.011999999999999567,0.0,0.0,11.248999999999995,0.0,0.0,-11.174999999999997,0.0,0.0,0.0,0.0,0.0,0.06199999999999761,0.0,0.0
PRO 160,L PRO  10,0.0,0.0,0.0,-0.004999999999999005,0.0,0.0,0.2749999999999986,0.0,0.0,-0.2689999999999999,0.0,0.0,0.0,0.0,0.0,0.0010000000000047748,0.0,0.0
PHE 161,L PHE  11,0.0,0.0,0.0,-0.009999999999999787,0.0,0.0,0.2890000000000015,0.0,0.0,-0.274,0.0,0.0,0.0,0.0,0.0,0.0049999999999954525,0.0,0.0
ARG 162,L ARG  12,0.0,0.0,0.0,-0.009000000000000341,0.0,0.0,-7.622,0.0,0.0,7.633000000000003,0.0,0.0,0.0,0.0,0.0,0.0020000000000095497,0.0,0.0
ASP 163,L ASP  13,0.0,0.0,0.0,-0.014000000000000234,0.0,0.0,9.908000000000001,0.0,0.0,-9.805000000000007,0.0,0.0,0.0,0.0,0.0,0.08899999999999864,0.0,0.0
TYR 164,L TYR  14,0.0,0.0,0.0,-0.08099999999999952,0.0,0.0,0.6940000000000026,0.0,0.0,-0.65,0.0,0.0,0.0,0.0,0.0,-0.036999999999999034,0.0,0.0
VAL 165,L VAL  15,0.0,0.0,0.0,-0.034000000000000696,0.0,0.0,0.3710000000000022,0.0,0.0,-0.35299999999999976,0.0,0.0,0.0,0.0,0.0,-0.01599999999999646,0.0,0.0
ASP 166,L ASP  16,0.0,0.0,0.0,-0.04300000000000015,0.0,0.0,10.678000000000004,0.0,0.0,-10.468999999999994,0.0,0.0,0.0,0.0,0.0,0.16600000000001813,0.0,0.0
ARG 167,L ARG  17,0.0,0.0,0.0,-0.21999999999999886,0.0,0.0,-13.06,0.0,0.0,13.309000000000001,0.0,0.0,0.0,0.0,0.0,0.029000000000024784,0.0,0.0
PHE 168,L PHE  18,0.0,0.0,0.0,-1.1129999999999995,0.0,0.0,0.5049999999999955,0.0,0.0,-0.09299999999999997,0.0,0.0,-0.035609400000000006,0.0,0.0,-0.7366094000000039,0.0,0.0
TYR 169,L TYR  19,0.0,0.0,0.0,-0.2530000000000001,0.0,0.0,0.8539999999999992,0.0,0.0,-0.7,0.0,0.0,0.0,0.0,0.0,-0.09899999999999931,0.0,0.0
LYS 170,L LYS  20,0.0,0.0,0.0,-0.3260000000000005,0.0,0.0,-10.852999999999994,0.0,0.0,11.588,0.0,0.0,0.0,0.0,0.0,0.40900000000001135,0.0,0.0
THR 171,L THR  21,0.0,0.0,0.0,-2.2719999999999994,0.0,0.0,1.3629999999999995,0.0,0.0,-0.37700000000000067,0.0,0.0,-0.20936918000000002,0.0,0.0,-1.4953691800000044,0.0,0.0
LEU 172,L LEU  22,0.0,0.0,0.0,-1.5409999999999986,0.0,0.0,0.9420000000000073,0.0,0.0,-1.0220000000000002,0.0,0.0,-0.047332860000000004,0.0,0.0,-1.6683328599999898,0.0,0.0
ARG 173,L ARG  23,0.0,0.0,0.0,-1.3549999999999995,0.0,0.0,-46.916,0.0,0.0,42.175000000000004,0.0,0.0,-0.33532456,0.0,0.0,-6.431324560000007,0.0,0.0
ALA 174,L ALA  24,0.0,0.0,0.0,-1.3570000000000002,0.0,0.0,1.7909999999999968,0.0,0.0,-0.9910000000000005,0.0,0.0,-0.3208640000000001,0.0,0.0,-0.8778640000000031,0.0,0.0
GLU 175,L GLU  25,0.0,0.0,0.0,-2.2809999999999997,0.0,0.0,15.531999999999996,0.0,0.0,-13.022999999999996,0.0,0.0,-0.22166174,0.0,0.0,0.006338260000013918,0.0,0.0
GLN 176,L GLN  26,0.0,0.0,0.0,-1.093,0.0,0.0,-10.36,0.0,0.0,8.048,0.0,0.0,-0.3767171,0.0,0.0,-3.7817171000000087,0.0,0.0
ALA 177,L ALA  27,0.0,0.0,0.0,-0.11499999999999932,0.0,0.0,0.6640000000000015,0.0,0.0,-0.5420000000000003,0.0,0.0,0.0,0.0,0.0,0.00700000000000589,0.0,0.0
SER 178,L SER  28,0.0,0.0,0.0,-0.03500000000000014,0.0,0.0,0.2909999999999968,0.0,0.0,-0.20900000000000007,0.0,0.0,0.0,0.0,0.0,0.046999999999986386,0.0,0.0
GLN 179,L GLN  29,0.0,0.0,0.0,-0.020999999999999908,0.0,0.0,0.6659999999999968,0.0,0.0,-0.6020000000000003,0.0,0.0,0.0,0.0,0.0,0.042999999999992156,0.0,0.0
GLU 180,L GLU  30,0.0,0.0,0.0,-0.01399999999999979,0.0,0.0,8.488,0.0,0.0,-8.381,0.0,0.0,0.0,0.0,0.0,0.09300000000000352,0.0,0.0
VAL 181,L VAL  31,0.0,0.0,0.0,-0.06599999999999984,0.0,0.0,-0.3359999999999985,0.0,0.0,0.387,0.0,0.0,0.0,0.0,0.0,-0.014999999999994351,0.0,0.0
LYS 182,L LYS  32,0.0,0.0,0.0,-0.06400000000000006,0.0,0.0,-12.256,0.0,0.0,12.385000000000002,0.0,0.0,0.0,0.0,0.0,0.06499999999999417,0.0,0.0
ASN 183,L ASN  33,0.0,0.0,0.0,-0.0129999999999999,0.0,0.0,0.19999999999998863,0.0,0.0,-0.16900000000000048,0.0,0.0,0.0,0.0,0.0,0.01799999999998647,0.0,0.0
TRP 184,L TRP  34,0.0,0.0,0.0,-0.0669999999999984,0.0,0.0,0.03300000000000125,0.0,0.0,0.030999999999999694,0.0,0.0,0.0,0.0,0.0,-0.0029999999999930083,0.0,0.0
MET 185,L MET  35,0.0,0.0,0.0,-0.8160000000000007,0.0,0.0,-0.012000000000000455,0.0,0.0,0.17699999999999982,0.0,0.0,-0.0443085,0.0,0.0,-0.6953085000000039,0.0,0.0
THR 186,L THR  36,0.0,0.0,0.0,-0.028999999999999915,0.0,0.0,0.13799999999999812,0.0,0.0,-0.10099999999999998,0.0,0.0,0.0,0.0,0.0,0.007999999999995566,0.0,0.0
GLU 187,L GLU  37,0.0,0.0,0.0,-0.009000000000000341,0.0,0.0,7.237000000000002,0.0,0.0,-7.201000000000008,0.0,0.0,0.0,0.0,0.0,0.026999999999993918,0.0,0.0
THR 188,L THR  38,0.0,0.0,0.0,-0.01699999999999946,0.0,0.0,0.07600000000000051,0.0,0.0,-0.052999999999999936,0.0,0.0,0.0,0.0,0.0,0.0060000000000055564,0.0,0.0
LEU 189,L LEU  39,0.0,0.0,0.0,-0.809000000000001,0.0,0.0,-0.025000000000005684,0.0,0.0,0.015000000000000013,0.0,0.0,-0.024953679999999992,0.0,0.0,-0.843953680000002,0.0,0.0
LEU 190,L LEU  40,0.0,0.0,0.0,-0.08200000000000074,0.0,0.0,0.13599999999999568,0.0,0.0,-0.13700000000000007,0.0,0.0,0.0,0.0,0.0,-0.08300000000001262,0.0,0.0
VAL 191,L VAL  41,0.0,0.0,0.0,-0.011999999999999567,0.0,0.0,0.09799999999999898,0.0,0.0,-0.08000000000000007,0.0,0.0,0.0,0.0,0.0,0.0060000000000055564,0.0,0.0
GLN 192,L GLN  42,0.0,0.0,0.0,-0.020000000000000462,0.0,0.0,-0.3329999999999984,0.0,0.0,0.37100000000000044,0.0,0.0,0.0,0.0,0.0,0.018000000000000682,0.0,0.0
ASN 193,L ASN  43,0.0,0.0,0.0,-0.12400000000000055,0.0,0.0,-1.0440000000000111,0.0,0.0,1.061,0.0,0.0,-0.002878019999999995,0.0,0.0,-0.10987802000001068,0.0,0.0
ALA 194,L ALA  44,0.0,0.0,0.0,-0.009000000000000341,0.0,0.0,0.15099999999999625,0.0,0.0,-0.1369999999999999,0.0,0.0,0.0,0.0,0.0,0.004999999999995897,0.0,0.0
ASN 195,L ASN  45,0.0,0.0,0.0,-0.0039999999999995595,0.0,0.0,-0.27899999999999636,0.0,0.0,0.2889999999999997,0.0,0.0,0.0,0.0,0.0,0.006000000000007333,0.0,0.0
PRO 196,L PRO  46,0.0,0.0,0.0,-0.002000000000000668,0.0,0.0,-0.06900000000000261,0.0,0.0,0.06700000000000017,0.0,0.0,0.0,0.0,0.0,-0.003999999999997783,0.0,0.0
ASP 197,L ASP  47,0.0,0.0,0.0,-0.0009999999999994458,0.0,0.0,7.329000000000008,0.0,0.0,-7.319999999999993,0.0,0.0,0.0,0.0,0.0,0.008000000000009777,0.0,0.0
CYX 198,L CYX  48,0.0,0.0,0.0,-0.002000000000000668,0.0,0.0,-0.1670000000000016,0.0,0.0,0.1719999999999997,0.0,0.0,0.0,0.0,0.0,0.002999999999987679,0.0,0.0
LYS 199,L LYS  49,0.0,0.0,0.0,-0.0039999999999995595,0.0,0.0,-8.667000000000016,0.0,0.0,8.684,0.0,0.0,0.0,0.0,0.0,0.012999999999976808,0.0,0.0
THR 200,L THR  50,0.0,0.0,0.0,0.0,0.0,0.0,-0.09100000000000819,0.0,0.0,0.09299999999999997,0.0,0.0,0.0,0.0,0.0,0.001999999999991786,0.0,0.0
ILE 201,L ILE  51,0.0,0.0,0.0,-0.0009999999999994458,0.0,0.0,-0.14300000000000068,0.0,0.0,0.14400000000000013,0.0,0.0,0.0,0.0,0.0,-5.329070518200751e-15,0.0,0.0
LEU 202,L LEU  52,0.0,0.0,0.0,-0.002000000000000668,0.0,0.0,-0.12099999999999511,0.0,0.0,0.12099999999999955,0.0,0.0,0.0,0.0,0.0,-0.0019999999999900098,0.0,0.0
LYS 203,L LYS  53,0.0,0.0,0.0,-0.001000000000000334,0.0,0.0,-6.4539999999999935,0.0,0.0,6.452999999999999,0.0,0.0,0.0,0.0,0.0,-0.0019999999999846807,0.0,0.0
ALA 204,L ALA  54,0.0,0.0,0.0,0.0,0.0,0.0,-0.10799999999998988,0.0,0.0,0.10799999999999965,0.0,0.0,0.0,0.0,0.0,9.769962616701378e-15,0.0,0.0
LEU 205,L LEU  55,0.0,0.0,0.0,-0.001000000000000334,0.0,0.0,-0.10900000000000887,0.0,0.0,0.10899999999999999,0.0,0.0,0.0,0.0,0.0,-0.001000000000015433,0.0,0.0
GLY 206,L GLY  56,0.0,0.0,0.0,0.0,0.0,0.0,0.0759999999999934,0.0,0.0,-0.07499999999999929,0.0,0.0,0.0,0.0,0.0,0.0009999999999941167,0.0,0.0
PRO 207,L PRO  57,0.0,0.0,0.0,0.0,0.0,0.0,-0.054999999999999716,0.0,0.0,0.054999999999999716,0.0,0.0,0.0,0.0,0.0,0.0,0.0,0.0
GLY 208,L GLY  58,0.0,0.0,0.0,0.0,0.0,0.0,-0.0519999999999996,0.0,0.0,0.0519999999999996,0.0,0.0,0.0,0.0,0.0,0.0,0.0,0.0
ALA 209,L ALA  59,0.0,0.0,0.0,-0.001000000000000334,0.0,0.0,0.08200000000000784,0.0,0.0,-0.08099999999999996,0.0,0.0,0.0,0.0,0.0,1.7319479184152442e-14,0.0,0.0
THR 210,L THR  60,0.0,0.0,0.0,-0.0019999999999997797,0.0,0.0,0.03499999999999659,0.0,0.0,-0.03200000000000003,0.0,0.0,0.0,0.0,0.0,0.0009999999999941167,0.0,0.0
LEU 211,L LEU  61,0.0,0.0,0.0,-0.007000000000000561,0.0,0.0,0.01999999999999602,0.0,0.0,-0.015000000000000124,0.0,0.0,0.0,0.0,0.0,-0.0020000000000024443,0.0,0.0
GLU 212,L GLU  62,0.0,0.0,0.0,-0.0030000000000001137,0.0,0.0,7.337000000000003,0.0,0.0,-7.326000000000008,0.0,0.0,0.0,0.0,0.0,0.007999999999995566,0.0,0.0
GLU 213,L GLU  63,0.0,0.0,0.0,-0.001000000000000334,0.0,0.0,6.225999999999999,0.0,0.0,-6.222000000000008,0.0,0.0,0.0,0.0,0.0,0.002999999999985903,0.0,0.0
MET 214,L MET  64,0.0,0.0,0.0,-0.002000000000000668,0.0,0.0,-0.06499999999999773,0.0,0.0,0.06700000000000017,0.0,0.0,0.0,0.0,0.0,7.105427357601002e-15,0.0,0.0
MET 215,L MET  65,0.0,0.0,0.0,-0.004999999999999005,0.0,0.0,0.11400000000000432,0.0,0.0,-0.10999999999999988,0.0,0.0,0.0,0.0,0.0,-0.0009999999999914522,0.0,0.0
THR 216,L THR  66,0.0,0.0,0.0,-0.0019999999999997797,0.0,0.0,0.03999999999999915,0.0,0.0,-0.0389999999999997,0.0,0.0,0.0,0.0,0.0,-0.0009999999999941167,0.0,0.0
ALA 217,L ALA  67,0.0,0.0,0.0,-0.001000000000000334,0.0,0.0,-0.03700000000000614,0.0,0.0,0.03699999999999992,0.0,0.0,0.0,0.0,0.0,-0.001000000000010992,0.0,0.0
CYX 218,L CYX  68,0.0,0.0,0.0,-0.002000000000000668,0.0,0.0,0.02400000000000091,0.0,0.0,-0.021999999999999797,0.0,0.0,0.0,0.0,0.0,5.329070518200751e-15,0.0,0.0
GLN 219,L GLN  69,0.0,0.0,0.0,-0.0019999999999997797,0.0,0.0,0.2220000000000084,0.0,0.0,-0.21499999999999986,0.0,0.0,0.0,0.0,0.0,0.005000000000009663,0.0,0.0
GLY 220,L GLY  70,0.0,0.0,0.0,-0.001000000000000334,0.0,0.0,0.005000000000009663,0.0,0.0,-0.0030000000000001137,0.0,0.0,0.0,0.0,0.0,0.0010000000000189857,0.0,0.0
VAL 221,L VAL  71,0.0,0.0,0.0,-0.0009999999999998899,0.0,0.0,7.666000000000004,0.0,0.0,-7.659999999999997,0.0,0.0,0.0,0.0,0.0,0.005000000000009663,0.0,0.0

idecomp = 1: Per-residue decomp adding 1-4 interactions to Internal.
Energy Decomposition Analysis (All units kcal/mol): Poisson Boltzmann solvent
Complex:
Total Energy Decomposition:
Residue,Internal,,,van der Waals,,,Electrostatic,,,Polar Solvation,,,Non-Polar Solv.,,,TOTAL,,
,Avg.,Std. Dev.,Std. Err. of Mean,Avg.,Std. Dev.,Std. Err. of Mean,Avg.,Std. Dev.,Std. Err. of Mean,Avg.,Std. Dev.,Std. Err. of Mean,Avg.,Std. Dev.,Std. Err. of Mean,Avg.,Std. Dev.,Std. Err. of Mean
PRO   1,105.355,0.0,0.0,-7.735,0.0,0.0,-108.881,0.0,0.0,15.236,0.0,0.0,0.0,0.0,0.0,3.975000000000005,0.0,0.0
ILE   2,99.891,0.0,0.0,-9.606,0.0,0.0,-69.427,0.0,0.0,-2.154,0.0,0.0,0.0,0.0,0.0,18.704000000000004,0.0,0.0
VAL   3,58.093,0.0,0.0,-6.839,0.0,0.0,-59.937,0.0,0.0,-2.226,0.0,0.0,0.0,0.0,0.0,-10.908999999999992,0.0,0.0
GLN   4,27.171,0.0,0.0,-5.864,0.0,0.0,-60.641,0.0,0.0,-10.755,0.0,0.0,0.0,0.0,0.0,-50.089000000000006,0.0,0.0
ASN   5,35.658,0.0,0.0,-4.259,0.0,0.0,-86.403,0.0,0.0,-10.051,0.0,0.0,0.0,0.0,0.0,-65.055,0.0,0.0
LEU   6,65.277,0.0,0.0,-2.004,0.0,0.0,-63.355,0.0,0.0,-7.74,0.0,0.0,0.0,0.0,0.0,-7.821999999999994,0.0,0.0
GLN   7,35.778,0.0,0.0,-4.718,0.0,0.0,-68.888,0.0,0.0,-15.824,0.0,0.0,0.0,0.0,0.0,-53.652,0.0,0.0
GLY   8,79.115,0.0,0.0,-1.254,0.0,0.0,-73.758,0.0,0.0,-5.45,0.0,0.0,0.0,0.0,0.0,-1.3470000000000057,0.0,0.0
GLN   9,36.321,0.0,0.0,-6.865,0.0,0.0,-80.556,0.0,0.0,-6.889,0.0,0.0,0.0,0.0,0.0,-57.989000000000004,0.0,0.0
MET  10,100.079,0.0,0.0,-6.851,0.0,0.0,-78.026,0.0,0.0,-6.552,0.0,0.0,0.0,0.0,0.0,8.649999999999999,0.0,0.0
VAL  11,54.884,0.0,0.0,-5.941,0.0,0.0,-51.617,0.0,0.0,-1.837,0.0,0.0,0.0,0.0,0.0,-4.510999999999999,0.0,0.0
HID  12,87.743,0.0,0.0,-9.476,0.0,0.0,-59.165,0.0,0.0,-5.069,0.0,0.0,0.0,0.0,0.0,14.032999999999998,0.0,0.0
GLN  13,33.235,0.0,0.0,-6.573,0.0,0.0,-72.817,0.0,0.0,-9.082,0.0,0.0,0.0,0.0,0.0,-55.236999999999995,0.0,0.0
ALA  14,95.58,0.0,0.0,-4.555,0.0,0.0,-79.278,0.0,0.0,-1.963,0.0,0.0,0.0,0.0,0.0,9.783999999999999,0.0,0.0
ILE  15,97.507,0.0,0.0,-9.325,0.0,0.0,-73.827,0.0,0.0,-3.095,0.0,0.0,0.0,0.0,0.0,11.260000000000003,0.0,0.0
SER  16,70.113,0.0,0.0,-4.391,0.0,0.0,-54.066,0.0,0.0,-6.744,0.0,0.0,0.0,0.0,0.0,4.911999999999992,0.0,0.0
PRO  17,93.819,0.0,0.0,-5.074,0.0,0.0,-61.289,0.0,0.0,-2.229,0.0,0.0,0.0,0.0,0.0,25.227000000000004,0.0,0.0
ARG  18,-186.779,0.0,0.0,-6.147,0.0,0.0,68.462,0.0,0.0,-42.59,0.0,0.0,0.0,0.0,0.0,-167.05399999999997,0.0,0.0
THR  19,42.597,0.0,0.0,-6.889,0.0,0.0,-55.714,0.0,0.0,-4.071,0.0,0.0,0.0,0.0,0.0,-24.076999999999998,0.0,0.0
LEU  20,59.723,6.743495761743046e-07,6.743495761743046e-07,-10.664,0.0,0.0,-59.782,0.0,0.0,-1.685,0.0,0.0,0.0,0.0,0.0,-12.408,0.0,0.0
ASN  21,15.153,0.0,0.0,-6.916,0.0,0.0,-70.101,0.0,0.0,-14.493,0.0,0.0,0.0,0.0,0.0,-76.357,0.0,0.0
ALA  22,96.727,0.0,0.0,-6.467,0.0,0.0,-79.314,0.0,0.0,-2.561,0.0,0.0,0.0,0.0,0.0,8.385000000000012,0.0,0.0
TRP  23,134.371,0.0,0.0,-17.276,0.0,0.0,-97.09,0.0,0.0,-2.625,0.0,0.0,0.0,0.0,0.0,17.38000000000001,0.0,0.0
VAL  24,64.972,0.0,0.0,-4.877,0.0,0.0,-53.476,0.0,0.0,-5.241,0.0,0.0,0.0,0.0,0.0,1.377999999999993,0.0,0.0
LYS  25,132.152,0.0,0.0,-5.906,0.0,0.0,-103.373,0.0,0.0,-24.769,0.0,0.0,0.0,0.0,0.0,-1.8960000000000221,0.0,0.0
VAL  26,65.807,0.0,0.0,-9.372,0.0,0.0,-63.728,0.0,0.0,-2.246,0.0,0.0,0.0,0.0,0.0,-9.539,0.0,0.0
VAL  27,45.738,0.0,0.0,-6.423,0.0,0.0,-48.237,0.0,0.0,-2.724,0.0,0.0,0.0,0.0,0.0,-11.646000000000004,0.0,0.0
GLU  28,101.413,0.0,0.0,-6.943,0.0,0.0,-87.623,0.0,0.0,-57.105,0.0,0.0,0.0,0.0,0.0,-50.258,0.0,0.0
GLU  29,115.06,0.0,0.0,-4.687,0.0,0.0,-59.417,0.0,0.0,-98.547,0.0,0.0,0.0,0.0,0.0,-47.590999999999994,0.0,0.0
LYS  30,122.774,0.0,0.0,-7.986,0.0,0.0,-134.213,0.0,0.0,18.284,0.0,0.0,0.0,0.0,0.0,-1.1409999999999982,0.0,0.0
ALA  31,86.7,0.0,0.0,-4.766,0.0,0.0,-75.714,0.0,0.0,-5.531,0.0,0.0,0.0,0.0,0.0,0.6889999999999992,0.0,0.0
PHE  32,96.897,0.0,0.0,-6.885,0.0,0.0,-74.622,0.0,0.0,-7.157,0.0,0.0,0.0,0.0,0.0,8.233,0.0,0.0
SER  33,75.016,0.0,0.0,-5.788,0.0,0.0,-57.57,0.0,0.0,-3.625,0.0,0.0,0.0,0.0,0.0,8.033000000000008,0.0,0.0
PRO  34,76.927,0.0,0.0,-4.893,0.0,0.0,-57.004,0.0,0.0,-0.748,0.0,0.0,0.0,0.0,0.0,14.282000000000009,0.0,0.0
GLU  35,103.954,0.0,0.0,-7.594,0.0,0.0,-72.404,0.0,0.0,-85.867,0.0,0.0,0.0,0.0,0.0,-61.911,0.0,0.0
VAL  36,58.165,0.0,0.0,-9.961,0.0,0.0,-56.586,0.0,0.0,0.124,0.0,0.0,0.0,0.0,0.0,-8.257999999999997,0.0,0.0
ILE  37,90.953,0.0,0.0,-6.06,0.0,0.0,-64.083,0.0,0.0,-0.007,0.0,0.0,0.0,0.0,0.0,20.803,0.0,0.0
PRO  38,84.614,0.0,0.0,-6.872,0.0,0.0,-58.461,0.0,0.0,-1.252,0.0,0.0,0.0,0.0,0.0,18.029000000000007,0.0,0.0
MET  39,92.566,0.0,0.0,-7.871,0.0,0.0,-73.598,0.0,0.0,-1.238,0.0,0.0,0.0,0.0,0.0,9.859000000000009,0.0,0.0
PHE  40,104.524,0.0,0.0,-13.916,0.0,0.0,-85.956,0.0,0.0,-0.145,0.0,0.0,0.0,0.0,0.0,4.5070000000000014,0.0,0.0
SER  41,76.908,0.0,0.0,-6.915,0.0,0.0,-66.211,0.0,0.0,-2.005,0.0,0.0,0.0,0.0,0.0,1.7769999999999966,0.0,0.0
ALA  42,83.609,0.0,0.0,-5.447,0.0,0.0,-66.621,0.0,0.0,-2.837,0.0,0.0,0.0,0.0,0.0,8.703999999999997,0.0,0.0
LEU  43,71.958,0.0,0.0,-8.397,0.0,0.0,-77.055,0.0,0.0,-1.544,0.0,0.0,0.0,0.0,0.0,-15.038000000000007,0.0,0.0
SER  44,74.228,0.0,0.0,-6.736,0.0,0.0,-78.387,0.0,0.0,0.679,0.0,0.0,0.0,0.0,0.0,-10.21600000000001,0.0,0.0
GLU  45,102.723,0.0,0.0,-6.134,0.0,0.0,-66.703,0.0,0.0,-89.169,0.0,0.0,0.0,0.0,0.0,-59.283,0.0,0.0
GLY  46,67.867,0.0,0.0,-3.693,0.0,0.0,-69.014,0.0,0.0,-0.815,0.0,0.0,0.0,0.0,0.0,-5.654999999999989,0.0,0.0
ALA  47,96.634,0.0,0.0,-7.761,0.0,0.0,-84.653,0.0,0.0,-0.645,0.0,0.0,0.0,0.0,0.0,3.574999999999999,0.0,0.0
THR  48,62.882,0.0,0.0,-7.193,0.0,0.0,-59.062,0.0,0.0,-0.08,0.0,0.0,0.0,0.0,0.0,-3.4529999999999976,0.0,0.0
PRO  49,74.726,0.0,0.0,-10.521,0.0,0.0,-54.184,0.0,0.0,0.192,0.0,0.0,0.0,0.0,0.0,10.213000000000001,0.0,0.0
GLN  50,29.907,0.0,0.0,-8.496,0.0,0.0,-74.925,0.0,0.0,-3.888,0.0,0.0,0.0,0.0,0.0,-57.401999999999994,0.0,0.0
ASP  51,93.456,0.0,0.0,-7.059,0.0,0.0,-125.92,0.0,0.0,-24.886,0.0,0.0,0.0,0.0,0.0,-64.40899999999999,0.0,0.0
LEU  52,68.835,0.0,0.0,-14.19,0.0,0.0,-69.425,0.0,0.0,0.964,0.0,0.0,0.0,0.0,0.0,-13.816,0.0,0.0
ASN  53,35.988,0.0,0.0,-6.579,0.0,0.0,-102.813,0.0,0.0,-2.884,0.0,0.0,0.0,0.0,0.0,-76.288,0.0,0.0
THR  54,54.087,0.0,0.0,-6.5,0.0,0.0,-67.339,0.0,0.0,-0.541,0.0,0.0,0.0,0.0,0.0,-20.292999999999996,0.0,0.0
MET  55,86.352,0.0,0.0,-13.408,0.0,0.0,-69.029,0.0,0.0,0.137,0.0,0.0,0.0,0.0,0.0,4.052000000000007,0.0,0.0
LEU  56,59.062,0.0,0.0,-9.132,0.0,0.0,-68.215,0.0,0.0,0.54,0.0,0.0,0.0,0.0,0.0,-17.745000000000005,0.0,0.0
ASN  57,32.278,0.0,0.0,-6.42,0.0,0.0,-91.414,0.0,0.0,-7.497,0.0,0.0,0.0,0.0,0.0,-73.05300000000001,0.0,0.0
THR  58,58.173,0.0,0.0,-7.443,0.0,0.0,-63.436,0.0,0.0,-2.109,0.0,0.0,0.0,0.0,0.0,-14.814999999999996,0.0,0.0
VAL  59,43.252,0.0,0.0,-6.739,0.0,0.0,-46.215,0.0,0.0,0.426,0.0,0.0,0.0,0.0,0.0,-9.275999999999998,0.0,0.0
ALA  60,88.186,0.0,0.0,-2.448,0.0,0.0,-66.972,0.0,0.0,0.523,0.0,0.0,0.0,0.0,0.0,19.28900000000002,0.0,0.0
PRO  61,85.073,0.0,0.0,-3.264,0.0,0.0,-62.548,0.0,0.0,-1.406,0.0,0.0,0.0,0.0,0.0,17.854999999999997,0.0,0.0
HID  62,96.783,0.0,0.0,-7.882,0.0,0.0,-65.041,0.0,0.0,-10.673,0.0,0.0,0.0,0.0,0.0,13.187,0.0,0.0
GLN  63,32.783,0.0,0.0,-6.662,0.0,0.0,-69.698,0.0,0.0,-6.699,0.0,0.0,0.0,0.0,0.0,-50.27599999999999,0.0,0.0
ALA  64,88.436,0.0,0.0,-4.452,0.0,0.0,-71.0,0.0,0.0,-3.866,0.0,0.0,0.0,0.0,0.0,9.11800000000001,0.0,0.0
ALA  65,89.076,0.0,0.0,-6.27,0.0,0.0,-74.282,0.0,0.0,-2.447,0.0,0.0,0.0,0.0,0.0,6.077000000000001,0.0,0.0
ALA  66,95.254,0.0,0.0,-7.07,0.0,0.0,-80.684,0.0,0.0,-1.363,0.0,0.0,0.0,0.0,0.0,6.1370000000000005,0.0,0.0
GLN  67,45.212,0.0,0.0,-7.011,0.0,0.0,-78.798,0.0,0.0,-13.041,0.0,0.0,0.0,0.0,0.0,-53.638000000000005,0.0,0.0
MET  68,91.086,0.0,0.0,-9.556,0.0,0.0,-74.112,0.0,0.0,-2.917,0.0,0.0,0.0,0.0,0.0,4.5010000000000066,0.0,0.0
LEU  69,84.711,0.0,0.0,-12.709,0.0,0.0,-78.315,0.0,0.0,-2.877,0.0,0.0,0.0,0.0,0.0,-9.190000000000001,0.0,0.0
LYS  70,133.934,0.0,0.0,-9.649,0.0,0.0,-117.352,0.0,0.0,-1.727,0.0,0.0,0.0,0.0,0.0,5.205999999999992,0.0,0.0
GLU  71,106.104,0.0,0.0,-7.376,0.0,0.0,-64.484,0.0,0.0,-103.516,0.0,0.0,0.0,0.0,0.0,-69.272,0.0,0.0
THR  72,48.546,0.0,0.0,-9.125,0.0,0.0,-53.448,0.0,0.0,-4.797,0.0,0.0,0.0,0.0,0.0,-18.824,0.0,0.0
ILE  73,73.343,0.0,0.0,-10.71,0.0,0.0,-51.874,0.0,0.0,-2.137,0.0,0.0,0.0,0.0,0.0,8.622,0.0,0.0
ASN  74,24.945,0.0,0.0,-8.1,0.0,0.0,-85.338,0.0,0.0,-3.593,0.0,0.0,0.0,0.0,0.0,-72.086,0.0,0.0
GLU  75,108.63,0.0,0.0,-7.273,0.0,0.0,-42.608,0.0,0.0,-120.49,0.0,0.0,0.0,0.0,0.0,-61.74099999999999,0.0,0.0
GLU  76,97.428,0.0,0.0,-11.187,0.0,0.0,-45.412,0.0,0.0,-104.754,0.0,0.0,0.0,0.0,0.0,-63.925000000000004,0.0,0.0
ALA  77,83.847,0.0,0.0,-6.519,0.0,0.0,-74.038,0.0,0.0,0.22,0.0,0.0,0.0,0.0,0.0,3.5099999999999922,0.0,0.0
ALA  78,95.01,0.0,0.0,-5.417,0.0,0.0,-87.48,0.0,0.0,1.238,0.0,0.0,0.0,0.0,0.0,3.3509999999999995,0.0,0.0
GLU  79,117.149,0.0,0.0,-7.449,0.0,0.0,-79.526,0.0,0.0,-78.546,0.0,0.0,0.0,0.0,0.0,-48.372,0.0,0.0
TRP  80,116.586,0.0,0.0,-14.401,0.0,0.0,-87.671,0.0,0.0,-0.677,0.0,0.0,0.0,0.0,0.0,13.836999999999996,0.0,0.0
ASP  81,105.706,0.0,0.0,-7.465,0.0,0.0,-69.186,0.0,0.0,-76.494,0.0,0.0,0.0,0.0,0.0,-47.43900000000001,0.0,0.0
ARG  82,-199.678,0.0,0.0,-6.014,0.0,0.0,-2.487,0.0,0.0,33.779,0.0,0.0,0.0,0.0,0.0,-174.4,0.0,0.0
LEU  83,69.474,0.0,0.0,-6.461,0.0,0.0,-72.503,0.0,0.0,-2.683,0.0,0.0,0.0,0.0,0.0,-12.172999999999995,0.0,0.0
HID  84,111.181,0.0,0.0,-10.929,0.0,0.0,-71.449,0.0,0.0,-6.759,0.0,0.0,0.0,0.0,0.0,22.043999999999997,0.0,0.0
PRO  85,91.088,0.0,0.0,-4.58,0.0,0.0,-67.977,0.0,0.0,-3.08,0.0,0.0,0.0,0.0,0.0,15.450999999999992,0.0,0.0
VAL  86,46.961,0.0,0.0,-3.779,0.0,0.0,-48.275,0.0,0.0,-6.875,0.0,0.0,0.0,0.0,0.0,-11.967999999999996,0.0,0.0
HID  87,90.145,0.0,0.0,-7.97,0.0,0.0,-66.899,0.0,0.0,-2.926,0.0,0.0,0.0,0.0,0.0,12.349999999999996,0.0,0.0
ALA  88,86.937,0.0,0.0,-1.693,0.0,0.0,-75.014,0.0,0.0,-3.48,0.0,0.0,0.0,0.0,0.0,6.7500000000000036,0.0,0.0
GLY  89,92.728,0.0,0.0,-1.943,0.0,0.0,-76.568,0.0,0.0,-4.762,0.0,0.0,0.0,0.0,0.0,9.454999999999998,0.0,0.0
PRO  90,82.327,0.0,0.0,-3.512,0.0,0.0,-51.92,0.0,0.0,-8.572,0.0,0.0,0.0,0.0,0.0,18.322999999999997,0.0,0.0
ILE  91,75.004,0.0,0.0,-5.085,0.0,0.0,-52.022,0.0,0.0,-4.934,0.0,0.0,0.0,0.0,0.0,12.963000000000012,0.0,0.0
ALA  92,96.121,0.0,0.0,-3.89,0.0,0.0,-67.371,0.0,0.0,-6.371,0.0,0.0,0.0,0.0,0.0,18.488999999999997,0.0,0.0
PRO  93,80.744,0.0,0.0,-4.396,0.0,0.0,-58.141,0.0,0.0,-3.964,0.0,0.0,0.0,0.0,0.0,14.243,0.0,0.0
GLY  94,75.005,0.0,0.0,-2.491,0.0,0.0,-65.969,0.0,0.0,-8.124,0.0,0.0,0.0,0.0,0.0,-1.5789999999999988,0.0,0.0
GLN  95,32.042,0.0,0.0,-1.733,0.0,0.0,-57.104,0.0,0.0,-24.386,0.0,0.0,0.0,0.0,0.0,-51.181,0.0,0.0
MET  96,106.411,0.0,0.0,-6.045,0.0,0.0,-73.524,0.0,0.0,-8.259,0.0,0.0,0.0,0.0,0.0,18.583,0.0,0.0
ARG  97,-182.696,0.0,0.0,-11.24,0.0,0.0,-34.646,0.0,0.0,46.238,0.0,0.0,0.0,0.0,0.0,-182.344,0.0,0.0
GLU  98,114.695,0.0,0.0,-6.908,0.0,0.0,-60.192,0.0,0.0,-91.881,0.0,0.0,0.0,0.0,0.0,-44.28600000000001,0.0,0.0
PRO  99,91.983,0.0,0.0,-9.206,0.0,0.0,-58.884,0.0,0.0,-2.578,0.0,0.0,0.0,0.0,0.0,21.315,0.0,0.0
ARG 100,-184.571,0.0,0.0,-12.084,0.0,0.0,-12.713,0.0,0.0,40.632,0.0,0.0,0.0,0.0,0.0,-168.736,0.0,0.0
GLY 101,82.405,0.0,0.0,-3.37,0.0,0.0,-89.178,0.0,0.0,1.82,0.0,0.0,0.0,0.0,0.0,-8.323,0.0,0.0
SER 102,71.453,0.0,0.0,-5.992,0.0,0.0,-70.029,0.0,0.0,-1.359,0.0,0.0,0.0,0.0,0.0,-5.926999999999998,0.0,0.0
ASP 103,87.339,0.0,0.0,-11.174,0.0,0.0,-78.186,0.0,0.0,-53.736,0.0,0.0,0.0,0.0,0.0,-55.75700000000001,0.0,0.0
ILE 104,81.748,0.0,0.0,-11.664,0.0,0.0,-61.885,0.0,0.0,1.382,0.0,0.0,0.0,0.0,0.0,9.581000000000005,0.0,0.0
ALA 105,85.594,0.0,0.0,-6.686,0.0,0.0,-77.227,0.0,0.0,0.952,0.0,0.0,0.0,0.0,0.0,2.632999999999983,0.0,0.0
GLY 106,89.867,0.0,0.0,-4.63,0.0,0.0,-86.619,0.0,0.0,-1.878,0.0,0.0,0.0,0.0,0.0,-3.259999999999991,0.0,0.0
THR 107,55.67,0.0,0.0,-5.248,0.0,0.0,-58.493,0.0,0.0,-6.956,0.0,0.0,0.0,0.0,0.0,-15.026999999999997,0.0,0.0
THR 108,37.368,0.0,0.0,-4.131,0.0,0.0,-46.544,0.0,0.0,-3.766,0.0,0.0,0.0,0.0,0.0,-17.072999999999993,0.0,0.0
SER 109,70.855,0.0,0.0,-7.898,0.0,0.0,-64.04,0.0,0.0,-1.921,0.0,0.0,0.0,0.0,0.0,-3.0039999999999987,0.0,0.0
THR 110,41.246,0.0,0.0,-5.887,0.0,0.0,-40.924,0.0,0.0,-4.278,0.0,0.0,0.0,0.0,0.0,-9.842999999999996,0.0,0.0
LEU 111,66.921,0.0,0.0,-7.021,0.0,0.0,-65.196,0.0,0.0,-3.401,0.0,0.0,0.0,0.0,0.0,-8.696999999999992,0.0,0.0
GLN 112,40.046,0.0,0.0,-4.641,0.0,0.0,-79.077,0.0,0.0,-9.058,0.0,0.0,0.0,0.0,0.0,-52.73,0.0,0.0
GLU 113,99.442,0.0,0.0,-11.221,0.0,0.0,-106.301,0.0,0.0,-33.592,0.0,0.0,0.0,0.0,0.0,-51.67200000000001,0.0,0.0
GLN 114,39.571,0.0,0.0,-12.147,0.0,0.0,-86.796,0.0,0.0,0.8,0.0,0.0,0.0,0.0,0.0,-58.57200000000001,0.0,0.0
ILE 115,99.514,0.0,0.0,-7.381,0.0,0.0,-79.494,0.0,0.0,-1.823,0.0,0.0,0.0,0.0,0.0,10.815999999999995,0.0,0.0
GLY 116,76.257,0.0,0.0,-4.487,0.0,0.0,-73.747,0.0,0.0,-1.848,0.0,0.0,0.0,0.0,0.0,-3.8249999999999895,0.0,0.0
TRP 117,127.119,0.0,0.0,-17.12,0.0,0.0,-90.624,0.0,0.0,0.9,0.0,0.0,0.0,0.0,0.0,20.275,0.0,0.0
MET 118,97.001,0.0,0.0,-9.959,0.0,0.0,-82.216,0.0,0.0,-1.785,0.0,0.0,0.0,0.0,0.0,3.0410000000000075,0.0,0.0
THR 119,35.485,0.0,0.0,-5.932,0.0,0.0,-45.851,0.0,0.0,-5.34,0.0,0.0,0.0,0.0,0.0,-21.638,0.0,0.0
HID 120,85.522,0.0,0.0,-9.718,0.0,0.0,-56.865,0.0,0.0,-8.276,0.0,0.0,0.0,0.0,0.0,10.663,0.0,0.0
ASN 121,44.897,0.0,0.0,-3.974,0.0,0.0,-83.953,0.0,0.0,-12.358,0.0,0.0,0.0,0.0,0.0,-55.388000000000005,0.0,0.0
PRO 122,90.633,0.0,0.0,-3.473,0.0,0.0,-60.931,0.0,0.0,-2.052,0.0,0.0,0.0,0.0,0.0,24.177,0.0,0.0
PRO 123,89.612,0.0,0.0,-5.546,0.0,0.0,-61.06,0.0,0.0,-2.401,0.0,0.0,0.0,0.0,0.0,20.604999999999986,0.0,0.0
ILE 124,93.381,0.0,0.0,-5.928,0.0,0.0,-60.318,0.0,0.0,-1.74,0.0,0.0,0.0,0.0,0.0,25.395000000000007,0.0,0.0
PRO 125,88.619,0.0,0.0,-5.015,0.0,0.0,-65.244,0.0,0.0,-1.058,0.0,0.0,0.0,0.0,0.0,17.302,0.0,0.0
VAL 126,49.782,0.0,0.0,-8.656,0.0,0.0,-49.794,0.0,0.0,-0.074,0.0,0.0,0.0,0.0,0.0,-8.741999999999999,0.0,0.0
GLY 127,70.593,0.0,0.0,-5.701,0.0,0.0,-73.99,0.0,0.0,-0.99,0.0,0.0,0.0,0.0,0.0,-10.087999999999985,0.0,0.0
GLU 128,107.139,0.0,0.0,-8.634,0.0,0.0,-96.83,0.0,0.0,-52.94,0.0,0.0,0.0,0.0,0.0,-51.265,0.0,0.0
ILE 129,84.088,0.0,0.0,-10.676,0.0,0.0,-63.483,0.0,0.0,-0.52,0.0,0.0,0.0,0.0,0.0,9.408999999999995,0.0,0.0
TYR 130,93.315,0.0,0.0,-13.259,0.0,0.0,-89.252,0.0,0.0,-1.146,0.0,0.0,0.0,0.0,0.0,-10.341999999999999,0.0,0.0
LYS 131,150.257,0.0,0.0,-12.023,0.0,0.0,-164.789,0.0,0.0,30.071,0.0,0.0,0.0,0.0,0.0,3.516000000000023,0.0,0.0
ARG 132,-188.623,0.0,0.0,-10.757,0.0,0.0,35.585,0.0,0.0,3.0,0.0,0.0,0.0,0.0,0.0,-160.795,0.0,0.0
TRP 133,125.512,0.0,0.0,-18.995,0.0,0.0,-91.097,0.0,0.0,-2.677,0.0,0.0,0.0,0.0,0.0,12.743000000000002,0.0,0.0
ILE 134,91.994,0.0,0.0,-10.844,0.0,0.0,-69.151,0.0,0.0,-0.222,0.0,0.0,0.0,0.0,0.0,11.77700000000001,0.0,0.0
ILE 135,80.961,0.0,0.0,-9.49,0.0,0.0,-64.114,0.0,0.0,0.095,0.0,0.0,0.0,0.0,0.0,7.451999999999999,0.0,0.0
LEU 136,65.318,0.0,0.0,-9.452,0.0,0.0,-73.325,0.0,0.0,1.638,0.0,0.0,0.0,0.0,0.0,-15.821000000000003,0.0,0.0
GLY 137,77.826,0.0,0.0,-6.344,0.0,0.0,-77.952,0.0,0.0,0.825,0.0,0.0,0.0,0.0,0.0,-5.644999999999999,0.0,0.0
LEU 138,67.889,0.0,0.0,-10.979,0.0,0.0,-66.222,0.0,0.0,-0.154,0.0,0.0,0.0,0.0,0.0,-9.465999999999998,0.0,0.0
ASN 139,44.368,0.0,0.0,-7.827,0.0,0.0,-95.19,0.0,0.0,-4.434,0.0,0.0,0.0,0.0,0.0,-63.08299999999999,0.0,0.0
LYS 140,135.571,0.0,0.0,-9.984,0.0,0.0,-139.633,0.0,0.0,6.788,0.0,0.0,0.0,0.0,0.0,-7.258000000000006,0.0,0.0
ILE 141,104.277,0.0,0.0,-10.883,0.0,0.0,-86.034,0.0,0.0,-1.551,0.0,0.0,0.0,0.0,0.0,5.808999999999999,0.0,0.0
VAL 142,69.649,0.0,0.0,-8.29,0.0,0.0,-55.769,0.0,0.0,-5.034,0.0,0.0,0.0,0.0,0.0,0.5560000000000036,0.0,0.0
ARG 143,-198.112,0.0,0.0,-6.524,0.0,0.0,53.649,0.0,0.0,-13.206,0.0,0.0,0.0,0.0,0.0,-164.19299999999998,0.0,0.0
MET 144,87.677,0.0,0.0,-7.476,0.0,0.0,-73.585,0.0,0.0,-4.928,0.0,0.0,0.0,0.0,0.0,1.688000000000014,0.0,0.0
TYR 145,90.682,0.0,0.0,-9.403,0.0,0.0,-82.767,0.0,0.0,-5.737,0.0,0.0,0.0,0.0,0.0,-7.225,0.0,0.0
SER 146,77.868,0.0,0.0,-3.386,0.0,0.0,-53.73,0.0,0.0,-9.594,0.0,0.0,0.0,0.0,0.0,11.158000000000003,0.0,0.0
PRO 147,93.292,0.0,0.0,-3.171,0.0,0.0,-64.352,0.0,0.0,-3.084,0.0,0.0,0.0,0.0,0.0,22.68499999999999,0.0,0.0
THR 148,43.902,0.0,0.0,-4.019,0.0,0.0,-50.964,0.0,0.0,-5.285,0.0,0.0,0.0,0.0,0.0,-16.365999999999996,0.0,0.0
SER 149,65.307,0.0,0.0,-5.729,0.0,0.0,-50.278,0.0,0.0,-5.502,0.0,0.0,0.0,0.0,0.0,3.7980000000000045,0.0,0.0
ILE 150,81.204,0.0,0.0,-10.111,0.0,0.0,-57.566,0.0,0.0,0.945,0.0,0.0,0.0,0.0,0.0,14.471999999999987,0.0,0.0
LEU 151,66.674,0.0,0.0,-5.122,0.0,0.0,-68.126,0.0,0.0,-1.418,0.0,0.0,0.0,0.0,0.0,-7.991999999999998,0.0,0.0
ASP 152,119.25,0.0,0.0,-5.712,0.0,0.0,-78.007,0.0,0.0,-96.798,0.0,0.0,0.0,0.0,0.0,-61.26700000000001,0.0,0.0
ILE 153,97.482,0.0,0.0,-10.779,0.0,0.0,-68.566,0.0,0.0,-0.769,0.0,0.0,0.0,0.0,0.0,17.368000000000002,0.0,0.0
ARG 154,-194.544,0.0,0.0,-8.455,0.0,0.0,29.47,0.0,0.0,0.533,0.0,0.0,0.0,0.0,0.0,-172.99600000000004,0.0,0.0
GLN 155,32.993,0.0,0.0,-10.665,0.0,0.0,-88.828,0.0,0.0,1.74,0.0,0.0,0.0,0.0,0.0,-64.76,0.0,0.0
GLY 156,88.325,0.0,0.0,-3.845,0.0,0.0,-73.863,0.0,0.0,-3.202,0.0,0.0,0.0,0.0,0.0,7.4150000000000045,0.0,0.0
PRO 157,85.279,0.0,0.0,-4.099,0.0,0.0,-54.367,0.0,0.0,-5.809,0.0,0.0,0.0,0.0,0.0,21.003999999999994,0.0,0.0
LYS 158,125.543,0.0,0.0,-5.051,0.0,0.0,-153.469,0.0,0.0,25.102,0.0,0.0,0.0,0.0,0.0,-7.874999999999989,0.0,0.0
GLU 159,108.474,0.0,0.0,-6.829,0.0,0.0,-108.824,0.0,0.0,-47.465,0.0,0.0,0.0,0.0,0.0,-54.64399999999999,0.0,0.0
PRO 160,77.124,0.0,0.0,-8.828,0.0,0.0,-56.15,0.0,0.0,-0.649,0.0,0.0,0.0,0.0,0.0,11.496999999999993,0.0,0.0
PHE 161,109.765,0.0,0.0,-14.702,0.0,0.0,-73.335,0.0,0.0,-1.289,0.0,0.0,0.0,0.0,0.0,20.439000000000007,0.0,0.0
ARG 162,-195.775,0.0,0.0,-8.528,0.0,0.0,-9.719,0.0,0.0,40.097,0.0,0.0,0.0,0.0,0.0,-173.92499999999998,0.0,0.0
ASP 163,86.477,0.0,0.0,-7.213,0.0,0.0,-51.535,0.0,0.0,-99.173,0.0,0.0,0.0,0.0,0.0,-71.44399999999999,0.0,0.0
TYR 164,97.758,0.0,0.0,-18.101,0.0,0.0,-97.566,0.0,0.0,0.773,0.0,0.0,0.0,0.0,0.0,-17.136000000000006,0.0,0.0
VAL 165,53.239,0.0,0.0,-8.441,0.0,0.0,-57.472,0.0,0.0,2.787,0.0,0.0,0.0,0.0,0.0,-9.887000000000008,0.0,0.0
ASP 166,99.821,0.0,0.0,-7.586,0.0,0.0,-63.302,0.0,0.0,-89.742,0.0,0.0,0.0,0.0,0.0,-60.809000000000005,0.0,0.0
ARG 167,-188.788,0.0,0.0,-8.988,0.0,0.0,-1.259,0.0,0.0,24.85,0.0,0.0,0.0,0.0,0.0,-174.185,0.0,0.0
PHE 168,99.348,0.0,0.0,-15.077,0.0,0.0,-80.923,0.0,0.0,-0.228,0.0,0.0,0.0,0.0,0.0,3.1199999999999988,0.0,0.0
TYR 169,98.137,0.0,0.0,-11.252,0.0,0.0,-93.379,0.0,0.0,0.273,0.0,0.0,0.0,0.0,0.0,-6.221,0.0,0.0
LYS 170,138.905,0.0,0.0,-7.732,0.0,0.0,-131.523,0.0,0.0,-5.283,0.0,0.0,0.0,0.0,0.0,-5.632999999999995,0.0,0.0
THR 171,49.808,0.0,0.0,-8.892,0.0,0.0,-61.304,0.0,0.0,-3.724,0.0,0.0,0.0,0.0,0.0,-24.112000000000005,0.0,0.0
LEU 172,79.657,0.0,0.0,-11.453,0.0,0.0,-69.27,0.0,0.0,-4.485,0.0,0.0,0.0,0.0,0.0,-5.551000000000003,0.0,0.0
ARG 173,-202.419,0.0,0.0,-8.744,0.0,0.0,23.027,0.0,0.0,13.068,0.0,0.0,0.0,0.0,0.0,-175.068,0.0,0.0
ALA 174,88.223,0.0,0.0,-5.699,0.0,0.0,-78.54,0.0,0.0,-3.986,0.0,0.0,0.0,0.0,0.0,-0.002000000000005553,0.0,0.0
GLU 175,116.037,0.0,0.0,-7.547,0.0,0.0,-51.533,0.0,0.0,-109.938,0.0,0.0,0.0,0.0,0.0,-52.980999999999995,0.0,0.0
GLN 176,28.175,0.0,0.0,-6.175,0.0,0.0,-68.91,0.0,0.0,-9.2,0.0,0.0,0.0,0.0,0.0,-56.11,0.0,0.0
ALA 177,96.964,0.0,0.0,-4.717,0.0,0.0,-81.593,0.0,0.0,-3.529,0.0,0.0,0.0,0.0,0.0,7.1249999999999964,0.0,0.0
SER 178,70.761,0.0,0.0,-2.156,0.0,0.0,-70.967,0.0,0.0,-0.762,0.0,0.0,0.0,0.0,0.0,-3.124000000000009,0.0,0.0
GLN 179,22.545,0.0,0.0,-6.707,0.0,0.0,-72.083,0.0,0.0,-4.052,0.0,0.0,0.0,0.0,0.0,-60.297,0.0,0.0
GLU 180,111.128,0.0,0.0,-3.295,0.0,0.0,-97.857,0.0,0.0,-68.319,0.0,0.0,0.0,0.0,0.0,-58.343,0.0,0.0
VAL 181,64.223,0.0,0.0,-6.773,0.0,0.0,-62.787,0.0,0.0,0.151,0.0,0.0,0.0,0.0,0.0,-5.185999999999996,0.0,0.0
LYS 182,115.487,0.0,0.0,-9.813,0.0,0.0,-110.515,0.0,0.0,-2.794,0.0,0.0,0.0,0.0,0.0,-7.635000000000009,0.0,0.0
ASN 183,23.735,0.0,0.0,-8.191,0.0,0.0,-83.385,0.0,0.0,-8.117,0.0,0.0,0.0,0.0,0.0,-75.95800000000001,0.0,0.0
TRP 184,127.307,0.0,0.0,-10.543,0.0,0.0,-92.977,0.0,0.0,-4.822,0.0,0.0,0.0,0.0,0.0,18.965000000000007,0.0,0.0
MET 185,106.868,0.0,0.0,-11.742,0.0,0.0,-86.588,0.0,0.0,-0.29,0.0,0.0,0.0,0.0,0.0,8.247999999999998,0.0,0.0
THR 186,43.54,0.0,0.0,-7.234,0.0,0.0,-56.981,0.0,0.0,-1.246,0.0,0.0,0.0,0.0,0.0,-21.921000000000003,0.0,0.0
GLU 187,103.548,0.0,0.0,-5.296,0.0,0.0,-62.139,0.0,0.0,-97.809,0.0,0.0,0.0,0.0,0.0,-61.696000000000005,0.0,0.0
THR 188,41.468,0.0,0.0,-4.776,0.0,0.0,-50.514,0.0,0.0,-0.659,0.0,0.0,0.0,0.0,0.0,-14.480999999999996,0.0,0.0
LEU 189,62.49,0.0,0.0,-9.704,0.0,0.0,-65.575,0.0,0.0,1.105,0.0,0.0,0.0,0.0,0.0,-11.684000000000001,0.0,0.0
LEU 190,87.089,0.0,0.0,-10.801,0.0,0.0,-90.599,0.0,0.0,1.374,0.0,0.0,0.0,0.0,0.0,-12.937000000000006,0.0,0.0
VAL 191,61.473,0.0,0.0,-7.27,0.0,0.0,-66.175,0.0,0.0,2.279,0.0,0.0,0.0,0.0,0.0,-9.692999999999994,0.0,0.0
GLN 192,19.373,0.0,0.0,-5.559,0.0,0.0,-65.111,0.0,0.0,-6.006,0.0,0.0,0.0,0.0,0.0,-57.303000000000004,0.0,0.0
ASN 193,16.458,0.0,0.0,-10.169,0.0,0.0,-86.534,0.0,0.0,2.332,0.0,0.0,0.0,0.0,0.0,-77.91300000000001,0.0,0.0
ALA 194,91.804,0.0,0.0,-7.344,0.0,0.0,-84.059,0.0,0.0,2.148,0.0,0.0,0.0,0.0,0.0,2.5490000000000106,0.0,0.0
ASN 195,47.854,0.0,0.0,-8.799,0.0,0.0,-93.711,0.0,0.0,-7.663,0.0,0.0,0.0,0.0,0.0,-62.319,0.0,0.0
PRO 196,80.262,0.0,0.0,-5.881,0.0,0.0,-58.634,0.0,0.0,-1.354,0.0,0.0,0.0,0.0,0.0,14.393,0.0,0.0
ASP 197,89.633,0.0,0.0,-5.744,0.0,0.0,-64.306,0.0,0.0,-86.486,0.0,0.0,0.0,0.0,0.0,-66.903,0.0,0.0
CYX 198,100.581,0.0,0.0,-8.307,0.0,0.0,-79.361,0.0,0.0,-1.438,0.0,0.0,0.0,0.0,0.0,11.474999999999996,0.0,0.0
LYS 199,137.381,0.0,0.0,-9.593,0.0,0.0,-129.145,0.0,0.0,-7.502,0.0,0.0,0.0,0.0,0.0,-8.859000000000012,0.0,0.0
THR 200,52.505,0.0,0.0,-6.558,0.0,0.0,-65.048,0.0,0.0,-2.447,0.0,0.0,0.0,0.0,0.0,-21.548,0.0,0.0
ILE 201,73.548,0.0,0.0,-8.799,0.0,0.0,-54.874,0.0,0.0,-0.77,0.0,0.0,0.0,0.0,0.0,9.104999999999993,0.0,0.0
LEU 202,81.685,0.0,0.0,-7.961,0.0,0.0,-73.845,0.0,0.0,-3.632,0.0,0.0,0.0,0.0,0.0,-3.7529999999999952,0.0,0.0
LYS 203,124.798,0.0,0.0,-5.493,0.0,0.0,-100.707,0.0,0.0,-19.204,0.0,0.0,0.0,0.0,0.0,-0.6059999999999874,0.0,0.0
ALA 204,85.489,0.0,0.0,-3.728,0.0,0.0,-72.314,0.0,0.0,-5.018,0.0,0.0,0.0,0.0,0.0,4.429000000000017,0.0,0.0
LEU 205,70.067,0.0,0.0,-5.852,0.0,0.0,-71.694,0.0,0.0,-5.236,0.0,0.0,0.0,0.0,0.0,-12.715000000000014,0.0,0.0
GLY 206,91.239,0.0,0.0,-2.994,0.0,0.0,-71.177,0.0,0.0,-6.49,0.0,0.0,0.0,0.0,0.0,10.577999999999998,0.0,0.0
PRO 207,82.145,0.0,0.0,-2.295,0.0,0.0,-52.429,0.0,0.0,-8.426,0.0,0.0,0.0,0.0,0.0,18.99499999999999,0.0,0.0
GLY 208,67.198,0.0,0.0,-1.589,0.0,0.0,-62.997,0.0,0.0,-5.543,0.0,0.0,0.0,0.0,0.0,-2.9310000000000054,0.0,0.0
ALA 209,101.874,0.0,0.0,-4.41,0.0,0.0,-92.234,0.0,0.0,-1.23,0.0,0.0,0.0,0.0,0.0,4.0000000000000036,0.0,0.0
THR 210,46.566,0.0,0.0,-2.78,0.0,0.0,-58.329,0.0,0.0,-2.049,0.0,0.0,0.0,0.0,0.0,-16.592,0.0,0.0
LEU 211,63.827,0.0,0.0,-7.964,8.429369702178807e-08,8.429369702178807e-08,-65.914,0.0,0.0,-3.032,0.0,0.0,0.0,0.0,0.0,-13.083000000000002,0.0,0.0
GLU 212,103.572,0.0,0.0,-5.104,0.0,0.0,-94.093,0.0,0.0,-69.309,0.0,0.0,0.0,0.0,0.0,-64.934,0.0,0.0
GLU 213,110.953,0.0,0.0,-4.634,0.0,0.0,-70.672,0.0,0.0,-88.184,0.0,0.0,0.0,0.0,0.0,-52.53699999999999,0.0,0.0
MET 214,93.925,0.0,0.0,-13.074,0.0,0.0,-76.335,0.0,0.0,-0.032,0.0,0.0,0.0,0.0,0.0,4.484000000000005,0.0,0.0
MET 215,102.715,0.0,0.0,-10.732,0.0,0.0,-82.767,0.0,0.0,-0.175,0.0,0.0,0.0,0.0,0.0,9.041000000000007,0.0,0.0
THR 216,39.87,0.0,0.0,-4.443,0.0,0.0,-52.969,0.0,0.0,-1.868,0.0,0.0,0.0,0.0,0.0,-19.41,0.0,0.0
ALA 217,77.32,0.0,0.0,-5.186,0.0,0.0,-65.869,0.0,0.0,-2.447,0.0,0.0,0.0,0.0,0.0,3.8179999999999863,0.0,0.0
CYX 218,96.96,0.0,0.0,-8.422,0.0,0.0,-77.63,0.0,0.0,-2.191,0.0,0.0,0.0,0.0,0.0,8.717000000000002,0.0,0.0
GLN 219,32.01,0.0,0.0,-6.739,0.0,0.0,-67.297,0.0,0.0,-12.306,0.0,0.0,0.0,0.0,0.0,-54.331999999999994,0.0,0.0
GLY 220,101.507,0.0,0.0,-4.505,0.0,0.0,-84.675,0.0,0.0,-5.385,0.0,0.0,0.0,0.0,0.0,6.942000000000013,0.0,0.0
VAL 221,34.225,0.0,0.0,-3.158,0.0,0.0,-44.376,0.0,0.0,-81.566,0.0,0.0,0.0,0.0,0.0,-94.875,0.0,0.0

Receptor:
Total Energy Decomposition:
Residue,Internal,,,van der Waals,,,Electrostatic,,,Polar Solvation,,,Non-Polar Solv.,,,TOTAL,,
,Avg.,Std. Dev.,Std. Err. of Mean,Avg.,Std. Dev.,Std. Err. of Mean,Avg.,Std. Dev.,Std. Err. of Mean,Avg.,Std. Dev.,Std. Err. of Mean,Avg.,Std. Dev.,Std. Err. of Mean,Avg.,Std. Dev.,Std. Err. of Mean
PRO   1,105.355,0.0,0.0,-7.735,0.0,0.0,-102.845,0.0,0.0,9.235,0.0,0.0,0.0,0.0,0.0,4.010000000000005,0.0,0.0
ILE   2,99.891,0.0,0.0,-9.605,0.0,0.0,-69.487,0.0,0.0,-2.092,0.0,0.0,0.0,0.0,0.0,18.707000000000008,0.0,0.0
VAL   3,58.093,0.0,0.0,-6.839,0.0,0.0,-59.9,0.0,0.0,-2.262,0.0,0.0,0.0,0.0,0.0,-10.907999999999994,0.0,0.0
GLN   4,27.171,0.0,0.0,-5.864,0.0,0.0,-60.616,0.0,0.0,-10.78,0.0,0.0,0.0,0.0,0.0,-50.089,0.0,0.0
ASN   5,35.658,0.0,0.0,-4.259,0.0,0.0,-86.414,0.0,0.0,-10.04,0.0,0.0,0.0,0.0,0.0,-65.055,0.0,0.0
LEU   6,65.277,0.0,0.0,-2.004,0.0,0.0,-63.328,0.0,0.0,-7.767,0.0,0.0,0.0,0.0,0.0,-7.822,0.0,0.0
GLN   7,35.778,0.0,0.0,-4.718,0.0,0.0,-68.823,0.0,0.0,-15.889,0.0,0.0,0.0,0.0,0.0,-53.65199999999999,0.0,0.0
GLY   8,79.115,0.0,0.0,-1.254,0.0,0.0,-73.733,0.0,0.0,-5.475,0.0,0.0,0.0,0.0,0.0,-1.3470000000000137,0.0,0.0
GLN   9,36.321,0.0,0.0,-6.865,0.0,0.0,-80.595,0.0,0.0,-6.851,0.0,0.0,0.0,0.0,0.0,-57.99,0.0,0.0
MET  10,100.079,0.0,0.0,-6.851,0.0,0.0,-77.959,0.0,0.0,-6.62,0.0,0.0,0.0,0.0,0.0,8.64899999999999,0.0,0.0
VAL  11,54.884,0.0,0.0,-5.941,0.0,0.0,-51.657,0.0,0.0,-1.796,0.0,0.0,0.0,0.0,0.0,-4.509999999999999,0.0,0.0
HID  12,87.743,0.0,0.0,-9.476,0.0,0.0,-59.139,0.0,0.0,-5.097,0.0,0.0,0.0,0.0,0.0,14.030999999999992,0.0,0.0
GLN  13,33.235,0.0,0.0,-6.572,0.0,0.0,-72.866,0.0,0.0,-9.03,0.0,0.0,0.0,0.0,0.0,-55.233000000000004,0.0,0.0
ALA  14,95.58,0.0,0.0,-4.554,0.0,0.0,-79.305,0.0,0.0,-1.939,0.0,0.0,0.0,0.0,0.0,9.78199999999999,0.0,0.0
ILE  15,97.507,0.0,0.0,-9.324,0.0,0.0,-73.791,0.0,0.0,-3.133,0.0,0.0,0.0,0.0,0.0,11.259000000000011,0.0,0.0
SER  16,70.113,0.0,0.0,-4.39,0.0,0.0,-54.031,0.0,0.0,-6.774,0.0,0.0,0.0,0.0,0.0,4.918,0.0,0.0
PRO  17,93.819,0.0,0.0,-5.072,0.0,0.0,-61.255,0.0,0.0,-2.26,0.0,0.0,0.0,0.0,0.0,25.232,0.0,0.0
ARG  18,-186.779,0.0,0.0,-6.144,0.0,0.0,75.682,0.0,0.0,-49.746,0.0,0.0,0.0,0.0,0.0,-166.987,0.0,0.0
THR  19,42.597,0.0,0.0,-6.886,0.0,0.0,-55.713,0.0,0.0,-4.074,0.0,0.0,0.0,0.0,0.0,-24.076,0.0,0.0
LEU  20,59.723,6.743495761743046e-07,6.743495761743046e-07,-10.658,0.0,0.0,-59.651,0.0,0.0,-1.819,0.0,0.0,0.0,0.0,0.0,-12.405000000000005,0.0,0.0
ASN  21,15.153,0.0,0.0,-6.906,0.0,0.0,-69.694,0.0,0.0,-14.887,0.0,0.0,0.0,0.0,0.0,-76.334,0.0,0.0
ALA  22,96.727,0.0,0.0,-6.46,0.0,0.0,-79.507,0.0,0.0,-2.378,0.0,0.0,0.0,0.0,0.0,8.382000000000005,0.0,0.0
TRP  23,134.371,0.0,0.0,-17.25,0.0,0.0,-97.147,0.0,0.0,-2.598,0.0,0.0,0.0,0.0,0.0,17.376000000000005,0.0,0.0
VAL  24,64.972,0.0,0.0,-4.789,0.0,0.0,-52.833,0.0,0.0,-5.986,0.0,0.0,0.0,0.0,0.0,1.3639999999999946,0.0,0.0
LYS  25,132.152,0.0,0.0,-5.814,0.0,0.0,-94.278,0.0,0.0,-33.826,0.0,0.0,0.0,0.0,0.0,-1.7660000000000124,0.0,0.0
VAL  26,65.807,0.0,0.0,-9.317,0.0,0.0,-64.306,0.0,0.0,-1.737,0.0,0.0,0.0,0.0,0.0,-9.552999999999995,0.0,0.0
VAL  27,45.738,0.0,0.0,-6.203,0.0,0.0,-48.712,0.0,0.0,-2.192,0.0,0.0,0.0,0.0,0.0,-11.369000000000007,0.0,0.0
GLU  28,101.413,0.0,0.0,-6.77,0.0,0.0,-59.115,0.0,0.0,-93.919,0.0,0.0,0.0,0.0,0.0,-58.391,0.0,0.0
GLU  29,115.06,0.0,0.0,-4.155,0.0,0.0,-77.809,0.0,0.0,-80.676,0.0,0.0,0.0,0.0,0.0,-47.58,0.0,0.0
LYS  30,122.774,0.0,0.0,-7.828,0.0,0.0,-120.007,0.0,0.0,4.411,0.0,0.0,0.0,0.0,0.0,-0.6500000000000075,0.0,0.0
ALA  31,86.7,0.0,0.0,-3.978,0.0,0.0,-77.916,0.0,0.0,-3.451,0.0,0.0,0.0,0.0,0.0,1.3550000000000115,0.0,0.0
PHE  32,96.897,0.0,0.0,-5.818,0.0,0.0,-76.272,0.0,0.0,-5.843,0.0,0.0,0.0,0.0,0.0,8.964000000000002,0.0,0.0
SER  33,75.016,0.0,0.0,-5.745,0.0,0.0,-56.883,0.0,0.0,-4.264,0.0,0.0,0.0,0.0,0.0,8.123999999999999,0.0,0.0
PRO  34,76.927,0.0,0.0,-4.881,0.0,0.0,-56.686,0.0,0.0,-1.052,0.0,0.0,0.0,0.0,0.0,14.308000000000007,0.0,0.0
GLU  35,103.954,0.0,0.0,-7.58,0.0,0.0,-83.7,0.0,0.0,-74.7,0.0,0.0,0.0,0.0,0.0,-62.02600000000001,0.0,0.0
VAL  36,58.165,0.0,0.0,-9.941,0.0,0.0,-56.435,0.0,0.0,-0.033,0.0,0.0,0.0,0.0,0.0,-8.244000000000005,0.0,0.0
ILE  37,90.953,0.0,0.0,-6.055,0.0,0.0,-63.814,0.0,0.0,-0.268,0.0,0.0,0.0,0.0,0.0,20.815999999999995,0.0,0.0
PRO  38,84.614,0.0,0.0,-6.868,0.0,0.0,-58.242,0.0,0.0,-1.463,0.0,0.0,0.0,0.0,0.0,18.04100000000001,0.0,0.0
MET  39,92.566,0.0,0.0,-7.859,0.0,0.0,-73.396,0.0,0.0,-1.437,0.0,0.0,0.0,0.0,0.0,9.874000000000008,0.0,0.0
PHE  40,104.524,0.0,0.0,-13.91,0.0,0.0,-85.85,0.0,0.0,-0.248,0.0,0.0,0.0,0.0,0.0,4.51600000000001,0.0,0.0
SER  41,76.908,0.0,0.0,-6.914,0.0,0.0,-65.943,0.0,0.0,-2.267,0.0,0.0,0.0,0.0,0.0,1.784000000000002,0.0,0.0
ALA  42,83.609,0.0,0.0,-5.446,0.0,0.0,-66.462,0.0,0.0,-2.992,0.0,0.0,0.0,0.0,0.0,8.708999999999993,0.0,0.0
LEU  43,71.958,0.0,0.0,-8.393,0.0,0.0,-76.946,0.0,0.0,-1.649,0.0,0.0,0.0,0.0,0.0,-15.030000000000001,0.0,0.0
SER  44,74.228,0.0,0.0,-6.735,0.0,0.0,-78.298,0.0,0.0,0.59,0.0,0.0,0.0,0.0,0.0,-10.215000000000007,0.0,0.0
GLU  45,102.723,0.0,0.0,-6.133,0.0,0.0,-73.517,0.0,0.0,-82.378,0.0,0.0,0.0,0.0,0.0,-59.30499999999999,0.0,0.0
GLY  46,67.867,0.0,0.0,-3.693,0.0,0.0,-68.978,0.0,0.0,-0.853,0.0,0.0,0.0,0.0,0.0,-5.656999999999988,0.0,0.0
ALA  47,96.634,0.0,0.0,-7.76,0.0,0.0,-84.649,0.0,0.0,-0.65,0.0,0.0,0.0,0.0,0.0,3.5749999999999944,0.0,0.0
THR  48,62.882,0.0,0.0,-7.192,0.0,0.0,-59.076,0.0,0.0,-0.062,0.0,0.0,0.0,0.0,0.0,-3.4480000000000026,0.0,0.0
PRO  49,74.726,0.0,0.0,-10.52,0.0,0.0,-54.196,0.0,0.0,0.208,0.0,0.0,0.0,0.0,0.0,10.218000000000005,0.0,0.0
GLN  50,29.907,0.0,0.0,-8.496,0.0,0.0,-74.921,0.0,0.0,-3.883,0.0,0.0,0.0,0.0,0.0,-57.39300000000001,0.0,0.0
ASP  51,93.456,0.0,0.0,-7.059,0.0,0.0,-131.789,0.0,0.0,-19.033,0.0,0.0,0.0,0.0,0.0,-64.42499999999998,0.0,0.0
LEU  52,68.835,0.0,0.0,-14.189,0.0,0.0,-69.368,0.0,0.0,0.912,0.0,0.0,0.0,0.0,0.0,-13.81,0.0,0.0
ASN  53,35.988,0.0,0.0,-6.577,0.0,0.0,-102.768,0.0,0.0,-2.923,0.0,0.0,0.0,0.0,0.0,-76.28,0.0,0.0
THR  54,54.087,0.0,0.0,-6.498,0.0,0.0,-67.201,0.0,0.0,-0.675,0.0,0.0,0.0,0.0,0.0,-20.28699999999999,0.0,0.0
MET  55,86.352,0.0,0.0,-13.403,0.0,0.0,-68.808,0.0,0.0,-0.077,0.0,0.0,0.0,0.0,0.0,4.063999999999991,0.0,0.0
LEU  56,59.062,0.0,0.0,-9.127,0.0,0.0,-67.938,0.0,0.0,0.269,0.0,0.0,0.0,0.0,0.0,-17.73400000000001,0.0,0.0
ASN  57,32.278,0.0,0.0,-6.416,0.0,0.0,-91.212,0.0,0.0,-7.702,0.0,0.0,0.0,0.0,0.0,-73.052,0.0,0.0
THR  58,58.173,0.0,0.0,-7.429,0.0,0.0,-62.863,0.0,0.0,-2.673,0.0,0.0,0.0,0.0,0.0,-14.792,0.0,0.0
VAL  59,43.252,0.0,0.0,-6.71,0.0,0.0,-45.916,0.0,0.0,0.137,0.0,0.0,0.0,0.0,0.0,-9.236999999999995,0.0,0.0
ALA  60,88.186,0.0,0.0,-2.438,0.0,0.0,-66.914,0.0,0.0,0.471,0.0,0.0,0.0,0.0,0.0,19.305000000000003,0.0,0.0
PRO  61,85.073,0.0,0.0,-3.226,0.0,0.0,-62.926,0.0,0.0,-1.031,0.0,0.0,0.0,0.0,0.0,17.889999999999993,0.0,0.0
HID  62,96.783,0.0,0.0,-7.152,0.0,0.0,-64.163,0.0,0.0,-12.439,0.0,0.0,0.0,0.0,0.0,13.029000000000003,0.0,0.0
GLN  63,32.783,0.0,0.0,-6.636,0.0,0.0,-69.941,0.0,0.0,-6.463,0.0,0.0,0.0,0.0,0.0,-50.257,0.0,0.0
ALA  64,88.436,0.0,0.0,-4.423,0.0,0.0,-71.627,0.0,0.0,-3.273,0.0,0.0,0.0,0.0,0.0,9.11300000000001,0.0,0.0
ALA  65,89.076,0.0,0.0,-6.245,0.0,0.0,-74.858,0.0,0.0,-1.901,0.0,0.0,0.0,0.0,0.0,6.071999999999985,0.0,0.0
ALA  66,95.254,0.0,0.0,-7.06,0.0,0.0,-80.973,0.0,0.0,-1.081,0.0,0.0,0.0,0.0,0.0,6.140000000000004,0.0,0.0
GLN  67,45.212,0.0,0.0,-7.003,0.0,0.0,-79.131,0.0,0.0,-12.714,0.0,0.0,0.0,0.0,0.0,-53.635999999999996,0.0,0.0
MET  68,91.086,0.0,0.0,-9.546,0.0,0.0,-74.251,0.0,0.0,-2.781,0.0,0.0,0.0,0.0,0.0,4.507999999999987,0.0,0.0
LEU  69,84.711,0.0,0.0,-12.703,0.0,0.0,-78.464,0.0,0.0,-2.739,0.0,0.0,0.0,0.0,0.0,-9.195000000000004,0.0,0.0
LYS  70,133.934,0.0,0.0,-9.645,0.0,0.0,-111.624,0.0,0.0,-7.46,0.0,0.0,0.0,0.0,0.0,5.205000000000006,0.0,0.0
GLU  71,106.104,0.0,0.0,-7.374,0.0,0.0,-71.484,0.0,0.0,-96.549,0.0,0.0,0.0,0.0,0.0,-69.303,0.0,0.0
THR  72,48.546,0.0,0.0,-9.123,0.0,0.0,-53.49,0.0,0.0,-4.76,0.0,0.0,0.0,0.0,0.0,-18.826999999999998,0.0,0.0
ILE  73,73.343,0.0,0.0,-10.708,0.0,0.0,-51.872,0.0,0.0,-2.142,0.0,0.0,0.0,0.0,0.0,8.621000000000006,0.0,0.0
ASN  74,24.945,0.0,0.0,-8.099,0.0,0.0,-85.215,0.0,0.0,-3.716,0.0,0.0,0.0,0.0,0.0,-72.085,0.0,0.0
GLU  75,108.63,0.0,0.0,-7.272,0.0,0.0,-49.529,0.0,0.0,-113.603,0.0,0.0,0.0,0.0,0.0,-61.77400000000001,0.0,0.0
GLU  76,97.428,0.0,0.0,-11.186,0.0,0.0,-52.245,0.0,0.0,-97.946,0.0,0.0,0.0,0.0,0.0,-63.949000000000005,0.0,0.0
ALA  77,83.847,0.0,0.0,-6.519,0.0,0.0,-73.987,0.0,0.0,0.169,0.0,0.0,0.0,0.0,0.0,3.509999999999994,0.0,0.0
ALA  78,95.01,0.0,0.0,-5.417,0.0,0.0,-87.412,0.0,0.0,1.17,0.0,0.0,0.0,0.0,0.0,3.3509999999999973,0.0,0.0
GLU  79,117.149,0.0,0.0,-7.449,0.0,0.0,-85.735,0.0,0.0,-72.374,0.0,0.0,0.0,0.0,0.0,-48.40899999999999,0.0,0.0
TRP  80,116.586,0.0,0.0,-14.401,0.0,0.0,-87.626,0.0,0.0,-0.722,0.0,0.0,0.0,0.0,0.0,13.836999999999998,0.0,0.0
ASP  81,105.706,0.0,0.0,-7.464,0.0,0.0,-75.018,0.0,0.0,-70.693,0.0,0.0,0.0,0.0,0.0,-47.468999999999994,0.0,0.0
ARG  82,-199.678,0.0,0.0,-6.014,0.0,0.0,3.54,0.0,0.0,27.791,0.0,0.0,0.0,0.0,0.0,-174.36100000000002,0.0,0.0
LEU  83,69.474,0.0,0.0,-6.461,0.0,0.0,-72.442,0.0,0.0,-2.744,0.0,0.0,0.0,0.0,0.0,-12.172999999999988,0.0,0.0
HID  84,111.181,0.0,0.0,-10.929,0.0,0.0,-71.458,0.0,0.0,-6.748,0.0,0.0,0.0,0.0,0.0,22.045999999999996,0.0,0.0
PRO  85,91.088,0.0,0.0,-4.58,0.0,0.0,-68.032,0.0,0.0,-3.024,0.0,0.0,0.0,0.0,0.0,15.451999999999998,0.0,0.0
VAL  86,46.961,0.0,0.0,-3.779,0.0,0.0,-48.271,0.0,0.0,-6.88,0.0,0.0,0.0,0.0,0.0,-11.968999999999998,0.0,0.0
HID  87,90.145,0.0,0.0,-7.97,0.0,0.0,-66.936,0.0,0.0,-2.89,0.0,0.0,0.0,0.0,0.0,12.34899999999999,0.0,0.0
ALA  88,86.937,0.0,0.0,-1.693,0.0,0.0,-74.985,0.0,0.0,-3.508,0.0,0.0,0.0,0.0,0.0,6.751,0.0,0.0
GLY  89,92.728,0.0,0.0,-1.942,0.0,0.0,-76.586,0.0,0.0,-4.743,0.0,0.0,0.0,0.0,0.0,9.457000000000003,0.0,0.0
PRO  90,82.327,0.0,0.0,-3.512,0.0,0.0,-51.922,0.0,0.0,-8.57,0.0,0.0,0.0,0.0,0.0,18.323,0.0,0.0
ILE  91,75.004,0.0,0.0,-5.085,0.0,0.0,-52.045,0.0,0.0,-4.91,0.0,0.0,0.0,0.0,0.0,12.96400000000001,0.0,0.0
ALA  92,96.121,0.0,0.0,-3.89,0.0,0.0,-67.365,0.0,0.0,-6.377,0.0,0.0,0.0,0.0,0.0,18.489,0.0,0.0
PRO  93,80.744,0.0,0.0,-4.396,0.0,0.0,-58.091,0.0,0.0,-4.014,0.0,0.0,0.0,0.0,0.0,14.242999999999999,0.0,0.0
GLY  94,75.005,0.0,0.0,-2.491,0.0,0.0,-65.975,0.0,0.0,-8.116,0.0,0.0,0.0,0.0,0.0,-1.5769999999999982,0.0,0.0
GLN  95,32.042,0.0,0.0,-1.733,0.0,0.0,-57.095,0.0,0.0,-24.396,0.0,0.0,0.0,0.0,0.0,-51.182,0.0,0.0
MET  96,106.411,0.0,0.0,-6.045,0.0,0.0,-73.518,0.0,0.0,-8.265,0.0,0.0,0.0,0.0,0.0,18.583,0.0,0.0
ARG  97,-182.696,0.0,0.0,-11.24,0.0,0.0,-29.342,0.0,0.0,40.958,0.0,0.0,0.0,0.0,0.0,-182.32000000000002,0.0,0.0
GLU  98,114.695,0.0,0.0,-6.908,0.0,0.0,-65.21,0.0,0.0,-86.894,0.0,0.0,0.0,0.0,0.0,-44.31700000000001,0.0,0.0
PRO  99,91.983,0.0,0.0,-9.206,0.0,0.0,-58.873,0.0,0.0,-2.589,0.0,0.0,0.0,0.0,0.0,21.315000000000005,0.0,0.0
ARG 100,-184.571,0.0,0.0,-12.084,0.0,0.0,-7.163,0.0,0.0,35.107,0.0,0.0,0.0,0.0,0.0,-168.711,0.0,0.0
GLY 101,82.405,0.0,0.0,-3.369,0.0,0.0,-89.169,0.0,0.0,1.813,0.0,0.0,0.0,0.0,0.0,-8.319999999999995,0.0,0.0
SER 102,71.453,0.0,0.0,-5.992,0.0,0.0,-70.029,0.0,0.0,-1.358,0.0,0.0,0.0,0.0,0.0,-5.925999999999998,0.0,0.0
ASP 103,87.339,0.0,0.0,-11.174,0.0,0.0,-83.758,0.0,0.0,-48.184,0.0,0.0,0.0,0.0,0.0,-55.777,0.0,0.0
ILE 104,81.748,0.0,0.0,-11.664,0.0,0.0,-61.86,0.0,0.0,1.358,0.0,0.0,0.0,0.0,0.0,9.582000000000004,0.0,0.0
ALA 105,85.594,0.0,0.0,-6.686,0.0,0.0,-77.215,0.0,0.0,0.943,0.0,0.0,0.0,0.0,0.0,2.6359999999999837,0.0,0.0
GLY 106,89.867,0.0,0.0,-4.63,0.0,0.0,-86.62,0.0,0.0,-1.877,0.0,0.0,0.0,0.0,0.0,-3.2599999999999953,0.0,0.0
THR 107,55.67,0.0,0.0,-5.248,0.0,0.0,-58.456,0.0,0.0,-6.994,0.0,0.0,0.0,0.0,0.0,-15.027999999999999,0.0,0.0
THR 108,37.368,0.0,0.0,-4.131,0.0,0.0,-46.544,0.0,0.0,-3.764,0.0,0.0,0.0,0.0,0.0,-17.070999999999994,0.0,0.0
SER 109,70.855,0.0,0.0,-7.898,0.0,0.0,-64.08,0.0,0.0,-1.881,0.0,0.0,0.0,0.0,0.0,-3.0039999999999907,0.0,0.0
THR 110,41.246,0.0,0.0,-5.887,0.0,0.0,-40.908,0.0,0.0,-4.296,0.0,0.0,0.0,0.0,0.0,-9.844999999999999,0.0,0.0
LEU 111,66.921,0.0,0.0,-7.021,0.0,0.0,-65.184,0.0,0.0,-3.413,0.0,0.0,0.0,0.0,0.0,-8.696999999999992,0.0,0.0
GLN 112,40.046,0.0,0.0,-4.641,0.0,0.0,-79.056,0.0,0.0,-9.08,0.0,0.0,0.0,0.0,0.0,-52.730999999999995,0.0,0.0
GLU 113,99.442,0.0,0.0,-11.221,0.0,0.0,-111.575,0.0,0.0,-28.351,0.0,0.0,0.0,0.0,0.0,-51.70500000000001,0.0,0.0
GLN 114,39.571,0.0,0.0,-12.147,0.0,0.0,-86.78,0.0,0.0,0.783,0.0,0.0,0.0,0.0,0.0,-58.573,0.0,0.0
ILE 115,99.514,0.0,0.0,-7.38,0.0,0.0,-79.488,0.0,0.0,-1.829,0.0,0.0,0.0,0.0,0.0,10.817,0.0,0.0
GLY 116,76.257,0.0,0.0,-4.487,0.0,0.0,-73.731,0.0,0.0,-1.865,0.0,0.0,0.0,0.0,0.0,-3.8259999999999845,0.0,0.0
TRP 117,127.119,0.0,0.0,-17.12,0.0,0.0,-90.629,0.0,0.0,0.904,0.0,0.0,0.0,0.0,0.0,20.27399999999999,0.0,0.0
MET 118,97.001,0.0,0.0,-9.959,0.0,0.0,-82.215,0.0,0.0,-1.786,0.0,0.0,0.0,0.0,0.0,3.040999999999998,0.0,0.0
THR 119,35.485,0.0,0.0,-5.932,0.0,0.0,-45.804,0.0,0.0,-5.389,0.0,0.0,0.0,0.0,0.0,-21.640000000000004,0.0,0.0
HID 120,85.522,0.0,0.0,-9.718,0.0,0.0,-56.857,0.0,0.0,-8.284,0.0,0.0,0.0,0.0,0.0,10.663000000000002,0.0,0.0
ASN 121,44.897,0.0,0.0,-3.973,0.0,0.0,-83.963,0.0,0.0,-12.348,0.0,0.0,0.0,0.0,0.0,-55.38699999999999,0.0,0.0
PRO 122,90.633,0.0,0.0,-3.473,0.0,0.0,-60.912,0.0,0.0,-2.071,0.0,0.0,0.0,0.0,0.0,24.176999999999996,0.0,0.0
PRO 123,89.612,0.0,0.0,-5.546,0.0,0.0,-61.066,0.0,0.0,-2.395,0.0,0.0,0.0,0.0,0.0,20.604999999999986,0.0,0.0
ILE 124,93.381,0.0,0.0,-5.928,0.0,0.0,-60.334,0.0,0.0,-1.724,0.0,0.0,0.0,0.0,0.0,25.395,0.0,0.0
PRO 125,88.619,0.0,0.0,-5.015,0.0,0.0,-65.286,0.0,0.0,-1.015,0.0,0.0,0.0,0.0,0.0,17.302999999999997,0.0,0.0
VAL 126,49.782,0.0,0.0,-8.656,0.0,0.0,-49.84,0.0,0.0,-0.027,0.0,0.0,0.0,0.0,0.0,-8.741000000000005,0.0,0.0
GLY 127,70.593,0.0,0.0,-5.701,0.0,0.0,-74.035,0.0,0.0,-0.943,0.0,0.0,0.0,0.0,0.0,-10.085999999999986,0.0,0.0
GLU 128,107.139,0.0,0.0,-8.633,0.0,0.0,-103.2,0.0,0.0,-46.584,0.0,0.0,0.0,0.0,0.0,-51.278000000000006,0.0,0.0
ILE 129,84.088,0.0,0.0,-10.675,0.0,0.0,-63.562,0.0,0.0,-0.44,0.0,0.0,0.0,0.0,0.0,9.411,0.0,0.0
TYR 130,93.315,0.0,0.0,-13.258,0.0,0.0,-89.323,0.0,0.0,-1.073,0.0,0.0,0.0,0.0,0.0,-10.338999999999992,0.0,0.0
LYS 131,150.257,0.0,0.0,-12.022,0.0,0.0,-158.261,0.0,0.0,23.545,0.0,0.0,0.0,0.0,0.0,3.5190000000000197,0.0,0.0
ARG 132,-188.623,0.0,0.0,-10.756,0.0,0.0,41.816,0.0,0.0,-3.191,0.0,0.0,0.0,0.0,0.0,-160.754,0.0,0.0
TRP 133,125.512,0.0,0.0,-18.994,0.0,0.0,-91.176,0.0,0.0,-2.596,0.0,0.0,0.0,0.0,0.0,12.745999999999999,0.0,0.0
ILE 134,91.994,0.0,0.0,-10.841,0.0,0.0,-69.226,0.0,0.0,-0.144,0.0,0.0,0.0,0.0,0.0,11.783000000000007,0.0,0.0
ILE 135,80.961,0.0,0.0,-9.488,0.0,0.0,-64.232,0.0,0.0,0.214,0.0,0.0,0.0,0.0,0.0,7.455,0.0,0.0
LEU 136,65.318,0.0,0.0,-9.45,0.0,0.0,-73.481,0.0,0.0,1.793,0.0,0.0,0.0,0.0,0.0,-15.82,0.0,0.0
GLY 137,77.826,0.0,0.0,-6.342,0.0,0.0,-78.13,0.0,0.0,1.001,0.0,0.0,0.0,0.0,0.0,-5.645000000000001,0.0,0.0
LEU 138,67.889,0.0,0.0,-10.969,0.0,0.0,-66.446,0.0,0.0,0.074,0.0,0.0,0.0,0.0,0.0,-9.452000000000004,0.0,0.0
ASN 139,44.368,0.0,0.0,-7.822,0.0,0.0,-95.667,0.0,0.0,-3.968,0.0,0.0,0.0,0.0,0.0,-63.089,0.0,0.0
LYS 140,135.571,0.0,0.0,-9.978,0.0,0.0,-131.879,0.0,0.0,-0.935,0.0,0.0,0.0,0.0,0.0,-7.220999999999988,0.0,0.0
ILE 141,104.277,0.0,0.0,-10.862,0.0,0.0,-86.295,0.0,0.0,-1.292,0.0,0.0,0.0,0.0,0.0,5.828000000000005,0.0,0.0
VAL 142,69.649,0.0,0.0,-8.267,0.0,0.0,-56.045,0.0,0.0,-4.76,0.0,0.0,0.0,0.0,0.0,0.5770000000000035,0.0,0.0
ARG 143,-198.112,0.0,0.0,-6.514,0.0,0.0,62.786,0.0,0.0,-22.269,0.0,0.0,0.0,0.0,0.0,-164.109,0.0,0.0
MET 144,87.677,0.0,0.0,-7.461,0.0,0.0,-74.018,0.0,0.0,-4.514,0.0,0.0,0.0,0.0,0.0,1.6840000000000073,0.0,0.0
TYR 145,90.682,0.0,0.0,-9.319,0.0,0.0,-83.191,0.0,0.0,-5.346,0.0,0.0,0.0,0.0,0.0,-7.174000000000003,0.0,0.0
SER 146,77.868,0.0,0.0,-3.28,0.0,0.0,-53.307,0.0,0.0,-9.97,0.0,0.0,0.0,0.0,0.0,11.310999999999991,0.0,0.0
PRO 147,93.292,0.0,0.0,-2.927,0.0,0.0,-64.084,0.0,0.0,-3.376,0.0,0.0,0.0,0.0,0.0,22.90499999999999,0.0,0.0
THR 148,43.902,0.0,0.0,-1.859,0.0,0.0,-51.095,0.0,0.0,-7.233,0.0,0.0,0.0,0.0,0.0,-16.285,0.0,0.0
SER 149,65.307,0.0,0.0,-1.706,0.0,0.0,-46.142,0.0,0.0,-12.331,0.0,0.0,0.0,0.0,0.0,5.127999999999997,0.0,0.0
ILE 150,60.714,0.0,0.0,0.46,0.0,0.0,-30.429,0.0,0.0,-6.669,0.0,0.0,0.0,0.0,0.0,24.076,0.0,0.0

Ligand:
Total Energy Decomposition:
Residue,Internal,,,van der Waals,,,Electrostatic,,,Polar Solvation,,,Non-Polar Solv.,,,TOTAL,,
,Avg.,Std. Dev.,Std. Err. of Mean,Avg.,Std. Dev.,Std. Err. of Mean,Avg.,Std. Dev.,Std. Err. of Mean,Avg.,Std. Dev.,Std. Err. of Mean,Avg.,Std. Dev.,Std. Err. of Mean,Avg.,Std. Dev.,Std. Err. of Mean
LEU   1,46.425,0.0,0.0,-2.752,0.0,0.0,-42.76,0.0,0.0,-2.826,0.0,0.0,0.0,0.0,0.0,-1.9130000000000034,0.0,0.0
ASP   2,119.25,0.0,0.0,-3.62,0.0,0.0,-92.834,0.0,0.0,-83.546,0.0,0.0,0.0,0.0,0.0,-60.750000000000014,0.0,0.0
ILE   3,97.482,0.0,0.0,-8.147,0.0,0.0,-67.453,0.0,0.0,-1.484,0.0,0.0,0.0,0.0,0.0,20.39799999999999,0.0,0.0
ARG   4,-194.544,0.0,0.0,-8.341,0.0,0.0,40.398,0.0,0.0,-10.168,0.0,0.0,0.0,0.0,0.0,-172.65500000000003,0.0,0.0
GLN   5,32.993,0.0,0.0,-10.644,0.0,0.0,-88.906,0.0,0.0,1.798,0.0,0.0,0.0,0.0,0.0,-64.759,0.0,0.0
GLY   6,88.325,0.0,0.0,-3.839,0.0,0.0,-73.809,0.0,0.0,-3.265,0.0,0.0,0.0,0.0,0.0,7.412000000000006,0.0,0.0
PRO   7,85.279,0.0,0.0,-4.095,0.0,0.0,-54.27,0.0,0.0,-5.905,0.0,0.0,0.0,0.0,0.0,21.008999999999993,0.0,0.0
LYS   8,125.543,0.0,0.0,-5.048,0.0,0.0,-145.559,0.0,0.0,17.316,0.0,0.0,0.0,0.0,0.0,-7.747999999999994,0.0,0.0
GLU   9,108.474,0.0,0.0,-6.817,0.0,0.0,-120.073,0.0,0.0,-36.424,0.0,0.0,0.0,0.0,0.0,-54.83999999999998,0.0,0.0
PRO  10,77.124,0.0,0.0,-8.823,0.0,0.0,-56.425,0.0,0.0,-0.387,0.0,0.0,0.0,0.0,0.0,11.48899999999999,0.0,0.0
PHE  11,109.765,0.0,0.0,-14.692,0.0,0.0,-73.624,0.0,0.0,-1.015,0.0,0.0,0.0,0.0,0.0,20.43400000000001,0.0,0.0
ARG  12,-195.775,0.0,0.0,-8.519,0.0,0.0,-2.097,0.0,0.0,32.514,0.0,0.0,0.0,0.0,0.0,-173.877,0.0,0.0
ASP  13,86.477,0.0,0.0,-7.199,0.0,0.0,-61.443,0.0,0.0,-89.334,0.0,0.0,0.0,0.0,0.0,-71.499,0.0,0.0
TYR  14,97.758,0.0,0.0,-18.02,0.0,0.0,-98.26,0.0,0.0,1.368,0.0,0.0,0.0,0.0,0.0,-17.154000000000007,0.0,0.0
VAL  15,53.239,0.0,0.0,-8.407,0.0,0.0,-57.843,0.0,0.0,3.155,0.0,0.0,0.0,0.0,0.0,-9.85600000000001,0.0,0.0
ASP  16,99.821,0.0,0.0,-7.543,0.0,0.0,-73.98,0.0,0.0,-79.119,0.0,0.0,0.0,0.0,0.0,-60.82100000000001,0.0,0.0
ARG  17,-188.788,0.0,0.0,-8.768,0.0,0.0,11.801,0.0,0.0,12.225,0.0,0.0,0.0,0.0,0.0,-173.53000000000003,0.0,0.0
PHE  18,99.348,0.0,0.0,-13.964,0.0,0.0,-81.428,0.0,0.0,0.167,0.0,0.0,0.0,0.0,0.0,4.123000000000003,0.0,0.0
TYR  19,98.137,0.0,0.0,-10.999,0.0,0.0,-94.233,0.0,0.0,1.097,0.0,0.0,0.0,0.0,0.0,-5.997999999999999,0.0,0.0
LYS  20,138.905,0.0,0.0,-7.406,0.0,0.0,-120.67,0.0,0.0,-16.173,0.0,0.0,0.0,0.0,0.0,-5.344000000000005,0.0,0.0
THR  21,49.808,0.0,0.0,-6.62,0.0,0.0,-62.667,0.0,0.0,-3.205,0.0,0.0,0.0,0.0,0.0,-22.683999999999997,0.0,0.0
LEU  22,79.657,0.0,0.0,-9.912,0.0,0.0,-70.212,0.0,0.0,-3.389,0.0,0.0,0.0,0.0,0.0,-3.8560000000000128,0.0,0.0
ARG  23,-202.419,0.0,0.0,-7.389,0.0,0.0,69.943,0.0,0.0,-24.56,0.0,0.0,0.0,0.0,0.0,-164.425,0.0,0.0
ALA  24,88.223,0.0,0.0,-4.342,0.0,0.0,-80.331,0.0,0.0,-3.176,0.0,0.0,0.0,0.0,0.0,0.373999999999997,0.0,0.0
GLU  25,116.037,0.0,0.0,-5.266,0.0,0.0,-67.065,0.0,0.0,-96.695,0.0,0.0,0.0,0.0,0.0,-52.98899999999999,0.0,0.0
GLN  26,28.175,0.0,0.0,-5.082,0.0,0.0,-58.55,0.0,0.0,-15.865,0.0,0.0,0.0,0.0,0.0,-51.321999999999996,0.0,0.0
ALA  27,96.964,0.0,0.0,-4.602,0.0,0.0,-82.257,0.0,0.0,-2.916,0.0,0.0,0.0,0.0,0.0,7.188999999999989,0.0,0.0
SER  28,70.761,0.0,0.0,-2.121,0.0,0.0,-71.258,0.0,0.0,-0.461,0.0,0.0,0.0,0.0,0.0,-3.078999999999995,0.0,0.0
GLN  29,22.545,0.0,0.0,-6.686,0.0,0.0,-72.749,0.0,0.0,-3.401,0.0,0.0,0.0,0.0,0.0,-60.291,0.0,0.0
GLU  30,111.128,0.0,0.0,-3.281,0.0,0.0,-106.345,0.0,0.0,-60.032,0.0,0.0,0.0,0.0,0.0,-58.53,0.0,0.0
VAL  31,64.223,0.0,0.0,-6.707,0.0,0.0,-62.451,0.0,0.0,-0.18,0.0,0.0,0.0,0.0,0.0,-5.115000000000002,0.0,0.0
LYS  32,115.487,0.0,0.0,-9.749,0.0,0.0,-98.259,0.0,0.0,-14.856,0.0,0.0,0.0,0.0,0.0,-7.377000000000001,0.0,0.0
ASN  33,23.735,0.0,0.0,-8.178,0.0,0.0,-83.585,0.0,0.0,-7.917,0.0,0.0,0.0,0.0,0.0,-75.945,0.0,0.0
TRP  34,127.307,0.0,0.0,-10.476,0.0,0.0,-93.01,0.0,0.0,-4.799,0.0,0.0,0.0,0.0,0.0,19.022,0.0,0.0
MET  35,106.868,0.0,0.0,-10.926,0.0,0.0,-86.576,0.0,0.0,-0.356,0.0,0.0,0.0,0.0,0.0,9.01,0.0,0.0
THR  36,43.54,0.0,0.0,-7.205,0.0,0.0,-57.119,0.0,0.0,-1.124,0.0,0.0,0.0,0.0,0.0,-21.907999999999998,0.0,0.0
GLU  37,103.548,0.0,0.0,-5.287,0.0,0.0,-69.376,0.0,0.0,-90.689,0.0,0.0,0.0,0.0,0.0,-61.804,0.0,0.0
THR  38,41.468,0.0,0.0,-4.759,0.0,0.0,-50.59,0.0,0.0,-0.585,0.0,0.0,0.0,0.0,0.0,-14.466000000000001,0.0,0.0
LEU  39,62.49,0.0,0.0,-8.895,0.0,0.0,-65.55,0.0,0.0,1.057,0.0,0.0,0.0,0.0,0.0,-10.897999999999998,0.0,0.0
LEU  40,87.089,0.0,0.0,-10.719,0.0,0.0,-90.735,0.0,0.0,1.46,0.0,0.0,0.0,0.0,0.0,-12.904999999999994,0.0,0.0
VAL  41,61.473,0.0,0.0,-7.258,0.0,0.0,-66.273,0.0,0.0,2.35,0.0,0.0,0.0,0.0,0.0,-9.708,0.0,0.0
GLN  42,19.373,0.0,0.0,-5.539,0.0,0.0,-64.778,0.0,0.0,-6.257,0.0,0.0,0.0,0.0,0.0,-57.201,0.0,0.0
ASN  43,16.458,0.0,0.0,-10.045,0.0,0.0,-85.49,0.0,0.0,1.981,0.0,0.0,0.0,0.0,0.0,-77.096,0.0,0.0
ALA  44,91.804,0.0,0.0,-7.335,0.0,0.0,-84.21,0.0,0.0,2.275,0.0,0.0,0.0,0.0,0.0,2.5340000000000145,0.0,0.0
ASN  45,47.854,0.0,0.0,-8.795,0.0,0.0,-93.432,0.0,0.0,-7.949,0.0,0.0,0.0,0.0,0.0,-62.322,0.0,0.0
PRO  46,80.262,0.0,0.0,-5.879,0.0,0.0,-58.565,0.0,0.0,-1.423,0.0,0.0,0.0,0.0,0.0,14.394999999999998,0.0,0.0
ASP  47,89.633,0.0,0.0,-5.743,0.0,0.0,-71.635,0.0,0.0,-79.263,0.0,0.0,0.0,0.0,0.0,-67.00800000000001,0.0,0.0
CYX  48,100.581,0.0,0.0,-8.305,0.0,0.0,-79.194,0.0,0.0,-1.598,0.0,0.0,0.0,0.0,0.0,11.484000000000007,0.0,0.0
LYS  49,137.381,0.0,0.0,-9.589,0.0,0.0,-120.478,0.0,0.0,-15.987,0.0,0.0,0.0,0.0,0.0,-8.672999999999993,0.0,0.0
THR  50,52.505,0.0,0.0,-6.558,0.0,0.0,-64.957,0.0,0.0,-2.538,0.0,0.0,0.0,0.0,0.0,-21.54799999999999,0.0,0.0
ILE  51,73.548,0.0,0.0,-8.798,0.0,0.0,-54.731,0.0,0.0,-0.91,0.0,0.0,0.0,0.0,0.0,9.108999999999998,0.0,0.0
LEU  52,81.685,0.0,0.0,-7.959,0.0,0.0,-73.724,0.0,0.0,-3.751,0.0,0.0,0.0,0.0,0.0,-3.7490000000000046,0.0,0.0
LYS  53,124.798,0.0,0.0,-5.492,0.0,0.0,-94.253,0.0,0.0,-25.555,0.0,0.0,0.0,0.0,0.0,-0.5020000000000024,0.0,0.0
ALA  54,85.489,0.0,0.0,-3.728,0.0,0.0,-72.206,0.0,0.0,-5.124,0.0,0.0,0.0,0.0,0.0,4.431000000000007,0.0,0.0
LEU  55,70.067,0.0,0.0,-5.851,0.0,0.0,-71.585,0.0,0.0,-5.342,0.0,0.0,0.0,0.0,0.0,-12.710999999999999,0.0,0.0
GLY  56,91.239,0.0,0.0,-2.994,0.0,0.0,-71.253,0.0,0.0,-6.414,0.0,0.0,0.0,0.0,0.0,10.578000000000005,0.0,0.0
PRO  57,82.145,0.0,0.0,-2.295,0.0,0.0,-52.374,0.0,0.0,-8.478,0.0,0.0,0.0,0.0,0.0,18.99799999999999,0.0,0.0
GLY  58,67.198,0.0,0.0,-1.589,0.0,0.0,-62.945,0.0,0.0,-5.593,0.0,0.0,0.0,0.0,0.0,-2.9290000000000056,0.0,0.0
ALA  59,101.874,0.0,0.0,-4.409,0.0,0.0,-92.316,0.0,0.0,-1.151,0.0,0.0,0.0,0.0,0.0,3.997999999999987,0.0,0.0
THR  60,46.566,0.0,0.0,-2.778,0.0,0.0,-58.364,0.0,0.0,-2.016,0.0,0.0,0.0,0.0,0.0,-16.59199999999999,0.0,0.0
LEU  61,63.827,0.0,0.0,-7.957,0.0,0.0,-65.934,0.0,0.0,-3.015,0.0,0.0,0.0,0.0,0.0,-13.079,0.0,0.0
GLU  62,103.572,0.0,0.0,-5.101,0.0,0.0,-101.43,0.0,0.0,-62.022,0.0,0.0,0.0,0.0,0.0,-64.981,0.0,0.0
GLU  63,110.953,0.0,0.0,-4.633,0.0,0.0,-76.898,0.0,0.0,-82.032,0.0,0.0,0.0,0.0,0.0,-52.609999999999985,0.0,0.0
MET  64,93.925,0.0,0.0,-13.072,0.0,0.0,-76.27,0.0,0.0,-0.094,0.0,0.0,0.0,0.0,0.0,4.488999999999998,0.0,0.0
MET  65,102.715,0.0,0.0,-10.727,0.0,0.0,-82.881,0.0,0.0,-0.056,0.0,0.0,0.0,0.0,0.0,9.051,0.0,0.0
THR  66,39.87,0.0,0.0,-4.441,0.0,0.0,-53.009,0.0,0.0,-1.824,0.0,0.0,0.0,0.0,0.0,-19.404000000000007,0.0,0.0
ALA  67,77.32,0.0,0.0,-5.185,0.0,0.0,-65.832,0.0,0.0,-2.481,0.0,0.0,0.0,0.0,0.0,3.8219999999999974,0.0,0.0
CYX  68,96.96,0.0,0.0,-8.42,0.0,0.0,-77.654,0.0,0.0,-2.165,0.0,0.0,0.0,0.0,0.0,8.720999999999997,0.0,0.0
GLN  69,32.01,0.0,0.0,-6.737,0.0,0.0,-67.519,0.0,0.0,-12.081,0.0,0.0,0.0,0.0,0.0,-54.32700000000001,0.0,0.0
GLY  70,101.507,0.0,0.0,-4.504,0.0,0.0,-84.68,0.0,0.0,-5.381,0.0,0.0,0.0,0.0,0.0,6.941999999999993,0.0,0.0
VAL  71,34.225,0.0,0.0,-3.157,0.0,0.0,-52.042,0.0,0.0,-74.01,0.0,0.0,0.0,0.0,0.0,-94.98400000000001,0.0,0.0

DELTAS:
Total Energy Decomposition:
Residue,Location,Internal,,,van der Waals,,,Electrostatic,,,Polar Solvation,,,Non-Polar Solv.,,,TOTAL,,
,,Avg.,Std. Dev.,Std. Err. of Mean,Avg.,Std. Dev.,Std. Err. of Mean,Avg.,Std. Dev.,Std. Err. of Mean,Avg.,Std. Dev.,Std. Err. of Mean,Avg.,Std. Dev.,Std. Err. of Mean
PRO   1,R PRO   1,0.0,0.0,0.0,0.0,0.0,0.0,-6.036000000000001,0.0,0.0,6.001000000000001,0.0,0.0,0.0,0.0,0.0,-0.03500000000000014,0.0,0.0
ILE   2,R ILE   2,0.0,0.0,0.0,-0.0009999999999994458,0.0,0.0,0.05999999999998806,0.0,0.0,-0.06199999999999983,0.0,0.0,0.0,0.0,0.0,-0.0030000000000036664,0.0,0.0
VAL   3,R VAL   3,0.0,0.0,0.0,0.0,0.0,0.0,-0.036999999999999034,0.0,0.0,0.03600000000000003,0.0,0.0,0.0,0.0,0.0,-0.0009999999999976694,0.0,0.0
GLN   4,R GLN   4,0.0,0.0,0.0,0.0,0.0,0.0,-0.02499999999999858,0.0,0.0,0.02499999999999858,0.0,0.0,0.0,0.0,0.0,-7.105427357601002e-15,0.0,0.0
ASN   5,R ASN   5,0.0,0.0,0.0,0.0,0.0,0.0,0.01099999999999568,0.0,0.0,-0.011000000000001009,0.0,0.0,0.0,0.0,0.0,0.0,0.0,0.0
LEU   6,R LEU   6,0.0,0.0,0.0,0.0,0.0,0.0,-0.026999999999993918,0.0,0.0,0.027000000000000135,0.0,0.0,0.0,0.0,0.0,6.217248937900877e-15,0.0,0.0
GLN   7,R GLN   7,0.0,0.0,0.0,0.0,0.0,0.0,-0.06500000000001194,0.0,0.0,0.0649999999999995,0.0,0.0,0.0,0.0,0.0,-1.4210854715202004e-14,0.0,0.0
GLY   8,R GLY   8,0.0,0.0,0.0,0.0,0.0,0.0,-0.024999999999991473,0.0,0.0,0.024999999999999467,0.0,0.0,0.0,0.0,0.0,7.993605777301127e-15,0.0,0.0
GLN   9,R GLN   9,0.0,0.0,0.0,0.0,0.0,0.0,0.03900000000000148,0.0,0.0,-0.038000000000000256,0.0,0.0,0.0,0.0,0.0,0.0009999999999976694,0.0,0.0
MET  10,R MET  10,0.0,0.0,0.0,0.0,0.0,0.0,-0.06699999999999307,0.0,0.0,0.0680000000000005,0.0,0.0,0.0,0.0,0.0,0.0010000000000083276,0.0,0.0
VAL  11,R VAL  11,0.0,0.0,0.0,0.0,0.0,0.0,0.03999999999999915,0.0,0.0,-0.040999999999999925,0.0,0.0,0.0,0.0,0.0,-0.001000000000000334,0.0,0.0
HID  12,R HID  12,0.0,0.0,0.0,0.0,0.0,0.0,-0.02599999999999625,0.0,0.0,0.02800000000000047,0.0,0.0,0.0,0.0,0.0,0.002000000000005997,0.0,0.0
GLN  13,R GLN  13,0.0,0.0,0.0,-0.001000000000000334,0.0,0.0,0.049000000000006594,0.0,0.0,-0.05200000000000138,0.0,0.0,0.0,0.0,0.0,-0.003999999999990678,0.0,0.0
ALA  14,R ALA  14,0.0,0.0,0.0,-0.0009999999999994458,0.0,0.0,0.027000000000001023,0.0,0.0,-0.02400000000000002,0.0,0.0,0.0,0.0,0.0,0.0020000000000095497,0.0,0.0
ILE  15,R ILE  15,0.0,0.0,0.0,-0.0009999999999994458,0.0,0.0,-0.036000000000001364,0.0,0.0,0.03799999999999981,0.0,0.0,0.0,0.0,0.0,0.0009999999999923403,0.0,0.0
SER  16,R SER  16,0.0,0.0,0.0,-0.001000000000000334,0.0,0.0,-0.035000000000003695,0.0,0.0,0.03000000000000025,0.0,0.0,0.0,0.0,0.0,-0.006000000000008221,0.0,0.0
PRO  17,R PRO  17,0.0,0.0,0.0,-0.0019999999999997797,0.0,0.0,-0.03399999999999892,0.0,0.0,0.030999999999999694,0.0,0.0,0.0,0.0,0.0,-0.0049999999999954525,0.0,0.0
ARG  18,R ARG  18,0.0,0.0,0.0,-0.0030000000000001137,0.0,0.0,-7.219999999999999,0.0,0.0,7.155999999999999,0.0,0.0,0.0,0.0,0.0,-0.06699999999997885,0.0,0.0
THR  19,R THR  19,0.0,0.0,0.0,-0.0030000000000001137,0.0,0.0,-0.0009999999999976694,0.0,0.0,0.0030000000000001137,0.0,0.0,0.0,0.0,0.0,-0.0009999999999976694,0.0,0.0
LEU  20,R LEU  20,0.0,0.0,0.0,-0.006000000000000227,0.0,0.0,-0.13099999999999312,0.0,0.0,0.1339999999999999,0.0,0.0,0.0,0.0,0.0,-0.0029999999999947846,0.0,0.0
ASN  21,R ASN  21,0.0,0.0,0.0,-0.010000000000000675,0.0,0.0,-0.4069999999999965,0.0,0.0,0.39400000000000013,0.0,0.0,0.0,0.0,0.0,-0.022999999999996135,0.0,0.0
ALA  22,R ALA  22,0.0,0.0,0.0,-0.006999999999999673,0.0,0.0,0.19300000000001205,0.0,0.0,-0.18299999999999983,0.0,0.0,0.0,0.0,0.0,0.003000000000007219,0.0,0.0
TRP  23,R TRP  23,0.0,0.0,0.0,-0.0259999999999998,0.0,0.0,0.05700000000000216,0.0,0.0,-0.027000000000000135,0.0,0.0,0.0,0.0,0.0,0.0040000000000048885,0.0,0.0
VAL  24,R VAL  24,0.0,0.0,0.0,-0.08800000000000008,0.0,0.0,-0.6430000000000007,0.0,0.0,0.7450000000000001,0.0,0.0,0.0,0.0,0.0,0.013999999999998458,0.0,0.0
LYS  25,R LYS  25,0.0,0.0,0.0,-0.09199999999999964,0.0,0.0,-9.094999999999999,0.0,0.0,9.057000000000002,0.0,0.0,0.0,0.0,0.0,-0.13000000000000966,0.0,0.0
VAL  26,R VAL  26,0.0,0.0,0.0,-0.054999999999999716,0.0,0.0,0.5779999999999959,0.0,0.0,-0.5089999999999999,0.0,0.0,0.0,0.0,0.0,0.013999999999995794,0.0,0.0
VAL  27,R VAL  27,0.0,0.0,0.0,-0.21999999999999975,0.0,0.0,0.4750000000000014,0.0,0.0,-0.532,0.0,0.0,0.0,0.0,0.0,-0.27699999999999747,0.0,0.0
GLU  28,R GLU  28,0.0,0.0,0.0,-0.17300000000000004,0.0,0.0,-28.508000000000003,0.0,0.0,36.814,0.0,0.0,0.0,0.0,0.0,8.132999999999996,0.0,0.0
GLU  29,R GLU  29,0.0,0.0,0.0,-0.532,0.0,0.0,18.391999999999996,0.0,0.0,-17.870999999999995,0.0,0.0,0.0,0.0,0.0,-0.01099999999999568,0.0,0.0
LYS  30,R LYS  30,0.0,0.0,0.0,-0.15799999999999947,0.0,0.0,-14.205999999999989,0.0,0.0,13.873,0.0,0.0,0.0,0.0,0.0,-0.4909999999999908,0.0,0.0
ALA  31,R ALA  31,0.0,0.0,0.0,-0.7879999999999998,0.0,0.0,2.201999999999998,0.0,0.0,-2.0799999999999996,0.0,0.0,0.0,0.0,0.0,-0.6660000000000124,0.0,0.0
PHE  32,R PHE  32,0.0,0.0,0.0,-1.0670000000000002,0.0,0.0,1.6500000000000057,0.0,0.0,-1.314,0.0,0.0,0.0,0.0,0.0,-0.7310000000000016,0.0,0.0
SER  33,R SER  33,0.0,0.0,0.0,-0.04300000000000015,0.0,0.0,-0.6869999999999976,0.0,0.0,0.6390000000000002,0.0,0.0,0.0,0.0,0.0,-0.09099999999999042,0.0,0.0
PRO  34,R PRO  34,0.0,0.0,0.0,-0.011999999999999567,0.0,0.0,-0.31799999999999784,0.0,0.0,0.30400000000000005,0.0,0.0,0.0,0.0,0.0,-0.025999999999998025,0.0,0.0
GLU  35,R GLU  35,0.0,0.0,0.0,-0.014000000000000234,0.0,0.0,11.296000000000006,0.0,0.0,-11.167000000000002,0.0,0.0,0.0,0.0,0.0,0.1150000000000091,0.0,0.0
VAL  36,R VAL  36,0.0,0.0,0.0,-0.019999999999999574,0.0,0.0,-0.15099999999999625,0.0,0.0,0.157,0.0,0.0,0.0,0.0,0.0,-0.013999999999992241,0.0,0.0
ILE  37,R ILE  37,0.0,0.0,0.0,-0.004999999999999893,0.0,0.0,-0.26899999999999835,0.0,0.0,0.261,0.0,0.0,0.0,0.0,0.0,-0.012999999999994571,0.0,0.0
PRO  38,R PRO  38,0.0,0.0,0.0,-0.0039999999999995595,0.0,0.0,-0.2190000000000012,0.0,0.0,0.21100000000000008,0.0,0.0,0.0,0.0,0.0,-0.012000000000004007,0.0,0.0
MET  39,R MET  39,0.0,0.0,0.0,-0.012000000000000455,0.0,0.0,-0.20199999999999818,0.0,0.0,0.19900000000000007,0.0,0.0,0.0,0.0,0.0,-0.014999999999998792,0.0,0.0
PHE  40,R PHE  40,0.0,0.0,0.0,-0.006000000000000227,0.0,0.0,-0.10600000000000875,0.0,0.0,0.10300000000000001,0.0,0.0,0.0,0.0,0.0,-0.009000000000008335,0.0,0.0
SER  41,R SER  41,0.0,0.0,0.0,-0.001000000000000334,0.0,0.0,-0.2680000000000007,0.0,0.0,0.262,0.0,0.0,0.0,0.0,0.0,-0.007000000000005446,0.0,0.0
ALA  42,R ALA  42,0.0,0.0,0.0,-0.001000000000000334,0.0,0.0,-0.15899999999999181,0.0,0.0,0.1549999999999998,0.0,0.0,0.0,0.0,0.0,-0.0049999999999954525,0.0,0.0
LEU  43,R LEU  43,0.0,0.0,0.0,-0.0039999999999995595,0.0,0.0,-0.10900000000000887,0.0,0.0,0.10499999999999998,0.0,0.0,0.0,0.0,0.0,-0.008000000000006224,0.0,0.0
SER  44,R SER  44,0.0,0.0,0.0,-0.0009999999999994458,0.0,0.0,-0.08899999999999864,0.0,0.0,0.08900000000000008,0.0,0.0,0.0,0.0,0.0,-0.0010000000000029985,0.0,0.0
GLU  45,R GLU  45,0.0,0.0,0.0,-0.001000000000000334,0.0,0.0,6.813999999999993,0.0,0.0,-6.790999999999997,0.0,0.0,0.0,0.0,0.0,0.02199999999999136,0.0,0.0
GLY  46,R GLY  46,0.0,0.0,0.0,0.0,0.0,0.0,-0.036000000000001364,0.0,0.0,0.038000000000000034,0.0,0.0,0.0,0.0,0.0,0.0019999999999988916,0.0,0.0
ALA  47,R ALA  47,0.0,0.0,0.0,-0.001000000000000334,0.0,0.0,-0.0040000000000048885,0.0,0.0,0.0050000000000000044,0.0,0.0,0.0,0.0,0.0,4.440892098500626e-15,0.0,0.0
THR  48,R THR  48,0.0,0.0,0.0,-0.0009999999999994458,0.0,0.0,0.014000000000002899,0.0,0.0,-0.018000000000000002,0.0,0.0,0.0,0.0,0.0,-0.0049999999999950084,0.0,0.0
PRO  49,R PRO  49,0.0,0.0,0.0,-0.0010000000000012221,0.0,0.0,0.012000000000000455,0.0,0.0,-0.015999999999999986,0.0,0.0,0.0,0.0,0.0,-0.005000000000004334,0.0,0.0
GLN  50,R GLN  50,0.0,0.0,0.0,0.0,0.0,0.0,-0.003999999999990678,0.0,0.0,-0.004999999999999893,0.0,0.0,0.0,0.0,0.0,-0.00899999999998613,0.0,0.0
ASP  51,R ASP  51,0.0,0.0,0.0,0.0,0.0,0.0,5.868999999999986,0.0,0.0,-5.852999999999998,0.0,0.0,0.0,0.0,0.0,0.015999999999991132,0.0,0.0
LEU  52,R LEU  52,0.0,0.0,0.0,-0.0009999999999994458,0.0,0.0,-0.05700000000000216,0.0,0.0,0.051999999999999935,0.0,0.0,0.0,0.0,0.0,-0.006000000000000227,0.0,0.0
ASN  53,R ASN  53,0.0,0.0,0.0,-0.0019999999999997797,0.0,0.0,-0.045000000000001705,0.0,0.0,0.039000000000000146,0.0,0.0,0.0,0.0,0.0,-0.007999999999995566,0.0,0.0
THR  54,R THR  54,0.0,0.0,0.0,-0.0019999999999997797,0.0,0.0,-0.13800000000000523,0.0,0.0,0.134,0.0,0.0,0.0,0.0,0.0,-0.006000000000007333,0.0,0.0
MET  55,R MET  55,0.0,0.0,0.0,-0.004999999999999005,0.0,0.0,-0.22099999999998943,0.0,0.0,0.21400000000000002,0.0,0.0,0.0,0.0,0.0,-0.011999999999984468,0.0,0.0
LEU  56,R LEU  56,0.0,0.0,0.0,-0.004999999999999005,0.0,0.0,-0.277000000000001,0.0,0.0,0.271,0.0,0.0,0.0,0.0,0.0,-0.01099999999999568,0.0,0.0
ASN  57,R ASN  57,0.0,0.0,0.0,-0.0039999999999995595,0.0,0.0,-0.20199999999999818,0.0,0.0,0.20500000000000007,0.0,0.0,0.0,0.0,0.0,-0.0010000000000047748,0.0,0.0
THR  58,R THR  58,0.0,0.0,0.0,-0.013999999999999346,0.0,0.0,-0.5730000000000004,0.0,0.0,0.5640000000000001,0.0,0.0,0.0,0.0,0.0,-0.022999999999996135,0.0,0.0
VAL  59,R VAL  59,0.0,0.0,0.0,-0.028999999999999915,0.0,0.0,-0.2990000000000066,0.0,0.0,0.289,0.0,0.0,0.0,0.0,0.0,-0.039000000000003254,0.0,0.0
ALA  60,R ALA  60,0.0,0.0,0.0,-0.009999999999999787,0.0,0.0,-0.057999999999992724,0.0,0.0,0.052000000000000046,0.0,0.0,0.0,0.0,0.0,-0.015999999999984027,0.0,0.0
PRO  61,R PRO  61,0.0,0.0,0.0,-0.03799999999999981,0.0,0.0,0.3780000000000001,0.0,0.0,-0.375,0.0,0.0,0.0,0.0,0.0,-0.03499999999999659,0.0,0.0
HID  62,R HID  62,0.0,0.0,0.0,-0.7299999999999995,0.0,0.0,-0.8780000000000001,0.0,0.0,1.766,0.0,0.0,0.0,0.0,0.0,0.15799999999999592,0.0,0.0
GLN  63,R GLN  63,0.0,0.0,0.0,-0.0259999999999998,0.0,0.0,0.2430000000000092,0.0,0.0,-0.23599999999999977,0.0,0.0,0.0,0.0,0.0,-0.018999999999991246,0.0,0.0
ALA  64,R ALA  64,0.0,0.0,0.0,-0.028999999999999915,0.0,0.0,0.6269999999999953,0.0,0.0,-0.593,0.0,0.0,0.0,0.0,0.0,0.004999999999999005,0.0,0.0
ALA  65,R ALA  65,0.0,0.0,0.0,-0.024999999999999467,0.0,0.0,0.5760000000000076,0.0,0.0,-0.546,0.0,0.0,0.0,0.0,0.0,0.005000000000015881,0.0,0.0
ALA  66,R ALA  66,0.0,0.0,0.0,-0.010000000000000675,0.0,0.0,0.2890000000000015,0.0,0.0,-0.28200000000000003,0.0,0.0,0.0,0.0,0.0,-0.0030000000000036664,0.0,0.0
GLN  67,R GLN  67,0.0,0.0,0.0,-0.008000000000000007,0.0,0.0,0.3329999999999984,0.0,0.0,-0.32699999999999996,0.0,0.0,0.0,0.0,0.0,-0.0020000000000095497,0.0,0.0
MET  68,R MET  68,0.0,0.0,0.0,-0.009999999999999787,0.0,0.0,0.13900000000001,0.0,0.0,-0.13599999999999968,0.0,0.0,0.0,0.0,0.0,-0.006999999999980133,0.0,0.0
LEU  69,R LEU  69,0.0,0.0,0.0,-0.006000000000000227,0.0,0.0,0.1490000000000009,0.0,0.0,-0.1379999999999999,0.0,0.0,0.0,0.0,0.0,0.005000000000002558,0.0,0.0
LYS  70,R LYS  70,0.0,0.0,0.0,-0.0039999999999995595,0.0,0.0,-5.728000000000009,0.0,0.0,5.733,0.0,0.0,0.0,0.0,0.0,0.000999999999986123,0.0,0.0
GLU  71,R GLU  71,0.0,0.0,0.0,-0.002000000000000668,0.0,0.0,7.0,0.0,0.0,-6.966999999999999,0.0,0.0,0.0,0.0,0.0,0.0309999999999917,0.0,0.0
THR  72,R THR  72,0.0,0.0,0.0,-0.002000000000000668,0.0,0.0,0.04200000000000159,0.0,0.0,-0.03699999999999992,0.0,0.0,0.0,0.0,0.0,0.002999999999996561,0.0,0.0
ILE  73,R ILE  73,0.0,0.0,0.0,-0.002000000000000668,0.0,0.0,-0.0020000000000024443,0.0,0.0,0.004999999999999893,0.0,0.0,0.0,0.0,0.0,0.0009999999999941167,0.0,0.0
ASN  74,R ASN  74,0.0,0.0,0.0,-0.0009999999999994458,0.0,0.0,-0.12299999999999045,0.0,0.0,0.12300000000000022,0.0,0.0,0.0,0.0,0.0,-0.0010000000000047748,0.0,0.0
GLU  75,R GLU  75,0.0,0.0,0.0,-0.0009999999999994458,0.0,0.0,6.9210000000000065,0.0,0.0,-6.8870000000000005,0.0,0.0,0.0,0.0,0.0,0.03300000000001546,0.0,0.0
GLU  76,R GLU  76,0.0,0.0,0.0,-0.0009999999999994458,0.0,0.0,6.832999999999998,0.0,0.0,-6.808000000000007,0.0,0.0,0.0,0.0,0.0,0.02400000000000091,0.0,0.0
ALA  77,R ALA  77,0.0,0.0,0.0,0.0,0.0,0.0,-0.05100000000000193,0.0,0.0,0.05099999999999999,0.0,0.0,0.0,0.0,0.0,-1.7763568394002505e-15,0.0,0.0
ALA  78,R ALA  78,0.0,0.0,0.0,0.0,0.0,0.0,-0.06799999999999784,0.0,0.0,0.06800000000000006,0.0,0.0,0.0,0.0,0.0,2.220446049250313e-15,0.0,0.0
GLU  79,R GLU  79,0.0,0.0,0.0,0.0,0.0,0.0,6.209000000000003,0.0,0.0,-6.172000000000011,0.0,0.0,0.0,0.0,0.0,0.03699999999999193,0.0,0.0
TRP  80,R TRP  80,0.0,0.0,0.0,0.0,0.0,0.0,-0.045000000000001705,0.0,0.0,0.04499999999999993,0.0,0.0,0.0,0.0,0.0,-1.7763568394002505e-15,0.0,0.0
ASP  81,R ASP  81,0.0,0.0,0.0,-0.0009999999999994458,0.0,0.0,5.831999999999994,0.0,0.0,-5.801000000000002,0.0,0.0,0.0,0.0,0.0,0.029999999999986926,0.0,0.0
ARG  82,R ARG  82,0.0,0.0,0.0,0.0,0.0,0.0,-6.027,0.0,0.0,5.988000000000003,0.0,0.0,0.0,0.0,0.0,-0.03899999999998727,0.0,0.0
LEU  83,R LEU  83,0.0,0.0,0.0,0.0,0.0,0.0,-0.06100000000000705,0.0,0.0,0.06100000000000039,0.0,0.0,0.0,0.0,0.0,-7.105427357601002e-15,0.0,0.0
HID  84,R HID  84,0.0,0.0,0.0,0.0,0.0,0.0,0.009000000000000341,0.0,0.0,-0.01100000000000012,0.0,0.0,0.0,0.0,0.0,-0.0019999999999988916,0.0,0.0
PRO  85,R PRO  85,0.0,0.0,0.0,0.0,0.0,0.0,0.05499999999999261,0.0,0.0,-0.05600000000000005,0.0,0.0,0.0,0.0,0.0,-0.0010000000000065512,0.0,0.0
VAL  86,R VAL  86,0.0,0.0,0.0,0.0,0.0,0.0,-0.003999999999997783,0.0,0.0,0.004999999999999893,0.0,0.0,0.0,0.0,0.0,0.0010000000000012221,0.0,0.0
HID  87,R HID  87,0.0,0.0,0.0,0.0,0.0,0.0,0.03700000000000614,0.0,0.0,-0.03600000000000003,0.0,0.0,0.0,0.0,0.0,0.0010000000000065512,0.0,0.0
ALA  88,R ALA  88,0.0,0.0,0.0,0.0,0.0,0.0,-0.028999999999996362,0.0,0.0,0.028000000000000025,0.0,0.0,0.0,0.0,0.0,-0.0009999999999967812,0.0,0.0
GLY  89,R GLY  89,0.0,0.0,0.0,-0.001000000000000112,0.0,0.0,0.018000000000000682,0.0,0.0,-0.01899999999999924,0.0,0.0,0.0,0.0,0.0,-0.0020000000000042206,0.0,0.0
PRO  90,R PRO  90,0.0,0.0,0.0,0.0,0.0,0.0,0.001999999999995339,0.0,0.0,-0.0019999999999988916,0.0,0.0,0.0,0.0,0.0,-3.552713678800501e-15,0.0,0.0
ILE  91,R ILE  91,0.0,0.0,0.0,0.0,0.0,0.0,0.02300000000000324,0.0,0.0,-0.02400000000000002,0.0,0.0,0.0,0.0,0.0,-0.0009999999999976694,0.0,0.0
ALA  92,R ALA  92,0.0,0.0,0.0,0.0,0.0,0.0,-0.006000000000000227,0.0,0.0,0.005999999999999339,0.0,0.0,0.0,0.0,0.0,-3.552713678800501e-15,0.0,0.0
PRO  93,R PRO  93,0.0,0.0,0.0,0.0,0.0,0.0,-0.04999999999999716,0.0,0.0,0.050000000000000266,0.0,0.0,0.0,0.0,0.0,1.7763568394002505e-15,0.0,0.0
GLY  94,R GLY  94,0.0,0.0,0.0,0.0,0.0,0.0,0.006000000000000227,0.0,0.0,-0.008000000000000895,0.0,0.0,0.0,0.0,0.0,-0.002000000000000668,0.0,0.0
GLN  95,R GLN  95,0.0,0.0,0.0,0.0,0.0,0.0,-0.009000000000000341,0.0,0.0,0.010000000000001563,0.0,0.0,0.0,0.0,0.0,0.0010000000000047748,0.0,0.0
MET  96,R MET  96,0.0,0.0,0.0,0.0,0.0,0.0,-0.006000000000000227,0.0,0.0,0.006000000000000227,0.0,0.0,0.0,0.0,0.0,0.0,0.0,0.0
ARG  97,R ARG  97,0.0,0.0,0.0,0.0,0.0,0.0,-5.304000000000002,0.0,0.0,5.280000000000001,0.0,0.0,0.0,0.0,0.0,-0.023999999999972488,0.0,0.0
GLU  98,R GLU  98,0.0,0.0,0.0,0.0,0.0,0.0,5.017999999999994,0.0,0.0,-4.986999999999995,0.0,0.0,0.0,0.0,0.0,0.030999999999998806,0.0,0.0
PRO  99,R PRO  99,0.0,0.0,0.0,0.0,0.0,0.0,-0.011000000000002785,0.0,0.0,0.01100000000000012,0.0,0.0,0.0,0.0,0.0,-3.552713678800501e-15,0.0,0.0
ARG 100,R ARG 100,0.0,0.0,0.0,0.0,0.0,0.0,-5.549999999999999,0.0,0.0,5.524999999999999,0.0,0.0,0.0,0.0,0.0,-0.024999999999977263,0.0,0.0
GLY 101,R GLY 101,0.0,0.0,0.0,-0.0009999999999998899,0.0,0.0,-0.009000000000000341,0.0,0.0,0.007000000000000117,0.0,0.0,0.0,0.0,0.0,-0.0030000000000054428,0.0,0.0
SER 102,R SER 102,0.0,0.0,0.0,0.0,0.0,0.0,0.0,0.0,0.0,-0.0009999999999998899,0.0,0.0,0.0,0.0,0.0,-0.0009999999999994458,0.0,0.0
ASP 103,R ASP 103,0.0,0.0,0.0,0.0,0.0,0.0,5.5719999999999885,0.0,0.0,-5.552,0.0,0.0,0.0,0.0,0.0,0.019999999999988916,0.0,0.0
ILE 104,R ILE 104,0.0,0.0,0.0,0.0,0.0,0.0,-0.02499999999999858,0.0,0.0,0.0239999999999998,0.0,0.0,0.0,0.0,0.0,-0.0009999999999994458,0.0,0.0
ALA 105,R ALA 105,0.0,0.0,0.0,0.0,0.0,0.0,-0.012000000000000455,0.0,0.0,0.009000000000000008,0.0,0.0,0.0,0.0,0.0,-0.0030000000000005578,0.0,0.0
GLY 106,R GLY 106,0.0,0.0,0.0,0.0,0.0,0.0,0.0010000000000047748,0.0,0.0,-0.0009999999999998899,0.0,0.0,0.0,0.0,0.0,4.440892098500626e-15,0.0,0.0
THR 107,R THR 107,0.0,0.0,0.0,0.0,0.0,0.0,-0.036999999999999034,0.0,0.0,0.03799999999999937,0.0,0.0,0.0,0.0,0.0,0.0010000000000012221,0.0,0.0
THR 108,R THR 108,0.0,0.0,0.0,0.0,0.0,0.0,0.0,0.0,0.0,-0.002000000000000224,0.0,0.0,0.0,0.0,0.0,-0.0019999999999988916,0.0,0.0
SER 109,R SER 109,0.0,0.0,0.0,0.0,0.0,0.0,0.03999999999999204,0.0,0.0,-0.040000000000000036,0.0,0.0,0.0,0.0,0.0,-7.993605777301127e-15,0.0,0.0
THR 110,R THR 110,0.0,0.0,0.0,0.0,0.0,0.0,-0.015999999999998238,0.0,0.0,0.018000000000000682,0.0,0.0,0.0,0.0,0.0,0.0020000000000024443,0.0,0.0
LEU 111,R LEU 111,0.0,0.0,0.0,0.0,0.0,0.0,-0.012000000000000455,0.0,0.0,0.01200000000000001,0.0,0.0,0.0,0.0,0.0,0.0,0.0,0.0
GLN 112,R GLN 112,0.0,0.0,0.0,0.0,0.0,0.0,-0.021000000000000796,0.0,0.0,0.02200000000000024,0.0,0.0,0.0,0.0,0.0,0.0009999999999976694,0.0,0.0
GLU 113,R GLU 113,0.0,0.0,0.0,0.0,0.0,0.0,5.274000000000001,0.0,0.0,-5.241,0.0,0.0,0.0,0.0,0.0,0.03300000000000125,0.0,0.0
GLN 114,R GLN 114,0.0,0.0,0.0,0.0,0.0,0.0,-0.016000000000005343,0.0,0.0,0.017000000000000015,0.0,0.0,0.0,0.0,0.0,0.000999999999990564,0.0,0.0
ILE 115,R ILE 115,0.0,0.0,0.0,-0.001000000000000334,0.0,0.0,-0.006000000000000227,0.0,0.0,0.006000000000000005,0.0,0.0,0.0,0.0,0.0,-0.0010000000000047748,0.0,0.0
GLY 116,R GLY 116,0.0,0.0,0.0,0.0,0.0,0.0,-0.016000000000005343,0.0,0.0,0.016999999999999904,0.0,0.0,0.0,0.0,0.0,0.0009999999999950049,0.0,0.0
TRP 117,R TRP 117,0.0,0.0,0.0,0.0,0.0,0.0,0.005000000000009663,0.0,0.0,-0.0040000000000000036,0.0,0.0,0.0,0.0,0.0,0.0010000000000083276,0.0,0.0
MET 118,R MET 118,0.0,0.0,0.0,0.0,0.0,0.0,-0.000999999999990564,0.0,0.0,0.001000000000000112,0.0,0.0,0.0,0.0,0.0,9.325873406851315e-15,0.0,0.0
THR 119,R THR 119,0.0,0.0,0.0,0.0,0.0,0.0,-0.046999999999997044,0.0,0.0,0.04900000000000038,0.0,0.0,0.0,0.0,0.0,0.0020000000000024443,0.0,0.0
HID 120,R HID 120,0.0,0.0,0.0,0.0,0.0,0.0,-0.008000000000002672,0.0,0.0,0.008000000000000895,0.0,0.0,0.0,0.0,0.0,-1.7763568394002505e-15,0.0,0.0
ASN 121,R ASN 121,0.0,0.0,0.0,-0.001000000000000334,0.0,0.0,0.009999999999990905,0.0,0.0,-0.009999999999999787,0.0,0.0,0.0,0.0,0.0,-0.0010000000000118803,0.0,0.0
PRO 122,R PRO 122,0.0,0.0,0.0,0.0,0.0,0.0,-0.01899999999999835,0.0,0.0,0.019000000000000128,0.0,0.0,0.0,0.0,0.0,3.552713678800501e-15,0.0,0.0
PRO 123,R PRO 123,0.0,0.0,0.0,0.0,0.0,0.0,0.006000000000000227,0.0,0.0,-0.005999999999999783,0.0,0.0,0.0,0.0,0.0,0.0,0.0,0.0
ILE 124,R ILE 124,0.0,0.0,0.0,0.0,0.0,0.0,0.016000000000005343,0.0,0.0,-0.016000000000000014,0.0,0.0,0.0,0.0,0.0,7.105427357601002e-15,0.0,0.0
PRO 125,R PRO 125,0.0,0.0,0.0,0.0,0.0,0.0,0.04200000000000159,0.0,0.0,-0.04300000000000015,0.0,0.0,0.0,0.0,0.0,-0.0009999999999976694,0.0,0.0
VAL 126,R VAL 126,0.0,0.0,0.0,0.0,0.0,0.0,0.04600000000000648,0.0,0.0,-0.047,0.0,0.0,0.0,0.0,0.0,-0.0009999999999941167,0.0,0.0
GLY 127,R GLY 127,0.0,0.0,0.0,0.0,0.0,0.0,0.045000000000001705,0.0,0.0,-0.04700000000000004,0.0,0.0,0.0,0.0,0.0,-0.0019999999999988916,0.0,0.0
GLU 128,R GLU 128,0.0,0.0,0.0,-0.0010000000000012221,0.0,0.0,6.3700000000000045,0.0,0.0,-6.3559999999999945,0.0,0.0,0.0,0.0,0.0,0.01300000000000523,0.0,0.0
ILE 129,R ILE 129,0.0,0.0,0.0,-0.0009999999999994458,0.0,0.0,0.07900000000000063,0.0,0.0,-0.08000000000000002,0.0,0.0,0.0,0.0,0.0,-0.0020000000000042206,0.0,0.0
TYR 130,R TYR 130,0.0,0.0,0.0,-0.0010000000000012221,0.0,0.0,0.07099999999999795,0.0,0.0,-0.07299999999999995,0.0,0.0,0.0,0.0,0.0,-0.003000000000007219,0.0,0.0
LYS 131,R LYS 131,0.0,0.0,0.0,-0.0009999999999994458,0.0,0.0,-6.527999999999992,0.0,0.0,6.526,0.0,0.0,0.0,0.0,0.0,-0.002999999999996561,0.0,0.0
ARG 132,R ARG 132,0.0,0.0,0.0,-0.0009999999999994458,0.0,0.0,-6.231000000000002,0.0,0.0,6.191,0.0,0.0,0.0,0.0,0.0,-0.04099999999999682,0.0,0.0
TRP 133,R TRP 133,0.0,0.0,0.0,-0.0010000000000012221,0.0,0.0,0.07900000000000773,0.0,0.0,-0.08099999999999996,0.0,0.0,0.0,0.0,0.0,-0.002999999999996561,0.0,0.0
ILE 134,R ILE 134,0.0,0.0,0.0,-0.0030000000000001137,0.0,0.0,0.07500000000000284,0.0,0.0,-0.07800000000000001,0.0,0.0,0.0,0.0,0.0,-0.005999999999996675,0.0,0.0
ILE 135,R ILE 135,0.0,0.0,0.0,-0.002000000000000668,0.0,0.0,0.117999999999995,0.0,0.0,-0.119,0.0,0.0,0.0,0.0,0.0,-0.003000000000001002,0.0,0.0
LEU 136,R LEU 136,0.0,0.0,0.0,-0.002000000000000668,0.0,0.0,0.1559999999999917,0.0,0.0,-0.15500000000000003,0.0,0.0,0.0,0.0,0.0,-0.0010000000000029985,0.0,0.0
GLY 137,R GLY 137,0.0,0.0,0.0,-0.002000000000000668,0.0,0.0,0.17799999999999727,0.0,0.0,-0.17599999999999993,0.0,0.0,0.0,0.0,0.0,2.6645352591003757e-15,0.0,0.0
LEU 138,R LEU 138,0.0,0.0,0.0,-0.009999999999999787,0.0,0.0,0.22400000000000375,0.0,0.0,-0.22799999999999998,0.0,0.0,0.0,0.0,0.0,-0.013999999999994017,0.0,0.0
ASN 139,R ASN 139,0.0,0.0,0.0,-0.004999999999999893,0.0,0.0,0.47700000000000387,0.0,0.0,-0.4660000000000002,0.0,0.0,0.0,0.0,0.0,0.006000000000007333,0.0,0.0
LYS 140,R LYS 140,0.0,0.0,0.0,-0.006000000000000227,0.0,0.0,-7.754000000000019,0.0,0.0,7.723000000000001,0.0,0.0,0.0,0.0,0.0,-0.037000000000018574,0.0,0.0
ILE 141,R ILE 141,0.0,0.0,0.0,-0.02099999999999902,0.0,0.0,0.2609999999999957,0.0,0.0,-0.2589999999999999,0.0,0.0,0.0,0.0,0.0,-0.019000000000005457,0.0,0.0
VAL 142,R VAL 142,0.0,0.0,0.0,-0.022999999999999687,0.0,0.0,0.27600000000000335,0.0,0.0,-0.274,0.0,0.0,0.0,0.0,0.0,-0.020999999999999908,0.0,0.0
ARG 143,R ARG 143,0.0,0.0,0.0,-0.009999999999999787,0.0,0.0,-9.137,0.0,0.0,9.062999999999999,0.0,0.0,0.0,0.0,0.0,-0.08399999999997476,0.0,0.0
MET 144,R MET 144,0.0,0.0,0.0,-0.01499999999999968,0.0,0.0,0.43300000000000693,0.0,0.0,-0.4139999999999997,0.0,0.0,0.0,0.0,0.0,0.004000000000006665,0.0,0.0
TYR 145,R TYR 145,0.0,0.0,0.0,-0.08399999999999963,0.0,0.0,0.4240000000000066,0.0,0.0,-0.391,0.0,0.0,0.0,0.0,0.0,-0.050999999999996604,0.0,0.0
SER 146,R SER 146,0.0,0.0,0.0,-0.10600000000000032,0.0,0.0,-0.4229999999999947,0.0,0.0,0.3760000000000012,0.0,0.0,0.0,0.0,0.0,-0.15299999999998803,0.0,0.0
PRO 147,R PRO 147,0.0,0.0,0.0,-0.24399999999999977,0.0,0.0,-0.2680000000000007,0.0,0.0,0.2919999999999998,0.0,0.0,0.0,0.0,0.0,-0.21999999999999886,0.0,0.0
THR 148,R THR 148,0.0,0.0,0.0,-2.16,0.0,0.0,0.13100000000000023,0.0,0.0,1.9479999999999995,0.0,0.0,0.0,0.0,0.0,-0.08099999999999596,0.0,0.0
SER 149,R SER 149,0.0,0.0,0.0,-4.023,0.0,0.0,-4.135999999999996,0.0,0.0,6.829,0.0,0.0,0.0,0.0,0.0,-1.329999999999992,0.0,0.0
ILE 150,R ILE 150,20.489999999999995,0.0,0.0,-10.571000000000002,0.0,0.0,-27.137000000000004,0.0,0.0,7.614,0.0,0.0,0.0,0.0,0.0,-9.604000000000013,0.0,0.0
LEU 151,L LEU   1,20.24900000000001,0.0,0.0,-2.37,0.0,0.0,-25.366000000000007,0.0,0.0,1.4080000000000001,0.0,0.0,0.0,0.0,0.0,-6.078999999999995,0.0,0.0
ASP 152,L ASP   2,0.0,0.0,0.0,-2.0919999999999996,0.0,0.0,14.826999999999998,0.0,0.0,-13.251999999999995,0.0,0.0,0.0,0.0,0.0,-0.5169999999999959,0.0,0.0
ILE 153,L ILE   3,0.0,0.0,0.0,-2.6319999999999997,0.0,0.0,-1.1129999999999995,0.0,0.0,0.715,0.0,0.0,0.0,0.0,0.0,-3.029999999999987,0.0,0.0
ARG 154,L ARG   4,0.0,0.0,0.0,-0.11400000000000077,0.0,0.0,-10.928000000000004,0.0,0.0,10.700999999999999,0.0,0.0,0.0,0.0,0.0,-0.3410000000000082,0.0,0.0
GLN 155,L GLN   5,0.0,0.0,0.0,-0.02099999999999902,0.0,0.0,0.07800000000000296,0.0,0.0,-0.05800000000000005,0.0,0.0,0.0,0.0,0.0,-0.0010000000000047748,0.0,0.0
GLY 156,L GLY   6,0.0,0.0,0.0,-0.006000000000000227,0.0,0.0,-0.054000000000002046,0.0,0.0,0.06300000000000017,0.0,0.0,0.0,0.0,0.0,0.0029999999999983373,0.0,0.0
PRO 157,L PRO   7,0.0,0.0,0.0,-0.004000000000000448,0.0,0.0,-0.0969999999999942,0.0,0.0,0.09600000000000009,0.0,0.0,0.0,0.0,0.0,-0.004999999999999005,0.0,0.0
LYS 158,L LYS   8,0.0,0.0,0.0,-0.0030000000000001137,0.0,0.0,-7.909999999999997,0.0,0.0,7.786000000000001,0.0,0.0,0.0,0.0,0.0,-0.12699999999999534,0.0,0.0
GLU 159,L GLU   9,0.0,0.0,0.0,-0.011999999999999567,0.0,0.0,11.248999999999995,0.0,0.0,-11.041000000000004,0.0,0.0,0.0,0.0,0.0,0.19599999999999085,0.0,0.0
PRO 160,L PRO  10,0.0,0.0,0.0,-0.004999999999999005,0.0,0.0,0.2749999999999986,0.0,0.0,-0.262,0.0,0.0,0.0,0.0,0.0,0.008000000000002672,0.0,0.0
PHE 161,L PHE  11,0.0,0.0,0.0,-0.009999999999999787,0.0,0.0,0.2890000000000015,0.0,0.0,-0.274,0.0,0.0,0.0,0.0,0.0,0.0049999999999954525,0.0,0.0
ARG 162,L ARG  12,0.0,0.0,0.0,-0.009000000000000341,0.0,0.0,-7.622,0.0,0.0,7.582999999999998,0.0,0.0,0.0,0.0,0.0,-0.0479999999999734,0.0,0.0
ASP 163,L ASP  13,0.0,0.0,0.0,-0.014000000000000234,0.0,0.0,9.908000000000001,0.0,0.0,-9.838999999999999,0.0,0.0,0.0,0.0,0.0,0.05500000000000682,0.0,0.0
TYR 164,L TYR  14,0.0,0.0,0.0,-0.08099999999999952,0.0,0.0,0.6940000000000026,0.0,0.0,-0.5950000000000001,0.0,0.0,0.0,0.0,0.0,0.018000000000000682,0.0,0.0
VAL 165,L VAL  15,0.0,0.0,0.0,-0.034000000000000696,0.0,0.0,0.3710000000000022,0.0,0.0,-0.3679999999999999,0.0,0.0,0.0,0.0,0.0,-0.03099999999999703,0.0,0.0
ASP 166,L ASP  16,0.0,0.0,0.0,-0.04300000000000015,0.0,0.0,10.678000000000004,0.0,0.0,-10.623000000000005,0.0,0.0,0.0,0.0,0.0,0.01200000000000756,0.0,0.0
ARG 167,L ARG  17,0.0,0.0,0.0,-0.21999999999999886,0.0,0.0,-13.06,0.0,0.0,12.625000000000002,0.0,0.0,0.0,0.0,0.0,-0.6549999999999727,0.0,0.0
PHE 168,L PHE  18,0.0,0.0,0.0,-1.1129999999999995,0.0,0.0,0.5049999999999955,0.0,0.0,-0.395,0.0,0.0,0.0,0.0,0.0,-1.003000000000004,0.0,0.0
TYR 169,L TYR  19,0.0,0.0,0.0,-0.2530000000000001,0.0,0.0,0.8539999999999992,0.0,0.0,-0.824,0.0,0.0,0.0,0.0,0.0,-0.22300000000000075,0.0,0.0
LYS 170,L LYS  20,0.0,0.0,0.0,-0.3260000000000005,0.0,0.0,-10.852999999999994,0.0,0.0,10.889999999999997,0.0,0.0,0.0,0.0,0.0,-0.28899999999998993,0.0,0.0
THR 171,L THR  21,0.0,0.0,0.0,-2.2719999999999994,0.0,0.0,1.3629999999999995,0.0,0.0,-0.5190000000000001,0.0,0.0,0.0,0.0,0.0,-1.428000000000008,0.0,0.0
LEU 172,L LEU  22,0.0,0.0,0.0,-1.5409999999999986,0.0,0.0,0.9420000000000073,0.0,0.0,-1.0960000000000005,0.0,0.0,0.0,0.0,0.0,-1.69499999999999,0.0,0.0
ARG 173,L ARG  23,0.0,0.0,0.0,-1.3549999999999995,0.0,0.0,-46.916,0.0,0.0,37.628,0.0,0.0,0.0,0.0,0.0,-10.643,0.0,0.0
ALA 174,L ALA  24,0.0,0.0,0.0,-1.3570000000000002,0.0,0.0,1.7909999999999968,0.0,0.0,-0.81,0.0,0.0,0.0,0.0,0.0,-0.37600000000000255,0.0,0.0
GLU 175,L GLU  25,0.0,0.0,0.0,-2.2809999999999997,0.0,0.0,15.531999999999996,0.0,0.0,-13.24300000000001,0.0,0.0,0.0,0.0,0.0,0.007999999999995566,0.0,0.0
GLN 176,L GLN  26,0.0,0.0,0.0,-1.093,0.0,0.0,-10.36,0.0,0.0,6.665000000000001,0.0,0.0,0.0,0.0,0.0,-4.788000000000004,0.0,0.0
ALA 177,L ALA  27,0.0,0.0,0.0,-0.11499999999999932,0.0,0.0,0.6640000000000015,0.0,0.0,-0.613,0.0,0.0,0.0,0.0,0.0,-0.06399999999999295,0.0,0.0
SER 178,L SER  28,0.0,0.0,0.0,-0.03500000000000014,0.0,0.0,0.2909999999999968,0.0,0.0,-0.301,0.0,0.0,0.0,0.0,0.0,-0.04500000000001414,0.0,0.0
GLN 179,L GLN  29,0.0,0.0,0.0,-0.020999999999999908,0.0,0.0,0.6659999999999968,0.0,0.0,-0.6509999999999998,0.0,0.0,0.0,0.0,0.0,-0.006000000000000227,0.0,0.0
GLU 180,L GLU  30,0.0,0.0,0.0,-0.01399999999999979,0.0,0.0,8.488,0.0,0.0,-8.287000000000006,0.0,0.0,0.0,0.0,0.0,0.1869999999999976,0.0,0.0
VAL 181,L VAL  31,0.0,0.0,0.0,-0.06599999999999984,0.0,0.0,-0.3359999999999985,0.0,0.0,0.33099999999999996,0.0,0.0,0.0,0.0,0.0,-0.0709999999999944,0.0,0.0
LYS 182,L LYS  32,0.0,0.0,0.0,-0.06400000000000006,0.0,0.0,-12.256,0.0,0.0,12.062,0.0,0.0,0.0,0.0,0.0,-0.258000000000008,0.0,0.0
ASN 183,L ASN  33,0.0,0.0,0.0,-0.0129999999999999,0.0,0.0,0.19999999999998863,0.0,0.0,-0.20000000000000107,0.0,0.0,0.0,0.0,0.0,-0.01300000000001944,0.0,0.0
TRP 184,L TRP  34,0.0,0.0,0.0,-0.0669999999999984,0.0,0.0,0.03300000000000125,0.0,0.0,-0.022999999999999687,0.0,0.0,0.0,0.0,0.0,-0.0569999999999915,0.0,0.0
MET 185,L MET  35,0.0,0.0,0.0,-0.8160000000000007,0.0,0.0,-0.012000000000000455,0.0,0.0,0.066,0.0,0.0,0.0,0.0,0.0,-0.7620000000000022,0.0,0.0
THR 186,L THR  36,0.0,0.0,0.0,-0.028999999999999915,0.0,0.0,0.13799999999999812,0.0,0.0,-0.12199999999999989,0.0,0.0,0.0,0.0,0.0,-0.01300000000000523,0.0,0.0
GLU 187,L GLU  37,0.0,0.0,0.0,-0.009000000000000341,0.0,0.0,7.237000000000002,0.0,0.0,-7.1200000000000045,0.0,0.0,0.0,0.0,0.0,0.10799999999999699,0.0,0.0
THR 188,L THR  38,0.0,0.0,0.0,-0.01699999999999946,0.0,0.0,0.07600000000000051,0.0,0.0,-0.07400000000000007,0.0,0.0,0.0,0.0,0.0,-0.01499999999999524,0.0,0.0
LEU 189,L LEU  39,0.0,0.0,0.0,-0.809000000000001,0.0,0.0,-0.025000000000005684,0.0,0.0,0.04800000000000004,0.0,0.0,0.0,0.0,0.0,-0.7860000000000031,0.0,0.0
LEU 190,L LEU  40,0.0,0.0,0.0,-0.08200000000000074,0.0,0.0,0.13599999999999568,0.0,0.0,-0.08599999999999985,0.0,0.0,0.0,0.0,0.0,-0.03200000000001246,0.0,0.0
VAL 191,L VAL  41,0.0,0.0,0.0,-0.011999999999999567,0.0,0.0,0.09799999999999898,0.0,0.0,-0.07100000000000017,0.0,0.0,0.0,0.0,0.0,0.015000000000005898,0.0,0.0
GLN 192,L GLN  42,0.0,0.0,0.0,-0.020000000000000462,0.0,0.0,-0.3329999999999984,0.0,0.0,0.25099999999999945,0.0,0.0,0.0,0.0,0.0,-0.10200000000000387,0.0,0.0
ASN 193,L ASN  43,0.0,0.0,0.0,-0.12400000000000055,0.0,0.0,-1.0440000000000111,0.0,0.0,0.35099999999999976,0.0,0.0,0.0,0.0,0.0,-0.8170000000000073,0.0,0.0
ALA 194,L ALA  44,0.0,0.0,0.0,-0.009000000000000341,0.0,0.0,0.15099999999999625,0.0,0.0,-0.12699999999999978,0.0,0.0,0.0,0.0,0.0,0.014999999999996128,0.0,0.0
ASN 195,L ASN  45,0.0,0.0,0.0,-0.0039999999999995595,0.0,0.0,-0.27899999999999636,0.0,0.0,0.2859999999999996,0.0,0.0,0.0,0.0,0.0,0.0030000000000001137,0.0,0.0
PRO 196,L PRO  46,0.0,0.0,0.0,-0.002000000000000668,0.0,0.0,-0.06900000000000261,0.0,0.0,0.06899999999999995,0.0,0.0,0.0,0.0,0.0,-0.001999999999997115,0.0,0.0
ASP 197,L ASP  47,0.0,0.0,0.0,-0.0009999999999994458,0.0,0.0,7.329000000000008,0.0,0.0,-7.222999999999999,0.0,0.0,0.0,0.0,0.0,0.10500000000000398,0.0,0.0
CYX 198,L CYX  48,0.0,0.0,0.0,-0.002000000000000668,0.0,0.0,-0.1670000000000016,0.0,0.0,0.16000000000000014,0.0,0.0,0.0,0.0,0.0,-0.009000000000011,0.0,0.0
LYS 199,L LYS  49,0.0,0.0,0.0,-0.0039999999999995595,0.0,0.0,-8.667000000000016,0.0,0.0,8.485,0.0,0.0,0.0,0.0,0.0,-0.18600000000001948,0.0,0.0
THR 200,L THR  50,0.0,0.0,0.0,0.0,0.0,0.0,-0.09100000000000819,0.0,0.0,0.09099999999999975,0.0,0.0,0.0,0.0,0.0,-7.105427357601002e-15,0.0,0.0
ILE 201,L ILE  51,0.0,0.0,0.0,-0.0009999999999994458,0.0,0.0,-0.14300000000000068,0.0,0.0,0.14,0.0,0.0,0.0,0.0,0.0,-0.0040000000000048885,0.0,0.0
LEU 202,L LEU  52,0.0,0.0,0.0,-0.002000000000000668,0.0,0.0,-0.12099999999999511,0.0,0.0,0.11899999999999977,0.0,0.0,0.0,0.0,0.0,-0.003999999999990678,0.0,0.0
LYS 203,L LYS  53,0.0,0.0,0.0,-0.001000000000000334,0.0,0.0,-6.4539999999999935,0.0,0.0,6.350999999999999,0.0,0.0,0.0,0.0,0.0,-0.103999999999985,0.0,0.0
ALA 204,L ALA  54,0.0,0.0,0.0,0.0,0.0,0.0,-0.10799999999998988,0.0,0.0,0.10599999999999987,0.0,0.0,0.0,0.0,0.0,-0.0019999999999900098,0.0,0.0
LEU 205,L LEU  55,0.0,0.0,0.0,-0.001000000000000334,0.0,0.0,-0.10900000000000887,0.0,0.0,0.10599999999999987,0.0,0.0,0.0,0.0,0.0,-0.004000000000015547,0.0,0.0
GLY 206,L GLY  56,0.0,0.0,0.0,0.0,0.0,0.0,0.0759999999999934,0.0,0.0,-0.07600000000000051,0.0,0.0,0.0,0.0,0.0,-7.105427357601002e-15,0.0,0.0
PRO 207,L PRO  57,0.0,0.0,0.0,0.0,0.0,0.0,-0.054999999999999716,0.0,0.0,0.0519999999999996,0.0,0.0,0.0,0.0,0.0,-0.0030000000000001137,0.0,0.0
GLY 208,L GLY  58,0.0,0.0,0.0,0.0,0.0,0.0,-0.0519999999999996,0.0,0.0,0.04999999999999982,0.0,0.0,0.0,0.0,0.0,-0.0019999999999997797,0.0,0.0
ALA 209,L ALA  59,0.0,0.0,0.0,-0.001000000000000334,0.0,0.0,0.08200000000000784,0.0,0.0,-0.07899999999999996,0.0,0.0,0.0,0.0,0.0,0.002000000000016655,0.0,0.0
THR 210,L THR  60,0.0,0.0,0.0,-0.0019999999999997797,0.0,0.0,0.03499999999999659,0.0,0.0,-0.03299999999999992,0.0,0.0,0.0,0.0,0.0,-7.105427357601002e-15,0.0,0.0
LEU 211,L LEU  61,0.0,0.0,0.0,-0.007000000000000561,0.0,0.0,0.01999999999999602,0.0,0.0,-0.016999999999999904,0.0,0.0,0.0,0.0,0.0,-0.004000000000001336,0.0,0.0
GLU 212,L GLU  62,0.0,0.0,0.0,-0.0030000000000001137,0.0,0.0,7.337000000000003,0.0,0.0,-7.286999999999999,0.0,0.0,0.0,0.0,0.0,0.046999999999997044,0.0,0.0
GLU 213,L GLU  63,0.0,0.0,0.0,-0.001000000000000334,0.0,0.0,6.225999999999999,0.0,0.0,-6.152000000000001,0.0,0.0,0.0,0.0,0.0,0.07299999999999329,0.0,0.0
MET 214,L MET  64,0.0,0.0,0.0,-0.002000000000000668,0.0,0.0,-0.06499999999999773,0.0,0.0,0.062,0.0,0.0,0.0,0.0,0.0,-0.004999999999992788,0.0,0.0
MET 215,L MET  65,0.0,0.0,0.0,-0.004999999999999005,0.0,0.0,0.11400000000000432,0.0,0.0,-0.119,0.0,0.0,0.0,0.0,0.0,-0.009999999999992681,0.0,0.0
THR 216,L THR  66,0.0,0.0,0.0,-0.0019999999999997797,0.0,0.0,0.03999999999999915,0.0,0.0,-0.04400000000000004,0.0,0.0,0.0,0.0,0.0,-0.005999999999993122,0.0,0.0
ALA 217,L ALA  67,0.0,0.0,0.0,-0.001000000000000334,0.0,0.0,-0.03700000000000614,0.0,0.0,0.03399999999999981,0.0,0.0,0.0,0.0,0.0,-0.004000000000011106,0.0,0.0
CYX 218,L CYX  68,0.0,0.0,0.0,-0.002000000000000668,0.0,0.0,0.02400000000000091,0.0,0.0,-0.0259999999999998,0.0,0.0,0.0,0.0,0.0,-0.00399999999999423,0.0,0.0
GLN 219,L GLN  69,0.0,0.0,0.0,-0.0019999999999997797,0.0,0.0,0.2220000000000084,0.0,0.0,-0.22499999999999964,0.0,0.0,0.0,0.0,0.0,-0.004999999999981242,0.0,0.0
GLY 220,L GLY  70,0.0,0.0,0.0,-0.001000000000000334,0.0,0.0,0.005000000000009663,0.0,0.0,-0.0039999999999995595,0.0,0.0,0.0,0.0,0.0,1.9539925233402755e-14,0.0,0.0
VAL 221,L VAL  71,0.0,0.0,0.0,-0.0009999999999998899,0.0,0.0,7.666000000000004,0.0,0.0,-7.555999999999997,0.0,0.0,0.0,0.0,0.0,0.10900000000000887,0.0,0.0

