| Run on Thu Jan 29 17:51:09 2026
| GB non-polar solvation energies calculated with gbsa=2
idecomp = 1: Per-residue decomp adding 1-4 interactions to Internal.
Energy Decomposition Analysis (All units kcal/mol): Generalized Born solvent
Complex:
Total Energy Decomposition:
Residue,Internal,,,van der Waals,,,Electrostatic,,,Polar Solvation,,,Non-Polar Solv.,,,TOTAL,,
,Avg.,Std. Dev.,Std. Err. of Mean,Avg.,Std. Dev.,Std. Err. of Mean,Avg.,Std. Dev.,Std. Err. of Mean,Avg.,Std. Dev.,Std. Err. of Mean,Avg.,Std. Dev.,Std. Err. of Mean,Avg.,Std. Dev.,Std. Err. of Mean
PRO   1,99.935,0.0,0.0,-7.528,0.0,0.0,-107.59,0.0,0.0,7.336,0.0,0.0,0.25520612,0.0,0.0,-7.591793880000006,0.0,0.0
ILE   2,89.794,0.0,0.0,-10.764,0.0,0.0,-65.905,0.0,0.0,-3.913,0.0,0.0,0.07378246000000001,0.0,0.0,9.28578246,0.0,0.0
VAL   3,52.695,0.0,0.0,-4.598,0.0,0.0,-56.911,0.0,0.0,-1.992,0.0,0.0,0.33734622000000003,0.0,0.0,-10.46865378,0.0,0.0
GLN   4,24.516,0.0,0.0,-4.95,0.0,0.0,-61.889,0.0,0.0,-11.808,0.0,0.0,0.66280638,0.0,0.0,-53.46819362000001,0.0,0.0
ASN   5,34.773,0.0,0.0,-6.899,0.0,0.0,-81.493,0.0,0.0,-11.55,0.0,0.0,0.25241482,0.0,0.0,-64.91658518,0.0,0.0
LEU   6,69.386,0.0,0.0,-3.096,0.0,0.0,-64.586,0.0,0.0,-7.985,0.0,0.0,1.0279409400000001,0.0,0.0,-5.253059060000007,0.0,0.0
GLN   7,35.976,0.0,0.0,-4.987,0.0,0.0,-72.075,0.0,0.0,-13.99,0.0,0.0,0.79460452,0.0,0.0,-54.28139548000001,0.0,0.0
GLY   8,79.078,0.0,0.0,-1.848,0.0,0.0,-77.402,0.0,0.0,-2.776,0.0,0.0,0.19090866,0.0,0.0,-2.757091339999997,0.0,0.0
GLN   9,40.029,0.0,0.0,-7.418,0.0,0.0,-77.125,0.0,0.0,-11.473,0.0,0.0,0.66596082,0.0,0.0,-55.32103917999999,0.0,0.0
MET  10,100.641,0.0,0.0,-9.21,0.0,0.0,-80.358,0.0,0.0,-4.777,0.0,0.0,0.2304313,0.0,0.0,6.526431300000008,0.0,0.0
VAL  11,58.445,0.0,0.0,-6.326,0.0,0.0,-59.39,0.0,0.0,-2.042,0.0,0.0,0.313276,0.0,0.0,-8.999724,0.0,0.0
HID  12,94.869,0.0,0.0,-9.768,0.0,0.0,-59.655,0.0,0.0,-12.084,0.0,0.0,0.46249402000000006,0.0,0.0,13.824494019999998,0.0,0.0
GLN  13,40.888,0.0,0.0,-6.559,0.0,0.0,-73.299,0.0,0.0,-11.817,0.0,0.0,0.56435208,0.0,0.0,-50.22264792000001,0.0,0.0
ALA  14,94.124,0.0,0.0,-3.726,0.0,0.0,-78.417,0.0,0.0,-3.834,0.0,0.0,0.43727476000000004,0.0,0.0,8.584274759999994,0.0,0.0
ILE  15,97.557,0.0,0.0,-6.778,0.0,0.0,-74.6,0.0,0.0,-4.649,0.0,0.0,0.18553744,0.0,0.0,11.71553744,0.0,0.0
SER  16,70.998,0.0,0.0,-2.619,0.0,0.0,-51.464,0.0,0.0,-6.64,0.0,0.0,0.27189972,0.0,0.0,10.546899720000006,0.0,0.0
PRO  17,89.045,0.0,0.0,-3.46,0.0,0.0,-57.567,0.0,0.0,-4.964,0.0,0.0,0.58985318,0.0,0.0,23.643853180000008,0.0,0.0
ARG  18,-182.024,0.0,0.0,-5.839,0.0,0.0,62.22,0.0,0.0,-44.6,0.0,0.0,1.1330130600000001,0.0,0.0,-169.10998694,0.0,0.0
THR  19,39.207,0.0,0.0,-8.938,0.0,0.0,-46.985,0.0,0.0,-8.448,0.0,0.0,0.18753200000000003,0.0,0.0,-24.976468,0.0,0.0
LEU  20,53.383,0.0,0.0,-10.372,0.0,0.0,-56.659,0.0,0.0,-4.0,0.0,0.0,0.17646436000000001,0.0,0.0,-17.471535639999995,0.0,0.0
ASN  21,33.572,0.0,0.0,-6.52,0.0,0.0,-82.393,0.0,0.0,-15.968,0.0,0.0,0.5053608,0.0,0.0,-70.80363919999999,0.0,0.0
ALA  22,94.8,0.0,0.0,-5.785,0.0,0.0,-81.08,0.0,0.0,-3.699,0.0,0.0,0.20407926,0.0,0.0,4.440079260000003,0.0,0.0
TRP  23,132.71,0.0,0.0,-18.638,0.0,0.0,-95.08,0.0,0.0,-4.913,0.0,0.0,0.0021571600000000004,0.0,0.0,14.081157160000004,0.0,0.0
VAL  24,62.482,0.0,0.0,-5.575,0.0,0.0,-58.515,0.0,0.0,-3.743,0.0,0.0,0.24725498,0.0,0.0,-5.103745020000004,0.0,0.0
LYS  25,133.661,0.0,0.0,-8.853,0.0,0.0,-169.651,0.0,0.0,24.797,0.0,0.0,0.49530128,0.0,0.0,-19.550698720000003,0.0,0.0
VAL  26,60.726,0.0,0.0,-10.258,0.0,0.0,-65.225,0.0,0.0,-3.524,0.0,0.0,0.06612942000000001,0.0,0.0,-18.214870579999992,0.0,0.0
VAL  27,48.143,0.0,0.0,-8.81,0.0,0.0,-46.932,0.0,0.0,-5.765,0.0,0.0,0.029712440000000003,0.0,0.0,-13.334287560000003,0.0,0.0
GLU  28,96.328,0.0,0.0,-8.001,0.0,0.0,-60.185,0.0,0.0,-79.056,0.0,0.0,0.23029038,0.0,0.0,-50.68370962,0.0,0.0
GLU  29,117.157,0.0,0.0,-5.721,0.0,0.0,-63.383,0.0,0.0,-86.961,0.0,0.0,0.65038374,0.0,0.0,-38.257616260000006,0.0,0.0
LYS  30,124.732,0.0,0.0,-6.838,0.0,0.0,-134.753,0.0,0.0,5.607,0.0,0.0,0.48618484,0.0,0.0,-10.765815159999981,0.0,0.0
ALA  31,85.097,0.0,0.0,-3.577,0.0,0.0,-76.808,0.0,0.0,-3.36,0.0,0.0,0.41580072,0.0,0.0,1.7678007199999892,0.0,0.0
PHE  32,105.401,0.0,0.0,-9.518,0.0,0.0,-78.093,0.0,0.0,-7.564,0.0,0.0,0.29301604,0.0,0.0,10.519016039999991,0.0,0.0
SER  33,79.879,0.0,0.0,-5.24,0.0,0.0,-59.757,0.0,0.0,-5.062,0.0,0.0,0.24570486,0.0,0.0,10.065704860000011,0.0,0.0
PRO  34,73.948,0.0,0.0,-5.051,0.0,0.0,-54.636,0.0,0.0,-4.141,0.0,0.0,0.59444392,0.0,0.0,10.714443919999988,0.0,0.0
GLU  35,105.856,0.0,0.0,-5.976,0.0,0.0,-95.582,0.0,0.0,-54.313,0.0,0.0,0.43596854,0.0,0.0,-49.57903146,0.0,0.0
VAL  36,50.004,0.0,0.0,-9.424,0.0,0.0,-57.469,0.0,0.0,-0.901,0.0,0.0,0.00072086,0.0,0.0,-17.78927914,0.0,0.0
ILE  37,84.299,0.0,0.0,-9.298,0.0,0.0,-58.084,0.0,0.0,-2.064,0.0,0.0,0.13436722,0.0,0.0,14.987367220000001,0.0,0.0
PRO  38,86.916,0.0,0.0,-5.581,0.0,0.0,-59.901,0.0,0.0,-2.792,0.0,0.0,0.45394668000000005,0.0,0.0,19.09594667999999,0.0,0.0
MET  39,89.922,0.0,0.0,-7.531,0.0,0.0,-74.081,0.0,0.0,-3.544,0.0,0.0,0.39101506,0.0,0.0,5.1570150599999875,0.0,0.0
PHE  40,101.572,0.0,0.0,-14.381,0.0,0.0,-84.81,0.0,0.0,-1.941,0.0,0.0,0.00072086,0.0,0.0,0.44072086000000016,0.0,0.0
SER  41,59.554,0.0,0.0,-7.106,0.0,0.0,-44.112,0.0,0.0,-9.806,0.0,0.0,0.24240408,0.0,0.0,-1.2275959200000006,0.0,0.0
ALA  42,85.333,0.0,0.0,-5.047,0.0,0.0,-68.302,0.0,0.0,-4.813,0.0,0.0,0.40025616,0.0,0.0,7.571256159999995,0.0,0.0
LEU  43,73.754,0.0,0.0,-8.39,0.0,0.0,-79.008,0.0,0.0,-2.994,0.0,0.0,0.1869358,0.0,0.0,-16.45106419999999,0.0,0.0
SER  44,73.644,0.0,0.0,-7.235,0.0,0.0,-74.611,0.0,0.0,-0.507,0.0,0.0,0.0,0.0,0.0,-8.708999999999998,0.0,0.0
GLU  45,102.91,0.0,0.0,-4.783,0.0,0.0,-57.693,0.0,0.0,-86.274,0.0,0.0,0.72986804,0.0,0.0,-45.110131960000004,0.0,0.0
GLY  46,66.86,0.0,0.0,-2.579,0.0,0.0,-65.672,0.0,0.0,-3.441,0.0,0.0,0.37828348,0.0,0.0,-4.453716519999991,0.0,0.0
ALA  47,100.059,0.0,0.0,-5.862,0.0,0.0,-85.053,0.0,0.0,-4.841,0.0,0.0,0.030536280000000002,0.0,0.0,4.333536280000005,0.0,0.0
THR  48,60.739,0.0,0.0,-5.804,0.0,0.0,-63.905,0.0,0.0,-0.904,0.0,0.0,0.05359296,0.0,0.0,-9.820407040000006,0.0,0.0
PRO  49,74.306,0.0,0.0,-11.023,0.0,0.0,-54.039,0.0,0.0,-0.625,0.0,0.0,0.0,0.0,0.0,8.619,0.0,0.0
GLN  50,28.537,0.0,0.0,-10.694,0.0,0.0,-74.584,0.0,0.0,-7.134,0.0,0.0,0.20605214000000002,0.0,0.0,-63.66894786000001,0.0,0.0
ASP  51,95.831,0.0,0.0,-6.926,0.0,0.0,-115.353,0.0,0.0,-26.302,0.0,0.0,0.005929480000000001,0.0,0.0,-52.744070519999994,0.0,0.0
LEU  52,65.538,0.0,0.0,-12.827,0.0,0.0,-71.781,0.0,0.0,-0.054,0.0,0.0,0.0,0.0,0.0,-19.124000000000006,0.0,0.0
ASN  53,38.753,0.0,0.0,-6.42,0.0,0.0,-98.417,0.0,0.0,-5.176,0.0,0.0,0.1659062,0.0,0.0,-71.09409380000001,0.0,0.0
THR  54,53.078,0.0,0.0,-5.795,0.0,0.0,-62.827,0.0,0.0,-1.956,0.0,0.0,0.21317944000000003,0.0,0.0,-17.286820559999995,0.0,0.0
MET  55,81.366,0.0,0.0,-13.665,0.0,0.0,-66.001,0.0,0.0,-0.85,0.0,0.0,0.007777700000000001,0.0,0.0,0.8577776999999887,0.0,0.0
LEU  56,63.321,0.0,0.0,-10.308,0.0,0.0,-66.471,0.0,0.0,-1.607,0.0,0.0,0.12017765999999999,0.0,0.0,-14.944822340000005,0.0,0.0
ASN  57,35.209,0.0,0.0,-6.324,0.0,0.0,-87.327,0.0,0.0,-11.394,0.0,0.0,0.62103444,0.0,0.0,-69.21496556,0.0,0.0
THR  58,60.968,0.0,0.0,-7.215,0.0,0.0,-63.743,0.0,0.0,-4.175,0.0,0.0,0.21598158,0.0,0.0,-13.949018420000003,0.0,0.0
VAL  59,50.845,0.0,0.0,-9.589,0.0,0.0,-45.995,0.0,0.0,-0.163,0.0,0.0,0.020146140000000003,0.0,0.0,-4.881853859999998,0.0,0.0
ALA  60,88.382,0.0,0.0,-3.594,0.0,0.0,-66.797,0.0,0.0,-2.22,0.0,0.0,0.2665827,0.0,0.0,16.037582700000012,0.0,0.0
PRO  61,81.121,0.0,0.0,-3.301,0.0,0.0,-59.25,0.0,0.0,-3.388,0.0,0.0,0.67786314,0.0,0.0,15.859863139999993,0.0,0.0
HID  62,103.903,0.0,0.0,-9.648,0.0,0.0,-71.429,0.0,0.0,-8.235,0.0,0.0,0.1698357,0.0,0.0,14.760835700000008,0.0,0.0
GLN  63,25.906,0.0,0.0,-4.761,0.0,0.0,-65.326,0.0,0.0,-12.674,0.0,0.0,0.68151622,0.0,0.0,-56.17348378,0.0,0.0
ALA  64,86.352,0.0,0.0,-4.737,0.0,0.0,-71.621,0.0,0.0,-3.866,0.0,0.0,0.32442494,0.0,0.0,6.452424940000014,0.0,0.0
ALA  65,85.488,0.0,0.0,-6.4,0.0,0.0,-75.283,0.0,0.0,-2.102,0.0,0.0,0.06603728,0.0,0.0,1.7690372799999927,0.0,0.0
ALA  66,92.048,0.0,0.0,-6.574,0.0,0.0,-81.325,0.0,0.0,-1.569,0.0,0.0,0.06487198,0.0,0.0,2.644871980000001,0.0,0.0
GLN  67,39.879,0.0,0.0,-8.216,0.0,0.0,-77.564,0.0,0.0,-11.121,0.0,0.0,0.42173020000000006,0.0,0.0,-56.6002698,0.0,0.0
MET  68,96.359,0.0,0.0,-11.051,0.0,0.0,-72.343,0.0,0.0,-3.204,0.0,0.0,0.19005772,0.0,0.0,9.951057719999989,0.0,0.0
LEU  69,84.669,0.0,0.0,-11.823,0.0,0.0,-73.793,0.0,0.0,-3.872,0.0,0.0,0.011512080000000001,0.0,0.0,-4.8074879200000025,0.0,0.0
LYS  70,130.975,0.0,0.0,-9.951,0.0,0.0,-131.756,0.0,0.0,-3.321,0.0,0.0,0.4894531000000001,0.0,0.0,-13.563546899999999,0.0,0.0
GLU  71,107.22,0.0,0.0,-7.954,0.0,0.0,-82.388,0.0,0.0,-76.499,0.0,0.0,0.47562126000000005,0.0,0.0,-59.14537874,0.0,0.0
THR  72,46.317,0.0,0.0,-9.568,0.0,0.0,-52.222,0.0,0.0,-6.08,0.0,0.0,0.06526222000000001,0.0,0.0,-21.487737779999996,0.0,0.0
ILE  73,77.754,0.0,0.0,-10.07,0.0,0.0,-51.356,0.0,0.0,-3.841,0.0,0.0,0.08965764000000001,0.0,0.0,12.576657639999995,0.0,0.0
ASN  74,19.73,0.0,0.0,-8.483,0.0,0.0,-73.734,0.0,0.0,-10.95,0.0,0.0,0.44494948,0.0,0.0,-72.99205051999999,0.0,0.0
GLU  75,109.259,0.0,0.0,-7.35,0.0,0.0,-48.953,0.0,0.0,-108.263,0.0,0.0,0.66054082,0.0,0.0,-54.64645918,0.0,0.0
GLU  76,101.725,0.0,0.0,-10.615,0.0,0.0,-29.54,0.0,0.0,-111.413,0.0,0.0,0.21261576000000001,0.0,0.0,-49.63038424,0.0,0.0
ALA  77,82.46,0.0,0.0,-6.804,0.0,0.0,-73.766,0.0,0.0,-0.168,0.0,0.0,0.10830786,0.0,0.0,1.8303078599999865,0.0,0.0
ALA  78,95.593,0.0,0.0,-5.505,0.0,0.0,-85.939,0.0,0.0,0.522,0.0,0.0,0.32604552000000003,0.0,0.0,4.9970455200000155,0.0,0.0
GLU  79,109.845,0.0,0.0,-7.872,0.0,0.0,-47.759,0.0,0.0,-105.293,0.0,0.0,0.3624083,0.0,0.0,-50.71659170000001,0.0,0.0
TRP  80,117.75,0.0,0.0,-15.821,0.0,0.0,-89.918,0.0,0.0,-2.733,0.0,0.0,0.18792766000000002,0.0,0.0,9.465927659999995,0.0,0.0
ASP  81,121.408,0.0,0.0,-6.705,0.0,0.0,-86.128,0.0,0.0,-82.002,0.0,0.0,0.4524345,0.0,0.0,-52.97456549999999,0.0,0.0
ARG  82,-190.459,0.0,0.0,-6.983,0.0,0.0,11.57,0.0,0.0,16.968,0.0,0.0,1.042537,0.0,0.0,-167.86146300000001,0.0,0.0
LEU  83,64.463,0.0,0.0,-7.085,0.0,0.0,-69.239,0.0,0.0,-3.792,0.0,0.0,0.5936526000000001,0.0,0.0,-15.05934740000001,0.0,0.0
HID  84,113.288,0.0,0.0,-8.208,0.0,0.0,-76.349,0.0,0.0,-6.996,0.0,0.0,0.1981281,0.0,0.0,21.933128099999994,0.0,0.0
PRO  85,91.144,0.0,0.0,-4.183,0.0,0.0,-65.299,0.0,0.0,-4.89,0.0,0.0,0.53481308,0.0,0.0,17.306813080000005,0.0,0.0
VAL  86,48.925,0.0,0.0,-3.678,0.0,0.0,-50.527,0.0,0.0,-4.384,0.0,0.0,0.6885568000000001,0.0,0.0,-8.9754432,0.0,0.0
HID  87,92.546,0.0,0.0,-4.538,0.0,0.0,-60.2,0.0,0.0,-15.862,0.0,0.0,0.80134158,0.0,0.0,12.747341580000008,0.0,0.0
ALA  88,91.476,0.0,0.0,-2.095,0.0,0.0,-72.544,0.0,0.0,-9.232,0.0,0.0,0.59553334,0.0,0.0,8.200533340000003,0.0,0.0
GLY  89,91.657,0.0,0.0,-1.514,0.0,0.0,-72.692,0.0,0.0,-10.247,0.0,0.0,0.29880460000000003,0.0,0.0,7.502804600000008,0.0,0.0
PRO  90,89.818,0.0,0.0,-2.62,0.0,0.0,-59.307,0.0,0.0,-7.492,0.0,0.0,0.81508128,0.0,0.0,21.21408127999999,0.0,0.0
ILE  91,78.362,0.0,0.0,-4.96,0.0,0.0,-56.536,0.0,0.0,-4.971,0.0,0.0,0.46149674000000007,0.0,0.0,12.356496739999999,0.0,0.0
ALA  92,93.899,0.0,0.0,-2.548,0.0,0.0,-66.801,0.0,0.0,-6.127,0.0,0.0,0.27327098,0.0,0.0,18.696270979999998,0.0,0.0
PRO  93,84.247,0.0,0.0,-1.923,0.0,0.0,-56.014,0.0,0.0,-8.114,0.0,0.0,0.79287554,0.0,0.0,18.988875539999995,0.0,0.0
GLY  94,69.331,0.0,0.0,-2.331,0.0,0.0,-66.396,0.0,0.0,-5.657,0.0,0.0,0.4551553400000001,0.0,0.0,-4.597844660000001,0.0,0.0
GLN  95,35.304,0.0,0.0,-7.065,0.0,0.0,-74.263,0.0,0.0,-14.382,0.0,0.0,0.59168514,0.0,0.0,-59.814314859999996,0.0,0.0
MET  96,106.228,0.0,0.0,-9.002,0.0,0.0,-76.24,0.0,0.0,-8.871,0.0,0.0,0.22556956000000003,0.0,0.0,12.340569560000004,0.0,0.0
ARG  97,-185.095,0.0,0.0,-8.866,0.0,0.0,-15.702,0.0,0.0,28.229,0.0,0.0,0.43860266000000003,0.0,0.0,-180.99539734000004,0.0,0.0
GLU  98,116.737,0.0,0.0,-7.214,0.0,0.0,-51.945,0.0,0.0,-96.38,0.0,0.0,0.54783192,0.0,0.0,-38.25416808,0.0,0.0
PRO  99,89.127,0.0,0.0,-9.773,0.0,0.0,-61.942,0.0,0.0,-3.715,0.0,0.0,0.0,0.0,0.0,13.697,0.0,0.0
ARG 100,-193.198,0.0,0.0,-9.61,0.0,0.0,-5.053,0.0,0.0,27.422,0.0,0.0,0.31456054,0.0,0.0,-180.12443946,0.0,0.0
GLY 101,79.683,0.0,0.0,-4.41,0.0,0.0,-78.848,0.0,0.0,-3.525,0.0,0.0,0.043582220000000005,0.0,0.0,-7.056417779999989,0.0,0.0
SER 102,67.0,0.0,0.0,-7.002,0.0,0.0,-63.953,0.0,0.0,-2.85,0.0,0.0,0.27013280000000006,0.0,0.0,-6.534867200000005,0.0,0.0
ASP 103,93.866,0.0,0.0,-10.447,0.0,0.0,-100.241,0.0,0.0,-41.474,0.0,0.0,0.021479460000000002,0.0,0.0,-58.27452054,0.0,0.0
ILE 104,79.981,0.0,0.0,-12.575,0.0,0.0,-60.514,0.0,0.0,-1.348,0.0,0.0,0.0,0.0,0.0,5.543999999999989,0.0,0.0
ALA 105,87.105,0.0,0.0,-6.785,0.0,0.0,-78.389,0.0,0.0,-0.398,0.0,0.0,0.06621072,0.0,0.0,1.5992107200000114,0.0,0.0
GLY 106,88.21,0.0,0.0,-6.25,0.0,0.0,-85.973,0.0,0.0,-2.915,0.0,0.0,0.03042788,0.0,0.0,-6.897572120000005,0.0,0.0
THR 107,46.377,0.0,0.0,-4.614,0.0,0.0,-52.071,0.0,0.0,-8.644,0.0,0.0,0.6333974600000001,0.0,0.0,-18.31860253999999,0.0,0.0
THR 108,39.384,0.0,0.0,-5.297,0.0,0.0,-56.929,0.0,0.0,-3.838,0.0,0.0,0.52806518,0.0,0.0,-26.15193482,0.0,0.0
SER 109,84.7,0.0,0.0,-9.135,0.0,0.0,-73.666,0.0,0.0,-4.274,0.0,0.0,0.06529474,0.0,0.0,-2.309705259999999,0.0,0.0
THR 110,39.631,0.0,0.0,-7.031,0.0,0.0,-48.608,0.0,0.0,-2.961,0.0,0.0,0.4330309,0.0,0.0,-18.535969099999996,0.0,0.0
LEU 111,57.019,0.0,0.0,-9.549,0.0,0.0,-55.664,0.0,0.0,-4.371,0.0,0.0,0.25157472,0.0,0.0,-12.313425280000002,0.0,0.0
GLN 112,32.32,0.0,0.0,-7.944,0.0,0.0,-74.835,0.0,0.0,-11.253,0.0,0.0,0.62413468,0.0,0.0,-61.08786531999999,0.0,0.0
GLU 113,105.354,0.0,0.0,-8.706,0.0,0.0,-101.085,0.0,0.0,-47.62,0.0,0.0,0.18174344,0.0,0.0,-51.87525656,0.0,0.0
GLN 114,38.193,0.0,0.0,-13.169,0.0,0.0,-83.74,0.0,0.0,-1.349,0.0,0.0,0.007251960000000001,0.0,0.0,-60.05774803999999,0.0,0.0
ILE 115,88.617,0.0,0.0,-7.585,0.0,0.0,-68.616,0.0,0.0,-1.661,0.0,0.0,0.28157984,0.0,0.0,11.036579840000012,0.0,0.0
GLY 116,76.927,0.0,0.0,-5.38,0.0,0.0,-74.009,0.0,0.0,-2.345,0.0,0.0,0.056736560000000005,0.0,0.0,-4.75026343999999,0.0,0.0
TRP 117,120.225,0.0,0.0,-18.773,0.0,0.0,-92.761,0.0,0.0,-3.49,0.0,0.0,0.00072086,0.0,0.0,5.201720860000003,0.0,0.0
MET 118,99.674,0.0,0.0,-9.34,0.0,0.0,-80.663,0.0,0.0,-5.695,0.0,0.0,0.33290182,0.0,0.0,4.308901820000006,0.0,0.0
THR 119,36.614,0.0,0.0,-5.215,0.0,0.0,-44.109,0.0,0.0,-5.836,0.0,0.0,0.5621624000000001,0.0,0.0,-17.983837600000008,0.0,0.0
HID 120,92.426,0.0,0.0,-9.618,0.0,0.0,-56.903,0.0,0.0,-12.662,0.0,0.0,0.28054462,0.0,0.0,13.523544620000008,0.0,0.0
ASN 121,45.013,0.0,0.0,-3.78,0.0,0.0,-86.797,0.0,0.0,-15.166,0.0,0.0,0.75002502,0.0,0.0,-59.97997498,0.0,0.0
PRO 122,93.943,0.0,0.0,-4.784,0.0,0.0,-55.587,0.0,0.0,-5.752,0.0,0.0,0.5747964200000001,0.0,0.0,28.394796419999988,0.0,0.0
PRO 123,82.521,0.0,0.0,-6.064,0.0,0.0,-57.587,0.0,0.0,-4.773,0.0,0.0,0.41774108000000004,0.0,0.0,14.514741079999991,0.0,0.0
ILE 124,93.601,0.0,0.0,-7.591,0.0,0.0,-64.583,0.0,0.0,-0.971,0.0,0.0,0.14806898000000002,0.0,0.0,20.604068980000008,0.0,0.0
PRO 125,88.55,0.0,0.0,-5.068,0.0,0.0,-66.916,0.0,0.0,-1.119,0.0,0.0,0.32875010000000005,0.0,0.0,15.775750100000003,0.0,0.0
VAL 126,50.949,0.0,0.0,-10.471,0.0,0.0,-55.377,0.0,0.0,-1.611,0.0,0.0,0.0,0.0,0.0,-16.51000000000001,0.0,0.0
GLY 127,71.26,0.0,0.0,-5.036,0.0,0.0,-71.084,0.0,0.0,-1.558,0.0,0.0,0.0014363000000000002,0.0,0.0,-6.416563699999999,0.0,0.0
GLU 128,101.296,0.0,0.0,-5.522,0.0,0.0,-86.321,0.0,0.0,-64.919,0.0,0.0,0.46989774000000006,0.0,0.0,-54.996102259999994,0.0,0.0
ILE 129,81.144,0.0,0.0,-10.386,0.0,0.0,-65.404,0.0,0.0,-0.815,0.0,0.0,0.16866498000000002,0.0,0.0,4.707664980000014,0.0,0.0
TYR 130,90.965,0.0,0.0,-11.421,0.0,0.0,-91.705,0.0,0.0,-1.897,0.0,0.0,0.03028154,0.0,0.0,-14.027718459999987,0.0,0.0
LYS 131,147.022,0.0,0.0,-10.186,0.0,0.0,-186.854,0.0,0.0,42.995,0.0,0.0,0.02074234,0.0,0.0,-7.002257660000032,0.0,0.0
ARG 132,-189.037,0.0,0.0,-9.03,0.0,0.0,20.992,0.0,0.0,-1.927,0.0,0.0,0.8337206600000001,0.0,0.0,-178.16827934,0.0,0.0
TRP 133,132.409,0.0,0.0,-19.081,0.0,0.0,-98.532,0.0,0.0,-3.752,0.0,0.0,0.06306712,0.0,0.0,11.107067119999993,0.0,0.0
ILE 134,86.99,0.0,0.0,-10.261,0.0,0.0,-72.558,0.0,0.0,-0.003,0.0,0.0,0.0,0.0,0.0,4.167999999999992,0.0,0.0
ILE 135,77.115,0.0,0.0,-9.688,0.0,0.0,-62.2,0.0,0.0,0.061,0.0,0.0,0.13144584,0.0,0.0,5.419445839999989,0.0,0.0
LEU 136,71.908,0.0,0.0,-9.21,0.0,0.0,-78.303,0.0,0.0,1.145,0.0,0.0,0.40089030000000003,0.0,0.0,-14.059109699999997,0.0,0.0
GLY 137,79.403,0.0,0.0,-6.244,0.0,0.0,-79.422,0.0,0.0,0.546,0.0,0.0,0.0,0.0,0.0,-5.716999999999991,0.0,0.0
LEU 138,64.445,0.0,0.0,-11.086,0.0,0.0,-68.08,0.0,0.0,-1.082,0.0,0.0,0.0088888,0.0,0.0,-15.794111200000005,0.0,0.0
ASN 139,31.952,0.0,0.0,-8.634,0.0,0.0,-87.368,0.0,0.0,-8.96,0.0,0.0,0.35709670000000004,0.0,0.0,-72.65290329999999,0.0,0.0
LYS 140,135.857,0.0,0.0,-9.05,0.0,0.0,-128.569,0.0,0.0,-10.94,0.0,0.0,0.68956492,0.0,0.0,-12.012435079999985,0.0,0.0
ILE 141,88.058,0.0,0.0,-10.07,0.0,0.0,-73.918,0.0,0.0,-4.154,0.0,0.0,0.04203752,0.0,0.0,-0.041962480000006734,0.0,0.0
VAL 142,65.283,0.0,0.0,-7.827,0.0,0.0,-55.645,0.0,0.0,-3.86,0.0,0.0,0.09367386000000001,0.0,0.0,-1.95532614,0.0,0.0
ARG 143,-190.947,0.0,0.0,-5.045,0.0,0.0,58.398,0.0,0.0,-26.086,0.0,0.0,1.18091502,0.0,0.0,-162.49908498000002,0.0,0.0
MET 144,93.062,0.0,0.0,-4.408,0.0,0.0,-77.036,0.0,0.0,-6.213,0.0,0.0,0.67586858,0.0,0.0,6.080868579999995,0.0,0.0
TYR 145,97.262,0.0,0.0,-8.535,0.0,0.0,-79.399,0.0,0.0,-12.853,0.0,0.0,0.56444964,0.0,0.0,-2.960550359999997,0.0,0.0
SER 146,84.547,0.0,0.0,-3.429,0.0,0.0,-55.558,0.0,0.0,-11.527,0.0,0.0,0.38472786000000003,0.0,0.0,14.417727859999996,0.0,0.0
PRO 147,87.531,0.0,0.0,-3.359,0.0,0.0,-64.112,0.0,0.0,-4.162,0.0,0.0,0.57326798,0.0,0.0,16.471267980000018,0.0,0.0
THR 148,29.521,0.0,0.0,-4.71,0.0,0.0,-37.312,0.0,0.0,-10.332,0.0,0.0,0.3922996,0.0,0.0,-22.440700399999997,0.0,0.0
SER 149,61.159,0.0,0.0,-6.56,0.0,0.0,-52.801,0.0,0.0,-2.666,0.0,0.0,0.18212826000000001,0.0,0.0,-0.6858717400000052,0.0,0.0
ILE 150,82.268,0.0,0.0,-8.076,0.0,0.0,-60.049,0.0,0.0,-0.022,0.0,0.0,0.06004818000000001,0.0,0.0,14.181048180000008,0.0,0.0
LEU 151,63.001,0.0,0.0,-4.559,0.0,0.0,-68.184,0.0,0.0,-3.813,0.0,0.0,0.7699652,0.0,0.0,-12.785034799999998,0.0,0.0
ASP 152,98.513,0.0,0.0,-4.13,0.0,0.0,-61.699,0.0,0.0,-89.342,0.0,0.0,0.6758902600000001,0.0,0.0,-55.982109739999984,0.0,0.0
ILE 153,100.157,0.0,0.0,-7.531,0.0,0.0,-69.274,0.0,0.0,-4.147,0.0,0.0,0.07535968,0.0,0.0,19.28035967999999,0.0,0.0
ARG 154,-191.936,0.0,0.0,-5.872,0.0,0.0,41.796,0.0,0.0,-15.5,0.0,0.0,0.9401532000000001,0.0,0.0,-170.5718468,0.0,0.0
GLN 155,29.391,0.0,0.0,-12.772,0.0,0.0,-86.292,0.0,0.0,-1.228,0.0,0.0,0.04460118,0.0,0.0,-70.85639882,0.0,0.0
GLY 156,86.364,0.0,0.0,-2.893,0.0,0.0,-72.387,0.0,0.0,-6.295,0.0,0.0,0.11287692,0.0,0.0,4.901876920000003,0.0,0.0
PRO 157,89.119,0.0,0.0,-3.147,0.0,0.0,-52.103,0.0,0.0,-8.748,0.0,0.0,0.81135774,0.0,0.0,25.932357739999993,0.0,0.0
LYS 158,119.743,0.0,0.0,-4.946,0.0,0.0,-96.651,0.0,0.0,-36.13,0.0,0.0,0.9773723400000001,0.0,0.0,-17.006627660000003,0.0,0.0
GLU 159,117.096,0.0,0.0,-6.989,0.0,0.0,-119.365,0.0,0.0,-36.824,0.0,0.0,0.1673425,0.0,0.0,-45.9146575,0.0,0.0
PRO 160,79.471,0.0,0.0,-9.714,0.0,0.0,-54.178,0.0,0.0,-3.366,0.0,0.0,0.0681023,0.0,0.0,12.281102300000008,0.0,0.0
PHE 161,102.745,0.0,0.0,-13.637,0.0,0.0,-75.73,0.0,0.0,-3.351,0.0,0.0,0.014986300000000001,0.0,0.0,10.041986300000001,0.0,0.0
ARG 162,-195.147,0.0,0.0,-8.745,0.0,0.0,24.259,0.0,0.0,7.838,0.0,0.0,0.7349411600000001,0.0,0.0,-171.06005883999998,0.0,0.0
ASP 163,90.159,0.0,0.0,-8.645,0.0,0.0,-68.12,0.0,0.0,-74.432,0.0,0.0,0.31737894000000005,0.0,0.0,-60.72062106,0.0,0.0
TYR 164,100.391,0.0,0.0,-18.389,0.0,0.0,-95.626,0.0,0.0,-0.582,0.0,0.0,0.0,0.0,0.0,-14.205999999999996,0.0,0.0
VAL 165,44.528,0.0,0.0,-8.218,0.0,0.0,-58.538,0.0,0.0,1.869,0.0,0.0,0.1008662,0.0,0.0,-20.258133799999996,0.0,0.0
ASP 166,93.675,0.0,0.0,-8.222,0.0,0.0,-55.87,0.0,0.0,-82.853,0.0,0.0,0.4031179200000001,0.0,0.0,-52.86688207999999,0.0,0.0
ARG 167,-193.802,0.0,0.0,-8.532,0.0,0.0,3.317,0.0,0.0,10.317,0.0,0.0,0.49605466000000004,0.0,0.0,-188.20394534,0.0,0.0
PHE 168,98.635,0.0,0.0,-15.539,0.0,0.0,-81.335,0.0,0.0,-0.123,0.0,0.0,0.03315414,0.0,0.0,1.6711541400000098,0.0,0.0
TYR 169,99.614,0.0,0.0,-9.315,0.0,0.0,-88.477,0.0,0.0,-6.555,0.0,0.0,0.7838024600000001,0.0,0.0,-3.949197539999997,0.0,0.0
LYS 170,139.677,0.0,0.0,-7.655,0.0,0.0,-120.654,0.0,0.0,-25.31,0.0,0.0,0.86235452,0.0,0.0,-13.079645480000003,0.0,0.0
THR 171,50.021,0.0,0.0,-7.922,0.0,0.0,-58.801,0.0,0.0,-4.278,0.0,0.0,0.08171192000000001,0.0,0.0,-20.898288079999997,0.0,0.0
LEU 172,75.031,0.0,0.0,-11.794,0.0,0.0,-68.228,0.0,0.0,-4.073,0.0,0.0,0.055603780000000005,0.0,0.0,-9.008396219999986,0.0,0.0
ARG 173,-195.254,0.0,0.0,-7.352,0.0,0.0,40.981,0.0,0.0,-14.225,0.0,0.0,0.76605738,0.0,0.0,-175.08394262,0.0,0.0
ALA 174,89.09,0.0,0.0,-5.009,0.0,0.0,-78.219,0.0,0.0,-5.405,0.0,0.0,0.32316208,0.0,0.0,0.7801620800000088,0.0,0.0
GLU 175,108.012,0.0,0.0,-7.585,0.0,0.0,-59.318,0.0,0.0,-90.671,0.0,0.0,0.35624034000000004,0.0,0.0,-49.20575966,0.0,0.0
GLN 176,26.296,0.0,0.0,-5.92,0.0,0.0,-61.576,0.0,0.0,-19.129,0.0,0.0,0.29116782,0.0,0.0,-60.03783218000001,0.0,0.0
ALA 177,96.924,0.0,0.0,-4.826,0.0,0.0,-83.911,0.0,0.0,-4.533,0.0,0.0,0.16559184000000002,0.0,0.0,3.8195918400000113,0.0,0.0
SER 178,67.796,0.0,0.0,-4.253,0.0,0.0,-58.903,0.0,0.0,-4.648,0.0,0.0,0.34923770000000004,0.0,0.0,0.341237700000008,0.0,0.0
GLN 179,28.602,0.0,0.0,-3.466,0.0,0.0,-77.515,0.0,0.0,-6.481,0.0,0.0,0.75668078,0.0,0.0,-58.10331922,0.0,0.0
GLU 180,112.031,0.0,0.0,-5.362,0.0,0.0,-77.874,0.0,0.0,-82.032,0.0,0.0,0.7643338199999999,0.0,0.0,-52.47266617999998,0.0,0.0
VAL 181,69.648,0.0,0.0,-7.129,0.0,0.0,-63.165,0.0,0.0,-1.912,0.0,0.0,0.32824062000000004,0.0,0.0,-2.229759380000001,0.0,0.0
LYS 182,120.314,0.0,0.0,-8.535,0.0,0.0,-120.599,0.0,0.0,-6.483,0.0,0.0,0.39139446,0.0,0.0,-14.911605540000007,0.0,0.0
ASN 183,22.656,0.0,0.0,-8.605,0.0,0.0,-81.409,0.0,0.0,-10.466,0.0,0.0,0.50079716,0.0,0.0,-77.32320284,0.0,0.0
TRP 184,128.583,0.0,0.0,-11.288,0.0,0.0,-92.307,0.0,0.0,-6.745,0.0,0.0,0.7995150400000001,0.0,0.0,19.042515039999998,0.0,0.0
MET 185,102.794,0.0,0.0,-11.59,0.0,0.0,-86.178,0.0,0.0,-2.343,0.0,0.0,0.0507854,0.0,0.0,2.7337853999999964,0.0,0.0
THR 186,41.481,0.0,0.0,-8.203,0.0,0.0,-54.149,0.0,0.0,-2.806,0.0,0.0,0.08992864,0.0,0.0,-23.587071359999996,0.0,0.0
GLU 187,105.983,0.0,0.0,-7.414,0.0,0.0,-60.79,0.0,0.0,-81.79,0.0,0.0,0.49377826,0.0,0.0,-43.517221740000004,0.0,0.0
THR 188,44.738,0.0,0.0,-7.883,0.0,0.0,-50.194,0.0,0.0,-1.425,0.0,0.0,0.26681576,0.0,0.0,-14.497184240000006,0.0,0.0
LEU 189,65.428,0.0,0.0,-8.337,0.0,0.0,-67.63,0.0,0.0,0.442,0.0,0.0,0.1143349,0.0,0.0,-9.982665100000002,0.0,0.0
LEU 190,81.66,0.0,0.0,-10.456,0.0,0.0,-90.029,0.0,0.0,0.314,0.0,0.0,0.0,0.0,0.0,-18.511000000000003,0.0,0.0
VAL 191,58.858,0.0,0.0,-10.807,0.0,0.0,-58.001,0.0,0.0,-0.062,0.0,0.0,0.02446046,0.0,0.0,-9.987539540000002,0.0,0.0
GLN 192,22.416,0.0,0.0,-7.346,0.0,0.0,-70.923,0.0,0.0,-1.673,0.0,0.0,0.47037470000000003,0.0,0.0,-57.0556253,0.0,0.0
ASN 193,14.351,0.0,0.0,-5.224,0.0,0.0,-83.76,0.0,0.0,-1.503,0.0,0.0,0.2212173,0.0,0.0,-75.9147827,0.0,0.0
ALA 194,89.457,0.0,0.0,-8.048,0.0,0.0,-80.943,0.0,0.0,-0.076,0.0,0.0,0.03833566000000001,0.0,0.0,0.42833565999999396,0.0,0.0
ASN 195,48.975,0.0,0.0,-6.28,0.0,0.0,-92.437,0.0,0.0,-8.253,0.0,0.0,0.10667644,0.0,0.0,-57.888323559999996,0.0,0.0
PRO 196,82.652,0.0,0.0,-2.451,0.0,0.0,-64.546,0.0,0.0,-1.261,0.0,0.0,0.59140872,0.0,0.0,14.985408720000002,0.0,0.0
ASP 197,85.528,0.0,0.0,-7.473,0.0,0.0,-57.232,0.0,0.0,-79.792,0.0,0.0,0.5562275,0.0,0.0,-58.412772499999996,0.0,0.0
CYX 198,97.802,0.0,0.0,-10.137,0.0,0.0,-81.738,0.0,0.0,-0.818,0.0,0.0,0.0,0.0,0.0,5.109000000000007,0.0,0.0
LYS 199,141.036,0.0,0.0,-8.151,0.0,0.0,-122.553,0.0,0.0,-22.626,0.0,0.0,0.38227802000000005,0.0,0.0,-11.911721980000008,0.0,0.0
THR 200,55.367,0.0,0.0,-3.094,0.0,0.0,-67.334,0.0,0.0,-3.815,0.0,0.0,0.56876938,0.0,0.0,-18.30723062000001,0.0,0.0
ILE 201,83.251,0.0,0.0,-8.166,0.0,0.0,-61.299,0.0,0.0,-1.344,0.0,0.0,0.39347574,0.0,0.0,12.835475740000009,0.0,0.0
LEU 202,75.454,0.0,0.0,-12.47,0.0,0.0,-73.312,0.0,0.0,-2.84,0.0,0.0,0.00626552,0.0,0.0,-13.161734480000003,0.0,0.0
LYS 203,130.945,0.0,0.0,-6.42,0.0,0.0,-101.073,0.0,0.0,-29.137,0.0,0.0,0.63675786,0.0,0.0,-5.048242140000002,0.0,0.0
ALA 204,88.885,0.0,0.0,-3.757,0.0,0.0,-72.343,0.0,0.0,-6.75,0.0,0.0,0.53527378,0.0,0.0,6.570273779999996,0.0,0.0
LEU 205,78.685,0.0,0.0,-7.962,0.0,0.0,-77.944,0.0,0.0,-7.297,0.0,0.0,0.35616446,0.0,0.0,-14.161835540000004,0.0,0.0
GLY 206,90.525,0.0,0.0,-3.408,0.0,0.0,-74.144,0.0,0.0,-9.113,0.0,0.0,0.10061146,0.0,0.0,3.9606114599999995,0.0,0.0
PRO 207,87.214,0.0,0.0,-2.824,0.0,0.0,-52.266,0.0,0.0,-9.323,0.0,0.0,0.6878251000000001,0.0,0.0,23.488825100000003,0.0,0.0
GLY 208,65.329,0.0,0.0,-1.723,0.0,0.0,-57.764,0.0,0.0,-9.278,0.0,0.0,0.49106284000000006,0.0,0.0,-2.9449371600000087,0.0,0.0
ALA 209,100.764,0.0,0.0,-5.323,0.0,0.0,-91.543,0.0,0.0,-1.393,0.0,0.0,0.1166384,0.0,0.0,2.621638399999996,0.0,0.0
THR 210,45.794,0.0,0.0,-5.842,0.0,0.0,-53.442,0.0,0.0,-4.755,0.0,0.0,0.52352864,0.0,0.0,-17.721471360000002,0.0,0.0
LEU 211,64.266,0.0,0.0,-8.546,0.0,0.0,-66.688,0.0,0.0,-4.308,0.0,0.0,0.39735104,0.0,0.0,-14.878648959999996,0.0,0.0
GLU 212,101.491,0.0,0.0,-5.209,0.0,0.0,-57.639,0.0,0.0,-100.672,0.0,0.0,0.7253586000000001,0.0,0.0,-61.303641400000004,0.0,0.0
GLU 213,107.315,0.0,0.0,-8.534,0.0,0.0,-57.041,0.0,0.0,-92.988,0.0,0.0,0.45575696,0.0,0.0,-50.79224304,0.0,0.0
MET 214,95.199,0.0,0.0,-13.615,0.0,0.0,-76.18,0.0,0.0,-1.041,0.0,0.0,0.01540906,0.0,0.0,4.378409059999996,0.0,0.0
MET 215,102.295,0.0,0.0,-9.395,0.0,0.0,-83.527,0.0,0.0,-2.925,0.0,0.0,0.43089542000000003,0.0,0.0,6.8788954200000045,0.0,0.0
THR 216,40.994,0.0,0.0,-4.64,0.0,0.0,-48.975,0.0,0.0,-6.472,0.0,0.0,0.65424278,0.0,0.0,-18.438757220000003,0.0,0.0
ALA 217,79.348,0.0,0.0,-5.502,0.0,0.0,-65.461,0.0,0.0,-3.64,0.0,0.0,0.16482762,0.0,0.0,4.909827620000004,0.0,0.0
CYX 218,97.044,0.0,0.0,-6.221,0.0,0.0,-74.981,0.0,0.0,-5.35,0.0,0.0,0.06429204000000001,0.0,0.0,10.556292039999999,0.0,0.0
GLN 219,39.87,0.0,0.0,-6.56,0.0,0.0,-75.354,0.0,0.0,-9.125,0.0,0.0,0.40849456,0.0,0.0,-50.76050544,0.0,0.0
GLY 220,100.86,0.0,0.0,-2.765,0.0,0.0,-81.437,0.0,0.0,-9.274,0.0,0.0,0.28853912,0.0,0.0,7.672539120000002,0.0,0.0
VAL 221,32.226,0.0,0.0,-4.513,0.0,0.0,-38.8,0.0,0.0,-81.296,0.0,0.0,0.69775454,0.0,0.0,-91.68524546,0.0,0.0

Receptor:
Total Energy Decomposition:
Residue,Internal,,,van der Waals,,,Electrostatic,,,Polar Solvation,,,Non-Polar Solv.,,,TOTAL,,
,Avg.,Std. Dev.,Std. Err. of Mean,Avg.,Std. Dev.,Std. Err. of Mean,Avg.,Std. Dev.,Std. Err. of Mean,Avg.,Std. Dev.,Std. Err. of Mean,Avg.,Std. Dev.,Std. Err. of Mean,Avg.,Std. Dev.,Std. Err. of Mean
PRO   1,99.935,0.0,0.0,-7.528,0.0,0.0,-101.469,0.0,0.0,1.214,0.0,0.0,0.25520612,0.0,0.0,-7.592793879999997,0.0,0.0
ILE   2,89.794,0.0,0.0,-10.764,0.0,0.0,-65.911,0.0,0.0,-3.907,0.0,0.0,0.07378246000000001,0.0,0.0,9.28578246,0.0,0.0
VAL   3,52.695,0.0,0.0,-4.598,0.0,0.0,-56.908,0.0,0.0,-1.995,0.0,0.0,0.33734622000000003,0.0,0.0,-10.46865378,0.0,0.0
GLN   4,24.516,0.0,0.0,-4.95,0.0,0.0,-61.911,0.0,0.0,-11.786,0.0,0.0,0.66280638,0.0,0.0,-53.46819362,0.0,0.0
ASN   5,34.773,0.0,0.0,-6.899,0.0,0.0,-81.41,0.0,0.0,-11.634,0.0,0.0,0.25241482,0.0,0.0,-64.91758517999999,0.0,0.0
LEU   6,69.386,0.0,0.0,-3.096,0.0,0.0,-64.543,0.0,0.0,-8.028,0.0,0.0,1.0279409400000001,0.0,0.0,-5.253059060000014,0.0,0.0
GLN   7,35.976,0.0,0.0,-4.987,0.0,0.0,-72.073,0.0,0.0,-13.992,0.0,0.0,0.79460452,0.0,0.0,-54.28139547999999,0.0,0.0
GLY   8,79.078,0.0,0.0,-1.848,0.0,0.0,-77.389,0.0,0.0,-2.789,0.0,0.0,0.19090866,0.0,0.0,-2.757091339999992,0.0,0.0
GLN   9,40.029,0.0,0.0,-7.418,0.0,0.0,-77.192,0.0,0.0,-11.406,0.0,0.0,0.66596082,0.0,0.0,-55.321039179999985,0.0,0.0
MET  10,100.641,0.0,0.0,-9.21,0.0,0.0,-80.33,0.0,0.0,-4.804,0.0,0.0,0.2304313,0.0,0.0,6.527431300000013,0.0,0.0
VAL  11,58.445,0.0,0.0,-6.326,0.0,0.0,-59.381,0.0,0.0,-2.051,0.0,0.0,0.313276,0.0,0.0,-8.999724,0.0,0.0
HID  12,94.869,0.0,0.0,-9.767,0.0,0.0,-59.656,0.0,0.0,-12.083,0.0,0.0,0.46249402000000006,0.0,0.0,13.825494020000004,0.0,0.0
GLN  13,40.888,0.0,0.0,-6.559,0.0,0.0,-73.359,0.0,0.0,-11.757,0.0,0.0,0.56435208,0.0,0.0,-50.22264791999999,0.0,0.0
ALA  14,94.124,0.0,0.0,-3.726,0.0,0.0,-78.391,0.0,0.0,-3.861,0.0,0.0,0.43727476000000004,0.0,0.0,8.58327475999999,0.0,0.0
ILE  15,97.557,0.0,0.0,-6.777,0.0,0.0,-74.569,0.0,0.0,-4.681,0.0,0.0,0.18553744,0.0,0.0,11.715537439999997,0.0,0.0
SER  16,70.998,0.0,0.0,-2.618,0.0,0.0,-51.553,0.0,0.0,-6.551,0.0,0.0,0.27189972,0.0,0.0,10.547899720000013,0.0,0.0
PRO  17,89.045,0.0,0.0,-3.458,0.0,0.0,-57.592,0.0,0.0,-4.943,0.0,0.0,0.58985318,0.0,0.0,23.641853180000005,0.0,0.0
ARG  18,-182.024,0.0,0.0,-5.836,0.0,0.0,70.173,0.0,0.0,-52.564,0.0,0.0,1.1330130600000001,0.0,0.0,-169.11798694,0.0,0.0
THR  19,39.207,0.0,0.0,-8.936,0.0,0.0,-47.204,0.0,0.0,-8.237,0.0,0.0,0.18753200000000003,0.0,0.0,-24.982468,0.0,0.0
LEU  20,53.383,0.0,0.0,-10.366,0.0,0.0,-56.821,0.0,0.0,-3.844,0.0,0.0,0.17646436000000001,0.0,0.0,-17.471535639999995,0.0,0.0
ASN  21,33.572,0.0,0.0,-6.509,0.0,0.0,-82.379,0.0,0.0,-16.026,0.0,0.0,0.5053608,0.0,0.0,-70.8366392,0.0,0.0
ALA  22,94.8,0.0,0.0,-5.78,0.0,0.0,-81.392,0.0,0.0,-3.396,0.0,0.0,0.20407926,0.0,0.0,4.4360792600000005,0.0,0.0
TRP  23,132.71,0.0,0.0,-18.619,0.0,0.0,-95.706,0.0,0.0,-4.306,0.0,0.0,0.0021571600000000004,0.0,0.0,14.081157160000004,0.0,0.0
VAL  24,62.482,0.0,0.0,-5.516,0.0,0.0,-59.205,0.0,0.0,-3.088,0.0,0.0,0.24725498,0.0,0.0,-5.079745019999997,0.0,0.0
LYS  25,133.661,0.0,0.0,-8.763,0.0,0.0,-159.616,0.0,0.0,14.551,0.0,0.0,0.49530128,0.0,0.0,-19.671698720000016,0.0,0.0
VAL  26,60.726,0.0,0.0,-10.231,0.0,0.0,-66.028,0.0,0.0,-2.764,0.0,0.0,0.06612942000000001,0.0,0.0,-18.23087058000001,0.0,0.0
VAL  27,48.143,0.0,0.0,-8.68,0.0,0.0,-48.161,0.0,0.0,-4.713,0.0,0.0,0.029712440000000003,0.0,0.0,-13.38128756,0.0,0.0
GLU  28,96.328,0.0,0.0,-6.531,0.0,0.0,-76.29,0.0,0.0,-64.837,0.0,0.0,0.4551445,0.0,0.0,-50.87485550000001,0.0,0.0
GLU  29,117.157,0.0,0.0,-5.447,0.0,0.0,-79.739,0.0,0.0,-71.469,0.0,0.0,0.65038374,0.0,0.0,-38.84761626,0.0,0.0
LYS  30,124.732,0.0,0.0,-6.786,0.0,0.0,-120.646,0.0,0.0,-8.558,0.0,0.0,0.48618484,0.0,0.0,-10.771815160000003,0.0,0.0
ALA  31,85.097,0.0,0.0,-3.43,0.0,0.0,-76.416,0.0,0.0,-3.856,0.0,0.0,0.41580072,0.0,0.0,1.8108007199999907,0.0,0.0
PHE  32,105.401,0.0,0.0,-9.313,0.0,0.0,-78.362,0.0,0.0,-7.457,0.0,0.0,0.33461996,0.0,0.0,10.603619959999998,0.0,0.0
SER  33,79.879,0.0,0.0,-5.227,0.0,0.0,-59.361,0.0,0.0,-5.494,0.0,0.0,0.24570486,0.0,0.0,10.042704860000004,0.0,0.0
PRO  34,73.948,0.0,0.0,-5.046,0.0,0.0,-54.441,0.0,0.0,-4.337,0.0,0.0,0.59444392,0.0,0.0,10.718443919999984,0.0,0.0
GLU  35,105.856,0.0,0.0,-5.97,0.0,0.0,-107.098,0.0,0.0,-42.856,0.0,0.0,0.43596854,0.0,0.0,-49.63203146000001,0.0,0.0
VAL  36,50.004,0.0,0.0,-9.413,0.0,0.0,-57.085,0.0,0.0,-1.291,0.0,0.0,0.00072086,0.0,0.0,-17.784279140000006,0.0,0.0
ILE  37,84.299,0.0,0.0,-9.294,0.0,0.0,-57.93,0.0,0.0,-2.22,0.0,0.0,0.13436722,0.0,0.0,14.989367220000009,0.0,0.0
PRO  38,86.916,0.0,0.0,-5.579,0.0,0.0,-59.707,0.0,0.0,-2.986,0.0,0.0,0.45394668000000005,0.0,0.0,19.097946680000003,0.0,0.0
MET  39,89.922,0.0,0.0,-7.526,0.0,0.0,-73.969,0.0,0.0,-3.662,0.0,0.0,0.39101506,0.0,0.0,5.156015060000007,0.0,0.0
PHE  40,101.572,0.0,0.0,-14.377,0.0,0.0,-84.644,0.0,0.0,-2.109,0.0,0.0,0.00072086,0.0,0.0,0.44272086000000194,0.0,0.0
SER  41,59.554,0.0,0.0,-7.105,0.0,0.0,-43.893,0.0,0.0,-10.026,0.0,0.0,0.24240408,0.0,0.0,-1.2275959200000024,0.0,0.0
ALA  42,85.333,0.0,0.0,-5.046,0.0,0.0,-68.136,0.0,0.0,-4.98,0.0,0.0,0.40025616,0.0,0.0,7.5712561599999955,0.0,0.0
LEU  43,73.754,0.0,0.0,-8.387,0.0,0.0,-78.845,0.0,0.0,-3.159,0.0,0.0,0.1869358,0.0,0.0,-16.450064199999993,0.0,0.0
SER  44,73.644,0.0,0.0,-7.234,0.0,0.0,-74.443,0.0,0.0,-0.675,0.0,0.0,0.0,0.0,0.0,-8.707999999999988,0.0,0.0
GLU  45,102.91,0.0,0.0,-4.783,0.0,0.0,-64.448,0.0,0.0,-79.52,0.0,0.0,0.72986804,0.0,0.0,-45.111131959999994,0.0,0.0
GLY  46,66.86,0.0,0.0,-2.579,0.0,0.0,-65.633,0.0,0.0,-3.48,0.0,0.0,0.37828348,0.0,0.0,-4.45371651999999,0.0,0.0
ALA  47,100.059,0.0,0.0,-5.862,0.0,0.0,-84.999,0.0,0.0,-4.896,0.0,0.0,0.030536280000000002,0.0,0.0,4.332536280000007,0.0,0.0
THR  48,60.739,0.0,0.0,-5.804,0.0,0.0,-63.963,0.0,0.0,-0.846,0.0,0.0,0.05359296,0.0,0.0,-9.820407040000006,0.0,0.0
PRO  49,74.306,0.0,0.0,-11.022,0.0,0.0,-54.104,0.0,0.0,-0.559,0.0,0.0,0.0,0.0,0.0,8.621,0.0,0.0
GLN  50,28.537,0.0,0.0,-10.693,0.0,0.0,-74.632,0.0,0.0,-7.085,0.0,0.0,0.20605214000000002,0.0,0.0,-63.66694786000001,0.0,0.0
ASP  51,95.831,0.0,0.0,-6.925,0.0,0.0,-121.685,0.0,0.0,-19.968,0.0,0.0,0.005929480000000001,0.0,0.0,-52.74107052,0.0,0.0
LEU  52,65.538,0.0,0.0,-12.825,0.0,0.0,-71.855,0.0,0.0,0.021,0.0,0.0,0.0,0.0,0.0,-19.12100000000001,0.0,0.0
ASN  53,38.753,0.0,0.0,-6.419,0.0,0.0,-98.5,0.0,0.0,-5.095,0.0,0.0,0.1659062,0.0,0.0,-71.0950938,0.0,0.0
THR  54,53.078,0.0,0.0,-5.793,0.0,0.0,-62.754,0.0,0.0,-2.029,0.0,0.0,0.21317944000000003,0.0,0.0,-17.284820559999993,0.0,0.0
MET  55,81.366,0.0,0.0,-13.66,0.0,0.0,-66.025,0.0,0.0,-0.827,0.0,0.0,0.007777700000000001,0.0,0.0,0.8617776999999974,0.0,0.0
LEU  56,63.321,0.0,0.0,-10.303,0.0,0.0,-66.447,0.0,0.0,-1.641,0.0,0.0,0.12017765999999999,0.0,0.0,-14.949822340000003,0.0,0.0
ASN  57,35.209,0.0,0.0,-6.319,0.0,0.0,-87.114,0.0,0.0,-11.634,0.0,0.0,0.62103444,0.0,0.0,-69.23696556,0.0,0.0
THR  58,60.968,0.0,0.0,-7.204,0.0,0.0,-63.431,0.0,0.0,-4.534,0.0,0.0,0.21598158,0.0,0.0,-13.985018419999994,0.0,0.0
VAL  59,50.845,0.0,0.0,-9.556,0.0,0.0,-45.913,0.0,0.0,-0.277,0.0,0.0,0.020146140000000003,0.0,0.0,-4.880853859999996,0.0,0.0
ALA  60,88.382,0.0,0.0,-3.574,0.0,0.0,-66.805,0.0,0.0,-2.268,0.0,0.0,0.2665827,0.0,0.0,16.0015827,0.0,0.0
PRO  61,81.121,0.0,0.0,-3.148,0.0,0.0,-59.061,0.0,0.0,-3.769,0.0,0.0,0.67786314,0.0,0.0,15.820863139999998,0.0,0.0
HID  62,103.903,0.0,0.0,-8.745,0.0,0.0,-70.663,0.0,0.0,-9.916,0.0,0.0,0.33952506000000005,0.0,0.0,14.918525060000004,0.0,0.0
GLN  63,25.906,0.0,0.0,-4.7,0.0,0.0,-65.132,0.0,0.0,-13.012,0.0,0.0,0.68151622,0.0,0.0,-56.25648378,0.0,0.0
ALA  64,86.352,0.0,0.0,-4.681,0.0,0.0,-71.39,0.0,0.0,-4.16,0.0,0.0,0.32442494,0.0,0.0,6.445424940000006,0.0,0.0
ALA  65,85.488,0.0,0.0,-6.366,0.0,0.0,-75.085,0.0,0.0,-2.316,0.0,0.0,0.06603728,0.0,0.0,1.7870372800000063,0.0,0.0
ALA  66,92.048,0.0,0.0,-6.562,0.0,0.0,-81.455,0.0,0.0,-1.456,0.0,0.0,0.06487198,0.0,0.0,2.639871980000006,0.0,0.0
GLN  67,39.879,0.0,0.0,-8.204,0.0,0.0,-77.514,0.0,0.0,-11.209,0.0,0.0,0.42173020000000006,0.0,0.0,-56.6262698,0.0,0.0
MET  68,96.359,0.0,0.0,-11.042,0.0,0.0,-72.149,0.0,0.0,-3.411,0.0,0.0,0.19005772,0.0,0.0,9.947057719999993,0.0,0.0
LEU  69,84.669,0.0,0.0,-11.816,0.0,0.0,-73.708,0.0,0.0,-3.964,0.0,0.0,0.011512080000000001,0.0,0.0,-4.807487920000004,0.0,0.0
LYS  70,130.975,0.0,0.0,-9.948,0.0,0.0,-125.988,0.0,0.0,-9.122,0.0,0.0,0.4894531000000001,0.0,0.0,-13.593546900000012,0.0,0.0
GLU  71,107.22,0.0,0.0,-7.951,0.0,0.0,-88.32,0.0,0.0,-70.577,0.0,0.0,0.47562126000000005,0.0,0.0,-59.15237873999999,0.0,0.0
THR  72,46.317,0.0,0.0,-9.566,0.0,0.0,-52.165,0.0,0.0,-6.143,0.0,0.0,0.06526222000000001,0.0,0.0,-21.49173778,0.0,0.0
ILE  73,77.754,0.0,0.0,-10.068,0.0,0.0,-51.322,0.0,0.0,-3.876,0.0,0.0,0.08965764000000001,0.0,0.0,12.577657640000005,0.0,0.0
ASN  74,19.73,0.0,0.0,-8.482,0.0,0.0,-73.64,0.0,0.0,-11.046,0.0,0.0,0.44494948,0.0,0.0,-72.99305051999998,0.0,0.0
GLU  75,109.259,0.0,0.0,-7.349,0.0,0.0,-54.951,0.0,0.0,-102.266,0.0,0.0,0.66054082,0.0,0.0,-54.64645918000001,0.0,0.0
GLU  76,101.725,0.0,0.0,-10.614,0.0,0.0,-35.905,0.0,0.0,-105.049,0.0,0.0,0.21261576000000001,0.0,0.0,-49.63038424000002,0.0,0.0
ALA  77,82.46,0.0,0.0,-6.804,0.0,0.0,-73.707,0.0,0.0,-0.228,0.0,0.0,0.10830786,0.0,0.0,1.8293078599999981,0.0,0.0
ALA  78,95.593,0.0,0.0,-5.504,0.0,0.0,-85.871,0.0,0.0,0.454,0.0,0.0,0.32604552000000003,0.0,0.0,4.998045520000003,0.0,0.0
GLU  79,109.845,0.0,0.0,-7.872,0.0,0.0,-53.578,0.0,0.0,-99.476,0.0,0.0,0.3624083,0.0,0.0,-50.718591700000005,0.0,0.0
TRP  80,117.75,0.0,0.0,-15.821,0.0,0.0,-89.89,0.0,0.0,-2.761,0.0,0.0,0.18792766000000002,0.0,0.0,9.465927660000002,0.0,0.0
ASP  81,121.408,0.0,0.0,-6.704,0.0,0.0,-91.198,0.0,0.0,-76.932,0.0,0.0,0.4524345,0.0,0.0,-52.973565499999985,0.0,0.0
ARG  82,-190.459,0.0,0.0,-6.982,0.0,0.0,16.987,0.0,0.0,11.552,0.0,0.0,1.042537,0.0,0.0,-167.859463,0.0,0.0
LEU  83,64.463,0.0,0.0,-7.085,0.0,0.0,-69.169,0.0,0.0,-3.862,0.0,0.0,0.5936526000000001,0.0,0.0,-15.059347400000004,0.0,0.0
HID  84,113.288,0.0,0.0,-8.208,0.0,0.0,-76.349,0.0,0.0,-6.997,0.0,0.0,0.1981281,0.0,0.0,21.932128099999996,0.0,0.0
PRO  85,91.144,0.0,0.0,-4.183,0.0,0.0,-65.315,0.0,0.0,-4.874,0.0,0.0,0.53481308,0.0,0.0,17.306813080000016,0.0,0.0
VAL  86,48.925,0.0,0.0,-3.678,0.0,0.0,-50.502,0.0,0.0,-4.409,0.0,0.0,0.6885568000000001,0.0,0.0,-8.9754432,0.0,0.0
HID  87,92.546,0.0,0.0,-4.538,0.0,0.0,-60.239,0.0,0.0,-15.824,0.0,0.0,0.80134158,0.0,0.0,12.746341580000013,0.0,0.0
ALA  88,91.476,0.0,0.0,-2.095,0.0,0.0,-72.542,0.0,0.0,-9.234,0.0,0.0,0.59553334,0.0,0.0,8.200533339999998,0.0,0.0
GLY  89,91.657,0.0,0.0,-1.514,0.0,0.0,-72.733,0.0,0.0,-10.206,0.0,0.0,0.29880460000000003,0.0,0.0,7.5028045999999975,0.0,0.0
PRO  90,89.818,0.0,0.0,-2.62,0.0,0.0,-59.288,0.0,0.0,-7.511,0.0,0.0,0.81508128,0.0,0.0,21.21408128,0.0,0.0
ILE  91,78.362,0.0,0.0,-4.96,0.0,0.0,-56.503,0.0,0.0,-5.004,0.0,0.0,0.46149674000000007,0.0,0.0,12.35649674,0.0,0.0
ALA  92,93.899,0.0,0.0,-2.548,0.0,0.0,-66.841,0.0,0.0,-6.087,0.0,0.0,0.27327098,0.0,0.0,18.696270980000005,0.0,0.0
PRO  93,84.247,0.0,0.0,-1.922,0.0,0.0,-56.033,0.0,0.0,-8.096,0.0,0.0,0.79287554,0.0,0.0,18.988875540000002,0.0,0.0
GLY  94,69.331,0.0,0.0,-2.331,0.0,0.0,-66.423,0.0,0.0,-5.63,0.0,0.0,0.4551553400000001,0.0,0.0,-4.597844660000002,0.0,0.0
GLN  95,35.304,0.0,0.0,-7.064,0.0,0.0,-74.24,0.0,0.0,-14.405,0.0,0.0,0.59168514,0.0,0.0,-59.81331485999999,0.0,0.0
MET  96,106.228,0.0,0.0,-9.002,0.0,0.0,-76.189,0.0,0.0,-8.921,0.0,0.0,0.22556956000000003,0.0,0.0,12.341569560000007,0.0,0.0
ARG  97,-185.095,0.0,0.0,-8.866,0.0,0.0,-10.726,0.0,0.0,23.253,0.0,0.0,0.43860266000000003,0.0,0.0,-180.99539734000004,0.0,0.0
GLU  98,116.737,0.0,0.0,-7.214,0.0,0.0,-56.757,0.0,0.0,-91.568,0.0,0.0,0.54783192,0.0,0.0,-38.25416808,0.0,0.0
PRO  99,89.127,0.0,0.0,-9.773,0.0,0.0,-61.931,0.0,0.0,-3.726,0.0,0.0,0.0,0.0,0.0,13.697000000000003,0.0,0.0
ARG 100,-193.198,0.0,0.0,-9.609,0.0,0.0,-0.038,0.0,0.0,22.406,0.0,0.0,0.31456054,0.0,0.0,-180.12443946000002,0.0,0.0
GLY 101,79.683,0.0,0.0,-4.41,0.0,0.0,-78.895,0.0,0.0,-3.478,0.0,0.0,0.043582220000000005,0.0,0.0,-7.056417779999985,0.0,0.0
SER 102,67.0,0.0,0.0,-7.002,0.0,0.0,-63.967,0.0,0.0,-2.836,0.0,0.0,0.27013280000000006,0.0,0.0,-6.534867200000002,0.0,0.0
ASP 103,93.866,0.0,0.0,-10.447,0.0,0.0,-105.521,0.0,0.0,-36.194,0.0,0.0,0.021479460000000002,0.0,0.0,-58.274520540000005,0.0,0.0
ILE 104,79.981,0.0,0.0,-12.575,0.0,0.0,-60.537,0.0,0.0,-1.325,0.0,0.0,0.0,0.0,0.0,5.5439999999999925,0.0,0.0
ALA 105,87.105,0.0,0.0,-6.784,0.0,0.0,-78.4,0.0,0.0,-0.386,0.0,0.0,0.06621072,0.0,0.0,1.601210719999992,0.0,0.0
GLY 106,88.21,0.0,0.0,-6.25,0.0,0.0,-85.964,0.0,0.0,-2.925,0.0,0.0,0.03042788,0.0,0.0,-6.898572120000004,0.0,0.0
THR 107,46.377,0.0,0.0,-4.614,0.0,0.0,-52.07,0.0,0.0,-8.645,0.0,0.0,0.6333974600000001,0.0,0.0,-18.318602539999993,0.0,0.0
THR 108,39.384,0.0,0.0,-5.297,0.0,0.0,-56.919,0.0,0.0,-3.848,0.0,0.0,0.52806518,0.0,0.0,-26.151934819999994,0.0,0.0
SER 109,84.7,0.0,0.0,-9.135,0.0,0.0,-73.698,0.0,0.0,-4.241,0.0,0.0,0.06529474,0.0,0.0,-2.308705259999995,0.0,0.0
THR 110,39.631,0.0,0.0,-7.031,0.0,0.0,-48.617,0.0,0.0,-2.952,0.0,0.0,0.4330309,0.0,0.0,-18.535969099999996,0.0,0.0
LEU 111,57.019,0.0,0.0,-9.549,0.0,0.0,-55.673,0.0,0.0,-4.362,0.0,0.0,0.25157472,0.0,0.0,-12.313425280000002,0.0,0.0
GLN 112,32.32,0.0,0.0,-7.944,0.0,0.0,-74.86,0.0,0.0,-11.227,0.0,0.0,0.62413468,0.0,0.0,-61.08686532,0.0,0.0
GLU 113,105.354,0.0,0.0,-8.706,0.0,0.0,-106.138,0.0,0.0,-42.565,0.0,0.0,0.18174344,0.0,0.0,-51.87325656000001,0.0,0.0
GLN 114,38.193,0.0,0.0,-13.169,0.0,0.0,-83.838,0.0,0.0,-1.251,0.0,0.0,0.007251960000000001,0.0,0.0,-60.05774803999999,0.0,0.0
ILE 115,88.617,0.0,0.0,-7.584,0.0,0.0,-68.629,0.0,0.0,-1.648,0.0,0.0,0.28157984,0.0,0.0,11.037579839999996,0.0,0.0
GLY 116,76.927,0.0,0.0,-5.38,0.0,0.0,-73.999,0.0,0.0,-2.354,0.0,0.0,0.056736560000000005,0.0,0.0,-4.749263439999984,0.0,0.0
TRP 117,120.225,0.0,0.0,-18.773,0.0,0.0,-92.764,0.0,0.0,-3.487,0.0,0.0,0.00072086,0.0,0.0,5.201720860000003,0.0,0.0
MET 118,99.674,0.0,0.0,-9.34,0.0,0.0,-80.65,0.0,0.0,-5.708,0.0,0.0,0.33290182,0.0,0.0,4.308901819999997,0.0,0.0
THR 119,36.614,0.0,0.0,-5.215,0.0,0.0,-44.057,0.0,0.0,-5.887,0.0,0.0,0.5621624000000001,0.0,0.0,-17.982837600000003,0.0,0.0
HID 120,92.426,0.0,0.0,-9.618,0.0,0.0,-56.944,0.0,0.0,-12.621,0.0,0.0,0.28054462,0.0,0.0,13.523544620000004,0.0,0.0
ASN 121,45.013,0.0,0.0,-3.78,0.0,0.0,-86.808,0.0,0.0,-15.155,0.0,0.0,0.75002502,0.0,0.0,-59.97997498000001,0.0,0.0
PRO 122,93.943,0.0,0.0,-4.784,0.0,0.0,-55.566,0.0,0.0,-5.773,0.0,0.0,0.5747964200000001,0.0,0.0,28.394796419999988,0.0,0.0
PRO 123,82.521,0.0,0.0,-6.064,0.0,0.0,-57.561,0.0,0.0,-4.799,0.0,0.0,0.41774108000000004,0.0,0.0,14.514741079999995,0.0,0.0
ILE 124,93.601,0.0,0.0,-7.591,0.0,0.0,-64.573,0.0,0.0,-0.981,0.0,0.0,0.14806898000000002,0.0,0.0,20.60406898000001,0.0,0.0
PRO 125,88.55,0.0,0.0,-5.068,0.0,0.0,-66.965,0.0,0.0,-1.071,0.0,0.0,0.32875010000000005,0.0,0.0,15.774750099999997,0.0,0.0
VAL 126,50.949,0.0,0.0,-10.471,0.0,0.0,-55.446,0.0,0.0,-1.541,0.0,0.0,0.0,0.0,0.0,-16.509000000000004,0.0,0.0
GLY 127,71.26,0.0,0.0,-5.036,0.0,0.0,-71.159,0.0,0.0,-1.483,0.0,0.0,0.0014363000000000002,0.0,0.0,-6.416563700000003,0.0,0.0
GLU 128,101.296,0.0,0.0,-5.522,0.0,0.0,-93.044,0.0,0.0,-58.197,0.0,0.0,0.46989774000000006,0.0,0.0,-54.99710226,0.0,0.0
ILE 129,81.144,0.0,0.0,-10.385,0.0,0.0,-65.516,0.0,0.0,-0.704,0.0,0.0,0.16866498000000002,0.0,0.0,4.707664979999995,0.0,0.0
TYR 130,90.965,0.0,0.0,-11.419,0.0,0.0,-91.825,0.0,0.0,-1.778,0.0,0.0,0.03028154,0.0,0.0,-14.026718459999996,0.0,0.0
LYS 131,147.022,0.0,0.0,-10.185,0.0,0.0,-180.05,0.0,0.0,36.191,0.0,0.0,0.02074234,0.0,0.0,-7.00125766000002,0.0,0.0
ARG 132,-189.037,0.0,0.0,-9.029,0.0,0.0,27.983,0.0,0.0,-8.915,0.0,0.0,0.8337206600000001,0.0,0.0,-178.16427933999998,0.0,0.0
TRP 133,132.409,0.0,0.0,-19.08,0.0,0.0,-98.67,0.0,0.0,-3.615,0.0,0.0,0.06306712,0.0,0.0,11.107067119999991,0.0,0.0
ILE 134,86.99,0.0,0.0,-10.259,0.0,0.0,-72.738,0.0,0.0,0.176,0.0,0.0,0.0,0.0,0.0,4.168999999999995,0.0,0.0
ILE 135,77.115,0.0,0.0,-9.686,0.0,0.0,-62.427,0.0,0.0,0.288,0.0,0.0,0.13144584,0.0,0.0,5.421445840000002,0.0,0.0
LEU 136,71.908,0.0,0.0,-9.208,0.0,0.0,-78.561,0.0,0.0,1.4,0.0,0.0,0.40089030000000003,0.0,0.0,-14.060109700000003,0.0,0.0
GLY 137,79.403,0.0,0.0,-6.243,0.0,0.0,-79.696,0.0,0.0,0.814,0.0,0.0,0.0,0.0,0.0,-5.721999999999987,0.0,0.0
LEU 138,64.445,0.0,0.0,-11.079,0.0,0.0,-68.468,0.0,0.0,-0.699,0.0,0.0,0.0088888,0.0,0.0,-15.792111200000011,0.0,0.0
ASN 139,31.952,0.0,0.0,-8.631,0.0,0.0,-88.044,0.0,0.0,-8.297,0.0,0.0,0.35709670000000004,0.0,0.0,-72.6629033,0.0,0.0
LYS 140,135.857,0.0,0.0,-9.044,0.0,0.0,-120.749,0.0,0.0,-18.782,0.0,0.0,0.68956492,0.0,0.0,-12.028435079999992,0.0,0.0
ILE 141,88.058,0.0,0.0,-10.048,0.0,0.0,-74.63,0.0,0.0,-3.482,0.0,0.0,0.04203752,0.0,0.0,-0.05996247999999054,0.0,0.0
VAL 142,65.283,0.0,0.0,-7.816,0.0,0.0,-56.299,0.0,0.0,-3.239,0.0,0.0,0.09367386000000001,0.0,0.0,-1.9773261400000006,0.0,0.0
ARG 143,-190.947,0.0,0.0,-5.036,0.0,0.0,70.286,0.0,0.0,-37.99,0.0,0.0,1.18091502,0.0,0.0,-162.50608498000003,0.0,0.0
MET 144,93.062,0.0,0.0,-4.367,0.0,0.0,-76.203,0.0,0.0,-7.117,0.0,0.0,0.67586858,0.0,0.0,6.050868579999991,0.0,0.0
TYR 145,97.262,0.0,0.0,-8.499,0.0,0.0,-79.216,0.0,0.0,-13.141,0.0,0.0,0.56444964,0.0,0.0,-3.029550359999989,0.0,0.0
SER 146,84.547,0.0,0.0,-3.333,0.0,0.0,-57.145,0.0,0.0,-10.287,0.0,0.0,0.38472786000000003,0.0,0.0,14.166727859999995,0.0,0.0
PRO 147,87.531,0.0,0.0,-3.204,0.0,0.0,-62.394,0.0,0.0,-6.18,0.0,0.0,0.57326798,0.0,0.0,16.326267980000015,0.0,0.0
THR 148,29.521,0.0,0.0,-2.453,0.0,0.0,-39.981,0.0,0.0,-9.558,0.0,0.0,0.7646427600000001,0.0,0.0,-21.70635724,0.0,0.0
SER 149,61.159,0.0,0.0,-2.285,0.0,0.0,-44.177,0.0,0.0,-12.81,0.0,0.0,0.61670928,0.0,0.0,2.5037092799999954,0.0,0.0
ILE 150,61.316,0.0,0.0,-0.286,0.0,0.0,-28.648,0.0,0.0,-9.569,0.0,0.0,1.29199792,0.0,0.0,24.104997920000002,0.0,0.0

Ligand:
Total Energy Decomposition:
Residue,Internal,,,van der Waals,,,Electrostatic,,,Polar Solvation,,,Non-Polar Solv.,,,TOTAL,,
,Avg.,Std. Dev.,Std. Err. of Mean,Avg.,Std. Dev.,Std. Err. of Mean,Avg.,Std. Dev.,Std. Err. of Mean,Avg.,Std. Dev.,Std. Err. of Mean,Avg.,Std. Dev.,Std. Err. of Mean,Avg.,Std. Dev.,Std. Err. of Mean
LEU   1,42.346,0.0,0.0,-2.519,0.0,0.0,-42.276,0.0,0.0,-4.941,0.0,0.0,0.92651648,0.0,0.0,-6.463483520000005,0.0,0.0
ASP   2,98.513,0.0,0.0,-1.861,0.0,0.0,-70.832,0.0,0.0,-82.117,0.0,0.0,0.8415850800000001,0.0,0.0,-55.455414919999996,0.0,0.0
ILE   3,100.157,0.0,0.0,-6.084,0.0,0.0,-68.428,0.0,0.0,-4.788,0.0,0.0,0.0882105,0.0,0.0,20.945210499999995,0.0,0.0
ARG   4,-191.936,0.0,0.0,-5.813,0.0,0.0,50.219,0.0,0.0,-23.982,0.0,0.0,0.9401532000000001,0.0,0.0,-170.5718468,0.0,0.0
GLN   5,29.391,0.0,0.0,-12.761,0.0,0.0,-86.315,0.0,0.0,-1.217,0.0,0.0,0.04460118,0.0,0.0,-70.85739882,0.0,0.0
GLY   6,86.364,0.0,0.0,-2.89,0.0,0.0,-72.354,0.0,0.0,-6.331,0.0,0.0,0.11287692,0.0,0.0,4.901876920000004,0.0,0.0
PRO   7,89.119,0.0,0.0,-3.145,0.0,0.0,-52.022,0.0,0.0,-8.83,0.0,0.0,0.81135774,0.0,0.0,25.933357740000005,0.0,0.0
LYS   8,119.743,0.0,0.0,-4.944,0.0,0.0,-89.627,0.0,0.0,-43.155,0.0,0.0,0.9773723400000001,0.0,0.0,-17.005627660000005,0.0,0.0
GLU   9,117.096,0.0,0.0,-6.983,0.0,0.0,-128.555,0.0,0.0,-27.683,0.0,0.0,0.1673425,0.0,0.0,-45.95765750000001,0.0,0.0
PRO  10,79.471,0.0,0.0,-9.711,0.0,0.0,-54.37,0.0,0.0,-3.178,0.0,0.0,0.0681023,0.0,0.0,12.280102300000006,0.0,0.0
PHE  11,102.745,0.0,0.0,-13.631,0.0,0.0,-75.921,0.0,0.0,-3.168,0.0,0.0,0.014986300000000001,0.0,0.0,10.039986299999999,0.0,0.0
ARG  12,-195.147,0.0,0.0,-8.741,0.0,0.0,31.703,0.0,0.0,0.389,0.0,0.0,0.7349411600000001,0.0,0.0,-171.06105883999996,0.0,0.0
ASP  13,90.159,0.0,0.0,-8.639,0.0,0.0,-76.89,0.0,0.0,-65.705,0.0,0.0,0.31737894000000005,0.0,0.0,-60.75762105999999,0.0,0.0
TYR  14,100.391,0.0,0.0,-18.344,0.0,0.0,-96.066,0.0,0.0,-0.173,0.0,0.0,0.0,0.0,0.0,-14.192000000000005,0.0,0.0
VAL  15,44.528,0.0,0.0,-8.2,0.0,0.0,-58.793,0.0,0.0,2.119,0.0,0.0,0.1008662,0.0,0.0,-20.245133799999998,0.0,0.0
ASP  16,93.675,0.0,0.0,-8.203,0.0,0.0,-65.517,0.0,0.0,-73.305,0.0,0.0,0.4031179200000001,0.0,0.0,-52.94688208000001,0.0,0.0
ARG  17,-193.802,0.0,0.0,-8.439,0.0,0.0,13.467,0.0,0.0,0.08,0.0,0.0,0.49605466000000004,0.0,0.0,-188.19794533999996,0.0,0.0
PHE  18,98.635,0.0,0.0,-14.811,0.0,0.0,-81.462,0.0,0.0,-0.157,0.0,0.0,0.049365360000000004,0.0,0.0,2.254365360000009,0.0,0.0
TYR  19,99.614,0.0,0.0,-9.204,0.0,0.0,-88.828,0.0,0.0,-6.341,0.0,0.0,0.7838024600000001,0.0,0.0,-3.9751975400000066,0.0,0.0
LYS  20,139.677,0.0,0.0,-7.498,0.0,0.0,-109.999,0.0,0.0,-36.319,0.0,0.0,0.86235452,0.0,0.0,-13.276645479999996,0.0,0.0
THR  21,50.021,0.0,0.0,-5.927,0.0,0.0,-59.192,0.0,0.0,-4.592,0.0,0.0,0.27588342000000005,0.0,0.0,-19.414116579999998,0.0,0.0
LEU  22,75.031,0.0,0.0,-10.71,0.0,0.0,-69.162,0.0,0.0,-3.28,0.0,0.0,0.10591764000000002,0.0,0.0,-8.015082360000008,0.0,0.0
ARG  23,-195.254,0.0,0.0,-6.899,0.0,0.0,57.104,0.0,0.0,-31.117,0.0,0.0,0.76605738,0.0,0.0,-175.39994261999996,0.0,0.0
ALA  24,89.09,0.0,0.0,-4.046,0.0,0.0,-78.904,0.0,0.0,-5.326,0.0,0.0,0.4838054600000001,0.0,0.0,1.297805460000001,0.0,0.0
GLU  25,108.012,0.0,0.0,-5.138,0.0,0.0,-66.0,0.0,0.0,-87.57,0.0,0.0,0.63634594,0.0,0.0,-50.05965406,0.0,0.0
GLN  26,26.296,0.0,0.0,-3.383,0.0,0.0,-67.673,0.0,0.0,-15.454,0.0,0.0,0.72704964,0.0,0.0,-59.48695036000001,0.0,0.0
ALA  27,96.924,0.0,0.0,-4.604,0.0,0.0,-84.528,0.0,0.0,-4.113,0.0,0.0,0.18561874,0.0,0.0,3.864618740000001,0.0,0.0
SER  28,67.796,0.0,0.0,-4.164,0.0,0.0,-57.702,0.0,0.0,-5.984,0.0,0.0,0.34923770000000004,0.0,0.0,0.2952377000000069,0.0,0.0
GLN  29,28.602,0.0,0.0,-3.424,0.0,0.0,-76.574,0.0,0.0,-7.524,0.0,0.0,0.75668078,0.0,0.0,-58.16331922,0.0,0.0
GLU  30,112.031,0.0,0.0,-5.34,0.0,0.0,-87.877,0.0,0.0,-72.158,0.0,0.0,0.7643338199999999,0.0,0.0,-52.57966618,0.0,0.0
VAL  31,69.648,0.0,0.0,-7.018,0.0,0.0,-62.409,0.0,0.0,-2.742,0.0,0.0,0.32824062000000004,0.0,0.0,-2.1927593800000036,0.0,0.0
LYS  32,120.314,0.0,0.0,-8.467,0.0,0.0,-108.94,0.0,0.0,-18.218,0.0,0.0,0.39139446,0.0,0.0,-14.919605540000003,0.0,0.0
ASN  33,22.656,0.0,0.0,-8.589,0.0,0.0,-81.07,0.0,0.0,-10.837,0.0,0.0,0.50079716,0.0,0.0,-77.33920284,0.0,0.0
TRP  34,128.583,0.0,0.0,-11.212,0.0,0.0,-92.263,0.0,0.0,-6.875,0.0,0.0,0.7995150400000001,0.0,0.0,19.03251503999999,0.0,0.0
MET  35,102.794,0.0,0.0,-10.361,0.0,0.0,-86.135,0.0,0.0,-2.654,0.0,0.0,0.16015558000000002,0.0,0.0,3.8041555799999878,0.0,0.0
THR  36,41.481,0.0,0.0,-8.174,0.0,0.0,-54.102,0.0,0.0,-2.896,0.0,0.0,0.08992864,0.0,0.0,-23.601071359999995,0.0,0.0
GLU  37,105.983,0.0,0.0,-7.404,0.0,0.0,-68.471,0.0,0.0,-74.149,0.0,0.0,0.49377826,0.0,0.0,-43.54722174,0.0,0.0
THR  38,44.738,0.0,0.0,-7.856,0.0,0.0,-50.135,0.0,0.0,-1.529,0.0,0.0,0.26681576,0.0,0.0,-14.51518424,0.0,0.0
LEU  39,65.428,0.0,0.0,-8.342,0.0,0.0,-67.317,0.0,0.0,0.155,0.0,0.0,0.1517871,0.0,0.0,-9.924212899999995,0.0,0.0
LEU  40,81.66,0.0,0.0,-10.404,0.0,0.0,-90.041,0.0,0.0,0.318,0.0,0.0,0.0,0.0,0.0,-18.466999999999995,0.0,0.0
VAL  41,58.858,0.0,0.0,-10.798,0.0,0.0,-57.983,0.0,0.0,-0.091,0.0,0.0,0.02446046,0.0,0.0,-9.98953954,0.0,0.0
GLN  42,22.416,0.0,0.0,-7.332,0.0,0.0,-70.652,0.0,0.0,-1.964,0.0,0.0,0.47037470000000003,0.0,0.0,-57.061625299999996,0.0,0.0
ASN  43,14.351,0.0,0.0,-5.158,0.0,0.0,-82.846,0.0,0.0,-2.433,0.0,0.0,0.2212173,0.0,0.0,-75.8647827,0.0,0.0
ALA  44,89.457,0.0,0.0,-8.042,0.0,0.0,-81.047,0.0,0.0,0.019,0.0,0.0,0.03833566000000001,0.0,0.0,0.425335659999995,0.0,0.0
ASN  45,48.975,0.0,0.0,-6.277,0.0,0.0,-92.329,0.0,0.0,-8.366,0.0,0.0,0.10667644,0.0,0.0,-57.89032355999999,0.0,0.0
PRO  46,82.652,0.0,0.0,-2.45,0.0,0.0,-64.559,0.0,0.0,-1.247,0.0,0.0,0.59140872,0.0,0.0,14.987408720000001,0.0,0.0
ASP  47,85.528,0.0,0.0,-7.473,0.0,0.0,-63.562,0.0,0.0,-73.468,0.0,0.0,0.5562275,0.0,0.0,-58.418772499999996,0.0,0.0
CYX  48,97.802,0.0,0.0,-10.136,0.0,0.0,-81.664,0.0,0.0,-0.894,0.0,0.0,0.0,0.0,0.0,5.108000000000009,0.0,0.0
LYS  49,141.036,0.0,0.0,-8.148,0.0,0.0,-115.149,0.0,0.0,-30.041,0.0,0.0,0.38227802000000005,0.0,0.0,-11.919721979999997,0.0,0.0
THR  50,55.367,0.0,0.0,-3.094,0.0,0.0,-67.253,0.0,0.0,-3.898,0.0,0.0,0.56876938,0.0,0.0,-18.309230620000005,0.0,0.0
ILE  51,83.251,0.0,0.0,-8.166,0.0,0.0,-61.237,0.0,0.0,-1.407,0.0,0.0,0.39347574,0.0,0.0,12.834475740000006,0.0,0.0
LEU  52,75.454,0.0,0.0,-12.467,0.0,0.0,-73.238,0.0,0.0,-2.917,0.0,0.0,0.00626552,0.0,0.0,-13.161734480000005,0.0,0.0
LYS  53,130.945,0.0,0.0,-6.418,0.0,0.0,-94.09,0.0,0.0,-36.124,0.0,0.0,0.63675786,0.0,0.0,-5.050242140000019,0.0,0.0
ALA  54,88.885,0.0,0.0,-3.757,0.0,0.0,-72.295,0.0,0.0,-6.799,0.0,0.0,0.53527378,0.0,0.0,6.569273779999998,0.0,0.0
LEU  55,78.685,0.0,0.0,-7.961,0.0,0.0,-77.851,0.0,0.0,-7.391,0.0,0.0,0.35616446,0.0,0.0,-14.161835539999995,0.0,0.0
GLY  56,90.525,0.0,0.0,-3.407,0.0,0.0,-74.195,0.0,0.0,-9.064,0.0,0.0,0.10061146,0.0,0.0,3.959611460000016,0.0,0.0
PRO  57,87.214,0.0,0.0,-2.823,0.0,0.0,-52.161,0.0,0.0,-9.429,0.0,0.0,0.6878251000000001,0.0,0.0,23.488825100000003,0.0,0.0
GLY  58,65.329,0.0,0.0,-1.722,0.0,0.0,-57.664,0.0,0.0,-9.379,0.0,0.0,0.49106284000000006,0.0,0.0,-2.9449371600000087,0.0,0.0
ALA  59,100.764,0.0,0.0,-5.322,0.0,0.0,-91.662,0.0,0.0,-1.277,0.0,0.0,0.1166384,0.0,0.0,2.6196383999999866,0.0,0.0
THR  60,45.794,0.0,0.0,-5.841,0.0,0.0,-53.356,0.0,0.0,-4.844,0.0,0.0,0.52352864,0.0,0.0,-17.72347136000001,0.0,0.0
LEU  61,64.266,0.0,0.0,-8.539,0.0,0.0,-66.582,0.0,0.0,-4.417,0.0,0.0,0.39735104,0.0,0.0,-14.87464895999999,0.0,0.0
GLU  62,101.491,0.0,0.0,-5.207,0.0,0.0,-64.842,0.0,0.0,-93.478,0.0,0.0,0.7253586000000001,0.0,0.0,-61.31064139999999,0.0,0.0
GLU  63,107.315,0.0,0.0,-8.533,0.0,0.0,-63.418,0.0,0.0,-86.617,0.0,0.0,0.45575696,0.0,0.0,-50.797243040000005,0.0,0.0
MET  64,95.199,0.0,0.0,-13.612,0.0,0.0,-76.165,0.0,0.0,-1.06,0.0,0.0,0.01540906,0.0,0.0,4.377409059999996,0.0,0.0
MET  65,102.295,0.0,0.0,-9.392,0.0,0.0,-83.542,0.0,0.0,-2.913,0.0,0.0,0.43089542000000003,0.0,0.0,6.878895420000004,0.0,0.0
THR  66,40.994,0.0,0.0,-4.64,0.0,0.0,-48.905,0.0,0.0,-6.543,0.0,0.0,0.65424278,0.0,0.0,-18.43975722,0.0,0.0
ALA  67,79.348,0.0,0.0,-5.502,0.0,0.0,-65.381,0.0,0.0,-3.721,0.0,0.0,0.16482762,0.0,0.0,4.908827620000003,0.0,0.0
CYX  68,97.044,0.0,0.0,-6.22,0.0,0.0,-74.95,0.0,0.0,-5.382,0.0,0.0,0.06429204000000001,0.0,0.0,10.556292039999995,0.0,0.0
GLN  69,39.87,0.0,0.0,-6.559,0.0,0.0,-75.62,0.0,0.0,-8.862,0.0,0.0,0.40849456,0.0,0.0,-50.762505440000005,0.0,0.0
GLY  70,100.86,0.0,0.0,-2.764,0.0,0.0,-81.362,0.0,0.0,-9.35,0.0,0.0,0.28853912,0.0,0.0,7.6725391200000095,0.0,0.0
VAL  71,32.226,0.0,0.0,-4.512,0.0,0.0,-45.639,0.0,0.0,-74.46,0.0,0.0,0.69775454,0.0,0.0,-91.68724545999999,0.0,0.0

DELTAS:
Total Energy Decomposition:
Residue,Location,Internal,,,van der Waals,,,Electrostatic,,,Polar Solvation,,,Non-Polar Solv.,,,TOTAL,,
,,Avg.,Std. Dev.,Std. Err. of Mean,Avg.,Std. Dev.,Std. Err. of Mean,Avg.,Std. Dev.,Std. Err. of Mean,Avg.,Std. Dev.,Std. Err. of Mean,Avg.,Std. Dev.,Std. Err. of Mean
PRO   1,R PRO   1,0.0,0.0,0.0,0.0,0.0,0.0,-6.121000000000009,0.0,0.0,6.122,0.0,0.0,0.0,0.0,0.0,0.000999999999990564,0.0,0.0
ILE   2,R ILE   2,0.0,0.0,0.0,0.0,0.0,0.0,0.006000000000000227,0.0,0.0,-0.005999999999999783,0.0,0.0,0.0,0.0,0.0,0.0,0.0,0.0
VAL   3,R VAL   3,0.0,0.0,0.0,0.0,0.0,0.0,-0.0030000000000001137,0.0,0.0,0.0030000000000001137,0.0,0.0,0.0,0.0,0.0,0.0,0.0,0.0
GLN   4,R GLN   4,0.0,0.0,0.0,0.0,0.0,0.0,0.021999999999998465,0.0,0.0,-0.02200000000000024,0.0,0.0,0.0,0.0,0.0,-7.105427357601002e-15,0.0,0.0
ASN   5,R ASN   5,0.0,0.0,0.0,0.0,0.0,0.0,-0.08299999999999841,0.0,0.0,0.08399999999999963,0.0,0.0,0.0,0.0,0.0,0.000999999999990564,0.0,0.0
LEU   6,R LEU   6,0.0,0.0,0.0,0.0,0.0,0.0,-0.042999999999992156,0.0,0.0,0.04300000000000015,0.0,0.0,0.0,0.0,0.0,7.105427357601002e-15,0.0,0.0
GLN   7,R GLN   7,0.0,0.0,0.0,0.0,0.0,0.0,-0.0020000000000095497,0.0,0.0,0.002000000000000668,0.0,0.0,0.0,0.0,0.0,-1.4210854715202004e-14,0.0,0.0
GLY   8,R GLY   8,0.0,0.0,0.0,0.0,0.0,0.0,-0.01300000000000523,0.0,0.0,0.013000000000000345,0.0,0.0,0.0,0.0,0.0,-4.884981308350689e-15,0.0,0.0
GLN   9,R GLN   9,0.0,0.0,0.0,0.0,0.0,0.0,0.06699999999999307,0.0,0.0,-0.06700000000000017,0.0,0.0,0.0,0.0,0.0,-7.105427357601002e-15,0.0,0.0
MET  10,R MET  10,0.0,0.0,0.0,0.0,0.0,0.0,-0.028000000000005798,0.0,0.0,0.027000000000000135,0.0,0.0,0.0,0.0,0.0,-0.001000000000005663,0.0,0.0
VAL  11,R VAL  11,0.0,0.0,0.0,0.0,0.0,0.0,-0.009000000000000341,0.0,0.0,0.009000000000000341,0.0,0.0,0.0,0.0,0.0,0.0,0.0,0.0
HID  12,R HID  12,0.0,0.0,0.0,-0.0010000000000012221,0.0,0.0,0.0009999999999976694,0.0,0.0,-0.0009999999999994458,0.0,0.0,0.0,0.0,0.0,-0.0010000000000065512,0.0,0.0
GLN  13,R GLN  13,0.0,0.0,0.0,0.0,0.0,0.0,0.05999999999998806,0.0,0.0,-0.0600000000000005,0.0,0.0,0.0,0.0,0.0,-1.4210854715202004e-14,0.0,0.0
ALA  14,R ALA  14,0.0,0.0,0.0,0.0,0.0,0.0,-0.02599999999999625,0.0,0.0,0.027000000000000135,0.0,0.0,0.0,0.0,0.0,0.0010000000000047748,0.0,0.0
ILE  15,R ILE  15,0.0,0.0,0.0,-0.0009999999999994458,0.0,0.0,-0.0309999999999917,0.0,0.0,0.03200000000000003,0.0,0.0,0.0,0.0,0.0,3.552713678800501e-15,0.0,0.0
SER  16,R SER  16,0.0,0.0,0.0,-0.001000000000000334,0.0,0.0,0.08899999999999864,0.0,0.0,-0.08899999999999952,0.0,0.0,0.0,0.0,0.0,-0.0010000000000065512,0.0,0.0
PRO  17,R PRO  17,0.0,0.0,0.0,-0.0019999999999997797,0.0,0.0,0.02499999999999858,0.0,0.0,-0.021000000000000796,0.0,0.0,0.0,0.0,0.0,0.0020000000000024443,0.0,0.0
ARG  18,R ARG  18,0.0,0.0,0.0,-0.0030000000000001137,0.0,0.0,-7.953000000000003,0.0,0.0,7.963999999999999,0.0,0.0,0.0,0.0,0.0,0.008000000000009777,0.0,0.0
THR  19,R THR  19,0.0,0.0,0.0,-0.002000000000000668,0.0,0.0,0.2190000000000012,0.0,0.0,-0.2110000000000003,0.0,0.0,0.0,0.0,0.0,0.006000000000000227,0.0,0.0
LEU  20,R LEU  20,0.0,0.0,0.0,-0.006000000000000227,0.0,0.0,0.16199999999999903,0.0,0.0,-0.15600000000000014,0.0,0.0,0.0,0.0,0.0,0.0,0.0,0.0
ASN  21,R ASN  21,0.0,0.0,0.0,-0.010999999999999233,0.0,0.0,-0.013999999999995794,0.0,0.0,0.05799999999999983,0.0,0.0,0.0,0.0,0.0,0.03300000000000125,0.0,0.0
ALA  22,R ALA  22,0.0,0.0,0.0,-0.004999999999999893,0.0,0.0,0.3119999999999976,0.0,0.0,-0.30299999999999994,0.0,0.0,0.0,0.0,0.0,0.004000000000002224,0.0,0.0
TRP  23,R TRP  23,0.0,0.0,0.0,-0.019000000000001904,0.0,0.0,0.6260000000000048,0.0,0.0,-0.6070000000000002,0.0,0.0,0.0,0.0,0.0,0.0,0.0,0.0
VAL  24,R VAL  24,0.0,0.0,0.0,-0.05900000000000016,0.0,0.0,0.6899999999999977,0.0,0.0,-0.6549999999999998,0.0,0.0,0.0,0.0,0.0,-0.024000000000007127,0.0,0.0
LYS  25,R LYS  25,0.0,0.0,0.0,-0.08999999999999986,0.0,0.0,-10.034999999999997,0.0,0.0,10.246,0.0,0.0,0.0,0.0,0.0,0.12100000000001288,0.0,0.0
VAL  26,R VAL  26,0.0,0.0,0.0,-0.026999999999999247,0.0,0.0,0.8030000000000115,0.0,0.0,-0.7600000000000002,0.0,0.0,0.0,0.0,0.0,0.016000000000016,0.0,0.0
VAL  27,R VAL  27,0.0,0.0,0.0,-0.13000000000000078,0.0,0.0,1.2289999999999992,0.0,0.0,-1.0519999999999996,0.0,0.0,0.0,0.0,0.0,0.046999999999997044,0.0,0.0
GLU  28,R GLU  28,0.0,0.0,0.0,-1.4699999999999998,0.0,0.0,16.105000000000004,0.0,0.0,-14.218999999999994,0.0,0.0,-0.22485412000000002,0.0,0.0,0.19114588000000765,0.0,0.0
GLU  29,R GLU  29,0.0,0.0,0.0,-0.274,0.0,0.0,16.356,0.0,0.0,-15.492000000000004,0.0,0.0,0.0,0.0,0.0,0.5899999999999963,0.0,0.0
LYS  30,R LYS  30,0.0,0.0,0.0,-0.05200000000000049,0.0,0.0,-14.106999999999985,0.0,0.0,14.165,0.0,0.0,0.0,0.0,0.0,0.006000000000021544,0.0,0.0
ALA  31,R ALA  31,0.0,0.0,0.0,-0.1469999999999998,0.0,0.0,-0.3920000000000101,0.0,0.0,0.496,0.0,0.0,0.0,0.0,0.0,-0.04300000000000148,0.0,0.0
PHE  32,R PHE  32,0.0,0.0,0.0,-0.20500000000000007,0.0,0.0,0.26899999999999125,0.0,0.0,-0.1070000000000002,0.0,0.0,-0.041603920000000016,0.0,0.0,-0.08460392000000638,0.0,0.0
SER  33,R SER  33,0.0,0.0,0.0,-0.0129999999999999,0.0,0.0,-0.3960000000000008,0.0,0.0,0.4319999999999995,0.0,0.0,0.0,0.0,0.0,0.023000000000006793,0.0,0.0
PRO  34,R PRO  34,0.0,0.0,0.0,-0.004999999999999893,0.0,0.0,-0.19500000000000028,0.0,0.0,0.19599999999999973,0.0,0.0,0.0,0.0,0.0,-0.003999999999996007,0.0,0.0
GLU  35,R GLU  35,0.0,0.0,0.0,-0.006000000000000227,0.0,0.0,11.516000000000005,0.0,0.0,-11.457,0.0,0.0,0.0,0.0,0.0,0.05300000000000438,0.0,0.0
VAL  36,R VAL  36,0.0,0.0,0.0,-0.010999999999999233,0.0,0.0,-0.38400000000000034,0.0,0.0,0.3899999999999999,0.0,0.0,0.0,0.0,0.0,-0.0049999999999954525,0.0,0.0
ILE  37,R ILE  37,0.0,0.0,0.0,-0.0039999999999995595,0.0,0.0,-0.15400000000000347,0.0,0.0,0.15600000000000014,0.0,0.0,0.0,0.0,0.0,-0.0020000000000077733,0.0,0.0
PRO  38,R PRO  38,0.0,0.0,0.0,-0.002000000000000668,0.0,0.0,-0.19400000000000261,0.0,0.0,0.1940000000000004,0.0,0.0,0.0,0.0,0.0,-0.0020000000000131024,0.0,0.0
MET  39,R MET  39,0.0,0.0,0.0,-0.004999999999999893,0.0,0.0,-0.11200000000000898,0.0,0.0,0.11799999999999988,0.0,0.0,0.0,0.0,0.0,0.000999999999980794,0.0,0.0
PHE  40,R PHE  40,0.0,0.0,0.0,-0.0039999999999995595,0.0,0.0,-0.16599999999999682,0.0,0.0,0.16799999999999993,0.0,0.0,0.0,0.0,0.0,-0.002000000000001778,0.0,0.0
SER  41,R SER  41,0.0,0.0,0.0,-0.0009999999999994458,0.0,0.0,-0.2190000000000012,0.0,0.0,0.22000000000000064,0.0,0.0,0.0,0.0,0.0,1.7763568394002505e-15,0.0,0.0
ALA  42,R ALA  42,0.0,0.0,0.0,-0.0009999999999994458,0.0,0.0,-0.16600000000001103,0.0,0.0,0.1670000000000007,0.0,0.0,0.0,0.0,0.0,-8.881784197001252e-16,0.0,0.0
LEU  43,R LEU  43,0.0,0.0,0.0,-0.0030000000000001137,0.0,0.0,-0.1629999999999967,0.0,0.0,0.1649999999999996,0.0,0.0,0.0,0.0,0.0,-0.0009999999999976694,0.0,0.0
SER  44,R SER  44,0.0,0.0,0.0,-0.001000000000000334,0.0,0.0,-0.16800000000000637,0.0,0.0,0.16800000000000004,0.0,0.0,0.0,0.0,0.0,-0.001000000000010104,0.0,0.0
GLU  45,R GLU  45,0.0,0.0,0.0,0.0,0.0,0.0,6.7549999999999955,0.0,0.0,-6.754000000000005,0.0,0.0,0.0,0.0,0.0,0.000999999999990564,0.0,0.0
GLY  46,R GLY  46,0.0,0.0,0.0,0.0,0.0,0.0,-0.03900000000000148,0.0,0.0,0.039000000000000146,0.0,0.0,0.0,0.0,0.0,-8.881784197001252e-16,0.0,0.0
ALA  47,R ALA  47,0.0,0.0,0.0,0.0,0.0,0.0,-0.054000000000002046,0.0,0.0,0.054999999999999716,0.0,0.0,0.0,0.0,0.0,0.0009999999999976694,0.0,0.0
THR  48,R THR  48,0.0,0.0,0.0,0.0,0.0,0.0,0.05799999999999983,0.0,0.0,-0.05800000000000005,0.0,0.0,0.0,0.0,0.0,0.0,0.0,0.0
PRO  49,R PRO  49,0.0,0.0,0.0,-0.0009999999999994458,0.0,0.0,0.06499999999999773,0.0,0.0,-0.06599999999999995,0.0,0.0,0.0,0.0,0.0,-0.002000000000000668,0.0,0.0
GLN  50,R GLN  50,0.0,0.0,0.0,-0.0010000000000012221,0.0,0.0,0.04800000000000182,0.0,0.0,-0.04900000000000038,0.0,0.0,0.0,0.0,0.0,-0.0020000000000024443,0.0,0.0
ASP  51,R ASP  51,0.0,0.0,0.0,-0.001000000000000334,0.0,0.0,6.332000000000008,0.0,0.0,-6.334,0.0,0.0,0.0,0.0,0.0,-0.0029999999999930083,0.0,0.0
LEU  52,R LEU  52,0.0,0.0,0.0,-0.002000000000000668,0.0,0.0,0.07399999999999807,0.0,0.0,-0.075,0.0,0.0,0.0,0.0,0.0,-0.002999999999996561,0.0,0.0
ASN  53,R ASN  53,0.0,0.0,0.0,-0.001000000000000334,0.0,0.0,0.08299999999999841,0.0,0.0,-0.0810000000000004,0.0,0.0,0.0,0.0,0.0,0.000999999999990564,0.0,0.0
THR  54,R THR  54,0.0,0.0,0.0,-0.0019999999999997797,0.0,0.0,-0.0730000000000004,0.0,0.0,0.07299999999999995,0.0,0.0,0.0,0.0,0.0,-0.0020000000000024443,0.0,0.0
MET  55,R MET  55,0.0,0.0,0.0,-0.004999999999999005,0.0,0.0,0.02400000000000091,0.0,0.0,-0.02300000000000002,0.0,0.0,0.0,0.0,0.0,-0.004000000000008774,0.0,0.0
LEU  56,R LEU  56,0.0,0.0,0.0,-0.004999999999999005,0.0,0.0,-0.02400000000000091,0.0,0.0,0.03400000000000003,0.0,0.0,0.0,0.0,0.0,0.004999999999997229,0.0,0.0
ASN  57,R ASN  57,0.0,0.0,0.0,-0.004999999999999893,0.0,0.0,-0.21299999999999386,0.0,0.0,0.2400000000000002,0.0,0.0,0.0,0.0,0.0,0.02200000000000557,0.0,0.0
THR  58,R THR  58,0.0,0.0,0.0,-0.01100000000000012,0.0,0.0,-0.3120000000000047,0.0,0.0,0.359,0.0,0.0,0.0,0.0,0.0,0.035999999999990706,0.0,0.0
VAL  59,R VAL  59,0.0,0.0,0.0,-0.03300000000000125,0.0,0.0,-0.08200000000000074,0.0,0.0,0.11400000000000002,0.0,0.0,0.0,0.0,0.0,-0.0010000000000021103,0.0,0.0
ALA  60,R ALA  60,0.0,0.0,0.0,-0.020000000000000018,0.0,0.0,0.008000000000009777,0.0,0.0,0.0479999999999996,0.0,0.0,0.0,0.0,0.0,0.03600000000001202,0.0,0.0
PRO  61,R PRO  61,0.0,0.0,0.0,-0.15300000000000002,0.0,0.0,-0.18900000000000006,0.0,0.0,0.3810000000000002,0.0,0.0,0.0,0.0,0.0,0.03899999999999437,0.0,0.0
HID  62,R HID  62,0.0,0.0,0.0,-0.9030000000000005,0.0,0.0,-0.7660000000000053,0.0,0.0,1.681000000000001,0.0,0.0,-0.16968936000000004,0.0,0.0,-0.15768935999999556,0.0,0.0
GLN  63,R GLN  63,0.0,0.0,0.0,-0.06099999999999994,0.0,0.0,-0.1939999999999884,0.0,0.0,0.33800000000000097,0.0,0.0,0.0,0.0,0.0,0.08300000000000551,0.0,0.0
ALA  64,R ALA  64,0.0,0.0,0.0,-0.05600000000000005,0.0,0.0,-0.23099999999999454,0.0,0.0,0.29400000000000004,0.0,0.0,0.0,0.0,0.0,0.007000000000008555,0.0,0.0
ALA  65,R ALA  65,0.0,0.0,0.0,-0.034000000000000696,0.0,0.0,-0.1980000000000075,0.0,0.0,0.21399999999999997,0.0,0.0,0.0,0.0,0.0,-0.01800000000001356,0.0,0.0
ALA  66,R ALA  66,0.0,0.0,0.0,-0.011999999999999567,0.0,0.0,0.12999999999999545,0.0,0.0,-0.11299999999999999,0.0,0.0,0.0,0.0,0.0,0.0049999999999950084,0.0,0.0
GLN  67,R GLN  67,0.0,0.0,0.0,-0.011999999999998678,0.0,0.0,-0.04999999999999716,0.0,0.0,0.08799999999999919,0.0,0.0,0.0,0.0,0.0,0.026000000000003354,0.0,0.0
MET  68,R MET  68,0.0,0.0,0.0,-0.009000000000000341,0.0,0.0,-0.19400000000000261,0.0,0.0,0.20699999999999985,0.0,0.0,0.0,0.0,0.0,0.003999999999996007,0.0,0.0
LEU  69,R LEU  69,0.0,0.0,0.0,-0.006999999999999673,0.0,0.0,-0.08500000000000796,0.0,0.0,0.09200000000000008,0.0,0.0,0.0,0.0,0.0,1.7763568394002505e-15,0.0,0.0
LYS  70,R LYS  70,0.0,0.0,0.0,-0.0030000000000001137,0.0,0.0,-5.768000000000001,0.0,0.0,5.801,0.0,0.0,0.0,0.0,0.0,0.03000000000001357,0.0,0.0
GLU  71,R GLU  71,0.0,0.0,0.0,-0.0030000000000001137,0.0,0.0,5.931999999999988,0.0,0.0,-5.921999999999997,0.0,0.0,0.0,0.0,0.0,0.006999999999990791,0.0,0.0
THR  72,R THR  72,0.0,0.0,0.0,-0.0019999999999988916,0.0,0.0,-0.05700000000000216,0.0,0.0,0.06299999999999972,0.0,0.0,0.0,0.0,0.0,0.0040000000000048885,0.0,0.0
ILE  73,R ILE  73,0.0,0.0,0.0,-0.002000000000000668,0.0,0.0,-0.03399999999999892,0.0,0.0,0.0349999999999997,0.0,0.0,0.0,0.0,0.0,-0.001000000000010104,0.0,0.0
ASN  74,R ASN  74,0.0,0.0,0.0,-0.0010000000000012221,0.0,0.0,-0.09399999999999409,0.0,0.0,0.09600000000000009,0.0,0.0,0.0,0.0,0.0,0.000999999999990564,0.0,0.0
GLU  75,R GLU  75,0.0,0.0,0.0,-0.0009999999999994458,0.0,0.0,5.9979999999999976,0.0,0.0,-5.997,0.0,0.0,0.0,0.0,0.0,7.105427357601002e-15,0.0,0.0
GLU  76,R GLU  76,0.0,0.0,0.0,-0.0009999999999994458,0.0,0.0,6.365000000000002,0.0,0.0,-6.36399999999999,0.0,0.0,0.0,0.0,0.0,2.1316282072803006e-14,0.0,0.0
ALA  77,R ALA  77,0.0,0.0,0.0,0.0,0.0,0.0,-0.05900000000001171,0.0,0.0,0.06,0.0,0.0,0.0,0.0,0.0,0.0009999999999883435,0.0,0.0
ALA  78,R ALA  78,0.0,0.0,0.0,-0.001000000000000334,0.0,0.0,-0.06799999999999784,0.0,0.0,0.068,0.0,0.0,0.0,0.0,0.0,-0.0009999999999878995,0.0,0.0
GLU  79,R GLU  79,0.0,0.0,0.0,0.0,0.0,0.0,5.819000000000003,0.0,0.0,-5.817000000000007,0.0,0.0,0.0,0.0,0.0,0.001999999999995339,0.0,0.0
TRP  80,R TRP  80,0.0,0.0,0.0,0.0,0.0,0.0,-0.028000000000005798,0.0,0.0,0.028000000000000025,0.0,0.0,0.0,0.0,0.0,-7.105427357601002e-15,0.0,0.0
ASP  81,R ASP  81,0.0,0.0,0.0,-0.001000000000000334,0.0,0.0,5.069999999999993,0.0,0.0,-5.069999999999993,0.0,0.0,0.0,0.0,0.0,-0.0010000000000047748,0.0,0.0
ARG  82,R ARG  82,0.0,0.0,0.0,-0.0009999999999994458,0.0,0.0,-5.416999999999998,0.0,0.0,5.416,0.0,0.0,0.0,0.0,0.0,-0.0020000000000095497,0.0,0.0
LEU  83,R LEU  83,0.0,0.0,0.0,0.0,0.0,0.0,-0.07000000000000739,0.0,0.0,0.07000000000000028,0.0,0.0,0.0,0.0,0.0,-7.105427357601002e-15,0.0,0.0
HID  84,R HID  84,0.0,0.0,0.0,0.0,0.0,0.0,0.0,0.0,0.0,0.0009999999999994458,0.0,0.0,0.0,0.0,0.0,0.0009999999999976694,0.0,0.0
PRO  85,R PRO  85,0.0,0.0,0.0,0.0,0.0,0.0,0.015999999999991132,0.0,0.0,-0.016000000000000014,0.0,0.0,0.0,0.0,0.0,-1.0658141036401503e-14,0.0,0.0
VAL  86,R VAL  86,0.0,0.0,0.0,0.0,0.0,0.0,-0.02499999999999858,0.0,0.0,0.024999999999999467,0.0,0.0,0.0,0.0,0.0,0.0,0.0,0.0
HID  87,R HID  87,0.0,0.0,0.0,0.0,0.0,0.0,0.03899999999999437,0.0,0.0,-0.038000000000000256,0.0,0.0,0.0,0.0,0.0,0.0009999999999941167,0.0,0.0
ALA  88,R ALA  88,0.0,0.0,0.0,0.0,0.0,0.0,-0.001999999999995339,0.0,0.0,0.002000000000000668,0.0,0.0,0.0,0.0,0.0,5.329070518200751e-15,0.0,0.0
GLY  89,R GLY  89,0.0,0.0,0.0,0.0,0.0,0.0,0.04100000000001103,0.0,0.0,-0.04100000000000037,0.0,0.0,0.0,0.0,0.0,1.0658141036401503e-14,0.0,0.0
PRO  90,R PRO  90,0.0,0.0,0.0,0.0,0.0,0.0,-0.019000000000005457,0.0,0.0,0.019000000000000128,0.0,0.0,0.0,0.0,0.0,-7.105427357601002e-15,0.0,0.0
ILE  91,R ILE  91,0.0,0.0,0.0,0.0,0.0,0.0,-0.03300000000000125,0.0,0.0,0.032999999999999474,0.0,0.0,0.0,0.0,0.0,-1.7763568394002505e-15,0.0,0.0
ALA  92,R ALA  92,0.0,0.0,0.0,0.0,0.0,0.0,0.03999999999999204,0.0,0.0,-0.040000000000000036,0.0,0.0,0.0,0.0,0.0,-7.105427357601002e-15,0.0,0.0
PRO  93,R PRO  93,0.0,0.0,0.0,-0.001000000000000112,0.0,0.0,0.01899999999999835,0.0,0.0,-0.018000000000000682,0.0,0.0,0.0,0.0,0.0,-7.105427357601002e-15,0.0,0.0
GLY  94,R GLY  94,0.0,0.0,0.0,0.0,0.0,0.0,0.027000000000001023,0.0,0.0,-0.027000000000000135,0.0,0.0,0.0,0.0,0.0,8.881784197001252e-16,0.0,0.0
GLN  95,R GLN  95,0.0,0.0,0.0,-0.001000000000000334,0.0,0.0,-0.023000000000010346,0.0,0.0,0.022999999999999687,0.0,0.0,0.0,0.0,0.0,-0.0010000000000047748,0.0,0.0
MET  96,R MET  96,0.0,0.0,0.0,0.0,0.0,0.0,-0.05100000000000193,0.0,0.0,0.049999999999998934,0.0,0.0,0.0,0.0,0.0,-0.0010000000000029985,0.0,0.0
ARG  97,R ARG  97,0.0,0.0,0.0,0.0,0.0,0.0,-4.975999999999999,0.0,0.0,4.975999999999999,0.0,0.0,0.0,0.0,0.0,0.0,0.0,0.0
GLU  98,R GLU  98,0.0,0.0,0.0,0.0,0.0,0.0,4.811999999999998,0.0,0.0,-4.811999999999998,0.0,0.0,0.0,0.0,0.0,0.0,0.0,0.0
PRO  99,R PRO  99,0.0,0.0,0.0,0.0,0.0,0.0,-0.011000000000002785,0.0,0.0,0.01100000000000012,0.0,0.0,0.0,0.0,0.0,-3.552713678800501e-15,0.0,0.0
ARG 100,R ARG 100,0.0,0.0,0.0,-0.0009999999999994458,0.0,0.0,-5.015,0.0,0.0,5.016000000000002,0.0,0.0,0.0,0.0,0.0,2.842170943040401e-14,0.0,0.0
GLY 101,R GLY 101,0.0,0.0,0.0,0.0,0.0,0.0,0.046999999999997044,0.0,0.0,-0.04699999999999971,0.0,0.0,0.0,0.0,0.0,-3.552713678800501e-15,0.0,0.0
SER 102,R SER 102,0.0,0.0,0.0,0.0,0.0,0.0,0.013999999999995794,0.0,0.0,-0.014000000000000234,0.0,0.0,0.0,0.0,0.0,-3.552713678800501e-15,0.0,0.0
ASP 103,R ASP 103,0.0,0.0,0.0,0.0,0.0,0.0,5.280000000000001,0.0,0.0,-5.279999999999994,0.0,0.0,0.0,0.0,0.0,7.105427357601002e-15,0.0,0.0
ILE 104,R ILE 104,0.0,0.0,0.0,0.0,0.0,0.0,0.022999999999996135,0.0,0.0,-0.02300000000000013,0.0,0.0,0.0,0.0,0.0,-3.552713678800501e-15,0.0,0.0
ALA 105,R ALA 105,0.0,0.0,0.0,-0.001000000000000334,0.0,0.0,0.01100000000000989,0.0,0.0,-0.01200000000000001,0.0,0.0,0.0,0.0,0.0,-0.001999999999980684,0.0,0.0
GLY 106,R GLY 106,0.0,0.0,0.0,0.0,0.0,0.0,-0.009000000000000341,0.0,0.0,0.009999999999999787,0.0,0.0,0.0,0.0,0.0,0.0009999999999994458,0.0,0.0
THR 107,R THR 107,0.0,0.0,0.0,0.0,0.0,0.0,-0.0009999999999976694,0.0,0.0,0.0009999999999994458,0.0,0.0,0.0,0.0,0.0,3.552713678800501e-15,0.0,0.0
THR 108,R THR 108,0.0,0.0,0.0,0.0,0.0,0.0,-0.010000000000005116,0.0,0.0,0.009999999999999787,0.0,0.0,0.0,0.0,0.0,-7.105427357601002e-15,0.0,0.0
SER 109,R SER 109,0.0,0.0,0.0,0.0,0.0,0.0,0.031999999999996476,0.0,0.0,-0.03300000000000036,0.0,0.0,0.0,0.0,0.0,-0.0010000000000038867,0.0,0.0
THR 110,R THR 110,0.0,0.0,0.0,0.0,0.0,0.0,0.009000000000000341,0.0,0.0,-0.008999999999999897,0.0,0.0,0.0,0.0,0.0,0.0,0.0,0.0
LEU 111,R LEU 111,0.0,0.0,0.0,0.0,0.0,0.0,0.009000000000000341,0.0,0.0,-0.009000000000000341,0.0,0.0,0.0,0.0,0.0,0.0,0.0,0.0
GLN 112,R GLN 112,0.0,0.0,0.0,0.0,0.0,0.0,0.025000000000005684,0.0,0.0,-0.0259999999999998,0.0,0.0,0.0,0.0,0.0,-0.000999999999990564,0.0,0.0
GLU 113,R GLU 113,0.0,0.0,0.0,0.0,0.0,0.0,5.0530000000000115,0.0,0.0,-5.055,0.0,0.0,0.0,0.0,0.0,-0.0019999999999882334,0.0,0.0
GLN 114,R GLN 114,0.0,0.0,0.0,0.0,0.0,0.0,0.09799999999999898,0.0,0.0,-0.09800000000000009,0.0,0.0,0.0,0.0,0.0,0.0,0.0,0.0
ILE 115,R ILE 115,0.0,0.0,0.0,-0.001000000000000334,0.0,0.0,0.01300000000000523,0.0,0.0,-0.013000000000000123,0.0,0.0,0.0,0.0,0.0,-0.0009999999999834586,0.0,0.0
GLY 116,R GLY 116,0.0,0.0,0.0,0.0,0.0,0.0,-0.010000000000005116,0.0,0.0,0.008999999999999897,0.0,0.0,0.0,0.0,0.0,-0.001000000000005663,0.0,0.0
TRP 117,R TRP 117,0.0,0.0,0.0,0.0,0.0,0.0,0.0030000000000001137,0.0,0.0,-0.0030000000000001137,0.0,0.0,0.0,0.0,0.0,0.0,0.0,0.0
MET 118,R MET 118,0.0,0.0,0.0,0.0,0.0,0.0,-0.012999999999991019,0.0,0.0,0.0129999999999999,0.0,0.0,0.0,0.0,0.0,8.881784197001252e-15,0.0,0.0
THR 119,R THR 119,0.0,0.0,0.0,0.0,0.0,0.0,-0.0519999999999996,0.0,0.0,0.05099999999999927,0.0,0.0,0.0,0.0,0.0,-0.0010000000000047748,0.0,0.0
HID 120,R HID 120,0.0,0.0,0.0,0.0,0.0,0.0,0.04100000000000392,0.0,0.0,-0.04100000000000037,0.0,0.0,0.0,0.0,0.0,3.552713678800501e-15,0.0,0.0
ASN 121,R ASN 121,0.0,0.0,0.0,0.0,0.0,0.0,0.01100000000000989,0.0,0.0,-0.011000000000001009,0.0,0.0,0.0,0.0,0.0,7.105427357601002e-15,0.0,0.0
PRO 122,R PRO 122,0.0,0.0,0.0,0.0,0.0,0.0,-0.021000000000000796,0.0,0.0,0.020999999999999908,0.0,0.0,0.0,0.0,0.0,0.0,0.0,0.0
PRO 123,R PRO 123,0.0,0.0,0.0,0.0,0.0,0.0,-0.026000000000003354,0.0,0.0,0.02600000000000069,0.0,0.0,0.0,0.0,0.0,-3.552713678800501e-15,0.0,0.0
ILE 124,R ILE 124,0.0,0.0,0.0,0.0,0.0,0.0,-0.010000000000005116,0.0,0.0,0.010000000000000009,0.0,0.0,0.0,0.0,0.0,-3.552713678800501e-15,0.0,0.0
PRO 125,R PRO 125,0.0,0.0,0.0,0.0,0.0,0.0,0.049000000000006594,0.0,0.0,-0.04800000000000004,0.0,0.0,0.0,0.0,0.0,0.0010000000000065512,0.0,0.0
VAL 126,R VAL 126,0.0,0.0,0.0,0.0,0.0,0.0,0.06899999999999551,0.0,0.0,-0.07000000000000006,0.0,0.0,0.0,0.0,0.0,-0.0010000000000047748,0.0,0.0
GLY 127,R GLY 127,0.0,0.0,0.0,0.0,0.0,0.0,0.07500000000000284,0.0,0.0,-0.07499999999999996,0.0,0.0,0.0,0.0,0.0,3.552713678800501e-15,0.0,0.0
GLU 128,R GLU 128,0.0,0.0,0.0,0.0,0.0,0.0,6.722999999999999,0.0,0.0,-6.721999999999994,0.0,0.0,0.0,0.0,0.0,0.0010000000000047748,0.0,0.0
ILE 129,R ILE 129,0.0,0.0,0.0,-0.0009999999999994458,0.0,0.0,0.11200000000000898,0.0,0.0,-0.11099999999999999,0.0,0.0,0.0,0.0,0.0,1.865174681370263e-14,0.0,0.0
TYR 130,R TYR 130,0.0,0.0,0.0,-0.0019999999999988916,0.0,0.0,0.12000000000000455,0.0,0.0,-0.119,0.0,0.0,0.0,0.0,0.0,-0.000999999999990564,0.0,0.0
LYS 131,R LYS 131,0.0,0.0,0.0,-0.0009999999999994458,0.0,0.0,-6.804000000000002,0.0,0.0,6.803999999999995,0.0,0.0,0.0,0.0,0.0,-0.0010000000000118803,0.0,0.0
ARG 132,R ARG 132,0.0,0.0,0.0,-0.0009999999999994458,0.0,0.0,-6.991,0.0,0.0,6.9879999999999995,0.0,0.0,0.0,0.0,0.0,-0.004000000000019099,0.0,0.0
TRP 133,R TRP 133,0.0,0.0,0.0,-0.0010000000000012221,0.0,0.0,0.13800000000000523,0.0,0.0,-0.13699999999999957,0.0,0.0,0.0,0.0,0.0,1.7763568394002505e-15,0.0,0.0
ILE 134,R ILE 134,0.0,0.0,0.0,-0.0019999999999988916,0.0,0.0,0.1799999999999926,0.0,0.0,-0.179,0.0,0.0,0.0,0.0,0.0,-0.0010000000000029985,0.0,0.0
ILE 135,R ILE 135,0.0,0.0,0.0,-0.002000000000000668,0.0,0.0,0.22699999999999676,0.0,0.0,-0.22699999999999998,0.0,0.0,0.0,0.0,0.0,-0.0020000000000131024,0.0,0.0
LEU 136,R LEU 136,0.0,0.0,0.0,-0.002000000000000668,0.0,0.0,0.2580000000000098,0.0,0.0,-0.2549999999999999,0.0,0.0,0.0,0.0,0.0,0.0010000000000065512,0.0,0.0
GLY 137,R GLY 137,0.0,0.0,0.0,-0.0009999999999994458,0.0,0.0,0.2740000000000009,0.0,0.0,-0.2679999999999999,0.0,0.0,0.0,0.0,0.0,0.004999999999996341,0.0,0.0
LEU 138,R LEU 138,0.0,0.0,0.0,-0.006999999999999673,0.0,0.0,0.38800000000000523,0.0,0.0,-0.3830000000000001,0.0,0.0,0.0,0.0,0.0,-0.0019999999999935625,0.0,0.0
ASN 139,R ASN 139,0.0,0.0,0.0,-0.0030000000000001137,0.0,0.0,0.6760000000000019,0.0,0.0,-0.6630000000000003,0.0,0.0,0.0,0.0,0.0,0.010000000000005116,0.0,0.0
LYS 140,R LYS 140,0.0,0.0,0.0,-0.006000000000000227,0.0,0.0,-7.819999999999993,0.0,0.0,7.8420000000000005,0.0,0.0,0.0,0.0,0.0,0.01600000000000712,0.0,0.0
ILE 141,R ILE 141,0.0,0.0,0.0,-0.02200000000000024,0.0,0.0,0.7119999999999891,0.0,0.0,-0.6719999999999997,0.0,0.0,0.0,0.0,0.0,0.017999999999983807,0.0,0.0
VAL 142,R VAL 142,0.0,0.0,0.0,-0.01100000000000012,0.0,0.0,0.6539999999999964,0.0,0.0,-0.621,0.0,0.0,0.0,0.0,0.0,0.022000000000000686,0.0,0.0
ARG 143,R ARG 143,0.0,0.0,0.0,-0.009000000000000341,0.0,0.0,-11.887999999999998,0.0,0.0,11.904000000000003,0.0,0.0,0.0,0.0,0.0,0.007000000000005002,0.0,0.0
MET 144,R MET 144,0.0,0.0,0.0,-0.04100000000000037,0.0,0.0,-0.8329999999999984,0.0,0.0,0.9039999999999999,0.0,0.0,0.0,0.0,0.0,0.03000000000000469,0.0,0.0
TYR 145,R TYR 145,0.0,0.0,0.0,-0.03599999999999959,0.0,0.0,-0.18300000000000693,0.0,0.0,0.28800000000000026,0.0,0.0,0.0,0.0,0.0,0.06899999999999196,0.0,0.0
SER 146,R SER 146,0.0,0.0,0.0,-0.09599999999999964,0.0,0.0,1.5870000000000033,0.0,0.0,-1.2399999999999984,0.0,0.0,0.0,0.0,0.0,0.2510000000000012,0.0,0.0
PRO 147,R PRO 147,0.0,0.0,0.0,-0.1549999999999998,0.0,0.0,-1.7179999999999964,0.0,0.0,2.018,0.0,0.0,0.0,0.0,0.0,0.14500000000000313,0.0,0.0
THR 148,R THR 148,0.0,0.0,0.0,-2.257,0.0,0.0,2.669000000000004,0.0,0.0,-0.7740000000000009,0.0,0.0,-0.37234316000000006,0.0,0.0,-0.7343431599999981,0.0,0.0
SER 149,R SER 149,0.0,0.0,0.0,-4.2749999999999995,0.0,0.0,-8.624000000000002,0.0,0.0,10.144,0.0,0.0,-0.43458102,0.0,0.0,-3.1895810200000003,0.0,0.0
ILE 150,R ILE 150,20.951999999999998,0.0,0.0,-7.790000000000001,0.0,0.0,-31.401,0.0,0.0,9.547,0.0,0.0,-1.2319497400000001,0.0,0.0,-9.923949739999994,0.0,0.0
LEU 151,L LEU   1,20.655,0.0,0.0,-2.04,0.0,0.0,-25.907999999999994,0.0,0.0,1.1279999999999997,0.0,0.0,-0.15655127999999996,0.0,0.0,-6.321551279999993,0.0,0.0
ASP 152,L ASP   2,0.0,0.0,0.0,-2.269,0.0,0.0,9.132999999999996,0.0,0.0,-7.224999999999994,0.0,0.0,-0.16569482000000002,0.0,0.0,-0.5266948199999888,0.0,0.0
ILE 153,L ILE   3,0.0,0.0,0.0,-1.447,0.0,0.0,-0.8460000000000036,0.0,0.0,0.641,0.0,0.0,-0.012850819999999999,0.0,0.0,-1.6648508200000052,0.0,0.0
ARG 154,L ARG   4,0.0,0.0,0.0,-0.05900000000000016,0.0,0.0,-8.423000000000002,0.0,0.0,8.482,0.0,0.0,0.0,0.0,0.0,0.0,0.0,0.0
GLN 155,L GLN   5,0.0,0.0,0.0,-0.011000000000001009,0.0,0.0,0.022999999999996135,0.0,0.0,-0.010999999999999899,0.0,0.0,0.0,0.0,0.0,0.0010000000000047748,0.0,0.0
GLY 156,L GLY   6,0.0,0.0,0.0,-0.0029999999999996696,0.0,0.0,-0.03300000000000125,0.0,0.0,0.036000000000000476,0.0,0.0,0.0,0.0,0.0,-8.881784197001252e-16,0.0,0.0
PRO 157,L PRO   7,0.0,0.0,0.0,-0.0019999999999997797,0.0,0.0,-0.08100000000000307,0.0,0.0,0.08200000000000074,0.0,0.0,0.0,0.0,0.0,-0.0010000000000118803,0.0,0.0
LYS 158,L LYS   8,0.0,0.0,0.0,-0.0019999999999997797,0.0,0.0,-7.024000000000001,0.0,0.0,7.024999999999999,0.0,0.0,0.0,0.0,0.0,-0.0009999999999976694,0.0,0.0
GLU 159,L GLU   9,0.0,0.0,0.0,-0.006000000000000227,0.0,0.0,9.190000000000012,0.0,0.0,-9.140999999999998,0.0,0.0,0.0,0.0,0.0,0.04300000000001347,0.0,0.0
PRO 160,L PRO  10,0.0,0.0,0.0,-0.0030000000000001137,0.0,0.0,0.19200000000000017,0.0,0.0,-0.18800000000000017,0.0,0.0,0.0,0.0,0.0,0.0010000000000012221,0.0,0.0
PHE 161,L PHE  11,0.0,0.0,0.0,-0.006000000000000227,0.0,0.0,0.1910000000000025,0.0,0.0,-0.18299999999999983,0.0,0.0,0.0,0.0,0.0,0.0020000000000024443,0.0,0.0
ARG 162,L ARG  12,0.0,0.0,0.0,-0.0039999999999995595,0.0,0.0,-7.443999999999999,0.0,0.0,7.449,0.0,0.0,0.0,0.0,0.0,0.0009999999999763531,0.0,0.0
ASP 163,L ASP  13,0.0,0.0,0.0,-0.006000000000000227,0.0,0.0,8.769999999999996,0.0,0.0,-8.727000000000004,0.0,0.0,0.0,0.0,0.0,0.03699999999999193,0.0,0.0
TYR 164,L TYR  14,0.0,0.0,0.0,-0.04499999999999815,0.0,0.0,0.4399999999999977,0.0,0.0,-0.409,0.0,0.0,0.0,0.0,0.0,-0.013999999999990465,0.0,0.0
VAL 165,L VAL  15,0.0,0.0,0.0,-0.018000000000000682,0.0,0.0,0.25500000000000256,0.0,0.0,-0.2500000000000002,0.0,0.0,0.0,0.0,0.0,-0.012999999999998124,0.0,0.0
ASP 166,L ASP  16,0.0,0.0,0.0,-0.019000000000000128,0.0,0.0,9.646999999999998,0.0,0.0,-9.547999999999988,0.0,0.0,0.0,0.0,0.0,0.08000000000001961,0.0,0.0
ARG 167,L ARG  17,0.0,0.0,0.0,-0.09299999999999997,0.0,0.0,-10.15,0.0,0.0,10.237,0.0,0.0,0.0,0.0,0.0,-0.006000000000028649,0.0,0.0
PHE 168,L PHE  18,0.0,0.0,0.0,-0.7279999999999998,0.0,0.0,0.12700000000000955,0.0,0.0,0.034,0.0,0.0,-0.016211220000000005,0.0,0.0,-0.583211219999999,0.0,0.0
TYR 169,L TYR  19,0.0,0.0,0.0,-0.11099999999999888,0.0,0.0,0.3509999999999991,0.0,0.0,-0.21399999999999952,0.0,0.0,0.0,0.0,0.0,0.02600000000000957,0.0,0.0
LYS 170,L LYS  20,0.0,0.0,0.0,-0.15700000000000003,0.0,0.0,-10.655000000000001,0.0,0.0,11.009000000000004,0.0,0.0,0.0,0.0,0.0,0.19699999999999207,0.0,0.0
THR 171,L THR  21,0.0,0.0,0.0,-1.995,0.0,0.0,0.39099999999999824,0.0,0.0,0.31400000000000006,0.0,0.0,-0.19417150000000005,0.0,0.0,-1.4841714999999986,0.0,0.0
LEU 172,L LEU  22,0.0,0.0,0.0,-1.0839999999999996,0.0,0.0,0.9340000000000117,0.0,0.0,-0.7930000000000006,0.0,0.0,-0.050313860000000016,0.0,0.0,-0.9933138599999776,0.0,0.0
ARG 173,L ARG  23,0.0,0.0,0.0,-0.4530000000000003,0.0,0.0,-16.122999999999998,0.0,0.0,16.892000000000003,0.0,0.0,0.0,0.0,0.0,0.3159999999999741,0.0,0.0
ALA 174,L ALA  24,0.0,0.0,0.0,-0.9630000000000001,0.0,0.0,0.6850000000000023,0.0,0.0,-0.07900000000000063,0.0,0.0,-0.16064338000000006,0.0,0.0,-0.5176433799999923,0.0,0.0
GLU 175,L GLU  25,0.0,0.0,0.0,-2.447,0.0,0.0,6.682000000000002,0.0,0.0,-3.1010000000000133,0.0,0.0,-0.28010559999999995,0.0,0.0,0.8538944000000015,0.0,0.0
GLN 176,L GLN  26,0.0,0.0,0.0,-2.537,0.0,0.0,6.097000000000001,0.0,0.0,-3.6750000000000007,0.0,0.0,-0.43588182000000003,0.0,0.0,-0.5508818200000007,0.0,0.0
ALA 177,L ALA  27,0.0,0.0,0.0,-0.22199999999999953,0.0,0.0,0.6170000000000044,0.0,0.0,-0.41999999999999993,0.0,0.0,-0.020026899999999986,0.0,0.0,-0.045026899999989656,0.0,0.0
SER 178,L SER  28,0.0,0.0,0.0,-0.08900000000000041,0.0,0.0,-1.2010000000000005,0.0,0.0,1.3360000000000003,0.0,0.0,0.0,0.0,0.0,0.04600000000000115,0.0,0.0
GLN 179,L GLN  29,0.0,0.0,0.0,-0.04200000000000026,0.0,0.0,-0.9410000000000025,0.0,0.0,1.0430000000000001,0.0,0.0,0.0,0.0,0.0,0.05999999999999517,0.0,0.0
GLU 180,L GLU  30,0.0,0.0,0.0,-0.02200000000000024,0.0,0.0,10.003,0.0,0.0,-9.873999999999995,0.0,0.0,0.0,0.0,0.0,0.10700000000001353,0.0,0.0
VAL 181,L VAL  31,0.0,0.0,0.0,-0.11099999999999977,0.0,0.0,-0.7560000000000002,0.0,0.0,0.8300000000000001,0.0,0.0,0.0,0.0,0.0,-0.03699999999999726,0.0,0.0
LYS 182,L LYS  32,0.0,0.0,0.0,-0.06799999999999962,0.0,0.0,-11.659000000000006,0.0,0.0,11.735,0.0,0.0,0.0,0.0,0.0,0.007999999999995566,0.0,0.0
ASN 183,L ASN  33,0.0,0.0,0.0,-0.016000000000000014,0.0,0.0,-0.33900000000001285,0.0,0.0,0.37100000000000044,0.0,0.0,0.0,0.0,0.0,0.016000000000005343,0.0,0.0
TRP 184,L TRP  34,0.0,0.0,0.0,-0.07600000000000051,0.0,0.0,-0.04399999999999693,0.0,0.0,0.1299999999999999,0.0,0.0,0.0,0.0,0.0,0.010000000000008669,0.0,0.0
MET 185,L MET  35,0.0,0.0,0.0,-1.2289999999999992,0.0,0.0,-0.042999999999992156,0.0,0.0,0.31099999999999994,0.0,0.0,-0.10937018000000001,0.0,0.0,-1.0703701799999914,0.0,0.0
THR 186,L THR  36,0.0,0.0,0.0,-0.028999999999999915,0.0,0.0,-0.04700000000000415,0.0,0.0,0.08999999999999986,0.0,0.0,0.0,0.0,0.0,0.013999999999999346,0.0,0.0
GLU 187,L GLU  37,0.0,0.0,0.0,-0.009999999999999787,0.0,0.0,7.6810000000000045,0.0,0.0,-7.641000000000005,0.0,0.0,0.0,0.0,0.0,0.02999999999999403,0.0,0.0
THR 188,L THR  38,0.0,0.0,0.0,-0.027000000000000135,0.0,0.0,-0.059000000000004604,0.0,0.0,0.10399999999999987,0.0,0.0,0.0,0.0,0.0,0.017999999999993577,0.0,0.0
LEU 189,L LEU  39,0.0,0.0,0.0,0.005000000000000782,0.0,0.0,-0.3130000000000024,0.0,0.0,0.28700000000000003,0.0,0.0,-0.037452200000000005,0.0,0.0,-0.05845220000000673,0.0,0.0
LEU 190,L LEU  40,0.0,0.0,0.0,-0.0519999999999996,0.0,0.0,0.012000000000000455,0.0,0.0,-0.0040000000000000036,0.0,0.0,0.0,0.0,0.0,-0.04400000000000759,0.0,0.0
VAL 191,L VAL  41,0.0,0.0,0.0,-0.009000000000000341,0.0,0.0,-0.018000000000000682,0.0,0.0,0.028999999999999998,0.0,0.0,0.0,0.0,0.0,0.0019999999999988916,0.0,0.0
GLN 192,L GLN  42,0.0,0.0,0.0,-0.014000000000000234,0.0,0.0,-0.2710000000000008,0.0,0.0,0.2909999999999999,0.0,0.0,0.0,0.0,0.0,0.005999999999993122,0.0,0.0
ASN 193,L ASN  43,0.0,0.0,0.0,-0.06599999999999984,0.0,0.0,-0.9140000000000015,0.0,0.0,0.9299999999999999,0.0,0.0,0.0,0.0,0.0,-0.04999999999999716,0.0,0.0
ALA 194,L ALA  44,0.0,0.0,0.0,-0.006000000000000227,0.0,0.0,0.1039999999999992,0.0,0.0,-0.095,0.0,0.0,0.0,0.0,0.0,0.002999999999998948,0.0,0.0
ASN 195,L ASN  45,0.0,0.0,0.0,-0.0030000000000001137,0.0,0.0,-0.10800000000000409,0.0,0.0,0.11299999999999955,0.0,0.0,0.0,0.0,0.0,0.001999999999995339,0.0,0.0
PRO 196,L PRO  46,0.0,0.0,0.0,-0.0009999999999998899,0.0,0.0,0.012999999999991019,0.0,0.0,-0.01399999999999979,0.0,0.0,0.0,0.0,0.0,-0.0019999999999988916,0.0,0.0
ASP 197,L ASP  47,0.0,0.0,0.0,0.0,0.0,0.0,6.329999999999998,0.0,0.0,-6.323999999999998,0.0,0.0,0.0,0.0,0.0,0.006000000000000227,0.0,0.0
CYX 198,L CYX  48,0.0,0.0,0.0,-0.0010000000000012221,0.0,0.0,-0.07399999999999807,0.0,0.0,0.07600000000000007,0.0,0.0,0.0,0.0,0.0,0.0009999999999976694,0.0,0.0
LYS 199,L LYS  49,0.0,0.0,0.0,-0.0030000000000001137,0.0,0.0,-7.403999999999996,0.0,0.0,7.414999999999999,0.0,0.0,0.0,0.0,0.0,0.00799999999998846,0.0,0.0
THR 200,L THR  50,0.0,0.0,0.0,0.0,0.0,0.0,-0.08100000000000307,0.0,0.0,0.08300000000000018,0.0,0.0,0.0,0.0,0.0,0.001999999999995339,0.0,0.0
ILE 201,L ILE  51,0.0,0.0,0.0,0.0,0.0,0.0,-0.06199999999999761,0.0,0.0,0.06299999999999994,0.0,0.0,0.0,0.0,0.0,0.0010000000000029985,0.0,0.0
LEU 202,L LEU  52,0.0,0.0,0.0,-0.0030000000000001137,0.0,0.0,-0.07399999999999807,0.0,0.0,0.07699999999999996,0.0,0.0,0.0,0.0,0.0,1.7763568394002505e-15,0.0,0.0
LYS 203,L LYS  53,0.0,0.0,0.0,-0.0019999999999997797,0.0,0.0,-6.98299999999999,0.0,0.0,6.987000000000002,0.0,0.0,0.0,0.0,0.0,0.002000000000016655,0.0,0.0
ALA 204,L ALA  54,0.0,0.0,0.0,0.0,0.0,0.0,-0.04800000000000182,0.0,0.0,0.04900000000000038,0.0,0.0,0.0,0.0,0.0,0.0009999999999985576,0.0,0.0
LEU 205,L LEU  55,0.0,0.0,0.0,-0.0009999999999994458,0.0,0.0,-0.09300000000000352,0.0,0.0,0.0940000000000003,0.0,0.0,0.0,0.0,0.0,-8.881784197001252e-15,0.0,0.0
GLY 206,L GLY  56,0.0,0.0,0.0,-0.0009999999999998899,0.0,0.0,0.05099999999998772,0.0,0.0,-0.04899999999999949,0.0,0.0,0.0,0.0,0.0,0.0009999999999834586,0.0,0.0
PRO 207,L PRO  57,0.0,0.0,0.0,-0.0009999999999998899,0.0,0.0,-0.10499999999999687,0.0,0.0,0.10599999999999987,0.0,0.0,0.0,0.0,0.0,0.0,0.0,0.0
GLY 208,L GLY  58,0.0,0.0,0.0,-0.001000000000000112,0.0,0.0,-0.10000000000000142,0.0,0.0,0.10099999999999909,0.0,0.0,0.0,0.0,0.0,0.0,0.0,0.0
ALA 209,L ALA  59,0.0,0.0,0.0,-0.001000000000000334,0.0,0.0,0.11899999999999977,0.0,0.0,-0.1160000000000001,0.0,0.0,0.0,0.0,0.0,0.0020000000000095497,0.0,0.0
THR 210,L THR  60,0.0,0.0,0.0,-0.0009999999999994458,0.0,0.0,-0.08599999999999852,0.0,0.0,0.08900000000000041,0.0,0.0,0.0,0.0,0.0,0.002000000000005997,0.0,0.0
LEU 211,L LEU  61,0.0,0.0,0.0,-0.006999999999999673,0.0,0.0,-0.10600000000000875,0.0,0.0,0.10899999999999999,0.0,0.0,0.0,0.0,0.0,-0.004000000000006665,0.0,0.0
GLU 212,L GLU  62,0.0,0.0,0.0,-0.0019999999999997797,0.0,0.0,7.202999999999996,0.0,0.0,-7.194000000000003,0.0,0.0,0.0,0.0,0.0,0.006999999999983686,0.0,0.0
GLU 213,L GLU  63,0.0,0.0,0.0,-0.0010000000000012221,0.0,0.0,6.3770000000000024,0.0,0.0,-6.370999999999995,0.0,0.0,0.0,0.0,0.0,0.005000000000002558,0.0,0.0
MET 214,L MET  64,0.0,0.0,0.0,-0.0030000000000001137,0.0,0.0,-0.015000000000000568,0.0,0.0,0.019000000000000128,0.0,0.0,0.0,0.0,0.0,0.0009999999999994458,0.0,0.0
MET 215,L MET  65,0.0,0.0,0.0,-0.0030000000000001137,0.0,0.0,0.015000000000000568,0.0,0.0,-0.01200000000000001,0.0,0.0,0.0,0.0,0.0,8.881784197001252e-16,0.0,0.0
THR 216,L THR  66,0.0,0.0,0.0,0.0,0.0,0.0,-0.07000000000000028,0.0,0.0,0.07099999999999973,0.0,0.0,0.0,0.0,0.0,0.0009999999999976694,0.0,0.0
ALA 217,L ALA  67,0.0,0.0,0.0,0.0,0.0,0.0,-0.0799999999999983,0.0,0.0,0.08099999999999996,0.0,0.0,0.0,0.0,0.0,0.0010000000000012221,0.0,0.0
CYX 218,L CYX  68,0.0,0.0,0.0,-0.001000000000000334,0.0,0.0,-0.0309999999999917,0.0,0.0,0.03200000000000003,0.0,0.0,0.0,0.0,0.0,3.552713678800501e-15,0.0,0.0
GLN 219,L GLN  69,0.0,0.0,0.0,-0.0009999999999994458,0.0,0.0,0.26600000000000534,0.0,0.0,-0.2629999999999999,0.0,0.0,0.0,0.0,0.0,0.0020000000000024443,0.0,0.0
GLY 220,L GLY  70,0.0,0.0,0.0,-0.001000000000000334,0.0,0.0,-0.07500000000000284,0.0,0.0,0.07600000000000051,0.0,0.0,0.0,0.0,0.0,-7.105427357601002e-15,0.0,0.0
VAL 221,L VAL  71,0.0,0.0,0.0,-0.001000000000000334,0.0,0.0,6.839000000000006,0.0,0.0,-6.836000000000013,0.0,0.0,0.0,0.0,0.0,0.001999999999981128,0.0,0.0

idecomp = 1: Per-residue decomp adding 1-4 interactions to Internal.
Energy Decomposition Analysis (All units kcal/mol): Poisson Boltzmann solvent
Complex:
Total Energy Decomposition:
Residue,Internal,,,van der Waals,,,Electrostatic,,,Polar Solvation,,,Non-Polar Solv.,,,TOTAL,,
,Avg.,Std. Dev.,Std. Err. of Mean,Avg.,Std. Dev.,Std. Err. of Mean,Avg.,Std. Dev.,Std. Err. of Mean,Avg.,Std. Dev.,Std. Err. of Mean,Avg.,Std. Dev.,Std. Err. of Mean,Avg.,Std. Dev.,Std. Err. of Mean
PRO   1,99.935,0.0,0.0,-7.528,0.0,0.0,-107.59,0.0,0.0,12.096,0.0,0.0,0.0,0.0,0.0,-3.087000000000007,0.0,0.0
ILE   2,89.794,0.0,0.0,-10.764,0.0,0.0,-65.905,0.0,0.0,-3.689,0.0,0.0,0.0,0.0,0.0,9.436,0.0,0.0
VAL   3,52.695,0.0,0.0,-4.598,0.0,0.0,-56.911,0.0,0.0,-1.321,0.0,0.0,0.0,0.0,0.0,-10.135,0.0,0.0
GLN   4,24.516,0.0,0.0,-4.95,0.0,0.0,-61.889,0.0,0.0,-10.336,0.0,0.0,0.0,0.0,0.0,-52.659000000000006,0.0,0.0
ASN   5,34.773,0.0,0.0,-6.899,0.0,0.0,-81.493,0.0,0.0,-9.312,0.0,0.0,0.0,0.0,0.0,-62.93099999999999,0.0,0.0
LEU   6,69.386,0.0,0.0,-3.096,0.0,0.0,-64.586,0.0,0.0,-6.682,0.0,0.0,0.0,0.0,0.0,-4.978000000000007,0.0,0.0
GLN   7,35.976,0.0,0.0,-4.987,0.0,0.0,-72.075,0.0,0.0,-10.662,0.0,0.0,0.0,0.0,0.0,-51.748000000000005,0.0,0.0
GLY   8,79.078,0.0,0.0,-1.848,0.0,0.0,-77.402,0.0,0.0,-2.619,0.0,0.0,0.0,0.0,0.0,-2.7909999999999973,0.0,0.0
GLN   9,40.029,0.0,0.0,-7.418,0.0,0.0,-77.125,0.0,0.0,-9.052,0.0,0.0,0.0,0.0,0.0,-53.565999999999995,0.0,0.0
MET  10,100.641,0.0,0.0,-9.21,0.0,0.0,-80.358,0.0,0.0,-4.153,0.0,0.0,0.0,0.0,0.0,6.920000000000008,0.0,0.0
VAL  11,58.445,0.0,0.0,-6.326,0.0,0.0,-59.39,0.0,0.0,-1.8,0.0,0.0,0.0,0.0,0.0,-9.071000000000002,0.0,0.0
HID  12,94.869,0.0,0.0,-9.768,0.0,0.0,-59.655,0.0,0.0,-8.319,0.0,0.0,0.0,0.0,0.0,17.126999999999995,0.0,0.0
GLN  13,40.888,0.0,0.0,-6.559,0.0,0.0,-73.299,0.0,0.0,-10.467,0.0,0.0,0.0,0.0,0.0,-49.437000000000005,0.0,0.0
ALA  14,94.124,0.0,0.0,-3.726,0.0,0.0,-78.417,0.0,0.0,-3.098,0.0,0.0,0.0,0.0,0.0,8.882999999999996,0.0,0.0
ILE  15,97.557,0.0,0.0,-6.778,0.0,0.0,-74.6,0.0,0.0,-3.79,0.0,0.0,0.0,0.0,0.0,12.389000000000003,0.0,0.0
SER  16,70.998,0.0,0.0,-2.619,0.0,0.0,-51.464,0.0,0.0,-8.334,0.0,0.0,0.0,0.0,0.0,8.581000000000007,0.0,0.0
PRO  17,89.045,0.0,0.0,-3.46,0.0,0.0,-57.567,0.0,0.0,-4.069,0.0,0.0,0.0,0.0,0.0,23.94900000000001,0.0,0.0
ARG  18,-182.024,0.0,0.0,-5.839,0.0,0.0,62.22,0.0,0.0,-35.416,0.0,0.0,0.0,0.0,0.0,-161.059,0.0,0.0
THR  19,39.207,0.0,0.0,-8.938,0.0,0.0,-46.985,0.0,0.0,-7.237,0.0,0.0,0.0,0.0,0.0,-23.953000000000003,0.0,0.0
LEU  20,53.383,0.0,0.0,-10.372,0.0,0.0,-56.659,0.0,0.0,-2.238,0.0,0.0,0.0,0.0,0.0,-15.885999999999996,0.0,0.0
ASN  21,33.572,0.0,0.0,-6.52,0.0,0.0,-82.393,0.0,0.0,-13.074,0.0,0.0,0.0,0.0,0.0,-68.41499999999999,0.0,0.0
ALA  22,94.8,0.0,0.0,-5.785,0.0,0.0,-81.08,0.0,0.0,-2.469,0.0,0.0,0.0,0.0,0.0,5.466000000000003,0.0,0.0
TRP  23,132.71,0.0,0.0,-18.638,0.0,0.0,-95.08,0.0,0.0,-1.385,0.0,0.0,0.0,0.0,0.0,17.607000000000003,0.0,0.0
VAL  24,62.482,0.0,0.0,-5.575,0.0,0.0,-58.515,0.0,0.0,-2.459,0.0,0.0,0.0,0.0,0.0,-4.067000000000004,0.0,0.0
LYS  25,133.661,0.0,0.0,-8.853,0.0,0.0,-169.651,0.0,0.0,30.512,0.0,0.0,0.0,0.0,0.0,-14.331000000000003,0.0,0.0
VAL  26,60.726,0.0,0.0,-10.258,0.0,0.0,-65.225,0.0,0.0,-1.72,0.0,0.0,0.0,0.0,0.0,-16.47699999999999,0.0,0.0
VAL  27,48.143,0.0,0.0,-8.81,0.0,0.0,-46.932,0.0,0.0,-2.969,0.0,0.0,0.0,0.0,0.0,-10.568000000000003,0.0,0.0
GLU  28,96.328,0.0,0.0,-8.001,0.0,0.0,-60.185,0.0,0.0,-83.084,0.0,0.0,0.0,0.0,0.0,-54.94200000000001,0.0,0.0
GLU  29,117.157,0.0,0.0,-5.721,0.0,0.0,-63.383,0.0,0.0,-95.553,0.0,0.0,0.0,0.0,0.0,-47.50000000000001,0.0,0.0
LYS  30,124.732,0.0,0.0,-6.838,0.0,0.0,-134.753,0.0,0.0,15.225,0.0,0.0,0.0,0.0,0.0,-1.6339999999999808,0.0,0.0
ALA  31,85.097,0.0,0.0,-3.577,0.0,0.0,-76.808,0.0,0.0,-1.974,0.0,0.0,0.0,0.0,0.0,2.737999999999989,0.0,0.0
PHE  32,105.401,0.0,0.0,-9.518,0.0,0.0,-78.093,0.0,0.0,-3.285,0.0,0.0,0.0,0.0,0.0,14.504999999999992,0.0,0.0
SER  33,79.879,0.0,0.0,-5.24,0.0,0.0,-59.757,0.0,0.0,-3.204,0.0,0.0,0.0,0.0,0.0,11.678000000000011,0.0,0.0
PRO  34,73.948,0.0,0.0,-5.051,0.0,0.0,-54.636,0.0,0.0,-2.744,0.0,0.0,0.0,0.0,0.0,11.516999999999989,0.0,0.0
GLU  35,105.856,0.0,0.0,-5.976,0.0,0.0,-95.582,0.0,0.0,-60.14,0.0,0.0,0.0,0.0,0.0,-55.842,0.0,0.0
VAL  36,50.004,0.0,0.0,-9.424,0.0,0.0,-57.469,0.0,0.0,0.147,0.0,0.0,0.0,0.0,0.0,-16.742000000000004,0.0,0.0
ILE  37,84.299,0.0,0.0,-9.298,0.0,0.0,-58.084,0.0,0.0,-1.021,0.0,0.0,0.0,0.0,0.0,15.896,0.0,0.0
PRO  38,86.916,0.0,0.0,-5.581,0.0,0.0,-59.901,0.0,0.0,-1.871,0.0,0.0,0.0,0.0,0.0,19.56299999999999,0.0,0.0
MET  39,89.922,0.0,0.0,-7.531,0.0,0.0,-74.081,0.0,0.0,-2.238,0.0,0.0,0.0,0.0,0.0,6.0719999999999885,0.0,0.0
PHE  40,101.572,0.0,0.0,-14.381,0.0,0.0,-84.81,0.0,0.0,-1.006,0.0,0.0,0.0,0.0,0.0,1.3750000000000002,0.0,0.0
SER  41,59.554,0.0,0.0,-7.106,0.0,0.0,-44.112,0.0,0.0,-9.514,0.0,0.0,0.0,0.0,0.0,-1.1780000000000008,0.0,0.0
ALA  42,85.333,0.0,0.0,-5.047,0.0,0.0,-68.302,0.0,0.0,-4.142,0.0,0.0,0.0,0.0,0.0,7.841999999999994,0.0,0.0
LEU  43,73.754,0.0,0.0,-8.39,0.0,0.0,-79.008,0.0,0.0,-1.722,0.0,0.0,0.0,0.0,0.0,-15.36599999999999,0.0,0.0
SER  44,73.644,0.0,0.0,-7.235,0.0,0.0,-74.611,0.0,0.0,-1.187,0.0,0.0,0.0,0.0,0.0,-9.388999999999998,0.0,0.0
GLU  45,102.91,0.0,0.0,-4.783,0.0,0.0,-57.693,0.0,0.0,-94.832,0.0,0.0,0.0,0.0,0.0,-54.397999999999996,0.0,0.0
GLY  46,66.86,0.0,0.0,-2.579,0.0,0.0,-65.672,0.0,0.0,-1.736,0.0,0.0,0.0,0.0,0.0,-3.126999999999991,0.0,0.0
ALA  47,100.059,0.0,0.0,-5.862,0.0,0.0,-85.053,0.0,0.0,-2.646,0.0,0.0,0.0,0.0,0.0,6.4980000000000055,0.0,0.0
THR  48,60.739,0.0,0.0,-5.804,0.0,0.0,-63.905,0.0,0.0,-0.549,0.0,0.0,0.0,0.0,0.0,-9.519000000000005,0.0,0.0
PRO  49,74.306,0.0,0.0,-11.023,0.0,0.0,-54.039,0.0,0.0,0.265,0.0,0.0,0.0,0.0,0.0,9.509,0.0,0.0
GLN  50,28.537,0.0,0.0,-10.694,0.0,0.0,-74.584,0.0,0.0,-5.294,0.0,0.0,0.0,0.0,0.0,-62.035000000000004,0.0,0.0
ASP  51,95.831,0.0,0.0,-6.926,0.0,0.0,-115.353,0.0,0.0,-27.844,0.0,0.0,0.0,0.0,0.0,-54.291999999999994,0.0,0.0
LEU  52,65.538,0.0,0.0,-12.827,0.0,0.0,-71.781,0.0,0.0,0.815,0.0,0.0,0.0,0.0,0.0,-18.255000000000006,0.0,0.0
ASN  53,38.753,0.0,0.0,-6.42,0.0,0.0,-98.417,0.0,0.0,-3.949,0.0,0.0,0.0,0.0,0.0,-70.033,0.0,0.0
THR  54,53.078,0.0,0.0,-5.795,0.0,0.0,-62.827,0.0,0.0,-0.921,0.0,0.0,0.0,0.0,0.0,-16.464999999999996,0.0,0.0
MET  55,81.366,0.0,0.0,-13.665,0.0,0.0,-66.001,0.0,0.0,-0.157,0.0,0.0,0.0,0.0,0.0,1.5429999999999886,0.0,0.0
LEU  56,63.321,0.0,0.0,-10.308,0.0,0.0,-66.471,0.0,0.0,-0.053,0.0,0.0,0.0,0.0,0.0,-13.511000000000006,0.0,0.0
ASN  57,35.209,0.0,0.0,-6.324,0.0,0.0,-87.327,0.0,0.0,-10.386,0.0,0.0,0.0,0.0,0.0,-68.82799999999999,0.0,0.0
THR  58,60.968,0.0,0.0,-7.215,0.0,0.0,-63.743,0.0,0.0,-2.506,0.0,0.0,0.0,0.0,0.0,-12.496000000000002,0.0,0.0
VAL  59,50.845,0.0,0.0,-9.589,0.0,0.0,-45.995,0.0,0.0,0.653,0.0,0.0,0.0,0.0,0.0,-4.085999999999997,0.0,0.0
ALA  60,88.382,0.0,0.0,-3.594,0.0,0.0,-66.797,0.0,0.0,-0.885,0.0,0.0,0.0,0.0,0.0,17.106000000000012,0.0,0.0
PRO  61,81.121,0.0,0.0,-3.301,0.0,0.0,-59.25,0.0,0.0,-2.474,0.0,0.0,0.0,0.0,0.0,16.095999999999993,0.0,0.0
HID  62,103.903,0.0,0.0,-9.648,0.0,0.0,-71.429,0.0,0.0,-5.834,0.0,0.0,0.0,0.0,0.0,16.992000000000008,0.0,0.0
GLN  63,25.906,0.0,0.0,-4.761,0.0,0.0,-65.326,0.0,0.0,-9.874,0.0,0.0,0.0,0.0,0.0,-54.055,0.0,0.0
ALA  64,86.352,0.0,0.0,-4.737,0.0,0.0,-71.621,0.0,0.0,-2.809,0.0,0.0,0.0,0.0,0.0,7.185000000000014,0.0,0.0
ALA  65,85.488,0.0,0.0,-6.4,0.0,0.0,-75.283,0.0,0.0,-1.237,0.0,0.0,0.0,0.0,0.0,2.5679999999999925,0.0,0.0
ALA  66,92.048,0.0,0.0,-6.574,0.0,0.0,-81.325,0.0,0.0,-1.901,0.0,0.0,0.0,0.0,0.0,2.248000000000001,0.0,0.0
GLN  67,39.879,0.0,0.0,-8.216,0.0,0.0,-77.564,0.0,0.0,-11.079,0.0,0.0,0.0,0.0,0.0,-56.98,0.0,0.0
MET  68,96.359,0.0,0.0,-11.051,0.0,0.0,-72.343,0.0,0.0,-2.099,0.0,0.0,0.0,0.0,0.0,10.865999999999989,0.0,0.0
LEU  69,84.669,0.0,0.0,-11.823,0.0,0.0,-73.793,0.0,0.0,-2.291,0.0,0.0,0.0,0.0,0.0,-3.2380000000000027,0.0,0.0
LYS  70,130.975,0.0,0.0,-9.951,0.0,0.0,-131.756,0.0,0.0,7.11,0.0,0.0,0.0,0.0,0.0,-3.621999999999999,0.0,0.0
GLU  71,107.22,0.0,0.0,-7.954,0.0,0.0,-82.388,0.0,0.0,-82.669,0.0,0.0,0.0,0.0,0.0,-65.791,0.0,0.0
THR  72,46.317,0.0,0.0,-9.568,0.0,0.0,-52.222,0.0,0.0,-4.106,0.0,0.0,0.0,0.0,0.0,-19.579,0.0,0.0
ILE  73,77.754,0.0,0.0,-10.07,0.0,0.0,-51.356,0.0,0.0,-2.3,0.0,0.0,0.0,0.0,0.0,14.027999999999995,0.0,0.0
ASN  74,19.73,0.0,0.0,-8.483,0.0,0.0,-73.734,0.0,0.0,-8.878,0.0,0.0,0.0,0.0,0.0,-71.365,0.0,0.0
GLU  75,109.259,0.0,0.0,-7.35,0.0,0.0,-48.953,0.0,0.0,-119.179,0.0,0.0,0.0,0.0,0.0,-66.223,0.0,0.0
GLU  76,101.725,0.0,0.0,-10.615,0.0,0.0,-29.54,0.0,0.0,-119.709,0.0,0.0,0.0,0.0,0.0,-58.139,0.0,0.0
ALA  77,82.46,0.0,0.0,-6.804,0.0,0.0,-73.766,0.0,0.0,-0.16,0.0,0.0,0.0,0.0,0.0,1.7299999999999864,0.0,0.0
ALA  78,95.593,0.0,0.0,-5.505,0.0,0.0,-85.939,0.0,0.0,1.193,0.0,0.0,0.0,0.0,0.0,5.342000000000015,0.0,0.0
GLU  79,109.845,0.0,0.0,-7.872,0.0,0.0,-47.759,0.0,0.0,-114.888,0.0,0.0,0.0,0.0,0.0,-60.67400000000001,0.0,0.0
TRP  80,117.75,0.0,0.0,-15.821,0.0,0.0,-89.918,0.0,0.0,-0.886,0.0,0.0,0.0,0.0,0.0,11.124999999999996,0.0,0.0
ASP  81,121.408,0.0,0.0,-6.705,0.0,0.0,-86.128,0.0,0.0,-88.997,0.0,0.0,0.0,0.0,0.0,-60.422,0.0,0.0
ARG  82,-190.459,0.0,0.0,-6.983,0.0,0.0,11.57,0.0,0.0,25.328,0.0,0.0,0.0,0.0,0.0,-160.544,0.0,0.0
LEU  83,64.463,0.0,0.0,-7.085,0.0,0.0,-69.239,0.0,0.0,-2.498,0.0,0.0,0.0,0.0,0.0,-14.359000000000012,0.0,0.0
HID  84,113.288,0.0,0.0,-8.208,0.0,0.0,-76.349,0.0,0.0,-4.647,0.0,0.0,0.0,0.0,0.0,24.083999999999996,0.0,0.0
PRO  85,91.144,0.0,0.0,-4.183,0.0,0.0,-65.299,0.0,0.0,-4.31,0.0,0.0,0.0,0.0,0.0,17.352000000000007,0.0,0.0
VAL  86,48.925,0.0,0.0,-3.678,0.0,0.0,-50.527,0.0,0.0,-4.158,0.0,0.0,0.0,0.0,0.0,-9.438000000000002,0.0,0.0
HID  87,92.546,0.0,0.0,-4.538,0.0,0.0,-60.2,0.0,0.0,-11.875,0.0,0.0,0.0,0.0,0.0,15.933000000000007,0.0,0.0
ALA  88,91.476,0.0,0.0,-2.095,0.0,0.0,-72.544,0.0,0.0,-8.097,0.0,0.0,0.0,0.0,0.0,8.740000000000004,0.0,0.0
GLY  89,91.657,0.0,0.0,-1.514,0.0,0.0,-72.692,0.0,0.0,-8.104,0.0,0.0,0.0,0.0,0.0,9.347000000000008,0.0,0.0
PRO  90,89.818,0.0,0.0,-2.62,0.0,0.0,-59.307,0.0,0.0,-6.191,0.0,0.0,0.0,0.0,0.0,21.699999999999992,0.0,0.0
ILE  91,78.362,0.0,0.0,-4.96,0.0,0.0,-56.536,0.0,0.0,-4.455,0.0,0.0,0.0,0.0,0.0,12.411,0.0,0.0
ALA  92,93.899,0.0,0.0,-2.548,0.0,0.0,-66.801,0.0,0.0,-5.194,0.0,0.0,0.0,0.0,0.0,19.355999999999998,0.0,0.0
PRO  93,84.247,0.0,0.0,-1.923,0.0,0.0,-56.014,0.0,0.0,-6.728,0.0,0.0,0.0,0.0,0.0,19.581999999999994,0.0,0.0
GLY  94,69.331,0.0,0.0,-2.331,0.0,0.0,-66.396,0.0,0.0,-4.496,0.0,0.0,0.0,0.0,0.0,-3.8920000000000012,0.0,0.0
GLN  95,35.304,0.0,0.0,-7.065,0.0,0.0,-74.263,0.0,0.0,-10.878,0.0,0.0,0.0,0.0,0.0,-56.902,0.0,0.0
MET  96,106.228,0.0,0.0,-9.002,0.0,0.0,-76.24,0.0,0.0,-6.905,0.0,0.0,0.0,0.0,0.0,14.081000000000003,0.0,0.0
ARG  97,-185.095,0.0,0.0,-8.866,0.0,0.0,-15.702,0.0,0.0,32.451,0.0,0.0,0.0,0.0,0.0,-177.21200000000002,0.0,0.0
GLU  98,116.737,0.0,0.0,-7.214,0.0,0.0,-51.945,0.0,0.0,-106.212,0.0,0.0,0.0,0.0,0.0,-48.63400000000001,0.0,0.0
PRO  99,89.127,0.0,0.0,-9.773,0.0,0.0,-61.942,0.0,0.0,-1.509,0.0,0.0,0.0,0.0,0.0,15.902999999999999,0.0,0.0
ARG 100,-193.198,0.0,0.0,-9.61,0.0,0.0,-5.053,0.0,0.0,33.754,0.0,0.0,0.0,0.0,0.0,-174.107,0.0,0.0
GLY 101,79.683,0.0,0.0,-4.41,0.0,0.0,-78.848,0.0,0.0,-2.893,0.0,0.0,0.0,0.0,0.0,-6.467999999999988,0.0,0.0
SER 102,67.0,0.0,0.0,-7.002,0.0,0.0,-63.953,0.0,0.0,-1.858,0.0,0.0,0.0,0.0,0.0,-5.813000000000006,0.0,0.0
ASP 103,93.866,0.0,0.0,-10.447,0.0,0.0,-100.241,0.0,0.0,-42.772,0.0,0.0,0.0,0.0,0.0,-59.594,0.0,0.0
ILE 104,79.981,0.0,0.0,-12.575,0.0,0.0,-60.514,0.0,0.0,0.537,0.0,0.0,0.0,0.0,0.0,7.428999999999989,0.0,0.0
ALA 105,87.105,0.0,0.0,-6.785,0.0,0.0,-78.389,0.0,0.0,-0.427,0.0,0.0,0.0,0.0,0.0,1.5040000000000115,0.0,0.0
GLY 106,88.21,0.0,0.0,-6.25,0.0,0.0,-85.973,0.0,0.0,-2.498,0.0,0.0,0.0,0.0,0.0,-6.5110000000000054,0.0,0.0
THR 107,46.377,0.0,0.0,-4.614,0.0,0.0,-52.071,0.0,0.0,-8.737,0.0,0.0,0.0,0.0,0.0,-19.044999999999995,0.0,0.0
THR 108,39.384,0.0,0.0,-5.297,0.0,0.0,-56.929,0.0,0.0,-2.669,0.0,0.0,0.0,0.0,0.0,-25.511,0.0,0.0
SER 109,84.7,0.0,0.0,-9.135,0.0,0.0,-73.666,0.0,0.0,-2.495,0.0,0.0,0.0,0.0,0.0,-0.5959999999999992,0.0,0.0
THR 110,39.631,0.0,0.0,-7.031,0.0,0.0,-48.608,0.0,0.0,-3.679,0.0,0.0,0.0,0.0,0.0,-19.686999999999994,0.0,0.0
LEU 111,57.019,0.0,0.0,-9.549,0.0,0.0,-55.664,0.0,0.0,-4.018,0.0,0.0,0.0,0.0,0.0,-12.212000000000003,0.0,0.0
GLN 112,32.32,0.0,0.0,-7.944,0.0,0.0,-74.835,0.0,0.0,-8.389,0.0,0.0,0.0,0.0,0.0,-58.847999999999985,0.0,0.0
GLU 113,105.354,0.0,0.0,-8.706,0.0,0.0,-101.085,0.0,0.0,-52.156,0.0,0.0,0.0,0.0,0.0,-56.592999999999996,0.0,0.0
GLN 114,38.193,0.0,0.0,-13.169,0.0,0.0,-83.74,0.0,0.0,0.304,0.0,0.0,0.0,0.0,0.0,-58.41199999999999,0.0,0.0
ILE 115,88.617,0.0,0.0,-7.585,0.0,0.0,-68.616,0.0,0.0,-1.482,0.0,0.0,0.0,0.0,0.0,10.934000000000012,0.0,0.0
GLY 116,76.927,0.0,0.0,-5.38,0.0,0.0,-74.009,0.0,0.0,-1.909,0.0,0.0,0.0,0.0,0.0,-4.370999999999989,0.0,0.0
TRP 117,120.225,0.0,0.0,-18.773,0.0,0.0,-92.761,0.0,0.0,-0.409,0.0,0.0,0.0,0.0,0.0,8.282000000000002,0.0,0.0
MET 118,99.674,0.0,0.0,-9.34,0.0,0.0,-80.663,0.0,0.0,-4.403,0.0,0.0,0.0,0.0,0.0,5.268000000000007,0.0,0.0
THR 119,36.614,0.0,0.0,-5.215,0.0,0.0,-44.109,0.0,0.0,-4.581,0.0,0.0,0.0,0.0,0.0,-17.291000000000004,0.0,0.0
HID 120,92.426,0.0,0.0,-9.618,0.0,0.0,-56.903,0.0,0.0,-9.479,0.0,0.0,0.0,0.0,0.0,16.42600000000001,0.0,0.0
ASN 121,45.013,0.0,0.0,-3.78,0.0,0.0,-86.797,0.0,0.0,-11.786,0.0,0.0,0.0,0.0,0.0,-57.35,0.0,0.0
PRO 122,93.943,0.0,0.0,-4.784,0.0,0.0,-55.587,0.0,0.0,-3.597,0.0,0.0,0.0,0.0,0.0,29.974999999999987,0.0,0.0
PRO 123,82.521,0.0,0.0,-6.064,0.0,0.0,-57.587,0.0,0.0,-3.854,0.0,0.0,0.0,0.0,0.0,15.015999999999991,0.0,0.0
ILE 124,93.601,0.0,0.0,-7.591,0.0,0.0,-64.583,0.0,0.0,-0.271,0.0,0.0,0.0,0.0,0.0,21.156000000000006,0.0,0.0
PRO 125,88.55,0.0,0.0,-5.068,0.0,0.0,-66.916,0.0,0.0,-0.806,0.0,0.0,0.0,0.0,0.0,15.760000000000002,0.0,0.0
VAL 126,50.949,0.0,0.0,-10.471,0.0,0.0,-55.377,0.0,0.0,0.003,0.0,0.0,0.0,0.0,0.0,-14.896000000000008,0.0,0.0
GLY 127,71.26,0.0,0.0,-5.036,0.0,0.0,-71.084,0.0,0.0,-0.278,0.0,0.0,0.0,0.0,0.0,-5.138,0.0,0.0
GLU 128,101.296,0.0,0.0,-5.522,0.0,0.0,-86.321,0.0,0.0,-71.781,0.0,0.0,0.0,0.0,0.0,-62.328,0.0,0.0
ILE 129,81.144,0.0,0.0,-10.386,0.0,0.0,-65.404,0.0,0.0,0.246,0.0,0.0,0.0,0.0,0.0,5.600000000000014,0.0,0.0
TYR 130,90.965,0.0,0.0,-11.421,0.0,0.0,-91.705,0.0,0.0,-0.01,0.0,0.0,0.0,0.0,0.0,-12.170999999999987,0.0,0.0
LYS 131,147.022,0.0,0.0,-10.186,0.0,0.0,-186.854,0.0,0.0,49.169,0.0,0.0,0.0,0.0,0.0,-0.8490000000000322,0.0,0.0
ARG 132,-189.037,0.0,0.0,-9.03,0.0,0.0,20.992,0.0,0.0,5.155,0.0,0.0,0.0,0.0,0.0,-171.92000000000002,0.0,0.0
TRP 133,132.409,0.0,0.0,-19.081,0.0,0.0,-98.532,0.0,0.0,-0.86,0.0,0.0,0.0,0.0,0.0,13.935999999999993,0.0,0.0
ILE 134,86.99,0.0,0.0,-10.261,0.0,0.0,-72.558,0.0,0.0,0.432,0.0,0.0,0.0,0.0,0.0,4.602999999999993,0.0,0.0
ILE 135,77.115,0.0,0.0,-9.688,0.0,0.0,-62.2,0.0,0.0,0.305,0.0,0.0,0.0,0.0,0.0,5.531999999999989,0.0,0.0
LEU 136,71.908,0.0,0.0,-9.21,0.0,0.0,-78.303,0.0,0.0,1.665,0.0,0.0,0.0,0.0,0.0,-13.939999999999998,0.0,0.0
GLY 137,79.403,0.0,0.0,-6.244,0.0,0.0,-79.422,0.0,0.0,0.965,0.0,0.0,0.0,0.0,0.0,-5.297999999999991,0.0,0.0
LEU 138,64.445,0.0,0.0,-11.086,0.0,0.0,-68.08,0.0,0.0,-0.122,0.0,0.0,0.0,0.0,0.0,-14.843000000000004,0.0,0.0
ASN 139,31.952,0.0,0.0,-8.634,0.0,0.0,-87.368,0.0,0.0,-6.61,0.0,0.0,0.0,0.0,0.0,-70.66,0.0,0.0
LYS 140,135.857,0.0,0.0,-9.05,0.0,0.0,-128.569,0.0,0.0,1.009,0.0,0.0,0.0,0.0,0.0,-0.7529999999999863,0.0,0.0
ILE 141,88.058,0.0,0.0,-10.07,0.0,0.0,-73.918,0.0,0.0,-2.905,0.0,0.0,0.0,0.0,0.0,1.1649999999999934,0.0,0.0
VAL 142,65.283,0.0,0.0,-7.827,0.0,0.0,-55.645,0.0,0.0,-3.387,0.0,0.0,0.0,0.0,0.0,-1.576,0.0,0.0
ARG 143,-190.947,0.0,0.0,-5.045,0.0,0.0,58.398,0.0,0.0,-16.829,0.0,0.0,0.0,0.0,0.0,-154.423,0.0,0.0
MET 144,93.062,0.0,0.0,-4.408,0.0,0.0,-77.036,0.0,0.0,-4.581,0.0,0.0,0.0,0.0,0.0,7.036999999999995,0.0,0.0
TYR 145,97.262,0.0,0.0,-8.535,0.0,0.0,-79.399,0.0,0.0,-9.685,0.0,0.0,0.0,0.0,0.0,-0.35699999999999754,0.0,0.0
SER 146,84.547,0.0,0.0,-3.429,0.0,0.0,-55.558,0.0,0.0,-10.401,0.0,0.0,0.0,0.0,0.0,15.158999999999995,0.0,0.0
PRO 147,87.531,0.0,0.0,-3.359,0.0,0.0,-64.112,0.0,0.0,-3.122,0.0,0.0,0.0,0.0,0.0,16.938000000000017,0.0,0.0
THR 148,29.521,0.0,0.0,-4.71,0.0,0.0,-37.312,0.0,0.0,-10.623,0.0,0.0,0.0,0.0,0.0,-23.123999999999995,0.0,0.0
SER 149,61.159,0.0,0.0,-6.56,0.0,0.0,-52.801,0.0,0.0,-3.706,0.0,0.0,0.0,0.0,0.0,-1.9080000000000052,0.0,0.0
ILE 150,82.268,0.0,0.0,-8.076,0.0,0.0,-60.049,0.0,0.0,1.692,0.0,0.0,0.0,0.0,0.0,15.835000000000008,0.0,0.0
LEU 151,63.001,0.0,0.0,-4.559,0.0,0.0,-68.184,0.0,0.0,-2.712,0.0,0.0,0.0,0.0,0.0,-12.453999999999997,0.0,0.0
ASP 152,98.513,0.0,0.0,-4.13,0.0,0.0,-61.699,0.0,0.0,-98.865,0.0,0.0,0.0,0.0,0.0,-66.18099999999998,0.0,0.0
ILE 153,100.157,0.0,0.0,-7.531,0.0,0.0,-69.274,0.0,0.0,-2.638,0.0,0.0,0.0,0.0,0.0,20.71399999999999,0.0,0.0
ARG 154,-191.936,0.0,0.0,-5.872,0.0,0.0,41.796,0.0,0.0,-6.734,0.0,0.0,0.0,0.0,0.0,-162.746,0.0,0.0
GLN 155,29.391,0.0,0.0,-12.772,0.0,0.0,-86.292,0.0,0.0,0.541,0.0,0.0,0.0,0.0,0.0,-69.132,0.0,0.0
GLY 156,86.364,0.0,0.0,-2.893,0.0,0.0,-72.387,0.0,0.0,-4.245,0.0,0.0,0.0,0.0,0.0,6.839000000000003,0.0,0.0
PRO 157,89.119,0.0,0.0,-3.147,0.0,0.0,-52.103,0.0,0.0,-6.867,0.0,0.0,0.0,0.0,0.0,27.001999999999992,0.0,0.0
LYS 158,119.743,0.0,0.0,-4.946,0.0,0.0,-96.651,0.0,0.0,-25.901,0.0,0.0,0.0,0.0,0.0,-7.754999999999999,0.0,0.0
GLU 159,117.096,0.0,0.0,-6.989,0.0,0.0,-119.365,0.0,0.0,-30.554,0.0,0.0,0.0,0.0,0.0,-39.812,0.0,0.0
PRO 160,79.471,0.0,0.0,-9.714,0.0,0.0,-54.178,0.0,0.0,-0.63,0.0,0.0,0.0,0.0,0.0,14.949000000000007,0.0,0.0
PHE 161,102.745,0.0,0.0,-13.637,0.0,0.0,-75.73,0.0,0.0,-1.21,0.0,0.0,0.0,0.0,0.0,12.168,0.0,0.0
ARG 162,-195.147,0.0,0.0,-8.745,0.0,0.0,24.259,0.0,0.0,18.15,0.0,0.0,0.0,0.0,0.0,-161.48299999999998,0.0,0.0
ASP 163,90.159,0.0,0.0,-8.645,0.0,0.0,-68.12,0.0,0.0,-80.549,0.0,0.0,0.0,0.0,0.0,-67.155,0.0,0.0
TYR 164,100.391,0.0,0.0,-18.389,0.0,0.0,-95.626,0.0,0.0,0.753,0.0,0.0,0.0,0.0,0.0,-12.870999999999995,0.0,0.0
VAL 165,44.528,0.0,0.0,-8.218,0.0,0.0,-58.538,0.0,0.0,2.804,0.0,0.0,0.0,0.0,0.0,-19.423999999999996,0.0,0.0
ASP 166,93.675,0.0,0.0,-8.222,0.0,0.0,-55.87,0.0,0.0,-92.21,0.0,0.0,0.0,0.0,0.0,-62.62699999999999,0.0,0.0
ARG 167,-193.802,0.0,0.0,-8.532,0.0,0.0,3.317,0.0,0.0,12.142,0.0,0.0,0.0,0.0,0.0,-186.875,0.0,0.0
PHE 168,98.635,0.0,0.0,-15.539,0.0,0.0,-81.335,0.0,0.0,1.233,0.0,0.0,0.0,0.0,0.0,2.99400000000001,0.0,0.0
TYR 169,99.614,0.0,0.0,-9.315,0.0,0.0,-88.477,0.0,0.0,-4.288,0.0,0.0,0.0,0.0,0.0,-2.4659999999999975,0.0,0.0
LYS 170,139.677,0.0,0.0,-7.655,0.0,0.0,-120.654,0.0,0.0,-13.732,0.0,0.0,0.0,0.0,0.0,-2.3640000000000043,0.0,0.0
THR 171,50.021,0.0,0.0,-7.922,0.0,0.0,-58.801,0.0,0.0,-3.213,0.0,0.0,0.0,0.0,0.0,-19.915,0.0,0.0
LEU 172,75.031,0.0,0.0,-11.794,0.0,0.0,-68.228,0.0,0.0,-3.365,0.0,0.0,0.0,0.0,0.0,-8.355999999999986,0.0,0.0
ARG 173,-195.254,0.0,0.0,-7.352,0.0,0.0,40.981,0.0,0.0,-6.169,0.0,0.0,0.0,0.0,0.0,-167.794,0.0,0.0
ALA 174,89.09,0.0,0.0,-5.009,0.0,0.0,-78.219,0.0,0.0,-4.62,0.0,0.0,0.0,0.0,0.0,1.2420000000000089,0.0,0.0
GLU 175,108.012,0.0,0.0,-7.585,0.0,0.0,-59.318,0.0,0.0,-98.06,0.0,0.0,0.0,0.0,0.0,-56.95099999999999,0.0,0.0
GLN 176,26.296,0.0,0.0,-5.92,0.0,0.0,-61.576,0.0,0.0,-16.318,0.0,0.0,0.0,0.0,0.0,-57.518,0.0,0.0
ALA 177,96.924,0.0,0.0,-4.826,0.0,0.0,-83.911,0.0,0.0,-3.439,0.0,0.0,0.0,0.0,0.0,4.748000000000012,0.0,0.0
SER 178,67.796,0.0,0.0,-4.253,0.0,0.0,-58.903,0.0,0.0,-6.034,0.0,0.0,0.0,0.0,0.0,-1.3939999999999921,0.0,0.0
GLN 179,28.602,0.0,0.0,-3.466,0.0,0.0,-77.515,0.0,0.0,-6.34,0.0,0.0,0.0,0.0,0.0,-58.71900000000001,0.0,0.0
GLU 180,112.031,0.0,0.0,-5.362,0.0,0.0,-77.874,0.0,0.0,-91.661,0.0,0.0,0.0,0.0,0.0,-62.865999999999985,0.0,0.0
VAL 181,69.648,0.0,0.0,-7.129,0.0,0.0,-63.165,0.0,0.0,-1.488,0.0,0.0,0.0,0.0,0.0,-2.134000000000001,0.0,0.0
LYS 182,120.314,0.0,0.0,-8.535,0.0,0.0,-120.599,0.0,0.0,0.624,0.0,0.0,0.0,0.0,0.0,-8.196000000000007,0.0,0.0
ASN 183,22.656,0.0,0.0,-8.605,0.0,0.0,-81.409,0.0,0.0,-8.372,0.0,0.0,0.0,0.0,0.0,-75.73,0.0,0.0
TRP 184,128.583,0.0,0.0,-11.288,0.0,0.0,-92.307,0.0,0.0,-3.495,0.0,0.0,0.0,0.0,0.0,21.493,0.0,0.0
MET 185,102.794,0.0,0.0,-11.59,0.0,0.0,-86.178,0.0,0.0,-0.354,0.0,0.0,0.0,0.0,0.0,4.671999999999996,0.0,0.0
THR 186,41.481,0.0,0.0,-8.203,0.0,0.0,-54.149,0.0,0.0,0.194,0.0,0.0,0.0,0.0,0.0,-20.676999999999996,0.0,0.0
GLU 187,105.983,0.0,0.0,-7.414,0.0,0.0,-60.79,0.0,0.0,-87.257,0.0,0.0,0.0,0.0,0.0,-49.478,0.0,0.0
THR 188,44.738,0.0,0.0,-7.883,0.0,0.0,-50.194,0.0,0.0,-0.395,0.0,0.0,0.0,0.0,0.0,-13.734000000000005,0.0,0.0
LEU 189,65.428,0.0,0.0,-8.337,0.0,0.0,-67.63,0.0,0.0,1.632,0.0,0.0,0.0,0.0,0.0,-8.907000000000002,0.0,0.0
LEU 190,81.66,0.0,0.0,-10.456,0.0,0.0,-90.029,0.0,0.0,0.807,0.0,0.0,0.0,0.0,0.0,-18.018000000000004,0.0,0.0
VAL 191,58.858,0.0,0.0,-10.807,0.0,0.0,-58.001,0.0,0.0,0.52,0.0,0.0,0.0,0.0,0.0,-9.430000000000003,0.0,0.0
GLN 192,22.416,0.0,0.0,-7.346,0.0,0.0,-70.923,0.0,0.0,-3.2,0.0,0.0,0.0,0.0,0.0,-59.053000000000004,0.0,0.0
ASN 193,14.351,0.0,0.0,-5.224,0.0,0.0,-83.76,0.0,0.0,-0.691,0.0,0.0,0.0,0.0,0.0,-75.32400000000001,0.0,0.0
ALA 194,89.457,0.0,0.0,-8.048,0.0,0.0,-80.943,0.0,0.0,1.04,0.0,0.0,0.0,0.0,0.0,1.505999999999994,0.0,0.0
ASN 195,48.975,0.0,0.0,-6.28,0.0,0.0,-92.437,0.0,0.0,-5.177,0.0,0.0,0.0,0.0,0.0,-54.919,0.0,0.0
PRO 196,82.652,0.0,0.0,-2.451,0.0,0.0,-64.546,0.0,0.0,-0.04,0.0,0.0,0.0,0.0,0.0,15.615000000000002,0.0,0.0
ASP 197,85.528,0.0,0.0,-7.473,0.0,0.0,-57.232,0.0,0.0,-89.683,0.0,0.0,0.0,0.0,0.0,-68.86,0.0,0.0
CYX 198,97.802,0.0,0.0,-10.137,0.0,0.0,-81.738,0.0,0.0,-0.964,0.0,0.0,0.0,0.0,0.0,4.963000000000006,0.0,0.0
LYS 199,141.036,0.0,0.0,-8.151,0.0,0.0,-122.553,0.0,0.0,-13.916,0.0,0.0,0.0,0.0,0.0,-3.5840000000000067,0.0,0.0
THR 200,55.367,0.0,0.0,-3.094,0.0,0.0,-67.334,0.0,0.0,-2.381,0.0,0.0,0.0,0.0,0.0,-17.442000000000007,0.0,0.0
ILE 201,83.251,0.0,0.0,-8.166,0.0,0.0,-61.299,0.0,0.0,-0.503,0.0,0.0,0.0,0.0,0.0,13.283000000000008,0.0,0.0
LEU 202,75.454,0.0,0.0,-12.47,0.0,0.0,-73.312,0.0,0.0,-2.083,0.0,0.0,0.0,0.0,0.0,-12.411000000000003,0.0,0.0
LYS 203,130.945,0.0,0.0,-6.42,0.0,0.0,-101.073,0.0,0.0,-15.087,0.0,0.0,0.0,0.0,0.0,8.364999999999998,0.0,0.0
ALA 204,88.885,0.0,0.0,-3.757,0.0,0.0,-72.343,0.0,0.0,-5.149,0.0,0.0,0.0,0.0,0.0,7.635999999999997,0.0,0.0
LEU 205,78.685,0.0,0.0,-7.962,0.0,0.0,-77.944,0.0,0.0,-5.858,0.0,0.0,0.0,0.0,0.0,-13.079000000000004,0.0,0.0
GLY 206,90.525,0.0,0.0,-3.408,0.0,0.0,-74.144,0.0,0.0,-5.349,0.0,0.0,0.0,0.0,0.0,7.623999999999999,0.0,0.0
PRO 207,87.214,0.0,0.0,-2.824,0.0,0.0,-52.266,0.0,0.0,-7.668,0.0,0.0,0.0,0.0,0.0,24.456000000000003,0.0,0.0
GLY 208,65.329,0.0,0.0,-1.723,0.0,0.0,-57.764,0.0,0.0,-8.19,0.0,0.0,0.0,0.0,0.0,-2.348000000000008,0.0,0.0
ALA 209,100.764,0.0,0.0,-5.323,0.0,0.0,-91.543,0.0,0.0,-0.463,0.0,0.0,0.0,0.0,0.0,3.434999999999996,0.0,0.0
THR 210,45.794,0.0,0.0,-5.842,0.0,0.0,-53.442,0.0,0.0,-3.455,0.0,0.0,0.0,0.0,0.0,-16.945,0.0,0.0
LEU 211,64.266,0.0,0.0,-8.546,0.0,0.0,-66.688,0.0,0.0,-3.601,0.0,0.0,0.0,0.0,0.0,-14.568999999999996,0.0,0.0
GLU 212,101.491,0.0,0.0,-5.209,0.0,0.0,-57.639,0.0,0.0,-110.322,0.0,0.0,0.0,0.0,0.0,-71.679,0.0,0.0
GLU 213,107.315,0.0,0.0,-8.534,0.0,0.0,-57.041,0.0,0.0,-100.079,0.0,0.0,0.0,0.0,0.0,-58.339,0.0,0.0
MET 214,95.199,0.0,0.0,-13.615,0.0,0.0,-76.18,0.0,0.0,0.445,0.0,0.0,0.0,0.0,0.0,5.848999999999997,0.0,0.0
MET 215,102.295,0.0,0.0,-9.395,0.0,0.0,-83.527,0.0,0.0,-1.91,0.0,0.0,0.0,0.0,0.0,7.4630000000000045,0.0,0.0
THR 216,40.994,0.0,0.0,-4.64,0.0,0.0,-48.975,0.0,0.0,-5.024,0.0,0.0,0.0,0.0,0.0,-17.645000000000003,0.0,0.0
ALA 217,79.348,0.0,0.0,-5.502,0.0,0.0,-65.461,0.0,0.0,-2.331,0.0,0.0,0.0,0.0,0.0,6.054000000000006,0.0,0.0
CYX 218,97.044,0.0,0.0,-6.221,0.0,0.0,-74.981,0.0,0.0,-4.629,0.0,0.0,0.0,0.0,0.0,11.213,0.0,0.0
GLN 219,39.87,0.0,0.0,-6.56,0.0,0.0,-75.354,0.0,0.0,-5.071,0.0,0.0,0.0,0.0,0.0,-47.115,0.0,0.0
GLY 220,100.86,0.0,0.0,-2.765,0.0,0.0,-81.437,0.0,0.0,-6.681,0.0,0.0,0.0,0.0,0.0,9.977,0.0,0.0
VAL 221,32.226,0.0,0.0,-4.513,0.0,0.0,-38.8,0.0,0.0,-90.976,0.0,0.0,0.0,0.0,0.0,-102.06299999999999,0.0,0.0

Receptor:
Total Energy Decomposition:
Residue,Internal,,,van der Waals,,,Electrostatic,,,Polar Solvation,,,Non-Polar Solv.,,,TOTAL,,
,Avg.,Std. Dev.,Std. Err. of Mean,Avg.,Std. Dev.,Std. Err. of Mean,Avg.,Std. Dev.,Std. Err. of Mean,Avg.,Std. Dev.,Std. Err. of Mean,Avg.,Std. Dev.,Std. Err. of Mean,Avg.,Std. Dev.,Std. Err. of Mean
PRO   1,99.935,0.0,0.0,-7.528,0.0,0.0,-101.469,0.0,0.0,6.111,0.0,0.0,0.0,0.0,0.0,-2.950999999999998,0.0,0.0
ILE   2,89.794,0.0,0.0,-10.764,0.0,0.0,-65.911,0.0,0.0,-3.683,0.0,0.0,0.0,0.0,0.0,9.436,0.0,0.0
VAL   3,52.695,0.0,0.0,-4.598,0.0,0.0,-56.908,0.0,0.0,-1.324,0.0,0.0,0.0,0.0,0.0,-10.135,0.0,0.0
GLN   4,24.516,0.0,0.0,-4.95,0.0,0.0,-61.911,0.0,0.0,-10.315,0.0,0.0,0.0,0.0,0.0,-52.66,0.0,0.0
ASN   5,34.773,0.0,0.0,-6.899,0.0,0.0,-81.41,0.0,0.0,-9.394,0.0,0.0,0.0,0.0,0.0,-62.92999999999999,0.0,0.0
LEU   6,69.386,0.0,0.0,-3.096,0.0,0.0,-64.543,0.0,0.0,-6.725,0.0,0.0,0.0,0.0,0.0,-4.978000000000014,0.0,0.0
GLN   7,35.976,0.0,0.0,-4.987,0.0,0.0,-72.073,0.0,0.0,-10.664,0.0,0.0,0.0,0.0,0.0,-51.748,0.0,0.0
GLY   8,79.078,0.0,0.0,-1.848,0.0,0.0,-77.389,0.0,0.0,-2.633,0.0,0.0,0.0,0.0,0.0,-2.791999999999992,0.0,0.0
GLN   9,40.029,0.0,0.0,-7.418,0.0,0.0,-77.192,0.0,0.0,-8.986,0.0,0.0,0.0,0.0,0.0,-53.56699999999999,0.0,0.0
MET  10,100.641,0.0,0.0,-9.21,0.0,0.0,-80.33,0.0,0.0,-4.18,0.0,0.0,0.0,0.0,0.0,6.921000000000014,0.0,0.0
VAL  11,58.445,0.0,0.0,-6.326,0.0,0.0,-59.381,0.0,0.0,-1.808,0.0,0.0,0.0,0.0,0.0,-9.07,0.0,0.0
HID  12,94.869,0.0,0.0,-9.767,0.0,0.0,-59.656,0.0,0.0,-8.317,0.0,0.0,0.0,0.0,0.0,17.129000000000005,0.0,0.0
GLN  13,40.888,0.0,0.0,-6.559,0.0,0.0,-73.359,0.0,0.0,-10.41,0.0,0.0,0.0,0.0,0.0,-49.44,0.0,0.0
ALA  14,94.124,0.0,0.0,-3.726,0.0,0.0,-78.391,0.0,0.0,-3.124,0.0,0.0,0.0,0.0,0.0,8.88299999999999,0.0,0.0
ILE  15,97.557,0.0,0.0,-6.777,0.0,0.0,-74.569,0.0,0.0,-3.817,0.0,0.0,0.0,0.0,0.0,12.393999999999998,0.0,0.0
SER  16,70.998,0.0,0.0,-2.618,0.0,0.0,-51.553,0.0,0.0,-8.248,0.0,0.0,0.0,0.0,0.0,8.579000000000013,0.0,0.0
PRO  17,89.045,0.0,0.0,-3.458,0.0,0.0,-57.592,0.0,0.0,-4.043,0.0,0.0,0.0,0.0,0.0,23.952000000000005,0.0,0.0
ARG  18,-182.024,0.0,0.0,-5.836,0.0,0.0,70.173,0.0,0.0,-43.217,0.0,0.0,0.0,0.0,0.0,-160.904,0.0,0.0
THR  19,39.207,0.0,0.0,-8.936,0.0,0.0,-47.204,0.0,0.0,-7.026,0.0,0.0,0.0,0.0,0.0,-23.959,0.0,0.0
LEU  20,53.383,0.0,0.0,-10.366,0.0,0.0,-56.821,0.0,0.0,-2.087,0.0,0.0,0.0,0.0,0.0,-15.890999999999995,0.0,0.0
ASN  21,33.572,0.0,0.0,-6.509,0.0,0.0,-82.379,0.0,0.0,-13.088,0.0,0.0,0.0,0.0,0.0,-68.404,0.0,0.0
ALA  22,94.8,0.0,0.0,-5.78,0.0,0.0,-81.392,0.0,0.0,-2.168,0.0,0.0,0.0,0.0,0.0,5.46,0.0,0.0
TRP  23,132.71,0.0,0.0,-18.619,0.0,0.0,-95.706,0.0,0.0,-0.805,0.0,0.0,0.0,0.0,0.0,17.580000000000005,0.0,0.0
VAL  24,62.482,0.0,0.0,-5.516,0.0,0.0,-59.205,0.0,0.0,-1.84,0.0,0.0,0.0,0.0,0.0,-4.078999999999997,0.0,0.0
LYS  25,133.661,0.0,0.0,-8.763,0.0,0.0,-159.616,0.0,0.0,20.706,0.0,0.0,0.0,0.0,0.0,-14.012000000000018,0.0,0.0
VAL  26,60.726,0.0,0.0,-10.231,0.0,0.0,-66.028,0.0,0.0,-0.965,0.0,0.0,0.0,0.0,0.0,-16.498000000000008,0.0,0.0
VAL  27,48.143,0.0,0.0,-8.68,0.0,0.0,-48.161,0.0,0.0,-1.972,0.0,0.0,0.0,0.0,0.0,-10.67,0.0,0.0
GLU  28,96.328,0.0,0.0,-6.531,0.0,0.0,-76.29,0.0,0.0,-68.906,0.0,0.0,0.0,0.0,0.0,-55.399000000000015,0.0,0.0
GLU  29,117.157,0.0,0.0,-5.447,0.0,0.0,-79.739,0.0,0.0,-79.749,0.0,0.0,0.0,0.0,0.0,-47.778000000000006,0.0,0.0
LYS  30,124.732,0.0,0.0,-6.786,0.0,0.0,-120.646,0.0,0.0,1.485,0.0,0.0,0.0,0.0,0.0,-1.2150000000000027,0.0,0.0
ALA  31,85.097,0.0,0.0,-3.43,0.0,0.0,-76.416,0.0,0.0,-2.282,0.0,0.0,0.0,0.0,0.0,2.9689999999999905,0.0,0.0
PHE  32,105.401,0.0,0.0,-9.313,0.0,0.0,-78.362,0.0,0.0,-3.041,0.0,0.0,0.0,0.0,0.0,14.684999999999999,0.0,0.0
SER  33,79.879,0.0,0.0,-5.227,0.0,0.0,-59.361,0.0,0.0,-3.601,0.0,0.0,0.0,0.0,0.0,11.690000000000005,0.0,0.0
PRO  34,73.948,0.0,0.0,-5.046,0.0,0.0,-54.441,0.0,0.0,-2.938,0.0,0.0,0.0,0.0,0.0,11.522999999999984,0.0,0.0
GLU  35,105.856,0.0,0.0,-5.97,0.0,0.0,-107.098,0.0,0.0,-48.858,0.0,0.0,0.0,0.0,0.0,-56.07,0.0,0.0
VAL  36,50.004,0.0,0.0,-9.413,0.0,0.0,-57.085,0.0,0.0,-0.219,0.0,0.0,0.0,0.0,0.0,-16.713000000000008,0.0,0.0
ILE  37,84.299,0.0,0.0,-9.294,0.0,0.0,-57.93,0.0,0.0,-1.179,0.0,0.0,0.0,0.0,0.0,15.89600000000001,0.0,0.0
PRO  38,86.916,0.0,0.0,-5.579,0.0,0.0,-59.707,0.0,0.0,-2.063,0.0,0.0,0.0,0.0,0.0,19.567000000000004,0.0,0.0
MET  39,89.922,0.0,0.0,-7.526,0.0,0.0,-73.969,0.0,0.0,-2.345,0.0,0.0,0.0,0.0,0.0,6.082000000000006,0.0,0.0
PHE  40,101.572,0.0,0.0,-14.377,0.0,0.0,-84.644,0.0,0.0,-1.165,0.0,0.0,0.0,0.0,0.0,1.386000000000002,0.0,0.0
SER  41,59.554,0.0,0.0,-7.105,0.0,0.0,-43.893,0.0,0.0,-9.73,0.0,0.0,0.0,0.0,0.0,-1.174000000000003,0.0,0.0
ALA  42,85.333,0.0,0.0,-5.046,0.0,0.0,-68.136,0.0,0.0,-4.305,0.0,0.0,0.0,0.0,0.0,7.8459999999999965,0.0,0.0
LEU  43,73.754,0.0,0.0,-8.387,0.0,0.0,-78.845,0.0,0.0,-1.879,0.0,0.0,0.0,0.0,0.0,-15.356999999999994,0.0,0.0
SER  44,73.644,0.0,0.0,-7.234,0.0,0.0,-74.443,0.0,0.0,-1.348,0.0,0.0,0.0,0.0,0.0,-9.380999999999988,0.0,0.0
GLU  45,102.91,0.0,0.0,-4.783,0.0,0.0,-64.448,0.0,0.0,-88.226,0.0,0.0,0.0,0.0,0.0,-54.547,0.0,0.0
GLY  46,66.86,0.0,0.0,-2.579,0.0,0.0,-65.633,0.0,0.0,-1.772,0.0,0.0,0.0,0.0,0.0,-3.12399999999999,0.0,0.0
ALA  47,100.059,0.0,0.0,-5.862,0.0,0.0,-84.999,0.0,0.0,-2.699,0.0,0.0,0.0,0.0,0.0,6.499000000000008,0.0,0.0
THR  48,60.739,0.0,0.0,-5.804,0.0,0.0,-63.963,0.0,0.0,-0.493,0.0,0.0,0.0,0.0,0.0,-9.521000000000006,0.0,0.0
PRO  49,74.306,0.0,0.0,-11.022,0.0,0.0,-54.104,0.0,0.0,0.328,0.0,0.0,0.0,0.0,0.0,9.508,0.0,0.0
GLN  50,28.537,0.0,0.0,-10.693,0.0,0.0,-74.632,0.0,0.0,-5.246,0.0,0.0,0.0,0.0,0.0,-62.034000000000006,0.0,0.0
ASP  51,95.831,0.0,0.0,-6.925,0.0,0.0,-121.685,0.0,0.0,-21.66,0.0,0.0,0.0,0.0,0.0,-54.43899999999999,0.0,0.0
LEU  52,65.538,0.0,0.0,-12.825,0.0,0.0,-71.855,0.0,0.0,0.885,0.0,0.0,0.0,0.0,0.0,-18.25700000000001,0.0,0.0
ASN  53,38.753,0.0,0.0,-6.419,0.0,0.0,-98.5,0.0,0.0,-3.87,0.0,0.0,0.0,0.0,0.0,-70.036,0.0,0.0
THR  54,53.078,0.0,0.0,-5.793,0.0,0.0,-62.754,0.0,0.0,-0.989,0.0,0.0,0.0,0.0,0.0,-16.457999999999995,0.0,0.0
MET  55,81.366,0.0,0.0,-13.66,0.0,0.0,-66.025,0.0,0.0,-0.14,0.0,0.0,0.0,0.0,0.0,1.5409999999999973,0.0,0.0
LEU  56,63.321,0.0,0.0,-10.303,0.0,0.0,-66.447,0.0,0.0,-0.081,0.0,0.0,0.0,0.0,0.0,-13.510000000000002,0.0,0.0
ASN  57,35.209,0.0,0.0,-6.319,0.0,0.0,-87.114,0.0,0.0,-10.59,0.0,0.0,0.0,0.0,0.0,-68.81400000000001,0.0,0.0
THR  58,60.968,0.0,0.0,-7.204,0.0,0.0,-63.431,0.0,0.0,-2.793,0.0,0.0,0.0,0.0,0.0,-12.459999999999994,0.0,0.0
VAL  59,50.845,0.0,0.0,-9.556,0.0,0.0,-45.913,0.0,0.0,0.58,0.0,0.0,0.0,0.0,0.0,-4.043999999999995,0.0,0.0
ALA  60,88.382,0.0,0.0,-3.574,0.0,0.0,-66.805,0.0,0.0,-0.879,0.0,0.0,0.0,0.0,0.0,17.124,0.0,0.0
PRO  61,81.121,0.0,0.0,-3.148,0.0,0.0,-59.061,0.0,0.0,-2.651,0.0,0.0,0.0,0.0,0.0,16.261,0.0,0.0
HID  62,103.903,0.0,0.0,-8.745,0.0,0.0,-70.663,0.0,0.0,-7.15,0.0,0.0,0.0,0.0,0.0,17.345000000000006,0.0,0.0
GLN  63,25.906,0.0,0.0,-4.7,0.0,0.0,-65.132,0.0,0.0,-10.063,0.0,0.0,0.0,0.0,0.0,-53.989000000000004,0.0,0.0
ALA  64,86.352,0.0,0.0,-4.681,0.0,0.0,-71.39,0.0,0.0,-3.031,0.0,0.0,0.0,0.0,0.0,7.250000000000005,0.0,0.0
ALA  65,85.488,0.0,0.0,-6.366,0.0,0.0,-75.085,0.0,0.0,-1.413,0.0,0.0,0.0,0.0,0.0,2.624000000000006,0.0,0.0
ALA  66,92.048,0.0,0.0,-6.562,0.0,0.0,-81.455,0.0,0.0,-1.777,0.0,0.0,0.0,0.0,0.0,2.2540000000000058,0.0,0.0
GLN  67,39.879,0.0,0.0,-8.204,0.0,0.0,-77.514,0.0,0.0,-11.125,0.0,0.0,0.0,0.0,0.0,-56.964,0.0,0.0
MET  68,96.359,0.0,0.0,-11.042,0.0,0.0,-72.149,0.0,0.0,-2.279,0.0,0.0,0.0,0.0,0.0,10.888999999999992,0.0,0.0
LEU  69,84.669,0.0,0.0,-11.816,0.0,0.0,-73.708,0.0,0.0,-2.36,0.0,0.0,0.0,0.0,0.0,-3.215000000000004,0.0,0.0
LYS  70,130.975,0.0,0.0,-9.948,0.0,0.0,-125.988,0.0,0.0,1.451,0.0,0.0,0.0,0.0,0.0,-3.5100000000000127,0.0,0.0
GLU  71,107.22,0.0,0.0,-7.951,0.0,0.0,-88.32,0.0,0.0,-76.846,0.0,0.0,0.0,0.0,0.0,-65.89699999999999,0.0,0.0
THR  72,46.317,0.0,0.0,-9.566,0.0,0.0,-52.165,0.0,0.0,-4.157,0.0,0.0,0.0,0.0,0.0,-19.571,0.0,0.0
ILE  73,77.754,0.0,0.0,-10.068,0.0,0.0,-51.322,0.0,0.0,-2.334,0.0,0.0,0.0,0.0,0.0,14.030000000000005,0.0,0.0
ASN  74,19.73,0.0,0.0,-8.482,0.0,0.0,-73.64,0.0,0.0,-8.97,0.0,0.0,0.0,0.0,0.0,-71.362,0.0,0.0
GLU  75,109.259,0.0,0.0,-7.349,0.0,0.0,-54.951,0.0,0.0,-113.298,0.0,0.0,0.0,0.0,0.0,-66.339,0.0,0.0
GLU  76,101.725,0.0,0.0,-10.614,0.0,0.0,-35.905,0.0,0.0,-113.474,0.0,0.0,0.0,0.0,0.0,-58.268000000000015,0.0,0.0
ALA  77,82.46,0.0,0.0,-6.804,0.0,0.0,-73.707,0.0,0.0,-0.22,0.0,0.0,0.0,0.0,0.0,1.728999999999998,0.0,0.0
ALA  78,95.593,0.0,0.0,-5.504,0.0,0.0,-85.871,0.0,0.0,1.124,0.0,0.0,0.0,0.0,0.0,5.342000000000004,0.0,0.0
GLU  79,109.845,0.0,0.0,-7.872,0.0,0.0,-53.578,0.0,0.0,-109.196,0.0,0.0,0.0,0.0,0.0,-60.801,0.0,0.0
TRP  80,117.75,0.0,0.0,-15.821,0.0,0.0,-89.89,0.0,0.0,-0.915,0.0,0.0,0.0,0.0,0.0,11.124000000000002,0.0,0.0
ASP  81,121.408,0.0,0.0,-6.704,0.0,0.0,-91.198,0.0,0.0,-84.058,0.0,0.0,0.0,0.0,0.0,-60.55199999999999,0.0,0.0
ARG  82,-190.459,0.0,0.0,-6.982,0.0,0.0,16.987,0.0,0.0,20.025,0.0,0.0,0.0,0.0,0.0,-160.429,0.0,0.0
LEU  83,64.463,0.0,0.0,-7.085,0.0,0.0,-69.169,0.0,0.0,-2.566,0.0,0.0,0.0,0.0,0.0,-14.357000000000003,0.0,0.0
HID  84,113.288,0.0,0.0,-8.208,0.0,0.0,-76.349,0.0,0.0,-4.651,0.0,0.0,0.0,0.0,0.0,24.079999999999995,0.0,0.0
PRO  85,91.144,0.0,0.0,-4.183,0.0,0.0,-65.315,0.0,0.0,-4.296,0.0,0.0,0.0,0.0,0.0,17.350000000000016,0.0,0.0
VAL  86,48.925,0.0,0.0,-3.678,0.0,0.0,-50.502,0.0,0.0,-4.182,0.0,0.0,0.0,0.0,0.0,-9.437000000000003,0.0,0.0
HID  87,92.546,0.0,0.0,-4.538,0.0,0.0,-60.239,0.0,0.0,-11.839,0.0,0.0,0.0,0.0,0.0,15.930000000000012,0.0,0.0
ALA  88,91.476,0.0,0.0,-2.095,0.0,0.0,-72.542,0.0,0.0,-8.1,0.0,0.0,0.0,0.0,0.0,8.738999999999999,0.0,0.0
GLY  89,91.657,0.0,0.0,-1.514,0.0,0.0,-72.733,0.0,0.0,-8.065,0.0,0.0,0.0,0.0,0.0,9.344999999999997,0.0,0.0
PRO  90,89.818,0.0,0.0,-2.62,0.0,0.0,-59.288,0.0,0.0,-6.209,0.0,0.0,0.0,0.0,0.0,21.700999999999997,0.0,0.0
ILE  91,78.362,0.0,0.0,-4.96,0.0,0.0,-56.503,0.0,0.0,-4.487,0.0,0.0,0.0,0.0,0.0,12.412,0.0,0.0
ALA  92,93.899,0.0,0.0,-2.548,0.0,0.0,-66.841,0.0,0.0,-5.156,0.0,0.0,0.0,0.0,0.0,19.354000000000006,0.0,0.0
PRO  93,84.247,0.0,0.0,-1.922,0.0,0.0,-56.033,0.0,0.0,-6.709,0.0,0.0,0.0,0.0,0.0,19.583000000000002,0.0,0.0
GLY  94,69.331,0.0,0.0,-2.331,0.0,0.0,-66.423,0.0,0.0,-4.469,0.0,0.0,0.0,0.0,0.0,-3.892000000000002,0.0,0.0
GLN  95,35.304,0.0,0.0,-7.064,0.0,0.0,-74.24,0.0,0.0,-10.9,0.0,0.0,0.0,0.0,0.0,-56.89999999999999,0.0,0.0
MET  96,106.228,0.0,0.0,-9.002,0.0,0.0,-76.189,0.0,0.0,-6.951,0.0,0.0,0.0,0.0,0.0,14.086000000000006,0.0,0.0
ARG  97,-185.095,0.0,0.0,-8.866,0.0,0.0,-10.726,0.0,0.0,27.605,0.0,0.0,0.0,0.0,0.0,-177.08200000000002,0.0,0.0
GLU  98,116.737,0.0,0.0,-7.214,0.0,0.0,-56.757,0.0,0.0,-101.531,0.0,0.0,0.0,0.0,0.0,-48.76500000000001,0.0,0.0
PRO  99,89.127,0.0,0.0,-9.773,0.0,0.0,-61.931,0.0,0.0,-1.521,0.0,0.0,0.0,0.0,0.0,15.902000000000001,0.0,0.0
ARG 100,-193.198,0.0,0.0,-9.609,0.0,0.0,-0.038,0.0,0.0,28.879,0.0,0.0,0.0,0.0,0.0,-173.96600000000004,0.0,0.0
GLY 101,79.683,0.0,0.0,-4.41,0.0,0.0,-78.895,0.0,0.0,-2.847,0.0,0.0,0.0,0.0,0.0,-6.468999999999985,0.0,0.0
SER 102,67.0,0.0,0.0,-7.002,0.0,0.0,-63.967,0.0,0.0,-1.845,0.0,0.0,0.0,0.0,0.0,-5.814000000000001,0.0,0.0
ASP 103,93.866,0.0,0.0,-10.447,0.0,0.0,-105.521,0.0,0.0,-37.624,0.0,0.0,0.0,0.0,0.0,-59.726000000000006,0.0,0.0
ILE 104,79.981,0.0,0.0,-12.575,0.0,0.0,-60.537,0.0,0.0,0.56,0.0,0.0,0.0,0.0,0.0,7.428999999999993,0.0,0.0
ALA 105,87.105,0.0,0.0,-6.784,0.0,0.0,-78.4,0.0,0.0,-0.414,0.0,0.0,0.0,0.0,0.0,1.5069999999999923,0.0,0.0
GLY 106,88.21,0.0,0.0,-6.25,0.0,0.0,-85.964,0.0,0.0,-2.506,0.0,0.0,0.0,0.0,0.0,-6.510000000000005,0.0,0.0
THR 107,46.377,0.0,0.0,-4.614,0.0,0.0,-52.07,0.0,0.0,-8.738,0.0,0.0,0.0,0.0,0.0,-19.044999999999995,0.0,0.0
THR 108,39.384,0.0,0.0,-5.297,0.0,0.0,-56.919,0.0,0.0,-2.678,0.0,0.0,0.0,0.0,0.0,-25.509999999999994,0.0,0.0
SER 109,84.7,0.0,0.0,-9.135,0.0,0.0,-73.698,0.0,0.0,-2.461,0.0,0.0,0.0,0.0,0.0,-0.5939999999999954,0.0,0.0
THR 110,39.631,0.0,0.0,-7.031,0.0,0.0,-48.617,0.0,0.0,-3.67,0.0,0.0,0.0,0.0,0.0,-19.686999999999998,0.0,0.0
LEU 111,57.019,0.0,0.0,-9.549,0.0,0.0,-55.673,0.0,0.0,-4.009,0.0,0.0,0.0,0.0,0.0,-12.212000000000003,0.0,0.0
GLN 112,32.32,0.0,0.0,-7.944,0.0,0.0,-74.86,0.0,0.0,-8.363,0.0,0.0,0.0,0.0,0.0,-58.846999999999994,0.0,0.0
GLU 113,105.354,0.0,0.0,-8.706,0.0,0.0,-106.138,0.0,0.0,-47.221,0.0,0.0,0.0,0.0,0.0,-56.711000000000006,0.0,0.0
GLN 114,38.193,0.0,0.0,-13.169,0.0,0.0,-83.838,0.0,0.0,0.398,0.0,0.0,0.0,0.0,0.0,-58.41599999999999,0.0,0.0
ILE 115,88.617,0.0,0.0,-7.584,0.0,0.0,-68.629,0.0,0.0,-1.47,0.0,0.0,0.0,0.0,0.0,10.933999999999996,0.0,0.0
GLY 116,76.927,0.0,0.0,-5.38,0.0,0.0,-73.999,0.0,0.0,-1.919,0.0,0.0,0.0,0.0,0.0,-4.3709999999999845,0.0,0.0
TRP 117,120.225,0.0,0.0,-18.773,0.0,0.0,-92.764,0.0,0.0,-0.405,0.0,0.0,0.0,0.0,0.0,8.283000000000003,0.0,0.0
MET 118,99.674,0.0,0.0,-9.34,0.0,0.0,-80.65,0.0,0.0,-4.417,0.0,0.0,0.0,0.0,0.0,5.266999999999998,0.0,0.0
THR 119,36.614,0.0,0.0,-5.215,0.0,0.0,-44.057,0.0,0.0,-4.63,0.0,0.0,0.0,0.0,0.0,-17.288000000000004,0.0,0.0
HID 120,92.426,0.0,0.0,-9.618,0.0,0.0,-56.944,0.0,0.0,-9.44,0.0,0.0,0.0,0.0,0.0,16.424000000000007,0.0,0.0
ASN 121,45.013,0.0,0.0,-3.78,0.0,0.0,-86.808,0.0,0.0,-11.775,0.0,0.0,0.0,0.0,0.0,-57.35000000000001,0.0,0.0
PRO 122,93.943,0.0,0.0,-4.784,0.0,0.0,-55.566,0.0,0.0,-3.616,0.0,0.0,0.0,0.0,0.0,29.97699999999999,0.0,0.0
PRO 123,82.521,0.0,0.0,-6.064,0.0,0.0,-57.561,0.0,0.0,-3.881,0.0,0.0,0.0,0.0,0.0,15.014999999999993,0.0,0.0
ILE 124,93.601,0.0,0.0,-7.591,0.0,0.0,-64.573,0.0,0.0,-0.278,0.0,0.0,0.0,0.0,0.0,21.159000000000013,0.0,0.0
PRO 125,88.55,0.0,0.0,-5.068,0.0,0.0,-66.965,0.0,0.0,-0.76,0.0,0.0,0.0,0.0,0.0,15.756999999999996,0.0,0.0
VAL 126,50.949,0.0,0.0,-10.471,0.0,0.0,-55.446,0.0,0.0,0.071,0.0,0.0,0.0,0.0,0.0,-14.897000000000004,0.0,0.0
GLY 127,71.26,0.0,0.0,-5.036,0.0,0.0,-71.159,0.0,0.0,-0.205,0.0,0.0,0.0,0.0,0.0,-5.140000000000002,0.0,0.0
GLU 128,101.296,0.0,0.0,-5.522,0.0,0.0,-93.044,0.0,0.0,-65.224,0.0,0.0,0.0,0.0,0.0,-62.494,0.0,0.0
ILE 129,81.144,0.0,0.0,-10.385,0.0,0.0,-65.516,0.0,0.0,0.355,0.0,0.0,0.0,0.0,0.0,5.597999999999995,0.0,0.0
TYR 130,90.965,0.0,0.0,-11.419,0.0,0.0,-91.825,0.0,0.0,0.105,0.0,0.0,0.0,0.0,0.0,-12.173999999999996,0.0,0.0
LYS 131,147.022,0.0,0.0,-10.185,0.0,0.0,-180.05,0.0,0.0,42.529,0.0,0.0,0.0,0.0,0.0,-0.6840000000000188,0.0,0.0
ARG 132,-189.037,0.0,0.0,-9.029,0.0,0.0,27.983,0.0,0.0,-1.679,0.0,0.0,0.0,0.0,0.0,-171.762,0.0,0.0
TRP 133,132.409,0.0,0.0,-19.08,0.0,0.0,-98.67,0.0,0.0,-0.723,0.0,0.0,0.0,0.0,0.0,13.935999999999991,0.0,0.0
ILE 134,86.99,0.0,0.0,-10.259,0.0,0.0,-72.738,0.0,0.0,0.602,0.0,0.0,0.0,0.0,0.0,4.594999999999995,0.0,0.0
ILE 135,77.115,0.0,0.0,-9.686,0.0,0.0,-62.427,0.0,0.0,0.526,0.0,0.0,0.0,0.0,0.0,5.528000000000002,0.0,0.0
LEU 136,71.908,0.0,0.0,-9.208,0.0,0.0,-78.561,0.0,0.0,1.922,0.0,0.0,0.0,0.0,0.0,-13.939000000000004,0.0,0.0
GLY 137,79.403,0.0,0.0,-6.243,0.0,0.0,-79.696,0.0,0.0,1.233,0.0,0.0,0.0,0.0,0.0,-5.302999999999987,0.0,0.0
LEU 138,64.445,0.0,0.0,-11.079,0.0,0.0,-68.468,0.0,0.0,0.254,0.0,0.0,0.0,0.0,0.0,-14.848000000000011,0.0,0.0
ASN 139,31.952,0.0,0.0,-8.631,0.0,0.0,-88.044,0.0,0.0,-5.945,0.0,0.0,0.0,0.0,0.0,-70.668,0.0,0.0
LYS 140,135.857,0.0,0.0,-9.044,0.0,0.0,-120.749,0.0,0.0,-6.668,0.0,0.0,0.0,0.0,0.0,-0.603999999999993,0.0,0.0
ILE 141,88.058,0.0,0.0,-10.048,0.0,0.0,-74.63,0.0,0.0,-2.214,0.0,0.0,0.0,0.0,0.0,1.1660000000000097,0.0,0.0
VAL 142,65.283,0.0,0.0,-7.816,0.0,0.0,-56.299,0.0,0.0,-2.756,0.0,0.0,0.0,0.0,0.0,-1.5880000000000005,0.0,0.0
ARG 143,-190.947,0.0,0.0,-5.036,0.0,0.0,70.286,0.0,0.0,-28.488,0.0,0.0,0.0,0.0,0.0,-154.185,0.0,0.0
MET 144,93.062,0.0,0.0,-4.367,0.0,0.0,-76.203,0.0,0.0,-5.348,0.0,0.0,0.0,0.0,0.0,7.14399999999999,0.0,0.0
TYR 145,97.262,0.0,0.0,-8.499,0.0,0.0,-79.216,0.0,0.0,-9.822,0.0,0.0,0.0,0.0,0.0,-0.2749999999999879,0.0,0.0
SER 146,84.547,0.0,0.0,-3.333,0.0,0.0,-57.145,0.0,0.0,-8.897,0.0,0.0,0.0,0.0,0.0,15.171999999999995,0.0,0.0
PRO 147,87.531,0.0,0.0,-3.204,0.0,0.0,-62.394,0.0,0.0,-4.719,0.0,0.0,0.0,0.0,0.0,17.214000000000013,0.0,0.0
THR 148,29.521,0.0,0.0,-2.453,0.0,0.0,-39.981,0.0,0.0,-9.526,0.0,0.0,0.0,0.0,0.0,-22.439,0.0,0.0
SER 149,61.159,0.0,0.0,-2.285,0.0,0.0,-44.177,0.0,0.0,-12.307,0.0,0.0,0.0,0.0,0.0,2.3899999999999952,0.0,0.0
ILE 150,61.316,0.0,0.0,-0.286,0.0,0.0,-28.648,0.0,0.0,-7.295,0.0,0.0,0.0,0.0,0.0,25.087000000000003,0.0,0.0

Ligand:
Total Energy Decomposition:
Residue,Internal,,,van der Waals,,,Electrostatic,,,Polar Solvation,,,Non-Polar Solv.,,,TOTAL,,
,Avg.,Std. Dev.,Std. Err. of Mean,Avg.,Std. Dev.,Std. Err. of Mean,Avg.,Std. Dev.,Std. Err. of Mean,Avg.,Std. Dev.,Std. Err. of Mean,Avg.,Std. Dev.,Std. Err. of Mean,Avg.,Std. Dev.,Std. Err. of Mean
LEU   1,42.346,0.0,0.0,-2.519,0.0,0.0,-42.276,0.0,0.0,-4.057,0.0,0.0,0.0,0.0,0.0,-6.506000000000006,0.0,0.0
ASP   2,98.513,0.0,0.0,-1.861,0.0,0.0,-70.832,0.0,0.0,-91.036,0.0,0.0,0.0,0.0,0.0,-65.216,0.0,0.0
ILE   3,100.157,0.0,0.0,-6.084,0.0,0.0,-68.428,0.0,0.0,-2.735,0.0,0.0,0.0,0.0,0.0,22.909999999999997,0.0,0.0
ARG   4,-191.936,0.0,0.0,-5.813,0.0,0.0,50.219,0.0,0.0,-15.013,0.0,0.0,0.0,0.0,0.0,-162.543,0.0,0.0
GLN   5,29.391,0.0,0.0,-12.761,0.0,0.0,-86.315,0.0,0.0,0.542,0.0,0.0,0.0,0.0,0.0,-69.143,0.0,0.0
GLY   6,86.364,0.0,0.0,-2.89,0.0,0.0,-72.354,0.0,0.0,-4.293,0.0,0.0,0.0,0.0,0.0,6.827000000000004,0.0,0.0
PRO   7,89.119,0.0,0.0,-3.145,0.0,0.0,-52.022,0.0,0.0,-6.951,0.0,0.0,0.0,0.0,0.0,27.001000000000005,0.0,0.0
LYS   8,119.743,0.0,0.0,-4.944,0.0,0.0,-89.627,0.0,0.0,-32.84,0.0,0.0,0.0,0.0,0.0,-7.668000000000006,0.0,0.0
GLU   9,117.096,0.0,0.0,-6.983,0.0,0.0,-128.555,0.0,0.0,-21.498,0.0,0.0,0.0,0.0,0.0,-39.94000000000001,0.0,0.0
PRO  10,79.471,0.0,0.0,-9.711,0.0,0.0,-54.37,0.0,0.0,-0.44,0.0,0.0,0.0,0.0,0.0,14.950000000000008,0.0,0.0
PHE  11,102.745,0.0,0.0,-13.631,0.0,0.0,-75.921,0.0,0.0,-1.012,0.0,0.0,0.0,0.0,0.0,12.180999999999997,0.0,0.0
ARG  12,-195.147,0.0,0.0,-8.741,0.0,0.0,31.703,0.0,0.0,10.801,0.0,0.0,0.0,0.0,0.0,-161.384,0.0,0.0
ASP  13,90.159,0.0,0.0,-8.639,0.0,0.0,-76.89,0.0,0.0,-71.839,0.0,0.0,0.0,0.0,0.0,-67.20899999999999,0.0,0.0
TYR  14,100.391,0.0,0.0,-18.344,0.0,0.0,-96.066,0.0,0.0,1.161,0.0,0.0,0.0,0.0,0.0,-12.858000000000006,0.0,0.0
VAL  15,44.528,0.0,0.0,-8.2,0.0,0.0,-58.793,0.0,0.0,3.066,0.0,0.0,0.0,0.0,0.0,-19.398999999999997,0.0,0.0
ASP  16,93.675,0.0,0.0,-8.203,0.0,0.0,-65.517,0.0,0.0,-82.604,0.0,0.0,0.0,0.0,0.0,-62.649,0.0,0.0
ARG  17,-193.802,0.0,0.0,-8.439,0.0,0.0,13.467,0.0,0.0,2.152,0.0,0.0,0.0,0.0,0.0,-186.62199999999999,0.0,0.0
PHE  18,98.635,0.0,0.0,-14.811,0.0,0.0,-81.462,0.0,0.0,1.45,0.0,0.0,0.0,0.0,0.0,3.812000000000009,0.0,0.0
TYR  19,99.614,0.0,0.0,-9.204,0.0,0.0,-88.828,0.0,0.0,-3.895,0.0,0.0,0.0,0.0,0.0,-2.3130000000000064,0.0,0.0
LYS  20,139.677,0.0,0.0,-7.498,0.0,0.0,-109.999,0.0,0.0,-24.368,0.0,0.0,0.0,0.0,0.0,-2.1879999999999917,0.0,0.0
THR  21,50.021,0.0,0.0,-5.927,0.0,0.0,-59.192,0.0,0.0,-3.342,0.0,0.0,0.0,0.0,0.0,-18.439999999999998,0.0,0.0
LEU  22,75.031,0.0,0.0,-10.71,0.0,0.0,-69.162,0.0,0.0,-2.592,0.0,0.0,0.0,0.0,0.0,-7.433000000000009,0.0,0.0
ARG  23,-195.254,0.0,0.0,-6.899,0.0,0.0,57.104,0.0,0.0,-22.047,0.0,0.0,0.0,0.0,0.0,-167.09599999999998,0.0,0.0
ALA  24,89.09,0.0,0.0,-4.046,0.0,0.0,-78.904,0.0,0.0,-4.047,0.0,0.0,0.0,0.0,0.0,2.093000000000001,0.0,0.0
GLU  25,108.012,0.0,0.0,-5.138,0.0,0.0,-66.0,0.0,0.0,-96.608,0.0,0.0,0.0,0.0,0.0,-59.73400000000001,0.0,0.0
GLN  26,26.296,0.0,0.0,-3.383,0.0,0.0,-67.673,0.0,0.0,-11.539,0.0,0.0,0.0,0.0,0.0,-56.29900000000001,0.0,0.0
ALA  27,96.924,0.0,0.0,-4.604,0.0,0.0,-84.528,0.0,0.0,-2.927,0.0,0.0,0.0,0.0,0.0,4.865000000000002,0.0,0.0
SER  28,67.796,0.0,0.0,-4.164,0.0,0.0,-57.702,0.0,0.0,-7.139,0.0,0.0,0.0,0.0,0.0,-1.2089999999999934,0.0,0.0
GLN  29,28.602,0.0,0.0,-3.424,0.0,0.0,-76.574,0.0,0.0,-7.23,0.0,0.0,0.0,0.0,0.0,-58.626000000000005,0.0,0.0
GLU  30,112.031,0.0,0.0,-5.34,0.0,0.0,-87.877,0.0,0.0,-81.763,0.0,0.0,0.0,0.0,0.0,-62.949,0.0,0.0
VAL  31,69.648,0.0,0.0,-7.018,0.0,0.0,-62.409,0.0,0.0,-2.193,0.0,0.0,0.0,0.0,0.0,-1.9720000000000035,0.0,0.0
LYS  32,120.314,0.0,0.0,-8.467,0.0,0.0,-108.94,0.0,0.0,-10.906,0.0,0.0,0.0,0.0,0.0,-7.999000000000004,0.0,0.0
ASN  33,22.656,0.0,0.0,-8.589,0.0,0.0,-81.07,0.0,0.0,-8.712,0.0,0.0,0.0,0.0,0.0,-75.715,0.0,0.0
TRP  34,128.583,0.0,0.0,-11.212,0.0,0.0,-92.263,0.0,0.0,-3.573,0.0,0.0,0.0,0.0,0.0,21.53499999999999,0.0,0.0
MET  35,102.794,0.0,0.0,-10.361,0.0,0.0,-86.135,0.0,0.0,-0.724,0.0,0.0,0.0,0.0,0.0,5.573999999999987,0.0,0.0
THR  36,41.481,0.0,0.0,-8.174,0.0,0.0,-54.102,0.0,0.0,0.115,0.0,0.0,0.0,0.0,0.0,-20.679999999999996,0.0,0.0
GLU  37,105.983,0.0,0.0,-7.404,0.0,0.0,-68.471,0.0,0.0,-79.709,0.0,0.0,0.0,0.0,0.0,-49.601,0.0,0.0
THR  38,44.738,0.0,0.0,-7.856,0.0,0.0,-50.135,0.0,0.0,-0.478,0.0,0.0,0.0,0.0,0.0,-13.731,0.0,0.0
LEU  39,65.428,0.0,0.0,-8.342,0.0,0.0,-67.317,0.0,0.0,1.389,0.0,0.0,0.0,0.0,0.0,-8.841999999999995,0.0,0.0
LEU  40,81.66,0.0,0.0,-10.404,0.0,0.0,-90.041,0.0,0.0,0.77,0.0,0.0,0.0,0.0,0.0,-18.014999999999997,0.0,0.0
VAL  41,58.858,0.0,0.0,-10.798,0.0,0.0,-57.983,0.0,0.0,0.495,0.0,0.0,0.0,0.0,0.0,-9.428000000000003,0.0,0.0
GLN  42,22.416,0.0,0.0,-7.332,0.0,0.0,-70.652,0.0,0.0,-3.439,0.0,0.0,0.0,0.0,0.0,-59.007,0.0,0.0
ASN  43,14.351,0.0,0.0,-5.158,0.0,0.0,-82.846,0.0,0.0,-1.288,0.0,0.0,0.0,0.0,0.0,-74.941,0.0,0.0
ALA  44,89.457,0.0,0.0,-8.042,0.0,0.0,-81.047,0.0,0.0,1.13,0.0,0.0,0.0,0.0,0.0,1.497999999999995,0.0,0.0
ASN  45,48.975,0.0,0.0,-6.277,0.0,0.0,-92.329,0.0,0.0,-5.296,0.0,0.0,0.0,0.0,0.0,-54.92699999999999,0.0,0.0
PRO  46,82.652,0.0,0.0,-2.45,0.0,0.0,-64.559,0.0,0.0,-0.032,0.0,0.0,0.0,0.0,0.0,15.611,0.0,0.0
ASP  47,85.528,0.0,0.0,-7.473,0.0,0.0,-63.562,0.0,0.0,-83.541,0.0,0.0,0.0,0.0,0.0,-69.04799999999999,0.0,0.0
CYX  48,97.802,0.0,0.0,-10.136,0.0,0.0,-81.664,0.0,0.0,-1.031,0.0,0.0,0.0,0.0,0.0,4.97100000000001,0.0,0.0
LYS  49,141.036,0.0,0.0,-8.148,0.0,0.0,-115.149,0.0,0.0,-21.122,0.0,0.0,0.0,0.0,0.0,-3.3829999999999956,0.0,0.0
THR  50,55.367,0.0,0.0,-3.094,0.0,0.0,-67.253,0.0,0.0,-2.455,0.0,0.0,0.0,0.0,0.0,-17.435000000000002,0.0,0.0
ILE  51,83.251,0.0,0.0,-8.166,0.0,0.0,-61.237,0.0,0.0,-0.562,0.0,0.0,0.0,0.0,0.0,13.286000000000007,0.0,0.0
LEU  52,75.454,0.0,0.0,-12.467,0.0,0.0,-73.238,0.0,0.0,-2.155,0.0,0.0,0.0,0.0,0.0,-12.406000000000004,0.0,0.0
LYS  53,130.945,0.0,0.0,-6.418,0.0,0.0,-94.09,0.0,0.0,-21.897,0.0,0.0,0.0,0.0,0.0,8.539999999999985,0.0,0.0
ALA  54,88.885,0.0,0.0,-3.757,0.0,0.0,-72.295,0.0,0.0,-5.19,0.0,0.0,0.0,0.0,0.0,7.642999999999998,0.0,0.0
LEU  55,78.685,0.0,0.0,-7.961,0.0,0.0,-77.851,0.0,0.0,-5.943,0.0,0.0,0.0,0.0,0.0,-13.069999999999995,0.0,0.0
GLY  56,90.525,0.0,0.0,-3.407,0.0,0.0,-74.195,0.0,0.0,-5.295,0.0,0.0,0.0,0.0,0.0,7.628000000000016,0.0,0.0
PRO  57,87.214,0.0,0.0,-2.823,0.0,0.0,-52.161,0.0,0.0,-7.772,0.0,0.0,0.0,0.0,0.0,24.458000000000006,0.0,0.0
GLY  58,65.329,0.0,0.0,-1.722,0.0,0.0,-57.664,0.0,0.0,-8.287,0.0,0.0,0.0,0.0,0.0,-2.34400000000001,0.0,0.0
ALA  59,100.764,0.0,0.0,-5.322,0.0,0.0,-91.662,0.0,0.0,-0.344,0.0,0.0,0.0,0.0,0.0,3.435999999999987,0.0,0.0
THR  60,45.794,0.0,0.0,-5.841,0.0,0.0,-53.356,0.0,0.0,-3.545,0.0,0.0,0.0,0.0,0.0,-16.948000000000008,0.0,0.0
LEU  61,64.266,0.0,0.0,-8.539,0.0,0.0,-66.582,0.0,0.0,-3.711,0.0,0.0,0.0,0.0,0.0,-14.56599999999999,0.0,0.0
GLU  62,101.491,0.0,0.0,-5.207,0.0,0.0,-64.842,0.0,0.0,-103.186,0.0,0.0,0.0,0.0,0.0,-71.744,0.0,0.0
GLU  63,107.315,0.0,0.0,-8.533,0.0,0.0,-63.418,0.0,0.0,-93.778,0.0,0.0,0.0,0.0,0.0,-58.41400000000001,0.0,0.0
MET  64,95.199,0.0,0.0,-13.612,0.0,0.0,-76.165,0.0,0.0,0.425,0.0,0.0,0.0,0.0,0.0,5.846999999999997,0.0,0.0
MET  65,102.295,0.0,0.0,-9.392,0.0,0.0,-83.542,0.0,0.0,-1.905,0.0,0.0,0.0,0.0,0.0,7.456000000000004,0.0,0.0
THR  66,40.994,0.0,0.0,-4.64,0.0,0.0,-48.905,0.0,0.0,-5.096,0.0,0.0,0.0,0.0,0.0,-17.647000000000002,0.0,0.0
ALA  67,79.348,0.0,0.0,-5.502,0.0,0.0,-65.381,0.0,0.0,-2.415,0.0,0.0,0.0,0.0,0.0,6.050000000000003,0.0,0.0
CYX  68,97.044,0.0,0.0,-6.22,0.0,0.0,-74.95,0.0,0.0,-4.657,0.0,0.0,0.0,0.0,0.0,11.216999999999995,0.0,0.0
GLN  69,39.87,0.0,0.0,-6.559,0.0,0.0,-75.62,0.0,0.0,-4.815,0.0,0.0,0.0,0.0,0.0,-47.124,0.0,0.0
GLY  70,100.86,0.0,0.0,-2.764,0.0,0.0,-81.362,0.0,0.0,-6.76,0.0,0.0,0.0,0.0,0.0,9.974000000000009,0.0,0.0
VAL  71,32.226,0.0,0.0,-4.512,0.0,0.0,-45.639,0.0,0.0,-84.224,0.0,0.0,0.0,0.0,0.0,-102.149,0.0,0.0

DELTAS:
Total Energy Decomposition:
Residue,Location,Internal,,,van der Waals,,,Electrostatic,,,Polar Solvation,,,Non-Polar Solv.,,,TOTAL,,
,,Avg.,Std. Dev.,Std. Err. of Mean,Avg.,Std. Dev.,Std. Err. of Mean,Avg.,Std. Dev.,Std. Err. of Mean,Avg.,Std. Dev.,Std. Err. of Mean,Avg.,Std. Dev.,Std. Err. of Mean
PRO   1,R PRO   1,0.0,0.0,0.0,0.0,0.0,0.0,-6.121000000000009,0.0,0.0,5.985,0.0,0.0,0.0,0.0,0.0,-0.136000000000009,0.0,0.0
ILE   2,R ILE   2,0.0,0.0,0.0,0.0,0.0,0.0,0.006000000000000227,0.0,0.0,-0.006000000000000227,0.0,0.0,0.0,0.0,0.0,0.0,0.0,0.0
VAL   3,R VAL   3,0.0,0.0,0.0,0.0,0.0,0.0,-0.0030000000000001137,0.0,0.0,0.0030000000000001137,0.0,0.0,0.0,0.0,0.0,0.0,0.0,0.0
GLN   4,R GLN   4,0.0,0.0,0.0,0.0,0.0,0.0,0.021999999999998465,0.0,0.0,-0.021000000000000796,0.0,0.0,0.0,0.0,0.0,0.000999999999990564,0.0,0.0
ASN   5,R ASN   5,0.0,0.0,0.0,0.0,0.0,0.0,-0.08299999999999841,0.0,0.0,0.08200000000000074,0.0,0.0,0.0,0.0,0.0,-0.0009999999999976694,0.0,0.0
LEU   6,R LEU   6,0.0,0.0,0.0,0.0,0.0,0.0,-0.042999999999992156,0.0,0.0,0.04299999999999926,0.0,0.0,0.0,0.0,0.0,7.105427357601002e-15,0.0,0.0
GLN   7,R GLN   7,0.0,0.0,0.0,0.0,0.0,0.0,-0.0020000000000095497,0.0,0.0,0.0019999999999988916,0.0,0.0,0.0,0.0,0.0,-7.105427357601002e-15,0.0,0.0
GLY   8,R GLY   8,0.0,0.0,0.0,0.0,0.0,0.0,-0.01300000000000523,0.0,0.0,0.01399999999999979,0.0,0.0,0.0,0.0,0.0,0.0009999999999945608,0.0,0.0
GLN   9,R GLN   9,0.0,0.0,0.0,0.0,0.0,0.0,0.06699999999999307,0.0,0.0,-0.06599999999999895,0.0,0.0,0.0,0.0,0.0,0.0009999999999976694,0.0,0.0
MET  10,R MET  10,0.0,0.0,0.0,0.0,0.0,0.0,-0.028000000000005798,0.0,0.0,0.027000000000000135,0.0,0.0,0.0,0.0,0.0,-0.001000000000005663,0.0,0.0
VAL  11,R VAL  11,0.0,0.0,0.0,0.0,0.0,0.0,-0.009000000000000341,0.0,0.0,0.008000000000000007,0.0,0.0,0.0,0.0,0.0,-0.0010000000000012221,0.0,0.0
HID  12,R HID  12,0.0,0.0,0.0,-0.0010000000000012221,0.0,0.0,0.0009999999999976694,0.0,0.0,-0.002000000000000668,0.0,0.0,0.0,0.0,0.0,-0.0020000000000095497,0.0,0.0
GLN  13,R GLN  13,0.0,0.0,0.0,0.0,0.0,0.0,0.05999999999998806,0.0,0.0,-0.057000000000000384,0.0,0.0,0.0,0.0,0.0,0.0029999999999930083,0.0,0.0
ALA  14,R ALA  14,0.0,0.0,0.0,0.0,0.0,0.0,-0.02599999999999625,0.0,0.0,0.026000000000000245,0.0,0.0,0.0,0.0,0.0,5.329070518200751e-15,0.0,0.0
ILE  15,R ILE  15,0.0,0.0,0.0,-0.0009999999999994458,0.0,0.0,-0.0309999999999917,0.0,0.0,0.027000000000000135,0.0,0.0,0.0,0.0,0.0,-0.0049999999999954525,0.0,0.0
SER  16,R SER  16,0.0,0.0,0.0,-0.001000000000000334,0.0,0.0,0.08899999999999864,0.0,0.0,-0.0860000000000003,0.0,0.0,0.0,0.0,0.0,0.0019999999999935625,0.0,0.0
PRO  17,R PRO  17,0.0,0.0,0.0,-0.0019999999999997797,0.0,0.0,0.02499999999999858,0.0,0.0,-0.0259999999999998,0.0,0.0,0.0,0.0,0.0,-0.002999999999996561,0.0,0.0
ARG  18,R ARG  18,0.0,0.0,0.0,-0.0030000000000001137,0.0,0.0,-7.953000000000003,0.0,0.0,7.801000000000002,0.0,0.0,0.0,0.0,0.0,-0.15500000000000114,0.0,0.0
THR  19,R THR  19,0.0,0.0,0.0,-0.002000000000000668,0.0,0.0,0.2190000000000012,0.0,0.0,-0.2110000000000003,0.0,0.0,0.0,0.0,0.0,0.005999999999996675,0.0,0.0
LEU  20,R LEU  20,0.0,0.0,0.0,-0.006000000000000227,0.0,0.0,0.16199999999999903,0.0,0.0,-0.1509999999999998,0.0,0.0,0.0,0.0,0.0,0.004999999999999005,0.0,0.0
ASN  21,R ASN  21,0.0,0.0,0.0,-0.010999999999999233,0.0,0.0,-0.013999999999995794,0.0,0.0,0.013999999999999346,0.0,0.0,0.0,0.0,0.0,-0.01099999999999568,0.0,0.0
ALA  22,R ALA  22,0.0,0.0,0.0,-0.004999999999999893,0.0,0.0,0.3119999999999976,0.0,0.0,-0.3009999999999997,0.0,0.0,0.0,0.0,0.0,0.006000000000002892,0.0,0.0
TRP  23,R TRP  23,0.0,0.0,0.0,-0.019000000000001904,0.0,0.0,0.6260000000000048,0.0,0.0,-0.58,0.0,0.0,0.0,0.0,0.0,0.02699999999999747,0.0,0.0
VAL  24,R VAL  24,0.0,0.0,0.0,-0.05900000000000016,0.0,0.0,0.6899999999999977,0.0,0.0,-0.619,0.0,0.0,0.0,0.0,0.0,0.01199999999999335,0.0,0.0
LYS  25,R LYS  25,0.0,0.0,0.0,-0.08999999999999986,0.0,0.0,-10.034999999999997,0.0,0.0,9.806000000000001,0.0,0.0,0.0,0.0,0.0,-0.31899999999998485,0.0,0.0
VAL  26,R VAL  26,0.0,0.0,0.0,-0.026999999999999247,0.0,0.0,0.8030000000000115,0.0,0.0,-0.755,0.0,0.0,0.0,0.0,0.0,0.02100000000001856,0.0,0.0
VAL  27,R VAL  27,0.0,0.0,0.0,-0.13000000000000078,0.0,0.0,1.2289999999999992,0.0,0.0,-0.9969999999999999,0.0,0.0,0.0,0.0,0.0,0.10199999999999676,0.0,0.0
GLU  28,R GLU  28,0.0,0.0,0.0,-1.4699999999999998,0.0,0.0,16.105000000000004,0.0,0.0,-14.177999999999997,0.0,0.0,0.0,0.0,0.0,0.45700000000000784,0.0,0.0
GLU  29,R GLU  29,0.0,0.0,0.0,-0.274,0.0,0.0,16.356,0.0,0.0,-15.804000000000002,0.0,0.0,0.0,0.0,0.0,0.2779999999999987,0.0,0.0
LYS  30,R LYS  30,0.0,0.0,0.0,-0.05200000000000049,0.0,0.0,-14.106999999999985,0.0,0.0,13.74,0.0,0.0,0.0,0.0,0.0,-0.41899999999997806,0.0,0.0
ALA  31,R ALA  31,0.0,0.0,0.0,-0.1469999999999998,0.0,0.0,-0.3920000000000101,0.0,0.0,0.30800000000000005,0.0,0.0,0.0,0.0,0.0,-0.23100000000000165,0.0,0.0
PHE  32,R PHE  32,0.0,0.0,0.0,-0.20500000000000007,0.0,0.0,0.26899999999999125,0.0,0.0,-0.24400000000000022,0.0,0.0,0.0,0.0,0.0,-0.18000000000000682,0.0,0.0
SER  33,R SER  33,0.0,0.0,0.0,-0.0129999999999999,0.0,0.0,-0.3960000000000008,0.0,0.0,0.3969999999999998,0.0,0.0,0.0,0.0,0.0,-0.01199999999999335,0.0,0.0
PRO  34,R PRO  34,0.0,0.0,0.0,-0.004999999999999893,0.0,0.0,-0.19500000000000028,0.0,0.0,0.19399999999999995,0.0,0.0,0.0,0.0,0.0,-0.005999999999994898,0.0,0.0
GLU  35,R GLU  35,0.0,0.0,0.0,-0.006000000000000227,0.0,0.0,11.516000000000005,0.0,0.0,-11.282000000000004,0.0,0.0,0.0,0.0,0.0,0.22800000000000153,0.0,0.0
VAL  36,R VAL  36,0.0,0.0,0.0,-0.010999999999999233,0.0,0.0,-0.38400000000000034,0.0,0.0,0.366,0.0,0.0,0.0,0.0,0.0,-0.028999999999996362,0.0,0.0
ILE  37,R ILE  37,0.0,0.0,0.0,-0.0039999999999995595,0.0,0.0,-0.15400000000000347,0.0,0.0,0.15800000000000014,0.0,0.0,0.0,0.0,0.0,-8.881784197001252e-15,0.0,0.0
PRO  38,R PRO  38,0.0,0.0,0.0,-0.002000000000000668,0.0,0.0,-0.19400000000000261,0.0,0.0,0.19200000000000017,0.0,0.0,0.0,0.0,0.0,-0.004000000000011994,0.0,0.0
MET  39,R MET  39,0.0,0.0,0.0,-0.004999999999999893,0.0,0.0,-0.11200000000000898,0.0,0.0,0.1070000000000002,0.0,0.0,0.0,0.0,0.0,-0.01000000000001755,0.0,0.0
PHE  40,R PHE  40,0.0,0.0,0.0,-0.0039999999999995595,0.0,0.0,-0.16599999999999682,0.0,0.0,0.15900000000000003,0.0,0.0,0.0,0.0,0.0,-0.011000000000001675,0.0,0.0
SER  41,R SER  41,0.0,0.0,0.0,-0.0009999999999994458,0.0,0.0,-0.2190000000000012,0.0,0.0,0.21600000000000108,0.0,0.0,0.0,0.0,0.0,-0.003999999999997783,0.0,0.0
ALA  42,R ALA  42,0.0,0.0,0.0,-0.0009999999999994458,0.0,0.0,-0.16600000000001103,0.0,0.0,0.16299999999999937,0.0,0.0,0.0,0.0,0.0,-0.004000000000002224,0.0,0.0
LEU  43,R LEU  43,0.0,0.0,0.0,-0.0030000000000001137,0.0,0.0,-0.1629999999999967,0.0,0.0,0.15700000000000003,0.0,0.0,0.0,0.0,0.0,-0.008999999999996788,0.0,0.0
SER  44,R SER  44,0.0,0.0,0.0,-0.001000000000000334,0.0,0.0,-0.16800000000000637,0.0,0.0,0.16100000000000003,0.0,0.0,0.0,0.0,0.0,-0.008000000000009777,0.0,0.0
GLU  45,R GLU  45,0.0,0.0,0.0,0.0,0.0,0.0,6.7549999999999955,0.0,0.0,-6.6059999999999945,0.0,0.0,0.0,0.0,0.0,0.1490000000000009,0.0,0.0
GLY  46,R GLY  46,0.0,0.0,0.0,0.0,0.0,0.0,-0.03900000000000148,0.0,0.0,0.03600000000000003,0.0,0.0,0.0,0.0,0.0,-0.003000000000001002,0.0,0.0
ALA  47,R ALA  47,0.0,0.0,0.0,0.0,0.0,0.0,-0.054000000000002046,0.0,0.0,0.052999999999999936,0.0,0.0,0.0,0.0,0.0,-0.0010000000000021103,0.0,0.0
THR  48,R THR  48,0.0,0.0,0.0,0.0,0.0,0.0,0.05799999999999983,0.0,0.0,-0.05600000000000005,0.0,0.0,0.0,0.0,0.0,0.002000000000000668,0.0,0.0
PRO  49,R PRO  49,0.0,0.0,0.0,-0.0009999999999994458,0.0,0.0,0.06499999999999773,0.0,0.0,-0.063,0.0,0.0,0.0,0.0,0.0,0.0010000000000012221,0.0,0.0
GLN  50,R GLN  50,0.0,0.0,0.0,-0.0010000000000012221,0.0,0.0,0.04800000000000182,0.0,0.0,-0.047999999999999154,0.0,0.0,0.0,0.0,0.0,-0.0009999999999976694,0.0,0.0
ASP  51,R ASP  51,0.0,0.0,0.0,-0.001000000000000334,0.0,0.0,6.332000000000008,0.0,0.0,-6.184000000000001,0.0,0.0,0.0,0.0,0.0,0.14699999999999847,0.0,0.0
LEU  52,R LEU  52,0.0,0.0,0.0,-0.002000000000000668,0.0,0.0,0.07399999999999807,0.0,0.0,-0.07000000000000006,0.0,0.0,0.0,0.0,0.0,0.0020000000000024443,0.0,0.0
ASN  53,R ASN  53,0.0,0.0,0.0,-0.001000000000000334,0.0,0.0,0.08299999999999841,0.0,0.0,-0.07899999999999974,0.0,0.0,0.0,0.0,0.0,0.0030000000000001137,0.0,0.0
THR  54,R THR  54,0.0,0.0,0.0,-0.0019999999999997797,0.0,0.0,-0.0730000000000004,0.0,0.0,0.06799999999999995,0.0,0.0,0.0,0.0,0.0,-0.0070000000000014495,0.0,0.0
MET  55,R MET  55,0.0,0.0,0.0,-0.004999999999999005,0.0,0.0,0.02400000000000091,0.0,0.0,-0.016999999999999987,0.0,0.0,0.0,0.0,0.0,0.001999999999991342,0.0,0.0
LEU  56,R LEU  56,0.0,0.0,0.0,-0.004999999999999005,0.0,0.0,-0.02400000000000091,0.0,0.0,0.028000000000000004,0.0,0.0,0.0,0.0,0.0,-0.0010000000000047748,0.0,0.0
ASN  57,R ASN  57,0.0,0.0,0.0,-0.004999999999999893,0.0,0.0,-0.21299999999999386,0.0,0.0,0.20400000000000063,0.0,0.0,0.0,0.0,0.0,-0.013999999999981583,0.0,0.0
THR  58,R THR  58,0.0,0.0,0.0,-0.01100000000000012,0.0,0.0,-0.3120000000000047,0.0,0.0,0.28700000000000037,0.0,0.0,0.0,0.0,0.0,-0.03600000000000847,0.0,0.0
VAL  59,R VAL  59,0.0,0.0,0.0,-0.03300000000000125,0.0,0.0,-0.08200000000000074,0.0,0.0,0.07300000000000006,0.0,0.0,0.0,0.0,0.0,-0.04200000000000159,0.0,0.0
ALA  60,R ALA  60,0.0,0.0,0.0,-0.020000000000000018,0.0,0.0,0.008000000000009777,0.0,0.0,-0.006000000000000005,0.0,0.0,0.0,0.0,0.0,-0.01799999999998647,0.0,0.0
PRO  61,R PRO  61,0.0,0.0,0.0,-0.15300000000000002,0.0,0.0,-0.18900000000000006,0.0,0.0,0.1769999999999996,0.0,0.0,0.0,0.0,0.0,-0.16500000000000625,0.0,0.0
HID  62,R HID  62,0.0,0.0,0.0,-0.9030000000000005,0.0,0.0,-0.7660000000000053,0.0,0.0,1.3160000000000007,0.0,0.0,0.0,0.0,0.0,-0.352999999999998,0.0,0.0
GLN  63,R GLN  63,0.0,0.0,0.0,-0.06099999999999994,0.0,0.0,-0.1939999999999884,0.0,0.0,0.18900000000000006,0.0,0.0,0.0,0.0,0.0,-0.0659999999999954,0.0,0.0
ALA  64,R ALA  64,0.0,0.0,0.0,-0.05600000000000005,0.0,0.0,-0.23099999999999454,0.0,0.0,0.22199999999999998,0.0,0.0,0.0,0.0,0.0,-0.06499999999999151,0.0,0.0
ALA  65,R ALA  65,0.0,0.0,0.0,-0.034000000000000696,0.0,0.0,-0.1980000000000075,0.0,0.0,0.17599999999999993,0.0,0.0,0.0,0.0,0.0,-0.05600000000001337,0.0,0.0
ALA  66,R ALA  66,0.0,0.0,0.0,-0.011999999999999567,0.0,0.0,0.12999999999999545,0.0,0.0,-0.12400000000000011,0.0,0.0,0.0,0.0,0.0,-0.006000000000004668,0.0,0.0
GLN  67,R GLN  67,0.0,0.0,0.0,-0.011999999999998678,0.0,0.0,-0.04999999999999716,0.0,0.0,0.045999999999999375,0.0,0.0,0.0,0.0,0.0,-0.015999999999998238,0.0,0.0
MET  68,R MET  68,0.0,0.0,0.0,-0.009000000000000341,0.0,0.0,-0.19400000000000261,0.0,0.0,0.17999999999999972,0.0,0.0,0.0,0.0,0.0,-0.02300000000000324,0.0,0.0
LEU  69,R LEU  69,0.0,0.0,0.0,-0.006999999999999673,0.0,0.0,-0.08500000000000796,0.0,0.0,0.06899999999999995,0.0,0.0,0.0,0.0,0.0,-0.0229999999999988,0.0,0.0
LYS  70,R LYS  70,0.0,0.0,0.0,-0.0030000000000001137,0.0,0.0,-5.768000000000001,0.0,0.0,5.659000000000001,0.0,0.0,0.0,0.0,0.0,-0.11199999999998633,0.0,0.0
GLU  71,R GLU  71,0.0,0.0,0.0,-0.0030000000000001137,0.0,0.0,5.931999999999988,0.0,0.0,-5.822999999999993,0.0,0.0,0.0,0.0,0.0,0.10599999999999454,0.0,0.0
THR  72,R THR  72,0.0,0.0,0.0,-0.0019999999999988916,0.0,0.0,-0.05700000000000216,0.0,0.0,0.051000000000000156,0.0,0.0,0.0,0.0,0.0,-0.007999999999999119,0.0,0.0
ILE  73,R ILE  73,0.0,0.0,0.0,-0.002000000000000668,0.0,0.0,-0.03399999999999892,0.0,0.0,0.03400000000000025,0.0,0.0,0.0,0.0,0.0,-0.0020000000000095497,0.0,0.0
ASN  74,R ASN  74,0.0,0.0,0.0,-0.0010000000000012221,0.0,0.0,-0.09399999999999409,0.0,0.0,0.09200000000000053,0.0,0.0,0.0,0.0,0.0,-0.0030000000000001137,0.0,0.0
GLU  75,R GLU  75,0.0,0.0,0.0,-0.0009999999999994458,0.0,0.0,5.9979999999999976,0.0,0.0,-5.881,0.0,0.0,0.0,0.0,0.0,0.11599999999999966,0.0,0.0
GLU  76,R GLU  76,0.0,0.0,0.0,-0.0009999999999994458,0.0,0.0,6.365000000000002,0.0,0.0,-6.234999999999999,0.0,0.0,0.0,0.0,0.0,0.129000000000012,0.0,0.0
ALA  77,R ALA  77,0.0,0.0,0.0,0.0,0.0,0.0,-0.05900000000001171,0.0,0.0,0.06,0.0,0.0,0.0,0.0,0.0,0.0009999999999883435,0.0,0.0
ALA  78,R ALA  78,0.0,0.0,0.0,-0.001000000000000334,0.0,0.0,-0.06799999999999784,0.0,0.0,0.06899999999999995,0.0,0.0,0.0,0.0,0.0,1.0658141036401503e-14,0.0,0.0
GLU  79,R GLU  79,0.0,0.0,0.0,0.0,0.0,0.0,5.819000000000003,0.0,0.0,-5.692000000000007,0.0,0.0,0.0,0.0,0.0,0.12699999999999534,0.0,0.0
TRP  80,R TRP  80,0.0,0.0,0.0,0.0,0.0,0.0,-0.028000000000005798,0.0,0.0,0.029000000000000026,0.0,0.0,0.0,0.0,0.0,0.0009999999999941167,0.0,0.0
ASP  81,R ASP  81,0.0,0.0,0.0,-0.001000000000000334,0.0,0.0,5.069999999999993,0.0,0.0,-4.938999999999993,0.0,0.0,0.0,0.0,0.0,0.12999999999999545,0.0,0.0
ARG  82,R ARG  82,0.0,0.0,0.0,-0.0009999999999994458,0.0,0.0,-5.416999999999998,0.0,0.0,5.303000000000001,0.0,0.0,0.0,0.0,0.0,-0.1150000000000091,0.0,0.0
LEU  83,R LEU  83,0.0,0.0,0.0,0.0,0.0,0.0,-0.07000000000000739,0.0,0.0,0.06799999999999962,0.0,0.0,0.0,0.0,0.0,-0.0020000000000095497,0.0,0.0
HID  84,R HID  84,0.0,0.0,0.0,0.0,0.0,0.0,0.0,0.0,0.0,0.0039999999999995595,0.0,0.0,0.0,0.0,0.0,0.004000000000001336,0.0,0.0
PRO  85,R PRO  85,0.0,0.0,0.0,0.0,0.0,0.0,0.015999999999991132,0.0,0.0,-0.013999999999999346,0.0,0.0,0.0,0.0,0.0,0.001999999999991786,0.0,0.0
VAL  86,R VAL  86,0.0,0.0,0.0,0.0,0.0,0.0,-0.02499999999999858,0.0,0.0,0.02400000000000002,0.0,0.0,0.0,0.0,0.0,-0.0009999999999994458,0.0,0.0
HID  87,R HID  87,0.0,0.0,0.0,0.0,0.0,0.0,0.03899999999999437,0.0,0.0,-0.03599999999999959,0.0,0.0,0.0,0.0,0.0,0.0029999999999947846,0.0,0.0
ALA  88,R ALA  88,0.0,0.0,0.0,0.0,0.0,0.0,-0.001999999999995339,0.0,0.0,0.0030000000000001137,0.0,0.0,0.0,0.0,0.0,0.0010000000000047748,0.0,0.0
GLY  89,R GLY  89,0.0,0.0,0.0,0.0,0.0,0.0,0.04100000000001103,0.0,0.0,-0.0389999999999997,0.0,0.0,0.0,0.0,0.0,0.002000000000011326,0.0,0.0
PRO  90,R PRO  90,0.0,0.0,0.0,0.0,0.0,0.0,-0.019000000000005457,0.0,0.0,0.017999999999999794,0.0,0.0,0.0,0.0,0.0,-0.0010000000000047748,0.0,0.0
ILE  91,R ILE  91,0.0,0.0,0.0,0.0,0.0,0.0,-0.03300000000000125,0.0,0.0,0.03200000000000003,0.0,0.0,0.0,0.0,0.0,-0.0010000000000012221,0.0,0.0
ALA  92,R ALA  92,0.0,0.0,0.0,0.0,0.0,0.0,0.03999999999999204,0.0,0.0,-0.038000000000000256,0.0,0.0,0.0,0.0,0.0,0.001999999999991786,0.0,0.0
PRO  93,R PRO  93,0.0,0.0,0.0,-0.001000000000000112,0.0,0.0,0.01899999999999835,0.0,0.0,-0.019000000000000128,0.0,0.0,0.0,0.0,0.0,-0.0010000000000083276,0.0,0.0
GLY  94,R GLY  94,0.0,0.0,0.0,0.0,0.0,0.0,0.027000000000001023,0.0,0.0,-0.027000000000000135,0.0,0.0,0.0,0.0,0.0,8.881784197001252e-16,0.0,0.0
GLN  95,R GLN  95,0.0,0.0,0.0,-0.001000000000000334,0.0,0.0,-0.023000000000010346,0.0,0.0,0.02200000000000024,0.0,0.0,0.0,0.0,0.0,-0.0020000000000095497,0.0,0.0
MET  96,R MET  96,0.0,0.0,0.0,0.0,0.0,0.0,-0.05100000000000193,0.0,0.0,0.045999999999999375,0.0,0.0,0.0,0.0,0.0,-0.005000000000002558,0.0,0.0
ARG  97,R ARG  97,0.0,0.0,0.0,0.0,0.0,0.0,-4.975999999999999,0.0,0.0,4.846,0.0,0.0,0.0,0.0,0.0,-0.12999999999999545,0.0,0.0
GLU  98,R GLU  98,0.0,0.0,0.0,0.0,0.0,0.0,4.811999999999998,0.0,0.0,-4.680999999999997,0.0,0.0,0.0,0.0,0.0,0.13100000000000023,0.0,0.0
PRO  99,R PRO  99,0.0,0.0,0.0,0.0,0.0,0.0,-0.011000000000002785,0.0,0.0,0.01200000000000001,0.0,0.0,0.0,0.0,0.0,0.0009999999999976694,0.0,0.0
ARG 100,R ARG 100,0.0,0.0,0.0,-0.0009999999999994458,0.0,0.0,-5.015,0.0,0.0,4.8749999999999964,0.0,0.0,0.0,0.0,0.0,-0.1409999999999627,0.0,0.0
GLY 101,R GLY 101,0.0,0.0,0.0,0.0,0.0,0.0,0.046999999999997044,0.0,0.0,-0.04599999999999982,0.0,0.0,0.0,0.0,0.0,0.0009999999999967812,0.0,0.0
SER 102,R SER 102,0.0,0.0,0.0,0.0,0.0,0.0,0.013999999999995794,0.0,0.0,-0.013000000000000123,0.0,0.0,0.0,0.0,0.0,0.0009999999999950049,0.0,0.0
ASP 103,R ASP 103,0.0,0.0,0.0,0.0,0.0,0.0,5.280000000000001,0.0,0.0,-5.147999999999996,0.0,0.0,0.0,0.0,0.0,0.132000000000005,0.0,0.0
ILE 104,R ILE 104,0.0,0.0,0.0,0.0,0.0,0.0,0.022999999999996135,0.0,0.0,-0.02300000000000002,0.0,0.0,0.0,0.0,0.0,-4.440892098500626e-15,0.0,0.0
ALA 105,R ALA 105,0.0,0.0,0.0,-0.001000000000000334,0.0,0.0,0.01100000000000989,0.0,0.0,-0.013000000000000012,0.0,0.0,0.0,0.0,0.0,-0.002999999999980796,0.0,0.0
GLY 106,R GLY 106,0.0,0.0,0.0,0.0,0.0,0.0,-0.009000000000000341,0.0,0.0,0.007999999999999563,0.0,0.0,0.0,0.0,0.0,-0.001000000000000334,0.0,0.0
THR 107,R THR 107,0.0,0.0,0.0,0.0,0.0,0.0,-0.0009999999999976694,0.0,0.0,0.0009999999999994458,0.0,0.0,0.0,0.0,0.0,0.0,0.0,0.0
THR 108,R THR 108,0.0,0.0,0.0,0.0,0.0,0.0,-0.010000000000005116,0.0,0.0,0.008999999999999897,0.0,0.0,0.0,0.0,0.0,-0.0010000000000047748,0.0,0.0
SER 109,R SER 109,0.0,0.0,0.0,0.0,0.0,0.0,0.031999999999996476,0.0,0.0,-0.03400000000000025,0.0,0.0,0.0,0.0,0.0,-0.0020000000000037765,0.0,0.0
THR 110,R THR 110,0.0,0.0,0.0,0.0,0.0,0.0,0.009000000000000341,0.0,0.0,-0.008999999999999897,0.0,0.0,0.0,0.0,0.0,3.552713678800501e-15,0.0,0.0
LEU 111,R LEU 111,0.0,0.0,0.0,0.0,0.0,0.0,0.009000000000000341,0.0,0.0,-0.008999999999999453,0.0,0.0,0.0,0.0,0.0,0.0,0.0,0.0
GLN 112,R GLN 112,0.0,0.0,0.0,0.0,0.0,0.0,0.025000000000005684,0.0,0.0,-0.0259999999999998,0.0,0.0,0.0,0.0,0.0,-0.000999999999990564,0.0,0.0
GLU 113,R GLU 113,0.0,0.0,0.0,0.0,0.0,0.0,5.0530000000000115,0.0,0.0,-4.935000000000002,0.0,0.0,0.0,0.0,0.0,0.11800000000000921,0.0,0.0
GLN 114,R GLN 114,0.0,0.0,0.0,0.0,0.0,0.0,0.09799999999999898,0.0,0.0,-0.09400000000000003,0.0,0.0,0.0,0.0,0.0,0.003999999999997783,0.0,0.0
ILE 115,R ILE 115,0.0,0.0,0.0,-0.001000000000000334,0.0,0.0,0.01300000000000523,0.0,0.0,-0.01200000000000001,0.0,0.0,0.0,0.0,0.0,1.5987211554602254e-14,0.0,0.0
GLY 116,R GLY 116,0.0,0.0,0.0,0.0,0.0,0.0,-0.010000000000005116,0.0,0.0,0.010000000000000009,0.0,0.0,0.0,0.0,0.0,-4.440892098500626e-15,0.0,0.0
TRP 117,R TRP 117,0.0,0.0,0.0,0.0,0.0,0.0,0.0030000000000001137,0.0,0.0,-0.003999999999999948,0.0,0.0,0.0,0.0,0.0,-0.0010000000000012221,0.0,0.0
MET 118,R MET 118,0.0,0.0,0.0,0.0,0.0,0.0,-0.012999999999991019,0.0,0.0,0.014000000000000234,0.0,0.0,0.0,0.0,0.0,0.0010000000000092157,0.0,0.0
THR 119,R THR 119,0.0,0.0,0.0,0.0,0.0,0.0,-0.0519999999999996,0.0,0.0,0.04899999999999949,0.0,0.0,0.0,0.0,0.0,-0.0030000000000001137,0.0,0.0
HID 120,R HID 120,0.0,0.0,0.0,0.0,0.0,0.0,0.04100000000000392,0.0,0.0,-0.0389999999999997,0.0,0.0,0.0,0.0,0.0,0.0020000000000024443,0.0,0.0
ASN 121,R ASN 121,0.0,0.0,0.0,0.0,0.0,0.0,0.01100000000000989,0.0,0.0,-0.010999999999999233,0.0,0.0,0.0,0.0,0.0,7.105427357601002e-15,0.0,0.0
PRO 122,R PRO 122,0.0,0.0,0.0,0.0,0.0,0.0,-0.021000000000000796,0.0,0.0,0.019000000000000128,0.0,0.0,0.0,0.0,0.0,-0.0020000000000024443,0.0,0.0
PRO 123,R PRO 123,0.0,0.0,0.0,0.0,0.0,0.0,-0.026000000000003354,0.0,0.0,0.02699999999999969,0.0,0.0,0.0,0.0,0.0,0.0009999999999976694,0.0,0.0
ILE 124,R ILE 124,0.0,0.0,0.0,0.0,0.0,0.0,-0.010000000000005116,0.0,0.0,0.007000000000000006,0.0,0.0,0.0,0.0,0.0,-0.003000000000007219,0.0,0.0
PRO 125,R PRO 125,0.0,0.0,0.0,0.0,0.0,0.0,0.049000000000006594,0.0,0.0,-0.04600000000000004,0.0,0.0,0.0,0.0,0.0,0.0030000000000054428,0.0,0.0
VAL 126,R VAL 126,0.0,0.0,0.0,0.0,0.0,0.0,0.06899999999999551,0.0,0.0,-0.06799999999999999,0.0,0.0,0.0,0.0,0.0,0.000999999999995893,0.0,0.0
GLY 127,R GLY 127,0.0,0.0,0.0,0.0,0.0,0.0,0.07500000000000284,0.0,0.0,-0.07300000000000004,0.0,0.0,0.0,0.0,0.0,0.0020000000000024443,0.0,0.0
GLU 128,R GLU 128,0.0,0.0,0.0,0.0,0.0,0.0,6.722999999999999,0.0,0.0,-6.557000000000002,0.0,0.0,0.0,0.0,0.0,0.16599999999999682,0.0,0.0
ILE 129,R ILE 129,0.0,0.0,0.0,-0.0009999999999994458,0.0,0.0,0.11200000000000898,0.0,0.0,-0.10899999999999999,0.0,0.0,0.0,0.0,0.0,0.0020000000000184315,0.0,0.0
TYR 130,R TYR 130,0.0,0.0,0.0,-0.0019999999999988916,0.0,0.0,0.12000000000000455,0.0,0.0,-0.11499999999999999,0.0,0.0,0.0,0.0,0.0,0.0030000000000089955,0.0,0.0
LYS 131,R LYS 131,0.0,0.0,0.0,-0.0009999999999994458,0.0,0.0,-6.804000000000002,0.0,0.0,6.6399999999999935,0.0,0.0,0.0,0.0,0.0,-0.16500000000001336,0.0,0.0
ARG 132,R ARG 132,0.0,0.0,0.0,-0.0009999999999994458,0.0,0.0,-6.991,0.0,0.0,6.8340000000000005,0.0,0.0,0.0,0.0,0.0,-0.15800000000001546,0.0,0.0
TRP 133,R TRP 133,0.0,0.0,0.0,-0.0010000000000012221,0.0,0.0,0.13800000000000523,0.0,0.0,-0.137,0.0,0.0,0.0,0.0,0.0,1.7763568394002505e-15,0.0,0.0
ILE 134,R ILE 134,0.0,0.0,0.0,-0.0019999999999988916,0.0,0.0,0.1799999999999926,0.0,0.0,-0.16999999999999998,0.0,0.0,0.0,0.0,0.0,0.007999999999997343,0.0,0.0
ILE 135,R ILE 135,0.0,0.0,0.0,-0.002000000000000668,0.0,0.0,0.22699999999999676,0.0,0.0,-0.22100000000000003,0.0,0.0,0.0,0.0,0.0,0.003999999999987125,0.0,0.0
LEU 136,R LEU 136,0.0,0.0,0.0,-0.002000000000000668,0.0,0.0,0.2580000000000098,0.0,0.0,-0.2569999999999999,0.0,0.0,0.0,0.0,0.0,-0.0009999999999941167,0.0,0.0
GLY 137,R GLY 137,0.0,0.0,0.0,-0.0009999999999994458,0.0,0.0,0.2740000000000009,0.0,0.0,-0.2680000000000001,0.0,0.0,0.0,0.0,0.0,0.0049999999999954525,0.0,0.0
LEU 138,R LEU 138,0.0,0.0,0.0,-0.006999999999999673,0.0,0.0,0.38800000000000523,0.0,0.0,-0.376,0.0,0.0,0.0,0.0,0.0,0.005000000000007887,0.0,0.0
ASN 139,R ASN 139,0.0,0.0,0.0,-0.0030000000000001137,0.0,0.0,0.6760000000000019,0.0,0.0,-0.665,0.0,0.0,0.0,0.0,0.0,0.008000000000009777,0.0,0.0
LYS 140,R LYS 140,0.0,0.0,0.0,-0.006000000000000227,0.0,0.0,-7.819999999999993,0.0,0.0,7.677,0.0,0.0,0.0,0.0,0.0,-0.14899999999999336,0.0,0.0
ILE 141,R ILE 141,0.0,0.0,0.0,-0.02200000000000024,0.0,0.0,0.7119999999999891,0.0,0.0,-0.6909999999999998,0.0,0.0,0.0,0.0,0.0,-0.0010000000000163212,0.0,0.0
VAL 142,R VAL 142,0.0,0.0,0.0,-0.01100000000000012,0.0,0.0,0.6539999999999964,0.0,0.0,-0.6310000000000002,0.0,0.0,0.0,0.0,0.0,0.012000000000000455,0.0,0.0
ARG 143,R ARG 143,0.0,0.0,0.0,-0.009000000000000341,0.0,0.0,-11.887999999999998,0.0,0.0,11.658999999999999,0.0,0.0,0.0,0.0,0.0,-0.23799999999999955,0.0,0.0
MET 144,R MET 144,0.0,0.0,0.0,-0.04100000000000037,0.0,0.0,-0.8329999999999984,0.0,0.0,0.7669999999999995,0.0,0.0,0.0,0.0,0.0,-0.10699999999999577,0.0,0.0
TYR 145,R TYR 145,0.0,0.0,0.0,-0.03599999999999959,0.0,0.0,-0.18300000000000693,0.0,0.0,0.13699999999999868,0.0,0.0,0.0,0.0,0.0,-0.08200000000000962,0.0,0.0
SER 146,R SER 146,0.0,0.0,0.0,-0.09599999999999964,0.0,0.0,1.5870000000000033,0.0,0.0,-1.5039999999999996,0.0,0.0,0.0,0.0,0.0,-0.0129999999999999,0.0,0.0
PRO 147,R PRO 147,0.0,0.0,0.0,-0.1549999999999998,0.0,0.0,-1.7179999999999964,0.0,0.0,1.5970000000000004,0.0,0.0,0.0,0.0,0.0,-0.27599999999999625,0.0,0.0
THR 148,R THR 148,0.0,0.0,0.0,-2.257,0.0,0.0,2.669000000000004,0.0,0.0,-1.0969999999999995,0.0,0.0,0.0,0.0,0.0,-0.6849999999999952,0.0,0.0
SER 149,R SER 149,0.0,0.0,0.0,-4.2749999999999995,0.0,0.0,-8.624000000000002,0.0,0.0,8.601,0.0,0.0,0.0,0.0,0.0,-4.298,0.0,0.0
ILE 150,R ILE 150,20.951999999999998,0.0,0.0,-7.790000000000001,0.0,0.0,-31.401,0.0,0.0,8.987,0.0,0.0,0.0,0.0,0.0,-9.251999999999995,0.0,0.0
LEU 151,L LEU   1,20.655,0.0,0.0,-2.04,0.0,0.0,-25.907999999999994,0.0,0.0,1.3450000000000002,0.0,0.0,0.0,0.0,0.0,-5.9479999999999915,0.0,0.0
ASP 152,L ASP   2,0.0,0.0,0.0,-2.269,0.0,0.0,9.132999999999996,0.0,0.0,-7.8289999999999935,0.0,0.0,0.0,0.0,0.0,-0.9649999999999892,0.0,0.0
ILE 153,L ILE   3,0.0,0.0,0.0,-1.447,0.0,0.0,-0.8460000000000036,0.0,0.0,0.09699999999999998,0.0,0.0,0.0,0.0,0.0,-2.196000000000005,0.0,0.0
ARG 154,L ARG   4,0.0,0.0,0.0,-0.05900000000000016,0.0,0.0,-8.423000000000002,0.0,0.0,8.279,0.0,0.0,0.0,0.0,0.0,-0.20300000000000296,0.0,0.0
GLN 155,L GLN   5,0.0,0.0,0.0,-0.011000000000001009,0.0,0.0,0.022999999999996135,0.0,0.0,-0.0010000000000000009,0.0,0.0,0.0,0.0,0.0,0.01099999999999568,0.0,0.0
GLY 156,L GLY   6,0.0,0.0,0.0,-0.0029999999999996696,0.0,0.0,-0.03300000000000125,0.0,0.0,0.04800000000000004,0.0,0.0,0.0,0.0,0.0,0.011999999999998678,0.0,0.0
PRO 157,L PRO   7,0.0,0.0,0.0,-0.0019999999999997797,0.0,0.0,-0.08100000000000307,0.0,0.0,0.08399999999999963,0.0,0.0,0.0,0.0,0.0,0.0009999999999870113,0.0,0.0
LYS 158,L LYS   8,0.0,0.0,0.0,-0.0019999999999997797,0.0,0.0,-7.024000000000001,0.0,0.0,6.939000000000004,0.0,0.0,0.0,0.0,0.0,-0.08699999999999264,0.0,0.0
GLU 159,L GLU   9,0.0,0.0,0.0,-0.006000000000000227,0.0,0.0,9.190000000000012,0.0,0.0,-9.055999999999997,0.0,0.0,0.0,0.0,0.0,0.12800000000001432,0.0,0.0
PRO 160,L PRO  10,0.0,0.0,0.0,-0.0030000000000001137,0.0,0.0,0.19200000000000017,0.0,0.0,-0.19,0.0,0.0,0.0,0.0,0.0,-0.0010000000000012221,0.0,0.0
PHE 161,L PHE  11,0.0,0.0,0.0,-0.006000000000000227,0.0,0.0,0.1910000000000025,0.0,0.0,-0.19799999999999995,0.0,0.0,0.0,0.0,0.0,-0.012999999999998124,0.0,0.0
ARG 162,L ARG  12,0.0,0.0,0.0,-0.0039999999999995595,0.0,0.0,-7.443999999999999,0.0,0.0,7.348999999999998,0.0,0.0,0.0,0.0,0.0,-0.09899999999998954,0.0,0.0
ASP 163,L ASP  13,0.0,0.0,0.0,-0.006000000000000227,0.0,0.0,8.769999999999996,0.0,0.0,-8.710000000000008,0.0,0.0,0.0,0.0,0.0,0.053999999999987836,0.0,0.0
TYR 164,L TYR  14,0.0,0.0,0.0,-0.04499999999999815,0.0,0.0,0.4399999999999977,0.0,0.0,-0.40800000000000003,0.0,0.0,0.0,0.0,0.0,-0.012999999999989242,0.0,0.0
VAL 165,L VAL  15,0.0,0.0,0.0,-0.018000000000000682,0.0,0.0,0.25500000000000256,0.0,0.0,-0.262,0.0,0.0,0.0,0.0,0.0,-0.02499999999999858,0.0,0.0
ASP 166,L ASP  16,0.0,0.0,0.0,-0.019000000000000128,0.0,0.0,9.646999999999998,0.0,0.0,-9.605999999999995,0.0,0.0,0.0,0.0,0.0,0.022000000000012676,0.0,0.0
ARG 167,L ARG  17,0.0,0.0,0.0,-0.09299999999999997,0.0,0.0,-10.15,0.0,0.0,9.989999999999998,0.0,0.0,0.0,0.0,0.0,-0.2530000000000143,0.0,0.0
PHE 168,L PHE  18,0.0,0.0,0.0,-0.7279999999999998,0.0,0.0,0.12700000000000955,0.0,0.0,-0.21699999999999986,0.0,0.0,0.0,0.0,0.0,-0.8179999999999992,0.0,0.0
TYR 169,L TYR  19,0.0,0.0,0.0,-0.11099999999999888,0.0,0.0,0.3509999999999991,0.0,0.0,-0.39300000000000024,0.0,0.0,0.0,0.0,0.0,-0.15299999999999114,0.0,0.0
LYS 170,L LYS  20,0.0,0.0,0.0,-0.15700000000000003,0.0,0.0,-10.655000000000001,0.0,0.0,10.636,0.0,0.0,0.0,0.0,0.0,-0.1760000000000126,0.0,0.0
THR 171,L THR  21,0.0,0.0,0.0,-1.995,0.0,0.0,0.39099999999999824,0.0,0.0,0.129,0.0,0.0,0.0,0.0,0.0,-1.4750000000000014,0.0,0.0
LEU 172,L LEU  22,0.0,0.0,0.0,-1.0839999999999996,0.0,0.0,0.9340000000000117,0.0,0.0,-0.7730000000000001,0.0,0.0,0.0,0.0,0.0,-0.922999999999977,0.0,0.0
ARG 173,L ARG  23,0.0,0.0,0.0,-0.4530000000000003,0.0,0.0,-16.122999999999998,0.0,0.0,15.878,0.0,0.0,0.0,0.0,0.0,-0.6980000000000359,0.0,0.0
ALA 174,L ALA  24,0.0,0.0,0.0,-0.9630000000000001,0.0,0.0,0.6850000000000023,0.0,0.0,-0.5730000000000004,0.0,0.0,0.0,0.0,0.0,-0.850999999999992,0.0,0.0
GLU 175,L GLU  25,0.0,0.0,0.0,-2.447,0.0,0.0,6.682000000000002,0.0,0.0,-1.4519999999999982,0.0,0.0,0.0,0.0,0.0,2.7830000000000155,0.0,0.0
GLN 176,L GLN  26,0.0,0.0,0.0,-2.537,0.0,0.0,6.097000000000001,0.0,0.0,-4.779000000000002,0.0,0.0,0.0,0.0,0.0,-1.218999999999994,0.0,0.0
ALA 177,L ALA  27,0.0,0.0,0.0,-0.22199999999999953,0.0,0.0,0.6170000000000044,0.0,0.0,-0.512,0.0,0.0,0.0,0.0,0.0,-0.11699999999999022,0.0,0.0
SER 178,L SER  28,0.0,0.0,0.0,-0.08900000000000041,0.0,0.0,-1.2010000000000005,0.0,0.0,1.1050000000000004,0.0,0.0,0.0,0.0,0.0,-0.18499999999999872,0.0,0.0
GLN 179,L GLN  29,0.0,0.0,0.0,-0.04200000000000026,0.0,0.0,-0.9410000000000025,0.0,0.0,0.8900000000000006,0.0,0.0,0.0,0.0,0.0,-0.09300000000000352,0.0,0.0
GLU 180,L GLU  30,0.0,0.0,0.0,-0.02200000000000024,0.0,0.0,10.003,0.0,0.0,-9.897999999999996,0.0,0.0,0.0,0.0,0.0,0.08300000000001262,0.0,0.0
VAL 181,L VAL  31,0.0,0.0,0.0,-0.11099999999999977,0.0,0.0,-0.7560000000000002,0.0,0.0,0.7050000000000001,0.0,0.0,0.0,0.0,0.0,-0.16199999999999726,0.0,0.0
LYS 182,L LYS  32,0.0,0.0,0.0,-0.06799999999999962,0.0,0.0,-11.659000000000006,0.0,0.0,11.530000000000001,0.0,0.0,0.0,0.0,0.0,-0.19700000000000273,0.0,0.0
ASN 183,L ASN  33,0.0,0.0,0.0,-0.016000000000000014,0.0,0.0,-0.33900000000001285,0.0,0.0,0.33999999999999986,0.0,0.0,0.0,0.0,0.0,-0.015000000000000568,0.0,0.0
TRP 184,L TRP  34,0.0,0.0,0.0,-0.07600000000000051,0.0,0.0,-0.04399999999999693,0.0,0.0,0.07799999999999985,0.0,0.0,0.0,0.0,0.0,-0.041999999999990933,0.0,0.0
MET 185,L MET  35,0.0,0.0,0.0,-1.2289999999999992,0.0,0.0,-0.042999999999992156,0.0,0.0,0.37,0.0,0.0,0.0,0.0,0.0,-0.9019999999999913,0.0,0.0
THR 186,L THR  36,0.0,0.0,0.0,-0.028999999999999915,0.0,0.0,-0.04700000000000415,0.0,0.0,0.079,0.0,0.0,0.0,0.0,0.0,0.0030000000000001137,0.0,0.0
GLU 187,L GLU  37,0.0,0.0,0.0,-0.009999999999999787,0.0,0.0,7.6810000000000045,0.0,0.0,-7.548000000000002,0.0,0.0,0.0,0.0,0.0,0.12299999999999756,0.0,0.0
THR 188,L THR  38,0.0,0.0,0.0,-0.027000000000000135,0.0,0.0,-0.059000000000004604,0.0,0.0,0.08299999999999996,0.0,0.0,0.0,0.0,0.0,-0.0030000000000054428,0.0,0.0
LEU 189,L LEU  39,0.0,0.0,0.0,0.005000000000000782,0.0,0.0,-0.3130000000000024,0.0,0.0,0.24299999999999988,0.0,0.0,0.0,0.0,0.0,-0.06500000000000661,0.0,0.0
LEU 190,L LEU  40,0.0,0.0,0.0,-0.0519999999999996,0.0,0.0,0.012000000000000455,0.0,0.0,0.03700000000000003,0.0,0.0,0.0,0.0,0.0,-0.003000000000007219,0.0,0.0
VAL 191,L VAL  41,0.0,0.0,0.0,-0.009000000000000341,0.0,0.0,-0.018000000000000682,0.0,0.0,0.025000000000000022,0.0,0.0,0.0,0.0,0.0,-0.002000000000000668,0.0,0.0
GLN 192,L GLN  42,0.0,0.0,0.0,-0.014000000000000234,0.0,0.0,-0.2710000000000008,0.0,0.0,0.23899999999999988,0.0,0.0,0.0,0.0,0.0,-0.04600000000000648,0.0,0.0
ASN 193,L ASN  43,0.0,0.0,0.0,-0.06599999999999984,0.0,0.0,-0.9140000000000015,0.0,0.0,0.5970000000000001,0.0,0.0,0.0,0.0,0.0,-0.3830000000000098,0.0,0.0
ALA 194,L ALA  44,0.0,0.0,0.0,-0.006000000000000227,0.0,0.0,0.1039999999999992,0.0,0.0,-0.08999999999999986,0.0,0.0,0.0,0.0,0.0,0.007999999999999119,0.0,0.0
ASN 195,L ASN  45,0.0,0.0,0.0,-0.0030000000000001137,0.0,0.0,-0.10800000000000409,0.0,0.0,0.11900000000000066,0.0,0.0,0.0,0.0,0.0,0.007999999999995566,0.0,0.0
PRO 196,L PRO  46,0.0,0.0,0.0,-0.0009999999999998899,0.0,0.0,0.012999999999991019,0.0,0.0,-0.008,0.0,0.0,0.0,0.0,0.0,0.004000000000001336,0.0,0.0
ASP 197,L ASP  47,0.0,0.0,0.0,0.0,0.0,0.0,6.329999999999998,0.0,0.0,-6.14200000000001,0.0,0.0,0.0,0.0,0.0,0.18799999999998818,0.0,0.0
CYX 198,L CYX  48,0.0,0.0,0.0,-0.0010000000000012221,0.0,0.0,-0.07399999999999807,0.0,0.0,0.06699999999999995,0.0,0.0,0.0,0.0,0.0,-0.00800000000000356,0.0,0.0
LYS 199,L LYS  49,0.0,0.0,0.0,-0.0030000000000001137,0.0,0.0,-7.403999999999996,0.0,0.0,7.2059999999999995,0.0,0.0,0.0,0.0,0.0,-0.20100000000001117,0.0,0.0
THR 200,L THR  50,0.0,0.0,0.0,0.0,0.0,0.0,-0.08100000000000307,0.0,0.0,0.07400000000000029,0.0,0.0,0.0,0.0,0.0,-0.007000000000005002,0.0,0.0
ILE 201,L ILE  51,0.0,0.0,0.0,0.0,0.0,0.0,-0.06199999999999761,0.0,0.0,0.05900000000000005,0.0,0.0,0.0,0.0,0.0,-0.0029999999999983373,0.0,0.0
LEU 202,L LEU  52,0.0,0.0,0.0,-0.0030000000000001137,0.0,0.0,-0.07399999999999807,0.0,0.0,0.07199999999999962,0.0,0.0,0.0,0.0,0.0,-0.004999999999999005,0.0,0.0
LYS 203,L LYS  53,0.0,0.0,0.0,-0.0019999999999997797,0.0,0.0,-6.98299999999999,0.0,0.0,6.809999999999999,0.0,0.0,0.0,0.0,0.0,-0.1749999999999865,0.0,0.0
ALA 204,L ALA  54,0.0,0.0,0.0,0.0,0.0,0.0,-0.04800000000000182,0.0,0.0,0.04100000000000037,0.0,0.0,0.0,0.0,0.0,-0.0070000000000014495,0.0,0.0
LEU 205,L LEU  55,0.0,0.0,0.0,-0.0009999999999994458,0.0,0.0,-0.09300000000000352,0.0,0.0,0.08499999999999996,0.0,0.0,0.0,0.0,0.0,-0.009000000000009223,0.0,0.0
GLY 206,L GLY  56,0.0,0.0,0.0,-0.0009999999999998899,0.0,0.0,0.05099999999998772,0.0,0.0,-0.05400000000000027,0.0,0.0,0.0,0.0,0.0,-0.004000000000017323,0.0,0.0
PRO 207,L PRO  57,0.0,0.0,0.0,-0.0009999999999998899,0.0,0.0,-0.10499999999999687,0.0,0.0,0.10400000000000009,0.0,0.0,0.0,0.0,0.0,-0.0020000000000024443,0.0,0.0
GLY 208,L GLY  58,0.0,0.0,0.0,-0.001000000000000112,0.0,0.0,-0.10000000000000142,0.0,0.0,0.09700000000000131,0.0,0.0,0.0,0.0,0.0,-0.003999999999997783,0.0,0.0
ALA 209,L ALA  59,0.0,0.0,0.0,-0.001000000000000334,0.0,0.0,0.11899999999999977,0.0,0.0,-0.11900000000000005,0.0,0.0,0.0,0.0,0.0,-0.000999999999991008,0.0,0.0
THR 210,L THR  60,0.0,0.0,0.0,-0.0009999999999994458,0.0,0.0,-0.08599999999999852,0.0,0.0,0.08999999999999986,0.0,0.0,0.0,0.0,0.0,0.003000000000007219,0.0,0.0
LEU 211,L LEU  61,0.0,0.0,0.0,-0.006999999999999673,0.0,0.0,-0.10600000000000875,0.0,0.0,0.10999999999999988,0.0,0.0,0.0,0.0,0.0,-0.0030000000000054428,0.0,0.0
GLU 212,L GLU  62,0.0,0.0,0.0,-0.0019999999999997797,0.0,0.0,7.202999999999996,0.0,0.0,-7.135999999999996,0.0,0.0,0.0,0.0,0.0,0.06499999999999773,0.0,0.0
GLU 213,L GLU  63,0.0,0.0,0.0,-0.0010000000000012221,0.0,0.0,6.3770000000000024,0.0,0.0,-6.300999999999988,0.0,0.0,0.0,0.0,0.0,0.07500000000000995,0.0,0.0
MET 214,L MET  64,0.0,0.0,0.0,-0.0030000000000001137,0.0,0.0,-0.015000000000000568,0.0,0.0,0.020000000000000018,0.0,0.0,0.0,0.0,0.0,0.0019999999999997797,0.0,0.0
MET 215,L MET  65,0.0,0.0,0.0,-0.0030000000000001137,0.0,0.0,0.015000000000000568,0.0,0.0,-0.004999999999999893,0.0,0.0,0.0,0.0,0.0,0.007000000000000561,0.0,0.0
THR 216,L THR  66,0.0,0.0,0.0,0.0,0.0,0.0,-0.07000000000000028,0.0,0.0,0.07200000000000006,0.0,0.0,0.0,0.0,0.0,0.0019999999999988916,0.0,0.0
ALA 217,L ALA  67,0.0,0.0,0.0,0.0,0.0,0.0,-0.0799999999999983,0.0,0.0,0.08400000000000007,0.0,0.0,0.0,0.0,0.0,0.004000000000002224,0.0,0.0
CYX 218,L CYX  68,0.0,0.0,0.0,-0.001000000000000334,0.0,0.0,-0.0309999999999917,0.0,0.0,0.02800000000000047,0.0,0.0,0.0,0.0,0.0,-0.003999999999996007,0.0,0.0
GLN 219,L GLN  69,0.0,0.0,0.0,-0.0009999999999994458,0.0,0.0,0.26600000000000534,0.0,0.0,-0.25599999999999934,0.0,0.0,0.0,0.0,0.0,0.009000000000000341,0.0,0.0
GLY 220,L GLY  70,0.0,0.0,0.0,-0.001000000000000334,0.0,0.0,-0.07500000000000284,0.0,0.0,0.07899999999999974,0.0,0.0,0.0,0.0,0.0,0.002999999999991232,0.0,0.0
VAL 221,L VAL  71,0.0,0.0,0.0,-0.001000000000000334,0.0,0.0,6.839000000000006,0.0,0.0,-6.751999999999995,0.0,0.0,0.0,0.0,0.0,0.08600000000001273,0.0,0.0

