| Run on Thu Jan 29 17:49:15 2026
| GB non-polar solvation energies calculated with gbsa=2
idecomp = 1: Per-residue decomp adding 1-4 interactions to Internal.
Energy Decomposition Analysis (All units kcal/mol): Generalized Born solvent
Complex:
Total Energy Decomposition:
Residue,Internal,,,van der Waals,,,Electrostatic,,,Polar Solvation,,,Non-Polar Solv.,,,TOTAL,,
,Avg.,Std. Dev.,Std. Err. of Mean,Avg.,Std. Dev.,Std. Err. of Mean,Avg.,Std. Dev.,Std. Err. of Mean,Avg.,Std. Dev.,Std. Err. of Mean,Avg.,Std. Dev.,Std. Err. of Mean,Avg.,Std. Dev.,Std. Err. of Mean
PRO   1,97.71,0.0,0.0,-6.783,0.0,0.0,-106.842,0.0,0.0,8.551,0.0,0.0,0.1868545,0.0,0.0,-7.177145500000006,0.0,0.0
ILE   2,90.846,0.0,0.0,-8.912,0.0,0.0,-67.045,0.0,0.0,-2.843,0.0,0.0,0.04185324000000001,0.0,0.0,12.087853239999996,0.0,0.0
VAL   3,46.189,0.0,0.0,-5.946,0.0,0.0,-53.303,0.0,0.0,-3.126,0.0,0.0,0.43673818,0.0,0.0,-15.749261819999996,0.0,0.0
GLN   4,22.861,0.0,0.0,-6.117,0.0,0.0,-58.119,0.0,0.0,-14.924,0.0,0.0,0.53686184,0.0,0.0,-55.76213816,0.0,0.0
ASN   5,41.858,0.0,0.0,-5.775,0.0,0.0,-88.457,0.0,0.0,-14.746,0.0,0.0,0.52951232,0.0,0.0,-66.59048768,0.0,0.0
LEU   6,69.316,0.0,0.0,-1.964,0.0,0.0,-66.226,0.0,0.0,-8.471,0.0,0.0,1.11043876,0.0,0.0,-6.234561239999995,0.0,0.0
GLN   7,33.229,0.0,0.0,-3.844,0.0,0.0,-69.688,0.0,0.0,-15.759,0.0,0.0,0.8800237200000002,0.0,0.0,-55.18197628000001,0.0,0.0
GLY   8,79.13,0.0,0.0,-3.608,0.0,0.0,-72.898,0.0,0.0,-6.162,0.0,0.0,0.1372073,0.0,0.0,-3.4007927000000047,0.0,0.0
GLN   9,27.102,0.0,0.0,-3.334,0.0,0.0,-63.681,0.0,0.0,-19.67,0.0,0.0,0.9514376400000001,0.0,0.0,-58.63156236,0.0,0.0
MET  10,103.375,0.0,0.0,-8.341,0.0,0.0,-79.484,0.0,0.0,-6.533,0.0,0.0,0.28942258000000004,0.0,0.0,9.30642258000001,0.0,0.0
VAL  11,46.009,0.0,0.0,-5.889,0.0,0.0,-51.812,0.0,0.0,-2.399,0.0,0.0,0.44003896000000003,0.0,0.0,-13.65096104,0.0,0.0
HID  12,90.571,0.0,0.0,-10.485,0.0,0.0,-61.009,0.0,0.0,-9.966,0.0,0.0,0.24022524000000003,0.0,0.0,9.35122524,0.0,0.0
GLN  13,36.182,0.0,0.0,-4.37,0.0,0.0,-75.749,0.0,0.0,-11.226,0.0,0.0,0.5607803,0.0,0.0,-54.6022197,0.0,0.0
ALA  14,94.567,0.0,0.0,-3.225,0.0,0.0,-77.146,0.0,0.0,-3.822,0.0,0.0,0.52104086,0.0,0.0,10.895040859999998,0.0,0.0
ILE  15,95.22,0.0,0.0,-7.025,0.0,0.0,-73.03,0.0,0.0,-4.801,0.0,0.0,0.19554276000000004,0.0,0.0,10.559542759999992,0.0,0.0
SER  16,70.743,0.0,0.0,-5.674,0.0,0.0,-49.848,0.0,0.0,-7.478,0.0,0.0,0.17236684000000002,0.0,0.0,7.91536683999999,0.0,0.0
PRO  17,90.754,0.0,0.0,-4.222,0.0,0.0,-60.222,0.0,0.0,-5.124,0.0,0.0,0.51618454,0.0,0.0,21.70218454000001,0.0,0.0
ARG  18,-186.211,0.0,0.0,-4.854,0.0,0.0,70.819,0.0,0.0,-56.589,0.0,0.0,0.9912258600000001,0.0,0.0,-175.84377414000005,0.0,0.0
THR  19,45.114,0.0,0.0,-7.995,0.0,0.0,-58.103,0.0,0.0,-2.296,0.0,0.0,0.19455090000000003,0.0,0.0,-23.0854491,0.0,0.0
LEU  20,63.725,0.0,0.0,-11.054,0.0,0.0,-58.149,0.0,0.0,-4.049,0.0,0.0,0.17115818000000002,0.0,0.0,-9.35584182,0.0,0.0
ASN  21,34.251,0.0,0.0,-4.783,0.0,0.0,-83.547,0.0,0.0,-17.913,0.0,0.0,0.46617420000000004,0.0,0.0,-71.5258258,0.0,0.0
ALA  22,96.103,0.0,0.0,-4.159,0.0,0.0,-83.493,0.0,0.0,-3.526,0.0,0.0,0.17787898000000002,0.0,0.0,5.102878979999994,0.0,0.0
TRP  23,138.394,0.0,0.0,-14.557,0.0,0.0,-99.653,0.0,0.0,-4.748,0.0,0.0,0.00306772,0.0,0.0,19.439067719999997,0.0,0.0
VAL  24,68.581,0.0,0.0,-9.005,0.0,0.0,-63.128,0.0,0.0,-2.802,0.0,0.0,0.09686082,0.0,0.0,-6.257139179999999,0.0,0.0
LYS  25,139.986,0.0,0.0,-8.246,0.0,0.0,-98.649,0.0,0.0,-39.246,0.0,0.0,0.7579002800000001,0.0,0.0,-5.397099720000022,0.0,0.0
VAL  26,71.544,0.0,0.0,-9.666,0.0,0.0,-69.875,0.0,0.0,-3.515,0.0,0.0,0.06399394,0.0,0.0,-11.44800606,0.0,0.0
VAL  27,43.282,0.0,0.0,-9.783,0.0,0.0,-48.612,0.0,0.0,-3.701,0.0,0.0,0.05782056,0.0,0.0,-18.756179440000007,0.0,0.0
GLU  28,101.292,0.0,0.0,-9.317,0.0,0.0,-86.399,0.0,0.0,-59.561,0.0,0.0,0.33060374000000003,0.0,0.0,-53.654396260000006,0.0,0.0
GLU  29,112.69,0.0,0.0,-8.251,0.0,0.0,-90.545,0.0,0.0,-60.171,0.0,0.0,0.43900916000000006,0.0,0.0,-45.83799084000001,0.0,0.0
LYS  30,118.312,0.0,0.0,-10.731,0.0,0.0,-121.928,0.0,0.0,-4.315,0.0,0.0,0.40157864000000004,0.0,0.0,-18.260421359999995,0.0,0.0
ALA  31,91.271,0.0,0.0,-6.797,0.0,0.0,-72.159,0.0,0.0,-8.564,0.0,0.0,0.0632243,0.0,0.0,3.8142242999999976,0.0,0.0
PHE  32,103.116,0.0,0.0,-9.024,0.0,0.0,-73.533,0.0,0.0,-10.833,0.0,0.0,0.5758641600000001,0.0,0.0,10.301864159999997,0.0,0.0
SER  33,80.91,0.0,0.0,-5.781,0.0,0.0,-61.34,0.0,0.0,-3.502,0.0,0.0,0.0816523,0.0,0.0,10.368652299999988,0.0,0.0
PRO  34,75.177,0.0,0.0,-6.644,0.0,0.0,-57.899,0.0,0.0,-0.819,0.0,0.0,0.37674962,0.0,0.0,10.191749620000001,0.0,0.0
GLU  35,105.112,0.0,0.0,-6.684,0.0,0.0,-76.646,0.0,0.0,-75.151,0.0,0.0,0.53918702,0.0,0.0,-52.82981298,0.0,0.0
VAL  36,49.818,0.0,0.0,-10.178,0.0,0.0,-55.254,0.0,0.0,1.019,0.0,0.0,0.0143901,0.0,0.0,-14.580609899999997,0.0,0.0
ILE  37,87.988,0.0,0.0,-7.914,0.0,0.0,-61.686,0.0,0.0,0.435,0.0,0.0,0.15516918000000002,0.0,0.0,18.97816918,0.0,0.0
PRO  38,83.342,0.0,0.0,-6.222,0.0,0.0,-59.831,0.0,0.0,-2.273,0.0,0.0,0.48290573999999997,0.0,0.0,15.498905740000001,0.0,0.0
MET  39,89.541,0.0,0.0,-8.248,0.0,0.0,-70.163,0.0,0.0,-3.423,0.0,0.0,0.39479822,0.0,0.0,8.101798219999996,0.0,0.0
PHE  40,102.821,0.0,0.0,-14.377,0.0,0.0,-82.646,0.0,0.0,-2.187,0.0,0.0,0.0,0.0,0.0,3.611000000000002,0.0,0.0
SER  41,80.847,0.0,0.0,-6.186,0.0,0.0,-65.894,0.0,0.0,-7.903,0.0,0.0,0.28163404000000003,0.0,0.0,1.1456340399999965,0.0,0.0
ALA  42,81.938,0.0,0.0,-4.98,0.0,0.0,-62.451,0.0,0.0,-7.057,0.0,0.0,0.32483144,0.0,0.0,7.774831439999997,0.0,0.0
LEU  43,76.215,0.0,0.0,-7.266,0.0,0.0,-74.289,0.0,0.0,-3.352,0.0,0.0,0.30305388000000005,0.0,0.0,-8.388946120000004,0.0,0.0
SER  44,77.357,0.0,0.0,-6.997,0.0,0.0,-77.525,0.0,0.0,0.581,0.0,0.0,0.0,0.0,0.0,-6.584000000000007,0.0,0.0
GLU  45,103.711,0.0,0.0,-5.87,0.0,0.0,-61.977,0.0,0.0,-84.693,0.0,0.0,0.71015008,0.0,0.0,-48.11884992,0.0,0.0
GLY  46,67.676,0.0,0.0,-3.929,0.0,0.0,-67.86,0.0,0.0,-1.19,0.0,0.0,0.01510554,0.0,0.0,-5.287894459999999,0.0,0.0
ALA  47,99.983,0.0,0.0,-7.343,0.0,0.0,-88.898,0.0,0.0,-1.785,0.0,0.0,0.012563560000000001,0.0,0.0,1.9695635600000045,0.0,0.0
THR  48,57.051,0.0,0.0,-9.28,0.0,0.0,-62.544,0.0,0.0,-0.293,0.0,0.0,0.0,0.0,0.0,-15.065999999999995,0.0,0.0
PRO  49,80.398,0.0,0.0,-10.998,0.0,0.0,-57.191,0.0,0.0,0.324,0.0,0.0,0.0,0.0,0.0,12.532999999999989,0.0,0.0
GLN  50,25.111,0.0,0.0,-8.53,0.0,0.0,-71.01,0.0,0.0,-10.347,0.0,0.0,0.48835284000000007,0.0,0.0,-64.28764715999999,0.0,0.0
ASP  51,89.499,0.0,0.0,-9.79,0.0,0.0,-121.659,0.0,0.0,-20.703,0.0,0.0,0.013425340000000001,0.0,0.0,-62.63957466000001,0.0,0.0
LEU  52,67.974,0.0,0.0,-13.934,0.0,0.0,-70.287,0.0,0.0,-0.165,0.0,0.0,0.0,0.0,0.0,-16.412,0.0,0.0
ASN  53,34.586,0.0,0.0,-7.872,0.0,0.0,-98.773,0.0,0.0,-4.132,0.0,0.0,0.12277384000000001,0.0,0.0,-76.06822616000001,0.0,0.0
THR  54,50.315,0.0,0.0,-7.16,0.0,0.0,-66.762,0.0,0.0,-0.931,0.0,0.0,0.23107086000000002,0.0,0.0,-24.30692914,0.0,0.0
MET  55,84.278,0.0,0.0,-10.963,0.0,0.0,-68.898,0.0,0.0,-1.105,0.0,0.0,0.0021571600000000004,0.0,0.0,3.3141571600000157,0.0,0.0
LEU  56,68.046,0.0,0.0,-11.096,0.0,0.0,-74.236,0.0,0.0,0.135,0.0,0.0,0.06160372,0.0,0.0,-17.08939628,0.0,0.0
ASN  57,36.237,0.0,0.0,-6.654,0.0,0.0,-92.971,0.0,0.0,-9.268,0.0,0.0,0.5111656200000001,0.0,0.0,-72.14483438,0.0,0.0
THR  58,56.692,0.0,0.0,-7.977,0.0,0.0,-65.033,0.0,0.0,-2.204,0.0,0.0,0.19125554,0.0,0.0,-18.33074446,0.0,0.0
VAL  59,52.386,0.0,0.0,-11.135,0.0,0.0,-44.308,0.0,0.0,-0.835,0.0,0.0,0.0,0.0,0.0,-3.891999999999995,0.0,0.0
ALA  60,89.212,0.0,0.0,-4.119,0.0,0.0,-62.982,0.0,0.0,-5.817,0.0,0.0,0.29548214000000006,0.0,0.0,16.589482140000005,0.0,0.0
PRO  61,78.4,0.0,0.0,-4.357,0.0,0.0,-55.534,0.0,0.0,-4.265,0.0,0.0,0.5689265600000001,0.0,0.0,14.812926560000006,0.0,0.0
HID  62,97.408,0.0,0.0,-7.623,0.0,0.0,-68.001,0.0,0.0,-10.174,0.0,0.0,0.52352322,0.0,0.0,12.133523219999992,0.0,0.0
GLN  63,24.151,0.0,0.0,-7.546,0.0,0.0,-62.755,0.0,0.0,-12.323,0.0,0.0,0.49751264000000006,0.0,0.0,-57.97548736,0.0,0.0
ALA  64,86.934,0.0,0.0,-1.56,0.0,0.0,-72.378,0.0,0.0,-3.935,0.0,0.0,0.44543186000000007,0.0,0.0,9.506431859999994,0.0,0.0
ALA  65,89.147,0.0,0.0,-5.92,0.0,0.0,-75.409,0.0,0.0,-1.774,0.0,0.0,0.04016762,0.0,0.0,6.084167619999998,0.0,0.0
ALA  66,92.837,0.0,0.0,-6.863,0.0,0.0,-80.31,0.0,0.0,-1.307,0.0,0.0,0.0143901,0.0,0.0,4.371390100000001,0.0,0.0
GLN  67,32.4,0.0,0.0,-6.968,0.0,0.0,-85.283,0.0,0.0,-1.432,0.0,0.0,0.6008991400000001,0.0,0.0,-60.68210086,0.0,0.0
MET  68,87.532,0.0,0.0,-8.39,0.0,0.0,-74.987,0.0,0.0,-1.952,0.0,0.0,0.28564484,0.0,0.0,2.488644840000001,0.0,0.0
LEU  69,77.216,0.0,0.0,-12.736,0.0,0.0,-75.064,0.0,0.0,-3.534,0.0,0.0,0.0,0.0,0.0,-14.118000000000002,0.0,0.0
LYS  70,124.735,0.0,0.0,-8.989,0.0,0.0,-114.527,0.0,0.0,-22.771,0.0,0.0,0.47420122000000003,0.0,0.0,-21.077798780000006,0.0,0.0
GLU  71,109.822,0.0,0.0,-8.365,0.0,0.0,-85.362,0.0,0.0,-74.472,0.0,0.0,0.5202224400000001,0.0,0.0,-57.85677755999998,0.0,0.0
THR  72,47.883,0.0,0.0,-8.554,0.0,0.0,-57.903,0.0,0.0,-5.097,0.0,0.0,0.0,0.0,0.0,-23.671,0.0,0.0
ILE  73,75.247,0.0,0.0,-10.844,0.0,0.0,-51.87,0.0,0.0,-4.556,0.0,0.0,0.0778312,0.0,0.0,8.054831200000008,0.0,0.0
ASN  74,23.025,0.0,0.0,-6.657,0.0,0.0,-75.67,0.0,0.0,-15.157,0.0,0.0,0.6007257,0.0,0.0,-73.8582743,0.0,0.0
GLU  75,107.463,0.0,0.0,-7.736,0.0,0.0,-58.971,0.0,0.0,-94.18,0.0,0.0,0.5045749,0.0,0.0,-52.91942510000001,0.0,0.0
GLU  76,95.182,0.0,0.0,-10.368,0.0,0.0,-47.944,0.0,0.0,-92.309,0.0,0.0,0.15796590000000002,0.0,0.0,-55.28103409999999,0.0,0.0
ALA  77,83.629,0.0,0.0,-7.341,0.0,0.0,-69.512,0.0,0.0,-3.541,0.0,0.0,0.14642672,0.0,0.0,3.3814267200000105,0.0,0.0
ALA  78,95.805,0.0,0.0,-6.476,0.0,0.0,-85.195,0.0,0.0,0.72,0.0,0.0,0.21386778000000004,0.0,0.0,5.0678677800000145,0.0,0.0
GLU  79,104.007,0.0,0.0,-9.362,0.0,0.0,-69.264,0.0,0.0,-83.49,0.0,0.0,0.3312704,0.0,0.0,-57.77772959999998,0.0,0.0
TRP  80,111.985,0.0,0.0,-17.032,0.0,0.0,-86.932,0.0,0.0,-2.601,0.0,0.0,0.19006856,0.0,0.0,5.610068560000001,0.0,0.0
ASP  81,102.144,0.0,0.0,-6.792,0.0,0.0,-73.699,0.0,0.0,-74.218,0.0,0.0,0.40683604,0.0,0.0,-52.158163959999996,0.0,0.0
ARG  82,-194.167,0.0,0.0,-9.01,0.0,0.0,-5.03,0.0,0.0,31.818,0.0,0.0,0.92893922,0.0,0.0,-175.46006078,0.0,0.0
LEU  83,66.669,0.0,0.0,-6.919,0.0,0.0,-69.182,0.0,0.0,-3.959,0.0,0.0,0.6915161200000001,0.0,0.0,-12.699483880000003,0.0,0.0
HID  84,110.898,0.0,0.0,-6.616,0.0,0.0,-75.532,0.0,0.0,-9.534,0.0,0.0,0.5870889800000001,0.0,0.0,19.803088980000002,0.0,0.0
PRO  85,87.596,0.0,0.0,-5.11,0.0,0.0,-66.068,0.0,0.0,-5.449,0.0,0.0,0.54234688,0.0,0.0,11.511346880000007,0.0,0.0
VAL  86,53.864,0.0,0.0,-4.243,0.0,0.0,-52.136,0.0,0.0,-5.744,0.0,0.0,0.56243882,0.0,0.0,-7.696561180000008,0.0,0.0
HID  87,94.407,0.0,0.0,-6.841,0.0,0.0,-57.234,0.0,0.0,-14.024,0.0,0.0,0.50376732,0.0,0.0,16.81176732,0.0,0.0
ALA  88,88.309,0.0,0.0,-1.957,0.0,0.0,-69.34,0.0,0.0,-8.726,0.0,0.0,0.7117002,0.0,0.0,8.997700199999999,0.0,0.0
GLY  89,94.783,0.0,0.0,-1.37,0.0,0.0,-76.755,0.0,0.0,-7.695,0.0,0.0,0.25952586000000005,0.0,0.0,9.222525860000001,0.0,0.0
PRO  90,84.162,0.0,0.0,-3.93,0.0,0.0,-56.795,0.0,0.0,-7.581,0.0,0.0,0.7341606800000001,0.0,0.0,16.590160679999997,0.0,0.0
ILE  91,74.961,0.0,0.0,-3.36,0.0,0.0,-56.194,0.0,0.0,-3.038,0.0,0.0,0.53805424,0.0,0.0,12.907054239999995,0.0,0.0
ALA  92,96.435,0.0,0.0,-3.296,0.0,0.0,-70.207,0.0,0.0,-4.607,0.0,0.0,0.23407354,0.0,0.0,18.559073540000004,0.0,0.0
PRO  93,82.736,0.0,0.0,-2.515,0.0,0.0,-57.527,0.0,0.0,-7.026,0.0,0.0,0.7256458600000001,0.0,0.0,16.393645860000003,0.0,0.0
GLY  94,73.955,0.0,0.0,-1.871,0.0,0.0,-66.802,0.0,0.0,-6.772,0.0,0.0,0.53817348,0.0,0.0,-0.9518265200000038,0.0,0.0
GLN  95,42.573,0.0,0.0,-4.348,0.0,0.0,-73.077,0.0,0.0,-18.74,0.0,0.0,0.72346702,0.0,0.0,-52.86853298,0.0,0.0
MET  96,110.228,0.0,0.0,-4.707,0.0,0.0,-76.954,0.0,0.0,-9.704,0.0,0.0,0.43927474,0.0,0.0,19.302274740000005,0.0,0.0
ARG  97,-187.775,0.0,0.0,-6.981,0.0,0.0,-23.109,0.0,0.0,33.608,0.0,0.0,0.3325712,0.0,0.0,-183.92442880000002,0.0,0.0
GLU  98,110.392,0.0,0.0,-5.8,0.0,0.0,-53.933,0.0,0.0,-95.786,0.0,0.0,0.63249774,0.0,0.0,-44.494502260000004,0.0,0.0
PRO  99,97.383,0.0,0.0,-9.367,0.0,0.0,-63.374,0.0,0.0,-2.105,0.0,0.0,0.05582058,0.0,0.0,22.592820579999987,0.0,0.0
ARG 100,-180.336,0.0,0.0,-11.774,0.0,0.0,-12.586,0.0,0.0,30.404,0.0,0.0,0.29000252000000004,0.0,0.0,-174.00199748000003,0.0,0.0
GLY 101,80.247,0.0,0.0,-3.907,0.0,0.0,-80.753,0.0,0.0,-2.199,0.0,0.0,0.014270860000000002,0.0,0.0,-6.597729139999997,0.0,0.0
SER 102,70.43,0.0,0.0,-5.345,0.0,0.0,-65.744,0.0,0.0,-2.853,0.0,0.0,0.26149874,0.0,0.0,-3.250501259999992,0.0,0.0
ASP 103,91.178,0.0,0.0,-10.076,0.0,0.0,-96.893,0.0,0.0,-44.792,0.0,0.0,0.0195391,0.0,0.0,-60.563460899999995,0.0,0.0
ILE 104,83.113,0.0,0.0,-13.645,0.0,0.0,-62.323,0.0,0.0,-1.144,0.0,0.0,0.0,0.0,0.0,6.001000000000003,0.0,0.0
ALA 105,85.478,0.0,0.0,-6.867,0.0,0.0,-78.273,0.0,0.0,0.336,0.0,0.0,0.04833556,0.0,0.0,0.7223355599999939,0.0,0.0
GLY 106,92.236,0.0,0.0,-5.921,0.0,0.0,-85.38,0.0,0.0,-1.861,0.0,0.0,0.02416778,0.0,0.0,-0.9018322199999977,0.0,0.0
THR 107,56.598,0.0,0.0,-4.926,0.0,0.0,-56.22,0.0,0.0,-7.773,0.0,0.0,0.64042178,0.0,0.0,-11.680578220000001,0.0,0.0
THR 108,39.067,0.0,0.0,-2.698,0.0,0.0,-56.095,0.0,0.0,-2.707,0.0,0.0,0.50532286,0.0,0.0,-21.92767714,0.0,0.0
SER 109,68.64,0.0,0.0,-5.269,0.0,0.0,-65.347,0.0,0.0,-1.842,0.0,0.0,0.037365480000000006,0.0,0.0,-3.780634519999992,0.0,0.0
THR 110,37.314,0.0,0.0,-6.301,0.0,0.0,-34.22,0.0,0.0,-8.587,0.0,0.0,0.44885188,0.0,0.0,-11.345148120000001,0.0,0.0
LEU 111,65.156,0.0,0.0,-7.856,0.0,0.0,-64.56,0.0,0.0,-4.967,0.0,0.0,0.43178972,0.0,0.0,-11.795210279999997,0.0,0.0
GLN 112,37.525,0.0,0.0,-4.391,0.0,0.0,-73.894,0.0,0.0,-16.156,0.0,0.0,0.8069838,0.0,0.0,-56.109016200000006,0.0,0.0
GLU 113,102.001,0.0,0.0,-6.035,0.0,0.0,-100.607,0.0,0.0,-52.195,0.0,0.0,0.23700034,0.0,0.0,-56.59899965999999,0.0,0.0
GLN 114,45.128,0.0,0.0,-12.964,0.0,0.0,-86.233,0.0,0.0,-2.244,0.0,0.0,0.012829140000000001,0.0,0.0,-56.30017086,0.0,0.0
ILE 115,84.489,0.0,0.0,-4.688,0.0,0.0,-68.984,0.0,0.0,-2.367,0.0,0.0,0.18340196000000003,0.0,0.0,8.633401960000006,0.0,0.0
GLY 116,78.187,0.0,0.0,-4.675,0.0,0.0,-76.527,0.0,0.0,-1.556,0.0,0.0,0.169917,0.0,0.0,-4.401083000000001,0.0,0.0
TRP 117,131.105,0.0,0.0,-16.857,0.0,0.0,-93.331,0.0,0.0,-2.513,0.0,0.0,0.028801880000000002,0.0,0.0,18.43280187999999,0.0,0.0
MET 118,103.806,0.0,0.0,-10.366,0.0,0.0,-85.168,0.0,0.0,-1.75,0.0,0.0,0.1068824,0.0,0.0,6.628882399999991,0.0,0.0
THR 119,35.328,0.0,0.0,-6.177,0.0,0.0,-47.945,0.0,0.0,-5.017,0.0,0.0,0.16122332,0.0,0.0,-23.649776679999995,0.0,0.0
HID 120,91.182,0.0,0.0,-8.523,0.0,0.0,-63.015,0.0,0.0,-7.536,0.0,0.0,0.35613194,0.0,0.0,12.464131940000005,0.0,0.0
ASN 121,35.322,0.0,0.0,-4.843,0.0,0.0,-69.59,0.0,0.0,-15.266,0.0,0.0,0.74233404,0.0,0.0,-53.63466596,0.0,0.0
PRO 122,91.241,0.0,0.0,-3.082,0.0,0.0,-60.806,0.0,0.0,-3.108,0.0,0.0,0.64502336,0.0,0.0,24.890023360000008,0.0,0.0
PRO 123,84.115,0.0,0.0,-6.34,0.0,0.0,-59.874,0.0,0.0,-3.597,0.0,0.0,0.41610424000000007,0.0,0.0,14.720104239999989,0.0,0.0
ILE 124,95.501,0.0,0.0,-6.329,0.0,0.0,-64.219,0.0,0.0,-1.32,0.0,0.0,0.29442524000000003,0.0,0.0,23.927425240000016,0.0,0.0
PRO 125,84.435,0.0,0.0,-5.381,0.0,0.0,-56.759,0.0,0.0,-6.576,0.0,0.0,0.41365982,0.0,0.0,16.13265982,0.0,0.0
VAL 126,51.303,0.0,0.0,-8.984,0.0,0.0,-48.632,0.0,0.0,-2.512,0.0,0.0,0.0014363000000000002,0.0,0.0,-8.823563700000003,0.0,0.0
GLY 127,73.057,0.0,0.0,-5.282,0.0,0.0,-71.126,0.0,0.0,-2.007,0.0,0.0,0.0049213600000000005,0.0,0.0,-5.353078639999999,0.0,0.0
GLU 128,105.498,0.0,0.0,-6.112,0.0,0.0,-99.284,0.0,0.0,-50.447,0.0,0.0,0.5621082,0.0,0.0,-49.7828918,0.0,0.0
ILE 129,85.001,0.0,0.0,-9.302,0.0,0.0,-65.808,0.0,0.0,0.623,0.0,0.0,0.22872942000000002,0.0,0.0,10.742729420000005,0.0,0.0
TYR 130,97.962,0.0,0.0,-14.422,0.0,0.0,-89.399,0.0,0.0,-2.648,0.0,0.0,0.00715982,0.0,0.0,-8.499840179999994,0.0,0.0
LYS 131,145.77,0.0,0.0,-10.777,0.0,0.0,-158.19,0.0,0.0,15.578,0.0,0.0,0.13019924,0.0,0.0,-7.488800759999975,0.0,0.0
ARG 132,-187.698,0.0,0.0,-8.646,0.0,0.0,27.351,0.0,0.0,-11.465,0.0,0.0,0.8477530400000001,0.0,0.0,-179.61024696,0.0,0.0
TRP 133,126.866,0.0,0.0,-16.279,0.0,0.0,-96.733,0.0,0.0,-2.173,0.0,0.0,0.05371762,0.0,0.0,11.73471762,0.0,0.0
ILE 134,85.238,0.0,0.0,-11.905,0.0,0.0,-66.868,0.0,0.0,-1.409,0.0,0.0,0.00461784,0.0,0.0,5.0606178400000035,0.0,0.0
ILE 135,78.918,0.0,0.0,-10.971,0.0,0.0,-62.694,0.0,0.0,-1.83,0.0,0.0,0.10418866,0.0,0.0,3.52718866,0.0,0.0
LEU 136,71.018,0.0,0.0,-7.946,0.0,0.0,-80.556,0.0,0.0,1.403,0.0,0.0,0.35948692,0.0,0.0,-15.721513079999996,0.0,0.0
GLY 137,76.915,0.0,0.0,-5.894,0.0,0.0,-77.009,0.0,0.0,-0.781,0.0,0.0,0.0,0.0,0.0,-6.768999999999999,0.0,0.0
LEU 138,65.326,0.0,0.0,-11.914,0.0,0.0,-63.685,0.0,0.0,-3.62,0.0,0.0,0.016536420000000003,0.0,0.0,-13.876463580000012,0.0,0.0
ASN 139,37.082,0.0,0.0,-8.725,0.0,0.0,-89.114,0.0,0.0,-8.234,0.0,0.0,0.20518494,0.0,0.0,-68.78581506,0.0,0.0
LYS 140,138.186,0.0,0.0,-9.491,0.0,0.0,-149.357,0.0,0.0,12.433,0.0,0.0,0.28021942,0.0,0.0,-7.948780580000006,0.0,0.0
ILE 141,90.449,0.0,0.0,-8.879,0.0,0.0,-74.533,0.0,0.0,-4.232,0.0,0.0,0.1339824,0.0,0.0,2.9389823999999916,0.0,0.0
VAL 142,64.153,0.0,0.0,-6.097,0.0,0.0,-55.503,0.0,0.0,-5.951,0.0,0.0,0.23028496,0.0,0.0,-3.167715039999995,0.0,0.0
ARG 143,-190.871,0.0,0.0,-7.012,0.0,0.0,47.218,0.0,0.0,-20.584,0.0,0.0,1.1381349600000001,0.0,0.0,-170.11086504000002,0.0,0.0
MET 144,90.509,0.0,0.0,-6.281,0.0,0.0,-76.021,0.0,0.0,-6.115,0.0,0.0,0.75401956,0.0,0.0,2.8460195599999936,0.0,0.0
TYR 145,99.672,0.0,0.0,-8.497,0.0,0.0,-94.5,0.0,0.0,-4.675,0.0,0.0,0.29097270000000003,0.0,0.0,-7.709027300000003,0.0,0.0
SER 146,88.808,0.0,0.0,-2.115,0.0,0.0,-67.166,0.0,0.0,-8.599,0.0,0.0,0.47900876000000003,0.0,0.0,11.407008760000014,0.0,0.0
PRO 147,91.633,0.0,0.0,-2.245,0.0,0.0,-64.911,0.0,0.0,-3.863,0.0,0.0,0.73940182,0.0,0.0,21.35340181999999,0.0,0.0
THR 148,51.419,0.0,0.0,-3.517,0.0,0.0,-57.765,0.0,0.0,-7.244,0.0,0.0,0.32239786,0.0,0.0,-16.784602140000008,0.0,0.0
SER 149,65.258,0.0,0.0,-4.071,0.0,0.0,-53.068,0.0,0.0,-7.445,0.0,0.0,0.38549208,0.0,0.0,1.0594920799999996,0.0,0.0
ILE 150,84.625,0.0,0.0,-9.798,0.0,0.0,-55.776,0.0,0.0,-3.179,0.0,0.0,0.09160342,0.0,0.0,15.963603419999995,0.0,0.0
LEU 151,64.457,0.0,0.0,-6.366,0.0,0.0,-70.633,0.0,0.0,0.707,0.0,0.0,0.4727595,0.0,0.0,-11.3622405,0.0,0.0
ASP 152,96.621,0.0,0.0,-6.235,0.0,0.0,-76.84,0.0,0.0,-70.851,0.0,0.0,0.4510795,0.0,0.0,-56.85392050000001,0.0,0.0
ILE 153,102.08,0.0,0.0,-9.578,0.0,0.0,-71.681,0.0,0.0,-2.335,0.0,0.0,0.10792304,0.0,0.0,18.593923039999996,0.0,0.0
ARG 154,-189.424,0.0,0.0,-10.686,0.0,0.0,25.962,0.0,0.0,2.752,0.0,0.0,0.72885992,0.0,0.0,-170.66714008000002,0.0,0.0
GLN 155,29.472,0.0,0.0,-11.179,0.0,0.0,-89.868,0.0,0.0,0.521,0.0,0.0,0.052368040000000005,0.0,0.0,-71.00163195999998,0.0,0.0
GLY 156,84.902,0.0,0.0,-2.88,0.0,0.0,-74.913,0.0,0.0,-4.629,0.0,0.0,0.14114764000000002,0.0,0.0,2.621147640000009,0.0,0.0
PRO 157,83.698,0.0,0.0,-3.493,0.0,0.0,-53.157,0.0,0.0,-7.7,0.0,0.0,0.64230794,0.0,0.0,19.99030794,0.0,0.0
LYS 158,124.812,0.0,0.0,-4.346,0.0,0.0,-120.864,0.0,0.0,-11.533,0.0,0.0,0.8073686200000001,0.0,0.0,-11.12363138000001,0.0,0.0
GLU 159,112.737,0.0,0.0,-6.898,0.0,0.0,-107.549,0.0,0.0,-46.819,0.0,0.0,0.20933124,0.0,0.0,-48.31966876000001,0.0,0.0
PRO 160,79.698,0.0,0.0,-7.466,0.0,0.0,-58.413,0.0,0.0,-1.817,0.0,0.0,0.24270760000000002,0.0,0.0,12.244707600000002,0.0,0.0
PHE 161,106.027,0.0,0.0,-15.435,0.0,0.0,-73.768,0.0,0.0,-2.682,0.0,0.0,0.0014363000000000002,0.0,0.0,14.143436299999998,0.0,0.0
ARG 162,-194.193,0.0,0.0,-10.564,0.0,0.0,8.537,0.0,0.0,21.795,0.0,0.0,0.6497767000000001,0.0,0.0,-173.77522330000002,0.0,0.0
ASP 163,95.072,0.0,0.0,-6.177,0.0,0.0,-58.798,0.0,0.0,-90.042,0.0,0.0,0.41048912000000004,0.0,0.0,-59.53451087999999,0.0,0.0
TYR 164,100.048,0.0,0.0,-18.212,0.0,0.0,-94.62,0.0,0.0,-1.403,0.0,0.0,0.0,0.0,0.0,-14.187000000000006,0.0,0.0
VAL 165,47.041,0.0,0.0,-9.28,0.0,0.0,-54.827,0.0,0.0,2.259,0.0,0.0,0.05379350000000001,0.0,0.0,-14.753206500000003,0.0,0.0
ASP 166,102.38,0.0,0.0,-7.857,0.0,0.0,-61.225,0.0,0.0,-84.971,0.0,0.0,0.46307938,0.0,0.0,-51.209920620000005,0.0,0.0
ARG 167,-188.186,0.0,0.0,-6.572,0.0,0.0,-12.059,0.0,0.0,23.423,0.0,0.0,0.5561678800000001,0.0,0.0,-182.83783212,0.0,0.0
PHE 168,94.934,0.0,0.0,-15.138,0.0,0.0,-78.756,0.0,0.0,-0.603,0.0,0.0,0.0,0.0,0.0,0.43699999999999206,0.0,0.0
TYR 169,101.964,0.0,0.0,-9.258,0.0,0.0,-93.249,0.0,0.0,-1.369,0.0,0.0,0.35045178000000005,0.0,0.0,-1.5615482199999922,0.0,0.0
LYS 170,138.865,0.0,0.0,-6.733,0.0,0.0,-136.902,0.0,0.0,-11.618,0.0,0.0,0.90775786,0.0,0.0,-15.480242139999984,0.0,0.0
THR 171,47.133,0.0,0.0,-7.458,0.0,0.0,-55.99,0.0,0.0,-5.102,0.0,0.0,0.12501772,0.0,0.0,-21.29198228,0.0,0.0
LEU 172,74.83,0.0,0.0,-10.692,0.0,0.0,-67.568,0.0,0.0,-3.509,0.0,0.0,0.01423834,0.0,0.0,-6.924761659999993,0.0,0.0
ARG 173,-195.252,0.0,0.0,-8.167,0.0,0.0,-10.063,0.0,0.0,28.341,0.0,0.0,0.38451106,0.0,0.0,-184.75648894,0.0,0.0
ALA 174,86.808,0.0,0.0,-6.263,0.0,0.0,-77.545,0.0,0.0,-6.249,0.0,0.0,0.04417842,0.0,0.0,-3.2048215799999995,0.0,0.0
GLU 175,104.721,0.0,0.0,-7.35,0.0,0.0,-57.185,0.0,0.0,-93.491,0.0,0.0,0.43700918000000005,0.0,0.0,-52.867990819999996,0.0,0.0
GLN 176,27.634,0.0,0.0,-6.212,0.0,0.0,-73.225,0.0,0.0,-8.088,0.0,0.0,0.40665718,0.0,0.0,-59.484342819999995,0.0,0.0
ALA 177,96.456,0.0,0.0,-4.828,0.0,0.0,-83.886,0.0,0.0,-2.85,0.0,0.0,0.14411780000000002,0.0,0.0,5.036117800000005,0.0,0.0
SER 178,66.309,0.0,0.0,-3.35,0.0,0.0,-54.231,0.0,0.0,-8.943,0.0,0.0,0.4382883,0.0,0.0,0.22328829999999483,0.0,0.0
GLN 179,28.976,0.0,0.0,-8.292,0.0,0.0,-72.632,0.0,0.0,-3.707,0.0,0.0,0.5250083,0.0,0.0,-55.129991700000005,0.0,0.0
GLU 180,106.26,0.0,0.0,-6.091,0.0,0.0,-70.856,0.0,0.0,-81.277,0.0,0.0,0.6970336800000001,0.0,0.0,-51.26696631999999,0.0,0.0
VAL 181,66.974,0.0,0.0,-7.588,0.0,0.0,-59.52,0.0,0.0,-3.007,0.0,0.0,0.34683664000000003,0.0,0.0,-2.7941633600000007,0.0,0.0
LYS 182,115.371,0.0,0.0,-9.49,0.0,0.0,-114.611,0.0,0.0,-8.84,0.0,0.0,0.1280204,0.0,0.0,-17.441979600000003,0.0,0.0
ASN 183,24.104,0.0,0.0,-8.341,0.0,0.0,-84.49,0.0,0.0,-7.148,0.0,0.0,0.40536180000000005,0.0,0.0,-75.46963819999999,0.0,0.0
TRP 184,121.36,0.0,0.0,-11.481,0.0,0.0,-90.819,0.0,0.0,-7.056,0.0,0.0,0.85444674,0.0,0.0,12.858446740000002,0.0,0.0
MET 185,103.275,0.0,0.0,-11.546,0.0,0.0,-85.076,0.0,0.0,-1.844,0.0,0.0,0.14849716000000002,0.0,0.0,4.9574971600000195,0.0,0.0
THR 186,36.704,0.0,0.0,-1.965,0.0,0.0,-58.354,0.0,0.0,-1.181,0.0,0.0,0.08418344000000001,0.0,0.0,-24.711816560000003,0.0,0.0
GLU 187,100.968,0.0,0.0,-6.392,0.0,0.0,-42.015,0.0,0.0,-102.543,0.0,0.0,0.6637386200000001,0.0,0.0,-49.31826138,0.0,0.0
THR 188,52.897,0.0,0.0,-5.978,0.0,0.0,-50.542,0.0,0.0,-1.782,0.0,0.0,0.30702132000000004,0.0,0.0,-5.097978680000004,0.0,0.0
LEU 189,65.467,0.0,0.0,-7.944,0.0,0.0,-69.267,0.0,0.0,-0.222,0.0,0.0,0.09071454,0.0,0.0,-11.875285459999999,0.0,0.0
LEU 190,82.557,0.0,0.0,-11.462,0.0,0.0,-91.672,0.0,0.0,1.817,0.0,0.0,0.0,0.0,0.0,-18.759999999999998,0.0,0.0
VAL 191,55.456,0.0,0.0,-7.337,0.0,0.0,-61.533,0.0,0.0,1.143,0.0,0.0,0.22995976,0.0,0.0,-12.041040240000001,0.0,0.0
GLN 192,32.845,0.0,0.0,-6.055,0.0,0.0,-70.031,0.0,0.0,-7.1,0.0,0.0,0.60980962,0.0,0.0,-49.73119038000001,0.0,0.0
ASN 193,22.12,0.0,0.0,-9.723,0.0,0.0,-90.941,0.0,0.0,1.401,0.0,0.0,0.006661180000000001,0.0,0.0,-77.13633882,0.0,0.0
ALA 194,92.142,0.0,0.0,-8.348,0.0,0.0,-83.101,0.0,0.0,1.774,0.0,0.0,0.02222742,0.0,0.0,2.489227419999998,0.0,0.0
ASN 195,41.322,0.0,0.0,-7.154,0.0,0.0,-93.826,0.0,0.0,-3.846,0.0,0.0,0.06018910000000001,0.0,0.0,-63.44381089999999,0.0,0.0
PRO 196,72.166,0.0,0.0,-5.835,0.0,0.0,-59.566,0.0,0.0,-2.385,0.0,0.0,0.5669265800000001,0.0,0.0,4.946926580000001,0.0,0.0
ASP 197,82.906,0.0,0.0,-5.786,0.0,0.0,-59.469,0.0,0.0,-73.928,0.0,0.0,0.47014706,0.0,0.0,-55.80685293999999,0.0,0.0
CYX 198,100.812,0.0,0.0,-7.052,0.0,0.0,-80.677,0.0,0.0,-2.004,0.0,0.0,0.0014363000000000002,0.0,0.0,11.080436299999985,0.0,0.0
LYS 199,142.03,0.0,0.0,-9.884,0.0,0.0,-138.657,0.0,0.0,-9.969,0.0,0.0,0.44107418000000004,0.0,0.0,-16.038925819999996,0.0,0.0
THR 200,39.328,0.0,0.0,-5.684,0.0,0.0,-44.897,0.0,0.0,-9.695,0.0,0.0,0.53355564,0.0,0.0,-20.414444359999994,0.0,0.0
ILE 201,78.334,0.0,0.0,-5.762,0.0,0.0,-58.188,0.0,0.0,0.291,0.0,0.0,0.36691774000000005,0.0,0.0,15.04191774,0.0,0.0
LEU 202,73.761,0.0,0.0,-11.278,0.0,0.0,-67.537,0.0,0.0,-4.398,0.0,0.0,0.07506700000000001,0.0,0.0,-9.376933000000008,0.0,0.0
LYS 203,119.567,0.0,0.0,-4.814,0.0,0.0,-95.893,0.0,0.0,-33.147,0.0,0.0,1.0075129600000001,0.0,0.0,-13.279487040000014,0.0,0.0
ALA 204,86.6,0.0,0.0,-3.448,0.0,0.0,-73.612,0.0,0.0,-4.594,0.0,0.0,0.48809268000000006,0.0,0.0,5.434092680000006,0.0,0.0
LEU 205,71.788,0.0,0.0,-7.206,0.0,0.0,-70.421,0.0,0.0,-6.11,0.0,0.0,0.4385322,0.0,0.0,-11.510467800000013,0.0,0.0
GLY 206,88.009,0.0,0.0,-2.622,0.0,0.0,-72.175,0.0,0.0,-9.576,0.0,0.0,0.14116932000000001,0.0,0.0,3.7771693200000027,0.0,0.0
PRO 207,79.991,0.0,0.0,-2.08,0.0,0.0,-50.653,0.0,0.0,-11.79,0.0,0.0,0.8124146400000001,0.0,0.0,16.280414640000004,0.0,0.0
GLY 208,66.631,0.0,0.0,-2.047,0.0,0.0,-59.632,0.0,0.0,-9.372,0.0,0.0,0.39623452,0.0,0.0,-4.0237654799999945,0.0,0.0
ALA 209,97.902,0.0,0.0,-5.106,0.0,0.0,-83.093,0.0,0.0,-6.744,0.0,0.0,0.11111542000000002,0.0,0.0,3.070115420000003,0.0,0.0
THR 210,50.9,0.0,0.0,-5.23,0.0,0.0,-49.442,0.0,0.0,-7.64,0.0,0.0,0.50487842,0.0,0.0,-10.907121579999998,0.0,0.0
LEU 211,65.307,0.0,0.0,-6.799,0.0,0.0,-68.155,0.0,0.0,-1.772,0.0,0.0,0.37820760000000003,0.0,0.0,-11.040792399999999,0.0,0.0
GLU 212,102.595,0.0,0.0,-6.391,0.0,0.0,-63.003,0.0,0.0,-90.977,0.0,0.0,0.6389367,0.0,0.0,-57.13706330000001,0.0,0.0
GLU 213,104.957,0.0,0.0,-7.248,0.0,0.0,-54.869,0.0,0.0,-94.725,0.0,0.0,0.44776246000000003,0.0,0.0,-51.437237540000005,0.0,0.0
MET 214,93.034,0.0,0.0,-11.634,0.0,0.0,-78.28,0.0,0.0,-1.233,0.0,0.0,0.008401,0.0,0.0,1.8954010000000046,0.0,0.0
MET 215,101.584,0.0,0.0,-11.513,0.0,0.0,-85.652,0.0,0.0,-0.3,0.0,0.0,0.1262047,0.0,0.0,4.245204699999997,0.0,0.0
THR 216,37.771,0.0,0.0,-5.919,0.0,0.0,-51.163,0.0,0.0,-2.075,0.0,0.0,0.40422902000000005,0.0,0.0,-20.981770979999997,0.0,0.0
ALA 217,78.86,0.0,0.0,-3.971,0.0,0.0,-66.173,0.0,0.0,-2.899,0.0,0.0,0.22116852,0.0,0.0,6.038168519999994,0.0,0.0
CYX 218,93.538,0.0,0.0,-7.235,0.0,0.0,-84.784,0.0,0.0,0.213,0.0,0.0,0.016498480000000003,0.0,0.0,1.7484984799999914,0.0,0.0
GLN 219,37.78,0.0,0.0,-3.966,0.0,0.0,-76.432,0.0,0.0,-16.262,0.0,0.0,0.7806913799999999,0.0,0.0,-58.09930862,0.0,0.0
GLY 220,100.69,0.0,0.0,-3.381,0.0,0.0,-82.042,0.0,0.0,-10.436,0.0,0.0,0.16060544000000002,0.0,0.0,4.991605439999996,0.0,0.0
VAL 221,33.746,0.0,0.0,-2.417,0.0,0.0,-17.844,0.0,0.0,-104.775,0.0,0.0,0.9862448800000001,0.0,0.0,-90.30375512,0.0,0.0

Receptor:
Total Energy Decomposition:
Residue,Internal,,,van der Waals,,,Electrostatic,,,Polar Solvation,,,Non-Polar Solv.,,,TOTAL,,
,Avg.,Std. Dev.,Std. Err. of Mean,Avg.,Std. Dev.,Std. Err. of Mean,Avg.,Std. Dev.,Std. Err. of Mean,Avg.,Std. Dev.,Std. Err. of Mean,Avg.,Std. Dev.,Std. Err. of Mean,Avg.,Std. Dev.,Std. Err. of Mean
PRO   1,97.71,0.0,0.0,-6.782,0.0,0.0,-101.614,0.0,0.0,3.318,0.0,0.0,0.1868545,0.0,0.0,-7.1811455000000075,0.0,0.0
ILE   2,90.846,0.0,0.0,-8.912,0.0,0.0,-67.058,0.0,0.0,-2.829,0.0,0.0,0.04185324000000001,0.0,0.0,12.08885323999999,0.0,0.0
VAL   3,46.189,0.0,0.0,-5.946,0.0,0.0,-53.284,0.0,0.0,-3.145,0.0,0.0,0.43673818,0.0,0.0,-15.749261819999996,0.0,0.0
GLN   4,22.861,0.0,0.0,-6.117,0.0,0.0,-58.138,0.0,0.0,-14.904,0.0,0.0,0.53686184,0.0,0.0,-55.76113816,0.0,0.0
ASN   5,41.858,0.0,0.0,-5.775,0.0,0.0,-88.401,0.0,0.0,-14.802,0.0,0.0,0.52951232,0.0,0.0,-66.59048768000001,0.0,0.0
LEU   6,69.316,0.0,0.0,-1.964,0.0,0.0,-66.196,0.0,0.0,-8.5,0.0,0.0,1.11043876,0.0,0.0,-6.233561239999994,0.0,0.0
GLN   7,33.229,0.0,0.0,-3.844,0.0,0.0,-69.696,0.0,0.0,-15.751,0.0,0.0,0.8800237200000002,0.0,0.0,-55.18197628,0.0,0.0
GLY   8,79.13,0.0,0.0,-3.608,0.0,0.0,-72.915,0.0,0.0,-6.145,0.0,0.0,0.1372073,0.0,0.0,-3.4007927000000144,0.0,0.0
GLN   9,27.102,0.0,0.0,-3.334,0.0,0.0,-63.728,0.0,0.0,-19.622,0.0,0.0,0.9514376400000001,0.0,0.0,-58.63056236,0.0,0.0
MET  10,103.375,0.0,0.0,-8.341,0.0,0.0,-79.468,0.0,0.0,-6.549,0.0,0.0,0.28942258000000004,0.0,0.0,9.306422580000003,0.0,0.0
VAL  11,46.009,0.0,0.0,-5.889,0.0,0.0,-51.824,0.0,0.0,-2.387,0.0,0.0,0.44003896000000003,0.0,0.0,-13.65096104,0.0,0.0
HID  12,90.571,0.0,0.0,-10.485,0.0,0.0,-61.002,0.0,0.0,-9.972,0.0,0.0,0.24022524000000003,0.0,0.0,9.352225239999997,0.0,0.0
GLN  13,36.182,0.0,0.0,-4.369,0.0,0.0,-75.764,0.0,0.0,-11.211,0.0,0.0,0.5607803,0.0,0.0,-54.601219699999994,0.0,0.0
ALA  14,94.567,0.0,0.0,-3.224,0.0,0.0,-77.126,0.0,0.0,-3.842,0.0,0.0,0.52104086,0.0,0.0,10.896040859999983,0.0,0.0
ILE  15,95.22,0.0,0.0,-7.024,0.0,0.0,-73.077,0.0,0.0,-4.755,0.0,0.0,0.19554276000000004,0.0,0.0,10.559542760000001,0.0,0.0
SER  16,70.743,0.0,0.0,-5.673,0.0,0.0,-49.779,0.0,0.0,-7.546,0.0,0.0,0.17236684000000002,0.0,0.0,7.917366839999989,0.0,0.0
PRO  17,90.754,0.0,0.0,-4.221,0.0,0.0,-60.016,0.0,0.0,-5.328,0.0,0.0,0.51618454,0.0,0.0,21.705184540000005,0.0,0.0
ARG  18,-186.211,0.0,0.0,-4.851,0.0,0.0,76.454,0.0,0.0,-62.237,0.0,0.0,0.9912258600000001,0.0,0.0,-175.85377414000004,0.0,0.0
THR  19,45.114,0.0,0.0,-7.992,0.0,0.0,-57.922,0.0,0.0,-2.479,0.0,0.0,0.19455090000000003,0.0,0.0,-23.084449099999997,0.0,0.0
LEU  20,63.725,0.0,0.0,-11.051,0.0,0.0,-57.831,0.0,0.0,-4.368,0.0,0.0,0.17115818000000002,0.0,0.0,-9.353841820000003,0.0,0.0
ASN  21,34.251,0.0,0.0,-4.774,0.0,0.0,-82.357,0.0,0.0,-19.137,0.0,0.0,0.46617420000000004,0.0,0.0,-71.5508258,0.0,0.0
ALA  22,96.103,0.0,0.0,-4.152,0.0,0.0,-82.973,0.0,0.0,-4.044,0.0,0.0,0.17787898000000002,0.0,0.0,5.111878979999995,0.0,0.0
TRP  23,138.394,0.0,0.0,-14.542,0.0,0.0,-99.249,0.0,0.0,-5.164,0.0,0.0,0.00306772,0.0,0.0,19.442067720000008,0.0,0.0
VAL  24,68.581,0.0,0.0,-8.977,0.0,0.0,-62.31,0.0,0.0,-3.619,0.0,0.0,0.09686082,0.0,0.0,-6.228139180000003,0.0,0.0
LYS  25,139.986,0.0,0.0,-8.156,0.0,0.0,-97.112,0.0,0.0,-40.951,0.0,0.0,0.7579002800000001,0.0,0.0,-5.475099720000011,0.0,0.0
VAL  26,71.544,0.0,0.0,-9.605,0.0,0.0,-69.34,0.0,0.0,-4.085,0.0,0.0,0.06399394,0.0,0.0,-11.422006060000012,0.0,0.0
VAL  27,43.282,0.0,0.0,-9.684,0.0,0.0,-48.828,0.0,0.0,-3.65,0.0,0.0,0.05782056,0.0,0.0,-18.822179440000003,0.0,0.0
GLU  28,101.292,0.0,0.0,-8.294,0.0,0.0,-46.751,0.0,0.0,-98.618,0.0,0.0,0.5046833000000001,0.0,0.0,-51.866316699999985,0.0,0.0
GLU  29,112.69,0.0,0.0,-6.7,0.0,0.0,-58.914,0.0,0.0,-92.089,0.0,0.0,0.67959754,0.0,0.0,-44.33340246,0.0,0.0
LYS  30,118.312,0.0,0.0,-9.674,0.0,0.0,-115.726,0.0,0.0,-10.76,0.0,0.0,0.47496544000000007,0.0,0.0,-17.373034559999994,0.0,0.0
ALA  31,91.271,0.0,0.0,-4.326,0.0,0.0,-77.231,0.0,0.0,-5.375,0.0,0.0,0.28276140000000005,0.0,0.0,4.621761400000013,0.0,0.0
PHE  32,103.116,0.0,0.0,-7.718,0.0,0.0,-76.645,0.0,0.0,-8.545,0.0,0.0,0.70381952,0.0,0.0,10.91181952,0.0,0.0
SER  33,80.91,0.0,0.0,-5.343,0.0,0.0,-60.026,0.0,0.0,-5.177,0.0,0.0,0.15249712,0.0,0.0,10.51649711999999,0.0,0.0
PRO  34,75.177,0.0,0.0,-6.583,0.0,0.0,-57.242,0.0,0.0,-1.478,0.0,0.0,0.37674962,0.0,0.0,10.250749620000011,0.0,0.0
GLU  35,105.112,0.0,0.0,-6.532,0.0,0.0,-87.03,0.0,0.0,-65.031,0.0,0.0,0.54781566,0.0,0.0,-52.93318434000001,0.0,0.0
VAL  36,49.818,0.0,0.0,-10.123,0.0,0.0,-54.922,0.0,0.0,0.634,0.0,0.0,0.0143901,0.0,0.0,-14.578609899999996,0.0,0.0
ILE  37,87.988,0.0,0.0,-7.901,0.0,0.0,-61.286,0.0,0.0,0.029,0.0,0.0,0.15516918000000002,0.0,0.0,18.985169180000003,0.0,0.0
PRO  38,83.342,0.0,0.0,-6.212,0.0,0.0,-59.613,0.0,0.0,-2.498,0.0,0.0,0.48290573999999997,0.0,0.0,15.501905739999994,0.0,0.0
MET  39,89.541,0.0,0.0,-8.219,0.0,0.0,-70.034,0.0,0.0,-3.557,0.0,0.0,0.39479822,0.0,0.0,8.125798219999997,0.0,0.0
PHE  40,102.821,0.0,0.0,-14.371,0.0,0.0,-82.518,0.0,0.0,-2.318,0.0,0.0,0.0,0.0,0.0,3.614000000000002,0.0,0.0
SER  41,80.847,0.0,0.0,-6.184,0.0,0.0,-65.867,0.0,0.0,-7.941,0.0,0.0,0.28163404000000003,0.0,0.0,1.1366340399999926,0.0,0.0
ALA  42,81.938,0.0,0.0,-4.978,0.0,0.0,-62.51,0.0,0.0,-7.003,0.0,0.0,0.32483144,0.0,0.0,7.7718314400000095,0.0,0.0
LEU  43,76.215,0.0,0.0,-7.263,0.0,0.0,-74.338,0.0,0.0,-3.307,0.0,0.0,0.30305388000000005,0.0,0.0,-8.389946119999996,0.0,0.0
SER  44,77.357,0.0,0.0,-6.996,0.0,0.0,-77.565,0.0,0.0,0.618,0.0,0.0,0.0,0.0,0.0,-6.585999999999993,0.0,0.0
GLU  45,103.711,0.0,0.0,-5.869,0.0,0.0,-67.447,0.0,0.0,-79.222,0.0,0.0,0.71015008,0.0,0.0,-48.11684992,0.0,0.0
GLY  46,67.676,0.0,0.0,-3.929,0.0,0.0,-67.846,0.0,0.0,-1.204,0.0,0.0,0.01510554,0.0,0.0,-5.287894460000003,0.0,0.0
ALA  47,99.983,0.0,0.0,-7.343,0.0,0.0,-88.923,0.0,0.0,-1.762,0.0,0.0,0.012563560000000001,0.0,0.0,1.9675635599999988,0.0,0.0
THR  48,57.051,0.0,0.0,-9.28,0.0,0.0,-62.563,0.0,0.0,-0.274,0.0,0.0,0.0,0.0,0.0,-15.066000000000003,0.0,0.0
PRO  49,80.398,0.0,0.0,-10.998,0.0,0.0,-57.21,0.0,0.0,0.343,0.0,0.0,0.0,0.0,0.0,12.53299999999999,0.0,0.0
GLN  50,25.111,0.0,0.0,-8.529,0.0,0.0,-71.026,0.0,0.0,-10.331,0.0,0.0,0.48835284000000007,0.0,0.0,-64.28664715999999,0.0,0.0
ASP  51,89.499,0.0,0.0,-9.789,0.0,0.0,-126.921,0.0,0.0,-15.435,0.0,0.0,0.013425340000000001,0.0,0.0,-62.63257466000002,0.0,0.0
LEU  52,67.974,0.0,0.0,-13.933,0.0,0.0,-70.264,0.0,0.0,-0.188,0.0,0.0,0.0,0.0,0.0,-16.41099999999999,0.0,0.0
ASN  53,34.586,0.0,0.0,-7.871,0.0,0.0,-98.836,0.0,0.0,-4.07,0.0,0.0,0.12277384000000001,0.0,0.0,-76.06822616000001,0.0,0.0
THR  54,50.315,0.0,0.0,-7.158,0.0,0.0,-66.768,0.0,0.0,-0.926,0.0,0.0,0.23107086000000002,0.0,0.0,-24.305929140000003,0.0,0.0
MET  55,84.278,0.0,0.0,-10.96,0.0,0.0,-68.827,0.0,0.0,-1.178,0.0,0.0,0.0021571600000000004,0.0,0.0,3.315157160000014,0.0,0.0
LEU  56,68.046,0.0,0.0,-11.093,0.0,0.0,-74.149,0.0,0.0,0.048,0.0,0.0,0.06160372,0.0,0.0,-17.08639628,0.0,0.0
ASN  57,36.237,0.0,0.0,-6.651,0.0,0.0,-93.067,0.0,0.0,-9.179,0.0,0.0,0.5111656200000001,0.0,0.0,-72.14883438,0.0,0.0
THR  58,56.692,0.0,0.0,-7.972,0.0,0.0,-64.861,0.0,0.0,-2.396,0.0,0.0,0.19125554,0.0,0.0,-18.345744460000006,0.0,0.0
VAL  59,52.386,0.0,0.0,-11.124,0.0,0.0,-44.304,0.0,0.0,-0.852,0.0,0.0,0.0,0.0,0.0,-3.8940000000000015,0.0,0.0
ALA  60,89.212,0.0,0.0,-4.115,0.0,0.0,-62.909,0.0,0.0,-5.913,0.0,0.0,0.29548214000000006,0.0,0.0,16.57048214000001,0.0,0.0
PRO  61,78.4,0.0,0.0,-4.346,0.0,0.0,-55.268,0.0,0.0,-4.566,0.0,0.0,0.5689265600000001,0.0,0.0,14.788926560000002,0.0,0.0
HID  62,97.408,0.0,0.0,-7.593,0.0,0.0,-69.453,0.0,0.0,-8.882,0.0,0.0,0.52352322,0.0,0.0,12.003523219999995,0.0,0.0
GLN  63,24.151,0.0,0.0,-7.393,0.0,0.0,-63.209,0.0,0.0,-12.382,0.0,0.0,0.51106264,0.0,0.0,-58.32193736000001,0.0,0.0
ALA  64,86.934,0.0,0.0,-1.541,0.0,0.0,-72.654,0.0,0.0,-3.692,0.0,0.0,0.44543186000000007,0.0,0.0,9.492431860000003,0.0,0.0
ALA  65,89.147,0.0,0.0,-5.909,0.0,0.0,-75.735,0.0,0.0,-1.466,0.0,0.0,0.04016762,0.0,0.0,6.07716762,0.0,0.0
ALA  66,92.837,0.0,0.0,-6.859,0.0,0.0,-80.415,0.0,0.0,-1.209,0.0,0.0,0.0143901,0.0,0.0,4.368390100000003,0.0,0.0
GLN  67,32.4,0.0,0.0,-6.964,0.0,0.0,-85.142,0.0,0.0,-1.585,0.0,0.0,0.6008991400000001,0.0,0.0,-60.690100859999994,0.0,0.0
MET  68,87.532,0.0,0.0,-8.382,0.0,0.0,-75.083,0.0,0.0,-1.868,0.0,0.0,0.28564484,0.0,0.0,2.4846448399999925,0.0,0.0
LEU  69,77.216,0.0,0.0,-12.731,0.0,0.0,-75.162,0.0,0.0,-3.441,0.0,0.0,0.0,0.0,0.0,-14.118000000000006,0.0,0.0
LYS  70,124.735,0.0,0.0,-8.987,0.0,0.0,-107.83,0.0,0.0,-29.487,0.0,0.0,0.47420122000000003,0.0,0.0,-21.09479877999999,0.0,0.0
GLU  71,109.822,0.0,0.0,-8.363,0.0,0.0,-93.187,0.0,0.0,-66.668,0.0,0.0,0.5202224400000001,0.0,0.0,-57.87577756,0.0,0.0
THR  72,47.883,0.0,0.0,-8.552,0.0,0.0,-57.935,0.0,0.0,-5.067,0.0,0.0,0.0,0.0,0.0,-23.671,0.0,0.0
ILE  73,75.247,0.0,0.0,-10.842,0.0,0.0,-51.855,0.0,0.0,-4.571,0.0,0.0,0.0778312,0.0,0.0,8.056831200000005,0.0,0.0
ASN  74,23.025,0.0,0.0,-6.656,0.0,0.0,-75.492,0.0,0.0,-15.335,0.0,0.0,0.6007257,0.0,0.0,-73.8572743,0.0,0.0
GLU  75,107.463,0.0,0.0,-7.735,0.0,0.0,-66.277,0.0,0.0,-86.879,0.0,0.0,0.5045749,0.0,0.0,-52.92342510000001,0.0,0.0
GLU  76,95.182,0.0,0.0,-10.367,0.0,0.0,-54.619,0.0,0.0,-85.636,0.0,0.0,0.15796590000000002,0.0,0.0,-55.2820341,0.0,0.0
ALA  77,83.629,0.0,0.0,-7.34,0.0,0.0,-69.447,0.0,0.0,-3.606,0.0,0.0,0.14642672,0.0,0.0,3.382426719999999,0.0,0.0
ALA  78,95.805,0.0,0.0,-6.476,0.0,0.0,-85.115,0.0,0.0,0.64,0.0,0.0,0.21386778000000004,0.0,0.0,5.067867780000013,0.0,0.0
GLU  79,104.007,0.0,0.0,-9.361,0.0,0.0,-75.646,0.0,0.0,-77.111,0.0,0.0,0.3312704,0.0,0.0,-57.7797296,0.0,0.0
TRP  80,111.985,0.0,0.0,-17.031,0.0,0.0,-86.92,0.0,0.0,-2.613,0.0,0.0,0.19006856,0.0,0.0,5.611068560000007,0.0,0.0
ASP  81,102.144,0.0,0.0,-6.792,0.0,0.0,-79.207,0.0,0.0,-68.71,0.0,0.0,0.40683604,0.0,0.0,-52.15816395999998,0.0,0.0
ARG  82,-194.167,0.0,0.0,-9.009,0.0,0.0,1.113,0.0,0.0,25.677,0.0,0.0,0.92893922,0.0,0.0,-175.45706078,0.0,0.0
LEU  83,66.669,0.0,0.0,-6.918,0.0,0.0,-69.114,0.0,0.0,-4.027,0.0,0.0,0.6915161200000001,0.0,0.0,-12.698483880000008,0.0,0.0
HID  84,110.898,0.0,0.0,-6.616,0.0,0.0,-75.6,0.0,0.0,-9.466,0.0,0.0,0.5870889800000001,0.0,0.0,19.803088980000002,0.0,0.0
PRO  85,87.596,0.0,0.0,-5.11,0.0,0.0,-66.043,0.0,0.0,-5.474,0.0,0.0,0.54234688,0.0,0.0,11.511346879999998,0.0,0.0
VAL  86,53.864,0.0,0.0,-4.243,0.0,0.0,-52.129,0.0,0.0,-5.75,0.0,0.0,0.56243882,0.0,0.0,-7.695561180000003,0.0,0.0
HID  87,94.407,0.0,0.0,-6.841,0.0,0.0,-57.279,0.0,0.0,-13.98,0.0,0.0,0.50376732,0.0,0.0,16.81076732,0.0,0.0
ALA  88,88.309,0.0,0.0,-1.957,0.0,0.0,-69.345,0.0,0.0,-8.72,0.0,0.0,0.7117002,0.0,0.0,8.998700200000004,0.0,0.0
GLY  89,94.783,0.0,0.0,-1.37,0.0,0.0,-76.801,0.0,0.0,-7.649,0.0,0.0,0.25952586000000005,0.0,0.0,9.222525859999994,0.0,0.0
PRO  90,84.162,0.0,0.0,-3.93,0.0,0.0,-56.804,0.0,0.0,-7.572,0.0,0.0,0.7341606800000001,0.0,0.0,16.590160679999997,0.0,0.0
ILE  91,74.961,0.0,0.0,-3.36,0.0,0.0,-56.153,0.0,0.0,-3.078,0.0,0.0,0.53805424,0.0,0.0,12.90805424,0.0,0.0
ALA  92,96.435,0.0,0.0,-3.296,0.0,0.0,-70.232,0.0,0.0,-4.582,0.0,0.0,0.23407354,0.0,0.0,18.559073539999996,0.0,0.0
PRO  93,82.736,0.0,0.0,-2.515,0.0,0.0,-57.521,0.0,0.0,-7.032,0.0,0.0,0.7256458600000001,0.0,0.0,16.393645860000003,0.0,0.0
GLY  94,73.955,0.0,0.0,-1.871,0.0,0.0,-66.793,0.0,0.0,-6.781,0.0,0.0,0.53817348,0.0,0.0,-0.9518265200000029,0.0,0.0
GLN  95,42.573,0.0,0.0,-4.347,0.0,0.0,-73.126,0.0,0.0,-18.691,0.0,0.0,0.72346702,0.0,0.0,-52.86753298000001,0.0,0.0
MET  96,110.228,0.0,0.0,-4.707,0.0,0.0,-76.952,0.0,0.0,-9.706,0.0,0.0,0.43927474,0.0,0.0,19.30227474,0.0,0.0
ARG  97,-187.775,0.0,0.0,-6.981,0.0,0.0,-18.063,0.0,0.0,28.561,0.0,0.0,0.3325712,0.0,0.0,-183.9254288,0.0,0.0
GLU  98,110.392,0.0,0.0,-5.8,0.0,0.0,-58.798,0.0,0.0,-90.921,0.0,0.0,0.63249774,0.0,0.0,-44.49450226000001,0.0,0.0
PRO  99,97.383,0.0,0.0,-9.367,0.0,0.0,-63.375,0.0,0.0,-2.104,0.0,0.0,0.05582058,0.0,0.0,22.59282057999999,0.0,0.0
ARG 100,-180.336,0.0,0.0,-11.774,0.0,0.0,-7.264,0.0,0.0,25.083,0.0,0.0,0.29000252000000004,0.0,0.0,-174.00099748000002,0.0,0.0
GLY 101,80.247,0.0,0.0,-3.907,0.0,0.0,-80.746,0.0,0.0,-2.207,0.0,0.0,0.014270860000000002,0.0,0.0,-6.598729139999992,0.0,0.0
SER 102,70.43,0.0,0.0,-5.345,0.0,0.0,-65.742,0.0,0.0,-2.855,0.0,0.0,0.26149874,0.0,0.0,-3.2505012599999965,0.0,0.0
ASP 103,91.178,0.0,0.0,-10.076,0.0,0.0,-102.199,0.0,0.0,-39.485,0.0,0.0,0.0195391,0.0,0.0,-60.56246089999999,0.0,0.0
ILE 104,83.113,0.0,0.0,-13.645,0.0,0.0,-62.294,0.0,0.0,-1.173,0.0,0.0,0.0,0.0,0.0,6.0010000000000066,0.0,0.0
ALA 105,85.478,0.0,0.0,-6.867,0.0,0.0,-78.278,0.0,0.0,0.342,0.0,0.0,0.04833556,0.0,0.0,0.7233355599999842,0.0,0.0
GLY 106,92.236,0.0,0.0,-5.921,0.0,0.0,-85.375,0.0,0.0,-1.865,0.0,0.0,0.02416778,0.0,0.0,-0.9008322200000023,0.0,0.0
THR 107,56.598,0.0,0.0,-4.926,0.0,0.0,-56.211,0.0,0.0,-7.783,0.0,0.0,0.64042178,0.0,0.0,-11.681578220000002,0.0,0.0
THR 108,39.067,0.0,0.0,-2.698,0.0,0.0,-56.086,0.0,0.0,-2.717,0.0,0.0,0.50532286,0.0,0.0,-21.928677139999998,0.0,0.0
SER 109,68.64,0.0,0.0,-5.269,0.0,0.0,-65.384,0.0,0.0,-1.805,0.0,0.0,0.037365480000000006,0.0,0.0,-3.780634519999998,0.0,0.0
THR 110,37.314,0.0,0.0,-6.301,0.0,0.0,-34.216,0.0,0.0,-8.591,0.0,0.0,0.44885188,0.0,0.0,-11.345148120000003,0.0,0.0
LEU 111,65.156,0.0,0.0,-7.856,0.0,0.0,-64.55,0.0,0.0,-4.976,0.0,0.0,0.43178972,0.0,0.0,-11.794210279999993,0.0,0.0
GLN 112,37.525,0.0,0.0,-4.391,0.0,0.0,-73.862,0.0,0.0,-16.188,0.0,0.0,0.8069838,0.0,0.0,-56.1090162,0.0,0.0
GLU 113,102.001,0.0,0.0,-6.035,0.0,0.0,-105.609,0.0,0.0,-47.192,0.0,0.0,0.23700034,0.0,0.0,-56.597999659999985,0.0,0.0
GLN 114,45.128,0.0,0.0,-12.964,0.0,0.0,-86.219,0.0,0.0,-2.258,0.0,0.0,0.012829140000000001,0.0,0.0,-56.300170859999994,0.0,0.0
ILE 115,84.489,0.0,0.0,-4.688,0.0,0.0,-68.986,0.0,0.0,-2.365,0.0,0.0,0.18340196000000003,0.0,0.0,8.633401959999997,0.0,0.0
GLY 116,78.187,0.0,0.0,-4.675,0.0,0.0,-76.52,0.0,0.0,-1.564,0.0,0.0,0.169917,0.0,0.0,-4.402082999999996,0.0,0.0
TRP 117,131.105,0.0,0.0,-16.857,0.0,0.0,-93.329,0.0,0.0,-2.515,0.0,0.0,0.028801880000000002,0.0,0.0,18.432801879999996,0.0,0.0
MET 118,103.806,0.0,0.0,-10.366,0.0,0.0,-85.173,0.0,0.0,-1.745,0.0,0.0,0.1068824,0.0,0.0,6.628882399999996,0.0,0.0
THR 119,35.328,0.0,0.0,-6.177,0.0,0.0,-47.908,0.0,0.0,-5.054,0.0,0.0,0.16122332,0.0,0.0,-23.64977668,0.0,0.0
HID 120,91.182,0.0,0.0,-8.523,0.0,0.0,-63.008,0.0,0.0,-7.543,0.0,0.0,0.35613194,0.0,0.0,12.464131940000003,0.0,0.0
ASN 121,35.322,0.0,0.0,-4.843,0.0,0.0,-69.595,0.0,0.0,-15.261,0.0,0.0,0.74233404,0.0,0.0,-53.63466595999999,0.0,0.0
PRO 122,91.241,0.0,0.0,-3.082,0.0,0.0,-60.786,0.0,0.0,-3.129,0.0,0.0,0.64502336,0.0,0.0,24.889023360000003,0.0,0.0
PRO 123,84.115,0.0,0.0,-6.34,0.0,0.0,-59.885,0.0,0.0,-3.586,0.0,0.0,0.41610424000000007,0.0,0.0,14.720104239999992,0.0,0.0
ILE 124,95.501,0.0,0.0,-6.329,0.0,0.0,-64.23,0.0,0.0,-1.309,0.0,0.0,0.29442524000000003,0.0,0.0,23.927425240000005,0.0,0.0
PRO 125,84.435,0.0,0.0,-5.381,0.0,0.0,-56.733,0.0,0.0,-6.602,0.0,0.0,0.41365982,0.0,0.0,16.132659820000004,0.0,0.0
VAL 126,51.303,0.0,0.0,-8.983,0.0,0.0,-48.68,0.0,0.0,-2.464,0.0,0.0,0.0014363000000000002,0.0,0.0,-8.822563700000007,0.0,0.0
GLY 127,73.057,0.0,0.0,-5.282,0.0,0.0,-71.188,0.0,0.0,-1.945,0.0,0.0,0.0049213600000000005,0.0,0.0,-5.353078639999997,0.0,0.0
GLU 128,105.498,0.0,0.0,-6.111,0.0,0.0,-105.061,0.0,0.0,-44.668,0.0,0.0,0.5621082,0.0,0.0,-49.77989180000001,0.0,0.0
ILE 129,85.001,0.0,0.0,-9.302,0.0,0.0,-65.902,0.0,0.0,0.717,0.0,0.0,0.22872942000000002,0.0,0.0,10.742729420000012,0.0,0.0
TYR 130,97.962,0.0,0.0,-14.42,0.0,0.0,-89.513,0.0,0.0,-2.535,0.0,0.0,0.00715982,0.0,0.0,-8.498840180000004,0.0,0.0
LYS 131,145.77,0.0,0.0,-10.775,0.0,0.0,-152.522,0.0,0.0,9.905,0.0,0.0,0.13019924,0.0,0.0,-7.491800759999988,0.0,0.0
ARG 132,-187.698,0.0,0.0,-8.645,0.0,0.0,34.038,0.0,0.0,-18.156,0.0,0.0,0.8477530400000001,0.0,0.0,-179.61324696000003,0.0,0.0
TRP 133,126.866,0.0,0.0,-16.277,0.0,0.0,-96.848,0.0,0.0,-2.06,0.0,0.0,0.05371762,0.0,0.0,11.73471762,0.0,0.0
ILE 134,85.238,0.0,0.0,-11.902,0.0,0.0,-67.045,0.0,0.0,-1.238,0.0,0.0,0.00461784,0.0,0.0,5.057617839999997,0.0,0.0
ILE 135,78.918,0.0,0.0,-10.967,0.0,0.0,-62.952,0.0,0.0,-1.57,0.0,0.0,0.10418866,0.0,0.0,3.5331886600000093,0.0,0.0
LEU 136,71.018,0.0,0.0,-7.943,0.0,0.0,-80.879,0.0,0.0,1.724,0.0,0.0,0.35948692,0.0,0.0,-15.720513080000002,0.0,0.0
GLY 137,76.915,0.0,0.0,-5.891,0.0,0.0,-77.35,0.0,0.0,-0.446,0.0,0.0,0.0,0.0,0.0,-6.771999999999993,0.0,0.0
LEU 138,65.326,0.0,0.0,-11.896,0.0,0.0,-64.23,0.0,0.0,-3.105,0.0,0.0,0.016536420000000003,0.0,0.0,-13.888463580000012,0.0,0.0
ASN 139,37.082,0.0,0.0,-8.713,0.0,0.0,-90.088,0.0,0.0,-7.302,0.0,0.0,0.20518494,0.0,0.0,-68.81581505999999,0.0,0.0
LYS 140,138.186,0.0,0.0,-9.482,0.0,0.0,-141.5,0.0,0.0,4.55,0.0,0.0,0.28021942,0.0,0.0,-7.965780579999992,0.0,0.0
ILE 141,90.449,0.0,0.0,-8.839,0.0,0.0,-75.32,0.0,0.0,-3.522,0.0,0.0,0.1339824,0.0,0.0,2.9019824000000063,0.0,0.0
VAL 142,64.153,0.0,0.0,-6.024,0.0,0.0,-56.157,0.0,0.0,-5.38,0.0,0.0,0.23028496,0.0,0.0,-3.1777150399999914,0.0,0.0
ARG 143,-190.871,0.0,0.0,-6.995,0.0,0.0,57.007,0.0,0.0,-30.405,0.0,0.0,1.1381349600000001,0.0,0.0,-170.12586504,0.0,0.0
MET 144,90.509,0.0,0.0,-6.26,0.0,0.0,-76.362,0.0,0.0,-5.823,0.0,0.0,0.75401956,0.0,0.0,2.81801956,0.0,0.0
TYR 145,99.672,0.0,0.0,-7.465,0.0,0.0,-85.668,0.0,0.0,-11.468,0.0,0.0,0.5896038600000001,0.0,0.0,-4.339396140000012,0.0,0.0
SER 146,88.808,0.0,0.0,-1.995,0.0,0.0,-68.005,0.0,0.0,-8.043,0.0,0.0,0.47900876000000003,0.0,0.0,11.244008760000007,0.0,0.0
PRO 147,91.633,0.0,0.0,-2.011,0.0,0.0,-63.292,0.0,0.0,-5.613,0.0,0.0,0.7529572400000001,0.0,0.0,21.46995724,0.0,0.0
THR 148,51.419,0.0,0.0,-2.003,0.0,0.0,-57.848,0.0,0.0,-8.306,0.0,0.0,0.6306983,0.0,0.0,-16.1073017,0.0,0.0
SER 149,65.258,0.0,0.0,-1.911,0.0,0.0,-48.749,0.0,0.0,-13.24,0.0,0.0,0.6627305000000001,0.0,0.0,2.020730499999992,0.0,0.0
ILE 150,64.519,0.0,0.0,-1.487,0.0,0.0,-28.736,0.0,0.0,-9.443,0.0,0.0,1.2828001800000002,0.0,0.0,26.135800180000007,0.0,0.0

Ligand:
Total Energy Decomposition:
Residue,Internal,,,van der Waals,,,Electrostatic,,,Polar Solvation,,,Non-Polar Solv.,,,TOTAL,,
,Avg.,Std. Dev.,Std. Err. of Mean,Avg.,Std. Dev.,Std. Err. of Mean,Avg.,Std. Dev.,Std. Err. of Mean,Avg.,Std. Dev.,Std. Err. of Mean,Avg.,Std. Dev.,Std. Err. of Mean,Avg.,Std. Dev.,Std. Err. of Mean
LEU   1,42.952,0.0,0.0,-4.366,0.0,0.0,-45.517,0.0,0.0,0.16,0.0,0.0,0.7341281600000001,0.0,0.0,-6.036871840000004,0.0,0.0
ASP   2,96.621,0.0,0.0,-4.429,0.0,0.0,-88.991,0.0,0.0,-59.374,0.0,0.0,0.66781446,0.0,0.0,-55.50518554000001,0.0,0.0
ILE   3,102.08,0.0,0.0,-7.846,0.0,0.0,-71.13,0.0,0.0,-2.883,0.0,0.0,0.26968836,0.0,0.0,20.49068836,0.0,0.0
ARG   4,-189.424,0.0,0.0,-10.499,0.0,0.0,39.461,0.0,0.0,-10.992,0.0,0.0,0.72885992,0.0,0.0,-170.72514008,0.0,0.0
GLN   5,29.472,0.0,0.0,-11.162,0.0,0.0,-89.829,0.0,0.0,0.469,0.0,0.0,0.052368040000000005,0.0,0.0,-70.99763195999999,0.0,0.0
GLY   6,84.902,0.0,0.0,-2.875,0.0,0.0,-74.801,0.0,0.0,-4.743,0.0,0.0,0.14114764000000002,0.0,0.0,2.6241476399999986,0.0,0.0
PRO   7,83.698,0.0,0.0,-3.489,0.0,0.0,-53.021,0.0,0.0,-7.837,0.0,0.0,0.64230794,0.0,0.0,19.993307939999987,0.0,0.0
LYS   8,124.812,0.0,0.0,-4.344,0.0,0.0,-112.146,0.0,0.0,-20.249,0.0,0.0,0.8073686200000001,0.0,0.0,-11.119631379999996,0.0,0.0
GLU   9,112.737,0.0,0.0,-6.888,0.0,0.0,-121.049,0.0,0.0,-33.42,0.0,0.0,0.20933124,0.0,0.0,-48.41066876000002,0.0,0.0
PRO  10,79.698,0.0,0.0,-7.462,0.0,0.0,-58.827,0.0,0.0,-1.409,0.0,0.0,0.24270760000000002,0.0,0.0,12.24270759999999,0.0,0.0
PHE  11,106.027,0.0,0.0,-15.425,0.0,0.0,-74.182,0.0,0.0,-2.29,0.0,0.0,0.0014363000000000002,0.0,0.0,14.131436300000003,0.0,0.0
ARG  12,-194.193,0.0,0.0,-10.555,0.0,0.0,18.291,0.0,0.0,12.021,0.0,0.0,0.6497767000000001,0.0,0.0,-173.78622330000005,0.0,0.0
ASP  13,95.072,0.0,0.0,-6.163,0.0,0.0,-71.774,0.0,0.0,-77.188,0.0,0.0,0.41048912000000004,0.0,0.0,-59.642510879999996,0.0,0.0
TYR  14,100.048,0.0,0.0,-18.134,0.0,0.0,-95.494,0.0,0.0,-0.589,0.0,0.0,0.0,0.0,0.0,-14.168999999999999,0.0,0.0
VAL  15,47.041,0.0,0.0,-9.247,0.0,0.0,-55.578,0.0,0.0,3.0,0.0,0.0,0.05379350000000001,0.0,0.0,-14.730206500000007,0.0,0.0
ASP  16,102.38,0.0,0.0,-7.816,0.0,0.0,-78.244,0.0,0.0,-68.266,0.0,0.0,0.46307938,0.0,0.0,-51.48292062000001,0.0,0.0
ARG  17,-188.186,0.0,0.0,-6.422,0.0,0.0,3.425,0.0,0.0,7.769,0.0,0.0,0.5561678800000001,0.0,0.0,-182.85783211999998,0.0,0.0
PHE  18,94.934,0.0,0.0,-13.778,0.0,0.0,-78.96,0.0,0.0,-0.892,0.0,0.0,0.04153888,0.0,0.0,1.345538879999998,0.0,0.0
TYR  19,101.964,0.0,0.0,-9.092,0.0,0.0,-94.499,0.0,0.0,-0.295,0.0,0.0,0.35045178000000005,0.0,0.0,-1.5715482199999953,0.0,0.0
LYS  20,138.865,0.0,0.0,-6.293,0.0,0.0,-114.643,0.0,0.0,-34.619,0.0,0.0,0.9209501400000001,0.0,0.0,-15.769049859999997,0.0,0.0
THR  21,47.133,0.0,0.0,-6.167,0.0,0.0,-57.023,0.0,0.0,-4.662,0.0,0.0,0.24700024000000004,0.0,0.0,-20.471999760000003,0.0,0.0
LEU  22,74.83,0.0,0.0,-9.489,0.0,0.0,-67.997,0.0,0.0,-3.236,0.0,0.0,0.09361424,0.0,0.0,-5.798385760000007,0.0,0.0
ARG  23,-195.252,0.0,0.0,-5.341,0.0,0.0,72.38,0.0,0.0,-46.951,0.0,0.0,0.9724293,0.0,0.0,-174.19157070000003,0.0,0.0
ALA  24,86.808,0.0,0.0,-3.858,0.0,0.0,-80.073,0.0,0.0,-5.089,0.0,0.0,0.45506862000000003,0.0,0.0,-1.7569313799999908,0.0,0.0
GLU  25,104.721,0.0,0.0,-6.24,0.0,0.0,-69.795,0.0,0.0,-84.405,0.0,0.0,0.71162432,0.0,0.0,-55.007375679999996,0.0,0.0
GLN  26,27.634,0.0,0.0,-3.166,0.0,0.0,-66.431,0.0,0.0,-16.877,0.0,0.0,0.79890258,0.0,0.0,-58.041097419999986,0.0,0.0
ALA  27,96.456,0.0,0.0,-4.716,0.0,0.0,-85.27,0.0,0.0,-1.622,0.0,0.0,0.14411780000000002,0.0,0.0,4.992117800000013,0.0,0.0
SER  28,66.309,0.0,0.0,-3.316,0.0,0.0,-53.779,0.0,0.0,-9.474,0.0,0.0,0.4382883,0.0,0.0,0.17828829999999135,0.0,0.0
GLN  29,28.976,0.0,0.0,-8.258,0.0,0.0,-74.04,0.0,0.0,-2.411,0.0,0.0,0.5250083,0.0,0.0,-55.2079917,0.0,0.0
GLU  30,106.26,0.0,0.0,-6.078,0.0,0.0,-83.229,0.0,0.0,-68.999,0.0,0.0,0.6970336800000001,0.0,0.0,-51.348966319999995,0.0,0.0
VAL  31,66.974,0.0,0.0,-7.496,0.0,0.0,-59.058,0.0,0.0,-3.541,0.0,0.0,0.34683664000000003,0.0,0.0,-2.7741633599999984,0.0,0.0
LYS  32,115.371,0.0,0.0,-9.389,0.0,0.0,-86.811,0.0,0.0,-37.012,0.0,0.0,0.1280204,0.0,0.0,-17.712979600000008,0.0,0.0
ASN  33,24.104,0.0,0.0,-8.327,0.0,0.0,-84.516,0.0,0.0,-7.159,0.0,0.0,0.40536180000000005,0.0,0.0,-75.49263820000002,0.0,0.0
TRP  34,121.36,0.0,0.0,-11.443,0.0,0.0,-90.866,0.0,0.0,-7.043,0.0,0.0,0.85444674,0.0,0.0,12.862446740000003,0.0,0.0
MET  35,103.275,0.0,0.0,-10.815,0.0,0.0,-85.017,0.0,0.0,-2.108,0.0,0.0,0.2173149,0.0,0.0,5.552314900000011,0.0,0.0
THR  36,36.704,0.0,0.0,-1.934,0.0,0.0,-58.44,0.0,0.0,-1.126,0.0,0.0,0.08418344000000001,0.0,0.0,-24.711816559999995,0.0,0.0
GLU  37,100.968,0.0,0.0,-6.383,0.0,0.0,-51.849,0.0,0.0,-92.754,0.0,0.0,0.6637386200000001,0.0,0.0,-49.35426138,0.0,0.0
THR  38,52.897,0.0,0.0,-5.961,0.0,0.0,-50.541,0.0,0.0,-1.816,0.0,0.0,0.30702132000000004,0.0,0.0,-5.113978679999997,0.0,0.0
LEU  39,65.467,0.0,0.0,-7.182,0.0,0.0,-69.176,0.0,0.0,-0.309,0.0,0.0,0.10555992,0.0,0.0,-11.094440080000005,0.0,0.0
LEU  40,82.557,0.0,0.0,-11.39,0.0,0.0,-91.736,0.0,0.0,1.882,0.0,0.0,0.0,0.0,0.0,-18.687,0.0,0.0
VAL  41,55.456,0.0,0.0,-7.327,0.0,0.0,-61.498,0.0,0.0,1.093,0.0,0.0,0.22995976,0.0,0.0,-12.046040239999993,0.0,0.0
GLN  42,32.845,0.0,0.0,-6.023,0.0,0.0,-69.324,0.0,0.0,-7.889,0.0,0.0,0.60980962,0.0,0.0,-49.78119038,0.0,0.0
ASN  43,22.12,0.0,0.0,-9.443,0.0,0.0,-88.968,0.0,0.0,-0.364,0.0,0.0,0.006661180000000001,0.0,0.0,-76.64833882,0.0,0.0
ALA  44,92.142,0.0,0.0,-8.339,0.0,0.0,-83.212,0.0,0.0,1.874,0.0,0.0,0.02222742,0.0,0.0,2.487227419999994,0.0,0.0
ASN  45,41.322,0.0,0.0,-7.15,0.0,0.0,-93.586,0.0,0.0,-4.092,0.0,0.0,0.06018910000000001,0.0,0.0,-63.44581089999999,0.0,0.0
PRO  46,72.166,0.0,0.0,-5.833,0.0,0.0,-59.478,0.0,0.0,-2.472,0.0,0.0,0.5669265800000001,0.0,0.0,4.949926579999998,0.0,0.0
ASP  47,82.906,0.0,0.0,-5.785,0.0,0.0,-67.891,0.0,0.0,-65.52,0.0,0.0,0.47014706,0.0,0.0,-55.81985293999999,0.0,0.0
CYX  48,100.812,0.0,0.0,-7.051,0.0,0.0,-80.471,0.0,0.0,-2.213,0.0,0.0,0.0014363000000000002,0.0,0.0,11.078436299999991,0.0,0.0
LYS  49,142.03,0.0,0.0,-9.881,0.0,0.0,-128.466,0.0,0.0,-20.178,0.0,0.0,0.44107418000000004,0.0,0.0,-16.053925820000007,0.0,0.0
THR  50,39.328,0.0,0.0,-5.684,0.0,0.0,-44.718,0.0,0.0,-9.875,0.0,0.0,0.53355564,0.0,0.0,-20.41544436,0.0,0.0
ILE  51,78.334,0.0,0.0,-5.761,0.0,0.0,-58.015,0.0,0.0,0.118,0.0,0.0,0.36691774000000005,0.0,0.0,15.042917740000007,0.0,0.0
LEU  52,73.761,0.0,0.0,-11.276,0.0,0.0,-67.354,0.0,0.0,-4.582,0.0,0.0,0.07506700000000001,0.0,0.0,-9.375933,0.0,0.0
LYS  53,119.567,0.0,0.0,-4.814,0.0,0.0,-88.744,0.0,0.0,-40.293,0.0,0.0,1.0075129600000001,0.0,0.0,-13.276487040000013,0.0,0.0
ALA  54,86.6,0.0,0.0,-3.448,0.0,0.0,-73.501,0.0,0.0,-4.704,0.0,0.0,0.48809268000000006,0.0,0.0,5.435092679999997,0.0,0.0
LEU  55,71.788,0.0,0.0,-7.205,0.0,0.0,-70.294,0.0,0.0,-6.237,0.0,0.0,0.4385322,0.0,0.0,-11.5094678,0.0,0.0
GLY  56,88.009,0.0,0.0,-2.621,0.0,0.0,-72.276,0.0,0.0,-9.476,0.0,0.0,0.14116932000000001,0.0,0.0,3.777169320000008,0.0,0.0
PRO  57,79.991,0.0,0.0,-2.079,0.0,0.0,-50.549,0.0,0.0,-11.894,0.0,0.0,0.8124146400000001,0.0,0.0,16.28141464000001,0.0,0.0
GLY  58,66.631,0.0,0.0,-2.047,0.0,0.0,-59.489,0.0,0.0,-9.517,0.0,0.0,0.39623452,0.0,0.0,-4.025765479999993,0.0,0.0
ALA  59,97.902,0.0,0.0,-5.105,0.0,0.0,-83.328,0.0,0.0,-6.514,0.0,0.0,0.11111542000000002,0.0,0.0,3.066115419999994,0.0,0.0
THR  60,50.9,0.0,0.0,-5.228,0.0,0.0,-49.495,0.0,0.0,-7.59,0.0,0.0,0.50487842,0.0,0.0,-10.90812158,0.0,0.0
LEU  61,65.307,0.0,0.0,-6.793,0.0,0.0,-68.075,0.0,0.0,-1.857,0.0,0.0,0.37820760000000003,0.0,0.0,-11.0397924,0.0,0.0
GLU  62,102.595,0.0,0.0,-6.388,0.0,0.0,-72.372,0.0,0.0,-81.638,0.0,0.0,0.6389367,0.0,0.0,-57.16406330000001,0.0,0.0
GLU  63,104.957,0.0,0.0,-7.246,0.0,0.0,-62.456,0.0,0.0,-87.145,0.0,0.0,0.44776246000000003,0.0,0.0,-51.44223754,0.0,0.0
MET  64,93.034,0.0,0.0,-11.63,0.0,0.0,-78.05,0.0,0.0,-1.466,0.0,0.0,0.008401,0.0,0.0,1.8964010000000135,0.0,0.0
MET  65,101.584,0.0,0.0,-11.508,0.0,0.0,-85.844,0.0,0.0,-0.117,0.0,0.0,0.1262047,0.0,0.0,4.241204700000013,0.0,0.0
THR  66,37.771,0.0,0.0,-5.917,0.0,0.0,-51.055,0.0,0.0,-2.184,0.0,0.0,0.40422902000000005,0.0,0.0,-20.980770980000003,0.0,0.0
ALA  67,78.86,0.0,0.0,-3.97,0.0,0.0,-66.086,0.0,0.0,-2.986,0.0,0.0,0.22116852,0.0,0.0,6.039168520000001,0.0,0.0
CYX  68,93.538,0.0,0.0,-7.233,0.0,0.0,-84.892,0.0,0.0,0.319,0.0,0.0,0.016498480000000003,0.0,0.0,1.7484984799999967,0.0,0.0
GLN  69,37.78,0.0,0.0,-3.964,0.0,0.0,-76.465,0.0,0.0,-16.232,0.0,0.0,0.7806913799999999,0.0,0.0,-58.10030862,0.0,0.0
GLY  70,100.69,0.0,0.0,-3.381,0.0,0.0,-81.838,0.0,0.0,-10.639,0.0,0.0,0.16060544000000002,0.0,0.0,4.992605440000005,0.0,0.0
VAL  71,33.746,0.0,0.0,-2.415,0.0,0.0,-25.92,0.0,0.0,-96.706,0.0,0.0,0.9862448800000001,0.0,0.0,-90.30875512,0.0,0.0

DELTAS:
Total Energy Decomposition:
Residue,Location,Internal,,,van der Waals,,,Electrostatic,,,Polar Solvation,,,Non-Polar Solv.,,,TOTAL,,
,,Avg.,Std. Dev.,Std. Err. of Mean,Avg.,Std. Dev.,Std. Err. of Mean,Avg.,Std. Dev.,Std. Err. of Mean,Avg.,Std. Dev.,Std. Err. of Mean,Avg.,Std. Dev.,Std. Err. of Mean
PRO   1,R PRO   1,0.0,0.0,0.0,-0.001000000000000334,0.0,0.0,-5.227999999999994,0.0,0.0,5.2330000000000005,0.0,0.0,0.0,0.0,0.0,0.004000000000001336,0.0,0.0
ILE   2,R ILE   2,0.0,0.0,0.0,0.0,0.0,0.0,0.01300000000000523,0.0,0.0,-0.01399999999999979,0.0,0.0,0.0,0.0,0.0,-0.0009999999999941167,0.0,0.0
VAL   3,R VAL   3,0.0,0.0,0.0,0.0,0.0,0.0,-0.01899999999999835,0.0,0.0,0.019000000000000128,0.0,0.0,0.0,0.0,0.0,0.0,0.0,0.0
GLN   4,R GLN   4,0.0,0.0,0.0,0.0,0.0,0.0,0.01899999999999835,0.0,0.0,-0.019999999999999574,0.0,0.0,0.0,0.0,0.0,-0.0009999999999976694,0.0,0.0
ASN   5,R ASN   5,0.0,0.0,0.0,0.0,0.0,0.0,-0.055999999999997385,0.0,0.0,0.05599999999999916,0.0,0.0,0.0,0.0,0.0,1.4210854715202004e-14,0.0,0.0
LEU   6,R LEU   6,0.0,0.0,0.0,0.0,0.0,0.0,-0.030000000000001137,0.0,0.0,0.028999999999999915,0.0,0.0,0.0,0.0,0.0,-0.0010000000000012221,0.0,0.0
GLN   7,R GLN   7,0.0,0.0,0.0,0.0,0.0,0.0,0.007999999999995566,0.0,0.0,-0.008000000000000895,0.0,0.0,0.0,0.0,0.0,-7.105427357601002e-15,0.0,0.0
GLY   8,R GLY   8,0.0,0.0,0.0,0.0,0.0,0.0,0.017000000000010118,0.0,0.0,-0.017000000000000348,0.0,0.0,0.0,0.0,0.0,9.769962616701378e-15,0.0,0.0
GLN   9,R GLN   9,0.0,0.0,0.0,0.0,0.0,0.0,0.04700000000000415,0.0,0.0,-0.04800000000000182,0.0,0.0,0.0,0.0,0.0,-0.0009999999999976694,0.0,0.0
MET  10,R MET  10,0.0,0.0,0.0,0.0,0.0,0.0,-0.015999999999991132,0.0,0.0,0.016000000000000014,0.0,0.0,0.0,0.0,0.0,7.105427357601002e-15,0.0,0.0
VAL  11,R VAL  11,0.0,0.0,0.0,0.0,0.0,0.0,0.012000000000000455,0.0,0.0,-0.01200000000000001,0.0,0.0,0.0,0.0,0.0,0.0,0.0,0.0
HID  12,R HID  12,0.0,0.0,0.0,0.0,0.0,0.0,-0.006999999999997897,0.0,0.0,0.006000000000000227,0.0,0.0,0.0,0.0,0.0,-0.0009999999999976694,0.0,0.0
GLN  13,R GLN  13,0.0,0.0,0.0,-0.001000000000000334,0.0,0.0,0.015000000000000568,0.0,0.0,-0.015000000000000568,0.0,0.0,0.0,0.0,0.0,-0.0010000000000047748,0.0,0.0
ALA  14,R ALA  14,0.0,0.0,0.0,-0.0009999999999998899,0.0,0.0,-0.01999999999999602,0.0,0.0,0.020000000000000018,0.0,0.0,0.0,0.0,0.0,-0.000999999999985235,0.0,0.0
ILE  15,R ILE  15,0.0,0.0,0.0,-0.001000000000000334,0.0,0.0,0.046999999999997044,0.0,0.0,-0.04600000000000026,0.0,0.0,0.0,0.0,0.0,-8.881784197001252e-15,0.0,0.0
SER  16,R SER  16,0.0,0.0,0.0,-0.001000000000000334,0.0,0.0,-0.06899999999999551,0.0,0.0,0.0680000000000005,0.0,0.0,0.0,0.0,0.0,-0.0019999999999988916,0.0,0.0
PRO  17,R PRO  17,0.0,0.0,0.0,-0.001000000000000334,0.0,0.0,-0.20600000000000307,0.0,0.0,0.20400000000000063,0.0,0.0,0.0,0.0,0.0,-0.0029999999999930083,0.0,0.0
ARG  18,R ARG  18,0.0,0.0,0.0,-0.0030000000000001137,0.0,0.0,-5.634999999999991,0.0,0.0,5.648000000000003,0.0,0.0,0.0,0.0,0.0,0.009999999999990905,0.0,0.0
THR  19,R THR  19,0.0,0.0,0.0,-0.0030000000000001137,0.0,0.0,-0.1810000000000045,0.0,0.0,0.18300000000000027,0.0,0.0,0.0,0.0,0.0,-0.0010000000000047748,0.0,0.0
LEU  20,R LEU  20,0.0,0.0,0.0,-0.0030000000000001137,0.0,0.0,-0.31799999999999784,0.0,0.0,0.31899999999999995,0.0,0.0,0.0,0.0,0.0,-0.001999999999997115,0.0,0.0
ASN  21,R ASN  21,0.0,0.0,0.0,-0.009000000000000341,0.0,0.0,-1.1899999999999977,0.0,0.0,1.2240000000000002,0.0,0.0,0.0,0.0,0.0,0.024999999999991473,0.0,0.0
ALA  22,R ALA  22,0.0,0.0,0.0,-0.006999999999999673,0.0,0.0,-0.519999999999996,0.0,0.0,0.5179999999999998,0.0,0.0,0.0,0.0,0.0,-0.00900000000000123,0.0,0.0
TRP  23,R TRP  23,0.0,0.0,0.0,-0.015000000000000568,0.0,0.0,-0.4040000000000106,0.0,0.0,0.4159999999999995,0.0,0.0,0.0,0.0,0.0,-0.003000000000010772,0.0,0.0
VAL  24,R VAL  24,0.0,0.0,0.0,-0.02800000000000047,0.0,0.0,-0.8179999999999978,0.0,0.0,0.8170000000000002,0.0,0.0,0.0,0.0,0.0,-0.028999999999996362,0.0,0.0
LYS  25,R LYS  25,0.0,0.0,0.0,-0.08999999999999986,0.0,0.0,-1.5370000000000061,0.0,0.0,1.7049999999999983,0.0,0.0,0.0,0.0,0.0,0.07799999999998875,0.0,0.0
VAL  26,R VAL  26,0.0,0.0,0.0,-0.06099999999999994,0.0,0.0,-0.5349999999999966,0.0,0.0,0.5699999999999998,0.0,0.0,0.0,0.0,0.0,-0.025999999999989143,0.0,0.0
VAL  27,R VAL  27,0.0,0.0,0.0,-0.0990000000000002,0.0,0.0,0.21600000000000108,0.0,0.0,-0.051000000000000156,0.0,0.0,0.0,0.0,0.0,0.0659999999999954,0.0,0.0
GLU  28,R GLU  28,0.0,0.0,0.0,-1.0229999999999997,0.0,0.0,-39.648,0.0,0.0,39.056999999999995,0.0,0.0,-0.17407956000000002,0.0,0.0,-1.7880795600000212,0.0,0.0
GLU  29,R GLU  29,0.0,0.0,0.0,-1.5509999999999993,0.0,0.0,-31.631,0.0,0.0,31.918,0.0,0.0,-0.24058838,0.0,0.0,-1.5045883800000084,0.0,0.0
LYS  30,R LYS  30,0.0,0.0,0.0,-1.0570000000000004,0.0,0.0,-6.201999999999998,0.0,0.0,6.444999999999999,0.0,0.0,-0.07338680000000003,0.0,0.0,-0.8873868000000016,0.0,0.0
ALA  31,R ALA  31,0.0,0.0,0.0,-2.471,0.0,0.0,5.0719999999999885,0.0,0.0,-3.189,0.0,0.0,-0.21953710000000004,0.0,0.0,-0.8075371000000153,0.0,0.0
PHE  32,R PHE  32,0.0,0.0,0.0,-1.3059999999999992,0.0,0.0,3.1119999999999948,0.0,0.0,-2.2880000000000003,0.0,0.0,-0.12795535999999996,0.0,0.0,-0.6099553600000025,0.0,0.0
SER  33,R SER  33,0.0,0.0,0.0,-0.4379999999999997,0.0,0.0,-1.314,0.0,0.0,1.6749999999999998,0.0,0.0,-0.07084482000000002,0.0,0.0,-0.14784482000000132,0.0,0.0
PRO  34,R PRO  34,0.0,0.0,0.0,-0.06099999999999994,0.0,0.0,-0.6570000000000036,0.0,0.0,0.659,0.0,0.0,0.0,0.0,0.0,-0.05900000000000993,0.0,0.0
GLU  35,R GLU  35,0.0,0.0,0.0,-0.15200000000000014,0.0,0.0,10.384,0.0,0.0,-10.11999999999999,0.0,0.0,-0.008628640000000076,0.0,0.0,0.10337136000001124,0.0,0.0
VAL  36,R VAL  36,0.0,0.0,0.0,-0.05500000000000149,0.0,0.0,-0.33200000000000074,0.0,0.0,0.3849999999999999,0.0,0.0,0.0,0.0,0.0,-0.002000000000000668,0.0,0.0
ILE  37,R ILE  37,0.0,0.0,0.0,-0.0129999999999999,0.0,0.0,-0.3999999999999986,0.0,0.0,0.40599999999999997,0.0,0.0,0.0,0.0,0.0,-0.007000000000005002,0.0,0.0
PRO  38,R PRO  38,0.0,0.0,0.0,-0.010000000000000675,0.0,0.0,-0.21800000000000352,0.0,0.0,0.2250000000000001,0.0,0.0,0.0,0.0,0.0,-0.0029999999999930083,0.0,0.0
MET  39,R MET  39,0.0,0.0,0.0,-0.028999999999999915,0.0,0.0,-0.12899999999999068,0.0,0.0,0.1339999999999999,0.0,0.0,0.0,0.0,0.0,-0.02400000000000091,0.0,0.0
PHE  40,R PHE  40,0.0,0.0,0.0,-0.006000000000000227,0.0,0.0,-0.1280000000000001,0.0,0.0,0.13100000000000023,0.0,0.0,0.0,0.0,0.0,-0.0030000000000001137,0.0,0.0
SER  41,R SER  41,0.0,0.0,0.0,-0.0019999999999997797,0.0,0.0,-0.027000000000001023,0.0,0.0,0.038000000000000256,0.0,0.0,0.0,0.0,0.0,0.009000000000003894,0.0,0.0
ALA  42,R ALA  42,0.0,0.0,0.0,-0.002000000000000668,0.0,0.0,0.0589999999999975,0.0,0.0,-0.05400000000000027,0.0,0.0,0.0,0.0,0.0,0.002999999999987679,0.0,0.0
LEU  43,R LEU  43,0.0,0.0,0.0,-0.0030000000000001137,0.0,0.0,0.04899999999999238,0.0,0.0,-0.04499999999999993,0.0,0.0,0.0,0.0,0.0,0.0009999999999923403,0.0,0.0
SER  44,R SER  44,0.0,0.0,0.0,-0.0009999999999994458,0.0,0.0,0.03999999999999204,0.0,0.0,-0.03700000000000003,0.0,0.0,0.0,0.0,0.0,0.001999999999986457,0.0,0.0
GLU  45,R GLU  45,0.0,0.0,0.0,-0.001000000000000334,0.0,0.0,5.470000000000006,0.0,0.0,-5.471000000000004,0.0,0.0,0.0,0.0,0.0,-0.0020000000000024443,0.0,0.0
GLY  46,R GLY  46,0.0,0.0,0.0,0.0,0.0,0.0,-0.013999999999995794,0.0,0.0,0.014000000000000012,0.0,0.0,0.0,0.0,0.0,4.440892098500626e-15,0.0,0.0
ALA  47,R ALA  47,0.0,0.0,0.0,0.0,0.0,0.0,0.025000000000005684,0.0,0.0,-0.02299999999999991,0.0,0.0,0.0,0.0,0.0,0.002000000000005775,0.0,0.0
THR  48,R THR  48,0.0,0.0,0.0,0.0,0.0,0.0,0.019000000000005457,0.0,0.0,-0.01899999999999996,0.0,0.0,0.0,0.0,0.0,7.105427357601002e-15,0.0,0.0
PRO  49,R PRO  49,0.0,0.0,0.0,0.0,0.0,0.0,0.01899999999999835,0.0,0.0,-0.019000000000000017,0.0,0.0,0.0,0.0,0.0,-1.7763568394002505e-15,0.0,0.0
GLN  50,R GLN  50,0.0,0.0,0.0,-0.0009999999999994458,0.0,0.0,0.015999999999991132,0.0,0.0,-0.016000000000000014,0.0,0.0,0.0,0.0,0.0,-0.0010000000000047748,0.0,0.0
ASP  51,R ASP  51,0.0,0.0,0.0,-0.0009999999999994458,0.0,0.0,5.2620000000000005,0.0,0.0,-5.267999999999999,0.0,0.0,0.0,0.0,0.0,-0.006999999999990791,0.0,0.0
LEU  52,R LEU  52,0.0,0.0,0.0,-0.0009999999999994458,0.0,0.0,-0.023000000000010346,0.0,0.0,0.022999999999999993,0.0,0.0,0.0,0.0,0.0,-0.0010000000000083276,0.0,0.0
ASN  53,R ASN  53,0.0,0.0,0.0,-0.0009999999999994458,0.0,0.0,0.06300000000000239,0.0,0.0,-0.06199999999999939,0.0,0.0,0.0,0.0,0.0,0.0,0.0,0.0
THR  54,R THR  54,0.0,0.0,0.0,-0.0019999999999997797,0.0,0.0,0.006000000000000227,0.0,0.0,-0.0050000000000000044,0.0,0.0,0.0,0.0,0.0,-0.0009999999999976694,0.0,0.0
MET  55,R MET  55,0.0,0.0,0.0,-0.0029999999999983373,0.0,0.0,-0.07099999999999795,0.0,0.0,0.07299999999999995,0.0,0.0,0.0,0.0,0.0,-0.0009999999999981135,0.0,0.0
LEU  56,R LEU  56,0.0,0.0,0.0,-0.0030000000000001137,0.0,0.0,-0.0870000000000033,0.0,0.0,0.08700000000000001,0.0,0.0,0.0,0.0,0.0,-0.0030000000000001137,0.0,0.0
ASN  57,R ASN  57,0.0,0.0,0.0,-0.0030000000000001137,0.0,0.0,0.09599999999998943,0.0,0.0,-0.08900000000000041,0.0,0.0,0.0,0.0,0.0,0.003999999999990678,0.0,0.0
THR  58,R THR  58,0.0,0.0,0.0,-0.004999999999999893,0.0,0.0,-0.17199999999999704,0.0,0.0,0.19199999999999973,0.0,0.0,0.0,0.0,0.0,0.015000000000007674,0.0,0.0
VAL  59,R VAL  59,0.0,0.0,0.0,-0.010999999999999233,0.0,0.0,-0.003999999999997783,0.0,0.0,0.017000000000000015,0.0,0.0,0.0,0.0,0.0,0.002000000000006441,0.0,0.0
ALA  60,R ALA  60,0.0,0.0,0.0,-0.0039999999999995595,0.0,0.0,-0.0730000000000004,0.0,0.0,0.09600000000000009,0.0,0.0,0.0,0.0,0.0,0.0189999999999948,0.0,0.0
PRO  61,R PRO  61,0.0,0.0,0.0,-0.01100000000000012,0.0,0.0,-0.26599999999999824,0.0,0.0,0.30100000000000016,0.0,0.0,0.0,0.0,0.0,0.024000000000004462,0.0,0.0
HID  62,R HID  62,0.0,0.0,0.0,-0.03000000000000025,0.0,0.0,1.4519999999999982,0.0,0.0,-1.2919999999999998,0.0,0.0,0.0,0.0,0.0,0.12999999999999723,0.0,0.0
GLN  63,R GLN  63,0.0,0.0,0.0,-0.15300000000000047,0.0,0.0,0.4540000000000006,0.0,0.0,0.058999999999999275,0.0,0.0,-0.013549999999999951,0.0,0.0,0.34645000000000437,0.0,0.0
ALA  64,R ALA  64,0.0,0.0,0.0,-0.019000000000000128,0.0,0.0,0.27599999999999625,0.0,0.0,-0.24299999999999988,0.0,0.0,0.0,0.0,0.0,0.013999999999990465,0.0,0.0
ALA  65,R ALA  65,0.0,0.0,0.0,-0.01100000000000012,0.0,0.0,0.3259999999999934,0.0,0.0,-0.30800000000000005,0.0,0.0,0.0,0.0,0.0,0.006999999999997897,0.0,0.0
ALA  66,R ALA  66,0.0,0.0,0.0,-0.004000000000000448,0.0,0.0,0.10500000000000398,0.0,0.0,-0.09799999999999986,0.0,0.0,0.0,0.0,0.0,0.0029999999999983373,0.0,0.0
GLN  67,R GLN  67,0.0,0.0,0.0,-0.0039999999999995595,0.0,0.0,-0.14100000000000534,0.0,0.0,0.15300000000000002,0.0,0.0,0.0,0.0,0.0,0.007999999999995566,0.0,0.0
MET  68,R MET  68,0.0,0.0,0.0,-0.008000000000000895,0.0,0.0,0.09600000000000364,0.0,0.0,-0.08399999999999985,0.0,0.0,0.0,0.0,0.0,0.004000000000008441,0.0,0.0
LEU  69,R LEU  69,0.0,0.0,0.0,-0.005000000000000782,0.0,0.0,0.09800000000001319,0.0,0.0,-0.09299999999999997,0.0,0.0,0.0,0.0,0.0,3.552713678800501e-15,0.0,0.0
LYS  70,R LYS  70,0.0,0.0,0.0,-0.002000000000000668,0.0,0.0,-6.697000000000003,0.0,0.0,6.7159999999999975,0.0,0.0,0.0,0.0,0.0,0.01699999999998525,0.0,0.0
GLU  71,R GLU  71,0.0,0.0,0.0,-0.002000000000000668,0.0,0.0,7.825000000000003,0.0,0.0,-7.803999999999988,0.0,0.0,0.0,0.0,0.0,0.019000000000019668,0.0,0.0
THR  72,R THR  72,0.0,0.0,0.0,-0.002000000000000668,0.0,0.0,0.03200000000000358,0.0,0.0,-0.03000000000000025,0.0,0.0,0.0,0.0,0.0,0.0,0.0,0.0
ILE  73,R ILE  73,0.0,0.0,0.0,-0.0019999999999988916,0.0,0.0,-0.015000000000000568,0.0,0.0,0.01499999999999968,0.0,0.0,0.0,0.0,0.0,-0.001999999999997115,0.0,0.0
ASN  74,R ASN  74,0.0,0.0,0.0,-0.001000000000000334,0.0,0.0,-0.17799999999999727,0.0,0.0,0.17800000000000082,0.0,0.0,0.0,0.0,0.0,-0.0010000000000047748,0.0,0.0
GLU  75,R GLU  75,0.0,0.0,0.0,-0.0009999999999994458,0.0,0.0,7.3060000000000045,0.0,0.0,-7.301000000000002,0.0,0.0,0.0,0.0,0.0,0.003999999999997783,0.0,0.0
GLU  76,R GLU  76,0.0,0.0,0.0,-0.0009999999999994458,0.0,0.0,6.674999999999997,0.0,0.0,-6.673000000000002,0.0,0.0,0.0,0.0,0.0,0.0010000000000047748,0.0,0.0
ALA  77,R ALA  77,0.0,0.0,0.0,-0.001000000000000334,0.0,0.0,-0.06499999999999773,0.0,0.0,0.06499999999999995,0.0,0.0,0.0,0.0,0.0,-0.0009999999999883435,0.0,0.0
ALA  78,R ALA  78,0.0,0.0,0.0,0.0,0.0,0.0,-0.0799999999999983,0.0,0.0,0.07999999999999996,0.0,0.0,0.0,0.0,0.0,1.7763568394002505e-15,0.0,0.0
GLU  79,R GLU  79,0.0,0.0,0.0,-0.0009999999999994458,0.0,0.0,6.382000000000005,0.0,0.0,-6.378999999999991,0.0,0.0,0.0,0.0,0.0,0.0020000000000237605,0.0,0.0
TRP  80,R TRP  80,0.0,0.0,0.0,-0.0010000000000012221,0.0,0.0,-0.012000000000000455,0.0,0.0,0.01200000000000001,0.0,0.0,0.0,0.0,0.0,-0.001000000000005663,0.0,0.0
ASP  81,R ASP  81,0.0,0.0,0.0,0.0,0.0,0.0,5.507999999999996,0.0,0.0,-5.50800000000001,0.0,0.0,0.0,0.0,0.0,-1.4210854715202004e-14,0.0,0.0
ARG  82,R ARG  82,0.0,0.0,0.0,-0.0009999999999994458,0.0,0.0,-6.143000000000001,0.0,0.0,6.141000000000002,0.0,0.0,0.0,0.0,0.0,-0.002999999999985903,0.0,0.0
LEU  83,R LEU  83,0.0,0.0,0.0,-0.0009999999999994458,0.0,0.0,-0.06799999999999784,0.0,0.0,0.06800000000000006,0.0,0.0,0.0,0.0,0.0,-0.0009999999999941167,0.0,0.0
HID  84,R HID  84,0.0,0.0,0.0,0.0,0.0,0.0,0.06799999999999784,0.0,0.0,-0.06800000000000139,0.0,0.0,0.0,0.0,0.0,0.0,0.0,0.0
PRO  85,R PRO  85,0.0,0.0,0.0,0.0,0.0,0.0,-0.024999999999991473,0.0,0.0,0.025000000000000355,0.0,0.0,0.0,0.0,0.0,8.881784197001252e-15,0.0,0.0
VAL  86,R VAL  86,0.0,0.0,0.0,0.0,0.0,0.0,-0.007000000000005002,0.0,0.0,0.006000000000000227,0.0,0.0,0.0,0.0,0.0,-0.0010000000000047748,0.0,0.0
HID  87,R HID  87,0.0,0.0,0.0,0.0,0.0,0.0,0.045000000000001705,0.0,0.0,-0.04399999999999871,0.0,0.0,0.0,0.0,0.0,0.0010000000000012221,0.0,0.0
ALA  88,R ALA  88,0.0,0.0,0.0,0.0,0.0,0.0,0.0049999999999954525,0.0,0.0,-0.006000000000000227,0.0,0.0,0.0,0.0,0.0,-0.0010000000000047748,0.0,0.0
GLY  89,R GLY  89,0.0,0.0,0.0,0.0,0.0,0.0,0.04600000000000648,0.0,0.0,-0.04600000000000026,0.0,0.0,0.0,0.0,0.0,7.105427357601002e-15,0.0,0.0
PRO  90,R PRO  90,0.0,0.0,0.0,0.0,0.0,0.0,0.009000000000000341,0.0,0.0,-0.009000000000000341,0.0,0.0,0.0,0.0,0.0,0.0,0.0,0.0
ILE  91,R ILE  91,0.0,0.0,0.0,0.0,0.0,0.0,-0.04100000000000392,0.0,0.0,0.040000000000000036,0.0,0.0,0.0,0.0,0.0,-0.0010000000000047748,0.0,0.0
ALA  92,R ALA  92,0.0,0.0,0.0,0.0,0.0,0.0,0.025000000000005684,0.0,0.0,-0.025000000000000355,0.0,0.0,0.0,0.0,0.0,7.105427357601002e-15,0.0,0.0
PRO  93,R PRO  93,0.0,0.0,0.0,0.0,0.0,0.0,-0.006000000000000227,0.0,0.0,0.006000000000000227,0.0,0.0,0.0,0.0,0.0,0.0,0.0,0.0
GLY  94,R GLY  94,0.0,0.0,0.0,0.0,0.0,0.0,-0.009000000000000341,0.0,0.0,0.008999999999999453,0.0,0.0,0.0,0.0,0.0,-8.881784197001252e-16,0.0,0.0
GLN  95,R GLN  95,0.0,0.0,0.0,-0.0009999999999994458,0.0,0.0,0.049000000000006594,0.0,0.0,-0.04899999999999949,0.0,0.0,0.0,0.0,0.0,-0.000999999999990564,0.0,0.0
MET  96,R MET  96,0.0,0.0,0.0,0.0,0.0,0.0,-0.001999999999995339,0.0,0.0,0.0019999999999988916,0.0,0.0,0.0,0.0,0.0,3.552713678800501e-15,0.0,0.0
ARG  97,R ARG  97,0.0,0.0,0.0,0.0,0.0,0.0,-5.046000000000003,0.0,0.0,5.046999999999997,0.0,0.0,0.0,0.0,0.0,0.0009999999999763531,0.0,0.0
GLU  98,R GLU  98,0.0,0.0,0.0,0.0,0.0,0.0,4.865000000000002,0.0,0.0,-4.864999999999995,0.0,0.0,0.0,0.0,0.0,7.105427357601002e-15,0.0,0.0
PRO  99,R PRO  99,0.0,0.0,0.0,0.0,0.0,0.0,0.0009999999999976694,0.0,0.0,-0.0009999999999998899,0.0,0.0,0.0,0.0,0.0,-3.552713678800501e-15,0.0,0.0
ARG 100,R ARG 100,0.0,0.0,0.0,0.0,0.0,0.0,-5.322,0.0,0.0,5.3210000000000015,0.0,0.0,0.0,0.0,0.0,-0.0010000000000047748,0.0,0.0
GLY 101,R GLY 101,0.0,0.0,0.0,0.0,0.0,0.0,-0.007000000000005002,0.0,0.0,0.008000000000000007,0.0,0.0,0.0,0.0,0.0,0.0009999999999950049,0.0,0.0
SER 102,R SER 102,0.0,0.0,0.0,0.0,0.0,0.0,-0.001999999999995339,0.0,0.0,0.0019999999999997797,0.0,0.0,0.0,0.0,0.0,4.440892098500626e-15,0.0,0.0
ASP 103,R ASP 103,0.0,0.0,0.0,0.0,0.0,0.0,5.305999999999997,0.0,0.0,-5.307000000000002,0.0,0.0,0.0,0.0,0.0,-0.0010000000000047748,0.0,0.0
ILE 104,R ILE 104,0.0,0.0,0.0,0.0,0.0,0.0,-0.029000000000003467,0.0,0.0,0.029000000000000137,0.0,0.0,0.0,0.0,0.0,-3.552713678800501e-15,0.0,0.0
ALA 105,R ALA 105,0.0,0.0,0.0,0.0,0.0,0.0,0.005000000000009663,0.0,0.0,-0.006000000000000005,0.0,0.0,0.0,0.0,0.0,-0.000999999999990342,0.0,0.0
GLY 106,R GLY 106,0.0,0.0,0.0,0.0,0.0,0.0,-0.0049999999999954525,0.0,0.0,0.0040000000000000036,0.0,0.0,0.0,0.0,0.0,-0.000999999999995449,0.0,0.0
THR 107,R THR 107,0.0,0.0,0.0,0.0,0.0,0.0,-0.009000000000000341,0.0,0.0,0.010000000000000675,0.0,0.0,0.0,0.0,0.0,0.0010000000000012221,0.0,0.0
THR 108,R THR 108,0.0,0.0,0.0,0.0,0.0,0.0,-0.009000000000000341,0.0,0.0,0.010000000000000231,0.0,0.0,0.0,0.0,0.0,0.0009999999999976694,0.0,0.0
SER 109,R SER 109,0.0,0.0,0.0,0.0,0.0,0.0,0.03700000000000614,0.0,0.0,-0.037000000000000144,0.0,0.0,0.0,0.0,0.0,5.773159728050814e-15,0.0,0.0
THR 110,R THR 110,0.0,0.0,0.0,0.0,0.0,0.0,-0.003999999999997783,0.0,0.0,0.0039999999999995595,0.0,0.0,0.0,0.0,0.0,1.7763568394002505e-15,0.0,0.0
LEU 111,R LEU 111,0.0,0.0,0.0,0.0,0.0,0.0,-0.010000000000005116,0.0,0.0,0.009000000000000341,0.0,0.0,0.0,0.0,0.0,-0.0010000000000047748,0.0,0.0
GLN 112,R GLN 112,0.0,0.0,0.0,0.0,0.0,0.0,-0.03200000000001069,0.0,0.0,0.03200000000000003,0.0,0.0,0.0,0.0,0.0,-7.105427357601002e-15,0.0,0.0
GLU 113,R GLU 113,0.0,0.0,0.0,0.0,0.0,0.0,5.001999999999995,0.0,0.0,-5.003,0.0,0.0,0.0,0.0,0.0,-0.0010000000000047748,0.0,0.0
GLN 114,R GLN 114,0.0,0.0,0.0,0.0,0.0,0.0,-0.014000000000010004,0.0,0.0,0.01399999999999979,0.0,0.0,0.0,0.0,0.0,-7.105427357601002e-15,0.0,0.0
ILE 115,R ILE 115,0.0,0.0,0.0,0.0,0.0,0.0,0.0020000000000095497,0.0,0.0,-0.0019999999999997797,0.0,0.0,0.0,0.0,0.0,8.881784197001252e-15,0.0,0.0
GLY 116,R GLY 116,0.0,0.0,0.0,0.0,0.0,0.0,-0.007000000000005002,0.0,0.0,0.008000000000000007,0.0,0.0,0.0,0.0,0.0,0.0009999999999950049,0.0,0.0
TRP 117,R TRP 117,0.0,0.0,0.0,0.0,0.0,0.0,-0.0020000000000095497,0.0,0.0,0.002000000000000224,0.0,0.0,0.0,0.0,0.0,-7.105427357601002e-15,0.0,0.0
MET 118,R MET 118,0.0,0.0,0.0,0.0,0.0,0.0,0.0049999999999954525,0.0,0.0,-0.004999999999999893,0.0,0.0,0.0,0.0,0.0,-4.440892098500626e-15,0.0,0.0
THR 119,R THR 119,0.0,0.0,0.0,0.0,0.0,0.0,-0.036999999999999034,0.0,0.0,0.03699999999999992,0.0,0.0,0.0,0.0,0.0,3.552713678800501e-15,0.0,0.0
HID 120,R HID 120,0.0,0.0,0.0,0.0,0.0,0.0,-0.006999999999997897,0.0,0.0,0.007000000000000561,0.0,0.0,0.0,0.0,0.0,1.7763568394002505e-15,0.0,0.0
ASN 121,R ASN 121,0.0,0.0,0.0,0.0,0.0,0.0,0.0049999999999954525,0.0,0.0,-0.005000000000000782,0.0,0.0,0.0,0.0,0.0,-7.105427357601002e-15,0.0,0.0
PRO 122,R PRO 122,0.0,0.0,0.0,0.0,0.0,0.0,-0.01999999999999602,0.0,0.0,0.020999999999999908,0.0,0.0,0.0,0.0,0.0,0.0010000000000047748,0.0,0.0
PRO 123,R PRO 123,0.0,0.0,0.0,0.0,0.0,0.0,0.01099999999999568,0.0,0.0,-0.01100000000000012,0.0,0.0,0.0,0.0,0.0,-3.552713678800501e-15,0.0,0.0
ILE 124,R ILE 124,0.0,0.0,0.0,0.0,0.0,0.0,0.01100000000000989,0.0,0.0,-0.01100000000000012,0.0,0.0,0.0,0.0,0.0,1.0658141036401503e-14,0.0,0.0
PRO 125,R PRO 125,0.0,0.0,0.0,0.0,0.0,0.0,-0.026000000000003354,0.0,0.0,0.02600000000000069,0.0,0.0,0.0,0.0,0.0,-3.552713678800501e-15,0.0,0.0
VAL 126,R VAL 126,0.0,0.0,0.0,-0.0009999999999994458,0.0,0.0,0.04800000000000182,0.0,0.0,-0.04800000000000004,0.0,0.0,0.0,0.0,0.0,-0.000999999999995893,0.0,0.0
GLY 127,R GLY 127,0.0,0.0,0.0,0.0,0.0,0.0,0.06199999999999761,0.0,0.0,-0.062000000000000055,0.0,0.0,0.0,0.0,0.0,-1.7763568394002505e-15,0.0,0.0
GLU 128,R GLU 128,0.0,0.0,0.0,-0.001000000000000334,0.0,0.0,5.777000000000001,0.0,0.0,-5.7790000000000035,0.0,0.0,0.0,0.0,0.0,-0.0029999999999930083,0.0,0.0
ILE 129,R ILE 129,0.0,0.0,0.0,0.0,0.0,0.0,0.09399999999999409,0.0,0.0,-0.09399999999999997,0.0,0.0,0.0,0.0,0.0,-7.105427357601002e-15,0.0,0.0
TYR 130,R TYR 130,0.0,0.0,0.0,-0.002000000000000668,0.0,0.0,0.11400000000000432,0.0,0.0,-0.11299999999999999,0.0,0.0,0.0,0.0,0.0,-0.000999999999990564,0.0,0.0
LYS 131,R LYS 131,0.0,0.0,0.0,-0.0019999999999988916,0.0,0.0,-5.668000000000006,0.0,0.0,5.673,0.0,0.0,0.0,0.0,0.0,0.003000000000012548,0.0,0.0
ARG 132,R ARG 132,0.0,0.0,0.0,-0.0010000000000012221,0.0,0.0,-6.686999999999998,0.0,0.0,6.690999999999999,0.0,0.0,0.0,0.0,0.0,0.0030000000000143245,0.0,0.0
TRP 133,R TRP 133,0.0,0.0,0.0,-0.0019999999999988916,0.0,0.0,0.11499999999999488,0.0,0.0,-0.11299999999999999,0.0,0.0,0.0,0.0,0.0,0.0,0.0,0.0
ILE 134,R ILE 134,0.0,0.0,0.0,-0.0030000000000001137,0.0,0.0,0.1770000000000067,0.0,0.0,-0.17100000000000004,0.0,0.0,0.0,0.0,0.0,0.003000000000006331,0.0,0.0
ILE 135,R ILE 135,0.0,0.0,0.0,-0.0039999999999995595,0.0,0.0,0.25799999999999557,0.0,0.0,-0.26,0.0,0.0,0.0,0.0,0.0,-0.006000000000009109,0.0,0.0
LEU 136,R LEU 136,0.0,0.0,0.0,-0.0030000000000001137,0.0,0.0,0.3230000000000075,0.0,0.0,-0.32099999999999995,0.0,0.0,0.0,0.0,0.0,-0.0009999999999941167,0.0,0.0
GLY 137,R GLY 137,0.0,0.0,0.0,-0.0030000000000001137,0.0,0.0,0.340999999999994,0.0,0.0,-0.335,0.0,0.0,0.0,0.0,0.0,0.0029999999999938964,0.0,0.0
LEU 138,R LEU 138,0.0,0.0,0.0,-0.017999999999998906,0.0,0.0,0.5450000000000017,0.0,0.0,-0.5150000000000001,0.0,0.0,0.0,0.0,0.0,0.012000000000000455,0.0,0.0
ASN 139,R ASN 139,0.0,0.0,0.0,-0.012000000000000455,0.0,0.0,0.9739999999999895,0.0,0.0,-0.9320000000000004,0.0,0.0,0.0,0.0,0.0,0.029999999999986926,0.0,0.0
LYS 140,R LYS 140,0.0,0.0,0.0,-0.009000000000000341,0.0,0.0,-7.856999999999999,0.0,0.0,7.883,0.0,0.0,0.0,0.0,0.0,0.01699999999998525,0.0,0.0
ILE 141,R ILE 141,0.0,0.0,0.0,-0.03999999999999915,0.0,0.0,0.7869999999999919,0.0,0.0,-0.7100000000000004,0.0,0.0,0.0,0.0,0.0,0.03699999999998527,0.0,0.0
VAL 142,R VAL 142,0.0,0.0,0.0,-0.0730000000000004,0.0,0.0,0.6539999999999964,0.0,0.0,-0.5709999999999997,0.0,0.0,0.0,0.0,0.0,0.009999999999996234,0.0,0.0
ARG 143,R ARG 143,0.0,0.0,0.0,-0.01699999999999946,0.0,0.0,-9.788999999999994,0.0,0.0,9.821000000000002,0.0,0.0,0.0,0.0,0.0,0.014999999999986358,0.0,0.0
MET 144,R MET 144,0.0,0.0,0.0,-0.020999999999999908,0.0,0.0,0.340999999999994,0.0,0.0,-0.2919999999999998,0.0,0.0,0.0,0.0,0.0,0.027999999999993364,0.0,0.0
TYR 145,R TYR 145,0.0,0.0,0.0,-1.032,0.0,0.0,-8.831999999999994,0.0,0.0,6.793,0.0,0.0,-0.29863116000000006,0.0,0.0,-3.369631159999991,0.0,0.0
SER 146,R SER 146,0.0,0.0,0.0,-0.1200000000000001,0.0,0.0,0.8389999999999986,0.0,0.0,-0.5560000000000009,0.0,0.0,0.0,0.0,0.0,0.16300000000000736,0.0,0.0
PRO 147,R PRO 147,0.0,0.0,0.0,-0.23399999999999999,0.0,0.0,-1.6189999999999998,0.0,0.0,1.7500000000000004,0.0,0.0,-0.013555420000000096,0.0,0.0,-0.11655542000000807,0.0,0.0
THR 148,R THR 148,0.0,0.0,0.0,-1.5139999999999998,0.0,0.0,0.08299999999999841,0.0,0.0,1.0619999999999994,0.0,0.0,-0.30830044000000006,0.0,0.0,-0.6773004400000069,0.0,0.0
SER 149,R SER 149,0.0,0.0,0.0,-2.1599999999999997,0.0,0.0,-4.3189999999999955,0.0,0.0,5.795,0.0,0.0,-0.2772384200000001,0.0,0.0,-0.9612384199999924,0.0,0.0
ILE 150,R ILE 150,20.105999999999995,0.0,0.0,-8.311,0.0,0.0,-27.040000000000003,0.0,0.0,6.263999999999999,0.0,0.0,-1.1911967600000002,0.0,0.0,-10.172196760000013,0.0,0.0
LEU 151,L LEU   1,21.504999999999995,0.0,0.0,-2.0,0.0,0.0,-25.115999999999993,0.0,0.0,0.5469999999999999,0.0,0.0,-0.26136866000000014,0.0,0.0,-5.325368659999996,0.0,0.0
ASP 152,L ASP   2,0.0,0.0,0.0,-1.806,0.0,0.0,12.150999999999996,0.0,0.0,-11.476999999999997,0.0,0.0,-0.21673495999999998,0.0,0.0,-1.3487349600000016,0.0,0.0
ILE 153,L ILE   3,0.0,0.0,0.0,-1.7319999999999993,0.0,0.0,-0.5510000000000019,0.0,0.0,0.548,0.0,0.0,-0.16176532000000002,0.0,0.0,-1.8967653200000036,0.0,0.0
ARG 154,L ARG   4,0.0,0.0,0.0,-0.1869999999999994,0.0,0.0,-13.498999999999999,0.0,0.0,13.744,0.0,0.0,0.0,0.0,0.0,0.0579999999999643,0.0,0.0
GLN 155,L GLN   5,0.0,0.0,0.0,-0.01699999999999946,0.0,0.0,-0.03900000000000148,0.0,0.0,0.052000000000000046,0.0,0.0,0.0,0.0,0.0,-0.003999999999990678,0.0,0.0
GLY 156,L GLY   6,0.0,0.0,0.0,-0.004999999999999893,0.0,0.0,-0.11199999999999477,0.0,0.0,0.11400000000000077,0.0,0.0,0.0,0.0,0.0,-0.0029999999999894555,0.0,0.0
PRO 157,L PRO   7,0.0,0.0,0.0,-0.0040000000000000036,0.0,0.0,-0.13599999999999568,0.0,0.0,0.13699999999999957,0.0,0.0,0.0,0.0,0.0,-0.002999999999985903,0.0,0.0
LYS 158,L LYS   8,0.0,0.0,0.0,-0.0019999999999997797,0.0,0.0,-8.718000000000004,0.0,0.0,8.716,0.0,0.0,0.0,0.0,0.0,-0.00400000000001377,0.0,0.0
GLU 159,L GLU   9,0.0,0.0,0.0,-0.009999999999999787,0.0,0.0,13.5,0.0,0.0,-13.399000000000001,0.0,0.0,0.0,0.0,0.0,0.09100000000000819,0.0,0.0
PRO 160,L PRO  10,0.0,0.0,0.0,-0.004000000000000448,0.0,0.0,0.4140000000000015,0.0,0.0,-0.4079999999999999,0.0,0.0,0.0,0.0,0.0,0.002000000000011326,0.0,0.0
PHE 161,L PHE  11,0.0,0.0,0.0,-0.009999999999999787,0.0,0.0,0.4140000000000015,0.0,0.0,-0.3919999999999999,0.0,0.0,0.0,0.0,0.0,0.011999999999995126,0.0,0.0
ARG 162,L ARG  12,0.0,0.0,0.0,-0.009000000000000341,0.0,0.0,-9.754,0.0,0.0,9.774000000000001,0.0,0.0,0.0,0.0,0.0,0.011000000000024102,0.0,0.0
ASP 163,L ASP  13,0.0,0.0,0.0,-0.013999999999999346,0.0,0.0,12.975999999999999,0.0,0.0,-12.854,0.0,0.0,0.0,0.0,0.0,0.10800000000000409,0.0,0.0
TYR 164,L TYR  14,0.0,0.0,0.0,-0.0779999999999994,0.0,0.0,0.8739999999999952,0.0,0.0,-0.8140000000000001,0.0,0.0,0.0,0.0,0.0,-0.018000000000007788,0.0,0.0
VAL 165,L VAL  15,0.0,0.0,0.0,-0.032999999999999474,0.0,0.0,0.7510000000000048,0.0,0.0,-0.7410000000000001,0.0,0.0,0.0,0.0,0.0,-0.022999999999996135,0.0,0.0
ASP 166,L ASP  16,0.0,0.0,0.0,-0.04100000000000037,0.0,0.0,17.019,0.0,0.0,-16.705,0.0,0.0,0.0,0.0,0.0,0.27300000000000324,0.0,0.0
ARG 167,L ARG  17,0.0,0.0,0.0,-0.15000000000000036,0.0,0.0,-15.483999999999998,0.0,0.0,15.653999999999998,0.0,0.0,0.0,0.0,0.0,0.01999999999998181,0.0,0.0
PHE 168,L PHE  18,0.0,0.0,0.0,-1.3599999999999994,0.0,0.0,0.20399999999999352,0.0,0.0,0.28900000000000003,0.0,0.0,-0.04153888,0.0,0.0,-0.908538880000006,0.0,0.0
TYR 169,L TYR  19,0.0,0.0,0.0,-0.1659999999999986,0.0,0.0,1.25,0.0,0.0,-1.074,0.0,0.0,0.0,0.0,0.0,0.010000000000003118,0.0,0.0
LYS 170,L LYS  20,0.0,0.0,0.0,-0.4399999999999995,0.0,0.0,-22.258999999999986,0.0,0.0,23.000999999999998,0.0,0.0,-0.013192280000000056,0.0,0.0,0.28880772000001365,0.0,0.0
THR 171,L THR  21,0.0,0.0,0.0,-1.2910000000000004,0.0,0.0,1.0330000000000013,0.0,0.0,-0.4400000000000004,0.0,0.0,-0.12198252000000004,0.0,0.0,-0.8199825199999964,0.0,0.0
LEU 172,L LEU  22,0.0,0.0,0.0,-1.2029999999999994,0.0,0.0,0.42900000000000205,0.0,0.0,-0.2729999999999997,0.0,0.0,-0.0793759,0.0,0.0,-1.126375899999986,0.0,0.0
ARG 173,L ARG  23,0.0,0.0,0.0,-2.8259999999999996,0.0,0.0,-82.443,0.0,0.0,75.292,0.0,0.0,-0.58791824,0.0,0.0,-10.564918239999969,0.0,0.0
ALA 174,L ALA  24,0.0,0.0,0.0,-2.405,0.0,0.0,2.5279999999999916,0.0,0.0,-1.1599999999999993,0.0,0.0,-0.41089020000000004,0.0,0.0,-1.4478902000000087,0.0,0.0
GLU 175,L GLU  25,0.0,0.0,0.0,-1.1099999999999994,0.0,0.0,12.61,0.0,0.0,-9.085999999999999,0.0,0.0,-0.2746151399999999,0.0,0.0,2.13938486,0.0,0.0
GLN 176,L GLN  26,0.0,0.0,0.0,-3.046,0.0,0.0,-6.793999999999997,0.0,0.0,8.789,0.0,0.0,-0.3922454,0.0,0.0,-1.4432454000000092,0.0,0.0
ALA 177,L ALA  27,0.0,0.0,0.0,-0.1120000000000001,0.0,0.0,1.3840000000000003,0.0,0.0,-1.228,0.0,0.0,0.0,0.0,0.0,0.0439999999999916,0.0,0.0
SER 178,L SER  28,0.0,0.0,0.0,-0.03400000000000025,0.0,0.0,-0.4519999999999982,0.0,0.0,0.5310000000000006,0.0,0.0,0.0,0.0,0.0,0.04500000000000348,0.0,0.0
GLN 179,L GLN  29,0.0,0.0,0.0,-0.034000000000000696,0.0,0.0,1.4080000000000013,0.0,0.0,-1.2959999999999998,0.0,0.0,0.0,0.0,0.0,0.07799999999999585,0.0,0.0
GLU 180,L GLU  30,0.0,0.0,0.0,-0.0129999999999999,0.0,0.0,12.373000000000005,0.0,0.0,-12.278000000000006,0.0,0.0,0.0,0.0,0.0,0.08200000000000784,0.0,0.0
VAL 181,L VAL  31,0.0,0.0,0.0,-0.09199999999999964,0.0,0.0,-0.4620000000000033,0.0,0.0,0.5339999999999998,0.0,0.0,0.0,0.0,0.0,-0.020000000000002238,0.0,0.0
LYS 182,L LYS  32,0.0,0.0,0.0,-0.10100000000000087,0.0,0.0,-27.799999999999997,0.0,0.0,28.172,0.0,0.0,0.0,0.0,0.0,0.27100000000000435,0.0,0.0
ASN 183,L ASN  33,0.0,0.0,0.0,-0.013999999999999346,0.0,0.0,0.02600000000001046,0.0,0.0,0.01100000000000012,0.0,0.0,0.0,0.0,0.0,0.023000000000024556,0.0,0.0
TRP 184,L TRP  34,0.0,0.0,0.0,-0.038000000000000256,0.0,0.0,0.046999999999997044,0.0,0.0,-0.0129999999999999,0.0,0.0,0.0,0.0,0.0,-0.004000000000001336,0.0,0.0
MET 185,L MET  35,0.0,0.0,0.0,-0.7309999999999999,0.0,0.0,-0.0589999999999975,0.0,0.0,0.264,0.0,0.0,-0.06881773999999999,0.0,0.0,-0.5948177399999919,0.0,0.0
THR 186,L THR  36,0.0,0.0,0.0,-0.03100000000000014,0.0,0.0,0.08599999999999852,0.0,0.0,-0.05500000000000016,0.0,0.0,0.0,0.0,0.0,-7.105427357601002e-15,0.0,0.0
GLU 187,L GLU  37,0.0,0.0,0.0,-0.009000000000000341,0.0,0.0,9.833999999999996,0.0,0.0,-9.789000000000001,0.0,0.0,0.0,0.0,0.0,0.03599999999999426,0.0,0.0
THR 188,L THR  38,0.0,0.0,0.0,-0.01699999999999946,0.0,0.0,-0.0010000000000047748,0.0,0.0,0.03400000000000003,0.0,0.0,0.0,0.0,0.0,0.01599999999999291,0.0,0.0
LEU 189,L LEU  39,0.0,0.0,0.0,-0.7619999999999996,0.0,0.0,-0.09099999999999397,0.0,0.0,0.087,0.0,0.0,-0.014845380000000005,0.0,0.0,-0.7808453799999935,0.0,0.0
LEU 190,L LEU  40,0.0,0.0,0.0,-0.07199999999999918,0.0,0.0,0.06400000000000716,0.0,0.0,-0.06499999999999995,0.0,0.0,0.0,0.0,0.0,-0.07299999999999685,0.0,0.0
VAL 191,L VAL  41,0.0,0.0,0.0,-0.009999999999999787,0.0,0.0,-0.035000000000003695,0.0,0.0,0.050000000000000044,0.0,0.0,0.0,0.0,0.0,0.0049999999999919,0.0,0.0
GLN 192,L GLN  42,0.0,0.0,0.0,-0.03200000000000003,0.0,0.0,-0.7070000000000078,0.0,0.0,0.7890000000000006,0.0,0.0,0.0,0.0,0.0,0.04999999999999005,0.0,0.0
ASN 193,L ASN  43,0.0,0.0,0.0,-0.28000000000000114,0.0,0.0,-1.972999999999999,0.0,0.0,1.7650000000000001,0.0,0.0,0.0,0.0,0.0,-0.48799999999999955,0.0,0.0
ALA 194,L ALA  44,0.0,0.0,0.0,-0.009000000000000341,0.0,0.0,0.1110000000000042,0.0,0.0,-0.10000000000000009,0.0,0.0,0.0,0.0,0.0,0.0020000000000037765,0.0,0.0
ASN 195,L ASN  45,0.0,0.0,0.0,-0.0039999999999995595,0.0,0.0,-0.23999999999999488,0.0,0.0,0.24599999999999955,0.0,0.0,0.0,0.0,0.0,0.0020000000000024443,0.0,0.0
PRO 196,L PRO  46,0.0,0.0,0.0,-0.0019999999999997797,0.0,0.0,-0.08800000000000097,0.0,0.0,0.08700000000000019,0.0,0.0,0.0,0.0,0.0,-0.002999999999996561,0.0,0.0
ASP 197,L ASP  47,0.0,0.0,0.0,-0.0009999999999994458,0.0,0.0,8.422000000000004,0.0,0.0,-8.408000000000001,0.0,0.0,0.0,0.0,0.0,0.012999999999998124,0.0,0.0
CYX 198,L CYX  48,0.0,0.0,0.0,-0.0009999999999994458,0.0,0.0,-0.20600000000000307,0.0,0.0,0.20900000000000007,0.0,0.0,0.0,0.0,0.0,0.0019999999999935625,0.0,0.0
LYS 199,L LYS  49,0.0,0.0,0.0,-0.0030000000000001137,0.0,0.0,-10.191000000000003,0.0,0.0,10.209000000000001,0.0,0.0,0.0,0.0,0.0,0.015000000000011227,0.0,0.0
THR 200,L THR  50,0.0,0.0,0.0,0.0,0.0,0.0,-0.17899999999999494,0.0,0.0,0.17999999999999972,0.0,0.0,0.0,0.0,0.0,0.0010000000000047748,0.0,0.0
ILE 201,L ILE  51,0.0,0.0,0.0,-0.0009999999999994458,0.0,0.0,-0.17300000000000182,0.0,0.0,0.173,0.0,0.0,0.0,0.0,0.0,-0.0010000000000065512,0.0,0.0
LEU 202,L LEU  52,0.0,0.0,0.0,-0.002000000000000668,0.0,0.0,-0.18300000000000693,0.0,0.0,0.18400000000000016,0.0,0.0,0.0,0.0,0.0,-0.0010000000000083276,0.0,0.0
LYS 203,L LYS  53,0.0,0.0,0.0,0.0,0.0,0.0,-7.149000000000001,0.0,0.0,7.146000000000001,0.0,0.0,0.0,0.0,0.0,-0.0030000000000001137,0.0,0.0
ALA 204,L ALA  54,0.0,0.0,0.0,0.0,0.0,0.0,-0.11099999999999,0.0,0.0,0.10999999999999943,0.0,0.0,0.0,0.0,0.0,-0.000999999999990564,0.0,0.0
LEU 205,L LEU  55,0.0,0.0,0.0,-0.001000000000000334,0.0,0.0,-0.12700000000000955,0.0,0.0,0.12699999999999978,0.0,0.0,0.0,0.0,0.0,-0.0010000000000136566,0.0,0.0
GLY 206,L GLY  56,0.0,0.0,0.0,-0.0009999999999998899,0.0,0.0,0.10099999999999909,0.0,0.0,-0.09999999999999964,0.0,0.0,0.0,0.0,0.0,-5.329070518200751e-15,0.0,0.0
PRO 207,L PRO  57,0.0,0.0,0.0,-0.0009999999999998899,0.0,0.0,-0.1039999999999992,0.0,0.0,0.10400000000000098,0.0,0.0,0.0,0.0,0.0,-0.0010000000000047748,0.0,0.0
GLY 208,L GLY  58,0.0,0.0,0.0,0.0,0.0,0.0,-0.14300000000000068,0.0,0.0,0.14499999999999957,0.0,0.0,0.0,0.0,0.0,0.0019999999999988916,0.0,0.0
ALA 209,L ALA  59,0.0,0.0,0.0,-0.0009999999999994458,0.0,0.0,0.23499999999999943,0.0,0.0,-0.22999999999999954,0.0,0.0,0.0,0.0,0.0,0.004000000000009329,0.0,0.0
THR 210,L THR  60,0.0,0.0,0.0,-0.002000000000000668,0.0,0.0,0.05299999999999727,0.0,0.0,-0.04999999999999982,0.0,0.0,0.0,0.0,0.0,0.0010000000000012221,0.0,0.0
LEU 211,L LEU  61,0.0,0.0,0.0,-0.006000000000000227,0.0,0.0,-0.0799999999999983,0.0,0.0,0.08499999999999996,0.0,0.0,0.0,0.0,0.0,-0.0009999999999994458,0.0,0.0
GLU 212,L GLU  62,0.0,0.0,0.0,-0.0030000000000001137,0.0,0.0,9.369,0.0,0.0,-9.338999999999999,0.0,0.0,0.0,0.0,0.0,0.027000000000001023,0.0,0.0
GLU 213,L GLU  63,0.0,0.0,0.0,-0.0019999999999997797,0.0,0.0,7.587000000000003,0.0,0.0,-7.579999999999998,0.0,0.0,0.0,0.0,0.0,0.0049999999999954525,0.0,0.0
MET 214,L MET  64,0.0,0.0,0.0,-0.0039999999999995595,0.0,0.0,-0.23000000000000398,0.0,0.0,0.23299999999999987,0.0,0.0,0.0,0.0,0.0,-0.0010000000000089937,0.0,0.0
MET 215,L MET  65,0.0,0.0,0.0,-0.005000000000000782,0.0,0.0,0.19199999999999307,0.0,0.0,-0.183,0.0,0.0,0.0,0.0,0.0,0.003999999999983572,0.0,0.0
THR 216,L THR  66,0.0,0.0,0.0,-0.0019999999999997797,0.0,0.0,-0.10799999999999699,0.0,0.0,0.10899999999999999,0.0,0.0,0.0,0.0,0.0,-0.0009999999999941167,0.0,0.0
ALA 217,L ALA  67,0.0,0.0,0.0,-0.0009999999999998899,0.0,0.0,-0.0870000000000033,0.0,0.0,0.08700000000000019,0.0,0.0,0.0,0.0,0.0,-0.0010000000000074394,0.0,0.0
CYX 218,L CYX  68,0.0,0.0,0.0,-0.002000000000000668,0.0,0.0,0.10799999999998988,0.0,0.0,-0.10600000000000001,0.0,0.0,0.0,0.0,0.0,-5.329070518200751e-15,0.0,0.0
GLN 219,L GLN  69,0.0,0.0,0.0,-0.002000000000000224,0.0,0.0,0.03300000000000125,0.0,0.0,-0.030000000000001137,0.0,0.0,0.0,0.0,0.0,0.0009999999999976694,0.0,0.0
GLY 220,L GLY  70,0.0,0.0,0.0,0.0,0.0,0.0,-0.20400000000000773,0.0,0.0,0.2029999999999994,0.0,0.0,0.0,0.0,0.0,-0.0010000000000083276,0.0,0.0
VAL 221,L VAL  71,0.0,0.0,0.0,-0.0019999999999997797,0.0,0.0,8.076,0.0,0.0,-8.069000000000003,0.0,0.0,0.0,0.0,0.0,0.0049999999999954525,0.0,0.0

idecomp = 1: Per-residue decomp adding 1-4 interactions to Internal.
Energy Decomposition Analysis (All units kcal/mol): Poisson Boltzmann solvent
Complex:
Total Energy Decomposition:
Residue,Internal,,,van der Waals,,,Electrostatic,,,Polar Solvation,,,Non-Polar Solv.,,,TOTAL,,
,Avg.,Std. Dev.,Std. Err. of Mean,Avg.,Std. Dev.,Std. Err. of Mean,Avg.,Std. Dev.,Std. Err. of Mean,Avg.,Std. Dev.,Std. Err. of Mean,Avg.,Std. Dev.,Std. Err. of Mean,Avg.,Std. Dev.,Std. Err. of Mean
PRO   1,97.71,0.0,0.0,-6.783,0.0,0.0,-106.842,0.0,0.0,7.78,0.0,0.0,0.0,0.0,0.0,-8.135000000000005,0.0,0.0
ILE   2,90.846,0.0,0.0,-8.912,0.0,0.0,-67.045,0.0,0.0,-1.85,0.0,0.0,0.0,0.0,0.0,13.038999999999996,0.0,0.0
VAL   3,46.189,0.0,0.0,-5.946,0.0,0.0,-53.303,0.0,0.0,-1.637,0.0,0.0,0.0,0.0,0.0,-14.696999999999996,0.0,0.0
GLN   4,22.861,0.0,0.0,-6.117,0.0,0.0,-58.119,0.0,0.0,-12.451,0.0,0.0,0.0,0.0,0.0,-53.826,0.0,0.0
ASN   5,41.858,0.0,0.0,-5.775,0.0,0.0,-88.457,0.0,0.0,-12.187,0.0,0.0,0.0,0.0,0.0,-64.56099999999999,0.0,0.0
LEU   6,69.316,0.0,0.0,-1.964,0.0,0.0,-66.226,0.0,0.0,-7.319,0.0,0.0,0.0,0.0,0.0,-6.192999999999995,0.0,0.0
GLN   7,33.229,0.0,0.0,-3.844,0.0,0.0,-69.688,0.0,0.0,-11.347,0.0,0.0,0.0,0.0,0.0,-51.650000000000006,0.0,0.0
GLY   8,79.13,0.0,0.0,-3.608,0.0,0.0,-72.898,0.0,0.0,-4.509,0.0,0.0,0.0,0.0,0.0,-1.8850000000000051,0.0,0.0
GLN   9,27.102,0.0,0.0,-3.334,0.0,0.0,-63.681,0.0,0.0,-16.633,0.0,0.0,0.0,0.0,0.0,-56.54599999999999,0.0,0.0
MET  10,103.375,0.0,0.0,-8.341,0.0,0.0,-79.484,0.0,0.0,-5.38,0.0,0.0,0.0,0.0,0.0,10.170000000000012,0.0,0.0
VAL  11,46.009,0.0,0.0,-5.889,0.0,0.0,-51.812,0.0,0.0,-1.886,0.0,0.0,0.0,0.0,0.0,-13.578,0.0,0.0
HID  12,90.571,0.0,0.0,-10.485,0.0,0.0,-61.009,0.0,0.0,-8.554,0.0,0.0,0.0,0.0,0.0,10.522999999999998,0.0,0.0
GLN  13,36.182,0.0,0.0,-4.37,0.0,0.0,-75.749,0.0,0.0,-8.988,0.0,0.0,0.0,0.0,0.0,-52.925,0.0,0.0
ALA  14,94.567,0.0,0.0,-3.225,0.0,0.0,-77.146,0.0,0.0,-3.731,0.0,0.0,0.0,0.0,0.0,10.464999999999998,0.0,0.0
ILE  15,95.22,0.0,0.0,-7.025,0.0,0.0,-73.03,0.0,0.0,-3.839,0.0,0.0,0.0,0.0,0.0,11.325999999999992,0.0,0.0
SER  16,70.743,0.0,0.0,-5.674,0.0,0.0,-49.848,0.0,0.0,-7.921,0.0,0.0,0.0,0.0,0.0,7.299999999999989,0.0,0.0
PRO  17,90.754,0.0,0.0,-4.222,0.0,0.0,-60.222,0.0,0.0,-3.982,0.0,0.0,0.0,0.0,0.0,22.32800000000001,0.0,0.0
ARG  18,-186.211,0.0,0.0,-4.854,0.0,0.0,70.819,0.0,0.0,-47.228,0.0,0.0,0.0,0.0,0.0,-167.47400000000002,0.0,0.0
THR  19,45.114,0.0,0.0,-7.995,0.0,0.0,-58.103,0.0,0.0,-2.318,0.0,0.0,0.0,0.0,0.0,-23.302000000000003,0.0,0.0
LEU  20,63.725,0.0,0.0,-11.054,0.0,0.0,-58.149,0.0,0.0,-2.215,0.0,0.0,0.0,0.0,0.0,-7.693000000000001,0.0,0.0
ASN  21,34.251,0.0,0.0,-4.783,0.0,0.0,-83.547,0.0,0.0,-14.762,0.0,0.0,0.0,0.0,0.0,-68.84100000000001,0.0,0.0
ALA  22,96.103,0.0,0.0,-4.159,0.0,0.0,-83.493,0.0,0.0,-2.515,0.0,0.0,0.0,0.0,0.0,5.935999999999993,0.0,0.0
TRP  23,138.394,0.0,0.0,-14.557,0.0,0.0,-99.653,0.0,0.0,-1.769,0.0,0.0,0.0,0.0,0.0,22.415,0.0,0.0
VAL  24,68.581,0.0,0.0,-9.005,0.0,0.0,-63.128,0.0,0.0,-2.146,0.0,0.0,0.0,0.0,0.0,-5.6979999999999995,0.0,0.0
LYS  25,139.986,0.0,0.0,-8.246,0.0,0.0,-98.649,0.0,0.0,-28.998,0.0,0.0,0.0,0.0,0.0,4.092999999999979,0.0,0.0
VAL  26,71.544,0.0,0.0,-9.666,0.0,0.0,-69.875,0.0,0.0,-2.347,0.0,0.0,0.0,0.0,0.0,-10.344,0.0,0.0
VAL  27,43.282,0.0,0.0,-9.783,0.0,0.0,-48.612,0.0,0.0,-2.686,0.0,0.0,0.0,0.0,0.0,-17.799000000000007,0.0,0.0
GLU  28,101.292,0.0,0.0,-9.317,0.0,0.0,-86.399,0.0,0.0,-61.784,0.0,0.0,0.0,0.0,0.0,-56.208000000000006,0.0,0.0
GLU  29,112.69,0.0,0.0,-8.251,0.0,0.0,-90.545,0.0,0.0,-65.615,0.0,0.0,0.0,0.0,0.0,-51.721000000000004,0.0,0.0
LYS  30,118.312,0.0,0.0,-10.731,0.0,0.0,-121.928,0.0,0.0,4.267,0.0,0.0,0.0,0.0,0.0,-10.079999999999995,0.0,0.0
ALA  31,91.271,0.0,0.0,-6.797,0.0,0.0,-72.159,0.0,0.0,-4.986,0.0,0.0,0.0,0.0,0.0,7.328999999999998,0.0,0.0
PHE  32,103.116,0.0,0.0,-9.024,0.0,0.0,-73.533,0.0,0.0,-9.257,0.0,0.0,0.0,0.0,0.0,11.301999999999998,0.0,0.0
SER  33,80.91,0.0,0.0,-5.781,0.0,0.0,-61.34,0.0,0.0,-3.526,0.0,0.0,0.0,0.0,0.0,10.262999999999987,0.0,0.0
PRO  34,75.177,0.0,0.0,-6.644,0.0,0.0,-57.899,0.0,0.0,0.41,0.0,0.0,0.0,0.0,0.0,11.044,0.0,0.0
GLU  35,105.112,0.0,0.0,-6.684,0.0,0.0,-76.646,0.0,0.0,-82.51,0.0,0.0,0.0,0.0,0.0,-60.72800000000001,0.0,0.0
VAL  36,49.818,0.0,0.0,-10.178,0.0,0.0,-55.254,0.0,0.0,1.076,0.0,0.0,0.0,0.0,0.0,-14.537999999999997,0.0,0.0
ILE  37,87.988,0.0,0.0,-7.914,0.0,0.0,-61.686,0.0,0.0,0.322,0.0,0.0,0.0,0.0,0.0,18.709999999999997,0.0,0.0
PRO  38,83.342,0.0,0.0,-6.222,0.0,0.0,-59.831,0.0,0.0,-1.381,0.0,0.0,0.0,0.0,0.0,15.908000000000001,0.0,0.0
MET  39,89.541,0.0,0.0,-8.248,0.0,0.0,-70.163,0.0,0.0,-1.412,0.0,0.0,0.0,0.0,0.0,9.717999999999996,0.0,0.0
PHE  40,102.821,0.0,0.0,-14.377,0.0,0.0,-82.646,0.0,0.0,-0.611,0.0,0.0,0.0,0.0,0.0,5.187000000000002,0.0,0.0
SER  41,80.847,0.0,0.0,-6.186,0.0,0.0,-65.894,0.0,0.0,-5.121,0.0,0.0,0.0,0.0,0.0,3.6459999999999955,0.0,0.0
ALA  42,81.938,0.0,0.0,-4.98,0.0,0.0,-62.451,0.0,0.0,-5.711,0.0,0.0,0.0,0.0,0.0,8.795999999999998,0.0,0.0
LEU  43,76.215,0.0,0.0,-7.266,0.0,0.0,-74.289,0.0,0.0,-1.86,0.0,0.0,0.0,0.0,0.0,-7.200000000000004,0.0,0.0
SER  44,77.357,0.0,0.0,-6.997,0.0,0.0,-77.525,0.0,0.0,1.534,0.0,0.0,0.0,0.0,0.0,-5.6310000000000064,0.0,0.0
GLU  45,103.711,0.0,0.0,-5.87,0.0,0.0,-61.977,0.0,0.0,-93.866,0.0,0.0,0.0,0.0,0.0,-58.002,0.0,0.0
GLY  46,67.676,0.0,0.0,-3.929,0.0,0.0,-67.86,0.0,0.0,-0.289,0.0,0.0,0.0,0.0,0.0,-4.401999999999999,0.0,0.0
ALA  47,99.983,0.0,0.0,-7.343,0.0,0.0,-88.898,0.0,0.0,-0.356,0.0,0.0,0.0,0.0,0.0,3.3860000000000046,0.0,0.0
THR  48,57.051,0.0,0.0,-9.28,0.0,0.0,-62.544,0.0,0.0,0.43,0.0,0.0,0.0,0.0,0.0,-14.342999999999996,0.0,0.0
PRO  49,80.398,0.0,0.0,-10.998,0.0,0.0,-57.191,0.0,0.0,0.92,0.0,0.0,0.0,0.0,0.0,13.128999999999989,0.0,0.0
GLN  50,25.111,0.0,0.0,-8.53,0.0,0.0,-71.01,0.0,0.0,-8.467,0.0,0.0,0.0,0.0,0.0,-62.896,0.0,0.0
ASP  51,89.499,0.0,0.0,-9.79,0.0,0.0,-121.659,0.0,0.0,-18.495,0.0,0.0,0.0,0.0,0.0,-60.44500000000001,0.0,0.0
LEU  52,67.974,0.0,0.0,-13.934,0.0,0.0,-70.287,0.0,0.0,0.884,0.0,0.0,0.0,0.0,0.0,-15.363,0.0,0.0
ASN  53,34.586,0.0,0.0,-7.872,0.0,0.0,-98.773,0.0,0.0,-2.564,0.0,0.0,0.0,0.0,0.0,-74.62299999999999,0.0,0.0
THR  54,50.315,0.0,0.0,-7.16,0.0,0.0,-66.762,0.0,0.0,-0.492,0.0,0.0,0.0,0.0,0.0,-24.099,0.0,0.0
MET  55,84.278,0.0,0.0,-10.963,0.0,0.0,-68.898,0.0,0.0,-0.245,0.0,0.0,0.0,0.0,0.0,4.172000000000016,0.0,0.0
LEU  56,68.046,0.0,0.0,-11.096,0.0,0.0,-74.236,0.0,0.0,0.517,0.0,0.0,0.0,0.0,0.0,-16.769000000000002,0.0,0.0
ASN  57,36.237,0.0,0.0,-6.654,0.0,0.0,-92.971,0.0,0.0,-7.008,0.0,0.0,0.0,0.0,0.0,-70.396,0.0,0.0
THR  58,56.692,0.0,0.0,-7.977,0.0,0.0,-65.033,0.0,0.0,-0.739,0.0,0.0,0.0,0.0,0.0,-17.057,0.0,0.0
VAL  59,52.386,0.0,0.0,-11.135,0.0,0.0,-44.308,0.0,0.0,-0.215,0.0,0.0,0.0,0.0,0.0,-3.271999999999995,0.0,0.0
ALA  60,89.212,0.0,0.0,-4.119,0.0,0.0,-62.982,0.0,0.0,-4.514,0.0,0.0,0.0,0.0,0.0,17.597000000000005,0.0,0.0
PRO  61,78.4,0.0,0.0,-4.357,0.0,0.0,-55.534,0.0,0.0,-2.858,0.0,0.0,0.0,0.0,0.0,15.651000000000007,0.0,0.0
HID  62,97.408,0.0,0.0,-7.623,0.0,0.0,-68.001,0.0,0.0,-7.854,0.0,0.0,0.0,0.0,0.0,13.929999999999993,0.0,0.0
GLN  63,24.151,0.0,0.0,-7.546,0.0,0.0,-62.755,0.0,0.0,-11.458,0.0,0.0,0.0,0.0,0.0,-57.608000000000004,0.0,0.0
ALA  64,86.934,0.0,0.0,-1.56,0.0,0.0,-72.378,0.0,0.0,-3.035,0.0,0.0,0.0,0.0,0.0,9.960999999999995,0.0,0.0
ALA  65,89.147,0.0,0.0,-5.92,0.0,0.0,-75.409,0.0,0.0,-0.982,0.0,0.0,0.0,0.0,0.0,6.835999999999998,0.0,0.0
ALA  66,92.837,0.0,0.0,-6.863,0.0,0.0,-80.31,0.0,0.0,-1.83,0.0,0.0,0.0,0.0,0.0,3.8340000000000014,0.0,0.0
GLN  67,32.4,0.0,0.0,-6.968,0.0,0.0,-85.283,0.0,0.0,0.312,0.0,0.0,0.0,0.0,0.0,-59.539,0.0,0.0
MET  68,87.532,0.0,0.0,-8.39,0.0,0.0,-74.987,0.0,0.0,-1.56,0.0,0.0,0.0,0.0,0.0,2.595000000000001,0.0,0.0
LEU  69,77.216,0.0,0.0,-12.736,0.0,0.0,-75.064,0.0,0.0,-2.467,0.0,0.0,0.0,0.0,0.0,-13.051000000000004,0.0,0.0
LYS  70,124.735,0.0,0.0,-8.989,0.0,0.0,-114.527,0.0,0.0,-9.914,0.0,0.0,0.0,0.0,0.0,-8.695000000000006,0.0,0.0
GLU  71,109.822,0.0,0.0,-8.365,0.0,0.0,-85.362,0.0,0.0,-82.117,0.0,0.0,0.0,0.0,0.0,-66.02199999999999,0.0,0.0
THR  72,47.883,0.0,0.0,-8.554,0.0,0.0,-57.903,0.0,0.0,-3.603,0.0,0.0,0.0,0.0,0.0,-22.177,0.0,0.0
ILE  73,75.247,0.0,0.0,-10.844,0.0,0.0,-51.87,0.0,0.0,-2.616,0.0,0.0,0.0,0.0,0.0,9.917000000000009,0.0,0.0
ASN  74,23.025,0.0,0.0,-6.657,0.0,0.0,-75.67,0.0,0.0,-13.205,0.0,0.0,0.0,0.0,0.0,-72.507,0.0,0.0
GLU  75,107.463,0.0,0.0,-7.736,0.0,0.0,-58.971,0.0,0.0,-99.044,0.0,0.0,0.0,0.0,0.0,-58.288000000000004,0.0,0.0
GLU  76,95.182,0.0,0.0,-10.368,0.0,0.0,-47.944,0.0,0.0,-98.618,0.0,0.0,0.0,0.0,0.0,-61.74799999999999,0.0,0.0
ALA  77,83.629,0.0,0.0,-7.341,0.0,0.0,-69.512,0.0,0.0,-2.837,0.0,0.0,0.0,0.0,0.0,3.9390000000000103,0.0,0.0
ALA  78,95.805,0.0,0.0,-6.476,0.0,0.0,-85.195,0.0,0.0,1.58,0.0,0.0,0.0,0.0,0.0,5.714000000000015,0.0,0.0
GLU  79,104.007,0.0,0.0,-9.362,0.0,0.0,-69.264,0.0,0.0,-86.366,0.0,0.0,0.0,0.0,0.0,-60.984999999999985,0.0,0.0
TRP  80,111.985,0.0,0.0,-17.032,0.0,0.0,-86.932,0.0,0.0,-0.207,0.0,0.0,0.0,0.0,0.0,7.814000000000001,0.0,0.0
ASP  81,102.144,0.0,0.0,-6.792,0.0,0.0,-73.699,0.0,0.0,-81.69,0.0,0.0,0.0,0.0,0.0,-60.03699999999999,0.0,0.0
ARG  82,-194.167,0.0,0.0,-9.01,0.0,0.0,-5.03,0.0,0.0,36.972,0.0,0.0,0.0,0.0,0.0,-171.23499999999999,0.0,0.0
LEU  83,66.669,0.0,0.0,-6.919,0.0,0.0,-69.182,0.0,0.0,-2.372,0.0,0.0,0.0,0.0,0.0,-11.804000000000002,0.0,0.0
HID  84,110.898,0.0,0.0,-6.616,0.0,0.0,-75.532,0.0,0.0,-7.652,0.0,0.0,0.0,0.0,0.0,21.098,0.0,0.0
PRO  85,87.596,0.0,0.0,-5.11,0.0,0.0,-66.068,0.0,0.0,-4.22,0.0,0.0,0.0,0.0,0.0,12.198000000000008,0.0,0.0
VAL  86,53.864,0.0,0.0,-4.243,0.0,0.0,-52.136,0.0,0.0,-4.819,0.0,0.0,0.0,0.0,0.0,-7.334000000000008,0.0,0.0
HID  87,94.407,0.0,0.0,-6.841,0.0,0.0,-57.234,0.0,0.0,-10.584,0.0,0.0,0.0,0.0,0.0,19.748,0.0,0.0
ALA  88,88.309,0.0,0.0,-1.957,0.0,0.0,-69.34,0.0,0.0,-7.806,0.0,0.0,0.0,0.0,0.0,9.206,0.0,0.0
GLY  89,94.783,0.0,0.0,-1.37,0.0,0.0,-76.755,0.0,0.0,-6.261,0.0,0.0,0.0,0.0,0.0,10.397000000000002,0.0,0.0
PRO  90,84.162,0.0,0.0,-3.93,0.0,0.0,-56.795,0.0,0.0,-6.247,0.0,0.0,0.0,0.0,0.0,17.189999999999998,0.0,0.0
ILE  91,74.961,0.0,0.0,-3.36,0.0,0.0,-56.194,0.0,0.0,-2.315,0.0,0.0,0.0,0.0,0.0,13.091999999999997,0.0,0.0
ALA  92,96.435,0.0,0.0,-3.296,0.0,0.0,-70.207,0.0,0.0,-2.996,0.0,0.0,0.0,0.0,0.0,19.936000000000003,0.0,0.0
PRO  93,82.736,0.0,0.0,-2.515,0.0,0.0,-57.527,0.0,0.0,-5.79,0.0,0.0,0.0,0.0,0.0,16.904000000000003,0.0,0.0
GLY  94,73.955,0.0,0.0,-1.871,0.0,0.0,-66.802,0.0,0.0,-5.879,0.0,0.0,0.0,0.0,0.0,-0.5970000000000031,0.0,0.0
GLN  95,42.573,0.0,0.0,-4.348,0.0,0.0,-73.077,0.0,0.0,-15.404,0.0,0.0,0.0,0.0,0.0,-50.256,0.0,0.0
MET  96,110.228,0.0,0.0,-4.707,0.0,0.0,-76.954,0.0,0.0,-8.663,0.0,0.0,0.0,0.0,0.0,19.904000000000007,0.0,0.0
ARG  97,-187.775,0.0,0.0,-6.981,0.0,0.0,-23.109,0.0,0.0,35.526,0.0,0.0,0.0,0.0,0.0,-182.339,0.0,0.0
GLU  98,110.392,0.0,0.0,-5.8,0.0,0.0,-53.933,0.0,0.0,-105.58,0.0,0.0,0.0,0.0,0.0,-54.921,0.0,0.0
PRO  99,97.383,0.0,0.0,-9.367,0.0,0.0,-63.374,0.0,0.0,-1.915,0.0,0.0,0.0,0.0,0.0,22.72699999999999,0.0,0.0
ARG 100,-180.336,0.0,0.0,-11.774,0.0,0.0,-12.586,0.0,0.0,36.733,0.0,0.0,0.0,0.0,0.0,-167.96300000000002,0.0,0.0
GLY 101,80.247,0.0,0.0,-3.907,0.0,0.0,-80.753,0.0,0.0,-1.753,0.0,0.0,0.0,0.0,0.0,-6.165999999999997,0.0,0.0
SER 102,70.43,0.0,0.0,-5.345,0.0,0.0,-65.744,0.0,0.0,-2.074,0.0,0.0,0.0,0.0,0.0,-2.7329999999999917,0.0,0.0
ASP 103,91.178,0.0,0.0,-10.076,0.0,0.0,-96.893,0.0,0.0,-40.982,0.0,0.0,0.0,0.0,0.0,-56.772999999999996,0.0,0.0
ILE 104,83.113,0.0,0.0,-13.645,0.0,0.0,-62.323,0.0,0.0,1.185,0.0,0.0,0.0,0.0,0.0,8.330000000000004,0.0,0.0
ALA 105,85.478,0.0,0.0,-6.867,0.0,0.0,-78.273,0.0,0.0,0.177,0.0,0.0,0.0,0.0,0.0,0.5149999999999939,0.0,0.0
GLY 106,92.236,0.0,0.0,-5.921,0.0,0.0,-85.38,0.0,0.0,-1.983,0.0,0.0,0.0,0.0,0.0,-1.0479999999999978,0.0,0.0
THR 107,56.598,0.0,0.0,-4.926,0.0,0.0,-56.22,0.0,0.0,-7.743,0.0,0.0,0.0,0.0,0.0,-12.291000000000002,0.0,0.0
THR 108,39.067,0.0,0.0,-2.698,0.0,0.0,-56.095,0.0,0.0,-2.403,0.0,0.0,0.0,0.0,0.0,-22.128999999999998,0.0,0.0
SER 109,68.64,0.0,0.0,-5.269,0.0,0.0,-65.347,0.0,0.0,-0.707,0.0,0.0,0.0,0.0,0.0,-2.682999999999992,0.0,0.0
THR 110,37.314,0.0,0.0,-6.301,0.0,0.0,-34.22,0.0,0.0,-7.971,0.0,0.0,0.0,0.0,0.0,-11.178,0.0,0.0
LEU 111,65.156,0.0,0.0,-7.856,0.0,0.0,-64.56,0.0,0.0,-4.123,0.0,0.0,0.0,0.0,0.0,-11.383,0.0,0.0
GLN 112,37.525,0.0,0.0,-4.391,0.0,0.0,-73.894,0.0,0.0,-12.575,0.0,0.0,0.0,0.0,0.0,-53.33500000000001,0.0,0.0
GLU 113,102.001,0.0,0.0,-6.035,0.0,0.0,-100.607,0.0,0.0,-55.21,0.0,0.0,0.0,0.0,0.0,-59.85099999999999,0.0,0.0
GLN 114,45.128,0.0,0.0,-12.964,0.0,0.0,-86.233,0.0,0.0,-0.239,0.0,0.0,0.0,0.0,0.0,-54.308,0.0,0.0
ILE 115,84.489,0.0,0.0,-4.688,0.0,0.0,-68.984,0.0,0.0,-1.613,0.0,0.0,0.0,0.0,0.0,9.204000000000008,0.0,0.0
GLY 116,78.187,0.0,0.0,-4.675,0.0,0.0,-76.527,0.0,0.0,-1.106,0.0,0.0,0.0,0.0,0.0,-4.121,0.0,0.0
TRP 117,131.105,0.0,0.0,-16.857,0.0,0.0,-93.331,0.0,0.0,-1.049,0.0,0.0,0.0,0.0,0.0,19.867999999999988,0.0,0.0
MET 118,103.806,0.0,0.0,-10.366,0.0,0.0,-85.168,0.0,0.0,-1.555,0.0,0.0,0.0,0.0,0.0,6.716999999999992,0.0,0.0
THR 119,35.328,0.0,0.0,-6.177,0.0,0.0,-47.945,0.0,0.0,-3.924,0.0,0.0,0.0,0.0,0.0,-22.717999999999996,0.0,0.0
HID 120,91.182,0.0,0.0,-8.523,0.0,0.0,-63.015,0.0,0.0,-5.661,0.0,0.0,0.0,0.0,0.0,13.983000000000006,0.0,0.0
ASN 121,35.322,0.0,0.0,-4.843,0.0,0.0,-69.59,0.0,0.0,-13.017,0.0,0.0,0.0,0.0,0.0,-52.128,0.0,0.0
PRO 122,91.241,0.0,0.0,-3.082,0.0,0.0,-60.806,0.0,0.0,-1.998,0.0,0.0,0.0,0.0,0.0,25.355000000000008,0.0,0.0
PRO 123,84.115,0.0,0.0,-6.34,0.0,0.0,-59.874,0.0,0.0,-3.2,0.0,0.0,0.0,0.0,0.0,14.70099999999999,0.0,0.0
ILE 124,95.501,0.0,0.0,-6.329,0.0,0.0,-64.219,0.0,0.0,0.304,0.0,0.0,0.0,0.0,0.0,25.257000000000016,0.0,0.0
PRO 125,84.435,0.0,0.0,-5.381,0.0,0.0,-56.759,0.0,0.0,-4.775,0.0,0.0,0.0,0.0,0.0,17.520000000000003,0.0,0.0
VAL 126,51.303,0.0,0.0,-8.984,0.0,0.0,-48.632,0.0,0.0,-3.203,0.0,0.0,0.0,0.0,0.0,-9.516000000000002,0.0,0.0
GLY 127,73.057,0.0,0.0,-5.282,0.0,0.0,-71.126,0.0,0.0,-1.406,0.0,0.0,0.0,0.0,0.0,-4.756999999999999,0.0,0.0
GLU 128,105.498,0.0,0.0,-6.112,0.0,0.0,-99.284,0.0,0.0,-56.146,0.0,0.0,0.0,0.0,0.0,-56.044,0.0,0.0
ILE 129,85.001,0.0,0.0,-9.302,0.0,0.0,-65.808,0.0,0.0,1.036,0.0,0.0,0.0,0.0,0.0,10.927000000000005,0.0,0.0
TYR 130,97.962,0.0,0.0,-14.422,0.0,0.0,-89.399,0.0,0.0,-0.551,0.0,0.0,0.0,0.0,0.0,-6.409999999999995,0.0,0.0
LYS 131,145.77,0.0,0.0,-10.777,0.0,0.0,-158.19,0.0,0.0,23.418,0.0,0.0,0.0,0.0,0.0,0.22100000000002495,0.0,0.0
ARG 132,-187.698,0.0,0.0,-8.646,0.0,0.0,27.351,0.0,0.0,-2.834,0.0,0.0,0.0,0.0,0.0,-171.827,0.0,0.0
TRP 133,126.866,0.0,0.0,-16.279,0.0,0.0,-96.733,0.0,0.0,0.848,0.0,0.0,0.0,0.0,0.0,14.702,0.0,0.0
ILE 134,85.238,0.0,0.0,-11.905,0.0,0.0,-66.868,0.0,0.0,-0.584,0.0,0.0,0.0,0.0,0.0,5.881000000000004,0.0,0.0
ILE 135,78.918,0.0,0.0,-10.971,0.0,0.0,-62.694,0.0,0.0,-1.029,0.0,0.0,0.0,0.0,0.0,4.224,0.0,0.0
LEU 136,71.018,0.0,0.0,-7.946,0.0,0.0,-80.556,0.0,0.0,1.412,0.0,0.0,0.0,0.0,0.0,-16.071999999999996,0.0,0.0
GLY 137,76.915,0.0,0.0,-5.894,0.0,0.0,-77.009,0.0,0.0,0.151,0.0,0.0,0.0,0.0,0.0,-5.837,0.0,0.0
LEU 138,65.326,0.0,0.0,-11.914,0.0,0.0,-63.685,0.0,0.0,-2.059,0.0,0.0,0.0,0.0,0.0,-12.332000000000011,0.0,0.0
ASN 139,37.082,0.0,0.0,-8.725,0.0,0.0,-89.114,0.0,0.0,-5.992,0.0,0.0,0.0,0.0,0.0,-66.74900000000001,0.0,0.0
LYS 140,138.186,0.0,0.0,-9.491,0.0,0.0,-149.357,0.0,0.0,24.47,0.0,0.0,0.0,0.0,0.0,3.8079999999999927,0.0,0.0
ILE 141,90.449,0.0,0.0,-8.879,0.0,0.0,-74.533,0.0,0.0,-2.972,0.0,0.0,0.0,0.0,0.0,4.064999999999992,0.0,0.0
VAL 142,64.153,0.0,0.0,-6.097,0.0,0.0,-55.503,0.0,0.0,-5.55,0.0,0.0,0.0,0.0,0.0,-2.9969999999999954,0.0,0.0
ARG 143,-190.871,0.0,0.0,-7.012,0.0,0.0,47.218,0.0,0.0,-11.065,0.0,0.0,0.0,0.0,0.0,-161.73000000000002,0.0,0.0
MET 144,90.509,0.0,0.0,-6.281,0.0,0.0,-76.021,0.0,0.0,-4.843,0.0,0.0,0.0,0.0,0.0,3.3639999999999937,0.0,0.0
TYR 145,99.672,0.0,0.0,-8.497,0.0,0.0,-94.5,0.0,0.0,-2.902,0.0,0.0,0.0,0.0,0.0,-6.227000000000003,0.0,0.0
SER 146,88.808,0.0,0.0,-2.115,0.0,0.0,-67.166,0.0,0.0,-9.353,0.0,0.0,0.0,0.0,0.0,10.174000000000015,0.0,0.0
PRO 147,91.633,0.0,0.0,-2.245,0.0,0.0,-64.911,0.0,0.0,-2.495,0.0,0.0,0.0,0.0,0.0,21.98199999999999,0.0,0.0
THR 148,51.419,0.0,0.0,-3.517,0.0,0.0,-57.765,0.0,0.0,-3.655,0.0,0.0,0.0,0.0,0.0,-13.518000000000006,0.0,0.0
SER 149,65.258,0.0,0.0,-4.071,0.0,0.0,-53.068,0.0,0.0,-6.232,0.0,0.0,0.0,0.0,0.0,1.8869999999999996,0.0,0.0
ILE 150,84.625,0.0,0.0,-9.798,0.0,0.0,-55.776,0.0,0.0,-1.089,0.0,0.0,0.0,0.0,0.0,17.961999999999996,0.0,0.0
LEU 151,64.457,0.0,0.0,-6.366,0.0,0.0,-70.633,0.0,0.0,2.167,0.0,0.0,0.0,0.0,0.0,-10.375000000000002,0.0,0.0
ASP 152,96.621,0.0,0.0,-6.235,0.0,0.0,-76.84,0.0,0.0,-76.924,0.0,0.0,0.0,0.0,0.0,-63.378000000000014,0.0,0.0
ILE 153,102.08,0.0,0.0,-9.578,0.0,0.0,-71.681,0.0,0.0,-0.575,0.0,0.0,0.0,0.0,0.0,20.246,0.0,0.0
ARG 154,-189.424,0.0,0.0,-10.686,0.0,0.0,25.962,0.0,0.0,8.18,0.0,0.0,0.0,0.0,0.0,-165.96800000000002,0.0,0.0
GLN 155,29.472,0.0,0.0,-11.179,0.0,0.0,-89.868,0.0,0.0,1.278,0.0,0.0,0.0,0.0,0.0,-70.29699999999998,0.0,0.0
GLY 156,84.902,0.0,0.0,-2.88,0.0,0.0,-74.913,0.0,0.0,-3.559,0.0,0.0,0.0,0.0,0.0,3.5500000000000087,0.0,0.0
PRO 157,83.698,0.0,0.0,-3.493,0.0,0.0,-53.157,0.0,0.0,-5.645,0.0,0.0,0.0,0.0,0.0,21.403000000000002,0.0,0.0
LYS 158,124.812,0.0,0.0,-4.346,0.0,0.0,-120.864,0.0,0.0,-0.253,0.0,0.0,0.0,0.0,0.0,-0.6510000000000103,0.0,0.0
GLU 159,112.737,0.0,0.0,-6.898,0.0,0.0,-107.549,0.0,0.0,-43.576,0.0,0.0,0.0,0.0,0.0,-45.28600000000001,0.0,0.0
PRO 160,79.698,0.0,0.0,-7.466,0.0,0.0,-58.413,0.0,0.0,-0.397,0.0,0.0,0.0,0.0,0.0,13.422000000000002,0.0,0.0
PHE 161,106.027,0.0,0.0,-15.435,0.0,0.0,-73.768,0.0,0.0,-0.328,0.0,0.0,0.0,0.0,0.0,16.496,0.0,0.0
ARG 162,-194.193,0.0,0.0,-10.564,0.0,0.0,8.537,0.0,0.0,32.75,0.0,0.0,0.0,0.0,0.0,-163.47,0.0,0.0
ASP 163,95.072,0.0,0.0,-6.177,0.0,0.0,-58.798,0.0,0.0,-98.267,0.0,0.0,0.0,0.0,0.0,-68.16999999999999,0.0,0.0
TYR 164,100.048,0.0,0.0,-18.212,0.0,0.0,-94.62,0.0,0.0,0.934,0.0,0.0,0.0,0.0,0.0,-11.850000000000007,0.0,0.0
VAL 165,47.041,0.0,0.0,-9.28,0.0,0.0,-54.827,0.0,0.0,2.698,0.0,0.0,0.0,0.0,0.0,-14.368000000000002,0.0,0.0
ASP 166,102.38,0.0,0.0,-7.857,0.0,0.0,-61.225,0.0,0.0,-94.871,0.0,0.0,0.0,0.0,0.0,-61.573,0.0,0.0
ARG 167,-188.186,0.0,0.0,-6.572,0.0,0.0,-12.059,0.0,0.0,25.466,0.0,0.0,0.0,0.0,0.0,-181.351,0.0,0.0
PHE 168,94.934,0.0,0.0,-15.138,0.0,0.0,-78.756,0.0,0.0,0.404,0.0,0.0,0.0,0.0,0.0,1.443999999999992,0.0,0.0
TYR 169,101.964,0.0,0.0,-9.258,0.0,0.0,-93.249,0.0,0.0,-0.103,0.0,0.0,0.0,0.0,0.0,-0.6459999999999921,0.0,0.0
LYS 170,138.865,0.0,0.0,-6.733,0.0,0.0,-136.902,0.0,0.0,-0.926,0.0,0.0,0.0,0.0,0.0,-5.695999999999982,0.0,0.0
THR 171,47.133,0.0,0.0,-7.458,0.0,0.0,-55.99,0.0,0.0,-3.027,0.0,0.0,0.0,0.0,0.0,-19.342,0.0,0.0
LEU 172,74.83,0.0,0.0,-10.692,0.0,0.0,-67.568,0.0,0.0,-1.858,0.0,0.0,0.0,0.0,0.0,-5.287999999999993,0.0,0.0
ARG 173,-195.252,0.0,0.0,-8.167,0.0,0.0,-10.063,0.0,0.0,32.19,0.0,0.0,0.0,0.0,0.0,-181.292,0.0,0.0
ALA 174,86.808,0.0,0.0,-6.263,0.0,0.0,-77.545,0.0,0.0,-4.438,0.0,0.0,0.0,0.0,0.0,-1.4379999999999997,0.0,0.0
GLU 175,104.721,0.0,0.0,-7.35,0.0,0.0,-57.185,0.0,0.0,-95.844,0.0,0.0,0.0,0.0,0.0,-55.65799999999999,0.0,0.0
GLN 176,27.634,0.0,0.0,-6.212,0.0,0.0,-73.225,0.0,0.0,-6.465,0.0,0.0,0.0,0.0,0.0,-58.268,0.0,0.0
ALA 177,96.456,0.0,0.0,-4.828,0.0,0.0,-83.886,0.0,0.0,-1.825,0.0,0.0,0.0,0.0,0.0,5.917000000000004,0.0,0.0
SER 178,66.309,0.0,0.0,-3.35,0.0,0.0,-54.231,0.0,0.0,-10.5,0.0,0.0,0.0,0.0,0.0,-1.7720000000000056,0.0,0.0
GLN 179,28.976,0.0,0.0,-8.292,0.0,0.0,-72.632,0.0,0.0,-2.265,0.0,0.0,0.0,0.0,0.0,-54.21300000000001,0.0,0.0
GLU 180,106.26,0.0,0.0,-6.091,0.0,0.0,-70.856,0.0,0.0,-85.201,0.0,0.0,0.0,0.0,0.0,-55.88799999999998,0.0,0.0
VAL 181,66.974,0.0,0.0,-7.588,0.0,0.0,-59.52,0.0,0.0,-2.337,0.0,0.0,0.0,0.0,0.0,-2.4710000000000005,0.0,0.0
LYS 182,115.371,0.0,0.0,-9.49,0.0,0.0,-114.611,0.0,0.0,8.625,0.0,0.0,0.0,0.0,0.0,-0.10500000000000398,0.0,0.0
ASN 183,24.104,0.0,0.0,-8.341,0.0,0.0,-84.49,0.0,0.0,-4.884,0.0,0.0,0.0,0.0,0.0,-73.61099999999999,0.0,0.0
TRP 184,121.36,0.0,0.0,-11.481,0.0,0.0,-90.819,0.0,0.0,-4.375,0.0,0.0,0.0,0.0,0.0,14.685000000000002,0.0,0.0
MET 185,103.275,0.0,0.0,-11.546,0.0,0.0,-85.076,0.0,0.0,-0.437,0.0,0.0,0.0,0.0,0.0,6.21600000000002,0.0,0.0
THR 186,36.704,0.0,0.0,-1.965,0.0,0.0,-58.354,0.0,0.0,0.369,0.0,0.0,0.0,0.0,0.0,-23.246000000000002,0.0,0.0
GLU 187,100.968,0.0,0.0,-6.392,0.0,0.0,-42.015,0.0,0.0,-111.787,0.0,0.0,0.0,0.0,0.0,-59.226,0.0,0.0
THR 188,52.897,0.0,0.0,-5.978,0.0,0.0,-50.542,0.0,0.0,-0.3,0.0,0.0,0.0,0.0,0.0,-3.9230000000000045,0.0,0.0
LEU 189,65.467,0.0,0.0,-7.944,0.0,0.0,-69.267,0.0,0.0,1.178,0.0,0.0,0.0,0.0,0.0,-10.565999999999999,0.0,0.0
LEU 190,82.557,0.0,0.0,-11.462,0.0,0.0,-91.672,0.0,0.0,1.981,0.0,0.0,0.0,0.0,0.0,-18.595999999999997,0.0,0.0
VAL 191,55.456,0.0,0.0,-7.337,0.0,0.0,-61.533,0.0,0.0,1.687,0.0,0.0,0.0,0.0,0.0,-11.727000000000002,0.0,0.0
GLN 192,32.845,0.0,0.0,-6.055,0.0,0.0,-70.031,0.0,0.0,-6.579,0.0,0.0,0.0,0.0,0.0,-49.82000000000001,0.0,0.0
ASN 193,22.12,0.0,0.0,-9.723,0.0,0.0,-90.941,0.0,0.0,2.402,0.0,0.0,0.0,0.0,0.0,-76.142,0.0,0.0
ALA 194,92.142,0.0,0.0,-8.348,0.0,0.0,-83.101,0.0,0.0,2.298,0.0,0.0,0.0,0.0,0.0,2.990999999999998,0.0,0.0
ASN 195,41.322,0.0,0.0,-7.154,0.0,0.0,-93.826,0.0,0.0,-3.749,0.0,0.0,0.0,0.0,0.0,-63.40699999999999,0.0,0.0
PRO 196,72.166,0.0,0.0,-5.835,0.0,0.0,-59.566,0.0,0.0,-0.913,0.0,0.0,0.0,0.0,0.0,5.852,0.0,0.0
ASP 197,82.906,0.0,0.0,-5.786,0.0,0.0,-59.469,0.0,0.0,-80.021,0.0,0.0,0.0,0.0,0.0,-62.37,0.0,0.0
CYX 198,100.812,0.0,0.0,-7.052,0.0,0.0,-80.677,0.0,0.0,-2.5,0.0,0.0,0.0,0.0,0.0,10.582999999999984,0.0,0.0
LYS 199,142.03,0.0,0.0,-9.884,0.0,0.0,-138.657,0.0,0.0,-2.409,0.0,0.0,0.0,0.0,0.0,-8.919999999999995,0.0,0.0
THR 200,39.328,0.0,0.0,-5.684,0.0,0.0,-44.897,0.0,0.0,-7.755,0.0,0.0,0.0,0.0,0.0,-19.007999999999992,0.0,0.0
ILE 201,78.334,0.0,0.0,-5.762,0.0,0.0,-58.188,0.0,0.0,0.878,0.0,0.0,0.0,0.0,0.0,15.262,0.0,0.0
LEU 202,73.761,0.0,0.0,-11.278,0.0,0.0,-67.537,0.0,0.0,-2.176,0.0,0.0,0.0,0.0,0.0,-7.230000000000009,0.0,0.0
LYS 203,119.567,0.0,0.0,-4.814,0.0,0.0,-95.893,0.0,0.0,-21.987,0.0,0.0,0.0,0.0,0.0,-3.127000000000013,0.0,0.0
ALA 204,86.6,0.0,0.0,-3.448,0.0,0.0,-73.612,0.0,0.0,-3.302,0.0,0.0,0.0,0.0,0.0,6.238000000000007,0.0,0.0
LEU 205,71.788,0.0,0.0,-7.206,0.0,0.0,-70.421,0.0,0.0,-5.081,0.0,0.0,0.0,0.0,0.0,-10.920000000000012,0.0,0.0
GLY 206,88.009,0.0,0.0,-2.622,0.0,0.0,-72.175,0.0,0.0,-6.337,0.0,0.0,0.0,0.0,0.0,6.8750000000000036,0.0,0.0
PRO 207,79.991,0.0,0.0,-2.08,0.0,0.0,-50.653,0.0,0.0,-10.545,0.0,0.0,0.0,0.0,0.0,16.713,0.0,0.0
GLY 208,66.631,0.0,0.0,-2.047,0.0,0.0,-59.632,0.0,0.0,-8.224,0.0,0.0,0.0,0.0,0.0,-3.271999999999995,0.0,0.0
ALA 209,97.902,0.0,0.0,-5.106,0.0,0.0,-83.093,0.0,0.0,-6.262,0.0,0.0,0.0,0.0,0.0,3.4410000000000034,0.0,0.0
THR 210,50.9,0.0,0.0,-5.23,0.0,0.0,-49.442,0.0,0.0,-8.417,0.0,0.0,0.0,0.0,0.0,-12.188999999999998,0.0,0.0
LEU 211,65.307,0.0,0.0,-6.799,0.0,0.0,-68.155,0.0,0.0,-1.929,0.0,0.0,0.0,0.0,0.0,-11.575999999999999,0.0,0.0
GLU 212,102.595,0.0,0.0,-6.391,0.0,0.0,-63.003,0.0,0.0,-97.748,0.0,0.0,0.0,0.0,0.0,-64.54700000000001,0.0,0.0
GLU 213,104.957,0.0,0.0,-7.248,0.0,0.0,-54.869,0.0,0.0,-101.992,0.0,0.0,0.0,0.0,0.0,-59.152000000000015,0.0,0.0
MET 214,93.034,0.0,0.0,-11.634,0.0,0.0,-78.28,0.0,0.0,0.11,0.0,0.0,0.0,0.0,0.0,3.2300000000000044,0.0,0.0
MET 215,101.584,0.0,0.0,-11.513,0.0,0.0,-85.652,0.0,0.0,1.451,0.0,0.0,0.0,0.0,0.0,5.869999999999997,0.0,0.0
THR 216,37.771,0.0,0.0,-5.919,0.0,0.0,-51.163,0.0,0.0,-0.255,0.0,0.0,0.0,0.0,0.0,-19.565999999999995,0.0,0.0
ALA 217,78.86,0.0,0.0,-3.971,0.0,0.0,-66.173,0.0,0.0,-2.352,0.0,0.0,0.0,0.0,0.0,6.363999999999994,0.0,0.0
CYX 218,93.538,0.0,0.0,-7.235,0.0,0.0,-84.784,0.0,0.0,0.79,0.0,0.0,0.0,0.0,0.0,2.3089999999999913,0.0,0.0
GLN 219,37.78,0.0,0.0,-3.966,0.0,0.0,-76.432,0.0,0.0,-13.064,0.0,0.0,0.0,0.0,0.0,-55.682,0.0,0.0
GLY 220,100.69,0.0,0.0,-3.381,0.0,0.0,-82.042,0.0,0.0,-9.351,0.0,0.0,0.0,0.0,0.0,5.915999999999995,0.0,0.0
VAL 221,33.746,0.0,0.0,-2.417,0.0,0.0,-17.844,0.0,0.0,-116.168,0.0,0.0,0.0,0.0,0.0,-102.683,0.0,0.0

Receptor:
Total Energy Decomposition:
Residue,Internal,,,van der Waals,,,Electrostatic,,,Polar Solvation,,,Non-Polar Solv.,,,TOTAL,,
,Avg.,Std. Dev.,Std. Err. of Mean,Avg.,Std. Dev.,Std. Err. of Mean,Avg.,Std. Dev.,Std. Err. of Mean,Avg.,Std. Dev.,Std. Err. of Mean,Avg.,Std. Dev.,Std. Err. of Mean,Avg.,Std. Dev.,Std. Err. of Mean
PRO   1,97.71,0.0,0.0,-6.782,0.0,0.0,-101.614,0.0,0.0,2.679,0.0,0.0,0.0,0.0,0.0,-8.007000000000007,0.0,0.0
ILE   2,90.846,0.0,0.0,-8.912,0.0,0.0,-67.058,0.0,0.0,-1.842,0.0,0.0,0.0,0.0,0.0,13.03399999999999,0.0,0.0
VAL   3,46.189,0.0,0.0,-5.946,0.0,0.0,-53.284,0.0,0.0,-1.655,0.0,0.0,0.0,0.0,0.0,-14.695999999999996,0.0,0.0
GLN   4,22.861,0.0,0.0,-6.117,0.0,0.0,-58.138,0.0,0.0,-12.427,0.0,0.0,0.0,0.0,0.0,-53.821,0.0,0.0
ASN   5,41.858,0.0,0.0,-5.775,0.0,0.0,-88.401,0.0,0.0,-12.244,0.0,0.0,0.0,0.0,0.0,-64.562,0.0,0.0
LEU   6,69.316,0.0,0.0,-1.964,0.0,0.0,-66.196,0.0,0.0,-7.348,0.0,0.0,0.0,0.0,0.0,-6.191999999999994,0.0,0.0
GLN   7,33.229,0.0,0.0,-3.844,0.0,0.0,-69.696,0.0,0.0,-11.339,0.0,0.0,0.0,0.0,0.0,-51.65,0.0,0.0
GLY   8,79.13,0.0,0.0,-3.608,0.0,0.0,-72.915,0.0,0.0,-4.493,0.0,0.0,0.0,0.0,0.0,-1.8860000000000152,0.0,0.0
GLN   9,27.102,0.0,0.0,-3.334,0.0,0.0,-63.728,0.0,0.0,-16.586,0.0,0.0,0.0,0.0,0.0,-56.546,0.0,0.0
MET  10,103.375,0.0,0.0,-8.341,0.0,0.0,-79.468,0.0,0.0,-5.395,0.0,0.0,0.0,0.0,0.0,10.171000000000003,0.0,0.0
VAL  11,46.009,0.0,0.0,-5.889,0.0,0.0,-51.824,0.0,0.0,-1.875,0.0,0.0,0.0,0.0,0.0,-13.579,0.0,0.0
HID  12,90.571,0.0,0.0,-10.485,0.0,0.0,-61.002,0.0,0.0,-8.561,0.0,0.0,0.0,0.0,0.0,10.522999999999996,0.0,0.0
GLN  13,36.182,0.0,0.0,-4.369,0.0,0.0,-75.764,0.0,0.0,-8.974,0.0,0.0,0.0,0.0,0.0,-52.925,0.0,0.0
ALA  14,94.567,0.0,0.0,-3.224,0.0,0.0,-77.126,0.0,0.0,-3.753,0.0,0.0,0.0,0.0,0.0,10.463999999999984,0.0,0.0
ILE  15,95.22,0.0,0.0,-7.024,0.0,0.0,-73.077,0.0,0.0,-3.79,0.0,0.0,0.0,0.0,0.0,11.329,0.0,0.0
SER  16,70.743,0.0,0.0,-5.673,0.0,0.0,-49.779,0.0,0.0,-7.987,0.0,0.0,0.0,0.0,0.0,7.30399999999999,0.0,0.0
PRO  17,90.754,0.0,0.0,-4.221,0.0,0.0,-60.016,0.0,0.0,-4.182,0.0,0.0,0.0,0.0,0.0,22.335,0.0,0.0
ARG  18,-186.211,0.0,0.0,-4.851,0.0,0.0,76.454,0.0,0.0,-52.766,0.0,0.0,0.0,0.0,0.0,-167.37400000000002,0.0,0.0
THR  19,45.114,0.0,0.0,-7.992,0.0,0.0,-57.922,0.0,0.0,-2.498,0.0,0.0,0.0,0.0,0.0,-23.298,0.0,0.0
LEU  20,63.725,0.0,0.0,-11.051,0.0,0.0,-57.831,0.0,0.0,-2.533,0.0,0.0,0.0,0.0,0.0,-7.690000000000003,0.0,0.0
ASN  21,34.251,0.0,0.0,-4.774,0.0,0.0,-82.357,0.0,0.0,-15.929,0.0,0.0,0.0,0.0,0.0,-68.809,0.0,0.0
ALA  22,96.103,0.0,0.0,-4.152,0.0,0.0,-82.973,0.0,0.0,-3.037,0.0,0.0,0.0,0.0,0.0,5.9409999999999945,0.0,0.0
TRP  23,138.394,0.0,0.0,-14.542,0.0,0.0,-99.249,0.0,0.0,-2.19,0.0,0.0,0.0,0.0,0.0,22.413000000000007,0.0,0.0
VAL  24,68.581,0.0,0.0,-8.977,0.0,0.0,-62.31,0.0,0.0,-2.99,0.0,0.0,0.0,0.0,0.0,-5.696000000000003,0.0,0.0
LYS  25,139.986,0.0,0.0,-8.156,0.0,0.0,-97.112,0.0,0.0,-30.527,0.0,0.0,0.0,0.0,0.0,4.190999999999988,0.0,0.0
VAL  26,71.544,0.0,0.0,-9.605,0.0,0.0,-69.34,0.0,0.0,-3.019,0.0,0.0,0.0,0.0,0.0,-10.42000000000001,0.0,0.0
VAL  27,43.282,0.0,0.0,-9.684,0.0,0.0,-48.828,0.0,0.0,-2.619,0.0,0.0,0.0,0.0,0.0,-17.849000000000004,0.0,0.0
GLU  28,101.292,0.0,0.0,-8.294,0.0,0.0,-46.751,0.0,0.0,-106.46,0.0,0.0,0.0,0.0,0.0,-60.21299999999999,0.0,0.0
GLU  29,112.69,0.0,0.0,-6.7,0.0,0.0,-58.914,0.0,0.0,-101.664,0.0,0.0,0.0,0.0,0.0,-54.58800000000001,0.0,0.0
LYS  30,118.312,0.0,0.0,-9.674,0.0,0.0,-115.726,0.0,0.0,-0.933,0.0,0.0,0.0,0.0,0.0,-8.020999999999994,0.0,0.0
ALA  31,91.271,0.0,0.0,-4.326,0.0,0.0,-77.231,0.0,0.0,-4.305,0.0,0.0,0.0,0.0,0.0,5.409000000000013,0.0,0.0
PHE  32,103.116,0.0,0.0,-7.718,0.0,0.0,-76.645,0.0,0.0,-6.892,0.0,0.0,0.0,0.0,0.0,11.861,0.0,0.0
SER  33,80.91,0.0,0.0,-5.343,0.0,0.0,-60.026,0.0,0.0,-4.979,0.0,0.0,0.0,0.0,0.0,10.56199999999999,0.0,0.0
PRO  34,75.177,0.0,0.0,-6.583,0.0,0.0,-57.242,0.0,0.0,-0.224,0.0,0.0,0.0,0.0,0.0,11.12800000000001,0.0,0.0
GLU  35,105.112,0.0,0.0,-6.532,0.0,0.0,-87.03,0.0,0.0,-72.252,0.0,0.0,0.0,0.0,0.0,-60.702,0.0,0.0
VAL  36,49.818,0.0,0.0,-10.123,0.0,0.0,-54.922,0.0,0.0,0.78,0.0,0.0,0.0,0.0,0.0,-14.446999999999997,0.0,0.0
ILE  37,87.988,0.0,0.0,-7.901,0.0,0.0,-61.286,0.0,0.0,-0.066,0.0,0.0,0.0,0.0,0.0,18.735000000000003,0.0,0.0
PRO  38,83.342,0.0,0.0,-6.212,0.0,0.0,-59.613,0.0,0.0,-1.592,0.0,0.0,0.0,0.0,0.0,15.924999999999995,0.0,0.0
MET  39,89.541,0.0,0.0,-8.219,0.0,0.0,-70.034,0.0,0.0,-1.546,0.0,0.0,0.0,0.0,0.0,9.741999999999997,0.0,0.0
PHE  40,102.821,0.0,0.0,-14.371,0.0,0.0,-82.518,0.0,0.0,-0.73,0.0,0.0,0.0,0.0,0.0,5.202000000000002,0.0,0.0
SER  41,80.847,0.0,0.0,-6.184,0.0,0.0,-65.867,0.0,0.0,-5.142,0.0,0.0,0.0,0.0,0.0,3.653999999999992,0.0,0.0
ALA  42,81.938,0.0,0.0,-4.978,0.0,0.0,-62.51,0.0,0.0,-5.654,0.0,0.0,0.0,0.0,0.0,8.79600000000001,0.0,0.0
LEU  43,76.215,0.0,0.0,-7.263,0.0,0.0,-74.338,0.0,0.0,-1.811,0.0,0.0,0.0,0.0,0.0,-7.196999999999996,0.0,0.0
SER  44,77.357,0.0,0.0,-6.996,0.0,0.0,-77.565,0.0,0.0,1.575,0.0,0.0,0.0,0.0,0.0,-5.628999999999993,0.0,0.0
GLU  45,103.711,0.0,0.0,-5.869,0.0,0.0,-67.447,0.0,0.0,-88.488,0.0,0.0,0.0,0.0,0.0,-58.093,0.0,0.0
GLY  46,67.676,0.0,0.0,-3.929,0.0,0.0,-67.846,0.0,0.0,-0.302,0.0,0.0,0.0,0.0,0.0,-4.401000000000003,0.0,0.0
ALA  47,99.983,0.0,0.0,-7.343,0.0,0.0,-88.923,0.0,0.0,-0.332,0.0,0.0,0.0,0.0,0.0,3.384999999999999,0.0,0.0
THR  48,57.051,0.0,0.0,-9.28,0.0,0.0,-62.563,0.0,0.0,0.452,0.0,0.0,0.0,0.0,0.0,-14.340000000000002,0.0,0.0
PRO  49,80.398,0.0,0.0,-10.998,0.0,0.0,-57.21,0.0,0.0,0.942,0.0,0.0,0.0,0.0,0.0,13.13199999999999,0.0,0.0
GLN  50,25.111,0.0,0.0,-8.529,0.0,0.0,-71.026,0.0,0.0,-8.442,0.0,0.0,0.0,0.0,0.0,-62.885999999999996,0.0,0.0
ASP  51,89.499,0.0,0.0,-9.789,0.0,0.0,-126.921,0.0,0.0,-13.348,0.0,0.0,0.0,0.0,0.0,-60.55900000000001,0.0,0.0
LEU  52,67.974,0.0,0.0,-13.933,0.0,0.0,-70.264,0.0,0.0,0.862,0.0,0.0,0.0,0.0,0.0,-15.360999999999992,0.0,0.0
ASN  53,34.586,0.0,0.0,-7.871,0.0,0.0,-98.836,0.0,0.0,-2.494,0.0,0.0,0.0,0.0,0.0,-74.61500000000001,0.0,0.0
THR  54,50.315,0.0,0.0,-7.158,0.0,0.0,-66.768,0.0,0.0,-0.483,0.0,0.0,0.0,0.0,0.0,-24.094000000000005,0.0,0.0
MET  55,84.278,0.0,0.0,-10.96,0.0,0.0,-68.827,0.0,0.0,-0.314,0.0,0.0,0.0,0.0,0.0,4.177000000000014,0.0,0.0
LEU  56,68.046,0.0,0.0,-11.093,0.0,0.0,-74.149,0.0,0.0,0.428,0.0,0.0,0.0,0.0,0.0,-16.767999999999997,0.0,0.0
ASN  57,36.237,0.0,0.0,-6.651,0.0,0.0,-93.067,0.0,0.0,-6.916,0.0,0.0,0.0,0.0,0.0,-70.39699999999999,0.0,0.0
THR  58,56.692,0.0,0.0,-7.972,0.0,0.0,-64.861,0.0,0.0,-0.907,0.0,0.0,0.0,0.0,0.0,-17.048000000000005,0.0,0.0
VAL  59,52.386,0.0,0.0,-11.124,0.0,0.0,-44.304,0.0,0.0,-0.216,0.0,0.0,0.0,0.0,0.0,-3.258000000000002,0.0,0.0
ALA  60,89.212,0.0,0.0,-4.115,0.0,0.0,-62.909,0.0,0.0,-4.58,0.0,0.0,0.0,0.0,0.0,17.60800000000001,0.0,0.0
PRO  61,78.4,0.0,0.0,-4.346,0.0,0.0,-55.268,0.0,0.0,-3.112,0.0,0.0,0.0,0.0,0.0,15.674000000000001,0.0,0.0
HID  62,97.408,0.0,0.0,-7.593,0.0,0.0,-69.453,0.0,0.0,-6.451,0.0,0.0,0.0,0.0,0.0,13.910999999999994,0.0,0.0
GLN  63,24.151,0.0,0.0,-7.393,0.0,0.0,-63.209,0.0,0.0,-11.084,0.0,0.0,0.0,0.0,0.0,-57.53500000000001,0.0,0.0
ALA  64,86.934,0.0,0.0,-1.541,0.0,0.0,-72.654,0.0,0.0,-2.76,0.0,0.0,0.0,0.0,0.0,9.979000000000005,0.0,0.0
ALA  65,89.147,0.0,0.0,-5.909,0.0,0.0,-75.735,0.0,0.0,-0.657,0.0,0.0,0.0,0.0,0.0,6.846,0.0,0.0
ALA  66,92.837,0.0,0.0,-6.859,0.0,0.0,-80.415,0.0,0.0,-1.725,0.0,0.0,0.0,0.0,0.0,3.8380000000000023,0.0,0.0
GLN  67,32.4,0.0,0.0,-6.964,0.0,0.0,-85.142,0.0,0.0,0.172,0.0,0.0,0.0,0.0,0.0,-59.534,0.0,0.0
MET  68,87.532,0.0,0.0,-8.382,0.0,0.0,-75.083,0.0,0.0,-1.468,0.0,0.0,0.0,0.0,0.0,2.598999999999993,0.0,0.0
LEU  69,77.216,0.0,0.0,-12.731,0.0,0.0,-75.162,0.0,0.0,-2.367,0.0,0.0,0.0,0.0,0.0,-13.044000000000008,0.0,0.0
LYS  70,124.735,0.0,0.0,-8.987,0.0,0.0,-107.83,0.0,0.0,-16.558,0.0,0.0,0.0,0.0,0.0,-8.639999999999993,0.0,0.0
GLU  71,109.822,0.0,0.0,-8.363,0.0,0.0,-93.187,0.0,0.0,-74.343,0.0,0.0,0.0,0.0,0.0,-66.071,0.0,0.0
THR  72,47.883,0.0,0.0,-8.552,0.0,0.0,-57.935,0.0,0.0,-3.57,0.0,0.0,0.0,0.0,0.0,-22.174,0.0,0.0
ILE  73,75.247,0.0,0.0,-10.842,0.0,0.0,-51.855,0.0,0.0,-2.632,0.0,0.0,0.0,0.0,0.0,9.918000000000005,0.0,0.0
ASN  74,23.025,0.0,0.0,-6.656,0.0,0.0,-75.492,0.0,0.0,-13.378,0.0,0.0,0.0,0.0,0.0,-72.501,0.0,0.0
GLU  75,107.463,0.0,0.0,-7.735,0.0,0.0,-66.277,0.0,0.0,-91.77,0.0,0.0,0.0,0.0,0.0,-58.319,0.0,0.0
GLU  76,95.182,0.0,0.0,-10.367,0.0,0.0,-54.619,0.0,0.0,-91.963,0.0,0.0,0.0,0.0,0.0,-61.766999999999996,0.0,0.0
ALA  77,83.629,0.0,0.0,-7.34,0.0,0.0,-69.447,0.0,0.0,-2.904,0.0,0.0,0.0,0.0,0.0,3.937999999999999,0.0,0.0
ALA  78,95.805,0.0,0.0,-6.476,0.0,0.0,-85.115,0.0,0.0,1.497,0.0,0.0,0.0,0.0,0.0,5.711000000000013,0.0,0.0
GLU  79,104.007,0.0,0.0,-9.361,0.0,0.0,-75.646,0.0,0.0,-80.02,0.0,0.0,0.0,0.0,0.0,-61.019999999999996,0.0,0.0
TRP  80,111.985,0.0,0.0,-17.031,0.0,0.0,-86.92,0.0,0.0,-0.221,0.0,0.0,0.0,0.0,0.0,7.813000000000006,0.0,0.0
ASP  81,102.144,0.0,0.0,-6.792,0.0,0.0,-79.207,0.0,0.0,-76.223,0.0,0.0,0.0,0.0,0.0,-60.07799999999999,0.0,0.0
ARG  82,-194.167,0.0,0.0,-9.009,0.0,0.0,1.113,0.0,0.0,30.87,0.0,0.0,0.0,0.0,0.0,-171.19299999999998,0.0,0.0
LEU  83,66.669,0.0,0.0,-6.918,0.0,0.0,-69.114,0.0,0.0,-2.442,0.0,0.0,0.0,0.0,0.0,-11.805000000000007,0.0,0.0
HID  84,110.898,0.0,0.0,-6.616,0.0,0.0,-75.6,0.0,0.0,-7.584,0.0,0.0,0.0,0.0,0.0,21.098000000000003,0.0,0.0
PRO  85,87.596,0.0,0.0,-5.11,0.0,0.0,-66.043,0.0,0.0,-4.248,0.0,0.0,0.0,0.0,0.0,12.194999999999997,0.0,0.0
VAL  86,53.864,0.0,0.0,-4.243,0.0,0.0,-52.129,0.0,0.0,-4.824,0.0,0.0,0.0,0.0,0.0,-7.3320000000000025,0.0,0.0
HID  87,94.407,0.0,0.0,-6.841,0.0,0.0,-57.279,0.0,0.0,-10.543,0.0,0.0,0.0,0.0,0.0,19.744,0.0,0.0
ALA  88,88.309,0.0,0.0,-1.957,0.0,0.0,-69.345,0.0,0.0,-7.801,0.0,0.0,0.0,0.0,0.0,9.206000000000005,0.0,0.0
GLY  89,94.783,0.0,0.0,-1.37,0.0,0.0,-76.801,0.0,0.0,-6.217,0.0,0.0,0.0,0.0,0.0,10.394999999999996,0.0,0.0
PRO  90,84.162,0.0,0.0,-3.93,0.0,0.0,-56.804,0.0,0.0,-6.239,0.0,0.0,0.0,0.0,0.0,17.188999999999997,0.0,0.0
ILE  91,74.961,0.0,0.0,-3.36,0.0,0.0,-56.153,0.0,0.0,-2.351,0.0,0.0,0.0,0.0,0.0,13.097000000000001,0.0,0.0
ALA  92,96.435,0.0,0.0,-3.296,0.0,0.0,-70.232,0.0,0.0,-2.973,0.0,0.0,0.0,0.0,0.0,19.933999999999997,0.0,0.0
PRO  93,82.736,0.0,0.0,-2.515,0.0,0.0,-57.521,0.0,0.0,-5.795,0.0,0.0,0.0,0.0,0.0,16.905,0.0,0.0
GLY  94,73.955,0.0,0.0,-1.871,0.0,0.0,-66.793,0.0,0.0,-5.888,0.0,0.0,0.0,0.0,0.0,-0.5970000000000031,0.0,0.0
GLN  95,42.573,0.0,0.0,-4.347,0.0,0.0,-73.126,0.0,0.0,-15.36,0.0,0.0,0.0,0.0,0.0,-50.260000000000005,0.0,0.0
MET  96,110.228,0.0,0.0,-4.707,0.0,0.0,-76.952,0.0,0.0,-8.665,0.0,0.0,0.0,0.0,0.0,19.904000000000003,0.0,0.0
ARG  97,-187.775,0.0,0.0,-6.981,0.0,0.0,-18.063,0.0,0.0,30.561,0.0,0.0,0.0,0.0,0.0,-182.25799999999998,0.0,0.0
GLU  98,110.392,0.0,0.0,-5.8,0.0,0.0,-58.798,0.0,0.0,-100.786,0.0,0.0,0.0,0.0,0.0,-54.992000000000004,0.0,0.0
PRO  99,97.383,0.0,0.0,-9.367,0.0,0.0,-63.375,0.0,0.0,-1.912,0.0,0.0,0.0,0.0,0.0,22.728999999999992,0.0,0.0
ARG 100,-180.336,0.0,0.0,-11.774,0.0,0.0,-7.264,0.0,0.0,31.457,0.0,0.0,0.0,0.0,0.0,-167.91700000000003,0.0,0.0
GLY 101,80.247,0.0,0.0,-3.907,0.0,0.0,-80.746,0.0,0.0,-1.765,0.0,0.0,0.0,0.0,0.0,-6.170999999999991,0.0,0.0
SER 102,70.43,0.0,0.0,-5.345,0.0,0.0,-65.742,0.0,0.0,-2.077,0.0,0.0,0.0,0.0,0.0,-2.7339999999999964,0.0,0.0
ASP 103,91.178,0.0,0.0,-10.076,0.0,0.0,-102.199,0.0,0.0,-35.735,0.0,0.0,0.0,0.0,0.0,-56.831999999999994,0.0,0.0
ILE 104,83.113,0.0,0.0,-13.645,0.0,0.0,-62.294,0.0,0.0,1.153,0.0,0.0,0.0,0.0,0.0,8.327000000000007,0.0,0.0
ALA 105,85.478,0.0,0.0,-6.867,0.0,0.0,-78.278,0.0,0.0,0.185,0.0,0.0,0.0,0.0,0.0,0.5179999999999843,0.0,0.0
GLY 106,92.236,0.0,0.0,-5.921,0.0,0.0,-85.375,0.0,0.0,-1.986,0.0,0.0,0.0,0.0,0.0,-1.0460000000000023,0.0,0.0
THR 107,56.598,0.0,0.0,-4.926,0.0,0.0,-56.211,0.0,0.0,-7.754,0.0,0.0,0.0,0.0,0.0,-12.293000000000001,0.0,0.0
THR 108,39.067,0.0,0.0,-2.698,0.0,0.0,-56.086,0.0,0.0,-2.413,0.0,0.0,0.0,0.0,0.0,-22.13,0.0,0.0
SER 109,68.64,0.0,0.0,-5.269,0.0,0.0,-65.384,0.0,0.0,-0.667,0.0,0.0,0.0,0.0,0.0,-2.679999999999998,0.0,0.0
THR 110,37.314,0.0,0.0,-6.301,0.0,0.0,-34.216,0.0,0.0,-7.977,0.0,0.0,0.0,0.0,0.0,-11.180000000000003,0.0,0.0
LEU 111,65.156,0.0,0.0,-7.856,0.0,0.0,-64.55,0.0,0.0,-4.132,0.0,0.0,0.0,0.0,0.0,-11.381999999999993,0.0,0.0
GLN 112,37.525,0.0,0.0,-4.391,0.0,0.0,-73.862,0.0,0.0,-12.605,0.0,0.0,0.0,0.0,0.0,-53.333,0.0,0.0
GLU 113,102.001,0.0,0.0,-6.035,0.0,0.0,-105.609,0.0,0.0,-50.293,0.0,0.0,0.0,0.0,0.0,-59.935999999999986,0.0,0.0
GLN 114,45.128,0.0,0.0,-12.964,0.0,0.0,-86.219,0.0,0.0,-0.258,0.0,0.0,0.0,0.0,0.0,-54.312999999999995,0.0,0.0
ILE 115,84.489,0.0,0.0,-4.688,0.0,0.0,-68.986,0.0,0.0,-1.61,0.0,0.0,0.0,0.0,0.0,9.204999999999998,0.0,0.0
GLY 116,78.187,0.0,0.0,-4.675,0.0,0.0,-76.52,0.0,0.0,-1.111,0.0,0.0,0.0,0.0,0.0,-4.118999999999995,0.0,0.0
TRP 117,131.105,0.0,0.0,-16.857,0.0,0.0,-93.329,0.0,0.0,-1.05,0.0,0.0,0.0,0.0,0.0,19.868999999999996,0.0,0.0
MET 118,103.806,0.0,0.0,-10.366,0.0,0.0,-85.173,0.0,0.0,-1.548,0.0,0.0,0.0,0.0,0.0,6.718999999999996,0.0,0.0
THR 119,35.328,0.0,0.0,-6.177,0.0,0.0,-47.908,0.0,0.0,-3.957,0.0,0.0,0.0,0.0,0.0,-22.714,0.0,0.0
HID 120,91.182,0.0,0.0,-8.523,0.0,0.0,-63.008,0.0,0.0,-5.667,0.0,0.0,0.0,0.0,0.0,13.984000000000004,0.0,0.0
ASN 121,35.322,0.0,0.0,-4.843,0.0,0.0,-69.595,0.0,0.0,-13.013,0.0,0.0,0.0,0.0,0.0,-52.129,0.0,0.0
PRO 122,91.241,0.0,0.0,-3.082,0.0,0.0,-60.786,0.0,0.0,-2.017,0.0,0.0,0.0,0.0,0.0,25.356000000000005,0.0,0.0
PRO 123,84.115,0.0,0.0,-6.34,0.0,0.0,-59.885,0.0,0.0,-3.188,0.0,0.0,0.0,0.0,0.0,14.701999999999993,0.0,0.0
ILE 124,95.501,0.0,0.0,-6.329,0.0,0.0,-64.23,0.0,0.0,0.311,0.0,0.0,0.0,0.0,0.0,25.253000000000007,0.0,0.0
PRO 125,84.435,0.0,0.0,-5.381,0.0,0.0,-56.733,0.0,0.0,-4.801,0.0,0.0,0.0,0.0,0.0,17.520000000000003,0.0,0.0
VAL 126,51.303,0.0,0.0,-8.983,0.0,0.0,-48.68,0.0,0.0,-3.149,0.0,0.0,0.0,0.0,0.0,-9.509000000000007,0.0,0.0
GLY 127,73.057,0.0,0.0,-5.282,0.0,0.0,-71.188,0.0,0.0,-1.337,0.0,0.0,0.0,0.0,0.0,-4.7499999999999964,0.0,0.0
GLU 128,105.498,0.0,0.0,-6.111,0.0,0.0,-105.061,0.0,0.0,-50.451,0.0,0.0,0.0,0.0,0.0,-56.12500000000001,0.0,0.0
ILE 129,85.001,0.0,0.0,-9.302,0.0,0.0,-65.902,0.0,0.0,1.132,0.0,0.0,0.0,0.0,0.0,10.929000000000011,0.0,0.0
TYR 130,97.962,0.0,0.0,-14.42,0.0,0.0,-89.513,0.0,0.0,-0.434,0.0,0.0,0.0,0.0,0.0,-6.405000000000004,0.0,0.0
LYS 131,145.77,0.0,0.0,-10.775,0.0,0.0,-152.522,0.0,0.0,17.826,0.0,0.0,0.0,0.0,0.0,0.2990000000000137,0.0,0.0
ARG 132,-187.698,0.0,0.0,-8.645,0.0,0.0,34.038,0.0,0.0,-9.45,0.0,0.0,0.0,0.0,0.0,-171.755,0.0,0.0
TRP 133,126.866,0.0,0.0,-16.277,0.0,0.0,-96.848,0.0,0.0,0.957,0.0,0.0,0.0,0.0,0.0,14.698,0.0,0.0
ILE 134,85.238,0.0,0.0,-11.902,0.0,0.0,-67.045,0.0,0.0,-0.414,0.0,0.0,0.0,0.0,0.0,5.876999999999997,0.0,0.0
ILE 135,78.918,0.0,0.0,-10.967,0.0,0.0,-62.952,0.0,0.0,-0.785,0.0,0.0,0.0,0.0,0.0,4.214000000000009,0.0,0.0
LEU 136,71.018,0.0,0.0,-7.943,0.0,0.0,-80.879,0.0,0.0,1.717,0.0,0.0,0.0,0.0,0.0,-16.087000000000003,0.0,0.0
GLY 137,76.915,0.0,0.0,-5.891,0.0,0.0,-77.35,0.0,0.0,0.481,0.0,0.0,0.0,0.0,0.0,-5.8449999999999935,0.0,0.0
LEU 138,65.326,0.0,0.0,-11.896,0.0,0.0,-64.23,0.0,0.0,-1.541,0.0,0.0,0.0,0.0,0.0,-12.341000000000012,0.0,0.0
ASN 139,37.082,0.0,0.0,-8.713,0.0,0.0,-90.088,0.0,0.0,-5.062,0.0,0.0,0.0,0.0,0.0,-66.78099999999999,0.0,0.0
LYS 140,138.186,0.0,0.0,-9.482,0.0,0.0,-141.5,0.0,0.0,16.667,0.0,0.0,0.0,0.0,0.0,3.8710000000000093,0.0,0.0
ILE 141,90.449,0.0,0.0,-8.839,0.0,0.0,-75.32,0.0,0.0,-2.199,0.0,0.0,0.0,0.0,0.0,4.091000000000006,0.0,0.0
VAL 142,64.153,0.0,0.0,-6.024,0.0,0.0,-56.157,0.0,0.0,-4.897,0.0,0.0,0.0,0.0,0.0,-2.924999999999992,0.0,0.0
ARG 143,-190.871,0.0,0.0,-6.995,0.0,0.0,57.007,0.0,0.0,-20.699,0.0,0.0,0.0,0.0,0.0,-161.55800000000002,0.0,0.0
MET 144,90.509,0.0,0.0,-6.26,0.0,0.0,-76.362,0.0,0.0,-4.49,0.0,0.0,0.0,0.0,0.0,3.3970000000000002,0.0,0.0
TYR 145,99.672,0.0,0.0,-7.465,0.0,0.0,-85.668,0.0,0.0,-8.961,0.0,0.0,0.0,0.0,0.0,-2.422000000000013,0.0,0.0
SER 146,88.808,0.0,0.0,-1.995,0.0,0.0,-68.005,0.0,0.0,-8.528,0.0,0.0,0.0,0.0,0.0,10.280000000000006,0.0,0.0
PRO 147,91.633,0.0,0.0,-2.011,0.0,0.0,-63.292,0.0,0.0,-4.156,0.0,0.0,0.0,0.0,0.0,22.174,0.0,0.0
THR 148,51.419,0.0,0.0,-2.003,0.0,0.0,-57.848,0.0,0.0,-5.833,0.0,0.0,0.0,0.0,0.0,-14.265000000000002,0.0,0.0
SER 149,65.258,0.0,0.0,-1.911,0.0,0.0,-48.749,0.0,0.0,-11.311,0.0,0.0,0.0,0.0,0.0,3.286999999999992,0.0,0.0
ILE 150,64.519,0.0,0.0,-1.487,0.0,0.0,-28.736,0.0,0.0,-6.764,0.0,0.0,0.0,0.0,0.0,27.532000000000007,0.0,0.0

Ligand:
Total Energy Decomposition:
Residue,Internal,,,van der Waals,,,Electrostatic,,,Polar Solvation,,,Non-Polar Solv.,,,TOTAL,,
,Avg.,Std. Dev.,Std. Err. of Mean,Avg.,Std. Dev.,Std. Err. of Mean,Avg.,Std. Dev.,Std. Err. of Mean,Avg.,Std. Dev.,Std. Err. of Mean,Avg.,Std. Dev.,Std. Err. of Mean,Avg.,Std. Dev.,Std. Err. of Mean
LEU   1,42.952,0.0,0.0,-4.366,0.0,0.0,-45.517,0.0,0.0,1.003,0.0,0.0,0.0,0.0,0.0,-5.928000000000004,0.0,0.0
ASP   2,96.621,0.0,0.0,-4.429,0.0,0.0,-88.991,0.0,0.0,-66.076,0.0,0.0,0.0,0.0,0.0,-62.875,0.0,0.0
ILE   3,102.08,0.0,0.0,-7.846,0.0,0.0,-71.13,0.0,0.0,-1.249,0.0,0.0,0.0,0.0,0.0,21.855,0.0,0.0
ARG   4,-189.424,0.0,0.0,-10.499,0.0,0.0,39.461,0.0,0.0,-4.988,0.0,0.0,0.0,0.0,0.0,-165.45,0.0,0.0
GLN   5,29.472,0.0,0.0,-11.162,0.0,0.0,-89.829,0.0,0.0,1.241,0.0,0.0,0.0,0.0,0.0,-70.27799999999999,0.0,0.0
GLY   6,84.902,0.0,0.0,-2.875,0.0,0.0,-74.801,0.0,0.0,-3.68,0.0,0.0,0.0,0.0,0.0,3.545999999999999,0.0,0.0
PRO   7,83.698,0.0,0.0,-3.489,0.0,0.0,-53.021,0.0,0.0,-5.778,0.0,0.0,0.0,0.0,0.0,21.40999999999999,0.0,0.0
LYS   8,124.812,0.0,0.0,-4.344,0.0,0.0,-112.146,0.0,0.0,-8.906,0.0,0.0,0.0,0.0,0.0,-0.5839999999999979,0.0,0.0
GLU   9,112.737,0.0,0.0,-6.888,0.0,0.0,-121.049,0.0,0.0,-30.218,0.0,0.0,0.0,0.0,0.0,-45.41800000000002,0.0,0.0
PRO  10,79.698,0.0,0.0,-7.462,0.0,0.0,-58.827,0.0,0.0,-0.002,0.0,0.0,0.0,0.0,0.0,13.406999999999991,0.0,0.0
PHE  11,106.027,0.0,0.0,-15.425,0.0,0.0,-74.182,0.0,0.0,0.054,0.0,0.0,0.0,0.0,0.0,16.474,0.0,0.0
ARG  12,-194.193,0.0,0.0,-10.555,0.0,0.0,18.291,0.0,0.0,23.027,0.0,0.0,0.0,0.0,0.0,-163.43,0.0,0.0
ASP  13,95.072,0.0,0.0,-6.163,0.0,0.0,-71.774,0.0,0.0,-85.333,0.0,0.0,0.0,0.0,0.0,-68.198,0.0,0.0
TYR  14,100.048,0.0,0.0,-18.134,0.0,0.0,-95.494,0.0,0.0,1.688,0.0,0.0,0.0,0.0,0.0,-11.891999999999998,0.0,0.0
VAL  15,47.041,0.0,0.0,-9.247,0.0,0.0,-55.578,0.0,0.0,3.42,0.0,0.0,0.0,0.0,0.0,-14.364000000000006,0.0,0.0
ASP  16,102.38,0.0,0.0,-7.816,0.0,0.0,-78.244,0.0,0.0,-77.987,0.0,0.0,0.0,0.0,0.0,-61.667,0.0,0.0
ARG  17,-188.186,0.0,0.0,-6.422,0.0,0.0,3.425,0.0,0.0,10.248,0.0,0.0,0.0,0.0,0.0,-180.935,0.0,0.0
PHE  18,94.934,0.0,0.0,-13.778,0.0,0.0,-78.96,0.0,0.0,0.71,0.0,0.0,0.0,0.0,0.0,2.905999999999998,0.0,0.0
TYR  19,101.964,0.0,0.0,-9.092,0.0,0.0,-94.499,0.0,0.0,1.088,0.0,0.0,0.0,0.0,0.0,-0.5389999999999953,0.0,0.0
LYS  20,138.865,0.0,0.0,-6.293,0.0,0.0,-114.643,0.0,0.0,-23.278,0.0,0.0,0.0,0.0,0.0,-5.348999999999997,0.0,0.0
THR  21,47.133,0.0,0.0,-6.167,0.0,0.0,-57.023,0.0,0.0,-2.885,0.0,0.0,0.0,0.0,0.0,-18.942,0.0,0.0
LEU  22,74.83,0.0,0.0,-9.489,0.0,0.0,-67.997,0.0,0.0,-1.653,0.0,0.0,0.0,0.0,0.0,-4.309000000000006,0.0,0.0
ARG  23,-195.252,0.0,0.0,-5.341,0.0,0.0,72.38,0.0,0.0,-36.572,0.0,0.0,0.0,0.0,0.0,-164.78500000000003,0.0,0.0
ALA  24,86.808,0.0,0.0,-3.858,0.0,0.0,-80.073,0.0,0.0,-3.819,0.0,0.0,0.0,0.0,0.0,-0.9419999999999904,0.0,0.0
GLU  25,104.721,0.0,0.0,-6.24,0.0,0.0,-69.795,0.0,0.0,-93.642,0.0,0.0,0.0,0.0,0.0,-64.95599999999999,0.0,0.0
GLN  26,27.634,0.0,0.0,-3.166,0.0,0.0,-66.431,0.0,0.0,-13.389,0.0,0.0,0.0,0.0,0.0,-55.35199999999999,0.0,0.0
ALA  27,96.456,0.0,0.0,-4.716,0.0,0.0,-85.27,0.0,0.0,-0.454,0.0,0.0,0.0,0.0,0.0,6.016000000000013,0.0,0.0
SER  28,66.309,0.0,0.0,-3.316,0.0,0.0,-53.779,0.0,0.0,-10.941,0.0,0.0,0.0,0.0,0.0,-1.7270000000000092,0.0,0.0
GLN  29,28.976,0.0,0.0,-8.258,0.0,0.0,-74.04,0.0,0.0,-0.892,0.0,0.0,0.0,0.0,0.0,-54.214000000000006,0.0,0.0
GLU  30,106.26,0.0,0.0,-6.078,0.0,0.0,-83.229,0.0,0.0,-72.985,0.0,0.0,0.0,0.0,0.0,-56.032,0.0,0.0
VAL  31,66.974,0.0,0.0,-7.496,0.0,0.0,-59.058,0.0,0.0,-2.799,0.0,0.0,0.0,0.0,0.0,-2.3789999999999982,0.0,0.0
LYS  32,115.371,0.0,0.0,-9.389,0.0,0.0,-86.811,0.0,0.0,-18.624,0.0,0.0,0.0,0.0,0.0,0.5469999999999935,0.0,0.0
ASN  33,24.104,0.0,0.0,-8.327,0.0,0.0,-84.516,0.0,0.0,-4.847,0.0,0.0,0.0,0.0,0.0,-73.586,0.0,0.0
TRP  34,121.36,0.0,0.0,-11.443,0.0,0.0,-90.866,0.0,0.0,-4.327,0.0,0.0,0.0,0.0,0.0,14.724000000000002,0.0,0.0
MET  35,103.275,0.0,0.0,-10.815,0.0,0.0,-85.017,0.0,0.0,-0.725,0.0,0.0,0.0,0.0,0.0,6.718000000000012,0.0,0.0
THR  36,36.704,0.0,0.0,-1.934,0.0,0.0,-58.44,0.0,0.0,0.46,0.0,0.0,0.0,0.0,0.0,-23.209999999999994,0.0,0.0
GLU  37,100.968,0.0,0.0,-6.383,0.0,0.0,-51.849,0.0,0.0,-101.972,0.0,0.0,0.0,0.0,0.0,-59.23599999999998,0.0,0.0
THR  38,52.897,0.0,0.0,-5.961,0.0,0.0,-50.541,0.0,0.0,-0.304,0.0,0.0,0.0,0.0,0.0,-3.9089999999999967,0.0,0.0
LEU  39,65.467,0.0,0.0,-7.182,0.0,0.0,-69.176,0.0,0.0,1.086,0.0,0.0,0.0,0.0,0.0,-9.805000000000005,0.0,0.0
LEU  40,82.557,0.0,0.0,-11.39,0.0,0.0,-91.736,0.0,0.0,1.981,0.0,0.0,0.0,0.0,0.0,-18.588,0.0,0.0
VAL  41,55.456,0.0,0.0,-7.327,0.0,0.0,-61.498,0.0,0.0,1.654,0.0,0.0,0.0,0.0,0.0,-11.714999999999993,0.0,0.0
GLN  42,32.845,0.0,0.0,-6.023,0.0,0.0,-69.324,0.0,0.0,-7.072,0.0,0.0,0.0,0.0,0.0,-49.574,0.0,0.0
ASN  43,22.12,0.0,0.0,-9.443,0.0,0.0,-88.968,0.0,0.0,1.702,0.0,0.0,0.0,0.0,0.0,-74.589,0.0,0.0
ALA  44,92.142,0.0,0.0,-8.339,0.0,0.0,-83.212,0.0,0.0,2.415,0.0,0.0,0.0,0.0,0.0,3.005999999999994,0.0,0.0
ASN  45,41.322,0.0,0.0,-7.15,0.0,0.0,-93.586,0.0,0.0,-3.989,0.0,0.0,0.0,0.0,0.0,-63.40299999999999,0.0,0.0
PRO  46,72.166,0.0,0.0,-5.833,0.0,0.0,-59.478,0.0,0.0,-0.997,0.0,0.0,0.0,0.0,0.0,5.857999999999997,0.0,0.0
ASP  47,82.906,0.0,0.0,-5.785,0.0,0.0,-67.891,0.0,0.0,-71.613,0.0,0.0,0.0,0.0,0.0,-62.382999999999996,0.0,0.0
CYX  48,100.812,0.0,0.0,-7.051,0.0,0.0,-80.471,0.0,0.0,-2.699,0.0,0.0,0.0,0.0,0.0,10.590999999999992,0.0,0.0
LYS  49,142.03,0.0,0.0,-9.881,0.0,0.0,-128.466,0.0,0.0,-12.574,0.0,0.0,0.0,0.0,0.0,-8.891000000000007,0.0,0.0
THR  50,39.328,0.0,0.0,-5.684,0.0,0.0,-44.718,0.0,0.0,-7.933,0.0,0.0,0.0,0.0,0.0,-19.006999999999998,0.0,0.0
ILE  51,78.334,0.0,0.0,-5.761,0.0,0.0,-58.015,0.0,0.0,0.709,0.0,0.0,0.0,0.0,0.0,15.267000000000007,0.0,0.0
LEU  52,73.761,0.0,0.0,-11.276,0.0,0.0,-67.354,0.0,0.0,-2.358,0.0,0.0,0.0,0.0,0.0,-7.227,0.0,0.0
LYS  53,119.567,0.0,0.0,-4.814,0.0,0.0,-88.744,0.0,0.0,-29.153,0.0,0.0,0.0,0.0,0.0,-3.1440000000000126,0.0,0.0
ALA  54,86.6,0.0,0.0,-3.448,0.0,0.0,-73.501,0.0,0.0,-3.414,0.0,0.0,0.0,0.0,0.0,6.2369999999999965,0.0,0.0
LEU  55,71.788,0.0,0.0,-7.205,0.0,0.0,-70.294,0.0,0.0,-5.212,0.0,0.0,0.0,0.0,0.0,-10.922999999999998,0.0,0.0
GLY  56,88.009,0.0,0.0,-2.621,0.0,0.0,-72.276,0.0,0.0,-6.237,0.0,0.0,0.0,0.0,0.0,6.875000000000009,0.0,0.0
PRO  57,79.991,0.0,0.0,-2.079,0.0,0.0,-50.549,0.0,0.0,-10.656,0.0,0.0,0.0,0.0,0.0,16.707000000000008,0.0,0.0
GLY  58,66.631,0.0,0.0,-2.047,0.0,0.0,-59.489,0.0,0.0,-8.378,0.0,0.0,0.0,0.0,0.0,-3.282999999999994,0.0,0.0
ALA  59,97.902,0.0,0.0,-5.105,0.0,0.0,-83.328,0.0,0.0,-6.026,0.0,0.0,0.0,0.0,0.0,3.4429999999999943,0.0,0.0
THR  60,50.9,0.0,0.0,-5.228,0.0,0.0,-49.495,0.0,0.0,-8.362,0.0,0.0,0.0,0.0,0.0,-12.185,0.0,0.0
LEU  61,65.307,0.0,0.0,-6.793,0.0,0.0,-68.075,0.0,0.0,-2.014,0.0,0.0,0.0,0.0,0.0,-11.575,0.0,0.0
GLU  62,102.595,0.0,0.0,-6.388,0.0,0.0,-72.372,0.0,0.0,-88.427,0.0,0.0,0.0,0.0,0.0,-64.59200000000001,0.0,0.0
GLU  63,104.957,0.0,0.0,-7.246,0.0,0.0,-62.456,0.0,0.0,-94.428,0.0,0.0,0.0,0.0,0.0,-59.173,0.0,0.0
MET  64,93.034,0.0,0.0,-11.63,0.0,0.0,-78.05,0.0,0.0,-0.114,0.0,0.0,0.0,0.0,0.0,3.2400000000000135,0.0,0.0
MET  65,101.584,0.0,0.0,-11.508,0.0,0.0,-85.844,0.0,0.0,1.65,0.0,0.0,0.0,0.0,0.0,5.882000000000014,0.0,0.0
THR  66,37.771,0.0,0.0,-5.917,0.0,0.0,-51.055,0.0,0.0,-0.362,0.0,0.0,0.0,0.0,0.0,-19.563,0.0,0.0
ALA  67,78.86,0.0,0.0,-3.97,0.0,0.0,-66.086,0.0,0.0,-2.436,0.0,0.0,0.0,0.0,0.0,6.368000000000002,0.0,0.0
CYX  68,93.538,0.0,0.0,-7.233,0.0,0.0,-84.892,0.0,0.0,0.897,0.0,0.0,0.0,0.0,0.0,2.309999999999997,0.0,0.0
GLN  69,37.78,0.0,0.0,-3.964,0.0,0.0,-76.465,0.0,0.0,-13.035,0.0,0.0,0.0,0.0,0.0,-55.684,0.0,0.0
GLY  70,100.69,0.0,0.0,-3.381,0.0,0.0,-81.838,0.0,0.0,-9.554,0.0,0.0,0.0,0.0,0.0,5.917000000000003,0.0,0.0
VAL  71,33.746,0.0,0.0,-2.415,0.0,0.0,-25.92,0.0,0.0,-108.129,0.0,0.0,0.0,0.0,0.0,-102.718,0.0,0.0

DELTAS:
Total Energy Decomposition:
Residue,Location,Internal,,,van der Waals,,,Electrostatic,,,Polar Solvation,,,Non-Polar Solv.,,,TOTAL,,
,,Avg.,Std. Dev.,Std. Err. of Mean,Avg.,Std. Dev.,Std. Err. of Mean,Avg.,Std. Dev.,Std. Err. of Mean,Avg.,Std. Dev.,Std. Err. of Mean,Avg.,Std. Dev.,Std. Err. of Mean
PRO   1,R PRO   1,0.0,0.0,0.0,-0.001000000000000334,0.0,0.0,-5.227999999999994,0.0,0.0,5.101000000000001,0.0,0.0,0.0,0.0,0.0,-0.12799999999999834,0.0,0.0
ILE   2,R ILE   2,0.0,0.0,0.0,0.0,0.0,0.0,0.01300000000000523,0.0,0.0,-0.008000000000000007,0.0,0.0,0.0,0.0,0.0,0.005000000000006111,0.0,0.0
VAL   3,R VAL   3,0.0,0.0,0.0,0.0,0.0,0.0,-0.01899999999999835,0.0,0.0,0.018000000000000016,0.0,0.0,0.0,0.0,0.0,-0.0009999999999994458,0.0,0.0
GLN   4,R GLN   4,0.0,0.0,0.0,0.0,0.0,0.0,0.01899999999999835,0.0,0.0,-0.02400000000000091,0.0,0.0,0.0,0.0,0.0,-0.005000000000002558,0.0,0.0
ASN   5,R ASN   5,0.0,0.0,0.0,0.0,0.0,0.0,-0.055999999999997385,0.0,0.0,0.057000000000000384,0.0,0.0,0.0,0.0,0.0,0.0010000000000047748,0.0,0.0
LEU   6,R LEU   6,0.0,0.0,0.0,0.0,0.0,0.0,-0.030000000000001137,0.0,0.0,0.028999999999999915,0.0,0.0,0.0,0.0,0.0,-0.0010000000000012221,0.0,0.0
GLN   7,R GLN   7,0.0,0.0,0.0,0.0,0.0,0.0,0.007999999999995566,0.0,0.0,-0.007999999999999119,0.0,0.0,0.0,0.0,0.0,-7.105427357601002e-15,0.0,0.0
GLY   8,R GLY   8,0.0,0.0,0.0,0.0,0.0,0.0,0.017000000000010118,0.0,0.0,-0.016000000000000014,0.0,0.0,0.0,0.0,0.0,0.001000000000010104,0.0,0.0
GLN   9,R GLN   9,0.0,0.0,0.0,0.0,0.0,0.0,0.04700000000000415,0.0,0.0,-0.0470000000000006,0.0,0.0,0.0,0.0,0.0,7.105427357601002e-15,0.0,0.0
MET  10,R MET  10,0.0,0.0,0.0,0.0,0.0,0.0,-0.015999999999991132,0.0,0.0,0.01499999999999968,0.0,0.0,0.0,0.0,0.0,-0.000999999999990564,0.0,0.0
VAL  11,R VAL  11,0.0,0.0,0.0,0.0,0.0,0.0,0.012000000000000455,0.0,0.0,-0.010999999999999899,0.0,0.0,0.0,0.0,0.0,0.0010000000000012221,0.0,0.0
HID  12,R HID  12,0.0,0.0,0.0,0.0,0.0,0.0,-0.006999999999997897,0.0,0.0,0.006999999999999673,0.0,0.0,0.0,0.0,0.0,1.7763568394002505e-15,0.0,0.0
GLN  13,R GLN  13,0.0,0.0,0.0,-0.001000000000000334,0.0,0.0,0.015000000000000568,0.0,0.0,-0.013999999999999346,0.0,0.0,0.0,0.0,0.0,0.0,0.0,0.0
ALA  14,R ALA  14,0.0,0.0,0.0,-0.0009999999999998899,0.0,0.0,-0.01999999999999602,0.0,0.0,0.02200000000000024,0.0,0.0,0.0,0.0,0.0,0.0010000000000136566,0.0,0.0
ILE  15,R ILE  15,0.0,0.0,0.0,-0.001000000000000334,0.0,0.0,0.046999999999997044,0.0,0.0,-0.04899999999999993,0.0,0.0,0.0,0.0,0.0,-0.0030000000000089955,0.0,0.0
SER  16,R SER  16,0.0,0.0,0.0,-0.001000000000000334,0.0,0.0,-0.06899999999999551,0.0,0.0,0.06599999999999984,0.0,0.0,0.0,0.0,0.0,-0.004000000000000448,0.0,0.0
PRO  17,R PRO  17,0.0,0.0,0.0,-0.001000000000000334,0.0,0.0,-0.20600000000000307,0.0,0.0,0.20000000000000018,0.0,0.0,0.0,0.0,0.0,-0.006999999999990791,0.0,0.0
ARG  18,R ARG  18,0.0,0.0,0.0,-0.0030000000000001137,0.0,0.0,-5.634999999999991,0.0,0.0,5.537999999999997,0.0,0.0,0.0,0.0,0.0,-0.09999999999999432,0.0,0.0
THR  19,R THR  19,0.0,0.0,0.0,-0.0030000000000001137,0.0,0.0,-0.1810000000000045,0.0,0.0,0.18000000000000016,0.0,0.0,0.0,0.0,0.0,-0.0040000000000048885,0.0,0.0
LEU  20,R LEU  20,0.0,0.0,0.0,-0.0030000000000001137,0.0,0.0,-0.31799999999999784,0.0,0.0,0.31800000000000006,0.0,0.0,0.0,0.0,0.0,-0.0029999999999983373,0.0,0.0
ASN  21,R ASN  21,0.0,0.0,0.0,-0.009000000000000341,0.0,0.0,-1.1899999999999977,0.0,0.0,1.1669999999999998,0.0,0.0,0.0,0.0,0.0,-0.03200000000001069,0.0,0.0
ALA  22,R ALA  22,0.0,0.0,0.0,-0.006999999999999673,0.0,0.0,-0.519999999999996,0.0,0.0,0.5219999999999998,0.0,0.0,0.0,0.0,0.0,-0.00500000000000167,0.0,0.0
TRP  23,R TRP  23,0.0,0.0,0.0,-0.015000000000000568,0.0,0.0,-0.4040000000000106,0.0,0.0,0.42100000000000004,0.0,0.0,0.0,0.0,0.0,0.001999999999991786,0.0,0.0
VAL  24,R VAL  24,0.0,0.0,0.0,-0.02800000000000047,0.0,0.0,-0.8179999999999978,0.0,0.0,0.8440000000000003,0.0,0.0,0.0,0.0,0.0,-0.001999999999996227,0.0,0.0
LYS  25,R LYS  25,0.0,0.0,0.0,-0.08999999999999986,0.0,0.0,-1.5370000000000061,0.0,0.0,1.529,0.0,0.0,0.0,0.0,0.0,-0.09800000000000963,0.0,0.0
VAL  26,R VAL  26,0.0,0.0,0.0,-0.06099999999999994,0.0,0.0,-0.5349999999999966,0.0,0.0,0.6720000000000002,0.0,0.0,0.0,0.0,0.0,0.07600000000001117,0.0,0.0
VAL  27,R VAL  27,0.0,0.0,0.0,-0.0990000000000002,0.0,0.0,0.21600000000000108,0.0,0.0,-0.06699999999999973,0.0,0.0,0.0,0.0,0.0,0.04999999999999716,0.0,0.0
GLU  28,R GLU  28,0.0,0.0,0.0,-1.0229999999999997,0.0,0.0,-39.648,0.0,0.0,44.675999999999995,0.0,0.0,0.0,0.0,0.0,4.004999999999981,0.0,0.0
GLU  29,R GLU  29,0.0,0.0,0.0,-1.5509999999999993,0.0,0.0,-31.631,0.0,0.0,36.04900000000001,0.0,0.0,0.0,0.0,0.0,2.8670000000000044,0.0,0.0
LYS  30,R LYS  30,0.0,0.0,0.0,-1.0570000000000004,0.0,0.0,-6.201999999999998,0.0,0.0,5.2,0.0,0.0,0.0,0.0,0.0,-2.059000000000001,0.0,0.0
ALA  31,R ALA  31,0.0,0.0,0.0,-2.471,0.0,0.0,5.0719999999999885,0.0,0.0,-0.681,0.0,0.0,0.0,0.0,0.0,1.9199999999999848,0.0,0.0
PHE  32,R PHE  32,0.0,0.0,0.0,-1.3059999999999992,0.0,0.0,3.1119999999999948,0.0,0.0,-2.3649999999999993,0.0,0.0,0.0,0.0,0.0,-0.5590000000000028,0.0,0.0
SER  33,R SER  33,0.0,0.0,0.0,-0.4379999999999997,0.0,0.0,-1.314,0.0,0.0,1.4530000000000003,0.0,0.0,0.0,0.0,0.0,-0.29900000000000304,0.0,0.0
PRO  34,R PRO  34,0.0,0.0,0.0,-0.06099999999999994,0.0,0.0,-0.6570000000000036,0.0,0.0,0.634,0.0,0.0,0.0,0.0,0.0,-0.08400000000001029,0.0,0.0
GLU  35,R GLU  35,0.0,0.0,0.0,-0.15200000000000014,0.0,0.0,10.384,0.0,0.0,-10.25800000000001,0.0,0.0,0.0,0.0,0.0,-0.02600000000001046,0.0,0.0
VAL  36,R VAL  36,0.0,0.0,0.0,-0.05500000000000149,0.0,0.0,-0.33200000000000074,0.0,0.0,0.29600000000000004,0.0,0.0,0.0,0.0,0.0,-0.0909999999999993,0.0,0.0
ILE  37,R ILE  37,0.0,0.0,0.0,-0.0129999999999999,0.0,0.0,-0.3999999999999986,0.0,0.0,0.388,0.0,0.0,0.0,0.0,0.0,-0.025000000000005684,0.0,0.0
PRO  38,R PRO  38,0.0,0.0,0.0,-0.010000000000000675,0.0,0.0,-0.21800000000000352,0.0,0.0,0.21100000000000008,0.0,0.0,0.0,0.0,0.0,-0.01699999999999413,0.0,0.0
MET  39,R MET  39,0.0,0.0,0.0,-0.028999999999999915,0.0,0.0,-0.12899999999999068,0.0,0.0,0.13400000000000012,0.0,0.0,0.0,0.0,0.0,-0.02400000000000091,0.0,0.0
PHE  40,R PHE  40,0.0,0.0,0.0,-0.006000000000000227,0.0,0.0,-0.1280000000000001,0.0,0.0,0.119,0.0,0.0,0.0,0.0,0.0,-0.01499999999999968,0.0,0.0
SER  41,R SER  41,0.0,0.0,0.0,-0.0019999999999997797,0.0,0.0,-0.027000000000001023,0.0,0.0,0.020999999999999908,0.0,0.0,0.0,0.0,0.0,-0.007999999999996454,0.0,0.0
ALA  42,R ALA  42,0.0,0.0,0.0,-0.002000000000000668,0.0,0.0,0.0589999999999975,0.0,0.0,-0.057000000000000384,0.0,0.0,0.0,0.0,0.0,-1.2434497875801753e-14,0.0,0.0
LEU  43,R LEU  43,0.0,0.0,0.0,-0.0030000000000001137,0.0,0.0,0.04899999999999238,0.0,0.0,-0.049000000000000155,0.0,0.0,0.0,0.0,0.0,-0.0030000000000081073,0.0,0.0
SER  44,R SER  44,0.0,0.0,0.0,-0.0009999999999994458,0.0,0.0,0.03999999999999204,0.0,0.0,-0.040999999999999925,0.0,0.0,0.0,0.0,0.0,-0.0020000000000131024,0.0,0.0
GLU  45,R GLU  45,0.0,0.0,0.0,-0.001000000000000334,0.0,0.0,5.470000000000006,0.0,0.0,-5.378,0.0,0.0,0.0,0.0,0.0,0.09100000000000108,0.0,0.0
GLY  46,R GLY  46,0.0,0.0,0.0,0.0,0.0,0.0,-0.013999999999995794,0.0,0.0,0.013000000000000012,0.0,0.0,0.0,0.0,0.0,-0.000999999999995893,0.0,0.0
ALA  47,R ALA  47,0.0,0.0,0.0,0.0,0.0,0.0,0.025000000000005684,0.0,0.0,-0.023999999999999966,0.0,0.0,0.0,0.0,0.0,0.001000000000005663,0.0,0.0
THR  48,R THR  48,0.0,0.0,0.0,0.0,0.0,0.0,0.019000000000005457,0.0,0.0,-0.02200000000000002,0.0,0.0,0.0,0.0,0.0,-0.0029999999999947846,0.0,0.0
PRO  49,R PRO  49,0.0,0.0,0.0,0.0,0.0,0.0,0.01899999999999835,0.0,0.0,-0.02199999999999991,0.0,0.0,0.0,0.0,0.0,-0.00300000000000189,0.0,0.0
GLN  50,R GLN  50,0.0,0.0,0.0,-0.0009999999999994458,0.0,0.0,0.015999999999991132,0.0,0.0,-0.025000000000000355,0.0,0.0,0.0,0.0,0.0,-0.010000000000005116,0.0,0.0
ASP  51,R ASP  51,0.0,0.0,0.0,-0.0009999999999994458,0.0,0.0,5.2620000000000005,0.0,0.0,-5.147,0.0,0.0,0.0,0.0,0.0,0.11400000000000432,0.0,0.0
LEU  52,R LEU  52,0.0,0.0,0.0,-0.0009999999999994458,0.0,0.0,-0.023000000000010346,0.0,0.0,0.02200000000000002,0.0,0.0,0.0,0.0,0.0,-0.0020000000000077733,0.0,0.0
ASN  53,R ASN  53,0.0,0.0,0.0,-0.0009999999999994458,0.0,0.0,0.06300000000000239,0.0,0.0,-0.06999999999999984,0.0,0.0,0.0,0.0,0.0,-0.007999999999981355,0.0,0.0
THR  54,R THR  54,0.0,0.0,0.0,-0.0019999999999997797,0.0,0.0,0.006000000000000227,0.0,0.0,-0.009000000000000008,0.0,0.0,0.0,0.0,0.0,-0.0049999999999954525,0.0,0.0
MET  55,R MET  55,0.0,0.0,0.0,-0.0029999999999983373,0.0,0.0,-0.07099999999999795,0.0,0.0,0.069,0.0,0.0,0.0,0.0,0.0,-0.004999999999998117,0.0,0.0
LEU  56,R LEU  56,0.0,0.0,0.0,-0.0030000000000001137,0.0,0.0,-0.0870000000000033,0.0,0.0,0.08900000000000002,0.0,0.0,0.0,0.0,0.0,-0.0010000000000047748,0.0,0.0
ASN  57,R ASN  57,0.0,0.0,0.0,-0.0030000000000001137,0.0,0.0,0.09599999999998943,0.0,0.0,-0.09199999999999964,0.0,0.0,0.0,0.0,0.0,0.000999999999990564,0.0,0.0
THR  58,R THR  58,0.0,0.0,0.0,-0.004999999999999893,0.0,0.0,-0.17199999999999704,0.0,0.0,0.16800000000000004,0.0,0.0,0.0,0.0,0.0,-0.008999999999993236,0.0,0.0
VAL  59,R VAL  59,0.0,0.0,0.0,-0.010999999999999233,0.0,0.0,-0.003999999999997783,0.0,0.0,0.0010000000000000009,0.0,0.0,0.0,0.0,0.0,-0.013999999999993129,0.0,0.0
ALA  60,R ALA  60,0.0,0.0,0.0,-0.0039999999999995595,0.0,0.0,-0.0730000000000004,0.0,0.0,0.06599999999999984,0.0,0.0,0.0,0.0,0.0,-0.011000000000006338,0.0,0.0
PRO  61,R PRO  61,0.0,0.0,0.0,-0.01100000000000012,0.0,0.0,-0.26599999999999824,0.0,0.0,0.254,0.0,0.0,0.0,0.0,0.0,-0.02299999999999436,0.0,0.0
HID  62,R HID  62,0.0,0.0,0.0,-0.03000000000000025,0.0,0.0,1.4519999999999982,0.0,0.0,-1.4030000000000005,0.0,0.0,0.0,0.0,0.0,0.01899999999999835,0.0,0.0
GLN  63,R GLN  63,0.0,0.0,0.0,-0.15300000000000047,0.0,0.0,0.4540000000000006,0.0,0.0,-0.37400000000000055,0.0,0.0,0.0,0.0,0.0,-0.07299999999999329,0.0,0.0
ALA  64,R ALA  64,0.0,0.0,0.0,-0.019000000000000128,0.0,0.0,0.27599999999999625,0.0,0.0,-0.27500000000000036,0.0,0.0,0.0,0.0,0.0,-0.018000000000009564,0.0,0.0
ALA  65,R ALA  65,0.0,0.0,0.0,-0.01100000000000012,0.0,0.0,0.3259999999999934,0.0,0.0,-0.32499999999999996,0.0,0.0,0.0,0.0,0.0,-0.010000000000002451,0.0,0.0
ALA  66,R ALA  66,0.0,0.0,0.0,-0.004000000000000448,0.0,0.0,0.10500000000000398,0.0,0.0,-0.10499999999999998,0.0,0.0,0.0,0.0,0.0,-0.004000000000000892,0.0,0.0
GLN  67,R GLN  67,0.0,0.0,0.0,-0.0039999999999995595,0.0,0.0,-0.14100000000000534,0.0,0.0,0.14,0.0,0.0,0.0,0.0,0.0,-0.005000000000002558,0.0,0.0
MET  68,R MET  68,0.0,0.0,0.0,-0.008000000000000895,0.0,0.0,0.09600000000000364,0.0,0.0,-0.09200000000000008,0.0,0.0,0.0,0.0,0.0,-0.00399999999999201,0.0,0.0
LEU  69,R LEU  69,0.0,0.0,0.0,-0.005000000000000782,0.0,0.0,0.09800000000001319,0.0,0.0,-0.10000000000000009,0.0,0.0,0.0,0.0,0.0,-0.0069999999999961204,0.0,0.0
LYS  70,R LYS  70,0.0,0.0,0.0,-0.002000000000000668,0.0,0.0,-6.697000000000003,0.0,0.0,6.644,0.0,0.0,0.0,0.0,0.0,-0.05500000000001215,0.0,0.0
GLU  71,R GLU  71,0.0,0.0,0.0,-0.002000000000000668,0.0,0.0,7.825000000000003,0.0,0.0,-7.774000000000001,0.0,0.0,0.0,0.0,0.0,0.049000000000006594,0.0,0.0
THR  72,R THR  72,0.0,0.0,0.0,-0.002000000000000668,0.0,0.0,0.03200000000000358,0.0,0.0,-0.03300000000000036,0.0,0.0,0.0,0.0,0.0,-0.0030000000000001137,0.0,0.0
ILE  73,R ILE  73,0.0,0.0,0.0,-0.0019999999999988916,0.0,0.0,-0.015000000000000568,0.0,0.0,0.016000000000000014,0.0,0.0,0.0,0.0,0.0,-0.000999999999995893,0.0,0.0
ASN  74,R ASN  74,0.0,0.0,0.0,-0.001000000000000334,0.0,0.0,-0.17799999999999727,0.0,0.0,0.17300000000000004,0.0,0.0,0.0,0.0,0.0,-0.006000000000000227,0.0,0.0
GLU  75,R GLU  75,0.0,0.0,0.0,-0.0009999999999994458,0.0,0.0,7.3060000000000045,0.0,0.0,-7.274000000000001,0.0,0.0,0.0,0.0,0.0,0.030999999999998806,0.0,0.0
GLU  76,R GLU  76,0.0,0.0,0.0,-0.0009999999999994458,0.0,0.0,6.674999999999997,0.0,0.0,-6.655000000000001,0.0,0.0,0.0,0.0,0.0,0.019000000000005457,0.0,0.0
ALA  77,R ALA  77,0.0,0.0,0.0,-0.001000000000000334,0.0,0.0,-0.06499999999999773,0.0,0.0,0.06699999999999973,0.0,0.0,0.0,0.0,0.0,0.0010000000000114362,0.0,0.0
ALA  78,R ALA  78,0.0,0.0,0.0,0.0,0.0,0.0,-0.0799999999999983,0.0,0.0,0.08299999999999996,0.0,0.0,0.0,0.0,0.0,0.00300000000000189,0.0,0.0
GLU  79,R GLU  79,0.0,0.0,0.0,-0.0009999999999994458,0.0,0.0,6.382000000000005,0.0,0.0,-6.346000000000004,0.0,0.0,0.0,0.0,0.0,0.0350000000000108,0.0,0.0
TRP  80,R TRP  80,0.0,0.0,0.0,-0.0010000000000012221,0.0,0.0,-0.012000000000000455,0.0,0.0,0.014000000000000012,0.0,0.0,0.0,0.0,0.0,0.0009999999999950049,0.0,0.0
ASP  81,R ASP  81,0.0,0.0,0.0,0.0,0.0,0.0,5.507999999999996,0.0,0.0,-5.466999999999999,0.0,0.0,0.0,0.0,0.0,0.04099999999999682,0.0,0.0
ARG  82,R ARG  82,0.0,0.0,0.0,-0.0009999999999994458,0.0,0.0,-6.143000000000001,0.0,0.0,6.102,0.0,0.0,0.0,0.0,0.0,-0.04200000000000159,0.0,0.0
LEU  83,R LEU  83,0.0,0.0,0.0,-0.0009999999999994458,0.0,0.0,-0.06799999999999784,0.0,0.0,0.07000000000000028,0.0,0.0,0.0,0.0,0.0,0.0010000000000047748,0.0,0.0
HID  84,R HID  84,0.0,0.0,0.0,0.0,0.0,0.0,0.06799999999999784,0.0,0.0,-0.0680000000000005,0.0,0.0,0.0,0.0,0.0,-3.552713678800501e-15,0.0,0.0
PRO  85,R PRO  85,0.0,0.0,0.0,0.0,0.0,0.0,-0.024999999999991473,0.0,0.0,0.02800000000000047,0.0,0.0,0.0,0.0,0.0,0.003000000000010772,0.0,0.0
VAL  86,R VAL  86,0.0,0.0,0.0,0.0,0.0,0.0,-0.007000000000005002,0.0,0.0,0.004999999999999893,0.0,0.0,0.0,0.0,0.0,-0.002000000000005109,0.0,0.0
HID  87,R HID  87,0.0,0.0,0.0,0.0,0.0,0.0,0.045000000000001705,0.0,0.0,-0.04100000000000037,0.0,0.0,0.0,0.0,0.0,0.004000000000001336,0.0,0.0
ALA  88,R ALA  88,0.0,0.0,0.0,0.0,0.0,0.0,0.0049999999999954525,0.0,0.0,-0.004999999999999893,0.0,0.0,0.0,0.0,0.0,-5.329070518200751e-15,0.0,0.0
GLY  89,R GLY  89,0.0,0.0,0.0,0.0,0.0,0.0,0.04600000000000648,0.0,0.0,-0.04400000000000048,0.0,0.0,0.0,0.0,0.0,0.002000000000005997,0.0,0.0
PRO  90,R PRO  90,0.0,0.0,0.0,0.0,0.0,0.0,0.009000000000000341,0.0,0.0,-0.008000000000000007,0.0,0.0,0.0,0.0,0.0,0.0010000000000012221,0.0,0.0
ILE  91,R ILE  91,0.0,0.0,0.0,0.0,0.0,0.0,-0.04100000000000392,0.0,0.0,0.03600000000000003,0.0,0.0,0.0,0.0,0.0,-0.005000000000004334,0.0,0.0
ALA  92,R ALA  92,0.0,0.0,0.0,0.0,0.0,0.0,0.025000000000005684,0.0,0.0,-0.02300000000000013,0.0,0.0,0.0,0.0,0.0,0.002000000000005997,0.0,0.0
PRO  93,R PRO  93,0.0,0.0,0.0,0.0,0.0,0.0,-0.006000000000000227,0.0,0.0,0.004999999999999893,0.0,0.0,0.0,0.0,0.0,-0.0009999999999976694,0.0,0.0
GLY  94,R GLY  94,0.0,0.0,0.0,0.0,0.0,0.0,-0.009000000000000341,0.0,0.0,0.009000000000000341,0.0,0.0,0.0,0.0,0.0,0.0,0.0,0.0
GLN  95,R GLN  95,0.0,0.0,0.0,-0.0009999999999994458,0.0,0.0,0.049000000000006594,0.0,0.0,-0.04400000000000048,0.0,0.0,0.0,0.0,0.0,0.0040000000000048885,0.0,0.0
MET  96,R MET  96,0.0,0.0,0.0,0.0,0.0,0.0,-0.001999999999995339,0.0,0.0,0.0019999999999988916,0.0,0.0,0.0,0.0,0.0,3.552713678800501e-15,0.0,0.0
ARG  97,R ARG  97,0.0,0.0,0.0,0.0,0.0,0.0,-5.046000000000003,0.0,0.0,4.965000000000003,0.0,0.0,0.0,0.0,0.0,-0.08100000000001728,0.0,0.0
GLU  98,R GLU  98,0.0,0.0,0.0,0.0,0.0,0.0,4.865000000000002,0.0,0.0,-4.793999999999997,0.0,0.0,0.0,0.0,0.0,0.07100000000000506,0.0,0.0
PRO  99,R PRO  99,0.0,0.0,0.0,0.0,0.0,0.0,0.0009999999999976694,0.0,0.0,-0.0030000000000001137,0.0,0.0,0.0,0.0,0.0,-0.0020000000000024443,0.0,0.0
ARG 100,R ARG 100,0.0,0.0,0.0,0.0,0.0,0.0,-5.322,0.0,0.0,5.275999999999996,0.0,0.0,0.0,0.0,0.0,-0.04599999999999227,0.0,0.0
GLY 101,R GLY 101,0.0,0.0,0.0,0.0,0.0,0.0,-0.007000000000005002,0.0,0.0,0.01200000000000001,0.0,0.0,0.0,0.0,0.0,0.004999999999994564,0.0,0.0
SER 102,R SER 102,0.0,0.0,0.0,0.0,0.0,0.0,-0.001999999999995339,0.0,0.0,0.0030000000000001137,0.0,0.0,0.0,0.0,0.0,0.0010000000000047748,0.0,0.0
ASP 103,R ASP 103,0.0,0.0,0.0,0.0,0.0,0.0,5.305999999999997,0.0,0.0,-5.247,0.0,0.0,0.0,0.0,0.0,0.0589999999999975,0.0,0.0
ILE 104,R ILE 104,0.0,0.0,0.0,0.0,0.0,0.0,-0.029000000000003467,0.0,0.0,0.03200000000000003,0.0,0.0,0.0,0.0,0.0,0.002999999999996561,0.0,0.0
ALA 105,R ALA 105,0.0,0.0,0.0,0.0,0.0,0.0,0.005000000000009663,0.0,0.0,-0.008000000000000007,0.0,0.0,0.0,0.0,0.0,-0.0029999999999903437,0.0,0.0
GLY 106,R GLY 106,0.0,0.0,0.0,0.0,0.0,0.0,-0.0049999999999954525,0.0,0.0,0.0029999999999998916,0.0,0.0,0.0,0.0,0.0,-0.001999999999995561,0.0,0.0
THR 107,R THR 107,0.0,0.0,0.0,0.0,0.0,0.0,-0.009000000000000341,0.0,0.0,0.010999999999999233,0.0,0.0,0.0,0.0,0.0,0.0019999999999988916,0.0,0.0
THR 108,R THR 108,0.0,0.0,0.0,0.0,0.0,0.0,-0.009000000000000341,0.0,0.0,0.009999999999999787,0.0,0.0,0.0,0.0,0.0,0.0010000000000012221,0.0,0.0
SER 109,R SER 109,0.0,0.0,0.0,0.0,0.0,0.0,0.03700000000000614,0.0,0.0,-0.039999999999999925,0.0,0.0,0.0,0.0,0.0,-0.0029999999999938964,0.0,0.0
THR 110,R THR 110,0.0,0.0,0.0,0.0,0.0,0.0,-0.003999999999997783,0.0,0.0,0.006000000000000227,0.0,0.0,0.0,0.0,0.0,0.0020000000000024443,0.0,0.0
LEU 111,R LEU 111,0.0,0.0,0.0,0.0,0.0,0.0,-0.010000000000005116,0.0,0.0,0.008999999999999453,0.0,0.0,0.0,0.0,0.0,-0.0010000000000065512,0.0,0.0
GLN 112,R GLN 112,0.0,0.0,0.0,0.0,0.0,0.0,-0.03200000000001069,0.0,0.0,0.030000000000001137,0.0,0.0,0.0,0.0,0.0,-0.0020000000000095497,0.0,0.0
GLU 113,R GLU 113,0.0,0.0,0.0,0.0,0.0,0.0,5.001999999999995,0.0,0.0,-4.917000000000002,0.0,0.0,0.0,0.0,0.0,0.08499999999999375,0.0,0.0
GLN 114,R GLN 114,0.0,0.0,0.0,0.0,0.0,0.0,-0.014000000000010004,0.0,0.0,0.019000000000000017,0.0,0.0,0.0,0.0,0.0,0.0049999999999954525,0.0,0.0
ILE 115,R ILE 115,0.0,0.0,0.0,0.0,0.0,0.0,0.0020000000000095497,0.0,0.0,-0.0029999999999998916,0.0,0.0,0.0,0.0,0.0,-0.000999999999990564,0.0,0.0
GLY 116,R GLY 116,0.0,0.0,0.0,0.0,0.0,0.0,-0.007000000000005002,0.0,0.0,0.004999999999999893,0.0,0.0,0.0,0.0,0.0,-0.002000000000005109,0.0,0.0
TRP 117,R TRP 117,0.0,0.0,0.0,0.0,0.0,0.0,-0.0020000000000095497,0.0,0.0,0.001000000000000112,0.0,0.0,0.0,0.0,0.0,-0.0010000000000083276,0.0,0.0
MET 118,R MET 118,0.0,0.0,0.0,0.0,0.0,0.0,0.0049999999999954525,0.0,0.0,-0.006999999999999895,0.0,0.0,0.0,0.0,0.0,-0.0020000000000042206,0.0,0.0
THR 119,R THR 119,0.0,0.0,0.0,0.0,0.0,0.0,-0.036999999999999034,0.0,0.0,0.03299999999999992,0.0,0.0,0.0,0.0,0.0,-0.003999999999997783,0.0,0.0
HID 120,R HID 120,0.0,0.0,0.0,0.0,0.0,0.0,-0.006999999999997897,0.0,0.0,0.006000000000000227,0.0,0.0,0.0,0.0,0.0,-0.0009999999999976694,0.0,0.0
ASN 121,R ASN 121,0.0,0.0,0.0,0.0,0.0,0.0,0.0049999999999954525,0.0,0.0,-0.0039999999999995595,0.0,0.0,0.0,0.0,0.0,0.0009999999999976694,0.0,0.0
PRO 122,R PRO 122,0.0,0.0,0.0,0.0,0.0,0.0,-0.01999999999999602,0.0,0.0,0.018999999999999906,0.0,0.0,0.0,0.0,0.0,-0.0009999999999976694,0.0,0.0
PRO 123,R PRO 123,0.0,0.0,0.0,0.0,0.0,0.0,0.01099999999999568,0.0,0.0,-0.01200000000000001,0.0,0.0,0.0,0.0,0.0,-0.0010000000000029985,0.0,0.0
ILE 124,R ILE 124,0.0,0.0,0.0,0.0,0.0,0.0,0.01100000000000989,0.0,0.0,-0.007000000000000006,0.0,0.0,0.0,0.0,0.0,0.004000000000008441,0.0,0.0
PRO 125,R PRO 125,0.0,0.0,0.0,0.0,0.0,0.0,-0.026000000000003354,0.0,0.0,0.0259999999999998,0.0,0.0,0.0,0.0,0.0,0.0,0.0,0.0
VAL 126,R VAL 126,0.0,0.0,0.0,-0.0009999999999994458,0.0,0.0,0.04800000000000182,0.0,0.0,-0.053999999999999826,0.0,0.0,0.0,0.0,0.0,-0.006999999999994344,0.0,0.0
GLY 127,R GLY 127,0.0,0.0,0.0,0.0,0.0,0.0,0.06199999999999761,0.0,0.0,-0.06899999999999995,0.0,0.0,0.0,0.0,0.0,-0.007000000000002338,0.0,0.0
GLU 128,R GLU 128,0.0,0.0,0.0,-0.001000000000000334,0.0,0.0,5.777000000000001,0.0,0.0,-5.695,0.0,0.0,0.0,0.0,0.0,0.08100000000001017,0.0,0.0
ILE 129,R ILE 129,0.0,0.0,0.0,0.0,0.0,0.0,0.09399999999999409,0.0,0.0,-0.09599999999999986,0.0,0.0,0.0,0.0,0.0,-0.002000000000005997,0.0,0.0
TYR 130,R TYR 130,0.0,0.0,0.0,-0.002000000000000668,0.0,0.0,0.11400000000000432,0.0,0.0,-0.11700000000000005,0.0,0.0,0.0,0.0,0.0,-0.004999999999991012,0.0,0.0
LYS 131,R LYS 131,0.0,0.0,0.0,-0.0019999999999988916,0.0,0.0,-5.668000000000006,0.0,0.0,5.591999999999999,0.0,0.0,0.0,0.0,0.0,-0.07799999999998875,0.0,0.0
ARG 132,R ARG 132,0.0,0.0,0.0,-0.0010000000000012221,0.0,0.0,-6.686999999999998,0.0,0.0,6.616,0.0,0.0,0.0,0.0,0.0,-0.07200000000000273,0.0,0.0
TRP 133,R TRP 133,0.0,0.0,0.0,-0.0019999999999988916,0.0,0.0,0.11499999999999488,0.0,0.0,-0.10899999999999999,0.0,0.0,0.0,0.0,0.0,0.0039999999999995595,0.0,0.0
ILE 134,R ILE 134,0.0,0.0,0.0,-0.0030000000000001137,0.0,0.0,0.1770000000000067,0.0,0.0,-0.16999999999999998,0.0,0.0,0.0,0.0,0.0,0.004000000000006665,0.0,0.0
ILE 135,R ILE 135,0.0,0.0,0.0,-0.0039999999999995595,0.0,0.0,0.25799999999999557,0.0,0.0,-0.24399999999999988,0.0,0.0,0.0,0.0,0.0,0.009999999999990905,0.0,0.0
LEU 136,R LEU 136,0.0,0.0,0.0,-0.0030000000000001137,0.0,0.0,0.3230000000000075,0.0,0.0,-0.30500000000000016,0.0,0.0,0.0,0.0,0.0,0.015000000000007674,0.0,0.0
GLY 137,R GLY 137,0.0,0.0,0.0,-0.0030000000000001137,0.0,0.0,0.340999999999994,0.0,0.0,-0.32999999999999996,0.0,0.0,0.0,0.0,0.0,0.00799999999999379,0.0,0.0
LEU 138,R LEU 138,0.0,0.0,0.0,-0.017999999999998906,0.0,0.0,0.5450000000000017,0.0,0.0,-0.5180000000000002,0.0,0.0,0.0,0.0,0.0,0.009000000000000341,0.0,0.0
ASN 139,R ASN 139,0.0,0.0,0.0,-0.012000000000000455,0.0,0.0,0.9739999999999895,0.0,0.0,-0.9299999999999997,0.0,0.0,0.0,0.0,0.0,0.031999999999982265,0.0,0.0
LYS 140,R LYS 140,0.0,0.0,0.0,-0.009000000000000341,0.0,0.0,-7.856999999999999,0.0,0.0,7.802999999999997,0.0,0.0,0.0,0.0,0.0,-0.0630000000000166,0.0,0.0
ILE 141,R ILE 141,0.0,0.0,0.0,-0.03999999999999915,0.0,0.0,0.7869999999999919,0.0,0.0,-0.7730000000000001,0.0,0.0,0.0,0.0,0.0,-0.026000000000014012,0.0,0.0
VAL 142,R VAL 142,0.0,0.0,0.0,-0.0730000000000004,0.0,0.0,0.6539999999999964,0.0,0.0,-0.6529999999999996,0.0,0.0,0.0,0.0,0.0,-0.07200000000000362,0.0,0.0
ARG 143,R ARG 143,0.0,0.0,0.0,-0.01699999999999946,0.0,0.0,-9.788999999999994,0.0,0.0,9.634000000000002,0.0,0.0,0.0,0.0,0.0,-0.17199999999999704,0.0,0.0
MET 144,R MET 144,0.0,0.0,0.0,-0.020999999999999908,0.0,0.0,0.340999999999994,0.0,0.0,-0.35299999999999976,0.0,0.0,0.0,0.0,0.0,-0.03300000000000658,0.0,0.0
TYR 145,R TYR 145,0.0,0.0,0.0,-1.032,0.0,0.0,-8.831999999999994,0.0,0.0,6.059,0.0,0.0,0.0,0.0,0.0,-3.80499999999999,0.0,0.0
SER 146,R SER 146,0.0,0.0,0.0,-0.1200000000000001,0.0,0.0,0.8389999999999986,0.0,0.0,-0.8249999999999993,0.0,0.0,0.0,0.0,0.0,-0.10599999999999099,0.0,0.0
PRO 147,R PRO 147,0.0,0.0,0.0,-0.23399999999999999,0.0,0.0,-1.6189999999999998,0.0,0.0,1.6609999999999996,0.0,0.0,0.0,0.0,0.0,-0.19200000000001083,0.0,0.0
THR 148,R THR 148,0.0,0.0,0.0,-1.5139999999999998,0.0,0.0,0.08299999999999841,0.0,0.0,2.1780000000000004,0.0,0.0,0.0,0.0,0.0,0.7469999999999963,0.0,0.0
SER 149,R SER 149,0.0,0.0,0.0,-2.1599999999999997,0.0,0.0,-4.3189999999999955,0.0,0.0,5.079,0.0,0.0,0.0,0.0,0.0,-1.3999999999999924,0.0,0.0
ILE 150,R ILE 150,20.105999999999995,0.0,0.0,-8.311,0.0,0.0,-27.040000000000003,0.0,0.0,5.675000000000001,0.0,0.0,0.0,0.0,0.0,-9.570000000000011,0.0,0.0
LEU 151,L LEU   1,21.504999999999995,0.0,0.0,-2.0,0.0,0.0,-25.115999999999993,0.0,0.0,1.164,0.0,0.0,0.0,0.0,0.0,-4.446999999999997,0.0,0.0
ASP 152,L ASP   2,0.0,0.0,0.0,-1.806,0.0,0.0,12.150999999999996,0.0,0.0,-10.848000000000013,0.0,0.0,0.0,0.0,0.0,-0.5030000000000143,0.0,0.0
ILE 153,L ILE   3,0.0,0.0,0.0,-1.7319999999999993,0.0,0.0,-0.5510000000000019,0.0,0.0,0.6740000000000002,0.0,0.0,0.0,0.0,0.0,-1.6090000000000018,0.0,0.0
ARG 154,L ARG   4,0.0,0.0,0.0,-0.1869999999999994,0.0,0.0,-13.498999999999999,0.0,0.0,13.168,0.0,0.0,0.0,0.0,0.0,-0.5180000000000291,0.0,0.0
GLN 155,L GLN   5,0.0,0.0,0.0,-0.01699999999999946,0.0,0.0,-0.03900000000000148,0.0,0.0,0.03699999999999992,0.0,0.0,0.0,0.0,0.0,-0.018999999999991246,0.0,0.0
GLY 156,L GLY   6,0.0,0.0,0.0,-0.004999999999999893,0.0,0.0,-0.11199999999999477,0.0,0.0,0.121,0.0,0.0,0.0,0.0,0.0,0.0040000000000097735,0.0,0.0
PRO 157,L PRO   7,0.0,0.0,0.0,-0.0040000000000000036,0.0,0.0,-0.13599999999999568,0.0,0.0,0.133,0.0,0.0,0.0,0.0,0.0,-0.006999999999987239,0.0,0.0
LYS 158,L LYS   8,0.0,0.0,0.0,-0.0019999999999997797,0.0,0.0,-8.718000000000004,0.0,0.0,8.653,0.0,0.0,0.0,0.0,0.0,-0.0670000000000125,0.0,0.0
GLU 159,L GLU   9,0.0,0.0,0.0,-0.009999999999999787,0.0,0.0,13.5,0.0,0.0,-13.358,0.0,0.0,0.0,0.0,0.0,0.1320000000000121,0.0,0.0
PRO 160,L PRO  10,0.0,0.0,0.0,-0.004000000000000448,0.0,0.0,0.4140000000000015,0.0,0.0,-0.395,0.0,0.0,0.0,0.0,0.0,0.015000000000011227,0.0,0.0
PHE 161,L PHE  11,0.0,0.0,0.0,-0.009999999999999787,0.0,0.0,0.4140000000000015,0.0,0.0,-0.382,0.0,0.0,0.0,0.0,0.0,0.021999999999998465,0.0,0.0
ARG 162,L ARG  12,0.0,0.0,0.0,-0.009000000000000341,0.0,0.0,-9.754,0.0,0.0,9.722999999999999,0.0,0.0,0.0,0.0,0.0,-0.03999999999999204,0.0,0.0
ASP 163,L ASP  13,0.0,0.0,0.0,-0.013999999999999346,0.0,0.0,12.975999999999999,0.0,0.0,-12.933999999999997,0.0,0.0,0.0,0.0,0.0,0.028000000000005798,0.0,0.0
TYR 164,L TYR  14,0.0,0.0,0.0,-0.0779999999999994,0.0,0.0,0.8739999999999952,0.0,0.0,-0.7539999999999999,0.0,0.0,0.0,0.0,0.0,0.041999999999990933,0.0,0.0
VAL 165,L VAL  15,0.0,0.0,0.0,-0.032999999999999474,0.0,0.0,0.7510000000000048,0.0,0.0,-0.722,0.0,0.0,0.0,0.0,0.0,-0.003999999999996007,0.0,0.0
ASP 166,L ASP  16,0.0,0.0,0.0,-0.04100000000000037,0.0,0.0,17.019,0.0,0.0,-16.884,0.0,0.0,0.0,0.0,0.0,0.0940000000000012,0.0,0.0
ARG 167,L ARG  17,0.0,0.0,0.0,-0.15000000000000036,0.0,0.0,-15.483999999999998,0.0,0.0,15.218000000000002,0.0,0.0,0.0,0.0,0.0,-0.4159999999999968,0.0,0.0
PHE 168,L PHE  18,0.0,0.0,0.0,-1.3599999999999994,0.0,0.0,0.20399999999999352,0.0,0.0,-0.30599999999999994,0.0,0.0,0.0,0.0,0.0,-1.462000000000006,0.0,0.0
TYR 169,L TYR  19,0.0,0.0,0.0,-0.1659999999999986,0.0,0.0,1.25,0.0,0.0,-1.191,0.0,0.0,0.0,0.0,0.0,-0.10699999999999688,0.0,0.0
LYS 170,L LYS  20,0.0,0.0,0.0,-0.4399999999999995,0.0,0.0,-22.258999999999986,0.0,0.0,22.352,0.0,0.0,0.0,0.0,0.0,-0.3469999999999853,0.0,0.0
THR 171,L THR  21,0.0,0.0,0.0,-1.2910000000000004,0.0,0.0,1.0330000000000013,0.0,0.0,-0.14200000000000035,0.0,0.0,0.0,0.0,0.0,-0.3999999999999986,0.0,0.0
LEU 172,L LEU  22,0.0,0.0,0.0,-1.2029999999999994,0.0,0.0,0.42900000000000205,0.0,0.0,-0.20500000000000007,0.0,0.0,0.0,0.0,0.0,-0.9789999999999868,0.0,0.0
ARG 173,L ARG  23,0.0,0.0,0.0,-2.8259999999999996,0.0,0.0,-82.443,0.0,0.0,68.762,0.0,0.0,0.0,0.0,0.0,-16.506999999999977,0.0,0.0
ALA 174,L ALA  24,0.0,0.0,0.0,-2.405,0.0,0.0,2.5279999999999916,0.0,0.0,-0.6189999999999998,0.0,0.0,0.0,0.0,0.0,-0.4960000000000093,0.0,0.0
GLU 175,L GLU  25,0.0,0.0,0.0,-1.1099999999999994,0.0,0.0,12.61,0.0,0.0,-2.201999999999998,0.0,0.0,0.0,0.0,0.0,9.298000000000002,0.0,0.0
GLN 176,L GLN  26,0.0,0.0,0.0,-3.046,0.0,0.0,-6.793999999999997,0.0,0.0,6.9239999999999995,0.0,0.0,0.0,0.0,0.0,-2.916000000000011,0.0,0.0
ALA 177,L ALA  27,0.0,0.0,0.0,-0.1120000000000001,0.0,0.0,1.3840000000000003,0.0,0.0,-1.371,0.0,0.0,0.0,0.0,0.0,-0.09900000000000908,0.0,0.0
SER 178,L SER  28,0.0,0.0,0.0,-0.03400000000000025,0.0,0.0,-0.4519999999999982,0.0,0.0,0.4410000000000007,0.0,0.0,0.0,0.0,0.0,-0.044999999999996376,0.0,0.0
GLN 179,L GLN  29,0.0,0.0,0.0,-0.034000000000000696,0.0,0.0,1.4080000000000013,0.0,0.0,-1.3730000000000002,0.0,0.0,0.0,0.0,0.0,0.0009999999999976694,0.0,0.0
GLU 180,L GLU  30,0.0,0.0,0.0,-0.0129999999999999,0.0,0.0,12.373000000000005,0.0,0.0,-12.215999999999994,0.0,0.0,0.0,0.0,0.0,0.14400000000001967,0.0,0.0
VAL 181,L VAL  31,0.0,0.0,0.0,-0.09199999999999964,0.0,0.0,-0.4620000000000033,0.0,0.0,0.46199999999999974,0.0,0.0,0.0,0.0,0.0,-0.0920000000000023,0.0,0.0
LYS 182,L LYS  32,0.0,0.0,0.0,-0.10100000000000087,0.0,0.0,-27.799999999999997,0.0,0.0,27.249,0.0,0.0,0.0,0.0,0.0,-0.6519999999999975,0.0,0.0
ASN 183,L ASN  33,0.0,0.0,0.0,-0.013999999999999346,0.0,0.0,0.02600000000001046,0.0,0.0,-0.03699999999999992,0.0,0.0,0.0,0.0,0.0,-0.024999999999991473,0.0,0.0
TRP 184,L TRP  34,0.0,0.0,0.0,-0.038000000000000256,0.0,0.0,0.046999999999997044,0.0,0.0,-0.04800000000000004,0.0,0.0,0.0,0.0,0.0,-0.0389999999999997,0.0,0.0
MET 185,L MET  35,0.0,0.0,0.0,-0.7309999999999999,0.0,0.0,-0.0589999999999975,0.0,0.0,0.288,0.0,0.0,0.0,0.0,0.0,-0.5019999999999927,0.0,0.0
THR 186,L THR  36,0.0,0.0,0.0,-0.03100000000000014,0.0,0.0,0.08599999999999852,0.0,0.0,-0.09100000000000003,0.0,0.0,0.0,0.0,0.0,-0.03600000000000847,0.0,0.0
GLU 187,L GLU  37,0.0,0.0,0.0,-0.009000000000000341,0.0,0.0,9.833999999999996,0.0,0.0,-9.815000000000012,0.0,0.0,0.0,0.0,0.0,0.0099999999999838,0.0,0.0
THR 188,L THR  38,0.0,0.0,0.0,-0.01699999999999946,0.0,0.0,-0.0010000000000047748,0.0,0.0,0.0040000000000000036,0.0,0.0,0.0,0.0,0.0,-0.014000000000007784,0.0,0.0
LEU 189,L LEU  39,0.0,0.0,0.0,-0.7619999999999996,0.0,0.0,-0.09099999999999397,0.0,0.0,0.09199999999999986,0.0,0.0,0.0,0.0,0.0,-0.7609999999999939,0.0,0.0
LEU 190,L LEU  40,0.0,0.0,0.0,-0.07199999999999918,0.0,0.0,0.06400000000000716,0.0,0.0,0.0,0.0,0.0,0.0,0.0,0.0,-0.007999999999995566,0.0,0.0
VAL 191,L VAL  41,0.0,0.0,0.0,-0.009999999999999787,0.0,0.0,-0.035000000000003695,0.0,0.0,0.03300000000000014,0.0,0.0,0.0,0.0,0.0,-0.012000000000009337,0.0,0.0
GLN 192,L GLN  42,0.0,0.0,0.0,-0.03200000000000003,0.0,0.0,-0.7070000000000078,0.0,0.0,0.4930000000000003,0.0,0.0,0.0,0.0,0.0,-0.24600000000000932,0.0,0.0
ASN 193,L ASN  43,0.0,0.0,0.0,-0.28000000000000114,0.0,0.0,-1.972999999999999,0.0,0.0,0.7000000000000002,0.0,0.0,0.0,0.0,0.0,-1.5529999999999973,0.0,0.0
ALA 194,L ALA  44,0.0,0.0,0.0,-0.009000000000000341,0.0,0.0,0.1110000000000042,0.0,0.0,-0.11699999999999999,0.0,0.0,0.0,0.0,0.0,-0.014999999999996128,0.0,0.0
ASN 195,L ASN  45,0.0,0.0,0.0,-0.0039999999999995595,0.0,0.0,-0.23999999999999488,0.0,0.0,0.23999999999999977,0.0,0.0,0.0,0.0,0.0,-0.003999999999997783,0.0,0.0
PRO 196,L PRO  46,0.0,0.0,0.0,-0.0019999999999997797,0.0,0.0,-0.08800000000000097,0.0,0.0,0.08399999999999996,0.0,0.0,0.0,0.0,0.0,-0.005999999999996675,0.0,0.0
ASP 197,L ASP  47,0.0,0.0,0.0,-0.0009999999999994458,0.0,0.0,8.422000000000004,0.0,0.0,-8.408000000000001,0.0,0.0,0.0,0.0,0.0,0.012999999999998124,0.0,0.0
CYX 198,L CYX  48,0.0,0.0,0.0,-0.0009999999999994458,0.0,0.0,-0.20600000000000307,0.0,0.0,0.19899999999999984,0.0,0.0,0.0,0.0,0.0,-0.008000000000008,0.0,0.0
LYS 199,L LYS  49,0.0,0.0,0.0,-0.0030000000000001137,0.0,0.0,-10.191000000000003,0.0,0.0,10.165,0.0,0.0,0.0,0.0,0.0,-0.02899999999998748,0.0,0.0
THR 200,L THR  50,0.0,0.0,0.0,0.0,0.0,0.0,-0.17899999999999494,0.0,0.0,0.17799999999999994,0.0,0.0,0.0,0.0,0.0,-0.0009999999999941167,0.0,0.0
ILE 201,L ILE  51,0.0,0.0,0.0,-0.0009999999999994458,0.0,0.0,-0.17300000000000182,0.0,0.0,0.16900000000000004,0.0,0.0,0.0,0.0,0.0,-0.005000000000006111,0.0,0.0
LEU 202,L LEU  52,0.0,0.0,0.0,-0.002000000000000668,0.0,0.0,-0.18300000000000693,0.0,0.0,0.18199999999999994,0.0,0.0,0.0,0.0,0.0,-0.0030000000000089955,0.0,0.0
LYS 203,L LYS  53,0.0,0.0,0.0,0.0,0.0,0.0,-7.149000000000001,0.0,0.0,7.166,0.0,0.0,0.0,0.0,0.0,0.01699999999999946,0.0,0.0
ALA 204,L ALA  54,0.0,0.0,0.0,0.0,0.0,0.0,-0.11099999999999,0.0,0.0,0.1120000000000001,0.0,0.0,0.0,0.0,0.0,0.001000000000010104,0.0,0.0
LEU 205,L LEU  55,0.0,0.0,0.0,-0.001000000000000334,0.0,0.0,-0.12700000000000955,0.0,0.0,0.13099999999999934,0.0,0.0,0.0,0.0,0.0,0.002999999999985903,0.0,0.0
GLY 206,L GLY  56,0.0,0.0,0.0,-0.0009999999999998899,0.0,0.0,0.10099999999999909,0.0,0.0,-0.09999999999999964,0.0,0.0,0.0,0.0,0.0,-5.329070518200751e-15,0.0,0.0
PRO 207,L PRO  57,0.0,0.0,0.0,-0.0009999999999998899,0.0,0.0,-0.1039999999999992,0.0,0.0,0.11100000000000065,0.0,0.0,0.0,0.0,0.0,0.005999999999993122,0.0,0.0
GLY 208,L GLY  58,0.0,0.0,0.0,0.0,0.0,0.0,-0.14300000000000068,0.0,0.0,0.15399999999999991,0.0,0.0,0.0,0.0,0.0,0.010999999999999233,0.0,0.0
ALA 209,L ALA  59,0.0,0.0,0.0,-0.0009999999999994458,0.0,0.0,0.23499999999999943,0.0,0.0,-0.23599999999999977,0.0,0.0,0.0,0.0,0.0,-0.001999999999990898,0.0,0.0
THR 210,L THR  60,0.0,0.0,0.0,-0.002000000000000668,0.0,0.0,0.05299999999999727,0.0,0.0,-0.054999999999999716,0.0,0.0,0.0,0.0,0.0,-0.003999999999997783,0.0,0.0
LEU 211,L LEU  61,0.0,0.0,0.0,-0.006000000000000227,0.0,0.0,-0.0799999999999983,0.0,0.0,0.08499999999999974,0.0,0.0,0.0,0.0,0.0,-0.0009999999999994458,0.0,0.0
GLU 212,L GLU  62,0.0,0.0,0.0,-0.0030000000000001137,0.0,0.0,9.369,0.0,0.0,-9.320999999999998,0.0,0.0,0.0,0.0,0.0,0.045000000000001705,0.0,0.0
GLU 213,L GLU  63,0.0,0.0,0.0,-0.0019999999999997797,0.0,0.0,7.587000000000003,0.0,0.0,-7.564000000000007,0.0,0.0,0.0,0.0,0.0,0.020999999999986585,0.0,0.0
MET 214,L MET  64,0.0,0.0,0.0,-0.0039999999999995595,0.0,0.0,-0.23000000000000398,0.0,0.0,0.224,0.0,0.0,0.0,0.0,0.0,-0.010000000000009113,0.0,0.0
MET 215,L MET  65,0.0,0.0,0.0,-0.005000000000000782,0.0,0.0,0.19199999999999307,0.0,0.0,-0.19899999999999984,0.0,0.0,0.0,0.0,0.0,-0.012000000000016442,0.0,0.0
THR 216,L THR  66,0.0,0.0,0.0,-0.0019999999999997797,0.0,0.0,-0.10799999999999699,0.0,0.0,0.10699999999999998,0.0,0.0,0.0,0.0,0.0,-0.002999999999996561,0.0,0.0
ALA 217,L ALA  67,0.0,0.0,0.0,-0.0009999999999998899,0.0,0.0,-0.0870000000000033,0.0,0.0,0.08400000000000007,0.0,0.0,0.0,0.0,0.0,-0.004000000000008441,0.0,0.0
CYX 218,L CYX  68,0.0,0.0,0.0,-0.002000000000000668,0.0,0.0,0.10799999999998988,0.0,0.0,-0.10699999999999998,0.0,0.0,0.0,0.0,0.0,-0.001000000000005663,0.0,0.0
GLN 219,L GLN  69,0.0,0.0,0.0,-0.002000000000000224,0.0,0.0,0.03300000000000125,0.0,0.0,-0.028999999999999915,0.0,0.0,0.0,0.0,0.0,0.001999999999995339,0.0,0.0
GLY 220,L GLY  70,0.0,0.0,0.0,0.0,0.0,0.0,-0.20400000000000773,0.0,0.0,0.2029999999999994,0.0,0.0,0.0,0.0,0.0,-0.0010000000000083276,0.0,0.0
VAL 221,L VAL  71,0.0,0.0,0.0,-0.0019999999999997797,0.0,0.0,8.076,0.0,0.0,-8.039000000000001,0.0,0.0,0.0,0.0,0.0,0.03499999999999659,0.0,0.0

