| Run on Thu Jan 29 15:37:10 2026
| GB non-polar solvation energies calculated with gbsa=2
idecomp = 1: Per-residue decomp adding 1-4 interactions to Internal.
Energy Decomposition Analysis (All units kcal/mol): Generalized Born solvent
Complex:
Total Energy Decomposition:
Residue,Internal,,,van der Waals,,,Electrostatic,,,Polar Solvation,,,Non-Polar Solv.,,,TOTAL,,
,Avg.,Std. Dev.,Std. Err. of Mean,Avg.,Std. Dev.,Std. Err. of Mean,Avg.,Std. Dev.,Std. Err. of Mean,Avg.,Std. Dev.,Std. Err. of Mean,Avg.,Std. Dev.,Std. Err. of Mean,Avg.,Std. Dev.,Std. Err. of Mean
PRO   1,99.572,0.0,0.0,-6.709,0.0,0.0,-107.324,0.0,0.0,8.009,0.0,0.0,0.17886542,0.0,0.0,-6.273134579999998,0.0,0.0
ILE   2,90.691,0.0,0.0,-10.22,0.0,0.0,-66.022,0.0,0.0,-4.175,0.0,0.0,0.09515894,0.0,0.0,10.369158939999997,0.0,0.0
VAL   3,54.447,0.0,0.0,-5.639,0.0,0.0,-56.252,0.0,0.0,-0.862,0.0,0.0,0.31916212000000005,0.0,0.0,-7.986837880000003,8.429369702178807e-08,8.429369702178807e-08
GLN   4,20.927,0.0,0.0,-5.474,0.0,0.0,-59.401,0.0,0.0,-12.424,0.0,0.0,0.6226929600000001,0.0,0.0,-55.749307040000005,0.0,0.0
ASN   5,29.094,0.0,0.0,-7.964,8.429369702178807e-08,8.429369702178807e-08,-80.608,0.0,0.0,-11.643,0.0,0.0,0.30462026000000003,0.0,0.0,-70.81637974000002,0.0,0.0
LEU   6,78.502,0.0,0.0,-3.869,0.0,0.0,-72.076,0.0,0.0,-8.028,0.0,0.0,1.0022122,0.0,0.0,-4.4687877999999985,0.0,0.0
GLN   7,35.462,0.0,0.0,-5.446,0.0,0.0,-75.938,0.0,0.0,-12.705,0.0,0.0,0.75241524,0.0,0.0,-57.87458476,0.0,0.0
GLY   8,75.898,0.0,0.0,-3.428,0.0,0.0,-69.442,0.0,0.0,-5.15,0.0,0.0,0.30431674000000003,0.0,0.0,-1.8176832599999946,0.0,0.0
GLN   9,36.294,0.0,0.0,-5.589,0.0,0.0,-79.501,0.0,0.0,-10.006,0.0,0.0,0.69095786,0.0,0.0,-58.11104214000001,0.0,0.0
MET  10,104.928,0.0,0.0,-9.634,0.0,0.0,-82.768,0.0,0.0,-4.226,0.0,0.0,0.25592698,0.0,0.0,8.555926979999997,0.0,0.0
VAL  11,53.611,0.0,0.0,-5.606,0.0,0.0,-54.348,0.0,0.0,-3.151,0.0,0.0,0.38555170000000005,0.0,0.0,-9.108448300000003,0.0,0.0
HID  12,93.634,0.0,0.0,-9.034,0.0,0.0,-62.486,0.0,0.0,-9.576,0.0,0.0,0.37051662,0.0,0.0,12.908516619999997,0.0,0.0
GLN  13,31.631,0.0,0.0,-5.323,0.0,0.0,-73.829,0.0,0.0,-12.159,0.0,0.0,0.6183136,0.0,0.0,-59.06168639999999,0.0,0.0
ALA  14,92.419,0.0,0.0,-3.558,0.0,0.0,-78.862,0.0,0.0,-4.283,0.0,0.0,0.43790348,0.0,0.0,6.153903479999995,0.0,0.0
ILE  15,99.797,0.0,0.0,-6.333,0.0,0.0,-73.15,0.0,0.0,-4.751,0.0,0.0,0.19456716000000002,0.0,0.0,15.757567159999992,0.0,0.0
SER  16,69.421,0.0,0.0,-5.783,0.0,0.0,-49.094,0.0,0.0,-6.624,0.0,0.0,0.25443648,0.0,0.0,8.174436480000004,0.0,0.0
PRO  17,91.716,0.0,0.0,-4.653,0.0,0.0,-60.931,0.0,0.0,-3.934,0.0,0.0,0.5911323,0.0,0.0,22.78913229999999,0.0,0.0
ARG  18,-178.425,0.0,0.0,-5.369,0.0,0.0,72.724,0.0,0.0,-50.651,0.0,0.0,1.21282256,0.0,0.0,-160.50817744,0.0,0.0
THR  19,45.312,0.0,0.0,-8.245,0.0,0.0,-47.782,0.0,0.0,-8.845,0.0,0.0,0.19123928,0.0,0.0,-19.368760719999994,0.0,0.0
LEU  20,60.086,0.0,0.0,-10.159,0.0,0.0,-58.43,0.0,0.0,-3.56,0.0,0.0,0.14762996,0.0,0.0,-11.91537004,0.0,0.0
ASN  21,32.469,0.0,0.0,-5.959,0.0,0.0,-85.56,0.0,0.0,-13.265,0.0,0.0,0.5832516200000001,0.0,0.0,-71.73174838,0.0,0.0
ALA  22,95.085,0.0,0.0,-5.898,0.0,0.0,-83.647,0.0,0.0,-1.707,0.0,0.0,0.20678926,0.0,0.0,4.039789259999992,0.0,0.0
TRP  23,132.183,0.0,0.0,-17.382,0.0,0.0,-97.925,0.0,0.0,-4.764,0.0,0.0,0.027414360000000002,0.0,0.0,12.139414359999991,0.0,0.0
VAL  24,69.212,0.0,0.0,-7.164,0.0,0.0,-57.492,0.0,0.0,-4.966,0.0,0.0,0.33564976,0.0,0.0,-0.07435023999999568,0.0,0.0
LYS  25,136.849,0.0,0.0,-6.59,0.0,0.0,-103.31,0.0,0.0,-38.599,0.0,0.0,0.7951302600000001,0.0,0.0,-10.854869740000012,0.0,0.0
VAL  26,65.02,0.0,0.0,-9.109,0.0,0.0,-67.563,0.0,0.0,-2.248,0.0,0.0,0.019425280000000003,0.0,0.0,-13.88057472000001,0.0,0.0
VAL  27,42.706,0.0,0.0,-10.521,0.0,0.0,-43.512,0.0,0.0,-2.737,0.0,0.0,0.01786432,0.0,0.0,-14.046135679999999,0.0,0.0
GLU  28,95.375,0.0,0.0,-8.741,0.0,0.0,-79.204,0.0,0.0,-61.897,0.0,0.0,0.28330882,0.0,0.0,-54.18369117999999,0.0,0.0
GLU  29,113.922,0.0,0.0,-6.253,0.0,0.0,-113.12,0.0,0.0,-39.674,0.0,0.0,0.23411690000000002,0.0,0.0,-44.89088310000001,0.0,0.0
LYS  30,121.739,0.0,0.0,-10.299,0.0,0.0,-139.242,0.0,0.0,9.78,0.0,0.0,0.25033896000000005,0.0,0.0,-17.77166103999999,0.0,0.0
ALA  31,87.853,0.0,0.0,-5.652,0.0,0.0,-75.497,0.0,0.0,-5.062,0.0,0.0,0.10210738,0.0,0.0,1.7441073799999933,0.0,0.0
PHE  32,108.151,0.0,0.0,-10.373,0.0,0.0,-76.083,0.0,0.0,-6.292,0.0,0.0,0.34574722,0.0,0.0,15.748747219999993,0.0,0.0
SER  33,80.48,0.0,0.0,-6.035,0.0,0.0,-61.024,0.0,0.0,-1.421,0.0,0.0,0.10342444,0.0,0.0,12.103424440000007,0.0,0.0
PRO  34,78.339,0.0,0.0,-4.711,0.0,0.0,-57.811,0.0,0.0,-1.417,0.0,0.0,0.55384812,0.0,0.0,14.95384812,0.0,0.0
GLU  35,105.992,0.0,0.0,-6.856,0.0,0.0,-88.071,0.0,0.0,-63.014,0.0,0.0,0.50461826,0.0,0.0,-51.44438173999999,0.0,0.0
VAL  36,55.196,0.0,0.0,-10.315,0.0,0.0,-56.31,0.0,0.0,0.232,0.0,0.0,0.012948379999999999,0.0,0.0,-11.184051620000004,0.0,0.0
ILE  37,89.221,0.0,0.0,-10.388,0.0,0.0,-61.709,0.0,0.0,-1.33,0.0,0.0,0.11304494,0.0,0.0,15.907044939999995,0.0,0.0
PRO  38,80.986,0.0,0.0,-6.744,0.0,0.0,-59.837,0.0,0.0,-2.779,0.0,0.0,0.48822276000000003,0.0,0.0,12.11422276,0.0,0.0
MET  39,88.307,0.0,0.0,-9.01,0.0,0.0,-71.718,0.0,0.0,-2.68,0.0,0.0,0.40532386000000004,0.0,0.0,5.304323859999994,0.0,0.0
PHE  40,101.827,0.0,0.0,-14.243,0.0,0.0,-85.338,0.0,0.0,-1.248,0.0,0.0,0.020932040000000002,0.0,0.0,1.0189320400000093,0.0,0.0
SER  41,77.937,0.0,0.0,-5.91,0.0,0.0,-67.22,0.0,0.0,-6.884,0.0,0.0,0.21786774000000003,0.0,0.0,-1.8591322599999982,0.0,0.0
ALA  42,81.199,0.0,0.0,-4.11,0.0,0.0,-66.8,0.0,0.0,-5.32,0.0,0.0,0.501621,0.0,0.0,5.470621000000001,0.0,0.0
LEU  43,84.687,0.0,0.0,-10.884,0.0,0.0,-76.543,0.0,0.0,-3.828,0.0,0.0,0.13974386000000003,0.0,0.0,-6.428256140000008,0.0,0.0
SER  44,74.215,0.0,0.0,-7.056,0.0,0.0,-75.69,0.0,0.0,-0.86,0.0,0.0,0.0,0.0,0.0,-9.390999999999991,0.0,0.0
GLU  45,101.693,0.0,0.0,-4.434,0.0,0.0,-68.705,0.0,0.0,-76.955,0.0,0.0,0.70114204,0.0,0.0,-47.699857959999996,0.0,0.0
GLY  46,66.558,0.0,0.0,-3.754,0.0,0.0,-67.047,0.0,0.0,-0.581,0.0,0.0,0.24262088000000004,0.0,0.0,-4.581379119999987,0.0,0.0
ALA  47,96.295,0.0,0.0,-6.847,0.0,0.0,-86.074,0.0,0.0,-2.376,0.0,0.0,0.04039526,0.0,0.0,1.0383952600000095,0.0,0.0
THR  48,54.613,0.0,0.0,-8.23,0.0,0.0,-59.222,0.0,0.0,-0.931,0.0,0.0,0.03801046,0.0,0.0,-13.731989540000006,0.0,0.0
PRO  49,73.437,0.0,0.0,-12.124,0.0,0.0,-55.162,0.0,0.0,-0.024,0.0,0.0,0.0,0.0,0.0,6.126999999999996,0.0,0.0
GLN  50,28.657,0.0,0.0,-9.584,0.0,0.0,-76.899,0.0,0.0,-4.257,0.0,0.0,0.25778604,0.0,0.0,-61.82521396,0.0,0.0
ASP  51,94.659,0.0,0.0,-8.965,0.0,0.0,-121.413,0.0,0.0,-22.723,0.0,0.0,0.029051200000000003,0.0,0.0,-58.412948799999995,0.0,0.0
LEU  52,62.445,0.0,0.0,-10.69,0.0,0.0,-70.397,0.0,0.0,-0.527,0.0,0.0,0.00752838,0.0,0.0,-19.161471620000004,0.0,0.0
ASN  53,32.313,0.0,0.0,-5.822,0.0,0.0,-95.765,0.0,0.0,-5.851,0.0,0.0,0.21393282,0.0,0.0,-74.91106718,0.0,0.0
THR  54,47.997,0.0,0.0,-6.391,0.0,0.0,-61.342,0.0,0.0,-2.027,0.0,0.0,0.31559034,0.0,0.0,-21.447409659999998,0.0,0.0
MET  55,81.286,0.0,0.0,-12.287,0.0,0.0,-65.175,0.0,0.0,-2.325,0.0,0.0,0.01007036,0.0,0.0,1.509070359999998,0.0,0.0
LEU  56,76.291,0.0,0.0,-9.173,0.0,0.0,-72.762,0.0,0.0,-1.994,0.0,0.0,0.11679016,0.0,0.0,-7.521209840000005,0.0,0.0
ASN  57,34.536,0.0,0.0,-5.849,0.0,0.0,-87.927,0.0,0.0,-13.188,0.0,0.0,0.5955767000000001,0.0,0.0,-71.83242330000002,0.0,0.0
THR  58,55.734,0.0,0.0,-6.033,0.0,0.0,-62.983,0.0,0.0,-5.993,0.0,0.0,0.29674500000000004,0.0,0.0,-18.978254999999997,0.0,0.0
VAL  59,42.716,0.0,0.0,-9.295,0.0,0.0,-43.964,0.0,0.0,-1.886,0.0,0.0,0.0,0.0,0.0,-12.428999999999998,0.0,0.0
ALA  60,89.846,0.0,0.0,-3.868,0.0,0.0,-62.881,0.0,0.0,-6.017,0.0,0.0,0.40634282000000005,0.0,0.0,17.486342820000008,0.0,0.0
PRO  61,79.325,0.0,0.0,-4.704,0.0,0.0,-57.918,0.0,0.0,-4.918,0.0,0.0,0.66154352,0.0,0.0,12.446543520000011,0.0,0.0
HID  62,100.485,0.0,0.0,-10.411,0.0,0.0,-71.269,0.0,0.0,-6.775,0.0,0.0,0.23355864,0.0,0.0,12.263558639999992,0.0,0.0
GLN  63,29.838,0.0,0.0,-3.864,0.0,0.0,-62.238,0.0,0.0,-15.502,0.0,0.0,0.7825396,0.0,0.0,-50.9834604,0.0,0.0
ALA  64,84.91,0.0,0.0,-5.657,0.0,0.0,-71.971,0.0,0.0,-1.988,0.0,0.0,0.030476660000000003,0.0,0.0,5.324476659999997,0.0,0.0
ALA  65,89.938,0.0,0.0,-5.585,0.0,0.0,-75.829,0.0,0.0,-3.762,0.0,0.0,0.08424848000000001,0.0,0.0,4.846248480000015,0.0,0.0
ALA  66,96.091,0.0,0.0,-3.295,0.0,0.0,-80.321,0.0,0.0,-3.157,0.0,0.0,0.26365590000000005,0.0,0.0,9.581655899999994,0.0,0.0
GLN  67,37.835,0.0,0.0,-5.705,0.0,0.0,-75.908,0.0,0.0,-7.422,0.0,0.0,0.67045942,0.0,0.0,-50.529540579999995,0.0,0.0
MET  68,90.519,0.0,0.0,-8.863,0.0,0.0,-70.786,0.0,0.0,-3.61,0.0,0.0,0.37554096,0.0,0.0,7.6355409600000055,0.0,0.0
LEU  69,83.673,0.0,0.0,-11.866,0.0,0.0,-80.494,0.0,0.0,-1.948,0.0,0.0,0.007495860000000001,0.0,0.0,-10.627504139999997,0.0,0.0
LYS  70,136.419,0.0,0.0,-8.65,0.0,0.0,-123.897,0.0,0.0,-15.759,0.0,0.0,0.49275388000000003,0.0,0.0,-11.39424612,0.0,0.0
GLU  71,110.394,0.0,0.0,-7.497,0.0,0.0,-81.838,0.0,0.0,-80.641,0.0,0.0,0.5706067600000001,0.0,0.0,-59.01139324,0.0,0.0
THR  72,47.324,0.0,0.0,-9.74,0.0,0.0,-55.313,0.0,0.0,-4.254,0.0,0.0,0.013127240000000002,0.0,0.0,-21.969872760000005,0.0,0.0
ILE  73,76.207,0.0,0.0,-12.111,0.0,0.0,-50.392,0.0,0.0,-5.254,0.0,0.0,0.0057560400000000005,0.0,0.0,8.455756039999986,0.0,0.0
ASN  74,25.693,0.0,0.0,-6.532,0.0,0.0,-82.492,0.0,0.0,-9.515,0.0,0.0,0.4602935,0.0,0.0,-72.3857065,0.0,0.0
GLU  75,108.721,0.0,0.0,-6.867,0.0,0.0,-63.139,0.0,0.0,-94.461,0.0,0.0,0.47687328,0.0,0.0,-55.26912672,0.0,0.0
GLU  76,101.2,0.0,0.0,-7.495,0.0,0.0,-44.245,0.0,0.0,-98.574,0.0,0.0,0.30939528000000005,0.0,0.0,-48.80460472,0.0,0.0
ALA  77,83.674,0.0,0.0,-7.448,0.0,0.0,-70.157,0.0,0.0,-2.506,0.0,0.0,0.062059,0.0,0.0,3.625059000000003,0.0,0.0
ALA  78,97.193,0.0,0.0,-6.169,0.0,0.0,-85.459,0.0,0.0,-0.507,0.0,0.0,0.20614428,0.0,0.0,5.264144279999998,0.0,0.0
GLU  79,109.218,0.0,0.0,-8.775,0.0,0.0,-62.349,0.0,0.0,-91.398,0.0,0.0,0.4393343600000001,0.0,0.0,-52.86466564,0.0,0.0
TRP  80,117.733,0.0,0.0,-13.858,0.0,0.0,-89.323,0.0,0.0,-2.218,0.0,0.0,0.32210518000000005,0.0,0.0,12.656105180000006,0.0,0.0
ASP  81,101.419,0.0,0.0,-8.612,0.0,0.0,-94.346,0.0,0.0,-51.882,0.0,0.0,0.29821924,0.0,0.0,-53.12278076,0.0,0.0
ARG  82,-195.09,0.0,0.0,-8.546,0.0,0.0,6.445,0.0,0.0,21.924,0.0,0.0,0.9884345600000001,0.0,0.0,-174.27856544,0.0,0.0
LEU  83,75.416,0.0,0.0,-5.589,0.0,0.0,-76.473,0.0,0.0,-3.808,0.0,0.0,0.7239223,0.0,0.0,-9.7300777,0.0,0.0
HID  84,121.955,0.0,0.0,-8.152,0.0,0.0,-80.535,0.0,0.0,-8.341,0.0,0.0,0.37066838,0.0,0.0,25.29766838,0.0,0.0
PRO  85,94.634,0.0,0.0,-3.659,0.0,0.0,-68.155,0.0,0.0,-4.069,0.0,0.0,0.6605137200000001,0.0,0.0,19.411513719999995,0.0,0.0
VAL  86,51.518,0.0,0.0,-3.962,0.0,0.0,-51.136,0.0,0.0,-6.295,0.0,0.0,0.6994781000000001,0.0,0.0,-9.175521900000005,0.0,0.0
HID  87,88.54,0.0,0.0,-5.28,0.0,0.0,-51.723,0.0,0.0,-15.241,0.0,0.0,0.49085146,0.0,0.0,16.78685146000001,0.0,0.0
ALA  88,88.026,0.0,0.0,-1.641,0.0,0.0,-69.561,0.0,0.0,-7.679,0.0,0.0,0.66753804,0.0,0.0,9.812538039999984,0.0,0.0
GLY  89,96.554,0.0,0.0,-2.209,0.0,0.0,-80.208,0.0,0.0,-5.903,0.0,0.0,0.27152032,0.0,0.0,8.505520320000002,0.0,0.0
PRO  90,84.416,0.0,0.0,-3.007,0.0,0.0,-59.397,0.0,0.0,-6.232,0.0,0.0,0.79670206,0.0,0.0,16.576702059999995,0.0,0.0
ILE  91,77.278,0.0,0.0,-5.681,0.0,0.0,-58.45,0.0,0.0,-4.913,0.0,0.0,0.41100944,0.0,0.0,8.645009440000006,0.0,0.0
ALA  92,95.773,0.0,0.0,-2.724,0.0,0.0,-69.365,0.0,0.0,-6.001,0.0,0.0,0.32938966000000003,0.0,0.0,18.012389659999997,0.0,0.0
PRO  93,78.9,0.0,0.0,-2.645,0.0,0.0,-55.445,0.0,0.0,-8.256,0.0,0.0,0.84560672,0.0,0.0,13.399606720000008,0.0,0.0
GLY  94,74.199,0.0,0.0,-2.357,0.0,0.0,-67.448,0.0,0.0,-5.19,0.0,0.0,0.24888640000000004,0.0,0.0,-0.5471135999999949,0.0,0.0
GLN  95,34.403,0.0,0.0,-6.017,0.0,0.0,-69.882,0.0,0.0,-14.889,0.0,0.0,0.5196967,0.0,0.0,-55.86530330000001,0.0,0.0
MET  96,109.094,0.0,0.0,-9.497,0.0,0.0,-76.607,0.0,0.0,-7.266,0.0,0.0,0.26370468,0.0,0.0,15.987704679999995,0.0,0.0
ARG  97,-189.884,0.0,0.0,-5.019,0.0,0.0,-36.072,0.0,0.0,40.29,0.0,0.0,0.38040270000000004,0.0,0.0,-190.3045973,0.0,0.0
GLU  98,106.023,0.0,0.0,-6.125,0.0,0.0,-63.208,0.0,0.0,-87.158,0.0,0.0,0.5719563400000001,0.0,0.0,-49.896043660000004,0.0,0.0
PRO  99,94.444,0.0,0.0,-8.766,0.0,0.0,-60.3,0.0,0.0,-3.366,0.0,0.0,0.047755620000000006,0.0,0.0,22.05975562,0.0,0.0
ARG 100,-187.927,0.0,0.0,-10.173,0.0,0.0,-10.367,0.0,0.0,28.653,0.0,0.0,0.27347152,0.0,0.0,-179.54052848,0.0,0.0
GLY 101,76.561,0.0,0.0,-5.896,0.0,0.0,-84.782,0.0,0.0,0.516,0.0,0.0,0.01442804,0.0,0.0,-13.58657195999999,0.0,0.0
SER 102,71.008,0.0,0.0,-7.052,0.0,0.0,-61.403,0.0,0.0,-5.98,0.0,0.0,0.25277796,0.0,0.0,-3.174222040000003,0.0,0.0
ASP 103,95.436,0.0,0.0,-6.623,0.0,0.0,-88.9,0.0,0.0,-53.159,0.0,0.0,0.02275858,0.0,0.0,-53.22324142,0.0,0.0
ILE 104,74.648,0.0,0.0,-13.13,0.0,0.0,-61.021,0.0,0.0,-0.797,0.0,0.0,0.0,0.0,0.0,-0.30000000000000726,0.0,0.0
ALA 105,84.795,0.0,0.0,-5.968,0.0,0.0,-80.432,0.0,0.0,-0.002,0.0,0.0,0.05586936,0.0,0.0,-1.551130640000004,0.0,0.0
GLY 106,90.529,0.0,0.0,-3.906,0.0,0.0,-86.799,0.0,0.0,-2.007,0.0,0.0,0.05532194000000001,0.0,0.0,-2.1276780600000165,0.0,0.0
THR 107,48.892,0.0,0.0,-4.931,0.0,0.0,-54.617,0.0,0.0,-7.872,0.0,0.0,0.58312154,0.0,0.0,-17.94487845999999,0.0,0.0
THR 108,35.564,0.0,0.0,-5.09,0.0,0.0,-42.748,0.0,0.0,-5.865,0.0,0.0,0.56410276,0.0,0.0,-17.574897239999995,0.0,0.0
SER 109,63.867,0.0,0.0,-3.479,0.0,0.0,-60.213,0.0,0.0,-3.512,0.0,0.0,0.07756562,0.0,0.0,-3.2594343800000027,0.0,0.0
THR 110,44.776,0.0,0.0,-4.583,0.0,0.0,-41.798,0.0,0.0,-8.427,0.0,0.0,0.43818532000000004,0.0,0.0,-9.593814679999996,0.0,0.0
LEU 111,61.069,0.0,0.0,-7.834,0.0,0.0,-63.456,0.0,0.0,-3.982,0.0,0.0,0.2546858,0.0,0.0,-13.948314200000002,0.0,0.0
GLN 112,37.306,0.0,0.0,-6.18,0.0,0.0,-76.88,0.0,0.0,-13.369,0.0,0.0,0.79769392,0.0,0.0,-58.32530608,0.0,0.0
GLU 113,97.992,0.0,0.0,-6.399,0.0,0.0,-84.941,0.0,0.0,-63.078,0.0,0.0,0.26041474,0.0,0.0,-56.16558526,0.0,0.0
GLN 114,39.814,0.0,0.0,-11.857,0.0,0.0,-77.87,0.0,0.0,-6.988,0.0,0.0,0.008964680000000001,0.0,0.0,-56.892035320000005,0.0,0.0
ILE 115,89.301,0.0,0.0,-8.948,0.0,0.0,-68.408,0.0,0.0,-2.325,0.0,0.0,0.2525991,0.0,0.0,9.872599100000008,0.0,0.0
GLY 116,80.128,0.0,0.0,-4.502,0.0,0.0,-77.133,0.0,0.0,-1.483,0.0,0.0,0.0786442,0.0,0.0,-2.911355799999991,0.0,0.0
TRP 117,124.16,0.0,0.0,-16.912,0.0,0.0,-90.712,0.0,0.0,-3.631,0.0,0.0,0.0049213600000000005,0.0,0.0,12.909921359999988,0.0,0.0
MET 118,103.457,0.0,0.0,-11.214,0.0,0.0,-82.3,0.0,0.0,-4.398,0.0,0.0,0.20908734,0.0,0.0,5.754087339999998,0.0,0.0
THR 119,38.431,0.0,0.0,-4.668,0.0,0.0,-53.554,0.0,0.0,-4.804,0.0,0.0,0.48481358,0.0,0.0,-24.110186420000005,0.0,0.0
HID 120,94.33,0.0,0.0,-9.412,0.0,0.0,-58.014,0.0,0.0,-12.475,0.0,0.0,0.32460922000000003,0.0,0.0,14.753609219999989,0.0,0.0
ASN 121,43.271,0.0,0.0,-3.878,0.0,0.0,-83.136,0.0,0.0,-16.973,0.0,0.0,0.70387914,0.0,0.0,-60.012120859999996,0.0,0.0
PRO 122,93.083,0.0,0.0,-4.159,0.0,0.0,-55.996,0.0,0.0,-4.719,0.0,0.0,0.5156750600000001,0.0,0.0,28.72467505999999,0.0,0.0
PRO 123,83.624,0.0,0.0,-6.279,0.0,0.0,-60.367,0.0,0.0,-2.771,0.0,0.0,0.38079836,0.0,0.0,14.58779836,0.0,0.0
ILE 124,91.644,0.0,0.0,-4.592,0.0,0.0,-61.798,0.0,0.0,-1.196,0.0,0.0,0.28165572,0.0,0.0,24.339655720000003,0.0,0.0
PRO 125,93.14,0.0,0.0,-6.514,0.0,0.0,-66.543,0.0,0.0,-1.707,0.0,0.0,0.3490751,0.0,0.0,18.725075099999998,0.0,0.0
VAL 126,52.678,0.0,0.0,-7.565,0.0,0.0,-55.176,0.0,0.0,0.091,0.0,0.0,0.004314320000000001,0.0,0.0,-9.967685680000002,0.0,0.0
GLY 127,73.001,0.0,0.0,-4.951,0.0,0.0,-72.27,0.0,0.0,-1.077,0.0,0.0,0.0057560400000000005,0.0,0.0,-5.291243959999985,0.0,0.0
GLU 128,106.228,0.0,0.0,-5.899,0.0,0.0,-92.656,0.0,0.0,-56.348,0.0,0.0,0.36130262,0.0,0.0,-48.31369738000001,0.0,0.0
ILE 129,85.374,0.0,0.0,-9.368,0.0,0.0,-66.256,0.0,0.0,-0.439,0.0,0.0,0.09119692000000001,0.0,0.0,9.40219692,0.0,0.0
TYR 130,97.757,0.0,0.0,-13.089,0.0,0.0,-90.698,0.0,0.0,-1.271,0.0,0.0,0.00894842,0.0,0.0,-7.2920515799999865,0.0,0.0
LYS 131,141.434,0.0,0.0,-8.386,0.0,0.0,-180.406,0.0,0.0,34.796,0.0,0.0,0.06757656000000001,0.0,0.0,-12.494423440000006,0.0,0.0
ARG 132,-186.134,0.0,0.0,-8.96,0.0,0.0,26.686,0.0,0.0,-0.742,0.0,0.0,0.7376674200000001,0.0,0.0,-168.41233257999997,0.0,0.0
TRP 133,128.979,0.0,0.0,-18.911,0.0,0.0,-99.045,0.0,0.0,-3.826,0.0,0.0,0.0760155,0.0,0.0,7.273015500000009,0.0,0.0
ILE 134,91.938,0.0,0.0,-11.718,0.0,0.0,-71.601,0.0,0.0,-0.697,0.0,0.0,0.02022202,0.0,0.0,7.94222202,0.0,0.0
ILE 135,82.124,0.0,0.0,-6.75,0.0,0.0,-65.318,0.0,0.0,0.581,0.0,0.0,0.24260462000000002,0.0,0.0,10.879604619999997,0.0,0.0
LEU 136,73.209,0.0,0.0,-8.642,0.0,0.0,-80.97,0.0,0.0,1.267,0.0,0.0,0.38570346,0.0,0.0,-14.750296539999992,0.0,0.0
GLY 137,78.644,0.0,0.0,-6.007,0.0,0.0,-79.166,0.0,0.0,0.184,0.0,0.0,0.0,0.0,0.0,-6.344999999999996,0.0,0.0
LEU 138,64.191,0.0,0.0,-12.085,0.0,0.0,-65.055,0.0,0.0,-1.473,0.0,0.0,0.024839860000000002,0.0,0.0,-14.397160140000006,0.0,0.0
ASN 139,35.582,0.0,0.0,-8.399,0.0,0.0,-92.157,0.0,0.0,-6.487,0.0,0.0,0.20908192,0.0,0.0,-71.25191807999998,0.0,0.0
LYS 140,130.154,0.0,0.0,-11.062,0.0,0.0,-143.959,0.0,0.0,3.988,0.0,0.0,0.37920488,0.0,0.0,-20.499795120000005,0.0,0.0
ILE 141,92.187,0.0,0.0,-10.126,0.0,0.0,-75.086,0.0,0.0,-3.326,0.0,0.0,0.09367386000000001,0.0,0.0,3.7426738599999942,0.0,0.0
VAL 142,69.114,0.0,0.0,-9.507,0.0,0.0,-56.029,0.0,0.0,-6.481,0.0,0.0,0.10118598000000001,0.0,0.0,-2.801814019999997,0.0,0.0
ARG 143,-196.032,0.0,0.0,-7.057,0.0,0.0,51.056,0.0,0.0,-23.487,0.0,0.0,1.0613173,0.0,0.0,-174.4586827,0.0,0.0
MET 144,89.031,0.0,0.0,-5.44,0.0,0.0,-76.084,0.0,0.0,-6.361,0.0,0.0,0.8245283400000001,0.0,0.0,1.9705283400000053,0.0,0.0
TYR 145,93.924,0.0,0.0,-10.706,0.0,0.0,-81.302,0.0,0.0,-12.219,0.0,0.0,0.49513326,0.0,0.0,-9.807866740000003,0.0,0.0
SER 146,74.797,0.0,0.0,-2.51,0.0,0.0,-50.673,0.0,0.0,-9.951,0.0,0.0,0.5687531200000001,0.0,0.0,12.23175311999999,0.0,0.0
PRO 147,86.844,0.0,0.0,-3.713,0.0,0.0,-62.108,0.0,0.0,-6.484,0.0,0.0,0.54874248,0.0,0.0,15.087742480000003,0.0,0.0
THR 148,47.174,0.0,0.0,-4.911,0.0,0.0,-53.171,0.0,0.0,-8.213,0.0,0.0,0.29943874000000004,0.0,0.0,-18.821561260000003,0.0,0.0
SER 149,66.556,0.0,0.0,-4.706,0.0,0.0,-54.947,0.0,0.0,-6.486,0.0,0.0,0.30392650000000004,0.0,0.0,0.7209264999999918,0.0,0.0
ILE 150,83.496,0.0,0.0,-10.781,0.0,0.0,-55.579,0.0,0.0,-2.881,0.0,0.0,0.123576,0.0,0.0,14.378575999999988,0.0,0.0
LEU 151,57.037,0.0,0.0,-4.545,0.0,0.0,-63.954,0.0,0.0,-5.433,0.0,0.0,0.7752009200000001,0.0,0.0,-16.119799080000003,0.0,0.0
ASP 152,118.125,0.0,0.0,-6.975,0.0,0.0,-98.368,0.0,0.0,-69.982,0.0,0.0,0.35904248,0.0,0.0,-56.84095751999999,0.0,0.0
ILE 153,94.92,0.0,0.0,-8.777,0.0,0.0,-65.368,0.0,0.0,-5.934,0.0,0.0,0.02769078,0.0,0.0,14.868690780000005,0.0,0.0
ARG 154,-191.928,0.0,0.0,-8.221,0.0,0.0,8.13,0.0,0.0,14.211,0.0,0.0,0.8036179800000001,0.0,0.0,-177.00438201999998,0.0,0.0
GLN 155,37.548,0.0,0.0,-11.693,0.0,0.0,-82.726,0.0,0.0,-4.77,0.0,0.0,0.09759252,0.0,0.0,-61.54340747999999,0.0,0.0
GLY 156,89.063,0.0,0.0,-3.524,0.0,0.0,-72.422,0.0,0.0,-6.158,0.0,0.0,0.12625348,0.0,0.0,7.085253480000004,0.0,0.0
PRO 157,88.016,0.0,0.0,-3.165,0.0,0.0,-54.219,0.0,0.0,-9.422,0.0,0.0,0.79130916,0.0,0.0,22.001309159999998,2.384185791015625e-07,2.384185791015625e-07
LYS 158,121.365,0.0,0.0,-3.551,0.0,0.0,-93.762,0.0,0.0,-40.372,0.0,0.0,1.1808283000000002,0.0,0.0,-15.139171700000007,0.0,0.0
GLU 159,116.67,0.0,0.0,-6.541,0.0,0.0,-112.916,0.0,0.0,-40.462,0.0,0.0,0.2200249,0.0,0.0,-43.0289751,0.0,0.0
PRO 160,78.779,0.0,0.0,-6.945,0.0,0.0,-53.878,0.0,0.0,-3.676,0.0,0.0,0.34090716000000004,0.0,0.0,14.620907160000003,0.0,0.0
PHE 161,104.933,0.0,0.0,-14.009,0.0,0.0,-71.0,0.0,0.0,-4.799,0.0,0.0,0.0057560400000000005,0.0,0.0,15.130756040000007,0.0,0.0
ARG 162,-196.407,0.0,0.0,-5.83,0.0,0.0,20.416,0.0,0.0,6.945,0.0,0.0,0.9142076600000001,0.0,0.0,-173.96179234000004,0.0,0.0
ASP 163,86.653,0.0,0.0,-7.362,0.0,0.0,-95.666,0.0,0.0,-51.747,0.0,0.0,0.3023547,0.0,0.0,-67.81964529999999,0.0,0.0
TYR 164,96.568,0.0,0.0,-17.806,0.0,0.0,-94.367,0.0,0.0,-3.298,0.0,0.0,0.0,0.0,0.0,-18.903000000000006,0.0,0.0
VAL 165,51.136,0.0,0.0,-9.737,0.0,0.0,-56.529,0.0,0.0,0.237,0.0,0.0,0.049901940000000006,0.0,0.0,-14.843098060000003,0.0,0.0
ASP 166,113.753,0.0,0.0,-5.72,0.0,0.0,-103.686,0.0,0.0,-54.025,0.0,0.0,0.34024592000000003,0.0,0.0,-49.33775408,0.0,0.0
ARG 167,-190.146,0.0,0.0,-8.867,0.0,0.0,1.096,0.0,0.0,20.765,0.0,0.0,0.5194365400000001,0.0,0.0,-176.63256346,0.0,0.0
PHE 168,103.699,0.0,0.0,-15.662,0.0,0.0,-80.599,0.0,0.0,-0.374,0.0,0.0,0.0,0.0,0.0,7.0639999999999885,0.0,0.0
TYR 169,104.696,0.0,0.0,-12.356,0.0,0.0,-92.254,0.0,0.0,-1.673,0.0,0.0,0.29818672,0.0,0.0,-1.2888132800000016,0.0,0.0
LYS 170,139.022,0.0,0.0,-6.753,0.0,0.0,-157.641,0.0,0.0,10.273,0.0,0.0,0.57758772,0.0,0.0,-14.521412279999986,0.0,0.0
THR 171,45.988,0.0,0.0,-9.024,0.0,0.0,-57.291,0.0,0.0,-4.84,0.0,0.0,0.09185816000000001,0.0,0.0,-25.075141839999997,0.0,0.0
LEU 172,76.347,0.0,0.0,-12.433,0.0,0.0,-69.263,0.0,0.0,-3.27,0.0,0.0,0.0079132,0.0,0.0,-8.61108680000001,0.0,0.0
ARG 173,-196.816,0.0,0.0,-9.326,0.0,0.0,13.326,0.0,0.0,11.825,0.0,0.0,0.43158918000000007,0.0,0.0,-180.55941082,0.0,0.0
ALA 174,87.709,0.0,0.0,-5.521,0.0,0.0,-78.415,0.0,0.0,-5.373,0.0,0.0,0.22942318,0.0,0.0,-1.3705768200000041,0.0,0.0
GLU 175,110.76,0.0,0.0,-5.581,0.0,0.0,-51.496,0.0,0.0,-103.473,0.0,0.0,0.57711618,0.0,0.0,-49.21288382,0.0,0.0
GLN 176,26.189,0.0,0.0,-5.416,0.0,0.0,-71.654,0.0,0.0,-8.596,0.0,0.0,0.4383696,0.0,0.0,-59.0386304,0.0,0.0
ALA 177,95.118,0.0,0.0,-5.193,0.0,0.0,-83.938,0.0,0.0,-0.687,0.0,0.0,0.13469242,0.0,0.0,5.434692419999995,0.0,0.0
SER 178,77.349,0.0,0.0,-4.481,0.0,0.0,-66.965,0.0,0.0,-8.066,0.0,0.0,0.40160032000000007,0.0,0.0,-1.761399679999995,0.0,0.0
GLN 179,31.424,0.0,0.0,-5.556,0.0,0.0,-60.307,0.0,0.0,-19.865,0.0,0.0,0.82569906,0.0,0.0,-53.478300940000004,0.0,0.0
GLU 180,112.1,0.0,0.0,-5.57,0.0,0.0,-68.943,0.0,0.0,-89.831,0.0,0.0,0.8122899800000001,0.0,0.0,-51.43171002,0.0,0.0
VAL 181,60.277,0.0,0.0,-4.935,0.0,0.0,-58.043,0.0,0.0,-2.657,0.0,0.0,0.32826772000000004,0.0,0.0,-5.02973228,0.0,0.0
LYS 182,124.79,0.0,0.0,-10.106,0.0,0.0,-115.165,0.0,0.0,-8.711,0.0,0.0,0.24845822000000004,0.0,0.0,-8.943541779999995,0.0,0.0
ASN 183,41.974,0.0,0.0,-6.932,0.0,0.0,-93.831,0.0,0.0,-13.819,0.0,0.0,0.51610324,0.0,0.0,-72.09189676,0.0,0.0
TRP 184,120.835,0.0,0.0,-11.196,0.0,0.0,-94.166,0.0,0.0,-7.438,0.0,0.0,0.8340296,0.0,0.0,8.869029600000001,0.0,0.0
MET 185,107.108,0.0,0.0,-11.944,0.0,0.0,-88.019,0.0,0.0,-1.558,0.0,0.0,0.07344642000000001,0.0,0.0,5.660446419999996,0.0,0.0
THR 186,46.801,0.0,0.0,-7.478,0.0,0.0,-59.056,0.0,0.0,-0.954,0.0,0.0,0.11507744,0.0,0.0,-20.571922559999997,0.0,0.0
GLU 187,100.042,0.0,0.0,-5.958,0.0,0.0,-53.825,0.0,0.0,-94.143,0.0,0.0,0.69750522,0.0,0.0,-53.186494780000004,0.0,0.0
THR 188,44.741,0.0,0.0,-5.869,0.0,0.0,-47.189,0.0,0.0,-2.198,0.0,0.0,0.30315686000000003,0.0,0.0,-10.211843140000001,0.0,0.0
LEU 189,71.097,0.0,0.0,-8.355,0.0,0.0,-67.401,0.0,0.0,-0.793,0.0,0.0,0.1228443,0.0,0.0,-5.3291557000000065,0.0,0.0
LEU 190,88.422,0.0,0.0,-12.43,0.0,0.0,-89.009,0.0,0.0,-0.27,0.0,0.0,0.00072086,0.0,0.0,-13.28627914000001,0.0,0.0
VAL 191,53.34,0.0,0.0,-8.384,0.0,0.0,-56.053,0.0,0.0,-0.438,0.0,0.0,0.08214010000000001,0.0,0.0,-11.452859899999995,0.0,0.0
GLN 192,24.7,0.0,0.0,-7.44,0.0,0.0,-70.229,0.0,0.0,-4.499,0.0,0.0,0.47620120000000005,0.0,0.0,-56.991798800000005,0.0,0.0
ASN 193,19.349,0.0,0.0,-6.577,0.0,0.0,-78.37,0.0,0.0,-9.972,0.0,0.0,0.34325402000000005,0.0,0.0,-75.22674597999999,0.0,0.0
ALA 194,97.629,0.0,0.0,-7.421,0.0,0.0,-84.281,0.0,0.0,-1.317,0.0,0.0,0.034758460000000005,0.0,0.0,4.644758459999992,0.0,0.0
ASN 195,33.709,0.0,0.0,-7.34,0.0,0.0,-83.902,0.0,0.0,-7.94,0.0,0.0,0.22743404000000003,0.0,0.0,-65.24556596,0.0,0.0
PRO 196,80.322,0.0,0.0,-4.729,0.0,0.0,-60.855,0.0,0.0,-2.635,0.0,0.0,0.53310578,0.0,0.0,12.636105780000007,0.0,0.0
ASP 197,80.71,0.0,0.0,-5.464,0.0,0.0,-58.681,0.0,0.0,-77.544,0.0,0.0,0.6200751,0.0,0.0,-60.3589249,0.0,0.0
CYX 198,101.835,0.0,0.0,-8.564,0.0,0.0,-76.924,0.0,0.0,-4.048,0.0,0.0,0.0344983,0.0,0.0,12.33349829999998,0.0,0.0
LYS 199,140.415,0.0,0.0,-10.776,0.0,0.0,-125.378,0.0,0.0,-22.414,0.0,0.0,0.4620766800000001,0.0,0.0,-17.69092332000002,0.0,0.0
THR 200,54.602,0.0,0.0,-5.826,0.0,0.0,-69.14,0.0,0.0,-2.539,0.0,0.0,0.5259351200000001,0.0,0.0,-22.377064880000006,0.0,0.0
ILE 201,70.933,0.0,0.0,-9.04,0.0,0.0,-52.661,0.0,0.0,-1.761,0.0,0.0,0.41039156000000004,0.0,0.0,7.881391560000006,0.0,0.0
LEU 202,82.341,0.0,0.0,-11.537,0.0,0.0,-69.812,0.0,0.0,-6.025,0.0,0.0,0.049945300000000005,0.0,0.0,-4.98305470000001,0.0,0.0
LYS 203,122.267,0.0,0.0,-7.609,0.0,0.0,-106.008,0.0,0.0,-23.141,0.0,0.0,0.7054943,0.0,0.0,-13.785505699999993,0.0,0.0
ALA 204,83.844,0.0,0.0,-3.796,0.0,0.0,-73.945,0.0,0.0,-5.142,0.0,0.0,0.50751254,0.0,0.0,1.468512539999994,0.0,0.0
LEU 205,77.686,0.0,0.0,-5.681,0.0,0.0,-78.011,0.0,0.0,-5.062,0.0,0.0,0.35341110000000003,0.0,0.0,-10.714588899999987,0.0,0.0
GLY 206,91.102,0.0,0.0,-2.784,0.0,0.0,-73.231,0.0,0.0,-9.051,0.0,0.0,0.19927714000000002,0.0,0.0,6.2352771400000035,0.0,0.0
PRO 207,82.566,0.0,0.0,-2.604,0.0,0.0,-50.949,0.0,0.0,-10.193,0.0,0.0,0.8070705200000001,0.0,0.0,19.627070520000007,0.0,0.0
GLY 208,68.247,0.0,0.0,-1.816,0.0,0.0,-60.007,0.0,0.0,-7.549,0.0,0.0,0.47926892000000004,0.0,0.0,-0.6457310800000009,0.0,0.0
ALA 209,102.127,0.0,0.0,-4.351,0.0,0.0,-88.914,0.0,0.0,-1.943,0.0,0.0,0.15877348000000002,0.0,0.0,7.077773479999995,0.0,0.0
THR 210,44.322,0.0,0.0,-3.376,0.0,0.0,-60.253,0.0,0.0,-1.954,0.0,0.0,0.38034850000000003,0.0,0.0,-20.880651499999995,0.0,0.0
LEU 211,57.212,0.0,0.0,-6.861,0.0,0.0,-64.289,0.0,0.0,-1.289,0.0,0.0,0.32981242,0.0,0.0,-14.897187579999995,0.0,0.0
GLU 212,107.503,0.0,0.0,-6.079,0.0,0.0,-59.396,0.0,0.0,-93.072,0.0,0.0,0.63841638,0.0,0.0,-50.405583619999994,0.0,0.0
GLU 213,101.619,0.0,0.0,-4.948,0.0,0.0,-56.236,0.0,0.0,-93.346,0.0,0.0,0.5250028800000001,0.0,0.0,-52.385997120000006,0.0,0.0
MET 214,93.597,0.0,0.0,-10.825,0.0,0.0,-74.84,0.0,0.0,-3.882,0.0,0.0,0.12241070000000001,0.0,0.0,4.172410699999988,0.0,0.0
MET 215,104.616,0.0,0.0,-8.302,0.0,0.0,-91.956,0.0,0.0,0.993,0.0,0.0,0.22941234,0.0,0.0,5.58041233999999,0.0,0.0
THR 216,42.776,0.0,0.0,-5.228,0.0,0.0,-49.568,0.0,0.0,-4.103,0.0,0.0,0.52049344,0.0,0.0,-15.602506559999998,0.0,0.0
ALA 217,81.94,0.0,0.0,-4.699,0.0,0.0,-63.049,0.0,0.0,-6.154,0.0,0.0,0.20475676,0.0,0.0,8.24275676,0.0,0.0
CYX 218,93.384,0.0,0.0,-6.639,0.0,0.0,-79.998,0.0,0.0,-2.972,0.0,0.0,0.15308248000000002,0.0,0.0,3.92808248,0.0,0.0
GLN 219,43.78,0.0,0.0,-5.832,0.0,0.0,-74.557,0.0,0.0,-18.303,0.0,0.0,0.52719256,0.0,0.0,-54.38480744,0.0,0.0
GLY 220,98.158,0.0,0.0,-1.388,0.0,0.0,-78.164,0.0,0.0,-10.696,0.0,0.0,0.47245598,0.0,0.0,8.382455979999994,0.0,0.0
VAL 221,35.701,0.0,0.0,-1.575,0.0,0.0,-4.269,0.0,0.0,-115.252,0.0,0.0,1.2721336200000002,0.0,0.0,-84.12286637999999,0.0,0.0

Receptor:
Total Energy Decomposition:
Residue,Internal,,,van der Waals,,,Electrostatic,,,Polar Solvation,,,Non-Polar Solv.,,,TOTAL,,
,Avg.,Std. Dev.,Std. Err. of Mean,Avg.,Std. Dev.,Std. Err. of Mean,Avg.,Std. Dev.,Std. Err. of Mean,Avg.,Std. Dev.,Std. Err. of Mean,Avg.,Std. Dev.,Std. Err. of Mean,Avg.,Std. Dev.,Std. Err. of Mean
PRO   1,99.572,0.0,0.0,-6.709,0.0,0.0,-102.821,0.0,0.0,3.501,0.0,0.0,0.17886542,0.0,0.0,-6.278134579999999,0.0,0.0
ILE   2,90.691,0.0,0.0,-10.22,0.0,0.0,-66.037,0.0,0.0,-4.161,0.0,0.0,0.09515894,0.0,0.0,10.368158939999997,0.0,0.0
VAL   3,54.447,0.0,0.0,-5.639,0.0,0.0,-56.218,0.0,0.0,-0.896,0.0,0.0,0.31916212000000005,0.0,0.0,-7.986837880000005,0.0,0.0
GLN   4,20.927,0.0,0.0,-5.474,0.0,0.0,-59.402,0.0,0.0,-12.422,0.0,0.0,0.6226929600000001,0.0,0.0,-55.74830703999999,0.0,0.0
ASN   5,29.094,0.0,0.0,-7.964,8.429369702178807e-08,8.429369702178807e-08,-80.613,0.0,0.0,-11.638,0.0,0.0,0.30462026000000003,0.0,0.0,-70.81637974,0.0,0.0
LEU   6,78.502,0.0,0.0,-3.869,0.0,0.0,-72.065,0.0,0.0,-8.039,0.0,0.0,1.0022122,0.0,0.0,-4.468787800000002,0.0,0.0
GLN   7,35.462,0.0,0.0,-5.446,0.0,0.0,-75.942,0.0,0.0,-12.701,0.0,0.0,0.75241524,0.0,0.0,-57.87458475999999,0.0,0.0
GLY   8,75.898,0.0,0.0,-3.428,0.0,0.0,-69.426,0.0,0.0,-5.167,0.0,0.0,0.30431674000000003,0.0,0.0,-1.818683260000003,0.0,0.0
GLN   9,36.294,0.0,0.0,-5.589,0.0,0.0,-79.56,0.0,0.0,-9.947,0.0,0.0,0.69095786,0.0,0.0,-58.11104214000001,0.0,0.0
MET  10,104.928,0.0,0.0,-9.634,0.0,0.0,-82.752,0.0,0.0,-4.243,0.0,0.0,0.25592698,0.0,0.0,8.554926980000001,0.0,0.0
VAL  11,53.611,0.0,0.0,-5.606,0.0,0.0,-54.36,0.0,0.0,-3.14,0.0,0.0,0.38555170000000005,0.0,0.0,-9.109448300000004,0.0,0.0
HID  12,93.634,0.0,0.0,-9.034,0.0,0.0,-62.513,0.0,0.0,-9.549,0.0,0.0,0.37051662,0.0,0.0,12.908516619999997,0.0,0.0
GLN  13,31.631,0.0,0.0,-5.323,0.0,0.0,-73.811,0.0,0.0,-12.176,0.0,0.0,0.6183136,0.0,0.0,-59.06068640000001,0.0,0.0
ALA  14,92.419,0.0,0.0,-3.558,0.0,0.0,-78.892,0.0,0.0,-4.254,0.0,0.0,0.43790348,0.0,0.0,6.152903479999995,0.0,0.0
ILE  15,99.797,0.0,0.0,-6.332,0.0,0.0,-73.201,0.0,0.0,-4.7,0.0,0.0,0.19456716000000002,0.0,0.0,15.75856716000001,0.0,0.0
SER  16,69.421,0.0,0.0,-5.782,0.0,0.0,-48.923,0.0,0.0,-6.794,0.0,0.0,0.25443648,0.0,0.0,8.176436480000008,0.0,0.0
PRO  17,91.716,0.0,0.0,-4.651,0.0,0.0,-60.696,0.0,0.0,-4.169,0.0,0.0,0.5911323,0.0,0.0,22.7911323,0.0,0.0
ARG  18,-178.425,0.0,0.0,-5.365,0.0,0.0,78.215,0.0,0.0,-56.159,0.0,0.0,1.21282256,0.0,0.0,-160.52117744,0.0,0.0
THR  19,45.312,0.0,0.0,-8.242,0.0,0.0,-47.583,0.0,0.0,-9.052,0.0,0.0,0.19123928,0.0,0.0,-19.373760720000003,0.0,0.0
LEU  20,60.086,0.0,0.0,-10.154,0.0,0.0,-58.032,0.0,0.0,-3.953,0.0,0.0,0.14762996,0.0,0.0,-11.905370039999994,0.0,0.0
ASN  21,32.469,0.0,0.0,-5.948,0.0,0.0,-84.47,0.0,0.0,-14.403,0.0,0.0,0.5832516200000001,0.0,0.0,-71.76874838,0.0,0.0
ALA  22,95.085,0.0,0.0,-5.886,0.0,0.0,-83.038,0.0,0.0,-2.326,0.0,0.0,0.20678926,0.0,0.0,4.041789260000002,0.0,0.0
TRP  23,132.183,0.0,0.0,-17.357,0.0,0.0,-97.191,0.0,0.0,-5.496,0.0,0.0,0.027414360000000002,0.0,0.0,12.16641435999999,0.0,0.0
VAL  24,69.212,0.0,0.0,-7.109,0.0,0.0,-56.307,0.0,0.0,-6.255,0.0,0.0,0.33564976,0.0,0.0,-0.1233502400000005,0.0,0.0
LYS  25,136.849,0.0,0.0,-6.346,0.0,0.0,-104.342,0.0,0.0,-37.888,0.0,0.0,0.8065231,0.0,0.0,-10.920476900000011,0.0,0.0
VAL  26,65.02,0.0,0.0,-8.999,0.0,0.0,-66.832,0.0,0.0,-2.968,0.0,0.0,0.019425280000000003,0.0,0.0,-13.75957472,0.0,0.0
VAL  27,42.706,0.0,0.0,-10.424,0.0,0.0,-43.602,0.0,0.0,-2.768,0.0,0.0,0.01786432,0.0,0.0,-14.070135679999995,0.0,0.0
GLU  28,95.375,0.0,0.0,-7.157,0.0,0.0,-66.762,0.0,0.0,-76.335,0.0,0.0,0.5360271600000001,0.0,0.0,-54.34297283999999,0.0,0.0
GLU  29,113.922,0.0,0.0,-5.683,0.0,0.0,-74.296,0.0,0.0,-77.645,0.0,0.0,0.6779607,0.0,0.0,-43.0240393,0.0,0.0
LYS  30,121.739,0.0,0.0,-9.208,0.0,0.0,-131.295,0.0,0.0,0.853,0.0,0.0,0.3710261,0.0,0.0,-17.53997389999998,0.0,0.0
ALA  31,87.853,0.0,0.0,-5.259,0.0,0.0,-77.616,0.0,0.0,-3.319,0.0,0.0,0.18080036,0.0,0.0,1.8398003599999946,0.0,0.0
PHE  32,108.151,0.0,0.0,-10.137,0.0,0.0,-77.066,0.0,0.0,-5.548,0.0,0.0,0.34574722,0.0,0.0,15.745747219999993,0.0,0.0
SER  33,80.48,0.0,0.0,-5.862,0.0,0.0,-59.172,0.0,0.0,-3.478,0.0,0.0,0.14862724000000002,0.0,0.0,12.116627240000012,0.0,0.0
PRO  34,78.339,0.0,0.0,-4.664,0.0,0.0,-56.829,0.0,0.0,-2.401,0.0,0.0,0.55384812,0.0,0.0,14.998848119999996,0.0,0.0
GLU  35,105.992,0.0,0.0,-6.627,0.0,0.0,-104.969,0.0,0.0,-47.098,0.0,0.0,0.51342034,0.0,0.0,-52.18857965999998,0.0,0.0
VAL  36,55.196,0.0,0.0,-10.276,0.0,0.0,-56.069,0.0,0.0,-0.032,0.0,0.0,0.012948379999999999,0.0,0.0,-11.168051620000002,0.0,0.0
ILE  37,89.221,0.0,0.0,-10.377,0.0,0.0,-61.313,0.0,0.0,-1.725,0.0,0.0,0.11304494,0.0,0.0,15.919044940000006,0.0,0.0
PRO  38,80.986,0.0,0.0,-6.734,0.0,0.0,-59.45,0.0,0.0,-3.171,0.0,0.0,0.48822276000000003,0.0,0.0,12.119222760000007,0.0,0.0
MET  39,88.307,0.0,0.0,-8.957,0.0,0.0,-71.696,0.0,0.0,-2.703,0.0,0.0,0.40532386000000004,0.0,0.0,5.356323859999997,0.0,0.0
PHE  40,101.827,0.0,0.0,-14.235,0.0,0.0,-85.252,0.0,0.0,-1.337,0.0,0.0,0.020932040000000002,0.0,0.0,1.0239320400000034,0.0,0.0
SER  41,77.937,0.0,0.0,-5.907,0.0,0.0,-67.053,0.0,0.0,-7.064,0.0,0.0,0.21786774000000003,0.0,0.0,-1.8691322599999962,0.0,0.0
ALA  42,81.199,0.0,0.0,-4.108,0.0,0.0,-66.782,0.0,0.0,-5.345,0.0,0.0,0.501621,0.0,0.0,5.465620999999998,0.0,0.0
LEU  43,84.687,0.0,0.0,-10.878,0.0,0.0,-76.629,0.0,0.0,-3.749,0.0,0.0,0.13974386000000003,0.0,0.0,-6.429256140000008,0.0,0.0
SER  44,74.215,0.0,0.0,-7.055,0.0,0.0,-75.737,0.0,0.0,-0.818,0.0,0.0,0.0,0.0,0.0,-9.394999999999998,0.0,0.0
GLU  45,101.693,0.0,0.0,-4.432,0.0,0.0,-73.981,0.0,0.0,-71.679,0.0,0.0,0.70114204,0.0,0.0,-47.69785796,0.0,0.0
GLY  46,66.558,0.0,0.0,-3.753,0.0,0.0,-67.016,0.0,0.0,-0.613,0.0,0.0,0.24262088000000004,0.0,0.0,-4.581379119999998,0.0,0.0
ALA  47,96.295,0.0,0.0,-6.847,0.0,0.0,-86.1,0.0,0.0,-2.351,0.0,0.0,0.04039526,0.0,0.0,1.0373952600000131,0.0,0.0
THR  48,54.613,0.0,0.0,-8.229,0.0,0.0,-59.189,0.0,0.0,-0.963,0.0,0.0,0.03801046,0.0,0.0,-13.729989539999998,0.0,0.0
PRO  49,73.437,0.0,0.0,-12.124,0.0,0.0,-55.133,0.0,0.0,-0.051,0.0,0.0,0.0,0.0,0.0,6.1289999999999925,0.0,0.0
GLN  50,28.657,0.0,0.0,-9.584,0.0,0.0,-76.887,0.0,0.0,-4.269,0.0,0.0,0.25778604,0.0,0.0,-61.82521396,0.0,0.0
ASP  51,94.659,0.0,0.0,-8.964,0.0,0.0,-125.657,0.0,0.0,-18.473,0.0,0.0,0.029051200000000003,0.0,0.0,-58.40594879999999,0.0,0.0
LEU  52,62.445,0.0,0.0,-10.689,0.0,0.0,-70.299,0.0,0.0,-0.624,0.0,0.0,0.00752838,0.0,0.0,-19.159471620000005,0.0,0.0
ASN  53,32.313,0.0,0.0,-5.821,0.0,0.0,-95.664,0.0,0.0,-5.95,0.0,0.0,0.21393282,0.0,0.0,-74.90806718,0.0,0.0
THR  54,47.997,0.0,0.0,-6.39,0.0,0.0,-61.265,0.0,0.0,-2.104,0.0,0.0,0.31559034,0.0,0.0,-21.44640966,0.0,0.0
MET  55,81.286,0.0,0.0,-12.284,0.0,0.0,-65.006,0.0,0.0,-2.497,0.0,0.0,0.01007036,0.0,0.0,1.5090703599999953,0.0,0.0
LEU  56,76.291,0.0,0.0,-9.17,0.0,0.0,-72.533,0.0,0.0,-2.224,0.0,0.0,0.11679016,0.0,0.0,-7.5192098400000065,0.0,0.0
ASN  57,34.536,0.0,0.0,-5.847,0.0,0.0,-87.759,0.0,0.0,-13.362,0.0,0.0,0.5955767000000001,0.0,0.0,-71.8364233,0.0,0.0
THR  58,55.734,0.0,0.0,-6.029,0.0,0.0,-62.915,0.0,0.0,-6.08,0.0,0.0,0.29674500000000004,0.0,0.0,-18.993254999999998,0.0,0.0
VAL  59,42.716,0.0,0.0,-9.284,0.0,0.0,-43.766,0.0,0.0,-2.094,0.0,0.0,0.0,0.0,0.0,-12.427999999999995,0.0,0.0
ALA  60,89.846,0.0,0.0,-3.864,0.0,0.0,-62.761,0.0,0.0,-6.154,0.0,0.0,0.40634282000000005,0.0,0.0,17.473342819999996,0.0,0.0
PRO  61,79.325,0.0,0.0,-4.691,0.0,0.0,-57.665,0.0,0.0,-5.205,0.0,0.0,0.66154352,0.0,0.0,12.425543520000002,0.0,0.0
HID  62,100.485,0.0,0.0,-10.361,0.0,0.0,-73.145,0.0,0.0,-5.083,0.0,0.0,0.23355864,0.0,0.0,12.129558639999999,0.0,0.0
GLN  63,29.838,0.0,0.0,-3.697,0.0,0.0,-63.683,0.0,0.0,-14.662,0.0,0.0,0.8594277200000001,0.0,0.0,-51.34457228,0.0,0.0
ALA  64,84.91,0.0,0.0,-5.625,0.0,0.0,-72.556,0.0,0.0,-1.445,0.0,0.0,0.030476660000000003,0.0,0.0,5.314476659999999,0.0,0.0
ALA  65,89.938,0.0,0.0,-5.576,0.0,0.0,-76.02,0.0,0.0,-3.59,0.0,0.0,0.08424848000000001,0.0,0.0,4.836248480000013,0.0,0.0
ALA  66,96.091,0.0,0.0,-3.288,0.0,0.0,-80.456,0.0,0.0,-3.038,0.0,0.0,0.26365590000000005,0.0,0.0,9.572655899999994,0.0,0.0
GLN  67,37.835,0.0,0.0,-5.701,0.0,0.0,-75.868,0.0,0.0,-7.469,0.0,0.0,0.67045942,0.0,0.0,-50.532540579999996,0.0,0.0
MET  68,90.519,0.0,0.0,-8.859,0.0,0.0,-70.908,0.0,0.0,-3.496,0.0,0.0,0.37554096,0.0,0.0,7.6315409600000095,0.0,0.0
LEU  69,83.673,0.0,0.0,-11.861,0.0,0.0,-80.664,0.0,0.0,-1.781,0.0,0.0,0.007495860000000001,0.0,0.0,-10.625504140000004,0.0,0.0
LYS  70,136.419,0.0,0.0,-8.648,0.0,0.0,-120.252,0.0,0.0,-19.415,0.0,0.0,0.49275388000000003,0.0,0.0,-11.403246119999979,0.0,0.0
GLU  71,110.394,0.0,0.0,-7.495,0.0,0.0,-85.869,0.0,0.0,-76.606,0.0,0.0,0.5706067600000001,0.0,0.0,-59.00539324,0.0,0.0
THR  72,47.324,0.0,0.0,-9.739,0.0,0.0,-55.394,0.0,0.0,-4.176,0.0,0.0,0.013127240000000002,0.0,0.0,-21.971872760000007,0.0,0.0
ILE  73,76.207,0.0,0.0,-12.11,0.0,0.0,-50.448,0.0,0.0,-5.199,0.0,0.0,0.0057560400000000005,0.0,0.0,8.455756039999994,0.0,0.0
ASN  74,25.693,0.0,0.0,-6.531,0.0,0.0,-82.502,0.0,0.0,-9.505,0.0,0.0,0.4602935,0.0,0.0,-72.38470649999998,0.0,0.0
GLU  75,108.721,0.0,0.0,-6.867,0.0,0.0,-67.763,0.0,0.0,-89.836,0.0,0.0,0.47687328,0.0,0.0,-55.268126720000005,0.0,0.0
GLU  76,101.2,0.0,0.0,-7.495,0.0,0.0,-49.075,0.0,0.0,-93.743,0.0,0.0,0.30939528000000005,0.0,0.0,-48.80360472,0.0,0.0
ALA  77,83.674,0.0,0.0,-7.448,0.0,0.0,-70.156,0.0,0.0,-2.508,0.0,0.0,0.062059,0.0,0.0,3.6240589999999933,0.0,0.0
ALA  78,97.193,0.0,0.0,-6.169,0.0,0.0,-85.445,0.0,0.0,-0.521,0.0,0.0,0.20614428,0.0,0.0,5.264144280000008,0.0,0.0
GLU  79,109.218,0.0,0.0,-8.775,0.0,0.0,-66.722,0.0,0.0,-87.025,0.0,0.0,0.4393343600000001,0.0,0.0,-52.864665640000005,0.0,0.0
TRP  80,117.733,0.0,0.0,-13.858,0.0,0.0,-89.335,0.0,0.0,-2.206,0.0,0.0,0.32210518000000005,0.0,0.0,12.656105180000006,0.0,0.0
ASP  81,101.419,0.0,0.0,-8.612,0.0,0.0,-98.429,0.0,0.0,-47.798,0.0,0.0,0.29821924,0.0,0.0,-53.12178076,0.0,0.0
ARG  82,-195.09,0.0,0.0,-8.546,0.0,0.0,10.604,0.0,0.0,17.764,0.0,0.0,0.9884345600000001,0.0,0.0,-174.27956543999997,0.0,0.0
LEU  83,75.416,0.0,0.0,-5.589,0.0,0.0,-76.44,0.0,0.0,-3.841,0.0,0.0,0.7239223,0.0,0.0,-9.7300777,0.0,0.0
HID  84,121.955,0.0,0.0,-8.152,0.0,0.0,-80.548,0.0,0.0,-8.328,0.0,0.0,0.37066838,0.0,0.0,25.297668379999998,0.0,0.0
PRO  85,94.634,0.0,0.0,-3.659,0.0,0.0,-68.185,0.0,0.0,-4.038,0.0,0.0,0.6605137200000001,0.0,0.0,19.412513719999993,0.0,0.0
VAL  86,51.518,0.0,0.0,-3.962,0.0,0.0,-51.147,0.0,0.0,-6.284,0.0,0.0,0.6994781000000001,0.0,0.0,-9.1755219,0.0,0.0
HID  87,88.54,0.0,0.0,-5.28,0.0,0.0,-51.727,0.0,0.0,-15.237,0.0,0.0,0.49085146,0.0,0.0,16.78685146000001,0.0,0.0
ALA  88,88.026,0.0,0.0,-1.641,0.0,0.0,-69.539,0.0,0.0,-7.701,0.0,0.0,0.66753804,0.0,0.0,9.812538039999989,0.0,0.0
GLY  89,96.554,0.0,0.0,-2.209,0.0,0.0,-80.228,0.0,0.0,-5.884,0.0,0.0,0.27152032,0.0,0.0,8.504520320000005,0.0,0.0
PRO  90,84.416,0.0,0.0,-3.007,0.0,0.0,-59.404,0.0,0.0,-6.225,0.0,0.0,0.79670206,0.0,0.0,16.576702059999988,0.0,0.0
ILE  91,77.278,0.0,0.0,-5.681,0.0,0.0,-58.421,0.0,0.0,-4.942,0.0,0.0,0.41100944,0.0,0.0,8.64500944000001,0.0,0.0
ALA  92,95.773,0.0,0.0,-2.724,0.0,0.0,-69.385,0.0,0.0,-5.981,0.0,0.0,0.32938966000000003,0.0,0.0,18.012389659999986,0.0,0.0
PRO  93,78.9,0.0,0.0,-2.645,0.0,0.0,-55.465,0.0,0.0,-8.237,0.0,0.0,0.84560672,0.0,0.0,13.398606720000005,0.0,0.0
GLY  94,74.199,0.0,0.0,-2.357,0.0,0.0,-67.469,0.0,0.0,-5.168,0.0,0.0,0.24888640000000004,0.0,0.0,-0.5461135999999954,0.0,0.0
GLN  95,34.403,0.0,0.0,-6.016,0.0,0.0,-69.87,0.0,0.0,-14.9,0.0,0.0,0.5196967,0.0,0.0,-55.863303300000005,0.0,0.0
MET  96,109.094,0.0,0.0,-9.497,0.0,0.0,-76.586,0.0,0.0,-7.287,0.0,0.0,0.26370468,0.0,0.0,15.987704679999997,0.0,0.0
ARG  97,-189.884,0.0,0.0,-5.019,0.0,0.0,-32.098,0.0,0.0,36.315,0.0,0.0,0.38040270000000004,0.0,0.0,-190.3055973,0.0,0.0
GLU  98,106.023,0.0,0.0,-6.125,0.0,0.0,-67.334,0.0,0.0,-83.031,0.0,0.0,0.5719563400000001,0.0,0.0,-49.89504366000001,0.0,0.0
PRO  99,94.444,0.0,0.0,-8.766,0.0,0.0,-60.298,0.0,0.0,-3.368,0.0,0.0,0.047755620000000006,0.0,0.0,22.059755619999997,0.0,0.0
ARG 100,-187.927,0.0,0.0,-10.173,0.0,0.0,-6.345,0.0,0.0,24.631,0.0,0.0,0.27347152,0.0,0.0,-179.54052848,0.0,0.0
GLY 101,76.561,0.0,0.0,-5.896,0.0,0.0,-84.79,0.0,0.0,0.525,0.0,0.0,0.01442804,0.0,0.0,-13.58557196,0.0,0.0
SER 102,71.008,0.0,0.0,-7.052,0.0,0.0,-61.4,0.0,0.0,-5.982,0.0,0.0,0.25277796,0.0,0.0,-3.173222040000003,0.0,0.0
ASP 103,95.436,0.0,0.0,-6.622,0.0,0.0,-92.948,0.0,0.0,-49.109,0.0,0.0,0.02275858,0.0,0.0,-53.22024141999999,0.0,0.0
ILE 104,74.648,0.0,0.0,-13.13,0.0,0.0,-61.019,0.0,0.0,-0.799,0.0,0.0,0.0,0.0,0.0,-0.3000000000000048,0.0,0.0
ALA 105,84.795,0.0,0.0,-5.968,0.0,0.0,-80.419,0.0,0.0,-0.015,0.0,0.0,0.05586936,0.0,0.0,-1.5511306399999987,0.0,0.0
GLY 106,90.529,0.0,0.0,-3.906,0.0,0.0,-86.791,0.0,0.0,-2.015,0.0,0.0,0.05532194000000001,0.0,0.0,-2.1276780600000067,0.0,0.0
THR 107,48.892,0.0,0.0,-4.931,0.0,0.0,-54.622,0.0,0.0,-7.866,0.0,0.0,0.58312154,0.0,0.0,-17.943878459999993,0.0,0.0
THR 108,35.564,0.0,0.0,-5.09,0.0,0.0,-42.74,0.0,0.0,-5.873,0.0,0.0,0.56410276,0.0,0.0,-17.574897240000002,0.0,0.0
SER 109,63.867,0.0,0.0,-3.479,0.0,0.0,-60.209,0.0,0.0,-3.515,0.0,0.0,0.07756562,0.0,0.0,-3.258434380000005,0.0,0.0
THR 110,44.776,0.0,0.0,-4.583,0.0,0.0,-41.793,0.0,0.0,-8.432,0.0,0.0,0.43818532000000004,0.0,0.0,-9.593814679999994,0.0,0.0
LEU 111,61.069,0.0,0.0,-7.834,0.0,0.0,-63.461,0.0,0.0,-3.976,0.0,0.0,0.2546858,0.0,0.0,-13.947314199999997,0.0,0.0
GLN 112,37.306,0.0,0.0,-6.18,0.0,0.0,-76.87,0.0,0.0,-13.378,0.0,0.0,0.79769392,0.0,0.0,-58.32430608000001,0.0,0.0
GLU 113,97.992,0.0,0.0,-6.399,0.0,0.0,-88.954,0.0,0.0,-59.064,0.0,0.0,0.26041474,0.0,0.0,-56.16458525999999,0.0,0.0
GLN 114,39.814,0.0,0.0,-11.857,0.0,0.0,-77.916,0.0,0.0,-6.942,0.0,0.0,0.008964680000000001,0.0,0.0,-56.89203532,0.0,0.0
ILE 115,89.301,0.0,0.0,-8.948,0.0,0.0,-68.426,0.0,0.0,-2.307,0.0,0.0,0.2525991,0.0,0.0,9.872599100000006,0.0,0.0
GLY 116,80.128,0.0,0.0,-4.502,0.0,0.0,-77.15,0.0,0.0,-1.465,0.0,0.0,0.0786442,0.0,0.0,-2.910355800000001,0.0,0.0
TRP 117,124.16,0.0,0.0,-16.912,0.0,0.0,-90.738,0.0,0.0,-3.606,0.0,0.0,0.0049213600000000005,0.0,0.0,12.908921359999992,0.0,0.0
MET 118,103.457,0.0,0.0,-11.214,0.0,0.0,-82.315,0.0,0.0,-4.382,0.0,0.0,0.20908734,0.0,0.0,5.7550873399999976,0.0,0.0
THR 119,38.431,0.0,0.0,-4.668,0.0,0.0,-53.562,0.0,0.0,-4.796,0.0,0.0,0.48481358,0.0,0.0,-24.110186419999998,0.0,0.0
HID 120,94.33,0.0,0.0,-9.412,0.0,0.0,-58.055,0.0,0.0,-12.434,0.0,0.0,0.32460922000000003,0.0,0.0,14.753609219999992,0.0,0.0
ASN 121,43.271,0.0,0.0,-3.878,0.0,0.0,-83.153,0.0,0.0,-16.956,0.0,0.0,0.70387914,0.0,0.0,-60.01212086000001,0.0,0.0
PRO 122,93.083,0.0,0.0,-4.159,0.0,0.0,-55.965,0.0,0.0,-4.75,0.0,0.0,0.5156750600000001,0.0,0.0,28.72467505999999,0.0,0.0
PRO 123,83.624,0.0,0.0,-6.279,0.0,0.0,-60.386,0.0,0.0,-2.752,0.0,0.0,0.38079836,0.0,0.0,14.587798359999997,0.0,0.0
ILE 124,91.644,0.0,0.0,-4.592,0.0,0.0,-61.778,0.0,0.0,-1.215,0.0,0.0,0.28165572,0.0,0.0,24.340655720000008,0.0,0.0
PRO 125,93.14,0.0,0.0,-6.514,0.0,0.0,-66.559,0.0,0.0,-1.691,0.0,0.0,0.3490751,0.0,0.0,18.72507510000001,0.0,0.0
VAL 126,52.678,0.0,0.0,-7.565,0.0,0.0,-55.2,0.0,0.0,0.114,0.0,0.0,0.004314320000000001,0.0,0.0,-9.968685680000002,0.0,0.0
GLY 127,73.001,0.0,0.0,-4.951,0.0,0.0,-72.272,0.0,0.0,-1.075,0.0,0.0,0.0057560400000000005,0.0,0.0,-5.291243959999995,0.0,0.0
GLU 128,106.228,0.0,0.0,-5.898,0.0,0.0,-97.775,0.0,0.0,-51.227,0.0,0.0,0.36130262,0.0,0.0,-48.31069738000001,0.0,0.0
ILE 129,85.374,0.0,0.0,-9.368,0.0,0.0,-66.321,0.0,0.0,-0.374,0.0,0.0,0.09119692000000001,0.0,0.0,9.402196920000002,0.0,0.0
TYR 130,97.757,0.0,0.0,-13.088,0.0,0.0,-90.73,0.0,0.0,-1.24,0.0,0.0,0.00894842,0.0,0.0,-7.292051579999993,0.0,0.0
LYS 131,141.434,0.0,0.0,-8.385,0.0,0.0,-175.424,0.0,0.0,29.807,0.0,0.0,0.06757656000000001,0.0,0.0,-12.500423440000002,0.0,0.0
ARG 132,-186.134,0.0,0.0,-8.959,0.0,0.0,31.695,0.0,0.0,-5.752,0.0,0.0,0.7376674200000001,0.0,0.0,-168.41233258,0.0,0.0
TRP 133,128.979,0.0,0.0,-18.91,0.0,0.0,-99.073,0.0,0.0,-3.798,0.0,0.0,0.0760155,0.0,0.0,7.274015500000023,0.0,0.0
ILE 134,91.938,0.0,0.0,-11.715,0.0,0.0,-71.65,0.0,0.0,-0.649,0.0,0.0,0.02022202,0.0,0.0,7.944222019999994,0.0,0.0
ILE 135,82.124,0.0,0.0,-6.747,0.0,0.0,-65.435,0.0,0.0,0.698,0.0,0.0,0.24260462000000002,0.0,0.0,10.882604619999993,0.0,0.0
LEU 136,73.209,0.0,0.0,-8.64,0.0,0.0,-81.113,0.0,0.0,1.408,0.0,0.0,0.38570346,0.0,0.0,-14.750296539999997,0.0,0.0
GLY 137,78.644,0.0,0.0,-6.005,0.0,0.0,-79.292,0.0,0.0,0.303,0.0,0.0,0.0,0.0,0.0,-6.349999999999992,0.0,0.0
LEU 138,64.191,0.0,0.0,-12.075,0.0,0.0,-65.237,0.0,0.0,-1.303,0.0,0.0,0.024839860000000002,0.0,0.0,-14.399160139999996,0.0,0.0
ASN 139,35.582,0.0,0.0,-8.394,0.0,0.0,-92.798,0.0,0.0,-5.866,0.0,0.0,0.20908192,0.0,0.0,-71.26691808,0.0,0.0
LYS 140,130.154,0.0,0.0,-11.057,0.0,0.0,-138.921,0.0,0.0,-1.069,0.0,0.0,0.37920488,0.0,0.0,-20.513795119999997,0.0,0.0
ILE 141,92.187,0.0,0.0,-10.11,0.0,0.0,-75.336,0.0,0.0,-3.114,0.0,0.0,0.09367386000000001,0.0,0.0,3.7206738599999998,0.0,0.0
VAL 142,69.114,0.0,0.0,-9.482,0.0,0.0,-56.407,0.0,0.0,-6.153,0.0,0.0,0.10118598000000001,0.0,0.0,-2.826814019999991,0.0,0.0
ARG 143,-196.032,0.0,0.0,-7.047,0.0,0.0,58.576,0.0,0.0,-31.039,0.0,0.0,1.0613173,0.0,0.0,-174.48068270000002,0.0,0.0
MET 144,89.031,0.0,0.0,-5.429,0.0,0.0,-76.36,0.0,0.0,-6.117,0.0,0.0,0.8245283400000001,0.0,0.0,1.9495283400000045,0.0,0.0
TYR 145,93.924,0.0,0.0,-10.422,0.0,0.0,-80.927,0.0,0.0,-13.089,0.0,0.0,0.5673547600000001,0.0,0.0,-9.946645239999997,0.0,0.0
SER 146,74.797,0.0,0.0,-2.451,0.0,0.0,-50.642,0.0,0.0,-10.239,0.0,0.0,0.5687531200000001,0.0,0.0,12.03375312,0.0,0.0
PRO 147,86.844,0.0,0.0,-3.481,0.0,0.0,-61.991,0.0,0.0,-6.916,0.0,0.0,0.54874248,0.0,0.0,15.004742479999999,0.0,0.0
THR 148,47.174,0.0,0.0,-2.483,0.0,0.0,-52.638,0.0,0.0,-10.827,0.0,0.0,0.6889091,0.0,0.0,-18.085090899999994,0.0,0.0
SER 149,66.556,0.0,0.0,-1.64,0.0,0.0,-49.427,0.0,0.0,-14.202,0.0,0.0,0.62363062,0.0,0.0,1.9106306199999974,0.0,0.0
ILE 150,65.544,0.0,0.0,-2.009,0.0,0.0,-29.857,0.0,0.0,-8.972,0.0,0.0,1.28777574,0.0,0.0,25.993775739999997,0.0,0.0

Ligand:
Total Energy Decomposition:
Residue,Internal,,,van der Waals,,,Electrostatic,,,Polar Solvation,,,Non-Polar Solv.,,,TOTAL,,
,Avg.,Std. Dev.,Std. Err. of Mean,Avg.,Std. Dev.,Std. Err. of Mean,Avg.,Std. Dev.,Std. Err. of Mean,Avg.,Std. Dev.,Std. Err. of Mean,Avg.,Std. Dev.,Std. Err. of Mean,Avg.,Std. Dev.,Std. Err. of Mean
LEU   1,38.133,0.0,0.0,-2.479,0.0,0.0,-39.591,0.0,0.0,-6.558,0.0,0.0,1.0602983400000001,0.0,0.0,-9.434701659999998,0.0,0.0
ASP   2,118.125,0.0,0.0,-4.3,0.0,0.0,-112.334,0.0,0.0,-56.971,0.0,0.0,0.59813494,0.0,0.0,-54.881865059999996,0.0,0.0
ILE   3,94.92,0.0,0.0,-6.225,0.0,0.0,-64.02,0.0,0.0,-7.368,0.0,0.0,0.17413376,1.862645149230957e-09,1.862645149230957e-09,17.48113376000001,0.0,0.0
ARG   4,-191.928,0.0,0.0,-8.043,0.0,0.0,22.696,0.0,0.0,-0.6,0.0,0.0,0.8036179800000001,0.0,0.0,-177.07138202,0.0,0.0
GLN   5,37.548,0.0,0.0,-11.673,0.0,0.0,-82.473,0.0,0.0,-5.038,0.0,0.0,0.09759252,0.0,0.0,-61.53840748,0.0,0.0
GLY   6,89.063,0.0,0.0,-3.518,0.0,0.0,-72.336,0.0,0.0,-6.254,0.0,0.0,0.12625348,0.0,0.0,7.0812534800000035,0.0,0.0
PRO   7,88.016,0.0,0.0,-3.16,0.0,0.0,-54.057,0.0,0.0,-9.584,0.0,0.0,0.79130916,0.0,0.0,22.006309160000008,0.0,0.0
LYS   8,121.365,0.0,0.0,-3.547,0.0,0.0,-82.148,0.0,0.0,-51.989,0.0,0.0,1.1808283000000002,0.0,0.0,-15.138171699999996,0.0,0.0
GLU   9,116.67,0.0,0.0,-6.523,0.0,0.0,-129.855,0.0,0.0,-23.679,0.0,0.0,0.2200249,0.0,0.0,-43.16697509999999,0.0,0.0
PRO  10,78.779,0.0,0.0,-6.938,0.0,0.0,-54.439,0.0,0.0,-3.129,0.0,0.0,0.34090716000000004,0.0,0.0,14.613907159999995,0.0,0.0
PHE  11,104.933,0.0,0.0,-13.998,0.0,0.0,-71.529,0.0,0.0,-4.287,0.0,0.0,0.0057560400000000005,0.0,0.0,15.124756040000007,0.0,0.0
ARG  12,-196.407,0.0,0.0,-5.814,0.0,0.0,34.304,0.0,0.0,-6.969,0.0,0.0,0.9142076600000001,0.0,0.0,-173.97179234,0.0,0.0
ASP  13,86.653,0.0,0.0,-7.339,0.0,0.0,-112.853,0.0,0.0,-34.722,0.0,0.0,0.3023547,0.0,0.0,-67.9586453,0.0,0.0
TYR  14,96.568,0.0,0.0,-17.735,0.0,0.0,-95.364,0.0,0.0,-2.354,0.0,0.0,0.0,0.0,0.0,-18.885000000000005,0.0,0.0
VAL  15,51.136,0.0,0.0,-9.708,0.0,0.0,-57.176,0.0,0.0,0.867,0.0,0.0,0.049901940000000006,0.0,0.0,-14.831098059999997,0.0,0.0
ASP  16,113.753,0.0,0.0,-5.643,0.0,0.0,-128.809,0.0,0.0,-29.381,0.0,0.0,0.34024592000000003,0.0,0.0,-49.73975408,0.0,0.0
ARG  17,-190.146,0.0,0.0,-8.57,0.0,0.0,21.472,0.0,0.0,-0.004,0.0,0.0,0.5426666600000001,0.0,0.0,-176.70533333999995,0.0,0.0
PHE  18,103.699,0.0,0.0,-14.916,0.0,0.0,-81.196,0.0,0.0,0.097,0.0,0.0,0.0269645,0.0,0.0,7.710964500000004,0.0,0.0
TYR  19,104.696,0.0,0.0,-12.211,0.0,0.0,-93.105,0.0,0.0,-0.961,0.0,0.0,0.29818672,0.0,0.0,-1.2828132800000045,0.0,0.0
LYS  20,139.022,0.0,0.0,-6.234,0.0,0.0,-128.835,0.0,0.0,-19.501,0.0,0.0,0.6888603200000001,0.0,0.0,-14.859139680000027,0.0,0.0
THR  21,45.988,0.0,0.0,-7.09,0.0,0.0,-58.138,0.0,0.0,-4.812,0.0,0.0,0.2930865,0.0,0.0,-23.758913500000002,0.0,0.0
LEU  22,76.347,0.0,0.0,-11.424,0.0,0.0,-69.37,0.0,0.0,-3.26,0.0,0.0,0.057603760000000004,0.0,0.0,-7.649396240000002,0.0,0.0
ARG  23,-196.816,0.0,0.0,-7.304,0.0,0.0,71.929,0.0,0.0,-43.469,0.0,0.0,0.9268037400000001,0.0,0.0,-174.73319626,0.0,0.0
ALA  24,87.709,0.0,0.0,-4.589,0.0,0.0,-78.596,0.0,0.0,-5.84,0.0,0.0,0.46860778000000003,0.0,0.0,-0.8473922199999989,0.0,0.0
GLU  25,110.76,0.0,0.0,-4.574,0.0,0.0,-67.945,0.0,0.0,-88.849,0.0,0.0,0.73037752,0.0,0.0,-49.87762247999999,0.0,0.0
GLN  26,26.189,0.0,0.0,-3.985,0.0,0.0,-61.763,0.0,0.0,-17.233,0.0,0.0,0.8045448000000001,0.0,0.0,-55.9874552,0.0,0.0
ALA  27,95.118,0.0,0.0,-5.11,0.0,0.0,-84.68,0.0,0.0,-0.044,0.0,0.0,0.13469242,0.0,0.0,5.4186924199999895,0.0,0.0
SER  28,77.349,0.0,0.0,-4.456,0.0,0.0,-68.142,0.0,0.0,-6.952,0.0,0.0,0.40160032000000007,0.0,0.0,-1.7993996799999952,0.0,0.0
GLN  29,31.424,0.0,0.0,-5.53,0.0,0.0,-60.894,0.0,0.0,-19.394,0.0,0.0,0.82569906,0.0,0.0,-53.56830094,0.0,0.0
GLU  30,112.1,0.0,0.0,-5.561,0.0,0.0,-77.082,0.0,0.0,-81.731,0.0,0.0,0.8122899800000001,0.0,0.0,-51.46171002,0.0,0.0
VAL  31,60.277,0.0,0.0,-4.88,0.0,0.0,-57.929,0.0,0.0,-2.814,0.0,0.0,0.32826772000000004,0.0,0.0,-5.017732280000003,0.0,0.0
LYS  32,124.79,0.0,0.0,-10.017,0.0,0.0,-93.915,0.0,0.0,-30.287,0.0,0.0,0.24845822000000004,0.0,0.0,-9.180541779999995,0.0,0.0
ASN  33,41.974,0.0,0.0,-6.92,0.0,0.0,-93.951,0.0,0.0,-13.722,0.0,0.0,0.51610324,0.0,0.0,-72.10289676,0.0,0.0
TRP  34,120.835,0.0,0.0,-11.15,0.0,0.0,-94.321,0.0,0.0,-7.327,0.0,0.0,0.8340296,0.0,0.0,8.87102959999999,0.0,0.0
MET  35,107.108,0.0,0.0,-10.961,0.0,0.0,-88.106,0.0,0.0,-1.724,0.0,0.0,0.17141292000000002,0.0,0.0,6.488412920000011,0.0,0.0
THR  36,46.801,0.0,0.0,-7.451,0.0,0.0,-59.272,0.0,0.0,-0.771,0.0,0.0,0.11507744,0.0,0.0,-20.577922559999998,0.0,0.0
GLU  37,100.042,0.0,0.0,-5.949,0.0,0.0,-62.655,0.0,0.0,-85.351,0.0,0.0,0.69750522,0.0,0.0,-53.21549478,0.0,0.0
THR  38,44.741,0.0,0.0,-5.844,0.0,0.0,-47.178,0.0,0.0,-2.268,0.0,0.0,0.30315686000000003,0.0,0.0,-10.24584314,0.0,0.0
LEU  39,71.097,0.0,0.0,-7.434,0.0,0.0,-67.446,0.0,0.0,-0.799,0.0,0.0,0.15295782000000002,0.0,0.0,-4.4290421800000015,0.0,0.0
LEU  40,88.422,0.0,0.0,-12.373,0.0,0.0,-89.084,0.0,0.0,-0.204,0.0,0.0,0.00072086,0.0,0.0,-13.238279140000012,0.0,0.0
VAL  41,53.34,0.0,0.0,-8.374,0.0,0.0,-56.171,0.0,0.0,-0.333,0.0,0.0,0.08214010000000001,0.0,0.0,-11.455859899999998,0.0,0.0
GLN  42,24.7,0.0,0.0,-7.428,0.0,0.0,-70.039,0.0,0.0,-4.719,0.0,0.0,0.47620120000000005,0.0,0.0,-57.009798800000006,0.0,0.0
ASN  43,19.349,0.0,0.0,-6.524,0.0,0.0,-78.231,0.0,0.0,-10.198,0.0,0.0,0.34325402000000005,0.0,0.0,-75.26074597999998,0.0,0.0
ALA  44,97.629,0.0,0.0,-7.415,0.0,0.0,-84.211,0.0,0.0,-1.393,0.0,0.0,0.034758460000000005,0.0,0.0,4.64475846,0.0,0.0
ASN  45,33.709,0.0,0.0,-7.336,0.0,0.0,-83.962,0.0,0.0,-7.894,0.0,0.0,0.22743404000000003,0.0,0.0,-65.25556596,0.0,0.0
PRO  46,80.322,0.0,0.0,-4.727,0.0,0.0,-60.797,0.0,0.0,-2.692,0.0,0.0,0.53310578,0.0,0.0,12.639105780000001,0.0,0.0
ASP  47,80.71,0.0,0.0,-5.463,0.0,0.0,-67.646,0.0,0.0,-68.59,0.0,0.0,0.6200751,0.0,0.0,-60.3689249,0.0,0.0
CYX  48,101.835,0.0,0.0,-8.562,0.0,0.0,-76.777,0.0,0.0,-4.198,0.0,0.0,0.0344983,0.0,0.0,12.332498299999994,0.0,0.0
LYS  49,140.415,0.0,0.0,-10.772,0.0,0.0,-115.394,0.0,0.0,-32.4,0.0,0.0,0.4620766800000001,0.0,0.0,-17.688923320000004,0.0,0.0
THR  50,54.602,0.0,0.0,-5.825,0.0,0.0,-68.954,0.0,0.0,-2.727,0.0,0.0,0.5259351200000001,0.0,0.0,-22.37806488,0.0,0.0
ILE  51,70.933,0.0,0.0,-9.039,0.0,0.0,-52.468,0.0,0.0,-1.954,0.0,0.0,0.41039156000000004,0.0,0.0,7.882391560000002,0.0,0.0
LEU  52,82.341,0.0,0.0,-11.534,0.0,0.0,-69.609,0.0,0.0,-6.231,0.0,0.0,0.049945300000000005,0.0,0.0,-4.9830547000000065,0.0,0.0
LYS  53,122.267,0.0,0.0,-7.608,0.0,0.0,-96.93,0.0,0.0,-32.22,0.0,0.0,0.7054943,0.0,0.0,-13.785505700000014,0.0,0.0
ALA  54,83.844,0.0,0.0,-3.795,0.0,0.0,-73.813,0.0,0.0,-5.274,0.0,0.0,0.50751254,0.0,0.0,1.46951253999999,0.0,0.0
LEU  55,77.686,0.0,0.0,-5.68,0.0,0.0,-77.811,0.0,0.0,-5.262,0.0,0.0,0.35341110000000003,0.0,0.0,-10.713588900000007,0.0,0.0
GLY  56,91.102,0.0,0.0,-2.784,0.0,0.0,-73.414,0.0,0.0,-8.87,0.0,0.0,0.19927714000000002,0.0,0.0,6.2332771399999976,0.0,0.0
PRO  57,82.566,0.0,0.0,-2.603,0.0,0.0,-50.939,0.0,0.0,-10.203,0.0,0.0,0.8070705200000001,0.0,0.0,19.62807052000001,0.0,0.0
GLY  58,68.247,0.0,0.0,-1.816,0.0,0.0,-59.997,0.0,0.0,-7.56,0.0,0.0,0.47926892000000004,0.0,0.0,-0.6467310800000021,0.0,0.0
ALA  59,102.127,0.0,0.0,-4.349,0.0,0.0,-89.049,0.0,0.0,-1.811,0.0,0.0,0.15877348000000002,0.0,0.0,7.076773479999985,0.0,0.0
THR  60,44.322,0.0,0.0,-3.373,0.0,0.0,-60.368,0.0,0.0,-1.844,0.0,0.0,0.38034850000000003,0.0,0.0,-20.882651499999998,0.0,0.0
LEU  61,57.212,0.0,0.0,-6.852,0.0,0.0,-64.402,0.0,0.0,-1.187,0.0,0.0,0.32981242,0.0,0.0,-14.899187580000001,0.0,0.0
GLU  62,107.503,0.0,0.0,-6.074,0.0,0.0,-70.914,0.0,0.0,-81.633,0.0,0.0,0.63841638,0.0,0.0,-50.47958361999999,0.0,0.0
GLU  63,101.619,0.0,0.0,-4.947,0.0,0.0,-64.52,0.0,0.0,-85.072,0.0,0.0,0.5250028800000001,0.0,0.0,-52.39499712,0.0,0.0
MET  64,93.597,0.0,0.0,-10.822,0.0,0.0,-74.651,0.0,0.0,-4.076,0.0,0.0,0.12241070000000001,0.0,0.0,4.170410699999995,0.0,0.0
MET  65,104.616,0.0,0.0,-8.295,0.0,0.0,-92.023,0.0,0.0,1.054,0.0,0.0,0.22941234,0.0,0.0,5.581412340000002,0.0,0.0
THR  66,42.776,0.0,0.0,-5.227,0.0,0.0,-49.761,0.0,0.0,-3.913,0.0,0.0,0.52049344,0.0,0.0,-15.604506559999997,0.0,0.0
ALA  67,81.94,0.0,0.0,-4.698,0.0,0.0,-62.909,0.0,0.0,-6.294,0.0,0.0,0.20475676,0.0,0.0,8.243756759999991,0.0,0.0
CYX  68,93.384,0.0,0.0,-6.637,0.0,0.0,-79.958,0.0,0.0,-3.014,0.0,0.0,0.15308248000000002,0.0,0.0,3.928082480000002,0.0,0.0
GLN  69,43.78,0.0,0.0,-5.83,0.0,0.0,-74.398,0.0,0.0,-18.467,0.0,0.0,0.52719256,0.0,0.0,-54.38780743999999,0.0,0.0
GLY  70,98.158,0.0,0.0,-1.387,0.0,0.0,-78.224,0.0,0.0,-10.635,0.0,0.0,0.47245598,0.0,0.0,8.384455979999997,0.0,0.0
VAL  71,35.701,0.0,0.0,-1.575,0.0,0.0,-12.08,0.0,0.0,-107.446,0.0,0.0,1.2721336200000002,0.0,0.0,-84.12786638,0.0,0.0

DELTAS:
Total Energy Decomposition:
Residue,Location,Internal,,,van der Waals,,,Electrostatic,,,Polar Solvation,,,Non-Polar Solv.,,,TOTAL,,
,,Avg.,Std. Dev.,Std. Err. of Mean,Avg.,Std. Dev.,Std. Err. of Mean,Avg.,Std. Dev.,Std. Err. of Mean,Avg.,Std. Dev.,Std. Err. of Mean,Avg.,Std. Dev.,Std. Err. of Mean
PRO   1,R PRO   1,0.0,0.0,0.0,0.0,0.0,0.0,-4.503,0.0,0.0,4.508000000000001,0.0,0.0,0.0,0.0,0.0,0.005000000000000782,0.0,0.0
ILE   2,R ILE   2,0.0,0.0,0.0,0.0,0.0,0.0,0.015000000000000568,0.0,0.0,-0.014000000000000234,0.0,0.0,0.0,0.0,0.0,0.0009999999999994458,0.0,0.0
VAL   3,R VAL   3,0.0,0.0,0.0,0.0,0.0,0.0,-0.03399999999999892,0.0,0.0,0.03400000000000003,0.0,0.0,0.0,0.0,0.0,1.7763568394002505e-15,0.0,0.0
GLN   4,R GLN   4,0.0,0.0,0.0,0.0,0.0,0.0,0.0009999999999976694,0.0,0.0,-0.0019999999999988916,0.0,0.0,0.0,0.0,0.0,-0.0010000000000118803,0.0,0.0
ASN   5,R ASN   5,0.0,0.0,0.0,0.0,0.0,0.0,0.0049999999999954525,0.0,0.0,-0.005000000000000782,0.0,0.0,0.0,0.0,0.0,-1.4210854715202004e-14,0.0,0.0
LEU   6,R LEU   6,0.0,0.0,0.0,0.0,0.0,0.0,-0.01099999999999568,0.0,0.0,0.010999999999999233,0.0,0.0,0.0,0.0,0.0,3.552713678800501e-15,0.0,0.0
GLN   7,R GLN   7,0.0,0.0,0.0,0.0,0.0,0.0,0.003999999999990678,0.0,0.0,-0.0039999999999995595,0.0,0.0,0.0,0.0,0.0,-7.105427357601002e-15,0.0,0.0
GLY   8,R GLY   8,0.0,0.0,0.0,0.0,0.0,0.0,-0.015999999999991132,0.0,0.0,0.01699999999999946,0.0,0.0,0.0,0.0,0.0,0.0010000000000083276,0.0,0.0
GLN   9,R GLN   9,0.0,0.0,0.0,0.0,0.0,0.0,0.0589999999999975,0.0,0.0,-0.05900000000000105,0.0,0.0,0.0,0.0,0.0,0.0,0.0,0.0
MET  10,R MET  10,0.0,0.0,0.0,0.0,0.0,0.0,-0.016000000000005343,0.0,0.0,0.017000000000000348,0.0,0.0,0.0,0.0,0.0,0.000999999999995893,0.0,0.0
VAL  11,R VAL  11,0.0,0.0,0.0,0.0,0.0,0.0,0.012000000000000455,0.0,0.0,-0.010999999999999677,0.0,0.0,0.0,0.0,0.0,0.0010000000000012221,0.0,0.0
HID  12,R HID  12,0.0,0.0,0.0,0.0,0.0,0.0,0.027000000000001023,0.0,0.0,-0.027000000000001023,0.0,0.0,0.0,0.0,0.0,0.0,0.0,0.0
GLN  13,R GLN  13,0.0,0.0,0.0,0.0,0.0,0.0,-0.01799999999998647,0.0,0.0,0.01699999999999946,0.0,0.0,0.0,0.0,0.0,-0.0009999999999834586,0.0,0.0
ALA  14,R ALA  14,0.0,0.0,0.0,0.0,0.0,0.0,0.030000000000001137,0.0,0.0,-0.029000000000000803,0.0,0.0,0.0,0.0,0.0,0.001000000000000334,0.0,0.0
ILE  15,R ILE  15,0.0,0.0,0.0,-0.001000000000000334,0.0,0.0,0.05099999999998772,0.0,0.0,-0.051000000000000156,0.0,0.0,0.0,0.0,0.0,-0.0010000000000189857,0.0,0.0
SER  16,R SER  16,0.0,0.0,0.0,-0.001000000000000334,0.0,0.0,-0.17099999999999937,0.0,0.0,0.16999999999999993,0.0,0.0,0.0,0.0,0.0,-0.0020000000000042206,0.0,0.0
PRO  17,R PRO  17,0.0,0.0,0.0,-0.0019999999999997797,0.0,0.0,-0.23499999999999943,0.0,0.0,0.23499999999999943,0.0,0.0,0.0,0.0,0.0,-0.0020000000000095497,0.0,0.0
ARG  18,R ARG  18,0.0,0.0,0.0,-0.0039999999999995595,0.0,0.0,-5.491,0.0,0.0,5.507999999999996,0.0,0.0,0.0,0.0,0.0,0.01300000000000523,0.0,0.0
THR  19,R THR  19,0.0,0.0,0.0,-0.0029999999999983373,0.0,0.0,-0.19899999999999807,0.0,0.0,0.20699999999999896,0.0,0.0,0.0,0.0,0.0,0.005000000000009663,0.0,0.0
LEU  20,R LEU  20,0.0,0.0,0.0,-0.005000000000000782,0.0,0.0,-0.39800000000000324,0.0,0.0,0.3929999999999998,0.0,0.0,0.0,0.0,0.0,-0.010000000000006892,0.0,0.0
ASN  21,R ASN  21,0.0,0.0,0.0,-0.010999999999999233,0.0,0.0,-1.0900000000000034,0.0,0.0,1.138,0.0,0.0,0.0,0.0,0.0,0.03700000000000614,0.0,0.0
ALA  22,R ALA  22,0.0,0.0,0.0,-0.011999999999999567,0.0,0.0,-0.6090000000000089,0.0,0.0,0.619,0.0,0.0,0.0,0.0,0.0,-0.0020000000000095497,0.0,0.0
TRP  23,R TRP  23,0.0,0.0,0.0,-0.02500000000000213,0.0,0.0,-0.7339999999999947,0.0,0.0,0.7320000000000002,0.0,0.0,0.0,0.0,0.0,-0.026999999999999247,0.0,0.0
VAL  24,R VAL  24,0.0,0.0,0.0,-0.054999999999999716,0.0,0.0,-1.1849999999999952,0.0,0.0,1.2889999999999997,0.0,0.0,0.0,0.0,0.0,0.04900000000000482,0.0,0.0
LYS  25,R LYS  25,0.0,0.0,0.0,-0.24399999999999977,0.0,0.0,1.0319999999999965,0.0,0.0,-0.7109999999999985,0.0,0.0,-0.01139283999999996,0.0,0.0,0.065607159999999,0.0,0.0
VAL  26,R VAL  26,0.0,0.0,0.0,-0.10999999999999943,0.0,0.0,-0.7310000000000088,0.0,0.0,0.7199999999999998,0.0,0.0,0.0,0.0,0.0,-0.12100000000000932,0.0,0.0
VAL  27,R VAL  27,0.0,0.0,0.0,-0.09700000000000131,0.0,0.0,0.0899999999999963,0.0,0.0,0.030999999999999694,0.0,0.0,0.0,0.0,0.0,0.02399999999999558,0.0,0.0
GLU  28,R GLU  28,0.0,0.0,0.0,-1.5839999999999996,0.0,0.0,-12.441999999999993,0.0,0.0,14.437999999999995,0.0,0.0,-0.25271834000000004,0.0,0.0,0.15928165999999777,0.0,0.0
GLU  29,R GLU  29,0.0,0.0,0.0,-0.5700000000000003,0.0,0.0,-38.824,0.0,0.0,37.971,0.0,0.0,-0.44384379999999996,0.0,0.0,-1.8668438000000123,0.0,0.0
LYS  30,R LYS  30,0.0,0.0,0.0,-1.0909999999999993,0.0,0.0,-7.947000000000003,0.0,0.0,8.927,0.0,0.0,-0.12068713999999997,0.0,0.0,-0.23168714000001245,0.0,0.0
ALA  31,R ALA  31,0.0,0.0,0.0,-0.3929999999999998,0.0,0.0,2.1189999999999998,0.0,0.0,-1.7430000000000003,0.0,0.0,-0.07869298,0.0,0.0,-0.09569298000000126,0.0,0.0
PHE  32,R PHE  32,0.0,0.0,0.0,-0.23599999999999888,0.0,0.0,0.9830000000000041,0.0,0.0,-0.7439999999999998,0.0,0.0,0.0,0.0,0.0,0.0030000000000001137,0.0,0.0
SER  33,R SER  33,0.0,0.0,0.0,-0.17300000000000004,0.0,0.0,-1.8520000000000039,0.0,0.0,2.0570000000000004,0.0,0.0,-0.045202800000000015,0.0,0.0,-0.01320280000000551,0.0,0.0
PRO  34,R PRO  34,0.0,0.0,0.0,-0.0470000000000006,0.0,0.0,-0.9819999999999993,0.0,0.0,0.9839999999999998,0.0,0.0,0.0,0.0,0.0,-0.044999999999996376,0.0,0.0
GLU  35,R GLU  35,0.0,0.0,0.0,-0.2290000000000001,0.0,0.0,16.897999999999996,0.0,0.0,-15.916000000000004,0.0,0.0,-0.008802080000000045,0.0,0.0,0.7441979199999906,0.0,0.0
VAL  36,R VAL  36,0.0,0.0,0.0,-0.0389999999999997,0.0,0.0,-0.24099999999999966,0.0,0.0,0.264,0.0,0.0,0.0,0.0,0.0,-0.01600000000000179,0.0,0.0
ILE  37,R ILE  37,0.0,0.0,0.0,-0.010999999999999233,0.0,0.0,-0.3960000000000008,0.0,0.0,0.395,0.0,0.0,0.0,0.0,0.0,-0.012000000000011113,0.0,0.0
PRO  38,R PRO  38,0.0,0.0,0.0,-0.009999999999999787,0.0,0.0,-0.38700000000000045,0.0,0.0,0.3919999999999999,0.0,0.0,0.0,0.0,0.0,-0.005000000000006111,0.0,0.0
MET  39,R MET  39,0.0,0.0,0.0,-0.05299999999999905,0.0,0.0,-0.02200000000000557,0.0,0.0,0.022999999999999687,0.0,0.0,0.0,0.0,0.0,-0.052000000000003155,0.0,0.0
PHE  40,R PHE  40,0.0,0.0,0.0,-0.008000000000000895,0.0,0.0,-0.08599999999999852,0.0,0.0,0.08899999999999997,0.0,0.0,0.0,0.0,0.0,-0.00499999999999412,0.0,0.0
SER  41,R SER  41,0.0,0.0,0.0,-0.0030000000000001137,0.0,0.0,-0.1670000000000016,0.0,0.0,0.17999999999999972,0.0,0.0,0.0,0.0,0.0,0.00999999999999801,0.0,0.0
ALA  42,R ALA  42,0.0,0.0,0.0,-0.002000000000000668,0.0,0.0,-0.018000000000000682,0.0,0.0,0.024999999999999467,0.0,0.0,0.0,0.0,0.0,0.005000000000003446,0.0,0.0
LEU  43,R LEU  43,0.0,0.0,0.0,-0.006000000000000227,0.0,0.0,0.08599999999999852,0.0,0.0,-0.07899999999999974,0.0,0.0,0.0,0.0,0.0,0.0009999999999994458,0.0,0.0
SER  44,R SER  44,0.0,0.0,0.0,-0.001000000000000334,0.0,0.0,0.046999999999997044,0.0,0.0,-0.04200000000000004,0.0,0.0,0.0,0.0,0.0,0.004000000000006665,0.0,0.0
GLU  45,R GLU  45,0.0,0.0,0.0,-0.0019999999999997797,0.0,0.0,5.275999999999996,0.0,0.0,-5.275999999999996,0.0,0.0,0.0,0.0,0.0,-0.001999999999995339,0.0,0.0
GLY  46,R GLY  46,0.0,0.0,0.0,-0.0009999999999998899,0.0,0.0,-0.0309999999999917,0.0,0.0,0.03200000000000003,0.0,0.0,0.0,0.0,0.0,1.0658141036401503e-14,0.0,0.0
ALA  47,R ALA  47,0.0,0.0,0.0,0.0,0.0,0.0,0.02599999999999625,0.0,0.0,-0.02499999999999991,0.0,0.0,0.0,0.0,0.0,0.0009999999999963372,0.0,0.0
THR  48,R THR  48,0.0,0.0,0.0,-0.0010000000000012221,0.0,0.0,-0.03300000000000125,0.0,0.0,0.03199999999999992,0.0,0.0,0.0,0.0,0.0,-0.0020000000000077733,0.0,0.0
PRO  49,R PRO  49,0.0,0.0,0.0,0.0,0.0,0.0,-0.028999999999996362,0.0,0.0,0.026999999999999996,0.0,0.0,0.0,0.0,0.0,-0.001999999999996227,0.0,0.0
GLN  50,R GLN  50,0.0,0.0,0.0,0.0,0.0,0.0,-0.012000000000000455,0.0,0.0,0.012000000000000455,0.0,0.0,0.0,0.0,0.0,0.0,0.0,0.0
ASP  51,R ASP  51,0.0,0.0,0.0,-0.0009999999999994458,0.0,0.0,4.244,0.0,0.0,-4.25,0.0,0.0,0.0,0.0,0.0,-0.007000000000005002,0.0,0.0
LEU  52,R LEU  52,0.0,0.0,0.0,-0.0009999999999994458,0.0,0.0,-0.09799999999999898,0.0,0.0,0.09699999999999998,0.0,0.0,0.0,0.0,0.0,-0.0019999999999988916,0.0,0.0
ASN  53,R ASN  53,0.0,0.0,0.0,-0.001000000000000334,0.0,0.0,-0.10099999999999909,0.0,0.0,0.0990000000000002,0.0,0.0,0.0,0.0,0.0,-0.0030000000000001137,0.0,0.0
THR  54,R THR  54,0.0,0.0,0.0,-0.001000000000000334,0.0,0.0,-0.07699999999999818,0.0,0.0,0.07699999999999996,0.0,0.0,0.0,0.0,0.0,-0.0009999999999976694,0.0,0.0
MET  55,R MET  55,0.0,0.0,0.0,-0.0030000000000001137,0.0,0.0,-0.16899999999999693,0.0,0.0,0.1719999999999997,0.0,0.0,0.0,0.0,0.0,2.6645352591003757e-15,0.0,0.0
LEU  56,R LEU  56,0.0,0.0,0.0,-0.0030000000000001137,0.0,0.0,-0.2289999999999992,0.0,0.0,0.2300000000000002,0.0,0.0,0.0,0.0,0.0,-0.0019999999999988916,0.0,0.0
ASN  57,R ASN  57,0.0,0.0,0.0,-0.0019999999999997797,0.0,0.0,-0.16800000000000637,0.0,0.0,0.1739999999999995,0.0,0.0,0.0,0.0,0.0,0.003999999999990678,0.0,0.0
THR  58,R THR  58,0.0,0.0,0.0,-0.004000000000000448,0.0,0.0,-0.06799999999999784,0.0,0.0,0.08699999999999974,0.0,0.0,0.0,0.0,0.0,0.015000000000000568,0.0,0.0
VAL  59,R VAL  59,0.0,0.0,0.0,-0.010999999999999233,0.0,0.0,-0.1980000000000004,0.0,0.0,0.20799999999999996,0.0,0.0,0.0,0.0,0.0,-0.0010000000000029985,0.0,0.0
ALA  60,R ALA  60,0.0,0.0,0.0,-0.0040000000000000036,0.0,0.0,-0.11999999999999744,0.0,0.0,0.13699999999999957,0.0,0.0,0.0,0.0,0.0,0.013000000000012335,0.0,0.0
PRO  61,R PRO  61,0.0,0.0,0.0,-0.0129999999999999,0.0,0.0,-0.2530000000000001,0.0,0.0,0.2869999999999999,0.0,0.0,0.0,0.0,0.0,0.021000000000009678,0.0,0.0
HID  62,R HID  62,0.0,0.0,0.0,-0.049999999999998934,0.0,0.0,1.8759999999999906,0.0,0.0,-1.6920000000000002,0.0,0.0,0.0,0.0,0.0,0.13399999999999324,0.0,0.0
GLN  63,R GLN  63,0.0,0.0,0.0,-0.16699999999999982,0.0,0.0,1.4450000000000003,0.0,0.0,-0.8399999999999999,0.0,0.0,-0.07688812000000012,0.0,0.0,0.3611118800000028,0.0,0.0
ALA  64,R ALA  64,0.0,0.0,0.0,-0.03200000000000003,0.0,0.0,0.5849999999999937,0.0,0.0,-0.5429999999999999,0.0,0.0,0.0,0.0,0.0,0.00999999999999801,0.0,0.0
ALA  65,R ALA  65,0.0,0.0,0.0,-0.009000000000000341,0.0,0.0,0.1910000000000025,0.0,0.0,-0.17200000000000015,0.0,0.0,0.0,0.0,0.0,0.010000000000001563,0.0,0.0
ALA  66,R ALA  66,0.0,0.0,0.0,-0.007000000000000117,0.0,0.0,0.13500000000000512,0.0,0.0,-0.11900000000000022,0.0,0.0,0.0,0.0,0.0,0.009000000000000341,0.0,0.0
GLN  67,R GLN  67,0.0,0.0,0.0,-0.004000000000000448,0.0,0.0,-0.04000000000000625,0.0,0.0,0.0470000000000006,0.0,0.0,0.0,0.0,0.0,0.0030000000000001137,0.0,0.0
MET  68,R MET  68,0.0,0.0,0.0,-0.0039999999999995595,0.0,0.0,0.12199999999999989,0.0,0.0,-0.11399999999999988,0.0,0.0,0.0,0.0,0.0,0.003999999999996007,0.0,0.0
LEU  69,R LEU  69,0.0,0.0,0.0,-0.004999999999999005,0.0,0.0,0.1700000000000017,0.0,0.0,-0.16700000000000004,0.0,0.0,0.0,0.0,0.0,-0.0019999999999935625,0.0,0.0
LYS  70,R LYS  70,0.0,0.0,0.0,-0.002000000000000668,0.0,0.0,-3.6450000000000102,0.0,0.0,3.655999999999999,0.0,0.0,0.0,0.0,0.0,0.008999999999979025,0.0,0.0
GLU  71,R GLU  71,0.0,0.0,0.0,-0.0019999999999997797,0.0,0.0,4.031000000000006,0.0,0.0,-4.035000000000011,0.0,0.0,0.0,0.0,0.0,-0.006000000000000227,0.0,0.0
THR  72,R THR  72,0.0,0.0,0.0,-0.0009999999999994458,0.0,0.0,0.08099999999999596,0.0,0.0,-0.0779999999999994,0.0,0.0,0.0,0.0,0.0,0.0020000000000024443,0.0,0.0
ILE  73,R ILE  73,0.0,0.0,0.0,-0.0010000000000012221,0.0,0.0,0.055999999999997385,0.0,0.0,-0.054999999999999716,0.0,0.0,0.0,0.0,0.0,-7.105427357601002e-15,0.0,0.0
ASN  74,R ASN  74,0.0,0.0,0.0,-0.001000000000000334,0.0,0.0,0.009999999999990905,0.0,0.0,-0.009999999999999787,0.0,0.0,0.0,0.0,0.0,-0.0010000000000189857,0.0,0.0
GLU  75,R GLU  75,0.0,0.0,0.0,0.0,0.0,0.0,4.624000000000002,0.0,0.0,-4.625,0.0,0.0,0.0,0.0,0.0,-0.0009999999999976694,0.0,0.0
GLU  76,R GLU  76,0.0,0.0,0.0,0.0,0.0,0.0,4.830000000000005,0.0,0.0,-4.831000000000003,0.0,0.0,0.0,0.0,0.0,-0.0009999999999976694,0.0,0.0
ALA  77,R ALA  77,0.0,0.0,0.0,0.0,0.0,0.0,-0.000999999999990564,0.0,0.0,0.002000000000000224,0.0,0.0,0.0,0.0,0.0,0.0010000000000096598,0.0,0.0
ALA  78,R ALA  78,0.0,0.0,0.0,0.0,0.0,0.0,-0.014000000000010004,0.0,0.0,0.014000000000000012,0.0,0.0,0.0,0.0,0.0,-9.769962616701378e-15,0.0,0.0
GLU  79,R GLU  79,0.0,0.0,0.0,0.0,0.0,0.0,4.3729999999999976,0.0,0.0,-4.3729999999999905,0.0,0.0,0.0,0.0,0.0,7.105427357601002e-15,0.0,0.0
TRP  80,R TRP  80,0.0,0.0,0.0,0.0,0.0,0.0,0.012000000000000455,0.0,0.0,-0.01200000000000001,0.0,0.0,0.0,0.0,0.0,0.0,0.0,0.0
ASP  81,R ASP  81,0.0,0.0,0.0,0.0,0.0,0.0,4.082999999999998,0.0,0.0,-4.083999999999996,0.0,0.0,0.0,0.0,0.0,-0.0009999999999976694,0.0,0.0
ARG  82,R ARG  82,0.0,0.0,0.0,0.0,0.0,0.0,-4.158999999999999,0.0,0.0,4.16,0.0,0.0,0.0,0.0,0.0,0.0009999999999763531,0.0,0.0
LEU  83,R LEU  83,0.0,0.0,0.0,0.0,0.0,0.0,-0.03300000000000125,0.0,0.0,0.03300000000000036,0.0,0.0,0.0,0.0,0.0,0.0,0.0,0.0
HID  84,R HID  84,0.0,0.0,0.0,0.0,0.0,0.0,0.01300000000000523,0.0,0.0,-0.0129999999999999,0.0,0.0,0.0,0.0,0.0,3.552713678800501e-15,0.0,0.0
PRO  85,R PRO  85,0.0,0.0,0.0,0.0,0.0,0.0,0.030000000000001137,0.0,0.0,-0.030999999999999694,0.0,0.0,0.0,0.0,0.0,-0.0009999999999976694,0.0,0.0
VAL  86,R VAL  86,0.0,0.0,0.0,0.0,0.0,0.0,0.01099999999999568,0.0,0.0,-0.01100000000000012,0.0,0.0,0.0,0.0,0.0,-5.329070518200751e-15,0.0,0.0
HID  87,R HID  87,0.0,0.0,0.0,0.0,0.0,0.0,0.003999999999997783,0.0,0.0,-0.0039999999999995595,0.0,0.0,0.0,0.0,0.0,0.0,0.0,0.0
ALA  88,R ALA  88,0.0,0.0,0.0,0.0,0.0,0.0,-0.02200000000000557,0.0,0.0,0.021999999999999353,0.0,0.0,0.0,0.0,0.0,-5.329070518200751e-15,0.0,0.0
GLY  89,R GLY  89,0.0,0.0,0.0,0.0,0.0,0.0,0.01999999999999602,0.0,0.0,-0.01899999999999924,0.0,0.0,0.0,0.0,0.0,0.0009999999999976694,0.0,0.0
PRO  90,R PRO  90,0.0,0.0,0.0,0.0,0.0,0.0,0.007000000000005002,0.0,0.0,-0.007000000000000561,0.0,0.0,0.0,0.0,0.0,7.105427357601002e-15,0.0,0.0
ILE  91,R ILE  91,0.0,0.0,0.0,0.0,0.0,0.0,-0.029000000000003467,0.0,0.0,0.028999999999999915,0.0,0.0,0.0,0.0,0.0,-3.552713678800501e-15,0.0,0.0
ALA  92,R ALA  92,0.0,0.0,0.0,0.0,0.0,0.0,0.020000000000010232,0.0,0.0,-0.020000000000000462,0.0,0.0,0.0,0.0,0.0,1.0658141036401503e-14,0.0,0.0
PRO  93,R PRO  93,0.0,0.0,0.0,0.0,0.0,0.0,0.020000000000003126,0.0,0.0,-0.019000000000000128,0.0,0.0,0.0,0.0,0.0,0.0010000000000029985,0.0,0.0
GLY  94,R GLY  94,0.0,0.0,0.0,0.0,0.0,0.0,0.021000000000000796,0.0,0.0,-0.02200000000000024,0.0,0.0,0.0,0.0,0.0,-0.0009999999999994458,0.0,0.0
GLN  95,R GLN  95,0.0,0.0,0.0,-0.001000000000000334,0.0,0.0,-0.012000000000000455,0.0,0.0,0.011000000000001009,0.0,0.0,0.0,0.0,0.0,-0.0020000000000024443,0.0,0.0
MET  96,R MET  96,0.0,0.0,0.0,0.0,0.0,0.0,-0.021000000000000796,0.0,0.0,0.020999999999999908,0.0,0.0,0.0,0.0,0.0,-1.7763568394002505e-15,0.0,0.0
ARG  97,R ARG  97,0.0,0.0,0.0,0.0,0.0,0.0,-3.9740000000000038,0.0,0.0,3.9750000000000014,0.0,0.0,0.0,0.0,0.0,0.0009999999999763531,0.0,0.0
GLU  98,R GLU  98,0.0,0.0,0.0,0.0,0.0,0.0,4.126000000000005,0.0,0.0,-4.126999999999995,0.0,0.0,0.0,0.0,0.0,-0.000999999999990564,0.0,0.0
PRO  99,R PRO  99,0.0,0.0,0.0,0.0,0.0,0.0,-0.001999999999995339,0.0,0.0,0.0019999999999997797,0.0,0.0,0.0,0.0,0.0,3.552713678800501e-15,0.0,0.0
ARG 100,R ARG 100,0.0,0.0,0.0,0.0,0.0,0.0,-4.022000000000001,0.0,0.0,4.0219999999999985,0.0,0.0,0.0,0.0,0.0,0.0,0.0,0.0
GLY 101,R GLY 101,0.0,0.0,0.0,0.0,0.0,0.0,0.008000000000009777,0.0,0.0,-0.009000000000000008,0.0,0.0,0.0,0.0,0.0,-0.000999999999990564,0.0,0.0
SER 102,R SER 102,0.0,0.0,0.0,0.0,0.0,0.0,-0.0030000000000001137,0.0,0.0,0.0019999999999997797,0.0,0.0,0.0,0.0,0.0,-0.001000000000000334,0.0,0.0
ASP 103,R ASP 103,0.0,0.0,0.0,-0.001000000000000334,0.0,0.0,4.047999999999988,0.0,0.0,-4.049999999999997,0.0,0.0,0.0,0.0,0.0,-0.0030000000000143245,0.0,0.0
ILE 104,R ILE 104,0.0,0.0,0.0,0.0,0.0,0.0,-0.0020000000000024443,0.0,0.0,0.0020000000000000018,0.0,0.0,0.0,0.0,0.0,-2.4424906541753444e-15,0.0,0.0
ALA 105,R ALA 105,0.0,0.0,0.0,0.0,0.0,0.0,-0.01300000000000523,0.0,0.0,0.013,0.0,0.0,0.0,0.0,0.0,-5.329070518200751e-15,0.0,0.0
GLY 106,R GLY 106,0.0,0.0,0.0,0.0,0.0,0.0,-0.008000000000009777,0.0,0.0,0.008000000000000007,0.0,0.0,0.0,0.0,0.0,-9.769962616701378e-15,0.0,0.0
THR 107,R THR 107,0.0,0.0,0.0,0.0,0.0,0.0,0.005000000000002558,0.0,0.0,-0.006000000000000227,0.0,0.0,0.0,0.0,0.0,-0.0009999999999976694,0.0,0.0
THR 108,R THR 108,0.0,0.0,0.0,0.0,0.0,0.0,-0.007999999999995566,0.0,0.0,0.008000000000000007,0.0,0.0,0.0,0.0,0.0,7.105427357601002e-15,0.0,0.0
SER 109,R SER 109,0.0,0.0,0.0,0.0,0.0,0.0,-0.003999999999997783,0.0,0.0,0.0030000000000001137,0.0,0.0,0.0,0.0,0.0,-0.0009999999999976694,0.0,0.0
THR 110,R THR 110,0.0,0.0,0.0,0.0,0.0,0.0,-0.005000000000002558,0.0,0.0,0.005000000000000782,0.0,0.0,0.0,0.0,0.0,-1.7763568394002505e-15,0.0,0.0
LEU 111,R LEU 111,0.0,0.0,0.0,0.0,0.0,0.0,0.0049999999999954525,0.0,0.0,-0.006000000000000227,0.0,0.0,0.0,0.0,0.0,-0.0010000000000047748,0.0,0.0
GLN 112,R GLN 112,0.0,0.0,0.0,0.0,0.0,0.0,-0.009999999999990905,0.0,0.0,0.009000000000000341,0.0,0.0,0.0,0.0,0.0,-0.000999999999990564,0.0,0.0
GLU 113,R GLU 113,0.0,0.0,0.0,0.0,0.0,0.0,4.012999999999991,0.0,0.0,-4.014000000000003,0.0,0.0,0.0,0.0,0.0,-0.0010000000000118803,0.0,0.0
GLN 114,R GLN 114,0.0,0.0,0.0,0.0,0.0,0.0,0.04599999999999227,0.0,0.0,-0.04600000000000026,0.0,0.0,0.0,0.0,0.0,-7.105427357601002e-15,0.0,0.0
ILE 115,R ILE 115,0.0,0.0,0.0,0.0,0.0,0.0,0.018000000000000682,0.0,0.0,-0.018000000000000238,0.0,0.0,0.0,0.0,0.0,1.7763568394002505e-15,0.0,0.0
GLY 116,R GLY 116,0.0,0.0,0.0,0.0,0.0,0.0,0.017000000000010118,0.0,0.0,-0.018000000000000016,0.0,0.0,0.0,0.0,0.0,-0.00099999999999012,0.0,0.0
TRP 117,R TRP 117,0.0,0.0,0.0,0.0,0.0,0.0,0.02599999999999625,0.0,0.0,-0.02499999999999991,0.0,0.0,0.0,0.0,0.0,0.000999999999995893,0.0,0.0
MET 118,R MET 118,0.0,0.0,0.0,0.0,0.0,0.0,0.015000000000000568,0.0,0.0,-0.016000000000000014,0.0,0.0,0.0,0.0,0.0,-0.0009999999999994458,0.0,0.0
THR 119,R THR 119,0.0,0.0,0.0,0.0,0.0,0.0,0.007999999999995566,0.0,0.0,-0.008000000000000007,0.0,0.0,0.0,0.0,0.0,-7.105427357601002e-15,0.0,0.0
HID 120,R HID 120,0.0,0.0,0.0,0.0,0.0,0.0,0.04099999999999682,0.0,0.0,-0.04100000000000037,0.0,0.0,0.0,0.0,0.0,-3.552713678800501e-15,0.0,0.0
ASN 121,R ASN 121,0.0,0.0,0.0,0.0,0.0,0.0,0.017000000000010118,0.0,0.0,-0.01699999999999946,0.0,0.0,0.0,0.0,0.0,1.4210854715202004e-14,0.0,0.0
PRO 122,R PRO 122,0.0,0.0,0.0,0.0,0.0,0.0,-0.030999999999998806,0.0,0.0,0.030999999999999694,0.0,0.0,0.0,0.0,0.0,0.0,0.0,0.0
PRO 123,R PRO 123,0.0,0.0,0.0,0.0,0.0,0.0,0.019000000000005457,0.0,0.0,-0.019000000000000128,0.0,0.0,0.0,0.0,0.0,3.552713678800501e-15,0.0,0.0
ILE 124,R ILE 124,0.0,0.0,0.0,0.0,0.0,0.0,-0.020000000000003126,0.0,0.0,0.019000000000000128,0.0,0.0,0.0,0.0,0.0,-0.0010000000000047748,0.0,0.0
PRO 125,R PRO 125,0.0,0.0,0.0,0.0,0.0,0.0,0.015999999999991132,0.0,0.0,-0.016000000000000014,0.0,0.0,0.0,0.0,0.0,-1.0658141036401503e-14,0.0,0.0
VAL 126,R VAL 126,0.0,0.0,0.0,0.0,0.0,0.0,0.02400000000000091,0.0,0.0,-0.023000000000000007,0.0,0.0,0.0,0.0,0.0,0.0009999999999994458,0.0,0.0
GLY 127,R GLY 127,0.0,0.0,0.0,0.0,0.0,0.0,0.0020000000000095497,0.0,0.0,-0.0020000000000000018,0.0,0.0,0.0,0.0,0.0,9.769962616701378e-15,0.0,0.0
GLU 128,R GLU 128,0.0,0.0,0.0,-0.001000000000000334,0.0,0.0,5.119,0.0,0.0,-5.121000000000002,0.0,0.0,0.0,0.0,0.0,-0.0030000000000001137,0.0,0.0
ILE 129,R ILE 129,0.0,0.0,0.0,0.0,0.0,0.0,0.06499999999999773,0.0,0.0,-0.065,0.0,0.0,0.0,0.0,0.0,-1.7763568394002505e-15,0.0,0.0
TYR 130,R TYR 130,0.0,0.0,0.0,-0.0010000000000012221,0.0,0.0,0.03200000000001069,0.0,0.0,-0.030999999999999917,0.0,0.0,0.0,0.0,0.0,6.217248937900877e-15,0.0,0.0
LYS 131,R LYS 131,0.0,0.0,0.0,-0.0009999999999994458,0.0,0.0,-4.981999999999999,0.0,0.0,4.989000000000001,0.0,0.0,0.0,0.0,0.0,0.005999999999996675,0.0,0.0
ARG 132,R ARG 132,0.0,0.0,0.0,-0.0010000000000012221,0.0,0.0,-5.009,0.0,0.0,5.01,0.0,0.0,0.0,0.0,0.0,2.842170943040401e-14,0.0,0.0
TRP 133,R TRP 133,0.0,0.0,0.0,-0.0010000000000012221,0.0,0.0,0.027999999999991587,0.0,0.0,-0.028000000000000025,0.0,0.0,0.0,0.0,0.0,-0.0010000000000136566,0.0,0.0
ILE 134,R ILE 134,0.0,0.0,0.0,-0.0030000000000001137,0.0,0.0,0.049000000000006594,0.0,0.0,-0.04799999999999993,0.0,0.0,0.0,0.0,0.0,-0.0019999999999935625,0.0,0.0
ILE 135,R ILE 135,0.0,0.0,0.0,-0.0030000000000001137,0.0,0.0,0.11700000000000443,0.0,0.0,-0.11699999999999999,0.0,0.0,0.0,0.0,0.0,-0.002999999999996561,0.0,0.0
LEU 136,R LEU 136,0.0,0.0,0.0,-0.0019999999999988916,0.0,0.0,0.14300000000000068,0.0,0.0,-0.14100000000000001,0.0,0.0,0.0,0.0,0.0,5.329070518200751e-15,0.0,0.0
GLY 137,R GLY 137,0.0,0.0,0.0,-0.0019999999999997797,0.0,0.0,0.12600000000000477,0.0,0.0,-0.119,0.0,0.0,0.0,0.0,0.0,0.0049999999999954525,0.0,0.0
LEU 138,R LEU 138,0.0,0.0,0.0,-0.010000000000001563,0.0,0.0,0.18199999999998795,0.0,0.0,-0.17000000000000015,0.0,0.0,0.0,0.0,0.0,0.0019999999999900098,0.0,0.0
ASN 139,R ASN 139,0.0,0.0,0.0,-0.004999999999999005,0.0,0.0,0.6410000000000053,0.0,0.0,-0.6210000000000004,0.0,0.0,0.0,0.0,0.0,0.01500000000001478,0.0,0.0
LYS 140,R LYS 140,0.0,0.0,0.0,-0.004999999999999005,0.0,0.0,-5.038000000000011,0.0,0.0,5.057,0.0,0.0,0.0,0.0,0.0,0.013999999999992241,0.0,0.0
ILE 141,R ILE 141,0.0,0.0,0.0,-0.016000000000000014,0.0,0.0,0.25,0.0,0.0,-0.2120000000000002,0.0,0.0,0.0,0.0,0.0,0.02199999999999447,0.0,0.0
VAL 142,R VAL 142,0.0,0.0,0.0,-0.025000000000000355,0.0,0.0,0.377999999999993,0.0,0.0,-0.3280000000000003,0.0,0.0,0.0,0.0,0.0,0.024999999999994138,0.0,0.0
ARG 143,R ARG 143,0.0,0.0,0.0,-0.010000000000000675,0.0,0.0,-7.520000000000003,0.0,0.0,7.552000000000003,0.0,0.0,0.0,0.0,0.0,0.02200000000001978,0.0,0.0
MET 144,R MET 144,0.0,0.0,0.0,-0.01100000000000012,0.0,0.0,0.27599999999999625,0.0,0.0,-0.24399999999999977,0.0,0.0,0.0,0.0,0.0,0.021000000000000796,0.0,0.0
TYR 145,R TYR 145,0.0,0.0,0.0,-0.2839999999999989,0.0,0.0,-0.375,0.0,0.0,0.870000000000001,0.0,0.0,-0.07222150000000005,0.0,0.0,0.1387784999999937,0.0,0.0
SER 146,R SER 146,0.0,0.0,0.0,-0.05899999999999972,0.0,0.0,-0.030999999999998806,0.0,0.0,0.28800000000000026,0.0,0.0,0.0,0.0,0.0,0.19799999999998974,0.0,0.0
PRO 147,R PRO 147,0.0,0.0,0.0,-0.2320000000000002,0.0,0.0,-0.11699999999999733,0.0,0.0,0.4320000000000004,0.0,0.0,0.0,0.0,0.0,0.08300000000000374,0.0,0.0
THR 148,R THR 148,0.0,0.0,0.0,-2.4279999999999995,0.0,0.0,-0.5330000000000013,0.0,0.0,2.6140000000000008,0.0,0.0,-0.38947036,0.0,0.0,-0.7364703600000091,0.0,0.0
SER 149,R SER 149,0.0,0.0,0.0,-3.0660000000000007,0.0,0.0,-5.520000000000003,0.0,0.0,7.716,0.0,0.0,-0.31970412,0.0,0.0,-1.1897041200000056,0.0,0.0
ILE 150,R ILE 150,17.951999999999998,0.0,0.0,-8.772,0.0,0.0,-25.722,0.0,0.0,6.090999999999999,0.0,0.0,-1.1641997400000001,0.0,0.0,-11.615199740000008,0.0,0.0
LEU 151,L LEU   1,18.903999999999996,0.0,0.0,-2.066,0.0,0.0,-24.363,0.0,0.0,1.125,0.0,0.0,-0.28509742000000005,0.0,0.0,-6.685097420000005,0.0,0.0
ASP 152,L ASP   2,0.0,0.0,0.0,-2.675,0.0,0.0,13.966000000000008,0.0,0.0,-13.011000000000003,0.0,0.0,-0.23909246,0.0,0.0,-1.9590924599999937,0.0,0.0
ILE 153,L ILE   3,0.0,0.0,0.0,-2.5519999999999996,0.0,0.0,-1.347999999999999,0.0,0.0,1.4340000000000002,0.0,0.0,-0.14644298,0.0,0.0,-2.6124429800000044,0.0,0.0
ARG 154,L ARG   4,0.0,0.0,0.0,-0.17800000000000082,0.0,0.0,-14.566,0.0,0.0,14.811,0.0,0.0,0.0,0.0,0.0,0.06700000000000728,0.0,0.0
GLN 155,L GLN   5,0.0,0.0,0.0,-0.019999999999999574,0.0,0.0,-0.2530000000000001,0.0,0.0,0.2680000000000007,0.0,0.0,0.0,0.0,0.0,-0.0049999999999954525,0.0,0.0
GLY 156,L GLY   6,0.0,0.0,0.0,-0.006000000000000227,0.0,0.0,-0.08599999999999852,0.0,0.0,0.0959999999999992,0.0,0.0,0.0,0.0,0.0,0.004000000000000448,0.0,0.0
PRO 157,L PRO   7,0.0,0.0,0.0,-0.004999999999999893,0.0,0.0,-0.16199999999999903,0.0,0.0,0.16199999999999903,0.0,0.0,0.0,0.0,0.0,-0.005000000000009663,0.0,0.0
LYS 158,L LYS   8,0.0,0.0,0.0,-0.0040000000000000036,0.0,0.0,-11.614000000000004,0.0,0.0,11.616999999999997,0.0,0.0,0.0,0.0,0.0,-0.0010000000000118803,0.0,0.0
GLU 159,L GLU   9,0.0,0.0,0.0,-0.018000000000000682,0.0,0.0,16.938999999999993,0.0,0.0,-16.783000000000005,0.0,0.0,0.0,0.0,0.0,0.13799999999999102,0.0,0.0
PRO 160,L PRO  10,0.0,0.0,0.0,-0.007000000000000561,0.0,0.0,0.5609999999999999,0.0,0.0,-0.5470000000000002,0.0,0.0,0.0,0.0,0.0,0.007000000000008555,0.0,0.0
PHE 161,L PHE  11,0.0,0.0,0.0,-0.011000000000001009,0.0,0.0,0.5289999999999964,0.0,0.0,-0.5120000000000005,0.0,0.0,0.0,0.0,0.0,0.006000000000000227,0.0,0.0
ARG 162,L ARG  12,0.0,0.0,0.0,-0.016000000000000014,0.0,0.0,-13.888000000000002,0.0,0.0,13.914000000000001,0.0,0.0,0.0,0.0,0.0,0.009999999999962483,0.0,0.0
ASP 163,L ASP  13,0.0,0.0,0.0,-0.022999999999999687,0.0,0.0,17.186999999999998,0.0,0.0,-17.025,0.0,0.0,0.0,0.0,0.0,0.13900000000001,0.0,0.0
TYR 164,L TYR  14,0.0,0.0,0.0,-0.0710000000000015,0.0,0.0,0.9969999999999999,0.0,0.0,-0.944,0.0,0.0,0.0,0.0,0.0,-0.018000000000000682,0.0,0.0
VAL 165,L VAL  15,0.0,0.0,0.0,-0.028999999999999915,0.0,0.0,0.6469999999999985,0.0,0.0,-0.63,0.0,0.0,0.0,0.0,0.0,-0.012000000000005784,0.0,0.0
ASP 166,L ASP  16,0.0,0.0,0.0,-0.07699999999999996,0.0,0.0,25.12299999999999,0.0,0.0,-24.644,0.0,0.0,0.0,0.0,0.0,0.4019999999999939,0.0,0.0
ARG 167,L ARG  17,0.0,0.0,0.0,-0.2970000000000006,0.0,0.0,-20.376,0.0,0.0,20.769000000000002,0.0,0.0,-0.02323012000000002,0.0,0.0,0.07276987999995299,0.0,0.0
PHE 168,L PHE  18,0.0,0.0,0.0,-0.7460000000000004,0.0,0.0,0.5969999999999942,0.0,0.0,-0.471,0.0,0.0,-0.0269645,0.0,0.0,-0.6469645000000153,0.0,0.0
TYR 169,L TYR  19,0.0,0.0,0.0,-0.14499999999999957,0.0,0.0,0.8509999999999991,0.0,0.0,-0.7120000000000001,0.0,0.0,0.0,0.0,0.0,-0.005999999999997119,0.0,0.0
LYS 170,L LYS  20,0.0,0.0,0.0,-0.5190000000000001,0.0,0.0,-28.805999999999983,0.0,0.0,29.774,0.0,0.0,-0.11127260000000005,0.0,0.0,0.3377274000000412,0.0,0.0
THR 171,L THR  21,0.0,0.0,0.0,-1.9339999999999993,0.0,0.0,0.8470000000000013,0.0,0.0,-0.02799999999999958,0.0,0.0,-0.20122834,0.0,0.0,-1.316228339999995,0.0,0.0
LEU 172,L LEU  22,0.0,0.0,0.0,-1.0090000000000003,0.0,0.0,0.10699999999999932,0.0,0.0,-0.010000000000000231,0.0,0.0,-0.04969056,0.0,0.0,-0.9616905600000072,0.0,0.0
ARG 173,L ARG  23,0.0,0.0,0.0,-2.0220000000000002,0.0,0.0,-58.603,0.0,0.0,55.294,0.0,0.0,-0.49521456,0.0,0.0,-5.826214560000011,0.0,0.0
ALA 174,L ALA  24,0.0,0.0,0.0,-0.9319999999999995,0.0,0.0,0.18099999999999739,0.0,0.0,0.46699999999999964,0.0,0.0,-0.23918460000000002,0.0,0.0,-0.5231846000000052,0.0,0.0
GLU 175,L GLU  25,0.0,0.0,0.0,-1.0070000000000006,0.0,0.0,16.44899999999999,0.0,0.0,-14.623999999999995,0.0,0.0,-0.15326134000000002,0.0,0.0,0.6647386599999905,0.0,0.0
GLN 176,L GLN  26,0.0,0.0,0.0,-1.4310000000000005,0.0,0.0,-9.890999999999998,0.0,0.0,8.637,0.0,0.0,-0.36617520000000003,0.0,0.0,-3.051175200000003,0.0,0.0
ALA 177,L ALA  27,0.0,0.0,0.0,-0.0829999999999993,0.0,0.0,0.7420000000000044,0.0,0.0,-0.643,0.0,0.0,0.0,0.0,0.0,0.016000000000005343,0.0,0.0
SER 178,L SER  28,0.0,0.0,0.0,-0.024999999999999467,0.0,0.0,1.1769999999999925,0.0,0.0,-1.1140000000000008,0.0,0.0,0.0,0.0,0.0,0.038000000000000256,0.0,0.0
GLN 179,L GLN  29,0.0,0.0,0.0,-0.0259999999999998,0.0,0.0,0.5869999999999962,0.0,0.0,-0.4710000000000001,0.0,0.0,0.0,0.0,0.0,0.0899999999999963,0.0,0.0
GLU 180,L GLU  30,0.0,0.0,0.0,-0.009000000000000341,0.0,0.0,8.138999999999996,0.0,0.0,-8.100000000000009,0.0,0.0,0.0,0.0,0.0,0.030000000000001137,0.0,0.0
VAL 181,L VAL  31,0.0,0.0,0.0,-0.054999999999999716,0.0,0.0,-0.11399999999999721,0.0,0.0,0.15700000000000003,0.0,0.0,0.0,0.0,0.0,-0.011999999999996902,0.0,0.0
LYS 182,L LYS  32,0.0,0.0,0.0,-0.08900000000000041,0.0,0.0,-21.25,0.0,0.0,21.576,0.0,0.0,0.0,0.0,0.0,0.2370000000000001,0.0,0.0
ASN 183,L ASN  33,0.0,0.0,0.0,-0.012000000000000455,0.0,0.0,0.11999999999999034,0.0,0.0,-0.09700000000000131,0.0,0.0,0.0,0.0,0.0,0.01099999999999568,0.0,0.0
TRP 184,L TRP  34,0.0,0.0,0.0,-0.045999999999999375,0.0,0.0,0.15500000000000114,0.0,0.0,-0.11099999999999977,0.0,0.0,0.0,0.0,0.0,-0.0019999999999882334,0.0,0.0
MET 185,L MET  35,0.0,0.0,0.0,-0.9830000000000005,0.0,0.0,0.08699999999998909,0.0,0.0,0.16599999999999993,0.0,0.0,-0.09796650000000001,0.0,0.0,-0.8279665000000147,0.0,0.0
THR 186,L THR  36,0.0,0.0,0.0,-0.027000000000000135,0.0,0.0,0.21600000000000108,0.0,0.0,-0.18299999999999994,0.0,0.0,0.0,0.0,0.0,0.006000000000000227,0.0,0.0
GLU 187,L GLU  37,0.0,0.0,0.0,-0.009000000000000341,0.0,0.0,8.829999999999998,0.0,0.0,-8.792000000000002,0.0,0.0,0.0,0.0,0.0,0.028999999999996362,0.0,0.0
THR 188,L THR  38,0.0,0.0,0.0,-0.024999999999999467,0.0,0.0,-0.011000000000002785,0.0,0.0,0.06999999999999984,0.0,0.0,0.0,0.0,0.0,0.03399999999999892,0.0,0.0
LEU 189,L LEU  39,0.0,0.0,0.0,-0.9210000000000003,0.0,0.0,0.045000000000001705,0.0,0.0,0.006000000000000005,0.0,0.0,-0.03011352000000002,0.0,0.0,-0.900113520000005,0.0,0.0
LEU 190,L LEU  40,0.0,0.0,0.0,-0.057000000000000384,0.0,0.0,0.07500000000000284,0.0,0.0,-0.06600000000000003,0.0,0.0,0.0,0.0,0.0,-0.047999999999998266,0.0,0.0
VAL 191,L VAL  41,0.0,0.0,0.0,-0.009999999999999787,0.0,0.0,0.1180000000000021,0.0,0.0,-0.10499999999999998,0.0,0.0,0.0,0.0,0.0,0.0030000000000036664,0.0,0.0
GLN 192,L GLN  42,0.0,0.0,0.0,-0.012000000000000455,0.0,0.0,-0.18999999999999773,0.0,0.0,0.22000000000000064,0.0,0.0,0.0,0.0,0.0,0.018000000000000682,0.0,0.0
ASN 193,L ASN  43,0.0,0.0,0.0,-0.052999999999999936,0.0,0.0,-0.13900000000001,0.0,0.0,0.22600000000000087,0.0,0.0,0.0,0.0,0.0,0.033999999999991815,0.0,0.0
ALA 194,L ALA  44,0.0,0.0,0.0,-0.006000000000000227,0.0,0.0,-0.07000000000000739,0.0,0.0,0.07600000000000007,0.0,0.0,0.0,0.0,0.0,-7.993605777301127e-15,0.0,0.0
ASN 195,L ASN  45,0.0,0.0,0.0,-0.0039999999999995595,0.0,0.0,0.060000000000002274,0.0,0.0,-0.04600000000000026,0.0,0.0,0.0,0.0,0.0,0.010000000000005116,0.0,0.0
PRO 196,L PRO  46,0.0,0.0,0.0,-0.0019999999999997797,0.0,0.0,-0.05799999999999983,0.0,0.0,0.057000000000000384,0.0,0.0,0.0,0.0,0.0,-0.0029999999999947846,0.0,0.0
ASP 197,L ASP  47,0.0,0.0,0.0,-0.001000000000000334,0.0,0.0,8.965000000000003,0.0,0.0,-8.953999999999994,0.0,0.0,0.0,0.0,0.0,0.010000000000005116,0.0,0.0
CYX 198,L CYX  48,0.0,0.0,0.0,-0.002000000000000668,0.0,0.0,-0.14700000000000557,0.0,0.0,0.15000000000000036,0.0,0.0,0.0,0.0,0.0,0.000999999999985235,0.0,0.0
LYS 199,L LYS  49,0.0,0.0,0.0,-0.0039999999999995595,0.0,0.0,-9.983999999999995,0.0,0.0,9.985999999999997,0.0,0.0,0.0,0.0,0.0,-0.002000000000016655,0.0,0.0
THR 200,L THR  50,0.0,0.0,0.0,-0.0009999999999994458,0.0,0.0,-0.18600000000000705,0.0,0.0,0.18799999999999972,0.0,0.0,0.0,0.0,0.0,0.0009999999999941167,0.0,0.0
ILE 201,L ILE  51,0.0,0.0,0.0,-0.0009999999999994458,0.0,0.0,-0.19299999999999784,0.0,0.0,0.19300000000000006,0.0,0.0,0.0,0.0,0.0,-0.000999999999995893,0.0,0.0
LEU 202,L LEU  52,0.0,0.0,0.0,-0.0030000000000001137,0.0,0.0,-0.20300000000000296,0.0,0.0,0.20599999999999952,0.0,0.0,0.0,0.0,0.0,-3.552713678800501e-15,0.0,0.0
LYS 203,L LYS  53,0.0,0.0,0.0,-0.001000000000000334,0.0,0.0,-9.077999999999989,0.0,0.0,9.079,0.0,0.0,0.0,0.0,0.0,2.1316282072803006e-14,0.0,0.0
ALA 204,L ALA  54,0.0,0.0,0.0,-0.0009999999999998899,0.0,0.0,-0.1319999999999908,0.0,0.0,0.13199999999999967,0.0,0.0,0.0,0.0,0.0,-0.000999999999995893,0.0,0.0
LEU 205,L LEU  55,0.0,0.0,0.0,-0.001000000000000334,0.0,0.0,-0.19999999999998863,0.0,0.0,0.1999999999999993,0.0,0.0,0.0,0.0,0.0,-0.0009999999999799059,0.0,0.0
GLY 206,L GLY  56,0.0,0.0,0.0,0.0,0.0,0.0,0.18300000000000693,0.0,0.0,-0.18100000000000094,0.0,0.0,0.0,0.0,0.0,0.002000000000005997,0.0,0.0
PRO 207,L PRO  57,0.0,0.0,0.0,-0.0009999999999998899,0.0,0.0,-0.00999999999999801,0.0,0.0,0.009999999999999787,0.0,0.0,0.0,0.0,0.0,-0.0010000000000012221,0.0,0.0
GLY 208,L GLY  58,0.0,0.0,0.0,0.0,0.0,0.0,-0.00999999999999801,0.0,0.0,0.010999999999999233,0.0,0.0,0.0,0.0,0.0,0.0010000000000012221,0.0,0.0
ALA 209,L ALA  59,0.0,0.0,0.0,-0.0019999999999997797,0.0,0.0,0.13500000000000512,0.0,0.0,-0.13200000000000012,0.0,0.0,0.0,0.0,0.0,0.001000000000010104,0.0,0.0
THR 210,L THR  60,0.0,0.0,0.0,-0.0029999999999996696,0.0,0.0,0.11500000000000199,0.0,0.0,-0.10999999999999988,0.0,0.0,0.0,0.0,0.0,0.0020000000000024443,0.0,0.0
LEU 211,L LEU  61,0.0,0.0,0.0,-0.008999999999999453,0.0,0.0,0.11299999999999955,0.0,0.0,-0.10199999999999987,0.0,0.0,0.0,0.0,0.0,0.002000000000005997,0.0,0.0
GLU 212,L GLU  62,0.0,0.0,0.0,-0.004999999999999893,0.0,0.0,11.518,0.0,0.0,-11.439000000000007,0.0,0.0,0.0,0.0,0.0,0.07399999999999807,0.0,0.0
GLU 213,L GLU  63,0.0,0.0,0.0,-0.001000000000000334,0.0,0.0,8.283999999999999,0.0,0.0,-8.274000000000001,0.0,0.0,0.0,0.0,0.0,0.008999999999993236,0.0,0.0
MET 214,L MET  64,0.0,0.0,0.0,-0.0030000000000001137,0.0,0.0,-0.18900000000000716,0.0,0.0,0.1939999999999995,0.0,0.0,0.0,0.0,0.0,0.0019999999999926743,0.0,0.0
MET 215,L MET  65,0.0,0.0,0.0,-0.006999999999999673,0.0,0.0,0.06699999999999307,0.0,0.0,-0.061000000000000054,0.0,0.0,0.0,0.0,0.0,-0.0010000000000118803,0.0,0.0
THR 216,L THR  66,0.0,0.0,0.0,-0.0009999999999994458,0.0,0.0,0.19300000000000495,0.0,0.0,-0.18999999999999995,0.0,0.0,0.0,0.0,0.0,0.0019999999999988916,0.0,0.0
ALA 217,L ALA  67,0.0,0.0,0.0,-0.0009999999999994458,0.0,0.0,-0.14000000000000057,0.0,0.0,0.13999999999999968,0.0,0.0,0.0,0.0,0.0,-0.000999999999990564,0.0,0.0
CYX 218,L CYX  68,0.0,0.0,0.0,-0.002000000000000668,0.0,0.0,-0.04000000000000625,0.0,0.0,0.041999999999999815,0.0,0.0,0.0,0.0,0.0,-1.7763568394002505e-15,0.0,0.0
GLN 219,L GLN  69,0.0,0.0,0.0,-0.0019999999999997797,0.0,0.0,-0.15900000000000603,0.0,0.0,0.16399999999999793,0.0,0.0,0.0,0.0,0.0,0.002999999999985903,0.0,0.0
GLY 220,L GLY  70,0.0,0.0,0.0,-0.0009999999999998899,0.0,0.0,0.060000000000002274,0.0,0.0,-0.06099999999999994,0.0,0.0,0.0,0.0,0.0,-0.0020000000000024443,0.0,0.0
VAL 221,L VAL  71,0.0,0.0,0.0,0.0,0.0,0.0,7.811,0.0,0.0,-7.805999999999997,0.0,0.0,0.0,0.0,0.0,0.005000000000009663,0.0,0.0

idecomp = 1: Per-residue decomp adding 1-4 interactions to Internal.
Energy Decomposition Analysis (All units kcal/mol): Poisson Boltzmann solvent
Complex:
Total Energy Decomposition:
Residue,Internal,,,van der Waals,,,Electrostatic,,,Polar Solvation,,,Non-Polar Solv.,,,TOTAL,,
,Avg.,Std. Dev.,Std. Err. of Mean,Avg.,Std. Dev.,Std. Err. of Mean,Avg.,Std. Dev.,Std. Err. of Mean,Avg.,Std. Dev.,Std. Err. of Mean,Avg.,Std. Dev.,Std. Err. of Mean,Avg.,Std. Dev.,Std. Err. of Mean
PRO   1,99.572,0.0,0.0,-6.709,0.0,0.0,-107.324,0.0,0.0,11.894,0.0,0.0,0.0,0.0,0.0,-2.5669999999999984,0.0,0.0
ILE   2,90.691,0.0,0.0,-10.22,0.0,0.0,-66.022,0.0,0.0,-3.751,0.0,0.0,0.0,0.0,0.0,10.697999999999999,0.0,0.0
VAL   3,54.447,0.0,0.0,-5.639,0.0,0.0,-56.252,0.0,0.0,0.214,0.0,0.0,0.0,0.0,0.0,-7.230000000000002,0.0,0.0
GLN   4,20.927,0.0,0.0,-5.474,0.0,0.0,-59.401,0.0,0.0,-9.979,0.0,0.0,0.0,0.0,0.0,-53.92700000000001,0.0,0.0
ASN   5,29.094,0.0,0.0,-7.964,8.429369702178807e-08,8.429369702178807e-08,-80.608,0.0,0.0,-9.271,0.0,0.0,0.0,0.0,0.0,-68.749,0.0,0.0
LEU   6,78.502,0.0,0.0,-3.869,0.0,0.0,-72.076,0.0,0.0,-6.849,0.0,0.0,0.0,0.0,0.0,-4.291999999999998,0.0,0.0
GLN   7,35.462,0.0,0.0,-5.446,0.0,0.0,-75.938,0.0,0.0,-9.845,0.0,0.0,0.0,0.0,0.0,-55.766999999999996,0.0,0.0
GLY   8,75.898,0.0,0.0,-3.428,0.0,0.0,-69.442,0.0,0.0,-3.967,0.0,0.0,0.0,0.0,0.0,-0.9389999999999943,0.0,0.0
GLN   9,36.294,0.0,0.0,-5.589,0.0,0.0,-79.501,0.0,0.0,-6.893,0.0,0.0,0.0,0.0,0.0,-55.68900000000001,0.0,0.0
MET  10,104.928,0.0,0.0,-9.634,0.0,0.0,-82.768,0.0,0.0,-3.201,0.0,0.0,0.0,0.0,0.0,9.324999999999996,0.0,0.0
VAL  11,53.611,0.0,0.0,-5.606,0.0,0.0,-54.348,0.0,0.0,-2.411,0.0,0.0,0.0,0.0,0.0,-8.754000000000003,0.0,0.0
HID  12,93.634,0.0,0.0,-9.034,0.0,0.0,-62.486,0.0,0.0,-5.328,0.0,0.0,0.0,0.0,0.0,16.785999999999998,0.0,0.0
GLN  13,31.631,0.0,0.0,-5.323,0.0,0.0,-73.829,0.0,0.0,-10.755,0.0,0.0,0.0,0.0,0.0,-58.275999999999996,0.0,0.0
ALA  14,92.419,0.0,0.0,-3.558,0.0,0.0,-78.862,0.0,0.0,-3.764,0.0,0.0,0.0,0.0,0.0,6.234999999999996,0.0,0.0
ILE  15,99.797,0.0,0.0,-6.333,0.0,0.0,-73.15,0.0,0.0,-3.357,0.0,0.0,0.0,0.0,0.0,16.956999999999994,0.0,0.0
SER  16,69.421,0.0,0.0,-5.783,0.0,0.0,-49.094,0.0,0.0,-6.809,0.0,0.0,0.0,0.0,0.0,7.735000000000004,0.0,0.0
PRO  17,91.716,0.0,0.0,-4.653,0.0,0.0,-60.931,0.0,0.0,-2.924,0.0,0.0,0.0,0.0,0.0,23.20799999999999,0.0,0.0
ARG  18,-178.425,0.0,0.0,-5.369,0.0,0.0,72.724,0.0,0.0,-41.555,0.0,0.0,0.0,0.0,0.0,-152.625,0.0,0.0
THR  19,45.312,0.0,0.0,-8.245,0.0,0.0,-47.782,0.0,0.0,-7.111,0.0,0.0,0.0,0.0,0.0,-17.825999999999997,0.0,0.0
LEU  20,60.086,0.0,0.0,-10.159,0.0,0.0,-58.43,0.0,0.0,-2.338,0.0,0.0,0.0,0.0,0.0,-10.841000000000001,1.1920928955078125e-07,1.1920928955078125e-07
ASN  21,32.469,0.0,0.0,-5.959,0.0,0.0,-85.56,0.0,0.0,-10.412,0.0,0.0,0.0,0.0,0.0,-69.462,0.0,0.0
ALA  22,95.085,0.0,0.0,-5.898,0.0,0.0,-83.647,0.0,0.0,-1.174,0.0,0.0,0.0,0.0,0.0,4.3659999999999926,0.0,0.0
TRP  23,132.183,0.0,0.0,-17.382,0.0,0.0,-97.925,0.0,0.0,-1.385,0.0,0.0,0.0,0.0,0.0,15.49099999999999,0.0,0.0
VAL  24,69.212,0.0,0.0,-7.164,0.0,0.0,-57.492,0.0,0.0,-3.124,0.0,0.0,0.0,0.0,0.0,1.4320000000000044,0.0,0.0
LYS  25,136.849,0.0,0.0,-6.59,0.0,0.0,-103.31,0.0,0.0,-27.63,0.0,0.0,0.0,0.0,0.0,-0.6810000000000151,0.0,0.0
VAL  26,65.02,0.0,0.0,-9.109,0.0,0.0,-67.563,0.0,0.0,-1.464,0.0,0.0,0.0,0.0,0.0,-13.116000000000009,0.0,0.0
VAL  27,42.706,0.0,0.0,-10.521,0.0,0.0,-43.512,0.0,0.0,-1.807,0.0,0.0,0.0,0.0,0.0,-13.133999999999999,0.0,0.0
GLU  28,95.375,0.0,0.0,-8.741,0.0,0.0,-79.204,0.0,0.0,-67.379,0.0,0.0,0.0,0.0,0.0,-59.949,0.0,0.0
GLU  29,113.922,0.0,0.0,-6.253,0.0,0.0,-113.12,0.0,0.0,-43.617,0.0,0.0,0.0,0.0,0.0,-49.068000000000005,0.0,0.0
LYS  30,121.739,0.0,0.0,-10.299,0.0,0.0,-139.242,0.0,0.0,18.549,0.0,0.0,0.0,0.0,0.0,-9.252999999999993,0.0,0.0
ALA  31,87.853,0.0,0.0,-5.652,0.0,0.0,-75.497,0.0,0.0,-3.448,0.0,0.0,0.0,0.0,0.0,3.2559999999999936,0.0,0.0
PHE  32,108.151,0.0,0.0,-10.373,0.0,0.0,-76.083,0.0,0.0,-4.012,0.0,0.0,0.0,0.0,0.0,17.682999999999993,0.0,0.0
SER  33,80.48,0.0,0.0,-6.035,0.0,0.0,-61.024,0.0,0.0,-1.243,0.0,0.0,0.0,0.0,0.0,12.178000000000006,0.0,0.0
PRO  34,78.339,0.0,0.0,-4.711,0.0,0.0,-57.811,0.0,0.0,-0.223,0.0,0.0,0.0,0.0,0.0,15.594,0.0,0.0
GLU  35,105.992,0.0,0.0,-6.856,0.0,0.0,-88.071,0.0,0.0,-70.925,0.0,0.0,0.0,0.0,0.0,-59.859999999999985,0.0,0.0
VAL  36,55.196,0.0,0.0,-10.315,0.0,0.0,-56.31,0.0,0.0,0.555,0.0,0.0,0.0,0.0,0.0,-10.874000000000002,0.0,0.0
ILE  37,89.221,0.0,0.0,-10.388,0.0,0.0,-61.709,0.0,0.0,-0.812,0.0,0.0,0.0,0.0,0.0,16.311999999999994,0.0,0.0
PRO  38,80.986,0.0,0.0,-6.744,0.0,0.0,-59.837,0.0,0.0,-1.76,0.0,0.0,0.0,0.0,0.0,12.645000000000001,0.0,0.0
MET  39,88.307,0.0,0.0,-9.01,0.0,0.0,-71.718,0.0,0.0,-1.341,0.0,0.0,0.0,0.0,0.0,6.237999999999993,0.0,0.0
PHE  40,101.827,0.0,0.0,-14.243,0.0,0.0,-85.338,0.0,0.0,-0.644,0.0,0.0,0.0,0.0,0.0,1.6020000000000092,0.0,0.0
SER  41,77.937,0.0,0.0,-5.91,0.0,0.0,-67.22,0.0,0.0,-5.312,0.0,0.0,0.0,0.0,0.0,-0.5049999999999981,0.0,0.0
ALA  42,81.199,0.0,0.0,-4.11,0.0,0.0,-66.8,0.0,0.0,-4.258,0.0,0.0,0.0,0.0,0.0,6.0310000000000015,0.0,0.0
LEU  43,84.687,0.0,0.0,-10.884,0.0,0.0,-76.543,0.0,0.0,-3.41,0.0,0.0,0.0,0.0,0.0,-6.150000000000009,0.0,0.0
SER  44,74.215,0.0,0.0,-7.056,0.0,0.0,-75.69,0.0,0.0,-0.788,0.0,0.0,0.0,0.0,0.0,-9.318999999999992,0.0,0.0
GLU  45,101.693,0.0,0.0,-4.434,0.0,0.0,-68.705,0.0,0.0,-85.047,0.0,0.0,0.0,0.0,0.0,-56.492999999999995,0.0,0.0
GLY  46,66.558,0.0,0.0,-3.754,0.0,0.0,-67.047,0.0,0.0,-0.071,0.0,0.0,0.0,0.0,0.0,-4.313999999999988,0.0,0.0
ALA  47,96.295,0.0,0.0,-6.847,0.0,0.0,-86.074,0.0,0.0,-1.372,0.0,0.0,0.0,0.0,0.0,2.0020000000000095,0.0,0.0
THR  48,54.613,0.0,0.0,-8.23,0.0,0.0,-59.222,0.0,0.0,0.263,0.0,0.0,0.0,0.0,0.0,-12.576000000000006,0.0,0.0
PRO  49,73.437,0.0,0.0,-12.124,0.0,0.0,-55.162,0.0,0.0,0.81,0.0,0.0,0.0,0.0,0.0,6.960999999999997,0.0,0.0
GLN  50,28.657,0.0,0.0,-9.584,0.0,0.0,-76.899,0.0,0.0,-2.217,0.0,0.0,0.0,0.0,0.0,-60.043,0.0,0.0
ASP  51,94.659,0.0,0.0,-8.965,0.0,0.0,-121.413,0.0,0.0,-22.801,0.0,0.0,0.0,0.0,0.0,-58.519999999999996,0.0,0.0
LEU  52,62.445,0.0,0.0,-10.69,0.0,0.0,-70.397,0.0,0.0,-0.222,0.0,0.0,0.0,0.0,0.0,-18.864000000000004,0.0,0.0
ASN  53,32.313,0.0,0.0,-5.822,0.0,0.0,-95.765,0.0,0.0,-5.519,0.0,0.0,0.0,0.0,0.0,-74.793,0.0,0.0
THR  54,47.997,0.0,0.0,-6.391,0.0,0.0,-61.342,0.0,0.0,-1.498,0.0,0.0,0.0,0.0,0.0,-21.233999999999998,0.0,0.0
MET  55,81.286,0.0,0.0,-12.287,0.0,0.0,-65.175,0.0,0.0,-1.004,0.0,0.0,0.0,0.0,0.0,2.819999999999998,0.0,0.0
LEU  56,76.291,0.0,0.0,-9.173,0.0,0.0,-72.762,0.0,0.0,-0.869,0.0,0.0,0.0,0.0,0.0,-6.513000000000005,0.0,0.0
ASN  57,34.536,0.0,0.0,-5.849,0.0,0.0,-87.927,0.0,0.0,-11.64,0.0,0.0,0.0,0.0,0.0,-70.88000000000001,0.0,0.0
THR  58,55.734,0.0,0.0,-6.033,0.0,0.0,-62.983,0.0,0.0,-4.217,0.0,0.0,0.0,0.0,0.0,-17.498999999999995,0.0,0.0
VAL  59,42.716,0.0,0.0,-9.295,0.0,0.0,-43.964,0.0,0.0,-1.319,0.0,0.0,0.0,0.0,0.0,-11.861999999999998,0.0,0.0
ALA  60,89.846,0.0,0.0,-3.868,0.0,0.0,-62.881,0.0,0.0,-4.85,0.0,0.0,0.0,0.0,0.0,18.247000000000007,0.0,0.0
PRO  61,79.325,0.0,0.0,-4.704,0.0,0.0,-57.918,0.0,0.0,-3.242,0.0,0.0,0.0,0.0,0.0,13.46100000000001,0.0,0.0
HID  62,100.485,0.0,0.0,-10.411,0.0,0.0,-71.269,0.0,0.0,-3.769,0.0,0.0,0.0,0.0,0.0,15.035999999999992,0.0,0.0
GLN  63,29.838,0.0,0.0,-3.864,0.0,0.0,-62.238,0.0,0.0,-11.94,0.0,0.0,0.0,0.0,0.0,-48.20399999999999,0.0,0.0
ALA  64,84.91,0.0,0.0,-5.657,0.0,0.0,-71.971,0.0,0.0,0.286,0.0,0.0,0.0,0.0,0.0,7.567999999999996,0.0,0.0
ALA  65,89.938,0.0,0.0,-5.585,0.0,0.0,-75.829,0.0,0.0,-3.033,0.0,0.0,0.0,0.0,0.0,5.491000000000016,0.0,0.0
ALA  66,96.091,0.0,0.0,-3.295,0.0,0.0,-80.321,0.0,0.0,-2.558,0.0,0.0,0.0,0.0,0.0,9.916999999999994,0.0,0.0
GLN  67,37.835,0.0,0.0,-5.705,0.0,0.0,-75.908,0.0,0.0,-5.2,0.0,0.0,0.0,0.0,0.0,-48.978,0.0,0.0
MET  68,90.519,0.0,0.0,-8.863,0.0,0.0,-70.786,0.0,0.0,-2.915,0.0,0.0,0.0,0.0,0.0,7.9550000000000045,0.0,0.0
LEU  69,83.673,0.0,0.0,-11.866,0.0,0.0,-80.494,0.0,0.0,-0.812,0.0,0.0,0.0,0.0,0.0,-9.498999999999997,0.0,0.0
LYS  70,136.419,0.0,0.0,-8.65,0.0,0.0,-123.897,0.0,0.0,-4.104,0.0,0.0,0.0,0.0,0.0,-0.2320000000000002,0.0,0.0
GLU  71,110.394,0.0,0.0,-7.497,0.0,0.0,-81.838,0.0,0.0,-89.481,0.0,0.0,0.0,0.0,0.0,-68.42199999999998,0.0,0.0
THR  72,47.324,0.0,0.0,-9.74,0.0,0.0,-55.313,0.0,0.0,-2.434,0.0,0.0,0.0,0.0,0.0,-20.163000000000007,0.0,0.0
ILE  73,76.207,0.0,0.0,-12.111,0.0,0.0,-50.392,0.0,0.0,-2.51,0.0,0.0,0.0,0.0,0.0,11.193999999999987,0.0,0.0
ASN  74,25.693,0.0,0.0,-6.532,0.0,0.0,-82.492,0.0,0.0,-7.029,0.0,0.0,0.0,0.0,0.0,-70.36,0.0,0.0
GLU  75,108.721,0.0,0.0,-6.867,0.0,0.0,-63.139,0.0,0.0,-99.801,0.0,0.0,0.0,0.0,0.0,-61.086000000000006,0.0,0.0
GLU  76,101.2,0.0,0.0,-7.495,0.0,0.0,-44.245,0.0,0.0,-108.278,0.0,0.0,0.0,0.0,0.0,-58.818000000000005,0.0,0.0
ALA  77,83.674,0.0,0.0,-7.448,0.0,0.0,-70.157,0.0,0.0,-2.237,0.0,0.0,0.0,0.0,0.0,3.8320000000000025,0.0,0.0
ALA  78,97.193,0.0,0.0,-6.169,0.0,0.0,-85.459,0.0,0.0,-0.329,0.0,0.0,0.0,0.0,0.0,5.235999999999998,0.0,0.0
GLU  79,109.218,0.0,0.0,-8.775,0.0,0.0,-62.349,0.0,0.0,-98.161,0.0,0.0,0.0,0.0,0.0,-60.067,0.0,0.0
TRP  80,117.733,0.0,0.0,-13.858,0.0,0.0,-89.323,0.0,0.0,-1.136,0.0,0.0,0.0,0.0,0.0,13.416000000000007,0.0,0.0
ASP  81,101.419,0.0,0.0,-8.612,0.0,0.0,-94.346,0.0,0.0,-55.697,0.0,0.0,0.0,0.0,0.0,-57.236000000000004,0.0,0.0
ARG  82,-195.09,0.0,0.0,-8.546,0.0,0.0,6.445,0.0,0.0,29.025,0.0,0.0,0.0,0.0,0.0,-168.166,0.0,0.0
LEU  83,75.416,0.0,0.0,-5.589,0.0,0.0,-76.473,0.0,0.0,-2.3,0.0,0.0,0.0,0.0,0.0,-8.946000000000002,0.0,0.0
HID  84,121.955,0.0,0.0,-8.152,0.0,0.0,-80.535,0.0,0.0,-6.11,0.0,0.0,0.0,0.0,0.0,27.158,0.0,0.0
PRO  85,94.634,0.0,0.0,-3.659,0.0,0.0,-68.155,0.0,0.0,-3.678,0.0,0.0,0.0,0.0,0.0,19.141999999999992,0.0,0.0
VAL  86,51.518,0.0,0.0,-3.962,0.0,0.0,-51.136,0.0,0.0,-5.35,0.0,0.0,0.0,0.0,0.0,-8.930000000000005,0.0,0.0
HID  87,88.54,0.0,0.0,-5.28,0.0,0.0,-51.723,0.0,0.0,-12.04,0.0,0.0,0.0,0.0,0.0,19.497000000000007,0.0,0.0
ALA  88,88.026,0.0,0.0,-1.641,0.0,0.0,-69.561,0.0,0.0,-6.589,0.0,0.0,0.0,0.0,0.0,10.234999999999983,0.0,0.0
GLY  89,96.554,0.0,0.0,-2.209,0.0,0.0,-80.208,0.0,0.0,-4.046,0.0,0.0,0.0,0.0,0.0,10.091000000000001,0.0,0.0
PRO  90,84.416,0.0,0.0,-3.007,0.0,0.0,-59.397,0.0,0.0,-5.202,0.0,0.0,0.0,0.0,0.0,16.809999999999995,0.0,0.0
ILE  91,77.278,0.0,0.0,-5.681,0.0,0.0,-58.45,0.0,0.0,-4.304,0.0,0.0,0.0,0.0,0.0,8.843000000000005,0.0,0.0
ALA  92,95.773,0.0,0.0,-2.724,0.0,0.0,-69.365,0.0,0.0,-5.389,0.0,0.0,0.0,0.0,0.0,18.294999999999998,0.0,0.0
PRO  93,78.9,0.0,0.0,-2.645,0.0,0.0,-55.445,0.0,0.0,-6.328,0.0,0.0,0.0,0.0,0.0,14.48200000000001,0.0,0.0
GLY  94,74.199,0.0,0.0,-2.357,0.0,0.0,-67.448,0.0,0.0,-4.081,0.0,0.0,0.0,0.0,0.0,0.31300000000000505,0.0,0.0
GLN  95,34.403,0.0,0.0,-6.017,0.0,0.0,-69.882,0.0,0.0,-12.206,0.0,0.0,0.0,0.0,0.0,-53.70200000000001,0.0,0.0
MET  96,109.094,0.0,0.0,-9.497,0.0,0.0,-76.607,0.0,0.0,-6.313,0.0,0.0,0.0,0.0,0.0,16.676999999999996,0.0,0.0
ARG  97,-189.884,0.0,0.0,-5.019,0.0,0.0,-36.072,0.0,0.0,40.232,0.0,0.0,0.0,0.0,0.0,-190.743,0.0,0.0
GLU  98,106.023,0.0,0.0,-6.125,0.0,0.0,-63.208,0.0,0.0,-95.61,0.0,0.0,0.0,0.0,0.0,-58.92,0.0,0.0
PRO  99,94.444,0.0,0.0,-8.766,0.0,0.0,-60.3,0.0,0.0,-1.631,0.0,0.0,0.0,0.0,0.0,23.747,0.0,0.0
ARG 100,-187.927,0.0,0.0,-10.173,0.0,0.0,-10.367,0.0,0.0,34.013,0.0,0.0,0.0,0.0,0.0,-174.45399999999998,0.0,0.0
GLY 101,76.561,0.0,0.0,-5.896,0.0,0.0,-84.782,0.0,0.0,1.327,0.0,0.0,0.0,0.0,0.0,-12.78999999999999,0.0,0.0
SER 102,71.008,0.0,0.0,-7.052,0.0,0.0,-61.403,0.0,0.0,-4.594,0.0,0.0,0.0,0.0,0.0,-2.041000000000003,0.0,0.0
ASP 103,95.436,0.0,0.0,-6.623,0.0,0.0,-88.9,0.0,0.0,-46.021,0.0,0.0,0.0,0.0,0.0,-46.108000000000004,0.0,0.0
ILE 104,74.648,0.0,0.0,-13.13,0.0,0.0,-61.021,0.0,0.0,1.078,0.0,0.0,0.0,0.0,0.0,1.5749999999999929,0.0,0.0
ALA 105,84.795,0.0,0.0,-5.968,0.0,0.0,-80.432,0.0,0.0,0.229,0.0,0.0,0.0,0.0,0.0,-1.3760000000000039,0.0,0.0
GLY 106,90.529,0.0,0.0,-3.906,0.0,0.0,-86.799,0.0,0.0,-2.218,0.0,0.0,0.0,0.0,0.0,-2.394000000000016,0.0,0.0
THR 107,48.892,0.0,0.0,-4.931,0.0,0.0,-54.617,0.0,0.0,-7.391,0.0,0.0,0.0,0.0,0.0,-18.04699999999999,0.0,0.0
THR 108,35.564,0.0,0.0,-5.09,0.0,0.0,-42.748,0.0,0.0,-4.307,0.0,0.0,0.0,0.0,0.0,-16.580999999999996,0.0,0.0
SER 109,63.867,0.0,0.0,-3.479,0.0,0.0,-60.213,0.0,0.0,-0.748,0.0,0.0,0.0,0.0,0.0,-0.5730000000000028,0.0,0.0
THR 110,44.776,0.0,0.0,-4.583,0.0,0.0,-41.798,0.0,0.0,-7.278,0.0,0.0,0.0,0.0,0.0,-8.882999999999996,0.0,0.0
LEU 111,61.069,0.0,0.0,-7.834,0.0,0.0,-63.456,0.0,0.0,-3.745,0.0,0.0,0.0,0.0,0.0,-13.966000000000005,0.0,0.0
GLN 112,37.306,0.0,0.0,-6.18,0.0,0.0,-76.88,0.0,0.0,-11.013,0.0,0.0,0.0,0.0,0.0,-56.766999999999996,0.0,0.0
GLU 113,97.992,0.0,0.0,-6.399,0.0,0.0,-84.941,0.0,0.0,-61.055,0.0,0.0,0.0,0.0,0.0,-54.403,0.0,0.0
GLN 114,39.814,0.0,0.0,-11.857,0.0,0.0,-77.87,0.0,0.0,-3.628,0.0,0.0,0.0,0.0,0.0,-53.541000000000004,0.0,0.0
ILE 115,89.301,0.0,0.0,-8.948,0.0,0.0,-68.408,0.0,0.0,-1.68,0.0,0.0,0.0,0.0,0.0,10.265000000000008,0.0,0.0
GLY 116,80.128,0.0,0.0,-4.502,0.0,0.0,-77.133,0.0,0.0,-0.655,0.0,0.0,0.0,0.0,0.0,-2.161999999999991,0.0,0.0
TRP 117,124.16,0.0,0.0,-16.912,0.0,0.0,-90.712,0.0,0.0,-0.144,0.0,0.0,0.0,0.0,0.0,16.39199999999999,0.0,0.0
MET 118,103.457,0.0,0.0,-11.214,0.0,0.0,-82.3,0.0,0.0,-3.076,0.0,0.0,0.0,0.0,0.0,6.866999999999997,8.429369702178807e-08,8.429369702178807e-08
THR 119,38.431,0.0,0.0,-4.668,0.0,0.0,-53.554,0.0,0.0,-2.95,0.0,0.0,0.0,0.0,0.0,-22.741000000000003,0.0,0.0
HID 120,94.33,0.0,0.0,-9.412,0.0,0.0,-58.014,0.0,0.0,-8.568,0.0,0.0,0.0,0.0,0.0,18.33599999999999,0.0,0.0
ASN 121,43.271,0.0,0.0,-3.878,0.0,0.0,-83.136,0.0,0.0,-13.087,0.0,0.0,0.0,0.0,0.0,-56.83,0.0,0.0
PRO 122,93.083,0.0,0.0,-4.159,0.0,0.0,-55.996,0.0,0.0,-2.857,0.0,0.0,0.0,0.0,0.0,30.07099999999999,0.0,0.0
PRO 123,83.624,0.0,0.0,-6.279,0.0,0.0,-60.367,0.0,0.0,-2.709,0.0,0.0,0.0,0.0,0.0,14.269000000000002,0.0,0.0
ILE 124,91.644,0.0,0.0,-4.592,0.0,0.0,-61.798,0.0,0.0,-0.507,0.0,0.0,0.0,0.0,0.0,24.747000000000003,0.0,0.0
PRO 125,93.14,0.0,0.0,-6.514,0.0,0.0,-66.543,0.0,0.0,-1.607,0.0,0.0,0.0,0.0,0.0,18.476,0.0,0.0
VAL 126,52.678,0.0,0.0,-7.565,0.0,0.0,-55.176,0.0,0.0,0.201,0.0,0.0,0.0,0.0,0.0,-9.862000000000002,0.0,0.0
GLY 127,73.001,0.0,0.0,-4.951,0.0,0.0,-72.27,0.0,0.0,-1.113,0.0,0.0,0.0,0.0,0.0,-5.332999999999984,0.0,0.0
GLU 128,106.228,0.0,0.0,-5.899,0.0,0.0,-92.656,0.0,0.0,-62.901,0.0,0.0,0.0,0.0,0.0,-55.228000000000016,0.0,0.0
ILE 129,85.374,0.0,0.0,-9.368,0.0,0.0,-66.256,0.0,0.0,0.533,0.0,0.0,0.0,0.0,0.0,10.283,0.0,0.0
TYR 130,97.757,0.0,0.0,-13.089,0.0,0.0,-90.698,0.0,0.0,0.082,0.0,0.0,0.0,0.0,0.0,-5.947999999999987,0.0,0.0
LYS 131,141.434,0.0,0.0,-8.386,0.0,0.0,-180.406,0.0,0.0,39.581,0.0,0.0,0.0,0.0,0.0,-7.777000000000001,0.0,0.0
ARG 132,-186.134,0.0,0.0,-8.96,0.0,0.0,26.686,0.0,0.0,4.95,0.0,0.0,0.0,0.0,0.0,-163.458,0.0,0.0
TRP 133,128.979,0.0,0.0,-18.911,0.0,0.0,-99.045,0.0,0.0,-1.292,0.0,0.0,0.0,0.0,0.0,9.73100000000001,0.0,0.0
ILE 134,91.938,0.0,0.0,-11.718,0.0,0.0,-71.601,0.0,0.0,0.045,0.0,0.0,0.0,0.0,0.0,8.664,0.0,0.0
ILE 135,82.124,0.0,0.0,-6.75,0.0,0.0,-65.318,0.0,0.0,0.537,0.0,0.0,0.0,0.0,0.0,10.592999999999998,0.0,0.0
LEU 136,73.209,0.0,0.0,-8.642,0.0,0.0,-80.97,0.0,0.0,1.476,0.0,0.0,0.0,0.0,0.0,-14.926999999999992,0.0,0.0
GLY 137,78.644,0.0,0.0,-6.007,0.0,0.0,-79.166,0.0,0.0,0.849,0.0,0.0,0.0,0.0,0.0,-5.679999999999996,0.0,0.0
LEU 138,64.191,0.0,0.0,-12.085,0.0,0.0,-65.055,0.0,0.0,-0.556,0.0,0.0,0.0,0.0,0.0,-13.505000000000006,0.0,0.0
ASN 139,35.582,0.0,0.0,-8.399,0.0,0.0,-92.157,0.0,0.0,-4.508,0.0,0.0,0.0,0.0,0.0,-69.48199999999999,0.0,0.0
LYS 140,130.154,0.0,0.0,-11.062,0.0,0.0,-143.959,0.0,0.0,14.662,0.0,0.0,0.0,0.0,0.0,-10.205000000000004,0.0,0.0
ILE 141,92.187,0.0,0.0,-10.126,0.0,0.0,-75.086,0.0,0.0,-1.996,0.0,0.0,0.0,0.0,0.0,4.978999999999994,0.0,0.0
VAL 142,69.114,0.0,0.0,-9.507,0.0,0.0,-56.029,0.0,0.0,-5.259,0.0,0.0,0.0,0.0,0.0,-1.6809999999999974,0.0,0.0
ARG 143,-196.032,0.0,0.0,-7.057,0.0,0.0,51.056,0.0,0.0,-14.654,0.0,0.0,0.0,0.0,0.0,-166.687,0.0,0.0
MET 144,89.031,0.0,0.0,-5.44,0.0,0.0,-76.084,0.0,0.0,-4.948,0.0,0.0,0.0,0.0,0.0,2.5590000000000046,0.0,0.0
TYR 145,93.924,0.0,0.0,-10.706,0.0,0.0,-81.302,0.0,0.0,-9.821,0.0,0.0,0.0,0.0,0.0,-7.905000000000003,0.0,0.0
SER 146,74.797,0.0,0.0,-2.51,0.0,0.0,-50.673,0.0,0.0,-8.829,0.0,0.0,0.0,0.0,0.0,12.78499999999999,0.0,0.0
PRO 147,86.844,0.0,0.0,-3.713,0.0,0.0,-62.108,0.0,0.0,-5.23,0.0,0.0,0.0,0.0,0.0,15.793000000000003,0.0,0.0
THR 148,47.174,0.0,0.0,-4.911,0.0,0.0,-53.171,0.0,0.0,-6.348,0.0,0.0,0.0,0.0,0.0,-17.256,0.0,0.0
SER 149,66.556,0.0,0.0,-4.706,0.0,0.0,-54.947,0.0,0.0,-6.111,0.0,0.0,0.0,0.0,0.0,0.7919999999999918,0.0,0.0
ILE 150,83.496,0.0,0.0,-10.781,0.0,0.0,-55.579,0.0,0.0,-0.836,0.0,0.0,0.0,0.0,0.0,16.29999999999999,0.0,0.0
LEU 151,57.037,0.0,0.0,-4.545,0.0,0.0,-63.954,0.0,0.0,-4.447,0.0,0.0,0.0,0.0,0.0,-15.909000000000002,0.0,0.0
ASP 152,118.125,0.0,0.0,-6.975,0.0,0.0,-98.368,0.0,0.0,-75.418,0.0,0.0,0.0,0.0,0.0,-62.635999999999996,0.0,0.0
ILE 153,94.92,0.0,0.0,-8.777,0.0,0.0,-65.368,0.0,0.0,-3.62,0.0,0.0,0.0,0.0,0.0,17.155000000000005,0.0,0.0
ARG 154,-191.928,0.0,0.0,-8.221,0.0,0.0,8.13,0.0,0.0,20.955,0.0,0.0,0.0,0.0,0.0,-171.06400000000002,0.0,0.0
GLN 155,37.548,0.0,0.0,-11.693,0.0,0.0,-82.726,0.0,0.0,-3.897,0.0,0.0,0.0,0.0,0.0,-60.767999999999994,0.0,0.0
GLY 156,89.063,0.0,0.0,-3.524,0.0,0.0,-72.422,0.0,0.0,-4.815,0.0,0.0,0.0,0.0,0.0,8.302000000000003,0.0,0.0
PRO 157,88.016,0.0,0.0,-3.165,0.0,0.0,-54.219,0.0,0.0,-7.316,0.0,0.0,0.0,0.0,0.0,23.316,0.0,0.0
LYS 158,121.365,0.0,0.0,-3.551,0.0,0.0,-93.762,0.0,0.0,-29.015,0.0,0.0,0.0,0.0,0.0,-4.963000000000008,0.0,0.0
GLU 159,116.67,0.0,0.0,-6.541,0.0,0.0,-112.916,0.0,0.0,-38.07,0.0,0.0,0.0,0.0,0.0,-40.85699999999999,0.0,0.0
PRO 160,78.779,0.0,0.0,-6.945,0.0,0.0,-53.878,0.0,0.0,-2.282,0.0,0.0,0.0,0.0,0.0,15.674000000000003,0.0,0.0
PHE 161,104.933,0.0,0.0,-14.009,0.0,0.0,-71.0,0.0,0.0,-2.15,0.0,0.0,0.0,0.0,0.0,17.774000000000008,0.0,0.0
ARG 162,-196.407,0.0,0.0,-5.83,0.0,0.0,20.416,0.0,0.0,15.015,0.0,0.0,0.0,0.0,0.0,-166.80600000000004,0.0,0.0
ASP 163,86.653,0.0,0.0,-7.362,0.0,0.0,-95.666,0.0,0.0,-53.06,0.0,0.0,0.0,0.0,0.0,-69.43499999999999,0.0,0.0
TYR 164,96.568,0.0,0.0,-17.806,0.0,0.0,-94.367,0.0,0.0,-0.311,0.0,0.0,0.0,0.0,0.0,-15.916000000000004,0.0,0.0
VAL 165,51.136,0.0,0.0,-9.737,0.0,0.0,-56.529,0.0,0.0,0.325,0.0,0.0,0.0,0.0,0.0,-14.805000000000003,0.0,0.0
ASP 166,113.753,0.0,0.0,-5.72,0.0,0.0,-103.686,0.0,0.0,-61.78,0.0,0.0,0.0,0.0,0.0,-57.43300000000001,0.0,0.0
ARG 167,-190.146,0.0,0.0,-8.867,0.0,0.0,1.096,0.0,0.0,23.496,0.0,0.0,0.0,0.0,0.0,-174.42099999999996,0.0,0.0
PHE 168,103.699,0.0,0.0,-15.662,0.0,0.0,-80.599,0.0,0.0,0.44,0.0,0.0,0.0,0.0,0.0,7.877999999999989,0.0,0.0
TYR 169,104.696,0.0,0.0,-12.356,0.0,0.0,-92.254,0.0,0.0,-0.781,0.0,0.0,0.0,0.0,0.0,-0.6950000000000015,0.0,0.0
LYS 170,139.022,0.0,0.0,-6.753,0.0,0.0,-157.641,0.0,0.0,18.007,0.0,0.0,0.0,0.0,0.0,-7.364999999999984,0.0,0.0
THR 171,45.988,0.0,0.0,-9.024,0.0,0.0,-57.291,0.0,0.0,-3.608,0.0,0.0,0.0,0.0,0.0,-23.935,0.0,0.0
LEU 172,76.347,0.0,0.0,-12.433,0.0,0.0,-69.263,0.0,0.0,-2.019,0.0,0.0,0.0,0.0,0.0,-7.368000000000011,0.0,0.0
ARG 173,-196.816,0.0,0.0,-9.326,0.0,0.0,13.326,0.0,0.0,17.185,0.0,0.0,0.0,0.0,0.0,-175.631,0.0,0.0
ALA 174,87.709,0.0,0.0,-5.521,0.0,0.0,-78.415,0.0,0.0,-4.263,0.0,0.0,0.0,0.0,0.0,-0.49000000000000377,0.0,0.0
GLU 175,110.76,0.0,0.0,-5.581,0.0,0.0,-51.496,0.0,0.0,-114.099,0.0,0.0,0.0,0.0,0.0,-60.416000000000004,0.0,0.0
GLN 176,26.189,0.0,0.0,-5.416,0.0,0.0,-71.654,0.0,0.0,-6.541,0.0,0.0,0.0,0.0,0.0,-57.422,0.0,0.0
ALA 177,95.118,0.0,0.0,-5.193,0.0,0.0,-83.938,0.0,0.0,0.191,0.0,0.0,0.0,0.0,0.0,6.177999999999995,0.0,0.0
SER 178,77.349,0.0,0.0,-4.481,0.0,0.0,-66.965,0.0,0.0,-9.828,0.0,0.0,0.0,0.0,0.0,-3.9249999999999936,0.0,0.0
GLN 179,31.424,0.0,0.0,-5.556,0.0,0.0,-60.307,0.0,0.0,-18.351,0.0,0.0,0.0,0.0,0.0,-52.790000000000006,0.0,0.0
GLU 180,112.1,0.0,0.0,-5.57,0.0,0.0,-68.943,0.0,0.0,-98.153,0.0,0.0,0.0,0.0,0.0,-60.566,0.0,0.0
VAL 181,60.277,0.0,0.0,-4.935,0.0,0.0,-58.043,0.0,0.0,-2.346,0.0,0.0,0.0,0.0,0.0,-5.047000000000001,0.0,0.0
LYS 182,124.79,0.0,0.0,-10.106,0.0,0.0,-115.165,0.0,0.0,3.179,0.0,0.0,0.0,0.0,0.0,2.6980000000000053,0.0,0.0
ASN 183,41.974,0.0,0.0,-6.932,0.0,0.0,-93.831,0.0,0.0,-10.549,0.0,0.0,0.0,0.0,0.0,-69.33800000000001,0.0,0.0
TRP 184,120.835,0.0,0.0,-11.196,0.0,0.0,-94.166,0.0,0.0,-4.699,0.0,0.0,0.0,0.0,0.0,10.774,0.0,0.0
MET 185,107.108,0.0,0.0,-11.944,0.0,0.0,-88.019,0.0,0.0,-0.541,0.0,0.0,0.0,0.0,0.0,6.603999999999996,0.0,0.0
THR 186,46.801,0.0,0.0,-7.478,0.0,0.0,-59.056,0.0,0.0,0.34,0.0,0.0,0.0,0.0,0.0,-19.392999999999997,0.0,0.0
GLU 187,100.042,0.0,0.0,-5.958,0.0,0.0,-53.825,0.0,0.0,-103.091,0.0,0.0,0.0,0.0,0.0,-62.831999999999994,0.0,0.0
THR 188,44.741,0.0,0.0,-5.869,0.0,0.0,-47.189,0.0,0.0,-0.884,0.0,0.0,0.0,0.0,0.0,-9.201,0.0,0.0
LEU 189,71.097,0.0,0.0,-8.355,0.0,0.0,-67.401,0.0,0.0,0.382,0.0,0.0,0.0,0.0,0.0,-4.277000000000006,0.0,0.0
LEU 190,88.422,0.0,0.0,-12.43,0.0,0.0,-89.009,0.0,0.0,1.056,0.0,0.0,0.0,0.0,0.0,-11.96100000000001,0.0,0.0
VAL 191,53.34,0.0,0.0,-8.384,0.0,0.0,-56.053,0.0,0.0,0.606,0.0,0.0,0.0,0.0,0.0,-10.490999999999994,0.0,0.0
GLN 192,24.7,0.0,0.0,-7.44,0.0,0.0,-70.229,0.0,0.0,-2.148,0.0,0.0,0.0,0.0,0.0,-55.117000000000004,0.0,0.0
ASN 193,19.349,0.0,0.0,-6.577,0.0,0.0,-78.37,0.0,0.0,-7.551,0.0,0.0,0.0,0.0,0.0,-73.149,0.0,0.0
ALA 194,97.629,0.0,0.0,-7.421,0.0,0.0,-84.281,0.0,0.0,-0.011,0.0,0.0,0.0,0.0,0.0,5.915999999999992,0.0,0.0
ASN 195,33.709,0.0,0.0,-7.34,0.0,0.0,-83.902,0.0,0.0,-7.095,0.0,0.0,0.0,0.0,0.0,-64.628,0.0,0.0
PRO 196,80.322,0.0,0.0,-4.729,0.0,0.0,-60.855,0.0,0.0,-1.425,0.0,0.0,0.0,0.0,0.0,13.313000000000006,0.0,0.0
ASP 197,80.71,0.0,0.0,-5.464,0.0,0.0,-58.681,0.0,0.0,-87.154,0.0,0.0,0.0,0.0,0.0,-70.589,0.0,0.0
CYX 198,101.835,0.0,0.0,-8.564,0.0,0.0,-76.924,0.0,0.0,-3.072,0.0,0.0,0.0,0.0,0.0,13.27499999999998,0.0,0.0
LYS 199,140.415,0.0,0.0,-10.776,0.0,0.0,-125.378,0.0,0.0,-9.036,0.0,0.0,0.0,0.0,0.0,-4.775000000000018,0.0,0.0
THR 200,54.602,0.0,0.0,-5.826,0.0,0.0,-69.14,0.0,0.0,-0.864,0.0,0.0,0.0,0.0,0.0,-21.228000000000005,0.0,0.0
ILE 201,70.933,0.0,0.0,-9.04,0.0,0.0,-52.661,0.0,0.0,-1.295,0.0,0.0,0.0,0.0,0.0,7.9370000000000065,0.0,0.0
LEU 202,82.341,0.0,0.0,-11.537,0.0,0.0,-69.812,0.0,0.0,-4.832,0.0,0.0,0.0,0.0,0.0,-3.8400000000000096,0.0,0.0
LYS 203,122.267,0.0,0.0,-7.609,0.0,0.0,-106.008,0.0,0.0,-12.553,0.0,0.0,0.0,0.0,0.0,-3.902999999999995,0.0,0.0
ALA 204,83.844,0.0,0.0,-3.796,0.0,0.0,-73.945,0.0,0.0,-4.109,0.0,0.0,0.0,0.0,0.0,1.9939999999999944,0.0,0.0
LEU 205,77.686,0.0,0.0,-5.681,0.0,0.0,-78.011,0.0,0.0,-4.022,0.0,0.0,0.0,0.0,0.0,-10.027999999999986,0.0,0.0
GLY 206,91.102,0.0,0.0,-2.784,0.0,0.0,-73.231,0.0,0.0,-6.489,0.0,0.0,0.0,0.0,0.0,8.598000000000003,0.0,0.0
PRO 207,82.566,0.0,0.0,-2.604,0.0,0.0,-50.949,0.0,0.0,-8.609,0.0,0.0,0.0,0.0,0.0,20.404000000000003,0.0,0.0
GLY 208,68.247,0.0,0.0,-1.816,0.0,0.0,-60.007,0.0,0.0,-6.279,0.0,0.0,0.0,0.0,0.0,0.14499999999999957,0.0,0.0
ALA 209,102.127,0.0,0.0,-4.351,0.0,0.0,-88.914,0.0,0.0,-0.904,0.0,0.0,0.0,0.0,0.0,7.957999999999995,0.0,0.0
THR 210,44.322,0.0,0.0,-3.376,0.0,0.0,-60.253,0.0,0.0,-0.925,0.0,0.0,0.0,0.0,0.0,-20.231999999999996,0.0,0.0
LEU 211,57.212,0.0,0.0,-6.861,0.0,0.0,-64.289,0.0,0.0,-0.183,0.0,0.0,0.0,0.0,0.0,-14.120999999999995,0.0,0.0
GLU 212,107.503,0.0,0.0,-6.079,0.0,0.0,-59.396,0.0,0.0,-101.534,0.0,0.0,0.0,0.0,0.0,-59.506,0.0,0.0
GLU 213,101.619,0.0,0.0,-4.948,0.0,0.0,-56.236,0.0,0.0,-100.422,0.0,0.0,0.0,0.0,0.0,-59.987,0.0,0.0
MET 214,93.597,0.0,0.0,-10.825,0.0,0.0,-74.84,0.0,0.0,-1.257,0.0,0.0,0.0,0.0,0.0,6.674999999999988,0.0,0.0
MET 215,104.616,0.0,0.0,-8.302,0.0,0.0,-91.956,0.0,0.0,2.007,0.0,0.0,0.0,0.0,0.0,6.3649999999999896,8.429369702178807e-08,8.429369702178807e-08
THR 216,42.776,0.0,0.0,-5.228,0.0,0.0,-49.568,0.0,0.0,-4.847,0.0,0.0,0.0,0.0,0.0,-16.866999999999997,0.0,0.0
ALA 217,81.94,0.0,0.0,-4.699,0.0,0.0,-63.049,0.0,0.0,-5.044,0.0,0.0,0.0,0.0,0.0,9.148,0.0,0.0
CYX 218,93.384,0.0,0.0,-6.639,0.0,0.0,-79.998,0.0,0.0,-2.19,0.0,0.0,0.0,0.0,0.0,4.557,0.0,0.0
GLN 219,43.78,0.0,0.0,-5.832,0.0,0.0,-74.557,0.0,0.0,-15.0,0.0,0.0,0.0,0.0,0.0,-51.609,0.0,0.0
GLY 220,98.158,0.0,0.0,-1.388,0.0,0.0,-78.164,0.0,0.0,-9.427,0.0,0.0,0.0,0.0,0.0,9.178999999999995,0.0,0.0
VAL 221,35.701,0.0,0.0,-1.575,0.0,0.0,-4.269,0.0,0.0,-126.458,0.0,0.0,0.0,0.0,0.0,-96.601,0.0,0.0

Receptor:
Total Energy Decomposition:
Residue,Internal,,,van der Waals,,,Electrostatic,,,Polar Solvation,,,Non-Polar Solv.,,,TOTAL,,
,Avg.,Std. Dev.,Std. Err. of Mean,Avg.,Std. Dev.,Std. Err. of Mean,Avg.,Std. Dev.,Std. Err. of Mean,Avg.,Std. Dev.,Std. Err. of Mean,Avg.,Std. Dev.,Std. Err. of Mean,Avg.,Std. Dev.,Std. Err. of Mean
PRO   1,99.572,0.0,0.0,-6.709,0.0,0.0,-102.821,0.0,0.0,7.439,0.0,0.0,0.0,0.0,0.0,-2.5189999999999984,0.0,0.0
ILE   2,90.691,0.0,0.0,-10.22,0.0,0.0,-66.037,0.0,0.0,-3.737,0.0,0.0,0.0,0.0,0.0,10.696999999999997,0.0,0.0
VAL   3,54.447,0.0,0.0,-5.639,0.0,0.0,-56.218,0.0,0.0,0.18,0.0,0.0,0.0,0.0,0.0,-7.230000000000004,0.0,0.0
GLN   4,20.927,0.0,0.0,-5.474,0.0,0.0,-59.402,0.0,0.0,-9.976,0.0,0.0,0.0,0.0,0.0,-53.925,0.0,0.0
ASN   5,29.094,0.0,0.0,-7.964,8.429369702178807e-08,8.429369702178807e-08,-80.613,0.0,0.0,-9.266,0.0,0.0,0.0,0.0,0.0,-68.749,0.0,0.0
LEU   6,78.502,0.0,0.0,-3.869,0.0,0.0,-72.065,0.0,0.0,-6.86,0.0,0.0,0.0,0.0,0.0,-4.2920000000000025,0.0,0.0
GLN   7,35.462,0.0,0.0,-5.446,0.0,0.0,-75.942,0.0,0.0,-9.84,0.0,0.0,0.0,0.0,0.0,-55.76599999999999,0.0,0.0
GLY   8,75.898,0.0,0.0,-3.428,0.0,0.0,-69.426,0.0,0.0,-3.984,0.0,0.0,0.0,0.0,0.0,-0.940000000000003,0.0,0.0
GLN   9,36.294,0.0,0.0,-5.589,0.0,0.0,-79.56,0.0,0.0,-6.834,0.0,0.0,0.0,0.0,0.0,-55.68900000000001,0.0,0.0
MET  10,104.928,0.0,0.0,-9.634,0.0,0.0,-82.752,0.0,0.0,-3.216,0.0,0.0,0.0,0.0,0.0,9.326,0.0,0.0
VAL  11,53.611,0.0,0.0,-5.606,0.0,0.0,-54.36,0.0,0.0,-2.4,0.0,0.0,0.0,0.0,0.0,-8.755000000000004,0.0,0.0
HID  12,93.634,0.0,0.0,-9.034,0.0,0.0,-62.513,0.0,0.0,-5.302,0.0,0.0,0.0,0.0,0.0,16.784999999999997,0.0,0.0
GLN  13,31.631,0.0,0.0,-5.323,0.0,0.0,-73.811,0.0,0.0,-10.772,0.0,0.0,0.0,0.0,0.0,-58.275000000000006,0.0,0.0
ALA  14,92.419,0.0,0.0,-3.558,0.0,0.0,-78.892,0.0,0.0,-3.735,0.0,0.0,0.0,0.0,0.0,6.233999999999995,0.0,0.0
ILE  15,99.797,0.0,0.0,-6.332,0.0,0.0,-73.201,0.0,0.0,-3.306,0.0,0.0,0.0,0.0,0.0,16.95800000000001,0.0,0.0
SER  16,69.421,0.0,0.0,-5.782,0.0,0.0,-48.923,0.0,0.0,-6.978,0.0,0.0,0.0,0.0,0.0,7.738000000000008,0.0,0.0
PRO  17,91.716,0.0,0.0,-4.651,0.0,0.0,-60.696,0.0,0.0,-3.156,0.0,0.0,0.0,0.0,0.0,23.213,0.0,0.0
ARG  18,-178.425,0.0,0.0,-5.365,0.0,0.0,78.215,0.0,0.0,-46.986,0.0,0.0,0.0,0.0,0.0,-152.561,0.0,0.0
THR  19,45.312,0.0,0.0,-8.242,0.0,0.0,-47.583,0.0,0.0,-7.31,0.0,0.0,0.0,0.0,0.0,-17.823000000000004,0.0,0.0
LEU  20,60.086,0.0,0.0,-10.154,0.0,0.0,-58.032,0.0,0.0,-2.733,0.0,0.0,0.0,0.0,0.0,-10.832999999999995,0.0,0.0
ASN  21,32.469,0.0,0.0,-5.948,0.0,0.0,-84.47,0.0,0.0,-11.478,0.0,0.0,0.0,0.0,0.0,-69.42699999999999,0.0,0.0
ALA  22,95.085,0.0,0.0,-5.886,0.0,0.0,-83.038,0.0,0.0,-1.777,0.0,0.0,0.0,0.0,0.0,4.384000000000001,0.0,0.0
TRP  23,132.183,0.0,0.0,-17.357,0.0,0.0,-97.191,0.0,0.0,-2.132,0.0,0.0,0.0,0.0,0.0,15.502999999999991,0.0,0.0
VAL  24,69.212,0.0,0.0,-7.109,0.0,0.0,-56.307,0.0,0.0,-4.35,0.0,0.0,0.0,0.0,0.0,1.4459999999999997,0.0,0.0
LYS  25,136.849,0.0,0.0,-6.346,0.0,0.0,-104.342,0.0,0.0,-26.906,0.0,0.0,0.0,0.0,0.0,-0.7450000000000117,0.0,0.0
VAL  26,65.02,0.0,0.0,-8.999,0.0,0.0,-66.832,0.0,0.0,-2.259,0.0,0.0,0.0,0.0,0.0,-13.07,0.0,0.0
VAL  27,42.706,0.0,0.0,-10.424,0.0,0.0,-43.602,0.0,0.0,-1.71,0.0,0.0,0.0,0.0,0.0,-13.029999999999994,0.0,0.0
GLU  28,95.375,0.0,0.0,-7.157,0.0,0.0,-66.762,0.0,0.0,-82.221,0.0,0.0,0.0,0.0,0.0,-60.765,0.0,0.0
GLU  29,113.922,0.0,0.0,-5.683,0.0,0.0,-74.296,0.0,0.0,-87.839,0.0,0.0,0.0,0.0,0.0,-53.896,0.0,0.0
LYS  30,121.739,0.0,0.0,-9.208,0.0,0.0,-131.295,0.0,0.0,9.941,0.0,0.0,0.0,0.0,0.0,-8.82299999999998,0.0,0.0
ALA  31,87.853,0.0,0.0,-5.259,0.0,0.0,-77.616,0.0,0.0,-2.424,0.0,0.0,0.0,0.0,0.0,2.5539999999999945,0.0,0.0
PHE  32,108.151,0.0,0.0,-10.137,0.0,0.0,-77.066,0.0,0.0,-3.11,0.0,0.0,0.0,0.0,0.0,17.837999999999994,0.0,0.0
SER  33,80.48,0.0,0.0,-5.862,0.0,0.0,-59.172,0.0,0.0,-3.048,0.0,0.0,0.0,0.0,0.0,12.398000000000012,0.0,0.0
PRO  34,78.339,0.0,0.0,-4.664,0.0,0.0,-56.829,0.0,0.0,-1.185,0.0,0.0,0.0,0.0,0.0,15.660999999999996,0.0,0.0
GLU  35,105.992,0.0,0.0,-6.627,0.0,0.0,-104.969,0.0,0.0,-54.546,0.0,0.0,0.0,0.0,0.0,-60.149999999999984,0.0,0.0
VAL  36,55.196,0.0,0.0,-10.276,0.0,0.0,-56.069,0.0,0.0,0.338,0.0,0.0,0.0,0.0,0.0,-10.811000000000002,0.0,0.0
ILE  37,89.221,0.0,0.0,-10.377,0.0,0.0,-61.313,0.0,0.0,-1.201,0.0,0.0,0.0,0.0,0.0,16.330000000000005,0.0,0.0
PRO  38,80.986,0.0,0.0,-6.734,0.0,0.0,-59.45,0.0,0.0,-2.141,0.0,0.0,0.0,0.0,0.0,12.661000000000007,0.0,0.0
MET  39,88.307,0.0,0.0,-8.957,0.0,0.0,-71.696,0.0,0.0,-1.336,0.0,0.0,0.0,0.0,0.0,6.317999999999996,0.0,0.0
PHE  40,101.827,0.0,0.0,-14.235,0.0,0.0,-85.252,0.0,0.0,-0.724,0.0,0.0,0.0,0.0,0.0,1.6160000000000034,0.0,0.0
SER  41,77.937,0.0,0.0,-5.907,0.0,0.0,-67.053,0.0,0.0,-5.474,0.0,0.0,0.0,0.0,0.0,-0.49699999999999633,0.0,0.0
ALA  42,81.199,0.0,0.0,-4.108,0.0,0.0,-66.782,0.0,0.0,-4.274,0.0,0.0,0.0,0.0,0.0,6.0349999999999975,0.0,0.0
LEU  43,84.687,0.0,0.0,-10.878,0.0,0.0,-76.629,0.0,0.0,-3.322,0.0,0.0,0.0,0.0,0.0,-6.1420000000000075,0.0,0.0
SER  44,74.215,0.0,0.0,-7.055,0.0,0.0,-75.737,0.0,0.0,-0.74,0.0,0.0,0.0,0.0,0.0,-9.316999999999998,0.0,0.0
GLU  45,101.693,0.0,0.0,-4.432,0.0,0.0,-73.981,0.0,0.0,-79.843,0.0,0.0,0.0,0.0,0.0,-56.563,0.0,0.0
GLY  46,66.558,0.0,0.0,-3.753,0.0,0.0,-67.016,0.0,0.0,-0.1,0.0,0.0,0.0,0.0,0.0,-4.310999999999998,0.0,0.0
ALA  47,96.295,0.0,0.0,-6.847,0.0,0.0,-86.1,0.0,0.0,-1.347,0.0,0.0,0.0,0.0,0.0,2.001000000000013,0.0,0.0
THR  48,54.613,0.0,0.0,-8.229,0.0,0.0,-59.189,0.0,0.0,0.23,0.0,0.0,0.0,0.0,0.0,-12.575,0.0,0.0
PRO  49,73.437,0.0,0.0,-12.124,0.0,0.0,-55.133,0.0,0.0,0.782,0.0,0.0,0.0,0.0,0.0,6.961999999999993,0.0,0.0
GLN  50,28.657,0.0,0.0,-9.584,0.0,0.0,-76.887,0.0,0.0,-2.23,0.0,0.0,0.0,0.0,0.0,-60.044,0.0,0.0
ASP  51,94.659,0.0,0.0,-8.964,0.0,0.0,-125.657,0.0,0.0,-18.605,0.0,0.0,0.0,0.0,0.0,-58.56699999999999,0.0,0.0
LEU  52,62.445,0.0,0.0,-10.689,0.0,0.0,-70.299,0.0,0.0,-0.32,0.0,0.0,0.0,0.0,0.0,-18.863000000000007,0.0,0.0
ASN  53,32.313,0.0,0.0,-5.821,0.0,0.0,-95.664,0.0,0.0,-5.621,0.0,0.0,0.0,0.0,0.0,-74.79299999999999,0.0,0.0
THR  54,47.997,0.0,0.0,-6.39,0.0,0.0,-61.265,0.0,0.0,-1.574,0.0,0.0,0.0,0.0,0.0,-21.232000000000003,0.0,0.0
MET  55,81.286,0.0,0.0,-12.284,0.0,0.0,-65.006,0.0,0.0,-1.174,0.0,0.0,0.0,0.0,0.0,2.821999999999995,0.0,0.0
LEU  56,76.291,0.0,0.0,-9.17,0.0,0.0,-72.533,0.0,0.0,-1.096,0.0,0.0,0.0,0.0,0.0,-6.508000000000006,0.0,0.0
ASN  57,34.536,0.0,0.0,-5.847,0.0,0.0,-87.759,0.0,0.0,-11.806,0.0,0.0,0.0,0.0,0.0,-70.876,0.0,0.0
THR  58,55.734,0.0,0.0,-6.029,0.0,0.0,-62.915,0.0,0.0,-4.28,0.0,0.0,0.0,0.0,0.0,-17.490000000000002,0.0,0.0
VAL  59,42.716,0.0,0.0,-9.284,0.0,0.0,-43.766,0.0,0.0,-1.515,0.0,0.0,0.0,0.0,0.0,-11.848999999999997,0.0,0.0
ALA  60,89.846,0.0,0.0,-3.864,0.0,0.0,-62.761,0.0,0.0,-4.969,0.0,0.0,0.0,0.0,0.0,18.251999999999995,0.0,0.0
PRO  61,79.325,0.0,0.0,-4.691,0.0,0.0,-57.665,0.0,0.0,-3.489,0.0,0.0,0.0,0.0,0.0,13.48,0.0,0.0
HID  62,100.485,0.0,0.0,-10.361,0.0,0.0,-73.145,0.0,0.0,-1.925,0.0,0.0,0.0,0.0,0.0,15.053999999999998,0.0,0.0
GLN  63,29.838,0.0,0.0,-3.697,0.0,0.0,-63.683,0.0,0.0,-10.744,0.0,0.0,0.0,0.0,0.0,-48.286,0.0,0.0
ALA  64,84.91,0.0,0.0,-5.625,0.0,0.0,-72.556,0.0,0.0,0.858,0.0,0.0,0.0,0.0,0.0,7.586999999999999,0.0,0.0
ALA  65,89.938,0.0,0.0,-5.576,0.0,0.0,-76.02,0.0,0.0,-2.844,0.0,0.0,0.0,0.0,0.0,5.4980000000000135,0.0,0.0
ALA  66,96.091,0.0,0.0,-3.288,0.0,0.0,-80.456,0.0,0.0,-2.431,0.0,0.0,0.0,0.0,0.0,9.915999999999993,0.0,0.0
GLN  67,37.835,0.0,0.0,-5.701,0.0,0.0,-75.868,0.0,0.0,-5.244,0.0,0.0,0.0,0.0,0.0,-48.977999999999994,0.0,0.0
MET  68,90.519,0.0,0.0,-8.859,0.0,0.0,-70.908,0.0,0.0,-2.796,0.0,0.0,0.0,0.0,0.0,7.95600000000001,0.0,0.0
LEU  69,83.673,0.0,0.0,-11.861,0.0,0.0,-80.664,0.0,0.0,-0.642,0.0,0.0,0.0,0.0,0.0,-9.494000000000003,0.0,0.0
LYS  70,136.419,0.0,0.0,-8.648,0.0,0.0,-120.252,0.0,0.0,-7.697,0.0,0.0,0.0,0.0,0.0,-0.1779999999999804,0.0,0.0
GLU  71,110.394,0.0,0.0,-7.495,0.0,0.0,-85.869,0.0,0.0,-85.501,0.0,0.0,0.0,0.0,0.0,-68.471,0.0,0.0
THR  72,47.324,0.0,0.0,-9.739,0.0,0.0,-55.394,0.0,0.0,-2.354,0.0,0.0,0.0,0.0,0.0,-20.163000000000004,0.0,0.0
ILE  73,76.207,0.0,0.0,-12.11,0.0,0.0,-50.448,0.0,0.0,-2.454,0.0,0.0,0.0,0.0,0.0,11.194999999999993,0.0,0.0
ASN  74,25.693,0.0,0.0,-6.531,0.0,0.0,-82.502,0.0,0.0,-7.02,0.0,0.0,0.0,0.0,0.0,-70.35999999999999,0.0,0.0
GLU  75,108.721,0.0,0.0,-6.867,0.0,0.0,-67.763,0.0,0.0,-95.242,0.0,0.0,0.0,0.0,0.0,-61.15100000000001,0.0,0.0
GLU  76,101.2,0.0,0.0,-7.495,0.0,0.0,-49.075,0.0,0.0,-103.522,0.0,0.0,0.0,0.0,0.0,-58.89200000000001,0.0,0.0
ALA  77,83.674,0.0,0.0,-7.448,0.0,0.0,-70.156,0.0,0.0,-2.238,0.0,0.0,0.0,0.0,0.0,3.831999999999993,0.0,0.0
ALA  78,97.193,0.0,0.0,-6.169,0.0,0.0,-85.445,0.0,0.0,-0.343,0.0,0.0,0.0,0.0,0.0,5.236000000000008,0.0,0.0
GLU  79,109.218,0.0,0.0,-8.775,0.0,0.0,-66.722,0.0,0.0,-93.853,0.0,0.0,0.0,0.0,0.0,-60.13199999999999,0.0,0.0
TRP  80,117.733,0.0,0.0,-13.858,0.0,0.0,-89.335,0.0,0.0,-1.124,0.0,0.0,0.0,0.0,0.0,13.416000000000006,0.0,0.0
ASP  81,101.419,0.0,0.0,-8.612,0.0,0.0,-98.429,0.0,0.0,-51.673,0.0,0.0,0.0,0.0,0.0,-57.295,0.0,0.0
ARG  82,-195.09,0.0,0.0,-8.546,0.0,0.0,10.604,0.0,0.0,24.924,0.0,0.0,0.0,0.0,0.0,-168.10799999999998,0.0,0.0
LEU  83,75.416,0.0,0.0,-5.589,0.0,0.0,-76.44,0.0,0.0,-2.332,0.0,0.0,0.0,0.0,0.0,-8.945,0.0,0.0
HID  84,121.955,0.0,0.0,-8.152,0.0,0.0,-80.548,0.0,0.0,-6.097,0.0,0.0,0.0,0.0,0.0,27.157999999999994,0.0,0.0
PRO  85,94.634,0.0,0.0,-3.659,0.0,0.0,-68.185,0.0,0.0,-3.648,0.0,0.0,0.0,0.0,0.0,19.141999999999992,0.0,0.0
VAL  86,51.518,0.0,0.0,-3.962,0.0,0.0,-51.147,0.0,0.0,-5.339,0.0,0.0,0.0,0.0,0.0,-8.930000000000001,0.0,0.0
HID  87,88.54,0.0,0.0,-5.28,0.0,0.0,-51.727,0.0,0.0,-12.036,0.0,0.0,0.0,0.0,0.0,19.497000000000007,0.0,0.0
ALA  88,88.026,0.0,0.0,-1.641,0.0,0.0,-69.539,0.0,0.0,-6.611,0.0,0.0,0.0,0.0,0.0,10.234999999999989,0.0,0.0
GLY  89,96.554,0.0,0.0,-2.209,0.0,0.0,-80.228,0.0,0.0,-4.027,0.0,0.0,0.0,0.0,0.0,10.090000000000003,0.0,0.0
PRO  90,84.416,0.0,0.0,-3.007,0.0,0.0,-59.404,0.0,0.0,-5.194,0.0,0.0,0.0,0.0,0.0,16.81099999999999,0.0,0.0
ILE  91,77.278,0.0,0.0,-5.681,0.0,0.0,-58.421,0.0,0.0,-4.333,0.0,0.0,0.0,0.0,0.0,8.843000000000009,0.0,0.0
ALA  92,95.773,0.0,0.0,-2.724,0.0,0.0,-69.385,0.0,0.0,-5.369,0.0,0.0,0.0,0.0,0.0,18.294999999999987,0.0,0.0
PRO  93,78.9,0.0,0.0,-2.645,0.0,0.0,-55.465,0.0,0.0,-6.308,0.0,0.0,0.0,0.0,0.0,14.482000000000006,0.0,0.0
GLY  94,74.199,0.0,0.0,-2.357,0.0,0.0,-67.469,0.0,0.0,-4.06,0.0,0.0,0.0,0.0,0.0,0.31300000000000505,0.0,0.0
GLN  95,34.403,0.0,0.0,-6.016,0.0,0.0,-69.87,0.0,0.0,-12.218,0.0,0.0,0.0,0.0,0.0,-53.70100000000001,0.0,0.0
MET  96,109.094,0.0,0.0,-9.497,0.0,0.0,-76.586,0.0,0.0,-6.333,0.0,0.0,0.0,0.0,0.0,16.677999999999997,0.0,0.0
ARG  97,-189.884,0.0,0.0,-5.019,0.0,0.0,-32.098,0.0,0.0,36.31,0.0,0.0,0.0,0.0,0.0,-190.69099999999997,0.0,0.0
GLU  98,106.023,0.0,0.0,-6.125,0.0,0.0,-67.334,0.0,0.0,-91.538,0.0,0.0,0.0,0.0,0.0,-58.974000000000004,0.0,0.0
PRO  99,94.444,0.0,0.0,-8.766,0.0,0.0,-60.298,0.0,0.0,-1.633,0.0,0.0,0.0,0.0,0.0,23.746999999999996,0.0,0.0
ARG 100,-187.927,0.0,0.0,-10.173,0.0,0.0,-6.345,0.0,0.0,30.049,0.0,0.0,0.0,0.0,0.0,-174.396,0.0,0.0
GLY 101,76.561,0.0,0.0,-5.896,0.0,0.0,-84.79,0.0,0.0,1.335,0.0,0.0,0.0,0.0,0.0,-12.79,0.0,0.0
SER 102,71.008,0.0,0.0,-7.052,0.0,0.0,-61.4,0.0,0.0,-4.596,0.0,0.0,0.0,0.0,0.0,-2.0400000000000027,0.0,0.0
ASP 103,95.436,0.0,0.0,-6.622,0.0,0.0,-92.948,0.0,0.0,-42.028,0.0,0.0,0.0,0.0,0.0,-46.161999999999985,0.0,0.0
ILE 104,74.648,0.0,0.0,-13.13,0.0,0.0,-61.019,0.0,0.0,1.076,0.0,0.0,0.0,0.0,0.0,1.5749999999999953,0.0,0.0
ALA 105,84.795,0.0,0.0,-5.968,0.0,0.0,-80.419,0.0,0.0,0.216,0.0,0.0,0.0,0.0,0.0,-1.3759999999999988,0.0,0.0
GLY 106,90.529,0.0,0.0,-3.906,0.0,0.0,-86.791,0.0,0.0,-2.225,0.0,0.0,0.0,0.0,0.0,-2.3930000000000065,0.0,0.0
THR 107,48.892,0.0,0.0,-4.931,0.0,0.0,-54.622,0.0,0.0,-7.385,0.0,0.0,0.0,0.0,0.0,-18.045999999999992,0.0,0.0
THR 108,35.564,0.0,0.0,-5.09,0.0,0.0,-42.74,0.0,0.0,-4.314,0.0,0.0,0.0,0.0,0.0,-16.580000000000002,0.0,0.0
SER 109,63.867,0.0,0.0,-3.479,0.0,0.0,-60.209,0.0,0.0,-0.751,0.0,0.0,0.0,0.0,0.0,-0.5720000000000051,0.0,0.0
THR 110,44.776,0.0,0.0,-4.583,0.0,0.0,-41.793,0.0,0.0,-7.283,0.0,0.0,0.0,0.0,0.0,-8.882999999999996,0.0,0.0
LEU 111,61.069,0.0,0.0,-7.834,0.0,0.0,-63.461,0.0,0.0,-3.739,0.0,0.0,0.0,0.0,0.0,-13.965,0.0,0.0
GLN 112,37.306,0.0,0.0,-6.18,0.0,0.0,-76.87,0.0,0.0,-11.023,0.0,0.0,0.0,0.0,0.0,-56.76700000000001,0.0,0.0
GLU 113,97.992,0.0,0.0,-6.399,0.0,0.0,-88.954,0.0,0.0,-57.091,0.0,0.0,0.0,0.0,0.0,-54.45199999999999,0.0,0.0
GLN 114,39.814,0.0,0.0,-11.857,0.0,0.0,-77.916,0.0,0.0,-3.581,0.0,0.0,0.0,0.0,0.0,-53.54,0.0,0.0
ILE 115,89.301,0.0,0.0,-8.948,0.0,0.0,-68.426,0.0,0.0,-1.663,0.0,0.0,0.0,0.0,0.0,10.264000000000006,0.0,0.0
GLY 116,80.128,0.0,0.0,-4.502,0.0,0.0,-77.15,0.0,0.0,-0.638,0.0,0.0,0.0,0.0,0.0,-2.162000000000001,0.0,0.0
TRP 117,124.16,0.0,0.0,-16.912,0.0,0.0,-90.738,0.0,0.0,-0.119,0.0,0.0,0.0,0.0,0.0,16.39099999999999,0.0,0.0
MET 118,103.457,0.0,0.0,-11.214,0.0,0.0,-82.315,0.0,0.0,-3.062,0.0,0.0,0.0,0.0,0.0,6.865999999999998,0.0,0.0
THR 119,38.431,0.0,0.0,-4.668,0.0,0.0,-53.562,0.0,0.0,-2.942,0.0,0.0,0.0,0.0,0.0,-22.741,0.0,0.0
HID 120,94.33,0.0,0.0,-9.412,0.0,0.0,-58.055,0.0,0.0,-8.528,0.0,0.0,0.0,0.0,0.0,18.334999999999994,0.0,0.0
ASN 121,43.271,0.0,0.0,-3.878,0.0,0.0,-83.153,0.0,0.0,-13.071,0.0,0.0,0.0,0.0,0.0,-56.831,0.0,0.0
PRO 122,93.083,0.0,0.0,-4.159,0.0,0.0,-55.965,0.0,0.0,-2.888,0.0,0.0,0.0,0.0,0.0,30.07099999999999,0.0,0.0
PRO 123,83.624,0.0,0.0,-6.279,0.0,0.0,-60.386,0.0,0.0,-2.69,0.0,0.0,0.0,0.0,0.0,14.268999999999997,0.0,0.0
ILE 124,91.644,0.0,0.0,-4.592,0.0,0.0,-61.778,0.0,0.0,-0.526,0.0,0.0,0.0,0.0,0.0,24.748000000000008,0.0,0.0
PRO 125,93.14,0.0,0.0,-6.514,0.0,0.0,-66.559,0.0,0.0,-1.593,0.0,0.0,0.0,0.0,0.0,18.474000000000007,0.0,0.0
VAL 126,52.678,0.0,0.0,-7.565,0.0,0.0,-55.2,0.0,0.0,0.222,0.0,0.0,0.0,0.0,0.0,-9.865000000000004,0.0,0.0
GLY 127,73.001,0.0,0.0,-4.951,0.0,0.0,-72.272,0.0,0.0,-1.113,0.0,0.0,0.0,0.0,0.0,-5.334999999999994,0.0,0.0
GLU 128,106.228,0.0,0.0,-5.898,0.0,0.0,-97.775,0.0,0.0,-57.862,0.0,0.0,0.0,0.0,0.0,-55.30700000000001,0.0,0.0
ILE 129,85.374,0.0,0.0,-9.368,0.0,0.0,-66.321,0.0,0.0,0.596,0.0,0.0,0.0,0.0,0.0,10.281000000000002,0.0,0.0
TYR 130,97.757,0.0,0.0,-13.088,0.0,0.0,-90.73,0.0,0.0,0.111,0.0,0.0,0.0,0.0,0.0,-5.949999999999993,0.0,0.0
LYS 131,141.434,0.0,0.0,-8.385,0.0,0.0,-175.424,0.0,0.0,34.675,0.0,0.0,0.0,0.0,0.0,-7.700000000000003,0.0,0.0
ARG 132,-186.134,0.0,0.0,-8.959,0.0,0.0,31.695,0.0,0.0,0.023,0.0,0.0,0.0,0.0,0.0,-163.375,0.0,0.0
TRP 133,128.979,0.0,0.0,-18.91,0.0,0.0,-99.073,0.0,0.0,-1.265,0.0,0.0,0.0,0.0,0.0,9.731000000000023,0.0,0.0
ILE 134,91.938,0.0,0.0,-11.715,0.0,0.0,-71.65,0.0,0.0,0.09,0.0,0.0,0.0,0.0,0.0,8.662999999999993,0.0,0.0
ILE 135,82.124,0.0,0.0,-6.747,0.0,0.0,-65.435,0.0,0.0,0.649,0.0,0.0,0.0,0.0,0.0,10.590999999999994,0.0,0.0
LEU 136,73.209,0.0,0.0,-8.64,0.0,0.0,-81.113,0.0,0.0,1.615,0.0,0.0,0.0,0.0,0.0,-14.928999999999997,0.0,0.0
GLY 137,78.644,0.0,0.0,-6.005,0.0,0.0,-79.292,0.0,0.0,0.975,0.0,0.0,0.0,0.0,0.0,-5.677999999999992,0.0,0.0
LEU 138,64.191,0.0,0.0,-12.075,0.0,0.0,-65.237,0.0,0.0,-0.384,0.0,0.0,0.0,0.0,0.0,-13.504999999999995,0.0,0.0
ASN 139,35.582,0.0,0.0,-8.394,0.0,0.0,-92.798,0.0,0.0,-3.885,0.0,0.0,0.0,0.0,0.0,-69.495,0.0,0.0
LYS 140,130.154,0.0,0.0,-11.057,0.0,0.0,-138.921,0.0,0.0,9.7,0.0,0.0,0.0,0.0,0.0,-10.123999999999999,0.0,0.0
ILE 141,92.187,0.0,0.0,-10.11,0.0,0.0,-75.336,0.0,0.0,-1.731,0.0,0.0,0.0,0.0,0.0,5.01,0.0,0.0
VAL 142,69.114,0.0,0.0,-9.482,0.0,0.0,-56.407,0.0,0.0,-4.887,0.0,0.0,0.0,0.0,0.0,-1.661999999999991,0.0,0.0
ARG 143,-196.032,0.0,0.0,-7.047,0.0,0.0,58.576,0.0,0.0,-22.054,0.0,0.0,0.0,0.0,0.0,-166.55700000000002,0.0,0.0
MET 144,89.031,0.0,0.0,-5.429,0.0,0.0,-76.36,0.0,0.0,-4.676,0.0,0.0,0.0,0.0,0.0,2.5660000000000043,0.0,0.0
TYR 145,93.924,0.0,0.0,-10.422,0.0,0.0,-80.927,0.0,0.0,-10.481,0.0,0.0,0.0,0.0,0.0,-7.905999999999997,0.0,0.0
SER 146,74.797,0.0,0.0,-2.451,0.0,0.0,-50.642,0.0,0.0,-8.852,0.0,0.0,0.0,0.0,0.0,12.852,0.0,0.0
PRO 147,86.844,0.0,0.0,-3.481,0.0,0.0,-61.991,0.0,0.0,-5.287,0.0,0.0,0.0,0.0,0.0,16.085,0.0,0.0
THR 148,47.174,0.0,0.0,-2.483,0.0,0.0,-52.638,0.0,0.0,-8.512,0.0,0.0,0.0,0.0,0.0,-16.458999999999996,0.0,0.0
SER 149,66.556,0.0,0.0,-1.64,0.0,0.0,-49.427,0.0,0.0,-12.692,0.0,0.0,0.0,0.0,0.0,2.796999999999997,0.0,0.0
ILE 150,65.544,0.0,0.0,-2.009,0.0,0.0,-29.857,0.0,0.0,-6.822,0.0,0.0,0.0,0.0,0.0,26.855999999999998,0.0,0.0

Ligand:
Total Energy Decomposition:
Residue,Internal,,,van der Waals,,,Electrostatic,,,Polar Solvation,,,Non-Polar Solv.,,,TOTAL,,
,Avg.,Std. Dev.,Std. Err. of Mean,Avg.,Std. Dev.,Std. Err. of Mean,Avg.,Std. Dev.,Std. Err. of Mean,Avg.,Std. Dev.,Std. Err. of Mean,Avg.,Std. Dev.,Std. Err. of Mean,Avg.,Std. Dev.,Std. Err. of Mean
LEU   1,38.133,0.0,0.0,-2.479,0.0,0.0,-39.591,0.0,0.0,-5.985,0.0,0.0,0.0,0.0,0.0,-9.921999999999997,0.0,0.0
ASP   2,118.125,0.0,0.0,-4.3,0.0,0.0,-112.334,0.0,0.0,-62.902,0.0,0.0,0.0,0.0,0.0,-61.411,0.0,0.0
ILE   3,94.92,0.0,0.0,-6.225,0.0,0.0,-64.02,0.0,0.0,-4.346,0.0,0.0,0.0,0.0,0.0,20.32900000000001,0.0,0.0
ARG   4,-191.928,0.0,0.0,-8.043,0.0,0.0,22.696,0.0,0.0,6.5,0.0,0.0,0.0,0.0,0.0,-170.775,0.0,0.0
GLN   5,37.548,0.0,0.0,-11.673,0.0,0.0,-82.473,0.0,0.0,-4.159,0.0,0.0,0.0,0.0,0.0,-60.757,0.0,0.0
GLY   6,89.063,0.0,0.0,-3.518,0.0,0.0,-72.336,0.0,0.0,-4.901,0.0,0.0,0.0,0.0,0.0,8.308000000000003,0.0,0.0
PRO   7,88.016,0.0,0.0,-3.16,0.0,0.0,-54.057,0.0,0.0,-7.475,0.0,0.0,0.0,0.0,0.0,23.324000000000005,0.0,0.0
LYS   8,121.365,0.0,0.0,-3.547,0.0,0.0,-82.148,0.0,0.0,-40.556,0.0,0.0,0.0,0.0,0.0,-4.885999999999996,0.0,0.0
GLU   9,116.67,0.0,0.0,-6.523,0.0,0.0,-129.855,0.0,0.0,-21.229,0.0,0.0,0.0,0.0,0.0,-40.93699999999998,0.0,0.0
PRO  10,78.779,0.0,0.0,-6.938,0.0,0.0,-54.439,0.0,0.0,-1.731,0.0,0.0,0.0,0.0,0.0,15.670999999999994,0.0,0.0
PHE  11,104.933,0.0,0.0,-13.998,0.0,0.0,-71.529,0.0,0.0,-1.632,0.0,0.0,0.0,0.0,0.0,17.774000000000004,0.0,0.0
ARG  12,-196.407,0.0,0.0,-5.814,0.0,0.0,34.304,0.0,0.0,1.172,0.0,0.0,0.0,0.0,0.0,-166.745,0.0,0.0
ASP  13,86.653,0.0,0.0,-7.339,0.0,0.0,-112.853,0.0,0.0,-35.956,0.0,0.0,0.0,0.0,0.0,-69.49499999999999,0.0,0.0
TYR  14,96.568,0.0,0.0,-17.735,0.0,0.0,-95.364,0.0,0.0,0.642,0.0,0.0,0.0,0.0,0.0,-15.889000000000006,0.0,0.0
VAL  15,51.136,0.0,0.0,-9.708,0.0,0.0,-57.176,0.0,0.0,0.962,0.0,0.0,0.0,0.0,0.0,-14.785999999999998,0.0,0.0
ASP  16,113.753,0.0,0.0,-5.643,0.0,0.0,-128.809,0.0,0.0,-36.823,0.0,0.0,0.0,0.0,0.0,-57.522,0.0,0.0
ARG  17,-190.146,0.0,0.0,-8.57,0.0,0.0,21.472,0.0,0.0,3.086,0.0,0.0,0.0,0.0,0.0,-174.15799999999996,0.0,0.0
PHE  18,103.699,0.0,0.0,-14.916,0.0,0.0,-81.196,0.0,0.0,0.843,0.0,0.0,0.0,0.0,0.0,8.430000000000003,0.0,0.0
TYR  19,104.696,0.0,0.0,-12.211,0.0,0.0,-93.105,0.0,0.0,0.033,0.0,0.0,0.0,0.0,0.0,-0.5870000000000045,0.0,0.0
LYS  20,139.022,0.0,0.0,-6.234,0.0,0.0,-128.835,0.0,0.0,-11.198,0.0,0.0,0.0,0.0,0.0,-7.245000000000026,0.0,0.0
THR  21,45.988,0.0,0.0,-7.09,0.0,0.0,-58.138,0.0,0.0,-3.557,0.0,0.0,0.0,0.0,0.0,-22.797,0.0,0.0
LEU  22,76.347,0.0,0.0,-11.424,0.0,0.0,-69.37,0.0,0.0,-1.926,0.0,0.0,0.0,0.0,0.0,-6.373000000000003,0.0,0.0
ARG  23,-196.816,0.0,0.0,-7.304,0.0,0.0,71.929,0.0,0.0,-33.155,0.0,0.0,0.0,0.0,0.0,-165.346,0.0,0.0
ALA  24,87.709,0.0,0.0,-4.589,0.0,0.0,-78.596,0.0,0.0,-4.413,0.0,0.0,0.0,0.0,0.0,0.11100000000000065,0.0,0.0
GLU  25,110.76,0.0,0.0,-4.574,0.0,0.0,-67.945,0.0,0.0,-98.657,0.0,0.0,0.0,0.0,0.0,-60.41599999999998,0.0,0.0
GLN  26,26.189,0.0,0.0,-3.985,0.0,0.0,-61.763,0.0,0.0,-13.982,0.0,0.0,0.0,0.0,0.0,-53.541,0.0,0.0
ALA  27,95.118,0.0,0.0,-5.11,0.0,0.0,-84.68,0.0,0.0,0.917,0.0,0.0,0.0,0.0,0.0,6.244999999999989,0.0,0.0
SER  28,77.349,0.0,0.0,-4.456,0.0,0.0,-68.142,0.0,0.0,-8.658,0.0,0.0,0.0,0.0,0.0,-3.9069999999999947,0.0,0.0
GLN  29,31.424,0.0,0.0,-5.53,0.0,0.0,-60.894,0.0,0.0,-17.768,0.0,0.0,0.0,0.0,0.0,-52.768,0.0,0.0
GLU  30,112.1,0.0,0.0,-5.561,0.0,0.0,-77.082,0.0,0.0,-90.034,0.0,0.0,0.0,0.0,0.0,-60.57700000000001,0.0,0.0
VAL  31,60.277,0.0,0.0,-4.88,0.0,0.0,-57.929,0.0,0.0,-2.436,0.0,0.0,0.0,0.0,0.0,-4.9680000000000035,0.0,0.0
LYS  32,124.79,0.0,0.0,-10.017,0.0,0.0,-93.915,0.0,0.0,-17.872,0.0,0.0,0.0,0.0,0.0,2.986000000000004,0.0,0.0
ASN  33,41.974,0.0,0.0,-6.92,0.0,0.0,-93.951,0.0,0.0,-10.426,0.0,0.0,0.0,0.0,0.0,-69.323,0.0,0.0
TRP  34,120.835,0.0,0.0,-11.15,0.0,0.0,-94.321,0.0,0.0,-4.546,0.0,0.0,0.0,0.0,0.0,10.81799999999999,0.0,0.0
MET  35,107.108,0.0,0.0,-10.961,0.0,0.0,-88.106,0.0,0.0,-0.646,0.0,0.0,0.0,0.0,0.0,7.395000000000011,0.0,0.0
THR  36,46.801,0.0,0.0,-7.451,0.0,0.0,-59.272,0.0,0.0,0.55,0.0,0.0,0.0,0.0,0.0,-19.371999999999996,0.0,0.0
GLU  37,100.042,0.0,0.0,-5.949,0.0,0.0,-62.655,0.0,0.0,-94.286,0.0,0.0,0.0,0.0,0.0,-62.848,0.0,0.0
THR  38,44.741,0.0,0.0,-5.844,0.0,0.0,-47.178,0.0,0.0,-0.9,0.0,0.0,0.0,0.0,0.0,-9.181,0.0,0.0
LEU  39,71.097,0.0,0.0,-7.434,0.0,0.0,-67.446,0.0,0.0,0.36,0.0,0.0,0.0,0.0,0.0,-3.4230000000000014,0.0,0.0
LEU  40,88.422,0.0,0.0,-12.373,0.0,0.0,-89.084,0.0,0.0,1.092,0.0,0.0,0.0,0.0,0.0,-11.94300000000001,0.0,0.0
VAL  41,53.34,0.0,0.0,-8.374,0.0,0.0,-56.171,0.0,0.0,0.713,0.0,0.0,0.0,0.0,0.0,-10.491999999999999,0.0,0.0
GLN  42,24.7,0.0,0.0,-7.428,0.0,0.0,-70.039,0.0,0.0,-2.324,0.0,0.0,0.0,0.0,0.0,-55.091,0.0,0.0
ASN  43,19.349,0.0,0.0,-6.524,0.0,0.0,-78.231,0.0,0.0,-7.619,0.0,0.0,0.0,0.0,0.0,-73.02499999999999,0.0,0.0
ALA  44,97.629,0.0,0.0,-7.415,0.0,0.0,-84.211,0.0,0.0,-0.081,0.0,0.0,0.0,0.0,0.0,5.922,0.0,0.0
ASN  45,33.709,0.0,0.0,-7.336,0.0,0.0,-83.962,0.0,0.0,-7.036,0.0,0.0,0.0,0.0,0.0,-64.625,0.0,0.0
PRO  46,80.322,0.0,0.0,-4.727,0.0,0.0,-60.797,0.0,0.0,-1.482,0.0,0.0,0.0,0.0,0.0,13.316000000000003,0.0,0.0
ASP  47,80.71,0.0,0.0,-5.463,0.0,0.0,-67.646,0.0,0.0,-78.24,0.0,0.0,0.0,0.0,0.0,-70.639,0.0,0.0
CYX  48,101.835,0.0,0.0,-8.562,0.0,0.0,-76.777,0.0,0.0,-3.217,0.0,0.0,0.0,0.0,0.0,13.278999999999995,0.0,0.0
LYS  49,140.415,0.0,0.0,-10.772,0.0,0.0,-115.394,0.0,0.0,-18.972,0.0,0.0,0.0,0.0,0.0,-4.723000000000006,0.0,0.0
THR  50,54.602,0.0,0.0,-5.825,0.0,0.0,-68.954,0.0,0.0,-1.048,0.0,0.0,0.0,0.0,0.0,-21.225,0.0,0.0
ILE  51,70.933,0.0,0.0,-9.039,0.0,0.0,-52.468,0.0,0.0,-1.487,0.0,0.0,0.0,0.0,0.0,7.939000000000002,0.0,0.0
LEU  52,82.341,0.0,0.0,-11.534,0.0,0.0,-69.609,0.0,0.0,-5.034,0.0,0.0,0.0,0.0,0.0,-3.8360000000000065,0.0,0.0
LYS  53,122.267,0.0,0.0,-7.608,0.0,0.0,-96.93,0.0,0.0,-21.597,0.0,0.0,0.0,0.0,0.0,-3.8680000000000163,0.0,0.0
ALA  54,83.844,0.0,0.0,-3.795,0.0,0.0,-73.813,0.0,0.0,-4.239,0.0,0.0,0.0,0.0,0.0,1.9969999999999901,0.0,0.0
LEU  55,77.686,0.0,0.0,-5.68,0.0,0.0,-77.811,0.0,0.0,-4.221,0.0,0.0,0.0,0.0,0.0,-10.026000000000007,0.0,0.0
GLY  56,91.102,0.0,0.0,-2.784,0.0,0.0,-73.414,0.0,0.0,-6.306,0.0,0.0,0.0,0.0,0.0,8.597999999999995,0.0,0.0
PRO  57,82.566,0.0,0.0,-2.603,0.0,0.0,-50.939,0.0,0.0,-8.62,0.0,0.0,0.0,0.0,0.0,20.40400000000001,0.0,0.0
GLY  58,68.247,0.0,0.0,-1.816,0.0,0.0,-59.997,0.0,0.0,-6.289,0.0,0.0,0.0,0.0,0.0,0.1449999999999978,0.0,0.0
ALA  59,102.127,0.0,0.0,-4.349,0.0,0.0,-89.049,0.0,0.0,-0.768,0.0,0.0,0.0,0.0,0.0,7.960999999999985,0.0,0.0
THR  60,44.322,0.0,0.0,-3.373,0.0,0.0,-60.368,0.0,0.0,-0.811,0.0,0.0,0.0,0.0,0.0,-20.229999999999997,0.0,0.0
LEU  61,57.212,0.0,0.0,-6.852,0.0,0.0,-64.402,0.0,0.0,-0.07,0.0,0.0,0.0,0.0,0.0,-14.112000000000002,0.0,0.0
GLU  62,107.503,0.0,0.0,-6.074,0.0,0.0,-70.914,0.0,0.0,-90.047,0.0,0.0,0.0,0.0,0.0,-59.532,0.0,0.0
GLU  63,101.619,0.0,0.0,-4.947,0.0,0.0,-64.52,0.0,0.0,-92.156,0.0,0.0,0.0,0.0,0.0,-60.004000000000005,0.0,0.0
MET  64,93.597,0.0,0.0,-10.822,0.0,0.0,-74.651,0.0,0.0,-1.445,0.0,0.0,0.0,0.0,0.0,6.678999999999995,0.0,0.0
MET  65,104.616,0.0,0.0,-8.295,0.0,0.0,-92.023,0.0,0.0,2.074,0.0,0.0,0.0,0.0,0.0,6.372000000000002,0.0,0.0
THR  66,42.776,0.0,0.0,-5.227,0.0,0.0,-49.761,0.0,0.0,-4.654,0.0,0.0,0.0,0.0,0.0,-16.865999999999996,0.0,0.0
ALA  67,81.94,0.0,0.0,-4.698,0.0,0.0,-62.909,0.0,0.0,-5.185,0.0,0.0,0.0,0.0,0.0,9.147999999999993,0.0,0.0
CYX  68,93.384,0.0,0.0,-6.637,0.0,0.0,-79.958,0.0,0.0,-2.231,0.0,0.0,0.0,0.0,0.0,4.558000000000002,0.0,0.0
GLN  69,43.78,0.0,0.0,-5.83,0.0,0.0,-74.398,0.0,0.0,-15.163,0.0,0.0,0.0,0.0,0.0,-51.61099999999999,0.0,0.0
GLY  70,98.158,0.0,0.0,-1.387,0.0,0.0,-78.224,0.0,0.0,-9.367,0.0,0.0,0.0,0.0,0.0,9.179999999999996,0.0,0.0
VAL  71,35.701,0.0,0.0,-1.575,0.0,0.0,-12.08,0.0,0.0,-118.687,0.0,0.0,0.0,0.0,0.0,-96.64099999999999,0.0,0.0

DELTAS:
Total Energy Decomposition:
Residue,Location,Internal,,,van der Waals,,,Electrostatic,,,Polar Solvation,,,Non-Polar Solv.,,,TOTAL,,
,,Avg.,Std. Dev.,Std. Err. of Mean,Avg.,Std. Dev.,Std. Err. of Mean,Avg.,Std. Dev.,Std. Err. of Mean,Avg.,Std. Dev.,Std. Err. of Mean,Avg.,Std. Dev.,Std. Err. of Mean
PRO   1,R PRO   1,0.0,0.0,0.0,0.0,0.0,0.0,-4.503,0.0,0.0,4.455,0.0,0.0,0.0,0.0,0.0,-0.04800000000000004,0.0,0.0
ILE   2,R ILE   2,0.0,0.0,0.0,0.0,0.0,0.0,0.015000000000000568,0.0,0.0,-0.01399999999999979,0.0,0.0,0.0,0.0,0.0,0.0010000000000012221,0.0,0.0
VAL   3,R VAL   3,0.0,0.0,0.0,0.0,0.0,0.0,-0.03399999999999892,0.0,0.0,0.034,0.0,0.0,0.0,0.0,0.0,1.7763568394002505e-15,0.0,0.0
GLN   4,R GLN   4,0.0,0.0,0.0,0.0,0.0,0.0,0.0009999999999976694,0.0,0.0,-0.0029999999999983373,0.0,0.0,0.0,0.0,0.0,-0.0020000000000095497,0.0,0.0
ASN   5,R ASN   5,0.0,0.0,0.0,0.0,0.0,0.0,0.0049999999999954525,0.0,0.0,-0.005000000000000782,0.0,0.0,0.0,0.0,0.0,0.0,0.0,0.0
LEU   6,R LEU   6,0.0,0.0,0.0,0.0,0.0,0.0,-0.01099999999999568,0.0,0.0,0.01100000000000012,0.0,0.0,0.0,0.0,0.0,4.440892098500626e-15,0.0,0.0
GLN   7,R GLN   7,0.0,0.0,0.0,0.0,0.0,0.0,0.003999999999990678,0.0,0.0,-0.005000000000000782,0.0,0.0,0.0,0.0,0.0,-0.0010000000000047748,0.0,0.0
GLY   8,R GLY   8,0.0,0.0,0.0,0.0,0.0,0.0,-0.015999999999991132,0.0,0.0,0.016999999999999904,0.0,0.0,0.0,0.0,0.0,0.0010000000000087717,0.0,0.0
GLN   9,R GLN   9,0.0,0.0,0.0,0.0,0.0,0.0,0.0589999999999975,0.0,0.0,-0.05900000000000016,0.0,0.0,0.0,0.0,0.0,0.0,0.0,0.0
MET  10,R MET  10,0.0,0.0,0.0,0.0,0.0,0.0,-0.016000000000005343,0.0,0.0,0.015000000000000124,0.0,0.0,0.0,0.0,0.0,-0.0010000000000047748,0.0,0.0
VAL  11,R VAL  11,0.0,0.0,0.0,0.0,0.0,0.0,0.012000000000000455,0.0,0.0,-0.01100000000000012,0.0,0.0,0.0,0.0,0.0,0.0010000000000012221,0.0,0.0
HID  12,R HID  12,0.0,0.0,0.0,0.0,0.0,0.0,0.027000000000001023,0.0,0.0,-0.02600000000000069,0.0,0.0,0.0,0.0,0.0,0.0010000000000012221,0.0,0.0
GLN  13,R GLN  13,0.0,0.0,0.0,0.0,0.0,0.0,-0.01799999999998647,0.0,0.0,0.01699999999999946,0.0,0.0,0.0,0.0,0.0,-0.000999999999990564,0.0,0.0
ALA  14,R ALA  14,0.0,0.0,0.0,0.0,0.0,0.0,0.030000000000001137,0.0,0.0,-0.028999999999999915,0.0,0.0,0.0,0.0,0.0,0.0010000000000012221,0.0,0.0
ILE  15,R ILE  15,0.0,0.0,0.0,-0.001000000000000334,0.0,0.0,0.05099999999998772,0.0,0.0,-0.051000000000000156,0.0,0.0,0.0,0.0,0.0,-0.001000000000015433,0.0,0.0
SER  16,R SER  16,0.0,0.0,0.0,-0.001000000000000334,0.0,0.0,-0.17099999999999937,0.0,0.0,0.1689999999999996,0.0,0.0,0.0,0.0,0.0,-0.0030000000000045546,0.0,0.0
PRO  17,R PRO  17,0.0,0.0,0.0,-0.0019999999999997797,0.0,0.0,-0.23499999999999943,0.0,0.0,0.2320000000000002,0.0,0.0,0.0,0.0,0.0,-0.005000000000009663,0.0,0.0
ARG  18,R ARG  18,0.0,0.0,0.0,-0.0039999999999995595,0.0,0.0,-5.491,0.0,0.0,5.430999999999997,0.0,0.0,0.0,0.0,0.0,-0.06399999999999295,0.0,0.0
THR  19,R THR  19,0.0,0.0,0.0,-0.0029999999999983373,0.0,0.0,-0.19899999999999807,0.0,0.0,0.19899999999999984,0.0,0.0,0.0,0.0,0.0,-0.0029999999999930083,0.0,0.0
LEU  20,R LEU  20,0.0,0.0,0.0,-0.005000000000000782,0.0,0.0,-0.39800000000000324,0.0,0.0,0.395,0.0,0.0,0.0,0.0,0.0,-0.008000000000006224,0.0,0.0
ASN  21,R ASN  21,0.0,0.0,0.0,-0.010999999999999233,0.0,0.0,-1.0900000000000034,0.0,0.0,1.065999999999999,0.0,0.0,0.0,0.0,0.0,-0.0350000000000108,0.0,0.0
ALA  22,R ALA  22,0.0,0.0,0.0,-0.011999999999999567,0.0,0.0,-0.6090000000000089,0.0,0.0,0.603,0.0,0.0,0.0,0.0,0.0,-0.018000000000008676,0.0,0.0
TRP  23,R TRP  23,0.0,0.0,0.0,-0.02500000000000213,0.0,0.0,-0.7339999999999947,0.0,0.0,0.7470000000000001,0.0,0.0,0.0,0.0,0.0,-0.012000000000000455,0.0,0.0
VAL  24,R VAL  24,0.0,0.0,0.0,-0.054999999999999716,0.0,0.0,-1.1849999999999952,0.0,0.0,1.2259999999999995,0.0,0.0,0.0,0.0,0.0,-0.01399999999999535,0.0,0.0
LYS  25,R LYS  25,0.0,0.0,0.0,-0.24399999999999977,0.0,0.0,1.0319999999999965,0.0,0.0,-0.7240000000000002,0.0,0.0,0.0,0.0,0.0,0.0639999999999965,0.0,0.0
VAL  26,R VAL  26,0.0,0.0,0.0,-0.10999999999999943,0.0,0.0,-0.7310000000000088,0.0,0.0,0.7949999999999999,0.0,0.0,0.0,0.0,0.0,-0.046000000000008257,0.0,0.0
VAL  27,R VAL  27,0.0,0.0,0.0,-0.09700000000000131,0.0,0.0,0.0899999999999963,0.0,0.0,-0.09699999999999998,0.0,0.0,0.0,0.0,0.0,-0.10400000000000453,0.0,0.0
GLU  28,R GLU  28,0.0,0.0,0.0,-1.5839999999999996,0.0,0.0,-12.441999999999993,0.0,0.0,14.841999999999999,0.0,0.0,0.0,0.0,0.0,0.8160000000000025,0.0,0.0
GLU  29,R GLU  29,0.0,0.0,0.0,-0.5700000000000003,0.0,0.0,-38.824,0.0,0.0,44.222,0.0,0.0,0.0,0.0,0.0,4.827999999999996,0.0,0.0
LYS  30,R LYS  30,0.0,0.0,0.0,-1.0909999999999993,0.0,0.0,-7.947000000000003,0.0,0.0,8.607999999999999,0.0,0.0,0.0,0.0,0.0,-0.43000000000001215,0.0,0.0
ALA  31,R ALA  31,0.0,0.0,0.0,-0.3929999999999998,0.0,0.0,2.1189999999999998,0.0,0.0,-1.024,0.0,0.0,0.0,0.0,0.0,0.7019999999999991,0.0,0.0
PHE  32,R PHE  32,0.0,0.0,0.0,-0.23599999999999888,0.0,0.0,0.9830000000000041,0.0,0.0,-0.9019999999999997,0.0,0.0,0.0,0.0,0.0,-0.15500000000000114,0.0,0.0
SER  33,R SER  33,0.0,0.0,0.0,-0.17300000000000004,0.0,0.0,-1.8520000000000039,0.0,0.0,1.805,0.0,0.0,0.0,0.0,0.0,-0.22000000000000597,0.0,0.0
PRO  34,R PRO  34,0.0,0.0,0.0,-0.0470000000000006,0.0,0.0,-0.9819999999999993,0.0,0.0,0.9620000000000001,0.0,0.0,0.0,0.0,0.0,-0.06699999999999662,0.0,0.0
GLU  35,R GLU  35,0.0,0.0,0.0,-0.2290000000000001,0.0,0.0,16.897999999999996,0.0,0.0,-16.378999999999998,0.0,0.0,0.0,0.0,0.0,0.28999999999999915,0.0,0.0
VAL  36,R VAL  36,0.0,0.0,0.0,-0.0389999999999997,0.0,0.0,-0.24099999999999966,0.0,0.0,0.21700000000000003,0.0,0.0,0.0,0.0,0.0,-0.06300000000000061,0.0,0.0
ILE  37,R ILE  37,0.0,0.0,0.0,-0.010999999999999233,0.0,0.0,-0.3960000000000008,0.0,0.0,0.389,0.0,0.0,0.0,0.0,0.0,-0.01800000000001134,0.0,0.0
PRO  38,R PRO  38,0.0,0.0,0.0,-0.009999999999999787,0.0,0.0,-0.38700000000000045,0.0,0.0,0.381,0.0,0.0,0.0,0.0,0.0,-0.016000000000005343,0.0,0.0
MET  39,R MET  39,0.0,0.0,0.0,-0.05299999999999905,0.0,0.0,-0.02200000000000557,0.0,0.0,-0.004999999999999893,0.0,0.0,0.0,0.0,0.0,-0.08000000000000274,0.0,0.0
PHE  40,R PHE  40,0.0,0.0,0.0,-0.008000000000000895,0.0,0.0,-0.08599999999999852,0.0,0.0,0.07999999999999996,0.0,0.0,0.0,0.0,0.0,-0.01399999999999424,0.0,0.0
SER  41,R SER  41,0.0,0.0,0.0,-0.0030000000000001137,0.0,0.0,-0.1670000000000016,0.0,0.0,0.16199999999999992,0.0,0.0,0.0,0.0,0.0,-0.008000000000001783,0.0,0.0
ALA  42,R ALA  42,0.0,0.0,0.0,-0.002000000000000668,0.0,0.0,-0.018000000000000682,0.0,0.0,0.016000000000000014,0.0,0.0,0.0,0.0,0.0,-0.003999999999996007,0.0,0.0
LEU  43,R LEU  43,0.0,0.0,0.0,-0.006000000000000227,0.0,0.0,0.08599999999999852,0.0,0.0,-0.08800000000000008,0.0,0.0,0.0,0.0,0.0,-0.008000000000001783,0.0,0.0
SER  44,R SER  44,0.0,0.0,0.0,-0.001000000000000334,0.0,0.0,0.046999999999997044,0.0,0.0,-0.04800000000000004,0.0,0.0,0.0,0.0,0.0,-0.0019999999999935625,0.0,0.0
GLU  45,R GLU  45,0.0,0.0,0.0,-0.0019999999999997797,0.0,0.0,5.275999999999996,0.0,0.0,-5.2039999999999935,0.0,0.0,0.0,0.0,0.0,0.07000000000000739,0.0,0.0
GLY  46,R GLY  46,0.0,0.0,0.0,-0.0009999999999998899,0.0,0.0,-0.0309999999999917,0.0,0.0,0.029000000000000012,0.0,0.0,0.0,0.0,0.0,-0.0029999999999894555,0.0,0.0
ALA  47,R ALA  47,0.0,0.0,0.0,0.0,0.0,0.0,0.02599999999999625,0.0,0.0,-0.025000000000000133,0.0,0.0,0.0,0.0,0.0,0.0009999999999963372,0.0,0.0
THR  48,R THR  48,0.0,0.0,0.0,-0.0010000000000012221,0.0,0.0,-0.03300000000000125,0.0,0.0,0.033,0.0,0.0,0.0,0.0,0.0,-0.0010000000000065512,0.0,0.0
PRO  49,R PRO  49,0.0,0.0,0.0,0.0,0.0,0.0,-0.028999999999996362,0.0,0.0,0.028000000000000025,0.0,0.0,0.0,0.0,0.0,-0.000999999999995893,0.0,0.0
GLN  50,R GLN  50,0.0,0.0,0.0,0.0,0.0,0.0,-0.012000000000000455,0.0,0.0,0.0129999999999999,0.0,0.0,0.0,0.0,0.0,0.0009999999999976694,0.0,0.0
ASP  51,R ASP  51,0.0,0.0,0.0,-0.0009999999999994458,0.0,0.0,4.244,0.0,0.0,-4.195999999999998,0.0,0.0,0.0,0.0,0.0,0.046999999999997044,0.0,0.0
LEU  52,R LEU  52,0.0,0.0,0.0,-0.0009999999999994458,0.0,0.0,-0.09799999999999898,0.0,0.0,0.098,0.0,0.0,0.0,0.0,0.0,-0.0009999999999976694,0.0,0.0
ASN  53,R ASN  53,0.0,0.0,0.0,-0.001000000000000334,0.0,0.0,-0.10099999999999909,0.0,0.0,0.10200000000000031,0.0,0.0,0.0,0.0,0.0,-1.4210854715202004e-14,0.0,0.0
THR  54,R THR  54,0.0,0.0,0.0,-0.001000000000000334,0.0,0.0,-0.07699999999999818,0.0,0.0,0.07600000000000007,0.0,0.0,0.0,0.0,0.0,-0.001999999999995339,0.0,0.0
MET  55,R MET  55,0.0,0.0,0.0,-0.0030000000000001137,0.0,0.0,-0.16899999999999693,0.0,0.0,0.16999999999999993,0.0,0.0,0.0,0.0,0.0,-0.001999999999997115,0.0,0.0
LEU  56,R LEU  56,0.0,0.0,0.0,-0.0030000000000001137,0.0,0.0,-0.2289999999999992,0.0,0.0,0.2270000000000001,0.0,0.0,0.0,0.0,0.0,-0.004999999999999005,0.0,0.0
ASN  57,R ASN  57,0.0,0.0,0.0,-0.0019999999999997797,0.0,0.0,-0.16800000000000637,0.0,0.0,0.1659999999999986,0.0,0.0,0.0,0.0,0.0,-0.0040000000000048885,0.0,0.0
THR  58,R THR  58,0.0,0.0,0.0,-0.004000000000000448,0.0,0.0,-0.06799999999999784,0.0,0.0,0.06300000000000061,0.0,0.0,0.0,0.0,0.0,-0.008999999999993236,0.0,0.0
VAL  59,R VAL  59,0.0,0.0,0.0,-0.010999999999999233,0.0,0.0,-0.1980000000000004,0.0,0.0,0.19599999999999995,0.0,0.0,0.0,0.0,0.0,-0.013000000000001677,0.0,0.0
ALA  60,R ALA  60,0.0,0.0,0.0,-0.0040000000000000036,0.0,0.0,-0.11999999999999744,0.0,0.0,0.11900000000000066,0.0,0.0,0.0,0.0,0.0,-0.004999999999988347,0.0,0.0
PRO  61,R PRO  61,0.0,0.0,0.0,-0.0129999999999999,0.0,0.0,-0.2530000000000001,0.0,0.0,0.2469999999999999,0.0,0.0,0.0,0.0,0.0,-0.018999999999991246,0.0,0.0
HID  62,R HID  62,0.0,0.0,0.0,-0.049999999999998934,0.0,0.0,1.8759999999999906,0.0,0.0,-1.844,0.0,0.0,0.0,0.0,0.0,-0.01800000000000601,0.0,0.0
GLN  63,R GLN  63,0.0,0.0,0.0,-0.16699999999999982,0.0,0.0,1.4450000000000003,0.0,0.0,-1.1959999999999997,0.0,0.0,0.0,0.0,0.0,0.08200000000000784,0.0,0.0
ALA  64,R ALA  64,0.0,0.0,0.0,-0.03200000000000003,0.0,0.0,0.5849999999999937,0.0,0.0,-0.5720000000000001,0.0,0.0,0.0,0.0,0.0,-0.019000000000002792,0.0,0.0
ALA  65,R ALA  65,0.0,0.0,0.0,-0.009000000000000341,0.0,0.0,0.1910000000000025,0.0,0.0,-0.18900000000000006,0.0,0.0,0.0,0.0,0.0,-0.006999999999997897,0.0,0.0
ALA  66,R ALA  66,0.0,0.0,0.0,-0.007000000000000117,0.0,0.0,0.13500000000000512,0.0,0.0,-0.12699999999999978,0.0,0.0,0.0,0.0,0.0,0.0010000000000012221,0.0,0.0
GLN  67,R GLN  67,0.0,0.0,0.0,-0.004000000000000448,0.0,0.0,-0.04000000000000625,0.0,0.0,0.043999999999999595,0.0,0.0,0.0,0.0,0.0,-7.105427357601002e-15,0.0,0.0
MET  68,R MET  68,0.0,0.0,0.0,-0.0039999999999995595,0.0,0.0,0.12199999999999989,0.0,0.0,-0.11900000000000022,0.0,0.0,0.0,0.0,0.0,-0.001000000000005663,0.0,0.0
LEU  69,R LEU  69,0.0,0.0,0.0,-0.004999999999999005,0.0,0.0,0.1700000000000017,0.0,0.0,-0.17000000000000004,0.0,0.0,0.0,0.0,0.0,-0.004999999999993676,0.0,0.0
LYS  70,R LYS  70,0.0,0.0,0.0,-0.002000000000000668,0.0,0.0,-3.6450000000000102,0.0,0.0,3.593,0.0,0.0,0.0,0.0,0.0,-0.05400000000001981,0.0,0.0
GLU  71,R GLU  71,0.0,0.0,0.0,-0.0019999999999997797,0.0,0.0,4.031000000000006,0.0,0.0,-3.9799999999999898,0.0,0.0,0.0,0.0,0.0,0.049000000000020805,0.0,0.0
THR  72,R THR  72,0.0,0.0,0.0,-0.0009999999999994458,0.0,0.0,0.08099999999999596,0.0,0.0,-0.08000000000000007,0.0,0.0,0.0,0.0,0.0,-3.552713678800501e-15,0.0,0.0
ILE  73,R ILE  73,0.0,0.0,0.0,-0.0010000000000012221,0.0,0.0,0.055999999999997385,0.0,0.0,-0.055999999999999606,0.0,0.0,0.0,0.0,0.0,-0.0010000000000065512,0.0,0.0
ASN  74,R ASN  74,0.0,0.0,0.0,-0.001000000000000334,0.0,0.0,0.009999999999990905,0.0,0.0,-0.009000000000000341,0.0,0.0,0.0,0.0,0.0,-1.4210854715202004e-14,0.0,0.0
GLU  75,R GLU  75,0.0,0.0,0.0,0.0,0.0,0.0,4.624000000000002,0.0,0.0,-4.5589999999999975,0.0,0.0,0.0,0.0,0.0,0.06500000000000483,0.0,0.0
GLU  76,R GLU  76,0.0,0.0,0.0,0.0,0.0,0.0,4.830000000000005,0.0,0.0,-4.756,0.0,0.0,0.0,0.0,0.0,0.07400000000000517,0.0,0.0
ALA  77,R ALA  77,0.0,0.0,0.0,0.0,0.0,0.0,-0.000999999999990564,0.0,0.0,0.0009999999999998899,0.0,0.0,0.0,0.0,0.0,9.325873406851315e-15,0.0,0.0
ALA  78,R ALA  78,0.0,0.0,0.0,0.0,0.0,0.0,-0.014000000000010004,0.0,0.0,0.014000000000000012,0.0,0.0,0.0,0.0,0.0,-9.769962616701378e-15,0.0,0.0
GLU  79,R GLU  79,0.0,0.0,0.0,0.0,0.0,0.0,4.3729999999999976,0.0,0.0,-4.308000000000007,0.0,0.0,0.0,0.0,0.0,0.06499999999999062,0.0,0.0
TRP  80,R TRP  80,0.0,0.0,0.0,0.0,0.0,0.0,0.012000000000000455,0.0,0.0,-0.011999999999999789,0.0,0.0,0.0,0.0,0.0,1.7763568394002505e-15,0.0,0.0
ASP  81,R ASP  81,0.0,0.0,0.0,0.0,0.0,0.0,4.082999999999998,0.0,0.0,-4.024000000000001,0.0,0.0,0.0,0.0,0.0,0.0589999999999975,0.0,0.0
ARG  82,R ARG  82,0.0,0.0,0.0,0.0,0.0,0.0,-4.158999999999999,0.0,0.0,4.100999999999999,0.0,0.0,0.0,0.0,0.0,-0.058000000000021146,0.0,0.0
LEU  83,R LEU  83,0.0,0.0,0.0,0.0,0.0,0.0,-0.03300000000000125,0.0,0.0,0.03200000000000003,0.0,0.0,0.0,0.0,0.0,-0.0010000000000012221,0.0,0.0
HID  84,R HID  84,0.0,0.0,0.0,0.0,0.0,0.0,0.01300000000000523,0.0,0.0,-0.0129999999999999,0.0,0.0,0.0,0.0,0.0,7.105427357601002e-15,0.0,0.0
PRO  85,R PRO  85,0.0,0.0,0.0,0.0,0.0,0.0,0.030000000000001137,0.0,0.0,-0.029999999999999805,0.0,0.0,0.0,0.0,0.0,0.0,0.0,0.0
VAL  86,R VAL  86,0.0,0.0,0.0,0.0,0.0,0.0,0.01099999999999568,0.0,0.0,-0.010999999999999233,0.0,0.0,0.0,0.0,0.0,-3.552713678800501e-15,0.0,0.0
HID  87,R HID  87,0.0,0.0,0.0,0.0,0.0,0.0,0.003999999999997783,0.0,0.0,-0.0039999999999995595,0.0,0.0,0.0,0.0,0.0,0.0,0.0,0.0
ALA  88,R ALA  88,0.0,0.0,0.0,0.0,0.0,0.0,-0.02200000000000557,0.0,0.0,0.021999999999999353,0.0,0.0,0.0,0.0,0.0,-5.329070518200751e-15,0.0,0.0
GLY  89,R GLY  89,0.0,0.0,0.0,0.0,0.0,0.0,0.01999999999999602,0.0,0.0,-0.019000000000000128,0.0,0.0,0.0,0.0,0.0,0.0009999999999976694,0.0,0.0
PRO  90,R PRO  90,0.0,0.0,0.0,0.0,0.0,0.0,0.007000000000005002,0.0,0.0,-0.008000000000000007,0.0,0.0,0.0,0.0,0.0,-0.0009999999999941167,0.0,0.0
ILE  91,R ILE  91,0.0,0.0,0.0,0.0,0.0,0.0,-0.029000000000003467,0.0,0.0,0.028999999999999915,0.0,0.0,0.0,0.0,0.0,-3.552713678800501e-15,0.0,0.0
ALA  92,R ALA  92,0.0,0.0,0.0,0.0,0.0,0.0,0.020000000000010232,0.0,0.0,-0.020000000000000462,0.0,0.0,0.0,0.0,0.0,1.0658141036401503e-14,0.0,0.0
PRO  93,R PRO  93,0.0,0.0,0.0,0.0,0.0,0.0,0.020000000000003126,0.0,0.0,-0.020000000000000462,0.0,0.0,0.0,0.0,0.0,3.552713678800501e-15,0.0,0.0
GLY  94,R GLY  94,0.0,0.0,0.0,0.0,0.0,0.0,0.021000000000000796,0.0,0.0,-0.021000000000000796,0.0,0.0,0.0,0.0,0.0,0.0,0.0,0.0
GLN  95,R GLN  95,0.0,0.0,0.0,-0.001000000000000334,0.0,0.0,-0.012000000000000455,0.0,0.0,0.012000000000000455,0.0,0.0,0.0,0.0,0.0,-0.0010000000000047748,0.0,0.0
MET  96,R MET  96,0.0,0.0,0.0,0.0,0.0,0.0,-0.021000000000000796,0.0,0.0,0.020000000000000462,0.0,0.0,0.0,0.0,0.0,-0.0010000000000012221,0.0,0.0
ARG  97,R ARG  97,0.0,0.0,0.0,0.0,0.0,0.0,-3.9740000000000038,0.0,0.0,3.921999999999997,0.0,0.0,0.0,0.0,0.0,-0.05200000000002092,0.0,0.0
GLU  98,R GLU  98,0.0,0.0,0.0,0.0,0.0,0.0,4.126000000000005,0.0,0.0,-4.072000000000003,0.0,0.0,0.0,0.0,0.0,0.054000000000002046,0.0,0.0
PRO  99,R PRO  99,0.0,0.0,0.0,0.0,0.0,0.0,-0.001999999999995339,0.0,0.0,0.0020000000000000018,0.0,0.0,0.0,0.0,0.0,3.552713678800501e-15,0.0,0.0
ARG 100,R ARG 100,0.0,0.0,0.0,0.0,0.0,0.0,-4.022000000000001,0.0,0.0,3.9639999999999986,0.0,0.0,0.0,0.0,0.0,-0.057999999999992724,0.0,0.0
GLY 101,R GLY 101,0.0,0.0,0.0,0.0,0.0,0.0,0.008000000000009777,0.0,0.0,-0.008000000000000007,0.0,0.0,0.0,0.0,0.0,8.881784197001252e-15,0.0,0.0
SER 102,R SER 102,0.0,0.0,0.0,0.0,0.0,0.0,-0.0030000000000001137,0.0,0.0,0.0019999999999997797,0.0,0.0,0.0,0.0,0.0,-0.001000000000000334,0.0,0.0
ASP 103,R ASP 103,0.0,0.0,0.0,-0.001000000000000334,0.0,0.0,4.047999999999988,0.0,0.0,-3.993000000000002,0.0,0.0,0.0,0.0,0.0,0.05399999999998073,0.0,0.0
ILE 104,R ILE 104,0.0,0.0,0.0,0.0,0.0,0.0,-0.0020000000000024443,0.0,0.0,0.0020000000000000018,0.0,0.0,0.0,0.0,0.0,-2.4424906541753444e-15,0.0,0.0
ALA 105,R ALA 105,0.0,0.0,0.0,0.0,0.0,0.0,-0.01300000000000523,0.0,0.0,0.013000000000000012,0.0,0.0,0.0,0.0,0.0,-5.10702591327572e-15,0.0,0.0
GLY 106,R GLY 106,0.0,0.0,0.0,0.0,0.0,0.0,-0.008000000000009777,0.0,0.0,0.007000000000000117,0.0,0.0,0.0,0.0,0.0,-0.0010000000000096598,0.0,0.0
THR 107,R THR 107,0.0,0.0,0.0,0.0,0.0,0.0,0.005000000000002558,0.0,0.0,-0.006000000000000227,0.0,0.0,0.0,0.0,0.0,-0.0009999999999976694,0.0,0.0
THR 108,R THR 108,0.0,0.0,0.0,0.0,0.0,0.0,-0.007999999999995566,0.0,0.0,0.006999999999999673,0.0,0.0,0.0,0.0,0.0,-0.0009999999999941167,0.0,0.0
SER 109,R SER 109,0.0,0.0,0.0,0.0,0.0,0.0,-0.003999999999997783,0.0,0.0,0.0030000000000000027,0.0,0.0,0.0,0.0,0.0,-0.0009999999999977804,0.0,0.0
THR 110,R THR 110,0.0,0.0,0.0,0.0,0.0,0.0,-0.005000000000002558,0.0,0.0,0.005000000000000782,0.0,0.0,0.0,0.0,0.0,0.0,0.0,0.0
LEU 111,R LEU 111,0.0,0.0,0.0,0.0,0.0,0.0,0.0049999999999954525,0.0,0.0,-0.006000000000000227,0.0,0.0,0.0,0.0,0.0,-0.0010000000000047748,0.0,0.0
GLN 112,R GLN 112,0.0,0.0,0.0,0.0,0.0,0.0,-0.009999999999990905,0.0,0.0,0.009999999999999787,0.0,0.0,0.0,0.0,0.0,1.4210854715202004e-14,0.0,0.0
GLU 113,R GLU 113,0.0,0.0,0.0,0.0,0.0,0.0,4.012999999999991,0.0,0.0,-3.9639999999999986,0.0,0.0,0.0,0.0,0.0,0.04899999999999238,0.0,0.0
GLN 114,R GLN 114,0.0,0.0,0.0,0.0,0.0,0.0,0.04599999999999227,0.0,0.0,-0.04700000000000015,0.0,0.0,0.0,0.0,0.0,-0.0010000000000047748,0.0,0.0
ILE 115,R ILE 115,0.0,0.0,0.0,0.0,0.0,0.0,0.018000000000000682,0.0,0.0,-0.016999999999999904,0.0,0.0,0.0,0.0,0.0,0.0010000000000012221,0.0,0.0
GLY 116,R GLY 116,0.0,0.0,0.0,0.0,0.0,0.0,0.017000000000010118,0.0,0.0,-0.017000000000000015,0.0,0.0,0.0,0.0,0.0,9.769962616701378e-15,0.0,0.0
TRP 117,R TRP 117,0.0,0.0,0.0,0.0,0.0,0.0,0.02599999999999625,0.0,0.0,-0.024999999999999994,0.0,0.0,0.0,0.0,0.0,0.0009999999999976694,0.0,0.0
MET 118,R MET 118,0.0,0.0,0.0,0.0,0.0,0.0,0.015000000000000568,0.0,0.0,-0.014000000000000234,0.0,0.0,0.0,0.0,0.0,0.0009999999999994458,0.0,0.0
THR 119,R THR 119,0.0,0.0,0.0,0.0,0.0,0.0,0.007999999999995566,0.0,0.0,-0.008000000000000007,0.0,0.0,0.0,0.0,0.0,-3.552713678800501e-15,0.0,0.0
HID 120,R HID 120,0.0,0.0,0.0,0.0,0.0,0.0,0.04099999999999682,0.0,0.0,-0.03999999999999915,0.0,0.0,0.0,0.0,0.0,0.0009999999999976694,0.0,0.0
ASN 121,R ASN 121,0.0,0.0,0.0,0.0,0.0,0.0,0.017000000000010118,0.0,0.0,-0.016000000000000014,0.0,0.0,0.0,0.0,0.0,0.0010000000000047748,0.0,0.0
PRO 122,R PRO 122,0.0,0.0,0.0,0.0,0.0,0.0,-0.030999999999998806,0.0,0.0,0.030999999999999694,0.0,0.0,0.0,0.0,0.0,0.0,0.0,0.0
PRO 123,R PRO 123,0.0,0.0,0.0,0.0,0.0,0.0,0.019000000000005457,0.0,0.0,-0.019000000000000128,0.0,0.0,0.0,0.0,0.0,5.329070518200751e-15,0.0,0.0
ILE 124,R ILE 124,0.0,0.0,0.0,0.0,0.0,0.0,-0.020000000000003126,0.0,0.0,0.019000000000000017,0.0,0.0,0.0,0.0,0.0,-0.0010000000000047748,0.0,0.0
PRO 125,R PRO 125,0.0,0.0,0.0,0.0,0.0,0.0,0.015999999999991132,0.0,0.0,-0.014000000000000012,0.0,0.0,0.0,0.0,0.0,0.001999999999991786,0.0,0.0
VAL 126,R VAL 126,0.0,0.0,0.0,0.0,0.0,0.0,0.02400000000000091,0.0,0.0,-0.02099999999999999,0.0,0.0,0.0,0.0,0.0,0.00300000000000189,0.0,0.0
GLY 127,R GLY 127,0.0,0.0,0.0,0.0,0.0,0.0,0.0020000000000095497,0.0,0.0,0.0,0.0,0.0,0.0,0.0,0.0,0.0020000000000095497,0.0,0.0
GLU 128,R GLU 128,0.0,0.0,0.0,-0.001000000000000334,0.0,0.0,5.119,0.0,0.0,-5.0390000000000015,0.0,0.0,0.0,0.0,0.0,0.07899999999999352,0.0,0.0
ILE 129,R ILE 129,0.0,0.0,0.0,0.0,0.0,0.0,0.06499999999999773,0.0,0.0,-0.06299999999999994,0.0,0.0,0.0,0.0,0.0,0.001999999999997115,0.0,0.0
TYR 130,R TYR 130,0.0,0.0,0.0,-0.0010000000000012221,0.0,0.0,0.03200000000001069,0.0,0.0,-0.028999999999999998,0.0,0.0,0.0,0.0,0.0,0.002000000000005997,0.0,0.0
LYS 131,R LYS 131,0.0,0.0,0.0,-0.0009999999999994458,0.0,0.0,-4.981999999999999,0.0,0.0,4.906000000000006,0.0,0.0,0.0,0.0,0.0,-0.07699999999999818,0.0,0.0
ARG 132,R ARG 132,0.0,0.0,0.0,-0.0010000000000012221,0.0,0.0,-5.009,0.0,0.0,4.9270000000000005,0.0,0.0,0.0,0.0,0.0,-0.08299999999999841,0.0,0.0
TRP 133,R TRP 133,0.0,0.0,0.0,-0.0010000000000012221,0.0,0.0,0.027999999999991587,0.0,0.0,-0.027000000000000135,0.0,0.0,0.0,0.0,0.0,-1.2434497875801753e-14,0.0,0.0
ILE 134,R ILE 134,0.0,0.0,0.0,-0.0030000000000001137,0.0,0.0,0.049000000000006594,0.0,0.0,-0.045,0.0,0.0,0.0,0.0,0.0,0.0010000000000065512,0.0,0.0
ILE 135,R ILE 135,0.0,0.0,0.0,-0.0030000000000001137,0.0,0.0,0.11700000000000443,0.0,0.0,-0.11199999999999999,0.0,0.0,0.0,0.0,0.0,0.0020000000000042206,0.0,0.0
LEU 136,R LEU 136,0.0,0.0,0.0,-0.0019999999999988916,0.0,0.0,0.14300000000000068,0.0,0.0,-0.139,0.0,0.0,0.0,0.0,0.0,0.0020000000000042206,0.0,0.0
GLY 137,R GLY 137,0.0,0.0,0.0,-0.0019999999999997797,0.0,0.0,0.12600000000000477,0.0,0.0,-0.126,0.0,0.0,0.0,0.0,0.0,-0.0020000000000042206,0.0,0.0
LEU 138,R LEU 138,0.0,0.0,0.0,-0.010000000000001563,0.0,0.0,0.18199999999998795,0.0,0.0,-0.17200000000000004,0.0,0.0,0.0,0.0,0.0,-1.0658141036401503e-14,0.0,0.0
ASN 139,R ASN 139,0.0,0.0,0.0,-0.004999999999999005,0.0,0.0,0.6410000000000053,0.0,0.0,-0.6230000000000002,0.0,0.0,0.0,0.0,0.0,0.01300000000001944,0.0,0.0
LYS 140,R LYS 140,0.0,0.0,0.0,-0.004999999999999005,0.0,0.0,-5.038000000000011,0.0,0.0,4.9620000000000015,0.0,0.0,0.0,0.0,0.0,-0.08100000000000485,0.0,0.0
ILE 141,R ILE 141,0.0,0.0,0.0,-0.016000000000000014,0.0,0.0,0.25,0.0,0.0,-0.2649999999999999,0.0,0.0,0.0,0.0,0.0,-0.03100000000000591,0.0,0.0
VAL 142,R VAL 142,0.0,0.0,0.0,-0.025000000000000355,0.0,0.0,0.377999999999993,0.0,0.0,-0.3720000000000008,0.0,0.0,0.0,0.0,0.0,-0.019000000000006345,0.0,0.0
ARG 143,R ARG 143,0.0,0.0,0.0,-0.010000000000000675,0.0,0.0,-7.520000000000003,0.0,0.0,7.399999999999999,0.0,0.0,0.0,0.0,0.0,-0.12999999999999545,0.0,0.0
MET 144,R MET 144,0.0,0.0,0.0,-0.01100000000000012,0.0,0.0,0.27599999999999625,0.0,0.0,-0.27200000000000024,0.0,0.0,0.0,0.0,0.0,-0.006999999999999673,0.0,0.0
TYR 145,R TYR 145,0.0,0.0,0.0,-0.2839999999999989,0.0,0.0,-0.375,0.0,0.0,0.6600000000000001,0.0,0.0,0.0,0.0,0.0,0.0009999999999941167,0.0,0.0
SER 146,R SER 146,0.0,0.0,0.0,-0.05899999999999972,0.0,0.0,-0.030999999999998806,0.0,0.0,0.022999999999999687,0.0,0.0,0.0,0.0,0.0,-0.06700000000001083,0.0,0.0
PRO 147,R PRO 147,0.0,0.0,0.0,-0.2320000000000002,0.0,0.0,-0.11699999999999733,0.0,0.0,0.056999999999999496,0.0,0.0,0.0,0.0,0.0,-0.29199999999999804,0.0,0.0
THR 148,R THR 148,0.0,0.0,0.0,-2.4279999999999995,0.0,0.0,-0.5330000000000013,0.0,0.0,2.1640000000000006,0.0,0.0,0.0,0.0,0.0,-0.7970000000000041,0.0,0.0
SER 149,R SER 149,0.0,0.0,0.0,-3.0660000000000007,0.0,0.0,-5.520000000000003,0.0,0.0,6.581,0.0,0.0,0.0,0.0,0.0,-2.0050000000000052,0.0,0.0
ILE 150,R ILE 150,17.951999999999998,0.0,0.0,-8.772,0.0,0.0,-25.722,0.0,0.0,5.986,0.0,0.0,0.0,0.0,0.0,-10.556000000000008,0.0,0.0
LEU 151,L LEU   1,18.903999999999996,0.0,0.0,-2.066,0.0,0.0,-24.363,0.0,0.0,1.5380000000000003,0.0,0.0,0.0,0.0,0.0,-5.987000000000005,0.0,0.0
ASP 152,L ASP   2,0.0,0.0,0.0,-2.675,0.0,0.0,13.966000000000008,0.0,0.0,-12.516000000000005,0.0,0.0,0.0,0.0,0.0,-1.2249999999999943,0.0,0.0
ILE 153,L ILE   3,0.0,0.0,0.0,-2.5519999999999996,0.0,0.0,-1.347999999999999,0.0,0.0,0.726,0.0,0.0,0.0,0.0,0.0,-3.1740000000000066,0.0,0.0
ARG 154,L ARG   4,0.0,0.0,0.0,-0.17800000000000082,0.0,0.0,-14.566,0.0,0.0,14.454999999999998,0.0,0.0,0.0,0.0,0.0,-0.2890000000000157,0.0,0.0
GLN 155,L GLN   5,0.0,0.0,0.0,-0.019999999999999574,0.0,0.0,-0.2530000000000001,0.0,0.0,0.262,0.0,0.0,0.0,0.0,0.0,-0.01099999999999568,0.0,0.0
GLY 156,L GLY   6,0.0,0.0,0.0,-0.006000000000000227,0.0,0.0,-0.08599999999999852,0.0,0.0,0.08599999999999941,0.0,0.0,0.0,0.0,0.0,-0.006000000000000227,0.0,0.0
PRO 157,L PRO   7,0.0,0.0,0.0,-0.004999999999999893,0.0,0.0,-0.16199999999999903,0.0,0.0,0.1589999999999998,0.0,0.0,0.0,0.0,0.0,-0.008000000000006224,0.0,0.0
LYS 158,L LYS   8,0.0,0.0,0.0,-0.0040000000000000036,0.0,0.0,-11.614000000000004,0.0,0.0,11.540999999999997,0.0,0.0,0.0,0.0,0.0,-0.07700000000001239,0.0,0.0
GLU 159,L GLU   9,0.0,0.0,0.0,-0.018000000000000682,0.0,0.0,16.938999999999993,0.0,0.0,-16.841,0.0,0.0,0.0,0.0,0.0,0.07999999999999119,0.0,0.0
PRO 160,L PRO  10,0.0,0.0,0.0,-0.007000000000000561,0.0,0.0,0.5609999999999999,0.0,0.0,-0.5509999999999999,0.0,0.0,0.0,0.0,0.0,0.0030000000000089955,0.0,0.0
PHE 161,L PHE  11,0.0,0.0,0.0,-0.011000000000001009,0.0,0.0,0.5289999999999964,0.0,0.0,-0.518,0.0,0.0,0.0,0.0,0.0,3.552713678800501e-15,0.0,0.0
ARG 162,L ARG  12,0.0,0.0,0.0,-0.016000000000000014,0.0,0.0,-13.888000000000002,0.0,0.0,13.843,0.0,0.0,0.0,0.0,0.0,-0.06100000000003547,0.0,0.0
ASP 163,L ASP  13,0.0,0.0,0.0,-0.022999999999999687,0.0,0.0,17.186999999999998,0.0,0.0,-17.104,0.0,0.0,0.0,0.0,0.0,0.060000000000002274,0.0,0.0
TYR 164,L TYR  14,0.0,0.0,0.0,-0.0710000000000015,0.0,0.0,0.9969999999999999,0.0,0.0,-0.9530000000000001,0.0,0.0,0.0,0.0,0.0,-0.02699999999999747,0.0,0.0
VAL 165,L VAL  15,0.0,0.0,0.0,-0.028999999999999915,0.0,0.0,0.6469999999999985,0.0,0.0,-0.637,0.0,0.0,0.0,0.0,0.0,-0.019000000000005457,0.0,0.0
ASP 166,L ASP  16,0.0,0.0,0.0,-0.07699999999999996,0.0,0.0,25.12299999999999,0.0,0.0,-24.957,0.0,0.0,0.0,0.0,0.0,0.08899999999999153,0.0,0.0
ARG 167,L ARG  17,0.0,0.0,0.0,-0.2970000000000006,0.0,0.0,-20.376,0.0,0.0,20.41,0.0,0.0,0.0,0.0,0.0,-0.26300000000000523,0.0,0.0
PHE 168,L PHE  18,0.0,0.0,0.0,-0.7460000000000004,0.0,0.0,0.5969999999999942,0.0,0.0,-0.40299999999999997,0.0,0.0,0.0,0.0,0.0,-0.5520000000000147,0.0,0.0
TYR 169,L TYR  19,0.0,0.0,0.0,-0.14499999999999957,0.0,0.0,0.8509999999999991,0.0,0.0,-0.8140000000000001,0.0,0.0,0.0,0.0,0.0,-0.10799999999999699,0.0,0.0
LYS 170,L LYS  20,0.0,0.0,0.0,-0.5190000000000001,0.0,0.0,-28.805999999999983,0.0,0.0,29.205000000000002,0.0,0.0,0.0,0.0,0.0,-0.11999999999995836,0.0,0.0
THR 171,L THR  21,0.0,0.0,0.0,-1.9339999999999993,0.0,0.0,0.8470000000000013,0.0,0.0,-0.051000000000000156,0.0,0.0,0.0,0.0,0.0,-1.1379999999999981,0.0,0.0
LEU 172,L LEU  22,0.0,0.0,0.0,-1.0090000000000003,0.0,0.0,0.10699999999999932,0.0,0.0,-0.0930000000000002,0.0,0.0,0.0,0.0,0.0,-0.9950000000000081,0.0,0.0
ARG 173,L ARG  23,0.0,0.0,0.0,-2.0220000000000002,0.0,0.0,-58.603,0.0,0.0,50.34,0.0,0.0,0.0,0.0,0.0,-10.284999999999997,0.0,0.0
ALA 174,L ALA  24,0.0,0.0,0.0,-0.9319999999999995,0.0,0.0,0.18099999999999739,0.0,0.0,0.15000000000000036,0.0,0.0,0.0,0.0,0.0,-0.6010000000000044,0.0,0.0
GLU 175,L GLU  25,0.0,0.0,0.0,-1.0070000000000006,0.0,0.0,16.44899999999999,0.0,0.0,-15.442000000000007,0.0,0.0,0.0,0.0,0.0,-2.1316282072803006e-14,0.0,0.0
GLN 176,L GLN  26,0.0,0.0,0.0,-1.4310000000000005,0.0,0.0,-9.890999999999998,0.0,0.0,7.440999999999999,0.0,0.0,0.0,0.0,0.0,-3.8810000000000002,0.0,0.0
ALA 177,L ALA  27,0.0,0.0,0.0,-0.0829999999999993,0.0,0.0,0.7420000000000044,0.0,0.0,-0.726,0.0,0.0,0.0,0.0,0.0,-0.06699999999999395,0.0,0.0
SER 178,L SER  28,0.0,0.0,0.0,-0.024999999999999467,0.0,0.0,1.1769999999999925,0.0,0.0,-1.17,0.0,0.0,0.0,0.0,0.0,-0.017999999999998906,0.0,0.0
GLN 179,L GLN  29,0.0,0.0,0.0,-0.0259999999999998,0.0,0.0,0.5869999999999962,0.0,0.0,-0.5829999999999984,0.0,0.0,0.0,0.0,0.0,-0.02200000000000557,0.0,0.0
GLU 180,L GLU  30,0.0,0.0,0.0,-0.009000000000000341,0.0,0.0,8.138999999999996,0.0,0.0,-8.119,0.0,0.0,0.0,0.0,0.0,0.01100000000000989,0.0,0.0
VAL 181,L VAL  31,0.0,0.0,0.0,-0.054999999999999716,0.0,0.0,-0.11399999999999721,0.0,0.0,0.08999999999999986,0.0,0.0,0.0,0.0,0.0,-0.07899999999999707,0.0,0.0
LYS 182,L LYS  32,0.0,0.0,0.0,-0.08900000000000041,0.0,0.0,-21.25,0.0,0.0,21.051,0.0,0.0,0.0,0.0,0.0,-0.2879999999999989,0.0,0.0
ASN 183,L ASN  33,0.0,0.0,0.0,-0.012000000000000455,0.0,0.0,0.11999999999999034,0.0,0.0,-0.12299999999999933,0.0,0.0,0.0,0.0,0.0,-0.01500000000001478,0.0,0.0
TRP 184,L TRP  34,0.0,0.0,0.0,-0.045999999999999375,0.0,0.0,0.15500000000000114,0.0,0.0,-0.15299999999999958,0.0,0.0,0.0,0.0,0.0,-0.0439999999999916,0.0,0.0
MET 185,L MET  35,0.0,0.0,0.0,-0.9830000000000005,0.0,0.0,0.08699999999998909,0.0,0.0,0.10499999999999998,0.0,0.0,0.0,0.0,0.0,-0.7910000000000155,0.0,0.0
THR 186,L THR  36,0.0,0.0,0.0,-0.027000000000000135,0.0,0.0,0.21600000000000108,0.0,0.0,-0.21000000000000002,0.0,0.0,0.0,0.0,0.0,-0.021000000000000796,0.0,0.0
GLU 187,L GLU  37,0.0,0.0,0.0,-0.009000000000000341,0.0,0.0,8.829999999999998,0.0,0.0,-8.804999999999993,0.0,0.0,0.0,0.0,0.0,0.016000000000005343,0.0,0.0
THR 188,L THR  38,0.0,0.0,0.0,-0.024999999999999467,0.0,0.0,-0.011000000000002785,0.0,0.0,0.016000000000000014,0.0,0.0,0.0,0.0,0.0,-0.02000000000000135,0.0,0.0
LEU 189,L LEU  39,0.0,0.0,0.0,-0.9210000000000003,0.0,0.0,0.045000000000001705,0.0,0.0,0.02200000000000002,0.0,0.0,0.0,0.0,0.0,-0.854000000000005,0.0,0.0
LEU 190,L LEU  40,0.0,0.0,0.0,-0.057000000000000384,0.0,0.0,0.07500000000000284,0.0,0.0,-0.03600000000000003,0.0,0.0,0.0,0.0,0.0,-0.017999999999998906,0.0,0.0
VAL 191,L VAL  41,0.0,0.0,0.0,-0.009999999999999787,0.0,0.0,0.1180000000000021,0.0,0.0,-0.10699999999999998,0.0,0.0,0.0,0.0,0.0,0.0010000000000047748,0.0,0.0
GLN 192,L GLN  42,0.0,0.0,0.0,-0.012000000000000455,0.0,0.0,-0.18999999999999773,0.0,0.0,0.1759999999999997,0.0,0.0,0.0,0.0,0.0,-0.026000000000003354,0.0,0.0
ASN 193,L ASN  43,0.0,0.0,0.0,-0.052999999999999936,0.0,0.0,-0.13900000000001,0.0,0.0,0.06799999999999962,0.0,0.0,0.0,0.0,0.0,-0.12400000000000944,0.0,0.0
ALA 194,L ALA  44,0.0,0.0,0.0,-0.006000000000000227,0.0,0.0,-0.07000000000000739,0.0,0.0,0.07,0.0,0.0,0.0,0.0,0.0,-0.006000000000007333,0.0,0.0
ASN 195,L ASN  45,0.0,0.0,0.0,-0.0039999999999995595,0.0,0.0,0.060000000000002274,0.0,0.0,-0.05900000000000016,0.0,0.0,0.0,0.0,0.0,-0.0030000000000001137,0.0,0.0
PRO 196,L PRO  46,0.0,0.0,0.0,-0.0019999999999997797,0.0,0.0,-0.05799999999999983,0.0,0.0,0.05699999999999994,0.0,0.0,0.0,0.0,0.0,-0.002999999999996561,0.0,0.0
ASP 197,L ASP  47,0.0,0.0,0.0,-0.001000000000000334,0.0,0.0,8.965000000000003,0.0,0.0,-8.914000000000001,0.0,0.0,0.0,0.0,0.0,0.04999999999999716,0.0,0.0
CYX 198,L CYX  48,0.0,0.0,0.0,-0.002000000000000668,0.0,0.0,-0.14700000000000557,0.0,0.0,0.14500000000000002,0.0,0.0,0.0,0.0,0.0,-0.00400000000001377,0.0,0.0
LYS 199,L LYS  49,0.0,0.0,0.0,-0.0039999999999995595,0.0,0.0,-9.983999999999995,0.0,0.0,9.936000000000002,0.0,0.0,0.0,0.0,0.0,-0.05200000000001204,0.0,0.0
THR 200,L THR  50,0.0,0.0,0.0,-0.0009999999999994458,0.0,0.0,-0.18600000000000705,0.0,0.0,0.18400000000000005,0.0,0.0,0.0,0.0,0.0,-0.0030000000000036664,0.0,0.0
ILE 201,L ILE  51,0.0,0.0,0.0,-0.0009999999999994458,0.0,0.0,-0.19299999999999784,0.0,0.0,0.19200000000000017,0.0,0.0,0.0,0.0,0.0,-0.001999999999995339,0.0,0.0
LEU 202,L LEU  52,0.0,0.0,0.0,-0.0030000000000001137,0.0,0.0,-0.20300000000000296,0.0,0.0,0.20199999999999996,0.0,0.0,0.0,0.0,0.0,-0.004000000000003112,0.0,0.0
LYS 203,L LYS  53,0.0,0.0,0.0,-0.001000000000000334,0.0,0.0,-9.077999999999989,0.0,0.0,9.044,0.0,0.0,0.0,0.0,0.0,-0.034999999999978826,0.0,0.0
ALA 204,L ALA  54,0.0,0.0,0.0,-0.0009999999999998899,0.0,0.0,-0.1319999999999908,0.0,0.0,0.1299999999999999,0.0,0.0,0.0,0.0,0.0,-0.002999999999995673,0.0,0.0
LEU 205,L LEU  55,0.0,0.0,0.0,-0.001000000000000334,0.0,0.0,-0.19999999999998863,0.0,0.0,0.19899999999999984,0.0,0.0,0.0,0.0,0.0,-0.0019999999999793516,0.0,0.0
GLY 206,L GLY  56,0.0,0.0,0.0,0.0,0.0,0.0,0.18300000000000693,0.0,0.0,-0.18299999999999983,0.0,0.0,0.0,0.0,0.0,7.105427357601002e-15,0.0,0.0
PRO 207,L PRO  57,0.0,0.0,0.0,-0.0009999999999998899,0.0,0.0,-0.00999999999999801,0.0,0.0,0.010999999999999233,0.0,0.0,0.0,0.0,0.0,-7.105427357601002e-15,0.0,0.0
GLY 208,L GLY  58,0.0,0.0,0.0,0.0,0.0,0.0,-0.00999999999999801,0.0,0.0,0.009999999999999787,0.0,0.0,0.0,0.0,0.0,1.7763568394002505e-15,0.0,0.0
ALA 209,L ALA  59,0.0,0.0,0.0,-0.0019999999999997797,0.0,0.0,0.13500000000000512,0.0,0.0,-0.136,0.0,0.0,0.0,0.0,0.0,-0.0029999999999903437,0.0,0.0
THR 210,L THR  60,0.0,0.0,0.0,-0.0029999999999996696,0.0,0.0,0.11500000000000199,0.0,0.0,-0.11399999999999999,0.0,0.0,0.0,0.0,0.0,-0.0019999999999988916,0.0,0.0
LEU 211,L LEU  61,0.0,0.0,0.0,-0.008999999999999453,0.0,0.0,0.11299999999999955,0.0,0.0,-0.11299999999999999,0.0,0.0,0.0,0.0,0.0,-0.008999999999993236,0.0,0.0
GLU 212,L GLU  62,0.0,0.0,0.0,-0.004999999999999893,0.0,0.0,11.518,0.0,0.0,-11.487000000000009,0.0,0.0,0.0,0.0,0.0,0.02599999999999625,0.0,0.0
GLU 213,L GLU  63,0.0,0.0,0.0,-0.001000000000000334,0.0,0.0,8.283999999999999,0.0,0.0,-8.265999999999991,0.0,0.0,0.0,0.0,0.0,0.017000000000003013,0.0,0.0
MET 214,L MET  64,0.0,0.0,0.0,-0.0030000000000001137,0.0,0.0,-0.18900000000000716,0.0,0.0,0.18800000000000017,0.0,0.0,0.0,0.0,0.0,-0.004000000000006665,0.0,0.0
MET 215,L MET  65,0.0,0.0,0.0,-0.006999999999999673,0.0,0.0,0.06699999999999307,0.0,0.0,-0.06699999999999973,0.0,0.0,0.0,0.0,0.0,-0.007000000000012108,0.0,0.0
THR 216,L THR  66,0.0,0.0,0.0,-0.0009999999999994458,0.0,0.0,0.19300000000000495,0.0,0.0,-0.1930000000000005,0.0,0.0,0.0,0.0,0.0,-0.0010000000000012221,0.0,0.0
ALA 217,L ALA  67,0.0,0.0,0.0,-0.0009999999999994458,0.0,0.0,-0.14000000000000057,0.0,0.0,0.14100000000000001,0.0,0.0,0.0,0.0,0.0,7.105427357601002e-15,0.0,0.0
CYX 218,L CYX  68,0.0,0.0,0.0,-0.002000000000000668,0.0,0.0,-0.04000000000000625,0.0,0.0,0.040999999999999925,0.0,0.0,0.0,0.0,0.0,-0.0010000000000012221,0.0,0.0
GLN 219,L GLN  69,0.0,0.0,0.0,-0.0019999999999997797,0.0,0.0,-0.15900000000000603,0.0,0.0,0.16300000000000026,0.0,0.0,0.0,0.0,0.0,0.0019999999999882334,0.0,0.0
GLY 220,L GLY  70,0.0,0.0,0.0,-0.0009999999999998899,0.0,0.0,0.060000000000002274,0.0,0.0,-0.05999999999999872,0.0,0.0,0.0,0.0,0.0,-0.0010000000000012221,0.0,0.0
VAL 221,L VAL  71,0.0,0.0,0.0,0.0,0.0,0.0,7.811,0.0,0.0,-7.771000000000001,0.0,0.0,0.0,0.0,0.0,0.03999999999999204,0.0,0.0

