| Run on Thu Jan 29 17:45:12 2026
| GB non-polar solvation energies calculated with gbsa=2
idecomp = 1: Per-residue decomp adding 1-4 interactions to Internal.
Energy Decomposition Analysis (All units kcal/mol): Generalized Born solvent
Complex:
Total Energy Decomposition:
Residue,Internal,,,van der Waals,,,Electrostatic,,,Polar Solvation,,,Non-Polar Solv.,,,TOTAL,,
,Avg.,Std. Dev.,Std. Err. of Mean,Avg.,Std. Dev.,Std. Err. of Mean,Avg.,Std. Dev.,Std. Err. of Mean,Avg.,Std. Dev.,Std. Err. of Mean,Avg.,Std. Dev.,Std. Err. of Mean,Avg.,Std. Dev.,Std. Err. of Mean
PRO   1,101.215,0.0,0.0,-6.663,0.0,0.0,-105.197,0.0,0.0,6.28,0.0,0.0,0.23710874,0.0,0.0,-4.127891259999996,0.0,0.0
ILE   2,94.206,0.0,0.0,-8.4,0.0,0.0,-67.365,0.0,0.0,-4.071,0.0,0.0,0.34751956,0.0,0.0,14.717519560000003,0.0,0.0
VAL   3,49.723,0.0,0.0,-5.59,0.0,0.0,-55.096,0.0,0.0,-1.563,0.0,0.0,0.41122624,0.0,0.0,-12.114773760000002,0.0,0.0
GLN   4,27.977,0.0,0.0,-6.604,0.0,0.0,-60.196,0.0,0.0,-15.74,0.0,0.0,0.64680654,0.0,0.0,-53.916193459999995,0.0,0.0
ASN   5,29.136,0.0,0.0,-5.848,0.0,0.0,-72.391,0.0,0.0,-15.638,0.0,0.0,0.40689024,0.0,0.0,-64.33410976000002,0.0,0.0
LEU   6,78.612,0.0,0.0,-3.306,0.0,0.0,-71.417,0.0,0.0,-7.69,0.0,0.0,1.05432008,0.0,0.0,-2.7466799200000045,0.0,0.0
GLN   7,37.604,0.0,0.0,-5.922,0.0,0.0,-73.481,0.0,0.0,-11.16,0.0,0.0,0.7109305600000001,0.0,0.0,-52.24806943999999,0.0,0.0
GLY   8,77.1,0.0,0.0,-3.62,0.0,0.0,-68.295,0.0,0.0,-5.923,0.0,0.0,0.19437746,0.0,0.0,-0.543622540000012,0.0,0.0
GLN   9,33.961,0.0,0.0,-6.07,0.0,0.0,-75.768,0.0,0.0,-12.746,0.0,0.0,0.6841937,0.0,0.0,-59.9388063,0.0,0.0
MET  10,101.025,0.0,0.0,-7.492,0.0,0.0,-80.55,0.0,0.0,-3.999,0.0,0.0,0.35396936000000007,0.0,0.0,9.337969360000004,0.0,0.0
VAL  11,47.717,0.0,0.0,-5.0,0.0,0.0,-52.938,0.0,0.0,-2.002,0.0,0.0,0.35582300000000006,0.0,0.0,-11.867177000000002,0.0,0.0
HID  12,91.281,0.0,0.0,-11.114,0.0,0.0,-58.019,0.0,0.0,-9.382,0.0,0.0,0.20442072000000003,0.0,0.0,12.970420720000003,0.0,0.0
GLN  13,39.0,0.0,0.0,-6.706,0.0,0.0,-77.541,0.0,0.0,-10.52,0.0,0.0,0.59250356,0.0,0.0,-55.17449644,0.0,0.0
ALA  14,95.053,0.0,0.0,-3.894,0.0,0.0,-81.244,0.0,0.0,-4.058,0.0,0.0,0.44686816,0.0,0.0,6.303868159999992,0.0,0.0
ILE  15,98.049,0.0,0.0,-8.056,0.0,0.0,-73.753,0.0,0.0,-5.384,0.0,0.0,0.0907037,0.0,0.0,10.94670370000001,0.0,0.0
SER  16,71.416,0.0,0.0,-5.35,0.0,0.0,-51.203,0.0,0.0,-6.555,0.0,0.0,0.25032812000000004,0.0,0.0,8.55832812,0.0,0.0
PRO  17,91.361,0.0,0.0,-5.351,0.0,0.0,-61.925,0.0,0.0,-3.351,0.0,0.0,0.43986010000000003,0.0,0.0,21.17386010000001,0.0,0.0
ARG  18,-177.829,0.0,0.0,-8.711,0.0,0.0,69.368,0.0,0.0,-51.054,0.0,0.0,0.9748412000000002,0.0,0.0,-167.25115880000004,0.0,0.0
THR  19,43.805,0.0,0.0,-8.398,0.0,0.0,-50.86,0.0,0.0,-4.145,0.0,0.0,0.1886431,0.0,0.0,-19.409356900000002,0.0,0.0
LEU  20,56.492,0.0,0.0,-11.13,0.0,0.0,-56.086,0.0,0.0,-3.735,0.0,0.0,0.15402556,0.0,0.0,-14.304974440000002,0.0,0.0
ASN  21,28.815,0.0,0.0,-6.707,0.0,0.0,-89.356,0.0,0.0,-9.344,0.0,0.0,0.35839208,0.0,0.0,-76.23360791999998,0.0,0.0
ALA  22,93.201,0.0,0.0,-4.473,0.0,0.0,-82.695,0.0,0.0,-2.491,0.0,0.0,0.21222010000000002,0.0,0.0,3.7542201000000013,0.0,0.0
TRP  23,133.072,0.0,0.0,-19.63,0.0,0.0,-94.087,0.0,0.0,-5.173,0.0,0.0,0.004915940000000001,0.0,0.0,14.186915940000004,0.0,0.0
VAL  24,63.207,0.0,0.0,-7.758,0.0,0.0,-49.441,0.0,0.0,-6.885,0.0,0.0,0.28795376,0.0,0.0,-0.5890462400000043,0.0,0.0
LYS  25,135.348,0.0,0.0,-7.868,0.0,0.0,-98.608,0.0,0.0,-39.968,0.0,0.0,0.72405238,0.0,0.0,-10.37194761999999,0.0,0.0
VAL  26,62.258,0.0,0.0,-6.437,0.0,0.0,-65.49,0.0,0.0,-3.839,0.0,0.0,0.12142968000000001,0.0,0.0,-13.38657031999999,0.0,0.0
VAL  27,47.497,0.0,0.0,-8.861,0.0,0.0,-46.608,0.0,0.0,-3.016,0.0,0.0,0.10009656,0.0,0.0,-10.88790344,0.0,0.0
GLU  28,97.765,0.0,0.0,-7.394,0.0,0.0,-62.397,0.0,0.0,-78.064,0.0,0.0,0.56825448,0.0,0.0,-49.521745519999996,0.0,0.0
GLU  29,109.512,0.0,0.0,-5.782,0.0,0.0,-71.893,0.0,0.0,-80.379,0.0,0.0,0.7582200600000001,0.0,0.0,-47.78377994,0.0,0.0
LYS  30,121.862,0.0,0.0,-8.935,0.0,0.0,-121.772,0.0,0.0,-4.167,0.0,0.0,0.37567646000000005,0.0,0.0,-12.636323540000014,0.0,0.0
ALA  31,91.925,0.0,0.0,-5.686,0.0,0.0,-85.411,0.0,0.0,2.269,0.0,0.0,0.109484,0.0,0.0,3.206484000000003,0.0,0.0
PHE  32,105.726,0.0,0.0,-11.75,0.0,0.0,-76.307,0.0,0.0,-5.149,0.0,0.0,0.29118408,0.0,0.0,12.811184079999997,0.0,0.0
SER  33,80.942,0.0,0.0,-7.275,0.0,0.0,-57.878,0.0,0.0,-5.802,0.0,0.0,0.058346300000000004,0.0,0.0,10.045346299999988,0.0,0.0
PRO  34,78.723,0.0,0.0,-7.504,0.0,0.0,-59.159,0.0,0.0,-0.978,0.0,0.0,0.19817688,0.0,0.0,11.280176879999996,0.0,0.0
GLU  35,106.878,0.0,0.0,-6.324,0.0,0.0,-83.333,0.0,0.0,-67.275,0.0,0.0,0.33408338000000004,0.0,0.0,-49.71991662,0.0,0.0
VAL  36,53.927,0.0,0.0,-8.551,0.0,0.0,-55.445,0.0,0.0,0.435,0.0,0.0,0.03860666,0.0,0.0,-9.595393340000003,0.0,0.0
ILE  37,96.077,0.0,0.0,-10.305,0.0,0.0,-64.213,0.0,0.0,-0.189,0.0,0.0,0.16202006000000002,0.0,0.0,21.532020059999997,0.0,0.0
PRO  38,80.032,0.0,0.0,-5.696,0.0,0.0,-56.448,0.0,0.0,-4.131,0.0,0.0,0.5359241800000001,0.0,0.0,14.292924179999998,0.0,0.0
MET  39,85.19,0.0,0.0,-8.997,0.0,0.0,-71.322,0.0,0.0,-3.581,0.0,0.0,0.33261998000000004,0.0,0.0,1.6226199799999952,0.0,0.0
PHE  40,99.215,0.0,0.0,-12.727,0.0,0.0,-83.923,0.0,0.0,-1.69,0.0,0.0,0.00072086,0.0,0.0,0.8757208599999978,0.0,0.0
SER  41,73.873,0.0,0.0,-6.879,0.0,0.0,-58.111,0.0,0.0,-7.804,0.0,0.0,0.21640434,0.0,0.0,1.2954043400000024,0.0,0.0
ALA  42,88.74,0.0,0.0,-4.952,0.0,0.0,-67.751,0.0,0.0,-5.381,0.0,0.0,0.3850639,0.0,0.0,11.041063899999992,0.0,0.0
LEU  43,74.702,0.0,0.0,-9.266,0.0,0.0,-76.188,0.0,0.0,-5.673,0.0,0.0,0.25225764,0.0,0.0,-16.17274236000001,0.0,0.0
SER  44,70.53,0.0,0.0,-7.363,0.0,0.0,-73.482,0.0,0.0,0.032,0.0,0.0,0.0035988800000000005,0.0,0.0,-10.279401119999998,0.0,0.0
GLU  45,104.151,0.0,0.0,-6.124,0.0,0.0,-58.317,0.0,0.0,-88.434,0.0,0.0,0.67411792,0.0,0.0,-48.049882079999996,0.0,0.0
GLY  46,68.626,0.0,0.0,-3.495,0.0,0.0,-68.411,0.0,0.0,0.285,0.0,0.0,0.25117906,0.0,0.0,-2.743820940000001,0.0,0.0
ALA  47,98.487,0.0,0.0,-7.248,0.0,0.0,-86.571,0.0,0.0,-2.539,0.0,0.0,0.03362568,0.0,0.0,2.162625679999992,0.0,0.0
THR  48,54.341,0.0,0.0,-7.58,0.0,0.0,-60.245,0.0,0.0,-0.575,0.0,0.0,0.01570716,0.0,0.0,-14.043292839999994,0.0,0.0
PRO  49,75.165,0.0,0.0,-10.59,0.0,0.0,-57.956,0.0,0.0,0.642,0.0,0.0,0.0,0.0,0.0,7.261,0.0,0.0
GLN  50,32.188,0.0,0.0,-9.261,0.0,0.0,-71.299,0.0,0.0,-10.763,0.0,0.0,0.41895516000000005,0.0,0.0,-58.716044839999995,0.0,0.0
ASP  51,90.798,0.0,0.0,-7.518,0.0,0.0,-123.99,0.0,0.0,-18.271,0.0,0.0,0.009842720000000001,0.0,0.0,-58.97115727999999,0.0,0.0
LEU  52,63.532,0.0,0.0,-14.758,0.0,0.0,-69.382,0.0,0.0,-0.307,0.0,0.0,0.0,0.0,0.0,-20.915000000000003,0.0,0.0
ASN  53,43.725,0.0,0.0,-7.88,0.0,0.0,-103.48,0.0,0.0,-3.87,0.0,0.0,0.17755378000000002,0.0,0.0,-71.32744622000001,0.0,0.0
THR  54,52.822,0.0,0.0,-7.201,0.0,0.0,-64.324,0.0,0.0,-1.807,0.0,0.0,0.30667986,0.0,0.0,-20.203320139999995,0.0,0.0
MET  55,81.293,0.0,0.0,-11.895,0.0,0.0,-67.094,0.0,0.0,-1.558,0.0,0.0,0.0021571600000000004,0.0,0.0,0.7481571600000162,0.0,0.0
LEU  56,77.045,0.0,0.0,-9.351,0.0,0.0,-73.651,0.0,0.0,-0.434,0.0,0.0,0.041549720000000005,0.0,0.0,-6.349450279999994,0.0,0.0
ASN  57,33.109,0.0,0.0,-6.444,0.0,0.0,-89.549,0.0,0.0,-11.946,0.0,0.0,0.52731722,0.0,0.0,-74.30268278,0.0,0.0
THR  58,64.021,0.0,0.0,-8.428,0.0,0.0,-60.385,0.0,0.0,-6.106,0.0,0.0,0.16000924,0.0,0.0,-10.737990759999994,0.0,0.0
VAL  59,42.405,0.0,0.0,-10.358,0.0,0.0,-41.921,0.0,0.0,-3.104,0.0,0.0,0.020162400000000004,0.0,0.0,-12.957837600000001,0.0,0.0
ALA  60,88.887,0.0,0.0,-3.947,0.0,0.0,-65.865,0.0,0.0,-3.01,0.0,0.0,0.14714758000000003,0.0,0.0,16.212147580000003,0.0,0.0
PRO  61,84.546,0.0,0.0,-4.868,0.0,0.0,-56.739,0.0,0.0,-4.639,0.0,0.0,0.54459618,0.0,0.0,18.844596180000014,0.0,0.0
HID  62,97.759,0.0,0.0,-7.661,0.0,0.0,-71.585,0.0,0.0,-7.156,0.0,0.0,0.36747058000000005,0.0,0.0,11.724470580000007,0.0,0.0
GLN  63,35.075,0.0,0.0,-4.99,0.0,0.0,-66.976,0.0,0.0,-16.654,0.0,0.0,0.7215808600000001,0.0,0.0,-52.82341914,0.0,0.0
ALA  64,84.986,0.0,0.0,-3.452,0.0,0.0,-68.295,0.0,0.0,-3.604,0.0,0.0,0.46286258,0.0,0.0,10.097862580000005,0.0,0.0
ALA  65,87.694,0.0,0.0,-4.822,0.0,0.0,-76.583,0.0,0.0,-0.49,0.0,0.0,0.15065974000000001,0.0,0.0,5.949659740000001,0.0,0.0
ALA  66,95.214,0.0,0.0,-6.154,0.0,0.0,-84.256,0.0,0.0,-0.096,0.0,0.0,0.062470920000000006,0.0,0.0,4.770470920000002,0.0,0.0
GLN  67,41.883,0.0,0.0,-7.213,0.0,0.0,-80.067,0.0,0.0,-10.119,0.0,0.0,0.66379824,0.0,0.0,-54.85220175999999,0.0,0.0
MET  68,86.728,0.0,0.0,-8.807,0.0,0.0,-75.257,0.0,0.0,-2.36,0.0,0.0,0.40639702,0.0,0.0,0.7103970199999874,0.0,0.0
LEU  69,85.431,0.0,0.0,-12.083,0.0,0.0,-78.864,0.0,0.0,-2.111,0.0,0.0,0.039327520000000005,0.0,0.0,-7.587672480000006,0.0,0.0
LYS  70,125.619,0.0,0.0,-8.473,0.0,0.0,-114.354,0.0,0.0,-22.743,0.0,0.0,0.68656766,0.0,0.0,-19.264432339999995,0.0,0.0
GLU  71,110.949,0.0,0.0,-6.187,0.0,0.0,-68.877,0.0,0.0,-93.912,0.0,0.0,0.59141956,0.0,0.0,-57.43558044,0.0,0.0
THR  72,53.558,0.0,0.0,-9.581,0.0,0.0,-59.701,0.0,0.0,-1.873,0.0,0.0,0.004314320000000001,0.0,0.0,-17.59268568,0.0,0.0
ILE  73,76.025,0.0,0.0,-10.716,0.0,0.0,-49.832,0.0,0.0,-5.11,0.0,0.0,0.06727304,0.0,0.0,10.434273040000011,0.0,0.0
ASN  74,32.432,0.0,0.0,-7.788,0.0,0.0,-91.445,0.0,0.0,-10.7,0.0,0.0,0.5697504000000001,0.0,0.0,-76.93124959999999,0.0,0.0
GLU  75,112.105,0.0,0.0,-8.079,0.0,0.0,-50.855,0.0,0.0,-105.331,0.0,0.0,0.48771328,0.0,0.0,-51.67228671999999,0.0,0.0
GLU  76,96.519,0.0,0.0,-7.762,0.0,0.0,-79.661,0.0,0.0,-64.315,0.0,0.0,0.13026428,0.0,0.0,-55.088735719999995,0.0,0.0
ALA  77,85.065,0.0,0.0,-8.328,0.0,0.0,-71.433,0.0,0.0,-2.21,0.0,0.0,0.057289400000000004,0.0,0.0,3.151289399999988,0.0,0.0
ALA  78,93.315,0.0,0.0,-5.866,0.0,0.0,-86.312,0.0,0.0,-0.007,0.0,0.0,0.3133031,0.0,0.0,1.4433031000000005,0.0,0.0
GLU  79,109.967,0.0,0.0,-7.49,0.0,0.0,-81.823,0.0,0.0,-73.987,0.0,0.0,0.41623432000000005,0.0,0.0,-52.91676567999998,0.0,0.0
TRP  80,116.649,0.0,0.0,-15.468,0.0,0.0,-88.86,0.0,0.0,-1.956,0.0,0.0,0.19001978,0.0,0.0,10.555019779999999,0.0,0.0
ASP  81,103.911,0.0,0.0,-8.443,0.0,0.0,-80.806,0.0,0.0,-69.179,0.0,0.0,0.27593762000000005,0.0,0.0,-54.241062379999995,0.0,0.0
ARG  82,-189.882,0.0,0.0,-7.045,0.0,0.0,-3.373,0.0,0.0,26.553,0.0,0.0,1.07379414,0.0,0.0,-172.67320586,0.0,0.0
LEU  83,64.384,0.0,0.0,-5.419,0.0,0.0,-74.669,0.0,0.0,-3.714,0.0,0.0,0.72515806,0.0,0.0,-18.692841939999994,0.0,0.0
HID  84,110.516,0.0,0.0,-8.362,0.0,0.0,-76.826,0.0,0.0,-7.251,0.0,0.0,0.39315596,0.0,0.0,18.470155960000017,0.0,0.0
PRO  85,92.155,0.0,0.0,-4.7,0.0,0.0,-59.75,0.0,0.0,-9.838,0.0,0.0,0.56415154,0.0,0.0,18.43115154,0.0,0.0
VAL  86,56.944,0.0,0.0,-4.106,0.0,0.0,-56.237,0.0,0.0,-3.991,0.0,0.0,0.62967934,0.0,0.0,-6.7603206600000005,0.0,0.0
HID  87,87.361,0.0,0.0,-7.287,0.0,0.0,-63.777,0.0,0.0,-9.251,0.0,0.0,0.44410396,0.0,0.0,7.490103959999997,0.0,0.0
ALA  88,94.582,0.0,0.0,-2.493,0.0,0.0,-77.09,0.0,0.0,-5.974,0.0,0.0,0.5142279200000001,0.0,0.0,9.539227919999995,0.0,0.0
GLY  89,91.343,0.0,0.0,-1.078,0.0,0.0,-72.386,0.0,0.0,-9.38,0.0,0.0,0.4369062,0.0,0.0,8.935906200000003,0.0,0.0
PRO  90,87.242,0.0,0.0,-2.977,0.0,0.0,-59.062,0.0,0.0,-7.236,0.0,0.0,0.588612,0.0,0.0,18.555612000000004,0.0,0.0
ILE  91,77.351,0.0,0.0,-3.914,0.0,0.0,-56.213,0.0,0.0,-5.991,0.0,0.0,0.96336706,0.0,0.0,12.196367059999996,0.0,0.0
ALA  92,95.168,0.0,0.0,-4.331,0.0,0.0,-67.505,0.0,0.0,-5.683,0.0,0.0,0.10314801999999999,0.0,0.0,17.752148020000007,0.0,0.0
PRO  93,84.36,0.0,0.0,-3.866,0.0,0.0,-53.042,0.0,0.0,-10.155,0.0,0.0,0.61716456,0.0,0.0,17.914164559999996,0.0,0.0
GLY  94,72.86,0.0,0.0,-3.01,0.0,0.0,-65.153,0.0,0.0,-10.636,0.0,0.0,0.25687548,0.0,0.0,-5.682124520000011,0.0,0.0
GLN  95,32.357,0.0,0.0,-3.688,0.0,0.0,-64.502,0.0,0.0,-19.077,0.0,0.0,1.0324720600000001,0.0,0.0,-53.87752793999999,0.0,0.0
MET  96,112.79,0.0,0.0,-9.416,0.0,0.0,-80.449,0.0,0.0,-7.944,0.0,0.0,0.2394285,0.0,0.0,15.220428500000013,0.0,0.0
ARG  97,-188.569,0.0,0.0,-7.636,0.0,0.0,-25.533,0.0,0.0,36.912,0.0,0.0,0.59146834,0.0,0.0,-184.23453166,0.0,0.0
GLU  98,100.588,0.0,0.0,-7.345,0.0,0.0,-59.586,0.0,0.0,-82.372,0.0,0.0,0.30283166,0.0,0.0,-48.41216834,0.0,0.0
PRO  99,93.958,0.0,0.0,-10.001,0.0,0.0,-62.276,0.0,0.0,-3.35,0.0,0.0,0.0372896,0.0,0.0,18.36828959999999,0.0,0.0
ARG 100,-183.474,0.0,0.0,-7.278,0.0,0.0,-30.134,0.0,0.0,45.576,0.0,0.0,0.36240288000000004,0.0,0.0,-174.94759711999998,0.0,0.0
GLY 101,78.026,0.0,0.0,-6.256,0.0,0.0,-81.66,0.0,0.0,0.784,0.0,0.0,0.0,0.0,0.0,-9.106,0.0,0.0
SER 102,66.605,0.0,0.0,-5.033,0.0,0.0,-63.214,0.0,0.0,-2.199,0.0,0.0,0.20561312,0.0,0.0,-3.6353868799999955,0.0,0.0
ASP 103,95.803,0.0,0.0,-8.182,0.0,0.0,-91.18,0.0,0.0,-51.201,0.0,0.0,0.01790226,0.0,0.0,-54.74209774000001,0.0,0.0
ILE 104,78.366,0.0,0.0,-10.967,0.0,0.0,-59.78,0.0,0.0,-1.108,0.0,0.0,0.004314320000000001,0.0,0.0,6.515314319999999,0.0,0.0
ALA 105,88.661,0.0,0.0,-6.593,0.0,0.0,-80.021,0.0,0.0,0.207,0.0,0.0,0.027148780000000004,0.0,0.0,2.281148779999997,0.0,0.0
GLY 106,90.053,0.0,0.0,-4.973,0.0,0.0,-88.391,0.0,0.0,-1.863,0.0,0.0,0.09227008,0.0,0.0,-5.081729920000007,0.0,0.0
THR 107,51.656,0.0,0.0,-5.202,0.0,0.0,-56.045,0.0,0.0,-6.676,0.0,0.0,0.57387502,0.0,0.0,-15.693124980000004,0.0,0.0
THR 108,38.106,0.0,0.0,-2.696,0.0,0.0,-53.996,0.0,0.0,-3.548,0.0,0.0,0.53279684,0.0,0.0,-21.60120316,0.0,0.0
SER 109,72.997,0.0,0.0,-7.371,0.0,0.0,-64.144,0.0,0.0,-1.465,0.0,0.0,0.0339563,0.0,0.0,0.05095629999999924,0.0,0.0
THR 110,37.569,0.0,0.0,-4.543,0.0,0.0,-38.842,0.0,0.0,-6.396,0.0,0.0,0.4836537,0.0,0.0,-11.728346299999997,0.0,0.0
LEU 111,63.014,0.0,0.0,-9.147,0.0,0.0,-64.372,0.0,0.0,-4.041,0.0,0.0,0.22147204000000004,0.0,0.0,-14.324527959999996,0.0,0.0
GLN 112,39.159,0.0,0.0,-7.505,0.0,0.0,-77.022,0.0,0.0,-13.079,0.0,0.0,0.7292447400000001,0.0,0.0,-57.71775526000001,0.0,0.0
GLU 113,101.866,0.0,0.0,-8.301,0.0,0.0,-97.514,0.0,0.0,-53.078,0.0,0.0,0.20079474,0.0,0.0,-56.82620526,0.0,0.0
GLN 114,38.539,0.0,0.0,-13.138,0.0,0.0,-88.206,0.0,0.0,-0.25,0.0,0.0,0.0,0.0,0.0,-63.055,0.0,0.0
ILE 115,88.042,0.0,0.0,-8.61,0.0,0.0,-69.912,0.0,0.0,-2.289,0.0,0.0,0.0611918,0.0,0.0,7.292191799999996,0.0,0.0
GLY 116,75.971,0.0,0.0,-5.816,0.0,0.0,-72.726,0.0,0.0,-2.468,0.0,0.0,0.10181470000000001,0.0,0.0,-4.937185299999998,0.0,0.0
TRP 117,118.541,0.0,0.0,-19.247,0.0,0.0,-90.847,0.0,0.0,-3.283,0.0,0.0,0.0055284,0.0,0.0,5.1695284000000035,0.0,0.0
MET 118,98.131,0.0,0.0,-10.15,0.0,0.0,-82.745,0.0,0.0,-5.298,0.0,0.0,0.25307064,0.0,0.0,0.19107063999998997,0.0,0.0
THR 119,41.957,0.0,0.0,-3.752,0.0,0.0,-49.175,0.0,0.0,-5.734,0.0,0.0,0.40750270000000005,0.0,0.0,-16.296497300000002,0.0,0.0
HID 120,93.559,0.0,0.0,-11.343,0.0,0.0,-63.129,0.0,0.0,-5.729,0.0,0.0,0.14479530000000002,0.0,0.0,13.502795299999997,0.0,0.0
ASN 121,46.657,0.0,0.0,-3.876,0.0,0.0,-83.73,0.0,0.0,-14.867,0.0,0.0,0.7150660200000001,0.0,0.0,-55.10093398,0.0,0.0
PRO 122,94.85,0.0,0.0,-4.661,0.0,0.0,-60.138,0.0,0.0,-3.026,0.0,0.0,0.58461204,0.0,0.0,27.609612039999995,0.0,0.0
PRO 123,83.019,0.0,0.0,-6.817,0.0,0.0,-58.304,0.0,0.0,-4.622,0.0,0.0,0.47844508,0.0,0.0,13.754445079999996,0.0,0.0
ILE 124,97.374,0.0,0.0,-8.091,0.0,0.0,-63.894,0.0,0.0,-1.806,0.0,0.0,0.18236132000000002,0.0,0.0,23.76536132,0.0,0.0
PRO 125,87.631,0.0,0.0,-3.937,0.0,0.0,-62.989,0.0,0.0,-1.837,0.0,0.0,0.44444,0.0,0.0,19.312440000000006,0.0,0.0
VAL 126,46.642,0.0,0.0,-9.135,0.0,0.0,-48.823,0.0,0.0,-2.688,0.0,0.0,0.0035988800000000005,0.0,0.0,-14.000401119999996,0.0,0.0
GLY 127,74.117,0.0,0.0,-5.48,0.0,0.0,-72.561,0.0,0.0,-1.73,0.0,0.0,0.0313005,0.0,0.0,-5.622699500000007,0.0,0.0
GLU 128,105.073,0.0,0.0,-4.997,0.0,0.0,-83.898,0.0,0.0,-68.292,0.0,0.0,0.5124826800000001,0.0,0.0,-51.601517320000006,0.0,0.0
ILE 129,81.742,0.0,0.0,-9.11,0.0,0.0,-65.652,0.0,0.0,0.282,0.0,0.0,0.11846494,0.0,0.0,7.380464940000004,0.0,0.0
TYR 130,100.293,0.0,0.0,-15.193,0.0,0.0,-87.956,0.0,0.0,-1.103,0.0,0.0,0.00447692,0.0,0.0,-3.954523079999994,0.0,0.0
LYS 131,141.156,0.0,0.0,-11.823,0.0,0.0,-173.708,0.0,0.0,31.033,0.0,0.0,0.07363612,0.0,0.0,-13.268363879999999,0.0,0.0
ARG 132,-183.704,0.0,0.0,-8.504,0.0,0.0,-7.402,0.0,0.0,20.422,0.0,0.0,0.623571,0.0,0.0,-178.564429,0.0,0.0
TRP 133,130.78,0.0,0.0,-20.305,0.0,0.0,-92.264,0.0,0.0,-5.428,0.0,0.0,0.006476900000000001,0.0,0.0,12.789476899999997,0.0,0.0
ILE 134,88.599,0.0,0.0,-10.941,0.0,0.0,-70.93,0.0,0.0,-0.611,0.0,0.0,0.00503518,0.0,0.0,6.122035179999995,0.0,0.0
ILE 135,80.881,0.0,0.0,-9.866,0.0,0.0,-62.768,0.0,0.0,-0.166,0.0,0.0,0.20786784,0.0,0.0,8.28886784,0.0,0.0
LEU 136,73.342,0.0,0.0,-7.828,0.0,0.0,-80.762,0.0,0.0,0.9,0.0,0.0,0.29662034,0.0,0.0,-14.051379660000004,0.0,0.0
GLY 137,81.203,0.0,0.0,-6.446,0.0,0.0,-78.439,0.0,0.0,0.017,0.0,0.0,0.0,0.0,0.0,-3.664999999999988,0.0,0.0
LEU 138,59.934,0.0,0.0,-10.899,0.0,0.0,-64.268,0.0,0.0,-1.994,0.0,0.0,0.05593982,0.0,0.0,-17.171060180000005,0.0,0.0
ASN 139,44.188,0.0,0.0,-7.945,0.0,0.0,-89.797,0.0,0.0,-9.207,0.0,0.0,0.29584528000000004,0.0,0.0,-62.465154719999994,0.0,0.0
LYS 140,132.811,0.0,0.0,-8.037,0.0,0.0,-139.647,0.0,0.0,-1.0,0.0,0.0,0.45672714000000003,0.0,0.0,-15.41627285999999,0.0,0.0
ILE 141,94.232,0.0,0.0,-10.902,0.0,0.0,-77.979,0.0,0.0,-1.046,0.0,0.0,0.07537594,0.0,0.0,4.380375939999999,0.0,0.0
VAL 142,64.905,0.0,0.0,-11.437,0.0,0.0,-59.812,0.0,0.0,-2.237,0.0,0.0,0.03111622,0.0,0.0,-8.549883779999995,0.0,0.0
ARG 143,-197.411,0.0,0.0,-8.91,0.0,0.0,36.68,0.0,0.0,-1.726,0.0,0.0,0.80076164,0.0,0.0,-170.56623836,0.0,0.0
MET 144,95.885,0.0,0.0,-6.849,0.0,0.0,-78.328,0.0,0.0,-7.3,0.0,0.0,0.51272658,0.0,0.0,3.9207265799999984,0.0,0.0
TYR 145,93.031,0.0,0.0,-13.144,0.0,0.0,-86.085,0.0,0.0,-5.082,0.0,0.0,0.27038754000000004,0.0,0.0,-11.009612459999994,0.0,0.0
SER 146,79.772,0.0,0.0,-7.381,0.0,0.0,-57.42,0.0,0.0,-6.115,0.0,0.0,0.05109434,0.0,0.0,8.907094340000004,0.0,0.0
PRO 147,86.485,0.0,0.0,-5.193,0.0,0.0,-64.218,0.0,0.0,-3.17,0.0,0.0,0.48713334,0.0,0.0,14.391133339999998,0.0,0.0
THR 148,47.439,0.0,0.0,-6.82,0.0,0.0,-49.701,0.0,0.0,-5.54,0.0,0.0,0.34270118,0.0,0.0,-14.27929882,0.0,0.0
SER 149,59.779,0.0,0.0,-5.586,0.0,0.0,-62.085,0.0,0.0,1.047,0.0,0.0,0.16223144,0.0,0.0,-6.682768559999996,0.0,0.0
ILE 150,76.821,0.0,0.0,-11.428,0.0,0.0,-56.141,0.0,0.0,-1.225,0.0,0.0,0.02142526,0.0,0.0,8.048425260000002,0.0,0.0
LEU 151,59.548,0.0,0.0,-6.581,0.0,0.0,-67.505,0.0,0.0,-1.95,0.0,0.0,0.6115440200000001,0.0,0.0,-15.876455979999996,0.0,0.0
ASP 152,95.933,0.0,0.0,-6.894,0.0,0.0,-68.262,0.0,0.0,-76.059,0.0,0.0,0.49649368000000005,0.0,0.0,-54.785506319999996,0.0,0.0
ILE 153,96.045,0.0,0.0,-9.583,0.0,0.0,-70.119,0.0,0.0,-2.553,0.0,0.0,0.045029360000000004,0.0,0.0,13.835029360000002,0.0,0.0
ARG 154,-194.599,0.0,0.0,-7.974,0.0,0.0,35.009,0.0,0.0,-7.668,0.0,0.0,0.8259158600000001,0.0,0.0,-174.40608413999996,0.0,0.0
GLN 155,32.291,0.0,0.0,-13.397,0.0,0.0,-87.389,0.0,0.0,-2.807,0.0,0.0,0.08376610000000001,0.0,0.0,-71.2182339,0.0,0.0
GLY 156,89.025,0.0,0.0,-3.452,0.0,0.0,-73.048,0.0,0.0,-5.747,0.0,0.0,0.13494174,0.0,0.0,6.912941740000006,0.0,0.0
PRO 157,89.299,0.0,0.0,-3.771,0.0,0.0,-54.402,0.0,0.0,-9.371,0.0,0.0,0.72970002,0.0,0.0,22.484700020000002,0.0,0.0
LYS 158,120.875,0.0,0.0,-3.953,0.0,0.0,-83.663,0.0,0.0,-47.717,0.0,0.0,1.24735338,0.0,0.0,-13.210646619999999,0.0,0.0
GLU 159,113.862,0.0,0.0,-9.32,0.0,0.0,-108.271,0.0,0.0,-42.242,0.0,0.0,0.23127140000000002,0.0,0.0,-45.7397286,0.0,0.0
PRO 160,78.958,0.0,0.0,-7.66,0.0,0.0,-55.496,0.0,0.0,-2.803,0.0,0.0,0.3566468400000001,0.0,0.0,13.355646839999999,0.0,0.0
PHE 161,108.776,0.0,0.0,-15.5,0.0,0.0,-75.494,0.0,0.0,-2.901,0.0,0.0,0.00995112,0.0,0.0,14.890951119999997,0.0,0.0
ARG 162,-190.367,0.0,0.0,-8.848,0.0,0.0,8.221,0.0,0.0,17.684,0.0,0.0,0.7237488599999999,0.0,0.0,-172.58625114,0.0,0.0
ASP 163,88.876,0.0,0.0,-8.717,0.0,0.0,-81.048,0.0,0.0,-65.629,0.0,0.0,0.31445756,0.0,0.0,-66.20354244,0.0,0.0
TYR 164,103.751,0.0,0.0,-19.643,0.0,0.0,-95.337,0.0,0.0,-0.968,0.0,0.0,0.0,0.0,0.0,-12.197,0.0,0.0
VAL 165,49.425,0.0,0.0,-8.805,0.0,0.0,-56.036,0.0,0.0,0.313,0.0,0.0,0.05761460000000001,0.0,0.0,-15.045385400000002,0.0,0.0
ASP 166,115.795,0.0,0.0,-6.385,0.0,0.0,-109.453,0.0,0.0,-51.555,0.0,0.0,0.37110198,0.0,0.0,-51.22689802000001,0.0,0.0
ARG 167,-194.569,0.0,0.0,-10.305,0.0,0.0,8.887,0.0,0.0,15.416,0.0,0.0,0.4051341600000001,0.0,0.0,-180.16586584,0.0,0.0
PHE 168,95.315,0.0,0.0,-13.078,0.0,0.0,-82.868,0.0,0.0,0.493,0.0,0.0,0.0,0.0,0.0,-0.13800000000000023,0.0,0.0
TYR 169,100.603,0.0,0.0,-9.977,0.0,0.0,-89.406,0.0,0.0,-4.222,0.0,0.0,0.47983260000000005,0.0,0.0,-2.522167400000016,0.0,0.0
LYS 170,134.877,0.0,0.0,-10.864,0.0,0.0,-158.089,0.0,0.0,8.92,0.0,0.0,0.33653322,0.0,0.0,-24.819466779999992,0.0,0.0
THR 171,46.792,0.0,0.0,-8.063,0.0,0.0,-58.301,0.0,0.0,-2.935,0.0,0.0,0.0,0.0,0.0,-22.507,0.0,0.0
LEU 172,78.648,0.0,0.0,-8.852,0.0,0.0,-66.928,0.0,0.0,-2.582,0.0,0.0,0.0049213600000000005,0.0,0.0,0.29092135999999513,0.0,0.0
ARG 173,-196.492,0.0,0.0,-12.245,0.0,0.0,37.493,0.0,0.0,-4.746,0.0,0.0,0.5478265000000001,0.0,0.0,-175.4421735,0.0,0.0
ALA 174,86.612,0.0,0.0,-7.565,0.0,0.0,-80.183,0.0,0.0,-2.949,0.0,0.0,0.0498911,0.0,0.0,-4.03510890000001,0.0,0.0
GLU 175,105.209,0.0,0.0,-5.553,0.0,0.0,-75.035,0.0,0.0,-78.472,0.0,0.0,0.40351358000000004,0.0,0.0,-53.44748641999998,0.0,0.0
GLN 176,29.246,0.0,0.0,-3.719,0.0,0.0,-69.044,0.0,0.0,-8.8,0.0,0.0,0.45142096000000004,0.0,0.0,-51.86557903999999,0.0,0.0
ALA 177,98.011,0.0,0.0,-6.075,0.0,0.0,-87.513,0.0,0.0,-1.684,0.0,0.0,0.05332196,0.0,0.0,2.7923219599999873,0.0,0.0
SER 178,67.222,0.0,0.0,-4.981,0.0,0.0,-58.36,0.0,0.0,-6.523,0.0,0.0,0.36355192,0.0,0.0,-2.2784480800000066,0.0,0.0
GLN 179,30.583,0.0,0.0,-5.808,0.0,0.0,-73.349,0.0,0.0,-9.374,0.0,0.0,0.7185944400000001,0.0,0.0,-57.22940556000001,0.0,0.0
GLU 180,113.407,0.0,0.0,-5.978,0.0,0.0,-61.757,0.0,0.0,-97.652,0.0,0.0,0.7671034400000001,0.0,0.0,-51.21289656,0.0,0.0
VAL 181,62.539,0.0,0.0,-5.702,0.0,0.0,-58.313,0.0,0.0,-4.101,0.0,0.0,0.28253376,0.0,0.0,-5.294466239999999,0.0,0.0
LYS 182,123.683,0.0,0.0,-11.665,0.0,0.0,-115.742,0.0,0.0,-8.242,0.0,0.0,0.26521686,0.0,0.0,-11.700783140000004,0.0,0.0
ASN 183,30.78,0.0,0.0,-6.774,0.0,0.0,-75.847,0.0,0.0,-19.014,0.0,0.0,0.555821,0.0,0.0,-70.299179,0.0,0.0
TRP 184,130.427,0.0,0.0,-10.506,0.0,0.0,-95.065,0.0,0.0,-6.588,0.0,0.0,0.8005611000000001,0.0,0.0,19.068561099999993,0.0,0.0
MET 185,101.539,0.0,0.0,-12.398,0.0,0.0,-86.461,0.0,0.0,-1.509,0.0,0.0,0.02158244,0.0,0.0,1.192582440000007,0.0,0.0
THR 186,36.964,0.0,0.0,-8.759,0.0,0.0,-42.521,0.0,0.0,-9.113,0.0,0.0,0.18637754,0.0,0.0,-23.242622460000003,0.0,0.0
GLU 187,98.07,0.0,0.0,-6.359,0.0,0.0,-36.692,0.0,0.0,-108.942,0.0,0.0,0.6167363800000001,0.0,0.0,-53.306263619999996,0.0,0.0
THR 188,45.077,0.0,0.0,-5.464,0.0,0.0,-50.035,0.0,0.0,-0.624,0.0,0.0,0.30471782,0.0,0.0,-10.741282179999997,0.0,0.0
LEU 189,69.387,0.0,0.0,-10.643,0.0,0.0,-67.406,0.0,0.0,-0.545,0.0,0.0,0.08689344,0.0,0.0,-9.120106560000005,0.0,0.0
LEU 190,91.164,0.0,0.0,-11.597,0.0,0.0,-89.811,0.0,0.0,0.846,0.0,0.0,0.014352160000000001,0.0,0.0,-9.38364784,0.0,0.0
VAL 191,55.186,0.0,0.0,-7.703,0.0,0.0,-54.93,0.0,0.0,0.937,0.0,0.0,0.08478506000000001,0.0,0.0,-6.425214940000003,0.0,0.0
GLN 192,17.608,0.0,0.0,-7.735,0.0,0.0,-67.614,0.0,0.0,-4.804,0.0,0.0,0.54654196,0.0,0.0,-61.99845804,0.0,0.0
ASN 193,18.049,0.0,0.0,-8.366,0.0,0.0,-84.57,0.0,0.0,-2.258,0.0,0.0,0.0836306,0.0,0.0,-77.06136939999999,0.0,0.0
ALA 194,92.796,0.0,0.0,-8.255,0.0,0.0,-82.549,0.0,0.0,-0.218,0.0,0.0,0.02953358,0.0,0.0,1.8035335800000045,0.0,0.0
ASN 195,35.078,0.0,0.0,-6.773,0.0,0.0,-84.956,0.0,0.0,-6.425,0.0,0.0,0.14887656000000002,0.0,0.0,-62.927123439999995,0.0,0.0
PRO 196,87.071,0.0,0.0,-4.803,0.0,0.0,-58.789,0.0,0.0,-2.494,0.0,0.0,0.4969869,0.0,0.0,21.4819869,0.0,0.0
ASP 197,90.067,0.0,0.0,-6.218,0.0,0.0,-72.014,0.0,0.0,-67.472,0.0,0.0,0.6052243,0.0,0.0,-55.0317757,0.0,0.0
CYX 198,100.323,0.0,0.0,-7.12,0.0,0.0,-78.535,0.0,0.0,-4.737,0.0,0.0,0.0571268,0.0,0.0,9.988126799999993,0.0,0.0
LYS 199,138.309,0.0,0.0,-8.696,0.0,0.0,-126.448,0.0,0.0,-22.229,0.0,0.0,0.3708364,0.0,0.0,-18.69316359999999,0.0,0.0
THR 200,52.133,0.0,0.0,-6.751,0.0,0.0,-68.673,0.0,0.0,-1.397,0.0,0.0,0.44680854000000003,0.0,0.0,-24.241191459999996,0.0,0.0
ILE 201,80.239,0.0,0.0,-7.85,0.0,0.0,-55.547,0.0,0.0,-1.332,0.0,0.0,0.44441290000000006,0.0,0.0,15.954412900000012,0.0,0.0
LEU 202,84.049,0.0,0.0,-12.047,0.0,0.0,-71.302,0.0,0.0,-3.974,0.0,0.0,0.00698638,0.0,0.0,-3.2670136199999975,0.0,0.0
LYS 203,116.749,0.0,0.0,-6.367,0.0,0.0,-94.105,0.0,0.0,-35.484,0.0,0.0,0.9442561400000001,0.0,0.0,-18.262743860000015,0.0,0.0
ALA 204,86.074,0.0,0.0,-4.047,0.0,0.0,-74.69,0.0,0.0,-4.925,0.0,0.0,0.47976214,0.0,0.0,2.8917621400000035,0.0,0.0
LEU 205,74.19,0.0,0.0,-7.368,0.0,0.0,-73.881,0.0,0.0,-4.892,0.0,0.0,0.47185978,0.0,0.0,-11.479140219999996,0.0,0.0
GLY 206,89.476,0.0,0.0,-3.395,0.0,0.0,-73.534,0.0,0.0,-9.102,0.0,0.0,0.11578746000000001,0.0,0.0,3.5607874599999967,0.0,0.0
PRO 207,77.399,0.0,0.0,-2.76,0.0,0.0,-51.221,0.0,0.0,-9.424,0.0,0.0,0.61025406,0.0,0.0,14.60425406,0.0,0.0
GLY 208,69.11,0.0,0.0,-1.873,0.0,0.0,-63.424,0.0,0.0,-8.505,0.0,0.0,0.41562728,0.0,0.0,-4.276372720000006,0.0,0.0
ALA 209,99.566,0.0,0.0,-4.607,0.0,0.0,-88.375,0.0,0.0,-4.637,0.0,0.0,0.06923508,0.0,0.0,2.0162350800000035,0.0,0.0
THR 210,53.276,0.0,0.0,-6.762,0.0,0.0,-59.841,0.0,0.0,-1.608,0.0,0.0,0.39052184000000006,0.0,0.0,-14.544478159999999,0.0,0.0
LEU 211,62.526,0.0,0.0,-6.127,0.0,0.0,-71.32,0.0,0.0,-0.936,0.0,0.0,0.32576368,0.0,0.0,-15.531236319999993,0.0,0.0
GLU 212,104.573,0.0,0.0,-5.366,0.0,0.0,-62.011,0.0,0.0,-94.354,0.0,0.0,0.68678446,0.0,0.0,-56.47121554000001,0.0,0.0
GLU 213,102.047,0.0,0.0,-9.071,0.0,0.0,-45.272,0.0,0.0,-101.609,0.0,0.0,0.44829904000000004,0.0,0.0,-53.45670095999999,0.0,0.0
MET 214,96.545,0.0,0.0,-12.695,0.0,0.0,-78.491,0.0,0.0,-0.205,0.0,0.0,0.053571280000000006,0.0,0.0,5.2075712799999945,0.0,0.0
MET 215,104.347,0.0,0.0,-11.171,0.0,0.0,-88.558,0.0,0.0,-0.435,0.0,0.0,0.19339644000000003,0.0,0.0,4.376396439999981,0.0,0.0
THR 216,40.881,0.0,0.0,-5.538,0.0,0.0,-52.787,0.0,0.0,-3.392,0.0,0.0,0.46957254000000004,0.0,0.0,-20.366427459999993,0.0,0.0
ALA 217,75.826,0.0,0.0,-5.02,0.0,0.0,-67.617,0.0,0.0,-1.406,0.0,0.0,0.09995022,0.0,0.0,1.882950219999993,0.0,0.0
CYX 218,96.52,0.0,0.0,-7.293,0.0,0.0,-82.475,0.0,0.0,-1.423,0.0,0.0,0.09091508000000001,0.0,0.0,5.4199150799999956,0.0,0.0
GLN 219,34.639,0.0,0.0,-3.962,0.0,0.0,-75.976,0.0,0.0,-10.846,0.0,0.0,0.86187756,0.0,0.0,-55.28312243999999,0.0,0.0
GLY 220,94.798,0.0,0.0,-4.184,0.0,0.0,-85.449,0.0,0.0,-2.536,0.0,0.0,0.07134888,0.0,0.0,2.700348880000006,0.0,0.0
VAL 221,40.698,0.0,0.0,-4.143,0.0,0.0,-23.849,0.0,0.0,-102.541,0.0,0.0,0.83106486,0.0,0.0,-89.00393514,0.0,0.0

Receptor:
Total Energy Decomposition:
Residue,Internal,,,van der Waals,,,Electrostatic,,,Polar Solvation,,,Non-Polar Solv.,,,TOTAL,,
,Avg.,Std. Dev.,Std. Err. of Mean,Avg.,Std. Dev.,Std. Err. of Mean,Avg.,Std. Dev.,Std. Err. of Mean,Avg.,Std. Dev.,Std. Err. of Mean,Avg.,Std. Dev.,Std. Err. of Mean,Avg.,Std. Dev.,Std. Err. of Mean
PRO   1,101.215,0.0,0.0,-6.663,0.0,0.0,-99.704,0.0,0.0,0.785,0.0,0.0,0.23710874,0.0,0.0,-4.129891259999987,0.0,0.0
ILE   2,94.206,0.0,0.0,-8.4,0.0,0.0,-67.407,0.0,0.0,-4.029,0.0,0.0,0.34751956,0.0,0.0,14.717519560000001,0.0,0.0
VAL   3,49.723,0.0,0.0,-5.59,0.0,0.0,-55.079,0.0,0.0,-1.58,0.0,0.0,0.41122624,0.0,0.0,-12.114773760000006,0.0,0.0
GLN   4,27.977,0.0,0.0,-6.604,0.0,0.0,-60.273,0.0,0.0,-15.663,0.0,0.0,0.64680654,0.0,0.0,-53.91619346,0.0,0.0
ASN   5,29.136,0.0,0.0,-5.848,0.0,0.0,-72.461,0.0,0.0,-15.568,0.0,0.0,0.40689024,0.0,0.0,-64.33410976,0.0,0.0
LEU   6,78.612,0.0,0.0,-3.306,0.0,0.0,-71.436,0.0,0.0,-7.67,0.0,0.0,1.05432008,0.0,0.0,-2.7456799200000095,0.0,0.0
GLN   7,37.604,0.0,0.0,-5.922,0.0,0.0,-73.521,0.0,0.0,-11.12,0.0,0.0,0.7109305600000001,0.0,0.0,-52.248069439999995,0.0,0.0
GLY   8,77.1,0.0,0.0,-3.62,0.0,0.0,-68.283,0.0,0.0,-5.935,0.0,0.0,0.19437746,0.0,0.0,-0.5436225400000111,0.0,0.0
GLN   9,33.961,0.0,0.0,-6.069,0.0,0.0,-75.8,0.0,0.0,-12.713,0.0,0.0,0.6841937,0.0,0.0,-59.9368063,0.0,0.0
MET  10,101.025,0.0,0.0,-7.492,0.0,0.0,-80.515,0.0,0.0,-4.035,0.0,0.0,0.35396936000000007,0.0,0.0,9.336969360000001,0.0,0.0
VAL  11,47.717,0.0,0.0,-5.0,0.0,0.0,-52.973,0.0,0.0,-1.967,0.0,0.0,0.35582300000000006,0.0,0.0,-11.867177,0.0,0.0
HID  12,91.281,0.0,0.0,-11.114,0.0,0.0,-57.971,0.0,0.0,-9.431,0.0,0.0,0.20442072000000003,0.0,0.0,12.969420720000006,0.0,0.0
GLN  13,39.0,0.0,0.0,-6.706,0.0,0.0,-77.6,0.0,0.0,-10.46,0.0,0.0,0.59250356,0.0,0.0,-55.17349644,0.0,0.0
ALA  14,95.053,0.0,0.0,-3.894,0.0,0.0,-81.267,0.0,0.0,-4.035,0.0,0.0,0.44686816,0.0,0.0,6.303868159999996,0.0,0.0
ILE  15,98.049,0.0,0.0,-8.056,0.0,0.0,-73.707,0.0,0.0,-5.43,0.0,0.0,0.0907037,0.0,0.0,10.946703700000016,0.0,0.0
SER  16,71.416,0.0,0.0,-5.349,0.0,0.0,-51.188,0.0,0.0,-6.569,0.0,0.0,0.25032812000000004,0.0,0.0,8.560328119999992,0.0,0.0
PRO  17,91.361,0.0,0.0,-5.35,0.0,0.0,-61.913,0.0,0.0,-3.362,0.0,0.0,0.43986010000000003,0.0,0.0,21.175860100000012,0.0,0.0
ARG  18,-177.829,0.0,0.0,-8.71,0.0,0.0,75.005,0.0,0.0,-56.696,0.0,0.0,0.9748412000000002,0.0,0.0,-167.2551588,0.0,0.0
THR  19,43.805,0.0,0.0,-8.397,0.0,0.0,-50.815,0.0,0.0,-4.192,0.0,0.0,0.1886431,0.0,0.0,-19.410356899999996,0.0,0.0
LEU  20,56.492,0.0,0.0,-11.129,0.0,0.0,-56.027,0.0,0.0,-3.794,0.0,0.0,0.15402556,0.0,0.0,-14.303974440000001,0.0,0.0
ASN  21,28.815,0.0,0.0,-6.705,0.0,0.0,-89.287,0.0,0.0,-9.415,0.0,0.0,0.35839208,0.0,0.0,-76.23360792000001,0.0,0.0
ALA  22,93.201,0.0,0.0,-4.471,0.0,0.0,-82.523,0.0,0.0,-2.661,0.0,0.0,0.21222010000000002,0.0,0.0,3.7582200999999937,0.0,0.0
TRP  23,133.072,0.0,0.0,-19.621,0.0,0.0,-93.846,0.0,0.0,-5.415,0.0,0.0,0.004915940000000001,0.0,0.0,14.194915940000005,0.0,0.0
VAL  24,63.207,0.0,0.0,-7.754,0.0,0.0,-49.21,0.0,0.0,-7.125,0.0,0.0,0.28795376,0.0,0.0,-0.594046239999998,0.0,0.0
LYS  25,135.348,0.0,0.0,-7.861,0.0,0.0,-92.662,0.0,0.0,-45.946,0.0,0.0,0.72405238,0.0,0.0,-10.396947619999995,0.0,0.0
VAL  26,62.258,0.0,0.0,-6.42,0.0,0.0,-64.821,0.0,0.0,-4.507,0.0,0.0,0.12142968000000001,0.0,0.0,-13.368570319999996,0.0,0.0
VAL  27,47.497,0.0,0.0,-8.838,0.0,0.0,-45.845,0.0,0.0,-3.792,0.0,0.0,0.10009656,0.0,0.0,-10.877903439999999,0.0,0.0
GLU  28,97.765,0.0,0.0,-7.341,0.0,0.0,-60.824,0.0,0.0,-79.8,0.0,0.0,0.56825448,0.0,0.0,-49.63174551999999,0.0,0.0
GLU  29,109.512,0.0,0.0,-5.708,0.0,0.0,-72.693,0.0,0.0,-79.858,0.0,0.0,0.7582200600000001,0.0,0.0,-47.98877994,0.0,0.0
LYS  30,121.862,0.0,0.0,-8.66,0.0,0.0,-121.28,0.0,0.0,-5.501,0.0,0.0,0.39138362000000004,0.0,0.0,-13.187616380000005,0.0,0.0
ALA  31,91.925,0.0,0.0,-5.026,0.0,0.0,-79.04,0.0,0.0,-3.372,0.0,0.0,0.21478376000000002,0.0,0.0,4.701783759999995,0.0,0.0
PHE  32,105.726,0.0,0.0,-9.661,0.0,0.0,-76.929,0.0,0.0,-5.78,0.0,0.0,0.37144344,0.0,0.0,13.727443439999995,0.0,0.0
SER  33,80.942,0.0,0.0,-5.247,0.0,0.0,-58.607,0.0,0.0,-5.885,0.0,0.0,0.24573738,0.0,0.0,11.448737379999994,0.0,0.0
PRO  34,78.723,0.0,0.0,-5.582,0.0,0.0,-57.39,0.0,0.0,-2.874,0.0,0.0,0.4560117000000001,0.0,0.0,13.333011700000004,0.0,0.0
GLU  35,106.878,0.0,0.0,-5.269,0.0,0.0,-88.359,0.0,0.0,-63.258,0.0,0.0,0.4825317600000001,0.0,0.0,-49.52546824,0.0,0.0
VAL  36,53.927,0.0,0.0,-8.475,0.0,0.0,-55.527,0.0,0.0,0.463,0.0,0.0,0.03860666,0.0,0.0,-9.573393340000004,0.0,0.0
ILE  37,96.077,0.0,0.0,-10.246,0.0,0.0,-63.732,0.0,0.0,-0.682,0.0,0.0,0.16202006000000002,0.0,0.0,21.579020060000005,0.0,0.0
PRO  38,80.032,0.0,0.0,-5.655,0.0,0.0,-56.253,0.0,0.0,-4.334,0.0,0.0,0.5359241800000001,0.0,0.0,14.325924179999996,0.0,0.0
MET  39,85.19,0.0,0.0,-8.966,0.0,0.0,-71.315,0.0,0.0,-3.61,0.0,0.0,0.33261998000000004,0.0,0.0,1.6316199800000062,0.0,0.0
PHE  40,99.215,0.0,0.0,-12.717,0.0,0.0,-83.86,0.0,0.0,-1.762,0.0,0.0,0.00072086,0.0,0.0,0.8767208600000053,0.0,0.0
SER  41,73.873,0.0,0.0,-6.875,0.0,0.0,-58.015,0.0,0.0,-7.924,0.0,0.0,0.21640434,0.0,0.0,1.2754043400000037,0.0,0.0
ALA  42,88.74,0.0,0.0,-4.95,0.0,0.0,-67.716,0.0,0.0,-5.421,0.0,0.0,0.3850639,0.0,0.0,11.0380639,0.0,0.0
LEU  43,74.702,0.0,0.0,-9.262,0.0,0.0,-76.187,0.0,0.0,-5.679,0.0,0.0,0.25225764,0.0,0.0,-16.173742360000002,0.0,0.0
SER  44,70.53,0.0,0.0,-7.362,0.0,0.0,-73.477,0.0,0.0,0.022,0.0,0.0,0.0035988800000000005,0.0,0.0,-10.283401120000004,0.0,0.0
GLU  45,104.151,0.0,0.0,-6.123,0.0,0.0,-64.985,0.0,0.0,-81.771,0.0,0.0,0.67411792,0.0,0.0,-48.05388208000001,0.0,0.0
GLY  46,68.626,0.0,0.0,-3.495,0.0,0.0,-68.349,0.0,0.0,0.223,0.0,0.0,0.25117906,0.0,0.0,-2.7438209400000035,0.0,0.0
ALA  47,98.487,0.0,0.0,-7.247,0.0,0.0,-86.61,0.0,0.0,-2.5,0.0,0.0,0.03362568,0.0,0.0,2.1636256799999956,0.0,0.0
THR  48,54.341,0.0,0.0,-7.58,0.0,0.0,-60.243,0.0,0.0,-0.576,0.0,0.0,0.01570716,0.0,0.0,-14.04229284,0.0,0.0
PRO  49,75.165,0.0,0.0,-10.589,0.0,0.0,-57.951,0.0,0.0,0.637,0.0,0.0,0.0,0.0,0.0,7.262000000000008,0.0,0.0
GLN  50,32.188,0.0,0.0,-9.261,0.0,0.0,-71.311,0.0,0.0,-10.751,0.0,0.0,0.41895516000000005,0.0,0.0,-58.716044839999995,0.0,0.0
ASP  51,90.798,0.0,0.0,-7.517,0.0,0.0,-129.319,0.0,0.0,-12.939,0.0,0.0,0.009842720000000001,0.0,0.0,-58.96715727999998,0.0,0.0
LEU  52,63.532,0.0,0.0,-14.757,0.0,0.0,-69.347,0.0,0.0,-0.342,0.0,0.0,0.0,0.0,0.0,-20.913999999999994,0.0,0.0
ASN  53,43.725,0.0,0.0,-7.879,0.0,0.0,-103.453,0.0,0.0,-3.896,0.0,0.0,0.17755378000000002,0.0,0.0,-71.32544622,0.0,0.0
THR  54,52.822,0.0,0.0,-7.2,0.0,0.0,-64.268,0.0,0.0,-1.863,0.0,0.0,0.30667986,0.0,0.0,-20.20232014,0.0,0.0
MET  55,81.293,0.0,0.0,-11.893,0.0,0.0,-67.046,0.0,0.0,-1.608,0.0,0.0,0.0021571600000000004,0.0,0.0,0.7481571599999991,0.0,0.0
LEU  56,77.045,0.0,0.0,-9.349,0.0,0.0,-73.573,0.0,0.0,-0.512,0.0,0.0,0.041549720000000005,0.0,0.0,-6.347450279999996,0.0,0.0
ASN  57,33.109,0.0,0.0,-6.443,0.0,0.0,-89.516,0.0,0.0,-11.979,0.0,0.0,0.52731722,0.0,0.0,-74.30168278000001,0.0,0.0
THR  58,64.021,0.0,0.0,-8.427,0.0,0.0,-60.377,0.0,0.0,-6.119,0.0,0.0,0.16000924,0.0,0.0,-10.74199076,0.0,0.0
VAL  59,42.405,0.0,0.0,-10.355,0.0,0.0,-41.83,0.0,0.0,-3.2,0.0,0.0,0.020162400000000004,0.0,0.0,-12.9598376,0.0,0.0
ALA  60,88.887,0.0,0.0,-3.946,0.0,0.0,-65.818,0.0,0.0,-3.059,0.0,0.0,0.14714758000000003,0.0,0.0,16.211147580000002,0.0,0.0
PRO  61,84.546,0.0,0.0,-4.866,0.0,0.0,-56.756,0.0,0.0,-4.625,0.0,0.0,0.54459618,0.0,0.0,18.843596180000006,0.0,0.0
HID  62,97.759,0.0,0.0,-7.654,0.0,0.0,-71.839,0.0,0.0,-6.934,0.0,0.0,0.36747058000000005,0.0,0.0,11.699470580000005,0.0,0.0
GLN  63,35.075,0.0,0.0,-4.985,0.0,0.0,-66.763,0.0,0.0,-16.883,0.0,0.0,0.7215808600000001,0.0,0.0,-52.834419139999994,0.0,0.0
ALA  64,84.986,0.0,0.0,-3.445,0.0,0.0,-68.478,0.0,0.0,-3.443,0.0,0.0,0.46286258,0.0,0.0,10.082862580000016,0.0,0.0
ALA  65,87.694,0.0,0.0,-4.81,0.0,0.0,-76.912,0.0,0.0,-0.177,0.0,0.0,0.15065974000000001,0.0,0.0,5.945659739999995,0.0,0.0
ALA  66,95.214,0.0,0.0,-6.151,0.0,0.0,-84.347,0.0,0.0,-0.01,0.0,0.0,0.062470920000000006,0.0,0.0,4.768470920000008,0.0,0.0
GLN  67,41.883,0.0,0.0,-7.208,0.0,0.0,-80.09,0.0,0.0,-10.118,0.0,0.0,0.66379824,0.0,0.0,-54.86920176,0.0,0.0
MET  68,86.728,0.0,0.0,-8.791,0.0,0.0,-75.397,0.0,0.0,-2.237,0.0,0.0,0.40639702,0.0,0.0,0.7093970199999919,0.0,0.0
LEU  69,85.431,0.0,0.0,-12.076,0.0,0.0,-79.05,0.0,0.0,-1.928,0.0,0.0,0.039327520000000005,0.0,0.0,-7.583672480000008,0.0,0.0
LYS  70,125.619,0.0,0.0,-8.471,0.0,0.0,-109.455,0.0,0.0,-27.651,0.0,0.0,0.68656766,0.0,0.0,-19.27143234,0.0,0.0
GLU  71,110.949,0.0,0.0,-6.184,0.0,0.0,-74.115,0.0,0.0,-88.685,0.0,0.0,0.59141956,0.0,0.0,-57.44358044,0.0,0.0
THR  72,53.558,0.0,0.0,-9.578,0.0,0.0,-59.85,0.0,0.0,-1.731,0.0,0.0,0.004314320000000001,0.0,0.0,-17.59668568,0.0,0.0
ILE  73,76.025,0.0,0.0,-10.714,0.0,0.0,-49.907,0.0,0.0,-5.035,0.0,0.0,0.06727304,0.0,0.0,10.43627304000001,0.0,0.0
ASN  74,32.432,0.0,0.0,-7.787,0.0,0.0,-91.443,0.0,0.0,-10.704,0.0,0.0,0.5697504000000001,0.0,0.0,-76.9322496,0.0,0.0
GLU  75,112.105,0.0,0.0,-8.078,0.0,0.0,-56.375,0.0,0.0,-99.812,0.0,0.0,0.48771328,0.0,0.0,-51.672286719999995,0.0,0.0
GLU  76,96.519,0.0,0.0,-7.76,0.0,0.0,-86.667,0.0,0.0,-57.32,0.0,0.0,0.13026428,0.0,0.0,-55.09773572,0.0,0.0
ALA  77,85.065,0.0,0.0,-8.327,0.0,0.0,-71.435,0.0,0.0,-2.208,0.0,0.0,0.057289400000000004,0.0,0.0,3.1522893999999972,0.0,0.0
ALA  78,93.315,0.0,0.0,-5.866,0.0,0.0,-86.283,0.0,0.0,-0.037,0.0,0.0,0.3133031,0.0,0.0,1.4423030999999968,0.0,0.0
GLU  79,109.967,0.0,0.0,-7.489,0.0,0.0,-88.24,0.0,0.0,-67.573,0.0,0.0,0.41623432000000005,0.0,0.0,-52.91876567999999,0.0,0.0
TRP  80,116.649,0.0,0.0,-15.468,0.0,0.0,-88.926,0.0,0.0,-1.89,0.0,0.0,0.19001978,0.0,0.0,10.555019779999995,0.0,0.0
ASP  81,103.911,0.0,0.0,-8.442,0.0,0.0,-86.009,0.0,0.0,-63.976,0.0,0.0,0.27593762000000005,0.0,0.0,-54.240062380000005,0.0,0.0
ARG  82,-189.882,0.0,0.0,-7.044,0.0,0.0,2.857,0.0,0.0,20.325,0.0,0.0,1.07379414,0.0,0.0,-172.67020586000004,0.0,0.0
LEU  83,64.384,0.0,0.0,-5.418,0.0,0.0,-74.637,0.0,0.0,-3.746,0.0,0.0,0.72515806,0.0,0.0,-18.691841939999996,0.0,0.0
HID  84,110.516,0.0,0.0,-8.361,0.0,0.0,-76.824,0.0,0.0,-7.253,0.0,0.0,0.39315596,0.0,0.0,18.471155960000004,0.0,0.0
PRO  85,92.155,0.0,0.0,-4.7,0.0,0.0,-59.78,0.0,0.0,-9.807,0.0,0.0,0.56415154,0.0,0.0,18.432151539999996,0.0,0.0
VAL  86,56.944,0.0,0.0,-4.106,0.0,0.0,-56.252,0.0,0.0,-3.976,0.0,0.0,0.62967934,0.0,0.0,-6.760320660000001,0.0,0.0
HID  87,87.361,0.0,0.0,-7.287,0.0,0.0,-63.778,0.0,0.0,-9.249,0.0,0.0,0.44410396,0.0,0.0,7.4911039599999985,0.0,0.0
ALA  88,94.582,0.0,0.0,-2.493,0.0,0.0,-77.098,0.0,0.0,-5.966,0.0,0.0,0.5142279200000001,0.0,0.0,9.539227919999998,0.0,0.0
GLY  89,91.343,0.0,0.0,-1.078,0.0,0.0,-72.407,0.0,0.0,-9.359,0.0,0.0,0.4369062,0.0,0.0,8.935906200000003,0.0,0.0
PRO  90,87.242,0.0,0.0,-2.977,0.0,0.0,-59.109,0.0,0.0,-7.189,0.0,0.0,0.588612,0.0,0.0,18.555612,0.0,0.0
ILE  91,77.351,0.0,0.0,-3.914,0.0,0.0,-56.205,0.0,0.0,-6.0,0.0,0.0,0.96336706,0.0,0.0,12.195367059999999,0.0,0.0
ALA  92,95.168,0.0,0.0,-4.331,0.0,0.0,-67.46,0.0,0.0,-5.728,0.0,0.0,0.10314801999999999,0.0,0.0,17.752148020000007,0.0,0.0
PRO  93,84.36,0.0,0.0,-3.866,0.0,0.0,-53.075,0.0,0.0,-10.122,0.0,0.0,0.61716456,0.0,0.0,17.914164559999996,0.0,0.0
GLY  94,72.86,0.0,0.0,-3.01,0.0,0.0,-65.129,0.0,0.0,-10.66,0.0,0.0,0.25687548,0.0,0.0,-5.682124520000011,0.0,0.0
GLN  95,32.357,0.0,0.0,-3.687,0.0,0.0,-64.505,0.0,0.0,-19.074,0.0,0.0,1.0324720600000001,0.0,0.0,-53.87652793999999,0.0,0.0
MET  96,112.79,0.0,0.0,-9.416,0.0,0.0,-80.431,0.0,0.0,-7.962,0.0,0.0,0.2394285,0.0,0.0,15.220428500000013,0.0,0.0
ARG  97,-188.569,0.0,0.0,-7.636,0.0,0.0,-20.841,0.0,0.0,32.221,0.0,0.0,0.59146834,0.0,0.0,-184.23353165999998,0.0,0.0
GLU  98,100.588,0.0,0.0,-7.345,0.0,0.0,-64.431,0.0,0.0,-77.527,0.0,0.0,0.30283166,0.0,0.0,-48.41216834,0.0,0.0
PRO  99,93.958,0.0,0.0,-10.001,0.0,0.0,-62.283,0.0,0.0,-3.343,0.0,0.0,0.0372896,0.0,0.0,18.368289599999994,0.0,0.0
ARG 100,-183.474,0.0,0.0,-7.278,0.0,0.0,-25.133,0.0,0.0,40.575,0.0,0.0,0.36240288000000004,0.0,0.0,-174.94759712,0.0,0.0
GLY 101,78.026,0.0,0.0,-6.256,0.0,0.0,-81.681,0.0,0.0,0.804,0.0,0.0,0.0,0.0,0.0,-9.107000000000001,0.0,0.0
SER 102,66.605,0.0,0.0,-5.032,0.0,0.0,-63.231,0.0,0.0,-2.182,0.0,0.0,0.20561312,0.0,0.0,-3.634386879999994,0.0,0.0
ASP 103,95.803,0.0,0.0,-8.182,0.0,0.0,-96.084,0.0,0.0,-46.297,0.0,0.0,0.01790226,0.0,0.0,-54.742097740000006,0.0,0.0
ILE 104,78.366,0.0,0.0,-10.967,0.0,0.0,-59.784,0.0,0.0,-1.104,0.0,0.0,0.004314320000000001,0.0,0.0,6.515314320000002,0.0,0.0
ALA 105,88.661,0.0,0.0,-6.592,0.0,0.0,-80.023,0.0,0.0,0.21,0.0,0.0,0.027148780000000004,0.0,0.0,2.2831487800000065,0.0,0.0
GLY 106,90.053,0.0,0.0,-4.973,0.0,0.0,-88.36,0.0,0.0,-1.894,0.0,0.0,0.09227008,0.0,0.0,-5.081729920000002,0.0,0.0
THR 107,51.656,0.0,0.0,-5.202,0.0,0.0,-56.008,0.0,0.0,-6.713,0.0,0.0,0.57387502,0.0,0.0,-15.693124980000004,0.0,0.0
THR 108,38.106,0.0,0.0,-2.696,0.0,0.0,-53.979,0.0,0.0,-3.565,0.0,0.0,0.53279684,0.0,0.0,-21.601203159999997,0.0,0.0
SER 109,72.997,0.0,0.0,-7.371,0.0,0.0,-64.182,0.0,0.0,-1.426,0.0,0.0,0.0339563,0.0,0.0,0.05195630000000268,0.0,0.0
THR 110,37.569,0.0,0.0,-4.543,0.0,0.0,-38.876,0.0,0.0,-6.361,0.0,0.0,0.4836537,0.0,0.0,-11.727346299999995,0.0,0.0
LEU 111,63.014,0.0,0.0,-9.147,0.0,0.0,-64.398,0.0,0.0,-4.015,0.0,0.0,0.22147204000000004,0.0,0.0,-14.324527959999992,0.0,0.0
GLN 112,39.159,0.0,0.0,-7.505,0.0,0.0,-77.066,0.0,0.0,-13.035,0.0,0.0,0.7292447400000001,0.0,0.0,-57.717755260000004,0.0,0.0
GLU 113,101.866,0.0,0.0,-8.301,0.0,0.0,-102.255,0.0,0.0,-48.337,0.0,0.0,0.20079474,0.0,0.0,-56.82620526,0.0,0.0
GLN 114,38.539,0.0,0.0,-13.137,0.0,0.0,-88.265,0.0,0.0,-0.19,0.0,0.0,0.0,0.0,0.0,-63.053,0.0,0.0
ILE 115,88.042,0.0,0.0,-8.61,0.0,0.0,-69.947,0.0,0.0,-2.254,0.0,0.0,0.0611918,0.0,0.0,7.2921917999999994,0.0,0.0
GLY 116,75.971,0.0,0.0,-5.816,0.0,0.0,-72.742,0.0,0.0,-2.452,0.0,0.0,0.10181470000000001,0.0,0.0,-4.937185300000003,0.0,0.0
TRP 117,118.541,0.0,0.0,-19.246,0.0,0.0,-90.868,0.0,0.0,-3.262,0.0,0.0,0.0055284,0.0,0.0,5.1705284000000065,0.0,0.0
MET 118,98.131,0.0,0.0,-10.149,0.0,0.0,-82.807,0.0,0.0,-5.237,0.0,0.0,0.25307064,0.0,0.0,0.19107063999999707,0.0,0.0
THR 119,41.957,0.0,0.0,-3.751,0.0,0.0,-49.121,0.0,0.0,-5.788,0.0,0.0,0.40750270000000005,0.0,0.0,-16.2954973,0.0,0.0
HID 120,93.559,0.0,0.0,-11.342,0.0,0.0,-63.123,0.0,0.0,-5.735,0.0,0.0,0.14479530000000002,0.0,0.0,13.503795300000002,0.0,0.0
ASN 121,46.657,0.0,0.0,-3.876,0.0,0.0,-83.767,0.0,0.0,-14.83,0.0,0.0,0.7150660200000001,0.0,0.0,-55.10093397999999,0.0,0.0
PRO 122,94.85,0.0,0.0,-4.66,0.0,0.0,-60.097,0.0,0.0,-3.067,0.0,0.0,0.58461204,0.0,0.0,27.610612039999996,0.0,0.0
PRO 123,83.019,0.0,0.0,-6.817,0.0,0.0,-58.319,0.0,0.0,-4.608,0.0,0.0,0.47844508,0.0,0.0,13.753445079999995,0.0,0.0
ILE 124,97.374,0.0,0.0,-8.091,0.0,0.0,-63.85,0.0,0.0,-1.85,0.0,0.0,0.18236132000000002,0.0,0.0,23.765361319999997,0.0,0.0
PRO 125,87.631,0.0,0.0,-3.937,0.0,0.0,-63.023,0.0,0.0,-1.804,0.0,0.0,0.44444,0.0,0.0,19.31144,0.0,0.0
VAL 126,46.642,0.0,0.0,-9.135,0.0,0.0,-48.878,0.0,0.0,-2.634,0.0,0.0,0.0035988800000000005,0.0,0.0,-14.001401119999995,0.0,0.0
GLY 127,74.117,0.0,0.0,-5.48,0.0,0.0,-72.594,0.0,0.0,-1.696,0.0,0.0,0.0313005,0.0,0.0,-5.621699499999993,0.0,0.0
GLU 128,105.073,0.0,0.0,-4.996,0.0,0.0,-90.654,0.0,0.0,-61.539,0.0,0.0,0.5124826800000001,0.0,0.0,-51.60351732,0.0,0.0
ILE 129,81.742,0.0,0.0,-9.109,0.0,0.0,-65.782,0.0,0.0,0.411,0.0,0.0,0.11846494,0.0,0.0,7.380464940000013,0.0,0.0
TYR 130,100.293,0.0,0.0,-15.192,0.0,0.0,-88.047,0.0,0.0,-1.012,0.0,0.0,0.00447692,0.0,0.0,-3.953523079999998,0.0,0.0
LYS 131,141.156,0.0,0.0,-11.821,0.0,0.0,-167.173,0.0,0.0,24.493,0.0,0.0,0.07363612,0.0,0.0,-13.271363879999996,0.0,0.0
ARG 132,-183.704,0.0,0.0,-8.5,0.0,0.0,-0.029,0.0,0.0,13.044,0.0,0.0,0.623571,0.0,0.0,-178.565429,0.0,0.0
TRP 133,130.78,0.0,0.0,-20.302,0.0,0.0,-92.241,0.0,0.0,-5.453,0.0,0.0,0.006476900000000001,0.0,0.0,12.790476900000009,0.0,0.0
ILE 134,88.599,0.0,0.0,-10.937,0.0,0.0,-70.908,0.0,0.0,-0.635,0.0,0.0,0.00503518,0.0,0.0,6.124035180000005,0.0,0.0
ILE 135,80.881,0.0,0.0,-9.856,0.0,0.0,-62.928,0.0,0.0,-0.012,0.0,0.0,0.20786784,0.0,0.0,8.292867840000008,0.0,0.0
LEU 136,73.342,0.0,0.0,-7.819,0.0,0.0,-80.995,0.0,0.0,1.12,0.0,0.0,0.29662034,0.0,0.0,-14.055379660000007,0.0,0.0
GLY 137,81.203,0.0,0.0,-6.439,0.0,0.0,-78.54,0.0,0.0,0.109,0.0,0.0,0.0,0.0,0.0,-3.6669999999999963,0.0,0.0
LEU 138,59.934,0.0,0.0,-10.865,0.0,0.0,-64.123,0.0,0.0,-2.181,0.0,0.0,0.05593982,0.0,0.0,-17.17906018000001,0.0,0.0
ASN 139,44.188,0.0,0.0,-7.886,0.0,0.0,-91.014,0.0,0.0,-8.103,0.0,0.0,0.29584528000000004,0.0,0.0,-62.519154719999996,0.0,0.0
LYS 140,132.811,0.0,0.0,-8.005,0.0,0.0,-132.888,0.0,0.0,-7.833,0.0,0.0,0.45672714000000003,0.0,0.0,-15.458272859999994,0.0,0.0
ILE 141,94.232,0.0,0.0,-10.812,0.0,0.0,-77.315,0.0,0.0,-1.805,0.0,0.0,0.07537594,0.0,0.0,4.375375940000004,0.0,0.0
VAL 142,64.905,0.0,0.0,-10.217,0.0,0.0,-58.484,0.0,0.0,-3.826,0.0,0.0,0.09459526,0.0,0.0,-7.52740474,0.0,0.0
ARG 143,-197.411,0.0,0.0,-8.538,0.0,0.0,59.005,0.0,0.0,-24.516,0.0,0.0,0.80076164,0.0,0.0,-170.65923836000002,0.0,0.0
MET 144,95.885,0.0,0.0,-6.63,0.0,0.0,-77.277,0.0,0.0,-8.578,0.0,0.0,0.51272658,0.0,0.0,3.912726580000009,0.0,0.0
TYR 145,93.031,0.0,0.0,-8.19,0.0,0.0,-81.663,0.0,0.0,-11.982,0.0,0.0,0.8453628200000001,0.0,0.0,-7.958637179999988,0.0,0.0
SER 146,79.772,0.0,0.0,-4.956,0.0,0.0,-55.86,0.0,0.0,-8.179,0.0,0.0,0.3920286,0.0,0.0,11.169028600000003,0.0,0.0
PRO 147,86.485,0.0,0.0,-4.689,0.0,0.0,-66.29,0.0,0.0,-1.35,0.0,0.0,0.48713334,0.0,0.0,14.643133339999986,0.0,0.0
THR 148,47.439,0.0,0.0,-4.208,0.0,0.0,-43.988,0.0,0.0,-13.73,0.0,0.0,0.6044058800000001,0.0,0.0,-13.882594119999998,0.0,0.0
SER 149,59.779,0.0,0.0,-2.332,0.0,0.0,-44.076,0.0,0.0,-14.121,0.0,0.0,0.58830848,0.0,0.0,-0.1616915199999982,0.0,0.0
ILE 150,58.872,0.0,0.0,-1.589,0.0,0.0,-28.124,0.0,0.0,-9.921,0.0,0.0,1.2755428000000002,0.0,0.0,20.513542800000003,0.0,0.0

Ligand:
Total Energy Decomposition:
Residue,Internal,,,van der Waals,,,Electrostatic,,,Polar Solvation,,,Non-Polar Solv.,,,TOTAL,,
,Avg.,Std. Dev.,Std. Err. of Mean,Avg.,Std. Dev.,Std. Err. of Mean,Avg.,Std. Dev.,Std. Err. of Mean,Avg.,Std. Dev.,Std. Err. of Mean,Avg.,Std. Dev.,Std. Err. of Mean,Avg.,Std. Dev.,Std. Err. of Mean
LEU   1,40.885,0.0,0.0,-3.912,0.0,0.0,-43.22,0.0,0.0,-2.365,0.0,0.0,0.76340158,0.0,0.0,-7.84859842,0.0,0.0
ASP   2,95.933,0.0,0.0,-3.997,0.0,0.0,-68.769,0.0,0.0,-77.769,0.0,0.0,0.74547222,0.0,0.0,-53.85652778,0.0,0.0
ILE   3,96.045,0.0,0.0,-7.076,0.0,0.0,-68.375,0.0,0.0,-3.614,0.0,0.0,0.14794432000000002,0.0,0.0,17.127944320000008,0.0,0.0
ARG   4,-194.599,0.0,0.0,-7.864,0.0,0.0,44.604,0.0,0.0,-17.4,0.0,0.0,0.8259158600000001,0.0,0.0,-174.43308413999998,0.0,0.0
GLN   5,32.291,0.0,0.0,-13.377,0.0,0.0,-87.225,0.0,0.0,-2.994,0.0,0.0,0.08376610000000001,0.0,0.0,-71.2212339,0.0,0.0
GLY   6,89.025,0.0,0.0,-3.447,0.0,0.0,-72.997,0.0,0.0,-5.804,0.0,0.0,0.13494174,0.0,0.0,6.911941740000003,0.0,0.0
PRO   7,89.299,0.0,0.0,-3.767,0.0,0.0,-54.377,0.0,0.0,-9.399,0.0,0.0,0.72970002,0.0,0.0,22.485700020000007,0.0,0.0
LYS   8,120.875,0.0,0.0,-3.95,0.0,0.0,-74.383,0.0,0.0,-57.003,0.0,0.0,1.24735338,0.0,0.0,-13.213646619999999,0.0,0.0
GLU   9,113.862,0.0,0.0,-9.303,0.0,0.0,-121.192,0.0,0.0,-29.475,0.0,0.0,0.23127140000000002,0.0,0.0,-45.8767286,0.0,0.0
PRO  10,78.958,0.0,0.0,-7.654,0.0,0.0,-55.777,0.0,0.0,-2.535,0.0,0.0,0.3566468400000001,0.0,0.0,13.34864684,0.0,0.0
PHE  11,108.776,0.0,0.0,-15.487,0.0,0.0,-75.883,0.0,0.0,-2.527,0.0,0.0,0.00995112,0.0,0.0,14.888951120000005,0.0,0.0
ARG  12,-190.367,0.0,0.0,-8.83,0.0,0.0,21.054,0.0,0.0,4.784,0.0,0.0,0.7237488599999999,0.0,0.0,-172.63525114,0.0,0.0
ASP  13,88.876,0.0,0.0,-8.691,0.0,0.0,-95.039,0.0,0.0,-51.802,0.0,0.0,0.31445756,0.0,0.0,-66.34154244000001,0.0,0.0
TYR  14,103.751,0.0,0.0,-19.554,0.0,0.0,-95.984,0.0,0.0,-0.377,0.0,0.0,0.0,0.0,0.0,-12.163999999999993,0.0,0.0
VAL  15,49.425,0.0,0.0,-8.754,0.0,0.0,-56.402,0.0,0.0,0.64,0.0,0.0,0.05761460000000001,0.0,0.0,-15.0333854,0.0,0.0
ASP  16,115.795,0.0,0.0,-6.199,0.0,0.0,-129.193,0.0,0.0,-32.452,0.0,0.0,0.37110198,0.0,0.0,-51.67789802000001,0.0,0.0
ARG  17,-194.569,0.0,0.0,-9.706,0.0,0.0,24.352,0.0,0.0,-0.343,0.0,0.0,0.4141151,0.0,0.0,-179.85188489999996,0.0,0.0
PHE  18,95.315,0.0,0.0,-11.776,0.0,0.0,-82.622,0.0,0.0,0.195,0.0,0.0,0.01971796,0.0,0.0,1.1317179600000016,0.0,0.0
TYR  19,100.603,0.0,0.0,-9.632,0.0,0.0,-89.499,0.0,0.0,-4.411,0.0,0.0,0.47983260000000005,0.0,0.0,-2.4591674000000054,0.0,0.0
LYS  20,134.877,0.0,0.0,-7.222,0.0,0.0,-132.687,0.0,0.0,-17.743,0.0,0.0,0.6725515400000001,0.0,0.0,-22.102448459999994,0.0,0.0
THR  21,46.792,0.0,0.0,-5.566,0.0,0.0,-55.674,0.0,0.0,-4.359,0.0,0.0,0.23250174,0.0,0.0,-18.574498260000002,0.0,0.0
LEU  22,78.648,0.0,0.0,-7.625,0.0,0.0,-66.643,0.0,0.0,-3.211,0.0,0.0,0.053609220000000006,0.0,0.0,1.2226092199999956,0.0,0.0
ARG  23,-196.492,0.0,0.0,-6.565,0.0,0.0,71.34,0.0,0.0,-41.487,0.0,0.0,1.13533824,0.0,0.0,-172.06866175999997,0.0,0.0
ALA  24,86.612,0.0,0.0,-3.947,0.0,0.0,-77.964,0.0,0.0,-6.436,0.0,0.0,0.49144224000000003,0.0,0.0,-1.2435577600000065,0.0,0.0
GLU  25,105.209,0.0,0.0,-4.2,0.0,0.0,-65.807,0.0,0.0,-88.719,0.0,0.0,0.6248176000000001,0.0,0.0,-52.892182399999996,0.0,0.0
GLN  26,29.246,0.0,0.0,-1.381,0.0,0.0,-65.848,0.0,0.0,-13.807,0.0,0.0,0.8483221400000001,0.0,0.0,-50.941677860000006,0.0,0.0
ALA  27,98.011,0.0,0.0,-5.842,0.0,0.0,-88.056,0.0,0.0,-1.312,0.0,0.0,0.05691542,0.0,0.0,2.8579154199999994,0.0,0.0
SER  28,67.222,0.0,0.0,-4.928,0.0,0.0,-58.004,0.0,0.0,-6.955,0.0,0.0,0.36355192,0.0,0.0,-2.301448080000001,0.0,0.0
GLN  29,30.583,0.0,0.0,-5.752,0.0,0.0,-73.283,0.0,0.0,-9.608,0.0,0.0,0.7185944400000001,0.0,0.0,-57.341405560000005,0.0,0.0
GLU  30,113.407,0.0,0.0,-5.96,0.0,0.0,-70.717,0.0,0.0,-88.761,0.0,0.0,0.7671034400000001,0.0,0.0,-51.26389655999999,0.0,0.0
VAL  31,62.539,0.0,0.0,-5.536,0.0,0.0,-58.2,0.0,0.0,-4.328,0.0,0.0,0.30144956,0.0,0.0,-5.223550440000003,0.0,0.0
LYS  32,123.683,0.0,0.0,-11.5,0.0,0.0,-101.834,0.0,0.0,-22.697,0.0,0.0,0.26521686,0.0,0.0,-12.082783139999995,0.0,0.0
ASN  33,30.78,0.0,0.0,-6.753,0.0,0.0,-75.595,0.0,0.0,-19.324,0.0,0.0,0.555821,0.0,0.0,-70.336179,0.0,0.0
TRP  34,130.427,0.0,0.0,-10.418,0.0,0.0,-95.097,0.0,0.0,-6.652,0.0,0.0,0.8005611000000001,0.0,0.0,19.06056109999999,0.0,0.0
MET  35,101.539,0.0,0.0,-11.646,0.0,0.0,-86.516,0.0,0.0,-1.658,0.0,0.0,0.07367948,0.0,0.0,1.7926794799999954,0.0,0.0
THR  36,36.964,0.0,0.0,-8.707,0.0,0.0,-42.314,0.0,0.0,-9.345,0.0,0.0,0.18637754,0.0,0.0,-23.215622460000002,0.0,0.0
GLU  37,98.07,0.0,0.0,-6.347,0.0,0.0,-45.045,0.0,0.0,-100.63,0.0,0.0,0.6167363800000001,0.0,0.0,-53.33526362,0.0,0.0
THR  38,45.077,0.0,0.0,-5.437,0.0,0.0,-50.035,0.0,0.0,-0.679,0.0,0.0,0.30471782,0.0,0.0,-10.769282179999996,0.0,0.0
LEU  39,69.387,0.0,0.0,-9.546,0.0,0.0,-67.418,0.0,0.0,-0.621,0.0,0.0,0.10692034,0.0,0.0,-8.091079660000005,0.0,0.0
LEU  40,91.164,0.0,0.0,-11.527,0.0,0.0,-89.897,0.0,0.0,0.913,0.0,0.0,0.014352160000000001,0.0,0.0,-9.332647840000005,0.0,0.0
VAL  41,55.186,0.0,0.0,-7.693,0.0,0.0,-54.952,0.0,0.0,0.944,0.0,0.0,0.08478506000000001,0.0,0.0,-6.430214939999996,0.0,0.0
GLN  42,17.608,0.0,0.0,-7.722,0.0,0.0,-67.449,0.0,0.0,-5.001,0.0,0.0,0.54654196,0.0,0.0,-62.01745804,0.0,0.0
ASN  43,18.049,0.0,0.0,-8.272,0.0,0.0,-83.559,0.0,0.0,-3.279,0.0,0.0,0.0836306,0.0,0.0,-76.97736939999999,0.0,0.0
ALA  44,92.796,0.0,0.0,-8.247,0.0,0.0,-82.486,0.0,0.0,-0.293,0.0,0.0,0.02953358,0.0,0.0,1.7995335800000025,0.0,0.0
ASN  45,35.078,0.0,0.0,-6.768,0.0,0.0,-84.946,0.0,0.0,-6.449,0.0,0.0,0.14887656000000002,0.0,0.0,-62.936123439999996,0.0,0.0
PRO  46,87.071,0.0,0.0,-4.801,0.0,0.0,-58.77,0.0,0.0,-2.512,0.0,0.0,0.4969869,0.0,0.0,21.484986899999992,0.0,0.0
ASP  47,90.067,0.0,0.0,-6.217,0.0,0.0,-79.69,0.0,0.0,-59.803,0.0,0.0,0.6052243,0.0,0.0,-55.0377757,0.0,0.0
CYX  48,100.323,0.0,0.0,-7.118,0.0,0.0,-78.427,0.0,0.0,-4.849,0.0,0.0,0.0571268,0.0,0.0,9.986126799999992,0.0,0.0
LYS  49,138.309,0.0,0.0,-8.692,0.0,0.0,-118.083,0.0,0.0,-30.61,0.0,0.0,0.3708364,0.0,0.0,-18.705163600000006,0.0,0.0
THR  50,52.133,0.0,0.0,-6.75,0.0,0.0,-68.64,0.0,0.0,-1.431,0.0,0.0,0.44680854000000003,0.0,0.0,-24.24119146,0.0,0.0
ILE  51,80.239,0.0,0.0,-7.849,0.0,0.0,-55.421,0.0,0.0,-1.459,0.0,0.0,0.44441290000000006,0.0,0.0,15.954412900000001,0.0,0.0
LEU  52,84.049,0.0,0.0,-12.044,0.0,0.0,-71.196,0.0,0.0,-4.083,0.0,0.0,0.00698638,0.0,0.0,-3.2670136199999886,0.0,0.0
LYS  53,116.749,0.0,0.0,-6.366,0.0,0.0,-87.077,0.0,0.0,-42.512,0.0,0.0,0.9442561400000001,0.0,0.0,-18.261743860000003,0.0,0.0
ALA  54,86.074,0.0,0.0,-4.047,0.0,0.0,-74.604,0.0,0.0,-5.011,0.0,0.0,0.47976214,0.0,0.0,2.8917621400000018,0.0,0.0
LEU  55,74.19,0.0,0.0,-7.367,0.0,0.0,-73.762,0.0,0.0,-5.011,0.0,0.0,0.47185978,0.0,0.0,-11.478140220000006,0.0,0.0
GLY  56,89.476,0.0,0.0,-3.395,0.0,0.0,-73.61,0.0,0.0,-9.029,0.0,0.0,0.11578746000000001,0.0,0.0,3.5577874600000037,0.0,0.0
PRO  57,77.399,0.0,0.0,-2.758,0.0,0.0,-51.359,0.0,0.0,-9.289,0.0,0.0,0.61025406,0.0,0.0,14.603254060000005,0.0,0.0
GLY  58,69.11,0.0,0.0,-1.872,0.0,0.0,-63.491,0.0,0.0,-8.439,0.0,0.0,0.41562728,0.0,0.0,-4.27637272,0.0,0.0
ALA  59,99.566,0.0,0.0,-4.606,0.0,0.0,-88.429,0.0,0.0,-4.587,0.0,0.0,0.06923508,0.0,0.0,2.013235080000006,0.0,0.0
THR  60,53.276,0.0,0.0,-6.76,0.0,0.0,-59.762,0.0,0.0,-1.691,0.0,0.0,0.39052184000000006,0.0,0.0,-14.546478159999996,0.0,0.0
LEU  61,62.526,0.0,0.0,-6.117,0.0,0.0,-71.129,0.0,0.0,-1.132,0.0,0.0,0.32576368,0.0,0.0,-15.526236319999999,0.0,0.0
GLU  62,104.573,0.0,0.0,-5.363,0.0,0.0,-72.508,0.0,0.0,-83.899,0.0,0.0,0.68678446,0.0,0.0,-56.510215540000004,0.0,0.0
GLU  63,102.047,0.0,0.0,-9.069,0.0,0.0,-53.329,0.0,0.0,-93.56,0.0,0.0,0.44829904000000004,0.0,0.0,-53.46270096000001,0.0,0.0
MET  64,96.545,0.0,0.0,-12.69,0.0,0.0,-78.493,0.0,0.0,-0.211,0.0,0.0,0.053571280000000006,0.0,0.0,5.204571280000009,0.0,0.0
MET  65,104.347,0.0,0.0,-11.165,0.0,0.0,-88.363,0.0,0.0,-0.634,0.0,0.0,0.19339644000000003,0.0,0.0,4.378396439999988,0.0,0.0
THR  66,40.881,0.0,0.0,-5.537,0.0,0.0,-52.717,0.0,0.0,-3.464,0.0,0.0,0.46957254000000004,0.0,0.0,-20.367427459999995,0.0,0.0
ALA  67,75.826,0.0,0.0,-5.019,0.0,0.0,-67.522,0.0,0.0,-1.502,0.0,0.0,0.09995022,0.0,0.0,1.8829502199999824,0.0,0.0
CYX  68,96.52,0.0,0.0,-7.291,0.0,0.0,-82.5,0.0,0.0,-1.402,0.0,0.0,0.09091508000000001,0.0,0.0,5.417915079999999,0.0,0.0
GLN  69,34.639,0.0,0.0,-3.96,0.0,0.0,-76.141,0.0,0.0,-10.685,0.0,0.0,0.86187756,0.0,0.0,-55.28512244,0.0,0.0
GLY  70,94.798,0.0,0.0,-4.182,0.0,0.0,-85.634,0.0,0.0,-2.359,0.0,0.0,0.07134888,0.0,0.0,2.6943488799999993,0.0,0.0
VAL  71,40.698,0.0,0.0,-4.14,0.0,0.0,-33.282,0.0,0.0,-93.124,0.0,0.0,0.83106486,0.0,0.0,-89.01693513999999,0.0,0.0

DELTAS:
Total Energy Decomposition:
Residue,Location,Internal,,,van der Waals,,,Electrostatic,,,Polar Solvation,,,Non-Polar Solv.,,,TOTAL,,
,,Avg.,Std. Dev.,Std. Err. of Mean,Avg.,Std. Dev.,Std. Err. of Mean,Avg.,Std. Dev.,Std. Err. of Mean,Avg.,Std. Dev.,Std. Err. of Mean,Avg.,Std. Dev.,Std. Err. of Mean
PRO   1,R PRO   1,0.0,0.0,0.0,0.0,0.0,0.0,-5.493000000000009,0.0,0.0,5.495,0.0,0.0,0.0,0.0,0.0,0.001999999999990898,0.0,0.0
ILE   2,R ILE   2,0.0,0.0,0.0,0.0,0.0,0.0,0.04200000000000159,0.0,0.0,-0.041999999999999815,0.0,0.0,0.0,0.0,0.0,1.7763568394002505e-15,0.0,0.0
VAL   3,R VAL   3,0.0,0.0,0.0,0.0,0.0,0.0,-0.016999999999995907,0.0,0.0,0.017000000000000126,0.0,0.0,0.0,0.0,0.0,3.552713678800501e-15,0.0,0.0
GLN   4,R GLN   4,0.0,0.0,0.0,0.0,0.0,0.0,0.07700000000000529,0.0,0.0,-0.07699999999999996,0.0,0.0,0.0,0.0,0.0,7.105427357601002e-15,0.0,0.0
ASN   5,R ASN   5,0.0,0.0,0.0,0.0,0.0,0.0,0.06999999999999318,0.0,0.0,-0.07000000000000028,0.0,0.0,0.0,0.0,0.0,-1.4210854715202004e-14,0.0,0.0
LEU   6,R LEU   6,0.0,0.0,0.0,0.0,0.0,0.0,0.019000000000005457,0.0,0.0,-0.020000000000000462,0.0,0.0,0.0,0.0,0.0,-0.0009999999999950049,0.0,0.0
GLN   7,R GLN   7,0.0,0.0,0.0,0.0,0.0,0.0,0.04000000000000625,0.0,0.0,-0.040000000000000924,0.0,0.0,0.0,0.0,0.0,7.105427357601002e-15,0.0,0.0
GLY   8,R GLY   8,0.0,0.0,0.0,0.0,0.0,0.0,-0.012000000000000455,0.0,0.0,0.011999999999999567,0.0,0.0,0.0,0.0,0.0,-8.881784197001252e-16,0.0,0.0
GLN   9,R GLN   9,0.0,0.0,0.0,-0.001000000000000334,0.0,0.0,0.031999999999996476,0.0,0.0,-0.03300000000000125,0.0,0.0,0.0,0.0,0.0,-0.0020000000000024443,0.0,0.0
MET  10,R MET  10,0.0,0.0,0.0,0.0,0.0,0.0,-0.03499999999999659,0.0,0.0,0.03600000000000003,0.0,0.0,0.0,0.0,0.0,0.0010000000000029985,0.0,0.0
VAL  11,R VAL  11,0.0,0.0,0.0,0.0,0.0,0.0,0.03499999999999659,0.0,0.0,-0.0349999999999997,0.0,0.0,0.0,0.0,0.0,-1.7763568394002505e-15,0.0,0.0
HID  12,R HID  12,0.0,0.0,0.0,0.0,0.0,0.0,-0.04800000000000182,0.0,0.0,0.04899999999999949,0.0,0.0,0.0,0.0,0.0,0.0009999999999976694,0.0,0.0
GLN  13,R GLN  13,0.0,0.0,0.0,0.0,0.0,0.0,0.0589999999999975,0.0,0.0,-0.05999999999999872,0.0,0.0,0.0,0.0,0.0,-0.0009999999999976694,0.0,0.0
ALA  14,R ALA  14,0.0,0.0,0.0,0.0,0.0,0.0,0.022999999999996135,0.0,0.0,-0.022999999999999687,0.0,0.0,0.0,0.0,0.0,-3.552713678800501e-15,0.0,0.0
ILE  15,R ILE  15,0.0,0.0,0.0,0.0,0.0,0.0,-0.04600000000000648,0.0,0.0,0.045999999999999375,0.0,0.0,0.0,0.0,0.0,-7.105427357601002e-15,0.0,0.0
SER  16,R SER  16,0.0,0.0,0.0,-0.0009999999999994458,0.0,0.0,-0.015000000000000568,0.0,0.0,0.014000000000000234,0.0,0.0,0.0,0.0,0.0,-0.001999999999991786,0.0,0.0
PRO  17,R PRO  17,0.0,0.0,0.0,-0.001000000000000334,0.0,0.0,-0.012000000000000455,0.0,0.0,0.01100000000000012,0.0,0.0,0.0,0.0,0.0,-0.0020000000000024443,0.0,0.0
ARG  18,R ARG  18,0.0,0.0,0.0,-0.0009999999999994458,0.0,0.0,-5.6370000000000005,0.0,0.0,5.641999999999996,0.0,0.0,0.0,0.0,0.0,0.003999999999962256,0.0,0.0
THR  19,R THR  19,0.0,0.0,0.0,-0.0009999999999994458,0.0,0.0,-0.045000000000001705,0.0,0.0,0.0470000000000006,0.0,0.0,0.0,0.0,0.0,0.0009999999999941167,0.0,0.0
LEU  20,R LEU  20,0.0,0.0,0.0,-0.0010000000000012221,0.0,0.0,-0.0589999999999975,0.0,0.0,0.05900000000000016,0.0,0.0,0.0,0.0,0.0,-0.0010000000000012221,0.0,0.0
ASN  21,R ASN  21,0.0,0.0,0.0,-0.0019999999999997797,0.0,0.0,-0.0689999999999884,0.0,0.0,0.07099999999999973,0.0,0.0,0.0,0.0,0.0,2.842170943040401e-14,0.0,0.0
ALA  22,R ALA  22,0.0,0.0,0.0,-0.0019999999999997797,0.0,0.0,-0.17199999999999704,0.0,0.0,0.16999999999999993,0.0,0.0,0.0,0.0,0.0,-0.003999999999992454,0.0,0.0
TRP  23,R TRP  23,0.0,0.0,0.0,-0.009000000000000341,0.0,0.0,-0.24099999999999966,0.0,0.0,0.242,0.0,0.0,0.0,0.0,0.0,-0.008000000000000895,0.0,0.0
VAL  24,R VAL  24,0.0,0.0,0.0,-0.004000000000000448,0.0,0.0,-0.23100000000000165,0.0,0.0,0.2400000000000002,0.0,0.0,0.0,0.0,0.0,0.004999999999993676,0.0,0.0
LYS  25,R LYS  25,0.0,0.0,0.0,-0.007000000000000561,0.0,0.0,-5.945999999999998,0.0,0.0,5.977999999999994,0.0,0.0,0.0,0.0,0.0,0.025000000000005684,0.0,0.0
VAL  26,R VAL  26,0.0,0.0,0.0,-0.017000000000000348,0.0,0.0,-0.6689999999999969,0.0,0.0,0.6679999999999997,0.0,0.0,0.0,0.0,0.0,-0.017999999999993577,0.0,0.0
VAL  27,R VAL  27,0.0,0.0,0.0,-0.023000000000001464,0.0,0.0,-0.7629999999999981,0.0,0.0,0.7759999999999998,0.0,0.0,0.0,0.0,0.0,-0.010000000000001563,0.0,0.0
GLU  28,R GLU  28,0.0,0.0,0.0,-0.052999999999999936,0.0,0.0,-1.5730000000000004,0.0,0.0,1.7360000000000042,0.0,0.0,0.0,0.0,0.0,0.10999999999999233,0.0,0.0
GLU  29,R GLU  29,0.0,0.0,0.0,-0.07399999999999984,0.0,0.0,0.7999999999999972,0.0,0.0,-0.5210000000000008,0.0,0.0,0.0,0.0,0.0,0.2049999999999983,0.0,0.0
LYS  30,R LYS  30,0.0,0.0,0.0,-0.27500000000000036,0.0,0.0,-0.49200000000000443,0.0,0.0,1.3340000000000005,0.0,0.0,-0.015707159999999998,0.0,0.0,0.5512928399999915,0.0,0.0
ALA  31,R ALA  31,0.0,0.0,0.0,-0.6600000000000001,0.0,0.0,-6.370999999999995,0.0,0.0,5.641,0.0,0.0,-0.10529976000000002,0.0,0.0,-1.495299759999992,0.0,0.0
PHE  32,R PHE  32,0.0,0.0,0.0,-2.0890000000000004,0.0,0.0,0.6219999999999999,0.0,0.0,0.6310000000000002,0.0,0.0,-0.08025936,0.0,0.0,-0.916259359999998,0.0,0.0
SER  33,R SER  33,0.0,0.0,0.0,-2.0280000000000005,0.0,0.0,0.7289999999999992,0.0,0.0,0.08300000000000018,0.0,0.0,-0.18739108,0.0,0.0,-1.4033910800000058,0.0,0.0
PRO  34,R PRO  34,0.0,0.0,0.0,-1.9219999999999997,0.0,0.0,-1.7689999999999984,0.0,0.0,1.8960000000000001,0.0,0.0,-0.2578348200000001,0.0,0.0,-2.052834820000008,0.0,0.0
GLU  35,R GLU  35,0.0,0.0,0.0,-1.0549999999999997,0.0,0.0,5.025999999999996,0.0,0.0,-4.017000000000003,0.0,0.0,-0.14844838000000005,0.0,0.0,-0.1944483799999972,0.0,0.0
VAL  36,R VAL  36,0.0,0.0,0.0,-0.07600000000000051,0.0,0.0,0.08200000000000074,0.0,0.0,-0.028000000000000025,0.0,0.0,0.0,0.0,0.0,-0.021999999999998465,0.0,0.0
ILE  37,R ILE  37,0.0,0.0,0.0,-0.058999999999999275,0.0,0.0,-0.48099999999999454,0.0,0.0,0.49300000000000005,0.0,0.0,0.0,0.0,0.0,-0.0470000000000077,0.0,0.0
PRO  38,R PRO  38,0.0,0.0,0.0,-0.04099999999999948,0.0,0.0,-0.19500000000000028,0.0,0.0,0.2029999999999994,0.0,0.0,0.0,0.0,0.0,-0.0329999999999977,0.0,0.0
MET  39,R MET  39,0.0,0.0,0.0,-0.031000000000000583,0.0,0.0,-0.007000000000005002,0.0,0.0,0.028999999999999915,0.0,0.0,0.0,0.0,0.0,-0.009000000000011,0.0,0.0
PHE  40,R PHE  40,0.0,0.0,0.0,-0.009999999999999787,0.0,0.0,-0.06300000000000239,0.0,0.0,0.07200000000000006,0.0,0.0,0.0,0.0,0.0,-0.0010000000000074394,0.0,0.0
SER  41,R SER  41,0.0,0.0,0.0,-0.0039999999999995595,0.0,0.0,-0.09599999999999653,0.0,0.0,0.1200000000000001,0.0,0.0,0.0,0.0,0.0,0.019999999999998685,0.0,0.0
ALA  42,R ALA  42,0.0,0.0,0.0,-0.0019999999999997797,0.0,0.0,-0.0350000000000108,0.0,0.0,0.040000000000000036,0.0,0.0,0.0,0.0,0.0,0.0029999999999930083,0.0,0.0
LEU  43,R LEU  43,0.0,0.0,0.0,-0.0039999999999995595,0.0,0.0,-0.0010000000000047748,0.0,0.0,0.006000000000000227,0.0,0.0,0.0,0.0,0.0,0.000999999999990564,0.0,0.0
SER  44,R SER  44,0.0,0.0,0.0,-0.001000000000000334,0.0,0.0,-0.0049999999999954525,0.0,0.0,0.010000000000000002,0.0,0.0,0.0,0.0,0.0,0.004000000000006665,0.0,0.0
GLU  45,R GLU  45,0.0,0.0,0.0,-0.0009999999999994458,0.0,0.0,6.667999999999999,0.0,0.0,-6.662999999999997,0.0,0.0,0.0,0.0,0.0,0.004000000000011994,0.0,0.0
GLY  46,R GLY  46,0.0,0.0,0.0,0.0,0.0,0.0,-0.06199999999999761,0.0,0.0,0.06199999999999997,0.0,0.0,0.0,0.0,0.0,2.6645352591003757e-15,0.0,0.0
ALA  47,R ALA  47,0.0,0.0,0.0,-0.001000000000000334,0.0,0.0,0.03900000000000148,0.0,0.0,-0.039000000000000146,0.0,0.0,0.0,0.0,0.0,-0.0010000000000034426,0.0,0.0
THR  48,R THR  48,0.0,0.0,0.0,0.0,0.0,0.0,-0.001999999999995339,0.0,0.0,0.0010000000000000009,0.0,0.0,0.0,0.0,0.0,-0.0009999999999941167,0.0,0.0
PRO  49,R PRO  49,0.0,0.0,0.0,-0.0009999999999994458,0.0,0.0,-0.005000000000002558,0.0,0.0,0.0050000000000000044,0.0,0.0,0.0,0.0,0.0,-0.0010000000000074394,0.0,0.0
GLN  50,R GLN  50,0.0,0.0,0.0,0.0,0.0,0.0,0.012000000000000455,0.0,0.0,-0.012000000000000455,0.0,0.0,0.0,0.0,0.0,0.0,0.0,0.0
ASP  51,R ASP  51,0.0,0.0,0.0,-0.0009999999999994458,0.0,0.0,5.3289999999999935,0.0,0.0,-5.332000000000001,0.0,0.0,0.0,0.0,0.0,-0.004000000000011994,0.0,0.0
LEU  52,R LEU  52,0.0,0.0,0.0,-0.0009999999999994458,0.0,0.0,-0.0350000000000108,0.0,0.0,0.03500000000000003,0.0,0.0,0.0,0.0,0.0,-0.0010000000000083276,0.0,0.0
ASN  53,R ASN  53,0.0,0.0,0.0,-0.001000000000000334,0.0,0.0,-0.027000000000001023,0.0,0.0,0.0259999999999998,0.0,0.0,0.0,0.0,0.0,-0.0020000000000095497,0.0,0.0
THR  54,R THR  54,0.0,0.0,0.0,-0.0009999999999994458,0.0,0.0,-0.055999999999997385,0.0,0.0,0.05600000000000005,0.0,0.0,0.0,0.0,0.0,-0.0009999999999941167,0.0,0.0
MET  55,R MET  55,0.0,0.0,0.0,-0.0019999999999988916,0.0,0.0,-0.04799999999998761,0.0,0.0,0.050000000000000044,0.0,0.0,0.0,0.0,0.0,1.709743457922741e-14,0.0,0.0
LEU  56,R LEU  56,0.0,0.0,0.0,-0.002000000000000668,0.0,0.0,-0.07800000000000296,0.0,0.0,0.07800000000000001,0.0,0.0,0.0,0.0,0.0,-0.0019999999999980034,0.0,0.0
ASN  57,R ASN  57,0.0,0.0,0.0,-0.001000000000000334,0.0,0.0,-0.03300000000000125,0.0,0.0,0.032999999999999474,0.0,0.0,0.0,0.0,0.0,-0.000999999999990564,0.0,0.0
THR  58,R THR  58,0.0,0.0,0.0,-0.0010000000000012221,0.0,0.0,-0.007999999999995566,0.0,0.0,0.0129999999999999,0.0,0.0,0.0,0.0,0.0,0.004000000000006665,0.0,0.0
VAL  59,R VAL  59,0.0,0.0,0.0,-0.0030000000000001137,0.0,0.0,-0.09100000000000108,0.0,0.0,0.09600000000000009,0.0,0.0,0.0,0.0,0.0,0.0019999999999988916,0.0,0.0
ALA  60,R ALA  60,0.0,0.0,0.0,-0.0009999999999998899,0.0,0.0,-0.046999999999997044,0.0,0.0,0.04900000000000038,0.0,0.0,0.0,0.0,0.0,0.0010000000000012221,0.0,0.0
PRO  61,R PRO  61,0.0,0.0,0.0,-0.002000000000000668,0.0,0.0,0.017000000000003013,0.0,0.0,-0.014000000000000234,0.0,0.0,0.0,0.0,0.0,0.0010000000000083276,0.0,0.0
HID  62,R HID  62,0.0,0.0,0.0,-0.006999999999999673,0.0,0.0,0.2540000000000049,0.0,0.0,-0.22199999999999953,0.0,0.0,0.0,0.0,0.0,0.02500000000000213,0.0,0.0
GLN  63,R GLN  63,0.0,0.0,0.0,-0.004999999999999893,0.0,0.0,-0.21299999999999386,0.0,0.0,0.2289999999999992,0.0,0.0,0.0,0.0,0.0,0.01099999999999568,0.0,0.0
ALA  64,R ALA  64,0.0,0.0,0.0,-0.007000000000000117,0.0,0.0,0.18299999999999272,0.0,0.0,-0.16100000000000003,0.0,0.0,0.0,0.0,0.0,0.014999999999988134,0.0,0.0
ALA  65,R ALA  65,0.0,0.0,0.0,-0.012000000000000455,0.0,0.0,0.32900000000000773,0.0,0.0,-0.313,0.0,0.0,0.0,0.0,0.0,0.004000000000006665,0.0,0.0
ALA  66,R ALA  66,0.0,0.0,0.0,-0.0030000000000001137,0.0,0.0,0.09099999999999397,0.0,0.0,-0.08600000000000001,0.0,0.0,0.0,0.0,0.0,0.0019999999999935625,0.0,0.0
GLN  67,R GLN  67,0.0,0.0,0.0,-0.004999999999999893,0.0,0.0,0.023000000000010346,0.0,0.0,-0.0009999999999994458,0.0,0.0,0.0,0.0,0.0,0.017000000000010118,0.0,0.0
MET  68,R MET  68,0.0,0.0,0.0,-0.016000000000000014,0.0,0.0,0.14000000000000057,0.0,0.0,-0.12299999999999978,0.0,0.0,0.0,0.0,0.0,0.000999999999995449,0.0,0.0
LEU  69,R LEU  69,0.0,0.0,0.0,-0.006999999999999673,0.0,0.0,0.18599999999999284,0.0,0.0,-0.18300000000000027,0.0,0.0,0.0,0.0,0.0,-0.003999999999998671,0.0,0.0
LYS  70,R LYS  70,0.0,0.0,0.0,-0.002000000000000668,0.0,0.0,-4.899000000000001,0.0,0.0,4.908000000000001,0.0,0.0,0.0,0.0,0.0,0.007000000000005002,0.0,0.0
GLU  71,R GLU  71,0.0,0.0,0.0,-0.0030000000000001137,0.0,0.0,5.2379999999999995,0.0,0.0,-5.227000000000004,0.0,0.0,0.0,0.0,0.0,0.007999999999995566,0.0,0.0
THR  72,R THR  72,0.0,0.0,0.0,-0.0030000000000001137,0.0,0.0,0.1490000000000009,0.0,0.0,-0.1419999999999999,0.0,0.0,0.0,0.0,0.0,0.004000000000001336,0.0,0.0
ILE  73,R ILE  73,0.0,0.0,0.0,-0.0019999999999988916,0.0,0.0,0.07499999999999574,0.0,0.0,-0.07500000000000018,0.0,0.0,0.0,0.0,0.0,-0.0019999999999988916,0.0,0.0
ASN  74,R ASN  74,0.0,0.0,0.0,-0.001000000000000334,0.0,0.0,-0.001999999999995339,0.0,0.0,0.004000000000001336,0.0,0.0,0.0,0.0,0.0,0.0010000000000189857,0.0,0.0
GLU  75,R GLU  75,0.0,0.0,0.0,-0.0010000000000012221,0.0,0.0,5.520000000000003,0.0,0.0,-5.5190000000000055,0.0,0.0,0.0,0.0,0.0,7.105427357601002e-15,0.0,0.0
GLU  76,R GLU  76,0.0,0.0,0.0,-0.0019999999999997797,0.0,0.0,7.006,0.0,0.0,-6.994999999999997,0.0,0.0,0.0,0.0,0.0,0.009000000000007446,0.0,0.0
ALA  77,R ALA  77,0.0,0.0,0.0,-0.0009999999999994458,0.0,0.0,0.001999999999995339,0.0,0.0,-0.0019999999999997797,0.0,0.0,0.0,0.0,0.0,-0.0010000000000092157,0.0,0.0
ALA  78,R ALA  78,0.0,0.0,0.0,0.0,0.0,0.0,-0.028999999999996362,0.0,0.0,0.03,0.0,0.0,0.0,0.0,0.0,0.0010000000000036646,0.0,0.0
GLU  79,R GLU  79,0.0,0.0,0.0,-0.001000000000000334,0.0,0.0,6.417000000000002,0.0,0.0,-6.4140000000000015,0.0,0.0,0.0,0.0,0.0,0.0020000000000095497,0.0,0.0
TRP  80,R TRP  80,0.0,0.0,0.0,0.0,0.0,0.0,0.0660000000000025,0.0,0.0,-0.06600000000000006,0.0,0.0,0.0,0.0,0.0,3.552713678800501e-15,0.0,0.0
ASP  81,R ASP  81,0.0,0.0,0.0,-0.0009999999999994458,0.0,0.0,5.203000000000003,0.0,0.0,-5.203000000000003,0.0,0.0,0.0,0.0,0.0,-0.000999999999990564,0.0,0.0
ARG  82,R ARG  82,0.0,0.0,0.0,-0.001000000000000334,0.0,0.0,-6.23,0.0,0.0,6.2280000000000015,0.0,0.0,0.0,0.0,0.0,-0.002999999999957481,0.0,0.0
LEU  83,R LEU  83,0.0,0.0,0.0,-0.0009999999999994458,0.0,0.0,-0.031999999999996476,0.0,0.0,0.03200000000000003,0.0,0.0,0.0,0.0,0.0,-0.0009999999999976694,0.0,0.0
HID  84,R HID  84,0.0,0.0,0.0,-0.0009999999999994458,0.0,0.0,-0.001999999999995339,0.0,0.0,0.0019999999999997797,0.0,0.0,0.0,0.0,0.0,-0.0009999999999870113,0.0,0.0
PRO  85,R PRO  85,0.0,0.0,0.0,0.0,0.0,0.0,0.030000000000001137,0.0,0.0,-0.030999999999998806,0.0,0.0,0.0,0.0,0.0,-0.0009999999999976694,0.0,0.0
VAL  86,R VAL  86,0.0,0.0,0.0,0.0,0.0,0.0,0.015000000000000568,0.0,0.0,-0.015000000000000124,0.0,0.0,0.0,0.0,0.0,8.881784197001252e-16,0.0,0.0
HID  87,R HID  87,0.0,0.0,0.0,0.0,0.0,0.0,0.0009999999999976694,0.0,0.0,-0.0019999999999988916,0.0,0.0,0.0,0.0,0.0,-0.0010000000000012221,0.0,0.0
ALA  88,R ALA  88,0.0,0.0,0.0,0.0,0.0,0.0,0.007999999999995566,0.0,0.0,-0.008000000000000007,0.0,0.0,0.0,0.0,0.0,-3.552713678800501e-15,0.0,0.0
GLY  89,R GLY  89,0.0,0.0,0.0,0.0,0.0,0.0,0.021000000000000796,0.0,0.0,-0.021000000000000796,0.0,0.0,0.0,0.0,0.0,0.0,0.0,0.0
PRO  90,R PRO  90,0.0,0.0,0.0,0.0,0.0,0.0,0.04700000000000415,0.0,0.0,-0.04699999999999971,0.0,0.0,0.0,0.0,0.0,3.552713678800501e-15,0.0,0.0
ILE  91,R ILE  91,0.0,0.0,0.0,0.0,0.0,0.0,-0.008000000000002672,0.0,0.0,0.009000000000000341,0.0,0.0,0.0,0.0,0.0,0.0009999999999976694,0.0,0.0
ALA  92,R ALA  92,0.0,0.0,0.0,0.0,0.0,0.0,-0.045000000000001705,0.0,0.0,0.04499999999999993,0.0,0.0,0.0,0.0,0.0,0.0,0.0,0.0
PRO  93,R PRO  93,0.0,0.0,0.0,0.0,0.0,0.0,0.03300000000000125,0.0,0.0,-0.032999999999999474,0.0,0.0,0.0,0.0,0.0,0.0,0.0,0.0
GLY  94,R GLY  94,0.0,0.0,0.0,0.0,0.0,0.0,-0.02400000000000091,0.0,0.0,0.02400000000000091,0.0,0.0,0.0,0.0,0.0,0.0,0.0,0.0
GLN  95,R GLN  95,0.0,0.0,0.0,-0.001000000000000334,0.0,0.0,0.0030000000000001137,0.0,0.0,-0.0030000000000001137,0.0,0.0,0.0,0.0,0.0,-0.0010000000000047748,0.0,0.0
MET  96,R MET  96,0.0,0.0,0.0,0.0,0.0,0.0,-0.018000000000000682,0.0,0.0,0.017999999999999794,0.0,0.0,0.0,0.0,0.0,0.0,0.0,0.0
ARG  97,R ARG  97,0.0,0.0,0.0,0.0,0.0,0.0,-4.692,0.0,0.0,4.6910000000000025,0.0,0.0,0.0,0.0,0.0,-0.0010000000000047748,0.0,0.0
GLU  98,R GLU  98,0.0,0.0,0.0,0.0,0.0,0.0,4.844999999999999,0.0,0.0,-4.844999999999999,0.0,0.0,0.0,0.0,0.0,0.0,0.0,0.0
PRO  99,R PRO  99,0.0,0.0,0.0,0.0,0.0,0.0,0.006999999999997897,0.0,0.0,-0.007000000000000117,0.0,0.0,0.0,0.0,0.0,-3.552713678800501e-15,0.0,0.0
ARG 100,R ARG 100,0.0,0.0,0.0,0.0,0.0,0.0,-5.001000000000001,0.0,0.0,5.000999999999998,0.0,0.0,0.0,0.0,0.0,2.842170943040401e-14,0.0,0.0
GLY 101,R GLY 101,0.0,0.0,0.0,0.0,0.0,0.0,0.021000000000000796,0.0,0.0,-0.020000000000000018,0.0,0.0,0.0,0.0,0.0,0.0010000000000012221,0.0,0.0
SER 102,R SER 102,0.0,0.0,0.0,-0.001000000000000334,0.0,0.0,0.017000000000003013,0.0,0.0,-0.016999999999999904,0.0,0.0,0.0,0.0,0.0,-0.0010000000000016662,0.0,0.0
ASP 103,R ASP 103,0.0,0.0,0.0,0.0,0.0,0.0,4.903999999999996,0.0,0.0,-4.9040000000000035,0.0,0.0,0.0,0.0,0.0,-7.105427357601002e-15,0.0,0.0
ILE 104,R ILE 104,0.0,0.0,0.0,0.0,0.0,0.0,0.003999999999997783,0.0,0.0,-0.0040000000000000036,0.0,0.0,0.0,0.0,0.0,-2.6645352591003757e-15,0.0,0.0
ALA 105,R ALA 105,0.0,0.0,0.0,-0.001000000000000334,0.0,0.0,0.001999999999995339,0.0,0.0,-0.0030000000000000027,0.0,0.0,0.0,0.0,0.0,-0.0020000000000095497,0.0,0.0
GLY 106,R GLY 106,0.0,0.0,0.0,0.0,0.0,0.0,-0.03100000000000591,0.0,0.0,0.030999999999999917,0.0,0.0,0.0,0.0,0.0,-5.329070518200751e-15,0.0,0.0
THR 107,R THR 107,0.0,0.0,0.0,0.0,0.0,0.0,-0.036999999999999034,0.0,0.0,0.03699999999999992,0.0,0.0,0.0,0.0,0.0,0.0,0.0,0.0
THR 108,R THR 108,0.0,0.0,0.0,0.0,0.0,0.0,-0.017000000000003013,0.0,0.0,0.016999999999999904,0.0,0.0,0.0,0.0,0.0,-3.552713678800501e-15,0.0,0.0
SER 109,R SER 109,0.0,0.0,0.0,0.0,0.0,0.0,0.0379999999999967,0.0,0.0,-0.039000000000000146,0.0,0.0,0.0,0.0,0.0,-0.0010000000000034426,0.0,0.0
THR 110,R THR 110,0.0,0.0,0.0,0.0,0.0,0.0,0.03399999999999892,0.0,0.0,-0.03500000000000014,0.0,0.0,0.0,0.0,0.0,-0.0010000000000012221,0.0,0.0
LEU 111,R LEU 111,0.0,0.0,0.0,0.0,0.0,0.0,0.02599999999999625,0.0,0.0,-0.02600000000000069,0.0,0.0,0.0,0.0,0.0,-3.552713678800501e-15,0.0,0.0
GLN 112,R GLN 112,0.0,0.0,0.0,0.0,0.0,0.0,0.04399999999999693,0.0,0.0,-0.04400000000000048,0.0,0.0,0.0,0.0,0.0,-7.105427357601002e-15,0.0,0.0
GLU 113,R GLU 113,0.0,0.0,0.0,0.0,0.0,0.0,4.741,0.0,0.0,-4.741,0.0,0.0,0.0,0.0,0.0,0.0,0.0,0.0
GLN 114,R GLN 114,0.0,0.0,0.0,-0.0009999999999994458,0.0,0.0,0.0589999999999975,0.0,0.0,-0.06,0.0,0.0,0.0,0.0,0.0,-0.0020000000000024443,0.0,0.0
ILE 115,R ILE 115,0.0,0.0,0.0,0.0,0.0,0.0,0.03499999999999659,0.0,0.0,-0.03500000000000014,0.0,0.0,0.0,0.0,0.0,-3.552713678800501e-15,0.0,0.0
GLY 116,R GLY 116,0.0,0.0,0.0,0.0,0.0,0.0,0.016000000000005343,0.0,0.0,-0.016000000000000014,0.0,0.0,0.0,0.0,0.0,5.329070518200751e-15,0.0,0.0
TRP 117,R TRP 117,0.0,0.0,0.0,-0.0010000000000012221,0.0,0.0,0.021000000000000796,0.0,0.0,-0.020999999999999908,0.0,0.0,0.0,0.0,0.0,-0.0010000000000029985,0.0,0.0
MET 118,R MET 118,0.0,0.0,0.0,-0.0010000000000012221,0.0,0.0,0.06199999999999761,0.0,0.0,-0.06099999999999994,0.0,0.0,0.0,0.0,0.0,-7.105427357601002e-15,0.0,0.0
THR 119,R THR 119,0.0,0.0,0.0,-0.0009999999999998899,0.0,0.0,-0.05399999999999494,0.0,0.0,0.05400000000000027,0.0,0.0,0.0,0.0,0.0,-0.0010000000000012221,0.0,0.0
HID 120,R HID 120,0.0,0.0,0.0,-0.0009999999999994458,0.0,0.0,-0.006000000000000227,0.0,0.0,0.006000000000000227,0.0,0.0,0.0,0.0,0.0,-0.0010000000000047748,0.0,0.0
ASN 121,R ASN 121,0.0,0.0,0.0,0.0,0.0,0.0,0.03699999999999193,0.0,0.0,-0.03700000000000081,0.0,0.0,0.0,0.0,0.0,-7.105427357601002e-15,0.0,0.0
PRO 122,R PRO 122,0.0,0.0,0.0,-0.0009999999999994458,0.0,0.0,-0.04099999999999682,0.0,0.0,0.04100000000000037,0.0,0.0,0.0,0.0,0.0,-0.0010000000000012221,0.0,0.0
PRO 123,R PRO 123,0.0,0.0,0.0,0.0,0.0,0.0,0.015000000000000568,0.0,0.0,-0.014000000000000234,0.0,0.0,0.0,0.0,0.0,0.0010000000000012221,0.0,0.0
ILE 124,R ILE 124,0.0,0.0,0.0,0.0,0.0,0.0,-0.04399999999999693,0.0,0.0,0.04400000000000004,0.0,0.0,0.0,0.0,0.0,3.552713678800501e-15,0.0,0.0
PRO 125,R PRO 125,0.0,0.0,0.0,0.0,0.0,0.0,0.034000000000006025,0.0,0.0,-0.03299999999999992,0.0,0.0,0.0,0.0,0.0,0.0010000000000047748,0.0,0.0
VAL 126,R VAL 126,0.0,0.0,0.0,0.0,0.0,0.0,0.054999999999999716,0.0,0.0,-0.05400000000000027,0.0,0.0,0.0,0.0,0.0,0.0009999999999994458,0.0,0.0
GLY 127,R GLY 127,0.0,0.0,0.0,0.0,0.0,0.0,0.03299999999998704,0.0,0.0,-0.03400000000000003,0.0,0.0,0.0,0.0,0.0,-0.0010000000000136566,0.0,0.0
GLU 128,R GLU 128,0.0,0.0,0.0,-0.0009999999999994458,0.0,0.0,6.756,0.0,0.0,-6.753,0.0,0.0,0.0,0.0,0.0,0.001999999999995339,0.0,0.0
ILE 129,R ILE 129,0.0,0.0,0.0,-0.0009999999999994458,0.0,0.0,0.12999999999999545,0.0,0.0,-0.129,0.0,0.0,0.0,0.0,0.0,-8.881784197001252e-15,0.0,0.0
TYR 130,R TYR 130,0.0,0.0,0.0,-0.0009999999999994458,0.0,0.0,0.09099999999999397,0.0,0.0,-0.09099999999999997,0.0,0.0,0.0,0.0,0.0,-0.0009999999999963372,0.0,0.0
LYS 131,R LYS 131,0.0,0.0,0.0,-0.002000000000000668,0.0,0.0,-6.534999999999997,0.0,0.0,6.540000000000003,0.0,0.0,0.0,0.0,0.0,0.002999999999996561,0.0,0.0
ARG 132,R ARG 132,0.0,0.0,0.0,-0.0039999999999995595,0.0,0.0,-7.373,0.0,0.0,7.378,0.0,0.0,0.0,0.0,0.0,0.0010000000000047748,0.0,0.0
TRP 133,R TRP 133,0.0,0.0,0.0,-0.0030000000000001137,0.0,0.0,-0.022999999999996135,0.0,0.0,0.025000000000000355,0.0,0.0,0.0,0.0,0.0,-0.0010000000000118803,0.0,0.0
ILE 134,R ILE 134,0.0,0.0,0.0,-0.004000000000001336,0.0,0.0,-0.02200000000000557,0.0,0.0,0.02400000000000002,0.0,0.0,0.0,0.0,0.0,-0.002000000000010438,0.0,0.0
ILE 135,R ILE 135,0.0,0.0,0.0,-0.009999999999999787,0.0,0.0,0.1599999999999966,0.0,0.0,-0.154,0.0,0.0,0.0,0.0,0.0,-0.004000000000008441,0.0,0.0
LEU 136,R LEU 136,0.0,0.0,0.0,-0.009000000000000341,0.0,0.0,0.2330000000000041,0.0,0.0,-0.22000000000000008,0.0,0.0,0.0,0.0,0.0,0.004000000000003112,0.0,0.0
GLY 137,R GLY 137,0.0,0.0,0.0,-0.006999999999999673,0.0,0.0,0.1010000000000133,0.0,0.0,-0.092,0.0,0.0,0.0,0.0,0.0,0.0020000000000082174,0.0,0.0
LEU 138,R LEU 138,0.0,0.0,0.0,-0.03399999999999892,0.0,0.0,-0.14499999999999602,0.0,0.0,0.18700000000000006,0.0,0.0,0.0,0.0,0.0,0.008000000000006224,0.0,0.0
ASN 139,R ASN 139,0.0,0.0,0.0,-0.05900000000000016,0.0,0.0,1.2169999999999987,0.0,0.0,-1.104000000000001,0.0,0.0,0.0,0.0,0.0,0.054000000000002046,0.0,0.0
LYS 140,R LYS 140,0.0,0.0,0.0,-0.03200000000000003,0.0,0.0,-6.758999999999986,0.0,0.0,6.833,0.0,0.0,0.0,0.0,0.0,0.04200000000000337,0.0,0.0
ILE 141,R ILE 141,0.0,0.0,0.0,-0.08999999999999986,0.0,0.0,-0.6640000000000015,0.0,0.0,0.7589999999999999,0.0,0.0,0.0,0.0,0.0,0.004999999999994564,0.0,0.0
VAL 142,R VAL 142,0.0,0.0,0.0,-1.2199999999999989,0.0,0.0,-1.3279999999999959,0.0,0.0,1.589,0.0,0.0,-0.06347904,0.0,0.0,-1.022479039999995,0.0,0.0
ARG 143,R ARG 143,0.0,0.0,0.0,-0.3719999999999999,0.0,0.0,-22.325000000000003,0.0,0.0,22.79,0.0,0.0,0.0,0.0,0.0,0.09300000000001774,0.0,0.0
MET 144,R MET 144,0.0,0.0,0.0,-0.2190000000000003,0.0,0.0,-1.051000000000002,0.0,0.0,1.2779999999999996,0.0,0.0,0.0,0.0,0.0,0.007999999999989349,0.0,0.0
TYR 145,R TYR 145,0.0,0.0,0.0,-4.954000000000001,0.0,0.0,-4.421999999999997,0.0,0.0,6.8999999999999995,0.0,0.0,-0.5749752800000001,0.0,0.0,-3.0509752800000065,0.0,0.0
SER 146,R SER 146,0.0,0.0,0.0,-2.425,0.0,0.0,-1.5600000000000023,0.0,0.0,2.064,0.0,0.0,-0.34093426,0.0,0.0,-2.2619342599999985,0.0,0.0
PRO 147,R PRO 147,0.0,0.0,0.0,-0.5039999999999996,0.0,0.0,2.0720000000000027,0.0,0.0,-1.8199999999999998,0.0,0.0,0.0,0.0,0.0,-0.25199999999998823,0.0,0.0
THR 148,R THR 148,0.0,0.0,0.0,-2.612,0.0,0.0,-5.713000000000001,0.0,0.0,8.190000000000001,0.0,0.0,-0.26170470000000007,0.0,0.0,-0.3967047000000008,0.0,0.0
SER 149,R SER 149,0.0,0.0,0.0,-3.2540000000000004,0.0,0.0,-18.009,0.0,0.0,15.168000000000001,0.0,0.0,-0.42607704,0.0,0.0,-6.521077039999998,0.0,0.0
ILE 150,R ILE 150,17.948999999999998,0.0,0.0,-9.839,0.0,0.0,-28.017,0.0,0.0,8.696,0.0,0.0,-1.2541175400000002,0.0,0.0,-12.465117540000001,0.0,0.0
LEU 151,L LEU   1,18.663000000000004,0.0,0.0,-2.6690000000000005,0.0,0.0,-24.284999999999997,0.0,0.0,0.41500000000000026,0.0,0.0,-0.15185755999999995,0.0,0.0,-8.027857559999996,0.0,0.0
ASP 152,L ASP   2,0.0,0.0,0.0,-2.8970000000000002,0.0,0.0,0.507000000000005,0.0,0.0,1.710000000000008,0.0,0.0,-0.24897853999999997,0.0,0.0,-0.9289785399999957,0.0,0.0
ILE 153,L ILE   3,0.0,0.0,0.0,-2.5070000000000006,0.0,0.0,-1.7439999999999998,0.0,0.0,1.061,0.0,0.0,-0.10291496000000001,0.0,0.0,-3.2929149600000063,0.0,0.0
ARG 154,L ARG   4,0.0,0.0,0.0,-0.11000000000000032,0.0,0.0,-9.594999999999999,0.0,0.0,9.732,0.0,0.0,0.0,0.0,0.0,0.027000000000015234,0.0,0.0
GLN 155,L GLN   5,0.0,0.0,0.0,-0.019999999999999574,0.0,0.0,-0.16400000000000148,0.0,0.0,0.18700000000000028,0.0,0.0,0.0,0.0,0.0,0.0030000000000001137,0.0,0.0
GLY 156,L GLY   6,0.0,0.0,0.0,-0.004999999999999893,0.0,0.0,-0.05100000000000193,0.0,0.0,0.057000000000000384,0.0,0.0,0.0,0.0,0.0,0.0010000000000029985,0.0,0.0
PRO 157,L PRO   7,0.0,0.0,0.0,-0.0040000000000000036,0.0,0.0,-0.02499999999999858,0.0,0.0,0.027999999999998693,0.0,0.0,0.0,0.0,0.0,-0.0010000000000047748,0.0,0.0
LYS 158,L LYS   8,0.0,0.0,0.0,-0.0029999999999996696,0.0,0.0,-9.280000000000001,0.0,0.0,9.286000000000001,0.0,0.0,0.0,0.0,0.0,0.0030000000000001137,0.0,0.0
GLU 159,L GLU   9,0.0,0.0,0.0,-0.01699999999999946,0.0,0.0,12.920999999999992,0.0,0.0,-12.766999999999996,0.0,0.0,0.0,0.0,0.0,0.13700000000000045,0.0,0.0
PRO 160,L PRO  10,0.0,0.0,0.0,-0.006000000000000227,0.0,0.0,0.2809999999999988,0.0,0.0,-0.2679999999999998,0.0,0.0,0.0,0.0,0.0,0.006999999999997897,0.0,0.0
PHE 161,L PHE  11,0.0,0.0,0.0,-0.0129999999999999,0.0,0.0,0.3889999999999958,0.0,0.0,-0.37399999999999967,0.0,0.0,0.0,0.0,0.0,0.001999999999991786,0.0,0.0
ARG 162,L ARG  12,0.0,0.0,0.0,-0.018000000000000682,0.0,0.0,-12.832999999999998,0.0,0.0,12.900000000000002,0.0,0.0,0.0,0.0,0.0,0.049000000000006594,0.0,0.0
ASP 163,L ASP  13,0.0,0.0,0.0,-0.0259999999999998,0.0,0.0,13.991,0.0,0.0,-13.827000000000005,0.0,0.0,0.0,0.0,0.0,0.13800000000000523,0.0,0.0
TYR 164,L TYR  14,0.0,0.0,0.0,-0.08900000000000219,0.0,0.0,0.6469999999999914,0.0,0.0,-0.591,0.0,0.0,0.0,0.0,0.0,-0.03300000000000658,0.0,0.0
VAL 165,L VAL  15,0.0,0.0,0.0,-0.051000000000000156,0.0,0.0,0.36599999999999966,0.0,0.0,-0.327,0.0,0.0,0.0,0.0,0.0,-0.012000000000002231,0.0,0.0
ASP 166,L ASP  16,0.0,0.0,0.0,-0.18599999999999994,0.0,0.0,19.74000000000001,0.0,0.0,-19.103,0.0,0.0,0.0,0.0,0.0,0.4510000000000005,0.0,0.0
ARG 167,L ARG  17,0.0,0.0,0.0,-0.5990000000000002,0.0,0.0,-15.465,0.0,0.0,15.759,0.0,0.0,-0.008980939999999937,0.0,0.0,-0.31398094000005017,0.0,0.0
PHE 168,L PHE  18,0.0,0.0,0.0,-1.3019999999999996,0.0,0.0,-0.2459999999999951,0.0,0.0,0.298,0.0,0.0,-0.01971796,0.0,0.0,-1.2697179600000017,0.0,0.0
TYR 169,L TYR  19,0.0,0.0,0.0,-0.34500000000000064,0.0,0.0,0.09299999999998931,0.0,0.0,0.18899999999999917,0.0,0.0,0.0,0.0,0.0,-0.06300000000001038,0.0,0.0
LYS 170,L LYS  20,0.0,0.0,0.0,-3.6420000000000003,0.0,0.0,-25.401999999999987,0.0,0.0,26.662999999999997,0.0,0.0,-0.33601832000000004,0.0,0.0,-2.7170183199999975,0.0,0.0
THR 171,L THR  21,0.0,0.0,0.0,-2.4970000000000008,0.0,0.0,-2.6270000000000024,0.0,0.0,1.424,0.0,0.0,-0.23250174,0.0,0.0,-3.9325017399999993,0.0,0.0
LEU 172,L LEU  22,0.0,0.0,0.0,-1.2270000000000003,0.0,0.0,-0.2849999999999966,0.0,0.0,0.629,0.0,0.0,-0.048687860000000006,0.0,0.0,-0.9316878600000005,0.0,0.0
ARG 173,L ARG  23,0.0,0.0,0.0,-5.679999999999999,0.0,0.0,-33.847,0.0,0.0,36.741,0.0,0.0,-0.58751174,0.0,0.0,-3.3735117400000263,0.0,0.0
ALA 174,L ALA  24,0.0,0.0,0.0,-3.6180000000000003,0.0,0.0,-2.2190000000000083,0.0,0.0,3.487,0.0,0.0,-0.44155114,0.0,0.0,-2.7915511400000033,0.0,0.0
GLU 175,L GLU  25,0.0,0.0,0.0,-1.3529999999999998,0.0,0.0,-9.227999999999994,0.0,0.0,10.247,0.0,0.0,-0.22130402000000005,0.0,0.0,-0.555304019999987,0.0,0.0
GLN 176,L GLN  26,0.0,0.0,0.0,-2.338,0.0,0.0,-3.195999999999998,0.0,0.0,5.007,0.0,0.0,-0.39690118,0.0,0.0,-0.9239011799999872,0.0,0.0
ALA 177,L ALA  27,0.0,0.0,0.0,-0.23300000000000054,0.0,0.0,0.5429999999999922,0.0,0.0,-0.3719999999999999,0.0,0.0,-0.0035934599999999997,0.0,0.0,-0.0655934600000121,0.0,0.0
SER 178,L SER  28,0.0,0.0,0.0,-0.052999999999999936,0.0,0.0,-0.35600000000000165,0.0,0.0,0.4320000000000004,0.0,0.0,0.0,0.0,0.0,0.02299999999999436,0.0,0.0
GLN 179,L GLN  29,0.0,0.0,0.0,-0.05600000000000005,0.0,0.0,-0.0660000000000025,0.0,0.0,0.23399999999999999,0.0,0.0,0.0,0.0,0.0,0.11199999999999477,0.0,0.0
GLU 180,L GLU  30,0.0,0.0,0.0,-0.017999999999999794,0.0,0.0,8.96,0.0,0.0,-8.891000000000005,0.0,0.0,0.0,0.0,0.0,0.05099999999999483,0.0,0.0
VAL 181,L VAL  31,0.0,0.0,0.0,-0.16600000000000037,0.0,0.0,-0.11299999999999955,0.0,0.0,0.2270000000000003,0.0,0.0,-0.018915799999999983,0.0,0.0,-0.07091579999999631,0.0,0.0
LYS 182,L LYS  32,0.0,0.0,0.0,-0.16499999999999915,0.0,0.0,-13.908000000000001,0.0,0.0,14.454999999999998,0.0,0.0,0.0,0.0,0.0,0.3819999999999908,0.0,0.0
ASN 183,L ASN  33,0.0,0.0,0.0,-0.020999999999999908,0.0,0.0,-0.25199999999999534,0.0,0.0,0.3100000000000023,0.0,0.0,0.0,0.0,0.0,0.03700000000000614,0.0,0.0
TRP 184,L TRP  34,0.0,0.0,0.0,-0.08800000000000097,0.0,0.0,0.031999999999996476,0.0,0.0,0.06400000000000006,0.0,0.0,0.0,0.0,0.0,0.008000000000002672,0.0,0.0
MET 185,L MET  35,0.0,0.0,0.0,-0.7519999999999989,0.0,0.0,0.05500000000000682,0.0,0.0,0.14900000000000002,0.0,0.0,-0.052097040000000004,0.0,0.0,-0.6000970399999885,0.0,0.0
THR 186,L THR  36,0.0,0.0,0.0,-0.0519999999999996,0.0,0.0,-0.20700000000000074,0.0,0.0,0.2320000000000011,0.0,0.0,0.0,0.0,0.0,-0.027000000000001023,0.0,0.0
GLU 187,L GLU  37,0.0,0.0,0.0,-0.011999999999999567,0.0,0.0,8.353000000000002,0.0,0.0,-8.311999999999998,0.0,0.0,0.0,0.0,0.0,0.029000000000003467,0.0,0.0
THR 188,L THR  38,0.0,0.0,0.0,-0.027000000000000135,0.0,0.0,0.0,0.0,0.0,0.05500000000000005,0.0,0.0,0.0,0.0,0.0,0.027999999999998693,0.0,0.0
LEU 189,L LEU  39,0.0,0.0,0.0,-1.0970000000000013,0.0,0.0,0.012000000000000455,0.0,0.0,0.07599999999999996,0.0,0.0,-0.0200269,0.0,0.0,-1.0290268999999999,0.0,0.0
LEU 190,L LEU  40,0.0,0.0,0.0,-0.07000000000000028,0.0,0.0,0.08599999999999852,0.0,0.0,-0.06700000000000006,0.0,0.0,0.0,0.0,0.0,-0.05099999999999483,0.0,0.0
VAL 191,L VAL  41,0.0,0.0,0.0,-0.010000000000000675,0.0,0.0,0.021999999999998465,0.0,0.0,-0.006999999999999895,0.0,0.0,0.0,0.0,0.0,0.004999999999993676,0.0,0.0
GLN 192,L GLN  42,0.0,0.0,0.0,-0.0129999999999999,0.0,0.0,-0.16500000000000625,0.0,0.0,0.19700000000000006,0.0,0.0,0.0,0.0,0.0,0.01899999999999835,0.0,0.0
ASN 193,L ASN  43,0.0,0.0,0.0,-0.09399999999999942,0.0,0.0,-1.0109999999999957,0.0,0.0,1.021,0.0,0.0,0.0,0.0,0.0,-0.08400000000000318,0.0,0.0
ALA 194,L ALA  44,0.0,0.0,0.0,-0.008000000000000895,0.0,0.0,-0.06300000000000239,0.0,0.0,0.07499999999999998,0.0,0.0,0.0,0.0,0.0,0.004000000000002002,0.0,0.0
ASN 195,L ASN  45,0.0,0.0,0.0,-0.004999999999999893,0.0,0.0,-0.010000000000005116,0.0,0.0,0.02400000000000002,0.0,0.0,0.0,0.0,0.0,0.009000000000000341,0.0,0.0
PRO 196,L PRO  46,0.0,0.0,0.0,-0.0019999999999997797,0.0,0.0,-0.01899999999999835,0.0,0.0,0.017999999999999794,0.0,0.0,0.0,0.0,0.0,-0.0029999999999930083,0.0,0.0
ASP 197,L ASP  47,0.0,0.0,0.0,-0.001000000000000334,0.0,0.0,7.676000000000002,0.0,0.0,-7.668999999999997,0.0,0.0,0.0,0.0,0.0,0.006000000000000227,0.0,0.0
CYX 198,L CYX  48,0.0,0.0,0.0,-0.0019999999999997797,0.0,0.0,-0.10799999999998988,0.0,0.0,0.1120000000000001,0.0,0.0,0.0,0.0,0.0,0.002000000000000668,0.0,0.0
LYS 199,L LYS  49,0.0,0.0,0.0,-0.0039999999999995595,0.0,0.0,-8.364999999999995,0.0,0.0,8.381,0.0,0.0,0.0,0.0,0.0,0.012000000000014666,0.0,0.0
THR 200,L THR  50,0.0,0.0,0.0,-0.001000000000000334,0.0,0.0,-0.03300000000000125,0.0,0.0,0.03400000000000003,0.0,0.0,0.0,0.0,0.0,3.552713678800501e-15,0.0,0.0
ILE 201,L ILE  51,0.0,0.0,0.0,-0.0009999999999994458,0.0,0.0,-0.12599999999999767,0.0,0.0,0.127,0.0,0.0,0.0,0.0,0.0,1.0658141036401503e-14,0.0,0.0
LEU 202,L LEU  52,0.0,0.0,0.0,-0.0030000000000001137,0.0,0.0,-0.10600000000000875,0.0,0.0,0.10899999999999999,0.0,0.0,0.0,0.0,0.0,-8.881784197001252e-15,0.0,0.0
LYS 203,L LYS  53,0.0,0.0,0.0,-0.001000000000000334,0.0,0.0,-7.028000000000006,0.0,0.0,7.027999999999999,0.0,0.0,0.0,0.0,0.0,-0.0010000000000118803,0.0,0.0
ALA 204,L ALA  54,0.0,0.0,0.0,0.0,0.0,0.0,-0.08599999999999852,0.0,0.0,0.0860000000000003,0.0,0.0,0.0,0.0,0.0,1.7763568394002505e-15,0.0,0.0
LEU 205,L LEU  55,0.0,0.0,0.0,-0.001000000000000334,0.0,0.0,-0.11899999999999977,0.0,0.0,0.11899999999999977,0.0,0.0,0.0,0.0,0.0,-0.000999999999990564,0.0,0.0
GLY 206,L GLY  56,0.0,0.0,0.0,0.0,0.0,0.0,0.0759999999999934,0.0,0.0,-0.0730000000000004,0.0,0.0,0.0,0.0,0.0,0.0029999999999930083,0.0,0.0
PRO 207,L PRO  57,0.0,0.0,0.0,-0.0019999999999997797,0.0,0.0,0.13800000000000523,0.0,0.0,-0.1349999999999998,0.0,0.0,0.0,0.0,0.0,0.000999999999995893,0.0,0.0
GLY 208,L GLY  58,0.0,0.0,0.0,-0.0009999999999998899,0.0,0.0,0.06700000000000017,0.0,0.0,-0.06600000000000072,0.0,0.0,0.0,0.0,0.0,-5.329070518200751e-15,0.0,0.0
ALA 209,L ALA  59,0.0,0.0,0.0,-0.001000000000000334,0.0,0.0,0.054000000000002046,0.0,0.0,-0.04999999999999982,0.0,0.0,0.0,0.0,0.0,0.002999999999997449,0.0,0.0
THR 210,L THR  60,0.0,0.0,0.0,-0.0019999999999997797,0.0,0.0,-0.07900000000000063,0.0,0.0,0.08299999999999996,0.0,0.0,0.0,0.0,0.0,0.001999999999997115,0.0,0.0
LEU 211,L LEU  61,0.0,0.0,0.0,-0.009999999999999787,0.0,0.0,-0.1909999999999883,0.0,0.0,0.19599999999999984,0.0,0.0,0.0,0.0,0.0,-0.004999999999993676,0.0,0.0
GLU 212,L GLU  62,0.0,0.0,0.0,-0.0029999999999992255,0.0,0.0,10.496999999999993,0.0,0.0,-10.454999999999998,0.0,0.0,0.0,0.0,0.0,0.03899999999999437,0.0,0.0
GLU 213,L GLU  63,0.0,0.0,0.0,-0.0019999999999988916,0.0,0.0,8.057000000000002,0.0,0.0,-8.048999999999992,0.0,0.0,0.0,0.0,0.0,0.006000000000014438,0.0,0.0
MET 214,L MET  64,0.0,0.0,0.0,-0.005000000000000782,0.0,0.0,0.001999999999995339,0.0,0.0,0.006000000000000005,0.0,0.0,0.0,0.0,0.0,0.002999999999985903,0.0,0.0
MET 215,L MET  65,0.0,0.0,0.0,-0.006000000000000227,0.0,0.0,-0.1950000000000074,0.0,0.0,0.199,0.0,0.0,0.0,0.0,0.0,-0.002000000000006885,0.0,0.0
THR 216,L THR  66,0.0,0.0,0.0,-0.001000000000000334,0.0,0.0,-0.07000000000000028,0.0,0.0,0.07200000000000006,0.0,0.0,0.0,0.0,0.0,0.0010000000000012221,0.0,0.0
ALA 217,L ALA  67,0.0,0.0,0.0,-0.0009999999999994458,0.0,0.0,-0.09499999999999886,0.0,0.0,0.09600000000000009,0.0,0.0,0.0,0.0,0.0,1.0658141036401503e-14,0.0,0.0
CYX 218,L CYX  68,0.0,0.0,0.0,-0.0019999999999997797,0.0,0.0,0.025000000000005684,0.0,0.0,-0.02100000000000013,0.0,0.0,0.0,0.0,0.0,0.001999999999996227,0.0,0.0
GLN 219,L GLN  69,0.0,0.0,0.0,-0.002000000000000224,0.0,0.0,0.16500000000000625,0.0,0.0,-0.1609999999999996,0.0,0.0,0.0,0.0,0.0,0.0020000000000095497,0.0,0.0
GLY 220,L GLY  70,0.0,0.0,0.0,-0.0019999999999997797,0.0,0.0,0.18500000000000227,0.0,0.0,-0.17700000000000005,0.0,0.0,0.0,0.0,0.0,0.006000000000006889,0.0,0.0
VAL 221,L VAL  71,0.0,0.0,0.0,-0.0030000000000001137,0.0,0.0,9.432999999999996,0.0,0.0,-9.417000000000002,0.0,0.0,0.0,0.0,0.0,0.012999999999991019,0.0,0.0

idecomp = 1: Per-residue decomp adding 1-4 interactions to Internal.
Energy Decomposition Analysis (All units kcal/mol): Poisson Boltzmann solvent
Complex:
Total Energy Decomposition:
Residue,Internal,,,van der Waals,,,Electrostatic,,,Polar Solvation,,,Non-Polar Solv.,,,TOTAL,,
,Avg.,Std. Dev.,Std. Err. of Mean,Avg.,Std. Dev.,Std. Err. of Mean,Avg.,Std. Dev.,Std. Err. of Mean,Avg.,Std. Dev.,Std. Err. of Mean,Avg.,Std. Dev.,Std. Err. of Mean,Avg.,Std. Dev.,Std. Err. of Mean
PRO   1,101.215,0.0,0.0,-6.663,0.0,0.0,-105.197,0.0,0.0,9.172,0.0,0.0,0.0,0.0,0.0,-1.4729999999999954,0.0,0.0
ILE   2,94.206,0.0,0.0,-8.4,0.0,0.0,-67.365,0.0,0.0,-4.134,0.0,0.0,0.0,0.0,0.0,14.307000000000002,0.0,0.0
VAL   3,49.723,0.0,0.0,-5.59,0.0,0.0,-55.096,0.0,0.0,-0.614,0.0,0.0,0.0,0.0,0.0,-11.577000000000002,0.0,0.0
GLN   4,27.977,0.0,0.0,-6.604,0.0,0.0,-60.196,0.0,0.0,-12.484,0.0,0.0,0.0,0.0,0.0,-51.306999999999995,0.0,0.0
ASN   5,29.136,0.0,0.0,-5.848,0.0,0.0,-72.391,0.0,0.0,-12.816,0.0,0.0,0.0,0.0,0.0,-61.91900000000001,0.0,0.0
LEU   6,78.612,0.0,0.0,-3.306,0.0,0.0,-71.417,0.0,0.0,-6.542,0.0,0.0,0.0,0.0,0.0,-2.653000000000004,0.0,0.0
GLN   7,37.604,0.0,0.0,-5.922,0.0,0.0,-73.481,0.0,0.0,-9.293,0.0,0.0,0.0,0.0,0.0,-51.09199999999999,0.0,0.0
GLY   8,77.1,0.0,0.0,-3.62,0.0,0.0,-68.295,0.0,0.0,-4.04,0.0,0.0,0.0,0.0,0.0,1.144999999999988,0.0,0.0
GLN   9,33.961,0.0,0.0,-6.07,0.0,0.0,-75.768,0.0,0.0,-9.585,0.0,0.0,0.0,0.0,0.0,-57.462,0.0,0.0
MET  10,101.025,0.0,0.0,-7.492,0.0,0.0,-80.55,0.0,0.0,-3.362,0.0,0.0,0.0,0.0,0.0,9.621000000000004,0.0,0.0
VAL  11,47.717,0.0,0.0,-5.0,0.0,0.0,-52.938,0.0,0.0,-1.436,0.0,0.0,0.0,0.0,0.0,-11.657000000000004,0.0,0.0
HID  12,91.281,0.0,0.0,-11.114,0.0,0.0,-58.019,0.0,0.0,-4.339,0.0,0.0,0.0,0.0,0.0,17.809000000000005,0.0,0.0
GLN  13,39.0,0.0,0.0,-6.706,0.0,0.0,-77.541,0.0,0.0,-8.117,0.0,0.0,0.0,0.0,0.0,-53.364000000000004,0.0,0.0
ALA  14,95.053,0.0,0.0,-3.894,0.0,0.0,-81.244,0.0,0.0,-3.119,0.0,0.0,0.0,0.0,0.0,6.795999999999992,0.0,0.0
ILE  15,98.049,0.0,0.0,-8.056,0.0,0.0,-73.753,0.0,0.0,-3.999,0.0,0.0,0.0,0.0,0.0,12.241000000000009,0.0,0.0
SER  16,71.416,0.0,0.0,-5.35,0.0,0.0,-51.203,0.0,0.0,-7.842,0.0,0.0,0.0,0.0,0.0,7.021,0.0,0.0
PRO  17,91.361,0.0,0.0,-5.351,0.0,0.0,-61.925,0.0,0.0,-2.44,0.0,0.0,0.0,0.0,0.0,21.645000000000007,0.0,0.0
ARG  18,-177.829,0.0,0.0,-8.711,0.0,0.0,69.368,0.0,0.0,-42.506,0.0,0.0,0.0,0.0,0.0,-159.67800000000003,0.0,0.0
THR  19,43.805,0.0,0.0,-8.398,0.0,0.0,-50.86,0.0,0.0,-4.782,0.0,0.0,0.0,0.0,0.0,-20.235000000000003,0.0,0.0
LEU  20,56.492,0.0,0.0,-11.13,0.0,0.0,-56.086,0.0,0.0,-2.588,0.0,0.0,0.0,0.0,0.0,-13.312000000000005,0.0,0.0
ASN  21,28.815,0.0,0.0,-6.707,0.0,0.0,-89.356,0.0,0.0,-7.658,0.0,0.0,0.0,0.0,0.0,-74.90599999999999,0.0,0.0
ALA  22,93.201,0.0,0.0,-4.473,0.0,0.0,-82.695,0.0,0.0,-1.647,0.0,0.0,0.0,0.0,0.0,4.386000000000001,0.0,0.0
TRP  23,133.072,0.0,0.0,-19.63,0.0,0.0,-94.087,0.0,0.0,-2.352,0.0,0.0,0.0,0.0,0.0,17.003000000000004,0.0,0.0
VAL  24,63.207,0.0,0.0,-7.758,0.0,0.0,-49.441,0.0,0.0,-5.711,0.0,0.0,0.0,0.0,0.0,0.29699999999999527,0.0,0.0
LYS  25,135.348,0.0,0.0,-7.868,0.0,0.0,-98.608,0.0,0.0,-31.099,0.0,0.0,0.0,0.0,0.0,-2.226999999999986,0.0,0.0
VAL  26,62.258,0.0,0.0,-6.437,0.0,0.0,-65.49,0.0,0.0,-2.829,0.0,0.0,0.0,0.0,0.0,-12.49799999999999,0.0,0.0
VAL  27,47.497,0.0,0.0,-8.861,0.0,0.0,-46.608,0.0,0.0,-1.679,0.0,0.0,0.0,0.0,0.0,-9.651000000000002,0.0,0.0
GLU  28,97.765,0.0,0.0,-7.394,0.0,0.0,-62.397,0.0,0.0,-85.951,0.0,0.0,0.0,0.0,0.0,-57.977,0.0,0.0
GLU  29,109.512,0.0,0.0,-5.782,0.0,0.0,-71.893,0.0,0.0,-91.656,0.0,0.0,0.0,0.0,0.0,-59.819,0.0,0.0
LYS  30,121.862,0.0,0.0,-8.935,0.0,0.0,-121.772,0.0,0.0,8.55,0.0,0.0,0.0,0.0,0.0,-0.29500000000001236,0.0,0.0
ALA  31,91.925,0.0,0.0,-5.686,0.0,0.0,-85.411,0.0,0.0,2.094,0.0,0.0,0.0,0.0,0.0,2.922000000000003,0.0,0.0
PHE  32,105.726,0.0,0.0,-11.75,0.0,0.0,-76.307,0.0,0.0,-2.499,0.0,0.0,0.0,0.0,0.0,15.169999999999996,0.0,0.0
SER  33,80.942,0.0,0.0,-7.275,0.0,0.0,-57.878,0.0,0.0,-4.572,0.0,0.0,0.0,0.0,0.0,11.216999999999988,0.0,0.0
PRO  34,78.723,0.0,0.0,-7.504,0.0,0.0,-59.159,0.0,0.0,-0.279,0.0,0.0,0.0,0.0,0.0,11.780999999999995,0.0,0.0
GLU  35,106.878,0.0,0.0,-6.324,0.0,0.0,-83.333,0.0,0.0,-74.652,0.0,0.0,0.0,0.0,0.0,-57.431,0.0,0.0
VAL  36,53.927,0.0,0.0,-8.551,0.0,0.0,-55.445,0.0,0.0,-0.156,0.0,0.0,0.0,0.0,0.0,-10.225000000000003,0.0,0.0
ILE  37,96.077,0.0,0.0,-10.305,0.0,0.0,-64.213,0.0,0.0,-0.249,0.0,0.0,0.0,0.0,0.0,21.31,0.0,0.0
PRO  38,80.032,0.0,0.0,-5.696,0.0,0.0,-56.448,0.0,0.0,-2.421,0.0,0.0,0.0,0.0,0.0,15.466999999999999,0.0,0.0
MET  39,85.19,0.0,0.0,-8.997,0.0,0.0,-71.322,0.0,0.0,-2.176,0.0,0.0,0.0,0.0,0.0,2.694999999999995,0.0,0.0
PHE  40,99.215,0.0,0.0,-12.727,0.0,0.0,-83.923,0.0,0.0,-0.511,0.0,0.0,0.0,0.0,0.0,2.0539999999999976,0.0,0.0
SER  41,73.873,0.0,0.0,-6.879,0.0,0.0,-58.111,0.0,0.0,-5.025,0.0,0.0,0.0,0.0,0.0,3.8580000000000023,0.0,0.0
ALA  42,88.74,0.0,0.0,-4.952,0.0,0.0,-67.751,0.0,0.0,-4.22,0.0,0.0,0.0,0.0,0.0,11.816999999999993,0.0,0.0
LEU  43,74.702,0.0,0.0,-9.266,0.0,0.0,-76.188,0.0,0.0,-3.983,0.0,0.0,0.0,0.0,0.0,-14.73500000000001,0.0,0.0
SER  44,70.53,0.0,0.0,-7.363,0.0,0.0,-73.482,0.0,0.0,0.444,0.0,0.0,0.0,0.0,0.0,-9.870999999999997,0.0,0.0
GLU  45,104.151,0.0,0.0,-6.124,0.0,0.0,-58.317,0.0,0.0,-97.056,0.0,0.0,0.0,0.0,0.0,-57.346,0.0,0.0
GLY  46,68.626,0.0,0.0,-3.495,0.0,0.0,-68.411,0.0,0.0,0.703,0.0,0.0,0.0,0.0,0.0,-2.5770000000000013,0.0,0.0
ALA  47,98.487,0.0,0.0,-7.248,0.0,0.0,-86.571,0.0,0.0,-1.083,0.0,0.0,0.0,0.0,0.0,3.584999999999992,0.0,0.0
THR  48,54.341,0.0,0.0,-7.58,0.0,0.0,-60.245,0.0,0.0,-0.43,0.0,0.0,0.0,0.0,0.0,-13.913999999999994,0.0,0.0
PRO  49,75.165,0.0,0.0,-10.59,0.0,0.0,-57.956,0.0,0.0,0.606,0.0,0.0,0.0,0.0,0.0,7.225,0.0,0.0
GLN  50,32.188,0.0,0.0,-9.261,0.0,0.0,-71.299,0.0,0.0,-8.252,0.0,0.0,0.0,0.0,0.0,-56.624,0.0,0.0
ASP  51,90.798,0.0,0.0,-7.518,0.0,0.0,-123.99,0.0,0.0,-21.206,0.0,0.0,0.0,0.0,0.0,-61.916,0.0,0.0
LEU  52,63.532,0.0,0.0,-14.758,0.0,0.0,-69.382,0.0,0.0,0.494,0.0,0.0,0.0,0.0,0.0,-20.114000000000004,0.0,0.0
ASN  53,43.725,0.0,0.0,-7.88,0.0,0.0,-103.48,0.0,0.0,-3.168,0.0,0.0,0.0,0.0,0.0,-70.80300000000001,0.0,0.0
THR  54,52.822,0.0,0.0,-7.201,0.0,0.0,-64.324,0.0,0.0,-0.675,0.0,0.0,0.0,0.0,0.0,-19.377999999999997,0.0,0.0
MET  55,81.293,0.0,0.0,-11.895,0.0,0.0,-67.094,0.0,0.0,-0.585,0.0,0.0,0.0,0.0,0.0,1.7190000000000163,0.0,0.0
LEU  56,77.045,0.0,0.0,-9.351,0.0,0.0,-73.651,0.0,0.0,-0.343,0.0,0.0,0.0,0.0,0.0,-6.299999999999994,0.0,0.0
ASN  57,33.109,0.0,0.0,-6.444,0.0,0.0,-89.549,0.0,0.0,-9.049,0.0,0.0,0.0,0.0,0.0,-71.93299999999999,0.0,0.0
THR  58,64.021,0.0,0.0,-8.428,0.0,0.0,-60.385,0.0,0.0,-3.707,0.0,0.0,0.0,0.0,0.0,-8.498999999999995,0.0,0.0
VAL  59,42.405,0.0,0.0,-10.358,0.0,0.0,-41.921,0.0,0.0,-2.087,0.0,0.0,0.0,0.0,0.0,-11.961000000000002,0.0,0.0
ALA  60,88.887,0.0,0.0,-3.947,0.0,0.0,-65.865,0.0,0.0,-2.178,0.0,0.0,0.0,0.0,0.0,16.897000000000002,0.0,0.0
PRO  61,84.546,0.0,0.0,-4.868,0.0,0.0,-56.739,0.0,0.0,-3.324,0.0,0.0,0.0,0.0,0.0,19.615000000000016,0.0,0.0
HID  62,97.759,0.0,0.0,-7.661,0.0,0.0,-71.585,0.0,0.0,-3.846,0.0,0.0,0.0,0.0,0.0,14.667000000000005,0.0,0.0
GLN  63,35.075,0.0,0.0,-4.99,0.0,0.0,-66.976,0.0,0.0,-13.941,0.0,0.0,0.0,0.0,0.0,-50.832,0.0,0.0
ALA  64,84.986,0.0,0.0,-3.452,0.0,0.0,-68.295,0.0,0.0,-2.867,0.0,0.0,0.0,0.0,0.0,10.372000000000003,0.0,0.0
ALA  65,87.694,0.0,0.0,-4.822,0.0,0.0,-76.583,0.0,0.0,-0.17,0.0,0.0,0.0,0.0,0.0,6.1190000000000015,0.0,0.0
ALA  66,95.214,0.0,0.0,-6.154,0.0,0.0,-84.256,0.0,0.0,0.465,0.0,0.0,0.0,0.0,0.0,5.269000000000002,0.0,0.0
GLN  67,41.883,0.0,0.0,-7.213,0.0,0.0,-80.067,0.0,0.0,-7.919,0.0,0.0,0.0,0.0,0.0,-53.31599999999999,0.0,0.0
MET  68,86.728,0.0,0.0,-8.807,0.0,0.0,-75.257,0.0,0.0,-1.386,0.0,0.0,0.0,0.0,0.0,1.2779999999999874,0.0,0.0
LEU  69,85.431,0.0,0.0,-12.083,0.0,0.0,-78.864,0.0,0.0,-1.069,0.0,0.0,0.0,0.0,0.0,-6.585000000000005,0.0,0.0
LYS  70,125.619,0.0,0.0,-8.473,0.0,0.0,-114.354,0.0,0.0,-10.67,0.0,0.0,0.0,0.0,0.0,-7.877999999999998,0.0,0.0
GLU  71,110.949,0.0,0.0,-6.187,0.0,0.0,-68.877,0.0,0.0,-103.764,0.0,0.0,0.0,0.0,0.0,-67.87899999999999,0.0,0.0
THR  72,53.558,0.0,0.0,-9.581,0.0,0.0,-59.701,0.0,0.0,-1.398,0.0,0.0,0.0,0.0,0.0,-17.121999999999996,0.0,0.0
ILE  73,76.025,0.0,0.0,-10.716,0.0,0.0,-49.832,0.0,0.0,-2.32,0.0,0.0,0.0,0.0,0.0,13.15700000000001,0.0,0.0
ASN  74,32.432,0.0,0.0,-7.788,0.0,0.0,-91.445,0.0,0.0,-7.841,0.0,0.0,0.0,0.0,0.0,-74.64199999999998,0.0,0.0
GLU  75,112.105,0.0,0.0,-8.079,0.0,0.0,-50.855,0.0,0.0,-113.539,0.0,0.0,0.0,0.0,0.0,-60.36799999999999,0.0,0.0
GLU  76,96.519,0.0,0.0,-7.762,0.0,0.0,-79.661,0.0,0.0,-63.148,0.0,0.0,0.0,0.0,0.0,-54.052,0.0,0.0
ALA  77,85.065,0.0,0.0,-8.328,0.0,0.0,-71.433,0.0,0.0,-1.524,0.0,0.0,0.0,0.0,0.0,3.779999999999988,0.0,0.0
ALA  78,93.315,0.0,0.0,-5.866,0.0,0.0,-86.312,0.0,0.0,0.354,0.0,0.0,0.0,0.0,0.0,1.4910000000000005,0.0,0.0
GLU  79,109.967,0.0,0.0,-7.49,0.0,0.0,-81.823,0.0,0.0,-76.808,0.0,0.0,0.0,0.0,0.0,-56.153999999999996,0.0,0.0
TRP  80,116.649,0.0,0.0,-15.468,0.0,0.0,-88.86,0.0,0.0,-0.948,0.0,0.0,0.0,0.0,0.0,11.372999999999998,0.0,0.0
ASP  81,103.911,0.0,0.0,-8.443,0.0,0.0,-80.806,0.0,0.0,-70.407,0.0,0.0,0.0,0.0,0.0,-55.74499999999999,0.0,0.0
ARG  82,-189.882,0.0,0.0,-7.045,0.0,0.0,-3.373,0.0,0.0,31.571,0.0,0.0,0.0,0.0,0.0,-168.72899999999998,0.0,0.0
LEU  83,64.384,0.0,0.0,-5.419,0.0,0.0,-74.669,0.0,0.0,-2.821,0.0,0.0,0.0,0.0,0.0,-18.524999999999995,0.0,0.0
HID  84,110.516,0.0,0.0,-8.362,0.0,0.0,-76.826,0.0,0.0,-4.761,0.0,0.0,0.0,0.0,0.0,20.567000000000018,0.0,0.0
PRO  85,92.155,0.0,0.0,-4.7,0.0,0.0,-59.75,0.0,0.0,-7.689,0.0,0.0,0.0,0.0,0.0,20.016,0.0,0.0
VAL  86,56.944,0.0,0.0,-4.106,0.0,0.0,-56.237,0.0,0.0,-2.384,0.0,0.0,0.0,0.0,0.0,-5.783000000000001,0.0,0.0
HID  87,87.361,0.0,0.0,-7.287,0.0,0.0,-63.777,0.0,0.0,-6.715,0.0,0.0,0.0,0.0,0.0,9.581999999999997,0.0,0.0
ALA  88,94.582,0.0,0.0,-2.493,0.0,0.0,-77.09,0.0,0.0,-4.601,0.0,0.0,0.0,0.0,0.0,10.397999999999996,0.0,0.0
GLY  89,91.343,0.0,0.0,-1.078,0.0,0.0,-72.386,0.0,0.0,-8.214,0.0,0.0,0.0,0.0,0.0,9.665000000000004,0.0,0.0
PRO  90,87.242,0.0,0.0,-2.977,0.0,0.0,-59.062,0.0,0.0,-5.074,0.0,0.0,0.0,0.0,0.0,20.129000000000005,0.0,0.0
ILE  91,77.351,0.0,0.0,-3.914,0.0,0.0,-56.213,0.0,0.0,-4.941,0.0,0.0,0.0,0.0,0.0,12.282999999999998,0.0,0.0
ALA  92,95.168,0.0,0.0,-4.331,0.0,0.0,-67.505,0.0,0.0,-4.124,0.0,0.0,0.0,0.0,0.0,19.20800000000001,0.0,0.0
PRO  93,84.36,0.0,0.0,-3.866,0.0,0.0,-53.042,0.0,0.0,-8.021,0.0,0.0,0.0,0.0,0.0,19.430999999999997,0.0,0.0
GLY  94,72.86,0.0,0.0,-3.01,0.0,0.0,-65.153,0.0,0.0,-8.942,0.0,0.0,0.0,0.0,0.0,-4.245000000000012,0.0,0.0
GLN  95,32.357,0.0,0.0,-3.688,0.0,0.0,-64.502,0.0,0.0,-15.224,0.0,0.0,0.0,0.0,0.0,-51.057,0.0,0.0
MET  96,112.79,0.0,0.0,-9.416,0.0,0.0,-80.449,0.0,0.0,-5.613,0.0,0.0,0.0,0.0,0.0,17.312000000000012,0.0,0.0
ARG  97,-188.569,0.0,0.0,-7.636,0.0,0.0,-25.533,0.0,0.0,37.395,0.0,0.0,0.0,0.0,0.0,-184.343,0.0,0.0
GLU  98,100.588,0.0,0.0,-7.345,0.0,0.0,-59.586,0.0,0.0,-82.371,0.0,0.0,0.0,0.0,0.0,-48.714,0.0,0.0
PRO  99,93.958,0.0,0.0,-10.001,0.0,0.0,-62.276,0.0,0.0,-1.404,0.0,0.0,0.0,0.0,0.0,20.27699999999999,0.0,0.0
ARG 100,-183.474,0.0,0.0,-7.278,0.0,0.0,-30.134,0.0,0.0,47.197,0.0,0.0,0.0,0.0,0.0,-173.68899999999996,0.0,0.0
GLY 101,78.026,0.0,0.0,-6.256,0.0,0.0,-81.66,0.0,0.0,2.174,0.0,0.0,0.0,0.0,0.0,-7.716000000000001,0.0,0.0
SER 102,66.605,0.0,0.0,-5.033,0.0,0.0,-63.214,0.0,0.0,-1.133,0.0,0.0,0.0,0.0,0.0,-2.774999999999996,0.0,0.0
ASP 103,95.803,0.0,0.0,-8.182,0.0,0.0,-91.18,0.0,0.0,-45.842,0.0,0.0,0.0,0.0,0.0,-49.40100000000001,0.0,0.0
ILE 104,78.366,0.0,0.0,-10.967,0.0,0.0,-59.78,0.0,0.0,1.239,0.0,0.0,0.0,0.0,0.0,8.858,0.0,0.0
ALA 105,88.661,0.0,0.0,-6.593,0.0,0.0,-80.021,0.0,0.0,0.635,0.0,0.0,0.0,0.0,0.0,2.681999999999997,0.0,0.0
GLY 106,90.053,0.0,0.0,-4.973,0.0,0.0,-88.391,0.0,0.0,-2.214,0.0,0.0,0.0,0.0,0.0,-5.5250000000000075,0.0,0.0
THR 107,51.656,0.0,0.0,-5.202,0.0,0.0,-56.045,0.0,0.0,-6.366,0.0,0.0,0.0,0.0,0.0,-15.957,0.0,0.0
THR 108,38.106,0.0,0.0,-2.696,0.0,0.0,-53.996,0.0,0.0,-3.271,0.0,0.0,0.0,0.0,0.0,-21.857,0.0,0.0
SER 109,72.997,0.0,0.0,-7.371,0.0,0.0,-64.144,0.0,0.0,-0.061,0.0,0.0,0.0,0.0,0.0,1.4209999999999994,0.0,0.0
THR 110,37.569,0.0,0.0,-4.543,0.0,0.0,-38.842,0.0,0.0,-7.481,0.0,0.0,0.0,0.0,0.0,-13.296999999999995,0.0,0.0
LEU 111,63.014,0.0,0.0,-9.147,0.0,0.0,-64.372,0.0,0.0,-3.296,0.0,0.0,0.0,0.0,0.0,-13.800999999999995,0.0,0.0
GLN 112,39.159,0.0,0.0,-7.505,0.0,0.0,-77.022,0.0,0.0,-9.853,0.0,0.0,0.0,0.0,0.0,-55.22100000000001,0.0,0.0
GLU 113,101.866,0.0,0.0,-8.301,0.0,0.0,-97.514,0.0,0.0,-54.422,0.0,0.0,0.0,0.0,0.0,-58.370999999999995,0.0,0.0
GLN 114,38.539,0.0,0.0,-13.138,0.0,0.0,-88.206,0.0,0.0,0.913,0.0,0.0,0.0,0.0,0.0,-61.892,0.0,0.0
ILE 115,88.042,0.0,0.0,-8.61,0.0,0.0,-69.912,0.0,0.0,-1.601,0.0,0.0,0.0,0.0,0.0,7.918999999999996,0.0,0.0
GLY 116,75.971,0.0,0.0,-5.816,0.0,0.0,-72.726,0.0,0.0,-1.885,0.0,0.0,0.0,0.0,0.0,-4.455999999999998,0.0,0.0
TRP 117,118.541,0.0,0.0,-19.247,0.0,0.0,-90.847,0.0,0.0,-0.853,0.0,0.0,0.0,0.0,0.0,7.594000000000003,0.0,0.0
MET 118,98.131,0.0,0.0,-10.15,0.0,0.0,-82.745,0.0,0.0,-4.174,0.0,0.0,0.0,0.0,0.0,1.0619999999999896,0.0,0.0
THR 119,41.957,0.0,0.0,-3.752,0.0,0.0,-49.175,0.0,0.0,-5.274,0.0,0.0,0.0,0.0,0.0,-16.244,0.0,0.0
HID 120,93.559,0.0,0.0,-11.343,0.0,0.0,-63.129,0.0,0.0,-3.761,0.0,0.0,0.0,0.0,0.0,15.325999999999997,0.0,0.0
ASN 121,46.657,0.0,0.0,-3.876,0.0,0.0,-83.73,0.0,0.0,-11.533,0.0,0.0,0.0,0.0,0.0,-52.482000000000006,0.0,0.0
PRO 122,94.85,0.0,0.0,-4.661,0.0,0.0,-60.138,0.0,0.0,-2.029,0.0,0.0,0.0,0.0,0.0,28.021999999999995,0.0,0.0
PRO 123,83.019,0.0,0.0,-6.817,0.0,0.0,-58.304,0.0,0.0,-3.736,0.0,0.0,0.0,0.0,0.0,14.161999999999995,0.0,0.0
ILE 124,97.374,0.0,0.0,-8.091,0.0,0.0,-63.894,0.0,0.0,-0.826,0.0,0.0,0.0,0.0,0.0,24.563000000000002,0.0,0.0
PRO 125,87.631,0.0,0.0,-3.937,0.0,0.0,-62.989,0.0,0.0,-0.811,0.0,0.0,0.0,0.0,0.0,19.894000000000005,0.0,0.0
VAL 126,46.642,0.0,0.0,-9.135,0.0,0.0,-48.823,0.0,0.0,-0.205,0.0,0.0,0.0,0.0,0.0,-11.520999999999995,0.0,0.0
GLY 127,74.117,0.0,0.0,-5.48,0.0,0.0,-72.561,0.0,0.0,-1.518,0.0,0.0,0.0,0.0,0.0,-5.442000000000006,0.0,0.0
GLU 128,105.073,0.0,0.0,-4.997,0.0,0.0,-83.898,0.0,0.0,-76.048,0.0,0.0,0.0,0.0,0.0,-59.870000000000005,0.0,0.0
ILE 129,81.742,0.0,0.0,-9.11,0.0,0.0,-65.652,0.0,0.0,0.079,0.0,0.0,0.0,0.0,0.0,7.059000000000004,0.0,0.0
TYR 130,100.293,0.0,0.0,-15.193,0.0,0.0,-87.956,0.0,0.0,0.221,0.0,0.0,0.0,0.0,0.0,-2.6349999999999945,0.0,0.0
LYS 131,141.156,0.0,0.0,-11.823,0.0,0.0,-173.708,0.0,0.0,40.019,0.0,0.0,0.0,0.0,0.0,-4.356000000000002,0.0,0.0
ARG 132,-183.704,0.0,0.0,-8.504,0.0,0.0,-7.402,0.0,0.0,24.582,0.0,0.0,0.0,0.0,0.0,-175.028,0.0,0.0
TRP 133,130.78,0.0,0.0,-20.305,0.0,0.0,-92.264,0.0,0.0,-0.953,0.0,0.0,0.0,0.0,0.0,17.258,0.0,0.0
ILE 134,88.599,0.0,0.0,-10.941,0.0,0.0,-70.93,0.0,0.0,0.299,0.0,0.0,0.0,0.0,0.0,7.026999999999995,0.0,0.0
ILE 135,80.881,0.0,0.0,-9.866,0.0,0.0,-62.768,0.0,0.0,0.307,0.0,0.0,0.0,0.0,0.0,8.554,0.0,0.0
LEU 136,73.342,0.0,0.0,-7.828,0.0,0.0,-80.762,0.0,0.0,1.107,0.0,0.0,0.0,0.0,0.0,-14.141000000000005,0.0,0.0
GLY 137,81.203,0.0,0.0,-6.446,0.0,0.0,-78.439,0.0,0.0,0.809,0.0,0.0,0.0,0.0,0.0,-2.872999999999988,0.0,0.0
LEU 138,59.934,0.0,0.0,-10.899,0.0,0.0,-64.268,0.0,0.0,-0.675,0.0,0.0,0.0,0.0,0.0,-15.908000000000005,0.0,0.0
ASN 139,44.188,0.0,0.0,-7.945,0.0,0.0,-89.797,0.0,0.0,-7.333,0.0,0.0,0.0,0.0,0.0,-60.88699999999999,0.0,0.0
LYS 140,132.811,0.0,0.0,-8.037,0.0,0.0,-139.647,0.0,0.0,9.561,0.0,0.0,0.0,0.0,0.0,-5.3119999999999905,0.0,0.0
ILE 141,94.232,0.0,0.0,-10.902,0.0,0.0,-77.979,0.0,0.0,-0.365,0.0,0.0,0.0,0.0,0.0,4.985999999999999,0.0,0.0
VAL 142,64.905,0.0,0.0,-11.437,0.0,0.0,-59.812,0.0,0.0,-1.126,0.0,0.0,0.0,0.0,0.0,-7.4699999999999935,0.0,0.0
ARG 143,-197.411,0.0,0.0,-8.91,0.0,0.0,36.68,0.0,0.0,6.293,0.0,0.0,0.0,0.0,0.0,-163.34799999999998,0.0,0.0
MET 144,95.885,0.0,0.0,-6.849,0.0,0.0,-78.328,0.0,0.0,-5.906,0.0,0.0,0.0,0.0,0.0,4.801999999999999,0.0,0.0
TYR 145,93.031,0.0,0.0,-13.144,0.0,0.0,-86.085,0.0,0.0,-3.73,0.0,0.0,0.0,0.0,0.0,-9.927999999999994,0.0,0.0
SER 146,79.772,0.0,0.0,-7.381,0.0,0.0,-57.42,0.0,0.0,-3.379,0.0,0.0,0.0,0.0,0.0,11.592000000000004,0.0,0.0
PRO 147,86.485,0.0,0.0,-5.193,0.0,0.0,-64.218,0.0,0.0,-1.429,0.0,0.0,0.0,0.0,0.0,15.644999999999998,0.0,0.0
THR 148,47.439,0.0,0.0,-6.82,0.0,0.0,-49.701,0.0,0.0,-2.576,0.0,0.0,0.0,0.0,0.0,-11.658000000000001,0.0,0.0
SER 149,59.779,0.0,0.0,-5.586,0.0,0.0,-62.085,0.0,0.0,3.655,0.0,0.0,0.0,0.0,0.0,-4.2369999999999965,0.0,0.0
ILE 150,76.821,0.0,0.0,-11.428,0.0,0.0,-56.141,0.0,0.0,1.235,0.0,0.0,0.0,0.0,0.0,10.487000000000002,0.0,0.0
LEU 151,59.548,0.0,0.0,-6.581,0.0,0.0,-67.505,0.0,0.0,-0.36,0.0,0.0,0.0,0.0,0.0,-14.897999999999996,0.0,0.0
ASP 152,95.933,0.0,0.0,-6.894,0.0,0.0,-68.262,0.0,0.0,-82.416,0.0,0.0,0.0,0.0,0.0,-61.638999999999996,0.0,0.0
ILE 153,96.045,0.0,0.0,-9.583,0.0,0.0,-70.119,0.0,0.0,-0.959,0.0,0.0,0.0,0.0,0.0,15.384000000000004,0.0,0.0
ARG 154,-194.599,0.0,0.0,-7.974,0.0,0.0,35.009,0.0,0.0,-1.194,0.0,0.0,0.0,0.0,0.0,-168.75799999999995,0.0,0.0
GLN 155,32.291,0.0,0.0,-13.397,0.0,0.0,-87.389,0.0,0.0,-2.552,0.0,0.0,0.0,0.0,0.0,-71.04700000000001,0.0,0.0
GLY 156,89.025,0.0,0.0,-3.452,0.0,0.0,-73.048,0.0,0.0,-3.894,0.0,0.0,0.0,0.0,0.0,8.631000000000006,0.0,0.0
PRO 157,89.299,0.0,0.0,-3.771,0.0,0.0,-54.402,0.0,0.0,-7.525,0.0,0.0,0.0,0.0,0.0,23.601000000000006,0.0,0.0
LYS 158,120.875,0.0,0.0,-3.953,0.0,0.0,-83.663,0.0,0.0,-36.344,0.0,0.0,0.0,0.0,0.0,-3.085000000000001,0.0,0.0
GLU 159,113.862,0.0,0.0,-9.32,0.0,0.0,-108.271,0.0,0.0,-38.869,0.0,0.0,0.0,0.0,0.0,-42.598,0.0,0.0
PRO 160,78.958,0.0,0.0,-7.66,0.0,0.0,-55.496,0.0,0.0,-1.441,0.0,0.0,0.0,0.0,0.0,14.360999999999999,0.0,0.0
PHE 161,108.776,0.0,0.0,-15.5,0.0,0.0,-75.494,0.0,0.0,-1.377,0.0,0.0,0.0,0.0,0.0,16.404999999999998,0.0,0.0
ARG 162,-190.367,0.0,0.0,-8.848,0.0,0.0,8.221,0.0,0.0,27.201,0.0,0.0,0.0,0.0,0.0,-163.793,0.0,0.0
ASP 163,88.876,0.0,0.0,-8.717,0.0,0.0,-81.048,0.0,0.0,-71.154,0.0,0.0,0.0,0.0,0.0,-72.04299999999999,0.0,0.0
TYR 164,103.751,0.0,0.0,-19.643,0.0,0.0,-95.337,0.0,0.0,0.864,0.0,0.0,0.0,0.0,0.0,-10.364999999999998,0.0,0.0
VAL 165,49.425,0.0,0.0,-8.805,0.0,0.0,-56.036,0.0,0.0,0.843,0.0,0.0,0.0,0.0,0.0,-14.573000000000004,0.0,0.0
ASP 166,115.795,0.0,0.0,-6.385,0.0,0.0,-109.453,0.0,0.0,-59.04,0.0,0.0,0.0,0.0,0.0,-59.083000000000006,0.0,0.0
ARG 167,-194.569,0.0,0.0,-10.305,0.0,0.0,8.887,0.0,0.0,18.566,0.0,0.0,0.0,0.0,0.0,-177.421,0.0,0.0
PHE 168,95.315,0.0,0.0,-13.078,0.0,0.0,-82.868,0.0,0.0,0.772,0.0,0.0,0.0,0.0,0.0,0.1409999999999998,0.0,0.0
TYR 169,100.603,0.0,0.0,-9.977,0.0,0.0,-89.406,0.0,0.0,-3.83,0.0,0.0,0.0,0.0,0.0,-2.6100000000000154,0.0,0.0
LYS 170,134.877,0.0,0.0,-10.864,0.0,0.0,-158.089,0.0,0.0,17.927,0.0,0.0,0.0,0.0,0.0,-16.148999999999994,0.0,0.0
THR 171,46.792,0.0,0.0,-8.063,0.0,0.0,-58.301,0.0,0.0,-1.57,0.0,0.0,0.0,0.0,0.0,-21.142000000000003,0.0,0.0
LEU 172,78.648,0.0,0.0,-8.852,0.0,0.0,-66.928,0.0,0.0,-0.955,0.0,0.0,0.0,0.0,0.0,1.912999999999995,0.0,0.0
ARG 173,-196.492,0.0,0.0,-12.245,0.0,0.0,37.493,0.0,0.0,3.213,0.0,0.0,0.0,0.0,0.0,-168.031,0.0,0.0
ALA 174,86.612,0.0,0.0,-7.565,0.0,0.0,-80.183,0.0,0.0,-1.971,0.0,0.0,0.0,0.0,0.0,-3.10700000000001,0.0,0.0
GLU 175,105.209,0.0,0.0,-5.553,0.0,0.0,-75.035,0.0,0.0,-86.589,0.0,0.0,0.0,0.0,0.0,-61.96799999999999,0.0,0.0
GLN 176,29.246,0.0,0.0,-3.719,0.0,0.0,-69.044,0.0,0.0,-7.179,0.0,0.0,0.0,0.0,0.0,-50.696,0.0,0.0
ALA 177,98.011,0.0,0.0,-6.075,0.0,0.0,-87.513,0.0,0.0,-0.674,0.0,0.0,0.0,0.0,0.0,3.7489999999999877,0.0,0.0
SER 178,67.222,0.0,0.0,-4.981,0.0,0.0,-58.36,0.0,0.0,-9.012,0.0,0.0,0.0,0.0,0.0,-5.131000000000007,0.0,0.0
GLN 179,30.583,0.0,0.0,-5.808,0.0,0.0,-73.349,0.0,0.0,-8.92,0.0,0.0,0.0,0.0,0.0,-57.49400000000001,0.0,0.0
GLU 180,113.407,0.0,0.0,-5.978,0.0,0.0,-61.757,0.0,0.0,-107.445,0.0,0.0,0.0,0.0,0.0,-61.77299999999999,0.0,0.0
VAL 181,62.539,0.0,0.0,-5.702,0.0,0.0,-58.313,0.0,0.0,-3.757,0.0,0.0,0.0,0.0,0.0,-5.232999999999999,0.0,0.0
LYS 182,123.683,0.0,0.0,-11.665,0.0,0.0,-115.742,0.0,0.0,0.949,0.0,0.0,0.0,0.0,0.0,-2.775000000000004,0.0,0.0
ASN 183,30.78,0.0,0.0,-6.774,0.0,0.0,-75.847,0.0,0.0,-16.171,0.0,0.0,0.0,0.0,0.0,-68.012,0.0,0.0
TRP 184,130.427,0.0,0.0,-10.506,0.0,0.0,-95.065,0.0,0.0,-4.392,0.0,0.0,0.0,0.0,0.0,20.463999999999995,0.0,0.0
MET 185,101.539,0.0,0.0,-12.398,0.0,0.0,-86.461,0.0,0.0,-0.52,0.0,0.0,0.0,0.0,0.0,2.160000000000007,0.0,0.0
THR 186,36.964,0.0,0.0,-8.759,0.0,0.0,-42.521,0.0,0.0,-6.786,0.0,0.0,0.0,0.0,0.0,-21.102000000000004,0.0,0.0
GLU 187,98.07,0.0,0.0,-6.359,0.0,0.0,-36.692,0.0,0.0,-114.771,0.0,0.0,0.0,0.0,0.0,-59.752,0.0,0.0
THR 188,45.077,0.0,0.0,-5.464,0.0,0.0,-50.035,0.0,0.0,0.715,0.0,0.0,0.0,0.0,0.0,-9.706999999999997,0.0,0.0
LEU 189,69.387,0.0,0.0,-10.643,0.0,0.0,-67.406,0.0,0.0,1.283,0.0,0.0,0.0,0.0,0.0,-7.379000000000007,0.0,0.0
LEU 190,91.164,0.0,0.0,-11.597,0.0,0.0,-89.811,0.0,0.0,2.08,0.0,0.0,0.0,0.0,0.0,-8.164,0.0,0.0
VAL 191,55.186,0.0,0.0,-7.703,0.0,0.0,-54.93,0.0,0.0,1.941,0.0,0.0,0.0,0.0,0.0,-5.506000000000003,0.0,0.0
GLN 192,17.608,0.0,0.0,-7.735,0.0,0.0,-67.614,0.0,0.0,-2.621,0.0,0.0,0.0,0.0,0.0,-60.362,0.0,0.0
ASN 193,18.049,0.0,0.0,-8.366,0.0,0.0,-84.57,0.0,0.0,-1.095,0.0,0.0,0.0,0.0,0.0,-75.982,0.0,0.0
ALA 194,92.796,0.0,0.0,-8.255,0.0,0.0,-82.549,0.0,0.0,1.213,0.0,0.0,0.0,0.0,0.0,3.2050000000000045,0.0,0.0
ASN 195,35.078,0.0,0.0,-6.773,0.0,0.0,-84.956,0.0,0.0,-5.097,0.0,0.0,0.0,0.0,0.0,-61.748,0.0,0.0
PRO 196,87.071,0.0,0.0,-4.803,0.0,0.0,-58.789,0.0,0.0,-0.66,0.0,0.0,0.0,0.0,0.0,22.819,0.0,0.0
ASP 197,90.067,0.0,0.0,-6.218,0.0,0.0,-72.014,0.0,0.0,-76.632,0.0,0.0,0.0,0.0,0.0,-64.79700000000001,0.0,0.0
CYX 198,100.323,0.0,0.0,-7.12,0.0,0.0,-78.535,0.0,0.0,-3.451,0.0,0.0,0.0,0.0,0.0,11.216999999999992,0.0,0.0
LYS 199,138.309,0.0,0.0,-8.696,0.0,0.0,-126.448,0.0,0.0,-10.51,0.0,0.0,0.0,0.0,0.0,-7.3449999999999935,0.0,0.0
THR 200,52.133,0.0,0.0,-6.751,0.0,0.0,-68.673,0.0,0.0,-0.581,0.0,0.0,0.0,0.0,0.0,-23.871999999999996,0.0,0.0
ILE 201,80.239,0.0,0.0,-7.85,0.0,0.0,-55.547,0.0,0.0,-0.459,0.0,0.0,0.0,0.0,0.0,16.383000000000013,0.0,0.0
LEU 202,84.049,0.0,0.0,-12.047,0.0,0.0,-71.302,0.0,0.0,-3.121,0.0,0.0,0.0,0.0,0.0,-2.420999999999997,0.0,0.0
LYS 203,116.749,0.0,0.0,-6.367,0.0,0.0,-94.105,0.0,0.0,-24.975,0.0,0.0,0.0,0.0,0.0,-8.698000000000015,0.0,0.0
ALA 204,86.074,0.0,0.0,-4.047,0.0,0.0,-74.69,0.0,0.0,-4.402,0.0,0.0,0.0,0.0,0.0,2.935000000000003,0.0,0.0
LEU 205,74.19,0.0,0.0,-7.368,0.0,0.0,-73.881,0.0,0.0,-4.086,0.0,0.0,0.0,0.0,0.0,-11.144999999999998,0.0,0.0
GLY 206,89.476,0.0,0.0,-3.395,0.0,0.0,-73.534,0.0,0.0,-6.071,0.0,0.0,0.0,0.0,0.0,6.475999999999997,0.0,0.0
PRO 207,77.399,0.0,0.0,-2.76,0.0,0.0,-51.221,0.0,0.0,-7.537,0.0,0.0,0.0,0.0,0.0,15.881,0.0,0.0
GLY 208,69.11,0.0,0.0,-1.873,0.0,0.0,-63.424,0.0,0.0,-7.791,0.0,0.0,0.0,0.0,0.0,-3.978000000000005,0.0,0.0
ALA 209,99.566,0.0,0.0,-4.607,0.0,0.0,-88.375,0.0,0.0,-3.431,0.0,0.0,0.0,0.0,0.0,3.153000000000003,0.0,0.0
THR 210,53.276,0.0,0.0,-6.762,0.0,0.0,-59.841,0.0,0.0,-0.021,0.0,0.0,0.0,0.0,0.0,-13.347999999999999,0.0,0.0
LEU 211,62.526,0.0,0.0,-6.127,0.0,0.0,-71.32,0.0,0.0,-0.878,0.0,0.0,0.0,0.0,0.0,-15.798999999999992,0.0,0.0
GLU 212,104.573,0.0,0.0,-5.366,0.0,0.0,-62.011,0.0,0.0,-101.828,0.0,0.0,0.0,0.0,0.0,-64.632,0.0,0.0
GLU 213,102.047,0.0,0.0,-9.071,0.0,0.0,-45.272,0.0,0.0,-108.892,0.0,0.0,0.0,0.0,0.0,-61.187999999999995,0.0,0.0
MET 214,96.545,0.0,0.0,-12.695,0.0,0.0,-78.491,0.0,0.0,1.715,0.0,0.0,0.0,0.0,0.0,7.0739999999999945,0.0,0.0
MET 215,104.347,0.0,0.0,-11.171,0.0,0.0,-88.558,0.0,0.0,0.232,0.0,0.0,0.0,0.0,0.0,4.849999999999981,0.0,0.0
THR 216,40.881,0.0,0.0,-5.538,0.0,0.0,-52.787,0.0,0.0,-1.831,0.0,0.0,0.0,0.0,0.0,-19.274999999999995,0.0,0.0
ALA 217,75.826,0.0,0.0,-5.02,0.0,0.0,-67.617,0.0,0.0,-0.877,0.0,0.0,0.0,0.0,0.0,2.311999999999993,0.0,0.0
CYX 218,96.52,0.0,0.0,-7.293,0.0,0.0,-82.475,0.0,0.0,-0.344,0.0,0.0,0.0,0.0,0.0,6.407999999999995,0.0,0.0
GLN 219,34.639,0.0,0.0,-3.962,0.0,0.0,-75.976,0.0,0.0,-8.49,0.0,0.0,0.0,0.0,0.0,-53.788999999999994,0.0,0.0
GLY 220,94.798,0.0,0.0,-4.184,0.0,0.0,-85.449,0.0,0.0,-0.18,0.0,0.0,0.0,0.0,0.0,4.9850000000000065,0.0,0.0
VAL 221,40.698,0.0,0.0,-4.143,0.0,0.0,-23.849,0.0,0.0,-113.6,0.0,0.0,0.0,0.0,0.0,-100.89399999999999,0.0,0.0

Receptor:
Total Energy Decomposition:
Residue,Internal,,,van der Waals,,,Electrostatic,,,Polar Solvation,,,Non-Polar Solv.,,,TOTAL,,
,Avg.,Std. Dev.,Std. Err. of Mean,Avg.,Std. Dev.,Std. Err. of Mean,Avg.,Std. Dev.,Std. Err. of Mean,Avg.,Std. Dev.,Std. Err. of Mean,Avg.,Std. Dev.,Std. Err. of Mean,Avg.,Std. Dev.,Std. Err. of Mean
PRO   1,101.215,0.0,0.0,-6.663,0.0,0.0,-99.704,0.0,0.0,3.725,0.0,0.0,0.0,0.0,0.0,-1.4269999999999867,0.0,0.0
ILE   2,94.206,0.0,0.0,-8.4,0.0,0.0,-67.407,0.0,0.0,-4.091,0.0,0.0,0.0,0.0,0.0,14.308,0.0,0.0
VAL   3,49.723,0.0,0.0,-5.59,0.0,0.0,-55.079,0.0,0.0,-0.631,0.0,0.0,0.0,0.0,0.0,-11.577000000000005,0.0,0.0
GLN   4,27.977,0.0,0.0,-6.604,0.0,0.0,-60.273,0.0,0.0,-12.408,0.0,0.0,0.0,0.0,0.0,-51.30800000000001,0.0,0.0
ASN   5,29.136,0.0,0.0,-5.848,0.0,0.0,-72.461,0.0,0.0,-12.747,0.0,0.0,0.0,0.0,0.0,-61.92,0.0,0.0
LEU   6,78.612,0.0,0.0,-3.306,0.0,0.0,-71.436,0.0,0.0,-6.522,0.0,0.0,0.0,0.0,0.0,-2.65200000000001,0.0,0.0
GLN   7,37.604,0.0,0.0,-5.922,0.0,0.0,-73.521,0.0,0.0,-9.254,0.0,0.0,0.0,0.0,0.0,-51.092999999999996,0.0,0.0
GLY   8,77.1,0.0,0.0,-3.62,0.0,0.0,-68.283,0.0,0.0,-4.052,0.0,0.0,0.0,0.0,0.0,1.144999999999989,0.0,0.0
GLN   9,33.961,0.0,0.0,-6.069,0.0,0.0,-75.8,0.0,0.0,-9.553,0.0,0.0,0.0,0.0,0.0,-57.461,0.0,0.0
MET  10,101.025,0.0,0.0,-7.492,0.0,0.0,-80.515,0.0,0.0,-3.397,0.0,0.0,0.0,0.0,0.0,9.621,0.0,0.0
VAL  11,47.717,0.0,0.0,-5.0,0.0,0.0,-52.973,0.0,0.0,-1.402,0.0,0.0,0.0,0.0,0.0,-11.658,0.0,0.0
HID  12,91.281,0.0,0.0,-11.114,0.0,0.0,-57.971,0.0,0.0,-4.386,0.0,0.0,0.0,0.0,0.0,17.810000000000006,0.0,0.0
GLN  13,39.0,0.0,0.0,-6.706,0.0,0.0,-77.6,0.0,0.0,-8.057,0.0,0.0,0.0,0.0,0.0,-53.363,0.0,0.0
ALA  14,95.053,0.0,0.0,-3.894,0.0,0.0,-81.267,0.0,0.0,-3.097,0.0,0.0,0.0,0.0,0.0,6.794999999999996,0.0,0.0
ILE  15,98.049,0.0,0.0,-8.056,0.0,0.0,-73.707,0.0,0.0,-4.044,0.0,0.0,0.0,0.0,0.0,12.242000000000015,0.0,0.0
SER  16,71.416,0.0,0.0,-5.349,0.0,0.0,-51.188,0.0,0.0,-7.855,0.0,0.0,0.0,0.0,0.0,7.02399999999999,0.0,0.0
PRO  17,91.361,0.0,0.0,-5.35,0.0,0.0,-61.913,0.0,0.0,-2.45,0.0,0.0,0.0,0.0,0.0,21.648000000000014,0.0,0.0
ARG  18,-177.829,0.0,0.0,-8.71,0.0,0.0,75.005,0.0,0.0,-48.107,0.0,0.0,0.0,0.0,0.0,-159.64100000000002,0.0,0.0
THR  19,43.805,0.0,0.0,-8.397,0.0,0.0,-50.815,0.0,0.0,-4.825,0.0,0.0,0.0,0.0,0.0,-20.231999999999996,0.0,0.0
LEU  20,56.492,0.0,0.0,-11.129,0.0,0.0,-56.027,0.0,0.0,-2.645,0.0,0.0,0.0,0.0,0.0,-13.309000000000001,0.0,0.0
ASN  21,28.815,0.0,0.0,-6.705,0.0,0.0,-89.287,0.0,0.0,-7.723,0.0,0.0,0.0,0.0,0.0,-74.9,0.0,0.0
ALA  22,93.201,0.0,0.0,-4.471,0.0,0.0,-82.523,0.0,0.0,-1.811,0.0,0.0,0.0,0.0,0.0,4.395999999999994,0.0,0.0
TRP  23,133.072,0.0,0.0,-19.621,0.0,0.0,-93.846,0.0,0.0,-2.577,0.0,0.0,0.0,0.0,0.0,17.028000000000006,0.0,0.0
VAL  24,63.207,0.0,0.0,-7.754,0.0,0.0,-49.21,0.0,0.0,-5.935,0.0,0.0,0.0,0.0,0.0,0.3080000000000025,0.0,0.0
LYS  25,135.348,0.0,0.0,-7.861,0.0,0.0,-92.662,0.0,0.0,-37.019,0.0,0.0,0.0,0.0,0.0,-2.1939999999999955,0.0,0.0
VAL  26,62.258,0.0,0.0,-6.42,0.0,0.0,-64.821,0.0,0.0,-3.46,0.0,0.0,0.0,0.0,0.0,-12.442999999999998,0.0,0.0
VAL  27,47.497,0.0,0.0,-8.838,0.0,0.0,-45.845,0.0,0.0,-2.409,0.0,0.0,0.0,0.0,0.0,-9.594999999999999,0.0,0.0
GLU  28,97.765,0.0,0.0,-7.341,0.0,0.0,-60.824,0.0,0.0,-87.324,0.0,0.0,0.0,0.0,0.0,-57.72399999999999,0.0,0.0
GLU  29,109.512,0.0,0.0,-5.708,0.0,0.0,-72.693,0.0,0.0,-90.636,0.0,0.0,0.0,0.0,0.0,-59.52499999999999,0.0,0.0
LYS  30,121.862,0.0,0.0,-8.66,0.0,0.0,-121.28,0.0,0.0,7.303,0.0,0.0,0.0,0.0,0.0,-0.775000000000003,0.0,0.0
ALA  31,91.925,0.0,0.0,-5.026,0.0,0.0,-79.04,0.0,0.0,-2.775,0.0,0.0,0.0,0.0,0.0,5.083999999999994,0.0,0.0
PHE  32,105.726,0.0,0.0,-9.661,0.0,0.0,-76.929,0.0,0.0,-3.779,0.0,0.0,0.0,0.0,0.0,15.356999999999996,0.0,0.0
SER  33,80.942,0.0,0.0,-5.247,0.0,0.0,-58.607,0.0,0.0,-4.425,0.0,0.0,0.0,0.0,0.0,12.662999999999993,0.0,0.0
PRO  34,78.723,0.0,0.0,-5.582,0.0,0.0,-57.39,0.0,0.0,-1.768,0.0,0.0,0.0,0.0,0.0,13.983000000000004,0.0,0.0
GLU  35,106.878,0.0,0.0,-5.269,0.0,0.0,-88.359,0.0,0.0,-71.121,0.0,0.0,0.0,0.0,0.0,-57.870999999999995,0.0,0.0
VAL  36,53.927,0.0,0.0,-8.475,0.0,0.0,-55.527,0.0,0.0,-0.066,0.0,0.0,0.0,0.0,0.0,-10.141000000000004,0.0,0.0
ILE  37,96.077,0.0,0.0,-10.246,0.0,0.0,-63.732,0.0,0.0,-0.702,0.0,0.0,0.0,0.0,0.0,21.397000000000006,0.0,0.0
PRO  38,80.032,0.0,0.0,-5.655,0.0,0.0,-56.253,0.0,0.0,-2.605,0.0,0.0,0.0,0.0,0.0,15.518999999999995,0.0,0.0
MET  39,85.19,0.0,0.0,-8.966,0.0,0.0,-71.315,0.0,0.0,-2.172,0.0,0.0,0.0,0.0,0.0,2.737000000000006,0.0,0.0
PHE  40,99.215,0.0,0.0,-12.717,0.0,0.0,-83.86,0.0,0.0,-0.571,0.0,0.0,0.0,0.0,0.0,2.0670000000000055,0.0,0.0
SER  41,73.873,0.0,0.0,-6.875,0.0,0.0,-58.015,0.0,0.0,-5.116,0.0,0.0,0.0,0.0,0.0,3.8670000000000044,0.0,0.0
ALA  42,88.74,0.0,0.0,-4.95,0.0,0.0,-67.716,0.0,0.0,-4.255,0.0,0.0,0.0,0.0,0.0,11.818999999999999,0.0,0.0
LEU  43,74.702,0.0,0.0,-9.262,0.0,0.0,-76.187,0.0,0.0,-3.984,0.0,0.0,0.0,0.0,0.0,-14.731,0.0,0.0
SER  44,70.53,0.0,0.0,-7.362,0.0,0.0,-73.477,0.0,0.0,0.439,0.0,0.0,0.0,0.0,0.0,-9.870000000000005,0.0,0.0
GLU  45,104.151,0.0,0.0,-6.123,0.0,0.0,-64.985,0.0,0.0,-90.459,0.0,0.0,0.0,0.0,0.0,-57.41600000000001,0.0,0.0
GLY  46,68.626,0.0,0.0,-3.495,0.0,0.0,-68.349,0.0,0.0,0.642,0.0,0.0,0.0,0.0,0.0,-2.5760000000000036,0.0,0.0
ALA  47,98.487,0.0,0.0,-7.247,0.0,0.0,-86.61,0.0,0.0,-1.045,0.0,0.0,0.0,0.0,0.0,3.5849999999999955,0.0,0.0
THR  48,54.341,0.0,0.0,-7.58,0.0,0.0,-60.243,0.0,0.0,-0.431,0.0,0.0,0.0,0.0,0.0,-13.912999999999998,0.0,0.0
PRO  49,75.165,0.0,0.0,-10.589,0.0,0.0,-57.951,0.0,0.0,0.602,0.0,0.0,0.0,0.0,0.0,7.227000000000007,0.0,0.0
GLN  50,32.188,0.0,0.0,-9.261,0.0,0.0,-71.311,0.0,0.0,-8.24,0.0,0.0,0.0,0.0,0.0,-56.624,0.0,0.0
ASP  51,90.798,0.0,0.0,-7.517,0.0,0.0,-129.319,0.0,0.0,-15.919,0.0,0.0,0.0,0.0,0.0,-61.95699999999998,0.0,0.0
LEU  52,63.532,0.0,0.0,-14.757,0.0,0.0,-69.347,0.0,0.0,0.458,0.0,0.0,0.0,0.0,0.0,-20.113999999999997,0.0,0.0
ASN  53,43.725,0.0,0.0,-7.879,0.0,0.0,-103.453,0.0,0.0,-3.192,0.0,0.0,0.0,0.0,0.0,-70.799,0.0,0.0
THR  54,52.822,0.0,0.0,-7.2,0.0,0.0,-64.268,0.0,0.0,-0.728,0.0,0.0,0.0,0.0,0.0,-19.374000000000002,0.0,0.0
MET  55,81.293,0.0,0.0,-11.893,0.0,0.0,-67.046,0.0,0.0,-0.628,0.0,0.0,0.0,0.0,0.0,1.725999999999999,0.0,0.0
LEU  56,77.045,0.0,0.0,-9.349,0.0,0.0,-73.573,0.0,0.0,-0.416,0.0,0.0,0.0,0.0,0.0,-6.292999999999996,0.0,0.0
ASN  57,33.109,0.0,0.0,-6.443,0.0,0.0,-89.516,0.0,0.0,-9.08,0.0,0.0,0.0,0.0,0.0,-71.93,0.0,0.0
THR  58,64.021,0.0,0.0,-8.427,0.0,0.0,-60.377,0.0,0.0,-3.712,0.0,0.0,0.0,0.0,0.0,-8.495000000000001,0.0,0.0
VAL  59,42.405,0.0,0.0,-10.355,0.0,0.0,-41.83,0.0,0.0,-2.167,0.0,0.0,0.0,0.0,0.0,-11.947000000000001,0.0,0.0
ALA  60,88.887,0.0,0.0,-3.946,0.0,0.0,-65.818,0.0,0.0,-2.223,0.0,0.0,0.0,0.0,0.0,16.900000000000006,0.0,0.0
PRO  61,84.546,0.0,0.0,-4.866,0.0,0.0,-56.756,0.0,0.0,-3.306,0.0,0.0,0.0,0.0,0.0,19.618000000000006,0.0,0.0
HID  62,97.759,0.0,0.0,-7.654,0.0,0.0,-71.839,0.0,0.0,-3.605,0.0,0.0,0.0,0.0,0.0,14.661000000000005,0.0,0.0
GLN  63,35.075,0.0,0.0,-4.985,0.0,0.0,-66.763,0.0,0.0,-14.134,0.0,0.0,0.0,0.0,0.0,-50.807,0.0,0.0
ALA  64,84.986,0.0,0.0,-3.445,0.0,0.0,-68.478,0.0,0.0,-2.692,0.0,0.0,0.0,0.0,0.0,10.371000000000016,0.0,0.0
ALA  65,87.694,0.0,0.0,-4.81,0.0,0.0,-76.912,0.0,0.0,0.144,0.0,0.0,0.0,0.0,0.0,6.115999999999994,0.0,0.0
ALA  66,95.214,0.0,0.0,-6.151,0.0,0.0,-84.347,0.0,0.0,0.551,0.0,0.0,0.0,0.0,0.0,5.267000000000008,0.0,0.0
GLN  67,41.883,0.0,0.0,-7.208,0.0,0.0,-80.09,0.0,0.0,-7.9,0.0,0.0,0.0,0.0,0.0,-53.315,0.0,0.0
MET  68,86.728,0.0,0.0,-8.791,0.0,0.0,-75.397,0.0,0.0,-1.259,0.0,0.0,0.0,0.0,0.0,1.2809999999999921,0.0,0.0
LEU  69,85.431,0.0,0.0,-12.076,0.0,0.0,-79.05,0.0,0.0,-0.892,0.0,0.0,0.0,0.0,0.0,-6.587000000000008,0.0,0.0
LYS  70,125.619,0.0,0.0,-8.471,0.0,0.0,-109.455,0.0,0.0,-15.548,0.0,0.0,0.0,0.0,0.0,-7.855000000000002,0.0,0.0
GLU  71,110.949,0.0,0.0,-6.184,0.0,0.0,-74.115,0.0,0.0,-98.546,0.0,0.0,0.0,0.0,0.0,-67.896,0.0,0.0
THR  72,53.558,0.0,0.0,-9.578,0.0,0.0,-59.85,0.0,0.0,-1.254,0.0,0.0,0.0,0.0,0.0,-17.124,0.0,0.0
ILE  73,76.025,0.0,0.0,-10.714,0.0,0.0,-49.907,0.0,0.0,-2.247,0.0,0.0,0.0,0.0,0.0,13.15700000000001,0.0,0.0
ASN  74,32.432,0.0,0.0,-7.787,0.0,0.0,-91.443,0.0,0.0,-7.845,0.0,0.0,0.0,0.0,0.0,-74.643,0.0,0.0
GLU  75,112.105,0.0,0.0,-8.078,0.0,0.0,-56.375,0.0,0.0,-108.061,0.0,0.0,0.0,0.0,0.0,-60.409000000000006,0.0,0.0
GLU  76,96.519,0.0,0.0,-7.76,0.0,0.0,-86.667,0.0,0.0,-56.225,0.0,0.0,0.0,0.0,0.0,-54.133,0.0,0.0
ALA  77,85.065,0.0,0.0,-8.327,0.0,0.0,-71.435,0.0,0.0,-1.523,0.0,0.0,0.0,0.0,0.0,3.7799999999999976,0.0,0.0
ALA  78,93.315,0.0,0.0,-5.866,0.0,0.0,-86.283,0.0,0.0,0.324,0.0,0.0,0.0,0.0,0.0,1.4899999999999969,0.0,0.0
GLU  79,109.967,0.0,0.0,-7.489,0.0,0.0,-88.24,0.0,0.0,-70.46,0.0,0.0,0.0,0.0,0.0,-56.221999999999994,0.0,0.0
TRP  80,116.649,0.0,0.0,-15.468,0.0,0.0,-88.926,0.0,0.0,-0.884,0.0,0.0,0.0,0.0,0.0,11.370999999999995,0.0,0.0
ASP  81,103.911,0.0,0.0,-8.442,0.0,0.0,-86.009,0.0,0.0,-65.257,0.0,0.0,0.0,0.0,0.0,-55.79700000000001,0.0,0.0
ARG  82,-189.882,0.0,0.0,-7.044,0.0,0.0,2.857,0.0,0.0,25.407,0.0,0.0,0.0,0.0,0.0,-168.662,0.0,0.0
LEU  83,64.384,0.0,0.0,-5.418,0.0,0.0,-74.637,0.0,0.0,-2.853,0.0,0.0,0.0,0.0,0.0,-18.524,0.0,0.0
HID  84,110.516,0.0,0.0,-8.361,0.0,0.0,-76.824,0.0,0.0,-4.763,0.0,0.0,0.0,0.0,0.0,20.568000000000005,0.0,0.0
PRO  85,92.155,0.0,0.0,-4.7,0.0,0.0,-59.78,0.0,0.0,-7.66,0.0,0.0,0.0,0.0,0.0,20.014999999999997,0.0,0.0
VAL  86,56.944,0.0,0.0,-4.106,0.0,0.0,-56.252,0.0,0.0,-2.37,0.0,0.0,0.0,0.0,0.0,-5.784000000000002,0.0,0.0
HID  87,87.361,0.0,0.0,-7.287,0.0,0.0,-63.778,0.0,0.0,-6.713,0.0,0.0,0.0,0.0,0.0,9.582999999999998,0.0,0.0
ALA  88,94.582,0.0,0.0,-2.493,0.0,0.0,-77.098,0.0,0.0,-4.595,0.0,0.0,0.0,0.0,0.0,10.396,0.0,0.0
GLY  89,91.343,0.0,0.0,-1.078,0.0,0.0,-72.407,0.0,0.0,-8.193,0.0,0.0,0.0,0.0,0.0,9.665000000000004,0.0,0.0
PRO  90,87.242,0.0,0.0,-2.977,0.0,0.0,-59.109,0.0,0.0,-5.028,0.0,0.0,0.0,0.0,0.0,20.128,0.0,0.0
ILE  91,77.351,0.0,0.0,-3.914,0.0,0.0,-56.205,0.0,0.0,-4.949,0.0,0.0,0.0,0.0,0.0,12.283,0.0,0.0
ALA  92,95.168,0.0,0.0,-4.331,0.0,0.0,-67.46,0.0,0.0,-4.169,0.0,0.0,0.0,0.0,0.0,19.20800000000001,0.0,0.0
PRO  93,84.36,0.0,0.0,-3.866,0.0,0.0,-53.075,0.0,0.0,-7.988,0.0,0.0,0.0,0.0,0.0,19.430999999999997,0.0,0.0
GLY  94,72.86,0.0,0.0,-3.01,0.0,0.0,-65.129,0.0,0.0,-8.965,0.0,0.0,0.0,0.0,0.0,-4.24400000000001,0.0,0.0
GLN  95,32.357,0.0,0.0,-3.687,0.0,0.0,-64.505,0.0,0.0,-15.221,0.0,0.0,0.0,0.0,0.0,-51.056,0.0,0.0
MET  96,112.79,0.0,0.0,-9.416,0.0,0.0,-80.431,0.0,0.0,-5.63,0.0,0.0,0.0,0.0,0.0,17.313000000000013,0.0,0.0
ARG  97,-188.569,0.0,0.0,-7.636,0.0,0.0,-20.841,0.0,0.0,32.756,0.0,0.0,0.0,0.0,0.0,-184.29,0.0,0.0
GLU  98,100.588,0.0,0.0,-7.345,0.0,0.0,-64.431,0.0,0.0,-77.583,0.0,0.0,0.0,0.0,0.0,-48.771,0.0,0.0
PRO  99,93.958,0.0,0.0,-10.001,0.0,0.0,-62.283,0.0,0.0,-1.397,0.0,0.0,0.0,0.0,0.0,20.276999999999994,0.0,0.0
ARG 100,-183.474,0.0,0.0,-7.278,0.0,0.0,-25.133,0.0,0.0,42.25,0.0,0.0,0.0,0.0,0.0,-173.635,0.0,0.0
GLY 101,78.026,0.0,0.0,-6.256,0.0,0.0,-81.681,0.0,0.0,2.194,0.0,0.0,0.0,0.0,0.0,-7.717000000000001,0.0,0.0
SER 102,66.605,0.0,0.0,-5.032,0.0,0.0,-63.231,0.0,0.0,-1.116,0.0,0.0,0.0,0.0,0.0,-2.7739999999999942,0.0,0.0
ASP 103,95.803,0.0,0.0,-8.182,0.0,0.0,-96.084,0.0,0.0,-40.989,0.0,0.0,0.0,0.0,0.0,-49.452000000000005,0.0,0.0
ILE 104,78.366,0.0,0.0,-10.967,0.0,0.0,-59.784,0.0,0.0,1.243,0.0,0.0,0.0,0.0,0.0,8.858000000000002,0.0,0.0
ALA 105,88.661,0.0,0.0,-6.592,0.0,0.0,-80.023,0.0,0.0,0.638,0.0,0.0,0.0,0.0,0.0,2.6840000000000064,0.0,0.0
GLY 106,90.053,0.0,0.0,-4.973,0.0,0.0,-88.36,0.0,0.0,-2.246,0.0,0.0,0.0,0.0,0.0,-5.526000000000002,0.0,0.0
THR 107,51.656,0.0,0.0,-5.202,0.0,0.0,-56.008,0.0,0.0,-6.403,0.0,0.0,0.0,0.0,0.0,-15.957,0.0,0.0
THR 108,38.106,0.0,0.0,-2.696,0.0,0.0,-53.979,0.0,0.0,-3.287,0.0,0.0,0.0,0.0,0.0,-21.855999999999995,0.0,0.0
SER 109,72.997,0.0,0.0,-7.371,0.0,0.0,-64.182,0.0,0.0,-0.023,0.0,0.0,0.0,0.0,0.0,1.4210000000000027,0.0,0.0
THR 110,37.569,0.0,0.0,-4.543,0.0,0.0,-38.876,0.0,0.0,-7.447,0.0,0.0,0.0,0.0,0.0,-13.296999999999993,0.0,0.0
LEU 111,63.014,0.0,0.0,-9.147,0.0,0.0,-64.398,0.0,0.0,-3.27,0.0,0.0,0.0,0.0,0.0,-13.800999999999991,0.0,0.0
GLN 112,39.159,0.0,0.0,-7.505,0.0,0.0,-77.066,0.0,0.0,-9.809,0.0,0.0,0.0,0.0,0.0,-55.221000000000004,0.0,0.0
GLU 113,101.866,0.0,0.0,-8.301,0.0,0.0,-102.255,0.0,0.0,-49.735,0.0,0.0,0.0,0.0,0.0,-58.425,0.0,0.0
GLN 114,38.539,0.0,0.0,-13.137,0.0,0.0,-88.265,0.0,0.0,0.971,0.0,0.0,0.0,0.0,0.0,-61.892,0.0,0.0
ILE 115,88.042,0.0,0.0,-8.61,0.0,0.0,-69.947,0.0,0.0,-1.567,0.0,0.0,0.0,0.0,0.0,7.917999999999999,0.0,0.0
GLY 116,75.971,0.0,0.0,-5.816,0.0,0.0,-72.742,0.0,0.0,-1.869,0.0,0.0,0.0,0.0,0.0,-4.456000000000003,0.0,0.0
TRP 117,118.541,0.0,0.0,-19.246,0.0,0.0,-90.868,0.0,0.0,-0.833,0.0,0.0,0.0,0.0,0.0,7.5940000000000065,0.0,0.0
MET 118,98.131,0.0,0.0,-10.149,0.0,0.0,-82.807,0.0,0.0,-4.113,0.0,0.0,0.0,0.0,0.0,1.0619999999999967,0.0,0.0
THR 119,41.957,0.0,0.0,-3.751,0.0,0.0,-49.121,0.0,0.0,-5.327,0.0,0.0,0.0,0.0,0.0,-16.241999999999997,0.0,0.0
HID 120,93.559,0.0,0.0,-11.342,0.0,0.0,-63.123,0.0,0.0,-3.767,0.0,0.0,0.0,0.0,0.0,15.327000000000002,0.0,0.0
ASN 121,46.657,0.0,0.0,-3.876,0.0,0.0,-83.767,0.0,0.0,-11.497,0.0,0.0,0.0,0.0,0.0,-52.483,0.0,0.0
PRO 122,94.85,0.0,0.0,-4.66,0.0,0.0,-60.097,0.0,0.0,-2.07,0.0,0.0,0.0,0.0,0.0,28.022999999999996,0.0,0.0
PRO 123,83.019,0.0,0.0,-6.817,0.0,0.0,-58.319,0.0,0.0,-3.722,0.0,0.0,0.0,0.0,0.0,14.160999999999996,0.0,0.0
ILE 124,97.374,0.0,0.0,-8.091,0.0,0.0,-63.85,0.0,0.0,-0.869,0.0,0.0,0.0,0.0,0.0,24.564,0.0,0.0
PRO 125,87.631,0.0,0.0,-3.937,0.0,0.0,-63.023,0.0,0.0,-0.778,0.0,0.0,0.0,0.0,0.0,19.893,0.0,0.0
VAL 126,46.642,0.0,0.0,-9.135,0.0,0.0,-48.878,0.0,0.0,-0.151,0.0,0.0,0.0,0.0,0.0,-11.521999999999995,0.0,0.0
GLY 127,74.117,0.0,0.0,-5.48,0.0,0.0,-72.594,0.0,0.0,-1.485,0.0,0.0,0.0,0.0,0.0,-5.441999999999994,0.0,0.0
GLU 128,105.073,0.0,0.0,-4.996,0.0,0.0,-90.654,0.0,0.0,-69.369,0.0,0.0,0.0,0.0,0.0,-59.946,0.0,0.0
ILE 129,81.742,0.0,0.0,-9.109,0.0,0.0,-65.782,0.0,0.0,0.206,0.0,0.0,0.0,0.0,0.0,7.057000000000014,0.0,0.0
TYR 130,100.293,0.0,0.0,-15.192,0.0,0.0,-88.047,0.0,0.0,0.31,0.0,0.0,0.0,0.0,0.0,-2.635999999999998,0.0,0.0
LYS 131,141.156,0.0,0.0,-11.821,0.0,0.0,-167.173,0.0,0.0,33.554,0.0,0.0,0.0,0.0,0.0,-4.283999999999992,0.0,0.0
ARG 132,-183.704,0.0,0.0,-8.5,0.0,0.0,-0.029,0.0,0.0,17.303,0.0,0.0,0.0,0.0,0.0,-174.93,0.0,0.0
TRP 133,130.78,0.0,0.0,-20.302,0.0,0.0,-92.241,0.0,0.0,-0.975,0.0,0.0,0.0,0.0,0.0,17.262000000000008,0.0,0.0
ILE 134,88.599,0.0,0.0,-10.937,0.0,0.0,-70.908,0.0,0.0,0.279,0.0,0.0,0.0,0.0,0.0,7.033000000000005,0.0,0.0
ILE 135,80.881,0.0,0.0,-9.856,0.0,0.0,-62.928,0.0,0.0,0.454,0.0,0.0,0.0,0.0,0.0,8.551000000000009,0.0,0.0
LEU 136,73.342,0.0,0.0,-7.819,0.0,0.0,-80.995,0.0,0.0,1.327,0.0,0.0,0.0,0.0,0.0,-14.145000000000008,0.0,0.0
GLY 137,81.203,0.0,0.0,-6.439,0.0,0.0,-78.54,0.0,0.0,0.892,0.0,0.0,0.0,0.0,0.0,-2.8839999999999963,0.0,0.0
LEU 138,59.934,0.0,0.0,-10.865,0.0,0.0,-64.123,0.0,0.0,-0.854,0.0,0.0,0.0,0.0,0.0,-15.908000000000008,0.0,0.0
ASN 139,44.188,0.0,0.0,-7.886,0.0,0.0,-91.014,0.0,0.0,-6.277,0.0,0.0,0.0,0.0,0.0,-60.989,0.0,0.0
LYS 140,132.811,0.0,0.0,-8.005,0.0,0.0,-132.888,0.0,0.0,2.837,0.0,0.0,0.0,0.0,0.0,-5.244999999999994,0.0,0.0
ILE 141,94.232,0.0,0.0,-10.812,0.0,0.0,-77.315,0.0,0.0,-1.068,0.0,0.0,0.0,0.0,0.0,5.037000000000004,0.0,0.0
VAL 142,64.905,0.0,0.0,-10.217,0.0,0.0,-58.484,0.0,0.0,-3.013,0.0,0.0,0.0,0.0,0.0,-6.808999999999999,0.0,0.0
ARG 143,-197.411,0.0,0.0,-8.538,0.0,0.0,59.005,0.0,0.0,-15.311,0.0,0.0,0.0,0.0,0.0,-162.25500000000002,0.0,0.0
MET 144,95.885,0.0,0.0,-6.63,0.0,0.0,-77.277,0.0,0.0,-6.886,0.0,0.0,0.0,0.0,0.0,5.0920000000000085,0.0,0.0
TYR 145,93.031,0.0,0.0,-8.19,0.0,0.0,-81.663,0.0,0.0,-9.807,0.0,0.0,0.0,0.0,0.0,-6.628999999999989,0.0,0.0
SER 146,79.772,0.0,0.0,-4.956,0.0,0.0,-55.86,0.0,0.0,-6.653,0.0,0.0,0.0,0.0,0.0,12.303000000000004,0.0,0.0
PRO 147,86.485,0.0,0.0,-4.689,0.0,0.0,-66.29,0.0,0.0,0.537,0.0,0.0,0.0,0.0,0.0,16.042999999999985,0.0,0.0
THR 148,47.439,0.0,0.0,-4.208,0.0,0.0,-43.988,0.0,0.0,-10.858,0.0,0.0,0.0,0.0,0.0,-11.614999999999998,0.0,0.0
SER 149,59.779,0.0,0.0,-2.332,0.0,0.0,-44.076,0.0,0.0,-13.467,0.0,0.0,0.0,0.0,0.0,-0.09599999999999831,0.0,0.0
ILE 150,58.872,0.0,0.0,-1.589,0.0,0.0,-28.124,0.0,0.0,-7.698,0.0,0.0,0.0,0.0,0.0,21.461000000000002,0.0,0.0

Ligand:
Total Energy Decomposition:
Residue,Internal,,,van der Waals,,,Electrostatic,,,Polar Solvation,,,Non-Polar Solv.,,,TOTAL,,
,Avg.,Std. Dev.,Std. Err. of Mean,Avg.,Std. Dev.,Std. Err. of Mean,Avg.,Std. Dev.,Std. Err. of Mean,Avg.,Std. Dev.,Std. Err. of Mean,Avg.,Std. Dev.,Std. Err. of Mean,Avg.,Std. Dev.,Std. Err. of Mean
LEU   1,40.885,0.0,0.0,-3.912,0.0,0.0,-43.22,0.0,0.0,-1.047,0.0,0.0,0.0,0.0,0.0,-7.294,0.0,0.0
ASP   2,95.933,0.0,0.0,-3.997,0.0,0.0,-68.769,0.0,0.0,-86.015,0.0,0.0,0.0,0.0,0.0,-62.848,0.0,0.0
ILE   3,96.045,0.0,0.0,-7.076,0.0,0.0,-68.375,0.0,0.0,-1.627,0.0,0.0,0.0,0.0,0.0,18.96700000000001,0.0,0.0
ARG   4,-194.599,0.0,0.0,-7.864,0.0,0.0,44.604,0.0,0.0,-10.802,0.0,0.0,0.0,0.0,0.0,-168.66099999999997,0.0,0.0
GLN   5,32.291,0.0,0.0,-13.377,0.0,0.0,-87.225,0.0,0.0,-2.719,0.0,0.0,0.0,0.0,0.0,-71.03,0.0,0.0
GLY   6,89.025,0.0,0.0,-3.447,0.0,0.0,-72.997,0.0,0.0,-3.952,0.0,0.0,0.0,0.0,0.0,8.629000000000003,0.0,0.0
PRO   7,89.299,0.0,0.0,-3.767,0.0,0.0,-54.377,0.0,0.0,-7.553,0.0,0.0,0.0,0.0,0.0,23.602000000000007,0.0,0.0
LYS   8,120.875,0.0,0.0,-3.95,0.0,0.0,-74.383,0.0,0.0,-45.607,0.0,0.0,0.0,0.0,0.0,-3.0649999999999977,0.0,0.0
GLU   9,113.862,0.0,0.0,-9.303,0.0,0.0,-121.192,0.0,0.0,-25.983,0.0,0.0,0.0,0.0,0.0,-42.616,0.0,0.0
PRO  10,78.958,0.0,0.0,-7.654,0.0,0.0,-55.777,0.0,0.0,-1.159,0.0,0.0,0.0,0.0,0.0,14.368,0.0,0.0
PHE  11,108.776,0.0,0.0,-15.487,0.0,0.0,-75.883,0.0,0.0,-0.982,0.0,0.0,0.0,0.0,0.0,16.424000000000007,0.0,0.0
ARG  12,-190.367,0.0,0.0,-8.83,0.0,0.0,21.054,0.0,0.0,14.415,0.0,0.0,0.0,0.0,0.0,-163.728,0.0,0.0
ASP  13,88.876,0.0,0.0,-8.691,0.0,0.0,-95.039,0.0,0.0,-57.182,0.0,0.0,0.0,0.0,0.0,-72.036,0.0,0.0
TYR  14,103.751,0.0,0.0,-19.554,0.0,0.0,-95.984,0.0,0.0,1.557,0.0,0.0,0.0,0.0,0.0,-10.229999999999992,0.0,0.0
VAL  15,49.425,0.0,0.0,-8.754,0.0,0.0,-56.402,0.0,0.0,1.261,0.0,0.0,0.0,0.0,0.0,-14.470000000000002,0.0,0.0
ASP  16,115.795,0.0,0.0,-6.199,0.0,0.0,-129.193,0.0,0.0,-39.209,0.0,0.0,0.0,0.0,0.0,-58.80600000000001,0.0,0.0
ARG  17,-194.569,0.0,0.0,-9.706,0.0,0.0,24.352,0.0,0.0,3.347,0.0,0.0,0.0,0.0,0.0,-176.57599999999996,0.0,0.0
PHE  18,95.315,0.0,0.0,-11.776,0.0,0.0,-82.622,0.0,0.0,1.006,0.0,0.0,0.0,0.0,0.0,1.9230000000000016,0.0,0.0
TYR  19,100.603,0.0,0.0,-9.632,0.0,0.0,-89.499,0.0,0.0,-3.633,0.0,0.0,0.0,0.0,0.0,-2.161000000000006,0.0,0.0
LYS  20,134.877,0.0,0.0,-7.222,0.0,0.0,-132.687,0.0,0.0,-8.36,0.0,0.0,0.0,0.0,0.0,-13.391999999999996,0.0,0.0
THR  21,46.792,0.0,0.0,-5.566,0.0,0.0,-55.674,0.0,0.0,-3.16,0.0,0.0,0.0,0.0,0.0,-17.608,0.0,0.0
LEU  22,78.648,0.0,0.0,-7.625,0.0,0.0,-66.643,0.0,0.0,-1.45,0.0,0.0,0.0,0.0,0.0,2.9299999999999953,0.0,0.0
ARG  23,-196.492,0.0,0.0,-6.565,0.0,0.0,71.34,0.0,0.0,-31.987,0.0,0.0,0.0,0.0,0.0,-163.70399999999998,0.0,0.0
ALA  24,86.612,0.0,0.0,-3.947,0.0,0.0,-77.964,0.0,0.0,-5.216,0.0,0.0,0.0,0.0,0.0,-0.5150000000000068,0.0,0.0
GLU  25,105.209,0.0,0.0,-4.2,0.0,0.0,-65.807,0.0,0.0,-97.454,0.0,0.0,0.0,0.0,0.0,-62.251999999999995,0.0,0.0
GLN  26,29.246,0.0,0.0,-1.381,0.0,0.0,-65.848,0.0,0.0,-10.814,0.0,0.0,0.0,0.0,0.0,-48.797000000000004,0.0,0.0
ALA  27,98.011,0.0,0.0,-5.842,0.0,0.0,-88.056,0.0,0.0,-0.27,0.0,0.0,0.0,0.0,0.0,3.8429999999999995,0.0,0.0
SER  28,67.222,0.0,0.0,-4.928,0.0,0.0,-58.004,0.0,0.0,-9.163,0.0,0.0,0.0,0.0,0.0,-4.873000000000001,0.0,0.0
GLN  29,30.583,0.0,0.0,-5.752,0.0,0.0,-73.283,0.0,0.0,-8.917,0.0,0.0,0.0,0.0,0.0,-57.369,0.0,0.0
GLU  30,113.407,0.0,0.0,-5.96,0.0,0.0,-70.717,0.0,0.0,-98.499,0.0,0.0,0.0,0.0,0.0,-61.76899999999999,0.0,0.0
VAL  31,62.539,0.0,0.0,-5.536,0.0,0.0,-58.2,0.0,0.0,-3.901,0.0,0.0,0.0,0.0,0.0,-5.0980000000000025,0.0,0.0
LYS  32,123.683,0.0,0.0,-11.5,0.0,0.0,-101.834,0.0,0.0,-13.28,0.0,0.0,0.0,0.0,0.0,-2.9309999999999956,0.0,0.0
ASN  33,30.78,0.0,0.0,-6.753,0.0,0.0,-75.595,0.0,0.0,-16.447,0.0,0.0,0.0,0.0,0.0,-68.015,0.0,0.0
TRP  34,130.427,0.0,0.0,-10.418,0.0,0.0,-95.097,0.0,0.0,-4.39,0.0,0.0,0.0,0.0,0.0,20.52199999999999,0.0,0.0
MET  35,101.539,0.0,0.0,-11.646,0.0,0.0,-86.516,0.0,0.0,-0.773,0.0,0.0,0.0,0.0,0.0,2.603999999999995,0.0,0.0
THR  36,36.964,0.0,0.0,-8.707,0.0,0.0,-42.314,0.0,0.0,-7.042,0.0,0.0,0.0,0.0,0.0,-21.099000000000004,0.0,0.0
GLU  37,98.07,0.0,0.0,-6.347,0.0,0.0,-45.045,0.0,0.0,-106.437,0.0,0.0,0.0,0.0,0.0,-59.759,0.0,0.0
THR  38,45.077,0.0,0.0,-5.437,0.0,0.0,-50.035,0.0,0.0,0.674,0.0,0.0,0.0,0.0,0.0,-9.720999999999997,0.0,0.0
LEU  39,69.387,0.0,0.0,-9.546,0.0,0.0,-67.418,0.0,0.0,1.167,0.0,0.0,0.0,0.0,0.0,-6.4100000000000055,0.0,0.0
LEU  40,91.164,0.0,0.0,-11.527,0.0,0.0,-89.897,0.0,0.0,2.101,0.0,0.0,0.0,0.0,0.0,-8.159000000000006,0.0,0.0
VAL  41,55.186,0.0,0.0,-7.693,0.0,0.0,-54.952,0.0,0.0,1.956,0.0,0.0,0.0,0.0,0.0,-5.502999999999997,0.0,0.0
GLN  42,17.608,0.0,0.0,-7.722,0.0,0.0,-67.449,0.0,0.0,-2.759,2.9802322387695312e-08,2.9802322387695312e-08,0.0,0.0,0.0,-60.322,0.0,0.0
ASN  43,18.049,0.0,0.0,-8.272,0.0,0.0,-83.559,0.0,0.0,-1.551,0.0,0.0,0.0,0.0,0.0,-75.333,0.0,0.0
ALA  44,92.796,0.0,0.0,-8.247,0.0,0.0,-82.486,0.0,0.0,1.15,0.0,0.0,0.0,0.0,0.0,3.2130000000000023,0.0,0.0
ASN  45,35.078,0.0,0.0,-6.768,0.0,0.0,-84.946,0.0,0.0,-5.104,0.0,0.0,0.0,0.0,0.0,-61.739999999999995,0.0,0.0
PRO  46,87.071,0.0,0.0,-4.801,0.0,0.0,-58.77,0.0,0.0,-0.677,0.0,0.0,0.0,0.0,0.0,22.822999999999993,0.0,0.0
ASP  47,90.067,0.0,0.0,-6.217,0.0,0.0,-79.69,0.0,0.0,-68.979,0.0,0.0,0.0,0.0,0.0,-64.819,0.0,0.0
CYX  48,100.323,0.0,0.0,-7.118,0.0,0.0,-78.427,0.0,0.0,-3.555,0.0,0.0,0.0,0.0,0.0,11.222999999999992,0.0,0.0
LYS  49,138.309,0.0,0.0,-8.692,0.0,0.0,-118.083,0.0,0.0,-18.893,0.0,0.0,0.0,0.0,0.0,-7.359000000000009,0.0,0.0
THR  50,52.133,0.0,0.0,-6.75,0.0,0.0,-68.64,0.0,0.0,-0.61,0.0,0.0,0.0,0.0,0.0,-23.866999999999997,0.0,0.0
ILE  51,80.239,0.0,0.0,-7.849,0.0,0.0,-55.421,0.0,0.0,-0.583,0.0,0.0,0.0,0.0,0.0,16.386000000000003,0.0,0.0
LEU  52,84.049,0.0,0.0,-12.044,0.0,0.0,-71.196,0.0,0.0,-3.226,0.0,0.0,0.0,0.0,0.0,-2.4169999999999883,0.0,0.0
LYS  53,116.749,0.0,0.0,-6.366,0.0,0.0,-87.077,0.0,0.0,-32.014,0.0,0.0,0.0,0.0,0.0,-8.708000000000006,0.0,0.0
ALA  54,86.074,0.0,0.0,-4.047,0.0,0.0,-74.604,0.0,0.0,-4.488,0.0,0.0,0.0,0.0,0.0,2.9350000000000014,0.0,0.0
LEU  55,74.19,0.0,0.0,-7.367,0.0,0.0,-73.762,0.0,0.0,-4.205,0.0,0.0,0.0,0.0,0.0,-11.144000000000007,0.0,0.0
GLY  56,89.476,0.0,0.0,-3.395,0.0,0.0,-73.61,0.0,0.0,-5.998,0.0,0.0,0.0,0.0,0.0,6.473000000000003,0.0,0.0
PRO  57,77.399,0.0,0.0,-2.758,0.0,0.0,-51.359,0.0,0.0,-7.399,0.0,0.0,0.0,0.0,0.0,15.883000000000003,0.0,0.0
GLY  58,69.11,0.0,0.0,-1.872,0.0,0.0,-63.491,0.0,0.0,-7.725,0.0,0.0,0.0,0.0,0.0,-3.9779999999999998,0.0,0.0
ALA  59,99.566,0.0,0.0,-4.606,0.0,0.0,-88.429,0.0,0.0,-3.377,0.0,0.0,0.0,0.0,0.0,3.154000000000006,0.0,0.0
THR  60,53.276,0.0,0.0,-6.76,0.0,0.0,-59.762,0.0,0.0,-0.098,0.0,0.0,0.0,0.0,0.0,-13.343999999999996,0.0,0.0
LEU  61,62.526,0.0,0.0,-6.117,0.0,0.0,-71.129,0.0,0.0,-1.065,0.0,0.0,0.0,0.0,0.0,-15.784999999999998,0.0,0.0
GLU  62,104.573,0.0,0.0,-5.363,0.0,0.0,-72.508,0.0,0.0,-91.366,0.0,0.0,0.0,0.0,0.0,-64.664,0.0,0.0
GLU  63,102.047,0.0,0.0,-9.069,0.0,0.0,-53.329,0.0,0.0,-100.843,0.0,0.0,0.0,0.0,0.0,-61.19400000000001,0.0,0.0
MET  64,96.545,0.0,0.0,-12.69,0.0,0.0,-78.493,0.0,0.0,1.715,0.0,0.0,0.0,0.0,0.0,7.077000000000009,0.0,0.0
MET  65,104.347,0.0,0.0,-11.165,0.0,0.0,-88.363,0.0,0.0,0.036,0.0,0.0,0.0,0.0,0.0,4.854999999999988,0.0,0.0
THR  66,40.881,0.0,0.0,-5.537,0.0,0.0,-52.717,0.0,0.0,-1.903,0.0,0.0,0.0,0.0,0.0,-19.275999999999996,0.0,0.0
ALA  67,75.826,0.0,0.0,-5.019,0.0,0.0,-67.522,0.0,0.0,-0.973,0.0,0.0,0.0,0.0,0.0,2.3119999999999825,0.0,0.0
CYX  68,96.52,0.0,0.0,-7.291,0.0,0.0,-82.5,0.0,0.0,-0.32,0.0,0.0,0.0,0.0,0.0,6.408999999999999,0.0,0.0
GLN  69,34.639,0.0,0.0,-3.96,0.0,0.0,-76.141,0.0,0.0,-8.326,0.0,0.0,0.0,0.0,0.0,-53.788000000000004,0.0,0.0
GLY  70,94.798,0.0,0.0,-4.182,0.0,0.0,-85.634,0.0,0.0,0.005,0.0,0.0,0.0,0.0,0.0,4.986999999999999,0.0,0.0
VAL  71,40.698,0.0,0.0,-4.14,0.0,0.0,-33.282,0.0,0.0,-104.182,0.0,0.0,0.0,0.0,0.0,-100.906,0.0,0.0

DELTAS:
Total Energy Decomposition:
Residue,Location,Internal,,,van der Waals,,,Electrostatic,,,Polar Solvation,,,Non-Polar Solv.,,,TOTAL,,
,,Avg.,Std. Dev.,Std. Err. of Mean,Avg.,Std. Dev.,Std. Err. of Mean,Avg.,Std. Dev.,Std. Err. of Mean,Avg.,Std. Dev.,Std. Err. of Mean,Avg.,Std. Dev.,Std. Err. of Mean
PRO   1,R PRO   1,0.0,0.0,0.0,0.0,0.0,0.0,-5.493000000000009,0.0,0.0,5.447000000000001,0.0,0.0,0.0,0.0,0.0,-0.0460000000000087,0.0,0.0
ILE   2,R ILE   2,0.0,0.0,0.0,0.0,0.0,0.0,0.04200000000000159,0.0,0.0,-0.04300000000000015,0.0,0.0,0.0,0.0,0.0,-0.0009999999999976694,0.0,0.0
VAL   3,R VAL   3,0.0,0.0,0.0,0.0,0.0,0.0,-0.016999999999995907,0.0,0.0,0.017000000000000015,0.0,0.0,0.0,0.0,0.0,3.552713678800501e-15,0.0,0.0
GLN   4,R GLN   4,0.0,0.0,0.0,0.0,0.0,0.0,0.07700000000000529,0.0,0.0,-0.07600000000000051,0.0,0.0,0.0,0.0,0.0,0.0010000000000118803,0.0,0.0
ASN   5,R ASN   5,0.0,0.0,0.0,0.0,0.0,0.0,0.06999999999999318,0.0,0.0,-0.06900000000000084,0.0,0.0,0.0,0.0,0.0,0.000999999999990564,0.0,0.0
LEU   6,R LEU   6,0.0,0.0,0.0,0.0,0.0,0.0,0.019000000000005457,0.0,0.0,-0.019999999999999574,0.0,0.0,0.0,0.0,0.0,-0.0009999999999941167,0.0,0.0
GLN   7,R GLN   7,0.0,0.0,0.0,0.0,0.0,0.0,0.04000000000000625,0.0,0.0,-0.0389999999999997,0.0,0.0,0.0,0.0,0.0,0.0010000000000047748,0.0,0.0
GLY   8,R GLY   8,0.0,0.0,0.0,0.0,0.0,0.0,-0.012000000000000455,0.0,0.0,0.011999999999999567,0.0,0.0,0.0,0.0,0.0,-8.881784197001252e-16,0.0,0.0
GLN   9,R GLN   9,0.0,0.0,0.0,-0.001000000000000334,0.0,0.0,0.031999999999996476,0.0,0.0,-0.03200000000000003,0.0,0.0,0.0,0.0,0.0,-0.0010000000000047748,0.0,0.0
MET  10,R MET  10,0.0,0.0,0.0,0.0,0.0,0.0,-0.03499999999999659,0.0,0.0,0.0349999999999997,0.0,0.0,0.0,0.0,0.0,3.552713678800501e-15,0.0,0.0
VAL  11,R VAL  11,0.0,0.0,0.0,0.0,0.0,0.0,0.03499999999999659,0.0,0.0,-0.03400000000000003,0.0,0.0,0.0,0.0,0.0,0.000999999999995893,0.0,0.0
HID  12,R HID  12,0.0,0.0,0.0,0.0,0.0,0.0,-0.04800000000000182,0.0,0.0,0.04699999999999971,0.0,0.0,0.0,0.0,0.0,-0.0010000000000012221,0.0,0.0
GLN  13,R GLN  13,0.0,0.0,0.0,0.0,0.0,0.0,0.0589999999999975,0.0,0.0,-0.0600000000000005,0.0,0.0,0.0,0.0,0.0,-0.0010000000000047748,0.0,0.0
ALA  14,R ALA  14,0.0,0.0,0.0,0.0,0.0,0.0,0.022999999999996135,0.0,0.0,-0.02200000000000024,0.0,0.0,0.0,0.0,0.0,0.000999999999995893,0.0,0.0
ILE  15,R ILE  15,0.0,0.0,0.0,0.0,0.0,0.0,-0.04600000000000648,0.0,0.0,0.044999999999999485,0.0,0.0,0.0,0.0,0.0,-0.0010000000000065512,0.0,0.0
SER  16,R SER  16,0.0,0.0,0.0,-0.0009999999999994458,0.0,0.0,-0.015000000000000568,0.0,0.0,0.013000000000000789,0.0,0.0,0.0,0.0,0.0,-0.0029999999999903437,0.0,0.0
PRO  17,R PRO  17,0.0,0.0,0.0,-0.001000000000000334,0.0,0.0,-0.012000000000000455,0.0,0.0,0.010000000000000231,0.0,0.0,0.0,0.0,0.0,-0.003000000000007219,0.0,0.0
ARG  18,R ARG  18,0.0,0.0,0.0,-0.0009999999999994458,0.0,0.0,-5.6370000000000005,0.0,0.0,5.600999999999999,0.0,0.0,0.0,0.0,0.0,-0.03700000000000614,0.0,0.0
THR  19,R THR  19,0.0,0.0,0.0,-0.0009999999999994458,0.0,0.0,-0.045000000000001705,0.0,0.0,0.04300000000000015,0.0,0.0,0.0,0.0,0.0,-0.003000000000007219,0.0,0.0
LEU  20,R LEU  20,0.0,0.0,0.0,-0.0010000000000012221,0.0,0.0,-0.0589999999999975,0.0,0.0,0.05699999999999994,0.0,0.0,0.0,0.0,0.0,-0.0030000000000036664,0.0,0.0
ASN  21,R ASN  21,0.0,0.0,0.0,-0.0019999999999997797,0.0,0.0,-0.0689999999999884,0.0,0.0,0.0649999999999995,0.0,0.0,0.0,0.0,0.0,-0.0059999999999860165,0.0,0.0
ALA  22,R ALA  22,0.0,0.0,0.0,-0.0019999999999997797,0.0,0.0,-0.17199999999999704,0.0,0.0,0.16399999999999992,0.0,0.0,0.0,0.0,0.0,-0.009999999999992681,0.0,0.0
TRP  23,R TRP  23,0.0,0.0,0.0,-0.009000000000000341,0.0,0.0,-0.24099999999999966,0.0,0.0,0.2250000000000001,0.0,0.0,0.0,0.0,0.0,-0.02500000000000213,0.0,0.0
VAL  24,R VAL  24,0.0,0.0,0.0,-0.004000000000000448,0.0,0.0,-0.23100000000000165,0.0,0.0,0.2239999999999993,0.0,0.0,0.0,0.0,0.0,-0.011000000000007226,0.0,0.0
LYS  25,R LYS  25,0.0,0.0,0.0,-0.007000000000000561,0.0,0.0,-5.945999999999998,0.0,0.0,5.919999999999998,0.0,0.0,0.0,0.0,0.0,-0.03299999999999059,0.0,0.0
VAL  26,R VAL  26,0.0,0.0,0.0,-0.017000000000000348,0.0,0.0,-0.6689999999999969,0.0,0.0,0.6309999999999998,0.0,0.0,0.0,0.0,0.0,-0.05499999999999261,0.0,0.0
VAL  27,R VAL  27,0.0,0.0,0.0,-0.023000000000001464,0.0,0.0,-0.7629999999999981,0.0,0.0,0.7299999999999998,0.0,0.0,0.0,0.0,0.0,-0.056000000000002714,0.0,0.0
GLU  28,R GLU  28,0.0,0.0,0.0,-0.052999999999999936,0.0,0.0,-1.5730000000000004,0.0,0.0,1.3730000000000047,0.0,0.0,0.0,0.0,0.0,-0.2530000000000072,0.0,0.0
GLU  29,R GLU  29,0.0,0.0,0.0,-0.07399999999999984,0.0,0.0,0.7999999999999972,0.0,0.0,-1.0200000000000102,0.0,0.0,0.0,0.0,0.0,-0.29400000000001114,0.0,0.0
LYS  30,R LYS  30,0.0,0.0,0.0,-0.27500000000000036,0.0,0.0,-0.49200000000000443,0.0,0.0,1.2470000000000008,0.0,0.0,0.0,0.0,0.0,0.47999999999999066,0.0,0.0
ALA  31,R ALA  31,0.0,0.0,0.0,-0.6600000000000001,0.0,0.0,-6.370999999999995,0.0,0.0,4.869,0.0,0.0,0.0,0.0,0.0,-2.1619999999999915,0.0,0.0
PHE  32,R PHE  32,0.0,0.0,0.0,-2.0890000000000004,0.0,0.0,0.6219999999999999,0.0,0.0,1.2799999999999998,0.0,0.0,0.0,0.0,0.0,-0.1869999999999994,0.0,0.0
SER  33,R SER  33,0.0,0.0,0.0,-2.0280000000000005,0.0,0.0,0.7289999999999992,0.0,0.0,-0.14700000000000024,0.0,0.0,0.0,0.0,0.0,-1.446000000000005,0.0,0.0
PRO  34,R PRO  34,0.0,0.0,0.0,-1.9219999999999997,0.0,0.0,-1.7689999999999984,0.0,0.0,1.4889999999999999,0.0,0.0,0.0,0.0,0.0,-2.202000000000009,0.0,0.0
GLU  35,R GLU  35,0.0,0.0,0.0,-1.0549999999999997,0.0,0.0,5.025999999999996,0.0,0.0,-3.531000000000006,0.0,0.0,0.0,0.0,0.0,0.4399999999999977,0.0,0.0
VAL  36,R VAL  36,0.0,0.0,0.0,-0.07600000000000051,0.0,0.0,0.08200000000000074,0.0,0.0,-0.09,0.0,0.0,0.0,0.0,0.0,-0.08399999999999963,0.0,0.0
ILE  37,R ILE  37,0.0,0.0,0.0,-0.058999999999999275,0.0,0.0,-0.48099999999999454,0.0,0.0,0.45299999999999996,0.0,0.0,0.0,0.0,0.0,-0.08700000000000685,0.0,0.0
PRO  38,R PRO  38,0.0,0.0,0.0,-0.04099999999999948,0.0,0.0,-0.19500000000000028,0.0,0.0,0.18400000000000016,0.0,0.0,0.0,0.0,0.0,-0.05199999999999605,0.0,0.0
MET  39,R MET  39,0.0,0.0,0.0,-0.031000000000000583,0.0,0.0,-0.007000000000005002,0.0,0.0,-0.0040000000000000036,0.0,0.0,0.0,0.0,0.0,-0.04200000000001092,0.0,0.0
PHE  40,R PHE  40,0.0,0.0,0.0,-0.009999999999999787,0.0,0.0,-0.06300000000000239,0.0,0.0,0.05999999999999994,0.0,0.0,0.0,0.0,0.0,-0.013000000000007894,0.0,0.0
SER  41,R SER  41,0.0,0.0,0.0,-0.0039999999999995595,0.0,0.0,-0.09599999999999653,0.0,0.0,0.0909999999999993,0.0,0.0,0.0,0.0,0.0,-0.009000000000002117,0.0,0.0
ALA  42,R ALA  42,0.0,0.0,0.0,-0.0019999999999997797,0.0,0.0,-0.0350000000000108,0.0,0.0,0.03500000000000014,0.0,0.0,0.0,0.0,0.0,-0.002000000000005997,0.0,0.0
LEU  43,R LEU  43,0.0,0.0,0.0,-0.0039999999999995595,0.0,0.0,-0.0010000000000047748,0.0,0.0,0.0009999999999998899,0.0,0.0,0.0,0.0,0.0,-0.004000000000010218,0.0,0.0
SER  44,R SER  44,0.0,0.0,0.0,-0.001000000000000334,0.0,0.0,-0.0049999999999954525,0.0,0.0,0.0050000000000000044,0.0,0.0,0.0,0.0,0.0,-0.0009999999999923403,0.0,0.0
GLU  45,R GLU  45,0.0,0.0,0.0,-0.0009999999999994458,0.0,0.0,6.667999999999999,0.0,0.0,-6.596999999999994,0.0,0.0,0.0,0.0,0.0,0.0700000000000145,0.0,0.0
GLY  46,R GLY  46,0.0,0.0,0.0,0.0,0.0,0.0,-0.06199999999999761,0.0,0.0,0.06099999999999994,0.0,0.0,0.0,0.0,0.0,-0.0009999999999976694,0.0,0.0
ALA  47,R ALA  47,0.0,0.0,0.0,-0.001000000000000334,0.0,0.0,0.03900000000000148,0.0,0.0,-0.038000000000000034,0.0,0.0,0.0,0.0,0.0,-3.552713678800501e-15,0.0,0.0
THR  48,R THR  48,0.0,0.0,0.0,0.0,0.0,0.0,-0.001999999999995339,0.0,0.0,0.0010000000000000009,0.0,0.0,0.0,0.0,0.0,-0.000999999999995893,0.0,0.0
PRO  49,R PRO  49,0.0,0.0,0.0,-0.0009999999999994458,0.0,0.0,-0.005000000000002558,0.0,0.0,0.0040000000000000036,0.0,0.0,0.0,0.0,0.0,-0.0020000000000077733,0.0,0.0
GLN  50,R GLN  50,0.0,0.0,0.0,0.0,0.0,0.0,0.012000000000000455,0.0,0.0,-0.012000000000000455,0.0,0.0,0.0,0.0,0.0,0.0,0.0,0.0
ASP  51,R ASP  51,0.0,0.0,0.0,-0.0009999999999994458,0.0,0.0,5.3289999999999935,0.0,0.0,-5.286999999999999,0.0,0.0,0.0,0.0,0.0,0.040999999999982606,0.0,0.0
LEU  52,R LEU  52,0.0,0.0,0.0,-0.0009999999999994458,0.0,0.0,-0.0350000000000108,0.0,0.0,0.035999999999999976,0.0,0.0,0.0,0.0,0.0,-7.105427357601002e-15,0.0,0.0
ASN  53,R ASN  53,0.0,0.0,0.0,-0.001000000000000334,0.0,0.0,-0.027000000000001023,0.0,0.0,0.02400000000000002,0.0,0.0,0.0,0.0,0.0,-0.0040000000000048885,0.0,0.0
THR  54,R THR  54,0.0,0.0,0.0,-0.0009999999999994458,0.0,0.0,-0.055999999999997385,0.0,0.0,0.052999999999999936,0.0,0.0,0.0,0.0,0.0,-0.00399999999999423,0.0,0.0
MET  55,R MET  55,0.0,0.0,0.0,-0.0019999999999988916,0.0,0.0,-0.04799999999998761,0.0,0.0,0.04300000000000004,0.0,0.0,0.0,0.0,0.0,-0.006999999999982798,0.0,0.0
LEU  56,R LEU  56,0.0,0.0,0.0,-0.002000000000000668,0.0,0.0,-0.07800000000000296,0.0,0.0,0.07299999999999995,0.0,0.0,0.0,0.0,0.0,-0.006999999999997897,0.0,0.0
ASN  57,R ASN  57,0.0,0.0,0.0,-0.001000000000000334,0.0,0.0,-0.03300000000000125,0.0,0.0,0.031000000000000583,0.0,0.0,0.0,0.0,0.0,-0.002999999999985903,0.0,0.0
THR  58,R THR  58,0.0,0.0,0.0,-0.0010000000000012221,0.0,0.0,-0.007999999999995566,0.0,0.0,0.0050000000000003375,0.0,0.0,0.0,0.0,0.0,-0.00399999999999423,0.0,0.0
VAL  59,R VAL  59,0.0,0.0,0.0,-0.0030000000000001137,0.0,0.0,-0.09100000000000108,0.0,0.0,0.07999999999999963,0.0,0.0,0.0,0.0,0.0,-0.014000000000001123,0.0,0.0
ALA  60,R ALA  60,0.0,0.0,0.0,-0.0009999999999998899,0.0,0.0,-0.046999999999997044,0.0,0.0,0.04499999999999993,0.0,0.0,0.0,0.0,0.0,-0.0030000000000036664,0.0,0.0
PRO  61,R PRO  61,0.0,0.0,0.0,-0.002000000000000668,0.0,0.0,0.017000000000003013,0.0,0.0,-0.017999999999999794,0.0,0.0,0.0,0.0,0.0,-0.0029999999999894555,0.0,0.0
HID  62,R HID  62,0.0,0.0,0.0,-0.006999999999999673,0.0,0.0,0.2540000000000049,0.0,0.0,-0.2410000000000001,0.0,0.0,0.0,0.0,0.0,0.006000000000000227,0.0,0.0
GLN  63,R GLN  63,0.0,0.0,0.0,-0.004999999999999893,0.0,0.0,-0.21299999999999386,0.0,0.0,0.19299999999999962,0.0,0.0,0.0,0.0,0.0,-0.02499999999999858,0.0,0.0
ALA  64,R ALA  64,0.0,0.0,0.0,-0.007000000000000117,0.0,0.0,0.18299999999999272,0.0,0.0,-0.17499999999999982,0.0,0.0,0.0,0.0,0.0,0.0009999999999870113,0.0,0.0
ALA  65,R ALA  65,0.0,0.0,0.0,-0.012000000000000455,0.0,0.0,0.32900000000000773,0.0,0.0,-0.314,0.0,0.0,0.0,0.0,0.0,0.003000000000007219,0.0,0.0
ALA  66,R ALA  66,0.0,0.0,0.0,-0.0030000000000001137,0.0,0.0,0.09099999999999397,0.0,0.0,-0.08600000000000002,0.0,0.0,0.0,0.0,0.0,0.0019999999999935625,0.0,0.0
GLN  67,R GLN  67,0.0,0.0,0.0,-0.004999999999999893,0.0,0.0,0.023000000000010346,0.0,0.0,-0.01899999999999924,0.0,0.0,0.0,0.0,0.0,-0.000999999999990564,0.0,0.0
MET  68,R MET  68,0.0,0.0,0.0,-0.016000000000000014,0.0,0.0,0.14000000000000057,0.0,0.0,-0.127,0.0,0.0,0.0,0.0,0.0,-0.0030000000000047766,0.0,0.0
LEU  69,R LEU  69,0.0,0.0,0.0,-0.006999999999999673,0.0,0.0,0.18599999999999284,0.0,0.0,-0.17699999999999994,0.0,0.0,0.0,0.0,0.0,0.0020000000000024443,0.0,0.0
LYS  70,R LYS  70,0.0,0.0,0.0,-0.002000000000000668,0.0,0.0,-4.899000000000001,0.0,0.0,4.878,0.0,0.0,0.0,0.0,0.0,-0.022999999999996135,0.0,0.0
GLU  71,R GLU  71,0.0,0.0,0.0,-0.0030000000000001137,0.0,0.0,5.2379999999999995,0.0,0.0,-5.217999999999989,0.0,0.0,0.0,0.0,0.0,0.017000000000010118,0.0,0.0
THR  72,R THR  72,0.0,0.0,0.0,-0.0030000000000001137,0.0,0.0,0.1490000000000009,0.0,0.0,-0.1439999999999999,0.0,0.0,0.0,0.0,0.0,0.0020000000000024443,0.0,0.0
ILE  73,R ILE  73,0.0,0.0,0.0,-0.0019999999999988916,0.0,0.0,0.07499999999999574,0.0,0.0,-0.07299999999999995,0.0,0.0,0.0,0.0,0.0,0.0,0.0,0.0
ASN  74,R ASN  74,0.0,0.0,0.0,-0.001000000000000334,0.0,0.0,-0.001999999999995339,0.0,0.0,0.0039999999999995595,0.0,0.0,0.0,0.0,0.0,0.0010000000000189857,0.0,0.0
GLU  75,R GLU  75,0.0,0.0,0.0,-0.0010000000000012221,0.0,0.0,5.520000000000003,0.0,0.0,-5.477999999999994,0.0,0.0,0.0,0.0,0.0,0.04100000000001813,0.0,0.0
GLU  76,R GLU  76,0.0,0.0,0.0,-0.0019999999999997797,0.0,0.0,7.006,0.0,0.0,-6.923000000000002,0.0,0.0,0.0,0.0,0.0,0.08100000000000307,0.0,0.0
ALA  77,R ALA  77,0.0,0.0,0.0,-0.0009999999999994458,0.0,0.0,0.001999999999995339,0.0,0.0,-0.001000000000000112,0.0,0.0,0.0,0.0,0.0,-9.769962616701378e-15,0.0,0.0
ALA  78,R ALA  78,0.0,0.0,0.0,0.0,0.0,0.0,-0.028999999999996362,0.0,0.0,0.02999999999999997,0.0,0.0,0.0,0.0,0.0,0.0010000000000036646,0.0,0.0
GLU  79,R GLU  79,0.0,0.0,0.0,-0.001000000000000334,0.0,0.0,6.417000000000002,0.0,0.0,-6.348000000000013,0.0,0.0,0.0,0.0,0.0,0.06799999999999784,0.0,0.0
TRP  80,R TRP  80,0.0,0.0,0.0,0.0,0.0,0.0,0.0660000000000025,0.0,0.0,-0.06399999999999995,0.0,0.0,0.0,0.0,0.0,0.0020000000000024443,0.0,0.0
ASP  81,R ASP  81,0.0,0.0,0.0,-0.0009999999999994458,0.0,0.0,5.203000000000003,0.0,0.0,-5.1499999999999915,0.0,0.0,0.0,0.0,0.0,0.05200000000002092,0.0,0.0
ARG  82,R ARG  82,0.0,0.0,0.0,-0.001000000000000334,0.0,0.0,-6.23,0.0,0.0,6.1640000000000015,0.0,0.0,0.0,0.0,0.0,-0.06699999999997885,0.0,0.0
LEU  83,R LEU  83,0.0,0.0,0.0,-0.0009999999999994458,0.0,0.0,-0.031999999999996476,0.0,0.0,0.03200000000000003,0.0,0.0,0.0,0.0,0.0,-0.0009999999999941167,0.0,0.0
HID  84,R HID  84,0.0,0.0,0.0,-0.0009999999999994458,0.0,0.0,-0.001999999999995339,0.0,0.0,0.0019999999999997797,0.0,0.0,0.0,0.0,0.0,-0.0009999999999870113,0.0,0.0
PRO  85,R PRO  85,0.0,0.0,0.0,0.0,0.0,0.0,0.030000000000001137,0.0,0.0,-0.028999999999999915,0.0,0.0,0.0,0.0,0.0,0.0010000000000012221,0.0,0.0
VAL  86,R VAL  86,0.0,0.0,0.0,0.0,0.0,0.0,0.015000000000000568,0.0,0.0,-0.01399999999999979,0.0,0.0,0.0,0.0,0.0,0.001000000000000334,0.0,0.0
HID  87,R HID  87,0.0,0.0,0.0,0.0,0.0,0.0,0.0009999999999976694,0.0,0.0,-0.0019999999999997797,0.0,0.0,0.0,0.0,0.0,-0.0010000000000012221,0.0,0.0
ALA  88,R ALA  88,0.0,0.0,0.0,0.0,0.0,0.0,0.007999999999995566,0.0,0.0,-0.006000000000000227,0.0,0.0,0.0,0.0,0.0,0.001999999999995339,0.0,0.0
GLY  89,R GLY  89,0.0,0.0,0.0,0.0,0.0,0.0,0.021000000000000796,0.0,0.0,-0.021000000000000796,0.0,0.0,0.0,0.0,0.0,0.0,0.0,0.0
PRO  90,R PRO  90,0.0,0.0,0.0,0.0,0.0,0.0,0.04700000000000415,0.0,0.0,-0.04600000000000026,0.0,0.0,0.0,0.0,0.0,0.0010000000000047748,0.0,0.0
ILE  91,R ILE  91,0.0,0.0,0.0,0.0,0.0,0.0,-0.008000000000002672,0.0,0.0,0.008000000000000007,0.0,0.0,0.0,0.0,0.0,-1.7763568394002505e-15,0.0,0.0
ALA  92,R ALA  92,0.0,0.0,0.0,0.0,0.0,0.0,-0.045000000000001705,0.0,0.0,0.04499999999999993,0.0,0.0,0.0,0.0,0.0,0.0,0.0,0.0
PRO  93,R PRO  93,0.0,0.0,0.0,0.0,0.0,0.0,0.03300000000000125,0.0,0.0,-0.03300000000000036,0.0,0.0,0.0,0.0,0.0,0.0,0.0,0.0
GLY  94,R GLY  94,0.0,0.0,0.0,0.0,0.0,0.0,-0.02400000000000091,0.0,0.0,0.022999999999999687,0.0,0.0,0.0,0.0,0.0,-0.0010000000000012221,0.0,0.0
GLN  95,R GLN  95,0.0,0.0,0.0,-0.001000000000000334,0.0,0.0,0.0030000000000001137,0.0,0.0,-0.0030000000000001137,0.0,0.0,0.0,0.0,0.0,-0.0010000000000047748,0.0,0.0
MET  96,R MET  96,0.0,0.0,0.0,0.0,0.0,0.0,-0.018000000000000682,0.0,0.0,0.01699999999999946,0.0,0.0,0.0,0.0,0.0,-0.0010000000000012221,0.0,0.0
ARG  97,R ARG  97,0.0,0.0,0.0,0.0,0.0,0.0,-4.692,0.0,0.0,4.639000000000003,0.0,0.0,0.0,0.0,0.0,-0.05299999999999727,0.0,0.0
GLU  98,R GLU  98,0.0,0.0,0.0,0.0,0.0,0.0,4.844999999999999,0.0,0.0,-4.787999999999997,0.0,0.0,0.0,0.0,0.0,0.05700000000000216,0.0,0.0
PRO  99,R PRO  99,0.0,0.0,0.0,0.0,0.0,0.0,0.006999999999997897,0.0,0.0,-0.006999999999999895,0.0,0.0,0.0,0.0,0.0,-3.552713678800501e-15,0.0,0.0
ARG 100,R ARG 100,0.0,0.0,0.0,0.0,0.0,0.0,-5.001000000000001,0.0,0.0,4.947000000000003,0.0,0.0,0.0,0.0,0.0,-0.053999999999973625,0.0,0.0
GLY 101,R GLY 101,0.0,0.0,0.0,0.0,0.0,0.0,0.021000000000000796,0.0,0.0,-0.020000000000000018,0.0,0.0,0.0,0.0,0.0,0.001000000000000334,0.0,0.0
SER 102,R SER 102,0.0,0.0,0.0,-0.001000000000000334,0.0,0.0,0.017000000000003013,0.0,0.0,-0.016999999999999904,0.0,0.0,0.0,0.0,0.0,-0.0010000000000016662,0.0,0.0
ASP 103,R ASP 103,0.0,0.0,0.0,0.0,0.0,0.0,4.903999999999996,0.0,0.0,-4.8530000000000015,0.0,0.0,0.0,0.0,0.0,0.05099999999999483,0.0,0.0
ILE 104,R ILE 104,0.0,0.0,0.0,0.0,0.0,0.0,0.003999999999997783,0.0,0.0,-0.0040000000000000036,0.0,0.0,0.0,0.0,0.0,-1.7763568394002505e-15,0.0,0.0
ALA 105,R ALA 105,0.0,0.0,0.0,-0.001000000000000334,0.0,0.0,0.001999999999995339,0.0,0.0,-0.0030000000000000027,0.0,0.0,0.0,0.0,0.0,-0.0020000000000095497,0.0,0.0
GLY 106,R GLY 106,0.0,0.0,0.0,0.0,0.0,0.0,-0.03100000000000591,0.0,0.0,0.03200000000000003,0.0,0.0,0.0,0.0,0.0,0.0009999999999941167,0.0,0.0
THR 107,R THR 107,0.0,0.0,0.0,0.0,0.0,0.0,-0.036999999999999034,0.0,0.0,0.03699999999999992,0.0,0.0,0.0,0.0,0.0,0.0,0.0,0.0
THR 108,R THR 108,0.0,0.0,0.0,0.0,0.0,0.0,-0.017000000000003013,0.0,0.0,0.016000000000000014,0.0,0.0,0.0,0.0,0.0,-0.0010000000000047748,0.0,0.0
SER 109,R SER 109,0.0,0.0,0.0,0.0,0.0,0.0,0.0379999999999967,0.0,0.0,-0.038,0.0,0.0,0.0,0.0,0.0,-3.3306690738754696e-15,0.0,0.0
THR 110,R THR 110,0.0,0.0,0.0,0.0,0.0,0.0,0.03399999999999892,0.0,0.0,-0.03399999999999981,0.0,0.0,0.0,0.0,0.0,-1.7763568394002505e-15,0.0,0.0
LEU 111,R LEU 111,0.0,0.0,0.0,0.0,0.0,0.0,0.02599999999999625,0.0,0.0,-0.0259999999999998,0.0,0.0,0.0,0.0,0.0,-3.552713678800501e-15,0.0,0.0
GLN 112,R GLN 112,0.0,0.0,0.0,0.0,0.0,0.0,0.04399999999999693,0.0,0.0,-0.04400000000000048,0.0,0.0,0.0,0.0,0.0,-7.105427357601002e-15,0.0,0.0
GLU 113,R GLU 113,0.0,0.0,0.0,0.0,0.0,0.0,4.741,0.0,0.0,-4.686999999999998,0.0,0.0,0.0,0.0,0.0,0.054000000000002046,0.0,0.0
GLN 114,R GLN 114,0.0,0.0,0.0,-0.0009999999999994458,0.0,0.0,0.0589999999999975,0.0,0.0,-0.05799999999999994,0.0,0.0,0.0,0.0,0.0,0.0,0.0,0.0
ILE 115,R ILE 115,0.0,0.0,0.0,0.0,0.0,0.0,0.03499999999999659,0.0,0.0,-0.03400000000000003,0.0,0.0,0.0,0.0,0.0,0.0009999999999967812,0.0,0.0
GLY 116,R GLY 116,0.0,0.0,0.0,0.0,0.0,0.0,0.016000000000005343,0.0,0.0,-0.016000000000000014,0.0,0.0,0.0,0.0,0.0,5.329070518200751e-15,0.0,0.0
TRP 117,R TRP 117,0.0,0.0,0.0,-0.0010000000000012221,0.0,0.0,0.021000000000000796,0.0,0.0,-0.020000000000000018,0.0,0.0,0.0,0.0,0.0,-3.552713678800501e-15,0.0,0.0
MET 118,R MET 118,0.0,0.0,0.0,-0.0010000000000012221,0.0,0.0,0.06199999999999761,0.0,0.0,-0.06099999999999994,0.0,0.0,0.0,0.0,0.0,-7.105427357601002e-15,0.0,0.0
THR 119,R THR 119,0.0,0.0,0.0,-0.0009999999999998899,0.0,0.0,-0.05399999999999494,0.0,0.0,0.052999999999999936,0.0,0.0,0.0,0.0,0.0,-0.0020000000000024443,0.0,0.0
HID 120,R HID 120,0.0,0.0,0.0,-0.0009999999999994458,0.0,0.0,-0.006000000000000227,0.0,0.0,0.005999999999999783,0.0,0.0,0.0,0.0,0.0,-0.0010000000000047748,0.0,0.0
ASN 121,R ASN 121,0.0,0.0,0.0,0.0,0.0,0.0,0.03699999999999193,0.0,0.0,-0.03599999999999959,0.0,0.0,0.0,0.0,0.0,0.000999999999990564,0.0,0.0
PRO 122,R PRO 122,0.0,0.0,0.0,-0.0009999999999994458,0.0,0.0,-0.04099999999999682,0.0,0.0,0.040999999999999925,0.0,0.0,0.0,0.0,0.0,-0.0010000000000012221,0.0,0.0
PRO 123,R PRO 123,0.0,0.0,0.0,0.0,0.0,0.0,0.015000000000000568,0.0,0.0,-0.014000000000000234,0.0,0.0,0.0,0.0,0.0,0.0009999999999994458,0.0,0.0
ILE 124,R ILE 124,0.0,0.0,0.0,0.0,0.0,0.0,-0.04399999999999693,0.0,0.0,0.04300000000000004,0.0,0.0,0.0,0.0,0.0,-0.0009999999999976694,0.0,0.0
PRO 125,R PRO 125,0.0,0.0,0.0,0.0,0.0,0.0,0.034000000000006025,0.0,0.0,-0.03300000000000003,0.0,0.0,0.0,0.0,0.0,0.0010000000000047748,0.0,0.0
VAL 126,R VAL 126,0.0,0.0,0.0,0.0,0.0,0.0,0.054999999999999716,0.0,0.0,-0.05399999999999999,0.0,0.0,0.0,0.0,0.0,0.0009999999999994458,0.0,0.0
GLY 127,R GLY 127,0.0,0.0,0.0,0.0,0.0,0.0,0.03299999999998704,0.0,0.0,-0.03299999999999992,0.0,0.0,0.0,0.0,0.0,-1.2434497875801753e-14,0.0,0.0
GLU 128,R GLU 128,0.0,0.0,0.0,-0.0009999999999994458,0.0,0.0,6.756,0.0,0.0,-6.679000000000002,0.0,0.0,0.0,0.0,0.0,0.0759999999999934,0.0,0.0
ILE 129,R ILE 129,0.0,0.0,0.0,-0.0009999999999994458,0.0,0.0,0.12999999999999545,0.0,0.0,-0.127,0.0,0.0,0.0,0.0,0.0,0.0019999999999900098,0.0,0.0
TYR 130,R TYR 130,0.0,0.0,0.0,-0.0009999999999994458,0.0,0.0,0.09099999999999397,0.0,0.0,-0.089,0.0,0.0,0.0,0.0,0.0,0.0010000000000034426,0.0,0.0
LYS 131,R LYS 131,0.0,0.0,0.0,-0.002000000000000668,0.0,0.0,-6.534999999999997,0.0,0.0,6.464999999999996,0.0,0.0,0.0,0.0,0.0,-0.07200000000000983,0.0,0.0
ARG 132,R ARG 132,0.0,0.0,0.0,-0.0039999999999995595,0.0,0.0,-7.373,0.0,0.0,7.279,0.0,0.0,0.0,0.0,0.0,-0.09799999999998477,0.0,0.0
TRP 133,R TRP 133,0.0,0.0,0.0,-0.0030000000000001137,0.0,0.0,-0.022999999999996135,0.0,0.0,0.02200000000000002,0.0,0.0,0.0,0.0,0.0,-0.004000000000008441,0.0,0.0
ILE 134,R ILE 134,0.0,0.0,0.0,-0.004000000000001336,0.0,0.0,-0.02200000000000557,0.0,0.0,0.019999999999999962,0.0,0.0,0.0,0.0,0.0,-0.006000000000009997,0.0,0.0
ILE 135,R ILE 135,0.0,0.0,0.0,-0.009999999999999787,0.0,0.0,0.1599999999999966,0.0,0.0,-0.14700000000000002,0.0,0.0,0.0,0.0,0.0,0.002999999999991232,0.0,0.0
LEU 136,R LEU 136,0.0,0.0,0.0,-0.009000000000000341,0.0,0.0,0.2330000000000041,0.0,0.0,-0.21999999999999997,0.0,0.0,0.0,0.0,0.0,0.004000000000003112,0.0,0.0
GLY 137,R GLY 137,0.0,0.0,0.0,-0.006999999999999673,0.0,0.0,0.1010000000000133,0.0,0.0,-0.08299999999999996,0.0,0.0,0.0,0.0,0.0,0.011000000000008558,0.0,0.0
LEU 138,R LEU 138,0.0,0.0,0.0,-0.03399999999999892,0.0,0.0,-0.14499999999999602,0.0,0.0,0.17899999999999994,0.0,0.0,0.0,0.0,0.0,3.552713678800501e-15,0.0,0.0
ASN 139,R ASN 139,0.0,0.0,0.0,-0.05900000000000016,0.0,0.0,1.2169999999999987,0.0,0.0,-1.056,0.0,0.0,0.0,0.0,0.0,0.10200000000000387,0.0,0.0
LYS 140,R LYS 140,0.0,0.0,0.0,-0.03200000000000003,0.0,0.0,-6.758999999999986,0.0,0.0,6.724,0.0,0.0,0.0,0.0,0.0,-0.06699999999999662,0.0,0.0
ILE 141,R ILE 141,0.0,0.0,0.0,-0.08999999999999986,0.0,0.0,-0.6640000000000015,0.0,0.0,0.7030000000000001,0.0,0.0,0.0,0.0,0.0,-0.051000000000005485,0.0,0.0
VAL 142,R VAL 142,0.0,0.0,0.0,-1.2199999999999989,0.0,0.0,-1.3279999999999959,0.0,0.0,1.887,0.0,0.0,0.0,0.0,0.0,-0.6609999999999943,0.0,0.0
ARG 143,R ARG 143,0.0,0.0,0.0,-0.3719999999999999,0.0,0.0,-22.325000000000003,0.0,0.0,21.604,0.0,0.0,0.0,0.0,0.0,-1.092999999999961,0.0,0.0
MET 144,R MET 144,0.0,0.0,0.0,-0.2190000000000003,0.0,0.0,-1.051000000000002,0.0,0.0,0.9800000000000004,0.0,0.0,0.0,0.0,0.0,-0.2900000000000098,0.0,0.0
TYR 145,R TYR 145,0.0,0.0,0.0,-4.954000000000001,0.0,0.0,-4.421999999999997,0.0,0.0,6.077,0.0,0.0,0.0,0.0,0.0,-3.299000000000005,0.0,0.0
SER 146,R SER 146,0.0,0.0,0.0,-2.425,0.0,0.0,-1.5600000000000023,0.0,0.0,3.2739999999999996,0.0,0.0,0.0,0.0,0.0,-0.7110000000000003,0.0,0.0
PRO 147,R PRO 147,0.0,0.0,0.0,-0.5039999999999996,0.0,0.0,2.0720000000000027,0.0,0.0,-1.9660000000000002,0.0,0.0,0.0,0.0,0.0,-0.39799999999998725,0.0,0.0
THR 148,R THR 148,0.0,0.0,0.0,-2.612,0.0,0.0,-5.713000000000001,0.0,0.0,8.282,0.0,0.0,0.0,0.0,0.0,-0.043000000000002814,0.0,0.0
SER 149,R SER 149,0.0,0.0,0.0,-3.2540000000000004,0.0,0.0,-18.009,0.0,0.0,17.122,0.0,0.0,0.0,0.0,0.0,-4.140999999999998,0.0,0.0
ILE 150,R ILE 150,17.948999999999998,0.0,0.0,-9.839,0.0,0.0,-28.017,0.0,0.0,8.933,0.0,0.0,0.0,0.0,0.0,-10.974,0.0,0.0
LEU 151,L LEU   1,18.663000000000004,0.0,0.0,-2.6690000000000005,0.0,0.0,-24.284999999999997,0.0,0.0,0.6869999999999999,0.0,0.0,0.0,0.0,0.0,-7.6039999999999965,0.0,0.0
ASP 152,L ASP   2,0.0,0.0,0.0,-2.8970000000000002,0.0,0.0,0.507000000000005,0.0,0.0,3.5990000000000038,0.0,0.0,0.0,0.0,0.0,1.2090000000000032,0.0,0.0
ILE 153,L ILE   3,0.0,0.0,0.0,-2.5070000000000006,0.0,0.0,-1.7439999999999998,0.0,0.0,0.668,0.0,0.0,0.0,0.0,0.0,-3.5830000000000055,0.0,0.0
ARG 154,L ARG   4,0.0,0.0,0.0,-0.11000000000000032,0.0,0.0,-9.594999999999999,0.0,0.0,9.608,0.0,0.0,0.0,0.0,0.0,-0.09699999999997999,0.0,0.0
GLN 155,L GLN   5,0.0,0.0,0.0,-0.019999999999999574,0.0,0.0,-0.16400000000000148,0.0,0.0,0.16699999999999982,0.0,0.0,0.0,0.0,0.0,-0.017000000000010118,0.0,0.0
GLY 156,L GLY   6,0.0,0.0,0.0,-0.004999999999999893,0.0,0.0,-0.05100000000000193,0.0,0.0,0.05799999999999983,0.0,0.0,0.0,0.0,0.0,0.0020000000000024443,0.0,0.0
PRO 157,L PRO   7,0.0,0.0,0.0,-0.0040000000000000036,0.0,0.0,-0.02499999999999858,0.0,0.0,0.02799999999999958,0.0,0.0,0.0,0.0,0.0,-0.0010000000000012221,0.0,0.0
LYS 158,L LYS   8,0.0,0.0,0.0,-0.0029999999999996696,0.0,0.0,-9.280000000000001,0.0,0.0,9.262999999999998,0.0,0.0,0.0,0.0,0.0,-0.020000000000003126,0.0,0.0
GLU 159,L GLU   9,0.0,0.0,0.0,-0.01699999999999946,0.0,0.0,12.920999999999992,0.0,0.0,-12.886,0.0,0.0,0.0,0.0,0.0,0.018000000000000682,0.0,0.0
PRO 160,L PRO  10,0.0,0.0,0.0,-0.006000000000000227,0.0,0.0,0.2809999999999988,0.0,0.0,-0.28200000000000003,0.0,0.0,0.0,0.0,0.0,-0.0070000000000014495,0.0,0.0
PHE 161,L PHE  11,0.0,0.0,0.0,-0.0129999999999999,0.0,0.0,0.3889999999999958,0.0,0.0,-0.395,0.0,0.0,0.0,0.0,0.0,-0.01900000000000901,0.0,0.0
ARG 162,L ARG  12,0.0,0.0,0.0,-0.018000000000000682,0.0,0.0,-12.832999999999998,0.0,0.0,12.786000000000001,0.0,0.0,0.0,0.0,0.0,-0.06499999999999773,0.0,0.0
ASP 163,L ASP  13,0.0,0.0,0.0,-0.0259999999999998,0.0,0.0,13.991,0.0,0.0,-13.971999999999994,0.0,0.0,0.0,0.0,0.0,-0.006999999999990791,0.0,0.0
TYR 164,L TYR  14,0.0,0.0,0.0,-0.08900000000000219,0.0,0.0,0.6469999999999914,0.0,0.0,-0.693,0.0,0.0,0.0,0.0,0.0,-0.1350000000000069,0.0,0.0
VAL 165,L VAL  15,0.0,0.0,0.0,-0.051000000000000156,0.0,0.0,0.36599999999999966,0.0,0.0,-0.4179999999999999,0.0,0.0,0.0,0.0,0.0,-0.10300000000000153,0.0,0.0
ASP 166,L ASP  16,0.0,0.0,0.0,-0.18599999999999994,0.0,0.0,19.74000000000001,0.0,0.0,-19.830999999999996,0.0,0.0,0.0,0.0,0.0,-0.2769999999999939,0.0,0.0
ARG 167,L ARG  17,0.0,0.0,0.0,-0.5990000000000002,0.0,0.0,-15.465,0.0,0.0,15.219,0.0,0.0,0.0,0.0,0.0,-0.8450000000000273,0.0,0.0
PHE 168,L PHE  18,0.0,0.0,0.0,-1.3019999999999996,0.0,0.0,-0.2459999999999951,0.0,0.0,-0.23399999999999999,0.0,0.0,0.0,0.0,0.0,-1.7820000000000018,0.0,0.0
TYR 169,L TYR  19,0.0,0.0,0.0,-0.34500000000000064,0.0,0.0,0.09299999999998931,0.0,0.0,-0.19700000000000006,0.0,0.0,0.0,0.0,0.0,-0.4490000000000096,0.0,0.0
LYS 170,L LYS  20,0.0,0.0,0.0,-3.6420000000000003,0.0,0.0,-25.401999999999987,0.0,0.0,26.287,0.0,0.0,0.0,0.0,0.0,-2.756999999999998,0.0,0.0
THR 171,L THR  21,0.0,0.0,0.0,-2.4970000000000008,0.0,0.0,-2.6270000000000024,0.0,0.0,1.59,0.0,0.0,0.0,0.0,0.0,-3.5340000000000025,0.0,0.0
LEU 172,L LEU  22,0.0,0.0,0.0,-1.2270000000000003,0.0,0.0,-0.2849999999999966,0.0,0.0,0.495,0.0,0.0,0.0,0.0,0.0,-1.0170000000000003,0.0,0.0
ARG 173,L ARG  23,0.0,0.0,0.0,-5.679999999999999,0.0,0.0,-33.847,0.0,0.0,35.199999999999996,0.0,0.0,0.0,0.0,0.0,-4.327000000000027,0.0,0.0
ALA 174,L ALA  24,0.0,0.0,0.0,-3.6180000000000003,0.0,0.0,-2.2190000000000083,0.0,0.0,3.245,0.0,0.0,0.0,0.0,0.0,-2.592000000000003,0.0,0.0
GLU 175,L GLU  25,0.0,0.0,0.0,-1.3529999999999998,0.0,0.0,-9.227999999999994,0.0,0.0,10.864999999999995,0.0,0.0,0.0,0.0,0.0,0.284000000000006,0.0,0.0
GLN 176,L GLN  26,0.0,0.0,0.0,-2.338,0.0,0.0,-3.195999999999998,0.0,0.0,3.635,0.0,0.0,0.0,0.0,0.0,-1.8989999999999938,0.0,0.0
ALA 177,L ALA  27,0.0,0.0,0.0,-0.23300000000000054,0.0,0.0,0.5429999999999922,0.0,0.0,-0.404,0.0,0.0,0.0,0.0,0.0,-0.09400000000001185,0.0,0.0
SER 178,L SER  28,0.0,0.0,0.0,-0.052999999999999936,0.0,0.0,-0.35600000000000165,0.0,0.0,0.1509999999999998,0.0,0.0,0.0,0.0,0.0,-0.2580000000000062,0.0,0.0
GLN 179,L GLN  29,0.0,0.0,0.0,-0.05600000000000005,0.0,0.0,-0.0660000000000025,0.0,0.0,-0.0030000000000001137,0.0,0.0,0.0,0.0,0.0,-0.1250000000000071,0.0,0.0
GLU 180,L GLU  30,0.0,0.0,0.0,-0.017999999999999794,0.0,0.0,8.96,0.0,0.0,-8.945999999999998,0.0,0.0,0.0,0.0,0.0,-0.003999999999997783,0.0,0.0
VAL 181,L VAL  31,0.0,0.0,0.0,-0.16600000000000037,0.0,0.0,-0.11299999999999955,0.0,0.0,0.14399999999999968,0.0,0.0,0.0,0.0,0.0,-0.13499999999999623,0.0,0.0
LYS 182,L LYS  32,0.0,0.0,0.0,-0.16499999999999915,0.0,0.0,-13.908000000000001,0.0,0.0,14.229,0.0,0.0,0.0,0.0,0.0,0.1559999999999917,0.0,0.0
ASN 183,L ASN  33,0.0,0.0,0.0,-0.020999999999999908,0.0,0.0,-0.25199999999999534,0.0,0.0,0.2759999999999998,0.0,0.0,0.0,0.0,0.0,0.0030000000000001137,0.0,0.0
TRP 184,L TRP  34,0.0,0.0,0.0,-0.08800000000000097,0.0,0.0,0.031999999999996476,0.0,0.0,-0.002000000000000668,0.0,0.0,0.0,0.0,0.0,-0.05799999999999628,0.0,0.0
MET 185,L MET  35,0.0,0.0,0.0,-0.7519999999999989,0.0,0.0,0.05500000000000682,0.0,0.0,0.253,0.0,0.0,0.0,0.0,0.0,-0.4439999999999884,0.0,0.0
THR 186,L THR  36,0.0,0.0,0.0,-0.0519999999999996,0.0,0.0,-0.20700000000000074,0.0,0.0,0.2560000000000002,0.0,0.0,0.0,0.0,0.0,-0.0030000000000001137,0.0,0.0
GLU 187,L GLU  37,0.0,0.0,0.0,-0.011999999999999567,0.0,0.0,8.353000000000002,0.0,0.0,-8.334000000000003,0.0,0.0,0.0,0.0,0.0,0.006999999999997897,0.0,0.0
THR 188,L THR  38,0.0,0.0,0.0,-0.027000000000000135,0.0,0.0,0.0,0.0,0.0,0.040999999999999925,0.0,0.0,0.0,0.0,0.0,0.013999999999999346,0.0,0.0
LEU 189,L LEU  39,0.0,0.0,0.0,-1.0970000000000013,0.0,0.0,0.012000000000000455,0.0,0.0,0.11599999999999988,0.0,0.0,0.0,0.0,0.0,-0.9690000000000012,0.0,0.0
LEU 190,L LEU  40,0.0,0.0,0.0,-0.07000000000000028,0.0,0.0,0.08599999999999852,0.0,0.0,-0.020999999999999908,0.0,0.0,0.0,0.0,0.0,-0.004999999999993676,0.0,0.0
VAL 191,L VAL  41,0.0,0.0,0.0,-0.010000000000000675,0.0,0.0,0.021999999999998465,0.0,0.0,-0.014999999999999902,0.0,0.0,0.0,0.0,0.0,-0.003000000000006331,0.0,0.0
GLN 192,L GLN  42,0.0,0.0,0.0,-0.0129999999999999,0.0,0.0,-0.16500000000000625,0.0,0.0,0.1379999999999999,0.0,0.0,0.0,0.0,0.0,-0.03999999999999915,0.0,0.0
ASN 193,L ASN  43,0.0,0.0,0.0,-0.09399999999999942,0.0,0.0,-1.0109999999999957,0.0,0.0,0.45599999999999996,0.0,0.0,0.0,0.0,0.0,-0.6490000000000009,0.0,0.0
ALA 194,L ALA  44,0.0,0.0,0.0,-0.008000000000000895,0.0,0.0,-0.06300000000000239,0.0,0.0,0.06300000000000017,0.0,0.0,0.0,0.0,0.0,-0.007999999999997787,0.0,0.0
ASN 195,L ASN  45,0.0,0.0,0.0,-0.004999999999999893,0.0,0.0,-0.010000000000005116,0.0,0.0,0.006999999999999673,0.0,0.0,0.0,0.0,0.0,-0.008000000000002672,0.0,0.0
PRO 196,L PRO  46,0.0,0.0,0.0,-0.0019999999999997797,0.0,0.0,-0.01899999999999835,0.0,0.0,0.017000000000000015,0.0,0.0,0.0,0.0,0.0,-0.00399999999999423,0.0,0.0
ASP 197,L ASP  47,0.0,0.0,0.0,-0.001000000000000334,0.0,0.0,7.676000000000002,0.0,0.0,-7.653000000000006,0.0,0.0,0.0,0.0,0.0,0.02199999999999136,0.0,0.0
CYX 198,L CYX  48,0.0,0.0,0.0,-0.0019999999999997797,0.0,0.0,-0.10799999999998988,0.0,0.0,0.10400000000000009,0.0,0.0,0.0,0.0,0.0,-0.006000000000000227,0.0,0.0
LYS 199,L LYS  49,0.0,0.0,0.0,-0.0039999999999995595,0.0,0.0,-8.364999999999995,0.0,0.0,8.383000000000001,0.0,0.0,0.0,0.0,0.0,0.014000000000015334,0.0,0.0
THR 200,L THR  50,0.0,0.0,0.0,-0.001000000000000334,0.0,0.0,-0.03300000000000125,0.0,0.0,0.029000000000000026,0.0,0.0,0.0,0.0,0.0,-0.004999999999999005,0.0,0.0
ILE 201,L ILE  51,0.0,0.0,0.0,-0.0009999999999994458,0.0,0.0,-0.12599999999999767,0.0,0.0,0.12399999999999994,0.0,0.0,0.0,0.0,0.0,-0.0029999999999894555,0.0,0.0
LEU 202,L LEU  52,0.0,0.0,0.0,-0.0030000000000001137,0.0,0.0,-0.10600000000000875,0.0,0.0,0.10499999999999998,0.0,0.0,0.0,0.0,0.0,-0.004000000000008885,0.0,0.0
LYS 203,L LYS  53,0.0,0.0,0.0,-0.001000000000000334,0.0,0.0,-7.028000000000006,0.0,0.0,7.0390000000000015,0.0,0.0,0.0,0.0,0.0,0.009999999999990905,0.0,0.0
ALA 204,L ALA  54,0.0,0.0,0.0,0.0,0.0,0.0,-0.08599999999999852,0.0,0.0,0.0860000000000003,0.0,0.0,0.0,0.0,0.0,1.7763568394002505e-15,0.0,0.0
LEU 205,L LEU  55,0.0,0.0,0.0,-0.001000000000000334,0.0,0.0,-0.11899999999999977,0.0,0.0,0.11899999999999977,0.0,0.0,0.0,0.0,0.0,-0.000999999999990564,0.0,0.0
GLY 206,L GLY  56,0.0,0.0,0.0,0.0,0.0,0.0,0.0759999999999934,0.0,0.0,-0.07299999999999951,0.0,0.0,0.0,0.0,0.0,0.0029999999999938964,0.0,0.0
PRO 207,L PRO  57,0.0,0.0,0.0,-0.0019999999999997797,0.0,0.0,0.13800000000000523,0.0,0.0,-0.1379999999999999,0.0,0.0,0.0,0.0,0.0,-0.0020000000000024443,0.0,0.0
GLY 208,L GLY  58,0.0,0.0,0.0,-0.0009999999999998899,0.0,0.0,0.06700000000000017,0.0,0.0,-0.06600000000000072,0.0,0.0,0.0,0.0,0.0,-5.329070518200751e-15,0.0,0.0
ALA 209,L ALA  59,0.0,0.0,0.0,-0.001000000000000334,0.0,0.0,0.054000000000002046,0.0,0.0,-0.05400000000000027,0.0,0.0,0.0,0.0,0.0,-0.0010000000000029985,0.0,0.0
THR 210,L THR  60,0.0,0.0,0.0,-0.0019999999999997797,0.0,0.0,-0.07900000000000063,0.0,0.0,0.077,0.0,0.0,0.0,0.0,0.0,-0.004000000000003112,0.0,0.0
LEU 211,L LEU  61,0.0,0.0,0.0,-0.009999999999999787,0.0,0.0,-0.1909999999999883,0.0,0.0,0.18699999999999994,0.0,0.0,0.0,0.0,0.0,-0.013999999999994017,0.0,0.0
GLU 212,L GLU  62,0.0,0.0,0.0,-0.0029999999999992255,0.0,0.0,10.496999999999993,0.0,0.0,-10.462000000000003,0.0,0.0,0.0,0.0,0.0,0.031999999999996476,0.0,0.0
GLU 213,L GLU  63,0.0,0.0,0.0,-0.0019999999999988916,0.0,0.0,8.057000000000002,0.0,0.0,-8.048999999999992,0.0,0.0,0.0,0.0,0.0,0.006000000000014438,0.0,0.0
MET 214,L MET  64,0.0,0.0,0.0,-0.005000000000000782,0.0,0.0,0.001999999999995339,0.0,0.0,0.0,0.0,0.0,0.0,0.0,0.0,-0.0030000000000143245,0.0,0.0
MET 215,L MET  65,0.0,0.0,0.0,-0.006000000000000227,0.0,0.0,-0.1950000000000074,0.0,0.0,0.196,0.0,0.0,0.0,0.0,0.0,-0.005000000000006999,0.0,0.0
THR 216,L THR  66,0.0,0.0,0.0,-0.001000000000000334,0.0,0.0,-0.07000000000000028,0.0,0.0,0.07200000000000006,0.0,0.0,0.0,0.0,0.0,0.0010000000000012221,0.0,0.0
ALA 217,L ALA  67,0.0,0.0,0.0,-0.0009999999999994458,0.0,0.0,-0.09499999999999886,0.0,0.0,0.09599999999999997,0.0,0.0,0.0,0.0,0.0,1.0658141036401503e-14,0.0,0.0
CYX 218,L CYX  68,0.0,0.0,0.0,-0.0019999999999997797,0.0,0.0,0.025000000000005684,0.0,0.0,-0.023999999999999966,0.0,0.0,0.0,0.0,0.0,-0.0010000000000038867,0.0,0.0
GLN 219,L GLN  69,0.0,0.0,0.0,-0.002000000000000224,0.0,0.0,0.16500000000000625,0.0,0.0,-0.1639999999999997,0.0,0.0,0.0,0.0,0.0,-0.000999999999990564,0.0,0.0
GLY 220,L GLY  70,0.0,0.0,0.0,-0.0019999999999997797,0.0,0.0,0.18500000000000227,0.0,0.0,-0.185,0.0,0.0,0.0,0.0,0.0,-0.0019999999999926743,0.0,0.0
VAL 221,L VAL  71,0.0,0.0,0.0,-0.0030000000000001137,0.0,0.0,9.432999999999996,0.0,0.0,-9.417999999999992,0.0,0.0,0.0,0.0,0.0,0.012000000000014666,0.0,0.0

