| Run on Thu Jan 29 15:35:55 2026
| GB non-polar solvation energies calculated with gbsa=2
idecomp = 1: Per-residue decomp adding 1-4 interactions to Internal.
Energy Decomposition Analysis (All units kcal/mol): Generalized Born solvent
Complex:
Total Energy Decomposition:
Residue,Internal,,,van der Waals,,,Electrostatic,,,Polar Solvation,,,Non-Polar Solv.,,,TOTAL,,
,Avg.,Std. Dev.,Std. Err. of Mean,Avg.,Std. Dev.,Std. Err. of Mean,Avg.,Std. Dev.,Std. Err. of Mean,Avg.,Std. Dev.,Std. Err. of Mean,Avg.,Std. Dev.,Std. Err. of Mean,Avg.,Std. Dev.,Std. Err. of Mean
PRO   1,96.294,0.0,0.0,-7.397,0.0,0.0,-104.076,0.0,0.0,6.433,0.0,0.0,0.18832332000000002,0.0,0.0,-8.557676680000002,0.0,0.0
ILE   2,92.853,0.0,0.0,-8.9,0.0,0.0,-69.597,0.0,0.0,-3.575,0.0,0.0,0.17058908,0.0,0.0,10.951589079999994,0.0,0.0
VAL   3,54.851,0.0,0.0,-5.001,0.0,0.0,-58.604,0.0,0.0,-1.53,0.0,0.0,0.35484740000000004,0.0,0.0,-9.929152599999997,0.0,0.0
GLN   4,23.158,0.0,0.0,-5.046,0.0,0.0,-60.104,0.0,0.0,-14.272,0.0,0.0,0.7212394,0.0,0.0,-55.542760599999994,0.0,0.0
ASN   5,30.161,0.0,0.0,-7.21,0.0,0.0,-84.324,0.0,0.0,-11.158,0.0,0.0,0.30685872000000003,0.0,0.0,-72.22414128,0.0,0.0
LEU   6,61.246,0.0,0.0,-3.262,0.0,0.0,-63.959,0.0,0.0,-6.89,0.0,0.0,0.9830796,0.0,0.0,-11.881920400000002,0.0,0.0
GLN   7,34.985,0.0,0.0,-4.578,0.0,0.0,-75.203,0.0,0.0,-12.745,0.0,0.0,0.7953362200000001,0.0,0.0,-56.74566378,0.0,0.0
GLY   8,75.108,0.0,0.0,-3.005,0.0,0.0,-75.225,0.0,0.0,-2.414,0.0,0.0,0.22203030000000004,0.0,0.0,-5.313969699999985,0.0,0.0
GLN   9,46.097,0.0,0.0,-7.384,0.0,0.0,-81.289,0.0,0.0,-8.383,0.0,0.0,0.5872299000000001,0.0,0.0,-50.371770100000006,0.0,0.0
MET  10,103.472,0.0,0.0,-8.371,0.0,0.0,-77.772,0.0,0.0,-6.503,0.0,0.0,0.38186610000000004,0.0,0.0,11.207866099999993,0.0,0.0
VAL  11,49.636,0.0,0.0,-5.856,0.0,0.0,-55.208,0.0,0.0,-1.89,0.0,0.0,0.35330812000000006,0.0,0.0,-12.964691879999998,0.0,0.0
HID  12,95.507,0.0,0.0,-10.288,0.0,0.0,-63.459,0.0,0.0,-7.611,0.0,0.0,0.2188867,0.0,0.0,14.367886700000005,0.0,0.0
GLN  13,30.806,0.0,0.0,-5.286,0.0,0.0,-74.02,0.0,0.0,-10.683,0.0,0.0,0.52897574,0.0,0.0,-58.65402425999999,0.0,0.0
ALA  14,93.06,0.0,0.0,-3.534,0.0,0.0,-79.593,0.0,0.0,-3.251,0.0,0.0,0.5084231,0.0,0.0,7.190423099999993,0.0,0.0
ILE  15,96.105,0.0,0.0,-8.28,0.0,0.0,-71.833,0.0,0.0,-5.789,0.0,0.0,0.10000442000000001,0.0,0.0,10.303004420000004,0.0,0.0
SER  16,76.39,0.0,0.0,-5.115,0.0,0.0,-53.453,0.0,0.0,-7.137,0.0,0.0,0.29417592000000004,0.0,0.0,10.979175920000003,0.0,0.0
PRO  17,89.441,0.0,0.0,-4.375,0.0,0.0,-60.21,0.0,0.0,-4.091,0.0,0.0,0.63369014,0.0,0.0,21.39869014,0.0,0.0
ARG  18,-181.787,0.0,0.0,-5.205,0.0,0.0,64.66,0.0,0.0,-44.255,0.0,0.0,1.13393446,0.0,0.0,-165.45306554,0.0,0.0
THR  19,45.8,0.0,0.0,-8.161,0.0,0.0,-56.505,0.0,0.0,-2.383,0.0,0.0,0.22569422,0.0,0.0,-21.023305780000005,0.0,0.0
LEU  20,56.434,0.0,0.0,-9.227,0.0,0.0,-59.193,0.0,0.0,-2.616,0.0,0.0,0.16926660000000002,0.0,0.0,-14.432733400000004,0.0,0.0
ASN  21,31.257,0.0,0.0,-6.814,0.0,0.0,-83.964,0.0,0.0,-15.597,0.0,0.0,0.49798418000000005,0.0,0.0,-74.62001581999999,0.0,0.0
ALA  22,94.704,0.0,0.0,-6.045,0.0,0.0,-83.694,0.0,0.0,-2.623,0.0,0.0,0.18818782,0.0,0.0,2.530187819999989,0.0,0.0
TRP  23,126.975,0.0,0.0,-19.204,0.0,0.0,-98.187,0.0,0.0,-2.924,0.0,0.0,0.013550000000000001,0.0,0.0,6.67354999999999,0.0,0.0
VAL  24,64.893,0.0,0.0,-6.493,0.0,0.0,-64.59,0.0,0.0,-1.504,0.0,0.0,0.31583966,0.0,0.0,-7.378160340000004,0.0,0.0
LYS  25,137.55,0.0,0.0,-5.332,0.0,0.0,-149.248,0.0,0.0,3.377,0.0,0.0,0.48550192,0.0,0.0,-13.167498079999973,0.0,0.0
VAL  26,67.445,0.0,0.0,-9.24,0.0,0.0,-70.291,0.0,0.0,-1.726,0.0,0.0,0.11732132,0.0,0.0,-13.694678680000004,0.0,0.0
VAL  27,44.235,0.0,0.0,-7.896,0.0,0.0,-50.766,0.0,0.0,0.18,0.0,0.0,0.008102900000000001,0.0,0.0,-14.238897099999999,0.0,0.0
GLU  28,90.362,0.0,0.0,-7.958,0.0,0.0,-86.467,0.0,0.0,-56.055,0.0,0.0,0.40520462,0.0,0.0,-59.71279538,0.0,0.0
GLU  29,107.326,0.0,0.0,-3.527,0.0,0.0,-127.308,0.0,0.0,-26.73,0.0,0.0,0.2721111,0.0,0.0,-49.96688890000002,0.0,0.0
LYS  30,125.61,0.0,0.0,-10.809,0.0,0.0,-123.183,0.0,0.0,-4.58,0.0,0.0,0.25285926000000003,0.0,0.0,-12.709140740000006,0.0,0.0
ALA  31,87.37,0.0,0.0,-6.81,0.0,0.0,-76.558,0.0,0.0,-3.161,0.0,0.0,0.05280164000000001,0.0,0.0,0.8938016399999953,0.0,0.0
PHE  32,104.072,0.0,0.0,-11.579,0.0,0.0,-79.122,0.0,0.0,-6.482,0.0,0.0,0.09953288,0.0,0.0,6.988532879999995,0.0,0.0
SER  33,86.762,0.0,0.0,-6.199,0.0,0.0,-71.415,0.0,0.0,0.108,0.0,0.0,0.029869620000000003,0.0,0.0,9.285869619999996,0.0,0.0
PRO  34,75.126,0.0,0.0,-5.249,0.0,0.0,-54.341,0.0,0.0,-2.925,0.0,0.0,0.51481328,0.0,0.0,13.125813280000008,0.0,0.0
GLU  35,104.186,0.0,0.0,-8.722,0.0,0.0,-78.139,0.0,0.0,-71.152,0.0,0.0,0.45422852,0.0,0.0,-53.37277147999998,0.0,0.0
VAL  36,59.642,0.0,0.0,-11.343,0.0,0.0,-56.052,0.0,0.0,-1.058,0.0,0.0,0.0,0.0,0.0,-8.810999999999993,0.0,0.0
ILE  37,98.152,0.0,0.0,-9.341,0.0,0.0,-61.39,0.0,0.0,-1.033,0.0,0.0,0.08076342,0.0,0.0,26.468763420000005,0.0,0.0
PRO  38,83.957,0.0,0.0,-6.782,0.0,0.0,-60.277,0.0,0.0,-1.343,0.0,0.0,0.42780602,0.0,0.0,15.982806019999996,0.0,0.0
MET  39,92.003,0.0,0.0,-8.653,0.0,0.0,-74.765,0.0,0.0,-1.409,0.0,0.0,0.44073272,0.0,0.0,7.616732719999994,0.0,0.0
PHE  40,102.327,0.0,0.0,-13.683,0.0,0.0,-84.243,0.0,0.0,-2.103,0.0,0.0,0.00779396,0.0,0.0,2.30579396000001,0.0,0.0
SER  41,77.761,0.0,0.0,-6.529,0.0,0.0,-64.191,0.0,0.0,-7.696,0.0,0.0,0.23298412,0.0,0.0,-0.4220158800000029,0.0,0.0
ALA  42,85.016,0.0,0.0,-5.471,0.0,0.0,-65.984,0.0,0.0,-5.944,0.0,0.0,0.36920498,0.0,0.0,7.986204980000007,0.0,0.0
LEU  43,71.095,0.0,0.0,-9.422,0.0,0.0,-75.047,0.0,0.0,-4.084,0.0,0.0,0.16654034,0.0,0.0,-17.291459659999994,0.0,0.0
SER  44,74.245,0.0,0.0,-6.686,0.0,0.0,-73.89,0.0,0.0,-0.736,0.0,0.0,0.0,0.0,0.0,-7.067000000000003,0.0,0.0
GLU  45,100.151,0.0,0.0,-6.266,0.0,0.0,-68.146,0.0,0.0,-78.514,0.0,0.0,0.6716843400000001,0.0,0.0,-52.10331566000001,0.0,0.0
GLY  46,69.145,0.0,0.0,-3.76,0.0,0.0,-67.345,0.0,0.0,-1.222,0.0,0.0,0.19035582000000004,0.0,0.0,-2.9916441800000078,0.0,0.0
ALA  47,99.412,0.0,0.0,-6.443,0.0,0.0,-84.647,0.0,0.0,-3.607,0.0,0.0,0.0345796,0.0,0.0,4.749579600000002,0.0,0.0
THR  48,54.825,0.0,0.0,-8.245,0.0,0.0,-58.887,0.0,0.0,-1.427,0.0,0.0,0.0014363000000000002,0.0,0.0,-13.732563699999995,0.0,0.0
PRO  49,72.382,0.0,0.0,-10.279,0.0,0.0,-54.302,0.0,0.0,-1.362,0.0,0.0,0.0,0.0,0.0,6.439000000000009,0.0,0.0
GLN  50,31.038,0.0,0.0,-9.275,0.0,0.0,-71.601,0.0,0.0,-9.615,0.0,0.0,0.32502656,0.0,0.0,-59.127973440000005,0.0,0.0
ASP  51,87.302,0.0,0.0,-7.015,0.0,0.0,-117.435,0.0,0.0,-24.765,0.0,0.0,0.0147153,0.0,0.0,-61.8982847,0.0,0.0
LEU  52,65.579,0.0,0.0,-13.174,0.0,0.0,-70.436,0.0,0.0,0.414,0.0,0.0,0.0,0.0,0.0,-17.61700000000001,0.0,0.0
ASN  53,36.799,0.0,0.0,-7.407,0.0,0.0,-99.675,0.0,0.0,-2.204,0.0,0.0,0.15473558,0.0,0.0,-72.33226442,0.0,0.0
THR  54,51.63,0.0,0.0,-6.119,0.0,0.0,-65.862,0.0,0.0,-1.526,0.0,0.0,0.26937942000000004,0.0,0.0,-21.607620579999992,0.0,0.0
MET  55,88.725,0.0,0.0,-13.042,0.0,0.0,-66.611,0.0,0.0,-1.351,0.0,0.0,0.00378858,0.0,0.0,7.724788579999989,0.0,0.0
LEU  56,72.127,0.0,0.0,-10.469,0.0,0.0,-73.19,0.0,0.0,-0.246,0.0,0.0,0.09116982000000001,0.0,0.0,-11.686830180000005,0.0,0.0
ASN  57,29.651,0.0,0.0,-6.814,0.0,0.0,-89.302,0.0,0.0,-9.681,0.0,0.0,0.5482113200000001,0.0,0.0,-75.59778868000001,0.0,0.0
THR  58,54.542,0.0,0.0,-6.728,0.0,0.0,-57.67,0.0,0.0,-6.05,0.0,0.0,0.19756442000000002,0.0,0.0,-15.708435580000002,0.0,0.0
VAL  59,44.441,0.0,0.0,-8.872,0.0,0.0,-46.089,0.0,0.0,-1.222,0.0,0.0,0.03089942,0.0,0.0,-11.711100579999995,0.0,0.0
ALA  60,92.671,0.0,0.0,-4.702,0.0,0.0,-65.584,0.0,0.0,-2.705,0.0,0.0,0.12391204,0.0,0.0,19.803912040000007,0.0,0.0
PRO  61,77.668,0.0,0.0,-4.629,0.0,0.0,-58.774,0.0,0.0,-3.377,0.0,0.0,0.6338148,0.0,0.0,11.521814800000001,0.0,0.0
HID  62,98.997,0.0,0.0,-6.722,0.0,0.0,-64.957,0.0,0.0,-14.769,0.0,0.0,0.45098193999999997,0.0,0.0,12.999981940000012,0.0,0.0
GLN  63,34.564,0.0,0.0,-4.581,0.0,0.0,-65.958,0.0,0.0,-14.082,0.0,0.0,0.7924961400000001,0.0,0.0,-49.26450386,0.0,0.0
ALA  64,87.983,0.0,0.0,-4.429,0.0,0.0,-68.302,0.0,0.0,-6.442,0.0,0.0,0.38363302000000005,0.0,0.0,9.193633019999995,0.0,0.0
ALA  65,93.845,0.0,0.0,-6.487,0.0,0.0,-74.062,0.0,0.0,-4.131,0.0,0.0,0.05042226000000001,0.0,0.0,9.215422260000006,0.0,0.0
ALA  66,94.507,0.0,0.0,-5.44,0.0,0.0,-83.029,0.0,0.0,-1.757,0.0,0.0,0.016129920000000002,0.0,0.0,4.297129920000011,0.0,0.0
GLN  67,40.993,0.0,0.0,-7.531,0.0,0.0,-70.568,0.0,0.0,-19.382,0.0,0.0,0.5856255800000001,0.0,0.0,-55.90237442,0.0,0.0
MET  68,92.747,0.0,0.0,-9.692,0.0,0.0,-75.276,0.0,0.0,-2.736,0.0,0.0,0.27277776000000004,0.0,0.0,5.31577776000001,0.0,0.0
LEU  69,81.48,0.0,0.0,-10.808,0.0,0.0,-81.683,0.0,0.0,-3.1,0.0,0.0,0.018173260000000004,0.0,0.0,-14.09282674000001,0.0,0.0
LYS  70,125.391,0.0,0.0,-9.691,0.0,0.0,-114.23,0.0,0.0,-22.847,0.0,0.0,0.464494,0.0,0.0,-20.912506000000004,0.0,0.0
GLU  71,104.902,0.0,0.0,-7.219,0.0,0.0,-61.856,0.0,0.0,-96.188,0.0,0.0,0.5673710200000001,0.0,0.0,-59.793628979999994,0.0,0.0
THR  72,50.276,0.0,0.0,-8.588,0.0,0.0,-58.127,0.0,0.0,-3.984,0.0,0.0,0.027100000000000003,0.0,0.0,-20.3959,0.0,0.0
ILE  73,73.687,0.0,0.0,-9.134,0.0,0.0,-49.129,0.0,0.0,-4.926,0.0,0.0,0.04607542,0.0,0.0,10.544075419999999,0.0,0.0
ASN  74,20.909,0.0,0.0,-6.811,0.0,0.0,-79.37,0.0,0.0,-9.558,0.0,0.0,0.5431490400000001,0.0,0.0,-74.28685096000001,0.0,0.0
GLU  75,104.868,0.0,0.0,-7.29,0.0,0.0,-52.282,0.0,0.0,-103.638,0.0,0.0,0.5571868400000001,0.0,0.0,-57.78481316000001,0.0,0.0
GLU  76,94.244,0.0,0.0,-9.981,0.0,0.0,-36.819,0.0,0.0,-103.875,0.0,0.0,0.24269676,0.0,0.0,-56.188303239999996,0.0,0.0
ALA  77,85.373,0.0,0.0,-8.194,0.0,0.0,-70.983,0.0,0.0,-3.11,0.0,0.0,0.07645452,0.0,0.0,3.162454519999998,0.0,0.0
ALA  78,96.406,0.0,0.0,-6.662,0.0,0.0,-86.023,0.0,0.0,-0.026,0.0,0.0,0.19747770000000003,0.0,0.0,3.8924777000000037,0.0,0.0
GLU  79,104.621,0.0,0.0,-6.253,0.0,0.0,-58.611,0.0,0.0,-97.034,0.0,0.0,0.47298714000000003,0.0,0.0,-56.80401286000001,0.0,0.0
TRP  80,115.561,0.0,0.0,-16.652,0.0,0.0,-89.2,0.0,0.0,-1.851,0.0,0.0,0.20971064,0.0,0.0,8.067710640000003,0.0,0.0
ASP  81,100.476,0.0,0.0,-8.694,0.0,0.0,-55.28,0.0,0.0,-85.781,0.0,0.0,0.202708,0.0,0.0,-49.07629200000001,0.0,0.0
ARG  82,-195.441,0.0,0.0,-7.311,0.0,0.0,-25.837,0.0,0.0,48.556,0.0,0.0,0.8587827400000001,0.0,0.0,-179.17421726,0.0,0.0
LEU  83,71.329,0.0,0.0,-6.369,0.0,0.0,-74.081,0.0,0.0,-2.602,0.0,0.0,0.7035810400000001,0.0,0.0,-11.01941896000001,0.0,0.0
HID  84,116.451,0.0,0.0,-8.011,0.0,0.0,-73.59,0.0,0.0,-10.206,0.0,0.0,0.44305790000000006,0.0,0.0,25.087057899999994,0.0,0.0
PRO  85,90.667,0.0,0.0,-3.621,0.0,0.0,-62.853,0.0,0.0,-8.347,0.0,0.0,0.6935432,0.0,0.0,16.539543200000004,0.0,0.0
VAL  86,47.95,0.0,0.0,-4.229,0.0,0.0,-47.755,0.0,0.0,-5.388,0.0,0.0,0.47003866,0.0,0.0,-8.951961339999999,0.0,0.0
HID  87,93.411,0.0,0.0,-6.584,0.0,0.0,-58.403,0.0,0.0,-11.467,0.0,0.0,0.5626773,0.0,0.0,17.5196773,0.0,0.0
ALA  88,87.913,0.0,0.0,-2.487,0.0,0.0,-70.757,0.0,0.0,-8.908,0.0,0.0,0.5320272,0.0,0.0,6.293027199999997,0.0,0.0
GLY  89,89.981,0.0,0.0,-1.909,0.0,0.0,-71.896,0.0,0.0,-9.52,0.0,0.0,0.33624054000000003,0.0,0.0,6.9922405399999885,0.0,0.0
PRO  90,83.967,0.0,0.0,-3.199,0.0,0.0,-56.406,0.0,0.0,-8.593,0.0,0.0,0.7474938799999999,0.0,0.0,16.516493880000002,0.0,0.0
ILE  91,75.884,0.0,0.0,-4.007,0.0,0.0,-54.109,0.0,0.0,-5.825,0.0,0.0,0.48617400000000005,0.0,0.0,12.429173999999994,0.0,0.0
ALA  92,90.898,0.0,0.0,-3.403,0.0,0.0,-70.231,0.0,0.0,-3.554,0.0,0.0,0.26635506000000003,0.0,0.0,13.976355059999996,0.0,0.0
PRO  93,82.543,0.0,0.0,-2.882,0.0,0.0,-55.381,0.0,0.0,-8.63,0.0,0.0,0.72200904,0.0,0.0,16.372009040000002,0.0,0.0
GLY  94,69.072,0.0,0.0,-1.286,0.0,0.0,-62.384,0.0,0.0,-7.923,0.0,0.0,0.5171980800000001,0.0,0.0,-2.003801919999999,0.0,0.0
GLN  95,35.601,0.0,0.0,-5.909,0.0,0.0,-69.884,0.0,0.0,-14.946,0.0,0.0,0.56135482,0.0,0.0,-54.57664518,0.0,0.0
MET  96,100.605,0.0,0.0,-6.386,0.0,0.0,-70.616,0.0,0.0,-10.32,0.0,0.0,0.5308348,0.0,0.0,13.81383480000001,0.0,0.0
ARG  97,-191.437,0.0,0.0,-8.82,0.0,0.0,-8.61,0.0,0.0,29.003,0.0,0.0,0.21987314000000002,0.0,0.0,-179.64412686000003,0.0,0.0
GLU  98,105.608,0.0,0.0,-5.896,0.0,0.0,-40.754,0.0,0.0,-107.86,0.0,0.0,0.7597322400000001,0.0,0.0,-48.142267759999996,0.0,0.0
PRO  99,88.375,0.0,0.0,-9.809,0.0,0.0,-57.91,0.0,0.0,-6.533,0.0,0.0,0.05894792,0.0,0.0,14.181947920000004,0.0,0.0
ARG 100,-190.763,0.0,0.0,-10.333,0.0,0.0,4.371,0.0,0.0,19.348,0.0,0.0,0.46293846,0.0,0.0,-176.91406154,0.0,0.0
GLY 101,77.732,0.0,0.0,-4.863,0.0,0.0,-86.988,0.0,0.0,1.73,0.0,0.0,0.0,0.0,0.0,-12.389,0.0,0.0
SER 102,69.901,0.0,0.0,-6.416,0.0,0.0,-63.924,0.0,0.0,-2.987,0.0,0.0,0.16616636,0.0,0.0,-3.25983364,0.0,0.0
ASP 103,92.396,0.0,0.0,-9.823,0.0,0.0,-113.761,0.0,0.0,-37.591,0.0,0.0,0.0,0.0,0.0,-68.779,0.0,0.0
ILE 104,79.845,0.0,0.0,-11.288,0.0,0.0,-60.105,0.0,0.0,-0.24,0.0,0.0,0.0,0.0,0.0,8.212000000000005,0.0,0.0
ALA 105,84.659,0.0,0.0,-7.595,0.0,0.0,-77.976,0.0,0.0,-0.739,0.0,0.0,0.05094258,0.0,0.0,-1.6000574199999917,0.0,0.0
GLY 106,92.232,0.0,0.0,-4.742,0.0,0.0,-88.981,0.0,0.0,-2.827,0.0,0.0,0.08018890000000001,0.0,0.0,-4.2378111,0.0,0.0
THR 107,55.369,0.0,0.0,-5.002,0.0,0.0,-60.501,0.0,0.0,-6.096,0.0,0.0,0.6124058,0.0,0.0,-15.617594200000001,0.0,0.0
THR 108,42.44,0.0,0.0,-4.824,0.0,0.0,-55.504,0.0,0.0,-3.702,0.0,0.0,0.40801218,0.0,0.0,-21.181987819999996,0.0,0.0
SER 109,76.312,0.0,0.0,-7.12,0.0,0.0,-70.757,0.0,0.0,-2.158,0.0,0.0,0.10896368000000001,0.0,0.0,-3.614036320000012,0.0,0.0
THR 110,31.263,0.0,0.0,-5.232,0.0,0.0,-34.137,0.0,0.0,-5.384,0.0,0.0,0.36759524000000005,0.0,0.0,-13.122404759999998,0.0,0.0
LEU 111,73.266,0.0,0.0,-8.674,0.0,0.0,-65.08,0.0,0.0,-4.433,0.0,0.0,0.1991579,0.0,0.0,-4.721842099999985,0.0,0.0
GLN 112,31.59,0.0,0.0,-6.048,0.0,0.0,-71.259,0.0,0.0,-18.268,0.0,0.0,0.8107507,0.0,0.0,-63.1742493,0.0,0.0
GLU 113,100.69,0.0,0.0,-8.773,0.0,0.0,-108.291,0.0,0.0,-43.082,0.0,0.0,0.30434926,0.0,0.0,-59.151650739999994,0.0,0.0
GLN 114,38.968,0.0,0.0,-14.113,0.0,0.0,-80.349,0.0,0.0,-2.476,0.0,0.0,0.0,0.0,0.0,-57.97,0.0,0.0
ILE 115,87.455,0.0,0.0,-8.26,0.0,0.0,-70.814,0.0,0.0,-2.652,0.0,0.0,0.1935482,0.0,0.0,5.9225482000000005,0.0,0.0
GLY 116,75.446,0.0,0.0,-4.256,0.0,0.0,-76.802,0.0,0.0,-0.968,0.0,0.0,0.11900694,0.0,0.0,-6.460993060000009,0.0,0.0
TRP 117,120.938,0.0,0.0,-18.534,0.0,0.0,-89.456,0.0,0.0,-4.531,0.0,0.0,0.02599432,0.0,0.0,8.442994319999995,0.0,0.0
MET 118,99.959,0.0,0.0,-12.821,0.0,0.0,-81.893,0.0,0.0,-4.269,0.0,0.0,0.0889693,0.0,0.0,1.0649693000000044,0.0,0.0
THR 119,45.302,0.0,0.0,-6.436,0.0,0.0,-52.544,0.0,0.0,-4.351,0.0,0.0,0.40569242,0.0,0.0,-17.623307579999995,0.0,0.0
HID 120,86.3,0.0,0.0,-7.843,0.0,0.0,-48.934,0.0,0.0,-20.275,0.0,0.0,0.63374976,0.0,0.0,9.881749759999998,0.0,0.0
ASN 121,46.218,0.0,0.0,-5.034,0.0,0.0,-77.57,0.0,0.0,-22.329,0.0,0.0,0.6945296400000001,0.0,0.0,-58.02047035999999,0.0,0.0
PRO 122,97.251,0.0,0.0,-1.772,0.0,0.0,-53.112,0.0,0.0,-8.045,0.0,0.0,0.64886614,0.0,0.0,34.97086614,0.0,0.0
PRO 123,82.469,0.0,0.0,-7.234,0.0,0.0,-57.619,0.0,0.0,-5.126,0.0,0.0,0.37859242000000004,0.0,0.0,12.868592419999999,0.0,0.0
ILE 124,90.005,0.0,0.0,-6.893,0.0,0.0,-64.663,0.0,0.0,-0.575,0.0,0.0,0.3391023,0.0,0.0,18.2131023,0.0,0.0
PRO 125,98.782,0.0,0.0,-6.525,0.0,0.0,-66.134,0.0,0.0,-1.723,0.0,0.0,0.41306904000000005,0.0,0.0,24.81306903999999,0.0,0.0
VAL 126,55.251,0.0,0.0,-9.401,0.0,0.0,-56.968,0.0,0.0,-1.692,0.0,0.0,0.0,0.0,0.0,-12.81000000000001,0.0,0.0
GLY 127,72.108,0.0,0.0,-5.752,0.0,0.0,-71.105,0.0,0.0,-2.068,0.0,0.0,0.026384560000000005,0.0,0.0,-6.7906154399999945,0.0,0.0
GLU 128,107.178,0.0,0.0,-6.527,0.0,0.0,-99.605,0.0,0.0,-49.433,0.0,0.0,0.46134498,0.0,0.0,-47.92565502000001,0.0,0.0
ILE 129,80.419,0.0,0.0,-9.822,0.0,0.0,-63.281,0.0,0.0,-0.537,0.0,0.0,0.17573266,0.0,0.0,6.954732659999996,0.0,0.0
TYR 130,94.339,0.0,0.0,-15.483,0.0,0.0,-89.12,0.0,0.0,-2.17,0.0,0.0,0.01521394,0.0,0.0,-12.41878606000001,0.0,0.0
LYS 131,138.725,0.0,0.0,-9.886,0.0,0.0,-168.566,0.0,0.0,24.808,0.0,0.0,0.0760155,0.0,0.0,-14.842984500000004,0.0,0.0
ARG 132,-188.778,0.0,0.0,-10.256,0.0,0.0,18.972,0.0,0.0,-2.67,0.0,0.0,0.77021452,0.0,0.0,-181.96178547999997,0.0,0.0
TRP 133,132.325,0.0,0.0,-19.332,0.0,0.0,-96.278,0.0,0.0,-2.939,0.0,0.0,0.066666,0.0,0.0,13.842665999999989,0.0,0.0
ILE 134,89.471,0.0,0.0,-11.453,0.0,0.0,-70.448,0.0,0.0,0.009,0.0,0.0,0.01714346,0.0,0.0,7.5961434600000075,0.0,0.0
ILE 135,84.975,0.0,0.0,-9.53,0.0,0.0,-67.227,0.0,0.0,-0.075,0.0,0.0,0.1481557,0.0,0.0,8.29115569999999,0.0,0.0
LEU 136,69.671,0.0,0.0,-7.225,0.0,0.0,-76.035,0.0,0.0,1.508,0.0,0.0,0.47581638000000004,0.0,0.0,-11.605183619999993,0.0,0.0
GLY 137,77.883,0.0,0.0,-5.98,0.0,0.0,-77.557,0.0,0.0,0.043,0.0,0.0,0.0,0.0,0.0,-5.61100000000001,0.0,0.0
LEU 138,64.24,0.0,0.0,-11.167,0.0,0.0,-67.109,0.0,0.0,-1.193,0.0,0.0,0.004314320000000001,0.0,0.0,-15.22468568,0.0,0.0
ASN 139,42.906,0.0,0.0,-7.825,0.0,0.0,-92.622,0.0,0.0,-7.828,0.0,0.0,0.33231646000000004,0.0,0.0,-65.03668354,0.0,0.0
LYS 140,135.611,0.0,0.0,-6.296,0.0,0.0,-148.167,0.0,0.0,9.026,0.0,0.0,0.4498058,0.0,0.0,-9.376194200000004,0.0,0.0
ILE 141,101.259,0.0,0.0,-9.632,0.0,0.0,-78.007,0.0,0.0,-3.22,0.0,0.0,0.03977196,0.0,0.0,10.43977195999999,0.0,0.0
VAL 142,64.267,0.0,0.0,-8.268,0.0,0.0,-57.023,0.0,0.0,-5.056,0.0,0.0,0.10751654000000001,0.0,0.0,-5.972483460000008,0.0,0.0
ARG 143,-188.073,0.0,0.0,-6.797,0.0,0.0,45.846,0.0,0.0,-18.017,0.0,0.0,1.08885632,0.0,0.0,-165.95214368,0.0,0.0
MET 144,86.172,0.0,0.0,-5.835,0.0,0.0,-72.494,0.0,0.0,-5.346,0.0,0.0,0.5491760800000001,0.0,0.0,3.0461760800000035,0.0,0.0
TYR 145,94.986,0.0,0.0,-8.412,0.0,0.0,-81.453,0.0,0.0,-15.435,0.0,0.0,0.6728550600000001,0.0,0.0,-9.641144940000006,0.0,0.0
SER 146,85.826,0.0,0.0,-4.51,0.0,0.0,-61.529,0.0,0.0,-9.66,0.0,0.0,0.37124290000000004,0.0,0.0,10.498242899999985,1.1920928955078125e-07,1.1920928955078125e-07
PRO 147,87.409,0.0,0.0,-6.85,0.0,0.0,-55.457,0.0,0.0,-11.086,0.0,0.0,0.0476689,0.0,0.0,14.06366890000001,0.0,0.0
THR 148,38.936,0.0,0.0,-4.011,0.0,0.0,-41.697,0.0,0.0,-6.738,0.0,0.0,0.56482904,0.0,0.0,-12.945170960000006,0.0,0.0
SER 149,65.684,0.0,0.0,-2.721,0.0,0.0,-57.707,0.0,0.0,-0.717,0.0,0.0,0.22135822000000002,0.0,0.0,4.760358219999993,0.0,0.0
ILE 150,79.473,0.0,0.0,-8.441,0.0,0.0,-54.023,0.0,0.0,-2.931,0.0,0.0,0.06008612000000001,0.0,0.0,14.138086119999992,0.0,0.0
LEU 151,59.71,0.0,0.0,-5.621,0.0,0.0,-71.15,0.0,0.0,-0.382,0.0,0.0,0.6919443000000001,0.0,0.0,-16.75105570000001,0.0,0.0
ASP 152,100.548,0.0,0.0,-4.248,0.0,0.0,-87.972,0.0,0.0,-67.452,0.0,0.0,0.60048722,0.0,0.0,-58.52351278,0.0,0.0
ILE 153,102.864,0.0,0.0,-8.174,0.0,0.0,-71.163,0.0,0.0,-2.853,0.0,0.0,0.11823188000000001,0.0,0.0,20.79223188,0.0,0.0
ARG 154,-190.227,0.0,0.0,-9.632,0.0,0.0,14.752,0.0,0.0,6.324,0.0,0.0,0.7247678200000001,0.0,0.0,-178.05823217999998,0.0,0.0
GLN 155,30.972,0.0,0.0,-11.553,0.0,0.0,-82.389,0.0,0.0,-6.933,0.0,0.0,0.09131074000000002,0.0,0.0,-69.81168926,0.0,0.0
GLY 156,88.9,0.0,0.0,-2.901,0.0,0.0,-74.254,0.0,0.0,-4.922,0.0,0.0,0.1504321,0.0,0.0,6.973432100000005,0.0,0.0
PRO 157,84.435,0.0,0.0,-3.652,0.0,0.0,-54.733,0.0,0.0,-7.085,0.0,0.0,0.7744204400000001,0.0,0.0,19.739420440000004,0.0,0.0
LYS 158,125.901,0.0,0.0,-3.504,0.0,0.0,-96.449,0.0,0.0,-36.154,0.0,0.0,1.17208584,0.0,0.0,-9.03391416000001,0.0,0.0
GLU 159,114.452,0.0,0.0,-4.544,0.0,0.0,-123.968,0.0,0.0,-31.565,0.0,0.0,0.21001958000000004,0.0,0.0,-45.41498042,0.0,0.0
PRO 160,80.513,0.0,0.0,-5.353,0.0,0.0,-56.751,0.0,0.0,-3.374,0.0,0.0,0.46815792000000006,0.0,0.0,15.503157920000012,0.0,0.0
PHE 161,106.551,0.0,0.0,-12.037,0.0,0.0,-73.849,0.0,0.0,-3.037,0.0,0.0,0.08750047999999999,0.0,0.0,17.715500479999992,0.0,0.0
ARG 162,-202.217,0.0,0.0,-8.224,0.0,0.0,-37.611,0.0,0.0,52.791,0.0,0.0,0.41636982,0.0,0.0,-194.84463018,0.0,0.0
ASP 163,91.014,0.0,0.0,-6.891,0.0,0.0,-61.205,0.0,0.0,-87.138,0.0,0.0,0.45301444,0.0,0.0,-63.766985560000016,0.0,0.0
TYR 164,98.373,0.0,0.0,-15.58,0.0,0.0,-97.757,0.0,0.0,-1.855,0.0,0.0,0.0,0.0,0.0,-16.819,0.0,0.0
VAL 165,51.528,0.0,0.0,-8.63,0.0,0.0,-60.516,0.0,0.0,2.798,0.0,0.0,0.0953649,0.0,0.0,-14.724635100000002,0.0,0.0
ASP 166,102.149,0.0,0.0,-7.526,0.0,0.0,-60.779,0.0,0.0,-80.165,0.0,0.0,0.45984364,0.0,0.0,-45.86115636,0.0,0.0
ARG 167,-188.959,0.0,0.0,-6.825,0.0,0.0,5.439,0.0,0.0,9.295,0.0,0.0,0.48065102000000004,0.0,0.0,-180.56934898,0.0,0.0
PHE 168,93.147,0.0,0.0,-14.04,0.0,0.0,-79.553,0.0,0.0,-0.871,0.0,0.0,0.01313808,0.0,0.0,-1.303861919999998,0.0,0.0
TYR 169,95.684,0.0,0.0,-12.224,0.0,0.0,-91.151,0.0,0.0,-2.846,0.0,0.0,0.2660407,0.0,0.0,-10.270959300000003,0.0,0.0
LYS 170,140.628,0.0,0.0,-10.072,0.0,0.0,-107.044,0.0,0.0,-36.395,0.0,0.0,0.48146402000000005,0.0,0.0,-12.401535980000016,0.0,0.0
THR 171,50.743,0.0,0.0,-9.246,0.0,0.0,-58.557,0.0,0.0,-3.393,0.0,0.0,0.0186448,0.0,0.0,-20.434355200000002,0.0,0.0
LEU 172,69.752,0.0,0.0,-11.318,0.0,0.0,-66.735,0.0,0.0,-3.759,0.0,0.0,0.04810792,0.0,0.0,-12.011892080000003,0.0,0.0
ARG 173,-194.711,0.0,0.0,-14.33,0.0,0.0,15.204,0.0,0.0,10.569,0.0,0.0,0.2305397,0.0,0.0,-183.03746030000002,0.0,0.0
ALA 174,88.166,0.0,0.0,-6.638,0.0,0.0,-79.761,0.0,0.0,-4.644,0.0,0.0,0.05542492000000001,0.0,0.0,-2.821575080000004,0.0,0.0
GLU 175,106.562,0.0,0.0,-7.143,0.0,0.0,-59.123,0.0,0.0,-93.225,0.0,0.0,0.5960374,0.0,0.0,-52.332962599999995,0.0,0.0
GLN 176,34.879,0.0,0.0,-6.652,0.0,0.0,-74.393,0.0,0.0,-5.713,0.0,0.0,0.45804420000000007,0.0,0.0,-51.4209558,0.0,0.0
ALA 177,101.617,0.0,0.0,-4.136,0.0,0.0,-83.975,0.0,0.0,-4.629,0.0,0.0,0.19115798,0.0,0.0,9.068157980000015,0.0,0.0
SER 178,77.274,0.0,0.0,-5.455,0.0,0.0,-61.192,0.0,0.0,-8.988,0.0,0.0,0.32993708000000005,0.0,0.0,1.968937080000003,0.0,0.0
GLN 179,29.58,0.0,0.0,-5.534,0.0,0.0,-62.287,0.0,0.0,-18.942,0.0,0.0,0.75782982,0.0,0.0,-56.42517018,0.0,0.0
GLU 180,110.697,0.0,0.0,-5.138,0.0,0.0,-71.841,0.0,0.0,-85.062,0.0,0.0,0.74431234,0.0,0.0,-50.599687659999994,0.0,0.0
VAL 181,69.552,0.0,0.0,-6.953,0.0,0.0,-57.722,0.0,0.0,-3.438,0.0,0.0,0.32916202000000006,0.0,0.0,1.7681620200000023,0.0,0.0
LYS 182,117.102,0.0,0.0,-9.613,0.0,0.0,-112.736,0.0,0.0,-14.092,0.0,0.0,0.27313548,0.0,0.0,-19.065864519999998,0.0,0.0
ASN 183,23.27,0.0,0.0,-7.094,0.0,0.0,-88.564,0.0,0.0,-4.557,0.0,0.0,0.51573468,0.0,0.0,-76.42926532,0.0,0.0
TRP 184,126.453,0.0,0.0,-10.06,0.0,0.0,-89.784,0.0,0.0,-8.545,0.0,0.0,0.90956272,0.0,0.0,18.973562719999993,0.0,0.0
MET 185,100.4,0.0,0.0,-11.023,0.0,0.0,-87.396,0.0,0.0,-0.927,0.0,0.0,0.07952224000000001,0.0,0.0,1.1335222400000087,0.0,0.0
THR 186,49.22,0.0,0.0,-6.948,0.0,0.0,-57.023,0.0,0.0,-2.923,0.0,0.0,0.21499514000000003,0.0,0.0,-17.459004860000007,0.0,0.0
GLU 187,105.909,0.0,0.0,-5.998,0.0,0.0,-49.681,0.0,0.0,-98.826,0.0,0.0,0.6350885000000001,0.0,0.0,-47.96091149999999,0.0,0.0
THR 188,38.043,0.0,0.0,-4.615,0.0,0.0,-47.43,0.0,0.0,-2.249,0.0,0.0,0.35724304000000007,0.0,0.0,-15.893756960000001,0.0,0.0
LEU 189,64.14,0.0,0.0,-8.608,0.0,0.0,-66.513,0.0,0.0,-0.259,0.0,0.0,0.1697544,0.0,0.0,-11.070245600000009,0.0,0.0
LEU 190,94.66,0.0,0.0,-11.005,0.0,0.0,-87.631,0.0,0.0,-0.316,0.0,0.0,0.00893758,0.0,0.0,-4.2830624199999985,0.0,0.0
VAL 191,51.967,0.0,0.0,-7.684,0.0,0.0,-58.196,0.0,0.0,-0.203,0.0,0.0,0.1631149,0.0,0.0,-13.952885099999996,0.0,0.0
GLN 192,24.341,0.0,0.0,-7.521,0.0,0.0,-70.6,0.0,0.0,-2.413,0.0,0.0,0.6056253800000001,0.0,0.0,-55.58737461999999,0.0,0.0
ASN 193,16.725,0.0,0.0,-10.187,0.0,0.0,-78.629,0.0,0.0,-3.256,0.0,0.0,0.032964440000000005,0.0,0.0,-75.31403556000001,0.0,0.0
ALA 194,91.663,0.0,0.0,-7.347,0.0,0.0,-79.173,0.0,0.0,-2.292,0.0,0.0,0.0650671,0.0,0.0,2.9160671000000007,0.0,0.0
ASN 195,37.819,0.0,0.0,-7.661,0.0,0.0,-84.573,0.0,0.0,-8.65,0.0,0.0,0.15607432000000002,0.0,0.0,-62.90892567999999,0.0,0.0
PRO 196,78.804,0.0,0.0,-4.118,0.0,0.0,-62.168,0.0,0.0,-1.384,0.0,0.0,0.5299947,0.0,0.0,11.663994700000007,0.0,0.0
ASP 197,89.128,0.0,0.0,-5.673,0.0,0.0,-73.099,0.0,0.0,-65.185,0.0,0.0,0.626823,0.0,0.0,-54.202177000000006,0.0,0.0
CYX 198,97.568,0.0,0.0,-6.961,0.0,0.0,-75.07,0.0,0.0,-4.8,0.0,0.0,0.07563068,0.0,0.0,10.812630680000005,0.0,0.0
LYS 199,132.928,0.0,0.0,-10.086,0.0,0.0,-115.78,0.0,0.0,-27.151,0.0,0.0,0.37078762000000004,0.0,0.0,-19.71821238,0.0,0.0
THR 200,50.613,0.0,0.0,-5.582,0.0,0.0,-69.48,0.0,0.0,0.164,0.0,0.0,0.43002822,0.0,0.0,-23.854971780000003,0.0,0.0
ILE 201,76.545,0.0,0.0,-6.101,0.0,0.0,-54.096,0.0,0.0,-2.243,0.0,0.0,0.41736168000000007,0.0,0.0,14.522361680000007,0.0,0.0
LEU 202,82.234,0.0,0.0,-10.417,0.0,0.0,-71.102,0.0,0.0,-4.124,0.0,0.0,0.06764702,0.0,0.0,-3.3413529800000106,0.0,0.0
LYS 203,117.524,0.0,0.0,-5.917,0.0,0.0,-87.869,0.0,0.0,-40.402,0.0,0.0,0.90390424,0.0,0.0,-15.760095760000002,0.0,0.0
ALA 204,84.485,0.0,0.0,-3.227,0.0,0.0,-72.848,0.0,0.0,-5.911,0.0,0.0,0.5599564600000001,0.0,0.0,3.058956459999997,0.0,0.0
LEU 205,79.764,0.0,0.0,-6.168,0.0,0.0,-73.851,0.0,0.0,-7.316,0.0,0.0,0.45061880000000004,0.0,0.0,-7.1203812000000095,0.0,0.0
GLY 206,87.556,0.0,0.0,-2.312,0.0,0.0,-70.413,0.0,0.0,-10.678,0.0,0.0,0.13718562,0.0,0.0,4.290185620000003,0.0,0.0
PRO 207,78.464,0.0,0.0,-2.279,0.0,0.0,-53.253,0.0,0.0,-7.907,0.0,0.0,0.80576972,0.0,0.0,15.830769720000003,0.0,0.0
GLY 208,66.426,0.0,0.0,-1.946,0.0,0.0,-65.027,0.0,0.0,-4.551,0.0,0.0,0.38460862,0.0,0.0,-4.713391379999997,0.0,0.0
ALA 209,102.269,0.0,0.0,-5.142,0.0,0.0,-92.204,0.0,0.0,-0.987,0.0,0.0,0.11245958,0.0,0.0,4.048459580000016,0.0,0.0
THR 210,46.488,0.0,0.0,-4.272,0.0,0.0,-54.043,0.0,0.0,-5.282,0.0,0.0,0.51124692,0.0,0.0,-16.597753079999997,0.0,0.0
LEU 211,63.895,0.0,0.0,-9.214,0.0,0.0,-65.822,0.0,0.0,-3.793,0.0,0.0,0.23926048,0.0,0.0,-14.694739519999997,0.0,0.0
GLU 212,102.51,0.0,0.0,-5.826,0.0,0.0,-80.026,0.0,0.0,-77.236,0.0,0.0,0.5980915800000001,0.0,0.0,-59.97990841999999,0.0,0.0
GLU 213,99.135,0.0,0.0,-6.204,0.0,0.0,-58.192,0.0,0.0,-90.504,0.0,0.0,0.44849958,0.0,0.0,-55.31650042,0.0,0.0
MET 214,95.869,0.0,0.0,-12.457,1.6858739404357614e-07,1.6858739404357614e-07,-75.19,0.0,0.0,-1.58,0.0,0.0,0.056189140000000005,0.0,0.0,6.698189140000008,0.0,0.0
MET 215,104.768,0.0,0.0,-12.585,0.0,0.0,-88.713,0.0,0.0,0.273,0.0,0.0,0.01283456,0.0,0.0,3.755834559999999,0.0,0.0
THR 216,36.301,0.0,0.0,-4.782,0.0,0.0,-48.362,0.0,0.0,-5.247,0.0,0.0,0.6025956000000001,0.0,0.0,-21.4874044,0.0,0.0
ALA 217,77.453,0.0,0.0,-5.707,0.0,0.0,-66.41,0.0,0.0,-1.589,0.0,0.0,0.12190122,0.0,0.0,3.8689012200000126,0.0,0.0
CYX 218,92.172,0.0,0.0,-6.812,0.0,0.0,-80.818,0.0,0.0,-1.633,0.0,0.0,0.11719666000000001,0.0,0.0,3.0261966600000014,0.0,0.0
GLN 219,33.409,0.0,0.0,-3.234,0.0,0.0,-72.33,0.0,0.0,-15.148,0.0,0.0,0.9128147200000001,0.0,0.0,-56.39018528,0.0,0.0
GLY 220,99.47,0.0,0.0,-2.938,0.0,0.0,-86.849,0.0,0.0,-6.494,0.0,0.0,0.11105038000000002,0.0,0.0,3.300050379999993,0.0,0.0
VAL 221,33.165,0.0,0.0,-1.623,0.0,0.0,-38.878,0.0,0.0,-84.798,0.0,0.0,0.9888627400000001,0.0,0.0,-91.14513726,0.0,0.0

Receptor:
Total Energy Decomposition:
Residue,Internal,,,van der Waals,,,Electrostatic,,,Polar Solvation,,,Non-Polar Solv.,,,TOTAL,,
,Avg.,Std. Dev.,Std. Err. of Mean,Avg.,Std. Dev.,Std. Err. of Mean,Avg.,Std. Dev.,Std. Err. of Mean,Avg.,Std. Dev.,Std. Err. of Mean,Avg.,Std. Dev.,Std. Err. of Mean,Avg.,Std. Dev.,Std. Err. of Mean
PRO   1,96.294,0.0,0.0,-7.396,0.0,0.0,-97.363,0.0,0.0,-0.282,0.0,0.0,0.18832332000000002,0.0,0.0,-8.558676680000003,0.0,0.0
ILE   2,92.853,0.0,0.0,-8.9,0.0,0.0,-69.655,0.0,0.0,-3.517,0.0,0.0,0.17058908,0.0,0.0,10.951589079999987,0.0,0.0
VAL   3,54.851,0.0,0.0,-5.001,0.0,0.0,-58.579,0.0,0.0,-1.555,0.0,0.0,0.35484740000000004,0.0,0.0,-9.929152599999998,0.0,0.0
GLN   4,23.158,0.0,0.0,-5.046,0.0,0.0,-60.2,0.0,0.0,-14.176,0.0,0.0,0.7212394,0.0,0.0,-55.5427606,0.0,0.0
ASN   5,30.161,0.0,0.0,-7.21,0.0,0.0,-84.262,0.0,0.0,-11.22,0.0,0.0,0.30685872000000003,0.0,0.0,-72.22414128000001,0.0,0.0
LEU   6,61.246,0.0,0.0,-3.262,0.0,0.0,-63.918,0.0,0.0,-6.932,0.0,0.0,0.9830796,0.0,0.0,-11.882920399999998,0.0,0.0
GLN   7,34.985,0.0,0.0,-4.578,0.0,0.0,-75.213,0.0,0.0,-12.735,0.0,0.0,0.7953362200000001,0.0,0.0,-56.745663779999994,0.0,0.0
GLY   8,75.108,0.0,0.0,-3.005,0.0,0.0,-75.198,0.0,0.0,-2.441,0.0,0.0,0.22203030000000004,0.0,0.0,-5.313969699999984,0.0,0.0
GLN   9,46.097,0.0,0.0,-7.384,0.0,0.0,-81.389,0.0,0.0,-8.283,0.0,0.0,0.5872299000000001,0.0,0.0,-50.3717701,0.0,0.0
MET  10,103.472,0.0,0.0,-8.371,0.0,0.0,-77.706,0.0,0.0,-6.569,0.0,0.0,0.38186610000000004,0.0,0.0,11.207866099999997,0.0,0.0
VAL  11,49.636,0.0,0.0,-5.855,0.0,0.0,-55.236,0.0,0.0,-1.862,0.0,0.0,0.35330812000000006,0.0,0.0,-12.963691879999992,0.0,0.0
HID  12,95.507,0.0,0.0,-10.288,0.0,0.0,-63.46,0.0,0.0,-7.61,0.0,0.0,0.2188867,0.0,0.0,14.367886700000009,0.0,0.0
GLN  13,30.806,0.0,0.0,-5.285,0.0,0.0,-74.09,0.0,0.0,-10.613,0.0,0.0,0.52897574,0.0,0.0,-58.65302426,0.0,0.0
ALA  14,93.06,0.0,0.0,-3.533,0.0,0.0,-79.634,0.0,0.0,-3.21,0.0,0.0,0.5084231,0.0,0.0,7.191423100000001,0.0,0.0
ILE  15,96.105,0.0,0.0,-8.278,0.0,0.0,-71.859,0.0,0.0,-5.766,0.0,0.0,0.10000442000000001,0.0,0.0,10.302004420000003,1.1920928955078125e-07,1.1920928955078125e-07
SER  16,76.39,0.0,0.0,-5.114,0.0,0.0,-53.401,0.0,0.0,-7.189,0.0,0.0,0.29417592000000004,0.0,0.0,10.980175919999994,0.0,0.0
PRO  17,89.441,0.0,0.0,-4.372,0.0,0.0,-60.157,0.0,0.0,-4.149,0.0,0.0,0.63369014,0.0,0.0,21.396690140000004,0.0,0.0
ARG  18,-181.787,0.0,0.0,-5.2,0.0,0.0,73.107,0.0,0.0,-52.727,0.0,0.0,1.13393446,0.0,0.0,-165.47306554,0.0,0.0
THR  19,45.8,0.0,0.0,-8.157,0.0,0.0,-56.441,0.0,0.0,-2.453,0.0,0.0,0.22569422,0.0,0.0,-21.02530578,0.0,0.0
LEU  20,56.434,0.0,0.0,-9.221,0.0,0.0,-58.964,0.0,0.0,-2.846,0.0,0.0,0.16926660000000002,0.0,0.0,-14.427733400000005,0.0,0.0
ASN  21,31.257,0.0,0.0,-6.801,0.0,0.0,-83.868,0.0,0.0,-15.768,0.0,0.0,0.49798418000000005,0.0,0.0,-74.68201581999999,0.0,0.0
ALA  22,94.704,0.0,0.0,-6.034,0.0,0.0,-83.347,0.0,0.0,-2.971,0.0,0.0,0.18818782,0.0,0.0,2.540187819999993,0.0,0.0
TRP  23,126.975,0.0,0.0,-19.175,0.0,0.0,-97.698,0.0,0.0,-3.425,0.0,0.0,0.013550000000000001,0.0,0.0,6.690550000000004,0.0,0.0
VAL  24,64.893,0.0,0.0,-6.449,0.0,0.0,-63.828,0.0,0.0,-2.288,0.0,0.0,0.31583966,0.0,0.0,-7.356160340000001,0.0,0.0
LYS  25,137.55,0.0,0.0,-5.045,0.0,0.0,-153.898,0.0,0.0,6.732,0.0,0.0,0.48900324,0.0,0.0,-14.171996759999972,0.0,0.0
VAL  26,67.445,0.0,0.0,-9.138,0.0,0.0,-69.597,0.0,0.0,-2.462,0.0,0.0,0.11732132,0.0,0.0,-13.634678679999999,0.0,0.0
VAL  27,44.235,0.0,0.0,-7.736,0.0,0.0,-50.138,0.0,0.0,-0.55,0.0,0.0,0.008102900000000001,0.0,0.0,-14.180897099999996,0.0,0.0
GLU  28,90.362,0.0,0.0,-6.597,0.0,0.0,-82.22,0.0,0.0,-62.41,0.0,0.0,0.55860146,0.0,0.0,-60.306398539999996,0.0,0.0
GLU  29,107.326,0.0,0.0,-1.191,0.0,0.0,-96.534,0.0,0.0,-57.655,0.0,0.0,0.62105612,0.0,0.0,-47.43294388000002,0.0,0.0
LYS  30,125.61,0.0,0.0,-7.994,0.0,0.0,-108.391,0.0,0.0,-21.032,0.0,0.0,0.42506892,0.0,0.0,-11.381931080000006,0.0,0.0
ALA  31,87.37,0.0,0.0,-4.345,0.0,0.0,-77.008,0.0,0.0,-3.369,0.0,0.0,0.30408368,0.0,0.0,2.95208368000001,0.0,0.0
PHE  32,104.072,0.0,0.0,-11.132,0.0,0.0,-79.216,0.0,0.0,-6.637,0.0,0.0,0.12315324000000001,0.0,0.0,7.210153240000004,0.0,0.0
SER  33,86.762,0.0,0.0,-4.916,0.0,0.0,-69.264,0.0,0.0,-2.947,0.0,0.0,0.2151198,0.0,0.0,9.850119800000009,0.0,0.0
PRO  34,75.126,0.0,0.0,-5.043,0.0,0.0,-53.441,0.0,0.0,-3.835,0.0,0.0,0.51481328,0.0,0.0,13.321813279999995,0.0,0.0
GLU  35,104.186,0.0,0.0,-8.232,0.0,0.0,-93.768,0.0,0.0,-56.12,0.0,0.0,0.5144664,0.0,0.0,-53.41953359999999,0.0,0.0
VAL  36,59.642,0.0,0.0,-11.266,0.0,0.0,-56.055,0.0,0.0,-1.116,0.0,0.0,0.0,0.0,0.0,-8.794999999999995,0.0,0.0
ILE  37,98.152,0.0,0.0,-9.322,0.0,0.0,-61.089,0.0,0.0,-1.33,0.0,0.0,0.08076342,0.0,0.0,26.49176342,0.0,0.0
PRO  38,83.957,0.0,0.0,-6.765,0.0,0.0,-59.867,0.0,0.0,-1.764,0.0,0.0,0.42780602,0.0,0.0,15.988806019999997,0.0,0.0
MET  39,92.003,0.0,0.0,-8.612,0.0,0.0,-74.667,0.0,0.0,-1.537,0.0,0.0,0.44073272,0.0,0.0,7.627732720000004,0.0,0.0
PHE  40,102.327,0.0,0.0,-13.672,0.0,0.0,-84.186,0.0,0.0,-2.165,0.0,0.0,0.00779396,0.0,0.0,2.311793959999994,0.0,0.0
SER  41,77.761,0.0,0.0,-6.526,0.0,0.0,-64.001,0.0,0.0,-7.9,0.0,0.0,0.23298412,0.0,0.0,-0.4330158800000057,0.0,0.0
ALA  42,85.016,0.0,0.0,-5.468,0.0,0.0,-65.891,0.0,0.0,-6.045,0.0,0.0,0.36920498,0.0,0.0,7.981204979999997,0.0,0.0
LEU  43,71.095,0.0,0.0,-9.415,0.0,0.0,-75.024,0.0,0.0,-4.115,0.0,0.0,0.16654034,0.0,0.0,-17.292459660000002,0.0,0.0
SER  44,74.245,0.0,0.0,-6.684,0.0,0.0,-73.831,0.0,0.0,-0.8,0.0,0.0,0.0,0.0,0.0,-7.069999999999996,0.0,0.0
GLU  45,100.151,0.0,0.0,-6.265,0.0,0.0,-75.321,0.0,0.0,-71.343,0.0,0.0,0.6716843400000001,0.0,0.0,-52.10631566000001,0.0,0.0
GLY  46,69.145,0.0,0.0,-3.76,0.0,0.0,-67.33,0.0,0.0,-1.237,0.0,0.0,0.19035582000000004,0.0,0.0,-2.9916441800000073,0.0,0.0
ALA  47,99.412,0.0,0.0,-6.442,0.0,0.0,-84.612,0.0,0.0,-3.642,0.0,0.0,0.0345796,0.0,0.0,4.7505796000000045,0.0,0.0
THR  48,54.825,0.0,0.0,-8.245,0.0,0.0,-58.924,0.0,0.0,-1.39,0.0,0.0,0.0014363000000000002,0.0,0.0,-13.732563699999995,0.0,0.0
PRO  49,72.382,0.0,0.0,-10.278,0.0,0.0,-54.346,0.0,0.0,-1.319,0.0,0.0,0.0,0.0,0.0,6.43900000000001,0.0,0.0
GLN  50,31.038,0.0,0.0,-9.275,0.0,0.0,-71.699,0.0,0.0,-9.516,0.0,0.0,0.32502656,0.0,0.0,-59.12697344,0.0,0.0
ASP  51,87.302,0.0,0.0,-7.014,0.0,0.0,-124.003,0.0,0.0,-18.194,0.0,0.0,0.0147153,0.0,0.0,-61.89428469999999,0.0,0.0
LEU  52,65.579,0.0,0.0,-13.173,0.0,0.0,-70.444,0.0,0.0,0.422,0.0,0.0,0.0,0.0,0.0,-17.61600000000001,0.0,0.0
ASN  53,36.799,0.0,0.0,-7.406,0.0,0.0,-99.671,0.0,0.0,-2.206,0.0,0.0,0.15473558,0.0,0.0,-72.32926442000002,0.0,0.0
THR  54,51.63,0.0,0.0,-6.117,0.0,0.0,-65.911,0.0,0.0,-1.478,0.0,0.0,0.26937942000000004,0.0,0.0,-21.606620579999998,0.0,0.0
MET  55,88.725,0.0,0.0,-13.037,0.0,0.0,-66.549,0.0,0.0,-1.42,0.0,0.0,0.00378858,0.0,0.0,7.722788579999982,0.0,0.0
LEU  56,72.127,0.0,0.0,-10.465,0.0,0.0,-73.133,0.0,0.0,-0.305,0.0,0.0,0.09116982000000001,0.0,0.0,-11.684830180000004,0.0,0.0
ASN  57,29.651,0.0,0.0,-6.811,0.0,0.0,-89.357,0.0,0.0,-9.64,0.0,0.0,0.5482113200000001,0.0,0.0,-75.60878868,0.0,0.0
THR  58,54.542,0.0,0.0,-6.721,0.0,0.0,-57.844,0.0,0.0,-5.914,0.0,0.0,0.19756442000000002,0.0,0.0,-15.739435580000002,0.0,0.0
VAL  59,44.441,0.0,0.0,-8.854,0.0,0.0,-45.811,0.0,0.0,-1.533,0.0,0.0,0.03089942,0.0,0.0,-11.726100579999995,0.0,0.0
ALA  60,92.671,0.0,0.0,-4.695,0.0,0.0,-65.33,0.0,0.0,-2.982,0.0,0.0,0.12391204,0.0,0.0,19.787912040000002,0.0,0.0
PRO  61,77.668,0.0,0.0,-4.606,0.0,0.0,-58.733,0.0,0.0,-3.468,0.0,0.0,0.6338148,0.0,0.0,11.494814800000015,0.0,0.0
HID  62,98.997,0.0,0.0,-6.587,0.0,0.0,-67.378,0.0,0.0,-12.767,0.0,0.0,0.47352372000000004,0.0,0.0,12.738523719999996,0.0,0.0
GLN  63,34.564,0.0,0.0,-4.556,0.0,0.0,-65.785,0.0,0.0,-14.335,0.0,0.0,0.7924961400000001,0.0,0.0,-49.319503860000005,0.0,0.0
ALA  64,87.983,0.0,0.0,-4.406,0.0,0.0,-69.228,0.0,0.0,-5.566,0.0,0.0,0.38363302000000005,0.0,0.0,9.166633020000004,0.0,0.0
ALA  65,93.845,0.0,0.0,-6.465,0.0,0.0,-74.602,0.0,0.0,-3.612,0.0,0.0,0.05042226000000001,0.0,0.0,9.216422259999991,0.0,0.0
ALA  66,94.507,0.0,0.0,-5.433,0.0,0.0,-83.185,0.0,0.0,-1.609,0.0,0.0,0.016129920000000002,0.0,0.0,4.29612992000001,0.0,0.0
GLN  67,40.993,0.0,0.0,-7.524,0.0,0.0,-70.721,0.0,0.0,-19.249,0.0,0.0,0.5856255800000001,0.0,0.0,-55.915374420000006,0.0,0.0
MET  68,92.747,0.0,0.0,-9.685,0.0,0.0,-75.572,0.0,0.0,-2.451,0.0,0.0,0.27277776000000004,0.0,0.0,5.311777759999995,0.0,0.0
LEU  69,81.48,0.0,0.0,-10.802,0.0,0.0,-81.789,0.0,0.0,-2.999,0.0,0.0,0.018173260000000004,0.0,0.0,-14.091826740000005,0.0,0.0
LYS  70,125.391,0.0,0.0,-9.688,0.0,0.0,-108.37,0.0,0.0,-28.738,0.0,0.0,0.464494,0.0,0.0,-20.940506000000003,0.0,0.0
GLU  71,104.902,0.0,0.0,-7.217,0.0,0.0,-67.164,0.0,0.0,-90.877,0.0,0.0,0.5673710200000001,0.0,0.0,-59.78862897999999,0.0,0.0
THR  72,50.276,0.0,0.0,-8.587,0.0,0.0,-58.163,0.0,0.0,-3.951,0.0,0.0,0.027100000000000003,0.0,0.0,-20.39789999999999,0.0,0.0
ILE  73,73.687,0.0,0.0,-9.133,0.0,0.0,-49.126,0.0,0.0,-4.93,0.0,0.0,0.04607542,0.0,0.0,10.544075420000004,0.0,0.0
ASN  74,20.909,0.0,0.0,-6.811,0.0,0.0,-79.388,0.0,0.0,-9.541,0.0,0.0,0.5431490400000001,0.0,0.0,-74.28785096,0.0,0.0
GLU  75,104.868,0.0,0.0,-7.289,0.0,0.0,-57.637,0.0,0.0,-98.282,0.0,0.0,0.5571868400000001,0.0,0.0,-57.78281316,0.0,0.0
GLU  76,94.244,0.0,0.0,-9.98,0.0,0.0,-42.747,0.0,0.0,-97.945,0.0,0.0,0.24269676,0.0,0.0,-56.185303239999996,0.0,0.0
ALA  77,85.373,0.0,0.0,-8.194,0.0,0.0,-70.962,0.0,0.0,-3.131,0.0,0.0,0.07645452,0.0,0.0,3.162454519999999,0.0,0.0
ALA  78,96.406,0.0,0.0,-6.662,0.0,0.0,-85.991,0.0,0.0,-0.058,0.0,0.0,0.19747770000000003,0.0,0.0,3.8924777,0.0,0.0
GLU  79,104.621,0.0,0.0,-6.252,0.0,0.0,-64.095,0.0,0.0,-91.55,0.0,0.0,0.47298714000000003,0.0,0.0,-56.803012859999995,0.0,0.0
TRP  80,115.561,0.0,0.0,-16.652,0.0,0.0,-89.2,0.0,0.0,-1.852,0.0,0.0,0.20971064,0.0,0.0,8.066710640000004,0.0,0.0
ASP  81,100.476,0.0,0.0,-8.694,0.0,0.0,-60.421,0.0,0.0,-80.639,0.0,0.0,0.202708,0.0,0.0,-49.075292,0.0,0.0
ARG  82,-195.441,0.0,0.0,-7.31,0.0,0.0,-20.552,0.0,0.0,43.27,0.0,0.0,0.8587827400000001,0.0,0.0,-179.17421725999998,0.0,0.0
LEU  83,71.329,0.0,0.0,-6.368,0.0,0.0,-74.036,0.0,0.0,-2.647,0.0,0.0,0.7035810400000001,0.0,0.0,-11.018418960000004,0.0,0.0
HID  84,116.451,0.0,0.0,-8.011,0.0,0.0,-73.604,0.0,0.0,-10.191,0.0,0.0,0.44305790000000006,0.0,0.0,25.088057899999995,0.0,0.0
PRO  85,90.667,0.0,0.0,-3.62,0.0,0.0,-62.869,0.0,0.0,-8.331,0.0,0.0,0.6935432,0.0,0.0,16.5405432,0.0,0.0
VAL  86,47.95,0.0,0.0,-4.229,0.0,0.0,-47.718,0.0,0.0,-5.425,0.0,0.0,0.47003866,0.0,0.0,-8.95196134,0.0,0.0
HID  87,93.411,0.0,0.0,-6.584,0.0,0.0,-58.395,0.0,0.0,-11.476,0.0,0.0,0.5626773,0.0,0.0,17.518677299999997,0.0,0.0
ALA  88,87.913,0.0,0.0,-2.487,0.0,0.0,-70.761,0.0,0.0,-8.903,0.0,0.0,0.5320272,0.0,0.0,6.294027200000006,0.0,0.0
GLY  89,89.981,0.0,0.0,-1.909,0.0,0.0,-71.929,0.0,0.0,-9.487,0.0,0.0,0.33624054000000003,0.0,0.0,6.992240539999987,0.0,0.0
PRO  90,83.967,0.0,0.0,-3.199,0.0,0.0,-56.384,0.0,0.0,-8.615,0.0,0.0,0.7474938799999999,0.0,0.0,16.51649388,0.0,0.0
ILE  91,75.884,0.0,0.0,-4.007,0.0,0.0,-54.079,0.0,0.0,-5.855,0.0,0.0,0.48617400000000005,0.0,0.0,12.429173999999994,0.0,0.0
ALA  92,90.898,0.0,0.0,-3.403,0.0,0.0,-70.272,0.0,0.0,-3.513,0.0,0.0,0.26635506000000003,0.0,0.0,13.976355059999985,0.0,0.0
PRO  93,82.543,0.0,0.0,-2.882,0.0,0.0,-55.385,0.0,0.0,-8.626,0.0,0.0,0.72200904,0.0,0.0,16.372009040000005,0.0,0.0
GLY  94,69.072,0.0,0.0,-1.286,0.0,0.0,-62.373,0.0,0.0,-7.933,0.0,0.0,0.5171980800000001,0.0,0.0,-2.002801919999996,0.0,0.0
GLN  95,35.601,0.0,0.0,-5.909,0.0,0.0,-69.897,0.0,0.0,-14.934,0.0,0.0,0.56135482,0.0,0.0,-54.577645180000005,0.0,0.0
MET  96,100.605,0.0,0.0,-6.386,0.0,0.0,-70.612,0.0,0.0,-10.324,0.0,0.0,0.5308348,0.0,0.0,13.813834800000013,0.0,0.0
ARG  97,-191.437,0.0,0.0,-8.82,0.0,0.0,-3.526,0.0,0.0,23.918,0.0,0.0,0.21987314000000002,0.0,0.0,-179.64512686,0.0,0.0
GLU  98,105.608,0.0,0.0,-5.896,0.0,0.0,-45.609,0.0,0.0,-103.005,0.0,0.0,0.7597322400000001,0.0,0.0,-48.142267759999996,0.0,0.0
PRO  99,88.375,0.0,0.0,-9.809,0.0,0.0,-57.874,0.0,0.0,-6.569,0.0,0.0,0.05894792,0.0,0.0,14.18194792,0.0,0.0
ARG 100,-190.763,0.0,0.0,-10.333,0.0,0.0,9.436,0.0,0.0,14.282,0.0,0.0,0.46293846,0.0,0.0,-176.91506153999998,0.0,0.0
GLY 101,77.732,0.0,0.0,-4.863,0.0,0.0,-87.033,0.0,0.0,1.775,0.0,0.0,0.0,0.0,0.0,-12.389000000000001,0.0,0.0
SER 102,69.901,0.0,0.0,-6.416,0.0,0.0,-63.949,0.0,0.0,-2.962,0.0,0.0,0.16616636,0.0,0.0,-3.2598336399999988,0.0,0.0
ASP 103,92.396,0.0,0.0,-9.823,0.0,0.0,-119.08,0.0,0.0,-32.271,0.0,0.0,0.0,0.0,0.0,-68.77799999999999,0.0,0.0
ILE 104,79.845,0.0,0.0,-11.288,0.0,0.0,-60.15,0.0,0.0,-0.195,0.0,0.0,0.0,0.0,0.0,8.212000000000003,0.0,0.0
ALA 105,84.659,0.0,0.0,-7.595,0.0,0.0,-78.015,0.0,0.0,-0.7,0.0,0.0,0.05094258,0.0,0.0,-1.6000574199999933,0.0,0.0
GLY 106,92.232,0.0,0.0,-4.742,0.0,0.0,-89.013,0.0,0.0,-2.795,0.0,0.0,0.08018890000000001,0.0,0.0,-4.237811100000011,0.0,0.0
THR 107,55.369,0.0,0.0,-5.002,0.0,0.0,-60.502,0.0,0.0,-6.096,0.0,0.0,0.6124058,0.0,0.0,-15.618594200000006,0.0,0.0
THR 108,42.44,0.0,0.0,-4.824,0.0,0.0,-55.485,0.0,0.0,-3.721,0.0,0.0,0.40801218,0.0,0.0,-21.18198782,0.0,0.0
SER 109,76.312,0.0,0.0,-7.119,0.0,0.0,-70.801,0.0,0.0,-2.113,0.0,0.0,0.10896368000000001,0.0,0.0,-3.612036320000004,0.0,0.0
THR 110,31.263,0.0,0.0,-5.232,0.0,0.0,-34.106,0.0,0.0,-5.416,0.0,0.0,0.36759524000000005,0.0,0.0,-13.12340476,0.0,0.0
LEU 111,73.266,0.0,0.0,-8.673,0.0,0.0,-65.038,0.0,0.0,-4.475,0.0,0.0,0.1991579,0.0,0.0,-4.7208420999999925,0.0,0.0
GLN 112,31.59,0.0,0.0,-6.047,0.0,0.0,-71.197,0.0,0.0,-18.331,0.0,0.0,0.8107507,0.0,0.0,-63.1742493,0.0,0.0
GLU 113,100.69,0.0,0.0,-8.773,0.0,0.0,-113.558,0.0,0.0,-37.814,0.0,0.0,0.30434926,0.0,0.0,-59.15065074,0.0,0.0
GLN 114,38.968,0.0,0.0,-14.113,0.0,0.0,-80.385,0.0,0.0,-2.44,0.0,0.0,0.0,0.0,0.0,-57.97,0.0,0.0
ILE 115,87.455,0.0,0.0,-8.26,0.0,0.0,-70.809,0.0,0.0,-2.657,0.0,0.0,0.1935482,0.0,0.0,5.922548199999996,0.0,0.0
GLY 116,75.446,0.0,0.0,-4.256,0.0,0.0,-76.798,0.0,0.0,-0.973,0.0,0.0,0.11900694,0.0,0.0,-6.461993060000004,0.0,0.0
TRP 117,120.938,0.0,0.0,-18.534,0.0,0.0,-89.469,0.0,0.0,-4.518,0.0,0.0,0.02599432,0.0,0.0,8.442994320000002,0.0,0.0
MET 118,99.959,0.0,0.0,-12.821,0.0,0.0,-81.924,0.0,0.0,-4.239,0.0,0.0,0.0889693,0.0,0.0,1.0639692999999988,0.0,0.0
THR 119,45.302,0.0,0.0,-6.436,0.0,0.0,-52.561,0.0,0.0,-4.334,0.0,0.0,0.40569242,0.0,0.0,-17.62330758,0.0,0.0
HID 120,86.3,0.0,0.0,-7.843,0.0,0.0,-48.96,0.0,0.0,-20.25,0.0,0.0,0.63374976,0.0,0.0,9.880749759999993,0.0,0.0
ASN 121,46.218,0.0,0.0,-5.034,0.0,0.0,-77.497,0.0,0.0,-22.402,0.0,0.0,0.6945296400000001,0.0,0.0,-58.02047036,0.0,0.0
PRO 122,97.251,0.0,0.0,-1.772,0.0,0.0,-53.099,0.0,0.0,-8.057,0.0,0.0,0.64886614,0.0,0.0,34.97186614,0.0,0.0
PRO 123,82.469,0.0,0.0,-7.234,0.0,0.0,-57.616,0.0,0.0,-5.129,0.0,0.0,0.37859242000000004,0.0,0.0,12.86859242,0.0,0.0
ILE 124,90.005,0.0,0.0,-6.893,0.0,0.0,-64.66,0.0,0.0,-0.578,0.0,0.0,0.3391023,0.0,0.0,18.2131023,0.0,0.0
PRO 125,98.782,0.0,0.0,-6.525,0.0,0.0,-66.156,0.0,0.0,-1.7,0.0,0.0,0.41306904000000005,0.0,0.0,24.814069039999985,0.0,0.0
VAL 126,55.251,0.0,0.0,-9.401,0.0,0.0,-57.001,0.0,0.0,-1.66,0.0,0.0,0.0,0.0,0.0,-12.811000000000003,0.0,0.0
GLY 127,72.108,0.0,0.0,-5.752,0.0,0.0,-71.126,0.0,0.0,-2.047,0.0,0.0,0.026384560000000005,0.0,0.0,-6.790615439999996,0.0,0.0
GLU 128,107.178,0.0,0.0,-6.526,0.0,0.0,-106.29,0.0,0.0,-42.748,0.0,0.0,0.46134498,0.0,0.0,-47.92465502,0.0,0.0
ILE 129,80.419,0.0,0.0,-9.822,0.0,0.0,-63.345,0.0,0.0,-0.473,0.0,0.0,0.17573266,0.0,0.0,6.954732659999996,0.0,0.0
TYR 130,94.339,0.0,0.0,-15.482,0.0,0.0,-89.118,0.0,0.0,-2.172,0.0,0.0,0.01521394,0.0,0.0,-12.417786059999996,0.0,0.0
LYS 131,138.725,0.0,0.0,-9.884,0.0,0.0,-161.778,0.0,0.0,18.017,0.0,0.0,0.0760155,0.0,0.0,-14.843984499999983,0.0,0.0
ARG 132,-188.778,0.0,0.0,-10.254,0.0,0.0,25.902,0.0,0.0,-9.602,0.0,0.0,0.77021452,0.0,0.0,-181.96178548,0.0,0.0
TRP 133,132.325,0.0,0.0,-19.331,0.0,0.0,-96.298,0.0,0.0,-2.919,0.0,0.0,0.066666,0.0,0.0,13.843665999999983,0.0,0.0
ILE 134,89.471,0.0,0.0,-11.45,0.0,0.0,-70.447,0.0,0.0,0.006,0.0,0.0,0.01714346,0.0,0.0,7.597143459999998,0.0,0.0
ILE 135,84.975,0.0,0.0,-9.526,0.0,0.0,-67.285,0.0,0.0,-0.014,0.0,0.0,0.1481557,0.0,0.0,8.298155700000002,0.0,0.0
LEU 136,69.671,0.0,0.0,-7.223,0.0,0.0,-76.134,0.0,0.0,1.605,0.0,0.0,0.47581638000000004,0.0,0.0,-11.605183619999993,0.0,0.0
GLY 137,77.883,0.0,0.0,-5.977,0.0,0.0,-77.517,0.0,0.0,-0.002,0.0,0.0,0.0,0.0,0.0,-5.613000000000004,0.0,0.0
LEU 138,64.24,0.0,0.0,-11.153,0.0,0.0,-67.113,0.0,0.0,-1.201,0.0,0.0,0.004314320000000001,0.0,0.0,-15.222685680000003,0.0,0.0
ASN 139,42.906,0.0,0.0,-7.817,0.0,0.0,-93.184,0.0,0.0,-7.291,0.0,0.0,0.33231646000000004,0.0,0.0,-65.05368354,0.0,0.0
LYS 140,135.611,0.0,0.0,-6.288,0.0,0.0,-142.37,0.0,0.0,3.191,0.0,0.0,0.4498058,0.0,0.0,-9.406194200000026,0.0,0.0
ILE 141,101.259,0.0,0.0,-9.595,0.0,0.0,-78.148,0.0,0.0,-3.135,0.0,0.0,0.03977196,0.0,0.0,10.420771960000005,0.0,0.0
VAL 142,64.267,0.0,0.0,-8.216,0.0,0.0,-57.185,0.0,0.0,-4.965,0.0,0.0,0.10751654000000001,0.0,0.0,-5.9914834600000075,0.0,0.0
ARG 143,-188.073,0.0,0.0,-6.778,0.0,0.0,56.099,0.0,0.0,-28.331,0.0,0.0,1.08885632,0.0,0.0,-165.99414368,0.0,0.0
MET 144,86.172,0.0,0.0,-5.811,0.0,0.0,-72.863,0.0,0.0,-5.03,0.0,0.0,0.5491760800000001,0.0,0.0,3.0171760799999903,0.0,0.0
TYR 145,94.986,0.0,0.0,-7.833,0.0,0.0,-85.292,0.0,0.0,-12.719,0.0,0.0,0.82232782,0.0,0.0,-10.035672179999995,0.0,0.0
SER 146,85.826,0.0,0.0,-4.205,0.0,0.0,-62.521,0.0,0.0,-9.335,0.0,0.0,0.37412092,0.0,0.0,10.139120919999993,0.0,0.0
PRO 147,87.409,0.0,0.0,-3.922,0.0,0.0,-61.718,0.0,0.0,-6.284,0.0,0.0,0.4713774,0.0,0.0,15.956377400000006,0.0,0.0
THR 148,38.936,0.0,0.0,-2.244,0.0,0.0,-39.953,0.0,0.0,-10.55,0.0,0.0,0.71050238,0.0,0.0,-13.100497620000004,0.0,0.0
SER 149,65.684,0.0,0.0,-1.41,0.0,0.0,-43.706,0.0,0.0,-12.961,0.0,0.0,0.65270892,0.0,0.0,8.259708919999998,0.0,0.0
ILE 150,60.467,0.0,0.0,0.014,0.0,0.0,-27.251,0.0,0.0,-9.233,0.0,0.0,1.3025615,0.0,0.0,25.299561500000003,0.0,0.0

Ligand:
Total Energy Decomposition:
Residue,Internal,,,van der Waals,,,Electrostatic,,,Polar Solvation,,,Non-Polar Solv.,,,TOTAL,,
,Avg.,Std. Dev.,Std. Err. of Mean,Avg.,Std. Dev.,Std. Err. of Mean,Avg.,Std. Dev.,Std. Err. of Mean,Avg.,Std. Dev.,Std. Err. of Mean,Avg.,Std. Dev.,Std. Err. of Mean,Avg.,Std. Dev.,Std. Err. of Mean
LEU   1,39.665,0.0,0.0,-3.466,0.0,0.0,-46.491,0.0,0.0,-0.717,0.0,0.0,0.914625,0.0,0.0,-10.094375000000003,0.0,0.0
ASP   2,100.548,0.0,0.0,-3.899,0.0,0.0,-87.077,0.0,0.0,-66.696,0.0,0.0,0.7621387200000002,0.0,0.0,-56.36186127999999,0.0,0.0
ILE   3,102.864,0.0,0.0,-6.293,0.0,0.0,-70.913,0.0,0.0,-3.344,0.0,0.0,0.26451768000000003,0.0,0.0,22.57851768,0.0,0.0
ARG   4,-190.227,0.0,0.0,-9.391,0.0,0.0,25.82,0.0,0.0,-4.959,0.0,0.0,0.7247678200000001,0.0,0.0,-178.03223218,0.0,0.0
GLN   5,30.972,0.0,0.0,-11.526,0.0,0.0,-82.446,0.0,0.0,-6.905,0.0,0.0,0.09131074000000002,0.0,0.0,-69.81368926,0.0,0.0
GLY   6,88.9,0.0,0.0,-2.895,0.0,0.0,-74.279,0.0,0.0,-4.904,0.0,0.0,0.1504321,0.0,0.0,6.972432100000013,0.0,0.0
PRO   7,84.435,0.0,0.0,-3.648,0.0,0.0,-54.681,0.0,0.0,-7.139,0.0,0.0,0.7744204400000001,0.0,0.0,19.74142044000001,0.0,0.0
LYS   8,125.901,0.0,0.0,-3.499,0.0,0.0,-89.468,0.0,0.0,-43.156,0.0,0.0,1.17208584,0.0,0.0,-9.049914160000002,0.0,0.0
GLU   9,114.452,0.0,0.0,-4.521,0.0,0.0,-133.512,0.0,0.0,-22.18,0.0,0.0,0.21001958000000004,0.0,0.0,-45.55098042,0.0,0.0
PRO  10,80.513,0.0,0.0,-5.343,0.0,0.0,-57.017,0.0,0.0,-3.114,0.0,0.0,0.46815792000000006,0.0,0.0,15.507157919999997,0.0,0.0
PHE  11,106.551,0.0,0.0,-12.023,0.0,0.0,-74.175,0.0,0.0,-2.734,0.0,0.0,0.08750047999999999,0.0,0.0,17.706500480000006,0.0,0.0
ARG  12,-202.217,0.0,0.0,-8.203,0.0,0.0,-28.793,0.0,0.0,43.955,0.0,0.0,0.41636982,0.0,0.0,-194.84163018000004,0.0,0.0
ASP  13,91.014,0.0,0.0,-6.856,0.0,0.0,-71.535,0.0,0.0,-77.106,0.0,0.0,0.45301444,0.0,0.0,-64.02998555999999,0.0,0.0
TYR  14,98.373,0.0,0.0,-15.394,0.0,0.0,-98.286,0.0,0.0,-1.378,0.0,0.0,0.0,0.0,0.0,-16.685000000000002,0.0,0.0
VAL  15,51.528,0.0,0.0,-8.569,0.0,0.0,-61.009,0.0,0.0,3.303,0.0,0.0,0.0953649,0.0,0.0,-14.651635100000004,0.0,0.0
ASP  16,102.149,0.0,0.0,-7.403,0.0,0.0,-76.75,0.0,0.0,-64.751,0.0,0.0,0.45984364,0.0,0.0,-46.29515636000001,0.0,0.0
ARG  17,-188.959,0.0,0.0,-6.423,0.0,0.0,15.968,0.0,0.0,-1.59,0.0,0.0,0.48065102000000004,0.0,0.0,-180.52334898,0.0,0.0
PHE  18,93.147,0.0,0.0,-13.13,0.0,0.0,-79.105,0.0,0.0,-1.894,0.0,0.0,0.06837872,0.0,0.0,-0.9136212799999938,0.0,0.0
TYR  19,95.684,0.0,0.0,-11.418,0.0,0.0,-91.82,0.0,0.0,-2.567,0.0,0.0,0.30275036,0.0,0.0,-9.818249640000003,0.0,0.0
LYS  20,140.628,0.0,0.0,-7.493,0.0,0.0,-102.948,0.0,0.0,-44.001,0.0,0.0,0.8543546000000001,0.0,0.0,-12.9596454,0.0,0.0
THR  21,50.743,0.0,0.0,-6.112,0.0,0.0,-58.884,0.0,0.0,-4.518,0.0,0.0,0.23843122,0.0,0.0,-18.532568780000002,0.0,0.0
LEU  22,69.752,0.0,0.0,-10.045,0.0,0.0,-66.21,0.0,0.0,-4.382,0.0,0.0,0.12486054,0.0,0.0,-10.76013946,0.0,0.0
ARG  23,-194.711,0.0,0.0,-9.367,0.0,0.0,62.326,0.0,0.0,-32.739,0.0,0.0,0.7692064,0.0,0.0,-173.7217936,0.0,0.0
ALA  24,88.166,0.0,0.0,-4.1,0.0,0.0,-78.975,0.0,0.0,-6.372,0.0,0.0,0.47600608,0.0,0.0,-0.8049939199999917,0.0,0.0
GLU  25,106.562,0.0,0.0,-5.675,0.0,0.0,-68.814,0.0,0.0,-85.847,0.0,0.0,0.75266456,0.0,0.0,-53.02133543999999,0.0,0.0
GLN  26,34.879,0.0,0.0,-4.215,0.0,0.0,-65.778,0.0,0.0,-16.077,0.0,0.0,0.87048452,0.0,0.0,-50.320515480000005,0.0,0.0
ALA  27,101.617,0.0,0.0,-4.001,0.0,0.0,-84.958,0.0,0.0,-3.865,0.0,0.0,0.19115798,0.0,0.0,8.98415798,0.0,0.0
SER  28,77.274,0.0,0.0,-5.404,0.0,0.0,-61.649,0.0,0.0,-8.693,0.0,0.0,0.32993708000000005,0.0,0.0,1.8579370800000041,0.0,0.0
GLN  29,29.58,0.0,0.0,-5.427,0.0,0.0,-60.77,0.0,0.0,-20.74,0.0,0.0,0.7599924,0.0,0.0,-56.5970076,0.0,0.0
GLU  30,110.697,0.0,0.0,-5.124,0.0,0.0,-78.306,0.0,0.0,-78.658,0.0,0.0,0.74431234,0.0,0.0,-50.64668765999999,0.0,0.0
VAL  31,69.552,0.0,0.0,-6.909,0.0,0.0,-57.555,0.0,0.0,-3.646,0.0,0.0,0.32916202000000006,0.0,0.0,1.7711620200000082,0.0,0.0
LYS  32,117.102,0.0,0.0,-9.517,0.0,0.0,-98.365,0.0,0.0,-28.628,0.0,0.0,0.27313548,0.0,0.0,-19.134864519999986,0.0,0.0
ASN  33,23.27,0.0,0.0,-7.079,0.0,0.0,-89.174,0.0,0.0,-4.0,0.0,0.0,0.51573468,0.0,0.0,-76.46726532000001,0.0,0.0
TRP  34,126.453,0.0,0.0,-10.024,0.0,0.0,-89.879,0.0,0.0,-8.497,0.0,0.0,0.90956272,0.0,0.0,18.962562719999998,0.0,0.0
MET  35,100.4,0.0,0.0,-10.315,0.0,0.0,-87.427,0.0,0.0,-1.036,0.0,0.0,0.12600416,0.0,0.0,1.7480041600000011,0.0,0.0
THR  36,49.22,0.0,0.0,-6.924,0.0,0.0,-57.196,0.0,0.0,-2.812,0.0,0.0,0.21499514000000003,0.0,0.0,-17.49700486,0.0,0.0
GLU  37,105.909,0.0,0.0,-5.991,0.0,0.0,-56.046,0.0,0.0,-92.493,0.0,0.0,0.6350885000000001,0.0,0.0,-47.985911499999986,0.0,0.0
THR  38,38.043,0.0,0.0,-4.599,0.0,0.0,-47.456,0.0,0.0,-2.268,0.0,0.0,0.35724304000000007,0.0,0.0,-15.922756960000001,0.0,0.0
LEU  39,64.14,0.0,0.0,-7.984,0.0,0.0,-66.432,0.0,0.0,-0.356,0.0,0.0,0.19613896000000003,0.0,0.0,-10.435861040000002,0.0,0.0
LEU  40,94.66,0.0,0.0,-10.922,0.0,0.0,-87.734,0.0,0.0,-0.244,0.0,0.0,0.00893758,0.0,0.0,-4.231062419999995,0.0,0.0
VAL  41,51.967,0.0,0.0,-7.671,0.0,0.0,-58.263,0.0,0.0,-0.154,0.0,0.0,0.1631149,0.0,0.0,-13.957885099999999,0.0,0.0
GLN  42,24.341,0.0,0.0,-7.501,0.0,0.0,-70.488,0.0,0.0,-2.567,0.0,0.0,0.6056253800000001,0.0,0.0,-55.60937462,0.0,0.0
ASN  43,16.725,0.0,0.0,-9.812,0.0,0.0,-76.917,0.0,0.0,-4.915,0.0,0.0,0.043040220000000004,0.0,0.0,-74.87595978000002,0.0,0.0
ALA  44,91.663,0.0,0.0,-7.336,0.0,0.0,-79.24,0.0,0.0,-2.234,0.0,0.0,0.0650671,0.0,0.0,2.918067100000003,0.0,0.0
ASN  45,37.819,0.0,0.0,-7.656,0.0,0.0,-84.587,0.0,0.0,-8.654,0.0,0.0,0.15607432000000002,0.0,0.0,-62.92192568,0.0,0.0
PRO  46,78.804,0.0,0.0,-4.115,0.0,0.0,-62.125,0.0,0.0,-1.426,0.0,0.0,0.5299947,0.0,0.0,11.667994700000007,0.0,0.0
ASP  47,89.128,0.0,0.0,-5.672,0.0,0.0,-79.476,0.0,0.0,-58.819,0.0,0.0,0.626823,0.0,0.0,-54.212177,0.0,0.0
CYX  48,97.568,0.0,0.0,-6.959,0.0,0.0,-74.917,0.0,0.0,-4.957,0.0,0.0,0.07563068,0.0,0.0,10.810630679999992,0.0,0.0
LYS  49,132.928,0.0,0.0,-10.081,0.0,0.0,-108.379,0.0,0.0,-34.564,0.0,0.0,0.37078762000000004,0.0,0.0,-19.72521238000001,0.0,0.0
THR  50,50.613,0.0,0.0,-5.581,0.0,0.0,-69.401,0.0,0.0,0.083,0.0,0.0,0.43002822,0.0,0.0,-23.85597178,0.0,0.0
ILE  51,76.545,0.0,0.0,-6.1,0.0,0.0,-53.977,0.0,0.0,-2.363,0.0,0.0,0.41736168000000007,0.0,0.0,14.522361680000012,0.0,0.0
LEU  52,82.234,0.0,0.0,-10.414,0.0,0.0,-70.969,0.0,0.0,-4.258,0.0,0.0,0.06764702,0.0,0.0,-3.339352980000001,0.0,0.0
LYS  53,117.524,0.0,0.0,-5.916,0.0,0.0,-81.744,0.0,0.0,-46.526,0.0,0.0,0.90390424,0.0,0.0,-15.75809576,0.0,0.0
ALA  54,84.485,0.0,0.0,-3.226,0.0,0.0,-72.78,0.0,0.0,-5.979,0.0,0.0,0.5599564600000001,0.0,0.0,3.059956459999999,0.0,0.0
LEU  55,79.764,0.0,0.0,-6.167,0.0,0.0,-73.743,0.0,0.0,-7.425,0.0,0.0,0.45061880000000004,0.0,0.0,-7.120381200000001,0.0,0.0
GLY  56,87.556,0.0,0.0,-2.312,0.0,0.0,-70.483,0.0,0.0,-10.61,0.0,0.0,0.13718562,0.0,0.0,4.288185619999997,0.0,0.0
PRO  57,78.464,0.0,0.0,-2.278,0.0,0.0,-53.145,0.0,0.0,-8.016,0.0,0.0,0.80576972,0.0,0.0,15.83076971999999,0.0,0.0
GLY  58,66.426,0.0,0.0,-1.945,0.0,0.0,-65.012,0.0,0.0,-4.568,0.0,0.0,0.38460862,0.0,0.0,-4.7143913799999915,0.0,0.0
ALA  59,102.269,0.0,0.0,-5.14,0.0,0.0,-92.363,0.0,0.0,-0.833,0.0,0.0,0.11245958,0.0,0.0,4.0454595800000055,0.0,0.0
THR  60,46.488,0.0,0.0,-4.269,0.0,0.0,-53.918,0.0,0.0,-5.415,0.0,0.0,0.51124692,0.0,0.0,-16.602753079999996,0.0,0.0
LEU  61,63.895,0.0,0.0,-9.204,0.0,0.0,-65.633,0.0,0.0,-3.987,0.0,0.0,0.23926048,0.0,0.0,-14.689739519999993,0.0,0.0
GLU  62,102.51,0.0,0.0,-5.821,0.0,0.0,-88.133,0.0,0.0,-69.187,0.0,0.0,0.5980915800000001,0.0,0.0,-60.032908419999984,0.0,0.0
GLU  63,99.135,0.0,0.0,-6.202,0.0,0.0,-64.042,0.0,0.0,-84.663,0.0,0.0,0.44849958,0.0,0.0,-55.32350041999999,0.0,0.0
MET  64,95.869,0.0,0.0,-12.453,0.0,0.0,-75.022,0.0,0.0,-1.754,0.0,0.0,0.056189140000000005,0.0,0.0,6.6961891399999915,0.0,0.0
MET  65,104.768,0.0,0.0,-12.579,0.0,0.0,-88.537,0.0,0.0,0.093,0.0,0.0,0.01283456,0.0,0.0,3.7578345599999867,0.0,0.0
THR  66,36.301,0.0,0.0,-4.781,0.0,0.0,-48.29,0.0,0.0,-5.32,0.0,0.0,0.6025956000000001,0.0,0.0,-21.487404399999996,0.0,0.0
ALA  67,77.453,0.0,0.0,-5.706,0.0,0.0,-66.327,0.0,0.0,-1.672,0.0,0.0,0.12190122,0.0,0.0,3.869901220000002,0.0,0.0
CYX  68,92.172,0.0,0.0,-6.81,0.0,0.0,-80.827,0.0,0.0,-1.626,0.0,0.0,0.11719666000000001,0.0,0.0,3.0261966599999965,0.0,0.0
GLN  69,33.409,0.0,0.0,-3.232,0.0,0.0,-72.376,0.0,0.0,-15.103,0.0,0.0,0.9128147200000001,0.0,0.0,-56.38918528000001,0.0,0.0
GLY  70,99.47,0.0,0.0,-2.936,0.0,0.0,-86.766,0.0,0.0,-6.583,0.0,0.0,0.11105038000000002,0.0,0.0,3.2960503799999863,0.0,0.0
VAL  71,33.165,0.0,0.0,-1.619,0.0,0.0,-47.275,0.0,0.0,-76.472,0.0,0.0,0.9888627400000001,0.0,0.0,-91.21213725999999,0.0,0.0

DELTAS:
Total Energy Decomposition:
Residue,Location,Internal,,,van der Waals,,,Electrostatic,,,Polar Solvation,,,Non-Polar Solv.,,,TOTAL,,
,,Avg.,Std. Dev.,Std. Err. of Mean,Avg.,Std. Dev.,Std. Err. of Mean,Avg.,Std. Dev.,Std. Err. of Mean,Avg.,Std. Dev.,Std. Err. of Mean,Avg.,Std. Dev.,Std. Err. of Mean
PRO   1,R PRO   1,0.0,0.0,0.0,-0.001000000000000334,0.0,0.0,-6.712999999999994,0.0,0.0,6.715,0.0,0.0,0.0,0.0,0.0,0.0010000000000012221,0.0,0.0
ILE   2,R ILE   2,0.0,0.0,0.0,0.0,0.0,0.0,0.058000000000006935,0.0,0.0,-0.058000000000000274,0.0,0.0,0.0,0.0,0.0,7.105427357601002e-15,0.0,0.0
VAL   3,R VAL   3,0.0,0.0,0.0,0.0,0.0,0.0,-0.02499999999999858,0.0,0.0,0.02499999999999991,0.0,0.0,0.0,0.0,0.0,1.7763568394002505e-15,0.0,0.0
GLN   4,R GLN   4,0.0,0.0,0.0,0.0,0.0,0.0,0.09600000000000364,0.0,0.0,-0.09600000000000009,0.0,0.0,0.0,0.0,0.0,7.105427357601002e-15,0.0,0.0
ASN   5,R ASN   5,0.0,0.0,0.0,0.0,0.0,0.0,-0.06199999999999761,0.0,0.0,0.062000000000001165,0.0,0.0,0.0,0.0,0.0,1.4210854715202004e-14,0.0,0.0
LEU   6,R LEU   6,0.0,0.0,0.0,0.0,0.0,0.0,-0.04100000000000392,0.0,0.0,0.0420000000000007,0.0,0.0,0.0,0.0,0.0,0.000999999999995893,0.0,0.0
GLN   7,R GLN   7,0.0,0.0,0.0,0.0,0.0,0.0,0.009999999999990905,0.0,0.0,-0.009999999999999787,0.0,0.0,0.0,0.0,0.0,-7.105427357601002e-15,0.0,0.0
GLY   8,R GLY   8,0.0,0.0,0.0,0.0,0.0,0.0,-0.027000000000001023,0.0,0.0,0.02699999999999969,0.0,0.0,0.0,0.0,0.0,-8.881784197001252e-16,0.0,0.0
GLN   9,R GLN   9,0.0,0.0,0.0,0.0,0.0,0.0,0.09999999999999432,0.0,0.0,-0.09999999999999964,0.0,0.0,0.0,0.0,0.0,-7.105427357601002e-15,0.0,0.0
MET  10,R MET  10,0.0,0.0,0.0,0.0,0.0,0.0,-0.0660000000000025,0.0,0.0,0.06599999999999984,0.0,0.0,0.0,0.0,0.0,-3.552713678800501e-15,0.0,0.0
VAL  11,R VAL  11,0.0,0.0,0.0,-0.0009999999999994458,0.0,0.0,0.027999999999998693,0.0,0.0,-0.027999999999999803,0.0,0.0,0.0,0.0,0.0,-0.0010000000000065512,0.0,0.0
HID  12,R HID  12,0.0,0.0,0.0,0.0,0.0,0.0,0.0009999999999976694,0.0,0.0,-0.0009999999999994458,0.0,0.0,0.0,0.0,0.0,-3.552713678800501e-15,0.0,0.0
GLN  13,R GLN  13,0.0,0.0,0.0,-0.0009999999999994458,0.0,0.0,0.07000000000000739,0.0,0.0,-0.07000000000000028,0.0,0.0,0.0,0.0,0.0,-0.000999999999990564,0.0,0.0
ALA  14,R ALA  14,0.0,0.0,0.0,-0.0009999999999998899,0.0,0.0,0.04099999999999682,0.0,0.0,-0.040999999999999925,0.0,0.0,0.0,0.0,0.0,-0.0010000000000074394,0.0,0.0
ILE  15,R ILE  15,0.0,0.0,0.0,-0.0019999999999988916,0.0,0.0,0.02599999999999625,0.0,0.0,-0.022999999999999687,0.0,0.0,0.0,0.0,0.0,0.0010000000000012221,0.0,0.0
SER  16,R SER  16,0.0,0.0,0.0,-0.001000000000000334,0.0,0.0,-0.0519999999999996,0.0,0.0,0.05200000000000049,0.0,0.0,0.0,0.0,0.0,-0.000999999999990564,0.0,0.0
PRO  17,R PRO  17,0.0,0.0,0.0,-0.0030000000000001137,0.0,0.0,-0.05300000000000438,0.0,0.0,0.05799999999999983,0.0,0.0,0.0,0.0,0.0,0.001999999999995339,0.0,0.0
ARG  18,R ARG  18,0.0,0.0,0.0,-0.004999999999999893,0.0,0.0,-8.447000000000003,0.0,0.0,8.471999999999994,0.0,0.0,0.0,0.0,0.0,0.01999999999998181,0.0,0.0
THR  19,R THR  19,0.0,0.0,0.0,-0.0039999999999995595,0.0,0.0,-0.06400000000000006,0.0,0.0,0.06999999999999984,0.0,0.0,0.0,0.0,0.0,0.001999999999995339,0.0,0.0
LEU  20,R LEU  20,0.0,0.0,0.0,-0.006000000000000227,0.0,0.0,-0.2289999999999992,0.0,0.0,0.22999999999999998,0.0,0.0,0.0,0.0,0.0,-0.004999999999999005,0.0,0.0
ASN  21,R ASN  21,0.0,0.0,0.0,-0.0129999999999999,0.0,0.0,-0.09600000000000364,0.0,0.0,0.17100000000000115,0.0,0.0,0.0,0.0,0.0,0.06199999999999761,0.0,0.0
ALA  22,R ALA  22,0.0,0.0,0.0,-0.01100000000000012,0.0,0.0,-0.3470000000000084,0.0,0.0,0.34799999999999986,0.0,0.0,0.0,0.0,0.0,-0.010000000000004228,0.0,0.0
TRP  23,R TRP  23,0.0,0.0,0.0,-0.028999999999999915,0.0,0.0,-0.4890000000000043,0.0,0.0,0.5009999999999999,0.0,0.0,0.0,0.0,0.0,-0.01700000000001456,0.0,0.0
VAL  24,R VAL  24,0.0,0.0,0.0,-0.04400000000000048,0.0,0.0,-0.7620000000000005,0.0,0.0,0.7839999999999998,0.0,0.0,0.0,0.0,0.0,-0.022000000000003794,0.0,0.0
LYS  25,R LYS  25,0.0,0.0,0.0,-0.2869999999999999,0.0,0.0,4.650000000000006,0.0,0.0,-3.3550000000000004,0.0,0.0,-0.00350132000000003,0.0,0.0,1.0044986799999993,0.0,0.0
VAL  26,R VAL  26,0.0,0.0,0.0,-0.10200000000000031,0.0,0.0,-0.6940000000000026,0.0,0.0,0.7360000000000002,0.0,0.0,0.0,0.0,0.0,-0.060000000000005826,0.0,0.0
VAL  27,R VAL  27,0.0,0.0,0.0,-0.16000000000000014,0.0,0.0,-0.6280000000000001,0.0,0.0,0.73,0.0,0.0,0.0,0.0,0.0,-0.05800000000000338,0.0,0.0
GLU  28,R GLU  28,0.0,0.0,0.0,-1.3609999999999998,0.0,0.0,-4.247,0.0,0.0,6.354999999999997,0.0,0.0,-0.15339683999999998,0.0,0.0,0.5936031599999936,0.0,0.0
GLU  29,R GLU  29,0.0,0.0,0.0,-2.3360000000000003,0.0,0.0,-30.774,0.0,0.0,30.925,0.0,0.0,-0.34894502,0.0,0.0,-2.5339450200000044,0.0,0.0
LYS  30,R LYS  30,0.0,0.0,0.0,-2.8149999999999995,0.0,0.0,-14.792000000000002,0.0,0.0,16.451999999999998,0.0,0.0,-0.17220966,0.0,0.0,-1.3272096599999994,0.0,0.0
ALA  31,R ALA  31,0.0,0.0,0.0,-2.465,0.0,0.0,0.44999999999998863,0.0,0.0,0.20800000000000018,0.0,0.0,-0.25128204,0.0,0.0,-2.058282040000015,0.0,0.0
PHE  32,R PHE  32,0.0,0.0,0.0,-0.44700000000000095,0.0,0.0,0.09399999999999409,0.0,0.0,0.15499999999999936,0.0,0.0,-0.023620360000000007,0.0,0.0,-0.22162036000000906,0.0,0.0
SER  33,R SER  33,0.0,0.0,0.0,-1.2829999999999995,0.0,0.0,-2.1510000000000105,0.0,0.0,3.055,0.0,0.0,-0.18525018,0.0,0.0,-0.5642501800000126,0.0,0.0
PRO  34,R PRO  34,0.0,0.0,0.0,-0.20599999999999952,0.0,0.0,-0.8999999999999986,0.0,0.0,0.9100000000000001,0.0,0.0,0.0,0.0,0.0,-0.1959999999999873,0.0,0.0
GLU  35,R GLU  35,0.0,0.0,0.0,-0.4900000000000002,0.0,0.0,15.629000000000005,0.0,0.0,-15.032000000000004,0.0,0.0,-0.060237879999999966,0.0,0.0,0.046762120000003904,0.0,0.0
VAL  36,R VAL  36,0.0,0.0,0.0,-0.07699999999999996,0.0,0.0,0.0030000000000001137,0.0,0.0,0.05800000000000005,0.0,0.0,0.0,0.0,0.0,-0.015999999999998238,0.0,0.0
ILE  37,R ILE  37,0.0,0.0,0.0,-0.019000000000000128,0.0,0.0,-0.30100000000000193,0.0,0.0,0.29700000000000015,0.0,0.0,0.0,0.0,0.0,-0.022999999999996135,0.0,0.0
PRO  38,R PRO  38,0.0,0.0,0.0,-0.017000000000000348,0.0,0.0,-0.4100000000000037,0.0,0.0,0.42100000000000004,0.0,0.0,0.0,0.0,0.0,-0.006000000000000227,0.0,0.0
MET  39,R MET  39,0.0,0.0,0.0,-0.04100000000000037,0.0,0.0,-0.09799999999999898,0.0,0.0,0.1279999999999999,0.0,0.0,0.0,0.0,0.0,-0.01100000000000989,0.0,0.0
PHE  40,R PHE  40,0.0,0.0,0.0,-0.010999999999999233,0.0,0.0,-0.05699999999998795,0.0,0.0,0.06199999999999983,0.0,0.0,0.0,0.0,0.0,-0.005999999999983796,0.0,0.0
SER  41,R SER  41,0.0,0.0,0.0,-0.0030000000000001137,0.0,0.0,-0.18999999999999773,0.0,0.0,0.20400000000000063,0.0,0.0,0.0,0.0,0.0,0.011000000000002785,0.0,0.0
ALA  42,R ALA  42,0.0,0.0,0.0,-0.0030000000000001137,0.0,0.0,-0.09299999999998931,0.0,0.0,0.10099999999999998,0.0,0.0,0.0,0.0,0.0,0.0050000000000105516,0.0,0.0
LEU  43,R LEU  43,0.0,0.0,0.0,-0.0070000000000014495,0.0,0.0,-0.022999999999996135,0.0,0.0,0.031000000000000583,0.0,0.0,0.0,0.0,0.0,0.0010000000000083276,0.0,0.0
SER  44,R SER  44,0.0,0.0,0.0,-0.0019999999999997797,0.0,0.0,-0.0589999999999975,0.0,0.0,0.06400000000000006,0.0,0.0,0.0,0.0,0.0,0.0029999999999930083,0.0,0.0
GLU  45,R GLU  45,0.0,0.0,0.0,-0.001000000000000334,0.0,0.0,7.174999999999997,0.0,0.0,-7.170999999999992,0.0,0.0,0.0,0.0,0.0,0.0030000000000001137,0.0,0.0
GLY  46,R GLY  46,0.0,0.0,0.0,0.0,0.0,0.0,-0.015000000000000568,0.0,0.0,0.015000000000000124,0.0,0.0,0.0,0.0,0.0,-4.440892098500626e-16,0.0,0.0
ALA  47,R ALA  47,0.0,0.0,0.0,-0.0009999999999994458,0.0,0.0,-0.0350000000000108,0.0,0.0,0.0349999999999997,0.0,0.0,0.0,0.0,0.0,-0.0010000000000021103,0.0,0.0
THR  48,R THR  48,0.0,0.0,0.0,0.0,0.0,0.0,0.036999999999999034,0.0,0.0,-0.037000000000000144,0.0,0.0,0.0,0.0,0.0,0.0,0.0,0.0
PRO  49,R PRO  49,0.0,0.0,0.0,-0.0009999999999994458,0.0,0.0,0.04399999999999693,0.0,0.0,-0.04300000000000015,0.0,0.0,0.0,0.0,0.0,-8.881784197001252e-16,0.0,0.0
GLN  50,R GLN  50,0.0,0.0,0.0,0.0,0.0,0.0,0.09799999999999898,0.0,0.0,-0.0990000000000002,0.0,0.0,0.0,0.0,0.0,-0.0010000000000047748,0.0,0.0
ASP  51,R ASP  51,0.0,0.0,0.0,-0.0009999999999994458,0.0,0.0,6.567999999999998,0.0,0.0,-6.5710000000000015,0.0,0.0,0.0,0.0,0.0,-0.0040000000000048885,0.0,0.0
LEU  52,R LEU  52,0.0,0.0,0.0,-0.0009999999999994458,0.0,0.0,0.007999999999995566,0.0,0.0,-0.008000000000000007,0.0,0.0,0.0,0.0,0.0,-0.0010000000000012221,0.0,0.0
ASN  53,R ASN  53,0.0,0.0,0.0,-0.001000000000000334,0.0,0.0,-0.003999999999990678,0.0,0.0,0.0019999999999997797,0.0,0.0,0.0,0.0,0.0,-0.002999999999985903,0.0,0.0
THR  54,R THR  54,0.0,0.0,0.0,-0.0019999999999997797,0.0,0.0,0.049000000000006594,0.0,0.0,-0.04800000000000004,0.0,0.0,0.0,0.0,0.0,-0.0009999999999941167,0.0,0.0
MET  55,R MET  55,0.0,0.0,0.0,-0.004999999999999005,0.0,0.0,-0.06199999999999761,0.0,0.0,0.06899999999999995,0.0,0.0,0.0,0.0,0.0,0.002000000000006885,0.0,0.0
LEU  56,R LEU  56,0.0,0.0,0.0,-0.0039999999999995595,0.0,0.0,-0.05700000000000216,0.0,0.0,0.059,0.0,0.0,0.0,0.0,0.0,-0.002000000000000668,0.0,0.0
ASN  57,R ASN  57,0.0,0.0,0.0,-0.0030000000000001137,0.0,0.0,0.05499999999999261,0.0,0.0,-0.04099999999999859,0.0,0.0,0.0,0.0,0.0,0.01099999999999568,0.0,0.0
THR  58,R THR  58,0.0,0.0,0.0,-0.006999999999999673,0.0,0.0,0.1739999999999995,0.0,0.0,-0.13600000000000012,0.0,0.0,0.0,0.0,0.0,0.031000000000000583,0.0,0.0
VAL  59,R VAL  59,0.0,0.0,0.0,-0.018000000000000682,0.0,0.0,-0.2779999999999987,0.0,0.0,0.31099999999999994,0.0,0.0,0.0,0.0,0.0,0.015000000000000568,0.0,0.0
ALA  60,R ALA  60,0.0,0.0,0.0,-0.006999999999999673,0.0,0.0,-0.2540000000000049,0.0,0.0,0.27700000000000014,0.0,0.0,0.0,0.0,0.0,0.016000000000005343,0.0,0.0
PRO  61,R PRO  61,0.0,0.0,0.0,-0.022999999999999687,0.0,0.0,-0.04100000000000392,0.0,0.0,0.09100000000000019,0.0,0.0,0.0,0.0,0.0,0.026999999999986812,0.0,0.0
HID  62,R HID  62,0.0,0.0,0.0,-0.13500000000000068,0.0,0.0,2.4210000000000065,0.0,0.0,-2.0020000000000007,0.0,0.0,-0.022541780000000067,0.0,0.0,0.26145822000001573,0.0,0.0
GLN  63,R GLN  63,0.0,0.0,0.0,-0.025000000000000355,0.0,0.0,-0.17300000000000182,0.0,0.0,0.2530000000000001,0.0,0.0,0.0,0.0,0.0,0.05500000000000682,0.0,0.0
ALA  64,R ALA  64,0.0,0.0,0.0,-0.023000000000000576,0.0,0.0,0.9259999999999877,0.0,0.0,-0.8760000000000003,0.0,0.0,0.0,0.0,0.0,0.026999999999990365,0.0,0.0
ALA  65,R ALA  65,0.0,0.0,0.0,-0.02200000000000024,0.0,0.0,0.5400000000000063,0.0,0.0,-0.5190000000000001,0.0,0.0,0.0,0.0,0.0,-0.000999999999985235,0.0,0.0
ALA  66,R ALA  66,0.0,0.0,0.0,-0.007000000000000561,0.0,0.0,0.1560000000000059,0.0,0.0,-0.1479999999999999,0.0,0.0,0.0,0.0,0.0,0.0010000000000012221,0.0,0.0
GLN  67,R GLN  67,0.0,0.0,0.0,-0.006999999999999673,0.0,0.0,0.1530000000000058,0.0,0.0,-0.13300000000000267,0.0,0.0,0.0,0.0,0.0,0.01300000000000523,0.0,0.0
MET  68,R MET  68,0.0,0.0,0.0,-0.006999999999999673,0.0,0.0,0.2960000000000065,0.0,0.0,-0.28500000000000014,0.0,0.0,0.0,0.0,0.0,0.004000000000015547,0.0,0.0
LEU  69,R LEU  69,0.0,0.0,0.0,-0.006000000000000227,0.0,0.0,0.10599999999999454,0.0,0.0,-0.10099999999999998,0.0,0.0,0.0,0.0,0.0,-0.0010000000000047748,0.0,0.0
LYS  70,R LYS  70,0.0,0.0,0.0,-0.0030000000000001137,0.0,0.0,-5.859999999999999,0.0,0.0,5.890999999999998,0.0,0.0,0.0,0.0,0.0,0.027999999999998693,0.0,0.0
GLU  71,R GLU  71,0.0,0.0,0.0,-0.002000000000000668,0.0,0.0,5.308,0.0,0.0,-5.311000000000007,0.0,0.0,0.0,0.0,0.0,-0.005000000000002558,0.0,0.0
THR  72,R THR  72,0.0,0.0,0.0,-0.0009999999999994458,0.0,0.0,0.03599999999999426,0.0,0.0,-0.03299999999999992,0.0,0.0,0.0,0.0,0.0,0.0019999999999882334,0.0,0.0
ILE  73,R ILE  73,0.0,0.0,0.0,-0.0010000000000012221,0.0,0.0,-0.0030000000000001137,0.0,0.0,0.0039999999999995595,0.0,0.0,0.0,0.0,0.0,-5.329070518200751e-15,0.0,0.0
ASN  74,R ASN  74,0.0,0.0,0.0,0.0,0.0,0.0,0.018000000000000682,0.0,0.0,-0.01699999999999946,0.0,0.0,0.0,0.0,0.0,0.000999999999990564,0.0,0.0
GLU  75,R GLU  75,0.0,0.0,0.0,-0.001000000000000334,0.0,0.0,5.355000000000004,0.0,0.0,-5.356000000000009,0.0,0.0,0.0,0.0,0.0,-0.0020000000000095497,0.0,0.0
GLU  76,R GLU  76,0.0,0.0,0.0,-0.0009999999999994458,0.0,0.0,5.927999999999997,0.0,0.0,-5.930000000000007,0.0,0.0,0.0,0.0,0.0,-0.0030000000000001137,0.0,0.0
ALA  77,R ALA  77,0.0,0.0,0.0,0.0,0.0,0.0,-0.021000000000000796,0.0,0.0,0.020999999999999908,0.0,0.0,0.0,0.0,0.0,-8.881784197001252e-16,0.0,0.0
ALA  78,R ALA  78,0.0,0.0,0.0,0.0,0.0,0.0,-0.031999999999996476,0.0,0.0,0.032,0.0,0.0,0.0,0.0,0.0,3.552713678800501e-15,0.0,0.0
GLU  79,R GLU  79,0.0,0.0,0.0,-0.001000000000000334,0.0,0.0,5.484000000000002,0.0,0.0,-5.484000000000009,0.0,0.0,0.0,0.0,0.0,-0.0010000000000118803,0.0,0.0
TRP  80,R TRP  80,0.0,0.0,0.0,0.0,0.0,0.0,0.0,0.0,0.0,0.001000000000000112,0.0,0.0,0.0,0.0,0.0,0.0009999999999994458,0.0,0.0
ASP  81,R ASP  81,0.0,0.0,0.0,0.0,0.0,0.0,5.140999999999998,0.0,0.0,-5.14200000000001,0.0,0.0,0.0,0.0,0.0,-0.0010000000000118803,0.0,0.0
ARG  82,R ARG  82,0.0,0.0,0.0,-0.001000000000000334,0.0,0.0,-5.285,0.0,0.0,5.285999999999994,0.0,0.0,0.0,0.0,0.0,-2.842170943040401e-14,0.0,0.0
LEU  83,R LEU  83,0.0,0.0,0.0,-0.0009999999999994458,0.0,0.0,-0.045000000000001705,0.0,0.0,0.04499999999999993,0.0,0.0,0.0,0.0,0.0,-0.0010000000000065512,0.0,0.0
HID  84,R HID  84,0.0,0.0,0.0,0.0,0.0,0.0,0.013999999999995794,0.0,0.0,-0.014999999999998792,0.0,0.0,0.0,0.0,0.0,-0.0010000000000012221,0.0,0.0
PRO  85,R PRO  85,0.0,0.0,0.0,-0.0009999999999998899,0.0,0.0,0.015999999999998238,0.0,0.0,-0.016000000000000014,0.0,0.0,0.0,0.0,0.0,-0.0009999999999941167,0.0,0.0
VAL  86,R VAL  86,0.0,0.0,0.0,0.0,0.0,0.0,-0.036999999999999034,0.0,0.0,0.03699999999999992,0.0,0.0,0.0,0.0,0.0,1.7763568394002505e-15,0.0,0.0
HID  87,R HID  87,0.0,0.0,0.0,0.0,0.0,0.0,-0.007999999999995566,0.0,0.0,0.009000000000000341,0.0,0.0,0.0,0.0,0.0,0.0010000000000047748,0.0,0.0
ALA  88,R ALA  88,0.0,0.0,0.0,0.0,0.0,0.0,0.003999999999990678,0.0,0.0,-0.004999999999999005,0.0,0.0,0.0,0.0,0.0,-0.0010000000000083276,0.0,0.0
GLY  89,R GLY  89,0.0,0.0,0.0,0.0,0.0,0.0,0.03300000000000125,0.0,0.0,-0.032999999999999474,0.0,0.0,0.0,0.0,0.0,1.7763568394002505e-15,0.0,0.0
PRO  90,R PRO  90,0.0,0.0,0.0,0.0,0.0,0.0,-0.021999999999998465,0.0,0.0,0.02200000000000024,0.0,0.0,0.0,0.0,0.0,3.552713678800501e-15,0.0,0.0
ILE  91,R ILE  91,0.0,0.0,0.0,0.0,0.0,0.0,-0.030000000000001137,0.0,0.0,0.03000000000000025,0.0,0.0,0.0,0.0,0.0,0.0,0.0,0.0
ALA  92,R ALA  92,0.0,0.0,0.0,0.0,0.0,0.0,0.04100000000001103,0.0,0.0,-0.040999999999999925,0.0,0.0,0.0,0.0,0.0,1.0658141036401503e-14,0.0,0.0
PRO  93,R PRO  93,0.0,0.0,0.0,0.0,0.0,0.0,0.003999999999997783,0.0,0.0,-0.004000000000001336,0.0,0.0,0.0,0.0,0.0,-3.552713678800501e-15,0.0,0.0
GLY  94,R GLY  94,0.0,0.0,0.0,0.0,0.0,0.0,-0.011000000000002785,0.0,0.0,0.009999999999999787,0.0,0.0,0.0,0.0,0.0,-0.0010000000000029985,0.0,0.0
GLN  95,R GLN  95,0.0,0.0,0.0,0.0,0.0,0.0,0.01300000000000523,0.0,0.0,-0.012000000000000455,0.0,0.0,0.0,0.0,0.0,0.0010000000000047748,0.0,0.0
MET  96,R MET  96,0.0,0.0,0.0,0.0,0.0,0.0,-0.0040000000000048885,0.0,0.0,0.0039999999999995595,0.0,0.0,0.0,0.0,0.0,-3.552713678800501e-15,0.0,0.0
ARG  97,R ARG  97,0.0,0.0,0.0,0.0,0.0,0.0,-5.084,0.0,0.0,5.085000000000001,0.0,0.0,0.0,0.0,0.0,0.0009999999999763531,0.0,0.0
GLU  98,R GLU  98,0.0,0.0,0.0,0.0,0.0,0.0,4.855000000000004,0.0,0.0,-4.855000000000004,0.0,0.0,0.0,0.0,0.0,0.0,0.0,0.0
PRO  99,R PRO  99,0.0,0.0,0.0,0.0,0.0,0.0,-0.03599999999999426,0.0,0.0,0.03599999999999959,0.0,0.0,0.0,0.0,0.0,3.552713678800501e-15,0.0,0.0
ARG 100,R ARG 100,0.0,0.0,0.0,0.0,0.0,0.0,-5.0649999999999995,0.0,0.0,5.065999999999999,0.0,0.0,0.0,0.0,0.0,0.0009999999999763531,0.0,0.0
GLY 101,R GLY 101,0.0,0.0,0.0,0.0,0.0,0.0,0.045000000000001705,0.0,0.0,-0.04499999999999993,0.0,0.0,0.0,0.0,0.0,1.7763568394002505e-15,0.0,0.0
SER 102,R SER 102,0.0,0.0,0.0,0.0,0.0,0.0,0.02499999999999858,0.0,0.0,-0.02499999999999991,0.0,0.0,0.0,0.0,0.0,-1.3322676295501878e-15,0.0,0.0
ASP 103,R ASP 103,0.0,0.0,0.0,0.0,0.0,0.0,5.319000000000003,0.0,0.0,-5.32,0.0,0.0,0.0,0.0,0.0,-0.0010000000000047748,0.0,0.0
ILE 104,R ILE 104,0.0,0.0,0.0,0.0,0.0,0.0,0.045000000000001705,0.0,0.0,-0.044999999999999984,0.0,0.0,0.0,0.0,0.0,1.7763568394002505e-15,0.0,0.0
ALA 105,R ALA 105,0.0,0.0,0.0,0.0,0.0,0.0,0.03900000000000148,0.0,0.0,-0.039000000000000035,0.0,0.0,0.0,0.0,0.0,1.5543122344752192e-15,0.0,0.0
GLY 106,R GLY 106,0.0,0.0,0.0,0.0,0.0,0.0,0.03200000000001069,0.0,0.0,-0.03200000000000003,0.0,0.0,0.0,0.0,0.0,1.0658141036401503e-14,0.0,0.0
THR 107,R THR 107,0.0,0.0,0.0,0.0,0.0,0.0,0.0010000000000047748,0.0,0.0,0.0,0.0,0.0,0.0,0.0,0.0,0.0010000000000047748,0.0,0.0
THR 108,R THR 108,0.0,0.0,0.0,0.0,0.0,0.0,-0.01899999999999835,0.0,0.0,0.019000000000000128,0.0,0.0,0.0,0.0,0.0,3.552713678800501e-15,0.0,0.0
SER 109,R SER 109,0.0,0.0,0.0,-0.001000000000000334,0.0,0.0,0.04399999999999693,0.0,0.0,-0.04499999999999993,0.0,0.0,0.0,0.0,0.0,-0.0020000000000077733,0.0,0.0
THR 110,R THR 110,0.0,0.0,0.0,0.0,0.0,0.0,-0.030999999999998806,0.0,0.0,0.03200000000000003,0.0,0.0,0.0,0.0,0.0,0.0010000000000012221,0.0,0.0
LEU 111,R LEU 111,0.0,0.0,0.0,-0.0009999999999994458,0.0,0.0,-0.04200000000000159,0.0,0.0,0.041999999999999815,0.0,0.0,0.0,0.0,0.0,-0.0009999999999923403,0.0,0.0
GLN 112,R GLN 112,0.0,0.0,0.0,-0.001000000000000334,0.0,0.0,-0.06199999999999761,0.0,0.0,0.06299999999999883,0.0,0.0,0.0,0.0,0.0,0.0,0.0,0.0
GLU 113,R GLU 113,0.0,0.0,0.0,0.0,0.0,0.0,5.26700000000001,0.0,0.0,-5.268000000000001,0.0,0.0,0.0,0.0,0.0,-0.000999999999990564,0.0,0.0
GLN 114,R GLN 114,0.0,0.0,0.0,0.0,0.0,0.0,0.036000000000001364,0.0,0.0,-0.03600000000000003,0.0,0.0,0.0,0.0,0.0,0.0,0.0,0.0
ILE 115,R ILE 115,0.0,0.0,0.0,0.0,0.0,0.0,-0.0049999999999954525,0.0,0.0,0.004999999999999893,0.0,0.0,0.0,0.0,0.0,4.440892098500626e-15,0.0,0.0
GLY 116,R GLY 116,0.0,0.0,0.0,0.0,0.0,0.0,-0.0040000000000048885,0.0,0.0,0.0050000000000000044,0.0,0.0,0.0,0.0,0.0,0.0009999999999950049,0.0,0.0
TRP 117,R TRP 117,0.0,0.0,0.0,0.0,0.0,0.0,0.012999999999991019,0.0,0.0,-0.0129999999999999,0.0,0.0,0.0,0.0,0.0,-7.105427357601002e-15,0.0,0.0
MET 118,R MET 118,0.0,0.0,0.0,0.0,0.0,0.0,0.03100000000000591,0.0,0.0,-0.03000000000000025,0.0,0.0,0.0,0.0,0.0,0.001000000000005663,0.0,0.0
THR 119,R THR 119,0.0,0.0,0.0,0.0,0.0,0.0,0.017000000000003013,0.0,0.0,-0.017000000000000348,0.0,0.0,0.0,0.0,0.0,3.552713678800501e-15,0.0,0.0
HID 120,R HID 120,0.0,0.0,0.0,0.0,0.0,0.0,0.026000000000003354,0.0,0.0,-0.02499999999999858,0.0,0.0,0.0,0.0,0.0,0.0010000000000047748,0.0,0.0
ASN 121,R ASN 121,0.0,0.0,0.0,0.0,0.0,0.0,-0.07299999999999329,0.0,0.0,0.0730000000000004,0.0,0.0,0.0,0.0,0.0,7.105427357601002e-15,0.0,0.0
PRO 122,R PRO 122,0.0,0.0,0.0,0.0,0.0,0.0,-0.01300000000000523,0.0,0.0,0.012000000000000455,0.0,0.0,0.0,0.0,0.0,-0.0010000000000047748,0.0,0.0
PRO 123,R PRO 123,0.0,0.0,0.0,0.0,0.0,0.0,-0.0030000000000001137,0.0,0.0,0.0029999999999992255,0.0,0.0,0.0,0.0,0.0,-1.7763568394002505e-15,0.0,0.0
ILE 124,R ILE 124,0.0,0.0,0.0,0.0,0.0,0.0,-0.0030000000000001137,0.0,0.0,0.0030000000000000027,0.0,0.0,0.0,0.0,0.0,0.0,0.0,0.0
PRO 125,R PRO 125,0.0,0.0,0.0,0.0,0.0,0.0,0.02200000000000557,0.0,0.0,-0.02300000000000013,0.0,0.0,0.0,0.0,0.0,-0.0009999999999941167,0.0,0.0
VAL 126,R VAL 126,0.0,0.0,0.0,0.0,0.0,0.0,0.032999999999994145,0.0,0.0,-0.03200000000000003,0.0,0.0,0.0,0.0,0.0,0.0009999999999941167,0.0,0.0
GLY 127,R GLY 127,0.0,0.0,0.0,0.0,0.0,0.0,0.021000000000000796,0.0,0.0,-0.020999999999999908,0.0,0.0,0.0,0.0,0.0,1.7763568394002505e-15,0.0,0.0
GLU 128,R GLU 128,0.0,0.0,0.0,-0.001000000000000334,0.0,0.0,6.685000000000002,0.0,0.0,-6.685000000000002,0.0,0.0,0.0,0.0,0.0,-0.0010000000000047748,0.0,0.0
ILE 129,R ILE 129,0.0,0.0,0.0,0.0,0.0,0.0,0.06400000000000006,0.0,0.0,-0.06400000000000006,0.0,0.0,0.0,0.0,0.0,0.0,0.0,0.0
TYR 130,R TYR 130,0.0,0.0,0.0,-0.0010000000000012221,0.0,0.0,-0.0020000000000095497,0.0,0.0,0.002000000000000224,0.0,0.0,0.0,0.0,0.0,-0.0010000000000136566,0.0,0.0
LYS 131,R LYS 131,0.0,0.0,0.0,-0.0019999999999988916,0.0,0.0,-6.788000000000011,0.0,0.0,6.791,0.0,0.0,0.0,0.0,0.0,0.0009999999999799059,0.0,0.0
ARG 132,R ARG 132,0.0,0.0,0.0,-0.002000000000000668,0.0,0.0,-6.93,0.0,0.0,6.932,0.0,0.0,0.0,0.0,0.0,2.842170943040401e-14,0.0,0.0
TRP 133,R TRP 133,0.0,0.0,0.0,-0.0010000000000012221,0.0,0.0,0.01999999999999602,0.0,0.0,-0.020000000000000018,0.0,0.0,0.0,0.0,0.0,-0.0009999999999941167,0.0,0.0
ILE 134,R ILE 134,0.0,0.0,0.0,-0.0030000000000001137,0.0,0.0,-0.000999999999990564,0.0,0.0,0.002999999999999999,0.0,0.0,0.0,0.0,0.0,-0.000999999999990564,0.0,0.0
ILE 135,R ILE 135,0.0,0.0,0.0,-0.0039999999999995595,0.0,0.0,0.057999999999992724,0.0,0.0,-0.061,0.0,0.0,0.0,0.0,0.0,-0.007000000000012108,0.0,0.0
LEU 136,R LEU 136,0.0,0.0,0.0,-0.0019999999999997797,0.0,0.0,0.09900000000000375,0.0,0.0,-0.09699999999999998,0.0,0.0,0.0,0.0,0.0,0.0,0.0,0.0
GLY 137,R GLY 137,0.0,0.0,0.0,-0.0030000000000001137,0.0,0.0,-0.04000000000000625,0.0,0.0,0.045,0.0,0.0,0.0,0.0,0.0,0.0019999999999935625,0.0,0.0
LEU 138,R LEU 138,0.0,0.0,0.0,-0.013999999999999346,0.0,0.0,0.0040000000000048885,0.0,0.0,0.008000000000000007,0.0,0.0,0.0,0.0,0.0,-0.001999999999997115,0.0,0.0
ASN 139,R ASN 139,0.0,0.0,0.0,-0.008000000000000007,0.0,0.0,0.5619999999999976,0.0,0.0,-0.5369999999999999,0.0,0.0,0.0,0.0,0.0,0.016999999999995907,0.0,0.0
LYS 140,R LYS 140,0.0,0.0,0.0,-0.008000000000000007,0.0,0.0,-5.796999999999997,0.0,0.0,5.835,0.0,0.0,0.0,0.0,0.0,0.030000000000022453,0.0,0.0
ILE 141,R ILE 141,0.0,0.0,0.0,-0.036999999999999034,0.0,0.0,0.14099999999999113,0.0,0.0,-0.08500000000000041,0.0,0.0,0.0,0.0,0.0,0.01899999999998414,0.0,0.0
VAL 142,R VAL 142,0.0,0.0,0.0,-0.05200000000000138,0.0,0.0,0.16199999999999903,0.0,0.0,-0.09100000000000019,0.0,0.0,0.0,0.0,0.0,0.01899999999999924,0.0,0.0
ARG 143,R ARG 143,0.0,0.0,0.0,-0.019000000000000128,0.0,0.0,-10.253,0.0,0.0,10.314,0.0,0.0,0.0,0.0,0.0,0.04200000000000159,0.0,0.0
MET 144,R MET 144,0.0,0.0,0.0,-0.02400000000000002,0.0,0.0,0.3689999999999998,0.0,0.0,-0.31599999999999984,0.0,0.0,0.0,0.0,0.0,0.029000000000013237,0.0,0.0
TYR 145,R TYR 145,0.0,0.0,0.0,-0.5790000000000006,0.0,0.0,3.8389999999999986,0.0,0.0,-2.716000000000001,0.0,0.0,-0.14947275999999998,0.0,0.0,0.39452723999998973,0.0,0.0
SER 146,R SER 146,0.0,0.0,0.0,-0.3049999999999997,0.0,0.0,0.9919999999999973,0.0,0.0,-0.3249999999999993,0.0,0.0,-0.002878019999999981,0.0,0.0,0.3591219799999923,0.0,0.0
PRO 147,R PRO 147,0.0,0.0,0.0,-2.9279999999999995,0.0,0.0,6.261000000000003,0.0,0.0,-4.8020000000000005,0.0,0.0,-0.4237085,0.0,0.0,-1.892708499999996,0.0,0.0
THR 148,R THR 148,0.0,0.0,0.0,-1.767,0.0,0.0,-1.7439999999999998,0.0,0.0,3.8120000000000003,0.0,0.0,-0.14567333999999998,0.0,0.0,0.15532665999999828,0.0,0.0
SER 149,R SER 149,0.0,0.0,0.0,-1.3110000000000002,0.0,0.0,-14.000999999999998,0.0,0.0,12.244,0.0,0.0,-0.4313507,0.0,0.0,-3.4993507000000044,0.0,0.0
ILE 150,R ILE 150,19.006,0.0,0.0,-8.455,0.0,0.0,-26.772000000000002,0.0,0.0,6.3020000000000005,0.0,0.0,-1.24247538,0.0,0.0,-11.161475380000011,0.0,0.0
LEU 151,L LEU   1,20.045,0.0,0.0,-2.1550000000000002,0.0,0.0,-24.659000000000006,0.0,0.0,0.33499999999999996,0.0,0.0,-0.22268069999999995,0.0,0.0,-6.656680700000006,0.0,0.0
ASP 152,L ASP   2,0.0,0.0,0.0,-0.3490000000000002,0.0,0.0,-0.894999999999996,0.0,0.0,-0.7560000000000002,0.0,0.0,-0.16165150000000017,0.0,0.0,-2.161651500000005,0.0,0.0
ILE 153,L ILE   3,0.0,0.0,0.0,-1.8809999999999993,0.0,0.0,-0.25,0.0,0.0,0.49099999999999966,0.0,0.0,-0.14628580000000002,0.0,0.0,-1.7862858000000017,0.0,0.0
ARG 154,L ARG   4,0.0,0.0,0.0,-0.24099999999999966,0.0,0.0,-11.068,0.0,0.0,11.283,0.0,0.0,0.0,0.0,0.0,-0.025999999999982037,0.0,0.0
GLN 155,L GLN   5,0.0,0.0,0.0,-0.027000000000001023,0.0,0.0,0.05700000000000216,0.0,0.0,-0.02799999999999958,0.0,0.0,0.0,0.0,0.0,0.0020000000000095497,0.0,0.0
GLY 156,L GLY   6,0.0,0.0,0.0,-0.005999999999999783,0.0,0.0,0.024999999999991473,0.0,0.0,-0.017999999999999794,0.0,0.0,0.0,0.0,0.0,0.0009999999999914522,0.0,0.0
PRO 157,L PRO   7,0.0,0.0,0.0,-0.0040000000000000036,0.0,0.0,-0.0519999999999996,0.0,0.0,0.05400000000000027,0.0,0.0,0.0,0.0,0.0,-0.002000000000005997,0.0,0.0
LYS 158,L LYS   8,0.0,0.0,0.0,-0.004999999999999893,0.0,0.0,-6.9809999999999945,0.0,0.0,7.001999999999995,0.0,0.0,0.0,0.0,0.0,0.015999999999991132,0.0,0.0
GLU 159,L GLU   9,0.0,0.0,0.0,-0.022999999999999687,0.0,0.0,9.543999999999997,0.0,0.0,-9.385000000000002,0.0,0.0,0.0,0.0,0.0,0.13600000000000279,0.0,0.0
PRO 160,L PRO  10,0.0,0.0,0.0,-0.009999999999999787,0.0,0.0,0.26600000000000534,0.0,0.0,-0.26000000000000023,0.0,0.0,0.0,0.0,0.0,-0.003999999999985349,0.0,0.0
PHE 161,L PHE  11,0.0,0.0,0.0,-0.014000000000001123,0.0,0.0,0.3259999999999934,0.0,0.0,-0.30299999999999994,0.0,0.0,0.0,0.0,0.0,0.00899999999998613,0.0,0.0
ARG 162,L ARG  12,0.0,0.0,0.0,-0.021000000000000796,0.0,0.0,-8.817999999999998,0.0,0.0,8.835999999999999,0.0,0.0,0.0,0.0,0.0,-0.002999999999957481,0.0,0.0
ASP 163,L ASP  13,0.0,0.0,0.0,-0.03500000000000014,0.0,0.0,10.329999999999998,0.0,0.0,-10.03200000000001,0.0,0.0,0.0,0.0,0.0,0.2629999999999697,0.0,0.0
TYR 164,L TYR  14,0.0,0.0,0.0,-0.18599999999999994,0.0,0.0,0.5289999999999964,0.0,0.0,-0.4770000000000001,0.0,0.0,0.0,0.0,0.0,-0.1339999999999968,0.0,0.0
VAL 165,L VAL  15,0.0,0.0,0.0,-0.06099999999999994,0.0,0.0,0.4930000000000021,0.0,0.0,-0.5049999999999999,0.0,0.0,0.0,0.0,0.0,-0.07299999999999862,0.0,0.0
ASP 166,L ASP  16,0.0,0.0,0.0,-0.12300000000000022,0.0,0.0,15.970999999999997,0.0,0.0,-15.414000000000001,0.0,0.0,0.0,0.0,0.0,0.4340000000000046,0.0,0.0
ARG 167,L ARG  17,0.0,0.0,0.0,-0.40200000000000014,0.0,0.0,-10.529,0.0,0.0,10.885,0.0,0.0,0.0,0.0,0.0,-0.04599999999999227,0.0,0.0
PHE 168,L PHE  18,0.0,0.0,0.0,-0.9099999999999984,0.0,0.0,-0.4479999999999933,0.0,0.0,1.023,0.0,0.0,-0.05524064000000001,0.0,0.0,-0.39024064000000414,0.0,0.0
TYR 169,L TYR  19,0.0,0.0,0.0,-0.8060000000000009,0.0,0.0,0.6689999999999969,0.0,0.0,-0.2789999999999999,0.0,0.0,-0.03670965999999998,0.0,0.0,-0.45270966,0.0,0.0
LYS 170,L LYS  20,0.0,0.0,0.0,-2.578999999999999,0.0,0.0,-4.096000000000004,0.0,0.0,7.6059999999999945,0.0,0.0,-0.37289058,0.0,0.0,0.5581094199999832,0.0,0.0
THR 171,L THR  21,0.0,0.0,0.0,-3.1340000000000003,0.0,0.0,0.3269999999999982,0.0,0.0,1.125,0.0,0.0,-0.21978642,0.0,0.0,-1.9017864200000005,0.0,0.0
LEU 172,L LEU  22,0.0,0.0,0.0,-1.2729999999999997,0.0,0.0,-0.5250000000000057,0.0,0.0,0.6229999999999998,0.0,0.0,-0.07675262000000001,0.0,0.0,-1.251752620000003,0.0,0.0
ARG 173,L ARG  23,0.0,0.0,0.0,-4.962999999999999,0.0,0.0,-47.122,0.0,0.0,43.308,0.0,0.0,-0.5386666999999999,0.0,0.0,-9.315666700000008,0.0,0.0
ALA 174,L ALA  24,0.0,0.0,0.0,-2.5380000000000003,0.0,0.0,-0.7860000000000014,0.0,0.0,1.7279999999999998,0.0,0.0,-0.42058116,0.0,0.0,-2.0165811600000123,0.0,0.0
GLU 175,L GLU  25,0.0,0.0,0.0,-1.468,0.0,0.0,9.690999999999995,0.0,0.0,-7.378,0.0,0.0,-0.15662716,0.0,0.0,0.6883728399999924,0.0,0.0
GLN 176,L GLN  26,0.0,0.0,0.0,-2.4370000000000003,0.0,0.0,-8.614999999999995,0.0,0.0,10.364,0.0,0.0,-0.4124403199999999,0.0,0.0,-1.100440319999997,0.0,0.0
ALA 177,L ALA  27,0.0,0.0,0.0,-0.1349999999999998,0.0,0.0,0.9830000000000041,0.0,0.0,-0.7639999999999993,0.0,0.0,0.0,0.0,0.0,0.08400000000001384,0.0,0.0
SER 178,L SER  28,0.0,0.0,0.0,-0.051000000000000156,0.0,0.0,0.45700000000000074,0.0,0.0,-0.29499999999999993,0.0,0.0,0.0,0.0,0.0,0.11099999999999888,0.0,0.0
GLN 179,L GLN  29,0.0,0.0,0.0,-0.1070000000000002,0.0,0.0,-1.516999999999996,0.0,0.0,1.7979999999999983,0.0,0.0,-0.002162580000000025,0.0,0.0,0.1718374199999957,0.0,0.0
GLU 180,L GLU  30,0.0,0.0,0.0,-0.014000000000000234,0.0,0.0,6.465000000000003,0.0,0.0,-6.403999999999996,0.0,0.0,0.0,0.0,0.0,0.046999999999997044,0.0,0.0
VAL 181,L VAL  31,0.0,0.0,0.0,-0.04400000000000048,0.0,0.0,-0.1670000000000016,0.0,0.0,0.20799999999999974,0.0,0.0,0.0,0.0,0.0,-0.003000000000005887,0.0,0.0
LYS 182,L LYS  32,0.0,0.0,0.0,-0.09600000000000009,0.0,0.0,-14.37100000000001,0.0,0.0,14.536,0.0,0.0,0.0,0.0,0.0,0.0689999999999884,0.0,0.0
ASN 183,L ASN  33,0.0,0.0,0.0,-0.015000000000000568,0.0,0.0,0.6100000000000136,0.0,0.0,-0.5570000000000004,0.0,0.0,0.0,0.0,0.0,0.038000000000010914,0.0,0.0
TRP 184,L TRP  34,0.0,0.0,0.0,-0.036000000000001364,0.0,0.0,0.09499999999999886,0.0,0.0,-0.04800000000000004,0.0,0.0,0.0,0.0,0.0,0.01099999999999568,0.0,0.0
MET 185,L MET  35,0.0,0.0,0.0,-0.7080000000000002,0.0,0.0,0.03100000000000591,0.0,0.0,0.10899999999999999,0.0,0.0,-0.046481919999999996,0.0,0.0,-0.6144819199999925,0.0,0.0
THR 186,L THR  36,0.0,0.0,0.0,-0.02400000000000002,0.0,0.0,0.1729999999999947,0.0,0.0,-0.11100000000000021,0.0,0.0,0.0,0.0,0.0,0.03799999999999315,0.0,0.0
GLU 187,L GLU  37,0.0,0.0,0.0,-0.007000000000000561,0.0,0.0,6.365000000000002,0.0,0.0,-6.332999999999998,0.0,0.0,0.0,0.0,0.0,0.02499999999999858,0.0,0.0
THR 188,L THR  38,0.0,0.0,0.0,-0.016000000000000014,0.0,0.0,0.026000000000003354,0.0,0.0,0.018999999999999684,0.0,0.0,0.0,0.0,0.0,0.028999999999999915,0.0,0.0
LEU 189,L LEU  39,0.0,0.0,0.0,-0.6240000000000006,0.0,0.0,-0.08100000000000307,0.0,0.0,0.09699999999999998,0.0,0.0,-0.02638456000000003,0.0,0.0,-0.6343845600000062,0.0,0.0
LEU 190,L LEU  40,0.0,0.0,0.0,-0.08300000000000018,0.0,0.0,0.10299999999999443,0.0,0.0,-0.07200000000000001,0.0,0.0,0.0,0.0,0.0,-0.052000000000003155,0.0,0.0
VAL 191,L VAL  41,0.0,0.0,0.0,-0.0129999999999999,0.0,0.0,0.06700000000000017,0.0,0.0,-0.049000000000000016,0.0,0.0,0.0,0.0,0.0,0.005000000000002558,0.0,0.0
GLN 192,L GLN  42,0.0,0.0,0.0,-0.019999999999999574,0.0,0.0,-0.11199999999999477,0.0,0.0,0.15400000000000036,0.0,0.0,0.0,0.0,0.0,0.02200000000000557,0.0,0.0
ASN 193,L ASN  43,0.0,0.0,0.0,-0.375,0.0,0.0,-1.7120000000000033,0.0,0.0,1.6590000000000003,0.0,0.0,-0.01007578,0.0,0.0,-0.43807577999999125,0.0,0.0
ALA 194,L ALA  44,0.0,0.0,0.0,-0.01100000000000012,0.0,0.0,0.06699999999999307,0.0,0.0,-0.05799999999999983,0.0,0.0,0.0,0.0,0.0,-0.0020000000000024443,0.0,0.0
ASN 195,L ASN  45,0.0,0.0,0.0,-0.004999999999999893,0.0,0.0,0.014000000000010004,0.0,0.0,0.0039999999999995595,0.0,0.0,0.0,0.0,0.0,0.013000000000012335,0.0,0.0
PRO 196,L PRO  46,0.0,0.0,0.0,-0.0030000000000001137,0.0,0.0,-0.04299999999999926,0.0,0.0,0.04200000000000004,0.0,0.0,0.0,0.0,0.0,-0.0039999999999995595,0.0,0.0
ASP 197,L ASP  47,0.0,0.0,0.0,-0.001000000000000334,0.0,0.0,6.376999999999995,0.0,0.0,-6.366,0.0,0.0,0.0,0.0,0.0,0.009999999999990905,0.0,0.0
CYX 198,L CYX  48,0.0,0.0,0.0,-0.002000000000000668,0.0,0.0,-0.1529999999999916,0.0,0.0,0.15700000000000003,0.0,0.0,0.0,0.0,0.0,0.0020000000000131024,0.0,0.0
LYS 199,L LYS  49,0.0,0.0,0.0,-0.005000000000000782,0.0,0.0,-7.400999999999996,0.0,0.0,7.413,0.0,0.0,0.0,0.0,0.0,0.007000000000008555,0.0,0.0
THR 200,L THR  50,0.0,0.0,0.0,-0.0009999999999994458,0.0,0.0,-0.07900000000000773,0.0,0.0,0.081,0.0,0.0,0.0,0.0,0.0,0.0009999999999976694,0.0,0.0
ILE 201,L ILE  51,0.0,0.0,0.0,-0.001000000000000334,0.0,0.0,-0.11899999999999977,0.0,0.0,0.1200000000000001,0.0,0.0,0.0,0.0,0.0,-5.329070518200751e-15,0.0,0.0
LEU 202,L LEU  52,0.0,0.0,0.0,-0.0030000000000001137,0.0,0.0,-0.13300000000000978,0.0,0.0,0.13400000000000034,0.0,0.0,0.0,0.0,0.0,-0.0020000000000095497,0.0,0.0
LYS 203,L LYS  53,0.0,0.0,0.0,-0.0009999999999994458,0.0,0.0,-6.125,0.0,0.0,6.124000000000002,0.0,0.0,0.0,0.0,0.0,-0.0020000000000024443,0.0,0.0
ALA 204,L ALA  54,0.0,0.0,0.0,-0.0009999999999998899,0.0,0.0,-0.06799999999999784,0.0,0.0,0.0680000000000005,0.0,0.0,0.0,0.0,0.0,-0.0010000000000021103,0.0,0.0
LEU 205,L LEU  55,0.0,0.0,0.0,-0.001000000000000334,0.0,0.0,-0.10800000000000409,0.0,0.0,0.10899999999999999,0.0,0.0,0.0,0.0,0.0,-8.881784197001252e-15,0.0,0.0
GLY 206,L GLY  56,0.0,0.0,0.0,0.0,0.0,0.0,0.07000000000000739,0.0,0.0,-0.06800000000000139,0.0,0.0,0.0,0.0,0.0,0.002000000000005997,0.0,0.0
PRO 207,L PRO  57,0.0,0.0,0.0,-0.0009999999999998899,0.0,0.0,-0.10799999999999699,0.0,0.0,0.10899999999999999,0.0,0.0,0.0,0.0,0.0,1.2434497875801753e-14,0.0,0.0
GLY 208,L GLY  58,0.0,0.0,0.0,-0.0009999999999998899,0.0,0.0,-0.015000000000000568,0.0,0.0,0.01699999999999946,0.0,0.0,0.0,0.0,0.0,0.0009999999999941167,0.0,0.0
ALA 209,L ALA  59,0.0,0.0,0.0,-0.002000000000000668,0.0,0.0,0.15900000000000603,0.0,0.0,-0.15400000000000003,0.0,0.0,0.0,0.0,0.0,0.003000000000010772,0.0,0.0
THR 210,L THR  60,0.0,0.0,0.0,-0.0030000000000001137,0.0,0.0,-0.125,0.0,0.0,0.133,0.0,0.0,0.0,0.0,0.0,0.004999999999999005,0.0,0.0
LEU 211,L LEU  61,0.0,0.0,0.0,-0.009999999999999787,0.0,0.0,-0.18900000000000716,0.0,0.0,0.19399999999999995,0.0,0.0,0.0,0.0,0.0,-0.005000000000004334,0.0,0.0
GLU 212,L GLU  62,0.0,0.0,0.0,-0.004999999999999893,0.0,0.0,8.107,0.0,0.0,-8.049000000000007,0.0,0.0,0.0,0.0,0.0,0.05299999999999727,0.0,0.0
GLU 213,L GLU  63,0.0,0.0,0.0,-0.0019999999999997797,0.0,0.0,5.850000000000001,0.0,0.0,-5.841000000000008,0.0,0.0,0.0,0.0,0.0,0.006999999999990791,0.0,0.0
MET 214,L MET  64,0.0,0.0,0.0,-0.004000000000001336,0.0,0.0,-0.16799999999999216,0.0,0.0,0.17399999999999993,0.0,0.0,0.0,0.0,0.0,0.002000000000016655,0.0,0.0
MET 215,L MET  65,0.0,0.0,0.0,-0.006000000000000227,0.0,0.0,-0.17599999999998772,0.0,0.0,0.18000000000000002,0.0,0.0,0.0,0.0,0.0,-0.0019999999999877893,0.0,0.0
THR 216,L THR  66,0.0,0.0,0.0,-0.001000000000000334,0.0,0.0,-0.07200000000000273,0.0,0.0,0.0730000000000004,0.0,0.0,0.0,0.0,0.0,-3.552713678800501e-15,0.0,0.0
ALA 217,L ALA  67,0.0,0.0,0.0,-0.0009999999999994458,0.0,0.0,-0.08299999999999841,0.0,0.0,0.08299999999999996,0.0,0.0,0.0,0.0,0.0,-0.0009999999999892317,0.0,0.0
CYX 218,L CYX  68,0.0,0.0,0.0,-0.002000000000000668,0.0,0.0,0.009000000000000341,0.0,0.0,-0.007000000000000117,0.0,0.0,0.0,0.0,0.0,4.884981308350689e-15,0.0,0.0
GLN 219,L GLN  69,0.0,0.0,0.0,-0.0019999999999997797,0.0,0.0,0.04600000000000648,0.0,0.0,-0.04499999999999993,0.0,0.0,0.0,0.0,0.0,-0.000999999999990564,0.0,0.0
GLY 220,L GLY  70,0.0,0.0,0.0,-0.002000000000000224,0.0,0.0,-0.08299999999999841,0.0,0.0,0.08900000000000041,0.0,0.0,0.0,0.0,0.0,0.004000000000006665,0.0,0.0
VAL 221,L VAL  71,0.0,0.0,0.0,-0.0040000000000000036,0.0,0.0,8.396999999999998,0.0,0.0,-8.326000000000008,0.0,0.0,0.0,0.0,0.0,0.06699999999999307,0.0,0.0

idecomp = 1: Per-residue decomp adding 1-4 interactions to Internal.
Energy Decomposition Analysis (All units kcal/mol): Poisson Boltzmann solvent
Complex:
Total Energy Decomposition:
Residue,Internal,,,van der Waals,,,Electrostatic,,,Polar Solvation,,,Non-Polar Solv.,,,TOTAL,,
,Avg.,Std. Dev.,Std. Err. of Mean,Avg.,Std. Dev.,Std. Err. of Mean,Avg.,Std. Dev.,Std. Err. of Mean,Avg.,Std. Dev.,Std. Err. of Mean,Avg.,Std. Dev.,Std. Err. of Mean,Avg.,Std. Dev.,Std. Err. of Mean
PRO   1,96.294,0.0,0.0,-7.397,0.0,0.0,-104.076,0.0,0.0,12.218,0.0,0.0,0.0,0.0,0.0,-2.961000000000002,0.0,0.0
ILE   2,92.853,0.0,0.0,-8.9,0.0,0.0,-69.597,0.0,0.0,-3.046,0.0,0.0,0.0,0.0,0.0,11.309999999999995,0.0,0.0
VAL   3,54.851,0.0,0.0,-5.001,0.0,0.0,-58.604,0.0,0.0,-1.059,0.0,0.0,0.0,0.0,0.0,-9.812999999999997,0.0,0.0
GLN   4,23.158,0.0,0.0,-5.046,0.0,0.0,-60.104,0.0,0.0,-12.066,0.0,0.0,0.0,0.0,0.0,-54.058,0.0,0.0
ASN   5,30.161,0.0,0.0,-7.21,0.0,0.0,-84.324,0.0,0.0,-9.272,0.0,0.0,0.0,0.0,0.0,-70.645,0.0,0.0
LEU   6,61.246,0.0,0.0,-3.262,0.0,0.0,-63.959,0.0,0.0,-5.639,0.0,0.0,0.0,0.0,0.0,-11.614,0.0,0.0
GLN   7,34.985,0.0,0.0,-4.578,0.0,0.0,-75.203,0.0,0.0,-9.783,0.0,0.0,0.0,0.0,0.0,-54.57900000000001,0.0,0.0
GLY   8,75.108,0.0,0.0,-3.005,0.0,0.0,-75.225,0.0,0.0,-1.84,0.0,0.0,0.0,0.0,0.0,-4.9619999999999855,0.0,0.0
GLN   9,46.097,0.0,0.0,-7.384,0.0,0.0,-81.289,0.0,0.0,-6.774,0.0,0.0,0.0,0.0,0.0,-49.35,0.0,0.0
MET  10,103.472,0.0,0.0,-8.371,0.0,0.0,-77.772,0.0,0.0,-5.234,0.0,0.0,0.0,0.0,0.0,12.094999999999994,0.0,0.0
VAL  11,49.636,0.0,0.0,-5.856,0.0,0.0,-55.208,0.0,0.0,-1.264,0.0,0.0,0.0,0.0,0.0,-12.691999999999997,0.0,0.0
HID  12,95.507,0.0,0.0,-10.288,0.0,0.0,-63.459,0.0,0.0,-3.803,0.0,0.0,0.0,0.0,0.0,17.957000000000004,0.0,0.0
GLN  13,30.806,0.0,0.0,-5.286,0.0,0.0,-74.02,0.0,0.0,-9.332,0.0,0.0,0.0,0.0,0.0,-57.831999999999994,0.0,0.0
ALA  14,93.06,0.0,0.0,-3.534,0.0,0.0,-79.593,0.0,0.0,-2.642,0.0,0.0,0.0,0.0,0.0,7.290999999999993,0.0,0.0
ILE  15,96.105,0.0,0.0,-8.28,0.0,0.0,-71.833,0.0,0.0,-4.91,0.0,0.0,0.0,0.0,0.0,11.082000000000004,0.0,0.0
SER  16,76.39,0.0,0.0,-5.115,0.0,0.0,-53.453,0.0,0.0,-8.334,0.0,0.0,0.0,0.0,0.0,9.488000000000003,0.0,0.0
PRO  17,89.441,0.0,0.0,-4.375,0.0,0.0,-60.21,0.0,0.0,-3.188,0.0,0.0,0.0,0.0,0.0,21.668000000000003,0.0,0.0
ARG  18,-181.787,0.0,0.0,-5.205,0.0,0.0,64.66,0.0,0.0,-35.203,0.0,0.0,0.0,0.0,0.0,-157.53500000000003,0.0,0.0
THR  19,45.8,0.0,0.0,-8.161,0.0,0.0,-56.505,0.0,0.0,-2.077,0.0,0.0,0.0,0.0,0.0,-20.943000000000005,0.0,0.0
LEU  20,56.434,0.0,0.0,-9.227,0.0,0.0,-59.193,0.0,0.0,-1.179,0.0,0.0,0.0,0.0,0.0,-13.165000000000004,0.0,0.0
ASN  21,31.257,0.0,0.0,-6.814,0.0,0.0,-83.964,0.0,0.0,-13.262,0.0,0.0,0.0,0.0,0.0,-72.783,0.0,0.0
ALA  22,94.704,0.0,0.0,-6.045,0.0,0.0,-83.694,0.0,0.0,-1.483,0.0,0.0,0.0,0.0,0.0,3.481999999999989,0.0,0.0
TRP  23,126.975,0.0,0.0,-19.204,0.0,0.0,-98.187,0.0,0.0,-0.302,0.0,0.0,0.0,0.0,0.0,9.28199999999999,0.0,0.0
VAL  24,64.893,0.0,0.0,-6.493,0.0,0.0,-64.59,0.0,0.0,-0.935,0.0,0.0,0.0,0.0,0.0,-7.125000000000005,0.0,0.0
LYS  25,137.55,0.0,0.0,-5.332,0.0,0.0,-149.248,0.0,0.0,8.264,0.0,0.0,0.0,0.0,0.0,-8.765999999999973,0.0,0.0
VAL  26,67.445,0.0,0.0,-9.24,0.0,0.0,-70.291,0.0,0.0,-0.762,0.0,0.0,0.0,0.0,0.0,-12.848000000000006,0.0,0.0
VAL  27,44.235,0.0,0.0,-7.896,0.0,0.0,-50.766,0.0,0.0,0.494,0.0,0.0,0.0,0.0,0.0,-13.933,0.0,0.0
GLU  28,90.362,0.0,0.0,-7.958,0.0,0.0,-86.467,0.0,0.0,-64.14,0.0,0.0,0.0,0.0,0.0,-68.203,0.0,0.0
GLU  29,107.326,0.0,0.0,-3.527,0.0,0.0,-127.308,0.0,0.0,-28.692,0.0,0.0,0.0,0.0,0.0,-52.201000000000015,0.0,0.0
LYS  30,125.61,0.0,0.0,-10.809,0.0,0.0,-123.183,0.0,0.0,5.558,0.0,0.0,0.0,0.0,0.0,-2.824000000000005,0.0,0.0
ALA  31,87.37,0.0,0.0,-6.81,0.0,0.0,-76.558,0.0,0.0,-0.986,0.0,0.0,0.0,0.0,0.0,3.0159999999999956,0.0,0.0
PHE  32,104.072,0.0,0.0,-11.579,0.0,0.0,-79.122,0.0,0.0,-2.34,0.0,0.0,0.0,0.0,0.0,11.030999999999995,0.0,0.0
SER  33,86.762,0.0,0.0,-6.199,0.0,0.0,-71.415,0.0,0.0,0.312,0.0,0.0,0.0,0.0,0.0,9.459999999999996,0.0,0.0
PRO  34,75.126,0.0,0.0,-5.249,0.0,0.0,-54.341,0.0,0.0,-1.001,0.0,0.0,0.0,0.0,0.0,14.535000000000009,0.0,0.0
GLU  35,104.186,0.0,0.0,-8.722,0.0,0.0,-78.139,0.0,0.0,-80.547,0.0,0.0,0.0,0.0,0.0,-63.22199999999998,0.0,0.0
VAL  36,59.642,0.0,0.0,-11.343,0.0,0.0,-56.052,0.0,0.0,0.009,0.0,0.0,0.0,0.0,0.0,-7.743999999999993,0.0,0.0
ILE  37,98.152,0.0,0.0,-9.341,0.0,0.0,-61.39,0.0,0.0,-0.596,0.0,0.0,0.0,0.0,0.0,26.825000000000006,0.0,0.0
PRO  38,83.957,0.0,0.0,-6.782,0.0,0.0,-60.277,0.0,0.0,-0.391,0.0,0.0,0.0,0.0,0.0,16.506999999999998,0.0,0.0
MET  39,92.003,0.0,0.0,-8.653,0.0,0.0,-74.765,0.0,0.0,0.29,0.0,0.0,0.0,0.0,0.0,8.874999999999993,0.0,0.0
PHE  40,102.327,0.0,0.0,-13.683,0.0,0.0,-84.243,0.0,0.0,-0.697,0.0,0.0,0.0,0.0,0.0,3.7040000000000104,0.0,0.0
SER  41,77.761,0.0,0.0,-6.529,0.0,0.0,-64.191,0.0,0.0,-5.005,0.0,0.0,0.0,0.0,0.0,2.035999999999997,0.0,0.0
ALA  42,85.016,0.0,0.0,-5.471,0.0,0.0,-65.984,0.0,0.0,-4.633,0.0,0.0,0.0,0.0,0.0,8.928000000000008,0.0,0.0
LEU  43,71.095,0.0,0.0,-9.422,0.0,0.0,-75.047,0.0,0.0,-1.598,0.0,0.0,0.0,0.0,0.0,-14.971999999999996,0.0,0.0
SER  44,74.245,0.0,0.0,-6.686,0.0,0.0,-73.89,0.0,0.0,0.033,0.0,0.0,0.0,0.0,0.0,-6.298000000000003,0.0,0.0
GLU  45,100.151,0.0,0.0,-6.266,0.0,0.0,-68.146,0.0,0.0,-86.118,0.0,0.0,0.0,0.0,0.0,-60.379000000000005,0.0,0.0
GLY  46,69.145,0.0,0.0,-3.76,0.0,0.0,-67.345,0.0,0.0,-1.196,0.0,0.0,0.0,0.0,0.0,-3.1560000000000077,0.0,0.0
ALA  47,99.412,0.0,0.0,-6.443,0.0,0.0,-84.647,0.0,0.0,-1.476,0.0,0.0,0.0,0.0,0.0,6.846000000000003,0.0,0.0
THR  48,54.825,0.0,0.0,-8.245,0.0,0.0,-58.887,0.0,0.0,-0.287,0.0,0.0,0.0,0.0,0.0,-12.593999999999996,0.0,0.0
PRO  49,72.382,0.0,0.0,-10.279,0.0,0.0,-54.302,0.0,0.0,0.562,0.0,0.0,0.0,0.0,0.0,8.363000000000008,0.0,0.0
GLN  50,31.038,0.0,0.0,-9.275,0.0,0.0,-71.601,0.0,0.0,-6.284,0.0,0.0,0.0,0.0,0.0,-56.122,0.0,0.0
ASP  51,87.302,0.0,0.0,-7.015,0.0,0.0,-117.435,0.0,0.0,-27.265,0.0,0.0,0.0,0.0,0.0,-64.413,0.0,0.0
LEU  52,65.579,0.0,0.0,-13.174,0.0,0.0,-70.436,0.0,0.0,0.936,0.0,0.0,0.0,0.0,0.0,-17.095000000000013,0.0,0.0
ASN  53,36.799,0.0,0.0,-7.407,0.0,0.0,-99.675,0.0,0.0,-2.494,0.0,0.0,0.0,0.0,0.0,-72.777,0.0,0.0
THR  54,51.63,0.0,0.0,-6.119,0.0,0.0,-65.862,0.0,0.0,-1.196,0.0,0.0,0.0,0.0,0.0,-21.546999999999993,0.0,0.0
MET  55,88.725,0.0,0.0,-13.042,0.0,0.0,-66.611,0.0,0.0,-0.099,0.0,0.0,0.0,0.0,0.0,8.972999999999988,0.0,0.0
LEU  56,72.127,0.0,0.0,-10.469,0.0,0.0,-73.19,0.0,0.0,0.43,0.0,0.0,0.0,0.0,0.0,-11.102000000000004,0.0,0.0
ASN  57,29.651,0.0,0.0,-6.814,0.0,0.0,-89.302,0.0,0.0,-7.362,0.0,0.0,0.0,0.0,0.0,-73.827,0.0,0.0
THR  58,54.542,0.0,0.0,-6.728,0.0,0.0,-57.67,0.0,0.0,-3.998,0.0,0.0,0.0,0.0,0.0,-13.854000000000003,0.0,0.0
VAL  59,44.441,0.0,0.0,-8.872,0.0,0.0,-46.089,0.0,0.0,0.088,0.0,0.0,0.0,0.0,0.0,-10.431999999999997,0.0,0.0
ALA  60,92.671,0.0,0.0,-4.702,0.0,0.0,-65.584,0.0,0.0,-1.165,0.0,0.0,0.0,0.0,0.0,21.220000000000006,0.0,0.0
PRO  61,77.668,0.0,0.0,-4.629,0.0,0.0,-58.774,0.0,0.0,-1.832,0.0,0.0,0.0,0.0,0.0,12.433,0.0,0.0
HID  62,98.997,0.0,0.0,-6.722,0.0,0.0,-64.957,0.0,0.0,-13.039,0.0,0.0,0.0,0.0,0.0,14.279000000000012,0.0,0.0
GLN  63,34.564,0.0,0.0,-4.581,0.0,0.0,-65.958,0.0,0.0,-10.864,0.0,0.0,0.0,0.0,0.0,-46.839,0.0,0.0
ALA  64,87.983,0.0,0.0,-4.429,0.0,0.0,-68.302,0.0,0.0,-5.539,0.0,0.0,0.0,0.0,0.0,9.712999999999996,0.0,0.0
ALA  65,93.845,0.0,0.0,-6.487,0.0,0.0,-74.062,0.0,0.0,-3.187,0.0,0.0,0.0,0.0,0.0,10.109000000000007,0.0,0.0
ALA  66,94.507,0.0,0.0,-5.44,0.0,0.0,-83.029,0.0,0.0,-1.862,0.0,0.0,0.0,0.0,0.0,4.176000000000011,0.0,0.0
GLN  67,40.993,0.0,0.0,-7.531,0.0,0.0,-70.568,0.0,0.0,-16.556,0.0,0.0,0.0,0.0,0.0,-53.66199999999999,0.0,0.0
MET  68,92.747,0.0,0.0,-9.692,0.0,0.0,-75.276,0.0,0.0,-2.857,0.0,0.0,0.0,0.0,0.0,4.92200000000001,0.0,0.0
LEU  69,81.48,0.0,0.0,-10.808,0.0,0.0,-81.683,0.0,0.0,-2.625,0.0,0.0,0.0,0.0,0.0,-13.63600000000001,0.0,0.0
LYS  70,125.391,0.0,0.0,-9.691,0.0,0.0,-114.23,0.0,0.0,-8.09,0.0,0.0,0.0,0.0,0.0,-6.620000000000001,0.0,0.0
GLU  71,104.902,0.0,0.0,-7.219,0.0,0.0,-61.856,0.0,0.0,-104.463,0.0,0.0,0.0,0.0,0.0,-68.636,0.0,0.0
THR  72,50.276,0.0,0.0,-8.588,0.0,0.0,-58.127,0.0,0.0,-3.239,0.0,0.0,0.0,0.0,0.0,-19.678,0.0,0.0
ILE  73,73.687,0.0,0.0,-9.134,0.0,0.0,-49.129,0.0,0.0,-2.789,0.0,0.0,0.0,0.0,0.0,12.635,0.0,0.0
ASN  74,20.909,0.0,0.0,-6.811,0.0,0.0,-79.37,0.0,0.0,-8.031,0.0,0.0,0.0,0.0,0.0,-73.30300000000001,0.0,0.0
GLU  75,104.868,0.0,0.0,-7.29,0.0,0.0,-52.282,0.0,0.0,-109.583,0.0,0.0,0.0,0.0,0.0,-64.287,0.0,0.0
GLU  76,94.244,0.0,0.0,-9.981,0.0,0.0,-36.819,0.0,0.0,-111.596,0.0,0.0,0.0,0.0,0.0,-64.152,0.0,0.0
ALA  77,85.373,0.0,0.0,-8.194,0.0,0.0,-70.983,0.0,0.0,-2.084,0.0,0.0,0.0,0.0,0.0,4.111999999999998,0.0,0.0
ALA  78,96.406,0.0,0.0,-6.662,0.0,0.0,-86.023,0.0,0.0,0.706,0.0,0.0,0.0,0.0,0.0,4.427000000000003,0.0,0.0
GLU  79,104.621,0.0,0.0,-6.253,0.0,0.0,-58.611,0.0,0.0,-104.401,0.0,0.0,0.0,0.0,0.0,-64.644,0.0,0.0
TRP  80,115.561,0.0,0.0,-16.652,0.0,0.0,-89.2,0.0,0.0,-0.841,0.0,0.0,0.0,0.0,0.0,8.868000000000004,0.0,0.0
ASP  81,100.476,0.0,0.0,-8.694,0.0,0.0,-55.28,0.0,0.0,-82.309,0.0,0.0,0.0,0.0,0.0,-45.807,0.0,0.0
ARG  82,-195.441,0.0,0.0,-7.311,0.0,0.0,-25.837,0.0,0.0,53.985,0.0,0.0,0.0,0.0,0.0,-174.60399999999998,0.0,0.0
LEU  83,71.329,0.0,0.0,-6.369,0.0,0.0,-74.081,0.0,0.0,-1.857,0.0,0.0,0.0,0.0,0.0,-10.978000000000009,0.0,0.0
HID  84,116.451,0.0,0.0,-8.011,0.0,0.0,-73.59,0.0,0.0,-6.708,0.0,0.0,0.0,0.0,0.0,28.141999999999996,0.0,0.0
PRO  85,90.667,0.0,0.0,-3.621,0.0,0.0,-62.853,0.0,0.0,-7.352,0.0,0.0,0.0,0.0,0.0,16.841000000000005,0.0,0.0
VAL  86,47.95,0.0,0.0,-4.229,0.0,0.0,-47.755,0.0,0.0,-4.588,0.0,0.0,0.0,0.0,0.0,-8.622,0.0,0.0
HID  87,93.411,0.0,0.0,-6.584,0.0,0.0,-58.403,0.0,0.0,-9.009,0.0,0.0,0.0,0.0,0.0,19.415,0.0,0.0
ALA  88,87.913,0.0,0.0,-2.487,0.0,0.0,-70.757,0.0,0.0,-7.418,0.0,0.0,0.0,0.0,0.0,7.250999999999997,0.0,0.0
GLY  89,89.981,0.0,0.0,-1.909,0.0,0.0,-71.896,0.0,0.0,-7.279,0.0,0.0,0.0,0.0,0.0,8.896999999999988,0.0,0.0
PRO  90,83.967,0.0,0.0,-3.199,0.0,0.0,-56.406,0.0,0.0,-6.821,0.0,0.0,0.0,0.0,0.0,17.541000000000004,0.0,0.0
ILE  91,75.884,0.0,0.0,-4.007,0.0,0.0,-54.109,0.0,0.0,-4.405,0.0,0.0,0.0,0.0,0.0,13.362999999999992,0.0,0.0
ALA  92,90.898,0.0,0.0,-3.403,0.0,0.0,-70.231,0.0,0.0,-2.178,0.0,0.0,0.0,0.0,0.0,15.085999999999995,0.0,0.0
PRO  93,82.543,0.0,0.0,-2.882,0.0,0.0,-55.381,0.0,0.0,-7.251,0.0,0.0,0.0,0.0,0.0,17.029,0.0,0.0
GLY  94,69.072,0.0,0.0,-1.286,0.0,0.0,-62.384,0.0,0.0,-7.076,0.0,0.0,0.0,0.0,0.0,-1.6739999999999986,0.0,0.0
GLN  95,35.601,0.0,0.0,-5.909,0.0,0.0,-69.884,0.0,0.0,-11.651,0.0,0.0,0.0,0.0,0.0,-51.843,0.0,0.0
MET  96,100.605,0.0,0.0,-6.386,0.0,0.0,-70.616,0.0,0.0,-9.121,0.0,0.0,0.0,0.0,0.0,14.482000000000008,0.0,0.0
ARG  97,-191.437,0.0,0.0,-8.82,0.0,0.0,-8.61,0.0,0.0,31.074,0.0,0.0,0.0,0.0,0.0,-177.793,0.0,0.0
GLU  98,105.608,0.0,0.0,-5.896,0.0,0.0,-40.754,0.0,0.0,-116.999,0.0,0.0,0.0,0.0,0.0,-58.04099999999999,0.0,0.0
PRO  99,88.375,0.0,0.0,-9.809,0.0,0.0,-57.91,0.0,0.0,-6.06,0.0,0.0,0.0,0.0,0.0,14.596000000000007,0.0,0.0
ARG 100,-190.763,0.0,0.0,-10.333,0.0,0.0,4.371,0.0,0.0,23.572,0.0,0.0,0.0,0.0,0.0,-173.153,0.0,0.0
GLY 101,77.732,0.0,0.0,-4.863,0.0,0.0,-86.988,0.0,0.0,2.069,0.0,0.0,0.0,0.0,0.0,-12.05,0.0,0.0
SER 102,69.901,0.0,0.0,-6.416,0.0,0.0,-63.924,0.0,0.0,-2.061,0.0,0.0,0.0,0.0,0.0,-2.5,0.0,0.0
ASP 103,92.396,0.0,0.0,-9.823,0.0,0.0,-113.761,0.0,0.0,-33.682,0.0,0.0,0.0,0.0,0.0,-64.86999999999999,0.0,0.0
ILE 104,79.845,0.0,0.0,-11.288,0.0,0.0,-60.105,0.0,0.0,1.761,0.0,0.0,0.0,0.0,0.0,10.213000000000005,0.0,0.0
ALA 105,84.659,0.0,0.0,-7.595,0.0,0.0,-77.976,0.0,0.0,-0.216,0.0,0.0,0.0,0.0,0.0,-1.127999999999992,0.0,0.0
GLY 106,92.232,0.0,0.0,-4.742,0.0,0.0,-88.981,0.0,0.0,-2.655,0.0,0.0,0.0,0.0,0.0,-4.145999999999999,0.0,0.0
THR 107,55.369,0.0,0.0,-5.002,0.0,0.0,-60.501,0.0,0.0,-6.425,0.0,0.0,0.0,0.0,0.0,-16.559,0.0,0.0
THR 108,42.44,0.0,0.0,-4.824,0.0,0.0,-55.504,0.0,0.0,-2.868,0.0,0.0,0.0,0.0,0.0,-20.755999999999997,0.0,0.0
SER 109,76.312,0.0,0.0,-7.12,0.0,0.0,-70.757,0.0,0.0,-1.415,0.0,0.0,0.0,0.0,0.0,-2.980000000000012,0.0,0.0
THR 110,31.263,0.0,0.0,-5.232,0.0,0.0,-34.137,0.0,0.0,-6.629,0.0,0.0,0.0,0.0,0.0,-14.734999999999998,0.0,0.0
LEU 111,73.266,0.0,0.0,-8.674,0.0,0.0,-65.08,0.0,0.0,-3.75,0.0,0.0,0.0,0.0,0.0,-4.237999999999985,0.0,0.0
GLN 112,31.59,0.0,0.0,-6.048,0.0,0.0,-71.259,0.0,0.0,-15.092,0.0,0.0,0.0,0.0,0.0,-60.809,0.0,0.0
GLU 113,100.69,0.0,0.0,-8.773,0.0,0.0,-108.291,0.0,0.0,-44.77,0.0,0.0,0.0,0.0,0.0,-61.144,0.0,0.0
GLN 114,38.968,0.0,0.0,-14.113,0.0,0.0,-80.349,0.0,0.0,0.169,0.0,0.0,0.0,0.0,0.0,-55.325,0.0,0.0
ILE 115,87.455,0.0,0.0,-8.26,0.0,0.0,-70.814,0.0,0.0,-1.456,0.0,0.0,0.0,0.0,0.0,6.925000000000001,0.0,0.0
GLY 116,75.446,0.0,0.0,-4.256,0.0,0.0,-76.802,0.0,0.0,-0.049,0.0,0.0,0.0,0.0,0.0,-5.661000000000009,0.0,0.0
TRP 117,120.938,0.0,0.0,-18.534,0.0,0.0,-89.456,0.0,0.0,-2.154,0.0,0.0,0.0,0.0,0.0,10.793999999999993,0.0,0.0
MET 118,99.959,0.0,0.0,-12.821,0.0,0.0,-81.893,0.0,0.0,-3.042,0.0,0.0,0.0,0.0,0.0,2.2030000000000047,0.0,0.0
THR 119,45.302,0.0,0.0,-6.436,0.0,0.0,-52.544,0.0,0.0,-2.995,0.0,0.0,0.0,0.0,0.0,-16.673,0.0,0.0
HID 120,86.3,0.0,0.0,-7.843,0.0,0.0,-48.934,0.0,0.0,-16.612,0.0,0.0,0.0,0.0,0.0,12.910999999999998,0.0,0.0
ASN 121,46.218,0.0,0.0,-5.034,0.0,0.0,-77.57,0.0,0.0,-18.712,0.0,0.0,0.0,0.0,0.0,-55.097999999999985,0.0,0.0
PRO 122,97.251,0.0,0.0,-1.772,0.0,0.0,-53.112,0.0,0.0,-6.809,0.0,0.0,0.0,0.0,0.0,35.558,0.0,0.0
PRO 123,82.469,0.0,0.0,-7.234,0.0,0.0,-57.619,0.0,0.0,-4.258,0.0,0.0,0.0,0.0,0.0,13.358,0.0,0.0
ILE 124,90.005,0.0,0.0,-6.893,0.0,0.0,-64.663,0.0,0.0,-0.068,0.0,0.0,0.0,0.0,0.0,18.380999999999997,0.0,0.0
PRO 125,98.782,0.0,0.0,-6.525,0.0,0.0,-66.134,0.0,0.0,-0.697,0.0,0.0,0.0,0.0,0.0,25.42599999999999,0.0,0.0
VAL 126,55.251,0.0,0.0,-9.401,0.0,0.0,-56.968,0.0,0.0,-0.203,0.0,0.0,0.0,0.0,0.0,-11.321000000000009,0.0,0.0
GLY 127,72.108,0.0,0.0,-5.752,0.0,0.0,-71.105,0.0,0.0,-1.696,0.0,0.0,0.0,0.0,0.0,-6.444999999999995,0.0,0.0
GLU 128,107.178,0.0,0.0,-6.527,0.0,0.0,-99.605,0.0,0.0,-51.399,0.0,0.0,0.0,0.0,0.0,-50.35300000000001,0.0,0.0
ILE 129,80.419,0.0,0.0,-9.822,0.0,0.0,-63.281,0.0,0.0,0.184,0.0,0.0,0.0,0.0,0.0,7.499999999999996,0.0,0.0
TYR 130,94.339,0.0,0.0,-15.483,0.0,0.0,-89.12,0.0,0.0,-0.39,0.0,0.0,0.0,0.0,0.0,-10.65400000000001,0.0,0.0
LYS 131,138.725,0.0,0.0,-9.886,0.0,0.0,-168.566,0.0,0.0,32.412,0.0,0.0,0.0,0.0,0.0,-7.315000000000005,0.0,0.0
ARG 132,-188.778,0.0,0.0,-10.256,0.0,0.0,18.972,0.0,0.0,7.887,0.0,0.0,0.0,0.0,0.0,-172.17499999999998,0.0,0.0
TRP 133,132.325,0.0,0.0,-19.332,0.0,0.0,-96.278,0.0,0.0,-0.896,0.0,0.0,0.0,0.0,0.0,15.818999999999988,0.0,0.0
ILE 134,89.471,0.0,0.0,-11.453,0.0,0.0,-70.448,0.0,0.0,0.274,0.0,0.0,0.0,0.0,0.0,7.844000000000007,0.0,0.0
ILE 135,84.975,0.0,0.0,-9.53,0.0,0.0,-67.227,0.0,0.0,0.147,0.0,0.0,0.0,0.0,0.0,8.36499999999999,0.0,0.0
LEU 136,69.671,0.0,0.0,-7.225,0.0,0.0,-76.035,0.0,0.0,1.93,0.0,0.0,0.0,0.0,0.0,-11.658999999999992,0.0,0.0
GLY 137,77.883,0.0,0.0,-5.98,0.0,0.0,-77.557,0.0,0.0,1.186,0.0,0.0,0.0,0.0,0.0,-4.468000000000011,0.0,0.0
LEU 138,64.24,0.0,0.0,-11.167,0.0,0.0,-67.109,0.0,0.0,0.053,0.0,0.0,0.0,0.0,0.0,-13.983,0.0,0.0
ASN 139,42.906,0.0,0.0,-7.825,0.0,0.0,-92.622,0.0,0.0,-6.055,0.0,0.0,0.0,0.0,0.0,-63.596000000000004,0.0,0.0
LYS 140,135.611,0.0,0.0,-6.296,0.0,0.0,-148.167,0.0,0.0,17.781,0.0,0.0,0.0,0.0,0.0,-1.071000000000005,0.0,0.0
ILE 141,101.259,0.0,0.0,-9.632,0.0,0.0,-78.007,0.0,0.0,-0.554,0.0,0.0,0.0,0.0,0.0,13.06599999999999,0.0,0.0
VAL 142,64.267,0.0,0.0,-8.268,0.0,0.0,-57.023,0.0,0.0,-3.251,0.0,0.0,0.0,0.0,0.0,-4.2750000000000075,0.0,0.0
ARG 143,-188.073,0.0,0.0,-6.797,0.0,0.0,45.846,0.0,0.0,-8.86,0.0,0.0,0.0,0.0,0.0,-157.88400000000001,0.0,0.0
MET 144,86.172,0.0,0.0,-5.835,0.0,0.0,-72.494,0.0,0.0,-4.363,0.0,0.0,0.0,0.0,0.0,3.480000000000003,0.0,0.0
TYR 145,94.986,0.0,0.0,-8.412,0.0,0.0,-81.453,0.0,0.0,-10.017,0.0,0.0,0.0,0.0,0.0,-4.896000000000004,0.0,0.0
SER 146,85.826,0.0,0.0,-4.51,0.0,0.0,-61.529,0.0,0.0,-8.135,0.0,0.0,0.0,0.0,0.0,11.651999999999985,0.0,0.0
PRO 147,87.409,0.0,0.0,-6.85,0.0,0.0,-55.457,0.0,0.0,-9.3,0.0,0.0,0.0,0.0,0.0,15.80200000000001,0.0,0.0
THR 148,38.936,0.0,0.0,-4.011,0.0,0.0,-41.697,0.0,0.0,-6.272,0.0,0.0,0.0,0.0,0.0,-13.044000000000006,0.0,0.0
SER 149,65.684,0.0,0.0,-2.721,0.0,0.0,-57.707,0.0,0.0,0.538,0.0,0.0,0.0,0.0,0.0,5.793999999999993,0.0,0.0
ILE 150,79.473,0.0,0.0,-8.441,0.0,0.0,-54.023,0.0,0.0,-1.103,0.0,0.0,0.0,0.0,0.0,15.905999999999993,0.0,0.0
LEU 151,59.71,0.0,0.0,-5.621,0.0,0.0,-71.15,0.0,0.0,1.014,0.0,0.0,0.0,0.0,0.0,-16.047000000000008,0.0,0.0
ASP 152,100.548,0.0,0.0,-4.248,0.0,0.0,-87.972,0.0,0.0,-75.355,0.0,0.0,0.0,0.0,0.0,-67.027,0.0,0.0
ILE 153,102.864,0.0,0.0,-8.174,0.0,0.0,-71.163,0.0,0.0,-1.789,0.0,0.0,0.0,0.0,0.0,21.738,0.0,0.0
ARG 154,-190.227,0.0,0.0,-9.632,0.0,0.0,14.752,0.0,0.0,9.318,0.0,0.0,0.0,0.0,0.0,-175.789,0.0,0.0
GLN 155,30.972,0.0,0.0,-11.553,0.0,0.0,-82.389,0.0,0.0,-4.724,0.0,0.0,0.0,0.0,0.0,-67.694,0.0,0.0
GLY 156,88.9,0.0,0.0,-2.901,0.0,0.0,-74.254,0.0,0.0,-3.15,0.0,0.0,0.0,0.0,0.0,8.595000000000004,0.0,0.0
PRO 157,84.435,0.0,0.0,-3.652,0.0,0.0,-54.733,0.0,0.0,-4.915,0.0,0.0,0.0,0.0,0.0,21.135000000000005,0.0,0.0
LYS 158,125.901,0.0,0.0,-3.504,0.0,0.0,-96.449,0.0,0.0,-24.835,0.0,0.0,0.0,0.0,0.0,1.1129999999999924,0.0,0.0
GLU 159,114.452,0.0,0.0,-4.544,0.0,0.0,-123.968,0.0,0.0,-31.899,0.0,0.0,0.0,0.0,0.0,-45.959,0.0,0.0
PRO 160,80.513,0.0,0.0,-5.353,0.0,0.0,-56.751,0.0,0.0,-2.861,0.0,0.0,0.0,0.0,0.0,15.548000000000012,0.0,0.0
PHE 161,106.551,0.0,0.0,-12.037,0.0,0.0,-73.849,0.0,0.0,-2.452,0.0,0.0,0.0,0.0,0.0,18.212999999999994,0.0,0.0
ARG 162,-202.217,0.0,0.0,-8.224,0.0,0.0,-37.611,0.0,0.0,56.38,0.0,0.0,0.0,0.0,0.0,-191.672,0.0,0.0
ASP 163,91.014,0.0,0.0,-6.891,0.0,0.0,-61.205,0.0,0.0,-95.518,0.0,0.0,0.0,0.0,0.0,-72.60000000000001,0.0,0.0
TYR 164,98.373,0.0,0.0,-15.58,0.0,0.0,-97.757,0.0,0.0,0.423,0.0,0.0,0.0,0.0,0.0,-14.540999999999999,0.0,0.0
VAL 165,51.528,0.0,0.0,-8.63,0.0,0.0,-60.516,0.0,0.0,3.375,0.0,0.0,0.0,0.0,0.0,-14.243000000000002,0.0,0.0
ASP 166,102.149,0.0,0.0,-7.526,0.0,0.0,-60.779,0.0,0.0,-88.856,0.0,0.0,0.0,0.0,0.0,-55.01199999999999,0.0,0.0
ARG 167,-188.959,0.0,0.0,-6.825,0.0,0.0,5.439,0.0,0.0,12.615,0.0,0.0,0.0,0.0,0.0,-177.73,0.0,0.0
PHE 168,93.147,0.0,0.0,-14.04,0.0,0.0,-79.553,0.0,0.0,0.674,0.0,0.0,0.0,0.0,0.0,0.2280000000000021,0.0,0.0
TYR 169,95.684,0.0,0.0,-12.224,0.0,0.0,-91.151,0.0,0.0,-2.167,0.0,0.0,0.0,0.0,0.0,-9.858000000000002,0.0,0.0
LYS 170,140.628,0.0,0.0,-10.072,0.0,0.0,-107.044,0.0,0.0,-23.816,0.0,0.0,0.0,0.0,0.0,-0.3040000000000127,0.0,0.0
THR 171,50.743,0.0,0.0,-9.246,0.0,0.0,-58.557,0.0,0.0,-2.136,0.0,0.0,0.0,0.0,0.0,-19.196,0.0,0.0
LEU 172,69.752,0.0,0.0,-11.318,0.0,0.0,-66.735,0.0,0.0,-2.573,0.0,0.0,0.0,0.0,0.0,-10.874000000000002,0.0,0.0
ARG 173,-194.711,0.0,0.0,-14.33,0.0,0.0,15.204,0.0,0.0,14.628,0.0,0.0,0.0,0.0,0.0,-179.209,0.0,0.0
ALA 174,88.166,0.0,0.0,-6.638,0.0,0.0,-79.761,0.0,0.0,-3.488,0.0,0.0,0.0,0.0,0.0,-1.721000000000004,0.0,0.0
GLU 175,106.562,0.0,0.0,-7.143,0.0,0.0,-59.123,0.0,0.0,-103.304,0.0,0.0,0.0,0.0,0.0,-63.008,0.0,0.0
GLN 176,34.879,0.0,0.0,-6.652,0.0,0.0,-74.393,0.0,0.0,-5.522,0.0,0.0,0.0,0.0,0.0,-51.688,0.0,0.0
ALA 177,101.617,0.0,0.0,-4.136,0.0,0.0,-83.975,0.0,0.0,-4.203,0.0,0.0,0.0,0.0,0.0,9.303000000000015,0.0,0.0
SER 178,77.274,0.0,0.0,-5.455,0.0,0.0,-61.192,0.0,0.0,-9.567,0.0,0.0,0.0,0.0,0.0,1.0600000000000023,0.0,0.0
GLN 179,29.58,0.0,0.0,-5.534,0.0,0.0,-62.287,0.0,0.0,-16.074,0.0,0.0,0.0,0.0,0.0,-54.315,0.0,0.0
GLU 180,110.697,0.0,0.0,-5.138,0.0,0.0,-71.841,0.0,0.0,-91.979,0.0,0.0,0.0,0.0,0.0,-58.260999999999996,0.0,0.0
VAL 181,69.552,0.0,0.0,-6.953,0.0,0.0,-57.722,0.0,0.0,-3.004,0.0,0.0,0.0,0.0,0.0,1.8730000000000024,0.0,0.0
LYS 182,117.102,0.0,0.0,-9.613,0.0,0.0,-112.736,0.0,0.0,-1.189,0.0,0.0,0.0,0.0,0.0,-6.436,0.0,0.0
ASN 183,23.27,0.0,0.0,-7.094,0.0,0.0,-88.564,0.0,0.0,-2.829,0.0,0.0,0.0,0.0,0.0,-75.21699999999998,0.0,0.0
TRP 184,126.453,0.0,0.0,-10.06,0.0,0.0,-89.784,0.0,0.0,-5.103,0.0,0.0,0.0,0.0,0.0,21.505999999999993,0.0,0.0
MET 185,100.4,0.0,0.0,-11.023,0.0,0.0,-87.396,0.0,0.0,-0.217,0.0,0.0,0.0,0.0,0.0,1.7640000000000087,0.0,0.0
THR 186,49.22,0.0,0.0,-6.948,0.0,0.0,-57.023,0.0,0.0,-1.684,0.0,0.0,0.0,0.0,0.0,-16.435000000000006,0.0,0.0
GLU 187,105.909,0.0,0.0,-5.998,0.0,0.0,-49.681,0.0,0.0,-106.011,0.0,0.0,0.0,0.0,0.0,-55.78099999999999,0.0,0.0
THR 188,38.043,0.0,0.0,-4.615,0.0,0.0,-47.43,0.0,0.0,-0.947,0.0,0.0,0.0,0.0,0.0,-14.949000000000002,0.0,0.0
LEU 189,64.14,0.0,0.0,-8.608,0.0,0.0,-66.513,0.0,0.0,0.762,0.0,0.0,0.0,0.0,0.0,-10.219000000000008,0.0,0.0
LEU 190,94.66,0.0,0.0,-11.005,0.0,0.0,-87.631,0.0,0.0,1.107,0.0,0.0,0.0,0.0,0.0,-2.868999999999999,0.0,0.0
VAL 191,51.967,0.0,0.0,-7.684,0.0,0.0,-58.196,0.0,0.0,0.113,0.0,0.0,0.0,0.0,0.0,-13.799999999999997,0.0,0.0
GLN 192,24.341,0.0,0.0,-7.521,0.0,0.0,-70.6,0.0,0.0,0.185,0.0,0.0,0.0,0.0,0.0,-53.59499999999999,0.0,0.0
ASN 193,16.725,0.0,0.0,-10.187,0.0,0.0,-78.629,0.0,0.0,-0.803,0.0,0.0,0.0,0.0,0.0,-72.894,0.0,0.0
ALA 194,91.663,0.0,0.0,-7.347,0.0,0.0,-79.173,0.0,0.0,-1.094,0.0,0.0,0.0,0.0,0.0,4.049,0.0,0.0
ASN 195,37.819,0.0,0.0,-7.661,0.0,0.0,-84.573,0.0,0.0,-6.888,0.0,0.0,0.0,0.0,0.0,-61.30299999999999,0.0,0.0
PRO 196,78.804,0.0,0.0,-4.118,0.0,0.0,-62.168,0.0,0.0,0.024,0.0,0.0,0.0,0.0,0.0,12.542000000000007,0.0,0.0
ASP 197,89.128,0.0,0.0,-5.673,0.0,0.0,-73.099,0.0,0.0,-74.37,0.0,0.0,0.0,0.0,0.0,-64.01400000000001,0.0,0.0
CYX 198,97.568,0.0,0.0,-6.961,0.0,0.0,-75.07,0.0,0.0,-3.411,0.0,0.0,0.0,0.0,0.0,12.126000000000007,0.0,0.0
LYS 199,132.928,0.0,0.0,-10.086,0.0,0.0,-115.78,0.0,0.0,-15.241,0.0,0.0,0.0,0.0,0.0,-8.179000000000002,0.0,0.0
THR 200,50.613,0.0,0.0,-5.582,0.0,0.0,-69.48,0.0,0.0,1.114,0.0,0.0,0.0,0.0,0.0,-23.335000000000004,0.0,0.0
ILE 201,76.545,0.0,0.0,-6.101,0.0,0.0,-54.096,0.0,0.0,-1.207,0.0,0.0,0.0,0.0,0.0,15.141000000000005,0.0,0.0
LEU 202,82.234,0.0,0.0,-10.417,0.0,0.0,-71.102,0.0,0.0,-3.643,0.0,0.0,0.0,0.0,0.0,-2.9280000000000106,0.0,0.0
LYS 203,117.524,0.0,0.0,-5.917,0.0,0.0,-87.869,0.0,0.0,-27.742,0.0,0.0,0.0,0.0,0.0,-4.004000000000001,0.0,0.0
ALA 204,84.485,0.0,0.0,-3.227,0.0,0.0,-72.848,0.0,0.0,-4.794,0.0,0.0,0.0,0.0,0.0,3.615999999999997,0.0,0.0
LEU 205,79.764,0.0,0.0,-6.168,0.0,0.0,-73.851,0.0,0.0,-6.146,0.0,0.0,0.0,0.0,0.0,-6.40100000000001,0.0,0.0
GLY 206,87.556,0.0,0.0,-2.312,0.0,0.0,-70.413,0.0,0.0,-8.005,0.0,0.0,0.0,0.0,0.0,6.826000000000002,0.0,0.0
PRO 207,78.464,0.0,0.0,-2.279,0.0,0.0,-53.253,0.0,0.0,-6.247,0.0,0.0,0.0,0.0,0.0,16.685000000000002,0.0,0.0
GLY 208,66.426,0.0,0.0,-1.946,0.0,0.0,-65.027,0.0,0.0,-2.819,0.0,0.0,0.0,0.0,0.0,-3.365999999999997,0.0,0.0
ALA 209,102.269,0.0,0.0,-5.142,0.0,0.0,-92.204,0.0,0.0,0.065,0.0,0.0,0.0,0.0,0.0,4.988000000000016,0.0,0.0
THR 210,46.488,0.0,0.0,-4.272,0.0,0.0,-54.043,0.0,0.0,-3.439,0.0,0.0,0.0,0.0,0.0,-15.265999999999998,0.0,0.0
LEU 211,63.895,0.0,0.0,-9.214,0.0,0.0,-65.822,0.0,0.0,-3.4,0.0,0.0,0.0,0.0,0.0,-14.540999999999999,0.0,0.0
GLU 212,102.51,0.0,0.0,-5.826,0.0,0.0,-80.026,0.0,0.0,-78.381,0.0,0.0,0.0,0.0,0.0,-61.722999999999985,0.0,0.0
GLU 213,99.135,0.0,0.0,-6.204,0.0,0.0,-58.192,0.0,0.0,-97.476,0.0,0.0,0.0,0.0,0.0,-62.73699999999999,0.0,0.0
MET 214,95.869,0.0,0.0,-12.457,1.6858739404357614e-07,1.6858739404357614e-07,-75.19,0.0,0.0,0.253,0.0,0.0,0.0,0.0,0.0,8.475000000000009,0.0,0.0
MET 215,104.768,0.0,0.0,-12.585,0.0,0.0,-88.713,0.0,0.0,1.56,0.0,0.0,0.0,0.0,0.0,5.029999999999999,0.0,0.0
THR 216,36.301,0.0,0.0,-4.782,0.0,0.0,-48.362,0.0,0.0,-3.731,0.0,0.0,0.0,0.0,0.0,-20.573999999999998,0.0,0.0
ALA 217,77.453,0.0,0.0,-5.707,0.0,0.0,-66.41,0.0,0.0,-0.455,0.0,0.0,0.0,0.0,0.0,4.881000000000013,0.0,0.0
CYX 218,92.172,0.0,0.0,-6.812,0.0,0.0,-80.818,0.0,0.0,-0.843,0.0,0.0,0.0,0.0,0.0,3.6990000000000016,0.0,0.0
GLN 219,33.409,0.0,0.0,-3.234,0.0,0.0,-72.33,0.0,0.0,-11.941,0.0,0.0,0.0,0.0,0.0,-54.096000000000004,0.0,0.0
GLY 220,99.47,0.0,0.0,-2.938,0.0,0.0,-86.849,0.0,0.0,-4.651,0.0,0.0,0.0,0.0,0.0,5.031999999999993,0.0,0.0
VAL 221,33.165,0.0,0.0,-1.623,0.0,0.0,-38.878,0.0,0.0,-87.243,0.0,0.0,0.0,0.0,0.0,-94.579,0.0,0.0

Receptor:
Total Energy Decomposition:
Residue,Internal,,,van der Waals,,,Electrostatic,,,Polar Solvation,,,Non-Polar Solv.,,,TOTAL,,
,Avg.,Std. Dev.,Std. Err. of Mean,Avg.,Std. Dev.,Std. Err. of Mean,Avg.,Std. Dev.,Std. Err. of Mean,Avg.,Std. Dev.,Std. Err. of Mean,Avg.,Std. Dev.,Std. Err. of Mean,Avg.,Std. Dev.,Std. Err. of Mean
PRO   1,96.294,0.0,0.0,-7.396,0.0,0.0,-97.363,0.0,0.0,5.536,0.0,0.0,0.0,0.0,0.0,-2.929000000000004,0.0,0.0
ILE   2,92.853,0.0,0.0,-8.9,0.0,0.0,-69.655,0.0,0.0,-2.986,0.0,0.0,0.0,0.0,0.0,11.311999999999987,0.0,0.0
VAL   3,54.851,0.0,0.0,-5.001,0.0,0.0,-58.579,0.0,0.0,-1.085,0.0,0.0,0.0,0.0,0.0,-9.814,0.0,0.0
GLN   4,23.158,0.0,0.0,-5.046,0.0,0.0,-60.2,0.0,0.0,-11.969,0.0,0.0,0.0,0.0,0.0,-54.057,0.0,0.0
ASN   5,30.161,0.0,0.0,-7.21,0.0,0.0,-84.262,0.0,0.0,-9.332,0.0,0.0,0.0,0.0,0.0,-70.643,0.0,0.0
LEU   6,61.246,0.0,0.0,-3.262,0.0,0.0,-63.918,0.0,0.0,-5.68,0.0,0.0,0.0,0.0,0.0,-11.613999999999997,0.0,0.0
GLN   7,34.985,0.0,0.0,-4.578,0.0,0.0,-75.213,0.0,0.0,-9.773,0.0,0.0,0.0,0.0,0.0,-54.57899999999999,0.0,0.0
GLY   8,75.108,0.0,0.0,-3.005,0.0,0.0,-75.198,0.0,0.0,-1.867,0.0,0.0,0.0,0.0,0.0,-4.961999999999985,0.0,0.0
GLN   9,46.097,0.0,0.0,-7.384,0.0,0.0,-81.389,0.0,0.0,-6.676,0.0,0.0,0.0,0.0,0.0,-49.352,0.0,0.0
MET  10,103.472,0.0,0.0,-8.371,0.0,0.0,-77.706,0.0,0.0,-5.301,0.0,0.0,0.0,0.0,0.0,12.093999999999996,0.0,0.0
VAL  11,49.636,0.0,0.0,-5.855,0.0,0.0,-55.236,0.0,0.0,-1.233,0.0,0.0,0.0,0.0,0.0,-12.687999999999992,0.0,0.0
HID  12,95.507,0.0,0.0,-10.288,0.0,0.0,-63.46,0.0,0.0,-3.806,0.0,0.0,0.0,0.0,0.0,17.953000000000007,0.0,0.0
GLN  13,30.806,0.0,0.0,-5.285,0.0,0.0,-74.09,0.0,0.0,-9.256,0.0,0.0,0.0,0.0,0.0,-57.825,0.0,0.0
ALA  14,93.06,0.0,0.0,-3.533,0.0,0.0,-79.634,0.0,0.0,-2.6,0.0,0.0,0.0,0.0,0.0,7.293000000000001,0.0,0.0
ILE  15,96.105,0.0,0.0,-8.278,0.0,0.0,-71.859,0.0,0.0,-4.888,0.0,0.0,0.0,0.0,0.0,11.080000000000004,0.0,0.0
SER  16,76.39,0.0,0.0,-5.114,0.0,0.0,-53.401,0.0,0.0,-8.385,0.0,0.0,0.0,0.0,0.0,9.489999999999993,0.0,0.0
PRO  17,89.441,0.0,0.0,-4.372,0.0,0.0,-60.157,0.0,0.0,-3.239,0.0,0.0,0.0,0.0,0.0,21.673000000000005,0.0,0.0
ARG  18,-181.787,0.0,0.0,-5.2,0.0,0.0,73.107,0.0,0.0,-43.608,0.0,0.0,0.0,0.0,0.0,-157.488,0.0,0.0
THR  19,45.8,0.0,0.0,-8.157,0.0,0.0,-56.441,0.0,0.0,-2.138,0.0,0.0,0.0,0.0,0.0,-20.936,0.0,0.0
LEU  20,56.434,0.0,0.0,-9.221,0.0,0.0,-58.964,0.0,0.0,-1.404,0.0,0.0,0.0,0.0,0.0,-13.155000000000005,0.0,0.0
ASN  21,31.257,0.0,0.0,-6.801,0.0,0.0,-83.868,0.0,0.0,-13.363,0.0,0.0,0.0,0.0,0.0,-72.77499999999999,0.0,0.0
ALA  22,94.704,0.0,0.0,-6.034,0.0,0.0,-83.347,0.0,0.0,-1.824,0.0,0.0,0.0,0.0,0.0,3.4989999999999934,0.0,0.0
TRP  23,126.975,0.0,0.0,-19.175,0.0,0.0,-97.698,0.0,0.0,-0.766,0.0,0.0,0.0,0.0,0.0,9.336000000000004,0.0,0.0
VAL  24,64.893,0.0,0.0,-6.449,0.0,0.0,-63.828,0.0,0.0,-1.678,0.0,0.0,0.0,0.0,0.0,-7.062,0.0,0.0
LYS  25,137.55,0.0,0.0,-5.045,0.0,0.0,-153.898,0.0,0.0,12.821,0.0,0.0,0.0,0.0,0.0,-8.571999999999973,0.0,0.0
VAL  26,67.445,0.0,0.0,-9.138,0.0,0.0,-69.597,0.0,0.0,-1.469,0.0,0.0,0.0,0.0,0.0,-12.758999999999999,0.0,0.0
VAL  27,44.235,0.0,0.0,-7.736,0.0,0.0,-50.138,0.0,0.0,-0.089,0.0,0.0,0.0,0.0,0.0,-13.727999999999996,0.0,0.0
GLU  28,90.362,0.0,0.0,-6.597,0.0,0.0,-82.22,0.0,0.0,-69.375,0.0,0.0,0.0,0.0,0.0,-67.83,0.0,0.0
GLU  29,107.326,0.0,0.0,-1.191,0.0,0.0,-96.534,0.0,0.0,-64.558,0.0,0.0,0.0,0.0,0.0,-54.95700000000002,0.0,0.0
LYS  30,125.61,0.0,0.0,-7.994,0.0,0.0,-108.391,0.0,0.0,-9.55,0.0,0.0,0.0,0.0,0.0,-0.3250000000000064,0.0,0.0
ALA  31,87.37,0.0,0.0,-4.345,0.0,0.0,-77.008,0.0,0.0,-1.146,0.0,0.0,0.0,0.0,0.0,4.87100000000001,0.0,0.0
PHE  32,104.072,0.0,0.0,-11.132,0.0,0.0,-79.216,0.0,0.0,-2.25,0.0,0.0,0.0,0.0,0.0,11.474000000000004,0.0,0.0
SER  33,86.762,0.0,0.0,-4.916,0.0,0.0,-69.264,0.0,0.0,-1.772,0.0,0.0,0.0,0.0,0.0,10.810000000000008,0.0,0.0
PRO  34,75.126,0.0,0.0,-5.043,0.0,0.0,-53.441,0.0,0.0,-1.891,0.0,0.0,0.0,0.0,0.0,14.750999999999996,0.0,0.0
GLU  35,104.186,0.0,0.0,-8.232,0.0,0.0,-93.768,0.0,0.0,-65.023,0.0,0.0,0.0,0.0,0.0,-62.83699999999999,0.0,0.0
VAL  36,59.642,0.0,0.0,-11.266,0.0,0.0,-56.055,0.0,0.0,0.022,0.0,0.0,0.0,0.0,0.0,-7.656999999999995,0.0,0.0
ILE  37,98.152,0.0,0.0,-9.322,0.0,0.0,-61.089,0.0,0.0,-0.889,0.0,0.0,0.0,0.0,0.0,26.852,0.0,0.0
PRO  38,83.957,0.0,0.0,-6.765,0.0,0.0,-59.867,0.0,0.0,-0.796,0.0,0.0,0.0,0.0,0.0,16.528999999999996,0.0,0.0
MET  39,92.003,0.0,0.0,-8.612,0.0,0.0,-74.667,0.0,0.0,0.192,0.0,0.0,0.0,0.0,0.0,8.916000000000004,0.0,0.0
PHE  40,102.327,0.0,0.0,-13.672,0.0,0.0,-84.186,0.0,0.0,-0.755,0.0,0.0,0.0,0.0,0.0,3.713999999999994,0.0,0.0
SER  41,77.761,0.0,0.0,-6.526,0.0,0.0,-64.001,0.0,0.0,-5.192,0.0,0.0,0.0,0.0,0.0,2.0419999999999945,0.0,0.0
ALA  42,85.016,0.0,0.0,-5.468,0.0,0.0,-65.891,0.0,0.0,-4.726,0.0,0.0,0.0,0.0,0.0,8.930999999999997,0.0,0.0
LEU  43,71.095,0.0,0.0,-9.415,0.0,0.0,-75.024,0.0,0.0,-1.621,0.0,0.0,0.0,0.0,0.0,-14.965000000000002,0.0,0.0
SER  44,74.245,0.0,0.0,-6.684,0.0,0.0,-73.831,0.0,0.0,-0.027,0.0,0.0,0.0,0.0,0.0,-6.296999999999996,0.0,0.0
GLU  45,100.151,0.0,0.0,-6.265,0.0,0.0,-75.321,0.0,0.0,-78.959,0.0,0.0,0.0,0.0,0.0,-60.394000000000005,0.0,0.0
GLY  46,69.145,0.0,0.0,-3.76,0.0,0.0,-67.33,0.0,0.0,-1.213,0.0,0.0,0.0,0.0,0.0,-3.1580000000000075,0.0,0.0
ALA  47,99.412,0.0,0.0,-6.442,0.0,0.0,-84.612,0.0,0.0,-1.512,0.0,0.0,0.0,0.0,0.0,6.846000000000004,0.0,0.0
THR  48,54.825,0.0,0.0,-8.245,0.0,0.0,-58.924,0.0,0.0,-0.25,0.0,0.0,0.0,0.0,0.0,-12.593999999999994,0.0,0.0
PRO  49,72.382,0.0,0.0,-10.278,0.0,0.0,-54.346,0.0,0.0,0.606,0.0,0.0,0.0,0.0,0.0,8.36400000000001,0.0,0.0
GLN  50,31.038,0.0,0.0,-9.275,0.0,0.0,-71.699,0.0,0.0,-6.181,0.0,0.0,0.0,0.0,0.0,-56.117,0.0,0.0
ASP  51,87.302,0.0,0.0,-7.014,0.0,0.0,-124.003,0.0,0.0,-20.733,0.0,0.0,0.0,0.0,0.0,-64.448,0.0,0.0
LEU  52,65.579,0.0,0.0,-13.173,0.0,0.0,-70.444,0.0,0.0,0.939,0.0,0.0,0.0,0.0,0.0,-17.09900000000001,0.0,0.0
ASN  53,36.799,0.0,0.0,-7.406,0.0,0.0,-99.671,0.0,0.0,-2.497,0.0,0.0,0.0,0.0,0.0,-72.775,0.0,0.0
THR  54,51.63,0.0,0.0,-6.117,0.0,0.0,-65.911,0.0,0.0,-1.144,0.0,0.0,0.0,0.0,0.0,-21.541999999999994,0.0,0.0
MET  55,88.725,0.0,0.0,-13.037,0.0,0.0,-66.549,0.0,0.0,-0.158,0.0,0.0,0.0,0.0,0.0,8.980999999999982,0.0,0.0
LEU  56,72.127,0.0,0.0,-10.465,0.0,0.0,-73.133,0.0,0.0,0.377,0.0,0.0,0.0,0.0,0.0,-11.094000000000003,0.0,0.0
ASN  57,29.651,0.0,0.0,-6.811,0.0,0.0,-89.357,0.0,0.0,-7.307,0.0,0.0,0.0,0.0,0.0,-73.824,0.0,0.0
THR  58,54.542,0.0,0.0,-6.721,0.0,0.0,-57.844,0.0,0.0,-3.819,0.0,0.0,0.0,0.0,0.0,-13.842000000000002,0.0,0.0
VAL  59,44.441,0.0,0.0,-8.854,0.0,0.0,-45.811,0.0,0.0,-0.165,0.0,0.0,0.0,0.0,0.0,-10.388999999999996,0.0,0.0
ALA  60,92.671,0.0,0.0,-4.695,0.0,0.0,-65.33,0.0,0.0,-1.408,0.0,0.0,0.0,0.0,0.0,21.238,0.0,0.0
PRO  61,77.668,0.0,0.0,-4.606,0.0,0.0,-58.733,0.0,0.0,-1.862,0.0,0.0,0.0,0.0,0.0,12.467000000000015,0.0,0.0
HID  62,98.997,0.0,0.0,-6.587,0.0,0.0,-67.378,0.0,0.0,-11.029,0.0,0.0,0.0,0.0,0.0,14.002999999999997,0.0,0.0
GLN  63,34.564,0.0,0.0,-4.556,0.0,0.0,-65.785,0.0,0.0,-11.06,0.0,0.0,0.0,0.0,0.0,-46.837,0.0,0.0
ALA  64,87.983,0.0,0.0,-4.406,0.0,0.0,-69.228,0.0,0.0,-4.705,0.0,0.0,0.0,0.0,0.0,9.644000000000004,0.0,0.0
ALA  65,93.845,0.0,0.0,-6.465,0.0,0.0,-74.602,0.0,0.0,-2.702,0.0,0.0,0.0,0.0,0.0,10.075999999999992,0.0,0.0
ALA  66,94.507,0.0,0.0,-5.433,0.0,0.0,-83.185,0.0,0.0,-1.719,0.0,0.0,0.0,0.0,0.0,4.17000000000001,0.0,0.0
GLN  67,40.993,0.0,0.0,-7.524,0.0,0.0,-70.721,0.0,0.0,-16.419,0.0,0.0,0.0,0.0,0.0,-53.67100000000001,0.0,0.0
MET  68,92.747,0.0,0.0,-9.685,0.0,0.0,-75.572,0.0,0.0,-2.586,0.0,0.0,0.0,0.0,0.0,4.903999999999995,0.0,0.0
LEU  69,81.48,0.0,0.0,-10.802,0.0,0.0,-81.789,0.0,0.0,-2.524,0.0,0.0,0.0,0.0,0.0,-13.635000000000005,0.0,0.0
LYS  70,125.391,0.0,0.0,-9.688,0.0,0.0,-108.37,0.0,0.0,-13.963,0.0,0.0,0.0,0.0,0.0,-6.630000000000001,0.0,0.0
GLU  71,104.902,0.0,0.0,-7.217,0.0,0.0,-67.164,0.0,0.0,-99.141,0.0,0.0,0.0,0.0,0.0,-68.62,0.0,0.0
THR  72,50.276,0.0,0.0,-8.587,0.0,0.0,-58.163,0.0,0.0,-3.206,0.0,0.0,0.0,0.0,0.0,-19.67999999999999,0.0,0.0
ILE  73,73.687,0.0,0.0,-9.133,0.0,0.0,-49.126,0.0,0.0,-2.793,0.0,0.0,0.0,0.0,0.0,12.635000000000005,0.0,0.0
ASN  74,20.909,0.0,0.0,-6.811,0.0,0.0,-79.388,0.0,0.0,-8.016,0.0,0.0,0.0,0.0,0.0,-73.30600000000001,0.0,0.0
GLU  75,104.868,0.0,0.0,-7.289,0.0,0.0,-57.637,0.0,0.0,-104.233,0.0,0.0,0.0,0.0,0.0,-64.29100000000001,0.0,0.0
GLU  76,94.244,0.0,0.0,-9.98,0.0,0.0,-42.747,0.0,0.0,-105.668,0.0,0.0,0.0,0.0,0.0,-64.15100000000001,0.0,0.0
ALA  77,85.373,0.0,0.0,-8.194,0.0,0.0,-70.962,0.0,0.0,-2.105,0.0,0.0,0.0,0.0,0.0,4.111999999999998,0.0,0.0
ALA  78,96.406,0.0,0.0,-6.662,0.0,0.0,-85.991,0.0,0.0,0.674,0.0,0.0,0.0,0.0,0.0,4.4270000000000005,0.0,0.0
GLU  79,104.621,0.0,0.0,-6.252,0.0,0.0,-64.095,0.0,0.0,-98.93,0.0,0.0,0.0,0.0,0.0,-64.656,0.0,0.0
TRP  80,115.561,0.0,0.0,-16.652,0.0,0.0,-89.2,0.0,0.0,-0.841,0.0,0.0,0.0,0.0,0.0,8.868000000000004,0.0,0.0
ASP  81,100.476,0.0,0.0,-8.694,0.0,0.0,-60.421,0.0,0.0,-77.179,0.0,0.0,0.0,0.0,0.0,-45.818000000000005,0.0,0.0
ARG  82,-195.441,0.0,0.0,-7.31,0.0,0.0,-20.552,0.0,0.0,48.711,0.0,0.0,0.0,0.0,0.0,-174.59199999999998,0.0,0.0
LEU  83,71.329,0.0,0.0,-6.368,0.0,0.0,-74.036,0.0,0.0,-1.904,0.0,0.0,0.0,0.0,0.0,-10.979000000000003,0.0,0.0
HID  84,116.451,0.0,0.0,-8.011,0.0,0.0,-73.604,0.0,0.0,-6.693,0.0,0.0,0.0,0.0,0.0,28.143,0.0,0.0
PRO  85,90.667,0.0,0.0,-3.62,0.0,0.0,-62.869,0.0,0.0,-7.335,0.0,0.0,0.0,0.0,0.0,16.842999999999996,0.0,0.0
VAL  86,47.95,0.0,0.0,-4.229,0.0,0.0,-47.718,0.0,0.0,-4.625,0.0,0.0,0.0,0.0,0.0,-8.622,0.0,0.0
HID  87,93.411,0.0,0.0,-6.584,0.0,0.0,-58.395,0.0,0.0,-9.018,0.0,0.0,0.0,0.0,0.0,19.413999999999994,0.0,0.0
ALA  88,87.913,0.0,0.0,-2.487,0.0,0.0,-70.761,0.0,0.0,-7.412,0.0,0.0,0.0,0.0,0.0,7.253000000000006,0.0,0.0
GLY  89,89.981,0.0,0.0,-1.909,0.0,0.0,-71.929,0.0,0.0,-7.245,0.0,0.0,0.0,0.0,0.0,8.897999999999985,0.0,0.0
PRO  90,83.967,0.0,0.0,-3.199,0.0,0.0,-56.384,0.0,0.0,-6.842,0.0,0.0,0.0,0.0,0.0,17.542,0.0,0.0
ILE  91,75.884,0.0,0.0,-4.007,0.0,0.0,-54.079,0.0,0.0,-4.436,0.0,0.0,0.0,0.0,0.0,13.361999999999995,0.0,0.0
ALA  92,90.898,0.0,0.0,-3.403,0.0,0.0,-70.272,0.0,0.0,-2.136,0.0,0.0,0.0,0.0,0.0,15.086999999999986,0.0,0.0
PRO  93,82.543,0.0,0.0,-2.882,0.0,0.0,-55.385,0.0,0.0,-7.246,0.0,0.0,0.0,0.0,0.0,17.03,0.0,0.0
GLY  94,69.072,0.0,0.0,-1.286,0.0,0.0,-62.373,0.0,0.0,-7.087,0.0,0.0,0.0,0.0,0.0,-1.673999999999996,0.0,0.0
GLN  95,35.601,0.0,0.0,-5.909,0.0,0.0,-69.897,0.0,0.0,-11.638,0.0,0.0,0.0,0.0,0.0,-51.843,0.0,0.0
MET  96,100.605,0.0,0.0,-6.386,0.0,0.0,-70.612,0.0,0.0,-9.126,0.0,0.0,0.0,0.0,0.0,14.481000000000014,0.0,0.0
ARG  97,-191.437,0.0,0.0,-8.82,0.0,0.0,-3.526,0.0,0.0,25.998,0.0,0.0,0.0,0.0,0.0,-177.78500000000003,0.0,0.0
GLU  98,105.608,0.0,0.0,-5.896,0.0,0.0,-45.609,0.0,0.0,-112.153,0.0,0.0,0.0,0.0,0.0,-58.050000000000004,0.0,0.0
PRO  99,88.375,0.0,0.0,-9.809,0.0,0.0,-57.874,0.0,0.0,-6.094,0.0,0.0,0.0,0.0,0.0,14.597999999999999,0.0,0.0
ARG 100,-190.763,0.0,0.0,-10.333,0.0,0.0,9.436,0.0,0.0,18.52,0.0,0.0,0.0,0.0,0.0,-173.14,0.0,0.0
GLY 101,77.732,0.0,0.0,-4.863,0.0,0.0,-87.033,0.0,0.0,2.114,0.0,0.0,0.0,0.0,0.0,-12.05,0.0,0.0
SER 102,69.901,0.0,0.0,-6.416,0.0,0.0,-63.949,0.0,0.0,-2.036,0.0,0.0,0.0,0.0,0.0,-2.4999999999999987,2.9802322387695312e-08,2.9802322387695312e-08
ASP 103,92.396,0.0,0.0,-9.823,0.0,0.0,-119.08,0.0,0.0,-28.377,0.0,0.0,0.0,0.0,0.0,-64.88399999999999,0.0,0.0
ILE 104,79.845,0.0,0.0,-11.288,0.0,0.0,-60.15,0.0,0.0,1.804,0.0,0.0,0.0,0.0,0.0,10.211000000000004,0.0,0.0
ALA 105,84.659,0.0,0.0,-7.595,0.0,0.0,-78.015,0.0,0.0,-0.177,0.0,0.0,0.0,0.0,0.0,-1.1279999999999935,0.0,0.0
GLY 106,92.232,0.0,0.0,-4.742,0.0,0.0,-89.013,0.0,0.0,-2.624,0.0,0.0,0.0,0.0,0.0,-4.147000000000011,0.0,0.0
THR 107,55.369,0.0,0.0,-5.002,0.0,0.0,-60.502,0.0,0.0,-6.425,0.0,0.0,0.0,0.0,0.0,-16.560000000000006,0.0,0.0
THR 108,42.44,0.0,0.0,-4.824,0.0,0.0,-55.485,0.0,0.0,-2.886,0.0,0.0,0.0,0.0,0.0,-20.755,0.0,0.0
SER 109,76.312,0.0,0.0,-7.119,0.0,0.0,-70.801,0.0,0.0,-1.37,0.0,0.0,0.0,0.0,0.0,-2.978000000000004,0.0,0.0
THR 110,31.263,0.0,0.0,-5.232,0.0,0.0,-34.106,0.0,0.0,-6.658,0.0,0.0,0.0,0.0,0.0,-14.733,0.0,0.0
LEU 111,73.266,0.0,0.0,-8.673,0.0,0.0,-65.038,0.0,0.0,-3.788,0.0,0.0,0.0,0.0,0.0,-4.232999999999993,0.0,0.0
GLN 112,31.59,0.0,0.0,-6.047,0.0,0.0,-71.197,0.0,0.0,-15.154,0.0,0.0,0.0,0.0,0.0,-60.80800000000001,0.0,0.0
GLU 113,100.69,0.0,0.0,-8.773,0.0,0.0,-113.558,0.0,0.0,-39.526,0.0,0.0,0.0,0.0,0.0,-61.16700000000001,0.0,0.0
GLN 114,38.968,0.0,0.0,-14.113,0.0,0.0,-80.385,0.0,0.0,0.205,0.0,0.0,0.0,0.0,0.0,-55.325,0.0,0.0
ILE 115,87.455,0.0,0.0,-8.26,0.0,0.0,-70.809,0.0,0.0,-1.46,0.0,0.0,0.0,0.0,0.0,6.925999999999996,0.0,0.0
GLY 116,75.446,0.0,0.0,-4.256,0.0,0.0,-76.798,0.0,0.0,-0.054,0.0,0.0,0.0,0.0,0.0,-5.662000000000004,0.0,0.0
TRP 117,120.938,0.0,0.0,-18.534,0.0,0.0,-89.469,0.0,0.0,-2.143,0.0,0.0,0.0,0.0,0.0,10.792000000000002,0.0,0.0
MET 118,99.959,0.0,0.0,-12.821,0.0,0.0,-81.924,0.0,0.0,-3.012,0.0,0.0,0.0,0.0,0.0,2.2019999999999986,0.0,0.0
THR 119,45.302,0.0,0.0,-6.436,0.0,0.0,-52.561,0.0,0.0,-2.98,0.0,0.0,0.0,0.0,0.0,-16.675,0.0,0.0
HID 120,86.3,0.0,0.0,-7.843,0.0,0.0,-48.96,0.0,0.0,-16.586,0.0,0.0,0.0,0.0,0.0,12.910999999999994,0.0,0.0
ASN 121,46.218,0.0,0.0,-5.034,0.0,0.0,-77.497,0.0,0.0,-18.784,0.0,0.0,0.0,0.0,0.0,-55.096999999999994,0.0,0.0
PRO 122,97.251,0.0,0.0,-1.772,0.0,0.0,-53.099,0.0,0.0,-6.821,0.0,0.0,0.0,0.0,0.0,35.559000000000005,0.0,0.0
PRO 123,82.469,0.0,0.0,-7.234,0.0,0.0,-57.616,0.0,0.0,-4.261,0.0,0.0,0.0,0.0,0.0,13.358,0.0,0.0
ILE 124,90.005,0.0,0.0,-6.893,0.0,0.0,-64.66,0.0,0.0,-0.074,0.0,0.0,0.0,0.0,0.0,18.377999999999997,0.0,0.0
PRO 125,98.782,0.0,0.0,-6.525,0.0,0.0,-66.156,0.0,0.0,-0.671,0.0,0.0,0.0,0.0,0.0,25.429999999999986,0.0,0.0
VAL 126,55.251,0.0,0.0,-9.401,0.0,0.0,-57.001,0.0,0.0,-0.169,0.0,0.0,0.0,0.0,0.0,-11.320000000000004,0.0,0.0
GLY 127,72.108,0.0,0.0,-5.752,0.0,0.0,-71.126,0.0,0.0,-1.672,0.0,0.0,0.0,0.0,0.0,-6.441999999999996,0.0,0.0
GLU 128,107.178,0.0,0.0,-6.526,0.0,0.0,-106.29,0.0,0.0,-44.721,0.0,0.0,0.0,0.0,0.0,-50.359,0.0,0.0
ILE 129,80.419,0.0,0.0,-9.822,0.0,0.0,-63.345,0.0,0.0,0.251,0.0,0.0,0.0,0.0,0.0,7.502999999999996,0.0,0.0
TYR 130,94.339,0.0,0.0,-15.482,0.0,0.0,-89.118,0.0,0.0,-0.391,0.0,0.0,0.0,0.0,0.0,-10.651999999999996,0.0,0.0
LYS 131,138.725,0.0,0.0,-9.884,0.0,0.0,-161.778,0.0,0.0,25.634,0.0,0.0,0.0,0.0,0.0,-7.302999999999983,0.0,0.0
ARG 132,-188.778,0.0,0.0,-10.254,0.0,0.0,25.902,0.0,0.0,0.957,0.0,0.0,0.0,0.0,0.0,-172.173,0.0,0.0
TRP 133,132.325,0.0,0.0,-19.331,0.0,0.0,-96.298,0.0,0.0,-0.878,0.0,0.0,0.0,0.0,0.0,15.817999999999984,0.0,0.0
ILE 134,89.471,0.0,0.0,-11.45,0.0,0.0,-70.447,0.0,0.0,0.277,0.0,0.0,0.0,0.0,0.0,7.850999999999998,0.0,0.0
ILE 135,84.975,0.0,0.0,-9.526,0.0,0.0,-67.285,0.0,0.0,0.205,0.0,0.0,0.0,0.0,0.0,8.369000000000002,0.0,0.0
LEU 136,69.671,0.0,0.0,-7.223,0.0,0.0,-76.134,0.0,0.0,2.028,0.0,0.0,0.0,0.0,0.0,-11.657999999999992,0.0,0.0
GLY 137,77.883,0.0,0.0,-5.977,0.0,0.0,-77.517,0.0,0.0,1.16,0.0,0.0,0.0,0.0,0.0,-4.451000000000004,0.0,0.0
LEU 138,64.24,0.0,0.0,-11.153,0.0,0.0,-67.113,0.0,0.0,0.071,0.0,0.0,0.0,0.0,0.0,-13.955000000000004,0.0,0.0
ASN 139,42.906,0.0,0.0,-7.817,0.0,0.0,-93.184,0.0,0.0,-5.504,0.0,0.0,0.0,0.0,0.0,-63.599,0.0,0.0
LYS 140,135.611,0.0,0.0,-6.288,0.0,0.0,-142.37,0.0,0.0,11.962,0.0,0.0,0.0,0.0,0.0,-1.0850000000000257,0.0,0.0
ILE 141,101.259,0.0,0.0,-9.595,0.0,0.0,-78.148,0.0,0.0,-0.416,0.0,0.0,0.0,0.0,0.0,13.100000000000005,0.0,0.0
VAL 142,64.267,0.0,0.0,-8.216,0.0,0.0,-57.185,0.0,0.0,-3.097,0.0,0.0,0.0,0.0,0.0,-4.231000000000007,0.0,0.0
ARG 143,-188.073,0.0,0.0,-6.778,0.0,0.0,56.099,0.0,0.0,-19.013,0.0,0.0,0.0,0.0,0.0,-157.76500000000001,0.0,0.0
MET 144,86.172,0.0,0.0,-5.811,0.0,0.0,-72.863,0.0,0.0,-4.048,0.0,0.0,0.0,0.0,0.0,3.4499999999999904,0.0,0.0
TYR 145,94.986,0.0,0.0,-7.833,0.0,0.0,-85.292,0.0,0.0,-8.943,0.0,0.0,0.0,0.0,0.0,-7.081999999999995,0.0,0.0
SER 146,85.826,0.0,0.0,-4.205,0.0,0.0,-62.521,0.0,0.0,-7.456,0.0,0.0,0.0,0.0,0.0,11.643999999999995,0.0,0.0
PRO 147,87.409,0.0,0.0,-3.922,0.0,0.0,-61.718,0.0,0.0,-4.969,0.0,0.0,0.0,0.0,0.0,16.800000000000004,0.0,0.0
THR 148,38.936,0.0,0.0,-2.244,0.0,0.0,-39.953,0.0,0.0,-9.718,0.0,0.0,0.0,0.0,0.0,-12.979000000000003,0.0,0.0
SER 149,65.684,0.0,0.0,-1.41,0.0,0.0,-43.706,0.0,0.0,-11.364,0.0,0.0,0.0,0.0,0.0,9.203999999999997,0.0,0.0
ILE 150,60.467,0.0,0.0,0.014,0.0,0.0,-27.251,0.0,0.0,-7.148,0.0,0.0,0.0,0.0,0.0,26.082000000000004,0.0,0.0

Ligand:
Total Energy Decomposition:
Residue,Internal,,,van der Waals,,,Electrostatic,,,Polar Solvation,,,Non-Polar Solv.,,,TOTAL,,
,Avg.,Std. Dev.,Std. Err. of Mean,Avg.,Std. Dev.,Std. Err. of Mean,Avg.,Std. Dev.,Std. Err. of Mean,Avg.,Std. Dev.,Std. Err. of Mean,Avg.,Std. Dev.,Std. Err. of Mean,Avg.,Std. Dev.,Std. Err. of Mean
LEU   1,39.665,0.0,0.0,-3.466,0.0,0.0,-46.491,0.0,0.0,-0.421,0.0,0.0,0.0,0.0,0.0,-10.713000000000001,0.0,0.0
ASP   2,100.548,0.0,0.0,-3.899,0.0,0.0,-87.077,0.0,0.0,-76.281,0.0,0.0,0.0,0.0,0.0,-66.709,0.0,0.0
ILE   3,102.864,0.0,0.0,-6.293,0.0,0.0,-70.913,0.0,0.0,-2.335,0.0,0.0,0.0,0.0,0.0,23.323,0.0,0.0
ARG   4,-190.227,0.0,0.0,-9.391,0.0,0.0,25.82,0.0,0.0,-1.085,0.0,0.0,0.0,0.0,0.0,-174.883,0.0,0.0
GLN   5,30.972,0.0,0.0,-11.526,0.0,0.0,-82.446,0.0,0.0,-4.691,0.0,0.0,0.0,0.0,0.0,-67.691,0.0,0.0
GLY   6,88.9,0.0,0.0,-2.895,0.0,0.0,-74.279,0.0,0.0,-3.13,0.0,0.0,0.0,0.0,0.0,8.596000000000014,0.0,0.0
PRO   7,84.435,0.0,0.0,-3.648,0.0,0.0,-54.681,0.0,0.0,-4.968,0.0,0.0,0.0,0.0,0.0,21.13800000000001,0.0,0.0
LYS   8,125.901,0.0,0.0,-3.499,0.0,0.0,-89.468,0.0,0.0,-31.888,0.0,0.0,0.0,0.0,0.0,1.0459999999999958,0.0,0.0
GLU   9,114.452,0.0,0.0,-4.521,0.0,0.0,-133.512,0.0,0.0,-22.146,0.0,0.0,0.0,0.0,0.0,-45.727000000000004,0.0,0.0
PRO  10,80.513,0.0,0.0,-5.343,0.0,0.0,-57.017,0.0,0.0,-2.582,0.0,0.0,0.0,0.0,0.0,15.570999999999998,0.0,0.0
PHE  11,106.551,0.0,0.0,-12.023,0.0,0.0,-74.175,0.0,0.0,-2.119,0.0,0.0,0.0,0.0,0.0,18.23400000000001,0.0,0.0
ARG  12,-202.217,0.0,0.0,-8.203,0.0,0.0,-28.793,0.0,0.0,47.536,0.0,0.0,0.0,0.0,0.0,-191.67700000000002,0.0,0.0
ASP  13,91.014,0.0,0.0,-6.856,0.0,0.0,-71.535,0.0,0.0,-85.055,0.0,0.0,0.0,0.0,0.0,-72.432,0.0,0.0
TYR  14,98.373,0.0,0.0,-15.394,0.0,0.0,-98.286,0.0,0.0,1.052,0.0,0.0,0.0,0.0,0.0,-14.255000000000003,0.0,0.0
VAL  15,51.528,0.0,0.0,-8.569,0.0,0.0,-61.009,0.0,0.0,3.902,0.0,0.0,0.0,0.0,0.0,-14.148000000000003,0.0,0.0
ASP  16,102.149,0.0,0.0,-7.403,0.0,0.0,-76.75,0.0,0.0,-72.819,0.0,0.0,0.0,0.0,0.0,-54.82300000000001,0.0,0.0
ARG  17,-188.959,0.0,0.0,-6.423,0.0,0.0,15.968,0.0,0.0,1.934,0.0,0.0,0.0,0.0,0.0,-177.48000000000002,0.0,0.0
PHE  18,93.147,0.0,0.0,-13.13,0.0,0.0,-79.105,0.0,0.0,-0.152,0.0,0.0,0.0,0.0,0.0,0.7600000000000061,0.0,0.0
TYR  19,95.684,0.0,0.0,-11.418,0.0,0.0,-91.82,0.0,0.0,-1.852,0.0,0.0,0.0,0.0,0.0,-9.406000000000002,0.0,0.0
LYS  20,140.628,0.0,0.0,-7.493,0.0,0.0,-102.948,0.0,0.0,-32.697,0.0,0.0,0.0,0.0,0.0,-2.510000000000005,0.0,0.0
THR  21,50.743,0.0,0.0,-6.112,0.0,0.0,-58.884,0.0,0.0,-2.642,0.0,0.0,0.0,0.0,0.0,-16.895,0.0,0.0
LEU  22,69.752,0.0,0.0,-10.045,0.0,0.0,-66.21,0.0,0.0,-3.1,0.0,0.0,0.0,0.0,0.0,-9.603,0.0,0.0
ARG  23,-194.711,0.0,0.0,-9.367,0.0,0.0,62.326,0.0,0.0,-24.454,0.0,0.0,0.0,0.0,0.0,-166.20600000000002,0.0,0.0
ALA  24,88.166,0.0,0.0,-4.1,0.0,0.0,-78.975,0.0,0.0,-5.171,0.0,0.0,0.0,0.0,0.0,-0.07999999999999208,0.0,0.0
GLU  25,106.562,0.0,0.0,-5.675,0.0,0.0,-68.814,0.0,0.0,-95.108,0.0,0.0,0.0,0.0,0.0,-63.035,0.0,0.0
GLN  26,34.879,0.0,0.0,-4.215,0.0,0.0,-65.778,0.0,0.0,-12.974,0.0,0.0,0.0,0.0,0.0,-48.08800000000001,0.0,0.0
ALA  27,101.617,0.0,0.0,-4.001,0.0,0.0,-84.958,0.0,0.0,-3.285,0.0,0.0,0.0,0.0,0.0,9.373000000000001,0.0,0.0
SER  28,77.274,0.0,0.0,-5.404,0.0,0.0,-61.649,0.0,0.0,-9.146,0.0,0.0,0.0,0.0,0.0,1.0750000000000028,0.0,0.0
GLN  29,29.58,0.0,0.0,-5.427,0.0,0.0,-60.77,0.0,0.0,-17.552,0.0,0.0,0.0,0.0,0.0,-54.169000000000004,0.0,0.0
GLU  30,110.697,0.0,0.0,-5.124,0.0,0.0,-78.306,0.0,0.0,-85.5,0.0,0.0,0.0,0.0,0.0,-58.23299999999999,0.0,0.0
VAL  31,69.552,0.0,0.0,-6.909,0.0,0.0,-57.555,0.0,0.0,-3.172,0.0,0.0,0.0,0.0,0.0,1.916000000000008,0.0,0.0
LYS  32,117.102,0.0,0.0,-9.517,0.0,0.0,-98.365,0.0,0.0,-15.371,0.0,0.0,0.0,0.0,0.0,-6.150999999999987,0.0,0.0
ASN  33,23.27,0.0,0.0,-7.079,0.0,0.0,-89.174,0.0,0.0,-2.233,0.0,0.0,0.0,0.0,0.0,-75.21600000000001,0.0,0.0
TRP  34,126.453,0.0,0.0,-10.024,0.0,0.0,-89.879,0.0,0.0,-5.008,0.0,0.0,0.0,0.0,0.0,21.541999999999998,0.0,0.0
MET  35,100.4,0.0,0.0,-10.315,0.0,0.0,-87.427,0.0,0.0,-0.41,0.0,0.0,0.0,0.0,0.0,2.248000000000001,0.0,0.0
THR  36,49.22,0.0,0.0,-6.924,0.0,0.0,-57.196,0.0,0.0,-1.508,0.0,0.0,0.0,0.0,0.0,-16.407999999999998,0.0,0.0
GLU  37,105.909,0.0,0.0,-5.991,0.0,0.0,-56.046,0.0,0.0,-99.629,0.0,0.0,0.0,0.0,0.0,-55.757,0.0,0.0
THR  38,38.043,0.0,0.0,-4.599,0.0,0.0,-47.456,0.0,0.0,-0.911,0.0,0.0,0.0,0.0,0.0,-14.923,0.0,0.0
LEU  39,64.14,0.0,0.0,-7.984,0.0,0.0,-66.432,0.0,0.0,0.735,0.0,0.0,0.0,0.0,0.0,-9.541000000000004,0.0,0.0
LEU  40,94.66,0.0,0.0,-10.922,0.0,0.0,-87.734,0.0,0.0,1.202,0.0,0.0,0.0,0.0,0.0,-2.793999999999995,0.0,0.0
VAL  41,51.967,0.0,0.0,-7.671,0.0,0.0,-58.263,0.0,0.0,0.188,0.0,0.0,0.0,0.0,0.0,-13.778999999999998,0.0,0.0
GLN  42,24.341,0.0,0.0,-7.501,0.0,0.0,-70.488,0.0,0.0,0.109,0.0,0.0,0.0,0.0,0.0,-53.538999999999994,0.0,0.0
ASN  43,16.725,0.0,0.0,-9.812,0.0,0.0,-76.917,0.0,0.0,-1.942,0.0,0.0,0.0,0.0,0.0,-71.946,0.0,0.0
ALA  44,91.663,0.0,0.0,-7.336,0.0,0.0,-79.24,0.0,0.0,-1.041,0.0,0.0,0.0,0.0,0.0,4.046000000000003,0.0,0.0
ASN  45,37.819,0.0,0.0,-7.656,0.0,0.0,-84.587,0.0,0.0,-6.881,0.0,0.0,0.0,0.0,0.0,-61.305,0.0,0.0
PRO  46,78.804,0.0,0.0,-4.115,0.0,0.0,-62.125,0.0,0.0,-0.017,0.0,0.0,0.0,0.0,0.0,12.547000000000008,0.0,0.0
ASP  47,89.128,0.0,0.0,-5.672,0.0,0.0,-79.476,0.0,0.0,-67.921,0.0,0.0,0.0,0.0,0.0,-63.941,0.0,0.0
CYX  48,97.568,0.0,0.0,-6.959,0.0,0.0,-74.917,0.0,0.0,-3.567,0.0,0.0,0.0,0.0,0.0,12.124999999999993,0.0,0.0
LYS  49,132.928,0.0,0.0,-10.081,0.0,0.0,-108.379,0.0,0.0,-22.677,0.0,0.0,0.0,0.0,0.0,-8.20900000000001,0.0,0.0
THR  50,50.613,0.0,0.0,-5.581,0.0,0.0,-69.401,0.0,0.0,1.032,0.0,0.0,0.0,0.0,0.0,-23.337,0.0,0.0
ILE  51,76.545,0.0,0.0,-6.1,0.0,0.0,-53.977,0.0,0.0,-1.326,0.0,0.0,0.0,0.0,0.0,15.14200000000001,0.0,0.0
LEU  52,82.234,0.0,0.0,-10.414,0.0,0.0,-70.969,0.0,0.0,-3.779,0.0,0.0,0.0,0.0,0.0,-2.928000000000001,0.0,0.0
LYS  53,117.524,0.0,0.0,-5.916,0.0,0.0,-81.744,0.0,0.0,-33.929,0.0,0.0,0.0,0.0,0.0,-4.064999999999998,0.0,0.0
ALA  54,84.485,0.0,0.0,-3.226,0.0,0.0,-72.78,0.0,0.0,-4.863,0.0,0.0,0.0,0.0,0.0,3.6159999999999988,0.0,0.0
LEU  55,79.764,0.0,0.0,-6.167,0.0,0.0,-73.743,0.0,0.0,-6.251,0.0,0.0,0.0,0.0,0.0,-6.397000000000001,0.0,0.0
GLY  56,87.556,0.0,0.0,-2.312,0.0,0.0,-70.483,0.0,0.0,-7.938,0.0,0.0,0.0,0.0,0.0,6.822999999999996,0.0,0.0
PRO  57,78.464,0.0,0.0,-2.278,0.0,0.0,-53.145,0.0,0.0,-6.347,0.0,0.0,0.0,0.0,0.0,16.69399999999999,0.0,0.0
GLY  58,66.426,0.0,0.0,-1.945,0.0,0.0,-65.012,0.0,0.0,-2.83,0.0,0.0,0.0,0.0,0.0,-3.3609999999999918,0.0,0.0
ALA  59,102.269,0.0,0.0,-5.14,0.0,0.0,-92.363,0.0,0.0,0.219,0.0,0.0,0.0,0.0,0.0,4.985000000000006,0.0,0.0
THR  60,46.488,0.0,0.0,-4.269,0.0,0.0,-53.918,0.0,0.0,-3.561,0.0,0.0,0.0,0.0,0.0,-15.259999999999998,0.0,0.0
LEU  61,63.895,0.0,0.0,-9.204,0.0,0.0,-65.633,0.0,0.0,-3.582,0.0,0.0,0.0,0.0,0.0,-14.523999999999994,0.0,0.0
GLU  62,102.51,0.0,0.0,-5.821,0.0,0.0,-88.133,0.0,0.0,-70.245,0.0,0.0,0.0,0.0,0.0,-61.68899999999999,0.0,0.0
GLU  63,99.135,0.0,0.0,-6.202,0.0,0.0,-64.042,0.0,0.0,-91.558,0.0,0.0,0.0,0.0,0.0,-62.667,0.0,0.0
MET  64,95.869,0.0,0.0,-12.453,0.0,0.0,-75.022,0.0,0.0,0.088,0.0,0.0,0.0,0.0,0.0,8.48199999999999,0.0,0.0
MET  65,104.768,0.0,0.0,-12.579,0.0,0.0,-88.537,0.0,0.0,1.389,0.0,0.0,0.0,0.0,0.0,5.040999999999987,0.0,0.0
THR  66,36.301,0.0,0.0,-4.781,0.0,0.0,-48.29,0.0,0.0,-3.804,0.0,0.0,0.0,0.0,0.0,-20.573999999999995,0.0,0.0
ALA  67,77.453,0.0,0.0,-5.706,0.0,0.0,-66.327,0.0,0.0,-0.537,0.0,0.0,0.0,0.0,0.0,4.883000000000002,0.0,0.0
CYX  68,92.172,0.0,0.0,-6.81,0.0,0.0,-80.827,0.0,0.0,-0.831,0.0,0.0,0.0,0.0,0.0,3.7039999999999966,0.0,0.0
GLN  69,33.409,0.0,0.0,-3.232,0.0,0.0,-72.376,0.0,0.0,-11.897,0.0,0.0,0.0,0.0,0.0,-54.096000000000004,0.0,0.0
GLY  70,99.47,0.0,0.0,-2.936,0.0,0.0,-86.766,0.0,0.0,-4.735,0.0,0.0,0.0,0.0,0.0,5.032999999999986,0.0,0.0
VAL  71,33.165,0.0,0.0,-1.619,0.0,0.0,-47.275,0.0,0.0,-78.805,0.0,0.0,0.0,0.0,0.0,-94.534,0.0,0.0

DELTAS:
Total Energy Decomposition:
Residue,Location,Internal,,,van der Waals,,,Electrostatic,,,Polar Solvation,,,Non-Polar Solv.,,,TOTAL,,
,,Avg.,Std. Dev.,Std. Err. of Mean,Avg.,Std. Dev.,Std. Err. of Mean,Avg.,Std. Dev.,Std. Err. of Mean,Avg.,Std. Dev.,Std. Err. of Mean,Avg.,Std. Dev.,Std. Err. of Mean
PRO   1,R PRO   1,0.0,0.0,0.0,-0.001000000000000334,0.0,0.0,-6.712999999999994,0.0,0.0,6.682,0.0,0.0,0.0,0.0,0.0,-0.03199999999999825,0.0,0.0
ILE   2,R ILE   2,0.0,0.0,0.0,0.0,0.0,0.0,0.058000000000006935,0.0,0.0,-0.05999999999999961,0.0,0.0,0.0,0.0,0.0,-0.001999999999991786,0.0,0.0
VAL   3,R VAL   3,0.0,0.0,0.0,0.0,0.0,0.0,-0.02499999999999858,0.0,0.0,0.026000000000000023,0.0,0.0,0.0,0.0,0.0,0.0010000000000029985,0.0,0.0
GLN   4,R GLN   4,0.0,0.0,0.0,0.0,0.0,0.0,0.09600000000000364,0.0,0.0,-0.09700000000000131,0.0,0.0,0.0,0.0,0.0,-0.0009999999999976694,0.0,0.0
ASN   5,R ASN   5,0.0,0.0,0.0,0.0,0.0,0.0,-0.06199999999999761,0.0,0.0,0.0600000000000005,0.0,0.0,0.0,0.0,0.0,-0.001999999999995339,0.0,0.0
LEU   6,R LEU   6,0.0,0.0,0.0,0.0,0.0,0.0,-0.04100000000000392,0.0,0.0,0.04099999999999948,0.0,0.0,0.0,0.0,0.0,-3.552713678800501e-15,0.0,0.0
GLN   7,R GLN   7,0.0,0.0,0.0,0.0,0.0,0.0,0.009999999999990905,0.0,0.0,-0.009999999999999787,0.0,0.0,0.0,0.0,0.0,-1.4210854715202004e-14,0.0,0.0
GLY   8,R GLY   8,0.0,0.0,0.0,0.0,0.0,0.0,-0.027000000000001023,0.0,0.0,0.026999999999999913,0.0,0.0,0.0,0.0,0.0,-8.881784197001252e-16,0.0,0.0
GLN   9,R GLN   9,0.0,0.0,0.0,0.0,0.0,0.0,0.09999999999999432,0.0,0.0,-0.09799999999999986,0.0,0.0,0.0,0.0,0.0,0.001999999999995339,0.0,0.0
MET  10,R MET  10,0.0,0.0,0.0,0.0,0.0,0.0,-0.0660000000000025,0.0,0.0,0.06700000000000017,0.0,0.0,0.0,0.0,0.0,0.0009999999999976694,0.0,0.0
VAL  11,R VAL  11,0.0,0.0,0.0,-0.0009999999999994458,0.0,0.0,0.027999999999998693,0.0,0.0,-0.030999999999999917,0.0,0.0,0.0,0.0,0.0,-0.0040000000000048885,0.0,0.0
HID  12,R HID  12,0.0,0.0,0.0,0.0,0.0,0.0,0.0009999999999976694,0.0,0.0,0.0030000000000001137,0.0,0.0,0.0,0.0,0.0,0.003999999999997783,0.0,0.0
GLN  13,R GLN  13,0.0,0.0,0.0,-0.0009999999999994458,0.0,0.0,0.07000000000000739,0.0,0.0,-0.07600000000000051,0.0,0.0,0.0,0.0,0.0,-0.006999999999990791,0.0,0.0
ALA  14,R ALA  14,0.0,0.0,0.0,-0.0009999999999998899,0.0,0.0,0.04099999999999682,0.0,0.0,-0.041999999999999815,0.0,0.0,0.0,0.0,0.0,-0.0020000000000077733,0.0,0.0
ILE  15,R ILE  15,0.0,0.0,0.0,-0.0019999999999988916,0.0,0.0,0.02599999999999625,0.0,0.0,-0.02200000000000024,0.0,0.0,0.0,0.0,0.0,0.002000000000000668,0.0,0.0
SER  16,R SER  16,0.0,0.0,0.0,-0.001000000000000334,0.0,0.0,-0.0519999999999996,0.0,0.0,0.051000000000000156,0.0,0.0,0.0,0.0,0.0,-0.0019999999999900098,0.0,0.0
PRO  17,R PRO  17,0.0,0.0,0.0,-0.0030000000000001137,0.0,0.0,-0.05300000000000438,0.0,0.0,0.05099999999999971,0.0,0.0,0.0,0.0,0.0,-0.005000000000002558,0.0,0.0
ARG  18,R ARG  18,0.0,0.0,0.0,-0.004999999999999893,0.0,0.0,-8.447000000000003,0.0,0.0,8.404999999999994,0.0,0.0,0.0,0.0,0.0,-0.047000000000025466,0.0,0.0
THR  19,R THR  19,0.0,0.0,0.0,-0.0039999999999995595,0.0,0.0,-0.06400000000000006,0.0,0.0,0.06099999999999994,0.0,0.0,0.0,0.0,0.0,-0.007000000000005002,0.0,0.0
LEU  20,R LEU  20,0.0,0.0,0.0,-0.006000000000000227,0.0,0.0,-0.2289999999999992,0.0,0.0,0.22499999999999987,0.0,0.0,0.0,0.0,0.0,-0.009999999999999787,0.0,0.0
ASN  21,R ASN  21,0.0,0.0,0.0,-0.0129999999999999,0.0,0.0,-0.09600000000000364,0.0,0.0,0.10099999999999909,0.0,0.0,0.0,0.0,0.0,-0.008000000000009777,0.0,0.0
ALA  22,R ALA  22,0.0,0.0,0.0,-0.01100000000000012,0.0,0.0,-0.3470000000000084,0.0,0.0,0.34099999999999997,0.0,0.0,0.0,0.0,0.0,-0.017000000000004345,0.0,0.0
TRP  23,R TRP  23,0.0,0.0,0.0,-0.028999999999999915,0.0,0.0,-0.4890000000000043,0.0,0.0,0.464,0.0,0.0,0.0,0.0,0.0,-0.05400000000001448,0.0,0.0
VAL  24,R VAL  24,0.0,0.0,0.0,-0.04400000000000048,0.0,0.0,-0.7620000000000005,0.0,0.0,0.7429999999999999,0.0,0.0,0.0,0.0,0.0,-0.06300000000000505,0.0,0.0
LYS  25,R LYS  25,0.0,0.0,0.0,-0.2869999999999999,0.0,0.0,4.650000000000006,0.0,0.0,-4.557,0.0,0.0,0.0,0.0,0.0,-0.19400000000000084,0.0,0.0
VAL  26,R VAL  26,0.0,0.0,0.0,-0.10200000000000031,0.0,0.0,-0.6940000000000026,0.0,0.0,0.7070000000000001,0.0,0.0,0.0,0.0,0.0,-0.08900000000000752,0.0,0.0
VAL  27,R VAL  27,0.0,0.0,0.0,-0.16000000000000014,0.0,0.0,-0.6280000000000001,0.0,0.0,0.583,0.0,0.0,0.0,0.0,0.0,-0.20500000000000362,0.0,0.0
GLU  28,R GLU  28,0.0,0.0,0.0,-1.3609999999999998,0.0,0.0,-4.247,0.0,0.0,5.234999999999999,0.0,0.0,0.0,0.0,0.0,-0.37300000000000466,0.0,0.0
GLU  29,R GLU  29,0.0,0.0,0.0,-2.3360000000000003,0.0,0.0,-30.774,0.0,0.0,35.86600000000001,0.0,0.0,0.0,0.0,0.0,2.7560000000000073,0.0,0.0
LYS  30,R LYS  30,0.0,0.0,0.0,-2.8149999999999995,0.0,0.0,-14.792000000000002,0.0,0.0,15.108,0.0,0.0,0.0,0.0,0.0,-2.4989999999999988,0.0,0.0
ALA  31,R ALA  31,0.0,0.0,0.0,-2.465,0.0,0.0,0.44999999999998863,0.0,0.0,0.15999999999999992,0.0,0.0,0.0,0.0,0.0,-1.8550000000000146,0.0,0.0
PHE  32,R PHE  32,0.0,0.0,0.0,-0.44700000000000095,0.0,0.0,0.09399999999999409,0.0,0.0,-0.08999999999999986,0.0,0.0,0.0,0.0,0.0,-0.4430000000000085,0.0,0.0
SER  33,R SER  33,0.0,0.0,0.0,-1.2829999999999995,0.0,0.0,-2.1510000000000105,0.0,0.0,2.084,0.0,0.0,0.0,0.0,0.0,-1.350000000000012,0.0,0.0
PRO  34,R PRO  34,0.0,0.0,0.0,-0.20599999999999952,0.0,0.0,-0.8999999999999986,0.0,0.0,0.8900000000000001,0.0,0.0,0.0,0.0,0.0,-0.21599999999998687,0.0,0.0
GLU  35,R GLU  35,0.0,0.0,0.0,-0.4900000000000002,0.0,0.0,15.629000000000005,0.0,0.0,-15.524000000000001,0.0,0.0,0.0,0.0,0.0,-0.3849999999999909,0.0,0.0
VAL  36,R VAL  36,0.0,0.0,0.0,-0.07699999999999996,0.0,0.0,0.0030000000000001137,0.0,0.0,-0.013,0.0,0.0,0.0,0.0,0.0,-0.08699999999999797,0.0,0.0
ILE  37,R ILE  37,0.0,0.0,0.0,-0.019000000000000128,0.0,0.0,-0.30100000000000193,0.0,0.0,0.29300000000000004,0.0,0.0,0.0,0.0,0.0,-0.026999999999993918,0.0,0.0
PRO  38,R PRO  38,0.0,0.0,0.0,-0.017000000000000348,0.0,0.0,-0.4100000000000037,0.0,0.0,0.405,0.0,0.0,0.0,0.0,0.0,-0.021999999999998465,0.0,0.0
MET  39,R MET  39,0.0,0.0,0.0,-0.04100000000000037,0.0,0.0,-0.09799999999999898,0.0,0.0,0.09799999999999998,0.0,0.0,0.0,0.0,0.0,-0.04100000000001103,0.0,0.0
PHE  40,R PHE  40,0.0,0.0,0.0,-0.010999999999999233,0.0,0.0,-0.05699999999998795,0.0,0.0,0.05800000000000005,0.0,0.0,0.0,0.0,0.0,-0.0099999999999838,0.0,0.0
SER  41,R SER  41,0.0,0.0,0.0,-0.0030000000000001137,0.0,0.0,-0.18999999999999773,0.0,0.0,0.18700000000000028,0.0,0.0,0.0,0.0,0.0,-0.005999999999997563,0.0,0.0
ALA  42,R ALA  42,0.0,0.0,0.0,-0.0030000000000001137,0.0,0.0,-0.09299999999998931,0.0,0.0,0.09299999999999997,0.0,0.0,0.0,0.0,0.0,-0.0029999999999894555,0.0,0.0
LEU  43,R LEU  43,0.0,0.0,0.0,-0.0070000000000014495,0.0,0.0,-0.022999999999996135,0.0,0.0,0.02299999999999991,0.0,0.0,0.0,0.0,0.0,-0.006999999999994344,0.0,0.0
SER  44,R SER  44,0.0,0.0,0.0,-0.0019999999999997797,0.0,0.0,-0.0589999999999975,0.0,0.0,0.06,0.0,0.0,0.0,0.0,0.0,-0.0010000000000065512,0.0,0.0
GLU  45,R GLU  45,0.0,0.0,0.0,-0.001000000000000334,0.0,0.0,7.174999999999997,0.0,0.0,-7.158999999999992,0.0,0.0,0.0,0.0,0.0,0.015000000000000568,0.0,0.0
GLY  46,R GLY  46,0.0,0.0,0.0,0.0,0.0,0.0,-0.015000000000000568,0.0,0.0,0.017000000000000126,0.0,0.0,0.0,0.0,0.0,0.0019999999999997797,0.0,0.0
ALA  47,R ALA  47,0.0,0.0,0.0,-0.0009999999999994458,0.0,0.0,-0.0350000000000108,0.0,0.0,0.03600000000000003,0.0,0.0,0.0,0.0,0.0,-8.881784197001252e-16,0.0,0.0
THR  48,R THR  48,0.0,0.0,0.0,0.0,0.0,0.0,0.036999999999999034,0.0,0.0,-0.03699999999999998,0.0,0.0,0.0,0.0,0.0,-1.7763568394002505e-15,0.0,0.0
PRO  49,R PRO  49,0.0,0.0,0.0,-0.0009999999999994458,0.0,0.0,0.04399999999999693,0.0,0.0,-0.04399999999999993,0.0,0.0,0.0,0.0,0.0,-0.0010000000000012221,0.0,0.0
GLN  50,R GLN  50,0.0,0.0,0.0,0.0,0.0,0.0,0.09799999999999898,0.0,0.0,-0.10299999999999976,0.0,0.0,0.0,0.0,0.0,-0.005000000000002558,0.0,0.0
ASP  51,R ASP  51,0.0,0.0,0.0,-0.0009999999999994458,0.0,0.0,6.567999999999998,0.0,0.0,-6.532,0.0,0.0,0.0,0.0,0.0,0.03499999999999659,0.0,0.0
LEU  52,R LEU  52,0.0,0.0,0.0,-0.0009999999999994458,0.0,0.0,0.007999999999995566,0.0,0.0,-0.0029999999999998916,0.0,0.0,0.0,0.0,0.0,0.003999999999997783,0.0,0.0
ASN  53,R ASN  53,0.0,0.0,0.0,-0.001000000000000334,0.0,0.0,-0.003999999999990678,0.0,0.0,0.0029999999999996696,0.0,0.0,0.0,0.0,0.0,-0.001999999999995339,0.0,0.0
THR  54,R THR  54,0.0,0.0,0.0,-0.0019999999999997797,0.0,0.0,0.049000000000006594,0.0,0.0,-0.052000000000000046,0.0,0.0,0.0,0.0,0.0,-0.004999999999999005,0.0,0.0
MET  55,R MET  55,0.0,0.0,0.0,-0.004999999999999005,0.0,0.0,-0.06199999999999761,0.0,0.0,0.059,0.0,0.0,0.0,0.0,0.0,-0.00799999999999379,0.0,0.0
LEU  56,R LEU  56,0.0,0.0,0.0,-0.0039999999999995595,0.0,0.0,-0.05700000000000216,0.0,0.0,0.05299999999999999,0.0,0.0,0.0,0.0,0.0,-0.008000000000000895,0.0,0.0
ASN  57,R ASN  57,0.0,0.0,0.0,-0.0030000000000001137,0.0,0.0,0.05499999999999261,0.0,0.0,-0.054999999999999716,0.0,0.0,0.0,0.0,0.0,-0.0030000000000001137,0.0,0.0
THR  58,R THR  58,0.0,0.0,0.0,-0.006999999999999673,0.0,0.0,0.1739999999999995,0.0,0.0,-0.17900000000000027,0.0,0.0,0.0,0.0,0.0,-0.012000000000000455,0.0,0.0
VAL  59,R VAL  59,0.0,0.0,0.0,-0.018000000000000682,0.0,0.0,-0.2779999999999987,0.0,0.0,0.253,0.0,0.0,0.0,0.0,0.0,-0.04300000000000104,0.0,0.0
ALA  60,R ALA  60,0.0,0.0,0.0,-0.006999999999999673,0.0,0.0,-0.2540000000000049,0.0,0.0,0.24299999999999988,0.0,0.0,0.0,0.0,0.0,-0.017999999999993577,0.0,0.0
PRO  61,R PRO  61,0.0,0.0,0.0,-0.022999999999999687,0.0,0.0,-0.04100000000000392,0.0,0.0,0.030000000000000027,0.0,0.0,0.0,0.0,0.0,-0.03400000000001491,0.0,0.0
HID  62,R HID  62,0.0,0.0,0.0,-0.13500000000000068,0.0,0.0,2.4210000000000065,0.0,0.0,-2.01,0.0,0.0,0.0,0.0,0.0,0.2760000000000158,0.0,0.0
GLN  63,R GLN  63,0.0,0.0,0.0,-0.025000000000000355,0.0,0.0,-0.17300000000000182,0.0,0.0,0.19599999999999973,0.0,0.0,0.0,0.0,0.0,-0.001999999999995339,0.0,0.0
ALA  64,R ALA  64,0.0,0.0,0.0,-0.023000000000000576,0.0,0.0,0.9259999999999877,0.0,0.0,-0.8339999999999996,0.0,0.0,0.0,0.0,0.0,0.06899999999999196,0.0,0.0
ALA  65,R ALA  65,0.0,0.0,0.0,-0.02200000000000024,0.0,0.0,0.5400000000000063,0.0,0.0,-0.4849999999999999,0.0,0.0,0.0,0.0,0.0,0.03300000000001546,0.0,0.0
ALA  66,R ALA  66,0.0,0.0,0.0,-0.007000000000000561,0.0,0.0,0.1560000000000059,0.0,0.0,-0.14300000000000002,0.0,0.0,0.0,0.0,0.0,0.0060000000000011156,0.0,0.0
GLN  67,R GLN  67,0.0,0.0,0.0,-0.006999999999999673,0.0,0.0,0.1530000000000058,0.0,0.0,-0.13700000000000045,0.0,0.0,0.0,0.0,0.0,0.009000000000014552,0.0,0.0
MET  68,R MET  68,0.0,0.0,0.0,-0.006999999999999673,0.0,0.0,0.2960000000000065,0.0,0.0,-0.27100000000000035,0.0,0.0,0.0,0.0,0.0,0.01800000000001578,0.0,0.0
LEU  69,R LEU  69,0.0,0.0,0.0,-0.006000000000000227,0.0,0.0,0.10599999999999454,0.0,0.0,-0.10099999999999998,0.0,0.0,0.0,0.0,0.0,-0.0010000000000047748,0.0,0.0
LYS  70,R LYS  70,0.0,0.0,0.0,-0.0030000000000001137,0.0,0.0,-5.859999999999999,0.0,0.0,5.872999999999999,0.0,0.0,0.0,0.0,0.0,0.009999999999999787,0.0,0.0
GLU  71,R GLU  71,0.0,0.0,0.0,-0.002000000000000668,0.0,0.0,5.308,0.0,0.0,-5.3219999999999885,0.0,0.0,0.0,0.0,0.0,-0.015999999999991132,0.0,0.0
THR  72,R THR  72,0.0,0.0,0.0,-0.0009999999999994458,0.0,0.0,0.03599999999999426,0.0,0.0,-0.03299999999999992,0.0,0.0,0.0,0.0,0.0,0.0019999999999882334,0.0,0.0
ILE  73,R ILE  73,0.0,0.0,0.0,-0.0010000000000012221,0.0,0.0,-0.0030000000000001137,0.0,0.0,0.0040000000000000036,0.0,0.0,0.0,0.0,0.0,-5.329070518200751e-15,0.0,0.0
ASN  74,R ASN  74,0.0,0.0,0.0,0.0,0.0,0.0,0.018000000000000682,0.0,0.0,-0.015000000000000568,0.0,0.0,0.0,0.0,0.0,0.0030000000000001137,0.0,0.0
GLU  75,R GLU  75,0.0,0.0,0.0,-0.001000000000000334,0.0,0.0,5.355000000000004,0.0,0.0,-5.349999999999994,0.0,0.0,0.0,0.0,0.0,0.0040000000000048885,0.0,0.0
GLU  76,R GLU  76,0.0,0.0,0.0,-0.0009999999999994458,0.0,0.0,5.927999999999997,0.0,0.0,-5.927999999999997,0.0,0.0,0.0,0.0,0.0,-0.000999999999990564,0.0,0.0
ALA  77,R ALA  77,0.0,0.0,0.0,0.0,0.0,0.0,-0.021000000000000796,0.0,0.0,0.020999999999999908,0.0,0.0,0.0,0.0,0.0,0.0,0.0,0.0
ALA  78,R ALA  78,0.0,0.0,0.0,0.0,0.0,0.0,-0.031999999999996476,0.0,0.0,0.03199999999999992,0.0,0.0,0.0,0.0,0.0,2.6645352591003757e-15,0.0,0.0
GLU  79,R GLU  79,0.0,0.0,0.0,-0.001000000000000334,0.0,0.0,5.484000000000002,0.0,0.0,-5.470999999999989,0.0,0.0,0.0,0.0,0.0,0.012000000000000455,0.0,0.0
TRP  80,R TRP  80,0.0,0.0,0.0,0.0,0.0,0.0,0.0,0.0,0.0,0.0,0.0,0.0,0.0,0.0,0.0,0.0,0.0,0.0
ASP  81,R ASP  81,0.0,0.0,0.0,0.0,0.0,0.0,5.140999999999998,0.0,0.0,-5.1299999999999955,0.0,0.0,0.0,0.0,0.0,0.011000000000002785,0.0,0.0
ARG  82,R ARG  82,0.0,0.0,0.0,-0.001000000000000334,0.0,0.0,-5.285,0.0,0.0,5.274000000000001,0.0,0.0,0.0,0.0,0.0,-0.012000000000000455,0.0,0.0
LEU  83,R LEU  83,0.0,0.0,0.0,-0.0009999999999994458,0.0,0.0,-0.045000000000001705,0.0,0.0,0.04699999999999993,0.0,0.0,0.0,0.0,0.0,0.0009999999999941167,0.0,0.0
HID  84,R HID  84,0.0,0.0,0.0,0.0,0.0,0.0,0.013999999999995794,0.0,0.0,-0.015000000000000568,0.0,0.0,0.0,0.0,0.0,-0.0010000000000047748,0.0,0.0
PRO  85,R PRO  85,0.0,0.0,0.0,-0.0009999999999998899,0.0,0.0,0.015999999999998238,0.0,0.0,-0.017000000000000348,0.0,0.0,0.0,0.0,0.0,-0.001999999999991786,0.0,0.0
VAL  86,R VAL  86,0.0,0.0,0.0,0.0,0.0,0.0,-0.036999999999999034,0.0,0.0,0.03699999999999992,0.0,0.0,0.0,0.0,0.0,0.0,0.0,0.0
HID  87,R HID  87,0.0,0.0,0.0,0.0,0.0,0.0,-0.007999999999995566,0.0,0.0,0.009000000000000341,0.0,0.0,0.0,0.0,0.0,0.0010000000000047748,0.0,0.0
ALA  88,R ALA  88,0.0,0.0,0.0,0.0,0.0,0.0,0.003999999999990678,0.0,0.0,-0.006000000000000227,0.0,0.0,0.0,0.0,0.0,-0.0020000000000095497,0.0,0.0
GLY  89,R GLY  89,0.0,0.0,0.0,0.0,0.0,0.0,0.03300000000000125,0.0,0.0,-0.03399999999999981,0.0,0.0,0.0,0.0,0.0,-0.0009999999999976694,0.0,0.0
PRO  90,R PRO  90,0.0,0.0,0.0,0.0,0.0,0.0,-0.021999999999998465,0.0,0.0,0.020999999999999908,0.0,0.0,0.0,0.0,0.0,-0.0009999999999976694,0.0,0.0
ILE  91,R ILE  91,0.0,0.0,0.0,0.0,0.0,0.0,-0.030000000000001137,0.0,0.0,0.030999999999999694,0.0,0.0,0.0,0.0,0.0,0.0009999999999976694,0.0,0.0
ALA  92,R ALA  92,0.0,0.0,0.0,0.0,0.0,0.0,0.04100000000001103,0.0,0.0,-0.041999999999999815,0.0,0.0,0.0,0.0,0.0,-0.000999999999990564,0.0,0.0
PRO  93,R PRO  93,0.0,0.0,0.0,0.0,0.0,0.0,0.003999999999997783,0.0,0.0,-0.004999999999999893,0.0,0.0,0.0,0.0,0.0,-0.0010000000000012221,0.0,0.0
GLY  94,R GLY  94,0.0,0.0,0.0,0.0,0.0,0.0,-0.011000000000002785,0.0,0.0,0.01100000000000012,0.0,0.0,0.0,0.0,0.0,-2.6645352591003757e-15,0.0,0.0
GLN  95,R GLN  95,0.0,0.0,0.0,0.0,0.0,0.0,0.01300000000000523,0.0,0.0,-0.0129999999999999,0.0,0.0,0.0,0.0,0.0,0.0,0.0,0.0
MET  96,R MET  96,0.0,0.0,0.0,0.0,0.0,0.0,-0.0040000000000048885,0.0,0.0,0.004999999999999005,0.0,0.0,0.0,0.0,0.0,0.0009999999999941167,0.0,0.0
ARG  97,R ARG  97,0.0,0.0,0.0,0.0,0.0,0.0,-5.084,0.0,0.0,5.0760000000000005,0.0,0.0,0.0,0.0,0.0,-0.007999999999981355,0.0,0.0
GLU  98,R GLU  98,0.0,0.0,0.0,0.0,0.0,0.0,4.855000000000004,0.0,0.0,-4.845999999999989,0.0,0.0,0.0,0.0,0.0,0.009000000000014552,0.0,0.0
PRO  99,R PRO  99,0.0,0.0,0.0,0.0,0.0,0.0,-0.03599999999999426,0.0,0.0,0.034000000000000696,0.0,0.0,0.0,0.0,0.0,-0.001999999999991786,0.0,0.0
ARG 100,R ARG 100,0.0,0.0,0.0,0.0,0.0,0.0,-5.0649999999999995,0.0,0.0,5.052,0.0,0.0,0.0,0.0,0.0,-0.01300000000000523,0.0,0.0
GLY 101,R GLY 101,0.0,0.0,0.0,0.0,0.0,0.0,0.045000000000001705,0.0,0.0,-0.04499999999999993,0.0,0.0,0.0,0.0,0.0,0.0,0.0,0.0
SER 102,R SER 102,0.0,0.0,0.0,0.0,0.0,0.0,0.02499999999999858,0.0,0.0,-0.02499999999999991,0.0,0.0,0.0,0.0,0.0,-1.3322676295501878e-15,0.0,0.0
ASP 103,R ASP 103,0.0,0.0,0.0,0.0,0.0,0.0,5.319000000000003,0.0,0.0,-5.305000000000003,0.0,0.0,0.0,0.0,0.0,0.013999999999995794,0.0,0.0
ILE 104,R ILE 104,0.0,0.0,0.0,0.0,0.0,0.0,0.045000000000001705,0.0,0.0,-0.04300000000000015,0.0,0.0,0.0,0.0,0.0,0.002000000000000668,0.0,0.0
ALA 105,R ALA 105,0.0,0.0,0.0,0.0,0.0,0.0,0.03900000000000148,0.0,0.0,-0.03900000000000001,0.0,0.0,0.0,0.0,0.0,1.5543122344752192e-15,0.0,0.0
GLY 106,R GLY 106,0.0,0.0,0.0,0.0,0.0,0.0,0.03200000000001069,0.0,0.0,-0.030999999999999694,0.0,0.0,0.0,0.0,0.0,0.0010000000000118803,0.0,0.0
THR 107,R THR 107,0.0,0.0,0.0,0.0,0.0,0.0,0.0010000000000047748,0.0,0.0,0.0,0.0,0.0,0.0,0.0,0.0,0.0010000000000047748,0.0,0.0
THR 108,R THR 108,0.0,0.0,0.0,0.0,0.0,0.0,-0.01899999999999835,0.0,0.0,0.018000000000000238,0.0,0.0,0.0,0.0,0.0,-0.0009999999999976694,0.0,0.0
SER 109,R SER 109,0.0,0.0,0.0,-0.001000000000000334,0.0,0.0,0.04399999999999693,0.0,0.0,-0.04499999999999993,0.0,0.0,0.0,0.0,0.0,-0.0020000000000077733,0.0,0.0
THR 110,R THR 110,0.0,0.0,0.0,0.0,0.0,0.0,-0.030999999999998806,0.0,0.0,0.029000000000000803,0.0,0.0,0.0,0.0,0.0,-0.001999999999997115,0.0,0.0
LEU 111,R LEU 111,0.0,0.0,0.0,-0.0009999999999994458,0.0,0.0,-0.04200000000000159,0.0,0.0,0.03799999999999981,0.0,0.0,0.0,0.0,0.0,-0.0049999999999919,0.0,0.0
GLN 112,R GLN 112,0.0,0.0,0.0,-0.001000000000000334,0.0,0.0,-0.06199999999999761,0.0,0.0,0.06199999999999939,0.0,0.0,0.0,0.0,0.0,-0.000999999999990564,0.0,0.0
GLU 113,R GLU 113,0.0,0.0,0.0,0.0,0.0,0.0,5.26700000000001,0.0,0.0,-5.244,0.0,0.0,0.0,0.0,0.0,0.023000000000010346,0.0,0.0
GLN 114,R GLN 114,0.0,0.0,0.0,0.0,0.0,0.0,0.036000000000001364,0.0,0.0,-0.035999999999999976,0.0,0.0,0.0,0.0,0.0,0.0,0.0,0.0
ILE 115,R ILE 115,0.0,0.0,0.0,0.0,0.0,0.0,-0.0049999999999954525,0.0,0.0,0.0040000000000000036,0.0,0.0,0.0,0.0,0.0,-0.0009999999999950049,0.0,0.0
GLY 116,R GLY 116,0.0,0.0,0.0,0.0,0.0,0.0,-0.0040000000000048885,0.0,0.0,0.0049999999999999975,0.0,0.0,0.0,0.0,0.0,0.0009999999999950049,0.0,0.0
TRP 117,R TRP 117,0.0,0.0,0.0,0.0,0.0,0.0,0.012999999999991019,0.0,0.0,-0.01100000000000012,0.0,0.0,0.0,0.0,0.0,0.001999999999991786,0.0,0.0
MET 118,R MET 118,0.0,0.0,0.0,0.0,0.0,0.0,0.03100000000000591,0.0,0.0,-0.029999999999999805,0.0,0.0,0.0,0.0,0.0,0.0010000000000061071,0.0,0.0
THR 119,R THR 119,0.0,0.0,0.0,0.0,0.0,0.0,0.017000000000003013,0.0,0.0,-0.015000000000000124,0.0,0.0,0.0,0.0,0.0,0.0020000000000024443,0.0,0.0
HID 120,R HID 120,0.0,0.0,0.0,0.0,0.0,0.0,0.026000000000003354,0.0,0.0,-0.0259999999999998,0.0,0.0,0.0,0.0,0.0,3.552713678800501e-15,0.0,0.0
ASN 121,R ASN 121,0.0,0.0,0.0,0.0,0.0,0.0,-0.07299999999999329,0.0,0.0,0.07199999999999918,0.0,0.0,0.0,0.0,0.0,-0.000999999999990564,0.0,0.0
PRO 122,R PRO 122,0.0,0.0,0.0,0.0,0.0,0.0,-0.01300000000000523,0.0,0.0,0.011999999999999567,0.0,0.0,0.0,0.0,0.0,-0.0010000000000047748,0.0,0.0
PRO 123,R PRO 123,0.0,0.0,0.0,0.0,0.0,0.0,-0.0030000000000001137,0.0,0.0,0.0030000000000001137,0.0,0.0,0.0,0.0,0.0,0.0,0.0,0.0
ILE 124,R ILE 124,0.0,0.0,0.0,0.0,0.0,0.0,-0.0030000000000001137,0.0,0.0,0.0059999999999999915,0.0,0.0,0.0,0.0,0.0,0.0030000000000001137,0.0,0.0
PRO 125,R PRO 125,0.0,0.0,0.0,0.0,0.0,0.0,0.02200000000000557,0.0,0.0,-0.025999999999999912,0.0,0.0,0.0,0.0,0.0,-0.00399999999999423,0.0,0.0
VAL 126,R VAL 126,0.0,0.0,0.0,0.0,0.0,0.0,0.032999999999994145,0.0,0.0,-0.034,0.0,0.0,0.0,0.0,0.0,-0.0010000000000047748,0.0,0.0
GLY 127,R GLY 127,0.0,0.0,0.0,0.0,0.0,0.0,0.021000000000000796,0.0,0.0,-0.02400000000000002,0.0,0.0,0.0,0.0,0.0,-0.0029999999999992255,0.0,0.0
GLU 128,R GLU 128,0.0,0.0,0.0,-0.001000000000000334,0.0,0.0,6.685000000000002,0.0,0.0,-6.678000000000004,0.0,0.0,0.0,0.0,0.0,0.005999999999993122,0.0,0.0
ILE 129,R ILE 129,0.0,0.0,0.0,0.0,0.0,0.0,0.06400000000000006,0.0,0.0,-0.067,0.0,0.0,0.0,0.0,0.0,-0.0030000000000001137,0.0,0.0
TYR 130,R TYR 130,0.0,0.0,0.0,-0.0010000000000012221,0.0,0.0,-0.0020000000000095497,0.0,0.0,0.0010000000000000009,0.0,0.0,0.0,0.0,0.0,-0.0020000000000148788,0.0,0.0
LYS 131,R LYS 131,0.0,0.0,0.0,-0.0019999999999988916,0.0,0.0,-6.788000000000011,0.0,0.0,6.777999999999999,0.0,0.0,0.0,0.0,0.0,-0.012000000000021771,0.0,0.0
ARG 132,R ARG 132,0.0,0.0,0.0,-0.002000000000000668,0.0,0.0,-6.93,0.0,0.0,6.93,0.0,0.0,0.0,0.0,0.0,-0.001999999999981128,0.0,0.0
TRP 133,R TRP 133,0.0,0.0,0.0,-0.0010000000000012221,0.0,0.0,0.01999999999999602,0.0,0.0,-0.018000000000000016,0.0,0.0,0.0,0.0,0.0,0.0010000000000047748,0.0,0.0
ILE 134,R ILE 134,0.0,0.0,0.0,-0.0030000000000001137,0.0,0.0,-0.000999999999990564,0.0,0.0,-0.0030000000000000027,0.0,0.0,0.0,0.0,0.0,-0.006999999999990791,0.0,0.0
ILE 135,R ILE 135,0.0,0.0,0.0,-0.0039999999999995595,0.0,0.0,0.057999999999992724,0.0,0.0,-0.057999999999999996,0.0,0.0,0.0,0.0,0.0,-0.004000000000011994,0.0,0.0
LEU 136,R LEU 136,0.0,0.0,0.0,-0.0019999999999997797,0.0,0.0,0.09900000000000375,0.0,0.0,-0.09800000000000009,0.0,0.0,0.0,0.0,0.0,-0.0009999999999994458,0.0,0.0
GLY 137,R GLY 137,0.0,0.0,0.0,-0.0030000000000001137,0.0,0.0,-0.04000000000000625,0.0,0.0,0.026000000000000023,0.0,0.0,0.0,0.0,0.0,-0.017000000000006565,0.0,0.0
LEU 138,R LEU 138,0.0,0.0,0.0,-0.013999999999999346,0.0,0.0,0.0040000000000048885,0.0,0.0,-0.017999999999999995,0.0,0.0,0.0,0.0,0.0,-0.027999999999996916,0.0,0.0
ASN 139,R ASN 139,0.0,0.0,0.0,-0.008000000000000007,0.0,0.0,0.5619999999999976,0.0,0.0,-0.5510000000000002,0.0,0.0,0.0,0.0,0.0,0.0029999999999930083,0.0,0.0
LYS 140,R LYS 140,0.0,0.0,0.0,-0.008000000000000007,0.0,0.0,-5.796999999999997,0.0,0.0,5.818999999999999,0.0,0.0,0.0,0.0,0.0,0.014000000000020663,0.0,0.0
ILE 141,R ILE 141,0.0,0.0,0.0,-0.036999999999999034,0.0,0.0,0.14099999999999113,0.0,0.0,-0.13800000000000007,0.0,0.0,0.0,0.0,0.0,-0.03400000000001491,0.0,0.0
VAL 142,R VAL 142,0.0,0.0,0.0,-0.05200000000000138,0.0,0.0,0.16199999999999903,0.0,0.0,-0.15399999999999991,0.0,0.0,0.0,0.0,0.0,-0.04400000000000048,0.0,0.0
ARG 143,R ARG 143,0.0,0.0,0.0,-0.019000000000000128,0.0,0.0,-10.253,0.0,0.0,10.153000000000002,0.0,0.0,0.0,0.0,0.0,-0.11899999999999977,0.0,0.0
MET 144,R MET 144,0.0,0.0,0.0,-0.02400000000000002,0.0,0.0,0.3689999999999998,0.0,0.0,-0.3150000000000004,0.0,0.0,0.0,0.0,0.0,0.030000000000012683,0.0,0.0
TYR 145,R TYR 145,0.0,0.0,0.0,-0.5790000000000006,0.0,0.0,3.8389999999999986,0.0,0.0,-1.0739999999999998,0.0,0.0,0.0,0.0,0.0,2.185999999999991,0.0,0.0
SER 146,R SER 146,0.0,0.0,0.0,-0.3049999999999997,0.0,0.0,0.9919999999999973,0.0,0.0,-0.6789999999999994,0.0,0.0,0.0,0.0,0.0,0.007999999999990237,0.0,0.0
PRO 147,R PRO 147,0.0,0.0,0.0,-2.9279999999999995,0.0,0.0,6.261000000000003,0.0,0.0,-4.331,0.0,0.0,0.0,0.0,0.0,-0.997999999999994,0.0,0.0
THR 148,R THR 148,0.0,0.0,0.0,-1.767,0.0,0.0,-1.7439999999999998,0.0,0.0,3.4459999999999997,0.0,0.0,0.0,0.0,0.0,-0.06500000000000306,0.0,0.0
SER 149,R SER 149,0.0,0.0,0.0,-1.3110000000000002,0.0,0.0,-14.000999999999998,0.0,0.0,11.902000000000001,0.0,0.0,0.0,0.0,0.0,-3.4100000000000037,0.0,0.0
ILE 150,R ILE 150,19.006,0.0,0.0,-8.455,0.0,0.0,-26.772000000000002,0.0,0.0,6.045,0.0,0.0,0.0,0.0,0.0,-10.17600000000001,0.0,0.0
LEU 151,L LEU   1,20.045,0.0,0.0,-2.1550000000000002,0.0,0.0,-24.659000000000006,0.0,0.0,1.435,0.0,0.0,0.0,0.0,0.0,-5.334000000000007,0.0,0.0
ASP 152,L ASP   2,0.0,0.0,0.0,-0.3490000000000002,0.0,0.0,-0.894999999999996,0.0,0.0,0.9260000000000019,0.0,0.0,0.0,0.0,0.0,-0.31799999999999784,0.0,0.0
ILE 153,L ILE   3,0.0,0.0,0.0,-1.8809999999999993,0.0,0.0,-0.25,0.0,0.0,0.546,0.0,0.0,0.0,0.0,0.0,-1.5850000000000009,0.0,0.0
ARG 154,L ARG   4,0.0,0.0,0.0,-0.24099999999999966,0.0,0.0,-11.068,0.0,0.0,10.402999999999999,0.0,0.0,0.0,0.0,0.0,-0.9059999999999775,0.0,0.0
GLN 155,L GLN   5,0.0,0.0,0.0,-0.027000000000001023,0.0,0.0,0.05700000000000216,0.0,0.0,-0.03300000000000036,0.0,0.0,0.0,0.0,0.0,-0.0030000000000001137,0.0,0.0
GLY 156,L GLY   6,0.0,0.0,0.0,-0.005999999999999783,0.0,0.0,0.024999999999991473,0.0,0.0,-0.020000000000000018,0.0,0.0,0.0,0.0,0.0,-0.001000000000010104,0.0,0.0
PRO 157,L PRO   7,0.0,0.0,0.0,-0.0040000000000000036,0.0,0.0,-0.0519999999999996,0.0,0.0,0.052999999999999936,0.0,0.0,0.0,0.0,0.0,-0.0030000000000036664,0.0,0.0
LYS 158,L LYS   8,0.0,0.0,0.0,-0.004999999999999893,0.0,0.0,-6.9809999999999945,0.0,0.0,7.053000000000001,0.0,0.0,0.0,0.0,0.0,0.06699999999999662,0.0,0.0
GLU 159,L GLU   9,0.0,0.0,0.0,-0.022999999999999687,0.0,0.0,9.543999999999997,0.0,0.0,-9.753,0.0,0.0,0.0,0.0,0.0,-0.23199999999999932,0.0,0.0
PRO 160,L PRO  10,0.0,0.0,0.0,-0.009999999999999787,0.0,0.0,0.26600000000000534,0.0,0.0,-0.27900000000000036,0.0,0.0,0.0,0.0,0.0,-0.022999999999985477,0.0,0.0
PHE 161,L PHE  11,0.0,0.0,0.0,-0.014000000000001123,0.0,0.0,0.3259999999999934,0.0,0.0,-0.33299999999999974,0.0,0.0,0.0,0.0,0.0,-0.021000000000015007,0.0,0.0
ARG 162,L ARG  12,0.0,0.0,0.0,-0.021000000000000796,0.0,0.0,-8.817999999999998,0.0,0.0,8.844000000000001,0.0,0.0,0.0,0.0,0.0,0.005000000000023874,0.0,0.0
ASP 163,L ASP  13,0.0,0.0,0.0,-0.03500000000000014,0.0,0.0,10.329999999999998,0.0,0.0,-10.462999999999994,0.0,0.0,0.0,0.0,0.0,-0.16800000000000637,0.0,0.0
TYR 164,L TYR  14,0.0,0.0,0.0,-0.18599999999999994,0.0,0.0,0.5289999999999964,0.0,0.0,-0.629,0.0,0.0,0.0,0.0,0.0,-0.28599999999999604,0.0,0.0
VAL 165,L VAL  15,0.0,0.0,0.0,-0.06099999999999994,0.0,0.0,0.4930000000000021,0.0,0.0,-0.5270000000000001,0.0,0.0,0.0,0.0,0.0,-0.09499999999999886,0.0,0.0
ASP 166,L ASP  16,0.0,0.0,0.0,-0.12300000000000022,0.0,0.0,15.970999999999997,0.0,0.0,-16.036999999999992,0.0,0.0,0.0,0.0,0.0,-0.18899999999998585,0.0,0.0
ARG 167,L ARG  17,0.0,0.0,0.0,-0.40200000000000014,0.0,0.0,-10.529,0.0,0.0,10.681000000000001,0.0,0.0,0.0,0.0,0.0,-0.24999999999997158,0.0,0.0
PHE 168,L PHE  18,0.0,0.0,0.0,-0.9099999999999984,0.0,0.0,-0.4479999999999933,0.0,0.0,0.8260000000000001,0.0,0.0,0.0,0.0,0.0,-0.532000000000004,0.0,0.0
TYR 169,L TYR  19,0.0,0.0,0.0,-0.8060000000000009,0.0,0.0,0.6689999999999969,0.0,0.0,-0.3149999999999997,0.0,0.0,0.0,0.0,0.0,-0.45199999999999996,0.0,0.0
LYS 170,L LYS  20,0.0,0.0,0.0,-2.578999999999999,0.0,0.0,-4.096000000000004,0.0,0.0,8.881000000000004,0.0,0.0,0.0,0.0,0.0,2.2059999999999924,0.0,0.0
THR 171,L THR  21,0.0,0.0,0.0,-3.1340000000000003,0.0,0.0,0.3269999999999982,0.0,0.0,0.5059999999999998,0.0,0.0,0.0,0.0,0.0,-2.301000000000002,0.0,0.0
LEU 172,L LEU  22,0.0,0.0,0.0,-1.2729999999999997,0.0,0.0,-0.5250000000000057,0.0,0.0,0.5270000000000001,0.0,0.0,0.0,0.0,0.0,-1.2710000000000026,0.0,0.0
ARG 173,L ARG  23,0.0,0.0,0.0,-4.962999999999999,0.0,0.0,-47.122,0.0,0.0,39.082,0.0,0.0,0.0,0.0,0.0,-13.002999999999986,0.0,0.0
ALA 174,L ALA  24,0.0,0.0,0.0,-2.5380000000000003,0.0,0.0,-0.7860000000000014,0.0,0.0,1.6830000000000003,0.0,0.0,0.0,0.0,0.0,-1.641000000000012,0.0,0.0
GLU 175,L GLU  25,0.0,0.0,0.0,-1.468,0.0,0.0,9.690999999999995,0.0,0.0,-8.195999999999998,0.0,0.0,0.0,0.0,0.0,0.026999999999993918,0.0,0.0
GLN 176,L GLN  26,0.0,0.0,0.0,-2.4370000000000003,0.0,0.0,-8.614999999999995,0.0,0.0,7.452,0.0,0.0,0.0,0.0,0.0,-3.5999999999999943,0.0,0.0
ALA 177,L ALA  27,0.0,0.0,0.0,-0.1349999999999998,0.0,0.0,0.9830000000000041,0.0,0.0,-0.9180000000000001,0.0,0.0,0.0,0.0,0.0,-0.06999999999998607,0.0,0.0
SER 178,L SER  28,0.0,0.0,0.0,-0.051000000000000156,0.0,0.0,0.45700000000000074,0.0,0.0,-0.4209999999999994,0.0,0.0,0.0,0.0,0.0,-0.015000000000000568,0.0,0.0
GLN 179,L GLN  29,0.0,0.0,0.0,-0.1070000000000002,0.0,0.0,-1.516999999999996,0.0,0.0,1.477999999999998,0.0,0.0,0.0,0.0,0.0,-0.1459999999999937,0.0,0.0
GLU 180,L GLU  30,0.0,0.0,0.0,-0.014000000000000234,0.0,0.0,6.465000000000003,0.0,0.0,-6.478999999999999,0.0,0.0,0.0,0.0,0.0,-0.028000000000005798,0.0,0.0
VAL 181,L VAL  31,0.0,0.0,0.0,-0.04400000000000048,0.0,0.0,-0.1670000000000016,0.0,0.0,0.16800000000000015,0.0,0.0,0.0,0.0,0.0,-0.04300000000000548,0.0,0.0
LYS 182,L LYS  32,0.0,0.0,0.0,-0.09600000000000009,0.0,0.0,-14.37100000000001,0.0,0.0,14.182,0.0,0.0,0.0,0.0,0.0,-0.2850000000000126,0.0,0.0
ASN 183,L ASN  33,0.0,0.0,0.0,-0.015000000000000568,0.0,0.0,0.6100000000000136,0.0,0.0,-0.5960000000000001,0.0,0.0,0.0,0.0,0.0,-0.0009999999999763531,0.0,0.0
TRP 184,L TRP  34,0.0,0.0,0.0,-0.036000000000001364,0.0,0.0,0.09499999999999886,0.0,0.0,-0.09499999999999975,0.0,0.0,0.0,0.0,0.0,-0.03600000000000492,0.0,0.0
MET 185,L MET  35,0.0,0.0,0.0,-0.7080000000000002,0.0,0.0,0.03100000000000591,0.0,0.0,0.19299999999999998,0.0,0.0,0.0,0.0,0.0,-0.48399999999999244,0.0,0.0
THR 186,L THR  36,0.0,0.0,0.0,-0.02400000000000002,0.0,0.0,0.1729999999999947,0.0,0.0,-0.17599999999999993,0.0,0.0,0.0,0.0,0.0,-0.02700000000000813,0.0,0.0
GLU 187,L GLU  37,0.0,0.0,0.0,-0.007000000000000561,0.0,0.0,6.365000000000002,0.0,0.0,-6.381999999999991,0.0,0.0,0.0,0.0,0.0,-0.023999999999993804,0.0,0.0
THR 188,L THR  38,0.0,0.0,0.0,-0.016000000000000014,0.0,0.0,0.026000000000003354,0.0,0.0,-0.03599999999999992,0.0,0.0,0.0,0.0,0.0,-0.026000000000001577,0.0,0.0
LEU 189,L LEU  39,0.0,0.0,0.0,-0.6240000000000006,0.0,0.0,-0.08100000000000307,0.0,0.0,0.027000000000000024,0.0,0.0,0.0,0.0,0.0,-0.6780000000000044,0.0,0.0
LEU 190,L LEU  40,0.0,0.0,0.0,-0.08300000000000018,0.0,0.0,0.10299999999999443,0.0,0.0,-0.09499999999999997,0.0,0.0,0.0,0.0,0.0,-0.07500000000000373,0.0,0.0
VAL 191,L VAL  41,0.0,0.0,0.0,-0.0129999999999999,0.0,0.0,0.06700000000000017,0.0,0.0,-0.075,0.0,0.0,0.0,0.0,0.0,-0.02099999999999902,0.0,0.0
GLN 192,L GLN  42,0.0,0.0,0.0,-0.019999999999999574,0.0,0.0,-0.11199999999999477,0.0,0.0,0.076,0.0,0.0,0.0,0.0,0.0,-0.055999999999997385,0.0,0.0
ASN 193,L ASN  43,0.0,0.0,0.0,-0.375,0.0,0.0,-1.7120000000000033,0.0,0.0,1.1389999999999998,0.0,0.0,0.0,0.0,0.0,-0.9480000000000075,0.0,0.0
ALA 194,L ALA  44,0.0,0.0,0.0,-0.01100000000000012,0.0,0.0,0.06699999999999307,0.0,0.0,-0.05300000000000016,0.0,0.0,0.0,0.0,0.0,0.002999999999997449,0.0,0.0
ASN 195,L ASN  45,0.0,0.0,0.0,-0.004999999999999893,0.0,0.0,0.014000000000010004,0.0,0.0,-0.006999999999999673,0.0,0.0,0.0,0.0,0.0,0.0020000000000095497,0.0,0.0
PRO 196,L PRO  46,0.0,0.0,0.0,-0.0030000000000001137,0.0,0.0,-0.04299999999999926,0.0,0.0,0.041,0.0,0.0,0.0,0.0,0.0,-0.005000000000000782,0.0,0.0
ASP 197,L ASP  47,0.0,0.0,0.0,-0.001000000000000334,0.0,0.0,6.376999999999995,0.0,0.0,-6.448999999999998,0.0,0.0,0.0,0.0,0.0,-0.0730000000000075,0.0,0.0
CYX 198,L CYX  48,0.0,0.0,0.0,-0.002000000000000668,0.0,0.0,-0.1529999999999916,0.0,0.0,0.15600000000000014,0.0,0.0,0.0,0.0,0.0,0.0010000000000136566,0.0,0.0
LYS 199,L LYS  49,0.0,0.0,0.0,-0.005000000000000782,0.0,0.0,-7.400999999999996,0.0,0.0,7.436,0.0,0.0,0.0,0.0,0.0,0.030000000000008242,0.0,0.0
THR 200,L THR  50,0.0,0.0,0.0,-0.0009999999999994458,0.0,0.0,-0.07900000000000773,0.0,0.0,0.08200000000000007,0.0,0.0,0.0,0.0,0.0,0.001999999999995339,0.0,0.0
ILE 201,L ILE  51,0.0,0.0,0.0,-0.001000000000000334,0.0,0.0,-0.11899999999999977,0.0,0.0,0.119,0.0,0.0,0.0,0.0,0.0,-0.0010000000000047748,0.0,0.0
LEU 202,L LEU  52,0.0,0.0,0.0,-0.0030000000000001137,0.0,0.0,-0.13300000000000978,0.0,0.0,0.13600000000000012,0.0,0.0,0.0,0.0,0.0,-9.769962616701378e-15,0.0,0.0
LYS 203,L LYS  53,0.0,0.0,0.0,-0.0009999999999994458,0.0,0.0,-6.125,0.0,0.0,6.187000000000001,0.0,0.0,0.0,0.0,0.0,0.06099999999999639,0.0,0.0
ALA 204,L ALA  54,0.0,0.0,0.0,-0.0009999999999998899,0.0,0.0,-0.06799999999999784,0.0,0.0,0.06900000000000084,0.0,0.0,0.0,0.0,0.0,-1.7763568394002505e-15,0.0,0.0
LEU 205,L LEU  55,0.0,0.0,0.0,-0.001000000000000334,0.0,0.0,-0.10800000000000409,0.0,0.0,0.10500000000000043,0.0,0.0,0.0,0.0,0.0,-0.004000000000008441,0.0,0.0
GLY 206,L GLY  56,0.0,0.0,0.0,0.0,0.0,0.0,0.07000000000000739,0.0,0.0,-0.06700000000000106,0.0,0.0,0.0,0.0,0.0,0.003000000000006331,0.0,0.0
PRO 207,L PRO  57,0.0,0.0,0.0,-0.0009999999999998899,0.0,0.0,-0.10799999999999699,0.0,0.0,0.10000000000000053,0.0,0.0,0.0,0.0,0.0,-0.00899999999998613,0.0,0.0
GLY 208,L GLY  58,0.0,0.0,0.0,-0.0009999999999998899,0.0,0.0,-0.015000000000000568,0.0,0.0,0.01100000000000012,0.0,0.0,0.0,0.0,0.0,-0.0050000000000052225,0.0,0.0
ALA 209,L ALA  59,0.0,0.0,0.0,-0.002000000000000668,0.0,0.0,0.15900000000000603,0.0,0.0,-0.154,0.0,0.0,0.0,0.0,0.0,0.003000000000010772,0.0,0.0
THR 210,L THR  60,0.0,0.0,0.0,-0.0030000000000001137,0.0,0.0,-0.125,0.0,0.0,0.12199999999999989,0.0,0.0,0.0,0.0,0.0,-0.006000000000000227,0.0,0.0
LEU 211,L LEU  61,0.0,0.0,0.0,-0.009999999999999787,0.0,0.0,-0.18900000000000716,0.0,0.0,0.18199999999999994,0.0,0.0,0.0,0.0,0.0,-0.01700000000000479,0.0,0.0
GLU 212,L GLU  62,0.0,0.0,0.0,-0.004999999999999893,0.0,0.0,8.107,0.0,0.0,-8.135999999999996,0.0,0.0,0.0,0.0,0.0,-0.033999999999991815,0.0,0.0
GLU 213,L GLU  63,0.0,0.0,0.0,-0.0019999999999997797,0.0,0.0,5.850000000000001,0.0,0.0,-5.917999999999992,0.0,0.0,0.0,0.0,0.0,-0.06999999999998607,0.0,0.0
MET 214,L MET  64,0.0,0.0,0.0,-0.004000000000001336,0.0,0.0,-0.16799999999999216,0.0,0.0,0.165,0.0,0.0,0.0,0.0,0.0,-0.00699999999998191,0.0,0.0
MET 215,L MET  65,0.0,0.0,0.0,-0.006000000000000227,0.0,0.0,-0.17599999999998772,0.0,0.0,0.17100000000000004,0.0,0.0,0.0,0.0,0.0,-0.010999999999987686,0.0,0.0
THR 216,L THR  66,0.0,0.0,0.0,-0.001000000000000334,0.0,0.0,-0.07200000000000273,0.0,0.0,0.07299999999999995,0.0,0.0,0.0,0.0,0.0,-3.552713678800501e-15,0.0,0.0
ALA 217,L ALA  67,0.0,0.0,0.0,-0.0009999999999994458,0.0,0.0,-0.08299999999999841,0.0,0.0,0.08200000000000002,0.0,0.0,0.0,0.0,0.0,-0.0019999999999891216,0.0,0.0
CYX 218,L CYX  68,0.0,0.0,0.0,-0.002000000000000668,0.0,0.0,0.009000000000000341,0.0,0.0,-0.01200000000000001,0.0,0.0,0.0,0.0,0.0,-0.0049999999999950084,0.0,0.0
GLN 219,L GLN  69,0.0,0.0,0.0,-0.0019999999999997797,0.0,0.0,0.04600000000000648,0.0,0.0,-0.04400000000000048,0.0,0.0,0.0,0.0,0.0,0.0,0.0,0.0
GLY 220,L GLY  70,0.0,0.0,0.0,-0.002000000000000224,0.0,0.0,-0.08299999999999841,0.0,0.0,0.08400000000000052,0.0,0.0,0.0,0.0,0.0,-0.0009999999999932285,0.0,0.0
VAL 221,L VAL  71,0.0,0.0,0.0,-0.0040000000000000036,0.0,0.0,8.396999999999998,0.0,0.0,-8.437999999999988,0.0,0.0,0.0,0.0,0.0,-0.044999999999987494,0.0,0.0

