| Run on Thu Jan 29 17:42:46 2026
| GB non-polar solvation energies calculated with gbsa=2
idecomp = 1: Per-residue decomp adding 1-4 interactions to Internal.
Energy Decomposition Analysis (All units kcal/mol): Generalized Born solvent
Complex:
Total Energy Decomposition:
Residue,Internal,,,van der Waals,,,Electrostatic,,,Polar Solvation,,,Non-Polar Solv.,,,TOTAL,,
,Avg.,Std. Dev.,Std. Err. of Mean,Avg.,Std. Dev.,Std. Err. of Mean,Avg.,Std. Dev.,Std. Err. of Mean,Avg.,Std. Dev.,Std. Err. of Mean,Avg.,Std. Dev.,Std. Err. of Mean,Avg.,Std. Dev.,Std. Err. of Mean
PRO   1,103.241,0.0,0.0,-5.644,0.0,0.0,-119.733,0.0,0.0,13.759,0.0,0.0,0.23976996,0.0,0.0,-8.13723004000001,0.0,0.0
ILE   2,88.36,0.0,0.0,-8.0,0.0,0.0,-62.362,0.0,0.0,-4.821,0.0,0.0,0.14516928,0.0,0.0,13.322169279999997,0.0,0.0
VAL   3,52.761,0.0,0.0,-4.983,0.0,0.0,-58.804,0.0,0.0,-0.934,0.0,0.0,0.36275518,0.0,0.0,-11.597244819999995,0.0,0.0
GLN   4,24.679,0.0,0.0,-5.736,0.0,0.0,-61.624,0.0,0.0,-13.987,0.0,0.0,0.7825667,0.0,0.0,-55.88543330000001,0.0,0.0
ASN   5,30.646,0.0,0.0,-5.311,0.0,0.0,-85.154,0.0,0.0,-13.087,0.0,0.0,0.44306332,0.0,0.0,-72.46293668,0.0,0.0
LEU   6,70.712,0.0,0.0,-2.226,0.0,0.0,-71.422,0.0,0.0,-6.914,0.0,0.0,1.0361143,0.0,0.0,-8.813885699999993,0.0,0.0
GLN   7,39.584,0.0,0.0,-4.088,0.0,0.0,-75.546,0.0,0.0,-18.211,0.0,0.0,0.93616408,0.0,0.0,-57.324835920000005,0.0,0.0
GLY   8,79.468,0.0,0.0,-2.133,0.0,0.0,-70.071,0.0,0.0,-9.125,0.0,0.0,0.39271152000000004,0.0,0.0,-1.46828847999999,0.0,0.0
GLN   9,36.077,0.0,0.0,-4.693,0.0,0.0,-71.607,0.0,0.0,-14.476,0.0,0.0,0.78845282,0.0,0.0,-53.910547179999995,0.0,0.0
MET  10,103.248,0.0,0.0,-8.646,0.0,0.0,-81.307,0.0,0.0,-4.618,0.0,0.0,0.26305428000000003,0.0,0.0,8.940054280000002,0.0,0.0
VAL  11,59.453,0.0,0.0,-6.3,0.0,0.0,-57.387,0.0,0.0,-1.935,0.0,0.0,0.26225212000000003,0.0,0.0,-5.906747879999995,0.0,0.0
HID  12,90.71,0.0,0.0,-11.456,0.0,0.0,-62.465,0.0,0.0,-9.042,0.0,0.0,0.13921812,0.0,0.0,7.886218119999987,0.0,0.0
GLN  13,37.063,0.0,0.0,-5.824,0.0,0.0,-74.559,0.0,0.0,-11.427,0.0,0.0,0.60098586,0.0,0.0,-54.14601413999999,0.0,0.0
ALA  14,93.334,0.0,0.0,-3.54,0.0,0.0,-77.225,0.0,0.0,-4.663,0.0,0.0,0.5067212200000001,0.0,0.0,8.412721220000002,0.0,0.0
ILE  15,90.86,0.0,0.0,-5.895,0.0,0.0,-69.514,0.0,0.0,-5.772,0.0,0.0,0.14496332,0.0,0.0,9.823963320000008,0.0,0.0
SER  16,70.338,0.0,0.0,-4.625,0.0,0.0,-50.304,0.0,0.0,-7.332,0.0,0.0,0.27505958,0.0,0.0,8.352059579999992,0.0,0.0
PRO  17,89.711,0.0,0.0,-4.151,0.0,0.0,-59.413,0.0,0.0,-5.076,0.0,0.0,0.6000915600000001,0.0,0.0,21.671091560000004,0.0,0.0
ARG  18,-179.271,0.0,0.0,-6.108,0.0,0.0,62.924,0.0,0.0,-50.144,0.0,0.0,1.14067694,0.0,0.0,-171.45832306,0.0,0.0
THR  19,42.011,0.0,0.0,-7.492,0.0,0.0,-51.444,0.0,0.0,-4.443,0.0,0.0,0.19191136000000003,0.0,0.0,-21.176088639999996,0.0,0.0
LEU  20,66.203,0.0,0.0,-9.419,0.0,0.0,-59.19,0.0,0.0,-4.682,0.0,0.0,0.3799149,0.0,0.0,-6.708085099999992,0.0,0.0
ASN  21,31.054,0.0,0.0,-7.348,0.0,0.0,-80.194,0.0,0.0,-20.112,0.0,0.0,0.5594795,0.0,0.0,-76.0405205,0.0,0.0
ALA  22,96.078,0.0,0.0,-5.941,0.0,0.0,-82.742,0.0,0.0,-2.772,0.0,0.0,0.21156428000000002,0.0,0.0,4.834564279999996,0.0,0.0
TRP  23,130.038,0.0,0.0,-17.622,0.0,0.0,-94.524,0.0,0.0,-4.72,0.0,0.0,0.02381006,0.0,0.0,13.195810060000012,0.0,0.0
VAL  24,64.73,0.0,0.0,-7.851,0.0,0.0,-57.867,0.0,0.0,-3.196,0.0,0.0,0.28275598,0.0,0.0,-3.901244019999992,0.0,0.0
LYS  25,129.935,0.0,0.0,-8.569,0.0,0.0,-120.749,0.0,0.0,-20.33,0.0,0.0,0.49026610000000004,0.0,0.0,-19.222733899999994,0.0,0.0
VAL  26,63.31,0.0,0.0,-10.112,0.0,0.0,-62.862,0.0,0.0,-3.598,0.0,0.0,0.03778824000000001,0.0,0.0,-13.224211760000001,0.0,0.0
VAL  27,45.555,0.0,0.0,-8.891,0.0,0.0,-47.993,0.0,0.0,-2.769,0.0,0.0,0.02608646,0.0,0.0,-14.07191354,0.0,0.0
GLU  28,98.749,0.0,0.0,-6.771,0.0,0.0,-50.824,0.0,0.0,-88.819,0.0,0.0,0.54672082,0.0,0.0,-47.11827918000001,0.0,0.0
GLU  29,106.226,0.0,0.0,-5.564,0.0,0.0,-107.117,0.0,0.0,-42.094,0.0,0.0,0.6147906000000001,0.0,0.0,-47.9342094,0.0,0.0
LYS  30,115.002,0.0,0.0,-7.56,0.0,0.0,-86.654,0.0,0.0,-37.582,0.0,0.0,0.48424448,0.0,0.0,-16.309755520000003,0.0,0.0
ALA  31,88.733,0.0,0.0,-4.097,0.0,0.0,-76.419,0.0,0.0,-4.813,0.0,0.0,0.33814838,0.0,0.0,3.742148380000013,0.0,0.0
PHE  32,106.719,0.0,0.0,-12.612,0.0,0.0,-78.364,0.0,0.0,-6.666,0.0,0.0,0.06829742000000001,0.0,0.0,9.145297419999995,0.0,0.0
SER  33,87.401,0.0,0.0,-6.991,0.0,0.0,-63.5,0.0,0.0,-7.464,0.0,0.0,0.20882718000000003,0.0,0.0,9.654827179999996,0.0,0.0
PRO  34,75.213,0.0,0.0,-8.946,0.0,0.0,-55.943,0.0,0.0,-2.983,0.0,0.0,0.03540344,0.0,0.0,7.376403439999997,0.0,0.0
GLU  35,107.833,0.0,0.0,-7.209,0.0,0.0,-148.468,0.0,0.0,-8.096,0.0,0.0,0.28335218,0.0,0.0,-55.656647819999996,0.0,0.0
VAL  36,58.621,0.0,0.0,-9.804,0.0,0.0,-56.854,0.0,0.0,-0.521,0.0,0.0,0.0,0.0,0.0,-8.558,0.0,0.0
ILE  37,86.074,0.0,0.0,-9.961,0.0,0.0,-60.142,0.0,0.0,-1.657,0.0,0.0,0.12057874,0.0,0.0,14.434578739999996,0.0,0.0
PRO  38,82.446,0.0,0.0,-6.597,0.0,0.0,-59.409,0.0,0.0,-3.037,0.0,0.0,0.41038614,0.0,0.0,13.813386140000006,0.0,0.0
MET  39,89.197,0.0,0.0,-10.231,0.0,0.0,-73.594,0.0,0.0,-1.423,0.0,0.0,0.30776386,0.0,0.0,4.256763860000014,0.0,0.0
PHE  40,104.032,0.0,0.0,-13.098,0.0,0.0,-83.802,0.0,0.0,-1.433,0.0,0.0,0.00503518,0.0,0.0,5.704035179999991,0.0,0.0
SER  41,77.641,0.0,0.0,-6.994,0.0,0.0,-64.991,0.0,0.0,-6.453,0.0,0.0,0.14462728000000002,0.0,0.0,-0.6523727199999944,0.0,0.0
ALA  42,86.147,0.0,0.0,-5.067,0.0,0.0,-64.59,0.0,0.0,-7.48,0.0,0.0,0.44464596,0.0,0.0,9.45464596000001,0.0,0.0
LEU  43,83.74,0.0,0.0,-10.303,0.0,0.0,-73.328,0.0,0.0,-5.823,0.0,0.0,0.20263754,0.0,0.0,-5.511362460000006,0.0,0.0
SER  44,72.392,0.0,0.0,-6.144,0.0,0.0,-67.981,0.0,0.0,-4.371,0.0,0.0,0.00894842,0.0,0.0,-6.095051580000004,0.0,0.0
GLU  45,103.55,0.0,0.0,-5.039,0.0,0.0,-66.736,0.0,0.0,-80.808,0.0,0.0,0.6838414,0.0,0.0,-48.34915860000002,0.0,0.0
GLY  46,69.929,0.0,0.0,-2.792,0.0,0.0,-67.941,0.0,0.0,-1.473,0.0,0.0,0.35396936000000007,0.0,0.0,-1.923030640000002,0.0,0.0
ALA  47,103.376,0.0,0.0,-5.558,0.0,0.0,-87.032,0.0,0.0,-3.934,0.0,0.0,0.049603839999999996,0.0,0.0,6.901603840000015,0.0,0.0
THR  48,54.225,0.0,0.0,-7.083,0.0,0.0,-59.111,0.0,0.0,-0.325,0.0,0.0,0.05342494,0.0,0.0,-12.240575059999994,0.0,0.0
PRO  49,78.196,0.0,0.0,-10.201,0.0,0.0,-54.286,0.0,0.0,-1.198,0.0,0.0,0.00072086,0.0,0.0,12.511720860000002,0.0,0.0
GLN  50,29.245,0.0,0.0,-10.122,0.0,0.0,-71.714,0.0,0.0,-9.785,0.0,0.0,0.20293022000000002,0.0,0.0,-62.17306977999999,0.0,0.0
ASP  51,90.166,0.0,0.0,-9.362,0.0,0.0,-112.006,0.0,0.0,-26.627,0.0,0.0,0.00843894,0.0,0.0,-57.820561059999996,0.0,0.0
LEU  52,69.258,0.0,0.0,-10.404,0.0,0.0,-72.602,0.0,0.0,0.652,0.0,0.0,0.0,0.0,0.0,-13.096000000000005,0.0,0.0
ASN  53,37.118,0.0,0.0,-8.32,0.0,0.0,-98.976,0.0,0.0,-4.121,0.0,0.0,0.15627486,0.0,0.0,-74.14272514,0.0,0.0
THR  54,51.896,0.0,0.0,-7.169,0.0,0.0,-58.498,0.0,0.0,-5.131,0.0,0.0,0.31546568,0.0,0.0,-18.586534319999995,0.0,0.0
MET  55,85.534,0.0,0.0,-12.544,0.0,0.0,-68.617,0.0,0.0,-1.206,0.0,0.0,0.010758700000000001,0.0,0.0,3.1777587000000045,0.0,0.0
LEU  56,69.611,0.0,0.0,-9.109,0.0,0.0,-73.85,0.0,0.0,0.528,0.0,0.0,0.12493100000000001,0.0,0.0,-12.695068999999991,0.0,0.0
ASN  57,31.633,0.0,0.0,-7.367,0.0,0.0,-84.833,0.0,0.0,-12.3,0.0,0.0,0.5665200800000001,0.0,0.0,-72.30047992,0.0,0.0
THR  58,55.947,0.0,0.0,-6.443,0.0,0.0,-60.876,0.0,0.0,-6.771,0.0,0.0,0.2171523,0.0,0.0,-17.925847699999995,0.0,0.0
VAL  59,35.925,0.0,0.0,-8.051,0.0,0.0,-40.023,0.0,0.0,-1.196,0.0,0.0,0.01222752,0.0,0.0,-13.332772480000008,0.0,0.0
ALA  60,91.822,0.0,0.0,-5.203,0.0,0.0,-64.024,0.0,0.0,-4.189,0.0,0.0,0.19954272000000003,0.0,0.0,18.60554272,0.0,0.0
PRO  61,78.79,0.0,0.0,-5.199,0.0,0.0,-59.093,0.0,0.0,-1.869,0.0,0.0,0.5386504400000001,0.0,0.0,13.167650440000005,0.0,0.0
HID  62,105.304,0.0,0.0,-6.311,0.0,0.0,-69.748,0.0,0.0,-12.727,0.0,0.0,0.42481418000000004,0.0,0.0,16.94281417999999,0.0,0.0
GLN  63,33.141,0.0,0.0,-5.862,0.0,0.0,-64.318,0.0,0.0,-13.951,0.0,0.0,0.7632118800000001,0.0,0.0,-50.22678812,0.0,0.0
ALA  64,83.22,0.0,0.0,-5.101,0.0,0.0,-67.879,0.0,0.0,-4.967,0.0,0.0,0.33287472,0.0,0.0,5.605874719999996,0.0,0.0
ALA  65,87.316,0.0,0.0,-7.333,0.0,0.0,-73.66,0.0,0.0,-2.656,0.0,0.0,0.03675302,0.0,0.0,3.7037530200000073,0.0,0.0
ALA  66,93.631,0.0,0.0,-7.34,0.0,0.0,-83.791,0.0,0.0,-0.625,0.0,0.0,0.0021571600000000004,0.0,0.0,1.87715716,0.0,0.0
GLN  67,40.649,0.0,0.0,-7.099,0.0,0.0,-81.402,0.0,0.0,-7.3,0.0,0.0,0.50855318,0.0,0.0,-54.64344682,0.0,0.0
MET  68,94.44,0.0,0.0,-11.139,0.0,0.0,-77.073,0.0,0.0,-0.974,0.0,0.0,0.1839548,0.0,0.0,5.437954800000009,0.0,0.0
LEU  69,84.037,0.0,0.0,-11.776,0.0,0.0,-81.985,0.0,0.0,-2.902,0.0,0.0,0.01222752,0.0,0.0,-12.61377247999999,0.0,0.0
LYS  70,126.267,0.0,0.0,-10.082,0.0,0.0,-118.858,0.0,0.0,-17.991,0.0,0.0,0.47253728,0.0,0.0,-20.19146272,0.0,0.0
GLU  71,109.293,0.0,0.0,-6.503,0.0,0.0,-71.28,0.0,0.0,-89.475,0.0,0.0,0.46887336,0.0,0.0,-57.496126639999986,0.0,0.0
THR  72,52.095,0.0,0.0,-7.689,0.0,0.0,-59.409,0.0,0.0,-4.404,0.0,0.0,0.03801046,0.0,0.0,-19.36898954,0.0,0.0
ILE  73,78.67,0.0,0.0,-10.29,0.0,0.0,-51.029,0.0,0.0,-4.36,0.0,0.0,0.03537092,0.0,0.0,13.026370919999993,0.0,0.0
ASN  74,24.376,0.0,0.0,-7.415,0.0,0.0,-71.664,0.0,0.0,-14.163,0.0,0.0,0.52191348,0.0,0.0,-68.34408652,0.0,0.0
GLU  75,108.147,0.0,0.0,-8.188,0.0,0.0,-49.767,0.0,0.0,-105.855,0.0,0.0,0.5720268000000001,0.0,0.0,-55.0909732,0.0,0.0
GLU  76,100.993,0.0,0.0,-10.224,0.0,0.0,-41.765,0.0,0.0,-100.966,0.0,0.0,0.30642512000000005,0.0,0.0,-51.65557488,0.0,0.0
ALA  77,86.175,0.0,0.0,-8.012,0.0,0.0,-69.375,0.0,0.0,-2.901,0.0,0.0,0.08629724000000001,0.0,0.0,5.973297239999997,0.0,0.0
ALA  78,96.473,0.0,0.0,-6.633,0.0,0.0,-85.258,0.0,0.0,0.229,0.0,0.0,0.21251278000000004,0.0,0.0,5.023512780000008,0.0,0.0
GLU  79,112.478,0.0,0.0,-7.826,0.0,0.0,-62.962,0.0,0.0,-92.592,0.0,0.0,0.5136588200000001,0.0,0.0,-50.38834118,0.0,0.0
TRP  80,120.275,0.0,0.0,-16.663,0.0,0.0,-86.454,0.0,0.0,-2.287,0.0,0.0,0.26122232,0.0,0.0,15.132222320000016,0.0,0.0
ASP  81,110.553,0.0,0.0,-5.2,0.0,0.0,-79.424,0.0,0.0,-73.885,0.0,0.0,0.37741628000000005,0.0,0.0,-47.57858372000002,0.0,0.0
ARG  82,-193.01,0.0,0.0,-7.366,0.0,0.0,-6.142,0.0,0.0,38.072,0.0,0.0,0.9595297,0.0,0.0,-167.48647029999998,0.0,0.0
LEU  83,68.827,0.0,0.0,-6.187,0.0,0.0,-76.811,0.0,0.0,-3.558,0.0,0.0,0.79066418,0.0,0.0,-16.938335820000006,0.0,0.0
HID  84,115.212,0.0,0.0,-9.597,0.0,0.0,-77.574,0.0,0.0,-7.108,0.0,0.0,0.30290754000000003,0.0,0.0,21.23590754000001,0.0,0.0
PRO  85,91.04,0.0,0.0,-3.561,0.0,0.0,-63.213,0.0,0.0,-6.566,0.0,0.0,0.6773103,0.0,0.0,18.377310300000012,0.0,0.0
VAL  86,49.512,0.0,0.0,-3.71,0.0,0.0,-48.676,0.0,0.0,-6.069,0.0,0.0,0.73054554,0.0,0.0,-8.212454460000002,0.0,0.0
HID  87,93.148,0.0,0.0,-5.942,0.0,0.0,-56.092,0.0,0.0,-15.093,0.0,0.0,0.63237308,0.0,0.0,16.65337307999999,0.0,0.0
ALA  88,99.408,0.0,0.0,-2.666,0.0,0.0,-73.264,0.0,0.0,-10.391,0.0,0.0,0.5427046,0.0,0.0,13.629704600000009,0.0,0.0
GLY  89,90.778,0.0,0.0,-1.575,0.0,0.0,-70.471,0.0,0.0,-11.127,0.0,0.0,0.3376389,0.0,0.0,7.942638899999999,8.429369702178807e-08,8.429369702178807e-08
PRO  90,79.121,0.0,0.0,-2.413,0.0,0.0,-51.459,0.0,0.0,-10.293,0.0,0.0,0.7874934800000001,0.0,0.0,15.743493479999996,0.0,0.0
ILE  91,77.272,0.0,0.0,-4.349,0.0,0.0,-55.742,0.0,0.0,-4.673,0.0,0.0,0.38006124,0.0,0.0,12.888061240000004,0.0,0.0
ALA  92,95.912,0.0,0.0,-2.935,0.0,0.0,-66.301,0.0,0.0,-6.998,0.0,0.0,0.33204546,0.0,0.0,20.01004546,0.0,0.0
PRO  93,81.122,0.0,0.0,-2.878,0.0,0.0,-54.734,0.0,0.0,-8.525,0.0,0.0,0.84270702,0.0,0.0,15.827707019999998,0.0,0.0
GLY  94,74.392,0.0,0.0,-2.076,0.0,0.0,-64.527,0.0,0.0,-9.812,0.0,0.0,0.44296576,0.0,0.0,-1.580034239999998,0.0,0.0
GLN  95,40.261,0.0,0.0,-5.833,0.0,0.0,-72.962,0.0,0.0,-13.516,0.0,0.0,0.7445237200000001,0.0,0.0,-51.30547627999999,0.0,0.0
MET  96,109.853,0.0,0.0,-8.935,0.0,0.0,-78.518,0.0,0.0,-6.466,0.0,0.0,0.21230682,0.0,0.0,16.14630681999999,0.0,0.0
ARG  97,-195.81,0.0,0.0,-4.375,0.0,0.0,-26.412,0.0,0.0,41.108,0.0,0.0,0.42052696,0.0,0.0,-185.06847304000001,0.0,0.0
GLU  98,105.187,0.0,0.0,-5.716,0.0,0.0,-51.57,0.0,0.0,-96.164,0.0,0.0,0.6434353,0.0,0.0,-47.6195647,0.0,0.0
PRO  99,95.39,0.0,0.0,-9.407,0.0,0.0,-63.431,0.0,0.0,-2.72,0.0,0.0,0.01210828,0.0,0.0,19.844108280000007,0.0,0.0
ARG 100,-182.168,0.0,0.0,-9.51,0.0,0.0,-25.363,0.0,0.0,42.128,0.0,0.0,0.31020828,0.0,0.0,-174.60279172,0.0,0.0
GLY 101,77.995,0.0,0.0,-6.352,0.0,0.0,-82.895,0.0,0.0,-0.54,0.0,0.0,0.00072086,0.0,0.0,-11.791279139999995,0.0,0.0
SER 102,75.637,0.0,0.0,-6.848,0.0,0.0,-67.258,0.0,0.0,-4.863,0.0,0.0,0.25535788,0.0,0.0,-3.0766421199999945,0.0,0.0
ASP 103,87.333,0.0,0.0,-8.662,0.0,0.0,-85.338,0.0,0.0,-54.88,0.0,0.0,0.009842720000000001,0.0,0.0,-61.53715728,0.0,0.0
ILE 104,82.805,0.0,0.0,-11.827,0.0,0.0,-60.59,0.0,0.0,-0.158,0.0,0.0,0.0,0.0,0.0,10.230000000000006,0.0,0.0
ALA 105,84.699,0.0,0.0,-6.518,0.0,0.0,-78.769,0.0,0.0,0.025,0.0,0.0,0.08217262,0.0,0.0,-0.480827380000008,0.0,0.0
GLY 106,89.41,0.0,0.0,-5.577,0.0,0.0,-86.476,0.0,0.0,-1.949,0.0,0.0,0.0017886000000000002,0.0,0.0,-4.5902114,0.0,0.0
THR 107,41.845,0.0,0.0,-5.308,0.0,0.0,-43.019,0.0,0.0,-8.3,0.0,0.0,0.59242768,0.0,0.0,-14.18957232,0.0,0.0
THR 108,45.786,0.0,0.0,-4.078,0.0,0.0,-58.761,0.0,0.0,-4.014,0.0,0.0,0.52513838,0.0,0.0,-20.541861620000002,0.0,0.0
SER 109,71.404,0.0,0.0,-5.373,0.0,0.0,-66.825,0.0,0.0,-2.979,0.0,0.0,0.054281300000000005,0.0,0.0,-3.7187187000000113,0.0,0.0
THR 110,38.07,0.0,0.0,-6.615,0.0,0.0,-33.952,0.0,0.0,-10.176,0.0,0.0,0.42419088,0.0,0.0,-12.24880912,0.0,0.0
LEU 111,60.106,0.0,0.0,-6.407,0.0,0.0,-55.202,0.0,0.0,-6.142,0.0,0.0,0.44795758,0.0,0.0,-7.197042420000001,0.0,0.0
GLN 112,36.635,0.0,0.0,-6.34,0.0,0.0,-73.06,0.0,0.0,-16.47,0.0,0.0,0.7709082800000001,0.0,0.0,-58.46409172,0.0,0.0
GLU 113,102.202,0.0,0.0,-5.007,0.0,0.0,-97.878,0.0,0.0,-56.995,0.0,0.0,0.17662154000000002,0.0,0.0,-57.501378460000005,0.0,0.0
GLN 114,36.184,0.0,0.0,-11.284,0.0,0.0,-72.997,0.0,0.0,-6.953,0.0,0.0,0.03833566000000001,0.0,0.0,-55.01166434,0.0,0.0
ILE 115,90.437,0.0,0.0,-7.662,0.0,0.0,-69.975,0.0,0.0,-1.331,0.0,0.0,0.13108812,0.0,0.0,11.600088119999997,0.0,0.0
GLY 116,79.246,0.0,0.0,-5.379,0.0,0.0,-72.602,0.0,0.0,-2.842,0.0,0.0,0.10036214,0.0,0.0,-1.4766378600000136,0.0,0.0
TRP 117,121.74,0.0,0.0,-18.654,0.0,0.0,-90.293,0.0,0.0,-2.826,0.0,0.0,0.00685088,0.0,0.0,9.973850879999992,0.0,0.0
MET 118,96.783,0.0,0.0,-9.023,0.0,0.0,-79.359,0.0,0.0,-5.76,0.0,0.0,0.46344794000000006,0.0,0.0,3.1044479400000107,0.0,0.0
THR 119,39.083,0.0,0.0,-6.216,0.0,0.0,-44.547,0.0,0.0,-7.216,0.0,0.0,0.31065272000000005,0.0,0.0,-18.58534728,0.0,0.0
HID 120,95.976,0.0,0.0,-10.338,0.0,0.0,-62.034,0.0,0.0,-9.567,0.0,0.0,0.32619186,0.0,0.0,14.363191860000006,0.0,0.0
ASN 121,30.013,0.0,0.0,-4.236,0.0,0.0,-61.572,0.0,0.0,-20.949,0.0,0.0,0.7902089,0.0,0.0,-55.9537911,0.0,0.0
PRO 122,98.07,0.0,0.0,-3.599,0.0,0.0,-61.538,0.0,0.0,-3.254,0.0,0.0,0.65122926,0.0,0.0,30.330229259999992,0.0,0.0
PRO 123,84.562,0.0,0.0,-6.181,0.0,0.0,-62.533,0.0,0.0,-2.963,0.0,0.0,0.40184422000000003,0.0,0.0,13.286844219999997,0.0,0.0
ILE 124,92.343,0.0,0.0,-5.151,0.0,0.0,-62.332,0.0,0.0,-2.284,0.0,0.0,0.22669150000000002,0.0,0.0,22.80269150000001,0.0,0.0
PRO 125,92.861,0.0,0.0,-5.429,0.0,0.0,-62.235,0.0,0.0,-2.353,0.0,0.0,0.46781646000000005,0.0,0.0,23.311816460000003,0.0,0.0
VAL 126,56.605,0.0,0.0,-9.188,0.0,0.0,-54.36,0.0,0.0,-1.272,0.0,0.0,0.024536340000000004,0.0,0.0,-8.190463660000006,0.0,0.0
GLY 127,70.525,0.0,0.0,-4.761,0.0,0.0,-71.55,0.0,0.0,-2.55,0.0,0.0,0.0794572,0.0,0.0,-8.256542799999988,0.0,0.0
GLU 128,110.09,0.0,0.0,-7.481,0.0,0.0,-77.898,0.0,0.0,-71.488,0.0,0.0,0.5099515400000001,0.0,0.0,-46.267048459999984,0.0,0.0
ILE 129,84.438,0.0,0.0,-8.765,0.0,0.0,-66.195,0.0,0.0,-0.133,0.0,0.0,0.24354228,0.0,0.0,9.58854228000001,0.0,0.0
TYR 130,92.209,0.0,0.0,-14.987,0.0,0.0,-91.065,0.0,0.0,-0.914,0.0,0.0,0.0026829,0.0,0.0,-14.754317099999989,0.0,0.0
LYS 131,139.865,0.0,0.0,-13.005,0.0,0.0,-179.014,0.0,0.0,37.592,0.0,0.0,0.10826992,0.0,0.0,-14.453730079999998,0.0,0.0
ARG 132,-183.151,0.0,0.0,-8.86,0.0,0.0,27.253,0.0,0.0,-5.282,0.0,0.0,0.78762898,0.0,0.0,-169.25237102000006,0.0,0.0
TRP 133,125.248,0.0,0.0,-17.385,0.0,0.0,-97.869,0.0,0.0,-4.412,0.0,0.0,0.10107758000000001,0.0,0.0,5.68307758,0.0,0.0
ILE 134,89.958,0.0,0.0,-11.263,0.0,0.0,-72.737,0.0,0.0,-0.372,0.0,0.0,0.0228995,0.0,0.0,5.608899499999999,0.0,0.0
ILE 135,76.261,0.0,0.0,-10.592,0.0,0.0,-61.292,0.0,0.0,-1.318,0.0,0.0,0.10767914,0.0,0.0,3.1666791399999954,0.0,0.0
LEU 136,64.339,0.0,0.0,-9.22,0.0,0.0,-67.781,0.0,0.0,-1.352,0.0,0.0,0.36374704,0.0,0.0,-13.650252960000007,0.0,0.0
GLY 137,77.209,0.0,0.0,-7.026,0.0,0.0,-76.514,0.0,0.0,-0.539,0.0,0.0,0.0,0.0,0.0,-6.869999999999989,0.0,0.0
LEU 138,60.911,0.0,0.0,-10.402,0.0,0.0,-67.776,0.0,0.0,-1.237,0.0,0.0,0.00708394,0.0,0.0,-18.496916059999997,0.0,0.0
ASN 139,36.418,0.0,0.0,-7.988,0.0,0.0,-88.352,0.0,0.0,-6.914,0.0,0.0,0.14795516,0.0,0.0,-66.68804484,0.0,0.0
LYS 140,135.912,0.0,0.0,-9.786,0.0,0.0,-149.826,0.0,0.0,11.166,0.0,0.0,0.5715119,0.0,0.0,-11.962488099999987,1.6858739404357614e-07,1.6858739404357614e-07
ILE 141,93.083,0.0,0.0,-11.867,0.0,0.0,-74.962,0.0,0.0,-2.56,0.0,0.0,0.0055284,0.0,0.0,3.699528399999991,0.0,0.0
VAL 142,62.815,0.0,0.0,-11.282,0.0,0.0,-59.192,0.0,0.0,-3.411,0.0,0.0,0.0023360200000000003,0.0,0.0,-11.067663979999999,0.0,0.0
ARG 143,-192.866,0.0,0.0,-7.249,0.0,0.0,11.06,0.0,0.0,15.237,0.0,0.0,0.7229900600000001,0.0,0.0,-173.09500994,0.0,0.0
MET 144,93.265,0.0,0.0,-7.805,0.0,0.0,-72.425,0.0,0.0,-7.197,0.0,0.0,0.56201606,0.0,0.0,6.400016060000011,0.0,0.0
TYR 145,96.752,0.0,0.0,-9.96,0.0,0.0,-85.893,0.0,0.0,-7.83,0.0,0.0,0.5886174200000001,0.0,0.0,-6.342382579999999,0.0,0.0
SER 146,81.139,0.0,0.0,-5.189,0.0,0.0,-56.739,0.0,0.0,-7.618,0.0,0.0,0.16117454,0.0,0.0,11.75417453999999,0.0,0.0
PRO 147,86.953,0.0,0.0,-3.701,0.0,0.0,-59.792,0.0,0.0,-7.388,0.0,0.0,0.72265402,0.0,0.0,16.79465402000001,0.0,0.0
THR 148,38.947,0.0,0.0,-5.817,0.0,0.0,-46.184,0.0,0.0,-6.937,0.0,0.0,0.32608346,0.0,0.0,-19.664916539999997,0.0,0.0
SER 149,65.934,0.0,0.0,-5.071,0.0,0.0,-57.466,0.0,0.0,-2.634,0.0,0.0,0.2890486,0.0,0.0,1.0520485999999987,0.0,0.0
ILE 150,79.702,0.0,0.0,-10.239,0.0,0.0,-57.894,0.0,0.0,-2.169,0.0,0.0,0.12228604000000001,0.0,0.0,9.522286039999996,0.0,0.0
LEU 151,62.401,0.0,0.0,-4.526,0.0,0.0,-70.058,0.0,0.0,-0.932,0.0,0.0,0.6265086400000001,0.0,0.0,-12.488491360000006,0.0,0.0
ASP 152,96.514,0.0,0.0,-6.868,0.0,0.0,-80.698,0.0,0.0,-67.608,0.0,0.0,0.4585265800000001,0.0,0.0,-58.20147342,0.0,0.0
ILE 153,95.714,0.0,0.0,-8.28,0.0,0.0,-73.407,0.0,0.0,-2.433,0.0,0.0,0.02209734,0.0,0.0,11.616097340000001,0.0,0.0
ARG 154,-196.429,0.0,0.0,-5.978,0.0,0.0,15.5,0.0,0.0,5.981,0.0,0.0,0.72116894,0.0,0.0,-180.20483106,0.0,0.0
GLN 155,31.916,0.0,0.0,-11.782,0.0,0.0,-83.756,0.0,0.0,-2.637,0.0,0.0,0.07879054,0.0,0.0,-66.18020946,0.0,0.0
GLY 156,86.214,0.0,0.0,-3.854,0.0,0.0,-69.421,0.0,0.0,-6.242,0.0,0.0,0.10002609999999999,0.0,0.0,6.797026099999993,0.0,0.0
PRO 157,86.608,0.0,0.0,-3.359,0.0,0.0,-53.945,0.0,0.0,-8.751,0.0,0.0,0.7518027800000001,0.0,0.0,21.30480278000001,0.0,0.0
LYS 158,120.255,0.0,0.0,-4.148,0.0,0.0,-89.668,0.0,0.0,-41.817,0.0,0.0,1.1896358,0.0,0.0,-14.188364200000008,0.0,0.0
GLU 159,108.03,0.0,0.0,-7.187,0.0,0.0,-113.627,0.0,0.0,-35.923,0.0,0.0,0.23553152000000002,0.0,0.0,-48.47146847999999,0.0,0.0
PRO 160,79.451,0.0,0.0,-6.428,0.0,0.0,-58.596,0.0,0.0,-1.841,0.0,0.0,0.18319058000000002,0.0,0.0,12.76919058,0.0,0.0
PHE 161,105.817,0.0,0.0,-12.404,0.0,0.0,-75.916,0.0,0.0,-2.524,0.0,0.0,0.0028780200000000002,0.0,0.0,14.97587802,0.0,0.0
ARG 162,-196.548,0.0,0.0,-7.962,0.0,0.0,-1.411,0.0,0.0,25.03,0.0,0.0,0.7023940599999999,0.0,0.0,-180.18860594,0.0,0.0
ASP 163,91.647,0.0,0.0,-7.512,0.0,0.0,-70.594,0.0,0.0,-76.976,0.0,0.0,0.46170812000000006,0.0,0.0,-62.97329187999999,0.0,0.0
TYR 164,98.514,0.0,0.0,-16.996,0.0,0.0,-98.214,0.0,0.0,-0.387,0.0,0.0,0.0,0.0,0.0,-17.083,0.0,0.0
VAL 165,49.37,0.0,0.0,-8.983,0.0,0.0,-52.952,0.0,0.0,1.728,0.0,0.0,0.034530820000000004,0.0,0.0,-10.802469179999997,0.0,0.0
ASP 166,121.889,0.0,0.0,-7.441,0.0,0.0,-130.85,0.0,0.0,-32.166,0.0,0.0,0.33075550000000004,0.0,0.0,-48.237244499999996,0.0,0.0
ARG 167,-184.178,0.0,0.0,-8.409,0.0,0.0,2.062,0.0,0.0,10.335,0.0,0.0,0.4747107,0.0,0.0,-179.71528929999997,0.0,0.0
PHE 168,96.807,0.0,0.0,-15.725,0.0,0.0,-81.543,0.0,0.0,-0.679,0.0,0.0,0.0,0.0,0.0,-1.1399999999999986,0.0,0.0
TYR 169,102.679,0.0,0.0,-14.024,0.0,0.0,-93.478,0.0,0.0,-1.656,0.0,0.0,0.15341852,0.0,0.0,-6.325581479999993,0.0,0.0
LYS 170,142.249,0.0,0.0,-8.984,0.0,0.0,-154.708,0.0,0.0,2.358,0.0,0.0,0.34614288,0.0,0.0,-18.738857120000013,0.0,0.0
THR 171,45.338,0.0,0.0,-9.223,0.0,0.0,-57.903,0.0,0.0,-4.208,0.0,0.0,0.04480172,0.0,0.0,-25.951198279999996,0.0,0.0
LEU 172,71.871,0.0,0.0,-11.731,0.0,0.0,-67.734,0.0,0.0,-3.315,0.0,0.0,0.01488332,0.0,0.0,-10.894116680000002,0.0,0.0
ARG 173,-192.54,0.0,0.0,-11.286,0.0,0.0,41.818,0.0,0.0,-17.418,0.0,0.0,0.48770244,0.0,0.0,-178.93829756,0.0,0.0
ALA 174,90.555,0.0,0.0,-7.385,0.0,0.0,-79.354,0.0,0.0,-2.819,0.0,0.0,0.02050928,0.0,0.0,1.0175092800000025,0.0,0.0
GLU 175,103.255,0.0,0.0,-7.418,0.0,0.0,-94.538,0.0,0.0,-57.862,0.0,0.0,0.32232198,0.0,0.0,-56.24067802000001,0.0,0.0
GLN 176,28.608,0.0,0.0,-5.528,0.0,0.0,-64.79,0.0,0.0,-14.219,0.0,0.0,0.5813221000000001,0.0,0.0,-55.34767790000001,0.0,0.0
ALA 177,96.279,0.0,0.0,-4.734,0.0,0.0,-83.281,0.0,0.0,-4.378,0.0,0.0,0.19615522000000002,0.0,0.0,4.082155219999995,0.0,0.0
SER 178,74.412,0.0,0.0,-5.427,0.0,0.0,-62.109,0.0,0.0,-8.335,0.0,0.0,0.36439744,0.0,0.0,-1.094602559999989,0.0,0.0
GLN 179,31.657,0.0,0.0,-5.237,0.0,0.0,-68.382,0.0,0.0,-14.225,0.0,0.0,0.74754266,0.0,0.0,-55.439457340000004,0.0,0.0
GLU 180,110.777,0.0,0.0,-4.836,0.0,0.0,-72.707,0.0,0.0,-84.74,0.0,0.0,0.8672542,0.0,0.0,-50.63874579999999,0.0,0.0
VAL 181,66.14,0.0,0.0,-6.32,0.0,0.0,-57.354,0.0,0.0,-3.109,0.0,0.0,0.29567726,0.0,0.0,-0.3473227399999989,0.0,0.0
LYS 182,112.552,0.0,0.0,-11.038,0.0,0.0,-94.519,0.0,0.0,-28.759,0.0,0.0,0.25558552,0.0,0.0,-21.508414479999995,0.0,0.0
ASN 183,20.839,0.0,0.0,-7.385,0.0,0.0,-79.584,0.0,0.0,-13.189,0.0,0.0,0.5382439400000001,0.0,0.0,-78.78075606000002,0.0,0.0
TRP 184,122.773,0.0,0.0,-9.984,0.0,0.0,-89.143,0.0,0.0,-9.126,0.0,0.0,0.9801799000000001,0.0,0.0,15.500179900000001,0.0,0.0
MET 185,100.988,0.0,0.0,-11.808,0.0,0.0,-84.837,0.0,0.0,-2.683,0.0,0.0,0.11393382,0.0,0.0,1.7739338200000037,0.0,0.0
THR 186,41.489,0.0,0.0,-9.304,0.0,0.0,-55.154,0.0,0.0,-2.363,0.0,0.0,0.06500748,0.0,0.0,-25.26699252000001,0.0,0.0
GLU 187,102.299,0.0,0.0,-7.264,0.0,0.0,-51.57,0.0,0.0,-91.781,0.0,0.0,0.33141674,0.0,0.0,-47.984583259999994,0.0,0.0
THR 188,45.363,0.0,0.0,-5.075,0.0,0.0,-53.977,0.0,0.0,-1.001,0.0,0.0,0.29669080000000003,0.0,0.0,-14.3933092,0.0,0.0
LEU 189,63.926,0.0,0.0,-8.723,0.0,0.0,-66.419,0.0,0.0,-1.635,0.0,0.0,0.18901166,0.0,0.0,-12.661988339999994,0.0,0.0
LEU 190,84.671,0.0,0.0,-12.145,0.0,0.0,-92.533,0.0,0.0,0.373,0.0,0.0,0.0,0.0,0.0,-19.63399999999999,0.0,0.0
VAL 191,54.947,0.0,0.0,-8.066,0.0,0.0,-59.167,0.0,0.0,1.496,0.0,0.0,0.1581556,0.0,0.0,-10.6318444,0.0,0.0
GLN 192,19.239,0.0,0.0,-6.533,0.0,0.0,-69.264,0.0,0.0,-2.69,0.0,0.0,0.6557658000000001,0.0,0.0,-58.59223419999999,0.0,0.0
ASN 193,16.589,0.0,0.0,-9.858,0.0,0.0,-77.987,0.0,0.0,-3.109,0.0,0.0,0.04675292,0.0,0.0,-74.31824707999999,0.0,0.0
ALA 194,90.195,0.0,0.0,-8.079,0.0,0.0,-81.106,0.0,0.0,-0.764,0.0,0.0,0.030406200000000005,0.0,0.0,0.2764061999999909,0.0,0.0
ASN 195,50.718,0.0,0.0,-5.873,0.0,0.0,-99.053,0.0,0.0,-7.547,0.0,0.0,0.21527698,0.0,0.0,-61.53972301999999,0.0,0.0
PRO 196,77.956,0.0,0.0,-3.448,0.0,0.0,-62.945,0.0,0.0,-1.261,0.0,0.0,0.54452572,0.0,0.0,10.84652572000001,0.0,0.0
ASP 197,82.695,0.0,0.0,-5.737,0.0,0.0,-60.6,0.0,0.0,-76.882,0.0,0.0,0.65970072,0.0,0.0,-59.86429928000001,0.0,0.0
CYX 198,101.328,0.0,0.0,-7.463,0.0,0.0,-78.651,0.0,0.0,-2.895,0.0,0.0,0.04217302,0.0,0.0,12.361173020000013,0.0,0.0
LYS 199,130.461,0.0,0.0,-10.175,0.0,0.0,-126.473,0.0,0.0,-15.452,0.0,0.0,0.33808876000000004,0.0,0.0,-21.30091123999998,0.0,0.0
THR 200,50.958,0.0,0.0,-4.91,0.0,0.0,-65.285,0.0,0.0,-1.748,0.0,0.0,0.51363714,0.0,0.0,-20.471362859999996,0.0,0.0
ILE 201,78.118,0.0,0.0,-7.185,0.0,0.0,-56.263,0.0,0.0,-3.076,0.0,0.0,0.4636755800000001,0.0,0.0,12.057675579999994,0.0,0.0
LEU 202,81.768,0.0,0.0,-9.833,0.0,0.0,-74.663,0.0,0.0,-3.361,0.0,0.0,0.036828900000000005,0.0,0.0,-6.052171099999995,0.0,0.0
LYS 203,113.058,0.0,0.0,-4.373,0.0,0.0,-92.534,0.0,0.0,-38.277,0.0,0.0,1.0193773400000001,0.0,0.0,-21.106622660000006,0.0,0.0
ALA 204,82.939,0.0,0.0,-3.763,0.0,0.0,-73.57,0.0,0.0,-5.794,0.0,0.0,0.50545836,0.0,0.0,0.31745835999999494,0.0,0.0
LEU 205,78.891,0.0,0.0,-5.265,0.0,0.0,-78.037,0.0,0.0,-6.471,0.0,0.0,0.51124692,0.0,0.0,-10.370753080000002,0.0,0.0
GLY 206,89.18,0.0,0.0,-2.053,0.0,0.0,-72.597,0.0,0.0,-10.875,0.0,0.0,0.15971114,0.0,0.0,3.8147111400000155,0.0,0.0
PRO 207,80.346,0.0,0.0,-2.479,0.0,0.0,-55.878,0.0,0.0,-6.613,0.0,0.0,0.66116412,0.0,0.0,16.037164120000003,0.0,0.0
GLY 208,66.029,0.0,0.0,-1.57,0.0,0.0,-67.068,0.0,0.0,-3.446,0.0,0.0,0.3954974,0.0,0.0,-5.659502599999994,0.0,0.0
ALA 209,97.904,0.0,0.0,-5.4,0.0,0.0,-85.951,0.0,0.0,-5.235,0.0,0.0,0.05921892,0.0,0.0,1.377218919999997,0.0,0.0
THR 210,43.362,0.0,0.0,-3.428,0.0,0.0,-55.914,0.0,0.0,-3.542,0.0,0.0,0.46489508,0.0,0.0,-19.057104919999997,0.0,0.0
LEU 211,66.925,0.0,0.0,-8.598,0.0,0.0,-63.964,0.0,0.0,-4.925,0.0,0.0,0.32559566,0.0,0.0,-10.236404340000002,0.0,0.0
GLU 212,103.013,0.0,0.0,-5.545,0.0,0.0,-94.528,0.0,0.0,-63.745,0.0,0.0,0.55738196,0.0,0.0,-60.24761804,0.0,0.0
GLU 213,104.553,0.0,0.0,-5.151,0.0,0.0,-56.154,0.0,0.0,-92.604,0.0,0.0,0.47411992000000003,0.0,0.0,-48.88188008,0.0,0.0
MET 214,96.114,0.0,0.0,-11.385,0.0,0.0,-75.437,0.0,0.0,-2.105,0.0,0.0,0.0271813,0.0,0.0,7.214181300000001,0.0,0.0
MET 215,99.818,0.0,0.0,-11.544,0.0,0.0,-83.743,0.0,0.0,-3.729,0.0,0.0,0.12939166000000002,0.0,0.0,0.9313916600000058,0.0,0.0
THR 216,45.198,0.0,0.0,-4.133,0.0,0.0,-52.417,0.0,0.0,-6.577,0.0,0.0,0.6866164400000001,0.0,0.0,-17.24238356,0.0,0.0
ALA 217,76.356,0.0,0.0,-5.12,0.0,0.0,-65.174,0.0,0.0,-3.082,0.0,0.0,0.15024782,0.0,0.0,3.1302478199999837,0.0,0.0
CYX 218,96.168,0.0,0.0,-7.303,0.0,0.0,-75.831,0.0,0.0,-7.101,0.0,0.0,0.0125473,0.0,0.0,5.945547300000006,0.0,0.0
GLN 219,34.64,0.0,0.0,-3.98,0.0,0.0,-68.924,0.0,0.0,-14.261,0.0,0.0,0.90542184,0.0,0.0,-51.61957816,0.0,0.0
GLY 220,101.205,0.0,0.0,-1.951,0.0,0.0,-85.446,0.0,0.0,-8.264,0.0,0.0,0.33422972,0.0,0.0,5.878229720000007,0.0,0.0
VAL 221,39.894,0.0,0.0,-2.09,0.0,0.0,-18.841,0.0,0.0,-101.28,0.0,0.0,1.04436896,0.0,0.0,-81.27263104000001,0.0,0.0

Receptor:
Total Energy Decomposition:
Residue,Internal,,,van der Waals,,,Electrostatic,,,Polar Solvation,,,Non-Polar Solv.,,,TOTAL,,
,Avg.,Std. Dev.,Std. Err. of Mean,Avg.,Std. Dev.,Std. Err. of Mean,Avg.,Std. Dev.,Std. Err. of Mean,Avg.,Std. Dev.,Std. Err. of Mean,Avg.,Std. Dev.,Std. Err. of Mean,Avg.,Std. Dev.,Std. Err. of Mean
PRO   1,103.241,0.0,0.0,-5.644,0.0,0.0,-114.76,0.0,0.0,8.781,0.0,0.0,0.23976996,0.0,0.0,-8.14223004000001,0.0,0.0
ILE   2,88.36,0.0,0.0,-8.0,0.0,0.0,-62.365,0.0,0.0,-4.818,0.0,0.0,0.14516928,0.0,0.0,13.322169279999997,0.0,0.0
VAL   3,52.761,0.0,0.0,-4.983,0.0,0.0,-58.796,0.0,0.0,-0.942,0.0,0.0,0.36275518,0.0,0.0,-11.597244819999993,0.0,0.0
GLN   4,24.679,0.0,0.0,-5.736,0.0,0.0,-61.617,0.0,0.0,-13.994,0.0,0.0,0.7825667,0.0,0.0,-55.8854333,0.0,0.0
ASN   5,30.646,0.0,0.0,-5.311,0.0,0.0,-85.182,0.0,0.0,-13.059,0.0,0.0,0.44306332,0.0,0.0,-72.46293668000001,0.0,0.0
LEU   6,70.712,0.0,0.0,-2.226,0.0,0.0,-71.441,0.0,0.0,-6.894,0.0,0.0,1.0361143,0.0,0.0,-8.812885699999999,0.0,0.0
GLN   7,39.584,0.0,0.0,-4.088,0.0,0.0,-75.541,0.0,0.0,-18.217,0.0,0.0,0.93616408,0.0,0.0,-57.325835919999996,0.0,0.0
GLY   8,79.468,0.0,0.0,-2.133,0.0,0.0,-70.09,0.0,0.0,-9.106,0.0,0.0,0.39271152000000004,0.0,0.0,-1.4682884799999953,0.0,0.0
GLN   9,36.077,0.0,0.0,-4.693,0.0,0.0,-71.607,0.0,0.0,-14.476,0.0,0.0,0.78845282,0.0,0.0,-53.910547179999995,0.0,0.0
MET  10,103.248,0.0,0.0,-8.646,0.0,0.0,-81.298,0.0,0.0,-4.627,0.0,0.0,0.26305428000000003,0.0,0.0,8.940054280000004,0.0,0.0
VAL  11,59.453,0.0,0.0,-6.3,0.0,0.0,-57.406,0.0,0.0,-1.916,0.0,0.0,0.26225212000000003,0.0,0.0,-5.906747879999993,0.0,0.0
HID  12,90.71,0.0,0.0,-11.455,0.0,0.0,-62.463,0.0,0.0,-9.044,0.0,0.0,0.13921812,0.0,0.0,7.887218119999994,0.0,0.0
GLN  13,37.063,0.0,0.0,-5.824,0.0,0.0,-74.581,0.0,0.0,-11.406,0.0,0.0,0.60098586,0.0,0.0,-54.147014139999996,0.0,0.0
ALA  14,93.334,0.0,0.0,-3.54,0.0,0.0,-77.214,0.0,0.0,-4.673,0.0,0.0,0.5067212200000001,0.0,0.0,8.413721219999998,0.0,0.0
ILE  15,90.86,0.0,0.0,-5.894,0.0,0.0,-69.509,0.0,0.0,-5.778,0.0,0.0,0.14496332,0.0,0.0,9.823963319999995,0.0,0.0
SER  16,70.338,0.0,0.0,-4.624,0.0,0.0,-50.308,0.0,0.0,-7.327,0.0,0.0,0.27505958,0.0,0.0,8.35405958,0.0,0.0
PRO  17,89.711,0.0,0.0,-4.15,0.0,0.0,-59.413,0.0,0.0,-5.076,0.0,0.0,0.6000915600000001,0.0,0.0,21.672091559999995,0.0,0.0
ARG  18,-179.271,0.0,0.0,-6.106,0.0,0.0,68.19,0.0,0.0,-55.414,0.0,0.0,1.14067694,0.0,0.0,-171.46032306,0.0,0.0
THR  19,42.011,0.0,0.0,-7.491,0.0,0.0,-51.399,0.0,0.0,-4.489,0.0,0.0,0.19191136000000003,0.0,0.0,-21.17608864,0.0,0.0
LEU  20,66.203,0.0,0.0,-9.417,0.0,0.0,-59.186,0.0,0.0,-4.687,0.0,0.0,0.3799149,0.0,0.0,-6.707085099999999,0.0,0.0
ASN  21,31.054,0.0,0.0,-7.346,0.0,0.0,-80.19,0.0,0.0,-20.119,0.0,0.0,0.5594795,0.0,0.0,-76.0415205,0.0,0.0
ALA  22,96.078,0.0,0.0,-5.939,0.0,0.0,-82.68,0.0,0.0,-2.838,0.0,0.0,0.21156428000000002,0.0,0.0,4.832564280000003,0.0,0.0
TRP  23,130.038,0.0,0.0,-17.615,0.0,0.0,-94.408,0.0,0.0,-4.845,0.0,0.0,0.02381006,0.0,0.0,13.193810060000017,0.0,0.0
VAL  24,64.73,0.0,0.0,-7.848,0.0,0.0,-57.889,0.0,0.0,-3.178,0.0,0.0,0.28275598,0.0,0.0,-3.9022440199999977,0.0,0.0
LYS  25,129.935,0.0,0.0,-8.562,0.0,0.0,-115.745,0.0,0.0,-25.387,0.0,0.0,0.49026610000000004,0.0,0.0,-19.2687339,0.0,0.0
VAL  26,63.31,0.0,0.0,-10.098,0.0,0.0,-62.894,0.0,0.0,-3.594,0.0,0.0,0.03778824000000001,0.0,0.0,-13.238211759999995,0.0,0.0
VAL  27,45.555,0.0,0.0,-8.883,0.0,0.0,-48.117,0.0,0.0,-2.662,0.0,0.0,0.02608646,0.0,0.0,-14.08091354,0.0,0.0
GLU  28,98.749,0.0,0.0,-6.763,0.0,0.0,-56.549,0.0,0.0,-83.136,0.0,0.0,0.54672082,0.0,0.0,-47.15227918000001,0.0,0.0
GLU  29,106.226,0.0,0.0,-5.551,0.0,0.0,-112.229,0.0,0.0,-37.065,0.0,0.0,0.6147906000000001,0.0,0.0,-48.0042094,0.0,0.0
LYS  30,115.002,0.0,0.0,-7.503,0.0,0.0,-83.322,0.0,0.0,-41.154,0.0,0.0,0.48424448,0.0,0.0,-16.49275552000001,0.0,0.0
ALA  31,88.733,0.0,0.0,-4.053,0.0,0.0,-76.544,0.0,0.0,-4.82,0.0,0.0,0.33814838,0.0,0.0,3.6541483800000094,0.0,0.0
PHE  32,106.719,0.0,0.0,-12.472,0.0,0.0,-79.566,0.0,0.0,-5.711,0.0,0.0,0.06829742000000001,0.0,0.0,9.038297419999997,0.0,0.0
SER  33,87.401,0.0,0.0,-6.487,0.0,0.0,-65.405,0.0,0.0,-6.49,0.0,0.0,0.25259368,0.0,0.0,9.27159368,0.0,0.0
PRO  34,75.213,0.0,0.0,-5.291,0.0,0.0,-57.672,0.0,0.0,-1.952,0.0,0.0,0.49445576,0.0,0.0,10.79245576,0.0,0.0
GLU  35,107.833,0.0,0.0,-7.573,0.0,0.0,-93.577,0.0,0.0,-58.042,0.0,0.0,0.57831942,0.0,0.0,-50.78068058000001,0.0,0.0
VAL  36,58.621,0.0,0.0,-9.708,0.0,0.0,-56.81,0.0,0.0,-0.639,0.0,0.0,0.0,0.0,0.0,-8.535999999999998,0.0,0.0
ILE  37,86.074,0.0,0.0,-9.68,0.0,0.0,-61.215,0.0,0.0,-0.667,0.0,0.0,0.12921280000000002,0.0,0.0,14.641212800000002,0.0,0.0
PRO  38,82.446,0.0,0.0,-6.436,0.0,0.0,-61.313,0.0,0.0,-1.165,0.0,0.0,0.44039668000000004,0.0,0.0,13.972396679999989,0.0,0.0
MET  39,89.197,0.0,0.0,-10.184,0.0,0.0,-74.618,0.0,0.0,-0.456,0.0,0.0,0.30776386,0.0,0.0,4.24676386000001,0.0,0.0
PHE  40,104.032,0.0,0.0,-13.082,0.0,0.0,-84.116,0.0,0.0,-1.139,0.0,0.0,0.00503518,0.0,0.0,5.700035179999989,0.0,0.0
SER  41,77.641,0.0,0.0,-6.983,0.0,0.0,-65.704,0.0,0.0,-5.804,0.0,0.0,0.14462728000000002,0.0,0.0,-0.7053727199999925,0.0,0.0
ALA  42,86.147,0.0,0.0,-5.062,0.0,0.0,-64.923,0.0,0.0,-7.159,0.0,0.0,0.44464596,0.0,0.0,9.447645960000008,0.0,0.0
LEU  43,83.74,0.0,0.0,-10.298,0.0,0.0,-73.473,0.0,0.0,-5.685,0.0,0.0,0.20263754,0.0,0.0,-5.513362460000005,0.0,0.0
SER  44,72.392,0.0,0.0,-6.141,0.0,0.0,-68.088,0.0,0.0,-4.275,0.0,0.0,0.00894842,0.0,0.0,-6.103051580000003,0.0,0.0
GLU  45,103.55,0.0,0.0,-5.036,0.0,0.0,-71.075,0.0,0.0,-76.47,0.0,0.0,0.6838414,0.0,0.0,-48.34715860000001,0.0,0.0
GLY  46,69.929,0.0,0.0,-2.791,0.0,0.0,-67.939,0.0,0.0,-1.476,0.0,0.0,0.35396936000000007,0.0,0.0,-1.9230306399999877,0.0,0.0
ALA  47,103.376,0.0,0.0,-5.557,0.0,0.0,-87.057,0.0,0.0,-3.912,0.0,0.0,0.049603839999999996,0.0,0.0,6.89960384,0.0,0.0
THR  48,54.225,0.0,0.0,-7.082,0.0,0.0,-59.116,0.0,0.0,-0.32,0.0,0.0,0.05342494,0.0,0.0,-12.23957506,0.0,0.0
PRO  49,78.196,0.0,0.0,-10.2,0.0,0.0,-54.306,0.0,0.0,-1.178,0.0,0.0,0.00072086,0.0,0.0,12.512720859999996,0.0,0.0
GLN  50,29.245,0.0,0.0,-10.122,0.0,0.0,-71.706,0.0,0.0,-9.793,0.0,0.0,0.20293022000000002,0.0,0.0,-62.17306978,0.0,0.0
ASP  51,90.166,0.0,0.0,-9.361,0.0,0.0,-117.111,0.0,0.0,-21.518,0.0,0.0,0.00843894,0.0,0.0,-57.815561060000014,0.0,0.0
LEU  52,69.258,0.0,0.0,-10.402,0.0,0.0,-72.635,0.0,0.0,0.683,0.0,0.0,0.0,0.0,0.0,-13.09600000000001,0.0,0.0
ASN  53,37.118,0.0,0.0,-8.32,0.0,0.0,-99.135,0.0,0.0,-3.963,0.0,0.0,0.15627486,0.0,0.0,-74.14372514,0.0,0.0
THR  54,51.896,0.0,0.0,-7.169,0.0,0.0,-58.575,0.0,0.0,-5.055,0.0,0.0,0.31546568,0.0,0.0,-18.58753432,0.0,0.0
MET  55,85.534,0.0,0.0,-12.542,0.0,0.0,-68.669,0.0,0.0,-1.157,0.0,0.0,0.010758700000000001,0.0,0.0,3.1767587000000073,0.0,0.0
LEU  56,69.611,0.0,0.0,-9.107,0.0,0.0,-73.904,0.0,0.0,0.581,0.0,0.0,0.12493100000000001,0.0,0.0,-12.694068999999992,0.0,0.0
ASN  57,31.633,0.0,0.0,-7.366,0.0,0.0,-84.978,0.0,0.0,-12.156,0.0,0.0,0.5665200800000001,0.0,0.0,-72.30047992,0.0,0.0
THR  58,55.947,0.0,0.0,-6.442,0.0,0.0,-60.848,0.0,0.0,-6.803,0.0,0.0,0.2171523,0.0,0.0,-17.9288477,0.0,0.0
VAL  59,35.925,0.0,0.0,-8.048,0.0,0.0,-40.095,0.0,0.0,-1.128,0.0,0.0,0.01222752,0.0,0.0,-13.333772480000004,0.0,0.0
ALA  60,91.822,0.0,0.0,-5.202,0.0,0.0,-64.093,0.0,0.0,-4.121,0.0,0.0,0.19954272000000003,0.0,0.0,18.60554272,0.0,0.0
PRO  61,78.79,0.0,0.0,-5.198,0.0,0.0,-59.188,0.0,0.0,-1.776,0.0,0.0,0.5386504400000001,0.0,0.0,13.16665044000001,0.0,0.0
HID  62,105.304,0.0,0.0,-6.307,0.0,0.0,-69.716,0.0,0.0,-12.774,0.0,0.0,0.42481418000000004,0.0,0.0,16.931814180000003,0.0,0.0
GLN  63,33.141,0.0,0.0,-5.86,0.0,0.0,-64.376,0.0,0.0,-13.897,0.0,0.0,0.7632118800000001,0.0,0.0,-50.228788120000004,0.0,0.0
ALA  64,83.22,0.0,0.0,-5.098,0.0,0.0,-68.031,0.0,0.0,-4.829,0.0,0.0,0.33287472,0.0,0.0,5.594874719999995,0.0,0.0
ALA  65,87.316,0.0,0.0,-7.327,0.0,0.0,-73.778,0.0,0.0,-2.549,0.0,0.0,0.03675302,0.0,0.0,3.6987530199999985,0.0,0.0
ALA  66,93.631,0.0,0.0,-7.337,0.0,0.0,-83.834,0.0,0.0,-0.584,0.0,0.0,0.0021571600000000004,0.0,0.0,1.8781571599999938,0.0,0.0
GLN  67,40.649,0.0,0.0,-7.095,0.0,0.0,-81.702,0.0,0.0,-7.018,0.0,0.0,0.50855318,0.0,0.0,-54.65744682,0.0,0.0
MET  68,94.44,0.0,0.0,-11.12,0.0,0.0,-77.298,0.0,0.0,-0.764,0.0,0.0,0.1839548,0.0,0.0,5.4419547999999915,0.0,0.0
LEU  69,84.037,0.0,0.0,-11.768,0.0,0.0,-82.122,0.0,0.0,-2.762,0.0,0.0,0.01222752,0.0,0.0,-12.602772479999995,0.0,0.0
LYS  70,126.267,0.0,0.0,-10.079,0.0,0.0,-111.459,0.0,0.0,-25.389,0.0,0.0,0.47253728,0.0,0.0,-20.187462720000013,0.0,0.0
GLU  71,109.293,0.0,0.0,-6.498,0.0,0.0,-81.824,0.0,0.0,-78.987,0.0,0.0,0.46887336,0.0,0.0,-57.54712663999999,0.0,0.0
THR  72,52.095,0.0,0.0,-7.68,0.0,0.0,-59.54,0.0,0.0,-4.286,0.0,0.0,0.03801046,0.0,0.0,-19.372989540000003,0.0,0.0
ILE  73,78.67,0.0,0.0,-10.287,0.0,0.0,-50.955,0.0,0.0,-4.435,0.0,0.0,0.03537092,0.0,0.0,13.028370919999999,0.0,0.0
ASN  74,24.376,0.0,0.0,-7.414,0.0,0.0,-71.319,0.0,0.0,-14.512,0.0,0.0,0.52191348,0.0,0.0,-68.34708652,0.0,0.0
GLU  75,108.147,0.0,0.0,-8.185,0.0,0.0,-58.434,0.0,0.0,-97.21,0.0,0.0,0.5720268000000001,0.0,0.0,-55.109973199999985,0.0,0.0
GLU  76,100.993,0.0,0.0,-10.219,0.0,0.0,-50.434,0.0,0.0,-92.35,0.0,0.0,0.30642512000000005,0.0,0.0,-51.70357487999999,0.0,0.0
ALA  77,86.175,0.0,0.0,-8.011,0.0,0.0,-69.284,0.0,0.0,-2.993,0.0,0.0,0.08629724000000001,0.0,0.0,5.9732972399999955,0.0,0.0
ALA  78,96.473,0.0,0.0,-6.632,0.0,0.0,-85.116,0.0,0.0,0.087,0.0,0.0,0.21251278000000004,0.0,0.0,5.024512779999994,0.0,0.0
GLU  79,112.478,0.0,0.0,-7.825,0.0,0.0,-70.97,0.0,0.0,-84.596,0.0,0.0,0.5136588200000001,0.0,0.0,-50.39934118000001,0.0,0.0
TRP  80,120.275,0.0,0.0,-16.662,0.0,0.0,-86.455,0.0,0.0,-2.288,0.0,0.0,0.26122232,0.0,0.0,15.131222320000001,0.0,0.0
ASP  81,110.553,0.0,0.0,-5.2,0.0,0.0,-85.664,0.0,0.0,-67.646,0.0,0.0,0.37741628000000005,0.0,0.0,-47.57958372000001,0.0,0.0
ARG  82,-193.01,0.0,0.0,-7.365,0.0,0.0,1.628,0.0,0.0,30.306,0.0,0.0,0.9595297,0.0,0.0,-167.4814703,0.0,0.0
LEU  83,68.827,0.0,0.0,-6.186,0.0,0.0,-76.75,0.0,0.0,-3.619,0.0,0.0,0.79066418,0.0,0.0,-16.93733582,0.0,0.0
HID  84,115.212,0.0,0.0,-9.596,0.0,0.0,-77.572,0.0,0.0,-7.111,0.0,0.0,0.30290754000000003,0.0,0.0,21.235907539999996,0.0,0.0
PRO  85,91.04,0.0,0.0,-3.561,0.0,0.0,-63.208,0.0,0.0,-6.57,0.0,0.0,0.6773103,0.0,0.0,18.378310300000013,0.0,0.0
VAL  86,49.512,0.0,0.0,-3.709,0.0,0.0,-48.683,0.0,0.0,-6.062,0.0,0.0,0.73054554,0.0,0.0,-8.211454460000004,0.0,0.0
HID  87,93.148,0.0,0.0,-5.942,0.0,0.0,-56.016,0.0,0.0,-15.169,0.0,0.0,0.63237308,0.0,0.0,16.65337307999999,0.0,0.0
ALA  88,99.408,0.0,0.0,-2.666,0.0,0.0,-73.279,0.0,0.0,-10.376,0.0,0.0,0.5427046,0.0,0.0,13.629704600000009,0.0,0.0
GLY  89,90.778,0.0,0.0,-1.575,0.0,0.0,-70.529,0.0,0.0,-11.07,0.0,0.0,0.3376389,0.0,0.0,7.941638900000006,0.0,0.0
PRO  90,79.121,0.0,0.0,-2.413,0.0,0.0,-51.501,0.0,0.0,-10.251,0.0,0.0,0.7874934800000001,0.0,0.0,15.743493480000001,0.0,0.0
ILE  91,77.272,0.0,0.0,-4.349,0.0,0.0,-55.725,0.0,0.0,-4.691,0.0,0.0,0.38006124,0.0,0.0,12.887061240000001,0.0,0.0
ALA  92,95.912,0.0,0.0,-2.935,0.0,0.0,-66.343,0.0,0.0,-6.955,0.0,0.0,0.33204546,0.0,0.0,20.011045460000002,0.0,0.0
PRO  93,81.122,0.0,0.0,-2.878,0.0,0.0,-54.758,0.0,0.0,-8.501,0.0,0.0,0.84270702,0.0,0.0,15.827707019999998,0.0,0.0
GLY  94,74.392,0.0,0.0,-2.076,0.0,0.0,-64.549,0.0,0.0,-9.79,0.0,0.0,0.44296576,0.0,0.0,-1.5800342400000034,0.0,0.0
GLN  95,40.261,0.0,0.0,-5.833,0.0,0.0,-72.882,0.0,0.0,-13.596,0.0,0.0,0.7445237200000001,0.0,0.0,-51.30547627999999,0.0,0.0
MET  96,109.853,0.0,0.0,-8.934,0.0,0.0,-78.505,0.0,0.0,-6.48,0.0,0.0,0.21230682,0.0,0.0,16.14630682,0.0,0.0
ARG  97,-195.81,0.0,0.0,-4.375,0.0,0.0,-21.106,0.0,0.0,35.802,0.0,0.0,0.42052696,0.0,0.0,-185.06847304000001,0.0,0.0
GLU  98,105.187,0.0,0.0,-5.716,0.0,0.0,-57.164,0.0,0.0,-90.57,0.0,0.0,0.6434353,0.0,0.0,-47.61956469999999,0.0,0.0
PRO  99,95.39,0.0,0.0,-9.407,0.0,0.0,-63.48,0.0,0.0,-2.671,0.0,0.0,0.01210828,0.0,0.0,19.844108280000007,0.0,0.0
ARG 100,-182.168,0.0,0.0,-9.509,0.0,0.0,-19.351,0.0,0.0,36.116,0.0,0.0,0.31020828,0.0,0.0,-174.60179172000002,0.0,0.0
GLY 101,77.995,0.0,0.0,-6.352,0.0,0.0,-82.881,0.0,0.0,-0.554,0.0,0.0,0.00072086,0.0,0.0,-11.79127914,0.0,0.0
SER 102,75.637,0.0,0.0,-6.848,0.0,0.0,-67.239,0.0,0.0,-4.882,0.0,0.0,0.25535788,0.0,0.0,-3.0766421200000025,0.0,0.0
ASP 103,87.333,0.0,0.0,-8.661,0.0,0.0,-90.907,0.0,0.0,-49.311,0.0,0.0,0.009842720000000001,0.0,0.0,-61.53615728,0.0,0.0
ILE 104,82.805,0.0,0.0,-11.826,0.0,0.0,-60.528,0.0,0.0,-0.22,0.0,0.0,0.0,0.0,0.0,10.231000000000014,0.0,0.0
ALA 105,84.699,0.0,0.0,-6.517,0.0,0.0,-78.737,0.0,0.0,-0.007,0.0,0.0,0.08217262,0.0,0.0,-0.4798273799999926,0.0,0.0
GLY 106,89.41,0.0,0.0,-5.577,0.0,0.0,-86.431,0.0,0.0,-1.994,0.0,0.0,0.0017886000000000002,0.0,0.0,-4.5902113999999985,0.0,0.0
THR 107,41.845,0.0,0.0,-5.307,0.0,0.0,-42.933,0.0,0.0,-8.386,0.0,0.0,0.59242768,0.0,0.0,-14.188572320000002,0.0,0.0
THR 108,45.786,0.0,0.0,-4.078,0.0,0.0,-58.769,0.0,0.0,-4.007,0.0,0.0,0.52513838,0.0,0.0,-20.542861619999996,0.0,0.0
SER 109,71.404,0.0,0.0,-5.373,0.0,0.0,-66.837,0.0,0.0,-2.968,0.0,0.0,0.054281300000000005,0.0,0.0,-3.7197187000000116,0.0,0.0
THR 110,38.07,0.0,0.0,-6.615,0.0,0.0,-34.015,0.0,0.0,-10.113,0.0,0.0,0.42419088,0.0,0.0,-12.248809120000002,0.0,0.0
LEU 111,60.106,0.0,0.0,-6.407,0.0,0.0,-55.231,0.0,0.0,-6.113,0.0,0.0,0.44795758,0.0,0.0,-7.197042420000004,0.0,0.0
GLN 112,36.635,0.0,0.0,-6.34,0.0,0.0,-73.063,0.0,0.0,-16.466,0.0,0.0,0.7709082800000001,0.0,0.0,-58.46309172,0.0,0.0
GLU 113,102.202,0.0,0.0,-5.007,0.0,0.0,-102.997,0.0,0.0,-51.876,0.0,0.0,0.17662154000000002,0.0,0.0,-57.501378460000005,0.0,0.0
GLN 114,36.184,0.0,0.0,-11.284,0.0,0.0,-73.013,0.0,0.0,-6.937,0.0,0.0,0.03833566000000001,0.0,0.0,-55.01166434,0.0,0.0
ILE 115,90.437,0.0,0.0,-7.662,0.0,0.0,-69.998,0.0,0.0,-1.309,0.0,0.0,0.13108812,0.0,0.0,11.599088119999987,0.0,0.0
GLY 116,79.246,0.0,0.0,-5.379,0.0,0.0,-72.604,0.0,0.0,-2.84,0.0,0.0,0.10036214,0.0,0.0,-1.4766378600000087,0.0,0.0
TRP 117,121.74,0.0,0.0,-18.653,0.0,0.0,-90.312,0.0,0.0,-2.808,0.0,0.0,0.00685088,0.0,0.0,9.973850879999992,0.0,0.0
MET 118,96.783,0.0,0.0,-9.022,0.0,0.0,-79.389,0.0,0.0,-5.73,0.0,0.0,0.46344794000000006,0.0,0.0,3.1054479399999995,0.0,0.0
THR 119,39.083,0.0,0.0,-6.216,0.0,0.0,-44.527,0.0,0.0,-7.236,0.0,0.0,0.31065272000000005,0.0,0.0,-18.585347280000004,0.0,0.0
HID 120,95.976,0.0,0.0,-10.338,0.0,0.0,-61.994,0.0,0.0,-9.606,0.0,0.0,0.32619186,0.0,0.0,14.364191860000005,0.0,0.0
ASN 121,30.013,0.0,0.0,-4.236,0.0,0.0,-61.55,0.0,0.0,-20.972,0.0,0.0,0.7902089,0.0,0.0,-55.954791099999994,0.0,0.0
PRO 122,98.07,0.0,0.0,-3.599,0.0,0.0,-61.521,0.0,0.0,-3.271,0.0,0.0,0.65122926,0.0,0.0,30.33022925999999,0.0,0.0
PRO 123,84.562,0.0,0.0,-6.18,0.0,0.0,-62.579,0.0,0.0,-2.917,0.0,0.0,0.40184422000000003,0.0,0.0,13.287844220000004,0.0,0.0
ILE 124,92.343,0.0,0.0,-5.151,0.0,0.0,-62.294,0.0,0.0,-2.322,0.0,0.0,0.22669150000000002,0.0,0.0,22.802691500000012,0.0,0.0
PRO 125,92.861,0.0,0.0,-5.428,0.0,0.0,-62.237,0.0,0.0,-2.35,0.0,0.0,0.46781646000000005,0.0,0.0,23.313816460000005,0.0,0.0
VAL 126,56.605,0.0,0.0,-9.187,0.0,0.0,-54.418,0.0,0.0,-1.214,0.0,0.0,0.024536340000000004,0.0,0.0,-8.189463660000001,0.0,0.0
GLY 127,70.525,0.0,0.0,-4.76,0.0,0.0,-71.603,0.0,0.0,-2.498,0.0,0.0,0.0794572,0.0,0.0,-8.256542799999995,0.0,0.0
GLU 128,110.09,0.0,0.0,-7.478,0.0,0.0,-82.618,0.0,0.0,-66.782,0.0,0.0,0.5099515400000001,0.0,0.0,-46.27804845999998,0.0,0.0
ILE 129,84.438,0.0,0.0,-8.762,0.0,0.0,-66.272,0.0,0.0,-0.058,0.0,0.0,0.24354228,0.0,0.0,9.589542279999996,0.0,0.0
TYR 130,92.209,0.0,0.0,-14.984,0.0,0.0,-91.268,0.0,0.0,-0.712,0.0,0.0,0.0026829,0.0,0.0,-14.752317099999992,0.0,0.0
LYS 131,139.865,0.0,0.0,-12.998,0.0,0.0,-175.085,0.0,0.0,33.607,0.0,0.0,0.10826992,0.0,0.0,-14.502730080000005,0.0,0.0
ARG 132,-183.151,0.0,0.0,-8.833,0.0,0.0,32.675,0.0,0.0,-10.86,0.0,0.0,0.78762898,0.0,0.0,-169.38137102000005,0.0,0.0
TRP 133,125.248,0.0,0.0,-17.377,0.0,0.0,-98.174,0.0,0.0,-4.115,0.0,0.0,0.10107758000000001,0.0,0.0,5.683077580000003,0.0,0.0
ILE 134,89.958,0.0,0.0,-11.252,0.0,0.0,-73.197,0.0,0.0,0.087,0.0,0.0,0.0228995,0.0,0.0,5.6188995,0.0,0.0
ILE 135,76.261,0.0,0.0,-10.538,0.0,0.0,-62.112,0.0,0.0,-0.503,0.0,0.0,0.10767914,0.0,0.0,3.215679139999997,0.0,0.0
LEU 136,64.339,0.0,0.0,-9.122,0.0,0.0,-68.807,0.0,0.0,-0.413,0.0,0.0,0.36374704,0.0,0.0,-13.639252960000004,0.0,0.0
GLY 137,77.209,0.0,0.0,-7.001,0.0,0.0,-77.405,0.0,0.0,0.332,0.0,0.0,0.0,0.0,0.0,-6.865000000000003,0.0,0.0
LEU 138,60.911,0.0,0.0,-10.317,0.0,0.0,-68.996,0.0,0.0,0.007,0.0,0.0,0.00708394,0.0,0.0,-18.38791605999999,0.0,0.0
ASN 139,36.418,0.0,0.0,-7.188,0.0,0.0,-87.752,0.0,0.0,-8.446,0.0,0.0,0.39834832,0.0,0.0,-66.56965167999999,0.0,0.0
LYS 140,135.912,0.0,0.0,-9.556,0.0,0.0,-137.741,0.0,0.0,-1.256,0.0,0.0,0.5729482,0.0,0.0,-12.068051800000005,0.0,0.0
ILE 141,93.083,0.0,0.0,-11.778,0.0,0.0,-75.685,0.0,0.0,-1.914,0.0,0.0,0.0055284,0.0,0.0,3.711528399999991,0.0,0.0
VAL 142,62.815,0.0,0.0,-10.191,0.0,0.0,-58.582,0.0,0.0,-4.127,0.0,0.0,0.09776054,0.0,0.0,-9.987239460000005,0.0,0.0
ARG 143,-192.866,0.0,0.0,-5.539,0.0,0.0,66.917,0.0,0.0,-36.643,0.0,0.0,1.23592802,0.0,0.0,-166.89507198,0.0,0.0
MET 144,93.265,0.0,0.0,-7.675,0.0,0.0,-73.023,0.0,0.0,-6.753,0.0,0.0,0.56201606,0.0,0.0,6.3760160600000075,0.0,0.0
TYR 145,96.752,0.0,0.0,-9.783,0.0,0.0,-85.205,0.0,0.0,-8.752,0.0,0.0,0.5886174200000001,0.0,0.0,-6.399382580000005,0.0,0.0
SER 146,81.139,0.0,0.0,-3.744,0.0,0.0,-55.384,0.0,0.0,-10.816,0.0,0.0,0.42391446,0.0,0.0,11.618914459999996,0.0,0.0
PRO 147,86.953,0.0,0.0,-3.173,0.0,0.0,-61.164,0.0,0.0,-6.266,0.0,0.0,0.7772225800000001,0.0,0.0,17.12722258,0.0,0.0
THR 148,38.947,0.0,0.0,-3.538,0.0,0.0,-45.108,0.0,0.0,-10.327,0.0,0.0,0.62534334,0.0,0.0,-19.40065665999999,0.0,0.0
SER 149,65.934,0.0,0.0,-2.217,0.0,0.0,-45.712,0.0,0.0,-15.68,0.0,0.0,0.6107581200000001,0.0,0.0,2.9357581199999956,0.0,0.0
ILE 150,60.106,0.0,0.0,-1.511,0.0,0.0,-29.737,0.0,0.0,-10.157,0.0,0.0,1.26537488,0.0,0.0,19.96637488,0.0,0.0

Ligand:
Total Energy Decomposition:
Residue,Internal,,,van der Waals,,,Electrostatic,,,Polar Solvation,,,Non-Polar Solv.,,,TOTAL,,
,Avg.,Std. Dev.,Std. Err. of Mean,Avg.,Std. Dev.,Std. Err. of Mean,Avg.,Std. Dev.,Std. Err. of Mean,Avg.,Std. Dev.,Std. Err. of Mean,Avg.,Std. Dev.,Std. Err. of Mean,Avg.,Std. Dev.,Std. Err. of Mean
LEU   1,42.123,0.0,0.0,-2.258,0.0,0.0,-45.191,0.0,0.0,-1.106,0.0,0.0,0.92051654,0.0,0.0,-5.511483460000007,0.0,0.0
ASP   2,96.514,0.0,0.0,-4.01,0.0,0.0,-81.772,0.0,0.0,-67.58,0.0,0.0,0.73188428,0.0,0.0,-56.11611572000001,0.0,0.0
ILE   3,95.714,0.0,0.0,-5.835,0.0,0.0,-72.052,0.0,0.0,-3.379,0.0,0.0,0.17797654000000002,0.0,0.0,14.625976539999998,0.0,0.0
ARG   4,-196.429,0.0,0.0,-5.674,0.0,0.0,25.365,0.0,0.0,-4.186,0.0,0.0,0.72116894,0.0,0.0,-180.20283106,0.0,0.0
GLN   5,31.916,0.0,0.0,-11.755,0.0,0.0,-83.802,0.0,0.0,-2.621,0.0,0.0,0.07879054,0.0,0.0,-66.18320946,0.0,0.0
GLY   6,86.214,0.0,0.0,-3.844,0.0,0.0,-69.288,0.0,0.0,-6.391,0.0,0.0,0.10002609999999999,0.0,0.0,6.791026100000008,0.0,0.0
PRO   7,86.608,0.0,0.0,-3.352,0.0,0.0,-53.825,0.0,0.0,-8.872,0.0,0.0,0.7518027800000001,0.0,0.0,21.310802779999996,0.0,0.0
LYS   8,120.255,0.0,0.0,-4.142,0.0,0.0,-83.115,0.0,0.0,-48.392,0.0,0.0,1.1896358,0.0,0.0,-14.204364199999999,0.0,0.0
GLU   9,108.03,0.0,0.0,-7.163,0.0,0.0,-122.715,0.0,0.0,-27.008,0.0,0.0,0.23553152000000002,0.0,0.0,-48.62046847999999,0.0,0.0
PRO  10,79.451,0.0,0.0,-6.42,0.0,0.0,-58.877,0.0,0.0,-1.568,0.0,0.0,0.18319058000000002,0.0,0.0,12.76919057999999,0.0,0.0
PHE  11,105.817,0.0,0.0,-12.391,0.0,0.0,-76.198,0.0,0.0,-2.263,0.0,0.0,0.0028780200000000002,0.0,0.0,14.967878019999995,0.0,0.0
ARG  12,-196.548,0.0,0.0,-7.948,0.0,0.0,5.816,0.0,0.0,17.77,0.0,0.0,0.7023940599999999,0.0,0.0,-180.20760594,0.0,0.0
ASP  13,91.647,0.0,0.0,-7.487,0.0,0.0,-78.543,0.0,0.0,-69.199,0.0,0.0,0.46170812000000006,0.0,0.0,-63.120291879999996,0.0,0.0
TYR  14,98.514,0.0,0.0,-16.901,0.0,0.0,-98.729,0.0,0.0,0.075,0.0,0.0,0.0,0.0,0.0,-17.041,0.0,0.0
VAL  15,49.37,0.0,0.0,-8.945,0.0,0.0,-53.188,0.0,0.0,1.934,0.0,0.0,0.034530820000000004,0.0,0.0,-10.794469180000005,0.0,0.0
ASP  16,121.889,0.0,0.0,-7.265,0.0,0.0,-148.027,0.0,0.0,-15.495,0.0,0.0,0.33075550000000004,0.0,0.0,-48.56724449999999,0.0,0.0
ARG  17,-184.178,0.0,0.0,-8.014,0.0,0.0,12.484,0.0,0.0,-0.511,0.0,0.0,0.510564,0.0,0.0,-179.708436,0.0,0.0
PHE  18,96.807,0.0,0.0,-14.737,0.0,0.0,-81.024,0.0,0.0,-1.373,0.0,0.0,0.0235228,0.0,0.0,-0.3034771999999935,0.0,0.0
TYR  19,102.679,0.0,0.0,-13.787,0.0,0.0,-92.827,0.0,0.0,-2.454,0.0,0.0,0.15341852,0.0,0.0,-6.235581480000003,0.0,0.0
LYS  20,142.249,0.0,0.0,-7.963,0.0,0.0,-122.093,0.0,0.0,-27.37,0.0,0.0,0.61681226,0.0,0.0,-14.560187740000003,0.0,0.0
THR  21,45.338,0.0,0.0,-6.841,0.0,0.0,-56.959,0.0,0.0,-6.144,0.0,0.0,0.30423002000000005,0.0,0.0,-24.301769980000003,0.0,0.0
LEU  22,71.871,0.0,0.0,-10.459,0.0,0.0,-66.37,0.0,0.0,-4.849,0.0,0.0,0.07393964,0.0,0.0,-9.733060360000012,0.0,0.0
ARG  23,-192.54,0.0,0.0,-8.926,0.0,0.0,81.615,0.0,0.0,-52.903,0.0,0.0,0.8248481200000001,0.0,0.0,-171.92915187999998,0.0,0.0
ALA  24,90.555,0.0,0.0,-4.415,0.0,0.0,-77.486,0.0,0.0,-6.845,0.0,0.0,0.47451558000000005,0.0,0.0,2.283515579999997,0.0,0.0
GLU  25,103.255,0.0,0.0,-6.186,0.0,0.0,-65.728,0.0,0.0,-87.195,0.0,0.0,0.7719489199999999,0.0,0.0,-55.08205108,0.0,0.0
GLN  26,28.608,0.0,0.0,-3.713,0.0,0.0,-62.536,0.0,0.0,-19.909,0.0,0.0,0.93184434,0.0,0.0,-56.618155660000006,0.0,0.0
ALA  27,96.279,0.0,0.0,-4.604,0.0,0.0,-83.664,0.0,0.0,-4.153,0.0,0.0,0.19615522000000002,0.0,0.0,4.054155219999996,0.0,0.0
SER  28,74.412,0.0,0.0,-5.394,0.0,0.0,-61.91,0.0,0.0,-8.631,0.0,0.0,0.36439744,0.0,0.0,-1.158602559999996,0.0,0.0
GLN  29,31.657,0.0,0.0,-5.204,0.0,0.0,-68.155,0.0,0.0,-14.603,0.0,0.0,0.74754266,0.0,0.0,-55.55745734,0.0,0.0
GLU  30,110.777,0.0,0.0,-4.825,0.0,0.0,-80.094,0.0,0.0,-77.395,0.0,0.0,0.8672542,0.0,0.0,-50.669745799999994,0.0,0.0
VAL  31,66.14,0.0,0.0,-6.272,0.0,0.0,-57.607,0.0,0.0,-2.907,0.0,0.0,0.29567726,0.0,0.0,-0.35032273999999725,0.0,0.0
LYS  32,112.552,0.0,0.0,-10.977,0.0,0.0,-84.058,0.0,0.0,-39.453,0.0,0.0,0.25558552,0.0,0.0,-21.680414480000007,0.0,0.0
ASN  33,20.839,0.0,0.0,-7.373,0.0,0.0,-79.674,0.0,0.0,-13.147,0.0,0.0,0.5382439400000001,0.0,0.0,-78.81675606000002,0.0,0.0
TRP  34,122.773,0.0,0.0,-9.951,0.0,0.0,-89.263,0.0,0.0,-9.055,0.0,0.0,0.9801799000000001,0.0,0.0,15.484179899999997,0.0,0.0
MET  35,100.988,0.0,0.0,-11.413,0.0,0.0,-85.392,0.0,0.0,-2.243,0.0,0.0,0.15528842,0.0,0.0,2.0952884200000073,0.0,0.0
THR  36,41.489,0.0,0.0,-9.287,0.0,0.0,-55.287,0.0,0.0,-2.262,0.0,0.0,0.06500748,0.0,0.0,-25.281992520000003,0.0,0.0
GLU  37,102.299,0.0,0.0,-7.257,0.0,0.0,-58.267,0.0,0.0,-85.109,0.0,0.0,0.33141674,0.0,0.0,-48.002583259999994,0.0,0.0
THR  38,45.363,0.0,0.0,-5.054,0.0,0.0,-54.066,0.0,0.0,-0.942,0.0,0.0,0.29669080000000003,0.0,0.0,-14.402309200000005,0.0,0.0
LEU  39,63.926,0.0,0.0,-7.863,0.0,0.0,-66.67,0.0,0.0,-1.361,0.0,0.0,0.22104386,0.0,0.0,-11.74695614,0.0,0.0
LEU  40,84.671,0.0,0.0,-12.061,0.0,0.0,-92.789,0.0,0.0,0.613,0.0,0.0,0.0,0.0,0.0,-19.56599999999999,0.0,0.0
VAL  41,54.947,0.0,0.0,-8.05,0.0,0.0,-59.255,0.0,0.0,1.56,0.0,0.0,0.1581556,0.0,0.0,-10.639844399999996,0.0,0.0
GLN  42,19.239,0.0,0.0,-6.499,0.0,0.0,-68.938,0.0,0.0,-3.08,0.0,0.0,0.6557658000000001,0.0,0.0,-58.6222342,0.0,0.0
ASN  43,16.589,0.0,0.0,-9.485,0.0,0.0,-76.232,0.0,0.0,-4.713,0.0,0.0,0.04675292,0.0,0.0,-73.79424707999999,0.0,0.0
ALA  44,90.195,0.0,0.0,-8.067,0.0,0.0,-81.136,0.0,0.0,-0.751,0.0,0.0,0.030406200000000005,0.0,0.0,0.2714061999999902,0.0,0.0
ASN  45,50.718,0.0,0.0,-5.867,0.0,0.0,-98.932,0.0,0.0,-7.678,0.0,0.0,0.21527698,0.0,0.0,-61.543723019999995,0.0,0.0
PRO  46,77.956,0.0,0.0,-3.445,0.0,0.0,-62.902,0.0,0.0,-1.303,0.0,0.0,0.54452572,0.0,0.0,10.850525720000007,0.0,0.0
ASP  47,82.695,0.0,0.0,-5.736,0.0,0.0,-66.542,0.0,0.0,-70.952,0.0,0.0,0.65970072,0.0,0.0,-59.87529928000001,0.0,0.0
CYX  48,101.328,0.0,0.0,-7.461,0.0,0.0,-78.547,0.0,0.0,-3.005,0.0,0.0,0.04217302,0.0,0.0,12.357173020000008,0.0,0.0
LYS  49,130.461,0.0,0.0,-10.169,0.0,0.0,-119.358,0.0,0.0,-22.605,0.0,0.0,0.33808876000000004,0.0,0.0,-21.332911239999987,0.0,0.0
THR  50,50.958,0.0,0.0,-4.909,0.0,0.0,-65.236,0.0,0.0,-1.799,0.0,0.0,0.51363714,0.0,0.0,-20.472362860000004,0.0,0.0
ILE  51,78.118,0.0,0.0,-7.183,0.0,0.0,-56.207,0.0,0.0,-3.133,0.0,0.0,0.4636755800000001,0.0,0.0,12.058675580000003,0.0,0.0
LEU  52,81.768,0.0,0.0,-9.83,0.0,0.0,-74.584,0.0,0.0,-3.442,0.0,0.0,0.036828900000000005,0.0,0.0,-6.051171100000001,0.0,0.0
LYS  53,113.058,0.0,0.0,-4.372,0.0,0.0,-86.678,0.0,0.0,-44.135,0.0,0.0,1.0193773400000001,0.0,0.0,-21.10762265999999,0.0,0.0
ALA  54,82.939,0.0,0.0,-3.763,0.0,0.0,-73.534,0.0,0.0,-5.83,0.0,0.0,0.50545836,0.0,0.0,0.3174583599999816,0.0,0.0
LEU  55,78.891,0.0,0.0,-5.264,0.0,0.0,-77.971,0.0,0.0,-6.538,0.0,0.0,0.51124692,0.0,0.0,-10.370753079999995,0.0,0.0
GLY  56,89.18,0.0,0.0,-2.053,0.0,0.0,-72.592,0.0,0.0,-10.883,0.0,0.0,0.15971114,0.0,0.0,3.811711140000012,0.0,0.0
PRO  57,80.346,0.0,0.0,-2.477,0.0,0.0,-55.793,0.0,0.0,-6.698,0.0,0.0,0.66116412,0.0,0.0,16.03916412,0.0,0.0
GLY  58,66.029,0.0,0.0,-1.569,0.0,0.0,-67.043,0.0,0.0,-3.471,0.0,0.0,0.3954974,0.0,0.0,-5.658502600000013,0.0,0.0
ALA  59,97.904,0.0,0.0,-5.399,0.0,0.0,-86.018,0.0,0.0,-5.172,0.0,0.0,0.05921892,0.0,0.0,1.374218919999995,0.0,0.0
THR  60,43.362,0.0,0.0,-3.426,0.0,0.0,-55.851,0.0,0.0,-3.61,0.0,0.0,0.46489508,0.0,0.0,-19.060104919999997,0.0,0.0
LEU  61,66.925,0.0,0.0,-8.591,0.0,0.0,-63.845,0.0,0.0,-5.051,0.0,0.0,0.32559566,0.0,0.0,-10.236404340000004,0.0,0.0
GLU  62,103.013,0.0,0.0,-5.542,0.0,0.0,-101.741,0.0,0.0,-56.558,0.0,0.0,0.55738196,0.0,0.0,-60.270618039999995,0.0,0.0
GLU  63,104.553,0.0,0.0,-5.149,0.0,0.0,-62.325,0.0,0.0,-86.437,0.0,0.0,0.47411992000000003,0.0,0.0,-48.883880080000004,0.0,0.0
MET  64,96.114,0.0,0.0,-11.381,0.0,0.0,-75.308,0.0,0.0,-2.239,0.0,0.0,0.0271813,0.0,0.0,7.213181299999997,0.0,0.0
MET  65,99.818,0.0,0.0,-11.539,0.0,0.0,-83.689,0.0,0.0,-3.787,0.0,0.0,0.12939166000000002,0.0,0.0,0.9323916600000035,0.0,0.0
THR  66,45.198,0.0,0.0,-4.132,0.0,0.0,-52.334,0.0,0.0,-6.662,0.0,0.0,0.6866164400000001,0.0,0.0,-17.243383559999998,0.0,0.0
ALA  67,76.356,0.0,0.0,-5.119,0.0,0.0,-65.084,0.0,0.0,-3.173,0.0,0.0,0.15024782,0.0,0.0,3.1302478199999917,0.0,0.0
CYX  68,96.168,0.0,0.0,-7.301,0.0,0.0,-75.796,0.0,0.0,-7.139,0.0,0.0,0.0125473,0.0,0.0,5.944547299999997,0.0,0.0
GLN  69,34.64,0.0,0.0,-3.978,0.0,0.0,-69.202,0.0,0.0,-13.991,0.0,0.0,0.90542184,0.0,0.0,-51.625578159999996,0.0,0.0
GLY  70,101.205,0.0,0.0,-1.95,0.0,0.0,-85.37,0.0,0.0,-8.34,0.0,0.0,0.33422972,0.0,0.0,5.879229719999991,0.0,0.0
VAL  71,39.894,0.0,0.0,-2.088,0.0,0.0,-24.19,0.0,0.0,-95.938,0.0,0.0,1.04436896,0.0,0.0,-81.27763104,0.0,0.0

DELTAS:
Total Energy Decomposition:
Residue,Location,Internal,,,van der Waals,,,Electrostatic,,,Polar Solvation,,,Non-Polar Solv.,,,TOTAL,,
,,Avg.,Std. Dev.,Std. Err. of Mean,Avg.,Std. Dev.,Std. Err. of Mean,Avg.,Std. Dev.,Std. Err. of Mean,Avg.,Std. Dev.,Std. Err. of Mean,Avg.,Std. Dev.,Std. Err. of Mean
PRO   1,R PRO   1,0.0,0.0,0.0,0.0,0.0,0.0,-4.972999999999999,0.0,0.0,4.978,0.0,0.0,0.0,0.0,0.0,0.005000000000000782,0.0,0.0
ILE   2,R ILE   2,0.0,0.0,0.0,0.0,0.0,0.0,0.0030000000000001137,0.0,0.0,-0.0030000000000001137,0.0,0.0,0.0,0.0,0.0,0.0,0.0,0.0
VAL   3,R VAL   3,0.0,0.0,0.0,0.0,0.0,0.0,-0.008000000000002672,0.0,0.0,0.007999999999999896,0.0,0.0,0.0,0.0,0.0,-1.7763568394002505e-15,0.0,0.0
GLN   4,R GLN   4,0.0,0.0,0.0,0.0,0.0,0.0,-0.007000000000005002,0.0,0.0,0.006999999999999673,0.0,0.0,0.0,0.0,0.0,-7.105427357601002e-15,0.0,0.0
ASN   5,R ASN   5,0.0,0.0,0.0,0.0,0.0,0.0,0.028000000000005798,0.0,0.0,-0.02800000000000047,0.0,0.0,0.0,0.0,0.0,1.4210854715202004e-14,0.0,0.0
LEU   6,R LEU   6,0.0,0.0,0.0,0.0,0.0,0.0,0.019000000000005457,0.0,0.0,-0.019999999999999574,0.0,0.0,0.0,0.0,0.0,-0.0009999999999941167,0.0,0.0
GLN   7,R GLN   7,0.0,0.0,0.0,0.0,0.0,0.0,-0.005000000000009663,0.0,0.0,0.006000000000000227,0.0,0.0,0.0,0.0,0.0,0.000999999999990564,0.0,0.0
GLY   8,R GLY   8,0.0,0.0,0.0,0.0,0.0,0.0,0.019000000000005457,0.0,0.0,-0.019000000000000128,0.0,0.0,0.0,0.0,0.0,5.329070518200751e-15,0.0,0.0
GLN   9,R GLN   9,0.0,0.0,0.0,0.0,0.0,0.0,0.0,0.0,0.0,0.0,0.0,0.0,0.0,0.0,0.0,0.0,0.0,0.0
MET  10,R MET  10,0.0,0.0,0.0,0.0,0.0,0.0,-0.009000000000000341,0.0,0.0,0.008999999999999453,0.0,0.0,0.0,0.0,0.0,-1.7763568394002505e-15,0.0,0.0
VAL  11,R VAL  11,0.0,0.0,0.0,0.0,0.0,0.0,0.01899999999999835,0.0,0.0,-0.019000000000000128,0.0,0.0,0.0,0.0,0.0,-1.7763568394002505e-15,0.0,0.0
HID  12,R HID  12,0.0,0.0,0.0,-0.0009999999999994458,0.0,0.0,-0.0020000000000024443,0.0,0.0,0.002000000000000668,0.0,0.0,0.0,0.0,0.0,-0.0010000000000065512,0.0,0.0
GLN  13,R GLN  13,0.0,0.0,0.0,0.0,0.0,0.0,0.02200000000000557,0.0,0.0,-0.02099999999999902,0.0,0.0,0.0,0.0,0.0,0.0010000000000047748,0.0,0.0
ALA  14,R ALA  14,0.0,0.0,0.0,0.0,0.0,0.0,-0.01099999999999568,0.0,0.0,0.009999999999999787,0.0,0.0,0.0,0.0,0.0,-0.000999999999995893,0.0,0.0
ILE  15,R ILE  15,0.0,0.0,0.0,-0.0009999999999994458,0.0,0.0,-0.0049999999999954525,0.0,0.0,0.005999999999999339,0.0,0.0,0.0,0.0,0.0,1.2434497875801753e-14,0.0,0.0
SER  16,R SER  16,0.0,0.0,0.0,-0.001000000000000334,0.0,0.0,0.003999999999997783,0.0,0.0,-0.004999999999999893,0.0,0.0,0.0,0.0,0.0,-0.0020000000000077733,0.0,0.0
PRO  17,R PRO  17,0.0,0.0,0.0,-0.0009999999999994458,0.0,0.0,0.0,0.0,0.0,0.0,0.0,0.0,0.0,0.0,0.0,-0.000999999999990564,0.0,0.0
ARG  18,R ARG  18,0.0,0.0,0.0,-0.0019999999999997797,0.0,0.0,-5.265999999999998,0.0,0.0,5.270000000000003,0.0,0.0,0.0,0.0,0.0,0.0020000000000095497,0.0,0.0
THR  19,R THR  19,0.0,0.0,0.0,-0.001000000000000334,0.0,0.0,-0.045000000000001705,0.0,0.0,0.04600000000000026,0.0,0.0,0.0,0.0,0.0,3.552713678800501e-15,0.0,0.0
LEU  20,R LEU  20,0.0,0.0,0.0,-0.002000000000000668,0.0,0.0,-0.003999999999997783,0.0,0.0,0.004999999999999893,0.0,0.0,0.0,0.0,0.0,-0.0009999999999932285,0.0,0.0
ASN  21,R ASN  21,0.0,0.0,0.0,-0.0019999999999997797,0.0,0.0,-0.0040000000000048885,0.0,0.0,0.0070000000000014495,0.0,0.0,0.0,0.0,0.0,0.0010000000000047748,0.0,0.0
ALA  22,R ALA  22,0.0,0.0,0.0,-0.0019999999999997797,0.0,0.0,-0.06199999999999761,0.0,0.0,0.06600000000000028,0.0,0.0,0.0,0.0,0.0,0.0019999999999926743,0.0,0.0
TRP  23,R TRP  23,0.0,0.0,0.0,-0.0070000000000014495,0.0,0.0,-0.11599999999999966,0.0,0.0,0.125,0.0,0.0,0.0,0.0,0.0,0.001999999999995339,0.0,0.0
VAL  24,R VAL  24,0.0,0.0,0.0,-0.0030000000000001137,0.0,0.0,0.02200000000000557,0.0,0.0,-0.018000000000000238,0.0,0.0,0.0,0.0,0.0,0.001000000000005663,0.0,0.0
LYS  25,R LYS  25,0.0,0.0,0.0,-0.0070000000000014495,0.0,0.0,-5.003999999999991,0.0,0.0,5.057000000000002,0.0,0.0,0.0,0.0,0.0,0.04600000000000648,0.0,0.0
VAL  26,R VAL  26,0.0,0.0,0.0,-0.013999999999999346,0.0,0.0,0.031999999999996476,0.0,0.0,-0.0040000000000000036,0.0,0.0,0.0,0.0,0.0,0.013999999999994017,0.0,0.0
VAL  27,R VAL  27,0.0,0.0,0.0,-0.008000000000000895,0.0,0.0,0.12399999999999523,0.0,0.0,-0.1070000000000002,0.0,0.0,0.0,0.0,0.0,0.008999999999998565,0.0,0.0
GLU  28,R GLU  28,0.0,0.0,0.0,-0.008000000000000007,0.0,0.0,5.725000000000001,0.0,0.0,-5.683000000000007,0.0,0.0,0.0,0.0,0.0,0.03399999999999892,0.0,0.0
GLU  29,R GLU  29,0.0,0.0,0.0,-0.0129999999999999,0.0,0.0,5.111999999999995,0.0,0.0,-5.0290000000000035,0.0,0.0,0.0,0.0,0.0,0.07000000000000028,0.0,0.0
LYS  30,R LYS  30,0.0,0.0,0.0,-0.056999999999999496,0.0,0.0,-3.3319999999999936,0.0,0.0,3.5720000000000027,0.0,0.0,0.0,0.0,0.0,0.18300000000000693,0.0,0.0
ALA  31,R ALA  31,0.0,0.0,0.0,-0.04400000000000048,0.0,0.0,0.125,0.0,0.0,0.007000000000000561,0.0,0.0,0.0,0.0,0.0,0.08800000000000363,0.0,0.0
PHE  32,R PHE  32,0.0,0.0,0.0,-0.14000000000000057,0.0,0.0,1.2019999999999982,0.0,0.0,-0.9550000000000001,0.0,0.0,0.0,0.0,0.0,0.10699999999999754,0.0,0.0
SER  33,R SER  33,0.0,0.0,0.0,-0.5039999999999996,0.0,0.0,1.9050000000000011,0.0,0.0,-0.9740000000000002,0.0,0.0,-0.04376649999999996,0.0,0.0,0.3832334999999958,0.0,0.0
PRO  34,R PRO  34,0.0,0.0,0.0,-3.6549999999999994,0.0,0.0,1.7289999999999992,0.0,0.0,-1.0310000000000001,0.0,0.0,-0.45905232,0.0,0.0,-3.416052320000002,0.0,0.0
GLU  35,R GLU  35,0.0,0.0,0.0,0.36400000000000077,0.0,0.0,-54.89099999999999,0.0,0.0,49.946,0.0,0.0,-0.29496724,0.0,0.0,-4.875967239999987,0.0,0.0
VAL  36,R VAL  36,0.0,0.0,0.0,-0.09600000000000009,0.0,0.0,-0.04399999999999693,0.0,0.0,0.118,0.0,0.0,0.0,0.0,0.0,-0.022000000000002018,0.0,0.0
ILE  37,R ILE  37,0.0,0.0,0.0,-0.2810000000000006,0.0,0.0,1.0730000000000004,0.0,0.0,-0.99,0.0,0.0,-0.008634060000000013,0.0,0.0,-0.20663406000000606,0.0,0.0
PRO  38,R PRO  38,0.0,0.0,0.0,-0.16100000000000048,0.0,0.0,1.9040000000000035,0.0,0.0,-1.8719999999999999,0.0,0.0,-0.03001054000000003,0.0,0.0,-0.15901053999998283,0.0,0.0
MET  39,R MET  39,0.0,0.0,0.0,-0.0470000000000006,0.0,0.0,1.024000000000001,0.0,0.0,-0.9670000000000001,0.0,0.0,0.0,0.0,0.0,0.01000000000000334,0.0,0.0
PHE  40,R PHE  40,0.0,0.0,0.0,-0.016000000000000014,0.0,0.0,0.31399999999999295,0.0,0.0,-0.29400000000000004,0.0,0.0,0.0,0.0,0.0,0.004000000000002224,0.0,0.0
SER  41,R SER  41,0.0,0.0,0.0,-0.01100000000000012,0.0,0.0,0.7129999999999939,0.0,0.0,-0.649,0.0,0.0,0.0,0.0,0.0,0.05299999999999816,0.0,0.0
ALA  42,R ALA  42,0.0,0.0,0.0,-0.004999999999999893,0.0,0.0,0.3329999999999984,0.0,0.0,-0.3210000000000006,0.0,0.0,0.0,0.0,0.0,0.0070000000000014495,0.0,0.0
LEU  43,R LEU  43,0.0,0.0,0.0,-0.005000000000000782,0.0,0.0,0.14499999999999602,0.0,0.0,-0.1380000000000008,0.0,0.0,0.0,0.0,0.0,0.0019999999999988916,0.0,0.0
SER  44,R SER  44,0.0,0.0,0.0,-0.0030000000000001137,0.0,0.0,0.10699999999999932,0.0,0.0,-0.09600000000000009,0.0,0.0,0.0,0.0,0.0,0.007999999999999119,0.0,0.0
GLU  45,R GLU  45,0.0,0.0,0.0,-0.0030000000000001137,0.0,0.0,4.338999999999999,0.0,0.0,-4.338000000000008,0.0,0.0,0.0,0.0,0.0,-0.0020000000000095497,0.0,0.0
GLY  46,R GLY  46,0.0,0.0,0.0,-0.0009999999999998899,0.0,0.0,-0.0020000000000095497,0.0,0.0,0.0029999999999998916,0.0,0.0,0.0,0.0,0.0,-1.4210854715202004e-14,0.0,0.0
ALA  47,R ALA  47,0.0,0.0,0.0,-0.0009999999999994458,0.0,0.0,0.025000000000005684,0.0,0.0,-0.02200000000000024,0.0,0.0,0.0,0.0,0.0,0.0020000000000148788,0.0,0.0
THR  48,R THR  48,0.0,0.0,0.0,-0.001000000000000334,0.0,0.0,0.005000000000002558,0.0,0.0,-0.0050000000000000044,0.0,0.0,0.0,0.0,0.0,-0.0009999999999941167,0.0,0.0
PRO  49,R PRO  49,0.0,0.0,0.0,-0.0010000000000012221,0.0,0.0,0.01999999999999602,0.0,0.0,-0.020000000000000018,0.0,0.0,0.0,0.0,0.0,-0.0009999999999941167,0.0,0.0
GLN  50,R GLN  50,0.0,0.0,0.0,0.0,0.0,0.0,-0.007999999999995566,0.0,0.0,0.007999999999999119,0.0,0.0,0.0,0.0,0.0,7.105427357601002e-15,0.0,0.0
ASP  51,R ASP  51,0.0,0.0,0.0,-0.0009999999999994458,0.0,0.0,5.105000000000004,0.0,0.0,-5.108999999999998,0.0,0.0,0.0,0.0,0.0,-0.004999999999981242,0.0,0.0
LEU  52,R LEU  52,0.0,0.0,0.0,-0.002000000000000668,0.0,0.0,0.03300000000000125,0.0,0.0,-0.031000000000000028,0.0,0.0,0.0,0.0,0.0,5.329070518200751e-15,0.0,0.0
ASN  53,R ASN  53,0.0,0.0,0.0,0.0,0.0,0.0,0.15900000000000603,0.0,0.0,-0.15800000000000036,0.0,0.0,0.0,0.0,0.0,0.0010000000000047748,0.0,0.0
THR  54,R THR  54,0.0,0.0,0.0,0.0,0.0,0.0,0.07700000000000529,0.0,0.0,-0.07600000000000051,0.0,0.0,0.0,0.0,0.0,0.0010000000000047748,0.0,0.0
MET  55,R MET  55,0.0,0.0,0.0,-0.002000000000000668,0.0,0.0,0.0519999999999925,0.0,0.0,-0.04899999999999993,0.0,0.0,0.0,0.0,0.0,0.0009999999999972253,0.0,0.0
LEU  56,R LEU  56,0.0,0.0,0.0,-0.002000000000000668,0.0,0.0,0.054000000000002046,0.0,0.0,-0.052999999999999936,0.0,0.0,0.0,0.0,0.0,-0.0009999999999994458,0.0,0.0
ASN  57,R ASN  57,0.0,0.0,0.0,-0.001000000000000334,0.0,0.0,0.14499999999999602,0.0,0.0,-0.14400000000000013,0.0,0.0,0.0,0.0,0.0,0.0,0.0,0.0
THR  58,R THR  58,0.0,0.0,0.0,-0.0009999999999994458,0.0,0.0,-0.027999999999998693,0.0,0.0,0.03200000000000003,0.0,0.0,0.0,0.0,0.0,0.0030000000000036664,0.0,0.0
VAL  59,R VAL  59,0.0,0.0,0.0,-0.0030000000000001137,0.0,0.0,0.07199999999999562,0.0,0.0,-0.06800000000000006,0.0,0.0,0.0,0.0,0.0,0.000999999999995893,0.0,0.0
ALA  60,R ALA  60,0.0,0.0,0.0,-0.001000000000000334,0.0,0.0,0.06900000000000261,0.0,0.0,-0.06799999999999962,0.0,0.0,0.0,0.0,0.0,0.0,0.0,0.0
PRO  61,R PRO  61,0.0,0.0,0.0,-0.0009999999999994458,0.0,0.0,0.09499999999999886,0.0,0.0,-0.09299999999999997,0.0,0.0,0.0,0.0,0.0,0.0009999999999941167,0.0,0.0
HID  62,R HID  62,0.0,0.0,0.0,-0.0039999999999995595,0.0,0.0,-0.03200000000001069,0.0,0.0,0.04699999999999882,0.0,0.0,0.0,0.0,0.0,0.010999999999985022,0.0,0.0
GLN  63,R GLN  63,0.0,0.0,0.0,-0.0019999999999997797,0.0,0.0,0.058000000000006935,0.0,0.0,-0.05400000000000027,0.0,0.0,0.0,0.0,0.0,0.0020000000000024443,0.0,0.0
ALA  64,R ALA  64,0.0,0.0,0.0,-0.0030000000000001137,0.0,0.0,0.15200000000000102,0.0,0.0,-0.1379999999999999,0.0,0.0,0.0,0.0,0.0,0.011000000000001009,0.0,0.0
ALA  65,R ALA  65,0.0,0.0,0.0,-0.006000000000000227,0.0,0.0,0.11800000000000921,0.0,0.0,-0.1070000000000002,0.0,0.0,0.0,0.0,0.0,0.005000000000008775,0.0,0.0
ALA  66,R ALA  66,0.0,0.0,0.0,-0.0030000000000001137,0.0,0.0,0.043000000000006366,0.0,0.0,-0.041000000000000036,0.0,0.0,0.0,0.0,0.0,-0.0009999999999936726,0.0,0.0
GLN  67,R GLN  67,0.0,0.0,0.0,-0.004000000000000448,0.0,0.0,0.29999999999999716,0.0,0.0,-0.28200000000000003,0.0,0.0,0.0,0.0,0.0,0.013999999999995794,0.0,0.0
MET  68,R MET  68,0.0,0.0,0.0,-0.019000000000000128,0.0,0.0,0.22500000000000853,0.0,0.0,-0.20999999999999996,0.0,0.0,0.0,0.0,0.0,-0.003999999999982684,0.0,0.0
LEU  69,R LEU  69,0.0,0.0,0.0,-0.007999999999999119,0.0,0.0,0.13700000000000045,0.0,0.0,-0.14000000000000012,0.0,0.0,0.0,0.0,0.0,-0.01099999999999568,0.0,0.0
LYS  70,R LYS  70,0.0,0.0,0.0,-0.0030000000000001137,0.0,0.0,-7.399000000000001,0.0,0.0,7.398,0.0,0.0,0.0,0.0,0.0,-0.003999999999987125,0.0,0.0
GLU  71,R GLU  71,0.0,0.0,0.0,-0.004999999999999893,0.0,0.0,10.543999999999997,0.0,0.0,-10.488,0.0,0.0,0.0,0.0,0.0,0.05100000000000193,0.0,0.0
THR  72,R THR  72,0.0,0.0,0.0,-0.009000000000000341,0.0,0.0,0.13100000000000023,0.0,0.0,-0.11800000000000033,0.0,0.0,0.0,0.0,0.0,0.004000000000001336,0.0,0.0
ILE  73,R ILE  73,0.0,0.0,0.0,-0.0029999999999983373,0.0,0.0,-0.07400000000000517,0.0,0.0,0.07499999999999929,0.0,0.0,0.0,0.0,0.0,-0.002000000000005997,0.0,0.0
ASN  74,R ASN  74,0.0,0.0,0.0,-0.001000000000000334,0.0,0.0,-0.34499999999999886,0.0,0.0,0.3490000000000002,0.0,0.0,0.0,0.0,0.0,0.0030000000000001137,0.0,0.0
GLU  75,R GLU  75,0.0,0.0,0.0,-0.0030000000000001137,0.0,0.0,8.666999999999994,0.0,0.0,-8.64500000000001,0.0,0.0,0.0,0.0,0.0,0.01899999999998414,0.0,0.0
GLU  76,R GLU  76,0.0,0.0,0.0,-0.005000000000000782,0.0,0.0,8.668999999999997,0.0,0.0,-8.616,0.0,0.0,0.0,0.0,0.0,0.04799999999998761,0.0,0.0
ALA  77,R ALA  77,0.0,0.0,0.0,-0.0010000000000012221,0.0,0.0,-0.09099999999999397,0.0,0.0,0.09200000000000008,0.0,0.0,0.0,0.0,0.0,1.7763568394002505e-15,0.0,0.0
ALA  78,R ALA  78,0.0,0.0,0.0,-0.001000000000000334,0.0,0.0,-0.1419999999999959,0.0,0.0,0.14200000000000002,0.0,0.0,0.0,0.0,0.0,-0.000999999999986123,0.0,0.0
GLU  79,R GLU  79,0.0,0.0,0.0,-0.0009999999999994458,0.0,0.0,8.007999999999996,0.0,0.0,-7.995999999999995,0.0,0.0,0.0,0.0,0.0,0.01100000000000989,0.0,0.0
TRP  80,R TRP  80,0.0,0.0,0.0,-0.0010000000000012221,0.0,0.0,0.0010000000000047748,0.0,0.0,0.0009999999999998899,0.0,0.0,0.0,0.0,0.0,0.001000000000015433,0.0,0.0
ASP  81,R ASP  81,0.0,0.0,0.0,0.0,0.0,0.0,6.239999999999995,0.0,0.0,-6.239000000000004,0.0,0.0,0.0,0.0,0.0,0.000999999999990564,0.0,0.0
ARG  82,R ARG  82,0.0,0.0,0.0,-0.0009999999999994458,0.0,0.0,-7.7700000000000005,0.0,0.0,7.766000000000002,0.0,0.0,0.0,0.0,0.0,-0.004999999999967031,0.0,0.0
LEU  83,R LEU  83,0.0,0.0,0.0,-0.001000000000000334,0.0,0.0,-0.06100000000000705,0.0,0.0,0.06100000000000039,0.0,0.0,0.0,0.0,0.0,-0.0010000000000047748,0.0,0.0
HID  84,R HID  84,0.0,0.0,0.0,-0.0009999999999994458,0.0,0.0,-0.001999999999995339,0.0,0.0,0.0030000000000001137,0.0,0.0,0.0,0.0,0.0,1.4210854715202004e-14,0.0,0.0
PRO  85,R PRO  85,0.0,0.0,0.0,0.0,0.0,0.0,-0.005000000000002558,0.0,0.0,0.004000000000000448,0.0,0.0,0.0,0.0,0.0,-0.0010000000000012221,0.0,0.0
VAL  86,R VAL  86,0.0,0.0,0.0,-0.0009999999999998899,0.0,0.0,0.006999999999997897,0.0,0.0,-0.006999999999999673,0.0,0.0,0.0,0.0,0.0,-0.0009999999999976694,0.0,0.0
HID  87,R HID  87,0.0,0.0,0.0,0.0,0.0,0.0,-0.07600000000000051,0.0,0.0,0.07600000000000051,0.0,0.0,0.0,0.0,0.0,0.0,0.0,0.0
ALA  88,R ALA  88,0.0,0.0,0.0,0.0,0.0,0.0,0.015000000000000568,0.0,0.0,-0.015000000000000568,0.0,0.0,0.0,0.0,0.0,0.0,0.0,0.0
GLY  89,R GLY  89,0.0,0.0,0.0,0.0,0.0,0.0,0.057999999999992724,0.0,0.0,-0.057000000000000384,0.0,0.0,0.0,0.0,0.0,0.0009999999999923403,0.0,0.0
PRO  90,R PRO  90,0.0,0.0,0.0,0.0,0.0,0.0,0.041999999999994486,0.0,0.0,-0.041999999999999815,0.0,0.0,0.0,0.0,0.0,-5.329070518200751e-15,0.0,0.0
ILE  91,R ILE  91,0.0,0.0,0.0,0.0,0.0,0.0,-0.016999999999995907,0.0,0.0,0.017999999999999794,0.0,0.0,0.0,0.0,0.0,0.0010000000000029985,0.0,0.0
ALA  92,R ALA  92,0.0,0.0,0.0,0.0,0.0,0.0,0.04200000000000159,0.0,0.0,-0.04300000000000015,0.0,0.0,0.0,0.0,0.0,-0.0010000000000012221,0.0,0.0
PRO  93,R PRO  93,0.0,0.0,0.0,0.0,0.0,0.0,0.02400000000000091,0.0,0.0,-0.02400000000000091,0.0,0.0,0.0,0.0,0.0,0.0,0.0,0.0
GLY  94,R GLY  94,0.0,0.0,0.0,0.0,0.0,0.0,0.02200000000000557,0.0,0.0,-0.02200000000000024,0.0,0.0,0.0,0.0,0.0,5.329070518200751e-15,0.0,0.0
GLN  95,R GLN  95,0.0,0.0,0.0,0.0,0.0,0.0,-0.0799999999999983,0.0,0.0,0.08000000000000007,0.0,0.0,0.0,0.0,0.0,0.0,0.0,0.0
MET  96,R MET  96,0.0,0.0,0.0,-0.0010000000000012221,0.0,0.0,-0.01300000000000523,0.0,0.0,0.014000000000000234,0.0,0.0,0.0,0.0,0.0,-1.0658141036401503e-14,0.0,0.0
ARG  97,R ARG  97,0.0,0.0,0.0,0.0,0.0,0.0,-5.305999999999997,0.0,0.0,5.305999999999997,0.0,0.0,0.0,0.0,0.0,0.0,0.0,0.0
GLU  98,R GLU  98,0.0,0.0,0.0,0.0,0.0,0.0,5.594000000000001,0.0,0.0,-5.594000000000008,0.0,0.0,0.0,0.0,0.0,-7.105427357601002e-15,0.0,0.0
PRO  99,R PRO  99,0.0,0.0,0.0,0.0,0.0,0.0,0.04899999999999949,0.0,0.0,-0.04900000000000038,0.0,0.0,0.0,0.0,0.0,0.0,0.0,0.0
ARG 100,R ARG 100,0.0,0.0,0.0,-0.0009999999999994458,0.0,0.0,-6.0120000000000005,0.0,0.0,6.0120000000000005,0.0,0.0,0.0,0.0,0.0,-0.0009999999999763531,0.0,0.0
GLY 101,R GLY 101,0.0,0.0,0.0,0.0,0.0,0.0,-0.013999999999995794,0.0,0.0,0.014000000000000012,0.0,0.0,0.0,0.0,0.0,5.329070518200751e-15,0.0,0.0
SER 102,R SER 102,0.0,0.0,0.0,0.0,0.0,0.0,-0.018999999999991246,0.0,0.0,0.01899999999999924,0.0,0.0,0.0,0.0,0.0,7.993605777301127e-15,0.0,0.0
ASP 103,R ASP 103,0.0,0.0,0.0,-0.0010000000000012221,0.0,0.0,5.569000000000003,0.0,0.0,-5.569000000000003,0.0,0.0,0.0,0.0,0.0,-0.0010000000000047748,0.0,0.0
ILE 104,R ILE 104,0.0,0.0,0.0,-0.0009999999999994458,0.0,0.0,-0.06200000000000472,0.0,0.0,0.062,0.0,0.0,0.0,0.0,0.0,-0.0010000000000083276,0.0,0.0
ALA 105,R ALA 105,0.0,0.0,0.0,-0.0009999999999994458,0.0,0.0,-0.03200000000001069,0.0,0.0,0.032,0.0,0.0,0.0,0.0,0.0,-0.001000000000015433,0.0,0.0
GLY 106,R GLY 106,0.0,0.0,0.0,0.0,0.0,0.0,-0.045000000000001705,0.0,0.0,0.04499999999999993,0.0,0.0,0.0,0.0,0.0,-1.7763568394002505e-15,0.0,0.0
THR 107,R THR 107,0.0,0.0,0.0,-0.0009999999999994458,0.0,0.0,-0.08599999999999852,0.0,0.0,0.08599999999999852,0.0,0.0,0.0,0.0,0.0,-0.0009999999999976694,0.0,0.0
THR 108,R THR 108,0.0,0.0,0.0,0.0,0.0,0.0,0.007999999999995566,0.0,0.0,-0.007000000000000561,0.0,0.0,0.0,0.0,0.0,0.0009999999999941167,0.0,0.0
SER 109,R SER 109,0.0,0.0,0.0,0.0,0.0,0.0,0.012000000000000455,0.0,0.0,-0.01100000000000012,0.0,0.0,0.0,0.0,0.0,0.001000000000000334,0.0,0.0
THR 110,R THR 110,0.0,0.0,0.0,0.0,0.0,0.0,0.06300000000000239,0.0,0.0,-0.06300000000000061,0.0,0.0,0.0,0.0,0.0,1.7763568394002505e-15,0.0,0.0
LEU 111,R LEU 111,0.0,0.0,0.0,0.0,0.0,0.0,0.029000000000003467,0.0,0.0,-0.028999999999999915,0.0,0.0,0.0,0.0,0.0,3.552713678800501e-15,0.0,0.0
GLN 112,R GLN 112,0.0,0.0,0.0,0.0,0.0,0.0,0.0030000000000001137,0.0,0.0,-0.003999999999997783,0.0,0.0,0.0,0.0,0.0,-0.0009999999999976694,0.0,0.0
GLU 113,R GLU 113,0.0,0.0,0.0,0.0,0.0,0.0,5.119,0.0,0.0,-5.119,0.0,0.0,0.0,0.0,0.0,0.0,0.0,0.0
GLN 114,R GLN 114,0.0,0.0,0.0,0.0,0.0,0.0,0.016000000000005343,0.0,0.0,-0.016000000000000014,0.0,0.0,0.0,0.0,0.0,0.0,0.0,0.0
ILE 115,R ILE 115,0.0,0.0,0.0,0.0,0.0,0.0,0.023000000000010346,0.0,0.0,-0.02200000000000002,0.0,0.0,0.0,0.0,0.0,0.001000000000010104,0.0,0.0
GLY 116,R GLY 116,0.0,0.0,0.0,0.0,0.0,0.0,0.001999999999995339,0.0,0.0,-0.002000000000000224,0.0,0.0,0.0,0.0,0.0,-4.884981308350689e-15,0.0,0.0
TRP 117,R TRP 117,0.0,0.0,0.0,-0.0010000000000012221,0.0,0.0,0.018999999999991246,0.0,0.0,-0.018000000000000238,0.0,0.0,0.0,0.0,0.0,0.0,0.0,0.0
MET 118,R MET 118,0.0,0.0,0.0,-0.0009999999999994458,0.0,0.0,0.030000000000001137,0.0,0.0,-0.02999999999999936,0.0,0.0,0.0,0.0,0.0,-0.0009999999999887876,0.0,0.0
THR 119,R THR 119,0.0,0.0,0.0,0.0,0.0,0.0,-0.01999999999999602,0.0,0.0,0.019999999999999574,0.0,0.0,0.0,0.0,0.0,3.552713678800501e-15,0.0,0.0
HID 120,R HID 120,0.0,0.0,0.0,0.0,0.0,0.0,-0.03999999999999915,0.0,0.0,0.0389999999999997,0.0,0.0,0.0,0.0,0.0,-0.0009999999999994458,0.0,0.0
ASN 121,R ASN 121,0.0,0.0,0.0,0.0,0.0,0.0,-0.02200000000000557,0.0,0.0,0.022999999999999687,0.0,0.0,0.0,0.0,0.0,0.0009999999999976694,0.0,0.0
PRO 122,R PRO 122,0.0,0.0,0.0,0.0,0.0,0.0,-0.016999999999995907,0.0,0.0,0.016999999999999904,0.0,0.0,0.0,0.0,0.0,3.552713678800501e-15,0.0,0.0
PRO 123,R PRO 123,0.0,0.0,0.0,-0.001000000000000334,0.0,0.0,0.045999999999999375,0.0,0.0,-0.04600000000000026,0.0,0.0,0.0,0.0,0.0,-0.0010000000000065512,0.0,0.0
ILE 124,R ILE 124,0.0,0.0,0.0,0.0,0.0,0.0,-0.03800000000000381,0.0,0.0,0.038000000000000256,0.0,0.0,0.0,0.0,0.0,-3.552713678800501e-15,0.0,0.0
PRO 125,R PRO 125,0.0,0.0,0.0,-0.001000000000000334,0.0,0.0,0.0020000000000024443,0.0,0.0,-0.0030000000000001137,0.0,0.0,0.0,0.0,0.0,-0.0020000000000024443,0.0,0.0
VAL 126,R VAL 126,0.0,0.0,0.0,-0.0010000000000012221,0.0,0.0,0.05799999999999983,0.0,0.0,-0.05800000000000005,0.0,0.0,0.0,0.0,0.0,-0.0010000000000047748,0.0,0.0
GLY 127,R GLY 127,0.0,0.0,0.0,-0.001000000000000334,0.0,0.0,0.05299999999999727,0.0,0.0,-0.0519999999999996,0.0,0.0,0.0,0.0,0.0,7.105427357601002e-15,0.0,0.0
GLU 128,R GLU 128,0.0,0.0,0.0,-0.0030000000000001137,0.0,0.0,4.719999999999999,0.0,0.0,-4.706000000000003,0.0,0.0,0.0,0.0,0.0,0.01099999999999568,0.0,0.0
ILE 129,R ILE 129,0.0,0.0,0.0,-0.0030000000000001137,0.0,0.0,0.07700000000001239,0.0,0.0,-0.07500000000000001,0.0,0.0,0.0,0.0,0.0,-0.0009999999999870113,0.0,0.0
TYR 130,R TYR 130,0.0,0.0,0.0,-0.0030000000000001137,0.0,0.0,0.20300000000000296,0.0,0.0,-0.20200000000000007,0.0,0.0,0.0,0.0,0.0,-0.001999999999997115,0.0,0.0
LYS 131,R LYS 131,0.0,0.0,0.0,-0.0070000000000014495,0.0,0.0,-3.929000000000002,0.0,0.0,3.9849999999999994,0.0,0.0,0.0,0.0,0.0,0.049000000000006594,0.0,0.0
ARG 132,R ARG 132,0.0,0.0,0.0,-0.026999999999999247,0.0,0.0,-5.421999999999997,0.0,0.0,5.577999999999999,0.0,0.0,0.0,0.0,0.0,0.12899999999999068,0.0,0.0
TRP 133,R TRP 133,0.0,0.0,0.0,-0.008000000000002672,0.0,0.0,0.3050000000000068,0.0,0.0,-0.2969999999999997,0.0,0.0,0.0,0.0,0.0,-2.6645352591003757e-15,0.0,0.0
ILE 134,R ILE 134,0.0,0.0,0.0,-0.010999999999999233,0.0,0.0,0.46000000000000796,0.0,0.0,-0.45899999999999996,0.0,0.0,0.0,0.0,0.0,-0.010000000000001563,0.0,0.0
ILE 135,R ILE 135,0.0,0.0,0.0,-0.05400000000000027,0.0,0.0,0.8200000000000003,0.0,0.0,-0.8150000000000001,0.0,0.0,0.0,0.0,0.0,-0.04900000000000171,0.0,0.0
LEU 136,R LEU 136,0.0,0.0,0.0,-0.09800000000000075,0.0,0.0,1.0259999999999962,0.0,0.0,-0.9390000000000001,0.0,0.0,0.0,0.0,0.0,-0.011000000000002785,0.0,0.0
GLY 137,R GLY 137,0.0,0.0,0.0,-0.024999999999999467,0.0,0.0,0.8910000000000053,0.0,0.0,-0.871,0.0,0.0,0.0,0.0,0.0,-0.0049999999999856826,0.0,0.0
LEU 138,R LEU 138,0.0,0.0,0.0,-0.08499999999999908,0.0,0.0,1.2199999999999989,0.0,0.0,-1.244,0.0,0.0,0.0,0.0,0.0,-0.10900000000000531,0.0,0.0
ASN 139,R ASN 139,0.0,0.0,0.0,-0.8000000000000007,0.0,0.0,-0.6000000000000085,0.0,0.0,1.532,0.0,0.0,-0.25039316,0.0,0.0,-0.11839316000001077,0.0,0.0
LYS 140,R LYS 140,0.0,0.0,0.0,-0.23000000000000043,0.0,0.0,-12.08499999999998,0.0,0.0,12.422,0.0,0.0,-0.001436300000000057,0.0,0.0,0.10556370000001714,0.0,0.0
ILE 141,R ILE 141,0.0,0.0,0.0,-0.08900000000000041,0.0,0.0,0.722999999999999,0.0,0.0,-0.6460000000000001,0.0,0.0,0.0,0.0,0.0,-0.01200000000000001,0.0,0.0
VAL 142,R VAL 142,0.0,0.0,0.0,-1.0909999999999993,0.0,0.0,-0.6099999999999994,0.0,0.0,0.7159999999999997,0.0,0.0,-0.09542452000000001,0.0,0.0,-1.080424519999994,0.0,0.0
ARG 143,R ARG 143,0.0,0.0,0.0,-1.71,0.0,0.0,-55.857,0.0,0.0,51.88,0.0,0.0,-0.5129379599999999,0.0,0.0,-6.19993796,0.0,0.0
MET 144,R MET 144,0.0,0.0,0.0,-0.1299999999999999,0.0,0.0,0.597999999999999,0.0,0.0,-0.44399999999999995,0.0,0.0,0.0,0.0,0.0,0.024000000000003574,0.0,0.0
TYR 145,R TYR 145,0.0,0.0,0.0,-0.17700000000000138,0.0,0.0,-0.6880000000000024,0.0,0.0,0.9220000000000006,0.0,0.0,0.0,0.0,0.0,0.05700000000000571,0.0,0.0
SER 146,R SER 146,0.0,0.0,0.0,-1.4449999999999998,0.0,0.0,-1.3549999999999969,0.0,0.0,3.1980000000000004,0.0,0.0,-0.26273992,0.0,0.0,0.1352600799999948,0.0,0.0
PRO 147,R PRO 147,0.0,0.0,0.0,-0.528,0.0,0.0,1.3719999999999999,0.0,0.0,-1.1219999999999999,0.0,0.0,-0.0545685600000001,0.0,0.0,-0.33256855999999146,0.0,0.0
THR 148,R THR 148,0.0,0.0,0.0,-2.2790000000000004,0.0,0.0,-1.0760000000000005,0.0,0.0,3.3899999999999997,0.0,0.0,-0.29925988000000003,0.0,0.0,-0.264259880000008,0.0,0.0
SER 149,R SER 149,0.0,0.0,0.0,-2.8539999999999996,0.0,0.0,-11.753999999999998,0.0,0.0,13.046,0.0,0.0,-0.3217095200000001,0.0,0.0,-1.883709519999997,0.0,0.0
ILE 150,R ILE 150,19.595999999999997,0.0,0.0,-8.728000000000002,0.0,0.0,-28.157,0.0,0.0,7.9879999999999995,0.0,0.0,-1.1430888399999999,0.0,0.0,-10.444088840000004,0.0,0.0
LEU 151,L LEU   1,20.278000000000006,0.0,0.0,-2.268,0.0,0.0,-24.867000000000004,0.0,0.0,0.17400000000000004,0.0,0.0,-0.2940079,0.0,0.0,-6.977007899999999,0.0,0.0
ASP 152,L ASP   2,0.0,0.0,0.0,-2.8580000000000005,0.0,0.0,1.0740000000000123,0.0,0.0,-0.028000000000005798,0.0,0.0,-0.2733577,0.0,0.0,-2.0853576999999888,0.0,0.0
ILE 153,L ILE   3,0.0,0.0,0.0,-2.4449999999999994,0.0,0.0,-1.3549999999999898,0.0,0.0,0.9460000000000002,0.0,0.0,-0.15587920000000002,0.0,0.0,-3.0098791999999968,0.0,0.0
ARG 154,L ARG   4,0.0,0.0,0.0,-0.3039999999999994,0.0,0.0,-9.864999999999998,0.0,0.0,10.167,0.0,0.0,0.0,0.0,0.0,-0.0020000000000095497,0.0,0.0
GLN 155,L GLN   5,0.0,0.0,0.0,-0.026999999999999247,0.0,0.0,0.04600000000000648,0.0,0.0,-0.016000000000000014,0.0,0.0,0.0,0.0,0.0,0.0030000000000001137,0.0,0.0
GLY 156,L GLY   6,0.0,0.0,0.0,-0.010000000000000231,0.0,0.0,-0.13300000000000978,0.0,0.0,0.14900000000000002,0.0,0.0,0.0,0.0,0.0,0.005999999999985128,0.0,0.0
PRO 157,L PRO   7,0.0,0.0,0.0,-0.007000000000000117,0.0,0.0,-0.11999999999999744,0.0,0.0,0.12100000000000044,0.0,0.0,0.0,0.0,0.0,-0.0059999999999860165,0.0,0.0
LYS 158,L LYS   8,0.0,0.0,0.0,-0.005999999999999339,0.0,0.0,-6.5530000000000115,0.0,0.0,6.575000000000003,0.0,0.0,0.0,0.0,0.0,0.015999999999991132,0.0,0.0
GLU 159,L GLU   9,0.0,0.0,0.0,-0.02400000000000002,0.0,0.0,9.088000000000008,0.0,0.0,-8.915000000000003,0.0,0.0,0.0,0.0,0.0,0.1490000000000009,0.0,0.0
PRO 160,L PRO  10,0.0,0.0,0.0,-0.008000000000000007,0.0,0.0,0.2810000000000059,0.0,0.0,-0.2729999999999999,0.0,0.0,0.0,0.0,0.0,1.0658141036401503e-14,0.0,0.0
PHE 161,L PHE  11,0.0,0.0,0.0,-0.0129999999999999,0.0,0.0,0.2819999999999965,0.0,0.0,-0.2610000000000001,0.0,0.0,0.0,0.0,0.0,0.008000000000004448,0.0,0.0
ARG 162,L ARG  12,0.0,0.0,0.0,-0.013999999999999346,0.0,0.0,-7.227,0.0,0.0,7.260000000000002,0.0,0.0,0.0,0.0,0.0,0.019000000000005457,0.0,0.0
ASP 163,L ASP  13,0.0,0.0,0.0,-0.024999999999999467,0.0,0.0,7.949000000000012,0.0,0.0,-7.777000000000001,0.0,0.0,0.0,0.0,0.0,0.14700000000000557,0.0,0.0
TYR 164,L TYR  14,0.0,0.0,0.0,-0.09499999999999886,0.0,0.0,0.5150000000000006,0.0,0.0,-0.462,0.0,0.0,0.0,0.0,0.0,-0.04199999999999804,0.0,0.0
VAL 165,L VAL  15,0.0,0.0,0.0,-0.038000000000000256,0.0,0.0,0.2360000000000042,0.0,0.0,-0.20599999999999996,0.0,0.0,0.0,0.0,0.0,-0.007999999999992013,0.0,0.0
ASP 166,L ASP  16,0.0,0.0,0.0,-0.17600000000000016,0.0,0.0,17.176999999999992,0.0,0.0,-16.671,0.0,0.0,0.0,0.0,0.0,0.3299999999999912,0.0,0.0
ARG 167,L ARG  17,0.0,0.0,0.0,-0.39500000000000135,0.0,0.0,-10.422,0.0,0.0,10.846,0.0,0.0,-0.03585330000000003,0.0,0.0,-0.006853299999960427,0.0,0.0
PHE 168,L PHE  18,0.0,0.0,0.0,-0.9879999999999995,0.0,0.0,-0.5190000000000055,0.0,0.0,0.694,0.0,0.0,-0.0235228,0.0,0.0,-0.8365228000000051,0.0,0.0
TYR 169,L TYR  19,0.0,0.0,0.0,-0.23699999999999832,0.0,0.0,-0.6509999999999962,0.0,0.0,0.7980000000000003,0.0,0.0,0.0,0.0,0.0,-0.08999999999999009,0.0,0.0
LYS 170,L LYS  20,0.0,0.0,0.0,-1.021,0.0,0.0,-32.614999999999995,0.0,0.0,29.728,0.0,0.0,-0.27066938,0.0,0.0,-4.178669380000009,0.0,0.0
THR 171,L THR  21,0.0,0.0,0.0,-2.3820000000000006,0.0,0.0,-0.9439999999999955,0.0,0.0,1.936,0.0,0.0,-0.25942830000000006,0.0,0.0,-1.6494282999999932,0.0,0.0
LEU 172,L LEU  22,0.0,0.0,0.0,-1.2720000000000002,0.0,0.0,-1.36399999999999,0.0,0.0,1.5340000000000003,0.0,0.0,-0.05905632,0.0,0.0,-1.1610563199999895,0.0,0.0
ARG 173,L ARG  23,0.0,0.0,0.0,-2.3599999999999994,0.0,0.0,-39.797,0.0,0.0,35.485,0.0,0.0,-0.33714568000000006,0.0,0.0,-7.009145680000017,0.0,0.0
ALA 174,L ALA  24,0.0,0.0,0.0,-2.9699999999999998,0.0,0.0,-1.867999999999995,0.0,0.0,4.026,0.0,0.0,-0.45400630000000003,0.0,0.0,-1.2660062999999944,0.0,0.0
GLU 175,L GLU  25,0.0,0.0,0.0,-1.2320000000000002,0.0,0.0,-28.810000000000002,0.0,0.0,29.33299999999999,0.0,0.0,-0.4496269399999999,0.0,0.0,-1.158626940000012,0.0,0.0
GLN 176,L GLN  26,0.0,0.0,0.0,-1.8149999999999995,0.0,0.0,-2.254000000000005,0.0,0.0,5.6899999999999995,0.0,0.0,-0.35052224,0.0,0.0,1.2704777599999986,0.0,0.0
ALA 177,L ALA  27,0.0,0.0,0.0,-0.1299999999999999,0.0,0.0,0.38299999999999557,0.0,0.0,-0.22500000000000053,0.0,0.0,0.0,0.0,0.0,0.02799999999999958,0.0,0.0
SER 178,L SER  28,0.0,0.0,0.0,-0.032999999999999474,0.0,0.0,-0.19900000000000517,0.0,0.0,0.2959999999999994,0.0,0.0,0.0,0.0,0.0,0.06400000000000716,0.0,0.0
GLN 179,L GLN  29,0.0,0.0,0.0,-0.03300000000000036,0.0,0.0,-0.22700000000000387,0.0,0.0,0.3780000000000001,0.0,0.0,0.0,0.0,0.0,0.117999999999995,0.0,0.0
GLU 180,L GLU  30,0.0,0.0,0.0,-0.01100000000000012,0.0,0.0,7.3870000000000005,0.0,0.0,-7.344999999999999,0.0,0.0,0.0,0.0,0.0,0.03100000000000591,0.0,0.0
VAL 181,L VAL  31,0.0,0.0,0.0,-0.04800000000000004,0.0,0.0,0.2530000000000001,0.0,0.0,-0.20199999999999996,0.0,0.0,0.0,0.0,0.0,0.0029999999999983373,0.0,0.0
LYS 182,L LYS  32,0.0,0.0,0.0,-0.06099999999999994,0.0,0.0,-10.460999999999999,0.0,0.0,10.694000000000003,0.0,0.0,0.0,0.0,0.0,0.17200000000001125,0.0,0.0
ASN 183,L ASN  33,0.0,0.0,0.0,-0.011999999999999567,0.0,0.0,0.09000000000000341,0.0,0.0,-0.041999999999999815,0.0,0.0,0.0,0.0,0.0,0.036000000000001364,0.0,0.0
TRP 184,L TRP  34,0.0,0.0,0.0,-0.032999999999999474,0.0,0.0,0.12000000000000455,0.0,0.0,-0.07099999999999973,0.0,0.0,0.0,0.0,0.0,0.016000000000003567,0.0,0.0
MET 185,L MET  35,0.0,0.0,0.0,-0.3949999999999996,0.0,0.0,0.5549999999999926,0.0,0.0,-0.43999999999999995,0.0,0.0,-0.041354600000000005,0.0,0.0,-0.3213546000000036,0.0,0.0
THR 186,L THR  36,0.0,0.0,0.0,-0.01699999999999946,0.0,0.0,0.13299999999999557,0.0,0.0,-0.10099999999999998,0.0,0.0,0.0,0.0,0.0,0.014999999999993463,0.0,0.0
GLU 187,L GLU  37,0.0,0.0,0.0,-0.007000000000000561,0.0,0.0,6.697000000000003,0.0,0.0,-6.672000000000011,0.0,0.0,0.0,0.0,0.0,0.018000000000000682,0.0,0.0
THR 188,L THR  38,0.0,0.0,0.0,-0.020999999999999908,0.0,0.0,0.08900000000000574,0.0,0.0,-0.05899999999999994,0.0,0.0,0.0,0.0,0.0,0.00900000000000567,0.0,0.0
LEU 189,L LEU  39,0.0,0.0,0.0,-0.8600000000000003,0.0,0.0,0.2510000000000048,0.0,0.0,-0.274,0.0,0.0,-0.03203220000000001,0.0,0.0,-0.9150321999999935,0.0,0.0
LEU 190,L LEU  40,0.0,0.0,0.0,-0.08399999999999963,0.0,0.0,0.2560000000000002,0.0,0.0,-0.24,0.0,0.0,0.0,0.0,0.0,-0.06800000000000139,0.0,0.0
VAL 191,L VAL  41,0.0,0.0,0.0,-0.016000000000000014,0.0,0.0,0.08800000000000097,0.0,0.0,-0.06400000000000006,0.0,0.0,0.0,0.0,0.0,0.007999999999995566,0.0,0.0
GLN 192,L GLN  42,0.0,0.0,0.0,-0.034000000000000696,0.0,0.0,-0.3259999999999934,0.0,0.0,0.3900000000000001,0.0,0.0,0.0,0.0,0.0,0.030000000000008242,0.0,0.0
ASN 193,L ASN  43,0.0,0.0,0.0,-0.3730000000000011,0.0,0.0,-1.7549999999999955,0.0,0.0,1.604,0.0,0.0,0.0,0.0,0.0,-0.5240000000000009,0.0,0.0
ALA 194,L ALA  44,0.0,0.0,0.0,-0.012000000000000455,0.0,0.0,0.030000000000001137,0.0,0.0,-0.013000000000000012,0.0,0.0,0.0,0.0,0.0,0.005000000000000671,0.0,0.0
ASN 195,L ASN  45,0.0,0.0,0.0,-0.006000000000000227,0.0,0.0,-0.12099999999999511,0.0,0.0,0.13100000000000023,0.0,0.0,0.0,0.0,0.0,0.0040000000000048885,0.0,0.0
PRO 196,L PRO  46,0.0,0.0,0.0,-0.0030000000000001137,0.0,0.0,-0.04299999999999926,0.0,0.0,0.04200000000000004,0.0,0.0,0.0,0.0,0.0,-0.003999999999997783,0.0,0.0
ASP 197,L ASP  47,0.0,0.0,0.0,-0.001000000000000334,0.0,0.0,5.942,0.0,0.0,-5.930000000000007,0.0,0.0,0.0,0.0,0.0,0.01099999999999568,0.0,0.0
CYX 198,L CYX  48,0.0,0.0,0.0,-0.0019999999999997797,0.0,0.0,-0.1039999999999992,0.0,0.0,0.10999999999999988,0.0,0.0,0.0,0.0,0.0,0.0040000000000048885,0.0,0.0
LYS 199,L LYS  49,0.0,0.0,0.0,-0.006000000000000227,0.0,0.0,-7.114999999999995,0.0,0.0,7.1530000000000005,0.0,0.0,0.0,0.0,0.0,0.032000000000007134,0.0,0.0
THR 200,L THR  50,0.0,0.0,0.0,-0.001000000000000334,0.0,0.0,-0.04899999999999238,0.0,0.0,0.050999999999999934,0.0,0.0,0.0,0.0,0.0,0.0010000000000083276,0.0,0.0
ILE 201,L ILE  51,0.0,0.0,0.0,-0.0019999999999997797,0.0,0.0,-0.055999999999997385,0.0,0.0,0.05699999999999994,0.0,0.0,0.0,0.0,0.0,-0.0010000000000083276,0.0,0.0
LEU 202,L LEU  52,0.0,0.0,0.0,-0.0030000000000001137,0.0,0.0,-0.07899999999999352,0.0,0.0,0.08099999999999996,0.0,0.0,0.0,0.0,0.0,-0.0009999999999941167,0.0,0.0
LYS 203,L LYS  53,0.0,0.0,0.0,-0.001000000000000334,0.0,0.0,-5.856000000000009,0.0,0.0,5.857999999999997,0.0,0.0,0.0,0.0,0.0,0.0009999999999834586,0.0,0.0
ALA 204,L ALA  54,0.0,0.0,0.0,0.0,0.0,0.0,-0.03599999999998715,0.0,0.0,0.036000000000000476,0.0,0.0,0.0,0.0,0.0,1.3322676295501878e-14,0.0,0.0
LEU 205,L LEU  55,0.0,0.0,0.0,-0.0009999999999994458,0.0,0.0,-0.0660000000000025,0.0,0.0,0.06700000000000017,0.0,0.0,0.0,0.0,0.0,-7.105427357601002e-15,0.0,0.0
GLY 206,L GLY  56,0.0,0.0,0.0,0.0,0.0,0.0,-0.0049999999999954525,0.0,0.0,0.007999999999999119,0.0,0.0,0.0,0.0,0.0,0.0030000000000036664,0.0,0.0
PRO 207,L PRO  57,0.0,0.0,0.0,-0.002000000000000224,0.0,0.0,-0.08500000000000085,0.0,0.0,0.08499999999999996,0.0,0.0,0.0,0.0,0.0,-0.001999999999995339,0.0,0.0
GLY 208,L GLY  58,0.0,0.0,0.0,-0.001000000000000112,0.0,0.0,-0.024999999999991473,0.0,0.0,0.02499999999999991,0.0,0.0,0.0,0.0,0.0,-0.0009999999999816822,0.0,0.0
ALA 209,L ALA  59,0.0,0.0,0.0,-0.001000000000000334,0.0,0.0,0.06700000000000728,0.0,0.0,-0.06300000000000061,0.0,0.0,0.0,0.0,0.0,0.00300000000000189,0.0,0.0
THR 210,L THR  60,0.0,0.0,0.0,-0.0019999999999997797,0.0,0.0,-0.06300000000000239,0.0,0.0,0.06800000000000006,0.0,0.0,0.0,0.0,0.0,0.0030000000000001137,0.0,0.0
LEU 211,L LEU  61,0.0,0.0,0.0,-0.0070000000000014495,0.0,0.0,-0.11899999999999977,0.0,0.0,0.12600000000000033,0.0,0.0,0.0,0.0,0.0,1.7763568394002505e-15,0.0,0.0
GLU 212,L GLU  62,0.0,0.0,0.0,-0.0030000000000001137,0.0,0.0,7.212999999999994,0.0,0.0,-7.186999999999998,0.0,0.0,0.0,0.0,0.0,0.022999999999996135,0.0,0.0
GLU 213,L GLU  63,0.0,0.0,0.0,-0.0019999999999997797,0.0,0.0,6.170999999999999,0.0,0.0,-6.167000000000002,0.0,0.0,0.0,0.0,0.0,0.0020000000000024443,0.0,0.0
MET 214,L MET  64,0.0,0.0,0.0,-0.0039999999999995595,0.0,0.0,-0.12899999999999068,0.0,0.0,0.1339999999999999,0.0,0.0,0.0,0.0,0.0,0.0010000000000038867,0.0,0.0
MET 215,L MET  65,0.0,0.0,0.0,-0.005000000000000782,0.0,0.0,-0.054000000000002046,0.0,0.0,0.05799999999999983,0.0,0.0,0.0,0.0,0.0,-0.0009999999999976694,0.0,0.0
THR 216,L THR  66,0.0,0.0,0.0,-0.001000000000000334,0.0,0.0,-0.08299999999999841,0.0,0.0,0.08499999999999996,0.0,0.0,0.0,0.0,0.0,0.0009999999999976694,0.0,0.0
ALA 217,L ALA  67,0.0,0.0,0.0,-0.001000000000000334,0.0,0.0,-0.09000000000000341,0.0,0.0,0.09100000000000019,0.0,0.0,0.0,0.0,0.0,-7.993605777301127e-15,0.0,0.0
CYX 218,L CYX  68,0.0,0.0,0.0,-0.0019999999999997797,0.0,0.0,-0.03499999999999659,0.0,0.0,0.038000000000000256,0.0,0.0,0.0,0.0,0.0,0.0010000000000083276,0.0,0.0
GLN 219,L GLN  69,0.0,0.0,0.0,-0.0019999999999997797,0.0,0.0,0.2779999999999916,0.0,0.0,-0.2699999999999996,0.0,0.0,0.0,0.0,0.0,0.005999999999993122,0.0,0.0
GLY 220,L GLY  70,0.0,0.0,0.0,-0.001000000000000112,0.0,0.0,-0.0759999999999934,0.0,0.0,0.07600000000000051,0.0,0.0,0.0,0.0,0.0,-0.0009999999999834586,0.0,0.0
VAL 221,L VAL  71,0.0,0.0,0.0,-0.0019999999999997797,0.0,0.0,5.349,0.0,0.0,-5.341999999999999,0.0,0.0,0.0,0.0,0.0,0.0049999999999954525,0.0,0.0

idecomp = 1: Per-residue decomp adding 1-4 interactions to Internal.
Energy Decomposition Analysis (All units kcal/mol): Poisson Boltzmann solvent
Complex:
Total Energy Decomposition:
Residue,Internal,,,van der Waals,,,Electrostatic,,,Polar Solvation,,,Non-Polar Solv.,,,TOTAL,,
,Avg.,Std. Dev.,Std. Err. of Mean,Avg.,Std. Dev.,Std. Err. of Mean,Avg.,Std. Dev.,Std. Err. of Mean,Avg.,Std. Dev.,Std. Err. of Mean,Avg.,Std. Dev.,Std. Err. of Mean,Avg.,Std. Dev.,Std. Err. of Mean
PRO   1,103.241,0.0,0.0,-5.644,0.0,0.0,-119.733,0.0,0.0,13.717,0.0,0.0,0.0,0.0,0.0,-8.41900000000001,0.0,0.0
ILE   2,88.36,0.0,0.0,-8.0,0.0,0.0,-62.362,0.0,0.0,-4.032,0.0,0.0,0.0,0.0,0.0,13.965999999999998,0.0,0.0
VAL   3,52.761,0.0,0.0,-4.983,0.0,0.0,-58.804,0.0,0.0,0.099,0.0,0.0,0.0,0.0,0.0,-10.926999999999996,0.0,0.0
GLN   4,24.679,0.0,0.0,-5.736,0.0,0.0,-61.624,0.0,0.0,-10.887,0.0,0.0,0.0,0.0,0.0,-53.568000000000005,0.0,0.0
ASN   5,30.646,0.0,0.0,-5.311,0.0,0.0,-85.154,0.0,0.0,-10.895,0.0,0.0,0.0,0.0,0.0,-70.714,0.0,0.0
LEU   6,70.712,0.0,0.0,-2.226,0.0,0.0,-71.422,0.0,0.0,-5.253,0.0,0.0,0.0,0.0,0.0,-8.188999999999993,0.0,0.0
GLN   7,39.584,0.0,0.0,-4.088,0.0,0.0,-75.546,0.0,0.0,-14.491,0.0,0.0,0.0,0.0,0.0,-54.541000000000004,0.0,0.0
GLY   8,79.468,0.0,0.0,-2.133,0.0,0.0,-70.071,0.0,0.0,-7.98,0.0,0.0,0.0,0.0,0.0,-0.7159999999999904,0.0,0.0
GLN   9,36.077,0.0,0.0,-4.693,0.0,0.0,-71.607,0.0,0.0,-10.732,0.0,0.0,0.0,0.0,0.0,-50.955,0.0,0.0
MET  10,103.248,0.0,0.0,-8.646,0.0,0.0,-81.307,0.0,0.0,-2.115,0.0,0.0,0.0,0.0,0.0,11.180000000000001,0.0,0.0
VAL  11,59.453,0.0,0.0,-6.3,0.0,0.0,-57.387,0.0,0.0,-1.678,0.0,0.0,0.0,0.0,0.0,-5.911999999999995,0.0,0.0
HID  12,90.71,0.0,0.0,-11.456,0.0,0.0,-62.465,0.0,0.0,-7.491,0.0,0.0,0.0,0.0,0.0,9.297999999999988,0.0,0.0
GLN  13,37.063,0.0,0.0,-5.824,0.0,0.0,-74.559,0.0,0.0,-9.226,0.0,0.0,0.0,0.0,0.0,-52.54599999999999,0.0,0.0
ALA  14,93.334,0.0,0.0,-3.54,0.0,0.0,-77.225,0.0,0.0,-3.725,0.0,0.0,0.0,0.0,0.0,8.844000000000003,0.0,0.0
ILE  15,90.86,0.0,0.0,-5.895,0.0,0.0,-69.514,0.0,0.0,-5.091,0.0,0.0,0.0,0.0,0.0,10.360000000000007,0.0,0.0
SER  16,70.338,0.0,0.0,-4.625,0.0,0.0,-50.304,0.0,0.0,-7.905,0.0,0.0,0.0,0.0,0.0,7.503999999999992,0.0,0.0
PRO  17,89.711,0.0,0.0,-4.151,0.0,0.0,-59.413,0.0,0.0,-3.905,0.0,0.0,0.0,0.0,0.0,22.242000000000004,0.0,0.0
ARG  18,-179.271,0.0,0.0,-6.108,0.0,0.0,62.924,0.0,0.0,-40.428,0.0,0.0,0.0,0.0,0.0,-162.88299999999998,0.0,0.0
THR  19,42.011,0.0,0.0,-7.492,0.0,0.0,-51.444,0.0,0.0,-5.034,0.0,0.0,0.0,0.0,0.0,-21.958999999999996,0.0,0.0
LEU  20,66.203,0.0,0.0,-9.419,0.0,0.0,-59.19,0.0,0.0,-2.887,0.0,0.0,0.0,0.0,0.0,-5.292999999999992,0.0,0.0
ASN  21,31.054,0.0,0.0,-7.348,0.0,0.0,-80.194,0.0,0.0,-16.997,0.0,0.0,0.0,0.0,0.0,-73.485,0.0,0.0
ALA  22,96.078,0.0,0.0,-5.941,0.0,0.0,-82.742,0.0,0.0,-1.807,0.0,0.0,0.0,0.0,0.0,5.587999999999996,0.0,0.0
TRP  23,130.038,0.0,0.0,-17.622,0.0,0.0,-94.524,0.0,0.0,-0.606,0.0,0.0,0.0,0.0,0.0,17.28600000000001,0.0,0.0
VAL  24,64.73,0.0,0.0,-7.851,0.0,0.0,-57.867,0.0,0.0,-2.241,0.0,0.0,0.0,0.0,0.0,-3.2289999999999925,0.0,0.0
LYS  25,129.935,0.0,0.0,-8.569,0.0,0.0,-120.749,0.0,0.0,-11.01,0.0,0.0,0.0,0.0,0.0,-10.392999999999995,0.0,0.0
VAL  26,63.31,0.0,0.0,-10.112,0.0,0.0,-62.862,0.0,0.0,-1.092,0.0,0.0,0.0,0.0,0.0,-10.756000000000002,0.0,0.0
VAL  27,45.555,0.0,0.0,-8.891,0.0,0.0,-47.993,0.0,0.0,-1.647,0.0,0.0,0.0,0.0,0.0,-12.976,0.0,0.0
GLU  28,98.749,0.0,0.0,-6.771,0.0,0.0,-50.824,0.0,0.0,-97.023,0.0,0.0,0.0,0.0,0.0,-55.869,0.0,0.0
GLU  29,106.226,0.0,0.0,-5.564,0.0,0.0,-107.117,0.0,0.0,-47.054,0.0,0.0,0.0,0.0,0.0,-53.509,0.0,0.0
LYS  30,115.002,0.0,0.0,-7.56,0.0,0.0,-86.654,0.0,0.0,-23.248,0.0,0.0,0.0,0.0,0.0,-2.4600000000000044,0.0,0.0
ALA  31,88.733,0.0,0.0,-4.097,0.0,0.0,-76.419,0.0,0.0,-2.82,0.0,0.0,0.0,0.0,0.0,5.397000000000013,0.0,0.0
PHE  32,106.719,0.0,0.0,-12.612,0.0,0.0,-78.364,0.0,0.0,-2.748,0.0,0.0,0.0,0.0,0.0,12.994999999999994,0.0,0.0
SER  33,87.401,0.0,0.0,-6.991,0.0,0.0,-63.5,0.0,0.0,-6.791,0.0,0.0,0.0,0.0,0.0,10.118999999999996,0.0,0.0
PRO  34,75.213,0.0,0.0,-8.946,0.0,0.0,-55.943,0.0,0.0,-1.065,0.0,0.0,0.0,0.0,0.0,9.258999999999999,0.0,0.0
GLU  35,107.833,0.0,0.0,-7.209,0.0,0.0,-148.468,0.0,0.0,-11.19,0.0,0.0,0.0,0.0,0.0,-59.03399999999999,0.0,0.0
VAL  36,58.621,0.0,0.0,-9.804,0.0,0.0,-56.854,0.0,0.0,0.125,0.0,0.0,0.0,0.0,0.0,-7.911999999999999,0.0,0.0
ILE  37,86.074,0.0,0.0,-9.961,0.0,0.0,-60.142,0.0,0.0,-1.47,0.0,0.0,0.0,0.0,0.0,14.500999999999996,0.0,0.0
PRO  38,82.446,0.0,0.0,-6.597,0.0,0.0,-59.409,0.0,0.0,-2.461,0.0,0.0,0.0,0.0,0.0,13.979000000000005,0.0,0.0
MET  39,89.197,0.0,0.0,-10.231,0.0,0.0,-73.594,0.0,0.0,-0.408,0.0,0.0,0.0,0.0,0.0,4.964000000000014,0.0,0.0
PHE  40,104.032,0.0,0.0,-13.098,0.0,0.0,-83.802,0.0,0.0,-1.283,0.0,0.0,0.0,0.0,0.0,5.848999999999991,0.0,0.0
SER  41,77.641,0.0,0.0,-6.994,0.0,0.0,-64.991,0.0,0.0,-5.109,0.0,0.0,0.0,0.0,0.0,0.5470000000000059,0.0,0.0
ALA  42,86.147,0.0,0.0,-5.067,0.0,0.0,-64.59,0.0,0.0,-5.898,0.0,0.0,0.0,0.0,0.0,10.59200000000001,0.0,0.0
LEU  43,83.74,0.0,0.0,-10.303,0.0,0.0,-73.328,0.0,0.0,-3.49,0.0,0.0,0.0,0.0,0.0,-3.3810000000000056,0.0,0.0
SER  44,72.392,0.0,0.0,-6.144,0.0,0.0,-67.981,0.0,0.0,-3.109,0.0,0.0,0.0,0.0,0.0,-4.842000000000004,0.0,0.0
GLU  45,103.55,0.0,0.0,-5.039,0.0,0.0,-66.736,0.0,0.0,-88.403,0.0,0.0,0.0,0.0,0.0,-56.628000000000014,0.0,0.0
GLY  46,69.929,0.0,0.0,-2.792,0.0,0.0,-67.941,0.0,0.0,-0.778,0.0,0.0,0.0,0.0,0.0,-1.582000000000002,0.0,0.0
ALA  47,103.376,0.0,0.0,-5.558,0.0,0.0,-87.032,0.0,0.0,-2.743,0.0,0.0,0.0,0.0,0.0,8.043000000000015,0.0,0.0
THR  48,54.225,0.0,0.0,-7.083,0.0,0.0,-59.111,0.0,0.0,-0.592,0.0,0.0,0.0,0.0,0.0,-12.560999999999995,0.0,0.0
PRO  49,78.196,0.0,0.0,-10.201,0.0,0.0,-54.286,0.0,0.0,0.389,0.0,0.0,0.0,0.0,0.0,14.098000000000003,0.0,0.0
GLN  50,29.245,0.0,0.0,-10.122,0.0,0.0,-71.714,0.0,0.0,-5.23,0.0,0.0,0.0,0.0,0.0,-57.821,0.0,0.0
ASP  51,90.166,0.0,0.0,-9.362,0.0,0.0,-112.006,0.0,0.0,-24.674,0.0,0.0,0.0,0.0,0.0,-55.876,0.0,0.0
LEU  52,69.258,0.0,0.0,-10.404,0.0,0.0,-72.602,0.0,0.0,0.938,0.0,0.0,0.0,0.0,0.0,-12.810000000000004,0.0,0.0
ASN  53,37.118,0.0,0.0,-8.32,0.0,0.0,-98.976,0.0,0.0,-2.592,0.0,0.0,0.0,0.0,0.0,-72.77,0.0,0.0
THR  54,51.896,0.0,0.0,-7.169,0.0,0.0,-58.498,0.0,0.0,-5.611,0.0,0.0,0.0,0.0,0.0,-19.381999999999994,0.0,0.0
MET  55,85.534,0.0,0.0,-12.544,0.0,0.0,-68.617,0.0,0.0,-0.5,0.0,0.0,0.0,0.0,0.0,3.8730000000000047,0.0,0.0
LEU  56,69.611,0.0,0.0,-9.109,0.0,0.0,-73.85,0.0,0.0,1.063,0.0,0.0,0.0,0.0,0.0,-12.284999999999991,0.0,0.0
ASN  57,31.633,0.0,0.0,-7.367,0.0,0.0,-84.833,0.0,0.0,-10.636,0.0,0.0,0.0,0.0,0.0,-71.203,0.0,0.0
THR  58,55.947,0.0,0.0,-6.443,0.0,0.0,-60.876,0.0,0.0,-4.244,0.0,0.0,0.0,0.0,0.0,-15.615999999999993,0.0,0.0
VAL  59,35.925,0.0,0.0,-8.051,0.0,0.0,-40.023,0.0,0.0,-0.193,0.0,0.0,0.0,0.0,0.0,-12.342000000000008,0.0,0.0
ALA  60,91.822,0.0,0.0,-5.203,0.0,0.0,-64.024,0.0,0.0,-2.463,0.0,0.0,0.0,0.0,0.0,20.131999999999998,0.0,0.0
PRO  61,78.79,0.0,0.0,-5.199,0.0,0.0,-59.093,0.0,0.0,-0.702,0.0,0.0,0.0,0.0,0.0,13.796000000000005,0.0,0.0
HID  62,105.304,0.0,0.0,-6.311,0.0,0.0,-69.748,0.0,0.0,-10.363,0.0,0.0,0.0,0.0,0.0,18.88199999999999,0.0,0.0
GLN  63,33.141,0.0,0.0,-5.862,0.0,0.0,-64.318,0.0,0.0,-10.805,0.0,0.0,0.0,0.0,0.0,-47.844,0.0,0.0
ALA  64,83.22,0.0,0.0,-5.101,0.0,0.0,-67.879,0.0,0.0,-4.118,0.0,0.0,0.0,0.0,0.0,6.121999999999995,0.0,0.0
ALA  65,87.316,0.0,0.0,-7.333,0.0,0.0,-73.66,0.0,0.0,-1.819,0.0,0.0,0.0,0.0,0.0,4.5040000000000076,0.0,0.0
ALA  66,93.631,0.0,0.0,-7.34,0.0,0.0,-83.791,0.0,0.0,-0.755,0.0,0.0,0.0,0.0,0.0,1.745,0.0,0.0
GLN  67,40.649,0.0,0.0,-7.099,0.0,0.0,-81.402,0.0,0.0,-6.249,0.0,0.0,0.0,0.0,0.0,-54.101000000000006,0.0,0.0
MET  68,94.44,0.0,0.0,-11.139,0.0,0.0,-77.073,0.0,0.0,-0.659,0.0,0.0,0.0,0.0,0.0,5.569000000000009,0.0,0.0
LEU  69,84.037,0.0,0.0,-11.776,0.0,0.0,-81.985,0.0,0.0,-2.309,0.0,0.0,0.0,0.0,0.0,-12.03299999999999,0.0,0.0
LYS  70,126.267,0.0,0.0,-10.082,0.0,0.0,-118.858,0.0,0.0,-5.339,0.0,0.0,0.0,0.0,0.0,-8.012000000000002,0.0,0.0
GLU  71,109.293,0.0,0.0,-6.503,0.0,0.0,-71.28,0.0,0.0,-96.784,0.0,0.0,0.0,0.0,0.0,-65.274,0.0,0.0
THR  72,52.095,0.0,0.0,-7.689,0.0,0.0,-59.409,0.0,0.0,-3.524,0.0,0.0,0.0,0.0,0.0,-18.527,0.0,0.0
ILE  73,78.67,0.0,0.0,-10.29,0.0,0.0,-51.029,0.0,0.0,-2.589,0.0,0.0,0.0,0.0,0.0,14.761999999999992,0.0,0.0
ASN  74,24.376,0.0,0.0,-7.415,0.0,0.0,-71.664,0.0,0.0,-12.64,0.0,0.0,0.0,0.0,0.0,-67.343,0.0,0.0
GLU  75,108.147,0.0,0.0,-8.188,0.0,0.0,-49.767,0.0,0.0,-114.448,0.0,0.0,0.0,0.0,0.0,-64.256,0.0,0.0
GLU  76,100.993,0.0,0.0,-10.224,0.0,0.0,-41.765,0.0,0.0,-111.233,0.0,0.0,0.0,0.0,0.0,-62.22900000000001,0.0,0.0
ALA  77,86.175,0.0,0.0,-8.012,0.0,0.0,-69.375,0.0,0.0,-2.089,0.0,0.0,0.0,0.0,0.0,6.698999999999996,0.0,0.0
ALA  78,96.473,0.0,0.0,-6.633,0.0,0.0,-85.258,0.0,0.0,0.902,0.0,0.0,0.0,0.0,0.0,5.484000000000008,0.0,0.0
GLU  79,112.478,0.0,0.0,-7.826,0.0,0.0,-62.962,0.0,0.0,-100.322,0.0,0.0,0.0,0.0,0.0,-58.632000000000005,0.0,0.0
TRP  80,120.275,0.0,0.0,-16.663,0.0,0.0,-86.454,0.0,0.0,-0.405,0.0,0.0,0.0,0.0,0.0,16.753000000000014,0.0,0.0
ASP  81,110.553,0.0,0.0,-5.2,0.0,0.0,-79.424,0.0,0.0,-76.799,0.0,0.0,0.0,0.0,0.0,-50.87000000000002,0.0,0.0
ARG  82,-193.01,0.0,0.0,-7.366,0.0,0.0,-6.142,0.0,0.0,46.133,0.0,0.0,0.0,0.0,0.0,-160.38499999999996,0.0,0.0
LEU  83,68.827,0.0,0.0,-6.187,0.0,0.0,-76.811,0.0,0.0,-1.858,0.0,0.0,0.0,0.0,0.0,-16.029000000000007,0.0,0.0
HID  84,115.212,0.0,0.0,-9.597,0.0,0.0,-77.574,0.0,0.0,-5.076,0.0,0.0,0.0,0.0,0.0,22.96500000000001,0.0,0.0
PRO  85,91.04,0.0,0.0,-3.561,0.0,0.0,-63.213,0.0,0.0,-5.549,0.0,0.0,0.0,0.0,0.0,18.717000000000013,0.0,0.0
VAL  86,49.512,0.0,0.0,-3.71,0.0,0.0,-48.676,0.0,0.0,-5.328,0.0,0.0,0.0,0.0,0.0,-8.202000000000002,0.0,0.0
HID  87,93.148,0.0,0.0,-5.942,0.0,0.0,-56.092,0.0,0.0,-12.255,0.0,0.0,0.0,0.0,0.0,18.858999999999988,0.0,0.0
ALA  88,99.408,0.0,0.0,-2.666,0.0,0.0,-73.264,0.0,0.0,-8.452,0.0,0.0,0.0,0.0,0.0,15.026000000000009,0.0,0.0
GLY  89,90.778,0.0,0.0,-1.575,0.0,0.0,-70.471,0.0,0.0,-8.579,0.0,0.0,0.0,0.0,0.0,10.152999999999999,0.0,0.0
PRO  90,79.121,0.0,0.0,-2.413,0.0,0.0,-51.459,0.0,0.0,-8.645,0.0,0.0,0.0,0.0,0.0,16.603999999999996,0.0,0.0
ILE  91,77.272,0.0,0.0,-4.349,0.0,0.0,-55.742,0.0,0.0,-4.25,0.0,0.0,0.0,0.0,0.0,12.931000000000004,0.0,0.0
ALA  92,95.912,0.0,0.0,-2.935,0.0,0.0,-66.301,0.0,0.0,-5.268,0.0,0.0,0.0,0.0,0.0,21.408,0.0,0.0
PRO  93,81.122,0.0,0.0,-2.878,0.0,0.0,-54.734,0.0,0.0,-6.932,0.0,0.0,0.0,0.0,0.0,16.577999999999996,0.0,0.0
GLY  94,74.392,0.0,0.0,-2.076,0.0,0.0,-64.527,0.0,0.0,-8.459,0.0,0.0,0.0,0.0,0.0,-0.6699999999999982,0.0,0.0
GLN  95,40.261,0.0,0.0,-5.833,0.0,0.0,-72.962,0.0,0.0,-9.759,0.0,0.0,0.0,0.0,0.0,-48.293,0.0,0.0
MET  96,109.853,0.0,0.0,-8.935,0.0,0.0,-78.518,0.0,0.0,-5.884,0.0,0.0,0.0,0.0,0.0,16.51599999999999,0.0,0.0
ARG  97,-195.81,0.0,0.0,-4.375,0.0,0.0,-26.412,0.0,0.0,40.822,0.0,0.0,0.0,0.0,0.0,-185.775,0.0,0.0
GLU  98,105.187,0.0,0.0,-5.716,0.0,0.0,-51.57,0.0,0.0,-105.364,0.0,0.0,0.0,0.0,0.0,-57.463,0.0,0.0
PRO  99,95.39,0.0,0.0,-9.407,0.0,0.0,-63.431,0.0,0.0,-1.541,0.0,0.0,0.0,0.0,0.0,21.011000000000006,0.0,0.0
ARG 100,-182.168,0.0,0.0,-9.51,0.0,0.0,-25.363,0.0,0.0,47.958,0.0,0.0,0.0,0.0,0.0,-169.083,0.0,0.0
GLY 101,77.995,0.0,0.0,-6.352,0.0,0.0,-82.895,0.0,0.0,1.432,0.0,0.0,0.0,0.0,0.0,-9.819999999999995,0.0,0.0
SER 102,75.637,0.0,0.0,-6.848,0.0,0.0,-67.258,0.0,0.0,-4.794,0.0,0.0,0.0,0.0,0.0,-3.2629999999999937,0.0,0.0
ASP 103,87.333,0.0,0.0,-8.662,0.0,0.0,-85.338,0.0,0.0,-48.881,0.0,0.0,0.0,0.0,0.0,-55.548,0.0,0.0
ILE 104,82.805,0.0,0.0,-11.827,0.0,0.0,-60.59,0.0,0.0,1.17,0.0,0.0,0.0,0.0,0.0,11.558000000000005,0.0,0.0
ALA 105,84.699,0.0,0.0,-6.518,0.0,0.0,-78.769,0.0,0.0,-0.386,0.0,0.0,0.0,0.0,0.0,-0.9740000000000081,0.0,0.0
GLY 106,89.41,0.0,0.0,-5.577,0.0,0.0,-86.476,0.0,0.0,-1.535,0.0,0.0,0.0,0.0,0.0,-4.178000000000001,0.0,0.0
THR 107,41.845,0.0,0.0,-5.308,0.0,0.0,-43.019,0.0,0.0,-8.67,0.0,0.0,0.0,0.0,0.0,-15.152,0.0,0.0
THR 108,45.786,0.0,0.0,-4.078,0.0,0.0,-58.761,0.0,0.0,-3.428,0.0,0.0,0.0,0.0,0.0,-20.481000000000005,0.0,0.0
SER 109,71.404,0.0,0.0,-5.373,0.0,0.0,-66.825,0.0,0.0,-1.987,0.0,0.0,0.0,0.0,0.0,-2.7810000000000112,0.0,0.0
THR 110,38.07,0.0,0.0,-6.615,0.0,0.0,-33.952,0.0,0.0,-8.731,0.0,0.0,0.0,0.0,0.0,-11.228,0.0,0.0
LEU 111,60.106,0.0,0.0,-6.407,0.0,0.0,-55.202,0.0,0.0,-5.318,0.0,0.0,0.0,0.0,0.0,-6.821,0.0,0.0
GLN 112,36.635,0.0,0.0,-6.34,0.0,0.0,-73.06,0.0,0.0,-14.527,0.0,0.0,0.0,0.0,0.0,-57.292,0.0,0.0
GLU 113,102.202,0.0,0.0,-5.007,0.0,0.0,-97.878,0.0,0.0,-57.776,0.0,0.0,0.0,0.0,0.0,-58.45900000000001,0.0,0.0
GLN 114,36.184,0.0,0.0,-11.284,0.0,0.0,-72.997,0.0,0.0,-3.442,0.0,0.0,0.0,0.0,0.0,-51.539,0.0,0.0
ILE 115,90.437,0.0,0.0,-7.662,0.0,0.0,-69.975,0.0,0.0,-1.17,0.0,0.0,0.0,0.0,0.0,11.629999999999997,0.0,0.0
GLY 116,79.246,0.0,0.0,-5.379,0.0,0.0,-72.602,0.0,0.0,-2.125,0.0,0.0,0.0,0.0,0.0,-0.8600000000000136,0.0,0.0
TRP 117,121.74,0.0,0.0,-18.654,0.0,0.0,-90.293,0.0,0.0,-0.29,0.0,0.0,0.0,0.0,0.0,12.502999999999993,0.0,0.0
MET 118,96.783,0.0,0.0,-9.023,0.0,0.0,-79.359,0.0,0.0,-3.77,0.0,0.0,0.0,0.0,0.0,4.631000000000011,0.0,0.0
THR 119,39.083,0.0,0.0,-6.216,0.0,0.0,-44.547,0.0,0.0,-5.842,0.0,0.0,0.0,0.0,0.0,-17.522,0.0,0.0
HID 120,95.976,0.0,0.0,-10.338,0.0,0.0,-62.034,0.0,0.0,-7.465,0.0,0.0,0.0,0.0,0.0,16.139000000000006,0.0,0.0
ASN 121,30.013,0.0,0.0,-4.236,0.0,0.0,-61.572,0.0,0.0,-18.069,0.0,0.0,0.0,0.0,0.0,-53.864000000000004,0.0,0.0
PRO 122,98.07,0.0,0.0,-3.599,0.0,0.0,-61.538,0.0,0.0,-2.365,0.0,0.0,0.0,0.0,0.0,30.56799999999999,0.0,0.0
PRO 123,84.562,0.0,0.0,-6.181,0.0,0.0,-62.533,0.0,0.0,-1.783,0.0,0.0,0.0,0.0,0.0,14.065,0.0,0.0
ILE 124,92.343,0.0,0.0,-5.151,0.0,0.0,-62.332,0.0,0.0,-1.284,0.0,0.0,0.0,0.0,0.0,23.576000000000008,0.0,0.0
PRO 125,92.861,0.0,0.0,-5.429,0.0,0.0,-62.235,0.0,0.0,-1.182,0.0,0.0,0.0,0.0,0.0,24.015000000000004,0.0,0.0
VAL 126,56.605,0.0,0.0,-9.188,0.0,0.0,-54.36,0.0,0.0,-0.264,0.0,0.0,0.0,0.0,0.0,-7.207000000000005,0.0,0.0
GLY 127,70.525,0.0,0.0,-4.761,0.0,0.0,-71.55,0.0,0.0,-2.252,0.0,0.0,0.0,0.0,0.0,-8.037999999999986,0.0,0.0
GLU 128,110.09,0.0,0.0,-7.481,0.0,0.0,-77.898,0.0,0.0,-78.263,0.0,0.0,0.0,0.0,0.0,-53.55199999999999,0.0,0.0
ILE 129,84.438,0.0,0.0,-8.765,0.0,0.0,-66.195,0.0,0.0,0.021,0.0,0.0,0.0,0.0,0.0,9.49900000000001,0.0,0.0
TYR 130,92.209,0.0,0.0,-14.987,0.0,0.0,-91.065,0.0,0.0,0.495,0.0,0.0,0.0,0.0,0.0,-13.34799999999999,0.0,0.0
LYS 131,139.865,0.0,0.0,-13.005,0.0,0.0,-179.014,0.0,0.0,42.28,0.0,0.0,0.0,0.0,0.0,-9.873999999999995,0.0,0.0
ARG 132,-183.151,0.0,0.0,-8.86,0.0,0.0,27.253,0.0,0.0,2.829,0.0,0.0,0.0,0.0,0.0,-161.92900000000003,0.0,0.0
TRP 133,125.248,0.0,0.0,-17.385,0.0,0.0,-97.869,0.0,0.0,-1.399,0.0,0.0,0.0,0.0,0.0,8.594999999999999,0.0,0.0
ILE 134,89.958,0.0,0.0,-11.263,0.0,0.0,-72.737,0.0,0.0,0.102,0.0,0.0,0.0,0.0,0.0,6.059999999999999,0.0,0.0
ILE 135,76.261,0.0,0.0,-10.592,0.0,0.0,-61.292,0.0,0.0,-0.211,0.0,0.0,0.0,0.0,0.0,4.165999999999995,0.0,0.0
LEU 136,64.339,0.0,0.0,-9.22,0.0,0.0,-67.781,0.0,0.0,-0.132,0.0,0.0,0.0,0.0,0.0,-12.794000000000006,0.0,0.0
GLY 137,77.209,0.0,0.0,-7.026,0.0,0.0,-76.514,0.0,0.0,0.088,0.0,0.0,0.0,0.0,0.0,-6.242999999999989,0.0,0.0
LEU 138,60.911,0.0,0.0,-10.402,0.0,0.0,-67.776,0.0,0.0,-0.643,0.0,0.0,0.0,0.0,0.0,-17.909999999999997,0.0,0.0
ASN 139,36.418,0.0,0.0,-7.988,0.0,0.0,-88.352,0.0,0.0,-4.315,0.0,0.0,0.0,0.0,0.0,-64.23700000000001,0.0,0.0
LYS 140,135.912,0.0,0.0,-9.786,0.0,0.0,-149.826,0.0,0.0,20.178,0.0,0.0,0.0,0.0,0.0,-3.521999999999988,0.0,0.0
ILE 141,93.083,0.0,0.0,-11.867,0.0,0.0,-74.962,0.0,0.0,-1.54,0.0,0.0,0.0,0.0,0.0,4.713999999999991,0.0,0.0
VAL 142,62.815,0.0,0.0,-11.282,0.0,0.0,-59.192,0.0,0.0,-2.577,0.0,0.0,0.0,0.0,0.0,-10.235999999999999,0.0,0.0
ARG 143,-192.866,0.0,0.0,-7.249,0.0,0.0,11.06,0.0,0.0,19.23,0.0,0.0,0.0,0.0,0.0,-169.82500000000002,0.0,0.0
MET 144,93.265,0.0,0.0,-7.805,0.0,0.0,-72.425,0.0,0.0,-5.963,0.0,0.0,0.0,0.0,0.0,7.072000000000011,0.0,0.0
TYR 145,96.752,0.0,0.0,-9.96,0.0,0.0,-85.893,0.0,0.0,-6.569,0.0,0.0,0.0,0.0,0.0,-5.669999999999999,0.0,0.0
SER 146,81.139,0.0,0.0,-5.189,0.0,0.0,-56.739,0.0,0.0,-6.599,0.0,0.0,0.0,0.0,0.0,12.611999999999991,0.0,0.0
PRO 147,86.953,0.0,0.0,-3.701,0.0,0.0,-59.792,0.0,0.0,-5.824,0.0,0.0,0.0,0.0,0.0,17.63600000000001,0.0,0.0
THR 148,38.947,0.0,0.0,-5.817,0.0,0.0,-46.184,0.0,0.0,-6.671,0.0,0.0,0.0,0.0,0.0,-19.724999999999994,0.0,0.0
SER 149,65.934,0.0,0.0,-5.071,0.0,0.0,-57.466,0.0,0.0,-3.091,0.0,0.0,0.0,0.0,0.0,0.3059999999999983,0.0,0.0
ILE 150,79.702,0.0,0.0,-10.239,0.0,0.0,-57.894,0.0,0.0,-0.739,0.0,0.0,0.0,0.0,0.0,10.829999999999995,0.0,0.0
LEU 151,62.401,0.0,0.0,-4.526,0.0,0.0,-70.058,0.0,0.0,-0.272,0.0,0.0,0.0,0.0,0.0,-12.455000000000007,0.0,0.0
ASP 152,96.514,0.0,0.0,-6.868,0.0,0.0,-80.698,0.0,0.0,-75.114,0.0,0.0,0.0,0.0,0.0,-66.166,0.0,0.0
ILE 153,95.714,0.0,0.0,-8.28,0.0,0.0,-73.407,0.0,0.0,-1.534,0.0,0.0,0.0,0.0,0.0,12.493,0.0,0.0
ARG 154,-196.429,0.0,0.0,-5.978,0.0,0.0,15.5,0.0,0.0,9.911,0.0,0.0,0.0,0.0,0.0,-176.996,0.0,0.0
GLN 155,31.916,0.0,0.0,-11.782,0.0,0.0,-83.756,0.0,0.0,-1.158,0.0,0.0,0.0,0.0,0.0,-64.78,0.0,0.0
GLY 156,86.214,0.0,0.0,-3.854,0.0,0.0,-69.421,0.0,0.0,-3.828,0.0,0.0,0.0,0.0,0.0,9.110999999999994,0.0,0.0
PRO 157,86.608,0.0,0.0,-3.359,0.0,0.0,-53.945,0.0,0.0,-6.68,0.0,0.0,0.0,0.0,0.0,22.62400000000001,0.0,0.0
LYS 158,120.255,0.0,0.0,-4.148,0.0,0.0,-89.668,0.0,0.0,-30.657,0.0,0.0,0.0,0.0,0.0,-4.218000000000007,0.0,0.0
GLU 159,108.03,0.0,0.0,-7.187,0.0,0.0,-113.627,0.0,0.0,-35.394,0.0,0.0,0.0,0.0,0.0,-48.17799999999999,0.0,0.0
PRO 160,79.451,0.0,0.0,-6.428,0.0,0.0,-58.596,0.0,0.0,-0.847,0.0,0.0,0.0,0.0,0.0,13.58,0.0,0.0
PHE 161,105.817,0.0,0.0,-12.404,0.0,0.0,-75.916,0.0,0.0,-0.928,0.0,0.0,0.0,0.0,0.0,16.569,0.0,0.0
ARG 162,-196.548,0.0,0.0,-7.962,0.0,0.0,-1.411,0.0,0.0,30.52,0.0,0.0,0.0,0.0,0.0,-175.40099999999998,0.0,0.0
ASP 163,91.647,0.0,0.0,-7.512,0.0,0.0,-70.594,0.0,0.0,-86.046,0.0,0.0,0.0,0.0,0.0,-72.505,0.0,0.0
TYR 164,98.514,0.0,0.0,-16.996,0.0,0.0,-98.214,0.0,0.0,1.17,0.0,0.0,0.0,0.0,0.0,-15.525999999999998,0.0,0.0
VAL 165,49.37,0.0,0.0,-8.983,0.0,0.0,-52.952,0.0,0.0,2.206,0.0,0.0,0.0,0.0,0.0,-10.358999999999998,0.0,0.0
ASP 166,121.889,0.0,0.0,-7.441,0.0,0.0,-130.85,0.0,0.0,-38.096,0.0,0.0,0.0,0.0,0.0,-54.498,0.0,0.0
ARG 167,-184.178,0.0,0.0,-8.409,0.0,0.0,2.062,0.0,0.0,14.903,0.0,0.0,0.0,0.0,0.0,-175.62199999999999,0.0,0.0
PHE 168,96.807,0.0,0.0,-15.725,0.0,0.0,-81.543,0.0,0.0,0.68,0.0,0.0,0.0,0.0,0.0,0.21900000000000153,0.0,0.0
TYR 169,102.679,0.0,0.0,-14.024,0.0,0.0,-93.478,0.0,0.0,0.516,0.0,0.0,0.0,0.0,0.0,-4.306999999999993,0.0,0.0
LYS 170,142.249,0.0,0.0,-8.984,0.0,0.0,-154.708,0.0,0.0,7.267,0.0,0.0,0.0,0.0,0.0,-14.176000000000013,0.0,0.0
THR 171,45.338,0.0,0.0,-9.223,0.0,0.0,-57.903,0.0,0.0,-2.155,0.0,0.0,0.0,0.0,0.0,-23.942999999999998,0.0,0.0
LEU 172,71.871,0.0,0.0,-11.731,0.0,0.0,-67.734,0.0,0.0,-1.663,0.0,0.0,0.0,0.0,0.0,-9.257000000000001,0.0,0.0
ARG 173,-192.54,0.0,0.0,-11.286,0.0,0.0,41.818,0.0,0.0,-10.008,0.0,0.0,0.0,0.0,0.0,-172.016,0.0,0.0
ALA 174,90.555,0.0,0.0,-7.385,0.0,0.0,-79.354,0.0,0.0,-0.53,0.0,0.0,0.0,0.0,0.0,3.2860000000000023,0.0,0.0
GLU 175,103.255,0.0,0.0,-7.418,0.0,0.0,-94.538,0.0,0.0,-62.259,0.0,0.0,0.0,0.0,0.0,-60.96000000000001,0.0,0.0
GLN 176,28.608,0.0,0.0,-5.528,0.0,0.0,-64.79,0.0,0.0,-11.106,0.0,0.0,0.0,0.0,0.0,-52.81600000000001,0.0,0.0
ALA 177,96.279,0.0,0.0,-4.734,0.0,0.0,-83.281,0.0,0.0,-3.579,0.0,0.0,0.0,0.0,0.0,4.684999999999995,0.0,0.0
SER 178,74.412,0.0,0.0,-5.427,0.0,0.0,-62.109,0.0,0.0,-8.462,0.0,0.0,0.0,0.0,0.0,-1.5859999999999879,0.0,0.0
GLN 179,31.657,0.0,0.0,-5.237,0.0,0.0,-68.382,0.0,0.0,-11.437,0.0,0.0,0.0,0.0,0.0,-53.399,0.0,0.0
GLU 180,110.777,0.0,0.0,-4.836,0.0,0.0,-72.707,0.0,0.0,-93.192,0.0,0.0,0.0,0.0,0.0,-59.957999999999984,0.0,0.0
VAL 181,66.14,0.0,0.0,-6.32,0.0,0.0,-57.354,0.0,0.0,-3.05,0.0,0.0,0.0,0.0,0.0,-0.5839999999999987,0.0,0.0
LYS 182,112.552,0.0,0.0,-11.038,0.0,0.0,-94.519,0.0,0.0,-16.189,0.0,0.0,0.0,0.0,0.0,-9.193999999999996,0.0,0.0
ASN 183,20.839,0.0,0.0,-7.385,0.0,0.0,-79.584,0.0,0.0,-10.66,0.0,0.0,0.0,0.0,0.0,-76.79,0.0,0.0
TRP 184,122.773,0.0,0.0,-9.984,0.0,0.0,-89.143,0.0,0.0,-5.745,0.0,0.0,0.0,0.0,0.0,17.901,0.0,0.0
MET 185,100.988,0.0,0.0,-11.808,0.0,0.0,-84.837,0.0,0.0,-1.227,0.0,0.0,0.0,0.0,0.0,3.116000000000003,0.0,0.0
THR 186,41.489,0.0,0.0,-9.304,0.0,0.0,-55.154,0.0,0.0,0.037,0.0,0.0,0.0,0.0,0.0,-22.93200000000001,0.0,0.0
GLU 187,102.299,0.0,0.0,-7.264,0.0,0.0,-51.57,0.0,0.0,-96.13,0.0,0.0,0.0,0.0,0.0,-52.664999999999985,0.0,0.0
THR 188,45.363,0.0,0.0,-5.075,0.0,0.0,-53.977,0.0,0.0,-0.747,0.0,0.0,0.0,0.0,0.0,-14.436,0.0,0.0
LEU 189,63.926,0.0,0.0,-8.723,0.0,0.0,-66.419,0.0,0.0,0.54,0.0,0.0,0.0,0.0,0.0,-10.675999999999995,0.0,0.0
LEU 190,84.671,0.0,0.0,-12.145,0.0,0.0,-92.533,0.0,0.0,1.395,0.0,0.0,0.0,0.0,0.0,-18.61199999999999,0.0,0.0
VAL 191,54.947,0.0,0.0,-8.066,0.0,0.0,-59.167,0.0,0.0,1.419,0.0,0.0,0.0,0.0,0.0,-10.867,0.0,0.0
GLN 192,19.239,0.0,0.0,-6.533,0.0,0.0,-69.264,0.0,0.0,-2.331,0.0,0.0,0.0,0.0,0.0,-58.888999999999996,0.0,0.0
ASN 193,16.589,0.0,0.0,-9.858,0.0,0.0,-77.987,0.0,0.0,-0.252,0.0,0.0,0.0,0.0,0.0,-71.508,0.0,0.0
ALA 194,90.195,0.0,0.0,-8.079,0.0,0.0,-81.106,0.0,0.0,0.408,0.0,0.0,0.0,0.0,0.0,1.4179999999999908,0.0,0.0
ASN 195,50.718,0.0,0.0,-5.873,0.0,0.0,-99.053,0.0,0.0,-6.363,0.0,0.0,0.0,0.0,0.0,-60.57099999999999,0.0,0.0
PRO 196,77.956,0.0,0.0,-3.448,0.0,0.0,-62.945,0.0,0.0,-0.28,0.0,0.0,0.0,0.0,0.0,11.28300000000001,0.0,0.0
ASP 197,82.695,0.0,0.0,-5.737,0.0,0.0,-60.6,0.0,0.0,-86.54,0.0,0.0,0.0,0.0,0.0,-70.18200000000002,0.0,0.0
CYX 198,101.328,0.0,0.0,-7.463,0.0,0.0,-78.651,0.0,0.0,-2.21,0.0,0.0,0.0,0.0,0.0,13.004000000000012,0.0,0.0
LYS 199,130.461,0.0,0.0,-10.175,0.0,0.0,-126.473,0.0,0.0,-7.933,0.0,0.0,0.0,0.0,0.0,-14.119999999999983,0.0,0.0
THR 200,50.958,0.0,0.0,-4.91,0.0,0.0,-65.285,0.0,0.0,-0.375,0.0,0.0,0.0,0.0,0.0,-19.611999999999995,0.0,0.0
ILE 201,78.118,0.0,0.0,-7.185,0.0,0.0,-56.263,0.0,0.0,-1.268,0.0,0.0,0.0,0.0,0.0,13.401999999999994,0.0,0.0
LEU 202,81.768,0.0,0.0,-9.833,0.0,0.0,-74.663,0.0,0.0,-2.707,0.0,0.0,0.0,0.0,0.0,-5.434999999999994,0.0,0.0
LYS 203,113.058,0.0,0.0,-4.373,0.0,0.0,-92.534,0.0,0.0,-27.039,0.0,0.0,0.0,0.0,0.0,-10.888000000000005,0.0,0.0
ALA 204,82.939,0.0,0.0,-3.763,0.0,0.0,-73.57,0.0,0.0,-4.599,0.0,0.0,0.0,0.0,0.0,1.0069999999999943,0.0,0.0
LEU 205,78.891,0.0,0.0,-5.265,0.0,0.0,-78.037,0.0,0.0,-5.528,0.0,0.0,0.0,0.0,0.0,-9.939,0.0,0.0
GLY 206,89.18,0.0,0.0,-2.053,0.0,0.0,-72.597,0.0,0.0,-8.027,0.0,0.0,0.0,0.0,0.0,6.503000000000016,0.0,0.0
PRO 207,80.346,0.0,0.0,-2.479,0.0,0.0,-55.878,0.0,0.0,-5.095,0.0,0.0,0.0,0.0,0.0,16.894000000000005,0.0,0.0
GLY 208,66.029,0.0,0.0,-1.57,0.0,0.0,-67.068,0.0,0.0,-1.949,0.0,0.0,0.0,0.0,0.0,-4.5579999999999945,0.0,0.0
ALA 209,97.904,0.0,0.0,-5.4,0.0,0.0,-85.951,0.0,0.0,-4.154,0.0,0.0,0.0,0.0,0.0,2.3989999999999974,0.0,0.0
THR 210,43.362,0.0,0.0,-3.428,0.0,0.0,-55.914,0.0,0.0,-2.504,0.0,0.0,0.0,0.0,0.0,-18.483999999999998,0.0,0.0
LEU 211,66.925,0.0,0.0,-8.598,0.0,0.0,-63.964,0.0,0.0,-4.503,0.0,0.0,0.0,0.0,0.0,-10.14,0.0,0.0
GLU 212,103.013,0.0,0.0,-5.545,0.0,0.0,-94.528,0.0,0.0,-66.187,0.0,0.0,0.0,0.0,0.0,-63.247,0.0,0.0
GLU 213,104.553,0.0,0.0,-5.151,0.0,0.0,-56.154,0.0,0.0,-101.041,0.0,0.0,0.0,0.0,0.0,-57.793,0.0,0.0
MET 214,96.114,0.0,0.0,-11.385,0.0,0.0,-75.437,0.0,0.0,-1.194,0.0,0.0,0.0,0.0,0.0,8.098000000000003,0.0,0.0
MET 215,99.818,0.0,0.0,-11.544,0.0,0.0,-83.743,0.0,0.0,-2.435,0.0,0.0,0.0,0.0,0.0,2.096000000000006,0.0,0.0
THR 216,45.198,0.0,0.0,-4.133,0.0,0.0,-52.417,0.0,0.0,-5.396,0.0,0.0,0.0,0.0,0.0,-16.748000000000005,0.0,0.0
ALA 217,76.356,0.0,0.0,-5.12,0.0,0.0,-65.174,0.0,0.0,-2.036,0.0,0.0,0.0,0.0,0.0,4.025999999999984,0.0,0.0
CYX 218,96.168,0.0,0.0,-7.303,0.0,0.0,-75.831,0.0,0.0,-5.504,0.0,0.0,0.0,0.0,0.0,7.5300000000000065,0.0,0.0
GLN 219,34.64,0.0,0.0,-3.98,0.0,0.0,-68.924,0.0,0.0,-11.05,0.0,0.0,0.0,0.0,0.0,-49.31400000000001,0.0,0.0
GLY 220,101.205,0.0,0.0,-1.951,0.0,0.0,-85.446,0.0,0.0,-6.69,0.0,0.0,0.0,0.0,0.0,7.1180000000000065,0.0,0.0
VAL 221,39.894,0.0,0.0,-2.09,0.0,0.0,-18.841,0.0,0.0,-112.125,0.0,0.0,0.0,0.0,0.0,-93.162,0.0,0.0

Receptor:
Total Energy Decomposition:
Residue,Internal,,,van der Waals,,,Electrostatic,,,Polar Solvation,,,Non-Polar Solv.,,,TOTAL,,
,Avg.,Std. Dev.,Std. Err. of Mean,Avg.,Std. Dev.,Std. Err. of Mean,Avg.,Std. Dev.,Std. Err. of Mean,Avg.,Std. Dev.,Std. Err. of Mean,Avg.,Std. Dev.,Std. Err. of Mean,Avg.,Std. Dev.,Std. Err. of Mean
PRO   1,103.241,0.0,0.0,-5.644,0.0,0.0,-114.76,0.0,0.0,8.774,0.0,0.0,0.0,0.0,0.0,-8.389000000000012,0.0,0.0
ILE   2,88.36,0.0,0.0,-8.0,0.0,0.0,-62.365,0.0,0.0,-4.027,0.0,0.0,0.0,0.0,0.0,13.967999999999996,0.0,0.0
VAL   3,52.761,0.0,0.0,-4.983,0.0,0.0,-58.796,0.0,0.0,0.091,0.0,0.0,0.0,0.0,0.0,-10.926999999999994,0.0,0.0
GLN   4,24.679,0.0,0.0,-5.736,0.0,0.0,-61.617,0.0,0.0,-10.898,0.0,0.0,0.0,0.0,0.0,-53.572,0.0,0.0
ASN   5,30.646,0.0,0.0,-5.311,0.0,0.0,-85.182,0.0,0.0,-10.865,0.0,0.0,0.0,0.0,0.0,-70.712,0.0,0.0
LEU   6,70.712,0.0,0.0,-2.226,0.0,0.0,-71.441,0.0,0.0,-5.234,0.0,0.0,0.0,0.0,0.0,-8.188999999999998,0.0,0.0
GLN   7,39.584,0.0,0.0,-4.088,0.0,0.0,-75.541,0.0,0.0,-14.497,0.0,0.0,0.0,0.0,0.0,-54.541999999999994,0.0,0.0
GLY   8,79.468,0.0,0.0,-2.133,0.0,0.0,-70.09,0.0,0.0,-7.96,0.0,0.0,0.0,0.0,0.0,-0.7149999999999954,0.0,0.0
GLN   9,36.077,0.0,0.0,-4.693,0.0,0.0,-71.607,0.0,0.0,-10.731,0.0,0.0,0.0,0.0,0.0,-50.954,0.0,0.0
MET  10,103.248,0.0,0.0,-8.646,0.0,0.0,-81.298,0.0,0.0,-2.125,0.0,0.0,0.0,0.0,0.0,11.179000000000002,0.0,0.0
VAL  11,59.453,0.0,0.0,-6.3,0.0,0.0,-57.406,0.0,0.0,-1.655,0.0,0.0,0.0,0.0,0.0,-5.907999999999993,0.0,0.0
HID  12,90.71,0.0,0.0,-11.455,0.0,0.0,-62.463,0.0,0.0,-7.489,0.0,0.0,0.0,0.0,0.0,9.302999999999994,0.0,0.0
GLN  13,37.063,0.0,0.0,-5.824,0.0,0.0,-74.581,0.0,0.0,-9.205,0.0,0.0,0.0,0.0,0.0,-52.547,0.0,0.0
ALA  14,93.334,0.0,0.0,-3.54,0.0,0.0,-77.214,0.0,0.0,-3.735,0.0,0.0,0.0,0.0,0.0,8.844999999999999,0.0,0.0
ILE  15,90.86,0.0,0.0,-5.894,0.0,0.0,-69.509,0.0,0.0,-5.097,0.0,0.0,0.0,0.0,0.0,10.359999999999992,0.0,0.0
SER  16,70.338,0.0,0.0,-4.624,0.0,0.0,-50.308,0.0,0.0,-7.898,0.0,0.0,0.0,0.0,0.0,7.507999999999999,0.0,0.0
PRO  17,89.711,0.0,0.0,-4.15,0.0,0.0,-59.413,0.0,0.0,-3.902,0.0,0.0,0.0,0.0,0.0,22.245999999999995,0.0,0.0
ARG  18,-179.271,0.0,0.0,-6.106,0.0,0.0,68.19,0.0,0.0,-45.712,0.0,0.0,0.0,0.0,0.0,-162.899,0.0,0.0
THR  19,42.011,0.0,0.0,-7.491,0.0,0.0,-51.399,0.0,0.0,-5.074,0.0,0.0,0.0,0.0,0.0,-21.952999999999996,0.0,0.0
LEU  20,66.203,0.0,0.0,-9.417,0.0,0.0,-59.186,0.0,0.0,-2.888,0.0,0.0,0.0,0.0,0.0,-5.2879999999999985,0.0,0.0
ASN  21,31.054,0.0,0.0,-7.346,0.0,0.0,-80.19,0.0,0.0,-16.993,0.0,0.0,0.0,0.0,0.0,-73.475,0.0,0.0
ALA  22,96.078,0.0,0.0,-5.939,0.0,0.0,-82.68,0.0,0.0,-1.864,0.0,0.0,0.0,0.0,0.0,5.595000000000003,0.0,0.0
TRP  23,130.038,0.0,0.0,-17.615,0.0,0.0,-94.408,0.0,0.0,-0.714,0.0,0.0,0.0,0.0,0.0,17.301000000000016,0.0,0.0
VAL  24,64.73,0.0,0.0,-7.848,0.0,0.0,-57.889,0.0,0.0,-2.221,0.0,0.0,0.0,0.0,0.0,-3.227999999999998,0.0,0.0
LYS  25,129.935,0.0,0.0,-8.562,0.0,0.0,-115.745,0.0,0.0,-16.102,0.0,0.0,0.0,0.0,0.0,-10.474,0.0,0.0
VAL  26,63.31,0.0,0.0,-10.098,0.0,0.0,-62.894,0.0,0.0,-1.055,0.0,0.0,0.0,0.0,0.0,-10.736999999999995,0.0,0.0
VAL  27,45.555,0.0,0.0,-8.883,0.0,0.0,-48.117,0.0,0.0,-1.51,0.0,0.0,0.0,0.0,0.0,-12.955,0.0,0.0
GLU  28,98.749,0.0,0.0,-6.763,0.0,0.0,-56.549,0.0,0.0,-91.221,0.0,0.0,0.0,0.0,0.0,-55.78400000000001,0.0,0.0
GLU  29,106.226,0.0,0.0,-5.551,0.0,0.0,-112.229,0.0,0.0,-41.835,0.0,0.0,0.0,0.0,0.0,-53.389,0.0,0.0
LYS  30,115.002,0.0,0.0,-7.503,0.0,0.0,-83.322,0.0,0.0,-26.734,0.0,0.0,0.0,0.0,0.0,-2.5570000000000093,0.0,0.0
ALA  31,88.733,0.0,0.0,-4.053,0.0,0.0,-76.544,0.0,0.0,-2.689,0.0,0.0,0.0,0.0,0.0,5.44700000000001,0.0,0.0
PHE  32,106.719,0.0,0.0,-12.472,0.0,0.0,-79.566,0.0,0.0,-1.908,0.0,0.0,0.0,0.0,0.0,12.772999999999998,0.0,0.0
SER  33,87.401,0.0,0.0,-6.487,0.0,0.0,-65.405,0.0,0.0,-5.411,0.0,0.0,0.0,0.0,0.0,10.098,0.0,0.0
PRO  34,75.213,0.0,0.0,-5.291,0.0,0.0,-57.672,0.0,0.0,-0.414,0.0,0.0,0.0,0.0,0.0,11.836,0.0,0.0
GLU  35,107.833,0.0,0.0,-7.573,0.0,0.0,-93.577,0.0,0.0,-65.839,0.0,0.0,0.0,0.0,0.0,-59.156000000000006,0.0,0.0
VAL  36,58.621,0.0,0.0,-9.708,0.0,0.0,-56.81,0.0,0.0,0.031,0.0,0.0,0.0,0.0,0.0,-7.865999999999999,0.0,0.0
ILE  37,86.074,0.0,0.0,-9.68,0.0,0.0,-61.215,0.0,0.0,-0.473,0.0,0.0,0.0,0.0,0.0,14.706000000000001,0.0,0.0
PRO  38,82.446,0.0,0.0,-6.436,0.0,0.0,-61.313,0.0,0.0,-0.631,0.0,0.0,0.0,0.0,0.0,14.065999999999988,0.0,0.0
MET  39,89.197,0.0,0.0,-10.184,0.0,0.0,-74.618,0.0,0.0,0.574,0.0,0.0,0.0,0.0,0.0,4.96900000000001,0.0,0.0
PHE  40,104.032,0.0,0.0,-13.082,0.0,0.0,-84.116,0.0,0.0,-0.983,0.0,0.0,0.0,0.0,0.0,5.850999999999989,0.0,0.0
SER  41,77.641,0.0,0.0,-6.983,0.0,0.0,-65.704,0.0,0.0,-4.416,0.0,0.0,0.0,0.0,0.0,0.5380000000000074,0.0,0.0
ALA  42,86.147,0.0,0.0,-5.062,0.0,0.0,-64.923,0.0,0.0,-5.578,0.0,0.0,0.0,0.0,0.0,10.584000000000007,0.0,0.0
LEU  43,83.74,0.0,0.0,-10.298,0.0,0.0,-73.473,0.0,0.0,-3.351,0.0,0.0,0.0,0.0,0.0,-3.382000000000006,0.0,0.0
SER  44,72.392,0.0,0.0,-6.141,0.0,0.0,-68.088,0.0,0.0,-2.989,0.0,0.0,0.0,0.0,0.0,-4.826000000000003,0.0,0.0
GLU  45,103.55,0.0,0.0,-5.036,0.0,0.0,-71.075,0.0,0.0,-83.96,0.0,0.0,0.0,0.0,0.0,-56.521,0.0,0.0
GLY  46,69.929,0.0,0.0,-2.791,0.0,0.0,-67.939,0.0,0.0,-0.789,0.0,0.0,0.0,0.0,0.0,-1.5899999999999879,0.0,0.0
ALA  47,103.376,0.0,0.0,-5.557,0.0,0.0,-87.057,0.0,0.0,-2.713,0.0,0.0,0.0,0.0,0.0,8.049,0.0,0.0
THR  48,54.225,0.0,0.0,-7.082,0.0,0.0,-59.116,0.0,0.0,-0.592,0.0,0.0,0.0,0.0,0.0,-12.565,0.0,0.0
PRO  49,78.196,0.0,0.0,-10.2,0.0,0.0,-54.306,0.0,0.0,0.403,0.0,0.0,0.0,0.0,0.0,14.092999999999998,0.0,0.0
GLN  50,29.245,0.0,0.0,-10.122,0.0,0.0,-71.706,0.0,0.0,-5.243,0.0,0.0,0.0,0.0,0.0,-57.826,0.0,0.0
ASP  51,90.166,0.0,0.0,-9.361,0.0,0.0,-117.111,0.0,0.0,-19.611,0.0,0.0,0.0,0.0,0.0,-55.917000000000016,0.0,0.0
LEU  52,69.258,0.0,0.0,-10.402,0.0,0.0,-72.635,0.0,0.0,0.947,0.0,0.0,0.0,0.0,0.0,-12.832000000000011,0.0,0.0
ASN  53,37.118,0.0,0.0,-8.32,0.0,0.0,-99.135,0.0,0.0,-2.436,0.0,0.0,0.0,0.0,0.0,-72.773,0.0,0.0
THR  54,51.896,0.0,0.0,-7.169,0.0,0.0,-58.575,0.0,0.0,-5.531,0.0,0.0,0.0,0.0,0.0,-19.378999999999998,0.0,0.0
MET  55,85.534,0.0,0.0,-12.542,0.0,0.0,-68.669,0.0,0.0,-0.427,0.0,0.0,0.0,0.0,0.0,3.8960000000000075,0.0,0.0
LEU  56,69.611,0.0,0.0,-9.107,0.0,0.0,-73.904,0.0,0.0,1.115,0.0,0.0,0.0,0.0,0.0,-12.284999999999991,0.0,0.0
ASN  57,31.633,0.0,0.0,-7.366,0.0,0.0,-84.978,0.0,0.0,-10.483,0.0,0.0,0.0,0.0,0.0,-71.194,0.0,0.0
THR  58,55.947,0.0,0.0,-6.442,0.0,0.0,-60.848,0.0,0.0,-4.241,0.0,0.0,0.0,0.0,0.0,-15.583999999999996,0.0,0.0
VAL  59,35.925,0.0,0.0,-8.048,0.0,0.0,-40.095,0.0,0.0,-0.102,0.0,0.0,0.0,0.0,0.0,-12.320000000000004,0.0,0.0
ALA  60,91.822,0.0,0.0,-5.202,0.0,0.0,-64.093,0.0,0.0,-2.392,0.0,0.0,0.0,0.0,0.0,20.135,0.0,0.0
PRO  61,78.79,0.0,0.0,-5.198,0.0,0.0,-59.188,0.0,0.0,-0.607,0.0,0.0,0.0,0.0,0.0,13.797000000000011,0.0,0.0
HID  62,105.304,0.0,0.0,-6.307,0.0,0.0,-69.716,0.0,0.0,-10.406,0.0,0.0,0.0,0.0,0.0,18.875000000000007,0.0,0.0
GLN  63,33.141,0.0,0.0,-5.86,0.0,0.0,-64.376,0.0,0.0,-10.75,0.0,0.0,0.0,0.0,0.0,-47.845000000000006,0.0,0.0
ALA  64,83.22,0.0,0.0,-5.098,0.0,0.0,-68.031,0.0,0.0,-3.976,0.0,0.0,0.0,0.0,0.0,6.114999999999994,0.0,0.0
ALA  65,87.316,0.0,0.0,-7.327,0.0,0.0,-73.778,0.0,0.0,-1.729,0.0,0.0,0.0,0.0,0.0,4.481999999999998,0.0,0.0
ALA  66,93.631,0.0,0.0,-7.337,0.0,0.0,-83.834,0.0,0.0,-0.727,0.0,0.0,0.0,0.0,0.0,1.7329999999999939,0.0,0.0
GLN  67,40.649,0.0,0.0,-7.095,0.0,0.0,-81.702,0.0,0.0,-5.961,0.0,0.0,0.0,0.0,0.0,-54.108999999999995,0.0,0.0
MET  68,94.44,0.0,0.0,-11.12,0.0,0.0,-77.298,0.0,0.0,-0.457,0.0,0.0,0.0,0.0,0.0,5.5649999999999915,0.0,0.0
LEU  69,84.037,0.0,0.0,-11.768,0.0,0.0,-82.122,0.0,0.0,-2.16,0.0,0.0,0.0,0.0,0.0,-12.012999999999995,0.0,0.0
LYS  70,126.267,0.0,0.0,-10.079,0.0,0.0,-111.459,0.0,0.0,-12.734,0.0,0.0,0.0,0.0,0.0,-8.005000000000015,0.0,0.0
GLU  71,109.293,0.0,0.0,-6.498,0.0,0.0,-81.824,0.0,0.0,-86.273,0.0,0.0,0.0,0.0,0.0,-65.30199999999999,0.0,0.0
THR  72,52.095,0.0,0.0,-7.68,0.0,0.0,-59.54,0.0,0.0,-3.38,0.0,0.0,0.0,0.0,0.0,-18.505,0.0,0.0
ILE  73,78.67,0.0,0.0,-10.287,0.0,0.0,-50.955,0.0,0.0,-2.653,0.0,0.0,0.0,0.0,0.0,14.774999999999997,0.0,0.0
ASN  74,24.376,0.0,0.0,-7.414,0.0,0.0,-71.319,0.0,0.0,-12.981,0.0,0.0,0.0,0.0,0.0,-67.338,0.0,0.0
GLU  75,108.147,0.0,0.0,-8.185,0.0,0.0,-58.434,0.0,0.0,-105.79,0.0,0.0,0.0,0.0,0.0,-64.262,0.0,0.0
GLU  76,100.993,0.0,0.0,-10.219,0.0,0.0,-50.434,0.0,0.0,-102.521,0.0,0.0,0.0,0.0,0.0,-62.181,0.0,0.0
ALA  77,86.175,0.0,0.0,-8.011,0.0,0.0,-69.284,0.0,0.0,-2.178,0.0,0.0,0.0,0.0,0.0,6.7019999999999955,0.0,0.0
ALA  78,96.473,0.0,0.0,-6.632,0.0,0.0,-85.116,0.0,0.0,0.762,0.0,0.0,0.0,0.0,0.0,5.486999999999995,0.0,0.0
GLU  79,112.478,0.0,0.0,-7.825,0.0,0.0,-70.97,0.0,0.0,-92.3,0.0,0.0,0.0,0.0,0.0,-58.617000000000004,0.0,0.0
TRP  80,120.275,0.0,0.0,-16.662,0.0,0.0,-86.455,0.0,0.0,-0.404,0.0,0.0,0.0,0.0,0.0,16.754,0.0,0.0
ASP  81,110.553,0.0,0.0,-5.2,0.0,0.0,-85.664,0.0,0.0,-70.548,0.0,0.0,0.0,0.0,0.0,-50.85900000000001,0.0,0.0
ARG  82,-193.01,0.0,0.0,-7.365,0.0,0.0,1.628,0.0,0.0,38.359,0.0,0.0,0.0,0.0,0.0,-160.388,0.0,0.0
LEU  83,68.827,0.0,0.0,-6.186,0.0,0.0,-76.75,0.0,0.0,-1.922,0.0,0.0,0.0,0.0,0.0,-16.031000000000002,0.0,0.0
HID  84,115.212,0.0,0.0,-9.596,0.0,0.0,-77.572,0.0,0.0,-5.078,0.0,0.0,0.0,0.0,0.0,22.965999999999998,0.0,0.0
PRO  85,91.04,0.0,0.0,-3.561,0.0,0.0,-63.208,0.0,0.0,-5.553,0.0,0.0,0.0,0.0,0.0,18.718000000000014,0.0,0.0
VAL  86,49.512,0.0,0.0,-3.709,0.0,0.0,-48.683,0.0,0.0,-5.32,0.0,0.0,0.0,0.0,0.0,-8.200000000000003,0.0,0.0
HID  87,93.148,0.0,0.0,-5.942,0.0,0.0,-56.016,0.0,0.0,-12.332,0.0,0.0,0.0,0.0,0.0,18.85799999999999,0.0,0.0
ALA  88,99.408,0.0,0.0,-2.666,0.0,0.0,-73.279,0.0,0.0,-8.438,0.0,0.0,0.0,0.0,0.0,15.025000000000007,0.0,0.0
GLY  89,90.778,0.0,0.0,-1.575,0.0,0.0,-70.529,0.0,0.0,-8.521,0.0,0.0,0.0,0.0,0.0,10.153000000000006,0.0,0.0
PRO  90,79.121,0.0,0.0,-2.413,0.0,0.0,-51.501,0.0,0.0,-8.603,0.0,0.0,0.0,0.0,0.0,16.604,0.0,0.0
ILE  91,77.272,0.0,0.0,-4.349,0.0,0.0,-55.725,0.0,0.0,-4.267,0.0,0.0,0.0,0.0,0.0,12.931000000000001,0.0,0.0
ALA  92,95.912,0.0,0.0,-2.935,0.0,0.0,-66.343,0.0,0.0,-5.227,0.0,0.0,0.0,0.0,0.0,21.407,0.0,0.0
PRO  93,81.122,0.0,0.0,-2.878,0.0,0.0,-54.758,0.0,0.0,-6.908,0.0,0.0,0.0,0.0,0.0,16.577999999999996,0.0,0.0
GLY  94,74.392,0.0,0.0,-2.076,0.0,0.0,-64.549,0.0,0.0,-8.438,0.0,0.0,0.0,0.0,0.0,-0.6710000000000047,0.0,0.0
GLN  95,40.261,0.0,0.0,-5.833,0.0,0.0,-72.882,0.0,0.0,-9.839,0.0,0.0,0.0,0.0,0.0,-48.293,0.0,0.0
MET  96,109.853,0.0,0.0,-8.934,0.0,0.0,-78.505,0.0,0.0,-5.899,0.0,0.0,0.0,0.0,0.0,16.515,0.0,0.0
ARG  97,-195.81,0.0,0.0,-4.375,0.0,0.0,-21.106,0.0,0.0,35.55,0.0,0.0,0.0,0.0,0.0,-185.74099999999999,0.0,0.0
GLU  98,105.187,0.0,0.0,-5.716,0.0,0.0,-57.164,0.0,0.0,-99.777,0.0,0.0,0.0,0.0,0.0,-57.47,0.0,0.0
PRO  99,95.39,0.0,0.0,-9.407,0.0,0.0,-63.48,0.0,0.0,-1.489,0.0,0.0,0.0,0.0,0.0,21.014000000000006,0.0,0.0
ARG 100,-182.168,0.0,0.0,-9.509,0.0,0.0,-19.351,0.0,0.0,41.943,0.0,0.0,0.0,0.0,0.0,-169.08500000000004,0.0,0.0
GLY 101,77.995,0.0,0.0,-6.352,0.0,0.0,-82.881,0.0,0.0,1.416,0.0,0.0,0.0,0.0,0.0,-9.822,0.0,0.0
SER 102,75.637,0.0,0.0,-6.848,0.0,0.0,-67.239,0.0,0.0,-4.815,0.0,0.0,0.0,0.0,0.0,-3.2650000000000032,0.0,0.0
ASP 103,87.333,0.0,0.0,-8.661,0.0,0.0,-90.907,0.0,0.0,-43.329,0.0,0.0,0.0,0.0,0.0,-55.564,0.0,0.0
ILE 104,82.805,0.0,0.0,-11.826,0.0,0.0,-60.528,0.0,0.0,1.103,0.0,0.0,0.0,0.0,0.0,11.554000000000014,0.0,0.0
ALA 105,84.699,0.0,0.0,-6.517,0.0,0.0,-78.737,0.0,0.0,-0.418,0.0,0.0,0.0,0.0,0.0,-0.9729999999999925,0.0,0.0
GLY 106,89.41,0.0,0.0,-5.577,0.0,0.0,-86.431,0.0,0.0,-1.583,0.0,0.0,0.0,0.0,0.0,-4.180999999999999,0.0,0.0
THR 107,41.845,0.0,0.0,-5.307,0.0,0.0,-42.933,0.0,0.0,-8.758,0.0,0.0,0.0,0.0,0.0,-15.153000000000002,0.0,0.0
THR 108,45.786,0.0,0.0,-4.078,0.0,0.0,-58.769,0.0,0.0,-3.421,0.0,0.0,0.0,0.0,0.0,-20.482,0.0,0.0
SER 109,71.404,0.0,0.0,-5.373,0.0,0.0,-66.837,0.0,0.0,-1.977,0.0,0.0,0.0,0.0,0.0,-2.783000000000012,0.0,0.0
THR 110,38.07,0.0,0.0,-6.615,0.0,0.0,-34.015,0.0,0.0,-8.667,0.0,0.0,0.0,0.0,0.0,-11.227000000000002,0.0,0.0
LEU 111,60.106,0.0,0.0,-6.407,0.0,0.0,-55.231,0.0,0.0,-5.288,0.0,0.0,0.0,0.0,0.0,-6.820000000000004,0.0,0.0
GLN 112,36.635,0.0,0.0,-6.34,0.0,0.0,-73.063,0.0,0.0,-14.527,0.0,0.0,0.0,0.0,0.0,-57.295,0.0,0.0
GLU 113,102.202,0.0,0.0,-5.007,0.0,0.0,-102.997,0.0,0.0,-52.7,0.0,0.0,0.0,0.0,0.0,-58.50200000000001,0.0,0.0
GLN 114,36.184,0.0,0.0,-11.284,0.0,0.0,-73.013,0.0,0.0,-3.42,0.0,0.0,0.0,0.0,0.0,-51.53300000000001,0.0,0.0
ILE 115,90.437,0.0,0.0,-7.662,0.0,0.0,-69.998,0.0,0.0,-1.144,0.0,0.0,0.0,0.0,0.0,11.632999999999987,0.0,0.0
GLY 116,79.246,0.0,0.0,-5.379,0.0,0.0,-72.604,0.0,0.0,-2.121,0.0,0.0,0.0,0.0,0.0,-0.858000000000009,0.0,0.0
TRP 117,121.74,0.0,0.0,-18.653,0.0,0.0,-90.312,0.0,0.0,-0.268,0.0,0.0,0.0,0.0,0.0,12.50699999999999,0.0,0.0
MET 118,96.783,0.0,0.0,-9.022,0.0,0.0,-79.389,0.0,0.0,-3.735,0.0,0.0,0.0,0.0,0.0,4.6370000000000005,0.0,0.0
THR 119,39.083,0.0,0.0,-6.216,0.0,0.0,-44.527,0.0,0.0,-5.862,0.0,0.0,0.0,0.0,0.0,-17.522000000000006,0.0,0.0
HID 120,95.976,0.0,0.0,-10.338,0.0,0.0,-61.994,0.0,0.0,-7.507,0.0,0.0,0.0,0.0,0.0,16.137000000000008,0.0,0.0
ASN 121,30.013,0.0,0.0,-4.236,0.0,0.0,-61.55,0.0,0.0,-18.092,0.0,0.0,0.0,0.0,0.0,-53.864999999999995,0.0,0.0
PRO 122,98.07,0.0,0.0,-3.599,0.0,0.0,-61.521,0.0,0.0,-2.384,0.0,0.0,0.0,0.0,0.0,30.56599999999999,0.0,0.0
PRO 123,84.562,0.0,0.0,-6.18,0.0,0.0,-62.579,0.0,0.0,-1.733,0.0,0.0,0.0,0.0,0.0,14.070000000000004,0.0,0.0
ILE 124,92.343,0.0,0.0,-5.151,0.0,0.0,-62.294,0.0,0.0,-1.323,0.0,0.0,0.0,0.0,0.0,23.57500000000001,0.0,0.0
PRO 125,92.861,0.0,0.0,-5.428,0.0,0.0,-62.237,0.0,0.0,-1.176,0.0,0.0,0.0,0.0,0.0,24.020000000000007,0.0,0.0
VAL 126,56.605,0.0,0.0,-9.187,0.0,0.0,-54.418,0.0,0.0,-0.204,0.0,0.0,0.0,0.0,0.0,-7.204,0.0,0.0
GLY 127,70.525,0.0,0.0,-4.76,0.0,0.0,-71.603,0.0,0.0,-2.201,0.0,0.0,0.0,0.0,0.0,-8.038999999999994,0.0,0.0
GLU 128,110.09,0.0,0.0,-7.478,0.0,0.0,-82.618,0.0,0.0,-73.386,0.0,0.0,0.0,0.0,0.0,-53.39199999999998,0.0,0.0
ILE 129,84.438,0.0,0.0,-8.762,0.0,0.0,-66.272,0.0,0.0,0.101,0.0,0.0,0.0,0.0,0.0,9.504999999999997,0.0,0.0
TYR 130,92.209,0.0,0.0,-14.984,0.0,0.0,-91.268,0.0,0.0,0.683,0.0,0.0,0.0,0.0,0.0,-13.359999999999992,0.0,0.0
LYS 131,139.865,0.0,0.0,-12.998,0.0,0.0,-175.085,0.0,0.0,38.173,0.0,0.0,0.0,0.0,0.0,-10.045000000000002,0.0,0.0
ARG 132,-183.151,0.0,0.0,-8.833,0.0,0.0,32.675,0.0,0.0,-2.81,0.0,0.0,0.0,0.0,0.0,-162.11900000000003,0.0,0.0
TRP 133,125.248,0.0,0.0,-17.377,0.0,0.0,-98.174,0.0,0.0,-1.121,0.0,0.0,0.0,0.0,0.0,8.576000000000002,0.0,0.0
ILE 134,89.958,0.0,0.0,-11.252,0.0,0.0,-73.197,0.0,0.0,0.514,0.0,0.0,0.0,0.0,0.0,6.023000000000001,0.0,0.0
ILE 135,76.261,0.0,0.0,-10.538,0.0,0.0,-62.112,0.0,0.0,0.455,0.0,0.0,0.0,0.0,0.0,4.065999999999997,0.0,0.0
LEU 136,64.339,0.0,0.0,-9.122,0.0,0.0,-68.807,0.0,0.0,0.841,0.0,0.0,0.0,0.0,0.0,-12.749000000000004,0.0,0.0
GLY 137,77.209,0.0,0.0,-7.001,0.0,0.0,-77.405,0.0,0.0,0.892,0.0,0.0,0.0,0.0,0.0,-6.305000000000002,0.0,0.0
LEU 138,60.911,0.0,0.0,-10.317,0.0,0.0,-68.996,0.0,0.0,0.357,0.0,0.0,0.0,0.0,0.0,-18.044999999999995,0.0,0.0
ASN 139,36.418,0.0,0.0,-7.188,0.0,0.0,-87.752,0.0,0.0,-6.262,0.0,0.0,0.0,0.0,0.0,-64.78399999999999,0.0,0.0
LYS 140,135.912,0.0,0.0,-9.556,0.0,0.0,-137.741,0.0,0.0,8.106,0.0,0.0,0.0,0.0,0.0,-3.2790000000000052,0.0,0.0
ILE 141,93.083,0.0,0.0,-11.778,0.0,0.0,-75.685,0.0,0.0,-0.851,0.0,0.0,0.0,0.0,0.0,4.76899999999999,0.0,0.0
VAL 142,62.815,0.0,0.0,-10.191,0.0,0.0,-58.582,0.0,0.0,-3.208,0.0,0.0,0.0,0.0,0.0,-9.166000000000006,0.0,0.0
ARG 143,-192.866,0.0,0.0,-5.539,0.0,0.0,66.917,0.0,0.0,-27.615,0.0,0.0,0.0,0.0,0.0,-159.103,0.0,0.0
MET 144,93.265,0.0,0.0,-7.675,0.0,0.0,-73.023,0.0,0.0,-5.267,0.0,0.0,0.0,0.0,0.0,7.300000000000007,0.0,0.0
TYR 145,96.752,0.0,0.0,-9.783,0.0,0.0,-85.205,0.0,0.0,-7.025,0.0,0.0,0.0,0.0,0.0,-5.261000000000005,0.0,0.0
SER 146,81.139,0.0,0.0,-3.744,0.0,0.0,-55.384,0.0,0.0,-9.129,0.0,0.0,0.0,0.0,0.0,12.881999999999996,0.0,0.0
PRO 147,86.953,0.0,0.0,-3.173,0.0,0.0,-61.164,0.0,0.0,-4.487,0.0,0.0,0.0,0.0,0.0,18.128999999999998,0.0,0.0
THR 148,38.947,0.0,0.0,-3.538,0.0,0.0,-45.108,0.0,0.0,-9.709,0.0,0.0,0.0,0.0,0.0,-19.40799999999999,0.0,0.0
SER 149,65.934,0.0,0.0,-2.217,0.0,0.0,-45.712,0.0,0.0,-13.607,0.0,0.0,0.0,0.0,0.0,4.397999999999996,0.0,0.0
ILE 150,60.106,0.0,0.0,-1.511,0.0,0.0,-29.737,0.0,0.0,-7.492,0.0,0.0,0.0,0.0,0.0,21.366,0.0,0.0

Ligand:
Total Energy Decomposition:
Residue,Internal,,,van der Waals,,,Electrostatic,,,Polar Solvation,,,Non-Polar Solv.,,,TOTAL,,
,Avg.,Std. Dev.,Std. Err. of Mean,Avg.,Std. Dev.,Std. Err. of Mean,Avg.,Std. Dev.,Std. Err. of Mean,Avg.,Std. Dev.,Std. Err. of Mean,Avg.,Std. Dev.,Std. Err. of Mean,Avg.,Std. Dev.,Std. Err. of Mean
LEU   1,42.123,0.0,0.0,-2.258,0.0,0.0,-45.191,0.0,0.0,-0.938,0.0,0.0,0.0,0.0,0.0,-6.264000000000007,0.0,0.0
ASP   2,96.514,0.0,0.0,-4.01,0.0,0.0,-81.772,0.0,0.0,-74.856,0.0,0.0,0.0,0.0,0.0,-64.12400000000001,0.0,0.0
ILE   3,95.714,0.0,0.0,-5.835,0.0,0.0,-72.052,0.0,0.0,-3.125,0.0,0.0,0.0,0.0,0.0,14.701999999999998,0.0,0.0
ARG   4,-196.429,0.0,0.0,-5.674,0.0,0.0,25.365,0.0,0.0,0.585,0.0,0.0,0.0,0.0,0.0,-176.153,0.0,0.0
GLN   5,31.916,0.0,0.0,-11.755,0.0,0.0,-83.802,0.0,0.0,-1.134,0.0,0.0,0.0,0.0,0.0,-64.775,0.0,0.0
GLY   6,86.214,0.0,0.0,-3.844,0.0,0.0,-69.288,0.0,0.0,-3.959,0.0,0.0,0.0,0.0,0.0,9.123000000000008,0.0,0.0
PRO   7,86.608,0.0,0.0,-3.352,0.0,0.0,-53.825,0.0,0.0,-6.798,0.0,0.0,0.0,0.0,0.0,22.632999999999996,0.0,0.0
LYS   8,120.255,0.0,0.0,-4.142,0.0,0.0,-83.115,0.0,0.0,-37.353,0.0,0.0,0.0,0.0,0.0,-4.354999999999997,0.0,0.0
GLU   9,108.03,0.0,0.0,-7.163,0.0,0.0,-122.715,0.0,0.0,-25.937,0.0,0.0,0.0,0.0,0.0,-47.785,0.0,0.0
PRO  10,79.451,0.0,0.0,-6.42,0.0,0.0,-58.877,0.0,0.0,-0.562,0.0,0.0,0.0,0.0,0.0,13.59199999999999,0.0,0.0
PHE  11,105.817,0.0,0.0,-12.391,0.0,0.0,-76.198,0.0,0.0,-0.648,0.0,0.0,0.0,0.0,0.0,16.579999999999995,0.0,0.0
ARG  12,-196.548,0.0,0.0,-7.948,0.0,0.0,5.816,0.0,0.0,23.065,0.0,0.0,0.0,0.0,0.0,-175.615,0.0,0.0
ASP  13,91.647,0.0,0.0,-7.487,0.0,0.0,-78.543,0.0,0.0,-77.823,0.0,0.0,0.0,0.0,0.0,-72.20599999999999,0.0,0.0
TYR  14,98.514,0.0,0.0,-16.901,0.0,0.0,-98.729,0.0,0.0,1.636,0.0,0.0,0.0,0.0,0.0,-15.48,0.0,0.0
VAL  15,49.37,0.0,0.0,-8.945,0.0,0.0,-53.188,0.0,0.0,2.465,0.0,0.0,0.0,0.0,0.0,-10.298000000000005,0.0,0.0
ASP  16,121.889,0.0,0.0,-7.265,0.0,0.0,-148.027,0.0,0.0,-21.22,0.0,0.0,0.0,0.0,0.0,-54.62299999999999,0.0,0.0
ARG  17,-184.178,0.0,0.0,-8.014,0.0,0.0,12.484,0.0,0.0,2.734,0.0,0.0,0.0,0.0,0.0,-176.974,1.9073486328125e-06,1.9073486328125e-06
PHE  18,96.807,0.0,0.0,-14.737,0.0,0.0,-81.024,0.0,0.0,0.477,0.0,0.0,0.0,0.0,0.0,1.5230000000000063,0.0,0.0
TYR  19,102.679,0.0,0.0,-13.787,0.0,0.0,-92.827,0.0,0.0,0.055,0.0,0.0,0.0,0.0,0.0,-3.880000000000002,0.0,0.0
LYS  20,142.249,0.0,0.0,-7.963,0.0,0.0,-122.093,0.0,0.0,-18.279,0.0,0.0,0.0,0.0,0.0,-6.086000000000002,0.0,0.0
THR  21,45.338,0.0,0.0,-6.841,0.0,0.0,-56.959,0.0,0.0,-4.117,0.0,0.0,0.0,0.0,0.0,-22.579000000000004,0.0,0.0
LEU  22,71.871,0.0,0.0,-10.459,0.0,0.0,-66.37,0.0,0.0,-3.29,0.0,0.0,0.0,0.0,0.0,-8.248000000000012,0.0,0.0
ARG  23,-192.54,0.0,0.0,-8.926,0.0,0.0,81.615,0.0,0.0,-41.193,0.0,0.0,0.0,0.0,0.0,-161.04399999999998,0.0,0.0
ALA  24,90.555,0.0,0.0,-4.415,0.0,0.0,-77.486,0.0,0.0,-5.482,0.0,0.0,0.0,0.0,0.0,3.171999999999996,0.0,0.0
GLU  25,103.255,0.0,0.0,-6.186,0.0,0.0,-65.728,0.0,0.0,-96.493,0.0,0.0,0.0,0.0,0.0,-65.152,0.0,0.0
GLN  26,28.608,0.0,0.0,-3.713,0.0,0.0,-62.536,0.0,0.0,-16.596,0.0,0.0,0.0,0.0,0.0,-54.23700000000001,0.0,0.0
ALA  27,96.279,0.0,0.0,-4.604,0.0,0.0,-83.664,0.0,0.0,-3.199,0.0,0.0,0.0,0.0,0.0,4.811999999999996,0.0,0.0
SER  28,74.412,0.0,0.0,-5.394,0.0,0.0,-61.91,0.0,0.0,-8.619,0.0,0.0,0.0,0.0,0.0,-1.5109999999999957,0.0,0.0
GLN  29,31.657,0.0,0.0,-5.204,0.0,0.0,-68.155,0.0,0.0,-11.656,0.0,0.0,0.0,0.0,0.0,-53.358,0.0,0.0
GLU  30,110.777,0.0,0.0,-4.825,0.0,0.0,-80.094,0.0,0.0,-85.67,0.0,0.0,0.0,0.0,0.0,-59.812,0.0,0.0
VAL  31,66.14,0.0,0.0,-6.272,0.0,0.0,-57.607,0.0,0.0,-2.797,0.0,0.0,0.0,0.0,0.0,-0.5359999999999974,0.0,0.0
LYS  32,112.552,0.0,0.0,-10.977,0.0,0.0,-84.058,0.0,0.0,-26.901,0.0,0.0,0.0,0.0,0.0,-9.384000000000004,0.0,0.0
ASN  33,20.839,0.0,0.0,-7.373,0.0,0.0,-79.674,0.0,0.0,-10.572,0.0,0.0,0.0,0.0,0.0,-76.78000000000002,0.0,0.0
TRP  34,122.773,0.0,0.0,-9.951,0.0,0.0,-89.263,0.0,0.0,-5.632,0.0,0.0,0.0,0.0,0.0,17.927,0.0,0.0
MET  35,100.988,0.0,0.0,-11.413,0.0,0.0,-85.392,0.0,0.0,-0.829,0.0,0.0,0.0,0.0,0.0,3.354000000000007,0.0,0.0
THR  36,41.489,0.0,0.0,-9.287,0.0,0.0,-55.287,0.0,0.0,0.155,0.0,0.0,0.0,0.0,0.0,-22.93,0.0,0.0
GLU  37,102.299,0.0,0.0,-7.257,0.0,0.0,-58.267,0.0,0.0,-89.247,0.0,0.0,0.0,0.0,0.0,-52.472,0.0,0.0
THR  38,45.363,0.0,0.0,-5.054,0.0,0.0,-54.066,0.0,0.0,-0.681,0.0,0.0,0.0,0.0,0.0,-14.438000000000006,0.0,0.0
LEU  39,63.926,0.0,0.0,-7.863,0.0,0.0,-66.67,0.0,0.0,0.728,0.0,0.0,0.0,0.0,0.0,-9.879,0.0,0.0
LEU  40,84.671,0.0,0.0,-12.061,0.0,0.0,-92.789,0.0,0.0,1.546,0.0,0.0,0.0,0.0,0.0,-18.63299999999999,0.0,0.0
VAL  41,54.947,0.0,0.0,-8.05,0.0,0.0,-59.255,0.0,0.0,1.5,0.0,0.0,0.0,0.0,0.0,-10.857999999999997,0.0,0.0
GLN  42,19.239,0.0,0.0,-6.499,0.0,0.0,-68.938,0.0,0.0,-2.548,0.0,0.0,0.0,0.0,0.0,-58.746,0.0,0.0
ASN  43,16.589,0.0,0.0,-9.485,0.0,0.0,-76.232,0.0,0.0,-0.586,0.0,0.0,0.0,0.0,0.0,-69.714,0.0,0.0
ALA  44,90.195,0.0,0.0,-8.067,0.0,0.0,-81.136,0.0,0.0,0.436,0.0,0.0,0.0,0.0,0.0,1.4279999999999902,0.0,0.0
ASN  45,50.718,0.0,0.0,-5.867,0.0,0.0,-98.932,0.0,0.0,-6.494,0.0,0.0,0.0,0.0,0.0,-60.574999999999996,0.0,0.0
PRO  46,77.956,0.0,0.0,-3.445,0.0,0.0,-62.902,0.0,0.0,-0.321,0.0,0.0,0.0,0.0,0.0,11.28800000000001,0.0,0.0
ASP  47,82.695,0.0,0.0,-5.736,0.0,0.0,-66.542,0.0,0.0,-80.395,0.0,0.0,0.0,0.0,0.0,-69.97800000000001,0.0,0.0
CYX  48,101.328,0.0,0.0,-7.461,0.0,0.0,-78.547,0.0,0.0,-2.318,0.0,0.0,0.0,0.0,0.0,13.002000000000008,0.0,0.0
LYS  49,130.461,0.0,0.0,-10.169,0.0,0.0,-119.358,0.0,0.0,-15.235,0.0,0.0,0.0,0.0,0.0,-14.300999999999988,0.0,0.0
THR  50,50.958,0.0,0.0,-4.909,0.0,0.0,-65.236,0.0,0.0,-0.43,0.0,0.0,0.0,0.0,0.0,-19.617000000000004,0.0,0.0
ILE  51,78.118,0.0,0.0,-7.183,0.0,0.0,-56.207,0.0,0.0,-1.327,0.0,0.0,0.0,0.0,0.0,13.401000000000002,0.0,0.0
LEU  52,81.768,0.0,0.0,-9.83,0.0,0.0,-74.584,0.0,0.0,-2.793,0.0,0.0,0.0,0.0,0.0,-5.439000000000001,0.0,0.0
LYS  53,113.058,0.0,0.0,-4.372,0.0,0.0,-86.678,0.0,0.0,-33.054,0.0,0.0,0.0,0.0,0.0,-11.045999999999992,0.0,0.0
ALA  54,82.939,0.0,0.0,-3.763,0.0,0.0,-73.534,0.0,0.0,-4.64,0.0,0.0,0.0,0.0,0.0,1.001999999999982,0.0,0.0
LEU  55,78.891,0.0,0.0,-5.264,0.0,0.0,-77.971,0.0,0.0,-5.599,0.0,0.0,0.0,0.0,0.0,-9.942999999999994,0.0,0.0
GLY  56,89.18,0.0,0.0,-2.053,0.0,0.0,-72.592,0.0,0.0,-8.03,0.0,0.0,0.0,0.0,0.0,6.505000000000011,0.0,0.0
PRO  57,80.346,0.0,0.0,-2.477,0.0,0.0,-55.793,0.0,0.0,-5.178,0.0,0.0,0.0,0.0,0.0,16.898,0.0,0.0
GLY  58,66.029,0.0,0.0,-1.569,0.0,0.0,-67.043,0.0,0.0,-1.974,0.0,0.0,0.0,0.0,0.0,-4.557000000000013,0.0,0.0
ALA  59,97.904,0.0,0.0,-5.399,0.0,0.0,-86.018,0.0,0.0,-4.085,0.0,0.0,0.0,0.0,0.0,2.401999999999995,0.0,0.0
THR  60,43.362,0.0,0.0,-3.426,0.0,0.0,-55.851,0.0,0.0,-2.566,0.0,0.0,0.0,0.0,0.0,-18.480999999999998,0.0,0.0
LEU  61,66.925,0.0,0.0,-8.591,0.0,0.0,-63.845,0.0,0.0,-4.621,0.0,0.0,0.0,0.0,0.0,-10.132000000000003,0.0,0.0
GLU  62,103.013,0.0,0.0,-5.542,0.0,0.0,-101.741,0.0,0.0,-58.76,0.0,0.0,0.0,0.0,0.0,-63.029999999999994,0.0,0.0
GLU  63,104.553,0.0,0.0,-5.149,0.0,0.0,-62.325,0.0,0.0,-94.677,0.0,0.0,0.0,0.0,0.0,-57.59800000000001,0.0,0.0
MET  64,96.114,0.0,0.0,-11.381,0.0,0.0,-75.308,0.0,0.0,-1.322,0.0,0.0,0.0,0.0,0.0,8.102999999999998,0.0,0.0
MET  65,99.818,0.0,0.0,-11.539,0.0,0.0,-83.689,0.0,0.0,-2.487,0.0,0.0,0.0,0.0,0.0,2.1030000000000033,0.0,0.0
THR  66,45.198,0.0,0.0,-4.132,0.0,0.0,-52.334,0.0,0.0,-5.484,0.0,0.0,0.0,0.0,0.0,-16.752000000000002,0.0,0.0
ALA  67,76.356,0.0,0.0,-5.119,0.0,0.0,-65.084,0.0,0.0,-2.125,0.0,0.0,0.0,0.0,0.0,4.027999999999992,0.0,0.0
CYX  68,96.168,0.0,0.0,-7.301,0.0,0.0,-75.796,0.0,0.0,-5.539,0.0,0.0,0.0,0.0,0.0,7.531999999999998,0.0,0.0
GLN  69,34.64,0.0,0.0,-3.978,0.0,0.0,-69.202,0.0,0.0,-10.754,0.0,0.0,0.0,0.0,0.0,-49.294,0.0,0.0
GLY  70,101.205,0.0,0.0,-1.95,0.0,0.0,-85.37,0.0,0.0,-6.77,0.0,0.0,0.0,0.0,0.0,7.114999999999991,0.0,0.0
VAL  71,39.894,0.0,0.0,-2.088,0.0,0.0,-24.19,0.0,0.0,-106.608,0.0,0.0,0.0,0.0,0.0,-92.992,0.0,0.0

DELTAS:
Total Energy Decomposition:
Residue,Location,Internal,,,van der Waals,,,Electrostatic,,,Polar Solvation,,,Non-Polar Solv.,,,TOTAL,,
,,Avg.,Std. Dev.,Std. Err. of Mean,Avg.,Std. Dev.,Std. Err. of Mean,Avg.,Std. Dev.,Std. Err. of Mean,Avg.,Std. Dev.,Std. Err. of Mean,Avg.,Std. Dev.,Std. Err. of Mean
PRO   1,R PRO   1,0.0,0.0,0.0,0.0,0.0,0.0,-4.972999999999999,0.0,0.0,4.943000000000001,0.0,0.0,0.0,0.0,0.0,-0.029999999999997584,0.0,0.0
ILE   2,R ILE   2,0.0,0.0,0.0,0.0,0.0,0.0,0.0030000000000001137,0.0,0.0,-0.004999999999999893,0.0,0.0,0.0,0.0,0.0,-0.0019999999999988916,0.0,0.0
VAL   3,R VAL   3,0.0,0.0,0.0,0.0,0.0,0.0,-0.008000000000002672,0.0,0.0,0.008000000000000007,0.0,0.0,0.0,0.0,0.0,-1.7763568394002505e-15,0.0,0.0
GLN   4,R GLN   4,0.0,0.0,0.0,0.0,0.0,0.0,-0.007000000000005002,0.0,0.0,0.010999999999999233,0.0,0.0,0.0,0.0,0.0,0.003999999999997783,0.0,0.0
ASN   5,R ASN   5,0.0,0.0,0.0,0.0,0.0,0.0,0.028000000000005798,0.0,0.0,-0.02999999999999936,0.0,0.0,0.0,0.0,0.0,-0.001999999999995339,0.0,0.0
LEU   6,R LEU   6,0.0,0.0,0.0,0.0,0.0,0.0,0.019000000000005457,0.0,0.0,-0.019000000000000128,0.0,0.0,0.0,0.0,0.0,5.329070518200751e-15,0.0,0.0
GLN   7,R GLN   7,0.0,0.0,0.0,0.0,0.0,0.0,-0.005000000000009663,0.0,0.0,0.006000000000000227,0.0,0.0,0.0,0.0,0.0,0.000999999999990564,0.0,0.0
GLY   8,R GLY   8,0.0,0.0,0.0,0.0,0.0,0.0,0.019000000000005457,0.0,0.0,-0.020000000000000462,0.0,0.0,0.0,0.0,0.0,-0.0009999999999950049,0.0,0.0
GLN   9,R GLN   9,0.0,0.0,0.0,0.0,0.0,0.0,0.0,0.0,0.0,-0.0009999999999994458,0.0,0.0,0.0,0.0,0.0,-0.0009999999999976694,0.0,0.0
MET  10,R MET  10,0.0,0.0,0.0,0.0,0.0,0.0,-0.009000000000000341,0.0,0.0,0.009999999999999787,0.0,0.0,0.0,0.0,0.0,0.0009999999999994458,0.0,0.0
VAL  11,R VAL  11,0.0,0.0,0.0,0.0,0.0,0.0,0.01899999999999835,0.0,0.0,-0.02299999999999991,0.0,0.0,0.0,0.0,0.0,-0.004000000000001336,0.0,0.0
HID  12,R HID  12,0.0,0.0,0.0,-0.0009999999999994458,0.0,0.0,-0.0020000000000024443,0.0,0.0,-0.0019999999999997797,0.0,0.0,0.0,0.0,0.0,-0.005000000000006111,0.0,0.0
GLN  13,R GLN  13,0.0,0.0,0.0,0.0,0.0,0.0,0.02200000000000557,0.0,0.0,-0.021000000000000796,0.0,0.0,0.0,0.0,0.0,0.0010000000000047748,0.0,0.0
ALA  14,R ALA  14,0.0,0.0,0.0,0.0,0.0,0.0,-0.01099999999999568,0.0,0.0,0.009999999999999787,0.0,0.0,0.0,0.0,0.0,-0.000999999999995893,0.0,0.0
ILE  15,R ILE  15,0.0,0.0,0.0,-0.0009999999999994458,0.0,0.0,-0.0049999999999954525,0.0,0.0,0.006000000000000227,0.0,0.0,0.0,0.0,0.0,1.4210854715202004e-14,0.0,0.0
SER  16,R SER  16,0.0,0.0,0.0,-0.001000000000000334,0.0,0.0,0.003999999999997783,0.0,0.0,-0.007000000000000561,0.0,0.0,0.0,0.0,0.0,-0.004000000000007553,0.0,0.0
PRO  17,R PRO  17,0.0,0.0,0.0,-0.0009999999999994458,0.0,0.0,0.0,0.0,0.0,-0.0029999999999996696,0.0,0.0,0.0,0.0,0.0,-0.003999999999990678,0.0,0.0
ARG  18,R ARG  18,0.0,0.0,0.0,-0.0019999999999997797,0.0,0.0,-5.265999999999998,0.0,0.0,5.284000000000006,0.0,0.0,0.0,0.0,0.0,0.016000000000019554,0.0,0.0
THR  19,R THR  19,0.0,0.0,0.0,-0.001000000000000334,0.0,0.0,-0.045000000000001705,0.0,0.0,0.040000000000000036,0.0,0.0,0.0,0.0,0.0,-0.006000000000000227,0.0,0.0
LEU  20,R LEU  20,0.0,0.0,0.0,-0.002000000000000668,0.0,0.0,-0.003999999999997783,0.0,0.0,0.0009999999999998899,0.0,0.0,0.0,0.0,0.0,-0.004999999999993676,0.0,0.0
ASN  21,R ASN  21,0.0,0.0,0.0,-0.0019999999999997797,0.0,0.0,-0.0040000000000048885,0.0,0.0,-0.004000000000001336,0.0,0.0,0.0,0.0,0.0,-0.010000000000005116,0.0,0.0
ALA  22,R ALA  22,0.0,0.0,0.0,-0.0019999999999997797,0.0,0.0,-0.06199999999999761,0.0,0.0,0.05700000000000016,0.0,0.0,0.0,0.0,0.0,-0.007000000000007667,0.0,0.0
TRP  23,R TRP  23,0.0,0.0,0.0,-0.0070000000000014495,0.0,0.0,-0.11599999999999966,0.0,0.0,0.10799999999999998,0.0,0.0,0.0,0.0,0.0,-0.015000000000007674,0.0,0.0
VAL  24,R VAL  24,0.0,0.0,0.0,-0.0030000000000001137,0.0,0.0,0.02200000000000557,0.0,0.0,-0.020000000000000018,0.0,0.0,0.0,0.0,0.0,-0.0009999999999945608,0.0,0.0
LYS  25,R LYS  25,0.0,0.0,0.0,-0.0070000000000014495,0.0,0.0,-5.003999999999991,0.0,0.0,5.0920000000000005,0.0,0.0,0.0,0.0,0.0,0.08100000000000485,0.0,0.0
VAL  26,R VAL  26,0.0,0.0,0.0,-0.013999999999999346,0.0,0.0,0.031999999999996476,0.0,0.0,-0.037000000000000144,0.0,0.0,0.0,0.0,0.0,-0.019000000000007233,0.0,0.0
VAL  27,R VAL  27,0.0,0.0,0.0,-0.008000000000000895,0.0,0.0,0.12399999999999523,0.0,0.0,-0.137,0.0,0.0,0.0,0.0,0.0,-0.021000000000000796,0.0,0.0
GLU  28,R GLU  28,0.0,0.0,0.0,-0.008000000000000007,0.0,0.0,5.725000000000001,0.0,0.0,-5.8019999999999925,0.0,0.0,0.0,0.0,0.0,-0.08499999999998664,0.0,0.0
GLU  29,R GLU  29,0.0,0.0,0.0,-0.0129999999999999,0.0,0.0,5.111999999999995,0.0,0.0,-5.219000000000001,0.0,0.0,0.0,0.0,0.0,-0.11999999999999744,0.0,0.0
LYS  30,R LYS  30,0.0,0.0,0.0,-0.056999999999999496,0.0,0.0,-3.3319999999999936,0.0,0.0,3.4860000000000007,0.0,0.0,0.0,0.0,0.0,0.09700000000000486,0.0,0.0
ALA  31,R ALA  31,0.0,0.0,0.0,-0.04400000000000048,0.0,0.0,0.125,0.0,0.0,-0.13099999999999978,0.0,0.0,0.0,0.0,0.0,-0.04999999999999716,0.0,0.0
PHE  32,R PHE  32,0.0,0.0,0.0,-0.14000000000000057,0.0,0.0,1.2019999999999982,0.0,0.0,-0.8400000000000003,0.0,0.0,0.0,0.0,0.0,0.22199999999999598,0.0,0.0
SER  33,R SER  33,0.0,0.0,0.0,-0.5039999999999996,0.0,0.0,1.9050000000000011,0.0,0.0,-1.3800000000000008,0.0,0.0,0.0,0.0,0.0,0.020999999999995467,0.0,0.0
PRO  34,R PRO  34,0.0,0.0,0.0,-3.6549999999999994,0.0,0.0,1.7289999999999992,0.0,0.0,-0.651,0.0,0.0,0.0,0.0,0.0,-2.5770000000000017,0.0,0.0
GLU  35,R GLU  35,0.0,0.0,0.0,0.36400000000000077,0.0,0.0,-54.89099999999999,0.0,0.0,54.649,0.0,0.0,0.0,0.0,0.0,0.1220000000000141,0.0,0.0
VAL  36,R VAL  36,0.0,0.0,0.0,-0.09600000000000009,0.0,0.0,-0.04399999999999693,0.0,0.0,0.094,0.0,0.0,0.0,0.0,0.0,-0.04600000000000026,0.0,0.0
ILE  37,R ILE  37,0.0,0.0,0.0,-0.2810000000000006,0.0,0.0,1.0730000000000004,0.0,0.0,-0.997,0.0,0.0,0.0,0.0,0.0,-0.2050000000000054,0.0,0.0
PRO  38,R PRO  38,0.0,0.0,0.0,-0.16100000000000048,0.0,0.0,1.9040000000000035,0.0,0.0,-1.8299999999999998,0.0,0.0,0.0,0.0,0.0,-0.08699999999998376,0.0,0.0
MET  39,R MET  39,0.0,0.0,0.0,-0.0470000000000006,0.0,0.0,1.024000000000001,0.0,0.0,-0.982,0.0,0.0,0.0,0.0,0.0,-0.004999999999996341,0.0,0.0
PHE  40,R PHE  40,0.0,0.0,0.0,-0.016000000000000014,0.0,0.0,0.31399999999999295,0.0,0.0,-0.29999999999999993,0.0,0.0,0.0,0.0,0.0,-0.0019999999999980034,0.0,0.0
SER  41,R SER  41,0.0,0.0,0.0,-0.01100000000000012,0.0,0.0,0.7129999999999939,0.0,0.0,-0.6929999999999996,0.0,0.0,0.0,0.0,0.0,0.008999999999998565,0.0,0.0
ALA  42,R ALA  42,0.0,0.0,0.0,-0.004999999999999893,0.0,0.0,0.3329999999999984,0.0,0.0,-0.3199999999999994,0.0,0.0,0.0,0.0,0.0,0.008000000000002672,0.0,0.0
LEU  43,R LEU  43,0.0,0.0,0.0,-0.005000000000000782,0.0,0.0,0.14499999999999602,0.0,0.0,-0.13900000000000023,0.0,0.0,0.0,0.0,0.0,0.001000000000000334,0.0,0.0
SER  44,R SER  44,0.0,0.0,0.0,-0.0030000000000001137,0.0,0.0,0.10699999999999932,0.0,0.0,-0.1200000000000001,0.0,0.0,0.0,0.0,0.0,-0.016000000000000902,0.0,0.0
GLU  45,R GLU  45,0.0,0.0,0.0,-0.0030000000000001137,0.0,0.0,4.338999999999999,0.0,0.0,-4.443000000000012,0.0,0.0,0.0,0.0,0.0,-0.10700000000001353,0.0,0.0
GLY  46,R GLY  46,0.0,0.0,0.0,-0.0009999999999998899,0.0,0.0,-0.0020000000000095497,0.0,0.0,0.01100000000000001,0.0,0.0,0.0,0.0,0.0,0.007999999999985796,0.0,0.0
ALA  47,R ALA  47,0.0,0.0,0.0,-0.0009999999999994458,0.0,0.0,0.025000000000005684,0.0,0.0,-0.029999999999999805,0.0,0.0,0.0,0.0,0.0,-0.00599999999998424,0.0,0.0
THR  48,R THR  48,0.0,0.0,0.0,-0.001000000000000334,0.0,0.0,0.005000000000002558,0.0,0.0,0.0,0.0,0.0,0.0,0.0,0.0,0.0040000000000048885,0.0,0.0
PRO  49,R PRO  49,0.0,0.0,0.0,-0.0010000000000012221,0.0,0.0,0.01999999999999602,0.0,0.0,-0.014000000000000012,0.0,0.0,0.0,0.0,0.0,0.005000000000004334,0.0,0.0
GLN  50,R GLN  50,0.0,0.0,0.0,0.0,0.0,0.0,-0.007999999999995566,0.0,0.0,0.0129999999999999,0.0,0.0,0.0,0.0,0.0,0.005000000000002558,0.0,0.0
ASP  51,R ASP  51,0.0,0.0,0.0,-0.0009999999999994458,0.0,0.0,5.105000000000004,0.0,0.0,-5.062999999999999,0.0,0.0,0.0,0.0,0.0,0.04100000000001813,0.0,0.0
LEU  52,R LEU  52,0.0,0.0,0.0,-0.002000000000000668,0.0,0.0,0.03300000000000125,0.0,0.0,-0.009000000000000008,0.0,0.0,0.0,0.0,0.0,0.022000000000007347,0.0,0.0
ASN  53,R ASN  53,0.0,0.0,0.0,0.0,0.0,0.0,0.15900000000000603,0.0,0.0,-0.15600000000000014,0.0,0.0,0.0,0.0,0.0,0.0030000000000001137,0.0,0.0
THR  54,R THR  54,0.0,0.0,0.0,0.0,0.0,0.0,0.07700000000000529,0.0,0.0,-0.08000000000000007,0.0,0.0,0.0,0.0,0.0,-0.002999999999996561,0.0,0.0
MET  55,R MET  55,0.0,0.0,0.0,-0.002000000000000668,0.0,0.0,0.0519999999999925,0.0,0.0,-0.07300000000000001,0.0,0.0,0.0,0.0,0.0,-0.023000000000002796,0.0,0.0
LEU  56,R LEU  56,0.0,0.0,0.0,-0.002000000000000668,0.0,0.0,0.054000000000002046,0.0,0.0,-0.052000000000000046,0.0,0.0,0.0,0.0,0.0,0.0,0.0,0.0
ASN  57,R ASN  57,0.0,0.0,0.0,-0.001000000000000334,0.0,0.0,0.14499999999999602,0.0,0.0,-0.1529999999999987,0.0,0.0,0.0,0.0,0.0,-0.009000000000000341,0.0,0.0
THR  58,R THR  58,0.0,0.0,0.0,-0.0009999999999994458,0.0,0.0,-0.027999999999998693,0.0,0.0,-0.0030000000000001137,0.0,0.0,0.0,0.0,0.0,-0.031999999999996476,0.0,0.0
VAL  59,R VAL  59,0.0,0.0,0.0,-0.0030000000000001137,0.0,0.0,0.07199999999999562,0.0,0.0,-0.09100000000000001,0.0,0.0,0.0,0.0,0.0,-0.022000000000003794,0.0,0.0
ALA  60,R ALA  60,0.0,0.0,0.0,-0.001000000000000334,0.0,0.0,0.06900000000000261,0.0,0.0,-0.07100000000000017,0.0,0.0,0.0,0.0,0.0,-0.0030000000000036664,0.0,0.0
PRO  61,R PRO  61,0.0,0.0,0.0,-0.0009999999999994458,0.0,0.0,0.09499999999999886,0.0,0.0,-0.09499999999999997,0.0,0.0,0.0,0.0,0.0,-0.0010000000000065512,0.0,0.0
HID  62,R HID  62,0.0,0.0,0.0,-0.0039999999999995595,0.0,0.0,-0.03200000000001069,0.0,0.0,0.04300000000000104,0.0,0.0,0.0,0.0,0.0,0.006999999999983686,0.0,0.0
GLN  63,R GLN  63,0.0,0.0,0.0,-0.0019999999999997797,0.0,0.0,0.058000000000006935,0.0,0.0,-0.054999999999999716,0.0,0.0,0.0,0.0,0.0,0.0010000000000047748,0.0,0.0
ALA  64,R ALA  64,0.0,0.0,0.0,-0.0030000000000001137,0.0,0.0,0.15200000000000102,0.0,0.0,-0.14200000000000035,0.0,0.0,0.0,0.0,0.0,0.007000000000000561,0.0,0.0
ALA  65,R ALA  65,0.0,0.0,0.0,-0.006000000000000227,0.0,0.0,0.11800000000000921,0.0,0.0,-0.08999999999999986,0.0,0.0,0.0,0.0,0.0,0.022000000000009123,0.0,0.0
ALA  66,R ALA  66,0.0,0.0,0.0,-0.0030000000000001137,0.0,0.0,0.043000000000006366,0.0,0.0,-0.028000000000000025,0.0,0.0,0.0,0.0,0.0,0.012000000000006228,0.0,0.0
GLN  67,R GLN  67,0.0,0.0,0.0,-0.004000000000000448,0.0,0.0,0.29999999999999716,0.0,0.0,-0.28799999999999937,0.0,0.0,0.0,0.0,0.0,0.00799999999998846,0.0,0.0
MET  68,R MET  68,0.0,0.0,0.0,-0.019000000000000128,0.0,0.0,0.22500000000000853,0.0,0.0,-0.202,0.0,0.0,0.0,0.0,0.0,0.004000000000017323,0.0,0.0
LEU  69,R LEU  69,0.0,0.0,0.0,-0.007999999999999119,0.0,0.0,0.13700000000000045,0.0,0.0,-0.14900000000000002,0.0,0.0,0.0,0.0,0.0,-0.01999999999999602,0.0,0.0
LYS  70,R LYS  70,0.0,0.0,0.0,-0.0030000000000001137,0.0,0.0,-7.399000000000001,0.0,0.0,7.395,0.0,0.0,0.0,0.0,0.0,-0.006999999999987239,0.0,0.0
GLU  71,R GLU  71,0.0,0.0,0.0,-0.004999999999999893,0.0,0.0,10.543999999999997,0.0,0.0,-10.51100000000001,0.0,0.0,0.0,0.0,0.0,0.027999999999991587,0.0,0.0
THR  72,R THR  72,0.0,0.0,0.0,-0.009000000000000341,0.0,0.0,0.13100000000000023,0.0,0.0,-0.14400000000000013,0.0,0.0,0.0,0.0,0.0,-0.022000000000002018,0.0,0.0
ILE  73,R ILE  73,0.0,0.0,0.0,-0.0029999999999983373,0.0,0.0,-0.07400000000000517,0.0,0.0,0.06400000000000006,0.0,0.0,0.0,0.0,0.0,-0.01300000000000523,0.0,0.0
ASN  74,R ASN  74,0.0,0.0,0.0,-0.001000000000000334,0.0,0.0,-0.34499999999999886,0.0,0.0,0.3409999999999993,0.0,0.0,0.0,0.0,0.0,-0.005000000000009663,0.0,0.0
GLU  75,R GLU  75,0.0,0.0,0.0,-0.0030000000000001137,0.0,0.0,8.666999999999994,0.0,0.0,-8.657999999999987,0.0,0.0,0.0,0.0,0.0,0.006000000000000227,0.0,0.0
GLU  76,R GLU  76,0.0,0.0,0.0,-0.005000000000000782,0.0,0.0,8.668999999999997,0.0,0.0,-8.712000000000003,0.0,0.0,0.0,0.0,0.0,-0.04800000000001603,0.0,0.0
ALA  77,R ALA  77,0.0,0.0,0.0,-0.0010000000000012221,0.0,0.0,-0.09099999999999397,0.0,0.0,0.08899999999999997,0.0,0.0,0.0,0.0,0.0,-0.0029999999999992255,0.0,0.0
ALA  78,R ALA  78,0.0,0.0,0.0,-0.001000000000000334,0.0,0.0,-0.1419999999999959,0.0,0.0,0.14,0.0,0.0,0.0,0.0,0.0,-0.002999999999986791,0.0,0.0
GLU  79,R GLU  79,0.0,0.0,0.0,-0.0009999999999994458,0.0,0.0,8.007999999999996,0.0,0.0,-8.022000000000006,0.0,0.0,0.0,0.0,0.0,-0.015000000000000568,0.0,0.0
TRP  80,R TRP  80,0.0,0.0,0.0,-0.0010000000000012221,0.0,0.0,0.0010000000000047748,0.0,0.0,-0.0010000000000000009,0.0,0.0,0.0,0.0,0.0,-0.0009999999999870113,0.0,0.0
ASP  81,R ASP  81,0.0,0.0,0.0,0.0,0.0,0.0,6.239999999999995,0.0,0.0,-6.251000000000005,0.0,0.0,0.0,0.0,0.0,-0.01100000000000989,0.0,0.0
ARG  82,R ARG  82,0.0,0.0,0.0,-0.0009999999999994458,0.0,0.0,-7.7700000000000005,0.0,0.0,7.774000000000001,0.0,0.0,0.0,0.0,0.0,0.0030000000000427463,0.0,0.0
LEU  83,R LEU  83,0.0,0.0,0.0,-0.001000000000000334,0.0,0.0,-0.06100000000000705,0.0,0.0,0.06399999999999983,0.0,0.0,0.0,0.0,0.0,0.001999999999995339,0.0,0.0
HID  84,R HID  84,0.0,0.0,0.0,-0.0009999999999994458,0.0,0.0,-0.001999999999995339,0.0,0.0,0.002000000000000668,0.0,0.0,0.0,0.0,0.0,-0.0009999999999870113,0.0,0.0
PRO  85,R PRO  85,0.0,0.0,0.0,0.0,0.0,0.0,-0.005000000000002558,0.0,0.0,0.0039999999999995595,0.0,0.0,0.0,0.0,0.0,-0.0010000000000012221,0.0,0.0
VAL  86,R VAL  86,0.0,0.0,0.0,-0.0009999999999998899,0.0,0.0,0.006999999999997897,0.0,0.0,-0.008000000000000007,0.0,0.0,0.0,0.0,0.0,-0.0019999999999988916,0.0,0.0
HID  87,R HID  87,0.0,0.0,0.0,0.0,0.0,0.0,-0.07600000000000051,0.0,0.0,0.07699999999999996,0.0,0.0,0.0,0.0,0.0,0.0009999999999976694,0.0,0.0
ALA  88,R ALA  88,0.0,0.0,0.0,0.0,0.0,0.0,0.015000000000000568,0.0,0.0,-0.013999999999999346,0.0,0.0,0.0,0.0,0.0,0.0010000000000012221,0.0,0.0
GLY  89,R GLY  89,0.0,0.0,0.0,0.0,0.0,0.0,0.057999999999992724,0.0,0.0,-0.05799999999999983,0.0,0.0,0.0,0.0,0.0,-7.105427357601002e-15,0.0,0.0
PRO  90,R PRO  90,0.0,0.0,0.0,0.0,0.0,0.0,0.041999999999994486,0.0,0.0,-0.041999999999999815,0.0,0.0,0.0,0.0,0.0,-3.552713678800501e-15,0.0,0.0
ILE  91,R ILE  91,0.0,0.0,0.0,0.0,0.0,0.0,-0.016999999999995907,0.0,0.0,0.017000000000000348,0.0,0.0,0.0,0.0,0.0,3.552713678800501e-15,0.0,0.0
ALA  92,R ALA  92,0.0,0.0,0.0,0.0,0.0,0.0,0.04200000000000159,0.0,0.0,-0.04099999999999948,0.0,0.0,0.0,0.0,0.0,0.0010000000000012221,0.0,0.0
PRO  93,R PRO  93,0.0,0.0,0.0,0.0,0.0,0.0,0.02400000000000091,0.0,0.0,-0.02400000000000002,0.0,0.0,0.0,0.0,0.0,0.0,0.0,0.0
GLY  94,R GLY  94,0.0,0.0,0.0,0.0,0.0,0.0,0.02200000000000557,0.0,0.0,-0.02099999999999902,0.0,0.0,0.0,0.0,0.0,0.0010000000000065512,0.0,0.0
GLN  95,R GLN  95,0.0,0.0,0.0,0.0,0.0,0.0,-0.0799999999999983,0.0,0.0,0.08000000000000007,0.0,0.0,0.0,0.0,0.0,0.0,0.0,0.0
MET  96,R MET  96,0.0,0.0,0.0,-0.0010000000000012221,0.0,0.0,-0.01300000000000523,0.0,0.0,0.01499999999999968,0.0,0.0,0.0,0.0,0.0,0.000999999999990564,0.0,0.0
ARG  97,R ARG  97,0.0,0.0,0.0,0.0,0.0,0.0,-5.305999999999997,0.0,0.0,5.272000000000006,0.0,0.0,0.0,0.0,0.0,-0.034000000000020236,0.0,0.0
GLU  98,R GLU  98,0.0,0.0,0.0,0.0,0.0,0.0,5.594000000000001,0.0,0.0,-5.587000000000003,0.0,0.0,0.0,0.0,0.0,0.006999999999997897,0.0,0.0
PRO  99,R PRO  99,0.0,0.0,0.0,0.0,0.0,0.0,0.04899999999999949,0.0,0.0,-0.051999999999999824,0.0,0.0,0.0,0.0,0.0,-0.0030000000000001137,0.0,0.0
ARG 100,R ARG 100,0.0,0.0,0.0,-0.0009999999999994458,0.0,0.0,-6.0120000000000005,0.0,0.0,6.015000000000001,0.0,0.0,0.0,0.0,0.0,0.0020000000000379714,0.0,0.0
GLY 101,R GLY 101,0.0,0.0,0.0,0.0,0.0,0.0,-0.013999999999995794,0.0,0.0,0.016000000000000014,0.0,0.0,0.0,0.0,0.0,0.0020000000000042206,0.0,0.0
SER 102,R SER 102,0.0,0.0,0.0,0.0,0.0,0.0,-0.018999999999991246,0.0,0.0,0.021000000000000796,0.0,0.0,0.0,0.0,0.0,0.0020000000000095497,0.0,0.0
ASP 103,R ASP 103,0.0,0.0,0.0,-0.0010000000000012221,0.0,0.0,5.569000000000003,0.0,0.0,-5.552,0.0,0.0,0.0,0.0,0.0,0.015999999999998238,0.0,0.0
ILE 104,R ILE 104,0.0,0.0,0.0,-0.0009999999999994458,0.0,0.0,-0.06200000000000472,0.0,0.0,0.06699999999999995,0.0,0.0,0.0,0.0,0.0,0.003999999999990678,0.0,0.0
ALA 105,R ALA 105,0.0,0.0,0.0,-0.0009999999999994458,0.0,0.0,-0.03200000000001069,0.0,0.0,0.03199999999999997,0.0,0.0,0.0,0.0,0.0,-0.001000000000015544,0.0,0.0
GLY 106,R GLY 106,0.0,0.0,0.0,0.0,0.0,0.0,-0.045000000000001705,0.0,0.0,0.04800000000000004,0.0,0.0,0.0,0.0,0.0,0.0029999999999983373,0.0,0.0
THR 107,R THR 107,0.0,0.0,0.0,-0.0009999999999994458,0.0,0.0,-0.08599999999999852,0.0,0.0,0.08799999999999919,0.0,0.0,0.0,0.0,0.0,0.0010000000000029985,0.0,0.0
THR 108,R THR 108,0.0,0.0,0.0,0.0,0.0,0.0,0.007999999999995566,0.0,0.0,-0.007000000000000117,0.0,0.0,0.0,0.0,0.0,0.0009999999999941167,0.0,0.0
SER 109,R SER 109,0.0,0.0,0.0,0.0,0.0,0.0,0.012000000000000455,0.0,0.0,-0.010000000000000009,0.0,0.0,0.0,0.0,0.0,0.002000000000000668,0.0,0.0
THR 110,R THR 110,0.0,0.0,0.0,0.0,0.0,0.0,0.06300000000000239,0.0,0.0,-0.06400000000000006,0.0,0.0,0.0,0.0,0.0,-0.0009999999999976694,0.0,0.0
LEU 111,R LEU 111,0.0,0.0,0.0,0.0,0.0,0.0,0.029000000000003467,0.0,0.0,-0.02999999999999936,0.0,0.0,0.0,0.0,0.0,-0.000999999999995893,0.0,0.0
GLN 112,R GLN 112,0.0,0.0,0.0,0.0,0.0,0.0,0.0030000000000001137,0.0,0.0,0.0,0.0,0.0,0.0,0.0,0.0,0.0030000000000001137,0.0,0.0
GLU 113,R GLU 113,0.0,0.0,0.0,0.0,0.0,0.0,5.119,0.0,0.0,-5.0760000000000005,0.0,0.0,0.0,0.0,0.0,0.04299999999999926,0.0,0.0
GLN 114,R GLN 114,0.0,0.0,0.0,0.0,0.0,0.0,0.016000000000005343,0.0,0.0,-0.02200000000000024,0.0,0.0,0.0,0.0,0.0,-0.005999999999993122,0.0,0.0
ILE 115,R ILE 115,0.0,0.0,0.0,0.0,0.0,0.0,0.023000000000010346,0.0,0.0,-0.026000000000000023,0.0,0.0,0.0,0.0,0.0,-0.0029999999999894555,0.0,0.0
GLY 116,R GLY 116,0.0,0.0,0.0,0.0,0.0,0.0,0.001999999999995339,0.0,0.0,-0.0040000000000000036,0.0,0.0,0.0,0.0,0.0,-0.0020000000000046647,0.0,0.0
TRP 117,R TRP 117,0.0,0.0,0.0,-0.0010000000000012221,0.0,0.0,0.018999999999991246,0.0,0.0,-0.021999999999999964,0.0,0.0,0.0,0.0,0.0,-0.003999999999997783,0.0,0.0
MET 118,R MET 118,0.0,0.0,0.0,-0.0009999999999994458,0.0,0.0,0.030000000000001137,0.0,0.0,-0.03500000000000014,0.0,0.0,0.0,0.0,0.0,-0.005999999999989569,0.0,0.0
THR 119,R THR 119,0.0,0.0,0.0,0.0,0.0,0.0,-0.01999999999999602,0.0,0.0,0.020000000000000462,0.0,0.0,0.0,0.0,0.0,7.105427357601002e-15,0.0,0.0
HID 120,R HID 120,0.0,0.0,0.0,0.0,0.0,0.0,-0.03999999999999915,0.0,0.0,0.041999999999999815,0.0,0.0,0.0,0.0,0.0,0.0019999999999988916,0.0,0.0
ASN 121,R ASN 121,0.0,0.0,0.0,0.0,0.0,0.0,-0.02200000000000557,0.0,0.0,0.022999999999999687,0.0,0.0,0.0,0.0,0.0,0.000999999999990564,0.0,0.0
PRO 122,R PRO 122,0.0,0.0,0.0,0.0,0.0,0.0,-0.016999999999995907,0.0,0.0,0.018999999999999684,0.0,0.0,0.0,0.0,0.0,0.0020000000000024443,0.0,0.0
PRO 123,R PRO 123,0.0,0.0,0.0,-0.001000000000000334,0.0,0.0,0.045999999999999375,0.0,0.0,-0.04999999999999982,0.0,0.0,0.0,0.0,0.0,-0.005000000000004334,0.0,0.0
ILE 124,R ILE 124,0.0,0.0,0.0,0.0,0.0,0.0,-0.03800000000000381,0.0,0.0,0.038999999999999924,0.0,0.0,0.0,0.0,0.0,0.0009999999999976694,0.0,0.0
PRO 125,R PRO 125,0.0,0.0,0.0,-0.001000000000000334,0.0,0.0,0.0020000000000024443,0.0,0.0,-0.006000000000000005,0.0,0.0,0.0,0.0,0.0,-0.005000000000002558,0.0,0.0
VAL 126,R VAL 126,0.0,0.0,0.0,-0.0010000000000012221,0.0,0.0,0.05799999999999983,0.0,0.0,-0.060000000000000026,0.0,0.0,0.0,0.0,0.0,-0.0030000000000054428,0.0,0.0
GLY 127,R GLY 127,0.0,0.0,0.0,-0.001000000000000334,0.0,0.0,0.05299999999999727,0.0,0.0,-0.05099999999999971,0.0,0.0,0.0,0.0,0.0,0.0010000000000083276,0.0,0.0
GLU 128,R GLU 128,0.0,0.0,0.0,-0.0030000000000001137,0.0,0.0,4.719999999999999,0.0,0.0,-4.8770000000000095,0.0,0.0,0.0,0.0,0.0,-0.1600000000000108,0.0,0.0
ILE 129,R ILE 129,0.0,0.0,0.0,-0.0030000000000001137,0.0,0.0,0.07700000000001239,0.0,0.0,-0.08,0.0,0.0,0.0,0.0,0.0,-0.005999999999987793,0.0,0.0
TYR 130,R TYR 130,0.0,0.0,0.0,-0.0030000000000001137,0.0,0.0,0.20300000000000296,0.0,0.0,-0.18800000000000006,0.0,0.0,0.0,0.0,0.0,0.012000000000002231,0.0,0.0
LYS 131,R LYS 131,0.0,0.0,0.0,-0.0070000000000014495,0.0,0.0,-3.929000000000002,0.0,0.0,4.106999999999999,0.0,0.0,0.0,0.0,0.0,0.17100000000000648,0.0,0.0
ARG 132,R ARG 132,0.0,0.0,0.0,-0.026999999999999247,0.0,0.0,-5.421999999999997,0.0,0.0,5.639,0.0,0.0,0.0,0.0,0.0,0.18999999999999773,0.0,0.0
TRP 133,R TRP 133,0.0,0.0,0.0,-0.008000000000002672,0.0,0.0,0.3050000000000068,0.0,0.0,-0.278,0.0,0.0,0.0,0.0,0.0,0.018999999999996575,0.0,0.0
ILE 134,R ILE 134,0.0,0.0,0.0,-0.010999999999999233,0.0,0.0,0.46000000000000796,0.0,0.0,-0.41200000000000003,0.0,0.0,0.0,0.0,0.0,0.036999999999998145,0.0,0.0
ILE 135,R ILE 135,0.0,0.0,0.0,-0.05400000000000027,0.0,0.0,0.8200000000000003,0.0,0.0,-0.666,0.0,0.0,0.0,0.0,0.0,0.09999999999999787,0.0,0.0
LEU 136,R LEU 136,0.0,0.0,0.0,-0.09800000000000075,0.0,0.0,1.0259999999999962,0.0,0.0,-0.973,0.0,0.0,0.0,0.0,0.0,-0.045000000000001705,0.0,0.0
GLY 137,R GLY 137,0.0,0.0,0.0,-0.024999999999999467,0.0,0.0,0.8910000000000053,0.0,0.0,-0.804,0.0,0.0,0.0,0.0,0.0,0.0620000000000136,0.0,0.0
LEU 138,R LEU 138,0.0,0.0,0.0,-0.08499999999999908,0.0,0.0,1.2199999999999989,0.0,0.0,-1.0,0.0,0.0,0.0,0.0,0.0,0.134999999999998,0.0,0.0
ASN 139,R ASN 139,0.0,0.0,0.0,-0.8000000000000007,0.0,0.0,-0.6000000000000085,0.0,0.0,1.9469999999999992,0.0,0.0,0.0,0.0,0.0,0.5469999999999828,0.0,0.0
LYS 140,R LYS 140,0.0,0.0,0.0,-0.23000000000000043,0.0,0.0,-12.08499999999998,0.0,0.0,12.072000000000001,0.0,0.0,0.0,0.0,0.0,-0.24299999999998256,0.0,0.0
ILE 141,R ILE 141,0.0,0.0,0.0,-0.08900000000000041,0.0,0.0,0.722999999999999,0.0,0.0,-0.6890000000000001,0.0,0.0,0.0,0.0,0.0,-0.054999999999999716,0.0,0.0
VAL 142,R VAL 142,0.0,0.0,0.0,-1.0909999999999993,0.0,0.0,-0.6099999999999994,0.0,0.0,0.6310000000000002,0.0,0.0,0.0,0.0,0.0,-1.0699999999999932,0.0,0.0
ARG 143,R ARG 143,0.0,0.0,0.0,-1.71,0.0,0.0,-55.857,0.0,0.0,46.845,0.0,0.0,0.0,0.0,0.0,-10.722000000000008,0.0,0.0
MET 144,R MET 144,0.0,0.0,0.0,-0.1299999999999999,0.0,0.0,0.597999999999999,0.0,0.0,-0.6959999999999997,0.0,0.0,0.0,0.0,0.0,-0.2279999999999962,0.0,0.0
TYR 145,R TYR 145,0.0,0.0,0.0,-0.17700000000000138,0.0,0.0,-0.6880000000000024,0.0,0.0,0.4560000000000004,0.0,0.0,0.0,0.0,0.0,-0.4089999999999945,0.0,0.0
SER 146,R SER 146,0.0,0.0,0.0,-1.4449999999999998,0.0,0.0,-1.3549999999999969,0.0,0.0,2.5299999999999994,0.0,0.0,0.0,0.0,0.0,-0.2700000000000049,0.0,0.0
PRO 147,R PRO 147,0.0,0.0,0.0,-0.528,0.0,0.0,1.3719999999999999,0.0,0.0,-1.3369999999999997,0.0,0.0,0.0,0.0,0.0,-0.4929999999999879,0.0,0.0
THR 148,R THR 148,0.0,0.0,0.0,-2.2790000000000004,0.0,0.0,-1.0760000000000005,0.0,0.0,3.0379999999999994,0.0,0.0,0.0,0.0,0.0,-0.3170000000000037,0.0,0.0
SER 149,R SER 149,0.0,0.0,0.0,-2.8539999999999996,0.0,0.0,-11.753999999999998,0.0,0.0,10.515999999999998,0.0,0.0,0.0,0.0,0.0,-4.091999999999998,0.0,0.0
ILE 150,R ILE 150,19.595999999999997,0.0,0.0,-8.728000000000002,0.0,0.0,-28.157,0.0,0.0,6.753,0.0,0.0,0.0,0.0,0.0,-10.536000000000005,0.0,0.0
LEU 151,L LEU   1,20.278000000000006,0.0,0.0,-2.268,0.0,0.0,-24.867000000000004,0.0,0.0,0.6659999999999999,0.0,0.0,0.0,0.0,0.0,-6.191,0.0,0.0
ASP 152,L ASP   2,0.0,0.0,0.0,-2.8580000000000005,0.0,0.0,1.0740000000000123,0.0,0.0,-0.2580000000000098,0.0,0.0,0.0,0.0,0.0,-2.0419999999999874,0.0,0.0
ILE 153,L ILE   3,0.0,0.0,0.0,-2.4449999999999994,0.0,0.0,-1.3549999999999898,0.0,0.0,1.591,0.0,0.0,0.0,0.0,0.0,-2.208999999999998,0.0,0.0
ARG 154,L ARG   4,0.0,0.0,0.0,-0.3039999999999994,0.0,0.0,-9.864999999999998,0.0,0.0,9.326,0.0,0.0,0.0,0.0,0.0,-0.8430000000000177,0.0,0.0
GLN 155,L GLN   5,0.0,0.0,0.0,-0.026999999999999247,0.0,0.0,0.04600000000000648,0.0,0.0,-0.02400000000000002,0.0,0.0,0.0,0.0,0.0,-0.0049999999999954525,0.0,0.0
GLY 156,L GLY   6,0.0,0.0,0.0,-0.010000000000000231,0.0,0.0,-0.13300000000000978,0.0,0.0,0.13100000000000023,0.0,0.0,0.0,0.0,0.0,-0.012000000000014666,0.0,0.0
PRO 157,L PRO   7,0.0,0.0,0.0,-0.007000000000000117,0.0,0.0,-0.11999999999999744,0.0,0.0,0.11800000000000033,0.0,0.0,0.0,0.0,0.0,-0.00899999999998613,0.0,0.0
LYS 158,L LYS   8,0.0,0.0,0.0,-0.005999999999999339,0.0,0.0,-6.5530000000000115,0.0,0.0,6.6960000000000015,0.0,0.0,0.0,0.0,0.0,0.1369999999999898,0.0,0.0
GLU 159,L GLU   9,0.0,0.0,0.0,-0.02400000000000002,0.0,0.0,9.088000000000008,0.0,0.0,-9.456999999999997,0.0,0.0,0.0,0.0,0.0,-0.3929999999999936,0.0,0.0
PRO 160,L PRO  10,0.0,0.0,0.0,-0.008000000000000007,0.0,0.0,0.2810000000000059,0.0,0.0,-0.2849999999999999,0.0,0.0,0.0,0.0,0.0,-0.011999999999989797,0.0,0.0
PHE 161,L PHE  11,0.0,0.0,0.0,-0.0129999999999999,0.0,0.0,0.2819999999999965,0.0,0.0,-0.28,0.0,0.0,0.0,0.0,0.0,-0.01099999999999568,0.0,0.0
ARG 162,L ARG  12,0.0,0.0,0.0,-0.013999999999999346,0.0,0.0,-7.227,0.0,0.0,7.454999999999998,0.0,0.0,0.0,0.0,0.0,0.21400000000002706,0.0,0.0
ASP 163,L ASP  13,0.0,0.0,0.0,-0.024999999999999467,0.0,0.0,7.949000000000012,0.0,0.0,-8.223000000000013,0.0,0.0,0.0,0.0,0.0,-0.2990000000000066,0.0,0.0
TYR 164,L TYR  14,0.0,0.0,0.0,-0.09499999999999886,0.0,0.0,0.5150000000000006,0.0,0.0,-0.46599999999999997,0.0,0.0,0.0,0.0,0.0,-0.0459999999999976,0.0,0.0
VAL 165,L VAL  15,0.0,0.0,0.0,-0.038000000000000256,0.0,0.0,0.2360000000000042,0.0,0.0,-0.2589999999999999,0.0,0.0,0.0,0.0,0.0,-0.06099999999999284,0.0,0.0
ASP 166,L ASP  16,0.0,0.0,0.0,-0.17600000000000016,0.0,0.0,17.176999999999992,0.0,0.0,-16.875999999999998,0.0,0.0,0.0,0.0,0.0,0.1249999999999929,0.0,0.0
ARG 167,L ARG  17,0.0,0.0,0.0,-0.39500000000000135,0.0,0.0,-10.422,0.0,0.0,12.169,0.0,0.0,0.0,0.0,0.0,1.3520000000000039,0.0,0.0
PHE 168,L PHE  18,0.0,0.0,0.0,-0.9879999999999995,0.0,0.0,-0.5190000000000055,0.0,0.0,0.20300000000000007,0.0,0.0,0.0,0.0,0.0,-1.3040000000000047,0.0,0.0
TYR 169,L TYR  19,0.0,0.0,0.0,-0.23699999999999832,0.0,0.0,-0.6509999999999962,0.0,0.0,0.461,0.0,0.0,0.0,0.0,0.0,-0.42699999999999116,0.0,0.0
LYS 170,L LYS  20,0.0,0.0,0.0,-1.021,0.0,0.0,-32.614999999999995,0.0,0.0,25.546,0.0,0.0,0.0,0.0,0.0,-8.09000000000001,0.0,0.0
THR 171,L THR  21,0.0,0.0,0.0,-2.3820000000000006,0.0,0.0,-0.9439999999999955,0.0,0.0,1.9620000000000002,0.0,0.0,0.0,0.0,0.0,-1.3639999999999937,0.0,0.0
LEU 172,L LEU  22,0.0,0.0,0.0,-1.2720000000000002,0.0,0.0,-1.36399999999999,0.0,0.0,1.627,0.0,0.0,0.0,0.0,0.0,-1.0089999999999897,0.0,0.0
ARG 173,L ARG  23,0.0,0.0,0.0,-2.3599999999999994,0.0,0.0,-39.797,0.0,0.0,31.185,0.0,0.0,0.0,0.0,0.0,-10.972000000000008,0.0,0.0
ALA 174,L ALA  24,0.0,0.0,0.0,-2.9699999999999998,0.0,0.0,-1.867999999999995,0.0,0.0,4.952,0.0,0.0,0.0,0.0,0.0,0.1140000000000061,0.0,0.0
GLU 175,L GLU  25,0.0,0.0,0.0,-1.2320000000000002,0.0,0.0,-28.810000000000002,0.0,0.0,34.233999999999995,0.0,0.0,0.0,0.0,0.0,4.191999999999993,0.0,0.0
GLN 176,L GLN  26,0.0,0.0,0.0,-1.8149999999999995,0.0,0.0,-2.254000000000005,0.0,0.0,5.49,0.0,0.0,0.0,0.0,0.0,1.4209999999999994,0.0,0.0
ALA 177,L ALA  27,0.0,0.0,0.0,-0.1299999999999999,0.0,0.0,0.38299999999999557,0.0,0.0,-0.38000000000000034,0.0,0.0,0.0,0.0,0.0,-0.12700000000000067,0.0,0.0
SER 178,L SER  28,0.0,0.0,0.0,-0.032999999999999474,0.0,0.0,-0.19900000000000517,0.0,0.0,0.15700000000000003,0.0,0.0,0.0,0.0,0.0,-0.07499999999999218,0.0,0.0
GLN 179,L GLN  29,0.0,0.0,0.0,-0.03300000000000036,0.0,0.0,-0.22700000000000387,0.0,0.0,0.2190000000000012,0.0,0.0,0.0,0.0,0.0,-0.04100000000000392,0.0,0.0
GLU 180,L GLU  30,0.0,0.0,0.0,-0.01100000000000012,0.0,0.0,7.3870000000000005,0.0,0.0,-7.521999999999991,0.0,0.0,0.0,0.0,0.0,-0.14599999999998658,0.0,0.0
VAL 181,L VAL  31,0.0,0.0,0.0,-0.04800000000000004,0.0,0.0,0.2530000000000001,0.0,0.0,-0.25299999999999967,0.0,0.0,0.0,0.0,0.0,-0.048000000000001375,0.0,0.0
LYS 182,L LYS  32,0.0,0.0,0.0,-0.06099999999999994,0.0,0.0,-10.460999999999999,0.0,0.0,10.712,0.0,0.0,0.0,0.0,0.0,0.19000000000000838,0.0,0.0
ASN 183,L ASN  33,0.0,0.0,0.0,-0.011999999999999567,0.0,0.0,0.09000000000000341,0.0,0.0,-0.08800000000000097,0.0,0.0,0.0,0.0,0.0,-0.009999999999990905,0.0,0.0
TRP 184,L TRP  34,0.0,0.0,0.0,-0.032999999999999474,0.0,0.0,0.12000000000000455,0.0,0.0,-0.11300000000000043,0.0,0.0,0.0,0.0,0.0,-0.0259999999999998,0.0,0.0
MET 185,L MET  35,0.0,0.0,0.0,-0.3949999999999996,0.0,0.0,0.5549999999999926,0.0,0.0,-0.39800000000000013,0.0,0.0,0.0,0.0,0.0,-0.238000000000004,0.0,0.0
THR 186,L THR  36,0.0,0.0,0.0,-0.01699999999999946,0.0,0.0,0.13299999999999557,0.0,0.0,-0.118,0.0,0.0,0.0,0.0,0.0,-0.0020000000000095497,0.0,0.0
GLU 187,L GLU  37,0.0,0.0,0.0,-0.007000000000000561,0.0,0.0,6.697000000000003,0.0,0.0,-6.882999999999996,0.0,0.0,0.0,0.0,0.0,-0.19299999999998363,0.0,0.0
THR 188,L THR  38,0.0,0.0,0.0,-0.020999999999999908,0.0,0.0,0.08900000000000574,0.0,0.0,-0.06599999999999995,0.0,0.0,0.0,0.0,0.0,0.002000000000005997,0.0,0.0
LEU 189,L LEU  39,0.0,0.0,0.0,-0.8600000000000003,0.0,0.0,0.2510000000000048,0.0,0.0,-0.18799999999999994,0.0,0.0,0.0,0.0,0.0,-0.7969999999999953,0.0,0.0
LEU 190,L LEU  40,0.0,0.0,0.0,-0.08399999999999963,0.0,0.0,0.2560000000000002,0.0,0.0,-0.15100000000000002,0.0,0.0,0.0,0.0,0.0,0.020999999999997243,0.0,0.0
VAL 191,L VAL  41,0.0,0.0,0.0,-0.016000000000000014,0.0,0.0,0.08800000000000097,0.0,0.0,-0.08099999999999996,0.0,0.0,0.0,0.0,0.0,-0.009000000000003894,0.0,0.0
GLN 192,L GLN  42,0.0,0.0,0.0,-0.034000000000000696,0.0,0.0,-0.3259999999999934,0.0,0.0,0.21700000000000008,0.0,0.0,0.0,0.0,0.0,-0.14299999999999358,0.0,0.0
ASN 193,L ASN  43,0.0,0.0,0.0,-0.3730000000000011,0.0,0.0,-1.7549999999999955,0.0,0.0,0.33399999999999996,0.0,0.0,0.0,0.0,0.0,-1.793999999999997,0.0,0.0
ALA 194,L ALA  44,0.0,0.0,0.0,-0.012000000000000455,0.0,0.0,0.030000000000001137,0.0,0.0,-0.028000000000000025,0.0,0.0,0.0,0.0,0.0,-0.009999999999999343,0.0,0.0
ASN 195,L ASN  45,0.0,0.0,0.0,-0.006000000000000227,0.0,0.0,-0.12099999999999511,0.0,0.0,0.13099999999999934,0.0,0.0,0.0,0.0,0.0,0.0040000000000048885,0.0,0.0
PRO 196,L PRO  46,0.0,0.0,0.0,-0.0030000000000001137,0.0,0.0,-0.04299999999999926,0.0,0.0,0.04099999999999998,0.0,0.0,0.0,0.0,0.0,-0.004999999999999005,0.0,0.0
ASP 197,L ASP  47,0.0,0.0,0.0,-0.001000000000000334,0.0,0.0,5.942,0.0,0.0,-6.14500000000001,0.0,0.0,0.0,0.0,0.0,-0.20400000000000773,0.0,0.0
CYX 198,L CYX  48,0.0,0.0,0.0,-0.0019999999999997797,0.0,0.0,-0.1039999999999992,0.0,0.0,0.1080000000000001,0.0,0.0,0.0,0.0,0.0,0.0020000000000042206,0.0,0.0
LYS 199,L LYS  49,0.0,0.0,0.0,-0.006000000000000227,0.0,0.0,-7.114999999999995,0.0,0.0,7.302,0.0,0.0,0.0,0.0,0.0,0.1810000000000045,0.0,0.0
THR 200,L THR  50,0.0,0.0,0.0,-0.001000000000000334,0.0,0.0,-0.04899999999999238,0.0,0.0,0.05499999999999999,0.0,0.0,0.0,0.0,0.0,0.005000000000009663,0.0,0.0
ILE 201,L ILE  51,0.0,0.0,0.0,-0.0019999999999997797,0.0,0.0,-0.055999999999997385,0.0,0.0,0.05899999999999994,0.0,0.0,0.0,0.0,0.0,0.0009999999999923403,0.0,0.0
LEU 202,L LEU  52,0.0,0.0,0.0,-0.0030000000000001137,0.0,0.0,-0.07899999999999352,0.0,0.0,0.0860000000000003,0.0,0.0,0.0,0.0,0.0,0.004000000000006665,0.0,0.0
LYS 203,L LYS  53,0.0,0.0,0.0,-0.001000000000000334,0.0,0.0,-5.856000000000009,0.0,0.0,6.015000000000001,0.0,0.0,0.0,0.0,0.0,0.15799999999998704,0.0,0.0
ALA 204,L ALA  54,0.0,0.0,0.0,0.0,0.0,0.0,-0.03599999999998715,0.0,0.0,0.04099999999999948,0.0,0.0,0.0,0.0,0.0,0.005000000000012328,0.0,0.0
LEU 205,L LEU  55,0.0,0.0,0.0,-0.0009999999999994458,0.0,0.0,-0.0660000000000025,0.0,0.0,0.07100000000000062,0.0,0.0,0.0,0.0,0.0,0.00399999999999423,0.0,0.0
GLY 206,L GLY  56,0.0,0.0,0.0,0.0,0.0,0.0,-0.0049999999999954525,0.0,0.0,0.0030000000000001137,0.0,0.0,0.0,0.0,0.0,-0.001999999999995339,0.0,0.0
PRO 207,L PRO  57,0.0,0.0,0.0,-0.002000000000000224,0.0,0.0,-0.08500000000000085,0.0,0.0,0.08300000000000018,0.0,0.0,0.0,0.0,0.0,-0.00399999999999423,0.0,0.0
GLY 208,L GLY  58,0.0,0.0,0.0,-0.001000000000000112,0.0,0.0,-0.024999999999991473,0.0,0.0,0.02499999999999991,0.0,0.0,0.0,0.0,0.0,-0.0009999999999816822,0.0,0.0
ALA 209,L ALA  59,0.0,0.0,0.0,-0.001000000000000334,0.0,0.0,0.06700000000000728,0.0,0.0,-0.06899999999999995,0.0,0.0,0.0,0.0,0.0,-0.002999999999997449,0.0,0.0
THR 210,L THR  60,0.0,0.0,0.0,-0.0019999999999997797,0.0,0.0,-0.06300000000000239,0.0,0.0,0.06199999999999983,0.0,0.0,0.0,0.0,0.0,-0.0030000000000001137,0.0,0.0
LEU 211,L LEU  61,0.0,0.0,0.0,-0.0070000000000014495,0.0,0.0,-0.11899999999999977,0.0,0.0,0.11800000000000033,0.0,0.0,0.0,0.0,0.0,-0.007999999999997343,0.0,0.0
GLU 212,L GLU  62,0.0,0.0,0.0,-0.0030000000000001137,0.0,0.0,7.212999999999994,0.0,0.0,-7.427,0.0,0.0,0.0,0.0,0.0,-0.21700000000000585,0.0,0.0
GLU 213,L GLU  63,0.0,0.0,0.0,-0.0019999999999997797,0.0,0.0,6.170999999999999,0.0,0.0,-6.36399999999999,0.0,0.0,0.0,0.0,0.0,-0.19499999999998607,0.0,0.0
MET 214,L MET  64,0.0,0.0,0.0,-0.0039999999999995595,0.0,0.0,-0.12899999999999068,0.0,0.0,0.1280000000000001,0.0,0.0,0.0,0.0,0.0,-0.0049999999999954525,0.0,0.0
MET 215,L MET  65,0.0,0.0,0.0,-0.005000000000000782,0.0,0.0,-0.054000000000002046,0.0,0.0,0.052000000000000046,0.0,0.0,0.0,0.0,0.0,-0.006999999999997453,0.0,0.0
THR 216,L THR  66,0.0,0.0,0.0,-0.001000000000000334,0.0,0.0,-0.08299999999999841,0.0,0.0,0.08800000000000008,0.0,0.0,0.0,0.0,0.0,0.003999999999997783,0.0,0.0
ALA 217,L ALA  67,0.0,0.0,0.0,-0.001000000000000334,0.0,0.0,-0.09000000000000341,0.0,0.0,0.08899999999999997,0.0,0.0,0.0,0.0,0.0,-0.0020000000000077733,0.0,0.0
CYX 218,L CYX  68,0.0,0.0,0.0,-0.0019999999999997797,0.0,0.0,-0.03499999999999659,0.0,0.0,0.03500000000000014,0.0,0.0,0.0,0.0,0.0,-0.001999999999991786,0.0,0.0
GLN 219,L GLN  69,0.0,0.0,0.0,-0.0019999999999997797,0.0,0.0,0.2779999999999916,0.0,0.0,-0.29600000000000115,0.0,0.0,0.0,0.0,0.0,-0.020000000000010232,0.0,0.0
GLY 220,L GLY  70,0.0,0.0,0.0,-0.001000000000000112,0.0,0.0,-0.0759999999999934,0.0,0.0,0.07999999999999918,0.0,0.0,0.0,0.0,0.0,0.0030000000000152127,0.0,0.0
VAL 221,L VAL  71,0.0,0.0,0.0,-0.0019999999999997797,0.0,0.0,5.349,0.0,0.0,-5.516999999999996,0.0,0.0,0.0,0.0,0.0,-0.1700000000000017,0.0,0.0

