| Run on Thu Jan 29 15:33:24 2026
| GB non-polar solvation energies calculated with gbsa=2
idecomp = 1: Per-residue decomp adding 1-4 interactions to Internal.
Energy Decomposition Analysis (All units kcal/mol): Generalized Born solvent
Complex:
Total Energy Decomposition:
Residue,Internal,,,van der Waals,,,Electrostatic,,,Polar Solvation,,,Non-Polar Solv.,,,TOTAL,,
,Avg.,Std. Dev.,Std. Err. of Mean,Avg.,Std. Dev.,Std. Err. of Mean,Avg.,Std. Dev.,Std. Err. of Mean,Avg.,Std. Dev.,Std. Err. of Mean,Avg.,Std. Dev.,Std. Err. of Mean,Avg.,Std. Dev.,Std. Err. of Mean
PRO   1,98.12,0.0,0.0,-7.799,0.0,0.0,-109.93,0.0,0.0,10.244,0.0,0.0,0.19559696000000001,0.0,0.0,-9.16940304000001,0.0,0.0
ILE   2,100.356,0.0,0.0,-9.604,0.0,0.0,-71.071,0.0,0.0,-3.66,0.0,0.0,0.20676758,0.0,0.0,16.22776758,0.0,0.0
VAL   3,51.837,0.0,0.0,-6.986,0.0,0.0,-56.822,0.0,0.0,-3.03,0.0,0.0,0.34223506000000004,0.0,0.0,-14.658764939999996,0.0,0.0
GLN   4,19.324,0.0,0.0,-7.196,0.0,0.0,-56.511,0.0,0.0,-13.756,0.0,0.0,0.60737604,0.0,0.0,-57.531623960000005,0.0,0.0
ASN   5,34.843,0.0,0.0,-6.223,0.0,0.0,-82.821,0.0,0.0,-14.258,0.0,0.0,0.38631050000000006,0.0,0.0,-68.0726895,0.0,0.0
LEU   6,72.131,0.0,0.0,-3.807,0.0,0.0,-69.911,0.0,0.0,-9.356,0.0,0.0,1.0122121,0.0,0.0,-9.930787900000004,0.0,0.0
GLN   7,32.454,0.0,0.0,-4.967,0.0,0.0,-70.929,0.0,0.0,-17.475,0.0,0.0,0.81445798,0.0,0.0,-60.10254202,0.0,0.0
GLY   8,76.64,0.0,0.0,-3.504,0.0,0.0,-70.898,0.0,0.0,-6.507,0.0,0.0,0.28752558,0.0,0.0,-3.98147442,0.0,0.0
GLN   9,41.199,0.0,0.0,-6.182,0.0,0.0,-79.468,0.0,0.0,-12.601,0.0,0.0,0.7218681200000001,0.0,0.0,-56.33013188,0.0,0.0
MET  10,99.384,0.0,0.0,-9.78,0.0,0.0,-77.3,0.0,0.0,-5.499,0.0,0.0,0.178318,0.0,0.0,6.983318000000002,0.0,0.0
VAL  11,55.727,0.0,0.0,-5.092,0.0,0.0,-55.931,0.0,0.0,-2.144,0.0,0.0,0.3808905000000001,0.0,0.0,-7.059109499999999,0.0,0.0
HID  12,89.357,0.0,0.0,-10.188,0.0,0.0,-59.675,0.0,0.0,-10.248,0.0,0.0,0.34215376000000003,0.0,0.0,9.58815376,0.0,0.0
GLN  13,31.042,0.0,0.0,-5.088,0.0,0.0,-70.549,0.0,0.0,-12.484,0.0,0.0,0.60199398,0.0,0.0,-56.477006020000005,0.0,0.0
ALA  14,95.057,0.0,0.0,-4.807,0.0,0.0,-83.547,0.0,0.0,-0.746,0.0,0.0,0.3537634,0.0,0.0,6.310763400000003,0.0,0.0
ILE  15,92.589,0.0,0.0,-9.541,0.0,0.0,-73.89,0.0,0.0,-4.887,0.0,0.0,0.049132300000000004,0.0,0.0,4.320132300000002,0.0,0.0
SER  16,72.127,0.0,0.0,-4.869,0.0,0.0,-51.446,0.0,0.0,-6.327,0.0,0.0,0.27208400000000005,0.0,0.0,9.757083999999997,0.0,0.0
PRO  17,91.102,0.0,0.0,-4.906,0.0,0.0,-60.386,0.0,0.0,-3.446,0.0,0.0,0.60632998,0.0,0.0,22.970329979999995,0.0,0.0
ARG  18,-187.077,0.0,0.0,-5.11,0.0,0.0,68.408,0.0,0.0,-49.207,0.0,0.0,1.11054174,0.0,0.0,-171.87545826000002,0.0,0.0
THR  19,50.363,0.0,0.0,-9.592,0.0,0.0,-58.729,0.0,0.0,-3.795,0.0,0.0,0.18782468000000002,0.0,0.0,-21.56517532,0.0,0.0
LEU  20,57.81,0.0,0.0,-11.845,0.0,0.0,-58.341,0.0,0.0,-3.013,0.0,0.0,0.12153808,0.0,0.0,-15.267461919999997,0.0,0.0
ASN  21,16.993,0.0,0.0,-6.738,0.0,0.0,-68.79,0.0,0.0,-17.956,0.0,0.0,0.5382276800000001,0.0,0.0,-75.95277232000001,0.0,0.0
ALA  22,96.594,0.0,0.0,-5.144,0.0,0.0,-82.575,0.0,0.0,-3.664,0.0,0.0,0.12082806,0.0,0.0,5.331828059999986,0.0,0.0
TRP  23,137.956,0.0,0.0,-18.408,0.0,0.0,-98.303,0.0,0.0,-3.933,0.0,0.0,0.006476900000000001,0.0,0.0,17.31847689999999,0.0,0.0
VAL  24,63.303,0.0,0.0,-9.054,0.0,0.0,-58.844,0.0,0.0,-3.667,0.0,0.0,0.1865022,0.0,0.0,-8.075497800000006,0.0,0.0
LYS  25,134.597,0.0,0.0,-8.012,0.0,0.0,-116.554,0.0,0.0,-23.891,0.0,0.0,0.72504966,0.0,0.0,-13.134950339999993,0.0,0.0
VAL  26,62.889,0.0,0.0,-9.268,0.0,0.0,-68.591,0.0,0.0,-1.804,0.0,0.0,0.06481236,0.0,0.0,-16.70918763999999,0.0,0.0
VAL  27,41.272,0.0,0.0,-7.723,0.0,0.0,-47.179,0.0,0.0,-1.882,0.0,0.0,0.02847668,0.0,0.0,-15.483523320000002,0.0,0.0
GLU  28,95.323,0.0,0.0,-6.691,0.0,0.0,-68.904,0.0,0.0,-72.529,0.0,0.0,0.57443328,0.0,0.0,-52.22656672,0.0,0.0
GLU  29,107.403,0.0,0.0,-5.807,0.0,0.0,-90.807,0.0,0.0,-57.426,0.0,0.0,0.6074194,0.0,0.0,-46.0295806,0.0,0.0
LYS  30,118.497,0.0,0.0,-10.037,0.0,0.0,-112.966,0.0,0.0,-13.146,0.0,0.0,0.36072268,0.0,0.0,-17.291277320000003,0.0,0.0
ALA  31,88.627,0.0,0.0,-7.235,0.0,0.0,-79.107,0.0,0.0,-2.212,0.0,0.0,0.007002640000000001,0.0,0.0,0.0800026399999964,0.0,0.0
PHE  32,102.373,0.0,0.0,-11.98,0.0,0.0,-76.669,0.0,0.0,-4.377,0.0,0.0,0.27141192000000003,0.0,0.0,9.618411920000005,0.0,0.0
SER  33,90.906,0.0,0.0,-7.607,0.0,0.0,-70.457,0.0,0.0,-0.7,0.0,0.0,0.0,0.0,0.0,12.142000000000014,0.0,0.0
PRO  34,75.203,0.0,0.0,-7.322,0.0,0.0,-56.608,0.0,0.0,-2.088,0.0,0.0,0.28445244000000003,0.0,0.0,9.469452440000003,0.0,0.0
GLU  35,105.695,0.0,0.0,-8.835,0.0,0.0,-114.571,0.0,0.0,-34.759,0.0,0.0,0.2911624,0.0,0.0,-52.178837600000016,0.0,0.0
VAL  36,54.037,0.0,0.0,-10.119,0.0,0.0,-56.965,0.0,0.0,0.21,0.0,0.0,0.0,0.0,0.0,-12.837000000000003,0.0,0.0
ILE  37,85.512,0.0,0.0,-8.578,0.0,0.0,-59.282,0.0,0.0,-0.528,0.0,0.0,0.1581285,0.0,0.0,17.282128500000002,0.0,0.0
PRO  38,80.733,0.0,0.0,-6.318,0.0,0.0,-57.585,0.0,0.0,-3.612,0.0,0.0,0.47250476,0.0,0.0,13.690504760000005,0.0,0.0
MET  39,90.882,0.0,0.0,-9.465,0.0,0.0,-72.668,0.0,0.0,-2.997,0.0,0.0,0.4791767800000001,0.0,0.0,6.231176779999996,0.0,0.0
PHE  40,105.773,0.0,0.0,-14.087,0.0,0.0,-85.982,0.0,0.0,-1.766,0.0,0.0,0.0,0.0,0.0,3.9379999999999935,0.0,0.0
SER  41,54.966,0.0,0.0,-5.463,0.0,0.0,-42.431,0.0,0.0,-12.636,0.0,0.0,0.22910882000000002,0.0,0.0,-5.334891179999996,0.0,0.0
ALA  42,85.662,0.0,0.0,-5.241,0.0,0.0,-66.145,0.0,0.0,-6.097,0.0,0.0,0.37025104000000003,0.0,0.0,8.549251040000009,0.0,0.0
LEU  43,76.633,0.0,0.0,-10.12,0.0,0.0,-74.133,0.0,0.0,-5.795,0.0,0.0,0.21261576000000001,0.0,0.0,-13.202384240000004,0.0,0.0
SER  44,73.552,0.0,0.0,-7.672,0.0,0.0,-72.221,0.0,0.0,-1.148,0.0,0.0,0.0021571600000000004,0.0,0.0,-7.486842839999993,0.0,0.0
GLU  45,105.166,0.0,0.0,-5.847,0.0,0.0,-74.695,0.0,0.0,-72.882,0.0,0.0,0.64897454,0.0,0.0,-47.60902546,0.0,0.0
GLY  46,67.021,0.0,0.0,-3.012,0.0,0.0,-69.396,0.0,0.0,0.562,0.0,0.0,0.15412854,0.0,0.0,-4.67087146,0.0,0.0
ALA  47,98.28,0.0,0.0,-7.03,0.0,0.0,-85.7,0.0,0.0,-2.732,0.0,0.0,0.0066340800000000005,0.0,0.0,2.824634079999997,0.0,0.0
THR  48,60.952,0.0,0.0,-9.131,0.0,0.0,-61.573,0.0,0.0,-0.912,0.0,0.0,0.00072086,0.0,0.0,-10.663279140000004,0.0,0.0
PRO  49,74.861,0.0,0.0,-10.594,0.0,0.0,-55.866,0.0,0.0,-0.852,0.0,0.0,0.0,0.0,0.0,7.54900000000001,0.0,0.0
GLN  50,33.951,0.0,0.0,-9.402,0.0,0.0,-70.849,0.0,0.0,-8.898,0.0,0.0,0.30982888000000003,0.0,0.0,-54.88817112000001,0.0,0.0
ASP  51,98.009,0.0,0.0,-8.617,0.0,0.0,-124.969,0.0,0.0,-22.499,0.0,0.0,0.01060694,0.0,0.0,-58.06539305999999,0.0,0.0
LEU  52,61.548,0.0,0.0,-12.903,0.0,0.0,-70.608,0.0,0.0,0.644,0.0,0.0,0.0,0.0,0.0,-21.319000000000003,0.0,0.0
ASN  53,36.894,0.0,0.0,-7.619,0.0,0.0,-98.111,0.0,0.0,-4.077,0.0,0.0,0.24326044,0.0,0.0,-72.66973956000001,0.0,0.0
THR  54,53.001,0.0,0.0,-7.487,0.0,0.0,-60.916,0.0,0.0,-1.79,0.0,0.0,0.3107286,0.0,0.0,-16.8812714,0.0,0.0
MET  55,83.505,0.0,0.0,-14.081,0.0,0.0,-67.729,0.0,0.0,-1.128,0.0,0.0,0.0,0.0,0.0,0.5669999999999933,0.0,0.0
LEU  56,62.02,0.0,0.0,-8.944,0.0,0.0,-64.62,0.0,0.0,-1.844,0.0,0.0,0.12418846000000001,0.0,0.0,-13.263811540000004,0.0,0.0
ASN  57,45.825,0.0,0.0,-6.112,0.0,0.0,-100.205,0.0,0.0,-14.564,0.0,0.0,0.62580946,0.0,0.0,-74.43019054,0.0,0.0
THR  58,42.21,0.0,0.0,-7.333,0.0,0.0,-42.701,0.0,0.0,-10.51,0.0,0.0,0.25435518,0.0,0.0,-18.079644819999995,0.0,0.0
VAL  59,38.792,0.0,0.0,-8.966,0.0,0.0,-43.973,0.0,0.0,-2.265,0.0,0.0,0.049397880000000005,0.0,0.0,-16.36260212,0.0,0.0
ALA  60,89.771,0.0,0.0,-5.022,0.0,0.0,-65.52,0.0,0.0,-2.244,0.0,0.0,0.22877820000000001,0.0,0.0,17.2137782,0.0,0.0
PRO  61,85.473,0.0,0.0,-3.929,0.0,0.0,-60.187,0.0,0.0,-2.233,0.0,0.0,0.64493122,0.0,0.0,19.76893122,0.0,0.0
HID  62,103.903,0.0,0.0,-7.61,0.0,0.0,-67.12,0.0,0.0,-13.315,0.0,0.0,0.45131798000000006,0.0,0.0,16.309317980000003,0.0,0.0
GLN  63,32.74,0.0,0.0,-6.117,0.0,0.0,-64.712,0.0,0.0,-15.123,0.0,0.0,0.6915378000000001,0.0,0.0,-52.5204622,0.0,0.0
ALA  64,88.793,0.0,0.0,-4.57,0.0,0.0,-69.686,0.0,0.0,-4.545,0.0,0.0,0.33740584,0.0,0.0,10.329405840000007,0.0,0.0
ALA  65,87.356,0.0,0.0,-7.134,0.0,0.0,-73.829,0.0,0.0,-2.984,0.0,0.0,0.03922996000000001,0.0,0.0,3.448229960000001,0.0,0.0
ALA  66,92.033,0.0,0.0,-5.94,0.0,0.0,-81.577,0.0,0.0,-1.437,0.0,0.0,0.13009626000000002,0.0,0.0,3.2090962600000053,0.0,0.0
GLN  67,43.802,0.0,0.0,-6.33,0.0,0.0,-79.298,0.0,0.0,-13.287,0.0,0.0,0.5707476800000001,0.0,0.0,-54.54225232,0.0,0.0
MET  68,92.075,0.0,0.0,-7.974,0.0,0.0,-75.603,0.0,0.0,-3.541,0.0,0.0,0.32144936,0.0,0.0,5.278449360000004,0.0,0.0
LEU  69,77.156,0.0,0.0,-10.274,0.0,0.0,-76.128,0.0,0.0,-2.954,0.0,0.0,0.017983560000000003,0.0,0.0,-12.182016439999996,0.0,0.0
LYS  70,124.83,0.0,0.0,-8.148,0.0,0.0,-129.171,0.0,0.0,-8.624,0.0,0.0,0.55936026,0.0,0.0,-20.553639739999994,0.0,0.0
GLU  71,112.685,0.0,0.0,-7.244,0.0,0.0,-71.852,0.0,0.0,-88.866,0.0,0.0,0.6318365,0.0,0.0,-54.6451635,0.0,0.0
THR  72,49.621,0.0,0.0,-6.576,0.0,0.0,-59.166,0.0,0.0,-4.995,0.0,0.0,0.011512080000000001,0.0,0.0,-21.104487919999997,0.0,0.0
ILE  73,69.305,0.0,0.0,-9.102,0.0,0.0,-48.189,0.0,0.0,-5.132,0.0,0.0,0.0028780200000000002,0.0,0.0,6.884878020000003,0.0,0.0
ASN  74,18.745,0.0,0.0,-7.653,0.0,0.0,-80.539,0.0,0.0,-8.35,0.0,0.0,0.46138292000000003,0.0,0.0,-77.33561707999999,0.0,0.0
GLU  75,107.789,0.0,0.0,-7.014,0.0,0.0,-42.745,0.0,0.0,-112.794,0.0,0.0,0.6410505000000001,0.0,0.0,-54.12294949999999,0.0,0.0
GLU  76,98.759,0.0,0.0,-11.153,0.0,0.0,-26.465,0.0,0.0,-112.137,0.0,0.0,0.16527748,0.0,0.0,-50.83072252000001,0.0,0.0
ALA  77,85.367,0.0,0.0,-7.191,0.0,0.0,-71.921,0.0,0.0,-1.864,0.0,0.0,0.042178440000000005,0.0,0.0,4.433178439999995,0.0,0.0
ALA  78,97.733,0.0,0.0,-5.776,0.0,0.0,-88.626,0.0,0.0,1.131,0.0,0.0,0.29331414,0.0,0.0,4.755314140000003,0.0,0.0
GLU  79,112.094,0.0,0.0,-8.345,0.0,0.0,-60.779,0.0,0.0,-96.459,0.0,0.0,0.3630587,0.0,0.0,-53.12594130000001,0.0,0.0
TRP  80,116.11,0.0,0.0,-17.92,0.0,0.0,-90.886,0.0,0.0,-1.352,0.0,0.0,0.1640634,0.0,0.0,6.116063400000002,0.0,0.0
ASP  81,106.672,0.0,0.0,-8.211,0.0,0.0,-75.129,0.0,0.0,-74.151,0.0,0.0,0.3313517,0.0,0.0,-50.487648300000004,0.0,0.0
ARG  82,-190.753,0.0,0.0,-6.894,0.0,0.0,-9.18,0.0,0.0,33.725,0.0,0.0,0.97208784,0.0,0.0,-172.12991216,0.0,0.0
LEU  83,66.359,0.0,0.0,-6.976,0.0,0.0,-68.929,0.0,0.0,-4.656,0.0,0.0,0.6328988200000001,0.0,0.0,-13.569101180000006,0.0,0.0
HID  84,111.079,0.0,0.0,-9.26,0.0,0.0,-81.944,0.0,0.0,-4.556,0.0,0.0,0.24091900000000002,0.0,0.0,15.559918999999985,0.0,0.0
PRO  85,88.381,0.0,0.0,-4.502,0.0,0.0,-63.352,0.0,0.0,-6.561,0.0,0.0,0.5915279600000001,0.0,0.0,14.557527960000009,0.0,0.0
VAL  86,49.873,0.0,0.0,-4.283,0.0,0.0,-51.253,0.0,0.0,-6.446,0.0,0.0,0.57805384,0.0,0.0,-11.530946160000003,0.0,0.0
HID  87,91.417,0.0,0.0,-6.84,0.0,0.0,-57.127,0.0,0.0,-12.196,0.0,0.0,0.46375688,0.0,0.0,15.717756879999996,0.0,0.0
ALA  88,88.997,0.0,0.0,-1.453,0.0,0.0,-71.639,0.0,0.0,-7.564,0.0,0.0,0.6583240400000001,0.0,0.0,8.999324040000001,0.0,0.0
GLY  89,93.082,0.0,0.0,-1.493,0.0,0.0,-76.977,0.0,0.0,-7.101,0.0,0.0,0.27443086000000005,0.0,0.0,7.785430859999995,0.0,0.0
PRO  90,85.226,0.0,0.0,-2.676,0.0,0.0,-56.84,0.0,0.0,-7.091,0.0,0.0,0.7826480000000001,0.0,0.0,19.401647999999994,0.0,0.0
ILE  91,80.571,0.0,0.0,-5.743,0.0,0.0,-55.645,0.0,0.0,-5.329,0.0,0.0,0.44859714,0.0,0.0,14.30259714,0.0,0.0
ALA  92,94.102,0.0,0.0,-3.534,0.0,0.0,-68.345,0.0,0.0,-6.508,0.0,0.0,0.3409722,0.0,0.0,16.0559722,0.0,0.0
PRO  93,83.713,0.0,0.0,-2.605,0.0,0.0,-58.129,0.0,0.0,-5.627,0.0,0.0,0.7320902400000001,0.0,0.0,18.084090239999995,0.0,0.0
GLY  94,72.379,0.0,0.0,-1.899,0.0,0.0,-65.998,0.0,0.0,-7.884,0.0,0.0,0.52615192,0.0,0.0,-2.875848080000001,0.0,0.0
GLN  95,35.12,0.0,0.0,-5.767,0.0,0.0,-69.698,0.0,0.0,-16.907,0.0,0.0,0.60532728,0.0,0.0,-56.64667272,0.0,0.0
MET  96,107.342,0.0,0.0,-10.377,0.0,0.0,-76.706,0.0,0.0,-6.768,0.0,0.0,0.25607874,0.0,0.0,13.74707874,0.0,0.0
ARG  97,-198.269,0.0,0.0,-8.934,0.0,0.0,-16.843,0.0,0.0,35.894,0.0,0.0,0.31615944,0.0,0.0,-187.83584055999998,0.0,0.0
GLU  98,107.284,0.0,0.0,-7.677,0.0,0.0,-59.473,0.0,0.0,-90.091,0.0,0.0,0.3633730600000001,0.0,0.0,-49.59362693999999,0.0,0.0
PRO  99,95.731,0.0,0.0,-10.071,0.0,0.0,-61.488,0.0,0.0,-3.804,0.0,0.0,0.02836286,0.0,0.0,20.39636286,0.0,0.0
ARG 100,-186.559,0.0,0.0,-10.864,0.0,0.0,-23.819,0.0,0.0,39.893,0.0,0.0,0.22121188000000003,0.0,0.0,-181.12778812,0.0,0.0
GLY 101,78.544,0.0,0.0,-6.077,0.0,0.0,-85.043,0.0,0.0,1.182,0.0,0.0,0.0,0.0,0.0,-11.394000000000007,0.0,0.0
SER 102,78.103,0.0,0.0,-5.864,0.0,0.0,-71.548,0.0,0.0,-2.259,0.0,0.0,0.23104376000000001,0.0,0.0,-1.3369562400000117,0.0,0.0
ASP 103,95.839,0.0,0.0,-8.769,0.0,0.0,-99.361,0.0,0.0,-48.262,0.0,0.0,0.02058516,0.0,0.0,-60.53241484000001,0.0,0.0
ILE 104,76.723,0.0,0.0,-11.43,0.0,0.0,-61.733,0.0,0.0,-0.486,0.0,0.0,0.0,0.0,0.0,3.0740000000000096,0.0,0.0
ALA 105,85.869,0.0,0.0,-7.549,0.0,0.0,-77.673,0.0,0.0,0.217,0.0,0.0,0.01407032,0.0,0.0,0.8780703199999913,0.0,0.0
GLY 106,86.107,0.0,0.0,-4.59,0.0,0.0,-84.984,0.0,0.0,-3.485,0.0,0.0,0.043706880000000004,0.0,0.0,-6.908293119999998,0.0,0.0
THR 107,58.671,0.0,0.0,-5.566,0.0,0.0,-57.17,0.0,0.0,-7.825,0.0,0.0,0.49849366,0.0,0.0,-11.391506340000005,0.0,0.0
THR 108,43.644,0.0,0.0,-3.595,0.0,0.0,-56.66,0.0,0.0,-4.057,0.0,0.0,0.48677020000000004,0.0,0.0,-20.1812298,0.0,0.0
SER 109,76.759,0.0,0.0,-6.687,0.0,0.0,-70.803,0.0,0.0,-4.102,0.0,0.0,0.06299124,0.0,0.0,-4.770008759999995,0.0,0.0
THR 110,38.969,0.0,0.0,-7.024,0.0,0.0,-40.362,0.0,0.0,-8.151,0.0,0.0,0.46155636000000005,0.0,0.0,-16.106443640000002,0.0,0.0
LEU 111,66.211,0.0,0.0,-10.028,0.0,0.0,-65.967,0.0,0.0,-3.916,0.0,0.0,0.2078299,0.0,0.0,-13.4921701,0.0,0.0
GLN 112,42.189,0.0,0.0,-6.46,0.0,0.0,-78.827,0.0,0.0,-12.308,0.0,0.0,0.74834482,0.0,0.0,-54.65765518,0.0,0.0
GLU 113,102.998,0.0,0.0,-8.141,0.0,0.0,-91.904,0.0,0.0,-56.127,0.0,0.0,0.19919042,0.0,0.0,-52.97480958,0.0,0.0
GLN 114,41.743,0.0,0.0,-11.769,0.0,0.0,-88.179,0.0,0.0,0.375,0.0,0.0,0.0,0.0,0.0,-57.83,0.0,0.0
ILE 115,84.251,0.0,0.0,-9.293,0.0,0.0,-67.559,0.0,0.0,-2.254,0.0,0.0,0.15841034,0.0,0.0,5.303410340000001,0.0,0.0
GLY 116,73.65,0.0,0.0,-6.041,0.0,0.0,-71.787,0.0,0.0,-2.542,0.0,0.0,0.08960344,0.0,0.0,-6.630396559999997,0.0,0.0
TRP 117,124.518,0.0,0.0,-20.604,0.0,0.0,-93.651,0.0,0.0,-2.515,0.0,0.0,0.00719234,0.0,0.0,7.755192340000004,0.0,0.0
MET 118,99.902,0.0,0.0,-11.74,0.0,0.0,-82.299,0.0,0.0,-3.656,0.0,0.0,0.13839428,0.0,0.0,2.3453942799999994,0.0,0.0
THR 119,39.849,0.0,0.0,-5.619,0.0,0.0,-44.938,0.0,0.0,-7.577,0.0,0.0,0.42022344,0.0,0.0,-17.864776560000003,0.0,0.0
HID 120,91.618,0.0,0.0,-10.773,0.0,0.0,-59.094,0.0,0.0,-8.223,0.0,0.0,0.25447442000000003,0.0,0.0,13.782474419999996,0.0,0.0
ASN 121,44.443,0.0,0.0,-4.82,0.0,0.0,-83.241,0.0,0.0,-16.153,0.0,0.0,0.69352694,0.0,0.0,-59.07747306,0.0,0.0
PRO 122,94.457,0.0,0.0,-3.858,0.0,0.0,-58.532,0.0,0.0,-4.661,0.0,0.0,0.64437838,0.0,0.0,28.05037837999999,0.0,0.0
PRO 123,83.711,0.0,0.0,-6.428,0.0,0.0,-58.887,0.0,0.0,-4.086,0.0,0.0,0.40665718,0.0,0.0,14.71665718,0.0,0.0
ILE 124,92.987,0.0,0.0,-7.805,0.0,0.0,-60.184,0.0,0.0,-1.464,0.0,0.0,0.32608888,0.0,0.0,23.860088879999992,0.0,0.0
PRO 125,89.024,0.0,0.0,-6.262,0.0,0.0,-66.378,0.0,0.0,-1.247,0.0,0.0,0.32912408,0.0,0.0,15.46612408,0.0,0.0
VAL 126,54.467,0.0,0.0,-11.498,0.0,0.0,-55.822,0.0,0.0,-1.924,0.0,0.0,0.0,0.0,0.0,-14.777000000000001,0.0,0.0
GLY 127,73.172,0.0,0.0,-6.028,0.0,0.0,-71.983,0.0,0.0,-1.765,0.0,0.0,0.0,0.0,0.0,-6.6040000000000125,0.0,0.0
GLU 128,105.024,0.0,0.0,-9.092,0.0,0.0,-101.754,0.0,0.0,-46.261,0.0,0.0,0.31804560000000004,0.0,0.0,-51.76495440000001,0.0,0.0
ILE 129,78.809,0.0,0.0,-10.301,0.0,0.0,-65.695,0.0,0.0,-1.566,0.0,0.0,0.10779296000000002,0.0,0.0,1.3547929600000024,0.0,0.0
TYR 130,91.23,0.0,0.0,-14.419,0.0,0.0,-89.356,0.0,0.0,-1.573,0.0,0.0,0.0017886000000000002,0.0,0.0,-14.116211399999989,0.0,0.0
LYS 131,145.491,0.0,0.0,-11.104,0.0,0.0,-168.993,0.0,0.0,26.099,0.0,0.0,0.059349,0.0,0.0,-8.447650999999995,0.0,0.0
ARG 132,-184.871,0.0,0.0,-9.539,0.0,0.0,28.778,0.0,0.0,-6.127,0.0,0.0,0.79698932,0.0,0.0,-170.96201068000002,0.0,0.0
TRP 133,127.714,0.0,0.0,-19.812,0.0,0.0,-92.524,0.0,0.0,-6.669,0.0,0.0,0.12635104000000003,0.0,0.0,8.835351039999999,0.0,0.0
ILE 134,88.064,0.0,0.0,-11.468,0.0,0.0,-68.122,0.0,0.0,-0.707,0.0,0.0,0.0,0.0,0.0,7.76699999999999,0.0,0.0
ILE 135,80.972,0.0,0.0,-10.354,0.0,0.0,-65.594,0.0,0.0,0.538,0.0,0.0,0.19930424,0.0,0.0,5.761304240000001,0.0,0.0
LEU 136,70.362,0.0,0.0,-6.806,0.0,0.0,-74.042,0.0,0.0,1.144,0.0,0.0,0.49359398000000004,0.0,0.0,-8.848406020000004,0.0,0.0
GLY 137,77.31,0.0,0.0,-6.028,0.0,0.0,-77.922,0.0,0.0,0.35,0.0,0.0,0.0,0.0,0.0,-6.290000000000001,0.0,0.0
LEU 138,64.305,0.0,0.0,-12.116,0.0,0.0,-65.08,0.0,0.0,-0.889,0.0,0.0,0.0,0.0,0.0,-13.77999999999999,0.0,0.0
ASN 139,39.717,0.0,0.0,-8.205,0.0,0.0,-85.079,0.0,0.0,-10.206,0.0,0.0,0.46253196,0.0,0.0,-63.310468039999996,0.0,0.0
LYS 140,131.416,0.0,0.0,-7.983,0.0,0.0,-152.21,0.0,0.0,14.246,0.0,0.0,0.51661814,0.0,0.0,-14.014381860000015,0.0,0.0
ILE 141,94.896,0.0,0.0,-6.833,0.0,0.0,-77.832,0.0,0.0,-0.364,0.0,0.0,0.01977216,0.0,0.0,9.886772160000008,0.0,0.0
VAL 142,63.095,0.0,0.0,-9.695,0.0,0.0,-52.729,0.0,0.0,-3.409,0.0,0.0,0.02648212,0.0,0.0,-2.7115178800000006,0.0,0.0
ARG 143,-197.525,0.0,0.0,-11.272,0.0,0.0,15.475,0.0,0.0,13.539,0.0,0.0,0.53707322,0.0,0.0,-179.24592678000002,0.0,0.0
MET 144,85.296,0.0,0.0,-8.388,0.0,0.0,-69.743,0.0,0.0,-7.012,0.0,0.0,0.23173210000000002,0.0,0.0,0.3847321000000067,0.0,0.0
TYR 145,85.921,0.0,0.0,-8.031,0.0,0.0,-79.29,0.0,0.0,-11.126,0.0,0.0,0.66205842,0.0,0.0,-11.863941580000006,0.0,0.0
SER 146,75.337,0.0,0.0,-5.974,0.0,0.0,-56.179,0.0,0.0,-3.802,0.0,0.0,0.021110900000000002,0.0,0.0,9.403110899999998,0.0,0.0
PRO 147,89.368,0.0,0.0,-5.166,0.0,0.0,-60.539,0.0,0.0,-6.841,0.0,0.0,0.5616800200000001,0.0,0.0,17.383680019999996,0.0,0.0
THR 148,44.877,0.0,0.0,-6.26,0.0,0.0,-43.233,0.0,0.0,-10.116,0.0,0.0,0.29120034,0.0,0.0,-14.440799659999993,0.0,0.0
SER 149,59.945,0.0,0.0,-5.795,0.0,0.0,-56.879,0.0,0.0,-0.17,0.0,0.0,0.23227952000000002,0.0,0.0,-2.666720479999999,0.0,0.0
ILE 150,80.159,0.0,0.0,-5.523,0.0,0.0,-58.908,0.0,0.0,-1.654,0.0,0.0,0.13932652,0.0,0.0,14.21332652000001,0.0,0.0
LEU 151,58.048,0.0,0.0,-5.1,0.0,0.0,-67.786,0.0,0.0,-1.068,0.0,0.0,0.8537909200000001,0.0,0.0,-15.05220908,0.0,0.0
ASP 152,98.561,0.0,0.0,-5.623,0.0,0.0,-74.594,0.0,0.0,-76.163,0.0,0.0,0.49149644000000003,0.0,0.0,-57.32750355999999,0.0,0.0
ILE 153,105.073,0.0,0.0,-9.219,0.0,0.0,-75.874,0.0,0.0,-2.046,0.0,0.0,0.0014363000000000002,0.0,0.0,17.935436300000006,0.0,0.0
ARG 154,-189.328,0.0,0.0,-7.203,0.0,0.0,12.659,0.0,0.0,10.197,0.0,0.0,0.72754286,0.0,0.0,-172.94745714,0.0,0.0
GLN 155,31.682,0.0,0.0,-10.101,0.0,0.0,-88.214,0.0,0.0,-0.692,0.0,0.0,0.04114864,0.0,0.0,-67.28385136,0.0,0.0
GLY 156,86.035,0.0,0.0,-1.973,0.0,0.0,-76.654,0.0,0.0,-2.94,0.0,0.0,0.12762474000000001,0.0,0.0,4.595624740000002,0.0,0.0
PRO 157,86.159,0.0,0.0,-4.685,0.0,0.0,-52.861,0.0,0.0,-8.066,0.0,0.0,0.5727422400000001,0.0,0.0,21.119742240000004,0.0,0.0
LYS 158,126.721,0.0,0.0,-6.736,0.0,0.0,-147.648,0.0,0.0,12.187,0.0,0.0,0.73556446,0.0,0.0,-14.740435539999996,0.0,0.0
GLU 159,111.15,0.0,0.0,-7.361,0.0,0.0,-113.885,0.0,0.0,-39.793,0.0,0.0,0.19277856,0.0,0.0,-49.69622144,0.0,0.0
PRO 160,79.317,0.0,0.0,-9.213,0.0,0.0,-57.543,0.0,0.0,-1.929,0.0,0.0,0.10657888000000001,0.0,0.0,10.73857888,0.0,0.0
PHE 161,114.205,0.0,0.0,-13.663,0.0,0.0,-77.271,0.0,0.0,-2.92,0.0,0.0,0.004314320000000001,0.0,0.0,20.355314319999998,0.0,0.0
ARG 162,-197.271,0.0,0.0,-8.782,0.0,0.0,26.55,0.0,0.0,3.923,0.0,0.0,0.8790698,0.0,0.0,-174.7009302,0.0,0.0
ASP 163,89.284,0.0,0.0,-8.164,0.0,0.0,-82.107,0.0,0.0,-60.257,0.0,0.0,0.35186098,0.0,0.0,-60.892139019999995,0.0,0.0
TYR 164,97.025,0.0,0.0,-15.234,0.0,0.0,-96.77,0.0,0.0,-2.335,0.0,0.0,0.0,0.0,0.0,-17.313999999999986,0.0,0.0
VAL 165,47.39,0.0,0.0,-8.54,0.0,0.0,-52.124,0.0,0.0,0.183,0.0,0.0,0.029679920000000002,0.0,0.0,-13.061320080000002,0.0,0.0
ASP 166,118.612,0.0,0.0,-6.406,0.0,0.0,-119.633,0.0,0.0,-44.159,0.0,0.0,0.31565538,0.0,0.0,-51.27034462,0.0,0.0
ARG 167,-193.06,0.0,0.0,-11.577,0.0,0.0,2.603,0.0,0.0,16.497,0.0,0.0,0.4135189,0.0,0.0,-185.12348109999996,0.0,0.0
PHE 168,93.042,0.0,0.0,-16.019,0.0,0.0,-80.739,0.0,0.0,-0.349,0.0,0.0,0.0,0.0,0.0,-4.065000000000008,0.0,0.0
TYR 169,100.709,0.0,0.0,-10.203,0.0,0.0,-87.673,0.0,0.0,-5.386,0.0,0.0,0.5618426200000001,0.0,0.0,-1.9911573800000015,0.0,0.0
LYS 170,136.527,0.0,0.0,-8.986,0.0,0.0,-155.754,0.0,0.0,8.401,0.0,0.0,0.45516618000000003,0.0,0.0,-19.35683382000001,0.0,0.0
THR 171,47.259,0.0,0.0,-9.436,0.0,0.0,-58.93,0.0,0.0,-1.956,0.0,0.0,0.0,0.0,0.0,-23.063,0.0,0.0
LEU 172,71.595,0.0,0.0,-10.852,0.0,0.0,-67.751,0.0,0.0,-3.287,0.0,0.0,0.06066606,0.0,0.0,-10.234333940000008,0.0,0.0
ARG 173,-191.752,0.0,0.0,-11.485,0.0,0.0,9.306,0.0,0.0,14.095,0.0,0.0,0.48308460000000003,0.0,0.0,-179.3529154,0.0,0.0
ALA 174,84.928,0.0,0.0,-8.483,0.0,0.0,-78.947,0.0,0.0,-2.182,0.0,0.0,0.01489958,0.0,0.0,-4.66910042000001,0.0,0.0
GLU 175,107.724,0.0,0.0,-6.324,0.0,0.0,-94.999,0.0,0.0,-55.071,0.0,0.0,0.257721,0.0,0.0,-48.41227899999999,0.0,0.0
GLN 176,27.382,0.0,0.0,-4.976,0.0,0.0,-68.933,0.0,0.0,-12.333,0.0,0.0,0.43307968,0.0,0.0,-58.42692032,0.0,0.0
ALA 177,95.745,0.0,0.0,-5.08,0.0,0.0,-83.407,0.0,0.0,-5.623,0.0,0.0,0.13777098000000002,0.0,0.0,1.7727709800000095,0.0,0.0
SER 178,77.47,0.0,0.0,-4.694,0.0,0.0,-64.782,0.0,0.0,-4.922,0.0,0.0,0.31942228,0.0,0.0,3.39142228,0.0,0.0
GLN 179,23.294,0.0,0.0,-4.686,0.0,0.0,-67.762,0.0,0.0,-9.571,0.0,0.0,0.7449302200000001,0.0,0.0,-57.980069779999994,0.0,0.0
GLU 180,112.86,0.0,0.0,-4.021,0.0,0.0,-67.448,0.0,0.0,-88.801,0.0,0.0,0.95943214,0.0,0.0,-46.45056786,0.0,0.0
VAL 181,65.839,0.0,0.0,-6.31,0.0,0.0,-57.644,0.0,0.0,-1.359,0.0,0.0,0.31285866,0.0,0.0,0.8388586599999981,0.0,0.0
LYS 182,115.894,0.0,0.0,-8.051,0.0,0.0,-106.293,0.0,0.0,-19.204,0.0,0.0,0.52196768,0.0,0.0,-17.132032320000004,0.0,0.0
ASN 183,25.807,0.0,0.0,-4.555,0.0,0.0,-80.908,0.0,0.0,-13.819,0.0,0.0,0.54592408,0.0,0.0,-72.92907592,0.0,0.0
TRP 184,121.998,0.0,0.0,-11.354,0.0,0.0,-90.689,0.0,0.0,-9.051,0.0,0.0,0.7910110600000001,0.0,0.0,11.695011060000013,0.0,0.0
MET 185,103.899,0.0,0.0,-12.665,0.0,0.0,-88.568,0.0,0.0,-0.87,0.0,0.0,0.09911012000000001,0.0,0.0,1.895110120000011,0.0,0.0
THR 186,42.673,0.0,0.0,-7.827,0.0,0.0,-54.793,0.0,0.0,-3.716,0.0,0.0,0.1278849,0.0,0.0,-23.535115099999995,0.0,0.0
GLU 187,103.182,0.0,0.0,-5.571,0.0,0.0,-56.947,0.0,0.0,-91.151,0.0,0.0,0.672622,0.0,0.0,-49.814378,0.0,0.0
THR 188,39.109,0.0,0.0,-8.635,0.0,0.0,-49.719,0.0,0.0,-0.172,0.0,0.0,0.15863256,0.0,0.0,-19.258367439999997,0.0,0.0
LEU 189,57.183,0.0,0.0,-9.773,0.0,0.0,-62.472,0.0,0.0,-0.665,0.0,0.0,0.1689956,0.0,0.0,-15.558004400000003,0.0,0.0
LEU 190,85.981,0.0,0.0,-11.602,0.0,0.0,-89.368,0.0,0.0,0.116,0.0,0.0,0.0,0.0,0.0,-14.873000000000005,0.0,0.0
VAL 191,54.979,0.0,0.0,-7.868,0.0,0.0,-60.048,0.0,0.0,0.74,0.0,0.0,0.22927684,0.0,0.0,-11.967723160000004,0.0,0.0
GLN 192,27.401,0.0,0.0,-6.91,0.0,0.0,-67.689,0.0,0.0,-8.091,0.0,0.0,0.53637404,0.0,0.0,-54.752625959999996,0.0,0.0
ASN 193,15.706,0.0,0.0,-8.434,0.0,0.0,-78.046,0.0,0.0,-5.777,0.0,0.0,0.1693208,0.0,0.0,-76.38167920000001,0.0,0.0
ALA 194,89.567,0.0,0.0,-6.763,0.0,0.0,-80.711,0.0,0.0,0.015,0.0,0.0,0.04460118,0.0,0.0,2.1526011799999893,0.0,0.0
ASN 195,47.988,0.0,0.0,-8.673,0.0,0.0,-96.715,0.0,0.0,-3.96,0.0,0.0,0.034411580000000004,0.0,0.0,-61.32558842000001,0.0,0.0
PRO 196,81.174,0.0,0.0,-5.37,0.0,0.0,-56.807,0.0,0.0,-3.291,0.0,0.0,0.56975582,0.0,0.0,16.27575582,0.0,0.0
ASP 197,84.773,0.0,0.0,-5.538,0.0,0.0,-66.035,0.0,0.0,-73.346,0.0,0.0,0.51177808,0.0,0.0,-59.63422192,0.0,0.0
CYX 198,100.081,0.0,0.0,-9.376,0.0,0.0,-80.702,0.0,0.0,-1.498,0.0,0.0,0.01418956,0.0,0.0,8.519189560000001,0.0,0.0
LYS 199,143.094,0.0,0.0,-9.484,0.0,0.0,-121.982,0.0,0.0,-22.523,0.0,0.0,0.35286368,0.0,0.0,-10.542136320000013,0.0,0.0
THR 200,47.277,0.0,0.0,-7.016,0.0,0.0,-56.461,0.0,0.0,-6.95,0.0,0.0,0.48588674000000004,0.0,0.0,-22.664113259999993,0.0,0.0
ILE 201,72.284,0.0,0.0,-7.453,0.0,0.0,-54.799,0.0,0.0,-1.925,0.0,0.0,0.30053900000000006,0.0,0.0,8.407539000000003,0.0,0.0
LEU 202,79.653,0.0,0.0,-9.133,0.0,0.0,-72.409,0.0,0.0,-5.614,0.0,0.0,0.09874156,0.0,0.0,-7.404258439999996,0.0,0.0
LYS 203,118.605,0.0,0.0,-6.272,0.0,0.0,-89.949,0.0,0.0,-39.051,0.0,0.0,0.9064408000000002,0.0,0.0,-15.760559200000001,0.0,0.0
ALA 204,84.335,0.0,0.0,-3.215,0.0,0.0,-71.774,0.0,0.0,-5.261,0.0,0.0,0.46334496000000003,0.0,0.0,4.548344959999989,0.0,0.0
LEU 205,72.722,0.0,0.0,-5.762,0.0,0.0,-72.881,0.0,0.0,-6.372,0.0,0.0,0.40289028000000005,0.0,0.0,-11.890109720000007,0.0,0.0
GLY 206,89.864,0.0,0.0,-2.519,0.0,0.0,-73.413,0.0,0.0,-8.119,0.0,0.0,0.14411238,0.0,0.0,5.9571123800000025,0.0,0.0
PRO 207,79.738,0.0,0.0,-2.083,0.0,0.0,-52.645,0.0,0.0,-10.374,0.0,0.0,0.8082683400000001,0.0,0.0,15.444268339999997,0.0,0.0
GLY 208,69.541,0.0,0.0,-1.801,0.0,0.0,-62.029,0.0,0.0,-7.614,0.0,0.0,0.42483586,0.0,0.0,-1.4781641400000085,0.0,0.0
ALA 209,100.13,0.0,0.0,-4.374,0.0,0.0,-85.433,0.0,0.0,-4.7,0.0,0.0,0.1431422,0.0,0.0,5.766142199999993,0.0,0.0
THR 210,45.607,0.0,0.0,-5.744,0.0,0.0,-48.685,0.0,0.0,-7.834,0.0,0.0,0.44804430000000006,0.0,0.0,-16.207955700000003,0.0,0.0
LEU 211,56.966,0.0,0.0,-7.011,0.0,0.0,-62.618,0.0,0.0,-3.042,0.0,0.0,0.35466854000000003,0.0,0.0,-15.350331460000003,0.0,0.0
GLU 212,109.612,0.0,0.0,-5.123,0.0,0.0,-49.897,0.0,0.0,-106.673,0.0,0.0,0.7433584200000001,0.0,0.0,-51.33764158000001,0.0,0.0
GLU 213,99.411,0.0,0.0,-8.407,0.0,0.0,-39.77,0.0,0.0,-108.063,0.0,0.0,0.54649318,0.0,0.0,-56.28250682,0.0,0.0
MET 214,98.71,0.0,0.0,-12.003,0.0,0.0,-79.758,0.0,0.0,-1.502,0.0,0.0,0.0057560400000000005,0.0,0.0,5.452756039999998,0.0,0.0
MET 215,103.214,0.0,0.0,-9.126,0.0,0.0,-85.709,0.0,0.0,-4.296,0.0,0.0,0.45977860000000004,0.0,0.0,4.54277859999999,0.0,0.0
THR 216,41.408,0.0,0.0,-4.626,0.0,0.0,-50.438,0.0,0.0,-4.28,0.0,0.0,0.5228674,0.0,0.0,-17.4131326,0.0,0.0
ALA 217,79.804,0.0,0.0,-5.456,0.0,0.0,-63.501,0.0,0.0,-2.851,0.0,0.0,0.2258243,0.0,0.0,8.221824300000002,0.0,0.0
CYX 218,91.226,0.0,0.0,-7.731,0.0,0.0,-78.379,0.0,0.0,0.023,0.0,0.0,0.015815560000000003,0.0,0.0,5.154815559999999,0.0,0.0
GLN 219,33.435,0.0,0.0,-6.708,0.0,0.0,-68.618,0.0,0.0,-12.908,0.0,0.0,0.6936570200000001,0.0,0.0,-54.10534297999999,0.0,0.0
GLY 220,101.196,0.0,0.0,-4.96,0.0,0.0,-86.761,0.0,0.0,-3.153,0.0,0.0,0.05662274,0.0,0.0,6.378622740000008,0.0,0.0
VAL 221,31.967,0.0,0.0,-2.229,0.0,0.0,-47.826,0.0,0.0,-71.109,0.0,0.0,0.8516717,0.0,0.0,-88.3453283,0.0,0.0

Receptor:
Total Energy Decomposition:
Residue,Internal,,,van der Waals,,,Electrostatic,,,Polar Solvation,,,Non-Polar Solv.,,,TOTAL,,
,Avg.,Std. Dev.,Std. Err. of Mean,Avg.,Std. Dev.,Std. Err. of Mean,Avg.,Std. Dev.,Std. Err. of Mean,Avg.,Std. Dev.,Std. Err. of Mean,Avg.,Std. Dev.,Std. Err. of Mean,Avg.,Std. Dev.,Std. Err. of Mean
PRO   1,98.12,0.0,0.0,-7.799,0.0,0.0,-105.187,0.0,0.0,5.497,0.0,0.0,0.19559696000000001,0.0,0.0,-9.17340304,0.0,0.0
ILE   2,100.356,0.0,0.0,-9.604,0.0,0.0,-71.097,0.0,0.0,-3.633,0.0,0.0,0.20676758,0.0,0.0,16.228767580000003,0.0,0.0
VAL   3,51.837,0.0,0.0,-6.986,0.0,0.0,-56.814,0.0,0.0,-3.038,0.0,0.0,0.34223506000000004,0.0,0.0,-14.658764939999994,0.0,0.0
GLN   4,19.324,0.0,0.0,-7.196,0.0,0.0,-56.456,0.0,0.0,-13.811,0.0,0.0,0.60737604,0.0,0.0,-57.531623960000005,0.0,0.0
ASN   5,34.843,0.0,0.0,-6.223,0.0,0.0,-82.866,0.0,0.0,-14.213,0.0,0.0,0.38631050000000006,0.0,0.0,-68.0726895,0.0,0.0
LEU   6,72.131,0.0,0.0,-3.807,0.0,0.0,-69.926,0.0,0.0,-9.341,0.0,0.0,1.0122121,0.0,0.0,-9.930787900000004,0.0,0.0
GLN   7,32.454,0.0,0.0,-4.967,0.0,0.0,-70.948,0.0,0.0,-17.457,0.0,0.0,0.81445798,0.0,0.0,-60.10354201999999,0.0,0.0
GLY   8,76.64,0.0,0.0,-3.504,0.0,0.0,-70.912,0.0,0.0,-6.492,0.0,0.0,0.28752558,0.0,0.0,-3.9804744200000104,0.0,0.0
GLN   9,41.199,0.0,0.0,-6.182,0.0,0.0,-79.514,0.0,0.0,-12.555,0.0,0.0,0.7218681200000001,0.0,0.0,-56.330131879999996,0.0,0.0
MET  10,99.384,0.0,0.0,-9.78,0.0,0.0,-77.266,0.0,0.0,-5.534,0.0,0.0,0.178318,0.0,0.0,6.982317999999994,0.0,0.0
VAL  11,55.727,0.0,0.0,-5.092,0.0,0.0,-55.959,0.0,0.0,-2.116,0.0,0.0,0.3808905000000001,0.0,0.0,-7.059109500000004,0.0,0.0
HID  12,89.357,0.0,0.0,-10.188,0.0,0.0,-59.635,0.0,0.0,-10.287,0.0,0.0,0.34215376000000003,0.0,0.0,9.589153759999999,0.0,0.0
GLN  13,31.042,0.0,0.0,-5.088,0.0,0.0,-70.555,0.0,0.0,-12.479,0.0,0.0,0.60199398,0.0,0.0,-56.47800602,0.0,0.0
ALA  14,95.057,0.0,0.0,-4.807,0.0,0.0,-83.542,0.0,0.0,-0.752,0.0,0.0,0.3537634,0.0,0.0,6.309763399999999,0.0,0.0
ILE  15,92.589,0.0,0.0,-9.54,0.0,0.0,-73.896,0.0,0.0,-4.882,0.0,0.0,0.049132300000000004,0.0,0.0,4.320132300000006,0.0,0.0
SER  16,72.127,0.0,0.0,-4.869,0.0,0.0,-51.387,0.0,0.0,-6.385,0.0,0.0,0.27208400000000005,0.0,0.0,9.758083999999995,0.0,0.0
PRO  17,91.102,0.0,0.0,-4.906,0.0,0.0,-60.321,0.0,0.0,-3.51,0.0,0.0,0.60632998,0.0,0.0,22.971329980000004,0.0,0.0
ARG  18,-187.077,0.0,0.0,-5.109,0.0,0.0,72.614,0.0,0.0,-53.429,0.0,0.0,1.11054174,0.0,0.0,-171.89045826,0.0,0.0
THR  19,50.363,0.0,0.0,-9.591,0.0,0.0,-58.652,0.0,0.0,-3.875,0.0,0.0,0.18782468000000002,0.0,0.0,-21.567175320000004,0.0,0.0
LEU  20,57.81,0.0,0.0,-11.844,0.0,0.0,-58.177,0.0,0.0,-3.175,0.0,0.0,0.12153808,0.0,0.0,-15.264461919999999,0.0,0.0
ASN  21,16.993,0.0,0.0,-6.737,0.0,0.0,-68.593,0.0,0.0,-18.155,0.0,0.0,0.5382276800000001,0.0,0.0,-75.95377232,0.0,0.0
ALA  22,96.594,0.0,0.0,-5.142,0.0,0.0,-82.2,0.0,0.0,-4.041,0.0,0.0,0.12082806,0.0,0.0,5.331828059999995,0.0,0.0
TRP  23,137.956,0.0,0.0,-18.397,0.0,0.0,-97.791,0.0,0.0,-4.446,0.0,0.0,0.006476900000000001,0.0,0.0,17.328476900000002,0.0,0.0
VAL  24,63.303,0.0,0.0,-9.048,0.0,0.0,-58.404,0.0,0.0,-4.109,0.0,0.0,0.1865022,0.0,0.0,-8.071497800000008,0.0,0.0
LYS  25,134.597,0.0,0.0,-7.999,0.0,0.0,-113.579,0.0,0.0,-26.963,0.0,0.0,0.72504966,0.0,0.0,-13.218950339999981,0.0,0.0
VAL  26,62.889,0.0,0.0,-9.235,0.0,0.0,-67.348,0.0,0.0,-3.013,0.0,0.0,0.06481236,0.0,0.0,-16.642187639999992,0.0,0.0
VAL  27,41.272,0.0,0.0,-7.695,0.0,0.0,-46.235,0.0,0.0,-2.854,0.0,0.0,0.02847668,0.0,0.0,-15.48352332,0.0,0.0
GLU  28,95.323,0.0,0.0,-6.652,0.0,0.0,-70.123,0.0,0.0,-71.412,0.0,0.0,0.57443328,0.0,0.0,-52.28956672000002,0.0,0.0
GLU  29,107.403,0.0,0.0,-6.023,0.0,0.0,-81.553,0.0,0.0,-66.077,0.0,0.0,0.68424248,0.0,0.0,-45.565757519999984,0.0,0.0
LYS  30,118.497,0.0,0.0,-9.314,0.0,0.0,-121.429,0.0,0.0,-5.931,0.0,0.0,0.36504242000000003,0.0,0.0,-17.81195758000001,0.0,0.0
ALA  31,88.627,0.0,0.0,-6.753,0.0,0.0,-74.398,0.0,0.0,-6.893,0.0,0.0,0.031912960000000004,0.0,0.0,0.6149129599999993,0.0,0.0
PHE  32,102.373,0.0,0.0,-10.125,0.0,0.0,-76.21,0.0,0.0,-6.472,0.0,0.0,0.4276109,0.0,0.0,9.993610900000009,0.0,0.0
SER  33,90.906,0.0,0.0,-5.124,0.0,0.0,-64.259,0.0,0.0,-7.311,0.0,0.0,0.27250134000000004,0.0,0.0,14.48450134000001,0.0,0.0
PRO  34,75.203,0.0,0.0,-5.674,0.0,0.0,-55.953,0.0,0.0,-2.925,0.0,0.0,0.46808746,0.0,0.0,11.119087459999992,0.0,0.0
GLU  35,105.695,0.0,0.0,-7.546,0.0,0.0,-86.761,0.0,0.0,-61.65,0.0,0.0,0.4976156200000001,0.0,0.0,-49.76438438000001,0.0,0.0
VAL  36,54.037,0.0,0.0,-10.033,0.0,0.0,-57.231,0.0,0.0,0.443,0.0,0.0,0.0,0.0,0.0,-12.784000000000004,0.0,0.0
ILE  37,85.512,0.0,0.0,-8.536,0.0,0.0,-59.106,0.0,0.0,-0.73,0.0,0.0,0.1581285,0.0,0.0,17.298128499999997,0.0,0.0
PRO  38,80.733,0.0,0.0,-6.291,0.0,0.0,-57.842,0.0,0.0,-3.366,0.0,0.0,0.47250476,0.0,0.0,13.706504760000009,0.0,0.0
MET  39,90.882,0.0,0.0,-9.44,0.0,0.0,-72.567,0.0,0.0,-3.126,0.0,0.0,0.4791767800000001,0.0,0.0,6.228176780000015,0.0,0.0
PHE  40,105.773,0.0,0.0,-14.078,0.0,0.0,-86.058,0.0,0.0,-1.699,0.0,0.0,0.0,0.0,0.0,3.9379999999999864,0.0,0.0
SER  41,54.966,0.0,0.0,-5.46,0.0,0.0,-42.465,0.0,0.0,-12.615,0.0,0.0,0.22910882000000002,0.0,0.0,-5.344891180000003,0.0,0.0
ALA  42,85.662,0.0,0.0,-5.239,0.0,0.0,-66.316,0.0,0.0,-5.932,0.0,0.0,0.37025104000000003,0.0,0.0,8.545251039999998,0.0,0.0
LEU  43,76.633,0.0,0.0,-10.117,0.0,0.0,-74.278,0.0,0.0,-5.656,0.0,0.0,0.21261576000000001,0.0,0.0,-13.205384240000013,0.0,0.0
SER  44,73.552,0.0,0.0,-7.671,0.0,0.0,-72.388,0.0,0.0,-0.986,0.0,0.0,0.0021571600000000004,0.0,0.0,-7.490842840000004,0.0,0.0
GLU  45,105.166,0.0,0.0,-5.846,0.0,0.0,-80.048,0.0,0.0,-67.529,0.0,0.0,0.64897454,0.0,0.0,-47.60802546000001,0.0,0.0
GLY  46,67.021,0.0,0.0,-3.012,0.0,0.0,-69.338,0.0,0.0,0.505,0.0,0.0,0.15412854,0.0,0.0,-4.669871459999993,0.0,0.0
ALA  47,98.28,0.0,0.0,-7.029,0.0,0.0,-85.753,0.0,0.0,-2.68,0.0,0.0,0.0066340800000000005,0.0,0.0,2.8246340800000045,0.0,0.0
THR  48,60.952,0.0,0.0,-9.13,0.0,0.0,-61.559,0.0,0.0,-0.926,0.0,0.0,0.00072086,0.0,0.0,-10.662279140000003,0.0,0.0
PRO  49,74.861,0.0,0.0,-10.594,0.0,0.0,-55.849,0.0,0.0,-0.868,0.0,0.0,0.0,0.0,0.0,7.550000000000013,0.0,0.0
GLN  50,33.951,0.0,0.0,-9.402,0.0,0.0,-70.898,0.0,0.0,-8.849,0.0,0.0,0.30982888000000003,0.0,0.0,-54.888171119999996,0.0,0.0
ASP  51,98.009,0.0,0.0,-8.616,0.0,0.0,-129.671,0.0,0.0,-17.794,0.0,0.0,0.01060694,0.0,0.0,-58.061393059999986,0.0,0.0
LEU  52,61.548,0.0,0.0,-12.902,0.0,0.0,-70.537,0.0,0.0,0.573,0.0,0.0,0.0,0.0,0.0,-21.318000000000005,0.0,0.0
ASN  53,36.894,0.0,0.0,-7.619,0.0,0.0,-98.146,0.0,0.0,-4.043,0.0,0.0,0.24326044,0.0,0.0,-72.67073956000002,0.0,0.0
THR  54,53.001,0.0,0.0,-7.486,0.0,0.0,-60.883,0.0,0.0,-1.823,0.0,0.0,0.3107286,0.0,0.0,-16.8802714,0.0,0.0
MET  55,83.505,0.0,0.0,-14.079,0.0,0.0,-67.72,0.0,0.0,-1.139,0.0,0.0,0.0,0.0,0.0,0.5669999999999888,0.0,0.0
LEU  56,62.02,0.0,0.0,-8.941,0.0,0.0,-64.544,0.0,0.0,-1.92,0.0,0.0,0.12418846000000001,0.0,0.0,-13.260811539999997,0.0,0.0
ASN  57,45.825,0.0,0.0,-6.111,0.0,0.0,-100.267,0.0,0.0,-14.505,0.0,0.0,0.62580946,0.0,0.0,-74.43219054,0.0,0.0
THR  58,42.21,0.0,0.0,-7.332,0.0,0.0,-42.627,0.0,0.0,-10.589,0.0,0.0,0.25435518,0.0,0.0,-18.08364482,0.0,0.0
VAL  59,38.792,0.0,0.0,-8.961,0.0,0.0,-43.934,0.0,0.0,-2.311,0.0,0.0,0.049397880000000005,0.0,0.0,-16.364602119999994,0.0,0.0
ALA  60,89.771,0.0,0.0,-5.021,0.0,0.0,-65.539,0.0,0.0,-2.23,0.0,0.0,0.22877820000000001,0.0,0.0,17.2097782,0.0,0.0
PRO  61,85.473,0.0,0.0,-3.926,0.0,0.0,-60.272,0.0,0.0,-2.156,0.0,0.0,0.64493122,0.0,0.0,19.76393122,0.0,0.0
HID  62,103.903,0.0,0.0,-7.597,0.0,0.0,-66.866,0.0,0.0,-13.632,0.0,0.0,0.45131798000000006,0.0,0.0,16.259317980000013,0.0,0.0
GLN  63,32.74,0.0,0.0,-6.112,0.0,0.0,-64.737,0.0,0.0,-15.119,0.0,0.0,0.6915378000000001,0.0,0.0,-52.536462199999995,0.0,0.0
ALA  64,88.793,0.0,0.0,-4.562,0.0,0.0,-69.913,0.0,0.0,-4.343,0.0,0.0,0.33740584,0.0,0.0,10.312405840000013,0.0,0.0
ALA  65,87.356,0.0,0.0,-7.125,0.0,0.0,-74.13,0.0,0.0,-2.695,0.0,0.0,0.03922996000000001,0.0,0.0,3.4452299599999994,0.0,0.0
ALA  66,92.033,0.0,0.0,-5.936,0.0,0.0,-81.68,0.0,0.0,-1.339,0.0,0.0,0.13009626000000002,0.0,0.0,3.208096260000002,0.0,0.0
GLN  67,43.802,0.0,0.0,-6.325,0.0,0.0,-79.451,0.0,0.0,-13.156,0.0,0.0,0.5707476800000001,0.0,0.0,-54.55925232,0.0,0.0
MET  68,92.075,0.0,0.0,-7.959,0.0,0.0,-75.961,0.0,0.0,-3.209,0.0,0.0,0.32144936,0.0,0.0,5.267449360000001,0.0,0.0
LEU  69,77.156,0.0,0.0,-10.267,0.0,0.0,-76.339,0.0,0.0,-2.741,0.0,0.0,0.017983560000000003,0.0,0.0,-12.173016439999989,0.0,0.0
LYS  70,124.83,0.0,0.0,-8.146,0.0,0.0,-123.699,0.0,0.0,-14.099,0.0,0.0,0.55936026,0.0,0.0,-20.55463974,0.0,0.0
GLU  71,112.685,0.0,0.0,-7.241,0.0,0.0,-78.509,0.0,0.0,-82.218,0.0,0.0,0.6318365,0.0,0.0,-54.6511635,0.0,0.0
THR  72,49.621,0.0,0.0,-6.572,0.0,0.0,-59.394,0.0,0.0,-4.771,0.0,0.0,0.011512080000000001,0.0,0.0,-21.10448792,0.0,0.0
ILE  73,69.305,0.0,0.0,-9.1,0.0,0.0,-48.27,0.0,0.0,-5.053,0.0,0.0,0.0028780200000000002,0.0,0.0,6.884878020000002,0.0,0.0
ASN  74,18.745,0.0,0.0,-7.652,0.0,0.0,-80.44,0.0,0.0,-8.449,0.0,0.0,0.46138292000000003,0.0,0.0,-77.33461707999999,0.0,0.0
GLU  75,107.789,0.0,0.0,-7.012,0.0,0.0,-50.246,0.0,0.0,-105.302,0.0,0.0,0.6410505000000001,0.0,0.0,-54.12994950000001,0.0,0.0
GLU  76,98.759,0.0,0.0,-11.151,0.0,0.0,-34.44,0.0,0.0,-104.181,0.0,0.0,0.16527748,0.0,0.0,-50.84772251999999,0.0,0.0
ALA  77,85.367,0.0,0.0,-7.191,0.0,0.0,-71.911,0.0,0.0,-1.874,0.0,0.0,0.042178440000000005,0.0,0.0,4.43317844,0.0,0.0
ALA  78,97.733,0.0,0.0,-5.775,0.0,0.0,-88.546,0.0,0.0,1.052,0.0,0.0,0.29331414,0.0,0.0,4.757314139999991,0.0,0.0
GLU  79,112.094,0.0,0.0,-8.344,0.0,0.0,-68.46,0.0,0.0,-88.787,0.0,0.0,0.3630587,0.0,0.0,-53.1339413,0.0,0.0
TRP  80,116.11,0.0,0.0,-17.919,0.0,0.0,-90.914,0.0,0.0,-1.324,0.0,0.0,0.1640634,0.0,0.0,6.117063400000001,0.0,0.0
ASP  81,106.672,0.0,0.0,-8.21,0.0,0.0,-80.86,0.0,0.0,-68.421,0.0,0.0,0.3313517,0.0,0.0,-50.48764830000002,0.0,0.0
ARG  82,-190.753,0.0,0.0,-6.893,0.0,0.0,-2.003,0.0,0.0,26.553,0.0,0.0,0.97208784,0.0,0.0,-172.12391216,0.0,0.0
LEU  83,66.359,0.0,0.0,-6.975,0.0,0.0,-68.866,0.0,0.0,-4.718,0.0,0.0,0.6328988200000001,0.0,0.0,-13.567101180000007,0.0,0.0
HID  84,111.079,0.0,0.0,-9.259,0.0,0.0,-81.933,0.0,0.0,-4.567,0.0,0.0,0.24091900000000002,0.0,0.0,15.560918999999986,0.0,0.0
PRO  85,88.381,0.0,0.0,-4.501,0.0,0.0,-63.355,0.0,0.0,-6.559,0.0,0.0,0.5915279600000001,0.0,0.0,14.557527959999998,0.0,0.0
VAL  86,49.873,0.0,0.0,-4.283,0.0,0.0,-51.258,0.0,0.0,-6.441,0.0,0.0,0.57805384,0.0,0.0,-11.530946160000004,0.0,0.0
HID  87,91.417,0.0,0.0,-6.84,0.0,0.0,-57.151,0.0,0.0,-12.173,0.0,0.0,0.46375688,0.0,0.0,15.716756879999995,0.0,0.0
ALA  88,88.997,0.0,0.0,-1.453,0.0,0.0,-71.612,0.0,0.0,-7.591,0.0,0.0,0.6583240400000001,0.0,0.0,8.999324040000001,0.0,0.0
GLY  89,93.082,0.0,0.0,-1.493,0.0,0.0,-77.018,0.0,0.0,-7.06,0.0,0.0,0.27443086000000005,0.0,0.0,7.785430859999998,0.0,0.0
PRO  90,85.226,0.0,0.0,-2.676,0.0,0.0,-56.878,0.0,0.0,-7.053,0.0,0.0,0.7826480000000001,0.0,0.0,19.401647999999998,0.0,0.0
ILE  91,80.571,0.0,0.0,-5.743,0.0,0.0,-55.6,0.0,0.0,-5.373,0.0,0.0,0.44859714,0.0,0.0,14.30359714,0.0,0.0
ALA  92,94.102,0.0,0.0,-3.534,0.0,0.0,-68.359,0.0,0.0,-6.494,0.0,0.0,0.3409722,0.0,0.0,16.055972200000003,0.0,0.0
PRO  93,83.713,0.0,0.0,-2.605,0.0,0.0,-58.165,0.0,0.0,-5.59,0.0,0.0,0.7320902400000001,0.0,0.0,18.085090239999992,0.0,0.0
GLY  94,72.379,0.0,0.0,-1.899,0.0,0.0,-66.013,0.0,0.0,-7.868,0.0,0.0,0.52615192,0.0,0.0,-2.8748480800000014,0.0,0.0
GLN  95,35.12,0.0,0.0,-5.767,0.0,0.0,-69.727,0.0,0.0,-16.878,0.0,0.0,0.60532728,0.0,0.0,-56.64667272000001,0.0,0.0
MET  96,107.342,0.0,0.0,-10.377,0.0,0.0,-76.664,0.0,0.0,-6.809,0.0,0.0,0.25607874,0.0,0.0,13.74807874,0.0,0.0
ARG  97,-198.269,0.0,0.0,-8.934,0.0,0.0,-11.953,0.0,0.0,31.004,0.0,0.0,0.31615944,0.0,0.0,-187.83584056,0.0,0.0
GLU  98,107.284,0.0,0.0,-7.677,0.0,0.0,-64.745,0.0,0.0,-84.82,0.0,0.0,0.3633730600000001,0.0,0.0,-49.59462694,0.0,0.0
PRO  99,95.731,0.0,0.0,-10.071,0.0,0.0,-61.511,0.0,0.0,-3.781,0.0,0.0,0.02836286,0.0,0.0,20.396362859999996,0.0,0.0
ARG 100,-186.559,0.0,0.0,-10.864,0.0,0.0,-18.388,0.0,0.0,34.462,0.0,0.0,0.22121188000000003,0.0,0.0,-181.12778812,0.0,0.0
GLY 101,78.544,0.0,0.0,-6.077,0.0,0.0,-85.045,0.0,0.0,1.183,0.0,0.0,0.0,0.0,0.0,-11.395000000000003,0.0,0.0
SER 102,78.103,0.0,0.0,-5.864,0.0,0.0,-71.556,0.0,0.0,-2.251,0.0,0.0,0.23104376000000001,0.0,0.0,-1.3369562400000072,0.0,0.0
ASP 103,95.839,0.0,0.0,-8.768,0.0,0.0,-104.479,0.0,0.0,-43.143,0.0,0.0,0.02058516,0.0,0.0,-60.53041484,0.0,0.0
ILE 104,76.723,0.0,0.0,-11.43,0.0,0.0,-61.673,0.0,0.0,-0.546,0.0,0.0,0.0,0.0,0.0,3.0740000000000043,0.0,0.0
ALA 105,85.869,0.0,0.0,-7.549,0.0,0.0,-77.64,0.0,0.0,0.185,0.0,0.0,0.01407032,0.0,0.0,0.8790703199999926,0.0,0.0
GLY 106,86.107,0.0,0.0,-4.59,0.0,0.0,-84.95,0.0,0.0,-3.519,0.0,0.0,0.043706880000000004,0.0,0.0,-6.908293120000007,0.0,0.0
THR 107,58.671,0.0,0.0,-5.565,0.0,0.0,-57.099,0.0,0.0,-7.896,0.0,0.0,0.49849366,0.0,0.0,-11.390506339999996,0.0,0.0
THR 108,43.644,0.0,0.0,-3.595,0.0,0.0,-56.654,0.0,0.0,-4.062,0.0,0.0,0.48677020000000004,0.0,0.0,-20.180229800000006,0.0,0.0
SER 109,76.759,0.0,0.0,-6.687,0.0,0.0,-70.778,0.0,0.0,-4.128,0.0,0.0,0.06299124,0.0,0.0,-4.7710087600000035,0.0,0.0
THR 110,38.969,0.0,0.0,-7.024,0.0,0.0,-40.425,0.0,0.0,-8.088,0.0,0.0,0.46155636000000005,0.0,0.0,-16.10644364,0.0,0.0
LEU 111,66.211,0.0,0.0,-10.028,0.0,0.0,-65.999,0.0,0.0,-3.885,0.0,0.0,0.2078299,0.0,0.0,-13.493170099999995,0.0,0.0
GLN 112,42.189,0.0,0.0,-6.459,0.0,0.0,-78.863,0.0,0.0,-12.272,0.0,0.0,0.74834482,0.0,0.0,-54.656655179999994,0.0,0.0
GLU 113,102.998,0.0,0.0,-8.141,0.0,0.0,-96.689,0.0,0.0,-51.342,0.0,0.0,0.19919042,0.0,0.0,-52.97480957999999,0.0,0.0
GLN 114,41.743,0.0,0.0,-11.769,0.0,0.0,-88.19,0.0,0.0,0.386,0.0,0.0,0.0,0.0,0.0,-57.82999999999999,0.0,0.0
ILE 115,84.251,0.0,0.0,-9.293,0.0,0.0,-67.591,0.0,0.0,-2.222,0.0,0.0,0.15841034,0.0,0.0,5.3034103400000046,0.0,0.0
GLY 116,73.65,0.0,0.0,-6.041,0.0,0.0,-71.783,0.0,0.0,-2.546,0.0,0.0,0.08960344,0.0,0.0,-6.6303965599999914,0.0,0.0
TRP 117,124.518,0.0,0.0,-20.604,0.0,0.0,-93.657,0.0,0.0,-2.508,0.0,0.0,0.00719234,0.0,0.0,7.756192340000005,0.0,0.0
MET 118,99.902,0.0,0.0,-11.74,0.0,0.0,-82.293,0.0,0.0,-3.662,0.0,0.0,0.13839428,0.0,0.0,2.34539428,0.0,0.0
THR 119,39.849,0.0,0.0,-5.619,0.0,0.0,-44.886,0.0,0.0,-7.629,0.0,0.0,0.42022344,0.0,0.0,-17.864776560000003,0.0,0.0
HID 120,91.618,0.0,0.0,-10.773,0.0,0.0,-59.049,0.0,0.0,-8.269,0.0,0.0,0.25447442000000003,0.0,0.0,13.781474419999999,0.0,0.0
ASN 121,44.443,0.0,0.0,-4.82,0.0,0.0,-83.201,0.0,0.0,-16.193,0.0,0.0,0.69352694,0.0,0.0,-59.07747306,0.0,0.0
PRO 122,94.457,0.0,0.0,-3.858,0.0,0.0,-58.503,0.0,0.0,-4.69,0.0,0.0,0.64437838,0.0,0.0,28.050378379999987,0.0,0.0
PRO 123,83.711,0.0,0.0,-6.428,0.0,0.0,-58.943,0.0,0.0,-4.03,0.0,0.0,0.40665718,0.0,0.0,14.716657180000002,0.0,0.0
ILE 124,92.987,0.0,0.0,-7.805,0.0,0.0,-60.135,0.0,0.0,-1.513,0.0,0.0,0.32608888,0.0,0.0,23.860088879999992,0.0,0.0
PRO 125,89.024,0.0,0.0,-6.262,0.0,0.0,-66.434,0.0,0.0,-1.191,0.0,0.0,0.32912408,0.0,0.0,15.466124080000002,0.0,0.0
VAL 126,54.467,0.0,0.0,-11.498,0.0,0.0,-55.891,0.0,0.0,-1.855,0.0,0.0,0.0,0.0,0.0,-14.776999999999997,0.0,0.0
GLY 127,73.172,0.0,0.0,-6.028,0.0,0.0,-72.04,0.0,0.0,-1.708,0.0,0.0,0.0,0.0,0.0,-6.604000000000015,0.0,0.0
GLU 128,105.024,0.0,0.0,-9.091,0.0,0.0,-107.576,0.0,0.0,-40.439,0.0,0.0,0.31804560000000004,0.0,0.0,-51.76395439999999,0.0,0.0
ILE 129,78.809,0.0,0.0,-10.3,0.0,0.0,-65.821,0.0,0.0,-1.44,0.0,0.0,0.10779296000000002,0.0,0.0,1.3557929600000025,0.0,0.0
TYR 130,91.23,0.0,0.0,-14.417,0.0,0.0,-89.465,0.0,0.0,-1.464,0.0,0.0,0.0017886000000000002,0.0,0.0,-14.114211400000002,0.0,0.0
LYS 131,145.491,0.0,0.0,-11.101,0.0,0.0,-163.492,0.0,0.0,20.586,0.0,0.0,0.059349,0.0,0.0,-8.456650999999978,0.0,0.0
ARG 132,-184.871,0.0,0.0,-9.537,0.0,0.0,35.464,0.0,0.0,-12.812,0.0,0.0,0.79698932,0.0,0.0,-170.95901068000003,0.0,0.0
TRP 133,127.714,0.0,0.0,-19.809,0.0,0.0,-92.579,0.0,0.0,-6.618,0.0,0.0,0.12635104000000003,0.0,0.0,8.834351040000007,0.0,0.0
ILE 134,88.064,0.0,0.0,-11.464,0.0,0.0,-68.232,0.0,0.0,-0.6,0.0,0.0,0.0,0.0,0.0,7.767999999999995,0.0,0.0
ILE 135,80.972,0.0,0.0,-10.345,0.0,0.0,-65.825,0.0,0.0,0.774,0.0,0.0,0.19930424,0.0,0.0,5.7753042399999925,0.0,0.0
LEU 136,70.362,0.0,0.0,-6.798,0.0,0.0,-74.353,0.0,0.0,1.437,0.0,0.0,0.49359398000000004,0.0,0.0,-8.858406020000002,0.0,0.0
GLY 137,77.31,0.0,0.0,-6.022,0.0,0.0,-78.15,0.0,0.0,0.572,0.0,0.0,0.0,0.0,0.0,-6.290000000000009,0.0,0.0
LEU 138,64.305,0.0,0.0,-12.087,0.0,0.0,-65.208,0.0,0.0,-0.782,0.0,0.0,0.0,0.0,0.0,-13.771999999999995,0.0,0.0
ASN 139,39.717,0.0,0.0,-8.157,0.0,0.0,-87.133,0.0,0.0,-8.35,0.0,0.0,0.46253196,0.0,0.0,-63.460468039999995,0.0,0.0
LYS 140,131.416,0.0,0.0,-7.939,0.0,0.0,-143.651,0.0,0.0,5.569,0.0,0.0,0.51661814,0.0,0.0,-14.088381860000007,0.0,0.0
ILE 141,94.896,0.0,0.0,-6.732,0.0,0.0,-77.354,0.0,0.0,-0.979,0.0,0.0,0.01977216,0.0,0.0,9.850772160000004,0.0,0.0
VAL 142,63.095,0.0,0.0,-8.148,0.0,0.0,-51.759,0.0,0.0,-5.583,0.0,0.0,0.10465478000000002,0.0,0.0,-2.2903452199999976,0.0,0.0
ARG 143,-197.525,0.0,0.0,-9.504,0.0,0.0,55.899,0.0,0.0,-25.537,0.0,0.0,0.7627024,0.0,0.0,-175.9042976,0.0,0.0
MET 144,85.296,0.0,0.0,-8.224,0.0,0.0,-70.229,0.0,0.0,-6.757,0.0,0.0,0.23173210000000002,0.0,0.0,0.31773210000000385,0.0,0.0
TYR 145,85.921,0.0,0.0,-6.452,0.0,0.0,-78.211,0.0,0.0,-13.642,0.0,0.0,0.9499363,0.0,0.0,-11.43406369999999,0.0,0.0
SER 146,75.337,0.0,0.0,-3.801,0.0,0.0,-53.158,0.0,0.0,-7.445,0.0,0.0,0.40271142000000004,0.0,0.0,11.335711419999999,0.0,0.0
PRO 147,89.368,0.0,0.0,-4.702,0.0,0.0,-62.944,0.0,0.0,-4.664,0.0,0.0,0.5616800200000001,0.0,0.0,17.619680019999993,0.0,0.0
THR 148,44.877,0.0,0.0,-3.628,0.0,0.0,-45.247,0.0,0.0,-10.286,0.0,0.0,0.6137337,0.0,0.0,-13.670266299999998,0.0,0.0
SER 149,59.945,0.0,0.0,-2.055,0.0,0.0,-41.499,0.0,0.0,-14.579,0.0,0.0,0.57423816,0.0,0.0,2.3862381599999978,0.0,0.0
ILE 150,62.586,0.0,0.0,1.627,0.0,0.0,-29.098,0.0,0.0,-9.33,0.0,0.0,1.25755382,0.0,0.0,27.042553819999995,0.0,0.0

Ligand:
Total Energy Decomposition:
Residue,Internal,,,van der Waals,,,Electrostatic,,,Polar Solvation,,,Non-Polar Solv.,,,TOTAL,,
,Avg.,Std. Dev.,Std. Err. of Mean,Avg.,Std. Dev.,Std. Err. of Mean,Avg.,Std. Dev.,Std. Err. of Mean,Avg.,Std. Dev.,Std. Err. of Mean,Avg.,Std. Dev.,Std. Err. of Mean,Avg.,Std. Dev.,Std. Err. of Mean
LEU   1,38.959,0.0,0.0,-2.595,0.0,0.0,-44.093,0.0,0.0,-1.625,0.0,0.0,1.12494268,0.0,0.0,-8.229057319999999,0.0,0.0
ASP   2,98.561,0.0,0.0,-3.253,0.0,0.0,-79.562,0.0,0.0,-71.93,0.0,0.0,0.68879528,0.0,0.0,-55.49520472,0.0,0.0
ILE   3,105.073,0.0,0.0,-6.698,0.0,0.0,-74.792,0.0,0.0,-2.881,0.0,0.0,0.19659424,0.0,0.0,20.898594239999998,0.0,0.0
ARG   4,-189.328,0.0,0.0,-6.867,0.0,0.0,23.791,0.0,0.0,-1.3,0.0,0.0,0.7354560600000001,0.0,0.0,-172.96854394000002,0.0,0.0
GLN   5,31.682,0.0,0.0,-10.067,0.0,0.0,-88.141,0.0,0.0,-0.8,0.0,0.0,0.04114864,0.0,0.0,-67.28485136,0.0,0.0
GLY   6,86.035,0.0,0.0,-1.964,0.0,0.0,-76.613,0.0,0.0,-2.982,0.0,0.0,0.12762474000000001,0.0,0.0,4.603624739999998,0.0,0.0
PRO   7,86.159,0.0,0.0,-4.679,0.0,0.0,-52.784,0.0,0.0,-8.144,0.0,0.0,0.5727422400000001,0.0,0.0,21.124742240000007,0.0,0.0
LYS   8,126.721,0.0,0.0,-6.732,0.0,0.0,-139.629,0.0,0.0,4.153,0.0,0.0,0.73556446,0.0,0.0,-14.751435539999989,0.0,0.0
GLU   9,111.15,0.0,0.0,-7.337,0.0,0.0,-124.438,0.0,0.0,-29.364,0.0,0.0,0.19277856,0.0,0.0,-49.796221440000004,0.0,0.0
PRO  10,79.317,0.0,0.0,-9.205,0.0,0.0,-57.775,0.0,0.0,-1.698,0.0,0.0,0.10657888000000001,0.0,0.0,10.745578879999997,0.0,0.0
PHE  11,114.205,0.0,0.0,-13.652,0.0,0.0,-77.476,0.0,0.0,-2.728,0.0,0.0,0.004314320000000001,0.0,0.0,20.353314319999996,0.0,0.0
ARG  12,-197.271,0.0,0.0,-8.769,0.0,0.0,35.748,0.0,0.0,-5.31,0.0,0.0,0.8790698,0.0,0.0,-174.7229302,0.0,0.0
ASP  13,89.284,0.0,0.0,-8.136,0.0,0.0,-93.075,0.0,0.0,-49.435,0.0,0.0,0.35186098,0.0,0.0,-61.01013902,0.0,0.0
TYR  14,97.025,0.0,0.0,-15.145,0.0,0.0,-97.152,0.0,0.0,-2.011,0.0,0.0,0.0,0.0,0.0,-17.28299999999999,0.0,0.0
VAL  15,47.39,0.0,0.0,-8.503,0.0,0.0,-52.332,0.0,0.0,0.364,0.0,0.0,0.029679920000000002,0.0,0.0,-13.05132008,0.0,0.0
ASP  16,118.612,0.0,0.0,-6.273,0.0,0.0,-133.999,0.0,0.0,-30.116,0.0,0.0,0.31565538,0.0,0.0,-51.460344619999994,0.0,0.0
ARG  17,-193.06,0.0,0.0,-10.705,0.0,0.0,15.178,0.0,0.0,3.468,0.0,0.0,0.53650412,0.0,0.0,-184.58249588000004,0.0,0.0
PHE  18,93.042,0.0,0.0,-15.301,0.0,0.0,-80.368,0.0,0.0,-0.857,0.0,0.0,0.02336562,0.0,0.0,-3.4606343799999957,0.0,0.0
TYR  19,100.709,0.0,0.0,-10.022,0.0,0.0,-87.751,0.0,0.0,-5.561,0.0,0.0,0.5618426200000001,0.0,0.0,-2.063157380000007,0.0,0.0
LYS  20,136.527,0.0,0.0,-6.772,0.0,0.0,-140.501,0.0,0.0,-8.787,0.0,0.0,0.76090838,0.0,0.0,-18.77209162000001,0.0,0.0
THR  21,47.259,0.0,0.0,-7.205,0.0,0.0,-54.879,0.0,0.0,-4.774,0.0,0.0,0.22672402000000003,0.0,0.0,-19.372275979999998,0.0,0.0
LEU  22,71.595,0.0,0.0,-9.98,0.0,0.0,-67.242,0.0,0.0,-3.974,0.0,0.0,0.09515352,0.0,0.0,-9.50584648000001,0.0,0.0
ARG  23,-191.752,0.0,0.0,-7.004,0.0,0.0,65.84,0.0,0.0,-39.748,0.0,0.0,1.13686126,0.0,0.0,-171.52713874,0.0,0.0
ALA  24,84.928,0.0,0.0,-4.466,0.0,0.0,-76.635,0.0,0.0,-6.581,0.0,0.0,0.48485152000000004,0.0,0.0,-2.2691484800000024,0.0,0.0
GLU  25,107.724,0.0,0.0,-4.094,0.0,0.0,-70.452,0.0,0.0,-82.844,0.0,0.0,0.65661132,0.0,0.0,-49.00938867999998,0.0,0.0
GLN  26,27.382,0.0,0.0,-2.714,0.0,0.0,-65.503,0.0,0.0,-16.351,0.0,0.0,0.7480304600000001,0.0,0.0,-56.43796953999999,0.0,0.0
ALA  27,95.745,0.0,0.0,-4.936,0.0,0.0,-84.863,0.0,0.0,-4.334,0.0,0.0,0.13777098000000002,0.0,0.0,1.7497709799999983,0.0,0.0
SER  28,77.47,0.0,0.0,-4.652,0.0,0.0,-64.611,0.0,0.0,-5.18,0.0,0.0,0.31942228,0.0,0.0,3.346422279999994,0.0,0.0
GLN  29,23.294,0.0,0.0,-4.657,0.0,0.0,-68.206,0.0,0.0,-9.222,0.0,0.0,0.7449302200000001,0.0,0.0,-58.04606978,0.0,0.0
GLU  30,112.86,0.0,0.0,-4.009,0.0,0.0,-75.293,0.0,0.0,-81.017,0.0,0.0,0.95943214,0.0,0.0,-46.499567860000006,0.0,0.0
VAL  31,65.839,0.0,0.0,-6.277,0.0,0.0,-57.469,0.0,0.0,-1.558,0.0,0.0,0.31285866,0.0,0.0,0.8478586599999964,0.0,0.0
LYS  32,115.894,0.0,0.0,-8.006,0.0,0.0,-92.192,0.0,0.0,-33.452,0.0,0.0,0.52196768,0.0,0.0,-17.234032319999987,0.0,0.0
ASN  33,25.807,0.0,0.0,-4.544,0.0,0.0,-81.107,0.0,0.0,-13.653,0.0,0.0,0.54592408,0.0,0.0,-72.95107592,0.0,0.0
TRP  34,121.998,0.0,0.0,-11.299,0.0,0.0,-90.803,0.0,0.0,-8.993,0.0,0.0,0.7910110600000001,0.0,0.0,11.694011060000015,0.0,0.0
MET  35,103.899,0.0,0.0,-12.189,0.0,0.0,-88.856,0.0,0.0,-0.69,0.0,0.0,0.17780852,0.0,0.0,2.3418085200000136,0.0,0.0
THR  36,42.673,0.0,0.0,-7.801,0.0,0.0,-54.915,0.0,0.0,-3.649,0.0,0.0,0.1278849,0.0,0.0,-23.5641151,0.0,0.0
GLU  37,103.182,0.0,0.0,-5.562,0.0,0.0,-64.566,0.0,0.0,-83.563,0.0,0.0,0.672622,0.0,0.0,-49.836378,0.0,0.0
THR  38,39.109,0.0,0.0,-8.61,0.0,0.0,-49.739,0.0,0.0,-0.194,0.0,0.0,0.15863256,0.0,0.0,-19.275367439999993,0.0,0.0
LEU  39,57.183,0.0,0.0,-9.01,0.0,0.0,-62.622,0.0,0.0,-0.609,0.0,0.0,0.28264216000000003,0.0,0.0,-14.775357839999998,0.0,0.0
LEU  40,85.981,0.0,0.0,-11.536,0.0,0.0,-89.485,0.0,0.0,0.222,0.0,0.0,0.0,0.0,0.0,-14.818000000000007,0.0,0.0
VAL  41,54.979,0.0,0.0,-7.855,0.0,0.0,-60.026,0.0,0.0,0.698,0.0,0.0,0.22927684,0.0,0.0,-11.974723160000007,0.0,0.0
GLN  42,27.401,0.0,0.0,-6.88,0.0,0.0,-67.831,0.0,0.0,-8.034,0.0,0.0,0.53637404,0.0,0.0,-54.80762596,0.0,0.0
ASN  43,15.706,0.0,0.0,-8.292,0.0,0.0,-77.756,0.0,0.0,-6.194,0.0,0.0,0.19081652000000002,0.0,0.0,-76.34518348,0.0,0.0
ALA  44,89.567,0.0,0.0,-6.753,0.0,0.0,-80.743,0.0,0.0,0.031,0.0,0.0,0.04460118,0.0,0.0,2.146601179999998,0.0,0.0
ASN  45,47.988,0.0,0.0,-8.667,0.0,0.0,-96.509,0.0,0.0,-4.182,0.0,0.0,0.034411580000000004,0.0,0.0,-61.33558842000001,0.0,0.0
PRO  46,81.174,0.0,0.0,-5.367,0.0,0.0,-56.734,0.0,0.0,-3.364,0.0,0.0,0.56975582,0.0,0.0,16.27875582,0.0,0.0
ASP  47,84.773,0.0,0.0,-5.537,0.0,0.0,-73.398,0.0,0.0,-65.992,0.0,0.0,0.51177808,0.0,0.0,-59.64222192000001,0.0,0.0
CYX  48,100.081,0.0,0.0,-9.373,0.0,0.0,-80.598,0.0,0.0,-1.61,0.0,0.0,0.01418956,0.0,0.0,8.51418956,0.0,0.0
LYS  49,143.094,0.0,0.0,-9.48,0.0,0.0,-113.619,0.0,0.0,-30.916,0.0,0.0,0.35286368,0.0,0.0,-10.568136319999995,0.0,0.0
THR  50,47.277,0.0,0.0,-7.015,0.0,0.0,-56.44,0.0,0.0,-6.972,0.0,0.0,0.48588674000000004,0.0,0.0,-22.664113259999997,0.0,0.0
ILE  51,72.284,0.0,0.0,-7.452,0.0,0.0,-54.682,0.0,0.0,-2.043,0.0,0.0,0.30053900000000006,0.0,0.0,8.407539000000007,0.0,0.0
LEU  52,79.653,0.0,0.0,-9.13,0.0,0.0,-72.296,0.0,0.0,-5.729,0.0,0.0,0.09874156,0.0,0.0,-7.4032584399999966,0.0,0.0
LYS  53,118.605,0.0,0.0,-6.271,0.0,0.0,-82.797,0.0,0.0,-46.207,0.0,0.0,0.9064408000000002,0.0,0.0,-15.763559199999994,0.0,0.0
ALA  54,84.335,0.0,0.0,-3.215,0.0,0.0,-71.68,0.0,0.0,-5.355,0.0,0.0,0.46334496000000003,0.0,0.0,4.548344959999983,0.0,0.0
LEU  55,72.722,0.0,0.0,-5.762,0.0,0.0,-72.824,0.0,0.0,-6.429,0.0,0.0,0.40289028000000005,0.0,0.0,-11.890109720000005,0.0,0.0
GLY  56,89.864,0.0,0.0,-2.518,0.0,0.0,-73.531,0.0,0.0,-8.002,0.0,0.0,0.14411238,0.0,0.0,5.957112379999997,0.0,0.0
PRO  57,79.738,0.0,0.0,-2.082,0.0,0.0,-52.604,0.0,0.0,-10.416,0.0,0.0,0.8082683400000001,0.0,0.0,15.444268340000006,0.0,0.0
GLY  58,69.541,0.0,0.0,-1.801,0.0,0.0,-61.927,0.0,0.0,-7.717,0.0,0.0,0.42483586,0.0,0.0,-1.4791641400000044,0.0,0.0
ALA  59,100.13,0.0,0.0,-4.373,0.0,0.0,-85.557,0.0,0.0,-4.581,0.0,0.0,0.1431422,0.0,0.0,5.762142199999988,0.0,0.0
THR  60,45.607,0.0,0.0,-5.742,0.0,0.0,-48.612,0.0,0.0,-7.911,0.0,0.0,0.44804430000000006,0.0,0.0,-16.209955700000002,0.0,0.0
LEU  61,56.966,0.0,0.0,-7.005,0.0,0.0,-62.538,0.0,0.0,-3.127,0.0,0.0,0.35466854000000003,0.0,0.0,-15.349331459999997,0.0,0.0
GLU  62,109.612,0.0,0.0,-5.121,0.0,0.0,-57.912,0.0,0.0,-98.669,0.0,0.0,0.7433584200000001,0.0,0.0,-51.34664158,0.0,0.0
GLU  63,99.411,0.0,0.0,-8.406,0.0,0.0,-46.855,0.0,0.0,-100.983,0.0,0.0,0.54649318,0.0,0.0,-56.28650682000001,0.0,0.0
MET  64,98.71,0.0,0.0,-12.0,0.0,0.0,-79.623,0.0,0.0,-1.64,0.0,0.0,0.0057560400000000005,0.0,0.0,5.452756039999989,0.0,0.0
MET  65,103.214,0.0,0.0,-9.12,0.0,0.0,-85.656,0.0,0.0,-4.358,0.0,0.0,0.45977860000000004,0.0,0.0,4.5397785999999885,0.0,0.0
THR  66,41.408,0.0,0.0,-4.625,0.0,0.0,-50.46,0.0,0.0,-4.261,0.0,0.0,0.5228674,0.0,0.0,-17.4151326,0.0,0.0
ALA  67,79.804,0.0,0.0,-5.455,0.0,0.0,-63.46,0.0,0.0,-2.894,0.0,0.0,0.2258243,0.0,0.0,8.220824300000002,0.0,0.0
CYX  68,91.226,0.0,0.0,-7.728,0.0,0.0,-78.52,0.0,0.0,0.162,0.0,0.0,0.015815560000000003,0.0,0.0,5.155815560000009,0.0,0.0
GLN  69,33.435,0.0,0.0,-6.706,0.0,0.0,-68.79,0.0,0.0,-12.742,0.0,0.0,0.6936570200000001,0.0,0.0,-54.10934298000001,0.0,0.0
GLY  70,101.196,0.0,0.0,-4.959,0.0,0.0,-86.755,0.0,0.0,-3.162,0.0,0.0,0.05662274,0.0,0.0,6.376622739999999,0.0,0.0
VAL  71,31.967,0.0,0.0,-2.227,0.0,0.0,-55.436,0.0,0.0,-63.505,0.0,0.0,0.8516717,0.0,0.0,-88.34932830000001,0.0,0.0

DELTAS:
Total Energy Decomposition:
Residue,Location,Internal,,,van der Waals,,,Electrostatic,,,Polar Solvation,,,Non-Polar Solv.,,,TOTAL,,
,,Avg.,Std. Dev.,Std. Err. of Mean,Avg.,Std. Dev.,Std. Err. of Mean,Avg.,Std. Dev.,Std. Err. of Mean,Avg.,Std. Dev.,Std. Err. of Mean,Avg.,Std. Dev.,Std. Err. of Mean
PRO   1,R PRO   1,0.0,0.0,0.0,0.0,0.0,0.0,-4.743000000000009,0.0,0.0,4.747,0.0,0.0,0.0,0.0,0.0,0.003999999999990678,0.0,0.0
ILE   2,R ILE   2,0.0,0.0,0.0,0.0,0.0,0.0,0.02599999999999625,0.0,0.0,-0.027000000000000135,0.0,0.0,0.0,0.0,0.0,-0.0010000000000047748,0.0,0.0
VAL   3,R VAL   3,0.0,0.0,0.0,0.0,0.0,0.0,-0.008000000000002672,0.0,0.0,0.008000000000000007,0.0,0.0,0.0,0.0,0.0,-1.7763568394002505e-15,0.0,0.0
GLN   4,R GLN   4,0.0,0.0,0.0,0.0,0.0,0.0,-0.054999999999999716,0.0,0.0,0.054999999999999716,0.0,0.0,0.0,0.0,0.0,0.0,0.0,0.0
ASN   5,R ASN   5,0.0,0.0,0.0,0.0,0.0,0.0,0.045000000000001705,0.0,0.0,-0.04499999999999993,0.0,0.0,0.0,0.0,0.0,0.0,0.0,0.0
LEU   6,R LEU   6,0.0,0.0,0.0,0.0,0.0,0.0,0.015000000000000568,0.0,0.0,-0.015000000000000568,0.0,0.0,0.0,0.0,0.0,0.0,0.0,0.0
GLN   7,R GLN   7,0.0,0.0,0.0,0.0,0.0,0.0,0.018999999999991246,0.0,0.0,-0.018000000000000682,0.0,0.0,0.0,0.0,0.0,0.000999999999990564,0.0,0.0
GLY   8,R GLY   8,0.0,0.0,0.0,0.0,0.0,0.0,0.014000000000010004,0.0,0.0,-0.01499999999999968,0.0,0.0,0.0,0.0,0.0,-0.0009999999999896758,0.0,0.0
GLN   9,R GLN   9,0.0,0.0,0.0,0.0,0.0,0.0,0.04599999999999227,0.0,0.0,-0.04600000000000115,0.0,0.0,0.0,0.0,0.0,-7.105427357601002e-15,0.0,0.0
MET  10,R MET  10,0.0,0.0,0.0,0.0,0.0,0.0,-0.033999999999991815,0.0,0.0,0.03500000000000014,0.0,0.0,0.0,0.0,0.0,0.0010000000000083276,0.0,0.0
VAL  11,R VAL  11,0.0,0.0,0.0,0.0,0.0,0.0,0.028000000000005798,0.0,0.0,-0.028000000000000025,0.0,0.0,0.0,0.0,0.0,5.329070518200751e-15,0.0,0.0
HID  12,R HID  12,0.0,0.0,0.0,0.0,0.0,0.0,-0.03999999999999915,0.0,0.0,0.03900000000000148,0.0,0.0,0.0,0.0,0.0,-0.0009999999999976694,0.0,0.0
GLN  13,R GLN  13,0.0,0.0,0.0,0.0,0.0,0.0,0.006000000000000227,0.0,0.0,-0.005000000000000782,0.0,0.0,0.0,0.0,0.0,0.0009999999999976694,0.0,0.0
ALA  14,R ALA  14,0.0,0.0,0.0,0.0,0.0,0.0,-0.0049999999999954525,0.0,0.0,0.006000000000000005,0.0,0.0,0.0,0.0,0.0,0.0010000000000038867,0.0,0.0
ILE  15,R ILE  15,0.0,0.0,0.0,-0.0010000000000012221,0.0,0.0,0.006000000000000227,0.0,0.0,-0.004999999999999893,0.0,0.0,0.0,0.0,0.0,-4.440892098500626e-15,0.0,0.0
SER  16,R SER  16,0.0,0.0,0.0,0.0,0.0,0.0,-0.0589999999999975,0.0,0.0,0.05799999999999983,0.0,0.0,0.0,0.0,0.0,-0.0009999999999976694,0.0,0.0
PRO  17,R PRO  17,0.0,0.0,0.0,0.0,0.0,0.0,-0.06500000000000483,0.0,0.0,0.06399999999999961,0.0,0.0,0.0,0.0,0.0,-0.0010000000000083276,0.0,0.0
ARG  18,R ARG  18,0.0,0.0,0.0,-0.001000000000000334,0.0,0.0,-4.206000000000003,0.0,0.0,4.222000000000001,0.0,0.0,0.0,0.0,0.0,0.014999999999986358,0.0,0.0
THR  19,R THR  19,0.0,0.0,0.0,-0.0010000000000012221,0.0,0.0,-0.07699999999999818,0.0,0.0,0.08000000000000007,0.0,0.0,0.0,0.0,0.0,0.0020000000000024443,0.0,0.0
LEU  20,R LEU  20,0.0,0.0,0.0,-0.0010000000000012221,0.0,0.0,-0.16400000000000148,0.0,0.0,0.16199999999999992,0.0,0.0,0.0,0.0,0.0,-0.0029999999999983373,0.0,0.0
ASN  21,R ASN  21,0.0,0.0,0.0,-0.001000000000000334,0.0,0.0,-0.19700000000000273,0.0,0.0,0.19900000000000162,0.0,0.0,0.0,0.0,0.0,0.000999999999990564,0.0,0.0
ALA  22,R ALA  22,0.0,0.0,0.0,-0.0019999999999997797,0.0,0.0,-0.375,0.0,0.0,0.3770000000000002,0.0,0.0,0.0,0.0,0.0,-8.881784197001252e-15,0.0,0.0
TRP  23,R TRP  23,0.0,0.0,0.0,-0.011000000000002785,0.0,0.0,-0.5120000000000005,0.0,0.0,0.5129999999999999,0.0,0.0,0.0,0.0,0.0,-0.010000000000012221,0.0,0.0
VAL  24,R VAL  24,0.0,0.0,0.0,-0.006000000000000227,0.0,0.0,-0.4399999999999977,0.0,0.0,0.44200000000000017,0.0,0.0,0.0,0.0,0.0,-0.003999999999997783,0.0,0.0
LYS  25,R LYS  25,0.0,0.0,0.0,-0.013000000000000789,0.0,0.0,-2.9750000000000085,0.0,0.0,3.0720000000000027,0.0,0.0,0.0,0.0,0.0,0.08399999999998897,0.0,0.0
VAL  26,R VAL  26,0.0,0.0,0.0,-0.03300000000000125,0.0,0.0,-1.242999999999995,0.0,0.0,1.2089999999999999,0.0,0.0,0.0,0.0,0.0,-0.06699999999999662,0.0,0.0
VAL  27,R VAL  27,0.0,0.0,0.0,-0.02799999999999958,0.0,0.0,-0.9440000000000026,0.0,0.0,0.9720000000000002,0.0,0.0,0.0,0.0,0.0,-1.7763568394002505e-15,0.0,0.0
GLU  28,R GLU  28,0.0,0.0,0.0,-0.0389999999999997,0.0,0.0,1.2190000000000083,0.0,0.0,-1.1169999999999902,0.0,0.0,0.0,0.0,0.0,0.0630000000000166,0.0,0.0
GLU  29,R GLU  29,0.0,0.0,0.0,0.2159999999999993,0.0,0.0,-9.254000000000005,0.0,0.0,8.650999999999996,0.0,0.0,-0.07682307999999993,0.0,0.0,-0.4638230800000187,0.0,0.0
LYS  30,R LYS  30,0.0,0.0,0.0,-0.7230000000000008,0.0,0.0,8.463000000000008,0.0,0.0,-7.215000000000001,0.0,0.0,-0.004319740000000016,0.0,0.0,0.520680260000006,0.0,0.0
ALA  31,R ALA  31,0.0,0.0,0.0,-0.4820000000000002,0.0,0.0,-4.709000000000003,0.0,0.0,4.680999999999999,0.0,0.0,-0.024910320000000003,0.0,0.0,-0.5349103200000029,0.0,0.0
PHE  32,R PHE  32,0.0,0.0,0.0,-1.8550000000000004,0.0,0.0,-0.4590000000000032,0.0,0.0,2.0950000000000006,0.0,0.0,-0.15619898,0.0,0.0,-0.37519898000000396,0.0,0.0
SER  33,R SER  33,0.0,0.0,0.0,-2.4830000000000005,0.0,0.0,-6.197999999999993,0.0,0.0,6.611,0.0,0.0,-0.27250134000000004,0.0,0.0,-2.3425013399999965,0.0,0.0
PRO  34,R PRO  34,0.0,0.0,0.0,-1.6479999999999997,0.0,0.0,-0.654999999999994,0.0,0.0,0.8369999999999997,0.0,0.0,-0.18363501999999998,0.0,0.0,-1.6496350199999892,0.0,0.0
GLU  35,R GLU  35,0.0,0.0,0.0,-1.2890000000000006,0.0,0.0,-27.810000000000002,0.0,0.0,26.891,0.0,0.0,-0.2064532200000001,0.0,0.0,-2.4144532200000057,0.0,0.0
VAL  36,R VAL  36,0.0,0.0,0.0,-0.0860000000000003,0.0,0.0,0.26599999999999824,0.0,0.0,-0.233,0.0,0.0,0.0,0.0,0.0,-0.05299999999999905,0.0,0.0
ILE  37,R ILE  37,0.0,0.0,0.0,-0.041999999999999815,0.0,0.0,-0.17599999999999483,0.0,0.0,0.20199999999999996,0.0,0.0,0.0,0.0,0.0,-0.015999999999994685,0.0,0.0
PRO  38,R PRO  38,0.0,0.0,0.0,-0.026999999999999247,0.0,0.0,0.2569999999999979,0.0,0.0,-0.246,0.0,0.0,0.0,0.0,0.0,-0.016000000000003567,0.0,0.0
MET  39,R MET  39,0.0,0.0,0.0,-0.025000000000000355,0.0,0.0,-0.1010000000000133,0.0,0.0,0.129,0.0,0.0,0.0,0.0,0.0,0.0029999999999805738,0.0,0.0
PHE  40,R PHE  40,0.0,0.0,0.0,-0.009000000000000341,0.0,0.0,0.07600000000000762,0.0,0.0,-0.06699999999999995,0.0,0.0,0.0,0.0,0.0,7.105427357601002e-15,0.0,0.0
SER  41,R SER  41,0.0,0.0,0.0,-0.0030000000000001137,0.0,0.0,0.034000000000006025,0.0,0.0,-0.02099999999999902,0.0,0.0,0.0,0.0,0.0,0.010000000000006892,0.0,0.0
ALA  42,R ALA  42,0.0,0.0,0.0,-0.0019999999999997797,0.0,0.0,0.17100000000000648,0.0,0.0,-0.16500000000000004,0.0,0.0,0.0,0.0,0.0,0.004000000000010218,0.0,0.0
LEU  43,R LEU  43,0.0,0.0,0.0,-0.0029999999999983373,0.0,0.0,0.14500000000001023,0.0,0.0,-0.13900000000000023,0.0,0.0,0.0,0.0,0.0,0.0030000000000089955,0.0,0.0
SER  44,R SER  44,0.0,0.0,0.0,-0.0009999999999994458,0.0,0.0,0.1670000000000016,0.0,0.0,-0.16199999999999992,0.0,0.0,0.0,0.0,0.0,0.004000000000011106,0.0,0.0
GLU  45,R GLU  45,0.0,0.0,0.0,-0.001000000000000334,0.0,0.0,5.353000000000009,0.0,0.0,-5.353000000000009,0.0,0.0,0.0,0.0,0.0,-0.000999999999990564,0.0,0.0
GLY  46,R GLY  46,0.0,0.0,0.0,0.0,0.0,0.0,-0.058000000000006935,0.0,0.0,0.05700000000000005,0.0,0.0,0.0,0.0,0.0,-0.0010000000000065512,0.0,0.0
ALA  47,R ALA  47,0.0,0.0,0.0,-0.001000000000000334,0.0,0.0,0.05299999999999727,0.0,0.0,-0.052000000000000046,0.0,0.0,0.0,0.0,0.0,-7.549516567451064e-15,0.0,0.0
THR  48,R THR  48,0.0,0.0,0.0,-0.0009999999999994458,0.0,0.0,-0.014000000000002899,0.0,0.0,0.014000000000000012,0.0,0.0,0.0,0.0,0.0,-0.0010000000000012221,0.0,0.0
PRO  49,R PRO  49,0.0,0.0,0.0,0.0,0.0,0.0,-0.017000000000003013,0.0,0.0,0.016000000000000014,0.0,0.0,0.0,0.0,0.0,-0.0010000000000029985,0.0,0.0
GLN  50,R GLN  50,0.0,0.0,0.0,0.0,0.0,0.0,0.04899999999999238,0.0,0.0,-0.04899999999999949,0.0,0.0,0.0,0.0,0.0,-1.4210854715202004e-14,0.0,0.0
ASP  51,R ASP  51,0.0,0.0,0.0,-0.0010000000000012221,0.0,0.0,4.701999999999998,0.0,0.0,-4.704999999999998,0.0,0.0,0.0,0.0,0.0,-0.0040000000000048885,0.0,0.0
LEU  52,R LEU  52,0.0,0.0,0.0,-0.0010000000000012221,0.0,0.0,-0.07099999999999795,0.0,0.0,0.07100000000000006,0.0,0.0,0.0,0.0,0.0,-0.0009999999999976694,0.0,0.0
ASN  53,R ASN  53,0.0,0.0,0.0,0.0,0.0,0.0,0.03499999999999659,0.0,0.0,-0.03399999999999981,0.0,0.0,0.0,0.0,0.0,0.0010000000000047748,0.0,0.0
THR  54,R THR  54,0.0,0.0,0.0,-0.001000000000000334,0.0,0.0,-0.032999999999994145,0.0,0.0,0.03299999999999992,0.0,0.0,0.0,0.0,0.0,-0.0009999999999976694,0.0,0.0
MET  55,R MET  55,0.0,0.0,0.0,-0.0019999999999988916,0.0,0.0,-0.009000000000000341,0.0,0.0,0.01100000000000012,0.0,0.0,0.0,0.0,0.0,4.440892098500626e-15,0.0,0.0
LEU  56,R LEU  56,0.0,0.0,0.0,-0.0030000000000001137,0.0,0.0,-0.07600000000000762,0.0,0.0,0.07599999999999985,0.0,0.0,0.0,0.0,0.0,-0.003000000000007219,0.0,0.0
ASN  57,R ASN  57,0.0,0.0,0.0,-0.001000000000000334,0.0,0.0,0.06199999999999761,0.0,0.0,-0.058999999999999275,0.0,0.0,0.0,0.0,0.0,0.001999999999995339,0.0,0.0
THR  58,R THR  58,0.0,0.0,0.0,-0.001000000000000334,0.0,0.0,-0.07399999999999807,0.0,0.0,0.07900000000000063,0.0,0.0,0.0,0.0,0.0,0.0040000000000048885,0.0,0.0
VAL  59,R VAL  59,0.0,0.0,0.0,-0.004999999999999005,0.0,0.0,-0.03900000000000148,0.0,0.0,0.04599999999999982,0.0,0.0,0.0,0.0,0.0,0.001999999999995339,0.0,0.0
ALA  60,R ALA  60,0.0,0.0,0.0,-0.001000000000000334,0.0,0.0,0.019000000000005457,0.0,0.0,-0.014000000000000234,0.0,0.0,0.0,0.0,0.0,0.004000000000001336,0.0,0.0
PRO  61,R PRO  61,0.0,0.0,0.0,-0.0029999999999996696,0.0,0.0,0.08500000000000085,0.0,0.0,-0.07699999999999996,0.0,0.0,0.0,0.0,0.0,0.004999999999999005,0.0,0.0
HID  62,R HID  62,0.0,0.0,0.0,-0.0129999999999999,0.0,0.0,-0.2540000000000049,0.0,0.0,0.31700000000000017,0.0,0.0,0.0,0.0,0.0,0.04999999999999005,0.0,0.0
GLN  63,R GLN  63,0.0,0.0,0.0,-0.004999999999999893,0.0,0.0,0.024999999999991473,0.0,0.0,-0.0039999999999995595,0.0,0.0,0.0,0.0,0.0,0.015999999999998238,0.0,0.0
ALA  64,R ALA  64,0.0,0.0,0.0,-0.008000000000000007,0.0,0.0,0.22699999999998965,0.0,0.0,-0.20199999999999996,0.0,0.0,0.0,0.0,0.0,0.01699999999999413,0.0,0.0
ALA  65,R ALA  65,0.0,0.0,0.0,-0.009000000000000341,0.0,0.0,0.30100000000000193,0.0,0.0,-0.28900000000000015,0.0,0.0,0.0,0.0,0.0,0.003000000000001446,0.0,0.0
ALA  66,R ALA  66,0.0,0.0,0.0,-0.004000000000000448,0.0,0.0,0.10300000000000864,0.0,0.0,-0.09800000000000009,0.0,0.0,0.0,0.0,0.0,0.0010000000000034426,0.0,0.0
GLN  67,R GLN  67,0.0,0.0,0.0,-0.004999999999999893,0.0,0.0,0.1529999999999916,0.0,0.0,-0.13100000000000023,0.0,0.0,0.0,0.0,0.0,0.016999999999995907,0.0,0.0
MET  68,R MET  68,0.0,0.0,0.0,-0.015000000000000568,0.0,0.0,0.3580000000000041,0.0,0.0,-0.33199999999999985,0.0,0.0,0.0,0.0,0.0,0.011000000000002785,0.0,0.0
LEU  69,R LEU  69,0.0,0.0,0.0,-0.006999999999999673,0.0,0.0,0.21099999999999852,0.0,0.0,-0.21300000000000008,0.0,0.0,0.0,0.0,0.0,-0.009000000000007446,0.0,0.0
LYS  70,R LYS  70,0.0,0.0,0.0,-0.0019999999999988916,0.0,0.0,-5.471999999999994,0.0,0.0,5.475,0.0,0.0,0.0,0.0,0.0,0.0010000000000047748,0.0,0.0
GLU  71,R GLU  71,0.0,0.0,0.0,-0.0030000000000001137,0.0,0.0,6.6569999999999965,0.0,0.0,-6.647999999999996,0.0,0.0,0.0,0.0,0.0,0.006000000000000227,0.0,0.0
THR  72,R THR  72,0.0,0.0,0.0,-0.0039999999999995595,0.0,0.0,0.22800000000000153,0.0,0.0,-0.2240000000000002,0.0,0.0,0.0,0.0,0.0,3.552713678800501e-15,0.0,0.0
ILE  73,R ILE  73,0.0,0.0,0.0,-0.002000000000000668,0.0,0.0,0.08100000000000307,0.0,0.0,-0.07899999999999974,0.0,0.0,0.0,0.0,0.0,8.881784197001252e-16,0.0,0.0
ASN  74,R ASN  74,0.0,0.0,0.0,-0.0009999999999994458,0.0,0.0,-0.09900000000000375,0.0,0.0,0.0990000000000002,0.0,0.0,0.0,0.0,0.0,-0.0010000000000047748,0.0,0.0
GLU  75,R GLU  75,0.0,0.0,0.0,-0.002000000000000668,0.0,0.0,7.501000000000005,0.0,0.0,-7.49199999999999,0.0,0.0,0.0,0.0,0.0,0.007000000000019213,0.0,0.0
GLU  76,R GLU  76,0.0,0.0,0.0,-0.002000000000000668,0.0,0.0,7.974999999999998,0.0,0.0,-7.956000000000003,0.0,0.0,0.0,0.0,0.0,0.016999999999981696,0.0,0.0
ALA  77,R ALA  77,0.0,0.0,0.0,0.0,0.0,0.0,-0.010000000000005116,0.0,0.0,0.010000000000000009,0.0,0.0,0.0,0.0,0.0,-4.440892098500626e-15,0.0,0.0
ALA  78,R ALA  78,0.0,0.0,0.0,-0.0009999999999994458,0.0,0.0,-0.0799999999999983,0.0,0.0,0.07899999999999996,0.0,0.0,0.0,0.0,0.0,-0.0019999999999882334,0.0,0.0
GLU  79,R GLU  79,0.0,0.0,0.0,-0.0010000000000012221,0.0,0.0,7.68099999999999,0.0,0.0,-7.671999999999997,0.0,0.0,0.0,0.0,0.0,0.00799999999998846,0.0,0.0
TRP  80,R TRP  80,0.0,0.0,0.0,-0.0010000000000012221,0.0,0.0,0.028000000000005798,0.0,0.0,-0.028000000000000025,0.0,0.0,0.0,0.0,0.0,-0.0009999999999994458,0.0,0.0
ASP  81,R ASP  81,0.0,0.0,0.0,-0.0009999999999994458,0.0,0.0,5.7309999999999945,0.0,0.0,-5.72999999999999,0.0,0.0,0.0,0.0,0.0,1.4210854715202004e-14,0.0,0.0
ARG  82,R ARG  82,0.0,0.0,0.0,-0.001000000000000334,0.0,0.0,-7.177,0.0,0.0,7.172000000000001,0.0,0.0,0.0,0.0,0.0,-0.006000000000000227,0.0,0.0
LEU  83,R LEU  83,0.0,0.0,0.0,-0.001000000000000334,0.0,0.0,-0.06300000000000239,0.0,0.0,0.06200000000000028,0.0,0.0,0.0,0.0,0.0,-0.0019999999999988916,0.0,0.0
HID  84,R HID  84,0.0,0.0,0.0,-0.0009999999999994458,0.0,0.0,-0.01099999999999568,0.0,0.0,0.01100000000000012,0.0,0.0,0.0,0.0,0.0,-0.0010000000000012221,0.0,0.0
PRO  85,R PRO  85,0.0,0.0,0.0,-0.0009999999999994458,0.0,0.0,0.0030000000000001137,0.0,0.0,-0.0019999999999997797,0.0,0.0,0.0,0.0,0.0,1.0658141036401503e-14,0.0,0.0
VAL  86,R VAL  86,0.0,0.0,0.0,0.0,0.0,0.0,0.005000000000002558,0.0,0.0,-0.004999999999999893,0.0,0.0,0.0,0.0,0.0,1.7763568394002505e-15,0.0,0.0
HID  87,R HID  87,0.0,0.0,0.0,0.0,0.0,0.0,0.02400000000000091,0.0,0.0,-0.022999999999999687,0.0,0.0,0.0,0.0,0.0,0.0010000000000012221,0.0,0.0
ALA  88,R ALA  88,0.0,0.0,0.0,0.0,0.0,0.0,-0.027000000000001023,0.0,0.0,0.027000000000000135,0.0,0.0,0.0,0.0,0.0,0.0,0.0,0.0
GLY  89,R GLY  89,0.0,0.0,0.0,0.0,0.0,0.0,0.04099999999999682,0.0,0.0,-0.04100000000000037,0.0,0.0,0.0,0.0,0.0,-3.552713678800501e-15,0.0,0.0
PRO  90,R PRO  90,0.0,0.0,0.0,0.0,0.0,0.0,0.0379999999999967,0.0,0.0,-0.038000000000000256,0.0,0.0,0.0,0.0,0.0,-3.552713678800501e-15,0.0,0.0
ILE  91,R ILE  91,0.0,0.0,0.0,0.0,0.0,0.0,-0.045000000000001705,0.0,0.0,0.04400000000000048,0.0,0.0,0.0,0.0,0.0,-0.0010000000000012221,0.0,0.0
ALA  92,R ALA  92,0.0,0.0,0.0,0.0,0.0,0.0,0.013999999999995794,0.0,0.0,-0.014000000000000234,0.0,0.0,0.0,0.0,0.0,-3.552713678800501e-15,0.0,0.0
PRO  93,R PRO  93,0.0,0.0,0.0,0.0,0.0,0.0,0.036000000000001364,0.0,0.0,-0.03699999999999992,0.0,0.0,0.0,0.0,0.0,-0.0009999999999976694,0.0,0.0
GLY  94,R GLY  94,0.0,0.0,0.0,0.0,0.0,0.0,0.015000000000000568,0.0,0.0,-0.016000000000000014,0.0,0.0,0.0,0.0,0.0,-0.0009999999999994458,0.0,0.0
GLN  95,R GLN  95,0.0,0.0,0.0,0.0,0.0,0.0,0.029000000000010573,0.0,0.0,-0.028999999999999915,0.0,0.0,0.0,0.0,0.0,1.4210854715202004e-14,0.0,0.0
MET  96,R MET  96,0.0,0.0,0.0,0.0,0.0,0.0,-0.04200000000000159,0.0,0.0,0.04100000000000037,0.0,0.0,0.0,0.0,0.0,-0.0010000000000012221,0.0,0.0
ARG  97,R ARG  97,0.0,0.0,0.0,0.0,0.0,0.0,-4.890000000000001,0.0,0.0,4.889999999999997,0.0,0.0,0.0,0.0,0.0,2.842170943040401e-14,0.0,0.0
GLU  98,R GLU  98,0.0,0.0,0.0,0.0,0.0,0.0,5.272000000000006,0.0,0.0,-5.271000000000001,0.0,0.0,0.0,0.0,0.0,0.0010000000000047748,0.0,0.0
PRO  99,R PRO  99,0.0,0.0,0.0,0.0,0.0,0.0,0.02300000000000324,0.0,0.0,-0.022999999999999687,0.0,0.0,0.0,0.0,0.0,3.552713678800501e-15,0.0,0.0
ARG 100,R ARG 100,0.0,0.0,0.0,0.0,0.0,0.0,-5.430999999999997,0.0,0.0,5.430999999999997,0.0,0.0,0.0,0.0,0.0,0.0,0.0,0.0
GLY 101,R GLY 101,0.0,0.0,0.0,0.0,0.0,0.0,0.001999999999995339,0.0,0.0,-0.001000000000000112,0.0,0.0,0.0,0.0,0.0,0.000999999999995893,0.0,0.0
SER 102,R SER 102,0.0,0.0,0.0,0.0,0.0,0.0,0.007999999999995566,0.0,0.0,-0.008000000000000007,0.0,0.0,0.0,0.0,0.0,-4.440892098500626e-15,0.0,0.0
ASP 103,R ASP 103,0.0,0.0,0.0,-0.0009999999999994458,0.0,0.0,5.117999999999995,0.0,0.0,-5.119,0.0,0.0,0.0,0.0,0.0,-0.0020000000000095497,0.0,0.0
ILE 104,R ILE 104,0.0,0.0,0.0,0.0,0.0,0.0,-0.05999999999999517,0.0,0.0,0.06000000000000005,0.0,0.0,0.0,0.0,0.0,5.329070518200751e-15,0.0,0.0
ALA 105,R ALA 105,0.0,0.0,0.0,0.0,0.0,0.0,-0.03300000000000125,0.0,0.0,0.032,0.0,0.0,0.0,0.0,0.0,-0.0010000000000013332,0.0,0.0
GLY 106,R GLY 106,0.0,0.0,0.0,0.0,0.0,0.0,-0.033999999999991815,0.0,0.0,0.03400000000000025,0.0,0.0,0.0,0.0,0.0,8.881784197001252e-15,0.0,0.0
THR 107,R THR 107,0.0,0.0,0.0,-0.0009999999999994458,0.0,0.0,-0.07100000000000506,0.0,0.0,0.07099999999999973,0.0,0.0,0.0,0.0,0.0,-0.0010000000000083276,0.0,0.0
THR 108,R THR 108,0.0,0.0,0.0,0.0,0.0,0.0,-0.005999999999993122,0.0,0.0,0.004999999999999893,0.0,0.0,0.0,0.0,0.0,-0.0009999999999941167,0.0,0.0
SER 109,R SER 109,0.0,0.0,0.0,0.0,0.0,0.0,-0.024999999999991473,0.0,0.0,0.0259999999999998,0.0,0.0,0.0,0.0,0.0,0.0010000000000083276,0.0,0.0
THR 110,R THR 110,0.0,0.0,0.0,0.0,0.0,0.0,0.06299999999999528,0.0,0.0,-0.06300000000000061,0.0,0.0,0.0,0.0,0.0,-3.552713678800501e-15,0.0,0.0
LEU 111,R LEU 111,0.0,0.0,0.0,0.0,0.0,0.0,0.031999999999996476,0.0,0.0,-0.03100000000000014,0.0,0.0,0.0,0.0,0.0,0.000999999999995893,0.0,0.0
GLN 112,R GLN 112,0.0,0.0,0.0,-0.001000000000000334,0.0,0.0,0.036000000000001364,0.0,0.0,-0.03599999999999959,0.0,0.0,0.0,0.0,0.0,-0.0010000000000047748,0.0,0.0
GLU 113,R GLU 113,0.0,0.0,0.0,0.0,0.0,0.0,4.784999999999997,0.0,0.0,-4.785000000000004,0.0,0.0,0.0,0.0,0.0,-7.105427357601002e-15,0.0,0.0
GLN 114,R GLN 114,0.0,0.0,0.0,0.0,0.0,0.0,0.01099999999999568,0.0,0.0,-0.01100000000000001,0.0,0.0,0.0,0.0,0.0,-7.105427357601002e-15,0.0,0.0
ILE 115,R ILE 115,0.0,0.0,0.0,0.0,0.0,0.0,0.031999999999996476,0.0,0.0,-0.03200000000000003,0.0,0.0,0.0,0.0,0.0,-3.552713678800501e-15,0.0,0.0
GLY 116,R GLY 116,0.0,0.0,0.0,0.0,0.0,0.0,-0.0040000000000048885,0.0,0.0,0.0040000000000000036,0.0,0.0,0.0,0.0,0.0,-5.329070518200751e-15,0.0,0.0
TRP 117,R TRP 117,0.0,0.0,0.0,0.0,0.0,0.0,0.006000000000000227,0.0,0.0,-0.007000000000000117,0.0,0.0,0.0,0.0,0.0,-0.001000000000000334,0.0,0.0
MET 118,R MET 118,0.0,0.0,0.0,0.0,0.0,0.0,-0.006000000000000227,0.0,0.0,0.005999999999999783,0.0,0.0,0.0,0.0,0.0,-4.440892098500626e-16,0.0,0.0
THR 119,R THR 119,0.0,0.0,0.0,0.0,0.0,0.0,-0.0519999999999996,0.0,0.0,0.0519999999999996,0.0,0.0,0.0,0.0,0.0,0.0,0.0,0.0
HID 120,R HID 120,0.0,0.0,0.0,0.0,0.0,0.0,-0.045000000000001705,0.0,0.0,0.045999999999999375,0.0,0.0,0.0,0.0,0.0,0.0009999999999976694,0.0,0.0
ASN 121,R ASN 121,0.0,0.0,0.0,0.0,0.0,0.0,-0.04000000000000625,0.0,0.0,0.0400000000000027,0.0,0.0,0.0,0.0,0.0,0.0,0.0,0.0
PRO 122,R PRO 122,0.0,0.0,0.0,0.0,0.0,0.0,-0.028999999999996362,0.0,0.0,0.029000000000000803,0.0,0.0,0.0,0.0,0.0,3.552713678800501e-15,0.0,0.0
PRO 123,R PRO 123,0.0,0.0,0.0,0.0,0.0,0.0,0.055999999999997385,0.0,0.0,-0.05600000000000005,0.0,0.0,0.0,0.0,0.0,-1.7763568394002505e-15,0.0,0.0
ILE 124,R ILE 124,0.0,0.0,0.0,0.0,0.0,0.0,-0.04899999999999949,0.0,0.0,0.04899999999999993,0.0,0.0,0.0,0.0,0.0,0.0,0.0,0.0
PRO 125,R PRO 125,0.0,0.0,0.0,0.0,0.0,0.0,0.055999999999997385,0.0,0.0,-0.05600000000000005,0.0,0.0,0.0,0.0,0.0,-1.7763568394002505e-15,0.0,0.0
VAL 126,R VAL 126,0.0,0.0,0.0,0.0,0.0,0.0,0.06899999999999551,0.0,0.0,-0.06899999999999995,0.0,0.0,0.0,0.0,0.0,-3.552713678800501e-15,0.0,0.0
GLY 127,R GLY 127,0.0,0.0,0.0,0.0,0.0,0.0,0.05700000000000216,0.0,0.0,-0.05699999999999994,0.0,0.0,0.0,0.0,0.0,2.6645352591003757e-15,0.0,0.0
GLU 128,R GLU 128,0.0,0.0,0.0,-0.0010000000000012221,0.0,0.0,5.8219999999999885,0.0,0.0,-5.822000000000003,0.0,0.0,0.0,0.0,0.0,-0.0010000000000189857,0.0,0.0
ILE 129,R ILE 129,0.0,0.0,0.0,-0.0009999999999994458,0.0,0.0,0.12600000000000477,0.0,0.0,-0.1260000000000001,0.0,0.0,0.0,0.0,0.0,-0.001000000000000112,0.0,0.0
TYR 130,R TYR 130,0.0,0.0,0.0,-0.002000000000000668,0.0,0.0,0.10900000000000887,0.0,0.0,-0.10899999999999999,0.0,0.0,0.0,0.0,0.0,-0.001999999999986457,0.0,0.0
LYS 131,R LYS 131,0.0,0.0,0.0,-0.0029999999999983373,0.0,0.0,-5.501000000000005,0.0,0.0,5.513000000000002,0.0,0.0,0.0,0.0,0.0,0.008999999999982577,0.0,0.0
ARG 132,R ARG 132,0.0,0.0,0.0,-0.0019999999999988916,0.0,0.0,-6.686,0.0,0.0,6.685,0.0,0.0,0.0,0.0,0.0,-0.002999999999985903,0.0,0.0
TRP 133,R TRP 133,0.0,0.0,0.0,-0.0030000000000001137,0.0,0.0,0.05499999999999261,0.0,0.0,-0.05099999999999927,0.0,0.0,0.0,0.0,0.0,0.0009999999999923403,0.0,0.0
ILE 134,R ILE 134,0.0,0.0,0.0,-0.0039999999999995595,0.0,0.0,0.10999999999999943,0.0,0.0,-0.10699999999999998,0.0,0.0,0.0,0.0,0.0,-0.001000000000005663,0.0,0.0
ILE 135,R ILE 135,0.0,0.0,0.0,-0.008999999999998565,0.0,0.0,0.23100000000000875,0.0,0.0,-0.236,0.0,0.0,0.0,0.0,0.0,-0.013999999999991353,0.0,0.0
LEU 136,R LEU 136,0.0,0.0,0.0,-0.008000000000000007,0.0,0.0,0.31099999999999284,0.0,0.0,-0.29300000000000015,0.0,0.0,0.0,0.0,0.0,0.00999999999999801,0.0,0.0
GLY 137,R GLY 137,0.0,0.0,0.0,-0.005999999999999339,0.0,0.0,0.22800000000000864,0.0,0.0,-0.22199999999999998,0.0,0.0,0.0,0.0,0.0,7.993605777301127e-15,0.0,0.0
LEU 138,R LEU 138,0.0,0.0,0.0,-0.028999999999999915,0.0,0.0,0.1280000000000001,0.0,0.0,-0.10699999999999998,0.0,0.0,0.0,0.0,0.0,-0.007999999999995566,0.0,0.0
ASN 139,R ASN 139,0.0,0.0,0.0,-0.04800000000000004,0.0,0.0,2.054000000000002,0.0,0.0,-1.8559999999999999,0.0,0.0,0.0,0.0,0.0,0.14999999999999858,0.0,0.0
LYS 140,R LYS 140,0.0,0.0,0.0,-0.043999999999999595,0.0,0.0,-8.558999999999997,0.0,0.0,8.677,0.0,0.0,0.0,0.0,0.0,0.07399999999999274,0.0,0.0
ILE 141,R ILE 141,0.0,0.0,0.0,-0.10099999999999998,0.0,0.0,-0.47799999999999443,0.0,0.0,0.615,0.0,0.0,0.0,0.0,0.0,0.03600000000000492,0.0,0.0
VAL 142,R VAL 142,0.0,0.0,0.0,-1.5470000000000006,0.0,0.0,-0.9699999999999989,0.0,0.0,2.1740000000000004,0.0,0.0,-0.07817266000000002,0.0,0.0,-0.421172660000003,0.0,0.0
ARG 143,R ARG 143,0.0,0.0,0.0,-1.7680000000000007,0.0,0.0,-40.424,0.0,0.0,39.076,0.0,0.0,-0.22562917999999998,0.0,0.0,-3.3416291800000124,0.0,0.0
MET 144,R MET 144,0.0,0.0,0.0,-0.1639999999999997,0.0,0.0,0.4860000000000042,0.0,0.0,-0.2549999999999999,0.0,0.0,0.0,0.0,0.0,0.06700000000000284,0.0,0.0
TYR 145,R TYR 145,0.0,0.0,0.0,-1.5790000000000006,0.0,0.0,-1.0790000000000077,0.0,0.0,2.516,0.0,0.0,-0.2878778799999999,0.0,0.0,-0.42987788000001537,0.0,0.0
SER 146,R SER 146,0.0,0.0,0.0,-2.173,0.0,0.0,-3.021000000000001,0.0,0.0,3.6430000000000002,0.0,0.0,-0.38160052000000005,0.0,0.0,-1.9326005200000012,0.0,0.0
PRO 147,R PRO 147,0.0,0.0,0.0,-0.4640000000000004,0.0,0.0,2.405000000000001,0.0,0.0,-2.1770000000000005,0.0,0.0,0.0,0.0,0.0,-0.2359999999999971,0.0,0.0
THR 148,R THR 148,0.0,0.0,0.0,-2.6319999999999997,0.0,0.0,2.014000000000003,0.0,0.0,0.16999999999999993,0.0,0.0,-0.32253336000000005,0.0,0.0,-0.7705333599999946,0.0,0.0
SER 149,R SER 149,0.0,0.0,0.0,-3.7399999999999998,0.0,0.0,-15.379999999999995,0.0,0.0,14.409,0.0,0.0,-0.34195864000000004,0.0,0.0,-5.052958639999996,0.0,0.0
ILE 150,R ILE 150,17.573000000000008,0.0,0.0,-7.1499999999999995,0.0,0.0,-29.810000000000002,0.0,0.0,7.676,0.0,0.0,-1.1182273,0.0,0.0,-12.829227299999985,0.0,0.0
LEU 151,L LEU   1,19.089,0.0,0.0,-2.5049999999999994,0.0,0.0,-23.692999999999998,0.0,0.0,0.5569999999999999,0.0,0.0,-0.27115175999999985,0.0,0.0,-6.823151760000002,0.0,0.0
ASP 152,L ASP   2,0.0,0.0,0.0,-2.37,0.0,0.0,4.9680000000000035,0.0,0.0,-4.23299999999999,0.0,0.0,-0.19729883999999998,0.0,0.0,-1.8322988399999929,0.0,0.0
ILE 153,L ILE   3,0.0,0.0,0.0,-2.520999999999999,0.0,0.0,-1.0819999999999936,0.0,0.0,0.835,0.0,0.0,-0.19515794,0.0,0.0,-2.9631579399999914,0.0,0.0
ARG 154,L ARG   4,0.0,0.0,0.0,-0.3360000000000003,0.0,0.0,-11.132,0.0,0.0,11.497,0.0,0.0,-0.007913200000000065,0.0,0.0,0.02108680000000618,0.0,0.0
GLN 155,L GLN   5,0.0,0.0,0.0,-0.034000000000000696,0.0,0.0,-0.07299999999999329,0.0,0.0,0.1080000000000001,0.0,0.0,0.0,0.0,0.0,0.0010000000000047748,0.0,0.0
GLY 156,L GLY   6,0.0,0.0,0.0,-0.009000000000000119,0.0,0.0,-0.04099999999999682,0.0,0.0,0.04200000000000026,0.0,0.0,0.0,0.0,0.0,-0.007999999999996454,0.0,0.0
PRO 157,L PRO   7,0.0,0.0,0.0,-0.005999999999999339,0.0,0.0,-0.07699999999999818,0.0,0.0,0.0779999999999994,0.0,0.0,0.0,0.0,0.0,-0.005000000000002558,0.0,0.0
LYS 158,L LYS   8,0.0,0.0,0.0,-0.0039999999999995595,0.0,0.0,-8.019000000000005,0.0,0.0,8.033999999999999,0.0,0.0,0.0,0.0,0.0,0.010999999999992127,0.0,0.0
GLU 159,L GLU   9,0.0,0.0,0.0,-0.02400000000000002,0.0,0.0,10.552999999999997,0.0,0.0,-10.428999999999998,0.0,0.0,0.0,0.0,0.0,0.10000000000000142,0.0,0.0
PRO 160,L PRO  10,0.0,0.0,0.0,-0.007999999999999119,0.0,0.0,0.23199999999999932,0.0,0.0,-0.2310000000000001,0.0,0.0,0.0,0.0,0.0,-0.0069999999999961204,0.0,0.0
PHE 161,L PHE  11,0.0,0.0,0.0,-0.011000000000001009,0.0,0.0,0.2049999999999983,0.0,0.0,-0.19199999999999973,0.0,0.0,0.0,0.0,0.0,0.0020000000000024443,0.0,0.0
ARG 162,L ARG  12,0.0,0.0,0.0,-0.0129999999999999,0.0,0.0,-9.197999999999997,0.0,0.0,9.233,0.0,0.0,0.0,0.0,0.0,0.02200000000001978,0.0,0.0
ASP 163,L ASP  13,0.0,0.0,0.0,-0.02800000000000047,0.0,0.0,10.968000000000004,0.0,0.0,-10.821999999999996,0.0,0.0,0.0,0.0,0.0,0.1180000000000021,0.0,0.0
TYR 164,L TYR  14,0.0,0.0,0.0,-0.08900000000000041,0.0,0.0,0.382000000000005,0.0,0.0,-0.32399999999999984,0.0,0.0,0.0,0.0,0.0,-0.030999999999995254,0.0,0.0
VAL 165,L VAL  15,0.0,0.0,0.0,-0.036999999999999034,0.0,0.0,0.2079999999999984,0.0,0.0,-0.181,0.0,0.0,0.0,0.0,0.0,-0.010000000000001563,0.0,0.0
ASP 166,L ASP  16,0.0,0.0,0.0,-0.133,0.0,0.0,14.366,0.0,0.0,-14.043,0.0,0.0,0.0,0.0,0.0,0.18999999999999062,0.0,0.0
ARG 167,L ARG  17,0.0,0.0,0.0,-0.8719999999999999,0.0,0.0,-12.575000000000001,0.0,0.0,13.029,0.0,0.0,-0.12298522,0.0,0.0,-0.540985219999925,0.0,0.0
PHE 168,L PHE  18,0.0,0.0,0.0,-0.7179999999999982,0.0,0.0,-0.3710000000000093,0.0,0.0,0.508,0.0,0.0,-0.02336562,0.0,0.0,-0.6043656200000127,0.0,0.0
TYR 169,L TYR  19,0.0,0.0,0.0,-0.18099999999999916,0.0,0.0,0.07800000000000296,0.0,0.0,0.17499999999999982,0.0,0.0,0.0,0.0,0.0,0.07200000000000539,0.0,0.0
LYS 170,L LYS  20,0.0,0.0,0.0,-2.2140000000000004,0.0,0.0,-15.252999999999986,0.0,0.0,17.188000000000002,0.0,0.0,-0.3057422,0.0,0.0,-0.5847422000000009,0.0,0.0
THR 171,L THR  21,0.0,0.0,0.0,-2.231,0.0,0.0,-4.051000000000002,0.0,0.0,2.818,0.0,0.0,-0.22672402000000003,0.0,0.0,-3.690724020000001,0.0,0.0
LEU 172,L LEU  22,0.0,0.0,0.0,-0.8719999999999999,0.0,0.0,-0.5090000000000003,0.0,0.0,0.6870000000000003,0.0,0.0,-0.034487460000000005,0.0,0.0,-0.7284874599999984,0.0,0.0
ARG 173,L ARG  23,0.0,0.0,0.0,-4.481,0.0,0.0,-56.534000000000006,0.0,0.0,53.842999999999996,0.0,0.0,-0.6537766600000001,0.0,0.0,-7.8257766600000025,0.0,0.0
ALA 174,L ALA  24,0.0,0.0,0.0,-4.017,0.0,0.0,-2.3119999999999976,0.0,0.0,4.399000000000001,0.0,0.0,-0.46995194,0.0,0.0,-2.3999519400000078,0.0,0.0
GLU 175,L GLU  25,0.0,0.0,0.0,-2.2299999999999995,0.0,0.0,-24.546999999999997,0.0,0.0,27.772999999999996,0.0,0.0,-0.39889032,0.0,0.0,0.5971096799999884,0.0,0.0
GLN 176,L GLN  26,0.0,0.0,0.0,-2.262,0.0,0.0,-3.430000000000007,0.0,0.0,4.017999999999999,0.0,0.0,-0.31495078000000004,0.0,0.0,-1.9889507800000104,0.0,0.0
ALA 177,L ALA  27,0.0,0.0,0.0,-0.14400000000000013,0.0,0.0,1.456000000000003,0.0,0.0,-1.2890000000000006,0.0,0.0,0.0,0.0,0.0,0.023000000000011234,0.0,0.0
SER 178,L SER  28,0.0,0.0,0.0,-0.041999999999999815,0.0,0.0,-0.17099999999999227,0.0,0.0,0.258,0.0,0.0,0.0,0.0,0.0,0.045000000000006146,0.0,0.0
GLN 179,L GLN  29,0.0,0.0,0.0,-0.028999999999999915,0.0,0.0,0.4440000000000026,0.0,0.0,-0.3490000000000002,0.0,0.0,0.0,0.0,0.0,0.0660000000000096,0.0,0.0
GLU 180,L GLU  30,0.0,0.0,0.0,-0.011999999999999567,0.0,0.0,7.845000000000013,0.0,0.0,-7.784000000000006,0.0,0.0,0.0,0.0,0.0,0.049000000000006594,0.0,0.0
VAL 181,L VAL  31,0.0,0.0,0.0,-0.032999999999999474,0.0,0.0,-0.17499999999999716,0.0,0.0,0.19900000000000007,0.0,0.0,0.0,0.0,0.0,-0.008999999999998343,0.0,0.0
LYS 182,L LYS  32,0.0,0.0,0.0,-0.04499999999999993,0.0,0.0,-14.101000000000013,0.0,0.0,14.247999999999998,0.0,0.0,0.0,0.0,0.0,0.10199999999998255,0.0,0.0
ASN 183,L ASN  33,0.0,0.0,0.0,-0.01100000000000012,0.0,0.0,0.19899999999999807,0.0,0.0,-0.16600000000000037,0.0,0.0,0.0,0.0,0.0,0.02199999999999136,0.0,0.0
TRP 184,L TRP  34,0.0,0.0,0.0,-0.054999999999999716,0.0,0.0,0.11400000000000432,0.0,0.0,-0.05799999999999983,0.0,0.0,0.0,0.0,0.0,0.0009999999999976694,0.0,0.0
MET 185,L MET  35,0.0,0.0,0.0,-0.4759999999999991,0.0,0.0,0.2879999999999967,0.0,0.0,-0.18000000000000005,0.0,0.0,-0.07869839999999999,0.0,0.0,-0.4466984000000027,0.0,0.0
THR 186,L THR  36,0.0,0.0,0.0,-0.0259999999999998,0.0,0.0,0.12199999999999989,0.0,0.0,-0.06700000000000017,0.0,0.0,0.0,0.0,0.0,0.029000000000003467,0.0,0.0
GLU 187,L GLU  37,0.0,0.0,0.0,-0.008999999999999453,0.0,0.0,7.619,0.0,0.0,-7.587999999999994,0.0,0.0,0.0,0.0,0.0,0.02200000000000557,0.0,0.0
THR 188,L THR  38,0.0,0.0,0.0,-0.025000000000000355,0.0,0.0,0.01999999999999602,0.0,0.0,0.02200000000000002,0.0,0.0,0.0,0.0,0.0,0.016999999999995907,0.0,0.0
LEU 189,L LEU  39,0.0,0.0,0.0,-0.7629999999999999,0.0,0.0,0.14999999999999858,0.0,0.0,-0.05600000000000005,0.0,0.0,-0.11364656000000004,0.0,0.0,-0.7826465600000052,0.0,0.0
LEU 190,L LEU  40,0.0,0.0,0.0,-0.06600000000000072,0.0,0.0,0.11700000000000443,0.0,0.0,-0.106,0.0,0.0,0.0,0.0,0.0,-0.05499999999999794,0.0,0.0
VAL 191,L VAL  41,0.0,0.0,0.0,-0.0129999999999999,0.0,0.0,-0.021999999999998465,0.0,0.0,0.04200000000000004,0.0,0.0,0.0,0.0,0.0,0.007000000000003226,0.0,0.0
GLN 192,L GLN  42,0.0,0.0,0.0,-0.03000000000000025,0.0,0.0,0.14200000000001012,0.0,0.0,-0.05699999999999861,0.0,0.0,0.0,0.0,0.0,0.05500000000000682,0.0,0.0
ASN 193,L ASN  43,0.0,0.0,0.0,-0.14199999999999946,0.0,0.0,-0.29000000000000625,0.0,0.0,0.4169999999999998,0.0,0.0,-0.021495720000000024,0.0,0.0,-0.036495720000004894,0.0,0.0
ALA 194,L ALA  44,0.0,0.0,0.0,-0.009999999999999787,0.0,0.0,0.031999999999996476,0.0,0.0,-0.016,0.0,0.0,0.0,0.0,0.0,0.005999999999991346,0.0,0.0
ASN 195,L ASN  45,0.0,0.0,0.0,-0.006000000000000227,0.0,0.0,-0.20600000000000307,0.0,0.0,0.22200000000000042,0.0,0.0,0.0,0.0,0.0,0.00999999999999801,0.0,0.0
PRO 196,L PRO  46,0.0,0.0,0.0,-0.0030000000000001137,0.0,0.0,-0.0730000000000004,0.0,0.0,0.07299999999999995,0.0,0.0,0.0,0.0,0.0,-0.0030000000000001137,0.0,0.0
ASP 197,L ASP  47,0.0,0.0,0.0,-0.001000000000000334,0.0,0.0,7.3629999999999995,0.0,0.0,-7.353999999999999,0.0,0.0,0.0,0.0,0.0,0.008000000000009777,0.0,0.0
CYX 198,L CYX  48,0.0,0.0,0.0,-0.0030000000000001137,0.0,0.0,-0.1039999999999992,0.0,0.0,0.1120000000000001,0.0,0.0,0.0,0.0,0.0,0.005000000000000782,0.0,0.0
LYS 199,L LYS  49,0.0,0.0,0.0,-0.0039999999999995595,0.0,0.0,-8.363,0.0,0.0,8.393,0.0,0.0,0.0,0.0,0.0,0.025999999999982037,0.0,0.0
THR 200,L THR  50,0.0,0.0,0.0,-0.001000000000000334,0.0,0.0,-0.021000000000000796,0.0,0.0,0.02200000000000024,0.0,0.0,0.0,0.0,0.0,3.552713678800501e-15,0.0,0.0
ILE 201,L ILE  51,0.0,0.0,0.0,-0.001000000000000334,0.0,0.0,-0.11699999999999733,0.0,0.0,0.1180000000000001,0.0,0.0,0.0,0.0,0.0,-3.552713678800501e-15,0.0,0.0
LEU 202,L LEU  52,0.0,0.0,0.0,-0.0029999999999983373,0.0,0.0,-0.11299999999999955,0.0,0.0,0.11500000000000021,0.0,0.0,0.0,0.0,0.0,-0.0009999999999994458,0.0,0.0
LYS 203,L LYS  53,0.0,0.0,0.0,-0.001000000000000334,0.0,0.0,-7.152000000000001,0.0,0.0,7.155999999999999,0.0,0.0,0.0,0.0,0.0,0.0029999999999930083,0.0,0.0
ALA 204,L ALA  54,0.0,0.0,0.0,0.0,0.0,0.0,-0.09399999999999409,0.0,0.0,0.0940000000000003,0.0,0.0,0.0,0.0,0.0,6.217248937900877e-15,0.0,0.0
LEU 205,L LEU  55,0.0,0.0,0.0,0.0,0.0,0.0,-0.05700000000000216,0.0,0.0,0.057000000000000384,0.0,0.0,0.0,0.0,0.0,-1.7763568394002505e-15,0.0,0.0
GLY 206,L GLY  56,0.0,0.0,0.0,-0.001000000000000334,0.0,0.0,0.11800000000000921,0.0,0.0,-0.1169999999999991,0.0,0.0,0.0,0.0,0.0,5.329070518200751e-15,0.0,0.0
PRO 207,L PRO  57,0.0,0.0,0.0,-0.001000000000000334,0.0,0.0,-0.04100000000000392,0.0,0.0,0.041999999999999815,0.0,0.0,0.0,0.0,0.0,-8.881784197001252e-15,0.0,0.0
GLY 208,L GLY  58,0.0,0.0,0.0,0.0,0.0,0.0,-0.10200000000000387,0.0,0.0,0.10299999999999976,0.0,0.0,0.0,0.0,0.0,0.000999999999995893,0.0,0.0
ALA 209,L ALA  59,0.0,0.0,0.0,-0.0009999999999994458,0.0,0.0,0.12399999999999523,0.0,0.0,-0.11899999999999977,0.0,0.0,0.0,0.0,0.0,0.0040000000000048885,0.0,0.0
THR 210,L THR  60,0.0,0.0,0.0,-0.0019999999999997797,0.0,0.0,-0.0730000000000004,0.0,0.0,0.07699999999999996,0.0,0.0,0.0,0.0,0.0,0.0019999999999988916,0.0,0.0
LEU 211,L LEU  61,0.0,0.0,0.0,-0.006000000000000227,0.0,0.0,-0.0800000000000054,0.0,0.0,0.08499999999999996,0.0,0.0,0.0,0.0,0.0,-0.0010000000000065512,0.0,0.0
GLU 212,L GLU  62,0.0,0.0,0.0,-0.0019999999999997797,0.0,0.0,8.015,0.0,0.0,-8.004000000000005,0.0,0.0,0.0,0.0,0.0,0.00899999999998613,0.0,0.0
GLU 213,L GLU  63,0.0,0.0,0.0,-0.0009999999999994458,0.0,0.0,7.084999999999994,0.0,0.0,-7.079999999999998,0.0,0.0,0.0,0.0,0.0,0.0040000000000048885,0.0,0.0
MET 214,L MET  64,0.0,0.0,0.0,-0.0030000000000001137,0.0,0.0,-0.1349999999999909,0.0,0.0,0.1379999999999999,0.0,0.0,0.0,0.0,0.0,8.881784197001252e-15,0.0,0.0
MET 215,L MET  65,0.0,0.0,0.0,-0.006000000000000227,0.0,0.0,-0.05299999999999727,0.0,0.0,0.06199999999999939,0.0,0.0,0.0,0.0,0.0,0.00300000000000189,0.0,0.0
THR 216,L THR  66,0.0,0.0,0.0,-0.001000000000000334,0.0,0.0,0.021999999999998465,0.0,0.0,-0.019000000000000128,0.0,0.0,0.0,0.0,0.0,0.0019999999999988916,0.0,0.0
ALA 217,L ALA  67,0.0,0.0,0.0,-0.001000000000000334,0.0,0.0,-0.04099999999999682,0.0,0.0,0.04300000000000015,0.0,0.0,0.0,0.0,0.0,0.0009999999999994458,0.0,0.0
CYX 218,L CYX  68,0.0,0.0,0.0,-0.0030000000000001137,0.0,0.0,0.14099999999999113,0.0,0.0,-0.139,0.0,0.0,0.0,0.0,0.0,-0.0010000000000092157,0.0,0.0
GLN 219,L GLN  69,0.0,0.0,0.0,-0.0019999999999997797,0.0,0.0,0.17200000000001125,0.0,0.0,-0.1659999999999986,0.0,0.0,0.0,0.0,0.0,0.004000000000019099,0.0,0.0
GLY 220,L GLY  70,0.0,0.0,0.0,-0.001000000000000334,0.0,0.0,-0.006000000000000227,0.0,0.0,0.008999999999999897,0.0,0.0,0.0,0.0,0.0,0.0020000000000086615,0.0,0.0
VAL 221,L VAL  71,0.0,0.0,0.0,-0.002000000000000224,0.0,0.0,7.609999999999999,0.0,0.0,-7.603999999999992,0.0,0.0,0.0,0.0,0.0,0.0040000000000048885,0.0,0.0

idecomp = 1: Per-residue decomp adding 1-4 interactions to Internal.
Energy Decomposition Analysis (All units kcal/mol): Poisson Boltzmann solvent
Complex:
Total Energy Decomposition:
Residue,Internal,,,van der Waals,,,Electrostatic,,,Polar Solvation,,,Non-Polar Solv.,,,TOTAL,,
,Avg.,Std. Dev.,Std. Err. of Mean,Avg.,Std. Dev.,Std. Err. of Mean,Avg.,Std. Dev.,Std. Err. of Mean,Avg.,Std. Dev.,Std. Err. of Mean,Avg.,Std. Dev.,Std. Err. of Mean,Avg.,Std. Dev.,Std. Err. of Mean
PRO   1,98.12,0.0,0.0,-7.799,0.0,0.0,-109.93,0.0,0.0,11.294,0.0,0.0,0.0,0.0,0.0,-8.315000000000008,0.0,0.0
ILE   2,100.356,0.0,0.0,-9.604,0.0,0.0,-71.071,0.0,0.0,-2.857,0.0,0.0,0.0,0.0,0.0,16.823999999999998,0.0,0.0
VAL   3,51.837,0.0,0.0,-6.986,0.0,0.0,-56.822,0.0,0.0,-1.957,0.0,0.0,0.0,0.0,0.0,-13.927999999999997,0.0,0.0
GLN   4,19.324,0.0,0.0,-7.196,0.0,0.0,-56.511,0.0,0.0,-10.816,0.0,0.0,0.0,0.0,0.0,-55.199000000000005,0.0,0.0
ASN   5,34.843,0.0,0.0,-6.223,0.0,0.0,-82.821,0.0,0.0,-12.918,0.0,0.0,0.0,0.0,0.0,-67.119,0.0,0.0
LEU   6,72.131,0.0,0.0,-3.807,0.0,0.0,-69.911,0.0,0.0,-8.032,0.0,0.0,0.0,0.0,0.0,-9.619000000000003,0.0,0.0
GLN   7,32.454,0.0,0.0,-4.967,0.0,0.0,-70.929,0.0,0.0,-13.755,0.0,0.0,0.0,0.0,0.0,-57.197,0.0,0.0
GLY   8,76.64,0.0,0.0,-3.504,0.0,0.0,-70.898,0.0,0.0,-5.651,0.0,0.0,0.0,0.0,0.0,-3.4130000000000003,0.0,0.0
GLN   9,41.199,0.0,0.0,-6.182,0.0,0.0,-79.468,0.0,0.0,-9.464,0.0,0.0,0.0,0.0,0.0,-53.915000000000006,0.0,0.0
MET  10,99.384,0.0,0.0,-9.78,0.0,0.0,-77.3,0.0,0.0,-4.59,0.0,0.0,0.0,0.0,0.0,7.714000000000002,0.0,0.0
VAL  11,55.727,0.0,0.0,-5.092,0.0,0.0,-55.931,0.0,0.0,-1.958,0.0,0.0,0.0,0.0,0.0,-7.254,0.0,0.0
HID  12,89.357,0.0,0.0,-10.188,0.0,0.0,-59.675,0.0,0.0,-7.135,0.0,0.0,0.0,0.0,0.0,12.359,0.0,0.0
GLN  13,31.042,0.0,0.0,-5.088,0.0,0.0,-70.549,0.0,0.0,-11.154,0.0,0.0,0.0,0.0,0.0,-55.74900000000001,0.0,0.0
ALA  14,95.057,0.0,0.0,-4.807,0.0,0.0,-83.547,0.0,0.0,0.077,0.0,0.0,0.0,0.0,0.0,6.780000000000003,0.0,0.0
ILE  15,92.589,0.0,0.0,-9.541,0.0,0.0,-73.89,0.0,0.0,-3.848,0.0,0.0,0.0,0.0,0.0,5.310000000000001,0.0,0.0
SER  16,72.127,0.0,0.0,-4.869,0.0,0.0,-51.446,0.0,0.0,-7.004,0.0,0.0,0.0,0.0,0.0,8.807999999999998,0.0,0.0
PRO  17,91.102,0.0,0.0,-4.906,0.0,0.0,-60.386,0.0,0.0,-1.838,0.0,0.0,0.0,0.0,0.0,23.971999999999994,0.0,0.0
ARG  18,-187.077,0.0,0.0,-5.11,0.0,0.0,68.408,0.0,0.0,-40.665,0.0,0.0,0.0,0.0,0.0,-164.44400000000002,0.0,0.0
THR  19,50.363,0.0,0.0,-9.592,0.0,0.0,-58.729,0.0,0.0,-4.589,0.0,0.0,0.0,0.0,0.0,-22.546999999999997,0.0,0.0
LEU  20,57.81,0.0,0.0,-11.845,0.0,0.0,-58.341,0.0,0.0,-2.072,0.0,0.0,0.0,0.0,0.0,-14.447999999999997,0.0,0.0
ASN  21,16.993,0.0,0.0,-6.738,0.0,0.0,-68.79,0.0,0.0,-16.086,0.0,0.0,0.0,0.0,0.0,-74.62100000000001,0.0,0.0
ALA  22,96.594,0.0,0.0,-5.144,0.0,0.0,-82.575,0.0,0.0,-2.78,0.0,0.0,0.0,0.0,0.0,6.094999999999986,0.0,0.0
TRP  23,137.956,0.0,0.0,-18.408,0.0,0.0,-98.303,0.0,0.0,-1.203,0.0,0.0,0.0,0.0,0.0,20.04199999999999,0.0,0.0
VAL  24,63.303,0.0,0.0,-9.054,0.0,0.0,-58.844,0.0,0.0,-1.955,0.0,0.0,0.0,0.0,0.0,-6.550000000000006,0.0,0.0
LYS  25,134.597,0.0,0.0,-8.012,0.0,0.0,-116.554,0.0,0.0,-12.01,0.0,0.0,0.0,0.0,0.0,-1.9789999999999939,0.0,0.0
VAL  26,62.889,0.0,0.0,-9.268,0.0,0.0,-68.591,0.0,0.0,-1.597,0.0,0.0,0.0,0.0,0.0,-16.566999999999993,0.0,0.0
VAL  27,41.272,0.0,0.0,-7.723,0.0,0.0,-47.179,0.0,0.0,-0.623,0.0,0.0,0.0,0.0,0.0,-14.253000000000002,0.0,0.0
GLU  28,95.323,0.0,0.0,-6.691,0.0,0.0,-68.904,0.0,0.0,-79.747,0.0,0.0,0.0,0.0,0.0,-60.019000000000005,0.0,0.0
GLU  29,107.403,0.0,0.0,-5.807,0.0,0.0,-90.807,0.0,0.0,-64.645,0.0,0.0,0.0,0.0,0.0,-53.855999999999995,0.0,0.0
LYS  30,118.497,0.0,0.0,-10.037,0.0,0.0,-112.966,0.0,0.0,-0.421,0.0,0.0,0.0,0.0,0.0,-4.9270000000000005,0.0,0.0
ALA  31,88.627,0.0,0.0,-7.235,0.0,0.0,-79.107,0.0,0.0,-0.053,0.0,0.0,0.0,0.0,0.0,2.2319999999999967,0.0,0.0
PHE  32,102.373,0.0,0.0,-11.98,0.0,0.0,-76.669,0.0,0.0,-1.542,0.0,0.0,0.0,0.0,0.0,12.182000000000004,0.0,0.0
SER  33,90.906,0.0,0.0,-7.607,0.0,0.0,-70.457,0.0,0.0,-0.141,0.0,0.0,0.0,0.0,0.0,12.701000000000013,0.0,0.0
PRO  34,75.203,0.0,0.0,-7.322,0.0,0.0,-56.608,0.0,0.0,-0.74,0.0,0.0,0.0,0.0,0.0,10.533000000000003,0.0,0.0
GLU  35,105.695,0.0,0.0,-8.835,0.0,0.0,-114.571,0.0,0.0,-38.153,0.0,0.0,0.0,0.0,0.0,-55.86400000000001,0.0,0.0
VAL  36,54.037,0.0,0.0,-10.119,0.0,0.0,-56.965,0.0,0.0,0.52,0.0,0.0,0.0,0.0,0.0,-12.527000000000005,0.0,0.0
ILE  37,85.512,0.0,0.0,-8.578,0.0,0.0,-59.282,0.0,0.0,-0.456,0.0,0.0,0.0,0.0,0.0,17.196,0.0,0.0
PRO  38,80.733,0.0,0.0,-6.318,0.0,0.0,-57.585,0.0,0.0,-2.757,0.0,0.0,0.0,0.0,0.0,14.073000000000006,0.0,0.0
MET  39,90.882,0.0,0.0,-9.465,0.0,0.0,-72.668,0.0,0.0,-1.225,0.0,0.0,0.0,0.0,0.0,7.523999999999996,0.0,0.0
PHE  40,105.773,0.0,0.0,-14.087,0.0,0.0,-85.982,0.0,0.0,-0.654,0.0,0.0,0.0,0.0,0.0,5.049999999999994,0.0,0.0
SER  41,54.966,0.0,0.0,-5.463,0.0,0.0,-42.431,0.0,0.0,-9.846,0.0,0.0,0.0,0.0,0.0,-2.7739999999999974,0.0,0.0
ALA  42,85.662,0.0,0.0,-5.241,0.0,0.0,-66.145,0.0,0.0,-5.084,0.0,0.0,0.0,0.0,0.0,9.19200000000001,0.0,0.0
LEU  43,76.633,0.0,0.0,-10.12,0.0,0.0,-74.133,0.0,0.0,-3.728,0.0,0.0,0.0,0.0,0.0,-11.348000000000004,0.0,0.0
SER  44,73.552,0.0,0.0,-7.672,0.0,0.0,-72.221,0.0,0.0,-0.819,0.0,0.0,0.0,0.0,0.0,-7.159999999999994,0.0,0.0
GLU  45,105.166,0.0,0.0,-5.847,0.0,0.0,-74.695,0.0,0.0,-80.19,0.0,0.0,0.0,0.0,0.0,-55.56599999999999,0.0,0.0
GLY  46,67.021,0.0,0.0,-3.012,0.0,0.0,-69.396,0.0,0.0,0.984,0.0,0.0,0.0,0.0,0.0,-4.4030000000000005,0.0,0.0
ALA  47,98.28,0.0,0.0,-7.03,0.0,0.0,-85.7,0.0,0.0,-1.869,0.0,0.0,0.0,0.0,0.0,3.6809999999999974,0.0,0.0
THR  48,60.952,0.0,0.0,-9.131,0.0,0.0,-61.573,0.0,0.0,0.017,0.0,0.0,0.0,0.0,0.0,-9.735000000000003,0.0,0.0
PRO  49,74.861,0.0,0.0,-10.594,0.0,0.0,-55.866,0.0,0.0,0.693,0.0,0.0,0.0,0.0,0.0,9.09400000000001,0.0,0.0
GLN  50,33.951,0.0,0.0,-9.402,0.0,0.0,-70.849,0.0,0.0,-7.44,0.0,0.0,0.0,0.0,0.0,-53.74,0.0,0.0
ASP  51,98.009,0.0,0.0,-8.617,0.0,0.0,-124.969,0.0,0.0,-21.566,0.0,0.0,0.0,0.0,0.0,-57.143,0.0,0.0
LEU  52,61.548,0.0,0.0,-12.903,0.0,0.0,-70.608,0.0,0.0,0.872,0.0,0.0,0.0,0.0,0.0,-21.091,0.0,0.0
ASN  53,36.894,0.0,0.0,-7.619,0.0,0.0,-98.111,0.0,0.0,-2.805,0.0,0.0,0.0,0.0,0.0,-71.64100000000002,0.0,0.0
THR  54,53.001,0.0,0.0,-7.487,0.0,0.0,-60.916,0.0,0.0,-1.304,0.0,0.0,0.0,0.0,0.0,-16.706,0.0,0.0
MET  55,83.505,0.0,0.0,-14.081,0.0,0.0,-67.729,0.0,0.0,-0.581,0.0,0.0,0.0,0.0,0.0,1.1139999999999932,0.0,0.0
LEU  56,62.02,0.0,0.0,-8.944,0.0,0.0,-64.62,0.0,0.0,-1.037,0.0,0.0,0.0,0.0,0.0,-12.581000000000003,0.0,0.0
ASN  57,45.825,0.0,0.0,-6.112,0.0,0.0,-100.205,0.0,0.0,-11.851,0.0,0.0,0.0,0.0,0.0,-72.343,0.0,0.0
THR  58,42.21,0.0,0.0,-7.333,0.0,0.0,-42.701,0.0,0.0,-9.779,0.0,0.0,0.0,0.0,0.0,-17.602999999999998,0.0,0.0
VAL  59,38.792,0.0,0.0,-8.966,0.0,0.0,-43.973,0.0,0.0,-0.765,0.0,0.0,0.0,0.0,0.0,-14.911999999999999,0.0,0.0
ALA  60,89.771,0.0,0.0,-5.022,0.0,0.0,-65.52,0.0,0.0,-0.728,0.0,0.0,0.0,0.0,0.0,18.500999999999998,0.0,0.0
PRO  61,85.473,0.0,0.0,-3.929,0.0,0.0,-60.187,0.0,0.0,-1.36,0.0,0.0,0.0,0.0,0.0,19.997,0.0,0.0
HID  62,103.903,0.0,0.0,-7.61,0.0,0.0,-67.12,0.0,0.0,-9.639,0.0,0.0,0.0,0.0,0.0,19.534000000000002,0.0,0.0
GLN  63,32.74,0.0,0.0,-6.117,0.0,0.0,-64.712,0.0,0.0,-12.641,0.0,0.0,0.0,0.0,0.0,-50.73,0.0,0.0
ALA  64,88.793,0.0,0.0,-4.57,0.0,0.0,-69.686,0.0,0.0,-4.768,0.0,0.0,0.0,0.0,0.0,9.769000000000005,0.0,0.0
ALA  65,87.356,0.0,0.0,-7.134,0.0,0.0,-73.829,0.0,0.0,-2.363,0.0,0.0,0.0,0.0,0.0,4.030000000000001,0.0,0.0
ALA  66,92.033,0.0,0.0,-5.94,0.0,0.0,-81.577,0.0,0.0,-1.484,0.0,0.0,0.0,0.0,0.0,3.0320000000000054,0.0,0.0
GLN  67,43.802,0.0,0.0,-6.33,0.0,0.0,-79.298,0.0,0.0,-10.732,0.0,0.0,0.0,0.0,0.0,-52.558,0.0,0.0
MET  68,92.075,0.0,0.0,-7.974,0.0,0.0,-75.603,0.0,0.0,-2.676,0.0,0.0,0.0,0.0,0.0,5.8220000000000045,0.0,0.0
LEU  69,77.156,0.0,0.0,-10.274,0.0,0.0,-76.128,0.0,0.0,-2.343,0.0,0.0,0.0,0.0,0.0,-11.588999999999995,0.0,0.0
LYS  70,124.83,0.0,0.0,-8.148,0.0,0.0,-129.171,0.0,0.0,5.446,0.0,0.0,0.0,0.0,0.0,-7.04299999999999,0.0,0.0
GLU  71,112.685,0.0,0.0,-7.244,0.0,0.0,-71.852,0.0,0.0,-96.298,0.0,0.0,0.0,0.0,0.0,-62.709,0.0,0.0
THR  72,49.621,0.0,0.0,-6.576,0.0,0.0,-59.166,0.0,0.0,-4.085,0.0,0.0,0.0,0.0,0.0,-20.205999999999996,0.0,0.0
ILE  73,69.305,0.0,0.0,-9.102,0.0,0.0,-48.189,0.0,0.0,-3.141,0.0,0.0,0.0,0.0,0.0,8.873000000000003,0.0,0.0
ASN  74,18.745,0.0,0.0,-7.653,0.0,0.0,-80.539,0.0,0.0,-5.632,0.0,0.0,0.0,0.0,0.0,-75.07900000000001,0.0,0.0
GLU  75,107.789,0.0,0.0,-7.014,0.0,0.0,-42.745,0.0,0.0,-119.266,0.0,0.0,0.0,0.0,0.0,-61.236,0.0,0.0
GLU  76,98.759,0.0,0.0,-11.153,0.0,0.0,-26.465,0.0,0.0,-119.913,0.0,0.0,0.0,0.0,0.0,-58.772000000000006,0.0,0.0
ALA  77,85.367,0.0,0.0,-7.191,0.0,0.0,-71.921,0.0,0.0,-1.297,0.0,0.0,0.0,0.0,0.0,4.957999999999996,0.0,0.0
ALA  78,97.733,0.0,0.0,-5.776,0.0,0.0,-88.626,0.0,0.0,1.439,0.0,0.0,0.0,0.0,0.0,4.770000000000003,0.0,0.0
GLU  79,112.094,0.0,0.0,-8.345,0.0,0.0,-60.779,0.0,0.0,-105.196,0.0,0.0,0.0,0.0,0.0,-62.226000000000006,0.0,0.0
TRP  80,116.11,0.0,0.0,-17.92,0.0,0.0,-90.886,0.0,0.0,-0.287,0.0,0.0,0.0,0.0,0.0,7.017000000000002,0.0,0.0
ASP  81,106.672,0.0,0.0,-8.211,0.0,0.0,-75.129,0.0,0.0,-79.096,0.0,0.0,0.0,0.0,0.0,-55.76400000000001,0.0,0.0
ARG  82,-190.753,0.0,0.0,-6.894,0.0,0.0,-9.18,0.0,0.0,40.114,0.0,0.0,0.0,0.0,0.0,-166.713,0.0,0.0
LEU  83,66.359,0.0,0.0,-6.976,0.0,0.0,-68.929,0.0,0.0,-3.499,0.0,0.0,0.0,0.0,0.0,-13.045000000000007,0.0,0.0
HID  84,111.079,0.0,0.0,-9.26,0.0,0.0,-81.944,0.0,0.0,-2.662,0.0,0.0,0.0,0.0,0.0,17.212999999999987,0.0,0.0
PRO  85,88.381,0.0,0.0,-4.502,0.0,0.0,-63.352,0.0,0.0,-5.347,0.0,0.0,0.0,0.0,0.0,15.180000000000007,0.0,0.0
VAL  86,49.873,0.0,0.0,-4.283,0.0,0.0,-51.253,0.0,0.0,-5.398,0.0,0.0,0.0,0.0,0.0,-11.061000000000003,0.0,0.0
HID  87,91.417,0.0,0.0,-6.84,0.0,0.0,-57.127,0.0,0.0,-9.466,0.0,0.0,0.0,0.0,0.0,17.983999999999995,0.0,0.0
ALA  88,88.997,0.0,0.0,-1.453,0.0,0.0,-71.639,0.0,0.0,-7.016,0.0,0.0,0.0,0.0,0.0,8.889000000000001,0.0,0.0
GLY  89,93.082,0.0,0.0,-1.493,0.0,0.0,-76.977,0.0,0.0,-5.178,0.0,0.0,0.0,0.0,0.0,9.433999999999994,0.0,0.0
PRO  90,85.226,0.0,0.0,-2.676,0.0,0.0,-56.84,0.0,0.0,-5.948,0.0,0.0,0.0,0.0,0.0,19.761999999999993,0.0,0.0
ILE  91,80.571,0.0,0.0,-5.743,0.0,0.0,-55.645,0.0,0.0,-4.588,0.0,0.0,0.0,0.0,0.0,14.594999999999999,0.0,0.0
ALA  92,94.102,0.0,0.0,-3.534,0.0,0.0,-68.345,0.0,0.0,-4.743,0.0,0.0,0.0,0.0,0.0,17.479999999999997,0.0,0.0
PRO  93,83.713,0.0,0.0,-2.605,0.0,0.0,-58.129,0.0,0.0,-4.733,0.0,0.0,0.0,0.0,0.0,18.24599999999999,0.0,0.0
GLY  94,72.379,0.0,0.0,-1.899,0.0,0.0,-65.998,0.0,0.0,-6.755,0.0,0.0,0.0,0.0,0.0,-2.2730000000000006,0.0,0.0
GLN  95,35.12,0.0,0.0,-5.767,0.0,0.0,-69.698,0.0,0.0,-12.401,0.0,0.0,0.0,0.0,0.0,-52.745999999999995,0.0,0.0
MET  96,107.342,0.0,0.0,-10.377,0.0,0.0,-76.706,0.0,0.0,-4.883,0.0,0.0,0.0,0.0,0.0,15.376000000000001,0.0,0.0
ARG  97,-198.269,0.0,0.0,-8.934,0.0,0.0,-16.843,0.0,0.0,37.341,0.0,0.0,0.0,0.0,0.0,-186.70499999999998,0.0,0.0
GLU  98,107.284,0.0,0.0,-7.677,0.0,0.0,-59.473,0.0,0.0,-94.945,0.0,0.0,0.0,0.0,0.0,-54.81099999999999,0.0,0.0
PRO  99,95.731,0.0,0.0,-10.071,0.0,0.0,-61.488,0.0,0.0,-1.889,0.0,0.0,0.0,0.0,0.0,22.282999999999998,0.0,0.0
ARG 100,-186.559,0.0,0.0,-10.864,0.0,0.0,-23.819,0.0,0.0,44.888,0.0,0.0,0.0,0.0,0.0,-176.35399999999998,0.0,0.0
GLY 101,78.544,0.0,0.0,-6.077,0.0,0.0,-85.043,0.0,0.0,2.312,0.0,0.0,0.0,0.0,0.0,-10.264000000000008,0.0,0.0
SER 102,78.103,0.0,0.0,-5.864,0.0,0.0,-71.548,0.0,0.0,-1.981,0.0,0.0,0.0,0.0,0.0,-1.2900000000000118,0.0,0.0
ASP 103,95.839,0.0,0.0,-8.769,0.0,0.0,-99.361,0.0,0.0,-47.132,0.0,0.0,0.0,0.0,0.0,-59.42300000000001,0.0,0.0
ILE 104,76.723,0.0,0.0,-11.43,0.0,0.0,-61.733,0.0,0.0,1.308,0.0,0.0,0.0,0.0,0.0,4.868000000000009,0.0,0.0
ALA 105,85.869,0.0,0.0,-7.549,0.0,0.0,-77.673,0.0,0.0,2.129,0.0,0.0,0.0,0.0,0.0,2.7759999999999914,0.0,0.0
GLY 106,86.107,0.0,0.0,-4.59,0.0,0.0,-84.984,0.0,0.0,-3.277,0.0,0.0,0.0,0.0,0.0,-6.743999999999999,0.0,0.0
THR 107,58.671,0.0,0.0,-5.566,0.0,0.0,-57.17,0.0,0.0,-6.565,0.0,0.0,0.0,0.0,0.0,-10.630000000000006,0.0,0.0
THR 108,43.644,0.0,0.0,-3.595,0.0,0.0,-56.66,0.0,0.0,-2.792,0.0,0.0,0.0,0.0,0.0,-19.403,0.0,0.0
SER 109,76.759,0.0,0.0,-6.687,0.0,0.0,-70.803,0.0,0.0,-2.266,0.0,0.0,0.0,0.0,0.0,-2.9969999999999946,0.0,0.0
THR 110,38.969,0.0,0.0,-7.024,0.0,0.0,-40.362,0.0,0.0,-7.491,0.0,0.0,0.0,0.0,0.0,-15.908000000000001,0.0,0.0
LEU 111,66.211,0.0,0.0,-10.028,0.0,0.0,-65.967,0.0,0.0,-3.618,0.0,0.0,0.0,0.0,0.0,-13.402,0.0,0.0
GLN 112,42.189,0.0,0.0,-6.46,0.0,0.0,-78.827,0.0,0.0,-10.621,0.0,0.0,0.0,0.0,0.0,-53.719,0.0,0.0
GLU 113,102.998,0.0,0.0,-8.141,0.0,0.0,-91.904,0.0,0.0,-58.851,0.0,0.0,0.0,0.0,0.0,-55.897999999999996,0.0,0.0
GLN 114,41.743,0.0,0.0,-11.769,0.0,0.0,-88.179,0.0,0.0,1.786,0.0,0.0,0.0,0.0,0.0,-56.419,0.0,0.0
ILE 115,84.251,0.0,0.0,-9.293,0.0,0.0,-67.559,0.0,0.0,-1.468,0.0,0.0,0.0,0.0,0.0,5.931000000000001,0.0,0.0
GLY 116,73.65,0.0,0.0,-6.041,0.0,0.0,-71.787,0.0,0.0,-1.821,0.0,0.0,0.0,0.0,0.0,-5.998999999999997,0.0,0.0
TRP 117,124.518,0.0,0.0,-20.604,0.0,0.0,-93.651,0.0,0.0,-0.758,0.0,0.0,0.0,0.0,0.0,9.505000000000006,0.0,0.0
MET 118,99.902,0.0,0.0,-11.74,0.0,0.0,-82.299,0.0,0.0,-2.538,0.0,0.0,0.0,0.0,0.0,3.3249999999999997,0.0,0.0
THR 119,39.849,0.0,0.0,-5.619,0.0,0.0,-44.938,0.0,0.0,-6.636,0.0,0.0,0.0,0.0,0.0,-17.344000000000005,0.0,0.0
HID 120,91.618,0.0,0.0,-10.773,0.0,0.0,-59.094,0.0,0.0,-5.232,0.0,0.0,0.0,0.0,0.0,16.519,0.0,0.0
ASN 121,44.443,0.0,0.0,-4.82,0.0,0.0,-83.241,0.0,0.0,-12.496,0.0,0.0,0.0,0.0,0.0,-56.114000000000004,0.0,0.0
PRO 122,94.457,0.0,0.0,-3.858,0.0,0.0,-58.532,0.0,0.0,-3.238,0.0,0.0,0.0,0.0,0.0,28.828999999999994,0.0,0.0
PRO 123,83.711,0.0,0.0,-6.428,0.0,0.0,-58.887,0.0,0.0,-2.629,0.0,0.0,0.0,0.0,0.0,15.767000000000001,0.0,0.0
ILE 124,92.987,0.0,0.0,-7.805,0.0,0.0,-60.184,0.0,0.0,-0.809,0.0,0.0,0.0,0.0,0.0,24.18899999999999,0.0,0.0
PRO 125,89.024,0.0,0.0,-6.262,0.0,0.0,-66.378,0.0,0.0,-0.478,0.0,0.0,0.0,0.0,0.0,15.906,0.0,0.0
VAL 126,54.467,0.0,0.0,-11.498,0.0,0.0,-55.822,0.0,0.0,0.213,0.0,0.0,0.0,0.0,0.0,-12.640000000000002,0.0,0.0
GLY 127,73.172,0.0,0.0,-6.028,0.0,0.0,-71.983,0.0,0.0,0.151,0.0,0.0,0.0,0.0,0.0,-4.688000000000013,0.0,0.0
GLU 128,105.024,0.0,0.0,-9.092,0.0,0.0,-101.754,0.0,0.0,-47.386,0.0,0.0,0.0,0.0,0.0,-53.208000000000006,0.0,0.0
ILE 129,78.809,0.0,0.0,-10.301,0.0,0.0,-65.695,0.0,0.0,-0.193,0.0,0.0,0.0,0.0,0.0,2.6200000000000023,0.0,0.0
TYR 130,91.23,0.0,0.0,-14.419,0.0,0.0,-89.356,0.0,0.0,0.043,0.0,0.0,0.0,0.0,0.0,-12.501999999999988,0.0,0.0
LYS 131,145.491,0.0,0.0,-11.104,0.0,0.0,-168.993,0.0,0.0,30.852,0.0,0.0,0.0,0.0,0.0,-3.7539999999999942,0.0,0.0
ARG 132,-184.871,0.0,0.0,-9.539,0.0,0.0,28.778,0.0,0.0,-0.109,0.0,0.0,0.0,0.0,0.0,-165.741,0.0,0.0
TRP 133,127.714,0.0,0.0,-19.812,0.0,0.0,-92.524,0.0,0.0,-3.326,0.0,0.0,0.0,0.0,0.0,12.052,0.0,0.0
ILE 134,88.064,0.0,0.0,-11.468,0.0,0.0,-68.122,0.0,0.0,-0.618,0.0,0.0,0.0,0.0,0.0,7.855999999999989,0.0,0.0
ILE 135,80.972,0.0,0.0,-10.354,0.0,0.0,-65.594,0.0,0.0,0.059,0.0,0.0,0.0,0.0,0.0,5.083000000000001,0.0,0.0
LEU 136,70.362,0.0,0.0,-6.806,0.0,0.0,-74.042,0.0,0.0,1.437,0.0,0.0,0.0,0.0,0.0,-9.049000000000005,0.0,0.0
GLY 137,77.31,0.0,0.0,-6.028,0.0,0.0,-77.922,0.0,0.0,0.316,0.0,0.0,0.0,0.0,0.0,-6.324000000000001,0.0,0.0
LEU 138,64.305,0.0,0.0,-12.116,0.0,0.0,-65.08,0.0,0.0,-0.019,0.0,0.0,0.0,0.0,0.0,-12.909999999999991,0.0,0.0
ASN 139,39.717,0.0,0.0,-8.205,0.0,0.0,-85.079,0.0,0.0,-7.805,0.0,0.0,0.0,0.0,0.0,-61.37199999999999,0.0,0.0
LYS 140,131.416,0.0,0.0,-7.983,0.0,0.0,-152.21,0.0,0.0,21.654,0.0,0.0,0.0,0.0,0.0,-7.123000000000015,0.0,0.0
ILE 141,94.896,0.0,0.0,-6.833,0.0,0.0,-77.832,0.0,0.0,0.277,0.0,0.0,0.0,0.0,0.0,10.508000000000008,0.0,0.0
VAL 142,63.095,0.0,0.0,-9.695,0.0,0.0,-52.729,0.0,0.0,-1.651,0.0,0.0,0.0,0.0,0.0,-0.9800000000000006,0.0,0.0
ARG 143,-197.525,0.0,0.0,-11.272,0.0,0.0,15.475,0.0,0.0,20.865,0.0,0.0,0.0,0.0,0.0,-172.457,0.0,0.0
MET 144,85.296,0.0,0.0,-8.388,0.0,0.0,-69.743,0.0,0.0,-5.33,0.0,0.0,0.0,0.0,0.0,1.8350000000000062,0.0,0.0
TYR 145,85.921,0.0,0.0,-8.031,0.0,0.0,-79.29,0.0,0.0,-8.403,0.0,0.0,0.0,0.0,0.0,-9.803000000000006,0.0,0.0
SER 146,75.337,0.0,0.0,-5.974,0.0,0.0,-56.179,0.0,0.0,-0.873,0.0,0.0,0.0,0.0,0.0,12.310999999999998,0.0,0.0
PRO 147,89.368,0.0,0.0,-5.166,0.0,0.0,-60.539,0.0,0.0,-4.877,0.0,0.0,0.0,0.0,0.0,18.785999999999998,0.0,0.0
THR 148,44.877,0.0,0.0,-6.26,0.0,0.0,-43.233,0.0,0.0,-6.177,0.0,0.0,0.0,0.0,0.0,-10.792999999999992,0.0,0.0
SER 149,59.945,0.0,0.0,-5.795,0.0,0.0,-56.879,0.0,0.0,0.99,0.0,0.0,0.0,0.0,0.0,-1.7389999999999992,0.0,0.0
ILE 150,80.159,0.0,0.0,-5.523,0.0,0.0,-58.908,0.0,0.0,0.17,0.0,0.0,0.0,0.0,0.0,15.898000000000009,0.0,0.0
LEU 151,58.048,0.0,0.0,-5.1,0.0,0.0,-67.786,0.0,0.0,0.037,0.0,0.0,0.0,0.0,0.0,-14.801,0.0,0.0
ASP 152,98.561,0.0,0.0,-5.623,0.0,0.0,-74.594,0.0,0.0,-83.903,0.0,0.0,0.0,0.0,0.0,-65.559,0.0,0.0
ILE 153,105.073,0.0,0.0,-9.219,0.0,0.0,-75.874,0.0,0.0,-1.455,0.0,0.0,0.0,0.0,0.0,18.525000000000006,0.0,0.0
ARG 154,-189.328,0.0,0.0,-7.203,0.0,0.0,12.659,0.0,0.0,14.243,0.0,0.0,0.0,0.0,0.0,-169.62900000000002,0.0,0.0
GLN 155,31.682,0.0,0.0,-10.101,0.0,0.0,-88.214,0.0,0.0,0.145,0.0,0.0,0.0,0.0,0.0,-66.48800000000001,0.0,0.0
GLY 156,86.035,0.0,0.0,-1.973,0.0,0.0,-76.654,0.0,0.0,-2.726,0.0,0.0,0.0,0.0,0.0,4.682000000000001,0.0,0.0
PRO 157,86.159,0.0,0.0,-4.685,0.0,0.0,-52.861,0.0,0.0,-5.45,0.0,0.0,0.0,0.0,0.0,23.163000000000007,0.0,0.0
LYS 158,126.721,0.0,0.0,-6.736,0.0,0.0,-147.648,0.0,0.0,19.776,0.0,0.0,0.0,0.0,0.0,-7.886999999999997,0.0,0.0
GLU 159,111.15,0.0,0.0,-7.361,0.0,0.0,-113.885,0.0,0.0,-38.98,0.0,0.0,0.0,0.0,0.0,-49.076,0.0,0.0
PRO 160,79.317,0.0,0.0,-9.213,0.0,0.0,-57.543,0.0,0.0,-0.345,0.0,0.0,0.0,0.0,0.0,12.216,0.0,0.0
PHE 161,114.205,0.0,0.0,-13.663,0.0,0.0,-77.271,0.0,0.0,-0.232,0.0,0.0,0.0,0.0,0.0,23.039,0.0,0.0
ARG 162,-197.271,0.0,0.0,-8.782,0.0,0.0,26.55,0.0,0.0,14.96,0.0,0.0,0.0,0.0,0.0,-164.54299999999998,0.0,0.0
ASP 163,89.284,0.0,0.0,-8.164,0.0,0.0,-82.107,0.0,0.0,-64.244,0.0,0.0,0.0,0.0,0.0,-65.231,0.0,0.0
TYR 164,97.025,0.0,0.0,-15.234,0.0,0.0,-96.77,0.0,0.0,0.207,0.0,0.0,0.0,0.0,0.0,-14.771999999999984,0.0,0.0
VAL 165,47.39,0.0,0.0,-8.54,0.0,0.0,-52.124,0.0,0.0,1.61,0.0,0.0,0.0,0.0,0.0,-11.664000000000001,0.0,0.0
ASP 166,118.612,0.0,0.0,-6.406,0.0,0.0,-119.633,0.0,0.0,-49.902,0.0,0.0,0.0,0.0,0.0,-57.32900000000001,0.0,0.0
ARG 167,-193.06,0.0,0.0,-11.577,0.0,0.0,2.603,0.0,0.0,20.7,0.0,0.0,0.0,0.0,0.0,-181.334,0.0,0.0
PHE 168,93.042,0.0,0.0,-16.019,0.0,0.0,-80.739,0.0,0.0,0.601,0.0,0.0,0.0,0.0,0.0,-3.115000000000008,0.0,0.0
TYR 169,100.709,0.0,0.0,-10.203,0.0,0.0,-87.673,0.0,0.0,-3.895,0.0,0.0,0.0,0.0,0.0,-1.0620000000000016,0.0,0.0
LYS 170,136.527,0.0,0.0,-8.986,0.0,0.0,-155.754,0.0,0.0,14.475,0.0,0.0,0.0,0.0,0.0,-13.738000000000008,0.0,0.0
THR 171,47.259,0.0,0.0,-9.436,0.0,0.0,-58.93,0.0,0.0,-0.823,0.0,0.0,0.0,0.0,0.0,-21.93,0.0,0.0
LEU 172,71.595,0.0,0.0,-10.852,0.0,0.0,-67.751,0.0,0.0,-2.462,0.0,0.0,0.0,0.0,0.0,-9.47000000000001,0.0,0.0
ARG 173,-191.752,0.0,0.0,-11.485,0.0,0.0,9.306,0.0,0.0,17.503,0.0,0.0,0.0,0.0,0.0,-176.428,0.0,0.0
ALA 174,84.928,0.0,0.0,-8.483,0.0,0.0,-78.947,0.0,0.0,-0.432,0.0,0.0,0.0,0.0,0.0,-2.9340000000000095,0.0,0.0
GLU 175,107.724,0.0,0.0,-6.324,0.0,0.0,-94.999,0.0,0.0,-57.918,0.0,0.0,0.0,0.0,0.0,-51.51699999999999,0.0,0.0
GLN 176,27.382,0.0,0.0,-4.976,0.0,0.0,-68.933,0.0,0.0,-9.316,0.0,0.0,0.0,0.0,0.0,-55.843,0.0,0.0
ALA 177,95.745,0.0,0.0,-5.08,0.0,0.0,-83.407,0.0,0.0,-4.473,0.0,0.0,0.0,0.0,0.0,2.78500000000001,0.0,0.0
SER 178,77.47,0.0,0.0,-4.694,0.0,0.0,-64.782,0.0,0.0,-5.39,0.0,0.0,0.0,0.0,0.0,2.604,0.0,0.0
GLN 179,23.294,0.0,0.0,-4.686,0.0,0.0,-67.762,0.0,0.0,-7.204,0.0,0.0,0.0,0.0,0.0,-56.358,0.0,0.0
GLU 180,112.86,0.0,0.0,-4.021,0.0,0.0,-67.448,0.0,0.0,-97.44,0.0,0.0,0.0,0.0,0.0,-56.04899999999999,0.0,0.0
VAL 181,65.839,0.0,0.0,-6.31,0.0,0.0,-57.644,0.0,0.0,-1.518,0.0,0.0,0.0,0.0,0.0,0.366999999999998,0.0,0.0
LYS 182,115.894,0.0,0.0,-8.051,0.0,0.0,-106.293,0.0,0.0,-8.443,0.0,0.0,0.0,0.0,0.0,-6.8930000000000025,0.0,0.0
ASN 183,25.807,0.0,0.0,-4.555,0.0,0.0,-80.908,0.0,0.0,-11.259,0.0,0.0,0.0,0.0,0.0,-70.915,0.0,0.0
TRP 184,121.998,0.0,0.0,-11.354,0.0,0.0,-90.689,0.0,0.0,-5.498,0.0,0.0,0.0,0.0,0.0,14.457000000000011,0.0,0.0
MET 185,103.899,0.0,0.0,-12.665,0.0,0.0,-88.568,0.0,0.0,-0.27,0.0,0.0,0.0,0.0,0.0,2.396000000000011,0.0,0.0
THR 186,42.673,0.0,0.0,-7.827,0.0,0.0,-54.793,0.0,0.0,-1.212,0.0,0.0,0.0,0.0,0.0,-21.158999999999995,0.0,0.0
GLU 187,103.182,0.0,0.0,-5.571,0.0,0.0,-56.947,0.0,0.0,-100.911,0.0,0.0,0.0,0.0,0.0,-60.247,0.0,0.0
THR 188,39.109,0.0,0.0,-8.635,0.0,0.0,-49.719,0.0,0.0,0.781,0.0,0.0,0.0,0.0,0.0,-18.464,0.0,0.0
LEU 189,57.183,0.0,0.0,-9.773,0.0,0.0,-62.472,0.0,0.0,0.742,0.0,0.0,0.0,0.0,0.0,-14.320000000000004,0.0,0.0
LEU 190,85.981,0.0,0.0,-11.602,0.0,0.0,-89.368,0.0,0.0,1.36,0.0,0.0,0.0,0.0,0.0,-13.629000000000005,0.0,0.0
VAL 191,54.979,0.0,0.0,-7.868,0.0,0.0,-60.048,0.0,0.0,2.137,0.0,0.0,0.0,0.0,0.0,-10.800000000000004,0.0,0.0
GLN 192,27.401,0.0,0.0,-6.91,0.0,0.0,-67.689,0.0,0.0,-6.902,0.0,0.0,0.0,0.0,0.0,-54.099999999999994,0.0,0.0
ASN 193,15.706,0.0,0.0,-8.434,0.0,0.0,-78.046,0.0,0.0,-3.012,0.0,0.0,0.0,0.0,0.0,-73.786,0.0,0.0
ALA 194,89.567,0.0,0.0,-6.763,0.0,0.0,-80.711,0.0,0.0,0.755,0.0,0.0,0.0,0.0,0.0,2.847999999999989,0.0,0.0
ASN 195,47.988,0.0,0.0,-8.673,0.0,0.0,-96.715,0.0,0.0,-3.574,0.0,0.0,0.0,0.0,0.0,-60.974000000000004,0.0,0.0
PRO 196,81.174,0.0,0.0,-5.37,0.0,0.0,-56.807,0.0,0.0,-1.252,0.0,0.0,0.0,0.0,0.0,17.745,0.0,0.0
ASP 197,84.773,0.0,0.0,-5.538,0.0,0.0,-66.035,0.0,0.0,-81.611,0.0,0.0,0.0,0.0,0.0,-68.411,0.0,0.0
CYX 198,100.081,0.0,0.0,-9.376,0.0,0.0,-80.702,0.0,0.0,-1.702,0.0,0.0,0.0,0.0,0.0,8.301,0.0,0.0
LYS 199,143.094,0.0,0.0,-9.484,0.0,0.0,-121.982,0.0,0.0,-14.58,0.0,0.0,0.0,0.0,0.0,-2.952000000000014,0.0,0.0
THR 200,47.277,0.0,0.0,-7.016,0.0,0.0,-56.461,0.0,0.0,-6.1,0.0,0.0,0.0,0.0,0.0,-22.299999999999997,0.0,0.0
ILE 201,72.284,0.0,0.0,-7.453,0.0,0.0,-54.799,0.0,0.0,-0.83,0.0,0.0,0.0,0.0,0.0,9.202000000000004,0.0,0.0
LEU 202,79.653,0.0,0.0,-9.133,0.0,0.0,-72.409,0.0,0.0,-4.051,0.0,0.0,0.0,0.0,0.0,-5.939999999999996,0.0,0.0
LYS 203,118.605,0.0,0.0,-6.272,0.0,0.0,-89.949,0.0,0.0,-26.176,0.0,0.0,0.0,0.0,0.0,-3.791999999999998,0.0,0.0
ALA 204,84.335,0.0,0.0,-3.215,0.0,0.0,-71.774,0.0,0.0,-4.641,0.0,0.0,0.0,0.0,0.0,4.704999999999989,0.0,0.0
LEU 205,72.722,0.0,0.0,-5.762,0.0,0.0,-72.881,0.0,0.0,-5.486,0.0,0.0,0.0,0.0,0.0,-11.407000000000007,0.0,0.0
GLY 206,89.864,0.0,0.0,-2.519,0.0,0.0,-73.413,0.0,0.0,-4.924,0.0,0.0,0.0,0.0,0.0,9.008000000000003,0.0,0.0
PRO 207,79.738,0.0,0.0,-2.083,0.0,0.0,-52.645,0.0,0.0,-8.939,0.0,0.0,0.0,0.0,0.0,16.070999999999998,0.0,0.0
GLY 208,69.541,0.0,0.0,-1.801,0.0,0.0,-62.029,0.0,0.0,-6.67,0.0,0.0,0.0,0.0,0.0,-0.9590000000000085,0.0,0.0
ALA 209,100.13,0.0,0.0,-4.374,0.0,0.0,-85.433,0.0,0.0,-3.938,0.0,0.0,0.0,0.0,0.0,6.384999999999993,0.0,0.0
THR 210,45.607,0.0,0.0,-5.744,0.0,0.0,-48.685,0.0,0.0,-8.515,0.0,0.0,0.0,0.0,0.0,-17.337000000000003,0.0,0.0
LEU 211,56.966,0.0,0.0,-7.011,0.0,0.0,-62.618,0.0,0.0,-2.804,0.0,0.0,0.0,0.0,0.0,-15.467000000000004,0.0,0.0
GLU 212,109.612,0.0,0.0,-5.123,0.0,0.0,-49.897,0.0,0.0,-115.97,0.0,0.0,0.0,0.0,0.0,-61.37800000000001,0.0,0.0
GLU 213,99.411,0.0,0.0,-8.407,0.0,0.0,-39.77,0.0,0.0,-116.532,0.0,0.0,0.0,0.0,0.0,-65.298,0.0,0.0
MET 214,98.71,0.0,0.0,-12.003,0.0,0.0,-79.758,0.0,0.0,-0.72,0.0,0.0,0.0,0.0,0.0,6.228999999999998,0.0,0.0
MET 215,103.214,0.0,0.0,-9.126,0.0,0.0,-85.709,0.0,0.0,-2.193,0.0,0.0,0.0,0.0,0.0,6.185999999999991,0.0,0.0
THR 216,41.408,0.0,0.0,-4.626,0.0,0.0,-50.438,0.0,0.0,-2.569,0.0,0.0,0.0,0.0,0.0,-16.224999999999998,0.0,0.0
ALA 217,79.804,0.0,0.0,-5.456,0.0,0.0,-63.501,0.0,0.0,-1.645,0.0,0.0,0.0,0.0,0.0,9.202000000000002,0.0,0.0
CYX 218,91.226,0.0,0.0,-7.731,0.0,0.0,-78.379,0.0,0.0,0.141,0.0,0.0,0.0,0.0,0.0,5.257,0.0,0.0
GLN 219,33.435,0.0,0.0,-6.708,0.0,0.0,-68.618,0.0,0.0,-9.556,0.0,0.0,0.0,0.0,0.0,-51.44699999999999,0.0,0.0
GLY 220,101.196,0.0,0.0,-4.96,0.0,0.0,-86.761,0.0,0.0,-1.958,0.0,0.0,0.0,0.0,0.0,7.517000000000008,0.0,0.0
VAL 221,31.967,0.0,0.0,-2.229,0.0,0.0,-47.826,0.0,0.0,-79.307,0.0,0.0,0.0,0.0,0.0,-97.39500000000001,0.0,0.0

Receptor:
Total Energy Decomposition:
Residue,Internal,,,van der Waals,,,Electrostatic,,,Polar Solvation,,,Non-Polar Solv.,,,TOTAL,,
,Avg.,Std. Dev.,Std. Err. of Mean,Avg.,Std. Dev.,Std. Err. of Mean,Avg.,Std. Dev.,Std. Err. of Mean,Avg.,Std. Dev.,Std. Err. of Mean,Avg.,Std. Dev.,Std. Err. of Mean,Avg.,Std. Dev.,Std. Err. of Mean
PRO   1,98.12,0.0,0.0,-7.799,0.0,0.0,-105.187,0.0,0.0,6.64,0.0,0.0,0.0,0.0,0.0,-8.225999999999999,0.0,0.0
ILE   2,100.356,0.0,0.0,-9.604,0.0,0.0,-71.097,0.0,0.0,-2.832,0.0,0.0,0.0,0.0,0.0,16.823,0.0,0.0
VAL   3,51.837,0.0,0.0,-6.986,0.0,0.0,-56.814,0.0,0.0,-1.965,0.0,0.0,0.0,0.0,0.0,-13.927999999999994,0.0,0.0
GLN   4,19.324,0.0,0.0,-7.196,0.0,0.0,-56.456,0.0,0.0,-10.869,0.0,0.0,0.0,0.0,0.0,-55.197,0.0,0.0
ASN   5,34.843,0.0,0.0,-6.223,0.0,0.0,-82.866,0.0,0.0,-12.874,0.0,0.0,0.0,0.0,0.0,-67.11999999999999,0.0,0.0
LEU   6,72.131,0.0,0.0,-3.807,0.0,0.0,-69.926,0.0,0.0,-8.017,0.0,0.0,0.0,0.0,0.0,-9.619000000000003,0.0,0.0
GLN   7,32.454,0.0,0.0,-4.967,0.0,0.0,-70.948,0.0,0.0,-13.737,0.0,0.0,0.0,0.0,0.0,-57.19799999999999,0.0,0.0
GLY   8,76.64,0.0,0.0,-3.504,0.0,0.0,-70.912,0.0,0.0,-5.636,0.0,0.0,0.0,0.0,0.0,-3.4120000000000106,0.0,0.0
GLN   9,41.199,0.0,0.0,-6.182,0.0,0.0,-79.514,0.0,0.0,-9.419,0.0,0.0,0.0,0.0,0.0,-53.916,0.0,0.0
MET  10,99.384,0.0,0.0,-9.78,0.0,0.0,-77.266,0.0,0.0,-4.623,0.0,0.0,0.0,0.0,0.0,7.714999999999994,0.0,0.0
VAL  11,55.727,0.0,0.0,-5.092,0.0,0.0,-55.959,0.0,0.0,-1.931,0.0,0.0,0.0,0.0,0.0,-7.255000000000005,0.0,0.0
HID  12,89.357,0.0,0.0,-10.188,0.0,0.0,-59.635,0.0,0.0,-7.174,0.0,0.0,0.0,0.0,0.0,12.36,0.0,0.0
GLN  13,31.042,0.0,0.0,-5.088,0.0,0.0,-70.555,0.0,0.0,-11.148,0.0,0.0,0.0,0.0,0.0,-55.74900000000001,0.0,0.0
ALA  14,95.057,0.0,0.0,-4.807,0.0,0.0,-83.542,0.0,0.0,0.072,0.0,0.0,0.0,0.0,0.0,6.7799999999999985,0.0,0.0
ILE  15,92.589,0.0,0.0,-9.54,0.0,0.0,-73.896,0.0,0.0,-3.843,0.0,0.0,0.0,0.0,0.0,5.310000000000006,0.0,0.0
SER  16,72.127,0.0,0.0,-4.869,0.0,0.0,-51.387,0.0,0.0,-7.062,0.0,0.0,0.0,0.0,0.0,8.808999999999994,0.0,0.0
PRO  17,91.102,0.0,0.0,-4.906,0.0,0.0,-60.321,0.0,0.0,-1.903,0.0,0.0,0.0,0.0,0.0,23.972,0.0,0.0
ARG  18,-187.077,0.0,0.0,-5.109,0.0,0.0,72.614,0.0,0.0,-44.791,0.0,0.0,0.0,0.0,0.0,-164.363,0.0,0.0
THR  19,50.363,0.0,0.0,-9.591,0.0,0.0,-58.652,0.0,0.0,-4.663,0.0,0.0,0.0,0.0,0.0,-22.543000000000003,0.0,0.0
LEU  20,57.81,0.0,0.0,-11.844,0.0,0.0,-58.177,0.0,0.0,-2.23,0.0,0.0,0.0,0.0,0.0,-14.440999999999999,0.0,0.0
ASN  21,16.993,0.0,0.0,-6.737,0.0,0.0,-68.593,0.0,0.0,-16.279,0.0,0.0,0.0,0.0,0.0,-74.616,0.0,0.0
ALA  22,96.594,0.0,0.0,-5.142,0.0,0.0,-82.2,0.0,0.0,-3.138,0.0,0.0,0.0,0.0,0.0,6.113999999999995,0.0,0.0
TRP  23,137.956,0.0,0.0,-18.397,0.0,0.0,-97.791,0.0,0.0,-1.678,0.0,0.0,0.0,0.0,0.0,20.09,0.0,0.0
VAL  24,63.303,0.0,0.0,-9.048,0.0,0.0,-58.404,0.0,0.0,-2.364,0.0,0.0,0.0,0.0,0.0,-6.513000000000008,0.0,0.0
LYS  25,134.597,0.0,0.0,-7.999,0.0,0.0,-113.579,0.0,0.0,-14.892,0.0,0.0,0.0,0.0,0.0,-1.8729999999999798,0.0,0.0
VAL  26,62.889,0.0,0.0,-9.235,0.0,0.0,-67.348,0.0,0.0,-2.676,0.0,0.0,0.0,0.0,0.0,-16.369999999999997,0.0,0.0
VAL  27,41.272,0.0,0.0,-7.695,0.0,0.0,-46.235,0.0,0.0,-1.507,0.0,0.0,0.0,0.0,0.0,-14.165000000000001,0.0,0.0
GLU  28,95.323,0.0,0.0,-6.652,0.0,0.0,-70.123,0.0,0.0,-78.554,0.0,0.0,0.0,0.0,0.0,-60.006000000000014,0.0,0.0
GLU  29,107.403,0.0,0.0,-6.023,0.0,0.0,-81.553,0.0,0.0,-72.815,0.0,0.0,0.0,0.0,0.0,-52.987999999999985,0.0,0.0
LYS  30,118.497,0.0,0.0,-9.314,0.0,0.0,-121.429,0.0,0.0,6.664,0.0,0.0,0.0,0.0,0.0,-5.58200000000001,0.0,0.0
ALA  31,88.627,0.0,0.0,-6.753,0.0,0.0,-74.398,0.0,0.0,-4.965,0.0,0.0,0.0,0.0,0.0,2.5109999999999992,0.0,0.0
PHE  32,102.373,0.0,0.0,-10.125,0.0,0.0,-76.21,0.0,0.0,-3.948,0.0,0.0,0.0,0.0,0.0,12.09000000000001,0.0,0.0
SER  33,90.906,0.0,0.0,-5.124,0.0,0.0,-64.259,0.0,0.0,-6.926,0.0,0.0,0.0,0.0,0.0,14.59700000000001,0.0,0.0
PRO  34,75.203,0.0,0.0,-5.674,0.0,0.0,-55.953,0.0,0.0,-1.53,0.0,0.0,0.0,0.0,0.0,12.045999999999994,0.0,0.0
GLU  35,105.695,0.0,0.0,-7.546,0.0,0.0,-86.761,0.0,0.0,-67.572,0.0,0.0,0.0,0.0,0.0,-56.18400000000001,0.0,0.0
VAL  36,54.037,0.0,0.0,-10.033,0.0,0.0,-57.231,0.0,0.0,0.733,0.0,0.0,0.0,0.0,0.0,-12.494000000000003,0.0,0.0
ILE  37,85.512,0.0,0.0,-8.536,0.0,0.0,-59.106,0.0,0.0,-0.628,0.0,0.0,0.0,0.0,0.0,17.241999999999997,0.0,0.0
PRO  38,80.733,0.0,0.0,-6.291,0.0,0.0,-57.842,0.0,0.0,-2.513,0.0,0.0,0.0,0.0,0.0,14.087000000000009,0.0,0.0
MET  39,90.882,0.0,0.0,-9.44,0.0,0.0,-72.567,0.0,0.0,-1.332,0.0,0.0,0.0,0.0,0.0,7.543000000000014,0.0,0.0
PHE  40,105.773,0.0,0.0,-14.078,0.0,0.0,-86.058,0.0,0.0,-0.592,0.0,0.0,0.0,0.0,0.0,5.044999999999987,0.0,0.0
SER  41,54.966,0.0,0.0,-5.46,0.0,0.0,-42.465,0.0,0.0,-9.814,0.0,0.0,0.0,0.0,0.0,-2.7730000000000032,0.0,0.0
ALA  42,85.662,0.0,0.0,-5.239,0.0,0.0,-66.316,0.0,0.0,-4.917,0.0,0.0,0.0,0.0,0.0,9.19,0.0,0.0
LEU  43,76.633,0.0,0.0,-10.117,0.0,0.0,-74.278,0.0,0.0,-3.59,0.0,0.0,0.0,0.0,0.0,-11.352000000000015,0.0,0.0
SER  44,73.552,0.0,0.0,-7.671,0.0,0.0,-72.388,0.0,0.0,-0.658,0.0,0.0,0.0,0.0,0.0,-7.165000000000005,0.0,0.0
GLU  45,105.166,0.0,0.0,-5.846,0.0,0.0,-80.048,0.0,0.0,-74.943,0.0,0.0,0.0,0.0,0.0,-55.67100000000001,0.0,0.0
GLY  46,67.021,0.0,0.0,-3.012,0.0,0.0,-69.338,0.0,0.0,0.929,0.0,0.0,0.0,0.0,0.0,-4.399999999999993,0.0,0.0
ALA  47,98.28,0.0,0.0,-7.029,0.0,0.0,-85.753,0.0,0.0,-1.817,0.0,0.0,0.0,0.0,0.0,3.6810000000000045,0.0,0.0
THR  48,60.952,0.0,0.0,-9.13,0.0,0.0,-61.559,0.0,0.0,0.003,0.0,0.0,0.0,0.0,0.0,-9.734000000000002,0.0,0.0
PRO  49,74.861,0.0,0.0,-10.594,0.0,0.0,-55.849,0.0,0.0,0.676,0.0,0.0,0.0,0.0,0.0,9.094000000000014,0.0,0.0
GLN  50,33.951,0.0,0.0,-9.402,0.0,0.0,-70.898,0.0,0.0,-7.394,0.0,0.0,0.0,0.0,0.0,-53.742999999999995,0.0,0.0
ASP  51,98.009,0.0,0.0,-8.616,0.0,0.0,-129.671,0.0,0.0,-16.954,0.0,0.0,0.0,0.0,0.0,-57.23199999999999,0.0,0.0
LEU  52,61.548,0.0,0.0,-12.902,0.0,0.0,-70.537,0.0,0.0,0.802,0.0,0.0,0.0,0.0,0.0,-21.089000000000006,0.0,0.0
ASN  53,36.894,0.0,0.0,-7.619,0.0,0.0,-98.146,0.0,0.0,-2.773,0.0,0.0,0.0,0.0,0.0,-71.644,0.0,0.0
THR  54,53.001,0.0,0.0,-7.486,0.0,0.0,-60.883,0.0,0.0,-1.336,0.0,0.0,0.0,0.0,0.0,-16.704,0.0,0.0
MET  55,83.505,0.0,0.0,-14.079,0.0,0.0,-67.72,0.0,0.0,-0.591,0.0,0.0,0.0,0.0,0.0,1.1149999999999889,0.0,0.0
LEU  56,62.02,0.0,0.0,-8.941,0.0,0.0,-64.544,0.0,0.0,-1.111,0.0,0.0,0.0,0.0,0.0,-12.575999999999997,0.0,0.0
ASN  57,45.825,0.0,0.0,-6.111,0.0,0.0,-100.267,0.0,0.0,-11.791,0.0,0.0,0.0,0.0,0.0,-72.344,0.0,0.0
THR  58,42.21,0.0,0.0,-7.332,0.0,0.0,-42.627,0.0,0.0,-9.854,0.0,0.0,0.0,0.0,0.0,-17.603,0.0,0.0
VAL  59,38.792,0.0,0.0,-8.961,0.0,0.0,-43.934,0.0,0.0,-0.804,0.0,0.0,0.0,0.0,0.0,-14.906999999999995,0.0,0.0
ALA  60,89.771,0.0,0.0,-5.021,0.0,0.0,-65.539,0.0,0.0,-0.71,0.0,0.0,0.0,0.0,0.0,18.500999999999998,0.0,0.0
PRO  61,85.473,0.0,0.0,-3.926,0.0,0.0,-60.272,0.0,0.0,-1.275,0.0,0.0,0.0,0.0,0.0,20.0,0.0,0.0
HID  62,103.903,0.0,0.0,-7.597,0.0,0.0,-66.866,0.0,0.0,-9.89,0.0,0.0,0.0,0.0,0.0,19.55000000000001,0.0,0.0
GLN  63,32.74,0.0,0.0,-6.112,0.0,0.0,-64.737,0.0,0.0,-12.622,0.0,0.0,0.0,0.0,0.0,-50.730999999999995,0.0,0.0
ALA  64,88.793,0.0,0.0,-4.562,0.0,0.0,-69.913,0.0,0.0,-4.55,0.0,0.0,0.0,0.0,0.0,9.768000000000011,0.0,0.0
ALA  65,87.356,0.0,0.0,-7.125,0.0,0.0,-74.13,0.0,0.0,-2.071,0.0,0.0,0.0,0.0,0.0,4.029999999999999,0.0,0.0
ALA  66,92.033,0.0,0.0,-5.936,0.0,0.0,-81.68,0.0,0.0,-1.386,0.0,0.0,0.0,0.0,0.0,3.0310000000000015,0.0,0.0
GLN  67,43.802,0.0,0.0,-6.325,0.0,0.0,-79.451,0.0,0.0,-10.582,0.0,0.0,0.0,0.0,0.0,-52.556,0.0,0.0
MET  68,92.075,0.0,0.0,-7.959,0.0,0.0,-75.961,0.0,0.0,-2.323,0.0,0.0,0.0,0.0,0.0,5.832000000000001,0.0,0.0
LEU  69,77.156,0.0,0.0,-10.267,0.0,0.0,-76.339,0.0,0.0,-2.136,0.0,0.0,0.0,0.0,0.0,-11.585999999999988,0.0,0.0
LYS  70,124.83,0.0,0.0,-8.146,0.0,0.0,-123.699,0.0,0.0,0.089,0.0,0.0,0.0,0.0,0.0,-6.926,0.0,0.0
GLU  71,112.685,0.0,0.0,-7.241,0.0,0.0,-78.509,0.0,0.0,-89.768,0.0,0.0,0.0,0.0,0.0,-62.833,0.0,0.0
THR  72,49.621,0.0,0.0,-6.572,0.0,0.0,-59.394,0.0,0.0,-3.861,0.0,0.0,0.0,0.0,0.0,-20.206,0.0,0.0
ILE  73,69.305,0.0,0.0,-9.1,0.0,0.0,-48.27,0.0,0.0,-3.062,0.0,0.0,0.0,0.0,0.0,8.873000000000003,0.0,0.0
ASN  74,18.745,0.0,0.0,-7.652,0.0,0.0,-80.44,0.0,0.0,-5.73,0.0,0.0,0.0,0.0,0.0,-75.077,0.0,0.0
GLU  75,107.789,0.0,0.0,-7.012,0.0,0.0,-50.246,0.0,0.0,-111.902,0.0,0.0,0.0,0.0,0.0,-61.371,0.0,0.0
GLU  76,98.759,0.0,0.0,-11.151,0.0,0.0,-34.44,0.0,0.0,-112.102,0.0,0.0,0.0,0.0,0.0,-58.934,0.0,0.0
ALA  77,85.367,0.0,0.0,-7.191,0.0,0.0,-71.911,0.0,0.0,-1.306,0.0,0.0,0.0,0.0,0.0,4.9590000000000005,0.0,0.0
ALA  78,97.733,0.0,0.0,-5.775,0.0,0.0,-88.546,0.0,0.0,1.361,0.0,0.0,0.0,0.0,0.0,4.772999999999992,0.0,0.0
GLU  79,112.094,0.0,0.0,-8.344,0.0,0.0,-68.46,0.0,0.0,-97.662,0.0,0.0,0.0,0.0,0.0,-62.372,0.0,0.0
TRP  80,116.11,0.0,0.0,-17.919,0.0,0.0,-90.914,0.0,0.0,-0.259,0.0,0.0,0.0,0.0,0.0,7.018000000000001,0.0,0.0
ASP  81,106.672,0.0,0.0,-8.21,0.0,0.0,-80.86,0.0,0.0,-73.47,0.0,0.0,0.0,0.0,0.0,-55.86800000000001,0.0,0.0
ARG  82,-190.753,0.0,0.0,-6.893,0.0,0.0,-2.003,0.0,0.0,33.068,0.0,0.0,0.0,0.0,0.0,-166.58100000000002,0.0,0.0
LEU  83,66.359,0.0,0.0,-6.975,0.0,0.0,-68.866,0.0,0.0,-3.56,0.0,0.0,0.0,0.0,0.0,-13.042000000000007,0.0,0.0
HID  84,111.079,0.0,0.0,-9.259,0.0,0.0,-81.933,0.0,0.0,-2.672,0.0,0.0,0.0,0.0,0.0,17.214999999999986,0.0,0.0
PRO  85,88.381,0.0,0.0,-4.501,0.0,0.0,-63.355,0.0,0.0,-5.344,0.0,0.0,0.0,0.0,0.0,15.180999999999997,0.0,0.0
VAL  86,49.873,0.0,0.0,-4.283,0.0,0.0,-51.258,0.0,0.0,-5.393,0.0,0.0,0.0,0.0,0.0,-11.061000000000007,0.0,0.0
HID  87,91.417,0.0,0.0,-6.84,0.0,0.0,-57.151,0.0,0.0,-9.443,0.0,0.0,0.0,0.0,0.0,17.982999999999997,0.0,0.0
ALA  88,88.997,0.0,0.0,-1.453,0.0,0.0,-71.612,0.0,0.0,-7.042,0.0,0.0,0.0,0.0,0.0,8.890000000000002,0.0,0.0
GLY  89,93.082,0.0,0.0,-1.493,0.0,0.0,-77.018,0.0,0.0,-5.137,0.0,0.0,0.0,0.0,0.0,9.433999999999997,0.0,0.0
PRO  90,85.226,0.0,0.0,-2.676,0.0,0.0,-56.878,0.0,0.0,-5.911,0.0,0.0,0.0,0.0,0.0,19.760999999999996,0.0,0.0
ILE  91,80.571,0.0,0.0,-5.743,0.0,0.0,-55.6,0.0,0.0,-4.632,0.0,0.0,0.0,0.0,0.0,14.596000000000002,0.0,0.0
ALA  92,94.102,0.0,0.0,-3.534,0.0,0.0,-68.359,0.0,0.0,-4.729,0.0,0.0,0.0,0.0,0.0,17.480000000000004,0.0,0.0
PRO  93,83.713,0.0,0.0,-2.605,0.0,0.0,-58.165,0.0,0.0,-4.697,0.0,0.0,0.0,0.0,0.0,18.24599999999999,0.0,0.0
GLY  94,72.379,0.0,0.0,-1.899,0.0,0.0,-66.013,0.0,0.0,-6.74,0.0,0.0,0.0,0.0,0.0,-2.2730000000000015,0.0,0.0
GLN  95,35.12,0.0,0.0,-5.767,0.0,0.0,-69.727,0.0,0.0,-12.372,0.0,0.0,0.0,0.0,0.0,-52.74600000000001,0.0,0.0
MET  96,107.342,0.0,0.0,-10.377,0.0,0.0,-76.664,0.0,0.0,-4.924,0.0,0.0,0.0,0.0,0.0,15.377000000000002,0.0,0.0
ARG  97,-198.269,0.0,0.0,-8.934,0.0,0.0,-11.953,0.0,0.0,32.535,0.0,0.0,0.0,0.0,0.0,-186.621,0.0,0.0
GLU  98,107.284,0.0,0.0,-7.677,0.0,0.0,-64.745,0.0,0.0,-89.766,0.0,0.0,0.0,0.0,0.0,-54.90400000000001,0.0,0.0
PRO  99,95.731,0.0,0.0,-10.071,0.0,0.0,-61.511,0.0,0.0,-1.867,0.0,0.0,0.0,0.0,0.0,22.281999999999993,0.0,0.0
ARG 100,-186.559,0.0,0.0,-10.864,0.0,0.0,-18.388,0.0,0.0,39.554,0.0,0.0,0.0,0.0,0.0,-176.257,0.0,0.0
GLY 101,78.544,0.0,0.0,-6.077,0.0,0.0,-85.045,0.0,0.0,2.313,0.0,0.0,0.0,0.0,0.0,-10.265000000000002,0.0,0.0
SER 102,78.103,0.0,0.0,-5.864,0.0,0.0,-71.556,0.0,0.0,-1.973,0.0,0.0,0.0,0.0,0.0,-1.2900000000000074,0.0,0.0
ASP 103,95.839,0.0,0.0,-8.768,0.0,0.0,-104.479,0.0,0.0,-42.107,0.0,0.0,0.0,0.0,0.0,-59.515,0.0,0.0
ILE 104,76.723,0.0,0.0,-11.43,0.0,0.0,-61.673,0.0,0.0,1.249,0.0,0.0,0.0,0.0,0.0,4.869000000000005,0.0,0.0
ALA 105,85.869,0.0,0.0,-7.549,0.0,0.0,-77.64,0.0,0.0,2.097,0.0,0.0,0.0,0.0,0.0,2.7769999999999926,0.0,0.0
GLY 106,86.107,0.0,0.0,-4.59,0.0,0.0,-84.95,0.0,0.0,-3.31,0.0,0.0,0.0,0.0,0.0,-6.743000000000007,0.0,0.0
THR 107,58.671,0.0,0.0,-5.565,0.0,0.0,-57.099,0.0,0.0,-6.635,0.0,0.0,0.0,0.0,0.0,-10.627999999999995,0.0,0.0
THR 108,43.644,0.0,0.0,-3.595,0.0,0.0,-56.654,0.0,0.0,-2.797,0.0,0.0,0.0,0.0,0.0,-19.402000000000005,0.0,0.0
SER 109,76.759,0.0,0.0,-6.687,0.0,0.0,-70.778,0.0,0.0,-2.292,0.0,0.0,0.0,0.0,0.0,-2.998000000000003,0.0,0.0
THR 110,38.969,0.0,0.0,-7.024,0.0,0.0,-40.425,0.0,0.0,-7.43,0.0,0.0,0.0,0.0,0.0,-15.909999999999997,0.0,0.0
LEU 111,66.211,0.0,0.0,-10.028,0.0,0.0,-65.999,0.0,0.0,-3.587,0.0,0.0,0.0,0.0,0.0,-13.402999999999995,0.0,0.0
GLN 112,42.189,0.0,0.0,-6.459,0.0,0.0,-78.863,0.0,0.0,-10.585,0.0,0.0,0.0,0.0,0.0,-53.717999999999996,0.0,0.0
GLU 113,102.998,0.0,0.0,-8.141,0.0,0.0,-96.689,0.0,0.0,-54.147,0.0,0.0,0.0,0.0,0.0,-55.97899999999999,0.0,0.0
GLN 114,41.743,0.0,0.0,-11.769,0.0,0.0,-88.19,0.0,0.0,1.797,0.0,0.0,0.0,0.0,0.0,-56.419,0.0,0.0
ILE 115,84.251,0.0,0.0,-9.293,0.0,0.0,-67.591,0.0,0.0,-1.437,0.0,0.0,0.0,0.0,0.0,5.930000000000004,0.0,0.0
GLY 116,73.65,0.0,0.0,-6.041,0.0,0.0,-71.783,0.0,0.0,-1.825,0.0,0.0,0.0,0.0,0.0,-5.998999999999993,0.0,0.0
TRP 117,124.518,0.0,0.0,-20.604,0.0,0.0,-93.657,0.0,0.0,-0.751,0.0,0.0,0.0,0.0,0.0,9.506000000000006,0.0,0.0
MET 118,99.902,0.0,0.0,-11.74,0.0,0.0,-82.293,0.0,0.0,-2.544,0.0,0.0,0.0,0.0,0.0,3.3249999999999997,0.0,0.0
THR 119,39.849,0.0,0.0,-5.619,0.0,0.0,-44.886,0.0,0.0,-6.688,0.0,0.0,0.0,0.0,0.0,-17.344000000000005,0.0,0.0
HID 120,91.618,0.0,0.0,-10.773,0.0,0.0,-59.049,0.0,0.0,-5.277,0.0,0.0,0.0,0.0,0.0,16.519,0.0,0.0
ASN 121,44.443,0.0,0.0,-4.82,0.0,0.0,-83.201,0.0,0.0,-12.536,0.0,0.0,0.0,0.0,0.0,-56.114,0.0,0.0
PRO 122,94.457,0.0,0.0,-3.858,0.0,0.0,-58.503,0.0,0.0,-3.266,0.0,0.0,0.0,0.0,0.0,28.82999999999999,0.0,0.0
PRO 123,83.711,0.0,0.0,-6.428,0.0,0.0,-58.943,0.0,0.0,-2.575,0.0,0.0,0.0,0.0,0.0,15.765000000000004,0.0,0.0
ILE 124,92.987,0.0,0.0,-7.805,0.0,0.0,-60.135,0.0,0.0,-0.856,0.0,0.0,0.0,0.0,0.0,24.19099999999999,0.0,0.0
PRO 125,89.024,0.0,0.0,-6.262,0.0,0.0,-66.434,0.0,0.0,-0.424,0.0,0.0,0.0,0.0,0.0,15.904000000000003,0.0,0.0
VAL 126,54.467,0.0,0.0,-11.498,0.0,0.0,-55.891,0.0,0.0,0.28,0.0,0.0,0.0,0.0,0.0,-12.641999999999998,0.0,0.0
GLY 127,73.172,0.0,0.0,-6.028,0.0,0.0,-72.04,0.0,0.0,0.206,0.0,0.0,0.0,0.0,0.0,-4.690000000000015,0.0,0.0
GLU 128,105.024,0.0,0.0,-9.091,0.0,0.0,-107.576,0.0,0.0,-41.681,0.0,0.0,0.0,0.0,0.0,-53.323999999999984,0.0,0.0
ILE 129,78.809,0.0,0.0,-10.3,0.0,0.0,-65.821,0.0,0.0,-0.071,0.0,0.0,0.0,0.0,0.0,2.617000000000002,0.0,0.0
TYR 130,91.23,0.0,0.0,-14.417,0.0,0.0,-89.465,0.0,0.0,0.149,0.0,0.0,0.0,0.0,0.0,-12.503000000000002,0.0,0.0
LYS 131,145.491,0.0,0.0,-11.101,0.0,0.0,-163.492,0.0,0.0,25.462,0.0,0.0,0.0,0.0,0.0,-3.6399999999999757,0.0,0.0
ARG 132,-184.871,0.0,0.0,-9.537,0.0,0.0,35.464,0.0,0.0,-6.665,0.0,0.0,0.0,0.0,0.0,-165.609,0.0,0.0
TRP 133,127.714,0.0,0.0,-19.809,0.0,0.0,-92.579,0.0,0.0,-3.273,0.0,0.0,0.0,0.0,0.0,12.053000000000008,0.0,0.0
ILE 134,88.064,0.0,0.0,-11.464,0.0,0.0,-68.232,0.0,0.0,-0.513,0.0,0.0,0.0,0.0,0.0,7.854999999999995,0.0,0.0
ILE 135,80.972,0.0,0.0,-10.345,0.0,0.0,-65.825,0.0,0.0,0.282,0.0,0.0,0.0,0.0,0.0,5.0839999999999925,0.0,0.0
LEU 136,70.362,0.0,0.0,-6.798,0.0,0.0,-74.353,0.0,0.0,1.737,0.0,0.0,0.0,0.0,0.0,-9.052000000000001,0.0,0.0
GLY 137,77.31,0.0,0.0,-6.022,0.0,0.0,-78.15,0.0,0.0,0.528,0.0,0.0,0.0,0.0,0.0,-6.3340000000000085,0.0,0.0
LEU 138,64.305,0.0,0.0,-12.087,0.0,0.0,-65.208,0.0,0.0,0.066,0.0,0.0,0.0,0.0,0.0,-12.923999999999994,0.0,0.0
ASN 139,39.717,0.0,0.0,-8.157,0.0,0.0,-87.133,0.0,0.0,-5.813,0.0,0.0,0.0,0.0,0.0,-61.385999999999996,0.0,0.0
LYS 140,131.416,0.0,0.0,-7.939,0.0,0.0,-143.651,0.0,0.0,13.25,0.0,0.0,0.0,0.0,0.0,-6.924000000000007,0.0,0.0
ILE 141,94.896,0.0,0.0,-6.732,0.0,0.0,-77.354,0.0,0.0,-0.224,0.0,0.0,0.0,0.0,0.0,10.586000000000002,0.0,0.0
VAL 142,63.095,0.0,0.0,-8.148,0.0,0.0,-51.759,0.0,0.0,-3.633,0.0,0.0,0.0,0.0,0.0,-0.4449999999999976,0.0,0.0
ARG 143,-197.525,0.0,0.0,-9.504,0.0,0.0,55.899,0.0,0.0,-14.647,0.0,0.0,0.0,0.0,0.0,-165.777,0.0,0.0
MET 144,85.296,0.0,0.0,-8.224,0.0,0.0,-70.229,0.0,0.0,-4.882,0.0,0.0,0.0,0.0,0.0,1.9610000000000039,0.0,0.0
TYR 145,85.921,0.0,0.0,-6.452,0.0,0.0,-78.211,0.0,0.0,-10.558,0.0,0.0,0.0,0.0,0.0,-9.29999999999999,0.0,0.0
SER 146,75.337,0.0,0.0,-3.801,0.0,0.0,-53.158,0.0,0.0,-5.913,0.0,0.0,0.0,0.0,0.0,12.465,0.0,0.0
PRO 147,89.368,0.0,0.0,-4.702,0.0,0.0,-62.944,0.0,0.0,-2.467,0.0,0.0,0.0,0.0,0.0,19.254999999999995,0.0,0.0
THR 148,44.877,0.0,0.0,-3.628,0.0,0.0,-45.247,0.0,0.0,-8.158,0.0,0.0,0.0,0.0,0.0,-12.155999999999997,0.0,0.0
SER 149,59.945,0.0,0.0,-2.055,0.0,0.0,-41.499,0.0,0.0,-13.699,0.0,0.0,0.0,0.0,0.0,2.6919999999999984,0.0,0.0
ILE 150,62.586,0.0,0.0,1.627,0.0,0.0,-29.098,0.0,0.0,-7.243,0.0,0.0,0.0,0.0,0.0,27.871999999999993,0.0,0.0

Ligand:
Total Energy Decomposition:
Residue,Internal,,,van der Waals,,,Electrostatic,,,Polar Solvation,,,Non-Polar Solv.,,,TOTAL,,
,Avg.,Std. Dev.,Std. Err. of Mean,Avg.,Std. Dev.,Std. Err. of Mean,Avg.,Std. Dev.,Std. Err. of Mean,Avg.,Std. Dev.,Std. Err. of Mean,Avg.,Std. Dev.,Std. Err. of Mean,Avg.,Std. Dev.,Std. Err. of Mean
LEU   1,38.959,0.0,0.0,-2.595,0.0,0.0,-44.093,0.0,0.0,-1.251,0.0,0.0,0.0,0.0,0.0,-8.979999999999999,0.0,0.0
ASP   2,98.561,0.0,0.0,-3.253,0.0,0.0,-79.562,0.0,0.0,-80.128,0.0,0.0,0.0,0.0,0.0,-64.38199999999999,0.0,0.0
ILE   3,105.073,0.0,0.0,-6.698,0.0,0.0,-74.792,0.0,0.0,-2.388,0.0,0.0,0.0,0.0,0.0,21.195,0.0,0.0
ARG   4,-189.328,0.0,0.0,-6.867,0.0,0.0,23.791,0.0,0.0,3.362,0.0,0.0,0.0,0.0,0.0,-169.042,0.0,0.0
GLN   5,31.682,0.0,0.0,-10.067,0.0,0.0,-88.141,0.0,0.0,0.055,0.0,0.0,0.0,0.0,0.0,-66.471,0.0,0.0
GLY   6,86.035,0.0,0.0,-1.964,0.0,0.0,-76.613,0.0,0.0,-2.758,0.0,0.0,0.0,0.0,0.0,4.699999999999998,0.0,0.0
PRO   7,86.159,0.0,0.0,-4.679,0.0,0.0,-52.784,0.0,0.0,-5.523,0.0,0.0,0.0,0.0,0.0,23.173000000000005,0.0,0.0
LYS   8,126.721,0.0,0.0,-6.732,0.0,0.0,-139.629,0.0,0.0,11.765,0.0,0.0,0.0,0.0,0.0,-7.874999999999986,8.429369702178807e-08,8.429369702178807e-08
GLU   9,111.15,0.0,0.0,-7.337,0.0,0.0,-124.438,0.0,0.0,-28.175,0.0,0.0,0.0,0.0,0.0,-48.8,0.0,0.0
PRO  10,79.317,0.0,0.0,-9.205,0.0,0.0,-57.775,0.0,0.0,-0.076,0.0,0.0,0.0,0.0,0.0,12.260999999999996,0.0,0.0
PHE  11,114.205,0.0,0.0,-13.652,0.0,0.0,-77.476,0.0,0.0,0.01,0.0,0.0,0.0,0.0,0.0,23.087,0.0,0.0
ARG  12,-197.271,0.0,0.0,-8.769,0.0,0.0,35.748,0.0,0.0,5.794,0.0,0.0,0.0,0.0,0.0,-164.498,0.0,0.0
ASP  13,89.284,0.0,0.0,-8.136,0.0,0.0,-93.075,0.0,0.0,-53.174,0.0,0.0,0.0,0.0,0.0,-65.101,0.0,0.0
TYR  14,97.025,0.0,0.0,-15.145,0.0,0.0,-97.152,0.0,0.0,0.759,0.0,0.0,0.0,0.0,0.0,-14.512999999999991,0.0,0.0
VAL  15,47.39,0.0,0.0,-8.503,0.0,0.0,-52.332,0.0,0.0,1.872,0.0,0.0,0.0,0.0,0.0,-11.573,0.0,0.0
ASP  16,118.612,0.0,0.0,-6.273,0.0,0.0,-133.999,0.0,0.0,-35.17,0.0,0.0,0.0,0.0,0.0,-56.83,0.0,0.0
ARG  17,-193.06,0.0,0.0,-10.705,0.0,0.0,15.178,0.0,0.0,6.178,0.0,0.0,0.0,0.0,0.0,-182.40900000000002,0.0,0.0
PHE  18,93.042,0.0,0.0,-15.301,0.0,0.0,-80.368,0.0,0.0,0.388,0.0,0.0,0.0,0.0,0.0,-2.2389999999999954,0.0,0.0
TYR  19,100.709,0.0,0.0,-10.022,0.0,0.0,-87.751,0.0,0.0,-3.873,0.0,0.0,0.0,0.0,0.0,-0.9370000000000074,0.0,0.0
LYS  20,136.527,0.0,0.0,-6.772,0.0,0.0,-140.501,0.0,0.0,-2.946,0.0,0.0,0.0,0.0,0.0,-13.692000000000009,0.0,0.0
THR  21,47.259,0.0,0.0,-7.205,0.0,0.0,-54.879,0.0,0.0,-3.74,0.0,0.0,0.0,0.0,0.0,-18.564999999999998,0.0,0.0
LEU  22,71.595,0.0,0.0,-9.98,0.0,0.0,-67.242,0.0,0.0,-3.062,0.0,0.0,0.0,0.0,0.0,-8.689000000000009,0.0,0.0
ARG  23,-191.752,0.0,0.0,-7.004,0.0,0.0,65.84,0.0,0.0,-29.228,0.0,0.0,0.0,0.0,0.0,-162.144,0.0,0.0
ALA  24,84.928,0.0,0.0,-4.466,0.0,0.0,-76.635,0.0,0.0,-5.084,0.0,0.0,0.0,0.0,0.0,-1.2570000000000014,0.0,0.0
GLU  25,107.724,0.0,0.0,-4.094,0.0,0.0,-70.452,0.0,0.0,-92.642,0.0,0.0,0.0,0.0,0.0,-59.463999999999984,0.0,0.0
GLN  26,27.382,0.0,0.0,-2.714,0.0,0.0,-65.503,0.0,0.0,-12.444,0.0,0.0,0.0,0.0,0.0,-53.278999999999996,0.0,0.0
ALA  27,95.745,0.0,0.0,-4.936,0.0,0.0,-84.863,0.0,0.0,-3.109,0.0,0.0,0.0,0.0,0.0,2.836999999999998,0.0,0.0
SER  28,77.47,0.0,0.0,-4.652,0.0,0.0,-64.611,0.0,0.0,-5.531,0.0,0.0,0.0,0.0,0.0,2.675999999999994,0.0,0.0
GLN  29,23.294,0.0,0.0,-4.657,0.0,0.0,-68.206,0.0,0.0,-6.77,0.0,0.0,0.0,0.0,0.0,-56.339,0.0,0.0
GLU  30,112.86,0.0,0.0,-4.009,0.0,0.0,-75.293,0.0,0.0,-89.688,0.0,0.0,0.0,0.0,0.0,-56.13000000000001,0.0,0.0
VAL  31,65.839,0.0,0.0,-6.277,0.0,0.0,-57.469,0.0,0.0,-1.671,0.0,0.0,0.0,0.0,0.0,0.4219999999999964,0.0,0.0
LYS  32,115.894,0.0,0.0,-8.006,0.0,0.0,-92.192,0.0,0.0,-22.319,0.0,0.0,0.0,0.0,0.0,-6.622999999999987,0.0,0.0
ASN  33,25.807,0.0,0.0,-4.544,0.0,0.0,-81.107,0.0,0.0,-11.038,0.0,0.0,0.0,0.0,0.0,-70.882,0.0,0.0
TRP  34,121.998,0.0,0.0,-11.299,0.0,0.0,-90.803,0.0,0.0,-5.338,0.0,0.0,0.0,0.0,0.0,14.558000000000014,0.0,0.0
MET  35,103.899,0.0,0.0,-12.189,0.0,0.0,-88.856,0.0,0.0,-0.122,0.0,0.0,0.0,0.0,0.0,2.7320000000000135,0.0,0.0
THR  36,42.673,0.0,0.0,-7.801,0.0,0.0,-54.915,0.0,0.0,-1.088,0.0,0.0,0.0,0.0,0.0,-21.131,0.0,0.0
GLU  37,103.182,0.0,0.0,-5.562,0.0,0.0,-64.566,0.0,0.0,-93.376,0.0,0.0,0.0,0.0,0.0,-60.322,0.0,0.0
THR  38,39.109,0.0,0.0,-8.61,0.0,0.0,-49.739,0.0,0.0,0.767,0.0,0.0,0.0,0.0,0.0,-18.472999999999995,0.0,0.0
LEU  39,57.183,0.0,0.0,-9.01,0.0,0.0,-62.622,0.0,0.0,0.726,0.0,0.0,0.0,0.0,0.0,-13.722999999999999,0.0,0.0
LEU  40,85.981,0.0,0.0,-11.536,0.0,0.0,-89.485,0.0,0.0,1.481,0.0,0.0,0.0,0.0,0.0,-13.559000000000006,0.0,0.0
VAL  41,54.979,0.0,0.0,-7.855,0.0,0.0,-60.026,0.0,0.0,2.113,0.0,0.0,0.0,0.0,0.0,-10.789000000000009,0.0,0.0
GLN  42,27.401,0.0,0.0,-6.88,0.0,0.0,-67.831,0.0,0.0,-6.783,0.0,0.0,0.0,0.0,0.0,-54.093,0.0,0.0
ASN  43,15.706,0.0,0.0,-8.292,0.0,0.0,-77.756,0.0,0.0,-3.439,0.0,0.0,0.0,0.0,0.0,-73.781,0.0,0.0
ALA  44,89.567,0.0,0.0,-6.753,0.0,0.0,-80.743,0.0,0.0,0.766,0.0,0.0,0.0,0.0,0.0,2.836999999999998,0.0,0.0
ASN  45,47.988,0.0,0.0,-8.667,0.0,0.0,-96.509,0.0,0.0,-3.783,0.0,0.0,0.0,0.0,0.0,-60.971000000000004,0.0,0.0
PRO  46,81.174,0.0,0.0,-5.367,0.0,0.0,-56.734,0.0,0.0,-1.323,0.0,0.0,0.0,0.0,0.0,17.75,0.0,0.0
ASP  47,84.773,0.0,0.0,-5.537,0.0,0.0,-73.398,0.0,0.0,-74.26,0.0,0.0,0.0,0.0,0.0,-68.42200000000001,0.0,0.0
CYX  48,100.081,0.0,0.0,-9.373,0.0,0.0,-80.598,0.0,0.0,-1.81,0.0,0.0,0.0,0.0,0.0,8.299999999999999,0.0,0.0
LYS  49,143.094,0.0,0.0,-9.48,0.0,0.0,-113.619,0.0,0.0,-22.94,0.0,0.0,0.0,0.0,0.0,-2.9449999999999967,0.0,0.0
THR  50,47.277,0.0,0.0,-7.015,0.0,0.0,-56.44,0.0,0.0,-6.123,0.0,0.0,0.0,0.0,0.0,-22.301,0.0,0.0
ILE  51,72.284,0.0,0.0,-7.452,0.0,0.0,-54.682,0.0,0.0,-0.952,0.0,0.0,0.0,0.0,0.0,9.198000000000006,0.0,0.0
LEU  52,79.653,0.0,0.0,-9.13,0.0,0.0,-72.296,0.0,0.0,-4.171,0.0,0.0,0.0,0.0,0.0,-5.943999999999996,0.0,0.0
LYS  53,118.605,0.0,0.0,-6.271,0.0,0.0,-82.797,0.0,0.0,-33.301,0.0,0.0,0.0,0.0,0.0,-3.763999999999996,0.0,0.0
ALA  54,84.335,0.0,0.0,-3.215,0.0,0.0,-71.68,0.0,0.0,-4.737,0.0,0.0,0.0,0.0,0.0,4.702999999999983,0.0,0.0
LEU  55,72.722,0.0,0.0,-5.762,0.0,0.0,-72.824,0.0,0.0,-5.545,0.0,0.0,0.0,0.0,0.0,-11.409000000000004,0.0,0.0
GLY  56,89.864,0.0,0.0,-2.518,0.0,0.0,-73.531,0.0,0.0,-4.806,0.0,0.0,0.0,0.0,0.0,9.008999999999997,0.0,0.0
PRO  57,79.738,0.0,0.0,-2.082,0.0,0.0,-52.604,0.0,0.0,-8.983,0.0,0.0,0.0,0.0,0.0,16.069000000000006,0.0,0.0
GLY  58,69.541,0.0,0.0,-1.801,0.0,0.0,-61.927,0.0,0.0,-6.775,0.0,0.0,0.0,0.0,0.0,-0.9620000000000051,0.0,0.0
ALA  59,100.13,0.0,0.0,-4.373,0.0,0.0,-85.557,0.0,0.0,-3.808,0.0,0.0,0.0,0.0,0.0,6.391999999999989,0.0,0.0
THR  60,45.607,0.0,0.0,-5.742,0.0,0.0,-48.612,0.0,0.0,-8.585,0.0,0.0,0.0,0.0,0.0,-17.332,0.0,0.0
LEU  61,56.966,0.0,0.0,-7.005,0.0,0.0,-62.538,0.0,0.0,-2.88,0.0,0.0,0.0,0.0,0.0,-15.456999999999997,0.0,0.0
GLU  62,109.612,0.0,0.0,-5.121,0.0,0.0,-57.912,0.0,0.0,-107.997,0.0,0.0,0.0,0.0,0.0,-61.418,0.0,0.0
GLU  63,99.411,0.0,0.0,-8.406,0.0,0.0,-46.855,0.0,0.0,-109.508,0.0,0.0,0.0,0.0,0.0,-65.358,0.0,0.0
MET  64,98.71,0.0,0.0,-12.0,0.0,0.0,-79.623,0.0,0.0,-0.863,0.0,0.0,0.0,0.0,0.0,6.2239999999999895,0.0,0.0
MET  65,103.214,0.0,0.0,-9.12,0.0,0.0,-85.656,0.0,0.0,-2.248,0.0,0.0,0.0,0.0,0.0,6.189999999999988,0.0,0.0
THR  66,41.408,0.0,0.0,-4.625,0.0,0.0,-50.46,0.0,0.0,-2.547,0.0,0.0,0.0,0.0,0.0,-16.224,0.0,0.0
ALA  67,79.804,0.0,0.0,-5.455,0.0,0.0,-63.46,0.0,0.0,-1.69,0.0,0.0,0.0,0.0,0.0,9.199000000000003,0.0,0.0
CYX  68,91.226,0.0,0.0,-7.728,0.0,0.0,-78.52,0.0,0.0,0.292,0.0,0.0,0.0,0.0,0.0,5.2700000000000085,0.0,0.0
GLN  69,33.435,0.0,0.0,-6.706,0.0,0.0,-68.79,0.0,0.0,-9.381,0.0,0.0,0.0,0.0,0.0,-51.44200000000001,0.0,0.0
GLY  70,101.196,0.0,0.0,-4.959,0.0,0.0,-86.755,0.0,0.0,-1.964,0.0,0.0,0.0,0.0,0.0,7.517999999999999,0.0,0.0
VAL  71,31.967,0.0,0.0,-2.227,0.0,0.0,-55.436,0.0,0.0,-71.719,0.0,0.0,0.0,0.0,0.0,-97.41499999999999,0.0,0.0

DELTAS:
Total Energy Decomposition:
Residue,Location,Internal,,,van der Waals,,,Electrostatic,,,Polar Solvation,,,Non-Polar Solv.,,,TOTAL,,
,,Avg.,Std. Dev.,Std. Err. of Mean,Avg.,Std. Dev.,Std. Err. of Mean,Avg.,Std. Dev.,Std. Err. of Mean,Avg.,Std. Dev.,Std. Err. of Mean,Avg.,Std. Dev.,Std. Err. of Mean
PRO   1,R PRO   1,0.0,0.0,0.0,0.0,0.0,0.0,-4.743000000000009,0.0,0.0,4.654000000000001,0.0,0.0,0.0,0.0,0.0,-0.0890000000000093,0.0,0.0
ILE   2,R ILE   2,0.0,0.0,0.0,0.0,0.0,0.0,0.02599999999999625,0.0,0.0,-0.025000000000000355,0.0,0.0,0.0,0.0,0.0,0.0009999999999976694,0.0,0.0
VAL   3,R VAL   3,0.0,0.0,0.0,0.0,0.0,0.0,-0.008000000000002672,0.0,0.0,0.008000000000000007,0.0,0.0,0.0,0.0,0.0,-3.552713678800501e-15,0.0,0.0
GLN   4,R GLN   4,0.0,0.0,0.0,0.0,0.0,0.0,-0.054999999999999716,0.0,0.0,0.05299999999999905,0.0,0.0,0.0,0.0,0.0,-0.0020000000000024443,0.0,0.0
ASN   5,R ASN   5,0.0,0.0,0.0,0.0,0.0,0.0,0.045000000000001705,0.0,0.0,-0.04399999999999871,0.0,0.0,0.0,0.0,0.0,0.000999999999990564,0.0,0.0
LEU   6,R LEU   6,0.0,0.0,0.0,0.0,0.0,0.0,0.015000000000000568,0.0,0.0,-0.015000000000000568,0.0,0.0,0.0,0.0,0.0,0.0,0.0,0.0
GLN   7,R GLN   7,0.0,0.0,0.0,0.0,0.0,0.0,0.018999999999991246,0.0,0.0,-0.018000000000000682,0.0,0.0,0.0,0.0,0.0,0.000999999999990564,0.0,0.0
GLY   8,R GLY   8,0.0,0.0,0.0,0.0,0.0,0.0,0.014000000000010004,0.0,0.0,-0.01499999999999968,0.0,0.0,0.0,0.0,0.0,-0.0009999999999896758,0.0,0.0
GLN   9,R GLN   9,0.0,0.0,0.0,0.0,0.0,0.0,0.04599999999999227,0.0,0.0,-0.04499999999999993,0.0,0.0,0.0,0.0,0.0,0.000999999999990564,0.0,0.0
MET  10,R MET  10,0.0,0.0,0.0,0.0,0.0,0.0,-0.033999999999991815,0.0,0.0,0.03300000000000036,0.0,0.0,0.0,0.0,0.0,-0.0009999999999914522,0.0,0.0
VAL  11,R VAL  11,0.0,0.0,0.0,0.0,0.0,0.0,0.028000000000005798,0.0,0.0,-0.026999999999999913,0.0,0.0,0.0,0.0,0.0,0.001000000000005663,0.0,0.0
HID  12,R HID  12,0.0,0.0,0.0,0.0,0.0,0.0,-0.03999999999999915,0.0,0.0,0.03900000000000059,0.0,0.0,0.0,0.0,0.0,-0.0009999999999994458,0.0,0.0
GLN  13,R GLN  13,0.0,0.0,0.0,0.0,0.0,0.0,0.006000000000000227,0.0,0.0,-0.006000000000000227,0.0,0.0,0.0,0.0,0.0,0.0,0.0,0.0
ALA  14,R ALA  14,0.0,0.0,0.0,0.0,0.0,0.0,-0.0049999999999954525,0.0,0.0,0.0050000000000000044,0.0,0.0,0.0,0.0,0.0,4.440892098500626e-15,0.0,0.0
ILE  15,R ILE  15,0.0,0.0,0.0,-0.0010000000000012221,0.0,0.0,0.006000000000000227,0.0,0.0,-0.004999999999999893,0.0,0.0,0.0,0.0,0.0,-4.440892098500626e-15,0.0,0.0
SER  16,R SER  16,0.0,0.0,0.0,0.0,0.0,0.0,-0.0589999999999975,0.0,0.0,0.05800000000000072,0.0,0.0,0.0,0.0,0.0,-0.000999999999995893,0.0,0.0
PRO  17,R PRO  17,0.0,0.0,0.0,0.0,0.0,0.0,-0.06500000000000483,0.0,0.0,0.06499999999999995,0.0,0.0,0.0,0.0,0.0,-7.105427357601002e-15,0.0,0.0
ARG  18,R ARG  18,0.0,0.0,0.0,-0.001000000000000334,0.0,0.0,-4.206000000000003,0.0,0.0,4.125999999999998,0.0,0.0,0.0,0.0,0.0,-0.08100000000001728,0.0,0.0
THR  19,R THR  19,0.0,0.0,0.0,-0.0010000000000012221,0.0,0.0,-0.07699999999999818,0.0,0.0,0.07399999999999984,0.0,0.0,0.0,0.0,0.0,-0.00399999999999423,0.0,0.0
LEU  20,R LEU  20,0.0,0.0,0.0,-0.0010000000000012221,0.0,0.0,-0.16400000000000148,0.0,0.0,0.15799999999999992,0.0,0.0,0.0,0.0,0.0,-0.006999999999997897,0.0,0.0
ASN  21,R ASN  21,0.0,0.0,0.0,-0.001000000000000334,0.0,0.0,-0.19700000000000273,0.0,0.0,0.1930000000000014,0.0,0.0,0.0,0.0,0.0,-0.005000000000009663,0.0,0.0
ALA  22,R ALA  22,0.0,0.0,0.0,-0.0019999999999997797,0.0,0.0,-0.375,0.0,0.0,0.3580000000000001,0.0,0.0,0.0,0.0,0.0,-0.01900000000000901,0.0,0.0
TRP  23,R TRP  23,0.0,0.0,0.0,-0.011000000000002785,0.0,0.0,-0.5120000000000005,0.0,0.0,0.47499999999999987,0.0,0.0,0.0,0.0,0.0,-0.048000000000008924,0.0,0.0
VAL  24,R VAL  24,0.0,0.0,0.0,-0.006000000000000227,0.0,0.0,-0.4399999999999977,0.0,0.0,0.4089999999999998,0.0,0.0,0.0,0.0,0.0,-0.036999999999998145,0.0,0.0
LYS  25,R LYS  25,0.0,0.0,0.0,-0.013000000000000789,0.0,0.0,-2.9750000000000085,0.0,0.0,2.8819999999999997,0.0,0.0,0.0,0.0,0.0,-0.10600000000001408,0.0,0.0
VAL  26,R VAL  26,0.0,0.0,0.0,-0.03300000000000125,0.0,0.0,-1.242999999999995,0.0,0.0,1.0790000000000002,0.0,0.0,0.0,0.0,0.0,-0.19699999999999562,0.0,0.0
VAL  27,R VAL  27,0.0,0.0,0.0,-0.02799999999999958,0.0,0.0,-0.9440000000000026,0.0,0.0,0.8839999999999999,0.0,0.0,0.0,0.0,0.0,-0.08800000000000097,0.0,0.0
GLU  28,R GLU  28,0.0,0.0,0.0,-0.0389999999999997,0.0,0.0,1.2190000000000083,0.0,0.0,-1.1929999999999978,0.0,0.0,0.0,0.0,0.0,-0.012999999999991019,0.0,0.0
GLU  29,R GLU  29,0.0,0.0,0.0,0.2159999999999993,0.0,0.0,-9.254000000000005,0.0,0.0,8.170000000000002,0.0,0.0,0.0,0.0,0.0,-0.8680000000000092,0.0,0.0
LYS  30,R LYS  30,0.0,0.0,0.0,-0.7230000000000008,0.0,0.0,8.463000000000008,0.0,0.0,-7.085,0.0,0.0,0.0,0.0,0.0,0.6550000000000091,0.0,0.0
ALA  31,R ALA  31,0.0,0.0,0.0,-0.4820000000000002,0.0,0.0,-4.709000000000003,0.0,0.0,4.912,0.0,0.0,0.0,0.0,0.0,-0.2790000000000026,0.0,0.0
PHE  32,R PHE  32,0.0,0.0,0.0,-1.8550000000000004,0.0,0.0,-0.4590000000000032,0.0,0.0,2.4059999999999997,0.0,0.0,0.0,0.0,0.0,0.09199999999999342,0.0,0.0
SER  33,R SER  33,0.0,0.0,0.0,-2.4830000000000005,0.0,0.0,-6.197999999999993,0.0,0.0,6.785,0.0,0.0,0.0,0.0,0.0,-1.8959999999999972,0.0,0.0
PRO  34,R PRO  34,0.0,0.0,0.0,-1.6479999999999997,0.0,0.0,-0.654999999999994,0.0,0.0,0.79,0.0,0.0,0.0,0.0,0.0,-1.512999999999991,0.0,0.0
GLU  35,R GLU  35,0.0,0.0,0.0,-1.2890000000000006,0.0,0.0,-27.810000000000002,0.0,0.0,29.419000000000004,0.0,0.0,0.0,0.0,0.0,0.3200000000000003,0.0,0.0
VAL  36,R VAL  36,0.0,0.0,0.0,-0.0860000000000003,0.0,0.0,0.26599999999999824,0.0,0.0,-0.21299999999999997,0.0,0.0,0.0,0.0,0.0,-0.03300000000000125,0.0,0.0
ILE  37,R ILE  37,0.0,0.0,0.0,-0.041999999999999815,0.0,0.0,-0.17599999999999483,0.0,0.0,0.172,0.0,0.0,0.0,0.0,0.0,-0.04599999999999582,0.0,0.0
PRO  38,R PRO  38,0.0,0.0,0.0,-0.026999999999999247,0.0,0.0,0.2569999999999979,0.0,0.0,-0.24400000000000022,0.0,0.0,0.0,0.0,0.0,-0.014000000000002899,0.0,0.0
MET  39,R MET  39,0.0,0.0,0.0,-0.025000000000000355,0.0,0.0,-0.1010000000000133,0.0,0.0,0.10699999999999998,0.0,0.0,0.0,0.0,0.0,-0.01900000000001878,0.0,0.0
PHE  40,R PHE  40,0.0,0.0,0.0,-0.009000000000000341,0.0,0.0,0.07600000000000762,0.0,0.0,-0.062000000000000055,0.0,0.0,0.0,0.0,0.0,0.005000000000006999,0.0,0.0
SER  41,R SER  41,0.0,0.0,0.0,-0.0030000000000001137,0.0,0.0,0.034000000000006025,0.0,0.0,-0.03200000000000003,0.0,0.0,0.0,0.0,0.0,-0.0009999999999941167,0.0,0.0
ALA  42,R ALA  42,0.0,0.0,0.0,-0.0019999999999997797,0.0,0.0,0.17100000000000648,0.0,0.0,-0.16699999999999982,0.0,0.0,0.0,0.0,0.0,0.002000000000011326,0.0,0.0
LEU  43,R LEU  43,0.0,0.0,0.0,-0.0029999999999983373,0.0,0.0,0.14500000000001023,0.0,0.0,-0.13800000000000034,0.0,0.0,0.0,0.0,0.0,0.004000000000010218,0.0,0.0
SER  44,R SER  44,0.0,0.0,0.0,-0.0009999999999994458,0.0,0.0,0.1670000000000016,0.0,0.0,-0.16099999999999992,0.0,0.0,0.0,0.0,0.0,0.00500000000001144,0.0,0.0
GLU  45,R GLU  45,0.0,0.0,0.0,-0.001000000000000334,0.0,0.0,5.353000000000009,0.0,0.0,-5.247,0.0,0.0,0.0,0.0,0.0,0.10500000000001819,0.0,0.0
GLY  46,R GLY  46,0.0,0.0,0.0,0.0,0.0,0.0,-0.058000000000006935,0.0,0.0,0.05499999999999994,0.0,0.0,0.0,0.0,0.0,-0.003000000000007219,0.0,0.0
ALA  47,R ALA  47,0.0,0.0,0.0,-0.001000000000000334,0.0,0.0,0.05299999999999727,0.0,0.0,-0.052000000000000046,0.0,0.0,0.0,0.0,0.0,-7.105427357601002e-15,0.0,0.0
THR  48,R THR  48,0.0,0.0,0.0,-0.0009999999999994458,0.0,0.0,-0.014000000000002899,0.0,0.0,0.014000000000000002,0.0,0.0,0.0,0.0,0.0,-0.0010000000000012221,0.0,0.0
PRO  49,R PRO  49,0.0,0.0,0.0,0.0,0.0,0.0,-0.017000000000003013,0.0,0.0,0.016999999999999904,0.0,0.0,0.0,0.0,0.0,-3.552713678800501e-15,0.0,0.0
GLN  50,R GLN  50,0.0,0.0,0.0,0.0,0.0,0.0,0.04899999999999238,0.0,0.0,-0.04600000000000026,0.0,0.0,0.0,0.0,0.0,0.0029999999999930083,0.0,0.0
ASP  51,R ASP  51,0.0,0.0,0.0,-0.0010000000000012221,0.0,0.0,4.701999999999998,0.0,0.0,-4.611999999999998,0.0,0.0,0.0,0.0,0.0,0.08899999999999153,0.0,0.0
LEU  52,R LEU  52,0.0,0.0,0.0,-0.0010000000000012221,0.0,0.0,-0.07099999999999795,0.0,0.0,0.06999999999999995,0.0,0.0,0.0,0.0,0.0,-0.001999999999995339,0.0,0.0
ASN  53,R ASN  53,0.0,0.0,0.0,0.0,0.0,0.0,0.03499999999999659,0.0,0.0,-0.03200000000000003,0.0,0.0,0.0,0.0,0.0,0.002999999999985903,0.0,0.0
THR  54,R THR  54,0.0,0.0,0.0,-0.001000000000000334,0.0,0.0,-0.032999999999994145,0.0,0.0,0.03200000000000003,0.0,0.0,0.0,0.0,0.0,-0.0019999999999988916,0.0,0.0
MET  55,R MET  55,0.0,0.0,0.0,-0.0019999999999988916,0.0,0.0,-0.009000000000000341,0.0,0.0,0.010000000000000009,0.0,0.0,0.0,0.0,0.0,-0.000999999999995671,0.0,0.0
LEU  56,R LEU  56,0.0,0.0,0.0,-0.0030000000000001137,0.0,0.0,-0.07600000000000762,0.0,0.0,0.07400000000000007,0.0,0.0,0.0,0.0,0.0,-0.005000000000006111,0.0,0.0
ASN  57,R ASN  57,0.0,0.0,0.0,-0.001000000000000334,0.0,0.0,0.06199999999999761,0.0,0.0,-0.0600000000000005,0.0,0.0,0.0,0.0,0.0,0.000999999999990564,0.0,0.0
THR  58,R THR  58,0.0,0.0,0.0,-0.001000000000000334,0.0,0.0,-0.07399999999999807,0.0,0.0,0.07499999999999929,0.0,0.0,0.0,0.0,0.0,3.552713678800501e-15,0.0,0.0
VAL  59,R VAL  59,0.0,0.0,0.0,-0.004999999999999005,0.0,0.0,-0.03900000000000148,0.0,0.0,0.039000000000000035,0.0,0.0,0.0,0.0,0.0,-0.005000000000004334,0.0,0.0
ALA  60,R ALA  60,0.0,0.0,0.0,-0.001000000000000334,0.0,0.0,0.019000000000005457,0.0,0.0,-0.018000000000000016,0.0,0.0,0.0,0.0,0.0,0.0,0.0,0.0
PRO  61,R PRO  61,0.0,0.0,0.0,-0.0029999999999996696,0.0,0.0,0.08500000000000085,0.0,0.0,-0.08500000000000019,0.0,0.0,0.0,0.0,0.0,-0.0030000000000001137,0.0,0.0
HID  62,R HID  62,0.0,0.0,0.0,-0.0129999999999999,0.0,0.0,-0.2540000000000049,0.0,0.0,0.2510000000000012,0.0,0.0,0.0,0.0,0.0,-0.016000000000008896,0.0,0.0
GLN  63,R GLN  63,0.0,0.0,0.0,-0.004999999999999893,0.0,0.0,0.024999999999991473,0.0,0.0,-0.019000000000000128,0.0,0.0,0.0,0.0,0.0,0.0009999999999976694,0.0,0.0
ALA  64,R ALA  64,0.0,0.0,0.0,-0.008000000000000007,0.0,0.0,0.22699999999998965,0.0,0.0,-0.21799999999999997,0.0,0.0,0.0,0.0,0.0,0.0009999999999941167,0.0,0.0
ALA  65,R ALA  65,0.0,0.0,0.0,-0.009000000000000341,0.0,0.0,0.30100000000000193,0.0,0.0,-0.2919999999999998,0.0,0.0,0.0,0.0,0.0,1.7763568394002505e-15,0.0,0.0
ALA  66,R ALA  66,0.0,0.0,0.0,-0.004000000000000448,0.0,0.0,0.10300000000000864,0.0,0.0,-0.09800000000000009,0.0,0.0,0.0,0.0,0.0,0.0010000000000038867,0.0,0.0
GLN  67,R GLN  67,0.0,0.0,0.0,-0.004999999999999893,0.0,0.0,0.1529999999999916,0.0,0.0,-0.14999999999999858,0.0,0.0,0.0,0.0,0.0,-0.0020000000000024443,0.0,0.0
MET  68,R MET  68,0.0,0.0,0.0,-0.015000000000000568,0.0,0.0,0.3580000000000041,0.0,0.0,-0.3530000000000002,0.0,0.0,0.0,0.0,0.0,-0.009999999999996234,0.0,0.0
LEU  69,R LEU  69,0.0,0.0,0.0,-0.006999999999999673,0.0,0.0,0.21099999999999852,0.0,0.0,-0.20699999999999985,0.0,0.0,0.0,0.0,0.0,-0.003000000000007219,0.0,0.0
LYS  70,R LYS  70,0.0,0.0,0.0,-0.0019999999999988916,0.0,0.0,-5.471999999999994,0.0,0.0,5.356999999999999,0.0,0.0,0.0,0.0,0.0,-0.11699999999999022,0.0,0.0
GLU  71,R GLU  71,0.0,0.0,0.0,-0.0030000000000001137,0.0,0.0,6.6569999999999965,0.0,0.0,-6.530000000000001,0.0,0.0,0.0,0.0,0.0,0.12399999999999523,0.0,0.0
THR  72,R THR  72,0.0,0.0,0.0,-0.0039999999999995595,0.0,0.0,0.22800000000000153,0.0,0.0,-0.22399999999999975,0.0,0.0,0.0,0.0,0.0,3.552713678800501e-15,0.0,0.0
ILE  73,R ILE  73,0.0,0.0,0.0,-0.002000000000000668,0.0,0.0,0.08100000000000307,0.0,0.0,-0.07900000000000018,0.0,0.0,0.0,0.0,0.0,0.0,0.0,0.0
ASN  74,R ASN  74,0.0,0.0,0.0,-0.0009999999999994458,0.0,0.0,-0.09900000000000375,0.0,0.0,0.09800000000000075,0.0,0.0,0.0,0.0,0.0,-0.0020000000000095497,0.0,0.0
GLU  75,R GLU  75,0.0,0.0,0.0,-0.002000000000000668,0.0,0.0,7.501000000000005,0.0,0.0,-7.364000000000004,0.0,0.0,0.0,0.0,0.0,0.13500000000000512,0.0,0.0
GLU  76,R GLU  76,0.0,0.0,0.0,-0.002000000000000668,0.0,0.0,7.974999999999998,0.0,0.0,-7.810999999999993,0.0,0.0,0.0,0.0,0.0,0.16199999999999193,0.0,0.0
ALA  77,R ALA  77,0.0,0.0,0.0,0.0,0.0,0.0,-0.010000000000005116,0.0,0.0,0.009000000000000119,0.0,0.0,0.0,0.0,0.0,-0.0010000000000047748,0.0,0.0
ALA  78,R ALA  78,0.0,0.0,0.0,-0.0009999999999994458,0.0,0.0,-0.0799999999999983,0.0,0.0,0.07800000000000007,0.0,0.0,0.0,0.0,0.0,-0.0029999999999885674,0.0,0.0
GLU  79,R GLU  79,0.0,0.0,0.0,-0.0010000000000012221,0.0,0.0,7.68099999999999,0.0,0.0,-7.533999999999992,0.0,0.0,0.0,0.0,0.0,0.1459999999999937,0.0,0.0
TRP  80,R TRP  80,0.0,0.0,0.0,-0.0010000000000012221,0.0,0.0,0.028000000000005798,0.0,0.0,-0.02799999999999997,0.0,0.0,0.0,0.0,0.0,-0.0009999999999985576,0.0,0.0
ASP  81,R ASP  81,0.0,0.0,0.0,-0.0009999999999994458,0.0,0.0,5.7309999999999945,0.0,0.0,-5.626000000000005,0.0,0.0,0.0,0.0,0.0,0.1039999999999992,0.0,0.0
ARG  82,R ARG  82,0.0,0.0,0.0,-0.001000000000000334,0.0,0.0,-7.177,0.0,0.0,7.045999999999999,0.0,0.0,0.0,0.0,0.0,-0.13199999999997658,0.0,0.0
LEU  83,R LEU  83,0.0,0.0,0.0,-0.001000000000000334,0.0,0.0,-0.06300000000000239,0.0,0.0,0.06099999999999994,0.0,0.0,0.0,0.0,0.0,-0.0030000000000001137,0.0,0.0
HID  84,R HID  84,0.0,0.0,0.0,-0.0009999999999994458,0.0,0.0,-0.01099999999999568,0.0,0.0,0.010000000000000231,0.0,0.0,0.0,0.0,0.0,-0.0019999999999988916,0.0,0.0
PRO  85,R PRO  85,0.0,0.0,0.0,-0.0009999999999994458,0.0,0.0,0.0030000000000001137,0.0,0.0,-0.0030000000000001137,0.0,0.0,0.0,0.0,0.0,-0.000999999999990564,0.0,0.0
VAL  86,R VAL  86,0.0,0.0,0.0,0.0,0.0,0.0,0.005000000000002558,0.0,0.0,-0.004999999999999893,0.0,0.0,0.0,0.0,0.0,3.552713678800501e-15,0.0,0.0
HID  87,R HID  87,0.0,0.0,0.0,0.0,0.0,0.0,0.02400000000000091,0.0,0.0,-0.022999999999999687,0.0,0.0,0.0,0.0,0.0,0.0009999999999976694,0.0,0.0
ALA  88,R ALA  88,0.0,0.0,0.0,0.0,0.0,0.0,-0.027000000000001023,0.0,0.0,0.0259999999999998,0.0,0.0,0.0,0.0,0.0,-0.0010000000000012221,0.0,0.0
GLY  89,R GLY  89,0.0,0.0,0.0,0.0,0.0,0.0,0.04099999999999682,0.0,0.0,-0.04100000000000037,0.0,0.0,0.0,0.0,0.0,-3.552713678800501e-15,0.0,0.0
PRO  90,R PRO  90,0.0,0.0,0.0,0.0,0.0,0.0,0.0379999999999967,0.0,0.0,-0.03700000000000081,0.0,0.0,0.0,0.0,0.0,0.0009999999999976694,0.0,0.0
ILE  91,R ILE  91,0.0,0.0,0.0,0.0,0.0,0.0,-0.045000000000001705,0.0,0.0,0.043999999999999595,0.0,0.0,0.0,0.0,0.0,-0.0010000000000029985,0.0,0.0
ALA  92,R ALA  92,0.0,0.0,0.0,0.0,0.0,0.0,0.013999999999995794,0.0,0.0,-0.014000000000000234,0.0,0.0,0.0,0.0,0.0,-7.105427357601002e-15,0.0,0.0
PRO  93,R PRO  93,0.0,0.0,0.0,0.0,0.0,0.0,0.036000000000001364,0.0,0.0,-0.03599999999999959,0.0,0.0,0.0,0.0,0.0,0.0,0.0,0.0
GLY  94,R GLY  94,0.0,0.0,0.0,0.0,0.0,0.0,0.015000000000000568,0.0,0.0,-0.01499999999999968,0.0,0.0,0.0,0.0,0.0,8.881784197001252e-16,0.0,0.0
GLN  95,R GLN  95,0.0,0.0,0.0,0.0,0.0,0.0,0.029000000000010573,0.0,0.0,-0.028999999999999915,0.0,0.0,0.0,0.0,0.0,1.4210854715202004e-14,0.0,0.0
MET  96,R MET  96,0.0,0.0,0.0,0.0,0.0,0.0,-0.04200000000000159,0.0,0.0,0.04100000000000037,0.0,0.0,0.0,0.0,0.0,-0.0010000000000012221,0.0,0.0
ARG  97,R ARG  97,0.0,0.0,0.0,0.0,0.0,0.0,-4.890000000000001,0.0,0.0,4.8060000000000045,0.0,0.0,0.0,0.0,0.0,-0.08399999999997476,0.0,0.0
GLU  98,R GLU  98,0.0,0.0,0.0,0.0,0.0,0.0,5.272000000000006,0.0,0.0,-5.178999999999988,0.0,0.0,0.0,0.0,0.0,0.09300000000001774,0.0,0.0
PRO  99,R PRO  99,0.0,0.0,0.0,0.0,0.0,0.0,0.02300000000000324,0.0,0.0,-0.02200000000000002,0.0,0.0,0.0,0.0,0.0,0.0010000000000047748,0.0,0.0
ARG 100,R ARG 100,0.0,0.0,0.0,0.0,0.0,0.0,-5.430999999999997,0.0,0.0,5.333999999999996,0.0,0.0,0.0,0.0,0.0,-0.09699999999997999,0.0,0.0
GLY 101,R GLY 101,0.0,0.0,0.0,0.0,0.0,0.0,0.001999999999995339,0.0,0.0,-0.001000000000000334,0.0,0.0,0.0,0.0,0.0,0.0009999999999941167,0.0,0.0
SER 102,R SER 102,0.0,0.0,0.0,0.0,0.0,0.0,0.007999999999995566,0.0,0.0,-0.008000000000000007,0.0,0.0,0.0,0.0,0.0,-4.440892098500626e-15,0.0,0.0
ASP 103,R ASP 103,0.0,0.0,0.0,-0.0009999999999994458,0.0,0.0,5.117999999999995,0.0,0.0,-5.024999999999999,0.0,0.0,0.0,0.0,0.0,0.09199999999999164,0.0,0.0
ILE 104,R ILE 104,0.0,0.0,0.0,0.0,0.0,0.0,-0.05999999999999517,0.0,0.0,0.05899999999999994,0.0,0.0,0.0,0.0,0.0,-0.000999999999995893,0.0,0.0
ALA 105,R ALA 105,0.0,0.0,0.0,0.0,0.0,0.0,-0.03300000000000125,0.0,0.0,0.03200000000000003,0.0,0.0,0.0,0.0,0.0,-0.0010000000000012221,0.0,0.0
GLY 106,R GLY 106,0.0,0.0,0.0,0.0,0.0,0.0,-0.033999999999991815,0.0,0.0,0.03299999999999992,0.0,0.0,0.0,0.0,0.0,-0.0009999999999914522,0.0,0.0
THR 107,R THR 107,0.0,0.0,0.0,-0.0009999999999994458,0.0,0.0,-0.07100000000000506,0.0,0.0,0.0699999999999994,0.0,0.0,0.0,0.0,0.0,-0.002000000000011326,0.0,0.0
THR 108,R THR 108,0.0,0.0,0.0,0.0,0.0,0.0,-0.005999999999993122,0.0,0.0,0.0050000000000003375,0.0,0.0,0.0,0.0,0.0,-0.0009999999999941167,0.0,0.0
SER 109,R SER 109,0.0,0.0,0.0,0.0,0.0,0.0,-0.024999999999991473,0.0,0.0,0.0259999999999998,0.0,0.0,0.0,0.0,0.0,0.0010000000000083276,0.0,0.0
THR 110,R THR 110,0.0,0.0,0.0,0.0,0.0,0.0,0.06299999999999528,0.0,0.0,-0.06099999999999994,0.0,0.0,0.0,0.0,0.0,0.001999999999995339,0.0,0.0
LEU 111,R LEU 111,0.0,0.0,0.0,0.0,0.0,0.0,0.031999999999996476,0.0,0.0,-0.030999999999999694,0.0,0.0,0.0,0.0,0.0,0.000999999999995893,0.0,0.0
GLN 112,R GLN 112,0.0,0.0,0.0,-0.001000000000000334,0.0,0.0,0.036000000000001364,0.0,0.0,-0.03599999999999959,0.0,0.0,0.0,0.0,0.0,-0.0010000000000047748,0.0,0.0
GLU 113,R GLU 113,0.0,0.0,0.0,0.0,0.0,0.0,4.784999999999997,0.0,0.0,-4.704000000000001,0.0,0.0,0.0,0.0,0.0,0.08099999999999596,0.0,0.0
GLN 114,R GLN 114,0.0,0.0,0.0,0.0,0.0,0.0,0.01099999999999568,0.0,0.0,-0.010999999999999899,0.0,0.0,0.0,0.0,0.0,0.0,0.0,0.0
ILE 115,R ILE 115,0.0,0.0,0.0,0.0,0.0,0.0,0.031999999999996476,0.0,0.0,-0.030999999999999917,0.0,0.0,0.0,0.0,0.0,0.0009999999999967812,0.0,0.0
GLY 116,R GLY 116,0.0,0.0,0.0,0.0,0.0,0.0,-0.0040000000000048885,0.0,0.0,0.0040000000000000036,0.0,0.0,0.0,0.0,0.0,-4.440892098500626e-15,0.0,0.0
TRP 117,R TRP 117,0.0,0.0,0.0,0.0,0.0,0.0,0.006000000000000227,0.0,0.0,-0.007000000000000006,0.0,0.0,0.0,0.0,0.0,-0.0009999999999994458,0.0,0.0
MET 118,R MET 118,0.0,0.0,0.0,0.0,0.0,0.0,-0.006000000000000227,0.0,0.0,0.006000000000000227,0.0,0.0,0.0,0.0,0.0,0.0,0.0,0.0
THR 119,R THR 119,0.0,0.0,0.0,0.0,0.0,0.0,-0.0519999999999996,0.0,0.0,0.0519999999999996,0.0,0.0,0.0,0.0,0.0,0.0,0.0,0.0
HID 120,R HID 120,0.0,0.0,0.0,0.0,0.0,0.0,-0.045000000000001705,0.0,0.0,0.04499999999999993,0.0,0.0,0.0,0.0,0.0,0.0,0.0,0.0
ASN 121,R ASN 121,0.0,0.0,0.0,0.0,0.0,0.0,-0.04000000000000625,0.0,0.0,0.03999999999999915,0.0,0.0,0.0,0.0,0.0,-7.105427357601002e-15,0.0,0.0
PRO 122,R PRO 122,0.0,0.0,0.0,0.0,0.0,0.0,-0.028999999999996362,0.0,0.0,0.028000000000000025,0.0,0.0,0.0,0.0,0.0,-0.0009999999999976694,0.0,0.0
PRO 123,R PRO 123,0.0,0.0,0.0,0.0,0.0,0.0,0.055999999999997385,0.0,0.0,-0.053999999999999826,0.0,0.0,0.0,0.0,0.0,0.001999999999997115,0.0,0.0
ILE 124,R ILE 124,0.0,0.0,0.0,0.0,0.0,0.0,-0.04899999999999949,0.0,0.0,0.04699999999999993,0.0,0.0,0.0,0.0,0.0,-0.0019999999999988916,0.0,0.0
PRO 125,R PRO 125,0.0,0.0,0.0,0.0,0.0,0.0,0.055999999999997385,0.0,0.0,-0.05399999999999999,0.0,0.0,0.0,0.0,0.0,0.001999999999997115,0.0,0.0
VAL 126,R VAL 126,0.0,0.0,0.0,0.0,0.0,0.0,0.06899999999999551,0.0,0.0,-0.06700000000000003,0.0,0.0,0.0,0.0,0.0,0.001999999999995339,0.0,0.0
GLY 127,R GLY 127,0.0,0.0,0.0,0.0,0.0,0.0,0.05700000000000216,0.0,0.0,-0.05499999999999999,0.0,0.0,0.0,0.0,0.0,0.002000000000001556,0.0,0.0
GLU 128,R GLU 128,0.0,0.0,0.0,-0.0010000000000012221,0.0,0.0,5.8219999999999885,0.0,0.0,-5.705000000000005,0.0,0.0,0.0,0.0,0.0,0.11599999999997834,0.0,0.0
ILE 129,R ILE 129,0.0,0.0,0.0,-0.0009999999999994458,0.0,0.0,0.12600000000000477,0.0,0.0,-0.12200000000000001,0.0,0.0,0.0,0.0,0.0,0.0030000000000001137,0.0,0.0
TYR 130,R TYR 130,0.0,0.0,0.0,-0.002000000000000668,0.0,0.0,0.10900000000000887,0.0,0.0,-0.106,0.0,0.0,0.0,0.0,0.0,0.0010000000000136566,0.0,0.0
LYS 131,R LYS 131,0.0,0.0,0.0,-0.0029999999999983373,0.0,0.0,-5.501000000000005,0.0,0.0,5.390000000000001,0.0,0.0,0.0,0.0,0.0,-0.11400000000001853,0.0,0.0
ARG 132,R ARG 132,0.0,0.0,0.0,-0.0019999999999988916,0.0,0.0,-6.686,0.0,0.0,6.556,0.0,0.0,0.0,0.0,0.0,-0.132000000000005,0.0,0.0
TRP 133,R TRP 133,0.0,0.0,0.0,-0.0030000000000001137,0.0,0.0,0.05499999999999261,0.0,0.0,-0.052999999999999936,0.0,0.0,0.0,0.0,0.0,-0.0010000000000083276,0.0,0.0
ILE 134,R ILE 134,0.0,0.0,0.0,-0.0039999999999995595,0.0,0.0,0.10999999999999943,0.0,0.0,-0.10499999999999998,0.0,0.0,0.0,0.0,0.0,0.0009999999999941167,0.0,0.0
ILE 135,R ILE 135,0.0,0.0,0.0,-0.008999999999998565,0.0,0.0,0.23100000000000875,0.0,0.0,-0.22299999999999998,0.0,0.0,0.0,0.0,0.0,-0.0009999999999914522,0.0,0.0
LEU 136,R LEU 136,0.0,0.0,0.0,-0.008000000000000007,0.0,0.0,0.31099999999999284,0.0,0.0,-0.30000000000000004,0.0,0.0,0.0,0.0,0.0,0.002999999999996561,0.0,0.0
GLY 137,R GLY 137,0.0,0.0,0.0,-0.005999999999999339,0.0,0.0,0.22800000000000864,0.0,0.0,-0.21200000000000002,0.0,0.0,0.0,0.0,0.0,0.01000000000000778,0.0,0.0
LEU 138,R LEU 138,0.0,0.0,0.0,-0.028999999999999915,0.0,0.0,0.1280000000000001,0.0,0.0,-0.085,0.0,0.0,0.0,0.0,0.0,0.014000000000002899,0.0,0.0
ASN 139,R ASN 139,0.0,0.0,0.0,-0.04800000000000004,0.0,0.0,2.054000000000002,0.0,0.0,-1.992,0.0,0.0,0.0,0.0,0.0,0.014000000000002899,0.0,0.0
LYS 140,R LYS 140,0.0,0.0,0.0,-0.043999999999999595,0.0,0.0,-8.558999999999997,0.0,0.0,8.404,0.0,0.0,0.0,0.0,0.0,-0.19900000000000873,0.0,0.0
ILE 141,R ILE 141,0.0,0.0,0.0,-0.10099999999999998,0.0,0.0,-0.47799999999999443,0.0,0.0,0.501,0.0,0.0,0.0,0.0,0.0,-0.07799999999999407,0.0,0.0
VAL 142,R VAL 142,0.0,0.0,0.0,-1.5470000000000006,0.0,0.0,-0.9699999999999989,0.0,0.0,1.982,0.0,0.0,0.0,0.0,0.0,-0.535000000000003,0.0,0.0
ARG 143,R ARG 143,0.0,0.0,0.0,-1.7680000000000007,0.0,0.0,-40.424,0.0,0.0,35.512,0.0,0.0,0.0,0.0,0.0,-6.680000000000007,0.0,0.0
MET 144,R MET 144,0.0,0.0,0.0,-0.1639999999999997,0.0,0.0,0.4860000000000042,0.0,0.0,-0.4480000000000004,0.0,0.0,0.0,0.0,0.0,-0.12599999999999767,0.0,0.0
TYR 145,R TYR 145,0.0,0.0,0.0,-1.5790000000000006,0.0,0.0,-1.0790000000000077,0.0,0.0,2.1549999999999994,0.0,0.0,0.0,0.0,0.0,-0.5030000000000161,0.0,0.0
SER 146,R SER 146,0.0,0.0,0.0,-2.173,0.0,0.0,-3.021000000000001,0.0,0.0,5.04,0.0,0.0,0.0,0.0,0.0,-0.1540000000000017,0.0,0.0
PRO 147,R PRO 147,0.0,0.0,0.0,-0.4640000000000004,0.0,0.0,2.405000000000001,0.0,0.0,-2.4099999999999997,0.0,0.0,0.0,0.0,0.0,-0.46899999999999764,0.0,0.0
THR 148,R THR 148,0.0,0.0,0.0,-2.6319999999999997,0.0,0.0,2.014000000000003,0.0,0.0,1.9809999999999999,0.0,0.0,0.0,0.0,0.0,1.3630000000000049,0.0,0.0
SER 149,R SER 149,0.0,0.0,0.0,-3.7399999999999998,0.0,0.0,-15.379999999999995,0.0,0.0,14.689,0.0,0.0,0.0,0.0,0.0,-4.430999999999997,0.0,0.0
ILE 150,R ILE 150,17.573000000000008,0.0,0.0,-7.1499999999999995,0.0,0.0,-29.810000000000002,0.0,0.0,7.413,0.0,0.0,0.0,0.0,0.0,-11.973999999999984,0.0,0.0
LEU 151,L LEU   1,19.089,0.0,0.0,-2.5049999999999994,0.0,0.0,-23.692999999999998,0.0,0.0,1.2879999999999998,0.0,0.0,0.0,0.0,0.0,-5.8210000000000015,0.0,0.0
ASP 152,L ASP   2,0.0,0.0,0.0,-2.37,0.0,0.0,4.9680000000000035,0.0,0.0,-3.7750000000000057,0.0,0.0,0.0,0.0,0.0,-1.1770000000000067,0.0,0.0
ILE 153,L ILE   3,0.0,0.0,0.0,-2.520999999999999,0.0,0.0,-1.0819999999999936,0.0,0.0,0.9329999999999998,0.0,0.0,0.0,0.0,0.0,-2.6699999999999946,0.0,0.0
ARG 154,L ARG   4,0.0,0.0,0.0,-0.3360000000000003,0.0,0.0,-11.132,0.0,0.0,10.881,0.0,0.0,0.0,0.0,0.0,-0.5870000000000175,0.0,0.0
GLN 155,L GLN   5,0.0,0.0,0.0,-0.034000000000000696,0.0,0.0,-0.07299999999999329,0.0,0.0,0.09,0.0,0.0,0.0,0.0,0.0,-0.017000000000010118,0.0,0.0
GLY 156,L GLY   6,0.0,0.0,0.0,-0.009000000000000119,0.0,0.0,-0.04099999999999682,0.0,0.0,0.03200000000000003,0.0,0.0,0.0,0.0,0.0,-0.01799999999999713,0.0,0.0
PRO 157,L PRO   7,0.0,0.0,0.0,-0.005999999999999339,0.0,0.0,-0.07699999999999818,0.0,0.0,0.07299999999999951,0.0,0.0,0.0,0.0,0.0,-0.00999999999999801,0.0,0.0
LYS 158,L LYS   8,0.0,0.0,0.0,-0.0039999999999995595,0.0,0.0,-8.019000000000005,0.0,0.0,8.011,0.0,0.0,0.0,0.0,0.0,-0.012000000000011113,0.0,0.0
GLU 159,L GLU   9,0.0,0.0,0.0,-0.02400000000000002,0.0,0.0,10.552999999999997,0.0,0.0,-10.804999999999996,0.0,0.0,0.0,0.0,0.0,-0.27600000000000335,0.0,0.0
PRO 160,L PRO  10,0.0,0.0,0.0,-0.007999999999999119,0.0,0.0,0.23199999999999932,0.0,0.0,-0.26899999999999996,0.0,0.0,0.0,0.0,0.0,-0.044999999999996376,0.0,0.0
PHE 161,L PHE  11,0.0,0.0,0.0,-0.011000000000001009,0.0,0.0,0.2049999999999983,0.0,0.0,-0.24200000000000002,0.0,0.0,0.0,0.0,0.0,-0.047999999999998266,0.0,0.0
ARG 162,L ARG  12,0.0,0.0,0.0,-0.0129999999999999,0.0,0.0,-9.197999999999997,0.0,0.0,9.166,0.0,0.0,0.0,0.0,0.0,-0.044999999999987494,0.0,0.0
ASP 163,L ASP  13,0.0,0.0,0.0,-0.02800000000000047,0.0,0.0,10.968000000000004,0.0,0.0,-11.07,0.0,0.0,0.0,0.0,0.0,-0.12999999999999545,0.0,0.0
TYR 164,L TYR  14,0.0,0.0,0.0,-0.08900000000000041,0.0,0.0,0.382000000000005,0.0,0.0,-0.552,0.0,0.0,0.0,0.0,0.0,-0.25899999999999324,0.0,0.0
VAL 165,L VAL  15,0.0,0.0,0.0,-0.036999999999999034,0.0,0.0,0.2079999999999984,0.0,0.0,-0.262,0.0,0.0,0.0,0.0,0.0,-0.09100000000000108,0.0,0.0
ASP 166,L ASP  16,0.0,0.0,0.0,-0.133,0.0,0.0,14.366,0.0,0.0,-14.732,0.0,0.0,0.0,0.0,0.0,-0.49900000000000944,0.0,0.0
ARG 167,L ARG  17,0.0,0.0,0.0,-0.8719999999999999,0.0,0.0,-12.575000000000001,0.0,0.0,14.521999999999998,0.0,0.0,0.0,0.0,0.0,1.075000000000017,0.0,0.0
PHE 168,L PHE  18,0.0,0.0,0.0,-0.7179999999999982,0.0,0.0,-0.3710000000000093,0.0,0.0,0.21299999999999997,0.0,0.0,0.0,0.0,0.0,-0.8760000000000128,0.0,0.0
TYR 169,L TYR  19,0.0,0.0,0.0,-0.18099999999999916,0.0,0.0,0.07800000000000296,0.0,0.0,-0.021999999999999797,0.0,0.0,0.0,0.0,0.0,-0.12499999999999423,0.0,0.0
LYS 170,L LYS  20,0.0,0.0,0.0,-2.2140000000000004,0.0,0.0,-15.252999999999986,0.0,0.0,17.421,0.0,0.0,0.0,0.0,0.0,-0.045999999999999375,0.0,0.0
THR 171,L THR  21,0.0,0.0,0.0,-2.231,0.0,0.0,-4.051000000000002,0.0,0.0,2.9170000000000003,0.0,0.0,0.0,0.0,0.0,-3.365000000000002,0.0,0.0
LEU 172,L LEU  22,0.0,0.0,0.0,-0.8719999999999999,0.0,0.0,-0.5090000000000003,0.0,0.0,0.5999999999999996,0.0,0.0,0.0,0.0,0.0,-0.7810000000000006,0.0,0.0
ARG 173,L ARG  23,0.0,0.0,0.0,-4.481,0.0,0.0,-56.534000000000006,0.0,0.0,46.731,0.0,0.0,0.0,0.0,0.0,-14.283999999999992,0.0,0.0
ALA 174,L ALA  24,0.0,0.0,0.0,-4.017,0.0,0.0,-2.3119999999999976,0.0,0.0,4.651999999999999,0.0,0.0,0.0,0.0,0.0,-1.677000000000008,0.0,0.0
GLU 175,L GLU  25,0.0,0.0,0.0,-2.2299999999999995,0.0,0.0,-24.546999999999997,0.0,0.0,34.724,0.0,0.0,0.0,0.0,0.0,7.946999999999996,0.0,0.0
GLN 176,L GLN  26,0.0,0.0,0.0,-2.262,0.0,0.0,-3.430000000000007,0.0,0.0,3.128,0.0,0.0,0.0,0.0,0.0,-2.564000000000007,0.0,0.0
ALA 177,L ALA  27,0.0,0.0,0.0,-0.14400000000000013,0.0,0.0,1.456000000000003,0.0,0.0,-1.3639999999999999,0.0,0.0,0.0,0.0,0.0,-0.051999999999988056,0.0,0.0
SER 178,L SER  28,0.0,0.0,0.0,-0.041999999999999815,0.0,0.0,-0.17099999999999227,0.0,0.0,0.14100000000000001,0.0,0.0,0.0,0.0,0.0,-0.07199999999999385,0.0,0.0
GLN 179,L GLN  29,0.0,0.0,0.0,-0.028999999999999915,0.0,0.0,0.4440000000000026,0.0,0.0,-0.43400000000000016,0.0,0.0,0.0,0.0,0.0,-0.01899999999999835,0.0,0.0
GLU 180,L GLU  30,0.0,0.0,0.0,-0.011999999999999567,0.0,0.0,7.845000000000013,0.0,0.0,-7.751999999999995,0.0,0.0,0.0,0.0,0.0,0.08100000000001728,0.0,0.0
VAL 181,L VAL  31,0.0,0.0,0.0,-0.032999999999999474,0.0,0.0,-0.17499999999999716,0.0,0.0,0.15300000000000002,0.0,0.0,0.0,0.0,0.0,-0.054999999999998384,0.0,0.0
LYS 182,L LYS  32,0.0,0.0,0.0,-0.04499999999999993,0.0,0.0,-14.101000000000013,0.0,0.0,13.876,0.0,0.0,0.0,0.0,0.0,-0.27000000000001556,0.0,0.0
ASN 183,L ASN  33,0.0,0.0,0.0,-0.01100000000000012,0.0,0.0,0.19899999999999807,0.0,0.0,-0.22100000000000009,0.0,0.0,0.0,0.0,0.0,-0.03300000000000125,0.0,0.0
TRP 184,L TRP  34,0.0,0.0,0.0,-0.054999999999999716,0.0,0.0,0.11400000000000432,0.0,0.0,-0.16000000000000014,0.0,0.0,0.0,0.0,0.0,-0.10100000000000264,0.0,0.0
MET 185,L MET  35,0.0,0.0,0.0,-0.4759999999999991,0.0,0.0,0.2879999999999967,0.0,0.0,-0.14800000000000002,0.0,0.0,0.0,0.0,0.0,-0.3360000000000025,0.0,0.0
THR 186,L THR  36,0.0,0.0,0.0,-0.0259999999999998,0.0,0.0,0.12199999999999989,0.0,0.0,-0.12399999999999989,0.0,0.0,0.0,0.0,0.0,-0.02799999999999514,0.0,0.0
GLU 187,L GLU  37,0.0,0.0,0.0,-0.008999999999999453,0.0,0.0,7.619,0.0,0.0,-7.534999999999997,0.0,0.0,0.0,0.0,0.0,0.07500000000000284,0.0,0.0
THR 188,L THR  38,0.0,0.0,0.0,-0.025000000000000355,0.0,0.0,0.01999999999999602,0.0,0.0,0.014000000000000012,0.0,0.0,0.0,0.0,0.0,0.008999999999996788,0.0,0.0
LEU 189,L LEU  39,0.0,0.0,0.0,-0.7629999999999999,0.0,0.0,0.14999999999999858,0.0,0.0,0.016000000000000014,0.0,0.0,0.0,0.0,0.0,-0.5970000000000049,0.0,0.0
LEU 190,L LEU  40,0.0,0.0,0.0,-0.06600000000000072,0.0,0.0,0.11700000000000443,0.0,0.0,-0.121,0.0,0.0,0.0,0.0,0.0,-0.06999999999999851,0.0,0.0
VAL 191,L VAL  41,0.0,0.0,0.0,-0.0129999999999999,0.0,0.0,-0.021999999999998465,0.0,0.0,0.02400000000000002,0.0,0.0,0.0,0.0,0.0,-0.01099999999999568,0.0,0.0
GLN 192,L GLN  42,0.0,0.0,0.0,-0.03000000000000025,0.0,0.0,0.14200000000001012,0.0,0.0,-0.11899999999999977,0.0,0.0,0.0,0.0,0.0,-0.006999999999990791,0.0,0.0
ASN 193,L ASN  43,0.0,0.0,0.0,-0.14199999999999946,0.0,0.0,-0.29000000000000625,0.0,0.0,0.42700000000000005,0.0,0.0,0.0,0.0,0.0,-0.0049999999999954525,0.0,0.0
ALA 194,L ALA  44,0.0,0.0,0.0,-0.009999999999999787,0.0,0.0,0.031999999999996476,0.0,0.0,-0.01100000000000001,0.0,0.0,0.0,0.0,0.0,0.010999999999991239,0.0,0.0
ASN 195,L ASN  45,0.0,0.0,0.0,-0.006000000000000227,0.0,0.0,-0.20600000000000307,0.0,0.0,0.20900000000000007,0.0,0.0,0.0,0.0,0.0,-0.0030000000000001137,0.0,0.0
PRO 196,L PRO  46,0.0,0.0,0.0,-0.0030000000000001137,0.0,0.0,-0.0730000000000004,0.0,0.0,0.07099999999999995,0.0,0.0,0.0,0.0,0.0,-0.004999999999999005,0.0,0.0
ASP 197,L ASP  47,0.0,0.0,0.0,-0.001000000000000334,0.0,0.0,7.3629999999999995,0.0,0.0,-7.350999999999999,0.0,0.0,0.0,0.0,0.0,0.01100000000000989,0.0,0.0
CYX 198,L CYX  48,0.0,0.0,0.0,-0.0030000000000001137,0.0,0.0,-0.1039999999999992,0.0,0.0,0.1080000000000001,0.0,0.0,0.0,0.0,0.0,0.0010000000000012221,0.0,0.0
LYS 199,L LYS  49,0.0,0.0,0.0,-0.0039999999999995595,0.0,0.0,-8.363,0.0,0.0,8.360000000000001,0.0,0.0,0.0,0.0,0.0,-0.007000000000017437,0.0,0.0
THR 200,L THR  50,0.0,0.0,0.0,-0.001000000000000334,0.0,0.0,-0.021000000000000796,0.0,0.0,0.023000000000000576,0.0,0.0,0.0,0.0,0.0,0.0010000000000012221,0.0,0.0
ILE 201,L ILE  51,0.0,0.0,0.0,-0.001000000000000334,0.0,0.0,-0.11699999999999733,0.0,0.0,0.122,0.0,0.0,0.0,0.0,0.0,0.003999999999997783,0.0,0.0
LEU 202,L LEU  52,0.0,0.0,0.0,-0.0029999999999983373,0.0,0.0,-0.11299999999999955,0.0,0.0,0.1200000000000001,0.0,0.0,0.0,0.0,0.0,0.004000000000000448,0.0,0.0
LYS 203,L LYS  53,0.0,0.0,0.0,-0.001000000000000334,0.0,0.0,-7.152000000000001,0.0,0.0,7.1250000000000036,0.0,0.0,0.0,0.0,0.0,-0.028000000000002245,0.0,0.0
ALA 204,L ALA  54,0.0,0.0,0.0,0.0,0.0,0.0,-0.09399999999999409,0.0,0.0,0.09600000000000009,0.0,0.0,0.0,0.0,0.0,0.002000000000005997,0.0,0.0
LEU 205,L LEU  55,0.0,0.0,0.0,0.0,0.0,0.0,-0.05700000000000216,0.0,0.0,0.05900000000000016,0.0,0.0,0.0,0.0,0.0,0.001999999999997115,0.0,0.0
GLY 206,L GLY  56,0.0,0.0,0.0,-0.001000000000000334,0.0,0.0,0.11800000000000921,0.0,0.0,-0.11800000000000033,0.0,0.0,0.0,0.0,0.0,-0.0009999999999941167,0.0,0.0
PRO 207,L PRO  57,0.0,0.0,0.0,-0.001000000000000334,0.0,0.0,-0.04100000000000392,0.0,0.0,0.04400000000000048,0.0,0.0,0.0,0.0,0.0,0.001999999999991786,0.0,0.0
GLY 208,L GLY  58,0.0,0.0,0.0,0.0,0.0,0.0,-0.10200000000000387,0.0,0.0,0.10500000000000043,0.0,0.0,0.0,0.0,0.0,0.002999999999996561,0.0,0.0
ALA 209,L ALA  59,0.0,0.0,0.0,-0.0009999999999994458,0.0,0.0,0.12399999999999523,0.0,0.0,-0.13000000000000034,0.0,0.0,0.0,0.0,0.0,-0.0069999999999961204,0.0,0.0
THR 210,L THR  60,0.0,0.0,0.0,-0.0019999999999997797,0.0,0.0,-0.0730000000000004,0.0,0.0,0.07000000000000028,0.0,0.0,0.0,0.0,0.0,-0.005000000000002558,0.0,0.0
LEU 211,L LEU  61,0.0,0.0,0.0,-0.006000000000000227,0.0,0.0,-0.0800000000000054,0.0,0.0,0.07600000000000007,0.0,0.0,0.0,0.0,0.0,-0.010000000000006892,0.0,0.0
GLU 212,L GLU  62,0.0,0.0,0.0,-0.0019999999999997797,0.0,0.0,8.015,0.0,0.0,-7.972999999999999,0.0,0.0,0.0,0.0,0.0,0.03999999999999204,0.0,0.0
GLU 213,L GLU  63,0.0,0.0,0.0,-0.0009999999999994458,0.0,0.0,7.084999999999994,0.0,0.0,-7.024000000000001,0.0,0.0,0.0,0.0,0.0,0.060000000000002274,0.0,0.0
MET 214,L MET  64,0.0,0.0,0.0,-0.0030000000000001137,0.0,0.0,-0.1349999999999909,0.0,0.0,0.14300000000000002,0.0,0.0,0.0,0.0,0.0,0.005000000000008775,0.0,0.0
MET 215,L MET  65,0.0,0.0,0.0,-0.006000000000000227,0.0,0.0,-0.05299999999999727,0.0,0.0,0.05500000000000016,0.0,0.0,0.0,0.0,0.0,-0.003999999999996895,0.0,0.0
THR 216,L THR  66,0.0,0.0,0.0,-0.001000000000000334,0.0,0.0,0.021999999999998465,0.0,0.0,-0.021999999999999797,0.0,0.0,0.0,0.0,0.0,-0.0009999999999976694,0.0,0.0
ALA 217,L ALA  67,0.0,0.0,0.0,-0.001000000000000334,0.0,0.0,-0.04099999999999682,0.0,0.0,0.04499999999999993,0.0,0.0,0.0,0.0,0.0,0.0029999999999983373,0.0,0.0
CYX 218,L CYX  68,0.0,0.0,0.0,-0.0030000000000001137,0.0,0.0,0.14099999999999113,0.0,0.0,-0.151,0.0,0.0,0.0,0.0,0.0,-0.013000000000008782,0.0,0.0
GLN 219,L GLN  69,0.0,0.0,0.0,-0.0019999999999997797,0.0,0.0,0.17200000000001125,0.0,0.0,-0.17499999999999893,0.0,0.0,0.0,0.0,0.0,-0.004999999999981242,0.0,0.0
GLY 220,L GLY  70,0.0,0.0,0.0,-0.001000000000000334,0.0,0.0,-0.006000000000000227,0.0,0.0,0.006000000000000005,0.0,0.0,0.0,0.0,0.0,-0.000999999999990564,0.0,0.0
VAL 221,L VAL  71,0.0,0.0,0.0,-0.002000000000000224,0.0,0.0,7.609999999999999,0.0,0.0,-7.588000000000008,0.0,0.0,0.0,0.0,0.0,0.01999999999998181,0.0,0.0

