| Run on Thu Jan 29 17:48:38 2026
| GB non-polar solvation energies calculated with gbsa=2
idecomp = 1: Per-residue decomp adding 1-4 interactions to Internal.
Energy Decomposition Analysis (All units kcal/mol): Generalized Born solvent
Complex:
Total Energy Decomposition:
Residue,Internal,,,van der Waals,,,Electrostatic,,,Polar Solvation,,,Non-Polar Solv.,,,TOTAL,,
,Avg.,Std. Dev.,Std. Err. of Mean,Avg.,Std. Dev.,Std. Err. of Mean,Avg.,Std. Dev.,Std. Err. of Mean,Avg.,Std. Dev.,Std. Err. of Mean,Avg.,Std. Dev.,Std. Err. of Mean,Avg.,Std. Dev.,Std. Err. of Mean
PRO   1,103.888,0.0,0.0,-8.761,0.0,0.0,-107.003,0.0,0.0,8.9,0.0,0.0,0.20954804000000002,0.0,0.0,-2.76645195999999,0.0,0.0
ILE   2,95.16,0.0,0.0,-7.716,0.0,0.0,-68.453,0.0,0.0,-3.069,0.0,0.0,0.20438820000000002,0.0,0.0,16.1263882,0.0,0.0
VAL   3,58.149,0.0,0.0,-6.673,0.0,0.0,-52.622,0.0,0.0,-6.478,0.0,0.0,0.26337406,0.0,0.0,-7.36062594,0.0,0.0
GLN   4,22.265,0.0,0.0,-3.346,0.0,0.0,-57.437,0.0,0.0,-15.66,0.0,0.0,1.0731762599999999,0.0,0.0,-53.10482374,0.0,0.0
ASN   5,38.991,0.0,0.0,-5.331,0.0,0.0,-87.214,0.0,0.0,-12.783,0.0,0.0,0.29889674,0.0,0.0,-66.03810326,0.0,0.0
LEU   6,76.28,0.0,0.0,-3.113,0.0,0.0,-68.916,0.0,0.0,-9.878,0.0,0.0,1.00697096,0.0,0.0,-4.620029039999995,0.0,0.0
GLN   7,29.769,0.0,0.0,-3.552,0.0,0.0,-66.863,0.0,0.0,-21.414,0.0,0.0,0.8515524600000001,0.0,0.0,-61.20844754,0.0,0.0
GLY   8,77.062,0.0,0.0,-1.389,0.0,0.0,-73.503,0.0,0.0,-6.226,0.0,0.0,0.36379582,0.0,0.0,-3.6922041799999983,0.0,0.0
GLN   9,38.903,0.0,0.0,-5.864,0.0,0.0,-71.617,0.0,0.0,-17.242,0.0,0.0,0.72926642,0.0,0.0,-55.090733580000006,0.0,0.0
MET  10,104.474,0.0,0.0,-8.618,0.0,0.0,-77.463,0.0,0.0,-6.503,0.0,0.0,0.37921030000000006,0.0,0.0,12.269210300000015,0.0,0.0
VAL  11,57.407,0.0,0.0,-6.13,0.0,0.0,-51.616,0.0,0.0,-2.788,0.0,0.0,0.34734612000000004,0.0,0.0,-2.7796538800000055,0.0,0.0
HID  12,96.317,0.0,0.0,-12.121,0.0,0.0,-63.55,0.0,0.0,-6.994,0.0,0.0,0.21959672,0.0,0.0,13.871596720000001,0.0,0.0
GLN  13,39.373,0.0,0.0,-5.094,0.0,0.0,-72.324,0.0,0.0,-16.468,0.0,0.0,0.7529030400000001,0.0,0.0,-53.760096960000006,0.0,0.0
ALA  14,91.57,0.0,0.0,-4.441,0.0,0.0,-81.955,0.0,0.0,-0.77,0.0,0.0,0.3815680000000001,0.0,0.0,4.7855679999999925,0.0,0.0
ILE  15,98.016,0.0,0.0,-9.254,0.0,0.0,-75.925,0.0,0.0,-3.45,0.0,0.0,0.0143901,0.0,0.0,9.401390100000004,0.0,0.0
SER  16,83.117,0.0,0.0,-5.477,0.0,0.0,-60.562,0.0,0.0,-9.073,0.0,0.0,0.3004035,0.0,0.0,8.305403500000002,0.0,0.0
PRO  17,89.623,0.0,0.0,-3.232,0.0,0.0,-60.242,0.0,0.0,-4.713,0.0,0.0,0.58458494,0.0,0.0,22.020584940000006,0.0,0.0
ARG  18,-175.709,0.0,0.0,-6.289,0.0,0.0,64.965,0.0,0.0,-51.816,0.0,0.0,1.1970557800000001,0.0,0.0,-167.65194422,0.0,0.0
THR  19,46.073,0.0,0.0,-9.11,0.0,0.0,-57.226,0.0,0.0,-3.075,0.0,0.0,0.19169456,0.0,0.0,-23.14630544,0.0,0.0
LEU  20,55.518,0.0,0.0,-9.903,0.0,0.0,-60.497,0.0,0.0,-2.252,0.0,0.0,0.11519126,0.0,0.0,-17.018808739999997,0.0,0.0
ASN  21,16.215,0.0,0.0,-6.577,0.0,0.0,-66.574,0.0,0.0,-16.487,0.0,0.0,0.58548466,0.0,0.0,-72.83751534,0.0,0.0
ALA  22,93.928,0.0,0.0,-6.202,0.0,0.0,-79.856,0.0,0.0,-2.327,0.0,0.0,0.2178298,0.0,0.0,5.760829800000004,0.0,0.0
TRP  23,131.221,0.0,0.0,-19.781,0.0,0.0,-97.814,0.0,0.0,-4.204,0.0,0.0,0.0113007,0.0,0.0,9.433300700000004,0.0,0.0
VAL  24,66.041,0.0,0.0,-3.852,0.0,0.0,-58.365,0.0,0.0,-3.46,0.0,0.0,0.27445254,0.0,0.0,0.6384525399999981,0.0,0.0
LYS  25,137.038,0.0,0.0,-8.724,0.0,0.0,-110.735,0.0,0.0,-29.101,0.0,0.0,0.68326688,0.0,0.0,-10.838733119999977,0.0,0.0
VAL  26,62.987,0.0,0.0,-9.549,0.0,0.0,-65.922,0.0,0.0,-2.376,0.0,0.0,0.10583634000000001,0.0,0.0,-14.754163659999994,0.0,0.0
VAL  27,46.56,0.0,0.0,-8.839,0.0,0.0,-45.011,0.0,0.0,-4.92,0.0,0.0,0.014975460000000001,0.0,0.0,-12.195024539999999,0.0,0.0
GLU  28,95.834,0.0,0.0,-7.652,0.0,0.0,-60.115,0.0,0.0,-77.387,0.0,0.0,0.20843694000000001,0.0,0.0,-49.11156306,0.0,0.0
GLU  29,106.293,0.0,0.0,-7.671,0.0,0.0,-135.453,0.0,0.0,-12.409,0.0,0.0,0.05502384,0.0,0.0,-49.184976160000005,0.0,0.0
LYS  30,119.934,0.0,0.0,-9.317,0.0,0.0,-117.098,0.0,0.0,-7.408,0.0,0.0,0.20237738,0.0,0.0,-13.68662262000001,0.0,0.0
ALA  31,85.238,0.0,0.0,-4.481,0.0,0.0,-73.033,0.0,0.0,-6.678,0.0,0.0,0.17612832000000003,0.0,0.0,1.222128320000004,0.0,0.0
PHE  32,108.892,0.0,0.0,-11.444,0.0,0.0,-78.494,0.0,0.0,-8.532,0.0,0.0,0.037061960000000005,0.0,0.0,10.459061959999994,0.0,0.0
SER  33,87.866,0.0,0.0,-4.801,0.0,0.0,-69.539,0.0,0.0,-3.494,0.0,0.0,0.174524,0.0,0.0,10.206523999999996,0.0,0.0
PRO  34,76.684,0.0,0.0,-5.702,0.0,0.0,-57.616,0.0,0.0,-1.543,0.0,0.0,0.48107378,0.0,0.0,12.30407378,0.0,0.0
GLU  35,105.236,0.0,0.0,-7.537,0.0,0.0,-84.252,0.0,0.0,-66.892,0.0,0.0,0.46581106,0.0,0.0,-52.97918893999999,0.0,0.0
VAL  36,54.966,0.0,0.0,-10.012,0.0,0.0,-60.571,0.0,0.0,0.529,0.0,0.0,0.0,0.0,0.0,-15.087999999999997,0.0,0.0
ILE  37,92.259,0.0,0.0,-9.054,0.0,0.0,-65.182,0.0,0.0,-0.095,0.0,0.0,0.18424748000000002,0.0,0.0,18.112247479999997,0.0,0.0
PRO  38,81.813,0.0,0.0,-6.141,0.0,0.0,-60.781,0.0,0.0,-2.012,0.0,0.0,0.41776818,0.0,0.0,13.296768179999997,0.0,0.0
MET  39,91.488,0.0,0.0,-8.529,0.0,0.0,-74.615,0.0,0.0,-1.582,0.0,0.0,0.3752266,0.0,0.0,7.137226600000009,0.0,0.0
PHE  40,102.534,0.0,0.0,-12.574,0.0,0.0,-87.04,0.0,0.0,-1.39,0.0,0.0,0.0020433400000000003,0.0,0.0,1.5320433400000018,0.0,0.0
SER  41,77.383,0.0,0.0,-5.94,0.0,0.0,-67.212,0.0,0.0,-6.879,0.0,0.0,0.25787276000000003,0.0,0.0,-2.390127240000005,0.0,0.0
ALA  42,82.898,0.0,0.0,-4.727,0.0,0.0,-64.385,0.0,0.0,-5.248,0.0,0.0,0.36733508000000004,0.0,0.0,8.905335079999986,0.0,0.0
LEU  43,71.934,0.0,0.0,-9.982,0.0,0.0,-74.828,0.0,0.0,-3.79,0.0,0.0,0.24549890000000002,0.0,0.0,-16.420501100000003,0.0,0.0
SER  44,73.301,0.0,0.0,-6.575,0.0,0.0,-71.958,0.0,0.0,-0.454,0.0,0.0,0.0,0.0,0.0,-5.685999999999999,0.0,0.0
GLU  45,98.464,0.0,0.0,-5.541,0.0,0.0,-72.207,0.0,0.0,-75.058,0.0,0.0,0.71200914,0.0,0.0,-53.62999086,0.0,0.0
GLY  46,66.945,0.0,0.0,-4.196,0.0,0.0,-69.571,0.0,0.0,-0.032,0.0,0.0,0.15020988,0.0,0.0,-6.7037901200000025,0.0,0.0
ALA  47,98.849,0.0,0.0,-6.511,0.0,0.0,-85.381,0.0,0.0,-4.55,0.0,0.0,0.00626552,0.0,0.0,2.413265520000008,0.0,0.0
THR  48,63.851,0.0,0.0,-8.099,0.0,0.0,-65.033,0.0,0.0,-0.88,0.0,0.0,0.0,0.0,0.0,-10.161000000000007,0.0,0.0
PRO  49,79.599,0.0,0.0,-10.923,0.0,0.0,-55.935,0.0,0.0,-0.933,0.0,0.0,0.0,0.0,0.0,11.808,0.0,0.0
GLN  50,33.838,0.0,0.0,-10.343,0.0,0.0,-71.214,0.0,0.0,-10.292,0.0,0.0,0.3016772,0.0,0.0,-57.709322799999995,0.0,0.0
ASP  51,89.895,0.0,0.0,-9.014,0.0,0.0,-125.552,0.0,0.0,-17.592,0.0,0.0,0.00484548,0.0,0.0,-62.258154520000005,0.0,0.0
LEU  52,68.125,0.0,0.0,-12.054,0.0,0.0,-70.597,0.0,0.0,0.009,0.0,0.0,0.0,0.0,0.0,-14.516999999999996,0.0,0.0
ASN  53,40.868,0.0,0.0,-7.72,0.0,0.0,-99.729,0.0,0.0,-4.571,0.0,0.0,0.18271362,0.0,0.0,-70.96928637999999,0.0,0.0
THR  54,59.015,0.0,0.0,-7.273,0.0,0.0,-66.299,0.0,0.0,-1.499,0.0,0.0,0.23394346,0.0,0.0,-15.82205654,0.0,0.0
MET  55,86.205,0.0,0.0,-14.398,0.0,0.0,-68.784,0.0,0.0,-1.323,0.0,0.0,0.0066666,0.0,0.0,1.7066665999999961,0.0,0.0
LEU  56,68.015,0.0,0.0,-8.235,0.0,0.0,-72.687,0.0,0.0,-0.918,0.0,0.0,0.17728278000000003,0.0,0.0,-13.647717219999995,0.0,0.0
ASN  57,32.715,0.0,0.0,-6.898,0.0,0.0,-87.84,0.0,0.0,-11.475,0.0,0.0,0.52050428,0.0,0.0,-72.97749572,0.0,0.0
THR  58,57.626,0.0,0.0,-6.382,0.0,0.0,-65.338,0.0,0.0,-5.375,0.0,0.0,0.15345646000000002,0.0,0.0,-19.315543539999993,0.0,0.0
VAL  59,39.134,0.0,0.0,-8.991,0.0,0.0,-40.756,0.0,0.0,-3.502,0.0,0.0,0.004915940000000001,0.0,0.0,-14.110084059999998,0.0,0.0
ALA  60,85.205,0.0,0.0,-3.686,0.0,0.0,-63.379,0.0,0.0,-3.667,0.0,0.0,0.29802412,0.0,0.0,14.771024120000007,0.0,0.0
PRO  61,78.89,0.0,0.0,-3.615,0.0,0.0,-52.69,0.0,0.0,-7.064,0.0,0.0,0.62493684,0.0,0.0,16.145936840000008,0.0,0.0
HID  62,93.599,0.0,0.0,-10.162,0.0,0.0,-73.565,0.0,0.0,-2.195,0.0,0.0,0.14828036,0.0,0.0,7.82528036,0.0,0.0
GLN  63,29.838,0.0,0.0,-3.793,0.0,0.0,-63.669,0.0,0.0,-12.906,0.0,0.0,0.75175942,0.0,0.0,-49.778240579999995,0.0,0.0
ALA  64,84.493,0.0,0.0,-3.292,0.0,0.0,-70.826,0.0,0.0,-2.859,0.0,0.0,0.50956672,0.0,0.0,8.02556672,0.0,0.0
ALA  65,86.354,0.0,0.0,-5.976,0.0,0.0,-76.775,0.0,0.0,0.604,0.0,0.0,0.011512080000000001,0.0,0.0,4.218512079999995,0.0,0.0
ALA  66,92.77,0.0,0.0,-6.293,0.0,0.0,-79.002,0.0,0.0,-1.825,0.0,0.0,0.10243258000000001,0.0,0.0,5.7524325799999945,0.0,0.0
GLN  67,38.013,4.76837158203125e-07,4.76837158203125e-07,-6.149,0.0,0.0,-75.603,0.0,0.0,-10.777,0.0,0.0,0.71426386,0.0,0.0,-53.801736139999996,0.0,0.0
MET  68,91.428,0.0,0.0,-9.138,0.0,0.0,-73.824,0.0,0.0,-3.598,0.0,0.0,0.23044756000000002,0.0,0.0,5.098447559999994,0.0,0.0
LEU  69,80.151,0.0,0.0,-11.63,0.0,0.0,-73.895,0.0,0.0,-4.13,0.0,0.0,0.00072086,0.0,0.0,-9.503279139999995,0.0,0.0
LYS  70,127.454,0.0,0.0,-7.375,0.0,0.0,-112.796,0.0,0.0,-26.254,0.0,0.0,0.7058195,0.0,0.0,-18.265180500000014,0.0,0.0
GLU  71,106.521,0.0,0.0,-6.301,0.0,0.0,-75.747,0.0,0.0,-83.993,0.0,0.0,0.53548516,0.0,0.0,-58.984514839999996,0.0,0.0
THR  72,53.765,0.0,0.0,-7.96,0.0,0.0,-59.456,0.0,0.0,-5.03,0.0,0.0,0.03656874,0.0,0.0,-18.644431260000005,0.0,0.0
ILE  73,71.8,0.0,0.0,-11.361,0.0,0.0,-50.547,0.0,0.0,-3.705,0.0,0.0,0.02434122,0.0,0.0,6.211341219999996,0.0,0.0
ASN  74,18.306,0.0,0.0,-6.608,0.0,0.0,-71.371,0.0,0.0,-15.407,0.0,0.0,0.4869002800000001,0.0,0.0,-74.59309972,0.0,0.0
GLU  75,113.798,0.0,0.0,-7.362,0.0,0.0,-40.082,0.0,0.0,-113.968,0.0,0.0,0.5081521,0.0,0.0,-47.10584789999999,0.0,0.0
GLU  76,93.021,0.0,0.0,-11.804,0.0,0.0,-33.85,0.0,0.0,-104.322,0.0,0.0,0.22640966000000004,0.0,0.0,-56.728590340000004,0.0,0.0
ALA  77,82.594,0.0,0.0,-7.45,0.0,0.0,-69.529,0.0,0.0,-2.86,0.0,0.0,0.15133724,0.0,0.0,2.906337239999995,0.0,0.0
ALA  78,99.152,0.0,0.0,-5.968,0.0,0.0,-86.048,0.0,0.0,0.341,0.0,0.0,0.30991018000000004,0.0,0.0,7.786910179999996,0.0,0.0
GLU  79,114.713,0.0,0.0,-7.886,0.0,0.0,-70.779,0.0,0.0,-84.7,0.0,0.0,0.27342816000000003,0.0,0.0,-48.37857184,0.0,0.0
TRP  80,117.633,0.0,0.0,-16.787,0.0,0.0,-90.514,0.0,0.0,-2.463,0.0,0.0,0.17741828,0.0,0.0,8.046418280000008,0.0,0.0
ASP  81,101.942,0.0,0.0,-6.598,0.0,0.0,-70.162,0.0,0.0,-77.499,0.0,0.0,0.46752920000000003,0.0,0.0,-51.849470800000006,0.0,0.0
ARG  82,-192.256,0.0,0.0,-6.73,0.0,0.0,-9.892,0.0,0.0,32.809,0.0,0.0,0.9103161000000001,0.0,0.0,-175.1586839,0.0,0.0
LEU  83,64.691,0.0,0.0,-7.107,0.0,0.0,-69.257,0.0,0.0,-2.809,0.0,0.0,0.5481408600000001,0.0,0.0,-13.933859140000003,0.0,0.0
HID  84,116.679,0.0,0.0,-6.854,0.0,0.0,-78.793,0.0,0.0,-7.509,0.0,0.0,0.5132469,0.0,0.0,24.036246899999995,0.0,0.0
PRO  85,90.959,0.0,0.0,-4.231,0.0,0.0,-63.453,0.0,0.0,-6.764,0.0,0.0,0.6060644,0.0,0.0,17.117064400000007,0.0,0.0
VAL  86,47.792,0.0,0.0,-3.165,0.0,0.0,-47.222,0.0,0.0,-6.685,0.0,0.0,0.64257894,0.0,0.0,-8.637421059999998,0.0,0.0
HID  87,90.9,0.0,0.0,-6.005,0.0,0.0,-60.695,0.0,0.0,-10.613,0.0,0.0,0.60279072,0.0,0.0,14.18979072000001,0.0,0.0
ALA  88,89.828,0.0,0.0,-1.965,0.0,0.0,-73.91,0.0,0.0,-6.888,0.0,0.0,0.5443631200000001,0.0,0.0,7.609363120000003,0.0,0.0
GLY  89,92.526,0.0,0.0,-1.596,0.0,0.0,-76.054,0.0,0.0,-7.481,0.0,0.0,0.34610494,0.0,0.0,7.741104939999991,0.0,0.0
PRO  90,88.29,0.0,0.0,-3.088,0.0,0.0,-58.014,0.0,0.0,-6.961,0.0,0.0,0.76523896,0.0,0.0,20.992238960000012,0.0,0.0
ILE  91,89.356,0.0,0.0,-5.141,0.0,0.0,-64.282,0.0,0.0,-4.801,0.0,0.0,0.4423262,0.0,0.0,15.574326199999993,0.0,0.0
ALA  92,91.482,0.0,0.0,-3.219,0.0,0.0,-66.238,0.0,0.0,-7.352,0.0,0.0,0.35194228,0.0,0.0,15.024942280000005,0.0,0.0
PRO  93,85.453,0.0,0.0,-2.799,0.0,0.0,-55.805,0.0,0.0,-8.733,0.0,0.0,0.73794384,0.0,0.0,18.853943839999996,0.0,0.0
GLY  94,71.222,0.0,0.0,-1.945,0.0,0.0,-64.671,0.0,0.0,-7.302,0.0,0.0,0.46904680000000004,0.0,0.0,-2.226953200000005,0.0,0.0
GLN  95,40.533,0.0,0.0,-6.761,0.0,0.0,-78.905,0.0,0.0,-10.083,0.0,0.0,0.48192472000000003,0.0,0.0,-54.73407528,0.0,0.0
MET  96,107.442,0.0,0.0,-8.921,0.0,0.0,-74.559,0.0,0.0,-9.888,0.0,0.0,0.31559576,0.0,0.0,14.38959575999999,0.0,0.0
ARG  97,-195.039,0.0,0.0,-8.929,0.0,0.0,-15.548,0.0,0.0,33.711,0.0,0.0,0.51737694,0.0,0.0,-185.28762306000002,0.0,0.0
GLU  98,109.259,0.0,0.0,-6.333,0.0,0.0,-54.412,0.0,0.0,-95.55,0.0,0.0,0.65337016,0.0,0.0,-46.38262983999999,0.0,0.0
PRO  99,89.158,0.0,0.0,-9.247,0.0,0.0,-64.333,0.0,0.0,-1.751,0.0,0.0,0.00161516,0.0,0.0,13.828615160000004,0.0,0.0
ARG 100,-185.625,0.0,0.0,-11.099,0.0,0.0,-20.65,0.0,0.0,34.137,0.0,0.0,0.30491836000000005,0.0,0.0,-182.93208164,0.0,0.0
GLY 101,81.378,0.0,0.0,-4.659,0.0,0.0,-81.815,0.0,0.0,-2.434,0.0,0.0,0.007560900000000001,0.0,0.0,-7.522439100000004,0.0,0.0
SER 102,63.704,0.0,0.0,-6.637,0.0,0.0,-62.737,0.0,0.0,-2.83,0.0,0.0,0.26817076,0.0,0.0,-8.231829240000001,0.0,0.0
ASP 103,90.448,0.0,0.0,-9.269,0.0,0.0,-93.221,0.0,0.0,-45.548,0.0,0.0,0.00715982,0.0,0.0,-57.58284018000002,0.0,0.0
ILE 104,80.706,0.0,0.0,-12.997,0.0,0.0,-58.572,0.0,0.0,-1.113,0.0,0.0,0.0,0.0,0.0,8.024000000000001,0.0,0.0
ALA 105,88.005,0.0,0.0,-6.288,0.0,0.0,-78.04,0.0,0.0,-1.361,0.0,0.0,0.08925113999999999,0.0,0.0,2.4052511399999927,0.0,0.0
GLY 106,91.136,0.0,0.0,-5.351,0.0,0.0,-85.396,0.0,0.0,-3.35,0.0,0.0,0.04021098,0.0,0.0,-2.9207890200000044,0.0,0.0
THR 107,52.339,0.0,0.0,-5.05,0.0,0.0,-59.625,0.0,0.0,-6.343,0.0,0.0,0.62161438,0.0,0.0,-18.057385619999998,0.0,0.0
THR 108,36.881,0.0,0.0,-3.427,0.0,0.0,-50.224,0.0,0.0,-4.157,0.0,0.0,0.4764017400000001,0.0,0.0,-20.450598259999996,0.0,0.0
SER 109,83.332,0.0,0.0,-8.263,0.0,0.0,-72.517,0.0,0.0,-3.706,0.0,0.0,0.02646586,0.0,0.0,-1.1275341400000074,0.0,0.0
THR 110,44.298,0.0,0.0,-5.9,0.0,0.0,-43.178,0.0,0.0,-6.643,0.0,0.0,0.52338772,0.0,0.0,-10.899612279999994,0.0,0.0
LEU 111,64.228,0.0,0.0,-8.8,0.0,0.0,-59.433,0.0,0.0,-5.075,0.0,0.0,0.29612712,0.0,0.0,-8.783872880000002,0.0,0.0
GLN 112,35.711,0.0,0.0,-5.277,0.0,0.0,-69.248,0.0,0.0,-20.719,0.0,0.0,0.89864142,0.0,0.0,-58.63435858000001,0.0,0.0
GLU 113,105.128,0.0,0.0,-10.055,0.0,0.0,-86.251,0.0,0.0,-61.759,0.0,0.0,0.25709228,0.0,0.0,-52.679907719999996,0.0,0.0
GLN 114,39.552,0.0,0.0,-14.188,0.0,0.0,-83.199,0.0,0.0,-1.505,0.0,0.0,0.0,0.0,0.0,-59.34,0.0,0.0
ILE 115,84.597,0.0,0.0,-6.453,0.0,0.0,-67.221,0.0,0.0,-2.161,0.0,0.0,0.11941344000000001,0.0,0.0,8.881413439999989,0.0,0.0
GLY 116,80.821,0.0,0.0,-4.947,0.0,0.0,-77.485,0.0,0.0,-1.422,0.0,0.0,0.08316448,0.0,0.0,-2.9498355200000037,0.0,0.0
TRP 117,120.617,0.0,0.0,-19.324,0.0,0.0,-90.548,0.0,0.0,-1.922,0.0,0.0,0.0035988800000000005,0.0,0.0,8.826598880000004,0.0,0.0
MET 118,94.974,0.0,0.0,-10.144,0.0,0.0,-81.7,0.0,0.0,-4.006,0.0,0.0,0.18586806,0.0,0.0,-0.6901319400000048,0.0,0.0
THR 119,37.868,0.0,0.0,-5.588,0.0,0.0,-49.591,0.0,0.0,-6.316,0.0,0.0,0.41104196,0.0,0.0,-23.21595804,0.0,0.0
HID 120,89.101,0.0,0.0,-9.763,0.0,0.0,-61.448,0.0,0.0,-5.675,0.0,0.0,0.23473478,0.0,0.0,12.449734779999993,0.0,0.0
ASN 121,28.335,0.0,0.0,-4.168,0.0,0.0,-68.013,0.0,0.0,-17.45,0.0,0.0,0.6993100800000001,0.0,0.0,-60.59668992,0.0,0.0
PRO 122,93.699,0.0,0.0,-4.502,0.0,0.0,-56.941,0.0,0.0,-5.38,0.0,0.0,0.61263344,0.0,0.0,27.48863344,0.0,0.0
PRO 123,79.532,0.0,0.0,-6.837,0.0,0.0,-55.754,0.0,0.0,-6.051,0.0,0.0,0.37905854,0.0,0.0,11.269058539999996,0.0,0.0
ILE 124,97.6,0.0,0.0,-6.348,0.0,0.0,-64.859,0.0,0.0,-1.297,0.0,0.0,0.24252332000000001,0.0,0.0,25.33852332,0.0,0.0
PRO 125,92.064,0.0,0.0,-6.414,0.0,0.0,-65.913,0.0,0.0,-2.377,0.0,0.0,0.30461484,0.0,0.0,17.664614839999995,0.0,0.0
VAL 126,52.336,0.0,0.0,-10.113,0.0,0.0,-54.757,0.0,0.0,-1.52,0.0,0.0,0.0,0.0,0.0,-14.053999999999998,0.0,0.0
GLY 127,75.458,0.0,0.0,-5.823,0.0,0.0,-74.66,0.0,0.0,-1.299,0.0,0.0,0.0035988800000000005,0.0,0.0,-6.320401120000005,0.0,0.0
GLU 128,106.468,0.0,0.0,-7.767,0.0,0.0,-98.651,0.0,0.0,-50.706,0.0,0.0,0.42809328,0.0,0.0,-50.22790671999999,0.0,0.0
ILE 129,87.693,0.0,0.0,-8.242,0.0,0.0,-66.145,0.0,0.0,0.209,0.0,0.0,0.20159690000000002,0.0,0.0,13.716596899999997,0.0,0.0
TYR 130,91.895,0.0,0.0,-13.717,0.0,0.0,-92.488,0.0,0.0,-1.577,0.0,0.0,0.0204334,0.0,0.0,-15.866566600000002,0.0,0.0
LYS 131,144.33,0.0,0.0,-10.758,0.0,0.0,-171.004,0.0,0.0,26.837,0.0,0.0,0.10843794000000001,0.0,0.0,-10.486562059999988,0.0,0.0
ARG 132,-191.0,0.0,0.0,-10.544,0.0,0.0,32.725,0.0,0.0,-10.374,0.0,0.0,0.8602353,0.0,0.0,-178.3327647,0.0,0.0
TRP 133,127.155,0.0,0.0,-18.518,0.0,0.0,-93.737,0.0,0.0,-5.838,0.0,0.0,0.08662786000000001,0.0,0.0,9.148627860000005,0.0,0.0
ILE 134,86.67,0.0,0.0,-10.464,0.0,0.0,-71.317,0.0,0.0,-1.326,0.0,0.0,0.01540906,0.0,0.0,3.57840906000001,0.0,0.0
ILE 135,78.984,0.0,0.0,-8.419,0.0,0.0,-62.668,0.0,0.0,-0.751,0.0,0.0,0.10321306000000001,0.0,0.0,7.249213059999998,0.0,0.0
LEU 136,70.935,0.0,0.0,-8.86,0.0,0.0,-75.016,0.0,0.0,2.186,0.0,0.0,0.40010982,0.0,0.0,-10.354890180000002,0.0,0.0
GLY 137,80.579,0.0,0.0,-7.008,0.0,0.0,-77.155,0.0,0.0,-0.679,0.0,0.0,0.0,0.0,0.0,-4.2630000000000035,0.0,0.0
LEU 138,65.016,0.0,0.0,-10.232,0.0,0.0,-66.365,0.0,0.0,-2.485,0.0,0.0,0.0034850600000000003,0.0,0.0,-14.06251493999999,0.0,0.0
ASN 139,47.28,0.0,0.0,-8.427,0.0,0.0,-99.524,0.0,0.0,-8.92,0.0,0.0,0.2588592,0.0,0.0,-69.33214079999999,0.0,0.0
LYS 140,135.851,0.0,0.0,-7.882,0.0,0.0,-182.338,0.0,0.0,38.358,0.0,0.0,0.2827343,0.0,0.0,-15.728265700000003,0.0,0.0
ILE 141,92.972,0.0,0.0,-10.384,0.0,0.0,-76.053,0.0,0.0,-3.629,0.0,0.0,0.0,0.0,0.0,2.9059999999999966,0.0,0.0
VAL 142,58.931,0.0,0.0,-9.554,0.0,0.0,-52.716,0.0,0.0,-7.65,0.0,0.0,0.08998284000000001,0.0,0.0,-10.899017160000007,0.0,0.0
ARG 143,-195.615,0.0,0.0,-8.449,0.0,0.0,45.319,0.0,0.0,-12.637,0.0,0.0,1.04037442,0.0,0.0,-170.34162558,0.0,0.0
MET 144,86.936,0.0,0.0,-6.029,0.0,0.0,-74.58,0.0,0.0,-6.763,0.0,0.0,0.74217686,0.0,0.0,0.30617686000001254,0.0,0.0
TYR 145,100.302,0.0,0.0,-8.592,0.0,0.0,-87.007,0.0,0.0,-10.812,0.0,0.0,0.53276974,0.0,0.0,-5.576230259999996,0.0,0.0
SER 146,85.599,0.0,0.0,-3.268,0.0,0.0,-56.252,0.0,0.0,-16.136,0.0,0.0,0.5050952200000001,0.0,0.0,10.44809522,0.0,0.0
PRO 147,88.478,0.0,0.0,-3.228,0.0,0.0,-60.354,0.0,0.0,-9.295,0.0,0.0,0.74434486,0.0,0.0,16.34534486,0.0,0.0
THR 148,30.573,0.0,0.0,-5.639,0.0,0.0,-33.93,0.0,0.0,-10.15,0.0,0.0,0.22648012000000003,0.0,0.0,-18.91951988,0.0,0.0
SER 149,62.791,0.0,0.0,-4.886,0.0,0.0,-50.003,0.0,0.0,-7.09,0.0,0.0,0.27957444000000004,0.0,0.0,1.091574439999994,0.0,0.0
ILE 150,78.994,0.0,0.0,-9.775,0.0,0.0,-61.11,0.0,0.0,-0.934,0.0,0.0,0.06886652,0.0,0.0,7.243866519999995,0.0,0.0
LEU 151,59.07,0.0,0.0,-6.107,0.0,0.0,-70.465,0.0,0.0,-0.686,0.0,0.0,0.6124058,0.0,0.0,-17.5755942,0.0,0.0
ASP 152,95.301,0.0,0.0,-4.639,0.0,0.0,-61.423,0.0,0.0,-86.866,0.0,0.0,0.6259016000000001,0.0,0.0,-57.0010984,0.0,0.0
ILE 153,93.122,0.0,0.0,-7.367,0.0,0.0,-73.863,0.0,0.0,-1.009,0.0,0.0,0.1493481,0.0,0.0,11.032348099999995,0.0,0.0
ARG 154,-189.689,0.0,0.0,-7.872,0.0,0.0,31.857,0.0,0.0,-7.251,0.0,0.0,0.84171516,0.0,0.0,-172.11328483999998,0.0,0.0
GLN 155,29.569,0.0,0.0,-13.23,0.0,0.0,-83.461,0.0,0.0,-2.747,0.0,0.0,0.06595056,0.0,0.0,-69.80304944,0.0,0.0
GLY 156,88.739,0.0,0.0,-2.693,0.0,0.0,-73.837,0.0,0.0,-4.995,0.0,0.0,0.10517510000000001,0.0,0.0,7.319175100000003,0.0,0.0
PRO 157,88.496,0.0,0.0,-2.76,0.0,0.0,-54.472,0.0,0.0,-8.27,0.0,0.0,0.74970524,0.0,0.0,23.74370523999999,0.0,0.0
LYS 158,121.751,0.0,0.0,-5.0,0.0,0.0,-106.719,0.0,0.0,-25.397,0.0,0.0,0.9786623000000001,0.0,0.0,-14.386337699999988,0.0,0.0
GLU 159,112.666,0.0,0.0,-8.255,0.0,0.0,-101.483,0.0,0.0,-54.342,0.0,0.0,0.20719576000000003,0.0,0.0,-51.206804240000004,0.0,0.0
PRO 160,78.942,0.0,0.0,-6.757,0.0,0.0,-57.977,0.0,0.0,-2.337,0.0,0.0,0.28299446,0.0,0.0,12.153994459999991,0.0,0.0
PHE 161,106.256,0.0,0.0,-15.476,0.0,0.0,-72.929,0.0,0.0,-2.92,0.0,0.0,0.0,0.0,0.0,14.931,0.0,0.0
ARG 162,-198.096,0.0,0.0,-9.097,0.0,0.0,-8.905,0.0,0.0,31.186,0.0,0.0,0.5695715400000001,0.0,0.0,-184.34242846,0.0,0.0
ASP 163,96.531,0.0,0.0,-7.344,0.0,0.0,-58.335,0.0,0.0,-89.824,0.0,0.0,0.42113942,0.0,0.0,-58.550860579999984,0.0,0.0
TYR 164,97.192,0.0,0.0,-19.611,0.0,0.0,-94.677,0.0,0.0,-2.035,0.0,0.0,0.0,0.0,0.0,-19.131000000000018,0.0,0.0
VAL 165,51.122,0.0,0.0,-10.47,0.0,0.0,-54.639,0.0,0.0,1.015,0.0,0.0,0.052996760000000004,0.0,0.0,-12.919003240000002,0.0,0.0
ASP 166,116.305,0.0,0.0,-7.371,0.0,0.0,-111.675,0.0,0.0,-51.413,0.0,0.0,0.33573106,0.0,0.0,-53.81826893999998,0.0,0.0
ARG 167,-195.412,0.0,0.0,-8.146,0.0,0.0,-11.543,0.0,0.0,31.983,0.0,0.0,0.3802130000000001,0.0,0.0,-182.737787,0.0,0.0
PHE 168,89.551,0.0,0.0,-16.685,0.0,0.0,-78.653,0.0,0.0,-1.368,0.0,0.0,0.0,0.0,0.0,-7.1550000000000065,0.0,0.0
TYR 169,99.784,0.0,0.0,-13.966,0.0,0.0,-91.987,0.0,0.0,-1.658,0.0,0.0,0.25840392,0.0,0.0,-7.568596079999982,0.0,0.0
LYS 170,135.961,0.0,0.0,-9.769,0.0,0.0,-167.368,0.0,0.0,20.127,0.0,0.0,0.30056068,0.0,0.0,-20.74843931999999,0.0,0.0
THR 171,47.988,0.0,0.0,-9.248,0.0,0.0,-53.415,0.0,0.0,-4.062,0.0,0.0,0.08237316,0.0,0.0,-18.65462684,0.0,0.0
LEU 172,70.458,0.0,0.0,-12.508,0.0,0.0,-68.75,0.0,0.0,-1.489,0.0,0.0,0.011512080000000001,0.0,0.0,-12.277487919999999,0.0,0.0
ARG 173,-192.023,0.0,0.0,-9.74,0.0,0.0,41.279,0.0,0.0,-12.629,0.0,0.0,0.47645594,0.0,0.0,-172.63654406,0.0,0.0
ALA 174,89.09,0.0,0.0,-7.09,0.0,0.0,-81.203,0.0,0.0,-1.945,0.0,0.0,0.06408608,0.0,0.0,-1.083913920000003,0.0,0.0
GLU 175,103.317,0.0,0.0,-7.756,0.0,0.0,-64.133,0.0,0.0,-84.108,0.0,0.0,0.36737844000000003,0.0,0.0,-52.312621560000004,0.0,0.0
GLN 176,30.885,0.0,0.0,-4.726,0.0,0.0,-65.604,0.0,0.0,-16.272,0.0,0.0,0.8448099800000001,0.0,0.0,-54.87219001999999,0.0,0.0
ALA 177,101.012,0.0,0.0,-5.265,0.0,0.0,-89.376,0.0,0.0,0.444,0.0,0.0,0.09152212,0.0,0.0,6.906522119999995,0.0,0.0
SER 178,79.754,0.0,0.0,-3.68,0.0,0.0,-75.229,0.0,0.0,-0.604,0.0,0.0,0.30722186,0.0,0.0,0.5482218599999988,0.0,0.0
GLN 179,29.924,0.0,0.0,-6.287,0.0,0.0,-74.266,0.0,0.0,-8.76,0.0,0.0,0.6673646,0.0,0.0,-58.721635400000004,0.0,0.0
GLU 180,111.896,0.0,0.0,-3.681,0.0,0.0,-102.722,0.0,0.0,-55.502,0.0,0.0,0.71849146,0.0,0.0,-49.29050853999999,0.0,0.0
VAL 181,66.563,0.0,0.0,-6.565,0.0,0.0,-60.39,0.0,0.0,-1.621,0.0,0.0,0.29388324000000005,0.0,0.0,-1.719116759999996,0.0,0.0
LYS 182,112.109,0.0,0.0,-8.387,0.0,0.0,-95.544,0.0,0.0,-29.417,0.0,0.0,0.29475044,0.0,0.0,-20.944249560000003,0.0,0.0
ASN 183,27.813,0.0,0.0,-6.822,0.0,0.0,-82.932,0.0,0.0,-12.747,0.0,0.0,0.54713816,0.0,0.0,-74.14086184,0.0,0.0
TRP 184,124.808,0.0,0.0,-10.857,0.0,0.0,-93.17,0.0,0.0,-6.269,0.0,0.0,0.8500999,0.0,0.0,15.362099900000006,0.0,0.0
MET 185,97.343,0.0,0.0,-10.22,0.0,0.0,-84.831,0.0,0.0,-2.612,0.0,0.0,0.15641036000000003,0.0,0.0,-0.16358963999999848,0.0,0.0
THR 186,42.773,0.0,0.0,-5.565,0.0,0.0,-56.536,0.0,0.0,-2.755,0.0,0.0,0.1031968,0.0,0.0,-21.979803199999996,0.0,0.0
GLU 187,105.154,0.0,0.0,-6.435,0.0,0.0,-62.496,0.0,0.0,-85.746,0.0,0.0,0.6687196,0.0,0.0,-48.8542804,0.0,0.0
THR 188,43.754,0.0,0.0,-6.202,0.0,0.0,-55.07,0.0,0.0,-0.878,0.0,0.0,0.22823078000000002,0.0,0.0,-18.16776922,0.0,0.0
LEU 189,68.244,0.0,0.0,-9.919,0.0,0.0,-68.815,0.0,0.0,-0.236,0.0,0.0,0.13879536,0.0,0.0,-10.587204639999996,0.0,0.0
LEU 190,81.127,0.0,0.0,-10.607,0.0,0.0,-90.167,0.0,0.0,0.365,0.0,0.0,0.0,0.0,0.0,-19.282000000000007,0.0,0.0
VAL 191,56.743,0.0,0.0,-8.552,0.0,0.0,-60.098,0.0,0.0,-0.105,0.0,0.0,0.08722948000000001,0.0,0.0,-11.924770519999997,0.0,0.0
GLN 192,25.287,0.0,0.0,-8.411,0.0,0.0,-68.994,0.0,0.0,-5.934,0.0,0.0,0.43502004000000005,0.0,0.0,-57.61697996,0.0,0.0
ASN 193,20.306,0.0,0.0,-9.214,0.0,0.0,-86.776,0.0,0.0,-0.379,0.0,0.0,0.02759864,0.0,0.0,-76.03540136000001,0.0,0.0
ALA 194,88.982,0.0,0.0,-7.73,0.0,0.0,-80.975,0.0,0.0,0.34,0.0,0.0,0.03579910000000001,0.0,0.0,0.6527991000000011,0.0,0.0
ASN 195,35.409,0.0,0.0,-8.586,0.0,0.0,-81.341,0.0,0.0,-6.831,0.0,0.0,0.13261114,0.0,0.0,-61.216388859999995,0.0,0.0
PRO 196,78.908,0.0,0.0,-5.488,0.0,0.0,-60.283,0.0,0.0,-1.733,0.0,0.0,0.5569212600000001,0.0,0.0,11.96092126,0.0,0.0
ASP 197,84.01,0.0,0.0,-3.96,0.0,0.0,-60.856,0.0,0.0,-72.865,0.0,0.0,0.6512943000000001,0.0,0.0,-53.01970569999998,0.0,0.0
CYX 198,98.737,0.0,0.0,-6.351,0.0,0.0,-78.658,0.0,0.0,-3.788,0.0,0.0,0.04732744,0.0,0.0,9.987327439999994,0.0,0.0
LYS 199,142.354,0.0,0.0,-8.91,0.0,0.0,-130.627,0.0,0.0,-14.578,0.0,0.0,0.30232218000000005,0.0,0.0,-11.458677819999991,0.0,0.0
THR 200,50.48,0.0,0.0,-5.109,0.0,0.0,-61.441,0.0,0.0,-3.782,0.0,0.0,0.50316028,0.0,0.0,-19.348839720000008,0.0,0.0
ILE 201,80.465,0.0,0.0,-6.946,0.0,0.0,-59.835,0.0,0.0,-1.142,0.0,0.0,0.46092222,0.0,0.0,13.002922220000006,0.0,0.0
LEU 202,72.228,0.0,0.0,-10.848,0.0,0.0,-70.791,0.0,0.0,-3.965,0.0,0.0,0.06829742000000001,0.0,0.0,-13.30770258,0.0,0.0
LYS 203,118.31,0.0,0.0,-5.282,0.0,0.0,-98.556,0.0,0.0,-29.168,0.0,0.0,0.8500077600000001,0.0,0.0,-13.84599223999999,0.0,0.0
ALA 204,85.164,0.0,0.0,-2.534,0.0,0.0,-74.387,0.0,0.0,-4.281,0.0,0.0,0.47352914000000007,0.0,0.0,4.435529139999995,0.0,0.0
LEU 205,68.883,0.0,0.0,-5.915,0.0,0.0,-73.397,0.0,0.0,-4.646,0.0,0.0,0.27839830000000004,0.0,0.0,-14.79660170000001,0.0,0.0
GLY 206,91.485,0.0,0.0,-2.06,0.0,0.0,-73.63,0.0,0.0,-7.134,0.0,0.0,0.26467486,0.0,0.0,8.92567486,0.0,0.0
PRO 207,80.647,0.0,0.0,-2.332,0.0,0.0,-53.644,0.0,0.0,-7.881,0.0,0.0,0.8452977800000001,0.0,0.0,17.635297780000013,0.0,0.0
GLY 208,64.546,0.0,0.0,-1.665,0.0,0.0,-62.245,0.0,0.0,-6.501,0.0,0.0,0.50239064,0.0,0.0,-5.362609359999991,0.0,0.0
ALA 209,97.706,0.0,0.0,-3.849,0.0,0.0,-83.815,0.0,0.0,-5.143,0.0,0.0,0.23149904000000004,0.0,0.0,5.130499040000002,0.0,0.0
THR 210,49.074,0.0,0.0,-4.978,0.0,0.0,-44.011,0.0,0.0,-9.733,0.0,0.0,0.49904108,0.0,0.0,-9.148958920000007,0.0,0.0
LEU 211,62.392,0.0,0.0,-8.877,0.0,0.0,-66.307,0.0,0.0,-3.324,0.0,0.0,0.26179684000000003,0.0,0.0,-15.854203159999999,0.0,0.0
GLU 212,104.779,0.0,0.0,-4.297,0.0,0.0,-94.132,0.0,0.0,-64.361,0.0,0.0,0.55564214,0.0,0.0,-57.45535786000001,0.0,0.0
GLU 213,109.505,0.0,0.0,-7.176,0.0,0.0,-55.058,0.0,0.0,-97.162,0.0,0.0,0.45065132,0.0,0.0,-49.440348680000014,0.0,0.0
MET 214,95.747,0.0,0.0,-11.949,0.0,0.0,-75.559,0.0,0.0,-2.532,0.0,0.0,0.12575484,0.0,0.0,5.832754840000004,0.0,0.0
MET 215,103.806,0.0,0.0,-12.237,0.0,0.0,-83.976,0.0,0.0,-3.168,0.0,0.0,0.13431844,0.0,0.0,4.559318440000004,0.0,0.0
THR 216,36.784,0.0,0.0,-3.729,0.0,0.0,-53.651,0.0,0.0,-2.449,0.0,0.0,0.44576790000000005,0.0,0.0,-22.599232100000002,0.0,0.0
ALA 217,78.21,0.0,0.0,-5.416,0.0,0.0,-64.681,0.0,0.0,-1.766,0.0,0.0,0.11221026,0.0,0.0,6.45921026,0.0,0.0
CYX 218,95.772,0.0,0.0,-7.412,0.0,0.0,-76.846,0.0,0.0,-3.722,0.0,0.0,0.01139284,0.0,0.0,7.803392839999996,0.0,0.0
GLN 219,43.048,0.0,0.0,-5.606,0.0,0.0,-74.969,0.0,0.0,-13.78,0.0,0.0,0.6986759400000001,0.0,0.0,-50.608324059999994,0.0,0.0
GLY 220,96.788,0.0,0.0,-3.515,0.0,0.0,-85.751,0.0,0.0,-5.854,0.0,0.0,0.17672452000000002,0.0,0.0,1.8447245199999913,0.0,0.0
VAL 221,27.417,0.0,0.0,-2.648,0.0,0.0,-25.184,0.0,0.0,-91.428,0.0,0.0,0.9153350200000001,0.0,0.0,-90.92766497999999,0.0,0.0

Receptor:
Total Energy Decomposition:
Residue,Internal,,,van der Waals,,,Electrostatic,,,Polar Solvation,,,Non-Polar Solv.,,,TOTAL,,
,Avg.,Std. Dev.,Std. Err. of Mean,Avg.,Std. Dev.,Std. Err. of Mean,Avg.,Std. Dev.,Std. Err. of Mean,Avg.,Std. Dev.,Std. Err. of Mean,Avg.,Std. Dev.,Std. Err. of Mean,Avg.,Std. Dev.,Std. Err. of Mean
PRO   1,103.888,0.0,0.0,-8.76,0.0,0.0,-100.799,0.0,0.0,2.689,0.0,0.0,0.20954804000000002,0.0,0.0,-2.7724519600000064,0.0,0.0
ILE   2,95.16,0.0,0.0,-7.715,0.0,0.0,-68.491,0.0,0.0,-3.03,0.0,0.0,0.20438820000000002,0.0,0.0,16.128388199999993,0.0,0.0
VAL   3,58.149,0.0,0.0,-6.672,0.0,0.0,-52.596,0.0,0.0,-6.504,0.0,0.0,0.26337406,0.0,0.0,-7.359625939999992,0.0,0.0
GLN   4,22.265,0.0,0.0,-3.346,0.0,0.0,-57.397,0.0,0.0,-15.7,0.0,0.0,1.0731762599999999,0.0,0.0,-53.10482374,0.0,0.0
ASN   5,38.991,0.0,0.0,-5.331,0.0,0.0,-87.156,0.0,0.0,-12.841,0.0,0.0,0.29889674,0.0,0.0,-66.03810326,0.0,0.0
LEU   6,76.28,0.0,0.0,-3.113,0.0,0.0,-68.892,0.0,0.0,-9.902,0.0,0.0,1.00697096,0.0,0.0,-4.620029039999993,0.0,0.0
GLN   7,29.769,0.0,0.0,-3.552,0.0,0.0,-66.797,0.0,0.0,-21.48,0.0,0.0,0.8515524600000001,0.0,0.0,-61.20844754,0.0,0.0
GLY   8,77.062,0.0,0.0,-1.389,0.0,0.0,-73.492,0.0,0.0,-6.237,0.0,0.0,0.36379582,0.0,0.0,-3.6922041800000027,0.0,0.0
GLN   9,38.903,0.0,0.0,-5.864,0.0,0.0,-71.68,0.0,0.0,-17.178,0.0,0.0,0.72926642,0.0,0.0,-55.08973358,0.0,0.0
MET  10,104.474,0.0,0.0,-8.618,0.0,0.0,-77.437,0.0,0.0,-6.529,0.0,0.0,0.37921030000000006,0.0,0.0,12.269210300000012,0.0,0.0
VAL  11,57.407,0.0,0.0,-6.13,0.0,0.0,-51.62,0.0,0.0,-2.785,0.0,0.0,0.34734612000000004,0.0,0.0,-2.7806538800000036,0.0,0.0
HID  12,96.317,0.0,0.0,-12.121,0.0,0.0,-63.562,0.0,0.0,-6.982,0.0,0.0,0.21959672,0.0,0.0,13.871596720000001,0.0,0.0
GLN  13,39.373,0.0,0.0,-5.093,0.0,0.0,-72.238,0.0,0.0,-16.554,0.0,0.0,0.7529030400000001,0.0,0.0,-53.75909696,0.0,0.0
ALA  14,91.57,0.0,0.0,-4.44,0.0,0.0,-81.921,0.0,0.0,-0.806,0.0,0.0,0.3815680000000001,0.0,0.0,4.784567999999989,0.0,0.0
ILE  15,98.016,0.0,0.0,-9.252,0.0,0.0,-75.989,0.0,0.0,-3.392,0.0,0.0,0.0143901,0.0,0.0,9.397390100000006,0.0,0.0
SER  16,83.117,0.0,0.0,-5.475,0.0,0.0,-60.418,0.0,0.0,-9.212,0.0,0.0,0.3004035,0.0,0.0,8.312403500000011,0.0,0.0
PRO  17,89.623,0.0,0.0,-3.228,0.0,0.0,-60.01,0.0,0.0,-4.948,0.0,0.0,0.58458494,0.0,0.0,22.02158494000001,0.0,0.0
ARG  18,-175.709,0.0,0.0,-6.28,0.0,0.0,71.091,0.0,0.0,-58.0,0.0,0.0,1.1970557800000001,0.0,0.0,-167.70094422000003,0.0,0.0
THR  19,46.073,0.0,0.0,-9.104,0.0,0.0,-57.042,0.0,0.0,-3.27,0.0,0.0,0.19169456,0.0,0.0,-23.15130544,0.0,0.0
LEU  20,55.518,0.0,0.0,-9.892,0.0,0.0,-60.214,0.0,0.0,-2.531,0.0,0.0,0.11519126,0.0,0.0,-17.003808739999993,0.0,0.0
ASN  21,16.215,0.0,0.0,-6.549,0.0,0.0,-66.153,0.0,0.0,-17.019,0.0,0.0,0.58548466,0.0,0.0,-72.92051534,0.0,0.0
ALA  22,93.928,0.0,0.0,-6.181,0.0,0.0,-79.56,0.0,0.0,-2.656,0.0,0.0,0.2178298,0.0,0.0,5.748829799999997,0.0,0.0
TRP  23,131.221,0.0,0.0,-19.748,0.0,0.0,-97.557,0.0,0.0,-4.48,0.0,0.0,0.0113007,0.0,0.0,9.447300699999996,0.0,0.0
VAL  24,66.041,0.0,0.0,-3.731,0.0,0.0,-57.826,0.0,0.0,-4.072,0.0,0.0,0.27445254,0.0,0.0,0.6864525399999946,0.0,0.0
LYS  25,137.038,0.0,0.0,-8.022,0.0,0.0,-125.248,0.0,0.0,-17.008,0.0,0.0,0.7704909400000001,0.0,0.0,-12.469509059999984,0.0,0.0
VAL  26,62.987,0.0,0.0,-9.45,0.0,0.0,-66.056,0.0,0.0,-2.338,0.0,0.0,0.10583634000000001,0.0,0.0,-14.751163659999992,0.0,0.0
VAL  27,46.56,0.0,0.0,-8.743,0.0,0.0,-45.674,0.0,0.0,-4.43,0.0,0.0,0.014975460000000001,0.0,0.0,-12.272024539999999,0.0,0.0
GLU  28,95.834,0.0,0.0,-5.949,0.0,0.0,-63.323,0.0,0.0,-76.928,0.0,0.0,0.42245648,0.0,0.0,-49.94354351999999,0.0,0.0
GLU  29,106.293,0.0,0.0,-5.539,0.0,0.0,-97.884,0.0,0.0,-50.32,0.0,0.0,0.62753844,0.0,0.0,-46.822461559999994,0.0,0.0
LYS  30,119.934,0.0,0.0,-7.791,0.0,0.0,-102.35,0.0,0.0,-24.385,0.0,0.0,0.44371372000000003,0.0,0.0,-14.148286279999995,0.0,0.0
ALA  31,85.238,0.0,0.0,-3.762,0.0,0.0,-74.125,0.0,0.0,-5.668,0.0,0.0,0.23284320000000003,0.0,0.0,1.915843199999999,0.0,0.0
PHE  32,108.892,0.0,0.0,-11.346,0.0,0.0,-78.93,0.0,0.0,-8.196,0.0,0.0,0.037061960000000005,0.0,0.0,10.457061959999987,0.0,0.0
SER  33,87.866,0.0,0.0,-4.694,0.0,0.0,-68.408,0.0,0.0,-4.867,0.0,0.0,0.174524,0.0,0.0,10.071523999999995,0.0,0.0
PRO  34,76.684,0.0,0.0,-5.676,0.0,0.0,-57.163,0.0,0.0,-2.003,0.0,0.0,0.48107378,0.0,0.0,12.323073779999998,0.0,0.0
GLU  35,105.236,0.0,0.0,-7.457,0.0,0.0,-95.983,0.0,0.0,-55.443,0.0,0.0,0.46581106,0.0,0.0,-53.18118893999999,0.0,0.0
VAL  36,54.966,0.0,0.0,-9.975,0.0,0.0,-60.204,0.0,0.0,0.158,0.0,0.0,0.0,0.0,0.0,-15.055000000000001,0.0,0.0
ILE  37,92.259,0.0,0.0,-9.045,0.0,0.0,-64.876,0.0,0.0,-0.403,0.0,0.0,0.18424748000000002,0.0,0.0,18.119247479999995,0.0,0.0
PRO  38,81.813,0.0,0.0,-6.132,0.0,0.0,-60.484,0.0,0.0,-2.315,0.0,0.0,0.41776818,0.0,0.0,13.299768179999996,0.0,0.0
MET  39,91.488,0.0,0.0,-8.476,0.0,0.0,-74.279,0.0,0.0,-1.946,0.0,0.0,0.3752266,0.0,0.0,7.162226600000005,0.0,0.0
PHE  40,102.534,0.0,0.0,-12.566,0.0,0.0,-86.868,0.0,0.0,-1.561,0.0,0.0,0.0020433400000000003,0.0,0.0,1.5410433400000085,0.0,0.0
SER  41,77.383,0.0,0.0,-5.938,0.0,0.0,-67.039,0.0,0.0,-7.064,0.0,0.0,0.25787276000000003,0.0,0.0,-2.400127240000008,0.0,0.0
ALA  42,82.898,0.0,0.0,-4.724,0.0,0.0,-64.319,0.0,0.0,-5.323,0.0,0.0,0.36733508000000004,0.0,0.0,8.89933507999999,0.0,0.0
LEU  43,71.934,0.0,0.0,-9.974,0.0,0.0,-74.796,0.0,0.0,-3.83,0.0,0.0,0.24549890000000002,0.0,0.0,-16.42050110000001,0.0,0.0
SER  44,73.301,0.0,0.0,-6.573,0.0,0.0,-71.906,0.0,0.0,-0.51,0.0,0.0,0.0,0.0,0.0,-5.687999999999997,0.0,0.0
GLU  45,98.464,0.0,0.0,-5.539,0.0,0.0,-78.586,0.0,0.0,-68.679,0.0,0.0,0.71200914,0.0,0.0,-53.627990860000004,0.0,0.0
GLY  46,66.945,0.0,0.0,-4.195,0.0,0.0,-69.546,0.0,0.0,-0.057,0.0,0.0,0.15020988,0.0,0.0,-6.702790120000014,0.0,0.0
ALA  47,98.849,0.0,0.0,-6.511,0.0,0.0,-85.363,0.0,0.0,-4.568,0.0,0.0,0.00626552,0.0,0.0,2.413265520000009,0.0,0.0
THR  48,63.851,0.0,0.0,-8.099,0.0,0.0,-65.105,0.0,0.0,-0.808,0.0,0.0,0.0,0.0,0.0,-10.161000000000008,0.0,0.0
PRO  49,79.599,0.0,0.0,-10.923,0.0,0.0,-56.012,0.0,0.0,-0.855,0.0,0.0,0.0,0.0,0.0,11.809000000000001,0.0,0.0
GLN  50,33.838,0.0,0.0,-10.342,0.0,0.0,-71.317,0.0,0.0,-10.189,0.0,0.0,0.3016772,0.0,0.0,-57.70832279999999,0.0,0.0
ASP  51,89.895,0.0,0.0,-9.013,0.0,0.0,-131.93,0.0,0.0,-11.209,0.0,0.0,0.00484548,0.0,0.0,-62.25215452000002,0.0,0.0
LEU  52,68.125,0.0,0.0,-12.053,0.0,0.0,-70.665,0.0,0.0,0.077,0.0,0.0,0.0,0.0,0.0,-14.516000000000004,0.0,0.0
ASN  53,40.868,0.0,0.0,-7.718,0.0,0.0,-99.878,0.0,0.0,-4.422,0.0,0.0,0.18271362,0.0,0.0,-70.96728637999999,0.0,0.0
THR  54,59.015,0.0,0.0,-7.271,0.0,0.0,-66.368,0.0,0.0,-1.434,0.0,0.0,0.23394346,0.0,0.0,-15.824056539999996,0.0,0.0
MET  55,86.205,0.0,0.0,-14.392,0.0,0.0,-68.826,0.0,0.0,-1.283,0.0,0.0,0.0066666,0.0,0.0,1.710666600000009,0.0,0.0
LEU  56,68.015,0.0,0.0,-8.232,0.0,0.0,-72.764,0.0,0.0,-0.844,0.0,0.0,0.17728278000000003,0.0,0.0,-13.647717219999993,0.0,0.0
ASN  57,32.715,0.0,0.0,-6.894,0.0,0.0,-88.027,0.0,0.0,-11.307,0.0,0.0,0.52050428,0.0,0.0,-72.99249572,0.0,0.0
THR  58,57.626,0.0,0.0,-6.371,0.0,0.0,-65.339,0.0,0.0,-5.432,0.0,0.0,0.15345646000000002,0.0,0.0,-19.362543540000004,0.0,0.0
VAL  59,39.134,0.0,0.0,-8.976,0.0,0.0,-40.803,0.0,0.0,-3.489,0.0,0.0,0.004915940000000001,0.0,0.0,-14.129084059999997,0.0,0.0
ALA  60,85.205,0.0,0.0,-3.676,0.0,0.0,-63.518,0.0,0.0,-3.571,0.0,0.0,0.29802412,0.0,0.0,14.738024119999995,0.0,0.0
PRO  61,78.89,0.0,0.0,-3.571,0.0,0.0,-53.06,0.0,0.0,-6.826,0.0,0.0,0.62493684,0.0,0.0,16.05793684,0.0,0.0
HID  62,93.599,0.0,0.0,-9.968,0.0,0.0,-74.543,0.0,0.0,-1.539,0.0,0.0,0.14828036,0.0,0.0,7.697280359999994,0.0,0.0
GLN  63,29.838,0.0,0.0,-3.587,0.0,0.0,-63.852,0.0,0.0,-13.358,0.0,0.0,0.7820355400000001,0.0,0.0,-50.17696446,0.0,0.0
ALA  64,84.493,0.0,0.0,-3.28,0.0,0.0,-70.752,0.0,0.0,-2.962,0.0,0.0,0.50956672,0.0,0.0,8.00856672,0.0,0.0
ALA  65,86.354,0.0,0.0,-5.966,0.0,0.0,-76.673,0.0,0.0,0.49,0.0,0.0,0.011512080000000001,0.0,0.0,4.216512080000004,0.0,0.0
ALA  66,92.77,0.0,0.0,-6.289,0.0,0.0,-78.926,0.0,0.0,-1.908,0.0,0.0,0.10243258000000001,0.0,0.0,5.7494325799999935,0.0,0.0
GLN  67,38.013,4.76837158203125e-07,4.76837158203125e-07,-6.145,0.0,0.0,-75.447,0.0,0.0,-10.946,0.0,0.0,0.71426386,0.0,0.0,-53.81073614,0.0,0.0
MET  68,91.428,0.0,0.0,-9.133,0.0,0.0,-73.726,0.0,0.0,-3.706,0.0,0.0,0.23044756000000002,0.0,0.0,5.093447560000003,0.0,0.0
LEU  69,80.151,0.0,0.0,-11.625,0.0,0.0,-73.831,0.0,0.0,-4.198,0.0,0.0,0.00072086,0.0,0.0,-9.502279140000008,0.0,0.0
LYS  70,127.454,0.0,0.0,-7.373,0.0,0.0,-105.528,0.0,0.0,-33.523,0.0,0.0,0.7058195,0.0,0.0,-18.26418050000002,0.0,0.0
GLU  71,106.521,0.0,0.0,-6.3,0.0,0.0,-83.5,0.0,0.0,-76.246,0.0,0.0,0.53548516,0.0,0.0,-58.98951483999999,0.0,0.0
THR  72,53.765,0.0,0.0,-7.959,0.0,0.0,-59.4,0.0,0.0,-5.087,0.0,0.0,0.03656874,0.0,0.0,-18.64443126,0.0,0.0
ILE  73,71.8,0.0,0.0,-11.36,0.0,0.0,-50.461,0.0,0.0,-3.791,0.0,0.0,0.02434122,0.0,0.0,6.212341219999999,0.0,0.0
ASN  74,18.306,0.0,0.0,-6.608,0.0,0.0,-71.338,0.0,0.0,-15.44,0.0,0.0,0.4869002800000001,0.0,0.0,-74.59309972,0.0,0.0
GLU  75,113.798,0.0,0.0,-7.361,0.0,0.0,-46.95,0.0,0.0,-107.102,0.0,0.0,0.5081521,0.0,0.0,-47.10684790000001,0.0,0.0
GLU  76,93.021,0.0,0.0,-11.804,0.0,0.0,-40.589,0.0,0.0,-97.585,0.0,0.0,0.22640966000000004,0.0,0.0,-56.73059033999999,0.0,0.0
ALA  77,82.594,0.0,0.0,-7.45,0.0,0.0,-69.45,0.0,0.0,-2.939,0.0,0.0,0.15133724,0.0,0.0,2.9063372399999885,0.0,0.0
ALA  78,99.152,0.0,0.0,-5.968,0.0,0.0,-85.969,0.0,0.0,0.261,0.0,0.0,0.30991018000000004,0.0,0.0,7.785910180000004,0.0,0.0
GLU  79,114.713,0.0,0.0,-7.885,0.0,0.0,-76.985,0.0,0.0,-78.495,0.0,0.0,0.27342816000000003,0.0,0.0,-48.37857184000001,0.0,0.0
TRP  80,117.633,0.0,0.0,-16.786,0.0,0.0,-90.468,0.0,0.0,-2.509,0.0,0.0,0.17741828,0.0,0.0,8.04741827999999,0.0,0.0
ASP  81,101.942,0.0,0.0,-6.598,0.0,0.0,-75.808,0.0,0.0,-71.853,0.0,0.0,0.46752920000000003,0.0,0.0,-51.849470800000006,0.0,0.0
ARG  82,-192.256,0.0,0.0,-6.73,0.0,0.0,-3.886,0.0,0.0,26.804,0.0,0.0,0.9103161000000001,0.0,0.0,-175.1576839,0.0,0.0
LEU  83,64.691,0.0,0.0,-7.106,0.0,0.0,-69.191,0.0,0.0,-2.875,0.0,0.0,0.5481408600000001,0.0,0.0,-13.932859140000001,0.0,0.0
HID  84,116.679,0.0,0.0,-6.853,0.0,0.0,-78.772,0.0,0.0,-7.531,0.0,0.0,0.5132469,0.0,0.0,24.036246900000002,0.0,0.0
PRO  85,90.959,0.0,0.0,-4.23,0.0,0.0,-63.482,0.0,0.0,-6.735,0.0,0.0,0.6060644,0.0,0.0,17.1180644,0.0,0.0
VAL  86,47.792,0.0,0.0,-3.165,0.0,0.0,-47.199,0.0,0.0,-6.709,0.0,0.0,0.64257894,0.0,0.0,-8.638421059999995,0.0,0.0
HID  87,90.9,0.0,0.0,-6.005,0.0,0.0,-60.698,0.0,0.0,-10.61,0.0,0.0,0.60279072,0.0,0.0,14.18979072000001,0.0,0.0
ALA  88,89.828,0.0,0.0,-1.965,0.0,0.0,-73.898,0.0,0.0,-6.9,0.0,0.0,0.5443631200000001,0.0,0.0,7.609363120000003,0.0,0.0
GLY  89,92.526,0.0,0.0,-1.596,0.0,0.0,-76.095,0.0,0.0,-7.44,0.0,0.0,0.34610494,0.0,0.0,7.741104939999993,0.0,0.0
PRO  90,88.29,0.0,0.0,-3.088,0.0,0.0,-57.999,0.0,0.0,-6.975,0.0,0.0,0.76523896,0.0,0.0,20.99323896000001,0.0,0.0
ILE  91,89.356,0.0,0.0,-5.141,0.0,0.0,-64.243,0.0,0.0,-4.839,0.0,0.0,0.4423262,0.0,0.0,15.575326199999994,0.0,0.0
ALA  92,91.482,0.0,0.0,-3.219,0.0,0.0,-66.274,0.0,0.0,-7.316,0.0,0.0,0.35194228,0.0,0.0,15.024942280000005,0.0,0.0
PRO  93,85.453,0.0,0.0,-2.799,0.0,0.0,-55.832,0.0,0.0,-8.706,0.0,0.0,0.73794384,0.0,0.0,18.853943839999996,0.0,0.0
GLY  94,71.222,0.0,0.0,-1.945,0.0,0.0,-64.688,0.0,0.0,-7.285,0.0,0.0,0.46904680000000004,0.0,0.0,-2.2269532000000014,0.0,0.0
GLN  95,40.533,0.0,0.0,-6.761,0.0,0.0,-78.924,0.0,0.0,-10.064,0.0,0.0,0.48192472000000003,0.0,0.0,-54.734075280000006,0.0,0.0
MET  96,107.442,0.0,0.0,-8.921,0.0,0.0,-74.529,0.0,0.0,-9.917,0.0,0.0,0.31559576,0.0,0.0,14.390595759999991,0.0,0.0
ARG  97,-195.039,0.0,0.0,-8.929,0.0,0.0,-10.225,0.0,0.0,28.387,0.0,0.0,0.51737694,0.0,0.0,-185.28862306,0.0,0.0
GLU  98,109.259,0.0,0.0,-6.333,0.0,0.0,-59.54,0.0,0.0,-90.423,0.0,0.0,0.65337016,0.0,0.0,-46.38362984,0.0,0.0
PRO  99,89.158,0.0,0.0,-9.247,0.0,0.0,-64.297,0.0,0.0,-1.787,0.0,0.0,0.00161516,0.0,0.0,13.828615160000005,0.0,0.0
ARG 100,-185.625,0.0,0.0,-11.099,0.0,0.0,-15.17,0.0,0.0,28.657,0.0,0.0,0.30491836000000005,0.0,0.0,-182.93208163999998,0.0,0.0
GLY 101,81.378,0.0,0.0,-4.659,0.0,0.0,-81.848,0.0,0.0,-2.401,0.0,0.0,0.007560900000000001,0.0,0.0,-7.522439100000005,0.0,0.0
SER 102,63.704,0.0,0.0,-6.637,0.0,0.0,-62.763,0.0,0.0,-2.803,0.0,0.0,0.26817076,0.0,0.0,-8.230829239999998,0.0,0.0
ASP 103,90.448,0.0,0.0,-9.269,0.0,0.0,-98.921,0.0,0.0,-39.847,0.0,0.0,0.00715982,0.0,0.0,-57.58184018000002,0.0,0.0
ILE 104,80.706,0.0,0.0,-12.996,0.0,0.0,-58.595,0.0,0.0,-1.09,0.0,0.0,0.0,0.0,0.0,8.02500000000001,0.0,0.0
ALA 105,88.005,0.0,0.0,-6.287,0.0,0.0,-78.081,0.0,0.0,-1.32,0.0,0.0,0.08925113999999999,0.0,0.0,2.406251139999986,0.0,0.0
GLY 106,91.136,0.0,0.0,-5.351,0.0,0.0,-85.422,0.0,0.0,-3.324,0.0,0.0,0.04021098,0.0,0.0,-2.9207890200000004,0.0,0.0
THR 107,52.339,0.0,0.0,-5.05,0.0,0.0,-59.63,0.0,0.0,-6.338,0.0,0.0,0.62161438,0.0,0.0,-18.05738562,0.0,0.0
THR 108,36.881,0.0,0.0,-3.427,0.0,0.0,-50.205,0.0,0.0,-4.176,0.0,0.0,0.4764017400000001,0.0,0.0,-20.45059826,0.0,0.0
SER 109,83.332,0.0,0.0,-8.263,0.0,0.0,-72.585,0.0,0.0,-3.637,0.0,0.0,0.02646586,0.0,0.0,-1.1265341400000053,0.0,0.0
THR 110,44.298,0.0,0.0,-5.9,0.0,0.0,-43.149,0.0,0.0,-6.672,0.0,0.0,0.52338772,0.0,0.0,-10.899612279999998,0.0,0.0
LEU 111,64.228,0.0,0.0,-8.8,0.0,0.0,-59.401,0.0,0.0,-5.106,0.0,0.0,0.29612712,0.0,0.0,-8.782872880000006,0.0,0.0
GLN 112,35.711,0.0,0.0,-5.277,0.0,0.0,-69.194,0.0,0.0,-20.774,0.0,0.0,0.89864142,0.0,0.0,-58.63535858000001,0.0,0.0
GLU 113,105.128,0.0,0.0,-10.055,0.0,0.0,-91.621,0.0,0.0,-56.388,0.0,0.0,0.25709228,0.0,0.0,-52.678907719999984,0.0,0.0
GLN 114,39.552,0.0,0.0,-14.188,0.0,0.0,-83.185,0.0,0.0,-1.519,0.0,0.0,0.0,0.0,0.0,-59.34,0.0,0.0
ILE 115,84.597,0.0,0.0,-6.453,0.0,0.0,-67.202,0.0,0.0,-2.18,0.0,0.0,0.11941344000000001,0.0,0.0,8.881413439999994,0.0,0.0
GLY 116,80.821,0.0,0.0,-4.946,0.0,0.0,-77.462,0.0,0.0,-1.445,0.0,0.0,0.08316448,0.0,0.0,-2.9488355200000034,0.0,0.0
TRP 117,120.617,0.0,0.0,-19.324,0.0,0.0,-90.557,0.0,0.0,-1.912,0.0,0.0,0.0035988800000000005,0.0,0.0,8.827598880000005,0.0,0.0
MET 118,94.974,0.0,0.0,-10.144,0.0,0.0,-81.694,0.0,0.0,-4.012,0.0,0.0,0.18586806,0.0,0.0,-0.6901319400000039,0.0,0.0
THR 119,37.868,0.0,0.0,-5.588,0.0,0.0,-49.548,0.0,0.0,-6.359,0.0,0.0,0.41104196,0.0,0.0,-23.215958040000004,0.0,0.0
HID 120,89.101,0.0,0.0,-9.763,0.0,0.0,-61.438,0.0,0.0,-5.685,0.0,0.0,0.23473478,0.0,0.0,12.449734779999993,0.0,0.0
ASN 121,28.335,0.0,0.0,-4.168,0.0,0.0,-67.95,0.0,0.0,-17.514,0.0,0.0,0.6993100800000001,0.0,0.0,-60.59768991999999,0.0,0.0
PRO 122,93.699,0.0,0.0,-4.502,0.0,0.0,-56.934,0.0,0.0,-5.387,0.0,0.0,0.61263344,0.0,0.0,27.488633440000005,0.0,0.0
PRO 123,79.532,0.0,0.0,-6.837,0.0,0.0,-55.734,0.0,0.0,-6.071,0.0,0.0,0.37905854,0.0,0.0,11.269058539999993,0.0,0.0
ILE 124,97.6,0.0,0.0,-6.347,0.0,0.0,-64.855,0.0,0.0,-1.301,0.0,0.0,0.24252332000000001,0.0,0.0,25.339523319999998,0.0,0.0
PRO 125,92.064,0.0,0.0,-6.414,0.0,0.0,-65.963,0.0,0.0,-2.327,0.0,0.0,0.30461484,0.0,0.0,17.66461484,0.0,0.0
VAL 126,52.336,0.0,0.0,-10.112,0.0,0.0,-54.817,0.0,0.0,-1.46,0.0,0.0,0.0,0.0,0.0,-14.053000000000004,0.0,0.0
GLY 127,75.458,0.0,0.0,-5.823,0.0,0.0,-74.731,0.0,0.0,-1.228,0.0,0.0,0.0035988800000000005,0.0,0.0,-6.320401120000003,0.0,0.0
GLU 128,106.468,0.0,0.0,-7.766,0.0,0.0,-105.158,0.0,0.0,-44.199,0.0,0.0,0.42809328,0.0,0.0,-50.22690672,0.0,0.0
ILE 129,87.693,0.0,0.0,-8.242,0.0,0.0,-66.244,0.0,0.0,0.307,0.0,0.0,0.20159690000000002,0.0,0.0,13.715596899999994,0.0,0.0
TYR 130,91.895,0.0,0.0,-13.716,0.0,0.0,-92.598,0.0,0.0,-1.467,0.0,0.0,0.0204334,0.0,0.0,-15.865566599999998,0.0,0.0
LYS 131,144.33,0.0,0.0,-10.757,0.0,0.0,-164.47,0.0,0.0,20.3,0.0,0.0,0.10843794000000001,0.0,0.0,-10.48856205999999,0.0,0.0
ARG 132,-191.0,0.0,0.0,-10.543,0.0,0.0,39.87,0.0,0.0,-17.518,0.0,0.0,0.8602353,0.0,0.0,-178.3307647,0.0,0.0
TRP 133,127.155,0.0,0.0,-18.517,0.0,0.0,-93.87,0.0,0.0,-5.706,0.0,0.0,0.08662786000000001,0.0,0.0,9.148627860000001,0.0,0.0
ILE 134,86.67,0.0,0.0,-10.462,0.0,0.0,-71.453,0.0,0.0,-1.192,0.0,0.0,0.01540906,0.0,0.0,3.5784090599999954,0.0,0.0
ILE 135,78.984,0.0,0.0,-8.416,0.0,0.0,-62.865,0.0,0.0,-0.556,0.0,0.0,0.10321306000000001,0.0,0.0,7.250213059999996,0.0,0.0
LEU 136,70.935,0.0,0.0,-8.859,0.0,0.0,-75.221,0.0,0.0,2.39,0.0,0.0,0.40010982,0.0,0.0,-10.354890180000002,0.0,0.0
GLY 137,80.579,0.0,0.0,-7.007,0.0,0.0,-77.388,0.0,0.0,-0.45,0.0,0.0,0.0,0.0,0.0,-4.266000000000017,0.0,0.0
LEU 138,65.016,0.0,0.0,-10.225,0.0,0.0,-66.678,0.0,0.0,-2.178,0.0,0.0,0.0034850600000000003,0.0,0.0,-14.061514939999995,0.0,0.0
ASN 139,47.28,0.0,0.0,-8.424,0.0,0.0,-100.117,0.0,0.0,-8.339,0.0,0.0,0.2588592,0.0,0.0,-69.3411408,0.0,0.0
LYS 140,135.851,0.0,0.0,-7.878,0.0,0.0,-174.394,0.0,0.0,30.41,0.0,0.0,0.2827343,0.0,0.0,-15.728265700000007,0.0,0.0
ILE 141,92.972,0.0,0.0,-10.372,0.0,0.0,-76.513,0.0,0.0,-3.189,0.0,0.0,0.0,0.0,0.0,2.897999999999989,0.0,0.0
VAL 142,58.931,0.0,0.0,-9.541,0.0,0.0,-53.313,0.0,0.0,-7.088,0.0,0.0,0.08998284000000001,0.0,0.0,-10.921017160000003,0.0,0.0
ARG 143,-195.615,0.0,0.0,-8.442,0.0,0.0,54.541,0.0,0.0,-21.872,0.0,0.0,1.04037442,0.0,0.0,-170.34762558000003,0.0,0.0
MET 144,86.936,0.0,0.0,-6.019,0.0,0.0,-75.102,0.0,0.0,-6.272,0.0,0.0,0.74217686,0.0,0.0,0.28517685999999753,0.0,0.0
TYR 145,100.302,0.0,0.0,-8.532,0.0,0.0,-86.487,0.0,0.0,-11.476,0.0,0.0,0.53276974,0.0,0.0,-5.660230259999985,0.0,0.0
SER 146,85.599,0.0,0.0,-3.204,0.0,0.0,-56.078,0.0,0.0,-16.577,0.0,0.0,0.5050952200000001,0.0,0.0,10.245095220000005,0.0,0.0
PRO 147,88.478,0.0,0.0,-3.082,0.0,0.0,-60.81,0.0,0.0,-9.094,0.0,0.0,0.74434486,0.0,0.0,16.23634486,0.0,0.0
THR 148,30.573,0.0,0.0,-3.003,0.0,0.0,-36.509,0.0,0.0,-9.373,0.0,0.0,0.5658425800000001,0.0,0.0,-17.746157419999996,0.0,0.0
SER 149,62.791,0.0,0.0,-1.655,0.0,0.0,-45.176,0.0,0.0,-13.486,0.0,0.0,0.6473648000000001,0.0,0.0,3.121364799999993,0.0,0.0
ILE 150,59.59,0.0,0.0,-1.202,0.0,0.0,-28.328,0.0,0.0,-10.151,0.0,0.0,1.26809572,0.0,0.0,21.177095720000008,0.0,0.0

Ligand:
Total Energy Decomposition:
Residue,Internal,,,van der Waals,,,Electrostatic,,,Polar Solvation,,,Non-Polar Solv.,,,TOTAL,,
,Avg.,Std. Dev.,Std. Err. of Mean,Avg.,Std. Dev.,Std. Err. of Mean,Avg.,Std. Dev.,Std. Err. of Mean,Avg.,Std. Dev.,Std. Err. of Mean,Avg.,Std. Dev.,Std. Err. of Mean,Avg.,Std. Dev.,Std. Err. of Mean
LEU   1,38.405,0.0,0.0,-3.665,0.0,0.0,-45.871,0.0,0.0,-1.194,0.0,0.0,0.8571730000000001,0.0,0.0,-11.467827,0.0,0.0
ASP   2,95.301,0.0,0.0,-2.926,0.0,0.0,-79.872,0.0,0.0,-70.125,0.0,0.0,0.74375408,0.0,0.0,-56.87824592,0.0,0.0
ILE   3,93.122,0.0,0.0,-6.102,0.0,0.0,-71.365,0.0,0.0,-2.155,0.0,0.0,0.20973774000000003,0.0,0.0,13.709737740000001,0.0,0.0
ARG   4,-189.689,0.0,0.0,-7.753,0.0,0.0,43.957,0.0,0.0,-19.523,0.0,0.0,0.84171516,0.0,0.0,-172.16628484,0.0,0.0
GLN   5,29.569,0.0,0.0,-13.206,0.0,0.0,-83.25,0.0,0.0,-2.998,0.0,0.0,0.06595056,0.0,0.0,-69.81904944,0.0,0.0
GLY   6,88.739,0.0,0.0,-2.683,0.0,0.0,-73.426,0.0,0.0,-5.428,0.0,0.0,0.10517510000000001,0.0,0.0,7.30717510000001,0.0,0.0
PRO   7,88.496,0.0,0.0,-2.751,0.0,0.0,-54.213,0.0,0.0,-8.531,0.0,0.0,0.74970524,0.0,0.0,23.75070523999999,0.0,0.0
LYS   8,121.751,0.0,0.0,-4.991,0.0,0.0,-96.058,0.0,0.0,-36.091,0.0,0.0,0.9786623000000001,0.0,0.0,-14.410337700000003,0.0,0.0
GLU   9,112.666,0.0,0.0,-8.217,0.0,0.0,-117.973,0.0,0.0,-38.15,0.0,0.0,0.20719576000000003,0.0,0.0,-51.46680424,0.0,0.0
PRO  10,78.942,0.0,0.0,-6.745,0.0,0.0,-58.655,0.0,0.0,-1.667,0.0,0.0,0.28299446,0.0,0.0,12.157994459999987,0.0,0.0
PHE  11,106.256,0.0,0.0,-15.462,0.0,0.0,-73.551,0.0,0.0,-2.322,0.0,0.0,0.0,0.0,0.0,14.920999999999996,0.0,0.0
ARG  12,-198.096,0.0,0.0,-9.081,0.0,0.0,-1.68,0.0,0.0,23.922,0.0,0.0,0.5695715400000001,0.0,0.0,-184.36542846,0.0,0.0
ASP  13,96.531,0.0,0.0,-7.301,0.0,0.0,-73.077,0.0,0.0,-75.425,0.0,0.0,0.42113942,0.0,0.0,-58.85086057999999,0.0,0.0
TYR  14,97.192,0.0,0.0,-19.525,0.0,0.0,-95.94,0.0,0.0,-0.829,0.0,0.0,0.0,0.0,0.0,-19.101999999999997,0.0,0.0
VAL  15,51.122,0.0,0.0,-10.425,0.0,0.0,-55.335,0.0,0.0,1.671,0.0,0.0,0.052996760000000004,0.0,0.0,-12.91400324,0.0,0.0
ASP  16,116.305,0.0,0.0,-7.175,0.0,0.0,-135.614,0.0,0.0,-28.192,0.0,0.0,0.33573106,0.0,0.0,-54.340268939999994,0.0,0.0
ARG  17,-195.412,0.0,0.0,-7.705,0.0,0.0,8.791,0.0,0.0,11.319,0.0,0.0,0.41174656000000004,0.0,0.0,-182.59525344000002,0.0,0.0
PHE  18,89.551,0.0,0.0,-15.457,0.0,0.0,-78.907,0.0,0.0,-1.443,0.0,0.0,0.03915408,0.0,0.0,-6.216845920000002,0.0,0.0
TYR  19,99.784,0.0,0.0,-13.606,0.0,0.0,-91.148,0.0,0.0,-2.478,0.0,0.0,0.25840392,0.0,0.0,-7.189596079999984,0.0,0.0
LYS  20,135.961,0.0,0.0,-6.531,0.0,0.0,-133.361,0.0,0.0,-15.043,0.0,0.0,0.6874728000000001,0.0,0.0,-18.28652719999998,0.0,0.0
THR  21,47.988,0.0,0.0,-7.027,0.0,0.0,-53.497,0.0,0.0,-5.004,0.0,0.0,0.22342324000000002,0.0,0.0,-17.31657676,0.0,0.0
LEU  22,70.458,0.0,0.0,-11.35,0.0,0.0,-67.729,0.0,0.0,-2.715,0.0,0.0,0.08270920000000001,0.0,0.0,-11.253290800000002,0.0,0.0
ARG  23,-192.023,0.0,0.0,-9.547,0.0,0.0,77.614,0.0,0.0,-41.755,0.0,0.0,0.75412796,0.0,0.0,-164.95687203999998,0.0,0.0
ALA  24,89.09,0.0,0.0,-4.317,0.0,0.0,-78.786,0.0,0.0,-5.4,0.0,0.0,0.47470528000000006,0.0,0.0,1.0617052799999944,0.0,0.0
GLU  25,103.317,0.0,0.0,-5.147,0.0,0.0,-66.758,0.0,0.0,-85.847,0.0,0.0,0.6904538,0.0,0.0,-53.7445462,0.0,0.0
GLN  26,30.885,0.0,0.0,-4.147,0.0,0.0,-64.261,0.0,0.0,-18.597,0.0,0.0,0.9658873600000001,0.0,0.0,-55.154112639999994,0.0,0.0
ALA  27,101.012,0.0,0.0,-5.19,0.0,0.0,-89.018,0.0,0.0,0.0,0.0,0.0,0.09152212,0.0,0.0,6.895522120000002,0.0,0.0
SER  28,79.754,0.0,0.0,-3.661,0.0,0.0,-75.684,0.0,0.0,-0.169,0.0,0.0,0.30722186,0.0,0.0,0.547221860000006,0.0,0.0
GLN  29,29.924,0.0,0.0,-6.273,0.0,0.0,-74.748,0.0,0.0,-8.332,0.0,0.0,0.6673646,0.0,0.0,-58.76163540000001,0.0,0.0
GLU  30,111.896,0.0,0.0,-3.671,0.0,0.0,-107.77,0.0,0.0,-50.504,0.0,0.0,0.71849146,0.0,0.0,-49.33050854,0.0,0.0
VAL  31,66.563,0.0,0.0,-6.489,0.0,0.0,-60.53,0.0,0.0,-1.533,0.0,0.0,0.29388324000000005,0.0,0.0,-1.695116759999996,0.0,0.0
LYS  32,112.109,0.0,0.0,-8.325,0.0,0.0,-90.286,0.0,0.0,-34.931,0.0,0.0,0.29475044,0.0,0.0,-21.138249560000006,0.0,0.0
ASN  33,27.813,0.0,0.0,-6.811,0.0,0.0,-83.159,0.0,0.0,-12.545,0.0,0.0,0.54713816,0.0,0.0,-74.15486184000001,0.0,0.0
TRP  34,124.808,0.0,0.0,-10.818,0.0,0.0,-93.349,0.0,0.0,-6.14,0.0,0.0,0.8500999,0.0,0.0,15.351099900000005,0.0,0.0
MET  35,97.343,0.0,0.0,-9.764,0.0,0.0,-85.202,0.0,0.0,-2.371,0.0,0.0,0.22132570000000001,0.0,0.0,0.22732570000000957,0.0,0.0
THR  36,42.773,0.0,0.0,-5.54,0.0,0.0,-56.859,0.0,0.0,-2.469,0.0,0.0,0.1031968,0.0,0.0,-21.9918032,0.0,0.0
GLU  37,105.154,0.0,0.0,-6.427,0.0,0.0,-68.697,0.0,0.0,-79.577,0.0,0.0,0.6687196,0.0,0.0,-48.878280399999994,0.0,0.0
THR  38,43.754,0.0,0.0,-6.184,0.0,0.0,-55.306,0.0,0.0,-0.671,0.0,0.0,0.22823078000000002,0.0,0.0,-18.178769219999996,0.0,0.0
LEU  39,68.244,0.0,0.0,-9.036,0.0,0.0,-69.047,0.0,0.0,-0.047,0.0,0.0,0.20735836000000002,0.0,0.0,-9.678641639999999,0.0,0.0
LEU  40,81.127,0.0,0.0,-10.544,0.0,0.0,-90.472,0.0,0.0,0.662,0.0,0.0,0.0,0.0,0.0,-19.226999999999997,0.0,0.0
VAL  41,56.743,0.0,0.0,-8.541,0.0,0.0,-60.294,0.0,0.0,0.072,0.0,0.0,0.08722948000000001,0.0,0.0,-11.93277052,0.0,0.0
GLN  42,25.287,0.0,0.0,-8.393,0.0,0.0,-69.174,0.0,0.0,-5.797,0.0,0.0,0.43502004000000005,0.0,0.0,-57.64197996000001,0.0,0.0
ASN  43,20.306,0.0,0.0,-8.927,0.0,0.0,-85.199,0.0,0.0,-1.884,0.0,0.0,0.02759864,0.0,0.0,-75.67640136,0.0,0.0
ALA  44,88.982,0.0,0.0,-7.72,0.0,0.0,-81.097,0.0,0.0,0.447,0.0,0.0,0.03579910000000001,0.0,0.0,0.6477991000000063,0.0,0.0
ASN  45,35.409,0.0,0.0,-8.58,0.0,0.0,-81.725,0.0,0.0,-6.473,0.0,0.0,0.13261114,0.0,0.0,-61.23638885999999,0.0,0.0
PRO  46,78.908,0.0,0.0,-5.485,0.0,0.0,-60.181,0.0,0.0,-1.833,0.0,0.0,0.5569212600000001,0.0,0.0,11.965921260000004,0.0,0.0
ASP  47,84.01,0.0,0.0,-3.958,0.0,0.0,-68.752,0.0,0.0,-64.983,0.0,0.0,0.6512943000000001,0.0,0.0,-53.03170569999999,0.0,0.0
CYX  48,98.737,0.0,0.0,-6.348,0.0,0.0,-78.379,0.0,0.0,-4.072,0.0,0.0,0.04732744,0.0,0.0,9.985327439999992,0.0,0.0
LYS  49,142.354,0.0,0.0,-8.905,0.0,0.0,-120.996,0.0,0.0,-24.236,0.0,0.0,0.30232218000000005,0.0,0.0,-11.480677819999983,0.0,0.0
THR  50,50.48,0.0,0.0,-5.108,0.0,0.0,-61.255,0.0,0.0,-3.969,0.0,0.0,0.50316028,0.0,0.0,-19.348839720000004,0.0,0.0
ILE  51,80.465,0.0,0.0,-6.944,0.0,0.0,-59.677,0.0,0.0,-1.3,0.0,0.0,0.46092222,0.0,0.0,13.004922220000001,0.0,0.0
LEU  52,72.228,0.0,0.0,-10.845,0.0,0.0,-70.621,0.0,0.0,-4.138,0.0,0.0,0.06829742000000001,0.0,0.0,-13.307702579999999,0.0,0.0
LYS  53,118.31,0.0,0.0,-5.28,0.0,0.0,-91.59,0.0,0.0,-36.135,0.0,0.0,0.8500077600000001,0.0,0.0,-13.84499224,0.0,0.0
ALA  54,85.164,0.0,0.0,-2.534,0.0,0.0,-74.291,0.0,0.0,-4.378,0.0,0.0,0.47352914000000007,0.0,0.0,4.434529139999999,0.0,0.0
LEU  55,68.883,0.0,0.0,-5.914,0.0,0.0,-73.396,0.0,0.0,-4.647,0.0,0.0,0.27839830000000004,0.0,0.0,-14.795601700000008,0.0,0.0
GLY  56,91.485,0.0,0.0,-2.06,0.0,0.0,-73.737,0.0,0.0,-7.029,0.0,0.0,0.26467486,0.0,0.0,8.923674860000002,0.0,0.0
PRO  57,80.647,0.0,0.0,-2.332,0.0,0.0,-53.607,0.0,0.0,-7.918,0.0,0.0,0.8452977800000001,0.0,0.0,17.635297780000013,0.0,0.0
GLY  58,64.546,0.0,0.0,-1.664,0.0,0.0,-62.186,0.0,0.0,-6.561,0.0,0.0,0.50239064,0.0,0.0,-5.362609359999995,0.0,0.0
ALA  59,97.706,0.0,0.0,-3.848,0.0,0.0,-83.883,0.0,0.0,-5.077,0.0,0.0,0.23149904000000004,0.0,0.0,5.129499040000009,0.0,0.0
THR  60,49.074,0.0,0.0,-4.976,0.0,0.0,-44.202,0.0,0.0,-9.55,0.0,0.0,0.49904108,0.0,0.0,-9.15495892,0.0,0.0
LEU  61,62.392,0.0,0.0,-8.868,0.0,0.0,-66.485,0.0,0.0,-3.154,0.0,0.0,0.26179684000000003,0.0,0.0,-15.853203159999998,0.0,0.0
GLU  62,104.779,0.0,0.0,-4.293,0.0,0.0,-100.263,0.0,0.0,-58.258,0.0,0.0,0.55564214,0.0,0.0,-57.479357860000015,0.0,0.0
GLU  63,109.505,0.0,0.0,-7.175,0.0,0.0,-60.567,0.0,0.0,-91.657,0.0,0.0,0.45065132,0.0,0.0,-49.44334868,0.0,0.0
MET  64,95.747,0.0,0.0,-11.944,0.0,0.0,-75.725,0.0,0.0,-2.375,0.0,0.0,0.12575484,0.0,0.0,5.828754840000003,0.0,0.0
MET  65,103.806,0.0,0.0,-12.229,0.0,0.0,-84.316,0.0,0.0,-2.838,0.0,0.0,0.13431844,0.0,0.0,4.557318439999996,0.0,0.0
THR  66,36.784,0.0,0.0,-3.727,0.0,0.0,-53.618,0.0,0.0,-2.484,0.0,0.0,0.44576790000000005,0.0,0.0,-22.599232100000002,0.0,0.0
ALA  67,78.21,0.0,0.0,-5.415,0.0,0.0,-64.642,0.0,0.0,-1.806,0.0,0.0,0.11221026,0.0,0.0,6.459210259999992,0.0,0.0
CYX  68,95.772,0.0,0.0,-7.409,0.0,0.0,-76.831,0.0,0.0,-3.746,0.0,0.0,0.01139284,0.0,0.0,7.797392839999996,0.0,0.0
GLN  69,43.048,0.0,0.0,-5.603,0.0,0.0,-75.214,0.0,0.0,-13.548,0.0,0.0,0.6986759400000001,0.0,0.0,-50.61832406,0.0,0.0
GLY  70,96.788,0.0,0.0,-3.513,0.0,0.0,-85.448,0.0,0.0,-6.159,0.0,0.0,0.17672452000000002,0.0,0.0,1.8447245199999984,0.0,0.0
VAL  71,27.417,0.0,0.0,-2.645,0.0,0.0,-33.809,0.0,0.0,-82.834,0.0,0.0,0.9153350200000001,0.0,0.0,-90.95566498,0.0,0.0

DELTAS:
Total Energy Decomposition:
Residue,Location,Internal,,,van der Waals,,,Electrostatic,,,Polar Solvation,,,Non-Polar Solv.,,,TOTAL,,
,,Avg.,Std. Dev.,Std. Err. of Mean,Avg.,Std. Dev.,Std. Err. of Mean,Avg.,Std. Dev.,Std. Err. of Mean,Avg.,Std. Dev.,Std. Err. of Mean,Avg.,Std. Dev.,Std. Err. of Mean
PRO   1,R PRO   1,0.0,0.0,0.0,-0.0009999999999994458,0.0,0.0,-6.2039999999999935,0.0,0.0,6.211,0.0,0.0,0.0,0.0,0.0,0.006000000000016215,0.0,0.0
ILE   2,R ILE   2,0.0,0.0,0.0,-0.001000000000000334,0.0,0.0,0.0379999999999967,0.0,0.0,-0.039000000000000146,0.0,0.0,0.0,0.0,0.0,-0.001999999999991786,0.0,0.0
VAL   3,R VAL   3,0.0,0.0,0.0,-0.001000000000000334,0.0,0.0,-0.026000000000003354,0.0,0.0,0.0259999999999998,0.0,0.0,0.0,0.0,0.0,-0.0010000000000083276,0.0,0.0
GLN   4,R GLN   4,0.0,0.0,0.0,0.0,0.0,0.0,-0.03999999999999915,0.0,0.0,0.03999999999999915,0.0,0.0,0.0,0.0,0.0,0.0,0.0,0.0
ASN   5,R ASN   5,0.0,0.0,0.0,0.0,0.0,0.0,-0.057999999999992724,0.0,0.0,0.05799999999999983,0.0,0.0,0.0,0.0,0.0,0.0,0.0,0.0
LEU   6,R LEU   6,0.0,0.0,0.0,0.0,0.0,0.0,-0.02400000000000091,0.0,0.0,0.023999999999999133,0.0,0.0,0.0,0.0,0.0,-1.7763568394002505e-15,0.0,0.0
GLN   7,R GLN   7,0.0,0.0,0.0,0.0,0.0,0.0,-0.0660000000000025,0.0,0.0,0.06599999999999895,0.0,0.0,0.0,0.0,0.0,0.0,0.0,0.0
GLY   8,R GLY   8,0.0,0.0,0.0,0.0,0.0,0.0,-0.01099999999999568,0.0,0.0,0.01100000000000012,0.0,0.0,0.0,0.0,0.0,4.440892098500626e-15,0.0,0.0
GLN   9,R GLN   9,0.0,0.0,0.0,0.0,0.0,0.0,0.06300000000000239,0.0,0.0,-0.06400000000000006,0.0,0.0,0.0,0.0,0.0,-0.0010000000000047748,0.0,0.0
MET  10,R MET  10,0.0,0.0,0.0,0.0,0.0,0.0,-0.02599999999999625,0.0,0.0,0.0259999999999998,0.0,0.0,0.0,0.0,0.0,3.552713678800501e-15,0.0,0.0
VAL  11,R VAL  11,0.0,0.0,0.0,0.0,0.0,0.0,0.003999999999997783,0.0,0.0,-0.0029999999999996696,0.0,0.0,0.0,0.0,0.0,0.0009999999999981135,0.0,0.0
HID  12,R HID  12,0.0,0.0,0.0,0.0,0.0,0.0,0.012000000000000455,0.0,0.0,-0.011999999999999567,0.0,0.0,0.0,0.0,0.0,0.0,0.0,0.0
GLN  13,R GLN  13,0.0,0.0,0.0,-0.001000000000000334,0.0,0.0,-0.08599999999999852,0.0,0.0,0.08599999999999852,0.0,0.0,0.0,0.0,0.0,-0.0010000000000047748,0.0,0.0
ALA  14,R ALA  14,0.0,0.0,0.0,-0.0009999999999994458,0.0,0.0,-0.033999999999991815,0.0,0.0,0.03600000000000003,0.0,0.0,0.0,0.0,0.0,0.0010000000000038867,0.0,0.0
ILE  15,R ILE  15,0.0,0.0,0.0,-0.0019999999999988916,0.0,0.0,0.06400000000000716,0.0,0.0,-0.058000000000000274,0.0,0.0,0.0,0.0,0.0,0.003999999999997783,0.0,0.0
SER  16,R SER  16,0.0,0.0,0.0,-0.002000000000000668,0.0,0.0,-0.14399999999999835,0.0,0.0,0.13899999999999935,0.0,0.0,0.0,0.0,0.0,-0.007000000000008555,0.0,0.0
PRO  17,R PRO  17,0.0,0.0,0.0,-0.0040000000000000036,0.0,0.0,-0.23199999999999932,0.0,0.0,0.23500000000000032,0.0,0.0,0.0,0.0,0.0,-0.0010000000000047748,0.0,0.0
ARG  18,R ARG  18,0.0,0.0,0.0,-0.008999999999999453,0.0,0.0,-6.125999999999991,0.0,0.0,6.1839999999999975,0.0,0.0,0.0,0.0,0.0,0.049000000000035016,0.0,0.0
THR  19,R THR  19,0.0,0.0,0.0,-0.006000000000000227,0.0,0.0,-0.1839999999999975,0.0,0.0,0.19499999999999984,0.0,0.0,0.0,0.0,0.0,0.005000000000002558,0.0,0.0
LEU  20,R LEU  20,0.0,0.0,0.0,-0.011000000000001009,0.0,0.0,-0.28300000000000125,0.0,0.0,0.27900000000000036,0.0,0.0,0.0,0.0,0.0,-0.015000000000004121,0.0,0.0
ASN  21,R ASN  21,0.0,0.0,0.0,-0.02799999999999958,0.0,0.0,-0.42099999999999227,0.0,0.0,0.532,0.0,0.0,0.0,0.0,0.0,0.08299999999999841,0.0,0.0
ALA  22,R ALA  22,0.0,0.0,0.0,-0.020999999999999908,0.0,0.0,-0.29599999999999227,0.0,0.0,0.3290000000000002,0.0,0.0,0.0,0.0,0.0,0.01200000000000756,0.0,0.0
TRP  23,R TRP  23,0.0,0.0,0.0,-0.0329999999999977,0.0,0.0,-0.2569999999999908,0.0,0.0,0.2760000000000007,0.0,0.0,0.0,0.0,0.0,-0.013999999999992241,0.0,0.0
VAL  24,R VAL  24,0.0,0.0,0.0,-0.121,0.0,0.0,-0.5390000000000015,0.0,0.0,0.6120000000000001,0.0,0.0,0.0,0.0,0.0,-0.04799999999999649,0.0,0.0
LYS  25,R LYS  25,0.0,0.0,0.0,-0.702,0.0,0.0,14.513000000000005,0.0,0.0,-12.093,0.0,0.0,-0.08722406000000005,0.0,0.0,1.6307759400000066,0.0,0.0
VAL  26,R VAL  26,0.0,0.0,0.0,-0.0990000000000002,0.0,0.0,0.13400000000000034,0.0,0.0,-0.03799999999999981,0.0,0.0,0.0,0.0,0.0,-0.00300000000000189,0.0,0.0
VAL  27,R VAL  27,0.0,0.0,0.0,-0.09600000000000009,0.0,0.0,0.6629999999999967,0.0,0.0,-0.4900000000000002,0.0,0.0,0.0,0.0,0.0,0.07699999999999996,0.0,0.0
GLU  28,R GLU  28,0.0,0.0,0.0,-1.7030000000000003,0.0,0.0,3.2079999999999984,0.0,0.0,-0.4590000000000032,0.0,0.0,-0.21401954,0.0,0.0,0.8319804599999898,0.0,0.0
GLU  29,R GLU  29,0.0,0.0,0.0,-2.1320000000000006,0.0,0.0,-37.569,0.0,0.0,37.911,0.0,0.0,-0.5725146,0.0,0.0,-2.3625146000000115,0.0,0.0
LYS  30,R LYS  30,0.0,0.0,0.0,-1.5259999999999998,0.0,0.0,-14.748000000000005,0.0,0.0,16.977,0.0,0.0,-0.24133634000000004,0.0,0.0,0.46166365999998504,0.0,0.0
ALA  31,R ALA  31,0.0,0.0,0.0,-0.7189999999999999,0.0,0.0,1.0919999999999987,0.0,0.0,-1.0099999999999998,0.0,0.0,-0.056714879999999995,0.0,0.0,-0.693714879999995,0.0,0.0
PHE  32,R PHE  32,0.0,0.0,0.0,-0.09800000000000075,0.0,0.0,0.43600000000000705,0.0,0.0,-0.3360000000000003,0.0,0.0,0.0,0.0,0.0,0.0020000000000077733,0.0,0.0
SER  33,R SER  33,0.0,0.0,0.0,-0.1070000000000002,0.0,0.0,-1.1310000000000002,0.0,0.0,1.3729999999999998,0.0,0.0,0.0,0.0,0.0,0.13500000000000156,0.0,0.0
PRO  34,R PRO  34,0.0,0.0,0.0,-0.0259999999999998,0.0,0.0,-0.45300000000000296,0.0,0.0,0.4600000000000002,0.0,0.0,0.0,0.0,0.0,-0.01899999999999835,0.0,0.0
GLU  35,R GLU  35,0.0,0.0,0.0,-0.08000000000000007,0.0,0.0,11.731000000000009,0.0,0.0,-11.448999999999998,0.0,0.0,0.0,0.0,0.0,0.20199999999999818,0.0,0.0
VAL  36,R VAL  36,0.0,0.0,0.0,-0.03700000000000081,0.0,0.0,-0.36699999999999733,0.0,0.0,0.371,0.0,0.0,0.0,0.0,0.0,-0.03299999999999592,0.0,0.0
ILE  37,R ILE  37,0.0,0.0,0.0,-0.009000000000000341,0.0,0.0,-0.3059999999999974,0.0,0.0,0.30800000000000005,0.0,0.0,0.0,0.0,0.0,-0.006999999999997897,0.0,0.0
PRO  38,R PRO  38,0.0,0.0,0.0,-0.009000000000000341,0.0,0.0,-0.29699999999999704,0.0,0.0,0.30299999999999994,0.0,0.0,0.0,0.0,0.0,-0.0029999999999983373,0.0,0.0
MET  39,R MET  39,0.0,0.0,0.0,-0.05299999999999905,0.0,0.0,-0.3359999999999985,0.0,0.0,0.3639999999999999,0.0,0.0,0.0,0.0,0.0,-0.024999999999995914,0.0,0.0
PHE  40,R PHE  40,0.0,0.0,0.0,-0.007999999999999119,0.0,0.0,-0.17200000000001125,0.0,0.0,0.17100000000000004,0.0,0.0,0.0,0.0,0.0,-0.00900000000000678,0.0,0.0
SER  41,R SER  41,0.0,0.0,0.0,-0.002000000000000668,0.0,0.0,-0.17300000000000182,0.0,0.0,0.1850000000000005,0.0,0.0,0.0,0.0,0.0,0.01000000000000334,0.0,0.0
ALA  42,R ALA  42,0.0,0.0,0.0,-0.0030000000000001137,0.0,0.0,-0.0660000000000025,0.0,0.0,0.07500000000000018,0.0,0.0,0.0,0.0,0.0,0.005999999999996675,0.0,0.0
LEU  43,R LEU  43,0.0,0.0,0.0,-0.007999999999999119,0.0,0.0,-0.031999999999996476,0.0,0.0,0.040000000000000036,0.0,0.0,0.0,0.0,0.0,7.105427357601002e-15,0.0,0.0
SER  44,R SER  44,0.0,0.0,0.0,-0.0019999999999997797,0.0,0.0,-0.0519999999999925,0.0,0.0,0.055999999999999994,0.0,0.0,0.0,0.0,0.0,0.0019999999999980034,0.0,0.0
GLU  45,R GLU  45,0.0,0.0,0.0,-0.002000000000000668,0.0,0.0,6.379000000000005,0.0,0.0,-6.379000000000005,0.0,0.0,0.0,0.0,0.0,-0.001999999999995339,0.0,0.0
GLY  46,R GLY  46,0.0,0.0,0.0,-0.0009999999999994458,0.0,0.0,-0.024999999999991473,0.0,0.0,0.025,0.0,0.0,0.0,0.0,0.0,-0.0009999999999887876,0.0,0.0
ALA  47,R ALA  47,0.0,0.0,0.0,0.0,0.0,0.0,-0.018000000000000682,0.0,0.0,0.017999999999999794,0.0,0.0,0.0,0.0,0.0,-8.881784197001252e-16,0.0,0.0
THR  48,R THR  48,0.0,0.0,0.0,0.0,0.0,0.0,0.07200000000000273,0.0,0.0,-0.07199999999999995,0.0,0.0,0.0,0.0,0.0,1.7763568394002505e-15,0.0,0.0
PRO  49,R PRO  49,0.0,0.0,0.0,0.0,0.0,0.0,0.07699999999999818,0.0,0.0,-0.07800000000000007,0.0,0.0,0.0,0.0,0.0,-0.0010000000000012221,0.0,0.0
GLN  50,R GLN  50,0.0,0.0,0.0,-0.0009999999999994458,0.0,0.0,0.10299999999999443,0.0,0.0,-0.10299999999999976,0.0,0.0,0.0,0.0,0.0,-0.0010000000000047748,0.0,0.0
ASP  51,R ASP  51,0.0,0.0,0.0,-0.0009999999999994458,0.0,0.0,6.378,0.0,0.0,-6.382999999999999,0.0,0.0,0.0,0.0,0.0,-0.0059999999999860165,0.0,0.0
LEU  52,R LEU  52,0.0,0.0,0.0,-0.0009999999999994458,0.0,0.0,0.06800000000001205,0.0,0.0,-0.068,0.0,0.0,0.0,0.0,0.0,-0.0009999999999923403,0.0,0.0
ASN  53,R ASN  53,0.0,0.0,0.0,-0.0019999999999997797,0.0,0.0,0.1490000000000009,0.0,0.0,-0.14900000000000002,0.0,0.0,0.0,0.0,0.0,-0.001999999999995339,0.0,0.0
THR  54,R THR  54,0.0,0.0,0.0,-0.0019999999999997797,0.0,0.0,0.0689999999999884,0.0,0.0,-0.06500000000000017,0.0,0.0,0.0,0.0,0.0,0.001999999999995339,0.0,0.0
MET  55,R MET  55,0.0,0.0,0.0,-0.006000000000000227,0.0,0.0,0.04199999999998738,0.0,0.0,-0.040000000000000036,0.0,0.0,0.0,0.0,0.0,-0.004000000000012882,0.0,0.0
LEU  56,R LEU  56,0.0,0.0,0.0,-0.0030000000000001137,0.0,0.0,0.07699999999999818,0.0,0.0,-0.07400000000000007,0.0,0.0,0.0,0.0,0.0,-1.7763568394002505e-15,0.0,0.0
ASN  57,R ASN  57,0.0,0.0,0.0,-0.0039999999999995595,0.0,0.0,0.1869999999999976,0.0,0.0,-0.16799999999999926,0.0,0.0,0.0,0.0,0.0,0.015000000000000568,0.0,0.0
THR  58,R THR  58,0.0,0.0,0.0,-0.010999999999999233,0.0,0.0,0.0010000000000047748,0.0,0.0,0.057000000000000384,0.0,0.0,0.0,0.0,0.0,0.047000000000011255,0.0,0.0
VAL  59,R VAL  59,0.0,0.0,0.0,-0.014999999999998792,0.0,0.0,0.046999999999997044,0.0,0.0,-0.0129999999999999,0.0,0.0,0.0,0.0,0.0,0.01899999999999835,0.0,0.0
ALA  60,R ALA  60,0.0,0.0,0.0,-0.009999999999999787,0.0,0.0,0.1390000000000029,0.0,0.0,-0.09599999999999964,0.0,0.0,0.0,0.0,0.0,0.03300000000001191,0.0,0.0
PRO  61,R PRO  61,0.0,0.0,0.0,-0.04400000000000004,0.0,0.0,0.37000000000000455,0.0,0.0,-0.23800000000000043,0.0,0.0,0.0,0.0,0.0,0.08800000000000807,0.0,0.0
HID  62,R HID  62,0.0,0.0,0.0,-0.19400000000000084,0.0,0.0,0.9780000000000086,0.0,0.0,-0.6559999999999999,0.0,0.0,0.0,0.0,0.0,0.12800000000000544,0.0,0.0
GLN  63,R GLN  63,0.0,0.0,0.0,-0.20599999999999996,0.0,0.0,0.18299999999999983,0.0,0.0,0.45199999999999996,0.0,0.0,-0.03027612000000013,0.0,0.0,0.3987238800000057,0.0,0.0
ALA  64,R ALA  64,0.0,0.0,0.0,-0.01200000000000001,0.0,0.0,-0.07399999999999807,0.0,0.0,0.1030000000000002,0.0,0.0,0.0,0.0,0.0,0.017000000000001236,0.0,0.0
ALA  65,R ALA  65,0.0,0.0,0.0,-0.009999999999999787,0.0,0.0,-0.10200000000000387,0.0,0.0,0.11399999999999999,0.0,0.0,0.0,0.0,0.0,0.001999999999990898,0.0,0.0
ALA  66,R ALA  66,0.0,0.0,0.0,-0.004000000000000448,0.0,0.0,-0.0759999999999934,0.0,0.0,0.08299999999999996,0.0,0.0,0.0,0.0,0.0,0.003000000000001002,0.0,0.0
GLN  67,R GLN  67,0.0,0.0,0.0,-0.004000000000000448,0.0,0.0,-0.1559999999999917,0.0,0.0,0.16900000000000048,0.0,0.0,0.0,0.0,0.0,0.009000000000007446,0.0,0.0
MET  68,R MET  68,0.0,0.0,0.0,-0.005000000000000782,0.0,0.0,-0.09799999999999898,0.0,0.0,0.1080000000000001,0.0,0.0,0.0,0.0,0.0,0.004999999999991012,0.0,0.0
LEU  69,R LEU  69,0.0,0.0,0.0,-0.005000000000000782,0.0,0.0,-0.06399999999999295,0.0,0.0,0.0680000000000005,0.0,0.0,0.0,0.0,0.0,-0.0009999999999870113,0.0,0.0
LYS  70,R LYS  70,0.0,0.0,0.0,-0.0019999999999997797,0.0,0.0,-7.268000000000001,0.0,0.0,7.269000000000002,0.0,0.0,0.0,0.0,0.0,-0.0009999999999941167,0.0,0.0
GLU  71,R GLU  71,0.0,0.0,0.0,-0.001000000000000334,0.0,0.0,7.753,0.0,0.0,-7.747,0.0,0.0,0.0,0.0,0.0,0.0049999999999954525,0.0,0.0
THR  72,R THR  72,0.0,0.0,0.0,-0.001000000000000334,0.0,0.0,-0.05600000000000449,0.0,0.0,0.056999999999999496,0.0,0.0,0.0,0.0,0.0,-3.552713678800501e-15,0.0,0.0
ILE  73,R ILE  73,0.0,0.0,0.0,-0.0010000000000012221,0.0,0.0,-0.08599999999999852,0.0,0.0,0.08599999999999985,0.0,0.0,0.0,0.0,0.0,-0.0010000000000029985,0.0,0.0
ASN  74,R ASN  74,0.0,0.0,0.0,0.0,0.0,0.0,-0.03300000000000125,0.0,0.0,0.032999999999999474,0.0,0.0,0.0,0.0,0.0,0.0,0.0,0.0
GLU  75,R GLU  75,0.0,0.0,0.0,-0.001000000000000334,0.0,0.0,6.868000000000002,0.0,0.0,-6.866,0.0,0.0,0.0,0.0,0.0,0.0010000000000189857,0.0,0.0
GLU  76,R GLU  76,0.0,0.0,0.0,0.0,0.0,0.0,6.738999999999997,0.0,0.0,-6.737000000000009,0.0,0.0,0.0,0.0,0.0,0.0019999999999882334,0.0,0.0
ALA  77,R ALA  77,0.0,0.0,0.0,0.0,0.0,0.0,-0.07899999999999352,0.0,0.0,0.07900000000000018,0.0,0.0,0.0,0.0,0.0,6.661338147750939e-15,0.0,0.0
ALA  78,R ALA  78,0.0,0.0,0.0,0.0,0.0,0.0,-0.07900000000000773,0.0,0.0,0.08000000000000002,0.0,0.0,0.0,0.0,0.0,0.0009999999999923403,0.0,0.0
GLU  79,R GLU  79,0.0,0.0,0.0,-0.001000000000000334,0.0,0.0,6.206000000000003,0.0,0.0,-6.204999999999998,0.0,0.0,0.0,0.0,0.0,1.4210854715202004e-14,0.0,0.0
TRP  80,R TRP  80,0.0,0.0,0.0,-0.0009999999999976694,0.0,0.0,-0.04599999999999227,0.0,0.0,0.04599999999999982,0.0,0.0,0.0,0.0,0.0,-0.0009999999999816822,0.0,0.0
ASP  81,R ASP  81,0.0,0.0,0.0,0.0,0.0,0.0,5.646000000000001,0.0,0.0,-5.646000000000001,0.0,0.0,0.0,0.0,0.0,0.0,0.0,0.0
ARG  82,R ARG  82,0.0,0.0,0.0,0.0,0.0,0.0,-6.005999999999999,0.0,0.0,6.004999999999999,0.0,0.0,0.0,0.0,0.0,-0.0010000000000047748,0.0,0.0
LEU  83,R LEU  83,0.0,0.0,0.0,-0.001000000000000334,0.0,0.0,-0.0660000000000025,0.0,0.0,0.06599999999999984,0.0,0.0,0.0,0.0,0.0,-0.0010000000000012221,0.0,0.0
HID  84,R HID  84,0.0,0.0,0.0,-0.001000000000000334,0.0,0.0,-0.021000000000000796,0.0,0.0,0.021999999999999353,0.0,0.0,0.0,0.0,0.0,-7.105427357601002e-15,0.0,0.0
PRO  85,R PRO  85,0.0,0.0,0.0,-0.0009999999999994458,0.0,0.0,0.028999999999996362,0.0,0.0,-0.028999999999999915,0.0,0.0,0.0,0.0,0.0,-0.0009999999999941167,0.0,0.0
VAL  86,R VAL  86,0.0,0.0,0.0,0.0,0.0,0.0,-0.02300000000000324,0.0,0.0,0.02400000000000002,0.0,0.0,0.0,0.0,0.0,0.0009999999999976694,0.0,0.0
HID  87,R HID  87,0.0,0.0,0.0,0.0,0.0,0.0,0.0030000000000001137,0.0,0.0,-0.0030000000000001137,0.0,0.0,0.0,0.0,0.0,0.0,0.0,0.0
ALA  88,R ALA  88,0.0,0.0,0.0,0.0,0.0,0.0,-0.012000000000000455,0.0,0.0,0.012000000000000455,0.0,0.0,0.0,0.0,0.0,0.0,0.0,0.0
GLY  89,R GLY  89,0.0,0.0,0.0,0.0,0.0,0.0,0.04099999999999682,0.0,0.0,-0.04099999999999948,0.0,0.0,0.0,0.0,0.0,-2.6645352591003757e-15,0.0,0.0
PRO  90,R PRO  90,0.0,0.0,0.0,0.0,0.0,0.0,-0.015000000000000568,0.0,0.0,0.013999999999999346,0.0,0.0,0.0,0.0,0.0,-0.0009999999999976694,0.0,0.0
ILE  91,R ILE  91,0.0,0.0,0.0,0.0,0.0,0.0,-0.03900000000000148,0.0,0.0,0.038000000000000256,0.0,0.0,0.0,0.0,0.0,-0.0010000000000012221,0.0,0.0
ALA  92,R ALA  92,0.0,0.0,0.0,0.0,0.0,0.0,0.036000000000001364,0.0,0.0,-0.036000000000000476,0.0,0.0,0.0,0.0,0.0,0.0,0.0,0.0
PRO  93,R PRO  93,0.0,0.0,0.0,0.0,0.0,0.0,0.027000000000001023,0.0,0.0,-0.027000000000001023,0.0,0.0,0.0,0.0,0.0,0.0,0.0,0.0
GLY  94,R GLY  94,0.0,0.0,0.0,0.0,0.0,0.0,0.016999999999995907,0.0,0.0,-0.01699999999999946,0.0,0.0,0.0,0.0,0.0,-3.552713678800501e-15,0.0,0.0
GLN  95,R GLN  95,0.0,0.0,0.0,0.0,0.0,0.0,0.019000000000005457,0.0,0.0,-0.019000000000000128,0.0,0.0,0.0,0.0,0.0,7.105427357601002e-15,0.0,0.0
MET  96,R MET  96,0.0,0.0,0.0,0.0,0.0,0.0,-0.030000000000001137,0.0,0.0,0.028999999999999915,0.0,0.0,0.0,0.0,0.0,-0.0010000000000012221,0.0,0.0
ARG  97,R ARG  97,0.0,0.0,0.0,0.0,0.0,0.0,-5.323,0.0,0.0,5.323999999999998,0.0,0.0,0.0,0.0,0.0,0.0009999999999763531,0.0,0.0
GLU  98,R GLU  98,0.0,0.0,0.0,0.0,0.0,0.0,5.128,0.0,0.0,-5.126999999999995,0.0,0.0,0.0,0.0,0.0,0.0010000000000047748,0.0,0.0
PRO  99,R PRO  99,0.0,0.0,0.0,0.0,0.0,0.0,-0.036000000000001364,0.0,0.0,0.03600000000000003,0.0,0.0,0.0,0.0,0.0,-1.7763568394002505e-15,0.0,0.0
ARG 100,R ARG 100,0.0,0.0,0.0,0.0,0.0,0.0,-5.479999999999999,0.0,0.0,5.48,0.0,0.0,0.0,0.0,0.0,-2.842170943040401e-14,0.0,0.0
GLY 101,R GLY 101,0.0,0.0,0.0,0.0,0.0,0.0,0.03300000000000125,0.0,0.0,-0.03300000000000036,0.0,0.0,0.0,0.0,0.0,8.881784197001252e-16,0.0,0.0
SER 102,R SER 102,0.0,0.0,0.0,0.0,0.0,0.0,0.02599999999999625,0.0,0.0,-0.027000000000000135,0.0,0.0,0.0,0.0,0.0,-0.0010000000000029985,0.0,0.0
ASP 103,R ASP 103,0.0,0.0,0.0,0.0,0.0,0.0,5.700000000000003,0.0,0.0,-5.7010000000000005,0.0,0.0,0.0,0.0,0.0,-0.0009999999999976694,0.0,0.0
ILE 104,R ILE 104,0.0,0.0,0.0,-0.0009999999999994458,0.0,0.0,0.022999999999996135,0.0,0.0,-0.02299999999999991,0.0,0.0,0.0,0.0,0.0,-0.0010000000000083276,0.0,0.0
ALA 105,R ALA 105,0.0,0.0,0.0,-0.001000000000000334,0.0,0.0,0.04099999999999682,0.0,0.0,-0.040999999999999925,0.0,0.0,0.0,0.0,0.0,-0.0009999999999932285,0.0,0.0
GLY 106,R GLY 106,0.0,0.0,0.0,0.0,0.0,0.0,0.02599999999999625,0.0,0.0,-0.026000000000000245,0.0,0.0,0.0,0.0,0.0,-3.9968028886505635e-15,0.0,0.0
THR 107,R THR 107,0.0,0.0,0.0,0.0,0.0,0.0,0.005000000000002558,0.0,0.0,-0.004999999999999893,0.0,0.0,0.0,0.0,0.0,3.552713678800501e-15,0.0,0.0
THR 108,R THR 108,0.0,0.0,0.0,0.0,0.0,0.0,-0.01899999999999835,0.0,0.0,0.019000000000000128,0.0,0.0,0.0,0.0,0.0,3.552713678800501e-15,0.0,0.0
SER 109,R SER 109,0.0,0.0,0.0,0.0,0.0,0.0,0.06799999999999784,0.0,0.0,-0.06899999999999995,0.0,0.0,0.0,0.0,0.0,-0.0010000000000021103,0.0,0.0
THR 110,R THR 110,0.0,0.0,0.0,0.0,0.0,0.0,-0.028999999999996362,0.0,0.0,0.028999999999999915,0.0,0.0,0.0,0.0,0.0,3.552713678800501e-15,0.0,0.0
LEU 111,R LEU 111,0.0,0.0,0.0,0.0,0.0,0.0,-0.031999999999996476,0.0,0.0,0.030999999999999694,0.0,0.0,0.0,0.0,0.0,-0.000999999999995893,0.0,0.0
GLN 112,R GLN 112,0.0,0.0,0.0,0.0,0.0,0.0,-0.054000000000002046,0.0,0.0,0.054999999999999716,0.0,0.0,0.0,0.0,0.0,0.0009999999999976694,0.0,0.0
GLU 113,R GLU 113,0.0,0.0,0.0,0.0,0.0,0.0,5.36999999999999,0.0,0.0,-5.371000000000002,0.0,0.0,0.0,0.0,0.0,-0.0010000000000118803,0.0,0.0
GLN 114,R GLN 114,0.0,0.0,0.0,0.0,0.0,0.0,-0.013999999999995794,0.0,0.0,0.014000000000000012,0.0,0.0,0.0,0.0,0.0,0.0,0.0,0.0
ILE 115,R ILE 115,0.0,0.0,0.0,0.0,0.0,0.0,-0.019000000000005457,0.0,0.0,0.019000000000000128,0.0,0.0,0.0,0.0,0.0,-5.329070518200751e-15,0.0,0.0
GLY 116,R GLY 116,0.0,0.0,0.0,-0.001000000000000334,0.0,0.0,-0.022999999999996135,0.0,0.0,0.02300000000000013,0.0,0.0,0.0,0.0,0.0,-0.001000000000000334,0.0,0.0
TRP 117,R TRP 117,0.0,0.0,0.0,0.0,0.0,0.0,0.009000000000000341,0.0,0.0,-0.010000000000000009,0.0,0.0,0.0,0.0,0.0,-0.0010000000000012221,0.0,0.0
MET 118,R MET 118,0.0,0.0,0.0,0.0,0.0,0.0,-0.006000000000000227,0.0,0.0,0.005999999999999339,0.0,0.0,0.0,0.0,0.0,-8.881784197001252e-16,0.0,0.0
THR 119,R THR 119,0.0,0.0,0.0,0.0,0.0,0.0,-0.04299999999999926,0.0,0.0,0.04300000000000015,0.0,0.0,0.0,0.0,0.0,3.552713678800501e-15,0.0,0.0
HID 120,R HID 120,0.0,0.0,0.0,0.0,0.0,0.0,-0.00999999999999801,0.0,0.0,0.009999999999999787,0.0,0.0,0.0,0.0,0.0,0.0,0.0,0.0
ASN 121,R ASN 121,0.0,0.0,0.0,0.0,0.0,0.0,-0.06300000000000239,0.0,0.0,0.06400000000000006,0.0,0.0,0.0,0.0,0.0,0.000999999999990564,0.0,0.0
PRO 122,R PRO 122,0.0,0.0,0.0,0.0,0.0,0.0,-0.007000000000005002,0.0,0.0,0.006999999999999673,0.0,0.0,0.0,0.0,0.0,-3.552713678800501e-15,0.0,0.0
PRO 123,R PRO 123,0.0,0.0,0.0,0.0,0.0,0.0,-0.01999999999999602,0.0,0.0,0.019999999999999574,0.0,0.0,0.0,0.0,0.0,3.552713678800501e-15,0.0,0.0
ILE 124,R ILE 124,0.0,0.0,0.0,-0.0009999999999994458,0.0,0.0,-0.003999999999990678,0.0,0.0,0.0040000000000000036,0.0,0.0,0.0,0.0,0.0,-0.0009999999999976694,0.0,0.0
PRO 125,R PRO 125,0.0,0.0,0.0,0.0,0.0,0.0,0.04999999999999716,0.0,0.0,-0.04999999999999982,0.0,0.0,0.0,0.0,0.0,-3.552713678800501e-15,0.0,0.0
VAL 126,R VAL 126,0.0,0.0,0.0,-0.0009999999999994458,0.0,0.0,0.060000000000002274,0.0,0.0,-0.06000000000000005,0.0,0.0,0.0,0.0,0.0,-0.0009999999999941167,0.0,0.0
GLY 127,R GLY 127,0.0,0.0,0.0,0.0,0.0,0.0,0.07099999999999795,0.0,0.0,-0.07099999999999995,0.0,0.0,0.0,0.0,0.0,-1.7763568394002505e-15,0.0,0.0
GLU 128,R GLU 128,0.0,0.0,0.0,-0.001000000000000334,0.0,0.0,6.507000000000005,0.0,0.0,-6.507000000000005,0.0,0.0,0.0,0.0,0.0,-0.000999999999990564,0.0,0.0
ILE 129,R ILE 129,0.0,0.0,0.0,0.0,0.0,0.0,0.09900000000000375,0.0,0.0,-0.098,0.0,0.0,0.0,0.0,0.0,0.0010000000000029985,0.0,0.0
TYR 130,R TYR 130,0.0,0.0,0.0,-0.0010000000000012221,0.0,0.0,0.10999999999999943,0.0,0.0,-0.10999999999999988,0.0,0.0,0.0,0.0,0.0,-0.0010000000000047748,0.0,0.0
LYS 131,R LYS 131,0.0,0.0,0.0,-0.0009999999999994458,0.0,0.0,-6.533999999999992,0.0,0.0,6.536999999999999,0.0,0.0,0.0,0.0,0.0,0.0020000000000024443,0.0,0.0
ARG 132,R ARG 132,0.0,0.0,0.0,-0.0010000000000012221,0.0,0.0,-7.144999999999996,0.0,0.0,7.144,0.0,0.0,0.0,0.0,0.0,-0.0020000000000095497,0.0,0.0
TRP 133,R TRP 133,0.0,0.0,0.0,-0.0010000000000012221,0.0,0.0,0.13300000000000978,0.0,0.0,-0.13199999999999967,0.0,0.0,0.0,0.0,0.0,3.552713678800501e-15,0.0,0.0
ILE 134,R ILE 134,0.0,0.0,0.0,-0.002000000000000668,0.0,0.0,0.1360000000000099,0.0,0.0,-0.13400000000000012,0.0,0.0,0.0,0.0,0.0,1.4654943925052066e-14,0.0,0.0
ILE 135,R ILE 135,0.0,0.0,0.0,-0.0030000000000001137,0.0,0.0,0.19700000000000273,0.0,0.0,-0.19499999999999995,0.0,0.0,0.0,0.0,0.0,-0.0009999999999976694,0.0,0.0
LEU 136,R LEU 136,0.0,0.0,0.0,-0.0009999999999994458,0.0,0.0,0.2049999999999983,0.0,0.0,-0.20400000000000018,0.0,0.0,0.0,0.0,0.0,0.0,0.0,0.0
GLY 137,R GLY 137,0.0,0.0,0.0,-0.001000000000000334,0.0,0.0,0.2330000000000041,0.0,0.0,-0.22900000000000004,0.0,0.0,0.0,0.0,0.0,0.0030000000000134364,0.0,0.0
LEU 138,R LEU 138,0.0,0.0,0.0,-0.006999999999999673,0.0,0.0,0.3130000000000024,0.0,0.0,-0.30699999999999994,0.0,0.0,0.0,0.0,0.0,-0.0009999999999941167,0.0,0.0
ASN 139,R ASN 139,0.0,0.0,0.0,-0.0030000000000001137,0.0,0.0,0.5930000000000035,0.0,0.0,-0.5809999999999995,0.0,0.0,0.0,0.0,0.0,0.009000000000014552,0.0,0.0
LYS 140,R LYS 140,0.0,0.0,0.0,-0.0039999999999995595,0.0,0.0,-7.943999999999988,0.0,0.0,7.947999999999997,0.0,0.0,0.0,0.0,0.0,3.552713678800501e-15,0.0,0.0
ILE 141,R ILE 141,0.0,0.0,0.0,-0.012000000000000455,0.0,0.0,0.46000000000000796,0.0,0.0,-0.43999999999999995,0.0,0.0,0.0,0.0,0.0,0.008000000000007557,0.0,0.0
VAL 142,R VAL 142,0.0,0.0,0.0,-0.0129999999999999,0.0,0.0,0.5970000000000013,0.0,0.0,-0.5620000000000003,0.0,0.0,0.0,0.0,0.0,0.02199999999999669,0.0,0.0
ARG 143,R ARG 143,0.0,0.0,0.0,-0.006999999999999673,0.0,0.0,-9.221999999999994,0.0,0.0,9.235,0.0,0.0,0.0,0.0,0.0,0.006000000000028649,0.0,0.0
MET 144,R MET 144,0.0,0.0,0.0,-0.009999999999999787,0.0,0.0,0.5220000000000056,0.0,0.0,-0.49099999999999966,0.0,0.0,0.0,0.0,0.0,0.021000000000015007,0.0,0.0
TYR 145,R TYR 145,0.0,0.0,0.0,-0.0600000000000005,0.0,0.0,-0.5200000000000102,0.0,0.0,0.6640000000000015,0.0,0.0,0.0,0.0,0.0,0.08399999999998897,0.0,0.0
SER 146,R SER 146,0.0,0.0,0.0,-0.06399999999999961,0.0,0.0,-0.1739999999999995,0.0,0.0,0.4410000000000025,0.0,0.0,0.0,0.0,0.0,0.20299999999999585,0.0,0.0
PRO 147,R PRO 147,0.0,0.0,0.0,-0.14600000000000035,0.0,0.0,0.45600000000000307,0.0,0.0,-0.2010000000000005,0.0,0.0,0.0,0.0,0.0,0.10900000000000176,0.0,0.0
THR 148,R THR 148,0.0,0.0,0.0,-2.636,0.0,0.0,2.5790000000000006,0.0,0.0,-0.777000000000001,0.0,0.0,-0.33936246000000003,0.0,0.0,-1.1733624600000034,0.0,0.0
SER 149,R SER 149,0.0,0.0,0.0,-3.231,0.0,0.0,-4.826999999999998,0.0,0.0,6.396000000000001,0.0,0.0,-0.36779036000000004,0.0,0.0,-2.029790359999999,0.0,0.0
ILE 150,R ILE 150,19.403999999999996,0.0,0.0,-8.573,0.0,0.0,-32.782,0.0,0.0,9.217,0.0,0.0,-1.1992292,0.0,0.0,-13.933229200000014,0.0,0.0
LEU 151,L LEU   1,20.665,0.0,0.0,-2.442,0.0,0.0,-24.594,0.0,0.0,0.5079999999999999,0.0,0.0,-0.24476720000000007,0.0,0.0,-6.107767200000001,0.0,0.0
ASP 152,L ASP   2,0.0,0.0,0.0,-1.713,0.0,0.0,18.448999999999998,0.0,0.0,-16.741,0.0,0.0,-0.11785247999999993,0.0,0.0,-0.12285247999999882,0.0,0.0
ILE 153,L ILE   3,0.0,0.0,0.0,-1.2649999999999997,0.0,0.0,-2.4980000000000047,0.0,0.0,1.146,0.0,0.0,-0.06038964000000002,0.0,0.0,-2.6773896400000066,0.0,0.0
ARG 154,L ARG   4,0.0,0.0,0.0,-0.11899999999999977,0.0,0.0,-12.100000000000001,0.0,0.0,12.271999999999998,0.0,0.0,0.0,0.0,0.0,0.05300000000002569,0.0,0.0
GLN 155,L GLN   5,0.0,0.0,0.0,-0.02400000000000091,0.0,0.0,-0.21099999999999852,0.0,0.0,0.25100000000000033,0.0,0.0,0.0,0.0,0.0,0.016000000000005343,0.0,0.0
GLY 156,L GLY   6,0.0,0.0,0.0,-0.010000000000000231,0.0,0.0,-0.41100000000000136,0.0,0.0,0.43299999999999983,0.0,0.0,0.0,0.0,0.0,0.01199999999999335,0.0,0.0
PRO 157,L PRO   7,0.0,0.0,0.0,-0.008999999999999897,0.0,0.0,-0.25900000000000034,0.0,0.0,0.261000000000001,0.0,0.0,0.0,0.0,0.0,-0.0070000000000014495,0.0,0.0
LYS 158,L LYS   8,0.0,0.0,0.0,-0.009000000000000341,0.0,0.0,-10.660999999999987,0.0,0.0,10.694000000000003,0.0,0.0,0.0,0.0,0.0,0.02400000000001512,0.0,0.0
GLU 159,L GLU   9,0.0,0.0,0.0,-0.038000000000000256,0.0,0.0,16.489999999999995,0.0,0.0,-16.192,0.0,0.0,0.0,0.0,0.0,0.259999999999998,0.0,0.0
PRO 160,L PRO  10,0.0,0.0,0.0,-0.011999999999999567,0.0,0.0,0.6780000000000044,0.0,0.0,-0.6700000000000002,0.0,0.0,0.0,0.0,0.0,-0.003999999999996007,0.0,0.0
PHE 161,L PHE  11,0.0,0.0,0.0,-0.014000000000001123,0.0,0.0,0.6219999999999999,0.0,0.0,-0.5979999999999999,0.0,0.0,0.0,0.0,0.0,0.01000000000000334,0.0,0.0
ARG 162,L ARG  12,0.0,0.0,0.0,-0.016000000000000014,0.0,0.0,-7.225,0.0,0.0,7.263999999999999,0.0,0.0,0.0,0.0,0.0,0.022999999999996135,0.0,0.0
ASP 163,L ASP  13,0.0,0.0,0.0,-0.04300000000000015,0.0,0.0,14.741999999999997,0.0,0.0,-14.399000000000001,0.0,0.0,0.0,0.0,0.0,0.30000000000000426,0.0,0.0
TYR 164,L TYR  14,0.0,0.0,0.0,-0.08600000000000207,0.0,0.0,1.262999999999991,0.0,0.0,-1.2060000000000002,0.0,0.0,0.0,0.0,0.0,-0.02900000000002123,0.0,0.0
VAL 165,L VAL  15,0.0,0.0,0.0,-0.04499999999999993,0.0,0.0,0.695999999999998,0.0,0.0,-0.6560000000000001,0.0,0.0,0.0,0.0,0.0,-0.005000000000002558,0.0,0.0
ASP 166,L ASP  16,0.0,0.0,0.0,-0.19600000000000062,0.0,0.0,23.939000000000007,0.0,0.0,-23.220999999999997,0.0,0.0,0.0,0.0,0.0,0.5220000000000127,0.0,0.0
ARG 167,L ARG  17,0.0,0.0,0.0,-0.4410000000000007,0.0,0.0,-20.334,0.0,0.0,20.664,0.0,0.0,-0.03153355999999996,0.0,0.0,-0.14253355999997552,0.0,0.0
PHE 168,L PHE  18,0.0,0.0,0.0,-1.227999999999998,0.0,0.0,0.2539999999999907,0.0,0.0,0.07499999999999996,0.0,0.0,-0.03915408,0.0,0.0,-0.9381540800000048,0.0,0.0
TYR 169,L TYR  19,0.0,0.0,0.0,-0.35999999999999943,0.0,0.0,-0.8389999999999986,0.0,0.0,0.8200000000000003,0.0,0.0,0.0,0.0,0.0,-0.3789999999999978,0.0,0.0
LYS 170,L LYS  20,0.0,0.0,0.0,-3.2380000000000004,0.0,0.0,-34.007000000000005,0.0,0.0,35.17,0.0,0.0,-0.3869121200000001,0.0,0.0,-2.461912120000008,0.0,0.0
THR 171,L THR  21,0.0,0.0,0.0,-2.220999999999999,0.0,0.0,0.08200000000000074,0.0,0.0,0.9419999999999993,0.0,0.0,-0.14105008000000002,0.0,0.0,-1.3380500799999986,0.0,0.0
LEU 172,L LEU  22,0.0,0.0,0.0,-1.1579999999999995,0.0,0.0,-1.0210000000000008,0.0,0.0,1.2259999999999998,0.0,0.0,-0.07119712,0.0,0.0,-1.0241971199999966,0.0,0.0
ARG 173,L ARG  23,0.0,0.0,0.0,-0.19299999999999962,0.0,0.0,-36.335,0.0,0.0,29.126000000000005,0.0,0.0,-0.27767202,0.0,0.0,-7.679672020000027,0.0,0.0
ALA 174,L ALA  24,0.0,0.0,0.0,-2.7729999999999997,0.0,0.0,-2.4170000000000016,0.0,0.0,3.455,0.0,0.0,-0.4106192000000001,0.0,0.0,-2.1456191999999974,0.0,0.0
GLU 175,L GLU  25,0.0,0.0,0.0,-2.609,0.0,0.0,2.625,0.0,0.0,1.73899999999999,0.0,0.0,-0.32307536,0.0,0.0,1.4319246399999983,0.0,0.0
GLN 176,L GLN  26,0.0,0.0,0.0,-0.5789999999999997,0.0,0.0,-1.3430000000000035,0.0,0.0,2.325000000000003,0.0,0.0,-0.12107738000000001,0.0,0.0,0.2819226200000031,0.0,0.0
ALA 177,L ALA  27,0.0,0.0,0.0,-0.07499999999999929,0.0,0.0,-0.3580000000000041,0.0,0.0,0.444,0.0,0.0,0.0,0.0,0.0,0.010999999999993015,0.0,0.0
SER 178,L SER  28,0.0,0.0,0.0,-0.019000000000000128,0.0,0.0,0.4549999999999983,0.0,0.0,-0.43499999999999994,0.0,0.0,0.0,0.0,0.0,0.0009999999999927844,0.0,0.0
GLN 179,L GLN  29,0.0,0.0,0.0,-0.014000000000000234,0.0,0.0,0.4819999999999993,0.0,0.0,-0.42799999999999905,0.0,0.0,0.0,0.0,0.0,0.04000000000000625,0.0,0.0
GLU 180,L GLU  30,0.0,0.0,0.0,-0.010000000000000231,0.0,0.0,5.048000000000002,0.0,0.0,-4.998000000000005,0.0,0.0,0.0,0.0,0.0,0.04000000000000625,0.0,0.0
VAL 181,L VAL  31,0.0,0.0,0.0,-0.07600000000000051,0.0,0.0,0.14000000000000057,0.0,0.0,-0.08800000000000008,0.0,0.0,0.0,0.0,0.0,-0.02400000000000002,0.0,0.0
LYS 182,L LYS  32,0.0,0.0,0.0,-0.062000000000001165,0.0,0.0,-5.257999999999996,0.0,0.0,5.513999999999996,0.0,0.0,0.0,0.0,0.0,0.19400000000000261,0.0,0.0
ASN 183,L ASN  33,0.0,0.0,0.0,-0.01100000000000012,0.0,0.0,0.22700000000000387,0.0,0.0,-0.20199999999999996,0.0,0.0,0.0,0.0,0.0,0.014000000000010004,0.0,0.0
TRP 184,L TRP  34,0.0,0.0,0.0,-0.0389999999999997,0.0,0.0,0.17900000000000205,0.0,0.0,-0.12900000000000045,0.0,0.0,0.0,0.0,0.0,0.011000000000001009,0.0,0.0
MET 185,L MET  35,0.0,0.0,0.0,-0.4560000000000013,0.0,0.0,0.3709999999999951,0.0,0.0,-0.2410000000000001,0.0,0.0,-0.06491533999999999,0.0,0.0,-0.39091534000000805,0.0,0.0
THR 186,L THR  36,0.0,0.0,0.0,-0.025000000000000355,0.0,0.0,0.3230000000000004,0.0,0.0,-0.28600000000000003,0.0,0.0,0.0,0.0,0.0,0.012000000000004007,0.0,0.0
GLU 187,L GLU  37,0.0,0.0,0.0,-0.008000000000000007,0.0,0.0,6.2010000000000005,0.0,0.0,-6.168999999999997,0.0,0.0,0.0,0.0,0.0,0.023999999999993804,0.0,0.0
THR 188,L THR  38,0.0,0.0,0.0,-0.017999999999999794,0.0,0.0,0.2359999999999971,0.0,0.0,-0.20699999999999996,0.0,0.0,0.0,0.0,0.0,0.01099999999999568,0.0,0.0
LEU 189,L LEU  39,0.0,0.0,0.0,-0.8830000000000009,0.0,0.0,0.23199999999999932,0.0,0.0,-0.189,0.0,0.0,-0.06856300000000001,0.0,0.0,-0.9085629999999973,0.0,0.0
LEU 190,L LEU  40,0.0,0.0,0.0,-0.06299999999999883,0.0,0.0,0.3049999999999926,0.0,0.0,-0.29700000000000004,0.0,0.0,0.0,0.0,0.0,-0.055000000000010374,0.0,0.0
VAL 191,L VAL  41,0.0,0.0,0.0,-0.010999999999999233,0.0,0.0,0.19599999999999795,0.0,0.0,-0.177,0.0,0.0,0.0,0.0,0.0,0.008000000000002672,0.0,0.0
GLN 192,L GLN  42,0.0,0.0,0.0,-0.017999999999998906,0.0,0.0,0.18000000000000682,0.0,0.0,-0.13700000000000045,0.0,0.0,0.0,0.0,0.0,0.025000000000005684,0.0,0.0
ASN 193,L ASN  43,0.0,0.0,0.0,-0.2870000000000008,0.0,0.0,-1.5769999999999982,0.0,0.0,1.505,0.0,0.0,0.0,0.0,0.0,-0.35900000000000887,0.0,0.0
ALA 194,L ALA  44,0.0,0.0,0.0,-0.010000000000000675,0.0,0.0,0.12199999999999989,0.0,0.0,-0.10699999999999998,0.0,0.0,0.0,0.0,0.0,0.004999999999994786,0.0,0.0
ASN 195,L ASN  45,0.0,0.0,0.0,-0.006000000000000227,0.0,0.0,0.38400000000000034,0.0,0.0,-0.35800000000000054,0.0,0.0,0.0,0.0,0.0,0.01999999999999602,0.0,0.0
PRO 196,L PRO  46,0.0,0.0,0.0,-0.0030000000000001137,0.0,0.0,-0.10200000000000387,0.0,0.0,0.09999999999999987,0.0,0.0,0.0,0.0,0.0,-0.005000000000004334,0.0,0.0
ASP 197,L ASP  47,0.0,0.0,0.0,-0.0019999999999997797,0.0,0.0,7.895999999999994,0.0,0.0,-7.881999999999991,0.0,0.0,0.0,0.0,0.0,0.01200000000000756,0.0,0.0
CYX 198,L CYX  48,0.0,0.0,0.0,-0.0030000000000001137,0.0,0.0,-0.27899999999999636,0.0,0.0,0.28400000000000025,0.0,0.0,0.0,0.0,0.0,0.0020000000000024443,0.0,0.0
LYS 199,L LYS  49,0.0,0.0,0.0,-0.005000000000000782,0.0,0.0,-9.631000000000014,0.0,0.0,9.658000000000001,0.0,0.0,0.0,0.0,0.0,0.02199999999999136,0.0,0.0
THR 200,L THR  50,0.0,0.0,0.0,-0.001000000000000334,0.0,0.0,-0.18599999999999994,0.0,0.0,0.18699999999999983,0.0,0.0,0.0,0.0,0.0,-3.552713678800501e-15,0.0,0.0
ILE 201,L ILE  51,0.0,0.0,0.0,-0.0019999999999997797,0.0,0.0,-0.15800000000000125,0.0,0.0,0.15800000000000014,0.0,0.0,0.0,0.0,0.0,-0.001999999999995339,0.0,0.0
LEU 202,L LEU  52,0.0,0.0,0.0,-0.0030000000000001137,0.0,0.0,-0.1700000000000017,0.0,0.0,0.17300000000000004,0.0,0.0,0.0,0.0,0.0,-1.7763568394002505e-15,0.0,0.0
LYS 203,L LYS  53,0.0,0.0,0.0,-0.0019999999999997797,0.0,0.0,-6.965999999999994,0.0,0.0,6.966999999999999,0.0,0.0,0.0,0.0,0.0,-0.000999999999990564,0.0,0.0
ALA 204,L ALA  54,0.0,0.0,0.0,0.0,0.0,0.0,-0.09600000000000364,0.0,0.0,0.09700000000000042,0.0,0.0,0.0,0.0,0.0,0.0009999999999967812,0.0,0.0
LEU 205,L LEU  55,0.0,0.0,0.0,-0.001000000000000334,0.0,0.0,-0.0010000000000047748,0.0,0.0,0.001000000000000334,0.0,0.0,0.0,0.0,0.0,-0.0010000000000029985,0.0,0.0
GLY 206,L GLY  56,0.0,0.0,0.0,0.0,0.0,0.0,0.10699999999999932,0.0,0.0,-0.10500000000000043,0.0,0.0,0.0,0.0,0.0,0.0019999999999988916,0.0,0.0
PRO 207,L PRO  57,0.0,0.0,0.0,0.0,0.0,0.0,-0.036999999999999034,0.0,0.0,0.03699999999999992,0.0,0.0,0.0,0.0,0.0,0.0,0.0,0.0
GLY 208,L GLY  58,0.0,0.0,0.0,-0.001000000000000112,0.0,0.0,-0.0589999999999975,0.0,0.0,0.05999999999999961,0.0,0.0,0.0,0.0,0.0,4.440892098500626e-15,0.0,0.0
ALA 209,L ALA  59,0.0,0.0,0.0,-0.001000000000000334,0.0,0.0,0.06799999999999784,0.0,0.0,-0.06599999999999984,0.0,0.0,0.0,0.0,0.0,0.0009999999999932285,0.0,0.0
THR 210,L THR  60,0.0,0.0,0.0,-0.0019999999999997797,0.0,0.0,0.1909999999999954,0.0,0.0,-0.18299999999999983,0.0,0.0,0.0,0.0,0.0,0.005999999999993122,0.0,0.0
LEU 211,L LEU  61,0.0,0.0,0.0,-0.009000000000000341,0.0,0.0,0.17799999999999727,0.0,0.0,-0.16999999999999993,0.0,0.0,0.0,0.0,0.0,-0.0010000000000012221,0.0,0.0
GLU 212,L GLU  62,0.0,0.0,0.0,-0.0039999999999995595,0.0,0.0,6.131,0.0,0.0,-6.1030000000000015,0.0,0.0,0.0,0.0,0.0,0.024000000000008015,0.0,0.0
GLU 213,L GLU  63,0.0,0.0,0.0,-0.001000000000000334,0.0,0.0,5.509,0.0,0.0,-5.50500000000001,0.0,0.0,0.0,0.0,0.0,0.002999999999985903,0.0,0.0
MET 214,L MET  64,0.0,0.0,0.0,-0.004999999999999005,0.0,0.0,0.16599999999999682,0.0,0.0,-0.15700000000000003,0.0,0.0,0.0,0.0,0.0,0.004000000000001336,0.0,0.0
MET 215,L MET  65,0.0,0.0,0.0,-0.008000000000000895,0.0,0.0,0.3400000000000034,0.0,0.0,-0.33000000000000007,0.0,0.0,0.0,0.0,0.0,0.0020000000000077733,0.0,0.0
THR 216,L THR  66,0.0,0.0,0.0,-0.002000000000000224,0.0,0.0,-0.03300000000000125,0.0,0.0,0.03500000000000014,0.0,0.0,0.0,0.0,0.0,0.0,0.0,0.0
ALA 217,L ALA  67,0.0,0.0,0.0,-0.001000000000000334,0.0,0.0,-0.03900000000000148,0.0,0.0,0.040000000000000036,0.0,0.0,0.0,0.0,0.0,7.993605777301127e-15,0.0,0.0
CYX 218,L CYX  68,0.0,0.0,0.0,-0.0030000000000001137,0.0,0.0,-0.015000000000000568,0.0,0.0,0.02400000000000002,0.0,0.0,0.0,0.0,0.0,0.006000000000000227,0.0,0.0
GLN 219,L GLN  69,0.0,0.0,0.0,-0.0030000000000001137,0.0,0.0,0.24500000000000455,0.0,0.0,-0.23199999999999932,0.0,0.0,0.0,0.0,0.0,0.010000000000005116,0.0,0.0
GLY 220,L GLY  70,0.0,0.0,0.0,-0.002000000000000224,0.0,0.0,-0.3030000000000115,0.0,0.0,0.3049999999999997,0.0,0.0,0.0,0.0,0.0,-7.105427357601002e-15,0.0,0.0
VAL 221,L VAL  71,0.0,0.0,0.0,-0.0030000000000001137,0.0,0.0,8.624999999999996,0.0,0.0,-8.593999999999994,0.0,0.0,0.0,0.0,0.0,0.028000000000005798,0.0,0.0

idecomp = 1: Per-residue decomp adding 1-4 interactions to Internal.
Energy Decomposition Analysis (All units kcal/mol): Poisson Boltzmann solvent
Complex:
Total Energy Decomposition:
Residue,Internal,,,van der Waals,,,Electrostatic,,,Polar Solvation,,,Non-Polar Solv.,,,TOTAL,,
,Avg.,Std. Dev.,Std. Err. of Mean,Avg.,Std. Dev.,Std. Err. of Mean,Avg.,Std. Dev.,Std. Err. of Mean,Avg.,Std. Dev.,Std. Err. of Mean,Avg.,Std. Dev.,Std. Err. of Mean,Avg.,Std. Dev.,Std. Err. of Mean
PRO   1,103.888,0.0,0.0,-8.761,0.0,0.0,-107.003,0.0,0.0,12.335,0.0,0.0,0.0,0.0,0.0,0.4590000000000103,0.0,0.0
ILE   2,95.16,0.0,0.0,-7.716,0.0,0.0,-68.453,0.0,0.0,-1.887,0.0,0.0,0.0,0.0,0.0,17.104,0.0,0.0
VAL   3,58.149,0.0,0.0,-6.673,0.0,0.0,-52.622,0.0,0.0,-5.503,0.0,0.0,0.0,0.0,0.0,-6.649000000000001,0.0,0.0
GLN   4,22.265,0.0,0.0,-3.346,0.0,0.0,-57.437,0.0,0.0,-13.414,0.0,0.0,0.0,0.0,0.0,-51.932,0.0,0.0
ASN   5,38.991,0.0,0.0,-5.331,0.0,0.0,-87.214,0.0,0.0,-11.826,0.0,0.0,0.0,0.0,0.0,-65.38,0.0,0.0
LEU   6,76.28,0.0,0.0,-3.113,0.0,0.0,-68.916,0.0,0.0,-8.375,0.0,0.0,0.0,0.0,0.0,-4.123999999999995,0.0,0.0
GLN   7,29.769,0.0,0.0,-3.552,0.0,0.0,-66.863,0.0,0.0,-17.727,0.0,0.0,0.0,0.0,0.0,-58.373000000000005,0.0,0.0
GLY   8,77.062,0.0,0.0,-1.389,0.0,0.0,-73.503,0.0,0.0,-5.194,0.0,0.0,0.0,0.0,0.0,-3.0239999999999982,0.0,0.0
GLN   9,38.903,0.0,0.0,-5.864,0.0,0.0,-71.617,0.0,0.0,-12.981,0.0,0.0,0.0,0.0,0.0,-51.559000000000005,0.0,0.0
MET  10,104.474,0.0,0.0,-8.618,0.0,0.0,-77.463,0.0,0.0,-4.734,0.0,0.0,0.0,0.0,0.0,13.659000000000015,0.0,0.0
VAL  11,57.407,0.0,0.0,-6.13,0.0,0.0,-51.616,0.0,0.0,-2.336,0.0,0.0,0.0,0.0,0.0,-2.6750000000000056,0.0,0.0
HID  12,96.317,0.0,0.0,-12.121,0.0,0.0,-63.55,0.0,0.0,-4.083,0.0,0.0,0.0,0.0,0.0,16.563000000000002,0.0,0.0
GLN  13,39.373,0.0,0.0,-5.094,0.0,0.0,-72.324,0.0,0.0,-14.34,0.0,0.0,0.0,0.0,0.0,-52.385000000000005,0.0,0.0
ALA  14,91.57,0.0,0.0,-4.441,0.0,0.0,-81.955,0.0,0.0,-0.662,0.0,0.0,0.0,0.0,0.0,4.5119999999999925,0.0,0.0
ILE  15,98.016,0.0,0.0,-9.254,0.0,0.0,-75.925,0.0,0.0,-2.335,0.0,0.0,0.0,0.0,0.0,10.502000000000002,0.0,0.0
SER  16,83.117,0.0,0.0,-5.477,0.0,0.0,-60.562,0.0,0.0,-9.514,0.0,0.0,0.0,0.0,0.0,7.564000000000004,0.0,0.0
PRO  17,89.623,0.0,0.0,-3.232,0.0,0.0,-60.242,0.0,0.0,-3.206,0.0,0.0,0.0,0.0,0.0,22.94300000000001,0.0,0.0
ARG  18,-175.709,0.0,0.0,-6.289,0.0,0.0,64.965,0.0,0.0,-42.416,0.0,0.0,0.0,0.0,0.0,-159.44899999999998,0.0,0.0
THR  19,46.073,0.0,0.0,-9.11,0.0,0.0,-57.226,0.0,0.0,-3.085,0.0,0.0,0.0,0.0,0.0,-23.348,0.0,0.0
LEU  20,55.518,0.0,0.0,-9.903,0.0,0.0,-60.497,0.0,0.0,-1.742,0.0,0.0,0.0,0.0,0.0,-16.624,0.0,0.0
ASN  21,16.215,0.0,0.0,-6.577,0.0,0.0,-66.574,0.0,0.0,-15.0,0.0,0.0,0.0,0.0,0.0,-71.936,0.0,0.0
ALA  22,93.928,0.0,0.0,-6.202,0.0,0.0,-79.856,0.0,0.0,-1.575,0.0,0.0,0.0,0.0,0.0,6.295000000000004,0.0,0.0
TRP  23,131.221,0.0,0.0,-19.781,0.0,0.0,-97.814,0.0,0.0,-0.836,0.0,0.0,0.0,0.0,0.0,12.790000000000004,0.0,0.0
VAL  24,66.041,0.0,0.0,-3.852,0.0,0.0,-58.365,0.0,0.0,-2.479,0.0,0.0,0.0,0.0,0.0,1.344999999999998,0.0,0.0
LYS  25,137.038,0.0,0.0,-8.724,0.0,0.0,-110.735,0.0,0.0,-20.843,0.0,0.0,0.0,0.0,0.0,-3.263999999999978,0.0,0.0
VAL  26,62.987,0.0,0.0,-9.549,0.0,0.0,-65.922,0.0,0.0,-1.196,0.0,0.0,0.0,0.0,0.0,-13.679999999999994,0.0,0.0
VAL  27,46.56,0.0,0.0,-8.839,0.0,0.0,-45.011,0.0,0.0,-1.808,0.0,0.0,0.0,0.0,0.0,-9.097999999999999,0.0,0.0
GLU  28,95.834,0.0,0.0,-7.652,0.0,0.0,-60.115,0.0,0.0,-82.259,0.0,0.0,0.0,0.0,0.0,-54.192,0.0,0.0
GLU  29,106.293,0.0,0.0,-7.671,0.0,0.0,-135.453,0.0,0.0,-11.272,0.0,0.0,0.0,0.0,0.0,-48.103,0.0,0.0
LYS  30,119.934,0.0,0.0,-9.317,0.0,0.0,-117.098,0.0,0.0,5.989,0.0,0.0,0.0,0.0,0.0,-0.4920000000000089,0.0,0.0
ALA  31,85.238,0.0,0.0,-4.481,0.0,0.0,-73.033,0.0,0.0,-3.454,0.0,0.0,0.0,0.0,0.0,4.270000000000003,0.0,0.0
PHE  32,108.892,0.0,0.0,-11.444,0.0,0.0,-78.494,0.0,0.0,-3.281,0.0,0.0,0.0,0.0,0.0,15.672999999999993,0.0,0.0
SER  33,87.866,0.0,0.0,-4.801,0.0,0.0,-69.539,0.0,0.0,-1.005,0.0,0.0,0.0,0.0,0.0,12.520999999999997,0.0,0.0
PRO  34,76.684,0.0,0.0,-5.702,0.0,0.0,-57.616,0.0,0.0,-0.144,0.0,0.0,0.0,0.0,0.0,13.222,0.0,0.0
GLU  35,105.236,0.0,0.0,-7.537,0.0,0.0,-84.252,0.0,0.0,-75.025,0.0,0.0,0.0,0.0,0.0,-61.578,0.0,0.0
VAL  36,54.966,0.0,0.0,-10.012,0.0,0.0,-60.571,0.0,0.0,0.704,0.0,0.0,0.0,0.0,0.0,-14.912999999999997,0.0,0.0
ILE  37,92.259,0.0,0.0,-9.054,0.0,0.0,-65.182,0.0,0.0,-0.301,0.0,0.0,0.0,0.0,0.0,17.721999999999998,0.0,0.0
PRO  38,81.813,0.0,0.0,-6.141,0.0,0.0,-60.781,0.0,0.0,-1.28,0.0,0.0,0.0,0.0,0.0,13.610999999999999,0.0,0.0
MET  39,91.488,0.0,0.0,-8.529,0.0,0.0,-74.615,0.0,0.0,-0.821,0.0,0.0,0.0,0.0,0.0,7.523000000000009,0.0,0.0
PHE  40,102.534,0.0,0.0,-12.574,0.0,0.0,-87.04,0.0,0.0,-0.62,0.0,0.0,0.0,0.0,0.0,2.3000000000000016,0.0,0.0
SER  41,77.383,0.0,0.0,-5.94,0.0,0.0,-67.212,0.0,0.0,-4.735,0.0,0.0,0.0,0.0,0.0,-0.5040000000000058,0.0,0.0
ALA  42,82.898,0.0,0.0,-4.727,0.0,0.0,-64.385,0.0,0.0,-4.033,0.0,0.0,0.0,0.0,0.0,9.752999999999986,0.0,0.0
LEU  43,71.934,0.0,0.0,-9.982,0.0,0.0,-74.828,0.0,0.0,-1.057,0.0,0.0,0.0,0.0,0.0,-13.933000000000005,0.0,0.0
SER  44,73.301,0.0,0.0,-6.575,0.0,0.0,-71.958,0.0,0.0,-0.723,0.0,0.0,0.0,0.0,0.0,-5.954999999999999,0.0,0.0
GLU  45,98.464,0.0,0.0,-5.541,0.0,0.0,-72.207,0.0,0.0,-82.708,0.0,0.0,0.0,0.0,0.0,-61.99199999999999,0.0,0.0
GLY  46,66.945,0.0,0.0,-4.196,0.0,0.0,-69.571,0.0,0.0,0.338,0.0,0.0,0.0,0.0,0.0,-6.484000000000003,0.0,0.0
ALA  47,98.849,0.0,0.0,-6.511,0.0,0.0,-85.381,0.0,0.0,-2.387,0.0,0.0,0.0,0.0,0.0,4.570000000000007,0.0,0.0
THR  48,63.851,0.0,0.0,-8.099,0.0,0.0,-65.033,0.0,0.0,0.104,0.0,0.0,0.0,0.0,0.0,-9.177000000000007,0.0,0.0
PRO  49,79.599,0.0,0.0,-10.923,0.0,0.0,-55.935,0.0,0.0,0.098,0.0,0.0,0.0,0.0,0.0,12.839,0.0,0.0
GLN  50,33.838,0.0,0.0,-10.343,0.0,0.0,-71.214,0.0,0.0,-8.102,0.0,0.0,0.0,0.0,0.0,-55.821,0.0,0.0
ASP  51,89.895,0.0,0.0,-9.014,0.0,0.0,-125.552,0.0,0.0,-16.764,0.0,0.0,0.0,0.0,0.0,-61.435,0.0,0.0
LEU  52,68.125,0.0,0.0,-12.054,0.0,0.0,-70.597,0.0,0.0,0.425,0.0,0.0,0.0,0.0,0.0,-14.100999999999996,0.0,0.0
ASN  53,40.868,0.0,0.0,-7.72,0.0,0.0,-99.729,0.0,0.0,-4.227,0.0,0.0,0.0,0.0,0.0,-70.80799999999999,0.0,0.0
THR  54,59.015,0.0,0.0,-7.273,0.0,0.0,-66.299,0.0,0.0,-1.329,0.0,0.0,0.0,0.0,0.0,-15.886000000000003,0.0,0.0
MET  55,86.205,0.0,0.0,-14.398,0.0,0.0,-68.784,0.0,0.0,-0.272,0.0,0.0,0.0,0.0,0.0,2.750999999999996,0.0,0.0
LEU  56,68.015,0.0,0.0,-8.235,0.0,0.0,-72.687,0.0,0.0,0.213,0.0,0.0,0.0,0.0,0.0,-12.693999999999997,0.0,0.0
ASN  57,32.715,0.0,0.0,-6.898,0.0,0.0,-87.84,0.0,0.0,-9.55,0.0,0.0,0.0,0.0,0.0,-71.573,0.0,0.0
THR  58,57.626,0.0,0.0,-6.382,0.0,0.0,-65.338,0.0,0.0,-3.295,0.0,0.0,0.0,0.0,0.0,-17.388999999999996,0.0,0.0
VAL  59,39.134,0.0,0.0,-8.991,0.0,0.0,-40.756,0.0,0.0,-1.403,0.0,0.0,0.0,0.0,0.0,-12.016,0.0,0.0
ALA  60,85.205,0.0,0.0,-3.686,0.0,0.0,-63.379,0.0,0.0,-2.701,0.0,0.0,0.0,0.0,0.0,15.439000000000007,0.0,0.0
PRO  61,78.89,0.0,0.0,-3.615,0.0,0.0,-52.69,0.0,0.0,-6.044,0.0,0.0,0.0,0.0,0.0,16.541000000000007,0.0,0.0
HID  62,93.599,0.0,0.0,-10.162,0.0,0.0,-73.565,0.0,0.0,1.03,0.0,0.0,0.0,0.0,0.0,10.902,0.0,0.0
GLN  63,29.838,0.0,0.0,-3.793,0.0,0.0,-63.669,0.0,0.0,-10.923,0.0,0.0,0.0,0.0,0.0,-48.547,0.0,0.0
ALA  64,84.493,0.0,0.0,-3.292,0.0,0.0,-70.826,0.0,0.0,-1.852,0.0,0.0,0.0,0.0,0.0,8.523,0.0,0.0
ALA  65,86.354,0.0,0.0,-5.976,0.0,0.0,-76.775,0.0,0.0,0.601,0.0,0.0,0.0,0.0,0.0,4.203999999999994,0.0,0.0
ALA  66,92.77,0.0,0.0,-6.293,0.0,0.0,-79.002,0.0,0.0,-1.067,0.0,0.0,0.0,0.0,0.0,6.407999999999994,0.0,0.0
GLN  67,38.013,4.76837158203125e-07,4.76837158203125e-07,-6.149,0.0,0.0,-75.603,0.0,0.0,-6.861,0.0,0.0,0.0,0.0,0.0,-50.599999999999994,0.0,0.0
MET  68,91.428,0.0,0.0,-9.138,0.0,0.0,-73.824,0.0,0.0,-2.27,0.0,0.0,0.0,0.0,0.0,6.195999999999994,0.0,0.0
LEU  69,80.151,0.0,0.0,-11.63,0.0,0.0,-73.895,0.0,0.0,-2.527,0.0,0.0,0.0,0.0,0.0,-7.900999999999995,0.0,0.0
LYS  70,127.454,0.0,0.0,-7.375,0.0,0.0,-112.796,0.0,0.0,-14.62,0.0,0.0,0.0,0.0,0.0,-7.337000000000012,0.0,0.0
GLU  71,106.521,0.0,0.0,-6.301,0.0,0.0,-75.747,0.0,0.0,-86.731,0.0,0.0,0.0,0.0,0.0,-62.257999999999996,0.0,0.0
THR  72,53.765,0.0,0.0,-7.96,0.0,0.0,-59.456,0.0,0.0,-4.568,0.0,0.0,0.0,0.0,0.0,-18.219,0.0,0.0
ILE  73,71.8,0.0,0.0,-11.361,0.0,0.0,-50.547,0.0,0.0,-2.435,0.0,0.0,0.0,0.0,0.0,7.456999999999995,0.0,0.0
ASN  74,18.306,0.0,0.0,-6.608,0.0,0.0,-71.371,0.0,0.0,-13.641,0.0,0.0,0.0,0.0,0.0,-73.314,0.0,0.0
GLU  75,113.798,0.0,0.0,-7.362,0.0,0.0,-40.082,0.0,0.0,-122.003,0.0,0.0,0.0,0.0,0.0,-55.64899999999999,0.0,0.0
GLU  76,93.021,0.0,0.0,-11.804,0.0,0.0,-33.85,0.0,0.0,-111.862,0.0,0.0,0.0,0.0,0.0,-64.495,0.0,0.0
ALA  77,82.594,0.0,0.0,-7.45,0.0,0.0,-69.529,0.0,0.0,-2.337,0.0,0.0,0.0,0.0,0.0,3.2779999999999947,0.0,0.0
ALA  78,99.152,0.0,0.0,-5.968,0.0,0.0,-86.048,0.0,0.0,0.448,0.0,0.0,0.0,0.0,0.0,7.583999999999996,0.0,0.0
GLU  79,114.713,0.0,0.0,-7.886,0.0,0.0,-70.779,0.0,0.0,-89.743,0.0,0.0,0.0,0.0,0.0,-53.69499999999999,0.0,0.0
TRP  80,117.633,0.0,0.0,-16.787,0.0,0.0,-90.514,0.0,0.0,0.073,0.0,0.0,0.0,0.0,0.0,10.405000000000008,0.0,0.0
ASP  81,101.942,0.0,0.0,-6.598,0.0,0.0,-70.162,0.0,0.0,-82.967,0.0,0.0,0.0,0.0,0.0,-57.78500000000001,0.0,0.0
ARG  82,-192.256,0.0,0.0,-6.73,0.0,0.0,-9.892,0.0,0.0,38.253,0.0,0.0,0.0,0.0,0.0,-170.625,0.0,0.0
LEU  83,64.691,0.0,0.0,-7.107,0.0,0.0,-69.257,0.0,0.0,-2.003,0.0,0.0,0.0,0.0,0.0,-13.676000000000002,0.0,0.0
HID  84,116.679,0.0,0.0,-6.854,0.0,0.0,-78.793,0.0,0.0,-5.018,0.0,0.0,0.0,0.0,0.0,26.013999999999996,0.0,0.0
PRO  85,90.959,0.0,0.0,-4.231,0.0,0.0,-63.453,0.0,0.0,-5.213,0.0,0.0,0.0,0.0,0.0,18.062000000000005,0.0,0.0
VAL  86,47.792,0.0,0.0,-3.165,0.0,0.0,-47.222,0.0,0.0,-6.257,0.0,0.0,0.0,0.0,0.0,-8.851999999999999,0.0,0.0
HID  87,90.9,0.0,0.0,-6.005,0.0,0.0,-60.695,0.0,0.0,-8.063,0.0,0.0,0.0,0.0,0.0,16.137000000000008,0.0,0.0
ALA  88,89.828,0.0,0.0,-1.965,0.0,0.0,-73.91,0.0,0.0,-6.23,0.0,0.0,0.0,0.0,0.0,7.7230000000000025,0.0,0.0
GLY  89,92.526,0.0,0.0,-1.596,0.0,0.0,-76.054,0.0,0.0,-5.965,0.0,0.0,0.0,0.0,0.0,8.91099999999999,0.0,0.0
PRO  90,88.29,0.0,0.0,-3.088,0.0,0.0,-58.014,0.0,0.0,-5.586,0.0,0.0,0.0,0.0,0.0,21.60200000000001,0.0,0.0
ILE  91,89.356,0.0,0.0,-5.141,0.0,0.0,-64.282,0.0,0.0,-4.134,0.0,0.0,0.0,0.0,0.0,15.798999999999992,0.0,0.0
ALA  92,91.482,0.0,0.0,-3.219,0.0,0.0,-66.238,0.0,0.0,-4.569,0.0,0.0,0.0,0.0,0.0,17.456000000000007,0.0,0.0
PRO  93,85.453,0.0,0.0,-2.799,0.0,0.0,-55.805,0.0,0.0,-6.94,0.0,0.0,0.0,0.0,0.0,19.908999999999995,0.0,0.0
GLY  94,71.222,0.0,0.0,-1.945,0.0,0.0,-64.671,0.0,0.0,-6.422,0.0,0.0,0.0,0.0,0.0,-1.8160000000000052,0.0,0.0
GLN  95,40.533,0.0,0.0,-6.761,0.0,0.0,-78.905,0.0,0.0,-5.792,0.0,0.0,0.0,0.0,0.0,-50.925000000000004,0.0,0.0
MET  96,107.442,0.0,0.0,-8.921,0.0,0.0,-74.559,0.0,0.0,-8.717,0.0,0.0,0.0,0.0,0.0,15.244999999999989,0.0,0.0
ARG  97,-195.039,0.0,0.0,-8.929,0.0,0.0,-15.548,0.0,0.0,35.686,0.0,0.0,0.0,0.0,0.0,-183.82999999999998,0.0,0.0
GLU  98,109.259,0.0,0.0,-6.333,0.0,0.0,-54.412,0.0,0.0,-104.101,0.0,0.0,0.0,0.0,0.0,-55.586999999999996,0.0,0.0
PRO  99,89.158,0.0,0.0,-9.247,0.0,0.0,-64.333,0.0,0.0,-0.703,0.0,0.0,0.0,0.0,0.0,14.875000000000004,0.0,0.0
ARG 100,-185.625,0.0,0.0,-11.099,0.0,0.0,-20.65,0.0,0.0,39.253,0.0,0.0,0.0,0.0,0.0,-178.12099999999998,0.0,0.0
GLY 101,81.378,0.0,0.0,-4.659,0.0,0.0,-81.815,0.0,0.0,-0.972,0.0,0.0,0.0,0.0,0.0,-6.068000000000003,0.0,0.0
SER 102,63.704,0.0,0.0,-6.637,0.0,0.0,-62.737,0.0,0.0,-2.19,0.0,0.0,0.0,0.0,0.0,-7.860000000000001,0.0,0.0
ASP 103,90.448,0.0,0.0,-9.269,0.0,0.0,-93.221,0.0,0.0,-41.349,0.0,0.0,0.0,0.0,0.0,-53.39100000000001,0.0,0.0
ILE 104,80.706,0.0,0.0,-12.997,0.0,0.0,-58.572,0.0,0.0,0.758,0.0,0.0,0.0,0.0,0.0,9.895,0.0,0.0
ALA 105,88.005,0.0,0.0,-6.288,0.0,0.0,-78.04,0.0,0.0,-1.408,0.0,0.0,0.0,0.0,0.0,2.2689999999999926,0.0,0.0
GLY 106,91.136,0.0,0.0,-5.351,0.0,0.0,-85.396,0.0,0.0,-2.248,0.0,0.0,0.0,0.0,0.0,-1.8590000000000044,0.0,0.0
THR 107,52.339,0.0,0.0,-5.05,0.0,0.0,-59.625,0.0,0.0,-4.483,0.0,0.0,0.0,0.0,0.0,-16.819,0.0,0.0
THR 108,36.881,0.0,0.0,-3.427,0.0,0.0,-50.224,0.0,0.0,-3.64,0.0,0.0,0.0,0.0,0.0,-20.409999999999997,0.0,0.0
SER 109,83.332,0.0,0.0,-8.263,0.0,0.0,-72.517,0.0,0.0,-1.238,0.0,0.0,0.0,0.0,0.0,1.3139999999999925,0.0,0.0
THR 110,44.298,0.0,0.0,-5.9,0.0,0.0,-43.178,0.0,0.0,-6.659,0.0,0.0,0.0,0.0,0.0,-11.438999999999993,0.0,0.0
LEU 111,64.228,0.0,0.0,-8.8,0.0,0.0,-59.433,0.0,0.0,-4.967,0.0,0.0,0.0,0.0,0.0,-8.972000000000001,0.0,0.0
GLN 112,35.711,0.0,0.0,-5.277,0.0,0.0,-69.248,0.0,0.0,-17.931,0.0,0.0,0.0,0.0,0.0,-56.745000000000005,0.0,0.0
GLU 113,105.128,0.0,0.0,-10.055,0.0,0.0,-86.251,0.0,0.0,-65.813,0.0,0.0,0.0,0.0,0.0,-56.991,0.0,0.0
GLN 114,39.552,0.0,0.0,-14.188,0.0,0.0,-83.199,0.0,0.0,0.559,0.0,0.0,0.0,0.0,0.0,-57.276,0.0,0.0
ILE 115,84.597,0.0,0.0,-6.453,0.0,0.0,-67.221,0.0,0.0,-1.596,0.0,0.0,0.0,0.0,0.0,9.326999999999988,0.0,0.0
GLY 116,80.821,0.0,0.0,-4.947,0.0,0.0,-77.485,0.0,0.0,-1.196,0.0,0.0,0.0,0.0,0.0,-2.807000000000004,0.0,0.0
TRP 117,120.617,0.0,0.0,-19.324,0.0,0.0,-90.548,0.0,0.0,-0.165,0.0,0.0,0.0,0.0,0.0,10.580000000000005,0.0,0.0
MET 118,94.974,0.0,0.0,-10.144,0.0,0.0,-81.7,0.0,0.0,-2.843,0.0,0.0,0.0,0.0,0.0,0.2869999999999955,0.0,0.0
THR 119,37.868,0.0,0.0,-5.588,0.0,0.0,-49.591,0.0,0.0,-5.073,0.0,0.0,0.0,0.0,0.0,-22.384,0.0,0.0
HID 120,89.101,0.0,0.0,-9.763,0.0,0.0,-61.448,0.0,0.0,-2.366,0.0,0.0,0.0,0.0,0.0,15.523999999999994,0.0,0.0
ASN 121,28.335,0.0,0.0,-4.168,0.0,0.0,-68.013,0.0,0.0,-14.31,0.0,0.0,0.0,0.0,0.0,-58.156000000000006,0.0,0.0
PRO 122,93.699,0.0,0.0,-4.502,0.0,0.0,-56.941,0.0,0.0,-4.574,0.0,0.0,0.0,0.0,0.0,27.682000000000002,0.0,0.0
PRO 123,79.532,0.0,0.0,-6.837,0.0,0.0,-55.754,0.0,0.0,-4.805,0.0,0.0,0.0,0.0,0.0,12.135999999999996,0.0,0.0
ILE 124,97.6,0.0,0.0,-6.348,0.0,0.0,-64.859,0.0,0.0,-0.833,0.0,0.0,0.0,0.0,0.0,25.560000000000002,0.0,0.0
PRO 125,92.064,0.0,0.0,-6.414,0.0,0.0,-65.913,0.0,0.0,-1.059,0.0,0.0,0.0,0.0,0.0,18.677999999999994,0.0,0.0
VAL 126,52.336,0.0,0.0,-10.113,0.0,0.0,-54.757,0.0,0.0,0.133,0.0,0.0,0.0,0.0,0.0,-12.401,0.0,0.0
GLY 127,75.458,0.0,0.0,-5.823,0.0,0.0,-74.66,0.0,0.0,0.149,0.0,0.0,0.0,0.0,0.0,-4.876000000000006,0.0,0.0
GLU 128,106.468,0.0,0.0,-7.767,0.0,0.0,-98.651,0.0,0.0,-54.601,0.0,0.0,0.0,0.0,0.0,-54.55099999999999,0.0,0.0
ILE 129,87.693,0.0,0.0,-8.242,0.0,0.0,-66.145,0.0,0.0,0.798,0.0,0.0,0.0,0.0,0.0,14.103999999999997,0.0,0.0
TYR 130,91.895,0.0,0.0,-13.717,0.0,0.0,-92.488,0.0,0.0,0.101,0.0,0.0,0.0,0.0,0.0,-14.209000000000001,0.0,0.0
LYS 131,144.33,0.0,0.0,-10.758,0.0,0.0,-171.004,0.0,0.0,34.349,0.0,0.0,0.0,0.0,0.0,-3.0829999999999913,0.0,0.0
ARG 132,-191.0,0.0,0.0,-10.544,0.0,0.0,32.725,0.0,0.0,-0.714,0.0,0.0,0.0,0.0,0.0,-169.53300000000002,0.0,0.0
TRP 133,127.155,0.0,0.0,-18.518,0.0,0.0,-93.737,0.0,0.0,-3.392,0.0,0.0,0.0,0.0,0.0,11.508000000000006,0.0,0.0
ILE 134,86.67,0.0,0.0,-10.464,0.0,0.0,-71.317,0.0,0.0,-0.517,0.0,0.0,0.0,0.0,0.0,4.37200000000001,0.0,0.0
ILE 135,78.984,0.0,0.0,-8.419,0.0,0.0,-62.668,0.0,0.0,-0.106,0.0,0.0,0.0,0.0,0.0,7.790999999999999,0.0,0.0
LEU 136,70.935,0.0,0.0,-8.86,0.0,0.0,-75.016,0.0,0.0,2.229,0.0,0.0,0.0,0.0,0.0,-10.712000000000003,0.0,0.0
GLY 137,80.579,0.0,0.0,-7.008,0.0,0.0,-77.155,0.0,0.0,0.449,0.0,0.0,0.0,0.0,0.0,-3.1350000000000033,0.0,0.0
LEU 138,65.016,0.0,0.0,-10.232,0.0,0.0,-66.365,0.0,0.0,-1.086,0.0,0.0,0.0,0.0,0.0,-12.66699999999999,0.0,0.0
ASN 139,47.28,0.0,0.0,-8.427,0.0,0.0,-99.524,0.0,0.0,-6.861,0.0,0.0,0.0,0.0,0.0,-67.532,0.0,0.0
LYS 140,135.851,0.0,0.0,-7.882,0.0,0.0,-182.338,0.0,0.0,42.681,0.0,0.0,0.0,0.0,0.0,-11.688000000000002,0.0,0.0
ILE 141,92.972,0.0,0.0,-10.384,0.0,0.0,-76.053,0.0,0.0,-1.969,0.0,0.0,0.0,0.0,0.0,4.565999999999996,0.0,0.0
VAL 142,58.931,0.0,0.0,-9.554,0.0,0.0,-52.716,0.0,0.0,-6.694,0.0,0.0,0.0,0.0,0.0,-10.033000000000005,1.1920928955078125e-07,1.1920928955078125e-07
ARG 143,-195.615,0.0,0.0,-8.449,0.0,0.0,45.319,0.0,0.0,-5.124,0.0,0.0,0.0,0.0,0.0,-163.869,0.0,0.0
MET 144,86.936,0.0,0.0,-6.029,0.0,0.0,-74.58,0.0,0.0,-6.355,0.0,0.0,0.0,0.0,0.0,-0.027999999999988034,0.0,0.0
TYR 145,100.302,0.0,0.0,-8.592,0.0,0.0,-87.007,0.0,0.0,-8.053,0.0,0.0,0.0,0.0,0.0,-3.349999999999998,0.0,0.0
SER 146,85.599,0.0,0.0,-3.268,0.0,0.0,-56.252,0.0,0.0,-13.641,0.0,0.0,0.0,0.0,0.0,12.438,0.0,0.0
PRO 147,88.478,0.0,0.0,-3.228,0.0,0.0,-60.354,0.0,0.0,-7.909,0.0,0.0,0.0,0.0,0.0,16.987000000000002,0.0,0.0
THR 148,30.573,0.0,0.0,-5.639,0.0,0.0,-33.93,0.0,0.0,-10.458,0.0,0.0,0.0,0.0,0.0,-19.454,0.0,0.0
SER 149,62.791,0.0,0.0,-4.886,0.0,0.0,-50.003,0.0,0.0,-6.343,0.0,0.0,0.0,0.0,0.0,1.558999999999994,0.0,0.0
ILE 150,78.994,0.0,0.0,-9.775,0.0,0.0,-61.11,0.0,0.0,1.005,0.0,0.0,0.0,0.0,0.0,9.113999999999994,0.0,0.0
LEU 151,59.07,0.0,0.0,-6.107,0.0,0.0,-70.465,0.0,0.0,1.454,0.0,0.0,0.0,0.0,0.0,-16.048000000000002,0.0,0.0
ASP 152,95.301,0.0,0.0,-4.639,0.0,0.0,-61.423,0.0,0.0,-95.322,0.0,0.0,0.0,0.0,0.0,-66.083,0.0,0.0
ILE 153,93.122,0.0,0.0,-7.367,0.0,0.0,-73.863,0.0,0.0,-0.065,0.0,0.0,0.0,0.0,0.0,11.826999999999996,0.0,0.0
ARG 154,-189.689,0.0,0.0,-7.872,0.0,0.0,31.857,0.0,0.0,0.48,0.0,0.0,0.0,0.0,0.0,-165.224,0.0,0.0
GLN 155,29.569,0.0,0.0,-13.23,0.0,0.0,-83.461,0.0,0.0,-1.177,0.0,0.0,0.0,0.0,0.0,-68.299,0.0,0.0
GLY 156,88.739,0.0,0.0,-2.693,0.0,0.0,-73.837,0.0,0.0,-3.531,0.0,0.0,0.0,0.0,0.0,8.678000000000003,0.0,0.0
PRO 157,88.496,0.0,0.0,-2.76,0.0,0.0,-54.472,0.0,0.0,-6.303,0.0,0.0,0.0,0.0,0.0,24.960999999999988,0.0,0.0
LYS 158,121.751,0.0,0.0,-5.0,0.0,0.0,-106.719,0.0,0.0,-15.203,0.0,0.0,0.0,0.0,0.0,-5.170999999999989,0.0,0.0
GLU 159,112.666,0.0,0.0,-8.255,0.0,0.0,-101.483,0.0,0.0,-55.823,0.0,0.0,0.0,0.0,0.0,-52.895,0.0,0.0
PRO 160,78.942,0.0,0.0,-6.757,0.0,0.0,-57.977,0.0,0.0,-1.362,0.0,0.0,0.0,0.0,0.0,12.845999999999991,0.0,0.0
PHE 161,106.256,0.0,0.0,-15.476,0.0,0.0,-72.929,0.0,0.0,-0.665,0.0,0.0,0.0,0.0,0.0,17.186,0.0,0.0
ARG 162,-198.096,0.0,0.0,-9.097,0.0,0.0,-8.905,0.0,0.0,38.426,0.0,0.0,0.0,0.0,0.0,-177.67200000000003,0.0,0.0
ASP 163,96.531,0.0,0.0,-7.344,0.0,0.0,-58.335,0.0,0.0,-98.376,0.0,0.0,0.0,0.0,0.0,-67.524,0.0,0.0
TYR 164,97.192,0.0,0.0,-19.611,0.0,0.0,-94.677,0.0,0.0,-0.057,0.0,0.0,0.0,0.0,0.0,-17.153000000000016,0.0,0.0
VAL 165,51.122,0.0,0.0,-10.47,0.0,0.0,-54.639,0.0,0.0,1.81,0.0,0.0,0.0,0.0,0.0,-12.177000000000001,0.0,0.0
ASP 166,116.305,0.0,0.0,-7.371,0.0,0.0,-111.675,0.0,0.0,-56.645,0.0,0.0,0.0,0.0,0.0,-59.38599999999999,0.0,0.0
ARG 167,-195.412,0.0,0.0,-8.146,0.0,0.0,-11.543,0.0,0.0,35.133,0.0,0.0,0.0,0.0,0.0,-179.968,0.0,0.0
PHE 168,89.551,0.0,0.0,-16.685,0.0,0.0,-78.653,0.0,0.0,0.113,0.0,0.0,0.0,0.0,0.0,-5.674000000000006,0.0,0.0
TYR 169,99.784,0.0,0.0,-13.966,0.0,0.0,-91.987,0.0,0.0,0.558,0.0,0.0,0.0,0.0,0.0,-5.610999999999983,0.0,0.0
LYS 170,135.961,0.0,0.0,-9.769,0.0,0.0,-167.368,0.0,0.0,27.228,0.0,0.0,0.0,0.0,0.0,-13.947999999999986,0.0,0.0
THR 171,47.988,0.0,0.0,-9.248,0.0,0.0,-53.415,0.0,0.0,-3.162,0.0,0.0,0.0,0.0,0.0,-17.836999999999996,0.0,0.0
LEU 172,70.458,0.0,0.0,-12.508,0.0,0.0,-68.75,0.0,0.0,-0.096,0.0,0.0,0.0,0.0,0.0,-10.895999999999997,0.0,0.0
ARG 173,-192.023,0.0,0.0,-9.74,0.0,0.0,41.279,0.0,0.0,-7.564,0.0,0.0,0.0,0.0,0.0,-168.048,0.0,0.0
ALA 174,89.09,0.0,0.0,-7.09,0.0,0.0,-81.203,0.0,0.0,-1.073,0.0,0.0,0.0,0.0,0.0,-0.2760000000000029,0.0,0.0
GLU 175,103.317,0.0,0.0,-7.756,0.0,0.0,-64.133,0.0,0.0,-88.85,0.0,0.0,0.0,0.0,0.0,-57.422,0.0,0.0
GLN 176,30.885,0.0,0.0,-4.726,0.0,0.0,-65.604,0.0,0.0,-13.548,0.0,0.0,0.0,0.0,0.0,-52.992999999999995,0.0,0.0
ALA 177,101.012,0.0,0.0,-5.265,0.0,0.0,-89.376,0.0,0.0,1.575,0.0,0.0,0.0,0.0,0.0,7.945999999999995,0.0,0.0
SER 178,79.754,0.0,0.0,-3.68,0.0,0.0,-75.229,0.0,0.0,-0.956,0.0,0.0,0.0,0.0,0.0,-0.1110000000000011,0.0,0.0
GLN 179,29.924,0.0,0.0,-6.287,0.0,0.0,-74.266,0.0,0.0,-6.441,0.0,0.0,0.0,0.0,0.0,-57.07000000000001,0.0,0.0
GLU 180,111.896,0.0,0.0,-3.681,0.0,0.0,-102.722,0.0,0.0,-63.145,0.0,0.0,0.0,0.0,0.0,-57.651999999999994,0.0,0.0
VAL 181,66.563,0.0,0.0,-6.565,0.0,0.0,-60.39,0.0,0.0,-1.422,0.0,0.0,0.0,0.0,0.0,-1.8139999999999958,0.0,0.0
LYS 182,112.109,0.0,0.0,-8.387,0.0,0.0,-95.544,0.0,0.0,-16.195,0.0,0.0,0.0,0.0,0.0,-8.017000000000003,0.0,0.0
ASN 183,27.813,0.0,0.0,-6.822,0.0,0.0,-82.932,0.0,0.0,-10.468,0.0,0.0,0.0,0.0,0.0,-72.409,0.0,0.0
TRP 184,124.808,0.0,0.0,-10.857,0.0,0.0,-93.17,0.0,0.0,-4.144,0.0,0.0,0.0,0.0,0.0,16.637000000000008,0.0,0.0
MET 185,97.343,0.0,0.0,-10.22,0.0,0.0,-84.831,0.0,0.0,-0.886,0.0,0.0,0.0,0.0,0.0,1.4060000000000015,0.0,0.0
THR 186,42.773,0.0,0.0,-5.565,0.0,0.0,-56.536,0.0,0.0,0.015,0.0,0.0,0.0,0.0,0.0,-19.312999999999995,0.0,0.0
GLU 187,105.154,0.0,0.0,-6.435,0.0,0.0,-62.496,0.0,0.0,-94.961,0.0,0.0,0.0,0.0,0.0,-58.73800000000001,0.0,0.0
THR 188,43.754,0.0,0.0,-6.202,0.0,0.0,-55.07,0.0,0.0,-0.489,0.0,0.0,0.0,0.0,0.0,-18.007,0.0,0.0
LEU 189,68.244,0.0,0.0,-9.919,0.0,0.0,-68.815,0.0,0.0,1.051,0.0,0.0,0.0,0.0,0.0,-9.438999999999995,0.0,0.0
LEU 190,81.127,0.0,0.0,-10.607,0.0,0.0,-90.167,0.0,0.0,0.442,0.0,0.0,0.0,0.0,0.0,-19.205000000000005,0.0,0.0
VAL 191,56.743,0.0,0.0,-8.552,0.0,0.0,-60.098,0.0,0.0,0.092,0.0,0.0,0.0,0.0,0.0,-11.814999999999996,0.0,0.0
GLN 192,25.287,0.0,0.0,-8.411,0.0,0.0,-68.994,0.0,0.0,-3.53,0.0,0.0,0.0,0.0,0.0,-55.648,0.0,0.0
ASN 193,20.306,0.0,0.0,-9.214,0.0,0.0,-86.776,0.0,0.0,1.052,0.0,0.0,0.0,0.0,0.0,-74.63199999999999,0.0,0.0
ALA 194,88.982,0.0,0.0,-7.73,0.0,0.0,-80.975,0.0,0.0,1.881,0.0,0.0,0.0,0.0,0.0,2.1580000000000013,0.0,0.0
ASN 195,35.409,0.0,0.0,-8.586,0.0,0.0,-81.341,0.0,0.0,-4.84,0.0,0.0,0.0,0.0,0.0,-59.35799999999999,0.0,0.0
PRO 196,78.908,0.0,0.0,-5.488,0.0,0.0,-60.283,0.0,0.0,-0.326,0.0,0.0,0.0,0.0,0.0,12.811,0.0,0.0
ASP 197,84.01,0.0,0.0,-3.96,0.0,0.0,-60.856,0.0,0.0,-82.401,0.0,0.0,0.0,0.0,0.0,-63.20699999999999,0.0,0.0
CYX 198,98.737,0.0,0.0,-6.351,0.0,0.0,-78.658,0.0,0.0,-2.156,0.0,0.0,0.0,0.0,0.0,11.571999999999994,0.0,0.0
LYS 199,142.354,0.0,0.0,-8.91,0.0,0.0,-130.627,0.0,0.0,-4.089,0.0,0.0,0.0,0.0,0.0,-1.2719999999999931,0.0,0.0
THR 200,50.48,0.0,0.0,-5.109,0.0,0.0,-61.441,0.0,0.0,-1.645,0.0,0.0,0.0,0.0,0.0,-17.715000000000007,0.0,0.0
ILE 201,80.465,0.0,0.0,-6.946,0.0,0.0,-59.835,0.0,0.0,-0.458,0.0,0.0,0.0,0.0,0.0,13.226000000000004,0.0,0.0
LEU 202,72.228,0.0,0.0,-10.848,0.0,0.0,-70.791,0.0,0.0,-3.572,0.0,0.0,0.0,0.0,0.0,-12.983,0.0,0.0
LYS 203,118.31,0.0,0.0,-5.282,0.0,0.0,-98.556,0.0,0.0,-18.225,0.0,0.0,0.0,0.0,0.0,-3.752999999999993,0.0,0.0
ALA 204,85.164,0.0,0.0,-2.534,0.0,0.0,-74.387,0.0,0.0,-3.637,0.0,0.0,0.0,0.0,0.0,4.6059999999999945,0.0,0.0
LEU 205,68.883,0.0,0.0,-5.915,0.0,0.0,-73.397,0.0,0.0,-3.617,0.0,0.0,0.0,0.0,0.0,-14.04600000000001,0.0,0.0
GLY 206,91.485,0.0,0.0,-2.06,0.0,0.0,-73.63,0.0,0.0,-5.287,0.0,0.0,0.0,0.0,0.0,10.508000000000003,0.0,0.0
PRO 207,80.647,0.0,0.0,-2.332,0.0,0.0,-53.644,0.0,0.0,-6.682,0.0,0.0,0.0,0.0,0.0,17.98900000000001,0.0,0.0
GLY 208,64.546,0.0,0.0,-1.665,0.0,0.0,-62.245,0.0,0.0,-5.004,0.0,0.0,0.0,0.0,0.0,-4.36799999999999,0.0,0.0
ALA 209,97.706,0.0,0.0,-3.849,0.0,0.0,-83.815,0.0,0.0,-4.271,0.0,0.0,0.0,0.0,0.0,5.771000000000002,0.0,0.0
THR 210,49.074,0.0,0.0,-4.978,0.0,0.0,-44.011,0.0,0.0,-10.501,0.0,0.0,0.0,0.0,0.0,-10.416000000000006,0.0,0.0
LEU 211,62.392,0.0,0.0,-8.877,0.0,0.0,-66.307,0.0,0.0,-4.011,0.0,0.0,0.0,0.0,0.0,-16.803,0.0,0.0
GLU 212,104.779,0.0,0.0,-4.297,0.0,0.0,-94.132,0.0,0.0,-68.586,0.0,0.0,0.0,0.0,0.0,-62.236000000000004,0.0,0.0
GLU 213,109.505,0.0,0.0,-7.176,0.0,0.0,-55.058,0.0,0.0,-106.557,0.0,0.0,0.0,0.0,0.0,-59.28600000000001,0.0,0.0
MET 214,95.747,0.0,0.0,-11.949,0.0,0.0,-75.559,0.0,0.0,-0.585,0.0,0.0,0.0,0.0,0.0,7.654000000000004,0.0,0.0
MET 215,103.806,0.0,0.0,-12.237,0.0,0.0,-83.976,0.0,0.0,-0.66,0.0,0.0,0.0,0.0,0.0,6.933000000000003,0.0,0.0
THR 216,36.784,0.0,0.0,-3.729,0.0,0.0,-53.651,0.0,0.0,-1.102,0.0,0.0,0.0,0.0,0.0,-21.698000000000004,0.0,0.0
ALA 217,78.21,0.0,0.0,-5.416,0.0,0.0,-64.681,0.0,0.0,-1.415,0.0,0.0,0.0,0.0,0.0,6.6979999999999995,0.0,0.0
CYX 218,95.772,0.0,0.0,-7.412,0.0,0.0,-76.846,0.0,0.0,-2.431,0.0,0.0,0.0,0.0,0.0,9.082999999999995,0.0,0.0
GLN 219,43.048,0.0,0.0,-5.606,0.0,0.0,-74.969,0.0,0.0,-11.135,0.0,0.0,0.0,0.0,0.0,-48.66199999999999,0.0,0.0
GLY 220,96.788,0.0,0.0,-3.515,0.0,0.0,-85.751,0.0,0.0,-4.626,0.0,0.0,0.0,0.0,0.0,2.895999999999991,0.0,0.0
VAL 221,27.417,0.0,0.0,-2.648,0.0,0.0,-25.184,0.0,0.0,-101.198,0.0,0.0,0.0,0.0,0.0,-101.613,0.0,0.0

Receptor:
Total Energy Decomposition:
Residue,Internal,,,van der Waals,,,Electrostatic,,,Polar Solvation,,,Non-Polar Solv.,,,TOTAL,,
,Avg.,Std. Dev.,Std. Err. of Mean,Avg.,Std. Dev.,Std. Err. of Mean,Avg.,Std. Dev.,Std. Err. of Mean,Avg.,Std. Dev.,Std. Err. of Mean,Avg.,Std. Dev.,Std. Err. of Mean,Avg.,Std. Dev.,Std. Err. of Mean
PRO   1,103.888,0.0,0.0,-8.76,0.0,0.0,-100.799,0.0,0.0,6.161,0.0,0.0,0.0,0.0,0.0,0.4899999999999931,0.0,0.0
ILE   2,95.16,0.0,0.0,-7.715,0.0,0.0,-68.491,0.0,0.0,-1.849,0.0,0.0,0.0,0.0,0.0,17.104999999999993,0.0,0.0
VAL   3,58.149,0.0,0.0,-6.672,0.0,0.0,-52.596,0.0,0.0,-5.529,0.0,0.0,0.0,0.0,0.0,-6.647999999999993,0.0,0.0
GLN   4,22.265,0.0,0.0,-3.346,0.0,0.0,-57.397,0.0,0.0,-13.454,0.0,0.0,0.0,0.0,0.0,-51.931999999999995,0.0,0.0
ASN   5,38.991,0.0,0.0,-5.331,0.0,0.0,-87.156,0.0,0.0,-11.886,0.0,0.0,0.0,0.0,0.0,-65.382,0.0,0.0
LEU   6,76.28,0.0,0.0,-3.113,0.0,0.0,-68.892,0.0,0.0,-8.399,0.0,0.0,0.0,0.0,0.0,-4.1239999999999934,0.0,0.0
GLN   7,29.769,0.0,0.0,-3.552,0.0,0.0,-66.797,0.0,0.0,-17.794,0.0,0.0,0.0,0.0,0.0,-58.373999999999995,0.0,0.0
GLY   8,77.062,0.0,0.0,-1.389,0.0,0.0,-73.492,0.0,0.0,-5.205,0.0,0.0,0.0,0.0,0.0,-3.0240000000000027,0.0,0.0
GLN   9,38.903,0.0,0.0,-5.864,0.0,0.0,-71.68,0.0,0.0,-12.917,0.0,0.0,0.0,0.0,0.0,-51.55800000000001,0.0,0.0
MET  10,104.474,0.0,0.0,-8.618,0.0,0.0,-77.437,0.0,0.0,-4.761,0.0,0.0,0.0,0.0,0.0,13.658000000000012,0.0,0.0
VAL  11,57.407,0.0,0.0,-6.13,0.0,0.0,-51.62,0.0,0.0,-2.332,0.0,0.0,0.0,0.0,0.0,-2.6750000000000034,0.0,0.0
HID  12,96.317,0.0,0.0,-12.121,0.0,0.0,-63.562,0.0,0.0,-4.072,0.0,0.0,0.0,0.0,0.0,16.562,0.0,0.0
GLN  13,39.373,0.0,0.0,-5.093,0.0,0.0,-72.238,0.0,0.0,-14.424,0.0,0.0,0.0,0.0,0.0,-52.382,0.0,0.0
ALA  14,91.57,0.0,0.0,-4.44,0.0,0.0,-81.921,0.0,0.0,-0.697,0.0,0.0,0.0,0.0,0.0,4.511999999999989,0.0,0.0
ILE  15,98.016,0.0,0.0,-9.252,0.0,0.0,-75.989,0.0,0.0,-2.274,0.0,0.0,0.0,0.0,0.0,10.501000000000005,0.0,0.0
SER  16,83.117,0.0,0.0,-5.475,0.0,0.0,-60.418,0.0,0.0,-9.652,0.0,0.0,0.0,0.0,0.0,7.572000000000012,0.0,0.0
PRO  17,89.623,0.0,0.0,-3.228,0.0,0.0,-60.01,0.0,0.0,-3.431,0.0,0.0,0.0,0.0,0.0,22.95400000000001,0.0,0.0
ARG  18,-175.709,0.0,0.0,-6.28,0.0,0.0,71.091,0.0,0.0,-48.533,0.0,0.0,0.0,0.0,0.0,-159.431,0.0,0.0
THR  19,46.073,0.0,0.0,-9.104,0.0,0.0,-57.042,0.0,0.0,-3.262,0.0,0.0,0.0,0.0,0.0,-23.335,0.0,0.0
LEU  20,55.518,0.0,0.0,-9.892,0.0,0.0,-60.214,0.0,0.0,-2.017,0.0,0.0,0.0,0.0,0.0,-16.604999999999993,0.0,0.0
ASN  21,16.215,0.0,0.0,-6.549,0.0,0.0,-66.153,0.0,0.0,-15.411,0.0,0.0,0.0,0.0,0.0,-71.89800000000001,0.0,0.0
ALA  22,93.928,0.0,0.0,-6.181,0.0,0.0,-79.56,0.0,0.0,-1.863,0.0,0.0,0.0,0.0,0.0,6.323999999999998,0.0,0.0
TRP  23,131.221,0.0,0.0,-19.748,0.0,0.0,-97.557,0.0,0.0,-1.096,0.0,0.0,0.0,0.0,0.0,12.819999999999997,0.0,0.0
VAL  24,66.041,0.0,0.0,-3.731,0.0,0.0,-57.826,0.0,0.0,-3.056,0.0,0.0,0.0,0.0,0.0,1.4279999999999946,0.0,0.0
LYS  25,137.038,0.0,0.0,-8.022,0.0,0.0,-125.248,0.0,0.0,-8.392,0.0,0.0,0.0,0.0,0.0,-4.623999999999985,0.0,0.0
VAL  26,62.987,0.0,0.0,-9.45,0.0,0.0,-66.056,0.0,0.0,-1.045,0.0,0.0,0.0,0.0,0.0,-13.563999999999991,0.0,0.0
VAL  27,46.56,0.0,0.0,-8.743,0.0,0.0,-45.674,0.0,0.0,-1.168,0.0,0.0,0.0,0.0,0.0,-9.024999999999999,0.0,0.0
GLU  28,95.834,0.0,0.0,-5.949,0.0,0.0,-63.323,0.0,0.0,-82.567,0.0,0.0,0.0,0.0,0.0,-56.00499999999999,0.0,0.0
GLU  29,106.293,0.0,0.0,-5.539,0.0,0.0,-97.884,0.0,0.0,-54.796,0.0,0.0,0.0,0.0,0.0,-51.925999999999995,0.0,0.0
LYS  30,119.934,0.0,0.0,-7.791,0.0,0.0,-102.35,0.0,0.0,-12.271,0.0,0.0,0.0,0.0,0.0,-2.4779999999999944,0.0,0.0
ALA  31,85.238,0.0,0.0,-3.762,0.0,0.0,-74.125,0.0,0.0,-2.282,0.0,0.0,0.0,0.0,0.0,5.068999999999999,0.0,0.0
PHE  32,108.892,0.0,0.0,-11.346,0.0,0.0,-78.93,0.0,0.0,-2.882,0.0,0.0,0.0,0.0,0.0,15.733999999999986,0.0,0.0
SER  33,87.866,0.0,0.0,-4.694,0.0,0.0,-68.408,0.0,0.0,-2.173,0.0,0.0,0.0,0.0,0.0,12.590999999999996,0.0,0.0
PRO  34,76.684,0.0,0.0,-5.676,0.0,0.0,-57.163,0.0,0.0,-0.59,0.0,0.0,0.0,0.0,0.0,13.254999999999999,0.0,0.0
GLU  35,105.236,0.0,0.0,-7.457,0.0,0.0,-95.983,0.0,0.0,-63.369,0.0,0.0,0.0,0.0,0.0,-61.57299999999999,0.0,0.0
VAL  36,54.966,0.0,0.0,-9.975,0.0,0.0,-60.204,0.0,0.0,0.339,0.0,0.0,0.0,0.0,0.0,-14.874,0.0,0.0
ILE  37,92.259,0.0,0.0,-9.045,0.0,0.0,-64.876,0.0,0.0,-0.603,0.0,0.0,0.0,0.0,0.0,17.734999999999992,0.0,0.0
PRO  38,81.813,0.0,0.0,-6.132,0.0,0.0,-60.484,0.0,0.0,-1.578,0.0,0.0,0.0,0.0,0.0,13.618999999999996,0.0,0.0
MET  39,91.488,0.0,0.0,-8.476,0.0,0.0,-74.279,0.0,0.0,-1.141,0.0,0.0,0.0,0.0,0.0,7.592000000000004,0.0,0.0
PHE  40,102.534,0.0,0.0,-12.566,0.0,0.0,-86.868,0.0,0.0,-0.791,0.0,0.0,0.0,0.0,0.0,2.3090000000000086,0.0,0.0
SER  41,77.383,0.0,0.0,-5.938,0.0,0.0,-67.039,0.0,0.0,-4.909,0.0,0.0,0.0,0.0,0.0,-0.5030000000000081,0.0,0.0
ALA  42,82.898,0.0,0.0,-4.724,0.0,0.0,-64.319,0.0,0.0,-4.103,0.0,0.0,0.0,0.0,0.0,9.75199999999999,0.0,0.0
LEU  43,71.934,0.0,0.0,-9.974,0.0,0.0,-74.796,0.0,0.0,-1.092,0.0,0.0,0.0,0.0,0.0,-13.928000000000013,0.0,0.0
SER  44,73.301,0.0,0.0,-6.573,0.0,0.0,-71.906,0.0,0.0,-0.774,0.0,0.0,0.0,0.0,0.0,-5.951999999999997,0.0,0.0
GLU  45,98.464,0.0,0.0,-5.539,0.0,0.0,-78.586,0.0,0.0,-76.349,0.0,0.0,0.0,0.0,0.0,-62.010000000000005,0.0,0.0
GLY  46,66.945,0.0,0.0,-4.195,0.0,0.0,-69.546,0.0,0.0,0.311,0.0,0.0,0.0,0.0,0.0,-6.485000000000014,0.0,0.0
ALA  47,98.849,0.0,0.0,-6.511,0.0,0.0,-85.363,0.0,0.0,-2.4,0.0,0.0,0.0,0.0,0.0,4.575000000000008,0.0,0.0
THR  48,63.851,0.0,0.0,-8.099,0.0,0.0,-65.105,0.0,0.0,0.175,0.0,0.0,0.0,0.0,0.0,-9.178000000000008,0.0,0.0
PRO  49,79.599,0.0,0.0,-10.923,0.0,0.0,-56.012,0.0,0.0,0.175,0.0,0.0,0.0,0.0,0.0,12.839000000000002,0.0,0.0
GLN  50,33.838,0.0,0.0,-10.342,0.0,0.0,-71.317,0.0,0.0,-7.999,0.0,0.0,0.0,0.0,0.0,-55.81999999999999,0.0,0.0
ASP  51,89.895,0.0,0.0,-9.013,0.0,0.0,-131.93,0.0,0.0,-10.416,0.0,0.0,0.0,0.0,0.0,-61.46400000000001,0.0,0.0
LEU  52,68.125,0.0,0.0,-12.053,0.0,0.0,-70.665,0.0,0.0,0.491,0.0,0.0,0.0,0.0,0.0,-14.102000000000004,0.0,0.0
ASN  53,40.868,0.0,0.0,-7.718,0.0,0.0,-99.878,0.0,0.0,-4.079,0.0,0.0,0.0,0.0,0.0,-70.80699999999999,0.0,0.0
THR  54,59.015,0.0,0.0,-7.271,0.0,0.0,-66.368,0.0,0.0,-1.261,0.0,0.0,0.0,0.0,0.0,-15.884999999999994,0.0,0.0
MET  55,86.205,0.0,0.0,-14.392,0.0,0.0,-68.826,0.0,0.0,-0.233,0.0,0.0,0.0,0.0,0.0,2.754000000000009,0.0,0.0
LEU  56,68.015,0.0,0.0,-8.232,0.0,0.0,-72.764,0.0,0.0,0.286,0.0,0.0,0.0,0.0,0.0,-12.694999999999995,0.0,0.0
ASN  57,32.715,0.0,0.0,-6.894,0.0,0.0,-88.027,0.0,0.0,-9.366,0.0,0.0,0.0,0.0,0.0,-71.572,0.0,0.0
THR  58,57.626,0.0,0.0,-6.371,0.0,0.0,-65.339,0.0,0.0,-3.298,0.0,0.0,0.0,0.0,0.0,-17.382000000000005,0.0,0.0
VAL  59,39.134,0.0,0.0,-8.976,0.0,0.0,-40.803,0.0,0.0,-1.367,0.0,0.0,0.0,0.0,0.0,-12.011999999999997,0.0,0.0
ALA  60,85.205,0.0,0.0,-3.676,0.0,0.0,-63.518,0.0,0.0,-2.569,0.0,0.0,0.0,0.0,0.0,15.441999999999997,0.0,0.0
PRO  61,78.89,0.0,0.0,-3.571,0.0,0.0,-53.06,0.0,0.0,-5.704,0.0,0.0,0.0,0.0,0.0,16.555,0.0,0.0
HID  62,93.599,0.0,0.0,-9.968,0.0,0.0,-74.543,0.0,0.0,2.073,0.0,0.0,0.0,0.0,0.0,11.160999999999994,0.0,0.0
GLN  63,29.838,0.0,0.0,-3.587,0.0,0.0,-63.852,0.0,0.0,-10.702,0.0,0.0,0.0,0.0,0.0,-48.303,0.0,0.0
ALA  64,84.493,0.0,0.0,-3.28,0.0,0.0,-70.752,0.0,0.0,-1.921,0.0,0.0,0.0,0.0,0.0,8.54,0.0,0.0
ALA  65,86.354,0.0,0.0,-5.966,0.0,0.0,-76.673,0.0,0.0,0.508,0.0,0.0,0.0,0.0,0.0,4.223000000000003,0.0,0.0
ALA  66,92.77,0.0,0.0,-6.289,0.0,0.0,-78.926,0.0,0.0,-1.139,0.0,0.0,0.0,0.0,0.0,6.415999999999992,0.0,0.0
GLN  67,38.013,4.76837158203125e-07,4.76837158203125e-07,-6.145,0.0,0.0,-75.447,0.0,0.0,-7.009,0.0,0.0,0.0,0.0,0.0,-50.58800000000001,0.0,0.0
MET  68,91.428,0.0,0.0,-9.133,0.0,0.0,-73.726,0.0,0.0,-2.365,0.0,0.0,0.0,0.0,0.0,6.204000000000002,0.0,0.0
LEU  69,80.151,0.0,0.0,-11.625,0.0,0.0,-73.831,0.0,0.0,-2.591,0.0,0.0,0.0,0.0,0.0,-7.896000000000007,0.0,0.0
LYS  70,127.454,0.0,0.0,-7.373,0.0,0.0,-105.528,0.0,0.0,-21.84,0.0,0.0,0.0,0.0,0.0,-7.287000000000017,0.0,0.0
GLU  71,106.521,0.0,0.0,-6.3,0.0,0.0,-83.5,0.0,0.0,-79.045,0.0,0.0,0.0,0.0,0.0,-62.324,0.0,0.0
THR  72,53.765,0.0,0.0,-7.959,0.0,0.0,-59.4,0.0,0.0,-4.624,0.0,0.0,0.0,0.0,0.0,-18.218,0.0,0.0
ILE  73,71.8,0.0,0.0,-11.36,0.0,0.0,-50.461,0.0,0.0,-2.52,0.0,0.0,0.0,0.0,0.0,7.459,0.0,0.0
ASN  74,18.306,0.0,0.0,-6.608,0.0,0.0,-71.338,0.0,0.0,-13.67,0.0,0.0,0.0,0.0,0.0,-73.30999999999999,0.0,0.0
GLU  75,113.798,0.0,0.0,-7.361,0.0,0.0,-46.95,0.0,0.0,-115.185,0.0,0.0,0.0,0.0,0.0,-55.69800000000001,0.0,0.0
GLU  76,93.021,0.0,0.0,-11.804,0.0,0.0,-40.589,0.0,0.0,-105.151,0.0,0.0,0.0,0.0,0.0,-64.523,0.0,0.0
ALA  77,82.594,0.0,0.0,-7.45,0.0,0.0,-69.45,0.0,0.0,-2.416,0.0,0.0,0.0,0.0,0.0,3.2779999999999885,0.0,0.0
ALA  78,99.152,0.0,0.0,-5.968,0.0,0.0,-85.969,0.0,0.0,0.369,0.0,0.0,0.0,0.0,0.0,7.584000000000003,0.0,0.0
GLU  79,114.713,0.0,0.0,-7.885,0.0,0.0,-76.985,0.0,0.0,-83.573,0.0,0.0,0.0,0.0,0.0,-53.730000000000004,0.0,0.0
TRP  80,117.633,0.0,0.0,-16.786,0.0,0.0,-90.468,0.0,0.0,0.026,0.0,0.0,0.0,0.0,0.0,10.40499999999999,0.0,0.0
ASP  81,101.942,0.0,0.0,-6.598,0.0,0.0,-75.808,0.0,0.0,-77.342,0.0,0.0,0.0,0.0,0.0,-57.80600000000001,0.0,0.0
ARG  82,-192.256,0.0,0.0,-6.73,0.0,0.0,-3.886,0.0,0.0,32.284,0.0,0.0,0.0,0.0,0.0,-170.588,0.0,0.0
LEU  83,64.691,0.0,0.0,-7.106,0.0,0.0,-69.191,0.0,0.0,-2.07,0.0,0.0,0.0,0.0,0.0,-13.676000000000002,0.0,0.0
HID  84,116.679,0.0,0.0,-6.853,0.0,0.0,-78.772,0.0,0.0,-5.041,0.0,0.0,0.0,0.0,0.0,26.013,0.0,0.0
PRO  85,90.959,0.0,0.0,-4.23,0.0,0.0,-63.482,0.0,0.0,-5.185,0.0,0.0,0.0,0.0,0.0,18.062,0.0,0.0
VAL  86,47.792,0.0,0.0,-3.165,0.0,0.0,-47.199,0.0,0.0,-6.28,0.0,0.0,0.0,0.0,0.0,-8.851999999999997,0.0,0.0
HID  87,90.9,0.0,0.0,-6.005,0.0,0.0,-60.698,0.0,0.0,-8.059,0.0,0.0,0.0,0.0,0.0,16.138000000000012,0.0,0.0
ALA  88,89.828,0.0,0.0,-1.965,0.0,0.0,-73.898,0.0,0.0,-6.241,0.0,0.0,0.0,0.0,0.0,7.724000000000004,0.0,0.0
GLY  89,92.526,0.0,0.0,-1.596,0.0,0.0,-76.095,0.0,0.0,-5.924,0.0,0.0,0.0,0.0,0.0,8.910999999999994,0.0,0.0
PRO  90,88.29,0.0,0.0,-3.088,0.0,0.0,-57.999,0.0,0.0,-5.6,0.0,0.0,0.0,0.0,0.0,21.60300000000001,0.0,0.0
ILE  91,89.356,0.0,0.0,-5.141,0.0,0.0,-64.243,0.0,0.0,-4.172,0.0,0.0,0.0,0.0,0.0,15.799999999999994,0.0,0.0
ALA  92,91.482,0.0,0.0,-3.219,0.0,0.0,-66.274,0.0,0.0,-4.534,0.0,0.0,0.0,0.0,0.0,17.455000000000005,0.0,0.0
PRO  93,85.453,0.0,0.0,-2.799,0.0,0.0,-55.832,0.0,0.0,-6.912,0.0,0.0,0.0,0.0,0.0,19.909999999999997,0.0,0.0
GLY  94,71.222,0.0,0.0,-1.945,0.0,0.0,-64.688,0.0,0.0,-6.405,0.0,0.0,0.0,0.0,0.0,-1.8160000000000016,0.0,0.0
GLN  95,40.533,0.0,0.0,-6.761,0.0,0.0,-78.924,0.0,0.0,-5.774,0.0,0.0,0.0,0.0,0.0,-50.92600000000001,0.0,0.0
MET  96,107.442,0.0,0.0,-8.921,0.0,0.0,-74.529,0.0,0.0,-8.746,0.0,0.0,0.0,0.0,0.0,15.24599999999999,0.0,0.0
ARG  97,-195.039,0.0,0.0,-8.929,0.0,0.0,-10.225,0.0,0.0,30.404,0.0,0.0,0.0,0.0,0.0,-183.789,0.0,0.0
GLU  98,109.259,0.0,0.0,-6.333,0.0,0.0,-59.54,0.0,0.0,-99.013,0.0,0.0,0.0,0.0,0.0,-55.627,0.0,0.0
PRO  99,89.158,0.0,0.0,-9.247,0.0,0.0,-64.297,0.0,0.0,-0.739,0.0,0.0,0.0,0.0,0.0,14.875000000000004,0.0,0.0
ARG 100,-185.625,0.0,0.0,-11.099,0.0,0.0,-15.17,0.0,0.0,33.795,0.0,0.0,0.0,0.0,0.0,-178.099,0.0,0.0
GLY 101,81.378,0.0,0.0,-4.659,0.0,0.0,-81.848,0.0,0.0,-0.939,0.0,0.0,0.0,0.0,0.0,-6.068000000000005,0.0,0.0
SER 102,63.704,0.0,0.0,-6.637,0.0,0.0,-62.763,0.0,0.0,-2.163,0.0,0.0,0.0,0.0,0.0,-7.858999999999998,0.0,0.0
ASP 103,90.448,0.0,0.0,-9.269,0.0,0.0,-98.921,0.0,0.0,-35.677,0.0,0.0,0.0,0.0,0.0,-53.41900000000002,0.0,0.0
ILE 104,80.706,0.0,0.0,-12.996,0.0,0.0,-58.595,0.0,0.0,0.781,0.0,0.0,0.0,0.0,0.0,9.89600000000001,0.0,0.0
ALA 105,88.005,0.0,0.0,-6.287,0.0,0.0,-78.081,0.0,0.0,-1.365,0.0,0.0,0.0,0.0,0.0,2.271999999999986,0.0,0.0
GLY 106,91.136,0.0,0.0,-5.351,0.0,0.0,-85.422,0.0,0.0,-2.221,0.0,0.0,0.0,0.0,0.0,-1.8580000000000005,0.0,0.0
THR 107,52.339,0.0,0.0,-5.05,0.0,0.0,-59.63,0.0,0.0,-4.479,0.0,0.0,0.0,0.0,0.0,-16.82,0.0,0.0
THR 108,36.881,0.0,0.0,-3.427,0.0,0.0,-50.205,0.0,0.0,-3.659,0.0,0.0,0.0,0.0,0.0,-20.409999999999997,0.0,0.0
SER 109,83.332,0.0,0.0,-8.263,0.0,0.0,-72.585,0.0,0.0,-1.167,0.0,0.0,0.0,0.0,0.0,1.3169999999999946,0.0,0.0
THR 110,44.298,0.0,0.0,-5.9,0.0,0.0,-43.149,0.0,0.0,-6.689,0.0,0.0,0.0,0.0,0.0,-11.439999999999998,0.0,0.0
LEU 111,64.228,0.0,0.0,-8.8,0.0,0.0,-59.401,0.0,0.0,-4.999,0.0,0.0,0.0,0.0,0.0,-8.972000000000005,0.0,0.0
GLN 112,35.711,0.0,0.0,-5.277,0.0,0.0,-69.194,0.0,0.0,-17.988,0.0,0.0,0.0,0.0,0.0,-56.748000000000005,0.0,0.0
GLU 113,105.128,0.0,0.0,-10.055,0.0,0.0,-91.621,0.0,0.0,-60.486,0.0,0.0,0.0,0.0,0.0,-57.033999999999985,0.0,0.0
GLN 114,39.552,0.0,0.0,-14.188,0.0,0.0,-83.185,0.0,0.0,0.545,0.0,0.0,0.0,0.0,0.0,-57.276,0.0,0.0
ILE 115,84.597,0.0,0.0,-6.453,0.0,0.0,-67.202,0.0,0.0,-1.614,0.0,0.0,0.0,0.0,0.0,9.327999999999992,0.0,0.0
GLY 116,80.821,0.0,0.0,-4.946,0.0,0.0,-77.462,0.0,0.0,-1.217,0.0,0.0,0.0,0.0,0.0,-2.8040000000000034,0.0,0.0
TRP 117,120.617,0.0,0.0,-19.324,0.0,0.0,-90.557,0.0,0.0,-0.153,0.0,0.0,0.0,0.0,0.0,10.583000000000004,0.0,0.0
MET 118,94.974,0.0,0.0,-10.144,0.0,0.0,-81.694,0.0,0.0,-2.849,0.0,0.0,0.0,0.0,0.0,0.2869999999999955,0.0,0.0
THR 119,37.868,0.0,0.0,-5.588,0.0,0.0,-49.548,0.0,0.0,-5.115,0.0,0.0,0.0,0.0,0.0,-22.383000000000003,0.0,0.0
HID 120,89.101,0.0,0.0,-9.763,0.0,0.0,-61.438,0.0,0.0,-2.374,0.0,0.0,0.0,0.0,0.0,15.525999999999991,0.0,0.0
ASN 121,28.335,0.0,0.0,-4.168,0.0,0.0,-67.95,0.0,0.0,-14.374,0.0,0.0,0.0,0.0,0.0,-58.157000000000004,0.0,0.0
PRO 122,93.699,0.0,0.0,-4.502,0.0,0.0,-56.934,0.0,0.0,-4.583,0.0,0.0,0.0,0.0,0.0,27.680000000000007,0.0,0.0
PRO 123,79.532,0.0,0.0,-6.837,0.0,0.0,-55.734,0.0,0.0,-4.825,0.0,0.0,0.0,0.0,0.0,12.135999999999992,0.0,0.0
ILE 124,97.6,0.0,0.0,-6.347,0.0,0.0,-64.855,0.0,0.0,-0.838,0.0,0.0,0.0,0.0,0.0,25.559999999999995,0.0,0.0
PRO 125,92.064,0.0,0.0,-6.414,0.0,0.0,-65.963,0.0,0.0,-1.007,0.0,0.0,0.0,0.0,0.0,18.679999999999996,0.0,0.0
VAL 126,52.336,0.0,0.0,-10.112,0.0,0.0,-54.817,0.0,0.0,0.195,0.0,0.0,0.0,0.0,0.0,-12.398000000000003,0.0,0.0
GLY 127,75.458,0.0,0.0,-5.823,0.0,0.0,-74.731,0.0,0.0,0.219,0.0,0.0,0.0,0.0,0.0,-4.877000000000003,0.0,0.0
GLU 128,106.468,0.0,0.0,-7.766,0.0,0.0,-105.158,0.0,0.0,-48.09,0.0,0.0,0.0,0.0,0.0,-54.54600000000001,0.0,0.0
ILE 129,87.693,0.0,0.0,-8.242,0.0,0.0,-66.244,0.0,0.0,0.898,0.0,0.0,0.0,0.0,0.0,14.104999999999993,0.0,0.0
TYR 130,91.895,0.0,0.0,-13.716,0.0,0.0,-92.598,0.0,0.0,0.209,0.0,0.0,0.0,0.0,0.0,-14.209999999999997,0.0,0.0
LYS 131,144.33,0.0,0.0,-10.757,0.0,0.0,-164.47,0.0,0.0,27.818,0.0,0.0,0.0,0.0,0.0,-3.07899999999999,0.0,0.0
ARG 132,-191.0,0.0,0.0,-10.543,0.0,0.0,39.87,0.0,0.0,-7.836,0.0,0.0,0.0,0.0,0.0,-169.50900000000001,0.0,0.0
TRP 133,127.155,0.0,0.0,-18.517,0.0,0.0,-93.87,0.0,0.0,-3.265,0.0,0.0,0.0,0.0,0.0,11.503,0.0,0.0
ILE 134,86.67,0.0,0.0,-10.462,0.0,0.0,-71.453,0.0,0.0,-0.384,0.0,0.0,0.0,0.0,0.0,4.370999999999995,0.0,0.0
ILE 135,78.984,0.0,0.0,-8.416,0.0,0.0,-62.865,0.0,0.0,0.087,0.0,0.0,0.0,0.0,0.0,7.789999999999996,0.0,0.0
LEU 136,70.935,0.0,0.0,-8.859,0.0,0.0,-75.221,0.0,0.0,2.43,0.0,0.0,0.0,0.0,0.0,-10.715000000000003,0.0,0.0
GLY 137,80.579,0.0,0.0,-7.007,0.0,0.0,-77.388,0.0,0.0,0.676,0.0,0.0,0.0,0.0,0.0,-3.1400000000000166,0.0,0.0
LEU 138,65.016,0.0,0.0,-10.225,0.0,0.0,-66.678,0.0,0.0,-0.781,0.0,0.0,0.0,0.0,0.0,-12.667999999999994,0.0,0.0
ASN 139,47.28,0.0,0.0,-8.424,0.0,0.0,-100.117,0.0,0.0,-6.278,0.0,0.0,0.0,0.0,0.0,-67.539,0.0,0.0
LYS 140,135.851,0.0,0.0,-7.878,0.0,0.0,-174.394,0.0,0.0,34.801,0.0,0.0,0.0,0.0,0.0,-11.620000000000005,0.0,0.0
ILE 141,92.972,0.0,0.0,-10.372,0.0,0.0,-76.513,0.0,0.0,-1.522,0.0,0.0,0.0,0.0,0.0,4.564999999999989,0.0,0.0
VAL 142,58.931,0.0,0.0,-9.541,0.0,0.0,-53.313,0.0,0.0,-6.109,0.0,0.0,0.0,0.0,0.0,-10.032000000000002,0.0,0.0
ARG 143,-195.615,0.0,0.0,-8.442,0.0,0.0,54.541,0.0,0.0,-14.261,0.0,0.0,0.0,0.0,0.0,-163.77700000000002,0.0,0.0
MET 144,86.936,0.0,0.0,-6.019,0.0,0.0,-75.102,0.0,0.0,-5.846,0.0,0.0,0.0,0.0,0.0,-0.03100000000000236,0.0,0.0
TYR 145,100.302,0.0,0.0,-8.532,0.0,0.0,-86.487,0.0,0.0,-8.551,0.0,0.0,0.0,0.0,0.0,-3.2679999999999847,0.0,0.0
SER 146,85.599,0.0,0.0,-3.204,0.0,0.0,-56.078,0.0,0.0,-13.85,0.0,0.0,0.0,0.0,0.0,12.467000000000008,0.0,0.0
PRO 147,88.478,0.0,0.0,-3.082,0.0,0.0,-60.81,0.0,0.0,-7.422,0.0,0.0,0.0,0.0,0.0,17.163999999999998,0.0,0.0
THR 148,30.573,0.0,0.0,-3.003,0.0,0.0,-36.509,0.0,0.0,-9.713,0.0,0.0,0.0,0.0,0.0,-18.652,0.0,0.0
SER 149,62.791,0.0,0.0,-1.655,0.0,0.0,-45.176,0.0,0.0,-12.487,0.0,0.0,0.0,0.0,0.0,3.4729999999999936,0.0,0.0
ILE 150,59.59,0.0,0.0,-1.202,0.0,0.0,-28.328,0.0,0.0,-7.902,0.0,0.0,0.0,0.0,0.0,22.158000000000005,0.0,0.0

Ligand:
Total Energy Decomposition:
Residue,Internal,,,van der Waals,,,Electrostatic,,,Polar Solvation,,,Non-Polar Solv.,,,TOTAL,,
,Avg.,Std. Dev.,Std. Err. of Mean,Avg.,Std. Dev.,Std. Err. of Mean,Avg.,Std. Dev.,Std. Err. of Mean,Avg.,Std. Dev.,Std. Err. of Mean,Avg.,Std. Dev.,Std. Err. of Mean,Avg.,Std. Dev.,Std. Err. of Mean
LEU   1,38.405,0.0,0.0,-3.665,0.0,0.0,-45.871,0.0,0.0,0.241,0.0,0.0,0.0,0.0,0.0,-10.89,0.0,0.0
ASP   2,95.301,0.0,0.0,-2.926,0.0,0.0,-79.872,0.0,0.0,-79.163,0.0,0.0,0.0,0.0,0.0,-66.66,0.0,0.0
ILE   3,93.122,0.0,0.0,-6.102,0.0,0.0,-71.365,0.0,0.0,-0.878,0.0,0.0,0.0,0.0,0.0,14.777000000000001,0.0,0.0
ARG   4,-189.689,0.0,0.0,-7.753,0.0,0.0,43.957,0.0,0.0,-11.417,0.0,0.0,0.0,0.0,0.0,-164.90200000000002,0.0,0.0
GLN   5,29.569,0.0,0.0,-13.206,0.0,0.0,-83.25,0.0,0.0,-1.367,0.0,0.0,0.0,0.0,0.0,-68.254,0.0,0.0
GLY   6,88.739,0.0,0.0,-2.683,0.0,0.0,-73.426,0.0,0.0,-3.936,0.0,0.0,0.0,0.0,0.0,8.69400000000001,0.0,0.0
PRO   7,88.496,0.0,0.0,-2.751,0.0,0.0,-54.213,0.0,0.0,-6.552,0.0,0.0,0.0,0.0,0.0,24.97999999999999,0.0,0.0
LYS   8,121.751,0.0,0.0,-4.991,0.0,0.0,-96.058,0.0,0.0,-25.673,0.0,0.0,0.0,0.0,0.0,-4.971,0.0,0.0
GLU   9,112.666,0.0,0.0,-8.217,0.0,0.0,-117.973,0.0,0.0,-39.788,0.0,0.0,0.0,0.0,0.0,-53.312,0.0,0.0
PRO  10,78.942,0.0,0.0,-6.745,0.0,0.0,-58.655,0.0,0.0,-0.729,0.0,0.0,0.0,0.0,0.0,12.812999999999988,0.0,0.0
PHE  11,106.256,0.0,0.0,-15.462,0.0,0.0,-73.551,0.0,0.0,-0.107,0.0,0.0,0.0,0.0,0.0,17.135999999999996,0.0,0.0
ARG  12,-198.096,0.0,0.0,-9.081,0.0,0.0,-1.68,0.0,0.0,31.215,0.0,0.0,0.0,0.0,0.0,-177.642,0.0,0.0
ASP  13,96.531,0.0,0.0,-7.301,0.0,0.0,-73.077,0.0,0.0,-83.919,0.0,0.0,0.0,0.0,0.0,-67.76599999999999,0.0,0.0
TYR  14,97.192,0.0,0.0,-19.525,0.0,0.0,-95.94,0.0,0.0,0.975,0.0,0.0,0.0,0.0,0.0,-17.297999999999995,0.0,0.0
VAL  15,51.122,0.0,0.0,-10.425,0.0,0.0,-55.335,0.0,0.0,2.349,0.0,0.0,0.0,0.0,0.0,-12.288999999999998,0.0,0.0
ASP  16,116.305,0.0,0.0,-7.175,0.0,0.0,-135.614,0.0,0.0,-33.749,0.0,0.0,0.0,0.0,0.0,-60.233,0.0,0.0
ARG  17,-195.412,0.0,0.0,-7.705,0.0,0.0,8.791,0.0,0.0,15.385,0.0,0.0,0.0,0.0,0.0,-178.94100000000003,0.0,0.0
PHE  18,89.551,0.0,0.0,-15.457,0.0,0.0,-78.907,0.0,0.0,-0.335,0.0,0.0,0.0,0.0,0.0,-5.148000000000002,0.0,0.0
TYR  19,99.784,0.0,0.0,-13.606,0.0,0.0,-91.148,0.0,0.0,-0.31,0.0,0.0,0.0,0.0,0.0,-5.279999999999984,0.0,0.0
LYS  20,135.961,0.0,0.0,-6.531,0.0,0.0,-133.361,0.0,0.0,-6.713,0.0,0.0,0.0,0.0,0.0,-10.643999999999984,0.0,0.0
THR  21,47.988,0.0,0.0,-7.027,0.0,0.0,-53.497,0.0,0.0,-3.669,0.0,0.0,0.0,0.0,0.0,-16.205000000000002,0.0,0.0
LEU  22,70.458,0.0,0.0,-11.35,0.0,0.0,-67.729,0.0,0.0,-0.921,0.0,0.0,0.0,0.0,0.0,-9.542000000000002,0.0,0.0
ARG  23,-192.023,0.0,0.0,-9.547,0.0,0.0,77.614,0.0,0.0,-31.201,0.0,0.0,0.0,0.0,0.0,-155.15699999999998,0.0,0.0
ALA  24,89.09,0.0,0.0,-4.317,0.0,0.0,-78.786,0.0,0.0,-3.715,0.0,0.0,0.0,0.0,0.0,2.271999999999995,0.0,0.0
GLU  25,103.317,0.0,0.0,-5.147,0.0,0.0,-66.758,0.0,0.0,-95.629,0.0,0.0,0.0,0.0,0.0,-64.21700000000001,0.0,0.0
GLN  26,30.885,0.0,0.0,-4.147,0.0,0.0,-64.261,0.0,0.0,-14.672,0.0,0.0,0.0,0.0,0.0,-52.19499999999999,0.0,0.0
ALA  27,101.012,0.0,0.0,-5.19,0.0,0.0,-89.018,0.0,0.0,1.258,0.0,0.0,0.0,0.0,0.0,8.062000000000001,0.0,0.0
SER  28,79.754,0.0,0.0,-3.661,0.0,0.0,-75.684,0.0,0.0,-0.519,0.0,0.0,0.0,0.0,0.0,-0.10999999999999399,0.0,0.0
GLN  29,29.924,0.0,0.0,-6.273,0.0,0.0,-74.748,0.0,0.0,-5.969,0.0,0.0,0.0,0.0,0.0,-57.06600000000001,0.0,0.0
GLU  30,111.896,0.0,0.0,-3.671,0.0,0.0,-107.77,0.0,0.0,-58.192,0.0,0.0,0.0,0.0,0.0,-57.737,0.0,0.0
VAL  31,66.563,0.0,0.0,-6.489,0.0,0.0,-60.53,0.0,0.0,-1.267,0.0,0.0,0.0,0.0,0.0,-1.7229999999999959,0.0,0.0
LYS  32,112.109,0.0,0.0,-8.325,0.0,0.0,-90.286,0.0,0.0,-21.287,0.0,0.0,0.0,0.0,0.0,-7.789000000000009,0.0,0.0
ASN  33,27.813,0.0,0.0,-6.811,0.0,0.0,-83.159,0.0,0.0,-10.225,0.0,0.0,0.0,0.0,0.0,-72.382,0.0,0.0
TRP  34,124.808,0.0,0.0,-10.818,0.0,0.0,-93.349,0.0,0.0,-3.973,0.0,0.0,0.0,0.0,0.0,16.668000000000006,0.0,0.0
MET  35,97.343,0.0,0.0,-9.764,0.0,0.0,-85.202,0.0,0.0,-0.615,0.0,0.0,0.0,0.0,0.0,1.7620000000000096,0.0,0.0
THR  36,42.773,0.0,0.0,-5.54,0.0,0.0,-56.859,0.0,0.0,0.297,0.0,0.0,0.0,0.0,0.0,-19.328999999999997,0.0,0.0
GLU  37,105.154,0.0,0.0,-6.427,0.0,0.0,-68.697,0.0,0.0,-88.745,0.0,0.0,0.0,0.0,0.0,-58.715,0.0,0.0
THR  38,43.754,0.0,0.0,-6.184,0.0,0.0,-55.306,0.0,0.0,-0.282,0.0,0.0,0.0,0.0,0.0,-18.017999999999997,0.0,0.0
LEU  39,68.244,0.0,0.0,-9.036,0.0,0.0,-69.047,0.0,0.0,1.233,0.0,0.0,0.0,0.0,0.0,-8.605999999999998,0.0,0.0
LEU  40,81.127,0.0,0.0,-10.544,0.0,0.0,-90.472,0.0,0.0,0.7,0.0,0.0,0.0,0.0,0.0,-19.188999999999997,0.0,0.0
VAL  41,56.743,0.0,0.0,-8.541,0.0,0.0,-60.294,0.0,0.0,0.258,0.0,0.0,0.0,0.0,0.0,-11.834,0.0,0.0
GLN  42,25.287,0.0,0.0,-8.393,0.0,0.0,-69.174,0.0,0.0,-3.314,0.0,0.0,0.0,0.0,0.0,-55.59400000000001,0.0,0.0
ASN  43,20.306,0.0,0.0,-8.927,0.0,0.0,-85.199,0.0,0.0,0.662,0.0,0.0,0.0,0.0,0.0,-73.15799999999999,0.0,0.0
ALA  44,88.982,0.0,0.0,-7.72,0.0,0.0,-81.097,0.0,0.0,2.007,0.0,0.0,0.0,0.0,0.0,2.1720000000000064,0.0,0.0
ASN  45,35.409,0.0,0.0,-8.58,0.0,0.0,-81.725,0.0,0.0,-4.488,0.0,0.0,0.0,0.0,0.0,-59.38399999999999,0.0,0.0
PRO  46,78.908,0.0,0.0,-5.485,0.0,0.0,-60.181,0.0,0.0,-0.423,0.0,0.0,0.0,0.0,0.0,12.819000000000004,0.0,0.0
ASP  47,84.01,0.0,0.0,-3.958,0.0,0.0,-68.752,0.0,0.0,-74.576,0.0,0.0,0.0,0.0,0.0,-63.27599999999998,0.0,0.0
CYX  48,98.737,0.0,0.0,-6.348,0.0,0.0,-78.379,0.0,0.0,-2.425,0.0,0.0,0.0,0.0,0.0,11.58499999999999,0.0,0.0
LYS  49,142.354,0.0,0.0,-8.905,0.0,0.0,-120.996,0.0,0.0,-13.582,0.0,0.0,0.0,0.0,0.0,-1.1289999999999836,0.0,0.0
THR  50,50.48,0.0,0.0,-5.108,0.0,0.0,-61.255,0.0,0.0,-1.826,0.0,0.0,0.0,0.0,0.0,-17.709000000000003,0.0,0.0
ILE  51,80.465,0.0,0.0,-6.944,0.0,0.0,-59.677,0.0,0.0,-0.612,0.0,0.0,0.0,0.0,0.0,13.232000000000001,0.0,0.0
LEU  52,72.228,0.0,0.0,-10.845,0.0,0.0,-70.621,0.0,0.0,-3.73,0.0,0.0,0.0,0.0,0.0,-12.968,0.0,0.0
LYS  53,118.31,0.0,0.0,-5.28,0.0,0.0,-91.59,0.0,0.0,-25.173,0.0,0.0,0.0,0.0,0.0,-3.7330000000000005,0.0,0.0
ALA  54,85.164,0.0,0.0,-2.534,0.0,0.0,-74.291,0.0,0.0,-3.734,0.0,0.0,0.0,0.0,0.0,4.604999999999999,0.0,0.0
LEU  55,68.883,0.0,0.0,-5.914,0.0,0.0,-73.396,0.0,0.0,-3.618,0.0,0.0,0.0,0.0,0.0,-14.045000000000007,0.0,0.0
GLY  56,91.485,0.0,0.0,-2.06,0.0,0.0,-73.737,0.0,0.0,-5.179,0.0,0.0,0.0,0.0,0.0,10.509000000000002,0.0,0.0
PRO  57,80.647,0.0,0.0,-2.332,0.0,0.0,-53.607,0.0,0.0,-6.719,0.0,0.0,0.0,0.0,0.0,17.98900000000001,0.0,0.0
GLY  58,64.546,0.0,0.0,-1.664,0.0,0.0,-62.186,0.0,0.0,-5.061,0.0,0.0,0.0,0.0,0.0,-4.364999999999995,0.0,0.0
ALA  59,97.706,0.0,0.0,-3.848,0.0,0.0,-83.883,0.0,0.0,-4.196,0.0,0.0,0.0,0.0,0.0,5.779000000000009,0.0,0.0
THR  60,49.074,0.0,0.0,-4.976,0.0,0.0,-44.202,0.0,0.0,-10.322,0.0,0.0,0.0,0.0,0.0,-10.425999999999998,0.0,0.0
LEU  61,62.392,0.0,0.0,-8.868,0.0,0.0,-66.485,0.0,0.0,-3.852,0.0,0.0,0.0,0.0,0.0,-16.813,0.0,0.0
GLU  62,104.779,0.0,0.0,-4.293,0.0,0.0,-100.263,0.0,0.0,-62.43,0.0,0.0,0.0,0.0,0.0,-62.207000000000015,0.0,0.0
GLU  63,109.505,0.0,0.0,-7.175,0.0,0.0,-60.567,0.0,0.0,-101.054,0.0,0.0,0.0,0.0,0.0,-59.291000000000004,0.0,0.0
MET  64,95.747,0.0,0.0,-11.944,0.0,0.0,-75.725,0.0,0.0,-0.437,0.0,0.0,0.0,0.0,0.0,7.641000000000003,0.0,0.0
MET  65,103.806,0.0,0.0,-12.229,0.0,0.0,-84.316,0.0,0.0,-0.323,0.0,0.0,0.0,0.0,0.0,6.937999999999995,0.0,0.0
THR  66,36.784,0.0,0.0,-3.727,0.0,0.0,-53.618,0.0,0.0,-1.135,0.0,0.0,0.0,0.0,0.0,-21.696,0.0,0.0
ALA  67,78.21,0.0,0.0,-5.415,0.0,0.0,-64.642,0.0,0.0,-1.451,0.0,0.0,0.0,0.0,0.0,6.701999999999991,0.0,0.0
CYX  68,95.772,0.0,0.0,-7.409,0.0,0.0,-76.831,0.0,0.0,-2.441,0.0,0.0,0.0,0.0,0.0,9.090999999999998,0.0,0.0
GLN  69,43.048,0.0,0.0,-5.603,0.0,0.0,-75.214,0.0,0.0,-10.897,0.0,0.0,0.0,0.0,0.0,-48.666,0.0,0.0
GLY  70,96.788,0.0,0.0,-3.513,0.0,0.0,-85.448,0.0,0.0,-4.92,0.0,0.0,0.0,0.0,0.0,2.9069999999999983,0.0,0.0
VAL  71,27.417,0.0,0.0,-2.645,0.0,0.0,-33.809,0.0,0.0,-92.68,0.0,0.0,0.0,0.0,0.0,-101.717,0.0,0.0

DELTAS:
Total Energy Decomposition:
Residue,Location,Internal,,,van der Waals,,,Electrostatic,,,Polar Solvation,,,Non-Polar Solv.,,,TOTAL,,
,,Avg.,Std. Dev.,Std. Err. of Mean,Avg.,Std. Dev.,Std. Err. of Mean,Avg.,Std. Dev.,Std. Err. of Mean,Avg.,Std. Dev.,Std. Err. of Mean,Avg.,Std. Dev.,Std. Err. of Mean
PRO   1,R PRO   1,0.0,0.0,0.0,-0.0009999999999994458,0.0,0.0,-6.2039999999999935,0.0,0.0,6.174000000000001,0.0,0.0,0.0,0.0,0.0,-0.03099999999998282,0.0,0.0
ILE   2,R ILE   2,0.0,0.0,0.0,-0.001000000000000334,0.0,0.0,0.0379999999999967,0.0,0.0,-0.038000000000000034,0.0,0.0,0.0,0.0,0.0,-0.0009999999999941167,0.0,0.0
VAL   3,R VAL   3,0.0,0.0,0.0,-0.001000000000000334,0.0,0.0,-0.026000000000003354,0.0,0.0,0.0259999999999998,0.0,0.0,0.0,0.0,0.0,-0.0010000000000083276,0.0,0.0
GLN   4,R GLN   4,0.0,0.0,0.0,0.0,0.0,0.0,-0.03999999999999915,0.0,0.0,0.040000000000000924,0.0,0.0,0.0,0.0,0.0,-7.105427357601002e-15,0.0,0.0
ASN   5,R ASN   5,0.0,0.0,0.0,0.0,0.0,0.0,-0.057999999999992724,0.0,0.0,0.05999999999999872,0.0,0.0,0.0,0.0,0.0,0.0020000000000095497,0.0,0.0
LEU   6,R LEU   6,0.0,0.0,0.0,0.0,0.0,0.0,-0.02400000000000091,0.0,0.0,0.023999999999999133,0.0,0.0,0.0,0.0,0.0,-1.7763568394002505e-15,0.0,0.0
GLN   7,R GLN   7,0.0,0.0,0.0,0.0,0.0,0.0,-0.0660000000000025,0.0,0.0,0.06700000000000017,0.0,0.0,0.0,0.0,0.0,0.000999999999990564,0.0,0.0
GLY   8,R GLY   8,0.0,0.0,0.0,0.0,0.0,0.0,-0.01099999999999568,0.0,0.0,0.01100000000000012,0.0,0.0,0.0,0.0,0.0,4.440892098500626e-15,0.0,0.0
GLN   9,R GLN   9,0.0,0.0,0.0,0.0,0.0,0.0,0.06300000000000239,0.0,0.0,-0.06400000000000006,0.0,0.0,0.0,0.0,0.0,-0.0009999999999976694,0.0,0.0
MET  10,R MET  10,0.0,0.0,0.0,0.0,0.0,0.0,-0.02599999999999625,0.0,0.0,0.027000000000000135,0.0,0.0,0.0,0.0,0.0,0.0010000000000029985,0.0,0.0
VAL  11,R VAL  11,0.0,0.0,0.0,0.0,0.0,0.0,0.003999999999997783,0.0,0.0,-0.0040000000000000036,0.0,0.0,0.0,0.0,0.0,-2.220446049250313e-15,0.0,0.0
HID  12,R HID  12,0.0,0.0,0.0,0.0,0.0,0.0,0.012000000000000455,0.0,0.0,-0.01100000000000012,0.0,0.0,0.0,0.0,0.0,0.0010000000000012221,0.0,0.0
GLN  13,R GLN  13,0.0,0.0,0.0,-0.001000000000000334,0.0,0.0,-0.08599999999999852,0.0,0.0,0.08399999999999963,0.0,0.0,0.0,0.0,0.0,-0.003000000000007219,0.0,0.0
ALA  14,R ALA  14,0.0,0.0,0.0,-0.0009999999999994458,0.0,0.0,-0.033999999999991815,0.0,0.0,0.03499999999999992,0.0,0.0,0.0,0.0,0.0,3.552713678800501e-15,0.0,0.0
ILE  15,R ILE  15,0.0,0.0,0.0,-0.0019999999999988916,0.0,0.0,0.06400000000000716,0.0,0.0,-0.06099999999999994,0.0,0.0,0.0,0.0,0.0,0.0009999999999976694,0.0,0.0
SER  16,R SER  16,0.0,0.0,0.0,-0.002000000000000668,0.0,0.0,-0.14399999999999835,0.0,0.0,0.1379999999999999,0.0,0.0,0.0,0.0,0.0,-0.008000000000008,0.0,0.0
PRO  17,R PRO  17,0.0,0.0,0.0,-0.0040000000000000036,0.0,0.0,-0.23199999999999932,0.0,0.0,0.2250000000000001,0.0,0.0,0.0,0.0,0.0,-0.011000000000002785,0.0,0.0
ARG  18,R ARG  18,0.0,0.0,0.0,-0.008999999999999453,0.0,0.0,-6.125999999999991,0.0,0.0,6.117000000000004,0.0,0.0,0.0,0.0,0.0,-0.01799999999997226,0.0,0.0
THR  19,R THR  19,0.0,0.0,0.0,-0.006000000000000227,0.0,0.0,-0.1839999999999975,0.0,0.0,0.17700000000000005,0.0,0.0,0.0,0.0,0.0,-0.012999999999998124,0.0,0.0
LEU  20,R LEU  20,0.0,0.0,0.0,-0.011000000000001009,0.0,0.0,-0.28300000000000125,0.0,0.0,0.2749999999999999,0.0,0.0,0.0,0.0,0.0,-0.019000000000005457,0.0,0.0
ASN  21,R ASN  21,0.0,0.0,0.0,-0.02799999999999958,0.0,0.0,-0.42099999999999227,0.0,0.0,0.4109999999999996,0.0,0.0,0.0,0.0,0.0,-0.0379999999999967,0.0,0.0
ALA  22,R ALA  22,0.0,0.0,0.0,-0.020999999999999908,0.0,0.0,-0.29599999999999227,0.0,0.0,0.28800000000000003,0.0,0.0,0.0,0.0,0.0,-0.028999999999993697,0.0,0.0
TRP  23,R TRP  23,0.0,0.0,0.0,-0.0329999999999977,0.0,0.0,-0.2569999999999908,0.0,0.0,0.2600000000000001,0.0,0.0,0.0,0.0,0.0,-0.029999999999992255,0.0,0.0
VAL  24,R VAL  24,0.0,0.0,0.0,-0.121,0.0,0.0,-0.5390000000000015,0.0,0.0,0.577,0.0,0.0,0.0,0.0,0.0,-0.08299999999999663,0.0,0.0
LYS  25,R LYS  25,0.0,0.0,0.0,-0.702,0.0,0.0,14.513000000000005,0.0,0.0,-12.451,0.0,0.0,0.0,0.0,0.0,1.3600000000000065,0.0,0.0
VAL  26,R VAL  26,0.0,0.0,0.0,-0.0990000000000002,0.0,0.0,0.13400000000000034,0.0,0.0,-0.15100000000000002,0.0,0.0,0.0,0.0,0.0,-0.11600000000000321,0.0,0.0
VAL  27,R VAL  27,0.0,0.0,0.0,-0.09600000000000009,0.0,0.0,0.6629999999999967,0.0,0.0,-0.6400000000000001,0.0,0.0,0.0,0.0,0.0,-0.0730000000000004,0.0,0.0
GLU  28,R GLU  28,0.0,0.0,0.0,-1.7030000000000003,0.0,0.0,3.2079999999999984,0.0,0.0,0.3079999999999927,0.0,0.0,0.0,0.0,0.0,1.8129999999999882,0.0,0.0
GLU  29,R GLU  29,0.0,0.0,0.0,-2.1320000000000006,0.0,0.0,-37.569,0.0,0.0,43.524,0.0,0.0,0.0,0.0,0.0,3.8229999999999933,0.0,0.0
LYS  30,R LYS  30,0.0,0.0,0.0,-1.5259999999999998,0.0,0.0,-14.748000000000005,0.0,0.0,18.26,0.0,0.0,0.0,0.0,0.0,1.9859999999999856,0.0,0.0
ALA  31,R ALA  31,0.0,0.0,0.0,-0.7189999999999999,0.0,0.0,1.0919999999999987,0.0,0.0,-1.1720000000000002,0.0,0.0,0.0,0.0,0.0,-0.7989999999999959,0.0,0.0
PHE  32,R PHE  32,0.0,0.0,0.0,-0.09800000000000075,0.0,0.0,0.43600000000000705,0.0,0.0,-0.399,0.0,0.0,0.0,0.0,0.0,-0.06099999999999284,0.0,0.0
SER  33,R SER  33,0.0,0.0,0.0,-0.1070000000000002,0.0,0.0,-1.1310000000000002,0.0,0.0,1.1680000000000001,0.0,0.0,0.0,0.0,0.0,-0.06999999999999851,0.0,0.0
PRO  34,R PRO  34,0.0,0.0,0.0,-0.0259999999999998,0.0,0.0,-0.45300000000000296,0.0,0.0,0.44599999999999995,0.0,0.0,0.0,0.0,0.0,-0.032999999999999474,0.0,0.0
GLU  35,R GLU  35,0.0,0.0,0.0,-0.08000000000000007,0.0,0.0,11.731000000000009,0.0,0.0,-11.656000000000006,0.0,0.0,0.0,0.0,0.0,-0.005000000000009663,0.0,0.0
VAL  36,R VAL  36,0.0,0.0,0.0,-0.03700000000000081,0.0,0.0,-0.36699999999999733,0.0,0.0,0.36499999999999994,0.0,0.0,0.0,0.0,0.0,-0.03899999999999615,0.0,0.0
ILE  37,R ILE  37,0.0,0.0,0.0,-0.009000000000000341,0.0,0.0,-0.3059999999999974,0.0,0.0,0.302,0.0,0.0,0.0,0.0,0.0,-0.012999999999994571,0.0,0.0
PRO  38,R PRO  38,0.0,0.0,0.0,-0.009000000000000341,0.0,0.0,-0.29699999999999704,0.0,0.0,0.29800000000000004,0.0,0.0,0.0,0.0,0.0,-0.007999999999997343,0.0,0.0
MET  39,R MET  39,0.0,0.0,0.0,-0.05299999999999905,0.0,0.0,-0.3359999999999985,0.0,0.0,0.32000000000000006,0.0,0.0,0.0,0.0,0.0,-0.06899999999999551,0.0,0.0
PHE  40,R PHE  40,0.0,0.0,0.0,-0.007999999999999119,0.0,0.0,-0.17200000000001125,0.0,0.0,0.17100000000000004,0.0,0.0,0.0,0.0,0.0,-0.009000000000007002,0.0,0.0
SER  41,R SER  41,0.0,0.0,0.0,-0.002000000000000668,0.0,0.0,-0.17300000000000182,0.0,0.0,0.1739999999999995,0.0,0.0,0.0,0.0,0.0,-0.0009999999999976694,0.0,0.0
ALA  42,R ALA  42,0.0,0.0,0.0,-0.0030000000000001137,0.0,0.0,-0.0660000000000025,0.0,0.0,0.0699999999999994,0.0,0.0,0.0,0.0,0.0,0.000999999999995893,0.0,0.0
LEU  43,R LEU  43,0.0,0.0,0.0,-0.007999999999999119,0.0,0.0,-0.031999999999996476,0.0,0.0,0.03500000000000014,0.0,0.0,0.0,0.0,0.0,-0.0049999999999919,0.0,0.0
SER  44,R SER  44,0.0,0.0,0.0,-0.0019999999999997797,0.0,0.0,-0.0519999999999925,0.0,0.0,0.051000000000000045,0.0,0.0,0.0,0.0,0.0,-0.00300000000000189,0.0,0.0
GLU  45,R GLU  45,0.0,0.0,0.0,-0.002000000000000668,0.0,0.0,6.379000000000005,0.0,0.0,-6.358999999999995,0.0,0.0,0.0,0.0,0.0,0.018000000000014893,0.0,0.0
GLY  46,R GLY  46,0.0,0.0,0.0,-0.0009999999999994458,0.0,0.0,-0.024999999999991473,0.0,0.0,0.027000000000000024,0.0,0.0,0.0,0.0,0.0,0.001000000000010992,0.0,0.0
ALA  47,R ALA  47,0.0,0.0,0.0,0.0,0.0,0.0,-0.018000000000000682,0.0,0.0,0.0129999999999999,0.0,0.0,0.0,0.0,0.0,-0.005000000000000782,0.0,0.0
THR  48,R THR  48,0.0,0.0,0.0,0.0,0.0,0.0,0.07200000000000273,0.0,0.0,-0.071,0.0,0.0,0.0,0.0,0.0,0.0010000000000012221,0.0,0.0
PRO  49,R PRO  49,0.0,0.0,0.0,0.0,0.0,0.0,0.07699999999999818,0.0,0.0,-0.07699999999999999,0.0,0.0,0.0,0.0,0.0,-1.7763568394002505e-15,0.0,0.0
GLN  50,R GLN  50,0.0,0.0,0.0,-0.0009999999999994458,0.0,0.0,0.10299999999999443,0.0,0.0,-0.10300000000000065,0.0,0.0,0.0,0.0,0.0,-0.0010000000000047748,0.0,0.0
ASP  51,R ASP  51,0.0,0.0,0.0,-0.0009999999999994458,0.0,0.0,6.378,0.0,0.0,-6.347999999999999,0.0,0.0,0.0,0.0,0.0,0.029000000000010573,0.0,0.0
LEU  52,R LEU  52,0.0,0.0,0.0,-0.0009999999999994458,0.0,0.0,0.06800000000001205,0.0,0.0,-0.066,0.0,0.0,0.0,0.0,0.0,0.0010000000000083276,0.0,0.0
ASN  53,R ASN  53,0.0,0.0,0.0,-0.0019999999999997797,0.0,0.0,0.1490000000000009,0.0,0.0,-0.14800000000000058,0.0,0.0,0.0,0.0,0.0,-0.0010000000000047748,0.0,0.0
THR  54,R THR  54,0.0,0.0,0.0,-0.0019999999999997797,0.0,0.0,0.0689999999999884,0.0,0.0,-0.06800000000000006,0.0,0.0,0.0,0.0,0.0,-0.0010000000000083276,0.0,0.0
MET  55,R MET  55,0.0,0.0,0.0,-0.006000000000000227,0.0,0.0,0.04199999999998738,0.0,0.0,-0.03900000000000001,0.0,0.0,0.0,0.0,0.0,-0.0030000000000129923,0.0,0.0
LEU  56,R LEU  56,0.0,0.0,0.0,-0.0030000000000001137,0.0,0.0,0.07699999999999818,0.0,0.0,-0.07299999999999998,0.0,0.0,0.0,0.0,0.0,0.0009999999999976694,0.0,0.0
ASN  57,R ASN  57,0.0,0.0,0.0,-0.0039999999999995595,0.0,0.0,0.1869999999999976,0.0,0.0,-0.18400000000000105,0.0,0.0,0.0,0.0,0.0,-0.000999999999990564,0.0,0.0
THR  58,R THR  58,0.0,0.0,0.0,-0.010999999999999233,0.0,0.0,0.0010000000000047748,0.0,0.0,0.0030000000000001137,0.0,0.0,0.0,0.0,0.0,-0.006999999999990791,0.0,0.0
VAL  59,R VAL  59,0.0,0.0,0.0,-0.014999999999998792,0.0,0.0,0.046999999999997044,0.0,0.0,-0.03600000000000003,0.0,0.0,0.0,0.0,0.0,-0.004000000000003112,0.0,0.0
ALA  60,R ALA  60,0.0,0.0,0.0,-0.009999999999999787,0.0,0.0,0.1390000000000029,0.0,0.0,-0.13200000000000012,0.0,0.0,0.0,0.0,0.0,-0.0029999999999894555,0.0,0.0
PRO  61,R PRO  61,0.0,0.0,0.0,-0.04400000000000004,0.0,0.0,0.37000000000000455,0.0,0.0,-0.33999999999999986,0.0,0.0,0.0,0.0,0.0,-0.013999999999992241,0.0,0.0
HID  62,R HID  62,0.0,0.0,0.0,-0.19400000000000084,0.0,0.0,0.9780000000000086,0.0,0.0,-1.043,0.0,0.0,0.0,0.0,0.0,-0.258999999999995,0.0,0.0
GLN  63,R GLN  63,0.0,0.0,0.0,-0.20599999999999996,0.0,0.0,0.18299999999999983,0.0,0.0,-0.22100000000000009,0.0,0.0,0.0,0.0,0.0,-0.24399999999999977,0.0,0.0
ALA  64,R ALA  64,0.0,0.0,0.0,-0.01200000000000001,0.0,0.0,-0.07399999999999807,0.0,0.0,0.06899999999999995,0.0,0.0,0.0,0.0,0.0,-0.01699999999999946,0.0,0.0
ALA  65,R ALA  65,0.0,0.0,0.0,-0.009999999999999787,0.0,0.0,-0.10200000000000387,0.0,0.0,0.09299999999999997,0.0,0.0,0.0,0.0,0.0,-0.01900000000000901,0.0,0.0
ALA  66,R ALA  66,0.0,0.0,0.0,-0.004000000000000448,0.0,0.0,-0.0759999999999934,0.0,0.0,0.07200000000000006,0.0,0.0,0.0,0.0,0.0,-0.00799999999999823,0.0,0.0
GLN  67,R GLN  67,0.0,0.0,0.0,-0.004000000000000448,0.0,0.0,-0.1559999999999917,0.0,0.0,0.14800000000000058,0.0,0.0,0.0,0.0,0.0,-0.011999999999986244,0.0,0.0
MET  68,R MET  68,0.0,0.0,0.0,-0.005000000000000782,0.0,0.0,-0.09799999999999898,0.0,0.0,0.0950000000000002,0.0,0.0,0.0,0.0,0.0,-0.008000000000008,0.0,0.0
LEU  69,R LEU  69,0.0,0.0,0.0,-0.005000000000000782,0.0,0.0,-0.06399999999999295,0.0,0.0,0.06400000000000006,0.0,0.0,0.0,0.0,0.0,-0.004999999999988347,0.0,0.0
LYS  70,R LYS  70,0.0,0.0,0.0,-0.0019999999999997797,0.0,0.0,-7.268000000000001,0.0,0.0,7.220000000000001,0.0,0.0,0.0,0.0,0.0,-0.04999999999999538,0.0,0.0
GLU  71,R GLU  71,0.0,0.0,0.0,-0.001000000000000334,0.0,0.0,7.753,0.0,0.0,-7.685999999999993,0.0,0.0,0.0,0.0,0.0,0.0660000000000025,0.0,0.0
THR  72,R THR  72,0.0,0.0,0.0,-0.001000000000000334,0.0,0.0,-0.05600000000000449,0.0,0.0,0.05600000000000005,0.0,0.0,0.0,0.0,0.0,-0.0010000000000012221,0.0,0.0
ILE  73,R ILE  73,0.0,0.0,0.0,-0.0010000000000012221,0.0,0.0,-0.08599999999999852,0.0,0.0,0.08499999999999996,0.0,0.0,0.0,0.0,0.0,-0.0020000000000042206,0.0,0.0
ASN  74,R ASN  74,0.0,0.0,0.0,0.0,0.0,0.0,-0.03300000000000125,0.0,0.0,0.028999999999999915,0.0,0.0,0.0,0.0,0.0,-0.0040000000000048885,0.0,0.0
GLU  75,R GLU  75,0.0,0.0,0.0,-0.001000000000000334,0.0,0.0,6.868000000000002,0.0,0.0,-6.817999999999998,0.0,0.0,0.0,0.0,0.0,0.049000000000020805,0.0,0.0
GLU  76,R GLU  76,0.0,0.0,0.0,0.0,0.0,0.0,6.738999999999997,0.0,0.0,-6.7109999999999985,0.0,0.0,0.0,0.0,0.0,0.027999999999991587,0.0,0.0
ALA  77,R ALA  77,0.0,0.0,0.0,0.0,0.0,0.0,-0.07899999999999352,0.0,0.0,0.07899999999999974,0.0,0.0,0.0,0.0,0.0,6.217248937900877e-15,0.0,0.0
ALA  78,R ALA  78,0.0,0.0,0.0,0.0,0.0,0.0,-0.07900000000000773,0.0,0.0,0.07900000000000001,0.0,0.0,0.0,0.0,0.0,-7.105427357601002e-15,0.0,0.0
GLU  79,R GLU  79,0.0,0.0,0.0,-0.001000000000000334,0.0,0.0,6.206000000000003,0.0,0.0,-6.170000000000002,0.0,0.0,0.0,0.0,0.0,0.0350000000000108,0.0,0.0
TRP  80,R TRP  80,0.0,0.0,0.0,-0.0009999999999976694,0.0,0.0,-0.04599999999999227,0.0,0.0,0.047,0.0,0.0,0.0,0.0,0.0,1.7763568394002505e-14,0.0,0.0
ASP  81,R ASP  81,0.0,0.0,0.0,0.0,0.0,0.0,5.646000000000001,0.0,0.0,-5.625,0.0,0.0,0.0,0.0,0.0,0.021000000000000796,0.0,0.0
ARG  82,R ARG  82,0.0,0.0,0.0,0.0,0.0,0.0,-6.005999999999999,0.0,0.0,5.969000000000001,0.0,0.0,0.0,0.0,0.0,-0.03700000000000614,0.0,0.0
LEU  83,R LEU  83,0.0,0.0,0.0,-0.001000000000000334,0.0,0.0,-0.0660000000000025,0.0,0.0,0.06699999999999973,0.0,0.0,0.0,0.0,0.0,0.0,0.0,0.0
HID  84,R HID  84,0.0,0.0,0.0,-0.001000000000000334,0.0,0.0,-0.021000000000000796,0.0,0.0,0.023000000000000576,0.0,0.0,0.0,0.0,0.0,0.0009999999999941167,0.0,0.0
PRO  85,R PRO  85,0.0,0.0,0.0,-0.0009999999999994458,0.0,0.0,0.028999999999996362,0.0,0.0,-0.02800000000000047,0.0,0.0,0.0,0.0,0.0,3.552713678800501e-15,0.0,0.0
VAL  86,R VAL  86,0.0,0.0,0.0,0.0,0.0,0.0,-0.02300000000000324,0.0,0.0,0.023000000000000576,0.0,0.0,0.0,0.0,0.0,-1.7763568394002505e-15,0.0,0.0
HID  87,R HID  87,0.0,0.0,0.0,0.0,0.0,0.0,0.0030000000000001137,0.0,0.0,-0.004000000000001336,0.0,0.0,0.0,0.0,0.0,-0.0010000000000047748,0.0,0.0
ALA  88,R ALA  88,0.0,0.0,0.0,0.0,0.0,0.0,-0.012000000000000455,0.0,0.0,0.010999999999999233,0.0,0.0,0.0,0.0,0.0,-0.0010000000000012221,0.0,0.0
GLY  89,R GLY  89,0.0,0.0,0.0,0.0,0.0,0.0,0.04099999999999682,0.0,0.0,-0.04099999999999948,0.0,0.0,0.0,0.0,0.0,-3.552713678800501e-15,0.0,0.0
PRO  90,R PRO  90,0.0,0.0,0.0,0.0,0.0,0.0,-0.015000000000000568,0.0,0.0,0.013999999999999346,0.0,0.0,0.0,0.0,0.0,-0.0009999999999976694,0.0,0.0
ILE  91,R ILE  91,0.0,0.0,0.0,0.0,0.0,0.0,-0.03900000000000148,0.0,0.0,0.03799999999999937,0.0,0.0,0.0,0.0,0.0,-0.0010000000000012221,0.0,0.0
ALA  92,R ALA  92,0.0,0.0,0.0,0.0,0.0,0.0,0.036000000000001364,0.0,0.0,-0.03500000000000014,0.0,0.0,0.0,0.0,0.0,0.0010000000000012221,0.0,0.0
PRO  93,R PRO  93,0.0,0.0,0.0,0.0,0.0,0.0,0.027000000000001023,0.0,0.0,-0.02800000000000047,0.0,0.0,0.0,0.0,0.0,-0.0010000000000012221,0.0,0.0
GLY  94,R GLY  94,0.0,0.0,0.0,0.0,0.0,0.0,0.016999999999995907,0.0,0.0,-0.01699999999999946,0.0,0.0,0.0,0.0,0.0,-3.552713678800501e-15,0.0,0.0
GLN  95,R GLN  95,0.0,0.0,0.0,0.0,0.0,0.0,0.019000000000005457,0.0,0.0,-0.017999999999999794,0.0,0.0,0.0,0.0,0.0,0.0010000000000047748,0.0,0.0
MET  96,R MET  96,0.0,0.0,0.0,0.0,0.0,0.0,-0.030000000000001137,0.0,0.0,0.028999999999999915,0.0,0.0,0.0,0.0,0.0,-0.0010000000000012221,0.0,0.0
ARG  97,R ARG  97,0.0,0.0,0.0,0.0,0.0,0.0,-5.323,0.0,0.0,5.282,0.0,0.0,0.0,0.0,0.0,-0.04099999999999682,0.0,0.0
GLU  98,R GLU  98,0.0,0.0,0.0,0.0,0.0,0.0,5.128,0.0,0.0,-5.087999999999994,0.0,0.0,0.0,0.0,0.0,0.04000000000000625,0.0,0.0
PRO  99,R PRO  99,0.0,0.0,0.0,0.0,0.0,0.0,-0.036000000000001364,0.0,0.0,0.03600000000000003,0.0,0.0,0.0,0.0,0.0,0.0,0.0,0.0
ARG 100,R ARG 100,0.0,0.0,0.0,0.0,0.0,0.0,-5.479999999999999,0.0,0.0,5.457999999999998,0.0,0.0,0.0,0.0,0.0,-0.02199999999999136,0.0,0.0
GLY 101,R GLY 101,0.0,0.0,0.0,0.0,0.0,0.0,0.03300000000000125,0.0,0.0,-0.03300000000000003,0.0,0.0,0.0,0.0,0.0,1.7763568394002505e-15,0.0,0.0
SER 102,R SER 102,0.0,0.0,0.0,0.0,0.0,0.0,0.02599999999999625,0.0,0.0,-0.027000000000000135,0.0,0.0,0.0,0.0,0.0,-0.0010000000000029985,0.0,0.0
ASP 103,R ASP 103,0.0,0.0,0.0,0.0,0.0,0.0,5.700000000000003,0.0,0.0,-5.671999999999997,0.0,0.0,0.0,0.0,0.0,0.028000000000005798,0.0,0.0
ILE 104,R ILE 104,0.0,0.0,0.0,-0.0009999999999994458,0.0,0.0,0.022999999999996135,0.0,0.0,-0.02300000000000002,0.0,0.0,0.0,0.0,0.0,-0.001000000000010104,0.0,0.0
ALA 105,R ALA 105,0.0,0.0,0.0,-0.001000000000000334,0.0,0.0,0.04099999999999682,0.0,0.0,-0.04299999999999993,0.0,0.0,0.0,0.0,0.0,-0.0029999999999934523,0.0,0.0
GLY 106,R GLY 106,0.0,0.0,0.0,0.0,0.0,0.0,0.02599999999999625,0.0,0.0,-0.027000000000000135,0.0,0.0,0.0,0.0,0.0,-0.0010000000000038867,0.0,0.0
THR 107,R THR 107,0.0,0.0,0.0,0.0,0.0,0.0,0.005000000000002558,0.0,0.0,-0.0039999999999995595,0.0,0.0,0.0,0.0,0.0,0.0010000000000012221,0.0,0.0
THR 108,R THR 108,0.0,0.0,0.0,0.0,0.0,0.0,-0.01899999999999835,0.0,0.0,0.018999999999999684,0.0,0.0,0.0,0.0,0.0,0.0,0.0,0.0
SER 109,R SER 109,0.0,0.0,0.0,0.0,0.0,0.0,0.06799999999999784,0.0,0.0,-0.07099999999999995,0.0,0.0,0.0,0.0,0.0,-0.003000000000002112,0.0,0.0
THR 110,R THR 110,0.0,0.0,0.0,0.0,0.0,0.0,-0.028999999999996362,0.0,0.0,0.03000000000000025,0.0,0.0,0.0,0.0,0.0,0.0010000000000047748,0.0,0.0
LEU 111,R LEU 111,0.0,0.0,0.0,0.0,0.0,0.0,-0.031999999999996476,0.0,0.0,0.03200000000000003,0.0,0.0,0.0,0.0,0.0,3.552713678800501e-15,0.0,0.0
GLN 112,R GLN 112,0.0,0.0,0.0,0.0,0.0,0.0,-0.054000000000002046,0.0,0.0,0.05699999999999861,0.0,0.0,0.0,0.0,0.0,0.0030000000000001137,0.0,0.0
GLU 113,R GLU 113,0.0,0.0,0.0,0.0,0.0,0.0,5.36999999999999,0.0,0.0,-5.327000000000005,0.0,0.0,0.0,0.0,0.0,0.04299999999998505,0.0,0.0
GLN 114,R GLN 114,0.0,0.0,0.0,0.0,0.0,0.0,-0.013999999999995794,0.0,0.0,0.014000000000000012,0.0,0.0,0.0,0.0,0.0,0.0,0.0,0.0
ILE 115,R ILE 115,0.0,0.0,0.0,0.0,0.0,0.0,-0.019000000000005457,0.0,0.0,0.018000000000000016,0.0,0.0,0.0,0.0,0.0,-0.0010000000000047748,0.0,0.0
GLY 116,R GLY 116,0.0,0.0,0.0,-0.001000000000000334,0.0,0.0,-0.022999999999996135,0.0,0.0,0.02100000000000013,0.0,0.0,0.0,0.0,0.0,-0.0030000000000005578,0.0,0.0
TRP 117,R TRP 117,0.0,0.0,0.0,0.0,0.0,0.0,0.009000000000000341,0.0,0.0,-0.01200000000000001,0.0,0.0,0.0,0.0,0.0,-0.0029999999999983373,0.0,0.0
MET 118,R MET 118,0.0,0.0,0.0,0.0,0.0,0.0,-0.006000000000000227,0.0,0.0,0.006000000000000227,0.0,0.0,0.0,0.0,0.0,0.0,0.0,0.0
THR 119,R THR 119,0.0,0.0,0.0,0.0,0.0,0.0,-0.04299999999999926,0.0,0.0,0.041999999999999815,0.0,0.0,0.0,0.0,0.0,-0.0009999999999976694,0.0,0.0
HID 120,R HID 120,0.0,0.0,0.0,0.0,0.0,0.0,-0.00999999999999801,0.0,0.0,0.008000000000000007,0.0,0.0,0.0,0.0,0.0,-0.001999999999997115,0.0,0.0
ASN 121,R ASN 121,0.0,0.0,0.0,0.0,0.0,0.0,-0.06300000000000239,0.0,0.0,0.06400000000000006,0.0,0.0,0.0,0.0,0.0,0.0009999999999976694,0.0,0.0
PRO 122,R PRO 122,0.0,0.0,0.0,0.0,0.0,0.0,-0.007000000000005002,0.0,0.0,0.009000000000000341,0.0,0.0,0.0,0.0,0.0,0.001999999999995339,0.0,0.0
PRO 123,R PRO 123,0.0,0.0,0.0,0.0,0.0,0.0,-0.01999999999999602,0.0,0.0,0.020000000000000462,0.0,0.0,0.0,0.0,0.0,3.552713678800501e-15,0.0,0.0
ILE 124,R ILE 124,0.0,0.0,0.0,-0.0009999999999994458,0.0,0.0,-0.003999999999990678,0.0,0.0,0.0050000000000000044,0.0,0.0,0.0,0.0,0.0,7.105427357601002e-15,0.0,0.0
PRO 125,R PRO 125,0.0,0.0,0.0,0.0,0.0,0.0,0.04999999999999716,0.0,0.0,-0.052000000000000046,0.0,0.0,0.0,0.0,0.0,-0.0020000000000024443,0.0,0.0
VAL 126,R VAL 126,0.0,0.0,0.0,-0.0009999999999994458,0.0,0.0,0.060000000000002274,0.0,0.0,-0.062,0.0,0.0,0.0,0.0,0.0,-0.002999999999996561,0.0,0.0
GLY 127,R GLY 127,0.0,0.0,0.0,0.0,0.0,0.0,0.07099999999999795,0.0,0.0,-0.07,0.0,0.0,0.0,0.0,0.0,0.0009999999999976694,0.0,0.0
GLU 128,R GLU 128,0.0,0.0,0.0,-0.001000000000000334,0.0,0.0,6.507000000000005,0.0,0.0,-6.510999999999996,0.0,0.0,0.0,0.0,0.0,-0.004999999999981242,0.0,0.0
ILE 129,R ILE 129,0.0,0.0,0.0,0.0,0.0,0.0,0.09900000000000375,0.0,0.0,-0.09999999999999998,0.0,0.0,0.0,0.0,0.0,-0.000999999999995893,0.0,0.0
TYR 130,R TYR 130,0.0,0.0,0.0,-0.0010000000000012221,0.0,0.0,0.10999999999999943,0.0,0.0,-0.10799999999999998,0.0,0.0,0.0,0.0,0.0,0.000999999999995893,0.0,0.0
LYS 131,R LYS 131,0.0,0.0,0.0,-0.0009999999999994458,0.0,0.0,-6.533999999999992,0.0,0.0,6.530999999999995,0.0,0.0,0.0,0.0,0.0,-0.004000000000001336,0.0,0.0
ARG 132,R ARG 132,0.0,0.0,0.0,-0.0010000000000012221,0.0,0.0,-7.144999999999996,0.0,0.0,7.122,0.0,0.0,0.0,0.0,0.0,-0.02400000000000091,0.0,0.0
TRP 133,R TRP 133,0.0,0.0,0.0,-0.0010000000000012221,0.0,0.0,0.13300000000000978,0.0,0.0,-0.12699999999999978,0.0,0.0,0.0,0.0,0.0,0.005000000000006111,0.0,0.0
ILE 134,R ILE 134,0.0,0.0,0.0,-0.002000000000000668,0.0,0.0,0.1360000000000099,0.0,0.0,-0.133,0.0,0.0,0.0,0.0,0.0,0.0010000000000145448,0.0,0.0
ILE 135,R ILE 135,0.0,0.0,0.0,-0.0030000000000001137,0.0,0.0,0.19700000000000273,0.0,0.0,-0.193,0.0,0.0,0.0,0.0,0.0,0.0010000000000029985,0.0,0.0
LEU 136,R LEU 136,0.0,0.0,0.0,-0.0009999999999994458,0.0,0.0,0.2049999999999983,0.0,0.0,-0.20100000000000007,0.0,0.0,0.0,0.0,0.0,0.0030000000000001137,0.0,0.0
GLY 137,R GLY 137,0.0,0.0,0.0,-0.001000000000000334,0.0,0.0,0.2330000000000041,0.0,0.0,-0.22700000000000004,0.0,0.0,0.0,0.0,0.0,0.005000000000013216,0.0,0.0
LEU 138,R LEU 138,0.0,0.0,0.0,-0.006999999999999673,0.0,0.0,0.3130000000000024,0.0,0.0,-0.30500000000000005,0.0,0.0,0.0,0.0,0.0,0.0010000000000047748,0.0,0.0
ASN 139,R ASN 139,0.0,0.0,0.0,-0.0030000000000001137,0.0,0.0,0.5930000000000035,0.0,0.0,-0.5830000000000002,0.0,0.0,0.0,0.0,0.0,0.007000000000005002,0.0,0.0
LYS 140,R LYS 140,0.0,0.0,0.0,-0.0039999999999995595,0.0,0.0,-7.943999999999988,0.0,0.0,7.8799999999999955,0.0,0.0,0.0,0.0,0.0,-0.06799999999999784,0.0,0.0
ILE 141,R ILE 141,0.0,0.0,0.0,-0.012000000000000455,0.0,0.0,0.46000000000000796,0.0,0.0,-0.44700000000000006,0.0,0.0,0.0,0.0,0.0,0.0010000000000074394,0.0,0.0
VAL 142,R VAL 142,0.0,0.0,0.0,-0.0129999999999999,0.0,0.0,0.5970000000000013,0.0,0.0,-0.585,0.0,0.0,0.0,0.0,0.0,-0.0010000000000029985,0.0,0.0
ARG 143,R ARG 143,0.0,0.0,0.0,-0.006999999999999673,0.0,0.0,-9.221999999999994,0.0,0.0,9.137,0.0,0.0,0.0,0.0,0.0,-0.09199999999998454,0.0,0.0
MET 144,R MET 144,0.0,0.0,0.0,-0.009999999999999787,0.0,0.0,0.5220000000000056,0.0,0.0,-0.5090000000000003,0.0,0.0,0.0,0.0,0.0,0.0030000000000143245,0.0,0.0
TYR 145,R TYR 145,0.0,0.0,0.0,-0.0600000000000005,0.0,0.0,-0.5200000000000102,0.0,0.0,0.49799999999999933,0.0,0.0,0.0,0.0,0.0,-0.08200000000001317,0.0,0.0
SER 146,R SER 146,0.0,0.0,0.0,-0.06399999999999961,0.0,0.0,-0.1739999999999995,0.0,0.0,0.20899999999999963,0.0,0.0,0.0,0.0,0.0,-0.02900000000000702,0.0,0.0
PRO 147,R PRO 147,0.0,0.0,0.0,-0.14600000000000035,0.0,0.0,0.45600000000000307,0.0,0.0,-0.4870000000000001,0.0,0.0,0.0,0.0,0.0,-0.17699999999999605,0.0,0.0
THR 148,R THR 148,0.0,0.0,0.0,-2.636,0.0,0.0,2.5790000000000006,0.0,0.0,-0.745000000000001,0.0,0.0,0.0,0.0,0.0,-0.8019999999999996,0.0,0.0
SER 149,R SER 149,0.0,0.0,0.0,-3.231,0.0,0.0,-4.826999999999998,0.0,0.0,6.144,0.0,0.0,0.0,0.0,0.0,-1.9139999999999997,0.0,0.0
ILE 150,R ILE 150,19.403999999999996,0.0,0.0,-8.573,0.0,0.0,-32.782,0.0,0.0,8.907,0.0,0.0,0.0,0.0,0.0,-13.044000000000011,0.0,0.0
LEU 151,L LEU   1,20.665,0.0,0.0,-2.442,0.0,0.0,-24.594,0.0,0.0,1.213,0.0,0.0,0.0,0.0,0.0,-5.158000000000001,0.0,0.0
ASP 152,L ASP   2,0.0,0.0,0.0,-1.713,0.0,0.0,18.448999999999998,0.0,0.0,-16.159000000000006,0.0,0.0,0.0,0.0,0.0,0.5769999999999982,0.0,0.0
ILE 153,L ILE   3,0.0,0.0,0.0,-1.2649999999999997,0.0,0.0,-2.4980000000000047,0.0,0.0,0.813,0.0,0.0,0.0,0.0,0.0,-2.9500000000000046,0.0,0.0
ARG 154,L ARG   4,0.0,0.0,0.0,-0.11899999999999977,0.0,0.0,-12.100000000000001,0.0,0.0,11.897,0.0,0.0,0.0,0.0,0.0,-0.3219999999999743,0.0,0.0
GLN 155,L GLN   5,0.0,0.0,0.0,-0.02400000000000091,0.0,0.0,-0.21099999999999852,0.0,0.0,0.18999999999999995,0.0,0.0,0.0,0.0,0.0,-0.045000000000001705,0.0,0.0
GLY 156,L GLY   6,0.0,0.0,0.0,-0.010000000000000231,0.0,0.0,-0.41100000000000136,0.0,0.0,0.4049999999999998,0.0,0.0,0.0,0.0,0.0,-0.01600000000000712,0.0,0.0
PRO 157,L PRO   7,0.0,0.0,0.0,-0.008999999999999897,0.0,0.0,-0.25900000000000034,0.0,0.0,0.24899999999999967,0.0,0.0,0.0,0.0,0.0,-0.019000000000001904,0.0,0.0
LYS 158,L LYS   8,0.0,0.0,0.0,-0.009000000000000341,0.0,0.0,-10.660999999999987,0.0,0.0,10.469999999999999,0.0,0.0,0.0,0.0,0.0,-0.19999999999998863,0.0,0.0
GLU 159,L GLU   9,0.0,0.0,0.0,-0.038000000000000256,0.0,0.0,16.489999999999995,0.0,0.0,-16.035000000000004,0.0,0.0,0.0,0.0,0.0,0.4169999999999945,0.0,0.0
PRO 160,L PRO  10,0.0,0.0,0.0,-0.011999999999999567,0.0,0.0,0.6780000000000044,0.0,0.0,-0.6330000000000001,0.0,0.0,0.0,0.0,0.0,0.03300000000000303,0.0,0.0
PHE 161,L PHE  11,0.0,0.0,0.0,-0.014000000000001123,0.0,0.0,0.6219999999999999,0.0,0.0,-0.558,0.0,0.0,0.0,0.0,0.0,0.05000000000000426,0.0,0.0
ARG 162,L ARG  12,0.0,0.0,0.0,-0.016000000000000014,0.0,0.0,-7.225,0.0,0.0,7.211000000000002,0.0,0.0,0.0,0.0,0.0,-0.03000000000002956,0.0,0.0
ASP 163,L ASP  13,0.0,0.0,0.0,-0.04300000000000015,0.0,0.0,14.741999999999997,0.0,0.0,-14.457000000000008,0.0,0.0,0.0,0.0,0.0,0.24199999999999022,0.0,0.0
TYR 164,L TYR  14,0.0,0.0,0.0,-0.08600000000000207,0.0,0.0,1.262999999999991,0.0,0.0,-1.032,0.0,0.0,0.0,0.0,0.0,0.14499999999997826,0.0,0.0
VAL 165,L VAL  15,0.0,0.0,0.0,-0.04499999999999993,0.0,0.0,0.695999999999998,0.0,0.0,-0.5390000000000001,0.0,0.0,0.0,0.0,0.0,0.11199999999999655,0.0,0.0
ASP 166,L ASP  16,0.0,0.0,0.0,-0.19600000000000062,0.0,0.0,23.939000000000007,0.0,0.0,-22.896,0.0,0.0,0.0,0.0,0.0,0.8470000000000084,0.0,0.0
ARG 167,L ARG  17,0.0,0.0,0.0,-0.4410000000000007,0.0,0.0,-20.334,0.0,0.0,19.748000000000005,0.0,0.0,0.0,0.0,0.0,-1.0269999999999584,0.0,0.0
PHE 168,L PHE  18,0.0,0.0,0.0,-1.227999999999998,0.0,0.0,0.2539999999999907,0.0,0.0,0.448,0.0,0.0,0.0,0.0,0.0,-0.5260000000000034,0.0,0.0
TYR 169,L TYR  19,0.0,0.0,0.0,-0.35999999999999943,0.0,0.0,-0.8389999999999986,0.0,0.0,0.8680000000000001,0.0,0.0,0.0,0.0,0.0,-0.33099999999999863,0.0,0.0
LYS 170,L LYS  20,0.0,0.0,0.0,-3.2380000000000004,0.0,0.0,-34.007000000000005,0.0,0.0,33.941,0.0,0.0,0.0,0.0,0.0,-3.304000000000002,0.0,0.0
THR 171,L THR  21,0.0,0.0,0.0,-2.220999999999999,0.0,0.0,0.08200000000000074,0.0,0.0,0.5070000000000001,0.0,0.0,0.0,0.0,0.0,-1.6319999999999943,0.0,0.0
LEU 172,L LEU  22,0.0,0.0,0.0,-1.1579999999999995,0.0,0.0,-1.0210000000000008,0.0,0.0,0.8250000000000001,0.0,0.0,0.0,0.0,0.0,-1.3539999999999957,0.0,0.0
ARG 173,L ARG  23,0.0,0.0,0.0,-0.19299999999999962,0.0,0.0,-36.335,0.0,0.0,23.637,0.0,0.0,0.0,0.0,0.0,-12.89100000000002,0.0,0.0
ALA 174,L ALA  24,0.0,0.0,0.0,-2.7729999999999997,0.0,0.0,-2.4170000000000016,0.0,0.0,2.642,0.0,0.0,0.0,0.0,0.0,-2.547999999999998,0.0,0.0
GLU 175,L GLU  25,0.0,0.0,0.0,-2.609,0.0,0.0,2.625,0.0,0.0,6.779000000000011,0.0,0.0,0.0,0.0,0.0,6.795000000000016,0.0,0.0
GLN 176,L GLN  26,0.0,0.0,0.0,-0.5789999999999997,0.0,0.0,-1.3430000000000035,0.0,0.0,1.1240000000000006,0.0,0.0,0.0,0.0,0.0,-0.7980000000000018,0.0,0.0
ALA 177,L ALA  27,0.0,0.0,0.0,-0.07499999999999929,0.0,0.0,-0.3580000000000041,0.0,0.0,0.31699999999999995,0.0,0.0,0.0,0.0,0.0,-0.11600000000000588,0.0,0.0
SER 178,L SER  28,0.0,0.0,0.0,-0.019000000000000128,0.0,0.0,0.4549999999999983,0.0,0.0,-0.43699999999999994,0.0,0.0,0.0,0.0,0.0,-0.0010000000000071063,0.0,0.0
GLN 179,L GLN  29,0.0,0.0,0.0,-0.014000000000000234,0.0,0.0,0.4819999999999993,0.0,0.0,-0.47199999999999953,0.0,0.0,0.0,0.0,0.0,-0.003999999999997783,0.0,0.0
GLU 180,L GLU  30,0.0,0.0,0.0,-0.010000000000000231,0.0,0.0,5.048000000000002,0.0,0.0,-4.953000000000003,0.0,0.0,0.0,0.0,0.0,0.08500000000000796,0.0,0.0
VAL 181,L VAL  31,0.0,0.0,0.0,-0.07600000000000051,0.0,0.0,0.14000000000000057,0.0,0.0,-0.15500000000000003,0.0,0.0,0.0,0.0,0.0,-0.09099999999999997,0.0,0.0
LYS 182,L LYS  32,0.0,0.0,0.0,-0.062000000000001165,0.0,0.0,-5.257999999999996,0.0,0.0,5.091999999999999,0.0,0.0,0.0,0.0,0.0,-0.22799999999999443,0.0,0.0
ASN 183,L ASN  33,0.0,0.0,0.0,-0.01100000000000012,0.0,0.0,0.22700000000000387,0.0,0.0,-0.24300000000000033,0.0,0.0,0.0,0.0,0.0,-0.027000000000001023,0.0,0.0
TRP 184,L TRP  34,0.0,0.0,0.0,-0.0389999999999997,0.0,0.0,0.17900000000000205,0.0,0.0,-0.17100000000000026,0.0,0.0,0.0,0.0,0.0,-0.030999999999998806,0.0,0.0
MET 185,L MET  35,0.0,0.0,0.0,-0.4560000000000013,0.0,0.0,0.3709999999999951,0.0,0.0,-0.271,0.0,0.0,0.0,0.0,0.0,-0.3560000000000081,0.0,0.0
THR 186,L THR  36,0.0,0.0,0.0,-0.025000000000000355,0.0,0.0,0.3230000000000004,0.0,0.0,-0.282,0.0,0.0,0.0,0.0,0.0,0.01600000000000179,0.0,0.0
GLU 187,L GLU  37,0.0,0.0,0.0,-0.008000000000000007,0.0,0.0,6.2010000000000005,0.0,0.0,-6.215999999999994,0.0,0.0,0.0,0.0,0.0,-0.02300000000000324,0.0,0.0
THR 188,L THR  38,0.0,0.0,0.0,-0.017999999999999794,0.0,0.0,0.2359999999999971,0.0,0.0,-0.20700000000000002,0.0,0.0,0.0,0.0,0.0,0.01099999999999568,0.0,0.0
LEU 189,L LEU  39,0.0,0.0,0.0,-0.8830000000000009,0.0,0.0,0.23199999999999932,0.0,0.0,-0.18200000000000016,0.0,0.0,0.0,0.0,0.0,-0.8329999999999966,0.0,0.0
LEU 190,L LEU  40,0.0,0.0,0.0,-0.06299999999999883,0.0,0.0,0.3049999999999926,0.0,0.0,-0.25799999999999995,0.0,0.0,0.0,0.0,0.0,-0.016000000000008896,0.0,0.0
VAL 191,L VAL  41,0.0,0.0,0.0,-0.010999999999999233,0.0,0.0,0.19599999999999795,0.0,0.0,-0.166,0.0,0.0,0.0,0.0,0.0,0.01900000000000368,0.0,0.0
GLN 192,L GLN  42,0.0,0.0,0.0,-0.017999999999998906,0.0,0.0,0.18000000000000682,0.0,0.0,-0.21599999999999975,0.0,0.0,0.0,0.0,0.0,-0.05399999999999494,0.0,0.0
ASN 193,L ASN  43,0.0,0.0,0.0,-0.2870000000000008,0.0,0.0,-1.5769999999999982,0.0,0.0,0.39,0.0,0.0,0.0,0.0,0.0,-1.4740000000000038,0.0,0.0
ALA 194,L ALA  44,0.0,0.0,0.0,-0.010000000000000675,0.0,0.0,0.12199999999999989,0.0,0.0,-0.1260000000000001,0.0,0.0,0.0,0.0,0.0,-0.01400000000000512,0.0,0.0
ASN 195,L ASN  45,0.0,0.0,0.0,-0.006000000000000227,0.0,0.0,0.38400000000000034,0.0,0.0,-0.3519999999999994,0.0,0.0,0.0,0.0,0.0,0.026000000000003354,0.0,0.0
PRO 196,L PRO  46,0.0,0.0,0.0,-0.0030000000000001137,0.0,0.0,-0.10200000000000387,0.0,0.0,0.09699999999999998,0.0,0.0,0.0,0.0,0.0,-0.008000000000004448,0.0,0.0
ASP 197,L ASP  47,0.0,0.0,0.0,-0.0019999999999997797,0.0,0.0,7.895999999999994,0.0,0.0,-7.825000000000003,0.0,0.0,0.0,0.0,0.0,0.06899999999999551,0.0,0.0
CYX 198,L CYX  48,0.0,0.0,0.0,-0.0030000000000001137,0.0,0.0,-0.27899999999999636,0.0,0.0,0.2689999999999997,0.0,0.0,0.0,0.0,0.0,-0.012999999999996348,0.0,0.0
LYS 199,L LYS  49,0.0,0.0,0.0,-0.005000000000000782,0.0,0.0,-9.631000000000014,0.0,0.0,9.493,0.0,0.0,0.0,0.0,0.0,-0.14300000000000956,0.0,0.0
THR 200,L THR  50,0.0,0.0,0.0,-0.001000000000000334,0.0,0.0,-0.18599999999999994,0.0,0.0,0.18100000000000005,0.0,0.0,0.0,0.0,0.0,-0.00600000000000378,0.0,0.0
ILE 201,L ILE  51,0.0,0.0,0.0,-0.0019999999999997797,0.0,0.0,-0.15800000000000125,0.0,0.0,0.15399999999999997,0.0,0.0,0.0,0.0,0.0,-0.005999999999996675,0.0,0.0
LEU 202,L LEU  52,0.0,0.0,0.0,-0.0030000000000001137,0.0,0.0,-0.1700000000000017,0.0,0.0,0.15799999999999992,0.0,0.0,0.0,0.0,0.0,-0.015000000000000568,0.0,0.0
LYS 203,L LYS  53,0.0,0.0,0.0,-0.0019999999999997797,0.0,0.0,-6.965999999999994,0.0,0.0,6.947999999999997,0.0,0.0,0.0,0.0,0.0,-0.019999999999992468,0.0,0.0
ALA 204,L ALA  54,0.0,0.0,0.0,0.0,0.0,0.0,-0.09600000000000364,0.0,0.0,0.09699999999999998,0.0,0.0,0.0,0.0,0.0,0.000999999999995893,0.0,0.0
LEU 205,L LEU  55,0.0,0.0,0.0,-0.001000000000000334,0.0,0.0,-0.0010000000000047748,0.0,0.0,0.0009999999999998899,0.0,0.0,0.0,0.0,0.0,-0.0010000000000029985,0.0,0.0
GLY 206,L GLY  56,0.0,0.0,0.0,0.0,0.0,0.0,0.10699999999999932,0.0,0.0,-0.10799999999999965,0.0,0.0,0.0,0.0,0.0,-0.0009999999999994458,0.0,0.0
PRO 207,L PRO  57,0.0,0.0,0.0,0.0,0.0,0.0,-0.036999999999999034,0.0,0.0,0.03699999999999992,0.0,0.0,0.0,0.0,0.0,0.0,0.0,0.0
GLY 208,L GLY  58,0.0,0.0,0.0,-0.001000000000000112,0.0,0.0,-0.0589999999999975,0.0,0.0,0.057000000000000384,0.0,0.0,0.0,0.0,0.0,-0.0029999999999947846,0.0,0.0
ALA 209,L ALA  59,0.0,0.0,0.0,-0.001000000000000334,0.0,0.0,0.06799999999999784,0.0,0.0,-0.07500000000000018,0.0,0.0,0.0,0.0,0.0,-0.008000000000007113,0.0,0.0
THR 210,L THR  60,0.0,0.0,0.0,-0.0019999999999997797,0.0,0.0,0.1909999999999954,0.0,0.0,-0.17900000000000027,0.0,0.0,0.0,0.0,0.0,0.009999999999992681,0.0,0.0
LEU 211,L LEU  61,0.0,0.0,0.0,-0.009000000000000341,0.0,0.0,0.17799999999999727,0.0,0.0,-0.15900000000000025,0.0,0.0,0.0,0.0,0.0,0.00999999999999801,0.0,0.0
GLU 212,L GLU  62,0.0,0.0,0.0,-0.0039999999999995595,0.0,0.0,6.131,0.0,0.0,-6.155999999999999,0.0,0.0,0.0,0.0,0.0,-0.028999999999989257,0.0,0.0
GLU 213,L GLU  63,0.0,0.0,0.0,-0.001000000000000334,0.0,0.0,5.509,0.0,0.0,-5.503,0.0,0.0,0.0,0.0,0.0,0.0049999999999954525,0.0,0.0
MET 214,L MET  64,0.0,0.0,0.0,-0.004999999999999005,0.0,0.0,0.16599999999999682,0.0,0.0,-0.14799999999999996,0.0,0.0,0.0,0.0,0.0,0.013000000000001677,0.0,0.0
MET 215,L MET  65,0.0,0.0,0.0,-0.008000000000000895,0.0,0.0,0.3400000000000034,0.0,0.0,-0.337,0.0,0.0,0.0,0.0,0.0,-0.0049999999999919,0.0,0.0
THR 216,L THR  66,0.0,0.0,0.0,-0.002000000000000224,0.0,0.0,-0.03300000000000125,0.0,0.0,0.03299999999999992,0.0,0.0,0.0,0.0,0.0,-0.0020000000000024443,0.0,0.0
ALA 217,L ALA  67,0.0,0.0,0.0,-0.001000000000000334,0.0,0.0,-0.03900000000000148,0.0,0.0,0.03600000000000003,0.0,0.0,0.0,0.0,0.0,-0.003999999999991566,0.0,0.0
CYX 218,L CYX  68,0.0,0.0,0.0,-0.0030000000000001137,0.0,0.0,-0.015000000000000568,0.0,0.0,0.009999999999999787,0.0,0.0,0.0,0.0,0.0,-0.008000000000002672,0.0,0.0
GLN 219,L GLN  69,0.0,0.0,0.0,-0.0030000000000001137,0.0,0.0,0.24500000000000455,0.0,0.0,-0.23799999999999955,0.0,0.0,0.0,0.0,0.0,0.0040000000000048885,0.0,0.0
GLY 220,L GLY  70,0.0,0.0,0.0,-0.002000000000000224,0.0,0.0,-0.3030000000000115,0.0,0.0,0.2939999999999996,0.0,0.0,0.0,0.0,0.0,-0.011000000000007226,0.0,0.0
VAL 221,L VAL  71,0.0,0.0,0.0,-0.0030000000000001137,0.0,0.0,8.624999999999996,0.0,0.0,-8.517999999999986,0.0,0.0,0.0,0.0,0.0,0.1039999999999992,0.0,0.0

