| Run on Thu Jan 29 17:42:09 2026
| GB non-polar solvation energies calculated with gbsa=2
idecomp = 1: Per-residue decomp adding 1-4 interactions to Internal.
Energy Decomposition Analysis (All units kcal/mol): Generalized Born solvent
Complex:
Total Energy Decomposition:
Residue,Internal,,,van der Waals,,,Electrostatic,,,Polar Solvation,,,Non-Polar Solv.,,,TOTAL,,
,Avg.,Std. Dev.,Std. Err. of Mean,Avg.,Std. Dev.,Std. Err. of Mean,Avg.,Std. Dev.,Std. Err. of Mean,Avg.,Std. Dev.,Std. Err. of Mean,Avg.,Std. Dev.,Std. Err. of Mean,Avg.,Std. Dev.,Std. Err. of Mean
PRO   1,101.524,0.0,0.0,-7.065,0.0,0.0,-107.026,0.0,0.0,7.231,0.0,0.0,0.10218326000000001,0.0,0.0,-5.233816739999993,0.0,0.0
ILE   2,97.989,0.0,0.0,-5.832,0.0,0.0,-74.873,0.0,0.0,-2.545,0.0,0.0,0.1659333,0.0,0.0,14.904933300000007,0.0,0.0
VAL   3,58.26,0.0,0.0,-6.305,0.0,0.0,-59.744,0.0,0.0,-1.389,0.0,0.0,0.37451116,0.0,0.0,-8.80348884,0.0,0.0
GLN   4,23.158,0.0,0.0,-5.12,0.0,0.0,-63.007,0.0,0.0,-12.32,0.0,0.0,0.66929954,0.0,0.0,-56.61970046,0.0,0.0
ASN   5,30.812,0.0,0.0,-4.993,0.0,0.0,-81.731,0.0,0.0,-12.146,0.0,0.0,0.29853902000000004,0.0,0.0,-67.75946097999999,0.0,0.0
LEU   6,64.001,0.0,0.0,-3.177,0.0,0.0,-63.508,0.0,0.0,-9.374,0.0,0.0,0.9953775800000001,0.0,0.0,-11.062622419999999,0.0,0.0
GLN   7,40.534,0.0,0.0,-3.997,0.0,0.0,-69.474,0.0,0.0,-19.99,0.0,0.0,0.83150388,0.0,0.0,-52.09549612000001,0.0,0.0
GLY   8,75.785,0.0,0.0,-1.875,0.0,0.0,-75.163,0.0,0.0,-3.674,0.0,0.0,0.22977006000000003,0.0,0.0,-4.69722994,0.0,0.0
GLN   9,34.811,0.0,0.0,-4.812,0.0,0.0,-74.505,0.0,0.0,-14.302,0.0,0.0,0.69575456,0.0,0.0,-58.11224544,0.0,0.0
MET  10,100.018,0.0,0.0,-7.463,0.0,0.0,-78.356,0.0,0.0,-6.946,0.0,0.0,0.44040752000000005,0.0,0.0,7.6934075200000125,0.0,0.0
VAL  11,54.353,0.0,0.0,-5.266,0.0,0.0,-57.894,0.0,0.0,-3.003,0.0,0.0,0.4558762,0.0,0.0,-11.354123799999995,0.0,0.0
HID  12,89.791,0.0,0.0,-6.431,0.0,0.0,-54.504,0.0,0.0,-18.702,0.0,0.0,0.71004168,0.0,0.0,10.86404168,0.0,0.0
GLN  13,25.694,0.0,0.0,-5.375,0.0,0.0,-68.038,0.0,0.0,-13.028,0.0,0.0,0.54624386,0.0,0.0,-60.200756139999996,0.0,0.0
ALA  14,95.408,0.0,0.0,-3.17,0.0,0.0,-81.58,0.0,0.0,-1.201,0.0,0.0,0.46769722,0.0,0.0,9.92469722,0.0,0.0
ILE  15,95.132,0.0,0.0,-7.659,0.0,0.0,-73.037,0.0,0.0,-5.072,0.0,0.0,0.18789514000000002,0.0,0.0,9.551895139999994,0.0,0.0
SER  16,69.789,0.0,0.0,-5.151,0.0,0.0,-45.015,0.0,0.0,-9.194,0.0,0.0,0.29737372,0.0,0.0,10.726373720000003,0.0,0.0
PRO  17,90.325,0.0,0.0,-4.347,0.0,0.0,-59.824,0.0,0.0,-4.328,0.0,0.0,0.57753352,0.0,0.0,22.40353352000001,0.0,0.0
ARG  18,-180.464,0.0,0.0,-6.02,0.0,0.0,66.737,0.0,0.0,-50.03,0.0,0.0,1.1631103200000001,0.0,0.0,-168.61388968000003,0.0,0.0
THR  19,46.097,0.0,0.0,-7.312,0.0,0.0,-52.975,0.0,0.0,-6.084,0.0,0.0,0.19379752,0.0,0.0,-20.080202479999997,0.0,0.0
LEU  20,55.366,0.0,0.0,-7.229,0.0,0.0,-57.026,0.0,0.0,-4.071,0.0,0.0,0.20679468000000004,0.0,0.0,-12.753205320000003,0.0,0.0
ASN  21,34.97,0.0,0.0,-5.853,0.0,0.0,-94.322,0.0,0.0,-9.619,0.0,0.0,0.38393112,0.0,0.0,-74.44006888000001,0.0,0.0
ALA  22,95.394,0.0,0.0,-5.931,0.0,0.0,-83.149,0.0,0.0,-3.074,0.0,0.0,0.22062110000000001,0.0,0.0,3.460621100000007,0.0,0.0
TRP  23,129.26,0.0,0.0,-18.265,0.0,0.0,-97.513,0.0,0.0,-6.198,0.0,0.0,0.030102680000000003,0.0,0.0,7.314102679999984,0.0,0.0
VAL  24,64.022,0.0,0.0,-4.846,0.0,0.0,-54.94,0.0,0.0,-7.6,0.0,0.0,0.32192632000000004,0.0,0.0,-3.0420736799999952,0.0,0.0
LYS  25,130.558,0.0,0.0,-7.5,0.0,0.0,-120.711,0.0,0.0,-20.694,0.0,0.0,0.6859877200000001,0.0,0.0,-17.661012280000005,0.0,0.0
VAL  26,66.026,0.0,0.0,-9.114,0.0,0.0,-67.501,0.0,0.0,-3.718,0.0,0.0,0.03986952,0.0,0.0,-14.267130480000013,0.0,0.0
VAL  27,41.137,0.0,0.0,-7.519,0.0,0.0,-46.988,0.0,0.0,-4.322,0.0,0.0,0.051381600000000006,0.0,0.0,-17.640618399999997,0.0,0.0
GLU  28,93.307,0.0,0.0,-6.579,0.0,0.0,-45.632,0.0,0.0,-96.67,0.0,0.0,0.63304516,0.0,0.0,-54.94095483999999,0.0,0.0
GLU  29,110.095,0.0,0.0,-5.841,0.0,0.0,-52.049,0.0,0.0,-98.042,0.0,0.0,0.7541550600000001,0.0,0.0,-45.082844939999994,0.0,0.0
LYS  30,116.764,0.0,0.0,-4.477,0.0,0.0,-137.311,0.0,0.0,4.565,0.0,0.0,0.42942118,0.0,0.0,-20.029578820000015,0.0,0.0
ALA  31,83.207,0.0,0.0,-2.816,0.0,0.0,-74.879,0.0,0.0,-4.173,0.0,0.0,0.41116662000000004,0.0,0.0,1.7501666199999861,0.0,0.0
PHE  32,104.699,0.0,0.0,-11.021,0.0,0.0,-80.937,0.0,0.0,-6.197,0.0,0.0,0.09052484000000001,0.0,0.0,6.634524839999999,0.0,0.0
SER  33,85.859,0.0,0.0,-3.709,0.0,0.0,-69.338,0.0,0.0,-3.975,0.0,0.0,0.23608436000000002,0.0,0.0,9.073084359999998,0.0,0.0
PRO  34,74.766,0.0,0.0,-7.304,0.0,0.0,-56.089,0.0,0.0,-2.361,0.0,0.0,0.15387922,0.0,0.0,9.165879220000004,0.0,0.0
GLU  35,105.947,0.0,0.0,-5.767,0.0,0.0,-108.185,0.0,0.0,-45.356,0.0,0.0,0.42576810000000004,0.0,0.0,-52.9352319,0.0,0.0
VAL  36,56.728,0.0,0.0,-9.002,0.0,0.0,-57.945,0.0,0.0,-0.251,0.0,0.0,0.00072086,0.0,0.0,-10.469279140000001,0.0,0.0
ILE  37,94.635,0.0,0.0,-6.163,0.0,0.0,-64.198,0.0,0.0,-2.297,0.0,0.0,0.22081080000000003,0.0,0.0,22.197810800000013,0.0,0.0
PRO  38,81.809,0.0,0.0,-6.851,0.0,0.0,-57.453,0.0,0.0,-4.751,0.0,0.0,0.38618042,0.0,0.0,13.140180419999995,0.0,0.0
MET  39,91.209,0.0,0.0,-8.841,0.0,0.0,-70.643,0.0,0.0,-3.506,0.0,0.0,0.35576880000000005,0.0,0.0,8.574768800000008,0.0,0.0
PHE  40,101.824,0.0,0.0,-13.633,0.0,0.0,-83.358,0.0,0.0,-2.567,0.0,0.0,0.0053387,0.0,0.0,2.271338699999998,0.0,0.0
SER  41,79.1,0.0,0.0,-4.99,0.0,0.0,-67.516,0.0,0.0,-5.907,0.0,0.0,0.20852908,0.0,0.0,0.8955290799999941,0.0,0.0
ALA  42,85.266,0.0,0.0,-4.945,0.0,0.0,-66.469,0.0,0.0,-5.865,0.0,0.0,0.35006154000000006,0.0,0.0,8.337061540000004,0.0,0.0
LEU  43,72.717,0.0,0.0,-8.908,0.0,0.0,-74.998,0.0,0.0,-5.387,0.0,0.0,0.19078942000000002,0.0,0.0,-16.385210580000006,0.0,0.0
SER  44,73.403,0.0,0.0,-7.623,0.0,0.0,-76.608,0.0,0.0,1.558,0.0,0.0,0.0021571600000000004,0.0,0.0,-9.267842840000004,0.0,0.0
GLU  45,102.345,0.0,0.0,-6.059,0.0,0.0,-57.351,0.0,0.0,-87.741,0.0,0.0,0.7130281,0.0,0.0,-48.092971899999995,0.0,0.0
GLY  46,71.603,0.0,0.0,-2.132,0.0,0.0,-67.743,0.0,0.0,-1.307,0.0,0.0,0.0859612,0.0,0.0,0.5069611999999944,0.0,0.0
ALA  47,100.5,0.0,0.0,-6.466,0.0,0.0,-88.15,0.0,0.0,-1.634,0.0,0.0,0.025067500000000003,0.0,0.0,4.2750675,0.0,0.0
THR  48,64.541,0.0,0.0,-8.664,0.0,0.0,-62.947,0.0,0.0,-0.38,0.0,0.0,0.0177505,0.0,0.0,-7.432249500000007,0.0,0.0
PRO  49,78.648,0.0,0.0,-11.308,0.0,0.0,-55.604,0.0,0.0,-0.447,0.0,0.0,0.0,0.0,0.0,11.289000000000005,0.0,0.0
GLN  50,32.527,0.0,0.0,-8.284,0.0,0.0,-74.504,0.0,0.0,-7.335,0.0,0.0,0.34567134000000005,0.0,0.0,-57.25032866,0.0,0.0
ASP  51,92.664,0.0,0.0,-6.612,0.0,0.0,-124.697,0.0,0.0,-21.197,0.0,0.0,0.057918120000000003,0.0,0.0,-59.78408188,0.0,0.0
LEU  52,67.108,0.0,0.0,-11.735,0.0,0.0,-69.454,0.0,0.0,0.237,0.0,0.0,0.0017886000000000002,0.0,0.0,-13.84221139999999,0.0,0.0
ASN  53,37.288,0.0,0.0,-8.331,0.0,0.0,-99.787,0.0,0.0,-2.692,0.0,0.0,0.16927202000000002,0.0,0.0,-73.35272798000003,0.0,0.0
THR  54,54.074,0.0,0.0,-6.977,0.0,0.0,-67.476,0.0,0.0,-2.519,0.0,0.0,0.30101596,0.0,0.0,-22.596984040000002,0.0,0.0
MET  55,84.169,0.0,0.0,-9.052,0.0,0.0,-67.342,0.0,0.0,-1.081,0.0,0.0,0.0127912,0.0,0.0,6.706791199999992,0.0,0.0
LEU  56,70.233,0.0,0.0,-9.028,0.0,0.0,-72.044,0.0,0.0,-0.753,0.0,0.0,0.1472072,0.0,0.0,-11.444792799999991,0.0,0.0
ASN  57,49.587,0.0,0.0,-6.043,0.0,0.0,-101.507,0.0,0.0,-13.583,0.0,0.0,0.62591786,0.0,0.0,-70.92008214,0.0,0.0
THR  58,66.217,0.0,0.0,-6.67,0.0,0.0,-67.279,0.0,0.0,-5.833,0.0,0.0,0.20865916,0.0,0.0,-13.35634084,0.0,0.0
VAL  59,39.68,0.0,0.0,-6.325,0.0,0.0,-40.25,0.0,0.0,-1.478,0.0,0.0,0.00072086,0.0,0.0,-8.372279140000003,0.0,0.0
ALA  60,88.531,0.0,0.0,-4.471,0.0,0.0,-62.877,0.0,0.0,-4.002,0.0,0.0,0.25407334000000004,0.0,0.0,17.435073340000002,0.0,0.0
PRO  61,79.58,0.0,0.0,-3.74,0.0,0.0,-60.159,0.0,0.0,-2.764,0.0,0.0,0.6237607000000001,0.0,0.0,13.540760700000005,0.0,0.0
HID  62,102.234,0.0,0.0,-7.738,0.0,0.0,-69.281,0.0,0.0,-12.896,0.0,0.0,0.41561644000000003,0.0,0.0,12.73461643999999,0.0,0.0
GLN  63,26.385,0.0,0.0,-4.827,0.0,0.0,-62.582,0.0,0.0,-15.185,0.0,0.0,0.7433909400000001,0.0,0.0,-55.465609060000006,0.0,0.0
ALA  64,83.371,0.0,0.0,-4.775,0.0,0.0,-68.191,0.0,0.0,-4.637,0.0,0.0,0.32919996,0.0,0.0,6.097199959999988,0.0,0.0
ALA  65,88.587,0.0,0.0,-7.384,0.0,0.0,-74.58,0.0,0.0,-2.202,0.0,0.0,0.00779396,0.0,0.0,4.428793960000005,0.0,0.0
ALA  66,93.974,0.0,0.0,-7.055,0.0,0.0,-83.969,0.0,0.0,-0.689,0.0,0.0,0.0132519,0.0,0.0,2.274251900000017,0.0,0.0
GLN  67,44.647,0.0,0.0,-7.779,0.0,0.0,-85.706,0.0,0.0,-5.675,0.0,0.0,0.39496082,0.0,0.0,-54.118039180000004,0.0,0.0
MET  68,93.226,0.0,0.0,-11.06,0.0,0.0,-74.667,0.0,0.0,-0.559,0.0,0.0,0.27592678000000004,0.0,0.0,7.215926779999995,0.0,0.0
LEU  69,76.875,0.0,0.0,-11.357,0.0,0.0,-74.245,0.0,0.0,-2.788,0.0,0.0,0.017284380000000002,0.0,0.0,-11.497715620000005,0.0,0.0
LYS  70,125.979,0.0,0.0,-9.546,0.0,0.0,-121.128,0.0,0.0,-18.103,0.0,0.0,0.58543588,0.0,0.0,-22.21256412000001,0.0,0.0
GLU  71,110.312,0.0,0.0,-6.66,0.0,0.0,-68.453,0.0,0.0,-95.544,0.0,0.0,0.7153478600000001,0.0,0.0,-59.62965214,0.0,0.0
THR  72,47.023,0.0,0.0,-9.899,0.0,0.0,-56.544,0.0,0.0,-4.007,0.0,0.0,0.01510554,0.0,0.0,-23.411894459999992,0.0,0.0
ILE  73,72.928,0.0,0.0,-11.341,0.0,0.0,-50.696,0.0,0.0,-4.673,0.0,0.0,0.02301874,0.0,0.0,6.241018739999999,0.0,0.0
ASN  74,21.971,0.0,0.0,-6.663,0.0,0.0,-77.105,0.0,0.0,-12.358,0.0,0.0,0.56810814,0.0,0.0,-73.58689186,0.0,0.0
GLU  75,105.169,0.0,0.0,-6.654,0.0,0.0,-50.298,0.0,0.0,-105.358,0.0,0.0,0.6585029000000001,0.0,0.0,-56.4824971,0.0,0.0
GLU  76,94.792,0.0,0.0,-10.341,0.0,0.0,-26.792,0.0,0.0,-113.71,0.0,0.0,0.20846404000000002,0.0,0.0,-55.842535959999985,0.0,0.0
ALA  77,81.284,0.0,0.0,-7.732,0.0,0.0,-72.554,0.0,0.0,-1.78,0.0,0.0,0.05938152,0.0,0.0,-0.7226184799999954,0.0,0.0
ALA  78,96.535,0.0,0.0,-5.86,0.0,0.0,-86.425,0.0,0.0,-0.199,0.0,0.0,0.26599734,0.0,0.0,4.31699734,0.0,0.0
GLU  79,110.906,0.0,0.0,-8.122,0.0,0.0,-43.477,0.0,0.0,-109.542,0.0,0.0,0.392137,0.0,0.0,-49.842862999999994,0.0,0.0
TRP  80,112.918,0.0,0.0,-15.861,0.0,0.0,-89.647,0.0,0.0,-1.063,0.0,0.0,0.2237105,0.0,0.0,6.570710499999997,0.0,0.0
ASP  81,102.847,0.0,0.0,-9.152,0.0,0.0,-87.935,0.0,0.0,-56.778,0.0,0.0,0.24288104,0.0,0.0,-50.77511896000001,0.0,0.0
ARG  82,-190.491,0.0,0.0,-8.182,0.0,0.0,14.472,0.0,0.0,17.632,0.0,0.0,1.0185209800000001,0.0,0.0,-165.55047901999998,0.0,0.0
LEU  83,60.523,0.0,0.0,-6.888,0.0,0.0,-70.954,0.0,0.0,-3.088,0.0,0.0,0.6900364600000001,0.0,0.0,-19.716963539999988,0.0,0.0
HID  84,110.853,0.0,0.0,-7.31,0.0,0.0,-79.078,0.0,0.0,-6.658,0.0,0.0,0.29877750000000003,0.0,0.0,18.105777499999988,0.0,0.0
PRO  85,92.52,0.0,0.0,-4.165,0.0,0.0,-66.115,0.0,0.0,-5.19,0.0,0.0,0.5996417,0.0,0.0,17.649641699999993,0.0,0.0
VAL  86,52.599,0.0,0.0,-3.095,0.0,0.0,-50.505,0.0,0.0,-6.984,0.0,0.0,0.74992746,0.0,0.0,-7.235072540000004,0.0,0.0
HID  87,93.173,0.0,0.0,-6.579,0.0,0.0,-60.551,0.0,0.0,-10.888,0.0,0.0,0.55555542,0.0,0.0,15.710555420000006,0.0,0.0
ALA  88,90.597,0.0,0.0,-2.5,0.0,0.0,-73.998,0.0,0.0,-7.721,0.0,0.0,0.58347926,0.0,0.0,6.961479259999989,0.0,0.0
GLY  89,91.236,0.0,0.0,-1.751,0.0,0.0,-73.202,0.0,0.0,-7.898,0.0,0.0,0.311921,0.0,0.0,8.696921000000001,0.0,0.0
PRO  90,84.037,0.0,0.0,-3.157,0.0,0.0,-55.009,0.0,0.0,-7.361,0.0,0.0,0.73801972,0.0,0.0,19.24801972000001,0.0,0.0
ILE  91,76.302,0.0,0.0,-6.322,0.0,0.0,-56.047,0.0,0.0,-3.244,0.0,0.0,0.3822726,0.0,0.0,11.071272600000007,0.0,0.0
ALA  92,89.888,0.0,0.0,-3.292,0.0,0.0,-65.981,0.0,0.0,-6.57,0.0,0.0,0.31703206,0.0,0.0,14.36203206000001,0.0,0.0
PRO  93,80.906,0.0,0.0,-2.691,0.0,0.0,-54.708,0.0,0.0,-9.794,0.0,0.0,0.8099648,0.0,0.0,14.522964800000004,0.0,0.0
GLY  94,72.134,0.0,0.0,-1.461,0.0,0.0,-64.504,0.0,0.0,-7.961,0.0,0.0,0.53841196,0.0,0.0,-1.2535880400000035,0.0,0.0
GLN  95,29.785,0.0,0.0,-5.98,0.0,0.0,-75.963,0.0,0.0,-8.733,0.0,0.0,0.52366956,0.0,0.0,-60.36733043999999,0.0,0.0
MET  96,101.615,0.0,0.0,-7.624,0.0,0.0,-74.892,0.0,0.0,-10.514,0.0,0.0,0.29032230000000003,0.0,0.0,8.875322300000004,0.0,0.0
ARG  97,-195.542,0.0,0.0,-6.575,0.0,0.0,-16.919,0.0,0.0,31.796,0.0,0.0,0.45789786000000005,0.0,0.0,-186.78210214,0.0,0.0
GLU  98,110.504,0.0,0.0,-6.797,0.0,0.0,-48.832,0.0,0.0,-97.527,0.0,0.0,0.46755088,0.0,0.0,-42.18444912,0.0,0.0
PRO  99,87.271,0.0,0.0,-10.199,0.0,0.0,-62.145,0.0,0.0,-3.906,0.0,0.0,0.00537122,0.0,0.0,11.02637122,0.0,0.0
ARG 100,-192.455,0.0,0.0,-10.191,0.0,0.0,-4.7,0.0,0.0,29.405,0.0,0.0,0.4355241,0.0,0.0,-177.5054759,0.0,0.0
GLY 101,76.278,0.0,0.0,-6.204,0.0,0.0,-82.98,0.0,0.0,-0.675,0.0,0.0,0.0,0.0,0.0,-13.580999999999992,0.0,0.0
SER 102,75.186,0.0,0.0,-7.056,0.0,0.0,-63.697,0.0,0.0,-5.742,0.0,0.0,0.286176,0.0,0.0,-1.022823999999993,0.0,0.0
ASP 103,87.731,0.0,0.0,-7.26,0.0,0.0,-98.518,0.0,0.0,-45.141,0.0,0.0,0.0195391,0.0,0.0,-63.16846090000001,0.0,0.0
ILE 104,77.382,0.0,0.0,-11.731,0.0,0.0,-60.627,0.0,0.0,-0.65,0.0,0.0,0.0,0.0,0.0,4.374000000000008,0.0,0.0
ALA 105,86.33,0.0,0.0,-7.459,0.0,0.0,-76.107,0.0,0.0,-1.173,0.0,0.0,0.05754956000000001,0.0,0.0,1.6485495599999958,0.0,0.0
GLY 106,88.196,0.0,0.0,-3.851,0.0,0.0,-89.167,0.0,0.0,-1.102,0.0,0.0,0.01163674,0.0,0.0,-5.912363260000003,0.0,0.0
THR 107,55.255,0.0,0.0,-4.399,0.0,0.0,-60.44,0.0,0.0,-6.278,0.0,0.0,0.59144666,0.0,0.0,-15.270553339999994,0.0,0.0
THR 108,41.355,0.0,0.0,-4.457,0.0,0.0,-55.489,0.0,0.0,-3.488,0.0,0.0,0.5446558,0.0,0.0,-21.5343442,0.0,0.0
SER 109,69.632,0.0,0.0,-7.537,0.0,0.0,-64.369,0.0,0.0,-1.726,0.0,0.0,0.05104556,0.0,0.0,-3.948954439999994,0.0,0.0
THR 110,35.994,0.0,0.0,-6.78,0.0,0.0,-34.308,0.0,0.0,-6.563,0.0,0.0,0.48442876,0.0,0.0,-11.17257124,0.0,0.0
LEU 111,65.881,0.0,0.0,-9.169,0.0,0.0,-61.593,0.0,0.0,-4.312,0.0,0.0,0.40597968,0.0,0.0,-8.787020320000002,0.0,0.0
GLN 112,39.003,0.0,0.0,-6.045,0.0,0.0,-74.159,0.0,0.0,-15.543,1.6858739404357614e-07,1.6858739404357614e-07,0.8376230600000001,0.0,0.0,-55.90637694000001,0.0,0.0
GLU 113,101.49,0.0,0.0,-9.616,0.0,0.0,-97.135,0.0,0.0,-50.306,0.0,0.0,0.2087242,0.0,0.0,-55.35827580000001,0.0,0.0
GLN 114,41.201,0.0,0.0,-15.23,0.0,0.0,-80.847,0.0,0.0,-2.198,0.0,0.0,0.0,0.0,0.0,-57.07399999999999,0.0,0.0
ILE 115,86.948,0.0,0.0,-9.484,0.0,0.0,-68.199,0.0,0.0,-3.15,0.0,0.0,0.20682178,0.0,0.0,6.3218217800000005,0.0,0.0
GLY 116,78.286,0.0,0.0,-5.339,0.0,0.0,-70.678,0.0,0.0,-4.333,0.0,0.0,0.09833506000000002,0.0,0.0,-1.9656649399999948,0.0,0.0
TRP 117,130.629,0.0,0.0,-18.065,0.0,0.0,-93.017,0.0,0.0,-2.191,0.0,0.0,0.004314320000000001,0.0,0.0,17.360314319999997,0.0,0.0
MET 118,99.343,0.0,0.0,-11.574,0.0,0.0,-83.1,0.0,0.0,-4.764,0.0,0.0,0.11652458,0.0,0.0,0.02152458000001091,0.0,0.0
THR 119,33.849,0.0,0.0,-4.744,0.0,0.0,-42.602,0.0,0.0,-7.968,0.0,0.0,0.42772472,0.0,0.0,-21.03727528,0.0,0.0
HID 120,87.85,0.0,0.0,-10.716,0.0,0.0,-65.491,0.0,0.0,-5.126,0.0,0.0,0.133061,0.0,0.0,6.650061,0.0,0.0
ASN 121,40.248,0.0,0.0,-3.919,0.0,0.0,-81.639,0.0,0.0,-14.821,0.0,0.0,0.79279424,0.0,0.0,-59.338205759999994,0.0,0.0
PRO 122,88.885,0.0,0.0,-4.052,0.0,0.0,-59.745,0.0,0.0,-4.108,0.0,0.0,0.60498582,0.0,0.0,21.58498582,0.0,0.0
PRO 123,82.888,0.0,0.0,-6.409,0.0,0.0,-56.666,0.0,0.0,-5.244,0.0,0.0,0.47507926000000006,0.0,0.0,15.044079260000002,0.0,0.0
ILE 124,100.376,0.0,0.0,-9.11,0.0,0.0,-66.368,0.0,0.0,-0.7,0.0,0.0,0.13293634000000001,0.0,0.0,24.33093634000001,0.0,0.0
PRO 125,95.625,0.0,0.0,-5.335,0.0,0.0,-66.467,0.0,0.0,-1.481,0.0,0.0,0.27193766,0.0,0.0,22.613937660000005,0.0,0.0
VAL 126,59.798,0.0,0.0,-10.783,0.0,0.0,-59.301,0.0,0.0,-1.74,0.0,0.0,0.0,0.0,0.0,-12.026000000000002,0.0,0.0
GLY 127,70.295,0.0,0.0,-5.092,0.0,0.0,-71.431,0.0,0.0,-1.802,0.0,0.0,0.0,0.0,0.0,-8.029999999999994,0.0,0.0
GLU 128,105.29,0.0,0.0,-8.623,0.0,0.0,-101.444,0.0,0.0,-48.442,0.0,0.0,0.4134647,0.0,0.0,-52.8055353,0.0,0.0
ILE 129,86.505,0.0,0.0,-9.533,0.0,0.0,-66.033,0.0,0.0,0.07,0.0,0.0,0.20787868,0.0,0.0,11.216878679999994,0.0,0.0
TYR 130,96.695,0.0,0.0,-15.447,0.0,0.0,-91.045,0.0,0.0,-1.175,0.0,0.0,0.00894842,0.0,0.0,-10.963051580000013,0.0,0.0
LYS 131,136.575,0.0,0.0,-11.391,0.0,0.0,-155.607,0.0,0.0,16.73,0.0,0.0,0.09544078000000002,0.0,0.0,-13.597559220000015,0.0,0.0
ARG 132,-181.058,0.0,0.0,-9.373,0.0,0.0,24.928,0.0,0.0,-6.272,0.0,0.0,0.85951986,0.0,0.0,-170.91548013999997,0.0,0.0
TRP 133,123.52,0.0,0.0,-20.173,0.0,0.0,-95.473,0.0,0.0,-2.646,0.0,0.0,0.10695286000000001,0.0,0.0,5.334952859999995,0.0,0.0
ILE 134,87.265,0.0,0.0,-12.058,0.0,0.0,-71.265,0.0,0.0,-0.479,0.0,0.0,0.03407554,0.0,0.0,3.497075539999993,0.0,0.0
ILE 135,77.322,0.0,0.0,-8.755,0.0,0.0,-62.65,0.0,0.0,-0.464,0.0,0.0,0.12018850000000002,0.0,0.0,5.5731885000000085,0.0,0.0
LEU 136,69.138,0.0,0.0,-8.791,0.0,0.0,-78.001,0.0,0.0,1.541,0.0,0.0,0.43595228,0.0,0.0,-15.677047719999996,0.0,0.0
GLY 137,78.204,0.0,0.0,-7.417,0.0,0.0,-77.338,0.0,0.0,-0.06,0.0,0.0,0.0,0.0,0.0,-6.6110000000000015,0.0,0.0
LEU 138,69.728,0.0,0.0,-11.65,0.0,0.0,-71.54,0.0,0.0,-1.465,0.0,0.0,0.0021571600000000004,0.0,0.0,-14.92484284000001,0.0,0.0
ASN 139,35.781,0.0,0.0,-7.491,0.0,0.0,-90.813,0.0,0.0,-8.39,0.0,0.0,0.25270750000000003,0.0,0.0,-70.66029250000001,0.0,0.0
LYS 140,138.37,0.0,0.0,-9.886,0.0,0.0,-144.972,0.0,0.0,6.078,0.0,0.0,0.35712922,0.0,0.0,-10.05287078,0.0,0.0
ILE 141,93.876,0.0,0.0,-12.122,0.0,0.0,-75.223,0.0,0.0,-3.561,0.0,0.0,0.0,0.0,0.0,2.970000000000006,0.0,0.0
VAL 142,58.68,0.0,0.0,-9.138,0.0,0.0,-56.826,0.0,0.0,-4.632,0.0,0.0,0.006650340000000001,0.0,0.0,-11.909349659999998,0.0,0.0
ARG 143,-194.367,0.0,0.0,-11.513,0.0,0.0,35.097,0.0,0.0,-2.962,0.0,0.0,0.6364272400000001,0.0,0.0,-173.10857276,0.0,0.0
MET 144,85.846,0.0,0.0,-9.062,0.0,0.0,-73.474,0.0,0.0,-6.47,0.0,0.0,0.42952416000000004,0.0,0.0,-2.7304758399999973,0.0,0.0
TYR 145,89.407,0.0,0.0,-10.793,0.0,0.0,-84.904,0.0,0.0,-7.721,0.0,0.0,0.5499674,0.0,0.0,-13.461032599999992,0.0,0.0
SER 146,74.191,0.0,0.0,-5.533,0.0,0.0,-56.288,0.0,0.0,-4.551,0.0,0.0,0.1294025,0.0,0.0,7.948402500000005,0.0,0.0
PRO 147,87.985,0.0,0.0,-3.64,0.0,0.0,-61.356,0.0,0.0,-8.076,0.0,0.0,0.62100734,0.0,0.0,15.534007339999997,0.0,0.0
THR 148,51.293,0.0,0.0,-3.944,0.0,0.0,-49.135,0.0,0.0,-11.414,0.0,0.0,0.4672582,0.0,0.0,-12.732741800000001,0.0,0.0
SER 149,65.411,0.0,0.0,-4.888,0.0,0.0,-51.614,0.0,0.0,-5.114,0.0,0.0,0.26141202,0.0,0.0,4.056412020000006,0.0,0.0
ILE 150,81.086,0.0,0.0,-10.621,0.0,0.0,-57.805,0.0,0.0,-3.04,0.0,0.0,0.06445464000000001,0.0,0.0,9.684454640000004,0.0,0.0
LEU 151,64.286,0.0,0.0,-5.785,0.0,0.0,-68.883,0.0,0.0,-0.618,0.0,0.0,0.574249,0.0,0.0,-10.425750999999991,0.0,0.0
ASP 152,101.114,0.0,0.0,-6.501,0.0,0.0,-73.176,0.0,0.0,-74.27,0.0,0.0,0.5035451000000001,0.0,0.0,-52.3294549,0.0,0.0
ILE 153,96.656,0.0,0.0,-9.905,0.0,0.0,-71.291,0.0,0.0,-2.215,0.0,0.0,0.05016752000000001,0.0,0.0,13.295167520000009,0.0,0.0
ARG 154,-185.946,0.0,0.0,-8.467,0.0,0.0,27.038,0.0,0.0,-5.96,0.0,0.0,0.8779858000000001,0.0,0.0,-172.4570142,0.0,0.0
GLN 155,30.743,0.0,0.0,-12.376,0.0,0.0,-84.441,0.0,0.0,-2.902,0.0,0.0,0.07977698,0.0,0.0,-68.89622302000001,0.0,0.0
GLY 156,86.228,0.0,0.0,-3.619,0.0,0.0,-73.389,0.0,0.0,-5.025,0.0,0.0,0.12076302,0.0,0.0,4.315763019999999,0.0,0.0
PRO 157,85.889,0.0,0.0,-2.925,0.0,0.0,-55.024,0.0,0.0,-7.137,0.0,0.0,0.7836398600000001,0.0,0.0,21.58663986,0.0,0.0
LYS 158,126.801,0.0,0.0,-3.897,0.0,0.0,-135.644,0.0,0.0,0.22,0.0,0.0,0.88461988,0.0,0.0,-11.635380120000008,0.0,0.0
GLU 159,116.384,0.0,0.0,-7.628,0.0,0.0,-109.693,0.0,0.0,-45.621,0.0,0.0,0.25038774,0.0,0.0,-46.30761226,0.0,0.0
PRO 160,79.161,0.0,0.0,-7.72,0.0,0.0,-54.157,0.0,0.0,-4.641,0.0,0.0,0.15292530000000001,0.0,0.0,12.795925300000006,0.0,0.0
PHE 161,108.275,0.0,0.0,-12.06,0.0,0.0,-75.9,0.0,0.0,-3.262,0.0,0.0,0.02244422,0.0,0.0,17.075444219999998,0.0,0.0
ARG 162,-199.391,0.0,0.0,-9.053,0.0,0.0,32.267,0.0,0.0,-2.338,0.0,0.0,0.7854230400000001,0.0,0.0,-177.72957695999997,0.0,0.0
ASP 163,88.611,0.0,0.0,-7.22,0.0,0.0,-72.343,0.0,0.0,-75.367,0.0,0.0,0.33809418,0.0,0.0,-65.98090582,0.0,0.0
TYR 164,101.018,0.0,0.0,-18.927,0.0,0.0,-93.519,0.0,0.0,-3.366,0.0,0.0,0.0,0.0,0.0,-14.793999999999997,0.0,0.0
VAL 165,45.534,0.0,0.0,-10.101,0.0,0.0,-51.481,0.0,0.0,-0.108,0.0,0.0,0.0,0.0,0.0,-16.156000000000002,0.0,0.0
ASP 166,119.944,0.0,0.0,-7.502,0.0,0.0,-94.338,0.0,0.0,-65.406,0.0,0.0,0.19604140000000003,0.0,0.0,-47.105958599999994,0.0,0.0
ARG 167,-194.933,0.0,0.0,-8.544,0.0,0.0,-2.771,0.0,0.0,21.514,0.0,0.0,0.52015198,0.0,0.0,-184.21384801999997,0.0,0.0
PHE 168,104.37,0.0,0.0,-15.196,0.0,0.0,-82.544,0.0,0.0,0.17,0.0,0.0,0.0,0.0,0.0,6.80000000000001,0.0,0.0
TYR 169,100.911,0.0,0.0,-12.15,0.0,0.0,-94.687,0.0,0.0,-1.134,0.0,0.0,0.27258264000000004,0.0,0.0,-6.787417360000002,0.0,0.0
LYS 170,138.99,0.0,0.0,-7.55,0.0,0.0,-141.19,0.0,0.0,-6.692,0.0,0.0,0.7911303000000001,0.0,0.0,-15.6508697,0.0,0.0
THR 171,47.892,0.0,0.0,-9.251,0.0,0.0,-57.111,0.0,0.0,-3.585,0.0,0.0,0.06862262,0.0,0.0,-21.986377379999993,0.0,0.0
LEU 172,73.559,0.0,0.0,-12.187,0.0,0.0,-65.105,0.0,0.0,-2.876,0.0,0.0,0.00323032,0.0,0.0,-6.605769680000003,0.0,0.0
ARG 173,-205.555,0.0,0.0,-7.462,0.0,0.0,63.69,0.0,0.0,-23.798,0.0,0.0,0.7860788599999999,0.0,0.0,-172.33892114,0.0,0.0
ALA 174,86.718,0.0,0.0,-6.328,0.0,0.0,-80.96,0.0,0.0,-1.07,0.0,0.0,0.024411679999999998,0.0,0.0,-1.6155883199999932,0.0,0.0
GLU 175,105.69,0.0,0.0,-8.338,0.0,0.0,-70.698,0.0,0.0,-79.798,0.0,0.0,0.3326525,0.0,0.0,-52.81134749999999,0.0,0.0
GLN 176,26.724,0.0,0.0,-5.778,0.0,0.0,-71.439,0.0,0.0,-9.471,0.0,0.0,0.32377996000000003,0.0,0.0,-59.640220039999996,0.0,0.0
ALA 177,96.358,0.0,0.0,-4.741,0.0,0.0,-88.034,0.0,0.0,-0.085,0.0,0.0,0.09590148,0.0,0.0,3.5939014799999986,0.0,0.0
SER 178,75.342,0.0,0.0,-5.626,0.0,0.0,-69.049,0.0,0.0,-3.998,0.0,0.0,0.32821894,0.0,0.0,-3.0027810600000127,0.0,0.0
GLN 179,23.595,0.0,0.0,-6.304,0.0,0.0,-61.81,0.0,0.0,-16.829,0.0,0.0,0.687256,0.0,0.0,-60.66074400000001,0.0,0.0
GLU 180,107.645,0.0,0.0,-7.27,0.0,0.0,-81.423,0.0,0.0,-73.854,0.0,0.0,0.66161398,0.0,0.0,-54.24038602,0.0,0.0
VAL 181,62.89,0.0,0.0,-7.307,0.0,0.0,-59.495,0.0,0.0,-1.987,0.0,0.0,0.28352020000000006,0.0,0.0,-5.615479799999999,0.0,0.0
LYS 182,117.205,0.0,0.0,-10.411,0.0,0.0,-109.867,0.0,0.0,-13.271,0.0,0.0,0.37478216,0.0,0.0,-15.969217840000008,0.0,0.0
ASN 183,29.115,0.0,0.0,-7.438,0.0,0.0,-82.844,0.0,0.0,-12.105,0.0,0.0,0.42990356,0.0,0.0,-72.84209643999999,0.0,0.0
TRP 184,124.551,0.0,0.0,-10.987,0.0,0.0,-91.289,0.0,0.0,-6.736,0.0,0.0,0.9001861200000001,0.0,0.0,16.439186120000006,0.0,0.0
MET 185,112.559,0.0,0.0,-11.182,0.0,0.0,-91.559,0.0,0.0,-0.769,0.0,0.0,0.08531622,0.0,0.0,9.134316219999997,0.0,0.0
THR 186,47.191,0.0,0.0,-8.117,0.0,0.0,-59.573,0.0,0.0,-1.22,0.0,0.0,0.06067148000000001,0.0,0.0,-21.65832852,0.0,0.0
GLU 187,105.899,0.0,0.0,-7.598,0.0,0.0,-53.724,0.0,0.0,-94.167,0.0,0.0,0.50474834,0.0,0.0,-49.08525166,0.0,0.0
THR 188,45.774,0.0,0.0,-6.904,0.0,0.0,-53.998,0.0,0.0,0.077,0.0,0.0,0.28995374,0.0,0.0,-14.761046259999993,0.0,0.0
LEU 189,65.594,0.0,0.0,-10.459,0.0,0.0,-69.16,0.0,0.0,0.457,0.0,0.0,0.07996668,0.0,0.0,-13.488033320000005,0.0,0.0
LEU 190,83.586,0.0,0.0,-11.873,0.0,0.0,-90.139,0.0,0.0,0.652,0.0,0.0,0.01007036,0.0,0.0,-17.76392964,0.0,0.0
VAL 191,56.782,0.0,0.0,-8.485,0.0,0.0,-63.266,0.0,0.0,2.009,0.0,0.0,0.16533168,0.0,0.0,-12.794668320000001,0.0,0.0
GLN 192,22.138,0.0,0.0,-7.363,0.0,0.0,-63.619,0.0,0.0,-10.848,0.0,0.0,0.69064892,0.0,0.0,-59.00135107999999,0.0,0.0
ASN 193,20.216,0.0,0.0,-9.392,0.0,0.0,-87.039,0.0,0.0,-1.084,0.0,0.0,0.04743584000000001,0.0,0.0,-77.25156416,0.0,0.0
ALA 194,94.732,0.0,0.0,-8.009,0.0,0.0,-83.912,0.0,0.0,1.187,0.0,0.0,0.019815520000000003,0.0,0.0,4.017815519999993,0.0,0.0
ASN 195,36.593,0.0,0.0,-7.592,0.0,0.0,-82.762,0.0,0.0,-6.127,0.0,0.0,0.21738536,0.0,0.0,-59.67061464,0.0,0.0
PRO 196,80.613,0.0,0.0,-5.224,0.0,0.0,-55.267,0.0,0.0,-4.289,0.0,0.0,0.55679118,0.0,0.0,16.389791179999992,0.0,0.0
ASP 197,81.66,0.0,0.0,-5.21,0.0,0.0,-59.244,0.0,0.0,-76.449,0.0,0.0,0.52372376,0.0,0.0,-58.71927623999999,0.0,0.0
CYX 198,104.26,0.0,0.0,-7.837,0.0,0.0,-82.882,0.0,0.0,-3.031,0.0,0.0,0.006325140000000001,0.0,0.0,10.516325139999996,0.0,0.0
LYS 199,138.283,0.0,0.0,-10.128,0.0,0.0,-128.872,0.0,0.0,-13.259,0.0,0.0,0.27475064,0.0,0.0,-13.701249360000041,0.0,0.0
THR 200,48.767,0.0,0.0,-6.481,0.0,0.0,-57.974,0.0,0.0,-7.451,0.0,0.0,0.5329052400000001,0.0,0.0,-22.606094759999994,0.0,0.0
ILE 201,76.259,0.0,0.0,-7.16,0.0,0.0,-56.207,0.0,0.0,-2.13,0.0,0.0,0.31948732,0.0,0.0,11.081487320000004,0.0,0.0
LEU 202,82.631,0.0,0.0,-9.515,0.0,0.0,-78.834,0.0,0.0,-4.532,0.0,0.0,0.025674540000000003,0.0,0.0,-10.224325460000003,0.0,0.0
LYS 203,125.147,0.0,0.0,-7.211,0.0,0.0,-87.785,0.0,0.0,-43.822,0.0,0.0,0.8100081600000001,0.0,0.0,-12.860991839999992,0.0,0.0
ALA 204,83.206,0.0,0.0,-3.551,0.0,0.0,-72.086,0.0,0.0,-7.146,0.0,0.0,0.4996318600000001,0.0,0.0,0.9226318600000027,0.0,0.0
LEU 205,78.081,0.0,0.0,-7.803,0.0,0.0,-74.189,0.0,0.0,-6.35,0.0,0.0,0.2808102,0.0,0.0,-9.980189799999987,0.0,0.0
GLY 206,94.202,0.0,0.0,-2.351,0.0,0.0,-75.149,0.0,0.0,-7.545,0.0,0.0,0.11637282,0.0,0.0,9.273372819999999,0.0,0.0
PRO 207,78.43,0.0,0.0,-4.224,0.0,0.0,-54.103,0.0,0.0,-7.294,0.0,0.0,0.44775704,0.0,0.0,13.256757040000002,0.0,0.0
GLY 208,66.804,0.0,0.0,-1.693,0.0,0.0,-63.307,0.0,0.0,-7.368,0.0,0.0,0.4649492800000001,0.0,0.0,-5.099050719999998,0.0,0.0
ALA 209,100.604,0.0,0.0,-5.483,0.0,0.0,-89.856,0.0,0.0,-3.153,0.0,0.0,0.08673084,0.0,0.0,2.1987308400000005,0.0,0.0
THR 210,57.949,0.0,0.0,-4.638,0.0,0.0,-61.419,0.0,0.0,-3.533,0.0,0.0,0.45531252000000005,0.0,0.0,-11.185687479999997,0.0,0.0
LEU 211,70.196,0.0,0.0,-7.807,0.0,0.0,-68.448,0.0,0.0,-4.003,0.0,0.0,0.37074968,0.0,0.0,-9.691250319999998,0.0,0.0
GLU 212,108.693,0.0,0.0,-5.932,0.0,0.0,-52.71,0.0,0.0,-102.929,0.0,0.0,0.8007182800000001,0.0,0.0,-52.07728172000001,0.0,0.0
GLU 213,105.354,0.0,0.0,-6.079,0.0,0.0,-62.329,0.0,0.0,-90.017,0.0,0.0,0.45711738,0.0,0.0,-52.61388261999999,0.0,0.0
MET 214,90.578,0.0,0.0,-9.52,0.0,0.0,-77.281,0.0,0.0,0.454,0.0,0.0,0.02318134,0.0,0.0,4.254181340000001,0.0,0.0
MET 215,100.099,0.0,0.0,-8.986,0.0,0.0,-82.958,0.0,0.0,-2.199,0.0,0.0,0.4226245,0.0,0.0,6.378624500000002,0.0,0.0
THR 216,32.389,0.0,0.0,-4.024,0.0,0.0,-31.624,0.0,0.0,-7.116,0.0,0.0,0.57456878,0.0,0.0,-9.800431219999997,0.0,0.0
ALA 217,75.534,0.0,0.0,-3.373,0.0,0.0,-63.916,0.0,0.0,-3.289,0.0,0.0,0.2326264,0.0,0.0,5.188626400000005,0.0,0.0
CYX 218,97.122,0.0,0.0,-5.451,0.0,0.0,-79.618,0.0,0.0,-3.312,0.0,0.0,0.06715380000000001,0.0,0.0,8.808153800000012,0.0,0.0
GLN 219,41.814,0.0,0.0,-3.427,0.0,0.0,-68.255,0.0,0.0,-19.922,0.0,0.0,0.9234758600000001,0.0,0.0,-48.86652413999999,0.0,0.0
GLY 220,98.616,0.0,0.0,-2.324,0.0,0.0,-82.166,0.0,0.0,-10.038,0.0,0.0,0.30846304,0.0,0.0,4.396463040000005,0.0,0.0
VAL 221,35.785,0.0,0.0,-2.859,0.0,0.0,-59.848,0.0,0.0,-64.864,0.0,0.0,0.79160726,0.0,0.0,-90.99439274,0.0,0.0

Receptor:
Total Energy Decomposition:
Residue,Internal,,,van der Waals,,,Electrostatic,,,Polar Solvation,,,Non-Polar Solv.,,,TOTAL,,
,Avg.,Std. Dev.,Std. Err. of Mean,Avg.,Std. Dev.,Std. Err. of Mean,Avg.,Std. Dev.,Std. Err. of Mean,Avg.,Std. Dev.,Std. Err. of Mean,Avg.,Std. Dev.,Std. Err. of Mean,Avg.,Std. Dev.,Std. Err. of Mean
PRO   1,101.524,0.0,0.0,-7.064,0.0,0.0,-100.755,0.0,0.0,0.956,0.0,0.0,0.10218326000000001,0.0,0.0,-5.236816739999988,0.0,0.0
ILE   2,97.989,0.0,0.0,-5.832,0.0,0.0,-74.865,0.0,0.0,-2.552,0.0,0.0,0.1659333,0.0,0.0,14.905933300000017,0.0,0.0
VAL   3,58.26,0.0,0.0,-6.304,0.0,0.0,-59.726,0.0,0.0,-1.407,0.0,0.0,0.37451116,0.0,0.0,-8.802488840000002,0.0,0.0
GLN   4,23.158,0.0,0.0,-5.12,0.0,0.0,-63.045,0.0,0.0,-12.282,0.0,0.0,0.66929954,0.0,0.0,-56.619700460000004,0.0,0.0
ASN   5,30.812,0.0,0.0,-4.993,0.0,0.0,-81.896,0.0,0.0,-11.981,0.0,0.0,0.29853902000000004,0.0,0.0,-67.75946097999999,0.0,0.0
LEU   6,64.001,0.0,0.0,-3.177,0.0,0.0,-63.575,0.0,0.0,-9.307,0.0,0.0,0.9953775800000001,0.0,0.0,-11.062622419999999,0.0,0.0
GLN   7,40.534,0.0,0.0,-3.996,0.0,0.0,-69.574,0.0,0.0,-19.89,0.0,0.0,0.83150388,0.0,0.0,-52.09449612,0.0,0.0
GLY   8,75.785,0.0,0.0,-1.875,0.0,0.0,-75.201,0.0,0.0,-3.636,0.0,0.0,0.22977006000000003,0.0,0.0,-4.697229939999997,0.0,0.0
GLN   9,34.811,0.0,0.0,-4.812,0.0,0.0,-74.592,0.0,0.0,-14.214,0.0,0.0,0.69575456,0.0,0.0,-58.111245440000005,0.0,0.0
MET  10,100.018,0.0,0.0,-7.462,0.0,0.0,-78.349,0.0,0.0,-6.953,0.0,0.0,0.44040752000000005,0.0,0.0,7.694407519999993,0.0,0.0
VAL  11,54.353,0.0,0.0,-5.266,0.0,0.0,-57.957,0.0,0.0,-2.94,0.0,0.0,0.4558762,0.0,0.0,-11.354123799999996,0.0,0.0
HID  12,89.791,0.0,0.0,-6.431,0.0,0.0,-54.471,0.0,0.0,-18.735,0.0,0.0,0.71004168,0.0,0.0,10.864041680000003,0.0,0.0
GLN  13,25.694,0.0,0.0,-5.375,0.0,0.0,-68.062,0.0,0.0,-13.005,0.0,0.0,0.54624386,0.0,0.0,-60.20175614,0.0,0.0
ALA  14,95.408,0.0,0.0,-3.169,0.0,0.0,-81.592,0.0,0.0,-1.19,0.0,0.0,0.46769722,0.0,0.0,9.924697220000006,0.0,0.0
ILE  15,95.132,0.0,0.0,-7.658,0.0,0.0,-73.004,0.0,0.0,-5.106,0.0,0.0,0.18789514000000002,0.0,0.0,9.55189514,0.0,0.0
SER  16,69.789,0.0,0.0,-5.15,0.0,0.0,-45.047,0.0,0.0,-9.161,0.0,0.0,0.29737372,0.0,0.0,10.728373719999999,0.0,0.0
PRO  17,90.325,0.0,0.0,-4.347,0.0,0.0,-59.849,0.0,0.0,-4.304,0.0,0.0,0.57753352,0.0,0.0,22.40253352000001,0.0,0.0
ARG  18,-180.464,0.0,0.0,-6.019,0.0,0.0,72.71,0.0,0.0,-56.007,0.0,0.0,1.1631103200000001,0.0,0.0,-168.61688968,0.0,0.0
THR  19,46.097,0.0,0.0,-7.311,0.0,0.0,-52.944,0.0,0.0,-6.116,0.0,0.0,0.19379752,0.0,0.0,-20.08020248,0.0,0.0
LEU  20,55.366,0.0,0.0,-7.228,0.0,0.0,-57.034,0.0,0.0,-4.062,0.0,0.0,0.20679468000000004,0.0,0.0,-12.751205320000002,0.0,0.0
ASN  21,34.97,0.0,0.0,-5.852,0.0,0.0,-94.349,0.0,0.0,-9.594,0.0,0.0,0.38393112,0.0,0.0,-74.44106888,0.0,0.0
ALA  22,95.394,0.0,0.0,-5.929,0.0,0.0,-83.116,0.0,0.0,-3.111,0.0,0.0,0.22062110000000001,0.0,0.0,3.458621100000004,0.0,0.0
TRP  23,129.26,0.0,0.0,-18.257,0.0,0.0,-97.477,0.0,0.0,-6.24,0.0,0.0,0.030102680000000003,0.0,0.0,7.3161026799999815,0.0,0.0
VAL  24,64.022,0.0,0.0,-4.844,0.0,0.0,-54.993,0.0,0.0,-7.549,0.0,0.0,0.32192632000000004,0.0,0.0,-3.042073679999998,0.0,0.0
LYS  25,130.558,0.0,0.0,-7.497,0.0,0.0,-114.687,0.0,0.0,-26.732,0.0,0.0,0.6859877200000001,0.0,0.0,-17.672012280000004,0.0,0.0
VAL  26,66.026,0.0,0.0,-9.106,0.0,0.0,-67.605,0.0,0.0,-3.627,0.0,0.0,0.03986952,0.0,0.0,-14.272130480000008,0.0,0.0
VAL  27,41.137,0.0,0.0,-7.512,0.0,0.0,-47.101,0.0,0.0,-4.218,0.0,0.0,0.051381600000000006,0.0,0.0,-17.6426184,0.0,0.0
GLU  28,93.307,0.0,0.0,-6.575,0.0,0.0,-52.551,0.0,0.0,-89.765,0.0,0.0,0.63304516,0.0,0.0,-54.95095484,0.0,0.0
GLU  29,110.095,0.0,0.0,-5.834,0.0,0.0,-58.74,0.0,0.0,-91.396,0.0,0.0,0.7541550600000001,0.0,0.0,-45.120844940000005,0.0,0.0
LYS  30,116.764,0.0,0.0,-4.444,0.0,0.0,-134.315,0.0,0.0,1.418,0.0,0.0,0.42942118,0.0,0.0,-20.147578820000007,0.0,0.0
ALA  31,83.207,0.0,0.0,-2.791,0.0,0.0,-75.292,0.0,0.0,-3.836,0.0,0.0,0.41116662000000004,0.0,0.0,1.6991666199999953,0.0,0.0
PHE  32,104.699,0.0,0.0,-10.931,0.0,0.0,-81.704,0.0,0.0,-5.54,0.0,0.0,0.09052484000000001,0.0,0.0,6.614524840000007,0.0,0.0
SER  33,85.859,0.0,0.0,-3.518,0.0,0.0,-68.776,0.0,0.0,-4.993,0.0,0.0,0.23752608,0.0,0.0,8.809526079999998,0.0,0.0
PRO  34,74.766,0.0,0.0,-4.974,0.0,0.0,-56.865,0.0,0.0,-2.258,0.0,0.0,0.5283687,0.0,0.0,11.1973687,0.0,0.0
GLU  35,105.947,0.0,0.0,-5.527,0.0,0.0,-108.14,0.0,0.0,-45.438,0.0,0.0,0.4459955400000001,0.0,0.0,-52.71200446,0.0,0.0
VAL  36,56.728,0.0,0.0,-8.919,0.0,0.0,-58.054,0.0,0.0,-0.204,0.0,0.0,0.00072086,0.0,0.0,-10.448279140000006,0.0,0.0
ILE  37,94.635,0.0,0.0,-5.886,0.0,0.0,-65.552,0.0,0.0,-1.025,0.0,0.0,0.22572674,0.0,0.0,22.397726740000003,0.0,0.0
PRO  38,81.809,0.0,0.0,-6.687,0.0,0.0,-58.912,0.0,0.0,-3.316,0.0,0.0,0.45860246000000005,0.0,0.0,13.352602460000002,0.0,0.0
MET  39,91.209,0.0,0.0,-8.816,0.0,0.0,-70.775,0.0,0.0,-3.4,0.0,0.0,0.35576880000000005,0.0,0.0,8.573768799999995,0.0,0.0
PHE  40,101.824,0.0,0.0,-13.618,0.0,0.0,-83.606,0.0,0.0,-2.335,0.0,0.0,0.0053387,0.0,0.0,2.2703387000000084,0.0,0.0
SER  41,79.1,0.0,0.0,-4.979,0.0,0.0,-68.037,0.0,0.0,-5.457,0.0,0.0,0.20852908,0.0,0.0,0.8355290799999892,0.0,0.0
ALA  42,85.266,0.0,0.0,-4.941,0.0,0.0,-66.697,0.0,0.0,-5.644,0.0,0.0,0.35006154000000006,0.0,0.0,8.33406154,0.0,0.0
LEU  43,72.717,0.0,0.0,-8.904,0.0,0.0,-75.129,0.0,0.0,-5.262,0.0,0.0,0.19078942000000002,0.0,0.0,-16.38721058,0.0,0.0
SER  44,73.403,0.0,0.0,-7.621,0.0,0.0,-76.772,0.0,0.0,1.714,0.0,0.0,0.0021571600000000004,0.0,0.0,-9.273842839999995,0.0,0.0
GLU  45,102.345,0.0,0.0,-6.056,0.0,0.0,-63.951,0.0,0.0,-81.145,0.0,0.0,0.7130281,0.0,0.0,-48.09397189999999,0.0,0.0
GLY  46,71.603,0.0,0.0,-2.132,0.0,0.0,-67.681,0.0,0.0,-1.369,0.0,0.0,0.0859612,0.0,0.0,0.506961199999992,0.0,0.0
ALA  47,100.5,0.0,0.0,-6.466,0.0,0.0,-88.226,0.0,0.0,-1.56,0.0,0.0,0.025067500000000003,0.0,0.0,4.273067500000006,0.0,0.0
THR  48,64.541,0.0,0.0,-8.663,0.0,0.0,-62.944,0.0,0.0,-0.383,0.0,0.0,0.0177505,0.0,0.0,-7.4312495000000025,0.0,0.0
PRO  49,78.648,0.0,0.0,-11.307,0.0,0.0,-55.614,0.0,0.0,-0.436,0.0,0.0,0.0,0.0,0.0,11.290999999999997,0.0,0.0
GLN  50,32.527,0.0,0.0,-8.284,0.0,0.0,-74.529,0.0,0.0,-7.31,0.0,0.0,0.34567134000000005,0.0,0.0,-57.250328659999994,0.0,0.0
ASP  51,92.664,0.0,0.0,-6.611,0.0,0.0,-130.99,0.0,0.0,-14.901,0.0,0.0,0.057918120000000003,0.0,0.0,-59.78008188000001,0.0,0.0
LEU  52,67.108,0.0,0.0,-11.733,0.0,0.0,-69.459,0.0,0.0,0.24,0.0,0.0,0.0017886000000000002,0.0,0.0,-13.842211400000004,0.0,0.0
ASN  53,37.288,0.0,0.0,-8.33,0.0,0.0,-99.921,0.0,0.0,-2.558,0.0,0.0,0.16927202000000002,0.0,0.0,-73.35172798000002,0.0,0.0
THR  54,54.074,0.0,0.0,-6.976,0.0,0.0,-67.474,0.0,0.0,-2.523,0.0,0.0,0.30101596,0.0,0.0,-22.597984040000004,0.0,0.0
MET  55,84.169,0.0,0.0,-9.049,0.0,0.0,-67.359,0.0,0.0,-1.069,0.0,0.0,0.0127912,0.0,0.0,6.70479120000001,0.0,0.0
LEU  56,70.233,0.0,0.0,-9.026,0.0,0.0,-72.068,0.0,0.0,-0.73,0.0,0.0,0.1472072,0.0,0.0,-11.44379279999999,0.0,0.0
ASN  57,49.587,0.0,0.0,-6.042,0.0,0.0,-101.611,0.0,0.0,-13.48,0.0,0.0,0.62591786,0.0,0.0,-70.92008214,0.0,0.0
THR  58,66.217,0.0,0.0,-6.669,0.0,0.0,-67.257,0.0,0.0,-5.86,0.0,0.0,0.20865916,0.0,0.0,-13.360340840000003,0.0,0.0
VAL  59,39.68,0.0,0.0,-6.322,0.0,0.0,-40.304,0.0,0.0,-1.429,0.0,0.0,0.00072086,0.0,0.0,-8.374279140000006,0.0,0.0
ALA  60,88.531,0.0,0.0,-4.47,0.0,0.0,-62.997,0.0,0.0,-3.884,0.0,0.0,0.25407334000000004,0.0,0.0,17.43407334000001,0.0,0.0
PRO  61,79.58,0.0,0.0,-3.739,0.0,0.0,-60.271,0.0,0.0,-2.654,0.0,0.0,0.6237607000000001,0.0,0.0,13.539760699999993,0.0,0.0
HID  62,102.234,0.0,0.0,-7.734,0.0,0.0,-69.147,0.0,0.0,-13.042,0.0,0.0,0.41561644000000003,0.0,0.0,12.726616439999995,0.0,0.0
GLN  63,26.385,0.0,0.0,-4.825,0.0,0.0,-62.491,0.0,0.0,-15.28,0.0,0.0,0.7433909400000001,0.0,0.0,-55.46760906,0.0,0.0
ALA  64,83.371,0.0,0.0,-4.772,0.0,0.0,-68.283,0.0,0.0,-4.558,0.0,0.0,0.32919996,0.0,0.0,6.087199959999989,0.0,0.0
ALA  65,88.587,0.0,0.0,-7.379,0.0,0.0,-74.735,0.0,0.0,-2.058,0.0,0.0,0.00779396,0.0,0.0,4.422793959999999,0.0,0.0
ALA  66,93.974,0.0,0.0,-7.052,0.0,0.0,-84.077,0.0,0.0,-0.579,0.0,0.0,0.0132519,0.0,0.0,2.2792518999999993,0.0,0.0
GLN  67,44.647,0.0,0.0,-7.776,0.0,0.0,-85.521,0.0,0.0,-5.869,0.0,0.0,0.39496082,0.0,0.0,-54.124039180000004,0.0,0.0
MET  68,93.226,0.0,0.0,-11.034,0.0,0.0,-74.587,0.0,0.0,-0.635,0.0,0.0,0.27592678000000004,0.0,0.0,7.24592677999999,0.0,0.0
LEU  69,76.875,0.0,0.0,-11.347,0.0,0.0,-74.382,0.0,0.0,-2.648,0.0,0.0,0.017284380000000002,0.0,0.0,-11.48471562,0.0,0.0
LYS  70,125.979,0.0,0.0,-9.543,0.0,0.0,-113.307,0.0,0.0,-25.921,0.0,0.0,0.58543588,0.0,0.0,-22.206564119999996,0.0,0.0
GLU  71,110.312,0.0,0.0,-6.655,0.0,0.0,-79.154,0.0,0.0,-84.897,0.0,0.0,0.7153478600000001,0.0,0.0,-59.678652140000004,0.0,0.0
THR  72,47.023,0.0,0.0,-9.892,0.0,0.0,-56.72,0.0,0.0,-3.835,0.0,0.0,0.01510554,0.0,0.0,-23.40889446,0.0,0.0
ILE  73,72.928,0.0,0.0,-11.338,0.0,0.0,-50.742,0.0,0.0,-4.628,0.0,0.0,0.02301874,0.0,0.0,6.243018739999999,0.0,0.0
ASN  74,21.971,0.0,0.0,-6.662,0.0,0.0,-76.993,0.0,0.0,-12.472,0.0,0.0,0.56810814,0.0,0.0,-73.58789185999998,0.0,0.0
GLU  75,105.169,0.0,0.0,-6.651,0.0,0.0,-60.479,0.0,0.0,-95.212,0.0,0.0,0.6585029000000001,0.0,0.0,-56.5144971,0.0,0.0
GLU  76,94.792,0.0,0.0,-10.337,0.0,0.0,-36.969,0.0,0.0,-103.583,0.0,0.0,0.20846404000000002,0.0,0.0,-55.88853596,0.0,0.0
ALA  77,81.284,0.0,0.0,-7.731,0.0,0.0,-72.503,0.0,0.0,-1.832,0.0,0.0,0.05938152,0.0,0.0,-0.7226184799999887,0.0,0.0
ALA  78,96.535,0.0,0.0,-5.86,0.0,0.0,-86.295,0.0,0.0,-0.329,0.0,0.0,0.26599734,0.0,0.0,4.316997339999996,0.0,0.0
GLU  79,110.906,0.0,0.0,-8.121,0.0,0.0,-53.377,0.0,0.0,-99.674,0.0,0.0,0.392137,0.0,0.0,-49.873863,0.0,0.0
TRP  80,112.918,0.0,0.0,-15.859,0.0,0.0,-89.691,0.0,0.0,-1.02,0.0,0.0,0.2237105,0.0,0.0,6.57171050000001,0.0,0.0
ASP  81,102.847,0.0,0.0,-9.151,0.0,0.0,-95.26,0.0,0.0,-49.454,0.0,0.0,0.24288104,0.0,0.0,-50.77511896000001,0.0,0.0
ARG  82,-190.491,0.0,0.0,-8.181,0.0,0.0,23.32,0.0,0.0,8.786,0.0,0.0,1.0185209800000001,0.0,0.0,-165.54747902000003,0.0,0.0
LEU  83,60.523,0.0,0.0,-6.887,0.0,0.0,-70.863,0.0,0.0,-3.179,0.0,0.0,0.6900364600000001,0.0,0.0,-19.715963539999994,0.0,0.0
HID  84,110.853,0.0,0.0,-7.309,0.0,0.0,-79.021,0.0,0.0,-6.715,0.0,0.0,0.29877750000000003,0.0,0.0,18.106777499999996,0.0,0.0
PRO  85,92.52,0.0,0.0,-4.165,0.0,0.0,-66.134,0.0,0.0,-5.171,0.0,0.0,0.5996417,0.0,0.0,17.64964169999999,0.0,0.0
VAL  86,52.599,0.0,0.0,-3.094,0.0,0.0,-50.538,0.0,0.0,-6.951,0.0,0.0,0.74992746,0.0,0.0,-7.2340725400000006,0.0,0.0
HID  87,93.173,0.0,0.0,-6.578,0.0,0.0,-60.55,0.0,0.0,-10.888,0.0,0.0,0.55555542,0.0,0.0,15.712555420000001,0.0,0.0
ALA  88,90.597,0.0,0.0,-2.5,0.0,0.0,-74.002,0.0,0.0,-7.717,0.0,0.0,0.58347926,0.0,0.0,6.961479259999999,0.0,0.0
GLY  89,91.236,0.0,0.0,-1.751,0.0,0.0,-73.29,0.0,0.0,-7.81,0.0,0.0,0.311921,0.0,0.0,8.696920999999994,0.0,0.0
PRO  90,84.037,0.0,0.0,-3.157,0.0,0.0,-55.066,0.0,0.0,-7.304,0.0,0.0,0.73801972,0.0,0.0,19.248019720000006,0.0,0.0
ILE  91,76.302,0.0,0.0,-6.322,0.0,0.0,-55.966,0.0,0.0,-3.325,0.0,0.0,0.3822726,0.0,0.0,11.071272600000004,0.0,0.0
ALA  92,89.888,0.0,0.0,-3.292,0.0,0.0,-66.002,0.0,0.0,-6.549,0.0,0.0,0.31703206,0.0,0.0,14.36203206000001,0.0,0.0
PRO  93,80.906,0.0,0.0,-2.69,0.0,0.0,-54.782,0.0,0.0,-9.72,0.0,0.0,0.8099648,0.0,0.0,14.52396480000001,0.0,0.0
GLY  94,72.134,0.0,0.0,-1.461,0.0,0.0,-64.553,0.0,0.0,-7.913,0.0,0.0,0.53841196,0.0,0.0,-1.2545880399999958,0.0,0.0
GLN  95,29.785,0.0,0.0,-5.98,0.0,0.0,-75.816,0.0,0.0,-8.88,0.0,0.0,0.52366956,0.0,0.0,-60.36733044,0.0,0.0
MET  96,101.615,0.0,0.0,-7.624,0.0,0.0,-74.93,0.0,0.0,-10.476,0.0,0.0,0.29032230000000003,0.0,0.0,8.875322299999992,0.0,0.0
ARG  97,-195.542,0.0,0.0,-6.575,0.0,0.0,-10.581,0.0,0.0,25.459,0.0,0.0,0.45789786000000005,0.0,0.0,-186.78110213999997,0.0,0.0
GLU  98,110.504,0.0,0.0,-6.797,0.0,0.0,-55.616,0.0,0.0,-90.743,0.0,0.0,0.46755088,0.0,0.0,-42.18444911999999,0.0,0.0
PRO  99,87.271,0.0,0.0,-10.198,0.0,0.0,-62.206,0.0,0.0,-3.844,0.0,0.0,0.00537122,0.0,0.0,11.028371220000006,0.0,0.0
ARG 100,-192.455,0.0,0.0,-10.19,0.0,0.0,2.289,0.0,0.0,22.417,0.0,0.0,0.4355241,0.0,0.0,-177.5034759,0.0,0.0
GLY 101,76.278,0.0,0.0,-6.204,0.0,0.0,-82.99,0.0,0.0,-0.665,0.0,0.0,0.0,0.0,0.0,-13.580999999999982,0.0,0.0
SER 102,75.186,0.0,0.0,-7.056,0.0,0.0,-63.694,0.0,0.0,-5.744,0.0,0.0,0.286176,0.0,0.0,-1.0218239999999927,0.0,0.0
ASP 103,87.731,0.0,0.0,-7.26,0.0,0.0,-105.1,0.0,0.0,-38.559,0.0,0.0,0.0195391,0.0,0.0,-63.1684609,0.0,0.0
ILE 104,77.382,0.0,0.0,-11.73,0.0,0.0,-60.533,0.0,0.0,-0.745,0.0,0.0,0.0,0.0,0.0,4.374,0.0,0.0
ALA 105,86.33,0.0,0.0,-7.459,0.0,0.0,-76.068,0.0,0.0,-1.212,0.0,0.0,0.05754956000000001,0.0,0.0,1.6485495599999973,0.0,0.0
GLY 106,88.196,0.0,0.0,-3.851,0.0,0.0,-89.11,0.0,0.0,-1.159,0.0,0.0,0.01163674,0.0,0.0,-5.91236326,0.0,0.0
THR 107,55.255,0.0,0.0,-4.398,0.0,0.0,-60.349,0.0,0.0,-6.369,0.0,0.0,0.59144666,0.0,0.0,-15.269553339999996,0.0,0.0
THR 108,41.355,0.0,0.0,-4.457,0.0,0.0,-55.477,0.0,0.0,-3.501,0.0,0.0,0.5446558,0.0,0.0,-21.5353442,0.0,0.0
SER 109,69.632,0.0,0.0,-7.537,0.0,0.0,-64.4,0.0,0.0,-1.696,0.0,0.0,0.05104556,0.0,0.0,-3.9499544399999995,0.0,0.0
THR 110,35.994,0.0,0.0,-6.78,0.0,0.0,-34.363,0.0,0.0,-6.508,0.0,0.0,0.48442876,0.0,0.0,-11.17257124,0.0,0.0
LEU 111,65.881,0.0,0.0,-9.169,0.0,0.0,-61.645,0.0,0.0,-4.26,0.0,0.0,0.40597968,0.0,0.0,-8.78702032,0.0,0.0
GLN 112,39.003,0.0,0.0,-6.045,0.0,0.0,-74.18,0.0,0.0,-15.522,0.0,0.0,0.8376230600000001,0.0,0.0,-55.90637694000001,0.0,0.0
GLU 113,101.49,0.0,0.0,-9.616,0.0,0.0,-103.334,0.0,0.0,-44.107,0.0,0.0,0.2087242,0.0,0.0,-55.35827580000001,0.0,0.0
GLN 114,41.201,0.0,0.0,-15.229,0.0,0.0,-80.924,0.0,0.0,-2.12,0.0,0.0,0.0,0.0,0.0,-57.072,0.0,0.0
ILE 115,86.948,0.0,0.0,-9.484,0.0,0.0,-68.269,0.0,0.0,-3.08,0.0,0.0,0.20682178,0.0,0.0,6.321821779999993,0.0,0.0
GLY 116,78.286,0.0,0.0,-5.339,0.0,0.0,-70.707,0.0,0.0,-4.304,0.0,0.0,0.09833506000000002,0.0,0.0,-1.9656649399999913,0.0,0.0
TRP 117,130.629,0.0,0.0,-18.065,0.0,0.0,-93.063,0.0,0.0,-2.145,0.0,0.0,0.004314320000000001,0.0,0.0,17.36031431999999,0.0,0.0
MET 118,99.343,0.0,0.0,-11.574,0.0,0.0,-83.14,0.0,0.0,-4.724,0.0,0.0,0.11652458,0.0,0.0,0.021524580000004692,0.0,0.0
THR 119,33.849,0.0,0.0,-4.743,0.0,0.0,-42.561,0.0,0.0,-8.01,0.0,0.0,0.42772472,0.0,0.0,-21.037275280000003,0.0,0.0
HID 120,87.85,0.0,0.0,-10.716,0.0,0.0,-65.466,0.0,0.0,-5.151,0.0,0.0,0.133061,0.0,0.0,6.650061000000006,0.0,0.0
ASN 121,40.248,0.0,0.0,-3.918,0.0,0.0,-81.672,0.0,0.0,-14.788,0.0,0.0,0.79279424,0.0,0.0,-59.337205759999996,0.0,0.0
PRO 122,88.885,0.0,0.0,-4.052,0.0,0.0,-59.658,0.0,0.0,-4.195,0.0,0.0,0.60498582,0.0,0.0,21.584985819999996,0.0,0.0
PRO 123,82.888,0.0,0.0,-6.409,0.0,0.0,-56.734,0.0,0.0,-5.177,0.0,0.0,0.47507926000000006,0.0,0.0,15.043079259999997,0.0,0.0
ILE 124,100.376,0.0,0.0,-9.11,0.0,0.0,-66.291,0.0,0.0,-0.777,0.0,0.0,0.13293634000000001,0.0,0.0,24.330936340000008,0.0,0.0
PRO 125,95.625,0.0,0.0,-5.334,0.0,0.0,-66.507,0.0,0.0,-1.441,0.0,0.0,0.27193766,0.0,0.0,22.614937659999992,0.0,0.0
VAL 126,59.798,0.0,0.0,-10.782,0.0,0.0,-59.403,0.0,0.0,-1.638,0.0,0.0,0.0,0.0,0.0,-12.024999999999993,0.0,0.0
GLY 127,70.295,0.0,0.0,-5.091,0.0,0.0,-71.484,0.0,0.0,-1.75,0.0,0.0,0.0,0.0,0.0,-8.029999999999987,0.0,0.0
GLU 128,105.29,0.0,0.0,-8.621,0.0,0.0,-108.836,0.0,0.0,-41.06,0.0,0.0,0.4134647,0.0,0.0,-52.81353529999999,0.0,0.0
ILE 129,86.505,0.0,0.0,-9.531,0.0,0.0,-66.139,0.0,0.0,0.173,0.0,0.0,0.20787868,0.0,0.0,11.215878679999994,0.0,0.0
TYR 130,96.695,0.0,0.0,-15.444,0.0,0.0,-91.208,0.0,0.0,-1.013,0.0,0.0,0.00894842,0.0,0.0,-10.961051580000008,0.0,0.0
LYS 131,136.575,0.0,0.0,-11.385,0.0,0.0,-148.702,0.0,0.0,9.795,0.0,0.0,0.09544078000000002,0.0,0.0,-13.621559220000014,0.0,0.0
ARG 132,-181.058,0.0,0.0,-9.358,0.0,0.0,32.971,0.0,0.0,-14.399,0.0,0.0,0.85951986,0.0,0.0,-170.98448014,0.0,0.0
TRP 133,123.52,0.0,0.0,-20.165,0.0,0.0,-95.567,0.0,0.0,-2.565,0.0,0.0,0.10695286000000001,0.0,0.0,5.329952859999997,0.0,0.0
ILE 134,87.265,0.0,0.0,-12.048,0.0,0.0,-71.436,0.0,0.0,-0.309,0.0,0.0,0.03407554,0.0,0.0,3.5060755399999914,0.0,0.0
ILE 135,77.322,0.0,0.0,-8.703,0.0,0.0,-62.65,0.0,0.0,-0.386,0.0,0.0,0.12018850000000002,0.0,0.0,5.703188500000001,0.0,0.0
LEU 136,69.138,0.0,0.0,-8.737,0.0,0.0,-78.274,0.0,0.0,1.787,0.0,0.0,0.43595228,0.0,0.0,-15.650047719999998,0.0,0.0
GLY 137,78.204,0.0,0.0,-7.388,0.0,0.0,-77.799,0.0,0.0,0.409,0.0,0.0,0.0,0.0,0.0,-6.5740000000000185,0.0,0.0
LEU 138,69.728,0.0,0.0,-11.49,0.0,0.0,-71.765,0.0,0.0,-1.236,0.0,0.0,0.0021571600000000004,0.0,0.0,-14.76084284000001,0.0,0.0
ASN 139,35.781,0.0,0.0,-7.991,0.0,0.0,-86.38,0.0,0.0,-11.208,0.0,0.0,0.41933998,0.0,0.0,-69.37866002,0.0,0.0
LYS 140,138.37,0.0,0.0,-9.501,0.0,0.0,-133.5,0.0,0.0,-5.456,0.0,0.0,0.35712922,0.0,0.0,-9.729870779999999,0.0,0.0
ILE 141,93.876,0.0,0.0,-11.983,0.0,0.0,-76.248,0.0,0.0,-2.676,0.0,0.0,0.0,0.0,0.0,2.968999999999996,0.0,0.0
VAL 142,58.68,0.0,0.0,-7.113,0.0,0.0,-58.006,0.0,0.0,-3.875,0.0,0.0,0.12296896,0.0,0.0,-10.19103104,0.0,0.0
ARG 143,-194.367,0.0,0.0,-7.845,0.0,0.0,62.876,0.0,0.0,-32.473,0.0,0.0,1.0044073,0.0,0.0,-170.80459269999997,0.0,0.0
MET 144,85.846,0.0,0.0,-8.935,0.0,0.0,-74.137,0.0,0.0,-5.927,0.0,0.0,0.42952416000000004,0.0,0.0,-2.7234758399999985,0.0,0.0
TYR 145,89.407,0.0,0.0,-10.652,0.0,0.0,-84.208,0.0,0.0,-8.593,0.0,0.0,0.5499674,0.0,0.0,-13.496032600000003,0.0,0.0
SER 146,74.191,0.0,0.0,-4.677,0.0,0.0,-55.197,0.0,0.0,-6.886,0.0,0.0,0.34225132,0.0,0.0,7.773251320000007,0.0,0.0
PRO 147,87.985,0.0,0.0,-2.982,0.0,0.0,-62.226,0.0,0.0,-8.112,0.0,0.0,0.6876516600000001,0.0,0.0,15.352651660000001,0.0,0.0
THR 148,51.293,0.0,0.0,-1.803,0.0,0.0,-49.258,0.0,0.0,-13.173,0.0,0.0,0.74502236,0.0,0.0,-12.19597764,0.0,0.0
SER 149,65.411,0.0,0.0,-1.451,0.0,0.0,-44.856,0.0,0.0,-14.629,0.0,0.0,0.60488284,0.0,0.0,5.07988284,0.0,0.0
ILE 150,60.934,0.0,0.0,-1.404,0.0,0.0,-29.409,0.0,0.0,-10.551,0.0,0.0,1.2782853200000002,0.0,0.0,20.848285320000002,0.0,0.0

Ligand:
Total Energy Decomposition:
Residue,Internal,,,van der Waals,,,Electrostatic,,,Polar Solvation,,,Non-Polar Solv.,,,TOTAL,,
,Avg.,Std. Dev.,Std. Err. of Mean,Avg.,Std. Dev.,Std. Err. of Mean,Avg.,Std. Dev.,Std. Err. of Mean,Avg.,Std. Dev.,Std. Err. of Mean,Avg.,Std. Dev.,Std. Err. of Mean,Avg.,Std. Dev.,Std. Err. of Mean
LEU   1,43.283,0.0,0.0,-3.339,0.0,0.0,-43.372,0.0,0.0,-1.165,0.0,0.0,0.8256015,0.0,0.0,-3.7673984999999974,0.0,0.0
ASP   2,101.114,0.0,0.0,-4.141,0.0,0.0,-80.307,0.0,0.0,-68.748,0.0,0.0,0.7026379600000001,0.0,0.0,-51.37936204000001,0.0,0.0
ILE   3,96.656,0.0,0.0,-7.448,0.0,0.0,-70.567,0.0,0.0,-2.615,0.0,0.0,0.20351016000000002,0.0,0.0,16.229510160000004,0.0,0.0
ARG   4,-185.946,0.0,0.0,-8.335,0.0,0.0,36.648,0.0,0.0,-15.74,0.0,0.0,0.8779858000000001,0.0,0.0,-172.4950142,1.9073486328125e-06,1.9073486328125e-06
GLN   5,30.743,0.0,0.0,-12.358,0.0,0.0,-84.368,0.0,0.0,-2.997,0.0,0.0,0.07977698,0.0,0.0,-68.90022302,0.0,0.0
GLY   6,86.228,0.0,0.0,-3.614,0.0,0.0,-73.302,0.0,0.0,-5.118,0.0,0.0,0.12076302,0.0,0.0,4.314763019999983,0.0,0.0
PRO   7,85.889,0.0,0.0,-2.921,0.0,0.0,-54.926,0.0,0.0,-7.235,0.0,0.0,0.7836398600000001,0.0,0.0,21.59063985999999,0.0,0.0
LYS   8,126.801,0.0,0.0,-3.895,0.0,0.0,-128.114,0.0,0.0,-7.314,0.0,0.0,0.88461988,0.0,0.0,-11.637380119999998,0.0,0.0
GLU   9,116.384,0.0,0.0,-7.616,0.0,0.0,-120.109,0.0,0.0,-35.294,0.0,0.0,0.25038774,0.0,0.0,-46.38461225999999,0.0,0.0
PRO  10,79.161,0.0,0.0,-7.716,0.0,0.0,-54.384,0.0,0.0,-4.42,0.0,0.0,0.15292530000000001,0.0,0.0,12.793925300000007,0.0,0.0
PHE  11,108.275,0.0,0.0,-12.049,0.0,0.0,-76.089,0.0,0.0,-3.081,0.0,0.0,0.02244422,0.0,0.0,17.07844422,0.0,0.0
ARG  12,-199.391,0.0,0.0,-9.045,0.0,0.0,40.699,0.0,0.0,-10.791,0.0,0.0,0.7854230400000001,0.0,0.0,-177.74257695999995,0.0,0.0
ASP  13,88.611,0.0,0.0,-7.205,0.0,0.0,-82.538,0.0,0.0,-65.248,0.0,0.0,0.33809418,0.0,0.0,-66.04190582,0.0,0.0
TYR  14,101.018,0.0,0.0,-18.827,0.0,0.0,-94.0,0.0,0.0,-2.949,0.0,0.0,0.0,0.0,0.0,-14.757999999999997,0.0,0.0
VAL  15,45.534,0.0,0.0,-10.064,0.0,0.0,-51.564,0.0,0.0,-0.034,0.0,0.0,0.0,0.0,0.0,-16.128,0.0,0.0
ASP  16,119.944,0.0,0.0,-7.451,0.0,0.0,-105.564,0.0,0.0,-54.418,0.0,0.0,0.19604140000000003,0.0,0.0,-47.292958599999984,0.0,0.0
ARG  17,-194.933,0.0,0.0,-8.267,0.0,0.0,9.079,0.0,0.0,9.373,0.0,0.0,0.52015198,0.0,0.0,-184.22784801999998,0.0,0.0
PHE  18,104.37,0.0,0.0,-14.064,0.0,0.0,-82.335,0.0,0.0,-0.455,0.0,0.0,0.02730054,0.0,0.0,7.5433005400000175,0.0,0.0
TYR  19,100.911,0.0,0.0,-11.915,0.0,0.0,-94.6,0.0,0.0,-1.372,0.0,0.0,0.27258264000000004,0.0,0.0,-6.7034173599999844,0.0,0.0
LYS  20,138.99,0.0,0.0,-7.16,0.0,0.0,-128.422,0.0,0.0,-20.151,0.0,0.0,0.7938132000000001,0.0,0.0,-15.949186799999984,0.0,0.0
THR  21,47.892,0.0,0.0,-6.632,0.0,0.0,-58.435,0.0,0.0,-3.565,0.0,0.0,0.3405115,0.0,0.0,-20.399488499999997,0.0,0.0
LEU  22,73.559,0.0,0.0,-11.013,0.0,0.0,-64.656,0.0,0.0,-3.612,0.0,0.0,0.07849244,0.0,0.0,-5.643507560000007,0.0,0.0
ARG  23,-205.555,0.0,0.0,-5.183,0.0,0.0,73.533,0.0,0.0,-37.149,0.0,0.0,1.10762036,0.0,0.0,-173.24637964,0.0,0.0
ALA  24,86.718,0.0,0.0,-3.341,0.0,0.0,-79.157,0.0,0.0,-4.344,0.0,0.0,0.47536652000000007,0.0,0.0,0.35136652000001284,0.0,0.0
GLU  25,105.69,0.0,0.0,-5.616,0.0,0.0,-66.252,0.0,0.0,-87.594,0.0,0.0,0.6672833,0.0,0.0,-53.10471669999999,0.0,0.0
GLN  26,26.724,0.0,0.0,-3.318,0.0,0.0,-66.081,0.0,0.0,-16.058,0.0,0.0,0.93813154,0.0,0.0,-57.79486846,0.0,0.0
ALA  27,96.358,0.0,0.0,-4.549,0.0,0.0,-88.3,0.0,0.0,0.035,0.0,0.0,0.09590148,0.0,0.0,3.6399014800000007,0.0,0.0
SER  28,75.342,0.0,0.0,-5.574,0.0,0.0,-68.626,0.0,0.0,-4.493,0.0,0.0,0.32821894,0.0,0.0,-3.0227810600000042,0.0,0.0
GLN  29,23.595,0.0,0.0,-6.278,0.0,0.0,-61.745,0.0,0.0,-16.963,0.0,0.0,0.687256,0.0,0.0,-60.703744,0.0,0.0
GLU  30,107.645,0.0,0.0,-7.251,0.0,0.0,-90.759,0.0,0.0,-64.64,0.0,0.0,0.66161398,0.0,0.0,-54.34338602000001,0.0,0.0
VAL  31,62.89,0.0,0.0,-7.217,0.0,0.0,-59.671,0.0,0.0,-1.892,0.0,0.0,0.2862844,0.0,0.0,-5.6037155999999975,0.0,0.0
LYS  32,117.205,0.0,0.0,-10.315,0.0,0.0,-102.608,0.0,0.0,-20.976,0.0,0.0,0.37478216,0.0,0.0,-16.319217840000004,0.0,0.0
ASN  33,29.115,0.0,0.0,-7.424,0.0,0.0,-82.807,0.0,0.0,-12.183,0.0,0.0,0.42990356,0.0,0.0,-72.86909644,0.0,0.0
TRP  34,124.551,0.0,0.0,-10.94,0.0,0.0,-91.341,0.0,0.0,-6.753,0.0,0.0,0.9001861200000001,0.0,0.0,16.41718612000001,0.0,0.0
MET  35,112.559,0.0,0.0,-10.655,0.0,0.0,-91.672,0.0,0.0,-0.765,0.0,0.0,0.12454618,0.0,0.0,9.591546179999998,0.0,0.0
THR  36,47.191,0.0,0.0,-8.087,0.0,0.0,-59.673,0.0,0.0,-1.158,0.0,0.0,0.06067148000000001,0.0,0.0,-21.666328520000004,0.0,0.0
GLU  37,105.899,0.0,0.0,-7.589,0.0,0.0,-61.929,0.0,0.0,-85.993,0.0,0.0,0.50474834,0.0,0.0,-49.107251659999996,0.0,0.0
THR  38,45.774,0.0,0.0,-6.886,0.0,0.0,-54.054,0.0,0.0,0.102,0.0,0.0,0.28995374,0.0,0.0,-14.774046260000004,0.0,0.0
LEU  39,65.594,0.0,0.0,-9.601,0.0,0.0,-69.233,0.0,0.0,0.587,0.0,0.0,0.1110558,0.0,0.0,-12.541944200000009,0.0,0.0
LEU  40,83.586,0.0,0.0,-11.803,0.0,0.0,-90.286,0.0,0.0,0.786,0.0,0.0,0.01007036,0.0,0.0,-17.70692964,0.0,0.0
VAL  41,56.782,0.0,0.0,-8.474,0.0,0.0,-63.291,0.0,0.0,2.016,0.0,0.0,0.16533168,0.0,0.0,-12.801668320000005,0.0,0.0
GLN  42,22.138,0.0,0.0,-7.342,0.0,0.0,-63.651,0.0,0.0,-10.875,0.0,0.0,0.69064892,0.0,0.0,-59.03935108,0.0,0.0
ASN  43,20.216,0.0,0.0,-9.198,0.0,0.0,-85.844,0.0,0.0,-2.221,0.0,0.0,0.04743584000000001,0.0,0.0,-76.99956415999999,0.0,0.0
ALA  44,94.732,0.0,0.0,-8.0,0.0,0.0,-83.898,0.0,0.0,1.165,0.0,0.0,0.019815520000000003,0.0,0.0,4.018815520000003,0.0,0.0
ASN  45,36.593,0.0,0.0,-7.588,0.0,0.0,-82.837,0.0,0.0,-6.067,0.0,0.0,0.21738536,0.0,0.0,-59.68161464,0.0,0.0
PRO  46,80.613,0.0,0.0,-5.223,0.0,0.0,-55.265,0.0,0.0,-4.289,0.0,0.0,0.55679118,0.0,0.0,16.39279118,0.0,0.0
ASP  47,81.66,0.0,0.0,-5.209,0.0,0.0,-66.284,0.0,0.0,-69.416,0.0,0.0,0.52372376,0.0,0.0,-58.72527624000001,0.0,0.0
CYX  48,104.26,0.0,0.0,-7.835,0.0,0.0,-82.847,0.0,0.0,-3.071,0.0,0.0,0.006325140000000001,0.0,0.0,10.513325140000017,0.0,0.0
LYS  49,138.283,0.0,0.0,-10.124,0.0,0.0,-120.694,0.0,0.0,-21.469,0.0,0.0,0.27475064,0.0,0.0,-13.729249360000011,0.0,0.0
THR  50,48.767,0.0,0.0,-6.48,0.0,0.0,-58.021,0.0,0.0,-7.405,0.0,0.0,0.5329052400000001,0.0,0.0,-22.606094759999994,0.0,0.0
ILE  51,76.259,0.0,0.0,-7.159,0.0,0.0,-56.182,0.0,0.0,-2.156,0.0,0.0,0.31948732,0.0,0.0,11.081487319999992,0.0,0.0
LEU  52,82.631,0.0,0.0,-9.51,0.0,0.0,-78.804,0.0,0.0,-4.566,0.0,0.0,0.025674540000000003,0.0,0.0,-10.223325460000005,0.0,0.0
LYS  53,125.147,0.0,0.0,-7.209,0.0,0.0,-80.511,0.0,0.0,-51.101,0.0,0.0,0.8100081600000001,0.0,0.0,-12.863991839999992,0.0,0.0
ALA  54,83.206,0.0,0.0,-3.55,0.0,0.0,-72.083,0.0,0.0,-7.15,0.0,0.0,0.4996318600000001,0.0,0.0,0.9226318600000072,0.0,0.0
LEU  55,78.081,0.0,0.0,-7.801,0.0,0.0,-74.148,0.0,0.0,-6.391,0.0,0.0,0.2808102,0.0,0.0,-9.978189799999996,0.0,0.0
GLY  56,94.202,0.0,0.0,-2.35,0.0,0.0,-75.184,0.0,0.0,-7.515,0.0,0.0,0.11637282,0.0,0.0,9.269372820000006,0.0,0.0
PRO  57,78.43,0.0,0.0,-4.221,0.0,0.0,-54.163,0.0,0.0,-7.24,0.0,0.0,0.44775704,0.0,0.0,13.253757040000007,0.0,0.0
GLY  58,66.804,0.0,0.0,-1.692,0.0,0.0,-63.349,0.0,0.0,-7.327,0.0,0.0,0.4649492800000001,0.0,0.0,-5.099050719999988,0.0,0.0
ALA  59,100.604,0.0,0.0,-5.481,0.0,0.0,-89.905,0.0,0.0,-3.111,0.0,0.0,0.08673084,0.0,0.0,2.1937308400000033,0.0,0.0
THR  60,57.949,0.0,0.0,-4.634,0.0,0.0,-61.359,0.0,0.0,-3.604,0.0,0.0,0.45531252000000005,0.0,0.0,-11.192687480000004,0.0,0.0
LEU  61,70.196,0.0,0.0,-7.791,0.0,0.0,-68.385,0.0,0.0,-4.072,0.0,0.0,0.37074968,0.0,0.0,-9.681250320000004,0.0,0.0
GLU  62,108.693,0.0,0.0,-5.927,0.0,0.0,-61.71,0.0,0.0,-93.963,0.0,0.0,0.8007182800000001,0.0,0.0,-52.106281720000005,0.0,0.0
GLU  63,105.354,0.0,0.0,-6.077,0.0,0.0,-70.366,0.0,0.0,-81.985,0.0,0.0,0.45711738,0.0,0.0,-52.61688262,0.0,0.0
MET  64,90.578,0.0,0.0,-9.512,0.0,0.0,-77.221,0.0,0.0,0.38,0.0,0.0,0.02318134,0.0,0.0,4.248181339999999,0.0,0.0
MET  65,100.099,0.0,0.0,-8.978,0.0,0.0,-82.948,0.0,0.0,-2.223,0.0,0.0,0.4226245,0.0,0.0,6.372624500000017,0.0,0.0
THR  66,32.389,0.0,0.0,-4.022,0.0,0.0,-31.496,0.0,0.0,-7.248,0.0,0.0,0.57456878,0.0,0.0,-9.802431219999995,0.0,0.0
ALA  67,75.534,0.0,0.0,-3.372,0.0,0.0,-63.81,0.0,0.0,-3.396,0.0,0.0,0.2326264,0.0,0.0,5.188626400000004,0.0,0.0
CYX  68,97.122,0.0,0.0,-5.45,0.0,0.0,-79.675,0.0,0.0,-3.258,0.0,0.0,0.06715380000000001,0.0,0.0,8.8061538,0.0,0.0
GLN  69,41.814,0.0,0.0,-3.426,0.0,0.0,-68.313,0.0,0.0,-19.867,0.0,0.0,0.9234758600000001,0.0,0.0,-48.86852414,0.0,0.0
GLY  70,98.616,0.0,0.0,-2.324,0.0,0.0,-82.043,0.0,0.0,-10.161,0.0,0.0,0.30846304,0.0,0.0,4.396463039999996,0.0,0.0
VAL  71,35.785,0.0,0.0,-2.858,0.0,0.0,-67.052,0.0,0.0,-57.666,0.0,0.0,0.79160726,0.0,0.0,-90.99939273999999,0.0,0.0

DELTAS:
Total Energy Decomposition:
Residue,Location,Internal,,,van der Waals,,,Electrostatic,,,Polar Solvation,,,Non-Polar Solv.,,,TOTAL,,
,,Avg.,Std. Dev.,Std. Err. of Mean,Avg.,Std. Dev.,Std. Err. of Mean,Avg.,Std. Dev.,Std. Err. of Mean,Avg.,Std. Dev.,Std. Err. of Mean,Avg.,Std. Dev.,Std. Err. of Mean
PRO   1,R PRO   1,0.0,0.0,0.0,-0.001000000000000334,0.0,0.0,-6.271000000000001,0.0,0.0,6.275,0.0,0.0,0.0,0.0,0.0,0.0029999999999947846,0.0,0.0
ILE   2,R ILE   2,0.0,0.0,0.0,0.0,0.0,0.0,-0.008000000000009777,0.0,0.0,0.007000000000000117,0.0,0.0,0.0,0.0,0.0,-0.001000000000010104,0.0,0.0
VAL   3,R VAL   3,0.0,0.0,0.0,-0.0009999999999994458,0.0,0.0,-0.018000000000000682,0.0,0.0,0.018000000000000016,0.0,0.0,0.0,0.0,0.0,-0.0009999999999976694,0.0,0.0
GLN   4,R GLN   4,0.0,0.0,0.0,0.0,0.0,0.0,0.03800000000000381,0.0,0.0,-0.038000000000000256,0.0,0.0,0.0,0.0,0.0,7.105427357601002e-15,0.0,0.0
ASN   5,R ASN   5,0.0,0.0,0.0,0.0,0.0,0.0,0.16500000000000625,0.0,0.0,-0.16500000000000092,0.0,0.0,0.0,0.0,0.0,0.0,0.0,0.0
LEU   6,R LEU   6,0.0,0.0,0.0,0.0,0.0,0.0,0.06700000000000017,0.0,0.0,-0.06700000000000017,0.0,0.0,0.0,0.0,0.0,0.0,0.0,0.0
GLN   7,R GLN   7,0.0,0.0,0.0,-0.0009999999999998899,0.0,0.0,0.09999999999999432,0.0,0.0,-0.09999999999999787,0.0,0.0,0.0,0.0,0.0,-0.0010000000000047748,0.0,0.0
GLY   8,R GLY   8,0.0,0.0,0.0,0.0,0.0,0.0,0.0379999999999967,0.0,0.0,-0.03799999999999981,0.0,0.0,0.0,0.0,0.0,-2.6645352591003757e-15,0.0,0.0
GLN   9,R GLN   9,0.0,0.0,0.0,0.0,0.0,0.0,0.0870000000000033,0.0,0.0,-0.08799999999999919,0.0,0.0,0.0,0.0,0.0,-0.0009999999999976694,0.0,0.0
MET  10,R MET  10,0.0,0.0,0.0,-0.001000000000000334,0.0,0.0,-0.006999999999990791,0.0,0.0,0.007000000000000561,0.0,0.0,0.0,0.0,0.0,-0.000999999999980794,0.0,0.0
VAL  11,R VAL  11,0.0,0.0,0.0,0.0,0.0,0.0,0.06300000000000239,0.0,0.0,-0.06300000000000017,0.0,0.0,0.0,0.0,0.0,1.7763568394002505e-15,0.0,0.0
HID  12,R HID  12,0.0,0.0,0.0,0.0,0.0,0.0,-0.03300000000000125,0.0,0.0,0.0329999999999977,0.0,0.0,0.0,0.0,0.0,-3.552713678800501e-15,0.0,0.0
GLN  13,R GLN  13,0.0,0.0,0.0,0.0,0.0,0.0,0.02400000000000091,0.0,0.0,-0.022999999999999687,0.0,0.0,0.0,0.0,0.0,0.0010000000000047748,0.0,0.0
ALA  14,R ALA  14,0.0,0.0,0.0,-0.0009999999999998899,0.0,0.0,0.012000000000000455,0.0,0.0,-0.01100000000000012,0.0,0.0,0.0,0.0,0.0,-5.329070518200751e-15,0.0,0.0
ILE  15,R ILE  15,0.0,0.0,0.0,-0.0009999999999994458,0.0,0.0,-0.03300000000000125,0.0,0.0,0.03399999999999981,0.0,0.0,0.0,0.0,0.0,-5.329070518200751e-15,0.0,0.0
SER  16,R SER  16,0.0,0.0,0.0,-0.0009999999999994458,0.0,0.0,0.031999999999996476,0.0,0.0,-0.03300000000000125,0.0,0.0,0.0,0.0,0.0,-0.001999999999995339,0.0,0.0
PRO  17,R PRO  17,0.0,0.0,0.0,0.0,0.0,0.0,0.02499999999999858,0.0,0.0,-0.02400000000000002,0.0,0.0,0.0,0.0,0.0,0.0010000000000012221,0.0,0.0
ARG  18,R ARG  18,0.0,0.0,0.0,-0.0009999999999994458,0.0,0.0,-5.972999999999999,0.0,0.0,5.976999999999997,0.0,0.0,0.0,0.0,0.0,0.002999999999985903,0.0,0.0
THR  19,R THR  19,0.0,0.0,0.0,-0.001000000000000334,0.0,0.0,-0.030999999999998806,0.0,0.0,0.03200000000000003,0.0,0.0,0.0,0.0,0.0,3.552713678800501e-15,0.0,0.0
LEU  20,R LEU  20,0.0,0.0,0.0,-0.001000000000000334,0.0,0.0,0.007999999999995566,0.0,0.0,-0.008999999999999453,0.0,0.0,0.0,0.0,0.0,-0.002000000000000668,0.0,0.0
ASN  21,R ASN  21,0.0,0.0,0.0,-0.0009999999999994458,0.0,0.0,0.027000000000001023,0.0,0.0,-0.025000000000000355,0.0,0.0,0.0,0.0,0.0,0.000999999999990564,0.0,0.0
ALA  22,R ALA  22,0.0,0.0,0.0,-0.0019999999999997797,0.0,0.0,-0.03300000000000125,0.0,0.0,0.037000000000000366,0.0,0.0,0.0,0.0,0.0,0.0020000000000033324,0.0,0.0
TRP  23,R TRP  23,0.0,0.0,0.0,-0.007999999999999119,0.0,0.0,-0.036000000000001364,0.0,0.0,0.041999999999999815,0.0,0.0,0.0,0.0,0.0,-0.001999999999997115,0.0,0.0
VAL  24,R VAL  24,0.0,0.0,0.0,-0.0019999999999997797,0.0,0.0,0.05300000000000438,0.0,0.0,-0.05099999999999927,0.0,0.0,0.0,0.0,0.0,2.6645352591003757e-15,0.0,0.0
LYS  25,R LYS  25,0.0,0.0,0.0,-0.0030000000000001137,0.0,0.0,-6.024000000000001,0.0,0.0,6.038,0.0,0.0,0.0,0.0,0.0,0.010999999999999233,0.0,0.0
VAL  26,R VAL  26,0.0,0.0,0.0,-0.008000000000000895,0.0,0.0,0.1039999999999992,0.0,0.0,-0.09100000000000019,0.0,0.0,0.0,0.0,0.0,0.0049999999999954525,0.0,0.0
VAL  27,R VAL  27,0.0,0.0,0.0,-0.007000000000000561,0.0,0.0,0.11299999999999955,0.0,0.0,-0.10400000000000009,0.0,0.0,0.0,0.0,0.0,0.0020000000000024443,0.0,0.0
GLU  28,R GLU  28,0.0,0.0,0.0,-0.0039999999999995595,0.0,0.0,6.919000000000004,0.0,0.0,-6.905000000000001,0.0,0.0,0.0,0.0,0.0,0.010000000000012221,0.0,0.0
GLU  29,R GLU  29,0.0,0.0,0.0,-0.007000000000000561,0.0,0.0,6.6910000000000025,0.0,0.0,-6.646000000000001,0.0,0.0,0.0,0.0,0.0,0.038000000000010914,0.0,0.0
LYS  30,R LYS  30,0.0,0.0,0.0,-0.03300000000000036,0.0,0.0,-2.9960000000000093,0.0,0.0,3.1470000000000002,0.0,0.0,0.0,0.0,0.0,0.11799999999999145,0.0,0.0
ALA  31,R ALA  31,0.0,0.0,0.0,-0.02499999999999991,0.0,0.0,0.4129999999999967,0.0,0.0,-0.3370000000000002,0.0,0.0,0.0,0.0,0.0,0.05099999999999083,0.0,0.0
PHE  32,R PHE  32,0.0,0.0,0.0,-0.09000000000000163,0.0,0.0,0.7669999999999959,0.0,0.0,-0.657,0.0,0.0,0.0,0.0,0.0,0.019999999999992468,0.0,0.0
SER  33,R SER  33,0.0,0.0,0.0,-0.19100000000000028,0.0,0.0,-0.5619999999999976,0.0,0.0,1.0180000000000002,0.0,0.0,-0.0014417199999999797,0.0,0.0,0.2635582799999998,0.0,0.0
PRO  34,R PRO  34,0.0,0.0,0.0,-2.33,0.0,0.0,0.7760000000000034,0.0,0.0,-0.1030000000000002,0.0,0.0,-0.37448948000000004,0.0,0.0,-2.031489479999996,0.0,0.0
GLU  35,R GLU  35,0.0,0.0,0.0,-0.2400000000000002,0.0,0.0,-0.045000000000001705,0.0,0.0,0.08200000000000074,0.0,0.0,-0.02022744000000004,0.0,0.0,-0.22322743999999517,0.0,0.0
VAL  36,R VAL  36,0.0,0.0,0.0,-0.08300000000000018,0.0,0.0,0.10900000000000176,0.0,0.0,-0.047000000000000014,0.0,0.0,0.0,0.0,0.0,-0.020999999999995467,0.0,0.0
ILE  37,R ILE  37,0.0,0.0,0.0,-0.27700000000000014,0.0,0.0,1.3540000000000134,0.0,0.0,-1.2720000000000002,0.0,0.0,-0.00491593999999998,0.0,0.0,-0.1999159399999897,0.0,0.0
PRO  38,R PRO  38,0.0,0.0,0.0,-0.1639999999999997,0.0,0.0,1.458999999999996,0.0,0.0,-1.4350000000000005,0.0,0.0,-0.07242204000000002,0.0,0.0,-0.21242204000000697,0.0,0.0
MET  39,R MET  39,0.0,0.0,0.0,-0.02499999999999858,0.0,0.0,0.132000000000005,0.0,0.0,-0.10599999999999987,0.0,0.0,0.0,0.0,0.0,0.0010000000000136566,0.0,0.0
PHE  40,R PHE  40,0.0,0.0,0.0,-0.014999999999998792,0.0,0.0,0.24799999999999045,0.0,0.0,-0.2320000000000002,0.0,0.0,0.0,0.0,0.0,0.0009999999999896758,0.0,0.0
SER  41,R SER  41,0.0,0.0,0.0,-0.01100000000000012,0.0,0.0,0.5210000000000008,0.0,0.0,-0.4500000000000002,0.0,0.0,0.0,0.0,0.0,0.06000000000000494,0.0,0.0
ALA  42,R ALA  42,0.0,0.0,0.0,-0.004000000000000448,0.0,0.0,0.22800000000000864,0.0,0.0,-0.22100000000000009,0.0,0.0,0.0,0.0,0.0,0.0030000000000036664,0.0,0.0
LEU  43,R LEU  43,0.0,0.0,0.0,-0.0039999999999995595,0.0,0.0,0.13100000000000023,0.0,0.0,-0.125,0.0,0.0,0.0,0.0,0.0,0.001999999999995339,0.0,0.0
SER  44,R SER  44,0.0,0.0,0.0,-0.0019999999999997797,0.0,0.0,0.16400000000000148,0.0,0.0,-0.15599999999999992,0.0,0.0,0.0,0.0,0.0,0.005999999999991346,0.0,0.0
GLU  45,R GLU  45,0.0,0.0,0.0,-0.0030000000000001137,0.0,0.0,6.600000000000001,0.0,0.0,-6.596000000000004,0.0,0.0,0.0,0.0,0.0,0.0009999999999976694,0.0,0.0
GLY  46,R GLY  46,0.0,0.0,0.0,0.0,0.0,0.0,-0.06199999999999761,0.0,0.0,0.062000000000000055,0.0,0.0,0.0,0.0,0.0,2.4424906541753444e-15,0.0,0.0
ALA  47,R ALA  47,0.0,0.0,0.0,0.0,0.0,0.0,0.0759999999999934,0.0,0.0,-0.07399999999999984,0.0,0.0,0.0,0.0,0.0,0.0019999999999935625,0.0,0.0
THR  48,R THR  48,0.0,0.0,0.0,-0.0009999999999994458,0.0,0.0,-0.0030000000000001137,0.0,0.0,0.0030000000000000027,0.0,0.0,0.0,0.0,0.0,-0.0010000000000047748,0.0,0.0
PRO  49,R PRO  49,0.0,0.0,0.0,-0.0009999999999994458,0.0,0.0,0.00999999999999801,0.0,0.0,-0.01100000000000001,0.0,0.0,0.0,0.0,0.0,-0.001999999999991786,0.0,0.0
GLN  50,R GLN  50,0.0,0.0,0.0,0.0,0.0,0.0,0.024999999999991473,0.0,0.0,-0.025000000000000355,0.0,0.0,0.0,0.0,0.0,-7.105427357601002e-15,0.0,0.0
ASP  51,R ASP  51,0.0,0.0,0.0,-0.001000000000000334,0.0,0.0,6.293000000000006,0.0,0.0,-6.295999999999999,0.0,0.0,0.0,0.0,0.0,-0.003999999999990678,0.0,0.0
LEU  52,R LEU  52,0.0,0.0,0.0,-0.0019999999999988916,0.0,0.0,0.005000000000009663,0.0,0.0,-0.0030000000000000027,0.0,0.0,0.0,0.0,0.0,1.4210854715202004e-14,0.0,0.0
ASN  53,R ASN  53,0.0,0.0,0.0,-0.0009999999999994458,0.0,0.0,0.13400000000000034,0.0,0.0,-0.13400000000000034,0.0,0.0,0.0,0.0,0.0,-0.0010000000000047748,0.0,0.0
THR  54,R THR  54,0.0,0.0,0.0,-0.001000000000000334,0.0,0.0,-0.001999999999995339,0.0,0.0,0.0040000000000000036,0.0,0.0,0.0,0.0,0.0,0.0010000000000012221,0.0,0.0
MET  55,R MET  55,0.0,0.0,0.0,-0.0030000000000001137,0.0,0.0,0.016999999999995907,0.0,0.0,-0.01200000000000001,0.0,0.0,0.0,0.0,0.0,0.001999999999982016,0.0,0.0
LEU  56,R LEU  56,0.0,0.0,0.0,-0.002000000000000668,0.0,0.0,0.02400000000000091,0.0,0.0,-0.02300000000000002,0.0,0.0,0.0,0.0,0.0,-0.0010000000000012221,0.0,0.0
ASN  57,R ASN  57,0.0,0.0,0.0,-0.001000000000000334,0.0,0.0,0.1039999999999992,0.0,0.0,-0.10299999999999976,0.0,0.0,0.0,0.0,0.0,0.0,0.0,0.0
THR  58,R THR  58,0.0,0.0,0.0,-0.001000000000000334,0.0,0.0,-0.02199999999999136,0.0,0.0,0.027000000000000135,0.0,0.0,0.0,0.0,0.0,0.004000000000003112,0.0,0.0
VAL  59,R VAL  59,0.0,0.0,0.0,-0.0030000000000001137,0.0,0.0,0.054000000000002046,0.0,0.0,-0.04899999999999993,0.0,0.0,0.0,0.0,0.0,0.0020000000000024443,0.0,0.0
ALA  60,R ALA  60,0.0,0.0,0.0,-0.001000000000000334,0.0,0.0,0.11999999999999744,0.0,0.0,-0.11799999999999988,0.0,0.0,0.0,0.0,0.0,0.0009999999999941167,0.0,0.0
PRO  61,R PRO  61,0.0,0.0,0.0,-0.001000000000000334,0.0,0.0,0.11200000000000188,0.0,0.0,-0.10999999999999988,0.0,0.0,0.0,0.0,0.0,0.0010000000000118803,0.0,0.0
HID  62,R HID  62,0.0,0.0,0.0,-0.004000000000000448,0.0,0.0,-0.13400000000000034,0.0,0.0,0.14599999999999902,0.0,0.0,0.0,0.0,0.0,0.00799999999999379,0.0,0.0
GLN  63,R GLN  63,0.0,0.0,0.0,-0.0019999999999997797,0.0,0.0,-0.09100000000000108,0.0,0.0,0.09499999999999886,0.0,0.0,0.0,0.0,0.0,0.001999999999995339,0.0,0.0
ALA  64,R ALA  64,0.0,0.0,0.0,-0.0030000000000001137,0.0,0.0,0.09199999999999875,0.0,0.0,-0.07899999999999974,0.0,0.0,0.0,0.0,0.0,0.009999999999998899,0.0,0.0
ALA  65,R ALA  65,0.0,0.0,0.0,-0.005000000000000782,0.0,0.0,0.15500000000000114,0.0,0.0,-0.14400000000000013,0.0,0.0,0.0,0.0,0.0,0.0060000000000055564,0.0,0.0
ALA  66,R ALA  66,0.0,0.0,0.0,-0.0030000000000001137,0.0,0.0,0.10800000000000409,0.0,0.0,-0.10999999999999999,0.0,0.0,0.0,0.0,0.0,-0.00499999999998213,0.0,0.0
GLN  67,R GLN  67,0.0,0.0,0.0,-0.0030000000000001137,0.0,0.0,-0.18500000000000227,0.0,0.0,0.19399999999999995,0.0,0.0,0.0,0.0,0.0,0.006000000000000227,0.0,0.0
MET  68,R MET  68,0.0,0.0,0.0,-0.0259999999999998,0.0,0.0,-0.0799999999999983,0.0,0.0,0.07599999999999996,0.0,0.0,0.0,0.0,0.0,-0.02999999999999492,0.0,0.0
LEU  69,R LEU  69,0.0,0.0,0.0,-0.009999999999999787,0.0,0.0,0.13700000000000045,0.0,0.0,-0.13999999999999968,0.0,0.0,0.0,0.0,0.0,-0.01300000000000523,0.0,0.0
LYS  70,R LYS  70,0.0,0.0,0.0,-0.0030000000000001137,0.0,0.0,-7.820999999999998,0.0,0.0,7.817999999999998,0.0,0.0,0.0,0.0,0.0,-0.006000000000014438,0.0,0.0
GLU  71,R GLU  71,0.0,0.0,0.0,-0.004999999999999893,0.0,0.0,10.700999999999993,0.0,0.0,-10.646999999999991,0.0,0.0,0.0,0.0,0.0,0.049000000000006594,0.0,0.0
THR  72,R THR  72,0.0,0.0,0.0,-0.006999999999999673,0.0,0.0,0.17600000000000193,0.0,0.0,-0.1719999999999997,0.0,0.0,0.0,0.0,0.0,-0.0029999999999930083,0.0,0.0
ILE  73,R ILE  73,0.0,0.0,0.0,-0.0030000000000001137,0.0,0.0,0.045999999999999375,0.0,0.0,-0.04499999999999993,0.0,0.0,0.0,0.0,0.0,-0.002000000000000668,0.0,0.0
ASN  74,R ASN  74,0.0,0.0,0.0,-0.001000000000000334,0.0,0.0,-0.11200000000000898,0.0,0.0,0.11399999999999899,0.0,0.0,0.0,0.0,0.0,0.000999999999990564,0.0,0.0
GLU  75,R GLU  75,0.0,0.0,0.0,-0.0030000000000001137,0.0,0.0,10.180999999999997,0.0,0.0,-10.146,0.0,0.0,0.0,0.0,0.0,0.031999999999996476,0.0,0.0
GLU  76,R GLU  76,0.0,0.0,0.0,-0.0039999999999995595,0.0,0.0,10.177,0.0,0.0,-10.126999999999995,0.0,0.0,0.0,0.0,0.0,0.046000000000013586,0.0,0.0
ALA  77,R ALA  77,0.0,0.0,0.0,-0.001000000000000334,0.0,0.0,-0.05100000000000193,0.0,0.0,0.052000000000000046,0.0,0.0,0.0,0.0,0.0,-6.661338147750939e-15,0.0,0.0
ALA  78,R ALA  78,0.0,0.0,0.0,0.0,0.0,0.0,-0.12999999999999545,0.0,0.0,0.13,0.0,0.0,0.0,0.0,0.0,4.440892098500626e-15,0.0,0.0
GLU  79,R GLU  79,0.0,0.0,0.0,-0.0009999999999994458,0.0,0.0,9.900000000000006,0.0,0.0,-9.867999999999995,0.0,0.0,0.0,0.0,0.0,0.03100000000000591,0.0,0.0
TRP  80,R TRP  80,0.0,0.0,0.0,-0.002000000000000668,0.0,0.0,0.04399999999999693,0.0,0.0,-0.04299999999999993,0.0,0.0,0.0,0.0,0.0,-0.0010000000000127685,0.0,0.0
ASP  81,R ASP  81,0.0,0.0,0.0,-0.0009999999999994458,0.0,0.0,7.325000000000003,0.0,0.0,-7.323999999999998,0.0,0.0,0.0,0.0,0.0,0.0,0.0,0.0
ARG  82,R ARG  82,0.0,0.0,0.0,-0.0010000000000012221,0.0,0.0,-8.848,0.0,0.0,8.846000000000002,0.0,0.0,0.0,0.0,0.0,-0.002999999999957481,0.0,0.0
LEU  83,R LEU  83,0.0,0.0,0.0,-0.001000000000000334,0.0,0.0,-0.09099999999999397,0.0,0.0,0.09099999999999975,0.0,0.0,0.0,0.0,0.0,-0.0009999999999941167,0.0,0.0
HID  84,R HID  84,0.0,0.0,0.0,-0.0009999999999994458,0.0,0.0,-0.05700000000000216,0.0,0.0,0.056999999999999496,0.0,0.0,0.0,0.0,0.0,-0.0010000000000083276,0.0,0.0
PRO  85,R PRO  85,0.0,0.0,0.0,0.0,0.0,0.0,0.019000000000005457,0.0,0.0,-0.019000000000000128,0.0,0.0,0.0,0.0,0.0,3.552713678800501e-15,0.0,0.0
VAL  86,R VAL  86,0.0,0.0,0.0,-0.001000000000000334,0.0,0.0,0.032999999999994145,0.0,0.0,-0.03300000000000036,0.0,0.0,0.0,0.0,0.0,-0.0010000000000038867,0.0,0.0
HID  87,R HID  87,0.0,0.0,0.0,-0.0009999999999994458,0.0,0.0,-0.0010000000000047748,0.0,0.0,0.0,0.0,0.0,0.0,0.0,0.0,-0.001999999999995339,0.0,0.0
ALA  88,R ALA  88,0.0,0.0,0.0,0.0,0.0,0.0,0.003999999999990678,0.0,0.0,-0.004000000000000448,0.0,0.0,0.0,0.0,0.0,-9.769962616701378e-15,0.0,0.0
GLY  89,R GLY  89,0.0,0.0,0.0,0.0,0.0,0.0,0.08800000000000807,0.0,0.0,-0.08800000000000008,0.0,0.0,0.0,0.0,0.0,7.105427357601002e-15,0.0,0.0
PRO  90,R PRO  90,0.0,0.0,0.0,0.0,0.0,0.0,0.05700000000000216,0.0,0.0,-0.056999999999999496,0.0,0.0,0.0,0.0,0.0,3.552713678800501e-15,0.0,0.0
ILE  91,R ILE  91,0.0,0.0,0.0,0.0,0.0,0.0,-0.08099999999999596,0.0,0.0,0.08099999999999996,0.0,0.0,0.0,0.0,0.0,3.552713678800501e-15,0.0,0.0
ALA  92,R ALA  92,0.0,0.0,0.0,0.0,0.0,0.0,0.021000000000000796,0.0,0.0,-0.020999999999999908,0.0,0.0,0.0,0.0,0.0,0.0,0.0,0.0
PRO  93,R PRO  93,0.0,0.0,0.0,-0.0009999999999998899,0.0,0.0,0.07399999999999807,0.0,0.0,-0.07399999999999984,0.0,0.0,0.0,0.0,0.0,-0.0010000000000065512,0.0,0.0
GLY  94,R GLY  94,0.0,0.0,0.0,0.0,0.0,0.0,0.04899999999999238,0.0,0.0,-0.04800000000000004,0.0,0.0,0.0,0.0,0.0,0.0009999999999923403,0.0,0.0
GLN  95,R GLN  95,0.0,0.0,0.0,0.0,0.0,0.0,-0.14699999999999136,0.0,0.0,0.14700000000000024,0.0,0.0,0.0,0.0,0.0,1.4210854715202004e-14,0.0,0.0
MET  96,R MET  96,0.0,0.0,0.0,0.0,0.0,0.0,0.038000000000010914,0.0,0.0,-0.03799999999999848,0.0,0.0,0.0,0.0,0.0,1.2434497875801753e-14,0.0,0.0
ARG  97,R ARG  97,0.0,0.0,0.0,0.0,0.0,0.0,-6.338000000000001,0.0,0.0,6.337,0.0,0.0,0.0,0.0,0.0,-0.0010000000000331966,0.0,0.0
GLU  98,R GLU  98,0.0,0.0,0.0,0.0,0.0,0.0,6.783999999999999,0.0,0.0,-6.784000000000006,0.0,0.0,0.0,0.0,0.0,-7.105427357601002e-15,0.0,0.0
PRO  99,R PRO  99,0.0,0.0,0.0,-0.0009999999999994458,0.0,0.0,0.06099999999999994,0.0,0.0,-0.06200000000000028,0.0,0.0,0.0,0.0,0.0,-0.002000000000005997,0.0,0.0
ARG 100,R ARG 100,0.0,0.0,0.0,-0.0010000000000012221,0.0,0.0,-6.989000000000001,0.0,0.0,6.9879999999999995,0.0,0.0,0.0,0.0,0.0,-0.001999999999981128,0.0,0.0
GLY 101,R GLY 101,0.0,0.0,0.0,0.0,0.0,0.0,0.009999999999990905,0.0,0.0,-0.010000000000000009,0.0,0.0,0.0,0.0,0.0,-1.0658141036401503e-14,0.0,0.0
SER 102,R SER 102,0.0,0.0,0.0,0.0,0.0,0.0,-0.0030000000000001137,0.0,0.0,0.0019999999999997797,0.0,0.0,0.0,0.0,0.0,-0.001000000000000334,0.0,0.0
ASP 103,R ASP 103,0.0,0.0,0.0,0.0,0.0,0.0,6.581999999999994,0.0,0.0,-6.582000000000001,0.0,0.0,0.0,0.0,0.0,-7.105427357601002e-15,0.0,0.0
ILE 104,R ILE 104,0.0,0.0,0.0,-0.0009999999999994458,0.0,0.0,-0.0940000000000012,0.0,0.0,0.09499999999999997,0.0,0.0,0.0,0.0,0.0,7.993605777301127e-15,0.0,0.0
ALA 105,R ALA 105,0.0,0.0,0.0,0.0,0.0,0.0,-0.03900000000000148,0.0,0.0,0.038999999999999924,0.0,0.0,0.0,0.0,0.0,-1.5543122344752192e-15,0.0,0.0
GLY 106,R GLY 106,0.0,0.0,0.0,0.0,0.0,0.0,-0.05700000000000216,0.0,0.0,0.05699999999999994,0.0,0.0,0.0,0.0,0.0,-2.6645352591003757e-15,0.0,0.0
THR 107,R THR 107,0.0,0.0,0.0,-0.001000000000000334,0.0,0.0,-0.09100000000000108,0.0,0.0,0.09100000000000019,0.0,0.0,0.0,0.0,0.0,-0.0009999999999976694,0.0,0.0
THR 108,R THR 108,0.0,0.0,0.0,0.0,0.0,0.0,-0.012000000000000455,0.0,0.0,0.0129999999999999,0.0,0.0,0.0,0.0,0.0,0.0010000000000012221,0.0,0.0
SER 109,R SER 109,0.0,0.0,0.0,0.0,0.0,0.0,0.03100000000000591,0.0,0.0,-0.030000000000000027,0.0,0.0,0.0,0.0,0.0,0.001000000000005663,0.0,0.0
THR 110,R THR 110,0.0,0.0,0.0,0.0,0.0,0.0,0.054999999999999716,0.0,0.0,-0.054999999999999716,0.0,0.0,0.0,0.0,0.0,0.0,0.0,0.0
LEU 111,R LEU 111,0.0,0.0,0.0,0.0,0.0,0.0,0.0519999999999996,0.0,0.0,-0.05200000000000049,0.0,0.0,0.0,0.0,0.0,-1.7763568394002505e-15,0.0,0.0
GLN 112,R GLN 112,0.0,0.0,0.0,0.0,0.0,0.0,0.021000000000000796,0.0,0.0,-0.02099999999999902,0.0,0.0,0.0,0.0,0.0,0.0,0.0,0.0
GLU 113,R GLU 113,0.0,0.0,0.0,0.0,0.0,0.0,6.198999999999998,0.0,0.0,-6.198999999999998,0.0,0.0,0.0,0.0,0.0,0.0,0.0,0.0
GLN 114,R GLN 114,0.0,0.0,0.0,-0.0010000000000012221,0.0,0.0,0.07700000000001239,0.0,0.0,-0.07799999999999985,0.0,0.0,0.0,0.0,0.0,-0.0019999999999882334,0.0,0.0
ILE 115,R ILE 115,0.0,0.0,0.0,0.0,0.0,0.0,0.07000000000000739,0.0,0.0,-0.06999999999999984,0.0,0.0,0.0,0.0,0.0,7.105427357601002e-15,0.0,0.0
GLY 116,R GLY 116,0.0,0.0,0.0,0.0,0.0,0.0,0.028999999999996362,0.0,0.0,-0.028999999999999915,0.0,0.0,0.0,0.0,0.0,-3.552713678800501e-15,0.0,0.0
TRP 117,R TRP 117,0.0,0.0,0.0,0.0,0.0,0.0,0.04600000000000648,0.0,0.0,-0.04599999999999982,0.0,0.0,0.0,0.0,0.0,7.105427357601002e-15,0.0,0.0
MET 118,R MET 118,0.0,0.0,0.0,0.0,0.0,0.0,0.04000000000000625,0.0,0.0,-0.040000000000000036,0.0,0.0,0.0,0.0,0.0,6.217248937900877e-15,0.0,0.0
THR 119,R THR 119,0.0,0.0,0.0,-0.0009999999999994458,0.0,0.0,-0.04099999999999682,0.0,0.0,0.041999999999999815,0.0,0.0,0.0,0.0,0.0,3.552713678800501e-15,0.0,0.0
HID 120,R HID 120,0.0,0.0,0.0,0.0,0.0,0.0,-0.025000000000005684,0.0,0.0,0.024999999999999467,0.0,0.0,0.0,0.0,0.0,-6.217248937900877e-15,0.0,0.0
ASN 121,R ASN 121,0.0,0.0,0.0,-0.0009999999999998899,0.0,0.0,0.03300000000000125,0.0,0.0,-0.032999999999999474,0.0,0.0,0.0,0.0,0.0,-0.0009999999999976694,0.0,0.0
PRO 122,R PRO 122,0.0,0.0,0.0,0.0,0.0,0.0,-0.08699999999999619,0.0,0.0,0.08700000000000063,0.0,0.0,0.0,0.0,0.0,3.552713678800501e-15,0.0,0.0
PRO 123,R PRO 123,0.0,0.0,0.0,0.0,0.0,0.0,0.06800000000000495,0.0,0.0,-0.06700000000000017,0.0,0.0,0.0,0.0,0.0,0.0010000000000047748,0.0,0.0
ILE 124,R ILE 124,0.0,0.0,0.0,0.0,0.0,0.0,-0.07699999999999818,0.0,0.0,0.07700000000000007,0.0,0.0,0.0,0.0,0.0,3.552713678800501e-15,0.0,0.0
PRO 125,R PRO 125,0.0,0.0,0.0,-0.001000000000000334,0.0,0.0,0.04000000000000625,0.0,0.0,-0.040000000000000036,0.0,0.0,0.0,0.0,0.0,-0.0009999999999870113,0.0,0.0
VAL 126,R VAL 126,0.0,0.0,0.0,-0.0009999999999994458,0.0,0.0,0.10199999999999676,0.0,0.0,-0.10200000000000009,0.0,0.0,0.0,0.0,0.0,-0.0010000000000083276,0.0,0.0
GLY 127,R GLY 127,0.0,0.0,0.0,-0.0009999999999994458,0.0,0.0,0.05299999999999727,0.0,0.0,-0.052000000000000046,0.0,0.0,0.0,0.0,0.0,-7.105427357601002e-15,0.0,0.0
GLU 128,R GLU 128,0.0,0.0,0.0,-0.0019999999999988916,0.0,0.0,7.391999999999996,0.0,0.0,-7.381999999999998,0.0,0.0,0.0,0.0,0.0,0.00799999999998846,0.0,0.0
ILE 129,R ILE 129,0.0,0.0,0.0,-0.0019999999999988916,0.0,0.0,0.10599999999999454,0.0,0.0,-0.10299999999999998,0.0,0.0,0.0,0.0,0.0,0.0009999999999994458,0.0,0.0
TYR 130,R TYR 130,0.0,0.0,0.0,-0.0029999999999983373,0.0,0.0,0.1629999999999967,0.0,0.0,-0.16200000000000014,0.0,0.0,0.0,0.0,0.0,-0.0020000000000042206,0.0,0.0
LYS 131,R LYS 131,0.0,0.0,0.0,-0.006000000000000227,0.0,0.0,-6.905000000000001,0.0,0.0,6.9350000000000005,0.0,0.0,0.0,0.0,0.0,0.023999999999999133,0.0,0.0
ARG 132,R ARG 132,0.0,0.0,0.0,-0.014999999999998792,0.0,0.0,-8.042999999999996,0.0,0.0,8.126999999999999,0.0,0.0,0.0,0.0,0.0,0.06900000000001683,0.0,0.0
TRP 133,R TRP 133,0.0,0.0,0.0,-0.007999999999999119,0.0,0.0,0.09399999999999409,0.0,0.0,-0.08099999999999996,0.0,0.0,0.0,0.0,0.0,0.004999999999998117,0.0,0.0
ILE 134,R ILE 134,0.0,0.0,0.0,-0.009999999999999787,0.0,0.0,0.17100000000000648,0.0,0.0,-0.16999999999999998,0.0,0.0,0.0,0.0,0.0,-0.008999999999998565,0.0,0.0
ILE 135,R ILE 135,0.0,0.0,0.0,-0.05200000000000138,0.0,0.0,0.0,0.0,0.0,-0.07800000000000001,0.0,0.0,0.0,0.0,0.0,-0.1299999999999928,0.0,0.0
LEU 136,R LEU 136,0.0,0.0,0.0,-0.05400000000000027,0.0,0.0,0.27299999999999613,0.0,0.0,-0.246,0.0,0.0,0.0,0.0,0.0,-0.02699999999999747,0.0,0.0
GLY 137,R GLY 137,0.0,0.0,0.0,-0.028999999999999915,0.0,0.0,0.46100000000001273,0.0,0.0,-0.469,0.0,0.0,0.0,0.0,0.0,-0.036999999999983046,0.0,0.0
LEU 138,R LEU 138,0.0,0.0,0.0,-0.16000000000000014,0.0,0.0,0.22499999999999432,0.0,0.0,-0.2290000000000001,0.0,0.0,0.0,0.0,0.0,-0.16400000000000148,0.0,0.0
ASN 139,R ASN 139,0.0,0.0,0.0,0.5,0.0,0.0,-4.433000000000007,0.0,0.0,2.8179999999999996,0.0,0.0,-0.16663247999999997,0.0,0.0,-1.2816324800000132,0.0,0.0
LYS 140,R LYS 140,0.0,0.0,0.0,-0.3849999999999998,0.0,0.0,-11.472000000000008,0.0,0.0,11.534,0.0,0.0,0.0,0.0,0.0,-0.3230000000000004,0.0,0.0
ILE 141,R ILE 141,0.0,0.0,0.0,-0.13899999999999935,0.0,0.0,1.0250000000000057,0.0,0.0,-0.8849999999999998,0.0,0.0,0.0,0.0,0.0,0.001000000000010104,0.0,0.0
VAL 142,R VAL 142,0.0,0.0,0.0,-2.0249999999999995,0.0,0.0,1.1799999999999997,0.0,0.0,-0.7569999999999997,0.0,0.0,-0.11631862,0.0,0.0,-1.718318619999998,0.0,0.0
ARG 143,R ARG 143,0.0,0.0,0.0,-3.668,0.0,0.0,-27.778999999999996,0.0,0.0,29.511,0.0,0.0,-0.36798005999999994,0.0,0.0,-2.303980060000015,0.0,0.0
MET 144,R MET 144,0.0,0.0,0.0,-0.1269999999999989,0.0,0.0,0.6629999999999967,0.0,0.0,-0.5430000000000001,0.0,0.0,0.0,0.0,0.0,-0.006999999999998785,0.0,0.0
TYR 145,R TYR 145,0.0,0.0,0.0,-0.14100000000000001,0.0,0.0,-0.695999999999998,0.0,0.0,0.8719999999999999,0.0,0.0,0.0,0.0,0.0,0.0350000000000108,0.0,0.0
SER 146,R SER 146,0.0,0.0,0.0,-0.8560000000000008,0.0,0.0,-1.090999999999994,0.0,0.0,2.335,0.0,0.0,-0.21284882000000002,0.0,0.0,0.17515117999999763,0.0,0.0
PRO 147,R PRO 147,0.0,0.0,0.0,-0.6579999999999999,0.0,0.0,0.8699999999999974,0.0,0.0,0.03599999999999959,0.0,0.0,-0.06664432000000009,0.0,0.0,0.1813556799999958,0.0,0.0
THR 148,R THR 148,0.0,0.0,0.0,-2.141,0.0,0.0,0.12300000000000466,0.0,0.0,1.7590000000000003,0.0,0.0,-0.27776416,0.0,0.0,-0.5367641600000006,0.0,0.0
SER 149,R SER 149,0.0,0.0,0.0,-3.437,0.0,0.0,-6.757999999999996,0.0,0.0,9.515,0.0,0.0,-0.34347082,0.0,0.0,-1.0234708199999938,0.0,0.0
ILE 150,R ILE 150,20.152,0.0,0.0,-9.217,0.0,0.0,-28.396,0.0,0.0,7.511,0.0,0.0,-1.21383068,0.0,0.0,-11.163830679999998,0.0,0.0
LEU 151,L LEU   1,21.003,0.0,0.0,-2.446,0.0,0.0,-25.510999999999996,0.0,0.0,0.547,0.0,0.0,-0.2513525,0.0,0.0,-6.658352499999994,0.0,0.0
ASP 152,L ASP   2,0.0,0.0,0.0,-2.3600000000000003,0.0,0.0,7.131,0.0,0.0,-5.521999999999991,0.0,0.0,-0.19909286000000004,0.0,0.0,-0.9500928599999909,0.0,0.0
ILE 153,L ILE   3,0.0,0.0,0.0,-2.456999999999999,0.0,0.0,-0.7240000000000038,0.0,0.0,0.40000000000000036,0.0,0.0,-0.15334264000000003,0.0,0.0,-2.9343426399999952,0.0,0.0
ARG 154,L ARG   4,0.0,0.0,0.0,-0.13199999999999967,0.0,0.0,-9.610000000000003,0.0,0.0,9.780000000000001,0.0,0.0,0.0,0.0,0.0,0.038000000000010914,0.0,0.0
GLN 155,L GLN   5,0.0,0.0,0.0,-0.017999999999998906,0.0,0.0,-0.0730000000000075,0.0,0.0,0.09499999999999975,0.0,0.0,0.0,0.0,0.0,0.003999999999990678,0.0,0.0
GLY 156,L GLY   6,0.0,0.0,0.0,-0.0050000000000003375,0.0,0.0,-0.08699999999998909,0.0,0.0,0.09299999999999997,0.0,0.0,0.0,0.0,0.0,0.001000000000015433,0.0,0.0
PRO 157,L PRO   7,0.0,0.0,0.0,-0.0040000000000000036,0.0,0.0,-0.09799999999999898,0.0,0.0,0.09800000000000075,0.0,0.0,0.0,0.0,0.0,-0.003999999999990678,0.0,0.0
LYS 158,L LYS   8,0.0,0.0,0.0,-0.0019999999999997797,0.0,0.0,-7.530000000000001,0.0,0.0,7.534,0.0,0.0,0.0,0.0,0.0,0.0019999999999900098,0.0,0.0
GLU 159,L GLU   9,0.0,0.0,0.0,-0.012000000000000455,0.0,0.0,10.415999999999997,0.0,0.0,-10.327000000000005,0.0,0.0,0.0,0.0,0.0,0.07699999999999108,0.0,0.0
PRO 160,L PRO  10,0.0,0.0,0.0,-0.0039999999999995595,0.0,0.0,0.22700000000000387,0.0,0.0,-0.22100000000000009,0.0,0.0,0.0,0.0,0.0,0.0019999999999988916,0.0,0.0
PHE 161,L PHE  11,0.0,0.0,0.0,-0.011000000000001009,0.0,0.0,0.18899999999999295,0.0,0.0,-0.18100000000000005,0.0,0.0,0.0,0.0,0.0,-0.0030000000000036664,0.0,0.0
ARG 162,L ARG  12,0.0,0.0,0.0,-0.008000000000000895,0.0,0.0,-8.431999999999995,0.0,0.0,8.453,0.0,0.0,0.0,0.0,0.0,0.012999999999976808,0.0,0.0
ASP 163,L ASP  13,0.0,0.0,0.0,-0.01499999999999968,0.0,0.0,10.194999999999993,0.0,0.0,-10.119,0.0,0.0,0.0,0.0,0.0,0.06099999999999284,0.0,0.0
TYR 164,L TYR  14,0.0,0.0,0.0,-0.09999999999999787,0.0,0.0,0.48099999999999454,0.0,0.0,-0.41700000000000026,0.0,0.0,0.0,0.0,0.0,-0.03599999999999959,0.0,0.0
VAL 165,L VAL  15,0.0,0.0,0.0,-0.03700000000000081,0.0,0.0,0.08299999999999841,0.0,0.0,-0.074,0.0,0.0,0.0,0.0,0.0,-0.028000000000002245,0.0,0.0
ASP 166,L ASP  16,0.0,0.0,0.0,-0.051000000000000156,0.0,0.0,11.225999999999999,0.0,0.0,-10.988000000000007,0.0,0.0,0.0,0.0,0.0,0.1869999999999905,0.0,0.0
ARG 167,L ARG  17,0.0,0.0,0.0,-0.277000000000001,0.0,0.0,-11.850000000000001,0.0,0.0,12.141,0.0,0.0,0.0,0.0,0.0,0.014000000000010004,0.0,0.0
PHE 168,L PHE  18,0.0,0.0,0.0,-1.1319999999999997,0.0,0.0,-0.20900000000000318,0.0,0.0,0.625,0.0,0.0,-0.02730054,0.0,0.0,-0.7433005400000079,0.0,0.0
TYR 169,L TYR  19,0.0,0.0,0.0,-0.2350000000000012,0.0,0.0,-0.0870000000000033,0.0,0.0,0.2380000000000002,0.0,0.0,0.0,0.0,0.0,-0.0840000000000174,0.0,0.0
LYS 170,L LYS  20,0.0,0.0,0.0,-0.3899999999999997,0.0,0.0,-12.768,0.0,0.0,13.459,0.0,0.0,-0.0026829000000000436,0.0,0.0,0.29831709999998424,0.0,0.0
THR 171,L THR  21,0.0,0.0,0.0,-2.6189999999999998,0.0,0.0,1.3240000000000052,0.0,0.0,-0.020000000000000018,0.0,0.0,-0.27188888,0.0,0.0,-1.5868888799999965,0.0,0.0
LEU 172,L LEU  22,0.0,0.0,0.0,-1.1739999999999995,0.0,0.0,-0.44899999999999807,0.0,0.0,0.7360000000000002,0.0,0.0,-0.07526212,0.0,0.0,-0.9622621199999966,0.0,0.0
ARG 173,L ARG  23,0.0,0.0,0.0,-2.279,0.0,0.0,-9.843000000000004,0.0,0.0,13.351000000000003,0.0,0.0,-0.32154150000000015,0.0,0.0,0.90745849999999,0.0,0.0
ALA 174,L ALA  24,0.0,0.0,0.0,-2.987,0.0,0.0,-1.8029999999999973,0.0,0.0,3.274,0.0,0.0,-0.4509548400000001,0.0,0.0,-1.966954840000006,0.0,0.0
GLU 175,L GLU  25,0.0,0.0,0.0,-2.7219999999999995,0.0,0.0,-4.445999999999998,0.0,0.0,7.795999999999992,0.0,0.0,-0.3346308,0.0,0.0,0.2933692000000008,0.0,0.0
GLN 176,L GLN  26,0.0,0.0,0.0,-2.4599999999999995,0.0,0.0,-5.35799999999999,0.0,0.0,6.587,0.0,0.0,-0.6143515799999999,0.0,0.0,-1.845351579999992,0.0,0.0
ALA 177,L ALA  27,0.0,0.0,0.0,-0.19199999999999928,0.0,0.0,0.26599999999999113,0.0,0.0,-0.12000000000000001,0.0,0.0,0.0,0.0,0.0,-0.04600000000000204,0.0,0.0
SER 178,L SER  28,0.0,0.0,0.0,-0.05200000000000049,0.0,0.0,-0.4230000000000018,0.0,0.0,0.4950000000000001,0.0,0.0,0.0,0.0,0.0,0.01999999999999158,0.0,0.0
GLN 179,L GLN  29,0.0,0.0,0.0,-0.02600000000000069,0.0,0.0,-0.06500000000000483,0.0,0.0,0.13400000000000034,0.0,0.0,0.0,0.0,0.0,0.042999999999992156,0.0,0.0
GLU 180,L GLU  30,0.0,0.0,0.0,-0.01899999999999924,0.0,0.0,9.335999999999999,0.0,0.0,-9.213999999999999,0.0,0.0,0.0,0.0,0.0,0.10300000000000864,0.0,0.0
VAL 181,L VAL  31,0.0,0.0,0.0,-0.09000000000000075,0.0,0.0,0.17600000000000193,0.0,0.0,-0.0950000000000002,0.0,0.0,-0.002764199999999939,0.0,0.0,-0.011764200000001779,0.0,0.0
LYS 182,L LYS  32,0.0,0.0,0.0,-0.09600000000000009,0.0,0.0,-7.259,0.0,0.0,7.704999999999998,0.0,0.0,0.0,0.0,0.0,0.3499999999999961,0.0,0.0
ASN 183,L ASN  33,0.0,0.0,0.0,-0.013999999999999346,0.0,0.0,-0.03699999999999193,0.0,0.0,0.0779999999999994,0.0,0.0,0.0,0.0,0.0,0.027000000000015234,0.0,0.0
TRP 184,L TRP  34,0.0,0.0,0.0,-0.0470000000000006,0.0,0.0,0.0519999999999925,0.0,0.0,0.017000000000000348,0.0,0.0,0.0,0.0,0.0,0.021999999999994913,0.0,0.0
MET 185,L MET  35,0.0,0.0,0.0,-0.527000000000001,0.0,0.0,0.11299999999999955,0.0,0.0,-0.0040000000000000036,0.0,0.0,-0.03922996000000001,0.0,0.0,-0.45722996000000116,0.0,0.0
THR 186,L THR  36,0.0,0.0,0.0,-0.030000000000001137,0.0,0.0,0.10000000000000142,0.0,0.0,-0.062000000000000055,0.0,0.0,0.0,0.0,0.0,0.008000000000002672,0.0,0.0
GLU 187,L GLU  37,0.0,0.0,0.0,-0.008999999999999453,0.0,0.0,8.205000000000005,0.0,0.0,-8.174000000000007,0.0,0.0,0.0,0.0,0.0,0.021999999999998465,0.0,0.0
THR 188,L THR  38,0.0,0.0,0.0,-0.017999999999999794,0.0,0.0,0.05600000000000449,0.0,0.0,-0.024999999999999994,0.0,0.0,0.0,0.0,0.0,0.013000000000010559,0.0,0.0
LEU 189,L LEU  39,0.0,0.0,0.0,-0.8579999999999988,0.0,0.0,0.0730000000000075,0.0,0.0,-0.12999999999999995,0.0,0.0,-0.031089119999999998,0.0,0.0,-0.9460891199999963,0.0,0.0
LEU 190,L LEU  40,0.0,0.0,0.0,-0.06999999999999851,0.0,0.0,0.14700000000000557,0.0,0.0,-0.134,0.0,0.0,0.0,0.0,0.0,-0.05700000000000216,0.0,0.0
VAL 191,L VAL  41,0.0,0.0,0.0,-0.010999999999999233,0.0,0.0,0.02499999999999858,0.0,0.0,-0.007000000000000117,0.0,0.0,0.0,0.0,0.0,0.007000000000003226,0.0,0.0
GLN 192,L GLN  42,0.0,0.0,0.0,-0.021000000000000796,0.0,0.0,0.03200000000000358,0.0,0.0,0.026999999999999247,0.0,0.0,0.0,0.0,0.0,0.038000000000010914,0.0,0.0
ASN 193,L ASN  43,0.0,0.0,0.0,-0.19399999999999906,0.0,0.0,-1.1950000000000074,0.0,0.0,1.137,0.0,0.0,0.0,0.0,0.0,-0.25200000000000955,0.0,0.0
ALA 194,L ALA  44,0.0,0.0,0.0,-0.009000000000000341,0.0,0.0,-0.014000000000010004,0.0,0.0,0.02200000000000002,0.0,0.0,0.0,0.0,0.0,-0.001000000000010104,0.0,0.0
ASN 195,L ASN  45,0.0,0.0,0.0,-0.0039999999999995595,0.0,0.0,0.07500000000000284,0.0,0.0,-0.05999999999999961,0.0,0.0,0.0,0.0,0.0,0.011000000000002785,0.0,0.0
PRO 196,L PRO  46,0.0,0.0,0.0,-0.001000000000000334,0.0,0.0,-0.0020000000000024443,0.0,0.0,0.0,0.0,0.0,0.0,0.0,0.0,-0.003000000000007219,0.0,0.0
ASP 197,L ASP  47,0.0,0.0,0.0,-0.001000000000000334,0.0,0.0,7.040000000000006,0.0,0.0,-7.033000000000001,0.0,0.0,0.0,0.0,0.0,0.006000000000014438,0.0,0.0
CYX 198,L CYX  48,0.0,0.0,0.0,-0.0019999999999997797,0.0,0.0,-0.0350000000000108,0.0,0.0,0.040000000000000036,0.0,0.0,0.0,0.0,0.0,0.0029999999999787974,0.0,0.0
LYS 199,L LYS  49,0.0,0.0,0.0,-0.0039999999999995595,0.0,0.0,-8.178000000000011,0.0,0.0,8.21,0.0,0.0,0.0,0.0,0.0,0.02799999999997027,0.0,0.0
THR 200,L THR  50,0.0,0.0,0.0,-0.0009999999999994458,0.0,0.0,0.04700000000000415,0.0,0.0,-0.045999999999999375,0.0,0.0,0.0,0.0,0.0,0.0,0.0,0.0
ILE 201,L ILE  51,0.0,0.0,0.0,-0.001000000000000334,0.0,0.0,-0.02499999999999858,0.0,0.0,0.026000000000000245,0.0,0.0,0.0,0.0,0.0,1.2434497875801753e-14,0.0,0.0
LEU 202,L LEU  52,0.0,0.0,0.0,-0.005000000000000782,0.0,0.0,-0.030000000000001137,0.0,0.0,0.03399999999999981,0.0,0.0,0.0,0.0,0.0,-0.0009999999999976694,0.0,0.0
LYS 203,L LYS  53,0.0,0.0,0.0,-0.002000000000000668,0.0,0.0,-7.274000000000001,0.0,0.0,7.278999999999996,0.0,0.0,0.0,0.0,0.0,0.0030000000000001137,0.0,0.0
ALA 204,L ALA  54,0.0,0.0,0.0,-0.001000000000000334,0.0,0.0,-0.0030000000000001137,0.0,0.0,0.004000000000000448,0.0,0.0,0.0,0.0,0.0,-4.440892098500626e-15,0.0,0.0
LEU 205,L LEU  55,0.0,0.0,0.0,-0.0019999999999997797,0.0,0.0,-0.04099999999999682,0.0,0.0,0.04100000000000037,0.0,0.0,0.0,0.0,0.0,-0.001999999999991786,0.0,0.0
GLY 206,L GLY  56,0.0,0.0,0.0,-0.0009999999999998899,0.0,0.0,0.03499999999999659,0.0,0.0,-0.03000000000000025,0.0,0.0,0.0,0.0,0.0,0.003999999999992454,0.0,0.0
PRO 207,L PRO  57,0.0,0.0,0.0,-0.0030000000000001137,0.0,0.0,0.05999999999999517,0.0,0.0,-0.05399999999999938,0.0,0.0,0.0,0.0,0.0,0.0029999999999947846,0.0,0.0
GLY 208,L GLY  58,0.0,0.0,0.0,-0.001000000000000112,0.0,0.0,0.041999999999994486,0.0,0.0,-0.04100000000000037,0.0,0.0,0.0,0.0,0.0,-1.0658141036401503e-14,0.0,0.0
ALA 209,L ALA  59,0.0,0.0,0.0,-0.0019999999999997797,0.0,0.0,0.049000000000006594,0.0,0.0,-0.041999999999999815,0.0,0.0,0.0,0.0,0.0,0.004999999999997229,0.0,0.0
THR 210,L THR  60,0.0,0.0,0.0,-0.0039999999999995595,0.0,0.0,-0.05999999999999517,0.0,0.0,0.07100000000000017,0.0,0.0,0.0,0.0,0.0,0.007000000000006779,0.0,0.0
LEU 211,L LEU  61,0.0,0.0,0.0,-0.016000000000000014,0.0,0.0,-0.06299999999998818,0.0,0.0,0.06899999999999995,0.0,0.0,0.0,0.0,0.0,-0.009999999999994458,0.0,0.0
GLU 212,L GLU  62,0.0,0.0,0.0,-0.005000000000000782,0.0,0.0,9.0,0.0,0.0,-8.966000000000008,0.0,0.0,0.0,0.0,0.0,0.028999999999996362,0.0,0.0
GLU 213,L GLU  63,0.0,0.0,0.0,-0.0019999999999997797,0.0,0.0,8.036999999999999,0.0,0.0,-8.031999999999996,0.0,0.0,0.0,0.0,0.0,0.003000000000007219,0.0,0.0
MET 214,L MET  64,0.0,0.0,0.0,-0.007999999999999119,0.0,0.0,-0.060000000000002274,0.0,0.0,0.07400000000000001,0.0,0.0,0.0,0.0,0.0,0.006000000000002004,0.0,0.0
MET 215,L MET  65,0.0,0.0,0.0,-0.008000000000000895,0.0,0.0,-0.010000000000005116,0.0,0.0,0.02400000000000002,0.0,0.0,0.0,0.0,0.0,0.005999999999985128,0.0,0.0
THR 216,L THR  66,0.0,0.0,0.0,-0.0019999999999997797,0.0,0.0,-0.1280000000000001,0.0,0.0,0.13200000000000056,0.0,0.0,0.0,0.0,0.0,0.0019999999999988916,0.0,0.0
ALA 217,L ALA  67,0.0,0.0,0.0,-0.001000000000000334,0.0,0.0,-0.10599999999999454,0.0,0.0,0.10699999999999976,0.0,0.0,0.0,0.0,0.0,8.881784197001252e-16,0.0,0.0
CYX 218,L CYX  68,0.0,0.0,0.0,-0.0009999999999994458,0.0,0.0,0.05700000000000216,0.0,0.0,-0.053999999999999826,0.0,0.0,0.0,0.0,0.0,0.002000000000011326,0.0,0.0
GLN 219,L GLN  69,0.0,0.0,0.0,-0.0009999999999998899,0.0,0.0,0.058000000000006935,0.0,0.0,-0.054999999999999716,0.0,0.0,0.0,0.0,0.0,0.0020000000000095497,0.0,0.0
GLY 220,L GLY  70,0.0,0.0,0.0,0.0,0.0,0.0,-0.12299999999999045,0.0,0.0,0.12299999999999933,0.0,0.0,0.0,0.0,0.0,8.881784197001252e-15,0.0,0.0
VAL 221,L VAL  71,0.0,0.0,0.0,-0.0009999999999998899,0.0,0.0,7.204000000000008,0.0,0.0,-7.1980000000000075,0.0,0.0,0.0,0.0,0.0,0.0049999999999954525,0.0,0.0

idecomp = 1: Per-residue decomp adding 1-4 interactions to Internal.
Energy Decomposition Analysis (All units kcal/mol): Poisson Boltzmann solvent
Complex:
Total Energy Decomposition:
Residue,Internal,,,van der Waals,,,Electrostatic,,,Polar Solvation,,,Non-Polar Solv.,,,TOTAL,,
,Avg.,Std. Dev.,Std. Err. of Mean,Avg.,Std. Dev.,Std. Err. of Mean,Avg.,Std. Dev.,Std. Err. of Mean,Avg.,Std. Dev.,Std. Err. of Mean,Avg.,Std. Dev.,Std. Err. of Mean,Avg.,Std. Dev.,Std. Err. of Mean
PRO   1,101.524,0.0,0.0,-7.065,0.0,0.0,-107.026,0.0,0.0,10.306,0.0,0.0,0.0,0.0,0.0,-2.260999999999994,0.0,0.0
ILE   2,97.989,0.0,0.0,-5.832,0.0,0.0,-74.873,0.0,0.0,-1.773,0.0,0.0,0.0,0.0,0.0,15.511000000000006,0.0,0.0
VAL   3,58.26,0.0,0.0,-6.305,0.0,0.0,-59.744,0.0,0.0,-0.804,0.0,0.0,0.0,0.0,0.0,-8.593000000000002,0.0,0.0
GLN   4,23.158,0.0,0.0,-5.12,0.0,0.0,-63.007,0.0,0.0,-10.512,0.0,0.0,0.0,0.0,0.0,-55.480999999999995,0.0,0.0
ASN   5,30.812,0.0,0.0,-4.993,0.0,0.0,-81.731,0.0,0.0,-10.709,0.0,0.0,0.0,0.0,0.0,-66.621,0.0,0.0
LEU   6,64.001,0.0,0.0,-3.177,0.0,0.0,-63.508,0.0,0.0,-8.307,0.0,0.0,0.0,0.0,0.0,-10.990999999999998,0.0,0.0
GLN   7,40.534,0.0,0.0,-3.997,0.0,0.0,-69.474,0.0,0.0,-17.518,0.0,0.0,0.0,0.0,0.0,-50.455000000000005,0.0,0.0
GLY   8,75.785,0.0,0.0,-1.875,0.0,0.0,-75.163,0.0,0.0,-3.234,0.0,0.0,0.0,0.0,0.0,-4.487,0.0,0.0
GLN   9,34.811,0.0,0.0,-4.812,0.0,0.0,-74.505,0.0,0.0,-11.198,0.0,0.0,0.0,0.0,0.0,-55.704,0.0,0.0
MET  10,100.018,0.0,0.0,-7.463,0.0,0.0,-78.356,0.0,0.0,-5.995,0.0,0.0,0.0,0.0,0.0,8.204000000000011,0.0,0.0
VAL  11,54.353,0.0,0.0,-5.266,0.0,0.0,-57.894,0.0,0.0,-1.784,0.0,0.0,0.0,0.0,0.0,-10.590999999999996,0.0,0.0
HID  12,89.791,0.0,0.0,-6.431,0.0,0.0,-54.504,0.0,0.0,-13.957,0.0,0.0,0.0,0.0,0.0,14.899000000000001,0.0,0.0
GLN  13,25.694,0.0,0.0,-5.375,0.0,0.0,-68.038,0.0,0.0,-11.439,0.0,0.0,0.0,0.0,0.0,-59.157999999999994,0.0,0.0
ALA  14,95.408,0.0,0.0,-3.17,0.0,0.0,-81.58,0.0,0.0,-0.828,0.0,0.0,0.0,0.0,0.0,9.830000000000002,0.0,0.0
ILE  15,95.132,0.0,0.0,-7.659,0.0,0.0,-73.037,0.0,0.0,-4.786,0.0,0.0,0.0,0.0,0.0,9.649999999999993,0.0,0.0
SER  16,69.789,0.0,0.0,-5.151,0.0,0.0,-45.015,0.0,0.0,-9.38,0.0,0.0,0.0,0.0,0.0,10.243000000000004,0.0,0.0
PRO  17,90.325,0.0,0.0,-4.347,0.0,0.0,-59.824,0.0,0.0,-3.08,0.0,0.0,0.0,0.0,0.0,23.074000000000012,0.0,0.0
ARG  18,-180.464,0.0,0.0,-6.02,0.0,0.0,66.737,0.0,0.0,-40.65,0.0,0.0,0.0,0.0,0.0,-160.39700000000002,0.0,0.0
THR  19,46.097,0.0,0.0,-7.312,0.0,0.0,-52.975,0.0,0.0,-5.988,0.0,0.0,0.0,0.0,0.0,-20.177999999999997,0.0,0.0
LEU  20,55.366,0.0,0.0,-7.229,0.0,0.0,-57.026,0.0,0.0,-2.926,0.0,0.0,0.0,0.0,0.0,-11.815000000000003,0.0,0.0
ASN  21,34.97,0.0,0.0,-5.853,0.0,0.0,-94.322,0.0,0.0,-8.634,0.0,0.0,0.0,0.0,0.0,-73.83900000000001,0.0,0.0
ALA  22,95.394,0.0,0.0,-5.931,0.0,0.0,-83.149,0.0,0.0,-1.966,0.0,0.0,0.0,0.0,0.0,4.348000000000007,0.0,0.0
TRP  23,129.26,0.0,0.0,-18.265,0.0,0.0,-97.513,0.0,0.0,-2.67,0.0,0.0,0.0,0.0,0.0,10.811999999999985,0.0,0.0
VAL  24,64.022,0.0,0.0,-4.846,0.0,0.0,-54.94,0.0,0.0,-6.242,0.0,0.0,0.0,0.0,0.0,-2.005999999999996,0.0,0.0
LYS  25,130.558,0.0,0.0,-7.5,0.0,0.0,-120.711,0.0,0.0,-11.713,0.0,0.0,0.0,0.0,0.0,-9.366000000000005,0.0,0.0
VAL  26,66.026,0.0,0.0,-9.114,0.0,0.0,-67.501,0.0,0.0,-2.786,0.0,0.0,0.0,0.0,0.0,-13.375000000000012,0.0,0.0
VAL  27,41.137,0.0,0.0,-7.519,0.0,0.0,-46.988,0.0,0.0,-3.045,0.0,0.0,0.0,0.0,0.0,-16.415,0.0,0.0
GLU  28,93.307,0.0,0.0,-6.579,0.0,0.0,-45.632,0.0,0.0,-104.405,0.0,0.0,0.0,0.0,0.0,-63.30899999999999,0.0,0.0
GLU  29,110.095,0.0,0.0,-5.841,0.0,0.0,-52.049,0.0,0.0,-106.029,0.0,0.0,0.0,0.0,0.0,-53.82399999999999,0.0,0.0
LYS  30,116.764,0.0,0.0,-4.477,0.0,0.0,-137.311,0.0,0.0,14.073,0.0,0.0,0.0,0.0,0.0,-10.951000000000015,0.0,0.0
ALA  31,83.207,0.0,0.0,-2.816,0.0,0.0,-74.879,0.0,0.0,-1.719,0.0,0.0,0.0,0.0,0.0,3.792999999999986,0.0,0.0
PHE  32,104.699,0.0,0.0,-11.021,0.0,0.0,-80.937,0.0,0.0,-0.789,0.0,0.0,0.0,0.0,0.0,11.952,0.0,0.0
SER  33,85.859,0.0,0.0,-3.709,0.0,0.0,-69.338,0.0,0.0,-1.091,0.0,0.0,0.0,0.0,0.0,11.720999999999998,0.0,0.0
PRO  34,74.766,0.0,0.0,-7.304,0.0,0.0,-56.089,0.0,0.0,-1.432,0.0,0.0,0.0,0.0,0.0,9.941000000000004,0.0,0.0
GLU  35,105.947,0.0,0.0,-5.767,0.0,0.0,-108.185,0.0,0.0,-51.974,0.0,0.0,0.0,0.0,0.0,-59.97899999999999,0.0,0.0
VAL  36,56.728,0.0,0.0,-9.002,0.0,0.0,-57.945,0.0,0.0,0.022,0.0,0.0,0.0,0.0,0.0,-10.197000000000001,0.0,0.0
ILE  37,94.635,0.0,0.0,-6.163,0.0,0.0,-64.198,0.0,0.0,-2.38,0.0,0.0,0.0,0.0,0.0,21.894000000000016,0.0,0.0
PRO  38,81.809,0.0,0.0,-6.851,0.0,0.0,-57.453,0.0,0.0,-3.462,0.0,0.0,0.0,0.0,0.0,14.042999999999996,0.0,0.0
MET  39,91.209,0.0,0.0,-8.841,0.0,0.0,-70.643,0.0,0.0,-1.894,0.0,0.0,0.0,0.0,0.0,9.831000000000008,0.0,0.0
PHE  40,101.824,0.0,0.0,-13.633,0.0,0.0,-83.358,0.0,0.0,-1.216,0.0,0.0,0.0,0.0,0.0,3.616999999999998,0.0,0.0
SER  41,79.1,0.0,0.0,-4.99,0.0,0.0,-67.516,0.0,0.0,-3.661,0.0,0.0,0.0,0.0,0.0,2.932999999999994,0.0,0.0
ALA  42,85.266,0.0,0.0,-4.945,0.0,0.0,-66.469,0.0,0.0,-4.919,0.0,0.0,0.0,0.0,0.0,8.933000000000003,0.0,0.0
LEU  43,72.717,0.0,0.0,-8.908,0.0,0.0,-74.998,0.0,0.0,-4.171,0.0,0.0,0.0,0.0,0.0,-15.360000000000007,0.0,0.0
SER  44,73.403,0.0,0.0,-7.623,0.0,0.0,-76.608,0.0,0.0,1.054,0.0,0.0,0.0,0.0,0.0,-9.774000000000003,0.0,0.0
GLU  45,102.345,0.0,0.0,-6.059,0.0,0.0,-57.351,0.0,0.0,-97.492,0.0,0.0,0.0,0.0,0.0,-58.557,0.0,0.0
GLY  46,71.603,0.0,0.0,-2.132,0.0,0.0,-67.743,0.0,0.0,-1.272,0.0,0.0,0.0,0.0,0.0,0.4559999999999944,0.0,0.0
ALA  47,100.5,0.0,0.0,-6.466,0.0,0.0,-88.15,0.0,0.0,-0.856,0.0,0.0,0.0,0.0,0.0,5.0280000000000005,0.0,0.0
THR  48,64.541,0.0,0.0,-8.664,0.0,0.0,-62.947,0.0,0.0,-0.126,0.0,0.0,0.0,0.0,0.0,-7.196000000000008,0.0,0.0
PRO  49,78.648,0.0,0.0,-11.308,0.0,0.0,-55.604,0.0,0.0,0.115,0.0,0.0,0.0,0.0,0.0,11.851000000000004,0.0,0.0
GLN  50,32.527,0.0,0.0,-8.284,0.0,0.0,-74.504,0.0,0.0,-6.013,0.0,0.0,0.0,0.0,0.0,-56.274,0.0,0.0
ASP  51,92.664,0.0,0.0,-6.612,0.0,0.0,-124.697,0.0,0.0,-22.751,0.0,0.0,0.0,0.0,0.0,-61.396,0.0,0.0
LEU  52,67.108,0.0,0.0,-11.735,0.0,0.0,-69.454,0.0,0.0,0.238,0.0,0.0,0.0,0.0,0.0,-13.84299999999999,0.0,0.0
ASN  53,37.288,0.0,0.0,-8.331,0.0,0.0,-99.787,0.0,0.0,-2.132,0.0,0.0,0.0,0.0,0.0,-72.96200000000002,0.0,0.0
THR  54,54.074,0.0,0.0,-6.977,0.0,0.0,-67.476,0.0,0.0,-1.514,0.0,0.0,0.0,0.0,0.0,-21.893000000000004,0.0,0.0
MET  55,84.169,0.0,0.0,-9.052,0.0,0.0,-67.342,0.0,0.0,-0.353,0.0,0.0,0.0,0.0,0.0,7.421999999999992,0.0,0.0
LEU  56,70.233,0.0,0.0,-9.028,0.0,0.0,-72.044,0.0,0.0,-0.712,0.0,0.0,0.0,0.0,0.0,-11.550999999999991,0.0,0.0
ASN  57,49.587,0.0,0.0,-6.043,0.0,0.0,-101.507,0.0,0.0,-11.357,0.0,0.0,0.0,0.0,0.0,-69.32,0.0,0.0
THR  58,66.217,0.0,0.0,-6.67,0.0,0.0,-67.279,0.0,0.0,-3.897,0.0,0.0,0.0,0.0,0.0,-11.629,0.0,0.0
VAL  59,39.68,0.0,0.0,-6.325,0.0,0.0,-40.25,0.0,0.0,-0.752,0.0,0.0,0.0,0.0,0.0,-7.647000000000003,0.0,0.0
ALA  60,88.531,0.0,0.0,-4.471,0.0,0.0,-62.877,0.0,0.0,-2.651,0.0,0.0,0.0,0.0,0.0,18.532,0.0,0.0
PRO  61,79.58,0.0,0.0,-3.74,0.0,0.0,-60.159,0.0,0.0,-1.601,0.0,0.0,0.0,0.0,0.0,14.080000000000005,0.0,0.0
HID  62,102.234,0.0,0.0,-7.738,0.0,0.0,-69.281,0.0,0.0,-10.536,0.0,0.0,0.0,0.0,0.0,14.67899999999999,0.0,0.0
GLN  63,26.385,0.0,0.0,-4.827,0.0,0.0,-62.582,0.0,0.0,-12.644,0.0,0.0,0.0,0.0,0.0,-53.668,0.0,0.0
ALA  64,83.371,0.0,0.0,-4.775,0.0,0.0,-68.191,0.0,0.0,-3.86,0.0,0.0,0.0,0.0,0.0,6.5449999999999875,0.0,0.0
ALA  65,88.587,0.0,0.0,-7.384,0.0,0.0,-74.58,0.0,0.0,-1.063,0.0,0.0,0.0,0.0,0.0,5.560000000000005,0.0,0.0
ALA  66,93.974,0.0,0.0,-7.055,0.0,0.0,-83.969,0.0,0.0,-0.848,0.0,0.0,0.0,0.0,0.0,2.102000000000017,0.0,0.0
GLN  67,44.647,0.0,0.0,-7.779,0.0,0.0,-85.706,0.0,0.0,-4.975,0.0,0.0,0.0,0.0,0.0,-53.81300000000001,0.0,0.0
MET  68,93.226,0.0,0.0,-11.06,0.0,0.0,-74.667,0.0,0.0,-0.459,0.0,0.0,0.0,0.0,0.0,7.039999999999996,0.0,0.0
LEU  69,76.875,0.0,0.0,-11.357,0.0,0.0,-74.245,0.0,0.0,-2.055,0.0,0.0,0.0,0.0,0.0,-10.782000000000004,0.0,0.0
LYS  70,125.979,0.0,0.0,-9.546,0.0,0.0,-121.128,0.0,0.0,-7.994,0.0,0.0,0.0,0.0,0.0,-12.689000000000007,0.0,0.0
GLU  71,110.312,0.0,0.0,-6.66,0.0,0.0,-68.453,0.0,0.0,-104.809,0.0,0.0,0.0,0.0,0.0,-69.61,0.0,0.0
THR  72,47.023,0.0,0.0,-9.899,0.0,0.0,-56.544,0.0,0.0,-3.104,0.0,0.0,0.0,0.0,0.0,-22.523999999999994,0.0,0.0
ILE  73,72.928,0.0,0.0,-11.341,0.0,0.0,-50.696,0.0,0.0,-2.683,0.0,0.0,0.0,0.0,0.0,8.207999999999998,0.0,0.0
ASN  74,21.971,0.0,0.0,-6.663,0.0,0.0,-77.105,0.0,0.0,-10.786,0.0,0.0,0.0,0.0,0.0,-72.583,0.0,0.0
GLU  75,105.169,0.0,0.0,-6.654,0.0,0.0,-50.298,0.0,0.0,-114.708,0.0,0.0,0.0,0.0,0.0,-66.491,0.0,0.0
GLU  76,94.792,0.0,0.0,-10.341,0.0,0.0,-26.792,0.0,0.0,-122.136,0.0,0.0,0.0,0.0,0.0,-64.47699999999999,0.0,0.0
ALA  77,81.284,0.0,0.0,-7.732,0.0,0.0,-72.554,0.0,0.0,-1.235,0.0,0.0,0.0,0.0,0.0,-0.23699999999999544,0.0,0.0
ALA  78,96.535,0.0,0.0,-5.86,0.0,0.0,-86.425,0.0,0.0,0.625,0.0,0.0,0.0,0.0,0.0,4.875,0.0,0.0
GLU  79,110.906,0.0,0.0,-8.122,0.0,0.0,-43.477,0.0,0.0,-118.499,0.0,0.0,0.0,0.0,0.0,-59.191999999999986,0.0,0.0
TRP  80,112.918,0.0,0.0,-15.861,0.0,0.0,-89.647,0.0,0.0,0.119,0.0,0.0,0.0,0.0,0.0,7.528999999999996,0.0,0.0
ASP  81,102.847,0.0,0.0,-9.152,0.0,0.0,-87.935,0.0,0.0,-58.366,0.0,0.0,0.0,0.0,0.0,-52.60600000000001,0.0,0.0
ARG  82,-190.491,0.0,0.0,-8.182,0.0,0.0,14.472,0.0,0.0,24.993,0.0,0.0,0.0,0.0,0.0,-159.208,0.0,0.0
LEU  83,60.523,0.0,0.0,-6.888,0.0,0.0,-70.954,0.0,0.0,-1.986,0.0,0.0,0.0,0.0,0.0,-19.30499999999999,0.0,0.0
HID  84,110.853,0.0,0.0,-7.31,0.0,0.0,-79.078,0.0,0.0,-4.527,0.0,0.0,0.0,0.0,0.0,19.937999999999988,0.0,0.0
PRO  85,92.52,0.0,0.0,-4.165,0.0,0.0,-66.115,0.0,0.0,-4.272,0.0,0.0,0.0,0.0,0.0,17.967999999999996,0.0,0.0
VAL  86,52.599,0.0,0.0,-3.095,0.0,0.0,-50.505,0.0,0.0,-5.836,0.0,0.0,0.0,0.0,0.0,-6.837000000000005,0.0,0.0
HID  87,93.173,0.0,0.0,-6.579,0.0,0.0,-60.551,0.0,0.0,-8.575,0.0,0.0,0.0,0.0,0.0,17.468000000000007,0.0,0.0
ALA  88,90.597,0.0,0.0,-2.5,0.0,0.0,-73.998,0.0,0.0,-7.133,0.0,0.0,0.0,0.0,0.0,6.9659999999999895,0.0,0.0
GLY  89,91.236,0.0,0.0,-1.751,0.0,0.0,-73.202,0.0,0.0,-6.308,0.0,0.0,0.0,0.0,0.0,9.975000000000001,0.0,0.0
PRO  90,84.037,0.0,0.0,-3.157,0.0,0.0,-55.009,0.0,0.0,-5.795,0.0,0.0,0.0,0.0,0.0,20.076000000000008,0.0,0.0
ILE  91,76.302,0.0,0.0,-6.322,0.0,0.0,-56.047,0.0,0.0,-2.943,0.0,0.0,0.0,0.0,0.0,10.990000000000007,0.0,0.0
ALA  92,89.888,0.0,0.0,-3.292,0.0,0.0,-65.981,0.0,0.0,-4.816,0.0,0.0,0.0,0.0,0.0,15.79900000000001,0.0,0.0
PRO  93,80.906,0.0,0.0,-2.691,0.0,0.0,-54.708,0.0,0.0,-8.254,0.0,0.0,0.0,0.0,0.0,15.253000000000005,0.0,0.0
GLY  94,72.134,0.0,0.0,-1.461,0.0,0.0,-64.504,0.0,0.0,-7.196,0.0,0.0,0.0,0.0,0.0,-1.0270000000000028,0.0,0.0
GLN  95,29.785,0.0,0.0,-5.98,0.0,0.0,-75.963,0.0,0.0,-4.879,0.0,0.0,0.0,0.0,0.0,-57.03699999999999,0.0,0.0
MET  96,101.615,0.0,0.0,-7.624,0.0,0.0,-74.892,0.0,0.0,-7.866,0.0,0.0,0.0,0.0,0.0,11.233000000000004,0.0,0.0
ARG  97,-195.542,0.0,0.0,-6.575,0.0,0.0,-16.919,0.0,0.0,34.512,0.0,0.0,0.0,0.0,0.0,-184.524,0.0,0.0
GLU  98,110.504,0.0,0.0,-6.797,0.0,0.0,-48.832,0.0,0.0,-103.893,0.0,0.0,0.0,0.0,0.0,-49.017999999999994,0.0,0.0
PRO  99,87.271,0.0,0.0,-10.199,0.0,0.0,-62.145,0.0,0.0,-2.365,0.0,0.0,0.0,0.0,0.0,12.562,0.0,0.0
ARG 100,-192.455,0.0,0.0,-10.191,0.0,0.0,-4.7,0.0,0.0,31.823,0.0,0.0,0.0,0.0,0.0,-175.523,0.0,0.0
GLY 101,76.278,0.0,0.0,-6.204,0.0,0.0,-82.98,0.0,0.0,0.604,0.0,0.0,0.0,0.0,0.0,-12.301999999999992,0.0,0.0
SER 102,75.186,0.0,0.0,-7.056,0.0,0.0,-63.697,0.0,0.0,-4.769,0.0,0.0,0.0,0.0,0.0,-0.3359999999999932,0.0,0.0
ASP 103,87.731,0.0,0.0,-7.26,0.0,0.0,-98.518,0.0,0.0,-43.681,0.0,0.0,0.0,0.0,0.0,-61.72800000000001,0.0,0.0
ILE 104,77.382,0.0,0.0,-11.731,0.0,0.0,-60.627,0.0,0.0,1.454,0.0,0.0,0.0,0.0,0.0,6.478000000000008,0.0,0.0
ALA 105,86.33,0.0,0.0,-7.459,0.0,0.0,-76.107,0.0,0.0,-1.326,0.0,0.0,0.0,0.0,0.0,1.4379999999999957,0.0,0.0
GLY 106,88.196,0.0,0.0,-3.851,0.0,0.0,-89.167,0.0,0.0,-0.933,0.0,0.0,0.0,0.0,0.0,-5.755000000000003,0.0,0.0
THR 107,55.255,0.0,0.0,-4.399,0.0,0.0,-60.44,0.0,0.0,-6.046,0.0,0.0,0.0,0.0,0.0,-15.629999999999995,0.0,0.0
THR 108,41.355,0.0,0.0,-4.457,0.0,0.0,-55.489,0.0,0.0,-2.376,0.0,0.0,0.0,0.0,0.0,-20.967000000000002,0.0,0.0
SER 109,69.632,0.0,0.0,-7.537,0.0,0.0,-64.369,0.0,0.0,-0.662,0.0,0.0,0.0,0.0,0.0,-2.9359999999999937,0.0,0.0
THR 110,35.994,0.0,0.0,-6.78,0.0,0.0,-34.308,0.0,0.0,-6.918,0.0,0.0,0.0,0.0,0.0,-12.012,0.0,0.0
LEU 111,65.881,0.0,0.0,-9.169,0.0,0.0,-61.593,0.0,0.0,-3.568,0.0,0.0,0.0,0.0,0.0,-8.449,0.0,0.0
GLN 112,39.003,0.0,0.0,-6.045,0.0,0.0,-74.159,0.0,0.0,-13.399,0.0,0.0,0.0,0.0,0.0,-54.60000000000001,0.0,0.0
GLU 113,101.49,0.0,0.0,-9.616,0.0,0.0,-97.135,0.0,0.0,-53.843,0.0,0.0,0.0,0.0,0.0,-59.10400000000001,0.0,0.0
GLN 114,41.201,0.0,0.0,-15.23,0.0,0.0,-80.847,0.0,0.0,-1.017,0.0,0.0,0.0,0.0,0.0,-55.892999999999994,0.0,0.0
ILE 115,86.948,0.0,0.0,-9.484,0.0,0.0,-68.199,0.0,0.0,-2.611,0.0,0.0,0.0,0.0,0.0,6.654,0.0,0.0
GLY 116,78.286,0.0,0.0,-5.339,0.0,0.0,-70.678,0.0,0.0,-3.029,0.0,0.0,0.0,0.0,0.0,-0.7599999999999945,0.0,0.0
TRP 117,130.629,0.0,0.0,-18.065,0.0,0.0,-93.017,0.0,0.0,-0.604,0.0,0.0,0.0,0.0,0.0,18.942999999999998,0.0,0.0
MET 118,99.343,0.0,0.0,-11.574,0.0,0.0,-83.1,0.0,0.0,-3.404,0.0,0.0,0.0,0.0,0.0,1.2650000000000112,0.0,0.0
THR 119,33.849,0.0,0.0,-4.744,0.0,0.0,-42.602,0.0,0.0,-6.718,0.0,0.0,0.0,0.0,0.0,-20.215,0.0,0.0
HID 120,87.85,0.0,0.0,-10.716,0.0,0.0,-65.491,0.0,0.0,-3.35,0.0,0.0,0.0,0.0,0.0,8.293000000000001,0.0,0.0
ASN 121,40.248,0.0,0.0,-3.919,0.0,0.0,-81.639,0.0,0.0,-12.218,0.0,0.0,0.0,0.0,0.0,-57.52799999999999,0.0,0.0
PRO 122,88.885,0.0,0.0,-4.052,0.0,0.0,-59.745,0.0,0.0,-3.158,0.0,0.0,0.0,0.0,0.0,21.93,0.0,0.0
PRO 123,82.888,0.0,0.0,-6.409,0.0,0.0,-56.666,0.0,0.0,-4.209,0.0,0.0,0.0,0.0,0.0,15.604000000000003,0.0,0.0
ILE 124,100.376,0.0,0.0,-9.11,0.0,0.0,-66.368,0.0,0.0,-0.483,0.0,0.0,0.0,0.0,0.0,24.41500000000001,0.0,0.0
PRO 125,95.625,0.0,0.0,-5.335,0.0,0.0,-66.467,0.0,0.0,-0.647,0.0,0.0,0.0,0.0,0.0,23.17600000000001,0.0,0.0
VAL 126,59.798,0.0,0.0,-10.783,0.0,0.0,-59.301,0.0,0.0,0.025,0.0,0.0,0.0,0.0,0.0,-10.261000000000001,0.0,0.0
GLY 127,70.295,0.0,0.0,-5.092,0.0,0.0,-71.431,0.0,0.0,-0.665,0.0,0.0,0.0,0.0,0.0,-6.8929999999999945,0.0,0.0
GLU 128,105.29,0.0,0.0,-8.623,0.0,0.0,-101.444,0.0,0.0,-54.208,0.0,0.0,0.0,0.0,0.0,-58.985,0.0,0.0
ILE 129,86.505,0.0,0.0,-9.533,0.0,0.0,-66.033,0.0,0.0,0.705,0.0,0.0,0.0,0.0,0.0,11.643999999999993,0.0,0.0
TYR 130,96.695,0.0,0.0,-15.447,0.0,0.0,-91.045,0.0,0.0,0.085,0.0,0.0,0.0,0.0,0.0,-9.71200000000001,0.0,0.0
LYS 131,136.575,0.0,0.0,-11.391,0.0,0.0,-155.607,0.0,0.0,25.49,0.0,0.0,0.0,0.0,0.0,-4.933000000000018,0.0,0.0
ARG 132,-181.058,0.0,0.0,-9.373,0.0,0.0,24.928,0.0,0.0,3.406,0.0,0.0,0.0,0.0,0.0,-162.09699999999998,0.0,0.0
TRP 133,123.52,0.0,0.0,-20.173,0.0,0.0,-95.473,0.0,0.0,-0.652,0.0,0.0,0.0,0.0,0.0,7.221999999999995,0.0,0.0
ILE 134,87.265,0.0,0.0,-12.058,0.0,0.0,-71.265,0.0,0.0,-0.138,0.0,0.0,0.0,0.0,0.0,3.803999999999993,0.0,0.0
ILE 135,77.322,0.0,0.0,-8.755,0.0,0.0,-62.65,0.0,0.0,0.089,0.0,0.0,0.0,0.0,0.0,6.006000000000009,0.0,0.0
LEU 136,69.138,0.0,0.0,-8.791,0.0,0.0,-78.001,0.0,0.0,1.982,0.0,0.0,0.0,0.0,0.0,-15.671999999999997,0.0,0.0
GLY 137,78.204,0.0,0.0,-7.417,0.0,0.0,-77.338,0.0,0.0,0.744,0.0,0.0,0.0,0.0,0.0,-5.807000000000002,0.0,0.0
LEU 138,69.728,0.0,0.0,-11.65,0.0,0.0,-71.54,0.0,0.0,-0.541,0.0,0.0,0.0,0.0,0.0,-14.00300000000001,0.0,0.0
ASN 139,35.781,0.0,0.0,-7.491,0.0,0.0,-90.813,0.0,0.0,-7.34,0.0,0.0,0.0,0.0,0.0,-69.863,0.0,0.0
LYS 140,138.37,0.0,0.0,-9.886,0.0,0.0,-144.972,0.0,0.0,16.658,0.0,0.0,0.0,0.0,0.0,0.1700000000000017,0.0,0.0
ILE 141,93.876,0.0,0.0,-12.122,0.0,0.0,-75.223,0.0,0.0,-1.364,0.0,0.0,0.0,0.0,0.0,5.167000000000006,0.0,0.0
VAL 142,58.68,0.0,0.0,-9.138,0.0,0.0,-56.826,0.0,0.0,-2.281,0.0,0.0,0.0,0.0,0.0,-9.565,0.0,0.0
ARG 143,-194.367,0.0,0.0,-11.513,0.0,0.0,35.097,0.0,0.0,5.353,0.0,0.0,0.0,0.0,0.0,-165.42999999999998,0.0,0.0
MET 144,85.846,0.0,0.0,-9.062,0.0,0.0,-73.474,0.0,0.0,-5.434,0.0,0.0,0.0,0.0,0.0,-2.123999999999998,0.0,0.0
TYR 145,89.407,0.0,0.0,-10.793,0.0,0.0,-84.904,0.0,0.0,-6.988,0.0,0.0,0.0,0.0,0.0,-13.277999999999992,0.0,0.0
SER 146,74.191,0.0,0.0,-5.533,0.0,0.0,-56.288,0.0,0.0,-3.754,0.0,0.0,0.0,0.0,0.0,8.616000000000005,0.0,0.0
PRO 147,87.985,0.0,0.0,-3.64,0.0,0.0,-61.356,0.0,0.0,-6.151,0.0,0.0,0.0,0.0,0.0,16.837999999999997,0.0,0.0
THR 148,51.293,0.0,0.0,-3.944,0.0,0.0,-49.135,0.0,0.0,-9.867,0.0,0.0,0.0,0.0,0.0,-11.653000000000002,0.0,0.0
SER 149,65.411,0.0,0.0,-4.888,0.0,0.0,-51.614,0.0,0.0,-4.327,0.0,0.0,0.0,0.0,0.0,4.582000000000006,0.0,0.0
ILE 150,81.086,0.0,0.0,-10.621,0.0,0.0,-57.805,0.0,0.0,0.195,0.0,0.0,0.0,0.0,0.0,12.855000000000004,0.0,0.0
LEU 151,64.286,0.0,0.0,-5.785,0.0,0.0,-68.883,0.0,0.0,1.232,0.0,0.0,0.0,0.0,0.0,-9.149999999999991,0.0,0.0
ASP 152,101.114,0.0,0.0,-6.501,0.0,0.0,-73.176,0.0,0.0,-81.832,0.0,0.0,0.0,0.0,0.0,-60.394999999999996,0.0,0.0
ILE 153,96.656,0.0,0.0,-9.905,0.0,0.0,-71.291,0.0,0.0,-0.99,0.0,0.0,0.0,0.0,0.0,14.470000000000008,0.0,0.0
ARG 154,-185.946,0.0,0.0,-8.467,0.0,0.0,27.038,0.0,0.0,1.161,0.0,0.0,0.0,0.0,0.0,-166.214,0.0,0.0
GLN 155,30.743,0.0,0.0,-12.376,0.0,0.0,-84.441,0.0,0.0,-1.439,0.0,0.0,0.0,0.0,0.0,-67.513,0.0,0.0
GLY 156,86.228,0.0,0.0,-3.619,0.0,0.0,-73.389,0.0,0.0,-3.349,0.0,0.0,0.0,0.0,0.0,5.870999999999999,0.0,0.0
PRO 157,85.889,0.0,0.0,-2.925,0.0,0.0,-55.024,0.0,0.0,-5.536,0.0,0.0,0.0,0.0,0.0,22.403999999999996,0.0,0.0
LYS 158,126.801,0.0,0.0,-3.897,0.0,0.0,-135.644,0.0,0.0,8.45,0.0,0.0,0.0,0.0,0.0,-4.29000000000001,0.0,0.0
GLU 159,116.384,0.0,0.0,-7.628,0.0,0.0,-109.693,0.0,0.0,-44.397,0.0,0.0,0.0,0.0,0.0,-45.333999999999996,0.0,0.0
PRO 160,79.161,0.0,0.0,-7.72,0.0,0.0,-54.157,0.0,0.0,-2.59,0.0,0.0,0.0,0.0,0.0,14.694000000000006,0.0,0.0
PHE 161,108.275,0.0,0.0,-12.06,0.0,0.0,-75.9,0.0,0.0,-1.477,0.0,0.0,0.0,0.0,0.0,18.837999999999997,0.0,0.0
ARG 162,-199.391,0.0,0.0,-9.053,0.0,0.0,32.267,0.0,0.0,9.818,0.0,0.0,0.0,0.0,0.0,-166.35899999999998,0.0,0.0
ASP 163,88.611,0.0,0.0,-7.22,0.0,0.0,-72.343,0.0,0.0,-82.099,0.0,0.0,0.0,0.0,0.0,-73.051,0.0,0.0
TYR 164,101.018,0.0,0.0,-18.927,0.0,0.0,-93.519,0.0,0.0,-0.047,0.0,0.0,0.0,0.0,0.0,-11.474999999999998,0.0,0.0
VAL 165,45.534,0.0,0.0,-10.101,0.0,0.0,-51.481,0.0,0.0,0.979,0.0,0.0,0.0,0.0,0.0,-15.069000000000003,0.0,0.0
ASP 166,119.944,0.0,0.0,-7.502,0.0,0.0,-94.338,0.0,0.0,-69.545,0.0,0.0,0.0,0.0,0.0,-51.44099999999999,0.0,0.0
ARG 167,-194.933,0.0,0.0,-8.544,0.0,0.0,-2.771,0.0,0.0,23.442,0.0,0.0,0.0,0.0,0.0,-182.80599999999998,0.0,0.0
PHE 168,104.37,0.0,0.0,-15.196,0.0,0.0,-82.544,0.0,0.0,0.678,0.0,0.0,0.0,0.0,0.0,7.30800000000001,0.0,0.0
TYR 169,100.911,0.0,0.0,-12.15,0.0,0.0,-94.687,0.0,0.0,-0.327,0.0,0.0,0.0,0.0,0.0,-6.253000000000002,0.0,0.0
LYS 170,138.99,0.0,0.0,-7.55,0.0,0.0,-141.19,0.0,0.0,2.724,0.0,0.0,0.0,0.0,0.0,-7.026,0.0,0.0
THR 171,47.892,0.0,0.0,-9.251,0.0,0.0,-57.111,0.0,0.0,-2.25,0.0,0.0,0.0,0.0,0.0,-20.71999999999999,0.0,0.0
LEU 172,73.559,0.0,0.0,-12.187,0.0,0.0,-65.105,0.0,0.0,-1.02,0.0,0.0,0.0,0.0,0.0,-4.753000000000004,0.0,0.0
ARG 173,-205.555,0.0,0.0,-7.462,0.0,0.0,63.69,0.0,0.0,-15.282,0.0,0.0,0.0,0.0,0.0,-164.609,0.0,0.0
ALA 174,86.718,0.0,0.0,-6.328,0.0,0.0,-80.96,0.0,0.0,0.725,0.0,0.0,0.0,0.0,0.0,0.1550000000000068,0.0,0.0
GLU 175,105.69,0.0,0.0,-8.338,0.0,0.0,-70.698,0.0,0.0,-89.36,0.0,0.0,0.0,0.0,0.0,-62.70599999999999,0.0,0.0
GLN 176,26.724,0.0,0.0,-5.778,0.0,0.0,-71.439,0.0,0.0,-7.71,0.0,0.0,0.0,0.0,0.0,-58.202999999999996,0.0,0.0
ALA 177,96.358,0.0,0.0,-4.741,0.0,0.0,-88.034,0.0,0.0,0.838,0.0,0.0,0.0,0.0,0.0,4.4209999999999985,0.0,0.0
SER 178,75.342,0.0,0.0,-5.626,0.0,0.0,-69.049,0.0,0.0,-6.446,0.0,0.0,0.0,0.0,0.0,-5.779000000000012,0.0,0.0
GLN 179,23.595,0.0,0.0,-6.304,0.0,0.0,-61.81,0.0,0.0,-14.706,0.0,0.0,0.0,0.0,0.0,-59.22500000000001,0.0,0.0
GLU 180,107.645,0.0,0.0,-7.27,0.0,0.0,-81.423,0.0,0.0,-78.637,0.0,0.0,0.0,0.0,0.0,-59.685,0.0,0.0
VAL 181,62.89,0.0,0.0,-7.307,0.0,0.0,-59.495,0.0,0.0,-1.911,0.0,0.0,0.0,0.0,0.0,-5.822999999999999,0.0,0.0
LYS 182,117.205,0.0,0.0,-10.411,0.0,0.0,-109.867,0.0,0.0,-3.433,0.0,0.0,0.0,0.0,0.0,-6.506000000000007,0.0,0.0
ASN 183,29.115,0.0,0.0,-7.438,0.0,0.0,-82.844,0.0,0.0,-8.947,0.0,0.0,0.0,0.0,0.0,-70.11399999999999,0.0,0.0
TRP 184,124.551,0.0,0.0,-10.987,0.0,0.0,-91.289,0.0,0.0,-4.261,0.0,0.0,0.0,0.0,0.0,18.014000000000006,0.0,0.0
MET 185,112.559,0.0,0.0,-11.182,0.0,0.0,-91.559,0.0,0.0,0.235,0.0,0.0,0.0,0.0,0.0,10.052999999999997,0.0,0.0
THR 186,47.191,0.0,0.0,-8.117,0.0,0.0,-59.573,0.0,0.0,0.524,0.0,0.0,0.0,0.0,0.0,-19.975,0.0,0.0
GLU 187,105.899,0.0,0.0,-7.598,0.0,0.0,-53.724,0.0,0.0,-102.832,0.0,0.0,0.0,0.0,0.0,-58.25499999999999,0.0,0.0
THR 188,45.774,0.0,0.0,-6.904,0.0,0.0,-53.998,0.0,0.0,0.798,0.0,0.0,0.0,0.0,0.0,-14.329999999999993,0.0,0.0
LEU 189,65.594,0.0,0.0,-10.459,0.0,0.0,-69.16,0.0,0.0,1.859,0.0,0.0,0.0,0.0,0.0,-12.166000000000006,0.0,0.0
LEU 190,83.586,0.0,0.0,-11.873,0.0,0.0,-90.139,0.0,0.0,1.156,0.0,0.0,0.0,0.0,0.0,-17.270000000000003,0.0,0.0
VAL 191,56.782,0.0,0.0,-8.485,0.0,0.0,-63.266,0.0,0.0,0.995,0.0,0.0,0.0,0.0,0.0,-13.974000000000002,0.0,0.0
GLN 192,22.138,0.0,0.0,-7.363,0.0,0.0,-63.619,0.0,0.0,-9.521,0.0,0.0,0.0,0.0,0.0,-58.364999999999995,0.0,0.0
ASN 193,20.216,0.0,0.0,-9.392,0.0,0.0,-87.039,0.0,0.0,0.398,0.0,0.0,0.0,0.0,0.0,-75.81700000000001,0.0,0.0
ALA 194,94.732,0.0,0.0,-8.009,0.0,0.0,-83.912,0.0,0.0,2.403,0.0,0.0,0.0,0.0,0.0,5.213999999999993,0.0,0.0
ASN 195,36.593,0.0,0.0,-7.592,0.0,0.0,-82.762,0.0,0.0,-5.785,0.0,0.0,0.0,0.0,0.0,-59.54599999999999,0.0,0.0
PRO 196,80.613,0.0,0.0,-5.224,0.0,0.0,-55.267,0.0,0.0,-2.206,0.0,0.0,0.0,0.0,0.0,17.915999999999993,0.0,0.0
ASP 197,81.66,0.0,0.0,-5.21,0.0,0.0,-59.244,0.0,0.0,-84.553,0.0,0.0,0.0,0.0,0.0,-67.347,0.0,0.0
CYX 198,104.26,0.0,0.0,-7.837,0.0,0.0,-82.882,0.0,0.0,-2.008,0.0,0.0,0.0,0.0,0.0,11.532999999999998,0.0,0.0
LYS 199,138.283,0.0,0.0,-10.128,0.0,0.0,-128.872,0.0,0.0,-7.527,0.0,0.0,0.0,0.0,0.0,-8.244000000000042,0.0,0.0
THR 200,48.767,0.0,0.0,-6.481,0.0,0.0,-57.974,0.0,0.0,-7.155,0.0,0.0,0.0,0.0,0.0,-22.842999999999996,0.0,0.0
ILE 201,76.259,0.0,0.0,-7.16,0.0,0.0,-56.207,0.0,0.0,-0.72,0.0,0.0,0.0,0.0,0.0,12.172000000000002,0.0,0.0
LEU 202,82.631,0.0,0.0,-9.515,0.0,0.0,-78.834,0.0,0.0,-2.956,0.0,0.0,0.0,0.0,0.0,-8.674000000000003,0.0,0.0
LYS 203,125.147,0.0,0.0,-7.211,0.0,0.0,-87.785,0.0,0.0,-29.974,0.0,0.0,0.0,0.0,0.0,0.17700000000001026,0.0,0.0
ALA 204,83.206,0.0,0.0,-3.551,0.0,0.0,-72.086,0.0,0.0,-6.107,0.0,0.0,0.0,0.0,0.0,1.4620000000000024,0.0,0.0
LEU 205,78.081,0.0,0.0,-7.803,0.0,0.0,-74.189,0.0,0.0,-5.342,0.0,0.0,0.0,0.0,0.0,-9.252999999999986,0.0,0.0
GLY 206,94.202,0.0,0.0,-2.351,0.0,0.0,-75.149,0.0,0.0,-5.311,0.0,0.0,0.0,0.0,0.0,11.390999999999998,0.0,0.0
PRO 207,78.43,0.0,0.0,-4.224,0.0,0.0,-54.103,0.0,0.0,-5.418,0.0,0.0,0.0,0.0,0.0,14.685000000000002,0.0,0.0
GLY 208,66.804,0.0,0.0,-1.693,0.0,0.0,-63.307,0.0,0.0,-6.26,0.0,0.0,0.0,0.0,0.0,-4.455999999999998,0.0,0.0
ALA 209,100.604,0.0,0.0,-5.483,0.0,0.0,-89.856,0.0,0.0,-1.847,0.0,0.0,0.0,0.0,0.0,3.4180000000000006,0.0,0.0
THR 210,57.949,0.0,0.0,-4.638,0.0,0.0,-61.419,0.0,0.0,-2.647,0.0,0.0,0.0,0.0,0.0,-10.754999999999997,0.0,0.0
LEU 211,70.196,0.0,0.0,-7.807,0.0,0.0,-68.448,0.0,0.0,-3.491,0.0,0.0,0.0,0.0,0.0,-9.549999999999997,0.0,0.0
GLU 212,108.693,0.0,0.0,-5.932,0.0,0.0,-52.71,0.0,0.0,-111.357,0.0,0.0,0.0,0.0,0.0,-61.306000000000004,0.0,0.0
GLU 213,105.354,0.0,0.0,-6.079,0.0,0.0,-62.329,0.0,0.0,-98.153,0.0,0.0,0.0,0.0,0.0,-61.207,0.0,0.0
MET 214,90.578,0.0,0.0,-9.52,0.0,0.0,-77.281,0.0,0.0,0.966,0.0,0.0,0.0,0.0,0.0,4.743000000000001,0.0,0.0
MET 215,100.099,0.0,0.0,-8.986,0.0,0.0,-82.958,0.0,0.0,-1.039,0.0,0.0,0.0,0.0,0.0,7.116000000000001,0.0,0.0
THR 216,32.389,0.0,0.0,-4.024,0.0,0.0,-31.624,0.0,0.0,-6.619,0.0,0.0,0.0,0.0,0.0,-9.877999999999997,0.0,0.0
ALA 217,75.534,0.0,0.0,-3.373,0.0,0.0,-63.916,0.0,0.0,-2.287,0.0,0.0,0.0,0.0,0.0,5.958000000000005,0.0,0.0
CYX 218,97.122,0.0,0.0,-5.451,0.0,0.0,-79.618,0.0,0.0,-2.525,0.0,0.0,0.0,0.0,0.0,9.528000000000011,0.0,0.0
GLN 219,41.814,0.0,0.0,-3.427,0.0,0.0,-68.255,0.0,0.0,-16.307,0.0,0.0,0.0,0.0,0.0,-46.175,0.0,0.0
GLY 220,98.616,0.0,0.0,-2.324,0.0,0.0,-82.166,0.0,0.0,-8.819,0.0,0.0,0.0,0.0,0.0,5.307000000000004,0.0,0.0
VAL 221,35.785,0.0,0.0,-2.859,0.0,0.0,-59.848,0.0,0.0,-71.768,0.0,0.0,0.0,0.0,0.0,-98.69,0.0,0.0

Receptor:
Total Energy Decomposition:
Residue,Internal,,,van der Waals,,,Electrostatic,,,Polar Solvation,,,Non-Polar Solv.,,,TOTAL,,
,Avg.,Std. Dev.,Std. Err. of Mean,Avg.,Std. Dev.,Std. Err. of Mean,Avg.,Std. Dev.,Std. Err. of Mean,Avg.,Std. Dev.,Std. Err. of Mean,Avg.,Std. Dev.,Std. Err. of Mean,Avg.,Std. Dev.,Std. Err. of Mean
PRO   1,101.524,0.0,0.0,-7.064,0.0,0.0,-100.755,0.0,0.0,4.054,0.0,0.0,0.0,0.0,0.0,-2.2409999999999872,0.0,0.0
ILE   2,97.989,0.0,0.0,-5.832,0.0,0.0,-74.865,0.0,0.0,-1.777,0.0,0.0,0.0,0.0,0.0,15.515000000000017,0.0,0.0
VAL   3,58.26,0.0,0.0,-6.304,0.0,0.0,-59.726,0.0,0.0,-0.824,0.0,0.0,0.0,0.0,0.0,-8.594000000000003,0.0,0.0
GLN   4,23.158,0.0,0.0,-5.12,0.0,0.0,-63.045,0.0,0.0,-10.474,0.0,0.0,0.0,0.0,0.0,-55.48100000000001,0.0,0.0
ASN   5,30.812,0.0,0.0,-4.993,0.0,0.0,-81.896,0.0,0.0,-10.542,0.0,0.0,0.0,0.0,0.0,-66.619,0.0,0.0
LEU   6,64.001,0.0,0.0,-3.177,0.0,0.0,-63.575,0.0,0.0,-8.24,0.0,0.0,0.0,0.0,0.0,-10.990999999999998,0.0,0.0
GLN   7,40.534,0.0,0.0,-3.996,0.0,0.0,-69.574,0.0,0.0,-17.42,0.0,0.0,0.0,0.0,0.0,-50.456,0.0,0.0
GLY   8,75.785,0.0,0.0,-1.875,0.0,0.0,-75.201,0.0,0.0,-3.194,0.0,0.0,0.0,0.0,0.0,-4.484999999999997,0.0,0.0
GLN   9,34.811,0.0,0.0,-4.812,0.0,0.0,-74.592,0.0,0.0,-11.109,0.0,0.0,0.0,0.0,0.0,-55.702000000000005,0.0,0.0
MET  10,100.018,0.0,0.0,-7.462,0.0,0.0,-78.349,0.0,0.0,-6.005,0.0,0.0,0.0,0.0,0.0,8.201999999999995,0.0,0.0
VAL  11,54.353,0.0,0.0,-5.266,0.0,0.0,-57.957,0.0,0.0,-1.718,0.0,0.0,0.0,0.0,0.0,-10.587999999999997,0.0,0.0
HID  12,89.791,0.0,0.0,-6.431,0.0,0.0,-54.471,0.0,0.0,-13.992,0.0,0.0,0.0,0.0,0.0,14.897000000000002,0.0,0.0
GLN  13,25.694,0.0,0.0,-5.375,0.0,0.0,-68.062,0.0,0.0,-11.418,0.0,0.0,0.0,0.0,0.0,-59.160999999999994,0.0,0.0
ALA  14,95.408,0.0,0.0,-3.169,0.0,0.0,-81.592,0.0,0.0,-0.816,0.0,0.0,0.0,0.0,0.0,9.831000000000005,0.0,0.0
ILE  15,95.132,0.0,0.0,-7.658,0.0,0.0,-73.004,0.0,0.0,-4.821,0.0,0.0,0.0,0.0,0.0,9.649,0.0,0.0
SER  16,69.789,0.0,0.0,-5.15,0.0,0.0,-45.047,0.0,0.0,-9.342,0.0,0.0,0.0,0.0,0.0,10.249999999999998,0.0,0.0
PRO  17,90.325,0.0,0.0,-4.347,0.0,0.0,-59.849,0.0,0.0,-3.053,0.0,0.0,0.0,0.0,0.0,23.07600000000001,0.0,0.0
ARG  18,-180.464,0.0,0.0,-6.019,0.0,0.0,72.71,0.0,0.0,-46.603,0.0,0.0,0.0,0.0,0.0,-160.376,0.0,0.0
THR  19,46.097,0.0,0.0,-7.311,0.0,0.0,-52.944,0.0,0.0,-6.013,0.0,0.0,0.0,0.0,0.0,-20.171,0.0,0.0
LEU  20,55.366,0.0,0.0,-7.228,0.0,0.0,-57.034,0.0,0.0,-2.913,0.0,0.0,0.0,0.0,0.0,-11.809000000000001,0.0,0.0
ASN  21,34.97,0.0,0.0,-5.852,0.0,0.0,-94.349,0.0,0.0,-8.605,0.0,0.0,0.0,0.0,0.0,-73.83600000000001,0.0,0.0
ALA  22,95.394,0.0,0.0,-5.929,0.0,0.0,-83.116,0.0,0.0,-1.991,0.0,0.0,0.0,0.0,0.0,4.358000000000004,0.0,0.0
TRP  23,129.26,0.0,0.0,-18.257,0.0,0.0,-97.477,0.0,0.0,-2.686,0.0,0.0,0.0,0.0,0.0,10.839999999999982,0.0,0.0
VAL  24,64.022,0.0,0.0,-4.844,0.0,0.0,-54.993,0.0,0.0,-6.182,0.0,0.0,0.0,0.0,0.0,-1.996999999999998,0.0,0.0
LYS  25,130.558,0.0,0.0,-7.497,0.0,0.0,-114.687,0.0,0.0,-17.754,0.0,0.0,0.0,0.0,0.0,-9.380000000000006,0.0,0.0
VAL  26,66.026,0.0,0.0,-9.106,0.0,0.0,-67.605,0.0,0.0,-2.685,0.0,0.0,0.0,0.0,0.0,-13.37000000000001,0.0,0.0
VAL  27,41.137,0.0,0.0,-7.512,0.0,0.0,-47.101,0.0,0.0,-2.931,0.0,0.0,0.0,0.0,0.0,-16.407,0.0,0.0
GLU  28,93.307,0.0,0.0,-6.575,0.0,0.0,-52.551,0.0,0.0,-97.46,0.0,0.0,0.0,0.0,0.0,-63.278999999999996,0.0,0.0
GLU  29,110.095,0.0,0.0,-5.834,0.0,0.0,-58.74,0.0,0.0,-99.296,0.0,0.0,0.0,0.0,0.0,-53.77500000000001,0.0,0.0
LYS  30,116.764,0.0,0.0,-4.444,0.0,0.0,-134.315,0.0,0.0,10.861,0.0,0.0,0.0,0.0,0.0,-11.134000000000004,0.0,0.0
ALA  31,83.207,0.0,0.0,-2.791,0.0,0.0,-75.292,0.0,0.0,-1.315,0.0,0.0,0.0,0.0,0.0,3.8089999999999953,0.0,0.0
PHE  32,104.699,0.0,0.0,-10.931,0.0,0.0,-81.704,0.0,0.0,-0.072,0.0,0.0,0.0,0.0,0.0,11.992000000000008,0.0,0.0
SER  33,85.859,0.0,0.0,-3.518,0.0,0.0,-68.776,0.0,0.0,-1.633,0.0,0.0,0.0,0.0,0.0,11.931999999999999,0.0,0.0
PRO  34,74.766,0.0,0.0,-4.974,0.0,0.0,-56.865,0.0,0.0,-1.535,0.0,0.0,0.0,0.0,0.0,11.392,0.0,0.0
GLU  35,105.947,0.0,0.0,-5.527,0.0,0.0,-108.14,0.0,0.0,-51.65,0.0,0.0,0.0,0.0,0.0,-59.37,0.0,0.0
VAL  36,56.728,0.0,0.0,-8.919,0.0,0.0,-58.054,0.0,0.0,0.075,0.0,0.0,0.0,0.0,0.0,-10.170000000000005,0.0,0.0
ILE  37,94.635,0.0,0.0,-5.886,0.0,0.0,-65.552,0.0,0.0,-1.113,0.0,0.0,0.0,0.0,0.0,22.084000000000003,0.0,0.0
PRO  38,81.809,0.0,0.0,-6.687,0.0,0.0,-58.912,0.0,0.0,-2.187,0.0,0.0,0.0,0.0,0.0,14.023000000000001,0.0,0.0
MET  39,91.209,0.0,0.0,-8.816,0.0,0.0,-70.775,0.0,0.0,-1.801,0.0,0.0,0.0,0.0,0.0,9.816999999999995,0.0,0.0
PHE  40,101.824,0.0,0.0,-13.618,0.0,0.0,-83.606,0.0,0.0,-1.002,0.0,0.0,0.0,0.0,0.0,3.5980000000000087,0.0,0.0
SER  41,79.1,0.0,0.0,-4.979,0.0,0.0,-68.037,0.0,0.0,-3.183,0.0,0.0,0.0,0.0,0.0,2.900999999999989,0.0,0.0
ALA  42,85.266,0.0,0.0,-4.941,0.0,0.0,-66.697,0.0,0.0,-4.705,0.0,0.0,0.0,0.0,0.0,8.923,0.0,0.0
LEU  43,72.717,0.0,0.0,-8.904,0.0,0.0,-75.129,0.0,0.0,-4.055,0.0,0.0,0.0,0.0,0.0,-15.371000000000002,0.0,0.0
SER  44,73.403,0.0,0.0,-7.621,0.0,0.0,-76.772,0.0,0.0,1.208,0.0,0.0,0.0,0.0,0.0,-9.781999999999995,0.0,0.0
GLU  45,102.345,0.0,0.0,-6.056,0.0,0.0,-63.951,0.0,0.0,-90.888,0.0,0.0,0.0,0.0,0.0,-58.550000000000004,0.0,0.0
GLY  46,71.603,0.0,0.0,-2.132,0.0,0.0,-67.681,0.0,0.0,-1.336,0.0,0.0,0.0,0.0,0.0,0.45399999999999197,0.0,0.0
ALA  47,100.5,0.0,0.0,-6.466,0.0,0.0,-88.226,0.0,0.0,-0.78,0.0,0.0,0.0,0.0,0.0,5.028000000000007,0.0,0.0
THR  48,64.541,0.0,0.0,-8.663,0.0,0.0,-62.944,0.0,0.0,-0.128,0.0,0.0,0.0,0.0,0.0,-7.194000000000003,0.0,0.0
PRO  49,78.648,0.0,0.0,-11.307,0.0,0.0,-55.614,0.0,0.0,0.124,0.0,0.0,0.0,0.0,0.0,11.850999999999997,0.0,0.0
GLN  50,32.527,0.0,0.0,-8.284,0.0,0.0,-74.529,0.0,0.0,-5.985,0.0,0.0,0.0,0.0,0.0,-56.270999999999994,0.0,0.0
ASP  51,92.664,0.0,0.0,-6.611,0.0,0.0,-130.99,0.0,0.0,-16.482,0.0,0.0,0.0,0.0,0.0,-61.41900000000001,0.0,0.0
LEU  52,67.108,0.0,0.0,-11.733,0.0,0.0,-69.459,0.0,0.0,0.227,0.0,0.0,0.0,0.0,0.0,-13.857000000000003,0.0,0.0
ASN  53,37.288,0.0,0.0,-8.33,0.0,0.0,-99.921,0.0,0.0,-1.999,0.0,0.0,0.0,0.0,0.0,-72.962,0.0,0.0
THR  54,54.074,0.0,0.0,-6.976,0.0,0.0,-67.474,0.0,0.0,-1.512,0.0,0.0,0.0,0.0,0.0,-21.888000000000005,0.0,0.0
MET  55,84.169,0.0,0.0,-9.049,0.0,0.0,-67.359,0.0,0.0,-0.326,0.0,0.0,0.0,0.0,0.0,7.43500000000001,0.0,0.0
LEU  56,70.233,0.0,0.0,-9.026,0.0,0.0,-72.068,0.0,0.0,-0.683,0.0,0.0,0.0,0.0,0.0,-11.54399999999999,0.0,0.0
ASN  57,49.587,0.0,0.0,-6.042,0.0,0.0,-101.611,0.0,0.0,-11.252,0.0,0.0,0.0,0.0,0.0,-69.318,0.0,0.0
THR  58,66.217,0.0,0.0,-6.669,0.0,0.0,-67.257,0.0,0.0,-3.909,0.0,0.0,0.0,0.0,0.0,-11.618000000000002,0.0,0.0
VAL  59,39.68,0.0,0.0,-6.322,0.0,0.0,-40.304,0.0,0.0,-0.693,0.0,0.0,0.0,0.0,0.0,-7.639000000000005,0.0,0.0
ALA  60,88.531,0.0,0.0,-4.47,0.0,0.0,-62.997,0.0,0.0,-2.531,0.0,0.0,0.0,0.0,0.0,18.53300000000001,0.0,0.0
PRO  61,79.58,0.0,0.0,-3.739,0.0,0.0,-60.271,0.0,0.0,-1.492,0.0,0.0,0.0,0.0,0.0,14.077999999999992,0.0,0.0
HID  62,102.234,0.0,0.0,-7.734,0.0,0.0,-69.147,0.0,0.0,-10.66,0.0,0.0,0.0,0.0,0.0,14.692999999999994,0.0,0.0
GLN  63,26.385,0.0,0.0,-4.825,0.0,0.0,-62.491,0.0,0.0,-12.726,0.0,0.0,0.0,0.0,0.0,-53.657,0.0,0.0
ALA  64,83.371,0.0,0.0,-4.772,0.0,0.0,-68.283,0.0,0.0,-3.766,0.0,0.0,0.0,0.0,0.0,6.549999999999988,0.0,0.0
ALA  65,88.587,0.0,0.0,-7.379,0.0,0.0,-74.735,0.0,0.0,-0.897,0.0,0.0,0.0,0.0,0.0,5.575999999999999,0.0,0.0
ALA  66,93.974,0.0,0.0,-7.052,0.0,0.0,-84.077,0.0,0.0,-0.733,0.0,0.0,0.0,0.0,0.0,2.1119999999999988,0.0,0.0
GLN  67,44.647,0.0,0.0,-7.776,0.0,0.0,-85.521,0.0,0.0,-5.155,0.0,0.0,0.0,0.0,0.0,-53.80500000000001,0.0,0.0
MET  68,93.226,0.0,0.0,-11.034,0.0,0.0,-74.587,0.0,0.0,-0.495,0.0,0.0,0.0,0.0,0.0,7.10999999999999,0.0,0.0
LEU  69,76.875,0.0,0.0,-11.347,0.0,0.0,-74.382,0.0,0.0,-1.914,0.0,0.0,0.0,0.0,0.0,-10.767999999999999,0.0,0.0
LYS  70,125.979,0.0,0.0,-9.543,0.0,0.0,-113.307,0.0,0.0,-15.786,0.0,0.0,0.0,0.0,0.0,-12.656999999999995,0.0,0.0
GLU  71,110.312,0.0,0.0,-6.655,0.0,0.0,-79.154,0.0,0.0,-94.171,0.0,0.0,0.0,0.0,0.0,-69.668,0.0,0.0
THR  72,47.023,0.0,0.0,-9.892,0.0,0.0,-56.72,0.0,0.0,-2.924,0.0,0.0,0.0,0.0,0.0,-22.512999999999998,0.0,0.0
ILE  73,72.928,0.0,0.0,-11.338,0.0,0.0,-50.742,0.0,0.0,-2.638,0.0,0.0,0.0,0.0,0.0,8.209999999999999,0.0,0.0
ASN  74,21.971,0.0,0.0,-6.662,0.0,0.0,-76.993,0.0,0.0,-10.896,0.0,0.0,0.0,0.0,0.0,-72.58,0.0,0.0
GLU  75,105.169,0.0,0.0,-6.651,0.0,0.0,-60.479,0.0,0.0,-104.572,0.0,0.0,0.0,0.0,0.0,-66.533,0.0,0.0
GLU  76,94.792,0.0,0.0,-10.337,0.0,0.0,-36.969,0.0,0.0,-111.974,0.0,0.0,0.0,0.0,0.0,-64.488,0.0,0.0
ALA  77,81.284,0.0,0.0,-7.731,0.0,0.0,-72.503,0.0,0.0,-1.286,0.0,0.0,0.0,0.0,0.0,-0.23599999999998866,0.0,0.0
ALA  78,96.535,0.0,0.0,-5.86,0.0,0.0,-86.295,0.0,0.0,0.496,0.0,0.0,0.0,0.0,0.0,4.875999999999996,0.0,0.0
GLU  79,110.906,0.0,0.0,-8.121,0.0,0.0,-53.377,0.0,0.0,-108.637,0.0,0.0,0.0,0.0,0.0,-59.22899999999999,0.0,0.0
TRP  80,112.918,0.0,0.0,-15.859,0.0,0.0,-89.691,0.0,0.0,0.159,0.0,0.0,0.0,0.0,0.0,7.527000000000009,0.0,0.0
ASP  81,102.847,0.0,0.0,-9.151,0.0,0.0,-95.26,0.0,0.0,-51.044,0.0,0.0,0.0,0.0,0.0,-52.608000000000004,0.0,0.0
ARG  82,-190.491,0.0,0.0,-8.181,0.0,0.0,23.32,0.0,0.0,16.18,0.0,0.0,0.0,0.0,0.0,-159.17200000000003,0.0,0.0
LEU  83,60.523,0.0,0.0,-6.887,0.0,0.0,-70.863,0.0,0.0,-2.079,0.0,0.0,0.0,0.0,0.0,-19.305999999999997,0.0,0.0
HID  84,110.853,0.0,0.0,-7.309,0.0,0.0,-79.021,0.0,0.0,-4.584,0.0,0.0,0.0,0.0,0.0,19.938999999999997,0.0,0.0
PRO  85,92.52,0.0,0.0,-4.165,0.0,0.0,-66.134,0.0,0.0,-4.25,0.0,0.0,0.0,0.0,0.0,17.97099999999999,0.0,0.0
VAL  86,52.599,0.0,0.0,-3.094,0.0,0.0,-50.538,0.0,0.0,-5.805,0.0,0.0,0.0,0.0,0.0,-6.838000000000001,0.0,0.0
HID  87,93.173,0.0,0.0,-6.578,0.0,0.0,-60.55,0.0,0.0,-8.577,0.0,0.0,0.0,0.0,0.0,17.468000000000004,0.0,0.0
ALA  88,90.597,0.0,0.0,-2.5,0.0,0.0,-74.002,0.0,0.0,-7.13,0.0,0.0,0.0,0.0,0.0,6.964999999999999,0.0,0.0
GLY  89,91.236,0.0,0.0,-1.751,0.0,0.0,-73.29,0.0,0.0,-6.219,0.0,0.0,0.0,0.0,0.0,9.975999999999992,0.0,0.0
PRO  90,84.037,0.0,0.0,-3.157,0.0,0.0,-55.066,0.0,0.0,-5.739,0.0,0.0,0.0,0.0,0.0,20.075000000000006,0.0,0.0
ILE  91,76.302,0.0,0.0,-6.322,0.0,0.0,-55.966,0.0,0.0,-3.022,0.0,0.0,0.0,0.0,0.0,10.992000000000003,0.0,0.0
ALA  92,89.888,0.0,0.0,-3.292,0.0,0.0,-66.002,0.0,0.0,-4.795,0.0,0.0,0.0,0.0,0.0,15.799000000000008,0.0,0.0
PRO  93,80.906,0.0,0.0,-2.69,0.0,0.0,-54.782,0.0,0.0,-8.182,0.0,0.0,0.0,0.0,0.0,15.252000000000011,0.0,0.0
GLY  94,72.134,0.0,0.0,-1.461,0.0,0.0,-64.553,0.0,0.0,-7.149,0.0,0.0,0.0,0.0,0.0,-1.0289999999999955,0.0,0.0
GLN  95,29.785,0.0,0.0,-5.98,0.0,0.0,-75.816,0.0,0.0,-5.026,0.0,0.0,0.0,0.0,0.0,-57.037000000000006,0.0,0.0
MET  96,101.615,0.0,0.0,-7.624,0.0,0.0,-74.93,0.0,0.0,-7.83,0.0,0.0,0.0,0.0,0.0,11.230999999999993,0.0,0.0
ARG  97,-195.542,0.0,0.0,-6.575,0.0,0.0,-10.581,0.0,0.0,28.202,0.0,0.0,0.0,0.0,0.0,-184.49599999999998,0.0,0.0
GLU  98,110.504,0.0,0.0,-6.797,0.0,0.0,-55.616,0.0,0.0,-97.158,0.0,0.0,0.0,0.0,0.0,-49.06699999999999,0.0,0.0
PRO  99,87.271,0.0,0.0,-10.198,0.0,0.0,-62.206,0.0,0.0,-2.302,0.0,0.0,0.0,0.0,0.0,12.565000000000005,0.0,0.0
ARG 100,-192.455,0.0,0.0,-10.19,0.0,0.0,2.289,0.0,0.0,24.844,0.0,0.0,0.0,0.0,0.0,-175.51200000000003,0.0,0.0
GLY 101,76.278,0.0,0.0,-6.204,0.0,0.0,-82.99,0.0,0.0,0.614,0.0,0.0,0.0,0.0,0.0,-12.301999999999982,0.0,0.0
SER 102,75.186,0.0,0.0,-7.056,0.0,0.0,-63.694,0.0,0.0,-4.773,0.0,0.0,0.0,0.0,0.0,-0.33699999999999264,0.0,0.0
ASP 103,87.731,0.0,0.0,-7.26,0.0,0.0,-105.1,0.0,0.0,-37.115,0.0,0.0,0.0,0.0,0.0,-61.74400000000001,0.0,0.0
ILE 104,77.382,0.0,0.0,-11.73,0.0,0.0,-60.533,0.0,0.0,1.357,0.0,0.0,0.0,0.0,0.0,6.476,0.0,0.0
ALA 105,86.33,0.0,0.0,-7.459,0.0,0.0,-76.068,0.0,0.0,-1.366,0.0,0.0,0.0,0.0,0.0,1.4369999999999972,0.0,0.0
GLY 106,88.196,0.0,0.0,-3.851,0.0,0.0,-89.11,0.0,0.0,-0.991,0.0,0.0,0.0,0.0,0.0,-5.756,0.0,0.0
THR 107,55.255,0.0,0.0,-4.398,0.0,0.0,-60.349,0.0,0.0,-6.139,0.0,0.0,0.0,0.0,0.0,-15.630999999999997,0.0,0.0
THR 108,41.355,0.0,0.0,-4.457,0.0,0.0,-55.477,0.0,0.0,-2.389,0.0,0.0,0.0,0.0,0.0,-20.968,0.0,0.0
SER 109,69.632,0.0,0.0,-7.537,0.0,0.0,-64.4,0.0,0.0,-0.63,0.0,0.0,0.0,0.0,0.0,-2.9349999999999996,0.0,0.0
THR 110,35.994,0.0,0.0,-6.78,0.0,0.0,-34.363,0.0,0.0,-6.862,0.0,0.0,0.0,0.0,0.0,-12.011000000000001,0.0,0.0
LEU 111,65.881,0.0,0.0,-9.169,0.0,0.0,-61.645,0.0,0.0,-3.515,0.0,0.0,0.0,0.0,0.0,-8.448,0.0,0.0
GLN 112,39.003,0.0,0.0,-6.045,0.0,0.0,-74.18,0.0,0.0,-13.38,0.0,0.0,0.0,0.0,0.0,-54.60200000000001,0.0,0.0
GLU 113,101.49,0.0,0.0,-9.616,0.0,0.0,-103.334,0.0,0.0,-47.69,0.0,0.0,0.0,0.0,0.0,-59.150000000000006,0.0,0.0
GLN 114,41.201,0.0,0.0,-15.229,0.0,0.0,-80.924,0.0,0.0,-0.94,0.0,0.0,0.0,0.0,0.0,-55.892,0.0,0.0
ILE 115,86.948,0.0,0.0,-9.484,0.0,0.0,-68.269,0.0,0.0,-2.54,0.0,0.0,0.0,0.0,0.0,6.654999999999993,0.0,0.0
GLY 116,78.286,0.0,0.0,-5.339,0.0,0.0,-70.707,0.0,0.0,-3.001,0.0,0.0,0.0,0.0,0.0,-0.7609999999999908,0.0,0.0
TRP 117,130.629,0.0,0.0,-18.065,0.0,0.0,-93.063,0.0,0.0,-0.558,0.0,0.0,0.0,0.0,0.0,18.94299999999999,0.0,0.0
MET 118,99.343,0.0,0.0,-11.574,0.0,0.0,-83.14,0.0,0.0,-3.365,0.0,0.0,0.0,0.0,0.0,1.2640000000000047,0.0,0.0
THR 119,33.849,0.0,0.0,-4.743,0.0,0.0,-42.561,0.0,0.0,-6.76,0.0,0.0,0.0,0.0,0.0,-20.215000000000003,0.0,0.0
HID 120,87.85,0.0,0.0,-10.716,0.0,0.0,-65.466,0.0,0.0,-3.373,0.0,0.0,0.0,0.0,0.0,8.295000000000005,0.0,0.0
ASN 121,40.248,0.0,0.0,-3.918,0.0,0.0,-81.672,0.0,0.0,-12.186,0.0,0.0,0.0,0.0,0.0,-57.528,0.0,0.0
PRO 122,88.885,0.0,0.0,-4.052,0.0,0.0,-59.658,0.0,0.0,-3.248,0.0,0.0,0.0,0.0,0.0,21.926999999999996,0.0,0.0
PRO 123,82.888,0.0,0.0,-6.409,0.0,0.0,-56.734,0.0,0.0,-4.141,0.0,0.0,0.0,0.0,0.0,15.603999999999997,0.0,0.0
ILE 124,100.376,0.0,0.0,-9.11,0.0,0.0,-66.291,0.0,0.0,-0.562,0.0,0.0,0.0,0.0,0.0,24.413000000000007,0.0,0.0
PRO 125,95.625,0.0,0.0,-5.334,0.0,0.0,-66.507,0.0,0.0,-0.604,0.0,0.0,0.0,0.0,0.0,23.179999999999993,0.0,0.0
VAL 126,59.798,0.0,0.0,-10.782,0.0,0.0,-59.403,0.0,0.0,0.132,0.0,0.0,0.0,0.0,0.0,-10.254999999999994,0.0,0.0
GLY 127,70.295,0.0,0.0,-5.091,0.0,0.0,-71.484,0.0,0.0,-0.608,0.0,0.0,0.0,0.0,0.0,-6.887999999999987,0.0,0.0
GLU 128,105.29,0.0,0.0,-8.621,0.0,0.0,-108.836,0.0,0.0,-46.807,0.0,0.0,0.0,0.0,0.0,-58.97399999999999,0.0,0.0
ILE 129,86.505,0.0,0.0,-9.531,0.0,0.0,-66.139,0.0,0.0,0.817,0.0,0.0,0.0,0.0,0.0,11.651999999999994,0.0,0.0
TYR 130,96.695,0.0,0.0,-15.444,0.0,0.0,-91.208,0.0,0.0,0.255,0.0,0.0,0.0,0.0,0.0,-9.702000000000007,0.0,0.0
LYS 131,136.575,0.0,0.0,-11.385,0.0,0.0,-148.702,0.0,0.0,18.583,0.0,0.0,0.0,0.0,0.0,-4.929000000000016,0.0,0.0
ARG 132,-181.058,0.0,0.0,-9.358,0.0,0.0,32.971,0.0,0.0,-4.665,0.0,0.0,0.0,0.0,0.0,-162.10999999999999,0.0,0.0
TRP 133,123.52,0.0,0.0,-20.165,0.0,0.0,-95.567,0.0,0.0,-0.54,0.0,0.0,0.0,0.0,0.0,7.247999999999997,0.0,0.0
ILE 134,87.265,0.0,0.0,-12.048,0.0,0.0,-71.436,0.0,0.0,0.092,0.0,0.0,0.0,0.0,0.0,3.872999999999992,0.0,0.0
ILE 135,77.322,0.0,0.0,-8.703,0.0,0.0,-62.65,0.0,0.0,0.249,0.0,0.0,0.0,0.0,0.0,6.218000000000001,0.0,0.0
LEU 136,69.138,0.0,0.0,-8.737,0.0,0.0,-78.274,0.0,0.0,2.328,0.0,0.0,0.0,0.0,0.0,-15.544999999999998,0.0,0.0
GLY 137,78.204,0.0,0.0,-7.388,0.0,0.0,-77.799,0.0,0.0,1.294,0.0,0.0,0.0,0.0,0.0,-5.689000000000018,0.0,0.0
LEU 138,69.728,0.0,0.0,-11.49,0.0,0.0,-71.765,0.0,0.0,-0.068,0.0,0.0,0.0,0.0,0.0,-13.595000000000008,0.0,0.0
ASN 139,35.781,0.0,0.0,-7.991,0.0,0.0,-86.38,0.0,0.0,-8.492,0.0,0.0,0.0,0.0,0.0,-67.082,0.0,0.0
LYS 140,138.37,0.0,0.0,-9.501,0.0,0.0,-133.5,0.0,0.0,5.086,0.0,0.0,0.0,0.0,0.0,0.45500000000000007,0.0,0.0
ILE 141,93.876,0.0,0.0,-11.983,0.0,0.0,-76.248,0.0,0.0,-0.556,0.0,0.0,0.0,0.0,0.0,5.088999999999996,0.0,0.0
VAL 142,58.68,0.0,0.0,-7.113,0.0,0.0,-58.006,0.0,0.0,-1.769,0.0,0.0,0.0,0.0,0.0,-8.208,0.0,0.0
ARG 143,-194.367,0.0,0.0,-7.845,0.0,0.0,62.876,0.0,0.0,-23.669,0.0,0.0,0.0,0.0,0.0,-163.005,0.0,0.0
MET 144,85.846,0.0,0.0,-8.935,0.0,0.0,-74.137,0.0,0.0,-4.857,0.0,0.0,0.0,0.0,0.0,-2.0829999999999993,0.0,0.0
TYR 145,89.407,0.0,0.0,-10.652,0.0,0.0,-84.208,0.0,0.0,-7.483,0.0,0.0,0.0,0.0,0.0,-12.936000000000003,0.0,0.0
SER 146,74.191,0.0,0.0,-4.677,0.0,0.0,-55.197,0.0,0.0,-5.412,0.0,0.0,0.0,0.0,0.0,8.905000000000008,0.0,0.0
PRO 147,87.985,0.0,0.0,-2.982,0.0,0.0,-62.226,0.0,0.0,-6.845,0.0,0.0,0.0,0.0,0.0,15.932000000000002,0.0,0.0
THR 148,51.293,0.0,0.0,-1.803,0.0,0.0,-49.258,0.0,0.0,-11.868,0.0,0.0,0.0,0.0,0.0,-11.636000000000001,0.0,0.0
SER 149,65.411,0.0,0.0,-1.451,0.0,0.0,-44.856,0.0,0.0,-13.747,0.0,0.0,0.0,0.0,0.0,5.356999999999999,0.0,0.0
ILE 150,60.934,0.0,0.0,-1.404,0.0,0.0,-29.409,0.0,0.0,-8.156,0.0,0.0,0.0,0.0,0.0,21.965000000000003,0.0,0.0

Ligand:
Total Energy Decomposition:
Residue,Internal,,,van der Waals,,,Electrostatic,,,Polar Solvation,,,Non-Polar Solv.,,,TOTAL,,
,Avg.,Std. Dev.,Std. Err. of Mean,Avg.,Std. Dev.,Std. Err. of Mean,Avg.,Std. Dev.,Std. Err. of Mean,Avg.,Std. Dev.,Std. Err. of Mean,Avg.,Std. Dev.,Std. Err. of Mean,Avg.,Std. Dev.,Std. Err. of Mean
LEU   1,43.283,0.0,0.0,-3.339,0.0,0.0,-43.372,0.0,0.0,-0.255,0.0,0.0,0.0,0.0,0.0,-3.682999999999997,0.0,0.0
ASP   2,101.114,0.0,0.0,-4.141,0.0,0.0,-80.307,0.0,0.0,-77.085,0.0,0.0,0.0,0.0,0.0,-60.419,0.0,0.0
ILE   3,96.656,0.0,0.0,-7.448,0.0,0.0,-70.567,0.0,0.0,-1.584,0.0,0.0,0.0,0.0,0.0,17.057000000000006,0.0,0.0
ARG   4,-185.946,0.0,0.0,-8.335,0.0,0.0,36.648,0.0,0.0,-8.369,0.0,0.0,0.0,0.0,0.0,-166.002,0.0,0.0
GLN   5,30.743,0.0,0.0,-12.358,0.0,0.0,-84.368,0.0,0.0,-1.524,0.0,0.0,0.0,0.0,0.0,-67.507,0.0,0.0
GLY   6,86.228,0.0,0.0,-3.614,0.0,0.0,-73.302,0.0,0.0,-3.444,0.0,0.0,0.0,0.0,0.0,5.8679999999999835,0.0,0.0
PRO   7,85.889,0.0,0.0,-2.921,0.0,0.0,-54.926,0.0,0.0,-5.631,0.0,0.0,0.0,0.0,0.0,22.410999999999987,0.0,0.0
LYS   8,126.801,0.0,0.0,-3.895,0.0,0.0,-128.114,0.0,0.0,0.954,0.0,0.0,0.0,0.0,0.0,-4.253999999999999,0.0,0.0
GLU   9,116.384,0.0,0.0,-7.616,0.0,0.0,-120.109,0.0,0.0,-34.088,0.0,0.0,0.0,0.0,0.0,-45.428999999999995,0.0,0.0
PRO  10,79.161,0.0,0.0,-7.716,0.0,0.0,-54.384,0.0,0.0,-2.391,0.0,0.0,0.0,0.0,0.0,14.670000000000007,0.0,0.0
PHE  11,108.275,0.0,0.0,-12.049,0.0,0.0,-76.089,0.0,0.0,-1.284,0.0,0.0,0.0,0.0,0.0,18.853,0.0,0.0
ARG  12,-199.391,0.0,0.0,-9.045,0.0,0.0,40.699,0.0,0.0,1.379,0.0,0.0,0.0,0.0,0.0,-166.35799999999998,0.0,0.0
ASP  13,88.611,0.0,0.0,-7.205,0.0,0.0,-82.538,0.0,0.0,-71.895,0.0,0.0,0.0,0.0,0.0,-73.02699999999999,0.0,0.0
TYR  14,101.018,0.0,0.0,-18.827,0.0,0.0,-94.0,0.0,0.0,0.208,0.0,0.0,0.0,0.0,0.0,-11.600999999999997,0.0,0.0
VAL  15,45.534,0.0,0.0,-10.064,0.0,0.0,-51.564,0.0,0.0,1.032,0.0,0.0,0.0,0.0,0.0,-15.062000000000001,0.0,0.0
ASP  16,119.944,0.0,0.0,-7.451,0.0,0.0,-105.564,0.0,0.0,-58.318,0.0,0.0,0.0,0.0,0.0,-51.38899999999998,0.0,0.0
ARG  17,-194.933,0.0,0.0,-8.267,0.0,0.0,9.079,0.0,0.0,11.94,0.0,0.0,0.0,0.0,0.0,-182.18099999999998,0.0,0.0
PHE  18,104.37,0.0,0.0,-14.064,0.0,0.0,-82.335,0.0,0.0,0.338,0.0,0.0,0.0,0.0,0.0,8.309000000000017,0.0,0.0
TYR  19,100.911,0.0,0.0,-11.915,0.0,0.0,-94.6,0.0,0.0,-0.415,0.0,0.0,0.0,0.0,0.0,-6.018999999999985,0.0,0.0
LYS  20,138.99,0.0,0.0,-7.16,0.0,0.0,-128.422,0.0,0.0,-10.203,0.0,0.0,0.0,0.0,0.0,-6.794999999999984,0.0,0.0
THR  21,47.892,0.0,0.0,-6.632,0.0,0.0,-58.435,0.0,0.0,-2.445,0.0,0.0,0.0,0.0,0.0,-19.619999999999997,0.0,0.0
LEU  22,73.559,0.0,0.0,-11.013,0.0,0.0,-64.656,0.0,0.0,-1.476,0.0,0.0,0.0,0.0,0.0,-3.5860000000000065,0.0,0.0
ARG  23,-205.555,0.0,0.0,-5.183,0.0,0.0,73.533,0.0,0.0,-27.807,0.0,0.0,0.0,0.0,0.0,-165.01199999999997,0.0,0.0
ALA  24,86.718,0.0,0.0,-3.341,0.0,0.0,-79.157,0.0,0.0,-2.857,0.0,0.0,0.0,0.0,0.0,1.3630000000000129,0.0,0.0
GLU  25,105.69,0.0,0.0,-5.616,0.0,0.0,-66.252,0.0,0.0,-97.507,0.0,0.0,0.0,0.0,0.0,-63.685,0.0,0.0
GLN  26,26.724,0.0,0.0,-3.318,0.0,0.0,-66.081,0.0,0.0,-12.455,0.0,0.0,0.0,0.0,0.0,-55.13,0.0,0.0
ALA  27,96.358,0.0,0.0,-4.549,0.0,0.0,-88.3,0.0,0.0,1.084,0.0,0.0,0.0,0.0,0.0,4.593,0.0,0.0
SER  28,75.342,0.0,0.0,-5.574,0.0,0.0,-68.626,0.0,0.0,-6.796,0.0,0.0,0.0,0.0,0.0,-5.654000000000004,0.0,0.0
GLN  29,23.595,0.0,0.0,-6.278,0.0,0.0,-61.745,0.0,0.0,-14.775,0.0,0.0,0.0,0.0,0.0,-59.202999999999996,0.0,0.0
GLU  30,107.645,0.0,0.0,-7.251,0.0,0.0,-90.759,0.0,0.0,-69.315,0.0,0.0,0.0,0.0,0.0,-59.68000000000001,0.0,0.0
VAL  31,62.89,0.0,0.0,-7.217,0.0,0.0,-59.671,0.0,0.0,-1.733,0.0,0.0,0.0,0.0,0.0,-5.730999999999998,0.0,0.0
LYS  32,117.205,0.0,0.0,-10.315,0.0,0.0,-102.608,0.0,0.0,-10.904,0.0,0.0,0.0,0.0,0.0,-6.622000000000003,0.0,0.0
ASN  33,29.115,0.0,0.0,-7.424,0.0,0.0,-82.807,0.0,0.0,-9.001,0.0,0.0,0.0,0.0,0.0,-70.117,0.0,0.0
TRP  34,124.551,0.0,0.0,-10.94,0.0,0.0,-91.341,0.0,0.0,-4.237,0.0,0.0,0.0,0.0,0.0,18.03300000000001,0.0,0.0
MET  35,112.559,0.0,0.0,-10.655,0.0,0.0,-91.672,0.0,0.0,0.093,0.0,0.0,0.0,0.0,0.0,10.325,0.0,0.0
THR  36,47.191,0.0,0.0,-8.087,0.0,0.0,-59.673,0.0,0.0,0.584,0.0,0.0,0.0,0.0,0.0,-19.985000000000003,0.0,0.0
GLU  37,105.899,0.0,0.0,-7.589,0.0,0.0,-61.929,0.0,0.0,-94.719,0.0,0.0,0.0,0.0,0.0,-58.337999999999994,0.0,0.0
THR  38,45.774,0.0,0.0,-6.886,0.0,0.0,-54.054,0.0,0.0,0.833,0.0,0.0,0.0,0.0,0.0,-14.333000000000004,0.0,0.0
LEU  39,65.594,0.0,0.0,-9.601,0.0,0.0,-69.233,0.0,0.0,1.977,0.0,0.0,0.0,0.0,0.0,-11.263000000000009,0.0,0.0
LEU  40,83.586,0.0,0.0,-11.803,0.0,0.0,-90.286,0.0,0.0,1.241,0.0,0.0,0.0,0.0,0.0,-17.262,0.0,0.0
VAL  41,56.782,0.0,0.0,-8.474,0.0,0.0,-63.291,0.0,0.0,1.022,0.0,0.0,0.0,0.0,0.0,-13.961000000000004,0.0,0.0
GLN  42,22.138,0.0,0.0,-7.342,0.0,0.0,-63.651,0.0,0.0,-9.402,0.0,0.0,0.0,0.0,0.0,-58.257000000000005,0.0,0.0
ASN  43,20.216,0.0,0.0,-9.198,0.0,0.0,-85.844,0.0,0.0,0.212,0.0,0.0,0.0,0.0,0.0,-74.61399999999999,0.0,0.0
ALA  44,94.732,0.0,0.0,-8.0,0.0,0.0,-83.898,0.0,0.0,2.376,0.0,0.0,0.0,0.0,0.0,5.210000000000003,0.0,0.0
ASN  45,36.593,0.0,0.0,-7.588,0.0,0.0,-82.837,0.0,0.0,-5.719,0.0,0.0,0.0,0.0,0.0,-59.551,0.0,0.0
PRO  46,80.613,0.0,0.0,-5.223,0.0,0.0,-55.265,0.0,0.0,-2.208,0.0,0.0,0.0,0.0,0.0,17.917,0.0,0.0
ASP  47,81.66,0.0,0.0,-5.209,0.0,0.0,-66.284,0.0,0.0,-77.557,0.0,0.0,0.0,0.0,0.0,-67.39000000000001,0.0,0.0
CYX  48,104.26,0.0,0.0,-7.835,0.0,0.0,-82.847,0.0,0.0,-2.001,0.0,0.0,0.0,0.0,0.0,11.577000000000018,0.0,0.0
LYS  49,138.283,0.0,0.0,-10.124,0.0,0.0,-120.694,0.0,0.0,-15.521,0.0,0.0,0.0,0.0,0.0,-8.056000000000012,0.0,0.0
THR  50,48.767,0.0,0.0,-6.48,0.0,0.0,-58.021,0.0,0.0,-7.109,0.0,0.0,0.0,0.0,0.0,-22.842999999999996,0.0,0.0
ILE  51,76.259,0.0,0.0,-7.159,0.0,0.0,-56.182,0.0,0.0,-0.781,0.0,0.0,0.0,0.0,0.0,12.136999999999992,0.0,0.0
LEU  52,82.631,0.0,0.0,-9.51,0.0,0.0,-78.804,0.0,0.0,-3.0,0.0,0.0,0.0,0.0,0.0,-8.683000000000007,0.0,0.0
LYS  53,125.147,0.0,0.0,-7.209,0.0,0.0,-80.511,0.0,0.0,-37.157,0.0,0.0,0.0,0.0,0.0,0.27000000000001023,0.0,0.0
ALA  54,83.206,0.0,0.0,-3.55,0.0,0.0,-72.083,0.0,0.0,-6.119,0.0,0.0,0.0,0.0,0.0,1.4540000000000077,0.0,0.0
LEU  55,78.081,0.0,0.0,-7.801,0.0,0.0,-74.148,0.0,0.0,-5.398,0.0,0.0,0.0,0.0,0.0,-9.265999999999995,0.0,0.0
GLY  56,94.202,0.0,0.0,-2.35,0.0,0.0,-75.184,0.0,0.0,-5.267,0.0,0.0,0.0,0.0,0.0,11.401000000000007,0.0,0.0
PRO  57,78.43,0.0,0.0,-4.221,0.0,0.0,-54.163,0.0,0.0,-5.352,0.0,0.0,0.0,0.0,0.0,14.694000000000006,0.0,0.0
GLY  58,66.804,0.0,0.0,-1.692,0.0,0.0,-63.349,0.0,0.0,-6.215,0.0,0.0,0.0,0.0,0.0,-4.4519999999999875,0.0,0.0
ALA  59,100.604,0.0,0.0,-5.481,0.0,0.0,-89.905,0.0,0.0,-1.802,0.0,0.0,0.0,0.0,0.0,3.4160000000000035,0.0,0.0
THR  60,57.949,0.0,0.0,-4.634,0.0,0.0,-61.359,0.0,0.0,-2.703,0.0,0.0,0.0,0.0,0.0,-10.747000000000003,0.0,0.0
LEU  61,70.196,0.0,0.0,-7.791,0.0,0.0,-68.385,0.0,0.0,-3.552,0.0,0.0,0.0,0.0,0.0,-9.532000000000004,0.0,0.0
GLU  62,108.693,0.0,0.0,-5.927,0.0,0.0,-61.71,0.0,0.0,-102.353,0.0,0.0,0.0,0.0,0.0,-61.297000000000004,0.0,0.0
GLU  63,105.354,0.0,0.0,-6.077,0.0,0.0,-70.366,0.0,0.0,-90.095,0.0,0.0,0.0,0.0,0.0,-61.184,0.0,0.0
MET  64,90.578,0.0,0.0,-9.512,0.0,0.0,-77.221,0.0,0.0,0.93,0.0,0.0,0.0,0.0,0.0,4.774999999999999,0.0,0.0
MET  65,100.099,0.0,0.0,-8.978,0.0,0.0,-82.948,0.0,0.0,-1.044,0.0,0.0,0.0,0.0,0.0,7.1290000000000155,0.0,0.0
THR  66,32.389,0.0,0.0,-4.022,0.0,0.0,-31.496,0.0,0.0,-6.775,0.0,0.0,0.0,0.0,0.0,-9.903999999999995,0.0,0.0
ALA  67,75.534,0.0,0.0,-3.372,0.0,0.0,-63.81,0.0,0.0,-2.439,0.0,0.0,0.0,0.0,0.0,5.913000000000004,0.0,0.0
CYX  68,97.122,0.0,0.0,-5.45,0.0,0.0,-79.675,0.0,0.0,-2.497,0.0,0.0,0.0,0.0,0.0,9.5,0.0,0.0
GLN  69,41.814,0.0,0.0,-3.426,0.0,0.0,-68.313,0.0,0.0,-16.241,0.0,0.0,0.0,0.0,0.0,-46.166000000000004,0.0,0.0
GLY  70,98.616,0.0,0.0,-2.324,0.0,0.0,-82.043,0.0,0.0,-8.945,0.0,0.0,0.0,0.0,0.0,5.303999999999995,0.0,0.0
VAL  71,35.785,0.0,0.0,-2.858,0.0,0.0,-67.052,0.0,0.0,-64.592,0.0,0.0,0.0,0.0,0.0,-98.71700000000001,0.0,0.0

DELTAS:
Total Energy Decomposition:
Residue,Location,Internal,,,van der Waals,,,Electrostatic,,,Polar Solvation,,,Non-Polar Solv.,,,TOTAL,,
,,Avg.,Std. Dev.,Std. Err. of Mean,Avg.,Std. Dev.,Std. Err. of Mean,Avg.,Std. Dev.,Std. Err. of Mean,Avg.,Std. Dev.,Std. Err. of Mean,Avg.,Std. Dev.,Std. Err. of Mean
PRO   1,R PRO   1,0.0,0.0,0.0,-0.001000000000000334,0.0,0.0,-6.271000000000001,0.0,0.0,6.251999999999999,0.0,0.0,0.0,0.0,0.0,-0.02000000000000668,0.0,0.0
ILE   2,R ILE   2,0.0,0.0,0.0,0.0,0.0,0.0,-0.008000000000009777,0.0,0.0,0.0040000000000000036,0.0,0.0,0.0,0.0,0.0,-0.004000000000010218,0.0,0.0
VAL   3,R VAL   3,0.0,0.0,0.0,-0.0009999999999994458,0.0,0.0,-0.018000000000000682,0.0,0.0,0.019999999999999907,0.0,0.0,0.0,0.0,0.0,0.0010000000000012221,0.0,0.0
GLN   4,R GLN   4,0.0,0.0,0.0,0.0,0.0,0.0,0.03800000000000381,0.0,0.0,-0.038000000000000256,0.0,0.0,0.0,0.0,0.0,1.4210854715202004e-14,0.0,0.0
ASN   5,R ASN   5,0.0,0.0,0.0,0.0,0.0,0.0,0.16500000000000625,0.0,0.0,-0.16699999999999982,0.0,0.0,0.0,0.0,0.0,-0.001999999999995339,0.0,0.0
LEU   6,R LEU   6,0.0,0.0,0.0,0.0,0.0,0.0,0.06700000000000017,0.0,0.0,-0.06700000000000017,0.0,0.0,0.0,0.0,0.0,0.0,0.0,0.0
GLN   7,R GLN   7,0.0,0.0,0.0,-0.0009999999999998899,0.0,0.0,0.09999999999999432,0.0,0.0,-0.09799999999999898,0.0,0.0,0.0,0.0,0.0,0.0009999999999976694,0.0,0.0
GLY   8,R GLY   8,0.0,0.0,0.0,0.0,0.0,0.0,0.0379999999999967,0.0,0.0,-0.040000000000000036,0.0,0.0,0.0,0.0,0.0,-0.0020000000000033324,0.0,0.0
GLN   9,R GLN   9,0.0,0.0,0.0,0.0,0.0,0.0,0.0870000000000033,0.0,0.0,-0.08900000000000041,0.0,0.0,0.0,0.0,0.0,-0.001999999999995339,0.0,0.0
MET  10,R MET  10,0.0,0.0,0.0,-0.001000000000000334,0.0,0.0,-0.006999999999990791,0.0,0.0,0.009999999999999787,0.0,0.0,0.0,0.0,0.0,0.002000000000016655,0.0,0.0
VAL  11,R VAL  11,0.0,0.0,0.0,0.0,0.0,0.0,0.06300000000000239,0.0,0.0,-0.06600000000000006,0.0,0.0,0.0,0.0,0.0,-0.0029999999999983373,0.0,0.0
HID  12,R HID  12,0.0,0.0,0.0,0.0,0.0,0.0,-0.03300000000000125,0.0,0.0,0.03500000000000014,0.0,0.0,0.0,0.0,0.0,0.0019999999999988916,0.0,0.0
GLN  13,R GLN  13,0.0,0.0,0.0,0.0,0.0,0.0,0.02400000000000091,0.0,0.0,-0.021000000000000796,0.0,0.0,0.0,0.0,0.0,0.0030000000000001137,0.0,0.0
ALA  14,R ALA  14,0.0,0.0,0.0,-0.0009999999999998899,0.0,0.0,0.012000000000000455,0.0,0.0,-0.01200000000000001,0.0,0.0,0.0,0.0,0.0,-0.0010000000000029985,0.0,0.0
ILE  15,R ILE  15,0.0,0.0,0.0,-0.0009999999999994458,0.0,0.0,-0.03300000000000125,0.0,0.0,0.03500000000000014,0.0,0.0,0.0,0.0,0.0,0.0009999999999941167,0.0,0.0
SER  16,R SER  16,0.0,0.0,0.0,-0.0009999999999994458,0.0,0.0,0.031999999999996476,0.0,0.0,-0.038000000000000256,0.0,0.0,0.0,0.0,0.0,-0.006999999999994344,0.0,0.0
PRO  17,R PRO  17,0.0,0.0,0.0,0.0,0.0,0.0,0.02499999999999858,0.0,0.0,-0.027000000000000135,0.0,0.0,0.0,0.0,0.0,-0.0019999999999988916,0.0,0.0
ARG  18,R ARG  18,0.0,0.0,0.0,-0.0009999999999994458,0.0,0.0,-5.972999999999999,0.0,0.0,5.953000000000003,0.0,0.0,0.0,0.0,0.0,-0.021000000000015007,0.0,0.0
THR  19,R THR  19,0.0,0.0,0.0,-0.001000000000000334,0.0,0.0,-0.030999999999998806,0.0,0.0,0.024999999999999467,0.0,0.0,0.0,0.0,0.0,-0.006999999999997897,0.0,0.0
LEU  20,R LEU  20,0.0,0.0,0.0,-0.001000000000000334,0.0,0.0,0.007999999999995566,0.0,0.0,-0.013000000000000345,0.0,0.0,0.0,0.0,0.0,-0.006000000000002004,0.0,0.0
ASN  21,R ASN  21,0.0,0.0,0.0,-0.0009999999999994458,0.0,0.0,0.027000000000001023,0.0,0.0,-0.028999999999999915,0.0,0.0,0.0,0.0,0.0,-0.0030000000000001137,0.0,0.0
ALA  22,R ALA  22,0.0,0.0,0.0,-0.0019999999999997797,0.0,0.0,-0.03300000000000125,0.0,0.0,0.025000000000000133,0.0,0.0,0.0,0.0,0.0,-0.009999999999997122,0.0,0.0
TRP  23,R TRP  23,0.0,0.0,0.0,-0.007999999999999119,0.0,0.0,-0.036000000000001364,0.0,0.0,0.016000000000000014,0.0,0.0,0.0,0.0,0.0,-0.027999999999996916,0.0,0.0
VAL  24,R VAL  24,0.0,0.0,0.0,-0.0019999999999997797,0.0,0.0,0.05300000000000438,0.0,0.0,-0.05999999999999961,0.0,0.0,0.0,0.0,0.0,-0.008999999999997677,0.0,0.0
LYS  25,R LYS  25,0.0,0.0,0.0,-0.0030000000000001137,0.0,0.0,-6.024000000000001,0.0,0.0,6.041000000000002,0.0,0.0,0.0,0.0,0.0,0.014000000000001123,0.0,0.0
VAL  26,R VAL  26,0.0,0.0,0.0,-0.008000000000000895,0.0,0.0,0.1039999999999992,0.0,0.0,-0.10099999999999998,0.0,0.0,0.0,0.0,0.0,-0.005000000000002558,0.0,0.0
VAL  27,R VAL  27,0.0,0.0,0.0,-0.007000000000000561,0.0,0.0,0.11299999999999955,0.0,0.0,-0.11399999999999988,0.0,0.0,0.0,0.0,0.0,-0.007999999999999119,0.0,0.0
GLU  28,R GLU  28,0.0,0.0,0.0,-0.0039999999999995595,0.0,0.0,6.919000000000004,0.0,0.0,-6.945000000000007,0.0,0.0,0.0,0.0,0.0,-0.02999999999999403,0.0,0.0
GLU  29,R GLU  29,0.0,0.0,0.0,-0.007000000000000561,0.0,0.0,6.6910000000000025,0.0,0.0,-6.73299999999999,0.0,0.0,0.0,0.0,0.0,-0.04899999999997817,0.0,0.0
LYS  30,R LYS  30,0.0,0.0,0.0,-0.03300000000000036,0.0,0.0,-2.9960000000000093,0.0,0.0,3.2119999999999997,0.0,0.0,0.0,0.0,0.0,0.18299999999998917,0.0,0.0
ALA  31,R ALA  31,0.0,0.0,0.0,-0.02499999999999991,0.0,0.0,0.4129999999999967,0.0,0.0,-0.40400000000000014,0.0,0.0,0.0,0.0,0.0,-0.01600000000000934,0.0,0.0
PHE  32,R PHE  32,0.0,0.0,0.0,-0.09000000000000163,0.0,0.0,0.7669999999999959,0.0,0.0,-0.7170000000000001,0.0,0.0,0.0,0.0,0.0,-0.04000000000000803,0.0,0.0
SER  33,R SER  33,0.0,0.0,0.0,-0.19100000000000028,0.0,0.0,-0.5619999999999976,0.0,0.0,0.542,0.0,0.0,0.0,0.0,0.0,-0.2110000000000003,0.0,0.0
PRO  34,R PRO  34,0.0,0.0,0.0,-2.33,0.0,0.0,0.7760000000000034,0.0,0.0,0.10299999999999998,0.0,0.0,0.0,0.0,0.0,-1.4509999999999952,0.0,0.0
GLU  35,R GLU  35,0.0,0.0,0.0,-0.2400000000000002,0.0,0.0,-0.045000000000001705,0.0,0.0,-0.32399999999999807,0.0,0.0,0.0,0.0,0.0,-0.6089999999999947,0.0,0.0
VAL  36,R VAL  36,0.0,0.0,0.0,-0.08300000000000018,0.0,0.0,0.10900000000000176,0.0,0.0,-0.053,0.0,0.0,0.0,0.0,0.0,-0.026999999999995694,0.0,0.0
ILE  37,R ILE  37,0.0,0.0,0.0,-0.27700000000000014,0.0,0.0,1.3540000000000134,0.0,0.0,-1.267,0.0,0.0,0.0,0.0,0.0,-0.18999999999998707,0.0,0.0
PRO  38,R PRO  38,0.0,0.0,0.0,-0.1639999999999997,0.0,0.0,1.458999999999996,0.0,0.0,-1.2750000000000004,0.0,0.0,0.0,0.0,0.0,0.019999999999994245,0.0,0.0
MET  39,R MET  39,0.0,0.0,0.0,-0.02499999999999858,0.0,0.0,0.132000000000005,0.0,0.0,-0.09299999999999997,0.0,0.0,0.0,0.0,0.0,0.014000000000013557,0.0,0.0
PHE  40,R PHE  40,0.0,0.0,0.0,-0.014999999999998792,0.0,0.0,0.24799999999999045,0.0,0.0,-0.21399999999999997,0.0,0.0,0.0,0.0,0.0,0.01899999999998947,0.0,0.0
SER  41,R SER  41,0.0,0.0,0.0,-0.01100000000000012,0.0,0.0,0.5210000000000008,0.0,0.0,-0.4780000000000002,0.0,0.0,0.0,0.0,0.0,0.03200000000000491,0.0,0.0
ALA  42,R ALA  42,0.0,0.0,0.0,-0.004000000000000448,0.0,0.0,0.22800000000000864,0.0,0.0,-0.21399999999999952,0.0,0.0,0.0,0.0,0.0,0.01000000000000334,0.0,0.0
LEU  43,R LEU  43,0.0,0.0,0.0,-0.0039999999999995595,0.0,0.0,0.13100000000000023,0.0,0.0,-0.11600000000000055,0.0,0.0,0.0,0.0,0.0,0.01099999999999568,0.0,0.0
SER  44,R SER  44,0.0,0.0,0.0,-0.0019999999999997797,0.0,0.0,0.16400000000000148,0.0,0.0,-0.15399999999999991,0.0,0.0,0.0,0.0,0.0,0.007999999999992013,0.0,0.0
GLU  45,R GLU  45,0.0,0.0,0.0,-0.0030000000000001137,0.0,0.0,6.600000000000001,0.0,0.0,-6.603999999999999,0.0,0.0,0.0,0.0,0.0,-0.006999999999997897,0.0,0.0
GLY  46,R GLY  46,0.0,0.0,0.0,0.0,0.0,0.0,-0.06199999999999761,0.0,0.0,0.06400000000000006,0.0,0.0,0.0,0.0,0.0,0.0020000000000024443,0.0,0.0
ALA  47,R ALA  47,0.0,0.0,0.0,0.0,0.0,0.0,0.0759999999999934,0.0,0.0,-0.07599999999999996,0.0,0.0,0.0,0.0,0.0,-6.217248937900877e-15,0.0,0.0
THR  48,R THR  48,0.0,0.0,0.0,-0.0009999999999994458,0.0,0.0,-0.0030000000000001137,0.0,0.0,0.0020000000000000018,0.0,0.0,0.0,0.0,0.0,-0.002000000000005109,0.0,0.0
PRO  49,R PRO  49,0.0,0.0,0.0,-0.0009999999999994458,0.0,0.0,0.00999999999999801,0.0,0.0,-0.008999999999999994,0.0,0.0,0.0,0.0,0.0,7.105427357601002e-15,0.0,0.0
GLN  50,R GLN  50,0.0,0.0,0.0,0.0,0.0,0.0,0.024999999999991473,0.0,0.0,-0.02799999999999958,0.0,0.0,0.0,0.0,0.0,-0.003000000000007219,0.0,0.0
ASP  51,R ASP  51,0.0,0.0,0.0,-0.001000000000000334,0.0,0.0,6.293000000000006,0.0,0.0,-6.269000000000002,0.0,0.0,0.0,0.0,0.0,0.023000000000010346,0.0,0.0
LEU  52,R LEU  52,0.0,0.0,0.0,-0.0019999999999988916,0.0,0.0,0.005000000000009663,0.0,0.0,0.010999999999999982,0.0,0.0,0.0,0.0,0.0,0.014000000000013557,0.0,0.0
ASN  53,R ASN  53,0.0,0.0,0.0,-0.0009999999999994458,0.0,0.0,0.13400000000000034,0.0,0.0,-0.133,0.0,0.0,0.0,0.0,0.0,-1.4210854715202004e-14,0.0,0.0
THR  54,R THR  54,0.0,0.0,0.0,-0.001000000000000334,0.0,0.0,-0.001999999999995339,0.0,0.0,-0.0020000000000000018,0.0,0.0,0.0,0.0,0.0,-0.004999999999999005,0.0,0.0
MET  55,R MET  55,0.0,0.0,0.0,-0.0030000000000001137,0.0,0.0,0.016999999999995907,0.0,0.0,-0.02699999999999997,0.0,0.0,0.0,0.0,0.0,-0.013000000000018552,0.0,0.0
LEU  56,R LEU  56,0.0,0.0,0.0,-0.002000000000000668,0.0,0.0,0.02400000000000091,0.0,0.0,-0.028999999999999915,0.0,0.0,0.0,0.0,0.0,-0.0070000000000014495,0.0,0.0
ASN  57,R ASN  57,0.0,0.0,0.0,-0.001000000000000334,0.0,0.0,0.1039999999999992,0.0,0.0,-0.10499999999999865,0.0,0.0,0.0,0.0,0.0,-0.001999999999995339,0.0,0.0
THR  58,R THR  58,0.0,0.0,0.0,-0.001000000000000334,0.0,0.0,-0.02199999999999136,0.0,0.0,0.01200000000000001,0.0,0.0,0.0,0.0,0.0,-0.010999999999997456,0.0,0.0
VAL  59,R VAL  59,0.0,0.0,0.0,-0.0030000000000001137,0.0,0.0,0.054000000000002046,0.0,0.0,-0.05900000000000005,0.0,0.0,0.0,0.0,0.0,-0.00799999999999823,0.0,0.0
ALA  60,R ALA  60,0.0,0.0,0.0,-0.001000000000000334,0.0,0.0,0.11999999999999744,0.0,0.0,-0.11999999999999966,0.0,0.0,0.0,0.0,0.0,-0.0010000000000083276,0.0,0.0
PRO  61,R PRO  61,0.0,0.0,0.0,-0.001000000000000334,0.0,0.0,0.11200000000000188,0.0,0.0,-0.10899999999999999,0.0,0.0,0.0,0.0,0.0,0.0020000000000131024,0.0,0.0
HID  62,R HID  62,0.0,0.0,0.0,-0.004000000000000448,0.0,0.0,-0.13400000000000034,0.0,0.0,0.12400000000000055,0.0,0.0,0.0,0.0,0.0,-0.014000000000004675,0.0,0.0
GLN  63,R GLN  63,0.0,0.0,0.0,-0.0019999999999997797,0.0,0.0,-0.09100000000000108,0.0,0.0,0.08200000000000074,0.0,0.0,0.0,0.0,0.0,-0.011000000000002785,0.0,0.0
ALA  64,R ALA  64,0.0,0.0,0.0,-0.0030000000000001137,0.0,0.0,0.09199999999999875,0.0,0.0,-0.09399999999999986,0.0,0.0,0.0,0.0,0.0,-0.005000000000000782,0.0,0.0
ALA  65,R ALA  65,0.0,0.0,0.0,-0.005000000000000782,0.0,0.0,0.15500000000000114,0.0,0.0,-0.16599999999999993,0.0,0.0,0.0,0.0,0.0,-0.015999999999993797,0.0,0.0
ALA  66,R ALA  66,0.0,0.0,0.0,-0.0030000000000001137,0.0,0.0,0.10800000000000409,0.0,0.0,-0.11499999999999999,0.0,0.0,0.0,0.0,0.0,-0.00999999999998158,0.0,0.0
GLN  67,R GLN  67,0.0,0.0,0.0,-0.0030000000000001137,0.0,0.0,-0.18500000000000227,0.0,0.0,0.1800000000000006,0.0,0.0,0.0,0.0,0.0,-0.008000000000002672,0.0,0.0
MET  68,R MET  68,0.0,0.0,0.0,-0.0259999999999998,0.0,0.0,-0.0799999999999983,0.0,0.0,0.035999999999999976,0.0,0.0,0.0,0.0,0.0,-0.06999999999999407,0.0,0.0
LEU  69,R LEU  69,0.0,0.0,0.0,-0.009999999999999787,0.0,0.0,0.13700000000000045,0.0,0.0,-0.14100000000000024,0.0,0.0,0.0,0.0,0.0,-0.014000000000004675,0.0,0.0
LYS  70,R LYS  70,0.0,0.0,0.0,-0.0030000000000001137,0.0,0.0,-7.820999999999998,0.0,0.0,7.792,0.0,0.0,0.0,0.0,0.0,-0.03200000000001246,0.0,0.0
GLU  71,R GLU  71,0.0,0.0,0.0,-0.004999999999999893,0.0,0.0,10.700999999999993,0.0,0.0,-10.637999999999991,0.0,0.0,0.0,0.0,0.0,0.058000000000006935,0.0,0.0
THR  72,R THR  72,0.0,0.0,0.0,-0.006999999999999673,0.0,0.0,0.17600000000000193,0.0,0.0,-0.18000000000000016,0.0,0.0,0.0,0.0,0.0,-0.01099999999999568,0.0,0.0
ILE  73,R ILE  73,0.0,0.0,0.0,-0.0030000000000001137,0.0,0.0,0.045999999999999375,0.0,0.0,-0.04499999999999993,0.0,0.0,0.0,0.0,0.0,-0.002000000000000668,0.0,0.0
ASN  74,R ASN  74,0.0,0.0,0.0,-0.001000000000000334,0.0,0.0,-0.11200000000000898,0.0,0.0,0.11000000000000121,0.0,0.0,0.0,0.0,0.0,-0.0030000000000001137,0.0,0.0
GLU  75,R GLU  75,0.0,0.0,0.0,-0.0030000000000001137,0.0,0.0,10.180999999999997,0.0,0.0,-10.135999999999996,0.0,0.0,0.0,0.0,0.0,0.04200000000000159,0.0,0.0
GLU  76,R GLU  76,0.0,0.0,0.0,-0.0039999999999995595,0.0,0.0,10.177,0.0,0.0,-10.161999999999992,0.0,0.0,0.0,0.0,0.0,0.01100000000000989,0.0,0.0
ALA  77,R ALA  77,0.0,0.0,0.0,-0.001000000000000334,0.0,0.0,-0.05100000000000193,0.0,0.0,0.050999999999999934,0.0,0.0,0.0,0.0,0.0,-0.0010000000000067732,0.0,0.0
ALA  78,R ALA  78,0.0,0.0,0.0,0.0,0.0,0.0,-0.12999999999999545,0.0,0.0,0.129,0.0,0.0,0.0,0.0,0.0,-0.000999999999995893,0.0,0.0
GLU  79,R GLU  79,0.0,0.0,0.0,-0.0009999999999994458,0.0,0.0,9.900000000000006,0.0,0.0,-9.861999999999995,0.0,0.0,0.0,0.0,0.0,0.03700000000000614,0.0,0.0
TRP  80,R TRP  80,0.0,0.0,0.0,-0.002000000000000668,0.0,0.0,0.04399999999999693,0.0,0.0,-0.04000000000000001,0.0,0.0,0.0,0.0,0.0,0.0019999999999873452,0.0,0.0
ASP  81,R ASP  81,0.0,0.0,0.0,-0.0009999999999994458,0.0,0.0,7.325000000000003,0.0,0.0,-7.322000000000003,0.0,0.0,0.0,0.0,0.0,0.001999999999995339,0.0,0.0
ARG  82,R ARG  82,0.0,0.0,0.0,-0.0010000000000012221,0.0,0.0,-8.848,0.0,0.0,8.812999999999999,0.0,0.0,0.0,0.0,0.0,-0.03599999999997294,0.0,0.0
LEU  83,R LEU  83,0.0,0.0,0.0,-0.001000000000000334,0.0,0.0,-0.09099999999999397,0.0,0.0,0.0930000000000002,0.0,0.0,0.0,0.0,0.0,0.0010000000000083276,0.0,0.0
HID  84,R HID  84,0.0,0.0,0.0,-0.0009999999999994458,0.0,0.0,-0.05700000000000216,0.0,0.0,0.056999999999999496,0.0,0.0,0.0,0.0,0.0,-0.0010000000000083276,0.0,0.0
PRO  85,R PRO  85,0.0,0.0,0.0,0.0,0.0,0.0,0.019000000000005457,0.0,0.0,-0.02200000000000024,0.0,0.0,0.0,0.0,0.0,-0.0029999999999930083,0.0,0.0
VAL  86,R VAL  86,0.0,0.0,0.0,-0.001000000000000334,0.0,0.0,0.032999999999994145,0.0,0.0,-0.031000000000000583,0.0,0.0,0.0,0.0,0.0,0.000999999999995893,0.0,0.0
HID  87,R HID  87,0.0,0.0,0.0,-0.0009999999999994458,0.0,0.0,-0.0010000000000047748,0.0,0.0,0.002000000000000668,0.0,0.0,0.0,0.0,0.0,3.552713678800501e-15,0.0,0.0
ALA  88,R ALA  88,0.0,0.0,0.0,0.0,0.0,0.0,0.003999999999990678,0.0,0.0,-0.0030000000000001137,0.0,0.0,0.0,0.0,0.0,0.000999999999990564,0.0,0.0
GLY  89,R GLY  89,0.0,0.0,0.0,0.0,0.0,0.0,0.08800000000000807,0.0,0.0,-0.08899999999999952,0.0,0.0,0.0,0.0,0.0,-0.000999999999990564,0.0,0.0
PRO  90,R PRO  90,0.0,0.0,0.0,0.0,0.0,0.0,0.05700000000000216,0.0,0.0,-0.05600000000000005,0.0,0.0,0.0,0.0,0.0,0.0010000000000012221,0.0,0.0
ILE  91,R ILE  91,0.0,0.0,0.0,0.0,0.0,0.0,-0.08099999999999596,0.0,0.0,0.07899999999999974,0.0,0.0,0.0,0.0,0.0,-0.001999999999995339,0.0,0.0
ALA  92,R ALA  92,0.0,0.0,0.0,0.0,0.0,0.0,0.021000000000000796,0.0,0.0,-0.020999999999999908,0.0,0.0,0.0,0.0,0.0,1.7763568394002505e-15,0.0,0.0
PRO  93,R PRO  93,0.0,0.0,0.0,-0.0009999999999998899,0.0,0.0,0.07399999999999807,0.0,0.0,-0.07199999999999918,0.0,0.0,0.0,0.0,0.0,0.0009999999999941167,0.0,0.0
GLY  94,R GLY  94,0.0,0.0,0.0,0.0,0.0,0.0,0.04899999999999238,0.0,0.0,-0.04699999999999971,0.0,0.0,0.0,0.0,0.0,0.0019999999999926743,0.0,0.0
GLN  95,R GLN  95,0.0,0.0,0.0,0.0,0.0,0.0,-0.14699999999999136,0.0,0.0,0.14700000000000024,0.0,0.0,0.0,0.0,0.0,1.4210854715202004e-14,0.0,0.0
MET  96,R MET  96,0.0,0.0,0.0,0.0,0.0,0.0,0.038000000000010914,0.0,0.0,-0.03599999999999959,0.0,0.0,0.0,0.0,0.0,0.002000000000011326,0.0,0.0
ARG  97,R ARG  97,0.0,0.0,0.0,0.0,0.0,0.0,-6.338000000000001,0.0,0.0,6.309999999999999,0.0,0.0,0.0,0.0,0.0,-0.02800000000002001,0.0,0.0
GLU  98,R GLU  98,0.0,0.0,0.0,0.0,0.0,0.0,6.783999999999999,0.0,0.0,-6.734999999999999,0.0,0.0,0.0,0.0,0.0,0.04899999999999949,0.0,0.0
PRO  99,R PRO  99,0.0,0.0,0.0,-0.0009999999999994458,0.0,0.0,0.06099999999999994,0.0,0.0,-0.06300000000000017,0.0,0.0,0.0,0.0,0.0,-0.0030000000000054428,0.0,0.0
ARG 100,R ARG 100,0.0,0.0,0.0,-0.0010000000000012221,0.0,0.0,-6.989000000000001,0.0,0.0,6.978999999999999,0.0,0.0,0.0,0.0,0.0,-0.010999999999967258,0.0,0.0
GLY 101,R GLY 101,0.0,0.0,0.0,0.0,0.0,0.0,0.009999999999990905,0.0,0.0,-0.010000000000000009,0.0,0.0,0.0,0.0,0.0,-1.0658141036401503e-14,0.0,0.0
SER 102,R SER 102,0.0,0.0,0.0,0.0,0.0,0.0,-0.0030000000000001137,0.0,0.0,0.0039999999999995595,0.0,0.0,0.0,0.0,0.0,0.0009999999999994458,0.0,0.0
ASP 103,R ASP 103,0.0,0.0,0.0,0.0,0.0,0.0,6.581999999999994,0.0,0.0,-6.565999999999995,0.0,0.0,0.0,0.0,0.0,0.015999999999998238,0.0,0.0
ILE 104,R ILE 104,0.0,0.0,0.0,-0.0009999999999994458,0.0,0.0,-0.0940000000000012,0.0,0.0,0.09699999999999998,0.0,0.0,0.0,0.0,0.0,0.0020000000000077733,0.0,0.0
ALA 105,R ALA 105,0.0,0.0,0.0,0.0,0.0,0.0,-0.03900000000000148,0.0,0.0,0.040000000000000036,0.0,0.0,0.0,0.0,0.0,0.0009999999999985576,0.0,0.0
GLY 106,R GLY 106,0.0,0.0,0.0,0.0,0.0,0.0,-0.05700000000000216,0.0,0.0,0.05799999999999994,0.0,0.0,0.0,0.0,0.0,0.0009999999999976694,0.0,0.0
THR 107,R THR 107,0.0,0.0,0.0,-0.001000000000000334,0.0,0.0,-0.09100000000000108,0.0,0.0,0.09299999999999997,0.0,0.0,0.0,0.0,0.0,0.0010000000000012221,0.0,0.0
THR 108,R THR 108,0.0,0.0,0.0,0.0,0.0,0.0,-0.012000000000000455,0.0,0.0,0.0129999999999999,0.0,0.0,0.0,0.0,0.0,0.0009999999999976694,0.0,0.0
SER 109,R SER 109,0.0,0.0,0.0,0.0,0.0,0.0,0.03100000000000591,0.0,0.0,-0.03200000000000003,0.0,0.0,0.0,0.0,0.0,-0.0009999999999941167,0.0,0.0
THR 110,R THR 110,0.0,0.0,0.0,0.0,0.0,0.0,0.054999999999999716,0.0,0.0,-0.05600000000000005,0.0,0.0,0.0,0.0,0.0,-0.0009999999999994458,0.0,0.0
LEU 111,R LEU 111,0.0,0.0,0.0,0.0,0.0,0.0,0.0519999999999996,0.0,0.0,-0.052999999999999936,0.0,0.0,0.0,0.0,0.0,-0.0009999999999994458,0.0,0.0
GLN 112,R GLN 112,0.0,0.0,0.0,0.0,0.0,0.0,0.021000000000000796,0.0,0.0,-0.01899999999999835,0.0,0.0,0.0,0.0,0.0,0.0020000000000024443,0.0,0.0
GLU 113,R GLU 113,0.0,0.0,0.0,0.0,0.0,0.0,6.198999999999998,0.0,0.0,-6.153000000000006,0.0,0.0,0.0,0.0,0.0,0.04599999999999227,0.0,0.0
GLN 114,R GLN 114,0.0,0.0,0.0,-0.0010000000000012221,0.0,0.0,0.07700000000001239,0.0,0.0,-0.07699999999999996,0.0,0.0,0.0,0.0,0.0,-0.000999999999990564,0.0,0.0
ILE 115,R ILE 115,0.0,0.0,0.0,0.0,0.0,0.0,0.07000000000000739,0.0,0.0,-0.07100000000000017,0.0,0.0,0.0,0.0,0.0,-0.0009999999999932285,0.0,0.0
GLY 116,R GLY 116,0.0,0.0,0.0,0.0,0.0,0.0,0.028999999999996362,0.0,0.0,-0.028000000000000025,0.0,0.0,0.0,0.0,0.0,0.0009999999999963372,0.0,0.0
TRP 117,R TRP 117,0.0,0.0,0.0,0.0,0.0,0.0,0.04600000000000648,0.0,0.0,-0.04599999999999993,0.0,0.0,0.0,0.0,0.0,7.105427357601002e-15,0.0,0.0
MET 118,R MET 118,0.0,0.0,0.0,0.0,0.0,0.0,0.04000000000000625,0.0,0.0,-0.0389999999999997,0.0,0.0,0.0,0.0,0.0,0.0010000000000065512,0.0,0.0
THR 119,R THR 119,0.0,0.0,0.0,-0.0009999999999994458,0.0,0.0,-0.04099999999999682,0.0,0.0,0.041999999999999815,0.0,0.0,0.0,0.0,0.0,3.552713678800501e-15,0.0,0.0
HID 120,R HID 120,0.0,0.0,0.0,0.0,0.0,0.0,-0.025000000000005684,0.0,0.0,0.02300000000000013,0.0,0.0,0.0,0.0,0.0,-0.0020000000000042206,0.0,0.0
ASN 121,R ASN 121,0.0,0.0,0.0,-0.0009999999999998899,0.0,0.0,0.03300000000000125,0.0,0.0,-0.03200000000000003,0.0,0.0,0.0,0.0,0.0,7.105427357601002e-15,0.0,0.0
PRO 122,R PRO 122,0.0,0.0,0.0,0.0,0.0,0.0,-0.08699999999999619,0.0,0.0,0.0900000000000003,0.0,0.0,0.0,0.0,0.0,0.0030000000000036664,0.0,0.0
PRO 123,R PRO 123,0.0,0.0,0.0,0.0,0.0,0.0,0.06800000000000495,0.0,0.0,-0.06799999999999962,0.0,0.0,0.0,0.0,0.0,5.329070518200751e-15,0.0,0.0
ILE 124,R ILE 124,0.0,0.0,0.0,0.0,0.0,0.0,-0.07699999999999818,0.0,0.0,0.07900000000000007,0.0,0.0,0.0,0.0,0.0,0.0020000000000024443,0.0,0.0
PRO 125,R PRO 125,0.0,0.0,0.0,-0.001000000000000334,0.0,0.0,0.04000000000000625,0.0,0.0,-0.04300000000000004,0.0,0.0,0.0,0.0,0.0,-0.003999999999983572,0.0,0.0
VAL 126,R VAL 126,0.0,0.0,0.0,-0.0009999999999994458,0.0,0.0,0.10199999999999676,0.0,0.0,-0.10700000000000001,0.0,0.0,0.0,0.0,0.0,-0.006000000000007333,0.0,0.0
GLY 127,R GLY 127,0.0,0.0,0.0,-0.0009999999999994458,0.0,0.0,0.05299999999999727,0.0,0.0,-0.05700000000000005,0.0,0.0,0.0,0.0,0.0,-0.005000000000007887,0.0,0.0
GLU 128,R GLU 128,0.0,0.0,0.0,-0.0019999999999988916,0.0,0.0,7.391999999999996,0.0,0.0,-7.400999999999996,0.0,0.0,0.0,0.0,0.0,-0.01100000000000989,0.0,0.0
ILE 129,R ILE 129,0.0,0.0,0.0,-0.0019999999999988916,0.0,0.0,0.10599999999999454,0.0,0.0,-0.11199999999999999,0.0,0.0,0.0,0.0,0.0,-0.008000000000000895,0.0,0.0
TYR 130,R TYR 130,0.0,0.0,0.0,-0.0029999999999983373,0.0,0.0,0.1629999999999967,0.0,0.0,-0.16999999999999998,0.0,0.0,0.0,0.0,0.0,-0.01000000000000334,0.0,0.0
LYS 131,R LYS 131,0.0,0.0,0.0,-0.006000000000000227,0.0,0.0,-6.905000000000001,0.0,0.0,6.907,0.0,0.0,0.0,0.0,0.0,-0.004000000000001336,0.0,0.0
ARG 132,R ARG 132,0.0,0.0,0.0,-0.014999999999998792,0.0,0.0,-8.042999999999996,0.0,0.0,8.071,0.0,0.0,0.0,0.0,0.0,0.01300000000000523,0.0,0.0
TRP 133,R TRP 133,0.0,0.0,0.0,-0.007999999999999119,0.0,0.0,0.09399999999999409,0.0,0.0,-0.11199999999999999,0.0,0.0,0.0,0.0,0.0,-0.026000000000001577,0.0,0.0
ILE 134,R ILE 134,0.0,0.0,0.0,-0.009999999999999787,0.0,0.0,0.17100000000000648,0.0,0.0,-0.23,0.0,0.0,0.0,0.0,0.0,-0.06899999999999862,0.0,0.0
ILE 135,R ILE 135,0.0,0.0,0.0,-0.05200000000000138,0.0,0.0,0.0,0.0,0.0,-0.16,0.0,0.0,0.0,0.0,0.0,-0.21199999999999175,0.0,0.0
LEU 136,R LEU 136,0.0,0.0,0.0,-0.05400000000000027,0.0,0.0,0.27299999999999613,0.0,0.0,-0.34599999999999986,0.0,0.0,0.0,0.0,0.0,-0.1269999999999989,0.0,0.0
GLY 137,R GLY 137,0.0,0.0,0.0,-0.028999999999999915,0.0,0.0,0.46100000000001273,0.0,0.0,-0.55,0.0,0.0,0.0,0.0,0.0,-0.11799999999998434,0.0,0.0
LEU 138,R LEU 138,0.0,0.0,0.0,-0.16000000000000014,0.0,0.0,0.22499999999999432,0.0,0.0,-0.47300000000000003,0.0,0.0,0.0,0.0,0.0,-0.408000000000003,0.0,0.0
ASN 139,R ASN 139,0.0,0.0,0.0,0.5,0.0,0.0,-4.433000000000007,0.0,0.0,1.152000000000001,0.0,0.0,0.0,0.0,0.0,-2.781000000000006,0.0,0.0
LYS 140,R LYS 140,0.0,0.0,0.0,-0.3849999999999998,0.0,0.0,-11.472000000000008,0.0,0.0,11.572000000000001,0.0,0.0,0.0,0.0,0.0,-0.28499999999999837,0.0,0.0
ILE 141,R ILE 141,0.0,0.0,0.0,-0.13899999999999935,0.0,0.0,1.0250000000000057,0.0,0.0,-0.808,0.0,0.0,0.0,0.0,0.0,0.07800000000001006,0.0,0.0
VAL 142,R VAL 142,0.0,0.0,0.0,-2.0249999999999995,0.0,0.0,1.1799999999999997,0.0,0.0,-0.5120000000000002,0.0,0.0,0.0,0.0,0.0,-1.3569999999999993,0.0,0.0
ARG 143,R ARG 143,0.0,0.0,0.0,-3.668,0.0,0.0,-27.778999999999996,0.0,0.0,29.022,0.0,0.0,0.0,0.0,0.0,-2.424999999999983,0.0,0.0
MET 144,R MET 144,0.0,0.0,0.0,-0.1269999999999989,0.0,0.0,0.6629999999999967,0.0,0.0,-0.577,0.0,0.0,0.0,0.0,0.0,-0.04099999999999859,0.0,0.0
TYR 145,R TYR 145,0.0,0.0,0.0,-0.14100000000000001,0.0,0.0,-0.695999999999998,0.0,0.0,0.4949999999999992,0.0,0.0,0.0,0.0,0.0,-0.3419999999999881,0.0,0.0
SER 146,R SER 146,0.0,0.0,0.0,-0.8560000000000008,0.0,0.0,-1.090999999999994,0.0,0.0,1.658,0.0,0.0,0.0,0.0,0.0,-0.28900000000000325,0.0,0.0
PRO 147,R PRO 147,0.0,0.0,0.0,-0.6579999999999999,0.0,0.0,0.8699999999999974,0.0,0.0,0.694,0.0,0.0,0.0,0.0,0.0,0.9059999999999953,0.0,0.0
THR 148,R THR 148,0.0,0.0,0.0,-2.141,0.0,0.0,0.12300000000000466,0.0,0.0,2.0009999999999994,0.0,0.0,0.0,0.0,0.0,-0.017000000000001236,0.0,0.0
SER 149,R SER 149,0.0,0.0,0.0,-3.437,0.0,0.0,-6.757999999999996,0.0,0.0,9.42,0.0,0.0,0.0,0.0,0.0,-0.7749999999999932,0.0,0.0
ILE 150,R ILE 150,20.152,0.0,0.0,-9.217,0.0,0.0,-28.396,0.0,0.0,8.351,0.0,0.0,0.0,0.0,0.0,-9.11,0.0,0.0
LEU 151,L LEU   1,21.003,0.0,0.0,-2.446,0.0,0.0,-25.510999999999996,0.0,0.0,1.487,0.0,0.0,0.0,0.0,0.0,-5.466999999999994,0.0,0.0
ASP 152,L ASP   2,0.0,0.0,0.0,-2.3600000000000003,0.0,0.0,7.131,0.0,0.0,-4.747,0.0,0.0,0.0,0.0,0.0,0.02400000000000091,0.0,0.0
ILE 153,L ILE   3,0.0,0.0,0.0,-2.456999999999999,0.0,0.0,-0.7240000000000038,0.0,0.0,0.5940000000000001,0.0,0.0,0.0,0.0,0.0,-2.586999999999998,0.0,0.0
ARG 154,L ARG   4,0.0,0.0,0.0,-0.13199999999999967,0.0,0.0,-9.610000000000003,0.0,0.0,9.53,0.0,0.0,0.0,0.0,0.0,-0.21199999999998909,0.0,0.0
GLN 155,L GLN   5,0.0,0.0,0.0,-0.017999999999998906,0.0,0.0,-0.0730000000000075,0.0,0.0,0.08499999999999996,0.0,0.0,0.0,0.0,0.0,-0.006000000000000227,0.0,0.0
GLY 156,L GLY   6,0.0,0.0,0.0,-0.0050000000000003375,0.0,0.0,-0.08699999999998909,0.0,0.0,0.09499999999999975,0.0,0.0,0.0,0.0,0.0,0.0030000000000152127,0.0,0.0
PRO 157,L PRO   7,0.0,0.0,0.0,-0.0040000000000000036,0.0,0.0,-0.09799999999999898,0.0,0.0,0.09500000000000064,0.0,0.0,0.0,0.0,0.0,-0.006999999999990791,0.0,0.0
LYS 158,L LYS   8,0.0,0.0,0.0,-0.0019999999999997797,0.0,0.0,-7.530000000000001,0.0,0.0,7.4959999999999996,0.0,0.0,0.0,0.0,0.0,-0.036000000000011134,0.0,0.0
GLU 159,L GLU   9,0.0,0.0,0.0,-0.012000000000000455,0.0,0.0,10.415999999999997,0.0,0.0,-10.308999999999997,0.0,0.0,0.0,0.0,0.0,0.09499999999999886,0.0,0.0
PRO 160,L PRO  10,0.0,0.0,0.0,-0.0039999999999995595,0.0,0.0,0.22700000000000387,0.0,0.0,-0.19899999999999984,0.0,0.0,0.0,0.0,0.0,0.023999999999999133,0.0,0.0
PHE 161,L PHE  11,0.0,0.0,0.0,-0.011000000000001009,0.0,0.0,0.18899999999999295,0.0,0.0,-0.19300000000000006,0.0,0.0,0.0,0.0,0.0,-0.015000000000004121,0.0,0.0
ARG 162,L ARG  12,0.0,0.0,0.0,-0.008000000000000895,0.0,0.0,-8.431999999999995,0.0,0.0,8.439,0.0,0.0,0.0,0.0,0.0,-0.0010000000000047748,0.0,0.0
ASP 163,L ASP  13,0.0,0.0,0.0,-0.01499999999999968,0.0,0.0,10.194999999999993,0.0,0.0,-10.204000000000008,0.0,0.0,0.0,0.0,0.0,-0.02400000000001512,0.0,0.0
TYR 164,L TYR  14,0.0,0.0,0.0,-0.09999999999999787,0.0,0.0,0.48099999999999454,0.0,0.0,-0.255,0.0,0.0,0.0,0.0,0.0,0.12599999999999945,0.0,0.0
VAL 165,L VAL  15,0.0,0.0,0.0,-0.03700000000000081,0.0,0.0,0.08299999999999841,0.0,0.0,-0.05300000000000005,0.0,0.0,0.0,0.0,0.0,-0.0070000000000014495,0.0,0.0
ASP 166,L ASP  16,0.0,0.0,0.0,-0.051000000000000156,0.0,0.0,11.225999999999999,0.0,0.0,-11.227000000000004,0.0,0.0,0.0,0.0,0.0,-0.05200000000000671,0.0,0.0
ARG 167,L ARG  17,0.0,0.0,0.0,-0.277000000000001,0.0,0.0,-11.850000000000001,0.0,0.0,11.502,0.0,0.0,0.0,0.0,0.0,-0.625,0.0,0.0
PHE 168,L PHE  18,0.0,0.0,0.0,-1.1319999999999997,0.0,0.0,-0.20900000000000318,0.0,0.0,0.34,0.0,0.0,0.0,0.0,0.0,-1.0010000000000074,0.0,0.0
TYR 169,L TYR  19,0.0,0.0,0.0,-0.2350000000000012,0.0,0.0,-0.0870000000000033,0.0,0.0,0.08799999999999997,0.0,0.0,0.0,0.0,0.0,-0.23400000000001686,0.0,0.0
LYS 170,L LYS  20,0.0,0.0,0.0,-0.3899999999999997,0.0,0.0,-12.768,0.0,0.0,12.927,0.0,0.0,0.0,0.0,0.0,-0.23100000000001586,0.0,0.0
THR 171,L THR  21,0.0,0.0,0.0,-2.6189999999999998,0.0,0.0,1.3240000000000052,0.0,0.0,0.19499999999999984,0.0,0.0,0.0,0.0,0.0,-1.0999999999999943,0.0,0.0
LEU 172,L LEU  22,0.0,0.0,0.0,-1.1739999999999995,0.0,0.0,-0.44899999999999807,0.0,0.0,0.45599999999999996,0.0,0.0,0.0,0.0,0.0,-1.1669999999999972,0.0,0.0
ARG 173,L ARG  23,0.0,0.0,0.0,-2.279,0.0,0.0,-9.843000000000004,0.0,0.0,12.524999999999999,0.0,0.0,0.0,0.0,0.0,0.40299999999996317,0.0,0.0
ALA 174,L ALA  24,0.0,0.0,0.0,-2.987,0.0,0.0,-1.8029999999999973,0.0,0.0,3.5820000000000003,0.0,0.0,0.0,0.0,0.0,-1.208000000000006,0.0,0.0
GLU 175,L GLU  25,0.0,0.0,0.0,-2.7219999999999995,0.0,0.0,-4.445999999999998,0.0,0.0,8.147000000000006,0.0,0.0,0.0,0.0,0.0,0.9790000000000134,0.0,0.0
GLN 176,L GLN  26,0.0,0.0,0.0,-2.4599999999999995,0.0,0.0,-5.35799999999999,0.0,0.0,4.745,0.0,0.0,0.0,0.0,0.0,-3.0729999999999933,0.0,0.0
ALA 177,L ALA  27,0.0,0.0,0.0,-0.19199999999999928,0.0,0.0,0.26599999999999113,0.0,0.0,-0.2460000000000001,0.0,0.0,0.0,0.0,0.0,-0.17200000000000149,0.0,0.0
SER 178,L SER  28,0.0,0.0,0.0,-0.05200000000000049,0.0,0.0,-0.4230000000000018,0.0,0.0,0.35000000000000053,0.0,0.0,0.0,0.0,0.0,-0.125000000000008,0.0,0.0
GLN 179,L GLN  29,0.0,0.0,0.0,-0.02600000000000069,0.0,0.0,-0.06500000000000483,0.0,0.0,0.06900000000000084,0.0,0.0,0.0,0.0,0.0,-0.022000000000012676,0.0,0.0
GLU 180,L GLU  30,0.0,0.0,0.0,-0.01899999999999924,0.0,0.0,9.335999999999999,0.0,0.0,-9.322000000000003,0.0,0.0,0.0,0.0,0.0,-0.0049999999999954525,0.0,0.0
VAL 181,L VAL  31,0.0,0.0,0.0,-0.09000000000000075,0.0,0.0,0.17600000000000193,0.0,0.0,-0.17799999999999994,0.0,0.0,0.0,0.0,0.0,-0.09200000000000053,0.0,0.0
LYS 182,L LYS  32,0.0,0.0,0.0,-0.09600000000000009,0.0,0.0,-7.259,0.0,0.0,7.471,0.0,0.0,0.0,0.0,0.0,0.1159999999999961,0.0,0.0
ASN 183,L ASN  33,0.0,0.0,0.0,-0.013999999999999346,0.0,0.0,-0.03699999999999193,0.0,0.0,0.05400000000000027,0.0,0.0,0.0,0.0,0.0,0.0030000000000143245,0.0,0.0
TRP 184,L TRP  34,0.0,0.0,0.0,-0.0470000000000006,0.0,0.0,0.0519999999999925,0.0,0.0,-0.02400000000000002,0.0,0.0,0.0,0.0,0.0,-0.019000000000001904,0.0,0.0
MET 185,L MET  35,0.0,0.0,0.0,-0.527000000000001,0.0,0.0,0.11299999999999955,0.0,0.0,0.142,0.0,0.0,0.0,0.0,0.0,-0.272000000000002,0.0,0.0
THR 186,L THR  36,0.0,0.0,0.0,-0.030000000000001137,0.0,0.0,0.10000000000000142,0.0,0.0,-0.05999999999999994,0.0,0.0,0.0,0.0,0.0,0.010000000000001563,0.0,0.0
GLU 187,L GLU  37,0.0,0.0,0.0,-0.008999999999999453,0.0,0.0,8.205000000000005,0.0,0.0,-8.113,0.0,0.0,0.0,0.0,0.0,0.08300000000000551,0.0,0.0
THR 188,L THR  38,0.0,0.0,0.0,-0.017999999999999794,0.0,0.0,0.05600000000000449,0.0,0.0,-0.03499999999999992,0.0,0.0,0.0,0.0,0.0,0.003000000000010772,0.0,0.0
LEU 189,L LEU  39,0.0,0.0,0.0,-0.8579999999999988,0.0,0.0,0.0730000000000075,0.0,0.0,-0.1180000000000001,0.0,0.0,0.0,0.0,0.0,-0.9029999999999969,0.0,0.0
LEU 190,L LEU  40,0.0,0.0,0.0,-0.06999999999999851,0.0,0.0,0.14700000000000557,0.0,0.0,-0.08500000000000019,0.0,0.0,0.0,0.0,0.0,-0.008000000000002672,0.0,0.0
VAL 191,L VAL  41,0.0,0.0,0.0,-0.010999999999999233,0.0,0.0,0.02499999999999858,0.0,0.0,-0.027000000000000024,0.0,0.0,0.0,0.0,0.0,-0.012999999999998124,0.0,0.0
GLN 192,L GLN  42,0.0,0.0,0.0,-0.021000000000000796,0.0,0.0,0.03200000000000358,0.0,0.0,-0.11900000000000155,0.0,0.0,0.0,0.0,0.0,-0.10799999999998988,0.0,0.0
ASN 193,L ASN  43,0.0,0.0,0.0,-0.19399999999999906,0.0,0.0,-1.1950000000000074,0.0,0.0,0.18600000000000003,0.0,0.0,0.0,0.0,0.0,-1.2030000000000172,0.0,0.0
ALA 194,L ALA  44,0.0,0.0,0.0,-0.009000000000000341,0.0,0.0,-0.014000000000010004,0.0,0.0,0.027000000000000135,0.0,0.0,0.0,0.0,0.0,0.003999999999990678,0.0,0.0
ASN 195,L ASN  45,0.0,0.0,0.0,-0.0039999999999995595,0.0,0.0,0.07500000000000284,0.0,0.0,-0.06599999999999984,0.0,0.0,0.0,0.0,0.0,0.005000000000009663,0.0,0.0
PRO 196,L PRO  46,0.0,0.0,0.0,-0.001000000000000334,0.0,0.0,-0.0020000000000024443,0.0,0.0,0.002000000000000224,0.0,0.0,0.0,0.0,0.0,-0.0010000000000083276,0.0,0.0
ASP 197,L ASP  47,0.0,0.0,0.0,-0.001000000000000334,0.0,0.0,7.040000000000006,0.0,0.0,-6.995999999999995,0.0,0.0,0.0,0.0,0.0,0.04300000000002058,0.0,0.0
CYX 198,L CYX  48,0.0,0.0,0.0,-0.0019999999999997797,0.0,0.0,-0.0350000000000108,0.0,0.0,-0.007000000000000117,0.0,0.0,0.0,0.0,0.0,-0.04400000000002002,0.0,0.0
LYS 199,L LYS  49,0.0,0.0,0.0,-0.0039999999999995595,0.0,0.0,-8.178000000000011,0.0,0.0,7.994000000000001,0.0,0.0,0.0,0.0,0.0,-0.1880000000000308,0.0,0.0
THR 200,L THR  50,0.0,0.0,0.0,-0.0009999999999994458,0.0,0.0,0.04700000000000415,0.0,0.0,-0.04600000000000026,0.0,0.0,0.0,0.0,0.0,0.0,0.0,0.0
ILE 201,L ILE  51,0.0,0.0,0.0,-0.001000000000000334,0.0,0.0,-0.02499999999999858,0.0,0.0,0.061000000000000054,0.0,0.0,0.0,0.0,0.0,0.0350000000000108,0.0,0.0
LEU 202,L LEU  52,0.0,0.0,0.0,-0.005000000000000782,0.0,0.0,-0.030000000000001137,0.0,0.0,0.04400000000000004,0.0,0.0,0.0,0.0,0.0,0.009000000000003894,0.0,0.0
LYS 203,L LYS  53,0.0,0.0,0.0,-0.002000000000000668,0.0,0.0,-7.274000000000001,0.0,0.0,7.182999999999996,0.0,0.0,0.0,0.0,0.0,-0.09299999999999997,0.0,0.0
ALA 204,L ALA  54,0.0,0.0,0.0,-0.001000000000000334,0.0,0.0,-0.0030000000000001137,0.0,0.0,0.011999999999999567,0.0,0.0,0.0,0.0,0.0,0.007999999999994678,0.0,0.0
LEU 205,L LEU  55,0.0,0.0,0.0,-0.0019999999999997797,0.0,0.0,-0.04099999999999682,0.0,0.0,0.05600000000000005,0.0,0.0,0.0,0.0,0.0,0.013000000000008782,0.0,0.0
GLY 206,L GLY  56,0.0,0.0,0.0,-0.0009999999999998899,0.0,0.0,0.03499999999999659,0.0,0.0,-0.043999999999999595,0.0,0.0,0.0,0.0,0.0,-0.010000000000008669,0.0,0.0
PRO 207,L PRO  57,0.0,0.0,0.0,-0.0030000000000001137,0.0,0.0,0.05999999999999517,0.0,0.0,-0.06599999999999984,0.0,0.0,0.0,0.0,0.0,-0.009000000000003894,0.0,0.0
GLY 208,L GLY  58,0.0,0.0,0.0,-0.001000000000000112,0.0,0.0,0.041999999999994486,0.0,0.0,-0.04499999999999993,0.0,0.0,0.0,0.0,0.0,-0.004000000000010218,0.0,0.0
ALA 209,L ALA  59,0.0,0.0,0.0,-0.0019999999999997797,0.0,0.0,0.049000000000006594,0.0,0.0,-0.04499999999999993,0.0,0.0,0.0,0.0,0.0,0.001999999999997115,0.0,0.0
THR 210,L THR  60,0.0,0.0,0.0,-0.0039999999999995595,0.0,0.0,-0.05999999999999517,0.0,0.0,0.05600000000000005,0.0,0.0,0.0,0.0,0.0,-0.00799999999999379,0.0,0.0
LEU 211,L LEU  61,0.0,0.0,0.0,-0.016000000000000014,0.0,0.0,-0.06299999999998818,0.0,0.0,0.06099999999999994,0.0,0.0,0.0,0.0,0.0,-0.017999999999993577,0.0,0.0
GLU 212,L GLU  62,0.0,0.0,0.0,-0.005000000000000782,0.0,0.0,9.0,0.0,0.0,-9.004000000000005,0.0,0.0,0.0,0.0,0.0,-0.009000000000000341,0.0,0.0
GLU 213,L GLU  63,0.0,0.0,0.0,-0.0019999999999997797,0.0,0.0,8.036999999999999,0.0,0.0,-8.058000000000007,0.0,0.0,0.0,0.0,0.0,-0.02300000000000324,0.0,0.0
MET 214,L MET  64,0.0,0.0,0.0,-0.007999999999999119,0.0,0.0,-0.060000000000002274,0.0,0.0,0.03599999999999992,0.0,0.0,0.0,0.0,0.0,-0.031999999999997364,0.0,0.0
MET 215,L MET  65,0.0,0.0,0.0,-0.008000000000000895,0.0,0.0,-0.010000000000005116,0.0,0.0,0.0050000000000001155,0.0,0.0,0.0,0.0,0.0,-0.013000000000014111,0.0,0.0
THR 216,L THR  66,0.0,0.0,0.0,-0.0019999999999997797,0.0,0.0,-0.1280000000000001,0.0,0.0,0.15600000000000058,0.0,0.0,0.0,0.0,0.0,0.025999999999998025,0.0,0.0
ALA 217,L ALA  67,0.0,0.0,0.0,-0.001000000000000334,0.0,0.0,-0.10599999999999454,0.0,0.0,0.15200000000000014,0.0,0.0,0.0,0.0,0.0,0.04500000000000082,0.0,0.0
CYX 218,L CYX  68,0.0,0.0,0.0,-0.0009999999999994458,0.0,0.0,0.05700000000000216,0.0,0.0,-0.028000000000000025,0.0,0.0,0.0,0.0,0.0,0.028000000000011127,0.0,0.0
GLN 219,L GLN  69,0.0,0.0,0.0,-0.0009999999999998899,0.0,0.0,0.058000000000006935,0.0,0.0,-0.06599999999999895,0.0,0.0,0.0,0.0,0.0,-0.008999999999993236,0.0,0.0
GLY 220,L GLY  70,0.0,0.0,0.0,0.0,0.0,0.0,-0.12299999999999045,0.0,0.0,0.12599999999999945,0.0,0.0,0.0,0.0,0.0,0.0030000000000089955,0.0,0.0
VAL 221,L VAL  71,0.0,0.0,0.0,-0.0009999999999998899,0.0,0.0,7.204000000000008,0.0,0.0,-7.176000000000002,0.0,0.0,0.0,0.0,0.0,0.027000000000015234,0.0,0.0

