| Run on Thu Jan 29 15:39:23 2026
| GB non-polar solvation energies calculated with gbsa=2
idecomp = 1: Per-residue decomp adding 1-4 interactions to Internal.
Energy Decomposition Analysis (All units kcal/mol): Generalized Born solvent
Complex:
Total Energy Decomposition:
Residue,Internal,,,van der Waals,,,Electrostatic,,,Polar Solvation,,,Non-Polar Solv.,,,TOTAL,,
,Avg.,Std. Dev.,Std. Err. of Mean,Avg.,Std. Dev.,Std. Err. of Mean,Avg.,Std. Dev.,Std. Err. of Mean,Avg.,Std. Dev.,Std. Err. of Mean,Avg.,Std. Dev.,Std. Err. of Mean,Avg.,Std. Dev.,Std. Err. of Mean
PRO   1,99.84,0.0,0.0,-6.857,0.0,0.0,-106.249,0.0,0.0,9.072,1.1920928955078125e-07,1.1920928955078125e-07,0.20038282,0.0,0.0,-3.9936171799999918,0.0,0.0
ILE   2,91.211,0.0,0.0,-7.957,0.0,0.0,-66.465,0.0,0.0,-3.431,0.0,0.0,0.1340366,0.0,0.0,13.4920366,0.0,0.0
VAL   3,61.743,0.0,0.0,-5.045,0.0,0.0,-58.645,0.0,0.0,-1.682,0.0,0.0,0.45736128000000004,0.0,0.0,-3.1716387200000025,0.0,0.0
GLN   4,28.449,0.0,0.0,-6.412,0.0,0.0,-60.769,0.0,0.0,-14.084,0.0,0.0,0.63959794,0.0,0.0,-52.17640206,0.0,0.0
ASN   5,40.849,0.0,0.0,-6.579,0.0,0.0,-79.454,0.0,0.0,-13.409,0.0,0.0,0.36942178000000003,0.0,0.0,-58.22357821999999,0.0,0.0
LEU   6,80.406,0.0,0.0,-2.781,0.0,0.0,-72.955,0.0,0.0,-8.397,0.0,0.0,1.05914388,0.0,0.0,-2.667856119999999,0.0,0.0
GLN   7,36.833,0.0,0.0,-5.432,0.0,0.0,-69.011,0.0,0.0,-19.789,0.0,0.0,0.78063718,0.0,0.0,-56.61836282,0.0,0.0
GLY   8,78.287,0.0,0.0,-3.156,0.0,0.0,-73.442,0.0,0.0,-5.186,0.0,0.0,0.27735766,0.0,0.0,-3.219642339999993,0.0,0.0
GLN   9,39.148,0.0,0.0,-7.297,0.0,0.0,-76.812,0.0,0.0,-12.225,0.0,0.0,0.5951485200000001,0.0,0.0,-56.59085148,0.0,0.0
MET  10,97.887,0.0,0.0,-8.723,0.0,0.0,-76.629,0.0,0.0,-7.52,0.0,0.0,0.27859884,0.0,0.0,5.293598839999997,0.0,0.0
VAL  11,49.659,0.0,0.0,-4.934,0.0,0.0,-48.481,0.0,0.0,-2.886,0.0,0.0,0.2576126,0.0,0.0,-6.3843874000000005,0.0,0.0
HID  12,98.759,0.0,0.0,-10.587,0.0,0.0,-67.129,0.0,0.0,-7.359,0.0,0.0,0.35596392000000004,0.0,0.0,14.039963919999993,0.0,0.0
GLN  13,40.108,0.0,0.0,-5.706,0.0,0.0,-75.71,0.0,0.0,-9.701,0.0,0.0,0.45991410000000005,0.0,0.0,-50.5490859,0.0,0.0
ALA  14,99.426,0.0,0.0,-4.226,0.0,0.0,-84.808,0.0,0.0,-1.348,0.0,0.0,0.42208792000000006,0.0,0.0,9.466087919999996,0.0,0.0
ILE  15,96.558,0.0,0.0,-9.468,0.0,0.0,-75.566,0.0,0.0,-4.796,0.0,0.0,0.06648172000000001,0.0,0.0,6.79448172,0.0,0.0
SER  16,67.493,0.0,0.0,-5.539,0.0,0.0,-49.663,0.0,0.0,-8.289,0.0,0.0,0.26569924,0.0,0.0,4.267699239999997,0.0,0.0
PRO  17,88.501,0.0,0.0,-3.411,0.0,0.0,-59.412,0.0,0.0,-5.728,0.0,0.0,0.55696462,0.0,0.0,20.50696462,0.0,0.0
ARG  18,-185.217,0.0,0.0,-6.187,0.0,0.0,65.339,0.0,0.0,-49.364,0.0,0.0,1.15544644,0.0,0.0,-174.27355356000004,0.0,0.0
THR  19,43.716,0.0,0.0,-6.236,0.0,0.0,-51.2,0.0,0.0,-8.17,0.0,0.0,0.34389358000000003,0.0,0.0,-21.54610642,0.0,0.0
LEU  20,59.539,0.0,0.0,-10.92,0.0,0.0,-60.989,0.0,0.0,-3.172,0.0,0.0,0.09094218000000001,0.0,0.0,-15.451057819999997,0.0,0.0
ASN  21,31.954,0.0,0.0,-5.016,0.0,0.0,-85.912,0.0,0.0,-13.665,0.0,0.0,0.5215449200000001,0.0,0.0,-72.11745508000001,0.0,0.0
ALA  22,94.479,0.0,0.0,-4.399,0.0,0.0,-81.382,0.0,0.0,-2.989,0.0,0.0,0.35297208,0.0,0.0,6.061972079999993,0.0,0.0
TRP  23,135.321,0.0,0.0,-17.765,0.0,0.0,-91.765,0.0,0.0,-6.634,0.0,0.0,0.028352020000000002,0.0,0.0,19.185352019999996,0.0,0.0
VAL  24,61.17,0.0,0.0,-7.998,0.0,0.0,-53.192,0.0,0.0,-5.378,0.0,0.0,0.23090826000000003,0.0,0.0,-5.1670917399999965,0.0,0.0
LYS  25,130.53,0.0,0.0,-4.734,0.0,0.0,-163.181,0.0,0.0,19.737,0.0,0.0,0.66673046,0.0,0.0,-16.981269540000007,0.0,0.0
VAL  26,65.887,0.0,0.0,-6.924,0.0,0.0,-62.578,0.0,0.0,-5.829,0.0,0.0,0.17974346,0.0,0.0,-9.264256540000003,0.0,0.0
VAL  27,44.978,0.0,0.0,-9.001,0.0,0.0,-44.144,4.76837158203125e-07,4.76837158203125e-07,-4.832,0.0,0.0,0.03345224,0.0,0.0,-12.965547759999994,0.0,0.0
GLU  28,97.791,0.0,0.0,-5.229,0.0,0.0,-63.806,0.0,0.0,-81.469,0.0,0.0,0.48936096,0.0,0.0,-52.223639039999995,0.0,0.0
GLU  29,108.376,0.0,0.0,-5.429,0.0,0.0,-34.763,0.0,0.0,-114.252,0.0,0.0,0.8201544000000001,0.0,0.0,-45.2478456,0.0,0.0
LYS  30,117.44,0.0,0.0,-8.2,0.0,0.0,-144.293,0.0,0.0,16.658,0.0,0.0,0.4561743000000001,0.0,0.0,-17.93882570000001,0.0,0.0
ALA  31,87.258,0.0,0.0,-4.165,0.0,0.0,-78.218,0.0,0.0,-3.721,0.0,0.0,0.11576578000000001,0.0,0.0,1.2697657799999857,0.0,0.0
PHE  32,105.311,0.0,0.0,-11.322,0.0,0.0,-79.986,0.0,0.0,-4.413,0.0,0.0,0.01895374,0.0,0.0,9.60895374,0.0,0.0
SER  33,88.839,0.0,0.0,-7.427,0.0,0.0,-70.34,0.0,0.0,-4.211,0.0,0.0,0.06417822,0.0,0.0,6.925178220000002,0.0,0.0
PRO  34,76.542,0.0,0.0,-7.305,0.0,0.0,-55.274,0.0,0.0,-2.388,0.0,0.0,0.32505908,0.0,0.0,11.900059079999995,0.0,0.0
GLU  35,99.889,0.0,0.0,-6.418,0.0,0.0,-85.978,0.0,0.0,-63.242,0.0,0.0,0.56983712,0.0,0.0,-55.17916288,0.0,0.0
VAL  36,54.843,0.0,0.0,-9.167,0.0,0.0,-59.034,0.0,0.0,-0.193,0.0,0.0,0.0,0.0,0.0,-13.550999999999997,0.0,0.0
ILE  37,89.7,0.0,0.0,-9.055,0.0,0.0,-59.696,0.0,0.0,-0.945,0.0,0.0,0.22483786,0.0,0.0,20.228837860000013,0.0,0.0
PRO  38,86.474,0.0,0.0,-6.481,0.0,0.0,-58.372,0.0,0.0,-3.517,0.0,0.0,0.48485152000000004,0.0,0.0,18.58885152000001,0.0,0.0
MET  39,88.327,0.0,0.0,-8.261,0.0,0.0,-69.08,0.0,0.0,-5.121,0.0,0.0,0.48459136,0.0,0.0,6.349591360000003,0.0,0.0
PHE  40,103.202,0.0,0.0,-13.81,0.0,0.0,-83.684,0.0,0.0,-1.574,0.0,0.0,0.0040921,0.0,0.0,4.138092099999999,0.0,0.0
SER  41,58.02,0.0,0.0,-7.644,0.0,0.0,-47.357,0.0,0.0,-7.26,0.0,0.0,0.19821482,0.0,0.0,-4.042785179999994,0.0,0.0
ALA  42,88.795,0.0,0.0,-5.003,0.0,0.0,-69.413,0.0,0.0,-4.431,0.0,0.0,0.39810442,0.0,0.0,10.346104420000003,0.0,0.0
LEU  43,85.845,0.0,0.0,-9.292,0.0,0.0,-83.17,0.0,0.0,-2.987,0.0,0.0,0.13842138,0.0,0.0,-9.465578620000004,0.0,0.0
SER  44,75.592,0.0,0.0,-7.835,0.0,0.0,-75.204,0.0,0.0,-0.269,0.0,0.0,0.0,0.0,0.0,-7.715999999999989,0.0,0.0
GLU  45,100.584,0.0,0.0,-6.366,0.0,0.0,-71.116,0.0,0.0,-74.945,0.0,0.0,0.65776578,0.0,0.0,-51.18523421999999,0.0,0.0
GLY  46,67.529,0.0,0.0,-3.718,0.0,0.0,-67.349,0.0,0.0,-0.084,0.0,0.0,0.13552168,0.0,0.0,-3.486478320000011,0.0,0.0
ALA  47,98.144,0.0,0.0,-7.491,0.0,0.0,-86.137,0.0,0.0,-3.77,0.0,0.0,0.01253104,0.0,0.0,0.7585310400000054,0.0,0.0
THR  48,55.331,0.0,0.0,-9.218,0.0,0.0,-58.623,0.0,0.0,-1.485,0.0,0.0,0.0162329,0.0,0.0,-13.978767099999997,0.0,0.0
PRO  49,78.942,0.0,0.0,-9.739,0.0,0.0,-54.975,0.0,0.0,-1.003,0.0,0.0,0.01253104,0.0,0.0,13.237531039999988,0.0,0.0
GLN  50,28.307,0.0,0.0,-7.063,0.0,0.0,-70.572,0.0,0.0,-10.87,0.0,0.0,0.70863248,0.0,0.0,-59.48936752,0.0,0.0
ASP  51,90.802,0.0,0.0,-11.219,0.0,0.0,-122.707,0.0,0.0,-19.526,0.0,0.0,0.01021128,0.0,0.0,-62.63978871999998,0.0,0.0
LEU  52,66.103,0.0,0.0,-13.446,0.0,0.0,-69.349,0.0,0.0,-0.491,0.0,0.0,0.0,0.0,0.0,-17.183000000000007,0.0,0.0
ASN  53,31.392,0.0,0.0,-7.578,0.0,0.0,-101.001,0.0,0.0,-3.248,0.0,0.0,0.13091468,0.0,0.0,-80.30408532000001,0.0,0.0
THR  54,55.415,0.0,0.0,-6.385,0.0,0.0,-70.883,0.0,0.0,-0.211,0.0,0.0,0.2137919,0.0,0.0,-21.850208099999993,0.0,0.0
MET  55,84.249,0.0,0.0,-12.533,0.0,0.0,-66.016,0.0,0.0,-1.349,0.0,0.0,0.00072086,0.0,0.0,4.351720859999989,0.0,0.0
LEU  56,60.408,0.0,0.0,-8.813,0.0,0.0,-63.709,0.0,0.0,-2.913,0.0,0.0,0.07733256000000001,0.0,0.0,-14.949667440000004,0.0,0.0
ASN  57,31.256,0.0,0.0,-6.18,0.0,0.0,-87.502,0.0,0.0,-12.381,0.0,0.0,0.56299708,0.0,0.0,-74.24400291999999,0.0,0.0
THR  58,61.858,0.0,0.0,-6.377,0.0,0.0,-65.63,0.0,0.0,-4.975,0.0,0.0,0.19764030000000002,0.0,0.0,-14.9263597,0.0,0.0
VAL  59,50.48,0.0,0.0,-7.535,0.0,0.0,-46.525,0.0,0.0,-1.449,0.0,0.0,0.0014363000000000002,0.0,0.0,-5.027563700000005,0.0,0.0
ALA  60,93.994,0.0,0.0,-4.137,0.0,0.0,-66.817,0.0,0.0,-2.09,0.0,0.0,0.299997,0.0,0.0,21.249997000000008,0.0,0.0
PRO  61,80.915,0.0,0.0,-6.154,0.0,0.0,-56.784,0.0,0.0,-3.942,0.0,0.0,0.39115598,0.0,0.0,14.426155980000011,0.0,0.0
HID  62,97.949,0.0,0.0,-9.187,0.0,0.0,-71.738,0.0,0.0,-5.719,0.0,0.0,0.17816082000000003,0.0,0.0,11.48316082,0.0,0.0
GLN  63,32.064,0.0,0.0,-7.667,0.0,0.0,-63.758,0.0,0.0,-13.819,0.0,0.0,0.3926248,0.0,0.0,-52.78737520000001,0.0,0.0
ALA  64,86.206,0.0,0.0,-4.928,0.0,0.0,-70.896,0.0,0.0,-5.845,0.0,0.0,0.30322732,0.0,0.0,4.840227320000006,0.0,0.0
ALA  65,94.065,0.0,0.0,-6.935,0.0,0.0,-77.134,0.0,0.0,-2.448,0.0,0.0,0.042601200000000006,0.0,0.0,7.590601199999995,0.0,0.0
ALA  66,94.272,0.0,0.0,-6.295,0.0,0.0,-83.209,0.0,0.0,-1.053,0.0,0.0,0.06074194000000001,0.0,0.0,3.775741940000001,0.0,0.0
GLN  67,35.405,0.0,0.0,-7.595,0.0,0.0,-81.035,0.0,0.0,-7.377,0.0,0.0,0.55482372,0.0,0.0,-60.047176279999995,0.0,0.0
MET  68,95.373,0.0,0.0,-8.541,0.0,0.0,-76.648,0.0,0.0,-1.979,0.0,0.0,0.3610804,0.0,0.0,8.566080400000013,0.0,0.0
LEU  69,87.616,0.0,0.0,-11.304,0.0,0.0,-83.414,0.0,0.0,-2.721,0.0,0.0,0.01540906,0.0,0.0,-9.807590940000004,0.0,0.0
LYS  70,123.54,0.0,0.0,-8.182,0.0,0.0,-115.982,0.0,0.0,-22.268,0.0,0.0,0.6349475800000001,0.0,0.0,-22.257052419999997,0.0,0.0
GLU  71,112.177,0.0,0.0,-6.84,0.0,0.0,-69.299,0.0,0.0,-88.1,0.0,0.0,0.5100491,0.0,0.0,-51.551950899999994,0.0,0.0
THR  72,50.333,0.0,0.0,-8.621,0.0,0.0,-54.134,0.0,0.0,-6.795,0.0,0.0,0.10911002,0.0,0.0,-19.107889980000007,0.0,0.0
ILE  73,74.459,0.0,0.0,-8.325,0.0,0.0,-55.644,0.0,0.0,-2.935,0.0,0.0,0.01152834,0.0,0.0,7.566528340000001,0.0,0.0
ASN  74,18.331,0.0,0.0,-6.842,0.0,0.0,-79.249,0.0,0.0,-8.469,0.0,0.0,0.36168202,0.0,0.0,-75.86731797999998,0.0,0.0
GLU  75,107.201,0.0,0.0,-5.983,0.0,0.0,-42.25,0.0,0.0,-107.939,0.0,0.0,0.5757991200000001,0.0,0.0,-48.395200880000004,0.0,0.0
GLU  76,102.192,0.0,0.0,-9.977,0.0,0.0,-79.713,0.0,0.0,-62.929,0.0,0.0,0.14745652,0.0,0.0,-50.27954348000001,0.0,0.0
ALA  77,82.86,0.0,0.0,-7.869,0.0,0.0,-70.185,0.0,0.0,-1.378,0.0,0.0,0.06290452,0.0,0.0,3.4909045199999973,0.0,0.0
ALA  78,90.812,0.0,0.0,-4.054,0.0,0.0,-85.397,0.0,0.0,0.546,0.0,0.0,0.30955788,0.0,0.0,2.21655787999999,0.0,0.0
GLU  79,108.529,0.0,0.0,-7.791,0.0,0.0,-78.397,0.0,0.0,-76.052,0.0,0.0,0.39377384000000004,0.0,0.0,-53.31722616000001,0.0,0.0
TRP  80,112.508,0.0,0.0,-14.771,0.0,0.0,-85.702,0.0,0.0,-4.106,0.0,0.0,0.43499294000000005,0.0,0.0,8.363992939999997,0.0,0.0
ASP  81,118.145,0.0,0.0,-8.364,0.0,0.0,-87.109,0.0,0.0,-74.239,0.0,0.0,0.28863126,0.0,0.0,-51.278368740000005,0.0,0.0
ARG  82,-200.517,0.0,0.0,-5.011,0.0,0.0,-3.614,0.0,0.0,27.898,0.0,0.0,1.07344184,0.0,0.0,-180.17055816,0.0,0.0
LEU  83,73.411,0.0,0.0,-5.666,0.0,0.0,-74.613,0.0,0.0,-3.37,0.0,0.0,0.7225944,0.0,0.0,-9.515405599999996,0.0,0.0
HID  84,117.779,0.0,0.0,-7.891,0.0,0.0,-74.783,0.0,0.0,-9.909,0.0,0.0,0.35150326,0.0,0.0,25.547503259999992,0.0,0.0
PRO  85,90.037,0.0,0.0,-3.226,0.0,0.0,-62.691,0.0,0.0,-7.216,0.0,0.0,0.67779268,0.0,0.0,17.581792680000003,0.0,0.0
VAL  86,53.09,0.0,0.0,-2.644,0.0,0.0,-54.588,0.0,0.0,-3.766,0.0,0.0,0.6113868400000001,0.0,0.0,-7.296613159999996,0.0,0.0
HID  87,90.892,0.0,0.0,-6.582,0.0,0.0,-59.297,0.0,0.0,-11.148,0.0,0.0,0.5369052000000001,0.0,0.0,14.401905200000005,0.0,0.0
ALA  88,86.132,0.0,0.0,-1.682,0.0,0.0,-70.804,0.0,0.0,-6.717,0.0,0.0,0.71757006,0.0,0.0,7.646570060000001,0.0,0.0
GLY  89,93.645,0.0,0.0,-2.2,0.0,0.0,-79.441,0.0,0.0,-5.796,0.0,0.0,0.25183488,0.0,0.0,6.45983487999999,0.0,0.0
PRO  90,86.049,0.0,0.0,-2.826,0.0,0.0,-60.087,0.0,0.0,-6.188,0.0,0.0,0.69144024,0.0,0.0,17.63944024000001,0.0,0.0
ILE  91,79.128,0.0,0.0,-5.575,0.0,0.0,-60.908,0.0,0.0,-4.973,0.0,0.0,0.41062462,0.0,0.0,8.082624619999995,0.0,0.0
ALA  92,93.326,0.0,0.0,-3.005,0.0,0.0,-68.968,0.0,0.0,-4.741,0.0,0.0,0.28028988,0.0,0.0,16.892289879999996,0.0,0.0
PRO  93,82.123,0.0,0.0,-2.573,0.0,0.0,-57.976,0.0,0.0,-6.279,0.0,0.0,0.7771629600000001,0.0,0.0,16.072162960000014,0.0,0.0
GLY  94,70.99,0.0,0.0,-1.904,0.0,0.0,-66.286,0.0,0.0,-6.677,0.0,0.0,0.5327589,0.0,0.0,-3.3442411000000023,0.0,0.0
GLN  95,39.01,0.0,0.0,-5.354,0.0,0.0,-73.62,0.0,0.0,-14.373,0.0,0.0,0.68297962,0.0,0.0,-53.654020380000006,0.0,0.0
MET  96,100.431,0.0,0.0,-7.089,0.0,0.0,-71.852,0.0,0.0,-9.802,0.0,0.0,0.45418516000000003,0.0,0.0,12.142185159999995,0.0,0.0
ARG  97,-191.577,0.0,0.0,-6.627,0.0,0.0,-25.132,0.0,0.0,36.164,0.0,0.0,0.40758942,0.0,0.0,-186.76441058000003,0.0,0.0
GLU  98,107.159,0.0,0.0,-6.06,0.0,0.0,-77.478,0.0,0.0,-70.974,0.0,0.0,0.29547672,0.0,0.0,-47.05752327999999,0.0,0.0
PRO  99,92.529,0.0,0.0,-9.637,0.0,0.0,-59.519,0.0,0.0,-5.339,0.0,0.0,0.17912016000000003,0.0,0.0,18.21312016,0.0,0.0
ARG 100,-190.207,0.0,0.0,-10.624,0.0,0.0,-35.464,0.0,0.0,51.112,0.0,0.0,0.25229558,0.0,0.0,-184.93070441999998,0.0,0.0
GLY 101,78.351,0.0,0.0,-5.764,0.0,0.0,-83.554,0.0,0.0,0.575,0.0,0.0,0.007799380000000001,0.0,0.0,-10.38420062,0.0,0.0
SER 102,69.422,0.0,0.0,-6.436,0.0,0.0,-66.972,0.0,0.0,-2.439,0.0,0.0,0.20290854,0.0,0.0,-6.222091459999997,0.0,0.0
ASP 103,94.464,0.0,0.0,-7.912,0.0,0.0,-97.172,0.0,0.0,-48.262,0.0,0.0,0.01969086,0.0,0.0,-58.86230914000001,0.0,0.0
ILE 104,81.244,0.0,0.0,-11.957,0.0,0.0,-60.61,0.0,0.0,-0.647,0.0,0.0,0.0035988800000000005,0.0,0.0,8.033598880000007,0.0,0.0
ALA 105,87.721,0.0,0.0,-5.117,0.0,0.0,-77.954,0.0,0.0,-0.175,0.0,0.0,0.05028676000000001,0.0,0.0,4.5252867600000055,0.0,0.0
GLY 106,88.018,0.0,0.0,-4.78,0.0,0.0,-84.329,0.0,0.0,-4.602,0.0,0.0,0.07662796000000001,0.0,0.0,-5.616372039999995,0.0,0.0
THR 107,58.125,0.0,0.0,-4.294,0.0,0.0,-56.094,0.0,0.0,-7.772,0.0,0.0,0.65810724,0.0,0.0,-9.376892759999999,0.0,0.0
THR 108,35.9,0.0,0.0,-2.863,0.0,0.0,-52.154,0.0,0.0,-3.713,0.0,0.0,0.49101948,0.0,0.0,-22.338980520000007,0.0,0.0
SER 109,75.509,0.0,0.0,-5.845,0.0,0.0,-69.161,0.0,0.0,-2.306,0.0,0.0,0.09603698000000001,0.0,0.0,-1.7069630199999999,0.0,0.0
THR 110,25.071,0.0,0.0,-6.046,0.0,0.0,-32.35,0.0,0.0,-5.722,0.0,0.0,0.4225161,0.0,0.0,-18.6244839,0.0,0.0
LEU 111,61.94,0.0,0.0,-5.892,0.0,0.0,-66.982,0.0,0.0,-2.468,0.0,0.0,0.28410556000000003,0.0,0.0,-13.117894440000004,0.0,0.0
GLN 112,36.618,0.0,0.0,-6.449,0.0,0.0,-75.163,0.0,0.0,-14.948,0.0,0.0,0.79124954,0.0,0.0,-59.15075045999999,0.0,0.0
GLU 113,106.939,0.0,0.0,-6.301,0.0,0.0,-99.985,0.0,0.0,-50.375,0.0,0.0,0.33242486,0.0,0.0,-49.389575140000005,0.0,0.0
GLN 114,35.94,0.0,0.0,-12.105,0.0,0.0,-82.655,0.0,0.0,-2.43,0.0,0.0,0.036200180000000005,0.0,0.0,-61.213799820000006,0.0,0.0
ILE 115,82.374,0.0,0.0,-6.719,0.0,0.0,-71.635,0.0,0.0,-1.713,0.0,0.0,0.22948280000000004,0.0,0.0,2.536482799999996,0.0,0.0
GLY 116,81.63,0.0,0.0,-4.554,0.0,0.0,-77.657,0.0,0.0,-1.601,0.0,0.0,0.08780942000000001,0.0,0.0,-2.094190580000003,0.0,0.0
TRP 117,128.772,0.0,0.0,-17.99,0.0,0.0,-91.176,0.0,0.0,-3.308,0.0,0.0,0.08793408000000001,0.0,0.0,16.385934079999995,0.0,0.0
MET 118,98.855,0.0,0.0,-11.418,0.0,0.0,-80.595,0.0,0.0,-3.092,0.0,0.0,0.06231916,0.0,0.0,3.812319160000013,0.0,0.0
THR 119,39.921,0.0,0.0,-5.748,0.0,0.0,-49.018,0.0,0.0,-6.2,0.0,0.0,0.4616214,0.0,0.0,-20.5833786,0.0,0.0
HID 120,92.152,0.0,0.0,-7.358,0.0,0.0,-55.448,0.0,0.0,-14.284,0.0,0.0,0.52164248,0.0,0.0,15.583642479999996,0.0,0.0
ASN 121,53.254,0.0,0.0,-3.709,0.0,0.0,-89.203,0.0,0.0,-15.155,0.0,0.0,0.74212266,0.0,0.0,-54.07087734000001,0.0,0.0
PRO 122,96.164,0.0,0.0,-4.141,0.0,0.0,-57.63,0.0,0.0,-5.478,0.0,0.0,0.5125152000000001,0.0,0.0,29.42751519999999,0.0,0.0
PRO 123,82.777,0.0,0.0,-5.543,0.0,0.0,-58.464,0.0,0.0,-3.218,0.0,0.0,0.48525260000000003,0.0,0.0,16.037252599999995,0.0,0.0
ILE 124,88.931,0.0,0.0,-5.247,0.0,0.0,-59.527,0.0,0.0,-2.065,0.0,0.0,0.44604974000000003,0.0,0.0,22.538049739999995,0.0,0.0
PRO 125,88.32,0.0,0.0,-6.748,0.0,0.0,-62.954,0.0,0.0,-2.311,0.0,0.0,0.29683172,0.0,0.0,16.603831719999988,0.0,0.0
VAL 126,50.828,0.0,0.0,-10.384,0.0,0.0,-53.887,0.0,0.0,-2.005,0.0,0.0,0.014460560000000003,0.0,0.0,-15.433539439999997,0.0,0.0
GLY 127,72.979,0.0,0.0,-5.651,0.0,0.0,-73.683,0.0,0.0,-1.55,0.0,0.0,0.0,0.0,0.0,-7.905000000000004,0.0,0.0
GLU 128,106.431,0.0,0.0,-5.549,0.0,0.0,-103.016,0.0,0.0,-49.028,0.0,0.0,0.37210468,0.0,0.0,-50.789895320000014,0.0,0.0
ILE 129,82.133,0.0,0.0,-9.867,0.0,0.0,-64.488,0.0,0.0,-0.571,0.0,0.0,0.0862051,0.0,0.0,7.293205099999992,0.0,0.0
TYR 130,100.292,0.0,0.0,-14.962,0.0,0.0,-91.776,0.0,0.0,-1.316,0.0,0.0,0.02184802,0.0,0.0,-7.740151979999998,0.0,0.0
LYS 131,145.755,0.0,0.0,-9.319,0.0,0.0,-170.144,0.0,0.0,24.497,0.0,0.0,0.11721292000000001,0.0,0.0,-9.093787079999998,0.0,0.0
ARG 132,-190.953,0.0,0.0,-10.483,0.0,0.0,43.541,0.0,0.0,-13.517,0.0,0.0,0.6852777000000001,0.0,0.0,-170.7267223,0.0,0.0
TRP 133,129.843,0.0,0.0,-18.322,0.0,0.0,-94.172,0.0,0.0,-5.93,0.0,0.0,0.055880200000000005,0.0,0.0,11.47488019999999,0.0,0.0
ILE 134,93.088,0.0,0.0,-11.451,0.0,0.0,-70.195,0.0,0.0,-1.536,0.0,0.0,0.0017398200000000002,0.0,0.0,9.907739820000007,0.0,0.0
ILE 135,83.69,0.0,0.0,-10.846,0.0,0.0,-60.654,0.0,0.0,-1.83,0.0,0.0,0.19134768000000002,0.0,0.0,10.55134767999999,0.0,0.0
LEU 136,73.405,0.0,0.0,-8.907,0.0,0.0,-73.684,0.0,0.0,0.946,0.0,0.0,0.34804530000000006,0.0,0.0,-7.891954699999993,0.0,0.0
GLY 137,80.49,0.0,0.0,-6.38,0.0,0.0,-78.466,0.0,0.0,0.779,0.0,0.0,0.0,0.0,0.0,-3.5769999999999946,0.0,0.0
LEU 138,55.821,0.0,0.0,-13.52,0.0,0.0,-61.406,0.0,0.0,-2.232,0.0,0.0,0.0079132,0.0,0.0,-21.329086799999995,0.0,0.0
ASN 139,55.217,0.0,0.0,-8.433,0.0,0.0,-92.075,0.0,0.0,-15.176,0.0,0.0,0.30226256,0.0,0.0,-60.16473744,0.0,0.0
LYS 140,139.169,0.0,0.0,-7.647,0.0,0.0,-143.49,0.0,0.0,1.939,0.0,0.0,0.36059260000000004,0.0,0.0,-9.668407399999989,0.0,0.0
ILE 141,98.01,0.0,0.0,-11.85,0.0,0.0,-81.953,0.0,0.0,-1.164,0.0,0.0,0.0,0.0,0.0,3.043000000000008,0.0,0.0
VAL 142,53.738,0.0,0.0,-7.001,0.0,0.0,-50.257,0.0,0.0,-6.648,0.0,0.0,0.32144936,0.0,0.0,-9.846550639999995,0.0,0.0
ARG 143,-195.774,0.0,0.0,-5.936,0.0,0.0,56.046,0.0,0.0,-26.095,0.0,0.0,0.9529173000000001,0.0,0.0,-170.80608270000002,0.0,0.0
MET 144,86.401,0.0,0.0,-6.338,0.0,0.0,-72.215,0.0,0.0,-6.132,0.0,0.0,0.6092351,0.0,0.0,2.3252350999999996,0.0,0.0
TYR 145,86.622,0.0,0.0,-11.069,0.0,0.0,-83.855,0.0,0.0,-10.324,0.0,0.0,0.28622478,0.0,0.0,-18.339775220000003,0.0,0.0
SER 146,78.679,0.0,0.0,-3.528,0.0,0.0,-58.973,0.0,0.0,-7.99,0.0,0.0,0.4736809,0.0,0.0,8.661680899999997,0.0,0.0
PRO 147,85.909,0.0,0.0,-3.824,0.0,0.0,-63.94,0.0,0.0,-4.609,0.0,0.0,0.48454258000000006,0.0,0.0,14.02054258000001,0.0,0.0
THR 148,37.021,0.0,0.0,-4.847,0.0,0.0,-36.861,0.0,0.0,-12.751,0.0,0.0,0.43729102000000003,0.0,0.0,-17.000708979999995,0.0,0.0
SER 149,64.297,0.0,0.0,-6.373,0.0,0.0,-49.822,0.0,0.0,-6.781,0.0,0.0,0.28916784,0.0,0.0,1.610167839999997,0.0,0.0
ILE 150,77.468,0.0,0.0,-9.526,0.0,0.0,-59.645,0.0,0.0,1.266,0.0,0.0,0.038162220000000004,0.0,0.0,9.601162220000004,0.0,0.0
LEU 151,64.705,0.0,0.0,-5.609,0.0,0.0,-72.281,0.0,0.0,-0.153,0.0,0.0,0.5704062200000001,0.0,0.0,-12.76759378000001,0.0,0.0
ASP 152,113.575,0.0,0.0,-5.087,0.0,0.0,-80.501,0.0,0.0,-89.059,0.0,0.0,0.62670376,0.0,0.0,-60.445296240000005,0.0,0.0
ILE 153,105.167,0.0,0.0,-9.477,0.0,0.0,-75.984,0.0,0.0,-2.414,0.0,0.0,0.0640915,0.0,0.0,17.3560915,0.0,0.0
ARG 154,-188.148,0.0,0.0,-7.453,0.0,0.0,15.563,0.0,0.0,3.94,0.0,0.0,0.8487991,0.0,0.0,-175.2492009,0.0,0.0
GLN 155,32.807,0.0,0.0,-12.173,0.0,0.0,-86.618,0.0,0.0,-0.193,0.0,0.0,0.04813502000000001,0.0,0.0,-66.12886497999999,0.0,0.0
GLY 156,86.156,0.0,0.0,-2.968,0.0,0.0,-76.675,0.0,0.0,-3.687,0.0,0.0,0.14500668000000003,0.0,0.0,2.9710066800000052,0.0,0.0
PRO 157,84.034,0.0,0.0,-4.008,0.0,0.0,-52.792,0.0,0.0,-8.577,0.0,0.0,0.5687531200000001,0.0,0.0,19.22575312000001,0.0,0.0
LYS 158,115.98,0.0,0.0,-4.538,0.0,0.0,-105.584,0.0,0.0,-26.701,0.0,0.0,0.84507014,0.0,0.0,-19.997929859999996,0.0,0.0
GLU 159,110.394,0.0,0.0,-6.363,0.0,0.0,-107.564,0.0,0.0,-43.788,0.0,0.0,0.15878974,0.0,0.0,-47.16221025999998,0.0,0.0
PRO 160,79.824,0.0,0.0,-6.051,0.0,0.0,-61.086,0.0,0.0,0.379,0.0,0.0,0.21289760000000002,0.0,0.0,13.278897599999997,0.0,0.0
PHE 161,106.955,0.0,0.0,-14.725,0.0,0.0,-76.326,0.0,0.0,-2.11,0.0,0.0,0.0,0.0,0.0,13.794000000000011,0.0,0.0
ARG 162,-192.915,0.0,0.0,-6.295,0.0,0.0,-20.785,0.0,0.0,40.476,0.0,0.0,0.65280106,0.0,0.0,-178.86619893999998,0.0,0.0
ASP 163,87.182,0.0,0.0,-6.401,0.0,0.0,-49.639,0.0,0.0,-95.155,0.0,0.0,0.42600658,0.0,0.0,-63.586993420000006,0.0,0.0
TYR 164,98.217,0.0,0.0,-17.337,0.0,0.0,-97.833,0.0,0.0,-1.587,0.0,0.0,0.0,0.0,0.0,-18.540000000000003,0.0,0.0
VAL 165,50.272,0.0,0.0,-8.325,0.0,0.0,-58.407,0.0,0.0,2.069,0.0,0.0,0.06778252,0.0,0.0,-14.323217479999995,0.0,0.0
ASP 166,96.284,0.0,0.0,-6.12,0.0,0.0,-57.433,0.0,0.0,-86.485,0.0,0.0,0.5475067200000001,0.0,0.0,-53.20649328,0.0,0.0
ARG 167,-184.755,0.0,0.0,-7.465,0.0,0.0,-10.754,0.0,0.0,20.512,0.0,0.0,0.51759374,0.0,0.0,-181.94440626,0.0,0.0
PHE 168,103.371,0.0,0.0,-15.048,0.0,0.0,-81.552,0.0,0.0,-0.393,0.0,0.0,0.0,0.0,0.0,6.377999999999987,0.0,0.0
TYR 169,101.771,0.0,0.0,-12.294,0.0,0.0,-92.188,0.0,0.0,-1.319,0.0,0.0,0.3797523,0.0,0.0,-3.6502476999999987,0.0,0.0
LYS 170,139.933,0.0,0.0,-6.799,0.0,0.0,-120.147,0.0,0.0,-26.911,0.0,0.0,0.9386085000000001,0.0,0.0,-12.98539150000002,0.0,0.0
THR 171,46.84,0.0,0.0,-6.636,0.0,0.0,-60.242,0.0,0.0,-3.255,0.0,0.0,0.09168472000000001,0.0,0.0,-23.201315279999996,0.0,0.0
LEU 172,77.075,0.0,0.0,-14.233,0.0,0.0,-67.398,0.0,0.0,-3.293,0.0,0.0,0.0,0.0,0.0,-7.8489999999999975,0.0,0.0
ARG 173,-195.327,0.0,0.0,-8.61,0.0,0.0,62.457,0.0,0.0,-31.089,0.0,0.0,0.8182845,0.0,0.0,-171.7507155,0.0,0.0
ALA 174,87.005,0.0,0.0,-4.726,0.0,0.0,-77.985,0.0,0.0,-6.203,0.0,0.0,0.24122252000000002,0.0,0.0,-1.6677774800000034,0.0,0.0
GLU 175,106.796,0.0,0.0,-6.641,0.0,0.0,-45.278,0.0,0.0,-104.546,0.0,0.0,0.37554638,0.0,0.0,-49.29345362,0.0,0.0
GLN 176,29.121,0.0,0.0,-6.519,0.0,0.0,-61.431,0.0,0.0,-15.313,0.0,0.0,0.44659174000000007,0.0,0.0,-53.69540826,0.0,0.0
ALA 177,97.84,0.0,0.0,-5.964,0.0,0.0,-88.532,0.0,0.0,-0.646,0.0,0.0,0.08396664000000001,0.0,0.0,2.7819666400000083,0.0,0.0
SER 178,81.585,0.0,0.0,-5.433,0.0,0.0,-72.433,0.0,0.0,-3.472,0.0,0.0,0.310024,0.0,0.0,0.55702399999998,0.0,0.0
GLN 179,29.443,0.0,0.0,-5.042,0.0,0.0,-68.492,0.0,0.0,-9.957,0.0,0.0,0.7107408600000001,0.0,0.0,-53.33725914,0.0,0.0
GLU 180,105.464,0.0,0.0,-3.903,0.0,0.0,-89.636,0.0,0.0,-64.566,0.0,0.0,0.6183407,0.0,0.0,-52.02265930000001,0.0,0.0
VAL 181,62.875,0.0,0.0,-7.787,0.0,0.0,-61.398,0.0,0.0,-0.054,0.0,0.0,0.30806196,0.0,0.0,-6.055938040000003,0.0,0.0
LYS 182,115.942,0.0,0.0,-12.469,0.0,0.0,-119.166,0.0,0.0,-3.688,0.0,0.0,0.15587920000000002,0.0,0.0,-19.225120799999996,0.0,0.0
ASN 183,29.134,0.0,0.0,-7.848,0.0,0.0,-79.755,0.0,0.0,-13.131,0.0,0.0,0.50614128,0.0,0.0,-71.09385872,0.0,0.0
TRP 184,130.306,0.0,0.0,-11.356,0.0,0.0,-92.549,0.0,0.0,-8.259,0.0,0.0,0.9065763,0.0,0.0,19.04857630000001,0.0,0.0
MET 185,101.072,0.0,0.0,-10.343,0.0,0.0,-85.881,0.0,0.0,-0.903,0.0,0.0,0.2417049,0.0,0.0,4.186704899999999,0.0,0.0
THR 186,42.274,0.0,0.0,-7.463,0.0,0.0,-59.837,0.0,0.0,-0.375,0.0,0.0,0.0860967,0.0,0.0,-25.314903300000005,0.0,0.0
GLU 187,104.957,0.0,0.0,-5.936,0.0,0.0,-49.283,0.0,0.0,-99.606,0.0,0.0,0.8163333000000002,0.0,0.0,-49.05166670000001,0.0,0.0
THR 188,33.999,0.0,0.0,-6.033,0.0,0.0,-42.852,0.0,0.0,-4.287,0.0,0.0,0.32760106,0.0,0.0,-18.845398939999995,0.0,0.0
LEU 189,59.177,0.0,0.0,-8.782,0.0,0.0,-62.245,0.0,0.0,0.927,0.0,0.0,0.10187432,0.0,0.0,-10.821125680000002,0.0,0.0
LEU 190,84.627,0.0,0.0,-10.26,0.0,0.0,-89.156,0.0,0.0,0.789,0.0,0.0,0.0228995,0.0,0.0,-13.977100500000017,0.0,0.0
VAL 191,52.955,0.0,0.0,-5.441,0.0,0.0,-59.64,0.0,0.0,1.068,0.0,0.0,0.29876124000000004,0.0,0.0,-10.759238760000006,0.0,0.0
GLN 192,24.949,0.0,0.0,-6.381,0.0,0.0,-64.852,0.0,0.0,-9.632,0.0,0.0,0.67723442,0.0,0.0,-55.238765580000006,0.0,0.0
ASN 193,17.097,0.0,0.0,-10.549,0.0,0.0,-76.144,0.0,0.0,-3.529,0.0,0.0,0.00626552,0.0,0.0,-73.11873448,0.0,0.0
ALA 194,95.062,0.0,0.0,-6.978,0.0,0.0,-82.064,0.0,0.0,2.183,0.0,0.0,0.023268060000000004,0.0,0.0,8.22626806000001,0.0,0.0
ASN 195,46.867,0.0,0.0,-7.021,0.0,0.0,-95.498,0.0,0.0,-4.8,0.0,0.0,0.04172316,0.0,0.0,-60.41027684000001,0.0,0.0
PRO 196,80.016,0.0,0.0,-5.013,0.0,0.0,-55.337,0.0,0.0,-5.903,0.0,0.0,0.6246821,0.0,0.0,14.387682099999997,0.0,0.0
ASP 197,91.451,0.0,0.0,-6.203,0.0,0.0,-74.033,0.0,0.0,-67.764,0.0,0.0,0.43516638,0.0,0.0,-56.11383362000001,0.0,0.0
CYX 198,102.06,0.0,0.0,-8.745,0.0,0.0,-83.482,0.0,0.0,-1.557,0.0,0.0,0.021793820000000002,0.0,0.0,8.297793819999997,0.0,0.0
LYS 199,133.541,0.0,0.0,-8.849,0.0,0.0,-136.708,0.0,0.0,-11.427,0.0,0.0,0.44737222,0.0,0.0,-22.995627780000007,0.0,0.0
THR 200,45.547,0.0,0.0,-4.544,0.0,0.0,-57.178,0.0,0.0,-3.526,0.0,0.0,0.5001901200000001,0.0,0.0,-19.200809879999998,0.0,0.0
ILE 201,72.525,0.0,0.0,-4.313,0.0,0.0,-54.101,0.0,0.0,-0.891,0.0,0.0,0.42948622000000003,0.0,0.0,13.649486220000004,0.0,0.0
LEU 202,69.723,0.0,0.0,-10.648,0.0,0.0,-64.861,0.0,0.0,-5.664,0.0,0.0,0.049126880000000005,0.0,0.0,-11.400873120000002,0.0,0.0
LYS 203,122.91,0.0,0.0,-4.512,0.0,0.0,-109.869,0.0,0.0,-20.956,0.0,0.0,0.83585072,0.0,0.0,-11.591149280000003,0.0,0.0
ALA 204,85.418,0.0,0.0,-3.385,0.0,0.0,-72.822,0.0,0.0,-6.239,0.0,0.0,0.5561678800000001,0.0,0.0,3.528167879999999,0.0,0.0
LEU 205,68.407,0.0,0.0,-6.173,0.0,0.0,-69.504,0.0,0.0,-6.98,0.0,0.0,0.37727536000000006,0.0,0.0,-13.87272464000001,0.0,0.0
GLY 206,91.961,0.0,0.0,-2.28,0.0,0.0,-75.721,0.0,0.0,-8.145,0.0,0.0,0.17156468,0.0,0.0,5.9865646799999945,0.0,0.0
PRO 207,78.267,0.0,0.0,-2.233,0.0,0.0,-51.825,0.0,0.0,-10.809,0.0,0.0,0.8341705200000001,0.0,0.0,14.23417051999999,0.0,0.0
GLY 208,65.265,0.0,0.0,-1.702,0.0,0.0,-62.534,0.0,0.0,-7.682,0.0,0.0,0.50352342,0.0,0.0,-6.149476579999996,0.0,0.0
ALA 209,99.11,0.0,0.0,-4.716,0.0,0.0,-89.337,0.0,0.0,-3.351,0.0,0.0,0.12439442,0.0,0.0,1.8303944200000022,0.0,0.0
THR 210,45.217,0.0,0.0,-3.643,0.0,0.0,-54.135,0.0,0.0,-3.009,0.0,0.0,0.49459126000000003,0.0,0.0,-15.07540874,0.0,0.0
LEU 211,59.55,0.0,0.0,-7.268,0.0,0.0,-61.715,0.0,0.0,-1.947,0.0,0.0,0.38226176000000006,0.0,0.0,-10.997738240000006,0.0,0.0
GLU 212,107.683,0.0,0.0,-5.379,0.0,0.0,-86.325,0.0,0.0,-73.933,0.0,0.0,0.5482655200000001,0.0,0.0,-57.40573448000001,0.0,0.0
GLU 213,101.271,0.0,0.0,-6.37,0.0,0.0,-62.027,0.0,0.0,-89.627,0.0,0.0,0.46116612,0.0,0.0,-56.29183388,0.0,0.0
MET 214,91.858,0.0,0.0,-12.187,0.0,0.0,-76.067,0.0,0.0,-1.83,0.0,0.0,0.14237256,0.0,0.0,1.9163725600000134,0.0,0.0
MET 215,105.481,0.0,0.0,-11.933,0.0,0.0,-82.156,0.0,0.0,-4.793,0.0,0.0,0.09419418000000002,0.0,0.0,6.693194179999995,0.0,0.0
THR 216,39.423,0.0,0.0,-5.717,0.0,0.0,-49.306,0.0,0.0,-6.772,0.0,0.0,0.5746826,0.0,0.0,-21.797317399999994,0.0,0.0
ALA 217,75.763,0.0,0.0,-6.187,0.0,0.0,-62.289,0.0,0.0,-4.075,0.0,0.0,0.13965714,0.0,0.0,3.351657140000006,0.0,0.0
CYX 218,98.746,0.0,0.0,-7.829,0.0,0.0,-82.017,0.0,0.0,-1.319,0.0,0.0,0.03926248,0.0,0.0,7.620262480000005,0.0,0.0
GLN 219,37.998,0.0,0.0,-6.054,0.0,0.0,-68.245,0.0,0.0,-15.634,0.0,0.0,0.73042088,0.0,0.0,-51.20457912000001,0.0,0.0
GLY 220,101.286,0.0,0.0,-3.727,0.0,0.0,-86.312,0.0,0.0,-5.889,0.0,0.0,0.12214512000000001,0.0,0.0,5.4801451199999995,0.0,0.0
VAL 221,30.412,0.0,0.0,-2.545,0.0,0.0,-20.759,0.0,0.0,-97.729,0.0,0.0,0.95807714,0.0,0.0,-89.66292286000001,0.0,0.0

Receptor:
Total Energy Decomposition:
Residue,Internal,,,van der Waals,,,Electrostatic,,,Polar Solvation,,,Non-Polar Solv.,,,TOTAL,,
,Avg.,Std. Dev.,Std. Err. of Mean,Avg.,Std. Dev.,Std. Err. of Mean,Avg.,Std. Dev.,Std. Err. of Mean,Avg.,Std. Dev.,Std. Err. of Mean,Avg.,Std. Dev.,Std. Err. of Mean,Avg.,Std. Dev.,Std. Err. of Mean
PRO   1,99.84,0.0,0.0,-6.857,0.0,0.0,-100.304,0.0,0.0,3.127,0.0,0.0,0.20038282,0.0,0.0,-3.993617179999998,0.0,0.0
ILE   2,91.211,0.0,0.0,-7.957,0.0,0.0,-66.512,0.0,0.0,-3.384,0.0,0.0,0.1340366,0.0,0.0,13.492036600000004,0.0,0.0
VAL   3,61.743,0.0,0.0,-5.044,0.0,0.0,-58.638,0.0,0.0,-1.688,0.0,0.0,0.45736128000000004,0.0,0.0,-3.1696387199999925,0.0,0.0
GLN   4,28.449,0.0,0.0,-6.411,0.0,0.0,-60.799,0.0,0.0,-14.054,0.0,0.0,0.63959794,0.0,0.0,-52.175402059999996,0.0,0.0
ASN   5,40.849,0.0,0.0,-6.579,0.0,0.0,-79.403,0.0,0.0,-13.46,0.0,0.0,0.36942178000000003,0.0,0.0,-58.22357822000001,0.0,0.0
LEU   6,80.406,0.0,0.0,-2.781,0.0,0.0,-72.935,0.0,0.0,-8.417,0.0,0.0,1.05914388,0.0,0.0,-2.6678561200000024,0.0,0.0
GLN   7,36.833,0.0,0.0,-5.432,0.0,0.0,-68.995,0.0,0.0,-19.805,0.0,0.0,0.78063718,0.0,0.0,-56.61836282000001,0.0,0.0
GLY   8,78.287,0.0,0.0,-3.156,0.0,0.0,-73.422,0.0,0.0,-5.206,0.0,0.0,0.27735766,0.0,0.0,-3.2196423399999974,0.0,0.0
GLN   9,39.148,0.0,0.0,-7.297,0.0,0.0,-76.882,0.0,0.0,-12.155,0.0,0.0,0.5951485200000001,0.0,0.0,-56.590851480000005,0.0,0.0
MET  10,97.887,0.0,0.0,-8.722,0.0,0.0,-76.586,0.0,0.0,-7.563,0.0,0.0,0.27859884,0.0,0.0,5.294598840000008,0.0,0.0
VAL  11,49.659,0.0,0.0,-4.934,0.0,0.0,-48.495,0.0,0.0,-2.872,0.0,0.0,0.2576126,0.0,0.0,-6.384387399999996,0.0,0.0
HID  12,98.759,0.0,0.0,-10.587,0.0,0.0,-67.095,0.0,0.0,-7.393,0.0,0.0,0.35596392000000004,0.0,0.0,14.039963919999998,0.0,0.0
GLN  13,40.108,0.0,0.0,-5.706,0.0,0.0,-75.732,0.0,0.0,-9.679,0.0,0.0,0.45991410000000005,0.0,0.0,-50.54908590000001,0.0,0.0
ALA  14,99.426,0.0,0.0,-4.226,0.0,0.0,-84.839,0.0,0.0,-1.317,0.0,0.0,0.42208792000000006,0.0,0.0,9.466087920000003,0.0,0.0
ILE  15,96.558,0.0,0.0,-9.466,0.0,0.0,-75.543,0.0,0.0,-4.82,0.0,0.0,0.06648172000000001,0.0,0.0,6.795481720000006,0.0,0.0
SER  16,67.493,0.0,0.0,-5.538,0.0,0.0,-49.815,0.0,0.0,-8.138,0.0,0.0,0.26569924,0.0,0.0,4.267699240000001,0.0,0.0
PRO  17,88.501,0.0,0.0,-3.41,0.0,0.0,-59.56,0.0,0.0,-5.583,0.0,0.0,0.55696462,0.0,0.0,20.504964620000006,0.0,0.0
ARG  18,-185.217,0.0,0.0,-6.185,0.0,0.0,73.242,0.0,0.0,-57.27,0.0,0.0,1.15544644,0.0,0.0,-174.27455356000002,0.0,0.0
THR  19,43.716,0.0,0.0,-6.234,0.0,0.0,-51.39,0.0,0.0,-7.985,0.0,0.0,0.34389358000000003,0.0,0.0,-21.54910642,0.0,0.0
LEU  20,59.539,0.0,0.0,-10.915,0.0,0.0,-61.213,0.0,0.0,-2.949,0.0,0.0,0.09094218000000001,0.0,0.0,-15.447057819999998,0.0,0.0
ASN  21,31.954,0.0,0.0,-5.008,0.0,0.0,-86.088,0.0,0.0,-13.531,0.0,0.0,0.5215449200000001,0.0,0.0,-72.15145508,0.0,0.0
ALA  22,94.479,0.0,0.0,-4.396,0.0,0.0,-81.767,0.0,0.0,-2.61,0.0,0.0,0.35297208,0.0,0.0,6.058972080000003,0.0,0.0
TRP  23,135.321,0.0,0.0,-17.75,0.0,0.0,-92.316,0.0,0.0,-6.118,0.0,0.0,0.028352020000000002,0.0,0.0,19.165352019999993,0.0,0.0
VAL  24,61.17,0.0,0.0,-7.95,0.0,0.0,-53.712,0.0,0.0,-4.926,0.0,0.0,0.23090826000000003,0.0,0.0,-5.187091740000005,0.0,0.0
LYS  25,130.53,0.0,0.0,-4.687,0.0,0.0,-148.182,0.0,0.0,4.591,0.0,0.0,0.66673046,0.0,0.0,-17.081269539999983,0.0,0.0
VAL  26,65.887,0.0,0.0,-6.908,0.0,0.0,-63.463,0.0,0.0,-4.979,0.0,0.0,0.17974346,0.0,0.0,-9.283256540000002,0.0,0.0
VAL  27,44.978,0.0,0.0,-8.928,0.0,0.0,-45.359,0.0,0.0,-3.728,0.0,0.0,0.03345224,0.0,0.0,-13.003547760000004,0.0,0.0
GLU  28,97.791,0.0,0.0,-4.941,0.0,0.0,-83.984,0.0,0.0,-62.14,0.0,0.0,0.48972410000000005,0.0,0.0,-52.784275900000004,0.0,0.0
GLU  29,108.376,0.0,0.0,-5.34,0.0,0.0,-56.543,0.0,0.0,-93.059,0.0,0.0,0.8201544000000001,0.0,0.0,-45.745845599999996,0.0,0.0
LYS  30,117.44,0.0,0.0,-8.156,0.0,0.0,-129.25,0.0,0.0,1.496,0.0,0.0,0.4561743000000001,0.0,0.0,-18.01382570000001,0.0,0.0
ALA  31,87.258,0.0,0.0,-4.134,0.0,0.0,-77.976,0.0,0.0,-3.99,0.0,0.0,0.11576578000000001,0.0,0.0,1.273765779999996,0.0,0.0
PHE  32,105.311,0.0,0.0,-11.289,0.0,0.0,-80.361,0.0,0.0,-4.091,0.0,0.0,0.01895374,0.0,0.0,9.588953740000001,0.0,0.0
SER  33,88.839,0.0,0.0,-7.421,0.0,0.0,-70.245,0.0,0.0,-4.329,0.0,0.0,0.06417822,0.0,0.0,6.9081782199999875,0.0,0.0
PRO  34,76.542,0.0,0.0,-7.302,0.0,0.0,-55.136,0.0,0.0,-2.526,0.0,0.0,0.32505908,0.0,0.0,11.903059080000007,0.0,0.0
GLU  35,99.889,0.0,0.0,-6.413,0.0,0.0,-97.953,0.0,0.0,-51.345,0.0,0.0,0.56983712,0.0,0.0,-55.25216288,0.0,0.0
VAL  36,54.843,0.0,0.0,-9.162,0.0,0.0,-58.934,0.0,0.0,-0.296,0.0,0.0,0.0,0.0,0.0,-13.548999999999992,0.0,0.0
ILE  37,89.7,0.0,0.0,-9.053,0.0,0.0,-59.64,0.0,0.0,-1.002,0.0,0.0,0.22483786,0.0,0.0,20.229837860000007,0.0,0.0
PRO  38,86.474,0.0,0.0,-6.48,0.0,0.0,-58.227,0.0,0.0,-3.662,0.0,0.0,0.48485152000000004,0.0,0.0,18.589851520000003,0.0,0.0
MET  39,88.327,0.0,0.0,-8.258,0.0,0.0,-69.027,0.0,0.0,-5.179,0.0,0.0,0.48459136,0.0,0.0,6.347591360000001,0.0,0.0
PHE  40,103.202,0.0,0.0,-13.808,0.0,0.0,-83.616,0.0,0.0,-1.645,0.0,0.0,0.0040921,0.0,0.0,4.1370921000000065,0.0,0.0
SER  41,58.02,0.0,0.0,-7.643,0.0,0.0,-47.218,0.0,0.0,-7.4,0.0,0.0,0.19821482,0.0,0.0,-4.042785180000001,0.0,0.0
ALA  42,88.795,0.0,0.0,-5.003,0.0,0.0,-69.354,0.0,0.0,-4.489,0.0,0.0,0.39810442,0.0,0.0,10.34710442,0.0,0.0
LEU  43,85.845,0.0,0.0,-9.29,0.0,0.0,-83.075,0.0,0.0,-3.082,0.0,0.0,0.13842138,0.0,0.0,-9.463578619999996,0.0,0.0
SER  44,75.592,0.0,0.0,-7.835,0.0,0.0,-75.057,0.0,0.0,-0.416,0.0,0.0,0.0,0.0,0.0,-7.7159999999999975,0.0,0.0
GLU  45,100.584,0.0,0.0,-6.365,0.0,0.0,-77.361,0.0,0.0,-68.702,0.0,0.0,0.65776578,0.0,0.0,-51.186234219999996,0.0,0.0
GLY  46,67.529,0.0,0.0,-3.718,0.0,0.0,-67.33,0.0,0.0,-0.103,0.0,0.0,0.13552168,0.0,0.0,-3.4864783200000056,0.0,0.0
ALA  47,98.144,0.0,0.0,-7.491,0.0,0.0,-86.07,0.0,0.0,-3.837,0.0,0.0,0.01253104,0.0,0.0,0.7585310400000125,0.0,0.0
THR  48,55.331,0.0,0.0,-9.218,0.0,0.0,-58.69,0.0,0.0,-1.418,0.0,0.0,0.0162329,0.0,0.0,-13.978767099999997,0.0,0.0
PRO  49,78.942,0.0,0.0,-9.738,0.0,0.0,-55.01,0.0,0.0,-0.967,0.0,0.0,0.01253104,0.0,0.0,13.239531039999996,0.0,0.0
GLN  50,28.307,0.0,0.0,-7.062,0.0,0.0,-70.501,0.0,0.0,-10.942,0.0,0.0,0.70863248,0.0,0.0,-59.48936752000001,0.0,0.0
ASP  51,90.802,0.0,0.0,-11.218,0.0,0.0,-128.539,0.0,0.0,-13.69,0.0,0.0,0.01021128,0.0,0.0,-62.63478871999998,0.0,0.0
LEU  52,66.103,0.0,0.0,-13.445,0.0,0.0,-69.427,0.0,0.0,-0.415,0.0,0.0,0.0,0.0,0.0,-17.18400000000001,0.0,0.0
ASN  53,31.392,0.0,0.0,-7.576,0.0,0.0,-100.975,0.0,0.0,-3.274,0.0,0.0,0.13091468,0.0,0.0,-80.30208531999999,0.0,0.0
THR  54,55.415,0.0,0.0,-6.382,0.0,0.0,-70.89,0.0,0.0,-0.206,0.0,0.0,0.2137919,0.0,0.0,-21.8492081,0.0,0.0
MET  55,84.249,0.0,0.0,-12.529,0.0,0.0,-66.206,0.0,0.0,-1.167,0.0,0.0,0.00072086,0.0,0.0,4.347720859999996,0.0,0.0
LEU  56,60.408,0.0,0.0,-8.805,0.0,0.0,-63.647,0.0,0.0,-2.995,0.0,0.0,0.07733256000000001,0.0,0.0,-14.961667439999998,0.0,0.0
ASN  57,31.256,0.0,0.0,-6.171,0.0,0.0,-87.065,0.0,0.0,-12.859,0.0,0.0,0.56299708,0.0,0.0,-74.27600292,0.0,0.0
THR  58,61.858,0.0,0.0,-6.359,0.0,0.0,-65.559,0.0,0.0,-5.117,0.0,0.0,0.19764030000000002,0.0,0.0,-14.979359700000003,0.0,0.0
VAL  59,50.48,0.0,0.0,-7.479,0.0,0.0,-46.485,0.0,0.0,-1.533,0.0,0.0,0.0014363000000000002,0.0,0.0,-5.015563700000001,0.0,0.0
ALA  60,93.994,0.0,0.0,-4.058,0.0,0.0,-65.65,0.0,0.0,-3.435,0.0,0.0,0.299997,0.0,0.0,21.150997000000004,0.0,0.0
PRO  61,80.915,0.0,0.0,-5.008,0.0,0.0,-55.813,0.0,0.0,-5.906,0.0,0.0,0.6253867000000001,0.0,0.0,14.81338670000001,0.0,0.0
HID  62,97.949,0.0,0.0,-7.839,0.0,0.0,-69.593,0.0,0.0,-8.723,0.0,0.0,0.37622388,0.0,0.0,12.170223879999995,0.0,0.0
GLN  63,32.064,0.0,0.0,-6.323,0.0,0.0,-65.896,0.0,0.0,-13.356,0.0,0.0,0.69491988,0.0,0.0,-52.81608012,0.0,0.0
ALA  64,86.206,0.0,0.0,-4.744,0.0,0.0,-71.195,0.0,0.0,-5.637,0.0,0.0,0.31689656000000005,0.0,0.0,4.9468965600000105,0.0,0.0
ALA  65,94.065,0.0,0.0,-6.856,0.0,0.0,-76.825,0.0,0.0,-2.807,0.0,0.0,0.042601200000000006,0.0,0.0,7.6196012,0.0,0.0
ALA  66,94.272,0.0,0.0,-6.268,0.0,0.0,-83.529,0.0,0.0,-0.755,0.0,0.0,0.06074194000000001,0.0,0.0,3.780741940000009,0.0,0.0
GLN  67,35.405,0.0,0.0,-7.567,0.0,0.0,-80.732,0.0,0.0,-7.756,0.0,0.0,0.55482372,0.0,0.0,-60.09517628,0.0,0.0
MET  68,95.373,0.0,0.0,-8.513,0.0,0.0,-76.508,0.0,0.0,-2.153,0.0,0.0,0.3610804,0.0,0.0,8.560080400000004,0.0,0.0
LEU  69,87.616,0.0,0.0,-11.294,0.0,0.0,-83.425,0.0,0.0,-2.719,0.0,0.0,0.01540906,0.0,0.0,-9.806590939999994,0.0,0.0
LYS  70,123.54,0.0,0.0,-8.176,0.0,0.0,-112.663,0.0,0.0,-25.642,0.0,0.0,0.6349475800000001,0.0,0.0,-22.306052419999993,0.0,0.0
GLU  71,112.177,0.0,0.0,-6.835,0.0,0.0,-72.222,0.0,0.0,-85.198,0.0,0.0,0.5100491,0.0,0.0,-51.56795089999997,0.0,0.0
THR  72,50.333,0.0,0.0,-8.618,0.0,0.0,-54.152,0.0,0.0,-6.794,0.0,0.0,0.10911002,0.0,0.0,-19.121889980000006,0.0,0.0
ILE  73,74.459,0.0,0.0,-8.322,0.0,0.0,-55.674,0.0,0.0,-2.908,0.0,0.0,0.01152834,0.0,0.0,7.566528340000001,0.0,0.0
ASN  74,18.331,0.0,0.0,-6.841,0.0,0.0,-79.453,0.0,0.0,-8.277,0.0,0.0,0.36168202,0.0,0.0,-75.87831798,0.0,0.0
GLU  75,107.201,0.0,0.0,-5.982,0.0,0.0,-46.994,0.0,0.0,-103.19,0.0,0.0,0.5757991200000001,0.0,0.0,-48.389200880000004,0.0,0.0
GLU  76,102.192,0.0,0.0,-9.976,0.0,0.0,-85.173,0.0,0.0,-57.467,0.0,0.0,0.14745652,0.0,0.0,-50.27654348000001,0.0,0.0
ALA  77,82.86,0.0,0.0,-7.868,0.0,0.0,-70.188,0.0,0.0,-1.375,0.0,0.0,0.06290452,0.0,0.0,3.491904520000002,0.0,0.0
ALA  78,90.812,0.0,0.0,-4.054,0.0,0.0,-85.393,0.0,0.0,0.541,0.0,0.0,0.30955788,0.0,0.0,2.2155578799999947,0.0,0.0
GLU  79,108.529,0.0,0.0,-7.791,0.0,0.0,-83.28,0.0,0.0,-71.166,0.0,0.0,0.39377384000000004,0.0,0.0,-53.31422616,0.0,0.0
TRP  80,112.508,0.0,0.0,-14.771,0.0,0.0,-85.698,0.0,0.0,-4.111,0.0,0.0,0.43499294000000005,0.0,0.0,8.362992940000002,0.0,0.0
ASP  81,118.145,0.0,0.0,-8.363,0.0,0.0,-91.696,0.0,0.0,-69.649,0.0,0.0,0.28863126,0.0,0.0,-51.27436874,0.0,0.0
ARG  82,-200.517,0.0,0.0,-5.011,0.0,0.0,1.216,0.0,0.0,23.066,0.0,0.0,1.07344184,0.0,0.0,-180.17255816,0.0,0.0
LEU  83,73.411,0.0,0.0,-5.666,0.0,0.0,-74.587,0.0,0.0,-3.397,0.0,0.0,0.7225944,0.0,0.0,-9.516405599999999,0.0,0.0
HID  84,117.779,0.0,0.0,-7.89,0.0,0.0,-74.786,0.0,0.0,-9.905,0.0,0.0,0.35150326,0.0,0.0,25.549503259999994,0.0,0.0
PRO  85,90.037,0.0,0.0,-3.225,0.0,0.0,-62.711,0.0,0.0,-7.196,0.0,0.0,0.67779268,0.0,0.0,17.582792680000015,0.0,0.0
VAL  86,53.09,0.0,0.0,-2.644,0.0,0.0,-54.573,0.0,0.0,-3.78,0.0,0.0,0.6113868400000001,0.0,0.0,-7.295613159999995,0.0,0.0
HID  87,90.892,0.0,0.0,-6.582,0.0,0.0,-59.296,0.0,0.0,-11.148,0.0,0.0,0.5369052000000001,0.0,0.0,14.402905200000003,0.0,0.0
ALA  88,86.132,0.0,0.0,-1.682,0.0,0.0,-70.796,0.0,0.0,-6.725,0.0,0.0,0.71757006,0.0,0.0,7.646570059999997,0.0,0.0
GLY  89,93.645,0.0,0.0,-2.2,0.0,0.0,-79.452,0.0,0.0,-5.785,0.0,0.0,0.25183488,0.0,0.0,6.4598348799999945,0.0,0.0
PRO  90,86.049,0.0,0.0,-2.826,0.0,0.0,-60.072,0.0,0.0,-6.202,0.0,0.0,0.69144024,0.0,0.0,17.64044024000001,0.0,0.0
ILE  91,79.128,0.0,0.0,-5.574,0.0,0.0,-60.897,0.0,0.0,-4.984,0.0,0.0,0.41062462,0.0,0.0,8.083624620000004,0.0,0.0
ALA  92,93.326,0.0,0.0,-3.005,0.0,0.0,-68.996,0.0,0.0,-4.713,0.0,0.0,0.28028988,0.0,0.0,16.892289880000003,0.0,0.0
PRO  93,82.123,0.0,0.0,-2.573,0.0,0.0,-57.97,0.0,0.0,-6.284,0.0,0.0,0.7771629600000001,0.0,0.0,16.073162960000012,0.0,0.0
GLY  94,70.99,0.0,0.0,-1.904,0.0,0.0,-66.291,0.0,0.0,-6.671,0.0,0.0,0.5327589,0.0,0.0,-3.3432410999999984,0.0,0.0
GLN  95,39.01,0.0,0.0,-5.354,0.0,0.0,-73.657,0.0,0.0,-14.336,0.0,0.0,0.68297962,0.0,0.0,-53.65402038,0.0,0.0
MET  96,100.431,0.0,0.0,-7.089,0.0,0.0,-71.842,0.0,0.0,-9.812,0.0,0.0,0.45418516000000003,0.0,0.0,12.14218516,0.0,0.0
ARG  97,-191.577,0.0,0.0,-6.627,0.0,0.0,-20.574,0.0,0.0,31.604,0.0,0.0,0.40758942,0.0,0.0,-186.76641058000004,0.0,0.0
GLU  98,107.159,0.0,0.0,-6.059,0.0,0.0,-81.928,0.0,0.0,-66.523,0.0,0.0,0.29547672,0.0,0.0,-47.05552327999998,0.0,0.0
PRO  99,92.529,0.0,0.0,-9.636,0.0,0.0,-59.491,0.0,0.0,-5.368,0.0,0.0,0.17912016000000003,0.0,0.0,18.21312016,0.0,0.0
ARG 100,-190.207,0.0,0.0,-10.624,0.0,0.0,-30.931,0.0,0.0,46.578,0.0,0.0,0.25229558,0.0,0.0,-184.93170442,0.0,0.0
GLY 101,78.351,0.0,0.0,-5.764,0.0,0.0,-83.584,0.0,0.0,0.606,0.0,0.0,0.007799380000000001,0.0,0.0,-10.38320062,0.0,0.0
SER 102,69.422,0.0,0.0,-6.435,0.0,0.0,-66.988,0.0,0.0,-2.424,0.0,0.0,0.20290854,0.0,0.0,-6.222091460000004,0.0,0.0
ASP 103,94.464,0.0,0.0,-7.912,0.0,0.0,-101.837,0.0,0.0,-43.593,0.0,0.0,0.01969086,0.0,0.0,-58.85830914000002,0.0,0.0
ILE 104,81.244,0.0,0.0,-11.956,0.0,0.0,-60.652,0.0,0.0,-0.606,0.0,0.0,0.0035988800000000005,0.0,0.0,8.033598879999996,0.0,0.0
ALA 105,87.721,0.0,0.0,-5.117,0.0,0.0,-77.965,0.0,0.0,-0.165,0.0,0.0,0.05028676000000001,0.0,0.0,4.524286759999995,0.0,0.0
GLY 106,88.018,0.0,0.0,-4.779,0.0,0.0,-84.328,0.0,0.0,-4.604,0.0,0.0,0.07662796000000001,0.0,0.0,-5.616372039999999,0.0,0.0
THR 107,58.125,0.0,0.0,-4.294,0.0,0.0,-56.107,0.0,0.0,-7.76,0.0,0.0,0.65810724,0.0,0.0,-9.377892759999996,0.0,0.0
THR 108,35.9,0.0,0.0,-2.863,0.0,0.0,-52.142,0.0,0.0,-3.725,0.0,0.0,0.49101948,0.0,0.0,-22.338980520000007,0.0,0.0
SER 109,75.509,0.0,0.0,-5.845,0.0,0.0,-69.183,0.0,0.0,-2.284,0.0,0.0,0.09603698000000001,0.0,0.0,-1.7069630200000052,0.0,0.0
THR 110,25.071,0.0,0.0,-6.046,0.0,0.0,-32.338,0.0,0.0,-5.735,0.0,0.0,0.4225161,0.0,0.0,-18.6254839,0.0,0.0
LEU 111,61.94,0.0,0.0,-5.892,0.0,0.0,-66.958,0.0,0.0,-2.492,0.0,0.0,0.28410556000000003,0.0,0.0,-13.117894440000004,0.0,0.0
GLN 112,36.618,0.0,0.0,-6.449,0.0,0.0,-75.183,0.0,0.0,-14.928,0.0,0.0,0.79124954,0.0,0.0,-59.150750460000005,0.0,0.0
GLU 113,106.939,0.0,0.0,-6.301,0.0,0.0,-104.618,0.0,0.0,-45.74,0.0,0.0,0.33242486,0.0,0.0,-49.38757514,0.0,0.0
GLN 114,35.94,0.0,0.0,-12.105,0.0,0.0,-82.686,0.0,0.0,-2.398,0.0,0.0,0.036200180000000005,0.0,0.0,-61.212799820000015,0.0,0.0
ILE 115,82.374,0.0,0.0,-6.719,0.0,0.0,-71.622,0.0,0.0,-1.726,0.0,0.0,0.22948280000000004,0.0,0.0,2.5364828000000013,0.0,0.0
GLY 116,81.63,0.0,0.0,-4.554,0.0,0.0,-77.643,0.0,0.0,-1.615,0.0,0.0,0.08780942000000001,0.0,0.0,-2.0941905800000074,0.0,0.0
TRP 117,128.772,0.0,0.0,-17.99,0.0,0.0,-91.168,0.0,0.0,-3.315,0.0,0.0,0.08793408000000001,0.0,0.0,16.38693407999999,0.0,0.0
MET 118,98.855,0.0,0.0,-11.417,0.0,0.0,-80.592,0.0,0.0,-3.095,0.0,0.0,0.06231916,0.0,0.0,3.8133191600000034,0.0,0.0
THR 119,39.921,0.0,0.0,-5.748,0.0,0.0,-48.975,0.0,0.0,-6.243,0.0,0.0,0.4616214,0.0,0.0,-20.583378600000003,0.0,0.0
HID 120,92.152,0.0,0.0,-7.357,0.0,0.0,-55.465,0.0,0.0,-14.267,0.0,0.0,0.52164248,0.0,0.0,15.58464248,0.0,0.0
ASN 121,53.254,0.0,0.0,-3.709,0.0,0.0,-89.222,0.0,0.0,-15.136,0.0,0.0,0.74212266,0.0,0.0,-54.07087734,0.0,0.0
PRO 122,96.164,0.0,0.0,-4.141,0.0,0.0,-57.63,0.0,0.0,-5.478,0.0,0.0,0.5125152000000001,0.0,0.0,29.42751519999999,0.0,0.0
PRO 123,82.777,0.0,0.0,-5.543,0.0,0.0,-58.473,0.0,0.0,-3.209,0.0,0.0,0.48525260000000003,0.0,0.0,16.037252599999995,0.0,0.0
ILE 124,88.931,0.0,0.0,-5.247,0.0,0.0,-59.508,0.0,0.0,-2.084,0.0,0.0,0.44604974000000003,0.0,0.0,22.538049739999995,0.0,0.0
PRO 125,88.32,0.0,0.0,-6.747,0.0,0.0,-62.969,0.0,0.0,-2.295,0.0,0.0,0.29683172,0.0,0.0,16.60583171999999,0.0,0.0
VAL 126,50.828,0.0,0.0,-10.384,0.0,0.0,-53.918,0.0,0.0,-1.974,0.0,0.0,0.014460560000000003,0.0,0.0,-15.433539439999997,0.0,0.0
GLY 127,72.979,0.0,0.0,-5.651,0.0,0.0,-73.72,0.0,0.0,-1.512,0.0,0.0,0.0,0.0,0.0,-7.903999999999996,0.0,0.0
GLU 128,106.431,0.0,0.0,-5.548,0.0,0.0,-108.715,0.0,0.0,-43.329,0.0,0.0,0.37210468,0.0,0.0,-50.78889532000001,0.0,0.0
ILE 129,82.133,0.0,0.0,-9.866,0.0,0.0,-64.554,0.0,0.0,-0.506,0.0,0.0,0.0862051,0.0,0.0,7.293205099999994,0.0,0.0
TYR 130,100.292,0.0,0.0,-14.961,0.0,0.0,-91.835,0.0,0.0,-1.258,0.0,0.0,0.02184802,0.0,0.0,-7.7401519799999905,0.0,0.0
LYS 131,145.755,0.0,0.0,-9.318,0.0,0.0,-164.207,0.0,0.0,18.562,0.0,0.0,0.11721292000000001,0.0,0.0,-9.090787080000009,0.0,0.0
ARG 132,-190.953,0.0,0.0,-10.482,0.0,0.0,48.817,0.0,0.0,-18.793,0.0,0.0,0.6852777000000001,0.0,0.0,-170.7257223,0.0,0.0
TRP 133,129.843,0.0,0.0,-18.321,0.0,0.0,-94.233,0.0,0.0,-5.869,0.0,0.0,0.055880200000000005,0.0,0.0,11.475880199999988,0.0,0.0
ILE 134,93.088,0.0,0.0,-11.449,0.0,0.0,-70.293,0.0,0.0,-1.44,0.0,0.0,0.0017398200000000002,0.0,0.0,9.907739819999989,0.0,0.0
ILE 135,83.69,0.0,0.0,-10.845,0.0,0.0,-60.794,0.0,0.0,-1.69,0.0,0.0,0.19134768000000002,0.0,0.0,10.552347680000002,0.0,0.0
LEU 136,73.405,0.0,0.0,-8.905,0.0,0.0,-73.838,0.0,0.0,1.099,0.0,0.0,0.34804530000000006,0.0,0.0,-7.890954699999994,0.0,0.0
GLY 137,80.49,0.0,0.0,-6.379,0.0,0.0,-78.59,0.0,0.0,0.901,0.0,0.0,0.0,0.0,0.0,-3.5780000000000136,0.0,0.0
LEU 138,55.821,0.0,0.0,-13.515,0.0,0.0,-61.63,0.0,0.0,-2.013,0.0,0.0,0.0079132,0.0,0.0,-21.329086800000002,0.0,0.0
ASN 139,55.217,0.0,0.0,-8.431,0.0,0.0,-92.477,0.0,0.0,-14.782,0.0,0.0,0.30226256,0.0,0.0,-60.170737439999996,0.0,0.0
LYS 140,139.169,0.0,0.0,-7.645,0.0,0.0,-137.69,0.0,0.0,-3.869,0.0,0.0,0.36059260000000004,0.0,0.0,-9.674407399999996,0.0,0.0
ILE 141,98.01,0.0,0.0,-11.838,0.0,0.0,-81.979,0.0,0.0,-1.144,0.0,0.0,0.0,0.0,0.0,3.049000000000012,0.0,0.0
VAL 142,53.738,0.0,0.0,-6.993,0.0,0.0,-50.472,0.0,0.0,-6.456,0.0,0.0,0.32144936,0.0,0.0,-9.861550640000003,0.0,0.0
ARG 143,-195.774,0.0,0.0,-5.93,0.0,0.0,62.949,0.0,0.0,-33.017,0.0,0.0,0.9529173000000001,0.0,0.0,-170.8190827,0.0,0.0
MET 144,86.401,0.0,0.0,-6.325,0.0,0.0,-72.098,0.0,0.0,-6.3,0.0,0.0,0.6092351,0.0,0.0,2.287235099999995,0.0,0.0
TYR 145,86.622,0.0,0.0,-10.768,0.0,0.0,-83.858,0.0,0.0,-10.693,0.0,0.0,0.3837089,0.0,0.0,-18.313291100000004,0.0,0.0
SER 146,78.679,0.0,0.0,-3.456,0.0,0.0,-58.504,0.0,0.0,-8.709,0.0,0.0,0.4736809,0.0,0.0,8.483680900000001,0.0,0.0
PRO 147,85.909,0.0,0.0,-3.534,0.0,0.0,-63.861,0.0,0.0,-4.927,0.0,0.0,0.49784868000000004,0.0,0.0,14.084848680000004,0.0,0.0
THR 148,37.021,0.0,0.0,-2.761,0.0,0.0,-39.692,0.0,0.0,-12.005,0.0,0.0,0.77253428,0.0,0.0,-16.664465720000006,0.0,0.0
SER 149,64.297,0.0,0.0,-2.262,0.0,0.0,-45.094,0.0,0.0,-13.31,0.0,0.0,0.65112086,0.0,0.0,4.282120859999995,0.0,0.0
ILE 150,59.577,0.0,0.0,-1.328,0.0,0.0,-27.574,0.0,0.0,-9.197,0.0,0.0,1.28581912,0.0,0.0,22.763819119999994,0.0,0.0

Ligand:
Total Energy Decomposition:
Residue,Internal,,,van der Waals,,,Electrostatic,,,Polar Solvation,,,Non-Polar Solv.,,,TOTAL,,
,Avg.,Std. Dev.,Std. Err. of Mean,Avg.,Std. Dev.,Std. Err. of Mean,Avg.,Std. Dev.,Std. Err. of Mean,Avg.,Std. Dev.,Std. Err. of Mean,Avg.,Std. Dev.,Std. Err. of Mean,Avg.,Std. Dev.,Std. Err. of Mean
LEU   1,45.953,0.0,0.0,-3.105,0.0,0.0,-47.407,0.0,0.0,-1.061,0.0,0.0,0.79001378,0.0,0.0,-4.829986219999991,0.0,0.0
ASP   2,113.575,0.0,0.0,-3.054,0.0,0.0,-94.55,0.0,0.0,-76.122,0.0,0.0,0.82176414,0.0,0.0,-59.32923586,0.0,0.0
ILE   3,105.167,0.0,0.0,-8.387,0.0,0.0,-75.524,0.0,0.0,-2.95,0.0,0.0,0.09098554,0.0,0.0,18.39698554,0.0,0.0
ARG   4,-188.148,0.0,0.0,-7.33,0.0,0.0,30.216,0.0,0.0,-10.838,0.0,0.0,0.8487991,0.0,0.0,-175.2512009,0.0,0.0
GLN   5,32.807,0.0,0.0,-12.159,0.0,0.0,-86.641,0.0,0.0,-0.184,0.0,0.0,0.04813502000000001,0.0,0.0,-66.12886497999999,0.0,0.0
GLY   6,86.156,0.0,0.0,-2.965,0.0,0.0,-76.629,0.0,0.0,-3.734,0.0,0.0,0.14500668000000003,0.0,0.0,2.9730066799999975,0.0,0.0
PRO   7,84.034,0.0,0.0,-4.006,0.0,0.0,-52.695,0.0,0.0,-8.675,0.0,0.0,0.5687531200000001,0.0,0.0,19.226753120000005,0.0,0.0
LYS   8,115.98,0.0,0.0,-4.537,0.0,0.0,-96.102,0.0,0.0,-36.181,0.0,0.0,0.84507014,0.0,0.0,-19.994929860000003,0.0,0.0
GLU   9,110.394,0.0,0.0,-6.356,0.0,0.0,-120.651,0.0,0.0,-30.76,0.0,0.0,0.15878974,0.0,0.0,-47.21421025999999,0.0,0.0
PRO  10,79.824,0.0,0.0,-6.048,0.0,0.0,-61.382,0.0,0.0,0.674,0.0,0.0,0.21289760000000002,0.0,0.0,13.280897599999998,0.0,0.0
PHE  11,106.955,0.0,0.0,-14.719,0.0,0.0,-76.605,0.0,0.0,-1.84,0.0,0.0,0.0,0.0,0.0,13.791,0.0,0.0
ARG  12,-192.915,0.0,0.0,-6.291,0.0,0.0,-11.173,0.0,0.0,30.864,0.0,0.0,0.65280106,0.0,0.0,-178.86219893999998,0.0,0.0
ASP  13,87.182,0.0,0.0,-6.395,0.0,0.0,-61.62,0.0,0.0,-83.216,0.0,0.0,0.42600658,0.0,0.0,-63.62299341999998,0.0,0.0
TYR  14,98.217,0.0,0.0,-17.29,0.0,0.0,-98.577,0.0,0.0,-0.888,0.0,0.0,0.0,0.0,0.0,-18.538000000000007,0.0,0.0
VAL  15,50.272,0.0,0.0,-8.307,0.0,0.0,-58.829,0.0,0.0,2.488,0.0,0.0,0.06778252,0.0,0.0,-14.308217480000005,0.0,0.0
ASP  16,96.284,0.0,0.0,-6.098,0.0,0.0,-70.526,0.0,0.0,-73.481,0.0,0.0,0.5475067200000001,0.0,0.0,-53.27349327999998,0.0,0.0
ARG  17,-184.755,0.0,0.0,-7.37,0.0,0.0,4.167,0.0,0.0,5.533,0.0,0.0,0.51759374,0.0,0.0,-181.90740626000002,0.0,0.0
PHE  18,103.371,0.0,0.0,-13.846,0.0,0.0,-81.975,0.0,0.0,-0.223,0.0,0.0,0.04304564,0.0,0.0,7.370045639999997,0.0,0.0
TYR  19,101.771,0.0,0.0,-12.178,0.0,0.0,-92.568,0.0,0.0,-1.069,0.0,0.0,0.3797523,0.0,0.0,-3.6642476999999944,0.0,0.0
LYS  20,139.933,0.0,0.0,-6.59,0.0,0.0,-103.113,0.0,0.0,-44.371,0.0,0.0,0.9386085000000001,0.0,0.0,-13.202391500000012,0.0,0.0
THR  21,46.84,0.0,0.0,-4.867,0.0,0.0,-61.325,0.0,0.0,-2.791,0.0,0.0,0.29066376,0.0,0.0,-21.852336239999996,0.0,0.0
LEU  22,77.075,0.0,0.0,-13.181,0.0,0.0,-68.173,0.0,0.0,-2.731,0.0,0.0,0.02328974,3.2927225399135965e-10,3.2927225399135965e-10,-6.986710259999996,0.0,0.0
ARG  23,-195.327,0.0,0.0,-7.049,0.0,0.0,77.958,0.0,0.0,-48.364,0.0,0.0,1.0833225,0.0,0.0,-171.6986775,0.0,0.0
ALA  24,87.005,0.0,0.0,-3.656,0.0,0.0,-77.885,0.0,0.0,-6.962,0.0,0.0,0.5121466400000001,0.0,0.0,-0.9858533600000152,0.0,0.0
GLU  25,106.796,0.0,0.0,-4.64,0.0,0.0,-66.414,0.0,0.0,-88.684,0.0,0.0,0.65757608,0.0,0.0,-52.284423919999995,0.0,0.0
GLN  26,29.121,0.0,0.0,-3.994,0.0,0.0,-61.413,0.0,0.0,-17.137,0.0,0.0,0.8702623,0.0,0.0,-52.5527377,0.0,0.0
ALA  27,97.84,0.0,0.0,-5.806,0.0,0.0,-88.34,0.0,0.0,-0.981,0.0,0.0,0.08396664000000001,0.0,0.0,2.7969666400000026,0.0,0.0
SER  28,81.585,0.0,0.0,-5.363,0.0,0.0,-73.203,0.0,0.0,-2.824,0.0,0.0,0.310024,0.0,0.0,0.5050239999999915,0.0,0.0
GLN  29,29.443,0.0,0.0,-5.009,0.0,0.0,-69.012,0.0,0.0,-9.548,0.0,0.0,0.7107408600000001,0.0,0.0,-53.41525914,0.0,0.0
GLU  30,105.464,0.0,0.0,-3.878,0.0,0.0,-103.878,0.0,0.0,-50.55,0.0,0.0,0.6183407,0.0,0.0,-52.2236593,0.0,0.0
VAL  31,62.875,0.0,0.0,-7.711,0.0,0.0,-60.838,0.0,0.0,-0.665,0.0,0.0,0.30806196,0.0,0.0,-6.03093804,0.0,0.0
LYS  32,115.942,0.0,0.0,-12.356,0.0,0.0,-101.921,0.0,0.0,-21.33,0.0,0.0,0.15587920000000002,0.0,0.0,-19.509120800000005,0.0,0.0
ASN  33,29.134,0.0,0.0,-7.831,0.0,0.0,-80.028,0.0,0.0,-12.903,0.0,0.0,0.50614128,0.0,0.0,-71.12185872000002,0.0,0.0
TRP  34,130.306,0.0,0.0,-11.305,0.0,0.0,-92.55,0.0,0.0,-8.302,0.0,0.0,0.9065763,0.0,0.0,19.05557630000001,0.0,0.0
MET  35,101.072,0.0,0.0,-9.465,0.0,0.0,-85.656,0.0,0.0,-1.394,0.0,0.0,0.31768788,0.0,0.0,4.8746878799999935,0.0,0.0
THR  36,42.274,0.0,0.0,-7.416,0.0,0.0,-59.874,0.0,0.0,-0.379,0.0,0.0,0.0860967,0.0,0.0,-25.3089033,0.0,0.0
GLU  37,104.957,0.0,0.0,-5.924,0.0,0.0,-59.371,0.0,0.0,-89.567,0.0,0.0,0.8163333000000002,0.0,0.0,-49.088666700000005,0.0,0.0
THR  38,33.999,0.0,0.0,-6.006,0.0,0.0,-42.819,0.0,0.0,-4.376,0.0,0.0,0.32760106,0.0,0.0,-18.874398940000003,0.0,0.0
LEU  39,59.177,0.0,0.0,-8.02,0.0,0.0,-62.146,0.0,0.0,0.765,0.0,0.0,0.13567344,0.0,0.0,-10.088326560000004,0.0,0.0
LEU  40,84.627,0.0,0.0,-10.213,0.0,0.0,-89.431,0.0,0.0,1.047,0.0,0.0,0.0228995,0.0,0.0,-13.947100499999996,0.0,0.0
VAL  41,52.955,0.0,0.0,-5.43,0.0,0.0,-59.65,0.0,0.0,1.065,0.0,0.0,0.29876124000000004,0.0,0.0,-10.761238760000001,0.0,0.0
GLN  42,24.949,0.0,0.0,-6.351,0.0,0.0,-64.201,0.0,0.0,-10.355,0.0,0.0,0.67723442,0.0,0.0,-55.28076558,0.0,0.0
ASN  43,17.097,0.0,0.0,-10.164,0.0,0.0,-74.581,0.0,0.0,-5.099,0.0,0.0,0.007701820000000001,0.0,0.0,-72.73929818,0.0,0.0
ALA  44,95.062,0.0,0.0,-6.969,0.0,0.0,-82.149,0.0,0.0,2.263,0.0,0.0,0.023268060000000004,0.0,0.0,8.230268060000002,0.0,0.0
ASN  45,46.867,0.0,0.0,-7.017,0.0,0.0,-95.273,0.0,0.0,-5.031,0.0,0.0,0.04172316,0.0,0.0,-60.412276840000004,0.0,0.0
PRO  46,80.016,0.0,0.0,-5.011,0.0,0.0,-55.231,0.0,0.0,-6.009,0.0,0.0,0.6246821,0.0,0.0,14.389682100000007,0.0,0.0
ASP  47,91.451,0.0,0.0,-6.201,0.0,0.0,-82.831,0.0,0.0,-58.976,0.0,0.0,0.43516638,0.0,0.0,-56.121833620000004,0.0,0.0
CYX  48,102.06,0.0,0.0,-8.744,0.0,0.0,-83.329,0.0,0.0,-1.713,0.0,0.0,0.021793820000000002,0.0,0.0,8.295793820000007,0.0,0.0
LYS  49,133.541,0.0,0.0,-8.844,0.0,0.0,-125.33,0.0,0.0,-22.827,0.0,0.0,0.44737222,0.0,0.0,-23.01262778,0.0,0.0
THR  50,45.547,0.0,0.0,-4.543,0.0,0.0,-57.04,0.0,0.0,-3.664,0.0,0.0,0.5001901200000001,0.0,0.0,-19.199809880000004,0.0,0.0
ILE  51,72.525,0.0,0.0,-4.313,0.0,0.0,-53.957,0.0,0.0,-1.036,0.0,0.0,0.42948622000000003,0.0,0.0,13.648486220000002,0.0,0.0
LEU  52,69.723,0.0,0.0,-10.647,0.0,0.0,-64.731,0.0,0.0,-5.795,0.0,0.0,0.049126880000000005,0.0,0.0,-11.400873119999995,0.0,0.0
LYS  53,122.91,0.0,0.0,-4.511,0.0,0.0,-101.128,0.0,0.0,-29.695,0.0,0.0,0.83585072,0.0,0.0,-11.58814928,0.0,0.0
ALA  54,85.418,0.0,0.0,-3.385,0.0,0.0,-72.729,0.0,0.0,-6.331,0.0,0.0,0.5561678800000001,0.0,0.0,3.529167880000002,0.0,0.0
LEU  55,68.407,0.0,0.0,-6.172,0.0,0.0,-69.413,0.0,0.0,-7.072,0.0,0.0,0.37727536000000006,0.0,0.0,-13.872724639999996,0.0,0.0
GLY  56,91.961,0.0,0.0,-2.28,0.0,0.0,-75.852,0.0,0.0,-8.015,0.0,0.0,0.17156468,0.0,0.0,5.985564679999993,0.0,0.0
PRO  57,78.267,0.0,0.0,-2.232,0.0,0.0,-51.673,0.0,0.0,-10.962,0.0,0.0,0.8341705200000001,0.0,0.0,14.234170519999996,0.0,0.0
GLY  58,65.265,0.0,0.0,-1.701,0.0,0.0,-62.391,0.0,0.0,-7.826,0.0,0.0,0.50352342,0.0,0.0,-6.149476579999998,0.0,0.0
ALA  59,99.11,0.0,0.0,-4.715,0.0,0.0,-89.522,0.0,0.0,-3.169,0.0,0.0,0.12439442,0.0,0.0,1.8283944199999904,0.0,0.0
THR  60,45.217,0.0,0.0,-3.642,0.0,0.0,-54.097,0.0,0.0,-3.05,0.0,0.0,0.49459126000000003,0.0,0.0,-15.077408740000006,0.0,0.0
LEU  61,59.55,0.0,0.0,-7.264,0.0,0.0,-61.685,0.0,0.0,-1.98,0.0,0.0,0.38226176000000006,0.0,0.0,-10.996738240000008,0.0,0.0
GLU  62,107.683,0.0,0.0,-5.378,0.0,0.0,-95.58,0.0,0.0,-64.687,0.0,0.0,0.5482655200000001,0.0,0.0,-57.41373447999999,0.0,0.0
GLU  63,101.271,0.0,0.0,-6.369,0.0,0.0,-69.97,0.0,0.0,-81.689,0.0,0.0,0.46116612,0.0,0.0,-56.29583387999999,0.0,0.0
MET  64,91.858,0.0,0.0,-12.185,0.0,0.0,-76.114,0.0,0.0,-1.787,0.0,0.0,0.14237256,0.0,0.0,1.9143725599999977,0.0,0.0
MET  65,105.481,0.0,0.0,-11.931,0.0,0.0,-82.011,0.0,0.0,-4.941,0.0,0.0,0.09419418000000002,0.0,0.0,6.692194180000001,0.0,0.0
THR  66,39.423,0.0,0.0,-5.716,0.0,0.0,-49.267,0.0,0.0,-6.811,0.0,0.0,0.5746826,0.0,0.0,-21.796317400000003,0.0,0.0
ALA  67,75.763,0.0,0.0,-6.186,0.0,0.0,-62.21,0.0,0.0,-4.154,0.0,0.0,0.13965714,0.0,0.0,3.3526571399999976,0.0,0.0
CYX  68,98.746,0.0,0.0,-7.828,0.0,0.0,-82.088,0.0,0.0,-1.249,0.0,0.0,0.03926248,0.0,0.0,7.620262479999997,0.0,0.0
GLN  69,37.998,0.0,0.0,-6.053,0.0,0.0,-68.394,0.0,0.0,-15.487,0.0,0.0,0.73042088,0.0,0.0,-51.20557912000002,0.0,0.0
GLY  70,101.286,0.0,0.0,-3.727,0.0,0.0,-86.158,0.0,0.0,-6.043,0.0,0.0,0.12214512000000001,0.0,0.0,5.480145119999996,0.0,0.0
VAL  71,30.412,0.0,0.0,-2.544,0.0,0.0,-30.6,0.0,0.0,-87.898,0.0,0.0,0.95807714,0.0,0.0,-89.67192286,0.0,0.0

DELTAS:
Total Energy Decomposition:
Residue,Location,Internal,,,van der Waals,,,Electrostatic,,,Polar Solvation,,,Non-Polar Solv.,,,TOTAL,,
,,Avg.,Std. Dev.,Std. Err. of Mean,Avg.,Std. Dev.,Std. Err. of Mean,Avg.,Std. Dev.,Std. Err. of Mean,Avg.,Std. Dev.,Std. Err. of Mean,Avg.,Std. Dev.,Std. Err. of Mean
PRO   1,R PRO   1,0.0,0.0,0.0,0.0,0.0,0.0,-5.944999999999993,0.0,0.0,5.944999999999999,0.0,0.0,0.0,0.0,0.0,6.217248937900877e-15,0.0,0.0
ILE   2,R ILE   2,0.0,0.0,0.0,0.0,0.0,0.0,0.046999999999997044,0.0,0.0,-0.04700000000000015,0.0,0.0,0.0,0.0,0.0,-3.552713678800501e-15,0.0,0.0
VAL   3,R VAL   3,0.0,0.0,0.0,-0.001000000000000334,0.0,0.0,-0.007000000000005002,0.0,0.0,0.006000000000000005,0.0,0.0,0.0,0.0,0.0,-0.002000000000009994,0.0,0.0
GLN   4,R GLN   4,0.0,0.0,0.0,-0.001000000000000334,0.0,0.0,0.030000000000001137,0.0,0.0,-0.02999999999999936,0.0,0.0,0.0,0.0,0.0,-0.0010000000000047748,0.0,0.0
ASN   5,R ASN   5,0.0,0.0,0.0,0.0,0.0,0.0,-0.05099999999998772,0.0,0.0,0.051000000000000156,0.0,0.0,0.0,0.0,0.0,1.4210854715202004e-14,0.0,0.0
LEU   6,R LEU   6,0.0,0.0,0.0,0.0,0.0,0.0,-0.01999999999999602,0.0,0.0,0.019999999999999574,0.0,0.0,0.0,0.0,0.0,3.552713678800501e-15,0.0,0.0
GLN   7,R GLN   7,0.0,0.0,0.0,0.0,0.0,0.0,-0.015999999999991132,0.0,0.0,0.015999999999998238,0.0,0.0,0.0,0.0,0.0,7.105427357601002e-15,0.0,0.0
GLY   8,R GLY   8,0.0,0.0,0.0,0.0,0.0,0.0,-0.01999999999999602,0.0,0.0,0.020000000000000462,0.0,0.0,0.0,0.0,0.0,4.440892098500626e-15,0.0,0.0
GLN   9,R GLN   9,0.0,0.0,0.0,0.0,0.0,0.0,0.07000000000000739,0.0,0.0,-0.07000000000000028,0.0,0.0,0.0,0.0,0.0,7.105427357601002e-15,0.0,0.0
MET  10,R MET  10,0.0,0.0,0.0,-0.0010000000000012221,0.0,0.0,-0.043000000000006366,0.0,0.0,0.04300000000000015,0.0,0.0,0.0,0.0,0.0,-0.001000000000010992,0.0,0.0
VAL  11,R VAL  11,0.0,0.0,0.0,0.0,0.0,0.0,0.013999999999995794,0.0,0.0,-0.014000000000000234,0.0,0.0,0.0,0.0,0.0,-4.440892098500626e-15,0.0,0.0
HID  12,R HID  12,0.0,0.0,0.0,0.0,0.0,0.0,-0.034000000000006025,0.0,0.0,0.03399999999999981,0.0,0.0,0.0,0.0,0.0,-5.329070518200751e-15,0.0,0.0
GLN  13,R GLN  13,0.0,0.0,0.0,0.0,0.0,0.0,0.02200000000000557,0.0,0.0,-0.02200000000000024,0.0,0.0,0.0,0.0,0.0,7.105427357601002e-15,0.0,0.0
ALA  14,R ALA  14,0.0,0.0,0.0,0.0,0.0,0.0,0.0309999999999917,0.0,0.0,-0.03100000000000014,0.0,0.0,0.0,0.0,0.0,-7.105427357601002e-15,0.0,0.0
ILE  15,R ILE  15,0.0,0.0,0.0,-0.002000000000000668,0.0,0.0,-0.022999999999996135,0.0,0.0,0.02400000000000002,0.0,0.0,0.0,0.0,0.0,-0.001000000000005663,0.0,0.0
SER  16,R SER  16,0.0,0.0,0.0,-0.0009999999999994458,0.0,0.0,0.15200000000000102,0.0,0.0,-0.1509999999999998,0.0,0.0,0.0,0.0,0.0,-3.552713678800501e-15,0.0,0.0
PRO  17,R PRO  17,0.0,0.0,0.0,-0.0009999999999998899,0.0,0.0,0.14800000000000324,0.0,0.0,-0.14499999999999957,0.0,0.0,0.0,0.0,0.0,0.001999999999995339,0.0,0.0
ARG  18,R ARG  18,0.0,0.0,0.0,-0.002000000000000668,0.0,0.0,-7.903000000000006,0.0,0.0,7.906000000000006,0.0,0.0,0.0,0.0,0.0,0.0009999999999763531,0.0,0.0
THR  19,R THR  19,0.0,0.0,0.0,-0.0019999999999997797,0.0,0.0,0.18999999999999773,0.0,0.0,-0.1849999999999996,0.0,0.0,0.0,0.0,0.0,0.0030000000000001137,0.0,0.0
LEU  20,R LEU  20,0.0,0.0,0.0,-0.005000000000000782,0.0,0.0,0.22400000000000375,0.0,0.0,-0.2230000000000003,0.0,0.0,0.0,0.0,0.0,-0.0039999999999995595,0.0,0.0
ASN  21,R ASN  21,0.0,0.0,0.0,-0.008000000000000007,0.0,0.0,0.17599999999998772,0.0,0.0,-0.13399999999999856,0.0,0.0,0.0,0.0,0.0,0.033999999999991815,0.0,0.0
ALA  22,R ALA  22,0.0,0.0,0.0,-0.0030000000000001137,0.0,0.0,0.3849999999999909,0.0,0.0,-0.379,0.0,0.0,0.0,0.0,0.0,0.0029999999999903437,0.0,0.0
TRP  23,R TRP  23,0.0,0.0,0.0,-0.015000000000000568,0.0,0.0,0.5510000000000019,0.0,0.0,-0.516,0.0,0.0,0.0,0.0,0.0,0.020000000000003126,0.0,0.0
VAL  24,R VAL  24,0.0,0.0,0.0,-0.04800000000000004,0.0,0.0,0.5200000000000031,0.0,0.0,-0.45199999999999996,0.0,0.0,0.0,0.0,0.0,0.020000000000008455,0.0,0.0
LYS  25,R LYS  25,0.0,0.0,0.0,-0.04699999999999971,0.0,0.0,-14.999000000000024,0.0,0.0,15.145999999999997,0.0,0.0,0.0,0.0,0.0,0.09999999999997655,0.0,0.0
VAL  26,R VAL  26,0.0,0.0,0.0,-0.016000000000000014,0.0,0.0,0.884999999999998,0.0,0.0,-0.8499999999999996,0.0,0.0,0.0,0.0,0.0,0.01899999999999835,0.0,0.0
VAL  27,R VAL  27,0.0,0.0,0.0,-0.07299999999999862,0.0,0.0,1.2150000000000034,0.0,0.0,-1.1039999999999996,0.0,0.0,0.0,0.0,0.0,0.03800000000000914,0.0,0.0
GLU  28,R GLU  28,0.0,0.0,0.0,-0.28800000000000026,0.0,0.0,20.177999999999997,0.0,0.0,-19.328999999999994,0.0,0.0,-0.00036314000000003954,0.0,0.0,0.5606368600000096,0.0,0.0
GLU  29,R GLU  29,0.0,0.0,0.0,-0.08900000000000041,0.0,0.0,21.78,0.0,0.0,-21.192999999999998,0.0,0.0,0.0,0.0,0.0,0.49799999999999756,0.0,0.0
LYS  30,R LYS  30,0.0,0.0,0.0,-0.04399999999999871,0.0,0.0,-15.043000000000006,0.0,0.0,15.162,0.0,0.0,0.0,0.0,0.0,0.07499999999999929,0.0,0.0
ALA  31,R ALA  31,0.0,0.0,0.0,-0.030999999999999694,0.0,0.0,-0.24200000000000443,0.0,0.0,0.26900000000000013,0.0,0.0,0.0,0.0,0.0,-0.004000000000010218,0.0,0.0
PHE  32,R PHE  32,0.0,0.0,0.0,-0.032999999999999474,0.0,0.0,0.375,0.0,0.0,-0.32200000000000006,0.0,0.0,0.0,0.0,0.0,0.019999999999999574,0.0,0.0
SER  33,R SER  33,0.0,0.0,0.0,-0.005999999999999339,0.0,0.0,-0.09499999999999886,0.0,0.0,0.11799999999999944,0.0,0.0,0.0,0.0,0.0,0.01700000000001456,0.0,0.0
PRO  34,R PRO  34,0.0,0.0,0.0,-0.0030000000000001137,0.0,0.0,-0.13799999999999812,0.0,0.0,0.1379999999999999,0.0,0.0,0.0,0.0,0.0,-0.003000000000012548,0.0,0.0
GLU  35,R GLU  35,0.0,0.0,0.0,-0.004999999999999893,0.0,0.0,11.975000000000009,0.0,0.0,-11.896999999999998,0.0,0.0,0.0,0.0,0.0,0.0730000000000004,0.0,0.0
VAL  36,R VAL  36,0.0,0.0,0.0,-0.004999999999999005,0.0,0.0,-0.10000000000000142,0.0,0.0,0.10299999999999998,0.0,0.0,0.0,0.0,0.0,-0.0020000000000042206,0.0,0.0
ILE  37,R ILE  37,0.0,0.0,0.0,-0.0019999999999988916,0.0,0.0,-0.055999999999997385,0.0,0.0,0.05700000000000005,0.0,0.0,0.0,0.0,0.0,-0.0009999999999941167,0.0,0.0
PRO  38,R PRO  38,0.0,0.0,0.0,-0.0009999999999994458,0.0,0.0,-0.14500000000000313,0.0,0.0,0.14500000000000002,0.0,0.0,0.0,0.0,0.0,-0.0009999999999941167,0.0,0.0
MET  39,R MET  39,0.0,0.0,0.0,-0.0030000000000001137,0.0,0.0,-0.05299999999999727,0.0,0.0,0.05799999999999983,0.0,0.0,0.0,0.0,0.0,0.0020000000000024443,0.0,0.0
PHE  40,R PHE  40,0.0,0.0,0.0,-0.002000000000000668,0.0,0.0,-0.06799999999999784,0.0,0.0,0.07099999999999995,0.0,0.0,0.0,0.0,0.0,0.0009999999999923403,0.0,0.0
SER  41,R SER  41,0.0,0.0,0.0,-0.001000000000000334,0.0,0.0,-0.1389999999999958,0.0,0.0,0.14000000000000057,0.0,0.0,0.0,0.0,0.0,7.105427357601002e-15,0.0,0.0
ALA  42,R ALA  42,0.0,0.0,0.0,0.0,0.0,0.0,-0.0589999999999975,0.0,0.0,0.05799999999999983,0.0,0.0,0.0,0.0,0.0,-0.0009999999999976694,0.0,0.0
LEU  43,R LEU  43,0.0,0.0,0.0,-0.002000000000000668,0.0,0.0,-0.09499999999999886,0.0,0.0,0.09499999999999975,0.0,0.0,0.0,0.0,0.0,-0.0020000000000077733,0.0,0.0
SER  44,R SER  44,0.0,0.0,0.0,0.0,0.0,0.0,-0.14699999999999136,0.0,0.0,0.14699999999999996,0.0,0.0,0.0,0.0,0.0,8.881784197001252e-15,0.0,0.0
GLU  45,R GLU  45,0.0,0.0,0.0,-0.0009999999999994458,0.0,0.0,6.2450000000000045,0.0,0.0,-6.242999999999995,0.0,0.0,0.0,0.0,0.0,0.0010000000000047748,0.0,0.0
GLY  46,R GLY  46,0.0,0.0,0.0,0.0,0.0,0.0,-0.019000000000005457,0.0,0.0,0.01899999999999999,0.0,0.0,0.0,0.0,0.0,-5.329070518200751e-15,0.0,0.0
ALA  47,R ALA  47,0.0,0.0,0.0,0.0,0.0,0.0,-0.06700000000000728,0.0,0.0,0.06700000000000017,0.0,0.0,0.0,0.0,0.0,-7.105427357601002e-15,0.0,0.0
THR  48,R THR  48,0.0,0.0,0.0,0.0,0.0,0.0,0.06700000000000017,0.0,0.0,-0.06700000000000017,0.0,0.0,0.0,0.0,0.0,0.0,0.0,0.0
PRO  49,R PRO  49,0.0,0.0,0.0,-0.0010000000000012221,0.0,0.0,0.03499999999999659,0.0,0.0,-0.03599999999999992,0.0,0.0,0.0,0.0,0.0,-0.0020000000000077733,0.0,0.0
GLN  50,R GLN  50,0.0,0.0,0.0,-0.0009999999999994458,0.0,0.0,-0.07099999999999795,0.0,0.0,0.07200000000000095,0.0,0.0,0.0,0.0,0.0,7.105427357601002e-15,0.0,0.0
ASP  51,R ASP  51,0.0,0.0,0.0,-0.0009999999999994458,0.0,0.0,5.831999999999994,0.0,0.0,-5.836,0.0,0.0,0.0,0.0,0.0,-0.0049999999999954525,0.0,0.0
LEU  52,R LEU  52,0.0,0.0,0.0,-0.0009999999999994458,0.0,0.0,0.07800000000000296,0.0,0.0,-0.07600000000000001,0.0,0.0,0.0,0.0,0.0,0.0010000000000047748,0.0,0.0
ASN  53,R ASN  53,0.0,0.0,0.0,-0.002000000000000668,0.0,0.0,-0.02600000000001046,0.0,0.0,0.0259999999999998,0.0,0.0,0.0,0.0,0.0,-0.0020000000000237605,0.0,0.0
THR  54,R THR  54,0.0,0.0,0.0,-0.0030000000000001137,0.0,0.0,0.007000000000005002,0.0,0.0,-0.0050000000000000044,0.0,0.0,0.0,0.0,0.0,-0.0009999999999941167,0.0,0.0
MET  55,R MET  55,0.0,0.0,0.0,-0.0039999999999995595,0.0,0.0,0.18999999999999773,0.0,0.0,-0.18199999999999994,0.0,0.0,0.0,0.0,0.0,0.003999999999992454,0.0,0.0
LEU  56,R LEU  56,0.0,0.0,0.0,-0.008000000000000895,0.0,0.0,-0.06200000000000472,0.0,0.0,0.0820000000000003,0.0,0.0,0.0,0.0,0.0,0.01199999999999335,0.0,0.0
ASN  57,R ASN  57,0.0,0.0,0.0,-0.008999999999999453,0.0,0.0,-0.4369999999999976,0.0,0.0,0.47799999999999976,0.0,0.0,0.0,0.0,0.0,0.03200000000001069,0.0,0.0
THR  58,R THR  58,0.0,0.0,0.0,-0.017999999999999794,0.0,0.0,-0.07099999999999795,0.0,0.0,0.14200000000000035,0.0,0.0,0.0,0.0,0.0,0.0530000000000026,0.0,0.0
VAL  59,R VAL  59,0.0,0.0,0.0,-0.05600000000000005,0.0,0.0,-0.03999999999999915,0.0,0.0,0.08399999999999985,0.0,0.0,0.0,0.0,0.0,-0.012000000000004007,0.0,0.0
ALA  60,R ALA  60,0.0,0.0,0.0,-0.07899999999999974,0.0,0.0,-1.1669999999999874,0.0,0.0,1.3450000000000002,0.0,0.0,0.0,0.0,0.0,0.09900000000000375,0.0,0.0
PRO  61,R PRO  61,0.0,0.0,0.0,-1.146,0.0,0.0,-0.9709999999999965,0.0,0.0,1.9639999999999995,0.0,0.0,-0.23423072000000006,0.0,0.0,-0.38723071999999803,0.0,0.0
HID  62,R HID  62,0.0,0.0,0.0,-1.347999999999999,0.0,0.0,-2.144999999999996,0.0,0.0,3.0040000000000004,0.0,0.0,-0.19806305999999999,0.0,0.0,-0.6870630599999945,0.0,0.0
GLN  63,R GLN  63,0.0,0.0,0.0,-1.3439999999999994,0.0,0.0,2.137999999999998,0.0,0.0,-0.46300000000000097,0.0,0.0,-0.30229508000000005,0.0,0.0,0.028704919999995582,0.0,0.0
ALA  64,R ALA  64,0.0,0.0,0.0,-0.18400000000000016,0.0,0.0,0.2989999999999924,0.0,0.0,-0.20800000000000018,0.0,0.0,-0.013669240000000027,0.0,0.0,-0.10666924000000488,0.0,0.0
ALA  65,R ALA  65,0.0,0.0,0.0,-0.07899999999999974,0.0,0.0,-0.3089999999999975,0.0,0.0,0.359,0.0,0.0,0.0,0.0,0.0,-0.029000000000005244,0.0,0.0
ALA  66,R ALA  66,0.0,0.0,0.0,-0.027000000000000135,0.0,0.0,0.3199999999999932,0.0,0.0,-0.29799999999999993,0.0,0.0,0.0,0.0,0.0,-0.005000000000007887,0.0,0.0
GLN  67,R GLN  67,0.0,0.0,0.0,-0.02799999999999958,0.0,0.0,-0.30299999999999727,0.0,0.0,0.37900000000000045,0.0,0.0,0.0,0.0,0.0,0.04800000000000182,0.0,0.0
MET  68,R MET  68,0.0,0.0,0.0,-0.02800000000000047,0.0,0.0,-0.14000000000000057,0.0,0.0,0.17399999999999993,0.0,0.0,0.0,0.0,0.0,0.006000000000009109,0.0,0.0
LEU  69,R LEU  69,0.0,0.0,0.0,-0.009999999999999787,0.0,0.0,0.01099999999999568,0.0,0.0,-0.002000000000000224,0.0,0.0,0.0,0.0,0.0,-0.001000000000010104,0.0,0.0
LYS  70,R LYS  70,0.0,0.0,0.0,-0.006000000000000227,0.0,0.0,-3.3190000000000026,0.0,0.0,3.3739999999999988,0.0,0.0,0.0,0.0,0.0,0.048999999999995936,0.0,0.0
GLU  71,R GLU  71,0.0,0.0,0.0,-0.004999999999999893,0.0,0.0,2.9229999999999876,0.0,0.0,-2.902000000000001,0.0,0.0,0.0,0.0,0.0,0.01599999999997692,0.0,0.0
THR  72,R THR  72,0.0,0.0,0.0,-0.0030000000000001137,0.0,0.0,0.018000000000000682,0.0,0.0,-0.001000000000000334,0.0,0.0,0.0,0.0,0.0,0.013999999999999346,0.0,0.0
ILE  73,R ILE  73,0.0,0.0,0.0,-0.0030000000000001137,0.0,0.0,0.030000000000001137,0.0,0.0,-0.027000000000000135,0.0,0.0,0.0,0.0,0.0,0.0,0.0,0.0
ASN  74,R ASN  74,0.0,0.0,0.0,-0.0009999999999994458,0.0,0.0,0.20400000000000773,0.0,0.0,-0.19200000000000017,0.0,0.0,0.0,0.0,0.0,0.011000000000024102,0.0,0.0
GLU  75,R GLU  75,0.0,0.0,0.0,-0.0009999999999994458,0.0,0.0,4.744,0.0,0.0,-4.748999999999995,0.0,0.0,0.0,0.0,0.0,-0.006000000000000227,0.0,0.0
GLU  76,R GLU  76,0.0,0.0,0.0,-0.0009999999999994458,0.0,0.0,5.460000000000008,0.0,0.0,-5.462000000000003,0.0,0.0,0.0,0.0,0.0,-0.0030000000000001137,0.0,0.0
ALA  77,R ALA  77,0.0,0.0,0.0,-0.0009999999999994458,0.0,0.0,0.0030000000000001137,0.0,0.0,-0.0029999999999998916,0.0,0.0,0.0,0.0,0.0,-0.0010000000000047748,0.0,0.0
ALA  78,R ALA  78,0.0,0.0,0.0,0.0,0.0,0.0,-0.0040000000000048885,0.0,0.0,0.0050000000000000044,0.0,0.0,0.0,0.0,0.0,0.000999999999995449,0.0,0.0
GLU  79,R GLU  79,0.0,0.0,0.0,0.0,0.0,0.0,4.882999999999996,0.0,0.0,-4.88600000000001,0.0,0.0,0.0,0.0,0.0,-0.0030000000000143245,0.0,0.0
TRP  80,R TRP  80,0.0,0.0,0.0,0.0,0.0,0.0,-0.0040000000000048885,0.0,0.0,0.004999999999999893,0.0,0.0,0.0,0.0,0.0,0.000999999999995893,0.0,0.0
ASP  81,R ASP  81,0.0,0.0,0.0,-0.0010000000000012221,0.0,0.0,4.587000000000003,0.0,0.0,-4.590000000000003,0.0,0.0,0.0,0.0,0.0,-0.0040000000000048885,0.0,0.0
ARG  82,R ARG  82,0.0,0.0,0.0,0.0,0.0,0.0,-4.83,0.0,0.0,4.832000000000001,0.0,0.0,0.0,0.0,0.0,0.001999999999981128,0.0,0.0
LEU  83,R LEU  83,0.0,0.0,0.0,0.0,0.0,0.0,-0.02599999999999625,0.0,0.0,0.02699999999999969,0.0,0.0,0.0,0.0,0.0,0.0010000000000029985,0.0,0.0
HID  84,R HID  84,0.0,0.0,0.0,-0.001000000000000334,0.0,0.0,0.0030000000000001137,0.0,0.0,-0.004000000000001336,0.0,0.0,0.0,0.0,0.0,-0.0020000000000024443,0.0,0.0
PRO  85,R PRO  85,0.0,0.0,0.0,-0.0009999999999998899,0.0,0.0,0.01999999999999602,0.0,0.0,-0.020000000000000462,0.0,0.0,0.0,0.0,0.0,-0.0010000000000118803,0.0,0.0
VAL  86,R VAL  86,0.0,0.0,0.0,0.0,0.0,0.0,-0.015000000000000568,0.0,0.0,0.01399999999999979,0.0,0.0,0.0,0.0,0.0,-0.0010000000000012221,0.0,0.0
HID  87,R HID  87,0.0,0.0,0.0,0.0,0.0,0.0,-0.0009999999999976694,0.0,0.0,0.0,0.0,0.0,0.0,0.0,0.0,-0.0009999999999976694,0.0,0.0
ALA  88,R ALA  88,0.0,0.0,0.0,0.0,0.0,0.0,-0.007999999999995566,0.0,0.0,0.008000000000000007,0.0,0.0,0.0,0.0,0.0,4.440892098500626e-15,0.0,0.0
GLY  89,R GLY  89,0.0,0.0,0.0,0.0,0.0,0.0,0.01099999999999568,0.0,0.0,-0.01100000000000012,0.0,0.0,0.0,0.0,0.0,-4.440892098500626e-15,0.0,0.0
PRO  90,R PRO  90,0.0,0.0,0.0,0.0,0.0,0.0,-0.015000000000000568,0.0,0.0,0.014000000000000234,0.0,0.0,0.0,0.0,0.0,-0.0010000000000012221,0.0,0.0
ILE  91,R ILE  91,0.0,0.0,0.0,-0.001000000000000334,0.0,0.0,-0.011000000000002785,0.0,0.0,0.01100000000000012,0.0,0.0,0.0,0.0,0.0,-0.0010000000000083276,0.0,0.0
ALA  92,R ALA  92,0.0,0.0,0.0,0.0,0.0,0.0,0.027999999999991587,0.0,0.0,-0.02799999999999958,0.0,0.0,0.0,0.0,0.0,-7.105427357601002e-15,0.0,0.0
PRO  93,R PRO  93,0.0,0.0,0.0,0.0,0.0,0.0,-0.006000000000000227,0.0,0.0,0.004999999999999893,0.0,0.0,0.0,0.0,0.0,-0.0009999999999976694,0.0,0.0
GLY  94,R GLY  94,0.0,0.0,0.0,0.0,0.0,0.0,0.0049999999999954525,0.0,0.0,-0.005999999999999339,0.0,0.0,0.0,0.0,0.0,-0.0010000000000038867,0.0,0.0
GLN  95,R GLN  95,0.0,0.0,0.0,0.0,0.0,0.0,0.03699999999999193,0.0,0.0,-0.036999999999999034,0.0,0.0,0.0,0.0,0.0,-7.105427357601002e-15,0.0,0.0
MET  96,R MET  96,0.0,0.0,0.0,0.0,0.0,0.0,-0.010000000000005116,0.0,0.0,0.009999999999999787,0.0,0.0,0.0,0.0,0.0,-5.329070518200751e-15,0.0,0.0
ARG  97,R ARG  97,0.0,0.0,0.0,0.0,0.0,0.0,-4.558,0.0,0.0,4.560000000000002,0.0,0.0,0.0,0.0,0.0,0.0020000000000095497,0.0,0.0
GLU  98,R GLU  98,0.0,0.0,0.0,-0.0009999999999994458,0.0,0.0,4.450000000000003,0.0,0.0,-4.451000000000008,0.0,0.0,0.0,0.0,0.0,-0.0020000000000095497,0.0,0.0
PRO  99,R PRO  99,0.0,0.0,0.0,-0.0010000000000012221,0.0,0.0,-0.027999999999998693,0.0,0.0,0.028999999999999915,0.0,0.0,0.0,0.0,0.0,0.0,0.0,0.0
ARG 100,R ARG 100,0.0,0.0,0.0,0.0,0.0,0.0,-4.532999999999998,0.0,0.0,4.533999999999999,0.0,0.0,0.0,0.0,0.0,0.0010000000000047748,0.0,0.0
GLY 101,R GLY 101,0.0,0.0,0.0,0.0,0.0,0.0,0.030000000000001137,0.0,0.0,-0.031000000000000028,0.0,0.0,0.0,0.0,0.0,-0.0009999999999994458,0.0,0.0
SER 102,R SER 102,0.0,0.0,0.0,-0.001000000000000334,0.0,0.0,0.016000000000005343,0.0,0.0,-0.015000000000000124,0.0,0.0,0.0,0.0,0.0,7.105427357601002e-15,0.0,0.0
ASP 103,R ASP 103,0.0,0.0,0.0,0.0,0.0,0.0,4.665000000000006,0.0,0.0,-4.668999999999997,0.0,0.0,0.0,0.0,0.0,-0.003999999999990678,0.0,0.0
ILE 104,R ILE 104,0.0,0.0,0.0,-0.0010000000000012221,0.0,0.0,0.04200000000000159,0.0,0.0,-0.041000000000000036,0.0,0.0,0.0,0.0,0.0,1.0658141036401503e-14,0.0,0.0
ALA 105,R ALA 105,0.0,0.0,0.0,0.0,0.0,0.0,0.01100000000000989,0.0,0.0,-0.009999999999999981,0.0,0.0,0.0,0.0,0.0,0.001000000000010104,0.0,0.0
GLY 106,R GLY 106,0.0,0.0,0.0,-0.001000000000000334,0.0,0.0,-0.000999999999990564,0.0,0.0,0.0019999999999997797,0.0,0.0,0.0,0.0,0.0,4.440892098500626e-15,0.0,0.0
THR 107,R THR 107,0.0,0.0,0.0,0.0,0.0,0.0,0.012999999999998124,0.0,0.0,-0.012000000000000455,0.0,0.0,0.0,0.0,0.0,0.0009999999999976694,0.0,0.0
THR 108,R THR 108,0.0,0.0,0.0,0.0,0.0,0.0,-0.012000000000000455,0.0,0.0,0.01200000000000001,0.0,0.0,0.0,0.0,0.0,0.0,0.0,0.0
SER 109,R SER 109,0.0,0.0,0.0,0.0,0.0,0.0,0.02200000000000557,0.0,0.0,-0.02200000000000024,0.0,0.0,0.0,0.0,0.0,5.329070518200751e-15,0.0,0.0
THR 110,R THR 110,0.0,0.0,0.0,0.0,0.0,0.0,-0.012000000000000455,0.0,0.0,0.0129999999999999,0.0,0.0,0.0,0.0,0.0,0.0009999999999976694,0.0,0.0
LEU 111,R LEU 111,0.0,0.0,0.0,0.0,0.0,0.0,-0.02400000000000091,0.0,0.0,0.02400000000000002,0.0,0.0,0.0,0.0,0.0,0.0,0.0,0.0
GLN 112,R GLN 112,0.0,0.0,0.0,0.0,0.0,0.0,0.020000000000010232,0.0,0.0,-0.019999999999999574,0.0,0.0,0.0,0.0,0.0,1.4210854715202004e-14,0.0,0.0
GLU 113,R GLU 113,0.0,0.0,0.0,0.0,0.0,0.0,4.632999999999996,0.0,0.0,-4.634999999999998,0.0,0.0,0.0,0.0,0.0,-0.0020000000000024443,0.0,0.0
GLN 114,R GLN 114,0.0,0.0,0.0,0.0,0.0,0.0,0.03100000000000591,0.0,0.0,-0.03200000000000003,0.0,0.0,0.0,0.0,0.0,-0.000999999999990564,0.0,0.0
ILE 115,R ILE 115,0.0,0.0,0.0,0.0,0.0,0.0,-0.01300000000000523,0.0,0.0,0.0129999999999999,0.0,0.0,0.0,0.0,0.0,-5.329070518200751e-15,0.0,0.0
GLY 116,R GLY 116,0.0,0.0,0.0,0.0,0.0,0.0,-0.013999999999995794,0.0,0.0,0.014000000000000012,0.0,0.0,0.0,0.0,0.0,4.440892098500626e-15,0.0,0.0
TRP 117,R TRP 117,0.0,0.0,0.0,0.0,0.0,0.0,-0.007999999999995566,0.0,0.0,0.007000000000000117,0.0,0.0,0.0,0.0,0.0,-0.0009999999999941167,0.0,0.0
MET 118,R MET 118,0.0,0.0,0.0,-0.0009999999999994458,0.0,0.0,-0.0030000000000001137,0.0,0.0,0.0030000000000001137,0.0,0.0,0.0,0.0,0.0,-0.000999999999990564,0.0,0.0
THR 119,R THR 119,0.0,0.0,0.0,0.0,0.0,0.0,-0.04299999999999926,0.0,0.0,0.04300000000000015,0.0,0.0,0.0,0.0,0.0,3.552713678800501e-15,0.0,0.0
HID 120,R HID 120,0.0,0.0,0.0,-0.0009999999999994458,0.0,0.0,0.017000000000003013,0.0,0.0,-0.017000000000001236,0.0,0.0,0.0,0.0,0.0,-0.0010000000000029985,0.0,0.0
ASN 121,R ASN 121,0.0,0.0,0.0,0.0,0.0,0.0,0.018999999999991246,0.0,0.0,-0.019000000000000128,0.0,0.0,0.0,0.0,0.0,-7.105427357601002e-15,0.0,0.0
PRO 122,R PRO 122,0.0,0.0,0.0,0.0,0.0,0.0,0.0,0.0,0.0,0.0,0.0,0.0,0.0,0.0,0.0,0.0,0.0,0.0
PRO 123,R PRO 123,0.0,0.0,0.0,0.0,0.0,0.0,0.009000000000000341,0.0,0.0,-0.008999999999999897,0.0,0.0,0.0,0.0,0.0,0.0,0.0,0.0
ILE 124,R ILE 124,0.0,0.0,0.0,0.0,0.0,0.0,-0.01899999999999835,0.0,0.0,0.019000000000000128,0.0,0.0,0.0,0.0,0.0,0.0,0.0,0.0
PRO 125,R PRO 125,0.0,0.0,0.0,-0.001000000000000334,0.0,0.0,0.015000000000000568,0.0,0.0,-0.016000000000000014,0.0,0.0,0.0,0.0,0.0,-0.0020000000000024443,0.0,0.0
VAL 126,R VAL 126,0.0,0.0,0.0,0.0,0.0,0.0,0.030999999999998806,0.0,0.0,-0.030999999999999917,0.0,0.0,0.0,0.0,0.0,0.0,0.0,0.0
GLY 127,R GLY 127,0.0,0.0,0.0,0.0,0.0,0.0,0.03699999999999193,0.0,0.0,-0.038000000000000034,0.0,0.0,0.0,0.0,0.0,-0.0010000000000074394,0.0,0.0
GLU 128,R GLU 128,0.0,0.0,0.0,-0.001000000000000334,0.0,0.0,5.698999999999998,0.0,0.0,-5.698999999999998,0.0,0.0,0.0,0.0,0.0,-0.0010000000000047748,0.0,0.0
ILE 129,R ILE 129,0.0,0.0,0.0,-0.0010000000000012221,0.0,0.0,0.0660000000000025,0.0,0.0,-0.06499999999999995,0.0,0.0,0.0,0.0,0.0,-1.7763568394002505e-15,0.0,0.0
TYR 130,R TYR 130,0.0,0.0,0.0,-0.0009999999999994458,0.0,0.0,0.0589999999999975,0.0,0.0,-0.05800000000000005,0.0,0.0,0.0,0.0,0.0,-7.105427357601002e-15,0.0,0.0
LYS 131,R LYS 131,0.0,0.0,0.0,-0.0010000000000012221,0.0,0.0,-5.937000000000012,0.0,0.0,5.934999999999999,0.0,0.0,0.0,0.0,0.0,-0.0029999999999894555,0.0,0.0
ARG 132,R ARG 132,0.0,0.0,0.0,-0.0010000000000012221,0.0,0.0,-5.276000000000003,0.0,0.0,5.276,0.0,0.0,0.0,0.0,0.0,-0.0010000000000047748,0.0,0.0
TRP 133,R TRP 133,0.0,0.0,0.0,-0.0009999999999976694,0.0,0.0,0.06100000000000705,0.0,0.0,-0.06099999999999994,0.0,0.0,0.0,0.0,0.0,-0.0009999999999976694,0.0,0.0
ILE 134,R ILE 134,0.0,0.0,0.0,-0.002000000000000668,0.0,0.0,0.09800000000001319,0.0,0.0,-0.09600000000000009,0.0,0.0,0.0,0.0,0.0,1.7763568394002505e-14,0.0,0.0
ILE 135,R ILE 135,0.0,0.0,0.0,-0.0009999999999994458,0.0,0.0,0.13999999999999346,0.0,0.0,-0.14000000000000012,0.0,0.0,0.0,0.0,0.0,-0.0010000000000118803,0.0,0.0
LEU 136,R LEU 136,0.0,0.0,0.0,-0.002000000000000668,0.0,0.0,0.15399999999999636,0.0,0.0,-0.15300000000000002,0.0,0.0,0.0,0.0,0.0,-0.0009999999999994458,0.0,0.0
GLY 137,R GLY 137,0.0,0.0,0.0,-0.001000000000000334,0.0,0.0,0.12400000000000944,0.0,0.0,-0.122,0.0,0.0,0.0,0.0,0.0,0.0010000000000189857,0.0,0.0
LEU 138,R LEU 138,0.0,0.0,0.0,-0.004999999999999005,0.0,0.0,0.22400000000000375,0.0,0.0,-0.2190000000000003,0.0,0.0,0.0,0.0,0.0,7.105427357601002e-15,0.0,0.0
ASN 139,R ASN 139,0.0,0.0,0.0,-0.002000000000000668,0.0,0.0,0.402000000000001,0.0,0.0,-0.39400000000000013,0.0,0.0,0.0,0.0,0.0,0.005999999999993122,0.0,0.0
LYS 140,R LYS 140,0.0,0.0,0.0,-0.002000000000000668,0.0,0.0,-5.800000000000011,0.0,0.0,5.808,0.0,0.0,0.0,0.0,0.0,0.006000000000007333,0.0,0.0
ILE 141,R ILE 141,0.0,0.0,0.0,-0.012000000000000455,0.0,0.0,0.02599999999999625,0.0,0.0,-0.020000000000000018,0.0,0.0,0.0,0.0,0.0,-0.00600000000000378,0.0,0.0
VAL 142,R VAL 142,0.0,0.0,0.0,-0.008000000000000007,0.0,0.0,0.2150000000000034,0.0,0.0,-0.19199999999999928,0.0,0.0,0.0,0.0,0.0,0.015000000000007674,0.0,0.0
ARG 143,R ARG 143,0.0,0.0,0.0,-0.006000000000000227,0.0,0.0,-6.902999999999999,0.0,0.0,6.922000000000004,0.0,0.0,0.0,0.0,0.0,0.012999999999976808,0.0,0.0
MET 144,R MET 144,0.0,0.0,0.0,-0.0129999999999999,0.0,0.0,-0.11700000000000443,0.0,0.0,0.16800000000000015,0.0,0.0,0.0,0.0,0.0,0.0380000000000047,0.0,0.0
TYR 145,R TYR 145,0.0,0.0,0.0,-0.30100000000000016,0.0,0.0,0.0030000000000001137,0.0,0.0,0.3689999999999998,0.0,0.0,-0.09748412000000001,0.0,0.0,-0.026484119999999223,0.0,0.0
SER 146,R SER 146,0.0,0.0,0.0,-0.07200000000000006,0.0,0.0,-0.4690000000000012,0.0,0.0,0.7189999999999994,0.0,0.0,0.0,0.0,0.0,0.1779999999999955,0.0,0.0
PRO 147,R PRO 147,0.0,0.0,0.0,-0.29000000000000004,0.0,0.0,-0.07900000000000063,0.0,0.0,0.3179999999999996,0.0,0.0,-0.013306099999999987,0.0,0.0,-0.06430609999999426,0.0,0.0
THR 148,R THR 148,0.0,0.0,0.0,-2.0860000000000003,0.0,0.0,2.831000000000003,0.0,0.0,-0.7459999999999987,0.0,0.0,-0.33524326,0.0,0.0,-0.33624325999998916,0.0,0.0
SER 149,R SER 149,0.0,0.0,0.0,-4.111000000000001,0.0,0.0,-4.7280000000000015,0.0,0.0,6.529000000000001,0.0,0.0,-0.36195302,0.0,0.0,-2.6719530199999975,0.0,0.0
ILE 150,R ILE 150,17.891000000000005,0.0,0.0,-8.198,0.0,0.0,-32.071,0.0,0.0,10.463,0.0,0.0,-1.2476569,0.0,0.0,-13.16265689999999,0.0,0.0
LEU 151,L LEU   1,18.751999999999995,0.0,0.0,-2.504,0.0,0.0,-24.87400000000001,0.0,0.0,0.9079999999999999,0.0,0.0,-0.21960755999999992,0.0,0.0,-7.937607560000019,0.0,0.0
ASP 152,L ASP   2,0.0,0.0,0.0,-2.033,0.0,0.0,14.048999999999992,0.0,0.0,-12.936999999999998,0.0,0.0,-0.19506037999999992,0.0,0.0,-1.1160603800000075,0.0,0.0
ILE 153,L ILE   3,0.0,0.0,0.0,-1.0899999999999999,0.0,0.0,-0.45999999999999375,0.0,0.0,0.536,0.0,0.0,-0.026894040000000008,0.0,0.0,-1.0408940399999977,0.0,0.0
ARG 154,L ARG   4,0.0,0.0,0.0,-0.12300000000000022,0.0,0.0,-14.653,0.0,0.0,14.777999999999999,0.0,0.0,0.0,0.0,0.0,0.001999999999981128,0.0,0.0
GLN 155,L GLN   5,0.0,0.0,0.0,-0.013999999999999346,0.0,0.0,0.023000000000010346,0.0,0.0,-0.009000000000000008,0.0,0.0,0.0,0.0,0.0,0.0,0.0,0.0
GLY 156,L GLY   6,0.0,0.0,0.0,-0.0030000000000001137,0.0,0.0,-0.04599999999999227,0.0,0.0,0.04700000000000015,0.0,0.0,0.0,0.0,0.0,-0.00199999999999223,0.0,0.0
PRO 157,L PRO   7,0.0,0.0,0.0,-0.0019999999999997797,0.0,0.0,-0.09700000000000131,0.0,0.0,0.09800000000000075,0.0,0.0,0.0,0.0,0.0,-0.0009999999999941167,0.0,0.0
LYS 158,L LYS   8,0.0,0.0,0.0,-0.001000000000000334,0.0,0.0,-9.482,0.0,0.0,9.479999999999997,0.0,0.0,0.0,0.0,0.0,-0.0029999999999930083,0.0,0.0
GLU 159,L GLU   9,0.0,0.0,0.0,-0.007000000000000561,0.0,0.0,13.087000000000003,0.0,0.0,-13.027999999999995,0.0,0.0,0.0,0.0,0.0,0.05200000000000671,0.0,0.0
PRO 160,L PRO  10,0.0,0.0,0.0,-0.0030000000000001137,0.0,0.0,0.2959999999999994,0.0,0.0,-0.29500000000000004,0.0,0.0,0.0,0.0,0.0,-0.002000000000000668,0.0,0.0
PHE 161,L PHE  11,0.0,0.0,0.0,-0.006000000000000227,0.0,0.0,0.2790000000000106,0.0,0.0,-0.2699999999999998,0.0,0.0,0.0,0.0,0.0,0.003000000000010772,0.0,0.0
ARG 162,L ARG  12,0.0,0.0,0.0,-0.0039999999999995595,0.0,0.0,-9.612,0.0,0.0,9.611999999999998,0.0,0.0,0.0,0.0,0.0,-0.003999999999990678,0.0,0.0
ASP 163,L ASP  13,0.0,0.0,0.0,-0.006000000000000227,0.0,0.0,11.980999999999995,0.0,0.0,-11.939000000000007,0.0,0.0,0.0,0.0,0.0,0.03599999999997294,0.0,0.0
TYR 164,L TYR  14,0.0,0.0,0.0,-0.0470000000000006,0.0,0.0,0.7439999999999998,0.0,0.0,-0.699,0.0,0.0,0.0,0.0,0.0,-0.001999999999995339,0.0,0.0
VAL 165,L VAL  15,0.0,0.0,0.0,-0.017999999999998906,0.0,0.0,0.42200000000000415,0.0,0.0,-0.41900000000000004,0.0,0.0,0.0,0.0,0.0,-0.01499999999998991,0.0,0.0
ASP 166,L ASP  16,0.0,0.0,0.0,-0.02200000000000024,0.0,0.0,13.092999999999996,0.0,0.0,-13.004000000000005,0.0,0.0,0.0,0.0,0.0,0.06699999999998596,0.0,0.0
ARG 167,L ARG  17,0.0,0.0,0.0,-0.09499999999999975,0.0,0.0,-14.921,0.0,0.0,14.979,0.0,0.0,0.0,0.0,0.0,-0.03699999999997772,0.0,0.0
PHE 168,L PHE  18,0.0,0.0,0.0,-1.202,0.0,0.0,0.4229999999999876,0.0,0.0,-0.17,0.0,0.0,-0.04304564,0.0,0.0,-0.9920456400000104,0.0,0.0
TYR 169,L TYR  19,0.0,0.0,0.0,-0.11599999999999966,0.0,0.0,0.37999999999999545,0.0,0.0,-0.25,0.0,0.0,0.0,0.0,0.0,0.013999999999995794,0.0,0.0
LYS 170,L LYS  20,0.0,0.0,0.0,-0.20900000000000052,0.0,0.0,-17.034000000000006,0.0,0.0,17.46,0.0,0.0,0.0,0.0,0.0,0.21699999999999164,0.0,0.0
THR 171,L THR  21,0.0,0.0,0.0,-1.7690000000000001,0.0,0.0,1.0830000000000055,0.0,0.0,-0.46399999999999997,0.0,0.0,-0.19897904,0.0,0.0,-1.3489790399999997,0.0,0.0
LEU 172,L LEU  22,0.0,0.0,0.0,-1.0520000000000014,0.0,0.0,0.7750000000000057,0.0,0.0,-0.5620000000000003,0.0,0.0,-0.02328974,0.0,0.0,-0.8622897400000014,0.0,0.0
ARG 173,L ARG  23,0.0,0.0,0.0,-1.560999999999999,0.0,0.0,-15.500999999999998,0.0,0.0,17.275,0.0,0.0,-0.265038,0.0,0.0,-0.05203800000001024,0.0,0.0
ALA 174,L ALA  24,0.0,0.0,0.0,-1.0699999999999998,0.0,0.0,-0.09999999999999432,0.0,0.0,0.7589999999999995,0.0,0.0,-0.2709241200000001,0.0,0.0,-0.6819241199999881,0.0,0.0
GLU 175,L GLU  25,0.0,0.0,0.0,-2.0010000000000003,0.0,0.0,21.136000000000003,0.0,0.0,-15.862000000000009,0.0,0.0,-0.2820297,0.0,0.0,2.9909702999999936,0.0,0.0
GLN 176,L GLN  26,0.0,0.0,0.0,-2.525,0.0,0.0,-0.018000000000000682,0.0,0.0,1.8239999999999998,0.0,0.0,-0.42367056,0.0,0.0,-1.1426705599999991,0.0,0.0
ALA 177,L ALA  27,0.0,0.0,0.0,-0.15800000000000036,0.0,0.0,-0.19199999999999307,0.0,0.0,0.33499999999999996,0.0,0.0,0.0,0.0,0.0,-0.014999999999994351,0.0,0.0
SER 178,L SER  28,0.0,0.0,0.0,-0.0699999999999994,0.0,0.0,0.769999999999996,0.0,0.0,-0.6480000000000001,0.0,0.0,0.0,0.0,0.0,0.0519999999999885,0.0,0.0
GLN 179,L GLN  29,0.0,0.0,0.0,-0.032999999999999474,0.0,0.0,0.519999999999996,0.0,0.0,-0.4090000000000007,0.0,0.0,0.0,0.0,0.0,0.07800000000000296,0.0,0.0
GLU 180,L GLU  30,0.0,0.0,0.0,-0.02499999999999991,0.0,0.0,14.242000000000004,0.0,0.0,-14.016000000000005,0.0,0.0,0.0,0.0,0.0,0.2009999999999934,0.0,0.0
VAL 181,L VAL  31,0.0,0.0,0.0,-0.07599999999999962,0.0,0.0,-0.5600000000000023,0.0,0.0,0.611,0.0,0.0,0.0,0.0,0.0,-0.02500000000000302,0.0,0.0
LYS 182,L LYS  32,0.0,0.0,0.0,-0.11299999999999955,0.0,0.0,-17.24499999999999,0.0,0.0,17.642,0.0,0.0,0.0,0.0,0.0,0.2840000000000096,0.0,0.0
ASN 183,L ASN  33,0.0,0.0,0.0,-0.01699999999999946,0.0,0.0,0.27300000000001035,0.0,0.0,-0.22799999999999976,0.0,0.0,0.0,0.0,0.0,0.02800000000002001,0.0,0.0
TRP 184,L TRP  34,0.0,0.0,0.0,-0.051000000000000156,0.0,0.0,0.000999999999990564,0.0,0.0,0.04299999999999926,0.0,0.0,0.0,0.0,0.0,-0.006999999999997897,0.0,0.0
MET 185,L MET  35,0.0,0.0,0.0,-0.8780000000000001,0.0,0.0,-0.22499999999999432,0.0,0.0,0.4909999999999999,0.0,0.0,-0.07598297999999998,0.0,0.0,-0.6879829799999948,0.0,0.0
THR 186,L THR  36,0.0,0.0,0.0,-0.04699999999999971,0.0,0.0,0.036999999999999034,0.0,0.0,0.0040000000000000036,0.0,0.0,0.0,0.0,0.0,-0.00600000000000378,0.0,0.0
GLU 187,L GLU  37,0.0,0.0,0.0,-0.011999999999999567,0.0,0.0,10.088000000000001,0.0,0.0,-10.039000000000001,0.0,0.0,0.0,0.0,0.0,0.03699999999999193,0.0,0.0
THR 188,L THR  38,0.0,0.0,0.0,-0.027000000000000135,0.0,0.0,-0.032999999999994145,0.0,0.0,0.08900000000000041,0.0,0.0,0.0,0.0,0.0,0.02900000000000702,0.0,0.0
LEU 189,L LEU  39,0.0,0.0,0.0,-0.7620000000000005,0.0,0.0,-0.09899999999999665,0.0,0.0,0.16200000000000003,0.0,0.0,-0.03379912,0.0,0.0,-0.7327991199999975,0.0,0.0
LEU 190,L LEU  40,0.0,0.0,0.0,-0.0470000000000006,0.0,0.0,0.2749999999999915,0.0,0.0,-0.2579999999999999,0.0,0.0,0.0,0.0,0.0,-0.030000000000020677,0.0,0.0
VAL 191,L VAL  41,0.0,0.0,0.0,-0.01100000000000012,0.0,0.0,0.00999999999999801,0.0,0.0,0.0030000000000001137,0.0,0.0,0.0,0.0,0.0,0.001999999999995339,0.0,0.0
GLN 192,L GLN  42,0.0,0.0,0.0,-0.03000000000000025,0.0,0.0,-0.6510000000000105,0.0,0.0,0.7230000000000008,0.0,0.0,0.0,0.0,0.0,0.041999999999994486,0.0,0.0
ASN 193,L ASN  43,0.0,0.0,0.0,-0.3849999999999998,0.0,0.0,-1.5630000000000024,0.0,0.0,1.5700000000000003,0.0,0.0,-0.0014363000000000006,0.0,0.0,-0.37943629999999473,0.0,0.0
ALA 194,L ALA  44,0.0,0.0,0.0,-0.008999999999999453,0.0,0.0,0.08500000000000796,0.0,0.0,-0.08000000000000007,0.0,0.0,0.0,0.0,0.0,-0.003999999999992454,0.0,0.0
ASN 195,L ASN  45,0.0,0.0,0.0,-0.0039999999999995595,0.0,0.0,-0.22500000000000853,0.0,0.0,0.23099999999999987,0.0,0.0,0.0,0.0,0.0,0.001999999999995339,0.0,0.0
PRO 196,L PRO  46,0.0,0.0,0.0,-0.0019999999999997797,0.0,0.0,-0.10600000000000165,0.0,0.0,0.10600000000000076,0.0,0.0,0.0,0.0,0.0,-0.0020000000000095497,0.0,0.0
ASP 197,L ASP  47,0.0,0.0,0.0,-0.002000000000000668,0.0,0.0,8.798000000000002,0.0,0.0,-8.787999999999997,0.0,0.0,0.0,0.0,0.0,0.007999999999995566,0.0,0.0
CYX 198,L CYX  48,0.0,0.0,0.0,-0.0009999999999994458,0.0,0.0,-0.1530000000000058,0.0,0.0,0.15600000000000014,0.0,0.0,0.0,0.0,0.0,0.0019999999999900098,0.0,0.0
LYS 199,L LYS  49,0.0,0.0,0.0,-0.005000000000000782,0.0,0.0,-11.378,0.0,0.0,11.400000000000002,0.0,0.0,0.0,0.0,0.0,0.016999999999992355,0.0,0.0
THR 200,L THR  50,0.0,0.0,0.0,-0.0009999999999994458,0.0,0.0,-0.13799999999999812,0.0,0.0,0.13800000000000034,0.0,0.0,0.0,0.0,0.0,-0.0009999999999941167,0.0,0.0
ILE 201,L ILE  51,0.0,0.0,0.0,0.0,0.0,0.0,-0.14399999999999835,0.0,0.0,0.14500000000000002,0.0,0.0,0.0,0.0,0.0,0.0010000000000012221,0.0,0.0
LEU 202,L LEU  52,0.0,0.0,0.0,-0.0009999999999994458,0.0,0.0,-0.13000000000000966,0.0,0.0,0.13100000000000023,0.0,0.0,0.0,0.0,0.0,-7.105427357601002e-15,0.0,0.0
LYS 203,L LYS  53,0.0,0.0,0.0,-0.0009999999999994458,0.0,0.0,-8.741,0.0,0.0,8.739,0.0,0.0,0.0,0.0,0.0,-0.0030000000000036664,0.0,0.0
ALA 204,L ALA  54,0.0,0.0,0.0,0.0,0.0,0.0,-0.09300000000000352,0.0,0.0,0.09200000000000053,0.0,0.0,0.0,0.0,0.0,-0.0010000000000029985,0.0,0.0
LEU 205,L LEU  55,0.0,0.0,0.0,-0.001000000000000334,0.0,0.0,-0.09100000000000819,0.0,0.0,0.09199999999999964,0.0,0.0,0.0,0.0,0.0,-1.4210854715202004e-14,0.0,0.0
GLY 206,L GLY  56,0.0,0.0,0.0,0.0,0.0,0.0,0.13100000000000023,0.0,0.0,-0.129999999999999,0.0,0.0,0.0,0.0,0.0,0.0010000000000012221,0.0,0.0
PRO 207,L PRO  57,0.0,0.0,0.0,-0.0009999999999998899,0.0,0.0,-0.15200000000000102,0.0,0.0,0.15300000000000047,0.0,0.0,0.0,0.0,0.0,-5.329070518200751e-15,0.0,0.0
GLY 208,L GLY  58,0.0,0.0,0.0,-0.0009999999999998899,0.0,0.0,-0.14300000000000068,0.0,0.0,0.14399999999999924,0.0,0.0,0.0,0.0,0.0,1.7763568394002505e-15,0.0,0.0
ALA 209,L ALA  59,0.0,0.0,0.0,-0.001000000000000334,0.0,0.0,0.18500000000000227,0.0,0.0,-0.18199999999999994,0.0,0.0,0.0,0.0,0.0,0.00200000000001177,0.0,0.0
THR 210,L THR  60,0.0,0.0,0.0,-0.0009999999999998899,0.0,0.0,-0.0379999999999967,0.0,0.0,0.040999999999999925,0.0,0.0,0.0,0.0,0.0,0.002000000000005997,0.0,0.0
LEU 211,L LEU  61,0.0,0.0,0.0,-0.0039999999999995595,0.0,0.0,-0.030000000000001137,0.0,0.0,0.03299999999999992,0.0,0.0,0.0,0.0,0.0,-0.0009999999999976694,0.0,0.0
GLU 212,L GLU  62,0.0,0.0,0.0,-0.0009999999999994458,0.0,0.0,9.254999999999995,0.0,0.0,-9.24600000000001,0.0,0.0,0.0,0.0,0.0,0.007999999999981355,0.0,0.0
GLU 213,L GLU  63,0.0,0.0,0.0,-0.001000000000000334,0.0,0.0,7.942999999999998,0.0,0.0,-7.938000000000002,0.0,0.0,0.0,0.0,0.0,0.003999999999990678,0.0,0.0
MET 214,L MET  64,0.0,0.0,0.0,-0.0019999999999988916,0.0,0.0,0.047000000000011255,0.0,0.0,-0.04300000000000015,0.0,0.0,0.0,0.0,0.0,0.002000000000015767,0.0,0.0
MET 215,L MET  65,0.0,0.0,0.0,-0.002000000000000668,0.0,0.0,-0.14500000000001023,0.0,0.0,0.1479999999999997,0.0,0.0,0.0,0.0,0.0,0.0009999999999941167,0.0,0.0
THR 216,L THR  66,0.0,0.0,0.0,-0.0009999999999994458,0.0,0.0,-0.03899999999999437,0.0,0.0,0.0389999999999997,0.0,0.0,0.0,0.0,0.0,-0.000999999999990564,0.0,0.0
ALA 217,L ALA  67,0.0,0.0,0.0,-0.001000000000000334,0.0,0.0,-0.07900000000000063,0.0,0.0,0.07899999999999974,0.0,0.0,0.0,0.0,0.0,-0.0009999999999914522,0.0,0.0
CYX 218,L CYX  68,0.0,0.0,0.0,-0.0009999999999994458,0.0,0.0,0.07099999999999795,0.0,0.0,-0.06999999999999984,0.0,0.0,0.0,0.0,0.0,7.993605777301127e-15,0.0,0.0
GLN 219,L GLN  69,0.0,0.0,0.0,-0.001000000000000334,0.0,0.0,0.1490000000000009,0.0,0.0,-0.14700000000000024,0.0,0.0,0.0,0.0,0.0,0.0010000000000047748,0.0,0.0
GLY 220,L GLY  70,0.0,0.0,0.0,0.0,0.0,0.0,-0.15399999999999636,0.0,0.0,0.15399999999999991,0.0,0.0,0.0,0.0,0.0,3.552713678800501e-15,0.0,0.0
VAL 221,L VAL  71,0.0,0.0,0.0,-0.0009999999999998899,0.0,0.0,9.841000000000001,0.0,0.0,-9.831000000000003,0.0,0.0,0.0,0.0,0.0,0.00899999999998613,0.0,0.0

idecomp = 1: Per-residue decomp adding 1-4 interactions to Internal.
Energy Decomposition Analysis (All units kcal/mol): Poisson Boltzmann solvent
Complex:
Total Energy Decomposition:
Residue,Internal,,,van der Waals,,,Electrostatic,,,Polar Solvation,,,Non-Polar Solv.,,,TOTAL,,
,Avg.,Std. Dev.,Std. Err. of Mean,Avg.,Std. Dev.,Std. Err. of Mean,Avg.,Std. Dev.,Std. Err. of Mean,Avg.,Std. Dev.,Std. Err. of Mean,Avg.,Std. Dev.,Std. Err. of Mean,Avg.,Std. Dev.,Std. Err. of Mean
PRO   1,99.84,0.0,0.0,-6.857,0.0,0.0,-106.249,0.0,0.0,12.227,0.0,0.0,0.0,0.0,0.0,-1.0389999999999908,0.0,0.0
ILE   2,91.211,0.0,0.0,-7.957,0.0,0.0,-66.465,0.0,0.0,-2.949,0.0,0.0,0.0,0.0,0.0,13.840000000000002,0.0,0.0
VAL   3,61.743,0.0,0.0,-5.045,0.0,0.0,-58.645,0.0,0.0,-1.414,0.0,0.0,0.0,0.0,0.0,-3.3610000000000024,0.0,0.0
GLN   4,28.449,0.0,0.0,-6.412,0.0,0.0,-60.769,0.0,0.0,-11.574,0.0,0.0,0.0,0.0,0.0,-50.306,0.0,0.0
ASN   5,40.849,0.0,0.0,-6.579,0.0,0.0,-79.454,0.0,0.0,-11.467,0.0,0.0,0.0,0.0,0.0,-56.650999999999996,0.0,0.0
LEU   6,80.406,0.0,0.0,-2.781,0.0,0.0,-72.955,0.0,0.0,-7.001,0.0,0.0,0.0,0.0,0.0,-2.3309999999999986,0.0,0.0
GLN   7,36.833,0.0,0.0,-5.432,0.0,0.0,-69.011,0.0,0.0,-15.129,0.0,0.0,0.0,0.0,0.0,-52.739,0.0,0.0
GLY   8,78.287,0.0,0.0,-3.156,0.0,0.0,-73.442,0.0,0.0,-3.681,0.0,0.0,0.0,0.0,0.0,-1.9919999999999929,0.0,0.0
GLN   9,39.148,0.0,0.0,-7.297,0.0,0.0,-76.812,0.0,0.0,-8.808,0.0,0.0,0.0,0.0,0.0,-53.769,0.0,0.0
MET  10,97.887,0.0,0.0,-8.723,0.0,0.0,-76.629,0.0,0.0,-5.969,0.0,0.0,0.0,0.0,0.0,6.565999999999996,0.0,0.0
VAL  11,49.659,0.0,0.0,-4.934,0.0,0.0,-48.481,0.0,0.0,-1.503,0.0,0.0,0.0,0.0,0.0,-5.259,0.0,0.0
HID  12,98.759,0.0,0.0,-10.587,0.0,0.0,-67.129,0.0,0.0,-5.872,0.0,0.0,0.0,0.0,0.0,15.170999999999992,0.0,0.0
GLN  13,40.108,0.0,0.0,-5.706,0.0,0.0,-75.71,0.0,0.0,-6.354,0.0,0.0,0.0,0.0,0.0,-47.662,0.0,0.0
ALA  14,99.426,0.0,0.0,-4.226,0.0,0.0,-84.808,0.0,0.0,-1.192,0.0,0.0,0.0,0.0,0.0,9.199999999999996,0.0,0.0
ILE  15,96.558,0.0,0.0,-9.468,0.0,0.0,-75.566,0.0,0.0,-3.103,0.0,0.0,0.0,0.0,0.0,8.421000000000001,0.0,0.0
SER  16,67.493,0.0,0.0,-5.539,0.0,0.0,-49.663,0.0,0.0,-9.705,0.0,0.0,0.0,0.0,0.0,2.5859999999999967,0.0,0.0
PRO  17,88.501,0.0,0.0,-3.411,0.0,0.0,-59.412,0.0,0.0,-4.42,0.0,0.0,0.0,0.0,0.0,21.258000000000003,0.0,0.0
ARG  18,-185.217,0.0,0.0,-6.187,0.0,0.0,65.339,0.0,0.0,-38.575,0.0,0.0,0.0,0.0,0.0,-164.64000000000004,0.0,0.0
THR  19,43.716,0.0,0.0,-6.236,0.0,0.0,-51.2,0.0,0.0,-6.908,0.0,0.0,0.0,0.0,0.0,-20.628,0.0,0.0
LEU  20,59.539,0.0,0.0,-10.92,0.0,0.0,-60.989,0.0,0.0,-2.387,0.0,0.0,0.0,0.0,0.0,-14.756999999999998,0.0,0.0
ASN  21,31.954,0.0,0.0,-5.016,0.0,0.0,-85.912,0.0,0.0,-11.264,0.0,0.0,0.0,0.0,0.0,-70.238,0.0,0.0
ALA  22,94.479,0.0,0.0,-4.399,0.0,0.0,-81.382,0.0,0.0,-2.687,0.0,0.0,0.0,0.0,0.0,6.010999999999994,0.0,0.0
TRP  23,135.321,0.0,0.0,-17.765,0.0,0.0,-91.765,0.0,0.0,-2.89,0.0,0.0,0.0,0.0,0.0,22.900999999999996,0.0,0.0
VAL  24,61.17,0.0,0.0,-7.998,0.0,0.0,-53.192,0.0,0.0,-4.154,0.0,0.0,0.0,0.0,0.0,-4.173999999999996,0.0,0.0
LYS  25,130.53,0.0,0.0,-4.734,0.0,0.0,-163.181,0.0,0.0,27.2,0.0,0.0,0.0,0.0,0.0,-10.185000000000006,0.0,0.0
VAL  26,65.887,0.0,0.0,-6.924,0.0,0.0,-62.578,0.0,0.0,-4.913,0.0,0.0,0.0,0.0,0.0,-8.528000000000002,0.0,0.0
VAL  27,44.978,0.0,0.0,-9.001,0.0,0.0,-44.144,4.76837158203125e-07,4.76837158203125e-07,-4.672,0.0,0.0,0.0,0.0,0.0,-12.838999999999995,0.0,0.0
GLU  28,97.791,0.0,0.0,-5.229,0.0,0.0,-63.806,0.0,0.0,-89.053,0.0,0.0,0.0,0.0,0.0,-60.297,0.0,0.0
GLU  29,108.376,0.0,0.0,-5.429,0.0,0.0,-34.763,0.0,0.0,-123.069,0.0,0.0,0.0,0.0,0.0,-54.885000000000005,0.0,0.0
LYS  30,117.44,0.0,0.0,-8.2,0.0,0.0,-144.293,0.0,0.0,26.513,0.0,0.0,0.0,0.0,0.0,-8.54000000000001,0.0,0.0
ALA  31,87.258,0.0,0.0,-4.165,0.0,0.0,-78.218,0.0,0.0,-2.833,0.0,0.0,0.0,0.0,0.0,2.0419999999999856,0.0,0.0
PHE  32,105.311,0.0,0.0,-11.322,0.0,0.0,-79.986,0.0,0.0,-1.795,0.0,0.0,0.0,0.0,0.0,12.208,0.0,0.0
SER  33,88.839,0.0,0.0,-7.427,0.0,0.0,-70.34,0.0,0.0,-2.448,0.0,0.0,0.0,0.0,0.0,8.624000000000002,0.0,0.0
PRO  34,76.542,0.0,0.0,-7.305,0.0,0.0,-55.274,0.0,0.0,-1.538,0.0,0.0,0.0,0.0,0.0,12.424999999999994,0.0,0.0
GLU  35,99.889,0.0,0.0,-6.418,0.0,0.0,-85.978,0.0,0.0,-68.86,0.0,0.0,0.0,0.0,0.0,-61.367000000000004,0.0,0.0
VAL  36,54.843,0.0,0.0,-9.167,0.0,0.0,-59.034,0.0,0.0,-0.209,0.0,0.0,0.0,0.0,0.0,-13.566999999999997,0.0,0.0
ILE  37,89.7,0.0,0.0,-9.055,0.0,0.0,-59.696,0.0,0.0,-0.592,0.0,0.0,0.0,0.0,0.0,20.357000000000014,0.0,0.0
PRO  38,86.474,0.0,0.0,-6.481,0.0,0.0,-58.372,0.0,0.0,-2.028,0.0,0.0,0.0,0.0,0.0,19.59300000000001,0.0,0.0
MET  39,88.327,0.0,0.0,-8.261,0.0,0.0,-69.08,0.0,0.0,-3.69,0.0,0.0,0.0,0.0,0.0,7.296000000000005,0.0,0.0
PHE  40,103.202,0.0,0.0,-13.81,0.0,0.0,-83.684,0.0,0.0,-0.954,0.0,0.0,0.0,0.0,0.0,4.753999999999999,0.0,0.0
SER  41,58.02,0.0,0.0,-7.644,0.0,0.0,-47.357,0.0,0.0,-5.38,0.0,0.0,0.0,0.0,0.0,-2.3609999999999944,0.0,0.0
ALA  42,88.795,0.0,0.0,-5.003,0.0,0.0,-69.413,0.0,0.0,-3.296,0.0,0.0,0.0,0.0,0.0,11.083000000000006,0.0,0.0
LEU  43,85.845,0.0,0.0,-9.292,0.0,0.0,-83.17,0.0,0.0,-2.422,0.0,0.0,0.0,0.0,0.0,-9.039000000000005,0.0,0.0
SER  44,75.592,0.0,0.0,-7.835,0.0,0.0,-75.204,0.0,0.0,-0.287,0.0,0.0,0.0,0.0,0.0,-7.733999999999988,0.0,0.0
GLU  45,100.584,0.0,0.0,-6.366,0.0,0.0,-71.116,0.0,0.0,-83.026,0.0,0.0,0.0,0.0,0.0,-59.92399999999999,0.0,0.0
GLY  46,67.529,0.0,0.0,-3.718,0.0,0.0,-67.349,0.0,0.0,0.055,0.0,0.0,0.0,0.0,0.0,-3.4830000000000108,0.0,0.0
ALA  47,98.144,0.0,0.0,-7.491,0.0,0.0,-86.137,0.0,0.0,-1.682,0.0,0.0,0.0,0.0,0.0,2.8340000000000054,0.0,0.0
THR  48,55.331,0.0,0.0,-9.218,0.0,0.0,-58.623,0.0,0.0,-0.656,0.0,0.0,0.0,0.0,0.0,-13.165999999999999,0.0,0.0
PRO  49,78.942,0.0,0.0,-9.739,0.0,0.0,-54.975,0.0,0.0,0.111,0.0,0.0,0.0,0.0,0.0,14.338999999999988,0.0,0.0
GLN  50,28.307,0.0,0.0,-7.063,0.0,0.0,-70.572,0.0,0.0,-9.014,0.0,0.0,0.0,0.0,0.0,-58.342,0.0,0.0
ASP  51,90.802,0.0,0.0,-11.219,0.0,0.0,-122.707,0.0,0.0,-20.398,0.0,0.0,0.0,0.0,0.0,-63.52199999999998,0.0,0.0
LEU  52,66.103,0.0,0.0,-13.446,0.0,0.0,-69.349,0.0,0.0,0.371,0.0,0.0,0.0,0.0,0.0,-16.32100000000001,0.0,0.0
ASN  53,31.392,0.0,0.0,-7.578,0.0,0.0,-101.001,0.0,0.0,-1.688,0.0,0.0,0.0,0.0,0.0,-78.87500000000001,0.0,0.0
THR  54,55.415,0.0,0.0,-6.385,0.0,0.0,-70.883,0.0,0.0,-0.37,0.0,0.0,0.0,0.0,0.0,-22.222999999999995,0.0,0.0
MET  55,84.249,0.0,0.0,-12.533,0.0,0.0,-66.016,0.0,0.0,-0.851,0.0,0.0,0.0,0.0,0.0,4.848999999999989,0.0,0.0
LEU  56,60.408,0.0,0.0,-8.813,0.0,0.0,-63.709,0.0,0.0,-1.781,0.0,0.0,0.0,0.0,0.0,-13.895000000000005,0.0,0.0
ASN  57,31.256,0.0,0.0,-6.18,0.0,0.0,-87.502,0.0,0.0,-9.986,0.0,0.0,0.0,0.0,0.0,-72.41199999999999,0.0,0.0
THR  58,61.858,0.0,0.0,-6.377,0.0,0.0,-65.63,0.0,0.0,-2.494,0.0,0.0,0.0,0.0,0.0,-12.643,0.0,0.0
VAL  59,50.48,0.0,0.0,-7.535,0.0,0.0,-46.525,0.0,0.0,-0.299,0.0,0.0,0.0,0.0,0.0,-3.8790000000000053,0.0,0.0
ALA  60,93.994,0.0,0.0,-4.137,0.0,0.0,-66.817,0.0,0.0,-1.198,0.0,0.0,0.0,0.0,0.0,21.842000000000006,0.0,0.0
PRO  61,80.915,0.0,0.0,-6.154,0.0,0.0,-56.784,0.0,0.0,-2.39,0.0,0.0,0.0,0.0,0.0,15.58700000000001,0.0,0.0
HID  62,97.949,0.0,0.0,-9.187,0.0,0.0,-71.738,0.0,0.0,-2.851,0.0,0.0,0.0,0.0,0.0,14.173000000000002,0.0,0.0
GLN  63,32.064,0.0,0.0,-7.667,0.0,0.0,-63.758,0.0,0.0,-12.333,0.0,0.0,0.0,0.0,0.0,-51.694,0.0,0.0
ALA  64,86.206,0.0,0.0,-4.928,0.0,0.0,-70.896,0.0,0.0,-4.249,0.0,0.0,0.0,0.0,0.0,6.133000000000005,0.0,0.0
ALA  65,94.065,0.0,0.0,-6.935,0.0,0.0,-77.134,0.0,0.0,-2.041,0.0,0.0,0.0,0.0,0.0,7.954999999999995,0.0,0.0
ALA  66,94.272,0.0,0.0,-6.295,0.0,0.0,-83.209,0.0,0.0,-0.779,0.0,0.0,0.0,0.0,0.0,3.9890000000000008,0.0,0.0
GLN  67,35.405,0.0,0.0,-7.595,0.0,0.0,-81.035,0.0,0.0,-5.901,0.0,0.0,0.0,0.0,0.0,-59.12599999999999,0.0,0.0
MET  68,95.373,0.0,0.0,-8.541,0.0,0.0,-76.648,0.0,0.0,-1.626,0.0,0.0,0.0,0.0,0.0,8.558000000000012,0.0,0.0
LEU  69,87.616,0.0,0.0,-11.304,0.0,0.0,-83.414,0.0,0.0,-2.003,0.0,0.0,0.0,0.0,0.0,-9.105000000000004,0.0,0.0
LYS  70,123.54,0.0,0.0,-8.182,0.0,0.0,-115.982,0.0,0.0,-11.214,0.0,0.0,0.0,0.0,0.0,-11.837999999999996,0.0,0.0
GLU  71,112.177,0.0,0.0,-6.84,0.0,0.0,-69.299,0.0,0.0,-93.09,0.0,0.0,0.0,0.0,0.0,-57.05200000000001,0.0,0.0
THR  72,50.333,0.0,0.0,-8.621,0.0,0.0,-54.134,0.0,0.0,-4.269,0.0,0.0,0.0,0.0,0.0,-16.691000000000003,0.0,0.0
ILE  73,74.459,0.0,0.0,-8.325,0.0,0.0,-55.644,0.0,0.0,-2.069,0.0,0.0,0.0,0.0,0.0,8.421000000000003,0.0,0.0
ASN  74,18.331,0.0,0.0,-6.842,0.0,0.0,-79.249,0.0,0.0,-6.464,0.0,0.0,0.0,0.0,0.0,-74.22399999999999,0.0,0.0
GLU  75,107.201,0.0,0.0,-5.983,0.0,0.0,-42.25,0.0,0.0,-115.978,0.0,0.0,0.0,0.0,0.0,-57.010000000000005,0.0,0.0
GLU  76,102.192,0.0,0.0,-9.977,0.0,0.0,-79.713,0.0,0.0,-60.836,0.0,0.0,0.0,0.0,0.0,-48.334,0.0,0.0
ALA  77,82.86,0.0,0.0,-7.869,0.0,0.0,-70.185,0.0,0.0,-0.642,0.0,0.0,0.0,0.0,0.0,4.163999999999997,0.0,0.0
ALA  78,90.812,0.0,0.0,-4.054,0.0,0.0,-85.397,0.0,0.0,1.067,0.0,0.0,0.0,0.0,0.0,2.42799999999999,0.0,0.0
GLU  79,108.529,0.0,0.0,-7.791,0.0,0.0,-78.397,0.0,0.0,-78.88,0.0,0.0,0.0,0.0,0.0,-56.539,0.0,0.0
TRP  80,112.508,0.0,0.0,-14.771,0.0,0.0,-85.702,0.0,0.0,-1.959,0.0,0.0,0.0,0.0,0.0,10.075999999999997,0.0,0.0
ASP  81,118.145,0.0,0.0,-8.364,0.0,0.0,-87.109,0.0,0.0,-80.761,0.0,0.0,0.0,0.0,0.0,-58.089,0.0,0.0
ARG  82,-200.517,0.0,0.0,-5.011,0.0,0.0,-3.614,0.0,0.0,33.258,0.0,0.0,0.0,0.0,0.0,-175.884,0.0,0.0
LEU  83,73.411,0.0,0.0,-5.666,0.0,0.0,-74.613,0.0,0.0,-2.355,0.0,0.0,0.0,0.0,0.0,-9.222999999999995,0.0,0.0
HID  84,117.779,0.0,0.0,-7.891,0.0,0.0,-74.783,0.0,0.0,-6.999,0.0,0.0,0.0,0.0,0.0,28.10599999999999,0.0,0.0
PRO  85,90.037,0.0,0.0,-3.226,0.0,0.0,-62.691,0.0,0.0,-6.088,0.0,0.0,0.0,0.0,0.0,18.032000000000004,0.0,0.0
VAL  86,53.09,0.0,0.0,-2.644,0.0,0.0,-54.588,0.0,0.0,-3.244,0.0,0.0,0.0,0.0,0.0,-7.385999999999996,0.0,0.0
HID  87,90.892,0.0,0.0,-6.582,0.0,0.0,-59.297,0.0,0.0,-7.08,0.0,0.0,0.0,0.0,0.0,17.933000000000007,0.0,0.0
ALA  88,86.132,0.0,0.0,-1.682,0.0,0.0,-70.804,0.0,0.0,-5.727,0.0,0.0,0.0,0.0,0.0,7.9190000000000005,0.0,0.0
GLY  89,93.645,0.0,0.0,-2.2,0.0,0.0,-79.441,0.0,0.0,-3.835,0.0,0.0,0.0,0.0,0.0,8.16899999999999,0.0,0.0
PRO  90,86.049,0.0,0.0,-2.826,0.0,0.0,-60.087,0.0,0.0,-4.996,0.0,0.0,0.0,0.0,0.0,18.140000000000008,0.0,0.0
ILE  91,79.128,0.0,0.0,-5.575,0.0,0.0,-60.908,0.0,0.0,-3.457,0.0,0.0,0.0,0.0,0.0,9.187999999999995,0.0,0.0
ALA  92,93.326,0.0,0.0,-3.005,0.0,0.0,-68.968,0.0,0.0,-3.598,0.0,0.0,0.0,0.0,0.0,17.754999999999995,0.0,0.0
PRO  93,82.123,0.0,0.0,-2.573,0.0,0.0,-57.976,0.0,0.0,-4.646,0.0,0.0,0.0,0.0,0.0,16.92800000000001,0.0,0.0
GLY  94,70.99,0.0,0.0,-1.904,0.0,0.0,-66.286,0.0,0.0,-5.662,0.0,0.0,0.0,0.0,0.0,-2.8620000000000028,0.0,0.0
GLN  95,39.01,0.0,0.0,-5.354,0.0,0.0,-73.62,0.0,0.0,-11.898,0.0,0.0,0.0,0.0,0.0,-51.86200000000001,0.0,0.0
MET  96,100.431,0.0,0.0,-7.089,0.0,0.0,-71.852,0.0,0.0,-8.836,0.0,0.0,0.0,0.0,0.0,12.653999999999995,0.0,0.0
ARG  97,-191.577,0.0,0.0,-6.627,0.0,0.0,-25.132,0.0,0.0,36.408,0.0,0.0,0.0,0.0,0.0,-186.928,0.0,0.0
GLU  98,107.159,0.0,0.0,-6.06,0.0,0.0,-77.478,0.0,0.0,-69.005,0.0,0.0,0.0,0.0,0.0,-45.383999999999986,0.0,0.0
PRO  99,92.529,0.0,0.0,-9.637,0.0,0.0,-59.519,0.0,0.0,-3.825,0.0,0.0,0.0,0.0,0.0,19.548,0.0,0.0
ARG 100,-190.207,0.0,0.0,-10.624,0.0,0.0,-35.464,0.0,0.0,55.327,0.0,0.0,0.0,0.0,0.0,-180.968,0.0,0.0
GLY 101,78.351,0.0,0.0,-5.764,0.0,0.0,-83.554,0.0,0.0,1.826,0.0,0.0,0.0,0.0,0.0,-9.140999999999998,0.0,0.0
SER 102,69.422,0.0,0.0,-6.436,0.0,0.0,-66.972,0.0,0.0,-1.415,0.0,0.0,0.0,0.0,0.0,-5.400999999999997,0.0,0.0
ASP 103,94.464,0.0,0.0,-7.912,0.0,0.0,-97.172,0.0,0.0,-45.014,0.0,0.0,0.0,0.0,0.0,-55.63400000000001,0.0,0.0
ILE 104,81.244,0.0,0.0,-11.957,0.0,0.0,-60.61,0.0,0.0,0.793,0.0,0.0,0.0,0.0,0.0,9.470000000000006,0.0,0.0
ALA 105,87.721,0.0,0.0,-5.117,0.0,0.0,-77.954,0.0,0.0,0.07,0.0,0.0,0.0,0.0,0.0,4.720000000000006,0.0,0.0
GLY 106,88.018,0.0,0.0,-4.78,0.0,0.0,-84.329,0.0,0.0,-4.118,0.0,0.0,0.0,0.0,0.0,-5.208999999999994,0.0,0.0
THR 107,58.125,0.0,0.0,-4.294,0.0,0.0,-56.094,0.0,0.0,-7.64,0.0,0.0,0.0,0.0,0.0,-9.902999999999999,0.0,0.0
THR 108,35.9,0.0,0.0,-2.863,0.0,0.0,-52.154,0.0,0.0,-3.401,0.0,0.0,0.0,0.0,0.0,-22.518000000000004,0.0,0.0
SER 109,75.509,0.0,0.0,-5.845,0.0,0.0,-69.161,0.0,0.0,-2.499,0.0,0.0,0.0,0.0,0.0,-1.996,0.0,0.0
THR 110,25.071,0.0,0.0,-6.046,0.0,0.0,-32.35,0.0,0.0,-5.559,0.0,0.0,0.0,0.0,0.0,-18.884,0.0,0.0
LEU 111,61.94,0.0,0.0,-5.892,0.0,0.0,-66.982,0.0,0.0,-1.636,0.0,0.0,0.0,0.0,0.0,-12.570000000000004,0.0,0.0
GLN 112,36.618,0.0,0.0,-6.449,0.0,0.0,-75.163,0.0,0.0,-11.678,0.0,0.0,0.0,0.0,0.0,-56.672,0.0,0.0
GLU 113,106.939,0.0,0.0,-6.301,0.0,0.0,-99.985,0.0,0.0,-50.967,0.0,0.0,0.0,0.0,0.0,-50.31400000000001,0.0,0.0
GLN 114,35.94,0.0,0.0,-12.105,0.0,0.0,-82.655,0.0,0.0,-0.628,0.0,0.0,0.0,0.0,0.0,-59.44800000000001,0.0,0.0
ILE 115,82.374,0.0,0.0,-6.719,0.0,0.0,-71.635,0.0,0.0,-1.116,0.0,0.0,0.0,0.0,0.0,2.903999999999996,0.0,0.0
GLY 116,81.63,0.0,0.0,-4.554,0.0,0.0,-77.657,0.0,0.0,-0.375,0.0,0.0,0.0,0.0,0.0,-0.9560000000000031,0.0,0.0
TRP 117,128.772,0.0,0.0,-17.99,0.0,0.0,-91.176,0.0,0.0,-1.753,0.0,0.0,0.0,0.0,0.0,17.852999999999994,0.0,0.0
MET 118,98.855,0.0,0.0,-11.418,0.0,0.0,-80.595,0.0,0.0,-1.913,0.0,0.0,0.0,0.0,0.0,4.929000000000013,0.0,0.0
THR 119,39.921,0.0,0.0,-5.748,0.0,0.0,-49.018,0.0,0.0,-5.281,0.0,0.0,0.0,0.0,0.0,-20.125999999999998,0.0,0.0
HID 120,92.152,0.0,0.0,-7.358,0.0,0.0,-55.448,0.0,0.0,-11.55,0.0,0.0,0.0,0.0,0.0,17.795999999999996,0.0,0.0
ASN 121,53.254,0.0,0.0,-3.709,0.0,0.0,-89.203,0.0,0.0,-12.236,0.0,0.0,0.0,0.0,0.0,-51.894000000000005,0.0,0.0
PRO 122,96.164,0.0,0.0,-4.141,0.0,0.0,-57.63,0.0,0.0,-3.452,0.0,0.0,0.0,0.0,0.0,30.940999999999995,0.0,0.0
PRO 123,82.777,0.0,0.0,-5.543,0.0,0.0,-58.464,0.0,0.0,-2.792,0.0,0.0,0.0,0.0,0.0,15.977999999999996,0.0,0.0
ILE 124,88.931,0.0,0.0,-5.247,0.0,0.0,-59.527,0.0,0.0,-0.953,0.0,0.0,0.0,0.0,0.0,23.203999999999997,0.0,0.0
PRO 125,88.32,0.0,0.0,-6.748,0.0,0.0,-62.954,0.0,0.0,-0.662,0.0,0.0,0.0,0.0,0.0,17.95599999999999,0.0,0.0
VAL 126,50.828,0.0,0.0,-10.384,0.0,0.0,-53.887,0.0,0.0,0.362,0.0,0.0,0.0,0.0,0.0,-13.080999999999998,0.0,0.0
GLY 127,72.979,0.0,0.0,-5.651,0.0,0.0,-73.683,0.0,0.0,-0.058,0.0,0.0,0.0,0.0,0.0,-6.413000000000004,0.0,0.0
GLU 128,106.431,0.0,0.0,-5.549,0.0,0.0,-103.016,0.0,0.0,-53.02,0.0,0.0,0.0,0.0,0.0,-55.15400000000002,0.0,0.0
ILE 129,82.133,0.0,0.0,-9.867,0.0,0.0,-64.488,0.0,0.0,0.32,0.0,0.0,0.0,0.0,0.0,8.097999999999992,0.0,0.0
TYR 130,100.292,0.0,0.0,-14.962,0.0,0.0,-91.776,0.0,0.0,0.106,0.0,0.0,0.0,0.0,0.0,-6.339999999999998,0.0,0.0
LYS 131,145.755,0.0,0.0,-9.319,0.0,0.0,-170.144,0.0,0.0,31.505,0.0,0.0,0.0,0.0,0.0,-2.2029999999999994,0.0,0.0
ARG 132,-190.953,0.0,0.0,-10.483,0.0,0.0,43.541,0.0,0.0,-3.359,0.0,0.0,0.0,0.0,0.0,-161.25400000000002,0.0,0.0
TRP 133,129.843,0.0,0.0,-18.322,0.0,0.0,-94.172,0.0,0.0,-3.047,0.0,0.0,0.0,0.0,0.0,14.301999999999989,0.0,0.0
ILE 134,93.088,0.0,0.0,-11.451,0.0,0.0,-70.195,0.0,0.0,-0.466,0.0,0.0,0.0,0.0,0.0,10.976000000000008,0.0,0.0
ILE 135,83.69,0.0,0.0,-10.846,0.0,0.0,-60.654,0.0,0.0,-0.798,0.0,0.0,0.0,0.0,0.0,11.39199999999999,0.0,0.0
LEU 136,73.405,0.0,0.0,-8.907,0.0,0.0,-73.684,0.0,0.0,0.99,0.0,0.0,0.0,0.0,0.0,-8.195999999999993,0.0,0.0
GLY 137,80.49,0.0,0.0,-6.38,0.0,0.0,-78.466,0.0,0.0,0.758,0.0,0.0,0.0,0.0,0.0,-3.5979999999999945,0.0,0.0
LEU 138,55.821,0.0,0.0,-13.52,0.0,0.0,-61.406,0.0,0.0,-0.536,0.0,0.0,0.0,0.0,0.0,-19.641,0.0,0.0
ASN 139,55.217,0.0,0.0,-8.433,0.0,0.0,-92.075,0.0,0.0,-11.794,0.0,0.0,0.0,0.0,0.0,-57.08500000000001,0.0,0.0
LYS 140,139.169,0.0,0.0,-7.647,0.0,0.0,-143.49,0.0,0.0,9.441,0.0,0.0,0.0,0.0,0.0,-2.5269999999999886,0.0,0.0
ILE 141,98.01,0.0,0.0,-11.85,0.0,0.0,-81.953,0.0,0.0,-0.653,0.0,0.0,0.0,0.0,0.0,3.554000000000008,0.0,0.0
VAL 142,53.738,0.0,0.0,-7.001,0.0,0.0,-50.257,0.0,0.0,-4.861,0.0,0.0,0.0,0.0,0.0,-8.380999999999997,0.0,0.0
ARG 143,-195.774,0.0,0.0,-5.936,0.0,0.0,56.046,0.0,0.0,-16.421,0.0,0.0,0.0,0.0,0.0,-162.085,0.0,0.0
MET 144,86.401,0.0,0.0,-6.338,0.0,0.0,-72.215,0.0,0.0,-4.677,0.0,0.0,0.0,0.0,0.0,3.1709999999999994,0.0,0.0
TYR 145,86.622,0.0,0.0,-11.069,0.0,0.0,-83.855,0.0,0.0,-5.846,0.0,0.0,0.0,0.0,0.0,-14.148000000000007,0.0,0.0
SER 146,78.679,0.0,0.0,-3.528,0.0,0.0,-58.973,0.0,0.0,-6.975,0.0,0.0,0.0,0.0,0.0,9.202999999999998,0.0,0.0
PRO 147,85.909,0.0,0.0,-3.824,0.0,0.0,-63.94,0.0,0.0,-3.496,0.0,0.0,0.0,0.0,0.0,14.64900000000001,0.0,0.0
THR 148,37.021,0.0,0.0,-4.847,0.0,0.0,-36.861,0.0,0.0,-11.02,0.0,0.0,0.0,0.0,0.0,-15.706999999999997,0.0,0.0
SER 149,64.297,0.0,0.0,-6.373,0.0,0.0,-49.822,0.0,0.0,-6.321,0.0,0.0,0.0,0.0,0.0,1.780999999999997,0.0,0.0
ILE 150,77.468,0.0,0.0,-9.526,0.0,0.0,-59.645,0.0,0.0,2.91,0.0,0.0,0.0,0.0,0.0,11.207000000000004,0.0,0.0
LEU 151,64.705,0.0,0.0,-5.609,0.0,0.0,-72.281,0.0,0.0,1.404,0.0,0.0,0.0,0.0,0.0,-11.78100000000001,0.0,0.0
ASP 152,113.575,0.0,0.0,-5.087,0.0,0.0,-80.501,0.0,0.0,-98.25,0.0,0.0,0.0,0.0,0.0,-70.263,0.0,0.0
ILE 153,105.167,0.0,0.0,-9.477,0.0,0.0,-75.984,0.0,0.0,-1.524,0.0,0.0,0.0,0.0,0.0,18.182000000000002,0.0,0.0
ARG 154,-188.148,0.0,0.0,-7.453,0.0,0.0,15.563,0.0,0.0,8.545,0.0,0.0,0.0,0.0,0.0,-171.49300000000002,0.0,0.0
GLN 155,32.807,0.0,0.0,-12.173,0.0,0.0,-86.618,0.0,0.0,1.76,0.0,0.0,0.0,0.0,0.0,-64.22399999999999,0.0,0.0
GLY 156,86.156,0.0,0.0,-2.968,0.0,0.0,-76.675,0.0,0.0,-3.432,0.0,0.0,0.0,0.0,0.0,3.0810000000000053,0.0,0.0
PRO 157,84.034,0.0,0.0,-4.008,0.0,0.0,-52.792,0.0,0.0,-6.882,0.0,0.0,0.0,0.0,0.0,20.35200000000001,0.0,0.0
LYS 158,115.98,0.0,0.0,-4.538,0.0,0.0,-105.584,0.0,0.0,-15.753,0.0,0.0,0.0,0.0,0.0,-9.894999999999996,0.0,0.0
GLU 159,110.394,0.0,0.0,-6.363,0.0,0.0,-107.564,0.0,0.0,-43.157,0.0,0.0,0.0,0.0,0.0,-46.68999999999998,0.0,0.0
PRO 160,79.824,0.0,0.0,-6.051,0.0,0.0,-61.086,0.0,0.0,1.322,0.0,0.0,0.0,0.0,0.0,14.008999999999997,0.0,0.0
PHE 161,106.955,0.0,0.0,-14.725,0.0,0.0,-76.326,0.0,0.0,-0.624,0.0,0.0,0.0,0.0,0.0,15.28000000000001,0.0,0.0
ARG 162,-192.915,0.0,0.0,-6.295,0.0,0.0,-20.785,0.0,0.0,47.14,0.0,0.0,0.0,0.0,0.0,-172.85499999999996,0.0,0.0
ASP 163,87.182,0.0,0.0,-6.401,0.0,0.0,-49.639,0.0,0.0,-104.038,0.0,0.0,0.0,0.0,0.0,-72.89599999999999,0.0,0.0
TYR 164,98.217,0.0,0.0,-17.337,0.0,0.0,-97.833,0.0,0.0,1.054,0.0,0.0,0.0,0.0,0.0,-15.899000000000003,0.0,0.0
VAL 165,50.272,0.0,0.0,-8.325,0.0,0.0,-58.407,0.0,0.0,2.818,0.0,0.0,0.0,0.0,0.0,-13.641999999999994,0.0,0.0
ASP 166,96.284,0.0,0.0,-6.12,0.0,0.0,-57.433,0.0,0.0,-96.482,0.0,0.0,0.0,0.0,0.0,-63.751,0.0,0.0
ARG 167,-184.755,0.0,0.0,-7.465,0.0,0.0,-10.754,0.0,0.0,23.637,0.0,0.0,0.0,0.0,0.0,-179.337,0.0,0.0
PHE 168,103.371,0.0,0.0,-15.048,0.0,0.0,-81.552,0.0,0.0,1.093,0.0,0.0,0.0,0.0,0.0,7.863999999999987,0.0,0.0
TYR 169,101.771,0.0,0.0,-12.294,0.0,0.0,-92.188,0.0,0.0,0.356,0.0,0.0,0.0,0.0,0.0,-2.3549999999999986,0.0,0.0
LYS 170,139.933,0.0,0.0,-6.799,0.0,0.0,-120.147,0.0,0.0,-16.739,0.0,0.0,0.0,0.0,0.0,-3.75200000000002,0.0,0.0
THR 171,46.84,0.0,0.0,-6.636,0.0,0.0,-60.242,0.0,0.0,-2.603,0.0,0.0,0.0,0.0,0.0,-22.641,0.0,0.0
LEU 172,77.075,0.0,0.0,-14.233,0.0,0.0,-67.398,0.0,0.0,-2.053,0.0,0.0,0.0,0.0,0.0,-6.608999999999997,0.0,0.0
ARG 173,-195.327,0.0,0.0,-8.61,0.0,0.0,62.457,0.0,0.0,-21.56,0.0,0.0,0.0,0.0,0.0,-163.04000000000002,0.0,0.0
ALA 174,87.005,0.0,0.0,-4.726,0.0,0.0,-77.985,0.0,0.0,-4.892,0.0,0.0,0.0,0.0,0.0,-0.5980000000000034,0.0,0.0
GLU 175,106.796,0.0,0.0,-6.641,0.0,0.0,-45.278,0.0,0.0,-112.606,0.0,0.0,0.0,0.0,0.0,-57.72899999999999,0.0,0.0
GLN 176,29.121,0.0,0.0,-6.519,0.0,0.0,-61.431,0.0,0.0,-12.391,0.0,0.0,0.0,0.0,0.0,-51.22,0.0,0.0
ALA 177,97.84,0.0,0.0,-5.964,0.0,0.0,-88.532,0.0,0.0,0.382,0.0,0.0,0.0,0.0,0.0,3.7260000000000084,0.0,0.0
SER 178,81.585,0.0,0.0,-5.433,0.0,0.0,-72.433,0.0,0.0,-2.114,0.0,0.0,0.0,0.0,0.0,1.60499999999998,0.0,0.0
GLN 179,29.443,0.0,0.0,-5.042,0.0,0.0,-68.492,0.0,0.0,-6.615,0.0,0.0,0.0,0.0,0.0,-50.706,0.0,0.0
GLU 180,105.464,0.0,0.0,-3.903,0.0,0.0,-89.636,0.0,0.0,-71.078,0.0,0.0,0.0,0.0,0.0,-59.153000000000006,0.0,0.0
VAL 181,62.875,0.0,0.0,-7.787,0.0,0.0,-61.398,0.0,0.0,0.171,0.0,0.0,0.0,0.0,0.0,-6.139000000000002,0.0,0.0
LYS 182,115.942,0.0,0.0,-12.469,0.0,0.0,-119.166,0.0,0.0,9.101,0.0,0.0,0.0,0.0,0.0,-6.591999999999997,0.0,0.0
ASN 183,29.134,0.0,0.0,-7.848,0.0,0.0,-79.755,0.0,0.0,-10.903,0.0,0.0,0.0,0.0,0.0,-69.372,0.0,0.0
TRP 184,130.306,0.0,0.0,-11.356,0.0,0.0,-92.549,0.0,0.0,-5.328,0.0,0.0,0.0,0.0,0.0,21.07300000000001,0.0,0.0
MET 185,101.072,0.0,0.0,-10.343,0.0,0.0,-85.881,0.0,0.0,-0.054,0.0,0.0,0.0,0.0,0.0,4.793999999999999,0.0,0.0
THR 186,42.274,0.0,0.0,-7.463,0.0,0.0,-59.837,0.0,0.0,-0.13,0.0,0.0,0.0,0.0,0.0,-25.156000000000002,0.0,0.0
GLU 187,104.957,0.0,0.0,-5.936,0.0,0.0,-49.283,0.0,0.0,-110.823,0.0,0.0,0.0,0.0,0.0,-61.08500000000001,0.0,0.0
THR 188,33.999,0.0,0.0,-6.033,0.0,0.0,-42.852,0.0,0.0,-2.173,0.0,0.0,0.0,0.0,0.0,-17.058999999999997,0.0,0.0
LEU 189,59.177,0.0,0.0,-8.782,0.0,0.0,-62.245,0.0,0.0,1.709,0.0,0.0,0.0,0.0,0.0,-10.141000000000002,0.0,0.0
LEU 190,84.627,0.0,0.0,-10.26,0.0,0.0,-89.156,0.0,0.0,1.133,0.0,0.0,0.0,0.0,0.0,-13.656000000000017,0.0,0.0
VAL 191,52.955,0.0,0.0,-5.441,0.0,0.0,-59.64,0.0,0.0,0.01,0.0,0.0,0.0,0.0,0.0,-12.116000000000005,0.0,0.0
GLN 192,24.949,0.0,0.0,-6.381,0.0,0.0,-64.852,0.0,0.0,-7.461,0.0,0.0,0.0,0.0,0.0,-53.745000000000005,0.0,0.0
ASN 193,17.097,0.0,0.0,-10.549,0.0,0.0,-76.144,0.0,0.0,2.151,0.0,0.0,0.0,0.0,0.0,-67.44500000000001,0.0,0.0
ALA 194,95.062,0.0,0.0,-6.978,0.0,0.0,-82.064,0.0,0.0,2.613,0.0,0.0,0.0,0.0,0.0,8.63300000000001,0.0,0.0
ASN 195,46.867,0.0,0.0,-7.021,0.0,0.0,-95.498,0.0,0.0,-3.452,0.0,0.0,0.0,0.0,0.0,-59.104000000000006,0.0,0.0
PRO 196,80.016,0.0,0.0,-5.013,0.0,0.0,-55.337,0.0,0.0,-3.41,0.0,0.0,0.0,0.0,0.0,16.255999999999997,0.0,0.0
ASP 197,91.451,0.0,0.0,-6.203,0.0,0.0,-74.033,0.0,0.0,-77.236,0.0,0.0,0.0,0.0,0.0,-66.02100000000002,0.0,0.0
CYX 198,102.06,0.0,0.0,-8.745,0.0,0.0,-83.482,0.0,0.0,-0.195,0.0,0.0,0.0,0.0,0.0,9.637999999999998,0.0,0.0
LYS 199,133.541,0.0,0.0,-8.849,0.0,0.0,-136.708,0.0,0.0,-3.681,0.0,0.0,0.0,0.0,0.0,-15.697000000000006,0.0,0.0
THR 200,45.547,0.0,0.0,-4.544,0.0,0.0,-57.178,0.0,0.0,-1.496,0.0,0.0,0.0,0.0,0.0,-17.670999999999996,0.0,0.0
ILE 201,72.525,0.0,0.0,-4.313,0.0,0.0,-54.101,0.0,0.0,0.32,0.0,0.0,0.0,0.0,0.0,14.431000000000004,0.0,0.0
LEU 202,69.723,0.0,0.0,-10.648,0.0,0.0,-64.861,0.0,0.0,-3.366,0.0,0.0,0.0,0.0,0.0,-9.152000000000001,0.0,0.0
LYS 203,122.91,0.0,0.0,-4.512,0.0,0.0,-109.869,0.0,0.0,-11.341,0.0,0.0,0.0,0.0,0.0,-2.812000000000003,0.0,0.0
ALA 204,85.418,0.0,0.0,-3.385,0.0,0.0,-72.822,0.0,0.0,-4.56,0.0,0.0,0.0,0.0,0.0,4.650999999999999,0.0,0.0
LEU 205,68.407,0.0,0.0,-6.173,0.0,0.0,-69.504,0.0,0.0,-5.448,0.0,0.0,0.0,0.0,0.0,-12.71800000000001,0.0,0.0
GLY 206,91.961,0.0,0.0,-2.28,0.0,0.0,-75.721,0.0,0.0,-5.336,0.0,0.0,0.0,0.0,0.0,8.623999999999993,0.0,0.0
PRO 207,78.267,0.0,0.0,-2.233,0.0,0.0,-51.825,0.0,0.0,-9.187,0.0,0.0,0.0,0.0,0.0,15.02199999999999,0.0,0.0
GLY 208,65.265,0.0,0.0,-1.702,0.0,0.0,-62.534,0.0,0.0,-6.255,0.0,0.0,0.0,0.0,0.0,-5.225999999999996,0.0,0.0
ALA 209,99.11,0.0,0.0,-4.716,0.0,0.0,-89.337,0.0,0.0,-1.791,0.0,0.0,0.0,0.0,0.0,3.2660000000000022,0.0,0.0
THR 210,45.217,0.0,0.0,-3.643,0.0,0.0,-54.135,0.0,0.0,-1.659,0.0,0.0,0.0,0.0,0.0,-14.22,0.0,0.0
LEU 211,59.55,0.0,0.0,-7.268,0.0,0.0,-61.715,0.0,0.0,-1.835,0.0,0.0,0.0,0.0,0.0,-11.268000000000008,0.0,0.0
GLU 212,107.683,0.0,0.0,-5.379,0.0,0.0,-86.325,0.0,0.0,-78.806,0.0,0.0,0.0,0.0,0.0,-62.827,0.0,0.0
GLU 213,101.271,0.0,0.0,-6.37,0.0,0.0,-62.027,0.0,0.0,-96.932,0.0,0.0,0.0,0.0,0.0,-64.058,0.0,0.0
MET 214,91.858,0.0,0.0,-12.187,0.0,0.0,-76.067,0.0,0.0,-0.277,0.0,0.0,0.0,0.0,0.0,3.3270000000000133,0.0,0.0
MET 215,105.481,0.0,0.0,-11.933,0.0,0.0,-82.156,0.0,0.0,-1.921,0.0,0.0,0.0,0.0,0.0,9.470999999999997,0.0,0.0
THR 216,39.423,0.0,0.0,-5.717,0.0,0.0,-49.306,0.0,0.0,-4.369,0.0,0.0,0.0,0.0,0.0,-19.968999999999994,0.0,0.0
ALA 217,75.763,0.0,0.0,-6.187,0.0,0.0,-62.289,0.0,0.0,-2.238,0.0,0.0,0.0,0.0,0.0,5.049000000000007,0.0,0.0
CYX 218,98.746,0.0,0.0,-7.829,0.0,0.0,-82.017,0.0,0.0,-1.135,0.0,0.0,0.0,0.0,0.0,7.765000000000006,0.0,0.0
GLN 219,37.998,0.0,0.0,-6.054,0.0,0.0,-68.245,0.0,0.0,-12.583,0.0,0.0,0.0,0.0,0.0,-48.88400000000001,0.0,0.0
GLY 220,101.286,0.0,0.0,-3.727,0.0,0.0,-86.312,0.0,0.0,-4.54,0.0,0.0,0.0,0.0,0.0,6.707,0.0,0.0
VAL 221,30.412,0.0,0.0,-2.545,0.0,0.0,-20.759,0.0,0.0,-107.271,0.0,0.0,0.0,0.0,0.0,-100.16300000000001,0.0,0.0

Receptor:
Total Energy Decomposition:
Residue,Internal,,,van der Waals,,,Electrostatic,,,Polar Solvation,,,Non-Polar Solv.,,,TOTAL,,
,Avg.,Std. Dev.,Std. Err. of Mean,Avg.,Std. Dev.,Std. Err. of Mean,Avg.,Std. Dev.,Std. Err. of Mean,Avg.,Std. Dev.,Std. Err. of Mean,Avg.,Std. Dev.,Std. Err. of Mean,Avg.,Std. Dev.,Std. Err. of Mean
PRO   1,99.84,0.0,0.0,-6.857,0.0,0.0,-100.304,0.0,0.0,6.401,0.0,0.0,0.0,0.0,0.0,-0.9199999999999982,0.0,0.0
ILE   2,91.211,0.0,0.0,-7.957,0.0,0.0,-66.512,0.0,0.0,-2.901,0.0,0.0,0.0,0.0,0.0,13.841000000000005,0.0,0.0
VAL   3,61.743,0.0,0.0,-5.044,0.0,0.0,-58.638,0.0,0.0,-1.423,0.0,0.0,0.0,0.0,0.0,-3.361999999999993,0.0,0.0
GLN   4,28.449,0.0,0.0,-6.411,0.0,0.0,-60.799,0.0,0.0,-11.54,0.0,0.0,0.0,0.0,0.0,-50.300999999999995,0.0,0.0
ASN   5,40.849,0.0,0.0,-6.579,0.0,0.0,-79.403,0.0,0.0,-11.515,0.0,0.0,0.0,0.0,0.0,-56.64800000000001,0.0,0.0
LEU   6,80.406,0.0,0.0,-2.781,0.0,0.0,-72.935,0.0,0.0,-7.02,0.0,0.0,0.0,0.0,0.0,-2.330000000000002,0.0,0.0
GLN   7,36.833,0.0,0.0,-5.432,0.0,0.0,-68.995,0.0,0.0,-15.147,0.0,0.0,0.0,0.0,0.0,-52.74100000000001,0.0,0.0
GLY   8,78.287,0.0,0.0,-3.156,0.0,0.0,-73.422,0.0,0.0,-3.703,0.0,0.0,0.0,0.0,0.0,-1.9939999999999967,0.0,0.0
GLN   9,39.148,0.0,0.0,-7.297,0.0,0.0,-76.882,0.0,0.0,-8.74,0.0,0.0,0.0,0.0,0.0,-53.77100000000001,0.0,0.0
MET  10,97.887,0.0,0.0,-8.722,0.0,0.0,-76.586,0.0,0.0,-6.008,0.0,0.0,0.0,0.0,0.0,6.571000000000008,0.0,0.0
VAL  11,49.659,0.0,0.0,-4.934,0.0,0.0,-48.495,0.0,0.0,-1.485,0.0,0.0,0.0,0.0,0.0,-5.254999999999996,0.0,0.0
HID  12,98.759,0.0,0.0,-10.587,0.0,0.0,-67.095,0.0,0.0,-5.909,0.0,0.0,0.0,0.0,0.0,15.168,0.0,0.0
GLN  13,40.108,0.0,0.0,-5.706,0.0,0.0,-75.732,0.0,0.0,-6.331,0.0,0.0,0.0,0.0,0.0,-47.66100000000001,0.0,0.0
ALA  14,99.426,0.0,0.0,-4.226,0.0,0.0,-84.839,0.0,0.0,-1.167,0.0,0.0,0.0,0.0,0.0,9.194000000000004,0.0,0.0
ILE  15,96.558,0.0,0.0,-9.466,0.0,0.0,-75.543,0.0,0.0,-3.125,0.0,0.0,0.0,0.0,0.0,8.424000000000007,0.0,0.0
SER  16,67.493,0.0,0.0,-5.538,0.0,0.0,-49.815,0.0,0.0,-9.547,0.0,0.0,0.0,0.0,0.0,2.593,0.0,0.0
PRO  17,88.501,0.0,0.0,-3.41,0.0,0.0,-59.56,0.0,0.0,-4.27,0.0,0.0,0.0,0.0,0.0,21.261000000000006,0.0,0.0
ARG  18,-185.217,0.0,0.0,-6.185,0.0,0.0,73.242,0.0,0.0,-46.364,0.0,0.0,0.0,0.0,0.0,-164.524,0.0,0.0
THR  19,43.716,0.0,0.0,-6.234,0.0,0.0,-51.39,0.0,0.0,-6.718,0.0,0.0,0.0,0.0,0.0,-20.626,0.0,0.0
LEU  20,59.539,0.0,0.0,-10.915,0.0,0.0,-61.213,0.0,0.0,-2.164,0.0,0.0,0.0,0.0,0.0,-14.752999999999998,0.0,0.0
ASN  21,31.954,0.0,0.0,-5.008,0.0,0.0,-86.088,0.0,0.0,-11.089,0.0,0.0,0.0,0.0,0.0,-70.231,0.0,0.0
ALA  22,94.479,0.0,0.0,-4.396,0.0,0.0,-81.767,0.0,0.0,-2.308,0.0,0.0,0.0,0.0,0.0,6.008000000000003,0.0,0.0
TRP  23,135.321,0.0,0.0,-17.75,0.0,0.0,-92.316,0.0,0.0,-2.364,0.0,0.0,0.0,0.0,0.0,22.890999999999995,0.0,0.0
VAL  24,61.17,0.0,0.0,-7.95,0.0,0.0,-53.712,0.0,0.0,-3.66,0.0,0.0,0.0,0.0,0.0,-4.152000000000005,0.0,0.0
LYS  25,130.53,0.0,0.0,-4.687,0.0,0.0,-148.182,0.0,0.0,12.472,0.0,0.0,0.0,0.0,0.0,-9.866999999999985,0.0,0.0
VAL  26,65.887,0.0,0.0,-6.908,0.0,0.0,-63.463,0.0,0.0,-4.055,0.0,0.0,0.0,0.0,0.0,-8.539000000000001,0.0,0.0
VAL  27,44.978,0.0,0.0,-8.928,0.0,0.0,-45.359,0.0,0.0,-3.557,0.0,0.0,0.0,0.0,0.0,-12.866000000000005,0.0,0.0
GLU  28,97.791,0.0,0.0,-4.941,0.0,0.0,-83.984,0.0,0.0,-69.43,0.0,0.0,0.0,0.0,0.0,-60.56400000000001,0.0,0.0
GLU  29,108.376,0.0,0.0,-5.34,0.0,0.0,-56.543,0.0,0.0,-101.818,0.0,0.0,0.0,0.0,0.0,-55.324999999999996,0.0,0.0
LYS  30,117.44,0.0,0.0,-8.156,0.0,0.0,-129.25,0.0,0.0,11.728,0.0,0.0,0.0,0.0,0.0,-8.238000000000008,0.0,0.0
ALA  31,87.258,0.0,0.0,-4.134,0.0,0.0,-77.976,0.0,0.0,-3.026,0.0,0.0,0.0,0.0,0.0,2.1219999999999963,0.0,0.0
PHE  32,105.311,0.0,0.0,-11.289,0.0,0.0,-80.361,0.0,0.0,-1.445,0.0,0.0,0.0,0.0,0.0,12.216000000000001,0.0,0.0
SER  33,88.839,0.0,0.0,-7.421,0.0,0.0,-70.245,0.0,0.0,-2.534,0.0,0.0,0.0,0.0,0.0,8.638999999999989,0.0,0.0
PRO  34,76.542,0.0,0.0,-7.302,0.0,0.0,-55.136,0.0,0.0,-1.67,0.0,0.0,0.0,0.0,0.0,12.434000000000006,0.0,0.0
GLU  35,99.889,0.0,0.0,-6.413,0.0,0.0,-97.953,0.0,0.0,-57.036,0.0,0.0,0.0,0.0,0.0,-61.513000000000005,0.0,0.0
VAL  36,54.843,0.0,0.0,-9.162,0.0,0.0,-58.934,0.0,0.0,-0.301,0.0,0.0,0.0,0.0,0.0,-13.553999999999993,0.0,0.0
ILE  37,89.7,0.0,0.0,-9.053,0.0,0.0,-59.64,0.0,0.0,-0.644,0.0,0.0,0.0,0.0,0.0,20.363000000000007,0.0,0.0
PRO  38,86.474,0.0,0.0,-6.48,0.0,0.0,-58.227,0.0,0.0,-2.17,0.0,0.0,0.0,0.0,0.0,19.597,0.0,0.0
MET  39,88.327,0.0,0.0,-8.258,0.0,0.0,-69.027,0.0,0.0,-3.743,0.0,0.0,0.0,0.0,0.0,7.299000000000001,0.0,0.0
PHE  40,103.202,0.0,0.0,-13.808,0.0,0.0,-83.616,0.0,0.0,-1.02,0.0,0.0,0.0,0.0,0.0,4.758000000000006,0.0,0.0
SER  41,58.02,0.0,0.0,-7.643,0.0,0.0,-47.218,0.0,0.0,-5.516,0.0,0.0,0.0,0.0,0.0,-2.357000000000001,0.0,0.0
ALA  42,88.795,0.0,0.0,-5.003,0.0,0.0,-69.354,0.0,0.0,-3.357,0.0,0.0,0.0,0.0,0.0,11.081000000000003,0.0,0.0
LEU  43,85.845,0.0,0.0,-9.29,0.0,0.0,-83.075,0.0,0.0,-2.524,0.0,0.0,0.0,0.0,0.0,-9.043999999999997,0.0,0.0
SER  44,75.592,0.0,0.0,-7.835,0.0,0.0,-75.057,0.0,0.0,-0.433,0.0,0.0,0.0,0.0,0.0,-7.732999999999997,0.0,0.0
GLU  45,100.584,0.0,0.0,-6.365,0.0,0.0,-77.361,0.0,0.0,-76.838,0.0,0.0,0.0,0.0,0.0,-59.97999999999999,0.0,0.0
GLY  46,67.529,0.0,0.0,-3.718,0.0,0.0,-67.33,0.0,0.0,0.029,0.0,0.0,0.0,0.0,0.0,-3.4900000000000055,0.0,0.0
ALA  47,98.144,0.0,0.0,-7.491,0.0,0.0,-86.07,0.0,0.0,-1.745,0.0,0.0,0.0,0.0,0.0,2.8380000000000125,0.0,0.0
THR  48,55.331,0.0,0.0,-9.218,0.0,0.0,-58.69,0.0,0.0,-0.582,0.0,0.0,0.0,0.0,0.0,-13.158999999999999,0.0,0.0
PRO  49,78.942,0.0,0.0,-9.738,0.0,0.0,-55.01,0.0,0.0,0.151,0.0,0.0,0.0,0.0,0.0,14.344999999999995,0.0,0.0
GLN  50,28.307,0.0,0.0,-7.062,0.0,0.0,-70.501,0.0,0.0,-9.072,1.1920928955078125e-07,1.1920928955078125e-07,0.0,0.0,0.0,-58.328,0.0,0.0
ASP  51,90.802,0.0,0.0,-11.218,0.0,0.0,-128.539,0.0,0.0,-14.658,0.0,0.0,0.0,0.0,0.0,-63.612999999999985,0.0,0.0
LEU  52,66.103,0.0,0.0,-13.445,0.0,0.0,-69.427,0.0,0.0,0.455,0.0,0.0,0.0,0.0,0.0,-16.314000000000014,0.0,0.0
ASN  53,31.392,0.0,0.0,-7.576,0.0,0.0,-100.975,0.0,0.0,-1.698,0.0,0.0,0.0,0.0,0.0,-78.85699999999999,0.0,0.0
THR  54,55.415,0.0,0.0,-6.382,0.0,0.0,-70.89,0.0,0.0,-0.36,0.0,0.0,0.0,0.0,0.0,-22.217,0.0,0.0
MET  55,84.249,0.0,0.0,-12.529,0.0,0.0,-66.206,0.0,0.0,-0.66,0.0,0.0,0.0,0.0,0.0,4.853999999999996,0.0,0.0
LEU  56,60.408,0.0,0.0,-8.805,0.0,0.0,-63.647,0.0,0.0,-1.84,0.0,0.0,0.0,0.0,0.0,-13.883999999999997,0.0,0.0
ASN  57,31.256,0.0,0.0,-6.171,0.0,0.0,-87.065,0.0,0.0,-10.406,0.0,0.0,0.0,0.0,0.0,-72.386,0.0,0.0
THR  58,61.858,0.0,0.0,-6.359,0.0,0.0,-65.559,0.0,0.0,-2.56,0.0,0.0,0.0,0.0,0.0,-12.620000000000003,0.0,0.0
VAL  59,50.48,0.0,0.0,-7.479,0.0,0.0,-46.485,0.0,0.0,-0.313,0.0,0.0,0.0,0.0,0.0,-3.797000000000002,0.0,0.0
ALA  60,93.994,0.0,0.0,-4.058,0.0,0.0,-65.65,0.0,0.0,-2.363,0.0,0.0,0.0,0.0,0.0,21.923000000000002,0.0,0.0
PRO  61,80.915,0.0,0.0,-5.008,0.0,0.0,-55.813,0.0,0.0,-4.496,0.0,0.0,0.0,0.0,0.0,15.598000000000008,0.0,0.0
HID  62,97.949,0.0,0.0,-7.839,0.0,0.0,-69.593,0.0,0.0,-6.041,0.0,0.0,0.0,0.0,0.0,14.475999999999996,0.0,0.0
GLN  63,32.064,0.0,0.0,-6.323,0.0,0.0,-65.896,0.0,0.0,-11.719,0.0,0.0,0.0,0.0,0.0,-51.874,0.0,0.0
ALA  64,86.206,0.0,0.0,-4.744,0.0,0.0,-71.195,0.0,0.0,-3.968,0.0,0.0,0.0,0.0,0.0,6.29900000000001,0.0,0.0
ALA  65,94.065,0.0,0.0,-6.856,0.0,0.0,-76.825,0.0,0.0,-2.33,0.0,0.0,0.0,0.0,0.0,8.054,0.0,0.0
ALA  66,94.272,0.0,0.0,-6.268,0.0,0.0,-83.529,0.0,0.0,-0.465,0.0,0.0,0.0,0.0,0.0,4.010000000000009,0.0,0.0
GLN  67,35.405,0.0,0.0,-7.567,0.0,0.0,-80.732,0.0,0.0,-6.186,0.0,0.0,0.0,0.0,0.0,-59.08,0.0,0.0
MET  68,95.373,0.0,0.0,-8.513,0.0,0.0,-76.508,0.0,0.0,-1.75,0.0,0.0,0.0,0.0,0.0,8.602000000000004,0.0,0.0
LEU  69,87.616,0.0,0.0,-11.294,0.0,0.0,-83.425,0.0,0.0,-1.992,0.0,0.0,0.0,0.0,0.0,-9.094999999999995,0.0,0.0
LYS  70,123.54,0.0,0.0,-8.176,0.0,0.0,-112.663,0.0,0.0,-14.598,0.0,0.0,0.0,0.0,0.0,-11.896999999999993,0.0,0.0
GLU  71,112.177,0.0,0.0,-6.835,0.0,0.0,-72.222,0.0,0.0,-90.093,0.0,0.0,0.0,0.0,0.0,-56.972999999999985,0.0,0.0
THR  72,50.333,0.0,0.0,-8.618,0.0,0.0,-54.152,0.0,0.0,-4.251,0.0,0.0,0.0,0.0,0.0,-16.688000000000006,0.0,0.0
ILE  73,74.459,0.0,0.0,-8.322,0.0,0.0,-55.674,0.0,0.0,-2.041,0.0,0.0,0.0,0.0,0.0,8.422,0.0,0.0
ASN  74,18.331,0.0,0.0,-6.841,0.0,0.0,-79.453,0.0,0.0,-6.272,0.0,0.0,0.0,0.0,0.0,-74.23500000000001,0.0,0.0
GLU  75,107.201,0.0,0.0,-5.982,0.0,0.0,-46.994,0.0,0.0,-111.224,0.0,0.0,0.0,0.0,0.0,-56.99900000000001,0.0,0.0
GLU  76,102.192,0.0,0.0,-9.976,0.0,0.0,-85.173,0.0,0.0,-55.354,0.0,0.0,0.0,0.0,0.0,-48.31100000000001,0.0,0.0
ALA  77,82.86,0.0,0.0,-7.868,0.0,0.0,-70.188,0.0,0.0,-0.638,0.0,0.0,0.0,0.0,0.0,4.166000000000002,0.0,0.0
ALA  78,90.812,0.0,0.0,-4.054,0.0,0.0,-85.393,0.0,0.0,1.062,0.0,0.0,0.0,0.0,0.0,2.426999999999995,0.0,0.0
GLU  79,108.529,0.0,0.0,-7.791,0.0,0.0,-83.28,0.0,0.0,-74.01,0.0,0.0,0.0,0.0,0.0,-56.55200000000001,0.0,0.0
TRP  80,112.508,0.0,0.0,-14.771,0.0,0.0,-85.698,0.0,0.0,-1.966,0.0,0.0,0.0,0.0,0.0,10.073000000000002,0.0,0.0
ASP  81,118.145,0.0,0.0,-8.363,0.0,0.0,-91.696,0.0,0.0,-76.161,0.0,0.0,0.0,0.0,0.0,-58.075,0.0,0.0
ARG  82,-200.517,0.0,0.0,-5.011,0.0,0.0,1.216,0.0,0.0,28.444,0.0,0.0,0.0,0.0,0.0,-175.868,0.0,0.0
LEU  83,73.411,0.0,0.0,-5.666,0.0,0.0,-74.587,0.0,0.0,-2.384,0.0,0.0,0.0,0.0,0.0,-9.225999999999999,0.0,0.0
HID  84,117.779,0.0,0.0,-7.89,0.0,0.0,-74.786,0.0,0.0,-6.994,0.0,0.0,0.0,0.0,0.0,28.108999999999995,0.0,0.0
PRO  85,90.037,0.0,0.0,-3.225,0.0,0.0,-62.711,0.0,0.0,-6.066,0.0,0.0,0.0,0.0,0.0,18.035000000000014,0.0,0.0
VAL  86,53.09,0.0,0.0,-2.644,0.0,0.0,-54.573,0.0,0.0,-3.259,0.0,0.0,0.0,0.0,0.0,-7.385999999999996,0.0,0.0
HID  87,90.892,0.0,0.0,-6.582,0.0,0.0,-59.296,0.0,0.0,-7.085,0.0,0.0,0.0,0.0,0.0,17.929000000000002,0.0,0.0
ALA  88,86.132,0.0,0.0,-1.682,0.0,0.0,-70.796,0.0,0.0,-5.736,0.0,0.0,0.0,0.0,0.0,7.917999999999997,0.0,0.0
GLY  89,93.645,0.0,0.0,-2.2,0.0,0.0,-79.452,0.0,0.0,-3.824,0.0,0.0,0.0,0.0,0.0,8.168999999999995,0.0,0.0
PRO  90,86.049,0.0,0.0,-2.826,0.0,0.0,-60.072,0.0,0.0,-5.007,0.0,0.0,0.0,0.0,0.0,18.144000000000013,0.0,0.0
ILE  91,79.128,0.0,0.0,-5.574,0.0,0.0,-60.897,0.0,0.0,-3.465,0.0,0.0,0.0,0.0,0.0,9.192000000000004,0.0,0.0
ALA  92,93.326,0.0,0.0,-3.005,0.0,0.0,-68.996,0.0,0.0,-3.575,0.0,0.0,0.0,0.0,0.0,17.750000000000004,0.0,0.0
PRO  93,82.123,0.0,0.0,-2.573,0.0,0.0,-57.97,0.0,0.0,-4.653,0.0,0.0,0.0,0.0,0.0,16.927000000000014,0.0,0.0
GLY  94,70.99,0.0,0.0,-1.904,0.0,0.0,-66.291,0.0,0.0,-5.658,0.0,0.0,0.0,0.0,0.0,-2.8629999999999987,0.0,0.0
GLN  95,39.01,0.0,0.0,-5.354,0.0,0.0,-73.657,0.0,0.0,-11.866,0.0,0.0,0.0,0.0,0.0,-51.867,0.0,0.0
MET  96,100.431,0.0,0.0,-7.089,0.0,0.0,-71.842,0.0,0.0,-8.843,0.0,0.0,0.0,0.0,0.0,12.657,0.0,0.0
ARG  97,-191.577,0.0,0.0,-6.627,0.0,0.0,-20.574,0.0,0.0,31.914,0.0,0.0,0.0,0.0,0.0,-186.86400000000003,0.0,0.0
GLU  98,107.159,0.0,0.0,-6.059,0.0,0.0,-81.928,0.0,0.0,-64.578,0.0,0.0,0.0,0.0,0.0,-45.40599999999999,0.0,0.0
PRO  99,92.529,0.0,0.0,-9.636,0.0,0.0,-59.491,0.0,0.0,-3.85,0.0,0.0,0.0,0.0,0.0,19.552,0.0,0.0
ARG 100,-190.207,0.0,0.0,-10.624,0.0,0.0,-30.931,0.0,0.0,50.786,0.0,0.0,0.0,0.0,0.0,-180.976,0.0,0.0
GLY 101,78.351,0.0,0.0,-5.764,0.0,0.0,-83.584,0.0,0.0,1.854,0.0,0.0,0.0,0.0,0.0,-9.143,0.0,0.0
SER 102,69.422,0.0,0.0,-6.435,0.0,0.0,-66.988,0.0,0.0,-1.4,0.0,0.0,0.0,0.0,0.0,-5.401000000000005,0.0,0.0
ASP 103,94.464,0.0,0.0,-7.912,0.0,0.0,-101.837,0.0,0.0,-40.38,0.0,0.0,0.0,0.0,0.0,-55.66500000000001,0.0,0.0
ILE 104,81.244,0.0,0.0,-11.956,0.0,0.0,-60.652,0.0,0.0,0.831,0.0,0.0,0.0,0.0,0.0,9.466999999999995,0.0,0.0
ALA 105,87.721,0.0,0.0,-5.117,0.0,0.0,-77.965,0.0,0.0,0.08,0.0,0.0,0.0,0.0,0.0,4.718999999999996,0.0,0.0
GLY 106,88.018,0.0,0.0,-4.779,0.0,0.0,-84.328,0.0,0.0,-4.121,0.0,0.0,0.0,0.0,0.0,-5.209999999999999,0.0,0.0
THR 107,58.125,0.0,0.0,-4.294,0.0,0.0,-56.107,0.0,0.0,-7.632,0.0,0.0,0.0,0.0,0.0,-9.907999999999996,0.0,0.0
THR 108,35.9,0.0,0.0,-2.863,0.0,0.0,-52.142,0.0,0.0,-3.412,0.0,0.0,0.0,0.0,0.0,-22.517000000000003,0.0,0.0
SER 109,75.509,0.0,0.0,-5.845,0.0,0.0,-69.183,0.0,0.0,-2.473,0.0,0.0,0.0,0.0,0.0,-1.9920000000000053,0.0,0.0
THR 110,25.071,0.0,0.0,-6.046,0.0,0.0,-32.338,0.0,0.0,-5.572,0.0,0.0,0.0,0.0,0.0,-18.884999999999998,0.0,0.0
LEU 111,61.94,0.0,0.0,-5.892,0.0,0.0,-66.958,0.0,0.0,-1.658,0.0,0.0,0.0,0.0,0.0,-12.568000000000003,0.0,0.0
GLN 112,36.618,0.0,0.0,-6.449,0.0,0.0,-75.183,0.0,0.0,-11.666,0.0,0.0,0.0,0.0,0.0,-56.68000000000001,0.0,0.0
GLU 113,106.939,0.0,0.0,-6.301,0.0,0.0,-104.618,0.0,0.0,-46.421,0.0,0.0,0.0,0.0,0.0,-50.401,0.0,0.0
GLN 114,35.94,0.0,0.0,-12.105,0.0,0.0,-82.686,0.0,0.0,-0.601,0.0,0.0,0.0,0.0,0.0,-59.45200000000001,0.0,0.0
ILE 115,82.374,0.0,0.0,-6.719,0.0,0.0,-71.622,0.0,0.0,-1.126,0.0,0.0,0.0,0.0,0.0,2.9070000000000014,0.0,0.0
GLY 116,81.63,0.0,0.0,-4.554,0.0,0.0,-77.643,0.0,0.0,-0.388,0.0,0.0,0.0,0.0,0.0,-0.9550000000000073,0.0,0.0
TRP 117,128.772,0.0,0.0,-17.99,0.0,0.0,-91.168,0.0,0.0,-1.76,0.0,0.0,0.0,0.0,0.0,17.85399999999999,0.0,0.0
MET 118,98.855,0.0,0.0,-11.417,0.0,0.0,-80.592,0.0,0.0,-1.919,0.0,0.0,0.0,0.0,0.0,4.927000000000003,0.0,0.0
THR 119,39.921,0.0,0.0,-5.748,0.0,0.0,-48.975,0.0,0.0,-5.322,0.0,0.0,0.0,0.0,0.0,-20.124,0.0,0.0
HID 120,92.152,0.0,0.0,-7.357,0.0,0.0,-55.465,0.0,0.0,-11.531,0.0,0.0,0.0,0.0,0.0,17.799,0.0,0.0
ASN 121,53.254,0.0,0.0,-3.709,0.0,0.0,-89.222,0.0,0.0,-12.218,0.0,0.0,0.0,0.0,0.0,-51.894999999999996,0.0,0.0
PRO 122,96.164,0.0,0.0,-4.141,0.0,0.0,-57.63,0.0,0.0,-3.454,0.0,0.0,0.0,0.0,0.0,30.938999999999993,0.0,0.0
PRO 123,82.777,0.0,0.0,-5.543,0.0,0.0,-58.473,0.0,0.0,-2.778,0.0,0.0,0.0,0.0,0.0,15.982999999999995,0.0,0.0
ILE 124,88.931,0.0,0.0,-5.247,0.0,0.0,-59.508,0.0,0.0,-0.975,0.0,0.0,0.0,0.0,0.0,23.200999999999993,0.0,0.0
PRO 125,88.32,0.0,0.0,-6.747,0.0,0.0,-62.969,0.0,0.0,-0.64,0.0,0.0,0.0,0.0,0.0,17.96399999999999,0.0,0.0
VAL 126,50.828,0.0,0.0,-10.384,0.0,0.0,-53.918,0.0,0.0,0.399,0.0,0.0,0.0,0.0,0.0,-13.074999999999996,0.0,0.0
GLY 127,72.979,0.0,0.0,-5.651,0.0,0.0,-73.72,0.0,0.0,-0.014,0.0,0.0,0.0,0.0,0.0,-6.405999999999996,0.0,0.0
GLU 128,106.431,0.0,0.0,-5.548,0.0,0.0,-108.715,0.0,0.0,-47.336,0.0,0.0,0.0,0.0,0.0,-55.168000000000006,0.0,0.0
ILE 129,82.133,0.0,0.0,-9.866,0.0,0.0,-64.554,0.0,0.0,0.388,0.0,0.0,0.0,0.0,0.0,8.100999999999994,0.0,0.0
TYR 130,100.292,0.0,0.0,-14.961,0.0,0.0,-91.835,0.0,0.0,0.172,0.0,0.0,0.0,0.0,0.0,-6.331999999999991,0.0,0.0
LYS 131,145.755,0.0,0.0,-9.318,0.0,0.0,-164.207,0.0,0.0,25.583,0.0,0.0,0.0,0.0,0.0,-2.187000000000012,0.0,0.0
ARG 132,-190.953,0.0,0.0,-10.482,0.0,0.0,48.817,0.0,0.0,-8.639,0.0,0.0,0.0,0.0,0.0,-161.257,0.0,0.0
TRP 133,129.843,0.0,0.0,-18.321,0.0,0.0,-94.233,0.0,0.0,-2.991,0.0,0.0,0.0,0.0,0.0,14.297999999999988,0.0,0.0
ILE 134,93.088,0.0,0.0,-11.449,0.0,0.0,-70.293,0.0,0.0,-0.371,0.0,0.0,0.0,0.0,0.0,10.974999999999989,0.0,0.0
ILE 135,83.69,0.0,0.0,-10.845,0.0,0.0,-60.794,0.0,0.0,-0.662,0.0,0.0,0.0,0.0,0.0,11.389000000000001,0.0,0.0
LEU 136,73.405,0.0,0.0,-8.905,0.0,0.0,-73.838,0.0,0.0,1.137,0.0,0.0,0.0,0.0,0.0,-8.200999999999993,0.0,0.0
GLY 137,80.49,0.0,0.0,-6.379,0.0,0.0,-78.59,0.0,0.0,0.873,0.0,0.0,0.0,0.0,0.0,-3.606000000000013,0.0,0.0
LEU 138,55.821,0.0,0.0,-13.515,0.0,0.0,-61.63,0.0,0.0,-0.329,0.0,0.0,0.0,0.0,0.0,-19.653000000000006,0.0,0.0
ASN 139,55.217,0.0,0.0,-8.431,0.0,0.0,-92.477,0.0,0.0,-11.41,0.0,0.0,0.0,0.0,0.0,-57.101,0.0,0.0
LYS 140,139.169,0.0,0.0,-7.645,0.0,0.0,-137.69,0.0,0.0,3.644,0.0,0.0,0.0,0.0,0.0,-2.5219999999999967,0.0,0.0
ILE 141,98.01,0.0,0.0,-11.838,0.0,0.0,-81.979,0.0,0.0,-0.621,0.0,0.0,0.0,0.0,0.0,3.572000000000012,0.0,0.0
VAL 142,53.738,0.0,0.0,-6.993,0.0,0.0,-50.472,0.0,0.0,-4.642,0.0,0.0,0.0,0.0,0.0,-8.369000000000003,0.0,0.0
ARG 143,-195.774,0.0,0.0,-5.93,0.0,0.0,62.949,0.0,0.0,-23.272,0.0,0.0,0.0,0.0,0.0,-162.027,0.0,0.0
MET 144,86.401,0.0,0.0,-6.325,0.0,0.0,-72.098,0.0,0.0,-4.776,0.0,0.0,0.0,0.0,0.0,3.2019999999999946,0.0,0.0
TYR 145,86.622,0.0,0.0,-10.768,0.0,0.0,-83.858,0.0,0.0,-6.117,0.0,0.0,0.0,0.0,0.0,-14.121000000000006,0.0,0.0
SER 146,78.679,0.0,0.0,-3.456,0.0,0.0,-58.504,0.0,0.0,-7.378,0.0,0.0,0.0,0.0,0.0,9.341000000000001,0.0,0.0
PRO 147,85.909,0.0,0.0,-3.534,0.0,0.0,-63.861,0.0,0.0,-3.54,0.0,0.0,0.0,0.0,0.0,14.974000000000004,0.0,0.0
THR 148,37.021,0.0,0.0,-2.761,0.0,0.0,-39.692,0.0,0.0,-11.259,0.0,0.0,0.0,0.0,0.0,-16.691000000000003,0.0,0.0
SER 149,64.297,0.0,0.0,-2.262,0.0,0.0,-45.094,0.0,0.0,-12.007,0.0,0.0,0.0,0.0,0.0,4.933999999999996,0.0,0.0
ILE 150,59.577,0.0,0.0,-1.328,0.0,0.0,-27.574,0.0,0.0,-6.397,0.0,0.0,0.0,0.0,0.0,24.27799999999999,0.0,0.0

Ligand:
Total Energy Decomposition:
Residue,Internal,,,van der Waals,,,Electrostatic,,,Polar Solvation,,,Non-Polar Solv.,,,TOTAL,,
,Avg.,Std. Dev.,Std. Err. of Mean,Avg.,Std. Dev.,Std. Err. of Mean,Avg.,Std. Dev.,Std. Err. of Mean,Avg.,Std. Dev.,Std. Err. of Mean,Avg.,Std. Dev.,Std. Err. of Mean,Avg.,Std. Dev.,Std. Err. of Mean
LEU   1,45.953,0.0,0.0,-3.105,0.0,0.0,-47.407,0.0,0.0,-0.527,0.0,0.0,0.0,0.0,0.0,-5.0859999999999905,0.0,0.0
ASP   2,113.575,0.0,0.0,-3.054,0.0,0.0,-94.55,0.0,0.0,-84.685,0.0,0.0,0.0,0.0,0.0,-68.714,0.0,0.0
ILE   3,105.167,0.0,0.0,-8.387,0.0,0.0,-75.524,0.0,0.0,-1.731,0.0,0.0,0.0,0.0,0.0,19.525,0.0,0.0
ARG   4,-188.148,0.0,0.0,-7.33,0.0,0.0,30.216,0.0,0.0,-5.641,0.0,0.0,0.0,0.0,0.0,-170.903,0.0,0.0
GLN   5,32.807,0.0,0.0,-12.159,0.0,0.0,-86.641,0.0,0.0,1.775,0.0,0.0,0.0,0.0,0.0,-64.21799999999999,0.0,0.0
GLY   6,86.156,0.0,0.0,-2.965,0.0,0.0,-76.629,0.0,0.0,-3.484,0.0,0.0,0.0,0.0,0.0,3.0779999999999976,0.0,0.0
PRO   7,84.034,0.0,0.0,-4.006,0.0,0.0,-52.695,0.0,0.0,-6.978,0.0,0.0,0.0,0.0,0.0,20.355000000000004,0.0,0.0
LYS   8,115.98,0.0,0.0,-4.537,0.0,0.0,-96.102,0.0,0.0,-25.224,0.0,0.0,0.0,0.0,0.0,-9.883000000000006,0.0,0.0
GLU   9,110.394,0.0,0.0,-6.356,0.0,0.0,-120.651,0.0,0.0,-30.11,0.0,0.0,0.0,0.0,0.0,-46.722999999999985,0.0,0.0
PRO  10,79.824,0.0,0.0,-6.048,0.0,0.0,-61.382,0.0,0.0,1.608,0.0,0.0,0.0,0.0,0.0,14.001999999999999,0.0,0.0
PHE  11,106.955,0.0,0.0,-14.719,0.0,0.0,-76.605,0.0,0.0,-0.356,0.0,0.0,0.0,0.0,0.0,15.275,0.0,0.0
ARG  12,-192.915,0.0,0.0,-6.291,0.0,0.0,-11.173,0.0,0.0,37.471,0.0,0.0,0.0,0.0,0.0,-172.908,0.0,0.0
ASP  13,87.182,0.0,0.0,-6.395,0.0,0.0,-61.62,0.0,0.0,-92.004,0.0,0.0,0.0,0.0,0.0,-72.83699999999999,0.0,0.0
TYR  14,98.217,0.0,0.0,-17.29,0.0,0.0,-98.577,0.0,0.0,1.703,0.0,0.0,0.0,0.0,0.0,-15.947000000000006,0.0,0.0
VAL  15,50.272,0.0,0.0,-8.307,0.0,0.0,-58.829,0.0,0.0,3.211,0.0,0.0,0.0,0.0,0.0,-13.653000000000004,0.0,0.0
ASP  16,96.284,0.0,0.0,-6.098,0.0,0.0,-70.526,0.0,0.0,-83.359,0.0,0.0,0.0,0.0,0.0,-63.698999999999984,0.0,0.0
ARG  17,-184.755,0.0,0.0,-7.37,0.0,0.0,4.167,0.0,0.0,8.82,0.0,0.0,0.0,0.0,0.0,-179.138,0.0,0.0
PHE  18,103.371,0.0,0.0,-13.846,0.0,0.0,-81.975,0.0,0.0,1.476,0.0,0.0,0.0,0.0,0.0,9.025999999999996,0.0,0.0
TYR  19,101.771,0.0,0.0,-12.178,0.0,0.0,-92.568,0.0,0.0,0.721,0.0,0.0,0.0,0.0,0.0,-2.2539999999999942,0.0,0.0
LYS  20,139.933,0.0,0.0,-6.59,0.0,0.0,-103.113,0.0,0.0,-33.76,0.0,0.0,0.0,0.0,0.0,-3.5300000000000082,0.0,0.0
THR  21,46.84,0.0,0.0,-4.867,0.0,0.0,-61.325,0.0,0.0,-2.052,0.0,0.0,0.0,0.0,0.0,-21.403999999999996,0.0,0.0
LEU  22,77.075,0.0,0.0,-13.181,0.0,0.0,-68.173,0.0,0.0,-1.375,0.0,0.0,0.0,0.0,0.0,-5.653999999999996,0.0,0.0
ARG  23,-195.327,0.0,0.0,-7.049,0.0,0.0,77.958,0.0,0.0,-38.37,0.0,0.0,0.0,0.0,0.0,-162.788,0.0,0.0
ALA  24,87.005,0.0,0.0,-3.656,0.0,0.0,-77.885,0.0,0.0,-5.599,0.0,0.0,0.0,0.0,0.0,-0.13500000000001577,0.0,0.0
GLU  25,106.796,0.0,0.0,-4.64,0.0,0.0,-66.414,0.0,0.0,-98.046,0.0,0.0,0.0,0.0,0.0,-62.304,0.0,0.0
GLN  26,29.121,0.0,0.0,-3.994,0.0,0.0,-61.413,0.0,0.0,-13.28,0.0,0.0,0.0,0.0,0.0,-49.566,0.0,0.0
ALA  27,97.84,0.0,0.0,-5.806,0.0,0.0,-88.34,0.0,0.0,0.248,0.0,0.0,0.0,0.0,0.0,3.942000000000003,0.0,0.0
SER  28,81.585,0.0,0.0,-5.363,0.0,0.0,-73.203,0.0,0.0,-1.398,0.0,0.0,0.0,0.0,0.0,1.6209999999999913,0.0,0.0
GLN  29,29.443,0.0,0.0,-5.009,0.0,0.0,-69.012,0.0,0.0,-6.111,0.0,0.0,0.0,0.0,0.0,-50.689,0.0,0.0
GLU  30,105.464,0.0,0.0,-3.878,0.0,0.0,-103.878,0.0,0.0,-56.983,0.0,0.0,0.0,0.0,0.0,-59.275,0.0,0.0
VAL  31,62.875,0.0,0.0,-7.711,0.0,0.0,-60.838,0.0,0.0,-0.372,0.0,0.0,0.0,0.0,0.0,-6.045999999999999,0.0,0.0
LYS  32,115.942,0.0,0.0,-12.356,0.0,0.0,-101.921,0.0,0.0,-7.945,0.0,0.0,0.0,0.0,0.0,-6.280000000000008,0.0,0.0
ASN  33,29.134,0.0,0.0,-7.831,0.0,0.0,-80.028,0.0,0.0,-10.632,0.0,0.0,0.0,0.0,0.0,-69.35700000000001,0.0,0.0
TRP  34,130.306,0.0,0.0,-11.305,0.0,0.0,-92.55,0.0,0.0,-5.316,0.0,0.0,0.0,0.0,0.0,21.13500000000001,0.0,0.0
MET  35,101.072,0.0,0.0,-9.465,0.0,0.0,-85.656,0.0,0.0,-0.464,0.0,0.0,0.0,0.0,0.0,5.486999999999993,0.0,0.0
THR  36,42.274,0.0,0.0,-7.416,0.0,0.0,-59.874,0.0,0.0,-0.087,0.0,0.0,0.0,0.0,0.0,-25.102999999999998,0.0,0.0
GLU  37,104.957,0.0,0.0,-5.924,0.0,0.0,-59.371,0.0,0.0,-100.754,0.0,0.0,0.0,0.0,0.0,-61.09200000000002,0.0,0.0
THR  38,33.999,0.0,0.0,-6.006,0.0,0.0,-42.819,0.0,0.0,-2.19,0.0,0.0,0.0,0.0,0.0,-17.016000000000002,0.0,0.0
LEU  39,59.177,0.0,0.0,-8.02,0.0,0.0,-62.146,0.0,0.0,1.524,0.0,0.0,0.0,0.0,0.0,-9.465000000000003,0.0,0.0
LEU  40,84.627,0.0,0.0,-10.213,0.0,0.0,-89.431,0.0,0.0,1.337,0.0,0.0,0.0,0.0,0.0,-13.679999999999996,0.0,0.0
VAL  41,52.955,0.0,0.0,-5.43,0.0,0.0,-59.65,0.0,0.0,-0.003,0.0,0.0,0.0,0.0,0.0,-12.128,0.0,0.0
GLN  42,24.949,0.0,0.0,-6.351,0.0,0.0,-64.201,0.0,0.0,-8.052,0.0,0.0,0.0,0.0,0.0,-53.654999999999994,0.0,0.0
ASN  43,17.097,0.0,0.0,-10.164,0.0,0.0,-74.581,0.0,0.0,1.363,0.0,0.0,0.0,0.0,0.0,-66.285,0.0,0.0
ALA  44,95.062,0.0,0.0,-6.969,0.0,0.0,-82.149,0.0,0.0,2.696,0.0,0.0,0.0,0.0,0.0,8.640000000000002,0.0,0.0
ASN  45,46.867,0.0,0.0,-7.017,0.0,0.0,-95.273,0.0,0.0,-3.684,0.0,0.0,0.0,0.0,0.0,-59.107,0.0,0.0
PRO  46,80.016,0.0,0.0,-5.011,0.0,0.0,-55.231,0.0,0.0,-3.516,0.0,0.0,0.0,0.0,0.0,16.25800000000001,0.0,0.0
ASP  47,91.451,0.0,0.0,-6.201,0.0,0.0,-82.831,0.0,0.0,-68.431,0.0,0.0,0.0,0.0,0.0,-66.012,0.0,0.0
CYX  48,102.06,0.0,0.0,-8.744,0.0,0.0,-83.329,0.0,0.0,-0.339,0.0,0.0,0.0,0.0,0.0,9.648000000000009,0.0,0.0
LYS  49,133.541,0.0,0.0,-8.844,0.0,0.0,-125.33,0.0,0.0,-15.005,0.0,0.0,0.0,0.0,0.0,-15.637999999999996,0.0,0.0
THR  50,45.547,0.0,0.0,-4.543,0.0,0.0,-57.04,0.0,0.0,-1.632,0.0,0.0,0.0,0.0,0.0,-17.668000000000003,0.0,0.0
ILE  51,72.525,0.0,0.0,-4.313,0.0,0.0,-53.957,0.0,0.0,0.177,0.0,0.0,0.0,0.0,0.0,14.432000000000002,0.0,0.0
LEU  52,69.723,0.0,0.0,-10.647,0.0,0.0,-64.731,0.0,0.0,-3.494,0.0,0.0,0.0,0.0,0.0,-9.148999999999994,0.0,0.0
LYS  53,122.91,0.0,0.0,-4.511,0.0,0.0,-101.128,0.0,0.0,-20.08,0.0,0.0,0.0,0.0,0.0,-2.8089999999999975,0.0,0.0
ALA  54,85.418,0.0,0.0,-3.385,0.0,0.0,-72.729,0.0,0.0,-4.654,0.0,0.0,0.0,0.0,0.0,4.650000000000002,0.0,0.0
LEU  55,68.407,0.0,0.0,-6.172,0.0,0.0,-69.413,0.0,0.0,-5.54,0.0,0.0,0.0,0.0,0.0,-12.717999999999996,0.0,0.0
GLY  56,91.961,0.0,0.0,-2.28,0.0,0.0,-75.852,0.0,0.0,-5.203,0.0,0.0,0.0,0.0,0.0,8.625999999999994,0.0,0.0
PRO  57,78.267,0.0,0.0,-2.232,0.0,0.0,-51.673,0.0,0.0,-9.338,0.0,0.0,0.0,0.0,0.0,15.023999999999996,0.0,0.0
GLY  58,65.265,0.0,0.0,-1.701,0.0,0.0,-62.391,0.0,0.0,-6.398,0.0,0.0,0.0,0.0,0.0,-5.224999999999998,0.0,0.0
ALA  59,99.11,0.0,0.0,-4.715,0.0,0.0,-89.522,0.0,0.0,-1.606,0.0,0.0,0.0,0.0,0.0,3.2669999999999906,0.0,0.0
THR  60,45.217,0.0,0.0,-3.642,0.0,0.0,-54.097,0.0,0.0,-1.697,0.0,0.0,0.0,0.0,0.0,-14.219000000000005,0.0,0.0
LEU  61,59.55,0.0,0.0,-7.264,0.0,0.0,-61.685,0.0,0.0,-1.869,0.0,0.0,0.0,0.0,0.0,-11.268000000000008,0.0,0.0
GLU  62,107.683,0.0,0.0,-5.378,0.0,0.0,-95.58,0.0,0.0,-69.507,0.0,0.0,0.0,0.0,0.0,-62.782,0.0,0.0
GLU  63,101.271,0.0,0.0,-6.369,0.0,0.0,-69.97,0.0,0.0,-88.987,0.0,0.0,0.0,0.0,0.0,-64.05499999999999,0.0,0.0
MET  64,91.858,0.0,0.0,-12.185,0.0,0.0,-76.114,0.0,0.0,-0.231,0.0,0.0,0.0,0.0,0.0,3.3279999999999976,0.0,0.0
MET  65,105.481,0.0,0.0,-11.931,0.0,0.0,-82.011,0.0,0.0,-2.061,0.0,0.0,0.0,0.0,0.0,9.478000000000002,0.0,0.0
THR  66,39.423,0.0,0.0,-5.716,0.0,0.0,-49.267,0.0,0.0,-4.405,0.0,0.0,0.0,0.0,0.0,-19.965000000000003,0.0,0.0
ALA  67,75.763,0.0,0.0,-6.186,0.0,0.0,-62.21,0.0,0.0,-2.314,0.0,0.0,0.0,0.0,0.0,5.052999999999997,0.0,0.0
CYX  68,98.746,0.0,0.0,-7.828,0.0,0.0,-82.088,0.0,0.0,-1.064,0.0,0.0,0.0,0.0,0.0,7.765999999999998,0.0,0.0
GLN  69,37.998,0.0,0.0,-6.053,0.0,0.0,-68.394,0.0,0.0,-12.429,0.0,0.0,0.0,0.0,0.0,-48.878000000000014,0.0,0.0
GLY  70,101.286,0.0,0.0,-3.727,0.0,0.0,-86.158,0.0,0.0,-4.692,0.0,0.0,0.0,0.0,0.0,6.708999999999996,0.0,0.0
VAL  71,30.412,0.0,0.0,-2.544,0.0,0.0,-30.6,0.0,0.0,-97.427,0.0,0.0,0.0,0.0,0.0,-100.159,0.0,0.0

DELTAS:
Total Energy Decomposition:
Residue,Location,Internal,,,van der Waals,,,Electrostatic,,,Polar Solvation,,,Non-Polar Solv.,,,TOTAL,,
,,Avg.,Std. Dev.,Std. Err. of Mean,Avg.,Std. Dev.,Std. Err. of Mean,Avg.,Std. Dev.,Std. Err. of Mean,Avg.,Std. Dev.,Std. Err. of Mean,Avg.,Std. Dev.,Std. Err. of Mean
PRO   1,R PRO   1,0.0,0.0,0.0,0.0,0.0,0.0,-5.944999999999993,0.0,0.0,5.8260000000000005,0.0,0.0,0.0,0.0,0.0,-0.11899999999999267,0.0,0.0
ILE   2,R ILE   2,0.0,0.0,0.0,0.0,0.0,0.0,0.046999999999997044,0.0,0.0,-0.04800000000000004,0.0,0.0,0.0,0.0,0.0,-0.0010000000000029985,0.0,0.0
VAL   3,R VAL   3,0.0,0.0,0.0,-0.001000000000000334,0.0,0.0,-0.007000000000005002,0.0,0.0,0.009000000000000119,0.0,0.0,0.0,0.0,0.0,0.000999999999990564,0.0,0.0
GLN   4,R GLN   4,0.0,0.0,0.0,-0.001000000000000334,0.0,0.0,0.030000000000001137,0.0,0.0,-0.034000000000000696,0.0,0.0,0.0,0.0,0.0,-0.005000000000002558,0.0,0.0
ASN   5,R ASN   5,0.0,0.0,0.0,0.0,0.0,0.0,-0.05099999999998772,0.0,0.0,0.04800000000000004,0.0,0.0,0.0,0.0,0.0,-0.002999999999985903,0.0,0.0
LEU   6,R LEU   6,0.0,0.0,0.0,0.0,0.0,0.0,-0.01999999999999602,0.0,0.0,0.01899999999999924,0.0,0.0,0.0,0.0,0.0,-0.0009999999999967812,0.0,0.0
GLN   7,R GLN   7,0.0,0.0,0.0,0.0,0.0,0.0,-0.015999999999991132,0.0,0.0,0.018000000000000682,0.0,0.0,0.0,0.0,0.0,0.0020000000000095497,0.0,0.0
GLY   8,R GLY   8,0.0,0.0,0.0,0.0,0.0,0.0,-0.01999999999999602,0.0,0.0,0.021999999999999797,0.0,0.0,0.0,0.0,0.0,0.0020000000000037765,0.0,0.0
GLN   9,R GLN   9,0.0,0.0,0.0,0.0,0.0,0.0,0.07000000000000739,0.0,0.0,-0.06799999999999962,0.0,0.0,0.0,0.0,0.0,0.0020000000000095497,0.0,0.0
MET  10,R MET  10,0.0,0.0,0.0,-0.0010000000000012221,0.0,0.0,-0.043000000000006366,0.0,0.0,0.0389999999999997,0.0,0.0,0.0,0.0,0.0,-0.00500000000001144,0.0,0.0
VAL  11,R VAL  11,0.0,0.0,0.0,0.0,0.0,0.0,0.013999999999995794,0.0,0.0,-0.017999999999999794,0.0,0.0,0.0,0.0,0.0,-0.004000000000004,0.0,0.0
HID  12,R HID  12,0.0,0.0,0.0,0.0,0.0,0.0,-0.034000000000006025,0.0,0.0,0.03699999999999992,0.0,0.0,0.0,0.0,0.0,0.0029999999999930083,0.0,0.0
GLN  13,R GLN  13,0.0,0.0,0.0,0.0,0.0,0.0,0.02200000000000557,0.0,0.0,-0.022999999999999687,0.0,0.0,0.0,0.0,0.0,-0.000999999999990564,0.0,0.0
ALA  14,R ALA  14,0.0,0.0,0.0,0.0,0.0,0.0,0.0309999999999917,0.0,0.0,-0.02499999999999991,0.0,0.0,0.0,0.0,0.0,0.005999999999991346,0.0,0.0
ILE  15,R ILE  15,0.0,0.0,0.0,-0.002000000000000668,0.0,0.0,-0.022999999999996135,0.0,0.0,0.021999999999999797,0.0,0.0,0.0,0.0,0.0,-0.0030000000000054428,0.0,0.0
SER  16,R SER  16,0.0,0.0,0.0,-0.0009999999999994458,0.0,0.0,0.15200000000000102,0.0,0.0,-0.15799999999999947,0.0,0.0,0.0,0.0,0.0,-0.007000000000003226,0.0,0.0
PRO  17,R PRO  17,0.0,0.0,0.0,-0.0009999999999998899,0.0,0.0,0.14800000000000324,0.0,0.0,-0.15000000000000036,0.0,0.0,0.0,0.0,0.0,-0.0030000000000036664,0.0,0.0
ARG  18,R ARG  18,0.0,0.0,0.0,-0.002000000000000668,0.0,0.0,-7.903000000000006,0.0,0.0,7.788999999999994,0.0,0.0,0.0,0.0,0.0,-0.11600000000004229,0.0,0.0
THR  19,R THR  19,0.0,0.0,0.0,-0.0019999999999997797,0.0,0.0,0.18999999999999773,0.0,0.0,-0.1900000000000004,0.0,0.0,0.0,0.0,0.0,-0.0019999999999988916,0.0,0.0
LEU  20,R LEU  20,0.0,0.0,0.0,-0.005000000000000782,0.0,0.0,0.22400000000000375,0.0,0.0,-0.22299999999999986,0.0,0.0,0.0,0.0,0.0,-0.0039999999999995595,0.0,0.0
ASN  21,R ASN  21,0.0,0.0,0.0,-0.008000000000000007,0.0,0.0,0.17599999999998772,0.0,0.0,-0.17499999999999893,0.0,0.0,0.0,0.0,0.0,-0.007000000000005002,0.0,0.0
ALA  22,R ALA  22,0.0,0.0,0.0,-0.0030000000000001137,0.0,0.0,0.3849999999999909,0.0,0.0,-0.379,0.0,0.0,0.0,0.0,0.0,0.002999999999991232,0.0,0.0
TRP  23,R TRP  23,0.0,0.0,0.0,-0.015000000000000568,0.0,0.0,0.5510000000000019,0.0,0.0,-0.5260000000000002,0.0,0.0,0.0,0.0,0.0,0.010000000000001563,0.0,0.0
VAL  24,R VAL  24,0.0,0.0,0.0,-0.04800000000000004,0.0,0.0,0.5200000000000031,0.0,0.0,-0.4939999999999998,0.0,0.0,0.0,0.0,0.0,-0.02199999999999136,0.0,0.0
LYS  25,R LYS  25,0.0,0.0,0.0,-0.04699999999999971,0.0,0.0,-14.999000000000024,0.0,0.0,14.728,0.0,0.0,0.0,0.0,0.0,-0.31800000000002093,0.0,0.0
VAL  26,R VAL  26,0.0,0.0,0.0,-0.016000000000000014,0.0,0.0,0.884999999999998,0.0,0.0,-0.8580000000000005,0.0,0.0,0.0,0.0,0.0,0.010999999999999233,0.0,0.0
VAL  27,R VAL  27,0.0,0.0,0.0,-0.07299999999999862,0.0,0.0,1.2150000000000034,0.0,0.0,-1.1149999999999998,0.0,0.0,0.0,0.0,0.0,0.027000000000009905,0.0,0.0
GLU  28,R GLU  28,0.0,0.0,0.0,-0.28800000000000026,0.0,0.0,20.177999999999997,0.0,0.0,-19.62299999999999,0.0,0.0,0.0,0.0,0.0,0.2670000000000101,0.0,0.0
GLU  29,R GLU  29,0.0,0.0,0.0,-0.08900000000000041,0.0,0.0,21.78,0.0,0.0,-21.251000000000005,0.0,0.0,0.0,0.0,0.0,0.4399999999999906,0.0,0.0
LYS  30,R LYS  30,0.0,0.0,0.0,-0.04399999999999871,0.0,0.0,-15.043000000000006,0.0,0.0,14.785000000000002,0.0,0.0,0.0,0.0,0.0,-0.3020000000000014,0.0,0.0
ALA  31,R ALA  31,0.0,0.0,0.0,-0.030999999999999694,0.0,0.0,-0.24200000000000443,0.0,0.0,0.19299999999999962,0.0,0.0,0.0,0.0,0.0,-0.08000000000001073,0.0,0.0
PHE  32,R PHE  32,0.0,0.0,0.0,-0.032999999999999474,0.0,0.0,0.375,0.0,0.0,-0.34999999999999987,0.0,0.0,0.0,0.0,0.0,-0.008000000000000895,0.0,0.0
SER  33,R SER  33,0.0,0.0,0.0,-0.005999999999999339,0.0,0.0,-0.09499999999999886,0.0,0.0,0.08599999999999985,0.0,0.0,0.0,0.0,0.0,-0.014999999999986358,0.0,0.0
PRO  34,R PRO  34,0.0,0.0,0.0,-0.0030000000000001137,0.0,0.0,-0.13799999999999812,0.0,0.0,0.1319999999999999,0.0,0.0,0.0,0.0,0.0,-0.009000000000012776,0.0,0.0
GLU  35,R GLU  35,0.0,0.0,0.0,-0.004999999999999893,0.0,0.0,11.975000000000009,0.0,0.0,-11.823999999999998,0.0,0.0,0.0,0.0,0.0,0.1460000000000008,0.0,0.0
VAL  36,R VAL  36,0.0,0.0,0.0,-0.004999999999999005,0.0,0.0,-0.10000000000000142,0.0,0.0,0.092,0.0,0.0,0.0,0.0,0.0,-0.013000000000003453,0.0,0.0
ILE  37,R ILE  37,0.0,0.0,0.0,-0.0019999999999988916,0.0,0.0,-0.055999999999997385,0.0,0.0,0.052000000000000046,0.0,0.0,0.0,0.0,0.0,-0.005999999999993122,0.0,0.0
PRO  38,R PRO  38,0.0,0.0,0.0,-0.0009999999999994458,0.0,0.0,-0.14500000000000313,0.0,0.0,0.1419999999999999,0.0,0.0,0.0,0.0,0.0,-0.003999999999990678,0.0,0.0
MET  39,R MET  39,0.0,0.0,0.0,-0.0030000000000001137,0.0,0.0,-0.05299999999999727,0.0,0.0,0.052999999999999936,0.0,0.0,0.0,0.0,0.0,-0.002999999999996561,0.0,0.0
PHE  40,R PHE  40,0.0,0.0,0.0,-0.002000000000000668,0.0,0.0,-0.06799999999999784,0.0,0.0,0.06600000000000006,0.0,0.0,0.0,0.0,0.0,-0.004000000000007553,0.0,0.0
SER  41,R SER  41,0.0,0.0,0.0,-0.001000000000000334,0.0,0.0,-0.1389999999999958,0.0,0.0,0.13600000000000012,0.0,0.0,0.0,0.0,0.0,-0.003999999999993342,0.0,0.0
ALA  42,R ALA  42,0.0,0.0,0.0,0.0,0.0,0.0,-0.0589999999999975,0.0,0.0,0.06100000000000039,0.0,0.0,0.0,0.0,0.0,0.0020000000000024443,0.0,0.0
LEU  43,R LEU  43,0.0,0.0,0.0,-0.002000000000000668,0.0,0.0,-0.09499999999999886,0.0,0.0,0.10199999999999987,0.0,0.0,0.0,0.0,0.0,0.0049999999999919,0.0,0.0
SER  44,R SER  44,0.0,0.0,0.0,0.0,0.0,0.0,-0.14699999999999136,0.0,0.0,0.14600000000000002,0.0,0.0,0.0,0.0,0.0,-0.0009999999999914522,0.0,0.0
GLU  45,R GLU  45,0.0,0.0,0.0,-0.0009999999999994458,0.0,0.0,6.2450000000000045,0.0,0.0,-6.188000000000002,0.0,0.0,0.0,0.0,0.0,0.055999999999997385,0.0,0.0
GLY  46,R GLY  46,0.0,0.0,0.0,0.0,0.0,0.0,-0.019000000000005457,0.0,0.0,0.026,0.0,0.0,0.0,0.0,0.0,0.006999999999994788,0.0,0.0
ALA  47,R ALA  47,0.0,0.0,0.0,0.0,0.0,0.0,-0.06700000000000728,0.0,0.0,0.06300000000000017,0.0,0.0,0.0,0.0,0.0,-0.004000000000007109,0.0,0.0
THR  48,R THR  48,0.0,0.0,0.0,0.0,0.0,0.0,0.06700000000000017,0.0,0.0,-0.07400000000000007,0.0,0.0,0.0,0.0,0.0,-0.006999999999999673,0.0,0.0
PRO  49,R PRO  49,0.0,0.0,0.0,-0.0010000000000012221,0.0,0.0,0.03499999999999659,0.0,0.0,-0.039999999999999994,0.0,0.0,0.0,0.0,0.0,-0.006000000000007333,0.0,0.0
GLN  50,R GLN  50,0.0,0.0,0.0,-0.0009999999999994458,0.0,0.0,-0.07099999999999795,0.0,0.0,0.05799999999999983,0.0,0.0,0.0,0.0,0.0,-0.013999999999995794,0.0,0.0
ASP  51,R ASP  51,0.0,0.0,0.0,-0.0009999999999994458,0.0,0.0,5.831999999999994,0.0,0.0,-5.74,0.0,0.0,0.0,0.0,0.0,0.09100000000000819,0.0,0.0
LEU  52,R LEU  52,0.0,0.0,0.0,-0.0009999999999994458,0.0,0.0,0.07800000000000296,0.0,0.0,-0.08400000000000002,0.0,0.0,0.0,0.0,0.0,-0.006999999999994344,0.0,0.0
ASN  53,R ASN  53,0.0,0.0,0.0,-0.002000000000000668,0.0,0.0,-0.02600000000001046,0.0,0.0,0.010000000000000009,0.0,0.0,0.0,0.0,0.0,-0.018000000000029104,0.0,0.0
THR  54,R THR  54,0.0,0.0,0.0,-0.0030000000000001137,0.0,0.0,0.007000000000005002,0.0,0.0,-0.010000000000000009,0.0,0.0,0.0,0.0,0.0,-0.005999999999996675,0.0,0.0
MET  55,R MET  55,0.0,0.0,0.0,-0.0039999999999995595,0.0,0.0,0.18999999999999773,0.0,0.0,-0.19099999999999995,0.0,0.0,0.0,0.0,0.0,-0.005000000000006999,0.0,0.0
LEU  56,R LEU  56,0.0,0.0,0.0,-0.008000000000000895,0.0,0.0,-0.06200000000000472,0.0,0.0,0.05900000000000016,0.0,0.0,0.0,0.0,0.0,-0.011000000000008114,0.0,0.0
ASN  57,R ASN  57,0.0,0.0,0.0,-0.008999999999999453,0.0,0.0,-0.4369999999999976,0.0,0.0,0.41999999999999993,0.0,0.0,0.0,0.0,0.0,-0.02599999999999625,0.0,0.0
THR  58,R THR  58,0.0,0.0,0.0,-0.017999999999999794,0.0,0.0,-0.07099999999999795,0.0,0.0,0.06599999999999984,0.0,0.0,0.0,0.0,0.0,-0.02299999999999791,0.0,0.0
VAL  59,R VAL  59,0.0,0.0,0.0,-0.05600000000000005,0.0,0.0,-0.03999999999999915,0.0,0.0,0.014000000000000012,0.0,0.0,0.0,0.0,0.0,-0.0820000000000034,0.0,0.0
ALA  60,R ALA  60,0.0,0.0,0.0,-0.07899999999999974,0.0,0.0,-1.1669999999999874,0.0,0.0,1.165,0.0,0.0,0.0,0.0,0.0,-0.08099999999999596,0.0,0.0
PRO  61,R PRO  61,0.0,0.0,0.0,-1.146,0.0,0.0,-0.9709999999999965,0.0,0.0,2.1060000000000003,0.0,0.0,0.0,0.0,0.0,-0.010999999999997456,0.0,0.0
HID  62,R HID  62,0.0,0.0,0.0,-1.347999999999999,0.0,0.0,-2.144999999999996,0.0,0.0,3.1900000000000004,0.0,0.0,0.0,0.0,0.0,-0.3029999999999937,0.0,0.0
GLN  63,R GLN  63,0.0,0.0,0.0,-1.3439999999999994,0.0,0.0,2.137999999999998,0.0,0.0,-0.6140000000000008,0.0,0.0,0.0,0.0,0.0,0.17999999999999972,0.0,0.0
ALA  64,R ALA  64,0.0,0.0,0.0,-0.18400000000000016,0.0,0.0,0.2989999999999924,0.0,0.0,-0.2809999999999997,0.0,0.0,0.0,0.0,0.0,-0.1660000000000048,0.0,0.0
ALA  65,R ALA  65,0.0,0.0,0.0,-0.07899999999999974,0.0,0.0,-0.3089999999999975,0.0,0.0,0.28900000000000015,0.0,0.0,0.0,0.0,0.0,-0.09900000000000553,0.0,0.0
ALA  66,R ALA  66,0.0,0.0,0.0,-0.027000000000000135,0.0,0.0,0.3199999999999932,0.0,0.0,-0.314,0.0,0.0,0.0,0.0,0.0,-0.0210000000000079,0.0,0.0
GLN  67,R GLN  67,0.0,0.0,0.0,-0.02799999999999958,0.0,0.0,-0.30299999999999727,0.0,0.0,0.28500000000000014,0.0,0.0,0.0,0.0,0.0,-0.04599999999999227,0.0,0.0
MET  68,R MET  68,0.0,0.0,0.0,-0.02800000000000047,0.0,0.0,-0.14000000000000057,0.0,0.0,0.12400000000000011,0.0,0.0,0.0,0.0,0.0,-0.0439999999999916,0.0,0.0
LEU  69,R LEU  69,0.0,0.0,0.0,-0.009999999999999787,0.0,0.0,0.01099999999999568,0.0,0.0,-0.01100000000000012,0.0,0.0,0.0,0.0,0.0,-0.010000000000008669,0.0,0.0
LYS  70,R LYS  70,0.0,0.0,0.0,-0.006000000000000227,0.0,0.0,-3.3190000000000026,0.0,0.0,3.3840000000000003,0.0,0.0,0.0,0.0,0.0,0.0589999999999975,0.0,0.0
GLU  71,R GLU  71,0.0,0.0,0.0,-0.004999999999999893,0.0,0.0,2.9229999999999876,0.0,0.0,-2.997,0.0,0.0,0.0,0.0,0.0,-0.07900000000002194,0.0,0.0
THR  72,R THR  72,0.0,0.0,0.0,-0.0030000000000001137,0.0,0.0,0.018000000000000682,0.0,0.0,-0.017999999999999794,0.0,0.0,0.0,0.0,0.0,-0.002999999999996561,0.0,0.0
ILE  73,R ILE  73,0.0,0.0,0.0,-0.0030000000000001137,0.0,0.0,0.030000000000001137,0.0,0.0,-0.028000000000000025,0.0,0.0,0.0,0.0,0.0,-0.0009999999999976694,0.0,0.0
ASN  74,R ASN  74,0.0,0.0,0.0,-0.0009999999999994458,0.0,0.0,0.20400000000000773,0.0,0.0,-0.19200000000000017,0.0,0.0,0.0,0.0,0.0,0.011000000000024102,0.0,0.0
GLU  75,R GLU  75,0.0,0.0,0.0,-0.0009999999999994458,0.0,0.0,4.744,0.0,0.0,-4.753999999999991,0.0,0.0,0.0,0.0,0.0,-0.01099999999999568,0.0,0.0
GLU  76,R GLU  76,0.0,0.0,0.0,-0.0009999999999994458,0.0,0.0,5.460000000000008,0.0,0.0,-5.481999999999999,0.0,0.0,0.0,0.0,0.0,-0.022999999999996135,0.0,0.0
ALA  77,R ALA  77,0.0,0.0,0.0,-0.0009999999999994458,0.0,0.0,0.0030000000000001137,0.0,0.0,-0.0040000000000000036,0.0,0.0,0.0,0.0,0.0,-0.002000000000005109,0.0,0.0
ALA  78,R ALA  78,0.0,0.0,0.0,0.0,0.0,0.0,-0.0040000000000048885,0.0,0.0,0.004999999999999893,0.0,0.0,0.0,0.0,0.0,0.0009999999999950049,0.0,0.0
GLU  79,R GLU  79,0.0,0.0,0.0,0.0,0.0,0.0,4.882999999999996,0.0,0.0,-4.86999999999999,0.0,0.0,0.0,0.0,0.0,0.01300000000000523,0.0,0.0
TRP  80,R TRP  80,0.0,0.0,0.0,0.0,0.0,0.0,-0.0040000000000048885,0.0,0.0,0.006999999999999895,0.0,0.0,0.0,0.0,0.0,0.0029999999999947846,0.0,0.0
ASP  81,R ASP  81,0.0,0.0,0.0,-0.0010000000000012221,0.0,0.0,4.587000000000003,0.0,0.0,-4.599999999999994,0.0,0.0,0.0,0.0,0.0,-0.013999999999995794,0.0,0.0
ARG  82,R ARG  82,0.0,0.0,0.0,0.0,0.0,0.0,-4.83,0.0,0.0,4.814000000000004,0.0,0.0,0.0,0.0,0.0,-0.015999999999991132,0.0,0.0
LEU  83,R LEU  83,0.0,0.0,0.0,0.0,0.0,0.0,-0.02599999999999625,0.0,0.0,0.028999999999999915,0.0,0.0,0.0,0.0,0.0,0.0030000000000036664,0.0,0.0
HID  84,R HID  84,0.0,0.0,0.0,-0.001000000000000334,0.0,0.0,0.0030000000000001137,0.0,0.0,-0.004999999999999893,0.0,0.0,0.0,0.0,0.0,-0.0030000000000036664,0.0,0.0
PRO  85,R PRO  85,0.0,0.0,0.0,-0.0009999999999998899,0.0,0.0,0.01999999999999602,0.0,0.0,-0.02200000000000024,0.0,0.0,0.0,0.0,0.0,-0.003000000000010772,0.0,0.0
VAL  86,R VAL  86,0.0,0.0,0.0,0.0,0.0,0.0,-0.015000000000000568,0.0,0.0,0.01499999999999968,0.0,0.0,0.0,0.0,0.0,0.0,0.0,0.0
HID  87,R HID  87,0.0,0.0,0.0,0.0,0.0,0.0,-0.0009999999999976694,0.0,0.0,0.004999999999999893,0.0,0.0,0.0,0.0,0.0,0.0040000000000048885,0.0,0.0
ALA  88,R ALA  88,0.0,0.0,0.0,0.0,0.0,0.0,-0.007999999999995566,0.0,0.0,0.008999999999999453,0.0,0.0,0.0,0.0,0.0,0.0010000000000038867,0.0,0.0
GLY  89,R GLY  89,0.0,0.0,0.0,0.0,0.0,0.0,0.01099999999999568,0.0,0.0,-0.01100000000000012,0.0,0.0,0.0,0.0,0.0,-5.329070518200751e-15,0.0,0.0
PRO  90,R PRO  90,0.0,0.0,0.0,0.0,0.0,0.0,-0.015000000000000568,0.0,0.0,0.010999999999999233,0.0,0.0,0.0,0.0,0.0,-0.0040000000000048885,0.0,0.0
ILE  91,R ILE  91,0.0,0.0,0.0,-0.001000000000000334,0.0,0.0,-0.011000000000002785,0.0,0.0,0.008000000000000007,0.0,0.0,0.0,0.0,0.0,-0.004000000000008441,0.0,0.0
ALA  92,R ALA  92,0.0,0.0,0.0,0.0,0.0,0.0,0.027999999999991587,0.0,0.0,-0.022999999999999687,0.0,0.0,0.0,0.0,0.0,0.0049999999999919,0.0,0.0
PRO  93,R PRO  93,0.0,0.0,0.0,0.0,0.0,0.0,-0.006000000000000227,0.0,0.0,0.006999999999999673,0.0,0.0,0.0,0.0,0.0,0.0009999999999976694,0.0,0.0
GLY  94,R GLY  94,0.0,0.0,0.0,0.0,0.0,0.0,0.0049999999999954525,0.0,0.0,-0.0039999999999995595,0.0,0.0,0.0,0.0,0.0,0.000999999999995893,0.0,0.0
GLN  95,R GLN  95,0.0,0.0,0.0,0.0,0.0,0.0,0.03699999999999193,0.0,0.0,-0.03200000000000003,0.0,0.0,0.0,0.0,0.0,0.004999999999988347,0.0,0.0
MET  96,R MET  96,0.0,0.0,0.0,0.0,0.0,0.0,-0.010000000000005116,0.0,0.0,0.006999999999999673,0.0,0.0,0.0,0.0,0.0,-0.0030000000000054428,0.0,0.0
ARG  97,R ARG  97,0.0,0.0,0.0,0.0,0.0,0.0,-4.558,0.0,0.0,4.494,0.0,0.0,0.0,0.0,0.0,-0.06399999999996453,0.0,0.0
GLU  98,R GLU  98,0.0,0.0,0.0,-0.0009999999999994458,0.0,0.0,4.450000000000003,0.0,0.0,-4.4269999999999925,0.0,0.0,0.0,0.0,0.0,0.02200000000000557,0.0,0.0
PRO  99,R PRO  99,0.0,0.0,0.0,-0.0010000000000012221,0.0,0.0,-0.027999999999998693,0.0,0.0,0.02499999999999991,0.0,0.0,0.0,0.0,0.0,-0.004000000000001336,0.0,0.0
ARG 100,R ARG 100,0.0,0.0,0.0,0.0,0.0,0.0,-4.532999999999998,0.0,0.0,4.540999999999997,0.0,0.0,0.0,0.0,0.0,0.008000000000009777,0.0,0.0
GLY 101,R GLY 101,0.0,0.0,0.0,0.0,0.0,0.0,0.030000000000001137,0.0,0.0,-0.028000000000000025,0.0,0.0,0.0,0.0,0.0,0.0020000000000024443,0.0,0.0
SER 102,R SER 102,0.0,0.0,0.0,-0.001000000000000334,0.0,0.0,0.016000000000005343,0.0,0.0,-0.015000000000000124,0.0,0.0,0.0,0.0,0.0,7.993605777301127e-15,0.0,0.0
ASP 103,R ASP 103,0.0,0.0,0.0,0.0,0.0,0.0,4.665000000000006,0.0,0.0,-4.634,0.0,0.0,0.0,0.0,0.0,0.03100000000000591,0.0,0.0
ILE 104,R ILE 104,0.0,0.0,0.0,-0.0010000000000012221,0.0,0.0,0.04200000000000159,0.0,0.0,-0.03799999999999992,0.0,0.0,0.0,0.0,0.0,0.003000000000010772,0.0,0.0
ALA 105,R ALA 105,0.0,0.0,0.0,0.0,0.0,0.0,0.01100000000000989,0.0,0.0,-0.009999999999999995,0.0,0.0,0.0,0.0,0.0,0.001000000000010104,0.0,0.0
GLY 106,R GLY 106,0.0,0.0,0.0,-0.001000000000000334,0.0,0.0,-0.000999999999990564,0.0,0.0,0.0030000000000001137,0.0,0.0,0.0,0.0,0.0,0.0010000000000047748,0.0,0.0
THR 107,R THR 107,0.0,0.0,0.0,0.0,0.0,0.0,0.012999999999998124,0.0,0.0,-0.008000000000000007,0.0,0.0,0.0,0.0,0.0,0.004999999999997229,0.0,0.0
THR 108,R THR 108,0.0,0.0,0.0,0.0,0.0,0.0,-0.012000000000000455,0.0,0.0,0.01100000000000012,0.0,0.0,0.0,0.0,0.0,-0.0010000000000012221,0.0,0.0
SER 109,R SER 109,0.0,0.0,0.0,0.0,0.0,0.0,0.02200000000000557,0.0,0.0,-0.026000000000000245,0.0,0.0,0.0,0.0,0.0,-0.0039999999999946745,0.0,0.0
THR 110,R THR 110,0.0,0.0,0.0,0.0,0.0,0.0,-0.012000000000000455,0.0,0.0,0.0129999999999999,0.0,0.0,0.0,0.0,0.0,0.0009999999999976694,0.0,0.0
LEU 111,R LEU 111,0.0,0.0,0.0,0.0,0.0,0.0,-0.02400000000000091,0.0,0.0,0.02200000000000002,0.0,0.0,0.0,0.0,0.0,-0.002000000000000668,0.0,0.0
GLN 112,R GLN 112,0.0,0.0,0.0,0.0,0.0,0.0,0.020000000000010232,0.0,0.0,-0.012000000000000455,0.0,0.0,0.0,0.0,0.0,0.008000000000009777,0.0,0.0
GLU 113,R GLU 113,0.0,0.0,0.0,0.0,0.0,0.0,4.632999999999996,0.0,0.0,-4.545999999999999,0.0,0.0,0.0,0.0,0.0,0.08699999999999619,0.0,0.0
GLN 114,R GLN 114,0.0,0.0,0.0,0.0,0.0,0.0,0.03100000000000591,0.0,0.0,-0.027000000000000024,0.0,0.0,0.0,0.0,0.0,0.0040000000000048885,0.0,0.0
ILE 115,R ILE 115,0.0,0.0,0.0,0.0,0.0,0.0,-0.01300000000000523,0.0,0.0,0.009999999999999787,0.0,0.0,0.0,0.0,0.0,-0.0030000000000054428,0.0,0.0
GLY 116,R GLY 116,0.0,0.0,0.0,0.0,0.0,0.0,-0.013999999999995794,0.0,0.0,0.013000000000000012,0.0,0.0,0.0,0.0,0.0,-0.000999999999995782,0.0,0.0
TRP 117,R TRP 117,0.0,0.0,0.0,0.0,0.0,0.0,-0.007999999999995566,0.0,0.0,0.007000000000000117,0.0,0.0,0.0,0.0,0.0,-0.0009999999999941167,0.0,0.0
MET 118,R MET 118,0.0,0.0,0.0,-0.0009999999999994458,0.0,0.0,-0.0030000000000001137,0.0,0.0,0.006000000000000005,0.0,0.0,0.0,0.0,0.0,0.0020000000000095497,0.0,0.0
THR 119,R THR 119,0.0,0.0,0.0,0.0,0.0,0.0,-0.04299999999999926,0.0,0.0,0.04100000000000037,0.0,0.0,0.0,0.0,0.0,-0.0019999999999988916,0.0,0.0
HID 120,R HID 120,0.0,0.0,0.0,-0.0009999999999994458,0.0,0.0,0.017000000000003013,0.0,0.0,-0.019000000000000128,0.0,0.0,0.0,0.0,0.0,-0.0030000000000036664,0.0,0.0
ASN 121,R ASN 121,0.0,0.0,0.0,0.0,0.0,0.0,0.018999999999991246,0.0,0.0,-0.018000000000000682,0.0,0.0,0.0,0.0,0.0,0.000999999999990564,0.0,0.0
PRO 122,R PRO 122,0.0,0.0,0.0,0.0,0.0,0.0,0.0,0.0,0.0,0.002000000000000224,0.0,0.0,0.0,0.0,0.0,0.0020000000000024443,0.0,0.0
PRO 123,R PRO 123,0.0,0.0,0.0,0.0,0.0,0.0,0.009000000000000341,0.0,0.0,-0.01399999999999979,0.0,0.0,0.0,0.0,0.0,-0.004999999999999005,0.0,0.0
ILE 124,R ILE 124,0.0,0.0,0.0,0.0,0.0,0.0,-0.01899999999999835,0.0,0.0,0.02200000000000002,0.0,0.0,0.0,0.0,0.0,0.0030000000000036664,0.0,0.0
PRO 125,R PRO 125,0.0,0.0,0.0,-0.001000000000000334,0.0,0.0,0.015000000000000568,0.0,0.0,-0.02200000000000002,0.0,0.0,0.0,0.0,0.0,-0.008000000000002672,0.0,0.0
VAL 126,R VAL 126,0.0,0.0,0.0,0.0,0.0,0.0,0.030999999999998806,0.0,0.0,-0.03700000000000003,0.0,0.0,0.0,0.0,0.0,-0.006000000000002004,0.0,0.0
GLY 127,R GLY 127,0.0,0.0,0.0,0.0,0.0,0.0,0.03699999999999193,0.0,0.0,-0.044000000000000004,0.0,0.0,0.0,0.0,0.0,-0.007000000000007667,0.0,0.0
GLU 128,R GLU 128,0.0,0.0,0.0,-0.001000000000000334,0.0,0.0,5.698999999999998,0.0,0.0,-5.684000000000005,0.0,0.0,0.0,0.0,0.0,0.013999999999988688,0.0,0.0
ILE 129,R ILE 129,0.0,0.0,0.0,-0.0010000000000012221,0.0,0.0,0.0660000000000025,0.0,0.0,-0.068,0.0,0.0,0.0,0.0,0.0,-0.00300000000000189,0.0,0.0
TYR 130,R TYR 130,0.0,0.0,0.0,-0.0009999999999994458,0.0,0.0,0.0589999999999975,0.0,0.0,-0.06599999999999999,0.0,0.0,0.0,0.0,0.0,-0.008000000000007113,0.0,0.0
LYS 131,R LYS 131,0.0,0.0,0.0,-0.0010000000000012221,0.0,0.0,-5.937000000000012,0.0,0.0,5.922000000000001,0.0,0.0,0.0,0.0,0.0,-0.01599999999998758,0.0,0.0
ARG 132,R ARG 132,0.0,0.0,0.0,-0.0010000000000012221,0.0,0.0,-5.276000000000003,0.0,0.0,5.279999999999999,0.0,0.0,0.0,0.0,0.0,0.002999999999985903,0.0,0.0
TRP 133,R TRP 133,0.0,0.0,0.0,-0.0009999999999976694,0.0,0.0,0.06100000000000705,0.0,0.0,-0.05600000000000005,0.0,0.0,0.0,0.0,0.0,0.004000000000001336,0.0,0.0
ILE 134,R ILE 134,0.0,0.0,0.0,-0.002000000000000668,0.0,0.0,0.09800000000001319,0.0,0.0,-0.09500000000000003,0.0,0.0,0.0,0.0,0.0,0.0010000000000189857,0.0,0.0
ILE 135,R ILE 135,0.0,0.0,0.0,-0.0009999999999994458,0.0,0.0,0.13999999999999346,0.0,0.0,-0.136,0.0,0.0,0.0,0.0,0.0,0.0029999999999894555,0.0,0.0
LEU 136,R LEU 136,0.0,0.0,0.0,-0.002000000000000668,0.0,0.0,0.15399999999999636,0.0,0.0,-0.14700000000000002,0.0,0.0,0.0,0.0,0.0,0.005000000000000782,0.0,0.0
GLY 137,R GLY 137,0.0,0.0,0.0,-0.001000000000000334,0.0,0.0,0.12400000000000944,0.0,0.0,-0.11499999999999999,0.0,0.0,0.0,0.0,0.0,0.008000000000018659,0.0,0.0
LEU 138,R LEU 138,0.0,0.0,0.0,-0.004999999999999005,0.0,0.0,0.22400000000000375,0.0,0.0,-0.20700000000000002,0.0,0.0,0.0,0.0,0.0,0.01200000000000756,0.0,0.0
ASN 139,R ASN 139,0.0,0.0,0.0,-0.002000000000000668,0.0,0.0,0.402000000000001,0.0,0.0,-0.38400000000000034,0.0,0.0,0.0,0.0,0.0,0.015999999999991132,0.0,0.0
LYS 140,R LYS 140,0.0,0.0,0.0,-0.002000000000000668,0.0,0.0,-5.800000000000011,0.0,0.0,5.797000000000001,0.0,0.0,0.0,0.0,0.0,-0.0049999999999919,0.0,0.0
ILE 141,R ILE 141,0.0,0.0,0.0,-0.012000000000000455,0.0,0.0,0.02599999999999625,0.0,0.0,-0.03200000000000003,0.0,0.0,0.0,0.0,0.0,-0.018000000000004235,0.0,0.0
VAL 142,R VAL 142,0.0,0.0,0.0,-0.008000000000000007,0.0,0.0,0.2150000000000034,0.0,0.0,-0.21899999999999942,0.0,0.0,0.0,0.0,0.0,-0.01199999999999335,0.0,0.0
ARG 143,R ARG 143,0.0,0.0,0.0,-0.006000000000000227,0.0,0.0,-6.902999999999999,0.0,0.0,6.850999999999999,0.0,0.0,0.0,0.0,0.0,-0.058000000000021146,0.0,0.0
MET 144,R MET 144,0.0,0.0,0.0,-0.0129999999999999,0.0,0.0,-0.11700000000000443,0.0,0.0,0.0990000000000002,0.0,0.0,0.0,0.0,0.0,-0.030999999999995254,0.0,0.0
TYR 145,R TYR 145,0.0,0.0,0.0,-0.30100000000000016,0.0,0.0,0.0030000000000001137,0.0,0.0,0.2709999999999999,0.0,0.0,0.0,0.0,0.0,-0.027000000000001023,0.0,0.0
SER 146,R SER 146,0.0,0.0,0.0,-0.07200000000000006,0.0,0.0,-0.4690000000000012,0.0,0.0,0.40300000000000047,0.0,0.0,0.0,0.0,0.0,-0.13800000000000345,0.0,0.0
PRO 147,R PRO 147,0.0,0.0,0.0,-0.29000000000000004,0.0,0.0,-0.07900000000000063,0.0,0.0,0.04400000000000004,0.0,0.0,0.0,0.0,0.0,-0.32499999999999396,0.0,0.0
THR 148,R THR 148,0.0,0.0,0.0,-2.0860000000000003,0.0,0.0,2.831000000000003,0.0,0.0,0.23900000000000077,0.0,0.0,0.0,0.0,0.0,0.9840000000000053,0.0,0.0
SER 149,R SER 149,0.0,0.0,0.0,-4.111000000000001,0.0,0.0,-4.7280000000000015,0.0,0.0,5.686,0.0,0.0,0.0,0.0,0.0,-3.1529999999999987,0.0,0.0
ILE 150,R ILE 150,17.891000000000005,0.0,0.0,-8.198,0.0,0.0,-32.071,0.0,0.0,9.307,0.0,0.0,0.0,0.0,0.0,-13.070999999999987,0.0,0.0
LEU 151,L LEU   1,18.751999999999995,0.0,0.0,-2.504,0.0,0.0,-24.87400000000001,0.0,0.0,1.931,0.0,0.0,0.0,0.0,0.0,-6.695000000000019,0.0,0.0
ASP 152,L ASP   2,0.0,0.0,0.0,-2.033,0.0,0.0,14.048999999999992,0.0,0.0,-13.564999999999998,0.0,0.0,0.0,0.0,0.0,-1.5490000000000066,0.0,0.0
ILE 153,L ILE   3,0.0,0.0,0.0,-1.0899999999999999,0.0,0.0,-0.45999999999999375,0.0,0.0,0.20700000000000007,0.0,0.0,0.0,0.0,0.0,-1.3429999999999964,0.0,0.0
ARG 154,L ARG   4,0.0,0.0,0.0,-0.12300000000000022,0.0,0.0,-14.653,0.0,0.0,14.186,0.0,0.0,0.0,0.0,0.0,-0.5900000000000318,0.0,0.0
GLN 155,L GLN   5,0.0,0.0,0.0,-0.013999999999999346,0.0,0.0,0.023000000000010346,0.0,0.0,-0.014999999999999902,0.0,0.0,0.0,0.0,0.0,-0.006000000000000227,0.0,0.0
GLY 156,L GLY   6,0.0,0.0,0.0,-0.0030000000000001137,0.0,0.0,-0.04599999999999227,0.0,0.0,0.052000000000000046,0.0,0.0,0.0,0.0,0.0,0.003000000000007663,0.0,0.0
PRO 157,L PRO   7,0.0,0.0,0.0,-0.0019999999999997797,0.0,0.0,-0.09700000000000131,0.0,0.0,0.09600000000000009,0.0,0.0,0.0,0.0,0.0,-0.0029999999999930083,0.0,0.0
LYS 158,L LYS   8,0.0,0.0,0.0,-0.001000000000000334,0.0,0.0,-9.482,0.0,0.0,9.471,0.0,0.0,0.0,0.0,0.0,-0.011999999999989797,0.0,0.0
GLU 159,L GLU   9,0.0,0.0,0.0,-0.007000000000000561,0.0,0.0,13.087000000000003,0.0,0.0,-13.046999999999997,0.0,0.0,0.0,0.0,0.0,0.03300000000000125,0.0,0.0
PRO 160,L PRO  10,0.0,0.0,0.0,-0.0030000000000001137,0.0,0.0,0.2959999999999994,0.0,0.0,-0.28600000000000003,0.0,0.0,0.0,0.0,0.0,0.006999999999997897,0.0,0.0
PHE 161,L PHE  11,0.0,0.0,0.0,-0.006000000000000227,0.0,0.0,0.2790000000000106,0.0,0.0,-0.268,0.0,0.0,0.0,0.0,0.0,0.005000000000009663,0.0,0.0
ARG 162,L ARG  12,0.0,0.0,0.0,-0.0039999999999995595,0.0,0.0,-9.612,0.0,0.0,9.669000000000004,0.0,0.0,0.0,0.0,0.0,0.05300000000002569,0.0,0.0
ASP 163,L ASP  13,0.0,0.0,0.0,-0.006000000000000227,0.0,0.0,11.980999999999995,0.0,0.0,-12.033999999999992,0.0,0.0,0.0,0.0,0.0,-0.0589999999999975,0.0,0.0
TYR 164,L TYR  14,0.0,0.0,0.0,-0.0470000000000006,0.0,0.0,0.7439999999999998,0.0,0.0,-0.649,0.0,0.0,0.0,0.0,0.0,0.048000000000003595,0.0,0.0
VAL 165,L VAL  15,0.0,0.0,0.0,-0.017999999999998906,0.0,0.0,0.42200000000000415,0.0,0.0,-0.3929999999999998,0.0,0.0,0.0,0.0,0.0,0.01100000000000989,0.0,0.0
ASP 166,L ASP  16,0.0,0.0,0.0,-0.02200000000000024,0.0,0.0,13.092999999999996,0.0,0.0,-13.123000000000005,0.0,0.0,0.0,0.0,0.0,-0.05200000000001381,0.0,0.0
ARG 167,L ARG  17,0.0,0.0,0.0,-0.09499999999999975,0.0,0.0,-14.921,0.0,0.0,14.817,0.0,0.0,0.0,0.0,0.0,-0.19899999999998386,0.0,0.0
PHE 168,L PHE  18,0.0,0.0,0.0,-1.202,0.0,0.0,0.4229999999999876,0.0,0.0,-0.383,0.0,0.0,0.0,0.0,0.0,-1.1620000000000097,0.0,0.0
TYR 169,L TYR  19,0.0,0.0,0.0,-0.11599999999999966,0.0,0.0,0.37999999999999545,0.0,0.0,-0.365,0.0,0.0,0.0,0.0,0.0,-0.10100000000000442,0.0,0.0
LYS 170,L LYS  20,0.0,0.0,0.0,-0.20900000000000052,0.0,0.0,-17.034000000000006,0.0,0.0,17.020999999999997,0.0,0.0,0.0,0.0,0.0,-0.22200000000001197,0.0,0.0
THR 171,L THR  21,0.0,0.0,0.0,-1.7690000000000001,0.0,0.0,1.0830000000000055,0.0,0.0,-0.5510000000000002,0.0,0.0,0.0,0.0,0.0,-1.2370000000000019,0.0,0.0
LEU 172,L LEU  22,0.0,0.0,0.0,-1.0520000000000014,0.0,0.0,0.7750000000000057,0.0,0.0,-0.6779999999999999,0.0,0.0,0.0,0.0,0.0,-0.955000000000001,0.0,0.0
ARG 173,L ARG  23,0.0,0.0,0.0,-1.560999999999999,0.0,0.0,-15.500999999999998,0.0,0.0,16.81,0.0,0.0,0.0,0.0,0.0,-0.25200000000000955,0.0,0.0
ALA 174,L ALA  24,0.0,0.0,0.0,-1.0699999999999998,0.0,0.0,-0.09999999999999432,0.0,0.0,0.7069999999999999,0.0,0.0,0.0,0.0,0.0,-0.46299999999998764,0.0,0.0
GLU 175,L GLU  25,0.0,0.0,0.0,-2.0010000000000003,0.0,0.0,21.136000000000003,0.0,0.0,-14.559999999999988,0.0,0.0,0.0,0.0,0.0,4.57500000000001,0.0,0.0
GLN 176,L GLN  26,0.0,0.0,0.0,-2.525,0.0,0.0,-0.018000000000000682,0.0,0.0,0.8889999999999993,0.0,0.0,0.0,0.0,0.0,-1.6539999999999964,0.0,0.0
ALA 177,L ALA  27,0.0,0.0,0.0,-0.15800000000000036,0.0,0.0,-0.19199999999999307,0.0,0.0,0.134,0.0,0.0,0.0,0.0,0.0,-0.21599999999999442,0.0,0.0
SER 178,L SER  28,0.0,0.0,0.0,-0.0699999999999994,0.0,0.0,0.769999999999996,0.0,0.0,-0.716,0.0,0.0,0.0,0.0,0.0,-0.01600000000001134,0.0,0.0
GLN 179,L GLN  29,0.0,0.0,0.0,-0.032999999999999474,0.0,0.0,0.519999999999996,0.0,0.0,-0.5040000000000004,0.0,0.0,0.0,0.0,0.0,-0.017000000000003013,0.0,0.0
GLU 180,L GLU  30,0.0,0.0,0.0,-0.02499999999999991,0.0,0.0,14.242000000000004,0.0,0.0,-14.095000000000006,0.0,0.0,0.0,0.0,0.0,0.12199999999999278,0.0,0.0
VAL 181,L VAL  31,0.0,0.0,0.0,-0.07599999999999962,0.0,0.0,-0.5600000000000023,0.0,0.0,0.543,0.0,0.0,0.0,0.0,0.0,-0.09300000000000264,0.0,0.0
LYS 182,L LYS  32,0.0,0.0,0.0,-0.11299999999999955,0.0,0.0,-17.24499999999999,0.0,0.0,17.046,0.0,0.0,0.0,0.0,0.0,-0.31199999999998873,0.0,0.0
ASN 183,L ASN  33,0.0,0.0,0.0,-0.01699999999999946,0.0,0.0,0.27300000000001035,0.0,0.0,-0.2710000000000008,0.0,0.0,0.0,0.0,0.0,-0.014999999999986358,0.0,0.0
TRP 184,L TRP  34,0.0,0.0,0.0,-0.051000000000000156,0.0,0.0,0.000999999999990564,0.0,0.0,-0.012000000000000455,0.0,0.0,0.0,0.0,0.0,-0.06199999999999761,0.0,0.0
MET 185,L MET  35,0.0,0.0,0.0,-0.8780000000000001,0.0,0.0,-0.22499999999999432,0.0,0.0,0.41000000000000003,0.0,0.0,0.0,0.0,0.0,-0.6929999999999943,0.0,0.0
THR 186,L THR  36,0.0,0.0,0.0,-0.04699999999999971,0.0,0.0,0.036999999999999034,0.0,0.0,-0.04300000000000001,0.0,0.0,0.0,0.0,0.0,-0.05300000000000438,0.0,0.0
GLU 187,L GLU  37,0.0,0.0,0.0,-0.011999999999999567,0.0,0.0,10.088000000000001,0.0,0.0,-10.068999999999988,0.0,0.0,0.0,0.0,0.0,0.007000000000012108,0.0,0.0
THR 188,L THR  38,0.0,0.0,0.0,-0.027000000000000135,0.0,0.0,-0.032999999999994145,0.0,0.0,0.016999999999999904,0.0,0.0,0.0,0.0,0.0,-0.04299999999999571,0.0,0.0
LEU 189,L LEU  39,0.0,0.0,0.0,-0.7620000000000005,0.0,0.0,-0.09899999999999665,0.0,0.0,0.18500000000000005,0.0,0.0,0.0,0.0,0.0,-0.6759999999999984,0.0,0.0
LEU 190,L LEU  40,0.0,0.0,0.0,-0.0470000000000006,0.0,0.0,0.2749999999999915,0.0,0.0,-0.20399999999999996,0.0,0.0,0.0,0.0,0.0,0.023999999999979593,0.0,0.0
VAL 191,L VAL  41,0.0,0.0,0.0,-0.01100000000000012,0.0,0.0,0.00999999999999801,0.0,0.0,0.013000000000000001,0.0,0.0,0.0,0.0,0.0,0.011999999999995126,0.0,0.0
GLN 192,L GLN  42,0.0,0.0,0.0,-0.03000000000000025,0.0,0.0,-0.6510000000000105,0.0,0.0,0.5909999999999993,0.0,0.0,0.0,0.0,0.0,-0.09000000000001052,0.0,0.0
ASN 193,L ASN  43,0.0,0.0,0.0,-0.3849999999999998,0.0,0.0,-1.5630000000000024,0.0,0.0,0.7879999999999998,0.0,0.0,0.0,0.0,0.0,-1.1600000000000108,0.0,0.0
ALA 194,L ALA  44,0.0,0.0,0.0,-0.008999999999999453,0.0,0.0,0.08500000000000796,0.0,0.0,-0.08300000000000018,0.0,0.0,0.0,0.0,0.0,-0.006999999999992568,0.0,0.0
ASN 195,L ASN  45,0.0,0.0,0.0,-0.0039999999999995595,0.0,0.0,-0.22500000000000853,0.0,0.0,0.2320000000000002,0.0,0.0,0.0,0.0,0.0,0.0029999999999930083,0.0,0.0
PRO 196,L PRO  46,0.0,0.0,0.0,-0.0019999999999997797,0.0,0.0,-0.10600000000000165,0.0,0.0,0.10599999999999987,0.0,0.0,0.0,0.0,0.0,-0.0020000000000131024,0.0,0.0
ASP 197,L ASP  47,0.0,0.0,0.0,-0.002000000000000668,0.0,0.0,8.798000000000002,0.0,0.0,-8.805000000000007,0.0,0.0,0.0,0.0,0.0,-0.009000000000014552,0.0,0.0
CYX 198,L CYX  48,0.0,0.0,0.0,-0.0009999999999994458,0.0,0.0,-0.1530000000000058,0.0,0.0,0.14400000000000002,0.0,0.0,0.0,0.0,0.0,-0.010000000000010445,0.0,0.0
LYS 199,L LYS  49,0.0,0.0,0.0,-0.005000000000000782,0.0,0.0,-11.378,0.0,0.0,11.324000000000002,0.0,0.0,0.0,0.0,0.0,-0.05900000000000993,0.0,0.0
THR 200,L THR  50,0.0,0.0,0.0,-0.0009999999999994458,0.0,0.0,-0.13799999999999812,0.0,0.0,0.1359999999999999,0.0,0.0,0.0,0.0,0.0,-0.0029999999999930083,0.0,0.0
ILE 201,L ILE  51,0.0,0.0,0.0,0.0,0.0,0.0,-0.14399999999999835,0.0,0.0,0.14300000000000002,0.0,0.0,0.0,0.0,0.0,-0.0009999999999976694,0.0,0.0
LEU 202,L LEU  52,0.0,0.0,0.0,-0.0009999999999994458,0.0,0.0,-0.13000000000000966,0.0,0.0,0.1280000000000001,0.0,0.0,0.0,0.0,0.0,-0.003000000000007219,0.0,0.0
LYS 203,L LYS  53,0.0,0.0,0.0,-0.0009999999999994458,0.0,0.0,-8.741,0.0,0.0,8.738999999999999,0.0,0.0,0.0,0.0,0.0,-0.0030000000000054428,0.0,0.0
ALA 204,L ALA  54,0.0,0.0,0.0,0.0,0.0,0.0,-0.09300000000000352,0.0,0.0,0.0940000000000003,0.0,0.0,0.0,0.0,0.0,0.0009999999999967812,0.0,0.0
LEU 205,L LEU  55,0.0,0.0,0.0,-0.001000000000000334,0.0,0.0,-0.09100000000000819,0.0,0.0,0.09199999999999964,0.0,0.0,0.0,0.0,0.0,-1.4210854715202004e-14,0.0,0.0
GLY 206,L GLY  56,0.0,0.0,0.0,0.0,0.0,0.0,0.13100000000000023,0.0,0.0,-0.133,0.0,0.0,0.0,0.0,0.0,-0.002000000000000668,0.0,0.0
PRO 207,L PRO  57,0.0,0.0,0.0,-0.0009999999999998899,0.0,0.0,-0.15200000000000102,0.0,0.0,0.1509999999999998,0.0,0.0,0.0,0.0,0.0,-0.002000000000005997,0.0,0.0
GLY 208,L GLY  58,0.0,0.0,0.0,-0.0009999999999998899,0.0,0.0,-0.14300000000000068,0.0,0.0,0.1429999999999998,0.0,0.0,0.0,0.0,0.0,-0.0009999999999985576,0.0,0.0
ALA 209,L ALA  59,0.0,0.0,0.0,-0.001000000000000334,0.0,0.0,0.18500000000000227,0.0,0.0,-0.18499999999999983,0.0,0.0,0.0,0.0,0.0,-0.0009999999999883435,0.0,0.0
THR 210,L THR  60,0.0,0.0,0.0,-0.0009999999999998899,0.0,0.0,-0.0379999999999967,0.0,0.0,0.038000000000000034,0.0,0.0,0.0,0.0,0.0,-0.000999999999995893,0.0,0.0
LEU 211,L LEU  61,0.0,0.0,0.0,-0.0039999999999995595,0.0,0.0,-0.030000000000001137,0.0,0.0,0.03400000000000003,0.0,0.0,0.0,0.0,0.0,0.0,0.0,0.0
GLU 212,L GLU  62,0.0,0.0,0.0,-0.0009999999999994458,0.0,0.0,9.254999999999995,0.0,0.0,-9.298999999999992,0.0,0.0,0.0,0.0,0.0,-0.045000000000001705,0.0,0.0
GLU 213,L GLU  63,0.0,0.0,0.0,-0.001000000000000334,0.0,0.0,7.942999999999998,0.0,0.0,-7.945000000000007,0.0,0.0,0.0,0.0,0.0,-0.0030000000000143245,0.0,0.0
MET 214,L MET  64,0.0,0.0,0.0,-0.0019999999999988916,0.0,0.0,0.047000000000011255,0.0,0.0,-0.04600000000000001,0.0,0.0,0.0,0.0,0.0,-0.0009999999999843467,0.0,0.0
MET 215,L MET  65,0.0,0.0,0.0,-0.002000000000000668,0.0,0.0,-0.14500000000001023,0.0,0.0,0.1399999999999999,0.0,0.0,0.0,0.0,0.0,-0.007000000000005002,0.0,0.0
THR 216,L THR  66,0.0,0.0,0.0,-0.0009999999999994458,0.0,0.0,-0.03899999999999437,0.0,0.0,0.036000000000000476,0.0,0.0,0.0,0.0,0.0,-0.003999999999990678,0.0,0.0
ALA 217,L ALA  67,0.0,0.0,0.0,-0.001000000000000334,0.0,0.0,-0.07900000000000063,0.0,0.0,0.07600000000000007,0.0,0.0,0.0,0.0,0.0,-0.003999999999990678,0.0,0.0
CYX 218,L CYX  68,0.0,0.0,0.0,-0.0009999999999994458,0.0,0.0,0.07099999999999795,0.0,0.0,-0.07099999999999995,0.0,0.0,0.0,0.0,0.0,-0.0009999999999923403,0.0,0.0
GLN 219,L GLN  69,0.0,0.0,0.0,-0.001000000000000334,0.0,0.0,0.1490000000000009,0.0,0.0,-0.15399999999999991,0.0,0.0,0.0,0.0,0.0,-0.005999999999993122,0.0,0.0
GLY 220,L GLY  70,0.0,0.0,0.0,0.0,0.0,0.0,-0.15399999999999636,0.0,0.0,0.15200000000000014,0.0,0.0,0.0,0.0,0.0,-0.001999999999996227,0.0,0.0
VAL 221,L VAL  71,0.0,0.0,0.0,-0.0009999999999998899,0.0,0.0,9.841000000000001,0.0,0.0,-9.843999999999994,0.0,0.0,0.0,0.0,0.0,-0.0040000000000048885,0.0,0.0

