| Run on Thu Jan 29 17:49:53 2026
| GB non-polar solvation energies calculated with gbsa=2
idecomp = 1: Per-residue decomp adding 1-4 interactions to Internal.
Energy Decomposition Analysis (All units kcal/mol): Generalized Born solvent
Complex:
Total Energy Decomposition:
Residue,Internal,,,van der Waals,,,Electrostatic,,,Polar Solvation,,,Non-Polar Solv.,,,TOTAL,,
,Avg.,Std. Dev.,Std. Err. of Mean,Avg.,Std. Dev.,Std. Err. of Mean,Avg.,Std. Dev.,Std. Err. of Mean,Avg.,Std. Dev.,Std. Err. of Mean,Avg.,Std. Dev.,Std. Err. of Mean,Avg.,Std. Dev.,Std. Err. of Mean
PRO   1,102.265,0.0,0.0,-4.213,0.0,0.0,-110.266,0.0,0.0,10.439,0.0,0.0,0.23181882,0.0,0.0,-1.5431811799999986,0.0,0.0
ILE   2,86.69,0.0,0.0,-8.71,0.0,0.0,-64.802,0.0,0.0,-4.477,0.0,0.0,0.15109876,0.0,0.0,8.852098759999983,0.0,0.0
VAL   3,56.279,0.0,0.0,-6.263,0.0,0.0,-59.569,0.0,0.0,-0.609,0.0,0.0,0.4220012,0.0,0.0,-9.739998799999997,0.0,0.0
GLN   4,23.357,0.0,0.0,-7.121,0.0,0.0,-61.711,0.0,0.0,-12.49,0.0,0.0,0.65875222,0.0,0.0,-57.30624778000001,0.0,0.0
ASN   5,31.147,0.0,0.0,-8.582,0.0,0.0,-79.159,0.0,0.0,-12.808,0.0,0.0,0.2478566,0.0,0.0,-69.15414340000001,0.0,0.0
LEU   6,80.366,0.0,0.0,-3.696,0.0,0.0,-70.848,0.0,0.0,-8.261,0.0,0.0,0.9482886200000001,0.0,0.0,-1.4907113799999965,0.0,0.0
GLN   7,34.533,0.0,0.0,-5.743,0.0,0.0,-74.857,0.0,0.0,-15.11,0.0,0.0,0.7969784800000002,0.0,0.0,-60.38002152,6.743495761743046e-07,6.743495761743046e-07
GLY   8,81.265,0.0,0.0,-2.988,0.0,0.0,-75.758,0.0,0.0,-3.796,0.0,0.0,0.28854454,0.0,0.0,-0.9884554599999944,0.0,0.0
GLN   9,41.771,0.0,0.0,-6.487,0.0,0.0,-78.854,0.0,0.0,-12.251,0.0,0.0,0.66690932,0.0,0.0,-55.154090679999996,0.0,0.0
MET  10,103.401,0.0,0.0,-9.147,0.0,0.0,-80.872,0.0,0.0,-4.414,0.0,0.0,0.27294036,0.0,0.0,9.24094035999999,0.0,0.0
VAL  11,51.786,0.0,0.0,-7.452,0.0,0.0,-49.266,0.0,0.0,-1.731,0.0,0.0,0.2678293,0.0,0.0,-6.395170699999995,0.0,0.0
HID  12,92.123,0.0,0.0,-11.77,0.0,0.0,-62.376,0.0,0.0,-9.101,0.0,0.0,0.20637192000000001,0.0,0.0,9.08237192000001,0.0,0.0
GLN  13,32.478,0.0,0.0,-6.291,0.0,0.0,-71.907,0.0,0.0,-13.299,0.0,0.0,0.6114952400000001,0.0,0.0,-58.407504759999995,0.0,0.0
ALA  14,94.774,0.0,0.0,-4.639,0.0,0.0,-80.311,0.0,0.0,-2.739,0.0,0.0,0.44326928000000004,0.0,0.0,7.528269279999998,0.0,0.0
ILE  15,98.326,0.0,0.0,-9.267,0.0,0.0,-75.852,0.0,0.0,-3.884,0.0,0.0,0.07239494,0.0,0.0,9.395394939999994,0.0,0.0
SER  16,75.106,0.0,0.0,-5.002,0.0,0.0,-53.814,0.0,0.0,-7.164,0.0,0.0,0.30394818,0.0,0.0,9.42994818,0.0,0.0
PRO  17,91.483,0.0,0.0,-4.493,0.0,0.0,-58.847,0.0,0.0,-5.105,0.0,0.0,0.5515392,0.0,0.0,23.589539200000008,0.0,0.0
ARG  18,-182.097,0.0,0.0,-6.225,0.0,0.0,61.869,0.0,0.0,-45.982,0.0,0.0,1.1674354800000002,0.0,0.0,-171.26756452,0.0,0.0
THR  19,44.633,0.0,0.0,-8.694,0.0,0.0,-52.852,0.0,0.0,-3.712,0.0,0.0,0.21002500000000002,0.0,0.0,-20.414974999999995,0.0,0.0
LEU  20,58.615,0.0,0.0,-9.543,0.0,0.0,-60.568,0.0,0.0,-2.143,0.0,0.0,0.21153176,0.0,0.0,-13.427468239999996,0.0,0.0
ASN  21,18.433,0.0,0.0,-6.544,0.0,0.0,-68.667,0.0,0.0,-15.765,0.0,0.0,0.56296998,0.0,0.0,-71.98003002,0.0,0.0
ALA  22,92.314,0.0,0.0,-5.505,0.0,0.0,-81.043,0.0,0.0,-2.46,0.0,0.0,0.21596532,0.0,0.0,3.521965319999991,0.0,0.0
TRP  23,129.788,0.0,0.0,-18.501,0.0,0.0,-96.827,0.0,0.0,-4.173,0.0,0.0,0.02362036,0.0,0.0,10.310620360000009,0.0,0.0
VAL  24,66.493,0.0,0.0,-7.487,0.0,0.0,-60.254,0.0,0.0,-3.92,0.0,0.0,0.35643546000000004,0.0,0.0,-4.811564540000004,0.0,0.0
LYS  25,130.375,0.0,0.0,-8.527,0.0,0.0,-119.697,0.0,0.0,-19.861,0.0,0.0,0.68669232,0.0,0.0,-17.023307680000006,0.0,0.0
VAL  26,65.416,0.0,0.0,-8.841,0.0,0.0,-70.371,0.0,0.0,-1.663,0.0,0.0,0.03954974,0.0,0.0,-15.41945026,0.0,0.0
VAL  27,45.212,0.0,0.0,-8.852,0.0,0.0,-46.583,0.0,0.0,-4.693,0.0,0.0,0.06977166,0.0,0.0,-14.846228339999998,0.0,0.0
GLU  28,97.815,0.0,0.0,-8.949,0.0,0.0,-99.062,0.0,0.0,-42.149,0.0,0.0,0.19565658,0.0,0.0,-52.14934342,0.0,0.0
GLU  29,105.916,0.0,0.0,-8.27,0.0,0.0,-88.113,0.0,0.0,-55.746,0.0,0.0,0.2830053,0.0,0.0,-45.9299947,0.0,0.0
LYS  30,120.881,0.0,0.0,-8.471,0.0,0.0,-118.993,0.0,0.0,-6.241,0.0,0.0,0.558802,0.0,0.0,-12.265197999999998,0.0,0.0
ALA  31,85.618,0.0,0.0,-4.111,0.0,0.0,-74.039,0.0,0.0,-5.452,0.0,0.0,0.0023360200000000003,0.0,0.0,2.0183360199999894,0.0,0.0
PHE  32,103.68,0.0,0.0,-12.273,0.0,0.0,-77.398,0.0,0.0,-6.281,0.0,0.0,0.055918140000000005,0.0,0.0,7.783918140000015,0.0,0.0
SER  33,85.29,0.0,0.0,-2.814,0.0,0.0,-64.683,0.0,0.0,-1.53,0.0,0.0,0.22359668,0.0,0.0,16.48659667999999,0.0,0.0
PRO  34,76.481,0.0,0.0,-5.229,0.0,0.0,-55.949,0.0,0.0,-3.736,0.0,0.0,0.61279604,0.0,0.0,12.179796039999996,0.0,0.0
GLU  35,105.87,0.0,0.0,-4.561,0.0,0.0,-83.671,0.0,0.0,-66.546,0.0,0.0,0.42091178000000007,0.0,0.0,-48.48708822000002,0.0,0.0
VAL  36,51.079,0.0,0.0,-10.868,0.0,0.0,-53.142,0.0,0.0,-0.22,0.0,0.0,0.0014363000000000002,0.0,0.0,-13.149563700000005,0.0,0.0
ILE  37,88.503,0.0,0.0,-7.852,0.0,0.0,-58.732,0.0,0.0,-1.089,0.0,0.0,0.18261606,0.0,0.0,21.01261606,0.0,0.0
PRO  38,80.832,0.0,0.0,-5.653,0.0,0.0,-59.326,0.0,0.0,-2.317,0.0,0.0,0.40332930000000006,0.0,0.0,13.939329299999986,0.0,0.0
MET  39,89.308,0.0,0.0,-9.595,0.0,0.0,-72.164,0.0,0.0,-3.274,0.0,0.0,0.29778022000000004,0.0,0.0,4.5727802200000065,0.0,0.0
PHE  40,108.318,0.0,0.0,-14.56,0.0,0.0,-82.424,0.0,0.0,-3.387,0.0,0.0,0.00102438,0.0,0.0,7.948024379999988,0.0,0.0
SER  41,61.686,0.0,0.0,-6.656,0.0,0.0,-45.163,0.0,0.0,-13.388,0.0,0.0,0.24946634,0.0,0.0,-3.2715336599999953,0.0,0.0
ALA  42,85.493,0.0,0.0,-5.082,0.0,0.0,-65.897,0.0,0.0,-4.529,0.0,0.0,0.39654888000000005,0.0,0.0,10.381548879999995,0.0,0.0
LEU  43,72.4,0.0,0.0,-8.176,0.0,0.0,-77.11,0.0,0.0,-2.371,0.0,0.0,0.20051832000000003,0.0,0.0,-15.056481679999996,0.0,0.0
SER  44,72.667,0.0,0.0,-6.672,0.0,0.0,-77.263,0.0,0.0,1.622,0.0,0.0,0.0,0.0,0.0,-9.646,0.0,0.0
GLU  45,100.304,0.0,0.0,-4.369,0.0,0.0,-64.552,0.0,0.0,-82.937,0.0,0.0,0.78786204,0.0,0.0,-50.76613796,0.0,0.0
GLY  46,66.768,0.0,0.0,-3.312,0.0,0.0,-68.773,0.0,0.0,-0.923,0.0,0.0,0.24808424,0.0,0.0,-5.991915759999993,0.0,0.0
ALA  47,103.469,0.0,0.0,-7.037,0.0,0.0,-87.009,0.0,0.0,-2.948,0.0,0.0,0.01668276,0.0,0.0,6.491682759999987,0.0,0.0
THR  48,62.778,0.0,0.0,-9.863,0.0,0.0,-58.935,0.0,0.0,-0.592,0.0,0.0,0.037295020000000005,0.0,0.0,-6.574704980000003,0.0,0.0
PRO  49,73.786,0.0,0.0,-10.952,0.0,0.0,-54.265,0.0,0.0,0.435,0.0,0.0,0.00461784,0.0,0.0,9.008617840000003,0.0,0.0
GLN  50,31.397,0.0,0.0,-7.983,0.0,0.0,-75.63,0.0,0.0,-5.924,0.0,0.0,0.26230090000000006,0.0,0.0,-57.877699099999994,0.0,0.0
ASP  51,87.79,0.0,0.0,-8.481,0.0,0.0,-119.214,0.0,0.0,-24.006,0.0,0.0,0.00880208,0.0,0.0,-63.902197919999985,0.0,0.0
LEU  52,68.591,0.0,0.0,-12.997,0.0,0.0,-70.635,0.0,0.0,0.345,0.0,0.0,0.0,0.0,0.0,-14.69600000000001,0.0,0.0
ASN  53,36.807,0.0,0.0,-8.6,0.0,0.0,-94.707,0.0,0.0,-6.613,0.0,0.0,0.32307536,0.0,0.0,-72.78992464,0.0,0.0
THR  54,47.611,0.0,0.0,-6.651,0.0,0.0,-58.654,0.0,0.0,-3.452,0.0,0.0,0.24871838000000004,0.0,0.0,-20.897281620000008,0.0,0.0
MET  55,85.653,0.0,0.0,-12.706,0.0,0.0,-68.81,0.0,0.0,-0.312,0.0,0.0,0.004314320000000001,0.0,0.0,3.829314320000001,0.0,0.0
LEU  56,61.814,0.0,0.0,-9.169,0.0,0.0,-66.265,0.0,0.0,-0.288,0.0,0.0,0.12684426000000001,0.0,0.0,-13.781155740000004,0.0,0.0
ASN  57,43.824,0.0,0.0,-4.895,0.0,0.0,-94.152,0.0,0.0,-15.894,0.0,0.0,0.6074952800000001,0.0,0.0,-70.50950472000001,0.0,0.0
THR  58,52.877,0.0,0.0,-7.174,0.0,0.0,-55.04,0.0,0.0,-5.902,0.0,0.0,0.17542913999999998,0.0,0.0,-15.063570859999997,0.0,0.0
VAL  59,38.701,0.0,0.0,-8.988,0.0,0.0,-45.427,0.0,0.0,-0.845,0.0,0.0,0.01253104,0.0,0.0,-16.54646896,0.0,0.0
ALA  60,92.471,0.0,0.0,-5.391,0.0,0.0,-66.551,0.0,0.0,-1.338,0.0,0.0,0.19861048,0.0,0.0,19.389610479999995,0.0,0.0
PRO  61,78.936,0.0,0.0,-4.657,0.0,0.0,-60.751,0.0,0.0,-1.816,0.0,0.0,0.5976850800000001,0.0,0.0,12.309685080000012,0.0,0.0
HID  62,103.228,0.0,0.0,-8.495,0.0,0.0,-72.511,0.0,0.0,-8.069,0.0,0.0,0.27052846,0.0,0.0,14.423528459999993,0.0,0.0
GLN  63,30.549,0.0,0.0,-3.569,0.0,0.0,-70.291,0.0,0.0,-11.428,0.0,0.0,0.76090838,0.0,0.0,-53.97809161999999,0.0,0.0
ALA  64,83.223,0.0,0.0,-4.768,0.0,0.0,-69.229,0.0,0.0,-3.896,0.0,0.0,0.43488454,0.0,0.0,5.764884539999999,0.0,0.0
ALA  65,91.008,0.0,0.0,-7.75,0.0,0.0,-76.598,0.0,0.0,-1.929,0.0,0.0,0.026801900000000003,0.0,0.0,4.757801899999996,0.0,0.0
ALA  66,95.736,0.0,0.0,-7.073,0.0,0.0,-80.55,0.0,0.0,-1.901,0.0,0.0,0.01510554,0.0,0.0,6.227105540000014,0.0,0.0
GLN  67,44.311,0.0,0.0,-5.62,0.0,0.0,-74.445,0.0,0.0,-15.43,0.0,0.0,0.6287037400000001,0.0,0.0,-50.55529625999999,0.0,0.0
MET  68,91.174,0.0,0.0,-11.614,0.0,0.0,-74.245,0.0,0.0,-1.406,0.0,0.0,0.16122874,0.0,0.0,4.070228739999998,0.0,0.0
LEU  69,81.282,0.0,0.0,-11.053,0.0,0.0,-75.594,0.0,0.0,-3.557,0.0,0.0,0.01373428,0.0,0.0,-8.908265719999996,0.0,0.0
LYS  70,126.637,0.0,0.0,-9.036,0.0,0.0,-105.683,0.0,0.0,-31.083,0.0,0.0,0.5925415,0.0,0.0,-18.572458500000007,0.0,0.0
GLU  71,108.559,0.0,0.0,-5.968,0.0,0.0,-75.235,0.0,0.0,-84.895,0.0,0.0,0.7529897600000001,0.0,0.0,-56.78601024,0.0,0.0
THR  72,47.816,0.0,0.0,-9.044,0.0,0.0,-57.996,0.0,0.0,-4.186,0.0,0.0,0.035305880000000005,0.0,0.0,-23.374694119999997,0.0,0.0
ILE  73,78.847,0.0,0.0,-9.965,0.0,0.0,-53.036,0.0,0.0,-3.491,0.0,0.0,0.04641688,0.0,0.0,12.40141687999999,0.0,0.0
ASN  74,19.527,0.0,0.0,-7.219,0.0,0.0,-77.46,0.0,0.0,-11.436,0.0,0.0,0.5546557,0.0,0.0,-76.0333443,0.0,0.0
GLU  75,106.954,0.0,0.0,-7.507,0.0,0.0,-62.077,0.0,0.0,-94.084,0.0,0.0,0.5551218200000001,0.0,0.0,-56.158878180000016,0.0,0.0
GLU  76,102.425,0.0,0.0,-10.883,0.0,0.0,-49.126,0.0,0.0,-93.24,0.0,0.0,0.30607282,0.0,0.0,-50.517927179999994,0.0,0.0
ALA  77,87.644,0.0,0.0,-7.03,0.0,0.0,-73.503,0.0,0.0,-0.51,0.0,0.0,0.04142506,0.0,0.0,6.642425060000004,0.0,0.0
ALA  78,95.374,0.0,0.0,-6.807,0.0,0.0,-86.44,0.0,0.0,0.347,0.0,0.0,0.1736297,0.0,0.0,2.647629699999995,0.0,0.0
GLU  79,106.443,0.0,0.0,-6.998,0.0,0.0,-67.325,0.0,0.0,-90.656,0.0,0.0,0.5495229600000001,0.0,0.0,-57.98647704000002,0.0,0.0
TRP  80,118.649,0.0,0.0,-15.93,0.0,0.0,-86.734,0.0,0.0,-2.317,0.0,0.0,0.22352622000000003,0.0,0.0,13.89152622,0.0,0.0
ASP  81,120.438,0.0,0.0,-8.103,0.0,0.0,-90.995,0.0,0.0,-77.141,0.0,0.0,0.34498842,0.0,0.0,-55.45601158,0.0,0.0
ARG  82,-194.306,0.0,0.0,-7.864,0.0,0.0,-27.784,0.0,0.0,51.626,0.0,0.0,0.81673438,0.0,0.0,-177.51126562,0.0,0.0
LEU  83,65.564,0.0,0.0,-6.091,0.0,0.0,-76.475,0.0,0.0,-3.404,0.0,0.0,0.6644649,0.0,0.0,-19.741535100000004,0.0,0.0
HID  84,116.657,0.0,0.0,-9.906,0.0,0.0,-78.419,0.0,0.0,-7.391,0.0,0.0,0.17986812000000002,0.0,0.0,21.120868119999994,0.0,0.0
PRO  85,88.323,0.0,0.0,-3.244,0.0,0.0,-64.656,0.0,0.0,-6.068,0.0,0.0,0.6220154600000001,0.0,0.0,14.977015459999988,0.0,0.0
VAL  86,53.909,0.0,0.0,-3.511,0.0,0.0,-50.6,0.0,0.0,-6.23,0.0,0.0,0.6931583800000001,0.0,0.0,-5.738841620000006,0.0,0.0
HID  87,90.281,0.0,0.0,-7.885,0.0,0.0,-56.213,0.0,0.0,-12.73,0.0,0.0,0.37183368,0.0,0.0,13.82483368,0.0,0.0
ALA  88,90.24,0.0,0.0,-1.846,0.0,0.0,-69.242,0.0,0.0,-6.94,0.0,0.0,0.69786294,0.0,0.0,12.909862939999986,0.0,0.0
GLY  89,92.502,0.0,0.0,-1.778,0.0,0.0,-76.919,0.0,0.0,-6.895,0.0,0.0,0.2546316,0.0,0.0,7.164631599999993,0.0,0.0
PRO  90,82.555,0.0,0.0,-2.879,0.0,0.0,-58.114,0.0,0.0,-6.243,0.0,0.0,0.7831574800000001,0.0,0.0,16.102157480000006,0.0,0.0
ILE  91,77.782,0.0,0.0,-3.009,0.0,0.0,-55.956,0.0,0.0,-5.146,0.0,0.0,0.38840804000000007,0.0,0.0,14.059408039999992,0.0,0.0
ALA  92,99.683,0.0,0.0,-2.677,0.0,0.0,-68.26,0.0,0.0,-6.338,0.0,0.0,0.33523242000000003,0.0,0.0,22.743232419999995,0.0,0.0
PRO  93,82.568,0.0,0.0,-1.824,0.0,0.0,-58.125,0.0,0.0,-7.488,0.0,0.0,0.76878906,0.0,0.0,15.89978906,0.0,0.0
GLY  94,70.076,0.0,0.0,-2.538,0.0,0.0,-64.978,0.0,0.0,-7.159,0.0,0.0,0.39371422000000006,0.0,0.0,-4.205285779999998,0.0,0.0
GLN  95,37.984,0.0,0.0,-6.691,0.0,0.0,-69.843,0.0,0.0,-15.778,0.0,0.0,0.5402656000000001,0.0,0.0,-53.7877344,0.0,0.0
MET  96,108.01,0.0,0.0,-8.525,0.0,0.0,-75.434,0.0,0.0,-8.577,0.0,0.0,0.32968234,0.0,0.0,15.803682340000002,0.0,0.0
ARG  97,-186.163,0.0,0.0,-9.32,0.0,0.0,-23.414,0.0,0.0,38.12,0.0,0.0,0.32140058,0.0,0.0,-180.45559942,0.0,0.0
GLU  98,111.953,0.0,0.0,-8.5,0.0,0.0,-56.997,0.0,0.0,-91.314,0.0,0.0,0.36927544000000007,0.0,0.0,-44.48872455999999,0.0,0.0
PRO  99,93.158,0.0,0.0,-8.488,0.0,0.0,-64.627,0.0,0.0,-2.128,0.0,0.0,0.0021571600000000004,0.0,0.0,17.917157160000006,0.0,0.0
ARG 100,-193.214,0.0,0.0,-10.776,0.0,0.0,-18.136,0.0,0.0,40.836,0.0,0.0,0.30529234,0.0,0.0,-180.98470766000003,0.0,0.0
GLY 101,82.445,0.0,0.0,-4.78,0.0,0.0,-82.403,0.0,0.0,-0.698,0.0,0.0,0.0158264,0.0,0.0,-5.420173600000014,0.0,0.0
SER 102,67.631,0.0,0.0,-6.827,0.0,0.0,-63.723,0.0,0.0,-3.144,0.0,0.0,0.2305397,0.0,0.0,-5.8324602999999975,0.0,0.0
ASP 103,97.481,0.0,0.0,-8.247,0.0,0.0,-99.88,0.0,0.0,-48.652,0.0,0.0,0.00626552,0.0,0.0,-59.29173448,0.0,0.0
ILE 104,78.066,0.0,0.0,-13.642,0.0,0.0,-61.741,0.0,0.0,-0.683,0.0,0.0,0.0,0.0,0.0,2.000000000000007,0.0,0.0
ALA 105,86.553,0.0,0.0,-7.8,0.0,0.0,-75.43,0.0,0.0,-2.497,0.0,0.0,0.04993446,0.0,0.0,0.8759344599999934,0.0,0.0
GLY 106,88.175,0.0,0.0,-4.98,0.0,0.0,-85.511,0.0,0.0,-3.523,0.0,0.0,0.07950598,0.0,0.0,-5.759494020000002,0.0,0.0
THR 107,53.243,0.0,0.0,-4.568,0.0,0.0,-58.471,0.0,0.0,-7.338,0.0,0.0,0.61686646,0.0,0.0,-16.517133539999993,0.0,0.0
THR 108,40.211,0.0,0.0,-4.507,0.0,0.0,-57.96,0.0,0.0,-2.842,0.0,0.0,0.45385996,0.0,0.0,-24.64414004,0.0,0.0
SER 109,80.806,0.0,0.0,-6.997,0.0,0.0,-72.357,0.0,0.0,-3.486,0.0,0.0,0.05137618,0.0,0.0,-1.982623820000002,0.0,0.0
THR 110,40.557,0.0,0.0,-6.269,0.0,0.0,-38.757,0.0,0.0,-5.605,0.0,0.0,0.3554165,0.0,0.0,-9.718583499999994,0.0,0.0
LEU 111,63.852,0.0,0.0,-6.768,0.0,0.0,-57.538,0.0,0.0,-4.367,0.0,0.0,0.4609005400000001,0.0,0.0,-4.360099460000001,0.0,0.0
GLN 112,33.228,0.0,0.0,-5.563,0.0,0.0,-79.36,0.0,0.0,-12.556,0.0,0.0,0.8640835000000001,0.0,0.0,-63.38691649999999,0.0,0.0
GLU 113,100.795,0.0,0.0,-8.933,0.0,0.0,-85.668,0.0,0.0,-60.61,0.0,0.0,0.2291847,0.0,0.0,-54.18681530000001,0.0,0.0
GLN 114,34.242,0.0,0.0,-10.027,0.0,0.0,-89.463,0.0,0.0,-1.153,0.0,0.0,0.02801598,0.0,0.0,-66.37298401999999,0.0,0.0
ILE 115,85.857,0.0,0.0,-7.389,0.0,0.0,-71.526,0.0,0.0,-1.414,0.0,0.0,0.12660036000000002,0.0,0.0,5.654600360000008,0.0,0.0
GLY 116,79.275,0.0,0.0,-5.531,0.0,0.0,-78.033,0.0,0.0,-0.274,0.0,0.0,0.02280194,0.0,0.0,-4.540198060000002,0.0,0.0
TRP 117,128.7,0.0,0.0,-16.748,0.0,0.0,-91.919,0.0,0.0,-3.029,0.0,0.0,0.03521374,0.0,0.0,17.039213739999987,0.0,0.0
MET 118,100.566,0.0,0.0,-8.853,0.0,0.0,-81.295,0.0,0.0,-4.171,0.0,0.0,0.36396384000000004,0.0,0.0,6.610963840000006,0.0,0.0
THR 119,38.679,0.0,0.0,-4.911,0.0,0.0,-47.646,0.0,0.0,-5.019,0.0,0.0,0.4153888,0.0,0.0,-18.4816112,0.0,0.0
HID 120,95.411,0.0,0.0,-8.96,0.0,0.0,-61.092,0.0,0.0,-10.896,0.0,0.0,0.34174726,0.0,0.0,14.804747259999994,0.0,0.0
ASN 121,45.432,0.0,0.0,-3.958,0.0,0.0,-77.597,0.0,0.0,-22.468,0.0,0.0,0.71968928,0.0,0.0,-57.87131072,0.0,0.0
PRO 122,91.976,0.0,0.0,-4.097,0.0,0.0,-51.094,0.0,0.0,-8.695,0.0,0.0,0.6051592600000001,0.0,0.0,28.695159260000004,0.0,0.0
PRO 123,82.362,0.0,0.0,-5.067,0.0,0.0,-57.55,0.0,0.0,-4.056,0.0,0.0,0.49447202,0.0,0.0,16.18347201999999,0.0,0.0
ILE 124,90.946,0.0,0.0,-4.847,0.0,0.0,-61.72,0.0,0.0,-1.754,0.0,0.0,0.19503328000000003,0.0,0.0,22.820033280000004,0.0,0.0
PRO 125,92.888,0.0,0.0,-5.142,0.0,0.0,-65.273,0.0,0.0,-1.625,0.0,0.0,0.44919876000000003,0.0,0.0,21.297198760000015,0.0,0.0
VAL 126,50.521,0.0,0.0,-8.96,0.0,0.0,-50.974,0.0,0.0,-1.067,0.0,0.0,0.042818,0.0,0.0,-10.437181999999996,0.0,0.0
GLY 127,69.189,0.0,0.0,-5.95,0.0,0.0,-69.272,0.0,0.0,-2.075,0.0,0.0,0.0452028,0.0,0.0,-8.062797200000015,0.0,0.0
GLU 128,108.984,0.0,0.0,-5.856,0.0,0.0,-94.378,0.0,0.0,-56.747,0.0,0.0,0.44267850000000003,0.0,0.0,-47.5543215,0.0,0.0
ILE 129,82.34,0.0,0.0,-9.899,0.0,0.0,-65.952,0.0,0.0,-0.005,0.0,0.0,0.20121208000000002,0.0,0.0,6.685212080000005,0.0,0.0
TYR 130,97.115,0.0,0.0,-16.609,0.0,0.0,-89.177,0.0,0.0,-0.991,0.0,0.0,0.02058516,0.0,0.0,-9.641414840000007,0.0,0.0
LYS 131,143.724,0.0,0.0,-11.24,0.0,0.0,-171.558,0.0,0.0,28.715,0.0,0.0,0.07942468000000001,0.0,0.0,-10.279575320000012,0.0,0.0
ARG 132,-191.281,0.0,0.0,-9.145,0.0,0.0,34.133,0.0,0.0,-14.4,0.0,0.0,0.8922783400000001,0.0,0.0,-179.80072166000002,0.0,0.0
TRP 133,126.281,0.0,0.0,-17.215,0.0,0.0,-97.552,0.0,0.0,-2.623,0.0,0.0,0.09976052,0.0,0.0,8.990760519999995,0.0,0.0
ILE 134,83.201,0.0,0.0,-11.89,0.0,0.0,-71.516,0.0,0.0,0.245,0.0,0.0,0.02256888,0.0,0.0,0.06256887999998749,0.0,0.0
ILE 135,81.83,0.0,0.0,-11.111,0.0,0.0,-63.63,0.0,0.0,-0.289,0.0,0.0,0.08432436,0.0,0.0,6.884324359999992,0.0,0.0
LEU 136,77.662,0.0,0.0,-8.8,0.0,0.0,-81.478,0.0,0.0,2.525,0.0,0.0,0.41754054000000007,0.0,0.0,-9.673459459999986,0.0,0.0
GLY 137,83.706,0.0,0.0,-5.237,0.0,0.0,-80.37,0.0,0.0,0.237,0.0,0.0,0.0,0.0,0.0,-1.6639999999999961,0.0,0.0
LEU 138,63.581,0.0,0.0,-10.922,0.0,0.0,-67.063,0.0,0.0,-1.788,0.0,0.0,0.0070731,0.0,0.0,-16.184926899999997,0.0,0.0
ASN 139,35.429,0.0,0.0,-7.696,0.0,0.0,-86.869,0.0,0.0,-10.19,0.0,0.0,0.34839218,0.0,0.0,-68.97760781999999,0.0,0.0
LYS 140,133.387,0.0,0.0,-8.751,0.0,0.0,-132.815,0.0,0.0,-8.221,0.0,0.0,0.3915137,0.0,0.0,-16.0084863,0.0,0.0
ILE 141,99.488,0.0,0.0,-12.587,0.0,0.0,-74.239,0.0,0.0,-4.124,0.0,0.0,0.00461784,0.0,0.0,8.542617839999993,0.0,0.0
VAL 142,60.781,0.0,0.0,-8.495,0.0,0.0,-54.222,0.0,0.0,-7.041,0.0,0.0,0.19437746,0.0,0.0,-8.78262254,0.0,0.0
ARG 143,-203.035,0.0,0.0,-6.633,0.0,0.0,62.152,0.0,0.0,-27.194,0.0,0.0,1.0737833,0.0,0.0,-173.6362167,0.0,0.0
MET 144,89.159,0.0,0.0,-8.308,0.0,0.0,-73.27,0.0,0.0,-5.599,0.0,0.0,0.47552912,0.0,0.0,2.457529120000003,0.0,0.0
TYR 145,89.712,0.0,0.0,-10.417,0.0,0.0,-83.882,0.0,0.0,-10.564,0.0,0.0,0.47532315999999997,0.0,0.0,-14.675676840000003,0.0,0.0
SER 146,81.279,0.0,0.0,-3.002,0.0,0.0,-58.156,0.0,0.0,-10.036,0.0,0.0,0.43862434000000006,0.0,0.0,10.523624340000003,0.0,0.0
PRO 147,88.013,0.0,0.0,-3.603,0.0,0.0,-68.462,0.0,0.0,-1.708,0.0,0.0,0.68144576,0.0,0.0,14.921445760000008,0.0,0.0
THR 148,49.1,0.0,0.0,-3.842,0.0,0.0,-60.806,0.0,0.0,-5.142,0.0,0.0,0.37708566,0.0,0.0,-20.312914339999995,0.0,0.0
SER 149,60.485,0.0,0.0,-3.564,0.0,0.0,-53.317,0.0,0.0,-4.344,0.0,0.0,0.37575234,0.0,0.0,-0.3642476600000011,0.0,0.0
ILE 150,78.21,0.0,0.0,-8.613,0.0,0.0,-57.176,0.0,0.0,-2.211,0.0,0.0,0.16752678000000001,0.0,0.0,10.377526779999991,0.0,0.0
LEU 151,63.084,0.0,0.0,-3.945,0.0,0.0,-66.477,0.0,0.0,-2.075,0.0,0.0,0.70585202,0.0,0.0,-8.70714798,0.0,0.0
ASP 152,97.597,0.0,0.0,-4.131,0.0,0.0,-84.553,0.0,0.0,-69.058,0.0,0.0,0.5343578000000001,0.0,0.0,-59.61064220000001,0.0,0.0
ILE 153,97.551,0.0,0.0,-9.049,0.0,0.0,-71.851,0.0,0.0,-2.238,0.0,0.0,0.13695256,0.0,0.0,14.54995256000001,0.0,0.0
ARG 154,-192.657,0.0,0.0,-7.799,0.0,0.0,34.241,0.0,0.0,-9.077,0.0,0.0,0.87548718,0.0,0.0,-174.41651282000004,0.0,0.0
GLN 155,26.57,0.0,0.0,-11.138,0.0,0.0,-82.73,0.0,0.0,-3.579,0.0,0.0,0.11248668000000002,0.0,0.0,-70.76451331999999,0.0,0.0
GLY 156,87.93,0.0,0.0,-3.871,0.0,0.0,-70.744,0.0,0.0,-5.871,0.0,0.0,0.12946212,0.0,0.0,7.573462120000012,0.0,0.0
PRO 157,89.263,0.0,0.0,-3.348,0.0,0.0,-52.987,0.0,0.0,-10.693,0.0,0.0,0.84179646,0.0,0.0,23.076796460000008,0.0,0.0
LYS 158,128.114,0.0,0.0,-3.241,0.0,0.0,-91.823,0.0,0.0,-39.747,0.0,0.0,1.15880142,0.0,0.0,-5.538198579999989,0.0,0.0
GLU 159,114.781,0.0,0.0,-6.243,0.0,0.0,-115.581,0.0,0.0,-38.28,0.0,0.0,0.22302216000000002,0.0,0.0,-45.099977839999994,4.76837158203125e-07,4.76837158203125e-07
PRO 160,78.401,0.0,0.0,-5.018,0.0,0.0,-55.556,0.0,0.0,-4.075,0.0,0.0,0.31634372,0.0,0.0,14.06834372,0.0,0.0
PHE 161,104.233,0.0,0.0,-13.871,1.6858739404357614e-07,1.6858739404357614e-07,-73.845,0.0,0.0,-3.725,0.0,0.0,0.02506208,0.0,0.0,12.81706208000001,0.0,0.0
ARG 162,-202.539,0.0,0.0,-10.114,0.0,0.0,-0.728,0.0,0.0,32.374,0.0,0.0,0.43915550000000003,0.0,0.0,-180.5678445,0.0,0.0
ASP 163,88.796,0.0,0.0,-7.385,0.0,0.0,-65.187,0.0,0.0,-79.404,0.0,0.0,0.39201776000000005,0.0,0.0,-62.78798223999999,0.0,0.0
TYR 164,101.413,0.0,0.0,-18.2,0.0,0.0,-96.821,0.0,0.0,-2.216,0.0,0.0,0.0,0.0,0.0,-15.824000000000005,0.0,0.0
VAL 165,50.403,0.0,0.0,-10.163,0.0,0.0,-56.837,0.0,0.0,1.438,0.0,0.0,0.00719234,0.0,0.0,-15.151807660000008,0.0,0.0
ASP 166,116.003,0.0,0.0,-7.71,0.0,0.0,-105.98,0.0,0.0,-54.852,0.0,0.0,0.3261485,0.0,0.0,-52.21285149999999,0.0,0.0
ARG 167,-191.835,0.0,0.0,-8.599,0.0,0.0,-2.664,0.0,0.0,20.11,0.0,0.0,0.5188295,0.0,0.0,-182.4691705,0.0,0.0
PHE 168,98.372,0.0,0.0,-14.574,0.0,0.0,-82.026,0.0,0.0,-0.285,0.0,0.0,0.0,0.0,0.0,1.4870000000000057,0.0,0.0
TYR 169,104.206,0.0,0.0,-11.467,0.0,0.0,-90.834,0.0,0.0,-2.862,0.0,0.0,0.39203944,0.0,0.0,-0.564960559999999,0.0,0.0
LYS 170,145.577,0.0,0.0,-7.155,0.0,0.0,-156.572,0.0,0.0,6.877,0.0,0.0,0.7132286400000001,0.0,0.0,-10.559771360000006,0.0,0.0
THR 171,48.775,0.0,0.0,-7.882,0.0,0.0,-61.463,0.0,0.0,-3.373,0.0,0.0,0.12512612,0.0,0.0,-23.81787388,0.0,0.0
LEU 172,72.425,0.0,0.0,-10.983,0.0,0.0,-72.386,0.0,0.0,-2.53,0.0,0.0,0.02733848,0.0,0.0,-13.446661520000003,0.0,0.0
ARG 173,-201.564,0.0,0.0,-9.034,0.0,0.0,32.888,0.0,0.0,-2.83,0.0,0.0,0.70800376,0.0,0.0,-179.83199624,0.0,0.0
ALA 174,85.046,0.0,0.0,-5.381,0.0,0.0,-80.431,0.0,0.0,-3.556,0.0,0.0,0.21220926,0.0,0.0,-4.109790739999991,0.0,0.0
GLU 175,108.258,0.0,0.0,-7.363,0.0,0.0,-67.477,0.0,0.0,-80.983,0.0,0.0,0.23564534,0.0,0.0,-47.329354660000014,0.0,0.0
GLN 176,29.888,0.0,0.0,-8.971,0.0,0.0,-64.554,0.0,0.0,-13.909,0.0,0.0,0.16997662000000002,0.0,0.0,-57.37602338,0.0,0.0
ALA 177,100.275,0.0,0.0,-5.635,0.0,0.0,-82.867,0.0,0.0,-4.878,0.0,0.0,0.0516797,0.0,0.0,6.946679699999996,0.0,0.0
SER 178,80.032,0.0,0.0,-5.213,0.0,0.0,-66.388,0.0,0.0,-5.417,0.0,0.0,0.27877228,0.0,0.0,3.2927722799999977,0.0,0.0
GLN 179,30.683,0.0,0.0,-6.622,0.0,0.0,-62.716,0.0,0.0,-17.748,0.0,0.0,0.74940714,0.0,0.0,-55.65359286,0.0,0.0
GLU 180,111.403,0.0,0.0,-4.492,0.0,0.0,-66.169,0.0,0.0,-91.918,0.0,0.0,0.74417684,0.0,0.0,-50.43182316,0.0,0.0
VAL 181,63.755,0.0,0.0,-6.496,0.0,0.0,-60.375,0.0,0.0,-1.936,0.0,0.0,0.30366092000000006,0.0,0.0,-4.748339079999999,0.0,0.0
LYS 182,112.906,0.0,0.0,-10.677,0.0,0.0,-123.233,0.0,0.0,-1.192,0.0,0.0,0.117885,0.0,0.0,-22.07811499999999,0.0,0.0
ASN 183,41.217,0.0,0.0,-6.703,0.0,0.0,-94.07,0.0,0.0,-12.951,0.0,0.0,0.51144204,0.0,0.0,-71.99555796,0.0,0.0
TRP 184,123.301,0.0,0.0,-8.963,0.0,0.0,-89.744,0.0,0.0,-8.442,0.0,0.0,0.84726524,0.0,0.0,16.999265240000007,0.0,0.0
MET 185,101.827,0.0,0.0,-10.368,0.0,0.0,-87.219,0.0,0.0,-2.106,0.0,0.0,0.19250756000000002,0.0,0.0,2.3265075600000094,0.0,0.0
THR 186,45.92,0.0,0.0,-7.323,0.0,0.0,-62.402,0.0,0.0,-0.753,0.0,0.0,0.0387259,0.0,0.0,-24.5192741,0.0,0.0
GLU 187,101.534,0.0,0.0,-5.747,0.0,0.0,-42.298,0.0,0.0,-102.385,0.0,0.0,0.5143525800000001,0.0,0.0,-48.38164742,0.0,0.0
THR 188,46.186,0.0,0.0,-5.018,0.0,0.0,-54.233,0.0,0.0,-0.306,0.0,0.0,0.27050136,0.0,0.0,-13.100498639999996,0.0,0.0
LEU 189,65.95,0.0,0.0,-8.39,0.0,0.0,-66.142,0.0,0.0,-0.668,0.0,0.0,0.12049202000000002,0.0,0.0,-9.129507979999993,0.0,0.0
LEU 190,84.191,0.0,0.0,-11.541,0.0,0.0,-90.514,0.0,0.0,0.719,0.0,0.0,0.0,0.0,0.0,-17.14499999999999,0.0,0.0
VAL 191,61.277,0.0,0.0,-7.794,0.0,0.0,-61.297,0.0,0.0,0.937,0.0,0.0,0.22248558000000002,0.0,0.0,-6.654514419999993,0.0,0.0
GLN 192,24.825,0.0,0.0,-5.87,0.0,0.0,-69.747,0.0,0.0,-3.925,0.0,0.0,0.6345790200000001,0.0,0.0,-54.08242098,0.0,0.0
ASN 193,16.099,0.0,0.0,-8.745,0.0,0.0,-83.805,0.0,0.0,-2.34,0.0,0.0,0.07889894,0.0,0.0,-78.71210106000001,0.0,0.0
ALA 194,96.088,0.0,0.0,-6.398,0.0,0.0,-79.811,0.0,0.0,-1.897,0.0,0.0,0.06414028000000001,0.0,0.0,8.04614027999999,0.0,0.0
ASN 195,40.505,0.0,0.0,-6.895,0.0,0.0,-84.946,0.0,0.0,-7.038,0.0,0.0,0.24866418,0.0,0.0,-58.12533582,0.0,0.0
PRO 196,84.508,0.0,0.0,-2.177,0.0,0.0,-62.585,0.0,0.0,-1.983,0.0,0.0,0.58101316,0.0,0.0,18.34401315999999,0.0,0.0
ASP 197,90.698,0.0,0.0,-3.692,0.0,0.0,-72.369,0.0,0.0,-67.919,0.0,0.0,0.6732724,0.0,0.0,-52.608727599999995,0.0,0.0
CYX 198,99.177,0.0,0.0,-6.847,0.0,0.0,-78.215,0.0,0.0,-3.699,0.0,0.0,0.057007560000000006,0.0,0.0,10.47300756000001,0.0,0.0
LYS 199,136.969,0.0,0.0,-11.435,0.0,0.0,-118.869,0.0,0.0,-23.696,0.0,0.0,0.28770444,0.0,0.0,-16.74329556000001,0.0,0.0
THR 200,50.224,0.0,0.0,-5.621,0.0,0.0,-66.031,0.0,0.0,-2.65,0.0,0.0,0.44802262000000004,0.0,0.0,-23.62997738000001,0.0,0.0
ILE 201,81.158,0.0,0.0,-5.912,0.0,0.0,-59.56,0.0,0.0,-1.156,0.0,0.0,0.48823360000000005,0.0,0.0,15.018233599999991,0.0,0.0
LEU 202,80.901,0.0,0.0,-10.96,0.0,0.0,-71.773,0.0,0.0,-5.642,0.0,0.0,0.06705624,0.0,0.0,-7.406943759999994,0.0,0.0
LYS 203,120.07,0.0,0.0,-7.134,0.0,0.0,-88.168,0.0,0.0,-40.798,0.0,0.0,0.8745332600000001,0.0,0.0,-15.155466740000016,0.0,0.0
ALA 204,84.348,0.0,0.0,-3.457,0.0,0.0,-73.831,0.0,0.0,-5.205,0.0,0.0,0.48062934000000007,0.0,0.0,2.3356293400000023,0.0,0.0
LEU 205,73.22,0.0,0.0,-5.315,0.0,0.0,-73.093,0.0,0.0,-5.853,0.0,0.0,0.3732483,0.0,0.0,-10.667751700000002,0.0,0.0
GLY 206,93.838,0.0,0.0,-2.667,0.0,0.0,-73.925,0.0,0.0,-9.097,0.0,0.0,0.2200791,0.0,0.0,8.369079099999995,0.0,0.0
PRO 207,80.646,0.0,0.0,-2.275,0.0,0.0,-50.806,0.0,0.0,-9.299,0.0,0.0,0.8091301200000001,0.0,0.0,19.075130119999997,0.0,0.0
GLY 208,66.484,0.0,0.0,-1.93,0.0,0.0,-62.641,0.0,0.0,-6.723,0.0,0.0,0.40664092,0.0,0.0,-4.40335908000001,0.0,0.0
ALA 209,101.647,0.0,0.0,-4.646,0.0,0.0,-87.052,0.0,0.0,-5.79,0.0,0.0,0.14889824000000002,0.0,0.0,4.307898239999998,0.0,0.0
THR 210,42.489,0.0,0.0,-4.902,0.0,0.0,-52.021,0.0,0.0,-2.583,0.0,0.0,0.46315526000000007,0.0,0.0,-16.553844740000002,0.0,0.0
LEU 211,68.666,0.0,0.0,-6.463,0.0,0.0,-68.76,0.0,0.0,-3.514,0.0,0.0,0.26259358,0.0,0.0,-9.808406420000008,0.0,0.0
GLU 212,105.377,0.0,0.0,-6.946,0.0,0.0,-45.507,0.0,0.0,-109.755,0.0,0.0,0.7092286800000002,0.0,0.0,-56.12177131999999,0.0,0.0
GLU 213,105.573,0.0,0.0,-5.206,0.0,0.0,-53.999,0.0,0.0,-94.485,0.0,0.0,0.50581608,0.0,0.0,-47.61118392000001,0.0,0.0
MET 214,96.774,0.0,0.0,-11.601,0.0,0.0,-76.915,0.0,0.0,-2.474,0.0,0.0,0.043229920000000005,0.0,0.0,5.827229919999995,0.0,0.0
MET 215,101.104,0.0,0.0,-10.431,0.0,0.0,-85.254,0.0,0.0,-2.064,0.0,0.0,0.3231404,0.0,0.0,3.6781403999999966,0.0,0.0
THR 216,43.099,0.0,0.0,-6.248,0.0,0.0,-50.174,0.0,0.0,-3.944,0.0,0.0,0.37689596000000003,0.0,0.0,-16.89010404,0.0,0.0
ALA 217,75.851,0.0,0.0,-3.223,0.0,0.0,-66.123,0.0,0.0,-3.129,0.0,0.0,0.14916382,0.0,0.0,3.5251638199999955,0.0,0.0
CYX 218,94.653,0.0,0.0,-7.582,0.0,0.0,-82.52,0.0,0.0,-1.114,0.0,0.0,0.1019231,0.0,0.0,3.5389231000000163,0.0,0.0
GLN 219,33.694,0.0,0.0,-5.272,0.0,0.0,-70.981,0.0,0.0,-16.548,0.0,0.0,0.74857246,0.0,0.0,-58.35842753999999,0.0,0.0
GLY 220,101.442,0.0,0.0,-2.39,0.0,0.0,-85.491,0.0,0.0,-8.503,0.0,0.0,0.2800514,0.0,0.0,5.338051399999992,0.0,0.0
VAL 221,39.307,0.0,0.0,-2.057,0.0,0.0,-59.528,0.0,0.0,-68.731,0.0,0.0,1.11057968,0.0,0.0,-89.89842031999999,0.0,0.0

Receptor:
Total Energy Decomposition:
Residue,Internal,,,van der Waals,,,Electrostatic,,,Polar Solvation,,,Non-Polar Solv.,,,TOTAL,,
,Avg.,Std. Dev.,Std. Err. of Mean,Avg.,Std. Dev.,Std. Err. of Mean,Avg.,Std. Dev.,Std. Err. of Mean,Avg.,Std. Dev.,Std. Err. of Mean,Avg.,Std. Dev.,Std. Err. of Mean,Avg.,Std. Dev.,Std. Err. of Mean
PRO   1,102.265,0.0,0.0,-4.212,0.0,0.0,-104.529,0.0,0.0,4.694,0.0,0.0,0.23181882,0.0,0.0,-1.5501811799999992,0.0,0.0
ILE   2,86.69,0.0,0.0,-8.71,0.0,0.0,-64.824,0.0,0.0,-4.456,0.0,0.0,0.15109876,0.0,0.0,8.851098759999992,0.0,0.0
VAL   3,56.279,0.0,0.0,-6.263,0.0,0.0,-59.552,0.0,0.0,-0.626,0.0,0.0,0.4220012,0.0,0.0,-9.739998799999993,0.0,0.0
GLN   4,23.357,0.0,0.0,-7.121,0.0,0.0,-61.813,0.0,0.0,-12.387,0.0,0.0,0.65875222,0.0,0.0,-57.30524778000001,0.0,0.0
ASN   5,31.147,0.0,0.0,-8.582,0.0,0.0,-79.105,0.0,0.0,-12.862,0.0,0.0,0.2478566,0.0,0.0,-69.1541434,0.0,0.0
LEU   6,80.366,0.0,0.0,-3.696,0.0,0.0,-70.807,0.0,0.0,-8.302,0.0,0.0,0.9482886200000001,0.0,0.0,-1.49071138,0.0,0.0
GLN   7,34.533,0.0,0.0,-5.743,0.0,0.0,-74.859,0.0,0.0,-15.109,0.0,0.0,0.7969784800000002,0.0,0.0,-60.38102152,0.0,0.0
GLY   8,81.265,0.0,0.0,-2.988,0.0,0.0,-75.736,0.0,0.0,-3.818,0.0,0.0,0.28854454,0.0,0.0,-0.9884554600000033,0.0,0.0
GLN   9,41.771,0.0,0.0,-6.487,0.0,0.0,-78.936,0.0,0.0,-12.169,0.0,0.0,0.66690932,0.0,0.0,-55.15409068000001,0.0,0.0
MET  10,103.401,0.0,0.0,-9.147,0.0,0.0,-80.859,0.0,0.0,-4.426,0.0,0.0,0.27294036,0.0,0.0,9.241940359999996,0.0,0.0
VAL  11,51.786,0.0,0.0,-7.452,0.0,0.0,-49.277,0.0,0.0,-1.72,0.0,0.0,0.2678293,0.0,0.0,-6.395170699999998,0.0,0.0
HID  12,92.123,0.0,0.0,-11.77,0.0,0.0,-62.378,0.0,0.0,-9.098,0.0,0.0,0.20637192000000001,0.0,0.0,9.083371920000008,0.0,0.0
GLN  13,32.478,0.0,0.0,-6.291,0.0,0.0,-71.921,0.0,0.0,-13.285,0.0,0.0,0.6114952400000001,0.0,0.0,-58.40750476,0.0,0.0
ALA  14,94.774,0.0,0.0,-4.639,0.0,0.0,-80.371,0.0,0.0,-2.68,0.0,0.0,0.44326928000000004,0.0,0.0,7.52726928000001,0.0,0.0
ILE  15,98.326,0.0,0.0,-9.265,0.0,0.0,-75.837,0.0,0.0,-3.901,0.0,0.0,0.07239494,0.0,0.0,9.39539493999999,0.0,0.0
SER  16,75.106,0.0,0.0,-5.001,0.0,0.0,-53.637,0.0,0.0,-7.341,0.0,0.0,0.30394818,0.0,0.0,9.430948179999989,0.0,0.0
PRO  17,91.483,0.0,0.0,-4.49,0.0,0.0,-58.513,0.0,0.0,-5.44,0.0,0.0,0.5515392,0.0,0.0,23.59153920000001,0.0,0.0
ARG  18,-182.097,0.0,0.0,-6.22,0.0,0.0,69.058,0.0,0.0,-53.197,0.0,0.0,1.1674354800000002,0.0,0.0,-171.28856452000002,0.0,0.0
THR  19,44.633,0.0,0.0,-8.69,0.0,0.0,-52.834,0.0,0.0,-3.745,0.0,0.0,0.21002500000000002,0.0,0.0,-20.425974999999998,0.0,0.0
LEU  20,58.615,0.0,0.0,-9.534,0.0,0.0,-60.185,0.0,0.0,-2.522,0.0,0.0,0.21153176,0.0,0.0,-13.41446824,0.0,0.0
ASN  21,18.433,0.0,0.0,-6.528,0.0,0.0,-67.481,0.0,0.0,-17.003,0.0,0.0,0.56296998,0.0,0.0,-72.01603001999999,0.0,0.0
ALA  22,92.314,0.0,0.0,-5.493,0.0,0.0,-80.822,0.0,0.0,-2.689,0.0,0.0,0.21596532,0.0,0.0,3.525965319999995,0.0,0.0
TRP  23,129.788,0.0,0.0,-18.462,0.0,0.0,-96.845,0.0,0.0,-4.178,0.0,0.0,0.02362036,0.0,0.0,10.326620360000009,0.0,0.0
VAL  24,66.493,0.0,0.0,-7.375,0.0,0.0,-59.597,0.0,0.0,-4.656,0.0,0.0,0.36393674000000004,0.0,0.0,-4.771063260000006,0.0,0.0
LYS  25,130.375,0.0,0.0,-8.324,0.0,0.0,-117.553,0.0,0.0,-22.54,0.0,0.0,0.68669232,0.0,0.0,-17.355307679999996,0.0,0.0
VAL  26,65.416,0.0,0.0,-8.683,0.0,0.0,-71.098,0.0,0.0,-0.88,0.0,0.0,0.03954974,0.0,0.0,-15.205450260000003,0.0,0.0
VAL  27,45.212,0.0,0.0,-8.228,0.0,0.0,-47.6,0.0,0.0,-4.197,0.0,0.0,0.12347302,0.0,0.0,-14.689526979999998,0.0,0.0
GLU  28,97.815,0.0,0.0,-6.475,0.0,0.0,-58.007,0.0,0.0,-86.058,0.0,0.0,0.7322907800000001,0.0,0.0,-51.99270922,0.0,0.0
GLU  29,105.916,0.0,0.0,-5.536,0.0,0.0,-87.509,0.0,0.0,-59.427,0.0,0.0,0.69346732,0.0,0.0,-45.86253268,0.0,0.0
LYS  30,120.881,0.0,0.0,-7.805,0.0,0.0,-105.551,0.0,0.0,-20.035,0.0,0.0,0.5639293200000001,0.0,0.0,-11.946070680000009,0.0,0.0
ALA  31,85.618,0.0,0.0,-3.674,0.0,0.0,-75.926,0.0,0.0,-3.803,0.0,0.0,0.08228644,0.0,0.0,2.2972864399999864,0.0,0.0
PHE  32,103.68,0.0,0.0,-11.462,0.0,0.0,-78.189,0.0,0.0,-5.467,0.0,0.0,0.09499634000000001,0.0,0.0,8.656996340000012,0.0,0.0
SER  33,85.29,0.0,0.0,-2.669,0.0,0.0,-63.541,0.0,0.0,-2.743,0.0,0.0,0.23570496000000002,0.0,0.0,16.572704960000014,0.0,0.0
PRO  34,76.481,0.0,0.0,-5.21,0.0,0.0,-55.566,0.0,0.0,-4.132,0.0,0.0,0.61279604,0.0,0.0,12.185796039999998,0.0,0.0
GLU  35,105.87,0.0,0.0,-4.535,0.0,0.0,-94.698,0.0,0.0,-55.64,0.0,0.0,0.42091178000000007,0.0,0.0,-48.58208821999999,0.0,0.0
VAL  36,51.079,0.0,0.0,-10.825,0.0,0.0,-52.663,0.0,0.0,-0.759,0.0,0.0,0.0014363000000000002,0.0,0.0,-13.166563699999992,0.0,0.0
ILE  37,88.503,0.0,0.0,-7.844,0.0,0.0,-58.412,0.0,0.0,-1.407,0.0,0.0,0.18261606,0.0,0.0,21.022616060000008,0.0,0.0
PRO  38,80.832,0.0,0.0,-5.648,0.0,0.0,-59.049,0.0,0.0,-2.6,0.0,0.0,0.40332930000000006,0.0,0.0,13.938329299999998,0.0,0.0
MET  39,89.308,0.0,0.0,-9.578,0.0,0.0,-71.745,0.0,0.0,-3.728,0.0,0.0,0.29778022000000004,0.0,0.0,4.55478022,0.0,0.0
PHE  40,108.318,0.0,0.0,-14.554,0.0,0.0,-82.283,0.0,0.0,-3.53,0.0,0.0,0.00102438,0.0,0.0,7.952024379999995,0.0,0.0
SER  41,61.686,0.0,0.0,-6.654,0.0,0.0,-44.922,0.0,0.0,-13.634,0.0,0.0,0.24946634,0.0,0.0,-3.274533660000001,0.0,0.0
ALA  42,85.493,0.0,0.0,-5.08,0.0,0.0,-65.786,0.0,0.0,-4.643,0.0,0.0,0.39654888000000005,0.0,0.0,10.380548879999994,0.0,0.0
LEU  43,72.4,0.0,0.0,-8.17,0.0,0.0,-77.03,0.0,0.0,-2.455,0.0,0.0,0.20051832000000003,0.0,0.0,-15.054481679999997,0.0,0.0
SER  44,72.667,0.0,0.0,-6.671,0.0,0.0,-77.212,0.0,0.0,1.57,0.0,0.0,0.0,0.0,0.0,-9.646000000000008,0.0,0.0
GLU  45,100.304,0.0,0.0,-4.369,0.0,0.0,-70.998,0.0,0.0,-76.489,0.0,0.0,0.78786204,0.0,0.0,-50.764137960000006,0.0,0.0
GLY  46,66.768,0.0,0.0,-3.312,0.0,0.0,-68.743,0.0,0.0,-0.953,0.0,0.0,0.24808424,0.0,0.0,-5.991915759999992,0.0,0.0
ALA  47,103.469,0.0,0.0,-7.036,0.0,0.0,-87.032,0.0,0.0,-2.926,0.0,0.0,0.01668276,0.0,0.0,6.491682759999996,0.0,0.0
THR  48,62.778,0.0,0.0,-9.863,0.0,0.0,-58.924,0.0,0.0,-0.602,0.0,0.0,0.037295020000000005,0.0,0.0,-6.5737049800000005,0.0,0.0
PRO  49,73.786,0.0,0.0,-10.952,0.0,0.0,-54.262,0.0,0.0,0.432,0.0,0.0,0.00461784,0.0,0.0,9.008617840000003,0.0,0.0
GLN  50,31.397,0.0,0.0,-7.982,0.0,0.0,-75.571,0.0,0.0,-5.982,0.0,0.0,0.26230090000000006,0.0,0.0,-57.8756991,0.0,0.0
ASP  51,87.79,0.0,0.0,-8.479,0.0,0.0,-124.652,0.0,0.0,-18.558,0.0,0.0,0.00880208,0.0,0.0,-63.89019791999999,0.0,0.0
LEU  52,68.591,0.0,0.0,-12.995,0.0,0.0,-70.549,0.0,0.0,0.261,0.0,0.0,0.0,0.0,0.0,-14.69200000000001,0.0,0.0
ASN  53,36.807,0.0,0.0,-8.598,0.0,0.0,-94.644,0.0,0.0,-6.679,0.0,0.0,0.32307536,0.0,0.0,-72.79092464,0.0,0.0
THR  54,47.611,0.0,0.0,-6.647,0.0,0.0,-58.377,0.0,0.0,-3.74,0.0,0.0,0.24871838000000004,0.0,0.0,-20.904281620000006,0.0,0.0
MET  55,85.653,0.0,0.0,-12.699,0.0,0.0,-68.575,0.0,0.0,-0.541,0.0,0.0,0.004314320000000001,0.0,0.0,3.842314320000005,0.0,0.0
LEU  56,61.814,0.0,0.0,-9.162,0.0,0.0,-66.058,0.0,0.0,-0.498,0.0,0.0,0.12684426000000001,0.0,0.0,-13.777155740000005,0.0,0.0
ASN  57,43.824,0.0,0.0,-4.884,0.0,0.0,-93.181,0.0,0.0,-16.925,0.0,0.0,0.6074952800000001,0.0,0.0,-70.55850472,0.0,0.0
THR  58,52.877,0.0,0.0,-7.137,0.0,0.0,-54.467,0.0,0.0,-6.598,0.0,0.0,0.17542913999999998,0.0,0.0,-15.149570859999995,0.0,0.0
VAL  59,38.701,0.0,0.0,-8.946,0.0,0.0,-45.396,0.0,0.0,-0.914,0.0,0.0,0.01253104,0.0,0.0,-16.54246896,0.0,0.0
ALA  60,92.471,0.0,0.0,-5.373,0.0,0.0,-67.029,0.0,0.0,-0.91,0.0,0.0,0.19861048,0.0,0.0,19.35761048,0.0,0.0
PRO  61,78.936,0.0,0.0,-4.545,0.0,0.0,-61.733,0.0,0.0,-0.944,0.0,0.0,0.5976850800000001,0.0,0.0,12.311685080000009,0.0,0.0
HID  62,103.228,0.0,0.0,-8.02,0.0,0.0,-70.347,0.0,0.0,-10.964,0.0,0.0,0.42660278000000007,0.0,0.0,14.323602780000003,0.0,0.0
GLN  63,30.549,0.0,0.0,-3.527,0.0,0.0,-70.781,0.0,0.0,-11.104,0.0,0.0,0.76090838,0.0,0.0,-54.10209162000001,0.0,0.0
ALA  64,83.223,0.0,0.0,-4.756,0.0,0.0,-68.947,0.0,0.0,-4.193,0.0,0.0,0.43488454,0.0,0.0,5.761884539999996,0.0,0.0
ALA  65,91.008,0.0,0.0,-7.734,0.0,0.0,-76.543,0.0,0.0,-1.997,0.0,0.0,0.026801900000000003,0.0,0.0,4.760801899999994,0.0,0.0
ALA  66,95.736,0.0,0.0,-7.064,0.0,0.0,-80.667,0.0,0.0,-1.801,0.0,0.0,0.01510554,0.0,0.0,6.219105539999996,0.0,0.0
GLN  67,44.311,0.0,0.0,-5.613,0.0,0.0,-74.423,0.0,0.0,-15.491,0.0,0.0,0.6287037400000001,0.0,0.0,-50.58729626,0.0,0.0
MET  68,91.174,0.0,0.0,-11.607,0.0,0.0,-74.274,0.0,0.0,-1.389,0.0,0.0,0.16122874,0.0,0.0,4.0652287400000064,0.0,0.0
LEU  69,81.282,0.0,0.0,-11.047,0.0,0.0,-75.565,0.0,0.0,-3.591,0.0,0.0,0.01373428,0.0,0.0,-8.90726572,0.0,0.0
LYS  70,126.637,0.0,0.0,-9.032,0.0,0.0,-99.805,0.0,0.0,-37.009,0.0,0.0,0.5925415,0.0,0.0,-18.616458500000004,0.0,0.0
GLU  71,108.559,0.0,0.0,-5.966,0.0,0.0,-82.814,0.0,0.0,-77.33,0.0,0.0,0.7529897600000001,0.0,0.0,-56.79801023999999,0.0,0.0
THR  72,47.816,0.0,0.0,-9.043,0.0,0.0,-57.981,0.0,0.0,-4.205,0.0,0.0,0.035305880000000005,0.0,0.0,-23.377694119999997,0.0,0.0
ILE  73,78.847,0.0,0.0,-9.964,0.0,0.0,-52.991,0.0,0.0,-3.537,0.0,0.0,0.04641688,0.0,0.0,12.401416879999998,0.0,0.0
ASN  74,19.527,0.0,0.0,-7.218,0.0,0.0,-77.344,0.0,0.0,-11.553,0.0,0.0,0.5546557,0.0,0.0,-76.0333443,0.0,0.0
GLU  75,106.954,0.0,0.0,-7.507,0.0,0.0,-68.089,0.0,0.0,-88.073,0.0,0.0,0.5551218200000001,0.0,0.0,-56.15987818000001,0.0,0.0
GLU  76,102.425,0.0,0.0,-10.883,0.0,0.0,-55.56,0.0,0.0,-86.807,0.0,0.0,0.30607282,0.0,0.0,-50.518927180000006,0.0,0.0
ALA  77,87.644,0.0,0.0,-7.029,0.0,0.0,-73.444,0.0,0.0,-0.57,0.0,0.0,0.04142506,0.0,0.0,6.642425060000006,0.0,0.0
ALA  78,95.374,0.0,0.0,-6.807,0.0,0.0,-86.368,0.0,0.0,0.275,0.0,0.0,0.1736297,0.0,0.0,2.6476296999999978,0.0,0.0
GLU  79,106.443,0.0,0.0,-6.998,0.0,0.0,-73.009,0.0,0.0,-84.972,0.0,0.0,0.5495229600000001,0.0,0.0,-57.986477040000004,0.0,0.0
TRP  80,118.649,0.0,0.0,-15.93,0.0,0.0,-86.704,0.0,0.0,-2.347,0.0,0.0,0.22352622000000003,0.0,0.0,13.891526220000001,0.0,0.0
ASP  81,120.438,0.0,0.0,-8.103,0.0,0.0,-96.188,0.0,0.0,-71.947,0.0,0.0,0.34498842,0.0,0.0,-55.45501158,0.0,0.0
ARG  82,-194.306,0.0,0.0,-7.864,0.0,0.0,-22.085,0.0,0.0,45.927,0.0,0.0,0.81673438,0.0,0.0,-177.51126562000002,0.0,0.0
LEU  83,65.564,0.0,0.0,-6.091,0.0,0.0,-76.415,0.0,0.0,-3.464,0.0,0.0,0.6644649,0.0,0.0,-19.741535100000014,0.0,0.0
HID  84,116.657,0.0,0.0,-9.905,0.0,0.0,-78.393,0.0,0.0,-7.418,0.0,0.0,0.17986812000000002,0.0,0.0,21.120868119999994,0.0,0.0
PRO  85,88.323,0.0,0.0,-3.244,0.0,0.0,-64.687,0.0,0.0,-6.037,0.0,0.0,0.6220154600000001,0.0,0.0,14.977015459999997,0.0,0.0
VAL  86,53.909,0.0,0.0,-3.51,0.0,0.0,-50.577,0.0,0.0,-6.253,0.0,0.0,0.6931583800000001,0.0,0.0,-5.7378416199999975,0.0,0.0
HID  87,90.281,0.0,0.0,-7.885,0.0,0.0,-56.255,0.0,0.0,-12.689,0.0,0.0,0.37183368,0.0,0.0,13.823833679999998,0.0,0.0
ALA  88,90.24,0.0,0.0,-1.846,0.0,0.0,-69.235,0.0,0.0,-6.947,0.0,0.0,0.69786294,0.0,0.0,12.909862939999993,0.0,0.0
GLY  89,92.502,0.0,0.0,-1.777,0.0,0.0,-76.952,0.0,0.0,-6.862,0.0,0.0,0.2546316,0.0,0.0,7.165631599999996,0.0,0.0
PRO  90,82.555,0.0,0.0,-2.879,0.0,0.0,-58.106,0.0,0.0,-6.251,0.0,0.0,0.7831574800000001,0.0,0.0,16.10215748,0.0,0.0
ILE  91,77.782,0.0,0.0,-3.009,0.0,0.0,-55.925,0.0,0.0,-5.178,0.0,0.0,0.38840804000000007,0.0,0.0,14.058408039999998,0.0,0.0
ALA  92,99.683,0.0,0.0,-2.677,0.0,0.0,-68.302,0.0,0.0,-6.295,0.0,0.0,0.33523242000000003,0.0,0.0,22.744232419999992,0.0,0.0
PRO  93,82.568,0.0,0.0,-1.824,0.0,0.0,-58.124,0.0,0.0,-7.489,0.0,0.0,0.76878906,0.0,0.0,15.899789059999996,0.0,0.0
GLY  94,70.076,0.0,0.0,-2.538,0.0,0.0,-64.983,0.0,0.0,-7.154,0.0,0.0,0.39371422000000006,0.0,0.0,-4.205285780000008,0.0,0.0
GLN  95,37.984,0.0,0.0,-6.691,0.0,0.0,-69.879,0.0,0.0,-15.742,0.0,0.0,0.5402656000000001,0.0,0.0,-53.787734400000005,0.0,0.0
MET  96,108.01,0.0,0.0,-8.525,0.0,0.0,-75.413,0.0,0.0,-8.598,0.0,0.0,0.32968234,0.0,0.0,15.803682340000002,0.0,0.0
ARG  97,-186.163,0.0,0.0,-9.32,0.0,0.0,-18.366,0.0,0.0,33.071,0.0,0.0,0.32140058,0.0,0.0,-180.45659942,0.0,0.0
GLU  98,111.953,0.0,0.0,-8.5,0.0,0.0,-61.818,0.0,0.0,-86.493,0.0,0.0,0.36927544000000007,0.0,0.0,-44.48872455999999,0.0,0.0
PRO  99,93.158,0.0,0.0,-8.488,0.0,0.0,-64.617,0.0,0.0,-2.138,0.0,0.0,0.0021571600000000004,0.0,0.0,17.91715716,0.0,0.0
ARG 100,-193.214,0.0,0.0,-10.776,0.0,0.0,-13.08,0.0,0.0,35.78,0.0,0.0,0.30529234,0.0,0.0,-180.98470766000003,0.0,0.0
GLY 101,82.445,0.0,0.0,-4.78,0.0,0.0,-82.416,0.0,0.0,-0.685,0.0,0.0,0.0158264,0.0,0.0,-5.420173600000005,0.0,0.0
SER 102,67.631,0.0,0.0,-6.826,0.0,0.0,-63.727,0.0,0.0,-3.139,0.0,0.0,0.2305397,0.0,0.0,-5.830460299999997,0.0,0.0
ASP 103,97.481,0.0,0.0,-8.246,0.0,0.0,-105.156,0.0,0.0,-43.374,0.0,0.0,0.00626552,0.0,0.0,-59.28873448000001,0.0,0.0
ILE 104,78.066,0.0,0.0,-13.642,0.0,0.0,-61.733,0.0,0.0,-0.69,0.0,0.0,0.0,0.0,0.0,2.0010000000000097,0.0,0.0
ALA 105,86.553,0.0,0.0,-7.8,0.0,0.0,-75.419,0.0,0.0,-2.507,0.0,0.0,0.04993446,0.0,0.0,0.8769344600000031,0.0,0.0
GLY 106,88.175,0.0,0.0,-4.98,0.0,0.0,-85.505,0.0,0.0,-3.529,0.0,0.0,0.07950598,0.0,0.0,-5.759494020000002,0.0,0.0
THR 107,53.243,0.0,0.0,-4.568,0.0,0.0,-58.46,0.0,0.0,-7.348,0.0,0.0,0.61686646,0.0,0.0,-16.516133539999995,0.0,0.0
THR 108,40.211,0.0,0.0,-4.506,0.0,0.0,-57.962,0.0,0.0,-2.84,0.0,0.0,0.45385996,0.0,0.0,-24.643140040000006,0.0,0.0
SER 109,80.806,0.0,0.0,-6.996,0.0,0.0,-72.385,0.0,0.0,-3.457,0.0,0.0,0.05137618,0.0,0.0,-1.9806238200000026,0.0,0.0
THR 110,40.557,0.0,0.0,-6.269,0.0,0.0,-38.759,0.0,0.0,-5.603,0.0,0.0,0.3554165,0.0,0.0,-9.718583499999996,0.0,0.0
LEU 111,63.852,0.0,0.0,-6.768,0.0,0.0,-57.525,0.0,0.0,-4.38,0.0,0.0,0.4609005400000001,0.0,0.0,-4.3600994600000025,0.0,0.0
GLN 112,33.228,0.0,0.0,-5.563,0.0,0.0,-79.358,0.0,0.0,-12.558,0.0,0.0,0.8640835000000001,0.0,0.0,-63.386916500000005,0.0,0.0
GLU 113,100.795,0.0,0.0,-8.933,0.0,0.0,-90.776,0.0,0.0,-55.502,0.0,0.0,0.2291847,0.0,0.0,-54.186815300000006,0.0,0.0
GLN 114,34.242,0.0,0.0,-10.027,0.0,0.0,-89.478,0.0,0.0,-1.138,0.0,0.0,0.02801598,0.0,0.0,-66.37298402,0.0,0.0
ILE 115,85.857,0.0,0.0,-7.389,0.0,0.0,-71.518,0.0,0.0,-1.422,0.0,0.0,0.12660036000000002,0.0,0.0,5.654600360000003,0.0,0.0
GLY 116,79.275,0.0,0.0,-5.531,0.0,0.0,-78.021,0.0,0.0,-0.286,0.0,0.0,0.02280194,0.0,0.0,-4.540198060000001,0.0,0.0
TRP 117,128.7,0.0,0.0,-16.748,0.0,0.0,-91.949,0.0,0.0,-2.999,0.0,0.0,0.03521374,0.0,0.0,17.039213739999987,0.0,0.0
MET 118,100.566,0.0,0.0,-8.853,0.0,0.0,-81.285,0.0,0.0,-4.18,0.0,0.0,0.36396384000000004,0.0,0.0,6.611963840000012,0.0,0.0
THR 119,38.679,0.0,0.0,-4.911,0.0,0.0,-47.601,0.0,0.0,-5.065,0.0,0.0,0.4153888,0.0,0.0,-18.4826112,0.0,0.0
HID 120,95.411,0.0,0.0,-8.96,0.0,0.0,-61.089,0.0,0.0,-10.899,0.0,0.0,0.34174726,0.0,0.0,14.804747259999996,0.0,0.0
ASN 121,45.432,0.0,0.0,-3.958,0.0,0.0,-77.574,0.0,0.0,-22.491,0.0,0.0,0.71968928,0.0,0.0,-57.87131072,0.0,0.0
PRO 122,91.976,0.0,0.0,-4.097,0.0,0.0,-51.087,0.0,0.0,-8.702,0.0,0.0,0.6051592600000001,0.0,0.0,28.695159260000004,0.0,0.0
PRO 123,82.362,0.0,0.0,-5.067,0.0,0.0,-57.552,0.0,0.0,-4.054,0.0,0.0,0.49447202,0.0,0.0,16.18347201999999,0.0,0.0
ILE 124,90.946,0.0,0.0,-4.847,0.0,0.0,-61.715,0.0,0.0,-1.758,0.0,0.0,0.19503328000000003,0.0,0.0,22.82103328,0.0,0.0
PRO 125,92.888,0.0,0.0,-5.142,0.0,0.0,-65.301,0.0,0.0,-1.597,0.0,0.0,0.44919876000000003,0.0,0.0,21.297198760000008,0.0,0.0
VAL 126,50.521,0.0,0.0,-8.959,0.0,0.0,-51.015,0.0,0.0,-1.026,0.0,0.0,0.042818,0.0,0.0,-10.436182000000002,0.0,0.0
GLY 127,69.189,0.0,0.0,-5.949,0.0,0.0,-69.316,0.0,0.0,-2.03,0.0,0.0,0.0452028,0.0,0.0,-8.060797200000007,0.0,0.0
GLU 128,108.984,0.0,0.0,-5.855,0.0,0.0,-100.545,0.0,0.0,-50.578,0.0,0.0,0.44267850000000003,0.0,0.0,-47.551321500000014,0.0,0.0
ILE 129,82.34,0.0,0.0,-9.898,0.0,0.0,-66.041,0.0,0.0,0.083,0.0,0.0,0.20121208000000002,0.0,0.0,6.685212080000011,0.0,0.0
TYR 130,97.115,0.0,0.0,-16.608,0.0,0.0,-89.287,0.0,0.0,-0.883,0.0,0.0,0.02058516,0.0,0.0,-9.642414840000015,0.0,0.0
LYS 131,143.724,0.0,0.0,-11.239,0.0,0.0,-165.355,0.0,0.0,22.507,0.0,0.0,0.07942468000000001,0.0,0.0,-10.283575320000002,0.0,0.0
ARG 132,-191.281,0.0,0.0,-9.144,0.0,0.0,40.88,0.0,0.0,-21.148,0.0,0.0,0.8922783400000001,0.0,0.0,-179.80072166000002,0.0,0.0
TRP 133,126.281,0.0,0.0,-17.213,0.0,0.0,-97.672,0.0,0.0,-2.505,0.0,0.0,0.09976052,0.0,0.0,8.990760520000016,0.0,0.0
ILE 134,83.201,0.0,0.0,-11.887,0.0,0.0,-71.7,0.0,0.0,0.425,0.0,0.0,0.02256888,0.0,0.0,0.0615688799999901,0.0,0.0
ILE 135,81.83,0.0,0.0,-11.109,0.0,0.0,-63.84,0.0,0.0,-0.078,0.0,0.0,0.08432436,0.0,0.0,6.88732436,0.0,0.0
LEU 136,77.662,0.0,0.0,-8.799,0.0,0.0,-81.728,0.0,0.0,2.772,0.0,0.0,0.41754054000000007,0.0,0.0,-9.675459459999995,0.0,0.0
GLY 137,83.706,0.0,0.0,-5.234,0.0,0.0,-80.716,0.0,0.0,0.58,0.0,0.0,0.0,0.0,0.0,-1.6639999999999855,0.0,0.0
LEU 138,63.581,0.0,0.0,-10.91,0.0,0.0,-67.518,0.0,0.0,-1.337,0.0,0.0,0.0070731,0.0,0.0,-16.176926899999994,0.0,0.0
ASN 139,35.429,0.0,0.0,-7.692,0.0,0.0,-87.46,0.0,0.0,-9.616,0.0,0.0,0.34839218,0.0,0.0,-68.99060782,0.0,0.0
LYS 140,133.387,0.0,0.0,-8.745,0.0,0.0,-125.144,0.0,0.0,-15.904,0.0,0.0,0.3915137,0.0,0.0,-16.01448630000001,0.0,0.0
ILE 141,99.488,0.0,0.0,-12.553,0.0,0.0,-75.091,0.0,0.0,-3.32,0.0,0.0,0.00461784,0.0,0.0,8.528617840000008,0.0,0.0
VAL 142,60.781,0.0,0.0,-8.473,0.0,0.0,-55.004,0.0,0.0,-6.291,0.0,0.0,0.19437746,0.0,0.0,-8.792622539999998,0.0,0.0
ARG 143,-203.035,0.0,0.0,-6.624,0.0,0.0,71.652,0.0,0.0,-36.713,0.0,0.0,1.0737833,0.0,0.0,-173.6462167,0.0,0.0
MET 144,89.159,0.0,0.0,-8.28,0.0,0.0,-73.539,0.0,0.0,-5.391,0.0,0.0,0.47552912,0.0,0.0,2.4245291200000034,0.0,0.0
TYR 145,89.712,0.0,0.0,-8.532,0.0,0.0,-81.935,0.0,0.0,-13.338,0.0,0.0,0.8203007400000001,0.0,0.0,-13.272699259999994,0.0,0.0
SER 146,81.279,0.0,0.0,-2.775,0.0,0.0,-57.761,0.0,0.0,-10.854,0.0,0.0,0.43862434000000006,0.0,0.0,10.32762433999999,0.0,0.0
PRO 147,88.013,0.0,0.0,-2.58,0.0,0.0,-62.217,0.0,0.0,-6.921,0.0,0.0,0.7470928000000001,0.0,0.0,17.04209280000001,0.0,0.0
THR 148,49.1,0.0,0.0,-2.941,0.0,0.0,-51.152,0.0,0.0,-10.905,0.0,0.0,0.71702264,0.0,0.0,-15.180977360000002,0.0,0.0
SER 149,60.485,0.0,0.0,-2.006,0.0,0.0,-44.214,0.0,0.0,-12.652,0.0,0.0,0.71342376,0.0,0.0,2.3264237600000013,0.0,0.0
ILE 150,58.761,0.0,0.0,-1.552,0.0,0.0,-29.476,0.0,0.0,-9.055,0.0,0.0,1.24495774,0.0,0.0,19.922957740000005,0.0,0.0

Ligand:
Total Energy Decomposition:
Residue,Internal,,,van der Waals,,,Electrostatic,,,Polar Solvation,,,Non-Polar Solv.,,,TOTAL,,
,Avg.,Std. Dev.,Std. Err. of Mean,Avg.,Std. Dev.,Std. Err. of Mean,Avg.,Std. Dev.,Std. Err. of Mean,Avg.,Std. Dev.,Std. Err. of Mean,Avg.,Std. Dev.,Std. Err. of Mean,Avg.,Std. Dev.,Std. Err. of Mean
LEU   1,42.477,0.0,0.0,-1.821,0.0,0.0,-41.47,0.0,0.0,-2.3,0.0,0.0,0.9262183800000001,0.0,0.0,-2.18778162,0.0,0.0
ASP   2,97.597,0.0,0.0,-3.398,0.0,0.0,-85.223,0.0,0.0,-67.789,0.0,0.0,0.72867022,0.0,0.0,-58.084329780000004,0.0,0.0
ILE   3,97.551,0.0,0.0,-7.063,0.0,0.0,-71.299,0.0,0.0,-2.723,0.0,0.0,0.28157984,0.0,0.0,16.747579839999993,0.0,0.0
ARG   4,-192.657,0.0,0.0,-7.689,0.0,0.0,43.005,0.0,0.0,-17.957,0.0,0.0,0.87548718,0.0,0.0,-174.42251282,0.0,0.0
GLN   5,26.57,0.0,0.0,-11.126,0.0,0.0,-82.713,0.0,0.0,-3.608,0.0,0.0,0.11248668000000002,0.0,0.0,-70.76451331999999,0.0,0.0
GLY   6,87.93,0.0,0.0,-3.868,0.0,0.0,-70.732,0.0,0.0,-5.886,0.0,0.0,0.12946212,0.0,0.0,7.573462120000013,0.0,0.0
PRO   7,89.263,0.0,0.0,-3.346,0.0,0.0,-52.963,0.0,0.0,-10.719,0.0,0.0,0.84179646,0.0,0.0,23.07679646,0.0,0.0
LYS   8,128.114,0.0,0.0,-3.239,0.0,0.0,-85.033,0.0,0.0,-46.538,0.0,0.0,1.15880142,0.0,0.0,-5.537198579999998,0.0,0.0
GLU   9,114.781,0.0,0.0,-6.236,0.0,0.0,-124.922,0.0,0.0,-28.995,0.0,0.0,0.22302216000000002,0.0,0.0,-45.14897784,0.0,0.0
PRO  10,78.401,0.0,0.0,-5.015,0.0,0.0,-55.791,0.0,0.0,-3.843,0.0,0.0,0.31634372,0.0,0.0,14.06834372,0.0,0.0
PHE  11,104.233,0.0,0.0,-13.864,0.0,0.0,-74.154,0.0,0.0,-3.421,0.0,0.0,0.02506208,0.0,0.0,12.819062080000004,0.0,0.0
ARG  12,-202.539,0.0,0.0,-10.108,0.0,0.0,6.478,0.0,0.0,25.162,0.0,0.0,0.43915550000000003,0.0,0.0,-180.56784449999998,0.0,0.0
ASP  13,88.796,0.0,0.0,-7.377,0.0,0.0,-74.387,0.0,0.0,-70.264,0.0,0.0,0.39201776000000005,0.0,0.0,-62.83998223999998,0.0,0.0
TYR  14,101.413,0.0,0.0,-18.158,0.0,0.0,-97.425,0.0,0.0,-1.648,0.0,0.0,0.0,0.0,0.0,-15.818000000000001,0.0,0.0
VAL  15,50.403,0.0,0.0,-10.144,0.0,0.0,-57.398,0.0,0.0,1.994,0.0,0.0,0.00719234,0.0,0.0,-15.137807660000004,0.0,0.0
ASP  16,116.003,0.0,0.0,-7.686,0.0,0.0,-118.845,0.0,0.0,-42.174,0.0,0.0,0.3261485,0.0,0.0,-52.37585149999999,0.0,0.0
ARG  17,-191.835,0.0,0.0,-8.513,0.0,0.0,7.733,0.0,0.0,9.59,0.0,0.0,0.5188295,0.0,0.0,-182.5061705,0.0,0.0
PHE  18,98.372,0.0,0.0,-13.892,0.0,0.0,-82.27,0.0,0.0,-0.222,0.0,0.0,0.02416236,0.0,0.0,2.012162360000008,0.0,0.0
TYR  19,104.206,0.0,0.0,-11.358,0.0,0.0,-92.116,0.0,0.0,-1.751,0.0,0.0,0.39203944,0.0,0.0,-0.6269605600000006,0.0,0.0
LYS  20,145.577,0.0,0.0,-6.99,0.0,0.0,-144.21,0.0,0.0,-5.781,0.0,0.0,0.7132286400000001,0.0,0.0,-10.690771360000017,0.0,0.0
THR  21,48.775,0.0,0.0,-6.681,0.0,0.0,-61.666,0.0,0.0,-3.644,0.0,0.0,0.26503258,0.0,0.0,-22.950967419999994,0.0,0.0
LEU  22,72.425,0.0,0.0,-10.159,0.0,0.0,-73.184,0.0,0.0,-1.859,0.0,0.0,0.10116972,0.0,0.0,-12.67583028,0.0,0.0
ARG  23,-201.564,0.0,0.0,-7.34,0.0,0.0,79.648,0.0,0.0,-45.776,0.0,0.0,0.9757680200000001,0.0,0.0,-174.05623198,0.0,0.0
ALA  24,85.046,0.0,0.0,-4.24,0.0,0.0,-79.299,0.0,0.0,-5.062,0.0,0.0,0.44845622,0.0,0.0,-3.106543779999995,0.0,0.0
GLU  25,108.258,0.0,0.0,-5.112,0.0,0.0,-65.633,0.0,0.0,-87.93,0.0,0.0,0.76693542,0.0,0.0,-49.65006458,0.0,0.0
GLN  26,29.888,0.0,0.0,-3.615,0.0,0.0,-59.89,0.0,0.0,-21.36,0.0,0.0,0.9297630600000001,0.0,0.0,-54.04723694,0.0,0.0
ALA  27,100.275,0.0,0.0,-4.968,0.0,0.0,-87.195,0.0,0.0,-1.385,0.0,0.0,0.10269274,0.0,0.0,6.829692740000009,0.0,0.0
SER  28,80.032,0.0,0.0,-4.715,0.0,0.0,-64.397,0.0,0.0,-7.408,0.0,0.0,0.35210488,0.0,0.0,3.8641048799999873,0.0,0.0
GLN  29,30.683,0.0,0.0,-6.215,0.0,0.0,-59.42,0.0,0.0,-21.429,0.0,0.0,0.8231462400000001,0.0,0.0,-55.55785376,6.743495761743046e-07,6.743495761743046e-07
GLU  30,111.403,0.0,0.0,-4.446,0.0,0.0,-75.808,0.0,0.0,-82.479,0.0,0.0,0.74417684,0.0,0.0,-50.58582316,0.0,0.0
VAL  31,63.755,0.0,0.0,-6.422,0.0,0.0,-59.609,0.0,0.0,-2.788,0.0,0.0,0.30366092000000006,0.0,0.0,-4.760339079999996,0.0,0.0
LYS  32,112.906,0.0,0.0,-10.223,0.0,0.0,-84.745,0.0,0.0,-40.27,0.0,0.0,0.22571590000000002,0.0,0.0,-22.1062841,0.0,0.0
ASN  33,41.217,0.0,0.0,-6.685,0.0,0.0,-93.787,0.0,0.0,-13.26,0.0,0.0,0.51144204,0.0,0.0,-72.00355796000001,0.0,0.0
TRP  34,123.301,0.0,0.0,-8.921,0.0,0.0,-89.652,0.0,0.0,-8.59,0.0,0.0,0.84726524,0.0,0.0,16.985265239999993,0.0,0.0
MET  35,101.827,0.0,0.0,-10.009,0.0,0.0,-86.655,0.0,0.0,-2.766,0.0,0.0,0.26473448000000005,0.0,0.0,2.6617344799999967,0.0,0.0
THR  36,45.92,0.0,0.0,-7.303,0.0,0.0,-62.189,0.0,0.0,-0.978,0.0,0.0,0.0387259,0.0,0.0,-24.511274099999998,0.0,0.0
GLU  37,101.534,0.0,0.0,-5.739,0.0,0.0,-50.586,0.0,0.0,-94.152,0.0,0.0,0.5143525800000001,0.0,0.0,-48.42864742,0.0,0.0
THR  38,46.186,0.0,0.0,-4.998,0.0,0.0,-54.13,0.0,0.0,-0.431,0.0,0.0,0.27050136,0.0,0.0,-13.102498639999999,0.0,0.0
LEU  39,65.95,0.0,0.0,-7.735,0.0,0.0,-65.859,0.0,0.0,-0.892,0.0,0.0,0.19261596,0.0,0.0,-8.343384039999991,0.0,0.0
LEU  40,84.191,0.0,0.0,-11.494,0.0,0.0,-90.401,0.0,0.0,0.597,0.0,0.0,0.0,0.0,0.0,-17.106999999999992,0.0,0.0
VAL  41,61.277,0.0,0.0,-7.785,0.0,0.0,-61.269,0.0,0.0,0.895,0.0,0.0,0.22248558000000002,0.0,0.0,-6.6595144199999945,0.0,0.0
GLN  42,24.825,0.0,0.0,-5.849,0.0,0.0,-69.418,0.0,0.0,-4.291,0.0,0.0,0.6345790200000001,0.0,0.0,-54.09842098000001,0.0,0.0
ASN  43,16.099,0.0,0.0,-8.521,0.0,0.0,-82.343,0.0,0.0,-3.746,0.0,0.0,0.07889894,0.0,0.0,-78.43210106,0.0,0.0
ALA  44,96.088,0.0,0.0,-6.392,0.0,0.0,-79.811,0.0,0.0,-1.905,0.0,0.0,0.06414028000000001,0.0,0.0,8.04414027999999,0.0,0.0
ASN  45,40.505,0.0,0.0,-6.891,0.0,0.0,-84.993,0.0,0.0,-7.003,0.0,0.0,0.24866418,0.0,0.0,-58.13333581999999,0.0,0.0
PRO  46,84.508,0.0,0.0,-2.176,0.0,0.0,-62.625,0.0,0.0,-1.942,0.0,0.0,0.58101316,0.0,0.0,18.346013159999995,0.0,0.0
ASP  47,90.698,0.0,0.0,-3.691,0.0,0.0,-78.73,0.0,0.0,-61.566,0.0,0.0,0.6732724,0.0,0.0,-52.615727600000014,0.0,0.0
CYX  48,99.177,0.0,0.0,-6.845,0.0,0.0,-78.098,0.0,0.0,-3.82,0.0,0.0,0.057007560000000006,0.0,0.0,10.47100756000001,0.0,0.0
LYS  49,136.969,0.0,0.0,-11.431,0.0,0.0,-111.355,0.0,0.0,-31.223,0.0,0.0,0.28770444,0.0,0.0,-16.752295560000007,0.0,0.0
THR  50,50.224,0.0,0.0,-5.62,0.0,0.0,-65.93,0.0,0.0,-2.752,0.0,0.0,0.44802262000000004,0.0,0.0,-23.629977380000007,0.0,0.0
ILE  51,81.158,0.0,0.0,-5.911,0.0,0.0,-59.459,0.0,0.0,-1.257,0.0,0.0,0.48823360000000005,0.0,0.0,15.019233599999996,0.0,0.0
LEU  52,80.901,0.0,0.0,-10.958,0.0,0.0,-71.673,0.0,0.0,-5.743,0.0,0.0,0.06705624,0.0,0.0,-7.405943760000004,0.0,0.0
LYS  53,120.07,0.0,0.0,-7.133,0.0,0.0,-81.769,0.0,0.0,-47.197,0.0,0.0,0.8745332600000001,0.0,0.0,-15.15446674000001,0.0,0.0
ALA  54,84.348,0.0,0.0,-3.456,0.0,0.0,-73.75,0.0,0.0,-5.286,0.0,0.0,0.48062934000000007,0.0,0.0,2.3366293399999964,0.0,0.0
LEU  55,73.22,0.0,0.0,-5.314,0.0,0.0,-72.986,0.0,0.0,-5.96,0.0,0.0,0.3732483,0.0,0.0,-10.666751699999999,0.0,0.0
GLY  56,93.838,0.0,0.0,-2.667,0.0,0.0,-74.049,0.0,0.0,-8.975,0.0,0.0,0.2200791,0.0,0.0,8.367079099999986,0.0,0.0
PRO  57,80.646,0.0,0.0,-2.275,0.0,0.0,-50.732,0.0,0.0,-9.373,0.0,0.0,0.8091301200000001,0.0,0.0,19.075130119999997,0.0,0.0
GLY  58,66.484,0.0,0.0,-1.93,0.0,0.0,-62.552,0.0,0.0,-6.813,0.0,0.0,0.40664092,0.0,0.0,-4.404359080000011,0.0,0.0
ALA  59,101.647,0.0,0.0,-4.645,0.0,0.0,-87.233,0.0,0.0,-5.614,0.0,0.0,0.14889824000000002,0.0,0.0,4.303898240000006,0.0,0.0
THR  60,42.489,0.0,0.0,-4.9,0.0,0.0,-51.944,0.0,0.0,-2.665,0.0,0.0,0.46315526000000007,0.0,0.0,-16.556844740000003,0.0,0.0
LEU  61,68.666,0.0,0.0,-6.455,0.0,0.0,-68.583,0.0,0.0,-3.696,0.0,0.0,0.26259358,0.0,0.0,-9.805406419999999,0.0,0.0
GLU  62,105.377,0.0,0.0,-6.943,0.0,0.0,-53.163,0.0,0.0,-102.127,0.0,0.0,0.7092286800000002,0.0,0.0,-56.14677131999999,0.0,0.0
GLU  63,105.573,0.0,0.0,-5.204,0.0,0.0,-60.282,0.0,0.0,-88.21,0.0,0.0,0.50581608,0.0,0.0,-47.61718391999999,0.0,0.0
MET  64,96.774,0.0,0.0,-11.597,0.0,0.0,-76.739,0.0,0.0,-2.653,0.0,0.0,0.043229920000000005,0.0,0.0,5.828229920000002,0.0,0.0
MET  65,101.104,0.0,0.0,-10.426,0.0,0.0,-85.147,0.0,0.0,-2.175,0.0,0.0,0.3231404,0.0,0.0,3.6791403999999917,0.0,0.0
THR  66,43.099,0.0,0.0,-6.247,0.0,0.0,-50.07,0.0,0.0,-4.049,0.0,0.0,0.37689596000000003,0.0,0.0,-16.890104040000004,0.0,0.0
ALA  67,75.851,0.0,0.0,-3.223,0.0,0.0,-66.016,0.0,0.0,-3.236,0.0,0.0,0.14916382,0.0,0.0,3.5251638199999946,0.0,0.0
CYX  68,94.653,0.0,0.0,-7.581,0.0,0.0,-82.543,0.0,0.0,-1.093,0.0,0.0,0.1019231,0.0,0.0,3.5379230999999964,0.0,0.0
GLN  69,33.694,0.0,0.0,-5.271,0.0,0.0,-71.041,0.0,0.0,-16.488,0.0,0.0,0.74857246,0.0,0.0,-58.357427539999996,0.0,0.0
GLY  70,101.442,0.0,0.0,-2.39,0.0,0.0,-85.475,0.0,0.0,-8.52,0.0,0.0,0.2800514,0.0,0.0,5.337051399999998,0.0,0.0
VAL  71,39.307,0.0,0.0,-2.057,0.0,0.0,-66.293,0.0,0.0,-61.971,0.0,0.0,1.11057968,0.0,0.0,-89.90342032000001,0.0,0.0

DELTAS:
Total Energy Decomposition:
Residue,Location,Internal,,,van der Waals,,,Electrostatic,,,Polar Solvation,,,Non-Polar Solv.,,,TOTAL,,
,,Avg.,Std. Dev.,Std. Err. of Mean,Avg.,Std. Dev.,Std. Err. of Mean,Avg.,Std. Dev.,Std. Err. of Mean,Avg.,Std. Dev.,Std. Err. of Mean,Avg.,Std. Dev.,Std. Err. of Mean
PRO   1,R PRO   1,0.0,0.0,0.0,-0.001000000000000334,0.0,0.0,-5.737000000000009,0.0,0.0,5.745,0.0,0.0,0.0,0.0,0.0,0.007000000000000561,0.0,0.0
ILE   2,R ILE   2,0.0,0.0,0.0,0.0,0.0,0.0,0.02199999999999136,0.0,0.0,-0.020999999999999908,0.0,0.0,0.0,0.0,0.0,0.000999999999990564,0.0,0.0
VAL   3,R VAL   3,0.0,0.0,0.0,0.0,0.0,0.0,-0.017000000000003013,0.0,0.0,0.017000000000000015,0.0,0.0,0.0,0.0,0.0,-3.552713678800501e-15,0.0,0.0
GLN   4,R GLN   4,0.0,0.0,0.0,0.0,0.0,0.0,0.10200000000000387,0.0,0.0,-0.10299999999999976,0.0,0.0,0.0,0.0,0.0,-0.0009999999999976694,0.0,0.0
ASN   5,R ASN   5,0.0,0.0,0.0,0.0,0.0,0.0,-0.054000000000002046,0.0,0.0,0.05400000000000027,0.0,0.0,0.0,0.0,0.0,-1.4210854715202004e-14,0.0,0.0
LEU   6,R LEU   6,0.0,0.0,0.0,0.0,0.0,0.0,-0.04099999999999682,0.0,0.0,0.04100000000000037,0.0,0.0,0.0,0.0,0.0,3.552713678800501e-15,0.0,0.0
GLN   7,R GLN   7,0.0,0.0,0.0,0.0,0.0,0.0,0.001999999999995339,0.0,0.0,-0.0009999999999994458,0.0,0.0,0.0,0.0,0.0,0.0009999999999976694,0.0,0.0
GLY   8,R GLY   8,0.0,0.0,0.0,0.0,0.0,0.0,-0.02199999999999136,0.0,0.0,0.02200000000000024,0.0,0.0,0.0,0.0,0.0,8.881784197001252e-15,0.0,0.0
GLN   9,R GLN   9,0.0,0.0,0.0,0.0,0.0,0.0,0.08200000000000784,0.0,0.0,-0.08199999999999896,0.0,0.0,0.0,0.0,0.0,1.4210854715202004e-14,0.0,0.0
MET  10,R MET  10,0.0,0.0,0.0,0.0,0.0,0.0,-0.01300000000000523,0.0,0.0,0.012000000000000455,0.0,0.0,0.0,0.0,0.0,-0.0010000000000047748,0.0,0.0
VAL  11,R VAL  11,0.0,0.0,0.0,0.0,0.0,0.0,0.011000000000002785,0.0,0.0,-0.01100000000000012,0.0,0.0,0.0,0.0,0.0,2.6645352591003757e-15,0.0,0.0
HID  12,R HID  12,0.0,0.0,0.0,0.0,0.0,0.0,0.0020000000000024443,0.0,0.0,-0.0030000000000001137,0.0,0.0,0.0,0.0,0.0,-0.0009999999999976694,0.0,0.0
GLN  13,R GLN  13,0.0,0.0,0.0,0.0,0.0,0.0,0.014000000000010004,0.0,0.0,-0.013999999999999346,0.0,0.0,0.0,0.0,0.0,7.105427357601002e-15,0.0,0.0
ALA  14,R ALA  14,0.0,0.0,0.0,0.0,0.0,0.0,0.05999999999998806,0.0,0.0,-0.05899999999999972,0.0,0.0,0.0,0.0,0.0,0.0009999999999878995,0.0,0.0
ILE  15,R ILE  15,0.0,0.0,0.0,-0.0019999999999988916,0.0,0.0,-0.015000000000000568,0.0,0.0,0.016999999999999904,0.0,0.0,0.0,0.0,0.0,3.552713678800501e-15,0.0,0.0
SER  16,R SER  16,0.0,0.0,0.0,-0.0009999999999994458,0.0,0.0,-0.1769999999999996,0.0,0.0,0.1770000000000005,0.0,0.0,0.0,0.0,0.0,-0.0009999999999887876,0.0,0.0
PRO  17,R PRO  17,0.0,0.0,0.0,-0.0030000000000001137,0.0,0.0,-0.3340000000000032,0.0,0.0,0.33499999999999996,0.0,0.0,0.0,0.0,0.0,-0.0020000000000024443,0.0,0.0
ARG  18,R ARG  18,0.0,0.0,0.0,-0.004999999999999893,0.0,0.0,-7.189000000000007,0.0,0.0,7.215000000000003,0.0,0.0,0.0,0.0,0.0,0.021000000000015007,0.0,0.0
THR  19,R THR  19,0.0,0.0,0.0,-0.004000000000001336,0.0,0.0,-0.017999999999993577,0.0,0.0,0.03299999999999992,0.0,0.0,0.0,0.0,0.0,0.011000000000002785,0.0,0.0
LEU  20,R LEU  20,0.0,0.0,0.0,-0.008999999999998565,0.0,0.0,-0.38299999999999557,0.0,0.0,0.379,0.0,0.0,0.0,0.0,0.0,-0.012999999999996348,0.0,0.0
ASN  21,R ASN  21,0.0,0.0,0.0,-0.016000000000000014,0.0,0.0,-1.186000000000007,0.0,0.0,1.2379999999999995,0.0,0.0,0.0,0.0,0.0,0.03599999999998715,0.0,0.0
ALA  22,R ALA  22,0.0,0.0,0.0,-0.011999999999999567,0.0,0.0,-0.22100000000000364,0.0,0.0,0.2290000000000001,0.0,0.0,0.0,0.0,0.0,-0.004000000000004,0.0,0.0
TRP  23,R TRP  23,0.0,0.0,0.0,-0.03900000000000148,0.0,0.0,0.018000000000000682,0.0,0.0,0.004999999999999893,0.0,0.0,0.0,0.0,0.0,-0.016000000000000014,0.0,0.0
VAL  24,R VAL  24,0.0,0.0,0.0,-0.1120000000000001,0.0,0.0,-0.6569999999999965,0.0,0.0,0.7359999999999998,0.0,0.0,-0.007501279999999999,0.0,0.0,-0.040501279999998197,0.0,0.0
LYS  25,R LYS  25,0.0,0.0,0.0,-0.2029999999999994,0.0,0.0,-2.1440000000000055,0.0,0.0,2.6789999999999985,0.0,0.0,0.0,0.0,0.0,0.3319999999999901,0.0,0.0
VAL  26,R VAL  26,0.0,0.0,0.0,-0.15799999999999947,0.0,0.0,0.7270000000000039,0.0,0.0,-0.783,0.0,0.0,0.0,0.0,0.0,-0.21399999999999686,0.0,0.0
VAL  27,R VAL  27,0.0,0.0,0.0,-0.6240000000000006,0.0,0.0,1.017000000000003,0.0,0.0,-0.49599999999999955,0.0,0.0,-0.053701360000000004,0.0,0.0,-0.15670135999999957,0.0,0.0
GLU  28,R GLU  28,0.0,0.0,0.0,-2.474,0.0,0.0,-41.055,0.0,0.0,43.909000000000006,0.0,0.0,-0.5366342000000002,0.0,0.0,-0.15663419999999917,0.0,0.0
GLU  29,R GLU  29,0.0,0.0,0.0,-2.734,0.0,0.0,-0.6039999999999992,0.0,0.0,3.6809999999999974,0.0,0.0,-0.41046202,0.0,0.0,-0.06746202000000068,0.0,0.0
LYS  30,R LYS  30,0.0,0.0,0.0,-0.6660000000000004,0.0,0.0,-13.441999999999993,0.0,0.0,13.794,0.0,0.0,-0.005127320000000046,0.0,0.0,-0.3191273199999891,0.0,0.0
ALA  31,R ALA  31,0.0,0.0,0.0,-0.43699999999999983,0.0,0.0,1.8870000000000005,0.0,0.0,-1.649,0.0,0.0,-0.07995042000000001,0.0,0.0,-0.27895041999999703,0.0,0.0
PHE  32,R PHE  32,0.0,0.0,0.0,-0.8109999999999999,0.0,0.0,0.7909999999999968,0.0,0.0,-0.8140000000000001,0.0,0.0,-0.03907820000000001,0.0,0.0,-0.8730781999999966,0.0,0.0
SER  33,R SER  33,0.0,0.0,0.0,-0.14500000000000002,0.0,0.0,-1.1420000000000101,0.0,0.0,1.2129999999999999,0.0,0.0,-0.012108280000000027,0.0,0.0,-0.08610828000002257,0.0,0.0
PRO  34,R PRO  34,0.0,0.0,0.0,-0.019000000000000128,0.0,0.0,-0.38299999999999557,0.0,0.0,0.39599999999999946,0.0,0.0,0.0,0.0,0.0,-0.006000000000002004,0.0,0.0
GLU  35,R GLU  35,0.0,0.0,0.0,-0.0259999999999998,0.0,0.0,11.026999999999987,0.0,0.0,-10.906000000000006,0.0,0.0,0.0,0.0,0.0,0.09499999999997044,0.0,0.0
VAL  36,R VAL  36,0.0,0.0,0.0,-0.04300000000000104,0.0,0.0,-0.4790000000000063,0.0,0.0,0.539,0.0,0.0,0.0,0.0,0.0,0.016999999999987025,0.0,0.0
ILE  37,R ILE  37,0.0,0.0,0.0,-0.008000000000000007,0.0,0.0,-0.3200000000000003,0.0,0.0,0.31800000000000006,0.0,0.0,0.0,0.0,0.0,-0.010000000000008669,0.0,0.0
PRO  38,R PRO  38,0.0,0.0,0.0,-0.004999999999999893,0.0,0.0,-0.277000000000001,0.0,0.0,0.2829999999999999,0.0,0.0,0.0,0.0,0.0,0.0009999999999887876,0.0,0.0
MET  39,R MET  39,0.0,0.0,0.0,-0.017000000000001236,0.0,0.0,-0.41899999999999693,0.0,0.0,0.4540000000000002,0.0,0.0,0.0,0.0,0.0,0.0180000000000069,0.0,0.0
PHE  40,R PHE  40,0.0,0.0,0.0,-0.006000000000000227,0.0,0.0,-0.14100000000000534,0.0,0.0,0.1429999999999998,0.0,0.0,0.0,0.0,0.0,-0.004000000000006665,0.0,0.0
SER  41,R SER  41,0.0,0.0,0.0,-0.0019999999999997797,0.0,0.0,-0.24099999999999966,0.0,0.0,0.24600000000000044,0.0,0.0,0.0,0.0,0.0,0.0030000000000054428,0.0,0.0
ALA  42,R ALA  42,0.0,0.0,0.0,-0.0019999999999997797,0.0,0.0,-0.1110000000000042,0.0,0.0,0.11399999999999988,0.0,0.0,0.0,0.0,0.0,0.0010000000000012221,0.0,0.0
LEU  43,R LEU  43,0.0,0.0,0.0,-0.006000000000000227,0.0,0.0,-0.0799999999999983,0.0,0.0,0.08400000000000007,0.0,0.0,0.0,0.0,0.0,-0.0019999999999988916,0.0,0.0
SER  44,R SER  44,0.0,0.0,0.0,-0.0009999999999994458,0.0,0.0,-0.05100000000000193,0.0,0.0,0.052000000000000046,0.0,0.0,0.0,0.0,0.0,7.105427357601002e-15,0.0,0.0
GLU  45,R GLU  45,0.0,0.0,0.0,0.0,0.0,0.0,6.445999999999998,0.0,0.0,-6.447999999999993,0.0,0.0,0.0,0.0,0.0,-0.001999999999995339,0.0,0.0
GLY  46,R GLY  46,0.0,0.0,0.0,0.0,0.0,0.0,-0.030000000000001137,0.0,0.0,0.029999999999999916,0.0,0.0,0.0,0.0,0.0,-8.881784197001252e-16,0.0,0.0
ALA  47,R ALA  47,0.0,0.0,0.0,-0.001000000000000334,0.0,0.0,0.022999999999996135,0.0,0.0,-0.021999999999999797,0.0,0.0,0.0,0.0,0.0,-8.881784197001252e-15,0.0,0.0
THR  48,R THR  48,0.0,0.0,0.0,0.0,0.0,0.0,-0.011000000000002785,0.0,0.0,0.010000000000000009,0.0,0.0,0.0,0.0,0.0,-0.0010000000000021103,0.0,0.0
PRO  49,R PRO  49,0.0,0.0,0.0,0.0,0.0,0.0,-0.0030000000000001137,0.0,0.0,0.0030000000000000027,0.0,0.0,0.0,0.0,0.0,0.0,0.0,0.0
GLN  50,R GLN  50,0.0,0.0,0.0,-0.0009999999999994458,0.0,0.0,-0.0589999999999975,0.0,0.0,0.05799999999999983,0.0,0.0,0.0,0.0,0.0,-0.001999999999995339,0.0,0.0
ASP  51,R ASP  51,0.0,0.0,0.0,-0.002000000000000668,0.0,0.0,5.438000000000002,0.0,0.0,-5.448,0.0,0.0,0.0,0.0,0.0,-0.01199999999999335,0.0,0.0
LEU  52,R LEU  52,0.0,0.0,0.0,-0.002000000000000668,0.0,0.0,-0.08599999999999852,0.0,0.0,0.08399999999999996,0.0,0.0,0.0,0.0,0.0,-0.0039999999999995595,0.0,0.0
ASN  53,R ASN  53,0.0,0.0,0.0,-0.0019999999999988916,0.0,0.0,-0.06299999999998818,0.0,0.0,0.06599999999999984,0.0,0.0,0.0,0.0,0.0,0.0010000000000047748,0.0,0.0
THR  54,R THR  54,0.0,0.0,0.0,-0.0039999999999995595,0.0,0.0,-0.277000000000001,0.0,0.0,0.28800000000000026,0.0,0.0,0.0,0.0,0.0,0.006999999999997897,0.0,0.0
MET  55,R MET  55,0.0,0.0,0.0,-0.006999999999999673,0.0,0.0,-0.23499999999999943,0.0,0.0,0.22900000000000004,0.0,0.0,0.0,0.0,0.0,-0.013000000000004341,0.0,0.0
LEU  56,R LEU  56,0.0,0.0,0.0,-0.006999999999999673,0.0,0.0,-0.20699999999999363,0.0,0.0,0.21000000000000002,0.0,0.0,0.0,0.0,0.0,-0.0039999999999995595,0.0,0.0
ASN  57,R ASN  57,0.0,0.0,0.0,-0.010999999999999233,0.0,0.0,-0.9710000000000036,0.0,0.0,1.0310000000000006,0.0,0.0,0.0,0.0,0.0,0.04899999999999238,0.0,0.0
THR  58,R THR  58,0.0,0.0,0.0,-0.03700000000000081,0.0,0.0,-0.5730000000000004,0.0,0.0,0.6959999999999997,0.0,0.0,0.0,0.0,0.0,0.08599999999999852,0.0,0.0
VAL  59,R VAL  59,0.0,0.0,0.0,-0.041999999999999815,0.0,0.0,-0.030999999999998806,0.0,0.0,0.06900000000000006,0.0,0.0,0.0,0.0,0.0,-0.003999999999997783,0.0,0.0
ALA  60,R ALA  60,0.0,0.0,0.0,-0.017999999999999794,0.0,0.0,0.47799999999999443,0.0,0.0,-0.42800000000000005,0.0,0.0,0.0,0.0,0.0,0.03199999999999292,0.0,0.0
PRO  61,R PRO  61,0.0,0.0,0.0,-0.1120000000000001,0.0,0.0,0.9819999999999993,0.0,0.0,-0.8720000000000001,0.0,0.0,0.0,0.0,0.0,-0.001999999999997115,0.0,0.0
HID  62,R HID  62,0.0,0.0,0.0,-0.47499999999999964,0.0,0.0,-2.1640000000000015,0.0,0.0,2.8949999999999996,0.0,0.0,-0.15607432000000004,0.0,0.0,0.09992567999998947,0.0,0.0
GLN  63,R GLN  63,0.0,0.0,0.0,-0.041999999999999815,0.0,0.0,0.4900000000000091,0.0,0.0,-0.3240000000000016,0.0,0.0,0.0,0.0,0.0,0.12400000000002365,0.0,0.0
ALA  64,R ALA  64,0.0,0.0,0.0,-0.011999999999999567,0.0,0.0,-0.2819999999999965,0.0,0.0,0.2969999999999997,0.0,0.0,0.0,0.0,0.0,0.0030000000000027782,0.0,0.0
ALA  65,R ALA  65,0.0,0.0,0.0,-0.016000000000000014,0.0,0.0,-0.05499999999999261,0.0,0.0,0.06800000000000006,0.0,0.0,0.0,0.0,0.0,-0.0029999999999983373,0.0,0.0
ALA  66,R ALA  66,0.0,0.0,0.0,-0.009000000000000341,0.0,0.0,0.11700000000000443,0.0,0.0,-0.10000000000000009,0.0,0.0,0.0,0.0,0.0,0.008000000000018659,0.0,0.0
GLN  67,R GLN  67,0.0,0.0,0.0,-0.006999999999999673,0.0,0.0,-0.02199999999999136,0.0,0.0,0.06099999999999994,0.0,0.0,0.0,0.0,0.0,0.03200000000001069,0.0,0.0
MET  68,R MET  68,0.0,0.0,0.0,-0.0070000000000014495,0.0,0.0,0.028999999999996362,0.0,0.0,-0.016999999999999904,0.0,0.0,0.0,0.0,0.0,0.0049999999999919,0.0,0.0
LEU  69,R LEU  69,0.0,0.0,0.0,-0.006000000000000227,0.0,0.0,-0.028999999999996362,0.0,0.0,0.03400000000000025,0.0,0.0,0.0,0.0,0.0,-0.000999999999995893,0.0,0.0
LYS  70,R LYS  70,0.0,0.0,0.0,-0.0039999999999995595,0.0,0.0,-5.878,0.0,0.0,5.926000000000002,0.0,0.0,0.0,0.0,0.0,0.04399999999999693,0.0,0.0
GLU  71,R GLU  71,0.0,0.0,0.0,-0.0019999999999997797,0.0,0.0,7.5789999999999935,0.0,0.0,-7.564999999999998,0.0,0.0,0.0,0.0,0.0,0.011999999999986244,0.0,0.0
THR  72,R THR  72,0.0,0.0,0.0,-0.0010000000000012221,0.0,0.0,-0.015000000000000568,0.0,0.0,0.019000000000000128,0.0,0.0,0.0,0.0,0.0,0.0030000000000001137,0.0,0.0
ILE  73,R ILE  73,0.0,0.0,0.0,-0.0009999999999994458,0.0,0.0,-0.045000000000001705,0.0,0.0,0.04599999999999982,0.0,0.0,0.0,0.0,0.0,-7.105427357601002e-15,0.0,0.0
ASN  74,R ASN  74,0.0,0.0,0.0,-0.001000000000000334,0.0,0.0,-0.11599999999999966,0.0,0.0,0.11700000000000088,0.0,0.0,0.0,0.0,0.0,0.0,0.0,0.0
GLU  75,R GLU  75,0.0,0.0,0.0,0.0,0.0,0.0,6.0120000000000005,0.0,0.0,-6.01100000000001,0.0,0.0,0.0,0.0,0.0,0.000999999999990564,0.0,0.0
GLU  76,R GLU  76,0.0,0.0,0.0,0.0,0.0,0.0,6.434000000000005,0.0,0.0,-6.432999999999993,0.0,0.0,0.0,0.0,0.0,0.0010000000000118803,0.0,0.0
ALA  77,R ALA  77,0.0,0.0,0.0,-0.001000000000000334,0.0,0.0,-0.0589999999999975,0.0,0.0,0.05999999999999994,0.0,0.0,0.0,0.0,0.0,-1.7763568394002505e-15,0.0,0.0
ALA  78,R ALA  78,0.0,0.0,0.0,0.0,0.0,0.0,-0.07200000000000273,0.0,0.0,0.07199999999999995,0.0,0.0,0.0,0.0,0.0,-2.6645352591003757e-15,0.0,0.0
GLU  79,R GLU  79,0.0,0.0,0.0,0.0,0.0,0.0,5.6839999999999975,0.0,0.0,-5.684000000000012,0.0,0.0,0.0,0.0,0.0,-1.4210854715202004e-14,0.0,0.0
TRP  80,R TRP  80,0.0,0.0,0.0,0.0,0.0,0.0,-0.030000000000001137,0.0,0.0,0.029999999999999805,0.0,0.0,0.0,0.0,0.0,-1.7763568394002505e-15,0.0,0.0
ASP  81,R ASP  81,0.0,0.0,0.0,0.0,0.0,0.0,5.192999999999998,0.0,0.0,-5.194000000000003,0.0,0.0,0.0,0.0,0.0,-0.0010000000000047748,0.0,0.0
ARG  82,R ARG  82,0.0,0.0,0.0,0.0,0.0,0.0,-5.698999999999998,0.0,0.0,5.698999999999998,0.0,0.0,0.0,0.0,0.0,2.842170943040401e-14,0.0,0.0
LEU  83,R LEU  83,0.0,0.0,0.0,0.0,0.0,0.0,-0.05999999999998806,0.0,0.0,0.06000000000000005,0.0,0.0,0.0,0.0,0.0,1.0658141036401503e-14,0.0,0.0
HID  84,R HID  84,0.0,0.0,0.0,-0.0010000000000012221,0.0,0.0,-0.02599999999999625,0.0,0.0,0.027000000000000135,0.0,0.0,0.0,0.0,0.0,0.0,0.0,0.0
PRO  85,R PRO  85,0.0,0.0,0.0,0.0,0.0,0.0,0.0309999999999917,0.0,0.0,-0.030999999999999694,0.0,0.0,0.0,0.0,0.0,-8.881784197001252e-15,0.0,0.0
VAL  86,R VAL  86,0.0,0.0,0.0,-0.001000000000000334,0.0,0.0,-0.02300000000000324,0.0,0.0,0.022999999999999687,0.0,0.0,0.0,0.0,0.0,-0.0010000000000083276,0.0,0.0
HID  87,R HID  87,0.0,0.0,0.0,0.0,0.0,0.0,0.04200000000000159,0.0,0.0,-0.04100000000000037,0.0,0.0,0.0,0.0,0.0,0.0010000000000012221,0.0,0.0
ALA  88,R ALA  88,0.0,0.0,0.0,0.0,0.0,0.0,-0.007000000000005002,0.0,0.0,0.006999999999999673,0.0,0.0,0.0,0.0,0.0,-7.105427357601002e-15,0.0,0.0
GLY  89,R GLY  89,0.0,0.0,0.0,-0.001000000000000112,0.0,0.0,0.03300000000000125,0.0,0.0,-0.032999999999999474,0.0,0.0,0.0,0.0,0.0,-0.0010000000000029985,0.0,0.0
PRO  90,R PRO  90,0.0,0.0,0.0,0.0,0.0,0.0,-0.007999999999995566,0.0,0.0,0.008000000000000007,0.0,0.0,0.0,0.0,0.0,7.105427357601002e-15,0.0,0.0
ILE  91,R ILE  91,0.0,0.0,0.0,0.0,0.0,0.0,-0.03100000000000591,0.0,0.0,0.03200000000000003,0.0,0.0,0.0,0.0,0.0,0.0009999999999941167,0.0,0.0
ALA  92,R ALA  92,0.0,0.0,0.0,0.0,0.0,0.0,0.04200000000000159,0.0,0.0,-0.04300000000000015,0.0,0.0,0.0,0.0,0.0,-0.0009999999999976694,0.0,0.0
PRO  93,R PRO  93,0.0,0.0,0.0,0.0,0.0,0.0,-0.0009999999999976694,0.0,0.0,0.0009999999999994458,0.0,0.0,0.0,0.0,0.0,3.552713678800501e-15,0.0,0.0
GLY  94,R GLY  94,0.0,0.0,0.0,0.0,0.0,0.0,0.005000000000009663,0.0,0.0,-0.004999999999999893,0.0,0.0,0.0,0.0,0.0,9.769962616701378e-15,0.0,0.0
GLN  95,R GLN  95,0.0,0.0,0.0,0.0,0.0,0.0,0.036000000000001364,0.0,0.0,-0.03599999999999959,0.0,0.0,0.0,0.0,0.0,7.105427357601002e-15,0.0,0.0
MET  96,R MET  96,0.0,0.0,0.0,0.0,0.0,0.0,-0.021000000000000796,0.0,0.0,0.021000000000000796,0.0,0.0,0.0,0.0,0.0,0.0,0.0,0.0
ARG  97,R ARG  97,0.0,0.0,0.0,0.0,0.0,0.0,-5.048000000000002,0.0,0.0,5.0489999999999995,0.0,0.0,0.0,0.0,0.0,0.0010000000000047748,0.0,0.0
GLU  98,R GLU  98,0.0,0.0,0.0,0.0,0.0,0.0,4.820999999999998,0.0,0.0,-4.820999999999998,0.0,0.0,0.0,0.0,0.0,0.0,0.0,0.0
PRO  99,R PRO  99,0.0,0.0,0.0,0.0,0.0,0.0,-0.009999999999990905,0.0,0.0,0.009999999999999787,0.0,0.0,0.0,0.0,0.0,7.105427357601002e-15,0.0,0.0
ARG 100,R ARG 100,0.0,0.0,0.0,0.0,0.0,0.0,-5.055999999999999,0.0,0.0,5.055999999999997,0.0,0.0,0.0,0.0,0.0,0.0,0.0,0.0
GLY 101,R GLY 101,0.0,0.0,0.0,0.0,0.0,0.0,0.012999999999991019,0.0,0.0,-0.0129999999999999,0.0,0.0,0.0,0.0,0.0,-8.881784197001252e-15,0.0,0.0
SER 102,R SER 102,0.0,0.0,0.0,-0.001000000000000334,0.0,0.0,0.003999999999997783,0.0,0.0,-0.0050000000000003375,0.0,0.0,0.0,0.0,0.0,-0.002000000000000668,0.0,0.0
ASP 103,R ASP 103,0.0,0.0,0.0,-0.0009999999999994458,0.0,0.0,5.2760000000000105,0.0,0.0,-5.277999999999999,0.0,0.0,0.0,0.0,0.0,-0.0029999999999930083,0.0,0.0
ILE 104,R ILE 104,0.0,0.0,0.0,0.0,0.0,0.0,-0.008000000000002672,0.0,0.0,0.006999999999999895,0.0,0.0,0.0,0.0,0.0,-0.0010000000000025544,0.0,0.0
ALA 105,R ALA 105,0.0,0.0,0.0,0.0,0.0,0.0,-0.01100000000000989,0.0,0.0,0.010000000000000231,0.0,0.0,0.0,0.0,0.0,-0.0010000000000096598,0.0,0.0
GLY 106,R GLY 106,0.0,0.0,0.0,0.0,0.0,0.0,-0.006000000000000227,0.0,0.0,0.005999999999999783,0.0,0.0,0.0,0.0,0.0,0.0,0.0,0.0
THR 107,R THR 107,0.0,0.0,0.0,0.0,0.0,0.0,-0.01099999999999568,0.0,0.0,0.009999999999999787,0.0,0.0,0.0,0.0,0.0,-0.0009999999999976694,0.0,0.0
THR 108,R THR 108,0.0,0.0,0.0,-0.0009999999999994458,0.0,0.0,0.0020000000000024443,0.0,0.0,-0.002000000000000224,0.0,0.0,0.0,0.0,0.0,-0.0009999999999941167,0.0,0.0
SER 109,R SER 109,0.0,0.0,0.0,-0.0009999999999994458,0.0,0.0,0.028000000000005798,0.0,0.0,-0.02900000000000036,0.0,0.0,0.0,0.0,0.0,-0.0019999999999993356,0.0,0.0
THR 110,R THR 110,0.0,0.0,0.0,0.0,0.0,0.0,0.0020000000000024443,0.0,0.0,-0.002000000000000668,0.0,0.0,0.0,0.0,0.0,1.7763568394002505e-15,0.0,0.0
LEU 111,R LEU 111,0.0,0.0,0.0,0.0,0.0,0.0,-0.012999999999998124,0.0,0.0,0.0129999999999999,0.0,0.0,0.0,0.0,0.0,1.7763568394002505e-15,0.0,0.0
GLN 112,R GLN 112,0.0,0.0,0.0,0.0,0.0,0.0,-0.001999999999995339,0.0,0.0,0.002000000000000668,0.0,0.0,0.0,0.0,0.0,1.4210854715202004e-14,0.0,0.0
GLU 113,R GLU 113,0.0,0.0,0.0,0.0,0.0,0.0,5.10799999999999,0.0,0.0,-5.107999999999997,0.0,0.0,0.0,0.0,0.0,-7.105427357601002e-15,0.0,0.0
GLN 114,R GLN 114,0.0,0.0,0.0,0.0,0.0,0.0,0.015000000000000568,0.0,0.0,-0.015000000000000124,0.0,0.0,0.0,0.0,0.0,1.4210854715202004e-14,0.0,0.0
ILE 115,R ILE 115,0.0,0.0,0.0,0.0,0.0,0.0,-0.007999999999995566,0.0,0.0,0.008000000000000007,0.0,0.0,0.0,0.0,0.0,4.440892098500626e-15,0.0,0.0
GLY 116,R GLY 116,0.0,0.0,0.0,0.0,0.0,0.0,-0.012000000000000455,0.0,0.0,0.011999999999999955,0.0,0.0,0.0,0.0,0.0,-8.881784197001252e-16,0.0,0.0
TRP 117,R TRP 117,0.0,0.0,0.0,0.0,0.0,0.0,0.030000000000001137,0.0,0.0,-0.029999999999999805,0.0,0.0,0.0,0.0,0.0,0.0,0.0,0.0
MET 118,R MET 118,0.0,0.0,0.0,0.0,0.0,0.0,-0.010000000000005116,0.0,0.0,0.008999999999999453,0.0,0.0,0.0,0.0,0.0,-0.001000000000005663,0.0,0.0
THR 119,R THR 119,0.0,0.0,0.0,0.0,0.0,0.0,-0.045000000000001705,0.0,0.0,0.04600000000000026,0.0,0.0,0.0,0.0,0.0,0.0010000000000012221,0.0,0.0
HID 120,R HID 120,0.0,0.0,0.0,0.0,0.0,0.0,-0.0030000000000001137,0.0,0.0,0.0029999999999983373,0.0,0.0,0.0,0.0,0.0,-1.7763568394002505e-15,0.0,0.0
ASN 121,R ASN 121,0.0,0.0,0.0,0.0,0.0,0.0,-0.022999999999996135,0.0,0.0,0.022999999999999687,0.0,0.0,0.0,0.0,0.0,0.0,0.0,0.0
PRO 122,R PRO 122,0.0,0.0,0.0,0.0,0.0,0.0,-0.006999999999997897,0.0,0.0,0.006999999999999673,0.0,0.0,0.0,0.0,0.0,0.0,0.0,0.0
PRO 123,R PRO 123,0.0,0.0,0.0,0.0,0.0,0.0,0.0020000000000024443,0.0,0.0,-0.0019999999999997797,0.0,0.0,0.0,0.0,0.0,0.0,0.0,0.0
ILE 124,R ILE 124,0.0,0.0,0.0,0.0,0.0,0.0,-0.0049999999999954525,0.0,0.0,0.0040000000000000036,0.0,0.0,0.0,0.0,0.0,-0.0009999999999976694,0.0,0.0
PRO 125,R PRO 125,0.0,0.0,0.0,0.0,0.0,0.0,0.028000000000005798,0.0,0.0,-0.028000000000000025,0.0,0.0,0.0,0.0,0.0,7.105427357601002e-15,0.0,0.0
VAL 126,R VAL 126,0.0,0.0,0.0,-0.0010000000000012221,0.0,0.0,0.04100000000000392,0.0,0.0,-0.040999999999999925,0.0,0.0,0.0,0.0,0.0,-0.0009999999999941167,0.0,0.0
GLY 127,R GLY 127,0.0,0.0,0.0,-0.001000000000000334,0.0,0.0,0.04399999999999693,0.0,0.0,-0.04500000000000037,0.0,0.0,0.0,0.0,0.0,-0.0020000000000077733,0.0,0.0
GLU 128,R GLU 128,0.0,0.0,0.0,-0.0009999999999994458,0.0,0.0,6.167000000000002,0.0,0.0,-6.168999999999997,0.0,0.0,0.0,0.0,0.0,-0.002999999999985903,0.0,0.0
ILE 129,R ILE 129,0.0,0.0,0.0,-0.0009999999999994458,0.0,0.0,0.08899999999999864,0.0,0.0,-0.08800000000000001,0.0,0.0,0.0,0.0,0.0,-6.217248937900877e-15,0.0,0.0
TYR 130,R TYR 130,0.0,0.0,0.0,-0.0010000000000012221,0.0,0.0,0.10999999999999943,0.0,0.0,-0.10799999999999998,0.0,0.0,0.0,0.0,0.0,0.0010000000000083276,0.0,0.0
LYS 131,R LYS 131,0.0,0.0,0.0,-0.0009999999999994458,0.0,0.0,-6.203000000000003,0.0,0.0,6.207999999999998,0.0,0.0,0.0,0.0,0.0,0.003999999999990678,0.0,0.0
ARG 132,R ARG 132,0.0,0.0,0.0,-0.0009999999999994458,0.0,0.0,-6.747,0.0,0.0,6.747999999999999,0.0,0.0,0.0,0.0,0.0,0.0,0.0,0.0
TRP 133,R TRP 133,0.0,0.0,0.0,-0.0019999999999988916,0.0,0.0,0.11999999999999034,0.0,0.0,-0.11800000000000033,0.0,0.0,0.0,0.0,0.0,-2.1316282072803006e-14,0.0,0.0
ILE 134,R ILE 134,0.0,0.0,0.0,-0.0030000000000001137,0.0,0.0,0.1839999999999975,0.0,0.0,-0.18,0.0,0.0,0.0,0.0,0.0,0.0009999999999973919,0.0,0.0
ILE 135,R ILE 135,0.0,0.0,0.0,-0.002000000000000668,0.0,0.0,0.21000000000000085,0.0,0.0,-0.21099999999999997,0.0,0.0,0.0,0.0,0.0,-0.0030000000000081073,0.0,0.0
LEU 136,R LEU 136,0.0,0.0,0.0,-0.0010000000000012221,0.0,0.0,0.25,0.0,0.0,-0.2469999999999999,0.0,0.0,0.0,0.0,0.0,0.0020000000000095497,0.0,0.0
GLY 137,R GLY 137,0.0,0.0,0.0,-0.0030000000000001137,0.0,0.0,0.3459999999999894,0.0,0.0,-0.34299999999999997,0.0,0.0,0.0,0.0,0.0,-1.0658141036401503e-14,0.0,0.0
LEU 138,R LEU 138,0.0,0.0,0.0,-0.012000000000000455,0.0,0.0,0.4549999999999983,0.0,0.0,-0.45100000000000007,0.0,0.0,0.0,0.0,0.0,-0.008000000000002672,0.0,0.0
ASN 139,R ASN 139,0.0,0.0,0.0,-0.0039999999999995595,0.0,0.0,0.590999999999994,0.0,0.0,-0.5739999999999998,0.0,0.0,0.0,0.0,0.0,0.01300000000000523,0.0,0.0
LYS 140,R LYS 140,0.0,0.0,0.0,-0.006000000000000227,0.0,0.0,-7.670999999999992,0.0,0.0,7.683,0.0,0.0,0.0,0.0,0.0,0.006000000000007333,0.0,0.0
ILE 141,R ILE 141,0.0,0.0,0.0,-0.03399999999999892,0.0,0.0,0.8519999999999897,0.0,0.0,-0.8039999999999998,0.0,0.0,0.0,0.0,0.0,0.013999999999985135,0.0,0.0
VAL 142,R VAL 142,0.0,0.0,0.0,-0.021999999999998465,0.0,0.0,0.7819999999999965,0.0,0.0,-0.75,0.0,0.0,0.0,0.0,0.0,0.00999999999999801,0.0,0.0
ARG 143,R ARG 143,0.0,0.0,0.0,-0.009000000000000341,0.0,0.0,-9.5,0.0,0.0,9.519000000000002,0.0,0.0,0.0,0.0,0.0,0.009999999999990905,0.0,0.0
MET 144,R MET 144,0.0,0.0,0.0,-0.02800000000000047,0.0,0.0,0.26900000000000546,0.0,0.0,-0.20800000000000018,0.0,0.0,0.0,0.0,0.0,0.032999999999999474,0.0,0.0
TYR 145,R TYR 145,0.0,0.0,0.0,-1.8849999999999998,0.0,0.0,-1.9470000000000027,0.0,0.0,2.773999999999999,0.0,0.0,-0.3449775800000001,0.0,0.0,-1.4029775800000088,0.0,0.0
SER 146,R SER 146,0.0,0.0,0.0,-0.22699999999999987,0.0,0.0,-0.394999999999996,0.0,0.0,0.8179999999999996,0.0,0.0,0.0,0.0,0.0,0.19600000000001394,0.0,0.0
PRO 147,R PRO 147,0.0,0.0,0.0,-1.0230000000000001,0.0,0.0,-6.2450000000000045,0.0,0.0,5.213,0.0,0.0,-0.0656470400000001,0.0,0.0,-2.1206470400000015,0.0,0.0
THR 148,R THR 148,0.0,0.0,0.0,-0.9010000000000002,0.0,0.0,-9.653999999999996,0.0,0.0,5.762999999999999,0.0,0.0,-0.33993698000000006,0.0,0.0,-5.131936979999994,0.0,0.0
SER 149,R SER 149,0.0,0.0,0.0,-1.5580000000000003,0.0,0.0,-9.103000000000002,0.0,0.0,8.308,0.0,0.0,-0.33767141999999994,0.0,0.0,-2.6906714200000024,0.0,0.0
ILE 150,R ILE 150,19.44899999999999,0.0,0.0,-7.061,0.0,0.0,-27.700000000000003,0.0,0.0,6.843999999999999,0.0,0.0,-1.07743096,0.0,0.0,-9.545430960000013,0.0,0.0
LEU 151,L LEU   1,20.607000000000006,0.0,0.0,-2.1239999999999997,0.0,0.0,-25.007000000000005,0.0,0.0,0.22499999999999964,0.0,0.0,-0.2203663600000001,0.0,0.0,-6.51936636,0.0,0.0
ASP 152,L ASP   2,0.0,0.0,0.0,-0.7330000000000001,0.0,0.0,0.6700000000000017,0.0,0.0,-1.2690000000000055,0.0,0.0,-0.19431241999999993,0.0,0.0,-1.5263124200000036,0.0,0.0
ILE 153,L ILE   3,0.0,0.0,0.0,-1.9859999999999998,0.0,0.0,-0.5519999999999925,0.0,0.0,0.4849999999999999,0.0,0.0,-0.14462728000000002,0.0,0.0,-2.197627279999983,0.0,0.0
ARG 154,L ARG   4,0.0,0.0,0.0,-0.11000000000000032,0.0,0.0,-8.764000000000003,0.0,0.0,8.88,0.0,0.0,0.0,0.0,0.0,0.005999999999971806,0.0,0.0
GLN 155,L GLN   5,0.0,0.0,0.0,-0.012000000000000455,0.0,0.0,-0.017000000000010118,0.0,0.0,0.028999999999999915,0.0,0.0,0.0,0.0,0.0,0.0,0.0,0.0
GLY 156,L GLY   6,0.0,0.0,0.0,-0.0030000000000001137,0.0,0.0,-0.012000000000000455,0.0,0.0,0.01499999999999968,0.0,0.0,0.0,0.0,0.0,-8.881784197001252e-16,0.0,0.0
PRO 157,L PRO   7,0.0,0.0,0.0,-0.0019999999999997797,0.0,0.0,-0.02400000000000091,0.0,0.0,0.0259999999999998,0.0,0.0,0.0,0.0,0.0,7.105427357601002e-15,0.0,0.0
LYS 158,L LYS   8,0.0,0.0,0.0,-0.002000000000000224,0.0,0.0,-6.789999999999992,0.0,0.0,6.790999999999997,0.0,0.0,0.0,0.0,0.0,-0.000999999999990564,0.0,0.0
GLU 159,L GLU   9,0.0,0.0,0.0,-0.007000000000000561,0.0,0.0,9.340999999999994,0.0,0.0,-9.285,0.0,0.0,0.0,0.0,0.0,0.049000000000006594,0.0,0.0
PRO 160,L PRO  10,0.0,0.0,0.0,-0.0030000000000001137,0.0,0.0,0.23499999999999943,0.0,0.0,-0.2320000000000002,0.0,0.0,0.0,0.0,0.0,0.0,0.0,0.0
PHE 161,L PHE  11,0.0,0.0,0.0,-0.006999999999999673,0.0,0.0,0.3089999999999975,0.0,0.0,-0.30400000000000027,0.0,0.0,0.0,0.0,0.0,-0.0019999999999935625,0.0,0.0
ARG 162,L ARG  12,0.0,0.0,0.0,-0.006000000000000227,0.0,0.0,-7.2059999999999995,0.0,0.0,7.212000000000003,0.0,0.0,0.0,0.0,0.0,-2.842170943040401e-14,0.0,0.0
ASP 163,L ASP  13,0.0,0.0,0.0,-0.008000000000000007,0.0,0.0,9.200000000000003,0.0,0.0,-9.14,0.0,0.0,0.0,0.0,0.0,0.0519999999999925,0.0,0.0
TYR 164,L TYR  14,0.0,0.0,0.0,-0.04199999999999804,0.0,0.0,0.6039999999999992,0.0,0.0,-0.5680000000000003,0.0,0.0,0.0,0.0,0.0,-0.00600000000000378,0.0,0.0
VAL 165,L VAL  15,0.0,0.0,0.0,-0.019000000000000128,0.0,0.0,0.5609999999999999,0.0,0.0,-0.556,0.0,0.0,0.0,0.0,0.0,-0.014000000000004675,0.0,0.0
ASP 166,L ASP  16,0.0,0.0,0.0,-0.02400000000000002,0.0,0.0,12.864999999999995,0.0,0.0,-12.677999999999997,0.0,0.0,0.0,0.0,0.0,0.1629999999999967,0.0,0.0
ARG 167,L ARG  17,0.0,0.0,0.0,-0.0860000000000003,0.0,0.0,-10.397,0.0,0.0,10.52,0.0,0.0,0.0,0.0,0.0,0.03700000000000614,0.0,0.0
PHE 168,L PHE  18,0.0,0.0,0.0,-0.6820000000000004,0.0,0.0,0.24399999999999977,0.0,0.0,-0.06299999999999997,0.0,0.0,-0.02416236,0.0,0.0,-0.5251623600000024,0.0,0.0
TYR 169,L TYR  19,0.0,0.0,0.0,-0.10899999999999999,0.0,0.0,1.2819999999999965,0.0,0.0,-1.1110000000000002,0.0,0.0,0.0,0.0,0.0,0.06200000000000161,0.0,0.0
LYS 170,L LYS  20,0.0,0.0,0.0,-0.16500000000000004,0.0,0.0,-12.361999999999995,0.0,0.0,12.658,0.0,0.0,0.0,0.0,0.0,0.13100000000001089,0.0,0.0
THR 171,L THR  21,0.0,0.0,0.0,-1.2009999999999996,0.0,0.0,0.20299999999999585,0.0,0.0,0.2709999999999999,0.0,0.0,-0.13990646,0.0,0.0,-0.8669064600000063,0.0,0.0
LEU 172,L LEU  22,0.0,0.0,0.0,-0.8239999999999998,0.0,0.0,0.7980000000000018,0.0,0.0,-0.6709999999999998,0.0,0.0,-0.07383124,0.0,0.0,-0.7708312400000032,0.0,0.0
ARG 173,L ARG  23,0.0,0.0,0.0,-1.6940000000000008,0.0,0.0,-46.76,0.0,0.0,42.946000000000005,0.0,0.0,-0.2677642600000001,0.0,0.0,-5.775764259999988,0.0,0.0
ALA 174,L ALA  24,0.0,0.0,0.0,-1.141,0.0,0.0,-1.1319999999999908,0.0,0.0,1.5060000000000002,0.0,0.0,-0.23624696,0.0,0.0,-1.0032469599999962,0.0,0.0
GLU 175,L GLU  25,0.0,0.0,0.0,-2.2510000000000003,0.0,0.0,-1.8440000000000083,0.0,0.0,6.947000000000003,0.0,0.0,-0.53129008,0.0,0.0,2.3207099199999845,0.0,0.0
GLN 176,L GLN  26,0.0,0.0,0.0,-5.356,0.0,0.0,-4.6640000000000015,0.0,0.0,7.450999999999999,0.0,0.0,-0.7597864400000001,0.0,0.0,-3.328786440000002,0.0,0.0
ALA 177,L ALA  27,0.0,0.0,0.0,-0.6669999999999998,0.0,0.0,4.327999999999989,0.0,0.0,-3.4930000000000003,0.0,0.0,-0.05101304,0.0,0.0,0.11698695999998687,0.0,0.0
SER 178,L SER  28,0.0,0.0,0.0,-0.4980000000000002,0.0,0.0,-1.9909999999999997,0.0,0.0,1.9910000000000005,0.0,0.0,-0.07333260000000003,0.0,0.0,-0.5713325999999896,0.0,0.0
GLN 179,L GLN  29,0.0,0.0,0.0,-0.40700000000000003,0.0,0.0,-3.2959999999999994,0.0,0.0,3.6809999999999974,0.0,0.0,-0.07373910000000017,0.0,0.0,-0.09573910000000296,0.0,0.0
GLU 180,L GLU  30,0.0,0.0,0.0,-0.04600000000000026,0.0,0.0,9.63900000000001,0.0,0.0,-9.439000000000007,0.0,0.0,0.0,0.0,0.0,0.15399999999999636,0.0,0.0
VAL 181,L VAL  31,0.0,0.0,0.0,-0.07400000000000073,0.0,0.0,-0.7659999999999982,0.0,0.0,0.8519999999999999,0.0,0.0,0.0,0.0,0.0,0.011999999999996902,0.0,0.0
LYS 182,L LYS  32,0.0,0.0,0.0,-0.45399999999999885,0.0,0.0,-38.488,0.0,0.0,39.078,0.0,0.0,-0.10783090000000002,0.0,0.0,0.02816910000001016,0.0,0.0
ASN 183,L ASN  33,0.0,0.0,0.0,-0.018000000000000682,0.0,0.0,-0.28299999999998704,0.0,0.0,0.3089999999999993,0.0,0.0,0.0,0.0,0.0,0.008000000000009777,0.0,0.0
TRP 184,L TRP  34,0.0,0.0,0.0,-0.041999999999999815,0.0,0.0,-0.09199999999999875,0.0,0.0,0.1479999999999997,0.0,0.0,0.0,0.0,0.0,0.014000000000013557,0.0,0.0
MET 185,L MET  35,0.0,0.0,0.0,-0.359,0.0,0.0,-0.563999999999993,0.0,0.0,0.6600000000000001,0.0,0.0,-0.07222692000000003,0.0,0.0,-0.3352269199999873,0.0,0.0
THR 186,L THR  36,0.0,0.0,0.0,-0.020000000000000462,0.0,0.0,-0.21300000000000097,0.0,0.0,0.22499999999999998,0.0,0.0,0.0,0.0,0.0,-0.008000000000002672,0.0,0.0
GLU 187,L GLU  37,0.0,0.0,0.0,-0.008000000000000007,0.0,0.0,8.287999999999997,0.0,0.0,-8.233000000000004,0.0,0.0,0.0,0.0,0.0,0.046999999999997044,0.0,0.0
THR 188,L THR  38,0.0,0.0,0.0,-0.019999999999999574,0.0,0.0,-0.10299999999999443,0.0,0.0,0.125,0.0,0.0,0.0,0.0,0.0,0.0020000000000024443,0.0,0.0
LEU 189,L LEU  39,0.0,0.0,0.0,-0.6550000000000002,0.0,0.0,-0.28300000000000125,0.0,0.0,0.22399999999999998,0.0,0.0,-0.07212393999999998,0.0,0.0,-0.7861239400000013,0.0,0.0
LEU 190,L LEU  40,0.0,0.0,0.0,-0.0470000000000006,0.0,0.0,-0.11299999999999955,0.0,0.0,0.122,0.0,0.0,0.0,0.0,0.0,-0.0379999999999967,0.0,0.0
VAL 191,L VAL  41,0.0,0.0,0.0,-0.008999999999999453,0.0,0.0,-0.027999999999998693,0.0,0.0,0.04200000000000004,0.0,0.0,0.0,0.0,0.0,0.00500000000000167,0.0,0.0
GLN 192,L GLN  42,0.0,0.0,0.0,-0.020999999999999908,0.0,0.0,-0.3289999999999935,0.0,0.0,0.36600000000000055,0.0,0.0,0.0,0.0,0.0,0.016000000000005343,0.0,0.0
ASN 193,L ASN  43,0.0,0.0,0.0,-0.22399999999999842,0.0,0.0,-1.4620000000000033,0.0,0.0,1.4060000000000001,0.0,0.0,0.0,0.0,0.0,-0.28000000000001535,0.0,0.0
ALA 194,L ALA  44,0.0,0.0,0.0,-0.005999999999999339,0.0,0.0,0.0,0.0,0.0,0.008000000000000007,0.0,0.0,0.0,0.0,0.0,0.002000000000000668,0.0,0.0
ASN 195,L ASN  45,0.0,0.0,0.0,-0.0039999999999995595,0.0,0.0,0.046999999999997044,0.0,0.0,-0.03500000000000014,0.0,0.0,0.0,0.0,0.0,0.007999999999995566,0.0,0.0
PRO 196,L PRO  46,0.0,0.0,0.0,-0.0009999999999998899,0.0,0.0,0.03999999999999915,0.0,0.0,-0.04100000000000015,0.0,0.0,0.0,0.0,0.0,-0.002000000000005997,0.0,0.0
ASP 197,L ASP  47,0.0,0.0,0.0,-0.001000000000000334,0.0,0.0,6.361000000000004,0.0,0.0,-6.352999999999994,0.0,0.0,0.0,0.0,0.0,0.007000000000019213,0.0,0.0
CYX 198,L CYX  48,0.0,0.0,0.0,-0.002000000000000668,0.0,0.0,-0.11700000000000443,0.0,0.0,0.121,0.0,0.0,0.0,0.0,0.0,0.002000000000000668,0.0,0.0
LYS 199,L LYS  49,0.0,0.0,0.0,-0.004000000000001336,0.0,0.0,-7.513999999999996,0.0,0.0,7.5269999999999975,0.0,0.0,0.0,0.0,0.0,0.008999999999996788,0.0,0.0
THR 200,L THR  50,0.0,0.0,0.0,-0.001000000000000334,0.0,0.0,-0.10099999999999909,0.0,0.0,0.10199999999999987,0.0,0.0,0.0,0.0,0.0,-3.552713678800501e-15,0.0,0.0
ILE 201,L ILE  51,0.0,0.0,0.0,-0.001000000000000334,0.0,0.0,-0.10099999999999909,0.0,0.0,0.10099999999999998,0.0,0.0,0.0,0.0,0.0,-0.0010000000000047748,0.0,0.0
LEU 202,L LEU  52,0.0,0.0,0.0,-0.002000000000000668,0.0,0.0,-0.09999999999999432,0.0,0.0,0.10099999999999998,0.0,0.0,0.0,0.0,0.0,-0.0009999999999896758,0.0,0.0
LYS 203,L LYS  53,0.0,0.0,0.0,-0.001000000000000334,0.0,0.0,-6.399000000000001,0.0,0.0,6.399000000000001,0.0,0.0,0.0,0.0,0.0,-0.0010000000000047748,0.0,0.0
ALA 204,L ALA  54,0.0,0.0,0.0,-0.0009999999999998899,0.0,0.0,-0.08100000000000307,0.0,0.0,0.08099999999999952,0.0,0.0,0.0,0.0,0.0,-0.0009999999999941167,0.0,0.0
LEU 205,L LEU  55,0.0,0.0,0.0,-0.001000000000000334,0.0,0.0,-0.10699999999999932,0.0,0.0,0.1070000000000002,0.0,0.0,0.0,0.0,0.0,-0.0010000000000029985,0.0,0.0
GLY 206,L GLY  56,0.0,0.0,0.0,0.0,0.0,0.0,0.12400000000000944,0.0,0.0,-0.12199999999999989,0.0,0.0,0.0,0.0,0.0,0.0020000000000095497,0.0,0.0
PRO 207,L PRO  57,0.0,0.0,0.0,0.0,0.0,0.0,-0.07399999999999807,0.0,0.0,0.07399999999999984,0.0,0.0,0.0,0.0,0.0,0.0,0.0,0.0
GLY 208,L GLY  58,0.0,0.0,0.0,0.0,0.0,0.0,-0.08899999999999864,0.0,0.0,0.08999999999999986,0.0,0.0,0.0,0.0,0.0,0.0010000000000012221,0.0,0.0
ALA 209,L ALA  59,0.0,0.0,0.0,-0.001000000000000334,0.0,0.0,0.18099999999999739,0.0,0.0,-0.17600000000000016,0.0,0.0,0.0,0.0,0.0,0.003999999999992454,0.0,0.0
THR 210,L THR  60,0.0,0.0,0.0,-0.0019999999999997797,0.0,0.0,-0.07699999999999818,0.0,0.0,0.08199999999999985,0.0,0.0,0.0,0.0,0.0,0.0030000000000001137,0.0,0.0
LEU 211,L LEU  61,0.0,0.0,0.0,-0.008000000000000007,0.0,0.0,-0.1770000000000067,0.0,0.0,0.18200000000000038,0.0,0.0,0.0,0.0,0.0,-0.0030000000000089955,0.0,0.0
GLU 212,L GLU  62,0.0,0.0,0.0,-0.0030000000000001137,0.0,0.0,7.655999999999999,0.0,0.0,-7.628,0.0,0.0,0.0,0.0,0.0,0.02499999999999858,0.0,0.0
GLU 213,L GLU  63,0.0,0.0,0.0,-0.002000000000000668,0.0,0.0,6.282999999999994,0.0,0.0,-6.275000000000006,0.0,0.0,0.0,0.0,0.0,0.005999999999978911,0.0,0.0
MET 214,L MET  64,0.0,0.0,0.0,-0.004000000000001336,0.0,0.0,-0.17600000000000193,0.0,0.0,0.17899999999999983,0.0,0.0,0.0,0.0,0.0,-0.0010000000000065512,0.0,0.0
MET 215,L MET  65,0.0,0.0,0.0,-0.004999999999999005,0.0,0.0,-0.10699999999999932,0.0,0.0,0.11099999999999977,0.0,0.0,0.0,0.0,0.0,-0.0009999999999950049,0.0,0.0
THR 216,L THR  66,0.0,0.0,0.0,-0.001000000000000334,0.0,0.0,-0.1039999999999992,0.0,0.0,0.10500000000000043,0.0,0.0,0.0,0.0,0.0,3.552713678800501e-15,0.0,0.0
ALA 217,L ALA  67,0.0,0.0,0.0,0.0,0.0,0.0,-0.10699999999999932,0.0,0.0,0.1070000000000002,0.0,0.0,0.0,0.0,0.0,8.881784197001252e-16,0.0,0.0
CYX 218,L CYX  68,0.0,0.0,0.0,-0.0009999999999994458,0.0,0.0,0.023000000000010346,0.0,0.0,-0.02100000000000013,0.0,0.0,0.0,0.0,0.0,0.0010000000000198739,0.0,0.0
GLN 219,L GLN  69,0.0,0.0,0.0,-0.001000000000000334,0.0,0.0,0.060000000000002274,0.0,0.0,-0.05999999999999872,0.0,0.0,0.0,0.0,0.0,-0.000999999999990564,0.0,0.0
GLY 220,L GLY  70,0.0,0.0,0.0,0.0,0.0,0.0,-0.016000000000005343,0.0,0.0,0.01699999999999946,0.0,0.0,0.0,0.0,0.0,0.0009999999999941167,0.0,0.0
VAL 221,L VAL  71,0.0,0.0,0.0,0.0,0.0,0.0,6.765000000000008,0.0,0.0,-6.759999999999998,0.0,0.0,0.0,0.0,0.0,0.005000000000023874,0.0,0.0

idecomp = 1: Per-residue decomp adding 1-4 interactions to Internal.
Energy Decomposition Analysis (All units kcal/mol): Poisson Boltzmann solvent
Complex:
Total Energy Decomposition:
Residue,Internal,,,van der Waals,,,Electrostatic,,,Polar Solvation,,,Non-Polar Solv.,,,TOTAL,,
,Avg.,Std. Dev.,Std. Err. of Mean,Avg.,Std. Dev.,Std. Err. of Mean,Avg.,Std. Dev.,Std. Err. of Mean,Avg.,Std. Dev.,Std. Err. of Mean,Avg.,Std. Dev.,Std. Err. of Mean,Avg.,Std. Dev.,Std. Err. of Mean
PRO   1,102.265,0.0,0.0,-4.213,0.0,0.0,-110.266,0.0,0.0,13.082,0.0,0.0,0.0,0.0,0.0,0.8680000000000021,0.0,0.0
ILE   2,86.69,0.0,0.0,-8.71,0.0,0.0,-64.802,0.0,0.0,-4.295,0.0,0.0,0.0,0.0,0.0,8.882999999999983,0.0,0.0
VAL   3,56.279,0.0,0.0,-6.263,0.0,0.0,-59.569,0.0,0.0,0.511,0.0,0.0,0.0,0.0,0.0,-9.041999999999998,0.0,0.0
GLN   4,23.357,0.0,0.0,-7.121,0.0,0.0,-61.711,0.0,0.0,-11.18,0.0,0.0,0.0,0.0,0.0,-56.655,0.0,0.0
ASN   5,31.147,0.0,0.0,-8.582,0.0,0.0,-79.159,0.0,0.0,-9.816,0.0,0.0,0.0,0.0,0.0,-66.41000000000001,0.0,0.0
LEU   6,80.366,0.0,0.0,-3.696,0.0,0.0,-70.848,0.0,0.0,-7.209,0.0,0.0,0.0,0.0,0.0,-1.386999999999997,0.0,0.0
GLN   7,34.533,0.0,0.0,-5.743,0.0,0.0,-74.857,0.0,0.0,-11.817,0.0,0.0,0.0,0.0,0.0,-57.884,0.0,0.0
GLY   8,81.265,0.0,0.0,-2.988,0.0,0.0,-75.758,0.0,0.0,-3.161,0.0,0.0,0.0,0.0,0.0,-0.6419999999999946,0.0,0.0
GLN   9,41.771,0.0,0.0,-6.487,0.0,0.0,-78.854,0.0,0.0,-8.848,0.0,0.0,0.0,0.0,0.0,-52.418,0.0,0.0
MET  10,103.401,0.0,0.0,-9.147,0.0,0.0,-80.872,0.0,0.0,-2.558,0.0,0.0,0.0,0.0,0.0,10.823999999999991,0.0,0.0
VAL  11,51.786,0.0,0.0,-7.452,0.0,0.0,-49.266,0.0,0.0,-1.235,0.0,0.0,0.0,0.0,0.0,-6.166999999999995,0.0,0.0
HID  12,92.123,0.0,0.0,-11.77,0.0,0.0,-62.376,0.0,0.0,-4.849,0.0,0.0,0.0,0.0,0.0,13.12800000000001,0.0,0.0
GLN  13,32.478,0.0,0.0,-6.291,0.0,0.0,-71.907,0.0,0.0,-11.353,0.0,0.0,0.0,0.0,0.0,-57.073,0.0,0.0
ALA  14,94.774,0.0,0.0,-4.639,0.0,0.0,-80.311,0.0,0.0,-2.034,0.0,0.0,0.0,0.0,0.0,7.789999999999998,0.0,0.0
ILE  15,98.326,0.0,0.0,-9.267,0.0,0.0,-75.852,0.0,0.0,-3.148,0.0,0.0,0.0,0.0,0.0,10.058999999999994,0.0,0.0
SER  16,75.106,0.0,0.0,-5.002,0.0,0.0,-53.814,0.0,0.0,-7.638,0.0,0.0,0.0,0.0,0.0,8.652,0.0,0.0
PRO  17,91.483,0.0,0.0,-4.493,0.0,0.0,-58.847,0.0,0.0,-3.8,0.0,0.0,0.0,0.0,0.0,24.343000000000007,0.0,0.0
ARG  18,-182.097,0.0,0.0,-6.225,0.0,0.0,61.869,0.0,0.0,-36.209,0.0,0.0,0.0,0.0,0.0,-162.662,0.0,0.0
THR  19,44.633,0.0,0.0,-8.694,0.0,0.0,-52.852,0.0,0.0,-3.85,0.0,0.0,0.0,0.0,0.0,-20.762999999999998,0.0,0.0
LEU  20,58.615,0.0,0.0,-9.543,0.0,0.0,-60.568,0.0,0.0,-1.038,0.0,0.0,0.0,0.0,0.0,-12.533999999999995,0.0,0.0
ASN  21,18.433,0.0,0.0,-6.544,0.0,0.0,-68.667,0.0,0.0,-14.063,0.0,0.0,0.0,0.0,0.0,-70.84100000000001,0.0,0.0
ALA  22,92.314,0.0,0.0,-5.505,0.0,0.0,-81.043,0.0,0.0,-1.718,0.0,0.0,0.0,0.0,0.0,4.047999999999991,0.0,0.0
TRP  23,129.788,0.0,0.0,-18.501,0.0,0.0,-96.827,0.0,0.0,-1.501,0.0,0.0,0.0,0.0,0.0,12.959000000000009,0.0,0.0
VAL  24,66.493,0.0,0.0,-7.487,0.0,0.0,-60.254,0.0,0.0,-2.647,0.0,0.0,0.0,0.0,0.0,-3.8950000000000045,0.0,0.0
LYS  25,130.375,0.0,0.0,-8.527,0.0,0.0,-119.697,0.0,0.0,-9.772,0.0,0.0,0.0,0.0,0.0,-7.621000000000004,0.0,0.0
VAL  26,65.416,0.0,0.0,-8.841,0.0,0.0,-70.371,0.0,0.0,-1.316,0.0,0.0,0.0,0.0,0.0,-15.112,0.0,0.0
VAL  27,45.212,0.0,0.0,-8.852,0.0,0.0,-46.583,0.0,0.0,-3.0,0.0,0.0,0.0,0.0,0.0,-13.222999999999999,0.0,0.0
GLU  28,97.815,0.0,0.0,-8.949,0.0,0.0,-99.062,0.0,0.0,-33.116,0.0,0.0,0.0,0.0,0.0,-43.312,0.0,0.0
GLU  29,105.916,0.0,0.0,-8.27,0.0,0.0,-88.113,0.0,0.0,-60.834,0.0,0.0,0.0,0.0,0.0,-51.301,0.0,0.0
LYS  30,120.881,0.0,0.0,-8.471,0.0,0.0,-118.993,0.0,0.0,4.901,0.0,0.0,0.0,0.0,0.0,-1.6819999999999986,0.0,0.0
ALA  31,85.618,0.0,0.0,-4.111,0.0,0.0,-74.039,0.0,0.0,-3.329,0.0,0.0,0.0,0.0,0.0,4.138999999999989,0.0,0.0
PHE  32,103.68,0.0,0.0,-12.273,0.0,0.0,-77.398,0.0,0.0,-3.132,0.0,0.0,0.0,0.0,0.0,10.877000000000015,0.0,0.0
SER  33,85.29,0.0,0.0,-2.814,0.0,0.0,-64.683,0.0,0.0,-1.127,0.0,0.0,0.0,0.0,0.0,16.665999999999993,0.0,0.0
PRO  34,76.481,0.0,0.0,-5.229,0.0,0.0,-55.949,0.0,0.0,-2.295,0.0,0.0,0.0,0.0,0.0,13.007999999999997,0.0,0.0
GLU  35,105.87,0.0,0.0,-4.561,0.0,0.0,-83.671,0.0,0.0,-75.541,0.0,0.0,0.0,0.0,0.0,-57.903000000000006,0.0,0.0
VAL  36,51.079,0.0,0.0,-10.868,0.0,0.0,-53.142,0.0,0.0,0.141,0.0,0.0,0.0,0.0,0.0,-12.790000000000004,0.0,0.0
ILE  37,88.503,0.0,0.0,-7.852,0.0,0.0,-58.732,0.0,0.0,-0.526,0.0,0.0,0.0,0.0,0.0,21.392999999999997,0.0,0.0
PRO  38,80.832,0.0,0.0,-5.653,0.0,0.0,-59.326,0.0,0.0,-1.109,0.0,0.0,0.0,0.0,0.0,14.743999999999987,0.0,0.0
MET  39,89.308,0.0,0.0,-9.595,0.0,0.0,-72.164,0.0,0.0,-1.148,0.0,0.0,0.0,0.0,0.0,6.401000000000007,0.0,0.0
PHE  40,108.318,0.0,0.0,-14.56,0.0,0.0,-82.424,0.0,0.0,-1.493,0.0,0.0,0.0,0.0,0.0,9.840999999999989,0.0,0.0
SER  41,61.686,0.0,0.0,-6.656,0.0,0.0,-45.163,0.0,0.0,-11.712,0.0,0.0,0.0,0.0,0.0,-1.8449999999999953,0.0,0.0
ALA  42,85.493,0.0,0.0,-5.082,0.0,0.0,-65.897,0.0,0.0,-3.616,0.0,0.0,0.0,0.0,0.0,10.897999999999996,0.0,0.0
LEU  43,72.4,0.0,0.0,-8.176,0.0,0.0,-77.11,0.0,0.0,-1.337,0.0,0.0,0.0,0.0,0.0,-14.222999999999995,0.0,0.0
SER  44,72.667,0.0,0.0,-6.672,0.0,0.0,-77.263,0.0,0.0,0.741,0.0,0.0,0.0,0.0,0.0,-10.527000000000001,0.0,0.0
GLU  45,100.304,0.0,0.0,-4.369,0.0,0.0,-64.552,0.0,0.0,-92.306,0.0,0.0,0.0,0.0,0.0,-60.923,0.0,0.0
GLY  46,66.768,0.0,0.0,-3.312,0.0,0.0,-68.773,0.0,0.0,0.073,0.0,0.0,0.0,0.0,0.0,-5.243999999999993,0.0,0.0
ALA  47,103.469,0.0,0.0,-7.037,0.0,0.0,-87.009,0.0,0.0,-1.468,0.0,0.0,0.0,0.0,0.0,7.954999999999988,0.0,0.0
THR  48,62.778,0.0,0.0,-9.863,0.0,0.0,-58.935,0.0,0.0,-1.092,0.0,0.0,0.0,0.0,0.0,-7.112000000000004,0.0,0.0
PRO  49,73.786,0.0,0.0,-10.952,0.0,0.0,-54.265,0.0,0.0,0.782,0.0,0.0,0.0,0.0,0.0,9.351000000000003,0.0,0.0
GLN  50,31.397,0.0,0.0,-7.983,0.0,0.0,-75.63,0.0,0.0,-3.361,0.0,0.0,0.0,0.0,0.0,-55.57699999999999,0.0,0.0
ASP  51,87.79,0.0,0.0,-8.481,0.0,0.0,-119.214,0.0,0.0,-23.376,0.0,0.0,0.0,0.0,0.0,-63.28099999999999,0.0,0.0
LEU  52,68.591,0.0,0.0,-12.997,0.0,0.0,-70.635,0.0,0.0,0.844,0.0,0.0,0.0,0.0,0.0,-14.197000000000012,0.0,0.0
ASN  53,36.807,0.0,0.0,-8.6,0.0,0.0,-94.707,0.0,0.0,-5.846,0.0,0.0,0.0,0.0,0.0,-72.346,0.0,0.0
THR  54,47.611,0.0,0.0,-6.651,0.0,0.0,-58.654,0.0,0.0,-2.384,0.0,0.0,0.0,0.0,0.0,-20.07800000000001,0.0,0.0
MET  55,85.653,0.0,0.0,-12.706,0.0,0.0,-68.81,0.0,0.0,-0.089,0.0,0.0,0.0,0.0,0.0,4.048,0.0,0.0
LEU  56,61.814,0.0,0.0,-9.169,0.0,0.0,-66.265,0.0,0.0,-0.194,0.0,0.0,0.0,0.0,0.0,-13.814000000000005,0.0,0.0
ASN  57,43.824,0.0,0.0,-4.895,0.0,0.0,-94.152,0.0,0.0,-14.284,0.0,0.0,0.0,0.0,0.0,-69.507,0.0,0.0
THR  58,52.877,0.0,0.0,-7.174,0.0,0.0,-55.04,0.0,0.0,-5.676,0.0,0.0,0.0,0.0,0.0,-15.012999999999996,0.0,0.0
VAL  59,38.701,0.0,0.0,-8.988,0.0,0.0,-45.427,0.0,0.0,0.182,0.0,0.0,0.0,0.0,0.0,-15.531999999999998,0.0,0.0
ALA  60,92.471,0.0,0.0,-5.391,0.0,0.0,-66.551,0.0,0.0,-0.38,0.0,0.0,0.0,0.0,0.0,20.148999999999997,0.0,0.0
PRO  61,78.936,0.0,0.0,-4.657,0.0,0.0,-60.751,0.0,0.0,-0.942,0.0,0.0,0.0,0.0,0.0,12.586000000000013,0.0,0.0
HID  62,103.228,0.0,0.0,-8.495,0.0,0.0,-72.511,0.0,0.0,-6.48,0.0,0.0,0.0,0.0,0.0,15.741999999999994,0.0,0.0
GLN  63,30.549,0.0,0.0,-3.569,0.0,0.0,-70.291,0.0,0.0,-9.319,0.0,0.0,0.0,0.0,0.0,-52.629999999999995,0.0,0.0
ALA  64,83.223,0.0,0.0,-4.768,0.0,0.0,-69.229,0.0,0.0,-4.013,0.0,0.0,0.0,0.0,0.0,5.212999999999999,0.0,0.0
ALA  65,91.008,0.0,0.0,-7.75,0.0,0.0,-76.598,0.0,0.0,-1.72,0.0,0.0,0.0,0.0,0.0,4.939999999999997,0.0,0.0
ALA  66,95.736,0.0,0.0,-7.073,0.0,0.0,-80.55,0.0,0.0,-1.877,0.0,0.0,0.0,0.0,0.0,6.236000000000014,0.0,0.0
GLN  67,44.311,0.0,0.0,-5.62,0.0,0.0,-74.445,0.0,0.0,-13.413,0.0,0.0,0.0,0.0,0.0,-49.16699999999999,0.0,0.0
MET  68,91.174,0.0,0.0,-11.614,0.0,0.0,-74.245,0.0,0.0,-0.968,0.0,0.0,0.0,0.0,0.0,4.346999999999998,0.0,0.0
LEU  69,81.282,0.0,0.0,-11.053,0.0,0.0,-75.594,0.0,0.0,-2.606,0.0,0.0,0.0,0.0,0.0,-7.970999999999995,0.0,0.0
LYS  70,126.637,0.0,0.0,-9.036,0.0,0.0,-105.683,0.0,0.0,-17.364,0.0,0.0,0.0,0.0,0.0,-5.446000000000009,0.0,0.0
GLU  71,108.559,0.0,0.0,-5.968,0.0,0.0,-75.235,0.0,0.0,-93.949,0.0,0.0,0.0,0.0,0.0,-66.593,0.0,0.0
THR  72,47.816,0.0,0.0,-9.044,0.0,0.0,-57.996,0.0,0.0,-3.407,0.0,0.0,0.0,0.0,0.0,-22.630999999999997,0.0,0.0
ILE  73,78.847,0.0,0.0,-9.965,0.0,0.0,-53.036,0.0,0.0,-2.341,0.0,0.0,0.0,0.0,0.0,13.504999999999988,0.0,0.0
ASN  74,19.527,0.0,0.0,-7.219,0.0,0.0,-77.46,0.0,0.0,-9.86,0.0,0.0,0.0,0.0,0.0,-75.01199999999999,0.0,0.0
GLU  75,106.954,0.0,0.0,-7.507,0.0,0.0,-62.077,0.0,0.0,-95.664,0.0,0.0,0.0,0.0,0.0,-58.29400000000001,0.0,0.0
GLU  76,102.425,0.0,0.0,-10.883,0.0,0.0,-49.126,0.0,0.0,-102.87,0.0,0.0,0.0,0.0,0.0,-60.454,0.0,0.0
ALA  77,87.644,0.0,0.0,-7.03,0.0,0.0,-73.503,0.0,0.0,-0.78,0.0,0.0,0.0,0.0,0.0,6.331000000000004,0.0,0.0
ALA  78,95.374,0.0,0.0,-6.807,0.0,0.0,-86.44,0.0,0.0,0.911,0.0,0.0,0.0,0.0,0.0,3.0379999999999954,0.0,0.0
GLU  79,106.443,0.0,0.0,-6.998,0.0,0.0,-67.325,0.0,0.0,-96.477,0.0,0.0,0.0,0.0,0.0,-64.35700000000001,0.0,0.0
TRP  80,118.649,0.0,0.0,-15.93,0.0,0.0,-86.734,0.0,0.0,-0.847,0.0,0.0,0.0,0.0,0.0,15.138,0.0,0.0
ASP  81,120.438,0.0,0.0,-8.103,0.0,0.0,-90.995,0.0,0.0,-84.289,0.0,0.0,0.0,0.0,0.0,-62.949,0.0,0.0
ARG  82,-194.306,0.0,0.0,-7.864,0.0,0.0,-27.784,0.0,0.0,55.137,0.0,0.0,0.0,0.0,0.0,-174.817,0.0,0.0
LEU  83,65.564,0.0,0.0,-6.091,0.0,0.0,-76.475,0.0,0.0,-2.26,0.0,0.0,0.0,0.0,0.0,-19.262,0.0,0.0
HID  84,116.657,0.0,0.0,-9.906,0.0,0.0,-78.419,0.0,0.0,-5.475,0.0,0.0,0.0,0.0,0.0,22.856999999999992,0.0,0.0
PRO  85,88.323,0.0,0.0,-3.244,0.0,0.0,-64.656,0.0,0.0,-4.443,0.0,0.0,0.0,0.0,0.0,15.979999999999988,0.0,0.0
VAL  86,53.909,0.0,0.0,-3.511,0.0,0.0,-50.6,0.0,0.0,-4.906,0.0,0.0,0.0,0.0,0.0,-5.108000000000005,0.0,0.0
HID  87,90.281,0.0,0.0,-7.885,0.0,0.0,-56.213,0.0,0.0,-9.494,0.0,0.0,0.0,0.0,0.0,16.689,0.0,0.0
ALA  88,90.24,0.0,0.0,-1.846,0.0,0.0,-69.242,0.0,0.0,-6.021,0.0,0.0,0.0,0.0,0.0,13.130999999999986,0.0,0.0
GLY  89,92.502,0.0,0.0,-1.778,0.0,0.0,-76.919,0.0,0.0,-5.139,0.0,0.0,0.0,0.0,0.0,8.665999999999993,0.0,0.0
PRO  90,82.555,0.0,0.0,-2.879,0.0,0.0,-58.114,0.0,0.0,-4.852,0.0,0.0,0.0,0.0,0.0,16.710000000000004,0.0,0.0
ILE  91,77.782,0.0,0.0,-3.009,0.0,0.0,-55.956,0.0,0.0,-4.347,0.0,0.0,0.0,0.0,0.0,14.469999999999992,0.0,0.0
ALA  92,99.683,0.0,0.0,-2.677,0.0,0.0,-68.26,0.0,0.0,-5.137,0.0,0.0,0.0,0.0,0.0,23.608999999999995,0.0,0.0
PRO  93,82.568,0.0,0.0,-1.824,0.0,0.0,-58.125,0.0,0.0,-6.172,0.0,0.0,0.0,0.0,0.0,16.447,0.0,0.0
GLY  94,70.076,0.0,0.0,-2.538,0.0,0.0,-64.978,0.0,0.0,-5.708,0.0,0.0,0.0,0.0,0.0,-3.147999999999998,0.0,0.0
GLN  95,37.984,0.0,0.0,-6.691,0.0,0.0,-69.843,0.0,0.0,-11.53,0.0,0.0,0.0,0.0,0.0,-50.08,0.0,0.0
MET  96,108.01,0.0,0.0,-8.525,0.0,0.0,-75.434,0.0,0.0,-8.176,0.0,0.0,0.0,0.0,0.0,15.875000000000002,0.0,0.0
ARG  97,-186.163,0.0,0.0,-9.32,0.0,0.0,-23.414,0.0,0.0,37.612,0.0,0.0,0.0,0.0,0.0,-181.285,0.0,0.0
GLU  98,111.953,0.0,0.0,-8.5,0.0,0.0,-56.997,0.0,0.0,-98.78,0.0,0.0,0.0,0.0,0.0,-52.324,0.0,0.0
PRO  99,93.158,0.0,0.0,-8.488,0.0,0.0,-64.627,0.0,0.0,-1.354,0.0,0.0,0.0,0.0,0.0,18.689000000000007,0.0,0.0
ARG 100,-193.214,0.0,0.0,-10.776,0.0,0.0,-18.136,0.0,0.0,46.669,0.0,0.0,0.0,0.0,0.0,-175.457,0.0,0.0
GLY 101,82.445,0.0,0.0,-4.78,0.0,0.0,-82.403,0.0,0.0,0.122,0.0,0.0,0.0,0.0,0.0,-4.616000000000014,0.0,0.0
SER 102,67.631,0.0,0.0,-6.827,0.0,0.0,-63.723,0.0,0.0,-2.386,0.0,0.0,0.0,0.0,0.0,-5.304999999999997,0.0,0.0
ASP 103,97.481,0.0,0.0,-8.247,0.0,0.0,-99.88,0.0,0.0,-43.145,0.0,0.0,0.0,0.0,0.0,-53.791000000000004,0.0,0.0
ILE 104,78.066,0.0,0.0,-13.642,0.0,0.0,-61.741,0.0,0.0,0.934,0.0,0.0,0.0,0.0,0.0,3.617000000000007,0.0,0.0
ALA 105,86.553,0.0,0.0,-7.8,0.0,0.0,-75.43,0.0,0.0,-0.899,0.0,0.0,0.0,0.0,0.0,2.4239999999999933,0.0,0.0
GLY 106,88.175,0.0,0.0,-4.98,0.0,0.0,-85.511,0.0,0.0,-3.397,0.0,0.0,0.0,0.0,0.0,-5.713000000000003,0.0,0.0
THR 107,53.243,0.0,0.0,-4.568,0.0,0.0,-58.471,0.0,0.0,-6.685,0.0,0.0,0.0,0.0,0.0,-16.48099999999999,0.0,0.0
THR 108,40.211,0.0,0.0,-4.507,0.0,0.0,-57.96,0.0,0.0,-2.39,0.0,0.0,0.0,0.0,0.0,-24.646,0.0,0.0
SER 109,80.806,0.0,0.0,-6.997,0.0,0.0,-72.357,0.0,0.0,-2.33,0.0,0.0,0.0,0.0,0.0,-0.8780000000000019,0.0,0.0
THR 110,40.557,0.0,0.0,-6.269,0.0,0.0,-38.757,0.0,0.0,-5.266,0.0,0.0,0.0,0.0,0.0,-9.734999999999994,0.0,0.0
LEU 111,63.852,0.0,0.0,-6.768,0.0,0.0,-57.538,0.0,0.0,-3.676,0.0,0.0,0.0,0.0,0.0,-4.130000000000001,0.0,0.0
GLN 112,33.228,0.0,0.0,-5.563,0.0,0.0,-79.36,0.0,0.0,-10.129,0.0,0.0,0.0,0.0,0.0,-61.82399999999999,0.0,0.0
GLU 113,100.795,0.0,0.0,-8.933,0.0,0.0,-85.668,0.0,0.0,-57.444,0.0,0.0,0.0,0.0,0.0,-51.250000000000014,0.0,0.0
GLN 114,34.242,0.0,0.0,-10.027,0.0,0.0,-89.463,0.0,0.0,-0.029,0.0,0.0,0.0,0.0,0.0,-65.27699999999999,0.0,0.0
ILE 115,85.857,0.0,0.0,-7.389,0.0,0.0,-71.526,0.0,0.0,-1.192,0.0,0.0,0.0,0.0,0.0,5.750000000000007,8.429369702178807e-08,8.429369702178807e-08
GLY 116,79.275,0.0,0.0,-5.531,0.0,0.0,-78.033,0.0,0.0,-0.026,0.0,0.0,0.0,0.0,0.0,-4.315000000000001,0.0,0.0
TRP 117,128.7,0.0,0.0,-16.748,0.0,0.0,-91.919,0.0,0.0,0.193,0.0,0.0,0.0,0.0,0.0,20.22599999999999,0.0,0.0
MET 118,100.566,0.0,0.0,-8.853,0.0,0.0,-81.295,0.0,0.0,-2.948,0.0,0.0,0.0,0.0,0.0,7.470000000000006,0.0,0.0
THR 119,38.679,0.0,0.0,-4.911,0.0,0.0,-47.646,0.0,0.0,-4.295,0.0,0.0,0.0,0.0,0.0,-18.173000000000002,0.0,0.0
HID 120,95.411,0.0,0.0,-8.96,0.0,0.0,-61.092,0.0,0.0,-6.615,0.0,0.0,0.0,0.0,0.0,18.743999999999993,0.0,0.0
ASN 121,45.432,0.0,0.0,-3.958,0.0,0.0,-77.597,0.0,0.0,-18.836,0.0,0.0,0.0,0.0,0.0,-54.95899999999999,0.0,0.0
PRO 122,91.976,0.0,0.0,-4.097,0.0,0.0,-51.094,0.0,0.0,-6.659,0.0,0.0,0.0,0.0,0.0,30.126000000000005,0.0,0.0
PRO 123,82.362,0.0,0.0,-5.067,0.0,0.0,-57.55,0.0,0.0,-3.413,0.0,0.0,0.0,0.0,0.0,16.33199999999999,0.0,0.0
ILE 124,90.946,0.0,0.0,-4.847,0.0,0.0,-61.72,0.0,0.0,-1.093,0.0,0.0,0.0,0.0,0.0,23.286000000000005,0.0,0.0
PRO 125,92.888,0.0,0.0,-5.142,0.0,0.0,-65.273,0.0,0.0,-1.032,0.0,0.0,0.0,0.0,0.0,21.441000000000013,0.0,0.0
VAL 126,50.521,0.0,0.0,-8.96,0.0,0.0,-50.974,0.0,0.0,-0.746,0.0,0.0,0.0,0.0,0.0,-10.158999999999997,0.0,0.0
GLY 127,69.189,0.0,0.0,-5.95,0.0,0.0,-69.272,0.0,0.0,-2.174,0.0,0.0,0.0,0.0,0.0,-8.207000000000015,0.0,0.0
GLU 128,108.984,0.0,0.0,-5.856,0.0,0.0,-94.378,0.0,0.0,-62.163,0.0,0.0,0.0,0.0,0.0,-53.413,0.0,0.0
ILE 129,82.34,0.0,0.0,-9.899,0.0,0.0,-65.952,0.0,0.0,0.6,0.0,0.0,0.0,0.0,0.0,7.089000000000004,0.0,0.0
TYR 130,97.115,0.0,0.0,-16.609,0.0,0.0,-89.177,0.0,0.0,0.156,0.0,0.0,0.0,0.0,0.0,-8.515000000000006,0.0,0.0
LYS 131,143.724,0.0,0.0,-11.24,0.0,0.0,-171.558,0.0,0.0,34.994,0.0,0.0,0.0,0.0,0.0,-4.0800000000000125,0.0,0.0
ARG 132,-191.281,0.0,0.0,-9.145,0.0,0.0,34.133,0.0,0.0,-6.262,0.0,0.0,0.0,0.0,0.0,-172.555,0.0,0.0
TRP 133,126.281,0.0,0.0,-17.215,0.0,0.0,-97.552,0.0,0.0,-0.256,0.0,0.0,0.0,0.0,0.0,11.257999999999996,0.0,0.0
ILE 134,83.201,0.0,0.0,-11.89,0.0,0.0,-71.516,0.0,0.0,0.246,0.0,0.0,0.0,0.0,0.0,0.04099999999998749,0.0,0.0
ILE 135,81.83,0.0,0.0,-11.111,0.0,0.0,-63.63,0.0,0.0,-0.131,0.0,0.0,0.0,0.0,0.0,6.957999999999991,0.0,0.0
LEU 136,77.662,0.0,0.0,-8.8,0.0,0.0,-81.478,0.0,0.0,2.447,0.0,0.0,0.0,0.0,0.0,-10.168999999999986,0.0,0.0
GLY 137,83.706,0.0,0.0,-5.237,0.0,0.0,-80.37,0.0,0.0,1.06,0.0,0.0,0.0,0.0,0.0,-0.8409999999999962,0.0,0.0
LEU 138,63.581,0.0,0.0,-10.922,0.0,0.0,-67.063,0.0,0.0,-0.713,0.0,0.0,0.0,0.0,0.0,-15.116999999999996,0.0,0.0
ASN 139,35.429,0.0,0.0,-7.696,0.0,0.0,-86.869,0.0,0.0,-7.659,0.0,0.0,0.0,0.0,0.0,-66.795,0.0,0.0
LYS 140,133.387,0.0,0.0,-8.751,0.0,0.0,-132.815,0.0,0.0,3.077,0.0,0.0,0.0,0.0,0.0,-5.102000000000002,0.0,0.0
ILE 141,99.488,0.0,0.0,-12.587,0.0,0.0,-74.239,0.0,0.0,-1.857,0.0,0.0,0.0,0.0,0.0,10.804999999999993,0.0,0.0
VAL 142,60.781,0.0,0.0,-8.495,0.0,0.0,-54.222,0.0,0.0,-6.131,0.0,0.0,0.0,0.0,0.0,-8.067,0.0,0.0
ARG 143,-203.035,0.0,0.0,-6.633,0.0,0.0,62.152,0.0,0.0,-17.117,0.0,0.0,0.0,0.0,0.0,-164.633,0.0,0.0
MET 144,89.159,0.0,0.0,-8.308,0.0,0.0,-73.27,0.0,0.0,-4.298,0.0,0.0,0.0,0.0,0.0,3.283000000000003,0.0,0.0
TYR 145,89.712,0.0,0.0,-10.417,0.0,0.0,-83.882,0.0,0.0,-7.079,0.0,0.0,0.0,0.0,0.0,-11.666000000000004,0.0,0.0
SER 146,81.279,0.0,0.0,-3.002,0.0,0.0,-58.156,0.0,0.0,-8.003,0.0,0.0,0.0,0.0,0.0,12.118000000000002,0.0,0.0
PRO 147,88.013,0.0,0.0,-3.603,0.0,0.0,-68.462,0.0,0.0,-1.011,0.0,0.0,0.0,0.0,0.0,14.937000000000008,0.0,0.0
THR 148,49.1,0.0,0.0,-3.842,0.0,0.0,-60.806,0.0,0.0,-3.504,0.0,0.0,0.0,0.0,0.0,-19.051999999999996,0.0,0.0
SER 149,60.485,0.0,0.0,-3.564,0.0,0.0,-53.317,0.0,0.0,-2.432,0.0,0.0,0.0,0.0,0.0,1.1719999999999993,0.0,0.0
ILE 150,78.21,0.0,0.0,-8.613,0.0,0.0,-57.176,0.0,0.0,-0.851,0.0,0.0,0.0,0.0,0.0,11.569999999999993,0.0,0.0
LEU 151,63.084,0.0,0.0,-3.945,0.0,0.0,-66.477,0.0,0.0,-0.797,0.0,0.0,0.0,0.0,0.0,-8.135000000000002,0.0,0.0
ASP 152,97.597,0.0,0.0,-4.131,0.0,0.0,-84.553,0.0,0.0,-76.969,0.0,0.0,0.0,0.0,0.0,-68.056,0.0,0.0
ILE 153,97.551,0.0,0.0,-9.049,0.0,0.0,-71.851,0.0,0.0,-1.228,0.0,0.0,0.0,0.0,0.0,15.42300000000001,0.0,0.0
ARG 154,-192.657,0.0,0.0,-7.799,0.0,0.0,34.241,0.0,0.0,0.193,0.0,0.0,0.0,0.0,0.0,-166.02200000000002,0.0,0.0
GLN 155,26.57,0.0,0.0,-11.138,0.0,0.0,-82.73,0.0,0.0,-1.433,0.0,0.0,0.0,0.0,0.0,-68.73100000000001,0.0,0.0
GLY 156,87.93,0.0,0.0,-3.871,0.0,0.0,-70.744,0.0,0.0,-4.375,0.0,0.0,0.0,0.0,0.0,8.940000000000012,0.0,0.0
PRO 157,89.263,0.0,0.0,-3.348,0.0,0.0,-52.987,0.0,0.0,-8.462,0.0,0.0,0.0,0.0,0.0,24.466000000000005,0.0,0.0
LYS 158,128.114,0.0,0.0,-3.241,0.0,0.0,-91.823,0.0,0.0,-28.386,0.0,0.0,0.0,0.0,0.0,4.664000000000012,0.0,0.0
GLU 159,114.781,0.0,0.0,-6.243,0.0,0.0,-115.581,0.0,0.0,-38.22,0.0,0.0,0.0,0.0,0.0,-45.26299999999999,0.0,0.0
PRO 160,78.401,0.0,0.0,-5.018,0.0,0.0,-55.556,0.0,0.0,-3.299,0.0,0.0,0.0,0.0,0.0,14.527999999999999,0.0,0.0
PHE 161,104.233,0.0,0.0,-13.871,1.6858739404357614e-07,1.6858739404357614e-07,-73.845,0.0,0.0,-2.423,0.0,0.0,0.0,0.0,0.0,14.09400000000001,0.0,0.0
ARG 162,-202.539,0.0,0.0,-10.114,0.0,0.0,-0.728,0.0,0.0,41.581,0.0,0.0,0.0,0.0,0.0,-171.8,0.0,0.0
ASP 163,88.796,0.0,0.0,-7.385,0.0,0.0,-65.187,0.0,0.0,-86.612,0.0,0.0,0.0,0.0,0.0,-70.38799999999999,0.0,0.0
TYR 164,101.413,0.0,0.0,-18.2,0.0,0.0,-96.821,0.0,0.0,0.6,0.0,0.0,0.0,0.0,0.0,-13.008000000000004,0.0,0.0
VAL 165,50.403,0.0,0.0,-10.163,0.0,0.0,-56.837,0.0,0.0,1.882,0.0,0.0,0.0,0.0,0.0,-14.715000000000009,0.0,0.0
ASP 166,116.003,0.0,0.0,-7.71,0.0,0.0,-105.98,0.0,0.0,-60.292,0.0,0.0,0.0,0.0,0.0,-57.979,0.0,0.0
ARG 167,-191.835,0.0,0.0,-8.599,0.0,0.0,-2.664,0.0,0.0,22.798,0.0,0.0,0.0,0.0,0.0,-180.29999999999998,0.0,0.0
PHE 168,98.372,0.0,0.0,-14.574,0.0,0.0,-82.026,0.0,0.0,0.797,0.0,0.0,0.0,0.0,0.0,2.5690000000000057,0.0,0.0
TYR 169,104.206,0.0,0.0,-11.467,0.0,0.0,-90.834,0.0,0.0,-0.993,0.0,0.0,0.0,0.0,0.0,0.9120000000000011,0.0,0.0
LYS 170,145.577,0.0,0.0,-7.155,0.0,0.0,-156.572,0.0,0.0,14.372,0.0,0.0,0.0,0.0,0.0,-3.778000000000006,0.0,0.0
THR 171,48.775,0.0,0.0,-7.882,0.0,0.0,-61.463,0.0,0.0,-2.38,0.0,0.0,0.0,0.0,0.0,-22.95,0.0,0.0
LEU 172,72.425,0.0,0.0,-10.983,0.0,0.0,-72.386,0.0,0.0,-1.429,0.0,0.0,0.0,0.0,0.0,-12.373000000000003,0.0,0.0
ARG 173,-201.564,0.0,0.0,-9.034,0.0,0.0,32.888,0.0,0.0,2.828,0.0,0.0,0.0,0.0,0.0,-174.88199999999998,0.0,0.0
ALA 174,85.046,0.0,0.0,-5.381,0.0,0.0,-80.431,0.0,0.0,-2.404,0.0,0.0,0.0,0.0,0.0,-3.169999999999991,0.0,0.0
GLU 175,108.258,0.0,0.0,-7.363,0.0,0.0,-67.477,0.0,0.0,-80.863,0.0,0.0,0.0,0.0,0.0,-47.44500000000001,0.0,0.0
GLN 176,29.888,0.0,0.0,-8.971,0.0,0.0,-64.554,0.0,0.0,-11.13,0.0,0.0,0.0,0.0,0.0,-54.767,0.0,0.0
ALA 177,100.275,0.0,0.0,-5.635,0.0,0.0,-82.867,0.0,0.0,-1.53,0.0,0.0,0.0,0.0,0.0,10.242999999999997,0.0,0.0
SER 178,80.032,0.0,0.0,-5.213,0.0,0.0,-66.388,0.0,0.0,-6.625,0.0,0.0,0.0,0.0,0.0,1.8059999999999974,0.0,0.0
GLN 179,30.683,0.0,0.0,-6.622,0.0,0.0,-62.716,0.0,0.0,-15.77,0.0,0.0,0.0,0.0,0.0,-54.425,0.0,0.0
GLU 180,111.403,0.0,0.0,-4.492,0.0,0.0,-66.169,0.0,0.0,-101.14,0.0,0.0,0.0,0.0,0.0,-60.397999999999996,0.0,0.0
VAL 181,63.755,0.0,0.0,-6.496,0.0,0.0,-60.375,0.0,0.0,-1.365,0.0,0.0,0.0,0.0,0.0,-4.481,0.0,0.0
LYS 182,112.906,0.0,0.0,-10.677,0.0,0.0,-123.233,0.0,0.0,13.796,0.0,0.0,0.0,0.0,0.0,-7.207999999999991,0.0,0.0
ASN 183,41.217,0.0,0.0,-6.703,0.0,0.0,-94.07,0.0,0.0,-9.933,0.0,0.0,0.0,0.0,0.0,-69.489,0.0,0.0
TRP 184,123.301,0.0,0.0,-8.963,0.0,0.0,-89.744,0.0,0.0,-4.657,0.0,0.0,0.0,0.0,0.0,19.93700000000001,0.0,0.0
MET 185,101.827,0.0,0.0,-10.368,0.0,0.0,-87.219,0.0,0.0,-0.343,0.0,0.0,0.0,0.0,0.0,3.897000000000009,0.0,0.0
THR 186,45.92,0.0,0.0,-7.323,0.0,0.0,-62.402,0.0,0.0,0.988,0.0,0.0,0.0,0.0,0.0,-22.817,0.0,0.0
GLU 187,101.534,0.0,0.0,-5.747,0.0,0.0,-42.298,0.0,0.0,-108.94,0.0,0.0,0.0,0.0,0.0,-55.45099999999999,0.0,0.0
THR 188,46.186,0.0,0.0,-5.018,0.0,0.0,-54.233,0.0,0.0,-0.666,0.0,0.0,0.0,0.0,0.0,-13.730999999999998,0.0,0.0
LEU 189,65.95,0.0,0.0,-8.39,0.0,0.0,-66.142,0.0,0.0,0.836,0.0,0.0,0.0,0.0,0.0,-7.745999999999993,0.0,0.0
LEU 190,84.191,0.0,0.0,-11.541,0.0,0.0,-90.514,0.0,0.0,1.685,0.0,0.0,0.0,0.0,0.0,-16.17899999999999,0.0,0.0
VAL 191,61.277,0.0,0.0,-7.794,0.0,0.0,-61.297,0.0,0.0,1.685,0.0,0.0,0.0,0.0,0.0,-6.1289999999999925,0.0,0.0
GLN 192,24.825,0.0,0.0,-5.87,0.0,0.0,-69.747,0.0,0.0,-3.577,0.0,0.0,0.0,0.0,0.0,-54.369,0.0,0.0
ASN 193,16.099,0.0,0.0,-8.745,0.0,0.0,-83.805,0.0,0.0,-0.607,0.0,0.0,0.0,0.0,0.0,-77.058,0.0,0.0
ALA 194,96.088,0.0,0.0,-6.398,0.0,0.0,-79.811,0.0,0.0,-1.087,0.0,0.0,0.0,0.0,0.0,8.791999999999991,0.0,0.0
ASN 195,40.505,0.0,0.0,-6.895,0.0,0.0,-84.946,0.0,0.0,-5.064,0.0,0.0,0.0,0.0,0.0,-56.4,0.0,0.0
PRO 196,84.508,0.0,0.0,-2.177,0.0,0.0,-62.585,0.0,0.0,-0.864,0.0,0.0,0.0,0.0,0.0,18.881999999999987,0.0,0.0
ASP 197,90.698,0.0,0.0,-3.692,0.0,0.0,-72.369,0.0,0.0,-77.313,0.0,0.0,0.0,0.0,0.0,-62.676,0.0,0.0
CYX 198,99.177,0.0,0.0,-6.847,0.0,0.0,-78.215,0.0,0.0,-2.721,0.0,0.0,0.0,0.0,0.0,11.394000000000009,0.0,0.0
LYS 199,136.969,0.0,0.0,-11.435,0.0,0.0,-118.869,0.0,0.0,-14.027,0.0,0.0,0.0,0.0,0.0,-7.362000000000007,0.0,0.0
THR 200,50.224,0.0,0.0,-5.621,0.0,0.0,-66.031,0.0,0.0,-1.235,0.0,0.0,0.0,0.0,0.0,-22.66300000000001,0.0,0.0
ILE 201,81.158,0.0,0.0,-5.912,0.0,0.0,-59.56,0.0,0.0,-0.428,0.0,0.0,0.0,0.0,0.0,15.257999999999992,0.0,0.0
LEU 202,80.901,0.0,0.0,-10.96,0.0,0.0,-71.773,0.0,0.0,-4.694,0.0,0.0,0.0,0.0,0.0,-6.525999999999994,0.0,0.0
LYS 203,120.07,0.0,0.0,-7.134,0.0,0.0,-88.168,0.0,0.0,-29.165,0.0,0.0,0.0,0.0,0.0,-4.397000000000013,0.0,0.0
ALA 204,84.348,0.0,0.0,-3.457,0.0,0.0,-73.831,0.0,0.0,-4.221,0.0,0.0,0.0,0.0,0.0,2.839000000000002,0.0,0.0
LEU 205,73.22,0.0,0.0,-5.315,0.0,0.0,-73.093,0.0,0.0,-4.726,0.0,0.0,0.0,0.0,0.0,-9.914000000000001,0.0,0.0
GLY 206,93.838,0.0,0.0,-2.667,0.0,0.0,-73.925,0.0,0.0,-6.683,0.0,0.0,0.0,0.0,0.0,10.562999999999995,0.0,0.0
PRO 207,80.646,0.0,0.0,-2.275,0.0,0.0,-50.806,0.0,0.0,-7.824,0.0,0.0,0.0,0.0,0.0,19.741,0.0,0.0
GLY 208,66.484,0.0,0.0,-1.93,0.0,0.0,-62.641,0.0,0.0,-5.417,0.0,0.0,0.0,0.0,0.0,-3.50400000000001,0.0,0.0
ALA 209,101.647,0.0,0.0,-4.646,0.0,0.0,-87.052,0.0,0.0,-5.264,0.0,0.0,0.0,0.0,0.0,4.684999999999998,0.0,0.0
THR 210,42.489,0.0,0.0,-4.902,0.0,0.0,-52.021,0.0,0.0,-1.423,0.0,0.0,0.0,0.0,0.0,-15.857000000000005,0.0,0.0
LEU 211,68.666,0.0,0.0,-6.463,0.0,0.0,-68.76,0.0,0.0,-2.995,0.0,0.0,0.0,0.0,0.0,-9.55200000000001,0.0,0.0
GLU 212,105.377,0.0,0.0,-6.946,0.0,0.0,-45.507,0.0,0.0,-118.32,0.0,0.0,0.0,0.0,0.0,-65.39599999999999,0.0,0.0
GLU 213,105.573,0.0,0.0,-5.206,0.0,0.0,-53.999,0.0,0.0,-101.488,0.0,0.0,0.0,0.0,0.0,-55.12000000000001,0.0,0.0
MET 214,96.774,0.0,0.0,-11.601,0.0,0.0,-76.915,0.0,0.0,-1.421,0.0,0.0,0.0,0.0,0.0,6.836999999999995,0.0,0.0
MET 215,101.104,0.0,0.0,-10.431,0.0,0.0,-85.254,0.0,0.0,-0.264,0.0,0.0,0.0,0.0,0.0,5.154999999999997,0.0,0.0
THR 216,43.099,0.0,0.0,-6.248,0.0,0.0,-50.174,0.0,0.0,-2.68,0.0,0.0,0.0,0.0,0.0,-16.003,0.0,0.0
ALA 217,75.851,0.0,0.0,-3.223,0.0,0.0,-66.123,0.0,0.0,-2.193,0.0,0.0,0.0,0.0,0.0,4.311999999999996,0.0,0.0
CYX 218,94.653,0.0,0.0,-7.582,0.0,0.0,-82.52,0.0,0.0,0.437,0.0,0.0,0.0,0.0,0.0,4.988000000000016,0.0,0.0
GLN 219,33.694,0.0,0.0,-5.272,0.0,0.0,-70.981,0.0,0.0,-13.371,0.0,0.0,0.0,0.0,0.0,-55.92999999999999,0.0,0.0
GLY 220,101.442,0.0,0.0,-2.39,0.0,0.0,-85.491,0.0,0.0,-7.163,0.0,0.0,0.0,0.0,0.0,6.397999999999993,0.0,0.0
VAL 221,39.307,0.0,0.0,-2.057,0.0,0.0,-59.528,0.0,0.0,-75.236,0.0,0.0,0.0,0.0,0.0,-97.51400000000001,0.0,0.0

Receptor:
Total Energy Decomposition:
Residue,Internal,,,van der Waals,,,Electrostatic,,,Polar Solvation,,,Non-Polar Solv.,,,TOTAL,,
,Avg.,Std. Dev.,Std. Err. of Mean,Avg.,Std. Dev.,Std. Err. of Mean,Avg.,Std. Dev.,Std. Err. of Mean,Avg.,Std. Dev.,Std. Err. of Mean,Avg.,Std. Dev.,Std. Err. of Mean,Avg.,Std. Dev.,Std. Err. of Mean
PRO   1,102.265,0.0,0.0,-4.212,0.0,0.0,-104.529,0.0,0.0,7.418,0.0,0.0,0.0,0.0,0.0,0.9420000000000011,0.0,0.0
ILE   2,86.69,0.0,0.0,-8.71,0.0,0.0,-64.824,0.0,0.0,-4.274,0.0,0.0,0.0,0.0,0.0,8.88199999999999,0.0,0.0
VAL   3,56.279,0.0,0.0,-6.263,0.0,0.0,-59.552,0.0,0.0,0.494,0.0,0.0,0.0,0.0,0.0,-9.041999999999994,0.0,0.0
GLN   4,23.357,0.0,0.0,-7.121,0.0,0.0,-61.813,0.0,0.0,-11.08,0.0,0.0,0.0,0.0,0.0,-56.657000000000004,0.0,0.0
ASN   5,31.147,0.0,0.0,-8.582,0.0,0.0,-79.105,0.0,0.0,-9.869,0.0,0.0,0.0,0.0,0.0,-66.409,0.0,0.0
LEU   6,80.366,0.0,0.0,-3.696,0.0,0.0,-70.807,0.0,0.0,-7.25,0.0,0.0,0.0,0.0,0.0,-1.3870000000000005,0.0,0.0
GLN   7,34.533,0.0,0.0,-5.743,0.0,0.0,-74.859,0.0,0.0,-11.816,0.0,0.0,0.0,0.0,0.0,-57.885,0.0,0.0
GLY   8,81.265,0.0,0.0,-2.988,0.0,0.0,-75.736,0.0,0.0,-3.182,0.0,0.0,0.0,0.0,0.0,-0.6410000000000031,0.0,0.0
GLN   9,41.771,0.0,0.0,-6.487,0.0,0.0,-78.936,0.0,0.0,-8.769,0.0,0.0,0.0,0.0,0.0,-52.42100000000001,0.0,0.0
MET  10,103.401,0.0,0.0,-9.147,0.0,0.0,-80.859,0.0,0.0,-2.572,0.0,0.0,0.0,0.0,0.0,10.822999999999997,0.0,0.0
VAL  11,51.786,0.0,0.0,-7.452,0.0,0.0,-49.277,0.0,0.0,-1.224,0.0,0.0,0.0,0.0,0.0,-6.166999999999998,0.0,0.0
HID  12,92.123,0.0,0.0,-11.77,0.0,0.0,-62.378,0.0,0.0,-4.846,0.0,0.0,0.0,0.0,0.0,13.129000000000008,0.0,0.0
GLN  13,32.478,0.0,0.0,-6.291,0.0,0.0,-71.921,0.0,0.0,-11.341,0.0,0.0,0.0,0.0,0.0,-57.07500000000001,0.0,0.0
ALA  14,94.774,0.0,0.0,-4.639,0.0,0.0,-80.371,0.0,0.0,-1.977,0.0,0.0,0.0,0.0,0.0,7.78700000000001,0.0,0.0
ILE  15,98.326,0.0,0.0,-9.265,0.0,0.0,-75.837,0.0,0.0,-3.158,0.0,0.0,0.0,0.0,0.0,10.06599999999999,0.0,0.0
SER  16,75.106,0.0,0.0,-5.001,0.0,0.0,-53.637,0.0,0.0,-7.812,0.0,0.0,0.0,0.0,0.0,8.655999999999988,0.0,0.0
PRO  17,91.483,0.0,0.0,-4.49,0.0,0.0,-58.513,0.0,0.0,-4.127,0.0,0.0,0.0,0.0,0.0,24.353000000000012,0.0,0.0
ARG  18,-182.097,0.0,0.0,-6.22,0.0,0.0,69.058,0.0,0.0,-43.321,0.0,0.0,0.0,0.0,0.0,-162.57999999999998,0.0,0.0
THR  19,44.633,0.0,0.0,-8.69,0.0,0.0,-52.834,0.0,0.0,-3.875,0.0,0.0,0.0,0.0,0.0,-20.766,0.0,0.0
LEU  20,58.615,0.0,0.0,-9.534,0.0,0.0,-60.185,0.0,0.0,-1.442,0.0,0.0,0.0,0.0,0.0,-12.546,0.0,0.0
ASN  21,18.433,0.0,0.0,-6.528,0.0,0.0,-67.481,0.0,0.0,-15.242,0.0,0.0,0.0,0.0,0.0,-70.818,0.0,0.0
ALA  22,92.314,0.0,0.0,-5.493,0.0,0.0,-80.822,0.0,0.0,-1.972,0.0,0.0,0.0,0.0,0.0,4.026999999999996,0.0,0.0
TRP  23,129.788,0.0,0.0,-18.462,0.0,0.0,-96.845,0.0,0.0,-1.6,0.0,0.0,0.0,0.0,0.0,12.881000000000009,0.0,0.0
VAL  24,66.493,0.0,0.0,-7.375,0.0,0.0,-59.597,0.0,0.0,-3.654,0.0,0.0,0.0,0.0,0.0,-4.133000000000006,0.0,0.0
LYS  25,130.375,0.0,0.0,-8.324,0.0,0.0,-117.553,0.0,0.0,-12.099,0.0,0.0,0.0,0.0,0.0,-7.6009999999999955,0.0,0.0
VAL  26,65.416,0.0,0.0,-8.683,0.0,0.0,-71.098,0.0,0.0,-0.867,0.0,0.0,0.0,0.0,0.0,-15.232000000000003,0.0,0.0
VAL  27,45.212,0.0,0.0,-8.228,0.0,0.0,-47.6,0.0,0.0,-3.847,0.0,0.0,0.0,0.0,0.0,-14.463,0.0,0.0
GLU  28,97.815,0.0,0.0,-6.475,0.0,0.0,-58.007,0.0,0.0,-95.607,0.0,0.0,0.0,0.0,0.0,-62.273999999999994,0.0,0.0
GLU  29,105.916,0.0,0.0,-5.536,0.0,0.0,-87.509,0.0,0.0,-67.292,0.0,0.0,0.0,0.0,0.0,-54.42100000000001,0.0,0.0
LYS  30,120.881,0.0,0.0,-7.805,0.0,0.0,-105.551,0.0,0.0,-8.019,0.0,0.0,0.0,0.0,0.0,-0.49400000000000865,0.0,0.0
ALA  31,85.618,0.0,0.0,-3.674,0.0,0.0,-75.926,0.0,0.0,-2.354,0.0,0.0,0.0,0.0,0.0,3.6639999999999864,0.0,0.0
PHE  32,103.68,0.0,0.0,-11.462,0.0,0.0,-78.189,0.0,0.0,-2.386,0.0,0.0,0.0,0.0,0.0,11.643000000000011,0.0,0.0
SER  33,85.29,0.0,0.0,-2.669,0.0,0.0,-63.541,0.0,0.0,-2.217,0.0,0.0,0.0,0.0,0.0,16.863000000000014,0.0,0.0
PRO  34,76.481,0.0,0.0,-5.21,0.0,0.0,-55.566,0.0,0.0,-2.667,0.0,0.0,0.0,0.0,0.0,13.037999999999998,0.0,0.0
GLU  35,105.87,0.0,0.0,-4.535,0.0,0.0,-94.698,0.0,0.0,-64.658,0.0,0.0,0.0,0.0,0.0,-58.02099999999999,0.0,0.0
VAL  36,51.079,0.0,0.0,-10.825,0.0,0.0,-52.663,0.0,0.0,-0.333,0.0,0.0,0.0,0.0,0.0,-12.741999999999992,0.0,0.0
ILE  37,88.503,0.0,0.0,-7.844,0.0,0.0,-58.412,0.0,0.0,-0.849,0.0,0.0,0.0,0.0,0.0,21.398000000000007,0.0,0.0
PRO  38,80.832,0.0,0.0,-5.648,0.0,0.0,-59.049,0.0,0.0,-1.382,0.0,0.0,0.0,0.0,0.0,14.752999999999998,0.0,0.0
MET  39,89.308,0.0,0.0,-9.578,0.0,0.0,-71.745,0.0,0.0,-1.539,0.0,0.0,0.0,0.0,0.0,6.446,0.0,0.0
PHE  40,108.318,0.0,0.0,-14.554,0.0,0.0,-82.283,0.0,0.0,-1.633,0.0,0.0,0.0,0.0,0.0,9.847999999999995,0.0,0.0
SER  41,61.686,0.0,0.0,-6.654,0.0,0.0,-44.922,0.0,0.0,-11.952,0.0,0.0,0.0,0.0,0.0,-1.8420000000000005,0.0,0.0
ALA  42,85.493,0.0,0.0,-5.08,0.0,0.0,-65.786,0.0,0.0,-3.725,0.0,0.0,0.0,0.0,0.0,10.901999999999996,0.0,0.0
LEU  43,72.4,0.0,0.0,-8.17,0.0,0.0,-77.03,0.0,0.0,-1.413,0.0,0.0,0.0,0.0,0.0,-14.212999999999997,0.0,0.0
SER  44,72.667,0.0,0.0,-6.671,0.0,0.0,-77.212,0.0,0.0,0.695,0.0,0.0,0.0,0.0,0.0,-10.521000000000008,0.0,0.0
GLU  45,100.304,0.0,0.0,-4.369,0.0,0.0,-70.998,0.0,0.0,-85.941,0.0,0.0,0.0,0.0,0.0,-61.004000000000005,0.0,0.0
GLY  46,66.768,0.0,0.0,-3.312,0.0,0.0,-68.743,0.0,0.0,0.043,0.0,0.0,0.0,0.0,0.0,-5.243999999999992,0.0,0.0
ALA  47,103.469,0.0,0.0,-7.036,0.0,0.0,-87.032,0.0,0.0,-1.443,0.0,0.0,0.0,0.0,0.0,7.957999999999997,0.0,0.0
THR  48,62.778,0.0,0.0,-9.863,0.0,0.0,-58.924,0.0,0.0,-1.104,0.0,0.0,0.0,0.0,0.0,-7.113,0.0,0.0
PRO  49,73.786,0.0,0.0,-10.952,0.0,0.0,-54.262,0.0,0.0,0.777,0.0,0.0,0.0,0.0,0.0,9.349000000000002,1.1920928955078125e-07,1.1920928955078125e-07
GLN  50,31.397,0.0,0.0,-7.982,0.0,0.0,-75.571,0.0,0.0,-3.419,0.0,0.0,0.0,0.0,0.0,-55.574999999999996,0.0,0.0
ASP  51,87.79,0.0,0.0,-8.479,0.0,0.0,-124.652,0.0,0.0,-18.003,0.0,0.0,0.0,0.0,0.0,-63.343999999999994,0.0,0.0
LEU  52,68.591,0.0,0.0,-12.995,0.0,0.0,-70.549,0.0,0.0,0.752,0.0,0.0,0.0,0.0,0.0,-14.20100000000001,0.0,0.0
ASN  53,36.807,0.0,0.0,-8.598,0.0,0.0,-94.644,0.0,0.0,-5.908,0.0,0.0,0.0,0.0,0.0,-72.343,0.0,0.0
THR  54,47.611,0.0,0.0,-6.647,0.0,0.0,-58.377,0.0,0.0,-2.648,0.0,0.0,0.0,0.0,0.0,-20.061000000000003,0.0,0.0
MET  55,85.653,0.0,0.0,-12.699,0.0,0.0,-68.575,0.0,0.0,-0.319,0.0,0.0,0.0,0.0,0.0,4.060000000000005,0.0,0.0
LEU  56,61.814,0.0,0.0,-9.162,0.0,0.0,-66.058,0.0,0.0,-0.399,0.0,0.0,0.0,0.0,0.0,-13.805000000000007,0.0,0.0
ASN  57,43.824,0.0,0.0,-4.884,0.0,0.0,-93.181,0.0,0.0,-15.221,0.0,0.0,0.0,0.0,0.0,-69.462,0.0,0.0
THR  58,52.877,0.0,0.0,-7.137,0.0,0.0,-54.467,0.0,0.0,-6.228,0.0,0.0,0.0,0.0,0.0,-14.954999999999997,0.0,0.0
VAL  59,38.701,0.0,0.0,-8.946,0.0,0.0,-45.396,0.0,0.0,0.163,0.0,0.0,0.0,0.0,0.0,-15.477999999999998,0.0,0.0
ALA  60,92.471,0.0,0.0,-5.373,0.0,0.0,-67.029,0.0,0.0,0.092,0.0,0.0,0.0,0.0,0.0,20.161,0.0,0.0
PRO  61,78.936,0.0,0.0,-4.545,0.0,0.0,-61.733,0.0,0.0,0.027,0.0,0.0,0.0,0.0,0.0,12.685000000000008,0.0,0.0
HID  62,103.228,0.0,0.0,-8.02,0.0,0.0,-70.347,0.0,0.0,-9.226,0.0,0.0,0.0,0.0,0.0,15.635000000000003,0.0,0.0
GLN  63,30.549,0.0,0.0,-3.527,0.0,0.0,-70.781,0.0,0.0,-8.846,0.0,0.0,0.0,0.0,0.0,-52.605000000000004,0.0,0.0
ALA  64,83.223,0.0,0.0,-4.756,0.0,0.0,-68.947,0.0,0.0,-4.29,0.0,0.0,0.0,0.0,0.0,5.229999999999996,0.0,0.0
ALA  65,91.008,0.0,0.0,-7.734,0.0,0.0,-76.543,0.0,0.0,-1.778,0.0,0.0,0.0,0.0,0.0,4.952999999999994,0.0,0.0
ALA  66,95.736,0.0,0.0,-7.064,0.0,0.0,-80.667,0.0,0.0,-1.764,0.0,0.0,0.0,0.0,0.0,6.240999999999995,0.0,0.0
GLN  67,44.311,0.0,0.0,-5.613,0.0,0.0,-74.423,0.0,0.0,-13.439,0.0,0.0,0.0,0.0,0.0,-49.164,0.0,0.0
MET  68,91.174,0.0,0.0,-11.607,0.0,0.0,-74.274,0.0,0.0,-0.94,0.0,0.0,0.0,0.0,0.0,4.353000000000007,0.0,0.0
LEU  69,81.282,0.0,0.0,-11.047,0.0,0.0,-75.565,0.0,0.0,-2.636,0.0,0.0,0.0,0.0,0.0,-7.965999999999998,0.0,0.0
LYS  70,126.637,0.0,0.0,-9.032,0.0,0.0,-99.805,0.0,0.0,-23.22,0.0,0.0,0.0,0.0,0.0,-5.420000000000002,0.0,0.0
GLU  71,108.559,0.0,0.0,-5.966,0.0,0.0,-82.814,0.0,0.0,-86.428,0.0,0.0,0.0,0.0,0.0,-66.64899999999999,0.0,0.0
THR  72,47.816,0.0,0.0,-9.043,0.0,0.0,-57.981,0.0,0.0,-3.421,0.0,0.0,0.0,0.0,0.0,-22.628999999999998,0.0,0.0
ILE  73,78.847,0.0,0.0,-9.964,0.0,0.0,-52.991,0.0,0.0,-2.387,0.0,0.0,0.0,0.0,0.0,13.504999999999995,0.0,0.0
ASN  74,19.527,0.0,0.0,-7.218,0.0,0.0,-77.344,0.0,0.0,-9.976,0.0,0.0,0.0,0.0,0.0,-75.011,0.0,0.0
GLU  75,106.954,0.0,0.0,-7.507,0.0,0.0,-68.089,0.0,0.0,-89.702,0.0,0.0,0.0,0.0,0.0,-58.34400000000001,0.0,0.0
GLU  76,102.425,0.0,0.0,-10.883,0.0,0.0,-55.56,0.0,0.0,-96.487,0.0,0.0,0.0,0.0,0.0,-60.504999999999995,0.0,0.0
ALA  77,87.644,0.0,0.0,-7.029,0.0,0.0,-73.444,0.0,0.0,-0.841,0.0,0.0,0.0,0.0,0.0,6.330000000000006,0.0,0.0
ALA  78,95.374,0.0,0.0,-6.807,0.0,0.0,-86.368,0.0,0.0,0.838,0.0,0.0,0.0,0.0,0.0,3.036999999999998,0.0,0.0
GLU  79,106.443,0.0,0.0,-6.998,0.0,0.0,-73.009,0.0,0.0,-90.847,0.0,0.0,0.0,0.0,0.0,-64.411,0.0,0.0
TRP  80,118.649,0.0,0.0,-15.93,0.0,0.0,-86.704,0.0,0.0,-0.878,0.0,0.0,0.0,0.0,0.0,15.137,0.0,0.0
ASP  81,120.438,0.0,0.0,-8.103,0.0,0.0,-96.188,0.0,0.0,-79.155,0.0,0.0,0.0,0.0,0.0,-63.007999999999996,0.0,0.0
ARG  82,-194.306,0.0,0.0,-7.864,0.0,0.0,-22.085,0.0,0.0,49.49,0.0,0.0,0.0,0.0,0.0,-174.76500000000001,0.0,0.0
LEU  83,65.564,0.0,0.0,-6.091,0.0,0.0,-76.415,0.0,0.0,-2.32,0.0,0.0,0.0,0.0,0.0,-19.262000000000015,0.0,0.0
HID  84,116.657,0.0,0.0,-9.905,0.0,0.0,-78.393,0.0,0.0,-5.502,0.0,0.0,0.0,0.0,0.0,22.856999999999996,0.0,0.0
PRO  85,88.323,0.0,0.0,-3.244,0.0,0.0,-64.687,0.0,0.0,-4.412,0.0,0.0,0.0,0.0,0.0,15.979999999999997,0.0,0.0
VAL  86,53.909,0.0,0.0,-3.51,0.0,0.0,-50.577,0.0,0.0,-4.929,0.0,0.0,0.0,0.0,0.0,-5.1069999999999975,0.0,0.0
HID  87,90.281,0.0,0.0,-7.885,0.0,0.0,-56.255,0.0,0.0,-9.453,0.0,0.0,0.0,0.0,0.0,16.688,0.0,0.0
ALA  88,90.24,0.0,0.0,-1.846,0.0,0.0,-69.235,0.0,0.0,-6.028,0.0,0.0,0.0,0.0,0.0,13.130999999999993,0.0,0.0
GLY  89,92.502,0.0,0.0,-1.777,0.0,0.0,-76.952,0.0,0.0,-5.108,0.0,0.0,0.0,0.0,0.0,8.664999999999996,0.0,0.0
PRO  90,82.555,0.0,0.0,-2.879,0.0,0.0,-58.106,0.0,0.0,-4.861,0.0,0.0,0.0,0.0,0.0,16.709,0.0,0.0
ILE  91,77.782,0.0,0.0,-3.009,0.0,0.0,-55.925,0.0,0.0,-4.378,0.0,0.0,0.0,0.0,0.0,14.469999999999999,0.0,0.0
ALA  92,99.683,0.0,0.0,-2.677,0.0,0.0,-68.302,0.0,0.0,-5.096,0.0,0.0,0.0,0.0,0.0,23.607999999999993,0.0,0.0
PRO  93,82.568,0.0,0.0,-1.824,0.0,0.0,-58.124,0.0,0.0,-6.173,0.0,0.0,0.0,0.0,0.0,16.446999999999996,0.0,0.0
GLY  94,70.076,0.0,0.0,-2.538,0.0,0.0,-64.983,0.0,0.0,-5.703,0.0,0.0,0.0,0.0,0.0,-3.1480000000000077,0.0,0.0
GLN  95,37.984,0.0,0.0,-6.691,0.0,0.0,-69.879,0.0,0.0,-11.494,0.0,0.0,0.0,0.0,0.0,-50.08,0.0,0.0
MET  96,108.01,0.0,0.0,-8.525,0.0,0.0,-75.413,0.0,0.0,-8.196,0.0,0.0,0.0,0.0,0.0,15.876000000000003,0.0,0.0
ARG  97,-186.163,0.0,0.0,-9.32,0.0,0.0,-18.366,0.0,0.0,32.624,0.0,0.0,0.0,0.0,0.0,-181.225,0.0,0.0
GLU  98,111.953,0.0,0.0,-8.5,0.0,0.0,-61.818,0.0,0.0,-94.012,0.0,0.0,0.0,0.0,0.0,-52.376999999999995,0.0,0.0
PRO  99,93.158,0.0,0.0,-8.488,0.0,0.0,-64.617,0.0,0.0,-1.364,0.0,0.0,0.0,0.0,0.0,18.688999999999997,0.0,0.0
ARG 100,-193.214,0.0,0.0,-10.776,0.0,0.0,-13.08,0.0,0.0,41.672,0.0,0.0,0.0,0.0,0.0,-175.39800000000002,0.0,0.0
GLY 101,82.445,0.0,0.0,-4.78,0.0,0.0,-82.416,0.0,0.0,0.135,0.0,0.0,0.0,0.0,0.0,-4.616000000000005,0.0,0.0
SER 102,67.631,0.0,0.0,-6.826,0.0,0.0,-63.727,0.0,0.0,-2.381,0.0,0.0,0.0,0.0,0.0,-5.302999999999997,0.0,0.0
ASP 103,97.481,0.0,0.0,-8.246,0.0,0.0,-105.156,0.0,0.0,-37.926,0.0,0.0,0.0,0.0,0.0,-53.84700000000001,0.0,0.0
ILE 104,78.066,0.0,0.0,-13.642,0.0,0.0,-61.733,0.0,0.0,0.926,0.0,0.0,0.0,0.0,0.0,3.6170000000000098,0.0,0.0
ALA 105,86.553,0.0,0.0,-7.8,0.0,0.0,-75.419,0.0,0.0,-0.909,0.0,0.0,0.0,0.0,0.0,2.4250000000000034,0.0,0.0
GLY 106,88.175,0.0,0.0,-4.98,0.0,0.0,-85.505,0.0,0.0,-3.403,0.0,0.0,0.0,0.0,0.0,-5.713000000000003,0.0,0.0
THR 107,53.243,0.0,0.0,-4.568,0.0,0.0,-58.46,0.0,0.0,-6.696,0.0,0.0,0.0,0.0,0.0,-16.480999999999995,0.0,0.0
THR 108,40.211,0.0,0.0,-4.506,0.0,0.0,-57.962,0.0,0.0,-2.388,0.0,0.0,0.0,0.0,0.0,-24.645000000000003,0.0,0.0
SER 109,80.806,0.0,0.0,-6.996,0.0,0.0,-72.385,0.0,0.0,-2.302,0.0,0.0,0.0,0.0,0.0,-0.8770000000000029,0.0,0.0
THR 110,40.557,0.0,0.0,-6.269,0.0,0.0,-38.759,0.0,0.0,-5.264,0.0,0.0,0.0,0.0,0.0,-9.734999999999996,0.0,0.0
LEU 111,63.852,0.0,0.0,-6.768,0.0,0.0,-57.525,0.0,0.0,-3.689,0.0,0.0,0.0,0.0,0.0,-4.130000000000003,0.0,0.0
GLN 112,33.228,0.0,0.0,-5.563,0.0,0.0,-79.358,0.0,0.0,-10.13,0.0,0.0,0.0,0.0,0.0,-61.823,0.0,0.0
GLU 113,100.795,0.0,0.0,-8.933,0.0,0.0,-90.776,0.0,0.0,-52.395,0.0,0.0,0.0,0.0,0.0,-51.309000000000005,0.0,0.0
GLN 114,34.242,0.0,0.0,-10.027,0.0,0.0,-89.478,0.0,0.0,-0.014,0.0,0.0,0.0,0.0,0.0,-65.277,0.0,0.0
ILE 115,85.857,0.0,0.0,-7.389,0.0,0.0,-71.518,0.0,0.0,-1.199,0.0,0.0,0.0,0.0,0.0,5.751000000000003,0.0,0.0
GLY 116,79.275,0.0,0.0,-5.531,0.0,0.0,-78.021,0.0,0.0,-0.036,0.0,0.0,0.0,0.0,0.0,-4.313000000000001,0.0,0.0
TRP 117,128.7,0.0,0.0,-16.748,0.0,0.0,-91.949,0.0,0.0,0.223,0.0,0.0,0.0,0.0,0.0,20.225999999999985,0.0,0.0
MET 118,100.566,0.0,0.0,-8.853,0.0,0.0,-81.285,0.0,0.0,-2.957,0.0,0.0,0.0,0.0,0.0,7.471000000000012,0.0,0.0
THR 119,38.679,0.0,0.0,-4.911,0.0,0.0,-47.601,0.0,0.0,-4.34,0.0,0.0,0.0,0.0,0.0,-18.173,0.0,0.0
HID 120,95.411,0.0,0.0,-8.96,0.0,0.0,-61.089,0.0,0.0,-6.619,0.0,0.0,0.0,0.0,0.0,18.742999999999995,0.0,0.0
ASN 121,45.432,0.0,0.0,-3.958,0.0,0.0,-77.574,0.0,0.0,-18.858,0.0,0.0,0.0,0.0,0.0,-54.958,0.0,0.0
PRO 122,91.976,0.0,0.0,-4.097,0.0,0.0,-51.087,0.0,0.0,-6.665,0.0,0.0,0.0,0.0,0.0,30.127000000000002,0.0,0.0
PRO 123,82.362,0.0,0.0,-5.067,0.0,0.0,-57.552,0.0,0.0,-3.41,0.0,0.0,0.0,0.0,0.0,16.332999999999988,0.0,0.0
ILE 124,90.946,0.0,0.0,-4.847,0.0,0.0,-61.715,0.0,0.0,-1.098,0.0,0.0,0.0,0.0,0.0,23.286,0.0,0.0
PRO 125,92.888,0.0,0.0,-5.142,0.0,0.0,-65.301,0.0,0.0,-1.004,0.0,0.0,0.0,0.0,0.0,21.441000000000006,0.0,0.0
VAL 126,50.521,0.0,0.0,-8.959,0.0,0.0,-51.015,0.0,0.0,-0.705,0.0,0.0,0.0,0.0,0.0,-10.158000000000003,0.0,0.0
GLY 127,69.189,0.0,0.0,-5.949,0.0,0.0,-69.316,0.0,0.0,-2.131,0.0,0.0,0.0,0.0,0.0,-8.207000000000008,0.0,0.0
GLU 128,108.984,0.0,0.0,-5.855,0.0,0.0,-100.545,0.0,0.0,-56.062,0.0,0.0,0.0,0.0,0.0,-53.47800000000001,0.0,0.0
ILE 129,82.34,0.0,0.0,-9.898,0.0,0.0,-66.041,0.0,0.0,0.688,0.0,0.0,0.0,0.0,0.0,7.08900000000001,0.0,0.0
TYR 130,97.115,0.0,0.0,-16.608,0.0,0.0,-89.287,0.0,0.0,0.264,0.0,0.0,0.0,0.0,0.0,-8.516000000000016,0.0,0.0
LYS 131,143.724,0.0,0.0,-11.239,0.0,0.0,-165.355,0.0,0.0,28.864,0.0,0.0,0.0,0.0,0.0,-4.006000000000004,0.0,0.0
ARG 132,-191.281,0.0,0.0,-9.144,0.0,0.0,40.88,0.0,0.0,-12.941,0.0,0.0,0.0,0.0,0.0,-172.48600000000002,0.0,0.0
TRP 133,126.281,0.0,0.0,-17.213,0.0,0.0,-97.672,0.0,0.0,-0.137,0.0,0.0,0.0,0.0,0.0,11.259000000000015,0.0,0.0
ILE 134,83.201,0.0,0.0,-11.887,0.0,0.0,-71.7,0.0,0.0,0.429,0.0,0.0,0.0,0.0,0.0,0.0429999999999901,0.0,0.0
ILE 135,81.83,0.0,0.0,-11.109,0.0,0.0,-63.84,0.0,0.0,0.075,0.0,0.0,0.0,0.0,0.0,6.956,0.0,0.0
LEU 136,77.662,0.0,0.0,-8.799,0.0,0.0,-81.728,0.0,0.0,2.695,0.0,0.0,0.0,0.0,0.0,-10.169999999999995,0.0,0.0
GLY 137,83.706,0.0,0.0,-5.234,0.0,0.0,-80.716,0.0,0.0,1.408,0.0,0.0,0.0,0.0,0.0,-0.8359999999999856,0.0,0.0
LEU 138,63.581,0.0,0.0,-10.91,0.0,0.0,-67.518,0.0,0.0,-0.257,0.0,0.0,0.0,0.0,0.0,-15.103999999999994,0.0,0.0
ASN 139,35.429,0.0,0.0,-7.692,0.0,0.0,-87.46,0.0,0.0,-7.077,0.0,0.0,0.0,0.0,0.0,-66.8,0.0,0.0
LYS 140,133.387,0.0,0.0,-8.745,0.0,0.0,-125.144,0.0,0.0,-4.535,0.0,0.0,0.0,0.0,0.0,-5.03700000000001,0.0,0.0
ILE 141,99.488,0.0,0.0,-12.553,0.0,0.0,-75.091,0.0,0.0,-1.025,0.0,0.0,0.0,0.0,0.0,10.819000000000008,1.1920928955078125e-07,1.1920928955078125e-07
VAL 142,60.781,0.0,0.0,-8.473,0.0,0.0,-55.004,0.0,0.0,-5.366,0.0,0.0,0.0,0.0,0.0,-8.061999999999998,0.0,0.0
ARG 143,-203.035,0.0,0.0,-6.624,0.0,0.0,71.652,0.0,0.0,-26.525,0.0,0.0,0.0,0.0,0.0,-164.532,0.0,0.0
MET 144,89.159,0.0,0.0,-8.28,0.0,0.0,-73.539,0.0,0.0,-4.025,0.0,0.0,0.0,0.0,0.0,3.315000000000003,0.0,0.0
TYR 145,89.712,0.0,0.0,-8.532,0.0,0.0,-81.935,0.0,0.0,-10.247,0.0,0.0,0.0,0.0,0.0,-11.001999999999995,0.0,0.0
SER 146,81.279,0.0,0.0,-2.775,0.0,0.0,-57.761,0.0,0.0,-8.545,0.0,0.0,0.0,0.0,0.0,12.197999999999988,0.0,0.0
PRO 147,88.013,0.0,0.0,-2.58,0.0,0.0,-62.217,0.0,0.0,-5.415,0.0,0.0,0.0,0.0,0.0,17.80100000000001,0.0,0.0
THR 148,49.1,0.0,0.0,-2.941,0.0,0.0,-51.152,0.0,0.0,-10.493,0.0,0.0,0.0,0.0,0.0,-15.486000000000002,0.0,0.0
SER 149,60.485,0.0,0.0,-2.006,0.0,0.0,-44.214,0.0,0.0,-11.481,0.0,0.0,0.0,0.0,0.0,2.7840000000000007,0.0,0.0
ILE 150,58.761,0.0,0.0,-1.552,0.0,0.0,-29.476,0.0,0.0,-6.548,0.0,0.0,0.0,0.0,0.0,21.185000000000002,0.0,0.0

Ligand:
Total Energy Decomposition:
Residue,Internal,,,van der Waals,,,Electrostatic,,,Polar Solvation,,,Non-Polar Solv.,,,TOTAL,,
,Avg.,Std. Dev.,Std. Err. of Mean,Avg.,Std. Dev.,Std. Err. of Mean,Avg.,Std. Dev.,Std. Err. of Mean,Avg.,Std. Dev.,Std. Err. of Mean,Avg.,Std. Dev.,Std. Err. of Mean,Avg.,Std. Dev.,Std. Err. of Mean
LEU   1,42.477,0.0,0.0,-1.821,0.0,0.0,-41.47,0.0,0.0,-1.864,0.0,0.0,0.0,0.0,0.0,-2.678,0.0,0.0
ASP   2,97.597,0.0,0.0,-3.398,0.0,0.0,-85.223,0.0,0.0,-76.438,0.0,0.0,0.0,0.0,0.0,-67.462,0.0,0.0
ILE   3,97.551,0.0,0.0,-7.063,0.0,0.0,-71.299,0.0,0.0,-1.515,0.0,0.0,0.0,0.0,0.0,17.673999999999992,0.0,0.0
ARG   4,-192.657,0.0,0.0,-7.689,0.0,0.0,43.005,0.0,0.0,-8.511,0.0,0.0,0.0,0.0,0.0,-165.852,0.0,0.0
GLN   5,26.57,0.0,0.0,-11.126,0.0,0.0,-82.713,0.0,0.0,-1.449,0.0,0.0,0.0,0.0,0.0,-68.71799999999999,0.0,0.0
GLY   6,87.93,0.0,0.0,-3.868,0.0,0.0,-70.732,0.0,0.0,-4.393,0.0,0.0,0.0,0.0,0.0,8.937000000000012,0.0,0.0
PRO   7,89.263,0.0,0.0,-3.346,0.0,0.0,-52.963,0.0,0.0,-8.487,0.0,0.0,0.0,0.0,0.0,24.467,0.0,0.0
LYS   8,128.114,0.0,0.0,-3.239,0.0,0.0,-85.033,0.0,0.0,-35.138,0.0,0.0,0.0,0.0,0.0,4.704000000000001,0.0,0.0
GLU   9,114.781,0.0,0.0,-6.236,0.0,0.0,-124.922,0.0,0.0,-28.989,0.0,0.0,0.0,0.0,0.0,-45.366,0.0,0.0
PRO  10,78.401,0.0,0.0,-5.015,0.0,0.0,-55.791,0.0,0.0,-3.073,0.0,0.0,0.0,0.0,0.0,14.521999999999998,0.0,0.0
PHE  11,104.233,0.0,0.0,-13.864,0.0,0.0,-74.154,0.0,0.0,-2.145,0.0,0.0,0.0,0.0,0.0,14.070000000000004,0.0,0.0
ARG  12,-202.539,0.0,0.0,-10.108,0.0,0.0,6.478,0.0,0.0,34.418,0.0,0.0,0.0,0.0,0.0,-171.75099999999998,0.0,0.0
ASP  13,88.796,0.0,0.0,-7.377,0.0,0.0,-74.387,0.0,0.0,-77.476,0.0,0.0,0.0,0.0,0.0,-70.44399999999999,0.0,0.0
TYR  14,101.413,0.0,0.0,-18.158,0.0,0.0,-97.425,0.0,0.0,1.065,0.0,0.0,0.0,0.0,0.0,-13.105000000000002,0.0,0.0
VAL  15,50.403,0.0,0.0,-10.144,0.0,0.0,-57.398,0.0,0.0,2.372,0.0,0.0,0.0,0.0,0.0,-14.767000000000003,0.0,0.0
ASP  16,116.003,0.0,0.0,-7.686,0.0,0.0,-118.845,0.0,0.0,-47.559,0.0,0.0,0.0,0.0,0.0,-58.08699999999999,0.0,0.0
ARG  17,-191.835,0.0,0.0,-8.513,0.0,0.0,7.733,0.0,0.0,12.617,0.0,0.0,0.0,0.0,0.0,-179.99800000000002,0.0,0.0
PHE  18,98.372,0.0,0.0,-13.892,0.0,0.0,-82.27,0.0,0.0,0.665,0.0,0.0,0.0,0.0,0.0,2.875000000000008,0.0,0.0
TYR  19,104.206,0.0,0.0,-11.358,0.0,0.0,-92.116,0.0,0.0,0.215,0.0,0.0,0.0,0.0,0.0,0.9469999999999993,0.0,0.0
LYS  20,145.577,0.0,0.0,-6.99,0.0,0.0,-144.21,0.0,0.0,2.054,0.0,0.0,0.0,0.0,0.0,-3.569000000000019,0.0,0.0
THR  21,48.775,0.0,0.0,-6.681,0.0,0.0,-61.666,0.0,0.0,-2.485,0.0,0.0,0.0,0.0,0.0,-22.056999999999995,0.0,0.0
LEU  22,72.425,0.0,0.0,-10.159,0.0,0.0,-73.184,0.0,0.0,-0.736,0.0,0.0,0.0,0.0,0.0,-11.654,0.0,0.0
ARG  23,-201.564,0.0,0.0,-7.34,0.0,0.0,79.648,0.0,0.0,-36.105,0.0,0.0,0.0,0.0,0.0,-165.361,0.0,0.0
ALA  24,85.046,0.0,0.0,-4.24,0.0,0.0,-79.299,0.0,0.0,-3.595,0.0,0.0,0.0,0.0,0.0,-2.087999999999995,0.0,0.0
GLU  25,108.258,0.0,0.0,-5.112,0.0,0.0,-65.633,0.0,0.0,-97.46,0.0,0.0,0.0,0.0,0.0,-59.94699999999999,0.0,0.0
GLN  26,29.888,0.0,0.0,-3.615,0.0,0.0,-59.89,0.0,0.0,-17.679,0.0,0.0,0.0,0.0,0.0,-51.29599999999999,0.0,0.0
ALA  27,100.275,0.0,0.0,-4.968,0.0,0.0,-87.195,0.0,0.0,0.265,0.0,0.0,0.0,0.0,0.0,8.37700000000001,0.0,0.0
SER  28,80.032,0.0,0.0,-4.715,0.0,0.0,-64.397,0.0,0.0,-9.066,0.0,0.0,0.0,0.0,0.0,1.8539999999999868,0.0,0.0
GLN  29,30.683,0.0,0.0,-6.215,0.0,0.0,-59.42,0.0,0.0,-19.423,0.0,0.0,0.0,0.0,0.0,-54.375,0.0,0.0
GLU  30,111.403,0.0,0.0,-4.446,0.0,0.0,-75.808,0.0,0.0,-91.545,0.0,0.0,0.0,0.0,0.0,-60.396,0.0,0.0
VAL  31,63.755,0.0,0.0,-6.422,0.0,0.0,-59.609,0.0,0.0,-2.127,0.0,0.0,0.0,0.0,0.0,-4.402999999999996,0.0,0.0
LYS  32,112.906,0.0,0.0,-10.223,0.0,0.0,-84.745,0.0,0.0,-25.073,0.0,0.0,0.0,0.0,0.0,-7.134999999999998,0.0,0.0
ASN  33,41.217,0.0,0.0,-6.685,0.0,0.0,-93.787,0.0,0.0,-10.241,0.0,0.0,0.0,0.0,0.0,-69.49600000000001,0.0,0.0
TRP  34,123.301,0.0,0.0,-8.921,0.0,0.0,-89.652,0.0,0.0,-4.76,0.0,0.0,0.0,0.0,0.0,19.967999999999996,0.0,0.0
MET  35,101.827,0.0,0.0,-10.009,0.0,0.0,-86.655,0.0,0.0,-0.981,0.0,0.0,0.0,0.0,0.0,4.181999999999997,0.0,0.0
THR  36,45.92,0.0,0.0,-7.303,0.0,0.0,-62.189,0.0,0.0,0.729,0.0,0.0,0.0,0.0,0.0,-22.842999999999996,0.0,0.0
GLU  37,101.534,0.0,0.0,-5.739,0.0,0.0,-50.586,0.0,0.0,-100.695,0.0,0.0,0.0,0.0,0.0,-55.48599999999999,0.0,0.0
THR  38,46.186,0.0,0.0,-4.998,0.0,0.0,-54.13,0.0,0.0,-0.76,0.0,0.0,0.0,0.0,0.0,-13.702,0.0,0.0
LEU  39,65.95,0.0,0.0,-7.735,0.0,0.0,-65.859,0.0,0.0,0.676,0.0,0.0,0.0,0.0,0.0,-6.967999999999991,0.0,0.0
LEU  40,84.191,0.0,0.0,-11.494,0.0,0.0,-90.401,0.0,0.0,1.543,0.0,0.0,0.0,0.0,0.0,-16.160999999999994,0.0,0.0
VAL  41,61.277,0.0,0.0,-7.785,0.0,0.0,-61.269,0.0,0.0,1.646,0.0,0.0,0.0,0.0,0.0,-6.130999999999994,0.0,0.0
GLN  42,24.825,0.0,0.0,-5.849,0.0,0.0,-69.418,0.0,0.0,-3.811,0.0,0.0,0.0,0.0,0.0,-54.25300000000001,0.0,0.0
ASN  43,16.099,0.0,0.0,-8.521,0.0,0.0,-82.343,0.0,0.0,-1.026,0.0,0.0,0.0,0.0,0.0,-75.791,0.0,0.0
ALA  44,96.088,0.0,0.0,-6.392,0.0,0.0,-79.811,0.0,0.0,-1.06,0.0,0.0,0.0,0.0,0.0,8.82499999999999,0.0,0.0
ASN  45,40.505,0.0,0.0,-6.891,0.0,0.0,-84.993,0.0,0.0,-5.016,0.0,0.0,0.0,0.0,0.0,-56.39499999999999,0.0,0.0
PRO  46,84.508,0.0,0.0,-2.176,0.0,0.0,-62.625,0.0,0.0,-0.829,0.0,0.0,0.0,0.0,0.0,18.877999999999993,0.0,0.0
ASP  47,90.698,0.0,0.0,-3.691,0.0,0.0,-78.73,0.0,0.0,-70.992,0.0,0.0,0.0,0.0,0.0,-62.71500000000002,0.0,0.0
CYX  48,99.177,0.0,0.0,-6.845,0.0,0.0,-78.098,0.0,0.0,-2.838,0.0,0.0,0.0,0.0,0.0,11.396000000000008,0.0,0.0
LYS  49,136.969,0.0,0.0,-11.431,0.0,0.0,-111.355,0.0,0.0,-21.527,0.0,0.0,0.0,0.0,0.0,-7.344000000000008,0.0,0.0
THR  50,50.224,0.0,0.0,-5.62,0.0,0.0,-65.93,0.0,0.0,-1.337,0.0,0.0,0.0,0.0,0.0,-22.663000000000007,0.0,0.0
ILE  51,81.158,0.0,0.0,-5.911,0.0,0.0,-59.459,0.0,0.0,-0.528,0.0,0.0,0.0,0.0,0.0,15.259999999999996,0.0,0.0
LEU  52,80.901,0.0,0.0,-10.958,0.0,0.0,-71.673,0.0,0.0,-4.793,0.0,0.0,0.0,0.0,0.0,-6.523000000000004,0.0,0.0
LYS  53,120.07,0.0,0.0,-7.133,0.0,0.0,-81.769,0.0,0.0,-35.547,0.0,0.0,0.0,0.0,0.0,-4.379000000000005,0.0,0.0
ALA  54,84.348,0.0,0.0,-3.456,0.0,0.0,-73.75,0.0,0.0,-4.301,0.0,0.0,0.0,0.0,0.0,2.8409999999999958,0.0,0.0
LEU  55,73.22,0.0,0.0,-5.314,0.0,0.0,-72.986,0.0,0.0,-4.83,0.0,0.0,0.0,0.0,0.0,-9.909999999999998,0.0,0.0
GLY  56,93.838,0.0,0.0,-2.667,0.0,0.0,-74.049,0.0,0.0,-6.564,0.0,0.0,0.0,0.0,0.0,10.557999999999986,0.0,0.0
PRO  57,80.646,0.0,0.0,-2.275,0.0,0.0,-50.732,0.0,0.0,-7.897,0.0,0.0,0.0,0.0,0.0,19.741999999999997,0.0,0.0
GLY  58,66.484,0.0,0.0,-1.93,0.0,0.0,-62.552,0.0,0.0,-5.502,0.0,0.0,0.0,0.0,0.0,-3.5000000000000115,0.0,0.0
ALA  59,101.647,0.0,0.0,-4.645,0.0,0.0,-87.233,0.0,0.0,-5.085,0.0,0.0,0.0,0.0,0.0,4.6840000000000055,0.0,0.0
THR  60,42.489,0.0,0.0,-4.9,0.0,0.0,-51.944,0.0,0.0,-1.505,0.0,0.0,0.0,0.0,0.0,-15.860000000000003,0.0,0.0
LEU  61,68.666,0.0,0.0,-6.455,0.0,0.0,-68.583,0.0,0.0,-3.179,0.0,0.0,0.0,0.0,0.0,-9.551,0.0,0.0
GLU  62,105.377,0.0,0.0,-6.943,0.0,0.0,-53.163,0.0,0.0,-110.7,0.0,0.0,0.0,0.0,0.0,-65.429,0.0,0.0
GLU  63,105.573,0.0,0.0,-5.204,0.0,0.0,-60.282,0.0,0.0,-95.227,0.0,0.0,0.0,0.0,0.0,-55.14,0.0,0.0
MET  64,96.774,0.0,0.0,-11.597,0.0,0.0,-76.739,0.0,0.0,-1.584,0.0,0.0,0.0,0.0,0.0,6.854000000000003,0.0,0.0
MET  65,101.104,0.0,0.0,-10.426,0.0,0.0,-85.147,0.0,0.0,-0.373,0.0,0.0,0.0,0.0,0.0,5.1579999999999915,0.0,0.0
THR  66,43.099,0.0,0.0,-6.247,0.0,0.0,-50.07,0.0,0.0,-2.783,0.0,0.0,0.0,0.0,0.0,-16.001000000000005,0.0,0.0
ALA  67,75.851,0.0,0.0,-3.223,0.0,0.0,-66.016,0.0,0.0,-2.298,0.0,0.0,0.0,0.0,0.0,4.313999999999995,0.0,0.0
CYX  68,94.653,0.0,0.0,-7.581,0.0,0.0,-82.543,0.0,0.0,0.46,0.0,0.0,0.0,0.0,0.0,4.988999999999996,0.0,0.0
GLN  69,33.694,0.0,0.0,-5.271,0.0,0.0,-71.041,0.0,0.0,-13.31,0.0,0.0,0.0,0.0,0.0,-55.928,0.0,0.0
GLY  70,101.442,0.0,0.0,-2.39,0.0,0.0,-85.475,0.0,0.0,-7.18,0.0,0.0,0.0,0.0,0.0,6.3969999999999985,0.0,0.0
VAL  71,39.307,0.0,0.0,-2.057,0.0,0.0,-66.293,0.0,0.0,-68.516,0.0,0.0,0.0,0.0,0.0,-97.55900000000001,0.0,0.0

DELTAS:
Total Energy Decomposition:
Residue,Location,Internal,,,van der Waals,,,Electrostatic,,,Polar Solvation,,,Non-Polar Solv.,,,TOTAL,,
,,Avg.,Std. Dev.,Std. Err. of Mean,Avg.,Std. Dev.,Std. Err. of Mean,Avg.,Std. Dev.,Std. Err. of Mean,Avg.,Std. Dev.,Std. Err. of Mean,Avg.,Std. Dev.,Std. Err. of Mean
PRO   1,R PRO   1,0.0,0.0,0.0,-0.001000000000000334,0.0,0.0,-5.737000000000009,0.0,0.0,5.664000000000001,0.0,0.0,0.0,0.0,0.0,-0.07399999999999896,0.0,0.0
ILE   2,R ILE   2,0.0,0.0,0.0,0.0,0.0,0.0,0.02199999999999136,0.0,0.0,-0.020999999999999908,0.0,0.0,0.0,0.0,0.0,0.0009999999999923403,0.0,0.0
VAL   3,R VAL   3,0.0,0.0,0.0,0.0,0.0,0.0,-0.017000000000003013,0.0,0.0,0.017000000000000015,0.0,0.0,0.0,0.0,0.0,-3.552713678800501e-15,0.0,0.0
GLN   4,R GLN   4,0.0,0.0,0.0,0.0,0.0,0.0,0.10200000000000387,0.0,0.0,-0.09999999999999964,0.0,0.0,0.0,0.0,0.0,0.0020000000000024443,0.0,0.0
ASN   5,R ASN   5,0.0,0.0,0.0,0.0,0.0,0.0,-0.054000000000002046,0.0,0.0,0.05299999999999905,0.0,0.0,0.0,0.0,0.0,-0.0010000000000047748,0.0,0.0
LEU   6,R LEU   6,0.0,0.0,0.0,0.0,0.0,0.0,-0.04099999999999682,0.0,0.0,0.04100000000000037,0.0,0.0,0.0,0.0,0.0,3.552713678800501e-15,0.0,0.0
GLN   7,R GLN   7,0.0,0.0,0.0,0.0,0.0,0.0,0.001999999999995339,0.0,0.0,-0.0009999999999994458,0.0,0.0,0.0,0.0,0.0,0.0009999999999976694,0.0,0.0
GLY   8,R GLY   8,0.0,0.0,0.0,0.0,0.0,0.0,-0.02199999999999136,0.0,0.0,0.020999999999999908,0.0,0.0,0.0,0.0,0.0,-0.0009999999999914522,0.0,0.0
GLN   9,R GLN   9,0.0,0.0,0.0,0.0,0.0,0.0,0.08200000000000784,0.0,0.0,-0.07900000000000063,0.0,0.0,0.0,0.0,0.0,0.003000000000007219,0.0,0.0
MET  10,R MET  10,0.0,0.0,0.0,0.0,0.0,0.0,-0.01300000000000523,0.0,0.0,0.014000000000000234,0.0,0.0,0.0,0.0,0.0,0.0009999999999941167,0.0,0.0
VAL  11,R VAL  11,0.0,0.0,0.0,0.0,0.0,0.0,0.011000000000002785,0.0,0.0,-0.01100000000000012,0.0,0.0,0.0,0.0,0.0,2.6645352591003757e-15,0.0,0.0
HID  12,R HID  12,0.0,0.0,0.0,0.0,0.0,0.0,0.0020000000000024443,0.0,0.0,-0.0030000000000001137,0.0,0.0,0.0,0.0,0.0,-0.0009999999999976694,0.0,0.0
GLN  13,R GLN  13,0.0,0.0,0.0,0.0,0.0,0.0,0.014000000000010004,0.0,0.0,-0.012000000000000455,0.0,0.0,0.0,0.0,0.0,0.0020000000000095497,0.0,0.0
ALA  14,R ALA  14,0.0,0.0,0.0,0.0,0.0,0.0,0.05999999999998806,0.0,0.0,-0.05699999999999972,0.0,0.0,0.0,0.0,0.0,0.0029999999999885674,0.0,0.0
ILE  15,R ILE  15,0.0,0.0,0.0,-0.0019999999999988916,0.0,0.0,-0.015000000000000568,0.0,0.0,0.009999999999999787,0.0,0.0,0.0,0.0,0.0,-0.0069999999999961204,0.0,0.0
SER  16,R SER  16,0.0,0.0,0.0,-0.0009999999999994458,0.0,0.0,-0.1769999999999996,0.0,0.0,0.17400000000000038,0.0,0.0,0.0,0.0,0.0,-0.003999999999988901,0.0,0.0
PRO  17,R PRO  17,0.0,0.0,0.0,-0.0030000000000001137,0.0,0.0,-0.3340000000000032,0.0,0.0,0.32699999999999996,0.0,0.0,0.0,0.0,0.0,-0.010000000000005116,0.0,0.0
ARG  18,R ARG  18,0.0,0.0,0.0,-0.004999999999999893,0.0,0.0,-7.189000000000007,0.0,0.0,7.111999999999995,0.0,0.0,0.0,0.0,0.0,-0.08200000000002206,0.0,0.0
THR  19,R THR  19,0.0,0.0,0.0,-0.004000000000001336,0.0,0.0,-0.017999999999993577,0.0,0.0,0.02499999999999991,0.0,0.0,0.0,0.0,0.0,0.0030000000000001137,0.0,0.0
LEU  20,R LEU  20,0.0,0.0,0.0,-0.008999999999998565,0.0,0.0,-0.38299999999999557,0.0,0.0,0.4039999999999999,0.0,0.0,0.0,0.0,0.0,0.012000000000004007,0.0,0.0
ASN  21,R ASN  21,0.0,0.0,0.0,-0.016000000000000014,0.0,0.0,-1.186000000000007,0.0,0.0,1.1790000000000003,0.0,0.0,0.0,0.0,0.0,-0.023000000000010346,0.0,0.0
ALA  22,R ALA  22,0.0,0.0,0.0,-0.011999999999999567,0.0,0.0,-0.22100000000000364,0.0,0.0,0.254,0.0,0.0,0.0,0.0,0.0,0.020999999999995467,0.0,0.0
TRP  23,R TRP  23,0.0,0.0,0.0,-0.03900000000000148,0.0,0.0,0.018000000000000682,0.0,0.0,0.0990000000000002,0.0,0.0,0.0,0.0,0.0,0.0779999999999994,0.0,0.0
VAL  24,R VAL  24,0.0,0.0,0.0,-0.1120000000000001,0.0,0.0,-0.6569999999999965,0.0,0.0,1.0070000000000001,0.0,0.0,0.0,0.0,0.0,0.23800000000000177,0.0,0.0
LYS  25,R LYS  25,0.0,0.0,0.0,-0.2029999999999994,0.0,0.0,-2.1440000000000055,0.0,0.0,2.327,0.0,0.0,0.0,0.0,0.0,-0.020000000000008455,0.0,0.0
VAL  26,R VAL  26,0.0,0.0,0.0,-0.15799999999999947,0.0,0.0,0.7270000000000039,0.0,0.0,-0.44900000000000007,0.0,0.0,0.0,0.0,0.0,0.12000000000000277,0.0,0.0
VAL  27,R VAL  27,0.0,0.0,0.0,-0.6240000000000006,0.0,0.0,1.017000000000003,0.0,0.0,0.847,0.0,0.0,0.0,0.0,0.0,1.2400000000000002,0.0,0.0
GLU  28,R GLU  28,0.0,0.0,0.0,-2.474,0.0,0.0,-41.055,0.0,0.0,62.491,0.0,0.0,0.0,0.0,0.0,18.961999999999996,0.0,0.0
GLU  29,R GLU  29,0.0,0.0,0.0,-2.734,0.0,0.0,-0.6039999999999992,0.0,0.0,6.457999999999998,0.0,0.0,0.0,0.0,0.0,3.1200000000000045,0.0,0.0
LYS  30,R LYS  30,0.0,0.0,0.0,-0.6660000000000004,0.0,0.0,-13.441999999999993,0.0,0.0,12.92,0.0,0.0,0.0,0.0,0.0,-1.18799999999999,0.0,0.0
ALA  31,R ALA  31,0.0,0.0,0.0,-0.43699999999999983,0.0,0.0,1.8870000000000005,0.0,0.0,-0.9750000000000001,0.0,0.0,0.0,0.0,0.0,0.4750000000000023,0.0,0.0
PHE  32,R PHE  32,0.0,0.0,0.0,-0.8109999999999999,0.0,0.0,0.7909999999999968,0.0,0.0,-0.746,0.0,0.0,0.0,0.0,0.0,-0.7659999999999965,0.0,0.0
SER  33,R SER  33,0.0,0.0,0.0,-0.14500000000000002,0.0,0.0,-1.1420000000000101,0.0,0.0,1.09,0.0,0.0,0.0,0.0,0.0,-0.1970000000000205,0.0,0.0
PRO  34,R PRO  34,0.0,0.0,0.0,-0.019000000000000128,0.0,0.0,-0.38299999999999557,0.0,0.0,0.3719999999999999,0.0,0.0,0.0,0.0,0.0,-0.030000000000001137,0.0,0.0
GLU  35,R GLU  35,0.0,0.0,0.0,-0.0259999999999998,0.0,0.0,11.026999999999987,0.0,0.0,-10.882999999999996,0.0,0.0,0.0,0.0,0.0,0.11799999999998079,0.0,0.0
VAL  36,R VAL  36,0.0,0.0,0.0,-0.04300000000000104,0.0,0.0,-0.4790000000000063,0.0,0.0,0.474,0.0,0.0,0.0,0.0,0.0,-0.04800000000001248,0.0,0.0
ILE  37,R ILE  37,0.0,0.0,0.0,-0.008000000000000007,0.0,0.0,-0.3200000000000003,0.0,0.0,0.32299999999999995,0.0,0.0,0.0,0.0,0.0,-0.005000000000009663,0.0,0.0
PRO  38,R PRO  38,0.0,0.0,0.0,-0.004999999999999893,0.0,0.0,-0.277000000000001,0.0,0.0,0.2729999999999999,0.0,0.0,0.0,0.0,0.0,-0.009000000000011,0.0,0.0
MET  39,R MET  39,0.0,0.0,0.0,-0.017000000000001236,0.0,0.0,-0.41899999999999693,0.0,0.0,0.391,0.0,0.0,0.0,0.0,0.0,-0.044999999999992824,0.0,0.0
PHE  40,R PHE  40,0.0,0.0,0.0,-0.006000000000000227,0.0,0.0,-0.14100000000000534,0.0,0.0,0.1399999999999999,0.0,0.0,0.0,0.0,0.0,-0.007000000000006779,0.0,0.0
SER  41,R SER  41,0.0,0.0,0.0,-0.0019999999999997797,0.0,0.0,-0.24099999999999966,0.0,0.0,0.2400000000000002,0.0,0.0,0.0,0.0,0.0,-0.0029999999999947846,0.0,0.0
ALA  42,R ALA  42,0.0,0.0,0.0,-0.0019999999999997797,0.0,0.0,-0.1110000000000042,0.0,0.0,0.10899999999999999,0.0,0.0,0.0,0.0,0.0,-0.0039999999999995595,0.0,0.0
LEU  43,R LEU  43,0.0,0.0,0.0,-0.006000000000000227,0.0,0.0,-0.0799999999999983,0.0,0.0,0.07600000000000007,0.0,0.0,0.0,0.0,0.0,-0.00999999999999801,0.0,0.0
SER  44,R SER  44,0.0,0.0,0.0,-0.0009999999999994458,0.0,0.0,-0.05100000000000193,0.0,0.0,0.04600000000000004,0.0,0.0,0.0,0.0,0.0,-0.005999999999993122,0.0,0.0
GLU  45,R GLU  45,0.0,0.0,0.0,0.0,0.0,0.0,6.445999999999998,0.0,0.0,-6.364999999999995,0.0,0.0,0.0,0.0,0.0,0.08100000000000307,0.0,0.0
GLY  46,R GLY  46,0.0,0.0,0.0,0.0,0.0,0.0,-0.030000000000001137,0.0,0.0,0.03,0.0,0.0,0.0,0.0,0.0,-8.881784197001252e-16,0.0,0.0
ALA  47,R ALA  47,0.0,0.0,0.0,-0.001000000000000334,0.0,0.0,0.022999999999996135,0.0,0.0,-0.02499999999999991,0.0,0.0,0.0,0.0,0.0,-0.0030000000000089955,0.0,0.0
THR  48,R THR  48,0.0,0.0,0.0,0.0,0.0,0.0,-0.011000000000002785,0.0,0.0,0.01200000000000001,0.0,0.0,0.0,0.0,0.0,0.0009999999999967812,0.0,0.0
PRO  49,R PRO  49,0.0,0.0,0.0,0.0,0.0,0.0,-0.0030000000000001137,0.0,0.0,0.0050000000000000044,0.0,0.0,0.0,0.0,0.0,0.002000000000000668,0.0,0.0
GLN  50,R GLN  50,0.0,0.0,0.0,-0.0009999999999994458,0.0,0.0,-0.0589999999999975,0.0,0.0,0.05799999999999983,0.0,0.0,0.0,0.0,0.0,-0.001999999999995339,0.0,0.0
ASP  51,R ASP  51,0.0,0.0,0.0,-0.002000000000000668,0.0,0.0,5.438000000000002,0.0,0.0,-5.373000000000001,0.0,0.0,0.0,0.0,0.0,0.06300000000000239,0.0,0.0
LEU  52,R LEU  52,0.0,0.0,0.0,-0.002000000000000668,0.0,0.0,-0.08599999999999852,0.0,0.0,0.09199999999999997,0.0,0.0,0.0,0.0,0.0,0.003999999999997783,0.0,0.0
ASN  53,R ASN  53,0.0,0.0,0.0,-0.0019999999999988916,0.0,0.0,-0.06299999999998818,0.0,0.0,0.06200000000000028,0.0,0.0,0.0,0.0,0.0,-0.0030000000000001137,0.0,0.0
THR  54,R THR  54,0.0,0.0,0.0,-0.0039999999999995595,0.0,0.0,-0.277000000000001,0.0,0.0,0.26400000000000023,0.0,0.0,0.0,0.0,0.0,-0.017000000000006565,0.0,0.0
MET  55,R MET  55,0.0,0.0,0.0,-0.006999999999999673,0.0,0.0,-0.23499999999999943,0.0,0.0,0.23,0.0,0.0,0.0,0.0,0.0,-0.012000000000004896,0.0,0.0
LEU  56,R LEU  56,0.0,0.0,0.0,-0.006999999999999673,0.0,0.0,-0.20699999999999363,0.0,0.0,0.20500000000000002,0.0,0.0,0.0,0.0,0.0,-0.008999999999998565,0.0,0.0
ASN  57,R ASN  57,0.0,0.0,0.0,-0.010999999999999233,0.0,0.0,-0.9710000000000036,0.0,0.0,0.9369999999999994,0.0,0.0,0.0,0.0,0.0,-0.045000000000001705,0.0,0.0
THR  58,R THR  58,0.0,0.0,0.0,-0.03700000000000081,0.0,0.0,-0.5730000000000004,0.0,0.0,0.5519999999999996,0.0,0.0,0.0,0.0,0.0,-0.05799999999999983,0.0,0.0
VAL  59,R VAL  59,0.0,0.0,0.0,-0.041999999999999815,0.0,0.0,-0.030999999999998806,0.0,0.0,0.01899999999999999,0.0,0.0,0.0,0.0,0.0,-0.05400000000000027,0.0,0.0
ALA  60,R ALA  60,0.0,0.0,0.0,-0.017999999999999794,0.0,0.0,0.47799999999999443,0.0,0.0,-0.472,0.0,0.0,0.0,0.0,0.0,-0.012000000000004007,0.0,0.0
PRO  61,R PRO  61,0.0,0.0,0.0,-0.1120000000000001,0.0,0.0,0.9819999999999993,0.0,0.0,-0.969,0.0,0.0,0.0,0.0,0.0,-0.09899999999999487,0.0,0.0
HID  62,R HID  62,0.0,0.0,0.0,-0.47499999999999964,0.0,0.0,-2.1640000000000015,0.0,0.0,2.7460000000000004,0.0,0.0,0.0,0.0,0.0,0.10699999999999044,0.0,0.0
GLN  63,R GLN  63,0.0,0.0,0.0,-0.041999999999999815,0.0,0.0,0.4900000000000091,0.0,0.0,-0.47300000000000075,0.0,0.0,0.0,0.0,0.0,-0.024999999999991473,0.0,0.0
ALA  64,R ALA  64,0.0,0.0,0.0,-0.011999999999999567,0.0,0.0,-0.2819999999999965,0.0,0.0,0.27700000000000014,0.0,0.0,0.0,0.0,0.0,-0.016999999999996795,0.0,0.0
ALA  65,R ALA  65,0.0,0.0,0.0,-0.016000000000000014,0.0,0.0,-0.05499999999999261,0.0,0.0,0.05800000000000005,0.0,0.0,0.0,0.0,0.0,-0.012999999999997236,0.0,0.0
ALA  66,R ALA  66,0.0,0.0,0.0,-0.009000000000000341,0.0,0.0,0.11700000000000443,0.0,0.0,-0.11299999999999999,0.0,0.0,0.0,0.0,0.0,-0.004999999999981242,0.0,0.0
GLN  67,R GLN  67,0.0,0.0,0.0,-0.006999999999999673,0.0,0.0,-0.02199999999999136,0.0,0.0,0.0259999999999998,0.0,0.0,0.0,0.0,0.0,-0.002999999999985903,0.0,0.0
MET  68,R MET  68,0.0,0.0,0.0,-0.0070000000000014495,0.0,0.0,0.028999999999996362,0.0,0.0,-0.028000000000000025,0.0,0.0,0.0,0.0,0.0,-0.006000000000009109,0.0,0.0
LEU  69,R LEU  69,0.0,0.0,0.0,-0.006000000000000227,0.0,0.0,-0.028999999999996362,0.0,0.0,0.03000000000000025,0.0,0.0,0.0,0.0,0.0,-0.004999999999996341,0.0,0.0
LYS  70,R LYS  70,0.0,0.0,0.0,-0.0039999999999995595,0.0,0.0,-5.878,0.0,0.0,5.855999999999998,0.0,0.0,0.0,0.0,0.0,-0.026000000000006906,0.0,0.0
GLU  71,R GLU  71,0.0,0.0,0.0,-0.0019999999999997797,0.0,0.0,7.5789999999999935,0.0,0.0,-7.521000000000001,0.0,0.0,0.0,0.0,0.0,0.055999999999983174,0.0,0.0
THR  72,R THR  72,0.0,0.0,0.0,-0.0010000000000012221,0.0,0.0,-0.015000000000000568,0.0,0.0,0.01399999999999979,0.0,0.0,0.0,0.0,0.0,-0.0019999999999988916,0.0,0.0
ILE  73,R ILE  73,0.0,0.0,0.0,-0.0009999999999994458,0.0,0.0,-0.045000000000001705,0.0,0.0,0.04599999999999982,0.0,0.0,0.0,0.0,0.0,-7.105427357601002e-15,0.0,0.0
ASN  74,R ASN  74,0.0,0.0,0.0,-0.001000000000000334,0.0,0.0,-0.11599999999999966,0.0,0.0,0.11600000000000144,0.0,0.0,0.0,0.0,0.0,-0.000999999999990564,0.0,0.0
GLU  75,R GLU  75,0.0,0.0,0.0,0.0,0.0,0.0,6.0120000000000005,0.0,0.0,-5.962000000000003,0.0,0.0,0.0,0.0,0.0,0.04999999999999716,0.0,0.0
GLU  76,R GLU  76,0.0,0.0,0.0,0.0,0.0,0.0,6.434000000000005,0.0,0.0,-6.38300000000001,0.0,0.0,0.0,0.0,0.0,0.05099999999999483,0.0,0.0
ALA  77,R ALA  77,0.0,0.0,0.0,-0.001000000000000334,0.0,0.0,-0.0589999999999975,0.0,0.0,0.06099999999999994,0.0,0.0,0.0,0.0,0.0,0.0009999999999976694,0.0,0.0
ALA  78,R ALA  78,0.0,0.0,0.0,0.0,0.0,0.0,-0.07200000000000273,0.0,0.0,0.07300000000000006,0.0,0.0,0.0,0.0,0.0,0.0009999999999972253,0.0,0.0
GLU  79,R GLU  79,0.0,0.0,0.0,0.0,0.0,0.0,5.6839999999999975,0.0,0.0,-5.63000000000001,0.0,0.0,0.0,0.0,0.0,0.053999999999987836,0.0,0.0
TRP  80,R TRP  80,0.0,0.0,0.0,0.0,0.0,0.0,-0.030000000000001137,0.0,0.0,0.031000000000000028,0.0,0.0,0.0,0.0,0.0,0.0009999999999994458,0.0,0.0
ASP  81,R ASP  81,0.0,0.0,0.0,0.0,0.0,0.0,5.192999999999998,0.0,0.0,-5.134,0.0,0.0,0.0,0.0,0.0,0.0589999999999975,0.0,0.0
ARG  82,R ARG  82,0.0,0.0,0.0,0.0,0.0,0.0,-5.698999999999998,0.0,0.0,5.6469999999999985,0.0,0.0,0.0,0.0,0.0,-0.0519999999999925,0.0,0.0
LEU  83,R LEU  83,0.0,0.0,0.0,0.0,0.0,0.0,-0.05999999999998806,0.0,0.0,0.06000000000000005,0.0,0.0,0.0,0.0,0.0,1.4210854715202004e-14,0.0,0.0
HID  84,R HID  84,0.0,0.0,0.0,-0.0010000000000012221,0.0,0.0,-0.02599999999999625,0.0,0.0,0.027000000000000135,0.0,0.0,0.0,0.0,0.0,-3.552713678800501e-15,0.0,0.0
PRO  85,R PRO  85,0.0,0.0,0.0,0.0,0.0,0.0,0.0309999999999917,0.0,0.0,-0.030999999999999694,0.0,0.0,0.0,0.0,0.0,-8.881784197001252e-15,0.0,0.0
VAL  86,R VAL  86,0.0,0.0,0.0,-0.001000000000000334,0.0,0.0,-0.02300000000000324,0.0,0.0,0.023000000000000576,0.0,0.0,0.0,0.0,0.0,-0.0010000000000074394,0.0,0.0
HID  87,R HID  87,0.0,0.0,0.0,0.0,0.0,0.0,0.04200000000000159,0.0,0.0,-0.04100000000000037,0.0,0.0,0.0,0.0,0.0,0.0010000000000012221,0.0,0.0
ALA  88,R ALA  88,0.0,0.0,0.0,0.0,0.0,0.0,-0.007000000000005002,0.0,0.0,0.006999999999999673,0.0,0.0,0.0,0.0,0.0,-7.105427357601002e-15,0.0,0.0
GLY  89,R GLY  89,0.0,0.0,0.0,-0.001000000000000112,0.0,0.0,0.03300000000000125,0.0,0.0,-0.031000000000000583,0.0,0.0,0.0,0.0,0.0,0.0009999999999976694,0.0,0.0
PRO  90,R PRO  90,0.0,0.0,0.0,0.0,0.0,0.0,-0.007999999999995566,0.0,0.0,0.008999999999999453,0.0,0.0,0.0,0.0,0.0,0.0010000000000047748,0.0,0.0
ILE  91,R ILE  91,0.0,0.0,0.0,0.0,0.0,0.0,-0.03100000000000591,0.0,0.0,0.030999999999999694,0.0,0.0,0.0,0.0,0.0,-7.105427357601002e-15,0.0,0.0
ALA  92,R ALA  92,0.0,0.0,0.0,0.0,0.0,0.0,0.04200000000000159,0.0,0.0,-0.04099999999999948,0.0,0.0,0.0,0.0,0.0,0.0010000000000012221,0.0,0.0
PRO  93,R PRO  93,0.0,0.0,0.0,0.0,0.0,0.0,-0.0009999999999976694,0.0,0.0,0.001000000000000334,0.0,0.0,0.0,0.0,0.0,3.552713678800501e-15,0.0,0.0
GLY  94,R GLY  94,0.0,0.0,0.0,0.0,0.0,0.0,0.005000000000009663,0.0,0.0,-0.004999999999999893,0.0,0.0,0.0,0.0,0.0,9.769962616701378e-15,0.0,0.0
GLN  95,R GLN  95,0.0,0.0,0.0,0.0,0.0,0.0,0.036000000000001364,0.0,0.0,-0.03599999999999959,0.0,0.0,0.0,0.0,0.0,0.0,0.0,0.0
MET  96,R MET  96,0.0,0.0,0.0,0.0,0.0,0.0,-0.021000000000000796,0.0,0.0,0.019999999999999574,0.0,0.0,0.0,0.0,0.0,-0.0010000000000012221,0.0,0.0
ARG  97,R ARG  97,0.0,0.0,0.0,0.0,0.0,0.0,-5.048000000000002,0.0,0.0,4.9879999999999995,0.0,0.0,0.0,0.0,0.0,-0.060000000000002274,0.0,0.0
GLU  98,R GLU  98,0.0,0.0,0.0,0.0,0.0,0.0,4.820999999999998,0.0,0.0,-4.768000000000001,0.0,0.0,0.0,0.0,0.0,0.05299999999999727,0.0,0.0
PRO  99,R PRO  99,0.0,0.0,0.0,0.0,0.0,0.0,-0.009999999999990905,0.0,0.0,0.010000000000000009,0.0,0.0,0.0,0.0,0.0,1.0658141036401503e-14,0.0,0.0
ARG 100,R ARG 100,0.0,0.0,0.0,0.0,0.0,0.0,-5.055999999999999,0.0,0.0,4.997,0.0,0.0,0.0,0.0,0.0,-0.05899999999996908,0.0,0.0
GLY 101,R GLY 101,0.0,0.0,0.0,0.0,0.0,0.0,0.012999999999991019,0.0,0.0,-0.013000000000000012,0.0,0.0,0.0,0.0,0.0,-8.881784197001252e-15,0.0,0.0
SER 102,R SER 102,0.0,0.0,0.0,-0.001000000000000334,0.0,0.0,0.003999999999997783,0.0,0.0,-0.0050000000000003375,0.0,0.0,0.0,0.0,0.0,-0.0019999999999997797,0.0,0.0
ASP 103,R ASP 103,0.0,0.0,0.0,-0.0009999999999994458,0.0,0.0,5.2760000000000105,0.0,0.0,-5.219000000000001,0.0,0.0,0.0,0.0,0.0,0.05600000000000449,0.0,0.0
ILE 104,R ILE 104,0.0,0.0,0.0,0.0,0.0,0.0,-0.008000000000002672,0.0,0.0,0.008000000000000007,0.0,0.0,0.0,0.0,0.0,-2.6645352591003757e-15,0.0,0.0
ALA 105,R ALA 105,0.0,0.0,0.0,0.0,0.0,0.0,-0.01100000000000989,0.0,0.0,0.010000000000000009,0.0,0.0,0.0,0.0,0.0,-0.001000000000010104,0.0,0.0
GLY 106,R GLY 106,0.0,0.0,0.0,0.0,0.0,0.0,-0.006000000000000227,0.0,0.0,0.006000000000000227,0.0,0.0,0.0,0.0,0.0,0.0,0.0,0.0
THR 107,R THR 107,0.0,0.0,0.0,0.0,0.0,0.0,-0.01099999999999568,0.0,0.0,0.01100000000000012,0.0,0.0,0.0,0.0,0.0,3.552713678800501e-15,0.0,0.0
THR 108,R THR 108,0.0,0.0,0.0,-0.0009999999999994458,0.0,0.0,0.0020000000000024443,0.0,0.0,-0.002000000000000224,0.0,0.0,0.0,0.0,0.0,-0.0009999999999976694,0.0,0.0
SER 109,R SER 109,0.0,0.0,0.0,-0.0009999999999994458,0.0,0.0,0.028000000000005798,0.0,0.0,-0.028000000000000025,0.0,0.0,0.0,0.0,0.0,-0.0009999999999990017,0.0,0.0
THR 110,R THR 110,0.0,0.0,0.0,0.0,0.0,0.0,0.0020000000000024443,0.0,0.0,-0.0019999999999997797,0.0,0.0,0.0,0.0,0.0,1.7763568394002505e-15,0.0,0.0
LEU 111,R LEU 111,0.0,0.0,0.0,0.0,0.0,0.0,-0.012999999999998124,0.0,0.0,0.0129999999999999,0.0,0.0,0.0,0.0,0.0,1.7763568394002505e-15,0.0,0.0
GLN 112,R GLN 112,0.0,0.0,0.0,0.0,0.0,0.0,-0.001999999999995339,0.0,0.0,0.0010000000000012221,0.0,0.0,0.0,0.0,0.0,-0.000999999999990564,0.0,0.0
GLU 113,R GLU 113,0.0,0.0,0.0,0.0,0.0,0.0,5.10799999999999,0.0,0.0,-5.0489999999999995,0.0,0.0,0.0,0.0,0.0,0.05899999999999039,0.0,0.0
GLN 114,R GLN 114,0.0,0.0,0.0,0.0,0.0,0.0,0.015000000000000568,0.0,0.0,-0.015000000000000001,0.0,0.0,0.0,0.0,0.0,1.4210854715202004e-14,0.0,0.0
ILE 115,R ILE 115,0.0,0.0,0.0,0.0,0.0,0.0,-0.007999999999995566,0.0,0.0,0.007000000000000117,0.0,0.0,0.0,0.0,0.0,-0.000999999999995893,0.0,0.0
GLY 116,R GLY 116,0.0,0.0,0.0,0.0,0.0,0.0,-0.012000000000000455,0.0,0.0,0.009999999999999998,0.0,0.0,0.0,0.0,0.0,-0.002000000000000668,0.0,0.0
TRP 117,R TRP 117,0.0,0.0,0.0,0.0,0.0,0.0,0.030000000000001137,0.0,0.0,-0.03,0.0,0.0,0.0,0.0,0.0,3.552713678800501e-15,0.0,0.0
MET 118,R MET 118,0.0,0.0,0.0,0.0,0.0,0.0,-0.010000000000005116,0.0,0.0,0.008999999999999897,0.0,0.0,0.0,0.0,0.0,-0.001000000000005663,0.0,0.0
THR 119,R THR 119,0.0,0.0,0.0,0.0,0.0,0.0,-0.045000000000001705,0.0,0.0,0.04499999999999993,0.0,0.0,0.0,0.0,0.0,-3.552713678800501e-15,0.0,0.0
HID 120,R HID 120,0.0,0.0,0.0,0.0,0.0,0.0,-0.0030000000000001137,0.0,0.0,0.0039999999999995595,0.0,0.0,0.0,0.0,0.0,0.0009999999999976694,0.0,0.0
ASN 121,R ASN 121,0.0,0.0,0.0,0.0,0.0,0.0,-0.022999999999996135,0.0,0.0,0.022000000000002018,0.0,0.0,0.0,0.0,0.0,-0.000999999999990564,0.0,0.0
PRO 122,R PRO 122,0.0,0.0,0.0,0.0,0.0,0.0,-0.006999999999997897,0.0,0.0,0.006000000000000227,0.0,0.0,0.0,0.0,0.0,-0.0009999999999976694,0.0,0.0
PRO 123,R PRO 123,0.0,0.0,0.0,0.0,0.0,0.0,0.0020000000000024443,0.0,0.0,-0.0029999999999996696,0.0,0.0,0.0,0.0,0.0,-0.0009999999999976694,0.0,0.0
ILE 124,R ILE 124,0.0,0.0,0.0,0.0,0.0,0.0,-0.0049999999999954525,0.0,0.0,0.0050000000000001155,0.0,0.0,0.0,0.0,0.0,3.552713678800501e-15,0.0,0.0
PRO 125,R PRO 125,0.0,0.0,0.0,0.0,0.0,0.0,0.028000000000005798,0.0,0.0,-0.028000000000000025,0.0,0.0,0.0,0.0,0.0,7.105427357601002e-15,0.0,0.0
VAL 126,R VAL 126,0.0,0.0,0.0,-0.0010000000000012221,0.0,0.0,0.04100000000000392,0.0,0.0,-0.041000000000000036,0.0,0.0,0.0,0.0,0.0,-0.0009999999999941167,0.0,0.0
GLY 127,R GLY 127,0.0,0.0,0.0,-0.001000000000000334,0.0,0.0,0.04399999999999693,0.0,0.0,-0.04300000000000015,0.0,0.0,0.0,0.0,0.0,-7.105427357601002e-15,0.0,0.0
GLU 128,R GLU 128,0.0,0.0,0.0,-0.0009999999999994458,0.0,0.0,6.167000000000002,0.0,0.0,-6.100999999999999,0.0,0.0,0.0,0.0,0.0,0.06500000000001194,0.0,0.0
ILE 129,R ILE 129,0.0,0.0,0.0,-0.0009999999999994458,0.0,0.0,0.08899999999999864,0.0,0.0,-0.08799999999999997,0.0,0.0,0.0,0.0,0.0,-6.217248937900877e-15,0.0,0.0
TYR 130,R TYR 130,0.0,0.0,0.0,-0.0010000000000012221,0.0,0.0,0.10999999999999943,0.0,0.0,-0.10800000000000001,0.0,0.0,0.0,0.0,0.0,0.001000000000010104,0.0,0.0
LYS 131,R LYS 131,0.0,0.0,0.0,-0.0009999999999994458,0.0,0.0,-6.203000000000003,0.0,0.0,6.129999999999999,0.0,0.0,0.0,0.0,0.0,-0.07400000000000873,0.0,0.0
ARG 132,R ARG 132,0.0,0.0,0.0,-0.0009999999999994458,0.0,0.0,-6.747,0.0,0.0,6.679000000000001,0.0,0.0,0.0,0.0,0.0,-0.0689999999999884,0.0,0.0
TRP 133,R TRP 133,0.0,0.0,0.0,-0.0019999999999988916,0.0,0.0,0.11999999999999034,0.0,0.0,-0.119,0.0,0.0,0.0,0.0,0.0,-0.0010000000000189857,0.0,0.0
ILE 134,R ILE 134,0.0,0.0,0.0,-0.0030000000000001137,0.0,0.0,0.1839999999999975,0.0,0.0,-0.183,0.0,0.0,0.0,0.0,0.0,-0.002000000000002611,0.0,0.0
ILE 135,R ILE 135,0.0,0.0,0.0,-0.002000000000000668,0.0,0.0,0.21000000000000085,0.0,0.0,-0.20600000000000002,0.0,0.0,0.0,0.0,0.0,0.001999999999990898,0.0,0.0
LEU 136,R LEU 136,0.0,0.0,0.0,-0.0010000000000012221,0.0,0.0,0.25,0.0,0.0,-0.24799999999999978,0.0,0.0,0.0,0.0,0.0,0.0010000000000083276,0.0,0.0
GLY 137,R GLY 137,0.0,0.0,0.0,-0.0030000000000001137,0.0,0.0,0.3459999999999894,0.0,0.0,-0.34799999999999986,0.0,0.0,0.0,0.0,0.0,-0.0050000000000105516,0.0,0.0
LEU 138,R LEU 138,0.0,0.0,0.0,-0.012000000000000455,0.0,0.0,0.4549999999999983,0.0,0.0,-0.45599999999999996,0.0,0.0,0.0,0.0,0.0,-0.013000000000001677,0.0,0.0
ASN 139,R ASN 139,0.0,0.0,0.0,-0.0039999999999995595,0.0,0.0,0.590999999999994,0.0,0.0,-0.5819999999999999,0.0,0.0,0.0,0.0,0.0,0.0049999999999954525,0.0,0.0
LYS 140,R LYS 140,0.0,0.0,0.0,-0.006000000000000227,0.0,0.0,-7.670999999999992,0.0,0.0,7.612,0.0,0.0,0.0,0.0,0.0,-0.0649999999999924,0.0,0.0
ILE 141,R ILE 141,0.0,0.0,0.0,-0.03399999999999892,0.0,0.0,0.8519999999999897,0.0,0.0,-0.8320000000000001,0.0,0.0,0.0,0.0,0.0,-0.014000000000015334,0.0,0.0
VAL 142,R VAL 142,0.0,0.0,0.0,-0.021999999999998465,0.0,0.0,0.7819999999999965,0.0,0.0,-0.7650000000000006,0.0,0.0,0.0,0.0,0.0,-0.005000000000002558,0.0,0.0
ARG 143,R ARG 143,0.0,0.0,0.0,-0.009000000000000341,0.0,0.0,-9.5,0.0,0.0,9.407999999999998,0.0,0.0,0.0,0.0,0.0,-0.10099999999999909,0.0,0.0
MET 144,R MET 144,0.0,0.0,0.0,-0.02800000000000047,0.0,0.0,0.26900000000000546,0.0,0.0,-0.2729999999999997,0.0,0.0,0.0,0.0,0.0,-0.03200000000000003,0.0,0.0
TYR 145,R TYR 145,0.0,0.0,0.0,-1.8849999999999998,0.0,0.0,-1.9470000000000027,0.0,0.0,3.168,0.0,0.0,0.0,0.0,0.0,-0.6640000000000086,0.0,0.0
SER 146,R SER 146,0.0,0.0,0.0,-0.22699999999999987,0.0,0.0,-0.394999999999996,0.0,0.0,0.5419999999999998,0.0,0.0,0.0,0.0,0.0,-0.07999999999998586,0.0,0.0
PRO 147,R PRO 147,0.0,0.0,0.0,-1.0230000000000001,0.0,0.0,-6.2450000000000045,0.0,0.0,4.404,0.0,0.0,0.0,0.0,0.0,-2.8640000000000008,0.0,0.0
THR 148,R THR 148,0.0,0.0,0.0,-0.9010000000000002,0.0,0.0,-9.653999999999996,0.0,0.0,6.989000000000001,0.0,0.0,0.0,0.0,0.0,-3.5659999999999936,0.0,0.0
SER 149,R SER 149,0.0,0.0,0.0,-1.5580000000000003,0.0,0.0,-9.103000000000002,0.0,0.0,9.049,0.0,0.0,0.0,0.0,0.0,-1.6120000000000014,0.0,0.0
ILE 150,R ILE 150,19.44899999999999,0.0,0.0,-7.061,0.0,0.0,-27.700000000000003,0.0,0.0,5.697,0.0,0.0,0.0,0.0,0.0,-9.615000000000009,0.0,0.0
LEU 151,L LEU   1,20.607000000000006,0.0,0.0,-2.1239999999999997,0.0,0.0,-25.007000000000005,0.0,0.0,1.0670000000000002,0.0,0.0,0.0,0.0,0.0,-5.457000000000002,0.0,0.0
ASP 152,L ASP   2,0.0,0.0,0.0,-0.7330000000000001,0.0,0.0,0.6700000000000017,0.0,0.0,-0.5309999999999917,0.0,0.0,0.0,0.0,0.0,-0.5939999999999941,0.0,0.0
ILE 153,L ILE   3,0.0,0.0,0.0,-1.9859999999999998,0.0,0.0,-0.5519999999999925,0.0,0.0,0.2869999999999999,0.0,0.0,0.0,0.0,0.0,-2.2509999999999817,0.0,0.0
ARG 154,L ARG   4,0.0,0.0,0.0,-0.11000000000000032,0.0,0.0,-8.764000000000003,0.0,0.0,8.703999999999999,0.0,0.0,0.0,0.0,0.0,-0.17000000000001592,0.0,0.0
GLN 155,L GLN   5,0.0,0.0,0.0,-0.012000000000000455,0.0,0.0,-0.017000000000010118,0.0,0.0,0.016000000000000014,0.0,0.0,0.0,0.0,0.0,-0.01300000000001944,0.0,0.0
GLY 156,L GLY   6,0.0,0.0,0.0,-0.0030000000000001137,0.0,0.0,-0.012000000000000455,0.0,0.0,0.017999999999999794,0.0,0.0,0.0,0.0,0.0,0.0030000000000001137,0.0,0.0
PRO 157,L PRO   7,0.0,0.0,0.0,-0.0019999999999997797,0.0,0.0,-0.02400000000000091,0.0,0.0,0.025000000000000355,0.0,0.0,0.0,0.0,0.0,-0.0009999999999941167,0.0,0.0
LYS 158,L LYS   8,0.0,0.0,0.0,-0.002000000000000224,0.0,0.0,-6.789999999999992,0.0,0.0,6.751999999999999,0.0,0.0,0.0,0.0,0.0,-0.03999999999998849,0.0,0.0
GLU 159,L GLU   9,0.0,0.0,0.0,-0.007000000000000561,0.0,0.0,9.340999999999994,0.0,0.0,-9.230999999999998,0.0,0.0,0.0,0.0,0.0,0.10300000000000864,0.0,0.0
PRO 160,L PRO  10,0.0,0.0,0.0,-0.0030000000000001137,0.0,0.0,0.23499999999999943,0.0,0.0,-0.22599999999999998,0.0,0.0,0.0,0.0,0.0,0.006000000000000227,0.0,0.0
PHE 161,L PHE  11,0.0,0.0,0.0,-0.006999999999999673,0.0,0.0,0.3089999999999975,0.0,0.0,-0.278,0.0,0.0,0.0,0.0,0.0,0.02400000000000624,0.0,0.0
ARG 162,L ARG  12,0.0,0.0,0.0,-0.006000000000000227,0.0,0.0,-7.2059999999999995,0.0,0.0,7.163000000000004,0.0,0.0,0.0,0.0,0.0,-0.049000000000035016,0.0,0.0
ASP 163,L ASP  13,0.0,0.0,0.0,-0.008000000000000007,0.0,0.0,9.200000000000003,0.0,0.0,-9.135999999999996,0.0,0.0,0.0,0.0,0.0,0.055999999999997385,0.0,0.0
TYR 164,L TYR  14,0.0,0.0,0.0,-0.04199999999999804,0.0,0.0,0.6039999999999992,0.0,0.0,-0.46499999999999997,0.0,0.0,0.0,0.0,0.0,0.09699999999999775,0.0,0.0
VAL 165,L VAL  15,0.0,0.0,0.0,-0.019000000000000128,0.0,0.0,0.5609999999999999,0.0,0.0,-0.49,0.0,0.0,0.0,0.0,0.0,0.05199999999999427,0.0,0.0
ASP 166,L ASP  16,0.0,0.0,0.0,-0.02400000000000002,0.0,0.0,12.864999999999995,0.0,0.0,-12.733000000000004,0.0,0.0,0.0,0.0,0.0,0.10799999999998988,0.0,0.0
ARG 167,L ARG  17,0.0,0.0,0.0,-0.0860000000000003,0.0,0.0,-10.397,0.0,0.0,10.180999999999997,0.0,0.0,0.0,0.0,0.0,-0.3019999999999641,0.0,0.0
PHE 168,L PHE  18,0.0,0.0,0.0,-0.6820000000000004,0.0,0.0,0.24399999999999977,0.0,0.0,0.132,0.0,0.0,0.0,0.0,0.0,-0.30600000000000227,0.0,0.0
TYR 169,L TYR  19,0.0,0.0,0.0,-0.10899999999999999,0.0,0.0,1.2819999999999965,0.0,0.0,-1.208,0.0,0.0,0.0,0.0,0.0,-0.034999999999998144,0.0,0.0
LYS 170,L LYS  20,0.0,0.0,0.0,-0.16500000000000004,0.0,0.0,-12.361999999999995,0.0,0.0,12.318,0.0,0.0,0.0,0.0,0.0,-0.20899999999998675,0.0,0.0
THR 171,L THR  21,0.0,0.0,0.0,-1.2009999999999996,0.0,0.0,0.20299999999999585,0.0,0.0,0.10499999999999998,0.0,0.0,0.0,0.0,0.0,-0.8930000000000042,0.0,0.0
LEU 172,L LEU  22,0.0,0.0,0.0,-0.8239999999999998,0.0,0.0,0.7980000000000018,0.0,0.0,-0.6930000000000001,0.0,0.0,0.0,0.0,0.0,-0.719000000000003,0.0,0.0
ARG 173,L ARG  23,0.0,0.0,0.0,-1.6940000000000008,0.0,0.0,-46.76,0.0,0.0,38.933,0.0,0.0,0.0,0.0,0.0,-9.520999999999987,0.0,0.0
ALA 174,L ALA  24,0.0,0.0,0.0,-1.141,0.0,0.0,-1.1319999999999908,0.0,0.0,1.1910000000000003,0.0,0.0,0.0,0.0,0.0,-1.0819999999999959,0.0,0.0
GLU 175,L GLU  25,0.0,0.0,0.0,-2.2510000000000003,0.0,0.0,-1.8440000000000083,0.0,0.0,16.596999999999994,0.0,0.0,0.0,0.0,0.0,12.501999999999981,0.0,0.0
GLN 176,L GLN  26,0.0,0.0,0.0,-5.356,0.0,0.0,-4.6640000000000015,0.0,0.0,6.548999999999998,0.0,0.0,0.0,0.0,0.0,-3.4710000000000107,0.0,0.0
ALA 177,L ALA  27,0.0,0.0,0.0,-0.6669999999999998,0.0,0.0,4.327999999999989,0.0,0.0,-1.795,0.0,0.0,0.0,0.0,0.0,1.8659999999999872,0.0,0.0
SER 178,L SER  28,0.0,0.0,0.0,-0.4980000000000002,0.0,0.0,-1.9909999999999997,0.0,0.0,2.4410000000000007,0.0,0.0,0.0,0.0,0.0,-0.047999999999989384,0.0,0.0
GLN 179,L GLN  29,0.0,0.0,0.0,-0.40700000000000003,0.0,0.0,-3.2959999999999994,0.0,0.0,3.6529999999999987,0.0,0.0,0.0,0.0,0.0,-0.04999999999999716,0.0,0.0
GLU 180,L GLU  30,0.0,0.0,0.0,-0.04600000000000026,0.0,0.0,9.63900000000001,0.0,0.0,-9.594999999999999,0.0,0.0,0.0,0.0,0.0,-0.001999999999995339,0.0,0.0
VAL 181,L VAL  31,0.0,0.0,0.0,-0.07400000000000073,0.0,0.0,-0.7659999999999982,0.0,0.0,0.7619999999999998,0.0,0.0,0.0,0.0,0.0,-0.07800000000000384,0.0,0.0
LYS 182,L LYS  32,0.0,0.0,0.0,-0.45399999999999885,0.0,0.0,-38.488,0.0,0.0,38.869,0.0,0.0,0.0,0.0,0.0,-0.07299999999999329,0.0,0.0
ASN 183,L ASN  33,0.0,0.0,0.0,-0.018000000000000682,0.0,0.0,-0.28299999999998704,0.0,0.0,0.30799999999999983,0.0,0.0,0.0,0.0,0.0,0.007000000000005002,0.0,0.0
TRP 184,L TRP  34,0.0,0.0,0.0,-0.041999999999999815,0.0,0.0,-0.09199999999999875,0.0,0.0,0.10299999999999976,0.0,0.0,0.0,0.0,0.0,-0.030999999999988148,0.0,0.0
MET 185,L MET  35,0.0,0.0,0.0,-0.359,0.0,0.0,-0.563999999999993,0.0,0.0,0.6379999999999999,0.0,0.0,0.0,0.0,0.0,-0.2849999999999877,0.0,0.0
THR 186,L THR  36,0.0,0.0,0.0,-0.020000000000000462,0.0,0.0,-0.21300000000000097,0.0,0.0,0.259,0.0,0.0,0.0,0.0,0.0,0.02599999999999625,0.0,0.0
GLU 187,L GLU  37,0.0,0.0,0.0,-0.008000000000000007,0.0,0.0,8.287999999999997,0.0,0.0,-8.245000000000005,0.0,0.0,0.0,0.0,0.0,0.03499999999999659,0.0,0.0
THR 188,L THR  38,0.0,0.0,0.0,-0.019999999999999574,0.0,0.0,-0.10299999999999443,0.0,0.0,0.09399999999999997,0.0,0.0,0.0,0.0,0.0,-0.02899999999999814,0.0,0.0
LEU 189,L LEU  39,0.0,0.0,0.0,-0.6550000000000002,0.0,0.0,-0.28300000000000125,0.0,0.0,0.15999999999999992,0.0,0.0,0.0,0.0,0.0,-0.7780000000000022,0.0,0.0
LEU 190,L LEU  40,0.0,0.0,0.0,-0.0470000000000006,0.0,0.0,-0.11299999999999955,0.0,0.0,0.14200000000000013,0.0,0.0,0.0,0.0,0.0,-0.01799999999999713,0.0,0.0
VAL 191,L VAL  41,0.0,0.0,0.0,-0.008999999999999453,0.0,0.0,-0.027999999999998693,0.0,0.0,0.039000000000000146,0.0,0.0,0.0,0.0,0.0,0.002000000000001556,0.0,0.0
GLN 192,L GLN  42,0.0,0.0,0.0,-0.020999999999999908,0.0,0.0,-0.3289999999999935,0.0,0.0,0.23399999999999999,0.0,0.0,0.0,0.0,0.0,-0.11599999999999255,0.0,0.0
ASN 193,L ASN  43,0.0,0.0,0.0,-0.22399999999999842,0.0,0.0,-1.4620000000000033,0.0,0.0,0.41900000000000004,0.0,0.0,0.0,0.0,0.0,-1.2670000000000101,0.0,0.0
ALA 194,L ALA  44,0.0,0.0,0.0,-0.005999999999999339,0.0,0.0,0.0,0.0,0.0,-0.026999999999999913,0.0,0.0,0.0,0.0,0.0,-0.032999999999999474,0.0,0.0
ASN 195,L ASN  45,0.0,0.0,0.0,-0.0039999999999995595,0.0,0.0,0.046999999999997044,0.0,0.0,-0.04800000000000004,0.0,0.0,0.0,0.0,0.0,-0.005000000000009663,0.0,0.0
PRO 196,L PRO  46,0.0,0.0,0.0,-0.0009999999999998899,0.0,0.0,0.03999999999999915,0.0,0.0,-0.03500000000000003,0.0,0.0,0.0,0.0,0.0,0.00399999999999423,0.0,0.0
ASP 197,L ASP  47,0.0,0.0,0.0,-0.001000000000000334,0.0,0.0,6.361000000000004,0.0,0.0,-6.320999999999998,0.0,0.0,0.0,0.0,0.0,0.03900000000001569,0.0,0.0
CYX 198,L CYX  48,0.0,0.0,0.0,-0.002000000000000668,0.0,0.0,-0.11700000000000443,0.0,0.0,0.11699999999999999,0.0,0.0,0.0,0.0,0.0,-0.0019999999999988916,0.0,0.0
LYS 199,L LYS  49,0.0,0.0,0.0,-0.004000000000001336,0.0,0.0,-7.513999999999996,0.0,0.0,7.500000000000002,0.0,0.0,0.0,0.0,0.0,-0.017999999999998906,0.0,0.0
THR 200,L THR  50,0.0,0.0,0.0,-0.001000000000000334,0.0,0.0,-0.10099999999999909,0.0,0.0,0.10199999999999987,0.0,0.0,0.0,0.0,0.0,-3.552713678800501e-15,0.0,0.0
ILE 201,L ILE  51,0.0,0.0,0.0,-0.001000000000000334,0.0,0.0,-0.10099999999999909,0.0,0.0,0.10000000000000003,0.0,0.0,0.0,0.0,0.0,-0.0020000000000042206,0.0,0.0
LEU 202,L LEU  52,0.0,0.0,0.0,-0.002000000000000668,0.0,0.0,-0.09999999999999432,0.0,0.0,0.0990000000000002,0.0,0.0,0.0,0.0,0.0,-0.0029999999999894555,0.0,0.0
LYS 203,L LYS  53,0.0,0.0,0.0,-0.001000000000000334,0.0,0.0,-6.399000000000001,0.0,0.0,6.381999999999998,0.0,0.0,0.0,0.0,0.0,-0.018000000000007788,0.0,0.0
ALA 204,L ALA  54,0.0,0.0,0.0,-0.0009999999999998899,0.0,0.0,-0.08100000000000307,0.0,0.0,0.08000000000000007,0.0,0.0,0.0,0.0,0.0,-0.0019999999999935625,0.0,0.0
LEU 205,L LEU  55,0.0,0.0,0.0,-0.001000000000000334,0.0,0.0,-0.10699999999999932,0.0,0.0,0.10400000000000009,0.0,0.0,0.0,0.0,0.0,-0.004000000000003112,0.0,0.0
GLY 206,L GLY  56,0.0,0.0,0.0,0.0,0.0,0.0,0.12400000000000944,0.0,0.0,-0.11899999999999977,0.0,0.0,0.0,0.0,0.0,0.005000000000009663,0.0,0.0
PRO 207,L PRO  57,0.0,0.0,0.0,0.0,0.0,0.0,-0.07399999999999807,0.0,0.0,0.0730000000000004,0.0,0.0,0.0,0.0,0.0,-0.0009999999999976694,0.0,0.0
GLY 208,L GLY  58,0.0,0.0,0.0,0.0,0.0,0.0,-0.08899999999999864,0.0,0.0,0.08499999999999996,0.0,0.0,0.0,0.0,0.0,-0.003999999999998671,0.0,0.0
ALA 209,L ALA  59,0.0,0.0,0.0,-0.001000000000000334,0.0,0.0,0.18099999999999739,0.0,0.0,-0.17900000000000027,0.0,0.0,0.0,0.0,0.0,0.0009999999999923403,0.0,0.0
THR 210,L THR  60,0.0,0.0,0.0,-0.0019999999999997797,0.0,0.0,-0.07699999999999818,0.0,0.0,0.08199999999999985,0.0,0.0,0.0,0.0,0.0,0.0029999999999983373,0.0,0.0
LEU 211,L LEU  61,0.0,0.0,0.0,-0.008000000000000007,0.0,0.0,-0.1770000000000067,0.0,0.0,0.18399999999999972,0.0,0.0,0.0,0.0,0.0,-0.001000000000010104,0.0,0.0
GLU 212,L GLU  62,0.0,0.0,0.0,-0.0030000000000001137,0.0,0.0,7.655999999999999,0.0,0.0,-7.61999999999999,0.0,0.0,0.0,0.0,0.0,0.03300000000001546,0.0,0.0
GLU 213,L GLU  63,0.0,0.0,0.0,-0.002000000000000668,0.0,0.0,6.282999999999994,0.0,0.0,-6.260999999999996,0.0,0.0,0.0,0.0,0.0,0.019999999999988916,0.0,0.0
MET 214,L MET  64,0.0,0.0,0.0,-0.004000000000001336,0.0,0.0,-0.17600000000000193,0.0,0.0,0.16300000000000003,0.0,0.0,0.0,0.0,0.0,-0.017000000000007454,0.0,0.0
MET 215,L MET  65,0.0,0.0,0.0,-0.004999999999999005,0.0,0.0,-0.10699999999999932,0.0,0.0,0.10899999999999999,0.0,0.0,0.0,0.0,0.0,-0.0029999999999947846,0.0,0.0
THR 216,L THR  66,0.0,0.0,0.0,-0.001000000000000334,0.0,0.0,-0.1039999999999992,0.0,0.0,0.10299999999999976,0.0,0.0,0.0,0.0,0.0,-0.001999999999995339,0.0,0.0
ALA 217,L ALA  67,0.0,0.0,0.0,0.0,0.0,0.0,-0.10699999999999932,0.0,0.0,0.10499999999999998,0.0,0.0,0.0,0.0,0.0,-0.0019999999999988916,0.0,0.0
CYX 218,L CYX  68,0.0,0.0,0.0,-0.0009999999999994458,0.0,0.0,0.023000000000010346,0.0,0.0,-0.02300000000000002,0.0,0.0,0.0,0.0,0.0,-0.0009999999999799059,0.0,0.0
GLN 219,L GLN  69,0.0,0.0,0.0,-0.001000000000000334,0.0,0.0,0.060000000000002274,0.0,0.0,-0.06099999999999994,0.0,0.0,0.0,0.0,0.0,-0.001999999999995339,0.0,0.0
GLY 220,L GLY  70,0.0,0.0,0.0,0.0,0.0,0.0,-0.016000000000005343,0.0,0.0,0.01699999999999946,0.0,0.0,0.0,0.0,0.0,0.0009999999999941167,0.0,0.0
VAL 221,L VAL  71,0.0,0.0,0.0,0.0,0.0,0.0,6.765000000000008,0.0,0.0,-6.719999999999999,0.0,0.0,0.0,0.0,0.0,0.045000000000001705,0.0,0.0

