| Run on Thu Jan 29 17:43:22 2026
| GB non-polar solvation energies calculated with gbsa=2
idecomp = 1: Per-residue decomp adding 1-4 interactions to Internal.
Energy Decomposition Analysis (All units kcal/mol): Generalized Born solvent
Complex:
Total Energy Decomposition:
Residue,Internal,,,van der Waals,,,Electrostatic,,,Polar Solvation,,,Non-Polar Solv.,,,TOTAL,,
,Avg.,Std. Dev.,Std. Err. of Mean,Avg.,Std. Dev.,Std. Err. of Mean,Avg.,Std. Dev.,Std. Err. of Mean,Avg.,Std. Dev.,Std. Err. of Mean,Avg.,Std. Dev.,Std. Err. of Mean,Avg.,Std. Dev.,Std. Err. of Mean
PRO   1,102.199,0.0,0.0,-6.526,0.0,0.0,-112.579,0.0,0.0,13.442,0.0,0.0,0.0672351,0.0,0.0,-3.3967648999999915,0.0,0.0
ILE   2,90.884,0.0,0.0,-7.507,0.0,0.0,-65.544,0.0,0.0,-4.272,0.0,0.0,0.1117333,0.0,0.0,13.672733299999997,0.0,0.0
VAL   3,56.665,0.0,0.0,-4.47,0.0,0.0,-56.299,0.0,0.0,-2.584,0.0,0.0,0.29749838,0.0,0.0,-6.390501619999998,0.0,0.0
GLN   4,25.536,0.0,0.0,-6.715,0.0,0.0,-54.493,0.0,0.0,-15.103,0.0,0.0,0.7265835200000001,0.0,0.0,-50.04841648,0.0,0.0
ASN   5,23.764,0.0,0.0,-6.451,0.0,0.0,-71.688,0.0,0.0,-14.535,0.0,0.0,0.3766358,0.0,0.0,-68.5333642,0.0,0.0
LEU   6,67.419,0.0,0.0,-2.156,0.0,0.0,-68.005,0.0,0.0,-7.039,0.0,0.0,1.0916693,0.0,0.0,-8.689330700000005,0.0,0.0
GLN   7,41.624,0.0,0.0,-3.605,0.0,0.0,-75.528,0.0,0.0,-17.273,0.0,0.0,0.94128056,0.0,0.0,-53.840719439999994,0.0,0.0
GLY   8,74.326,0.0,0.0,-2.387,0.0,0.0,-66.98,0.0,0.0,-6.023,0.0,0.0,0.39535648000000007,0.0,0.0,-0.6686435200000107,0.0,0.0
GLN   9,33.176,0.0,0.0,-4.957,0.0,0.0,-70.128,0.0,0.0,-12.919,0.0,0.0,0.73307126,0.0,0.0,-54.09492874,0.0,0.0
MET  10,104.032,0.0,0.0,-7.022,0.0,0.0,-83.131,0.0,0.0,-5.484,0.0,0.0,0.44933426000000004,0.0,0.0,8.844334259999991,0.0,0.0
VAL  11,49.324,0.0,0.0,-5.027,0.0,0.0,-52.387,0.0,0.0,-2.078,0.0,0.0,0.40890106000000004,0.0,0.0,-9.759098940000003,0.0,0.0
HID  12,88.135,0.0,0.0,-10.641,0.0,0.0,-62.357,0.0,0.0,-8.131,0.0,0.0,0.27862594,0.0,0.0,7.284625940000001,0.0,0.0
GLN  13,36.36,0.0,0.0,-5.206,0.0,0.0,-76.223,0.0,0.0,-11.882,0.0,0.0,0.5168728800000001,0.0,0.0,-56.43412712,0.0,0.0
ALA  14,98.891,0.0,0.0,-3.579,0.0,0.0,-82.307,0.0,0.0,-3.141,0.0,0.0,0.50382694,0.0,0.0,10.36782694000001,0.0,0.0
ILE  15,98.191,0.0,0.0,-7.765,0.0,0.0,-71.265,0.0,0.0,-5.2,0.0,0.0,0.14980880000000002,0.0,0.0,14.110808800000003,0.0,0.0
SER  16,70.76,0.0,0.0,-6.301,0.0,0.0,-48.74,0.0,0.0,-8.25,0.0,0.0,0.22064820000000002,0.0,0.0,7.6896482000000015,0.0,0.0
PRO  17,88.02,0.0,0.0,-5.37,0.0,0.0,-58.594,0.0,0.0,-4.57,0.0,0.0,0.64275238,0.0,0.0,20.12875237999999,0.0,0.0
ARG  18,-182.705,0.0,0.0,-6.639,0.0,0.0,64.736,0.0,0.0,-48.785,0.0,0.0,1.14507256,0.0,0.0,-172.24792744000004,0.0,0.0
THR  19,44.657,0.0,0.0,-8.431,0.0,0.0,-51.193,0.0,0.0,-4.87,0.0,0.0,0.16247534000000002,0.0,0.0,-19.67452466,0.0,0.0
LEU  20,57.568,0.0,0.0,-8.875,0.0,0.0,-54.819,0.0,0.0,-3.939,0.0,0.0,0.24321708000000003,0.0,0.0,-9.821782920000004,1.1920928955078125e-07,1.1920928955078125e-07
ASN  21,35.002,0.0,0.0,-6.121,0.0,0.0,-81.052,0.0,0.0,-20.561,0.0,0.0,0.6368391600000001,0.0,0.0,-72.09516084,0.0,0.0
ALA  22,93.699,0.0,0.0,-5.727,0.0,0.0,-84.055,0.0,0.0,-2.347,0.0,0.0,0.20899520000000002,0.0,0.0,1.7789951999999873,0.0,0.0
TRP  23,129.19,0.0,0.0,-16.225,0.0,0.0,-95.959,0.0,0.0,-4.383,0.0,0.0,0.022184060000000002,0.0,0.0,12.645184060000002,0.0,0.0
VAL  24,63.206,0.0,0.0,-6.87,0.0,0.0,-56.995,0.0,0.0,-4.694,0.0,0.0,0.4389658,0.0,0.0,-4.914034199999992,0.0,0.0
LYS  25,134.638,0.0,0.0,-7.453,0.0,0.0,-132.828,0.0,0.0,-8.204,0.0,0.0,0.6779336,0.0,0.0,-13.169066400000002,0.0,0.0
VAL  26,58.458,0.0,0.0,-7.884,0.0,0.0,-67.636,0.0,0.0,-1.275,0.0,0.0,0.06901286000000001,0.0,0.0,-18.267987139999995,0.0,0.0
VAL  27,49.922,0.0,0.0,-9.376,0.0,0.0,-51.686,0.0,0.0,-3.842,0.0,0.0,0.0689695,0.0,0.0,-14.913030500000001,0.0,0.0
GLU  28,95.031,0.0,0.0,-6.232,0.0,0.0,-54.952,0.0,0.0,-90.853,0.0,0.0,0.69542936,0.0,0.0,-56.31057063999999,0.0,0.0
GLU  29,107.271,0.0,0.0,-4.579,0.0,0.0,-100.08,0.0,0.0,-48.636,0.0,0.0,0.5896255400000001,0.0,0.0,-45.434374459999994,0.0,0.0
LYS  30,121.052,0.0,0.0,-7.847,0.0,0.0,-105.536,0.0,0.0,-20.912,0.0,0.0,0.51147456,0.0,0.0,-12.731525439999988,0.0,0.0
ALA  31,88.63,0.0,0.0,-5.736,0.0,0.0,-78.693,0.0,0.0,-3.324,0.0,0.0,0.12329958,0.0,0.0,1.0002995799999936,0.0,0.0
PHE  32,103.552,0.0,0.0,-9.735,0.0,0.0,-76.982,0.0,0.0,-5.678,0.0,0.0,0.25301102,0.0,0.0,11.410011020000008,0.0,0.0
SER  33,87.04,0.0,0.0,-6.697,0.0,0.0,-59.833,0.0,0.0,-7.162,0.0,0.0,0.21380274000000002,0.0,0.0,13.561802740000006,0.0,0.0
PRO  34,74.994,0.0,0.0,-8.365,0.0,0.0,-54.474,0.0,0.0,-3.35,0.0,0.0,0.11534844000000001,0.0,0.0,8.920348440000009,0.0,0.0
GLU  35,103.488,0.0,0.0,-7.277,0.0,0.0,-110.362,0.0,0.0,-36.738,0.0,0.0,0.40458132,0.0,0.0,-50.48441868,0.0,0.0
VAL  36,52.672,0.0,0.0,-7.481,0.0,0.0,-54.491,0.0,0.0,0.381,0.0,0.0,0.0014363000000000002,0.0,0.0,-8.917563700000004,0.0,0.0
ILE  37,86.298,0.0,0.0,-7.862,0.0,0.0,-60.637,0.0,0.0,-0.44,0.0,0.0,0.0905953,0.0,0.0,17.449595300000006,0.0,0.0
PRO  38,86.254,0.0,0.0,-4.384,0.0,0.0,-58.937,0.0,0.0,-3.312,0.0,0.0,0.50060746,0.0,0.0,20.121607460000007,0.0,0.0
MET  39,95.19,0.0,0.0,-9.707,0.0,0.0,-70.092,0.0,0.0,-4.295,0.0,0.0,0.44256468,0.0,0.0,11.538564680000006,0.0,0.0
PHE  40,110.822,0.0,0.0,-13.974,0.0,0.0,-86.095,0.0,0.0,-2.138,0.0,0.0,0.0039024000000000003,0.0,0.0,8.6189024,0.0,0.0
SER  41,65.488,0.0,0.0,-6.93,0.0,0.0,-46.378,0.0,0.0,-12.195,0.0,0.0,0.24488102,0.0,0.0,0.22988101999999944,0.0,0.0
ALA  42,86.405,0.0,0.0,-4.556,0.0,0.0,-65.343,0.0,0.0,-7.026,0.0,0.0,0.41011514000000004,0.0,0.0,9.89011514,0.0,0.0
LEU  43,74.958,0.0,0.0,-10.264,0.0,0.0,-75.552,0.0,0.0,-3.761,0.0,0.0,0.21199246000000002,0.0,0.0,-14.407007540000004,0.0,0.0
SER  44,73.562,0.0,0.0,-6.978,0.0,0.0,-72.467,0.0,0.0,-1.173,0.0,0.0,0.0057560400000000005,0.0,0.0,-7.050243959999996,0.0,0.0
GLU  45,103.85,0.0,0.0,-3.251,0.0,0.0,-58.547,0.0,0.0,-85.726,0.0,0.0,0.7142530200000001,0.0,0.0,-42.959746980000006,0.0,0.0
GLY  46,67.246,0.0,0.0,-2.944,0.0,0.0,-69.296,0.0,0.0,0.223,0.0,0.0,0.11706658,0.0,0.0,-4.653933420000014,0.0,0.0
ALA  47,99.951,0.0,0.0,-6.711,0.0,0.0,-87.921,0.0,0.0,-2.607,0.0,0.0,0.0265038,0.0,0.0,2.738503799999988,0.0,0.0
THR  48,63.768,0.0,0.0,-7.046,0.0,0.0,-65.284,0.0,0.0,-0.986,0.0,0.0,0.0,0.0,0.0,-9.548000000000005,0.0,0.0
PRO  49,78.007,0.0,0.0,-11.582,0.0,0.0,-56.801,0.0,0.0,-0.014,0.0,0.0,0.0,0.0,0.0,9.61000000000001,0.0,0.0
GLN  50,29.738,0.0,0.0,-7.94,0.0,0.0,-76.471,0.0,0.0,-4.851,0.0,0.0,0.29160684000000003,0.0,0.0,-59.23239316,0.0,0.0
ASP  51,90.731,0.0,0.0,-5.553,0.0,0.0,-118.634,0.0,0.0,-26.364,0.0,0.0,0.04153346,0.0,0.0,-59.77846654000001,0.0,0.0
LEU  52,67.113,0.0,0.0,-12.522,0.0,0.0,-72.42,0.0,0.0,0.499,0.0,0.0,0.0,0.0,0.0,-17.330000000000002,0.0,0.0
ASN  53,38.377,0.0,0.0,-7.743,0.0,0.0,-99.042,0.0,0.0,-5.438,0.0,0.0,0.19047506000000003,0.0,0.0,-73.65552494,0.0,0.0
THR  54,54.776,0.0,0.0,-8.259,0.0,0.0,-61.996,0.0,0.0,-3.286,0.0,0.0,0.32740594,0.0,0.0,-18.437594060000002,0.0,0.0
MET  55,84.149,0.0,0.0,-12.255,0.0,0.0,-69.441,0.0,0.0,-0.8,0.0,0.0,0.0021138000000000003,0.0,0.0,1.655113800000003,0.0,0.0
LEU  56,64.194,0.0,0.0,-9.881,0.0,0.0,-67.037,0.0,0.0,-0.892,0.0,0.0,0.14903374,0.0,0.0,-13.466966260000003,0.0,0.0
ASN  57,32.813,0.0,0.0,-6.174,0.0,0.0,-89.25,0.0,0.0,-12.612,0.0,0.0,0.6620150600000001,0.0,0.0,-74.56098494,0.0,0.0
THR  58,54.191,0.0,0.0,-7.603,0.0,0.0,-62.637,0.0,0.0,-5.083,0.0,0.0,0.22962914,0.0,0.0,-20.902370859999998,0.0,0.0
VAL  59,44.111,0.0,0.0,-6.539,0.0,0.0,-45.163,0.0,0.0,-1.251,0.0,0.0,0.052405980000000005,0.0,0.0,-8.789594020000001,0.0,0.0
ALA  60,89.548,0.0,0.0,-4.393,0.0,0.0,-63.883,0.0,0.0,-3.357,0.0,0.0,0.29155806,0.0,0.0,18.20655806,0.0,0.0
PRO  61,76.611,0.0,0.0,-4.577,0.0,0.0,-57.999,0.0,0.0,-3.352,0.0,0.0,0.6583132,0.0,0.0,11.341313200000004,0.0,0.0
HID  62,105.159,0.0,0.0,-8.121,0.0,0.0,-69.65,0.0,0.0,-9.466,0.0,0.0,0.19644248,0.0,0.0,18.118442480000006,0.0,0.0
GLN  63,30.089,0.0,0.0,-6.427,0.0,0.0,-62.612,0.0,0.0,-14.125,0.0,0.0,0.7086758400000001,0.0,0.0,-52.366324160000005,0.0,0.0
ALA  64,86.342,0.0,0.0,-5.318,0.0,0.0,-69.102,0.0,0.0,-4.383,0.0,0.0,0.31088036,0.0,0.0,7.849880359999997,0.0,0.0
ALA  65,89.726,0.0,0.0,-6.537,0.0,0.0,-77.394,0.0,0.0,-1.9,0.0,0.0,0.029571520000000004,0.0,0.0,3.9245715199999878,0.0,0.0
ALA  66,94.082,0.0,0.0,-5.613,0.0,0.0,-83.181,0.0,0.0,-1.724,0.0,0.0,0.0662866,0.0,0.0,3.6302865999999967,0.0,0.0
GLN  67,46.941,0.0,0.0,-7.627,0.0,0.0,-72.513,0.0,0.0,-19.352,0.0,0.0,0.62432438,0.0,0.0,-51.926675620000005,0.0,0.0
MET  68,91.336,0.0,0.0,-11.023,0.0,0.0,-75.317,0.0,0.0,-2.008,0.0,0.0,0.25394868000000004,0.0,0.0,3.2419486800000095,0.0,0.0
LEU  69,82.565,0.0,0.0,-11.691,0.0,0.0,-77.116,0.0,0.0,-3.971,0.0,0.0,0.01397276,0.0,0.0,-10.199027240000005,0.0,0.0
LYS  70,129.357,0.0,0.0,-7.973,0.0,0.0,-118.794,0.0,0.0,-20.583,0.0,0.0,0.79312486,0.0,0.0,-17.199875139999996,0.0,0.0
GLU  71,108.685,0.0,0.0,-6.875,0.0,0.0,-70.778,0.0,0.0,-92.909,0.0,0.0,0.62241112,0.0,0.0,-61.25458888000001,0.0,0.0
THR  72,49.361,0.0,0.0,-9.545,0.0,0.0,-54.109,0.0,0.0,-5.623,0.0,0.0,0.01007036,0.0,0.0,-19.905929640000007,0.0,0.0
ILE  73,72.227,0.0,0.0,-8.612,0.0,0.0,-49.664,0.0,0.0,-4.12,0.0,0.0,0.10442172,0.0,0.0,9.935421719999999,0.0,0.0
ASN  74,39.973,0.0,0.0,-6.443,0.0,0.0,-95.371,0.0,0.0,-10.383,0.0,0.0,0.51876988,0.0,0.0,-71.70523012,0.0,0.0
GLU  75,109.774,0.0,0.0,-7.04,0.0,0.0,-53.884,0.0,0.0,-100.709,0.0,0.0,0.5246126400000001,0.0,0.0,-51.33438736000001,0.0,0.0
GLU  76,101.427,0.0,0.0,-10.375,0.0,0.0,-34.173,0.0,0.0,-107.974,0.0,0.0,0.24479972,0.0,0.0,-50.850200279999996,0.0,0.0
ALA  77,84.909,0.0,0.0,-6.88,0.0,0.0,-71.613,0.0,0.0,-2.809,0.0,0.0,0.1019231,0.0,0.0,3.708923100000011,0.0,0.0
ALA  78,96.129,0.0,0.0,-5.845,0.0,0.0,-87.938,0.0,0.0,0.888,0.0,0.0,0.18758078000000003,0.0,0.0,3.4215807800000038,0.0,0.0
GLU  79,109.682,0.0,0.0,-6.401,0.0,0.0,-58.241,0.0,0.0,-96.327,0.0,0.0,0.47996268000000003,0.0,0.0,-50.80703731999999,0.0,0.0
TRP  80,117.509,0.0,0.0,-15.086,0.0,0.0,-85.247,0.0,0.0,-5.572,0.0,0.0,0.27923298,0.0,0.0,11.883232980000002,0.0,0.0
ASP  81,103.386,0.0,0.0,-9.026,0.0,0.0,-72.35,0.0,0.0,-70.317,0.0,0.0,0.20188416,0.0,0.0,-48.10511583999999,0.0,0.0
ARG  82,-198.52,0.0,0.0,-6.179,0.0,0.0,-4.723,0.0,0.0,31.128,0.0,0.0,1.03604926,0.0,0.0,-177.25795074000004,0.0,0.0
LEU  83,66.783,0.0,0.0,-6.115,0.0,0.0,-75.921,0.0,0.0,-0.94,0.0,0.0,0.73624196,0.0,0.0,-15.45675804000001,0.0,0.0
HID  84,115.537,0.0,0.0,-8.581,0.0,0.0,-73.205,0.0,0.0,-11.666,0.0,0.0,0.39417492000000004,0.0,0.0,22.479174920000005,0.0,0.0
PRO  85,96.503,0.0,0.0,-3.803,0.0,0.0,-60.084,0.0,0.0,-9.251,0.0,0.0,0.6932342600000001,0.0,0.0,24.058234260000003,0.0,0.0
VAL  86,51.904,0.0,0.0,-5.162,0.0,0.0,-49.917,0.0,0.0,-6.869,0.0,0.0,0.5147916,0.0,0.0,-9.529208399999996,0.0,0.0
HID  87,84.908,0.0,0.0,-8.935,0.0,0.0,-57.591,0.0,0.0,-8.762,0.0,0.0,0.328452,0.0,0.0,9.948451999999998,0.0,0.0
ALA  88,97.432,0.0,0.0,-3.116,0.0,0.0,-76.017,0.0,0.0,-8.055,0.0,0.0,0.46188156,0.0,0.0,10.705881560000007,0.0,0.0
GLY  89,89.24,0.0,0.0,-1.25,0.0,0.0,-70.101,0.0,0.0,-11.739,0.0,0.0,0.33825678000000003,0.0,0.0,6.488256779999995,0.0,0.0
PRO  90,82.909,0.0,0.0,-2.051,0.0,0.0,-55.823,0.0,0.0,-8.282,0.0,0.0,0.8484359600000001,0.0,0.0,17.601435960000003,0.0,0.0
ILE  91,79.617,0.0,0.0,-5.012,0.0,0.0,-61.641,0.0,0.0,-3.742,0.0,0.0,0.43829914000000003,0.0,0.0,9.660299140000005,0.0,0.0
ALA  92,95.921,0.0,0.0,-3.235,0.0,0.0,-69.172,0.0,0.0,-6.754,0.0,0.0,0.28668006,0.0,0.0,17.04668006000001,0.0,0.0
PRO  93,92.566,0.0,0.0,-2.146,0.0,0.0,-58.618,0.0,0.0,-6.368,0.0,0.0,0.7779326000000001,0.0,0.0,26.211932599999997,0.0,0.0
GLY  94,73.627,0.0,0.0,-1.753,0.0,0.0,-65.788,0.0,0.0,-7.514,0.0,0.0,0.44364326,0.0,0.0,-0.9843567400000017,0.0,0.0
GLN  95,30.288,0.0,0.0,-4.899,0.0,0.0,-68.888,0.0,0.0,-11.155,0.0,0.0,0.6362754800000001,0.0,0.0,-54.01772452000001,0.0,0.0
MET  96,101.277,0.0,0.0,-6.03,0.0,0.0,-75.384,0.0,0.0,-8.064,0.0,0.0,0.35930264,0.0,0.0,12.158302639999999,0.0,0.0
ARG  97,-198.674,0.0,0.0,-8.247,0.0,0.0,-28.956,0.0,0.0,43.371,0.0,0.0,0.33220264000000005,0.0,0.0,-192.17379735999998,0.0,0.0
GLU  98,104.79,0.0,0.0,-5.126,0.0,0.0,-60.85,0.0,0.0,-85.881,0.0,0.0,0.41073844,0.0,0.0,-46.65626156,0.0,0.0
PRO  99,94.722,0.0,0.0,-10.236,0.0,0.0,-63.424,0.0,0.0,-3.063,0.0,0.0,0.00466662,0.0,0.0,18.00366661999999,0.0,0.0
ARG 100,-182.822,0.0,0.0,-11.251,0.0,0.0,-14.055,0.0,0.0,32.611,0.0,0.0,0.3557959,0.0,0.0,-175.16120410000002,0.0,0.0
GLY 101,76.377,0.0,0.0,-5.505,0.0,0.0,-83.643,0.0,0.0,0.487,0.0,0.0,0.0,0.0,0.0,-12.284,0.0,0.0
SER 102,66.894,0.0,0.0,-4.587,0.0,0.0,-65.613,0.0,0.0,-1.95,0.0,0.0,0.21637724,0.0,0.0,-5.039622759999998,0.0,0.0
ASP 103,92.548,0.0,0.0,-9.282,0.0,0.0,-92.173,0.0,0.0,-52.827,0.0,0.0,0.00715982,0.0,0.0,-61.726840179999996,0.0,0.0
ILE 104,76.319,0.0,0.0,-12.366,0.0,0.0,-60.807,0.0,0.0,-0.569,0.0,0.0,0.0,0.0,0.0,2.577000000000001,0.0,0.0
ALA 105,91.259,0.0,0.0,-7.886,0.0,0.0,-76.757,0.0,0.0,-0.491,0.0,0.0,0.04375566,0.0,0.0,6.16875566,0.0,0.0
GLY 106,90.488,0.0,0.0,-6.175,0.0,0.0,-85.16,0.0,0.0,-2.693,0.0,0.0,0.034758460000000005,0.0,0.0,-3.5052415399999943,0.0,0.0
THR 107,44.846,0.0,0.0,-4.385,0.0,0.0,-52.581,0.0,0.0,-8.809,0.0,0.0,0.6436792000000001,0.0,0.0,-20.2853208,0.0,0.0
THR 108,37.705,0.0,0.0,-1.44,0.0,0.0,-54.85,0.0,0.0,-3.042,0.0,0.0,0.5235178,0.0,0.0,-21.103482200000002,0.0,0.0
SER 109,67.066,0.0,0.0,-7.099,0.0,0.0,-63.48,0.0,0.0,-1.655,0.0,0.0,0.0589425,0.0,0.0,-5.109057499999999,0.0,0.0
THR 110,28.225,0.0,0.0,-6.079,0.0,0.0,-35.364,0.0,0.0,-3.927,0.0,0.0,0.41754596,0.0,0.0,-16.727454039999998,0.0,0.0
LEU 111,65.638,0.0,0.0,-9.222,0.0,0.0,-66.018,0.0,0.0,-3.552,0.0,0.0,0.25934700000000005,0.0,0.0,-12.894652999999996,0.0,0.0
GLN 112,36.683,0.0,0.0,-6.141,0.0,0.0,-80.05,0.0,0.0,-11.195,0.0,0.0,0.7143831,0.0,0.0,-59.9886169,0.0,0.0
GLU 113,102.749,0.0,0.0,-10.238,0.0,0.0,-90.645,0.0,0.0,-56.362,0.0,0.0,0.20898436,0.0,0.0,-54.28701564,0.0,0.0
GLN 114,38.279,0.0,0.0,-11.596,0.0,0.0,-87.979,0.0,0.0,-0.525,0.0,0.0,0.0,0.0,0.0,-61.82099999999999,0.0,0.0
ILE 115,81.957,0.0,0.0,-7.758,0.0,0.0,-68.086,0.0,0.0,-2.711,0.0,0.0,0.26564504,0.0,0.0,3.6676450399999996,0.0,0.0
GLY 116,77.227,0.0,0.0,-5.105,0.0,0.0,-76.605,0.0,0.0,-1.064,0.0,0.0,0.039950820000000005,0.0,0.0,-5.5070491800000045,0.0,0.0
TRP 117,126.011,0.0,0.0,-18.39,0.0,0.0,-92.009,0.0,0.0,-3.397,0.0,0.0,0.01726812,0.0,0.0,12.232268119999995,0.0,0.0
MET 118,100.045,0.0,0.0,-10.583,0.0,0.0,-84.486,0.0,0.0,-3.728,0.0,0.0,0.2225723,0.0,0.0,1.4705722999999988,0.0,0.0
THR 119,40.221,0.0,0.0,-6.014,0.0,0.0,-51.124,0.0,0.0,-3.836,0.0,0.0,0.34792064,0.0,0.0,-20.405079360000006,0.0,0.0
HID 120,94.221,0.0,0.0,-6.586,0.0,0.0,-55.587,0.0,0.0,-16.212,0.0,0.0,0.64042178,0.0,0.0,16.476421780000003,0.0,0.0
ASN 121,40.406,0.0,0.0,-4.011,0.0,0.0,-78.851,0.0,0.0,-15.654,0.0,0.0,0.7714882200000001,0.0,0.0,-57.33851178,0.0,0.0
PRO 122,92.09,0.0,0.0,-3.104,0.0,0.0,-54.909,0.0,0.0,-6.944,0.0,0.0,0.6515382,0.0,0.0,27.784538200000007,0.0,0.0
PRO 123,87.943,0.0,0.0,-5.422,0.0,0.0,-59.793,0.0,0.0,-4.725,0.0,0.0,0.36995294000000006,0.0,0.0,18.37295294,0.0,0.0
ILE 124,100.701,0.0,0.0,-7.736,0.0,0.0,-63.767,0.0,0.0,-0.891,0.0,0.0,0.28450664,0.0,0.0,28.591506639999988,0.0,0.0
PRO 125,90.437,0.0,0.0,-6.912,0.0,0.0,-66.265,0.0,0.0,-1.594,0.0,0.0,0.2928968,0.0,0.0,15.958896799999991,0.0,0.0
VAL 126,55.311,0.0,0.0,-10.146,0.0,0.0,-58.345,0.0,0.0,-1.192,0.0,0.0,0.0,0.0,0.0,-14.372,0.0,0.0
GLY 127,74.895,0.0,0.0,-5.768,0.0,0.0,-73.607,0.0,0.0,-1.819,0.0,0.0,0.0020433400000000003,0.0,0.0,-6.296956660000004,0.0,0.0
GLU 128,106.829,0.0,0.0,-6.822,0.0,0.0,-86.921,0.0,0.0,-65.337,0.0,0.0,0.43692246,0.0,0.0,-51.81407754000002,0.0,0.0
ILE 129,80.62,0.0,0.0,-9.559,0.0,0.0,-66.594,0.0,0.0,-0.065,0.0,0.0,0.19842078000000002,0.0,0.0,4.600420780000013,0.0,0.0
TYR 130,94.148,0.0,0.0,-15.051,0.0,0.0,-90.832,0.0,0.0,-1.657,0.0,0.0,0.034053860000000005,0.0,0.0,-13.35794614,0.0,0.0
LYS 131,141.558,0.0,0.0,-12.011,0.0,0.0,-179.746,0.0,0.0,37.611,0.0,0.0,0.08832432,0.0,0.0,-12.499675680000015,0.0,0.0
ARG 132,-189.55,0.0,0.0,-10.238,0.0,0.0,22.203,0.0,0.0,0.419,0.0,0.0,0.8953406400000001,0.0,0.0,-176.27065936,0.0,0.0
TRP 133,126.4,0.0,0.0,-18.661,0.0,0.0,-95.645,0.0,0.0,-3.721,0.0,0.0,0.052286740000000005,0.0,0.0,8.425286740000008,0.0,0.0
ILE 134,89.387,0.0,0.0,-11.038,0.0,0.0,-69.262,0.0,0.0,-0.093,0.0,0.0,0.0166394,0.0,0.0,9.010639400000004,0.0,0.0
ILE 135,81.457,0.0,0.0,-8.591,0.0,0.0,-63.788,0.0,0.0,-0.482,0.0,0.0,0.16862162000000003,0.0,0.0,8.764621620000003,0.0,0.0
LEU 136,67.572,0.0,0.0,-9.476,0.0,0.0,-73.763,0.0,0.0,0.461,0.0,0.0,0.39026168000000006,0.0,0.0,-14.815738320000001,0.0,0.0
GLY 137,78.177,0.0,0.0,-7.079,0.0,0.0,-77.538,0.0,0.0,-0.131,0.0,0.0,0.0,0.0,0.0,-6.570999999999984,0.0,0.0
LEU 138,62.596,0.0,0.0,-11.818,0.0,0.0,-65.493,0.0,0.0,-2.012,0.0,0.0,0.0636579,0.0,0.0,-16.663342099999998,0.0,0.0
ASN 139,33.407,0.0,0.0,-9.274,0.0,0.0,-86.445,0.0,0.0,-6.76,0.0,0.0,0.1556895,0.0,0.0,-68.91631050000001,0.0,0.0
LYS 140,129.757,0.0,0.0,-9.541,0.0,0.0,-159.263,0.0,0.0,22.08,0.0,0.0,0.4237518600000001,0.0,0.0,-16.54324814,0.0,0.0
ILE 141,93.758,0.0,0.0,-10.541,0.0,0.0,-75.975,0.0,0.0,-2.14,0.0,0.0,0.01642802,0.0,0.0,5.118428020000004,0.0,0.0
VAL 142,58.797,0.0,0.0,-8.606,0.0,0.0,-56.857,0.0,0.0,-1.971,0.0,0.0,0.03145768,0.0,0.0,-8.605542320000003,0.0,0.0
ARG 143,-197.386,0.0,0.0,-8.046,0.0,0.0,0.277,0.0,0.0,28.585,0.0,0.0,0.37306944,0.0,0.0,-176.19693056,0.0,0.0
MET 144,94.23,0.0,0.0,-8.665,0.0,0.0,-73.94,0.0,0.0,-5.821,0.0,0.0,0.35496122,0.0,0.0,6.15896122,0.0,0.0
TYR 145,87.1,0.0,0.0,-8.584,0.0,0.0,-80.202,0.0,0.0,-11.489,0.0,0.0,0.8654385000000001,0.0,0.0,-12.309561500000008,0.0,0.0
SER 146,90.043,0.0,0.0,-3.719,0.0,0.0,-66.273,0.0,0.0,-5.184,0.0,0.0,0.2781273,0.0,0.0,15.145127300000015,0.0,0.0
PRO 147,89.079,0.0,0.0,-4.538,0.0,0.0,-63.731,0.0,0.0,-5.177,0.0,0.0,0.5974845400000001,0.0,0.0,16.230484539999996,0.0,0.0
THR 148,57.255,0.0,0.0,-6.467,0.0,0.0,-61.088,0.0,0.0,-4.828,0.0,0.0,0.31743314,0.0,0.0,-14.810566859999996,0.0,0.0
SER 149,69.066,0.0,0.0,-6.067,0.0,0.0,-64.338,0.0,0.0,0.347,0.0,0.0,0.1702422,0.0,0.0,-0.8217577999999915,0.0,0.0
ILE 150,76.23,0.0,0.0,-11.758,0.0,0.0,-57.508,0.0,0.0,-0.868,0.0,0.0,0.00965302,0.0,0.0,6.105653020000005,0.0,0.0
LEU 151,61.233,0.0,0.0,-6.547,0.0,0.0,-69.242,0.0,0.0,0.067,0.0,0.0,0.65784708,0.0,0.0,-13.831152920000005,0.0,0.0
ASP 152,95.777,0.0,0.0,-6.711,0.0,0.0,-86.855,0.0,0.0,-61.434,0.0,0.0,0.41458664000000006,0.0,0.0,-58.808413359999996,0.0,0.0
ILE 153,97.257,0.0,0.0,-8.932,0.0,0.0,-72.719,0.0,0.0,-2.015,0.0,0.0,0.04176652,0.0,0.0,13.632766520000008,0.0,0.0
ARG 154,-191.088,0.0,0.0,-6.221,0.0,0.0,37.255,0.0,0.0,-15.676,0.0,0.0,0.9194759000000001,0.0,0.0,-174.81052409999998,0.0,0.0
GLN 155,35.23,0.0,0.0,-12.452,0.0,0.0,-88.465,0.0,0.0,-1.048,0.0,0.0,0.07791792,0.0,0.0,-66.65708208000001,0.0,0.0
GLY 156,87.426,0.0,0.0,-1.784,0.0,0.0,-72.641,0.0,0.0,-6.365,0.0,0.0,0.10453554,0.0,0.0,6.74053553999999,0.0,0.0
PRO 157,87.636,0.0,0.0,-2.952,0.0,0.0,-53.564,0.0,0.0,-8.452,0.0,0.0,0.7416728,0.0,0.0,23.4096728,0.0,0.0
LYS 158,121.707,0.0,0.0,-4.179,0.0,0.0,-144.434,0.0,0.0,6.823,0.0,0.0,0.83502146,0.0,0.0,-19.247978540000005,0.0,0.0
GLU 159,117.505,0.0,0.0,-9.332,0.0,0.0,-111.128,0.0,0.0,-42.364,0.0,0.0,0.1868274,0.0,0.0,-45.1321726,0.0,0.0
PRO 160,82.197,0.0,0.0,-7.466,0.0,0.0,-54.884,0.0,0.0,-2.878,0.0,0.0,0.34372556000000004,0.0,0.0,17.312725560000008,0.0,0.0
PHE 161,104.55,0.0,0.0,-14.356,0.0,0.0,-73.724,0.0,0.0,-3.41,0.0,0.0,0.05803194000000001,0.0,0.0,13.118031939999998,0.0,0.0
ARG 162,-190.921,0.0,0.0,-7.395,0.0,0.0,-3.314,0.0,0.0,25.322,0.0,0.0,0.65413438,0.0,0.0,-175.65386562,0.0,0.0
ASP 163,86.526,0.0,0.0,-7.583,0.0,0.0,-61.706,0.0,0.0,-80.449,0.0,0.0,0.37558974,0.0,0.0,-62.83641026,0.0,0.0
TYR 164,105.331,0.0,0.0,-19.244,0.0,0.0,-99.664,0.0,0.0,0.392,0.0,0.0,0.0,0.0,0.0,-13.184999999999999,0.0,0.0
VAL 165,47.648,0.0,0.0,-9.877,0.0,0.0,-58.498,0.0,0.0,3.177,0.0,0.0,0.025896759999999998,0.0,0.0,-17.52410324,0.0,0.0
ASP 166,96.941,0.0,0.0,-7.16,0.0,0.0,-72.031,0.0,0.0,-68.885,0.0,0.0,0.37292310000000006,0.0,0.0,-50.762076900000004,0.0,0.0
ARG 167,-192.213,0.0,0.0,-10.671,0.0,0.0,2.154,0.0,0.0,14.218,0.0,0.0,0.4935994,0.0,0.0,-186.0184006,0.0,0.0
PHE 168,98.578,0.0,0.0,-14.946,0.0,0.0,-80.742,0.0,0.0,-0.326,0.0,0.0,0.0,0.0,0.0,2.5640000000000005,0.0,0.0
TYR 169,99.363,0.0,0.0,-11.867,0.0,0.0,-93.645,0.0,0.0,-1.77,0.0,0.0,0.2934388,0.0,0.0,-7.625561200000001,0.0,0.0
LYS 170,139.209,0.0,0.0,-7.548,0.0,0.0,-125.121,0.0,0.0,-20.258,0.0,0.0,0.7799759400000001,0.0,0.0,-12.938024059999993,0.0,0.0
THR 171,48.842,0.0,0.0,-8.834,0.0,0.0,-56.292,0.0,0.0,-3.206,0.0,0.0,0.08460078,0.0,0.0,-19.405399220000007,0.0,0.0
LEU 172,70.673,0.0,0.0,-11.97,0.0,0.0,-64.662,0.0,0.0,-4.063,0.0,0.0,0.021755880000000002,0.0,0.0,-10.000244120000001,0.0,0.0
ARG 173,-193.002,0.0,0.0,-9.41,0.0,0.0,41.901,0.0,0.0,-13.921,0.0,0.0,0.7266973400000001,0.0,0.0,-173.70530266,0.0,0.0
ALA 174,89.67,0.0,0.0,-4.127,0.0,0.0,-79.53,0.0,0.0,-2.791,0.0,0.0,0.031121640000000002,0.0,0.0,3.253121640000005,0.0,0.0
GLU 175,105.691,0.0,0.0,-7.512,0.0,0.0,-91.201,0.0,0.0,-63.135,0.0,0.0,0.36125384000000005,0.0,0.0,-55.795746159999986,0.0,0.0
GLN 176,28.985,0.0,0.0,-6.533,0.0,0.0,-60.794,0.0,0.0,-17.136,0.0,0.0,0.5805199400000001,0.0,0.0,-54.89748005999999,0.0,0.0
ALA 177,97.955,0.0,0.0,-5.208,0.0,0.0,-82.358,0.0,0.0,-5.062,0.0,0.0,0.16790618000000002,0.0,0.0,5.494906179999996,0.0,0.0
SER 178,82.235,0.0,0.0,-5.487,0.0,0.0,-71.193,0.0,0.0,-5.898,0.0,0.0,0.30912428000000003,0.0,0.0,-0.03387571999999284,0.0,0.0
GLN 179,29.331,0.0,0.0,-4.876,0.0,0.0,-65.24,0.0,0.0,-14.806,0.0,0.0,0.82948222,0.0,0.0,-54.76151777999999,0.0,0.0
GLU 180,113.588,0.0,0.0,-4.62,0.0,0.0,-73.822,0.0,0.0,-83.051,0.0,0.0,0.79908144,0.0,0.0,-47.10591856000001,0.0,0.0
VAL 181,62.307,0.0,0.0,-6.936,0.0,0.0,-59.312,0.0,0.0,-1.043,0.0,0.0,0.29619758,0.0,0.0,-4.687802419999995,0.0,0.0
LYS 182,117.069,0.0,0.0,-9.089,0.0,0.0,-101.964,0.0,0.0,-24.682,0.0,0.0,0.32699402000000005,0.0,0.0,-18.339005979999992,0.0,0.0
ASN 183,22.22,0.0,0.0,-6.694,0.0,0.0,-80.558,0.0,0.0,-10.343,0.0,0.0,0.58987486,0.0,0.0,-74.78512514000002,0.0,0.0
TRP 184,125.537,0.0,0.0,-10.852,0.0,0.0,-89.164,0.0,0.0,-7.955,0.0,0.0,0.87843024,0.0,0.0,18.444430240000003,0.0,0.0
MET 185,103.757,0.0,0.0,-12.511,0.0,0.0,-85.247,0.0,0.0,-1.535,0.0,0.0,0.14504462,0.0,0.0,4.6090446200000095,0.0,0.0
THR 186,42.2,0.0,0.0,-6.063,0.0,0.0,-59.789,0.0,0.0,-0.546,0.0,0.0,0.08286638,0.0,0.0,-24.11513362,0.0,0.0
GLU 187,103.062,0.0,0.0,-7.126,0.0,0.0,-57.092,0.0,0.0,-90.693,0.0,0.0,0.4920655400000001,0.0,0.0,-51.356934460000005,0.0,0.0
THR 188,41.111,0.0,0.0,-6.624,0.0,0.0,-49.456,0.0,0.0,0.141,0.0,0.0,0.28941716000000006,0.0,0.0,-14.538582840000009,0.0,0.0
LEU 189,64.288,0.0,0.0,-10.097,0.0,0.0,-65.162,0.0,0.0,-0.618,0.0,0.0,0.13919644,0.0,0.0,-11.449803560000012,0.0,0.0
LEU 190,85.596,0.0,0.0,-9.814,0.0,0.0,-91.68,0.0,0.0,-0.334,0.0,0.0,0.0,0.0,0.0,-16.231999999999996,0.0,0.0
VAL 191,57.739,0.0,0.0,-8.099,0.0,0.0,-59.408,0.0,0.0,-0.051,0.0,0.0,0.06949524,0.0,0.0,-9.74950476,0.0,0.0
GLN 192,24.115,0.0,0.0,-7.283,0.0,0.0,-78.761,0.0,0.0,1.827,0.0,0.0,0.5010085400000001,0.0,0.0,-59.60099146,0.0,0.0
ASN 193,18.582,0.0,0.0,-8.737,0.0,0.0,-82.585,0.0,0.0,-2.503,0.0,0.0,0.07548976,0.0,0.0,-75.16751024,0.0,0.0
ALA 194,93.024,0.0,0.0,-8.552,0.0,0.0,-84.888,0.0,0.0,2.994,0.0,0.0,0.020563480000000002,0.0,0.0,2.5985634800000033,0.0,0.0
ASN 195,30.11,0.0,0.0,-7.381,0.0,0.0,-86.205,0.0,0.0,-4.176,0.0,0.0,0.12257872,0.0,0.0,-67.52942128,0.0,0.0
PRO 196,78.666,0.0,0.0,-4.865,0.0,0.0,-60.748,0.0,0.0,-2.37,0.0,0.0,0.55783724,0.0,0.0,11.240837240000003,0.0,0.0
ASP 197,88.957,0.0,0.0,-5.626,0.0,0.0,-76.631,0.0,0.0,-63.064,0.0,0.0,0.41290644000000004,0.0,0.0,-55.95109356000001,0.0,0.0
CYX 198,103.43,0.0,0.0,-8.784,0.0,0.0,-82.347,0.0,0.0,-0.037,0.0,0.0,0.0035988800000000005,0.0,0.0,12.265598880000006,0.0,0.0
LYS 199,136.085,0.0,0.0,-11.34,0.0,0.0,-123.031,0.0,0.0,-21.79,0.0,0.0,0.27247966,0.0,0.0,-19.803520340000002,0.0,0.0
THR 200,55.993,0.0,0.0,-5.037,0.0,0.0,-65.472,0.0,0.0,-2.406,0.0,0.0,0.45040742,0.0,0.0,-16.47159257999999,0.0,0.0
ILE 201,77.769,0.0,0.0,-7.159,0.0,0.0,-57.662,0.0,0.0,-1.414,0.0,0.0,0.43795768,0.0,0.0,11.971957680000001,0.0,0.0
LEU 202,77.242,0.0,0.0,-12.052,0.0,0.0,-72.048,0.0,0.0,-5.171,0.0,0.0,0.00715982,0.0,0.0,-12.021840180000003,0.0,0.0
LYS 203,121.497,0.0,0.0,-7.102,0.0,0.0,-99.965,0.0,0.0,-29.931,0.0,0.0,0.6275330200000001,0.0,0.0,-14.873466980000009,0.0,0.0
ALA 204,85.696,0.0,0.0,-3.977,0.0,0.0,-74.179,0.0,0.0,-6.034,0.0,0.0,0.5239514000000001,0.0,0.0,2.0299513999999923,0.0,0.0
LEU 205,80.176,0.0,0.0,-6.069,0.0,0.0,-79.815,0.0,0.0,-6.026,0.0,0.0,0.44335058000000005,0.0,0.0,-11.290649419999998,0.0,0.0
GLY 206,89.405,0.0,0.0,-3.012,0.0,0.0,-73.998,0.0,0.0,-8.702,0.0,0.0,0.08873082,0.0,0.0,3.781730819999996,0.0,0.0
PRO 207,83.458,0.0,0.0,-3.22,0.0,0.0,-54.157,0.0,0.0,-7.7,0.0,0.0,0.63903968,0.0,0.0,19.020039680000004,0.0,0.0
GLY 208,65.678,0.0,0.0,-2.061,0.0,0.0,-64.634,0.0,0.0,-4.697,0.0,0.0,0.36625108,0.0,0.0,-5.3477489200000035,0.0,0.0
ALA 209,100.214,0.0,0.0,-4.676,0.0,0.0,-88.564,0.0,0.0,-2.595,0.0,0.0,0.13109354,0.0,0.0,4.510093540000003,0.0,0.0
THR 210,53.423,0.0,0.0,-5.001,0.0,0.0,-49.424,0.0,0.0,-7.886,0.0,0.0,0.51673196,0.0,0.0,-8.371268039999995,0.0,0.0
LEU 211,65.459,0.0,0.0,-8.335,0.0,0.0,-67.814,0.0,0.0,-3.101,0.0,0.0,0.21510354,0.0,0.0,-13.57589645999999,0.0,0.0
GLU 212,100.539,0.0,0.0,-6.087,0.0,0.0,-93.72,0.0,0.0,-63.559,0.0,0.0,0.5943572,0.0,0.0,-62.2326428,0.0,0.0
GLU 213,106.62,0.0,0.0,-7.354,0.0,0.0,-55.122,0.0,0.0,-99.019,0.0,0.0,0.5089922,0.0,0.0,-54.3660078,0.0,0.0
MET 214,94.037,0.0,0.0,-12.575,0.0,0.0,-75.118,0.0,0.0,-3.841,0.0,0.0,0.024910320000000003,0.0,0.0,2.527910320000008,0.0,0.0
MET 215,105.399,0.0,0.0,-9.466,0.0,0.0,-83.16,0.0,0.0,-4.665,0.0,0.0,0.15000392,0.0,0.0,8.25800392000001,0.0,0.0
THR 216,36.504,0.0,0.0,-4.156,0.0,0.0,-40.179,0.0,0.0,-7.245,0.0,0.0,0.60864974,0.0,0.0,-14.467350260000003,0.0,0.0
ALA 217,78.843,0.0,0.0,-5.959,0.0,0.0,-70.791,0.0,0.0,-0.407,0.0,0.0,0.14923428,0.0,0.0,1.8352342800000034,0.0,0.0
CYX 218,96.211,0.0,0.0,-8.136,0.0,0.0,-75.37,0.0,0.0,-6.35,0.0,0.0,0.0417611,0.0,0.0,6.396761099999999,0.0,0.0
GLN 219,38.245,0.0,0.0,-6.721,0.0,0.0,-73.551,0.0,0.0,-11.467,0.0,0.0,0.40039708,0.0,0.0,-53.09360292,0.0,0.0
GLY 220,96.36,0.0,0.0,-2.296,0.0,0.0,-79.655,0.0,0.0,-10.727,0.0,0.0,0.38144876,0.0,0.0,4.063448759999991,0.0,0.0
VAL 221,31.298,0.0,0.0,-4.095,0.0,0.0,-46.503,0.0,0.0,-72.254,0.0,0.0,0.5895605,0.0,0.0,-90.9644395,0.0,0.0

Receptor:
Total Energy Decomposition:
Residue,Internal,,,van der Waals,,,Electrostatic,,,Polar Solvation,,,Non-Polar Solv.,,,TOTAL,,
,Avg.,Std. Dev.,Std. Err. of Mean,Avg.,Std. Dev.,Std. Err. of Mean,Avg.,Std. Dev.,Std. Err. of Mean,Avg.,Std. Dev.,Std. Err. of Mean,Avg.,Std. Dev.,Std. Err. of Mean,Avg.,Std. Dev.,Std. Err. of Mean
PRO   1,102.199,0.0,0.0,-6.525,0.0,0.0,-107.065,0.0,0.0,7.924,0.0,0.0,0.0672351,0.0,0.0,-3.399764900000005,0.0,0.0
ILE   2,90.884,0.0,0.0,-7.507,0.0,0.0,-65.544,0.0,0.0,-4.272,0.0,0.0,0.1117333,0.0,0.0,13.672733299999997,0.0,0.0
VAL   3,56.665,0.0,0.0,-4.47,0.0,0.0,-56.322,0.0,0.0,-2.562,0.0,0.0,0.29749838,0.0,0.0,-6.391501620000001,0.0,0.0
GLN   4,25.536,0.0,0.0,-6.714,0.0,0.0,-54.473,0.0,0.0,-15.122,0.0,0.0,0.7265835200000001,0.0,0.0,-50.04641648,0.0,0.0
ASN   5,23.764,0.0,0.0,-6.451,0.0,0.0,-71.709,0.0,0.0,-14.514,0.0,0.0,0.3766358,0.0,0.0,-68.5333642,0.0,0.0
LEU   6,67.419,0.0,0.0,-2.156,0.0,0.0,-68.017,0.0,0.0,-7.027,0.0,0.0,1.0916693,0.0,0.0,-8.689330700000006,0.0,0.0
GLN   7,41.624,0.0,0.0,-3.605,0.0,0.0,-75.547,0.0,0.0,-17.254,0.0,0.0,0.94128056,0.0,0.0,-53.840719439999994,0.0,0.0
GLY   8,74.326,0.0,0.0,-2.387,0.0,0.0,-67.017,0.0,0.0,-5.986,0.0,0.0,0.39535648000000007,0.0,0.0,-0.6686435200000027,0.0,0.0
GLN   9,33.176,0.0,0.0,-4.957,0.0,0.0,-70.161,0.0,0.0,-12.886,0.0,0.0,0.73307126,0.0,0.0,-54.09492874,0.0,0.0
MET  10,104.032,0.0,0.0,-7.022,0.0,0.0,-83.131,0.0,0.0,-5.484,0.0,0.0,0.44933426000000004,0.0,0.0,8.844334259999991,0.0,0.0
VAL  11,49.324,0.0,0.0,-5.026,0.0,0.0,-52.405,0.0,0.0,-2.059,0.0,0.0,0.40890106000000004,0.0,0.0,-9.75709894,0.0,0.0
HID  12,88.135,0.0,0.0,-10.641,0.0,0.0,-62.379,0.0,0.0,-8.109,0.0,0.0,0.27862594,0.0,0.0,7.284625940000002,0.0,0.0
GLN  13,36.36,0.0,0.0,-5.205,0.0,0.0,-76.234,0.0,0.0,-11.871,0.0,0.0,0.5168728800000001,0.0,0.0,-56.433127119999995,0.0,0.0
ALA  14,98.891,0.0,0.0,-3.579,0.0,0.0,-82.291,0.0,0.0,-3.157,0.0,0.0,0.50382694,0.0,0.0,10.367826940000015,0.0,0.0
ILE  15,98.191,0.0,0.0,-7.764,0.0,0.0,-71.229,0.0,0.0,-5.236,0.0,0.0,0.14980880000000002,0.0,0.0,14.111808800000007,0.0,0.0
SER  16,70.76,0.0,0.0,-6.301,0.0,0.0,-48.741,0.0,0.0,-8.249,0.0,0.0,0.22064820000000002,0.0,0.0,7.689648200000003,0.0,0.0
PRO  17,88.02,0.0,0.0,-5.37,0.0,0.0,-58.593,0.0,0.0,-4.57,0.0,0.0,0.64275238,0.0,0.0,20.12975237999999,0.0,0.0
ARG  18,-182.705,0.0,0.0,-6.638,0.0,0.0,69.537,0.0,0.0,-53.59,0.0,0.0,1.14507256,0.0,0.0,-172.25092744000003,0.0,0.0
THR  19,44.657,0.0,0.0,-8.43,0.0,0.0,-51.095,0.0,0.0,-4.969,0.0,0.0,0.16247534000000002,0.0,0.0,-19.674524660000003,0.0,0.0
LEU  20,57.568,0.0,0.0,-8.874,0.0,0.0,-54.785,0.0,0.0,-3.972,0.0,0.0,0.24321708000000003,0.0,0.0,-9.81978292,0.0,0.0
ASN  21,35.002,0.0,0.0,-6.12,0.0,0.0,-81.055,0.0,0.0,-20.558,0.0,0.0,0.6368391600000001,0.0,0.0,-72.09416084,0.0,0.0
ALA  22,93.699,0.0,0.0,-5.725,0.0,0.0,-83.963,0.0,0.0,-2.439,0.0,0.0,0.20899520000000002,0.0,0.0,1.7809952000000098,0.0,0.0
TRP  23,129.19,0.0,0.0,-16.219,0.0,0.0,-95.82,0.0,0.0,-4.529,0.0,0.0,0.022184060000000002,0.0,0.0,12.644184060000011,0.0,0.0
VAL  24,63.206,0.0,0.0,-6.868,0.0,0.0,-56.964,0.0,0.0,-4.727,0.0,0.0,0.4389658,0.0,0.0,-4.914034199999998,0.0,0.0
LYS  25,134.638,0.0,0.0,-7.45,0.0,0.0,-128.589,0.0,0.0,-12.478,0.0,0.0,0.6779336,0.0,0.0,-13.201066399999997,0.0,0.0
VAL  26,58.458,0.0,0.0,-7.876,0.0,0.0,-67.442,0.0,0.0,-1.476,0.0,0.0,0.06901286000000001,0.0,0.0,-18.26698713999999,0.0,0.0
VAL  27,49.922,0.0,0.0,-9.371,0.0,0.0,-51.635,0.0,0.0,-3.902,0.0,0.0,0.0689695,0.0,0.0,-14.917030500000005,0.0,0.0
GLU  28,95.031,0.0,0.0,-6.228,0.0,0.0,-59.855,0.0,0.0,-85.963,0.0,0.0,0.69542936,0.0,0.0,-56.31957063999998,0.0,0.0
GLU  29,107.271,0.0,0.0,-4.567,0.0,0.0,-103.435,0.0,0.0,-45.344,0.0,0.0,0.5896255400000001,0.0,0.0,-45.485374459999996,0.0,0.0
LYS  30,121.052,0.0,0.0,-7.809,0.0,0.0,-105.48,0.0,0.0,-21.216,0.0,0.0,0.51147456,0.0,0.0,-12.941525439999996,0.0,0.0
ALA  31,88.63,0.0,0.0,-5.719,0.0,0.0,-78.092,0.0,0.0,-3.988,0.0,0.0,0.12329958,0.0,0.0,0.9542995800000026,0.0,0.0
PHE  32,103.552,0.0,0.0,-9.675,0.0,0.0,-77.289,0.0,0.0,-5.52,0.0,0.0,0.25301102,0.0,0.0,11.32101102000001,0.0,0.0
SER  33,87.04,0.0,0.0,-6.517,0.0,0.0,-60.907,0.0,0.0,-6.532,0.0,0.0,0.21380274000000002,0.0,0.0,13.297802740000014,0.0,0.0
PRO  34,74.994,0.0,0.0,-6.38,0.0,0.0,-55.357,0.0,0.0,-2.759,2.9802322387695312e-08,2.9802322387695312e-08,0.38325362,0.0,0.0,10.881253620000004,0.0,0.0
GLU  35,103.488,0.0,0.0,-6.301,0.0,0.0,-82.263,0.0,0.0,-66.534,0.0,0.0,0.61906698,0.0,0.0,-50.990933020000014,0.0,0.0
VAL  36,52.672,0.0,0.0,-7.433,0.0,0.0,-54.49,0.0,0.0,0.35,0.0,0.0,0.0014363000000000002,0.0,0.0,-8.899563700000005,0.0,0.0
ILE  37,86.298,0.0,0.0,-7.666,0.0,0.0,-61.335,0.0,0.0,0.229,0.0,0.0,0.0905953,0.0,0.0,17.616595300000004,0.0,0.0
PRO  38,86.254,0.0,0.0,-4.306,0.0,0.0,-60.052,0.0,0.0,-2.22,0.0,0.0,0.50060746,0.0,0.0,20.17660746000001,0.0,0.0
MET  39,95.19,0.0,0.0,-9.684,0.0,0.0,-70.29,0.0,0.0,-4.125,0.0,0.0,0.44256468,0.0,0.0,11.533564679999994,0.0,0.0
PHE  40,110.822,0.0,0.0,-13.961,0.0,0.0,-86.172,0.0,0.0,-2.075,0.0,0.0,0.0039024000000000003,0.0,0.0,8.617902400000007,0.0,0.0
SER  41,65.488,0.0,0.0,-6.921,0.0,0.0,-46.896,0.0,0.0,-11.726,0.0,0.0,0.24488102,0.0,0.0,0.1898810199999985,0.0,0.0
ALA  42,86.405,0.0,0.0,-4.552,0.0,0.0,-65.623,0.0,0.0,-6.756,0.0,0.0,0.41011514000000004,0.0,0.0,9.884115140000004,0.0,0.0
LEU  43,74.958,0.0,0.0,-10.26,0.0,0.0,-75.643,0.0,0.0,-3.674,0.0,0.0,0.21199246000000002,0.0,0.0,-14.407007540000007,0.0,0.0
SER  44,73.562,0.0,0.0,-6.976,0.0,0.0,-72.695,0.0,0.0,-0.954,0.0,0.0,0.0057560400000000005,0.0,0.0,-7.057243959999995,0.0,0.0
GLU  45,103.85,0.0,0.0,-3.249,0.0,0.0,-64.146,0.0,0.0,-80.142,0.0,0.0,0.7142530200000001,0.0,0.0,-42.97274698,0.0,0.0
GLY  46,67.246,0.0,0.0,-2.943,0.0,0.0,-69.226,0.0,0.0,0.152,0.0,0.0,0.11706658,0.0,0.0,-4.653933420000001,0.0,0.0
ALA  47,99.951,0.0,0.0,-6.71,0.0,0.0,-88.02,0.0,0.0,-2.51,0.0,0.0,0.0265038,0.0,0.0,2.737503800000004,0.0,0.0
THR  48,63.768,0.0,0.0,-7.045,0.0,0.0,-65.263,0.0,0.0,-1.007,0.0,0.0,0.0,0.0,0.0,-9.547000000000006,0.0,0.0
PRO  49,78.007,0.0,0.0,-11.581,0.0,0.0,-56.764,0.0,0.0,-0.051,0.0,0.0,0.0,0.0,0.0,9.610999999999999,0.0,0.0
GLN  50,29.738,0.0,0.0,-7.94,0.0,0.0,-76.398,0.0,0.0,-4.924,0.0,0.0,0.29160684000000003,0.0,0.0,-59.232393159999994,0.0,0.0
ASP  51,90.731,0.0,0.0,-5.552,0.0,0.0,-124.266,0.0,0.0,-20.73,0.0,0.0,0.04153346,0.0,0.0,-59.77546654000001,0.0,0.0
LEU  52,67.113,0.0,0.0,-12.52,0.0,0.0,-72.37,0.0,0.0,0.447,0.0,0.0,0.0,0.0,0.0,-17.330000000000002,0.0,0.0
ASN  53,38.377,0.0,0.0,-7.743,0.0,0.0,-99.183,0.0,0.0,-5.297,0.0,0.0,0.19047506000000003,0.0,0.0,-73.65552494,0.0,0.0
THR  54,54.776,0.0,0.0,-8.258,0.0,0.0,-61.981,0.0,0.0,-3.302,0.0,0.0,0.32740594,0.0,0.0,-18.437594060000002,0.0,0.0
MET  55,84.149,0.0,0.0,-12.253,0.0,0.0,-69.41,0.0,0.0,-0.833,0.0,0.0,0.0021138000000000003,0.0,0.0,1.6551138000000043,0.0,0.0
LEU  56,64.194,0.0,0.0,-9.879,0.0,0.0,-66.973,0.0,0.0,-0.958,0.0,0.0,0.14903374,0.0,0.0,-13.466966259999994,0.0,0.0
ASN  57,32.813,0.0,0.0,-6.173,0.0,0.0,-89.364,0.0,0.0,-12.499,0.0,0.0,0.6620150600000001,0.0,0.0,-74.56098494,0.0,0.0
THR  58,54.191,0.0,0.0,-7.602,0.0,0.0,-62.56,0.0,0.0,-5.162,0.0,0.0,0.22962914,0.0,0.0,-20.903370860000003,0.0,0.0
VAL  59,44.111,0.0,0.0,-6.537,0.0,0.0,-45.21,0.0,0.0,-1.207,0.0,0.0,0.052405980000000005,0.0,0.0,-8.790594020000004,0.0,0.0
ALA  60,89.548,0.0,0.0,-4.392,0.0,0.0,-63.987,0.0,0.0,-3.255,0.0,0.0,0.29155806,0.0,0.0,18.205558060000005,0.0,0.0
PRO  61,76.611,0.0,0.0,-4.575,0.0,0.0,-58.052,0.0,0.0,-3.302,0.0,0.0,0.6583132,0.0,0.0,11.340313200000002,0.0,0.0
HID  62,105.159,0.0,0.0,-8.117,0.0,0.0,-69.673,0.0,0.0,-9.46,0.0,0.0,0.19644248,0.0,0.0,18.10544248,0.0,0.0
GLN  63,30.089,0.0,0.0,-6.425,0.0,0.0,-62.66,0.0,0.0,-14.082,0.0,0.0,0.7086758400000001,0.0,0.0,-52.36932416,0.0,0.0
ALA  64,86.342,0.0,0.0,-5.315,0.0,0.0,-69.37,0.0,0.0,-4.131,0.0,0.0,0.31088036,0.0,0.0,7.836880359999996,0.0,0.0
ALA  65,89.726,0.0,0.0,-6.532,0.0,0.0,-77.741,0.0,0.0,-1.557,0.0,0.0,0.029571520000000004,0.0,0.0,3.925571520000003,0.0,0.0
ALA  66,94.082,0.0,0.0,-5.611,0.0,0.0,-83.357,0.0,0.0,-1.552,0.0,0.0,0.0662866,0.0,0.0,3.6282865999999903,0.0,0.0
GLN  67,46.941,0.0,0.0,-7.624,0.0,0.0,-72.705,0.0,0.0,-19.171,0.0,0.0,0.62432438,0.0,0.0,-51.93467562,0.0,0.0
MET  68,91.336,0.0,0.0,-11.008,0.0,0.0,-75.609,0.0,0.0,-1.718,0.0,0.0,0.25394868000000004,0.0,0.0,3.2549486800000085,0.0,0.0
LEU  69,82.565,0.0,0.0,-11.682,0.0,0.0,-77.368,0.0,0.0,-3.724,0.0,0.0,0.01397276,0.0,0.0,-10.19502724,0.0,0.0
LYS  70,129.357,0.0,0.0,-7.971,0.0,0.0,-111.639,0.0,0.0,-27.739,0.0,0.0,0.79312486,0.0,0.0,-17.198875140000002,0.0,0.0
GLU  71,108.685,0.0,0.0,-6.872,0.0,0.0,-80.711,0.0,0.0,-83.013,0.0,0.0,0.62241112,0.0,0.0,-61.28858888,0.0,0.0
THR  72,49.361,0.0,0.0,-9.537,0.0,0.0,-54.497,0.0,0.0,-5.244,0.0,0.0,0.01007036,0.0,0.0,-19.90692964,0.0,0.0
ILE  73,72.227,0.0,0.0,-8.608,0.0,0.0,-49.797,0.0,0.0,-3.989,0.0,0.0,0.10442172,0.0,0.0,9.937421720000001,0.0,0.0
ASN  74,39.973,0.0,0.0,-6.442,0.0,0.0,-95.038,0.0,0.0,-10.719,0.0,0.0,0.51876988,0.0,0.0,-71.70723012,0.0,0.0
GLU  75,109.774,0.0,0.0,-7.036,0.0,0.0,-66.989,0.0,0.0,-87.691,0.0,0.0,0.5246126400000001,0.0,0.0,-51.417387360000006,0.0,0.0
GLU  76,101.427,0.0,0.0,-10.369,0.0,0.0,-46.722,0.0,0.0,-95.517,0.0,0.0,0.24479972,0.0,0.0,-50.93620027999999,0.0,0.0
ALA  77,84.909,0.0,0.0,-6.879,0.0,0.0,-71.522,0.0,0.0,-2.9,0.0,0.0,0.1019231,0.0,0.0,3.7099230999999957,0.0,0.0
ALA  78,96.129,0.0,0.0,-5.844,0.0,0.0,-87.765,0.0,0.0,0.716,0.0,0.0,0.18758078000000003,0.0,0.0,3.4235807800000106,0.0,0.0
GLU  79,109.682,0.0,0.0,-6.399,0.0,0.0,-68.723,0.0,0.0,-85.869,0.0,0.0,0.47996268000000003,0.0,0.0,-50.82903732,0.0,0.0
TRP  80,117.509,0.0,0.0,-15.084,0.0,0.0,-85.363,0.0,0.0,-5.459,0.0,0.0,0.27923298,0.0,0.0,11.882232979999998,0.0,0.0
ASP  81,103.386,0.0,0.0,-9.026,0.0,0.0,-80.115,0.0,0.0,-62.557,0.0,0.0,0.20188416,0.0,0.0,-48.11011584,0.0,0.0
ARG  82,-198.52,0.0,0.0,-6.178,0.0,0.0,4.664,0.0,0.0,21.751,0.0,0.0,1.03604926,0.0,0.0,-177.24695074000002,0.0,0.0
LEU  83,66.783,0.0,0.0,-6.114,0.0,0.0,-75.853,0.0,0.0,-1.007,0.0,0.0,0.73624196,0.0,0.0,-15.454758039999993,0.0,0.0
HID  84,115.537,0.0,0.0,-8.581,0.0,0.0,-73.355,0.0,0.0,-11.517,0.0,0.0,0.39417492000000004,0.0,0.0,22.47817492,0.0,0.0
PRO  85,96.503,0.0,0.0,-3.803,0.0,0.0,-60.146,0.0,0.0,-9.19,0.0,0.0,0.6932342600000001,0.0,0.0,24.057234260000005,0.0,0.0
VAL  86,51.904,0.0,0.0,-5.162,0.0,0.0,-49.929,0.0,0.0,-6.858,0.0,0.0,0.5147916,0.0,0.0,-9.530208399999998,0.0,0.0
HID  87,84.908,0.0,0.0,-8.935,0.0,0.0,-57.482,0.0,0.0,-8.871,0.0,0.0,0.328452,0.0,0.0,9.948452,0.0,0.0
ALA  88,97.432,0.0,0.0,-3.116,0.0,0.0,-76.065,0.0,0.0,-8.007,0.0,0.0,0.46188156,0.0,0.0,10.705881560000005,0.0,0.0
GLY  89,89.24,0.0,0.0,-1.25,0.0,0.0,-70.16,0.0,0.0,-11.68,0.0,0.0,0.33825678000000003,0.0,0.0,6.488256779999999,0.0,0.0
PRO  90,82.909,0.0,0.0,-2.05,0.0,0.0,-55.908,0.0,0.0,-8.196,0.0,0.0,0.8484359600000001,0.0,0.0,17.60343596000001,0.0,0.0
ILE  91,79.617,0.0,0.0,-5.012,0.0,0.0,-61.573,0.0,0.0,-3.809,0.0,0.0,0.43829914000000003,0.0,0.0,9.661299140000002,0.0,0.0
ALA  92,95.921,0.0,0.0,-3.235,0.0,0.0,-69.205,0.0,0.0,-6.721,0.0,0.0,0.28668006,0.0,0.0,17.046680060000007,0.0,0.0
PRO  93,92.566,0.0,0.0,-2.146,0.0,0.0,-58.685,0.0,0.0,-6.301,0.0,0.0,0.7779326000000001,0.0,0.0,26.211932599999997,0.0,0.0
GLY  94,73.627,0.0,0.0,-1.753,0.0,0.0,-65.818,0.0,0.0,-7.483,0.0,0.0,0.44364326,0.0,0.0,-0.9833567400000023,0.0,0.0
GLN  95,30.288,0.0,0.0,-4.899,0.0,0.0,-68.703,0.0,0.0,-11.339,0.0,0.0,0.6362754800000001,0.0,0.0,-54.016724520000004,0.0,0.0
MET  96,101.277,0.0,0.0,-6.03,0.0,0.0,-75.389,0.0,0.0,-8.059,0.0,0.0,0.35930264,0.0,0.0,12.158302640000004,0.0,0.0
ARG  97,-198.674,0.0,0.0,-8.247,0.0,0.0,-22.717,0.0,0.0,37.133,0.0,0.0,0.33220264000000005,0.0,0.0,-192.17279735999998,0.0,0.0
GLU  98,104.79,0.0,0.0,-5.126,0.0,0.0,-67.464,0.0,0.0,-79.269,0.0,0.0,0.41073844,0.0,0.0,-46.65826156,0.0,0.0
PRO  99,94.722,0.0,0.0,-10.235,0.0,0.0,-63.496,0.0,0.0,-2.991,0.0,0.0,0.00466662,0.0,0.0,18.00466661999999,0.0,0.0
ARG 100,-182.822,0.0,0.0,-11.25,0.0,0.0,-6.752,0.0,0.0,25.312,0.0,0.0,0.3557959,0.0,0.0,-175.1562041,0.0,0.0
GLY 101,76.377,0.0,0.0,-5.505,0.0,0.0,-83.607,0.0,0.0,0.451,0.0,0.0,0.0,0.0,0.0,-12.283999999999999,0.0,0.0
SER 102,66.894,0.0,0.0,-4.587,0.0,0.0,-65.601,0.0,0.0,-1.963,0.0,0.0,0.21637724,0.0,0.0,-5.040622759999997,0.0,0.0
ASP 103,92.548,0.0,0.0,-9.282,0.0,0.0,-98.72,0.0,0.0,-46.282,0.0,0.0,0.00715982,0.0,0.0,-61.72884017999999,0.0,0.0
ILE 104,76.319,0.0,0.0,-12.365,0.0,0.0,-60.677,0.0,0.0,-0.7,0.0,0.0,0.0,0.0,0.0,2.577000000000001,0.0,0.0
ALA 105,91.259,0.0,0.0,-7.886,0.0,0.0,-76.685,0.0,0.0,-0.563,0.0,0.0,0.04375566,0.0,0.0,6.168755660000003,0.0,0.0
GLY 106,90.488,0.0,0.0,-6.175,0.0,0.0,-85.069,0.0,0.0,-2.784,0.0,0.0,0.034758460000000005,0.0,0.0,-3.50524154,0.0,0.0
THR 107,44.846,0.0,0.0,-4.385,0.0,0.0,-52.539,0.0,0.0,-8.851,0.0,0.0,0.6436792000000001,0.0,0.0,-20.2853208,0.0,0.0
THR 108,37.705,0.0,0.0,-1.44,0.0,0.0,-54.852,0.0,0.0,-3.04,0.0,0.0,0.5235178,0.0,0.0,-21.103482199999995,0.0,0.0
SER 109,67.066,0.0,0.0,-7.099,0.0,0.0,-63.483,0.0,0.0,-1.652,0.0,0.0,0.0589425,0.0,0.0,-5.109057499999999,0.0,0.0
THR 110,28.225,0.0,0.0,-6.079,0.0,0.0,-35.433,0.0,0.0,-3.858,0.0,0.0,0.41754596,0.0,0.0,-16.727454039999998,0.0,0.0
LEU 111,65.638,0.0,0.0,-9.222,0.0,0.0,-66.089,0.0,0.0,-3.482,0.0,0.0,0.25934700000000005,0.0,0.0,-12.895652999999994,0.0,0.0
GLN 112,36.683,0.0,0.0,-6.141,0.0,0.0,-80.156,0.0,0.0,-11.089,0.0,0.0,0.7143831,0.0,0.0,-59.988616900000004,0.0,0.0
GLU 113,102.749,0.0,0.0,-10.238,0.0,0.0,-96.629,0.0,0.0,-50.379,0.0,0.0,0.20898436,0.0,0.0,-54.288015640000005,0.0,0.0
GLN 114,38.279,0.0,0.0,-11.596,0.0,0.0,-88.06,0.0,0.0,-0.444,0.0,0.0,0.0,0.0,0.0,-61.821,0.0,0.0
ILE 115,81.957,0.0,0.0,-7.758,0.0,0.0,-68.161,0.0,0.0,-2.636,0.0,0.0,0.26564504,0.0,0.0,3.6676450399999965,0.0,0.0
GLY 116,77.227,0.0,0.0,-5.105,0.0,0.0,-76.623,0.0,0.0,-1.046,0.0,0.0,0.039950820000000005,0.0,0.0,-5.507049180000005,0.0,0.0
TRP 117,126.011,0.0,0.0,-18.39,0.0,0.0,-92.042,0.0,0.0,-3.365,0.0,0.0,0.01726812,0.0,0.0,12.231268119999994,0.0,0.0
MET 118,100.045,0.0,0.0,-10.583,0.0,0.0,-84.515,0.0,0.0,-3.699,0.0,0.0,0.2225723,0.0,0.0,1.4705723000000028,0.0,0.0
THR 119,40.221,0.0,0.0,-6.014,0.0,0.0,-51.103,0.0,0.0,-3.857,0.0,0.0,0.34792064,0.0,0.0,-20.405079360000006,0.0,0.0
HID 120,94.221,0.0,0.0,-6.586,0.0,0.0,-55.655,0.0,0.0,-16.145,0.0,0.0,0.64042178,0.0,0.0,16.475421780000005,0.0,0.0
ASN 121,40.406,0.0,0.0,-4.011,0.0,0.0,-78.873,0.0,0.0,-15.633,0.0,0.0,0.7714882200000001,0.0,0.0,-57.33951178,0.0,0.0
PRO 122,92.09,0.0,0.0,-3.104,0.0,0.0,-54.847,0.0,0.0,-7.006,0.0,0.0,0.6515382,0.0,0.0,27.784538200000004,0.0,0.0
PRO 123,87.943,0.0,0.0,-5.421,0.0,0.0,-59.945,0.0,0.0,-4.574,0.0,0.0,0.36995294000000006,0.0,0.0,18.372952939999994,0.0,0.0
ILE 124,100.701,0.0,0.0,-7.736,0.0,0.0,-63.642,0.0,0.0,-1.016,0.0,0.0,0.28450664,0.0,0.0,28.591506639999988,0.0,0.0
PRO 125,90.437,0.0,0.0,-6.911,0.0,0.0,-66.359,0.0,0.0,-1.5,0.0,0.0,0.2928968,0.0,0.0,15.959896800000001,0.0,0.0
VAL 126,55.311,0.0,0.0,-10.145,0.0,0.0,-58.495,0.0,0.0,-1.043,0.0,0.0,0.0,0.0,0.0,-14.372,0.0,0.0
GLY 127,74.895,0.0,0.0,-5.768,0.0,0.0,-73.729,0.0,0.0,-1.698,0.0,0.0,0.0020433400000000003,0.0,0.0,-6.297956660000004,0.0,0.0
GLU 128,106.829,0.0,0.0,-6.818,0.0,0.0,-94.039,0.0,0.0,-58.238,0.0,0.0,0.43692246,0.0,0.0,-51.82907754000001,0.0,0.0
ILE 129,80.62,0.0,0.0,-9.556,0.0,0.0,-66.798,0.0,0.0,0.138,0.0,0.0,0.19842078000000002,0.0,0.0,4.602420780000005,0.0,0.0
TYR 130,94.148,0.0,0.0,-15.048,0.0,0.0,-91.086,0.0,0.0,-1.407,0.0,0.0,0.034053860000000005,0.0,0.0,-13.358946140000004,0.0,0.0
LYS 131,141.558,0.0,0.0,-12.003,0.0,0.0,-173.29,0.0,0.0,31.127,0.0,0.0,0.08832432,0.0,0.0,-12.519675679999986,0.0,0.0
ARG 132,-189.55,0.0,0.0,-10.186,0.0,0.0,35.733,0.0,0.0,-13.272,0.0,0.0,0.8953406400000001,0.0,0.0,-176.37965936,0.0,0.0
TRP 133,126.4,0.0,0.0,-18.65,0.0,0.0,-95.934,0.0,0.0,-3.443,0.0,0.0,0.052286740000000005,0.0,0.0,8.425286740000002,0.0,0.0
ILE 134,89.387,0.0,0.0,-11.026,0.0,0.0,-69.527,0.0,0.0,0.159,0.0,0.0,0.0166394,0.0,0.0,9.009639400000005,0.0,0.0
ILE 135,81.457,0.0,0.0,-8.499,0.0,0.0,-64.058,0.0,0.0,-0.153,0.0,0.0,0.16862162000000003,0.0,0.0,8.91562161999999,0.0,0.0
LEU 136,67.572,0.0,0.0,-9.385,0.0,0.0,-74.325,0.0,0.0,0.977,0.0,0.0,0.39026168000000006,0.0,0.0,-14.770738319999998,0.0,0.0
GLY 137,78.177,0.0,0.0,-7.057,0.0,0.0,-77.905,0.0,0.0,0.239,0.0,0.0,0.0,0.0,0.0,-6.545999999999997,0.0,0.0
LEU 138,62.596,0.0,0.0,-11.731,0.0,0.0,-65.311,0.0,0.0,-2.35,0.0,0.0,0.0636579,0.0,0.0,-16.732342100000015,0.0,0.0
ASN 139,33.407,0.0,0.0,-8.104,0.0,0.0,-84.961,0.0,0.0,-9.351,0.0,0.0,0.39806648000000006,0.0,0.0,-68.61093352,0.0,0.0
LYS 140,129.757,0.0,0.0,-9.407,0.0,0.0,-145.027,0.0,0.0,7.768,0.0,0.0,0.4237518600000001,0.0,0.0,-16.485248139999978,0.0,0.0
ILE 141,93.758,0.0,0.0,-10.476,0.0,0.0,-76.251,0.0,0.0,-1.971,0.0,0.0,0.01642802,0.0,0.0,5.076428019999992,0.0,0.0
VAL 142,58.797,0.0,0.0,-7.648,0.0,0.0,-56.414,0.0,0.0,-2.917,0.0,0.0,0.12004216000000001,0.0,0.0,-8.06195784,0.0,0.0
ARG 143,-197.386,0.0,0.0,-8.771,0.0,0.0,57.301,0.0,0.0,-24.585,0.0,0.0,0.7411795800000001,0.0,0.0,-172.69982042,0.0,0.0
MET 144,94.23,0.0,0.0,-8.62,0.0,0.0,-73.835,0.0,0.0,-5.98,0.0,0.0,0.35496122,0.0,0.0,6.149961220000005,0.0,0.0
TYR 145,87.1,0.0,0.0,-8.501,0.0,0.0,-80.088,0.0,0.0,-11.806,0.0,0.0,0.8654385000000001,0.0,0.0,-12.429561500000004,0.0,0.0
SER 146,90.043,0.0,0.0,-3.411,0.0,0.0,-66.098,0.0,0.0,-6.036,0.0,0.0,0.29040902,0.0,0.0,14.788409020000007,0.0,0.0
PRO 147,89.079,0.0,0.0,-4.312,0.0,0.0,-66.351,0.0,0.0,-2.763,0.0,0.0,0.5974845400000001,0.0,0.0,16.25048454,0.0,0.0
THR 148,57.255,0.0,0.0,-4.092,0.0,0.0,-57.499,0.0,0.0,-9.695,0.0,0.0,0.6318907,0.0,0.0,-13.3991093,0.0,0.0
SER 149,69.066,0.0,0.0,-2.597,0.0,0.0,-46.787,0.0,0.0,-16.037,0.0,0.0,0.5254690000000001,0.0,0.0,4.17046900000001,0.0,0.0
ILE 150,57.301,0.0,0.0,-0.836,0.0,0.0,-27.049,0.0,0.0,-9.555,0.0,0.0,1.2691472000000001,0.0,0.0,21.130147200000003,0.0,0.0

Ligand:
Total Energy Decomposition:
Residue,Internal,,,van der Waals,,,Electrostatic,,,Polar Solvation,,,Non-Polar Solv.,,,TOTAL,,
,Avg.,Std. Dev.,Std. Err. of Mean,Avg.,Std. Dev.,Std. Err. of Mean,Avg.,Std. Dev.,Std. Err. of Mean,Avg.,Std. Dev.,Std. Err. of Mean,Avg.,Std. Dev.,Std. Err. of Mean,Avg.,Std. Dev.,Std. Err. of Mean
LEU   1,41.047,0.0,0.0,-4.305,0.0,0.0,-44.576,0.0,0.0,-0.475,0.0,0.0,0.83294018,0.0,0.0,-7.476059820000003,0.0,0.0
ASP   2,95.777,0.0,0.0,-4.213,0.0,0.0,-77.191,0.0,0.0,-71.058,0.0,0.0,0.70449702,0.0,0.0,-55.980502980000004,0.0,0.0
ILE   3,97.257,0.0,0.0,-6.509,0.0,0.0,-72.59,0.0,0.0,-2.274,0.0,0.0,0.18687076000000002,0.0,0.0,16.070870760000002,0.0,0.0
ARG   4,-191.088,0.0,0.0,-6.082,0.0,0.0,44.628,0.0,0.0,-23.207,0.0,0.0,0.9194759000000001,0.0,0.0,-174.82952409999996,0.0,0.0
GLN   5,35.23,0.0,0.0,-12.433,0.0,0.0,-88.455,0.0,0.0,-1.074,0.0,0.0,0.07791792,0.0,0.0,-66.65408208,0.0,0.0
GLY   6,87.426,0.0,0.0,-1.779,0.0,0.0,-72.598,0.0,0.0,-6.418,0.0,0.0,0.10453554,0.0,0.0,6.735535540000006,0.0,0.0
PRO   7,87.636,0.0,0.0,-2.947,0.0,0.0,-53.504,0.0,0.0,-8.514,0.0,0.0,0.7416728,0.0,0.0,23.412672799999996,0.0,0.0
LYS   8,121.707,0.0,0.0,-4.176,0.0,0.0,-137.945,0.0,0.0,0.324,0.0,0.0,0.83502146,0.0,0.0,-19.25497854,0.0,0.0
GLU   9,117.505,0.0,0.0,-9.317,0.0,0.0,-119.236,0.0,0.0,-34.348,0.0,0.0,0.1868274,0.0,0.0,-45.20917260000002,0.0,0.0
PRO  10,82.197,0.0,0.0,-7.461,0.0,0.0,-55.013,0.0,0.0,-2.756,0.0,0.0,0.34372556000000004,0.0,0.0,17.310725560000005,0.0,0.0
PHE  11,104.55,0.0,0.0,-14.346,0.0,0.0,-73.865,0.0,0.0,-3.284,0.0,0.0,0.05803194000000001,0.0,0.0,13.113031939999999,0.0,0.0
ARG  12,-190.921,0.0,0.0,-7.384,0.0,0.0,4.268,0.0,0.0,17.719,0.0,0.0,0.65413438,0.0,0.0,-175.66386562000002,0.0,0.0
ASP  13,86.526,0.0,0.0,-7.567,0.0,0.0,-70.144,0.0,0.0,-72.104,0.0,0.0,0.37558974,0.0,0.0,-62.91341026,0.0,0.0
TYR  14,105.331,0.0,0.0,-19.16,0.0,0.0,-99.861,0.0,0.0,0.546,0.0,0.0,0.0,0.0,0.0,-13.143999999999998,0.0,0.0
VAL  15,47.648,0.0,0.0,-9.831,0.0,0.0,-58.668,0.0,0.0,3.357,0.0,0.0,0.025896759999999998,0.0,0.0,-17.468103239999994,0.0,0.0
ASP  16,96.941,0.0,0.0,-7.106,0.0,0.0,-81.922,0.0,0.0,-59.192,0.0,0.0,0.37292310000000006,0.0,0.0,-50.90607689999999,0.0,0.0
ARG  17,-192.213,0.0,0.0,-10.391,0.0,0.0,10.773,0.0,0.0,5.288,0.0,0.0,0.4935994,0.0,0.0,-186.04940059999998,0.0,0.0
PHE  18,98.578,0.0,0.0,-13.187,0.0,0.0,-79.8,0.0,0.0,-1.628,0.0,0.0,0.04964178000000001,0.0,0.0,4.012641780000008,0.0,0.0
TYR  19,99.363,0.0,0.0,-11.646,0.0,0.0,-94.076,0.0,0.0,-1.54,0.0,0.0,0.2934388,0.0,0.0,-7.605561199999995,0.0,0.0
LYS  20,139.209,0.0,0.0,-6.978,0.0,0.0,-114.014,0.0,0.0,-32.251,0.0,0.0,0.79772644,0.0,0.0,-13.236273559999999,0.0,0.0
THR  21,48.842,0.0,0.0,-6.142,0.0,0.0,-54.686,0.0,0.0,-5.824,0.0,0.0,0.2952003,0.0,0.0,-17.5147997,0.0,0.0
LEU  22,70.673,0.0,0.0,-10.687,0.0,0.0,-63.654,0.0,0.0,-5.141,0.0,0.0,0.0569642,0.0,0.0,-8.7520358,0.0,0.0
ARG  23,-193.002,0.0,0.0,-6.876,0.0,0.0,75.997,0.0,0.0,-47.639,0.0,0.0,1.1140322200000001,0.0,0.0,-170.40596778,0.0,0.0
ALA  24,89.67,0.0,0.0,-3.78,0.0,0.0,-76.803,0.0,0.0,-5.927,0.0,0.0,0.36994752000000003,0.0,0.0,3.529947520000004,0.0,0.0
GLU  25,105.691,0.0,0.0,-5.581,0.0,0.0,-61.757,0.0,0.0,-90.218,0.0,0.0,0.6063137200000001,0.0,0.0,-51.25868628,0.0,0.0
GLN  26,28.985,0.0,0.0,-5.104,0.0,0.0,-56.488,0.0,0.0,-23.027,0.0,0.0,0.8504630400000001,0.0,0.0,-54.78353696,0.0,0.0
ALA  27,97.955,0.0,0.0,-5.103,0.0,0.0,-83.086,0.0,0.0,-4.476,0.0,0.0,0.16790618000000002,0.0,0.0,5.4579061800000055,0.0,0.0
SER  28,82.235,0.0,0.0,-5.456,0.0,0.0,-70.817,0.0,0.0,-6.37,0.0,0.0,0.30912428000000003,0.0,0.0,-0.09887571999999678,0.0,0.0
GLN  29,29.331,0.0,0.0,-4.844,0.0,0.0,-64.803,0.0,0.0,-15.417,0.0,0.0,0.82948222,0.0,0.0,-54.90351778,0.0,0.0
GLU  30,113.588,0.0,0.0,-4.607,0.0,0.0,-82.851,0.0,0.0,-74.086,0.0,0.0,0.79908144,0.0,0.0,-47.15691856,0.0,0.0
VAL  31,62.307,0.0,0.0,-6.87,0.0,0.0,-59.223,0.0,0.0,-1.185,0.0,0.0,0.29619758,0.0,0.0,-4.6748024199999945,0.0,0.0
LYS  32,117.069,0.0,0.0,-9.018,0.0,0.0,-90.279,0.0,0.0,-36.557,0.0,0.0,0.32699402000000005,0.0,0.0,-18.458005979999996,0.0,0.0
ASN  33,22.22,0.0,0.0,-6.681,0.0,0.0,-80.536,0.0,0.0,-10.395,0.0,0.0,0.58987486,0.0,0.0,-74.80212514,0.0,0.0
TRP  34,125.537,0.0,0.0,-10.796,0.0,0.0,-89.163,0.0,0.0,-8.005,0.0,0.0,0.87843024,0.0,0.0,18.451430240000015,0.0,0.0
MET  35,103.757,0.0,0.0,-11.667,0.0,0.0,-85.137,0.0,0.0,-1.865,0.0,0.0,0.18287622,0.0,0.0,5.2708762200000026,0.0,0.0
THR  36,42.2,0.0,0.0,-6.034,0.0,0.0,-59.82,0.0,0.0,-0.538,0.0,0.0,0.08286638,0.0,0.0,-24.109133619999998,0.0,0.0
GLU  37,103.062,0.0,0.0,-7.117,0.0,0.0,-64.52,0.0,0.0,-83.291,0.0,0.0,0.4920655400000001,0.0,0.0,-51.37393446,0.0,0.0
THR  38,41.111,0.0,0.0,-6.604,0.0,0.0,-49.434,0.0,0.0,0.086,0.0,0.0,0.28941716000000006,0.0,0.0,-14.55158284,0.0,0.0
LEU  39,64.288,0.0,0.0,-9.151,0.0,0.0,-65.246,0.0,0.0,-0.514,0.0,0.0,0.1613805,0.0,0.0,-10.461619499999994,0.0,0.0
LEU  40,85.596,0.0,0.0,-9.75,0.0,0.0,-91.701,0.0,0.0,-0.326,0.0,0.0,0.0,0.0,0.0,-16.18099999999999,0.0,0.0
VAL  41,57.739,0.0,0.0,-8.087,0.0,0.0,-59.413,0.0,0.0,-0.068,0.0,0.0,0.06949524,0.0,0.0,-9.759504759999995,0.0,0.0
GLN  42,24.115,0.0,0.0,-7.264,0.0,0.0,-78.619,0.0,0.0,1.645,0.0,0.0,0.5010085400000001,0.0,0.0,-59.62199146,0.0,0.0
ASN  43,18.582,0.0,0.0,-8.53,0.0,0.0,-81.82,0.0,0.0,-3.348,0.0,0.0,0.07698026,0.0,0.0,-75.03901973999999,0.0,0.0
ALA  44,93.024,0.0,0.0,-8.543,0.0,0.0,-84.892,0.0,0.0,2.99,0.0,0.0,0.020563480000000002,0.0,0.0,2.5995634799999987,0.0,0.0
ASN  45,30.11,0.0,0.0,-7.376,0.0,0.0,-86.217,0.0,0.0,-4.178,0.0,0.0,0.12257872,0.0,0.0,-67.53842128,0.0,0.0
PRO  46,78.666,0.0,0.0,-4.863,0.0,0.0,-60.75,0.0,0.0,-2.366,0.0,0.0,0.55783724,0.0,0.0,11.244837239999997,0.0,0.0
ASP  47,88.957,0.0,0.0,-5.624,0.0,0.0,-83.036,0.0,0.0,-56.665,0.0,0.0,0.41290644000000004,0.0,0.0,-55.95509356,0.0,0.0
CYX  48,103.43,0.0,0.0,-8.782,0.0,0.0,-82.315,0.0,0.0,-0.074,0.0,0.0,0.0035988800000000005,0.0,0.0,12.262598880000013,0.0,0.0
LYS  49,136.085,0.0,0.0,-11.335,0.0,0.0,-115.975,0.0,0.0,-28.881,0.0,0.0,0.27247966,0.0,0.0,-19.833520339999996,0.0,0.0
THR  50,55.993,0.0,0.0,-5.036,0.0,0.0,-65.467,0.0,0.0,-2.413,0.0,0.0,0.45040742,0.0,0.0,-16.472592579999997,0.0,0.0
ILE  51,77.769,0.0,0.0,-7.158,0.0,0.0,-57.645,0.0,0.0,-1.431,0.0,0.0,0.43795768,0.0,0.0,11.97295768,0.0,0.0
LEU  52,77.242,0.0,0.0,-12.05,0.0,0.0,-72.008,0.0,0.0,-5.215,0.0,0.0,0.00715982,0.0,0.0,-12.023840179999988,0.0,0.0
LYS  53,121.497,0.0,0.0,-7.099,0.0,0.0,-93.194,0.0,0.0,-36.718,0.0,0.0,0.6275330200000001,0.0,0.0,-14.88646698000001,0.0,0.0
ALA  54,85.696,0.0,0.0,-3.976,0.0,0.0,-74.17,0.0,0.0,-6.044,0.0,0.0,0.5239514000000001,0.0,0.0,2.0299513999999976,0.0,0.0
LEU  55,80.176,0.0,0.0,-6.068,0.0,0.0,-79.784,0.0,0.0,-6.057,0.0,0.0,0.44335058000000005,0.0,0.0,-11.289649420000002,0.0,0.0
GLY  56,89.405,0.0,0.0,-3.012,0.0,0.0,-74.003,0.0,0.0,-8.7,0.0,0.0,0.08873082,0.0,0.0,3.778730820000001,0.0,0.0
PRO  57,83.458,0.0,0.0,-3.218,0.0,0.0,-54.067,0.0,0.0,-7.792,0.0,0.0,0.63903968,0.0,0.0,19.020039679999993,0.0,0.0
GLY  58,65.678,0.0,0.0,-2.06,0.0,0.0,-64.616,0.0,0.0,-4.717,0.0,0.0,0.36625108,0.0,0.0,-5.348748920000005,0.0,0.0
ALA  59,100.214,0.0,0.0,-4.675,0.0,0.0,-88.67,0.0,0.0,-2.492,0.0,0.0,0.13109354,0.0,0.0,4.50809354,0.0,0.0
THR  60,53.423,0.0,0.0,-5.0,0.0,0.0,-49.37,0.0,0.0,-7.944,0.0,0.0,0.51673196,0.0,0.0,-8.374268039999995,0.0,0.0
LEU  61,65.459,0.0,0.0,-8.328,0.0,0.0,-67.716,0.0,0.0,-3.203,0.0,0.0,0.21510354,0.0,0.0,-13.572896459999994,0.0,0.0
GLU  62,100.539,0.0,0.0,-6.084,0.0,0.0,-101.171,0.0,0.0,-56.126,0.0,0.0,0.5943572,0.0,0.0,-62.24764280000001,0.0,0.0
GLU  63,106.62,0.0,0.0,-7.353,0.0,0.0,-61.357,0.0,0.0,-92.786,0.0,0.0,0.5089922,0.0,0.0,-54.36700779999999,0.0,0.0
MET  64,94.037,0.0,0.0,-12.571,0.0,0.0,-75.002,0.0,0.0,-3.962,0.0,0.0,0.024910320000000003,0.0,0.0,2.5269103200000127,0.0,0.0
MET  65,105.399,0.0,0.0,-9.462,0.0,0.0,-83.09,0.0,0.0,-4.739,0.0,0.0,0.15000392,0.0,0.0,8.258003919999993,0.0,0.0
THR  66,36.504,0.0,0.0,-4.155,0.0,0.0,-40.109,0.0,0.0,-7.316,0.0,0.0,0.60864974,0.0,0.0,-14.467350260000003,0.0,0.0
ALA  67,78.843,0.0,0.0,-5.958,0.0,0.0,-70.739,0.0,0.0,-0.459,0.0,0.0,0.14923428,0.0,0.0,1.8362342800000007,0.0,0.0
CYX  68,96.211,0.0,0.0,-8.134,0.0,0.0,-75.316,0.0,0.0,-6.406,0.0,0.0,0.0417611,0.0,0.0,6.396761099999996,0.0,0.0
GLN  69,38.245,0.0,0.0,-6.72,0.0,0.0,-73.588,0.0,0.0,-11.434,0.0,0.0,0.40039708,0.0,0.0,-53.096602919999995,0.0,0.0
GLY  70,96.36,0.0,0.0,-2.296,0.0,0.0,-79.681,0.0,0.0,-10.703,0.0,0.0,0.38144876,0.0,0.0,4.061448759999996,0.0,0.0
VAL  71,31.298,0.0,0.0,-4.094,0.0,0.0,-52.848,0.0,0.0,-65.913,0.0,0.0,0.5895605,0.0,0.0,-90.9674395,0.0,0.0

DELTAS:
Total Energy Decomposition:
Residue,Location,Internal,,,van der Waals,,,Electrostatic,,,Polar Solvation,,,Non-Polar Solv.,,,TOTAL,,
,,Avg.,Std. Dev.,Std. Err. of Mean,Avg.,Std. Dev.,Std. Err. of Mean,Avg.,Std. Dev.,Std. Err. of Mean,Avg.,Std. Dev.,Std. Err. of Mean,Avg.,Std. Dev.,Std. Err. of Mean
PRO   1,R PRO   1,0.0,0.0,0.0,-0.0009999999999994458,0.0,0.0,-5.513999999999996,0.0,0.0,5.518,0.0,0.0,0.0,0.0,0.0,0.0030000000000134364,0.0,0.0
ILE   2,R ILE   2,0.0,0.0,0.0,0.0,0.0,0.0,0.0,0.0,0.0,0.0,0.0,0.0,0.0,0.0,0.0,0.0,0.0,0.0
VAL   3,R VAL   3,0.0,0.0,0.0,0.0,0.0,0.0,0.02300000000000324,0.0,0.0,-0.02200000000000024,0.0,0.0,0.0,0.0,0.0,0.0010000000000029985,0.0,0.0
GLN   4,R GLN   4,0.0,0.0,0.0,-0.0009999999999994458,0.0,0.0,-0.020000000000003126,0.0,0.0,0.019000000000000128,0.0,0.0,0.0,0.0,0.0,-0.0020000000000024443,0.0,0.0
ASN   5,R ASN   5,0.0,0.0,0.0,0.0,0.0,0.0,0.021000000000000796,0.0,0.0,-0.021000000000000796,0.0,0.0,0.0,0.0,0.0,0.0,0.0,0.0
LEU   6,R LEU   6,0.0,0.0,0.0,0.0,0.0,0.0,0.012000000000000455,0.0,0.0,-0.011999999999999567,0.0,0.0,0.0,0.0,0.0,1.7763568394002505e-15,0.0,0.0
GLN   7,R GLN   7,0.0,0.0,0.0,0.0,0.0,0.0,0.018999999999991246,0.0,0.0,-0.01899999999999835,0.0,0.0,0.0,0.0,0.0,0.0,0.0,0.0
GLY   8,R GLY   8,0.0,0.0,0.0,0.0,0.0,0.0,0.03699999999999193,0.0,0.0,-0.03699999999999992,0.0,0.0,0.0,0.0,0.0,-7.993605777301127e-15,0.0,0.0
GLN   9,R GLN   9,0.0,0.0,0.0,0.0,0.0,0.0,0.03300000000000125,0.0,0.0,-0.03300000000000125,0.0,0.0,0.0,0.0,0.0,0.0,0.0,0.0
MET  10,R MET  10,0.0,0.0,0.0,0.0,0.0,0.0,0.0,0.0,0.0,0.0,0.0,0.0,0.0,0.0,0.0,0.0,0.0,0.0
VAL  11,R VAL  11,0.0,0.0,0.0,-0.001000000000000334,0.0,0.0,0.018000000000000682,0.0,0.0,-0.018999999999999684,0.0,0.0,0.0,0.0,0.0,-0.0020000000000024443,0.0,0.0
HID  12,R HID  12,0.0,0.0,0.0,0.0,0.0,0.0,0.021999999999998465,0.0,0.0,-0.02200000000000024,0.0,0.0,0.0,0.0,0.0,-1.7763568394002505e-15,0.0,0.0
GLN  13,R GLN  13,0.0,0.0,0.0,-0.001000000000000334,0.0,0.0,0.01099999999999568,0.0,0.0,-0.010999999999999233,0.0,0.0,0.0,0.0,0.0,-0.0010000000000047748,0.0,0.0
ALA  14,R ALA  14,0.0,0.0,0.0,0.0,0.0,0.0,-0.016000000000005343,0.0,0.0,0.016000000000000014,0.0,0.0,0.0,0.0,0.0,-5.329070518200751e-15,0.0,0.0
ILE  15,R ILE  15,0.0,0.0,0.0,-0.0009999999999994458,0.0,0.0,-0.036000000000001364,0.0,0.0,0.03599999999999959,0.0,0.0,0.0,0.0,0.0,-0.0010000000000047748,0.0,0.0
SER  16,R SER  16,0.0,0.0,0.0,0.0,0.0,0.0,0.0009999999999976694,0.0,0.0,-0.0009999999999994458,0.0,0.0,0.0,0.0,0.0,-1.7763568394002505e-15,0.0,0.0
PRO  17,R PRO  17,0.0,0.0,0.0,0.0,0.0,0.0,-0.0009999999999976694,0.0,0.0,0.0,0.0,0.0,0.0,0.0,0.0,-0.0009999999999976694,0.0,0.0
ARG  18,R ARG  18,0.0,0.0,0.0,-0.001000000000000334,0.0,0.0,-4.801000000000002,0.0,0.0,4.805000000000007,0.0,0.0,0.0,0.0,0.0,0.002999999999985903,0.0,0.0
THR  19,R THR  19,0.0,0.0,0.0,-0.0009999999999994458,0.0,0.0,-0.09799999999999898,0.0,0.0,0.0990000000000002,0.0,0.0,0.0,0.0,0.0,3.552713678800501e-15,0.0,0.0
LEU  20,R LEU  20,0.0,0.0,0.0,-0.0009999999999994458,0.0,0.0,-0.034000000000006025,0.0,0.0,0.03299999999999992,0.0,0.0,0.0,0.0,0.0,-0.0020000000000042206,0.0,0.0
ASN  21,R ASN  21,0.0,0.0,0.0,-0.001000000000000334,0.0,0.0,0.0030000000000001137,0.0,0.0,-0.0030000000000001137,0.0,0.0,0.0,0.0,0.0,-0.0010000000000047748,0.0,0.0
ALA  22,R ALA  22,0.0,0.0,0.0,-0.002000000000000668,0.0,0.0,-0.09200000000001296,0.0,0.0,0.09200000000000008,0.0,0.0,0.0,0.0,0.0,-0.0020000000000224283,0.0,0.0
TRP  23,R TRP  23,0.0,0.0,0.0,-0.006000000000000227,0.0,0.0,-0.13900000000001,0.0,0.0,0.1459999999999999,0.0,0.0,0.0,0.0,0.0,0.000999999999990564,0.0,0.0
VAL  24,R VAL  24,0.0,0.0,0.0,-0.0019999999999997797,0.0,0.0,-0.030999999999998806,0.0,0.0,0.03300000000000036,0.0,0.0,0.0,0.0,0.0,6.217248937900877e-15,0.0,0.0
LYS  25,R LYS  25,0.0,0.0,0.0,-0.0030000000000001137,0.0,0.0,-4.239000000000004,0.0,0.0,4.273999999999999,0.0,0.0,0.0,0.0,0.0,0.0319999999999947,0.0,0.0
VAL  26,R VAL  26,0.0,0.0,0.0,-0.008000000000000007,0.0,0.0,-0.19400000000000261,0.0,0.0,0.20100000000000007,0.0,0.0,0.0,0.0,0.0,-0.0010000000000047748,0.0,0.0
VAL  27,R VAL  27,0.0,0.0,0.0,-0.004999999999999005,0.0,0.0,-0.05100000000000193,0.0,0.0,0.06000000000000005,0.0,0.0,0.0,0.0,0.0,0.004000000000003112,0.0,0.0
GLU  28,R GLU  28,0.0,0.0,0.0,-0.004000000000000448,0.0,0.0,4.902999999999999,0.0,0.0,-4.890000000000001,0.0,0.0,0.0,0.0,0.0,0.008999999999993236,0.0,0.0
GLU  29,R GLU  29,0.0,0.0,0.0,-0.011999999999999567,0.0,0.0,3.355000000000004,0.0,0.0,-3.2920000000000016,0.0,0.0,0.0,0.0,0.0,0.05100000000000193,0.0,0.0
LYS  30,R LYS  30,0.0,0.0,0.0,-0.038000000000000256,0.0,0.0,-0.055999999999997385,0.0,0.0,0.30400000000000205,0.0,0.0,0.0,0.0,0.0,0.21000000000000796,0.0,0.0
ALA  31,R ALA  31,0.0,0.0,0.0,-0.01699999999999946,0.0,0.0,-0.6009999999999991,0.0,0.0,0.6640000000000001,0.0,0.0,0.0,0.0,0.0,0.04599999999999105,0.0,0.0
PHE  32,R PHE  32,0.0,0.0,0.0,-0.05999999999999872,0.0,0.0,0.30700000000000216,0.0,0.0,-0.15800000000000036,0.0,0.0,0.0,0.0,0.0,0.08899999999999864,0.0,0.0
SER  33,R SER  33,0.0,0.0,0.0,-0.17999999999999972,0.0,0.0,1.073999999999998,0.0,0.0,-0.6299999999999999,0.0,0.0,0.0,0.0,0.0,0.26399999999999224,0.0,0.0
PRO  34,R PRO  34,0.0,0.0,0.0,-1.9850000000000003,0.0,0.0,0.8830000000000027,0.0,0.0,-0.5910000000000002,0.0,0.0,-0.26790518,0.0,0.0,-1.9609051799999957,0.0,0.0
GLU  35,R GLU  35,0.0,0.0,0.0,-0.976,0.0,0.0,-28.09899999999999,0.0,0.0,29.796000000000006,0.0,0.0,-0.21448566000000002,0.0,0.0,0.5065143400000167,0.0,0.0
VAL  36,R VAL  36,0.0,0.0,0.0,-0.04800000000000004,0.0,0.0,-0.0009999999999976694,0.0,0.0,0.031000000000000028,0.0,0.0,0.0,0.0,0.0,-0.017999999999998906,0.0,0.0
ILE  37,R ILE  37,0.0,0.0,0.0,-0.19599999999999973,0.0,0.0,0.6980000000000004,0.0,0.0,-0.669,0.0,0.0,0.0,0.0,0.0,-0.16699999999999804,0.0,0.0
PRO  38,R PRO  38,0.0,0.0,0.0,-0.07800000000000029,0.0,0.0,1.115000000000002,0.0,0.0,-1.0919999999999996,0.0,0.0,0.0,0.0,0.0,-0.05500000000000327,0.0,0.0
MET  39,R MET  39,0.0,0.0,0.0,-0.023000000000001464,0.0,0.0,0.1980000000000075,0.0,0.0,-0.16999999999999993,0.0,0.0,0.0,0.0,0.0,0.00500000000001144,0.0,0.0
PHE  40,R PHE  40,0.0,0.0,0.0,-0.0129999999999999,0.0,0.0,0.07699999999999818,0.0,0.0,-0.06299999999999972,0.0,0.0,0.0,0.0,0.0,0.0009999999999923403,0.0,0.0
SER  41,R SER  41,0.0,0.0,0.0,-0.008999999999999453,0.0,0.0,0.5180000000000007,0.0,0.0,-0.4689999999999994,0.0,0.0,0.0,0.0,0.0,0.040000000000000924,0.0,0.0
ALA  42,R ALA  42,0.0,0.0,0.0,-0.004000000000000448,0.0,0.0,0.28000000000000114,0.0,0.0,-0.2699999999999996,0.0,0.0,0.0,0.0,0.0,0.005999999999996675,0.0,0.0
LEU  43,R LEU  43,0.0,0.0,0.0,-0.0039999999999995595,0.0,0.0,0.09099999999999397,0.0,0.0,-0.08700000000000019,0.0,0.0,0.0,0.0,0.0,3.552713678800501e-15,0.0,0.0
SER  44,R SER  44,0.0,0.0,0.0,-0.0019999999999997797,0.0,0.0,0.22799999999999443,0.0,0.0,-0.21900000000000008,0.0,0.0,0.0,0.0,0.0,0.006999999999998785,0.0,0.0
GLU  45,R GLU  45,0.0,0.0,0.0,-0.0019999999999997797,0.0,0.0,5.599000000000004,0.0,0.0,-5.584000000000003,0.0,0.0,0.0,0.0,0.0,0.012999999999991019,0.0,0.0
GLY  46,R GLY  46,0.0,0.0,0.0,-0.0009999999999998899,0.0,0.0,-0.07000000000000739,0.0,0.0,0.07100000000000001,0.0,0.0,0.0,0.0,0.0,-1.2434497875801753e-14,0.0,0.0
ALA  47,R ALA  47,0.0,0.0,0.0,-0.001000000000000334,0.0,0.0,0.09899999999998954,0.0,0.0,-0.09700000000000042,0.0,0.0,0.0,0.0,0.0,0.0009999999999843467,0.0,0.0
THR  48,R THR  48,0.0,0.0,0.0,-0.001000000000000334,0.0,0.0,-0.021000000000000796,0.0,0.0,0.020999999999999908,0.0,0.0,0.0,0.0,0.0,-0.0009999999999994458,0.0,0.0
PRO  49,R PRO  49,0.0,0.0,0.0,-0.0010000000000012221,0.0,0.0,-0.036999999999999034,0.0,0.0,0.037,0.0,0.0,0.0,0.0,0.0,-0.0009999999999887876,0.0,0.0
GLN  50,R GLN  50,0.0,0.0,0.0,0.0,0.0,0.0,-0.0730000000000075,0.0,0.0,0.0730000000000004,0.0,0.0,0.0,0.0,0.0,-7.105427357601002e-15,0.0,0.0
ASP  51,R ASP  51,0.0,0.0,0.0,-0.001000000000000334,0.0,0.0,5.632000000000005,0.0,0.0,-5.634,0.0,0.0,0.0,0.0,0.0,-0.0030000000000001137,0.0,0.0
LEU  52,R LEU  52,0.0,0.0,0.0,-0.002000000000000668,0.0,0.0,-0.04999999999999716,0.0,0.0,0.05199999999999999,0.0,0.0,0.0,0.0,0.0,0.0,0.0,0.0
ASN  53,R ASN  53,0.0,0.0,0.0,0.0,0.0,0.0,0.14100000000000534,0.0,0.0,-0.14100000000000001,0.0,0.0,0.0,0.0,0.0,0.0,0.0,0.0
THR  54,R THR  54,0.0,0.0,0.0,-0.0010000000000012221,0.0,0.0,-0.015000000000000568,0.0,0.0,0.016000000000000014,0.0,0.0,0.0,0.0,0.0,0.0,0.0,0.0
MET  55,R MET  55,0.0,0.0,0.0,-0.002000000000000668,0.0,0.0,-0.03100000000000591,0.0,0.0,0.03299999999999992,0.0,0.0,0.0,0.0,0.0,-1.3322676295501878e-15,0.0,0.0
LEU  56,R LEU  56,0.0,0.0,0.0,-0.002000000000000668,0.0,0.0,-0.06400000000000716,0.0,0.0,0.06599999999999995,0.0,0.0,0.0,0.0,0.0,-8.881784197001252e-15,0.0,0.0
ASN  57,R ASN  57,0.0,0.0,0.0,-0.001000000000000334,0.0,0.0,0.11400000000000432,0.0,0.0,-0.11299999999999955,0.0,0.0,0.0,0.0,0.0,0.0,0.0,0.0
THR  58,R THR  58,0.0,0.0,0.0,-0.0009999999999994458,0.0,0.0,-0.07699999999999818,0.0,0.0,0.07899999999999974,0.0,0.0,0.0,0.0,0.0,0.0010000000000047748,0.0,0.0
VAL  59,R VAL  59,0.0,0.0,0.0,-0.0019999999999997797,0.0,0.0,0.04700000000000415,0.0,0.0,-0.04399999999999982,0.0,0.0,0.0,0.0,0.0,0.0010000000000029985,0.0,0.0
ALA  60,R ALA  60,0.0,0.0,0.0,-0.0009999999999994458,0.0,0.0,0.1039999999999992,0.0,0.0,-0.10200000000000031,0.0,0.0,0.0,0.0,0.0,0.0009999999999941167,0.0,0.0
PRO  61,R PRO  61,0.0,0.0,0.0,-0.0019999999999997797,0.0,0.0,0.05299999999999727,0.0,0.0,-0.04999999999999982,0.0,0.0,0.0,0.0,0.0,0.0010000000000012221,0.0,0.0
HID  62,R HID  62,0.0,0.0,0.0,-0.0039999999999995595,0.0,0.0,0.022999999999996135,0.0,0.0,-0.005999999999998451,0.0,0.0,0.0,0.0,0.0,0.01300000000000523,0.0,0.0
GLN  63,R GLN  63,0.0,0.0,0.0,-0.0019999999999997797,0.0,0.0,0.047999999999994714,0.0,0.0,-0.04299999999999926,0.0,0.0,0.0,0.0,0.0,0.0029999999999930083,0.0,0.0
ALA  64,R ALA  64,0.0,0.0,0.0,-0.0029999999999992255,0.0,0.0,0.2680000000000007,0.0,0.0,-0.2519999999999998,0.0,0.0,0.0,0.0,0.0,0.013000000000000789,0.0,0.0
ALA  65,R ALA  65,0.0,0.0,0.0,-0.004999999999999893,0.0,0.0,0.3469999999999942,0.0,0.0,-0.34299999999999997,0.0,0.0,0.0,0.0,0.0,-0.001000000000015433,0.0,0.0
ALA  66,R ALA  66,0.0,0.0,0.0,-0.002000000000000668,0.0,0.0,0.17600000000000193,0.0,0.0,-0.17199999999999993,0.0,0.0,0.0,0.0,0.0,0.002000000000006441,0.0,0.0
GLN  67,R GLN  67,0.0,0.0,0.0,-0.0030000000000001137,0.0,0.0,0.19199999999999307,0.0,0.0,-0.18100000000000094,0.0,0.0,0.0,0.0,0.0,0.007999999999995566,0.0,0.0
MET  68,R MET  68,0.0,0.0,0.0,-0.015000000000000568,0.0,0.0,0.2920000000000016,0.0,0.0,-0.29000000000000004,0.0,0.0,0.0,0.0,0.0,-0.012999999999999012,0.0,0.0
LEU  69,R LEU  69,0.0,0.0,0.0,-0.009000000000000341,0.0,0.0,0.25199999999999534,0.0,0.0,-0.2469999999999999,0.0,0.0,0.0,0.0,0.0,-0.0040000000000048885,0.0,0.0
LYS  70,R LYS  70,0.0,0.0,0.0,-0.0019999999999997797,0.0,0.0,-7.155000000000001,0.0,0.0,7.156000000000002,0.0,0.0,0.0,0.0,0.0,-0.0009999999999941167,0.0,0.0
GLU  71,R GLU  71,0.0,0.0,0.0,-0.0030000000000001137,0.0,0.0,9.932999999999993,0.0,0.0,-9.896,0.0,0.0,0.0,0.0,0.0,0.033999999999991815,0.0,0.0
THR  72,R THR  72,0.0,0.0,0.0,-0.007999999999999119,0.0,0.0,0.3879999999999981,0.0,0.0,-0.37900000000000045,0.0,0.0,0.0,0.0,0.0,0.0009999999999941167,0.0,0.0
ILE  73,R ILE  73,0.0,0.0,0.0,-0.0039999999999995595,0.0,0.0,0.13299999999999557,0.0,0.0,-0.13100000000000023,0.0,0.0,0.0,0.0,0.0,-0.0020000000000024443,0.0,0.0
ASN  74,R ASN  74,0.0,0.0,0.0,-0.0009999999999994458,0.0,0.0,-0.3329999999999984,0.0,0.0,0.3360000000000003,0.0,0.0,0.0,0.0,0.0,0.0020000000000095497,0.0,0.0
GLU  75,R GLU  75,0.0,0.0,0.0,-0.004000000000000448,0.0,0.0,13.105000000000004,0.0,0.0,-13.018,0.0,0.0,0.0,0.0,0.0,0.08299999999999841,0.0,0.0
GLU  76,R GLU  76,0.0,0.0,0.0,-0.006000000000000227,0.0,0.0,12.549,0.0,0.0,-12.457000000000008,0.0,0.0,0.0,0.0,0.0,0.08599999999999142,0.0,0.0
ALA  77,R ALA  77,0.0,0.0,0.0,-0.001000000000000334,0.0,0.0,-0.09099999999999397,0.0,0.0,0.09099999999999975,0.0,0.0,0.0,0.0,0.0,-0.0009999999999847908,0.0,0.0
ALA  78,R ALA  78,0.0,0.0,0.0,-0.0009999999999994458,0.0,0.0,-0.17300000000000182,0.0,0.0,0.17200000000000004,0.0,0.0,0.0,0.0,0.0,-0.002000000000006885,0.0,0.0
GLU  79,R GLU  79,0.0,0.0,0.0,-0.0019999999999997797,0.0,0.0,10.482,0.0,0.0,-10.457999999999998,0.0,0.0,0.0,0.0,0.0,0.02200000000000557,0.0,0.0
TRP  80,R TRP  80,0.0,0.0,0.0,-0.002000000000000668,0.0,0.0,0.11599999999999966,0.0,0.0,-0.11300000000000043,0.0,0.0,0.0,0.0,0.0,0.0010000000000047748,0.0,0.0
ASP  81,R ASP  81,0.0,0.0,0.0,0.0,0.0,0.0,7.765000000000001,0.0,0.0,-7.759999999999991,0.0,0.0,0.0,0.0,0.0,0.005000000000009663,0.0,0.0
ARG  82,R ARG  82,0.0,0.0,0.0,-0.001000000000000334,0.0,0.0,-9.387,0.0,0.0,9.376999999999999,0.0,0.0,0.0,0.0,0.0,-0.011000000000024102,0.0,0.0
LEU  83,R LEU  83,0.0,0.0,0.0,-0.001000000000000334,0.0,0.0,-0.06800000000001205,0.0,0.0,0.06699999999999995,0.0,0.0,0.0,0.0,0.0,-0.002000000000016655,0.0,0.0
HID  84,R HID  84,0.0,0.0,0.0,0.0,0.0,0.0,0.15000000000000568,0.0,0.0,-0.1490000000000009,0.0,0.0,0.0,0.0,0.0,0.0010000000000047748,0.0,0.0
PRO  85,R PRO  85,0.0,0.0,0.0,0.0,0.0,0.0,0.06199999999999761,0.0,0.0,-0.06099999999999994,0.0,0.0,0.0,0.0,0.0,0.0009999999999976694,0.0,0.0
VAL  86,R VAL  86,0.0,0.0,0.0,0.0,0.0,0.0,0.012000000000000455,0.0,0.0,-0.01100000000000012,0.0,0.0,0.0,0.0,0.0,0.0010000000000012221,0.0,0.0
HID  87,R HID  87,0.0,0.0,0.0,0.0,0.0,0.0,-0.10900000000000176,0.0,0.0,0.10899999999999999,0.0,0.0,0.0,0.0,0.0,-1.7763568394002505e-15,0.0,0.0
ALA  88,R ALA  88,0.0,0.0,0.0,0.0,0.0,0.0,0.04800000000000182,0.0,0.0,-0.04800000000000004,0.0,0.0,0.0,0.0,0.0,1.7763568394002505e-15,0.0,0.0
GLY  89,R GLY  89,0.0,0.0,0.0,0.0,0.0,0.0,0.0589999999999975,0.0,0.0,-0.05900000000000105,0.0,0.0,0.0,0.0,0.0,-3.552713678800501e-15,0.0,0.0
PRO  90,R PRO  90,0.0,0.0,0.0,-0.001000000000000334,0.0,0.0,0.08500000000000085,0.0,0.0,-0.0860000000000003,0.0,0.0,0.0,0.0,0.0,-0.002000000000005997,0.0,0.0
ILE  91,R ILE  91,0.0,0.0,0.0,0.0,0.0,0.0,-0.06799999999999784,0.0,0.0,0.06700000000000017,0.0,0.0,0.0,0.0,0.0,-0.0009999999999976694,0.0,0.0
ALA  92,R ALA  92,0.0,0.0,0.0,0.0,0.0,0.0,0.03300000000000125,0.0,0.0,-0.032999999999999474,0.0,0.0,0.0,0.0,0.0,3.552713678800501e-15,0.0,0.0
PRO  93,R PRO  93,0.0,0.0,0.0,0.0,0.0,0.0,0.06700000000000017,0.0,0.0,-0.06700000000000017,0.0,0.0,0.0,0.0,0.0,0.0,0.0,0.0
GLY  94,R GLY  94,0.0,0.0,0.0,0.0,0.0,0.0,0.030000000000001137,0.0,0.0,-0.031000000000000583,0.0,0.0,0.0,0.0,0.0,-0.0009999999999994458,0.0,0.0
GLN  95,R GLN  95,0.0,0.0,0.0,0.0,0.0,0.0,-0.18500000000000227,0.0,0.0,0.18400000000000105,0.0,0.0,0.0,0.0,0.0,-0.0010000000000047748,0.0,0.0
MET  96,R MET  96,0.0,0.0,0.0,0.0,0.0,0.0,0.0049999999999954525,0.0,0.0,-0.005000000000000782,0.0,0.0,0.0,0.0,0.0,-5.329070518200751e-15,0.0,0.0
ARG  97,R ARG  97,0.0,0.0,0.0,0.0,0.0,0.0,-6.239000000000001,0.0,0.0,6.2379999999999995,0.0,0.0,0.0,0.0,0.0,-0.0010000000000047748,0.0,0.0
GLU  98,R GLU  98,0.0,0.0,0.0,0.0,0.0,0.0,6.613999999999997,0.0,0.0,-6.611999999999995,0.0,0.0,0.0,0.0,0.0,0.0020000000000024443,0.0,0.0
PRO  99,R PRO  99,0.0,0.0,0.0,-0.0010000000000012221,0.0,0.0,0.07200000000000273,0.0,0.0,-0.07200000000000006,0.0,0.0,0.0,0.0,0.0,-0.0010000000000012221,0.0,0.0
ARG 100,R ARG 100,0.0,0.0,0.0,-0.0009999999999994458,0.0,0.0,-7.303,0.0,0.0,7.298999999999996,0.0,0.0,0.0,0.0,0.0,-0.005000000000023874,0.0,0.0
GLY 101,R GLY 101,0.0,0.0,0.0,0.0,0.0,0.0,-0.036000000000001364,0.0,0.0,0.035999999999999976,0.0,0.0,0.0,0.0,0.0,-1.7763568394002505e-15,0.0,0.0
SER 102,R SER 102,0.0,0.0,0.0,0.0,0.0,0.0,-0.012000000000000455,0.0,0.0,0.013000000000000123,0.0,0.0,0.0,0.0,0.0,0.0009999999999994458,0.0,0.0
ASP 103,R ASP 103,0.0,0.0,0.0,0.0,0.0,0.0,6.546999999999997,0.0,0.0,-6.545000000000002,0.0,0.0,0.0,0.0,0.0,0.001999999999995339,0.0,0.0
ILE 104,R ILE 104,0.0,0.0,0.0,-0.0009999999999994458,0.0,0.0,-0.13000000000000256,0.0,0.0,0.131,0.0,0.0,0.0,0.0,0.0,0.0,0.0,0.0
ALA 105,R ALA 105,0.0,0.0,0.0,0.0,0.0,0.0,-0.07200000000000273,0.0,0.0,0.07199999999999995,0.0,0.0,0.0,0.0,0.0,-2.6645352591003757e-15,0.0,0.0
GLY 106,R GLY 106,0.0,0.0,0.0,0.0,0.0,0.0,-0.09099999999999397,0.0,0.0,0.09099999999999975,0.0,0.0,0.0,0.0,0.0,5.773159728050814e-15,0.0,0.0
THR 107,R THR 107,0.0,0.0,0.0,0.0,0.0,0.0,-0.04200000000000159,0.0,0.0,0.04200000000000159,0.0,0.0,0.0,0.0,0.0,0.0,0.0,0.0
THR 108,R THR 108,0.0,0.0,0.0,0.0,0.0,0.0,0.001999999999995339,0.0,0.0,-0.0019999999999997797,0.0,0.0,0.0,0.0,0.0,-7.105427357601002e-15,0.0,0.0
SER 109,R SER 109,0.0,0.0,0.0,0.0,0.0,0.0,0.0030000000000001137,0.0,0.0,-0.0030000000000001137,0.0,0.0,0.0,0.0,0.0,0.0,0.0,0.0
THR 110,R THR 110,0.0,0.0,0.0,0.0,0.0,0.0,0.06900000000000261,0.0,0.0,-0.06899999999999995,0.0,0.0,0.0,0.0,0.0,0.0,0.0,0.0
LEU 111,R LEU 111,0.0,0.0,0.0,0.0,0.0,0.0,0.07099999999999795,0.0,0.0,-0.06999999999999984,0.0,0.0,0.0,0.0,0.0,0.0009999999999976694,0.0,0.0
GLN 112,R GLN 112,0.0,0.0,0.0,0.0,0.0,0.0,0.10600000000000875,0.0,0.0,-0.10599999999999987,0.0,0.0,0.0,0.0,0.0,7.105427357601002e-15,0.0,0.0
GLU 113,R GLU 113,0.0,0.0,0.0,0.0,0.0,0.0,5.984000000000009,0.0,0.0,-5.983000000000004,0.0,0.0,0.0,0.0,0.0,0.0010000000000047748,0.0,0.0
GLN 114,R GLN 114,0.0,0.0,0.0,0.0,0.0,0.0,0.08100000000000307,0.0,0.0,-0.08100000000000002,0.0,0.0,0.0,0.0,0.0,7.105427357601002e-15,0.0,0.0
ILE 115,R ILE 115,0.0,0.0,0.0,0.0,0.0,0.0,0.07500000000000284,0.0,0.0,-0.07499999999999973,0.0,0.0,0.0,0.0,0.0,3.1086244689504383e-15,0.0,0.0
GLY 116,R GLY 116,0.0,0.0,0.0,0.0,0.0,0.0,0.018000000000000682,0.0,0.0,-0.018000000000000016,0.0,0.0,0.0,0.0,0.0,8.881784197001252e-16,0.0,0.0
TRP 117,R TRP 117,0.0,0.0,0.0,0.0,0.0,0.0,0.03300000000000125,0.0,0.0,-0.031999999999999584,0.0,0.0,0.0,0.0,0.0,0.0010000000000012221,0.0,0.0
MET 118,R MET 118,0.0,0.0,0.0,0.0,0.0,0.0,0.028999999999996362,0.0,0.0,-0.02900000000000036,0.0,0.0,0.0,0.0,0.0,-3.9968028886505635e-15,0.0,0.0
THR 119,R THR 119,0.0,0.0,0.0,0.0,0.0,0.0,-0.021000000000000796,0.0,0.0,0.02100000000000035,0.0,0.0,0.0,0.0,0.0,0.0,0.0,0.0
HID 120,R HID 120,0.0,0.0,0.0,0.0,0.0,0.0,0.06799999999999784,0.0,0.0,-0.06700000000000017,0.0,0.0,0.0,0.0,0.0,0.0009999999999976694,0.0,0.0
ASN 121,R ASN 121,0.0,0.0,0.0,0.0,0.0,0.0,0.02200000000000557,0.0,0.0,-0.021000000000000796,0.0,0.0,0.0,0.0,0.0,0.0010000000000047748,0.0,0.0
PRO 122,R PRO 122,0.0,0.0,0.0,0.0,0.0,0.0,-0.06199999999999761,0.0,0.0,0.06200000000000028,0.0,0.0,0.0,0.0,0.0,3.552713678800501e-15,0.0,0.0
PRO 123,R PRO 123,0.0,0.0,0.0,-0.0009999999999994458,0.0,0.0,0.15200000000000102,0.0,0.0,-0.1509999999999998,0.0,0.0,0.0,0.0,0.0,7.105427357601002e-15,0.0,0.0
ILE 124,R ILE 124,0.0,0.0,0.0,0.0,0.0,0.0,-0.125,0.0,0.0,0.125,0.0,0.0,0.0,0.0,0.0,0.0,0.0,0.0
PRO 125,R PRO 125,0.0,0.0,0.0,-0.001000000000000334,0.0,0.0,0.09399999999999409,0.0,0.0,-0.09400000000000008,0.0,0.0,0.0,0.0,0.0,-0.001000000000010104,0.0,0.0
VAL 126,R VAL 126,0.0,0.0,0.0,-0.0010000000000012221,0.0,0.0,0.14999999999999858,0.0,0.0,-0.14900000000000002,0.0,0.0,0.0,0.0,0.0,0.0,0.0,0.0
GLY 127,R GLY 127,0.0,0.0,0.0,0.0,0.0,0.0,0.12199999999999989,0.0,0.0,-0.121,0.0,0.0,0.0,0.0,0.0,0.001000000000000334,0.0,0.0
GLU 128,R GLU 128,0.0,0.0,0.0,-0.004000000000000448,0.0,0.0,7.117999999999995,0.0,0.0,-7.099000000000004,0.0,0.0,0.0,0.0,0.0,0.014999999999986358,0.0,0.0
ILE 129,R ILE 129,0.0,0.0,0.0,-0.0030000000000001137,0.0,0.0,0.20400000000000773,0.0,0.0,-0.203,0.0,0.0,0.0,0.0,0.0,-0.0019999999999926743,0.0,0.0
TYR 130,R TYR 130,0.0,0.0,0.0,-0.0030000000000001137,0.0,0.0,0.2540000000000049,0.0,0.0,-0.25,0.0,0.0,0.0,0.0,0.0,0.0010000000000047748,0.0,0.0
LYS 131,R LYS 131,0.0,0.0,0.0,-0.007999999999999119,0.0,0.0,-6.456000000000017,0.0,0.0,6.483999999999998,0.0,0.0,0.0,0.0,0.0,0.019999999999971152,0.0,0.0
ARG 132,R ARG 132,0.0,0.0,0.0,-0.0519999999999996,0.0,0.0,-13.529999999999998,0.0,0.0,13.691,0.0,0.0,0.0,0.0,0.0,0.10900000000000887,0.0,0.0
TRP 133,R TRP 133,0.0,0.0,0.0,-0.011000000000002785,0.0,0.0,0.2890000000000015,0.0,0.0,-0.278,0.0,0.0,0.0,0.0,0.0,5.329070518200751e-15,0.0,0.0
ILE 134,R ILE 134,0.0,0.0,0.0,-0.012000000000000455,0.0,0.0,0.26500000000000057,0.0,0.0,-0.252,0.0,0.0,0.0,0.0,0.0,0.0009999999999994458,0.0,0.0
ILE 135,R ILE 135,0.0,0.0,0.0,-0.09199999999999875,0.0,0.0,0.27000000000001023,0.0,0.0,-0.32899999999999996,0.0,0.0,0.0,0.0,0.0,-0.15099999999998737,0.0,0.0
LEU 136,R LEU 136,0.0,0.0,0.0,-0.09100000000000108,0.0,0.0,0.5619999999999976,0.0,0.0,-0.516,0.0,0.0,0.0,0.0,0.0,-0.04500000000000348,0.0,0.0
GLY 137,R GLY 137,0.0,0.0,0.0,-0.021999999999999353,0.0,0.0,0.36700000000000443,0.0,0.0,-0.37,0.0,0.0,0.0,0.0,0.0,-0.024999999999987033,0.0,0.0
LEU 138,R LEU 138,0.0,0.0,0.0,-0.08699999999999974,0.0,0.0,-0.18199999999998795,0.0,0.0,0.3380000000000001,0.0,0.0,0.0,0.0,0.0,0.06900000000001683,0.0,0.0
ASN 139,R ASN 139,0.0,0.0,0.0,-1.17,0.0,0.0,-1.4839999999999947,0.0,0.0,2.591000000000001,0.0,0.0,-0.24237698000000005,0.0,0.0,-0.30537698000000546,0.0,0.0
LYS 140,R LYS 140,0.0,0.0,0.0,-0.13400000000000034,0.0,0.0,-14.236000000000018,0.0,0.0,14.311999999999998,0.0,0.0,0.0,0.0,0.0,-0.058000000000021146,0.0,0.0
ILE 141,R ILE 141,0.0,0.0,0.0,-0.0649999999999995,0.0,0.0,0.27600000000001046,0.0,0.0,-0.16900000000000004,0.0,0.0,0.0,0.0,0.0,0.04200000000001225,0.0,0.0
VAL 142,R VAL 142,0.0,0.0,0.0,-0.9580000000000002,0.0,0.0,-0.44299999999999784,0.0,0.0,0.9459999999999997,0.0,0.0,-0.08858448000000001,0.0,0.0,-0.5435844800000034,0.0,0.0
ARG 143,R ARG 143,0.0,0.0,0.0,0.7250000000000014,0.0,0.0,-57.024,0.0,0.0,53.17,0.0,0.0,-0.3681101400000001,0.0,0.0,-3.4971101399999895,0.0,0.0
MET 144,R MET 144,0.0,0.0,0.0,-0.04499999999999993,0.0,0.0,-0.10500000000000398,0.0,0.0,0.1590000000000007,0.0,0.0,0.0,0.0,0.0,0.008999999999995012,0.0,0.0
TYR 145,R TYR 145,0.0,0.0,0.0,-0.08300000000000018,0.0,0.0,-0.11400000000000432,0.0,0.0,0.3169999999999984,0.0,0.0,0.0,0.0,0.0,0.11999999999999567,0.0,0.0
SER 146,R SER 146,0.0,0.0,0.0,-0.30799999999999983,0.0,0.0,-0.17499999999999716,0.0,0.0,0.8519999999999994,0.0,0.0,-0.012281719999999996,0.0,0.0,0.35671828000000794,0.0,0.0
PRO 147,R PRO 147,0.0,0.0,0.0,-0.22599999999999998,0.0,0.0,2.6199999999999974,0.0,0.0,-2.4139999999999997,0.0,0.0,0.0,0.0,0.0,-0.020000000000003126,0.0,0.0
THR 148,R THR 148,0.0,0.0,0.0,-2.375,0.0,0.0,-3.5889999999999986,0.0,0.0,4.867,0.0,0.0,-0.31445756,0.0,0.0,-1.411457559999997,0.0,0.0
SER 149,R SER 149,0.0,0.0,0.0,-3.47,0.0,0.0,-17.550999999999995,0.0,0.0,16.384,0.0,0.0,-0.35522680000000006,0.0,0.0,-4.992226800000002,0.0,0.0
ILE 150,R ILE 150,18.929000000000002,0.0,0.0,-10.921999999999999,0.0,0.0,-30.459000000000003,0.0,0.0,8.687,0.0,0.0,-1.2594941800000001,0.0,0.0,-15.024494179999998,0.0,0.0
LEU 151,L LEU   1,20.186,0.0,0.0,-2.242,0.0,0.0,-24.666000000000004,0.0,0.0,0.542,0.0,0.0,-0.1750931,0.0,0.0,-6.355093100000001,0.0,0.0
ASP 152,L ASP   2,0.0,0.0,0.0,-2.498,0.0,0.0,-9.664000000000001,0.0,0.0,9.62400000000001,0.0,0.0,-0.28991037999999997,0.0,0.0,-2.8279103799999916,0.0,0.0
ILE 153,L ILE   3,0.0,0.0,0.0,-2.423,0.0,0.0,-0.12899999999999068,0.0,0.0,0.2589999999999999,0.0,0.0,-0.14510424000000002,0.0,0.0,-2.438104239999994,0.0,0.0
ARG 154,L ARG   4,0.0,0.0,0.0,-0.13900000000000023,0.0,0.0,-7.3729999999999976,0.0,0.0,7.531000000000001,0.0,0.0,0.0,0.0,0.0,0.018999999999977035,0.0,0.0
GLN 155,L GLN   5,0.0,0.0,0.0,-0.019000000000000128,0.0,0.0,-0.010000000000005116,0.0,0.0,0.026000000000000023,0.0,0.0,0.0,0.0,0.0,-0.0030000000000143245,0.0,0.0
GLY 156,L GLY   6,0.0,0.0,0.0,-0.0050000000000001155,0.0,0.0,-0.043000000000006366,0.0,0.0,0.052999999999999936,0.0,0.0,0.0,0.0,0.0,0.004999999999983906,0.0,0.0
PRO 157,L PRO   7,0.0,0.0,0.0,-0.004999999999999893,0.0,0.0,-0.060000000000002274,0.0,0.0,0.06199999999999939,0.0,0.0,0.0,0.0,0.0,-0.002999999999996561,0.0,0.0
LYS 158,L LYS   8,0.0,0.0,0.0,-0.0030000000000001137,0.0,0.0,-6.489000000000004,0.0,0.0,6.4990000000000006,0.0,0.0,0.0,0.0,0.0,0.006999999999994344,0.0,0.0
GLU 159,L GLU   9,0.0,0.0,0.0,-0.015000000000000568,0.0,0.0,8.108000000000004,0.0,0.0,-8.015999999999998,0.0,0.0,0.0,0.0,0.0,0.0770000000000195,0.0,0.0
PRO 160,L PRO  10,0.0,0.0,0.0,-0.004999999999999893,0.0,0.0,0.12899999999999778,0.0,0.0,-0.12200000000000033,0.0,0.0,0.0,0.0,0.0,0.0020000000000024443,0.0,0.0
PHE 161,L PHE  11,0.0,0.0,0.0,-0.009999999999999787,0.0,0.0,0.14099999999999113,0.0,0.0,-0.12600000000000033,0.0,0.0,0.0,0.0,0.0,0.004999999999999005,0.0,0.0
ARG 162,L ARG  12,0.0,0.0,0.0,-0.010999999999999233,0.0,0.0,-7.582,0.0,0.0,7.602999999999998,0.0,0.0,0.0,0.0,0.0,0.010000000000019327,0.0,0.0
ASP 163,L ASP  13,0.0,0.0,0.0,-0.016000000000000014,0.0,0.0,8.438000000000002,0.0,0.0,-8.344999999999999,0.0,0.0,0.0,0.0,0.0,0.07699999999999818,0.0,0.0
TYR 164,L TYR  14,0.0,0.0,0.0,-0.08399999999999963,0.0,0.0,0.19700000000000273,0.0,0.0,-0.15400000000000003,0.0,0.0,0.0,0.0,0.0,-0.04100000000000037,0.0,0.0
VAL 165,L VAL  15,0.0,0.0,0.0,-0.04600000000000115,0.0,0.0,0.1700000000000017,0.0,0.0,-0.18000000000000016,0.0,0.0,0.0,0.0,0.0,-0.05600000000000449,0.0,0.0
ASP 166,L ASP  16,0.0,0.0,0.0,-0.05400000000000027,0.0,0.0,9.890999999999991,0.0,0.0,-9.693000000000005,0.0,0.0,0.0,0.0,0.0,0.14399999999998414,0.0,0.0
ARG 167,L ARG  17,0.0,0.0,0.0,-0.27999999999999936,0.0,0.0,-8.619,0.0,0.0,8.93,0.0,0.0,0.0,0.0,0.0,0.03099999999997749,0.0,0.0
PHE 168,L PHE  18,0.0,0.0,0.0,-1.7590000000000003,0.0,0.0,-0.9420000000000073,0.0,0.0,1.3019999999999998,0.0,0.0,-0.04964178000000001,0.0,0.0,-1.4486417800000075,0.0,0.0
TYR 169,L TYR  19,0.0,0.0,0.0,-0.22100000000000009,0.0,0.0,0.4309999999999974,0.0,0.0,-0.22999999999999998,0.0,0.0,0.0,0.0,0.0,-0.02000000000000579,0.0,0.0
LYS 170,L LYS  20,0.0,0.0,0.0,-0.5700000000000003,0.0,0.0,-11.107,0.0,0.0,11.992999999999999,0.0,0.0,-0.01775049999999989,0.0,0.0,0.29824950000000605,0.0,0.0
THR 171,L THR  21,0.0,0.0,0.0,-2.6919999999999993,0.0,0.0,-1.6060000000000016,0.0,0.0,2.618,0.0,0.0,-0.21059952000000004,0.0,0.0,-1.8905995200000056,0.0,0.0
LEU 172,L LEU  22,0.0,0.0,0.0,-1.2830000000000013,0.0,0.0,-1.0080000000000027,0.0,0.0,1.0780000000000003,0.0,0.0,-0.03520832,0.0,0.0,-1.2482083200000016,0.0,0.0
ARG 173,L ARG  23,0.0,0.0,0.0,-2.534,0.0,0.0,-34.096,0.0,0.0,33.718,0.0,0.0,-0.38733488000000005,0.0,0.0,-3.2993348800000035,0.0,0.0
ALA 174,L ALA  24,0.0,0.0,0.0,-0.347,0.0,0.0,-2.727000000000004,0.0,0.0,3.1359999999999997,0.0,0.0,-0.33882588,0.0,0.0,-0.27682587999999875,0.0,0.0
GLU 175,L GLU  25,0.0,0.0,0.0,-1.9309999999999992,0.0,0.0,-29.443999999999996,0.0,0.0,27.083000000000006,0.0,0.0,-0.24505988,0.0,0.0,-4.537059879999987,0.0,0.0
GLN 176,L GLN  26,0.0,0.0,0.0,-1.4290000000000003,0.0,0.0,-4.305999999999997,0.0,0.0,5.891000000000002,0.0,0.0,-0.2699431,0.0,0.0,-0.11394309999999308,0.0,0.0
ALA 177,L ALA  27,0.0,0.0,0.0,-0.10500000000000043,0.0,0.0,0.7279999999999944,0.0,0.0,-0.5860000000000003,0.0,0.0,0.0,0.0,0.0,0.03699999999999015,0.0,0.0
SER 178,L SER  28,0.0,0.0,0.0,-0.030999999999999694,0.0,0.0,-0.3760000000000048,0.0,0.0,0.4720000000000004,0.0,0.0,0.0,0.0,0.0,0.06500000000000394,0.0,0.0
GLN 179,L GLN  29,0.0,0.0,0.0,-0.03200000000000003,0.0,0.0,-0.4369999999999976,0.0,0.0,0.6110000000000007,0.0,0.0,0.0,0.0,0.0,0.14200000000001012,0.0,0.0
GLU 180,L GLU  30,0.0,0.0,0.0,-0.0129999999999999,0.0,0.0,9.028999999999996,0.0,0.0,-8.965000000000003,0.0,0.0,0.0,0.0,0.0,0.05099999999998772,0.0,0.0
VAL 181,L VAL  31,0.0,0.0,0.0,-0.06599999999999984,0.0,0.0,-0.08899999999999864,0.0,0.0,0.14200000000000013,0.0,0.0,0.0,0.0,0.0,-0.013000000000000789,0.0,0.0
LYS 182,L LYS  32,0.0,0.0,0.0,-0.07099999999999973,0.0,0.0,-11.685000000000002,0.0,0.0,11.875000000000004,0.0,0.0,0.0,0.0,0.0,0.11900000000000333,0.0,0.0
ASN 183,L ASN  33,0.0,0.0,0.0,-0.0129999999999999,0.0,0.0,-0.02200000000000557,0.0,0.0,0.0519999999999996,0.0,0.0,0.0,0.0,0.0,0.016999999999981696,0.0,0.0
TRP 184,L TRP  34,0.0,0.0,0.0,-0.05600000000000094,0.0,0.0,-0.0010000000000047748,0.0,0.0,0.05000000000000071,0.0,0.0,0.0,0.0,0.0,-0.007000000000012108,0.0,0.0
MET 185,L MET  35,0.0,0.0,0.0,-0.8439999999999994,0.0,0.0,-0.10999999999999943,0.0,0.0,0.33000000000000007,0.0,0.0,-0.03783159999999999,0.0,0.0,-0.6618315999999931,0.0,0.0
THR 186,L THR  36,0.0,0.0,0.0,-0.028999999999999915,0.0,0.0,0.030999999999998806,0.0,0.0,-0.008000000000000007,0.0,0.0,0.0,0.0,0.0,-0.00600000000000378,0.0,0.0
GLU 187,L GLU  37,0.0,0.0,0.0,-0.009000000000000341,0.0,0.0,7.427999999999997,0.0,0.0,-7.402000000000001,0.0,0.0,0.0,0.0,0.0,0.016999999999995907,0.0,0.0
THR 188,L THR  38,0.0,0.0,0.0,-0.019999999999999574,0.0,0.0,-0.02200000000000557,0.0,0.0,0.05499999999999999,0.0,0.0,0.0,0.0,0.0,0.012999999999991019,0.0,0.0
LEU 189,L LEU  39,0.0,0.0,0.0,-0.9459999999999997,0.0,0.0,0.08399999999998897,0.0,0.0,-0.10399999999999998,0.0,0.0,-0.022184060000000005,0.0,0.0,-0.9881840600000178,0.0,0.0
LEU 190,L LEU  40,0.0,0.0,0.0,-0.06400000000000006,0.0,0.0,0.020999999999986585,0.0,0.0,-0.008000000000000007,0.0,0.0,0.0,0.0,0.0,-0.051000000000005485,0.0,0.0
VAL 191,L VAL  41,0.0,0.0,0.0,-0.012000000000000455,0.0,0.0,0.0049999999999954525,0.0,0.0,0.017000000000000008,0.0,0.0,0.0,0.0,0.0,0.009999999999994458,0.0,0.0
GLN 192,L GLN  42,0.0,0.0,0.0,-0.019000000000000128,0.0,0.0,-0.1419999999999959,0.0,0.0,0.18199999999999994,0.0,0.0,0.0,0.0,0.0,0.02099999999999369,0.0,0.0
ASN 193,L ASN  43,0.0,0.0,0.0,-0.20700000000000074,0.0,0.0,-0.7650000000000006,0.0,0.0,0.8449999999999998,0.0,0.0,-0.0014904999999999918,0.0,0.0,-0.12849050000001228,0.0,0.0
ALA 194,L ALA  44,0.0,0.0,0.0,-0.009000000000000341,0.0,0.0,0.003999999999990678,0.0,0.0,0.0040000000000000036,0.0,0.0,0.0,0.0,0.0,-0.000999999999995449,0.0,0.0
ASN 195,L ASN  45,0.0,0.0,0.0,-0.004999999999999893,0.0,0.0,0.012000000000000455,0.0,0.0,0.0019999999999997797,0.0,0.0,0.0,0.0,0.0,0.009000000000000341,0.0,0.0
PRO 196,L PRO  46,0.0,0.0,0.0,-0.0019999999999997797,0.0,0.0,0.0020000000000024443,0.0,0.0,-0.0040000000000000036,0.0,0.0,0.0,0.0,0.0,-0.00399999999999423,0.0,0.0
ASP 197,L ASP  47,0.0,0.0,0.0,-0.002000000000000668,0.0,0.0,6.405000000000001,0.0,0.0,-6.399000000000001,0.0,0.0,0.0,0.0,0.0,0.003999999999990678,0.0,0.0
CYX 198,L CYX  48,0.0,0.0,0.0,-0.002000000000000668,0.0,0.0,-0.031999999999996476,0.0,0.0,0.037,0.0,0.0,0.0,0.0,0.0,0.0029999999999930083,0.0,0.0
LYS 199,L LYS  49,0.0,0.0,0.0,-0.004999999999999005,0.0,0.0,-7.056000000000012,0.0,0.0,7.091000000000001,0.0,0.0,0.0,0.0,0.0,0.02999999999999403,0.0,0.0
THR 200,L THR  50,0.0,0.0,0.0,-0.001000000000000334,0.0,0.0,-0.0049999999999954525,0.0,0.0,0.006999999999999673,0.0,0.0,0.0,0.0,0.0,0.0010000000000083276,0.0,0.0
ILE 201,L ILE  51,0.0,0.0,0.0,-0.0009999999999994458,0.0,0.0,-0.016999999999995907,0.0,0.0,0.017000000000000126,0.0,0.0,0.0,0.0,0.0,-0.0009999999999994458,0.0,0.0
LEU 202,L LEU  52,0.0,0.0,0.0,-0.0019999999999988916,0.0,0.0,-0.04000000000000625,0.0,0.0,0.043999999999999595,0.0,0.0,0.0,0.0,0.0,0.0019999999999846807,0.0,0.0
LYS 203,L LYS  53,0.0,0.0,0.0,-0.0030000000000001137,0.0,0.0,-6.771000000000001,0.0,0.0,6.787000000000003,0.0,0.0,0.0,0.0,0.0,0.013000000000001677,0.0,0.0
ALA 204,L ALA  54,0.0,0.0,0.0,-0.0009999999999998899,0.0,0.0,-0.009000000000000341,0.0,0.0,0.009999999999999787,0.0,0.0,0.0,0.0,0.0,-5.329070518200751e-15,0.0,0.0
LEU 205,L LEU  55,0.0,0.0,0.0,-0.001000000000000334,0.0,0.0,-0.0309999999999917,0.0,0.0,0.031000000000000583,0.0,0.0,0.0,0.0,0.0,-0.000999999999995893,0.0,0.0
GLY 206,L GLY  56,0.0,0.0,0.0,0.0,0.0,0.0,0.0049999999999954525,0.0,0.0,-0.002000000000000668,0.0,0.0,0.0,0.0,0.0,0.0029999999999947846,0.0,0.0
PRO 207,L PRO  57,0.0,0.0,0.0,-0.002000000000000224,0.0,0.0,-0.0899999999999963,0.0,0.0,0.09199999999999964,0.0,0.0,0.0,0.0,0.0,1.0658141036401503e-14,0.0,0.0
GLY 208,L GLY  58,0.0,0.0,0.0,-0.0009999999999998899,0.0,0.0,-0.018000000000000682,0.0,0.0,0.019999999999999574,0.0,0.0,0.0,0.0,0.0,0.0010000000000012221,0.0,0.0
ALA 209,L ALA  59,0.0,0.0,0.0,-0.001000000000000334,0.0,0.0,0.10600000000000875,0.0,0.0,-0.1030000000000002,0.0,0.0,0.0,0.0,0.0,0.0020000000000033324,0.0,0.0
THR 210,L THR  60,0.0,0.0,0.0,-0.001000000000000334,0.0,0.0,-0.054000000000002046,0.0,0.0,0.05799999999999983,0.0,0.0,0.0,0.0,0.0,0.0030000000000001137,0.0,0.0
LEU 211,L LEU  61,0.0,0.0,0.0,-0.0070000000000014495,0.0,0.0,-0.09799999999999898,0.0,0.0,0.10199999999999987,0.0,0.0,0.0,0.0,0.0,-0.002999999999996561,0.0,0.0
GLU 212,L GLU  62,0.0,0.0,0.0,-0.0030000000000001137,0.0,0.0,7.451000000000008,0.0,0.0,-7.433,0.0,0.0,0.0,0.0,0.0,0.015000000000007674,0.0,0.0
GLU 213,L GLU  63,0.0,0.0,0.0,-0.001000000000000334,0.0,0.0,6.234999999999999,0.0,0.0,-6.233000000000004,0.0,0.0,0.0,0.0,0.0,0.000999999999990564,0.0,0.0
MET 214,L MET  64,0.0,0.0,0.0,-0.0039999999999995595,0.0,0.0,-0.11599999999999966,0.0,0.0,0.121,0.0,0.0,0.0,0.0,0.0,0.000999999999995449,0.0,0.0
MET 215,L MET  65,0.0,0.0,0.0,-0.0039999999999995595,0.0,0.0,-0.06999999999999318,0.0,0.0,0.07399999999999984,0.0,0.0,0.0,0.0,0.0,1.7763568394002505e-14,0.0,0.0
THR 216,L THR  66,0.0,0.0,0.0,-0.0009999999999994458,0.0,0.0,-0.07000000000000028,0.0,0.0,0.07099999999999973,0.0,0.0,0.0,0.0,0.0,0.0,0.0,0.0
ALA 217,L ALA  67,0.0,0.0,0.0,-0.0009999999999994458,0.0,0.0,-0.0519999999999925,0.0,0.0,0.052000000000000046,0.0,0.0,0.0,0.0,0.0,-0.0009999999999972253,0.0,0.0
CYX 218,L CYX  68,0.0,0.0,0.0,-0.0019999999999988916,0.0,0.0,-0.054000000000002046,0.0,0.0,0.05600000000000005,0.0,0.0,0.0,0.0,0.0,2.6645352591003757e-15,0.0,0.0
GLN 219,L GLN  69,0.0,0.0,0.0,-0.001000000000000334,0.0,0.0,0.03699999999999193,0.0,0.0,-0.03300000000000125,0.0,0.0,0.0,0.0,0.0,0.0029999999999930083,0.0,0.0
GLY 220,L GLY  70,0.0,0.0,0.0,0.0,0.0,0.0,0.02599999999999625,0.0,0.0,-0.02400000000000091,0.0,0.0,0.0,0.0,0.0,0.001999999999995339,0.0,0.0
VAL 221,L VAL  71,0.0,0.0,0.0,-0.0009999999999994458,0.0,0.0,6.344999999999999,0.0,0.0,-6.341000000000008,0.0,0.0,0.0,0.0,0.0,0.0030000000000001137,0.0,0.0

idecomp = 1: Per-residue decomp adding 1-4 interactions to Internal.
Energy Decomposition Analysis (All units kcal/mol): Poisson Boltzmann solvent
Complex:
Total Energy Decomposition:
Residue,Internal,,,van der Waals,,,Electrostatic,,,Polar Solvation,,,Non-Polar Solv.,,,TOTAL,,
,Avg.,Std. Dev.,Std. Err. of Mean,Avg.,Std. Dev.,Std. Err. of Mean,Avg.,Std. Dev.,Std. Err. of Mean,Avg.,Std. Dev.,Std. Err. of Mean,Avg.,Std. Dev.,Std. Err. of Mean,Avg.,Std. Dev.,Std. Err. of Mean
PRO   1,102.199,0.0,0.0,-6.526,0.0,0.0,-112.579,0.0,0.0,14.699,0.0,0.0,0.0,0.0,0.0,-2.206999999999992,0.0,0.0
ILE   2,90.884,0.0,0.0,-7.507,0.0,0.0,-65.544,0.0,0.0,-3.025,0.0,0.0,0.0,0.0,0.0,14.807999999999998,0.0,0.0
VAL   3,56.665,0.0,0.0,-4.47,0.0,0.0,-56.299,0.0,0.0,-2.17,0.0,0.0,0.0,0.0,0.0,-6.273999999999999,0.0,0.0
GLN   4,25.536,0.0,0.0,-6.715,0.0,0.0,-54.493,0.0,0.0,-12.86,0.0,0.0,0.0,0.0,0.0,-48.532,0.0,0.0
ASN   5,23.764,0.0,0.0,-6.451,0.0,0.0,-71.688,0.0,0.0,-11.34,0.0,0.0,0.0,0.0,0.0,-65.715,0.0,0.0
LEU   6,67.419,0.0,0.0,-2.156,0.0,0.0,-68.005,0.0,0.0,-6.133,0.0,0.0,0.0,0.0,0.0,-8.875000000000004,0.0,0.0
GLN   7,41.624,0.0,0.0,-3.605,0.0,0.0,-75.528,0.0,0.0,-14.355,0.0,0.0,0.0,0.0,0.0,-51.864000000000004,0.0,0.0
GLY   8,74.326,0.0,0.0,-2.387,0.0,0.0,-66.98,0.0,0.0,-5.115,0.0,0.0,0.0,0.0,0.0,-0.15600000000001124,0.0,0.0
GLN   9,33.176,0.0,0.0,-4.957,0.0,0.0,-70.128,0.0,0.0,-9.314,0.0,0.0,0.0,0.0,0.0,-51.223,0.0,0.0
MET  10,104.032,0.0,0.0,-7.022,0.0,0.0,-83.131,0.0,0.0,-4.049,0.0,0.0,0.0,0.0,0.0,9.829999999999991,0.0,0.0
VAL  11,49.324,0.0,0.0,-5.027,0.0,0.0,-52.387,0.0,0.0,-2.001,0.0,0.0,0.0,0.0,0.0,-10.091000000000003,0.0,0.0
HID  12,88.135,0.0,0.0,-10.641,0.0,0.0,-62.357,0.0,0.0,-6.453,0.0,0.0,0.0,0.0,0.0,8.684000000000001,0.0,0.0
GLN  13,36.36,0.0,0.0,-5.206,0.0,0.0,-76.223,0.0,0.0,-9.297,0.0,0.0,0.0,0.0,0.0,-54.366,0.0,0.0
ALA  14,98.891,0.0,0.0,-3.579,0.0,0.0,-82.307,0.0,0.0,-3.014,0.0,0.0,0.0,0.0,0.0,9.99100000000001,0.0,0.0
ILE  15,98.191,0.0,0.0,-7.765,0.0,0.0,-71.265,0.0,0.0,-4.004,0.0,0.0,0.0,0.0,0.0,15.157000000000002,0.0,0.0
SER  16,70.76,0.0,0.0,-6.301,0.0,0.0,-48.74,0.0,0.0,-7.858,0.0,0.0,0.0,0.0,0.0,7.8610000000000015,0.0,0.0
PRO  17,88.02,0.0,0.0,-5.37,0.0,0.0,-58.594,0.0,0.0,-3.396,0.0,0.0,0.0,0.0,0.0,20.65999999999999,0.0,0.0
ARG  18,-182.705,0.0,0.0,-6.639,0.0,0.0,64.736,0.0,0.0,-38.549,0.0,0.0,0.0,0.0,0.0,-163.157,0.0,0.0
THR  19,44.657,0.0,0.0,-8.431,0.0,0.0,-51.193,0.0,0.0,-4.757,0.0,0.0,0.0,0.0,0.0,-19.723999999999997,0.0,0.0
LEU  20,57.568,0.0,0.0,-8.875,0.0,0.0,-54.819,0.0,0.0,-2.258,0.0,0.0,0.0,0.0,0.0,-8.384000000000004,0.0,0.0
ASN  21,35.002,0.0,0.0,-6.121,0.0,0.0,-81.052,0.0,0.0,-17.054,0.0,0.0,0.0,0.0,0.0,-69.22500000000001,0.0,0.0
ALA  22,93.699,0.0,0.0,-5.727,0.0,0.0,-84.055,0.0,0.0,-1.669,0.0,0.0,0.0,0.0,0.0,2.2479999999999873,0.0,0.0
TRP  23,129.19,0.0,0.0,-16.225,0.0,0.0,-95.959,0.0,0.0,-1.332,0.0,0.0,0.0,0.0,0.0,15.674,0.0,0.0
VAL  24,63.206,0.0,0.0,-6.87,0.0,0.0,-56.995,0.0,0.0,-3.811,0.0,0.0,0.0,0.0,0.0,-4.469999999999992,0.0,0.0
LYS  25,134.638,0.0,0.0,-7.453,0.0,0.0,-132.828,0.0,0.0,-0.092,0.0,0.0,0.0,0.0,0.0,-5.735,0.0,0.0
VAL  26,58.458,0.0,0.0,-7.884,0.0,0.0,-67.636,0.0,0.0,-0.972,0.0,0.0,0.0,0.0,0.0,-18.034,0.0,0.0
VAL  27,49.922,0.0,0.0,-9.376,0.0,0.0,-51.686,0.0,0.0,-2.46,0.0,0.0,0.0,0.0,0.0,-13.600000000000001,0.0,0.0
GLU  28,95.031,0.0,0.0,-6.232,0.0,0.0,-54.952,0.0,0.0,-100.211,0.0,0.0,0.0,0.0,0.0,-66.36399999999999,0.0,0.0
GLU  29,107.271,0.0,0.0,-4.579,0.0,0.0,-100.08,0.0,0.0,-54.867,0.0,0.0,0.0,0.0,0.0,-52.25499999999999,0.0,0.0
LYS  30,121.052,0.0,0.0,-7.847,0.0,0.0,-105.536,0.0,0.0,-9.15,0.0,0.0,0.0,0.0,0.0,-1.4809999999999892,0.0,0.0
ALA  31,88.63,0.0,0.0,-5.736,0.0,0.0,-78.693,0.0,0.0,-2.246,0.0,0.0,0.0,0.0,0.0,1.9549999999999934,0.0,0.0
PHE  32,103.552,0.0,0.0,-9.735,0.0,0.0,-76.982,0.0,0.0,-2.921,0.0,0.0,0.0,0.0,0.0,13.914000000000009,0.0,0.0
SER  33,87.04,0.0,0.0,-6.697,0.0,0.0,-59.833,0.0,0.0,-3.241,0.0,0.0,0.0,0.0,0.0,17.269000000000005,0.0,0.0
PRO  34,74.994,0.0,0.0,-8.365,0.0,0.0,-54.474,0.0,0.0,-2.177,0.0,0.0,0.0,0.0,0.0,9.978000000000009,0.0,0.0
GLU  35,103.488,0.0,0.0,-7.277,0.0,0.0,-110.362,0.0,0.0,-36.534,0.0,0.0,0.0,0.0,0.0,-50.684999999999995,0.0,0.0
VAL  36,52.672,0.0,0.0,-7.481,0.0,0.0,-54.491,0.0,0.0,0.202,0.0,0.0,0.0,0.0,0.0,-9.098000000000004,0.0,0.0
ILE  37,86.298,0.0,0.0,-7.862,0.0,0.0,-60.637,0.0,0.0,-0.371,0.0,0.0,0.0,0.0,0.0,17.428000000000008,0.0,0.0
PRO  38,86.254,0.0,0.0,-4.384,0.0,0.0,-58.937,0.0,0.0,-2.368,0.0,0.0,0.0,0.0,0.0,20.56500000000001,0.0,0.0
MET  39,95.19,0.0,0.0,-9.707,0.0,0.0,-70.092,0.0,0.0,-2.363,0.0,0.0,0.0,0.0,0.0,13.028000000000006,0.0,0.0
PHE  40,110.822,0.0,0.0,-13.974,0.0,0.0,-86.095,0.0,0.0,-0.731,0.0,0.0,0.0,0.0,0.0,10.022,0.0,0.0
SER  41,65.488,0.0,0.0,-6.93,0.0,0.0,-46.378,0.0,0.0,-10.177,0.0,0.0,0.0,0.0,0.0,2.003,0.0,0.0
ALA  42,86.405,0.0,0.0,-4.556,0.0,0.0,-65.343,0.0,0.0,-5.804,0.0,0.0,0.0,0.0,0.0,10.702,0.0,0.0
LEU  43,74.958,0.0,0.0,-10.264,0.0,0.0,-75.552,0.0,0.0,-2.475,0.0,0.0,0.0,0.0,0.0,-13.333000000000004,0.0,0.0
SER  44,73.562,0.0,0.0,-6.978,0.0,0.0,-72.467,0.0,0.0,-0.765,0.0,0.0,0.0,0.0,0.0,-6.647999999999995,0.0,0.0
GLU  45,103.85,0.0,0.0,-3.251,0.0,0.0,-58.547,0.0,0.0,-94.045,0.0,0.0,0.0,0.0,0.0,-51.99300000000001,0.0,0.0
GLY  46,67.246,0.0,0.0,-2.944,0.0,0.0,-69.296,0.0,0.0,0.354,0.0,0.0,0.0,0.0,0.0,-4.640000000000014,0.0,0.0
ALA  47,99.951,0.0,0.0,-6.711,0.0,0.0,-87.921,0.0,0.0,-1.444,0.0,0.0,0.0,0.0,0.0,3.8749999999999885,0.0,0.0
THR  48,63.768,0.0,0.0,-7.046,0.0,0.0,-65.284,0.0,0.0,0.068,0.0,0.0,0.0,0.0,0.0,-8.494000000000005,0.0,0.0
PRO  49,78.007,0.0,0.0,-11.582,0.0,0.0,-56.801,0.0,0.0,0.934,0.0,0.0,0.0,0.0,0.0,10.558000000000009,0.0,0.0
GLN  50,29.738,0.0,0.0,-7.94,0.0,0.0,-76.471,0.0,0.0,-3.934,0.0,0.0,0.0,0.0,0.0,-58.607,0.0,0.0
ASP  51,90.731,0.0,0.0,-5.553,0.0,0.0,-118.634,0.0,0.0,-27.929,0.0,0.0,0.0,0.0,0.0,-61.385000000000005,0.0,0.0
LEU  52,67.113,0.0,0.0,-12.522,0.0,0.0,-72.42,0.0,0.0,0.829,0.0,0.0,0.0,0.0,0.0,-17.0,0.0,0.0
ASN  53,38.377,0.0,0.0,-7.743,0.0,0.0,-99.042,0.0,0.0,-3.885,0.0,0.0,0.0,0.0,0.0,-72.293,0.0,0.0
THR  54,54.776,0.0,0.0,-8.259,0.0,0.0,-61.996,0.0,0.0,-1.916,0.0,0.0,0.0,0.0,0.0,-17.395,0.0,0.0
MET  55,84.149,0.0,0.0,-12.255,0.0,0.0,-69.441,0.0,0.0,-0.003,0.0,0.0,0.0,0.0,0.0,2.450000000000003,0.0,0.0
LEU  56,64.194,0.0,0.0,-9.881,0.0,0.0,-67.037,0.0,0.0,-0.729,0.0,0.0,0.0,0.0,0.0,-13.453000000000003,0.0,0.0
ASN  57,32.813,0.0,0.0,-6.174,0.0,0.0,-89.25,0.0,0.0,-11.086,0.0,0.0,0.0,0.0,0.0,-73.697,0.0,0.0
THR  58,54.191,0.0,0.0,-7.603,0.0,0.0,-62.637,0.0,0.0,-3.133,0.0,0.0,0.0,0.0,0.0,-19.182,0.0,0.0
VAL  59,44.111,0.0,0.0,-6.539,0.0,0.0,-45.163,0.0,0.0,0.255,0.0,0.0,0.0,0.0,0.0,-7.336000000000001,0.0,0.0
ALA  60,89.548,0.0,0.0,-4.393,0.0,0.0,-63.883,0.0,0.0,-1.435,0.0,0.0,0.0,0.0,0.0,19.837,0.0,0.0
PRO  61,76.611,0.0,0.0,-4.577,0.0,0.0,-57.999,0.0,0.0,-2.081,0.0,0.0,0.0,0.0,0.0,11.954000000000004,0.0,0.0
HID  62,105.159,0.0,0.0,-8.121,0.0,0.0,-69.65,0.0,0.0,-7.255,0.0,0.0,0.0,0.0,0.0,20.133000000000006,0.0,0.0
GLN  63,30.089,0.0,0.0,-6.427,0.0,0.0,-62.612,0.0,0.0,-11.203,0.0,0.0,0.0,0.0,0.0,-50.153000000000006,0.0,0.0
ALA  64,86.342,0.0,0.0,-5.318,0.0,0.0,-69.102,0.0,0.0,-3.422,0.0,0.0,0.0,0.0,0.0,8.499999999999996,0.0,0.0
ALA  65,89.726,0.0,0.0,-6.537,0.0,0.0,-77.394,0.0,0.0,-1.303,0.0,0.0,0.0,0.0,0.0,4.491999999999988,0.0,0.0
ALA  66,94.082,0.0,0.0,-5.613,0.0,0.0,-83.181,0.0,0.0,-1.643,0.0,0.0,0.0,0.0,0.0,3.644999999999997,0.0,0.0
GLN  67,46.941,0.0,0.0,-7.627,0.0,0.0,-72.513,0.0,0.0,-17.067,0.0,0.0,0.0,0.0,0.0,-50.266000000000005,0.0,0.0
MET  68,91.336,0.0,0.0,-11.023,0.0,0.0,-75.317,0.0,0.0,-2.079,0.0,0.0,0.0,0.0,0.0,2.917000000000009,0.0,0.0
LEU  69,82.565,0.0,0.0,-11.691,0.0,0.0,-77.116,0.0,0.0,-2.674,0.0,0.0,0.0,0.0,0.0,-8.916000000000004,0.0,0.0
LYS  70,129.357,0.0,0.0,-7.973,0.0,0.0,-118.794,0.0,0.0,-9.28,0.0,0.0,0.0,0.0,0.0,-6.689999999999996,0.0,0.0
GLU  71,108.685,0.0,0.0,-6.875,0.0,0.0,-70.778,0.0,0.0,-102.925,0.0,0.0,0.0,0.0,0.0,-71.893,0.0,0.0
THR  72,49.361,0.0,0.0,-9.545,0.0,0.0,-54.109,0.0,0.0,-4.211,0.0,0.0,0.0,0.0,0.0,-18.504000000000005,0.0,0.0
ILE  73,72.227,0.0,0.0,-8.612,0.0,0.0,-49.664,0.0,0.0,-2.716,0.0,0.0,0.0,0.0,0.0,11.235,0.0,0.0
ASN  74,39.973,0.0,0.0,-6.443,0.0,0.0,-95.371,0.0,0.0,-8.147,0.0,0.0,0.0,0.0,0.0,-69.988,0.0,0.0
GLU  75,109.774,0.0,0.0,-7.04,0.0,0.0,-53.884,0.0,0.0,-106.108,0.0,0.0,0.0,0.0,0.0,-57.25800000000001,0.0,0.0
GLU  76,101.427,0.0,0.0,-10.375,0.0,0.0,-34.173,0.0,0.0,-116.881,0.0,0.0,0.0,0.0,0.0,-60.001999999999995,0.0,0.0
ALA  77,84.909,0.0,0.0,-6.88,0.0,0.0,-71.613,0.0,0.0,-2.462,0.0,0.0,0.0,0.0,0.0,3.954000000000011,0.0,0.0
ALA  78,96.129,0.0,0.0,-5.845,0.0,0.0,-87.938,0.0,0.0,0.741,0.0,0.0,0.0,0.0,0.0,3.0870000000000037,0.0,0.0
GLU  79,109.682,0.0,0.0,-6.401,0.0,0.0,-58.241,0.0,0.0,-100.767,0.0,0.0,0.0,0.0,0.0,-55.72699999999999,0.0,0.0
TRP  80,117.509,0.0,0.0,-15.086,0.0,0.0,-85.247,0.0,0.0,-1.986,0.0,0.0,0.0,0.0,0.0,15.190000000000001,0.0,0.0
ASP  81,103.386,0.0,0.0,-9.026,0.0,0.0,-72.35,0.0,0.0,-68.277,0.0,0.0,0.0,0.0,0.0,-46.266999999999996,0.0,0.0
ARG  82,-198.52,0.0,0.0,-6.179,0.0,0.0,-4.723,0.0,0.0,36.873,0.0,0.0,0.0,0.0,0.0,-172.54900000000004,0.0,0.0
LEU  83,66.783,0.0,0.0,-6.115,0.0,0.0,-75.921,0.0,0.0,-0.984,0.0,0.0,0.0,0.0,0.0,-16.23700000000001,0.0,0.0
HID  84,115.537,0.0,0.0,-8.581,0.0,0.0,-73.205,0.0,0.0,-6.864,0.0,0.0,0.0,0.0,0.0,26.887000000000004,0.0,0.0
PRO  85,96.503,0.0,0.0,-3.803,0.0,0.0,-60.084,0.0,0.0,-7.561,0.0,0.0,0.0,0.0,0.0,25.055,0.0,0.0
VAL  86,51.904,0.0,0.0,-5.162,0.0,0.0,-49.917,0.0,0.0,-5.488,0.0,0.0,0.0,0.0,0.0,-8.662999999999997,0.0,0.0
HID  87,84.908,0.0,0.0,-8.935,0.0,0.0,-57.591,0.0,0.0,-5.886,0.0,0.0,0.0,0.0,0.0,12.495999999999999,0.0,0.0
ALA  88,97.432,0.0,0.0,-3.116,0.0,0.0,-76.017,0.0,0.0,-7.132,0.0,0.0,0.0,0.0,0.0,11.167000000000007,0.0,0.0
GLY  89,89.24,0.0,0.0,-1.25,0.0,0.0,-70.101,0.0,0.0,-8.617,0.0,0.0,0.0,0.0,0.0,9.271999999999995,0.0,0.0
PRO  90,82.909,0.0,0.0,-2.051,0.0,0.0,-55.823,0.0,0.0,-6.994,0.0,0.0,0.0,0.0,0.0,18.041000000000004,0.0,0.0
ILE  91,79.617,0.0,0.0,-5.012,0.0,0.0,-61.641,0.0,0.0,-2.87,0.0,0.0,0.0,0.0,0.0,10.094000000000005,0.0,0.0
ALA  92,95.921,0.0,0.0,-3.235,0.0,0.0,-69.172,0.0,0.0,-4.459,0.0,0.0,0.0,0.0,0.0,19.05500000000001,0.0,0.0
PRO  93,92.566,0.0,0.0,-2.146,0.0,0.0,-58.618,0.0,0.0,-5.516,0.0,0.0,0.0,0.0,0.0,26.286,0.0,0.0
GLY  94,73.627,0.0,0.0,-1.753,0.0,0.0,-65.788,0.0,0.0,-6.342,0.0,0.0,0.0,0.0,0.0,-0.2560000000000011,0.0,0.0
GLN  95,30.288,0.0,0.0,-4.899,0.0,0.0,-68.888,0.0,0.0,-8.141,0.0,0.0,0.0,0.0,0.0,-51.64000000000001,0.0,0.0
MET  96,101.277,0.0,0.0,-6.03,0.0,0.0,-75.384,0.0,0.0,-6.902,0.0,0.0,0.0,0.0,0.0,12.960999999999999,0.0,0.0
ARG  97,-198.674,0.0,0.0,-8.247,0.0,0.0,-28.956,0.0,0.0,43.445,0.0,0.0,0.0,0.0,0.0,-192.432,0.0,0.0
GLU  98,104.79,0.0,0.0,-5.126,0.0,0.0,-60.85,0.0,0.0,-88.483,0.0,0.0,0.0,0.0,0.0,-49.669000000000004,0.0,0.0
PRO  99,94.722,0.0,0.0,-10.236,0.0,0.0,-63.424,0.0,0.0,-1.32,0.0,0.0,0.0,0.0,0.0,19.74199999999999,0.0,0.0
ARG 100,-182.822,0.0,0.0,-11.251,0.0,0.0,-14.055,0.0,0.0,36.452,0.0,0.0,0.0,0.0,0.0,-171.67600000000002,0.0,0.0
GLY 101,76.377,0.0,0.0,-5.505,0.0,0.0,-83.643,0.0,0.0,1.604,0.0,0.0,0.0,0.0,0.0,-11.167000000000002,0.0,0.0
SER 102,66.894,0.0,0.0,-4.587,0.0,0.0,-65.613,0.0,0.0,-1.524,0.0,0.0,0.0,0.0,0.0,-4.829999999999997,0.0,0.0
ASP 103,92.548,0.0,0.0,-9.282,0.0,0.0,-92.173,0.0,0.0,-45.379,0.0,0.0,0.0,0.0,0.0,-54.285999999999994,0.0,0.0
ILE 104,76.319,0.0,0.0,-12.366,0.0,0.0,-60.807,0.0,0.0,1.272,0.0,0.0,0.0,0.0,0.0,4.418000000000001,0.0,0.0
ALA 105,91.259,0.0,0.0,-7.886,0.0,0.0,-76.757,0.0,0.0,0.812,0.0,0.0,0.0,0.0,0.0,7.428,0.0,0.0
GLY 106,90.488,0.0,0.0,-6.175,0.0,0.0,-85.16,0.0,0.0,-2.909,0.0,0.0,0.0,0.0,0.0,-3.755999999999994,0.0,0.0
THR 107,44.846,0.0,0.0,-4.385,0.0,0.0,-52.581,0.0,0.0,-8.332,0.0,0.0,0.0,0.0,0.0,-20.452000000000005,0.0,0.0
THR 108,37.705,0.0,0.0,-1.44,0.0,0.0,-54.85,0.0,0.0,-2.905,0.0,0.0,0.0,0.0,0.0,-21.490000000000002,0.0,0.0
SER 109,67.066,0.0,0.0,-7.099,0.0,0.0,-63.48,0.0,0.0,-0.999,0.0,0.0,0.0,0.0,0.0,-4.511999999999998,0.0,0.0
THR 110,28.225,0.0,0.0,-6.079,0.0,0.0,-35.364,0.0,0.0,-2.82,0.0,0.0,0.0,0.0,0.0,-16.037999999999997,0.0,0.0
LEU 111,65.638,0.0,0.0,-9.222,0.0,0.0,-66.018,0.0,0.0,-3.071,0.0,0.0,0.0,0.0,0.0,-12.672999999999996,0.0,0.0
GLN 112,36.683,0.0,0.0,-6.141,0.0,0.0,-80.05,0.0,0.0,-9.802,0.0,0.0,0.0,0.0,0.0,-59.309999999999995,0.0,0.0
GLU 113,102.749,0.0,0.0,-10.238,0.0,0.0,-90.645,0.0,0.0,-56.763,0.0,0.0,0.0,0.0,0.0,-54.897,0.0,0.0
GLN 114,38.279,0.0,0.0,-11.596,0.0,0.0,-87.979,0.0,0.0,0.551,0.0,0.0,0.0,0.0,0.0,-60.74499999999999,0.0,0.0
ILE 115,81.957,0.0,0.0,-7.758,0.0,0.0,-68.086,0.0,0.0,-1.449,0.0,0.0,0.0,0.0,0.0,4.664,0.0,0.0
GLY 116,77.227,0.0,0.0,-5.105,0.0,0.0,-76.605,0.0,0.0,0.111,0.0,0.0,0.0,0.0,0.0,-4.372000000000004,0.0,0.0
TRP 117,126.011,0.0,0.0,-18.39,0.0,0.0,-92.009,0.0,0.0,-0.221,0.0,0.0,0.0,0.0,0.0,15.390999999999995,0.0,0.0
MET 118,100.045,0.0,0.0,-10.583,0.0,0.0,-84.486,0.0,0.0,-3.438,0.0,0.0,0.0,0.0,0.0,1.537999999999999,0.0,0.0
THR 119,40.221,0.0,0.0,-6.014,0.0,0.0,-51.124,0.0,0.0,-3.158,0.0,0.0,0.0,0.0,0.0,-20.07500000000001,0.0,0.0
HID 120,94.221,0.0,0.0,-6.586,0.0,0.0,-55.587,0.0,0.0,-12.433,0.0,0.0,0.0,0.0,0.0,19.615000000000002,0.0,0.0
ASN 121,40.406,0.0,0.0,-4.011,0.0,0.0,-78.851,0.0,0.0,-13.181,0.0,0.0,0.0,0.0,0.0,-55.637,0.0,0.0
PRO 122,92.09,0.0,0.0,-3.104,0.0,0.0,-54.909,0.0,0.0,-5.447,0.0,0.0,0.0,0.0,0.0,28.630000000000006,0.0,0.0
PRO 123,87.943,0.0,0.0,-5.422,0.0,0.0,-59.793,0.0,0.0,-4.441,0.0,0.0,0.0,0.0,0.0,18.287000000000003,0.0,0.0
ILE 124,100.701,0.0,0.0,-7.736,0.0,0.0,-63.767,0.0,0.0,-0.077,0.0,0.0,0.0,0.0,0.0,29.120999999999984,0.0,0.0
PRO 125,90.437,0.0,0.0,-6.912,0.0,0.0,-66.265,0.0,0.0,-0.658,0.0,0.0,0.0,0.0,0.0,16.60199999999999,0.0,0.0
VAL 126,55.311,0.0,0.0,-10.146,0.0,0.0,-58.345,0.0,0.0,0.054,0.0,0.0,0.0,0.0,0.0,-13.126,0.0,0.0
GLY 127,74.895,0.0,0.0,-5.768,0.0,0.0,-73.607,0.0,0.0,-0.169,0.0,0.0,0.0,0.0,0.0,-4.649000000000004,0.0,0.0
GLU 128,106.829,0.0,0.0,-6.822,0.0,0.0,-86.921,0.0,0.0,-71.599,0.0,0.0,0.0,0.0,0.0,-58.51300000000002,0.0,0.0
ILE 129,80.62,0.0,0.0,-9.559,0.0,0.0,-66.594,0.0,0.0,-0.057,0.0,0.0,0.0,0.0,0.0,4.410000000000013,0.0,0.0
TYR 130,94.148,0.0,0.0,-15.051,0.0,0.0,-90.832,0.0,0.0,-0.235,0.0,0.0,0.0,0.0,0.0,-11.969999999999999,0.0,0.0
LYS 131,141.558,0.0,0.0,-12.011,0.0,0.0,-179.746,0.0,0.0,44.955,0.0,0.0,0.0,0.0,0.0,-5.244000000000014,0.0,0.0
ARG 132,-189.55,0.0,0.0,-10.238,0.0,0.0,22.203,0.0,0.0,8.073,0.0,0.0,0.0,0.0,0.0,-169.512,0.0,0.0
TRP 133,126.4,0.0,0.0,-18.661,0.0,0.0,-95.645,0.0,0.0,-1.222,0.0,0.0,0.0,0.0,0.0,10.872000000000009,0.0,0.0
ILE 134,89.387,0.0,0.0,-11.038,0.0,0.0,-69.262,0.0,0.0,-0.091,0.0,0.0,0.0,0.0,0.0,8.996000000000004,0.0,0.0
ILE 135,81.457,0.0,0.0,-8.591,0.0,0.0,-63.788,0.0,0.0,-0.435,0.0,0.0,0.0,0.0,0.0,8.643000000000002,0.0,0.0
LEU 136,67.572,0.0,0.0,-9.476,0.0,0.0,-73.763,0.0,0.0,0.774,0.0,0.0,0.0,0.0,0.0,-14.893,0.0,0.0
GLY 137,78.177,0.0,0.0,-7.079,0.0,0.0,-77.538,0.0,0.0,0.577,0.0,0.0,0.0,0.0,0.0,-5.862999999999984,0.0,0.0
LEU 138,62.596,0.0,0.0,-11.818,0.0,0.0,-65.493,0.0,0.0,0.018,0.0,0.0,0.0,0.0,0.0,-14.696999999999996,0.0,0.0
ASN 139,33.407,0.0,0.0,-9.274,0.0,0.0,-86.445,0.0,0.0,-4.22,0.0,0.0,0.0,0.0,0.0,-66.532,0.0,0.0
LYS 140,129.757,0.0,0.0,-9.541,0.0,0.0,-159.263,0.0,0.0,33.741,0.0,0.0,0.0,0.0,0.0,-5.305999999999997,0.0,0.0
ILE 141,93.758,0.0,0.0,-10.541,0.0,0.0,-75.975,0.0,0.0,-0.724,0.0,0.0,0.0,0.0,0.0,6.518000000000004,0.0,0.0
VAL 142,58.797,0.0,0.0,-8.606,0.0,0.0,-56.857,0.0,0.0,-0.882,0.0,0.0,0.0,0.0,0.0,-7.548000000000004,0.0,0.0
ARG 143,-197.386,0.0,0.0,-8.046,0.0,0.0,0.277,0.0,0.0,33.61,0.0,0.0,0.0,0.0,0.0,-171.54500000000002,0.0,0.0
MET 144,94.23,0.0,0.0,-8.665,0.0,0.0,-73.94,0.0,0.0,-4.546,0.0,0.0,0.0,0.0,0.0,7.079,0.0,0.0
TYR 145,87.1,0.0,0.0,-8.584,0.0,0.0,-80.202,0.0,0.0,-9.074,0.0,0.0,0.0,0.0,0.0,-10.760000000000007,0.0,0.0
SER 146,90.043,0.0,0.0,-3.719,0.0,0.0,-66.273,0.0,0.0,-3.552,0.0,0.0,0.0,0.0,0.0,16.499000000000017,0.0,0.0
PRO 147,89.079,0.0,0.0,-4.538,0.0,0.0,-63.731,0.0,0.0,-3.539,0.0,0.0,0.0,0.0,0.0,17.270999999999994,0.0,0.0
THR 148,57.255,0.0,0.0,-6.467,0.0,0.0,-61.088,0.0,0.0,-1.854,0.0,0.0,0.0,0.0,0.0,-12.153999999999996,0.0,0.0
SER 149,69.066,0.0,0.0,-6.067,0.0,0.0,-64.338,0.0,0.0,2.736,0.0,0.0,0.0,0.0,0.0,1.3970000000000087,0.0,0.0
ILE 150,76.23,0.0,0.0,-11.758,0.0,0.0,-57.508,0.0,0.0,1.641,0.0,0.0,0.0,0.0,0.0,8.605000000000006,0.0,0.0
LEU 151,61.233,0.0,0.0,-6.547,0.0,0.0,-69.242,0.0,0.0,1.377,0.0,0.0,0.0,0.0,0.0,-13.179000000000004,0.0,0.0
ASP 152,95.777,0.0,0.0,-6.711,0.0,0.0,-86.855,0.0,0.0,-69.418,0.0,0.0,0.0,0.0,0.0,-67.20700000000001,0.0,0.0
ILE 153,97.257,0.0,0.0,-8.932,0.0,0.0,-72.719,0.0,0.0,-0.869,0.0,0.0,0.0,0.0,0.0,14.737000000000009,0.0,0.0
ARG 154,-191.088,0.0,0.0,-6.221,0.0,0.0,37.255,0.0,0.0,-7.581,0.0,0.0,0.0,0.0,0.0,-167.635,0.0,0.0
GLN 155,35.23,0.0,0.0,-12.452,0.0,0.0,-88.465,0.0,0.0,-0.717,0.0,0.0,0.0,0.0,0.0,-66.40400000000001,0.0,0.0
GLY 156,87.426,0.0,0.0,-1.784,0.0,0.0,-72.641,0.0,0.0,-4.374,0.0,0.0,0.0,0.0,0.0,8.626999999999992,0.0,0.0
PRO 157,87.636,0.0,0.0,-2.952,0.0,0.0,-53.564,0.0,0.0,-6.757,0.0,0.0,0.0,0.0,0.0,24.363,0.0,0.0
LYS 158,121.707,0.0,0.0,-4.179,0.0,0.0,-144.434,0.0,0.0,15.205,0.0,0.0,0.0,0.0,0.0,-11.701000000000006,0.0,0.0
GLU 159,117.505,0.0,0.0,-9.332,0.0,0.0,-111.128,0.0,0.0,-37.162,0.0,0.0,0.0,0.0,0.0,-40.117,0.0,0.0
PRO 160,82.197,0.0,0.0,-7.466,0.0,0.0,-54.884,0.0,0.0,-1.43,0.0,0.0,0.0,0.0,0.0,18.41700000000001,0.0,0.0
PHE 161,104.55,0.0,0.0,-14.356,0.0,0.0,-73.724,0.0,0.0,-1.729,0.0,0.0,0.0,0.0,0.0,14.741,0.0,0.0
ARG 162,-190.921,0.0,0.0,-7.395,0.0,0.0,-3.314,0.0,0.0,30.847,0.0,0.0,0.0,0.0,0.0,-170.783,0.0,0.0
ASP 163,86.526,0.0,0.0,-7.583,0.0,0.0,-61.706,0.0,0.0,-88.13,0.0,0.0,0.0,0.0,0.0,-70.893,0.0,0.0
TYR 164,105.331,0.0,0.0,-19.244,0.0,0.0,-99.664,0.0,0.0,1.66,0.0,0.0,0.0,0.0,0.0,-11.916999999999998,0.0,0.0
VAL 165,47.648,0.0,0.0,-9.877,0.0,0.0,-58.498,0.0,0.0,2.97,0.0,0.0,0.0,0.0,0.0,-17.756999999999998,0.0,0.0
ASP 166,96.941,0.0,0.0,-7.16,0.0,0.0,-72.031,0.0,0.0,-78.914,0.0,0.0,0.0,0.0,0.0,-61.164,0.0,0.0
ARG 167,-192.213,0.0,0.0,-10.671,0.0,0.0,2.154,0.0,0.0,15.853,0.0,0.0,0.0,0.0,0.0,-184.87699999999998,0.0,0.0
PHE 168,98.578,0.0,0.0,-14.946,0.0,0.0,-80.742,0.0,0.0,0.741,0.0,0.0,0.0,0.0,0.0,3.6310000000000007,0.0,0.0
TYR 169,99.363,0.0,0.0,-11.867,0.0,0.0,-93.645,0.0,0.0,1.212,0.0,0.0,0.0,0.0,0.0,-4.937000000000001,0.0,0.0
LYS 170,139.209,0.0,0.0,-7.548,0.0,0.0,-125.121,0.0,0.0,-10.175,0.0,0.0,0.0,0.0,0.0,-3.6349999999999945,0.0,0.0
THR 171,48.842,0.0,0.0,-8.834,0.0,0.0,-56.292,0.0,0.0,-2.347,0.0,0.0,0.0,0.0,0.0,-18.631000000000007,0.0,0.0
LEU 172,70.673,0.0,0.0,-11.97,0.0,0.0,-64.662,0.0,0.0,-3.21,0.0,0.0,0.0,0.0,0.0,-9.169000000000004,0.0,0.0
ARG 173,-193.002,0.0,0.0,-9.41,0.0,0.0,41.901,0.0,0.0,-4.97,0.0,0.0,0.0,0.0,0.0,-165.481,0.0,0.0
ALA 174,89.67,0.0,0.0,-4.127,0.0,0.0,-79.53,0.0,0.0,-2.191,0.0,0.0,0.0,0.0,0.0,3.8220000000000054,0.0,0.0
GLU 175,105.691,0.0,0.0,-7.512,0.0,0.0,-91.201,0.0,0.0,-65.835,0.0,0.0,0.0,0.0,0.0,-58.856999999999985,0.0,0.0
GLN 176,28.985,0.0,0.0,-6.533,0.0,0.0,-60.794,0.0,0.0,-15.375,0.0,0.0,0.0,0.0,0.0,-53.717,0.0,0.0
ALA 177,97.955,0.0,0.0,-5.208,0.0,0.0,-82.358,0.0,0.0,-4.018,0.0,0.0,0.0,0.0,0.0,6.370999999999996,0.0,0.0
SER 178,82.235,0.0,0.0,-5.487,0.0,0.0,-71.193,0.0,0.0,-5.344,0.0,0.0,0.0,0.0,0.0,0.21100000000000652,0.0,0.0
GLN 179,29.331,0.0,0.0,-4.876,0.0,0.0,-65.24,0.0,0.0,-11.795,0.0,0.0,0.0,0.0,0.0,-52.58,0.0,0.0
GLU 180,113.588,0.0,0.0,-4.62,0.0,0.0,-73.822,0.0,0.0,-91.625,0.0,0.0,0.0,0.0,0.0,-56.47900000000001,0.0,0.0
VAL 181,62.307,0.0,0.0,-6.936,0.0,0.0,-59.312,0.0,0.0,-0.751,0.0,0.0,0.0,0.0,0.0,-4.691999999999996,0.0,0.0
LYS 182,117.069,0.0,0.0,-9.089,0.0,0.0,-101.964,0.0,0.0,-11.8,0.0,0.0,0.0,0.0,0.0,-5.783999999999995,0.0,0.0
ASN 183,22.22,0.0,0.0,-6.694,0.0,0.0,-80.558,0.0,0.0,-8.98,0.0,0.0,0.0,0.0,0.0,-74.01200000000001,0.0,0.0
TRP 184,125.537,0.0,0.0,-10.852,0.0,0.0,-89.164,0.0,0.0,-4.778,0.0,0.0,0.0,0.0,0.0,20.743000000000002,0.0,0.0
MET 185,103.757,0.0,0.0,-12.511,0.0,0.0,-85.247,0.0,0.0,-0.316,0.0,0.0,0.0,0.0,0.0,5.68300000000001,0.0,0.0
THR 186,42.2,0.0,0.0,-6.063,0.0,0.0,-59.789,0.0,0.0,0.797,0.0,0.0,0.0,0.0,0.0,-22.855,0.0,0.0
GLU 187,103.062,0.0,0.0,-7.126,0.0,0.0,-57.092,0.0,0.0,-100.23,0.0,0.0,0.0,0.0,0.0,-61.38600000000001,0.0,0.0
THR 188,41.111,0.0,0.0,-6.624,0.0,0.0,-49.456,0.0,0.0,1.165,0.0,0.0,0.0,0.0,0.0,-13.80400000000001,0.0,0.0
LEU 189,64.288,0.0,0.0,-10.097,0.0,0.0,-65.162,0.0,0.0,1.164,0.0,0.0,0.0,0.0,0.0,-9.807000000000011,0.0,0.0
LEU 190,85.596,0.0,0.0,-9.814,0.0,0.0,-91.68,0.0,0.0,0.46,0.0,0.0,0.0,0.0,0.0,-15.437999999999995,0.0,0.0
VAL 191,57.739,0.0,0.0,-8.099,0.0,0.0,-59.408,0.0,0.0,0.396,0.0,0.0,0.0,0.0,0.0,-9.372,0.0,0.0
GLN 192,24.115,0.0,0.0,-7.283,0.0,0.0,-78.761,0.0,0.0,1.648,0.0,0.0,0.0,0.0,0.0,-60.281,0.0,0.0
ASN 193,18.582,0.0,0.0,-8.737,0.0,0.0,-82.585,0.0,0.0,-0.774,0.0,0.0,0.0,0.0,0.0,-73.514,0.0,0.0
ALA 194,93.024,0.0,0.0,-8.552,0.0,0.0,-84.888,0.0,0.0,3.645,0.0,0.0,0.0,0.0,0.0,3.229000000000003,0.0,0.0
ASN 195,30.11,0.0,0.0,-7.381,0.0,0.0,-86.205,0.0,0.0,-3.098,0.0,0.0,0.0,0.0,0.0,-66.574,0.0,0.0
PRO 196,78.666,0.0,0.0,-4.865,0.0,0.0,-60.748,0.0,0.0,-1.442,0.0,0.0,0.0,0.0,0.0,11.611000000000004,0.0,0.0
ASP 197,88.957,0.0,0.0,-5.626,0.0,0.0,-76.631,0.0,0.0,-68.849,0.0,0.0,0.0,0.0,0.0,-62.149000000000015,0.0,0.0
CYX 198,103.43,0.0,0.0,-8.784,0.0,0.0,-82.347,0.0,0.0,0.466,0.0,0.0,0.0,0.0,0.0,12.765000000000006,0.0,0.0
LYS 199,136.085,0.0,0.0,-11.34,0.0,0.0,-123.031,0.0,0.0,-12.192,0.0,0.0,0.0,0.0,0.0,-10.478000000000002,0.0,0.0
THR 200,55.993,0.0,0.0,-5.037,0.0,0.0,-65.472,0.0,0.0,-1.139,0.0,0.0,0.0,0.0,0.0,-15.65499999999999,0.0,0.0
ILE 201,77.769,0.0,0.0,-7.159,0.0,0.0,-57.662,0.0,0.0,-0.391,0.0,0.0,0.0,0.0,0.0,12.557,0.0,0.0
LEU 202,77.242,0.0,0.0,-12.052,0.0,0.0,-72.048,0.0,0.0,-3.612,0.0,0.0,0.0,0.0,0.0,-10.470000000000004,0.0,0.0
LYS 203,121.497,0.0,0.0,-7.102,0.0,0.0,-99.965,0.0,0.0,-21.025,0.0,0.0,0.0,0.0,0.0,-6.595000000000006,0.0,0.0
ALA 204,85.696,0.0,0.0,-3.977,0.0,0.0,-74.179,0.0,0.0,-5.17,0.0,0.0,0.0,0.0,0.0,2.369999999999992,0.0,0.0
LEU 205,80.176,0.0,0.0,-6.069,0.0,0.0,-79.815,0.0,0.0,-5.09,0.0,0.0,0.0,0.0,0.0,-10.797999999999998,0.0,0.0
GLY 206,89.405,0.0,0.0,-3.012,0.0,0.0,-73.998,0.0,0.0,-6.097,0.0,0.0,0.0,0.0,0.0,6.297999999999996,0.0,0.0
PRO 207,83.458,0.0,0.0,-3.22,0.0,0.0,-54.157,0.0,0.0,-6.413,0.0,0.0,0.0,0.0,0.0,19.668000000000003,0.0,0.0
GLY 208,65.678,0.0,0.0,-2.061,0.0,0.0,-64.634,0.0,0.0,-2.809,0.0,0.0,0.0,0.0,0.0,-3.826000000000003,0.0,0.0
ALA 209,100.214,0.0,0.0,-4.676,0.0,0.0,-88.564,0.0,0.0,-1.942,0.0,0.0,0.0,0.0,0.0,5.032000000000004,0.0,0.0
THR 210,53.423,0.0,0.0,-5.001,0.0,0.0,-49.424,0.0,0.0,-8.398,0.0,0.0,0.0,0.0,0.0,-9.399999999999995,0.0,0.0
LEU 211,65.459,0.0,0.0,-8.335,0.0,0.0,-67.814,0.0,0.0,-3.834,0.0,0.0,0.0,0.0,0.0,-14.52399999999999,0.0,0.0
GLU 212,100.539,0.0,0.0,-6.087,0.0,0.0,-93.72,0.0,0.0,-65.855,0.0,0.0,0.0,0.0,0.0,-65.123,0.0,0.0
GLU 213,106.62,0.0,0.0,-7.354,0.0,0.0,-55.122,0.0,0.0,-108.122,0.0,0.0,0.0,0.0,0.0,-63.977999999999994,0.0,0.0
MET 214,94.037,0.0,0.0,-12.575,0.0,0.0,-75.118,0.0,0.0,-2.159,0.0,0.0,0.0,0.0,0.0,4.1850000000000085,0.0,0.0
MET 215,105.399,0.0,0.0,-9.466,0.0,0.0,-83.16,0.0,0.0,-3.359,0.0,0.0,0.0,0.0,0.0,9.41400000000001,0.0,0.0
THR 216,36.504,0.0,0.0,-4.156,0.0,0.0,-40.179,0.0,0.0,-5.357,0.0,0.0,0.0,0.0,0.0,-13.188000000000002,0.0,0.0
ALA 217,78.843,0.0,0.0,-5.959,0.0,0.0,-70.791,0.0,0.0,0.829,0.0,0.0,0.0,0.0,0.0,2.9220000000000033,0.0,0.0
CYX 218,96.211,0.0,0.0,-8.136,0.0,0.0,-75.37,0.0,0.0,-4.853,0.0,0.0,0.0,0.0,0.0,7.8519999999999985,0.0,0.0
GLN 219,38.245,0.0,0.0,-6.721,0.0,0.0,-73.551,0.0,0.0,-8.929,0.0,0.0,0.0,0.0,0.0,-50.956,0.0,0.0
GLY 220,96.36,0.0,0.0,-2.296,0.0,0.0,-79.655,0.0,0.0,-9.645,0.0,0.0,0.0,0.0,0.0,4.763999999999992,0.0,0.0
VAL 221,31.298,0.0,0.0,-4.095,0.0,0.0,-46.503,0.0,0.0,-79.092,0.0,0.0,0.0,0.0,0.0,-98.392,0.0,0.0

Receptor:
Total Energy Decomposition:
Residue,Internal,,,van der Waals,,,Electrostatic,,,Polar Solvation,,,Non-Polar Solv.,,,TOTAL,,
,Avg.,Std. Dev.,Std. Err. of Mean,Avg.,Std. Dev.,Std. Err. of Mean,Avg.,Std. Dev.,Std. Err. of Mean,Avg.,Std. Dev.,Std. Err. of Mean,Avg.,Std. Dev.,Std. Err. of Mean,Avg.,Std. Dev.,Std. Err. of Mean
PRO   1,102.199,0.0,0.0,-6.525,0.0,0.0,-107.065,0.0,0.0,9.264,0.0,0.0,0.0,0.0,0.0,-2.127000000000006,0.0,0.0
ILE   2,90.884,0.0,0.0,-7.507,0.0,0.0,-65.544,0.0,0.0,-3.026,0.0,0.0,0.0,0.0,0.0,14.806999999999999,0.0,0.0
VAL   3,56.665,0.0,0.0,-4.47,0.0,0.0,-56.322,0.0,0.0,-2.147,0.0,0.0,0.0,0.0,0.0,-6.274000000000003,0.0,0.0
GLN   4,25.536,0.0,0.0,-6.714,0.0,0.0,-54.473,0.0,0.0,-12.88,0.0,0.0,0.0,0.0,0.0,-48.531,0.0,0.0
ASN   5,23.764,0.0,0.0,-6.451,0.0,0.0,-71.709,0.0,0.0,-11.319,0.0,0.0,0.0,0.0,0.0,-65.715,0.0,0.0
LEU   6,67.419,0.0,0.0,-2.156,0.0,0.0,-68.017,0.0,0.0,-6.121,0.0,0.0,0.0,0.0,0.0,-8.875000000000005,0.0,0.0
GLN   7,41.624,0.0,0.0,-3.605,0.0,0.0,-75.547,0.0,0.0,-14.337,0.0,0.0,0.0,0.0,0.0,-51.864999999999995,0.0,0.0
GLY   8,74.326,0.0,0.0,-2.387,0.0,0.0,-67.017,0.0,0.0,-5.079,0.0,0.0,0.0,0.0,0.0,-0.1570000000000027,0.0,0.0
GLN   9,33.176,0.0,0.0,-4.957,0.0,0.0,-70.161,0.0,0.0,-9.282,0.0,0.0,0.0,0.0,0.0,-51.224000000000004,0.0,0.0
MET  10,104.032,0.0,0.0,-7.022,0.0,0.0,-83.131,0.0,0.0,-4.048,0.0,0.0,0.0,0.0,0.0,9.83099999999999,0.0,0.0
VAL  11,49.324,0.0,0.0,-5.026,0.0,0.0,-52.405,0.0,0.0,-1.983,0.0,0.0,0.0,0.0,0.0,-10.09,0.0,0.0
HID  12,88.135,0.0,0.0,-10.641,0.0,0.0,-62.379,0.0,0.0,-6.431,0.0,0.0,0.0,0.0,0.0,8.684000000000001,0.0,0.0
GLN  13,36.36,0.0,0.0,-5.205,0.0,0.0,-76.234,0.0,0.0,-9.285,0.0,0.0,0.0,0.0,0.0,-54.36399999999999,0.0,0.0
ALA  14,98.891,0.0,0.0,-3.579,0.0,0.0,-82.291,0.0,0.0,-3.03,0.0,0.0,0.0,0.0,0.0,9.991000000000016,0.0,0.0
ILE  15,98.191,0.0,0.0,-7.764,0.0,0.0,-71.229,0.0,0.0,-4.04,0.0,0.0,0.0,0.0,0.0,15.158000000000008,0.0,0.0
SER  16,70.76,0.0,0.0,-6.301,0.0,0.0,-48.741,0.0,0.0,-7.857,0.0,0.0,0.0,0.0,0.0,7.861000000000003,0.0,0.0
PRO  17,88.02,0.0,0.0,-5.37,0.0,0.0,-58.593,0.0,0.0,-3.396,0.0,0.0,0.0,0.0,0.0,20.660999999999987,0.0,0.0
ARG  18,-182.705,0.0,0.0,-6.638,0.0,0.0,69.537,0.0,0.0,-43.288,0.0,0.0,0.0,0.0,0.0,-163.094,0.0,0.0
THR  19,44.657,0.0,0.0,-8.43,0.0,0.0,-51.095,0.0,0.0,-4.853,0.0,0.0,0.0,0.0,0.0,-19.721000000000004,0.0,0.0
LEU  20,57.568,0.0,0.0,-8.874,0.0,0.0,-54.785,0.0,0.0,-2.292,0.0,0.0,0.0,0.0,0.0,-8.383000000000001,0.0,0.0
ASN  21,35.002,0.0,0.0,-6.12,0.0,0.0,-81.055,0.0,0.0,-17.051,0.0,0.0,0.0,0.0,0.0,-69.224,0.0,0.0
ALA  22,93.699,0.0,0.0,-5.725,0.0,0.0,-83.963,0.0,0.0,-1.759,0.0,0.0,0.0,0.0,0.0,2.25200000000001,0.0,0.0
TRP  23,129.19,0.0,0.0,-16.219,0.0,0.0,-95.82,0.0,0.0,-1.469,0.0,0.0,0.0,0.0,0.0,15.682000000000011,0.0,0.0
VAL  24,63.206,0.0,0.0,-6.868,0.0,0.0,-56.964,0.0,0.0,-3.842,0.0,0.0,0.0,0.0,0.0,-4.467999999999998,0.0,0.0
LYS  25,134.638,0.0,0.0,-7.45,0.0,0.0,-128.589,0.0,0.0,-4.287,0.0,0.0,0.0,0.0,0.0,-5.687999999999996,0.0,0.0
VAL  26,58.458,0.0,0.0,-7.876,0.0,0.0,-67.442,0.0,0.0,-1.156,0.0,0.0,0.0,0.0,0.0,-18.01599999999999,0.0,0.0
VAL  27,49.922,0.0,0.0,-9.371,0.0,0.0,-51.635,0.0,0.0,-2.499,0.0,0.0,0.0,0.0,0.0,-13.583000000000004,0.0,0.0
GLU  28,95.031,0.0,0.0,-6.228,0.0,0.0,-59.855,0.0,0.0,-95.348,0.0,0.0,0.0,0.0,0.0,-66.39999999999998,0.0,0.0
GLU  29,107.271,0.0,0.0,-4.567,0.0,0.0,-103.435,0.0,0.0,-51.514,0.0,0.0,0.0,0.0,0.0,-52.245,0.0,0.0
LYS  30,121.052,0.0,0.0,-7.809,0.0,0.0,-105.48,0.0,0.0,-9.27,0.0,0.0,0.0,0.0,0.0,-1.5069999999999943,0.0,0.0
ALA  31,88.63,0.0,0.0,-5.719,0.0,0.0,-78.092,0.0,0.0,-2.81,0.0,0.0,0.0,0.0,0.0,2.0090000000000026,0.0,0.0
PHE  32,103.552,0.0,0.0,-9.675,0.0,0.0,-77.289,0.0,0.0,-2.555,0.0,0.0,0.0,0.0,0.0,14.033000000000008,0.0,0.0
SER  33,87.04,0.0,0.0,-6.517,0.0,0.0,-60.907,0.0,0.0,-2.312,0.0,0.0,0.0,0.0,0.0,17.304000000000013,0.0,0.0
PRO  34,74.994,0.0,0.0,-6.38,0.0,0.0,-55.357,0.0,0.0,-1.556,0.0,0.0,0.0,0.0,0.0,11.701000000000004,0.0,0.0
GLU  35,103.488,0.0,0.0,-6.301,0.0,0.0,-82.263,0.0,0.0,-74.595,0.0,0.0,0.0,0.0,0.0,-59.67100000000001,0.0,0.0
VAL  36,52.672,0.0,0.0,-7.433,0.0,0.0,-54.49,0.0,0.0,0.193,0.0,0.0,0.0,0.0,0.0,-9.058000000000005,0.0,0.0
ILE  37,86.298,0.0,0.0,-7.666,0.0,0.0,-61.335,0.0,0.0,0.33,0.0,0.0,0.0,0.0,0.0,17.627000000000002,0.0,0.0
PRO  38,86.254,0.0,0.0,-4.306,0.0,0.0,-60.052,0.0,0.0,-1.27,0.0,0.0,0.0,0.0,0.0,20.62600000000001,0.0,0.0
MET  39,95.19,0.0,0.0,-9.684,0.0,0.0,-70.29,0.0,0.0,-2.164,0.0,0.0,0.0,0.0,0.0,13.051999999999994,0.0,0.0
PHE  40,110.822,0.0,0.0,-13.961,0.0,0.0,-86.172,0.0,0.0,-0.653,0.0,0.0,0.0,0.0,0.0,10.036000000000007,0.0,0.0
SER  41,65.488,0.0,0.0,-6.921,0.0,0.0,-46.896,0.0,0.0,-9.666,0.0,0.0,0.0,0.0,0.0,2.004999999999999,0.0,0.0
ALA  42,86.405,0.0,0.0,-4.552,0.0,0.0,-65.623,0.0,0.0,-5.528,0.0,0.0,0.0,0.0,0.0,10.702000000000005,0.0,0.0
LEU  43,74.958,0.0,0.0,-10.26,0.0,0.0,-75.643,0.0,0.0,-2.384,0.0,0.0,0.0,0.0,0.0,-13.329000000000008,0.0,0.0
SER  44,73.562,0.0,0.0,-6.976,0.0,0.0,-72.695,0.0,0.0,-0.537,0.0,0.0,0.0,0.0,0.0,-6.645999999999995,0.0,0.0
GLU  45,103.85,0.0,0.0,-3.249,0.0,0.0,-64.146,0.0,0.0,-88.512,0.0,0.0,0.0,0.0,0.0,-52.057,0.0,0.0
GLY  46,67.246,0.0,0.0,-2.943,0.0,0.0,-69.226,0.0,0.0,0.284,0.0,0.0,0.0,0.0,0.0,-4.639000000000002,0.0,0.0
ALA  47,99.951,0.0,0.0,-6.71,0.0,0.0,-88.02,0.0,0.0,-1.346,0.0,0.0,0.0,0.0,0.0,3.8750000000000036,4.2146848510894035e-08,4.2146848510894035e-08
THR  48,63.768,0.0,0.0,-7.045,0.0,0.0,-65.263,0.0,0.0,0.047,0.0,0.0,0.0,0.0,0.0,-8.493000000000006,0.0,0.0
PRO  49,78.007,0.0,0.0,-11.581,0.0,0.0,-56.764,0.0,0.0,0.897,0.0,0.0,0.0,0.0,0.0,10.559,0.0,0.0
GLN  50,29.738,0.0,0.0,-7.94,0.0,0.0,-76.398,0.0,0.0,-4.005,0.0,0.0,0.0,0.0,0.0,-58.605,0.0,0.0
ASP  51,90.731,0.0,0.0,-5.552,0.0,0.0,-124.266,0.0,0.0,-22.379,0.0,0.0,0.0,0.0,0.0,-61.46600000000001,0.0,0.0
LEU  52,67.113,0.0,0.0,-12.52,0.0,0.0,-72.37,0.0,0.0,0.776,0.0,0.0,0.0,0.0,0.0,-17.001,0.0,0.0
ASN  53,38.377,0.0,0.0,-7.743,0.0,0.0,-99.183,0.0,0.0,-3.747,0.0,0.0,0.0,0.0,0.0,-72.296,0.0,0.0
THR  54,54.776,0.0,0.0,-8.258,0.0,0.0,-61.981,0.0,0.0,-1.93,0.0,0.0,0.0,0.0,0.0,-17.393,0.0,0.0
MET  55,84.149,0.0,0.0,-12.253,0.0,0.0,-69.41,0.0,0.0,-0.033,0.0,0.0,0.0,0.0,0.0,2.4530000000000043,0.0,0.0
LEU  56,64.194,0.0,0.0,-9.879,0.0,0.0,-66.973,0.0,0.0,-0.793,0.0,0.0,0.0,0.0,0.0,-13.450999999999993,0.0,0.0
ASN  57,32.813,0.0,0.0,-6.173,0.0,0.0,-89.364,0.0,0.0,-10.972,0.0,0.0,0.0,0.0,0.0,-73.696,0.0,0.0
THR  58,54.191,0.0,0.0,-7.602,0.0,0.0,-62.56,0.0,0.0,-3.201,0.0,0.0,0.0,0.0,0.0,-19.172000000000004,0.0,0.0
VAL  59,44.111,0.0,0.0,-6.537,0.0,0.0,-45.21,0.0,0.0,0.3,0.0,0.0,0.0,0.0,0.0,-7.336000000000003,0.0,0.0
ALA  60,89.548,0.0,0.0,-4.392,0.0,0.0,-63.987,0.0,0.0,-1.334,0.0,0.0,0.0,0.0,0.0,19.835000000000004,0.0,0.0
PRO  61,76.611,0.0,0.0,-4.575,0.0,0.0,-58.052,0.0,0.0,-2.026,0.0,0.0,0.0,0.0,0.0,11.958000000000002,0.0,0.0
HID  62,105.159,0.0,0.0,-8.117,0.0,0.0,-69.673,0.0,0.0,-7.24,0.0,0.0,0.0,0.0,0.0,20.128999999999998,0.0,0.0
GLN  63,30.089,0.0,0.0,-6.425,0.0,0.0,-62.66,0.0,0.0,-11.159,0.0,0.0,0.0,0.0,0.0,-50.154999999999994,0.0,0.0
ALA  64,86.342,0.0,0.0,-5.315,0.0,0.0,-69.37,0.0,0.0,-3.16,0.0,0.0,0.0,0.0,0.0,8.496999999999996,0.0,0.0
ALA  65,89.726,0.0,0.0,-6.532,0.0,0.0,-77.741,0.0,0.0,-0.957,0.0,0.0,0.0,0.0,0.0,4.496000000000003,0.0,0.0
ALA  66,94.082,0.0,0.0,-5.611,0.0,0.0,-83.357,0.0,0.0,-1.472,0.0,0.0,0.0,0.0,0.0,3.64199999999999,0.0,0.0
GLN  67,46.941,0.0,0.0,-7.624,0.0,0.0,-72.705,0.0,0.0,-16.88,0.0,0.0,0.0,0.0,0.0,-50.268,0.0,0.0
MET  68,91.336,0.0,0.0,-11.008,0.0,0.0,-75.609,0.0,0.0,-1.79,0.0,0.0,0.0,0.0,0.0,2.9290000000000083,0.0,0.0
LEU  69,82.565,0.0,0.0,-11.682,0.0,0.0,-77.368,0.0,0.0,-2.426,0.0,0.0,0.0,0.0,0.0,-8.911,0.0,0.0
LYS  70,129.357,0.0,0.0,-7.971,0.0,0.0,-111.639,0.0,0.0,-16.342,0.0,0.0,0.0,0.0,0.0,-6.594999999999999,0.0,0.0
GLU  71,108.685,0.0,0.0,-6.872,0.0,0.0,-80.711,0.0,0.0,-93.131,0.0,0.0,0.0,0.0,0.0,-72.029,0.0,0.0
THR  72,49.361,0.0,0.0,-9.537,0.0,0.0,-54.497,0.0,0.0,-3.833,0.0,0.0,0.0,0.0,0.0,-18.506,0.0,0.0
ILE  73,72.227,0.0,0.0,-8.608,0.0,0.0,-49.797,0.0,0.0,-2.587,0.0,0.0,0.0,0.0,0.0,11.235000000000003,0.0,0.0
ASN  74,39.973,0.0,0.0,-6.442,0.0,0.0,-95.038,0.0,0.0,-8.47,0.0,0.0,0.0,0.0,0.0,-69.977,0.0,0.0
GLU  75,109.774,0.0,0.0,-7.036,0.0,0.0,-66.989,0.0,0.0,-93.228,0.0,0.0,0.0,0.0,0.0,-57.479,0.0,0.0
GLU  76,101.427,0.0,0.0,-10.369,0.0,0.0,-46.722,0.0,0.0,-104.557,0.0,0.0,0.0,0.0,0.0,-60.221,0.0,0.0
ALA  77,84.909,0.0,0.0,-6.879,0.0,0.0,-71.522,0.0,0.0,-2.55,0.0,0.0,0.0,0.0,0.0,3.9579999999999957,0.0,0.0
ALA  78,96.129,0.0,0.0,-5.844,0.0,0.0,-87.765,0.0,0.0,0.573,0.0,0.0,0.0,0.0,0.0,3.09300000000001,0.0,0.0
GLU  79,109.682,0.0,0.0,-6.399,0.0,0.0,-68.723,0.0,0.0,-90.442,0.0,0.0,0.0,0.0,0.0,-55.88199999999999,0.0,0.0
TRP  80,117.509,0.0,0.0,-15.084,0.0,0.0,-85.363,0.0,0.0,-1.872,0.0,0.0,0.0,0.0,0.0,15.189999999999998,0.0,0.0
ASP  81,103.386,0.0,0.0,-9.026,0.0,0.0,-80.115,0.0,0.0,-60.604,0.0,0.0,0.0,0.0,0.0,-46.358999999999995,0.0,0.0
ARG  82,-198.52,0.0,0.0,-6.178,0.0,0.0,4.664,0.0,0.0,27.613,0.0,0.0,0.0,0.0,0.0,-172.42100000000002,0.0,0.0
LEU  83,66.783,0.0,0.0,-6.114,0.0,0.0,-75.853,0.0,0.0,-1.05,0.0,0.0,0.0,0.0,0.0,-16.23399999999999,0.0,0.0
HID  84,115.537,0.0,0.0,-8.581,0.0,0.0,-73.355,0.0,0.0,-6.717,0.0,0.0,0.0,0.0,0.0,26.884,0.0,0.0
PRO  85,96.503,0.0,0.0,-3.803,0.0,0.0,-60.146,0.0,0.0,-7.501,0.0,0.0,0.0,0.0,0.0,25.053,0.0,0.0
VAL  86,51.904,0.0,0.0,-5.162,0.0,0.0,-49.929,0.0,0.0,-5.479,0.0,0.0,0.0,0.0,0.0,-8.665999999999997,0.0,0.0
HID  87,84.908,0.0,0.0,-8.935,0.0,0.0,-57.482,0.0,0.0,-5.989,0.0,0.0,0.0,0.0,0.0,12.501999999999999,0.0,0.0
ALA  88,97.432,0.0,0.0,-3.116,0.0,0.0,-76.065,0.0,0.0,-7.086,0.0,0.0,0.0,0.0,0.0,11.165000000000004,0.0,0.0
GLY  89,89.24,0.0,0.0,-1.25,0.0,0.0,-70.16,0.0,0.0,-8.558,0.0,0.0,0.0,0.0,0.0,9.271999999999998,0.0,0.0
PRO  90,82.909,0.0,0.0,-2.05,0.0,0.0,-55.908,0.0,0.0,-6.911,0.0,0.0,0.0,0.0,0.0,18.040000000000006,0.0,0.0
ILE  91,79.617,0.0,0.0,-5.012,0.0,0.0,-61.573,0.0,0.0,-2.936,0.0,0.0,0.0,0.0,0.0,10.096000000000004,0.0,0.0
ALA  92,95.921,0.0,0.0,-3.235,0.0,0.0,-69.205,0.0,0.0,-4.426,0.0,0.0,0.0,0.0,0.0,19.055000000000007,0.0,0.0
PRO  93,92.566,0.0,0.0,-2.146,0.0,0.0,-58.685,0.0,0.0,-5.451,0.0,0.0,0.0,0.0,0.0,26.284,0.0,0.0
GLY  94,73.627,0.0,0.0,-1.753,0.0,0.0,-65.818,0.0,0.0,-6.311,0.0,0.0,0.0,0.0,0.0,-0.25500000000000256,0.0,0.0
GLN  95,30.288,0.0,0.0,-4.899,0.0,0.0,-68.703,0.0,0.0,-8.319,0.0,0.0,0.0,0.0,0.0,-51.63300000000001,0.0,0.0
MET  96,101.277,0.0,0.0,-6.03,0.0,0.0,-75.389,0.0,0.0,-6.898,0.0,0.0,0.0,0.0,0.0,12.960000000000004,0.0,0.0
ARG  97,-198.674,0.0,0.0,-8.247,0.0,0.0,-22.717,0.0,0.0,37.277,0.0,0.0,0.0,0.0,0.0,-192.361,0.0,0.0
GLU  98,104.79,0.0,0.0,-5.126,0.0,0.0,-67.464,0.0,0.0,-81.96,0.0,0.0,0.0,0.0,0.0,-49.75999999999999,0.0,0.0
PRO  99,94.722,0.0,0.0,-10.235,0.0,0.0,-63.496,0.0,0.0,-1.25,0.0,0.0,0.0,0.0,0.0,19.740999999999993,0.0,0.0
ARG 100,-182.822,0.0,0.0,-11.25,0.0,0.0,-6.752,0.0,0.0,29.234,0.0,0.0,0.0,0.0,0.0,-171.59,0.0,0.0
GLY 101,76.377,0.0,0.0,-5.505,0.0,0.0,-83.607,0.0,0.0,1.568,0.0,0.0,0.0,0.0,0.0,-11.167,0.0,0.0
SER 102,66.894,0.0,0.0,-4.587,0.0,0.0,-65.601,0.0,0.0,-1.537,0.0,0.0,0.0,0.0,0.0,-4.830999999999997,0.0,0.0
ASP 103,92.548,0.0,0.0,-9.282,0.0,0.0,-98.72,0.0,0.0,-38.91,0.0,0.0,0.0,0.0,0.0,-54.36399999999999,0.0,0.0
ILE 104,76.319,0.0,0.0,-12.365,0.0,0.0,-60.677,0.0,0.0,1.144,0.0,0.0,0.0,0.0,0.0,4.421000000000001,0.0,0.0
ALA 105,91.259,0.0,0.0,-7.886,0.0,0.0,-76.685,0.0,0.0,0.742,0.0,0.0,0.0,0.0,0.0,7.430000000000002,0.0,0.0
GLY 106,90.488,0.0,0.0,-6.175,0.0,0.0,-85.069,0.0,0.0,-2.998,0.0,0.0,0.0,0.0,0.0,-3.7540000000000004,0.0,0.0
THR 107,44.846,0.0,0.0,-4.385,0.0,0.0,-52.539,0.0,0.0,-8.372,0.0,0.0,0.0,0.0,0.0,-20.450000000000003,0.0,0.0
THR 108,37.705,0.0,0.0,-1.44,0.0,0.0,-54.852,0.0,0.0,-2.903,0.0,0.0,0.0,0.0,0.0,-21.489999999999995,0.0,0.0
SER 109,67.066,0.0,0.0,-7.099,0.0,0.0,-63.483,0.0,0.0,-0.996,0.0,0.0,0.0,0.0,0.0,-4.511999999999999,0.0,0.0
THR 110,28.225,0.0,0.0,-6.079,0.0,0.0,-35.433,0.0,0.0,-2.753,0.0,0.0,0.0,0.0,0.0,-16.04,0.0,0.0
LEU 111,65.638,0.0,0.0,-9.222,0.0,0.0,-66.089,0.0,0.0,-3.001,0.0,0.0,0.0,0.0,0.0,-12.673999999999994,0.0,0.0
GLN 112,36.683,0.0,0.0,-6.141,0.0,0.0,-80.156,0.0,0.0,-9.697,0.0,0.0,0.0,0.0,0.0,-59.31100000000001,0.0,0.0
GLU 113,102.749,0.0,0.0,-10.238,0.0,0.0,-96.629,0.0,0.0,-50.845,0.0,0.0,0.0,0.0,0.0,-54.96300000000001,0.0,0.0
GLN 114,38.279,0.0,0.0,-11.596,0.0,0.0,-88.06,0.0,0.0,0.629,0.0,0.0,0.0,0.0,0.0,-60.748,0.0,0.0
ILE 115,81.957,0.0,0.0,-7.758,0.0,0.0,-68.161,0.0,0.0,-1.376,0.0,0.0,0.0,0.0,0.0,4.661999999999997,0.0,0.0
GLY 116,77.227,0.0,0.0,-5.105,0.0,0.0,-76.623,0.0,0.0,0.127,0.0,0.0,0.0,0.0,0.0,-4.374000000000005,0.0,0.0
TRP 117,126.011,0.0,0.0,-18.39,0.0,0.0,-92.042,0.0,0.0,-0.189,0.0,0.0,0.0,0.0,0.0,15.389999999999993,0.0,0.0
MET 118,100.045,0.0,0.0,-10.583,0.0,0.0,-84.515,0.0,0.0,-3.409,0.0,0.0,0.0,0.0,0.0,1.538000000000003,0.0,0.0
THR 119,40.221,0.0,0.0,-6.014,0.0,0.0,-51.103,0.0,0.0,-3.178,0.0,0.0,0.0,0.0,0.0,-20.07400000000001,0.0,0.0
HID 120,94.221,0.0,0.0,-6.586,0.0,0.0,-55.655,0.0,0.0,-12.366,0.0,0.0,0.0,0.0,0.0,19.614000000000004,0.0,0.0
ASN 121,40.406,0.0,0.0,-4.011,0.0,0.0,-78.873,0.0,0.0,-13.161,0.0,0.0,0.0,0.0,0.0,-55.63900000000001,0.0,0.0
PRO 122,92.09,0.0,0.0,-3.104,0.0,0.0,-54.847,0.0,0.0,-5.508,0.0,0.0,0.0,0.0,0.0,28.631000000000004,0.0,0.0
PRO 123,87.943,0.0,0.0,-5.421,0.0,0.0,-59.945,0.0,0.0,-4.295,0.0,0.0,0.0,0.0,0.0,18.28199999999999,0.0,0.0
ILE 124,100.701,0.0,0.0,-7.736,0.0,0.0,-63.642,0.0,0.0,-0.198,0.0,0.0,0.0,0.0,0.0,29.124999999999986,0.0,0.0
PRO 125,90.437,0.0,0.0,-6.911,0.0,0.0,-66.359,0.0,0.0,-0.566,0.0,0.0,0.0,0.0,0.0,16.601000000000003,0.0,0.0
VAL 126,55.311,0.0,0.0,-10.145,0.0,0.0,-58.495,0.0,0.0,0.201,0.0,0.0,0.0,0.0,0.0,-13.128,0.0,0.0
GLY 127,74.895,0.0,0.0,-5.768,0.0,0.0,-73.729,0.0,0.0,-0.051,0.0,0.0,0.0,0.0,0.0,-4.653000000000004,0.0,0.0
GLU 128,106.829,0.0,0.0,-6.818,0.0,0.0,-94.039,0.0,0.0,-64.572,0.0,0.0,0.0,0.0,0.0,-58.60000000000001,0.0,0.0
ILE 129,80.62,0.0,0.0,-9.556,0.0,0.0,-66.798,0.0,0.0,0.142,0.0,0.0,0.0,0.0,0.0,4.408000000000006,0.0,0.0
TYR 130,94.148,0.0,0.0,-15.048,0.0,0.0,-91.086,0.0,0.0,0.01,0.0,0.0,0.0,0.0,0.0,-11.976000000000004,0.0,0.0
LYS 131,141.558,0.0,0.0,-12.003,0.0,0.0,-173.29,0.0,0.0,38.576,0.0,0.0,0.0,0.0,0.0,-5.158999999999985,0.0,0.0
ARG 132,-189.55,0.0,0.0,-10.186,0.0,0.0,35.733,0.0,0.0,-5.253,0.0,0.0,0.0,0.0,0.0,-169.25600000000003,0.0,0.0
TRP 133,126.4,0.0,0.0,-18.65,0.0,0.0,-95.934,0.0,0.0,-0.945,0.0,0.0,0.0,0.0,0.0,10.871000000000002,0.0,0.0
ILE 134,89.387,0.0,0.0,-11.026,0.0,0.0,-69.527,0.0,0.0,0.161,0.0,0.0,0.0,0.0,0.0,8.995000000000003,0.0,0.0
ILE 135,81.457,0.0,0.0,-8.499,0.0,0.0,-64.058,0.0,0.0,-0.212,0.0,0.0,0.0,0.0,0.0,8.687999999999992,0.0,0.0
LEU 136,67.572,0.0,0.0,-9.385,0.0,0.0,-74.325,0.0,0.0,1.307,0.0,0.0,0.0,0.0,0.0,-14.830999999999998,0.0,0.0
GLY 137,78.177,0.0,0.0,-7.057,0.0,0.0,-77.905,0.0,0.0,0.946,0.0,0.0,0.0,0.0,0.0,-5.838999999999997,0.0,0.0
LEU 138,62.596,0.0,0.0,-11.731,0.0,0.0,-65.311,0.0,0.0,-0.096,0.0,0.0,0.0,0.0,0.0,-14.542000000000012,0.0,0.0
ASN 139,33.407,0.0,0.0,-8.104,0.0,0.0,-84.961,0.0,0.0,-6.595,0.0,0.0,0.0,0.0,0.0,-66.253,0.0,0.0
LYS 140,129.757,0.0,0.0,-9.407,0.0,0.0,-145.027,0.0,0.0,19.797,0.0,0.0,0.0,0.0,0.0,-4.879999999999978,0.0,0.0
ILE 141,93.758,0.0,0.0,-10.476,0.0,0.0,-76.251,0.0,0.0,-0.436,0.0,0.0,0.0,0.0,0.0,6.594999999999992,0.0,0.0
VAL 142,58.797,0.0,0.0,-7.648,0.0,0.0,-56.414,0.0,0.0,-1.572,0.0,0.0,0.0,0.0,0.0,-6.837000000000001,0.0,0.0
ARG 143,-197.386,0.0,0.0,-8.771,0.0,0.0,57.301,0.0,0.0,-15.497,0.0,0.0,0.0,0.0,0.0,-164.353,0.0,0.0
MET 144,94.23,0.0,0.0,-8.62,0.0,0.0,-73.835,0.0,0.0,-4.661,0.0,0.0,0.0,0.0,0.0,7.114000000000006,0.0,0.0
TYR 145,87.1,0.0,0.0,-8.501,0.0,0.0,-80.088,0.0,0.0,-9.242,0.0,0.0,0.0,0.0,0.0,-10.731000000000005,0.0,0.0
SER 146,90.043,0.0,0.0,-3.411,0.0,0.0,-66.098,0.0,0.0,-3.714,0.0,0.0,0.0,0.0,0.0,16.820000000000007,0.0,0.0
PRO 147,89.079,0.0,0.0,-4.312,0.0,0.0,-66.351,0.0,0.0,-1.011,0.0,0.0,0.0,0.0,0.0,17.404999999999998,0.0,0.0
THR 148,57.255,0.0,0.0,-4.092,0.0,0.0,-57.499,0.0,0.0,-8.044,0.0,0.0,0.0,0.0,0.0,-12.379999999999999,0.0,0.0
SER 149,69.066,0.0,0.0,-2.597,0.0,0.0,-46.787,0.0,0.0,-14.941,0.0,0.0,0.0,0.0,0.0,4.7410000000000085,0.0,0.0
ILE 150,57.301,0.0,0.0,-0.836,0.0,0.0,-27.049,0.0,0.0,-7.391,0.0,0.0,0.0,0.0,0.0,22.025000000000006,0.0,0.0

Ligand:
Total Energy Decomposition:
Residue,Internal,,,van der Waals,,,Electrostatic,,,Polar Solvation,,,Non-Polar Solv.,,,TOTAL,,
,Avg.,Std. Dev.,Std. Err. of Mean,Avg.,Std. Dev.,Std. Err. of Mean,Avg.,Std. Dev.,Std. Err. of Mean,Avg.,Std. Dev.,Std. Err. of Mean,Avg.,Std. Dev.,Std. Err. of Mean,Avg.,Std. Dev.,Std. Err. of Mean
LEU   1,41.047,0.0,0.0,-4.305,0.0,0.0,-44.576,0.0,0.0,0.244,0.0,0.0,0.0,0.0,0.0,-7.590000000000003,0.0,0.0
ASP   2,95.777,0.0,0.0,-4.213,0.0,0.0,-77.191,0.0,0.0,-80.441,0.0,0.0,0.0,0.0,0.0,-66.068,0.0,0.0
ILE   3,97.257,0.0,0.0,-6.509,0.0,0.0,-72.59,0.0,0.0,-1.317,0.0,0.0,0.0,0.0,0.0,16.841,0.0,0.0
ARG   4,-191.088,0.0,0.0,-6.082,0.0,0.0,44.628,0.0,0.0,-14.926,0.0,0.0,0.0,0.0,0.0,-167.46799999999996,0.0,0.0
GLN   5,35.23,0.0,0.0,-12.433,0.0,0.0,-88.455,0.0,0.0,-0.739,0.0,0.0,0.0,0.0,0.0,-66.397,0.0,0.0
GLY   6,87.426,0.0,0.0,-1.779,0.0,0.0,-72.598,0.0,0.0,-4.419,0.0,0.0,0.0,0.0,0.0,8.630000000000006,0.0,0.0
PRO   7,87.636,0.0,0.0,-2.947,0.0,0.0,-53.504,0.0,0.0,-6.813,0.0,0.0,0.0,0.0,0.0,24.371999999999996,0.0,0.0
LYS   8,121.707,0.0,0.0,-4.176,0.0,0.0,-137.945,0.0,0.0,8.685,0.0,0.0,0.0,0.0,0.0,-11.729000000000001,0.0,0.0
GLU   9,117.505,0.0,0.0,-9.317,0.0,0.0,-119.236,0.0,0.0,-28.99,0.0,0.0,0.0,0.0,0.0,-40.03800000000001,0.0,0.0
PRO  10,82.197,0.0,0.0,-7.461,0.0,0.0,-55.013,0.0,0.0,-1.299,0.0,0.0,0.0,0.0,0.0,18.424000000000007,0.0,0.0
PHE  11,104.55,0.0,0.0,-14.346,0.0,0.0,-73.865,0.0,0.0,-1.586,0.0,0.0,0.0,0.0,0.0,14.752999999999998,0.0,0.0
ARG  12,-190.921,0.0,0.0,-7.384,0.0,0.0,4.268,0.0,0.0,23.251,0.0,0.0,0.0,0.0,0.0,-170.786,0.0,0.0
ASP  13,86.526,0.0,0.0,-7.567,0.0,0.0,-70.144,0.0,0.0,-79.667,0.0,0.0,0.0,0.0,0.0,-70.852,0.0,0.0
TYR  14,105.331,0.0,0.0,-19.16,0.0,0.0,-99.861,0.0,0.0,1.89,0.0,0.0,0.0,0.0,0.0,-11.799999999999997,0.0,0.0
VAL  15,47.648,0.0,0.0,-9.831,0.0,0.0,-58.668,0.0,0.0,3.184,0.0,0.0,0.0,0.0,0.0,-17.66699999999999,0.0,0.0
ASP  16,96.941,0.0,0.0,-7.106,0.0,0.0,-81.922,0.0,0.0,-69.001,0.0,0.0,0.0,0.0,0.0,-61.087999999999994,0.0,0.0
ARG  17,-192.213,0.0,0.0,-10.391,0.0,0.0,10.773,0.0,0.0,7.243,0.0,0.0,0.0,0.0,0.0,-184.588,0.0,0.0
PHE  18,98.578,0.0,0.0,-13.187,0.0,0.0,-79.8,0.0,0.0,0.032,0.0,0.0,0.0,0.0,0.0,5.623000000000008,0.0,0.0
TYR  19,99.363,0.0,0.0,-11.646,0.0,0.0,-94.076,0.0,0.0,1.702,0.0,0.0,0.0,0.0,0.0,-4.656999999999995,0.0,0.0
LYS  20,139.209,0.0,0.0,-6.978,0.0,0.0,-114.014,0.0,0.0,-21.651,0.0,0.0,0.0,0.0,0.0,-3.434000000000001,0.0,0.0
THR  21,48.842,0.0,0.0,-6.142,0.0,0.0,-54.686,0.0,0.0,-4.402,0.0,0.0,0.0,0.0,0.0,-16.388000000000005,0.0,0.0
LEU  22,70.673,0.0,0.0,-10.687,0.0,0.0,-63.654,0.0,0.0,-4.077,0.0,0.0,0.0,0.0,0.0,-7.744999999999999,0.0,0.0
ARG  23,-193.002,0.0,0.0,-6.876,0.0,0.0,75.997,0.0,0.0,-36.266,0.0,0.0,0.0,0.0,0.0,-160.14700000000002,0.0,0.0
ALA  24,89.67,0.0,0.0,-3.78,0.0,0.0,-76.803,0.0,0.0,-4.7,0.0,0.0,0.0,0.0,0.0,4.387000000000003,0.0,0.0
GLU  25,105.691,0.0,0.0,-5.581,0.0,0.0,-61.757,0.0,0.0,-99.298,0.0,0.0,0.0,0.0,0.0,-60.945,0.0,0.0
GLN  26,28.985,0.0,0.0,-5.104,0.0,0.0,-56.488,0.0,0.0,-19.838,0.0,0.0,0.0,0.0,0.0,-52.445,0.0,0.0
ALA  27,97.955,0.0,0.0,-5.103,0.0,0.0,-83.086,0.0,0.0,-3.365,0.0,0.0,0.0,0.0,0.0,6.401000000000005,0.0,0.0
SER  28,82.235,0.0,0.0,-5.456,0.0,0.0,-70.817,0.0,0.0,-5.698,0.0,0.0,0.0,0.0,0.0,0.2640000000000029,0.0,0.0
GLN  29,29.331,0.0,0.0,-4.844,0.0,0.0,-64.803,0.0,0.0,-12.234,0.0,0.0,0.0,0.0,0.0,-52.550000000000004,0.0,0.0
GLU  30,113.588,0.0,0.0,-4.607,0.0,0.0,-82.851,0.0,0.0,-82.686,0.0,0.0,0.0,0.0,0.0,-56.55600000000001,0.0,0.0
VAL  31,62.307,0.0,0.0,-6.87,0.0,0.0,-59.223,0.0,0.0,-0.834,0.0,0.0,0.0,0.0,0.0,-4.619999999999994,0.0,0.0
LYS  32,117.069,0.0,0.0,-9.018,0.0,0.0,-90.279,0.0,0.0,-23.414,0.0,0.0,0.0,0.0,0.0,-5.641999999999996,0.0,0.0
ASN  33,22.22,0.0,0.0,-6.681,0.0,0.0,-80.536,0.0,0.0,-8.993,0.0,0.0,0.0,0.0,0.0,-73.99,0.0,0.0
TRP  34,125.537,0.0,0.0,-10.796,0.0,0.0,-89.163,0.0,0.0,-4.781,0.0,0.0,0.0,0.0,0.0,20.79700000000002,0.0,0.0
MET  35,103.757,0.0,0.0,-11.667,0.0,0.0,-85.137,0.0,0.0,-0.535,0.0,0.0,0.0,0.0,0.0,6.418000000000003,0.0,0.0
THR  36,42.2,0.0,0.0,-6.034,0.0,0.0,-59.82,0.0,0.0,0.822,0.0,0.0,0.0,0.0,0.0,-22.831999999999997,0.0,0.0
GLU  37,103.062,0.0,0.0,-7.117,0.0,0.0,-64.52,0.0,0.0,-92.824,0.0,0.0,0.0,0.0,0.0,-61.399,0.0,0.0
THR  38,41.111,0.0,0.0,-6.604,0.0,0.0,-49.434,0.0,0.0,1.147,0.0,0.0,0.0,0.0,0.0,-13.78,0.0,0.0
LEU  39,64.288,0.0,0.0,-9.151,0.0,0.0,-65.246,0.0,0.0,1.279,0.0,0.0,0.0,0.0,0.0,-8.829999999999995,0.0,0.0
LEU  40,85.596,0.0,0.0,-9.75,0.0,0.0,-91.701,0.0,0.0,0.463,0.0,0.0,0.0,0.0,0.0,-15.39199999999999,0.0,0.0
VAL  41,57.739,0.0,0.0,-8.087,0.0,0.0,-59.413,0.0,0.0,0.402,0.0,0.0,0.0,0.0,0.0,-9.358999999999996,0.0,0.0
GLN  42,24.115,0.0,0.0,-7.264,0.0,0.0,-78.619,0.0,0.0,1.552,0.0,0.0,0.0,0.0,0.0,-60.216,0.0,0.0
ASN  43,18.582,0.0,0.0,-8.53,0.0,0.0,-81.82,0.0,0.0,-1.006,0.0,0.0,0.0,0.0,0.0,-72.77399999999999,0.0,0.0
ALA  44,93.024,0.0,0.0,-8.543,0.0,0.0,-84.892,0.0,0.0,3.646,0.0,0.0,0.0,0.0,0.0,3.2349999999999985,0.0,0.0
ASN  45,30.11,0.0,0.0,-7.376,0.0,0.0,-86.217,0.0,0.0,-3.097,0.0,0.0,0.0,0.0,0.0,-66.58,0.0,0.0
PRO  46,78.666,0.0,0.0,-4.863,0.0,0.0,-60.75,0.0,0.0,-1.445,0.0,0.0,0.0,0.0,0.0,11.607999999999997,0.0,0.0
ASP  47,88.957,0.0,0.0,-5.624,0.0,0.0,-83.036,0.0,0.0,-62.406,0.0,0.0,0.0,0.0,0.0,-62.109,0.0,0.0
CYX  48,103.43,0.0,0.0,-8.782,0.0,0.0,-82.315,0.0,0.0,0.426,0.0,0.0,0.0,0.0,0.0,12.759000000000013,0.0,0.0
LYS  49,136.085,0.0,0.0,-11.335,0.0,0.0,-115.975,0.0,0.0,-19.247,0.0,0.0,0.0,0.0,0.0,-10.471999999999994,0.0,0.0
THR  50,55.993,0.0,0.0,-5.036,0.0,0.0,-65.467,0.0,0.0,-1.151,0.0,0.0,0.0,0.0,0.0,-15.660999999999998,0.0,0.0
ILE  51,77.769,0.0,0.0,-7.158,0.0,0.0,-57.645,0.0,0.0,-0.413,0.0,0.0,0.0,0.0,0.0,12.553,0.0,0.0
LEU  52,77.242,0.0,0.0,-12.05,0.0,0.0,-72.008,0.0,0.0,-3.657,0.0,0.0,0.0,0.0,0.0,-10.472999999999988,0.0,0.0
LYS  53,121.497,0.0,0.0,-7.099,0.0,0.0,-93.194,0.0,0.0,-27.775,0.0,0.0,0.0,0.0,0.0,-6.571000000000005,0.0,0.0
ALA  54,85.696,0.0,0.0,-3.976,0.0,0.0,-74.17,0.0,0.0,-5.181,0.0,0.0,0.0,0.0,0.0,2.368999999999997,0.0,0.0
LEU  55,80.176,0.0,0.0,-6.068,0.0,0.0,-79.784,0.0,0.0,-5.121,0.0,0.0,0.0,0.0,0.0,-10.797000000000002,0.0,0.0
GLY  56,89.405,0.0,0.0,-3.012,0.0,0.0,-74.003,0.0,0.0,-6.09,0.0,0.0,0.0,0.0,0.0,6.300000000000001,0.0,0.0
PRO  57,83.458,0.0,0.0,-3.218,0.0,0.0,-54.067,0.0,0.0,-6.505,0.0,0.0,0.0,0.0,0.0,19.667999999999996,0.0,0.0
GLY  58,65.678,0.0,0.0,-2.06,0.0,0.0,-64.616,0.0,0.0,-2.826,0.0,0.0,0.0,0.0,0.0,-3.8240000000000047,0.0,0.0
ALA  59,100.214,0.0,0.0,-4.675,0.0,0.0,-88.67,0.0,0.0,-1.831,0.0,0.0,0.0,0.0,0.0,5.038,0.0,0.0
THR  60,53.423,0.0,0.0,-5.0,0.0,0.0,-49.37,0.0,0.0,-8.456,0.0,0.0,0.0,0.0,0.0,-9.402999999999995,0.0,0.0
LEU  61,65.459,0.0,0.0,-8.328,0.0,0.0,-67.716,0.0,0.0,-3.934,0.0,0.0,0.0,0.0,0.0,-14.518999999999995,0.0,0.0
GLU  62,100.539,0.0,0.0,-6.084,0.0,0.0,-101.171,0.0,0.0,-58.381,0.0,0.0,0.0,0.0,0.0,-65.09700000000001,0.0,0.0
GLU  63,106.62,0.0,0.0,-7.353,0.0,0.0,-61.357,0.0,0.0,-101.879,0.0,0.0,0.0,0.0,0.0,-63.968999999999994,0.0,0.0
MET  64,94.037,0.0,0.0,-12.571,0.0,0.0,-75.002,0.0,0.0,-2.277,0.0,0.0,0.0,0.0,0.0,4.187000000000013,0.0,0.0
MET  65,105.399,0.0,0.0,-9.462,0.0,0.0,-83.09,0.0,0.0,-3.428,0.0,0.0,0.0,0.0,0.0,9.418999999999993,0.0,0.0
THR  66,36.504,0.0,0.0,-4.155,0.0,0.0,-40.109,0.0,0.0,-5.426,0.0,0.0,0.0,0.0,0.0,-13.186000000000005,0.0,0.0
ALA  67,78.843,0.0,0.0,-5.958,0.0,0.0,-70.739,0.0,0.0,0.777,0.0,0.0,0.0,0.0,0.0,2.923000000000001,0.0,0.0
CYX  68,96.211,0.0,0.0,-8.134,0.0,0.0,-75.316,0.0,0.0,-4.905,0.0,0.0,0.0,0.0,0.0,7.855999999999995,0.0,0.0
GLN  69,38.245,0.0,0.0,-6.72,0.0,0.0,-73.588,0.0,0.0,-8.889,0.0,0.0,0.0,0.0,0.0,-50.952,0.0,0.0
GLY  70,96.36,0.0,0.0,-2.296,0.0,0.0,-79.681,0.0,0.0,-9.611,0.0,0.0,0.0,0.0,0.0,4.771999999999995,0.0,0.0
VAL  71,31.298,0.0,0.0,-4.094,0.0,0.0,-52.848,0.0,0.0,-72.71,0.0,0.0,0.0,0.0,0.0,-98.354,0.0,0.0

DELTAS:
Total Energy Decomposition:
Residue,Location,Internal,,,van der Waals,,,Electrostatic,,,Polar Solvation,,,Non-Polar Solv.,,,TOTAL,,
,,Avg.,Std. Dev.,Std. Err. of Mean,Avg.,Std. Dev.,Std. Err. of Mean,Avg.,Std. Dev.,Std. Err. of Mean,Avg.,Std. Dev.,Std. Err. of Mean,Avg.,Std. Dev.,Std. Err. of Mean
PRO   1,R PRO   1,0.0,0.0,0.0,-0.0009999999999994458,0.0,0.0,-5.513999999999996,0.0,0.0,5.4350000000000005,0.0,0.0,0.0,0.0,0.0,-0.07999999999998586,0.0,0.0
ILE   2,R ILE   2,0.0,0.0,0.0,0.0,0.0,0.0,0.0,0.0,0.0,0.0009999999999998899,0.0,0.0,0.0,0.0,0.0,0.0009999999999994458,0.0,0.0
VAL   3,R VAL   3,0.0,0.0,0.0,0.0,0.0,0.0,0.02300000000000324,0.0,0.0,-0.02300000000000013,0.0,0.0,0.0,0.0,0.0,3.552713678800501e-15,0.0,0.0
GLN   4,R GLN   4,0.0,0.0,0.0,-0.0009999999999994458,0.0,0.0,-0.020000000000003126,0.0,0.0,0.02000000000000135,0.0,0.0,0.0,0.0,0.0,-0.0009999999999976694,0.0,0.0
ASN   5,R ASN   5,0.0,0.0,0.0,0.0,0.0,0.0,0.021000000000000796,0.0,0.0,-0.02099999999999902,0.0,0.0,0.0,0.0,0.0,0.0,0.0,0.0
LEU   6,R LEU   6,0.0,0.0,0.0,0.0,0.0,0.0,0.012000000000000455,0.0,0.0,-0.011999999999999567,0.0,0.0,0.0,0.0,0.0,1.7763568394002505e-15,0.0,0.0
GLN   7,R GLN   7,0.0,0.0,0.0,0.0,0.0,0.0,0.018999999999991246,0.0,0.0,-0.018000000000000682,0.0,0.0,0.0,0.0,0.0,0.000999999999990564,0.0,0.0
GLY   8,R GLY   8,0.0,0.0,0.0,0.0,0.0,0.0,0.03699999999999193,0.0,0.0,-0.036000000000000476,0.0,0.0,0.0,0.0,0.0,0.0009999999999914522,0.0,0.0
GLN   9,R GLN   9,0.0,0.0,0.0,0.0,0.0,0.0,0.03300000000000125,0.0,0.0,-0.03200000000000003,0.0,0.0,0.0,0.0,0.0,0.0010000000000047748,0.0,0.0
MET  10,R MET  10,0.0,0.0,0.0,0.0,0.0,0.0,0.0,0.0,0.0,-0.001000000000000334,0.0,0.0,0.0,0.0,0.0,-0.0009999999999994458,0.0,0.0
VAL  11,R VAL  11,0.0,0.0,0.0,-0.001000000000000334,0.0,0.0,0.018000000000000682,0.0,0.0,-0.017999999999999794,0.0,0.0,0.0,0.0,0.0,-0.0010000000000029985,0.0,0.0
HID  12,R HID  12,0.0,0.0,0.0,0.0,0.0,0.0,0.021999999999998465,0.0,0.0,-0.02200000000000024,0.0,0.0,0.0,0.0,0.0,0.0,0.0,0.0
GLN  13,R GLN  13,0.0,0.0,0.0,-0.001000000000000334,0.0,0.0,0.01099999999999568,0.0,0.0,-0.012000000000000455,0.0,0.0,0.0,0.0,0.0,-0.0020000000000095497,0.0,0.0
ALA  14,R ALA  14,0.0,0.0,0.0,0.0,0.0,0.0,-0.016000000000005343,0.0,0.0,0.016000000000000014,0.0,0.0,0.0,0.0,0.0,-5.329070518200751e-15,0.0,0.0
ILE  15,R ILE  15,0.0,0.0,0.0,-0.0009999999999994458,0.0,0.0,-0.036000000000001364,0.0,0.0,0.036000000000000476,0.0,0.0,0.0,0.0,0.0,-0.0010000000000065512,0.0,0.0
SER  16,R SER  16,0.0,0.0,0.0,0.0,0.0,0.0,0.0009999999999976694,0.0,0.0,-0.0009999999999994458,0.0,0.0,0.0,0.0,0.0,-1.7763568394002505e-15,0.0,0.0
PRO  17,R PRO  17,0.0,0.0,0.0,0.0,0.0,0.0,-0.0009999999999976694,0.0,0.0,0.0,0.0,0.0,0.0,0.0,0.0,-0.0009999999999976694,0.0,0.0
ARG  18,R ARG  18,0.0,0.0,0.0,-0.001000000000000334,0.0,0.0,-4.801000000000002,0.0,0.0,4.738999999999997,0.0,0.0,0.0,0.0,0.0,-0.0630000000000166,0.0,0.0
THR  19,R THR  19,0.0,0.0,0.0,-0.0009999999999994458,0.0,0.0,-0.09799999999999898,0.0,0.0,0.09600000000000009,0.0,0.0,0.0,0.0,0.0,-0.0029999999999930083,0.0,0.0
LEU  20,R LEU  20,0.0,0.0,0.0,-0.0009999999999994458,0.0,0.0,-0.034000000000006025,0.0,0.0,0.03399999999999981,0.0,0.0,0.0,0.0,0.0,-0.0010000000000029985,0.0,0.0
ASN  21,R ASN  21,0.0,0.0,0.0,-0.001000000000000334,0.0,0.0,0.0030000000000001137,0.0,0.0,-0.0030000000000001137,0.0,0.0,0.0,0.0,0.0,-0.0010000000000047748,0.0,0.0
ALA  22,R ALA  22,0.0,0.0,0.0,-0.002000000000000668,0.0,0.0,-0.09200000000001296,0.0,0.0,0.08999999999999986,0.0,0.0,0.0,0.0,0.0,-0.004000000000022652,0.0,0.0
TRP  23,R TRP  23,0.0,0.0,0.0,-0.006000000000000227,0.0,0.0,-0.13900000000001,0.0,0.0,0.137,0.0,0.0,0.0,0.0,0.0,-0.008000000000011553,0.0,0.0
VAL  24,R VAL  24,0.0,0.0,0.0,-0.0019999999999997797,0.0,0.0,-0.030999999999998806,0.0,0.0,0.03100000000000014,0.0,0.0,0.0,0.0,0.0,-0.0019999999999935625,0.0,0.0
LYS  25,R LYS  25,0.0,0.0,0.0,-0.0030000000000001137,0.0,0.0,-4.239000000000004,0.0,0.0,4.195,0.0,0.0,0.0,0.0,0.0,-0.04700000000000415,0.0,0.0
VAL  26,R VAL  26,0.0,0.0,0.0,-0.008000000000000007,0.0,0.0,-0.19400000000000261,0.0,0.0,0.18399999999999994,0.0,0.0,0.0,0.0,0.0,-0.018000000000007788,0.0,0.0
VAL  27,R VAL  27,0.0,0.0,0.0,-0.004999999999999005,0.0,0.0,-0.05100000000000193,0.0,0.0,0.039000000000000146,0.0,0.0,0.0,0.0,0.0,-0.016999999999997684,0.0,0.0
GLU  28,R GLU  28,0.0,0.0,0.0,-0.004000000000000448,0.0,0.0,4.902999999999999,0.0,0.0,-4.8629999999999995,0.0,0.0,0.0,0.0,0.0,0.03599999999998715,0.0,0.0
GLU  29,R GLU  29,0.0,0.0,0.0,-0.011999999999999567,0.0,0.0,3.355000000000004,0.0,0.0,-3.3529999999999944,0.0,0.0,0.0,0.0,0.0,-0.009999999999990905,0.0,0.0
LYS  30,R LYS  30,0.0,0.0,0.0,-0.038000000000000256,0.0,0.0,-0.055999999999997385,0.0,0.0,0.11999999999999922,0.0,0.0,0.0,0.0,0.0,0.02600000000000513,0.0,0.0
ALA  31,R ALA  31,0.0,0.0,0.0,-0.01699999999999946,0.0,0.0,-0.6009999999999991,0.0,0.0,0.5640000000000001,0.0,0.0,0.0,0.0,0.0,-0.05400000000000915,0.0,0.0
PHE  32,R PHE  32,0.0,0.0,0.0,-0.05999999999999872,0.0,0.0,0.30700000000000216,0.0,0.0,-0.36599999999999966,0.0,0.0,0.0,0.0,0.0,-0.11899999999999977,0.0,0.0
SER  33,R SER  33,0.0,0.0,0.0,-0.17999999999999972,0.0,0.0,1.073999999999998,0.0,0.0,-0.9290000000000003,0.0,0.0,0.0,0.0,0.0,-0.03500000000000725,0.0,0.0
PRO  34,R PRO  34,0.0,0.0,0.0,-1.9850000000000003,0.0,0.0,0.8830000000000027,0.0,0.0,-0.621,0.0,0.0,0.0,0.0,0.0,-1.7229999999999954,0.0,0.0
GLU  35,R GLU  35,0.0,0.0,0.0,-0.976,0.0,0.0,-28.09899999999999,0.0,0.0,38.061,0.0,0.0,0.0,0.0,0.0,8.986000000000011,0.0,0.0
VAL  36,R VAL  36,0.0,0.0,0.0,-0.04800000000000004,0.0,0.0,-0.0009999999999976694,0.0,0.0,0.009000000000000008,0.0,0.0,0.0,0.0,0.0,-0.03999999999999915,0.0,0.0
ILE  37,R ILE  37,0.0,0.0,0.0,-0.19599999999999973,0.0,0.0,0.6980000000000004,0.0,0.0,-0.7010000000000001,0.0,0.0,0.0,0.0,0.0,-0.19899999999999451,0.0,0.0
PRO  38,R PRO  38,0.0,0.0,0.0,-0.07800000000000029,0.0,0.0,1.115000000000002,0.0,0.0,-1.0979999999999999,0.0,0.0,0.0,0.0,0.0,-0.06099999999999994,0.0,0.0
MET  39,R MET  39,0.0,0.0,0.0,-0.023000000000001464,0.0,0.0,0.1980000000000075,0.0,0.0,-0.19899999999999984,0.0,0.0,0.0,0.0,0.0,-0.023999999999988475,0.0,0.0
PHE  40,R PHE  40,0.0,0.0,0.0,-0.0129999999999999,0.0,0.0,0.07699999999999818,0.0,0.0,-0.07799999999999996,0.0,0.0,0.0,0.0,0.0,-0.014000000000006452,0.0,0.0
SER  41,R SER  41,0.0,0.0,0.0,-0.008999999999999453,0.0,0.0,0.5180000000000007,0.0,0.0,-0.5109999999999992,0.0,0.0,0.0,0.0,0.0,-0.0019999999999988916,0.0,0.0
ALA  42,R ALA  42,0.0,0.0,0.0,-0.004000000000000448,0.0,0.0,0.28000000000000114,0.0,0.0,-0.2760000000000007,0.0,0.0,0.0,0.0,0.0,-5.329070518200751e-15,0.0,0.0
LEU  43,R LEU  43,0.0,0.0,0.0,-0.0039999999999995595,0.0,0.0,0.09099999999999397,0.0,0.0,-0.09100000000000019,0.0,0.0,0.0,0.0,0.0,-0.003999999999996007,0.0,0.0
SER  44,R SER  44,0.0,0.0,0.0,-0.0019999999999997797,0.0,0.0,0.22799999999999443,0.0,0.0,-0.22799999999999998,0.0,0.0,0.0,0.0,0.0,-0.002000000000000668,0.0,0.0
GLU  45,R GLU  45,0.0,0.0,0.0,-0.0019999999999997797,0.0,0.0,5.599000000000004,0.0,0.0,-5.533000000000001,0.0,0.0,0.0,0.0,0.0,0.06399999999999295,0.0,0.0
GLY  46,R GLY  46,0.0,0.0,0.0,-0.0009999999999998899,0.0,0.0,-0.07000000000000739,0.0,0.0,0.07,0.0,0.0,0.0,0.0,0.0,-0.0010000000000118803,0.0,0.0
ALA  47,R ALA  47,0.0,0.0,0.0,-0.001000000000000334,0.0,0.0,0.09899999999998954,0.0,0.0,-0.09799999999999986,0.0,0.0,0.0,0.0,0.0,-1.509903313490213e-14,0.0,0.0
THR  48,R THR  48,0.0,0.0,0.0,-0.001000000000000334,0.0,0.0,-0.021000000000000796,0.0,0.0,0.021000000000000005,0.0,0.0,0.0,0.0,0.0,-0.0009999999999994458,0.0,0.0
PRO  49,R PRO  49,0.0,0.0,0.0,-0.0010000000000012221,0.0,0.0,-0.036999999999999034,0.0,0.0,0.03700000000000003,0.0,0.0,0.0,0.0,0.0,-0.000999999999990564,0.0,0.0
GLN  50,R GLN  50,0.0,0.0,0.0,0.0,0.0,0.0,-0.0730000000000075,0.0,0.0,0.07099999999999973,0.0,0.0,0.0,0.0,0.0,-0.0020000000000024443,0.0,0.0
ASP  51,R ASP  51,0.0,0.0,0.0,-0.001000000000000334,0.0,0.0,5.632000000000005,0.0,0.0,-5.549999999999997,0.0,0.0,0.0,0.0,0.0,0.08100000000000307,0.0,0.0
LEU  52,R LEU  52,0.0,0.0,0.0,-0.002000000000000668,0.0,0.0,-0.04999999999999716,0.0,0.0,0.052999999999999936,0.0,0.0,0.0,0.0,0.0,0.0010000000000012221,0.0,0.0
ASN  53,R ASN  53,0.0,0.0,0.0,0.0,0.0,0.0,0.14100000000000534,0.0,0.0,-0.1379999999999999,0.0,0.0,0.0,0.0,0.0,0.0030000000000001137,0.0,0.0
THR  54,R THR  54,0.0,0.0,0.0,-0.0010000000000012221,0.0,0.0,-0.015000000000000568,0.0,0.0,0.014000000000000012,0.0,0.0,0.0,0.0,0.0,-0.0019999999999988916,0.0,0.0
MET  55,R MET  55,0.0,0.0,0.0,-0.002000000000000668,0.0,0.0,-0.03100000000000591,0.0,0.0,0.030000000000000002,0.0,0.0,0.0,0.0,0.0,-0.003000000000001446,0.0,0.0
LEU  56,R LEU  56,0.0,0.0,0.0,-0.002000000000000668,0.0,0.0,-0.06400000000000716,0.0,0.0,0.06400000000000006,0.0,0.0,0.0,0.0,0.0,-0.0020000000000095497,0.0,0.0
ASN  57,R ASN  57,0.0,0.0,0.0,-0.001000000000000334,0.0,0.0,0.11400000000000432,0.0,0.0,-0.11400000000000077,0.0,0.0,0.0,0.0,0.0,-0.0010000000000047748,0.0,0.0
THR  58,R THR  58,0.0,0.0,0.0,-0.0009999999999994458,0.0,0.0,-0.07699999999999818,0.0,0.0,0.06800000000000006,0.0,0.0,0.0,0.0,0.0,-0.009999999999994458,0.0,0.0
VAL  59,R VAL  59,0.0,0.0,0.0,-0.0019999999999997797,0.0,0.0,0.04700000000000415,0.0,0.0,-0.044999999999999984,0.0,0.0,0.0,0.0,0.0,1.7763568394002505e-15,0.0,0.0
ALA  60,R ALA  60,0.0,0.0,0.0,-0.0009999999999994458,0.0,0.0,0.1039999999999992,0.0,0.0,-0.10099999999999998,0.0,0.0,0.0,0.0,0.0,0.001999999999995339,0.0,0.0
PRO  61,R PRO  61,0.0,0.0,0.0,-0.0019999999999997797,0.0,0.0,0.05299999999999727,0.0,0.0,-0.05500000000000016,0.0,0.0,0.0,0.0,0.0,-0.003999999999997783,0.0,0.0
HID  62,R HID  62,0.0,0.0,0.0,-0.0039999999999995595,0.0,0.0,0.022999999999996135,0.0,0.0,-0.01499999999999968,0.0,0.0,0.0,0.0,0.0,0.004000000000008441,0.0,0.0
GLN  63,R GLN  63,0.0,0.0,0.0,-0.0019999999999997797,0.0,0.0,0.047999999999994714,0.0,0.0,-0.04399999999999871,0.0,0.0,0.0,0.0,0.0,0.0019999999999882334,0.0,0.0
ALA  64,R ALA  64,0.0,0.0,0.0,-0.0029999999999992255,0.0,0.0,0.2680000000000007,0.0,0.0,-0.262,0.0,0.0,0.0,0.0,0.0,0.0030000000000001137,0.0,0.0
ALA  65,R ALA  65,0.0,0.0,0.0,-0.004999999999999893,0.0,0.0,0.3469999999999942,0.0,0.0,-0.346,0.0,0.0,0.0,0.0,0.0,-0.004000000000015547,0.0,0.0
ALA  66,R ALA  66,0.0,0.0,0.0,-0.002000000000000668,0.0,0.0,0.17600000000000193,0.0,0.0,-0.17100000000000004,0.0,0.0,0.0,0.0,0.0,0.003000000000006775,0.0,0.0
GLN  67,R GLN  67,0.0,0.0,0.0,-0.0030000000000001137,0.0,0.0,0.19199999999999307,0.0,0.0,-0.18700000000000117,0.0,0.0,0.0,0.0,0.0,0.001999999999995339,0.0,0.0
MET  68,R MET  68,0.0,0.0,0.0,-0.015000000000000568,0.0,0.0,0.2920000000000016,0.0,0.0,-0.28900000000000015,0.0,0.0,0.0,0.0,0.0,-0.011999999999999122,0.0,0.0
LEU  69,R LEU  69,0.0,0.0,0.0,-0.009000000000000341,0.0,0.0,0.25199999999999534,0.0,0.0,-0.24799999999999978,0.0,0.0,0.0,0.0,0.0,-0.005000000000004334,0.0,0.0
LYS  70,R LYS  70,0.0,0.0,0.0,-0.0019999999999997797,0.0,0.0,-7.155000000000001,0.0,0.0,7.061999999999999,0.0,0.0,0.0,0.0,0.0,-0.09499999999999709,0.0,0.0
GLU  71,R GLU  71,0.0,0.0,0.0,-0.0030000000000001137,0.0,0.0,9.932999999999993,0.0,0.0,-9.793999999999997,0.0,0.0,0.0,0.0,0.0,0.13599999999999568,0.0,0.0
THR  72,R THR  72,0.0,0.0,0.0,-0.007999999999999119,0.0,0.0,0.3879999999999981,0.0,0.0,-0.3780000000000001,0.0,0.0,0.0,0.0,0.0,0.001999999999995339,0.0,0.0
ILE  73,R ILE  73,0.0,0.0,0.0,-0.0039999999999995595,0.0,0.0,0.13299999999999557,0.0,0.0,-0.129,0.0,0.0,0.0,0.0,0.0,-3.552713678800501e-15,0.0,0.0
ASN  74,R ASN  74,0.0,0.0,0.0,-0.0009999999999994458,0.0,0.0,-0.3329999999999984,0.0,0.0,0.3230000000000004,0.0,0.0,0.0,0.0,0.0,-0.01099999999999568,0.0,0.0
GLU  75,R GLU  75,0.0,0.0,0.0,-0.004000000000000448,0.0,0.0,13.105000000000004,0.0,0.0,-12.88000000000001,0.0,0.0,0.0,0.0,0.0,0.22099999999998943,0.0,0.0
GLU  76,R GLU  76,0.0,0.0,0.0,-0.006000000000000227,0.0,0.0,12.549,0.0,0.0,-12.323999999999998,0.0,0.0,0.0,0.0,0.0,0.2190000000000012,0.0,0.0
ALA  77,R ALA  77,0.0,0.0,0.0,-0.001000000000000334,0.0,0.0,-0.09099999999999397,0.0,0.0,0.08799999999999963,0.0,0.0,0.0,0.0,0.0,-0.0039999999999849045,0.0,0.0
ALA  78,R ALA  78,0.0,0.0,0.0,-0.0009999999999994458,0.0,0.0,-0.17300000000000182,0.0,0.0,0.16800000000000004,0.0,0.0,0.0,0.0,0.0,-0.006000000000006445,0.0,0.0
GLU  79,R GLU  79,0.0,0.0,0.0,-0.0019999999999997797,0.0,0.0,10.482,0.0,0.0,-10.325000000000003,0.0,0.0,0.0,0.0,0.0,0.15500000000000114,0.0,0.0
TRP  80,R TRP  80,0.0,0.0,0.0,-0.002000000000000668,0.0,0.0,0.11599999999999966,0.0,0.0,-0.11399999999999988,0.0,0.0,0.0,0.0,0.0,3.552713678800501e-15,0.0,0.0
ASP  81,R ASP  81,0.0,0.0,0.0,0.0,0.0,0.0,7.765000000000001,0.0,0.0,-7.673000000000002,0.0,0.0,0.0,0.0,0.0,0.09199999999999875,0.0,0.0
ARG  82,R ARG  82,0.0,0.0,0.0,-0.001000000000000334,0.0,0.0,-9.387,0.0,0.0,9.259999999999998,0.0,0.0,0.0,0.0,0.0,-0.12800000000001432,0.0,0.0
LEU  83,R LEU  83,0.0,0.0,0.0,-0.001000000000000334,0.0,0.0,-0.06800000000001205,0.0,0.0,0.06600000000000006,0.0,0.0,0.0,0.0,0.0,-0.0030000000000178773,0.0,0.0
HID  84,R HID  84,0.0,0.0,0.0,0.0,0.0,0.0,0.15000000000000568,0.0,0.0,-0.14700000000000024,0.0,0.0,0.0,0.0,0.0,0.0030000000000036664,0.0,0.0
PRO  85,R PRO  85,0.0,0.0,0.0,0.0,0.0,0.0,0.06199999999999761,0.0,0.0,-0.05999999999999961,0.0,0.0,0.0,0.0,0.0,0.0019999999999988916,0.0,0.0
VAL  86,R VAL  86,0.0,0.0,0.0,0.0,0.0,0.0,0.012000000000000455,0.0,0.0,-0.009000000000000341,0.0,0.0,0.0,0.0,0.0,0.0030000000000001137,0.0,0.0
HID  87,R HID  87,0.0,0.0,0.0,0.0,0.0,0.0,-0.10900000000000176,0.0,0.0,0.10299999999999976,0.0,0.0,0.0,0.0,0.0,-0.006000000000000227,0.0,0.0
ALA  88,R ALA  88,0.0,0.0,0.0,0.0,0.0,0.0,0.04800000000000182,0.0,0.0,-0.045999999999999375,0.0,0.0,0.0,0.0,0.0,0.0020000000000024443,0.0,0.0
GLY  89,R GLY  89,0.0,0.0,0.0,0.0,0.0,0.0,0.0589999999999975,0.0,0.0,-0.05900000000000105,0.0,0.0,0.0,0.0,0.0,-3.552713678800501e-15,0.0,0.0
PRO  90,R PRO  90,0.0,0.0,0.0,-0.001000000000000334,0.0,0.0,0.08500000000000085,0.0,0.0,-0.08300000000000018,0.0,0.0,0.0,0.0,0.0,0.0009999999999976694,0.0,0.0
ILE  91,R ILE  91,0.0,0.0,0.0,0.0,0.0,0.0,-0.06799999999999784,0.0,0.0,0.06599999999999984,0.0,0.0,0.0,0.0,0.0,-0.0019999999999988916,0.0,0.0
ALA  92,R ALA  92,0.0,0.0,0.0,0.0,0.0,0.0,0.03300000000000125,0.0,0.0,-0.032999999999999474,0.0,0.0,0.0,0.0,0.0,3.552713678800501e-15,0.0,0.0
PRO  93,R PRO  93,0.0,0.0,0.0,0.0,0.0,0.0,0.06700000000000017,0.0,0.0,-0.06500000000000039,0.0,0.0,0.0,0.0,0.0,0.0020000000000024443,0.0,0.0
GLY  94,R GLY  94,0.0,0.0,0.0,0.0,0.0,0.0,0.030000000000001137,0.0,0.0,-0.030999999999999694,0.0,0.0,0.0,0.0,0.0,-0.0009999999999985576,0.0,0.0
GLN  95,R GLN  95,0.0,0.0,0.0,0.0,0.0,0.0,-0.18500000000000227,0.0,0.0,0.17800000000000082,0.0,0.0,0.0,0.0,0.0,-0.006999999999997897,0.0,0.0
MET  96,R MET  96,0.0,0.0,0.0,0.0,0.0,0.0,0.0049999999999954525,0.0,0.0,-0.004000000000000448,0.0,0.0,0.0,0.0,0.0,0.0009999999999941167,0.0,0.0
ARG  97,R ARG  97,0.0,0.0,0.0,0.0,0.0,0.0,-6.239000000000001,0.0,0.0,6.167999999999999,0.0,0.0,0.0,0.0,0.0,-0.07099999999999795,0.0,0.0
GLU  98,R GLU  98,0.0,0.0,0.0,0.0,0.0,0.0,6.613999999999997,0.0,0.0,-6.52300000000001,0.0,0.0,0.0,0.0,0.0,0.09099999999998687,0.0,0.0
PRO  99,R PRO  99,0.0,0.0,0.0,-0.0010000000000012221,0.0,0.0,0.07200000000000273,0.0,0.0,-0.07000000000000006,0.0,0.0,0.0,0.0,0.0,0.0009999999999976694,0.0,0.0
ARG 100,R ARG 100,0.0,0.0,0.0,-0.0009999999999994458,0.0,0.0,-7.303,0.0,0.0,7.217999999999996,0.0,0.0,0.0,0.0,0.0,-0.08600000000001273,0.0,0.0
GLY 101,R GLY 101,0.0,0.0,0.0,0.0,0.0,0.0,-0.036000000000001364,0.0,0.0,0.03600000000000003,0.0,0.0,0.0,0.0,0.0,-1.7763568394002505e-15,0.0,0.0
SER 102,R SER 102,0.0,0.0,0.0,0.0,0.0,0.0,-0.012000000000000455,0.0,0.0,0.0129999999999999,0.0,0.0,0.0,0.0,0.0,0.0009999999999994458,0.0,0.0
ASP 103,R ASP 103,0.0,0.0,0.0,0.0,0.0,0.0,6.546999999999997,0.0,0.0,-6.469000000000001,0.0,0.0,0.0,0.0,0.0,0.07799999999999585,0.0,0.0
ILE 104,R ILE 104,0.0,0.0,0.0,-0.0009999999999994458,0.0,0.0,-0.13000000000000256,0.0,0.0,0.1280000000000001,0.0,0.0,0.0,0.0,0.0,-0.0030000000000001137,0.0,0.0
ALA 105,R ALA 105,0.0,0.0,0.0,0.0,0.0,0.0,-0.07200000000000273,0.0,0.0,0.07000000000000006,0.0,0.0,0.0,0.0,0.0,-0.0020000000000024443,0.0,0.0
GLY 106,R GLY 106,0.0,0.0,0.0,0.0,0.0,0.0,-0.09099999999999397,0.0,0.0,0.08900000000000041,0.0,0.0,0.0,0.0,0.0,-0.0019999999999935625,0.0,0.0
THR 107,R THR 107,0.0,0.0,0.0,0.0,0.0,0.0,-0.04200000000000159,0.0,0.0,0.03999999999999915,0.0,0.0,0.0,0.0,0.0,-0.0020000000000024443,0.0,0.0
THR 108,R THR 108,0.0,0.0,0.0,0.0,0.0,0.0,0.001999999999995339,0.0,0.0,-0.0019999999999997797,0.0,0.0,0.0,0.0,0.0,-7.105427357601002e-15,0.0,0.0
SER 109,R SER 109,0.0,0.0,0.0,0.0,0.0,0.0,0.0030000000000001137,0.0,0.0,-0.0030000000000000027,0.0,0.0,0.0,0.0,0.0,8.881784197001252e-16,0.0,0.0
THR 110,R THR 110,0.0,0.0,0.0,0.0,0.0,0.0,0.06900000000000261,0.0,0.0,-0.06699999999999973,0.0,0.0,0.0,0.0,0.0,0.0020000000000024443,0.0,0.0
LEU 111,R LEU 111,0.0,0.0,0.0,0.0,0.0,0.0,0.07099999999999795,0.0,0.0,-0.07000000000000028,0.0,0.0,0.0,0.0,0.0,0.0009999999999976694,0.0,0.0
GLN 112,R GLN 112,0.0,0.0,0.0,0.0,0.0,0.0,0.10600000000000875,0.0,0.0,-0.10500000000000043,0.0,0.0,0.0,0.0,0.0,0.0010000000000118803,0.0,0.0
GLU 113,R GLU 113,0.0,0.0,0.0,0.0,0.0,0.0,5.984000000000009,0.0,0.0,-5.917999999999999,0.0,0.0,0.0,0.0,0.0,0.0660000000000096,0.0,0.0
GLN 114,R GLN 114,0.0,0.0,0.0,0.0,0.0,0.0,0.08100000000000307,0.0,0.0,-0.07799999999999996,0.0,0.0,0.0,0.0,0.0,0.003000000000007219,0.0,0.0
ILE 115,R ILE 115,0.0,0.0,0.0,0.0,0.0,0.0,0.07500000000000284,0.0,0.0,-0.07300000000000018,0.0,0.0,0.0,0.0,0.0,0.0020000000000024443,0.0,0.0
GLY 116,R GLY 116,0.0,0.0,0.0,0.0,0.0,0.0,0.018000000000000682,0.0,0.0,-0.016,0.0,0.0,0.0,0.0,0.0,0.002000000000000668,0.0,0.0
TRP 117,R TRP 117,0.0,0.0,0.0,0.0,0.0,0.0,0.03300000000000125,0.0,0.0,-0.032,0.0,0.0,0.0,0.0,0.0,0.0010000000000012221,0.0,0.0
MET 118,R MET 118,0.0,0.0,0.0,0.0,0.0,0.0,0.028999999999996362,0.0,0.0,-0.02900000000000036,0.0,0.0,0.0,0.0,0.0,-3.9968028886505635e-15,0.0,0.0
THR 119,R THR 119,0.0,0.0,0.0,0.0,0.0,0.0,-0.021000000000000796,0.0,0.0,0.020000000000000018,0.0,0.0,0.0,0.0,0.0,-0.0010000000000012221,0.0,0.0
HID 120,R HID 120,0.0,0.0,0.0,0.0,0.0,0.0,0.06799999999999784,0.0,0.0,-0.06700000000000017,0.0,0.0,0.0,0.0,0.0,0.0009999999999976694,0.0,0.0
ASN 121,R ASN 121,0.0,0.0,0.0,0.0,0.0,0.0,0.02200000000000557,0.0,0.0,-0.019999999999999574,0.0,0.0,0.0,0.0,0.0,0.0020000000000095497,0.0,0.0
PRO 122,R PRO 122,0.0,0.0,0.0,0.0,0.0,0.0,-0.06199999999999761,0.0,0.0,0.06099999999999994,0.0,0.0,0.0,0.0,0.0,-0.0009999999999976694,0.0,0.0
PRO 123,R PRO 123,0.0,0.0,0.0,-0.0009999999999994458,0.0,0.0,0.15200000000000102,0.0,0.0,-0.1459999999999999,0.0,0.0,0.0,0.0,0.0,0.005000000000013216,0.0,0.0
ILE 124,R ILE 124,0.0,0.0,0.0,0.0,0.0,0.0,-0.125,0.0,0.0,0.12100000000000001,0.0,0.0,0.0,0.0,0.0,-0.004000000000001336,0.0,0.0
PRO 125,R PRO 125,0.0,0.0,0.0,-0.001000000000000334,0.0,0.0,0.09399999999999409,0.0,0.0,-0.09200000000000008,0.0,0.0,0.0,0.0,0.0,0.0009999999999870113,0.0,0.0
VAL 126,R VAL 126,0.0,0.0,0.0,-0.0010000000000012221,0.0,0.0,0.14999999999999858,0.0,0.0,-0.14700000000000002,0.0,0.0,0.0,0.0,0.0,0.002000000000000668,0.0,0.0
GLY 127,R GLY 127,0.0,0.0,0.0,0.0,0.0,0.0,0.12199999999999989,0.0,0.0,-0.11800000000000002,0.0,0.0,0.0,0.0,0.0,0.004000000000000448,0.0,0.0
GLU 128,R GLU 128,0.0,0.0,0.0,-0.004000000000000448,0.0,0.0,7.117999999999995,0.0,0.0,-7.027000000000001,0.0,0.0,0.0,0.0,0.0,0.08699999999998909,0.0,0.0
ILE 129,R ILE 129,0.0,0.0,0.0,-0.0030000000000001137,0.0,0.0,0.20400000000000773,0.0,0.0,-0.19899999999999998,0.0,0.0,0.0,0.0,0.0,0.002000000000006885,0.0,0.0
TYR 130,R TYR 130,0.0,0.0,0.0,-0.0030000000000001137,0.0,0.0,0.2540000000000049,0.0,0.0,-0.245,0.0,0.0,0.0,0.0,0.0,0.0060000000000055564,0.0,0.0
LYS 131,R LYS 131,0.0,0.0,0.0,-0.007999999999999119,0.0,0.0,-6.456000000000017,0.0,0.0,6.378999999999998,0.0,0.0,0.0,0.0,0.0,-0.08500000000002927,0.0,0.0
ARG 132,R ARG 132,0.0,0.0,0.0,-0.0519999999999996,0.0,0.0,-13.529999999999998,0.0,0.0,13.326,0.0,0.0,0.0,0.0,0.0,-0.2559999999999718,0.0,0.0
TRP 133,R TRP 133,0.0,0.0,0.0,-0.011000000000002785,0.0,0.0,0.2890000000000015,0.0,0.0,-0.277,0.0,0.0,0.0,0.0,0.0,0.0010000000000065512,0.0,0.0
ILE 134,R ILE 134,0.0,0.0,0.0,-0.012000000000000455,0.0,0.0,0.26500000000000057,0.0,0.0,-0.252,0.0,0.0,0.0,0.0,0.0,0.0010000000000012221,0.0,0.0
ILE 135,R ILE 135,0.0,0.0,0.0,-0.09199999999999875,0.0,0.0,0.27000000000001023,0.0,0.0,-0.223,0.0,0.0,0.0,0.0,0.0,-0.04499999999998927,0.0,0.0
LEU 136,R LEU 136,0.0,0.0,0.0,-0.09100000000000108,0.0,0.0,0.5619999999999976,0.0,0.0,-0.5329999999999999,0.0,0.0,0.0,0.0,0.0,-0.06200000000000294,0.0,0.0
GLY 137,R GLY 137,0.0,0.0,0.0,-0.021999999999999353,0.0,0.0,0.36700000000000443,0.0,0.0,-0.369,0.0,0.0,0.0,0.0,0.0,-0.0239999999999867,0.0,0.0
LEU 138,R LEU 138,0.0,0.0,0.0,-0.08699999999999974,0.0,0.0,-0.18199999999998795,0.0,0.0,0.114,0.0,0.0,0.0,0.0,0.0,-0.15499999999998337,0.0,0.0
ASN 139,R ASN 139,0.0,0.0,0.0,-1.17,0.0,0.0,-1.4839999999999947,0.0,0.0,2.375,0.0,0.0,0.0,0.0,0.0,-0.27899999999999636,0.0,0.0
LYS 140,R LYS 140,0.0,0.0,0.0,-0.13400000000000034,0.0,0.0,-14.236000000000018,0.0,0.0,13.943999999999999,0.0,0.0,0.0,0.0,0.0,-0.4260000000000197,0.0,0.0
ILE 141,R ILE 141,0.0,0.0,0.0,-0.0649999999999995,0.0,0.0,0.27600000000001046,0.0,0.0,-0.288,0.0,0.0,0.0,0.0,0.0,-0.07699999999998752,0.0,0.0
VAL 142,R VAL 142,0.0,0.0,0.0,-0.9580000000000002,0.0,0.0,-0.44299999999999784,0.0,0.0,0.6900000000000001,0.0,0.0,0.0,0.0,0.0,-0.711000000000003,0.0,0.0
ARG 143,R ARG 143,0.0,0.0,0.0,0.7250000000000014,0.0,0.0,-57.024,0.0,0.0,49.107,0.0,0.0,0.0,0.0,0.0,-7.192000000000007,0.0,0.0
MET 144,R MET 144,0.0,0.0,0.0,-0.04499999999999993,0.0,0.0,-0.10500000000000398,0.0,0.0,0.11499999999999932,0.0,0.0,0.0,0.0,0.0,-0.03500000000000636,0.0,0.0
TYR 145,R TYR 145,0.0,0.0,0.0,-0.08300000000000018,0.0,0.0,-0.11400000000000432,0.0,0.0,0.16800000000000104,0.0,0.0,0.0,0.0,0.0,-0.02900000000000169,0.0,0.0
SER 146,R SER 146,0.0,0.0,0.0,-0.30799999999999983,0.0,0.0,-0.17499999999999716,0.0,0.0,0.16199999999999992,0.0,0.0,0.0,0.0,0.0,-0.32099999999999085,0.0,0.0
PRO 147,R PRO 147,0.0,0.0,0.0,-0.22599999999999998,0.0,0.0,2.6199999999999974,0.0,0.0,-2.5280000000000005,0.0,0.0,0.0,0.0,0.0,-0.1340000000000039,0.0,0.0
THR 148,R THR 148,0.0,0.0,0.0,-2.375,0.0,0.0,-3.5889999999999986,0.0,0.0,6.19,0.0,0.0,0.0,0.0,0.0,0.22600000000000264,0.0,0.0
SER 149,R SER 149,0.0,0.0,0.0,-3.47,0.0,0.0,-17.550999999999995,0.0,0.0,17.677,0.0,0.0,0.0,0.0,0.0,-3.344,0.0,0.0
ILE 150,R ILE 150,18.929000000000002,0.0,0.0,-10.921999999999999,0.0,0.0,-30.459000000000003,0.0,0.0,9.032,0.0,0.0,0.0,0.0,0.0,-13.42,0.0,0.0
LEU 151,L LEU   1,20.186,0.0,0.0,-2.242,0.0,0.0,-24.666000000000004,0.0,0.0,1.133,0.0,0.0,0.0,0.0,0.0,-5.589,0.0,0.0
ASP 152,L ASP   2,0.0,0.0,0.0,-2.498,0.0,0.0,-9.664000000000001,0.0,0.0,11.022999999999996,0.0,0.0,0.0,0.0,0.0,-1.13900000000001,0.0,0.0
ILE 153,L ILE   3,0.0,0.0,0.0,-2.423,0.0,0.0,-0.12899999999999068,0.0,0.0,0.44799999999999995,0.0,0.0,0.0,0.0,0.0,-2.103999999999992,0.0,0.0
ARG 154,L ARG   4,0.0,0.0,0.0,-0.13900000000000023,0.0,0.0,-7.3729999999999976,0.0,0.0,7.345,0.0,0.0,0.0,0.0,0.0,-0.16700000000003,0.0,0.0
GLN 155,L GLN   5,0.0,0.0,0.0,-0.019000000000000128,0.0,0.0,-0.010000000000005116,0.0,0.0,0.02200000000000002,0.0,0.0,0.0,0.0,0.0,-0.007000000000005002,0.0,0.0
GLY 156,L GLY   6,0.0,0.0,0.0,-0.0050000000000001155,0.0,0.0,-0.043000000000006366,0.0,0.0,0.04499999999999993,0.0,0.0,0.0,0.0,0.0,-0.0030000000000143245,0.0,0.0
PRO 157,L PRO   7,0.0,0.0,0.0,-0.004999999999999893,0.0,0.0,-0.060000000000002274,0.0,0.0,0.05600000000000005,0.0,0.0,0.0,0.0,0.0,-0.008999999999996788,0.0,0.0
LYS 158,L LYS   8,0.0,0.0,0.0,-0.0030000000000001137,0.0,0.0,-6.489000000000004,0.0,0.0,6.52,0.0,0.0,0.0,0.0,0.0,0.02799999999999514,0.0,0.0
GLU 159,L GLU   9,0.0,0.0,0.0,-0.015000000000000568,0.0,0.0,8.108000000000004,0.0,0.0,-8.172,0.0,0.0,0.0,0.0,0.0,-0.07899999999998641,0.0,0.0
PRO 160,L PRO  10,0.0,0.0,0.0,-0.004999999999999893,0.0,0.0,0.12899999999999778,0.0,0.0,-0.131,0.0,0.0,0.0,0.0,0.0,-0.006999999999997897,0.0,0.0
PHE 161,L PHE  11,0.0,0.0,0.0,-0.009999999999999787,0.0,0.0,0.14099999999999113,0.0,0.0,-0.14300000000000002,0.0,0.0,0.0,0.0,0.0,-0.011999999999998678,0.0,0.0
ARG 162,L ARG  12,0.0,0.0,0.0,-0.010999999999999233,0.0,0.0,-7.582,0.0,0.0,7.596,0.0,0.0,0.0,0.0,0.0,0.0030000000000143245,0.0,0.0
ASP 163,L ASP  13,0.0,0.0,0.0,-0.016000000000000014,0.0,0.0,8.438000000000002,0.0,0.0,-8.462999999999994,0.0,0.0,0.0,0.0,0.0,-0.04099999999999682,0.0,0.0
TYR 164,L TYR  14,0.0,0.0,0.0,-0.08399999999999963,0.0,0.0,0.19700000000000273,0.0,0.0,-0.22999999999999998,0.0,0.0,0.0,0.0,0.0,-0.11700000000000088,0.0,0.0
VAL 165,L VAL  15,0.0,0.0,0.0,-0.04600000000000115,0.0,0.0,0.1700000000000017,0.0,0.0,-0.21399999999999997,0.0,0.0,0.0,0.0,0.0,-0.09000000000000696,0.0,0.0
ASP 166,L ASP  16,0.0,0.0,0.0,-0.05400000000000027,0.0,0.0,9.890999999999991,0.0,0.0,-9.912999999999997,0.0,0.0,0.0,0.0,0.0,-0.07600000000000762,0.0,0.0
ARG 167,L ARG  17,0.0,0.0,0.0,-0.27999999999999936,0.0,0.0,-8.619,0.0,0.0,8.61,0.0,0.0,0.0,0.0,0.0,-0.28899999999998727,0.0,0.0
PHE 168,L PHE  18,0.0,0.0,0.0,-1.7590000000000003,0.0,0.0,-0.9420000000000073,0.0,0.0,0.709,0.0,0.0,0.0,0.0,0.0,-1.9920000000000075,0.0,0.0
TYR 169,L TYR  19,0.0,0.0,0.0,-0.22100000000000009,0.0,0.0,0.4309999999999974,0.0,0.0,-0.49,0.0,0.0,0.0,0.0,0.0,-0.28000000000000647,0.0,0.0
LYS 170,L LYS  20,0.0,0.0,0.0,-0.5700000000000003,0.0,0.0,-11.107,0.0,0.0,11.475999999999999,0.0,0.0,0.0,0.0,0.0,-0.2009999999999934,0.0,0.0
THR 171,L THR  21,0.0,0.0,0.0,-2.6919999999999993,0.0,0.0,-1.6060000000000016,0.0,0.0,2.055,0.0,0.0,0.0,0.0,0.0,-2.243000000000002,0.0,0.0
LEU 172,L LEU  22,0.0,0.0,0.0,-1.2830000000000013,0.0,0.0,-1.0080000000000027,0.0,0.0,0.867,0.0,0.0,0.0,0.0,0.0,-1.4240000000000048,0.0,0.0
ARG 173,L ARG  23,0.0,0.0,0.0,-2.534,0.0,0.0,-34.096,0.0,0.0,31.296,0.0,0.0,0.0,0.0,0.0,-5.333999999999975,0.0,0.0
ALA 174,L ALA  24,0.0,0.0,0.0,-0.347,0.0,0.0,-2.727000000000004,0.0,0.0,2.5090000000000003,0.0,0.0,0.0,0.0,0.0,-0.5649999999999977,0.0,0.0
GLU 175,L GLU  25,0.0,0.0,0.0,-1.9309999999999992,0.0,0.0,-29.443999999999996,0.0,0.0,33.46300000000001,0.0,0.0,0.0,0.0,0.0,2.088000000000015,0.0,0.0
GLN 176,L GLN  26,0.0,0.0,0.0,-1.4290000000000003,0.0,0.0,-4.305999999999997,0.0,0.0,4.463000000000001,0.0,0.0,0.0,0.0,0.0,-1.2719999999999985,0.0,0.0
ALA 177,L ALA  27,0.0,0.0,0.0,-0.10500000000000043,0.0,0.0,0.7279999999999944,0.0,0.0,-0.6529999999999996,0.0,0.0,0.0,0.0,0.0,-0.03000000000000913,0.0,0.0
SER 178,L SER  28,0.0,0.0,0.0,-0.030999999999999694,0.0,0.0,-0.3760000000000048,0.0,0.0,0.3540000000000001,0.0,0.0,0.0,0.0,0.0,-0.05299999999999638,0.0,0.0
GLN 179,L GLN  29,0.0,0.0,0.0,-0.03200000000000003,0.0,0.0,-0.4369999999999976,0.0,0.0,0.43900000000000006,0.0,0.0,0.0,0.0,0.0,-0.02999999999999403,0.0,0.0
GLU 180,L GLU  30,0.0,0.0,0.0,-0.0129999999999999,0.0,0.0,9.028999999999996,0.0,0.0,-8.938999999999993,0.0,0.0,0.0,0.0,0.0,0.07699999999999818,0.0,0.0
VAL 181,L VAL  31,0.0,0.0,0.0,-0.06599999999999984,0.0,0.0,-0.08899999999999864,0.0,0.0,0.08299999999999996,0.0,0.0,0.0,0.0,0.0,-0.07200000000000184,0.0,0.0
LYS 182,L LYS  32,0.0,0.0,0.0,-0.07099999999999973,0.0,0.0,-11.685000000000002,0.0,0.0,11.614,0.0,0.0,0.0,0.0,0.0,-0.14199999999999946,0.0,0.0
ASN 183,L ASN  33,0.0,0.0,0.0,-0.0129999999999999,0.0,0.0,-0.02200000000000557,0.0,0.0,0.0129999999999999,0.0,0.0,0.0,0.0,0.0,-0.02200000000001978,0.0,0.0
TRP 184,L TRP  34,0.0,0.0,0.0,-0.05600000000000094,0.0,0.0,-0.0010000000000047748,0.0,0.0,0.0030000000000001137,0.0,0.0,0.0,0.0,0.0,-0.05400000000001626,0.0,0.0
MET 185,L MET  35,0.0,0.0,0.0,-0.8439999999999994,0.0,0.0,-0.10999999999999943,0.0,0.0,0.21900000000000003,0.0,0.0,0.0,0.0,0.0,-0.7349999999999932,0.0,0.0
THR 186,L THR  36,0.0,0.0,0.0,-0.028999999999999915,0.0,0.0,0.030999999999998806,0.0,0.0,-0.02499999999999991,0.0,0.0,0.0,0.0,0.0,-0.02300000000000324,0.0,0.0
GLU 187,L GLU  37,0.0,0.0,0.0,-0.009000000000000341,0.0,0.0,7.427999999999997,0.0,0.0,-7.406000000000006,0.0,0.0,0.0,0.0,0.0,0.012999999999991019,0.0,0.0
THR 188,L THR  38,0.0,0.0,0.0,-0.019999999999999574,0.0,0.0,-0.02200000000000557,0.0,0.0,0.018000000000000016,0.0,0.0,0.0,0.0,0.0,-0.02400000000000979,0.0,0.0
LEU 189,L LEU  39,0.0,0.0,0.0,-0.9459999999999997,0.0,0.0,0.08399999999998897,0.0,0.0,-0.11499999999999999,0.0,0.0,0.0,0.0,0.0,-0.9770000000000163,0.0,0.0
LEU 190,L LEU  40,0.0,0.0,0.0,-0.06400000000000006,0.0,0.0,0.020999999999986585,0.0,0.0,-0.0030000000000000027,0.0,0.0,0.0,0.0,0.0,-0.046000000000004704,0.0,0.0
VAL 191,L VAL  41,0.0,0.0,0.0,-0.012000000000000455,0.0,0.0,0.0049999999999954525,0.0,0.0,-0.006000000000000005,0.0,0.0,0.0,0.0,0.0,-0.013000000000003453,0.0,0.0
GLN 192,L GLN  42,0.0,0.0,0.0,-0.019000000000000128,0.0,0.0,-0.1419999999999959,0.0,0.0,0.09599999999999986,0.0,0.0,0.0,0.0,0.0,-0.06499999999999773,0.0,0.0
ASN 193,L ASN  43,0.0,0.0,0.0,-0.20700000000000074,0.0,0.0,-0.7650000000000006,0.0,0.0,0.23199999999999998,0.0,0.0,0.0,0.0,0.0,-0.7400000000000091,0.0,0.0
ALA 194,L ALA  44,0.0,0.0,0.0,-0.009000000000000341,0.0,0.0,0.003999999999990678,0.0,0.0,-0.0009999999999998899,0.0,0.0,0.0,0.0,0.0,-0.005999999999995342,0.0,0.0
ASN 195,L ASN  45,0.0,0.0,0.0,-0.004999999999999893,0.0,0.0,0.012000000000000455,0.0,0.0,-0.0009999999999998899,0.0,0.0,0.0,0.0,0.0,0.006000000000000227,0.0,0.0
PRO 196,L PRO  46,0.0,0.0,0.0,-0.0019999999999997797,0.0,0.0,0.0020000000000024443,0.0,0.0,0.0030000000000001137,0.0,0.0,0.0,0.0,0.0,0.003000000000007219,0.0,0.0
ASP 197,L ASP  47,0.0,0.0,0.0,-0.002000000000000668,0.0,0.0,6.405000000000001,0.0,0.0,-6.443000000000005,0.0,0.0,0.0,0.0,0.0,-0.04000000000001336,0.0,0.0
CYX 198,L CYX  48,0.0,0.0,0.0,-0.002000000000000668,0.0,0.0,-0.031999999999996476,0.0,0.0,0.040000000000000036,0.0,0.0,0.0,0.0,0.0,0.005999999999993122,0.0,0.0
LYS 199,L LYS  49,0.0,0.0,0.0,-0.004999999999999005,0.0,0.0,-7.056000000000012,0.0,0.0,7.055,0.0,0.0,0.0,0.0,0.0,-0.006000000000007333,0.0,0.0
THR 200,L THR  50,0.0,0.0,0.0,-0.001000000000000334,0.0,0.0,-0.0049999999999954525,0.0,0.0,0.01200000000000001,0.0,0.0,0.0,0.0,0.0,0.006000000000007333,0.0,0.0
ILE 201,L ILE  51,0.0,0.0,0.0,-0.0009999999999994458,0.0,0.0,-0.016999999999995907,0.0,0.0,0.021999999999999964,0.0,0.0,0.0,0.0,0.0,0.0039999999999995595,0.0,0.0
LEU 202,L LEU  52,0.0,0.0,0.0,-0.0019999999999988916,0.0,0.0,-0.04000000000000625,0.0,0.0,0.04499999999999993,0.0,0.0,0.0,0.0,0.0,0.0029999999999841265,0.0,0.0
LYS 203,L LYS  53,0.0,0.0,0.0,-0.0030000000000001137,0.0,0.0,-6.771000000000001,0.0,0.0,6.75,0.0,0.0,0.0,0.0,0.0,-0.02400000000000091,0.0,0.0
ALA 204,L ALA  54,0.0,0.0,0.0,-0.0009999999999998899,0.0,0.0,-0.009000000000000341,0.0,0.0,0.01100000000000012,0.0,0.0,0.0,0.0,0.0,0.0009999999999950049,0.0,0.0
LEU 205,L LEU  55,0.0,0.0,0.0,-0.001000000000000334,0.0,0.0,-0.0309999999999917,0.0,0.0,0.031000000000000583,0.0,0.0,0.0,0.0,0.0,-0.000999999999995893,0.0,0.0
GLY 206,L GLY  56,0.0,0.0,0.0,0.0,0.0,0.0,0.0049999999999954525,0.0,0.0,-0.007000000000000561,0.0,0.0,0.0,0.0,0.0,-0.002000000000005109,0.0,0.0
PRO 207,L PRO  57,0.0,0.0,0.0,-0.002000000000000224,0.0,0.0,-0.0899999999999963,0.0,0.0,0.09199999999999964,0.0,0.0,0.0,0.0,0.0,7.105427357601002e-15,0.0,0.0
GLY 208,L GLY  58,0.0,0.0,0.0,-0.0009999999999998899,0.0,0.0,-0.018000000000000682,0.0,0.0,0.016999999999999904,0.0,0.0,0.0,0.0,0.0,-0.0019999999999984475,0.0,0.0
ALA 209,L ALA  59,0.0,0.0,0.0,-0.001000000000000334,0.0,0.0,0.10600000000000875,0.0,0.0,-0.11099999999999999,0.0,0.0,0.0,0.0,0.0,-0.005999999999996675,0.0,0.0
THR 210,L THR  60,0.0,0.0,0.0,-0.001000000000000334,0.0,0.0,-0.054000000000002046,0.0,0.0,0.05799999999999983,0.0,0.0,0.0,0.0,0.0,0.0030000000000001137,0.0,0.0
LEU 211,L LEU  61,0.0,0.0,0.0,-0.0070000000000014495,0.0,0.0,-0.09799999999999898,0.0,0.0,0.10000000000000009,0.0,0.0,0.0,0.0,0.0,-0.0049999999999954525,0.0,0.0
GLU 212,L GLU  62,0.0,0.0,0.0,-0.0030000000000001137,0.0,0.0,7.451000000000008,0.0,0.0,-7.474000000000004,0.0,0.0,0.0,0.0,0.0,-0.02599999999999625,0.0,0.0
GLU 213,L GLU  63,0.0,0.0,0.0,-0.001000000000000334,0.0,0.0,6.234999999999999,0.0,0.0,-6.242999999999995,0.0,0.0,0.0,0.0,0.0,-0.009000000000000341,0.0,0.0
MET 214,L MET  64,0.0,0.0,0.0,-0.0039999999999995595,0.0,0.0,-0.11599999999999966,0.0,0.0,0.11800000000000033,0.0,0.0,0.0,0.0,0.0,-0.0020000000000042206,0.0,0.0
MET 215,L MET  65,0.0,0.0,0.0,-0.0039999999999995595,0.0,0.0,-0.06999999999999318,0.0,0.0,0.06899999999999995,0.0,0.0,0.0,0.0,0.0,-0.004999999999983018,0.0,0.0
THR 216,L THR  66,0.0,0.0,0.0,-0.0009999999999994458,0.0,0.0,-0.07000000000000028,0.0,0.0,0.06899999999999995,0.0,0.0,0.0,0.0,0.0,-0.001999999999997115,0.0,0.0
ALA 217,L ALA  67,0.0,0.0,0.0,-0.0009999999999994458,0.0,0.0,-0.0519999999999925,0.0,0.0,0.051999999999999935,0.0,0.0,0.0,0.0,0.0,-0.0009999999999976694,0.0,0.0
CYX 218,L CYX  68,0.0,0.0,0.0,-0.0019999999999988916,0.0,0.0,-0.054000000000002046,0.0,0.0,0.05200000000000049,0.0,0.0,0.0,0.0,0.0,-0.003999999999996895,0.0,0.0
GLN 219,L GLN  69,0.0,0.0,0.0,-0.001000000000000334,0.0,0.0,0.03699999999999193,0.0,0.0,-0.040000000000000924,0.0,0.0,0.0,0.0,0.0,-0.0040000000000048885,0.0,0.0
GLY 220,L GLY  70,0.0,0.0,0.0,0.0,0.0,0.0,0.02599999999999625,0.0,0.0,-0.03399999999999892,0.0,0.0,0.0,0.0,0.0,-0.008000000000002672,0.0,0.0
VAL 221,L VAL  71,0.0,0.0,0.0,-0.0009999999999994458,0.0,0.0,6.344999999999999,0.0,0.0,-6.382000000000005,0.0,0.0,0.0,0.0,0.0,-0.0379999999999967,0.0,0.0

